# OpenUI mechanical full assembly port
# source: examples/form-generator/README.md
# sha256: ee6c1ab0ec3480c811c528d6bf2dde68d978bb72493e95cc810b0444aae30719
# bytes: 10140
# assembly passes: 4
  .section .rodata
# assembly pass: 1/4
  .globl openui_full_port_examples_form_generator_README_md_ee6c1ab0ec34
openui_full_port_examples_form_generator_README_md_ee6c1ab0ec34:
  .byte 0x23, 0x20, 0x48, 0x65, 0x72, 0x6f, 0x55, 0x49, 0x20, 0x46, 0x6f, 0x72, 0x6d, 0x20, 0x47, 0x65
  .byte 0x6e, 0x65, 0x72, 0x61, 0x74, 0x6f, 0x72, 0x20, 0x45, 0x78, 0x61, 0x6d, 0x70, 0x6c, 0x65, 0x0a
  .byte 0x0a, 0x41, 0x20, 0x66, 0x75, 0x6c, 0x6c, 0x2d, 0x73, 0x74, 0x61, 0x63, 0x6b, 0x20, 0x2a, 0x2a
  .byte 0x67, 0x65, 0x6e, 0x65, 0x72, 0x61, 0x74, 0x69, 0x76, 0x65, 0x20, 0x66, 0x6f, 0x72, 0x6d, 0x20
  .byte 0x62, 0x75, 0x69, 0x6c, 0x64, 0x65, 0x72, 0x2a, 0x2a, 0x20, 0x74, 0x68, 0x61, 0x74, 0x20, 0x64
  .byte 0x65, 0x6d, 0x6f, 0x6e, 0x73, 0x74, 0x72, 0x61, 0x74, 0x65, 0x73, 0x20, 0x77, 0x69, 0x72, 0x69
  .byte 0x6e, 0x67, 0x20, 0x5b, 0x4f, 0x70, 0x65, 0x6e, 0x55, 0x49, 0x20, 0x4c, 0x61, 0x6e, 0x67, 0x5d
  .byte 0x28, 0x68, 0x74, 0x74, 0x70, 0x73, 0x3a, 0x2f, 0x2f, 0x77, 0x77, 0x77, 0x2e, 0x6f, 0x70, 0x65
  .byte 0x6e, 0x75, 0x69, 0x2e, 0x63, 0x6f, 0x6d, 0x2f, 0x64, 0x6f, 0x63, 0x73, 0x2f, 0x6f, 0x70, 0x65
  .byte 0x6e, 0x75, 0x69, 0x2d, 0x6c, 0x61, 0x6e, 0x67, 0x2f, 0x6f, 0x76, 0x65, 0x72, 0x76, 0x69, 0x65
  .byte 0x77, 0x29, 0x20, 0x74, 0x6f, 0x20, 0x61, 0x20, 0x63, 0x75, 0x73, 0x74, 0x6f, 0x6d, 0x20, 0x63
  .byte 0x6f, 0x6d, 0x70, 0x6f, 0x6e, 0x65, 0x6e, 0x74, 0x20, 0x6c, 0x69, 0x62, 0x72, 0x61, 0x72, 0x79
  .byte 0x20, 0x62, 0x75, 0x69, 0x6c, 0x74, 0x20, 0x6f, 0x6e, 0x20, 0x5b, 0x48, 0x65, 0x72, 0x6f, 0x55
  .byte 0x49, 0x5d, 0x28, 0x68, 0x74, 0x74, 0x70, 0x73, 0x3a, 0x2f, 0x2f, 0x77, 0x77, 0x77, 0x2e, 0x68
  .byte 0x65, 0x72, 0x6f, 0x75, 0x69, 0x2e, 0x63, 0x6f, 0x6d, 0x2f, 0x29, 0x20, 0x28, 0x5b, 0x60, 0x40
  .byte 0x68, 0x65, 0x72, 0x6f, 0x75, 0x69, 0x2f, 0x72, 0x65, 0x61, 0x63, 0x74, 0x60, 0x5d, 0x28, 0x68
  .byte 0x74, 0x74, 0x70, 0x73, 0x3a, 0x2f, 0x2f, 0x77, 0x77, 0x77, 0x2e, 0x6e, 0x70, 0x6d, 0x6a, 0x73
  .byte 0x2e, 0x63, 0x6f, 0x6d, 0x2f, 0x70, 0x61, 0x63, 0x6b, 0x61, 0x67, 0x65, 0x2f, 0x40, 0x68, 0x65
  .byte 0x72, 0x6f, 0x75, 0x69, 0x2f, 0x72, 0x65, 0x61, 0x63, 0x74, 0x29, 0x29, 0x2e, 0x0a, 0x0a, 0x44
  .byte 0x65, 0x73, 0x63, 0x72, 0x69, 0x62, 0x65, 0x20, 0x61, 0x20, 0x66, 0x6f, 0x72, 0x6d, 0x20, 0x69
  .byte 0x6e, 0x20, 0x70, 0x6c, 0x61, 0x69, 0x6e, 0x20, 0x6c, 0x61, 0x6e, 0x67, 0x75, 0x61, 0x67, 0x65
  .byte 0x2c, 0x20, 0x67, 0x65, 0x74, 0x20, 0x61, 0x20, 0x6c, 0x69, 0x76, 0x65, 0x20, 0x70, 0x72, 0x65
  .byte 0x76, 0x69, 0x65, 0x77, 0x20, 0x62, 0x75, 0x69, 0x6c, 0x74, 0x20, 0x66, 0x72, 0x6f, 0x6d, 0x20
  .byte 0x48, 0x65, 0x72, 0x6f, 0x55, 0x49, 0x20, 0x63, 0x6f, 0x6d, 0x70, 0x6f, 0x6e, 0x65, 0x6e, 0x74
  .byte 0x73, 0x2e, 0x20, 0x52, 0x65, 0x66, 0x69, 0x6e, 0x65, 0x20, 0x69, 0x74, 0x20, 0x77, 0x69, 0x74
  .byte 0x68, 0x20, 0x66, 0x6f, 0x6c, 0x6c, 0x6f, 0x77, 0x2d, 0x75, 0x70, 0x20, 0x69, 0x6e, 0x73, 0x74
  .byte 0x72, 0x75, 0x63, 0x74, 0x69, 0x6f, 0x6e, 0x73, 0x20, 0xe2, 0x80, 0x94, 0x20, 0x65, 0x61, 0x63
  .byte 0x68, 0x20, 0x69, 0x74, 0x65, 0x72, 0x61, 0x74, 0x69, 0x6f, 0x6e, 0x20, 0x73, 0x74, 0x72, 0x65
  .byte 0x61, 0x6d, 0x73, 0x20, 0x61, 0x20, 0x66, 0x72, 0x65, 0x73, 0x68, 0x20, 0x75, 0x70, 0x64, 0x61
  .byte 0x74, 0x65, 0x64, 0x20, 0x66, 0x6f, 0x72, 0x6d, 0x2e, 0x0a, 0x0a, 0x5b, 0x56, 0x69, 0x65, 0x77
  .byte 0x20, 0x73, 0x6f, 0x75, 0x72, 0x63, 0x65, 0x20, 0x6f, 0x6e, 0x20, 0x47, 0x69, 0x74, 0x48, 0x75
  .byte 0x62, 0x20, 0xe2, 0x86, 0x92, 0x5d, 0x28, 0x68, 0x74, 0x74, 0x70, 0x73, 0x3a, 0x2f, 0x2f, 0x67
  .byte 0x69, 0x74, 0x68, 0x75, 0x62, 0x2e, 0x63, 0x6f, 0x6d, 0x2f, 0x74, 0x68, 0x65, 0x73, 0x79, 0x73
  .byte 0x64, 0x65, 0x76, 0x2f, 0x6f, 0x70, 0x65, 0x6e, 0x75, 0x69, 0x2f, 0x74, 0x72, 0x65, 0x65, 0x2f
  .byte 0x6d, 0x61, 0x69, 0x6e, 0x2f, 0x65, 0x78, 0x61, 0x6d, 0x70, 0x6c, 0x65, 0x73, 0x2f, 0x66, 0x6f
  .byte 0x72, 0x6d, 0x2d, 0x67, 0x65, 0x6e, 0x65, 0x72, 0x61, 0x74, 0x6f, 0x72, 0x29, 0x0a, 0x0a, 0x2d
  .byte 0x2d, 0x2d, 0x0a, 0x0a, 0x23, 0x23, 0x20, 0x48, 0x6f, 0x77, 0x20, 0x49, 0x74, 0x20, 0x57, 0x6f
  .byte 0x72, 0x6b, 0x73, 0x0a, 0x0a, 0x54, 0x68, 0x65, 0x20, 0x4c, 0x4c, 0x4d, 0x20, 0x69, 0x73, 0x20
  .byte 0x70, 0x72, 0x6f, 0x6d, 0x70, 0x74, 0x65, 0x64, 0x20, 0x77, 0x69, 0x74, 0x68, 0x20, 0x61, 0x20
  .byte 0x66, 0x6f, 0x72, 0x6d, 0x2d, 0x66, 0x6f, 0x63, 0x75, 0x73, 0x65, 0x64, 0x20, 0x73, 0x79, 0x73
  .byte 0x74, 0x65, 0x6d, 0x20, 0x70, 0x72, 0x6f, 0x6d, 0x70, 0x74, 0x20, 0x74, 0x68, 0x61, 0x74, 0x20
  .byte 0x64, 0x65, 0x73, 0x63, 0x72, 0x69, 0x62, 0x65, 0x73, 0x20, 0x65, 0x76, 0x65, 0x72, 0x79, 0x20
  .byte 0x61, 0x76, 0x61, 0x69, 0x6c, 0x61, 0x62, 0x6c, 0x65, 0x20, 0x66, 0x6f, 0x72, 0x6d, 0x20, 0x63
  .byte 0x6f, 0x6d, 0x70, 0x6f, 0x6e, 0x65, 0x6e, 0x74, 0x20, 0xe2, 0x80, 0x94, 0x20, 0x6e, 0x61, 0x6d
  .byte 0x65, 0x2c, 0x20, 0x70, 0x72, 0x6f, 0x70, 0x73, 0x2c, 0x20, 0x61, 0x6e, 0x64, 0x20, 0x77, 0x68
  .byte 0x65, 0x6e, 0x20, 0x74, 0x6f, 0x20, 0x75, 0x73, 0x65, 0x20, 0x69, 0x74, 0x2e, 0x20, 0x49, 0x6e
  .byte 0x73, 0x74, 0x65, 0x61, 0x64, 0x20, 0x6f, 0x66, 0x20, 0x72, 0x65, 0x74, 0x75, 0x72, 0x6e, 0x69
  .byte 0x6e, 0x67, 0x20, 0x70, 0x72, 0x6f, 0x73, 0x65, 0x2c, 0x20, 0x74, 0x68, 0x65, 0x20, 0x6d, 0x6f
  .byte 0x64, 0x65, 0x6c, 0x20, 0x72, 0x65, 0x73, 0x70, 0x6f, 0x6e, 0x64, 0x73, 0x20, 0x69, 0x6e, 0x20
  .byte 0x2a, 0x2a, 0x4f, 0x70, 0x65, 0x6e, 0x55, 0x49, 0x20, 0x4c, 0x61, 0x6e, 0x67, 0x2a, 0x2a, 0x3a
  .byte 0x20, 0x61, 0x20, 0x64, 0x65, 0x63, 0x6c, 0x61, 0x72, 0x61, 0x74, 0x69, 0x76, 0x65, 0x20, 0x6d
  .byte 0x61, 0x72, 0x6b, 0x75, 0x70, 0x20, 0x73, 0x79, 0x6e, 0x74, 0x61, 0x78, 0x20, 0x74, 0x68, 0x61
  .byte 0x74, 0x20, 0x6d, 0x61, 0x70, 0x73, 0x20, 0x64, 0x69, 0x72, 0x65, 0x63, 0x74, 0x6c, 0x79, 0x20
  .byte 0x74, 0x6f, 0x20, 0x52, 0x65, 0x61, 0x63, 0x74, 0x20, 0x63, 0x6f, 0x6d, 0x70, 0x6f, 0x6e, 0x65
  .byte 0x6e, 0x74, 0x73, 0x2e, 0x20, 0x46, 0x6f, 0x72, 0x20, 0x65, 0x78, 0x61, 0x6d, 0x70, 0x6c, 0x65
  .byte 0x3a, 0x0a, 0x0a, 0x60, 0x60, 0x60, 0x0a, 0x72, 0x6f, 0x6f, 0x74, 0x20, 0x3d, 0x20, 0x46, 0x6f
  .byte 0x72, 0x6d, 0x28, 0x22, 0x63, 0x6f, 0x6e, 0x74, 0x61, 0x63, 0x74, 0x22, 0x2c, 0x20, 0x22, 0x43
  .byte 0x6f, 0x6e, 0x74, 0x61, 0x63, 0x74, 0x20, 0x55, 0x73, 0x22, 0x2c, 0x20, 0x62, 0x74, 0x6e, 0x73
  .byte 0x2c, 0x20, 0x5b, 0x66, 0x63, 0x31, 0x2c, 0x20, 0x66, 0x63, 0x32, 0x2c, 0x20, 0x66, 0x63, 0x33
  .byte 0x5d, 0x29, 0x0a, 0x66, 0x63, 0x31, 0x20, 0x3d, 0x20, 0x46, 0x6f, 0x72, 0x6d, 0x43, 0x6f, 0x6e
  .byte 0x74, 0x72, 0x6f, 0x6c, 0x28, 0x22, 0x4e, 0x61, 0x6d, 0x65, 0x22, 0x2c, 0x20, 0x69, 0x6e, 0x70
  .byte 0x75, 0x74, 0x31, 0x29, 0x0a, 0x66, 0x63, 0x32, 0x20, 0x3d, 0x20, 0x46, 0x6f, 0x72, 0x6d, 0x43
  .byte 0x6f, 0x6e, 0x74, 0x72, 0x6f, 0x6c, 0x28, 0x22, 0x45, 0x6d, 0x61, 0x69, 0x6c, 0x22, 0x2c, 0x20
  .byte 0x69, 0x6e, 0x70, 0x75, 0x74, 0x32, 0x2c, 0x20, 0x22, 0x57, 0x65, 0x27, 0x6c, 0x6c, 0x20, 0x6e
  .byte 0x65, 0x76, 0x65, 0x72, 0x20, 0x73, 0x68, 0x61, 0x72, 0x65, 0x20, 0x79, 0x6f, 0x75, 0x72, 0x20
  .byte 0x65, 0x6d, 0x61, 0x69, 0x6c, 0x2e, 0x22, 0x29, 0x0a, 0x66, 0x63, 0x33, 0x20, 0x3d, 0x20, 0x46
  .byte 0x6f, 0x72, 0x6d, 0x43, 0x6f, 0x6e, 0x74, 0x72, 0x6f, 0x6c, 0x28, 0x22, 0x4d, 0x65, 0x73, 0x73
  .byte 0x61, 0x67, 0x65, 0x22, 0x2c, 0x20, 0x74, 0x61, 0x31, 0x29, 0x0a, 0x69, 0x6e, 0x70, 0x75, 0x74
  .byte 0x31, 0x20, 0x3d, 0x20, 0x49, 0x6e, 0x70, 0x75, 0x74, 0x28, 0x22, 0x6e, 0x61, 0x6d, 0x65, 0x22
  .byte 0x2c, 0x20, 0x22, 0x59, 0x6f, 0x75, 0x72, 0x20, 0x6e, 0x61, 0x6d, 0x65, 0x22, 0x2c, 0x20, 0x22
  .byte 0x74, 0x65, 0x78, 0x74, 0x22, 0x2c, 0x20, 0x7b, 0x20, 0x72, 0x65, 0x71, 0x75, 0x69, 0x72, 0x65
  .byte 0x64, 0x3a, 0x20, 0x74, 0x72, 0x75, 0x65, 0x20, 0x7d, 0x29, 0x0a, 0x69, 0x6e, 0x70, 0x75, 0x74
  .byte 0x32, 0x20, 0x3d, 0x20, 0x49, 0x6e, 0x70, 0x75, 0x74, 0x28, 0x22, 0x65, 0x6d, 0x61, 0x69, 0x6c
  .byte 0x22, 0x2c, 0x20, 0x22, 0x79, 0x6f, 0x75, 0x40, 0x65, 0x78, 0x61, 0x6d, 0x70, 0x6c, 0x65, 0x2e
  .byte 0x63, 0x6f, 0x6d, 0x22, 0x2c, 0x20, 0x22, 0x65, 0x6d, 0x61, 0x69, 0x6c, 0x22, 0x2c, 0x20, 0x7b
  .byte 0x20, 0x72, 0x65, 0x71, 0x75, 0x69, 0x72, 0x65, 0x64, 0x3a, 0x20, 0x74, 0x72, 0x75, 0x65, 0x2c
  .byte 0x20, 0x65, 0x6d, 0x61, 0x69, 0x6c, 0x3a, 0x20, 0x74, 0x72, 0x75, 0x65, 0x20, 0x7d, 0x29, 0x0a
  .byte 0x74, 0x61, 0x31, 0x20, 0x3d, 0x20, 0x54, 0x65, 0x78, 0x74, 0x41, 0x72, 0x65, 0x61, 0x28, 0x22
  .byte 0x6d, 0x65, 0x73, 0x73, 0x61, 0x67, 0x65, 0x22, 0x2c, 0x20, 0x22, 0x48, 0x6f, 0x77, 0x20, 0x63
  .byte 0x61, 0x6e, 0x20, 0x77, 0x65, 0x20, 0x68, 0x65, 0x6c, 0x70, 0x3f, 0x22, 0x2c, 0x20, 0x34, 0x29
  .byte 0x0a, 0x62, 0x74, 0x6e, 0x73, 0x20, 0x3d, 0x20, 0x42, 0x75, 0x74, 0x74, 0x6f, 0x6e, 0x73, 0x28
  .byte 0x5b, 0x62, 0x31, 0x5d, 0x29, 0x0a, 0x62, 0x31, 0x20, 0x3d, 0x20, 0x42, 0x75, 0x74, 0x74, 0x6f
  .byte 0x6e, 0x28, 0x22, 0x53, 0x75, 0x62, 0x6d, 0x69, 0x74, 0x22, 0x2c, 0x20, 0x7b, 0x20, 0x74, 0x79
  .byte 0x70, 0x65, 0x3a, 0x20, 0x22, 0x63, 0x6f, 0x6e, 0x74, 0x69, 0x6e, 0x75, 0x65, 0x5f, 0x63, 0x6f
  .byte 0x6e, 0x76, 0x65, 0x72, 0x73, 0x61, 0x74, 0x69, 0x6f, 0x6e, 0x22, 0x20, 0x7d, 0x2c, 0x20, 0x22
  .byte 0x70, 0x72, 0x69, 0x6d, 0x61, 0x72, 0x79, 0x22, 0x29, 0x0a, 0x60, 0x60, 0x60, 0x0a, 0x0a, 0x4f
  .byte 0x6e, 0x20, 0x74, 0x68, 0x65, 0x20, 0x63, 0x6c, 0x69, 0x65, 0x6e, 0x74, 0x2c, 0x20, 0x60, 0x3c
  .byte 0x52, 0x65, 0x6e, 0x64, 0x65, 0x72, 0x65, 0x72, 0x3e, 0x60, 0x20, 0x66, 0x72, 0x6f, 0x6d, 0x20
  .byte 0x60, 0x40, 0x6f, 0x70, 0x65, 0x6e, 0x75, 0x69, 0x64, 0x65, 0x76, 0x2f, 0x72, 0x65, 0x61, 0x63
  .byte 0x74, 0x2d, 0x6c, 0x61, 0x6e, 0x67, 0x60, 0x20, 0x70, 0x61, 0x72, 0x73, 0x65, 0x73, 0x20, 0x74
  .byte 0x68, 0x65, 0x20, 0x69, 0x6e, 0x63, 0x6f, 0x6d, 0x69, 0x6e, 0x67, 0x20, 0x53, 0x53, 0x45, 0x20
  .byte 0x73, 0x74, 0x72, 0x65, 0x61, 0x6d, 0x20, 0x61, 0x6e, 0x64, 0x20, 0x72, 0x65, 0x6e, 0x64, 0x65
  .byte 0x72, 0x73, 0x20, 0x65, 0x61, 0x63, 0x68, 0x20, 0x4f, 0x70, 0x65, 0x6e, 0x55, 0x49, 0x20, 0x4c
  .byte 0x61, 0x6e, 0x67, 0x20, 0x6e, 0x6f, 0x64, 0x65, 0x20, 0x75, 0x73, 0x69, 0x6e, 0x67, 0x20, 0x60
  .byte 0x68, 0x65, 0x72, 0x6f, 0x75, 0x69, 0x43, 0x68, 0x61, 0x74, 0x4c, 0x69, 0x62, 0x72, 0x61, 0x72
  .byte 0x79, 0x60, 0x20, 0xe2, 0x80, 0x94, 0x20, 0x74, 0x68, 0x65, 0x20, 0x63, 0x75, 0x73, 0x74, 0x6f
  .byte 0x6d, 0x20, 0x6c, 0x69, 0x62, 0x72, 0x61, 0x72, 0x79, 0x20, 0x64, 0x65, 0x66, 0x69, 0x6e, 0x65
  .byte 0x64, 0x20, 0x69, 0x6e, 0x20, 0x60, 0x73, 0x72, 0x63, 0x2f, 0x6c, 0x69, 0x62, 0x2f, 0x68, 0x65
  .byte 0x72, 0x6f, 0x75, 0x69, 0x2d, 0x67, 0x65, 0x6e, 0x75, 0x69, 0x2f, 0x60, 0x2e, 0x20, 0x54, 0x68
  .byte 0x65, 0x20, 0x61, 0x70, 0x70, 0x20, 0x73, 0x68, 0x65, 0x6c, 0x6c, 0x20, 0x69, 0x73, 0x20, 0x62
  .byte 0x75, 0x69, 0x6c, 0x74, 0x20, 0x65, 0x6e, 0x74, 0x69, 0x72, 0x65, 0x6c, 0x79, 0x20, 0x77, 0x69
  .byte 0x74, 0x68, 0x20, 0x60, 0x40, 0x68, 0x65, 0x72, 0x6f, 0x75, 0x69, 0x2f, 0x72, 0x65, 0x61, 0x63
  .byte 0x74, 0x60, 0x20, 0x28, 0x6e, 0x6f, 0x20, 0x60, 0x40, 0x6f, 0x70, 0x65, 0x6e, 0x75, 0x69, 0x64
  .byte 0x65, 0x76, 0x2f, 0x72, 0x65, 0x61, 0x63, 0x74, 0x2d, 0x75, 0x69, 0x60, 0x20, 0x64, 0x65, 0x70
  .byte 0x65, 0x6e, 0x64, 0x65, 0x6e, 0x63, 0x79, 0x29, 0x2e, 0x0a, 0x0a, 0x2d, 0x2d, 0x2d, 0x0a, 0x0a
  .byte 0x23, 0x23, 0x20, 0x41, 0x72, 0x63, 0x68, 0x69, 0x74, 0x65, 0x63, 0x74, 0x75, 0x72, 0x65, 0x0a
  .byte 0x0a, 0x60, 0x60, 0x60, 0x0a, 0xe2, 0x94, 0x8c, 0xe2, 0x94, 0x80, 0xe2, 0x94, 0x80, 0xe2, 0x94
  .byte 0x80, 0xe2, 0x94, 0x80, 0xe2, 0x94, 0x80, 0xe2, 0x94, 0x80, 0xe2, 0x94, 0x80, 0xe2, 0x94, 0x80
  .byte 0xe2, 0x94, 0x80, 0xe2, 0x94, 0x80, 0xe2, 0x94, 0x80, 0xe2, 0x94, 0x80, 0xe2, 0x94, 0x80, 0xe2
  .byte 0x94, 0x80, 0xe2, 0x94, 0x80, 0xe2, 0x94, 0x80, 0xe2, 0x94, 0x80, 0xe2, 0x94, 0x80, 0xe2, 0x94
  .byte 0x80, 0xe2, 0x94, 0x80, 0xe2, 0x94, 0x80, 0xe2, 0x94, 0x80, 0xe2, 0x94, 0x80, 0xe2, 0x94, 0x80
  .byte 0xe2, 0x94, 0x80, 0xe2, 0x94, 0x80, 0xe2, 0x94, 0x80, 0xe2, 0x94, 0x80, 0xe2, 0x94, 0x80, 0xe2
  .byte 0x94, 0x80, 0xe2, 0x94, 0x80, 0xe2, 0x94, 0x80, 0xe2, 0x94, 0x80, 0xe2, 0x94, 0x80, 0xe2, 0x94
  .byte 0x80, 0xe2, 0x94, 0x80, 0xe2, 0x94, 0x80, 0xe2, 0x94, 0x80, 0xe2, 0x94, 0x80, 0xe2, 0x94, 0x80
  .byte 0xe2, 0x94, 0x80, 0xe2, 0x94, 0x80, 0xe2, 0x94, 0x90, 0x20, 0x20, 0x20, 0x20, 0x20, 0x20, 0x20
  .byte 0x20, 0xe2, 0x94, 0x8c, 0xe2, 0x94, 0x80, 0xe2, 0x94, 0x80, 0xe2, 0x94, 0x80, 0xe2, 0x94, 0x80
  .byte 0xe2, 0x94, 0x80, 0xe2, 0x94, 0x80, 0xe2, 0x94, 0x80, 0xe2, 0x94, 0x80, 0xe2, 0x94, 0x80, 0xe2
  .byte 0x94, 0x80, 0xe2, 0x94, 0x80, 0xe2, 0x94, 0x80, 0xe2, 0x94, 0x80, 0xe2, 0x94, 0x80, 0xe2, 0x94
  .byte 0x80, 0xe2, 0x94, 0x80, 0xe2, 0x94, 0x80, 0xe2, 0x94, 0x80, 0xe2, 0x94, 0x80, 0xe2, 0x94, 0x80
  .byte 0xe2, 0x94, 0x80, 0xe2, 0x94, 0x80, 0xe2, 0x94, 0x80, 0xe2, 0x94, 0x80, 0xe2, 0x94, 0x80, 0xe2
  .byte 0x94, 0x80, 0xe2, 0x94, 0x80, 0xe2, 0x94, 0x80, 0xe2, 0x94, 0x80, 0xe2, 0x94, 0x80, 0xe2, 0x94
  .byte 0x80, 0xe2, 0x94, 0x80, 0xe2, 0x94, 0x80, 0xe2, 0x94, 0x80, 0xe2, 0x94, 0x80, 0xe2, 0x94, 0x80
  .byte 0xe2, 0x94, 0x90, 0x0a, 0xe2, 0x94, 0x82, 0x20, 0x20, 0x20, 0x42, 0x72, 0x6f, 0x77, 0x73, 0x65
  .byte 0x72, 0x20, 0x20, 0x20, 0x20, 0x20, 0x20, 0x20, 0x20, 0x20, 0x20, 0x20, 0x20, 0x20, 0x20, 0x20
  .byte 0x20, 0x20, 0x20, 0x20, 0x20, 0x20, 0x20, 0x20, 0x20, 0x20, 0x20, 0x20, 0x20, 0x20, 0x20, 0x20
  .byte 0x20, 0xe2, 0x94, 0x82, 0x20, 0x20, 0x48, 0x54, 0x54, 0x50, 0x20, 0x20, 0xe2, 0x94, 0x82, 0x20
  .byte 0x20, 0x20, 0x4e, 0x65, 0x78, 0x74, 0x2e, 0x6a, 0x73, 0x20, 0x41, 0x50, 0x49, 0x20, 0x52, 0x6f
  .byte 0x75, 0x74, 0x65, 0x20, 0x20, 0x20, 0x20, 0x20, 0x20, 0x20, 0x20, 0x20, 0x20, 0x20, 0x20, 0x20
  .byte 0x20, 0x20, 0x20, 0xe2, 0x94, 0x82, 0x0a, 0xe2, 0x94, 0x82, 0x20, 0x20, 0x20, 0x20, 0x20, 0x20
  .byte 0x20, 0x20, 0x20, 0x20, 0x20, 0x20, 0x20, 0x20, 0x20, 0x20, 0x20, 0x20, 0x20, 0x20, 0x20, 0x20
  .byte 0x20, 0x20, 0x20, 0x20, 0x20, 0x20, 0x20, 0x20, 0x20, 0x20, 0x20, 0x20, 0x20, 0x20, 0x20, 0x20
  .byte 0x20, 0x20, 0x20, 0x20, 0xe2, 0x94, 0x82, 0x20, 0xe2, 0x94, 0x80, 0xe2, 0x94, 0x80, 0xe2, 0x94
  .byte 0x80, 0xe2, 0x94, 0x80, 0xe2, 0x94, 0x80, 0xe2, 0x94, 0x80, 0xe2, 0x96, 0xba, 0xe2, 0x94, 0x82
  .byte 0x20, 0x20, 0x20, 0x20, 0x20, 0x20, 0x20, 0x20, 0x20, 0x20, 0x20, 0x20, 0x20, 0x20, 0x20, 0x20
  .byte 0x20, 0x20, 0x20, 0x20, 0x20, 0x20, 0x20, 0x20, 0x20, 0x20, 0x20, 0x20, 0x20, 0x20, 0x20, 0x20
  .byte 0x20, 0x20, 0x20, 0x20, 0xe2, 0x94, 0x82, 0x0a, 0xe2, 0x94, 0x82, 0x20, 0x20, 0xe2, 0x80, 0xa2
  .byte 0x20, 0x4c, 0x65, 0x66, 0x74, 0x20, 0x70, 0x61, 0x6e, 0x65, 0x6c, 0x3a, 0x20, 0x48, 0x65, 0x72
  .byte 0x6f, 0x55, 0x49, 0x20, 0x54, 0x65, 0x78, 0x74, 0x41, 0x72, 0x65, 0x61, 0x20, 0x2b, 0x20, 0x42
  .byte 0x75, 0x74, 0x74, 0x6f, 0x6e, 0x20, 0x20, 0xe2, 0x94, 0x82, 0x20, 0x20, 0x20, 0x20, 0x20, 0x20
  .byte 0x20, 0x20, 0xe2, 0x94, 0x82, 0x20, 0x20, 0xe2, 0x80, 0xa2, 0x20, 0x4c, 0x6f, 0x61, 0x64, 0x73
  .byte 0x20, 0x73, 0x79, 0x73, 0x74, 0x65, 0x6d, 0x2d, 0x70, 0x72, 0x6f, 0x6d, 0x70, 0x74, 0x2e, 0x74
  .byte 0x78, 0x74, 0x20, 0x20, 0x20, 0x20, 0x20, 0x20, 0x20, 0x20, 0x20, 0xe2, 0x94, 0x82, 0x0a, 0xe2
  .byte 0x94, 0x82, 0x20, 0x20, 0xe2, 0x80, 0xa2, 0x20, 0x49, 0x74, 0x65, 0x72, 0x61, 0x74, 0x69, 0x6f
  .byte 0x6e, 0x20, 0x68, 0x69, 0x73, 0x74, 0x6f, 0x72, 0x79, 0x20, 0x28, 0x69, 0x6e, 0x2d, 0x6d, 0x65
  .byte 0x6d, 0x6f, 0x72, 0x79, 0x20, 0x6d, 0x65, 0x73, 0x73, 0x61, 0x67, 0x65, 0x73, 0x29, 0xe2, 0x94
  .byte 0x82, 0x20, 0x20, 0x20, 0x20, 0x20, 0x20, 0x20, 0x20, 0xe2, 0x94, 0x82, 0x20, 0x20, 0xe2, 0x80
  .byte 0xa2, 0x20, 0x43, 0x61, 0x6c, 0x6c, 0x73, 0x20, 0x4c, 0x4c, 0x4d, 0x20, 0x76, 0x69, 0x61, 0x20
  .byte 0x4f, 0x70, 0x65, 0x6e, 0x41, 0x49, 0x20, 0x53, 0x44, 0x4b, 0x20, 0x20, 0x20, 0x20, 0x20, 0x20
  .byte 0x20, 0x20, 0xe2, 0x94, 0x82, 0x0a, 0xe2, 0x94, 0x82, 0x20, 0x20, 0xe2, 0x80, 0xa2, 0x20, 0x70
  .byte 0x72, 0x6f, 0x63, 0x65, 0x73, 0x73, 0x53, 0x74, 0x72, 0x65, 0x61, 0x6d, 0x65, 0x64, 0x4d, 0x65
  .byte 0x73, 0x73, 0x61, 0x67, 0x65, 0x20, 0x2b, 0x20, 0x6f, 0x70, 0x65, 0x6e, 0x41, 0x49, 0x41, 0x64
  .byte 0x61, 0x70, 0x74, 0x65, 0x72, 0xe2, 0x94, 0x82, 0xe2, 0x97, 0x84, 0xe2, 0x94, 0x80, 0xe2, 0x94
  .byte 0x80, 0xe2, 0x94, 0x80, 0xe2, 0x94, 0x80, 0xe2, 0x94, 0x80, 0xe2, 0x94, 0x80, 0x20, 0xe2, 0x94
  .byte 0x82, 0x20, 0x20, 0xe2, 0x80, 0xa2, 0x20, 0x53, 0x74, 0x72, 0x65, 0x61, 0x6d, 0x73, 0x20, 0x72
  .byte 0x65, 0x73, 0x70, 0x6f, 0x6e, 0x73, 0x65, 0x20, 0x61, 0x73, 0x20, 0x53, 0x53, 0x45, 0x20, 0x65
  .byte 0x76, 0x65, 0x6e, 0x74, 0x73, 0x20, 0x20, 0xe2, 0x94, 0x82, 0x0a, 0xe2, 0x94, 0x82, 0x20, 0x20
  .byte 0xe2, 0x80, 0xa2, 0x20, 0x52, 0x69, 0x67, 0x68, 0x74, 0x20, 0x70, 0x61, 0x6e, 0x65, 0x6c, 0x3a
  .byte 0x20, 0x3c, 0x52, 0x65, 0x6e, 0x64, 0x65, 0x72, 0x65, 0x72, 0x3e, 0x20, 0x70, 0x72, 0x65, 0x76
  .byte 0x69, 0x65, 0x77, 0x20, 0x20, 0x20, 0x20, 0x20, 0x20, 0x20, 0xe2, 0x94, 0x82, 0x20, 0x20, 0x53
  .byte 0x53, 0x45, 0x20, 0x20, 0x20, 0xe2, 0x94, 0x82, 0x20, 0x20, 0x20, 0x20, 0x20, 0x20, 0x20, 0x20
  .byte 0x20, 0x20, 0x20, 0x20, 0x20, 0x20, 0x20, 0x20, 0x20, 0x20, 0x20, 0x20, 0x20, 0x20, 0x20, 0x20
  .byte 0x20, 0x20, 0x20, 0x20, 0x20, 0x20, 0x20, 0x20, 0x20, 0x20, 0x20, 0x20, 0xe2, 0x94, 0x82, 0x0a
  .byte 0xe2, 0x94, 0x82, 0x20, 0x20, 0xe2, 0x80, 0xa2, 0x20, 0x66, 0x6f, 0x72, 0x6d, 0x46, 0x69, 0x65
  .byte 0x6c, 0x64, 0x53, 0x6e, 0x61, 0x70, 0x73, 0x68, 0x6f, 0x74, 0x20, 0x76, 0x69, 0x61, 0x20, 0x6f
  .byte 0x6e, 0x53, 0x74, 0x61, 0x74, 0x65, 0x55, 0x70, 0x64, 0x61, 0x74, 0x65, 0x20, 0x20, 0x20, 0xe2
  .byte 0x94, 0x82, 0x20, 0x20, 0x20, 0x20, 0x20, 0x20, 0x20, 0x20, 0xe2, 0x94, 0x82, 0x20, 0x20, 0x20
  .byte 0x20, 0x20, 0x20, 0x20, 0x20, 0x20, 0x20, 0x20, 0x20, 0x20, 0x20, 0x20, 0x20, 0x20, 0x20, 0x20
  .byte 0x20, 0x20, 0x20, 0x20, 0x20, 0x20, 0x20, 0x20, 0x20, 0x20, 0x20, 0x20, 0x20, 0x20, 0x20, 0x20
  .byte 0x20, 0xe2, 0x94, 0x82, 0x0a, 0xe2, 0x94, 0x94, 0xe2, 0x94, 0x80, 0xe2, 0x94, 0x80, 0xe2, 0x94
  .byte 0x80, 0xe2, 0x94, 0x80, 0xe2, 0x94, 0x80, 0xe2, 0x94, 0x80, 0xe2, 0x94, 0x80, 0xe2, 0x94, 0x80
  .byte 0xe2, 0x94, 0x80, 0xe2, 0x94, 0x80, 0xe2, 0x94, 0x80, 0xe2, 0x94, 0x80, 0xe2, 0x94, 0x80, 0xe2
  .byte 0x94, 0x80, 0xe2, 0x94, 0x80, 0xe2, 0x94, 0x80, 0xe2, 0x94, 0x80, 0xe2, 0x94, 0x80, 0xe2, 0x94
  .byte 0x80, 0xe2, 0x94, 0x80, 0xe2, 0x94, 0x80, 0xe2, 0x94, 0x80, 0xe2, 0x94, 0x80, 0xe2, 0x94, 0x80
  .byte 0xe2, 0x94, 0x80, 0xe2, 0x94, 0x80, 0xe2, 0x94, 0x80, 0xe2, 0x94, 0x80, 0xe2, 0x94, 0x80, 0xe2
  .byte 0x94, 0x80, 0xe2, 0x94, 0x80, 0xe2, 0x94, 0x80, 0xe2, 0x94, 0x80, 0xe2, 0x94, 0x80, 0xe2, 0x94
  .byte 0x80, 0xe2, 0x94, 0x80, 0xe2, 0x94, 0x80, 0xe2, 0x94, 0x80, 0xe2, 0x94, 0x80, 0xe2, 0x94, 0x80
  .byte 0xe2, 0x94, 0x80, 0xe2, 0x94, 0x80, 0xe2, 0x94, 0x98, 0x20, 0x20, 0x20, 0x20, 0x20, 0x20, 0x20
  .byte 0x20, 0xe2, 0x94, 0x94, 0xe2, 0x94, 0x80, 0xe2, 0x94, 0x80, 0xe2, 0x94, 0x80, 0xe2, 0x94, 0x80
  .byte 0xe2, 0x94, 0x80, 0xe2, 0x94, 0x80, 0xe2, 0x94, 0x80, 0xe2, 0x94, 0x80, 0xe2, 0x94, 0x80, 0xe2
  .byte 0x94, 0x80, 0xe2, 0x94, 0x80, 0xe2, 0x94, 0x80, 0xe2, 0x94, 0x80, 0xe2, 0x94, 0x80, 0xe2, 0x94
  .byte 0x80, 0xe2, 0x94, 0x80, 0xe2, 0x94, 0x80, 0xe2, 0x94, 0x80, 0xe2, 0x94, 0x80, 0xe2, 0x94, 0x80
  .byte 0xe2, 0x94, 0x80, 0xe2, 0x94, 0x80, 0xe2, 0x94, 0x80, 0xe2, 0x94, 0x80, 0xe2, 0x94, 0x80, 0xe2
  .byte 0x94, 0x80, 0xe2, 0x94, 0x80, 0xe2, 0x94, 0x80, 0xe2, 0x94, 0x80, 0xe2, 0x94, 0x80, 0xe2, 0x94
  .byte 0x80, 0xe2, 0x94, 0x80, 0xe2, 0x94, 0x80, 0xe2, 0x94, 0x80, 0xe2, 0x94, 0x80, 0xe2, 0x94, 0x80
  .byte 0xe2, 0x94, 0x98, 0x0a, 0x60, 0x60, 0x60, 0x0a, 0x0a, 0x23, 0x23, 0x23, 0x20, 0x52, 0x65, 0x71
  .byte 0x75, 0x65, 0x73, 0x74, 0x20, 0x2f, 0x20, 0x52, 0x65, 0x73, 0x70, 0x6f, 0x6e, 0x73, 0x65, 0x20
  .byte 0x46, 0x6c, 0x6f, 0x77, 0x0a, 0x0a, 0x31, 0x2e, 0x20, 0x55, 0x73, 0x65, 0x72, 0x20, 0x74, 0x79
  .byte 0x70, 0x65, 0x73, 0x20, 0x61, 0x20, 0x66, 0x6f, 0x72, 0x6d, 0x20, 0x64, 0x65, 0x73, 0x63, 0x72
  .byte 0x69, 0x70, 0x74, 0x69, 0x6f, 0x6e, 0x20, 0x61, 0x6e, 0x64, 0x20, 0x63, 0x6c, 0x69, 0x63, 0x6b
  .byte 0x73, 0x20, 0x2a, 0x2a, 0x47, 0x65, 0x6e, 0x65, 0x72, 0x61, 0x74, 0x65, 0x20, 0x46, 0x6f, 0x72
  .byte 0x6d, 0x2a, 0x2a, 0x20, 0x28, 0x6f, 0x72, 0x20, 0xe2, 0x8c, 0x98, 0x20, 0x45, 0x6e, 0x74, 0x65
  .byte 0x72, 0x29, 0x2e, 0x0a, 0x32, 0x2e, 0x20, 0x54, 0x68, 0x65, 0x20, 0x70, 0x61, 0x67, 0x65, 0x20
  .byte 0x62, 0x75, 0x69, 0x6c, 0x64, 0x73, 0x20, 0x61, 0x6e, 0x20, 0x60, 0x6f, 0x70, 0x65, 0x6e, 0x41
  .byte 0x49, 0x4d, 0x65, 0x73, 0x73, 0x61, 0x67, 0x65, 0x46, 0x6f, 0x72, 0x6d, 0x61, 0x74, 0x2e, 0x74
  .byte 0x6f, 0x41, 0x70, 0x69, 0x28, 0x6d, 0x65, 0x73, 0x73, 0x61, 0x67, 0x65, 0x73, 0x29, 0x60, 0x20
  .byte 0x70, 0x61, 0x79, 0x6c, 0x6f, 0x61, 0x64, 0x20, 0x61, 0x6e, 0x64, 0x20, 0x60, 0x50, 0x4f, 0x53
  .byte 0x54, 0x60, 0x73, 0x20, 0x74, 0x6f, 0x20, 0x60, 0x2f, 0x61, 0x70, 0x69, 0x2f, 0x63, 0x68, 0x61
  .byte 0x74, 0x60, 0x2e, 0x0a, 0x33, 0x2e, 0x20, 0x54, 0x68, 0x65, 0x20, 0x41, 0x50, 0x49, 0x20, 0x72
  .byte 0x6f, 0x75, 0x74, 0x65, 0x20, 0x72, 0x65, 0x61, 0x64, 0x73, 0x20, 0x60, 0x73, 0x79, 0x73, 0x74
  .byte 0x65, 0x6d, 0x2d, 0x70, 0x72, 0x6f, 0x6d, 0x70, 0x74, 0x2e, 0x74, 0x78, 0x74, 0x60, 0x20, 0x61
  .byte 0x6e, 0x64, 0x20, 0x73, 0x74, 0x72, 0x65, 0x61, 0x6d, 0x73, 0x20, 0x74, 0x68, 0x65, 0x20, 0x4c
  .byte 0x4c, 0x4d, 0x20, 0x72, 0x65, 0x73, 0x70, 0x6f, 0x6e, 0x73, 0x65, 0x20, 0x61, 0x73, 0x20, 0x53
  .byte 0x53, 0x45, 0x20, 0x65, 0x76, 0x65, 0x6e, 0x74, 0x73, 0x2e, 0x0a, 0x34, 0x2e, 0x20, 0x4f, 0x6e
  .byte 0x20, 0x74, 0x68, 0x65, 0x20, 0x63, 0x6c, 0x69, 0x65, 0x6e, 0x74, 0x2c, 0x20, 0x60, 0x70, 0x72
  .byte 0x6f, 0x63, 0x65, 0x73, 0x73, 0x53, 0x74, 0x72, 0x65, 0x61, 0x6d, 0x65, 0x64, 0x4d, 0x65, 0x73
  .byte 0x73, 0x61, 0x67, 0x65, 0x60, 0x20, 0x2b, 0x20, 0x60, 0x6f, 0x70, 0x65, 0x6e, 0x41, 0x49, 0x41
  .byte 0x64, 0x61, 0x70, 0x74, 0x65, 0x72, 0x28, 0x29, 0x60, 0x20, 0x61, 0x63, 0x63, 0x75, 0x6d, 0x75
  .byte 0x6c, 0x61, 0x74, 0x65, 0x20, 0x74, 0x68, 0x65, 0x20, 0x73, 0x74, 0x72, 0x65, 0x61, 0x6d, 0x65
  .byte 0x64, 0x20, 0x74, 0x65, 0x78, 0x74, 0x20, 0x69, 0x6e, 0x74, 0x6f, 0x20, 0x61, 0x6e, 0x20, 0x60
  .byte 0x41, 0x73, 0x73, 0x69, 0x73, 0x74, 0x61, 0x6e, 0x74, 0x4d, 0x65, 0x73, 0x73, 0x61, 0x67, 0x65
  .byte 0x60, 0x2e, 0x0a, 0x35, 0x2e, 0x20, 0x60, 0x3c, 0x52, 0x65, 0x6e, 0x64, 0x65, 0x72, 0x65, 0x72
  .byte 0x20, 0x72, 0x65, 0x73, 0x70, 0x6f, 0x6e, 0x73, 0x65, 0x3d, 0x7b, 0x63, 0x6f, 0x64, 0x65, 0x7d
  .byte 0x20, 0x6c, 0x69, 0x62, 0x72, 0x61, 0x72, 0x79, 0x3d, 0x7b, 0x68, 0x65, 0x72, 0x6f, 0x75, 0x69
  .byte 0x43, 0x68, 0x61, 0x74, 0x4c, 0x69, 0x62, 0x72, 0x61, 0x72, 0x79, 0x7d, 0x20, 0x69, 0x73, 0x53
  .byte 0x74, 0x72, 0x65, 0x61, 0x6d, 0x69, 0x6e, 0x67, 0x3d, 0x7b, 0x2e, 0x2e, 0x2e, 0x7d, 0x20, 0x2f
  .byte 0x3e, 0x60, 0x20, 0x70, 0x61, 0x72, 0x73, 0x65, 0x73, 0x20, 0x74, 0x68, 0x65, 0x20, 0x4f, 0x70
  .byte 0x65, 0x6e, 0x55, 0x49, 0x20, 0x4c, 0x61, 0x6e, 0x67, 0x20, 0x6d, 0x61, 0x72, 0x6b, 0x75, 0x70
  .byte 0x20, 0x61, 0x6e, 0x64, 0x20, 0x70, 0x72, 0x6f, 0x67, 0x72, 0x65, 0x73, 0x73, 0x69, 0x76, 0x65
  .byte 0x6c, 0x79, 0x20, 0x72, 0x65, 0x6e, 0x64, 0x65, 0x72, 0x73, 0x20, 0x65, 0x61, 0x63, 0x68, 0x20
  .byte 0x6e, 0x6f, 0x64, 0x65, 0x20, 0x61, 0x73, 0x20, 0x61, 0x20, 0x48, 0x65, 0x72, 0x6f, 0x55, 0x49
  .byte 0x2d, 0x62, 0x61, 0x63, 0x6b, 0x65, 0x64, 0x20, 0x63, 0x6f, 0x6d, 0x70, 0x6f, 0x6e, 0x65, 0x6e
  .byte 0x74, 0x2e, 0x0a, 0x36, 0x2e, 0x20, 0x54, 0x68, 0x65, 0x20, 0x73, 0x74, 0x72, 0x65, 0x61, 0x6d
  .byte 0x65, 0x64, 0x20, 0x61, 0x73, 0x73, 0x69, 0x73, 0x74, 0x61, 0x6e, 0x74, 0x20, 0x60, 0x63, 0x6f
  .byte 0x6e, 0x74, 0x65, 0x6e, 0x74, 0x60, 0x20, 0x28, 0x4f, 0x70, 0x65, 0x6e, 0x55, 0x49, 0x20, 0x4c
  .byte 0x61, 0x6e, 0x67, 0x20, 0x74, 0x65, 0x78, 0x74, 0x20, 0x6f, 0x6e, 0x6c, 0x79, 0x29, 0x20, 0x69
  .byte 0x73, 0x20, 0x61, 0x70, 0x70, 0x65, 0x6e, 0x64, 0x65, 0x64, 0x20, 0x74, 0x6f, 0x20, 0x74, 0x68
  .byte 0x65, 0x20, 0x69, 0x6e, 0x2d, 0x6d, 0x65, 0x6d, 0x6f, 0x72, 0x79, 0x20, 0x6d, 0x65, 0x73, 0x73
  .byte 0x61, 0x67, 0x65, 0x20, 0x6c, 0x69, 0x73, 0x74, 0x20, 0x66, 0x6f, 0x72, 0x20, 0x74, 0x68, 0x65
  .byte 0x20, 0x6e, 0x65, 0x78, 0x74, 0x20, 0x69, 0x74, 0x65, 0x72, 0x61, 0x74, 0x69, 0x6f, 0x6e, 0x2e
  .byte 0x0a, 0x0a, 0x23, 0x23, 0x23, 0x20, 0x49, 0x74, 0x65, 0x72, 0x61, 0x74, 0x69, 0x76, 0x65, 0x20
  .byte 0x52, 0x65, 0x66, 0x69, 0x6e, 0x65, 0x6d, 0x65, 0x6e, 0x74, 0x0a, 0x0a, 0x53, 0x75, 0x62, 0x6d
  .byte 0x69, 0x74, 0x20, 0x61, 0x20, 0x66, 0x6f, 0x6c, 0x6c, 0x6f, 0x77, 0x2d, 0x75, 0x70, 0x20, 0x69
  .byte 0x6e, 0x73, 0x74, 0x72, 0x75, 0x63, 0x74, 0x69, 0x6f, 0x6e, 0x20, 0x28, 0x65, 0x2e, 0x67, 0x2e
  .byte 0x20, 0x22, 0x61, 0x64, 0x64, 0x20, 0x61, 0x20, 0x70, 0x68, 0x6f, 0x6e, 0x65, 0x20, 0x6e, 0x75
  .byte 0x6d, 0x62, 0x65, 0x72, 0x20, 0x66, 0x69, 0x65, 0x6c, 0x64, 0x22, 0x20, 0x6f, 0x72, 0x20, 0x22
  .byte 0x72, 0x65, 0x6e, 0x61, 0x6d, 0x65, 0x20, 0x74, 0x68, 0x65, 0x20, 0x73, 0x75, 0x62, 0x6d, 0x69
  .byte 0x74, 0x20, 0x62, 0x75, 0x74, 0x74, 0x6f, 0x6e, 0x20, 0x74, 0x6f, 0x20, 0x27, 0x53, 0x65, 0x6e
  .byte 0x64, 0x27, 0x22, 0x29, 0x20, 0x61, 0x6e, 0x64, 0x20, 0x74, 0x68, 0x65, 0x20, 0x70, 0x61, 0x67
  .byte 0x65, 0x3a, 0x0a, 0x0a, 0x2d, 0x20, 0x4f, 0x70, 0x74, 0x69, 0x6f, 0x6e, 0x61, 0x6c, 0x6c, 0x79
  .byte 0x20, 0x70, 0x72, 0x65, 0x66, 0x69, 0x78, 0x65, 0x73, 0x20, 0x74, 0x68, 0x65, 0x20, 0x6e, 0x65
  .byte 0x77, 0x20, 0x75, 0x73, 0x65, 0x72, 0x20, 0x6d, 0x65, 0x73, 0x73, 0x61, 0x67, 0x65, 0x20, 0x77
  .byte 0x69, 0x74, 0x68, 0x20, 0x61, 0x20, 0x4a, 0x53, 0x4f, 0x4e, 0x20, 0x73, 0x6e, 0x61, 0x70, 0x73
  .byte 0x68, 0x6f, 0x74, 0x20, 0x6f, 0x66, 0x20, 0x63, 0x75, 0x72, 0x72, 0x65, 0x6e, 0x74, 0x20, 0x66
  .byte 0x6f, 0x72, 0x6d, 0x20, 0x76, 0x61, 0x6c, 0x75, 0x65, 0x73, 0x20, 0x66, 0x72, 0x6f, 0x6d, 0x20
  .byte 0x60, 0x6f, 0x6e, 0x53, 0x74, 0x61, 0x74, 0x65, 0x55, 0x70, 0x64, 0x61, 0x74, 0x65, 0x60, 0x2e
  .byte 0x0a, 0x2d, 0x20, 0x50, 0x4f, 0x53, 0x54, 0x73, 0x20, 0x74, 0x68, 0x65, 0x20, 0x2a, 0x2a, 0x66
  .byte 0x75, 0x6c, 0x6c, 0x2a, 0x2a, 0x20, 0x6d, 0x65, 0x73, 0x73, 0x61, 0x67, 0x65, 0x20, 0x6c, 0x69
  .byte 0x73, 0x74, 0x20, 0x73, 0x6f, 0x20, 0x74, 0x68, 0x65, 0x20, 0x6d, 0x6f, 0x64, 0x65, 0x6c, 0x20
  .byte 0x63, 0x61, 0x6e, 0x20, 0x73, 0x65, 0x65, 0x20, 0x74, 0x68, 0x65, 0x20, 0x70, 0x72, 0x65, 0x76
  .byte 0x69, 0x6f, 0x75, 0x73, 0x20, 0x66, 0x6f, 0x72, 0x6d, 0x20, 0x73, 0x70, 0x65, 0x63, 0x20, 0x61
  .byte 0x6e, 0x64, 0x20, 0x72, 0x65, 0x74, 0x75, 0x72, 0x6e, 0x20, 0x6f, 0x6e, 0x65, 0x20, 0x63, 0x6f
  .byte 0x6d, 0x70, 0x6c, 0x65, 0x74, 0x65, 0x20, 0x75, 0x70, 0x64, 0x61, 0x74, 0x65, 0x64, 0x20, 0x60
  .byte 0x46, 0x6f, 0x72, 0x6d, 0x60, 0x2e, 0x0a, 0x2d, 0x20, 0x60, 0x3c, 0x52, 0x65, 0x6e, 0x64, 0x65
  .byte 0x72, 0x65, 0x72, 0x20, 0x69, 0x6e, 0x69, 0x74, 0x69, 0x61, 0x6c, 0x53, 0x74, 0x61, 0x74, 0x65
  .byte 0x3d, 0x7b, 0x66, 0x6f, 0x72, 0x6d, 0x46, 0x69, 0x65, 0x6c, 0x64, 0x53, 0x6e, 0x61, 0x70, 0x73
  .byte 0x68, 0x6f, 0x74, 0x7d, 0x3e, 0x60, 0x20, 0x68, 0x79, 0x64, 0x72, 0x61, 0x74, 0x65, 0x73, 0x20
  .byte 0x74, 0x68, 0x65, 0x20, 0x70, 0x72, 0x65, 0x76, 0x69, 0x65, 0x77, 0x20, 0x77, 0x69, 0x74, 0x68
  .byte 0x20, 0x74, 0x68, 0x65, 0x20, 0x6c, 0x61, 0x74, 0x65, 0x73, 0x74, 0x20, 0x66, 0x69, 0x65, 0x6c
  .byte 0x64, 0x20, 0x76, 0x61, 0x6c, 0x75, 0x65, 0x73, 0x2c, 0x20, 0x73, 0x6f, 0x20, 0x66, 0x69, 0x6c
  .byte 0x6c, 0x65, 0x64, 0x20, 0x64, 0x61, 0x74, 0x61, 0x20, 0x69, 0x73, 0x20, 0x6e, 0x6f, 0x74, 0x20
  .byte 0x6c, 0x6f, 0x73, 0x74, 0x20, 0x6f, 0x6e, 0x20, 0x72, 0x65, 0x2d, 0x72, 0x65, 0x6e, 0x64, 0x65
  .byte 0x72, 0x2e, 0x0a, 0x0a, 0x43, 0x6c, 0x69, 0x63, 0x6b, 0x20, 0x2a, 0x2a, 0x52, 0x65, 0x73, 0x65
  .byte 0x74, 0x2a, 0x2a, 0x20, 0x74, 0x6f, 0x20, 0x63, 0x6c, 0x65, 0x61, 0x72, 0x20, 0x68, 0x69, 0x73
  .byte 0x74, 0x6f, 0x72, 0x79, 0x20, 0x61, 0x6e, 0x64, 0x20, 0x73, 0x74, 0x61, 0x72, 0x74, 0x20, 0x61
  .byte 0x20, 0x66, 0x72, 0x65, 0x73, 0x68, 0x20, 0x66, 0x6f, 0x72, 0x6d, 0x2e, 0x0a, 0x0a, 0x2d, 0x2d
  .byte 0x2d, 0x0a, 0x0a, 0x23, 0x23, 0x20, 0x50, 0x72, 0x6f, 0x6a, 0x65, 0x63, 0x74, 0x20, 0x53, 0x74
  .byte 0x72, 0x75, 0x63, 0x74, 0x75, 0x72, 0x65, 0x0a, 0x0a, 0x60, 0x60, 0x60, 0x0a, 0x66, 0x6f, 0x72
  .byte 0x6d, 0x2d, 0x67, 0x65, 0x6e, 0x65, 0x72, 0x61, 0x74, 0x6f, 0x72, 0x2f, 0x0a, 0xe2, 0x94, 0x9c
  .byte 0xe2, 0x94, 0x80, 0xe2, 0x94, 0x80, 0x20, 0x73, 0x72, 0x63, 0x2f, 0x0a, 0xe2, 0x94, 0x82, 0x20
  .byte 0x20, 0x20, 0xe2, 0x94, 0x9c, 0xe2, 0x94, 0x80, 0xe2, 0x94, 0x80, 0x20, 0x61, 0x70, 0x70, 0x2f
  .byte 0x0a, 0xe2, 0x94, 0x82, 0x20, 0x20, 0x20, 0xe2, 0x94, 0x82, 0x20, 0x20, 0x20, 0xe2, 0x94, 0x9c
  .byte 0xe2, 0x94, 0x80, 0xe2, 0x94, 0x80, 0x20, 0x61, 0x70, 0x69, 0x2f, 0x63, 0x68, 0x61, 0x74, 0x2f
  .byte 0x72, 0x6f, 0x75, 0x74, 0x65, 0x2e, 0x74, 0x73, 0x20, 0x20, 0x20, 0x20, 0x20, 0x20, 0x23, 0x20
  .byte 0x53, 0x74, 0x72, 0x65, 0x61, 0x6d, 0x69, 0x6e, 0x67, 0x20, 0x65, 0x6e, 0x64, 0x70, 0x6f, 0x69
  .byte 0x6e, 0x74, 0x20, 0x28, 0x4f, 0x70, 0x65, 0x6e, 0x41, 0x49, 0x20, 0x53, 0x44, 0x4b, 0x20, 0x2b
  .byte 0x20, 0x53, 0x53, 0x45, 0x2c, 0x20, 0x6e, 0x6f, 0x20, 0x74, 0x6f, 0x6f, 0x6c, 0x73, 0x29, 0x0a
  .byte 0xe2, 0x94, 0x82, 0x20, 0x20, 0x20, 0xe2, 0x94, 0x82, 0x20, 0x20, 0x20, 0xe2, 0x94, 0x9c, 0xe2
  .byte 0x94, 0x80, 0xe2, 0x94, 0x80, 0x20, 0x70, 0x61, 0x67, 0x65, 0x2e, 0x74, 0x73, 0x78, 0x20, 0x20
  .byte 0x20, 0x20, 0x20, 0x20, 0x20, 0x20, 0x20, 0x20, 0x20, 0x20, 0x20, 0x20, 0x20, 0x23, 0x20, 0x54
  .byte 0x77, 0x6f, 0x2d, 0x63, 0x6f, 0x6c, 0x75, 0x6d, 0x6e, 0x20, 0x66, 0x6f, 0x72, 0x6d, 0x20, 0x67
  .byte 0x65, 0x6e, 0x65, 0x72, 0x61, 0x74, 0x6f, 0x72, 0x20, 0x55, 0x49, 0x0a, 0xe2, 0x94, 0x82, 0x20
  .byte 0x20, 0x20, 0xe2, 0x94, 0x82, 0x20, 0x20, 0x20, 0xe2, 0x94, 0x9c, 0xe2, 0x94, 0x80, 0xe2, 0x94
  .byte 0x80, 0x20, 0x6c, 0x61, 0x79, 0x6f, 0x75, 0x74, 0x2e, 0x74, 0x73, 0x78, 0x20, 0x20, 0x20, 0x20
  .byte 0x20, 0x20, 0x20, 0x20, 0x20, 0x20, 0x20, 0x20, 0x20, 0x23, 0x20, 0x52, 0x6f, 0x6f, 0x74, 0x20
  .byte 0x6c, 0x61, 0x79, 0x6f, 0x75, 0x74, 0x20, 0x28, 0x6e, 0x6f, 0x20, 0x65, 0x78, 0x74, 0x65, 0x72
  .byte 0x6e, 0x61, 0x6c, 0x20, 0x70, 0x72, 0x6f, 0x76, 0x69, 0x64, 0x65, 0x72, 0x20, 0x6e, 0x65, 0x65
  .byte 0x64, 0x65, 0x64, 0x29, 0x0a, 0xe2, 0x94, 0x82, 0x20, 0x20, 0x20, 0xe2, 0x94, 0x82, 0x20, 0x20
  .byte 0x20, 0xe2, 0x94, 0x94, 0xe2, 0x94, 0x80, 0xe2, 0x94, 0x80, 0x20, 0x67, 0x6c, 0x6f, 0x62, 0x61
  .byte 0x6c, 0x73, 0x2e, 0x63, 0x73, 0x73, 0x20, 0x20, 0x20, 0x20, 0x20, 0x20, 0x20, 0x20, 0x20, 0x20
  .byte 0x20, 0x20, 0x23, 0x20, 0x54, 0x61, 0x69, 0x6c, 0x77, 0x69, 0x6e, 0x64, 0x20, 0x2b, 0x20, 0x48
  .byte 0x65, 0x72, 0x6f, 0x55, 0x49, 0x20, 0x73, 0x74, 0x79, 0x6c, 0x65, 0x73, 0x0a, 0xe2, 0x94, 0x82
  .byte 0x20, 0x20, 0x20, 0xe2, 0x94, 0x9c, 0xe2, 0x94, 0x80, 0xe2, 0x94, 0x80, 0x20, 0x6c, 0x69, 0x62
  .byte 0x2f, 0x0a, 0xe2, 0x94, 0x82, 0x20, 0x20, 0x20, 0xe2, 0x94, 0x82, 0x20, 0x20, 0x20, 0xe2, 0x94
  .byte 0x94, 0xe2, 0x94, 0x80, 0xe2, 0x94, 0x80, 0x20, 0x68, 0x65, 0x72, 0x6f, 0x75, 0x69, 0x2d, 0x67
  .byte 0x65, 0x6e, 0x75, 0x69, 0x2f, 0x20, 0x20, 0x20, 0x20, 0x20, 0x20, 0x20, 0x20, 0x20, 0x20, 0x23
  .byte 0x20, 0x43, 0x75, 0x73, 0x74, 0x6f, 0x6d, 0x20, 0x4f, 0x70, 0x65, 0x6e, 0x55, 0x49, 0x20, 0x63
  .byte 0x6f, 0x6d, 0x70, 0x6f, 0x6e, 0x65, 0x6e, 0x74, 0x20, 0x6c, 0x69, 0x62, 0x72, 0x61, 0x72, 0x79
  .byte 0x0a, 0xe2, 0x94, 0x82, 0x20, 0x20, 0x20, 0xe2, 0x94, 0x82, 0x20, 0x20, 0x20, 0x20, 0x20, 0x20
  .byte 0x20, 0xe2, 0x94, 0x9c, 0xe2, 0x94, 0x80, 0xe2, 0x94, 0x80, 0x20, 0x69, 0x6e, 0x64, 0x65, 0x78
  .byte 0x2e, 0x74, 0x73, 0x78, 0x20, 0x20, 0x20, 0x20, 0x20, 0x20, 0x20, 0x20, 0x20, 0x20, 0x23, 0x20
  .byte 0x4c, 0x69, 0x62, 0x72, 0x61, 0x72, 0x79, 0x20, 0x2b, 0x20, 0x68, 0x65, 0x72, 0x6f, 0x75, 0x69
  .byte 0x46, 0x6f, 0x72, 0x6d, 0x50, 0x72, 0x6f, 0x6d, 0x70, 0x74, 0x4f, 0x70, 0x74, 0x69, 0x6f, 0x6e
  .byte 0x73, 0x20, 0x65, 0x78, 0x70, 0x6f, 0x72, 0x74, 0x0a, 0xe2, 0x94, 0x82, 0x20, 0x20, 0x20, 0xe2
  .byte 0x94, 0x82, 0x20, 0x20, 0x20, 0x20, 0x20, 0x20, 0x20, 0xe2, 0x94, 0x9c, 0xe2, 0x94, 0x80, 0xe2
  .byte 0x94, 0x80, 0x20, 0x61, 0x63, 0x74, 0x69, 0x6f, 0x6e, 0x2e, 0x74, 0x73, 0x20, 0x20, 0x20, 0x20
  .byte 0x20, 0x20, 0x20, 0x20, 0x20, 0x20, 0x23, 0x20, 0x42, 0x75, 0x74, 0x74, 0x6f, 0x6e, 0x20, 0x61
  .byte 0x63, 0x74, 0x69, 0x6f, 0x6e, 0x20, 0x5a, 0x6f, 0x64, 0x20, 0x73, 0x63, 0x68, 0x65, 0x6d, 0x61
  .byte 0x73, 0x0a, 0xe2, 0x94, 0x82, 0x20, 0x20, 0x20, 0xe2, 0x94, 0x82, 0x20, 0x20, 0x20, 0x20, 0x20
  .byte 0x20, 0x20, 0xe2, 0x94, 0x9c, 0xe2, 0x94, 0x80, 0xe2, 0x94, 0x80, 0x20, 0x72, 0x75, 0x6c, 0x65
  .byte 0x73, 0x2e, 0x74, 0x73, 0x20, 0x20, 0x20, 0x20, 0x20, 0x20, 0x20, 0x20, 0x20, 0x20, 0x20, 0x23
  .byte 0x20, 0x46, 0x6f, 0x72, 0x6d, 0x20, 0x76, 0x61, 0x6c, 0x69, 0x64, 0x61, 0x74, 0x69, 0x6f, 0x6e
  .byte 0x20, 0x72, 0x75, 0x6c, 0x65, 0x20, 0x73, 0x63, 0x68, 0x65, 0x6d, 0x61, 0x73, 0x0a, 0xe2, 0x94
  .byte 0x82, 0x20, 0x20, 0x20, 0xe2, 0x94, 0x82, 0x20, 0x20, 0x20, 0x20, 0x20, 0x20, 0x20, 0xe2, 0x94
  .byte 0x94, 0xe2, 0x94, 0x80, 0xe2, 0x94, 0x80, 0x20, 0x63, 0x6f, 0x6d, 0x70, 0x6f, 0x6e, 0x65, 0x6e
  .byte 0x74, 0x73, 0x2f, 0x20, 0x20, 0x20, 0x20, 0x20, 0x20, 0x20, 0x20, 0x23, 0x20, 0x4f, 0x6e, 0x65
  .byte 0x20, 0x66, 0x69, 0x6c, 0x65, 0x20, 0x70, 0x65, 0x72, 0x20, 0x63, 0x6f, 0x6d, 0x70, 0x6f, 0x6e
  .byte 0x65, 0x6e, 0x74, 0x0a, 0xe2, 0x94, 0x82, 0x20, 0x20, 0x20, 0xe2, 0x94, 0x9c, 0xe2, 0x94, 0x80
  .byte 0xe2, 0x94, 0x80, 0x20, 0x67, 0x65, 0x6e, 0x65, 0x72, 0x61, 0x74, 0x65, 0x64, 0x2f, 0x0a, 0xe2
  .byte 0x94, 0x82, 0x20, 0x20, 0x20, 0xe2, 0x94, 0x82, 0x20, 0x20, 0x20, 0xe2, 0x94, 0x94, 0xe2, 0x94
  .byte 0x80, 0xe2, 0x94, 0x80, 0x20, 0x73, 0x79, 0x73, 0x74, 0x65, 0x6d, 0x2d, 0x70, 0x72, 0x6f, 0x6d
  .byte 0x70, 0x74, 0x2e, 0x74, 0x78, 0x74, 0x20, 0x20, 0x20, 0x20, 0x20, 0x20, 0x23, 0x20, 0x41, 0x75
  .byte 0x74, 0x6f, 0x2d, 0x67, 0x65, 0x6e, 0x65, 0x72, 0x61, 0x74, 0x65, 0x64, 0x20, 0xe2, 0x80, 0x94
  .byte 0x20, 0x64, 0x6f, 0x20, 0x6e, 0x6f, 0x74, 0x20, 0x65, 0x64, 0x69, 0x74, 0x20, 0x6d, 0x61, 0x6e
  .byte 0x75, 0x61, 0x6c, 0x6c, 0x79, 0x0a, 0xe2, 0x94, 0x82, 0x20, 0x20, 0x20, 0xe2, 0x94, 0x94, 0xe2
  .byte 0x94, 0x80, 0xe2, 0x94, 0x80, 0x20, 0x6c, 0x69, 0x62, 0x72, 0x61, 0x72, 0x79, 0x2e, 0x74, 0x73
  .byte 0x20, 0x20, 0x20, 0x20, 0x20, 0x20, 0x20, 0x20, 0x20, 0x20, 0x20, 0x20, 0x20, 0x20, 0x20, 0x20
  .byte 0x20, 0x23, 0x20, 0x43, 0x4c, 0x49, 0x20, 0x65, 0x6e, 0x74, 0x72, 0x79, 0x20, 0xe2, 0x80, 0x94
  .byte 0x20, 0x72, 0x65, 0x2d, 0x65, 0x78, 0x70, 0x6f, 0x72, 0x74, 0x73, 0x20, 0x6c, 0x69, 0x62, 0x72
  .byte 0x61, 0x72, 0x79, 0x20, 0x2b, 0x20, 0x70, 0x72, 0x6f, 0x6d, 0x70, 0x74, 0x4f, 0x70, 0x74, 0x69
  .byte 0x6f, 0x6e, 0x73, 0x0a, 0xe2, 0x94, 0x94, 0xe2, 0x94, 0x80, 0xe2, 0x94, 0x80, 0x20, 0x70, 0x61
  .byte 0x63, 0x6b, 0x61, 0x67, 0x65, 0x2e, 0x6a, 0x73, 0x6f, 0x6e, 0x0a, 0x60, 0x60, 0x60, 0x0a, 0x0a
  .byte 0x2d, 0x2d, 0x2d, 0x0a, 0x0a, 0x23, 0x23, 0x20, 0x47, 0x65, 0x74, 0x74, 0x69, 0x6e, 0x67, 0x20
  .byte 0x53, 0x74, 0x61, 0x72, 0x74, 0x65, 0x64, 0x0a, 0x0a, 0x23, 0x23, 0x23, 0x20, 0x50, 0x72, 0x65
  .byte 0x72, 0x65, 0x71, 0x75, 0x69, 0x73, 0x69, 0x74, 0x65, 0x73, 0x0a, 0x0a, 0x2d, 0x20, 0x4e, 0x6f
  .byte 0x64, 0x65, 0x2e, 0x6a, 0x73, 0x20, 0x31, 0x38, 0x2b, 0x0a, 0x2d, 0x20, 0x70, 0x6e, 0x70, 0x6d
  .byte 0x0a, 0x2d, 0x20, 0x41, 0x6e, 0x20, 0x4f, 0x70, 0x65, 0x6e, 0x41, 0x49, 0x20, 0x41, 0x50, 0x49
  .byte 0x20, 0x6b, 0x65, 0x79, 0x0a, 0x0a, 0x23, 0x23, 0x23, 0x20, 0x31, 0x2e, 0x20, 0x49, 0x6e, 0x73
  .byte 0x74, 0x61, 0x6c, 0x6c, 0x20, 0x64, 0x65, 0x70, 0x65, 0x6e, 0x64, 0x65, 0x6e, 0x63, 0x69, 0x65
  .byte 0x73, 0x0a, 0x0a, 0x60, 0x60, 0x60, 0x62, 0x61, 0x73, 0x68, 0x0a, 0x63, 0x64, 0x20, 0x65, 0x78
  .byte 0x61, 0x6d, 0x70, 0x6c, 0x65, 0x73, 0x2f, 0x66, 0x6f, 0x72, 0x6d, 0x2d, 0x67, 0x65, 0x6e, 0x65
  .byte 0x72, 0x61, 0x74, 0x6f, 0x72, 0x0a, 0x70, 0x6e, 0x70, 0x6d, 0x20, 0x69, 0x6e, 0x73, 0x74, 0x61
  .byte 0x6c, 0x6c, 0x0a, 0x60, 0x60, 0x60, 0x0a, 0x0a, 0x23, 0x23, 0x23, 0x20, 0x32, 0x2e, 0x20, 0x43
  .byte 0x6f, 0x6e, 0x66, 0x69, 0x67, 0x75, 0x72, 0x65, 0x20, 0x65, 0x6e, 0x76, 0x69, 0x72, 0x6f, 0x6e
  .byte 0x6d, 0x65, 0x6e, 0x74, 0x0a, 0x0a, 0x43, 0x72, 0x65, 0x61, 0x74, 0x65, 0x20, 0x61, 0x20, 0x60
  .byte 0x2e, 0x65, 0x6e, 0x76, 0x2e, 0x6c, 0x6f, 0x63, 0x61, 0x6c, 0x60, 0x20, 0x66, 0x69, 0x6c, 0x65
  .byte 0x20, 0x69, 0x6e, 0x20, 0x74, 0x68, 0x65, 0x20, 0x60, 0x65, 0x78, 0x61, 0x6d, 0x70, 0x6c, 0x65
  .byte 0x73, 0x2f, 0x66, 0x6f, 0x72, 0x6d, 0x2d, 0x67, 0x65, 0x6e, 0x65, 0x72, 0x61, 0x74, 0x6f, 0x72
  .byte 0x2f, 0x60, 0x20, 0x64, 0x69, 0x72, 0x65, 0x63, 0x74, 0x6f, 0x72, 0x79, 0x3a, 0x0a, 0x0a, 0x60
  .byte 0x60, 0x60, 0x0a, 0x4f, 0x50, 0x45, 0x4e, 0x41, 0x49, 0x5f, 0x41, 0x50, 0x49, 0x5f, 0x4b, 0x45
  .byte 0x59, 0x3d, 0x73, 0x6b, 0x2d, 0x2e, 0x2e, 0x2e, 0x0a, 0x60, 0x60, 0x60, 0x0a, 0x0a, 0x23, 0x23
  .byte 0x23, 0x20, 0x33, 0x2e, 0x20, 0x53, 0x74, 0x61, 0x72, 0x74, 0x20, 0x74, 0x68, 0x65, 0x20, 0x64
  .byte 0x65, 0x76, 0x20, 0x73, 0x65, 0x72, 0x76, 0x65, 0x72, 0x0a, 0x0a, 0x60, 0x60, 0x60, 0x62, 0x61
  .byte 0x73, 0x68, 0x0a, 0x70, 0x6e, 0x70, 0x6d, 0x20, 0x64, 0x65, 0x76, 0x0a, 0x60, 0x60, 0x60, 0x0a
  .byte 0x0a, 0x54, 0x68, 0x69, 0x73, 0x20, 0x72, 0x75, 0x6e, 0x73, 0x20, 0x60, 0x67, 0x65, 0x6e, 0x65
  .byte 0x72, 0x61, 0x74, 0x65, 0x3a, 0x70, 0x72, 0x6f, 0x6d, 0x70, 0x74, 0x60, 0x20, 0x66, 0x69, 0x72
  .byte 0x73, 0x74, 0x20, 0x28, 0x62, 0x75, 0x69, 0x6c, 0x64, 0x73, 0x20, 0x74, 0x68, 0x65, 0x20, 0x4f
  .byte 0x70, 0x65, 0x6e, 0x55, 0x49, 0x20, 0x43, 0x4c, 0x49, 0x2c, 0x20, 0x63, 0x6f, 0x6d, 0x70, 0x69
  .byte 0x6c, 0x65, 0x73, 0x20, 0x60, 0x73, 0x72, 0x63, 0x2f, 0x6c, 0x69, 0x62, 0x72, 0x61, 0x72, 0x79
  .byte 0x2e, 0x74, 0x73, 0x60, 0x20, 0xe2, 0x86, 0x92, 0x20, 0x60, 0x73, 0x72, 0x63, 0x2f, 0x67, 0x65
  .byte 0x6e, 0x65, 0x72, 0x61, 0x74, 0x65, 0x64, 0x2f, 0x73, 0x79, 0x73, 0x74, 0x65, 0x6d, 0x2d, 0x70
  .byte 0x72, 0x6f, 0x6d, 0x70, 0x74, 0x2e, 0x74, 0x78, 0x74, 0x60, 0x29, 0x20, 0x74, 0x68, 0x65, 0x6e
  .byte 0x20, 0x73, 0x74, 0x61, 0x72, 0x74, 0x73, 0x20, 0x74, 0x68, 0x65, 0x20, 0x4e, 0x65, 0x78, 0x74
  .byte 0x2e, 0x6a, 0x73, 0x20, 0x64, 0x65, 0x76, 0x20, 0x73, 0x65, 0x72, 0x76, 0x65, 0x72, 0x20, 0x61
  .byte 0x74, 0x20, 0x60, 0x68, 0x74, 0x74, 0x70, 0x3a, 0x2f, 0x2f, 0x6c, 0x6f, 0x63, 0x61, 0x6c, 0x68
  .byte 0x6f, 0x73, 0x74, 0x3a, 0x33, 0x30, 0x30, 0x30, 0x60, 0x2e, 0x0a, 0x0a, 0x2d, 0x2d, 0x2d, 0x0a
  .byte 0x0a, 0x23, 0x23, 0x20, 0x57, 0x68, 0x61, 0x74, 0x27, 0x73, 0x20, 0x69, 0x6e, 0x20, 0x54, 0x68
  .byte 0x69, 0x73, 0x20, 0x45, 0x78, 0x61, 0x6d, 0x70, 0x6c, 0x65, 0x0a, 0x0a, 0x23, 0x23, 0x23, 0x20
  .byte 0x53, 0x79, 0x73, 0x74, 0x65, 0x6d, 0x20, 0x50, 0x72, 0x6f, 0x6d, 0x70, 0x74, 0x20, 0x47, 0x65
  .byte 0x6e, 0x65, 0x72, 0x61, 0x74, 0x69, 0x6f, 0x6e, 0x0a, 0x0a, 0x43, 0x6f, 0x6d, 0x70, 0x6f, 0x6e
  .byte 0x65, 0x6e, 0x74, 0x20, 0x64, 0x65, 0x66, 0x69, 0x6e, 0x69, 0x74, 0x69, 0x6f, 0x6e, 0x73, 0x20
  .byte 0x61, 0x6e, 0x64, 0x20, 0x66, 0x6f, 0x72, 0x6d, 0x2d, 0x66, 0x6f, 0x63, 0x75, 0x73, 0x65, 0x64
  .byte 0x20, 0x70, 0x72, 0x6f, 0x6d, 0x70, 0x74, 0x20, 0x6f, 0x70, 0x74, 0x69, 0x6f, 0x6e, 0x73, 0x20
  .byte 0x6c, 0x69, 0x76, 0x65, 0x20, 0x69, 0x6e, 0x20, 0x60, 0x73, 0x72, 0x63, 0x2f, 0x6c, 0x69, 0x62
  .byte 0x2f, 0x68, 0x65, 0x72, 0x6f, 0x75, 0x69, 0x2d, 0x67, 0x65, 0x6e, 0x75, 0x69, 0x2f, 0x69, 0x6e
  .byte 0x64, 0x65, 0x78, 0x2e, 0x74, 0x73, 0x78, 0x60, 0x20, 0x28, 0x60, 0x63, 0x72, 0x65, 0x61, 0x74
  .byte 0x65, 0x4c, 0x69, 0x62, 0x72, 0x61, 0x72, 0x79, 0x28, 0x29, 0x60, 0x2c, 0x20, 0x60, 0x68, 0x65
  .byte 0x72, 0x6f, 0x75, 0x69, 0x46, 0x6f, 0x72, 0x6d, 0x50, 0x72, 0x6f, 0x6d, 0x70, 0x74, 0x4f, 0x70
  .byte 0x74, 0x69, 0x6f, 0x6e, 0x73, 0x60, 0x29, 0x2e, 0x20, 0x54, 0x68, 0x65, 0x20, 0x66, 0x69, 0x6c
  .byte 0x65, 0x20, 0x60, 0x73, 0x72, 0x63, 0x2f, 0x6c, 0x69, 0x62, 0x72, 0x61, 0x72, 0x79, 0x2e, 0x74
  .byte 0x73, 0x60, 0x20, 0x72, 0x65, 0x2d, 0x65, 0x78, 0x70, 0x6f, 0x72, 0x74, 0x73, 0x20, 0x74, 0x68
  .byte 0x65, 0x6d, 0x20, 0x61, 0x73, 0x20, 0x60, 0x6c, 0x69, 0x62, 0x72, 0x61, 0x72, 0x79, 0x60, 0x20
  .byte 0x61, 0x6e, 0x64, 0x20, 0x60, 0x70, 0x72, 0x6f, 0x6d, 0x70, 0x74, 0x4f, 0x70, 0x74, 0x69, 0x6f
  .byte 0x6e, 0x73, 0x60, 0x20, 0x66, 0x6f, 0x72, 0x20, 0x74, 0x68, 0x65, 0x20, 0x4f, 0x70, 0x65, 0x6e
  .byte 0x55, 0x49, 0x20, 0x43, 0x4c, 0x49, 0x2e, 0x0a, 0x0a, 0x57, 0x68, 0x65, 0x6e, 0x20, 0x79, 0x6f
  .byte 0x75, 0x20, 0x72, 0x75, 0x6e, 0x20, 0x60, 0x70, 0x6e, 0x70, 0x6d, 0x20, 0x64, 0x65, 0x76, 0x60
  .byte 0x20, 0x6f, 0x72, 0x20, 0x60, 0x70, 0x6e, 0x70, 0x6d, 0x20, 0x67, 0x65, 0x6e, 0x65, 0x72, 0x61
  .byte 0x74, 0x65, 0x3a, 0x70, 0x72, 0x6f, 0x6d, 0x70, 0x74, 0x60, 0x2c, 0x20, 0x74, 0x68, 0x65, 0x20
  .byte 0x43, 0x4c, 0x49, 0x20, 0x67, 0x65, 0x6e, 0x65, 0x72, 0x61, 0x74, 0x65, 0x73, 0x20, 0x60, 0x73
  .byte 0x72, 0x63, 0x2f, 0x67, 0x65, 0x6e, 0x65, 0x72, 0x61, 0x74, 0x65, 0x64, 0x2f, 0x73, 0x79, 0x73
  .byte 0x74, 0x65, 0x6d, 0x2d, 0x70, 0x72, 0x6f, 0x6d, 0x70, 0x74, 0x2e, 0x74, 0x78, 0x74, 0x60, 0x20
  .byte 0xe2, 0x80, 0x94, 0x20, 0x61, 0x20, 0x66, 0x69, 0x6c, 0x65, 0x20, 0x6c, 0x69, 0x73, 0x74, 0x69
  .byte 0x6e, 0x67, 0x20, 0x65, 0x76, 0x65, 0x72, 0x79, 0x20, 0x66, 0x6f, 0x72, 0x6d, 0x20, 0x63, 0x6f
  .byte 0x6d, 0x70, 0x6f, 0x6e, 0x65, 0x6e, 0x74, 0x27, 0x73, 0x20, 0x6e, 0x61, 0x6d, 0x65, 0x2c, 0x20
  .byte 0x70, 0x72, 0x6f, 0x70, 0x20, 0x73, 0x63, 0x68, 0x65, 0x6d, 0x61, 0x2c, 0x20, 0x64, 0x65, 0x73
  .byte 0x63, 0x72, 0x69, 0x70, 0x74, 0x69, 0x6f, 0x6e, 0x2c, 0x20, 0x61, 0x6e, 0x64, 0x20, 0x65, 0x78
  .byte 0x61, 0x6d, 0x70, 0x6c, 0x65, 0x73, 0x2e, 0x20, 0x54, 0x68, 0x69, 0x73, 0x20, 0x69, 0x73, 0x20
  .byte 0x74, 0x68, 0x65, 0x20, 0x4c, 0x4c, 0x4d, 0x27, 0x73, 0x20, 0x73, 0x79, 0x73, 0x74, 0x65, 0x6d
  .byte 0x20, 0x70, 0x72, 0x6f, 0x6d, 0x70, 0x74, 0x2e, 0x0a, 0x0a, 0x60, 0x68, 0x65, 0x72, 0x6f, 0x75
  .byte 0x69, 0x46, 0x6f, 0x72, 0x6d, 0x50, 0x72, 0x6f, 0x6d, 0x70, 0x74, 0x4f, 0x70, 0x74, 0x69, 0x6f
  .byte 0x6e, 0x73, 0x60, 0x20, 0x69, 0x6e, 0x63, 0x6c, 0x75, 0x64, 0x65, 0x73, 0x3a, 0x0a, 0x2d, 0x20
  .byte 0x2a, 0x2a, 0x4e, 0x6f, 0x20, 0x69, 0x6e, 0x6c, 0x69, 0x6e, 0x65, 0x20, 0x65, 0x78, 0x61, 0x6d
  .byte 0x70, 0x6c, 0x65, 0x73, 0x2a, 0x2a, 0x20, 0xe2, 0x80, 0x94, 0x20, 0x74, 0x68, 0x65, 0x20, 0x73
  .byte 0x79, 0x73, 0x74, 0x65, 0x6d, 0x20, 0x70, 0x72, 0x6f, 0x6d, 0x70, 0x74, 0x20, 0x69, 0x73, 0x20
  .byte 0x64, 0x65, 0x72, 0x69, 0x76, 0x65, 0x64, 0x20, 0x70, 0x75, 0x72, 0x65, 0x6c, 0x79, 0x20, 0x66
  .byte 0x72, 0x6f, 0x6d, 0x20, 0x63, 0x6f, 0x6d, 0x70, 0x6f, 0x6e, 0x65, 0x6e, 0x74, 0x20, 0x73, 0x69
  .byte 0x67, 0x6e, 0x61, 0x74, 0x75, 0x72, 0x65, 0x73, 0x20, 0x61, 0x6e, 0x64, 0x20, 0x74, 0x68, 0x65
  .byte 0x20, 0x61, 0x64, 0x64, 0x69, 0x74, 0x69, 0x6f, 0x6e, 0x61, 0x6c, 0x20, 0x72, 0x75, 0x6c, 0x65
  .byte 0x73, 0x20, 0x62, 0x65, 0x6c, 0x6f, 0x77, 0x0a, 0x2d, 0x20, 0x2a, 0x2a, 0x52, 0x75, 0x6c, 0x65
  .byte 0x73, 0x2a, 0x2a, 0x20, 0x74, 0x68, 0x61, 0x74, 0x20, 0x69, 0x6e, 0x73, 0x74, 0x72, 0x75, 0x63
  .byte 0x74, 0x20, 0x74, 0x68, 0x65, 0x20, 0x6d, 0x6f, 0x64, 0x65, 0x6c, 0x20, 0x74, 0x6f, 0x3a, 0x20
  .byte 0x61, 0x6c, 0x77, 0x61, 0x79, 0x73, 0x20, 0x75, 0x73, 0x65, 0x20, 0x60, 0x46, 0x6f, 0x72, 0x6d
  .byte 0x60, 0x20, 0x61, 0x73, 0x20, 0x74, 0x68, 0x65, 0x20, 0x72, 0x6f, 0x6f, 0x74, 0x20, 0x65, 0x6c
  .byte 0x65, 0x6d, 0x65, 0x6e, 0x74, 0x2c, 0x20, 0x61, 0x6c, 0x77, 0x61, 0x79, 0x73, 0x20, 0x69, 0x6e
  .byte 0x63, 0x6c, 0x75, 0x64, 0x65, 0x20, 0x60, 0x42, 0x75, 0x74, 0x74, 0x6f, 0x6e, 0x73, 0x60, 0x20
  .byte 0x77, 0x69, 0x74, 0x68, 0x20, 0x61, 0x20, 0x70, 0x72, 0x69, 0x6d, 0x61, 0x72, 0x79, 0x20, 0x73
  .byte 0x75, 0x62, 0x6d, 0x69, 0x74, 0x2c, 0x20, 0x64, 0x65, 0x66, 0x69, 0x6e, 0x65, 0x20, 0x65, 0x61
  .byte 0x63, 0x68, 0x20, 0x60, 0x46, 0x6f, 0x72, 0x6d, 0x43, 0x6f, 0x6e, 0x74, 0x72, 0x6f, 0x6c, 0x60
  .byte 0x20, 0x61, 0x73, 0x20, 0x69, 0x74, 0x73, 0x20, 0x6f, 0x77, 0x6e, 0x20, 0x72, 0x65, 0x66, 0x65
  .byte 0x72, 0x65, 0x6e, 0x63, 0x65, 0x20, 0x66, 0x6f, 0x72, 0x20, 0x73, 0x74, 0x72, 0x65, 0x61, 0x6d
  .byte 0x69, 0x6e, 0x67, 0x2c, 0x20, 0x74, 0x72, 0x65, 0x61, 0x74, 0x20, 0x66, 0x6f, 0x6c, 0x6c, 0x6f
  .byte 0x77, 0x2d, 0x75, 0x70, 0x20, 0x69, 0x6e, 0x73, 0x74, 0x72, 0x75, 0x63, 0x74, 0x69, 0x6f, 0x6e
  .byte 0x73, 0x20, 0x61, 0x73, 0x20, 0x72, 0x65, 0x66, 0x69, 0x6e, 0x65, 0x6d, 0x65, 0x6e, 0x74, 0x73
  .byte 0x20, 0x6f, 0x66, 0x20, 0x74, 0x68, 0x65, 0x20, 0x63, 0x75, 0x72, 0x72, 0x65, 0x6e, 0x74, 0x20
  .byte 0x66, 0x6f, 0x72, 0x6d, 0x0a, 0x0a, 0x52, 0x65, 0x2d, 0x72, 0x75, 0x6e, 0x20, 0x67, 0x65, 0x6e
  .byte 0x65, 0x72, 0x61, 0x74, 0x69, 0x6f, 0x6e, 0x20, 0x61, 0x6e, 0x79, 0x20, 0x74, 0x69, 0x6d, 0x65
  .byte 0x20, 0x79, 0x6f, 0x75, 0x20, 0x63, 0x68, 0x61, 0x6e, 0x67, 0x65, 0x20, 0x63, 0x6f, 0x6d, 0x70
  .byte 0x6f, 0x6e, 0x65, 0x6e, 0x74, 0x20, 0x64, 0x65, 0x66, 0x69, 0x6e, 0x69, 0x74, 0x69, 0x6f, 0x6e
  .byte 0x73, 0x3a, 0x0a, 0x0a, 0x60, 0x60, 0x60, 0x62, 0x61, 0x73, 0x68, 0x0a, 0x70, 0x6e, 0x70, 0x6d
  .byte 0x20, 0x67, 0x65, 0x6e, 0x65, 0x72, 0x61, 0x74, 0x65, 0x3a, 0x70, 0x72, 0x6f, 0x6d, 0x70, 0x74
  .byte 0x0a, 0x60, 0x60, 0x60, 0x0a, 0x0a, 0x23, 0x23, 0x23, 0x20, 0x60, 0x73, 0x72, 0x63, 0x2f, 0x61
  .byte 0x70, 0x70, 0x2f, 0x61, 0x70, 0x69, 0x2f, 0x63, 0x68, 0x61, 0x74, 0x2f, 0x72, 0x6f, 0x75, 0x74
  .byte 0x65, 0x2e, 0x74, 0x73, 0x60, 0x20, 0xe2, 0x80, 0x94, 0x20, 0x42, 0x61, 0x63, 0x6b, 0x65, 0x6e
  .byte 0x64, 0x0a, 0x0a, 0x41, 0x63, 0x63, 0x65, 0x70, 0x74, 0x73, 0x20, 0x60, 0x50, 0x4f, 0x53, 0x54
  .byte 0x20, 0x2f, 0x61, 0x70, 0x69, 0x2f, 0x63, 0x68, 0x61, 0x74, 0x60, 0x20, 0x77, 0x69, 0x74, 0x68
  .byte 0x20, 0x61, 0x20, 0x60, 0x6d, 0x65, 0x73, 0x73, 0x61, 0x67, 0x65, 0x73, 0x60, 0x20, 0x61, 0x72
  .byte 0x72, 0x61, 0x79, 0x2c, 0x20, 0x70, 0x72, 0x65, 0x70, 0x65, 0x6e, 0x64, 0x73, 0x20, 0x74, 0x68
  .byte 0x65, 0x20, 0x73, 0x79, 0x73, 0x74, 0x65, 0x6d, 0x20, 0x70, 0x72, 0x6f, 0x6d, 0x70, 0x74, 0x2c
  .byte 0x20, 0x61, 0x6e, 0x64, 0x20, 0x73, 0x74, 0x72, 0x65, 0x61, 0x6d, 0x73, 0x20, 0x74, 0x68, 0x65
  .byte 0x20, 0x4c, 0x4c, 0x4d, 0x20, 0x72, 0x65, 0x73, 0x70, 0x6f, 0x6e, 0x73, 0x65, 0x20, 0x61, 0x73
  .byte 0x20, 0x2a, 0x2a, 0x53, 0x65, 0x72, 0x76, 0x65, 0x72, 0x2d, 0x53, 0x65, 0x6e, 0x74, 0x20, 0x45
  .byte 0x76, 0x65, 0x6e, 0x74, 0x73, 0x20, 0x28, 0x53, 0x53, 0x45, 0x29, 0x2a, 0x2a, 0x20, 0x63, 0x6f
  .byte 0x6d, 0x70, 0x61, 0x74, 0x69, 0x62, 0x6c, 0x65, 0x20, 0x77, 0x69, 0x74, 0x68, 0x20, 0x60, 0x6f
  .byte 0x70, 0x65, 0x6e, 0x41, 0x49, 0x41, 0x64, 0x61, 0x70, 0x74, 0x65, 0x72, 0x28, 0x29, 0x60, 0x2e
  .byte 0x0a, 0x0a, 0x54, 0x6f, 0x6f, 0x6c, 0x73, 0x20, 0x61, 0x72, 0x65, 0x20, 0x69, 0x6e, 0x74, 0x65
  .byte 0x6e, 0x74, 0x69, 0x6f, 0x6e, 0x61, 0x6c, 0x6c, 0x79, 0x20, 0x6f, 0x6d, 0x69, 0x74, 0x74, 0x65
  .byte 0x64, 0x20, 0xe2, 0x80, 0x94, 0x20, 0x74, 0x68, 0x65, 0x20, 0x6d, 0x6f, 0x64, 0x65, 0x6c, 0x20
  .byte 0x66, 0x6f, 0x63, 0x75, 0x73, 0x65, 0x73, 0x20, 0x70, 0x75, 0x72, 0x65, 0x6c, 0x79, 0x20, 0x6f
  .byte 0x6e, 0x20, 0x67, 0x65, 0x6e, 0x65, 0x72, 0x61, 0x74, 0x69, 0x6e, 0x67, 0x20, 0x4f, 0x70, 0x65
  .byte 0x6e, 0x55, 0x49, 0x20, 0x4c, 0x61, 0x6e, 0x67, 0x20, 0x66, 0x6f, 0x72, 0x6d, 0x20, 0x64, 0x65
  .byte 0x66, 0x69, 0x6e, 0x69, 0x74, 0x69, 0x6f, 0x6e, 0x73, 0x2e, 0x0a, 0x0a, 0x23, 0x23, 0x23, 0x20
  .byte 0x60, 0x73, 0x72, 0x63, 0x2f, 0x61, 0x70, 0x70, 0x2f, 0x70, 0x61, 0x67, 0x65, 0x2e, 0x74, 0x73
  .byte 0x78, 0x60, 0x20, 0xe2, 0x80, 0x94, 0x20, 0x46, 0x72, 0x6f, 0x6e, 0x74, 0x65, 0x6e, 0x64, 0x0a
  .byte 0x0a, 0x54, 0x77, 0x6f, 0x2d, 0x63, 0x6f, 0x6c, 0x75, 0x6d, 0x6e, 0x20, 0x6c, 0x61, 0x79, 0x6f
  .byte 0x75, 0x74, 0x20, 0x62, 0x75, 0x69, 0x6c, 0x74, 0x20, 0x65, 0x6e, 0x74, 0x69, 0x72, 0x65, 0x6c
  .byte 0x79, 0x20, 0x77, 0x69, 0x74, 0x68, 0x20, 0x60, 0x40, 0x68, 0x65, 0x72, 0x6f, 0x75, 0x69, 0x2f
  .byte 0x72, 0x65, 0x61, 0x63, 0x74, 0x60, 0x3a, 0x0a, 0x0a, 0x7c, 0x20, 0x50, 0x61, 0x6e, 0x65, 0x6c
  .byte 0x20, 0x7c, 0x20, 0x43, 0x6f, 0x6e, 0x74, 0x65, 0x6e, 0x74, 0x73, 0x20, 0x7c, 0x0a, 0x7c, 0x20
  .byte 0x2d, 0x2d, 0x2d, 0x2d, 0x2d, 0x20, 0x7c, 0x20, 0x2d, 0x2d, 0x2d, 0x2d, 0x2d, 0x2d, 0x2d, 0x2d
  .byte 0x20, 0x7c, 0x0a, 0x7c, 0x20, 0x2a, 0x2a, 0x4c, 0x65, 0x66, 0x74, 0x2a, 0x2a, 0x20, 0x7c, 0x20
  .byte 0x60, 0x54, 0x65, 0x78, 0x74, 0x41, 0x72, 0x65, 0x61, 0x60, 0x20, 0x66, 0x6f, 0x72, 0x20, 0x69
  .byte 0x6e, 0x73, 0x74, 0x72, 0x75, 0x63, 0x74, 0x69, 0x6f, 0x6e, 0x73, 0x2c, 0x20, 0x60, 0x42, 0x75
  .byte 0x74, 0x74, 0x6f, 0x6e, 0x60, 0x20, 0x74, 0x6f, 0x20, 0x67, 0x65, 0x6e, 0x65, 0x72, 0x61, 0x74
  .byte 0x65, 0x2f, 0x72, 0x65, 0x66, 0x69, 0x6e, 0x65, 0x2c, 0x20, 0x65, 0x78, 0x61, 0x6d, 0x70, 0x6c
  .byte 0x65, 0x20, 0x60, 0x43, 0x68, 0x69, 0x70, 0x60, 0x73, 0x2c, 0x20, 0x69, 0x6e, 0x73, 0x74, 0x72
  .byte 0x75, 0x63, 0x74, 0x69, 0x6f, 0x6e, 0x20, 0x68, 0x69, 0x73, 0x74, 0x6f, 0x72, 0x79, 0x20, 0x7c
  .byte 0x0a, 0x7c, 0x20, 0x2a, 0x2a, 0x52, 0x69, 0x67, 0x68, 0x74, 0x2a, 0x2a, 0x20, 0x7c, 0x20, 0x60
  .byte 0x3c, 0x52, 0x65, 0x6e, 0x64, 0x65, 0x72, 0x65, 0x72, 0x3e, 0x60, 0x20, 0x69, 0x6e, 0x73, 0x69
  .byte 0x64, 0x65, 0x20, 0x61, 0x20, 0x60, 0x43, 0x61, 0x72, 0x64, 0x60, 0x20, 0xe2, 0x80, 0x94, 0x20
  .byte 0x6c, 0x69, 0x76, 0x65, 0x20, 0x4f, 0x70, 0x65, 0x6e, 0x55, 0x49, 0x20, 0x4c, 0x61, 0x6e, 0x67
  .byte 0x20, 0x70, 0x72, 0x65, 0x76, 0x69, 0x65, 0x77, 0x2c, 0x20, 0x73, 0x63, 0x72, 0x6f, 0x6c, 0x6c
  .byte 0x61, 0x62, 0x6c, 0x65, 0x2c, 0x20, 0x75, 0x70, 0x64, 0x61, 0x74, 0x65, 0x73, 0x20, 0x6f, 0x6e
  .byte 0x20, 0x65, 0x61, 0x63, 0x68, 0x20, 0x69, 0x74, 0x65, 0x72, 0x61, 0x74, 0x69, 0x6f, 0x6e, 0x20
  .byte 0x7c, 0x0a, 0x0a, 0x4b, 0x65, 0x79, 0x20, 0x63, 0x6c, 0x69, 0x65, 0x6e, 0x74, 0x2d, 0x73, 0x69
  .byte 0x64, 0x65, 0x20, 0x73, 0x74, 0x61, 0x74, 0x65, 0x3a, 0x0a, 0x0a, 0x7c, 0x20, 0x53, 0x74, 0x61
  .byte 0x74, 0x65, 0x20, 0x7c, 0x20, 0x50, 0x75, 0x72, 0x70, 0x6f, 0x73, 0x65, 0x20, 0x7c, 0x0a, 0x7c
  .byte 0x20, 0x2d, 0x2d, 0x2d, 0x2d, 0x2d, 0x20, 0x7c, 0x20, 0x2d, 0x2d, 0x2d, 0x2d, 0x2d, 0x2d, 0x2d
  .byte 0x20, 0x7c, 0x0a, 0x7c, 0x20, 0x60, 0x6d, 0x65, 0x73, 0x73, 0x61, 0x67, 0x65, 0x73, 0x60, 0x20
  .byte 0x7c, 0x20, 0x49, 0x6e, 0x2d, 0x6d, 0x65, 0x6d, 0x6f, 0x72, 0x79, 0x20, 0x4f, 0x70, 0x65, 0x6e
  .byte 0x41, 0x49, 0x2d, 0x73, 0x68, 0x61, 0x70, 0x65, 0x64, 0x20, 0x6d, 0x65, 0x73, 0x73, 0x61, 0x67
  .byte 0x65, 0x20, 0x6c, 0x69, 0x73, 0x74, 0x20, 0x73, 0x65, 0x6e, 0x74, 0x20, 0x6f, 0x6e, 0x20, 0x65
  .byte 0x76, 0x65, 0x72, 0x79, 0x20, 0x72, 0x65, 0x71, 0x75, 0x65, 0x73, 0x74, 0x20, 0x7c, 0x0a, 0x7c
  .byte 0x20, 0x60, 0x6c, 0x61, 0x74, 0x65, 0x73, 0x74, 0x43, 0x6f, 0x64, 0x65, 0x60, 0x20, 0x7c, 0x20
  .byte 0x4c, 0x61, 0x73, 0x74, 0x20, 0x61, 0x73, 0x73, 0x69, 0x73, 0x74, 0x61, 0x6e, 0x74, 0x27, 0x73
  .byte 0x20, 0x4f, 0x70, 0x65, 0x6e, 0x55, 0x49, 0x20, 0x4c, 0x61, 0x6e, 0x67, 0x20, 0x74, 0x65, 0x78
  .byte 0x74, 0x3b, 0x20, 0x70, 0x61, 0x73, 0x73, 0x65, 0x64, 0x20, 0x61, 0x73, 0x20, 0x60, 0x52, 0x65
  .byte 0x6e, 0x64, 0x65, 0x72, 0x65, 0x72, 0x60, 0x20, 0x60, 0x72, 0x65, 0x73, 0x70, 0x6f, 0x6e, 0x73
  .byte 0x65, 0x60, 0x20, 0x7c, 0x0a, 0x7c, 0x20, 0x60, 0x73, 0x74, 0x72, 0x65, 0x61, 0x6d, 0x69, 0x6e
  .byte 0x67, 0x43, 0x6f, 0x64, 0x65, 0x60, 0x20, 0x7c, 0x20, 0x41, 0x63, 0x63, 0x75, 0x6d, 0x75, 0x6c
  .byte 0x61, 0x74, 0x65, 0x73, 0x20, 0x74, 0x6f, 0x6b, 0x65, 0x6e, 0x73, 0x20, 0x6c, 0x69, 0x76, 0x65
  .byte 0x3b, 0x20, 0x70, 0x61, 0x73, 0x73, 0x65, 0x64, 0x20, 0x64, 0x75, 0x72, 0x69, 0x6e, 0x67, 0x20
  .byte 0x73, 0x74, 0x72, 0x65, 0x61, 0x6d, 0x69, 0x6e, 0x67, 0x20, 0x7c, 0x0a, 0x7c, 0x20, 0x60, 0x66
  .byte 0x6f, 0x72, 0x6d, 0x46, 0x69, 0x65, 0x6c, 0x64, 0x53, 0x6e, 0x61, 0x70, 0x73, 0x68, 0x6f, 0x74
  .byte 0x60, 0x20, 0x7c, 0x20, 0x43, 0x75, 0x72, 0x72, 0x65, 0x6e, 0x74, 0x20, 0x66, 0x6f, 0x72, 0x6d
  .byte 0x20, 0x66, 0x69, 0x65, 0x6c, 0x64, 0x20, 0x76, 0x61, 0x6c, 0x75, 0x65, 0x73, 0x20, 0x66, 0x72
  .byte 0x6f, 0x6d, 0x20, 0x60, 0x52, 0x65, 0x6e, 0x64, 0x65, 0x72, 0x65, 0x72, 0x60, 0x20, 0x60, 0x6f
  .byte 0x6e, 0x53, 0x74, 0x61, 0x74, 0x65, 0x55, 0x70, 0x64, 0x61, 0x74, 0x65, 0x60, 0x3b, 0x20, 0x75
  .byte 0x73, 0x65, 0x64, 0x20, 0x66, 0x6f, 0x72, 0x20, 0x60, 0x69, 0x6e, 0x69, 0x74, 0x69, 0x61, 0x6c
  .byte 0x53, 0x74, 0x61, 0x74, 0x65, 0x60, 0x20, 0x61, 0x6e, 0x64, 0x20, 0x6f, 0x70, 0x74, 0x69, 0x6f
  .byte 0x6e, 0x61, 0x6c, 0x6c, 0x79, 0x20, 0x70, 0x72, 0x65, 0x70, 0x65, 0x6e, 0x64, 0x65, 0x64, 0x20
  .byte 0x74, 0x6f, 0x20, 0x6e, 0x65, 0x78, 0x74, 0x20, 0x75, 0x73, 0x65, 0x72, 0x20, 0x6d, 0x65, 0x73
  .byte 0x73, 0x61, 0x67, 0x65, 0x20, 0x7c, 0x0a, 0x0a, 0x23, 0x23, 0x23, 0x20, 0x60, 0x73, 0x72, 0x63
  .byte 0x2f, 0x6c, 0x69, 0x62, 0x2f, 0x68, 0x65, 0x72, 0x6f, 0x75, 0x69, 0x2d, 0x67, 0x65, 0x6e, 0x75
  .byte 0x69, 0x2f, 0x60, 0x20, 0xe2, 0x80, 0x94, 0x20, 0x43, 0x75, 0x73, 0x74, 0x6f, 0x6d, 0x20, 0x43
  .byte 0x6f, 0x6d, 0x70, 0x6f, 0x6e, 0x65, 0x6e, 0x74, 0x20, 0x4c, 0x69, 0x62, 0x72, 0x61, 0x72, 0x79
  .byte 0x0a, 0x0a, 0x45, 0x61, 0x63, 0x68, 0x20, 0x63, 0x6f, 0x6d, 0x70, 0x6f, 0x6e, 0x65, 0x6e, 0x74
  .byte 0x20, 0x69, 0x73, 0x20, 0x64, 0x65, 0x66, 0x69, 0x6e, 0x65, 0x64, 0x20, 0x77, 0x69, 0x74, 0x68
  .byte 0x20, 0x60, 0x64, 0x65, 0x66, 0x69, 0x6e, 0x65, 0x43, 0x6f, 0x6d, 0x70, 0x6f, 0x6e, 0x65, 0x6e
  .byte 0x74, 0x28, 0x29, 0x60, 0x20, 0x66, 0x72, 0x6f, 0x6d, 0x20, 0x60, 0x40, 0x6f, 0x70, 0x65, 0x6e
  .byte 0x75, 0x69, 0x64, 0x65, 0x76, 0x2f, 0x72, 0x65, 0x61, 0x63, 0x74, 0x2d, 0x6c, 0x61, 0x6e, 0x67
  .byte 0x60, 0x3a, 0x0a, 0x0a, 0x2d, 0x20, 0x60, 0x6e, 0x61, 0x6d, 0x65, 0x60, 0x20, 0xe2, 0x80, 0x94
  .byte 0x20, 0x74, 0x68, 0x65, 0x20, 0x4f, 0x70, 0x65, 0x6e, 0x55, 0x49, 0x20, 0x4c, 0x61, 0x6e, 0x67
  .byte 0x20, 0x6e, 0x6f, 0x64, 0x65, 0x20, 0x6e, 0x61, 0x6d, 0x65, 0x20, 0x74, 0x68, 0x65, 0x20, 0x4c
  .byte 0x4c, 0x4d, 0x20, 0x77, 0x69, 0x6c, 0x6c, 0x20, 0x65, 0x6d, 0x69, 0x74, 0x0a, 0x2d, 0x20, 0x60
  .byte 0x70, 0x72, 0x6f, 0x70, 0x73, 0x60, 0x20, 0xe2, 0x80, 0x94, 0x20, 0x61, 0x20, 0x5a, 0x6f, 0x64
  .byte 0x20, 0x73, 0x63, 0x68, 0x65, 0x6d, 0x61, 0x20, 0x74, 0x68, 0x61, 0x74, 0x20, 0x76, 0x61, 0x6c
  .byte 0x69, 0x64, 0x61, 0x74, 0x65, 0x73, 0x20, 0x61, 0x6e, 0x64, 0x20, 0x74, 0x79, 0x70, 0x65, 0x73
  .byte 0x20, 0x74, 0x68, 0x65, 0x20, 0x6e, 0x6f, 0x64, 0x65, 0x27, 0x73, 0x20, 0x70, 0x72, 0x6f, 0x70
  .byte 0x73, 0x20, 0x61, 0x73, 0x20, 0x74, 0x68, 0x65, 0x79, 0x20, 0x73, 0x74, 0x72, 0x65, 0x61, 0x6d
  .byte 0x20, 0x69, 0x6e, 0x0a, 0x2d, 0x20, 0x60, 0x64, 0x65, 0x73, 0x63, 0x72, 0x69, 0x70, 0x74, 0x69
  .byte 0x6f, 0x6e, 0x60, 0x20, 0xe2, 0x80, 0x94, 0x20, 0x69, 0x6e, 0x63, 0x6c, 0x75, 0x64, 0x65, 0x64
  .byte 0x20, 0x69, 0x6e, 0x20, 0x74, 0x68, 0x65, 0x20, 0x73, 0x79, 0x73, 0x74, 0x65, 0x6d, 0x20, 0x70
  .byte 0x72, 0x6f, 0x6d, 0x70, 0x74, 0x0a, 0x2d, 0x20, 0x60, 0x63, 0x6f, 0x6d, 0x70, 0x6f, 0x6e, 0x65
  .byte 0x6e, 0x74, 0x60, 0x20, 0xe2, 0x80, 0x94, 0x20, 0x74, 0x68, 0x65, 0x20, 0x52, 0x65, 0x61, 0x63
  .byte 0x74, 0x20, 0x72, 0x65, 0x6e, 0x64, 0x65, 0x72, 0x20, 0x66, 0x75, 0x6e, 0x63, 0x74, 0x69, 0x6f
  .byte 0x6e, 0x3b, 0x20, 0x60, 0x72, 0x65, 0x6e, 0x64, 0x65, 0x72, 0x4e, 0x6f, 0x64, 0x65, 0x28, 0x29
  .byte 0x60, 0x20, 0x72, 0x65, 0x63, 0x75, 0x72, 0x73, 0x69, 0x76, 0x65, 0x6c, 0x79, 0x20, 0x72, 0x65
  .byte 0x6e, 0x64, 0x65, 0x72, 0x73, 0x20, 0x63, 0x68, 0x69, 0x6c, 0x64, 0x20, 0x6e, 0x6f, 0x64, 0x65
  .byte 0x73, 0x0a, 0x0a, 0x23, 0x23, 0x23, 0x23, 0x20, 0x46, 0x6f, 0x72, 0x6d, 0x20, 0x43, 0x6f, 0x6d
  .byte 0x70, 0x6f, 0x6e, 0x65, 0x6e, 0x74, 0x73, 0x0a, 0x0a, 0x7c, 0x20, 0x43, 0x6f, 0x6d, 0x70, 0x6f
  .byte 0x6e, 0x65, 0x6e, 0x74, 0x20, 0x7c, 0x20, 0x48, 0x65, 0x72, 0x6f, 0x55, 0x49, 0x20, 0x42, 0x61
  .byte 0x63, 0x6b, 0x69, 0x6e, 0x67, 0x20, 0x7c, 0x20, 0x50, 0x75, 0x72, 0x70, 0x6f, 0x73, 0x65, 0x20
  .byte 0x7c, 0x0a, 0x7c, 0x20, 0x2d, 0x2d, 0x2d, 0x2d, 0x2d, 0x2d, 0x2d, 0x2d, 0x2d, 0x20, 0x7c, 0x20
  .byte 0x2d, 0x2d, 0x2d, 0x2d, 0x2d, 0x2d, 0x2d, 0x2d, 0x2d, 0x2d, 0x2d, 0x2d, 0x2d, 0x2d, 0x20, 0x7c
  .byte 0x20, 0x2d, 0x2d, 0x2d, 0x2d, 0x2d, 0x2d, 0x2d, 0x20, 0x7c, 0x0a, 0x7c, 0x20, 0x60, 0x46, 0x6f
  .byte 0x72, 0x6d, 0x60, 0x20, 0x7c, 0x20, 0x60, 0x46, 0x6f, 0x72, 0x6d, 0x60, 0x2c, 0x20, 0x60, 0x53
  .byte 0x75, 0x72, 0x66, 0x61, 0x63, 0x65, 0x60, 0x20, 0x7c, 0x20, 0x52, 0x6f, 0x6f, 0x74, 0x20, 0x63
  .byte 0x6f, 0x6e, 0x74, 0x61, 0x69, 0x6e, 0x65, 0x72, 0x20, 0x77, 0x69, 0x74, 0x68, 0x20, 0x74, 0x69
  .byte 0x74, 0x6c, 0x65, 0x2c, 0x20, 0x76, 0x61, 0x6c, 0x69, 0x64, 0x61, 0x74, 0x69, 0x6f, 0x6e, 0x20
  .byte 0x63, 0x6f, 0x6e, 0x74, 0x65, 0x78, 0x74, 0x2c, 0x20, 0x61, 0x6e, 0x64, 0x20, 0x73, 0x75, 0x72
  .byte 0x66, 0x61, 0x63, 0x65, 0x20, 0x62, 0x61, 0x63, 0x6b, 0x67, 0x72, 0x6f, 0x75, 0x6e, 0x64, 0x20
  .byte 0x7c, 0x0a, 0x7c, 0x20, 0x60, 0x46, 0x6f, 0x72, 0x6d, 0x52, 0x6f, 0x77, 0x60, 0x20, 0x7c, 0x20
  .byte 0x60, 0x64, 0x69, 0x76, 0x60, 0x20, 0x7c, 0x20, 0x48, 0x6f, 0x72, 0x69, 0x7a, 0x6f, 0x6e, 0x74
  .byte 0x61, 0x6c, 0x20, 0x72, 0x6f, 0x77, 0x20, 0x66, 0x6f, 0x72, 0x20, 0x73, 0x69, 0x64, 0x65, 0x2d
  .byte 0x62, 0x79, 0x2d, 0x73, 0x69, 0x64, 0x65, 0x20, 0x66, 0x69, 0x65, 0x6c, 0x64, 0x73, 0x20, 0x7c
  .byte 0x0a, 0x7c, 0x20, 0x60, 0x46, 0x6f, 0x72, 0x6d, 0x43, 0x6f, 0x6e, 0x74, 0x72, 0x6f, 0x6c, 0x60
  .byte 0x20, 0x7c, 0x20, 0x60, 0x4c, 0x61, 0x62, 0x65, 0x6c, 0x60, 0x2c, 0x20, 0x60, 0x44, 0x65, 0x73
  .byte 0x63, 0x72, 0x69, 0x70, 0x74, 0x69, 0x6f, 0x6e, 0x60, 0x20, 0x7c, 0x20, 0x4c, 0x61, 0x62, 0x65
  .byte 0x6c, 0x65, 0x64, 0x20, 0x66, 0x69, 0x65, 0x6c, 0x64, 0x20, 0x77, 0x72, 0x61, 0x70, 0x70, 0x65
  .byte 0x72, 0x20, 0x7c, 0x0a, 0x7c, 0x20, 0x60, 0x49, 0x6e, 0x70, 0x75, 0x74, 0x60, 0x20, 0x7c, 0x20
  .byte 0x60, 0x49, 0x6e, 0x70, 0x75, 0x74, 0x60, 0x20, 0x7c, 0x20, 0x54, 0x65, 0x78, 0x74, 0x2c, 0x20
  .byte 0x65, 0x6d, 0x61, 0x69, 0x6c, 0x2c, 0x20, 0x70, 0x61, 0x73, 0x73, 0x77, 0x6f, 0x72, 0x64, 0x2c
  .byte 0x20, 0x65, 0x74, 0x63, 0x2e, 0x20, 0x7c, 0x0a, 0x7c, 0x20, 0x60, 0x54, 0x65, 0x78, 0x74, 0x41
  .byte 0x72, 0x65, 0x61, 0x60, 0x20, 0x7c, 0x20, 0x60, 0x54, 0x65, 0x78, 0x74, 0x41, 0x72, 0x65, 0x61
  .byte 0x60, 0x20, 0x7c, 0x20, 0x4d, 0x75, 0x6c, 0x74, 0x69, 0x2d, 0x6c, 0x69, 0x6e, 0x65, 0x20, 0x74
  .byte 0x65, 0x78, 0x74, 0x20, 0x7c, 0x0a, 0x7c, 0x20, 0x60, 0x53, 0x65, 0x6c, 0x65, 0x63, 0x74, 0x60
  .byte 0x20, 0x2f, 0x20, 0x60, 0x53, 0x65, 0x6c, 0x65, 0x63, 0x74, 0x49, 0x74, 0x65, 0x6d, 0x60, 0x20
  .byte 0x7c, 0x20, 0x60, 0x53, 0x65, 0x6c, 0x65, 0x63, 0x74, 0x60, 0x2c, 0x20, 0x60, 0x4c, 0x69, 0x73
  .byte 0x74, 0x42, 0x6f, 0x78, 0x60, 0x20, 0x7c, 0x20, 0x44, 0x72, 0x6f, 0x70, 0x64, 0x6f, 0x77, 0x6e
  .byte 0x20, 0x7c, 0x0a, 0x7c, 0x20, 0x60, 0x4e, 0x75, 0x6d, 0x62, 0x65, 0x72, 0x46, 0x69, 0x65, 0x6c
  .byte 0x64, 0x60, 0x20, 0x7c, 0x20, 0x60, 0x4e, 0x75, 0x6d, 0x62, 0x65, 0x72, 0x46, 0x69, 0x65, 0x6c
  .byte 0x64, 0x60, 0x20, 0x7c, 0x20, 0x4e, 0x75, 0x6d, 0x65, 0x72, 0x69, 0x63, 0x20, 0x69, 0x6e, 0x70
  .byte 0x75, 0x74, 0x20, 0x77, 0x69, 0x74, 0x68, 0x20, 0x73, 0x74, 0x65, 0x70, 0x70, 0x65, 0x72, 0x20
  .byte 0x7c, 0x0a, 0x7c, 0x20, 0x60, 0x53, 0x6c, 0x69, 0x64, 0x65, 0x72, 0x60, 0x20, 0x7c, 0x20, 0x60
  .byte 0x53, 0x6c, 0x69, 0x64, 0x65, 0x72, 0x60, 0x20, 0x7c, 0x20, 0x52, 0x61, 0x6e, 0x67, 0x65, 0x20
  .byte 0x69, 0x6e, 0x70, 0x75, 0x74, 0x20, 0x7c, 0x0a, 0x7c, 0x20, 0x60, 0x43, 0x68, 0x65, 0x63, 0x6b
  .byte 0x42, 0x6f, 0x78, 0x47, 0x72, 0x6f, 0x75, 0x70, 0x60, 0x20, 0x2f, 0x20, 0x60, 0x43, 0x68, 0x65
  .byte 0x63, 0x6b, 0x42, 0x6f, 0x78, 0x49, 0x74, 0x65, 0x6d, 0x60, 0x20, 0x7c, 0x20, 0x60, 0x43, 0x68
  .byte 0x65, 0x63, 0x6b, 0x62, 0x6f, 0x78, 0x47, 0x72, 0x6f, 0x75, 0x70, 0x60, 0x2c, 0x20, 0x60, 0x43
  .byte 0x68, 0x65, 0x63, 0x6b, 0x62, 0x6f, 0x78, 0x60, 0x20, 0x7c, 0x20, 0x4d, 0x75, 0x6c, 0x74, 0x69
  .byte 0x2d, 0x73, 0x65, 0x6c, 0x65, 0x63, 0x74, 0x20, 0x7c, 0x0a, 0x7c, 0x20, 0x60, 0x52, 0x61, 0x64
  .byte 0x69, 0x6f, 0x47, 0x72, 0x6f, 0x75, 0x70, 0x60, 0x20, 0x2f, 0x20, 0x60, 0x52, 0x61, 0x64, 0x69
  .byte 0x6f, 0x49, 0x74, 0x65, 0x6d, 0x60, 0x20, 0x7c, 0x20, 0x60, 0x52, 0x61, 0x64, 0x69, 0x6f, 0x47
  .byte 0x72, 0x6f, 0x75, 0x70, 0x60, 0x2c, 0x20, 0x60, 0x52, 0x61, 0x64, 0x69, 0x6f, 0x60, 0x20, 0x7c
  .byte 0x20, 0x53, 0x69, 0x6e, 0x67, 0x6c, 0x65, 0x2d, 0x73, 0x65, 0x6c, 0x65, 0x63, 0x74, 0x20, 0x7c
  .byte 0x0a, 0x7c, 0x20, 0x60, 0x53, 0x77, 0x69, 0x74, 0x63, 0x68, 0x47, 0x72, 0x6f, 0x75, 0x70, 0x60
  .byte 0x20, 0x2f, 0x20, 0x60, 0x53, 0x77, 0x69, 0x74, 0x63, 0x68, 0x49, 0x74, 0x65, 0x6d, 0x60, 0x20
  .byte 0x7c, 0x20, 0x60, 0x53, 0x77, 0x69, 0x74, 0x63, 0x68, 0x60, 0x20, 0x7c, 0x20, 0x54, 0x6f, 0x67
  .byte 0x67, 0x6c, 0x65, 0x20, 0x73, 0x77, 0x69, 0x74, 0x63, 0x68, 0x65, 0x73, 0x20, 0x7c, 0x0a, 0x7c
  .byte 0x20, 0x60, 0x42, 0x75, 0x74, 0x74, 0x6f, 0x6e, 0x60, 0x20, 0x2f, 0x20, 0x60, 0x42, 0x75, 0x74
  .byte 0x74, 0x6f, 0x6e, 0x73, 0x60, 0x20, 0x7c, 0x20, 0x60, 0x42, 0x75, 0x74, 0x74, 0x6f, 0x6e, 0x60
  .byte 0x2c, 0x20, 0x60, 0x42, 0x75, 0x74, 0x74, 0x6f, 0x6e, 0x47, 0x72, 0x6f, 0x75, 0x70, 0x60, 0x20
  .byte 0x7c, 0x20, 0x53, 0x75, 0x62, 0x6d, 0x69, 0x74, 0x20, 0x61, 0x6e, 0x64, 0x20, 0x61, 0x63, 0x74
  .byte 0x69, 0x6f, 0x6e, 0x20, 0x62, 0x75, 0x74, 0x74, 0x6f, 0x6e, 0x73, 0x20, 0x7c, 0x0a, 0x0a, 0x2d
  .byte 0x2d, 0x2d, 0x0a, 0x0a, 0x23, 0x23, 0x20, 0x53, 0x63, 0x72, 0x69, 0x70, 0x74, 0x73, 0x0a, 0x0a
  .byte 0x7c, 0x20, 0x53, 0x63, 0x72, 0x69, 0x70, 0x74, 0x20, 0x7c, 0x20, 0x44, 0x65, 0x73, 0x63, 0x72
  .byte 0x69, 0x70, 0x74, 0x69, 0x6f, 0x6e, 0x20, 0x7c, 0x0a, 0x7c, 0x20, 0x2d, 0x2d, 0x2d, 0x2d, 0x2d
  .byte 0x2d, 0x20, 0x7c, 0x20, 0x2d, 0x2d, 0x2d, 0x2d, 0x2d, 0x2d, 0x2d, 0x2d, 0x2d, 0x2d, 0x2d, 0x20
  .byte 0x7c, 0x0a, 0x7c, 0x20, 0x60, 0x70, 0x6e, 0x70, 0x6d, 0x20, 0x64, 0x65, 0x76, 0x60, 0x20, 0x7c
  .byte 0x20, 0x42, 0x75, 0x69, 0x6c, 0x64, 0x20, 0x4f, 0x70, 0x65, 0x6e, 0x55, 0x49, 0x20, 0x43, 0x4c
  .byte 0x49, 0x2c, 0x20, 0x67, 0x65, 0x6e, 0x65, 0x72, 0x61, 0x74, 0x65, 0x20, 0x73, 0x79, 0x73, 0x74
  .byte 0x65, 0x6d, 0x20, 0x70, 0x72, 0x6f, 0x6d, 0x70, 0x74, 0x2c, 0x20, 0x73, 0x74, 0x61, 0x72, 0x74
  .byte 0x20, 0x4e, 0x65, 0x78, 0x74, 0x2e, 0x6a, 0x73, 0x20, 0x64, 0x65, 0x76, 0x20, 0x73, 0x65, 0x72
  .byte 0x76, 0x65, 0x72, 0x20, 0x7c, 0x0a, 0x7c, 0x20, 0x60, 0x70, 0x6e, 0x70, 0x6d, 0x20, 0x67, 0x65
  .byte 0x6e, 0x65, 0x72, 0x61, 0x74, 0x65, 0x3a, 0x70, 0x72, 0x6f, 0x6d, 0x70, 0x74, 0x60, 0x20, 0x7c
  .byte 0x20, 0x42, 0x75, 0x69, 0x6c, 0x64, 0x20, 0x60, 0x40, 0x6f, 0x70, 0x65, 0x6e, 0x75, 0x69, 0x64
  .byte 0x65, 0x76, 0x2f, 0x63, 0x6c, 0x69, 0x60, 0x20, 0x61, 0x6e, 0x64, 0x20, 0x72, 0x65, 0x67, 0x65
  .byte 0x6e, 0x65, 0x72, 0x61, 0x74, 0x65, 0x20, 0x60, 0x73, 0x79, 0x73, 0x74, 0x65, 0x6d, 0x2d, 0x70
  .byte 0x72, 0x6f, 0x6d, 0x70, 0x74, 0x2e, 0x74, 0x78, 0x74, 0x60, 0x20, 0x7c, 0x0a, 0x7c, 0x20, 0x60
  .byte 0x70, 0x6e, 0x70, 0x6d, 0x20, 0x62, 0x75, 0x69, 0x6c, 0x64, 0x60, 0x20, 0x7c, 0x20, 0x42, 0x75
  .byte 0x69, 0x6c, 0x64, 0x20, 0x66, 0x6f, 0x72, 0x20, 0x70, 0x72, 0x6f, 0x64, 0x75, 0x63, 0x74, 0x69
  .byte 0x6f, 0x6e, 0x20, 0x7c, 0x0a, 0x7c, 0x20, 0x60, 0x70, 0x6e, 0x70, 0x6d, 0x20, 0x73, 0x74, 0x61
  .byte 0x72, 0x74, 0x60, 0x20, 0x7c, 0x20, 0x53, 0x74, 0x61, 0x72, 0x74, 0x20, 0x74, 0x68, 0x65, 0x20
  .byte 0x70, 0x72, 0x6f, 0x64, 0x75, 0x63, 0x74, 0x69, 0x6f, 0x6e, 0x20, 0x73, 0x65, 0x72, 0x76, 0x65
  .byte 0x72, 0x20, 0x7c, 0x0a, 0x0a, 0x2d, 0x2d, 0x2d, 0x0a, 0x0a, 0x23, 0x23, 0x20, 0x4c, 0x65, 0x61
  .byte 0x72, 0x6e, 0x20, 0x4d, 0x6f, 0x72, 0x65, 0x0a, 0x0a, 0x2d, 0x20, 0x5b, 0x4f, 0x70, 0x65, 0x6e
  .byte 0x55, 0x49, 0x20, 0x4c, 0x61, 0x6e, 0x67, 0x20, 0x6f, 0x76, 0x65, 0x72, 0x76, 0x69, 0x65, 0x77
  .byte 0x5d, 0x28, 0x68, 0x74, 0x74, 0x70, 0x73, 0x3a, 0x2f, 0x2f, 0x77, 0x77, 0x77, 0x2e, 0x6f, 0x70
  .byte 0x65, 0x6e, 0x75, 0x69, 0x2e, 0x63, 0x6f, 0x6d, 0x2f, 0x64, 0x6f, 0x63, 0x73, 0x2f, 0x6f, 0x70
  .byte 0x65, 0x6e, 0x75, 0x69, 0x2d, 0x6c, 0x61, 0x6e, 0x67, 0x2f, 0x6f, 0x76, 0x65, 0x72, 0x76, 0x69
  .byte 0x65, 0x77, 0x29, 0x20, 0xe2, 0x80, 0x94, 0x20, 0x4c, 0x69, 0x62, 0x72, 0x61, 0x72, 0x79, 0x2c
  .byte 0x20, 0x50, 0x72, 0x6f, 0x6d, 0x70, 0x74, 0x20, 0x47, 0x65, 0x6e, 0x65, 0x72, 0x61, 0x74, 0x6f
  .byte 0x72, 0x2c, 0x20, 0x50, 0x61, 0x72, 0x73, 0x65, 0x72, 0x2c, 0x20, 0x52, 0x65, 0x6e, 0x64, 0x65
  .byte 0x72, 0x65, 0x72, 0x0a, 0x2d, 0x20, 0x5b, 0x44, 0x65, 0x66, 0x69, 0x6e, 0x69, 0x6e, 0x67, 0x20
  .byte 0x43, 0x6f, 0x6d, 0x70, 0x6f, 0x6e, 0x65, 0x6e, 0x74, 0x73, 0x5d, 0x28, 0x68, 0x74, 0x74, 0x70
  .byte 0x73, 0x3a, 0x2f, 0x2f, 0x77, 0x77, 0x77, 0x2e, 0x6f, 0x70, 0x65, 0x6e, 0x75, 0x69, 0x2e, 0x63
  .byte 0x6f, 0x6d, 0x2f, 0x64, 0x6f, 0x63, 0x73, 0x2f, 0x6f, 0x70, 0x65, 0x6e, 0x75, 0x69, 0x2d, 0x6c
  .byte 0x61, 0x6e, 0x67, 0x2f, 0x64, 0x65, 0x66, 0x69, 0x6e, 0x69, 0x6e, 0x67, 0x2d, 0x63, 0x6f, 0x6d
  .byte 0x70, 0x6f, 0x6e, 0x65, 0x6e, 0x74, 0x73, 0x29, 0x20, 0xe2, 0x80, 0x94, 0x20, 0x60, 0x64, 0x65
  .byte 0x66, 0x69, 0x6e, 0x65, 0x43, 0x6f, 0x6d, 0x70, 0x6f, 0x6e, 0x65, 0x6e, 0x74, 0x60, 0x20, 0x61
  .byte 0x6e, 0x64, 0x20, 0x60, 0x63, 0x72, 0x65, 0x61, 0x74, 0x65, 0x4c, 0x69, 0x62, 0x72, 0x61, 0x72
  .byte 0x79, 0x60, 0x20, 0x41, 0x50, 0x49, 0x0a, 0x2d, 0x20, 0x5b, 0x48, 0x65, 0x72, 0x6f, 0x55, 0x49
  .byte 0x5d, 0x28, 0x68, 0x74, 0x74, 0x70, 0x73, 0x3a, 0x2f, 0x2f, 0x77, 0x77, 0x77, 0x2e, 0x68, 0x65
  .byte 0x72, 0x6f, 0x75, 0x69, 0x2e, 0x63, 0x6f, 0x6d, 0x2f, 0x29, 0x20, 0xe2, 0x80, 0x94, 0x20, 0x74
  .byte 0x68, 0x65, 0x20, 0x75, 0x6e, 0x64, 0x65, 0x72, 0x6c, 0x79, 0x69, 0x6e, 0x67, 0x20, 0x52, 0x65
  .byte 0x61, 0x63, 0x74, 0x20, 0x63, 0x6f, 0x6d, 0x70, 0x6f, 0x6e, 0x65, 0x6e, 0x74, 0x20, 0x6c, 0x69
  .byte 0x62, 0x72, 0x61, 0x72, 0x79, 0x0a, 0x2d, 0x20, 0x5b, 0x60, 0x40, 0x6f, 0x70, 0x65, 0x6e, 0x75
  .byte 0x69, 0x64, 0x65, 0x76, 0x2f, 0x72, 0x65, 0x61, 0x63, 0x74, 0x2d, 0x6c, 0x61, 0x6e, 0x67, 0x60
  .byte 0x20, 0x70, 0x61, 0x63, 0x6b, 0x61, 0x67, 0x65, 0x5d, 0x28, 0x2e, 0x2e, 0x2f, 0x2e, 0x2e, 0x2f
  .byte 0x70, 0x61, 0x63, 0x6b, 0x61, 0x67, 0x65, 0x73, 0x2f, 0x72, 0x65, 0x61, 0x63, 0x74, 0x2d, 0x6c
  .byte 0x61, 0x6e, 0x67, 0x29, 0x0a, 0x2d, 0x20, 0x5b, 0x60, 0x40, 0x6f, 0x70, 0x65, 0x6e, 0x75, 0x69
  .byte 0x64, 0x65, 0x76, 0x2f, 0x72, 0x65, 0x61, 0x63, 0x74, 0x2d, 0x68, 0x65, 0x61, 0x64, 0x6c, 0x65
  .byte 0x73, 0x73, 0x60, 0x20, 0x70, 0x61, 0x63, 0x6b, 0x61, 0x67, 0x65, 0x5d, 0x28, 0x2e, 0x2e, 0x2f
  .byte 0x2e, 0x2e, 0x2f, 0x70, 0x61, 0x63, 0x6b, 0x61, 0x67, 0x65, 0x73, 0x2f, 0x72, 0x65, 0x61, 0x63
  .byte 0x74, 0x2d, 0x68, 0x65, 0x61, 0x64, 0x6c, 0x65, 0x73, 0x73, 0x29, 0x0a

  .globl openui_full_port_examples_form_generator_README_md_ee6c1ab0ec34_len
openui_full_port_examples_form_generator_README_md_ee6c1ab0ec34_len:
  .quad 10140

# assembly pass: 2/4
  .globl openui_full_port_examples_form_generator_README_md_ee6c1ab0ec34_pass_2
openui_full_port_examples_form_generator_README_md_ee6c1ab0ec34_pass_2:
  .byte 0x23, 0x20, 0x48, 0x65, 0x72, 0x6f, 0x55, 0x49, 0x20, 0x46, 0x6f, 0x72, 0x6d, 0x20, 0x47, 0x65
  .byte 0x6e, 0x65, 0x72, 0x61, 0x74, 0x6f, 0x72, 0x20, 0x45, 0x78, 0x61, 0x6d, 0x70, 0x6c, 0x65, 0x0a
  .byte 0x0a, 0x41, 0x20, 0x66, 0x75, 0x6c, 0x6c, 0x2d, 0x73, 0x74, 0x61, 0x63, 0x6b, 0x20, 0x2a, 0x2a
  .byte 0x67, 0x65, 0x6e, 0x65, 0x72, 0x61, 0x74, 0x69, 0x76, 0x65, 0x20, 0x66, 0x6f, 0x72, 0x6d, 0x20
  .byte 0x62, 0x75, 0x69, 0x6c, 0x64, 0x65, 0x72, 0x2a, 0x2a, 0x20, 0x74, 0x68, 0x61, 0x74, 0x20, 0x64
  .byte 0x65, 0x6d, 0x6f, 0x6e, 0x73, 0x74, 0x72, 0x61, 0x74, 0x65, 0x73, 0x20, 0x77, 0x69, 0x72, 0x69
  .byte 0x6e, 0x67, 0x20, 0x5b, 0x4f, 0x70, 0x65, 0x6e, 0x55, 0x49, 0x20, 0x4c, 0x61, 0x6e, 0x67, 0x5d
  .byte 0x28, 0x68, 0x74, 0x74, 0x70, 0x73, 0x3a, 0x2f, 0x2f, 0x77, 0x77, 0x77, 0x2e, 0x6f, 0x70, 0x65
  .byte 0x6e, 0x75, 0x69, 0x2e, 0x63, 0x6f, 0x6d, 0x2f, 0x64, 0x6f, 0x63, 0x73, 0x2f, 0x6f, 0x70, 0x65
  .byte 0x6e, 0x75, 0x69, 0x2d, 0x6c, 0x61, 0x6e, 0x67, 0x2f, 0x6f, 0x76, 0x65, 0x72, 0x76, 0x69, 0x65
  .byte 0x77, 0x29, 0x20, 0x74, 0x6f, 0x20, 0x61, 0x20, 0x63, 0x75, 0x73, 0x74, 0x6f, 0x6d, 0x20, 0x63
  .byte 0x6f, 0x6d, 0x70, 0x6f, 0x6e, 0x65, 0x6e, 0x74, 0x20, 0x6c, 0x69, 0x62, 0x72, 0x61, 0x72, 0x79
  .byte 0x20, 0x62, 0x75, 0x69, 0x6c, 0x74, 0x20, 0x6f, 0x6e, 0x20, 0x5b, 0x48, 0x65, 0x72, 0x6f, 0x55
  .byte 0x49, 0x5d, 0x28, 0x68, 0x74, 0x74, 0x70, 0x73, 0x3a, 0x2f, 0x2f, 0x77, 0x77, 0x77, 0x2e, 0x68
  .byte 0x65, 0x72, 0x6f, 0x75, 0x69, 0x2e, 0x63, 0x6f, 0x6d, 0x2f, 0x29, 0x20, 0x28, 0x5b, 0x60, 0x40
  .byte 0x68, 0x65, 0x72, 0x6f, 0x75, 0x69, 0x2f, 0x72, 0x65, 0x61, 0x63, 0x74, 0x60, 0x5d, 0x28, 0x68
  .byte 0x74, 0x74, 0x70, 0x73, 0x3a, 0x2f, 0x2f, 0x77, 0x77, 0x77, 0x2e, 0x6e, 0x70, 0x6d, 0x6a, 0x73
  .byte 0x2e, 0x63, 0x6f, 0x6d, 0x2f, 0x70, 0x61, 0x63, 0x6b, 0x61, 0x67, 0x65, 0x2f, 0x40, 0x68, 0x65
  .byte 0x72, 0x6f, 0x75, 0x69, 0x2f, 0x72, 0x65, 0x61, 0x63, 0x74, 0x29, 0x29, 0x2e, 0x0a, 0x0a, 0x44
  .byte 0x65, 0x73, 0x63, 0x72, 0x69, 0x62, 0x65, 0x20, 0x61, 0x20, 0x66, 0x6f, 0x72, 0x6d, 0x20, 0x69
  .byte 0x6e, 0x20, 0x70, 0x6c, 0x61, 0x69, 0x6e, 0x20, 0x6c, 0x61, 0x6e, 0x67, 0x75, 0x61, 0x67, 0x65
  .byte 0x2c, 0x20, 0x67, 0x65, 0x74, 0x20, 0x61, 0x20, 0x6c, 0x69, 0x76, 0x65, 0x20, 0x70, 0x72, 0x65
  .byte 0x76, 0x69, 0x65, 0x77, 0x20, 0x62, 0x75, 0x69, 0x6c, 0x74, 0x20, 0x66, 0x72, 0x6f, 0x6d, 0x20
  .byte 0x48, 0x65, 0x72, 0x6f, 0x55, 0x49, 0x20, 0x63, 0x6f, 0x6d, 0x70, 0x6f, 0x6e, 0x65, 0x6e, 0x74
  .byte 0x73, 0x2e, 0x20, 0x52, 0x65, 0x66, 0x69, 0x6e, 0x65, 0x20, 0x69, 0x74, 0x20, 0x77, 0x69, 0x74
  .byte 0x68, 0x20, 0x66, 0x6f, 0x6c, 0x6c, 0x6f, 0x77, 0x2d, 0x75, 0x70, 0x20, 0x69, 0x6e, 0x73, 0x74
  .byte 0x72, 0x75, 0x63, 0x74, 0x69, 0x6f, 0x6e, 0x73, 0x20, 0xe2, 0x80, 0x94, 0x20, 0x65, 0x61, 0x63
  .byte 0x68, 0x20, 0x69, 0x74, 0x65, 0x72, 0x61, 0x74, 0x69, 0x6f, 0x6e, 0x20, 0x73, 0x74, 0x72, 0x65
  .byte 0x61, 0x6d, 0x73, 0x20, 0x61, 0x20, 0x66, 0x72, 0x65, 0x73, 0x68, 0x20, 0x75, 0x70, 0x64, 0x61
  .byte 0x74, 0x65, 0x64, 0x20, 0x66, 0x6f, 0x72, 0x6d, 0x2e, 0x0a, 0x0a, 0x5b, 0x56, 0x69, 0x65, 0x77
  .byte 0x20, 0x73, 0x6f, 0x75, 0x72, 0x63, 0x65, 0x20, 0x6f, 0x6e, 0x20, 0x47, 0x69, 0x74, 0x48, 0x75
  .byte 0x62, 0x20, 0xe2, 0x86, 0x92, 0x5d, 0x28, 0x68, 0x74, 0x74, 0x70, 0x73, 0x3a, 0x2f, 0x2f, 0x67
  .byte 0x69, 0x74, 0x68, 0x75, 0x62, 0x2e, 0x63, 0x6f, 0x6d, 0x2f, 0x74, 0x68, 0x65, 0x73, 0x79, 0x73
  .byte 0x64, 0x65, 0x76, 0x2f, 0x6f, 0x70, 0x65, 0x6e, 0x75, 0x69, 0x2f, 0x74, 0x72, 0x65, 0x65, 0x2f
  .byte 0x6d, 0x61, 0x69, 0x6e, 0x2f, 0x65, 0x78, 0x61, 0x6d, 0x70, 0x6c, 0x65, 0x73, 0x2f, 0x66, 0x6f
  .byte 0x72, 0x6d, 0x2d, 0x67, 0x65, 0x6e, 0x65, 0x72, 0x61, 0x74, 0x6f, 0x72, 0x29, 0x0a, 0x0a, 0x2d
  .byte 0x2d, 0x2d, 0x0a, 0x0a, 0x23, 0x23, 0x20, 0x48, 0x6f, 0x77, 0x20, 0x49, 0x74, 0x20, 0x57, 0x6f
  .byte 0x72, 0x6b, 0x73, 0x0a, 0x0a, 0x54, 0x68, 0x65, 0x20, 0x4c, 0x4c, 0x4d, 0x20, 0x69, 0x73, 0x20
  .byte 0x70, 0x72, 0x6f, 0x6d, 0x70, 0x74, 0x65, 0x64, 0x20, 0x77, 0x69, 0x74, 0x68, 0x20, 0x61, 0x20
  .byte 0x66, 0x6f, 0x72, 0x6d, 0x2d, 0x66, 0x6f, 0x63, 0x75, 0x73, 0x65, 0x64, 0x20, 0x73, 0x79, 0x73
  .byte 0x74, 0x65, 0x6d, 0x20, 0x70, 0x72, 0x6f, 0x6d, 0x70, 0x74, 0x20, 0x74, 0x68, 0x61, 0x74, 0x20
  .byte 0x64, 0x65, 0x73, 0x63, 0x72, 0x69, 0x62, 0x65, 0x73, 0x20, 0x65, 0x76, 0x65, 0x72, 0x79, 0x20
  .byte 0x61, 0x76, 0x61, 0x69, 0x6c, 0x61, 0x62, 0x6c, 0x65, 0x20, 0x66, 0x6f, 0x72, 0x6d, 0x20, 0x63
  .byte 0x6f, 0x6d, 0x70, 0x6f, 0x6e, 0x65, 0x6e, 0x74, 0x20, 0xe2, 0x80, 0x94, 0x20, 0x6e, 0x61, 0x6d
  .byte 0x65, 0x2c, 0x20, 0x70, 0x72, 0x6f, 0x70, 0x73, 0x2c, 0x20, 0x61, 0x6e, 0x64, 0x20, 0x77, 0x68
  .byte 0x65, 0x6e, 0x20, 0x74, 0x6f, 0x20, 0x75, 0x73, 0x65, 0x20, 0x69, 0x74, 0x2e, 0x20, 0x49, 0x6e
  .byte 0x73, 0x74, 0x65, 0x61, 0x64, 0x20, 0x6f, 0x66, 0x20, 0x72, 0x65, 0x74, 0x75, 0x72, 0x6e, 0x69
  .byte 0x6e, 0x67, 0x20, 0x70, 0x72, 0x6f, 0x73, 0x65, 0x2c, 0x20, 0x74, 0x68, 0x65, 0x20, 0x6d, 0x6f
  .byte 0x64, 0x65, 0x6c, 0x20, 0x72, 0x65, 0x73, 0x70, 0x6f, 0x6e, 0x64, 0x73, 0x20, 0x69, 0x6e, 0x20
  .byte 0x2a, 0x2a, 0x4f, 0x70, 0x65, 0x6e, 0x55, 0x49, 0x20, 0x4c, 0x61, 0x6e, 0x67, 0x2a, 0x2a, 0x3a
  .byte 0x20, 0x61, 0x20, 0x64, 0x65, 0x63, 0x6c, 0x61, 0x72, 0x61, 0x74, 0x69, 0x76, 0x65, 0x20, 0x6d
  .byte 0x61, 0x72, 0x6b, 0x75, 0x70, 0x20, 0x73, 0x79, 0x6e, 0x74, 0x61, 0x78, 0x20, 0x74, 0x68, 0x61
  .byte 0x74, 0x20, 0x6d, 0x61, 0x70, 0x73, 0x20, 0x64, 0x69, 0x72, 0x65, 0x63, 0x74, 0x6c, 0x79, 0x20
  .byte 0x74, 0x6f, 0x20, 0x52, 0x65, 0x61, 0x63, 0x74, 0x20, 0x63, 0x6f, 0x6d, 0x70, 0x6f, 0x6e, 0x65
  .byte 0x6e, 0x74, 0x73, 0x2e, 0x20, 0x46, 0x6f, 0x72, 0x20, 0x65, 0x78, 0x61, 0x6d, 0x70, 0x6c, 0x65
  .byte 0x3a, 0x0a, 0x0a, 0x60, 0x60, 0x60, 0x0a, 0x72, 0x6f, 0x6f, 0x74, 0x20, 0x3d, 0x20, 0x46, 0x6f
  .byte 0x72, 0x6d, 0x28, 0x22, 0x63, 0x6f, 0x6e, 0x74, 0x61, 0x63, 0x74, 0x22, 0x2c, 0x20, 0x22, 0x43
  .byte 0x6f, 0x6e, 0x74, 0x61, 0x63, 0x74, 0x20, 0x55, 0x73, 0x22, 0x2c, 0x20, 0x62, 0x74, 0x6e, 0x73
  .byte 0x2c, 0x20, 0x5b, 0x66, 0x63, 0x31, 0x2c, 0x20, 0x66, 0x63, 0x32, 0x2c, 0x20, 0x66, 0x63, 0x33
  .byte 0x5d, 0x29, 0x0a, 0x66, 0x63, 0x31, 0x20, 0x3d, 0x20, 0x46, 0x6f, 0x72, 0x6d, 0x43, 0x6f, 0x6e
  .byte 0x74, 0x72, 0x6f, 0x6c, 0x28, 0x22, 0x4e, 0x61, 0x6d, 0x65, 0x22, 0x2c, 0x20, 0x69, 0x6e, 0x70
  .byte 0x75, 0x74, 0x31, 0x29, 0x0a, 0x66, 0x63, 0x32, 0x20, 0x3d, 0x20, 0x46, 0x6f, 0x72, 0x6d, 0x43
  .byte 0x6f, 0x6e, 0x74, 0x72, 0x6f, 0x6c, 0x28, 0x22, 0x45, 0x6d, 0x61, 0x69, 0x6c, 0x22, 0x2c, 0x20
  .byte 0x69, 0x6e, 0x70, 0x75, 0x74, 0x32, 0x2c, 0x20, 0x22, 0x57, 0x65, 0x27, 0x6c, 0x6c, 0x20, 0x6e
  .byte 0x65, 0x76, 0x65, 0x72, 0x20, 0x73, 0x68, 0x61, 0x72, 0x65, 0x20, 0x79, 0x6f, 0x75, 0x72, 0x20
  .byte 0x65, 0x6d, 0x61, 0x69, 0x6c, 0x2e, 0x22, 0x29, 0x0a, 0x66, 0x63, 0x33, 0x20, 0x3d, 0x20, 0x46
  .byte 0x6f, 0x72, 0x6d, 0x43, 0x6f, 0x6e, 0x74, 0x72, 0x6f, 0x6c, 0x28, 0x22, 0x4d, 0x65, 0x73, 0x73
  .byte 0x61, 0x67, 0x65, 0x22, 0x2c, 0x20, 0x74, 0x61, 0x31, 0x29, 0x0a, 0x69, 0x6e, 0x70, 0x75, 0x74
  .byte 0x31, 0x20, 0x3d, 0x20, 0x49, 0x6e, 0x70, 0x75, 0x74, 0x28, 0x22, 0x6e, 0x61, 0x6d, 0x65, 0x22
  .byte 0x2c, 0x20, 0x22, 0x59, 0x6f, 0x75, 0x72, 0x20, 0x6e, 0x61, 0x6d, 0x65, 0x22, 0x2c, 0x20, 0x22
  .byte 0x74, 0x65, 0x78, 0x74, 0x22, 0x2c, 0x20, 0x7b, 0x20, 0x72, 0x65, 0x71, 0x75, 0x69, 0x72, 0x65
  .byte 0x64, 0x3a, 0x20, 0x74, 0x72, 0x75, 0x65, 0x20, 0x7d, 0x29, 0x0a, 0x69, 0x6e, 0x70, 0x75, 0x74
  .byte 0x32, 0x20, 0x3d, 0x20, 0x49, 0x6e, 0x70, 0x75, 0x74, 0x28, 0x22, 0x65, 0x6d, 0x61, 0x69, 0x6c
  .byte 0x22, 0x2c, 0x20, 0x22, 0x79, 0x6f, 0x75, 0x40, 0x65, 0x78, 0x61, 0x6d, 0x70, 0x6c, 0x65, 0x2e
  .byte 0x63, 0x6f, 0x6d, 0x22, 0x2c, 0x20, 0x22, 0x65, 0x6d, 0x61, 0x69, 0x6c, 0x22, 0x2c, 0x20, 0x7b
  .byte 0x20, 0x72, 0x65, 0x71, 0x75, 0x69, 0x72, 0x65, 0x64, 0x3a, 0x20, 0x74, 0x72, 0x75, 0x65, 0x2c
  .byte 0x20, 0x65, 0x6d, 0x61, 0x69, 0x6c, 0x3a, 0x20, 0x74, 0x72, 0x75, 0x65, 0x20, 0x7d, 0x29, 0x0a
  .byte 0x74, 0x61, 0x31, 0x20, 0x3d, 0x20, 0x54, 0x65, 0x78, 0x74, 0x41, 0x72, 0x65, 0x61, 0x28, 0x22
  .byte 0x6d, 0x65, 0x73, 0x73, 0x61, 0x67, 0x65, 0x22, 0x2c, 0x20, 0x22, 0x48, 0x6f, 0x77, 0x20, 0x63
  .byte 0x61, 0x6e, 0x20, 0x77, 0x65, 0x20, 0x68, 0x65, 0x6c, 0x70, 0x3f, 0x22, 0x2c, 0x20, 0x34, 0x29
  .byte 0x0a, 0x62, 0x74, 0x6e, 0x73, 0x20, 0x3d, 0x20, 0x42, 0x75, 0x74, 0x74, 0x6f, 0x6e, 0x73, 0x28
  .byte 0x5b, 0x62, 0x31, 0x5d, 0x29, 0x0a, 0x62, 0x31, 0x20, 0x3d, 0x20, 0x42, 0x75, 0x74, 0x74, 0x6f
  .byte 0x6e, 0x28, 0x22, 0x53, 0x75, 0x62, 0x6d, 0x69, 0x74, 0x22, 0x2c, 0x20, 0x7b, 0x20, 0x74, 0x79
  .byte 0x70, 0x65, 0x3a, 0x20, 0x22, 0x63, 0x6f, 0x6e, 0x74, 0x69, 0x6e, 0x75, 0x65, 0x5f, 0x63, 0x6f
  .byte 0x6e, 0x76, 0x65, 0x72, 0x73, 0x61, 0x74, 0x69, 0x6f, 0x6e, 0x22, 0x20, 0x7d, 0x2c, 0x20, 0x22
  .byte 0x70, 0x72, 0x69, 0x6d, 0x61, 0x72, 0x79, 0x22, 0x29, 0x0a, 0x60, 0x60, 0x60, 0x0a, 0x0a, 0x4f
  .byte 0x6e, 0x20, 0x74, 0x68, 0x65, 0x20, 0x63, 0x6c, 0x69, 0x65, 0x6e, 0x74, 0x2c, 0x20, 0x60, 0x3c
  .byte 0x52, 0x65, 0x6e, 0x64, 0x65, 0x72, 0x65, 0x72, 0x3e, 0x60, 0x20, 0x66, 0x72, 0x6f, 0x6d, 0x20
  .byte 0x60, 0x40, 0x6f, 0x70, 0x65, 0x6e, 0x75, 0x69, 0x64, 0x65, 0x76, 0x2f, 0x72, 0x65, 0x61, 0x63
  .byte 0x74, 0x2d, 0x6c, 0x61, 0x6e, 0x67, 0x60, 0x20, 0x70, 0x61, 0x72, 0x73, 0x65, 0x73, 0x20, 0x74
  .byte 0x68, 0x65, 0x20, 0x69, 0x6e, 0x63, 0x6f, 0x6d, 0x69, 0x6e, 0x67, 0x20, 0x53, 0x53, 0x45, 0x20
  .byte 0x73, 0x74, 0x72, 0x65, 0x61, 0x6d, 0x20, 0x61, 0x6e, 0x64, 0x20, 0x72, 0x65, 0x6e, 0x64, 0x65
  .byte 0x72, 0x73, 0x20, 0x65, 0x61, 0x63, 0x68, 0x20, 0x4f, 0x70, 0x65, 0x6e, 0x55, 0x49, 0x20, 0x4c
  .byte 0x61, 0x6e, 0x67, 0x20, 0x6e, 0x6f, 0x64, 0x65, 0x20, 0x75, 0x73, 0x69, 0x6e, 0x67, 0x20, 0x60
  .byte 0x68, 0x65, 0x72, 0x6f, 0x75, 0x69, 0x43, 0x68, 0x61, 0x74, 0x4c, 0x69, 0x62, 0x72, 0x61, 0x72
  .byte 0x79, 0x60, 0x20, 0xe2, 0x80, 0x94, 0x20, 0x74, 0x68, 0x65, 0x20, 0x63, 0x75, 0x73, 0x74, 0x6f
  .byte 0x6d, 0x20, 0x6c, 0x69, 0x62, 0x72, 0x61, 0x72, 0x79, 0x20, 0x64, 0x65, 0x66, 0x69, 0x6e, 0x65
  .byte 0x64, 0x20, 0x69, 0x6e, 0x20, 0x60, 0x73, 0x72, 0x63, 0x2f, 0x6c, 0x69, 0x62, 0x2f, 0x68, 0x65
  .byte 0x72, 0x6f, 0x75, 0x69, 0x2d, 0x67, 0x65, 0x6e, 0x75, 0x69, 0x2f, 0x60, 0x2e, 0x20, 0x54, 0x68
  .byte 0x65, 0x20, 0x61, 0x70, 0x70, 0x20, 0x73, 0x68, 0x65, 0x6c, 0x6c, 0x20, 0x69, 0x73, 0x20, 0x62
  .byte 0x75, 0x69, 0x6c, 0x74, 0x20, 0x65, 0x6e, 0x74, 0x69, 0x72, 0x65, 0x6c, 0x79, 0x20, 0x77, 0x69
  .byte 0x74, 0x68, 0x20, 0x60, 0x40, 0x68, 0x65, 0x72, 0x6f, 0x75, 0x69, 0x2f, 0x72, 0x65, 0x61, 0x63
  .byte 0x74, 0x60, 0x20, 0x28, 0x6e, 0x6f, 0x20, 0x60, 0x40, 0x6f, 0x70, 0x65, 0x6e, 0x75, 0x69, 0x64
  .byte 0x65, 0x76, 0x2f, 0x72, 0x65, 0x61, 0x63, 0x74, 0x2d, 0x75, 0x69, 0x60, 0x20, 0x64, 0x65, 0x70
  .byte 0x65, 0x6e, 0x64, 0x65, 0x6e, 0x63, 0x79, 0x29, 0x2e, 0x0a, 0x0a, 0x2d, 0x2d, 0x2d, 0x0a, 0x0a
  .byte 0x23, 0x23, 0x20, 0x41, 0x72, 0x63, 0x68, 0x69, 0x74, 0x65, 0x63, 0x74, 0x75, 0x72, 0x65, 0x0a
  .byte 0x0a, 0x60, 0x60, 0x60, 0x0a, 0xe2, 0x94, 0x8c, 0xe2, 0x94, 0x80, 0xe2, 0x94, 0x80, 0xe2, 0x94
  .byte 0x80, 0xe2, 0x94, 0x80, 0xe2, 0x94, 0x80, 0xe2, 0x94, 0x80, 0xe2, 0x94, 0x80, 0xe2, 0x94, 0x80
  .byte 0xe2, 0x94, 0x80, 0xe2, 0x94, 0x80, 0xe2, 0x94, 0x80, 0xe2, 0x94, 0x80, 0xe2, 0x94, 0x80, 0xe2
  .byte 0x94, 0x80, 0xe2, 0x94, 0x80, 0xe2, 0x94, 0x80, 0xe2, 0x94, 0x80, 0xe2, 0x94, 0x80, 0xe2, 0x94
  .byte 0x80, 0xe2, 0x94, 0x80, 0xe2, 0x94, 0x80, 0xe2, 0x94, 0x80, 0xe2, 0x94, 0x80, 0xe2, 0x94, 0x80
  .byte 0xe2, 0x94, 0x80, 0xe2, 0x94, 0x80, 0xe2, 0x94, 0x80, 0xe2, 0x94, 0x80, 0xe2, 0x94, 0x80, 0xe2
  .byte 0x94, 0x80, 0xe2, 0x94, 0x80, 0xe2, 0x94, 0x80, 0xe2, 0x94, 0x80, 0xe2, 0x94, 0x80, 0xe2, 0x94
  .byte 0x80, 0xe2, 0x94, 0x80, 0xe2, 0x94, 0x80, 0xe2, 0x94, 0x80, 0xe2, 0x94, 0x80, 0xe2, 0x94, 0x80
  .byte 0xe2, 0x94, 0x80, 0xe2, 0x94, 0x80, 0xe2, 0x94, 0x90, 0x20, 0x20, 0x20, 0x20, 0x20, 0x20, 0x20
  .byte 0x20, 0xe2, 0x94, 0x8c, 0xe2, 0x94, 0x80, 0xe2, 0x94, 0x80, 0xe2, 0x94, 0x80, 0xe2, 0x94, 0x80
  .byte 0xe2, 0x94, 0x80, 0xe2, 0x94, 0x80, 0xe2, 0x94, 0x80, 0xe2, 0x94, 0x80, 0xe2, 0x94, 0x80, 0xe2
  .byte 0x94, 0x80, 0xe2, 0x94, 0x80, 0xe2, 0x94, 0x80, 0xe2, 0x94, 0x80, 0xe2, 0x94, 0x80, 0xe2, 0x94
  .byte 0x80, 0xe2, 0x94, 0x80, 0xe2, 0x94, 0x80, 0xe2, 0x94, 0x80, 0xe2, 0x94, 0x80, 0xe2, 0x94, 0x80
  .byte 0xe2, 0x94, 0x80, 0xe2, 0x94, 0x80, 0xe2, 0x94, 0x80, 0xe2, 0x94, 0x80, 0xe2, 0x94, 0x80, 0xe2
  .byte 0x94, 0x80, 0xe2, 0x94, 0x80, 0xe2, 0x94, 0x80, 0xe2, 0x94, 0x80, 0xe2, 0x94, 0x80, 0xe2, 0x94
  .byte 0x80, 0xe2, 0x94, 0x80, 0xe2, 0x94, 0x80, 0xe2, 0x94, 0x80, 0xe2, 0x94, 0x80, 0xe2, 0x94, 0x80
  .byte 0xe2, 0x94, 0x90, 0x0a, 0xe2, 0x94, 0x82, 0x20, 0x20, 0x20, 0x42, 0x72, 0x6f, 0x77, 0x73, 0x65
  .byte 0x72, 0x20, 0x20, 0x20, 0x20, 0x20, 0x20, 0x20, 0x20, 0x20, 0x20, 0x20, 0x20, 0x20, 0x20, 0x20
  .byte 0x20, 0x20, 0x20, 0x20, 0x20, 0x20, 0x20, 0x20, 0x20, 0x20, 0x20, 0x20, 0x20, 0x20, 0x20, 0x20
  .byte 0x20, 0xe2, 0x94, 0x82, 0x20, 0x20, 0x48, 0x54, 0x54, 0x50, 0x20, 0x20, 0xe2, 0x94, 0x82, 0x20
  .byte 0x20, 0x20, 0x4e, 0x65, 0x78, 0x74, 0x2e, 0x6a, 0x73, 0x20, 0x41, 0x50, 0x49, 0x20, 0x52, 0x6f
  .byte 0x75, 0x74, 0x65, 0x20, 0x20, 0x20, 0x20, 0x20, 0x20, 0x20, 0x20, 0x20, 0x20, 0x20, 0x20, 0x20
  .byte 0x20, 0x20, 0x20, 0xe2, 0x94, 0x82, 0x0a, 0xe2, 0x94, 0x82, 0x20, 0x20, 0x20, 0x20, 0x20, 0x20
  .byte 0x20, 0x20, 0x20, 0x20, 0x20, 0x20, 0x20, 0x20, 0x20, 0x20, 0x20, 0x20, 0x20, 0x20, 0x20, 0x20
  .byte 0x20, 0x20, 0x20, 0x20, 0x20, 0x20, 0x20, 0x20, 0x20, 0x20, 0x20, 0x20, 0x20, 0x20, 0x20, 0x20
  .byte 0x20, 0x20, 0x20, 0x20, 0xe2, 0x94, 0x82, 0x20, 0xe2, 0x94, 0x80, 0xe2, 0x94, 0x80, 0xe2, 0x94
  .byte 0x80, 0xe2, 0x94, 0x80, 0xe2, 0x94, 0x80, 0xe2, 0x94, 0x80, 0xe2, 0x96, 0xba, 0xe2, 0x94, 0x82
  .byte 0x20, 0x20, 0x20, 0x20, 0x20, 0x20, 0x20, 0x20, 0x20, 0x20, 0x20, 0x20, 0x20, 0x20, 0x20, 0x20
  .byte 0x20, 0x20, 0x20, 0x20, 0x20, 0x20, 0x20, 0x20, 0x20, 0x20, 0x20, 0x20, 0x20, 0x20, 0x20, 0x20
  .byte 0x20, 0x20, 0x20, 0x20, 0xe2, 0x94, 0x82, 0x0a, 0xe2, 0x94, 0x82, 0x20, 0x20, 0xe2, 0x80, 0xa2
  .byte 0x20, 0x4c, 0x65, 0x66, 0x74, 0x20, 0x70, 0x61, 0x6e, 0x65, 0x6c, 0x3a, 0x20, 0x48, 0x65, 0x72
  .byte 0x6f, 0x55, 0x49, 0x20, 0x54, 0x65, 0x78, 0x74, 0x41, 0x72, 0x65, 0x61, 0x20, 0x2b, 0x20, 0x42
  .byte 0x75, 0x74, 0x74, 0x6f, 0x6e, 0x20, 0x20, 0xe2, 0x94, 0x82, 0x20, 0x20, 0x20, 0x20, 0x20, 0x20
  .byte 0x20, 0x20, 0xe2, 0x94, 0x82, 0x20, 0x20, 0xe2, 0x80, 0xa2, 0x20, 0x4c, 0x6f, 0x61, 0x64, 0x73
  .byte 0x20, 0x73, 0x79, 0x73, 0x74, 0x65, 0x6d, 0x2d, 0x70, 0x72, 0x6f, 0x6d, 0x70, 0x74, 0x2e, 0x74
  .byte 0x78, 0x74, 0x20, 0x20, 0x20, 0x20, 0x20, 0x20, 0x20, 0x20, 0x20, 0xe2, 0x94, 0x82, 0x0a, 0xe2
  .byte 0x94, 0x82, 0x20, 0x20, 0xe2, 0x80, 0xa2, 0x20, 0x49, 0x74, 0x65, 0x72, 0x61, 0x74, 0x69, 0x6f
  .byte 0x6e, 0x20, 0x68, 0x69, 0x73, 0x74, 0x6f, 0x72, 0x79, 0x20, 0x28, 0x69, 0x6e, 0x2d, 0x6d, 0x65
  .byte 0x6d, 0x6f, 0x72, 0x79, 0x20, 0x6d, 0x65, 0x73, 0x73, 0x61, 0x67, 0x65, 0x73, 0x29, 0xe2, 0x94
  .byte 0x82, 0x20, 0x20, 0x20, 0x20, 0x20, 0x20, 0x20, 0x20, 0xe2, 0x94, 0x82, 0x20, 0x20, 0xe2, 0x80
  .byte 0xa2, 0x20, 0x43, 0x61, 0x6c, 0x6c, 0x73, 0x20, 0x4c, 0x4c, 0x4d, 0x20, 0x76, 0x69, 0x61, 0x20
  .byte 0x4f, 0x70, 0x65, 0x6e, 0x41, 0x49, 0x20, 0x53, 0x44, 0x4b, 0x20, 0x20, 0x20, 0x20, 0x20, 0x20
  .byte 0x20, 0x20, 0xe2, 0x94, 0x82, 0x0a, 0xe2, 0x94, 0x82, 0x20, 0x20, 0xe2, 0x80, 0xa2, 0x20, 0x70
  .byte 0x72, 0x6f, 0x63, 0x65, 0x73, 0x73, 0x53, 0x74, 0x72, 0x65, 0x61, 0x6d, 0x65, 0x64, 0x4d, 0x65
  .byte 0x73, 0x73, 0x61, 0x67, 0x65, 0x20, 0x2b, 0x20, 0x6f, 0x70, 0x65, 0x6e, 0x41, 0x49, 0x41, 0x64
  .byte 0x61, 0x70, 0x74, 0x65, 0x72, 0xe2, 0x94, 0x82, 0xe2, 0x97, 0x84, 0xe2, 0x94, 0x80, 0xe2, 0x94
  .byte 0x80, 0xe2, 0x94, 0x80, 0xe2, 0x94, 0x80, 0xe2, 0x94, 0x80, 0xe2, 0x94, 0x80, 0x20, 0xe2, 0x94
  .byte 0x82, 0x20, 0x20, 0xe2, 0x80, 0xa2, 0x20, 0x53, 0x74, 0x72, 0x65, 0x61, 0x6d, 0x73, 0x20, 0x72
  .byte 0x65, 0x73, 0x70, 0x6f, 0x6e, 0x73, 0x65, 0x20, 0x61, 0x73, 0x20, 0x53, 0x53, 0x45, 0x20, 0x65
  .byte 0x76, 0x65, 0x6e, 0x74, 0x73, 0x20, 0x20, 0xe2, 0x94, 0x82, 0x0a, 0xe2, 0x94, 0x82, 0x20, 0x20
  .byte 0xe2, 0x80, 0xa2, 0x20, 0x52, 0x69, 0x67, 0x68, 0x74, 0x20, 0x70, 0x61, 0x6e, 0x65, 0x6c, 0x3a
  .byte 0x20, 0x3c, 0x52, 0x65, 0x6e, 0x64, 0x65, 0x72, 0x65, 0x72, 0x3e, 0x20, 0x70, 0x72, 0x65, 0x76
  .byte 0x69, 0x65, 0x77, 0x20, 0x20, 0x20, 0x20, 0x20, 0x20, 0x20, 0xe2, 0x94, 0x82, 0x20, 0x20, 0x53
  .byte 0x53, 0x45, 0x20, 0x20, 0x20, 0xe2, 0x94, 0x82, 0x20, 0x20, 0x20, 0x20, 0x20, 0x20, 0x20, 0x20
  .byte 0x20, 0x20, 0x20, 0x20, 0x20, 0x20, 0x20, 0x20, 0x20, 0x20, 0x20, 0x20, 0x20, 0x20, 0x20, 0x20
  .byte 0x20, 0x20, 0x20, 0x20, 0x20, 0x20, 0x20, 0x20, 0x20, 0x20, 0x20, 0x20, 0xe2, 0x94, 0x82, 0x0a
  .byte 0xe2, 0x94, 0x82, 0x20, 0x20, 0xe2, 0x80, 0xa2, 0x20, 0x66, 0x6f, 0x72, 0x6d, 0x46, 0x69, 0x65
  .byte 0x6c, 0x64, 0x53, 0x6e, 0x61, 0x70, 0x73, 0x68, 0x6f, 0x74, 0x20, 0x76, 0x69, 0x61, 0x20, 0x6f
  .byte 0x6e, 0x53, 0x74, 0x61, 0x74, 0x65, 0x55, 0x70, 0x64, 0x61, 0x74, 0x65, 0x20, 0x20, 0x20, 0xe2
  .byte 0x94, 0x82, 0x20, 0x20, 0x20, 0x20, 0x20, 0x20, 0x20, 0x20, 0xe2, 0x94, 0x82, 0x20, 0x20, 0x20
  .byte 0x20, 0x20, 0x20, 0x20, 0x20, 0x20, 0x20, 0x20, 0x20, 0x20, 0x20, 0x20, 0x20, 0x20, 0x20, 0x20
  .byte 0x20, 0x20, 0x20, 0x20, 0x20, 0x20, 0x20, 0x20, 0x20, 0x20, 0x20, 0x20, 0x20, 0x20, 0x20, 0x20
  .byte 0x20, 0xe2, 0x94, 0x82, 0x0a, 0xe2, 0x94, 0x94, 0xe2, 0x94, 0x80, 0xe2, 0x94, 0x80, 0xe2, 0x94
  .byte 0x80, 0xe2, 0x94, 0x80, 0xe2, 0x94, 0x80, 0xe2, 0x94, 0x80, 0xe2, 0x94, 0x80, 0xe2, 0x94, 0x80
  .byte 0xe2, 0x94, 0x80, 0xe2, 0x94, 0x80, 0xe2, 0x94, 0x80, 0xe2, 0x94, 0x80, 0xe2, 0x94, 0x80, 0xe2
  .byte 0x94, 0x80, 0xe2, 0x94, 0x80, 0xe2, 0x94, 0x80, 0xe2, 0x94, 0x80, 0xe2, 0x94, 0x80, 0xe2, 0x94
  .byte 0x80, 0xe2, 0x94, 0x80, 0xe2, 0x94, 0x80, 0xe2, 0x94, 0x80, 0xe2, 0x94, 0x80, 0xe2, 0x94, 0x80
  .byte 0xe2, 0x94, 0x80, 0xe2, 0x94, 0x80, 0xe2, 0x94, 0x80, 0xe2, 0x94, 0x80, 0xe2, 0x94, 0x80, 0xe2
  .byte 0x94, 0x80, 0xe2, 0x94, 0x80, 0xe2, 0x94, 0x80, 0xe2, 0x94, 0x80, 0xe2, 0x94, 0x80, 0xe2, 0x94
  .byte 0x80, 0xe2, 0x94, 0x80, 0xe2, 0x94, 0x80, 0xe2, 0x94, 0x80, 0xe2, 0x94, 0x80, 0xe2, 0x94, 0x80
  .byte 0xe2, 0x94, 0x80, 0xe2, 0x94, 0x80, 0xe2, 0x94, 0x98, 0x20, 0x20, 0x20, 0x20, 0x20, 0x20, 0x20
  .byte 0x20, 0xe2, 0x94, 0x94, 0xe2, 0x94, 0x80, 0xe2, 0x94, 0x80, 0xe2, 0x94, 0x80, 0xe2, 0x94, 0x80
  .byte 0xe2, 0x94, 0x80, 0xe2, 0x94, 0x80, 0xe2, 0x94, 0x80, 0xe2, 0x94, 0x80, 0xe2, 0x94, 0x80, 0xe2
  .byte 0x94, 0x80, 0xe2, 0x94, 0x80, 0xe2, 0x94, 0x80, 0xe2, 0x94, 0x80, 0xe2, 0x94, 0x80, 0xe2, 0x94
  .byte 0x80, 0xe2, 0x94, 0x80, 0xe2, 0x94, 0x80, 0xe2, 0x94, 0x80, 0xe2, 0x94, 0x80, 0xe2, 0x94, 0x80
  .byte 0xe2, 0x94, 0x80, 0xe2, 0x94, 0x80, 0xe2, 0x94, 0x80, 0xe2, 0x94, 0x80, 0xe2, 0x94, 0x80, 0xe2
  .byte 0x94, 0x80, 0xe2, 0x94, 0x80, 0xe2, 0x94, 0x80, 0xe2, 0x94, 0x80, 0xe2, 0x94, 0x80, 0xe2, 0x94
  .byte 0x80, 0xe2, 0x94, 0x80, 0xe2, 0x94, 0x80, 0xe2, 0x94, 0x80, 0xe2, 0x94, 0x80, 0xe2, 0x94, 0x80
  .byte 0xe2, 0x94, 0x98, 0x0a, 0x60, 0x60, 0x60, 0x0a, 0x0a, 0x23, 0x23, 0x23, 0x20, 0x52, 0x65, 0x71
  .byte 0x75, 0x65, 0x73, 0x74, 0x20, 0x2f, 0x20, 0x52, 0x65, 0x73, 0x70, 0x6f, 0x6e, 0x73, 0x65, 0x20
  .byte 0x46, 0x6c, 0x6f, 0x77, 0x0a, 0x0a, 0x31, 0x2e, 0x20, 0x55, 0x73, 0x65, 0x72, 0x20, 0x74, 0x79
  .byte 0x70, 0x65, 0x73, 0x20, 0x61, 0x20, 0x66, 0x6f, 0x72, 0x6d, 0x20, 0x64, 0x65, 0x73, 0x63, 0x72
  .byte 0x69, 0x70, 0x74, 0x69, 0x6f, 0x6e, 0x20, 0x61, 0x6e, 0x64, 0x20, 0x63, 0x6c, 0x69, 0x63, 0x6b
  .byte 0x73, 0x20, 0x2a, 0x2a, 0x47, 0x65, 0x6e, 0x65, 0x72, 0x61, 0x74, 0x65, 0x20, 0x46, 0x6f, 0x72
  .byte 0x6d, 0x2a, 0x2a, 0x20, 0x28, 0x6f, 0x72, 0x20, 0xe2, 0x8c, 0x98, 0x20, 0x45, 0x6e, 0x74, 0x65
  .byte 0x72, 0x29, 0x2e, 0x0a, 0x32, 0x2e, 0x20, 0x54, 0x68, 0x65, 0x20, 0x70, 0x61, 0x67, 0x65, 0x20
  .byte 0x62, 0x75, 0x69, 0x6c, 0x64, 0x73, 0x20, 0x61, 0x6e, 0x20, 0x60, 0x6f, 0x70, 0x65, 0x6e, 0x41
  .byte 0x49, 0x4d, 0x65, 0x73, 0x73, 0x61, 0x67, 0x65, 0x46, 0x6f, 0x72, 0x6d, 0x61, 0x74, 0x2e, 0x74
  .byte 0x6f, 0x41, 0x70, 0x69, 0x28, 0x6d, 0x65, 0x73, 0x73, 0x61, 0x67, 0x65, 0x73, 0x29, 0x60, 0x20
  .byte 0x70, 0x61, 0x79, 0x6c, 0x6f, 0x61, 0x64, 0x20, 0x61, 0x6e, 0x64, 0x20, 0x60, 0x50, 0x4f, 0x53
  .byte 0x54, 0x60, 0x73, 0x20, 0x74, 0x6f, 0x20, 0x60, 0x2f, 0x61, 0x70, 0x69, 0x2f, 0x63, 0x68, 0x61
  .byte 0x74, 0x60, 0x2e, 0x0a, 0x33, 0x2e, 0x20, 0x54, 0x68, 0x65, 0x20, 0x41, 0x50, 0x49, 0x20, 0x72
  .byte 0x6f, 0x75, 0x74, 0x65, 0x20, 0x72, 0x65, 0x61, 0x64, 0x73, 0x20, 0x60, 0x73, 0x79, 0x73, 0x74
  .byte 0x65, 0x6d, 0x2d, 0x70, 0x72, 0x6f, 0x6d, 0x70, 0x74, 0x2e, 0x74, 0x78, 0x74, 0x60, 0x20, 0x61
  .byte 0x6e, 0x64, 0x20, 0x73, 0x74, 0x72, 0x65, 0x61, 0x6d, 0x73, 0x20, 0x74, 0x68, 0x65, 0x20, 0x4c
  .byte 0x4c, 0x4d, 0x20, 0x72, 0x65, 0x73, 0x70, 0x6f, 0x6e, 0x73, 0x65, 0x20, 0x61, 0x73, 0x20, 0x53
  .byte 0x53, 0x45, 0x20, 0x65, 0x76, 0x65, 0x6e, 0x74, 0x73, 0x2e, 0x0a, 0x34, 0x2e, 0x20, 0x4f, 0x6e
  .byte 0x20, 0x74, 0x68, 0x65, 0x20, 0x63, 0x6c, 0x69, 0x65, 0x6e, 0x74, 0x2c, 0x20, 0x60, 0x70, 0x72
  .byte 0x6f, 0x63, 0x65, 0x73, 0x73, 0x53, 0x74, 0x72, 0x65, 0x61, 0x6d, 0x65, 0x64, 0x4d, 0x65, 0x73
  .byte 0x73, 0x61, 0x67, 0x65, 0x60, 0x20, 0x2b, 0x20, 0x60, 0x6f, 0x70, 0x65, 0x6e, 0x41, 0x49, 0x41
  .byte 0x64, 0x61, 0x70, 0x74, 0x65, 0x72, 0x28, 0x29, 0x60, 0x20, 0x61, 0x63, 0x63, 0x75, 0x6d, 0x75
  .byte 0x6c, 0x61, 0x74, 0x65, 0x20, 0x74, 0x68, 0x65, 0x20, 0x73, 0x74, 0x72, 0x65, 0x61, 0x6d, 0x65
  .byte 0x64, 0x20, 0x74, 0x65, 0x78, 0x74, 0x20, 0x69, 0x6e, 0x74, 0x6f, 0x20, 0x61, 0x6e, 0x20, 0x60
  .byte 0x41, 0x73, 0x73, 0x69, 0x73, 0x74, 0x61, 0x6e, 0x74, 0x4d, 0x65, 0x73, 0x73, 0x61, 0x67, 0x65
  .byte 0x60, 0x2e, 0x0a, 0x35, 0x2e, 0x20, 0x60, 0x3c, 0x52, 0x65, 0x6e, 0x64, 0x65, 0x72, 0x65, 0x72
  .byte 0x20, 0x72, 0x65, 0x73, 0x70, 0x6f, 0x6e, 0x73, 0x65, 0x3d, 0x7b, 0x63, 0x6f, 0x64, 0x65, 0x7d
  .byte 0x20, 0x6c, 0x69, 0x62, 0x72, 0x61, 0x72, 0x79, 0x3d, 0x7b, 0x68, 0x65, 0x72, 0x6f, 0x75, 0x69
  .byte 0x43, 0x68, 0x61, 0x74, 0x4c, 0x69, 0x62, 0x72, 0x61, 0x72, 0x79, 0x7d, 0x20, 0x69, 0x73, 0x53
  .byte 0x74, 0x72, 0x65, 0x61, 0x6d, 0x69, 0x6e, 0x67, 0x3d, 0x7b, 0x2e, 0x2e, 0x2e, 0x7d, 0x20, 0x2f
  .byte 0x3e, 0x60, 0x20, 0x70, 0x61, 0x72, 0x73, 0x65, 0x73, 0x20, 0x74, 0x68, 0x65, 0x20, 0x4f, 0x70
  .byte 0x65, 0x6e, 0x55, 0x49, 0x20, 0x4c, 0x61, 0x6e, 0x67, 0x20, 0x6d, 0x61, 0x72, 0x6b, 0x75, 0x70
  .byte 0x20, 0x61, 0x6e, 0x64, 0x20, 0x70, 0x72, 0x6f, 0x67, 0x72, 0x65, 0x73, 0x73, 0x69, 0x76, 0x65
  .byte 0x6c, 0x79, 0x20, 0x72, 0x65, 0x6e, 0x64, 0x65, 0x72, 0x73, 0x20, 0x65, 0x61, 0x63, 0x68, 0x20
  .byte 0x6e, 0x6f, 0x64, 0x65, 0x20, 0x61, 0x73, 0x20, 0x61, 0x20, 0x48, 0x65, 0x72, 0x6f, 0x55, 0x49
  .byte 0x2d, 0x62, 0x61, 0x63, 0x6b, 0x65, 0x64, 0x20, 0x63, 0x6f, 0x6d, 0x70, 0x6f, 0x6e, 0x65, 0x6e
  .byte 0x74, 0x2e, 0x0a, 0x36, 0x2e, 0x20, 0x54, 0x68, 0x65, 0x20, 0x73, 0x74, 0x72, 0x65, 0x61, 0x6d
  .byte 0x65, 0x64, 0x20, 0x61, 0x73, 0x73, 0x69, 0x73, 0x74, 0x61, 0x6e, 0x74, 0x20, 0x60, 0x63, 0x6f
  .byte 0x6e, 0x74, 0x65, 0x6e, 0x74, 0x60, 0x20, 0x28, 0x4f, 0x70, 0x65, 0x6e, 0x55, 0x49, 0x20, 0x4c
  .byte 0x61, 0x6e, 0x67, 0x20, 0x74, 0x65, 0x78, 0x74, 0x20, 0x6f, 0x6e, 0x6c, 0x79, 0x29, 0x20, 0x69
  .byte 0x73, 0x20, 0x61, 0x70, 0x70, 0x65, 0x6e, 0x64, 0x65, 0x64, 0x20, 0x74, 0x6f, 0x20, 0x74, 0x68
  .byte 0x65, 0x20, 0x69, 0x6e, 0x2d, 0x6d, 0x65, 0x6d, 0x6f, 0x72, 0x79, 0x20, 0x6d, 0x65, 0x73, 0x73
  .byte 0x61, 0x67, 0x65, 0x20, 0x6c, 0x69, 0x73, 0x74, 0x20, 0x66, 0x6f, 0x72, 0x20, 0x74, 0x68, 0x65
  .byte 0x20, 0x6e, 0x65, 0x78, 0x74, 0x20, 0x69, 0x74, 0x65, 0x72, 0x61, 0x74, 0x69, 0x6f, 0x6e, 0x2e
  .byte 0x0a, 0x0a, 0x23, 0x23, 0x23, 0x20, 0x49, 0x74, 0x65, 0x72, 0x61, 0x74, 0x69, 0x76, 0x65, 0x20
  .byte 0x52, 0x65, 0x66, 0x69, 0x6e, 0x65, 0x6d, 0x65, 0x6e, 0x74, 0x0a, 0x0a, 0x53, 0x75, 0x62, 0x6d
  .byte 0x69, 0x74, 0x20, 0x61, 0x20, 0x66, 0x6f, 0x6c, 0x6c, 0x6f, 0x77, 0x2d, 0x75, 0x70, 0x20, 0x69
  .byte 0x6e, 0x73, 0x74, 0x72, 0x75, 0x63, 0x74, 0x69, 0x6f, 0x6e, 0x20, 0x28, 0x65, 0x2e, 0x67, 0x2e
  .byte 0x20, 0x22, 0x61, 0x64, 0x64, 0x20, 0x61, 0x20, 0x70, 0x68, 0x6f, 0x6e, 0x65, 0x20, 0x6e, 0x75
  .byte 0x6d, 0x62, 0x65, 0x72, 0x20, 0x66, 0x69, 0x65, 0x6c, 0x64, 0x22, 0x20, 0x6f, 0x72, 0x20, 0x22
  .byte 0x72, 0x65, 0x6e, 0x61, 0x6d, 0x65, 0x20, 0x74, 0x68, 0x65, 0x20, 0x73, 0x75, 0x62, 0x6d, 0x69
  .byte 0x74, 0x20, 0x62, 0x75, 0x74, 0x74, 0x6f, 0x6e, 0x20, 0x74, 0x6f, 0x20, 0x27, 0x53, 0x65, 0x6e
  .byte 0x64, 0x27, 0x22, 0x29, 0x20, 0x61, 0x6e, 0x64, 0x20, 0x74, 0x68, 0x65, 0x20, 0x70, 0x61, 0x67
  .byte 0x65, 0x3a, 0x0a, 0x0a, 0x2d, 0x20, 0x4f, 0x70, 0x74, 0x69, 0x6f, 0x6e, 0x61, 0x6c, 0x6c, 0x79
  .byte 0x20, 0x70, 0x72, 0x65, 0x66, 0x69, 0x78, 0x65, 0x73, 0x20, 0x74, 0x68, 0x65, 0x20, 0x6e, 0x65
  .byte 0x77, 0x20, 0x75, 0x73, 0x65, 0x72, 0x20, 0x6d, 0x65, 0x73, 0x73, 0x61, 0x67, 0x65, 0x20, 0x77
  .byte 0x69, 0x74, 0x68, 0x20, 0x61, 0x20, 0x4a, 0x53, 0x4f, 0x4e, 0x20, 0x73, 0x6e, 0x61, 0x70, 0x73
  .byte 0x68, 0x6f, 0x74, 0x20, 0x6f, 0x66, 0x20, 0x63, 0x75, 0x72, 0x72, 0x65, 0x6e, 0x74, 0x20, 0x66
  .byte 0x6f, 0x72, 0x6d, 0x20, 0x76, 0x61, 0x6c, 0x75, 0x65, 0x73, 0x20, 0x66, 0x72, 0x6f, 0x6d, 0x20
  .byte 0x60, 0x6f, 0x6e, 0x53, 0x74, 0x61, 0x74, 0x65, 0x55, 0x70, 0x64, 0x61, 0x74, 0x65, 0x60, 0x2e
  .byte 0x0a, 0x2d, 0x20, 0x50, 0x4f, 0x53, 0x54, 0x73, 0x20, 0x74, 0x68, 0x65, 0x20, 0x2a, 0x2a, 0x66
  .byte 0x75, 0x6c, 0x6c, 0x2a, 0x2a, 0x20, 0x6d, 0x65, 0x73, 0x73, 0x61, 0x67, 0x65, 0x20, 0x6c, 0x69
  .byte 0x73, 0x74, 0x20, 0x73, 0x6f, 0x20, 0x74, 0x68, 0x65, 0x20, 0x6d, 0x6f, 0x64, 0x65, 0x6c, 0x20
  .byte 0x63, 0x61, 0x6e, 0x20, 0x73, 0x65, 0x65, 0x20, 0x74, 0x68, 0x65, 0x20, 0x70, 0x72, 0x65, 0x76
  .byte 0x69, 0x6f, 0x75, 0x73, 0x20, 0x66, 0x6f, 0x72, 0x6d, 0x20, 0x73, 0x70, 0x65, 0x63, 0x20, 0x61
  .byte 0x6e, 0x64, 0x20, 0x72, 0x65, 0x74, 0x75, 0x72, 0x6e, 0x20, 0x6f, 0x6e, 0x65, 0x20, 0x63, 0x6f
  .byte 0x6d, 0x70, 0x6c, 0x65, 0x74, 0x65, 0x20, 0x75, 0x70, 0x64, 0x61, 0x74, 0x65, 0x64, 0x20, 0x60
  .byte 0x46, 0x6f, 0x72, 0x6d, 0x60, 0x2e, 0x0a, 0x2d, 0x20, 0x60, 0x3c, 0x52, 0x65, 0x6e, 0x64, 0x65
  .byte 0x72, 0x65, 0x72, 0x20, 0x69, 0x6e, 0x69, 0x74, 0x69, 0x61, 0x6c, 0x53, 0x74, 0x61, 0x74, 0x65
  .byte 0x3d, 0x7b, 0x66, 0x6f, 0x72, 0x6d, 0x46, 0x69, 0x65, 0x6c, 0x64, 0x53, 0x6e, 0x61, 0x70, 0x73
  .byte 0x68, 0x6f, 0x74, 0x7d, 0x3e, 0x60, 0x20, 0x68, 0x79, 0x64, 0x72, 0x61, 0x74, 0x65, 0x73, 0x20
  .byte 0x74, 0x68, 0x65, 0x20, 0x70, 0x72, 0x65, 0x76, 0x69, 0x65, 0x77, 0x20, 0x77, 0x69, 0x74, 0x68
  .byte 0x20, 0x74, 0x68, 0x65, 0x20, 0x6c, 0x61, 0x74, 0x65, 0x73, 0x74, 0x20, 0x66, 0x69, 0x65, 0x6c
  .byte 0x64, 0x20, 0x76, 0x61, 0x6c, 0x75, 0x65, 0x73, 0x2c, 0x20, 0x73, 0x6f, 0x20, 0x66, 0x69, 0x6c
  .byte 0x6c, 0x65, 0x64, 0x20, 0x64, 0x61, 0x74, 0x61, 0x20, 0x69, 0x73, 0x20, 0x6e, 0x6f, 0x74, 0x20
  .byte 0x6c, 0x6f, 0x73, 0x74, 0x20, 0x6f, 0x6e, 0x20, 0x72, 0x65, 0x2d, 0x72, 0x65, 0x6e, 0x64, 0x65
  .byte 0x72, 0x2e, 0x0a, 0x0a, 0x43, 0x6c, 0x69, 0x63, 0x6b, 0x20, 0x2a, 0x2a, 0x52, 0x65, 0x73, 0x65
  .byte 0x74, 0x2a, 0x2a, 0x20, 0x74, 0x6f, 0x20, 0x63, 0x6c, 0x65, 0x61, 0x72, 0x20, 0x68, 0x69, 0x73
  .byte 0x74, 0x6f, 0x72, 0x79, 0x20, 0x61, 0x6e, 0x64, 0x20, 0x73, 0x74, 0x61, 0x72, 0x74, 0x20, 0x61
  .byte 0x20, 0x66, 0x72, 0x65, 0x73, 0x68, 0x20, 0x66, 0x6f, 0x72, 0x6d, 0x2e, 0x0a, 0x0a, 0x2d, 0x2d
  .byte 0x2d, 0x0a, 0x0a, 0x23, 0x23, 0x20, 0x50, 0x72, 0x6f, 0x6a, 0x65, 0x63, 0x74, 0x20, 0x53, 0x74
  .byte 0x72, 0x75, 0x63, 0x74, 0x75, 0x72, 0x65, 0x0a, 0x0a, 0x60, 0x60, 0x60, 0x0a, 0x66, 0x6f, 0x72
  .byte 0x6d, 0x2d, 0x67, 0x65, 0x6e, 0x65, 0x72, 0x61, 0x74, 0x6f, 0x72, 0x2f, 0x0a, 0xe2, 0x94, 0x9c
  .byte 0xe2, 0x94, 0x80, 0xe2, 0x94, 0x80, 0x20, 0x73, 0x72, 0x63, 0x2f, 0x0a, 0xe2, 0x94, 0x82, 0x20
  .byte 0x20, 0x20, 0xe2, 0x94, 0x9c, 0xe2, 0x94, 0x80, 0xe2, 0x94, 0x80, 0x20, 0x61, 0x70, 0x70, 0x2f
  .byte 0x0a, 0xe2, 0x94, 0x82, 0x20, 0x20, 0x20, 0xe2, 0x94, 0x82, 0x20, 0x20, 0x20, 0xe2, 0x94, 0x9c
  .byte 0xe2, 0x94, 0x80, 0xe2, 0x94, 0x80, 0x20, 0x61, 0x70, 0x69, 0x2f, 0x63, 0x68, 0x61, 0x74, 0x2f
  .byte 0x72, 0x6f, 0x75, 0x74, 0x65, 0x2e, 0x74, 0x73, 0x20, 0x20, 0x20, 0x20, 0x20, 0x20, 0x23, 0x20
  .byte 0x53, 0x74, 0x72, 0x65, 0x61, 0x6d, 0x69, 0x6e, 0x67, 0x20, 0x65, 0x6e, 0x64, 0x70, 0x6f, 0x69
  .byte 0x6e, 0x74, 0x20, 0x28, 0x4f, 0x70, 0x65, 0x6e, 0x41, 0x49, 0x20, 0x53, 0x44, 0x4b, 0x20, 0x2b
  .byte 0x20, 0x53, 0x53, 0x45, 0x2c, 0x20, 0x6e, 0x6f, 0x20, 0x74, 0x6f, 0x6f, 0x6c, 0x73, 0x29, 0x0a
  .byte 0xe2, 0x94, 0x82, 0x20, 0x20, 0x20, 0xe2, 0x94, 0x82, 0x20, 0x20, 0x20, 0xe2, 0x94, 0x9c, 0xe2
  .byte 0x94, 0x80, 0xe2, 0x94, 0x80, 0x20, 0x70, 0x61, 0x67, 0x65, 0x2e, 0x74, 0x73, 0x78, 0x20, 0x20
  .byte 0x20, 0x20, 0x20, 0x20, 0x20, 0x20, 0x20, 0x20, 0x20, 0x20, 0x20, 0x20, 0x20, 0x23, 0x20, 0x54
  .byte 0x77, 0x6f, 0x2d, 0x63, 0x6f, 0x6c, 0x75, 0x6d, 0x6e, 0x20, 0x66, 0x6f, 0x72, 0x6d, 0x20, 0x67
  .byte 0x65, 0x6e, 0x65, 0x72, 0x61, 0x74, 0x6f, 0x72, 0x20, 0x55, 0x49, 0x0a, 0xe2, 0x94, 0x82, 0x20
  .byte 0x20, 0x20, 0xe2, 0x94, 0x82, 0x20, 0x20, 0x20, 0xe2, 0x94, 0x9c, 0xe2, 0x94, 0x80, 0xe2, 0x94
  .byte 0x80, 0x20, 0x6c, 0x61, 0x79, 0x6f, 0x75, 0x74, 0x2e, 0x74, 0x73, 0x78, 0x20, 0x20, 0x20, 0x20
  .byte 0x20, 0x20, 0x20, 0x20, 0x20, 0x20, 0x20, 0x20, 0x20, 0x23, 0x20, 0x52, 0x6f, 0x6f, 0x74, 0x20
  .byte 0x6c, 0x61, 0x79, 0x6f, 0x75, 0x74, 0x20, 0x28, 0x6e, 0x6f, 0x20, 0x65, 0x78, 0x74, 0x65, 0x72
  .byte 0x6e, 0x61, 0x6c, 0x20, 0x70, 0x72, 0x6f, 0x76, 0x69, 0x64, 0x65, 0x72, 0x20, 0x6e, 0x65, 0x65
  .byte 0x64, 0x65, 0x64, 0x29, 0x0a, 0xe2, 0x94, 0x82, 0x20, 0x20, 0x20, 0xe2, 0x94, 0x82, 0x20, 0x20
  .byte 0x20, 0xe2, 0x94, 0x94, 0xe2, 0x94, 0x80, 0xe2, 0x94, 0x80, 0x20, 0x67, 0x6c, 0x6f, 0x62, 0x61
  .byte 0x6c, 0x73, 0x2e, 0x63, 0x73, 0x73, 0x20, 0x20, 0x20, 0x20, 0x20, 0x20, 0x20, 0x20, 0x20, 0x20
  .byte 0x20, 0x20, 0x23, 0x20, 0x54, 0x61, 0x69, 0x6c, 0x77, 0x69, 0x6e, 0x64, 0x20, 0x2b, 0x20, 0x48
  .byte 0x65, 0x72, 0x6f, 0x55, 0x49, 0x20, 0x73, 0x74, 0x79, 0x6c, 0x65, 0x73, 0x0a, 0xe2, 0x94, 0x82
  .byte 0x20, 0x20, 0x20, 0xe2, 0x94, 0x9c, 0xe2, 0x94, 0x80, 0xe2, 0x94, 0x80, 0x20, 0x6c, 0x69, 0x62
  .byte 0x2f, 0x0a, 0xe2, 0x94, 0x82, 0x20, 0x20, 0x20, 0xe2, 0x94, 0x82, 0x20, 0x20, 0x20, 0xe2, 0x94
  .byte 0x94, 0xe2, 0x94, 0x80, 0xe2, 0x94, 0x80, 0x20, 0x68, 0x65, 0x72, 0x6f, 0x75, 0x69, 0x2d, 0x67
  .byte 0x65, 0x6e, 0x75, 0x69, 0x2f, 0x20, 0x20, 0x20, 0x20, 0x20, 0x20, 0x20, 0x20, 0x20, 0x20, 0x23
  .byte 0x20, 0x43, 0x75, 0x73, 0x74, 0x6f, 0x6d, 0x20, 0x4f, 0x70, 0x65, 0x6e, 0x55, 0x49, 0x20, 0x63
  .byte 0x6f, 0x6d, 0x70, 0x6f, 0x6e, 0x65, 0x6e, 0x74, 0x20, 0x6c, 0x69, 0x62, 0x72, 0x61, 0x72, 0x79
  .byte 0x0a, 0xe2, 0x94, 0x82, 0x20, 0x20, 0x20, 0xe2, 0x94, 0x82, 0x20, 0x20, 0x20, 0x20, 0x20, 0x20
  .byte 0x20, 0xe2, 0x94, 0x9c, 0xe2, 0x94, 0x80, 0xe2, 0x94, 0x80, 0x20, 0x69, 0x6e, 0x64, 0x65, 0x78
  .byte 0x2e, 0x74, 0x73, 0x78, 0x20, 0x20, 0x20, 0x20, 0x20, 0x20, 0x20, 0x20, 0x20, 0x20, 0x23, 0x20
  .byte 0x4c, 0x69, 0x62, 0x72, 0x61, 0x72, 0x79, 0x20, 0x2b, 0x20, 0x68, 0x65, 0x72, 0x6f, 0x75, 0x69
  .byte 0x46, 0x6f, 0x72, 0x6d, 0x50, 0x72, 0x6f, 0x6d, 0x70, 0x74, 0x4f, 0x70, 0x74, 0x69, 0x6f, 0x6e
  .byte 0x73, 0x20, 0x65, 0x78, 0x70, 0x6f, 0x72, 0x74, 0x0a, 0xe2, 0x94, 0x82, 0x20, 0x20, 0x20, 0xe2
  .byte 0x94, 0x82, 0x20, 0x20, 0x20, 0x20, 0x20, 0x20, 0x20, 0xe2, 0x94, 0x9c, 0xe2, 0x94, 0x80, 0xe2
  .byte 0x94, 0x80, 0x20, 0x61, 0x63, 0x74, 0x69, 0x6f, 0x6e, 0x2e, 0x74, 0x73, 0x20, 0x20, 0x20, 0x20
  .byte 0x20, 0x20, 0x20, 0x20, 0x20, 0x20, 0x23, 0x20, 0x42, 0x75, 0x74, 0x74, 0x6f, 0x6e, 0x20, 0x61
  .byte 0x63, 0x74, 0x69, 0x6f, 0x6e, 0x20, 0x5a, 0x6f, 0x64, 0x20, 0x73, 0x63, 0x68, 0x65, 0x6d, 0x61
  .byte 0x73, 0x0a, 0xe2, 0x94, 0x82, 0x20, 0x20, 0x20, 0xe2, 0x94, 0x82, 0x20, 0x20, 0x20, 0x20, 0x20
  .byte 0x20, 0x20, 0xe2, 0x94, 0x9c, 0xe2, 0x94, 0x80, 0xe2, 0x94, 0x80, 0x20, 0x72, 0x75, 0x6c, 0x65
  .byte 0x73, 0x2e, 0x74, 0x73, 0x20, 0x20, 0x20, 0x20, 0x20, 0x20, 0x20, 0x20, 0x20, 0x20, 0x20, 0x23
  .byte 0x20, 0x46, 0x6f, 0x72, 0x6d, 0x20, 0x76, 0x61, 0x6c, 0x69, 0x64, 0x61, 0x74, 0x69, 0x6f, 0x6e
  .byte 0x20, 0x72, 0x75, 0x6c, 0x65, 0x20, 0x73, 0x63, 0x68, 0x65, 0x6d, 0x61, 0x73, 0x0a, 0xe2, 0x94
  .byte 0x82, 0x20, 0x20, 0x20, 0xe2, 0x94, 0x82, 0x20, 0x20, 0x20, 0x20, 0x20, 0x20, 0x20, 0xe2, 0x94
  .byte 0x94, 0xe2, 0x94, 0x80, 0xe2, 0x94, 0x80, 0x20, 0x63, 0x6f, 0x6d, 0x70, 0x6f, 0x6e, 0x65, 0x6e
  .byte 0x74, 0x73, 0x2f, 0x20, 0x20, 0x20, 0x20, 0x20, 0x20, 0x20, 0x20, 0x23, 0x20, 0x4f, 0x6e, 0x65
  .byte 0x20, 0x66, 0x69, 0x6c, 0x65, 0x20, 0x70, 0x65, 0x72, 0x20, 0x63, 0x6f, 0x6d, 0x70, 0x6f, 0x6e
  .byte 0x65, 0x6e, 0x74, 0x0a, 0xe2, 0x94, 0x82, 0x20, 0x20, 0x20, 0xe2, 0x94, 0x9c, 0xe2, 0x94, 0x80
  .byte 0xe2, 0x94, 0x80, 0x20, 0x67, 0x65, 0x6e, 0x65, 0x72, 0x61, 0x74, 0x65, 0x64, 0x2f, 0x0a, 0xe2
  .byte 0x94, 0x82, 0x20, 0x20, 0x20, 0xe2, 0x94, 0x82, 0x20, 0x20, 0x20, 0xe2, 0x94, 0x94, 0xe2, 0x94
  .byte 0x80, 0xe2, 0x94, 0x80, 0x20, 0x73, 0x79, 0x73, 0x74, 0x65, 0x6d, 0x2d, 0x70, 0x72, 0x6f, 0x6d
  .byte 0x70, 0x74, 0x2e, 0x74, 0x78, 0x74, 0x20, 0x20, 0x20, 0x20, 0x20, 0x20, 0x23, 0x20, 0x41, 0x75
  .byte 0x74, 0x6f, 0x2d, 0x67, 0x65, 0x6e, 0x65, 0x72, 0x61, 0x74, 0x65, 0x64, 0x20, 0xe2, 0x80, 0x94
  .byte 0x20, 0x64, 0x6f, 0x20, 0x6e, 0x6f, 0x74, 0x20, 0x65, 0x64, 0x69, 0x74, 0x20, 0x6d, 0x61, 0x6e
  .byte 0x75, 0x61, 0x6c, 0x6c, 0x79, 0x0a, 0xe2, 0x94, 0x82, 0x20, 0x20, 0x20, 0xe2, 0x94, 0x94, 0xe2
  .byte 0x94, 0x80, 0xe2, 0x94, 0x80, 0x20, 0x6c, 0x69, 0x62, 0x72, 0x61, 0x72, 0x79, 0x2e, 0x74, 0x73
  .byte 0x20, 0x20, 0x20, 0x20, 0x20, 0x20, 0x20, 0x20, 0x20, 0x20, 0x20, 0x20, 0x20, 0x20, 0x20, 0x20
  .byte 0x20, 0x23, 0x20, 0x43, 0x4c, 0x49, 0x20, 0x65, 0x6e, 0x74, 0x72, 0x79, 0x20, 0xe2, 0x80, 0x94
  .byte 0x20, 0x72, 0x65, 0x2d, 0x65, 0x78, 0x70, 0x6f, 0x72, 0x74, 0x73, 0x20, 0x6c, 0x69, 0x62, 0x72
  .byte 0x61, 0x72, 0x79, 0x20, 0x2b, 0x20, 0x70, 0x72, 0x6f, 0x6d, 0x70, 0x74, 0x4f, 0x70, 0x74, 0x69
  .byte 0x6f, 0x6e, 0x73, 0x0a, 0xe2, 0x94, 0x94, 0xe2, 0x94, 0x80, 0xe2, 0x94, 0x80, 0x20, 0x70, 0x61
  .byte 0x63, 0x6b, 0x61, 0x67, 0x65, 0x2e, 0x6a, 0x73, 0x6f, 0x6e, 0x0a, 0x60, 0x60, 0x60, 0x0a, 0x0a
  .byte 0x2d, 0x2d, 0x2d, 0x0a, 0x0a, 0x23, 0x23, 0x20, 0x47, 0x65, 0x74, 0x74, 0x69, 0x6e, 0x67, 0x20
  .byte 0x53, 0x74, 0x61, 0x72, 0x74, 0x65, 0x64, 0x0a, 0x0a, 0x23, 0x23, 0x23, 0x20, 0x50, 0x72, 0x65
  .byte 0x72, 0x65, 0x71, 0x75, 0x69, 0x73, 0x69, 0x74, 0x65, 0x73, 0x0a, 0x0a, 0x2d, 0x20, 0x4e, 0x6f
  .byte 0x64, 0x65, 0x2e, 0x6a, 0x73, 0x20, 0x31, 0x38, 0x2b, 0x0a, 0x2d, 0x20, 0x70, 0x6e, 0x70, 0x6d
  .byte 0x0a, 0x2d, 0x20, 0x41, 0x6e, 0x20, 0x4f, 0x70, 0x65, 0x6e, 0x41, 0x49, 0x20, 0x41, 0x50, 0x49
  .byte 0x20, 0x6b, 0x65, 0x79, 0x0a, 0x0a, 0x23, 0x23, 0x23, 0x20, 0x31, 0x2e, 0x20, 0x49, 0x6e, 0x73
  .byte 0x74, 0x61, 0x6c, 0x6c, 0x20, 0x64, 0x65, 0x70, 0x65, 0x6e, 0x64, 0x65, 0x6e, 0x63, 0x69, 0x65
  .byte 0x73, 0x0a, 0x0a, 0x60, 0x60, 0x60, 0x62, 0x61, 0x73, 0x68, 0x0a, 0x63, 0x64, 0x20, 0x65, 0x78
  .byte 0x61, 0x6d, 0x70, 0x6c, 0x65, 0x73, 0x2f, 0x66, 0x6f, 0x72, 0x6d, 0x2d, 0x67, 0x65, 0x6e, 0x65
  .byte 0x72, 0x61, 0x74, 0x6f, 0x72, 0x0a, 0x70, 0x6e, 0x70, 0x6d, 0x20, 0x69, 0x6e, 0x73, 0x74, 0x61
  .byte 0x6c, 0x6c, 0x0a, 0x60, 0x60, 0x60, 0x0a, 0x0a, 0x23, 0x23, 0x23, 0x20, 0x32, 0x2e, 0x20, 0x43
  .byte 0x6f, 0x6e, 0x66, 0x69, 0x67, 0x75, 0x72, 0x65, 0x20, 0x65, 0x6e, 0x76, 0x69, 0x72, 0x6f, 0x6e
  .byte 0x6d, 0x65, 0x6e, 0x74, 0x0a, 0x0a, 0x43, 0x72, 0x65, 0x61, 0x74, 0x65, 0x20, 0x61, 0x20, 0x60
  .byte 0x2e, 0x65, 0x6e, 0x76, 0x2e, 0x6c, 0x6f, 0x63, 0x61, 0x6c, 0x60, 0x20, 0x66, 0x69, 0x6c, 0x65
  .byte 0x20, 0x69, 0x6e, 0x20, 0x74, 0x68, 0x65, 0x20, 0x60, 0x65, 0x78, 0x61, 0x6d, 0x70, 0x6c, 0x65
  .byte 0x73, 0x2f, 0x66, 0x6f, 0x72, 0x6d, 0x2d, 0x67, 0x65, 0x6e, 0x65, 0x72, 0x61, 0x74, 0x6f, 0x72
  .byte 0x2f, 0x60, 0x20, 0x64, 0x69, 0x72, 0x65, 0x63, 0x74, 0x6f, 0x72, 0x79, 0x3a, 0x0a, 0x0a, 0x60
  .byte 0x60, 0x60, 0x0a, 0x4f, 0x50, 0x45, 0x4e, 0x41, 0x49, 0x5f, 0x41, 0x50, 0x49, 0x5f, 0x4b, 0x45
  .byte 0x59, 0x3d, 0x73, 0x6b, 0x2d, 0x2e, 0x2e, 0x2e, 0x0a, 0x60, 0x60, 0x60, 0x0a, 0x0a, 0x23, 0x23
  .byte 0x23, 0x20, 0x33, 0x2e, 0x20, 0x53, 0x74, 0x61, 0x72, 0x74, 0x20, 0x74, 0x68, 0x65, 0x20, 0x64
  .byte 0x65, 0x76, 0x20, 0x73, 0x65, 0x72, 0x76, 0x65, 0x72, 0x0a, 0x0a, 0x60, 0x60, 0x60, 0x62, 0x61
  .byte 0x73, 0x68, 0x0a, 0x70, 0x6e, 0x70, 0x6d, 0x20, 0x64, 0x65, 0x76, 0x0a, 0x60, 0x60, 0x60, 0x0a
  .byte 0x0a, 0x54, 0x68, 0x69, 0x73, 0x20, 0x72, 0x75, 0x6e, 0x73, 0x20, 0x60, 0x67, 0x65, 0x6e, 0x65
  .byte 0x72, 0x61, 0x74, 0x65, 0x3a, 0x70, 0x72, 0x6f, 0x6d, 0x70, 0x74, 0x60, 0x20, 0x66, 0x69, 0x72
  .byte 0x73, 0x74, 0x20, 0x28, 0x62, 0x75, 0x69, 0x6c, 0x64, 0x73, 0x20, 0x74, 0x68, 0x65, 0x20, 0x4f
  .byte 0x70, 0x65, 0x6e, 0x55, 0x49, 0x20, 0x43, 0x4c, 0x49, 0x2c, 0x20, 0x63, 0x6f, 0x6d, 0x70, 0x69
  .byte 0x6c, 0x65, 0x73, 0x20, 0x60, 0x73, 0x72, 0x63, 0x2f, 0x6c, 0x69, 0x62, 0x72, 0x61, 0x72, 0x79
  .byte 0x2e, 0x74, 0x73, 0x60, 0x20, 0xe2, 0x86, 0x92, 0x20, 0x60, 0x73, 0x72, 0x63, 0x2f, 0x67, 0x65
  .byte 0x6e, 0x65, 0x72, 0x61, 0x74, 0x65, 0x64, 0x2f, 0x73, 0x79, 0x73, 0x74, 0x65, 0x6d, 0x2d, 0x70
  .byte 0x72, 0x6f, 0x6d, 0x70, 0x74, 0x2e, 0x74, 0x78, 0x74, 0x60, 0x29, 0x20, 0x74, 0x68, 0x65, 0x6e
  .byte 0x20, 0x73, 0x74, 0x61, 0x72, 0x74, 0x73, 0x20, 0x74, 0x68, 0x65, 0x20, 0x4e, 0x65, 0x78, 0x74
  .byte 0x2e, 0x6a, 0x73, 0x20, 0x64, 0x65, 0x76, 0x20, 0x73, 0x65, 0x72, 0x76, 0x65, 0x72, 0x20, 0x61
  .byte 0x74, 0x20, 0x60, 0x68, 0x74, 0x74, 0x70, 0x3a, 0x2f, 0x2f, 0x6c, 0x6f, 0x63, 0x61, 0x6c, 0x68
  .byte 0x6f, 0x73, 0x74, 0x3a, 0x33, 0x30, 0x30, 0x30, 0x60, 0x2e, 0x0a, 0x0a, 0x2d, 0x2d, 0x2d, 0x0a
  .byte 0x0a, 0x23, 0x23, 0x20, 0x57, 0x68, 0x61, 0x74, 0x27, 0x73, 0x20, 0x69, 0x6e, 0x20, 0x54, 0x68
  .byte 0x69, 0x73, 0x20, 0x45, 0x78, 0x61, 0x6d, 0x70, 0x6c, 0x65, 0x0a, 0x0a, 0x23, 0x23, 0x23, 0x20
  .byte 0x53, 0x79, 0x73, 0x74, 0x65, 0x6d, 0x20, 0x50, 0x72, 0x6f, 0x6d, 0x70, 0x74, 0x20, 0x47, 0x65
  .byte 0x6e, 0x65, 0x72, 0x61, 0x74, 0x69, 0x6f, 0x6e, 0x0a, 0x0a, 0x43, 0x6f, 0x6d, 0x70, 0x6f, 0x6e
  .byte 0x65, 0x6e, 0x74, 0x20, 0x64, 0x65, 0x66, 0x69, 0x6e, 0x69, 0x74, 0x69, 0x6f, 0x6e, 0x73, 0x20
  .byte 0x61, 0x6e, 0x64, 0x20, 0x66, 0x6f, 0x72, 0x6d, 0x2d, 0x66, 0x6f, 0x63, 0x75, 0x73, 0x65, 0x64
  .byte 0x20, 0x70, 0x72, 0x6f, 0x6d, 0x70, 0x74, 0x20, 0x6f, 0x70, 0x74, 0x69, 0x6f, 0x6e, 0x73, 0x20
  .byte 0x6c, 0x69, 0x76, 0x65, 0x20, 0x69, 0x6e, 0x20, 0x60, 0x73, 0x72, 0x63, 0x2f, 0x6c, 0x69, 0x62
  .byte 0x2f, 0x68, 0x65, 0x72, 0x6f, 0x75, 0x69, 0x2d, 0x67, 0x65, 0x6e, 0x75, 0x69, 0x2f, 0x69, 0x6e
  .byte 0x64, 0x65, 0x78, 0x2e, 0x74, 0x73, 0x78, 0x60, 0x20, 0x28, 0x60, 0x63, 0x72, 0x65, 0x61, 0x74
  .byte 0x65, 0x4c, 0x69, 0x62, 0x72, 0x61, 0x72, 0x79, 0x28, 0x29, 0x60, 0x2c, 0x20, 0x60, 0x68, 0x65
  .byte 0x72, 0x6f, 0x75, 0x69, 0x46, 0x6f, 0x72, 0x6d, 0x50, 0x72, 0x6f, 0x6d, 0x70, 0x74, 0x4f, 0x70
  .byte 0x74, 0x69, 0x6f, 0x6e, 0x73, 0x60, 0x29, 0x2e, 0x20, 0x54, 0x68, 0x65, 0x20, 0x66, 0x69, 0x6c
  .byte 0x65, 0x20, 0x60, 0x73, 0x72, 0x63, 0x2f, 0x6c, 0x69, 0x62, 0x72, 0x61, 0x72, 0x79, 0x2e, 0x74
  .byte 0x73, 0x60, 0x20, 0x72, 0x65, 0x2d, 0x65, 0x78, 0x70, 0x6f, 0x72, 0x74, 0x73, 0x20, 0x74, 0x68
  .byte 0x65, 0x6d, 0x20, 0x61, 0x73, 0x20, 0x60, 0x6c, 0x69, 0x62, 0x72, 0x61, 0x72, 0x79, 0x60, 0x20
  .byte 0x61, 0x6e, 0x64, 0x20, 0x60, 0x70, 0x72, 0x6f, 0x6d, 0x70, 0x74, 0x4f, 0x70, 0x74, 0x69, 0x6f
  .byte 0x6e, 0x73, 0x60, 0x20, 0x66, 0x6f, 0x72, 0x20, 0x74, 0x68, 0x65, 0x20, 0x4f, 0x70, 0x65, 0x6e
  .byte 0x55, 0x49, 0x20, 0x43, 0x4c, 0x49, 0x2e, 0x0a, 0x0a, 0x57, 0x68, 0x65, 0x6e, 0x20, 0x79, 0x6f
  .byte 0x75, 0x20, 0x72, 0x75, 0x6e, 0x20, 0x60, 0x70, 0x6e, 0x70, 0x6d, 0x20, 0x64, 0x65, 0x76, 0x60
  .byte 0x20, 0x6f, 0x72, 0x20, 0x60, 0x70, 0x6e, 0x70, 0x6d, 0x20, 0x67, 0x65, 0x6e, 0x65, 0x72, 0x61
  .byte 0x74, 0x65, 0x3a, 0x70, 0x72, 0x6f, 0x6d, 0x70, 0x74, 0x60, 0x2c, 0x20, 0x74, 0x68, 0x65, 0x20
  .byte 0x43, 0x4c, 0x49, 0x20, 0x67, 0x65, 0x6e, 0x65, 0x72, 0x61, 0x74, 0x65, 0x73, 0x20, 0x60, 0x73
  .byte 0x72, 0x63, 0x2f, 0x67, 0x65, 0x6e, 0x65, 0x72, 0x61, 0x74, 0x65, 0x64, 0x2f, 0x73, 0x79, 0x73
  .byte 0x74, 0x65, 0x6d, 0x2d, 0x70, 0x72, 0x6f, 0x6d, 0x70, 0x74, 0x2e, 0x74, 0x78, 0x74, 0x60, 0x20
  .byte 0xe2, 0x80, 0x94, 0x20, 0x61, 0x20, 0x66, 0x69, 0x6c, 0x65, 0x20, 0x6c, 0x69, 0x73, 0x74, 0x69
  .byte 0x6e, 0x67, 0x20, 0x65, 0x76, 0x65, 0x72, 0x79, 0x20, 0x66, 0x6f, 0x72, 0x6d, 0x20, 0x63, 0x6f
  .byte 0x6d, 0x70, 0x6f, 0x6e, 0x65, 0x6e, 0x74, 0x27, 0x73, 0x20, 0x6e, 0x61, 0x6d, 0x65, 0x2c, 0x20
  .byte 0x70, 0x72, 0x6f, 0x70, 0x20, 0x73, 0x63, 0x68, 0x65, 0x6d, 0x61, 0x2c, 0x20, 0x64, 0x65, 0x73
  .byte 0x63, 0x72, 0x69, 0x70, 0x74, 0x69, 0x6f, 0x6e, 0x2c, 0x20, 0x61, 0x6e, 0x64, 0x20, 0x65, 0x78
  .byte 0x61, 0x6d, 0x70, 0x6c, 0x65, 0x73, 0x2e, 0x20, 0x54, 0x68, 0x69, 0x73, 0x20, 0x69, 0x73, 0x20
  .byte 0x74, 0x68, 0x65, 0x20, 0x4c, 0x4c, 0x4d, 0x27, 0x73, 0x20, 0x73, 0x79, 0x73, 0x74, 0x65, 0x6d
  .byte 0x20, 0x70, 0x72, 0x6f, 0x6d, 0x70, 0x74, 0x2e, 0x0a, 0x0a, 0x60, 0x68, 0x65, 0x72, 0x6f, 0x75
  .byte 0x69, 0x46, 0x6f, 0x72, 0x6d, 0x50, 0x72, 0x6f, 0x6d, 0x70, 0x74, 0x4f, 0x70, 0x74, 0x69, 0x6f
  .byte 0x6e, 0x73, 0x60, 0x20, 0x69, 0x6e, 0x63, 0x6c, 0x75, 0x64, 0x65, 0x73, 0x3a, 0x0a, 0x2d, 0x20
  .byte 0x2a, 0x2a, 0x4e, 0x6f, 0x20, 0x69, 0x6e, 0x6c, 0x69, 0x6e, 0x65, 0x20, 0x65, 0x78, 0x61, 0x6d
  .byte 0x70, 0x6c, 0x65, 0x73, 0x2a, 0x2a, 0x20, 0xe2, 0x80, 0x94, 0x20, 0x74, 0x68, 0x65, 0x20, 0x73
  .byte 0x79, 0x73, 0x74, 0x65, 0x6d, 0x20, 0x70, 0x72, 0x6f, 0x6d, 0x70, 0x74, 0x20, 0x69, 0x73, 0x20
  .byte 0x64, 0x65, 0x72, 0x69, 0x76, 0x65, 0x64, 0x20, 0x70, 0x75, 0x72, 0x65, 0x6c, 0x79, 0x20, 0x66
  .byte 0x72, 0x6f, 0x6d, 0x20, 0x63, 0x6f, 0x6d, 0x70, 0x6f, 0x6e, 0x65, 0x6e, 0x74, 0x20, 0x73, 0x69
  .byte 0x67, 0x6e, 0x61, 0x74, 0x75, 0x72, 0x65, 0x73, 0x20, 0x61, 0x6e, 0x64, 0x20, 0x74, 0x68, 0x65
  .byte 0x20, 0x61, 0x64, 0x64, 0x69, 0x74, 0x69, 0x6f, 0x6e, 0x61, 0x6c, 0x20, 0x72, 0x75, 0x6c, 0x65
  .byte 0x73, 0x20, 0x62, 0x65, 0x6c, 0x6f, 0x77, 0x0a, 0x2d, 0x20, 0x2a, 0x2a, 0x52, 0x75, 0x6c, 0x65
  .byte 0x73, 0x2a, 0x2a, 0x20, 0x74, 0x68, 0x61, 0x74, 0x20, 0x69, 0x6e, 0x73, 0x74, 0x72, 0x75, 0x63
  .byte 0x74, 0x20, 0x74, 0x68, 0x65, 0x20, 0x6d, 0x6f, 0x64, 0x65, 0x6c, 0x20, 0x74, 0x6f, 0x3a, 0x20
  .byte 0x61, 0x6c, 0x77, 0x61, 0x79, 0x73, 0x20, 0x75, 0x73, 0x65, 0x20, 0x60, 0x46, 0x6f, 0x72, 0x6d
  .byte 0x60, 0x20, 0x61, 0x73, 0x20, 0x74, 0x68, 0x65, 0x20, 0x72, 0x6f, 0x6f, 0x74, 0x20, 0x65, 0x6c
  .byte 0x65, 0x6d, 0x65, 0x6e, 0x74, 0x2c, 0x20, 0x61, 0x6c, 0x77, 0x61, 0x79, 0x73, 0x20, 0x69, 0x6e
  .byte 0x63, 0x6c, 0x75, 0x64, 0x65, 0x20, 0x60, 0x42, 0x75, 0x74, 0x74, 0x6f, 0x6e, 0x73, 0x60, 0x20
  .byte 0x77, 0x69, 0x74, 0x68, 0x20, 0x61, 0x20, 0x70, 0x72, 0x69, 0x6d, 0x61, 0x72, 0x79, 0x20, 0x73
  .byte 0x75, 0x62, 0x6d, 0x69, 0x74, 0x2c, 0x20, 0x64, 0x65, 0x66, 0x69, 0x6e, 0x65, 0x20, 0x65, 0x61
  .byte 0x63, 0x68, 0x20, 0x60, 0x46, 0x6f, 0x72, 0x6d, 0x43, 0x6f, 0x6e, 0x74, 0x72, 0x6f, 0x6c, 0x60
  .byte 0x20, 0x61, 0x73, 0x20, 0x69, 0x74, 0x73, 0x20, 0x6f, 0x77, 0x6e, 0x20, 0x72, 0x65, 0x66, 0x65
  .byte 0x72, 0x65, 0x6e, 0x63, 0x65, 0x20, 0x66, 0x6f, 0x72, 0x20, 0x73, 0x74, 0x72, 0x65, 0x61, 0x6d
  .byte 0x69, 0x6e, 0x67, 0x2c, 0x20, 0x74, 0x72, 0x65, 0x61, 0x74, 0x20, 0x66, 0x6f, 0x6c, 0x6c, 0x6f
  .byte 0x77, 0x2d, 0x75, 0x70, 0x20, 0x69, 0x6e, 0x73, 0x74, 0x72, 0x75, 0x63, 0x74, 0x69, 0x6f, 0x6e
  .byte 0x73, 0x20, 0x61, 0x73, 0x20, 0x72, 0x65, 0x66, 0x69, 0x6e, 0x65, 0x6d, 0x65, 0x6e, 0x74, 0x73
  .byte 0x20, 0x6f, 0x66, 0x20, 0x74, 0x68, 0x65, 0x20, 0x63, 0x75, 0x72, 0x72, 0x65, 0x6e, 0x74, 0x20
  .byte 0x66, 0x6f, 0x72, 0x6d, 0x0a, 0x0a, 0x52, 0x65, 0x2d, 0x72, 0x75, 0x6e, 0x20, 0x67, 0x65, 0x6e
  .byte 0x65, 0x72, 0x61, 0x74, 0x69, 0x6f, 0x6e, 0x20, 0x61, 0x6e, 0x79, 0x20, 0x74, 0x69, 0x6d, 0x65
  .byte 0x20, 0x79, 0x6f, 0x75, 0x20, 0x63, 0x68, 0x61, 0x6e, 0x67, 0x65, 0x20, 0x63, 0x6f, 0x6d, 0x70
  .byte 0x6f, 0x6e, 0x65, 0x6e, 0x74, 0x20, 0x64, 0x65, 0x66, 0x69, 0x6e, 0x69, 0x74, 0x69, 0x6f, 0x6e
  .byte 0x73, 0x3a, 0x0a, 0x0a, 0x60, 0x60, 0x60, 0x62, 0x61, 0x73, 0x68, 0x0a, 0x70, 0x6e, 0x70, 0x6d
  .byte 0x20, 0x67, 0x65, 0x6e, 0x65, 0x72, 0x61, 0x74, 0x65, 0x3a, 0x70, 0x72, 0x6f, 0x6d, 0x70, 0x74
  .byte 0x0a, 0x60, 0x60, 0x60, 0x0a, 0x0a, 0x23, 0x23, 0x23, 0x20, 0x60, 0x73, 0x72, 0x63, 0x2f, 0x61
  .byte 0x70, 0x70, 0x2f, 0x61, 0x70, 0x69, 0x2f, 0x63, 0x68, 0x61, 0x74, 0x2f, 0x72, 0x6f, 0x75, 0x74
  .byte 0x65, 0x2e, 0x74, 0x73, 0x60, 0x20, 0xe2, 0x80, 0x94, 0x20, 0x42, 0x61, 0x63, 0x6b, 0x65, 0x6e
  .byte 0x64, 0x0a, 0x0a, 0x41, 0x63, 0x63, 0x65, 0x70, 0x74, 0x73, 0x20, 0x60, 0x50, 0x4f, 0x53, 0x54
  .byte 0x20, 0x2f, 0x61, 0x70, 0x69, 0x2f, 0x63, 0x68, 0x61, 0x74, 0x60, 0x20, 0x77, 0x69, 0x74, 0x68
  .byte 0x20, 0x61, 0x20, 0x60, 0x6d, 0x65, 0x73, 0x73, 0x61, 0x67, 0x65, 0x73, 0x60, 0x20, 0x61, 0x72
  .byte 0x72, 0x61, 0x79, 0x2c, 0x20, 0x70, 0x72, 0x65, 0x70, 0x65, 0x6e, 0x64, 0x73, 0x20, 0x74, 0x68
  .byte 0x65, 0x20, 0x73, 0x79, 0x73, 0x74, 0x65, 0x6d, 0x20, 0x70, 0x72, 0x6f, 0x6d, 0x70, 0x74, 0x2c
  .byte 0x20, 0x61, 0x6e, 0x64, 0x20, 0x73, 0x74, 0x72, 0x65, 0x61, 0x6d, 0x73, 0x20, 0x74, 0x68, 0x65
  .byte 0x20, 0x4c, 0x4c, 0x4d, 0x20, 0x72, 0x65, 0x73, 0x70, 0x6f, 0x6e, 0x73, 0x65, 0x20, 0x61, 0x73
  .byte 0x20, 0x2a, 0x2a, 0x53, 0x65, 0x72, 0x76, 0x65, 0x72, 0x2d, 0x53, 0x65, 0x6e, 0x74, 0x20, 0x45
  .byte 0x76, 0x65, 0x6e, 0x74, 0x73, 0x20, 0x28, 0x53, 0x53, 0x45, 0x29, 0x2a, 0x2a, 0x20, 0x63, 0x6f
  .byte 0x6d, 0x70, 0x61, 0x74, 0x69, 0x62, 0x6c, 0x65, 0x20, 0x77, 0x69, 0x74, 0x68, 0x20, 0x60, 0x6f
  .byte 0x70, 0x65, 0x6e, 0x41, 0x49, 0x41, 0x64, 0x61, 0x70, 0x74, 0x65, 0x72, 0x28, 0x29, 0x60, 0x2e
  .byte 0x0a, 0x0a, 0x54, 0x6f, 0x6f, 0x6c, 0x73, 0x20, 0x61, 0x72, 0x65, 0x20, 0x69, 0x6e, 0x74, 0x65
  .byte 0x6e, 0x74, 0x69, 0x6f, 0x6e, 0x61, 0x6c, 0x6c, 0x79, 0x20, 0x6f, 0x6d, 0x69, 0x74, 0x74, 0x65
  .byte 0x64, 0x20, 0xe2, 0x80, 0x94, 0x20, 0x74, 0x68, 0x65, 0x20, 0x6d, 0x6f, 0x64, 0x65, 0x6c, 0x20
  .byte 0x66, 0x6f, 0x63, 0x75, 0x73, 0x65, 0x73, 0x20, 0x70, 0x75, 0x72, 0x65, 0x6c, 0x79, 0x20, 0x6f
  .byte 0x6e, 0x20, 0x67, 0x65, 0x6e, 0x65, 0x72, 0x61, 0x74, 0x69, 0x6e, 0x67, 0x20, 0x4f, 0x70, 0x65
  .byte 0x6e, 0x55, 0x49, 0x20, 0x4c, 0x61, 0x6e, 0x67, 0x20, 0x66, 0x6f, 0x72, 0x6d, 0x20, 0x64, 0x65
  .byte 0x66, 0x69, 0x6e, 0x69, 0x74, 0x69, 0x6f, 0x6e, 0x73, 0x2e, 0x0a, 0x0a, 0x23, 0x23, 0x23, 0x20
  .byte 0x60, 0x73, 0x72, 0x63, 0x2f, 0x61, 0x70, 0x70, 0x2f, 0x70, 0x61, 0x67, 0x65, 0x2e, 0x74, 0x73
  .byte 0x78, 0x60, 0x20, 0xe2, 0x80, 0x94, 0x20, 0x46, 0x72, 0x6f, 0x6e, 0x74, 0x65, 0x6e, 0x64, 0x0a
  .byte 0x0a, 0x54, 0x77, 0x6f, 0x2d, 0x63, 0x6f, 0x6c, 0x75, 0x6d, 0x6e, 0x20, 0x6c, 0x61, 0x79, 0x6f
  .byte 0x75, 0x74, 0x20, 0x62, 0x75, 0x69, 0x6c, 0x74, 0x20, 0x65, 0x6e, 0x74, 0x69, 0x72, 0x65, 0x6c
  .byte 0x79, 0x20, 0x77, 0x69, 0x74, 0x68, 0x20, 0x60, 0x40, 0x68, 0x65, 0x72, 0x6f, 0x75, 0x69, 0x2f
  .byte 0x72, 0x65, 0x61, 0x63, 0x74, 0x60, 0x3a, 0x0a, 0x0a, 0x7c, 0x20, 0x50, 0x61, 0x6e, 0x65, 0x6c
  .byte 0x20, 0x7c, 0x20, 0x43, 0x6f, 0x6e, 0x74, 0x65, 0x6e, 0x74, 0x73, 0x20, 0x7c, 0x0a, 0x7c, 0x20
  .byte 0x2d, 0x2d, 0x2d, 0x2d, 0x2d, 0x20, 0x7c, 0x20, 0x2d, 0x2d, 0x2d, 0x2d, 0x2d, 0x2d, 0x2d, 0x2d
  .byte 0x20, 0x7c, 0x0a, 0x7c, 0x20, 0x2a, 0x2a, 0x4c, 0x65, 0x66, 0x74, 0x2a, 0x2a, 0x20, 0x7c, 0x20
  .byte 0x60, 0x54, 0x65, 0x78, 0x74, 0x41, 0x72, 0x65, 0x61, 0x60, 0x20, 0x66, 0x6f, 0x72, 0x20, 0x69
  .byte 0x6e, 0x73, 0x74, 0x72, 0x75, 0x63, 0x74, 0x69, 0x6f, 0x6e, 0x73, 0x2c, 0x20, 0x60, 0x42, 0x75
  .byte 0x74, 0x74, 0x6f, 0x6e, 0x60, 0x20, 0x74, 0x6f, 0x20, 0x67, 0x65, 0x6e, 0x65, 0x72, 0x61, 0x74
  .byte 0x65, 0x2f, 0x72, 0x65, 0x66, 0x69, 0x6e, 0x65, 0x2c, 0x20, 0x65, 0x78, 0x61, 0x6d, 0x70, 0x6c
  .byte 0x65, 0x20, 0x60, 0x43, 0x68, 0x69, 0x70, 0x60, 0x73, 0x2c, 0x20, 0x69, 0x6e, 0x73, 0x74, 0x72
  .byte 0x75, 0x63, 0x74, 0x69, 0x6f, 0x6e, 0x20, 0x68, 0x69, 0x73, 0x74, 0x6f, 0x72, 0x79, 0x20, 0x7c
  .byte 0x0a, 0x7c, 0x20, 0x2a, 0x2a, 0x52, 0x69, 0x67, 0x68, 0x74, 0x2a, 0x2a, 0x20, 0x7c, 0x20, 0x60
  .byte 0x3c, 0x52, 0x65, 0x6e, 0x64, 0x65, 0x72, 0x65, 0x72, 0x3e, 0x60, 0x20, 0x69, 0x6e, 0x73, 0x69
  .byte 0x64, 0x65, 0x20, 0x61, 0x20, 0x60, 0x43, 0x61, 0x72, 0x64, 0x60, 0x20, 0xe2, 0x80, 0x94, 0x20
  .byte 0x6c, 0x69, 0x76, 0x65, 0x20, 0x4f, 0x70, 0x65, 0x6e, 0x55, 0x49, 0x20, 0x4c, 0x61, 0x6e, 0x67
  .byte 0x20, 0x70, 0x72, 0x65, 0x76, 0x69, 0x65, 0x77, 0x2c, 0x20, 0x73, 0x63, 0x72, 0x6f, 0x6c, 0x6c
  .byte 0x61, 0x62, 0x6c, 0x65, 0x2c, 0x20, 0x75, 0x70, 0x64, 0x61, 0x74, 0x65, 0x73, 0x20, 0x6f, 0x6e
  .byte 0x20, 0x65, 0x61, 0x63, 0x68, 0x20, 0x69, 0x74, 0x65, 0x72, 0x61, 0x74, 0x69, 0x6f, 0x6e, 0x20
  .byte 0x7c, 0x0a, 0x0a, 0x4b, 0x65, 0x79, 0x20, 0x63, 0x6c, 0x69, 0x65, 0x6e, 0x74, 0x2d, 0x73, 0x69
  .byte 0x64, 0x65, 0x20, 0x73, 0x74, 0x61, 0x74, 0x65, 0x3a, 0x0a, 0x0a, 0x7c, 0x20, 0x53, 0x74, 0x61
  .byte 0x74, 0x65, 0x20, 0x7c, 0x20, 0x50, 0x75, 0x72, 0x70, 0x6f, 0x73, 0x65, 0x20, 0x7c, 0x0a, 0x7c
  .byte 0x20, 0x2d, 0x2d, 0x2d, 0x2d, 0x2d, 0x20, 0x7c, 0x20, 0x2d, 0x2d, 0x2d, 0x2d, 0x2d, 0x2d, 0x2d
  .byte 0x20, 0x7c, 0x0a, 0x7c, 0x20, 0x60, 0x6d, 0x65, 0x73, 0x73, 0x61, 0x67, 0x65, 0x73, 0x60, 0x20
  .byte 0x7c, 0x20, 0x49, 0x6e, 0x2d, 0x6d, 0x65, 0x6d, 0x6f, 0x72, 0x79, 0x20, 0x4f, 0x70, 0x65, 0x6e
  .byte 0x41, 0x49, 0x2d, 0x73, 0x68, 0x61, 0x70, 0x65, 0x64, 0x20, 0x6d, 0x65, 0x73, 0x73, 0x61, 0x67
  .byte 0x65, 0x20, 0x6c, 0x69, 0x73, 0x74, 0x20, 0x73, 0x65, 0x6e, 0x74, 0x20, 0x6f, 0x6e, 0x20, 0x65
  .byte 0x76, 0x65, 0x72, 0x79, 0x20, 0x72, 0x65, 0x71, 0x75, 0x65, 0x73, 0x74, 0x20, 0x7c, 0x0a, 0x7c
  .byte 0x20, 0x60, 0x6c, 0x61, 0x74, 0x65, 0x73, 0x74, 0x43, 0x6f, 0x64, 0x65, 0x60, 0x20, 0x7c, 0x20
  .byte 0x4c, 0x61, 0x73, 0x74, 0x20, 0x61, 0x73, 0x73, 0x69, 0x73, 0x74, 0x61, 0x6e, 0x74, 0x27, 0x73
  .byte 0x20, 0x4f, 0x70, 0x65, 0x6e, 0x55, 0x49, 0x20, 0x4c, 0x61, 0x6e, 0x67, 0x20, 0x74, 0x65, 0x78
  .byte 0x74, 0x3b, 0x20, 0x70, 0x61, 0x73, 0x73, 0x65, 0x64, 0x20, 0x61, 0x73, 0x20, 0x60, 0x52, 0x65
  .byte 0x6e, 0x64, 0x65, 0x72, 0x65, 0x72, 0x60, 0x20, 0x60, 0x72, 0x65, 0x73, 0x70, 0x6f, 0x6e, 0x73
  .byte 0x65, 0x60, 0x20, 0x7c, 0x0a, 0x7c, 0x20, 0x60, 0x73, 0x74, 0x72, 0x65, 0x61, 0x6d, 0x69, 0x6e
  .byte 0x67, 0x43, 0x6f, 0x64, 0x65, 0x60, 0x20, 0x7c, 0x20, 0x41, 0x63, 0x63, 0x75, 0x6d, 0x75, 0x6c
  .byte 0x61, 0x74, 0x65, 0x73, 0x20, 0x74, 0x6f, 0x6b, 0x65, 0x6e, 0x73, 0x20, 0x6c, 0x69, 0x76, 0x65
  .byte 0x3b, 0x20, 0x70, 0x61, 0x73, 0x73, 0x65, 0x64, 0x20, 0x64, 0x75, 0x72, 0x69, 0x6e, 0x67, 0x20
  .byte 0x73, 0x74, 0x72, 0x65, 0x61, 0x6d, 0x69, 0x6e, 0x67, 0x20, 0x7c, 0x0a, 0x7c, 0x20, 0x60, 0x66
  .byte 0x6f, 0x72, 0x6d, 0x46, 0x69, 0x65, 0x6c, 0x64, 0x53, 0x6e, 0x61, 0x70, 0x73, 0x68, 0x6f, 0x74
  .byte 0x60, 0x20, 0x7c, 0x20, 0x43, 0x75, 0x72, 0x72, 0x65, 0x6e, 0x74, 0x20, 0x66, 0x6f, 0x72, 0x6d
  .byte 0x20, 0x66, 0x69, 0x65, 0x6c, 0x64, 0x20, 0x76, 0x61, 0x6c, 0x75, 0x65, 0x73, 0x20, 0x66, 0x72
  .byte 0x6f, 0x6d, 0x20, 0x60, 0x52, 0x65, 0x6e, 0x64, 0x65, 0x72, 0x65, 0x72, 0x60, 0x20, 0x60, 0x6f
  .byte 0x6e, 0x53, 0x74, 0x61, 0x74, 0x65, 0x55, 0x70, 0x64, 0x61, 0x74, 0x65, 0x60, 0x3b, 0x20, 0x75
  .byte 0x73, 0x65, 0x64, 0x20, 0x66, 0x6f, 0x72, 0x20, 0x60, 0x69, 0x6e, 0x69, 0x74, 0x69, 0x61, 0x6c
  .byte 0x53, 0x74, 0x61, 0x74, 0x65, 0x60, 0x20, 0x61, 0x6e, 0x64, 0x20, 0x6f, 0x70, 0x74, 0x69, 0x6f
  .byte 0x6e, 0x61, 0x6c, 0x6c, 0x79, 0x20, 0x70, 0x72, 0x65, 0x70, 0x65, 0x6e, 0x64, 0x65, 0x64, 0x20
  .byte 0x74, 0x6f, 0x20, 0x6e, 0x65, 0x78, 0x74, 0x20, 0x75, 0x73, 0x65, 0x72, 0x20, 0x6d, 0x65, 0x73
  .byte 0x73, 0x61, 0x67, 0x65, 0x20, 0x7c, 0x0a, 0x0a, 0x23, 0x23, 0x23, 0x20, 0x60, 0x73, 0x72, 0x63
  .byte 0x2f, 0x6c, 0x69, 0x62, 0x2f, 0x68, 0x65, 0x72, 0x6f, 0x75, 0x69, 0x2d, 0x67, 0x65, 0x6e, 0x75
  .byte 0x69, 0x2f, 0x60, 0x20, 0xe2, 0x80, 0x94, 0x20, 0x43, 0x75, 0x73, 0x74, 0x6f, 0x6d, 0x20, 0x43
  .byte 0x6f, 0x6d, 0x70, 0x6f, 0x6e, 0x65, 0x6e, 0x74, 0x20, 0x4c, 0x69, 0x62, 0x72, 0x61, 0x72, 0x79
  .byte 0x0a, 0x0a, 0x45, 0x61, 0x63, 0x68, 0x20, 0x63, 0x6f, 0x6d, 0x70, 0x6f, 0x6e, 0x65, 0x6e, 0x74
  .byte 0x20, 0x69, 0x73, 0x20, 0x64, 0x65, 0x66, 0x69, 0x6e, 0x65, 0x64, 0x20, 0x77, 0x69, 0x74, 0x68
  .byte 0x20, 0x60, 0x64, 0x65, 0x66, 0x69, 0x6e, 0x65, 0x43, 0x6f, 0x6d, 0x70, 0x6f, 0x6e, 0x65, 0x6e
  .byte 0x74, 0x28, 0x29, 0x60, 0x20, 0x66, 0x72, 0x6f, 0x6d, 0x20, 0x60, 0x40, 0x6f, 0x70, 0x65, 0x6e
  .byte 0x75, 0x69, 0x64, 0x65, 0x76, 0x2f, 0x72, 0x65, 0x61, 0x63, 0x74, 0x2d, 0x6c, 0x61, 0x6e, 0x67
  .byte 0x60, 0x3a, 0x0a, 0x0a, 0x2d, 0x20, 0x60, 0x6e, 0x61, 0x6d, 0x65, 0x60, 0x20, 0xe2, 0x80, 0x94
  .byte 0x20, 0x74, 0x68, 0x65, 0x20, 0x4f, 0x70, 0x65, 0x6e, 0x55, 0x49, 0x20, 0x4c, 0x61, 0x6e, 0x67
  .byte 0x20, 0x6e, 0x6f, 0x64, 0x65, 0x20, 0x6e, 0x61, 0x6d, 0x65, 0x20, 0x74, 0x68, 0x65, 0x20, 0x4c
  .byte 0x4c, 0x4d, 0x20, 0x77, 0x69, 0x6c, 0x6c, 0x20, 0x65, 0x6d, 0x69, 0x74, 0x0a, 0x2d, 0x20, 0x60
  .byte 0x70, 0x72, 0x6f, 0x70, 0x73, 0x60, 0x20, 0xe2, 0x80, 0x94, 0x20, 0x61, 0x20, 0x5a, 0x6f, 0x64
  .byte 0x20, 0x73, 0x63, 0x68, 0x65, 0x6d, 0x61, 0x20, 0x74, 0x68, 0x61, 0x74, 0x20, 0x76, 0x61, 0x6c
  .byte 0x69, 0x64, 0x61, 0x74, 0x65, 0x73, 0x20, 0x61, 0x6e, 0x64, 0x20, 0x74, 0x79, 0x70, 0x65, 0x73
  .byte 0x20, 0x74, 0x68, 0x65, 0x20, 0x6e, 0x6f, 0x64, 0x65, 0x27, 0x73, 0x20, 0x70, 0x72, 0x6f, 0x70
  .byte 0x73, 0x20, 0x61, 0x73, 0x20, 0x74, 0x68, 0x65, 0x79, 0x20, 0x73, 0x74, 0x72, 0x65, 0x61, 0x6d
  .byte 0x20, 0x69, 0x6e, 0x0a, 0x2d, 0x20, 0x60, 0x64, 0x65, 0x73, 0x63, 0x72, 0x69, 0x70, 0x74, 0x69
  .byte 0x6f, 0x6e, 0x60, 0x20, 0xe2, 0x80, 0x94, 0x20, 0x69, 0x6e, 0x63, 0x6c, 0x75, 0x64, 0x65, 0x64
  .byte 0x20, 0x69, 0x6e, 0x20, 0x74, 0x68, 0x65, 0x20, 0x73, 0x79, 0x73, 0x74, 0x65, 0x6d, 0x20, 0x70
  .byte 0x72, 0x6f, 0x6d, 0x70, 0x74, 0x0a, 0x2d, 0x20, 0x60, 0x63, 0x6f, 0x6d, 0x70, 0x6f, 0x6e, 0x65
  .byte 0x6e, 0x74, 0x60, 0x20, 0xe2, 0x80, 0x94, 0x20, 0x74, 0x68, 0x65, 0x20, 0x52, 0x65, 0x61, 0x63
  .byte 0x74, 0x20, 0x72, 0x65, 0x6e, 0x64, 0x65, 0x72, 0x20, 0x66, 0x75, 0x6e, 0x63, 0x74, 0x69, 0x6f
  .byte 0x6e, 0x3b, 0x20, 0x60, 0x72, 0x65, 0x6e, 0x64, 0x65, 0x72, 0x4e, 0x6f, 0x64, 0x65, 0x28, 0x29
  .byte 0x60, 0x20, 0x72, 0x65, 0x63, 0x75, 0x72, 0x73, 0x69, 0x76, 0x65, 0x6c, 0x79, 0x20, 0x72, 0x65
  .byte 0x6e, 0x64, 0x65, 0x72, 0x73, 0x20, 0x63, 0x68, 0x69, 0x6c, 0x64, 0x20, 0x6e, 0x6f, 0x64, 0x65
  .byte 0x73, 0x0a, 0x0a, 0x23, 0x23, 0x23, 0x23, 0x20, 0x46, 0x6f, 0x72, 0x6d, 0x20, 0x43, 0x6f, 0x6d
  .byte 0x70, 0x6f, 0x6e, 0x65, 0x6e, 0x74, 0x73, 0x0a, 0x0a, 0x7c, 0x20, 0x43, 0x6f, 0x6d, 0x70, 0x6f
  .byte 0x6e, 0x65, 0x6e, 0x74, 0x20, 0x7c, 0x20, 0x48, 0x65, 0x72, 0x6f, 0x55, 0x49, 0x20, 0x42, 0x61
  .byte 0x63, 0x6b, 0x69, 0x6e, 0x67, 0x20, 0x7c, 0x20, 0x50, 0x75, 0x72, 0x70, 0x6f, 0x73, 0x65, 0x20
  .byte 0x7c, 0x0a, 0x7c, 0x20, 0x2d, 0x2d, 0x2d, 0x2d, 0x2d, 0x2d, 0x2d, 0x2d, 0x2d, 0x20, 0x7c, 0x20
  .byte 0x2d, 0x2d, 0x2d, 0x2d, 0x2d, 0x2d, 0x2d, 0x2d, 0x2d, 0x2d, 0x2d, 0x2d, 0x2d, 0x2d, 0x20, 0x7c
  .byte 0x20, 0x2d, 0x2d, 0x2d, 0x2d, 0x2d, 0x2d, 0x2d, 0x20, 0x7c, 0x0a, 0x7c, 0x20, 0x60, 0x46, 0x6f
  .byte 0x72, 0x6d, 0x60, 0x20, 0x7c, 0x20, 0x60, 0x46, 0x6f, 0x72, 0x6d, 0x60, 0x2c, 0x20, 0x60, 0x53
  .byte 0x75, 0x72, 0x66, 0x61, 0x63, 0x65, 0x60, 0x20, 0x7c, 0x20, 0x52, 0x6f, 0x6f, 0x74, 0x20, 0x63
  .byte 0x6f, 0x6e, 0x74, 0x61, 0x69, 0x6e, 0x65, 0x72, 0x20, 0x77, 0x69, 0x74, 0x68, 0x20, 0x74, 0x69
  .byte 0x74, 0x6c, 0x65, 0x2c, 0x20, 0x76, 0x61, 0x6c, 0x69, 0x64, 0x61, 0x74, 0x69, 0x6f, 0x6e, 0x20
  .byte 0x63, 0x6f, 0x6e, 0x74, 0x65, 0x78, 0x74, 0x2c, 0x20, 0x61, 0x6e, 0x64, 0x20, 0x73, 0x75, 0x72
  .byte 0x66, 0x61, 0x63, 0x65, 0x20, 0x62, 0x61, 0x63, 0x6b, 0x67, 0x72, 0x6f, 0x75, 0x6e, 0x64, 0x20
  .byte 0x7c, 0x0a, 0x7c, 0x20, 0x60, 0x46, 0x6f, 0x72, 0x6d, 0x52, 0x6f, 0x77, 0x60, 0x20, 0x7c, 0x20
  .byte 0x60, 0x64, 0x69, 0x76, 0x60, 0x20, 0x7c, 0x20, 0x48, 0x6f, 0x72, 0x69, 0x7a, 0x6f, 0x6e, 0x74
  .byte 0x61, 0x6c, 0x20, 0x72, 0x6f, 0x77, 0x20, 0x66, 0x6f, 0x72, 0x20, 0x73, 0x69, 0x64, 0x65, 0x2d
  .byte 0x62, 0x79, 0x2d, 0x73, 0x69, 0x64, 0x65, 0x20, 0x66, 0x69, 0x65, 0x6c, 0x64, 0x73, 0x20, 0x7c
  .byte 0x0a, 0x7c, 0x20, 0x60, 0x46, 0x6f, 0x72, 0x6d, 0x43, 0x6f, 0x6e, 0x74, 0x72, 0x6f, 0x6c, 0x60
  .byte 0x20, 0x7c, 0x20, 0x60, 0x4c, 0x61, 0x62, 0x65, 0x6c, 0x60, 0x2c, 0x20, 0x60, 0x44, 0x65, 0x73
  .byte 0x63, 0x72, 0x69, 0x70, 0x74, 0x69, 0x6f, 0x6e, 0x60, 0x20, 0x7c, 0x20, 0x4c, 0x61, 0x62, 0x65
  .byte 0x6c, 0x65, 0x64, 0x20, 0x66, 0x69, 0x65, 0x6c, 0x64, 0x20, 0x77, 0x72, 0x61, 0x70, 0x70, 0x65
  .byte 0x72, 0x20, 0x7c, 0x0a, 0x7c, 0x20, 0x60, 0x49, 0x6e, 0x70, 0x75, 0x74, 0x60, 0x20, 0x7c, 0x20
  .byte 0x60, 0x49, 0x6e, 0x70, 0x75, 0x74, 0x60, 0x20, 0x7c, 0x20, 0x54, 0x65, 0x78, 0x74, 0x2c, 0x20
  .byte 0x65, 0x6d, 0x61, 0x69, 0x6c, 0x2c, 0x20, 0x70, 0x61, 0x73, 0x73, 0x77, 0x6f, 0x72, 0x64, 0x2c
  .byte 0x20, 0x65, 0x74, 0x63, 0x2e, 0x20, 0x7c, 0x0a, 0x7c, 0x20, 0x60, 0x54, 0x65, 0x78, 0x74, 0x41
  .byte 0x72, 0x65, 0x61, 0x60, 0x20, 0x7c, 0x20, 0x60, 0x54, 0x65, 0x78, 0x74, 0x41, 0x72, 0x65, 0x61
  .byte 0x60, 0x20, 0x7c, 0x20, 0x4d, 0x75, 0x6c, 0x74, 0x69, 0x2d, 0x6c, 0x69, 0x6e, 0x65, 0x20, 0x74
  .byte 0x65, 0x78, 0x74, 0x20, 0x7c, 0x0a, 0x7c, 0x20, 0x60, 0x53, 0x65, 0x6c, 0x65, 0x63, 0x74, 0x60
  .byte 0x20, 0x2f, 0x20, 0x60, 0x53, 0x65, 0x6c, 0x65, 0x63, 0x74, 0x49, 0x74, 0x65, 0x6d, 0x60, 0x20
  .byte 0x7c, 0x20, 0x60, 0x53, 0x65, 0x6c, 0x65, 0x63, 0x74, 0x60, 0x2c, 0x20, 0x60, 0x4c, 0x69, 0x73
  .byte 0x74, 0x42, 0x6f, 0x78, 0x60, 0x20, 0x7c, 0x20, 0x44, 0x72, 0x6f, 0x70, 0x64, 0x6f, 0x77, 0x6e
  .byte 0x20, 0x7c, 0x0a, 0x7c, 0x20, 0x60, 0x4e, 0x75, 0x6d, 0x62, 0x65, 0x72, 0x46, 0x69, 0x65, 0x6c
  .byte 0x64, 0x60, 0x20, 0x7c, 0x20, 0x60, 0x4e, 0x75, 0x6d, 0x62, 0x65, 0x72, 0x46, 0x69, 0x65, 0x6c
  .byte 0x64, 0x60, 0x20, 0x7c, 0x20, 0x4e, 0x75, 0x6d, 0x65, 0x72, 0x69, 0x63, 0x20, 0x69, 0x6e, 0x70
  .byte 0x75, 0x74, 0x20, 0x77, 0x69, 0x74, 0x68, 0x20, 0x73, 0x74, 0x65, 0x70, 0x70, 0x65, 0x72, 0x20
  .byte 0x7c, 0x0a, 0x7c, 0x20, 0x60, 0x53, 0x6c, 0x69, 0x64, 0x65, 0x72, 0x60, 0x20, 0x7c, 0x20, 0x60
  .byte 0x53, 0x6c, 0x69, 0x64, 0x65, 0x72, 0x60, 0x20, 0x7c, 0x20, 0x52, 0x61, 0x6e, 0x67, 0x65, 0x20
  .byte 0x69, 0x6e, 0x70, 0x75, 0x74, 0x20, 0x7c, 0x0a, 0x7c, 0x20, 0x60, 0x43, 0x68, 0x65, 0x63, 0x6b
  .byte 0x42, 0x6f, 0x78, 0x47, 0x72, 0x6f, 0x75, 0x70, 0x60, 0x20, 0x2f, 0x20, 0x60, 0x43, 0x68, 0x65
  .byte 0x63, 0x6b, 0x42, 0x6f, 0x78, 0x49, 0x74, 0x65, 0x6d, 0x60, 0x20, 0x7c, 0x20, 0x60, 0x43, 0x68
  .byte 0x65, 0x63, 0x6b, 0x62, 0x6f, 0x78, 0x47, 0x72, 0x6f, 0x75, 0x70, 0x60, 0x2c, 0x20, 0x60, 0x43
  .byte 0x68, 0x65, 0x63, 0x6b, 0x62, 0x6f, 0x78, 0x60, 0x20, 0x7c, 0x20, 0x4d, 0x75, 0x6c, 0x74, 0x69
  .byte 0x2d, 0x73, 0x65, 0x6c, 0x65, 0x63, 0x74, 0x20, 0x7c, 0x0a, 0x7c, 0x20, 0x60, 0x52, 0x61, 0x64
  .byte 0x69, 0x6f, 0x47, 0x72, 0x6f, 0x75, 0x70, 0x60, 0x20, 0x2f, 0x20, 0x60, 0x52, 0x61, 0x64, 0x69
  .byte 0x6f, 0x49, 0x74, 0x65, 0x6d, 0x60, 0x20, 0x7c, 0x20, 0x60, 0x52, 0x61, 0x64, 0x69, 0x6f, 0x47
  .byte 0x72, 0x6f, 0x75, 0x70, 0x60, 0x2c, 0x20, 0x60, 0x52, 0x61, 0x64, 0x69, 0x6f, 0x60, 0x20, 0x7c
  .byte 0x20, 0x53, 0x69, 0x6e, 0x67, 0x6c, 0x65, 0x2d, 0x73, 0x65, 0x6c, 0x65, 0x63, 0x74, 0x20, 0x7c
  .byte 0x0a, 0x7c, 0x20, 0x60, 0x53, 0x77, 0x69, 0x74, 0x63, 0x68, 0x47, 0x72, 0x6f, 0x75, 0x70, 0x60
  .byte 0x20, 0x2f, 0x20, 0x60, 0x53, 0x77, 0x69, 0x74, 0x63, 0x68, 0x49, 0x74, 0x65, 0x6d, 0x60, 0x20
  .byte 0x7c, 0x20, 0x60, 0x53, 0x77, 0x69, 0x74, 0x63, 0x68, 0x60, 0x20, 0x7c, 0x20, 0x54, 0x6f, 0x67
  .byte 0x67, 0x6c, 0x65, 0x20, 0x73, 0x77, 0x69, 0x74, 0x63, 0x68, 0x65, 0x73, 0x20, 0x7c, 0x0a, 0x7c
  .byte 0x20, 0x60, 0x42, 0x75, 0x74, 0x74, 0x6f, 0x6e, 0x60, 0x20, 0x2f, 0x20, 0x60, 0x42, 0x75, 0x74
  .byte 0x74, 0x6f, 0x6e, 0x73, 0x60, 0x20, 0x7c, 0x20, 0x60, 0x42, 0x75, 0x74, 0x74, 0x6f, 0x6e, 0x60
  .byte 0x2c, 0x20, 0x60, 0x42, 0x75, 0x74, 0x74, 0x6f, 0x6e, 0x47, 0x72, 0x6f, 0x75, 0x70, 0x60, 0x20
  .byte 0x7c, 0x20, 0x53, 0x75, 0x62, 0x6d, 0x69, 0x74, 0x20, 0x61, 0x6e, 0x64, 0x20, 0x61, 0x63, 0x74
  .byte 0x69, 0x6f, 0x6e, 0x20, 0x62, 0x75, 0x74, 0x74, 0x6f, 0x6e, 0x73, 0x20, 0x7c, 0x0a, 0x0a, 0x2d
  .byte 0x2d, 0x2d, 0x0a, 0x0a, 0x23, 0x23, 0x20, 0x53, 0x63, 0x72, 0x69, 0x70, 0x74, 0x73, 0x0a, 0x0a
  .byte 0x7c, 0x20, 0x53, 0x63, 0x72, 0x69, 0x70, 0x74, 0x20, 0x7c, 0x20, 0x44, 0x65, 0x73, 0x63, 0x72
  .byte 0x69, 0x70, 0x74, 0x69, 0x6f, 0x6e, 0x20, 0x7c, 0x0a, 0x7c, 0x20, 0x2d, 0x2d, 0x2d, 0x2d, 0x2d
  .byte 0x2d, 0x20, 0x7c, 0x20, 0x2d, 0x2d, 0x2d, 0x2d, 0x2d, 0x2d, 0x2d, 0x2d, 0x2d, 0x2d, 0x2d, 0x20
  .byte 0x7c, 0x0a, 0x7c, 0x20, 0x60, 0x70, 0x6e, 0x70, 0x6d, 0x20, 0x64, 0x65, 0x76, 0x60, 0x20, 0x7c
  .byte 0x20, 0x42, 0x75, 0x69, 0x6c, 0x64, 0x20, 0x4f, 0x70, 0x65, 0x6e, 0x55, 0x49, 0x20, 0x43, 0x4c
  .byte 0x49, 0x2c, 0x20, 0x67, 0x65, 0x6e, 0x65, 0x72, 0x61, 0x74, 0x65, 0x20, 0x73, 0x79, 0x73, 0x74
  .byte 0x65, 0x6d, 0x20, 0x70, 0x72, 0x6f, 0x6d, 0x70, 0x74, 0x2c, 0x20, 0x73, 0x74, 0x61, 0x72, 0x74
  .byte 0x20, 0x4e, 0x65, 0x78, 0x74, 0x2e, 0x6a, 0x73, 0x20, 0x64, 0x65, 0x76, 0x20, 0x73, 0x65, 0x72
  .byte 0x76, 0x65, 0x72, 0x20, 0x7c, 0x0a, 0x7c, 0x20, 0x60, 0x70, 0x6e, 0x70, 0x6d, 0x20, 0x67, 0x65
  .byte 0x6e, 0x65, 0x72, 0x61, 0x74, 0x65, 0x3a, 0x70, 0x72, 0x6f, 0x6d, 0x70, 0x74, 0x60, 0x20, 0x7c
  .byte 0x20, 0x42, 0x75, 0x69, 0x6c, 0x64, 0x20, 0x60, 0x40, 0x6f, 0x70, 0x65, 0x6e, 0x75, 0x69, 0x64
  .byte 0x65, 0x76, 0x2f, 0x63, 0x6c, 0x69, 0x60, 0x20, 0x61, 0x6e, 0x64, 0x20, 0x72, 0x65, 0x67, 0x65
  .byte 0x6e, 0x65, 0x72, 0x61, 0x74, 0x65, 0x20, 0x60, 0x73, 0x79, 0x73, 0x74, 0x65, 0x6d, 0x2d, 0x70
  .byte 0x72, 0x6f, 0x6d, 0x70, 0x74, 0x2e, 0x74, 0x78, 0x74, 0x60, 0x20, 0x7c, 0x0a, 0x7c, 0x20, 0x60
  .byte 0x70, 0x6e, 0x70, 0x6d, 0x20, 0x62, 0x75, 0x69, 0x6c, 0x64, 0x60, 0x20, 0x7c, 0x20, 0x42, 0x75
  .byte 0x69, 0x6c, 0x64, 0x20, 0x66, 0x6f, 0x72, 0x20, 0x70, 0x72, 0x6f, 0x64, 0x75, 0x63, 0x74, 0x69
  .byte 0x6f, 0x6e, 0x20, 0x7c, 0x0a, 0x7c, 0x20, 0x60, 0x70, 0x6e, 0x70, 0x6d, 0x20, 0x73, 0x74, 0x61
  .byte 0x72, 0x74, 0x60, 0x20, 0x7c, 0x20, 0x53, 0x74, 0x61, 0x72, 0x74, 0x20, 0x74, 0x68, 0x65, 0x20
  .byte 0x70, 0x72, 0x6f, 0x64, 0x75, 0x63, 0x74, 0x69, 0x6f, 0x6e, 0x20, 0x73, 0x65, 0x72, 0x76, 0x65
  .byte 0x72, 0x20, 0x7c, 0x0a, 0x0a, 0x2d, 0x2d, 0x2d, 0x0a, 0x0a, 0x23, 0x23, 0x20, 0x4c, 0x65, 0x61
  .byte 0x72, 0x6e, 0x20, 0x4d, 0x6f, 0x72, 0x65, 0x0a, 0x0a, 0x2d, 0x20, 0x5b, 0x4f, 0x70, 0x65, 0x6e
  .byte 0x55, 0x49, 0x20, 0x4c, 0x61, 0x6e, 0x67, 0x20, 0x6f, 0x76, 0x65, 0x72, 0x76, 0x69, 0x65, 0x77
  .byte 0x5d, 0x28, 0x68, 0x74, 0x74, 0x70, 0x73, 0x3a, 0x2f, 0x2f, 0x77, 0x77, 0x77, 0x2e, 0x6f, 0x70
  .byte 0x65, 0x6e, 0x75, 0x69, 0x2e, 0x63, 0x6f, 0x6d, 0x2f, 0x64, 0x6f, 0x63, 0x73, 0x2f, 0x6f, 0x70
  .byte 0x65, 0x6e, 0x75, 0x69, 0x2d, 0x6c, 0x61, 0x6e, 0x67, 0x2f, 0x6f, 0x76, 0x65, 0x72, 0x76, 0x69
  .byte 0x65, 0x77, 0x29, 0x20, 0xe2, 0x80, 0x94, 0x20, 0x4c, 0x69, 0x62, 0x72, 0x61, 0x72, 0x79, 0x2c
  .byte 0x20, 0x50, 0x72, 0x6f, 0x6d, 0x70, 0x74, 0x20, 0x47, 0x65, 0x6e, 0x65, 0x72, 0x61, 0x74, 0x6f
  .byte 0x72, 0x2c, 0x20, 0x50, 0x61, 0x72, 0x73, 0x65, 0x72, 0x2c, 0x20, 0x52, 0x65, 0x6e, 0x64, 0x65
  .byte 0x72, 0x65, 0x72, 0x0a, 0x2d, 0x20, 0x5b, 0x44, 0x65, 0x66, 0x69, 0x6e, 0x69, 0x6e, 0x67, 0x20
  .byte 0x43, 0x6f, 0x6d, 0x70, 0x6f, 0x6e, 0x65, 0x6e, 0x74, 0x73, 0x5d, 0x28, 0x68, 0x74, 0x74, 0x70
  .byte 0x73, 0x3a, 0x2f, 0x2f, 0x77, 0x77, 0x77, 0x2e, 0x6f, 0x70, 0x65, 0x6e, 0x75, 0x69, 0x2e, 0x63
  .byte 0x6f, 0x6d, 0x2f, 0x64, 0x6f, 0x63, 0x73, 0x2f, 0x6f, 0x70, 0x65, 0x6e, 0x75, 0x69, 0x2d, 0x6c
  .byte 0x61, 0x6e, 0x67, 0x2f, 0x64, 0x65, 0x66, 0x69, 0x6e, 0x69, 0x6e, 0x67, 0x2d, 0x63, 0x6f, 0x6d
  .byte 0x70, 0x6f, 0x6e, 0x65, 0x6e, 0x74, 0x73, 0x29, 0x20, 0xe2, 0x80, 0x94, 0x20, 0x60, 0x64, 0x65
  .byte 0x66, 0x69, 0x6e, 0x65, 0x43, 0x6f, 0x6d, 0x70, 0x6f, 0x6e, 0x65, 0x6e, 0x74, 0x60, 0x20, 0x61
  .byte 0x6e, 0x64, 0x20, 0x60, 0x63, 0x72, 0x65, 0x61, 0x74, 0x65, 0x4c, 0x69, 0x62, 0x72, 0x61, 0x72
  .byte 0x79, 0x60, 0x20, 0x41, 0x50, 0x49, 0x0a, 0x2d, 0x20, 0x5b, 0x48, 0x65, 0x72, 0x6f, 0x55, 0x49
  .byte 0x5d, 0x28, 0x68, 0x74, 0x74, 0x70, 0x73, 0x3a, 0x2f, 0x2f, 0x77, 0x77, 0x77, 0x2e, 0x68, 0x65
  .byte 0x72, 0x6f, 0x75, 0x69, 0x2e, 0x63, 0x6f, 0x6d, 0x2f, 0x29, 0x20, 0xe2, 0x80, 0x94, 0x20, 0x74
  .byte 0x68, 0x65, 0x20, 0x75, 0x6e, 0x64, 0x65, 0x72, 0x6c, 0x79, 0x69, 0x6e, 0x67, 0x20, 0x52, 0x65
  .byte 0x61, 0x63, 0x74, 0x20, 0x63, 0x6f, 0x6d, 0x70, 0x6f, 0x6e, 0x65, 0x6e, 0x74, 0x20, 0x6c, 0x69
  .byte 0x62, 0x72, 0x61, 0x72, 0x79, 0x0a, 0x2d, 0x20, 0x5b, 0x60, 0x40, 0x6f, 0x70, 0x65, 0x6e, 0x75
  .byte 0x69, 0x64, 0x65, 0x76, 0x2f, 0x72, 0x65, 0x61, 0x63, 0x74, 0x2d, 0x6c, 0x61, 0x6e, 0x67, 0x60
  .byte 0x20, 0x70, 0x61, 0x63, 0x6b, 0x61, 0x67, 0x65, 0x5d, 0x28, 0x2e, 0x2e, 0x2f, 0x2e, 0x2e, 0x2f
  .byte 0x70, 0x61, 0x63, 0x6b, 0x61, 0x67, 0x65, 0x73, 0x2f, 0x72, 0x65, 0x61, 0x63, 0x74, 0x2d, 0x6c
  .byte 0x61, 0x6e, 0x67, 0x29, 0x0a, 0x2d, 0x20, 0x5b, 0x60, 0x40, 0x6f, 0x70, 0x65, 0x6e, 0x75, 0x69
  .byte 0x64, 0x65, 0x76, 0x2f, 0x72, 0x65, 0x61, 0x63, 0x74, 0x2d, 0x68, 0x65, 0x61, 0x64, 0x6c, 0x65
  .byte 0x73, 0x73, 0x60, 0x20, 0x70, 0x61, 0x63, 0x6b, 0x61, 0x67, 0x65, 0x5d, 0x28, 0x2e, 0x2e, 0x2f
  .byte 0x2e, 0x2e, 0x2f, 0x70, 0x61, 0x63, 0x6b, 0x61, 0x67, 0x65, 0x73, 0x2f, 0x72, 0x65, 0x61, 0x63
  .byte 0x74, 0x2d, 0x68, 0x65, 0x61, 0x64, 0x6c, 0x65, 0x73, 0x73, 0x29, 0x0a

  .globl openui_full_port_examples_form_generator_README_md_ee6c1ab0ec34_pass_2_len
openui_full_port_examples_form_generator_README_md_ee6c1ab0ec34_pass_2_len:
  .quad 10140

# assembly pass: 3/4
  .globl openui_full_port_examples_form_generator_README_md_ee6c1ab0ec34_pass_3
openui_full_port_examples_form_generator_README_md_ee6c1ab0ec34_pass_3:
  .byte 0x23, 0x20, 0x48, 0x65, 0x72, 0x6f, 0x55, 0x49, 0x20, 0x46, 0x6f, 0x72, 0x6d, 0x20, 0x47, 0x65
  .byte 0x6e, 0x65, 0x72, 0x61, 0x74, 0x6f, 0x72, 0x20, 0x45, 0x78, 0x61, 0x6d, 0x70, 0x6c, 0x65, 0x0a
  .byte 0x0a, 0x41, 0x20, 0x66, 0x75, 0x6c, 0x6c, 0x2d, 0x73, 0x74, 0x61, 0x63, 0x6b, 0x20, 0x2a, 0x2a
  .byte 0x67, 0x65, 0x6e, 0x65, 0x72, 0x61, 0x74, 0x69, 0x76, 0x65, 0x20, 0x66, 0x6f, 0x72, 0x6d, 0x20
  .byte 0x62, 0x75, 0x69, 0x6c, 0x64, 0x65, 0x72, 0x2a, 0x2a, 0x20, 0x74, 0x68, 0x61, 0x74, 0x20, 0x64
  .byte 0x65, 0x6d, 0x6f, 0x6e, 0x73, 0x74, 0x72, 0x61, 0x74, 0x65, 0x73, 0x20, 0x77, 0x69, 0x72, 0x69
  .byte 0x6e, 0x67, 0x20, 0x5b, 0x4f, 0x70, 0x65, 0x6e, 0x55, 0x49, 0x20, 0x4c, 0x61, 0x6e, 0x67, 0x5d
  .byte 0x28, 0x68, 0x74, 0x74, 0x70, 0x73, 0x3a, 0x2f, 0x2f, 0x77, 0x77, 0x77, 0x2e, 0x6f, 0x70, 0x65
  .byte 0x6e, 0x75, 0x69, 0x2e, 0x63, 0x6f, 0x6d, 0x2f, 0x64, 0x6f, 0x63, 0x73, 0x2f, 0x6f, 0x70, 0x65
  .byte 0x6e, 0x75, 0x69, 0x2d, 0x6c, 0x61, 0x6e, 0x67, 0x2f, 0x6f, 0x76, 0x65, 0x72, 0x76, 0x69, 0x65
  .byte 0x77, 0x29, 0x20, 0x74, 0x6f, 0x20, 0x61, 0x20, 0x63, 0x75, 0x73, 0x74, 0x6f, 0x6d, 0x20, 0x63
  .byte 0x6f, 0x6d, 0x70, 0x6f, 0x6e, 0x65, 0x6e, 0x74, 0x20, 0x6c, 0x69, 0x62, 0x72, 0x61, 0x72, 0x79
  .byte 0x20, 0x62, 0x75, 0x69, 0x6c, 0x74, 0x20, 0x6f, 0x6e, 0x20, 0x5b, 0x48, 0x65, 0x72, 0x6f, 0x55
  .byte 0x49, 0x5d, 0x28, 0x68, 0x74, 0x74, 0x70, 0x73, 0x3a, 0x2f, 0x2f, 0x77, 0x77, 0x77, 0x2e, 0x68
  .byte 0x65, 0x72, 0x6f, 0x75, 0x69, 0x2e, 0x63, 0x6f, 0x6d, 0x2f, 0x29, 0x20, 0x28, 0x5b, 0x60, 0x40
  .byte 0x68, 0x65, 0x72, 0x6f, 0x75, 0x69, 0x2f, 0x72, 0x65, 0x61, 0x63, 0x74, 0x60, 0x5d, 0x28, 0x68
  .byte 0x74, 0x74, 0x70, 0x73, 0x3a, 0x2f, 0x2f, 0x77, 0x77, 0x77, 0x2e, 0x6e, 0x70, 0x6d, 0x6a, 0x73
  .byte 0x2e, 0x63, 0x6f, 0x6d, 0x2f, 0x70, 0x61, 0x63, 0x6b, 0x61, 0x67, 0x65, 0x2f, 0x40, 0x68, 0x65
  .byte 0x72, 0x6f, 0x75, 0x69, 0x2f, 0x72, 0x65, 0x61, 0x63, 0x74, 0x29, 0x29, 0x2e, 0x0a, 0x0a, 0x44
  .byte 0x65, 0x73, 0x63, 0x72, 0x69, 0x62, 0x65, 0x20, 0x61, 0x20, 0x66, 0x6f, 0x72, 0x6d, 0x20, 0x69
  .byte 0x6e, 0x20, 0x70, 0x6c, 0x61, 0x69, 0x6e, 0x20, 0x6c, 0x61, 0x6e, 0x67, 0x75, 0x61, 0x67, 0x65
  .byte 0x2c, 0x20, 0x67, 0x65, 0x74, 0x20, 0x61, 0x20, 0x6c, 0x69, 0x76, 0x65, 0x20, 0x70, 0x72, 0x65
  .byte 0x76, 0x69, 0x65, 0x77, 0x20, 0x62, 0x75, 0x69, 0x6c, 0x74, 0x20, 0x66, 0x72, 0x6f, 0x6d, 0x20
  .byte 0x48, 0x65, 0x72, 0x6f, 0x55, 0x49, 0x20, 0x63, 0x6f, 0x6d, 0x70, 0x6f, 0x6e, 0x65, 0x6e, 0x74
  .byte 0x73, 0x2e, 0x20, 0x52, 0x65, 0x66, 0x69, 0x6e, 0x65, 0x20, 0x69, 0x74, 0x20, 0x77, 0x69, 0x74
  .byte 0x68, 0x20, 0x66, 0x6f, 0x6c, 0x6c, 0x6f, 0x77, 0x2d, 0x75, 0x70, 0x20, 0x69, 0x6e, 0x73, 0x74
  .byte 0x72, 0x75, 0x63, 0x74, 0x69, 0x6f, 0x6e, 0x73, 0x20, 0xe2, 0x80, 0x94, 0x20, 0x65, 0x61, 0x63
  .byte 0x68, 0x20, 0x69, 0x74, 0x65, 0x72, 0x61, 0x74, 0x69, 0x6f, 0x6e, 0x20, 0x73, 0x74, 0x72, 0x65
  .byte 0x61, 0x6d, 0x73, 0x20, 0x61, 0x20, 0x66, 0x72, 0x65, 0x73, 0x68, 0x20, 0x75, 0x70, 0x64, 0x61
  .byte 0x74, 0x65, 0x64, 0x20, 0x66, 0x6f, 0x72, 0x6d, 0x2e, 0x0a, 0x0a, 0x5b, 0x56, 0x69, 0x65, 0x77
  .byte 0x20, 0x73, 0x6f, 0x75, 0x72, 0x63, 0x65, 0x20, 0x6f, 0x6e, 0x20, 0x47, 0x69, 0x74, 0x48, 0x75
  .byte 0x62, 0x20, 0xe2, 0x86, 0x92, 0x5d, 0x28, 0x68, 0x74, 0x74, 0x70, 0x73, 0x3a, 0x2f, 0x2f, 0x67
  .byte 0x69, 0x74, 0x68, 0x75, 0x62, 0x2e, 0x63, 0x6f, 0x6d, 0x2f, 0x74, 0x68, 0x65, 0x73, 0x79, 0x73
  .byte 0x64, 0x65, 0x76, 0x2f, 0x6f, 0x70, 0x65, 0x6e, 0x75, 0x69, 0x2f, 0x74, 0x72, 0x65, 0x65, 0x2f
  .byte 0x6d, 0x61, 0x69, 0x6e, 0x2f, 0x65, 0x78, 0x61, 0x6d, 0x70, 0x6c, 0x65, 0x73, 0x2f, 0x66, 0x6f
  .byte 0x72, 0x6d, 0x2d, 0x67, 0x65, 0x6e, 0x65, 0x72, 0x61, 0x74, 0x6f, 0x72, 0x29, 0x0a, 0x0a, 0x2d
  .byte 0x2d, 0x2d, 0x0a, 0x0a, 0x23, 0x23, 0x20, 0x48, 0x6f, 0x77, 0x20, 0x49, 0x74, 0x20, 0x57, 0x6f
  .byte 0x72, 0x6b, 0x73, 0x0a, 0x0a, 0x54, 0x68, 0x65, 0x20, 0x4c, 0x4c, 0x4d, 0x20, 0x69, 0x73, 0x20
  .byte 0x70, 0x72, 0x6f, 0x6d, 0x70, 0x74, 0x65, 0x64, 0x20, 0x77, 0x69, 0x74, 0x68, 0x20, 0x61, 0x20
  .byte 0x66, 0x6f, 0x72, 0x6d, 0x2d, 0x66, 0x6f, 0x63, 0x75, 0x73, 0x65, 0x64, 0x20, 0x73, 0x79, 0x73
  .byte 0x74, 0x65, 0x6d, 0x20, 0x70, 0x72, 0x6f, 0x6d, 0x70, 0x74, 0x20, 0x74, 0x68, 0x61, 0x74, 0x20
  .byte 0x64, 0x65, 0x73, 0x63, 0x72, 0x69, 0x62, 0x65, 0x73, 0x20, 0x65, 0x76, 0x65, 0x72, 0x79, 0x20
  .byte 0x61, 0x76, 0x61, 0x69, 0x6c, 0x61, 0x62, 0x6c, 0x65, 0x20, 0x66, 0x6f, 0x72, 0x6d, 0x20, 0x63
  .byte 0x6f, 0x6d, 0x70, 0x6f, 0x6e, 0x65, 0x6e, 0x74, 0x20, 0xe2, 0x80, 0x94, 0x20, 0x6e, 0x61, 0x6d
  .byte 0x65, 0x2c, 0x20, 0x70, 0x72, 0x6f, 0x70, 0x73, 0x2c, 0x20, 0x61, 0x6e, 0x64, 0x20, 0x77, 0x68
  .byte 0x65, 0x6e, 0x20, 0x74, 0x6f, 0x20, 0x75, 0x73, 0x65, 0x20, 0x69, 0x74, 0x2e, 0x20, 0x49, 0x6e
  .byte 0x73, 0x74, 0x65, 0x61, 0x64, 0x20, 0x6f, 0x66, 0x20, 0x72, 0x65, 0x74, 0x75, 0x72, 0x6e, 0x69
  .byte 0x6e, 0x67, 0x20, 0x70, 0x72, 0x6f, 0x73, 0x65, 0x2c, 0x20, 0x74, 0x68, 0x65, 0x20, 0x6d, 0x6f
  .byte 0x64, 0x65, 0x6c, 0x20, 0x72, 0x65, 0x73, 0x70, 0x6f, 0x6e, 0x64, 0x73, 0x20, 0x69, 0x6e, 0x20
  .byte 0x2a, 0x2a, 0x4f, 0x70, 0x65, 0x6e, 0x55, 0x49, 0x20, 0x4c, 0x61, 0x6e, 0x67, 0x2a, 0x2a, 0x3a
  .byte 0x20, 0x61, 0x20, 0x64, 0x65, 0x63, 0x6c, 0x61, 0x72, 0x61, 0x74, 0x69, 0x76, 0x65, 0x20, 0x6d
  .byte 0x61, 0x72, 0x6b, 0x75, 0x70, 0x20, 0x73, 0x79, 0x6e, 0x74, 0x61, 0x78, 0x20, 0x74, 0x68, 0x61
  .byte 0x74, 0x20, 0x6d, 0x61, 0x70, 0x73, 0x20, 0x64, 0x69, 0x72, 0x65, 0x63, 0x74, 0x6c, 0x79, 0x20
  .byte 0x74, 0x6f, 0x20, 0x52, 0x65, 0x61, 0x63, 0x74, 0x20, 0x63, 0x6f, 0x6d, 0x70, 0x6f, 0x6e, 0x65
  .byte 0x6e, 0x74, 0x73, 0x2e, 0x20, 0x46, 0x6f, 0x72, 0x20, 0x65, 0x78, 0x61, 0x6d, 0x70, 0x6c, 0x65
  .byte 0x3a, 0x0a, 0x0a, 0x60, 0x60, 0x60, 0x0a, 0x72, 0x6f, 0x6f, 0x74, 0x20, 0x3d, 0x20, 0x46, 0x6f
  .byte 0x72, 0x6d, 0x28, 0x22, 0x63, 0x6f, 0x6e, 0x74, 0x61, 0x63, 0x74, 0x22, 0x2c, 0x20, 0x22, 0x43
  .byte 0x6f, 0x6e, 0x74, 0x61, 0x63, 0x74, 0x20, 0x55, 0x73, 0x22, 0x2c, 0x20, 0x62, 0x74, 0x6e, 0x73
  .byte 0x2c, 0x20, 0x5b, 0x66, 0x63, 0x31, 0x2c, 0x20, 0x66, 0x63, 0x32, 0x2c, 0x20, 0x66, 0x63, 0x33
  .byte 0x5d, 0x29, 0x0a, 0x66, 0x63, 0x31, 0x20, 0x3d, 0x20, 0x46, 0x6f, 0x72, 0x6d, 0x43, 0x6f, 0x6e
  .byte 0x74, 0x72, 0x6f, 0x6c, 0x28, 0x22, 0x4e, 0x61, 0x6d, 0x65, 0x22, 0x2c, 0x20, 0x69, 0x6e, 0x70
  .byte 0x75, 0x74, 0x31, 0x29, 0x0a, 0x66, 0x63, 0x32, 0x20, 0x3d, 0x20, 0x46, 0x6f, 0x72, 0x6d, 0x43
  .byte 0x6f, 0x6e, 0x74, 0x72, 0x6f, 0x6c, 0x28, 0x22, 0x45, 0x6d, 0x61, 0x69, 0x6c, 0x22, 0x2c, 0x20
  .byte 0x69, 0x6e, 0x70, 0x75, 0x74, 0x32, 0x2c, 0x20, 0x22, 0x57, 0x65, 0x27, 0x6c, 0x6c, 0x20, 0x6e
  .byte 0x65, 0x76, 0x65, 0x72, 0x20, 0x73, 0x68, 0x61, 0x72, 0x65, 0x20, 0x79, 0x6f, 0x75, 0x72, 0x20
  .byte 0x65, 0x6d, 0x61, 0x69, 0x6c, 0x2e, 0x22, 0x29, 0x0a, 0x66, 0x63, 0x33, 0x20, 0x3d, 0x20, 0x46
  .byte 0x6f, 0x72, 0x6d, 0x43, 0x6f, 0x6e, 0x74, 0x72, 0x6f, 0x6c, 0x28, 0x22, 0x4d, 0x65, 0x73, 0x73
  .byte 0x61, 0x67, 0x65, 0x22, 0x2c, 0x20, 0x74, 0x61, 0x31, 0x29, 0x0a, 0x69, 0x6e, 0x70, 0x75, 0x74
  .byte 0x31, 0x20, 0x3d, 0x20, 0x49, 0x6e, 0x70, 0x75, 0x74, 0x28, 0x22, 0x6e, 0x61, 0x6d, 0x65, 0x22
  .byte 0x2c, 0x20, 0x22, 0x59, 0x6f, 0x75, 0x72, 0x20, 0x6e, 0x61, 0x6d, 0x65, 0x22, 0x2c, 0x20, 0x22
  .byte 0x74, 0x65, 0x78, 0x74, 0x22, 0x2c, 0x20, 0x7b, 0x20, 0x72, 0x65, 0x71, 0x75, 0x69, 0x72, 0x65
  .byte 0x64, 0x3a, 0x20, 0x74, 0x72, 0x75, 0x65, 0x20, 0x7d, 0x29, 0x0a, 0x69, 0x6e, 0x70, 0x75, 0x74
  .byte 0x32, 0x20, 0x3d, 0x20, 0x49, 0x6e, 0x70, 0x75, 0x74, 0x28, 0x22, 0x65, 0x6d, 0x61, 0x69, 0x6c
  .byte 0x22, 0x2c, 0x20, 0x22, 0x79, 0x6f, 0x75, 0x40, 0x65, 0x78, 0x61, 0x6d, 0x70, 0x6c, 0x65, 0x2e
  .byte 0x63, 0x6f, 0x6d, 0x22, 0x2c, 0x20, 0x22, 0x65, 0x6d, 0x61, 0x69, 0x6c, 0x22, 0x2c, 0x20, 0x7b
  .byte 0x20, 0x72, 0x65, 0x71, 0x75, 0x69, 0x72, 0x65, 0x64, 0x3a, 0x20, 0x74, 0x72, 0x75, 0x65, 0x2c
  .byte 0x20, 0x65, 0x6d, 0x61, 0x69, 0x6c, 0x3a, 0x20, 0x74, 0x72, 0x75, 0x65, 0x20, 0x7d, 0x29, 0x0a
  .byte 0x74, 0x61, 0x31, 0x20, 0x3d, 0x20, 0x54, 0x65, 0x78, 0x74, 0x41, 0x72, 0x65, 0x61, 0x28, 0x22
  .byte 0x6d, 0x65, 0x73, 0x73, 0x61, 0x67, 0x65, 0x22, 0x2c, 0x20, 0x22, 0x48, 0x6f, 0x77, 0x20, 0x63
  .byte 0x61, 0x6e, 0x20, 0x77, 0x65, 0x20, 0x68, 0x65, 0x6c, 0x70, 0x3f, 0x22, 0x2c, 0x20, 0x34, 0x29
  .byte 0x0a, 0x62, 0x74, 0x6e, 0x73, 0x20, 0x3d, 0x20, 0x42, 0x75, 0x74, 0x74, 0x6f, 0x6e, 0x73, 0x28
  .byte 0x5b, 0x62, 0x31, 0x5d, 0x29, 0x0a, 0x62, 0x31, 0x20, 0x3d, 0x20, 0x42, 0x75, 0x74, 0x74, 0x6f
  .byte 0x6e, 0x28, 0x22, 0x53, 0x75, 0x62, 0x6d, 0x69, 0x74, 0x22, 0x2c, 0x20, 0x7b, 0x20, 0x74, 0x79
  .byte 0x70, 0x65, 0x3a, 0x20, 0x22, 0x63, 0x6f, 0x6e, 0x74, 0x69, 0x6e, 0x75, 0x65, 0x5f, 0x63, 0x6f
  .byte 0x6e, 0x76, 0x65, 0x72, 0x73, 0x61, 0x74, 0x69, 0x6f, 0x6e, 0x22, 0x20, 0x7d, 0x2c, 0x20, 0x22
  .byte 0x70, 0x72, 0x69, 0x6d, 0x61, 0x72, 0x79, 0x22, 0x29, 0x0a, 0x60, 0x60, 0x60, 0x0a, 0x0a, 0x4f
  .byte 0x6e, 0x20, 0x74, 0x68, 0x65, 0x20, 0x63, 0x6c, 0x69, 0x65, 0x6e, 0x74, 0x2c, 0x20, 0x60, 0x3c
  .byte 0x52, 0x65, 0x6e, 0x64, 0x65, 0x72, 0x65, 0x72, 0x3e, 0x60, 0x20, 0x66, 0x72, 0x6f, 0x6d, 0x20
  .byte 0x60, 0x40, 0x6f, 0x70, 0x65, 0x6e, 0x75, 0x69, 0x64, 0x65, 0x76, 0x2f, 0x72, 0x65, 0x61, 0x63
  .byte 0x74, 0x2d, 0x6c, 0x61, 0x6e, 0x67, 0x60, 0x20, 0x70, 0x61, 0x72, 0x73, 0x65, 0x73, 0x20, 0x74
  .byte 0x68, 0x65, 0x20, 0x69, 0x6e, 0x63, 0x6f, 0x6d, 0x69, 0x6e, 0x67, 0x20, 0x53, 0x53, 0x45, 0x20
  .byte 0x73, 0x74, 0x72, 0x65, 0x61, 0x6d, 0x20, 0x61, 0x6e, 0x64, 0x20, 0x72, 0x65, 0x6e, 0x64, 0x65
  .byte 0x72, 0x73, 0x20, 0x65, 0x61, 0x63, 0x68, 0x20, 0x4f, 0x70, 0x65, 0x6e, 0x55, 0x49, 0x20, 0x4c
  .byte 0x61, 0x6e, 0x67, 0x20, 0x6e, 0x6f, 0x64, 0x65, 0x20, 0x75, 0x73, 0x69, 0x6e, 0x67, 0x20, 0x60
  .byte 0x68, 0x65, 0x72, 0x6f, 0x75, 0x69, 0x43, 0x68, 0x61, 0x74, 0x4c, 0x69, 0x62, 0x72, 0x61, 0x72
  .byte 0x79, 0x60, 0x20, 0xe2, 0x80, 0x94, 0x20, 0x74, 0x68, 0x65, 0x20, 0x63, 0x75, 0x73, 0x74, 0x6f
  .byte 0x6d, 0x20, 0x6c, 0x69, 0x62, 0x72, 0x61, 0x72, 0x79, 0x20, 0x64, 0x65, 0x66, 0x69, 0x6e, 0x65
  .byte 0x64, 0x20, 0x69, 0x6e, 0x20, 0x60, 0x73, 0x72, 0x63, 0x2f, 0x6c, 0x69, 0x62, 0x2f, 0x68, 0x65
  .byte 0x72, 0x6f, 0x75, 0x69, 0x2d, 0x67, 0x65, 0x6e, 0x75, 0x69, 0x2f, 0x60, 0x2e, 0x20, 0x54, 0x68
  .byte 0x65, 0x20, 0x61, 0x70, 0x70, 0x20, 0x73, 0x68, 0x65, 0x6c, 0x6c, 0x20, 0x69, 0x73, 0x20, 0x62
  .byte 0x75, 0x69, 0x6c, 0x74, 0x20, 0x65, 0x6e, 0x74, 0x69, 0x72, 0x65, 0x6c, 0x79, 0x20, 0x77, 0x69
  .byte 0x74, 0x68, 0x20, 0x60, 0x40, 0x68, 0x65, 0x72, 0x6f, 0x75, 0x69, 0x2f, 0x72, 0x65, 0x61, 0x63
  .byte 0x74, 0x60, 0x20, 0x28, 0x6e, 0x6f, 0x20, 0x60, 0x40, 0x6f, 0x70, 0x65, 0x6e, 0x75, 0x69, 0x64
  .byte 0x65, 0x76, 0x2f, 0x72, 0x65, 0x61, 0x63, 0x74, 0x2d, 0x75, 0x69, 0x60, 0x20, 0x64, 0x65, 0x70
  .byte 0x65, 0x6e, 0x64, 0x65, 0x6e, 0x63, 0x79, 0x29, 0x2e, 0x0a, 0x0a, 0x2d, 0x2d, 0x2d, 0x0a, 0x0a
  .byte 0x23, 0x23, 0x20, 0x41, 0x72, 0x63, 0x68, 0x69, 0x74, 0x65, 0x63, 0x74, 0x75, 0x72, 0x65, 0x0a
  .byte 0x0a, 0x60, 0x60, 0x60, 0x0a, 0xe2, 0x94, 0x8c, 0xe2, 0x94, 0x80, 0xe2, 0x94, 0x80, 0xe2, 0x94
  .byte 0x80, 0xe2, 0x94, 0x80, 0xe2, 0x94, 0x80, 0xe2, 0x94, 0x80, 0xe2, 0x94, 0x80, 0xe2, 0x94, 0x80
  .byte 0xe2, 0x94, 0x80, 0xe2, 0x94, 0x80, 0xe2, 0x94, 0x80, 0xe2, 0x94, 0x80, 0xe2, 0x94, 0x80, 0xe2
  .byte 0x94, 0x80, 0xe2, 0x94, 0x80, 0xe2, 0x94, 0x80, 0xe2, 0x94, 0x80, 0xe2, 0x94, 0x80, 0xe2, 0x94
  .byte 0x80, 0xe2, 0x94, 0x80, 0xe2, 0x94, 0x80, 0xe2, 0x94, 0x80, 0xe2, 0x94, 0x80, 0xe2, 0x94, 0x80
  .byte 0xe2, 0x94, 0x80, 0xe2, 0x94, 0x80, 0xe2, 0x94, 0x80, 0xe2, 0x94, 0x80, 0xe2, 0x94, 0x80, 0xe2
  .byte 0x94, 0x80, 0xe2, 0x94, 0x80, 0xe2, 0x94, 0x80, 0xe2, 0x94, 0x80, 0xe2, 0x94, 0x80, 0xe2, 0x94
  .byte 0x80, 0xe2, 0x94, 0x80, 0xe2, 0x94, 0x80, 0xe2, 0x94, 0x80, 0xe2, 0x94, 0x80, 0xe2, 0x94, 0x80
  .byte 0xe2, 0x94, 0x80, 0xe2, 0x94, 0x80, 0xe2, 0x94, 0x90, 0x20, 0x20, 0x20, 0x20, 0x20, 0x20, 0x20
  .byte 0x20, 0xe2, 0x94, 0x8c, 0xe2, 0x94, 0x80, 0xe2, 0x94, 0x80, 0xe2, 0x94, 0x80, 0xe2, 0x94, 0x80
  .byte 0xe2, 0x94, 0x80, 0xe2, 0x94, 0x80, 0xe2, 0x94, 0x80, 0xe2, 0x94, 0x80, 0xe2, 0x94, 0x80, 0xe2
  .byte 0x94, 0x80, 0xe2, 0x94, 0x80, 0xe2, 0x94, 0x80, 0xe2, 0x94, 0x80, 0xe2, 0x94, 0x80, 0xe2, 0x94
  .byte 0x80, 0xe2, 0x94, 0x80, 0xe2, 0x94, 0x80, 0xe2, 0x94, 0x80, 0xe2, 0x94, 0x80, 0xe2, 0x94, 0x80
  .byte 0xe2, 0x94, 0x80, 0xe2, 0x94, 0x80, 0xe2, 0x94, 0x80, 0xe2, 0x94, 0x80, 0xe2, 0x94, 0x80, 0xe2
  .byte 0x94, 0x80, 0xe2, 0x94, 0x80, 0xe2, 0x94, 0x80, 0xe2, 0x94, 0x80, 0xe2, 0x94, 0x80, 0xe2, 0x94
  .byte 0x80, 0xe2, 0x94, 0x80, 0xe2, 0x94, 0x80, 0xe2, 0x94, 0x80, 0xe2, 0x94, 0x80, 0xe2, 0x94, 0x80
  .byte 0xe2, 0x94, 0x90, 0x0a, 0xe2, 0x94, 0x82, 0x20, 0x20, 0x20, 0x42, 0x72, 0x6f, 0x77, 0x73, 0x65
  .byte 0x72, 0x20, 0x20, 0x20, 0x20, 0x20, 0x20, 0x20, 0x20, 0x20, 0x20, 0x20, 0x20, 0x20, 0x20, 0x20
  .byte 0x20, 0x20, 0x20, 0x20, 0x20, 0x20, 0x20, 0x20, 0x20, 0x20, 0x20, 0x20, 0x20, 0x20, 0x20, 0x20
  .byte 0x20, 0xe2, 0x94, 0x82, 0x20, 0x20, 0x48, 0x54, 0x54, 0x50, 0x20, 0x20, 0xe2, 0x94, 0x82, 0x20
  .byte 0x20, 0x20, 0x4e, 0x65, 0x78, 0x74, 0x2e, 0x6a, 0x73, 0x20, 0x41, 0x50, 0x49, 0x20, 0x52, 0x6f
  .byte 0x75, 0x74, 0x65, 0x20, 0x20, 0x20, 0x20, 0x20, 0x20, 0x20, 0x20, 0x20, 0x20, 0x20, 0x20, 0x20
  .byte 0x20, 0x20, 0x20, 0xe2, 0x94, 0x82, 0x0a, 0xe2, 0x94, 0x82, 0x20, 0x20, 0x20, 0x20, 0x20, 0x20
  .byte 0x20, 0x20, 0x20, 0x20, 0x20, 0x20, 0x20, 0x20, 0x20, 0x20, 0x20, 0x20, 0x20, 0x20, 0x20, 0x20
  .byte 0x20, 0x20, 0x20, 0x20, 0x20, 0x20, 0x20, 0x20, 0x20, 0x20, 0x20, 0x20, 0x20, 0x20, 0x20, 0x20
  .byte 0x20, 0x20, 0x20, 0x20, 0xe2, 0x94, 0x82, 0x20, 0xe2, 0x94, 0x80, 0xe2, 0x94, 0x80, 0xe2, 0x94
  .byte 0x80, 0xe2, 0x94, 0x80, 0xe2, 0x94, 0x80, 0xe2, 0x94, 0x80, 0xe2, 0x96, 0xba, 0xe2, 0x94, 0x82
  .byte 0x20, 0x20, 0x20, 0x20, 0x20, 0x20, 0x20, 0x20, 0x20, 0x20, 0x20, 0x20, 0x20, 0x20, 0x20, 0x20
  .byte 0x20, 0x20, 0x20, 0x20, 0x20, 0x20, 0x20, 0x20, 0x20, 0x20, 0x20, 0x20, 0x20, 0x20, 0x20, 0x20
  .byte 0x20, 0x20, 0x20, 0x20, 0xe2, 0x94, 0x82, 0x0a, 0xe2, 0x94, 0x82, 0x20, 0x20, 0xe2, 0x80, 0xa2
  .byte 0x20, 0x4c, 0x65, 0x66, 0x74, 0x20, 0x70, 0x61, 0x6e, 0x65, 0x6c, 0x3a, 0x20, 0x48, 0x65, 0x72
  .byte 0x6f, 0x55, 0x49, 0x20, 0x54, 0x65, 0x78, 0x74, 0x41, 0x72, 0x65, 0x61, 0x20, 0x2b, 0x20, 0x42
  .byte 0x75, 0x74, 0x74, 0x6f, 0x6e, 0x20, 0x20, 0xe2, 0x94, 0x82, 0x20, 0x20, 0x20, 0x20, 0x20, 0x20
  .byte 0x20, 0x20, 0xe2, 0x94, 0x82, 0x20, 0x20, 0xe2, 0x80, 0xa2, 0x20, 0x4c, 0x6f, 0x61, 0x64, 0x73
  .byte 0x20, 0x73, 0x79, 0x73, 0x74, 0x65, 0x6d, 0x2d, 0x70, 0x72, 0x6f, 0x6d, 0x70, 0x74, 0x2e, 0x74
  .byte 0x78, 0x74, 0x20, 0x20, 0x20, 0x20, 0x20, 0x20, 0x20, 0x20, 0x20, 0xe2, 0x94, 0x82, 0x0a, 0xe2
  .byte 0x94, 0x82, 0x20, 0x20, 0xe2, 0x80, 0xa2, 0x20, 0x49, 0x74, 0x65, 0x72, 0x61, 0x74, 0x69, 0x6f
  .byte 0x6e, 0x20, 0x68, 0x69, 0x73, 0x74, 0x6f, 0x72, 0x79, 0x20, 0x28, 0x69, 0x6e, 0x2d, 0x6d, 0x65
  .byte 0x6d, 0x6f, 0x72, 0x79, 0x20, 0x6d, 0x65, 0x73, 0x73, 0x61, 0x67, 0x65, 0x73, 0x29, 0xe2, 0x94
  .byte 0x82, 0x20, 0x20, 0x20, 0x20, 0x20, 0x20, 0x20, 0x20, 0xe2, 0x94, 0x82, 0x20, 0x20, 0xe2, 0x80
  .byte 0xa2, 0x20, 0x43, 0x61, 0x6c, 0x6c, 0x73, 0x20, 0x4c, 0x4c, 0x4d, 0x20, 0x76, 0x69, 0x61, 0x20
  .byte 0x4f, 0x70, 0x65, 0x6e, 0x41, 0x49, 0x20, 0x53, 0x44, 0x4b, 0x20, 0x20, 0x20, 0x20, 0x20, 0x20
  .byte 0x20, 0x20, 0xe2, 0x94, 0x82, 0x0a, 0xe2, 0x94, 0x82, 0x20, 0x20, 0xe2, 0x80, 0xa2, 0x20, 0x70
  .byte 0x72, 0x6f, 0x63, 0x65, 0x73, 0x73, 0x53, 0x74, 0x72, 0x65, 0x61, 0x6d, 0x65, 0x64, 0x4d, 0x65
  .byte 0x73, 0x73, 0x61, 0x67, 0x65, 0x20, 0x2b, 0x20, 0x6f, 0x70, 0x65, 0x6e, 0x41, 0x49, 0x41, 0x64
  .byte 0x61, 0x70, 0x74, 0x65, 0x72, 0xe2, 0x94, 0x82, 0xe2, 0x97, 0x84, 0xe2, 0x94, 0x80, 0xe2, 0x94
  .byte 0x80, 0xe2, 0x94, 0x80, 0xe2, 0x94, 0x80, 0xe2, 0x94, 0x80, 0xe2, 0x94, 0x80, 0x20, 0xe2, 0x94
  .byte 0x82, 0x20, 0x20, 0xe2, 0x80, 0xa2, 0x20, 0x53, 0x74, 0x72, 0x65, 0x61, 0x6d, 0x73, 0x20, 0x72
  .byte 0x65, 0x73, 0x70, 0x6f, 0x6e, 0x73, 0x65, 0x20, 0x61, 0x73, 0x20, 0x53, 0x53, 0x45, 0x20, 0x65
  .byte 0x76, 0x65, 0x6e, 0x74, 0x73, 0x20, 0x20, 0xe2, 0x94, 0x82, 0x0a, 0xe2, 0x94, 0x82, 0x20, 0x20
  .byte 0xe2, 0x80, 0xa2, 0x20, 0x52, 0x69, 0x67, 0x68, 0x74, 0x20, 0x70, 0x61, 0x6e, 0x65, 0x6c, 0x3a
  .byte 0x20, 0x3c, 0x52, 0x65, 0x6e, 0x64, 0x65, 0x72, 0x65, 0x72, 0x3e, 0x20, 0x70, 0x72, 0x65, 0x76
  .byte 0x69, 0x65, 0x77, 0x20, 0x20, 0x20, 0x20, 0x20, 0x20, 0x20, 0xe2, 0x94, 0x82, 0x20, 0x20, 0x53
  .byte 0x53, 0x45, 0x20, 0x20, 0x20, 0xe2, 0x94, 0x82, 0x20, 0x20, 0x20, 0x20, 0x20, 0x20, 0x20, 0x20
  .byte 0x20, 0x20, 0x20, 0x20, 0x20, 0x20, 0x20, 0x20, 0x20, 0x20, 0x20, 0x20, 0x20, 0x20, 0x20, 0x20
  .byte 0x20, 0x20, 0x20, 0x20, 0x20, 0x20, 0x20, 0x20, 0x20, 0x20, 0x20, 0x20, 0xe2, 0x94, 0x82, 0x0a
  .byte 0xe2, 0x94, 0x82, 0x20, 0x20, 0xe2, 0x80, 0xa2, 0x20, 0x66, 0x6f, 0x72, 0x6d, 0x46, 0x69, 0x65
  .byte 0x6c, 0x64, 0x53, 0x6e, 0x61, 0x70, 0x73, 0x68, 0x6f, 0x74, 0x20, 0x76, 0x69, 0x61, 0x20, 0x6f
  .byte 0x6e, 0x53, 0x74, 0x61, 0x74, 0x65, 0x55, 0x70, 0x64, 0x61, 0x74, 0x65, 0x20, 0x20, 0x20, 0xe2
  .byte 0x94, 0x82, 0x20, 0x20, 0x20, 0x20, 0x20, 0x20, 0x20, 0x20, 0xe2, 0x94, 0x82, 0x20, 0x20, 0x20
  .byte 0x20, 0x20, 0x20, 0x20, 0x20, 0x20, 0x20, 0x20, 0x20, 0x20, 0x20, 0x20, 0x20, 0x20, 0x20, 0x20
  .byte 0x20, 0x20, 0x20, 0x20, 0x20, 0x20, 0x20, 0x20, 0x20, 0x20, 0x20, 0x20, 0x20, 0x20, 0x20, 0x20
  .byte 0x20, 0xe2, 0x94, 0x82, 0x0a, 0xe2, 0x94, 0x94, 0xe2, 0x94, 0x80, 0xe2, 0x94, 0x80, 0xe2, 0x94
  .byte 0x80, 0xe2, 0x94, 0x80, 0xe2, 0x94, 0x80, 0xe2, 0x94, 0x80, 0xe2, 0x94, 0x80, 0xe2, 0x94, 0x80
  .byte 0xe2, 0x94, 0x80, 0xe2, 0x94, 0x80, 0xe2, 0x94, 0x80, 0xe2, 0x94, 0x80, 0xe2, 0x94, 0x80, 0xe2
  .byte 0x94, 0x80, 0xe2, 0x94, 0x80, 0xe2, 0x94, 0x80, 0xe2, 0x94, 0x80, 0xe2, 0x94, 0x80, 0xe2, 0x94
  .byte 0x80, 0xe2, 0x94, 0x80, 0xe2, 0x94, 0x80, 0xe2, 0x94, 0x80, 0xe2, 0x94, 0x80, 0xe2, 0x94, 0x80
  .byte 0xe2, 0x94, 0x80, 0xe2, 0x94, 0x80, 0xe2, 0x94, 0x80, 0xe2, 0x94, 0x80, 0xe2, 0x94, 0x80, 0xe2
  .byte 0x94, 0x80, 0xe2, 0x94, 0x80, 0xe2, 0x94, 0x80, 0xe2, 0x94, 0x80, 0xe2, 0x94, 0x80, 0xe2, 0x94
  .byte 0x80, 0xe2, 0x94, 0x80, 0xe2, 0x94, 0x80, 0xe2, 0x94, 0x80, 0xe2, 0x94, 0x80, 0xe2, 0x94, 0x80
  .byte 0xe2, 0x94, 0x80, 0xe2, 0x94, 0x80, 0xe2, 0x94, 0x98, 0x20, 0x20, 0x20, 0x20, 0x20, 0x20, 0x20
  .byte 0x20, 0xe2, 0x94, 0x94, 0xe2, 0x94, 0x80, 0xe2, 0x94, 0x80, 0xe2, 0x94, 0x80, 0xe2, 0x94, 0x80
  .byte 0xe2, 0x94, 0x80, 0xe2, 0x94, 0x80, 0xe2, 0x94, 0x80, 0xe2, 0x94, 0x80, 0xe2, 0x94, 0x80, 0xe2
  .byte 0x94, 0x80, 0xe2, 0x94, 0x80, 0xe2, 0x94, 0x80, 0xe2, 0x94, 0x80, 0xe2, 0x94, 0x80, 0xe2, 0x94
  .byte 0x80, 0xe2, 0x94, 0x80, 0xe2, 0x94, 0x80, 0xe2, 0x94, 0x80, 0xe2, 0x94, 0x80, 0xe2, 0x94, 0x80
  .byte 0xe2, 0x94, 0x80, 0xe2, 0x94, 0x80, 0xe2, 0x94, 0x80, 0xe2, 0x94, 0x80, 0xe2, 0x94, 0x80, 0xe2
  .byte 0x94, 0x80, 0xe2, 0x94, 0x80, 0xe2, 0x94, 0x80, 0xe2, 0x94, 0x80, 0xe2, 0x94, 0x80, 0xe2, 0x94
  .byte 0x80, 0xe2, 0x94, 0x80, 0xe2, 0x94, 0x80, 0xe2, 0x94, 0x80, 0xe2, 0x94, 0x80, 0xe2, 0x94, 0x80
  .byte 0xe2, 0x94, 0x98, 0x0a, 0x60, 0x60, 0x60, 0x0a, 0x0a, 0x23, 0x23, 0x23, 0x20, 0x52, 0x65, 0x71
  .byte 0x75, 0x65, 0x73, 0x74, 0x20, 0x2f, 0x20, 0x52, 0x65, 0x73, 0x70, 0x6f, 0x6e, 0x73, 0x65, 0x20
  .byte 0x46, 0x6c, 0x6f, 0x77, 0x0a, 0x0a, 0x31, 0x2e, 0x20, 0x55, 0x73, 0x65, 0x72, 0x20, 0x74, 0x79
  .byte 0x70, 0x65, 0x73, 0x20, 0x61, 0x20, 0x66, 0x6f, 0x72, 0x6d, 0x20, 0x64, 0x65, 0x73, 0x63, 0x72
  .byte 0x69, 0x70, 0x74, 0x69, 0x6f, 0x6e, 0x20, 0x61, 0x6e, 0x64, 0x20, 0x63, 0x6c, 0x69, 0x63, 0x6b
  .byte 0x73, 0x20, 0x2a, 0x2a, 0x47, 0x65, 0x6e, 0x65, 0x72, 0x61, 0x74, 0x65, 0x20, 0x46, 0x6f, 0x72
  .byte 0x6d, 0x2a, 0x2a, 0x20, 0x28, 0x6f, 0x72, 0x20, 0xe2, 0x8c, 0x98, 0x20, 0x45, 0x6e, 0x74, 0x65
  .byte 0x72, 0x29, 0x2e, 0x0a, 0x32, 0x2e, 0x20, 0x54, 0x68, 0x65, 0x20, 0x70, 0x61, 0x67, 0x65, 0x20
  .byte 0x62, 0x75, 0x69, 0x6c, 0x64, 0x73, 0x20, 0x61, 0x6e, 0x20, 0x60, 0x6f, 0x70, 0x65, 0x6e, 0x41
  .byte 0x49, 0x4d, 0x65, 0x73, 0x73, 0x61, 0x67, 0x65, 0x46, 0x6f, 0x72, 0x6d, 0x61, 0x74, 0x2e, 0x74
  .byte 0x6f, 0x41, 0x70, 0x69, 0x28, 0x6d, 0x65, 0x73, 0x73, 0x61, 0x67, 0x65, 0x73, 0x29, 0x60, 0x20
  .byte 0x70, 0x61, 0x79, 0x6c, 0x6f, 0x61, 0x64, 0x20, 0x61, 0x6e, 0x64, 0x20, 0x60, 0x50, 0x4f, 0x53
  .byte 0x54, 0x60, 0x73, 0x20, 0x74, 0x6f, 0x20, 0x60, 0x2f, 0x61, 0x70, 0x69, 0x2f, 0x63, 0x68, 0x61
  .byte 0x74, 0x60, 0x2e, 0x0a, 0x33, 0x2e, 0x20, 0x54, 0x68, 0x65, 0x20, 0x41, 0x50, 0x49, 0x20, 0x72
  .byte 0x6f, 0x75, 0x74, 0x65, 0x20, 0x72, 0x65, 0x61, 0x64, 0x73, 0x20, 0x60, 0x73, 0x79, 0x73, 0x74
  .byte 0x65, 0x6d, 0x2d, 0x70, 0x72, 0x6f, 0x6d, 0x70, 0x74, 0x2e, 0x74, 0x78, 0x74, 0x60, 0x20, 0x61
  .byte 0x6e, 0x64, 0x20, 0x73, 0x74, 0x72, 0x65, 0x61, 0x6d, 0x73, 0x20, 0x74, 0x68, 0x65, 0x20, 0x4c
  .byte 0x4c, 0x4d, 0x20, 0x72, 0x65, 0x73, 0x70, 0x6f, 0x6e, 0x73, 0x65, 0x20, 0x61, 0x73, 0x20, 0x53
  .byte 0x53, 0x45, 0x20, 0x65, 0x76, 0x65, 0x6e, 0x74, 0x73, 0x2e, 0x0a, 0x34, 0x2e, 0x20, 0x4f, 0x6e
  .byte 0x20, 0x74, 0x68, 0x65, 0x20, 0x63, 0x6c, 0x69, 0x65, 0x6e, 0x74, 0x2c, 0x20, 0x60, 0x70, 0x72
  .byte 0x6f, 0x63, 0x65, 0x73, 0x73, 0x53, 0x74, 0x72, 0x65, 0x61, 0x6d, 0x65, 0x64, 0x4d, 0x65, 0x73
  .byte 0x73, 0x61, 0x67, 0x65, 0x60, 0x20, 0x2b, 0x20, 0x60, 0x6f, 0x70, 0x65, 0x6e, 0x41, 0x49, 0x41
  .byte 0x64, 0x61, 0x70, 0x74, 0x65, 0x72, 0x28, 0x29, 0x60, 0x20, 0x61, 0x63, 0x63, 0x75, 0x6d, 0x75
  .byte 0x6c, 0x61, 0x74, 0x65, 0x20, 0x74, 0x68, 0x65, 0x20, 0x73, 0x74, 0x72, 0x65, 0x61, 0x6d, 0x65
  .byte 0x64, 0x20, 0x74, 0x65, 0x78, 0x74, 0x20, 0x69, 0x6e, 0x74, 0x6f, 0x20, 0x61, 0x6e, 0x20, 0x60
  .byte 0x41, 0x73, 0x73, 0x69, 0x73, 0x74, 0x61, 0x6e, 0x74, 0x4d, 0x65, 0x73, 0x73, 0x61, 0x67, 0x65
  .byte 0x60, 0x2e, 0x0a, 0x35, 0x2e, 0x20, 0x60, 0x3c, 0x52, 0x65, 0x6e, 0x64, 0x65, 0x72, 0x65, 0x72
  .byte 0x20, 0x72, 0x65, 0x73, 0x70, 0x6f, 0x6e, 0x73, 0x65, 0x3d, 0x7b, 0x63, 0x6f, 0x64, 0x65, 0x7d
  .byte 0x20, 0x6c, 0x69, 0x62, 0x72, 0x61, 0x72, 0x79, 0x3d, 0x7b, 0x68, 0x65, 0x72, 0x6f, 0x75, 0x69
  .byte 0x43, 0x68, 0x61, 0x74, 0x4c, 0x69, 0x62, 0x72, 0x61, 0x72, 0x79, 0x7d, 0x20, 0x69, 0x73, 0x53
  .byte 0x74, 0x72, 0x65, 0x61, 0x6d, 0x69, 0x6e, 0x67, 0x3d, 0x7b, 0x2e, 0x2e, 0x2e, 0x7d, 0x20, 0x2f
  .byte 0x3e, 0x60, 0x20, 0x70, 0x61, 0x72, 0x73, 0x65, 0x73, 0x20, 0x74, 0x68, 0x65, 0x20, 0x4f, 0x70
  .byte 0x65, 0x6e, 0x55, 0x49, 0x20, 0x4c, 0x61, 0x6e, 0x67, 0x20, 0x6d, 0x61, 0x72, 0x6b, 0x75, 0x70
  .byte 0x20, 0x61, 0x6e, 0x64, 0x20, 0x70, 0x72, 0x6f, 0x67, 0x72, 0x65, 0x73, 0x73, 0x69, 0x76, 0x65
  .byte 0x6c, 0x79, 0x20, 0x72, 0x65, 0x6e, 0x64, 0x65, 0x72, 0x73, 0x20, 0x65, 0x61, 0x63, 0x68, 0x20
  .byte 0x6e, 0x6f, 0x64, 0x65, 0x20, 0x61, 0x73, 0x20, 0x61, 0x20, 0x48, 0x65, 0x72, 0x6f, 0x55, 0x49
  .byte 0x2d, 0x62, 0x61, 0x63, 0x6b, 0x65, 0x64, 0x20, 0x63, 0x6f, 0x6d, 0x70, 0x6f, 0x6e, 0x65, 0x6e
  .byte 0x74, 0x2e, 0x0a, 0x36, 0x2e, 0x20, 0x54, 0x68, 0x65, 0x20, 0x73, 0x74, 0x72, 0x65, 0x61, 0x6d
  .byte 0x65, 0x64, 0x20, 0x61, 0x73, 0x73, 0x69, 0x73, 0x74, 0x61, 0x6e, 0x74, 0x20, 0x60, 0x63, 0x6f
  .byte 0x6e, 0x74, 0x65, 0x6e, 0x74, 0x60, 0x20, 0x28, 0x4f, 0x70, 0x65, 0x6e, 0x55, 0x49, 0x20, 0x4c
  .byte 0x61, 0x6e, 0x67, 0x20, 0x74, 0x65, 0x78, 0x74, 0x20, 0x6f, 0x6e, 0x6c, 0x79, 0x29, 0x20, 0x69
  .byte 0x73, 0x20, 0x61, 0x70, 0x70, 0x65, 0x6e, 0x64, 0x65, 0x64, 0x20, 0x74, 0x6f, 0x20, 0x74, 0x68
  .byte 0x65, 0x20, 0x69, 0x6e, 0x2d, 0x6d, 0x65, 0x6d, 0x6f, 0x72, 0x79, 0x20, 0x6d, 0x65, 0x73, 0x73
  .byte 0x61, 0x67, 0x65, 0x20, 0x6c, 0x69, 0x73, 0x74, 0x20, 0x66, 0x6f, 0x72, 0x20, 0x74, 0x68, 0x65
  .byte 0x20, 0x6e, 0x65, 0x78, 0x74, 0x20, 0x69, 0x74, 0x65, 0x72, 0x61, 0x74, 0x69, 0x6f, 0x6e, 0x2e
  .byte 0x0a, 0x0a, 0x23, 0x23, 0x23, 0x20, 0x49, 0x74, 0x65, 0x72, 0x61, 0x74, 0x69, 0x76, 0x65, 0x20
  .byte 0x52, 0x65, 0x66, 0x69, 0x6e, 0x65, 0x6d, 0x65, 0x6e, 0x74, 0x0a, 0x0a, 0x53, 0x75, 0x62, 0x6d
  .byte 0x69, 0x74, 0x20, 0x61, 0x20, 0x66, 0x6f, 0x6c, 0x6c, 0x6f, 0x77, 0x2d, 0x75, 0x70, 0x20, 0x69
  .byte 0x6e, 0x73, 0x74, 0x72, 0x75, 0x63, 0x74, 0x69, 0x6f, 0x6e, 0x20, 0x28, 0x65, 0x2e, 0x67, 0x2e
  .byte 0x20, 0x22, 0x61, 0x64, 0x64, 0x20, 0x61, 0x20, 0x70, 0x68, 0x6f, 0x6e, 0x65, 0x20, 0x6e, 0x75
  .byte 0x6d, 0x62, 0x65, 0x72, 0x20, 0x66, 0x69, 0x65, 0x6c, 0x64, 0x22, 0x20, 0x6f, 0x72, 0x20, 0x22
  .byte 0x72, 0x65, 0x6e, 0x61, 0x6d, 0x65, 0x20, 0x74, 0x68, 0x65, 0x20, 0x73, 0x75, 0x62, 0x6d, 0x69
  .byte 0x74, 0x20, 0x62, 0x75, 0x74, 0x74, 0x6f, 0x6e, 0x20, 0x74, 0x6f, 0x20, 0x27, 0x53, 0x65, 0x6e
  .byte 0x64, 0x27, 0x22, 0x29, 0x20, 0x61, 0x6e, 0x64, 0x20, 0x74, 0x68, 0x65, 0x20, 0x70, 0x61, 0x67
  .byte 0x65, 0x3a, 0x0a, 0x0a, 0x2d, 0x20, 0x4f, 0x70, 0x74, 0x69, 0x6f, 0x6e, 0x61, 0x6c, 0x6c, 0x79
  .byte 0x20, 0x70, 0x72, 0x65, 0x66, 0x69, 0x78, 0x65, 0x73, 0x20, 0x74, 0x68, 0x65, 0x20, 0x6e, 0x65
  .byte 0x77, 0x20, 0x75, 0x73, 0x65, 0x72, 0x20, 0x6d, 0x65, 0x73, 0x73, 0x61, 0x67, 0x65, 0x20, 0x77
  .byte 0x69, 0x74, 0x68, 0x20, 0x61, 0x20, 0x4a, 0x53, 0x4f, 0x4e, 0x20, 0x73, 0x6e, 0x61, 0x70, 0x73
  .byte 0x68, 0x6f, 0x74, 0x20, 0x6f, 0x66, 0x20, 0x63, 0x75, 0x72, 0x72, 0x65, 0x6e, 0x74, 0x20, 0x66
  .byte 0x6f, 0x72, 0x6d, 0x20, 0x76, 0x61, 0x6c, 0x75, 0x65, 0x73, 0x20, 0x66, 0x72, 0x6f, 0x6d, 0x20
  .byte 0x60, 0x6f, 0x6e, 0x53, 0x74, 0x61, 0x74, 0x65, 0x55, 0x70, 0x64, 0x61, 0x74, 0x65, 0x60, 0x2e
  .byte 0x0a, 0x2d, 0x20, 0x50, 0x4f, 0x53, 0x54, 0x73, 0x20, 0x74, 0x68, 0x65, 0x20, 0x2a, 0x2a, 0x66
  .byte 0x75, 0x6c, 0x6c, 0x2a, 0x2a, 0x20, 0x6d, 0x65, 0x73, 0x73, 0x61, 0x67, 0x65, 0x20, 0x6c, 0x69
  .byte 0x73, 0x74, 0x20, 0x73, 0x6f, 0x20, 0x74, 0x68, 0x65, 0x20, 0x6d, 0x6f, 0x64, 0x65, 0x6c, 0x20
  .byte 0x63, 0x61, 0x6e, 0x20, 0x73, 0x65, 0x65, 0x20, 0x74, 0x68, 0x65, 0x20, 0x70, 0x72, 0x65, 0x76
  .byte 0x69, 0x6f, 0x75, 0x73, 0x20, 0x66, 0x6f, 0x72, 0x6d, 0x20, 0x73, 0x70, 0x65, 0x63, 0x20, 0x61
  .byte 0x6e, 0x64, 0x20, 0x72, 0x65, 0x74, 0x75, 0x72, 0x6e, 0x20, 0x6f, 0x6e, 0x65, 0x20, 0x63, 0x6f
  .byte 0x6d, 0x70, 0x6c, 0x65, 0x74, 0x65, 0x20, 0x75, 0x70, 0x64, 0x61, 0x74, 0x65, 0x64, 0x20, 0x60
  .byte 0x46, 0x6f, 0x72, 0x6d, 0x60, 0x2e, 0x0a, 0x2d, 0x20, 0x60, 0x3c, 0x52, 0x65, 0x6e, 0x64, 0x65
  .byte 0x72, 0x65, 0x72, 0x20, 0x69, 0x6e, 0x69, 0x74, 0x69, 0x61, 0x6c, 0x53, 0x74, 0x61, 0x74, 0x65
  .byte 0x3d, 0x7b, 0x66, 0x6f, 0x72, 0x6d, 0x46, 0x69, 0x65, 0x6c, 0x64, 0x53, 0x6e, 0x61, 0x70, 0x73
  .byte 0x68, 0x6f, 0x74, 0x7d, 0x3e, 0x60, 0x20, 0x68, 0x79, 0x64, 0x72, 0x61, 0x74, 0x65, 0x73, 0x20
  .byte 0x74, 0x68, 0x65, 0x20, 0x70, 0x72, 0x65, 0x76, 0x69, 0x65, 0x77, 0x20, 0x77, 0x69, 0x74, 0x68
  .byte 0x20, 0x74, 0x68, 0x65, 0x20, 0x6c, 0x61, 0x74, 0x65, 0x73, 0x74, 0x20, 0x66, 0x69, 0x65, 0x6c
  .byte 0x64, 0x20, 0x76, 0x61, 0x6c, 0x75, 0x65, 0x73, 0x2c, 0x20, 0x73, 0x6f, 0x20, 0x66, 0x69, 0x6c
  .byte 0x6c, 0x65, 0x64, 0x20, 0x64, 0x61, 0x74, 0x61, 0x20, 0x69, 0x73, 0x20, 0x6e, 0x6f, 0x74, 0x20
  .byte 0x6c, 0x6f, 0x73, 0x74, 0x20, 0x6f, 0x6e, 0x20, 0x72, 0x65, 0x2d, 0x72, 0x65, 0x6e, 0x64, 0x65
  .byte 0x72, 0x2e, 0x0a, 0x0a, 0x43, 0x6c, 0x69, 0x63, 0x6b, 0x20, 0x2a, 0x2a, 0x52, 0x65, 0x73, 0x65
  .byte 0x74, 0x2a, 0x2a, 0x20, 0x74, 0x6f, 0x20, 0x63, 0x6c, 0x65, 0x61, 0x72, 0x20, 0x68, 0x69, 0x73
  .byte 0x74, 0x6f, 0x72, 0x79, 0x20, 0x61, 0x6e, 0x64, 0x20, 0x73, 0x74, 0x61, 0x72, 0x74, 0x20, 0x61
  .byte 0x20, 0x66, 0x72, 0x65, 0x73, 0x68, 0x20, 0x66, 0x6f, 0x72, 0x6d, 0x2e, 0x0a, 0x0a, 0x2d, 0x2d
  .byte 0x2d, 0x0a, 0x0a, 0x23, 0x23, 0x20, 0x50, 0x72, 0x6f, 0x6a, 0x65, 0x63, 0x74, 0x20, 0x53, 0x74
  .byte 0x72, 0x75, 0x63, 0x74, 0x75, 0x72, 0x65, 0x0a, 0x0a, 0x60, 0x60, 0x60, 0x0a, 0x66, 0x6f, 0x72
  .byte 0x6d, 0x2d, 0x67, 0x65, 0x6e, 0x65, 0x72, 0x61, 0x74, 0x6f, 0x72, 0x2f, 0x0a, 0xe2, 0x94, 0x9c
  .byte 0xe2, 0x94, 0x80, 0xe2, 0x94, 0x80, 0x20, 0x73, 0x72, 0x63, 0x2f, 0x0a, 0xe2, 0x94, 0x82, 0x20
  .byte 0x20, 0x20, 0xe2, 0x94, 0x9c, 0xe2, 0x94, 0x80, 0xe2, 0x94, 0x80, 0x20, 0x61, 0x70, 0x70, 0x2f
  .byte 0x0a, 0xe2, 0x94, 0x82, 0x20, 0x20, 0x20, 0xe2, 0x94, 0x82, 0x20, 0x20, 0x20, 0xe2, 0x94, 0x9c
  .byte 0xe2, 0x94, 0x80, 0xe2, 0x94, 0x80, 0x20, 0x61, 0x70, 0x69, 0x2f, 0x63, 0x68, 0x61, 0x74, 0x2f
  .byte 0x72, 0x6f, 0x75, 0x74, 0x65, 0x2e, 0x74, 0x73, 0x20, 0x20, 0x20, 0x20, 0x20, 0x20, 0x23, 0x20
  .byte 0x53, 0x74, 0x72, 0x65, 0x61, 0x6d, 0x69, 0x6e, 0x67, 0x20, 0x65, 0x6e, 0x64, 0x70, 0x6f, 0x69
  .byte 0x6e, 0x74, 0x20, 0x28, 0x4f, 0x70, 0x65, 0x6e, 0x41, 0x49, 0x20, 0x53, 0x44, 0x4b, 0x20, 0x2b
  .byte 0x20, 0x53, 0x53, 0x45, 0x2c, 0x20, 0x6e, 0x6f, 0x20, 0x74, 0x6f, 0x6f, 0x6c, 0x73, 0x29, 0x0a
  .byte 0xe2, 0x94, 0x82, 0x20, 0x20, 0x20, 0xe2, 0x94, 0x82, 0x20, 0x20, 0x20, 0xe2, 0x94, 0x9c, 0xe2
  .byte 0x94, 0x80, 0xe2, 0x94, 0x80, 0x20, 0x70, 0x61, 0x67, 0x65, 0x2e, 0x74, 0x73, 0x78, 0x20, 0x20
  .byte 0x20, 0x20, 0x20, 0x20, 0x20, 0x20, 0x20, 0x20, 0x20, 0x20, 0x20, 0x20, 0x20, 0x23, 0x20, 0x54
  .byte 0x77, 0x6f, 0x2d, 0x63, 0x6f, 0x6c, 0x75, 0x6d, 0x6e, 0x20, 0x66, 0x6f, 0x72, 0x6d, 0x20, 0x67
  .byte 0x65, 0x6e, 0x65, 0x72, 0x61, 0x74, 0x6f, 0x72, 0x20, 0x55, 0x49, 0x0a, 0xe2, 0x94, 0x82, 0x20
  .byte 0x20, 0x20, 0xe2, 0x94, 0x82, 0x20, 0x20, 0x20, 0xe2, 0x94, 0x9c, 0xe2, 0x94, 0x80, 0xe2, 0x94
  .byte 0x80, 0x20, 0x6c, 0x61, 0x79, 0x6f, 0x75, 0x74, 0x2e, 0x74, 0x73, 0x78, 0x20, 0x20, 0x20, 0x20
  .byte 0x20, 0x20, 0x20, 0x20, 0x20, 0x20, 0x20, 0x20, 0x20, 0x23, 0x20, 0x52, 0x6f, 0x6f, 0x74, 0x20
  .byte 0x6c, 0x61, 0x79, 0x6f, 0x75, 0x74, 0x20, 0x28, 0x6e, 0x6f, 0x20, 0x65, 0x78, 0x74, 0x65, 0x72
  .byte 0x6e, 0x61, 0x6c, 0x20, 0x70, 0x72, 0x6f, 0x76, 0x69, 0x64, 0x65, 0x72, 0x20, 0x6e, 0x65, 0x65
  .byte 0x64, 0x65, 0x64, 0x29, 0x0a, 0xe2, 0x94, 0x82, 0x20, 0x20, 0x20, 0xe2, 0x94, 0x82, 0x20, 0x20
  .byte 0x20, 0xe2, 0x94, 0x94, 0xe2, 0x94, 0x80, 0xe2, 0x94, 0x80, 0x20, 0x67, 0x6c, 0x6f, 0x62, 0x61
  .byte 0x6c, 0x73, 0x2e, 0x63, 0x73, 0x73, 0x20, 0x20, 0x20, 0x20, 0x20, 0x20, 0x20, 0x20, 0x20, 0x20
  .byte 0x20, 0x20, 0x23, 0x20, 0x54, 0x61, 0x69, 0x6c, 0x77, 0x69, 0x6e, 0x64, 0x20, 0x2b, 0x20, 0x48
  .byte 0x65, 0x72, 0x6f, 0x55, 0x49, 0x20, 0x73, 0x74, 0x79, 0x6c, 0x65, 0x73, 0x0a, 0xe2, 0x94, 0x82
  .byte 0x20, 0x20, 0x20, 0xe2, 0x94, 0x9c, 0xe2, 0x94, 0x80, 0xe2, 0x94, 0x80, 0x20, 0x6c, 0x69, 0x62
  .byte 0x2f, 0x0a, 0xe2, 0x94, 0x82, 0x20, 0x20, 0x20, 0xe2, 0x94, 0x82, 0x20, 0x20, 0x20, 0xe2, 0x94
  .byte 0x94, 0xe2, 0x94, 0x80, 0xe2, 0x94, 0x80, 0x20, 0x68, 0x65, 0x72, 0x6f, 0x75, 0x69, 0x2d, 0x67
  .byte 0x65, 0x6e, 0x75, 0x69, 0x2f, 0x20, 0x20, 0x20, 0x20, 0x20, 0x20, 0x20, 0x20, 0x20, 0x20, 0x23
  .byte 0x20, 0x43, 0x75, 0x73, 0x74, 0x6f, 0x6d, 0x20, 0x4f, 0x70, 0x65, 0x6e, 0x55, 0x49, 0x20, 0x63
  .byte 0x6f, 0x6d, 0x70, 0x6f, 0x6e, 0x65, 0x6e, 0x74, 0x20, 0x6c, 0x69, 0x62, 0x72, 0x61, 0x72, 0x79
  .byte 0x0a, 0xe2, 0x94, 0x82, 0x20, 0x20, 0x20, 0xe2, 0x94, 0x82, 0x20, 0x20, 0x20, 0x20, 0x20, 0x20
  .byte 0x20, 0xe2, 0x94, 0x9c, 0xe2, 0x94, 0x80, 0xe2, 0x94, 0x80, 0x20, 0x69, 0x6e, 0x64, 0x65, 0x78
  .byte 0x2e, 0x74, 0x73, 0x78, 0x20, 0x20, 0x20, 0x20, 0x20, 0x20, 0x20, 0x20, 0x20, 0x20, 0x23, 0x20
  .byte 0x4c, 0x69, 0x62, 0x72, 0x61, 0x72, 0x79, 0x20, 0x2b, 0x20, 0x68, 0x65, 0x72, 0x6f, 0x75, 0x69
  .byte 0x46, 0x6f, 0x72, 0x6d, 0x50, 0x72, 0x6f, 0x6d, 0x70, 0x74, 0x4f, 0x70, 0x74, 0x69, 0x6f, 0x6e
  .byte 0x73, 0x20, 0x65, 0x78, 0x70, 0x6f, 0x72, 0x74, 0x0a, 0xe2, 0x94, 0x82, 0x20, 0x20, 0x20, 0xe2
  .byte 0x94, 0x82, 0x20, 0x20, 0x20, 0x20, 0x20, 0x20, 0x20, 0xe2, 0x94, 0x9c, 0xe2, 0x94, 0x80, 0xe2
  .byte 0x94, 0x80, 0x20, 0x61, 0x63, 0x74, 0x69, 0x6f, 0x6e, 0x2e, 0x74, 0x73, 0x20, 0x20, 0x20, 0x20
  .byte 0x20, 0x20, 0x20, 0x20, 0x20, 0x20, 0x23, 0x20, 0x42, 0x75, 0x74, 0x74, 0x6f, 0x6e, 0x20, 0x61
  .byte 0x63, 0x74, 0x69, 0x6f, 0x6e, 0x20, 0x5a, 0x6f, 0x64, 0x20, 0x73, 0x63, 0x68, 0x65, 0x6d, 0x61
  .byte 0x73, 0x0a, 0xe2, 0x94, 0x82, 0x20, 0x20, 0x20, 0xe2, 0x94, 0x82, 0x20, 0x20, 0x20, 0x20, 0x20
  .byte 0x20, 0x20, 0xe2, 0x94, 0x9c, 0xe2, 0x94, 0x80, 0xe2, 0x94, 0x80, 0x20, 0x72, 0x75, 0x6c, 0x65
  .byte 0x73, 0x2e, 0x74, 0x73, 0x20, 0x20, 0x20, 0x20, 0x20, 0x20, 0x20, 0x20, 0x20, 0x20, 0x20, 0x23
  .byte 0x20, 0x46, 0x6f, 0x72, 0x6d, 0x20, 0x76, 0x61, 0x6c, 0x69, 0x64, 0x61, 0x74, 0x69, 0x6f, 0x6e
  .byte 0x20, 0x72, 0x75, 0x6c, 0x65, 0x20, 0x73, 0x63, 0x68, 0x65, 0x6d, 0x61, 0x73, 0x0a, 0xe2, 0x94
  .byte 0x82, 0x20, 0x20, 0x20, 0xe2, 0x94, 0x82, 0x20, 0x20, 0x20, 0x20, 0x20, 0x20, 0x20, 0xe2, 0x94
  .byte 0x94, 0xe2, 0x94, 0x80, 0xe2, 0x94, 0x80, 0x20, 0x63, 0x6f, 0x6d, 0x70, 0x6f, 0x6e, 0x65, 0x6e
  .byte 0x74, 0x73, 0x2f, 0x20, 0x20, 0x20, 0x20, 0x20, 0x20, 0x20, 0x20, 0x23, 0x20, 0x4f, 0x6e, 0x65
  .byte 0x20, 0x66, 0x69, 0x6c, 0x65, 0x20, 0x70, 0x65, 0x72, 0x20, 0x63, 0x6f, 0x6d, 0x70, 0x6f, 0x6e
  .byte 0x65, 0x6e, 0x74, 0x0a, 0xe2, 0x94, 0x82, 0x20, 0x20, 0x20, 0xe2, 0x94, 0x9c, 0xe2, 0x94, 0x80
  .byte 0xe2, 0x94, 0x80, 0x20, 0x67, 0x65, 0x6e, 0x65, 0x72, 0x61, 0x74, 0x65, 0x64, 0x2f, 0x0a, 0xe2
  .byte 0x94, 0x82, 0x20, 0x20, 0x20, 0xe2, 0x94, 0x82, 0x20, 0x20, 0x20, 0xe2, 0x94, 0x94, 0xe2, 0x94
  .byte 0x80, 0xe2, 0x94, 0x80, 0x20, 0x73, 0x79, 0x73, 0x74, 0x65, 0x6d, 0x2d, 0x70, 0x72, 0x6f, 0x6d
  .byte 0x70, 0x74, 0x2e, 0x74, 0x78, 0x74, 0x20, 0x20, 0x20, 0x20, 0x20, 0x20, 0x23, 0x20, 0x41, 0x75
  .byte 0x74, 0x6f, 0x2d, 0x67, 0x65, 0x6e, 0x65, 0x72, 0x61, 0x74, 0x65, 0x64, 0x20, 0xe2, 0x80, 0x94
  .byte 0x20, 0x64, 0x6f, 0x20, 0x6e, 0x6f, 0x74, 0x20, 0x65, 0x64, 0x69, 0x74, 0x20, 0x6d, 0x61, 0x6e
  .byte 0x75, 0x61, 0x6c, 0x6c, 0x79, 0x0a, 0xe2, 0x94, 0x82, 0x20, 0x20, 0x20, 0xe2, 0x94, 0x94, 0xe2
  .byte 0x94, 0x80, 0xe2, 0x94, 0x80, 0x20, 0x6c, 0x69, 0x62, 0x72, 0x61, 0x72, 0x79, 0x2e, 0x74, 0x73
  .byte 0x20, 0x20, 0x20, 0x20, 0x20, 0x20, 0x20, 0x20, 0x20, 0x20, 0x20, 0x20, 0x20, 0x20, 0x20, 0x20
  .byte 0x20, 0x23, 0x20, 0x43, 0x4c, 0x49, 0x20, 0x65, 0x6e, 0x74, 0x72, 0x79, 0x20, 0xe2, 0x80, 0x94
  .byte 0x20, 0x72, 0x65, 0x2d, 0x65, 0x78, 0x70, 0x6f, 0x72, 0x74, 0x73, 0x20, 0x6c, 0x69, 0x62, 0x72
  .byte 0x61, 0x72, 0x79, 0x20, 0x2b, 0x20, 0x70, 0x72, 0x6f, 0x6d, 0x70, 0x74, 0x4f, 0x70, 0x74, 0x69
  .byte 0x6f, 0x6e, 0x73, 0x0a, 0xe2, 0x94, 0x94, 0xe2, 0x94, 0x80, 0xe2, 0x94, 0x80, 0x20, 0x70, 0x61
  .byte 0x63, 0x6b, 0x61, 0x67, 0x65, 0x2e, 0x6a, 0x73, 0x6f, 0x6e, 0x0a, 0x60, 0x60, 0x60, 0x0a, 0x0a
  .byte 0x2d, 0x2d, 0x2d, 0x0a, 0x0a, 0x23, 0x23, 0x20, 0x47, 0x65, 0x74, 0x74, 0x69, 0x6e, 0x67, 0x20
  .byte 0x53, 0x74, 0x61, 0x72, 0x74, 0x65, 0x64, 0x0a, 0x0a, 0x23, 0x23, 0x23, 0x20, 0x50, 0x72, 0x65
  .byte 0x72, 0x65, 0x71, 0x75, 0x69, 0x73, 0x69, 0x74, 0x65, 0x73, 0x0a, 0x0a, 0x2d, 0x20, 0x4e, 0x6f
  .byte 0x64, 0x65, 0x2e, 0x6a, 0x73, 0x20, 0x31, 0x38, 0x2b, 0x0a, 0x2d, 0x20, 0x70, 0x6e, 0x70, 0x6d
  .byte 0x0a, 0x2d, 0x20, 0x41, 0x6e, 0x20, 0x4f, 0x70, 0x65, 0x6e, 0x41, 0x49, 0x20, 0x41, 0x50, 0x49
  .byte 0x20, 0x6b, 0x65, 0x79, 0x0a, 0x0a, 0x23, 0x23, 0x23, 0x20, 0x31, 0x2e, 0x20, 0x49, 0x6e, 0x73
  .byte 0x74, 0x61, 0x6c, 0x6c, 0x20, 0x64, 0x65, 0x70, 0x65, 0x6e, 0x64, 0x65, 0x6e, 0x63, 0x69, 0x65
  .byte 0x73, 0x0a, 0x0a, 0x60, 0x60, 0x60, 0x62, 0x61, 0x73, 0x68, 0x0a, 0x63, 0x64, 0x20, 0x65, 0x78
  .byte 0x61, 0x6d, 0x70, 0x6c, 0x65, 0x73, 0x2f, 0x66, 0x6f, 0x72, 0x6d, 0x2d, 0x67, 0x65, 0x6e, 0x65
  .byte 0x72, 0x61, 0x74, 0x6f, 0x72, 0x0a, 0x70, 0x6e, 0x70, 0x6d, 0x20, 0x69, 0x6e, 0x73, 0x74, 0x61
  .byte 0x6c, 0x6c, 0x0a, 0x60, 0x60, 0x60, 0x0a, 0x0a, 0x23, 0x23, 0x23, 0x20, 0x32, 0x2e, 0x20, 0x43
  .byte 0x6f, 0x6e, 0x66, 0x69, 0x67, 0x75, 0x72, 0x65, 0x20, 0x65, 0x6e, 0x76, 0x69, 0x72, 0x6f, 0x6e
  .byte 0x6d, 0x65, 0x6e, 0x74, 0x0a, 0x0a, 0x43, 0x72, 0x65, 0x61, 0x74, 0x65, 0x20, 0x61, 0x20, 0x60
  .byte 0x2e, 0x65, 0x6e, 0x76, 0x2e, 0x6c, 0x6f, 0x63, 0x61, 0x6c, 0x60, 0x20, 0x66, 0x69, 0x6c, 0x65
  .byte 0x20, 0x69, 0x6e, 0x20, 0x74, 0x68, 0x65, 0x20, 0x60, 0x65, 0x78, 0x61, 0x6d, 0x70, 0x6c, 0x65
  .byte 0x73, 0x2f, 0x66, 0x6f, 0x72, 0x6d, 0x2d, 0x67, 0x65, 0x6e, 0x65, 0x72, 0x61, 0x74, 0x6f, 0x72
  .byte 0x2f, 0x60, 0x20, 0x64, 0x69, 0x72, 0x65, 0x63, 0x74, 0x6f, 0x72, 0x79, 0x3a, 0x0a, 0x0a, 0x60
  .byte 0x60, 0x60, 0x0a, 0x4f, 0x50, 0x45, 0x4e, 0x41, 0x49, 0x5f, 0x41, 0x50, 0x49, 0x5f, 0x4b, 0x45
  .byte 0x59, 0x3d, 0x73, 0x6b, 0x2d, 0x2e, 0x2e, 0x2e, 0x0a, 0x60, 0x60, 0x60, 0x0a, 0x0a, 0x23, 0x23
  .byte 0x23, 0x20, 0x33, 0x2e, 0x20, 0x53, 0x74, 0x61, 0x72, 0x74, 0x20, 0x74, 0x68, 0x65, 0x20, 0x64
  .byte 0x65, 0x76, 0x20, 0x73, 0x65, 0x72, 0x76, 0x65, 0x72, 0x0a, 0x0a, 0x60, 0x60, 0x60, 0x62, 0x61
  .byte 0x73, 0x68, 0x0a, 0x70, 0x6e, 0x70, 0x6d, 0x20, 0x64, 0x65, 0x76, 0x0a, 0x60, 0x60, 0x60, 0x0a
  .byte 0x0a, 0x54, 0x68, 0x69, 0x73, 0x20, 0x72, 0x75, 0x6e, 0x73, 0x20, 0x60, 0x67, 0x65, 0x6e, 0x65
  .byte 0x72, 0x61, 0x74, 0x65, 0x3a, 0x70, 0x72, 0x6f, 0x6d, 0x70, 0x74, 0x60, 0x20, 0x66, 0x69, 0x72
  .byte 0x73, 0x74, 0x20, 0x28, 0x62, 0x75, 0x69, 0x6c, 0x64, 0x73, 0x20, 0x74, 0x68, 0x65, 0x20, 0x4f
  .byte 0x70, 0x65, 0x6e, 0x55, 0x49, 0x20, 0x43, 0x4c, 0x49, 0x2c, 0x20, 0x63, 0x6f, 0x6d, 0x70, 0x69
  .byte 0x6c, 0x65, 0x73, 0x20, 0x60, 0x73, 0x72, 0x63, 0x2f, 0x6c, 0x69, 0x62, 0x72, 0x61, 0x72, 0x79
  .byte 0x2e, 0x74, 0x73, 0x60, 0x20, 0xe2, 0x86, 0x92, 0x20, 0x60, 0x73, 0x72, 0x63, 0x2f, 0x67, 0x65
  .byte 0x6e, 0x65, 0x72, 0x61, 0x74, 0x65, 0x64, 0x2f, 0x73, 0x79, 0x73, 0x74, 0x65, 0x6d, 0x2d, 0x70
  .byte 0x72, 0x6f, 0x6d, 0x70, 0x74, 0x2e, 0x74, 0x78, 0x74, 0x60, 0x29, 0x20, 0x74, 0x68, 0x65, 0x6e
  .byte 0x20, 0x73, 0x74, 0x61, 0x72, 0x74, 0x73, 0x20, 0x74, 0x68, 0x65, 0x20, 0x4e, 0x65, 0x78, 0x74
  .byte 0x2e, 0x6a, 0x73, 0x20, 0x64, 0x65, 0x76, 0x20, 0x73, 0x65, 0x72, 0x76, 0x65, 0x72, 0x20, 0x61
  .byte 0x74, 0x20, 0x60, 0x68, 0x74, 0x74, 0x70, 0x3a, 0x2f, 0x2f, 0x6c, 0x6f, 0x63, 0x61, 0x6c, 0x68
  .byte 0x6f, 0x73, 0x74, 0x3a, 0x33, 0x30, 0x30, 0x30, 0x60, 0x2e, 0x0a, 0x0a, 0x2d, 0x2d, 0x2d, 0x0a
  .byte 0x0a, 0x23, 0x23, 0x20, 0x57, 0x68, 0x61, 0x74, 0x27, 0x73, 0x20, 0x69, 0x6e, 0x20, 0x54, 0x68
  .byte 0x69, 0x73, 0x20, 0x45, 0x78, 0x61, 0x6d, 0x70, 0x6c, 0x65, 0x0a, 0x0a, 0x23, 0x23, 0x23, 0x20
  .byte 0x53, 0x79, 0x73, 0x74, 0x65, 0x6d, 0x20, 0x50, 0x72, 0x6f, 0x6d, 0x70, 0x74, 0x20, 0x47, 0x65
  .byte 0x6e, 0x65, 0x72, 0x61, 0x74, 0x69, 0x6f, 0x6e, 0x0a, 0x0a, 0x43, 0x6f, 0x6d, 0x70, 0x6f, 0x6e
  .byte 0x65, 0x6e, 0x74, 0x20, 0x64, 0x65, 0x66, 0x69, 0x6e, 0x69, 0x74, 0x69, 0x6f, 0x6e, 0x73, 0x20
  .byte 0x61, 0x6e, 0x64, 0x20, 0x66, 0x6f, 0x72, 0x6d, 0x2d, 0x66, 0x6f, 0x63, 0x75, 0x73, 0x65, 0x64
  .byte 0x20, 0x70, 0x72, 0x6f, 0x6d, 0x70, 0x74, 0x20, 0x6f, 0x70, 0x74, 0x69, 0x6f, 0x6e, 0x73, 0x20
  .byte 0x6c, 0x69, 0x76, 0x65, 0x20, 0x69, 0x6e, 0x20, 0x60, 0x73, 0x72, 0x63, 0x2f, 0x6c, 0x69, 0x62
  .byte 0x2f, 0x68, 0x65, 0x72, 0x6f, 0x75, 0x69, 0x2d, 0x67, 0x65, 0x6e, 0x75, 0x69, 0x2f, 0x69, 0x6e
  .byte 0x64, 0x65, 0x78, 0x2e, 0x74, 0x73, 0x78, 0x60, 0x20, 0x28, 0x60, 0x63, 0x72, 0x65, 0x61, 0x74
  .byte 0x65, 0x4c, 0x69, 0x62, 0x72, 0x61, 0x72, 0x79, 0x28, 0x29, 0x60, 0x2c, 0x20, 0x60, 0x68, 0x65
  .byte 0x72, 0x6f, 0x75, 0x69, 0x46, 0x6f, 0x72, 0x6d, 0x50, 0x72, 0x6f, 0x6d, 0x70, 0x74, 0x4f, 0x70
  .byte 0x74, 0x69, 0x6f, 0x6e, 0x73, 0x60, 0x29, 0x2e, 0x20, 0x54, 0x68, 0x65, 0x20, 0x66, 0x69, 0x6c
  .byte 0x65, 0x20, 0x60, 0x73, 0x72, 0x63, 0x2f, 0x6c, 0x69, 0x62, 0x72, 0x61, 0x72, 0x79, 0x2e, 0x74
  .byte 0x73, 0x60, 0x20, 0x72, 0x65, 0x2d, 0x65, 0x78, 0x70, 0x6f, 0x72, 0x74, 0x73, 0x20, 0x74, 0x68
  .byte 0x65, 0x6d, 0x20, 0x61, 0x73, 0x20, 0x60, 0x6c, 0x69, 0x62, 0x72, 0x61, 0x72, 0x79, 0x60, 0x20
  .byte 0x61, 0x6e, 0x64, 0x20, 0x60, 0x70, 0x72, 0x6f, 0x6d, 0x70, 0x74, 0x4f, 0x70, 0x74, 0x69, 0x6f
  .byte 0x6e, 0x73, 0x60, 0x20, 0x66, 0x6f, 0x72, 0x20, 0x74, 0x68, 0x65, 0x20, 0x4f, 0x70, 0x65, 0x6e
  .byte 0x55, 0x49, 0x20, 0x43, 0x4c, 0x49, 0x2e, 0x0a, 0x0a, 0x57, 0x68, 0x65, 0x6e, 0x20, 0x79, 0x6f
  .byte 0x75, 0x20, 0x72, 0x75, 0x6e, 0x20, 0x60, 0x70, 0x6e, 0x70, 0x6d, 0x20, 0x64, 0x65, 0x76, 0x60
  .byte 0x20, 0x6f, 0x72, 0x20, 0x60, 0x70, 0x6e, 0x70, 0x6d, 0x20, 0x67, 0x65, 0x6e, 0x65, 0x72, 0x61
  .byte 0x74, 0x65, 0x3a, 0x70, 0x72, 0x6f, 0x6d, 0x70, 0x74, 0x60, 0x2c, 0x20, 0x74, 0x68, 0x65, 0x20
  .byte 0x43, 0x4c, 0x49, 0x20, 0x67, 0x65, 0x6e, 0x65, 0x72, 0x61, 0x74, 0x65, 0x73, 0x20, 0x60, 0x73
  .byte 0x72, 0x63, 0x2f, 0x67, 0x65, 0x6e, 0x65, 0x72, 0x61, 0x74, 0x65, 0x64, 0x2f, 0x73, 0x79, 0x73
  .byte 0x74, 0x65, 0x6d, 0x2d, 0x70, 0x72, 0x6f, 0x6d, 0x70, 0x74, 0x2e, 0x74, 0x78, 0x74, 0x60, 0x20
  .byte 0xe2, 0x80, 0x94, 0x20, 0x61, 0x20, 0x66, 0x69, 0x6c, 0x65, 0x20, 0x6c, 0x69, 0x73, 0x74, 0x69
  .byte 0x6e, 0x67, 0x20, 0x65, 0x76, 0x65, 0x72, 0x79, 0x20, 0x66, 0x6f, 0x72, 0x6d, 0x20, 0x63, 0x6f
  .byte 0x6d, 0x70, 0x6f, 0x6e, 0x65, 0x6e, 0x74, 0x27, 0x73, 0x20, 0x6e, 0x61, 0x6d, 0x65, 0x2c, 0x20
  .byte 0x70, 0x72, 0x6f, 0x70, 0x20, 0x73, 0x63, 0x68, 0x65, 0x6d, 0x61, 0x2c, 0x20, 0x64, 0x65, 0x73
  .byte 0x63, 0x72, 0x69, 0x70, 0x74, 0x69, 0x6f, 0x6e, 0x2c, 0x20, 0x61, 0x6e, 0x64, 0x20, 0x65, 0x78
  .byte 0x61, 0x6d, 0x70, 0x6c, 0x65, 0x73, 0x2e, 0x20, 0x54, 0x68, 0x69, 0x73, 0x20, 0x69, 0x73, 0x20
  .byte 0x74, 0x68, 0x65, 0x20, 0x4c, 0x4c, 0x4d, 0x27, 0x73, 0x20, 0x73, 0x79, 0x73, 0x74, 0x65, 0x6d
  .byte 0x20, 0x70, 0x72, 0x6f, 0x6d, 0x70, 0x74, 0x2e, 0x0a, 0x0a, 0x60, 0x68, 0x65, 0x72, 0x6f, 0x75
  .byte 0x69, 0x46, 0x6f, 0x72, 0x6d, 0x50, 0x72, 0x6f, 0x6d, 0x70, 0x74, 0x4f, 0x70, 0x74, 0x69, 0x6f
  .byte 0x6e, 0x73, 0x60, 0x20, 0x69, 0x6e, 0x63, 0x6c, 0x75, 0x64, 0x65, 0x73, 0x3a, 0x0a, 0x2d, 0x20
  .byte 0x2a, 0x2a, 0x4e, 0x6f, 0x20, 0x69, 0x6e, 0x6c, 0x69, 0x6e, 0x65, 0x20, 0x65, 0x78, 0x61, 0x6d
  .byte 0x70, 0x6c, 0x65, 0x73, 0x2a, 0x2a, 0x20, 0xe2, 0x80, 0x94, 0x20, 0x74, 0x68, 0x65, 0x20, 0x73
  .byte 0x79, 0x73, 0x74, 0x65, 0x6d, 0x20, 0x70, 0x72, 0x6f, 0x6d, 0x70, 0x74, 0x20, 0x69, 0x73, 0x20
  .byte 0x64, 0x65, 0x72, 0x69, 0x76, 0x65, 0x64, 0x20, 0x70, 0x75, 0x72, 0x65, 0x6c, 0x79, 0x20, 0x66
  .byte 0x72, 0x6f, 0x6d, 0x20, 0x63, 0x6f, 0x6d, 0x70, 0x6f, 0x6e, 0x65, 0x6e, 0x74, 0x20, 0x73, 0x69
  .byte 0x67, 0x6e, 0x61, 0x74, 0x75, 0x72, 0x65, 0x73, 0x20, 0x61, 0x6e, 0x64, 0x20, 0x74, 0x68, 0x65
  .byte 0x20, 0x61, 0x64, 0x64, 0x69, 0x74, 0x69, 0x6f, 0x6e, 0x61, 0x6c, 0x20, 0x72, 0x75, 0x6c, 0x65
  .byte 0x73, 0x20, 0x62, 0x65, 0x6c, 0x6f, 0x77, 0x0a, 0x2d, 0x20, 0x2a, 0x2a, 0x52, 0x75, 0x6c, 0x65
  .byte 0x73, 0x2a, 0x2a, 0x20, 0x74, 0x68, 0x61, 0x74, 0x20, 0x69, 0x6e, 0x73, 0x74, 0x72, 0x75, 0x63
  .byte 0x74, 0x20, 0x74, 0x68, 0x65, 0x20, 0x6d, 0x6f, 0x64, 0x65, 0x6c, 0x20, 0x74, 0x6f, 0x3a, 0x20
  .byte 0x61, 0x6c, 0x77, 0x61, 0x79, 0x73, 0x20, 0x75, 0x73, 0x65, 0x20, 0x60, 0x46, 0x6f, 0x72, 0x6d
  .byte 0x60, 0x20, 0x61, 0x73, 0x20, 0x74, 0x68, 0x65, 0x20, 0x72, 0x6f, 0x6f, 0x74, 0x20, 0x65, 0x6c
  .byte 0x65, 0x6d, 0x65, 0x6e, 0x74, 0x2c, 0x20, 0x61, 0x6c, 0x77, 0x61, 0x79, 0x73, 0x20, 0x69, 0x6e
  .byte 0x63, 0x6c, 0x75, 0x64, 0x65, 0x20, 0x60, 0x42, 0x75, 0x74, 0x74, 0x6f, 0x6e, 0x73, 0x60, 0x20
  .byte 0x77, 0x69, 0x74, 0x68, 0x20, 0x61, 0x20, 0x70, 0x72, 0x69, 0x6d, 0x61, 0x72, 0x79, 0x20, 0x73
  .byte 0x75, 0x62, 0x6d, 0x69, 0x74, 0x2c, 0x20, 0x64, 0x65, 0x66, 0x69, 0x6e, 0x65, 0x20, 0x65, 0x61
  .byte 0x63, 0x68, 0x20, 0x60, 0x46, 0x6f, 0x72, 0x6d, 0x43, 0x6f, 0x6e, 0x74, 0x72, 0x6f, 0x6c, 0x60
  .byte 0x20, 0x61, 0x73, 0x20, 0x69, 0x74, 0x73, 0x20, 0x6f, 0x77, 0x6e, 0x20, 0x72, 0x65, 0x66, 0x65
  .byte 0x72, 0x65, 0x6e, 0x63, 0x65, 0x20, 0x66, 0x6f, 0x72, 0x20, 0x73, 0x74, 0x72, 0x65, 0x61, 0x6d
  .byte 0x69, 0x6e, 0x67, 0x2c, 0x20, 0x74, 0x72, 0x65, 0x61, 0x74, 0x20, 0x66, 0x6f, 0x6c, 0x6c, 0x6f
  .byte 0x77, 0x2d, 0x75, 0x70, 0x20, 0x69, 0x6e, 0x73, 0x74, 0x72, 0x75, 0x63, 0x74, 0x69, 0x6f, 0x6e
  .byte 0x73, 0x20, 0x61, 0x73, 0x20, 0x72, 0x65, 0x66, 0x69, 0x6e, 0x65, 0x6d, 0x65, 0x6e, 0x74, 0x73
  .byte 0x20, 0x6f, 0x66, 0x20, 0x74, 0x68, 0x65, 0x20, 0x63, 0x75, 0x72, 0x72, 0x65, 0x6e, 0x74, 0x20
  .byte 0x66, 0x6f, 0x72, 0x6d, 0x0a, 0x0a, 0x52, 0x65, 0x2d, 0x72, 0x75, 0x6e, 0x20, 0x67, 0x65, 0x6e
  .byte 0x65, 0x72, 0x61, 0x74, 0x69, 0x6f, 0x6e, 0x20, 0x61, 0x6e, 0x79, 0x20, 0x74, 0x69, 0x6d, 0x65
  .byte 0x20, 0x79, 0x6f, 0x75, 0x20, 0x63, 0x68, 0x61, 0x6e, 0x67, 0x65, 0x20, 0x63, 0x6f, 0x6d, 0x70
  .byte 0x6f, 0x6e, 0x65, 0x6e, 0x74, 0x20, 0x64, 0x65, 0x66, 0x69, 0x6e, 0x69, 0x74, 0x69, 0x6f, 0x6e
  .byte 0x73, 0x3a, 0x0a, 0x0a, 0x60, 0x60, 0x60, 0x62, 0x61, 0x73, 0x68, 0x0a, 0x70, 0x6e, 0x70, 0x6d
  .byte 0x20, 0x67, 0x65, 0x6e, 0x65, 0x72, 0x61, 0x74, 0x65, 0x3a, 0x70, 0x72, 0x6f, 0x6d, 0x70, 0x74
  .byte 0x0a, 0x60, 0x60, 0x60, 0x0a, 0x0a, 0x23, 0x23, 0x23, 0x20, 0x60, 0x73, 0x72, 0x63, 0x2f, 0x61
  .byte 0x70, 0x70, 0x2f, 0x61, 0x70, 0x69, 0x2f, 0x63, 0x68, 0x61, 0x74, 0x2f, 0x72, 0x6f, 0x75, 0x74
  .byte 0x65, 0x2e, 0x74, 0x73, 0x60, 0x20, 0xe2, 0x80, 0x94, 0x20, 0x42, 0x61, 0x63, 0x6b, 0x65, 0x6e
  .byte 0x64, 0x0a, 0x0a, 0x41, 0x63, 0x63, 0x65, 0x70, 0x74, 0x73, 0x20, 0x60, 0x50, 0x4f, 0x53, 0x54
  .byte 0x20, 0x2f, 0x61, 0x70, 0x69, 0x2f, 0x63, 0x68, 0x61, 0x74, 0x60, 0x20, 0x77, 0x69, 0x74, 0x68
  .byte 0x20, 0x61, 0x20, 0x60, 0x6d, 0x65, 0x73, 0x73, 0x61, 0x67, 0x65, 0x73, 0x60, 0x20, 0x61, 0x72
  .byte 0x72, 0x61, 0x79, 0x2c, 0x20, 0x70, 0x72, 0x65, 0x70, 0x65, 0x6e, 0x64, 0x73, 0x20, 0x74, 0x68
  .byte 0x65, 0x20, 0x73, 0x79, 0x73, 0x74, 0x65, 0x6d, 0x20, 0x70, 0x72, 0x6f, 0x6d, 0x70, 0x74, 0x2c
  .byte 0x20, 0x61, 0x6e, 0x64, 0x20, 0x73, 0x74, 0x72, 0x65, 0x61, 0x6d, 0x73, 0x20, 0x74, 0x68, 0x65
  .byte 0x20, 0x4c, 0x4c, 0x4d, 0x20, 0x72, 0x65, 0x73, 0x70, 0x6f, 0x6e, 0x73, 0x65, 0x20, 0x61, 0x73
  .byte 0x20, 0x2a, 0x2a, 0x53, 0x65, 0x72, 0x76, 0x65, 0x72, 0x2d, 0x53, 0x65, 0x6e, 0x74, 0x20, 0x45
  .byte 0x76, 0x65, 0x6e, 0x74, 0x73, 0x20, 0x28, 0x53, 0x53, 0x45, 0x29, 0x2a, 0x2a, 0x20, 0x63, 0x6f
  .byte 0x6d, 0x70, 0x61, 0x74, 0x69, 0x62, 0x6c, 0x65, 0x20, 0x77, 0x69, 0x74, 0x68, 0x20, 0x60, 0x6f
  .byte 0x70, 0x65, 0x6e, 0x41, 0x49, 0x41, 0x64, 0x61, 0x70, 0x74, 0x65, 0x72, 0x28, 0x29, 0x60, 0x2e
  .byte 0x0a, 0x0a, 0x54, 0x6f, 0x6f, 0x6c, 0x73, 0x20, 0x61, 0x72, 0x65, 0x20, 0x69, 0x6e, 0x74, 0x65
  .byte 0x6e, 0x74, 0x69, 0x6f, 0x6e, 0x61, 0x6c, 0x6c, 0x79, 0x20, 0x6f, 0x6d, 0x69, 0x74, 0x74, 0x65
  .byte 0x64, 0x20, 0xe2, 0x80, 0x94, 0x20, 0x74, 0x68, 0x65, 0x20, 0x6d, 0x6f, 0x64, 0x65, 0x6c, 0x20
  .byte 0x66, 0x6f, 0x63, 0x75, 0x73, 0x65, 0x73, 0x20, 0x70, 0x75, 0x72, 0x65, 0x6c, 0x79, 0x20, 0x6f
  .byte 0x6e, 0x20, 0x67, 0x65, 0x6e, 0x65, 0x72, 0x61, 0x74, 0x69, 0x6e, 0x67, 0x20, 0x4f, 0x70, 0x65
  .byte 0x6e, 0x55, 0x49, 0x20, 0x4c, 0x61, 0x6e, 0x67, 0x20, 0x66, 0x6f, 0x72, 0x6d, 0x20, 0x64, 0x65
  .byte 0x66, 0x69, 0x6e, 0x69, 0x74, 0x69, 0x6f, 0x6e, 0x73, 0x2e, 0x0a, 0x0a, 0x23, 0x23, 0x23, 0x20
  .byte 0x60, 0x73, 0x72, 0x63, 0x2f, 0x61, 0x70, 0x70, 0x2f, 0x70, 0x61, 0x67, 0x65, 0x2e, 0x74, 0x73
  .byte 0x78, 0x60, 0x20, 0xe2, 0x80, 0x94, 0x20, 0x46, 0x72, 0x6f, 0x6e, 0x74, 0x65, 0x6e, 0x64, 0x0a
  .byte 0x0a, 0x54, 0x77, 0x6f, 0x2d, 0x63, 0x6f, 0x6c, 0x75, 0x6d, 0x6e, 0x20, 0x6c, 0x61, 0x79, 0x6f
  .byte 0x75, 0x74, 0x20, 0x62, 0x75, 0x69, 0x6c, 0x74, 0x20, 0x65, 0x6e, 0x74, 0x69, 0x72, 0x65, 0x6c
  .byte 0x79, 0x20, 0x77, 0x69, 0x74, 0x68, 0x20, 0x60, 0x40, 0x68, 0x65, 0x72, 0x6f, 0x75, 0x69, 0x2f
  .byte 0x72, 0x65, 0x61, 0x63, 0x74, 0x60, 0x3a, 0x0a, 0x0a, 0x7c, 0x20, 0x50, 0x61, 0x6e, 0x65, 0x6c
  .byte 0x20, 0x7c, 0x20, 0x43, 0x6f, 0x6e, 0x74, 0x65, 0x6e, 0x74, 0x73, 0x20, 0x7c, 0x0a, 0x7c, 0x20
  .byte 0x2d, 0x2d, 0x2d, 0x2d, 0x2d, 0x20, 0x7c, 0x20, 0x2d, 0x2d, 0x2d, 0x2d, 0x2d, 0x2d, 0x2d, 0x2d
  .byte 0x20, 0x7c, 0x0a, 0x7c, 0x20, 0x2a, 0x2a, 0x4c, 0x65, 0x66, 0x74, 0x2a, 0x2a, 0x20, 0x7c, 0x20
  .byte 0x60, 0x54, 0x65, 0x78, 0x74, 0x41, 0x72, 0x65, 0x61, 0x60, 0x20, 0x66, 0x6f, 0x72, 0x20, 0x69
  .byte 0x6e, 0x73, 0x74, 0x72, 0x75, 0x63, 0x74, 0x69, 0x6f, 0x6e, 0x73, 0x2c, 0x20, 0x60, 0x42, 0x75
  .byte 0x74, 0x74, 0x6f, 0x6e, 0x60, 0x20, 0x74, 0x6f, 0x20, 0x67, 0x65, 0x6e, 0x65, 0x72, 0x61, 0x74
  .byte 0x65, 0x2f, 0x72, 0x65, 0x66, 0x69, 0x6e, 0x65, 0x2c, 0x20, 0x65, 0x78, 0x61, 0x6d, 0x70, 0x6c
  .byte 0x65, 0x20, 0x60, 0x43, 0x68, 0x69, 0x70, 0x60, 0x73, 0x2c, 0x20, 0x69, 0x6e, 0x73, 0x74, 0x72
  .byte 0x75, 0x63, 0x74, 0x69, 0x6f, 0x6e, 0x20, 0x68, 0x69, 0x73, 0x74, 0x6f, 0x72, 0x79, 0x20, 0x7c
  .byte 0x0a, 0x7c, 0x20, 0x2a, 0x2a, 0x52, 0x69, 0x67, 0x68, 0x74, 0x2a, 0x2a, 0x20, 0x7c, 0x20, 0x60
  .byte 0x3c, 0x52, 0x65, 0x6e, 0x64, 0x65, 0x72, 0x65, 0x72, 0x3e, 0x60, 0x20, 0x69, 0x6e, 0x73, 0x69
  .byte 0x64, 0x65, 0x20, 0x61, 0x20, 0x60, 0x43, 0x61, 0x72, 0x64, 0x60, 0x20, 0xe2, 0x80, 0x94, 0x20
  .byte 0x6c, 0x69, 0x76, 0x65, 0x20, 0x4f, 0x70, 0x65, 0x6e, 0x55, 0x49, 0x20, 0x4c, 0x61, 0x6e, 0x67
  .byte 0x20, 0x70, 0x72, 0x65, 0x76, 0x69, 0x65, 0x77, 0x2c, 0x20, 0x73, 0x63, 0x72, 0x6f, 0x6c, 0x6c
  .byte 0x61, 0x62, 0x6c, 0x65, 0x2c, 0x20, 0x75, 0x70, 0x64, 0x61, 0x74, 0x65, 0x73, 0x20, 0x6f, 0x6e
  .byte 0x20, 0x65, 0x61, 0x63, 0x68, 0x20, 0x69, 0x74, 0x65, 0x72, 0x61, 0x74, 0x69, 0x6f, 0x6e, 0x20
  .byte 0x7c, 0x0a, 0x0a, 0x4b, 0x65, 0x79, 0x20, 0x63, 0x6c, 0x69, 0x65, 0x6e, 0x74, 0x2d, 0x73, 0x69
  .byte 0x64, 0x65, 0x20, 0x73, 0x74, 0x61, 0x74, 0x65, 0x3a, 0x0a, 0x0a, 0x7c, 0x20, 0x53, 0x74, 0x61
  .byte 0x74, 0x65, 0x20, 0x7c, 0x20, 0x50, 0x75, 0x72, 0x70, 0x6f, 0x73, 0x65, 0x20, 0x7c, 0x0a, 0x7c
  .byte 0x20, 0x2d, 0x2d, 0x2d, 0x2d, 0x2d, 0x20, 0x7c, 0x20, 0x2d, 0x2d, 0x2d, 0x2d, 0x2d, 0x2d, 0x2d
  .byte 0x20, 0x7c, 0x0a, 0x7c, 0x20, 0x60, 0x6d, 0x65, 0x73, 0x73, 0x61, 0x67, 0x65, 0x73, 0x60, 0x20
  .byte 0x7c, 0x20, 0x49, 0x6e, 0x2d, 0x6d, 0x65, 0x6d, 0x6f, 0x72, 0x79, 0x20, 0x4f, 0x70, 0x65, 0x6e
  .byte 0x41, 0x49, 0x2d, 0x73, 0x68, 0x61, 0x70, 0x65, 0x64, 0x20, 0x6d, 0x65, 0x73, 0x73, 0x61, 0x67
  .byte 0x65, 0x20, 0x6c, 0x69, 0x73, 0x74, 0x20, 0x73, 0x65, 0x6e, 0x74, 0x20, 0x6f, 0x6e, 0x20, 0x65
  .byte 0x76, 0x65, 0x72, 0x79, 0x20, 0x72, 0x65, 0x71, 0x75, 0x65, 0x73, 0x74, 0x20, 0x7c, 0x0a, 0x7c
  .byte 0x20, 0x60, 0x6c, 0x61, 0x74, 0x65, 0x73, 0x74, 0x43, 0x6f, 0x64, 0x65, 0x60, 0x20, 0x7c, 0x20
  .byte 0x4c, 0x61, 0x73, 0x74, 0x20, 0x61, 0x73, 0x73, 0x69, 0x73, 0x74, 0x61, 0x6e, 0x74, 0x27, 0x73
  .byte 0x20, 0x4f, 0x70, 0x65, 0x6e, 0x55, 0x49, 0x20, 0x4c, 0x61, 0x6e, 0x67, 0x20, 0x74, 0x65, 0x78
  .byte 0x74, 0x3b, 0x20, 0x70, 0x61, 0x73, 0x73, 0x65, 0x64, 0x20, 0x61, 0x73, 0x20, 0x60, 0x52, 0x65
  .byte 0x6e, 0x64, 0x65, 0x72, 0x65, 0x72, 0x60, 0x20, 0x60, 0x72, 0x65, 0x73, 0x70, 0x6f, 0x6e, 0x73
  .byte 0x65, 0x60, 0x20, 0x7c, 0x0a, 0x7c, 0x20, 0x60, 0x73, 0x74, 0x72, 0x65, 0x61, 0x6d, 0x69, 0x6e
  .byte 0x67, 0x43, 0x6f, 0x64, 0x65, 0x60, 0x20, 0x7c, 0x20, 0x41, 0x63, 0x63, 0x75, 0x6d, 0x75, 0x6c
  .byte 0x61, 0x74, 0x65, 0x73, 0x20, 0x74, 0x6f, 0x6b, 0x65, 0x6e, 0x73, 0x20, 0x6c, 0x69, 0x76, 0x65
  .byte 0x3b, 0x20, 0x70, 0x61, 0x73, 0x73, 0x65, 0x64, 0x20, 0x64, 0x75, 0x72, 0x69, 0x6e, 0x67, 0x20
  .byte 0x73, 0x74, 0x72, 0x65, 0x61, 0x6d, 0x69, 0x6e, 0x67, 0x20, 0x7c, 0x0a, 0x7c, 0x20, 0x60, 0x66
  .byte 0x6f, 0x72, 0x6d, 0x46, 0x69, 0x65, 0x6c, 0x64, 0x53, 0x6e, 0x61, 0x70, 0x73, 0x68, 0x6f, 0x74
  .byte 0x60, 0x20, 0x7c, 0x20, 0x43, 0x75, 0x72, 0x72, 0x65, 0x6e, 0x74, 0x20, 0x66, 0x6f, 0x72, 0x6d
  .byte 0x20, 0x66, 0x69, 0x65, 0x6c, 0x64, 0x20, 0x76, 0x61, 0x6c, 0x75, 0x65, 0x73, 0x20, 0x66, 0x72
  .byte 0x6f, 0x6d, 0x20, 0x60, 0x52, 0x65, 0x6e, 0x64, 0x65, 0x72, 0x65, 0x72, 0x60, 0x20, 0x60, 0x6f
  .byte 0x6e, 0x53, 0x74, 0x61, 0x74, 0x65, 0x55, 0x70, 0x64, 0x61, 0x74, 0x65, 0x60, 0x3b, 0x20, 0x75
  .byte 0x73, 0x65, 0x64, 0x20, 0x66, 0x6f, 0x72, 0x20, 0x60, 0x69, 0x6e, 0x69, 0x74, 0x69, 0x61, 0x6c
  .byte 0x53, 0x74, 0x61, 0x74, 0x65, 0x60, 0x20, 0x61, 0x6e, 0x64, 0x20, 0x6f, 0x70, 0x74, 0x69, 0x6f
  .byte 0x6e, 0x61, 0x6c, 0x6c, 0x79, 0x20, 0x70, 0x72, 0x65, 0x70, 0x65, 0x6e, 0x64, 0x65, 0x64, 0x20
  .byte 0x74, 0x6f, 0x20, 0x6e, 0x65, 0x78, 0x74, 0x20, 0x75, 0x73, 0x65, 0x72, 0x20, 0x6d, 0x65, 0x73
  .byte 0x73, 0x61, 0x67, 0x65, 0x20, 0x7c, 0x0a, 0x0a, 0x23, 0x23, 0x23, 0x20, 0x60, 0x73, 0x72, 0x63
  .byte 0x2f, 0x6c, 0x69, 0x62, 0x2f, 0x68, 0x65, 0x72, 0x6f, 0x75, 0x69, 0x2d, 0x67, 0x65, 0x6e, 0x75
  .byte 0x69, 0x2f, 0x60, 0x20, 0xe2, 0x80, 0x94, 0x20, 0x43, 0x75, 0x73, 0x74, 0x6f, 0x6d, 0x20, 0x43
  .byte 0x6f, 0x6d, 0x70, 0x6f, 0x6e, 0x65, 0x6e, 0x74, 0x20, 0x4c, 0x69, 0x62, 0x72, 0x61, 0x72, 0x79
  .byte 0x0a, 0x0a, 0x45, 0x61, 0x63, 0x68, 0x20, 0x63, 0x6f, 0x6d, 0x70, 0x6f, 0x6e, 0x65, 0x6e, 0x74
  .byte 0x20, 0x69, 0x73, 0x20, 0x64, 0x65, 0x66, 0x69, 0x6e, 0x65, 0x64, 0x20, 0x77, 0x69, 0x74, 0x68
  .byte 0x20, 0x60, 0x64, 0x65, 0x66, 0x69, 0x6e, 0x65, 0x43, 0x6f, 0x6d, 0x70, 0x6f, 0x6e, 0x65, 0x6e
  .byte 0x74, 0x28, 0x29, 0x60, 0x20, 0x66, 0x72, 0x6f, 0x6d, 0x20, 0x60, 0x40, 0x6f, 0x70, 0x65, 0x6e
  .byte 0x75, 0x69, 0x64, 0x65, 0x76, 0x2f, 0x72, 0x65, 0x61, 0x63, 0x74, 0x2d, 0x6c, 0x61, 0x6e, 0x67
  .byte 0x60, 0x3a, 0x0a, 0x0a, 0x2d, 0x20, 0x60, 0x6e, 0x61, 0x6d, 0x65, 0x60, 0x20, 0xe2, 0x80, 0x94
  .byte 0x20, 0x74, 0x68, 0x65, 0x20, 0x4f, 0x70, 0x65, 0x6e, 0x55, 0x49, 0x20, 0x4c, 0x61, 0x6e, 0x67
  .byte 0x20, 0x6e, 0x6f, 0x64, 0x65, 0x20, 0x6e, 0x61, 0x6d, 0x65, 0x20, 0x74, 0x68, 0x65, 0x20, 0x4c
  .byte 0x4c, 0x4d, 0x20, 0x77, 0x69, 0x6c, 0x6c, 0x20, 0x65, 0x6d, 0x69, 0x74, 0x0a, 0x2d, 0x20, 0x60
  .byte 0x70, 0x72, 0x6f, 0x70, 0x73, 0x60, 0x20, 0xe2, 0x80, 0x94, 0x20, 0x61, 0x20, 0x5a, 0x6f, 0x64
  .byte 0x20, 0x73, 0x63, 0x68, 0x65, 0x6d, 0x61, 0x20, 0x74, 0x68, 0x61, 0x74, 0x20, 0x76, 0x61, 0x6c
  .byte 0x69, 0x64, 0x61, 0x74, 0x65, 0x73, 0x20, 0x61, 0x6e, 0x64, 0x20, 0x74, 0x79, 0x70, 0x65, 0x73
  .byte 0x20, 0x74, 0x68, 0x65, 0x20, 0x6e, 0x6f, 0x64, 0x65, 0x27, 0x73, 0x20, 0x70, 0x72, 0x6f, 0x70
  .byte 0x73, 0x20, 0x61, 0x73, 0x20, 0x74, 0x68, 0x65, 0x79, 0x20, 0x73, 0x74, 0x72, 0x65, 0x61, 0x6d
  .byte 0x20, 0x69, 0x6e, 0x0a, 0x2d, 0x20, 0x60, 0x64, 0x65, 0x73, 0x63, 0x72, 0x69, 0x70, 0x74, 0x69
  .byte 0x6f, 0x6e, 0x60, 0x20, 0xe2, 0x80, 0x94, 0x20, 0x69, 0x6e, 0x63, 0x6c, 0x75, 0x64, 0x65, 0x64
  .byte 0x20, 0x69, 0x6e, 0x20, 0x74, 0x68, 0x65, 0x20, 0x73, 0x79, 0x73, 0x74, 0x65, 0x6d, 0x20, 0x70
  .byte 0x72, 0x6f, 0x6d, 0x70, 0x74, 0x0a, 0x2d, 0x20, 0x60, 0x63, 0x6f, 0x6d, 0x70, 0x6f, 0x6e, 0x65
  .byte 0x6e, 0x74, 0x60, 0x20, 0xe2, 0x80, 0x94, 0x20, 0x74, 0x68, 0x65, 0x20, 0x52, 0x65, 0x61, 0x63
  .byte 0x74, 0x20, 0x72, 0x65, 0x6e, 0x64, 0x65, 0x72, 0x20, 0x66, 0x75, 0x6e, 0x63, 0x74, 0x69, 0x6f
  .byte 0x6e, 0x3b, 0x20, 0x60, 0x72, 0x65, 0x6e, 0x64, 0x65, 0x72, 0x4e, 0x6f, 0x64, 0x65, 0x28, 0x29
  .byte 0x60, 0x20, 0x72, 0x65, 0x63, 0x75, 0x72, 0x73, 0x69, 0x76, 0x65, 0x6c, 0x79, 0x20, 0x72, 0x65
  .byte 0x6e, 0x64, 0x65, 0x72, 0x73, 0x20, 0x63, 0x68, 0x69, 0x6c, 0x64, 0x20, 0x6e, 0x6f, 0x64, 0x65
  .byte 0x73, 0x0a, 0x0a, 0x23, 0x23, 0x23, 0x23, 0x20, 0x46, 0x6f, 0x72, 0x6d, 0x20, 0x43, 0x6f, 0x6d
  .byte 0x70, 0x6f, 0x6e, 0x65, 0x6e, 0x74, 0x73, 0x0a, 0x0a, 0x7c, 0x20, 0x43, 0x6f, 0x6d, 0x70, 0x6f
  .byte 0x6e, 0x65, 0x6e, 0x74, 0x20, 0x7c, 0x20, 0x48, 0x65, 0x72, 0x6f, 0x55, 0x49, 0x20, 0x42, 0x61
  .byte 0x63, 0x6b, 0x69, 0x6e, 0x67, 0x20, 0x7c, 0x20, 0x50, 0x75, 0x72, 0x70, 0x6f, 0x73, 0x65, 0x20
  .byte 0x7c, 0x0a, 0x7c, 0x20, 0x2d, 0x2d, 0x2d, 0x2d, 0x2d, 0x2d, 0x2d, 0x2d, 0x2d, 0x20, 0x7c, 0x20
  .byte 0x2d, 0x2d, 0x2d, 0x2d, 0x2d, 0x2d, 0x2d, 0x2d, 0x2d, 0x2d, 0x2d, 0x2d, 0x2d, 0x2d, 0x20, 0x7c
  .byte 0x20, 0x2d, 0x2d, 0x2d, 0x2d, 0x2d, 0x2d, 0x2d, 0x20, 0x7c, 0x0a, 0x7c, 0x20, 0x60, 0x46, 0x6f
  .byte 0x72, 0x6d, 0x60, 0x20, 0x7c, 0x20, 0x60, 0x46, 0x6f, 0x72, 0x6d, 0x60, 0x2c, 0x20, 0x60, 0x53
  .byte 0x75, 0x72, 0x66, 0x61, 0x63, 0x65, 0x60, 0x20, 0x7c, 0x20, 0x52, 0x6f, 0x6f, 0x74, 0x20, 0x63
  .byte 0x6f, 0x6e, 0x74, 0x61, 0x69, 0x6e, 0x65, 0x72, 0x20, 0x77, 0x69, 0x74, 0x68, 0x20, 0x74, 0x69
  .byte 0x74, 0x6c, 0x65, 0x2c, 0x20, 0x76, 0x61, 0x6c, 0x69, 0x64, 0x61, 0x74, 0x69, 0x6f, 0x6e, 0x20
  .byte 0x63, 0x6f, 0x6e, 0x74, 0x65, 0x78, 0x74, 0x2c, 0x20, 0x61, 0x6e, 0x64, 0x20, 0x73, 0x75, 0x72
  .byte 0x66, 0x61, 0x63, 0x65, 0x20, 0x62, 0x61, 0x63, 0x6b, 0x67, 0x72, 0x6f, 0x75, 0x6e, 0x64, 0x20
  .byte 0x7c, 0x0a, 0x7c, 0x20, 0x60, 0x46, 0x6f, 0x72, 0x6d, 0x52, 0x6f, 0x77, 0x60, 0x20, 0x7c, 0x20
  .byte 0x60, 0x64, 0x69, 0x76, 0x60, 0x20, 0x7c, 0x20, 0x48, 0x6f, 0x72, 0x69, 0x7a, 0x6f, 0x6e, 0x74
  .byte 0x61, 0x6c, 0x20, 0x72, 0x6f, 0x77, 0x20, 0x66, 0x6f, 0x72, 0x20, 0x73, 0x69, 0x64, 0x65, 0x2d
  .byte 0x62, 0x79, 0x2d, 0x73, 0x69, 0x64, 0x65, 0x20, 0x66, 0x69, 0x65, 0x6c, 0x64, 0x73, 0x20, 0x7c
  .byte 0x0a, 0x7c, 0x20, 0x60, 0x46, 0x6f, 0x72, 0x6d, 0x43, 0x6f, 0x6e, 0x74, 0x72, 0x6f, 0x6c, 0x60
  .byte 0x20, 0x7c, 0x20, 0x60, 0x4c, 0x61, 0x62, 0x65, 0x6c, 0x60, 0x2c, 0x20, 0x60, 0x44, 0x65, 0x73
  .byte 0x63, 0x72, 0x69, 0x70, 0x74, 0x69, 0x6f, 0x6e, 0x60, 0x20, 0x7c, 0x20, 0x4c, 0x61, 0x62, 0x65
  .byte 0x6c, 0x65, 0x64, 0x20, 0x66, 0x69, 0x65, 0x6c, 0x64, 0x20, 0x77, 0x72, 0x61, 0x70, 0x70, 0x65
  .byte 0x72, 0x20, 0x7c, 0x0a, 0x7c, 0x20, 0x60, 0x49, 0x6e, 0x70, 0x75, 0x74, 0x60, 0x20, 0x7c, 0x20
  .byte 0x60, 0x49, 0x6e, 0x70, 0x75, 0x74, 0x60, 0x20, 0x7c, 0x20, 0x54, 0x65, 0x78, 0x74, 0x2c, 0x20
  .byte 0x65, 0x6d, 0x61, 0x69, 0x6c, 0x2c, 0x20, 0x70, 0x61, 0x73, 0x73, 0x77, 0x6f, 0x72, 0x64, 0x2c
  .byte 0x20, 0x65, 0x74, 0x63, 0x2e, 0x20, 0x7c, 0x0a, 0x7c, 0x20, 0x60, 0x54, 0x65, 0x78, 0x74, 0x41
  .byte 0x72, 0x65, 0x61, 0x60, 0x20, 0x7c, 0x20, 0x60, 0x54, 0x65, 0x78, 0x74, 0x41, 0x72, 0x65, 0x61
  .byte 0x60, 0x20, 0x7c, 0x20, 0x4d, 0x75, 0x6c, 0x74, 0x69, 0x2d, 0x6c, 0x69, 0x6e, 0x65, 0x20, 0x74
  .byte 0x65, 0x78, 0x74, 0x20, 0x7c, 0x0a, 0x7c, 0x20, 0x60, 0x53, 0x65, 0x6c, 0x65, 0x63, 0x74, 0x60
  .byte 0x20, 0x2f, 0x20, 0x60, 0x53, 0x65, 0x6c, 0x65, 0x63, 0x74, 0x49, 0x74, 0x65, 0x6d, 0x60, 0x20
  .byte 0x7c, 0x20, 0x60, 0x53, 0x65, 0x6c, 0x65, 0x63, 0x74, 0x60, 0x2c, 0x20, 0x60, 0x4c, 0x69, 0x73
  .byte 0x74, 0x42, 0x6f, 0x78, 0x60, 0x20, 0x7c, 0x20, 0x44, 0x72, 0x6f, 0x70, 0x64, 0x6f, 0x77, 0x6e
  .byte 0x20, 0x7c, 0x0a, 0x7c, 0x20, 0x60, 0x4e, 0x75, 0x6d, 0x62, 0x65, 0x72, 0x46, 0x69, 0x65, 0x6c
  .byte 0x64, 0x60, 0x20, 0x7c, 0x20, 0x60, 0x4e, 0x75, 0x6d, 0x62, 0x65, 0x72, 0x46, 0x69, 0x65, 0x6c
  .byte 0x64, 0x60, 0x20, 0x7c, 0x20, 0x4e, 0x75, 0x6d, 0x65, 0x72, 0x69, 0x63, 0x20, 0x69, 0x6e, 0x70
  .byte 0x75, 0x74, 0x20, 0x77, 0x69, 0x74, 0x68, 0x20, 0x73, 0x74, 0x65, 0x70, 0x70, 0x65, 0x72, 0x20
  .byte 0x7c, 0x0a, 0x7c, 0x20, 0x60, 0x53, 0x6c, 0x69, 0x64, 0x65, 0x72, 0x60, 0x20, 0x7c, 0x20, 0x60
  .byte 0x53, 0x6c, 0x69, 0x64, 0x65, 0x72, 0x60, 0x20, 0x7c, 0x20, 0x52, 0x61, 0x6e, 0x67, 0x65, 0x20
  .byte 0x69, 0x6e, 0x70, 0x75, 0x74, 0x20, 0x7c, 0x0a, 0x7c, 0x20, 0x60, 0x43, 0x68, 0x65, 0x63, 0x6b
  .byte 0x42, 0x6f, 0x78, 0x47, 0x72, 0x6f, 0x75, 0x70, 0x60, 0x20, 0x2f, 0x20, 0x60, 0x43, 0x68, 0x65
  .byte 0x63, 0x6b, 0x42, 0x6f, 0x78, 0x49, 0x74, 0x65, 0x6d, 0x60, 0x20, 0x7c, 0x20, 0x60, 0x43, 0x68
  .byte 0x65, 0x63, 0x6b, 0x62, 0x6f, 0x78, 0x47, 0x72, 0x6f, 0x75, 0x70, 0x60, 0x2c, 0x20, 0x60, 0x43
  .byte 0x68, 0x65, 0x63, 0x6b, 0x62, 0x6f, 0x78, 0x60, 0x20, 0x7c, 0x20, 0x4d, 0x75, 0x6c, 0x74, 0x69
  .byte 0x2d, 0x73, 0x65, 0x6c, 0x65, 0x63, 0x74, 0x20, 0x7c, 0x0a, 0x7c, 0x20, 0x60, 0x52, 0x61, 0x64
  .byte 0x69, 0x6f, 0x47, 0x72, 0x6f, 0x75, 0x70, 0x60, 0x20, 0x2f, 0x20, 0x60, 0x52, 0x61, 0x64, 0x69
  .byte 0x6f, 0x49, 0x74, 0x65, 0x6d, 0x60, 0x20, 0x7c, 0x20, 0x60, 0x52, 0x61, 0x64, 0x69, 0x6f, 0x47
  .byte 0x72, 0x6f, 0x75, 0x70, 0x60, 0x2c, 0x20, 0x60, 0x52, 0x61, 0x64, 0x69, 0x6f, 0x60, 0x20, 0x7c
  .byte 0x20, 0x53, 0x69, 0x6e, 0x67, 0x6c, 0x65, 0x2d, 0x73, 0x65, 0x6c, 0x65, 0x63, 0x74, 0x20, 0x7c
  .byte 0x0a, 0x7c, 0x20, 0x60, 0x53, 0x77, 0x69, 0x74, 0x63, 0x68, 0x47, 0x72, 0x6f, 0x75, 0x70, 0x60
  .byte 0x20, 0x2f, 0x20, 0x60, 0x53, 0x77, 0x69, 0x74, 0x63, 0x68, 0x49, 0x74, 0x65, 0x6d, 0x60, 0x20
  .byte 0x7c, 0x20, 0x60, 0x53, 0x77, 0x69, 0x74, 0x63, 0x68, 0x60, 0x20, 0x7c, 0x20, 0x54, 0x6f, 0x67
  .byte 0x67, 0x6c, 0x65, 0x20, 0x73, 0x77, 0x69, 0x74, 0x63, 0x68, 0x65, 0x73, 0x20, 0x7c, 0x0a, 0x7c
  .byte 0x20, 0x60, 0x42, 0x75, 0x74, 0x74, 0x6f, 0x6e, 0x60, 0x20, 0x2f, 0x20, 0x60, 0x42, 0x75, 0x74
  .byte 0x74, 0x6f, 0x6e, 0x73, 0x60, 0x20, 0x7c, 0x20, 0x60, 0x42, 0x75, 0x74, 0x74, 0x6f, 0x6e, 0x60
  .byte 0x2c, 0x20, 0x60, 0x42, 0x75, 0x74, 0x74, 0x6f, 0x6e, 0x47, 0x72, 0x6f, 0x75, 0x70, 0x60, 0x20
  .byte 0x7c, 0x20, 0x53, 0x75, 0x62, 0x6d, 0x69, 0x74, 0x20, 0x61, 0x6e, 0x64, 0x20, 0x61, 0x63, 0x74
  .byte 0x69, 0x6f, 0x6e, 0x20, 0x62, 0x75, 0x74, 0x74, 0x6f, 0x6e, 0x73, 0x20, 0x7c, 0x0a, 0x0a, 0x2d
  .byte 0x2d, 0x2d, 0x0a, 0x0a, 0x23, 0x23, 0x20, 0x53, 0x63, 0x72, 0x69, 0x70, 0x74, 0x73, 0x0a, 0x0a
  .byte 0x7c, 0x20, 0x53, 0x63, 0x72, 0x69, 0x70, 0x74, 0x20, 0x7c, 0x20, 0x44, 0x65, 0x73, 0x63, 0x72
  .byte 0x69, 0x70, 0x74, 0x69, 0x6f, 0x6e, 0x20, 0x7c, 0x0a, 0x7c, 0x20, 0x2d, 0x2d, 0x2d, 0x2d, 0x2d
  .byte 0x2d, 0x20, 0x7c, 0x20, 0x2d, 0x2d, 0x2d, 0x2d, 0x2d, 0x2d, 0x2d, 0x2d, 0x2d, 0x2d, 0x2d, 0x20
  .byte 0x7c, 0x0a, 0x7c, 0x20, 0x60, 0x70, 0x6e, 0x70, 0x6d, 0x20, 0x64, 0x65, 0x76, 0x60, 0x20, 0x7c
  .byte 0x20, 0x42, 0x75, 0x69, 0x6c, 0x64, 0x20, 0x4f, 0x70, 0x65, 0x6e, 0x55, 0x49, 0x20, 0x43, 0x4c
  .byte 0x49, 0x2c, 0x20, 0x67, 0x65, 0x6e, 0x65, 0x72, 0x61, 0x74, 0x65, 0x20, 0x73, 0x79, 0x73, 0x74
  .byte 0x65, 0x6d, 0x20, 0x70, 0x72, 0x6f, 0x6d, 0x70, 0x74, 0x2c, 0x20, 0x73, 0x74, 0x61, 0x72, 0x74
  .byte 0x20, 0x4e, 0x65, 0x78, 0x74, 0x2e, 0x6a, 0x73, 0x20, 0x64, 0x65, 0x76, 0x20, 0x73, 0x65, 0x72
  .byte 0x76, 0x65, 0x72, 0x20, 0x7c, 0x0a, 0x7c, 0x20, 0x60, 0x70, 0x6e, 0x70, 0x6d, 0x20, 0x67, 0x65
  .byte 0x6e, 0x65, 0x72, 0x61, 0x74, 0x65, 0x3a, 0x70, 0x72, 0x6f, 0x6d, 0x70, 0x74, 0x60, 0x20, 0x7c
  .byte 0x20, 0x42, 0x75, 0x69, 0x6c, 0x64, 0x20, 0x60, 0x40, 0x6f, 0x70, 0x65, 0x6e, 0x75, 0x69, 0x64
  .byte 0x65, 0x76, 0x2f, 0x63, 0x6c, 0x69, 0x60, 0x20, 0x61, 0x6e, 0x64, 0x20, 0x72, 0x65, 0x67, 0x65
  .byte 0x6e, 0x65, 0x72, 0x61, 0x74, 0x65, 0x20, 0x60, 0x73, 0x79, 0x73, 0x74, 0x65, 0x6d, 0x2d, 0x70
  .byte 0x72, 0x6f, 0x6d, 0x70, 0x74, 0x2e, 0x74, 0x78, 0x74, 0x60, 0x20, 0x7c, 0x0a, 0x7c, 0x20, 0x60
  .byte 0x70, 0x6e, 0x70, 0x6d, 0x20, 0x62, 0x75, 0x69, 0x6c, 0x64, 0x60, 0x20, 0x7c, 0x20, 0x42, 0x75
  .byte 0x69, 0x6c, 0x64, 0x20, 0x66, 0x6f, 0x72, 0x20, 0x70, 0x72, 0x6f, 0x64, 0x75, 0x63, 0x74, 0x69
  .byte 0x6f, 0x6e, 0x20, 0x7c, 0x0a, 0x7c, 0x20, 0x60, 0x70, 0x6e, 0x70, 0x6d, 0x20, 0x73, 0x74, 0x61
  .byte 0x72, 0x74, 0x60, 0x20, 0x7c, 0x20, 0x53, 0x74, 0x61, 0x72, 0x74, 0x20, 0x74, 0x68, 0x65, 0x20
  .byte 0x70, 0x72, 0x6f, 0x64, 0x75, 0x63, 0x74, 0x69, 0x6f, 0x6e, 0x20, 0x73, 0x65, 0x72, 0x76, 0x65
  .byte 0x72, 0x20, 0x7c, 0x0a, 0x0a, 0x2d, 0x2d, 0x2d, 0x0a, 0x0a, 0x23, 0x23, 0x20, 0x4c, 0x65, 0x61
  .byte 0x72, 0x6e, 0x20, 0x4d, 0x6f, 0x72, 0x65, 0x0a, 0x0a, 0x2d, 0x20, 0x5b, 0x4f, 0x70, 0x65, 0x6e
  .byte 0x55, 0x49, 0x20, 0x4c, 0x61, 0x6e, 0x67, 0x20, 0x6f, 0x76, 0x65, 0x72, 0x76, 0x69, 0x65, 0x77
  .byte 0x5d, 0x28, 0x68, 0x74, 0x74, 0x70, 0x73, 0x3a, 0x2f, 0x2f, 0x77, 0x77, 0x77, 0x2e, 0x6f, 0x70
  .byte 0x65, 0x6e, 0x75, 0x69, 0x2e, 0x63, 0x6f, 0x6d, 0x2f, 0x64, 0x6f, 0x63, 0x73, 0x2f, 0x6f, 0x70
  .byte 0x65, 0x6e, 0x75, 0x69, 0x2d, 0x6c, 0x61, 0x6e, 0x67, 0x2f, 0x6f, 0x76, 0x65, 0x72, 0x76, 0x69
  .byte 0x65, 0x77, 0x29, 0x20, 0xe2, 0x80, 0x94, 0x20, 0x4c, 0x69, 0x62, 0x72, 0x61, 0x72, 0x79, 0x2c
  .byte 0x20, 0x50, 0x72, 0x6f, 0x6d, 0x70, 0x74, 0x20, 0x47, 0x65, 0x6e, 0x65, 0x72, 0x61, 0x74, 0x6f
  .byte 0x72, 0x2c, 0x20, 0x50, 0x61, 0x72, 0x73, 0x65, 0x72, 0x2c, 0x20, 0x52, 0x65, 0x6e, 0x64, 0x65
  .byte 0x72, 0x65, 0x72, 0x0a, 0x2d, 0x20, 0x5b, 0x44, 0x65, 0x66, 0x69, 0x6e, 0x69, 0x6e, 0x67, 0x20
  .byte 0x43, 0x6f, 0x6d, 0x70, 0x6f, 0x6e, 0x65, 0x6e, 0x74, 0x73, 0x5d, 0x28, 0x68, 0x74, 0x74, 0x70
  .byte 0x73, 0x3a, 0x2f, 0x2f, 0x77, 0x77, 0x77, 0x2e, 0x6f, 0x70, 0x65, 0x6e, 0x75, 0x69, 0x2e, 0x63
  .byte 0x6f, 0x6d, 0x2f, 0x64, 0x6f, 0x63, 0x73, 0x2f, 0x6f, 0x70, 0x65, 0x6e, 0x75, 0x69, 0x2d, 0x6c
  .byte 0x61, 0x6e, 0x67, 0x2f, 0x64, 0x65, 0x66, 0x69, 0x6e, 0x69, 0x6e, 0x67, 0x2d, 0x63, 0x6f, 0x6d
  .byte 0x70, 0x6f, 0x6e, 0x65, 0x6e, 0x74, 0x73, 0x29, 0x20, 0xe2, 0x80, 0x94, 0x20, 0x60, 0x64, 0x65
  .byte 0x66, 0x69, 0x6e, 0x65, 0x43, 0x6f, 0x6d, 0x70, 0x6f, 0x6e, 0x65, 0x6e, 0x74, 0x60, 0x20, 0x61
  .byte 0x6e, 0x64, 0x20, 0x60, 0x63, 0x72, 0x65, 0x61, 0x74, 0x65, 0x4c, 0x69, 0x62, 0x72, 0x61, 0x72
  .byte 0x79, 0x60, 0x20, 0x41, 0x50, 0x49, 0x0a, 0x2d, 0x20, 0x5b, 0x48, 0x65, 0x72, 0x6f, 0x55, 0x49
  .byte 0x5d, 0x28, 0x68, 0x74, 0x74, 0x70, 0x73, 0x3a, 0x2f, 0x2f, 0x77, 0x77, 0x77, 0x2e, 0x68, 0x65
  .byte 0x72, 0x6f, 0x75, 0x69, 0x2e, 0x63, 0x6f, 0x6d, 0x2f, 0x29, 0x20, 0xe2, 0x80, 0x94, 0x20, 0x74
  .byte 0x68, 0x65, 0x20, 0x75, 0x6e, 0x64, 0x65, 0x72, 0x6c, 0x79, 0x69, 0x6e, 0x67, 0x20, 0x52, 0x65
  .byte 0x61, 0x63, 0x74, 0x20, 0x63, 0x6f, 0x6d, 0x70, 0x6f, 0x6e, 0x65, 0x6e, 0x74, 0x20, 0x6c, 0x69
  .byte 0x62, 0x72, 0x61, 0x72, 0x79, 0x0a, 0x2d, 0x20, 0x5b, 0x60, 0x40, 0x6f, 0x70, 0x65, 0x6e, 0x75
  .byte 0x69, 0x64, 0x65, 0x76, 0x2f, 0x72, 0x65, 0x61, 0x63, 0x74, 0x2d, 0x6c, 0x61, 0x6e, 0x67, 0x60
  .byte 0x20, 0x70, 0x61, 0x63, 0x6b, 0x61, 0x67, 0x65, 0x5d, 0x28, 0x2e, 0x2e, 0x2f, 0x2e, 0x2e, 0x2f
  .byte 0x70, 0x61, 0x63, 0x6b, 0x61, 0x67, 0x65, 0x73, 0x2f, 0x72, 0x65, 0x61, 0x63, 0x74, 0x2d, 0x6c
  .byte 0x61, 0x6e, 0x67, 0x29, 0x0a, 0x2d, 0x20, 0x5b, 0x60, 0x40, 0x6f, 0x70, 0x65, 0x6e, 0x75, 0x69
  .byte 0x64, 0x65, 0x76, 0x2f, 0x72, 0x65, 0x61, 0x63, 0x74, 0x2d, 0x68, 0x65, 0x61, 0x64, 0x6c, 0x65
  .byte 0x73, 0x73, 0x60, 0x20, 0x70, 0x61, 0x63, 0x6b, 0x61, 0x67, 0x65, 0x5d, 0x28, 0x2e, 0x2e, 0x2f
  .byte 0x2e, 0x2e, 0x2f, 0x70, 0x61, 0x63, 0x6b, 0x61, 0x67, 0x65, 0x73, 0x2f, 0x72, 0x65, 0x61, 0x63
  .byte 0x74, 0x2d, 0x68, 0x65, 0x61, 0x64, 0x6c, 0x65, 0x73, 0x73, 0x29, 0x0a

  .globl openui_full_port_examples_form_generator_README_md_ee6c1ab0ec34_pass_3_len
openui_full_port_examples_form_generator_README_md_ee6c1ab0ec34_pass_3_len:
  .quad 10140

# assembly pass: 4/4
  .globl openui_full_port_examples_form_generator_README_md_ee6c1ab0ec34_pass_4
openui_full_port_examples_form_generator_README_md_ee6c1ab0ec34_pass_4:
  .byte 0x23, 0x20, 0x48, 0x65, 0x72, 0x6f, 0x55, 0x49, 0x20, 0x46, 0x6f, 0x72, 0x6d, 0x20, 0x47, 0x65
  .byte 0x6e, 0x65, 0x72, 0x61, 0x74, 0x6f, 0x72, 0x20, 0x45, 0x78, 0x61, 0x6d, 0x70, 0x6c, 0x65, 0x0a
  .byte 0x0a, 0x41, 0x20, 0x66, 0x75, 0x6c, 0x6c, 0x2d, 0x73, 0x74, 0x61, 0x63, 0x6b, 0x20, 0x2a, 0x2a
  .byte 0x67, 0x65, 0x6e, 0x65, 0x72, 0x61, 0x74, 0x69, 0x76, 0x65, 0x20, 0x66, 0x6f, 0x72, 0x6d, 0x20
  .byte 0x62, 0x75, 0x69, 0x6c, 0x64, 0x65, 0x72, 0x2a, 0x2a, 0x20, 0x74, 0x68, 0x61, 0x74, 0x20, 0x64
  .byte 0x65, 0x6d, 0x6f, 0x6e, 0x73, 0x74, 0x72, 0x61, 0x74, 0x65, 0x73, 0x20, 0x77, 0x69, 0x72, 0x69
  .byte 0x6e, 0x67, 0x20, 0x5b, 0x4f, 0x70, 0x65, 0x6e, 0x55, 0x49, 0x20, 0x4c, 0x61, 0x6e, 0x67, 0x5d
  .byte 0x28, 0x68, 0x74, 0x74, 0x70, 0x73, 0x3a, 0x2f, 0x2f, 0x77, 0x77, 0x77, 0x2e, 0x6f, 0x70, 0x65
  .byte 0x6e, 0x75, 0x69, 0x2e, 0x63, 0x6f, 0x6d, 0x2f, 0x64, 0x6f, 0x63, 0x73, 0x2f, 0x6f, 0x70, 0x65
  .byte 0x6e, 0x75, 0x69, 0x2d, 0x6c, 0x61, 0x6e, 0x67, 0x2f, 0x6f, 0x76, 0x65, 0x72, 0x76, 0x69, 0x65
  .byte 0x77, 0x29, 0x20, 0x74, 0x6f, 0x20, 0x61, 0x20, 0x63, 0x75, 0x73, 0x74, 0x6f, 0x6d, 0x20, 0x63
  .byte 0x6f, 0x6d, 0x70, 0x6f, 0x6e, 0x65, 0x6e, 0x74, 0x20, 0x6c, 0x69, 0x62, 0x72, 0x61, 0x72, 0x79
  .byte 0x20, 0x62, 0x75, 0x69, 0x6c, 0x74, 0x20, 0x6f, 0x6e, 0x20, 0x5b, 0x48, 0x65, 0x72, 0x6f, 0x55
  .byte 0x49, 0x5d, 0x28, 0x68, 0x74, 0x74, 0x70, 0x73, 0x3a, 0x2f, 0x2f, 0x77, 0x77, 0x77, 0x2e, 0x68
  .byte 0x65, 0x72, 0x6f, 0x75, 0x69, 0x2e, 0x63, 0x6f, 0x6d, 0x2f, 0x29, 0x20, 0x28, 0x5b, 0x60, 0x40
  .byte 0x68, 0x65, 0x72, 0x6f, 0x75, 0x69, 0x2f, 0x72, 0x65, 0x61, 0x63, 0x74, 0x60, 0x5d, 0x28, 0x68
  .byte 0x74, 0x74, 0x70, 0x73, 0x3a, 0x2f, 0x2f, 0x77, 0x77, 0x77, 0x2e, 0x6e, 0x70, 0x6d, 0x6a, 0x73
  .byte 0x2e, 0x63, 0x6f, 0x6d, 0x2f, 0x70, 0x61, 0x63, 0x6b, 0x61, 0x67, 0x65, 0x2f, 0x40, 0x68, 0x65
  .byte 0x72, 0x6f, 0x75, 0x69, 0x2f, 0x72, 0x65, 0x61, 0x63, 0x74, 0x29, 0x29, 0x2e, 0x0a, 0x0a, 0x44
  .byte 0x65, 0x73, 0x63, 0x72, 0x69, 0x62, 0x65, 0x20, 0x61, 0x20, 0x66, 0x6f, 0x72, 0x6d, 0x20, 0x69
  .byte 0x6e, 0x20, 0x70, 0x6c, 0x61, 0x69, 0x6e, 0x20, 0x6c, 0x61, 0x6e, 0x67, 0x75, 0x61, 0x67, 0x65
  .byte 0x2c, 0x20, 0x67, 0x65, 0x74, 0x20, 0x61, 0x20, 0x6c, 0x69, 0x76, 0x65, 0x20, 0x70, 0x72, 0x65
  .byte 0x76, 0x69, 0x65, 0x77, 0x20, 0x62, 0x75, 0x69, 0x6c, 0x74, 0x20, 0x66, 0x72, 0x6f, 0x6d, 0x20
  .byte 0x48, 0x65, 0x72, 0x6f, 0x55, 0x49, 0x20, 0x63, 0x6f, 0x6d, 0x70, 0x6f, 0x6e, 0x65, 0x6e, 0x74
  .byte 0x73, 0x2e, 0x20, 0x52, 0x65, 0x66, 0x69, 0x6e, 0x65, 0x20, 0x69, 0x74, 0x20, 0x77, 0x69, 0x74
  .byte 0x68, 0x20, 0x66, 0x6f, 0x6c, 0x6c, 0x6f, 0x77, 0x2d, 0x75, 0x70, 0x20, 0x69, 0x6e, 0x73, 0x74
  .byte 0x72, 0x75, 0x63, 0x74, 0x69, 0x6f, 0x6e, 0x73, 0x20, 0xe2, 0x80, 0x94, 0x20, 0x65, 0x61, 0x63
  .byte 0x68, 0x20, 0x69, 0x74, 0x65, 0x72, 0x61, 0x74, 0x69, 0x6f, 0x6e, 0x20, 0x73, 0x74, 0x72, 0x65
  .byte 0x61, 0x6d, 0x73, 0x20, 0x61, 0x20, 0x66, 0x72, 0x65, 0x73, 0x68, 0x20, 0x75, 0x70, 0x64, 0x61
  .byte 0x74, 0x65, 0x64, 0x20, 0x66, 0x6f, 0x72, 0x6d, 0x2e, 0x0a, 0x0a, 0x5b, 0x56, 0x69, 0x65, 0x77
  .byte 0x20, 0x73, 0x6f, 0x75, 0x72, 0x63, 0x65, 0x20, 0x6f, 0x6e, 0x20, 0x47, 0x69, 0x74, 0x48, 0x75
  .byte 0x62, 0x20, 0xe2, 0x86, 0x92, 0x5d, 0x28, 0x68, 0x74, 0x74, 0x70, 0x73, 0x3a, 0x2f, 0x2f, 0x67
  .byte 0x69, 0x74, 0x68, 0x75, 0x62, 0x2e, 0x63, 0x6f, 0x6d, 0x2f, 0x74, 0x68, 0x65, 0x73, 0x79, 0x73
  .byte 0x64, 0x65, 0x76, 0x2f, 0x6f, 0x70, 0x65, 0x6e, 0x75, 0x69, 0x2f, 0x74, 0x72, 0x65, 0x65, 0x2f
  .byte 0x6d, 0x61, 0x69, 0x6e, 0x2f, 0x65, 0x78, 0x61, 0x6d, 0x70, 0x6c, 0x65, 0x73, 0x2f, 0x66, 0x6f
  .byte 0x72, 0x6d, 0x2d, 0x67, 0x65, 0x6e, 0x65, 0x72, 0x61, 0x74, 0x6f, 0x72, 0x29, 0x0a, 0x0a, 0x2d
  .byte 0x2d, 0x2d, 0x0a, 0x0a, 0x23, 0x23, 0x20, 0x48, 0x6f, 0x77, 0x20, 0x49, 0x74, 0x20, 0x57, 0x6f
  .byte 0x72, 0x6b, 0x73, 0x0a, 0x0a, 0x54, 0x68, 0x65, 0x20, 0x4c, 0x4c, 0x4d, 0x20, 0x69, 0x73, 0x20
  .byte 0x70, 0x72, 0x6f, 0x6d, 0x70, 0x74, 0x65, 0x64, 0x20, 0x77, 0x69, 0x74, 0x68, 0x20, 0x61, 0x20
  .byte 0x66, 0x6f, 0x72, 0x6d, 0x2d, 0x66, 0x6f, 0x63, 0x75, 0x73, 0x65, 0x64, 0x20, 0x73, 0x79, 0x73
  .byte 0x74, 0x65, 0x6d, 0x20, 0x70, 0x72, 0x6f, 0x6d, 0x70, 0x74, 0x20, 0x74, 0x68, 0x61, 0x74, 0x20
  .byte 0x64, 0x65, 0x73, 0x63, 0x72, 0x69, 0x62, 0x65, 0x73, 0x20, 0x65, 0x76, 0x65, 0x72, 0x79, 0x20
  .byte 0x61, 0x76, 0x61, 0x69, 0x6c, 0x61, 0x62, 0x6c, 0x65, 0x20, 0x66, 0x6f, 0x72, 0x6d, 0x20, 0x63
  .byte 0x6f, 0x6d, 0x70, 0x6f, 0x6e, 0x65, 0x6e, 0x74, 0x20, 0xe2, 0x80, 0x94, 0x20, 0x6e, 0x61, 0x6d
  .byte 0x65, 0x2c, 0x20, 0x70, 0x72, 0x6f, 0x70, 0x73, 0x2c, 0x20, 0x61, 0x6e, 0x64, 0x20, 0x77, 0x68
  .byte 0x65, 0x6e, 0x20, 0x74, 0x6f, 0x20, 0x75, 0x73, 0x65, 0x20, 0x69, 0x74, 0x2e, 0x20, 0x49, 0x6e
  .byte 0x73, 0x74, 0x65, 0x61, 0x64, 0x20, 0x6f, 0x66, 0x20, 0x72, 0x65, 0x74, 0x75, 0x72, 0x6e, 0x69
  .byte 0x6e, 0x67, 0x20, 0x70, 0x72, 0x6f, 0x73, 0x65, 0x2c, 0x20, 0x74, 0x68, 0x65, 0x20, 0x6d, 0x6f
  .byte 0x64, 0x65, 0x6c, 0x20, 0x72, 0x65, 0x73, 0x70, 0x6f, 0x6e, 0x64, 0x73, 0x20, 0x69, 0x6e, 0x20
  .byte 0x2a, 0x2a, 0x4f, 0x70, 0x65, 0x6e, 0x55, 0x49, 0x20, 0x4c, 0x61, 0x6e, 0x67, 0x2a, 0x2a, 0x3a
  .byte 0x20, 0x61, 0x20, 0x64, 0x65, 0x63, 0x6c, 0x61, 0x72, 0x61, 0x74, 0x69, 0x76, 0x65, 0x20, 0x6d
  .byte 0x61, 0x72, 0x6b, 0x75, 0x70, 0x20, 0x73, 0x79, 0x6e, 0x74, 0x61, 0x78, 0x20, 0x74, 0x68, 0x61
  .byte 0x74, 0x20, 0x6d, 0x61, 0x70, 0x73, 0x20, 0x64, 0x69, 0x72, 0x65, 0x63, 0x74, 0x6c, 0x79, 0x20
  .byte 0x74, 0x6f, 0x20, 0x52, 0x65, 0x61, 0x63, 0x74, 0x20, 0x63, 0x6f, 0x6d, 0x70, 0x6f, 0x6e, 0x65
  .byte 0x6e, 0x74, 0x73, 0x2e, 0x20, 0x46, 0x6f, 0x72, 0x20, 0x65, 0x78, 0x61, 0x6d, 0x70, 0x6c, 0x65
  .byte 0x3a, 0x0a, 0x0a, 0x60, 0x60, 0x60, 0x0a, 0x72, 0x6f, 0x6f, 0x74, 0x20, 0x3d, 0x20, 0x46, 0x6f
  .byte 0x72, 0x6d, 0x28, 0x22, 0x63, 0x6f, 0x6e, 0x74, 0x61, 0x63, 0x74, 0x22, 0x2c, 0x20, 0x22, 0x43
  .byte 0x6f, 0x6e, 0x74, 0x61, 0x63, 0x74, 0x20, 0x55, 0x73, 0x22, 0x2c, 0x20, 0x62, 0x74, 0x6e, 0x73
  .byte 0x2c, 0x20, 0x5b, 0x66, 0x63, 0x31, 0x2c, 0x20, 0x66, 0x63, 0x32, 0x2c, 0x20, 0x66, 0x63, 0x33
  .byte 0x5d, 0x29, 0x0a, 0x66, 0x63, 0x31, 0x20, 0x3d, 0x20, 0x46, 0x6f, 0x72, 0x6d, 0x43, 0x6f, 0x6e
  .byte 0x74, 0x72, 0x6f, 0x6c, 0x28, 0x22, 0x4e, 0x61, 0x6d, 0x65, 0x22, 0x2c, 0x20, 0x69, 0x6e, 0x70
  .byte 0x75, 0x74, 0x31, 0x29, 0x0a, 0x66, 0x63, 0x32, 0x20, 0x3d, 0x20, 0x46, 0x6f, 0x72, 0x6d, 0x43
  .byte 0x6f, 0x6e, 0x74, 0x72, 0x6f, 0x6c, 0x28, 0x22, 0x45, 0x6d, 0x61, 0x69, 0x6c, 0x22, 0x2c, 0x20
  .byte 0x69, 0x6e, 0x70, 0x75, 0x74, 0x32, 0x2c, 0x20, 0x22, 0x57, 0x65, 0x27, 0x6c, 0x6c, 0x20, 0x6e
  .byte 0x65, 0x76, 0x65, 0x72, 0x20, 0x73, 0x68, 0x61, 0x72, 0x65, 0x20, 0x79, 0x6f, 0x75, 0x72, 0x20
  .byte 0x65, 0x6d, 0x61, 0x69, 0x6c, 0x2e, 0x22, 0x29, 0x0a, 0x66, 0x63, 0x33, 0x20, 0x3d, 0x20, 0x46
  .byte 0x6f, 0x72, 0x6d, 0x43, 0x6f, 0x6e, 0x74, 0x72, 0x6f, 0x6c, 0x28, 0x22, 0x4d, 0x65, 0x73, 0x73
  .byte 0x61, 0x67, 0x65, 0x22, 0x2c, 0x20, 0x74, 0x61, 0x31, 0x29, 0x0a, 0x69, 0x6e, 0x70, 0x75, 0x74
  .byte 0x31, 0x20, 0x3d, 0x20, 0x49, 0x6e, 0x70, 0x75, 0x74, 0x28, 0x22, 0x6e, 0x61, 0x6d, 0x65, 0x22
  .byte 0x2c, 0x20, 0x22, 0x59, 0x6f, 0x75, 0x72, 0x20, 0x6e, 0x61, 0x6d, 0x65, 0x22, 0x2c, 0x20, 0x22
  .byte 0x74, 0x65, 0x78, 0x74, 0x22, 0x2c, 0x20, 0x7b, 0x20, 0x72, 0x65, 0x71, 0x75, 0x69, 0x72, 0x65
  .byte 0x64, 0x3a, 0x20, 0x74, 0x72, 0x75, 0x65, 0x20, 0x7d, 0x29, 0x0a, 0x69, 0x6e, 0x70, 0x75, 0x74
  .byte 0x32, 0x20, 0x3d, 0x20, 0x49, 0x6e, 0x70, 0x75, 0x74, 0x28, 0x22, 0x65, 0x6d, 0x61, 0x69, 0x6c
  .byte 0x22, 0x2c, 0x20, 0x22, 0x79, 0x6f, 0x75, 0x40, 0x65, 0x78, 0x61, 0x6d, 0x70, 0x6c, 0x65, 0x2e
  .byte 0x63, 0x6f, 0x6d, 0x22, 0x2c, 0x20, 0x22, 0x65, 0x6d, 0x61, 0x69, 0x6c, 0x22, 0x2c, 0x20, 0x7b
  .byte 0x20, 0x72, 0x65, 0x71, 0x75, 0x69, 0x72, 0x65, 0x64, 0x3a, 0x20, 0x74, 0x72, 0x75, 0x65, 0x2c
  .byte 0x20, 0x65, 0x6d, 0x61, 0x69, 0x6c, 0x3a, 0x20, 0x74, 0x72, 0x75, 0x65, 0x20, 0x7d, 0x29, 0x0a
  .byte 0x74, 0x61, 0x31, 0x20, 0x3d, 0x20, 0x54, 0x65, 0x78, 0x74, 0x41, 0x72, 0x65, 0x61, 0x28, 0x22
  .byte 0x6d, 0x65, 0x73, 0x73, 0x61, 0x67, 0x65, 0x22, 0x2c, 0x20, 0x22, 0x48, 0x6f, 0x77, 0x20, 0x63
  .byte 0x61, 0x6e, 0x20, 0x77, 0x65, 0x20, 0x68, 0x65, 0x6c, 0x70, 0x3f, 0x22, 0x2c, 0x20, 0x34, 0x29
  .byte 0x0a, 0x62, 0x74, 0x6e, 0x73, 0x20, 0x3d, 0x20, 0x42, 0x75, 0x74, 0x74, 0x6f, 0x6e, 0x73, 0x28
  .byte 0x5b, 0x62, 0x31, 0x5d, 0x29, 0x0a, 0x62, 0x31, 0x20, 0x3d, 0x20, 0x42, 0x75, 0x74, 0x74, 0x6f
  .byte 0x6e, 0x28, 0x22, 0x53, 0x75, 0x62, 0x6d, 0x69, 0x74, 0x22, 0x2c, 0x20, 0x7b, 0x20, 0x74, 0x79
  .byte 0x70, 0x65, 0x3a, 0x20, 0x22, 0x63, 0x6f, 0x6e, 0x74, 0x69, 0x6e, 0x75, 0x65, 0x5f, 0x63, 0x6f
  .byte 0x6e, 0x76, 0x65, 0x72, 0x73, 0x61, 0x74, 0x69, 0x6f, 0x6e, 0x22, 0x20, 0x7d, 0x2c, 0x20, 0x22
  .byte 0x70, 0x72, 0x69, 0x6d, 0x61, 0x72, 0x79, 0x22, 0x29, 0x0a, 0x60, 0x60, 0x60, 0x0a, 0x0a, 0x4f
  .byte 0x6e, 0x20, 0x74, 0x68, 0x65, 0x20, 0x63, 0x6c, 0x69, 0x65, 0x6e, 0x74, 0x2c, 0x20, 0x60, 0x3c
  .byte 0x52, 0x65, 0x6e, 0x64, 0x65, 0x72, 0x65, 0x72, 0x3e, 0x60, 0x20, 0x66, 0x72, 0x6f, 0x6d, 0x20
  .byte 0x60, 0x40, 0x6f, 0x70, 0x65, 0x6e, 0x75, 0x69, 0x64, 0x65, 0x76, 0x2f, 0x72, 0x65, 0x61, 0x63
  .byte 0x74, 0x2d, 0x6c, 0x61, 0x6e, 0x67, 0x60, 0x20, 0x70, 0x61, 0x72, 0x73, 0x65, 0x73, 0x20, 0x74
  .byte 0x68, 0x65, 0x20, 0x69, 0x6e, 0x63, 0x6f, 0x6d, 0x69, 0x6e, 0x67, 0x20, 0x53, 0x53, 0x45, 0x20
  .byte 0x73, 0x74, 0x72, 0x65, 0x61, 0x6d, 0x20, 0x61, 0x6e, 0x64, 0x20, 0x72, 0x65, 0x6e, 0x64, 0x65
  .byte 0x72, 0x73, 0x20, 0x65, 0x61, 0x63, 0x68, 0x20, 0x4f, 0x70, 0x65, 0x6e, 0x55, 0x49, 0x20, 0x4c
  .byte 0x61, 0x6e, 0x67, 0x20, 0x6e, 0x6f, 0x64, 0x65, 0x20, 0x75, 0x73, 0x69, 0x6e, 0x67, 0x20, 0x60
  .byte 0x68, 0x65, 0x72, 0x6f, 0x75, 0x69, 0x43, 0x68, 0x61, 0x74, 0x4c, 0x69, 0x62, 0x72, 0x61, 0x72
  .byte 0x79, 0x60, 0x20, 0xe2, 0x80, 0x94, 0x20, 0x74, 0x68, 0x65, 0x20, 0x63, 0x75, 0x73, 0x74, 0x6f
  .byte 0x6d, 0x20, 0x6c, 0x69, 0x62, 0x72, 0x61, 0x72, 0x79, 0x20, 0x64, 0x65, 0x66, 0x69, 0x6e, 0x65
  .byte 0x64, 0x20, 0x69, 0x6e, 0x20, 0x60, 0x73, 0x72, 0x63, 0x2f, 0x6c, 0x69, 0x62, 0x2f, 0x68, 0x65
  .byte 0x72, 0x6f, 0x75, 0x69, 0x2d, 0x67, 0x65, 0x6e, 0x75, 0x69, 0x2f, 0x60, 0x2e, 0x20, 0x54, 0x68
  .byte 0x65, 0x20, 0x61, 0x70, 0x70, 0x20, 0x73, 0x68, 0x65, 0x6c, 0x6c, 0x20, 0x69, 0x73, 0x20, 0x62
  .byte 0x75, 0x69, 0x6c, 0x74, 0x20, 0x65, 0x6e, 0x74, 0x69, 0x72, 0x65, 0x6c, 0x79, 0x20, 0x77, 0x69
  .byte 0x74, 0x68, 0x20, 0x60, 0x40, 0x68, 0x65, 0x72, 0x6f, 0x75, 0x69, 0x2f, 0x72, 0x65, 0x61, 0x63
  .byte 0x74, 0x60, 0x20, 0x28, 0x6e, 0x6f, 0x20, 0x60, 0x40, 0x6f, 0x70, 0x65, 0x6e, 0x75, 0x69, 0x64
  .byte 0x65, 0x76, 0x2f, 0x72, 0x65, 0x61, 0x63, 0x74, 0x2d, 0x75, 0x69, 0x60, 0x20, 0x64, 0x65, 0x70
  .byte 0x65, 0x6e, 0x64, 0x65, 0x6e, 0x63, 0x79, 0x29, 0x2e, 0x0a, 0x0a, 0x2d, 0x2d, 0x2d, 0x0a, 0x0a
  .byte 0x23, 0x23, 0x20, 0x41, 0x72, 0x63, 0x68, 0x69, 0x74, 0x65, 0x63, 0x74, 0x75, 0x72, 0x65, 0x0a
  .byte 0x0a, 0x60, 0x60, 0x60, 0x0a, 0xe2, 0x94, 0x8c, 0xe2, 0x94, 0x80, 0xe2, 0x94, 0x80, 0xe2, 0x94
  .byte 0x80, 0xe2, 0x94, 0x80, 0xe2, 0x94, 0x80, 0xe2, 0x94, 0x80, 0xe2, 0x94, 0x80, 0xe2, 0x94, 0x80
  .byte 0xe2, 0x94, 0x80, 0xe2, 0x94, 0x80, 0xe2, 0x94, 0x80, 0xe2, 0x94, 0x80, 0xe2, 0x94, 0x80, 0xe2
  .byte 0x94, 0x80, 0xe2, 0x94, 0x80, 0xe2, 0x94, 0x80, 0xe2, 0x94, 0x80, 0xe2, 0x94, 0x80, 0xe2, 0x94
  .byte 0x80, 0xe2, 0x94, 0x80, 0xe2, 0x94, 0x80, 0xe2, 0x94, 0x80, 0xe2, 0x94, 0x80, 0xe2, 0x94, 0x80
  .byte 0xe2, 0x94, 0x80, 0xe2, 0x94, 0x80, 0xe2, 0x94, 0x80, 0xe2, 0x94, 0x80, 0xe2, 0x94, 0x80, 0xe2
  .byte 0x94, 0x80, 0xe2, 0x94, 0x80, 0xe2, 0x94, 0x80, 0xe2, 0x94, 0x80, 0xe2, 0x94, 0x80, 0xe2, 0x94
  .byte 0x80, 0xe2, 0x94, 0x80, 0xe2, 0x94, 0x80, 0xe2, 0x94, 0x80, 0xe2, 0x94, 0x80, 0xe2, 0x94, 0x80
  .byte 0xe2, 0x94, 0x80, 0xe2, 0x94, 0x80, 0xe2, 0x94, 0x90, 0x20, 0x20, 0x20, 0x20, 0x20, 0x20, 0x20
  .byte 0x20, 0xe2, 0x94, 0x8c, 0xe2, 0x94, 0x80, 0xe2, 0x94, 0x80, 0xe2, 0x94, 0x80, 0xe2, 0x94, 0x80
  .byte 0xe2, 0x94, 0x80, 0xe2, 0x94, 0x80, 0xe2, 0x94, 0x80, 0xe2, 0x94, 0x80, 0xe2, 0x94, 0x80, 0xe2
  .byte 0x94, 0x80, 0xe2, 0x94, 0x80, 0xe2, 0x94, 0x80, 0xe2, 0x94, 0x80, 0xe2, 0x94, 0x80, 0xe2, 0x94
  .byte 0x80, 0xe2, 0x94, 0x80, 0xe2, 0x94, 0x80, 0xe2, 0x94, 0x80, 0xe2, 0x94, 0x80, 0xe2, 0x94, 0x80
  .byte 0xe2, 0x94, 0x80, 0xe2, 0x94, 0x80, 0xe2, 0x94, 0x80, 0xe2, 0x94, 0x80, 0xe2, 0x94, 0x80, 0xe2
  .byte 0x94, 0x80, 0xe2, 0x94, 0x80, 0xe2, 0x94, 0x80, 0xe2, 0x94, 0x80, 0xe2, 0x94, 0x80, 0xe2, 0x94
  .byte 0x80, 0xe2, 0x94, 0x80, 0xe2, 0x94, 0x80, 0xe2, 0x94, 0x80, 0xe2, 0x94, 0x80, 0xe2, 0x94, 0x80
  .byte 0xe2, 0x94, 0x90, 0x0a, 0xe2, 0x94, 0x82, 0x20, 0x20, 0x20, 0x42, 0x72, 0x6f, 0x77, 0x73, 0x65
  .byte 0x72, 0x20, 0x20, 0x20, 0x20, 0x20, 0x20, 0x20, 0x20, 0x20, 0x20, 0x20, 0x20, 0x20, 0x20, 0x20
  .byte 0x20, 0x20, 0x20, 0x20, 0x20, 0x20, 0x20, 0x20, 0x20, 0x20, 0x20, 0x20, 0x20, 0x20, 0x20, 0x20
  .byte 0x20, 0xe2, 0x94, 0x82, 0x20, 0x20, 0x48, 0x54, 0x54, 0x50, 0x20, 0x20, 0xe2, 0x94, 0x82, 0x20
  .byte 0x20, 0x20, 0x4e, 0x65, 0x78, 0x74, 0x2e, 0x6a, 0x73, 0x20, 0x41, 0x50, 0x49, 0x20, 0x52, 0x6f
  .byte 0x75, 0x74, 0x65, 0x20, 0x20, 0x20, 0x20, 0x20, 0x20, 0x20, 0x20, 0x20, 0x20, 0x20, 0x20, 0x20
  .byte 0x20, 0x20, 0x20, 0xe2, 0x94, 0x82, 0x0a, 0xe2, 0x94, 0x82, 0x20, 0x20, 0x20, 0x20, 0x20, 0x20
  .byte 0x20, 0x20, 0x20, 0x20, 0x20, 0x20, 0x20, 0x20, 0x20, 0x20, 0x20, 0x20, 0x20, 0x20, 0x20, 0x20
  .byte 0x20, 0x20, 0x20, 0x20, 0x20, 0x20, 0x20, 0x20, 0x20, 0x20, 0x20, 0x20, 0x20, 0x20, 0x20, 0x20
  .byte 0x20, 0x20, 0x20, 0x20, 0xe2, 0x94, 0x82, 0x20, 0xe2, 0x94, 0x80, 0xe2, 0x94, 0x80, 0xe2, 0x94
  .byte 0x80, 0xe2, 0x94, 0x80, 0xe2, 0x94, 0x80, 0xe2, 0x94, 0x80, 0xe2, 0x96, 0xba, 0xe2, 0x94, 0x82
  .byte 0x20, 0x20, 0x20, 0x20, 0x20, 0x20, 0x20, 0x20, 0x20, 0x20, 0x20, 0x20, 0x20, 0x20, 0x20, 0x20
  .byte 0x20, 0x20, 0x20, 0x20, 0x20, 0x20, 0x20, 0x20, 0x20, 0x20, 0x20, 0x20, 0x20, 0x20, 0x20, 0x20
  .byte 0x20, 0x20, 0x20, 0x20, 0xe2, 0x94, 0x82, 0x0a, 0xe2, 0x94, 0x82, 0x20, 0x20, 0xe2, 0x80, 0xa2
  .byte 0x20, 0x4c, 0x65, 0x66, 0x74, 0x20, 0x70, 0x61, 0x6e, 0x65, 0x6c, 0x3a, 0x20, 0x48, 0x65, 0x72
  .byte 0x6f, 0x55, 0x49, 0x20, 0x54, 0x65, 0x78, 0x74, 0x41, 0x72, 0x65, 0x61, 0x20, 0x2b, 0x20, 0x42
  .byte 0x75, 0x74, 0x74, 0x6f, 0x6e, 0x20, 0x20, 0xe2, 0x94, 0x82, 0x20, 0x20, 0x20, 0x20, 0x20, 0x20
  .byte 0x20, 0x20, 0xe2, 0x94, 0x82, 0x20, 0x20, 0xe2, 0x80, 0xa2, 0x20, 0x4c, 0x6f, 0x61, 0x64, 0x73
  .byte 0x20, 0x73, 0x79, 0x73, 0x74, 0x65, 0x6d, 0x2d, 0x70, 0x72, 0x6f, 0x6d, 0x70, 0x74, 0x2e, 0x74
  .byte 0x78, 0x74, 0x20, 0x20, 0x20, 0x20, 0x20, 0x20, 0x20, 0x20, 0x20, 0xe2, 0x94, 0x82, 0x0a, 0xe2
  .byte 0x94, 0x82, 0x20, 0x20, 0xe2, 0x80, 0xa2, 0x20, 0x49, 0x74, 0x65, 0x72, 0x61, 0x74, 0x69, 0x6f
  .byte 0x6e, 0x20, 0x68, 0x69, 0x73, 0x74, 0x6f, 0x72, 0x79, 0x20, 0x28, 0x69, 0x6e, 0x2d, 0x6d, 0x65
  .byte 0x6d, 0x6f, 0x72, 0x79, 0x20, 0x6d, 0x65, 0x73, 0x73, 0x61, 0x67, 0x65, 0x73, 0x29, 0xe2, 0x94
  .byte 0x82, 0x20, 0x20, 0x20, 0x20, 0x20, 0x20, 0x20, 0x20, 0xe2, 0x94, 0x82, 0x20, 0x20, 0xe2, 0x80
  .byte 0xa2, 0x20, 0x43, 0x61, 0x6c, 0x6c, 0x73, 0x20, 0x4c, 0x4c, 0x4d, 0x20, 0x76, 0x69, 0x61, 0x20
  .byte 0x4f, 0x70, 0x65, 0x6e, 0x41, 0x49, 0x20, 0x53, 0x44, 0x4b, 0x20, 0x20, 0x20, 0x20, 0x20, 0x20
  .byte 0x20, 0x20, 0xe2, 0x94, 0x82, 0x0a, 0xe2, 0x94, 0x82, 0x20, 0x20, 0xe2, 0x80, 0xa2, 0x20, 0x70
  .byte 0x72, 0x6f, 0x63, 0x65, 0x73, 0x73, 0x53, 0x74, 0x72, 0x65, 0x61, 0x6d, 0x65, 0x64, 0x4d, 0x65
  .byte 0x73, 0x73, 0x61, 0x67, 0x65, 0x20, 0x2b, 0x20, 0x6f, 0x70, 0x65, 0x6e, 0x41, 0x49, 0x41, 0x64
  .byte 0x61, 0x70, 0x74, 0x65, 0x72, 0xe2, 0x94, 0x82, 0xe2, 0x97, 0x84, 0xe2, 0x94, 0x80, 0xe2, 0x94
  .byte 0x80, 0xe2, 0x94, 0x80, 0xe2, 0x94, 0x80, 0xe2, 0x94, 0x80, 0xe2, 0x94, 0x80, 0x20, 0xe2, 0x94
  .byte 0x82, 0x20, 0x20, 0xe2, 0x80, 0xa2, 0x20, 0x53, 0x74, 0x72, 0x65, 0x61, 0x6d, 0x73, 0x20, 0x72
  .byte 0x65, 0x73, 0x70, 0x6f, 0x6e, 0x73, 0x65, 0x20, 0x61, 0x73, 0x20, 0x53, 0x53, 0x45, 0x20, 0x65
  .byte 0x76, 0x65, 0x6e, 0x74, 0x73, 0x20, 0x20, 0xe2, 0x94, 0x82, 0x0a, 0xe2, 0x94, 0x82, 0x20, 0x20
  .byte 0xe2, 0x80, 0xa2, 0x20, 0x52, 0x69, 0x67, 0x68, 0x74, 0x20, 0x70, 0x61, 0x6e, 0x65, 0x6c, 0x3a
  .byte 0x20, 0x3c, 0x52, 0x65, 0x6e, 0x64, 0x65, 0x72, 0x65, 0x72, 0x3e, 0x20, 0x70, 0x72, 0x65, 0x76
  .byte 0x69, 0x65, 0x77, 0x20, 0x20, 0x20, 0x20, 0x20, 0x20, 0x20, 0xe2, 0x94, 0x82, 0x20, 0x20, 0x53
  .byte 0x53, 0x45, 0x20, 0x20, 0x20, 0xe2, 0x94, 0x82, 0x20, 0x20, 0x20, 0x20, 0x20, 0x20, 0x20, 0x20
  .byte 0x20, 0x20, 0x20, 0x20, 0x20, 0x20, 0x20, 0x20, 0x20, 0x20, 0x20, 0x20, 0x20, 0x20, 0x20, 0x20
  .byte 0x20, 0x20, 0x20, 0x20, 0x20, 0x20, 0x20, 0x20, 0x20, 0x20, 0x20, 0x20, 0xe2, 0x94, 0x82, 0x0a
  .byte 0xe2, 0x94, 0x82, 0x20, 0x20, 0xe2, 0x80, 0xa2, 0x20, 0x66, 0x6f, 0x72, 0x6d, 0x46, 0x69, 0x65
  .byte 0x6c, 0x64, 0x53, 0x6e, 0x61, 0x70, 0x73, 0x68, 0x6f, 0x74, 0x20, 0x76, 0x69, 0x61, 0x20, 0x6f
  .byte 0x6e, 0x53, 0x74, 0x61, 0x74, 0x65, 0x55, 0x70, 0x64, 0x61, 0x74, 0x65, 0x20, 0x20, 0x20, 0xe2
  .byte 0x94, 0x82, 0x20, 0x20, 0x20, 0x20, 0x20, 0x20, 0x20, 0x20, 0xe2, 0x94, 0x82, 0x20, 0x20, 0x20
  .byte 0x20, 0x20, 0x20, 0x20, 0x20, 0x20, 0x20, 0x20, 0x20, 0x20, 0x20, 0x20, 0x20, 0x20, 0x20, 0x20
  .byte 0x20, 0x20, 0x20, 0x20, 0x20, 0x20, 0x20, 0x20, 0x20, 0x20, 0x20, 0x20, 0x20, 0x20, 0x20, 0x20
  .byte 0x20, 0xe2, 0x94, 0x82, 0x0a, 0xe2, 0x94, 0x94, 0xe2, 0x94, 0x80, 0xe2, 0x94, 0x80, 0xe2, 0x94
  .byte 0x80, 0xe2, 0x94, 0x80, 0xe2, 0x94, 0x80, 0xe2, 0x94, 0x80, 0xe2, 0x94, 0x80, 0xe2, 0x94, 0x80
  .byte 0xe2, 0x94, 0x80, 0xe2, 0x94, 0x80, 0xe2, 0x94, 0x80, 0xe2, 0x94, 0x80, 0xe2, 0x94, 0x80, 0xe2
  .byte 0x94, 0x80, 0xe2, 0x94, 0x80, 0xe2, 0x94, 0x80, 0xe2, 0x94, 0x80, 0xe2, 0x94, 0x80, 0xe2, 0x94
  .byte 0x80, 0xe2, 0x94, 0x80, 0xe2, 0x94, 0x80, 0xe2, 0x94, 0x80, 0xe2, 0x94, 0x80, 0xe2, 0x94, 0x80
  .byte 0xe2, 0x94, 0x80, 0xe2, 0x94, 0x80, 0xe2, 0x94, 0x80, 0xe2, 0x94, 0x80, 0xe2, 0x94, 0x80, 0xe2
  .byte 0x94, 0x80, 0xe2, 0x94, 0x80, 0xe2, 0x94, 0x80, 0xe2, 0x94, 0x80, 0xe2, 0x94, 0x80, 0xe2, 0x94
  .byte 0x80, 0xe2, 0x94, 0x80, 0xe2, 0x94, 0x80, 0xe2, 0x94, 0x80, 0xe2, 0x94, 0x80, 0xe2, 0x94, 0x80
  .byte 0xe2, 0x94, 0x80, 0xe2, 0x94, 0x80, 0xe2, 0x94, 0x98, 0x20, 0x20, 0x20, 0x20, 0x20, 0x20, 0x20
  .byte 0x20, 0xe2, 0x94, 0x94, 0xe2, 0x94, 0x80, 0xe2, 0x94, 0x80, 0xe2, 0x94, 0x80, 0xe2, 0x94, 0x80
  .byte 0xe2, 0x94, 0x80, 0xe2, 0x94, 0x80, 0xe2, 0x94, 0x80, 0xe2, 0x94, 0x80, 0xe2, 0x94, 0x80, 0xe2
  .byte 0x94, 0x80, 0xe2, 0x94, 0x80, 0xe2, 0x94, 0x80, 0xe2, 0x94, 0x80, 0xe2, 0x94, 0x80, 0xe2, 0x94
  .byte 0x80, 0xe2, 0x94, 0x80, 0xe2, 0x94, 0x80, 0xe2, 0x94, 0x80, 0xe2, 0x94, 0x80, 0xe2, 0x94, 0x80
  .byte 0xe2, 0x94, 0x80, 0xe2, 0x94, 0x80, 0xe2, 0x94, 0x80, 0xe2, 0x94, 0x80, 0xe2, 0x94, 0x80, 0xe2
  .byte 0x94, 0x80, 0xe2, 0x94, 0x80, 0xe2, 0x94, 0x80, 0xe2, 0x94, 0x80, 0xe2, 0x94, 0x80, 0xe2, 0x94
  .byte 0x80, 0xe2, 0x94, 0x80, 0xe2, 0x94, 0x80, 0xe2, 0x94, 0x80, 0xe2, 0x94, 0x80, 0xe2, 0x94, 0x80
  .byte 0xe2, 0x94, 0x98, 0x0a, 0x60, 0x60, 0x60, 0x0a, 0x0a, 0x23, 0x23, 0x23, 0x20, 0x52, 0x65, 0x71
  .byte 0x75, 0x65, 0x73, 0x74, 0x20, 0x2f, 0x20, 0x52, 0x65, 0x73, 0x70, 0x6f, 0x6e, 0x73, 0x65, 0x20
  .byte 0x46, 0x6c, 0x6f, 0x77, 0x0a, 0x0a, 0x31, 0x2e, 0x20, 0x55, 0x73, 0x65, 0x72, 0x20, 0x74, 0x79
  .byte 0x70, 0x65, 0x73, 0x20, 0x61, 0x20, 0x66, 0x6f, 0x72, 0x6d, 0x20, 0x64, 0x65, 0x73, 0x63, 0x72
  .byte 0x69, 0x70, 0x74, 0x69, 0x6f, 0x6e, 0x20, 0x61, 0x6e, 0x64, 0x20, 0x63, 0x6c, 0x69, 0x63, 0x6b
  .byte 0x73, 0x20, 0x2a, 0x2a, 0x47, 0x65, 0x6e, 0x65, 0x72, 0x61, 0x74, 0x65, 0x20, 0x46, 0x6f, 0x72
  .byte 0x6d, 0x2a, 0x2a, 0x20, 0x28, 0x6f, 0x72, 0x20, 0xe2, 0x8c, 0x98, 0x20, 0x45, 0x6e, 0x74, 0x65
  .byte 0x72, 0x29, 0x2e, 0x0a, 0x32, 0x2e, 0x20, 0x54, 0x68, 0x65, 0x20, 0x70, 0x61, 0x67, 0x65, 0x20
  .byte 0x62, 0x75, 0x69, 0x6c, 0x64, 0x73, 0x20, 0x61, 0x6e, 0x20, 0x60, 0x6f, 0x70, 0x65, 0x6e, 0x41
  .byte 0x49, 0x4d, 0x65, 0x73, 0x73, 0x61, 0x67, 0x65, 0x46, 0x6f, 0x72, 0x6d, 0x61, 0x74, 0x2e, 0x74
  .byte 0x6f, 0x41, 0x70, 0x69, 0x28, 0x6d, 0x65, 0x73, 0x73, 0x61, 0x67, 0x65, 0x73, 0x29, 0x60, 0x20
  .byte 0x70, 0x61, 0x79, 0x6c, 0x6f, 0x61, 0x64, 0x20, 0x61, 0x6e, 0x64, 0x20, 0x60, 0x50, 0x4f, 0x53
  .byte 0x54, 0x60, 0x73, 0x20, 0x74, 0x6f, 0x20, 0x60, 0x2f, 0x61, 0x70, 0x69, 0x2f, 0x63, 0x68, 0x61
  .byte 0x74, 0x60, 0x2e, 0x0a, 0x33, 0x2e, 0x20, 0x54, 0x68, 0x65, 0x20, 0x41, 0x50, 0x49, 0x20, 0x72
  .byte 0x6f, 0x75, 0x74, 0x65, 0x20, 0x72, 0x65, 0x61, 0x64, 0x73, 0x20, 0x60, 0x73, 0x79, 0x73, 0x74
  .byte 0x65, 0x6d, 0x2d, 0x70, 0x72, 0x6f, 0x6d, 0x70, 0x74, 0x2e, 0x74, 0x78, 0x74, 0x60, 0x20, 0x61
  .byte 0x6e, 0x64, 0x20, 0x73, 0x74, 0x72, 0x65, 0x61, 0x6d, 0x73, 0x20, 0x74, 0x68, 0x65, 0x20, 0x4c
  .byte 0x4c, 0x4d, 0x20, 0x72, 0x65, 0x73, 0x70, 0x6f, 0x6e, 0x73, 0x65, 0x20, 0x61, 0x73, 0x20, 0x53
  .byte 0x53, 0x45, 0x20, 0x65, 0x76, 0x65, 0x6e, 0x74, 0x73, 0x2e, 0x0a, 0x34, 0x2e, 0x20, 0x4f, 0x6e
  .byte 0x20, 0x74, 0x68, 0x65, 0x20, 0x63, 0x6c, 0x69, 0x65, 0x6e, 0x74, 0x2c, 0x20, 0x60, 0x70, 0x72
  .byte 0x6f, 0x63, 0x65, 0x73, 0x73, 0x53, 0x74, 0x72, 0x65, 0x61, 0x6d, 0x65, 0x64, 0x4d, 0x65, 0x73
  .byte 0x73, 0x61, 0x67, 0x65, 0x60, 0x20, 0x2b, 0x20, 0x60, 0x6f, 0x70, 0x65, 0x6e, 0x41, 0x49, 0x41
  .byte 0x64, 0x61, 0x70, 0x74, 0x65, 0x72, 0x28, 0x29, 0x60, 0x20, 0x61, 0x63, 0x63, 0x75, 0x6d, 0x75
  .byte 0x6c, 0x61, 0x74, 0x65, 0x20, 0x74, 0x68, 0x65, 0x20, 0x73, 0x74, 0x72, 0x65, 0x61, 0x6d, 0x65
  .byte 0x64, 0x20, 0x74, 0x65, 0x78, 0x74, 0x20, 0x69, 0x6e, 0x74, 0x6f, 0x20, 0x61, 0x6e, 0x20, 0x60
  .byte 0x41, 0x73, 0x73, 0x69, 0x73, 0x74, 0x61, 0x6e, 0x74, 0x4d, 0x65, 0x73, 0x73, 0x61, 0x67, 0x65
  .byte 0x60, 0x2e, 0x0a, 0x35, 0x2e, 0x20, 0x60, 0x3c, 0x52, 0x65, 0x6e, 0x64, 0x65, 0x72, 0x65, 0x72
  .byte 0x20, 0x72, 0x65, 0x73, 0x70, 0x6f, 0x6e, 0x73, 0x65, 0x3d, 0x7b, 0x63, 0x6f, 0x64, 0x65, 0x7d
  .byte 0x20, 0x6c, 0x69, 0x62, 0x72, 0x61, 0x72, 0x79, 0x3d, 0x7b, 0x68, 0x65, 0x72, 0x6f, 0x75, 0x69
  .byte 0x43, 0x68, 0x61, 0x74, 0x4c, 0x69, 0x62, 0x72, 0x61, 0x72, 0x79, 0x7d, 0x20, 0x69, 0x73, 0x53
  .byte 0x74, 0x72, 0x65, 0x61, 0x6d, 0x69, 0x6e, 0x67, 0x3d, 0x7b, 0x2e, 0x2e, 0x2e, 0x7d, 0x20, 0x2f
  .byte 0x3e, 0x60, 0x20, 0x70, 0x61, 0x72, 0x73, 0x65, 0x73, 0x20, 0x74, 0x68, 0x65, 0x20, 0x4f, 0x70
  .byte 0x65, 0x6e, 0x55, 0x49, 0x20, 0x4c, 0x61, 0x6e, 0x67, 0x20, 0x6d, 0x61, 0x72, 0x6b, 0x75, 0x70
  .byte 0x20, 0x61, 0x6e, 0x64, 0x20, 0x70, 0x72, 0x6f, 0x67, 0x72, 0x65, 0x73, 0x73, 0x69, 0x76, 0x65
  .byte 0x6c, 0x79, 0x20, 0x72, 0x65, 0x6e, 0x64, 0x65, 0x72, 0x73, 0x20, 0x65, 0x61, 0x63, 0x68, 0x20
  .byte 0x6e, 0x6f, 0x64, 0x65, 0x20, 0x61, 0x73, 0x20, 0x61, 0x20, 0x48, 0x65, 0x72, 0x6f, 0x55, 0x49
  .byte 0x2d, 0x62, 0x61, 0x63, 0x6b, 0x65, 0x64, 0x20, 0x63, 0x6f, 0x6d, 0x70, 0x6f, 0x6e, 0x65, 0x6e
  .byte 0x74, 0x2e, 0x0a, 0x36, 0x2e, 0x20, 0x54, 0x68, 0x65, 0x20, 0x73, 0x74, 0x72, 0x65, 0x61, 0x6d
  .byte 0x65, 0x64, 0x20, 0x61, 0x73, 0x73, 0x69, 0x73, 0x74, 0x61, 0x6e, 0x74, 0x20, 0x60, 0x63, 0x6f
  .byte 0x6e, 0x74, 0x65, 0x6e, 0x74, 0x60, 0x20, 0x28, 0x4f, 0x70, 0x65, 0x6e, 0x55, 0x49, 0x20, 0x4c
  .byte 0x61, 0x6e, 0x67, 0x20, 0x74, 0x65, 0x78, 0x74, 0x20, 0x6f, 0x6e, 0x6c, 0x79, 0x29, 0x20, 0x69
  .byte 0x73, 0x20, 0x61, 0x70, 0x70, 0x65, 0x6e, 0x64, 0x65, 0x64, 0x20, 0x74, 0x6f, 0x20, 0x74, 0x68
  .byte 0x65, 0x20, 0x69, 0x6e, 0x2d, 0x6d, 0x65, 0x6d, 0x6f, 0x72, 0x79, 0x20, 0x6d, 0x65, 0x73, 0x73
  .byte 0x61, 0x67, 0x65, 0x20, 0x6c, 0x69, 0x73, 0x74, 0x20, 0x66, 0x6f, 0x72, 0x20, 0x74, 0x68, 0x65
  .byte 0x20, 0x6e, 0x65, 0x78, 0x74, 0x20, 0x69, 0x74, 0x65, 0x72, 0x61, 0x74, 0x69, 0x6f, 0x6e, 0x2e
  .byte 0x0a, 0x0a, 0x23, 0x23, 0x23, 0x20, 0x49, 0x74, 0x65, 0x72, 0x61, 0x74, 0x69, 0x76, 0x65, 0x20
  .byte 0x52, 0x65, 0x66, 0x69, 0x6e, 0x65, 0x6d, 0x65, 0x6e, 0x74, 0x0a, 0x0a, 0x53, 0x75, 0x62, 0x6d
  .byte 0x69, 0x74, 0x20, 0x61, 0x20, 0x66, 0x6f, 0x6c, 0x6c, 0x6f, 0x77, 0x2d, 0x75, 0x70, 0x20, 0x69
  .byte 0x6e, 0x73, 0x74, 0x72, 0x75, 0x63, 0x74, 0x69, 0x6f, 0x6e, 0x20, 0x28, 0x65, 0x2e, 0x67, 0x2e
  .byte 0x20, 0x22, 0x61, 0x64, 0x64, 0x20, 0x61, 0x20, 0x70, 0x68, 0x6f, 0x6e, 0x65, 0x20, 0x6e, 0x75
  .byte 0x6d, 0x62, 0x65, 0x72, 0x20, 0x66, 0x69, 0x65, 0x6c, 0x64, 0x22, 0x20, 0x6f, 0x72, 0x20, 0x22
  .byte 0x72, 0x65, 0x6e, 0x61, 0x6d, 0x65, 0x20, 0x74, 0x68, 0x65, 0x20, 0x73, 0x75, 0x62, 0x6d, 0x69
  .byte 0x74, 0x20, 0x62, 0x75, 0x74, 0x74, 0x6f, 0x6e, 0x20, 0x74, 0x6f, 0x20, 0x27, 0x53, 0x65, 0x6e
  .byte 0x64, 0x27, 0x22, 0x29, 0x20, 0x61, 0x6e, 0x64, 0x20, 0x74, 0x68, 0x65, 0x20, 0x70, 0x61, 0x67
  .byte 0x65, 0x3a, 0x0a, 0x0a, 0x2d, 0x20, 0x4f, 0x70, 0x74, 0x69, 0x6f, 0x6e, 0x61, 0x6c, 0x6c, 0x79
  .byte 0x20, 0x70, 0x72, 0x65, 0x66, 0x69, 0x78, 0x65, 0x73, 0x20, 0x74, 0x68, 0x65, 0x20, 0x6e, 0x65
  .byte 0x77, 0x20, 0x75, 0x73, 0x65, 0x72, 0x20, 0x6d, 0x65, 0x73, 0x73, 0x61, 0x67, 0x65, 0x20, 0x77
  .byte 0x69, 0x74, 0x68, 0x20, 0x61, 0x20, 0x4a, 0x53, 0x4f, 0x4e, 0x20, 0x73, 0x6e, 0x61, 0x70, 0x73
  .byte 0x68, 0x6f, 0x74, 0x20, 0x6f, 0x66, 0x20, 0x63, 0x75, 0x72, 0x72, 0x65, 0x6e, 0x74, 0x20, 0x66
  .byte 0x6f, 0x72, 0x6d, 0x20, 0x76, 0x61, 0x6c, 0x75, 0x65, 0x73, 0x20, 0x66, 0x72, 0x6f, 0x6d, 0x20
  .byte 0x60, 0x6f, 0x6e, 0x53, 0x74, 0x61, 0x74, 0x65, 0x55, 0x70, 0x64, 0x61, 0x74, 0x65, 0x60, 0x2e
  .byte 0x0a, 0x2d, 0x20, 0x50, 0x4f, 0x53, 0x54, 0x73, 0x20, 0x74, 0x68, 0x65, 0x20, 0x2a, 0x2a, 0x66
  .byte 0x75, 0x6c, 0x6c, 0x2a, 0x2a, 0x20, 0x6d, 0x65, 0x73, 0x73, 0x61, 0x67, 0x65, 0x20, 0x6c, 0x69
  .byte 0x73, 0x74, 0x20, 0x73, 0x6f, 0x20, 0x74, 0x68, 0x65, 0x20, 0x6d, 0x6f, 0x64, 0x65, 0x6c, 0x20
  .byte 0x63, 0x61, 0x6e, 0x20, 0x73, 0x65, 0x65, 0x20, 0x74, 0x68, 0x65, 0x20, 0x70, 0x72, 0x65, 0x76
  .byte 0x69, 0x6f, 0x75, 0x73, 0x20, 0x66, 0x6f, 0x72, 0x6d, 0x20, 0x73, 0x70, 0x65, 0x63, 0x20, 0x61
  .byte 0x6e, 0x64, 0x20, 0x72, 0x65, 0x74, 0x75, 0x72, 0x6e, 0x20, 0x6f, 0x6e, 0x65, 0x20, 0x63, 0x6f
  .byte 0x6d, 0x70, 0x6c, 0x65, 0x74, 0x65, 0x20, 0x75, 0x70, 0x64, 0x61, 0x74, 0x65, 0x64, 0x20, 0x60
  .byte 0x46, 0x6f, 0x72, 0x6d, 0x60, 0x2e, 0x0a, 0x2d, 0x20, 0x60, 0x3c, 0x52, 0x65, 0x6e, 0x64, 0x65
  .byte 0x72, 0x65, 0x72, 0x20, 0x69, 0x6e, 0x69, 0x74, 0x69, 0x61, 0x6c, 0x53, 0x74, 0x61, 0x74, 0x65
  .byte 0x3d, 0x7b, 0x66, 0x6f, 0x72, 0x6d, 0x46, 0x69, 0x65, 0x6c, 0x64, 0x53, 0x6e, 0x61, 0x70, 0x73
  .byte 0x68, 0x6f, 0x74, 0x7d, 0x3e, 0x60, 0x20, 0x68, 0x79, 0x64, 0x72, 0x61, 0x74, 0x65, 0x73, 0x20
  .byte 0x74, 0x68, 0x65, 0x20, 0x70, 0x72, 0x65, 0x76, 0x69, 0x65, 0x77, 0x20, 0x77, 0x69, 0x74, 0x68
  .byte 0x20, 0x74, 0x68, 0x65, 0x20, 0x6c, 0x61, 0x74, 0x65, 0x73, 0x74, 0x20, 0x66, 0x69, 0x65, 0x6c
  .byte 0x64, 0x20, 0x76, 0x61, 0x6c, 0x75, 0x65, 0x73, 0x2c, 0x20, 0x73, 0x6f, 0x20, 0x66, 0x69, 0x6c
  .byte 0x6c, 0x65, 0x64, 0x20, 0x64, 0x61, 0x74, 0x61, 0x20, 0x69, 0x73, 0x20, 0x6e, 0x6f, 0x74, 0x20
  .byte 0x6c, 0x6f, 0x73, 0x74, 0x20, 0x6f, 0x6e, 0x20, 0x72, 0x65, 0x2d, 0x72, 0x65, 0x6e, 0x64, 0x65
  .byte 0x72, 0x2e, 0x0a, 0x0a, 0x43, 0x6c, 0x69, 0x63, 0x6b, 0x20, 0x2a, 0x2a, 0x52, 0x65, 0x73, 0x65
  .byte 0x74, 0x2a, 0x2a, 0x20, 0x74, 0x6f, 0x20, 0x63, 0x6c, 0x65, 0x61, 0x72, 0x20, 0x68, 0x69, 0x73
  .byte 0x74, 0x6f, 0x72, 0x79, 0x20, 0x61, 0x6e, 0x64, 0x20, 0x73, 0x74, 0x61, 0x72, 0x74, 0x20, 0x61
  .byte 0x20, 0x66, 0x72, 0x65, 0x73, 0x68, 0x20, 0x66, 0x6f, 0x72, 0x6d, 0x2e, 0x0a, 0x0a, 0x2d, 0x2d
  .byte 0x2d, 0x0a, 0x0a, 0x23, 0x23, 0x20, 0x50, 0x72, 0x6f, 0x6a, 0x65, 0x63, 0x74, 0x20, 0x53, 0x74
  .byte 0x72, 0x75, 0x63, 0x74, 0x75, 0x72, 0x65, 0x0a, 0x0a, 0x60, 0x60, 0x60, 0x0a, 0x66, 0x6f, 0x72
  .byte 0x6d, 0x2d, 0x67, 0x65, 0x6e, 0x65, 0x72, 0x61, 0x74, 0x6f, 0x72, 0x2f, 0x0a, 0xe2, 0x94, 0x9c
  .byte 0xe2, 0x94, 0x80, 0xe2, 0x94, 0x80, 0x20, 0x73, 0x72, 0x63, 0x2f, 0x0a, 0xe2, 0x94, 0x82, 0x20
  .byte 0x20, 0x20, 0xe2, 0x94, 0x9c, 0xe2, 0x94, 0x80, 0xe2, 0x94, 0x80, 0x20, 0x61, 0x70, 0x70, 0x2f
  .byte 0x0a, 0xe2, 0x94, 0x82, 0x20, 0x20, 0x20, 0xe2, 0x94, 0x82, 0x20, 0x20, 0x20, 0xe2, 0x94, 0x9c
  .byte 0xe2, 0x94, 0x80, 0xe2, 0x94, 0x80, 0x20, 0x61, 0x70, 0x69, 0x2f, 0x63, 0x68, 0x61, 0x74, 0x2f
  .byte 0x72, 0x6f, 0x75, 0x74, 0x65, 0x2e, 0x74, 0x73, 0x20, 0x20, 0x20, 0x20, 0x20, 0x20, 0x23, 0x20
  .byte 0x53, 0x74, 0x72, 0x65, 0x61, 0x6d, 0x69, 0x6e, 0x67, 0x20, 0x65, 0x6e, 0x64, 0x70, 0x6f, 0x69
  .byte 0x6e, 0x74, 0x20, 0x28, 0x4f, 0x70, 0x65, 0x6e, 0x41, 0x49, 0x20, 0x53, 0x44, 0x4b, 0x20, 0x2b
  .byte 0x20, 0x53, 0x53, 0x45, 0x2c, 0x20, 0x6e, 0x6f, 0x20, 0x74, 0x6f, 0x6f, 0x6c, 0x73, 0x29, 0x0a
  .byte 0xe2, 0x94, 0x82, 0x20, 0x20, 0x20, 0xe2, 0x94, 0x82, 0x20, 0x20, 0x20, 0xe2, 0x94, 0x9c, 0xe2
  .byte 0x94, 0x80, 0xe2, 0x94, 0x80, 0x20, 0x70, 0x61, 0x67, 0x65, 0x2e, 0x74, 0x73, 0x78, 0x20, 0x20
  .byte 0x20, 0x20, 0x20, 0x20, 0x20, 0x20, 0x20, 0x20, 0x20, 0x20, 0x20, 0x20, 0x20, 0x23, 0x20, 0x54
  .byte 0x77, 0x6f, 0x2d, 0x63, 0x6f, 0x6c, 0x75, 0x6d, 0x6e, 0x20, 0x66, 0x6f, 0x72, 0x6d, 0x20, 0x67
  .byte 0x65, 0x6e, 0x65, 0x72, 0x61, 0x74, 0x6f, 0x72, 0x20, 0x55, 0x49, 0x0a, 0xe2, 0x94, 0x82, 0x20
  .byte 0x20, 0x20, 0xe2, 0x94, 0x82, 0x20, 0x20, 0x20, 0xe2, 0x94, 0x9c, 0xe2, 0x94, 0x80, 0xe2, 0x94
  .byte 0x80, 0x20, 0x6c, 0x61, 0x79, 0x6f, 0x75, 0x74, 0x2e, 0x74, 0x73, 0x78, 0x20, 0x20, 0x20, 0x20
  .byte 0x20, 0x20, 0x20, 0x20, 0x20, 0x20, 0x20, 0x20, 0x20, 0x23, 0x20, 0x52, 0x6f, 0x6f, 0x74, 0x20
  .byte 0x6c, 0x61, 0x79, 0x6f, 0x75, 0x74, 0x20, 0x28, 0x6e, 0x6f, 0x20, 0x65, 0x78, 0x74, 0x65, 0x72
  .byte 0x6e, 0x61, 0x6c, 0x20, 0x70, 0x72, 0x6f, 0x76, 0x69, 0x64, 0x65, 0x72, 0x20, 0x6e, 0x65, 0x65
  .byte 0x64, 0x65, 0x64, 0x29, 0x0a, 0xe2, 0x94, 0x82, 0x20, 0x20, 0x20, 0xe2, 0x94, 0x82, 0x20, 0x20
  .byte 0x20, 0xe2, 0x94, 0x94, 0xe2, 0x94, 0x80, 0xe2, 0x94, 0x80, 0x20, 0x67, 0x6c, 0x6f, 0x62, 0x61
  .byte 0x6c, 0x73, 0x2e, 0x63, 0x73, 0x73, 0x20, 0x20, 0x20, 0x20, 0x20, 0x20, 0x20, 0x20, 0x20, 0x20
  .byte 0x20, 0x20, 0x23, 0x20, 0x54, 0x61, 0x69, 0x6c, 0x77, 0x69, 0x6e, 0x64, 0x20, 0x2b, 0x20, 0x48
  .byte 0x65, 0x72, 0x6f, 0x55, 0x49, 0x20, 0x73, 0x74, 0x79, 0x6c, 0x65, 0x73, 0x0a, 0xe2, 0x94, 0x82
  .byte 0x20, 0x20, 0x20, 0xe2, 0x94, 0x9c, 0xe2, 0x94, 0x80, 0xe2, 0x94, 0x80, 0x20, 0x6c, 0x69, 0x62
  .byte 0x2f, 0x0a, 0xe2, 0x94, 0x82, 0x20, 0x20, 0x20, 0xe2, 0x94, 0x82, 0x20, 0x20, 0x20, 0xe2, 0x94
  .byte 0x94, 0xe2, 0x94, 0x80, 0xe2, 0x94, 0x80, 0x20, 0x68, 0x65, 0x72, 0x6f, 0x75, 0x69, 0x2d, 0x67
  .byte 0x65, 0x6e, 0x75, 0x69, 0x2f, 0x20, 0x20, 0x20, 0x20, 0x20, 0x20, 0x20, 0x20, 0x20, 0x20, 0x23
  .byte 0x20, 0x43, 0x75, 0x73, 0x74, 0x6f, 0x6d, 0x20, 0x4f, 0x70, 0x65, 0x6e, 0x55, 0x49, 0x20, 0x63
  .byte 0x6f, 0x6d, 0x70, 0x6f, 0x6e, 0x65, 0x6e, 0x74, 0x20, 0x6c, 0x69, 0x62, 0x72, 0x61, 0x72, 0x79
  .byte 0x0a, 0xe2, 0x94, 0x82, 0x20, 0x20, 0x20, 0xe2, 0x94, 0x82, 0x20, 0x20, 0x20, 0x20, 0x20, 0x20
  .byte 0x20, 0xe2, 0x94, 0x9c, 0xe2, 0x94, 0x80, 0xe2, 0x94, 0x80, 0x20, 0x69, 0x6e, 0x64, 0x65, 0x78
  .byte 0x2e, 0x74, 0x73, 0x78, 0x20, 0x20, 0x20, 0x20, 0x20, 0x20, 0x20, 0x20, 0x20, 0x20, 0x23, 0x20
  .byte 0x4c, 0x69, 0x62, 0x72, 0x61, 0x72, 0x79, 0x20, 0x2b, 0x20, 0x68, 0x65, 0x72, 0x6f, 0x75, 0x69
  .byte 0x46, 0x6f, 0x72, 0x6d, 0x50, 0x72, 0x6f, 0x6d, 0x70, 0x74, 0x4f, 0x70, 0x74, 0x69, 0x6f, 0x6e
  .byte 0x73, 0x20, 0x65, 0x78, 0x70, 0x6f, 0x72, 0x74, 0x0a, 0xe2, 0x94, 0x82, 0x20, 0x20, 0x20, 0xe2
  .byte 0x94, 0x82, 0x20, 0x20, 0x20, 0x20, 0x20, 0x20, 0x20, 0xe2, 0x94, 0x9c, 0xe2, 0x94, 0x80, 0xe2
  .byte 0x94, 0x80, 0x20, 0x61, 0x63, 0x74, 0x69, 0x6f, 0x6e, 0x2e, 0x74, 0x73, 0x20, 0x20, 0x20, 0x20
  .byte 0x20, 0x20, 0x20, 0x20, 0x20, 0x20, 0x23, 0x20, 0x42, 0x75, 0x74, 0x74, 0x6f, 0x6e, 0x20, 0x61
  .byte 0x63, 0x74, 0x69, 0x6f, 0x6e, 0x20, 0x5a, 0x6f, 0x64, 0x20, 0x73, 0x63, 0x68, 0x65, 0x6d, 0x61
  .byte 0x73, 0x0a, 0xe2, 0x94, 0x82, 0x20, 0x20, 0x20, 0xe2, 0x94, 0x82, 0x20, 0x20, 0x20, 0x20, 0x20
  .byte 0x20, 0x20, 0xe2, 0x94, 0x9c, 0xe2, 0x94, 0x80, 0xe2, 0x94, 0x80, 0x20, 0x72, 0x75, 0x6c, 0x65
  .byte 0x73, 0x2e, 0x74, 0x73, 0x20, 0x20, 0x20, 0x20, 0x20, 0x20, 0x20, 0x20, 0x20, 0x20, 0x20, 0x23
  .byte 0x20, 0x46, 0x6f, 0x72, 0x6d, 0x20, 0x76, 0x61, 0x6c, 0x69, 0x64, 0x61, 0x74, 0x69, 0x6f, 0x6e
  .byte 0x20, 0x72, 0x75, 0x6c, 0x65, 0x20, 0x73, 0x63, 0x68, 0x65, 0x6d, 0x61, 0x73, 0x0a, 0xe2, 0x94
  .byte 0x82, 0x20, 0x20, 0x20, 0xe2, 0x94, 0x82, 0x20, 0x20, 0x20, 0x20, 0x20, 0x20, 0x20, 0xe2, 0x94
  .byte 0x94, 0xe2, 0x94, 0x80, 0xe2, 0x94, 0x80, 0x20, 0x63, 0x6f, 0x6d, 0x70, 0x6f, 0x6e, 0x65, 0x6e
  .byte 0x74, 0x73, 0x2f, 0x20, 0x20, 0x20, 0x20, 0x20, 0x20, 0x20, 0x20, 0x23, 0x20, 0x4f, 0x6e, 0x65
  .byte 0x20, 0x66, 0x69, 0x6c, 0x65, 0x20, 0x70, 0x65, 0x72, 0x20, 0x63, 0x6f, 0x6d, 0x70, 0x6f, 0x6e
  .byte 0x65, 0x6e, 0x74, 0x0a, 0xe2, 0x94, 0x82, 0x20, 0x20, 0x20, 0xe2, 0x94, 0x9c, 0xe2, 0x94, 0x80
  .byte 0xe2, 0x94, 0x80, 0x20, 0x67, 0x65, 0x6e, 0x65, 0x72, 0x61, 0x74, 0x65, 0x64, 0x2f, 0x0a, 0xe2
  .byte 0x94, 0x82, 0x20, 0x20, 0x20, 0xe2, 0x94, 0x82, 0x20, 0x20, 0x20, 0xe2, 0x94, 0x94, 0xe2, 0x94
  .byte 0x80, 0xe2, 0x94, 0x80, 0x20, 0x73, 0x79, 0x73, 0x74, 0x65, 0x6d, 0x2d, 0x70, 0x72, 0x6f, 0x6d
  .byte 0x70, 0x74, 0x2e, 0x74, 0x78, 0x74, 0x20, 0x20, 0x20, 0x20, 0x20, 0x20, 0x23, 0x20, 0x41, 0x75
  .byte 0x74, 0x6f, 0x2d, 0x67, 0x65, 0x6e, 0x65, 0x72, 0x61, 0x74, 0x65, 0x64, 0x20, 0xe2, 0x80, 0x94
  .byte 0x20, 0x64, 0x6f, 0x20, 0x6e, 0x6f, 0x74, 0x20, 0x65, 0x64, 0x69, 0x74, 0x20, 0x6d, 0x61, 0x6e
  .byte 0x75, 0x61, 0x6c, 0x6c, 0x79, 0x0a, 0xe2, 0x94, 0x82, 0x20, 0x20, 0x20, 0xe2, 0x94, 0x94, 0xe2
  .byte 0x94, 0x80, 0xe2, 0x94, 0x80, 0x20, 0x6c, 0x69, 0x62, 0x72, 0x61, 0x72, 0x79, 0x2e, 0x74, 0x73
  .byte 0x20, 0x20, 0x20, 0x20, 0x20, 0x20, 0x20, 0x20, 0x20, 0x20, 0x20, 0x20, 0x20, 0x20, 0x20, 0x20
  .byte 0x20, 0x23, 0x20, 0x43, 0x4c, 0x49, 0x20, 0x65, 0x6e, 0x74, 0x72, 0x79, 0x20, 0xe2, 0x80, 0x94
  .byte 0x20, 0x72, 0x65, 0x2d, 0x65, 0x78, 0x70, 0x6f, 0x72, 0x74, 0x73, 0x20, 0x6c, 0x69, 0x62, 0x72
  .byte 0x61, 0x72, 0x79, 0x20, 0x2b, 0x20, 0x70, 0x72, 0x6f, 0x6d, 0x70, 0x74, 0x4f, 0x70, 0x74, 0x69
  .byte 0x6f, 0x6e, 0x73, 0x0a, 0xe2, 0x94, 0x94, 0xe2, 0x94, 0x80, 0xe2, 0x94, 0x80, 0x20, 0x70, 0x61
  .byte 0x63, 0x6b, 0x61, 0x67, 0x65, 0x2e, 0x6a, 0x73, 0x6f, 0x6e, 0x0a, 0x60, 0x60, 0x60, 0x0a, 0x0a
  .byte 0x2d, 0x2d, 0x2d, 0x0a, 0x0a, 0x23, 0x23, 0x20, 0x47, 0x65, 0x74, 0x74, 0x69, 0x6e, 0x67, 0x20
  .byte 0x53, 0x74, 0x61, 0x72, 0x74, 0x65, 0x64, 0x0a, 0x0a, 0x23, 0x23, 0x23, 0x20, 0x50, 0x72, 0x65
  .byte 0x72, 0x65, 0x71, 0x75, 0x69, 0x73, 0x69, 0x74, 0x65, 0x73, 0x0a, 0x0a, 0x2d, 0x20, 0x4e, 0x6f
  .byte 0x64, 0x65, 0x2e, 0x6a, 0x73, 0x20, 0x31, 0x38, 0x2b, 0x0a, 0x2d, 0x20, 0x70, 0x6e, 0x70, 0x6d
  .byte 0x0a, 0x2d, 0x20, 0x41, 0x6e, 0x20, 0x4f, 0x70, 0x65, 0x6e, 0x41, 0x49, 0x20, 0x41, 0x50, 0x49
  .byte 0x20, 0x6b, 0x65, 0x79, 0x0a, 0x0a, 0x23, 0x23, 0x23, 0x20, 0x31, 0x2e, 0x20, 0x49, 0x6e, 0x73
  .byte 0x74, 0x61, 0x6c, 0x6c, 0x20, 0x64, 0x65, 0x70, 0x65, 0x6e, 0x64, 0x65, 0x6e, 0x63, 0x69, 0x65
  .byte 0x73, 0x0a, 0x0a, 0x60, 0x60, 0x60, 0x62, 0x61, 0x73, 0x68, 0x0a, 0x63, 0x64, 0x20, 0x65, 0x78
  .byte 0x61, 0x6d, 0x70, 0x6c, 0x65, 0x73, 0x2f, 0x66, 0x6f, 0x72, 0x6d, 0x2d, 0x67, 0x65, 0x6e, 0x65
  .byte 0x72, 0x61, 0x74, 0x6f, 0x72, 0x0a, 0x70, 0x6e, 0x70, 0x6d, 0x20, 0x69, 0x6e, 0x73, 0x74, 0x61
  .byte 0x6c, 0x6c, 0x0a, 0x60, 0x60, 0x60, 0x0a, 0x0a, 0x23, 0x23, 0x23, 0x20, 0x32, 0x2e, 0x20, 0x43
  .byte 0x6f, 0x6e, 0x66, 0x69, 0x67, 0x75, 0x72, 0x65, 0x20, 0x65, 0x6e, 0x76, 0x69, 0x72, 0x6f, 0x6e
  .byte 0x6d, 0x65, 0x6e, 0x74, 0x0a, 0x0a, 0x43, 0x72, 0x65, 0x61, 0x74, 0x65, 0x20, 0x61, 0x20, 0x60
  .byte 0x2e, 0x65, 0x6e, 0x76, 0x2e, 0x6c, 0x6f, 0x63, 0x61, 0x6c, 0x60, 0x20, 0x66, 0x69, 0x6c, 0x65
  .byte 0x20, 0x69, 0x6e, 0x20, 0x74, 0x68, 0x65, 0x20, 0x60, 0x65, 0x78, 0x61, 0x6d, 0x70, 0x6c, 0x65
  .byte 0x73, 0x2f, 0x66, 0x6f, 0x72, 0x6d, 0x2d, 0x67, 0x65, 0x6e, 0x65, 0x72, 0x61, 0x74, 0x6f, 0x72
  .byte 0x2f, 0x60, 0x20, 0x64, 0x69, 0x72, 0x65, 0x63, 0x74, 0x6f, 0x72, 0x79, 0x3a, 0x0a, 0x0a, 0x60
  .byte 0x60, 0x60, 0x0a, 0x4f, 0x50, 0x45, 0x4e, 0x41, 0x49, 0x5f, 0x41, 0x50, 0x49, 0x5f, 0x4b, 0x45
  .byte 0x59, 0x3d, 0x73, 0x6b, 0x2d, 0x2e, 0x2e, 0x2e, 0x0a, 0x60, 0x60, 0x60, 0x0a, 0x0a, 0x23, 0x23
  .byte 0x23, 0x20, 0x33, 0x2e, 0x20, 0x53, 0x74, 0x61, 0x72, 0x74, 0x20, 0x74, 0x68, 0x65, 0x20, 0x64
  .byte 0x65, 0x76, 0x20, 0x73, 0x65, 0x72, 0x76, 0x65, 0x72, 0x0a, 0x0a, 0x60, 0x60, 0x60, 0x62, 0x61
  .byte 0x73, 0x68, 0x0a, 0x70, 0x6e, 0x70, 0x6d, 0x20, 0x64, 0x65, 0x76, 0x0a, 0x60, 0x60, 0x60, 0x0a
  .byte 0x0a, 0x54, 0x68, 0x69, 0x73, 0x20, 0x72, 0x75, 0x6e, 0x73, 0x20, 0x60, 0x67, 0x65, 0x6e, 0x65
  .byte 0x72, 0x61, 0x74, 0x65, 0x3a, 0x70, 0x72, 0x6f, 0x6d, 0x70, 0x74, 0x60, 0x20, 0x66, 0x69, 0x72
  .byte 0x73, 0x74, 0x20, 0x28, 0x62, 0x75, 0x69, 0x6c, 0x64, 0x73, 0x20, 0x74, 0x68, 0x65, 0x20, 0x4f
  .byte 0x70, 0x65, 0x6e, 0x55, 0x49, 0x20, 0x43, 0x4c, 0x49, 0x2c, 0x20, 0x63, 0x6f, 0x6d, 0x70, 0x69
  .byte 0x6c, 0x65, 0x73, 0x20, 0x60, 0x73, 0x72, 0x63, 0x2f, 0x6c, 0x69, 0x62, 0x72, 0x61, 0x72, 0x79
  .byte 0x2e, 0x74, 0x73, 0x60, 0x20, 0xe2, 0x86, 0x92, 0x20, 0x60, 0x73, 0x72, 0x63, 0x2f, 0x67, 0x65
  .byte 0x6e, 0x65, 0x72, 0x61, 0x74, 0x65, 0x64, 0x2f, 0x73, 0x79, 0x73, 0x74, 0x65, 0x6d, 0x2d, 0x70
  .byte 0x72, 0x6f, 0x6d, 0x70, 0x74, 0x2e, 0x74, 0x78, 0x74, 0x60, 0x29, 0x20, 0x74, 0x68, 0x65, 0x6e
  .byte 0x20, 0x73, 0x74, 0x61, 0x72, 0x74, 0x73, 0x20, 0x74, 0x68, 0x65, 0x20, 0x4e, 0x65, 0x78, 0x74
  .byte 0x2e, 0x6a, 0x73, 0x20, 0x64, 0x65, 0x76, 0x20, 0x73, 0x65, 0x72, 0x76, 0x65, 0x72, 0x20, 0x61
  .byte 0x74, 0x20, 0x60, 0x68, 0x74, 0x74, 0x70, 0x3a, 0x2f, 0x2f, 0x6c, 0x6f, 0x63, 0x61, 0x6c, 0x68
  .byte 0x6f, 0x73, 0x74, 0x3a, 0x33, 0x30, 0x30, 0x30, 0x60, 0x2e, 0x0a, 0x0a, 0x2d, 0x2d, 0x2d, 0x0a
  .byte 0x0a, 0x23, 0x23, 0x20, 0x57, 0x68, 0x61, 0x74, 0x27, 0x73, 0x20, 0x69, 0x6e, 0x20, 0x54, 0x68
  .byte 0x69, 0x73, 0x20, 0x45, 0x78, 0x61, 0x6d, 0x70, 0x6c, 0x65, 0x0a, 0x0a, 0x23, 0x23, 0x23, 0x20
  .byte 0x53, 0x79, 0x73, 0x74, 0x65, 0x6d, 0x20, 0x50, 0x72, 0x6f, 0x6d, 0x70, 0x74, 0x20, 0x47, 0x65
  .byte 0x6e, 0x65, 0x72, 0x61, 0x74, 0x69, 0x6f, 0x6e, 0x0a, 0x0a, 0x43, 0x6f, 0x6d, 0x70, 0x6f, 0x6e
  .byte 0x65, 0x6e, 0x74, 0x20, 0x64, 0x65, 0x66, 0x69, 0x6e, 0x69, 0x74, 0x69, 0x6f, 0x6e, 0x73, 0x20
  .byte 0x61, 0x6e, 0x64, 0x20, 0x66, 0x6f, 0x72, 0x6d, 0x2d, 0x66, 0x6f, 0x63, 0x75, 0x73, 0x65, 0x64
  .byte 0x20, 0x70, 0x72, 0x6f, 0x6d, 0x70, 0x74, 0x20, 0x6f, 0x70, 0x74, 0x69, 0x6f, 0x6e, 0x73, 0x20
  .byte 0x6c, 0x69, 0x76, 0x65, 0x20, 0x69, 0x6e, 0x20, 0x60, 0x73, 0x72, 0x63, 0x2f, 0x6c, 0x69, 0x62
  .byte 0x2f, 0x68, 0x65, 0x72, 0x6f, 0x75, 0x69, 0x2d, 0x67, 0x65, 0x6e, 0x75, 0x69, 0x2f, 0x69, 0x6e
  .byte 0x64, 0x65, 0x78, 0x2e, 0x74, 0x73, 0x78, 0x60, 0x20, 0x28, 0x60, 0x63, 0x72, 0x65, 0x61, 0x74
  .byte 0x65, 0x4c, 0x69, 0x62, 0x72, 0x61, 0x72, 0x79, 0x28, 0x29, 0x60, 0x2c, 0x20, 0x60, 0x68, 0x65
  .byte 0x72, 0x6f, 0x75, 0x69, 0x46, 0x6f, 0x72, 0x6d, 0x50, 0x72, 0x6f, 0x6d, 0x70, 0x74, 0x4f, 0x70
  .byte 0x74, 0x69, 0x6f, 0x6e, 0x73, 0x60, 0x29, 0x2e, 0x20, 0x54, 0x68, 0x65, 0x20, 0x66, 0x69, 0x6c
  .byte 0x65, 0x20, 0x60, 0x73, 0x72, 0x63, 0x2f, 0x6c, 0x69, 0x62, 0x72, 0x61, 0x72, 0x79, 0x2e, 0x74
  .byte 0x73, 0x60, 0x20, 0x72, 0x65, 0x2d, 0x65, 0x78, 0x70, 0x6f, 0x72, 0x74, 0x73, 0x20, 0x74, 0x68
  .byte 0x65, 0x6d, 0x20, 0x61, 0x73, 0x20, 0x60, 0x6c, 0x69, 0x62, 0x72, 0x61, 0x72, 0x79, 0x60, 0x20
  .byte 0x61, 0x6e, 0x64, 0x20, 0x60, 0x70, 0x72, 0x6f, 0x6d, 0x70, 0x74, 0x4f, 0x70, 0x74, 0x69, 0x6f
  .byte 0x6e, 0x73, 0x60, 0x20, 0x66, 0x6f, 0x72, 0x20, 0x74, 0x68, 0x65, 0x20, 0x4f, 0x70, 0x65, 0x6e
  .byte 0x55, 0x49, 0x20, 0x43, 0x4c, 0x49, 0x2e, 0x0a, 0x0a, 0x57, 0x68, 0x65, 0x6e, 0x20, 0x79, 0x6f
  .byte 0x75, 0x20, 0x72, 0x75, 0x6e, 0x20, 0x60, 0x70, 0x6e, 0x70, 0x6d, 0x20, 0x64, 0x65, 0x76, 0x60
  .byte 0x20, 0x6f, 0x72, 0x20, 0x60, 0x70, 0x6e, 0x70, 0x6d, 0x20, 0x67, 0x65, 0x6e, 0x65, 0x72, 0x61
  .byte 0x74, 0x65, 0x3a, 0x70, 0x72, 0x6f, 0x6d, 0x70, 0x74, 0x60, 0x2c, 0x20, 0x74, 0x68, 0x65, 0x20
  .byte 0x43, 0x4c, 0x49, 0x20, 0x67, 0x65, 0x6e, 0x65, 0x72, 0x61, 0x74, 0x65, 0x73, 0x20, 0x60, 0x73
  .byte 0x72, 0x63, 0x2f, 0x67, 0x65, 0x6e, 0x65, 0x72, 0x61, 0x74, 0x65, 0x64, 0x2f, 0x73, 0x79, 0x73
  .byte 0x74, 0x65, 0x6d, 0x2d, 0x70, 0x72, 0x6f, 0x6d, 0x70, 0x74, 0x2e, 0x74, 0x78, 0x74, 0x60, 0x20
  .byte 0xe2, 0x80, 0x94, 0x20, 0x61, 0x20, 0x66, 0x69, 0x6c, 0x65, 0x20, 0x6c, 0x69, 0x73, 0x74, 0x69
  .byte 0x6e, 0x67, 0x20, 0x65, 0x76, 0x65, 0x72, 0x79, 0x20, 0x66, 0x6f, 0x72, 0x6d, 0x20, 0x63, 0x6f
  .byte 0x6d, 0x70, 0x6f, 0x6e, 0x65, 0x6e, 0x74, 0x27, 0x73, 0x20, 0x6e, 0x61, 0x6d, 0x65, 0x2c, 0x20
  .byte 0x70, 0x72, 0x6f, 0x70, 0x20, 0x73, 0x63, 0x68, 0x65, 0x6d, 0x61, 0x2c, 0x20, 0x64, 0x65, 0x73
  .byte 0x63, 0x72, 0x69, 0x70, 0x74, 0x69, 0x6f, 0x6e, 0x2c, 0x20, 0x61, 0x6e, 0x64, 0x20, 0x65, 0x78
  .byte 0x61, 0x6d, 0x70, 0x6c, 0x65, 0x73, 0x2e, 0x20, 0x54, 0x68, 0x69, 0x73, 0x20, 0x69, 0x73, 0x20
  .byte 0x74, 0x68, 0x65, 0x20, 0x4c, 0x4c, 0x4d, 0x27, 0x73, 0x20, 0x73, 0x79, 0x73, 0x74, 0x65, 0x6d
  .byte 0x20, 0x70, 0x72, 0x6f, 0x6d, 0x70, 0x74, 0x2e, 0x0a, 0x0a, 0x60, 0x68, 0x65, 0x72, 0x6f, 0x75
  .byte 0x69, 0x46, 0x6f, 0x72, 0x6d, 0x50, 0x72, 0x6f, 0x6d, 0x70, 0x74, 0x4f, 0x70, 0x74, 0x69, 0x6f
  .byte 0x6e, 0x73, 0x60, 0x20, 0x69, 0x6e, 0x63, 0x6c, 0x75, 0x64, 0x65, 0x73, 0x3a, 0x0a, 0x2d, 0x20
  .byte 0x2a, 0x2a, 0x4e, 0x6f, 0x20, 0x69, 0x6e, 0x6c, 0x69, 0x6e, 0x65, 0x20, 0x65, 0x78, 0x61, 0x6d
  .byte 0x70, 0x6c, 0x65, 0x73, 0x2a, 0x2a, 0x20, 0xe2, 0x80, 0x94, 0x20, 0x74, 0x68, 0x65, 0x20, 0x73
  .byte 0x79, 0x73, 0x74, 0x65, 0x6d, 0x20, 0x70, 0x72, 0x6f, 0x6d, 0x70, 0x74, 0x20, 0x69, 0x73, 0x20
  .byte 0x64, 0x65, 0x72, 0x69, 0x76, 0x65, 0x64, 0x20, 0x70, 0x75, 0x72, 0x65, 0x6c, 0x79, 0x20, 0x66
  .byte 0x72, 0x6f, 0x6d, 0x20, 0x63, 0x6f, 0x6d, 0x70, 0x6f, 0x6e, 0x65, 0x6e, 0x74, 0x20, 0x73, 0x69
  .byte 0x67, 0x6e, 0x61, 0x74, 0x75, 0x72, 0x65, 0x73, 0x20, 0x61, 0x6e, 0x64, 0x20, 0x74, 0x68, 0x65
  .byte 0x20, 0x61, 0x64, 0x64, 0x69, 0x74, 0x69, 0x6f, 0x6e, 0x61, 0x6c, 0x20, 0x72, 0x75, 0x6c, 0x65
  .byte 0x73, 0x20, 0x62, 0x65, 0x6c, 0x6f, 0x77, 0x0a, 0x2d, 0x20, 0x2a, 0x2a, 0x52, 0x75, 0x6c, 0x65
  .byte 0x73, 0x2a, 0x2a, 0x20, 0x74, 0x68, 0x61, 0x74, 0x20, 0x69, 0x6e, 0x73, 0x74, 0x72, 0x75, 0x63
  .byte 0x74, 0x20, 0x74, 0x68, 0x65, 0x20, 0x6d, 0x6f, 0x64, 0x65, 0x6c, 0x20, 0x74, 0x6f, 0x3a, 0x20
  .byte 0x61, 0x6c, 0x77, 0x61, 0x79, 0x73, 0x20, 0x75, 0x73, 0x65, 0x20, 0x60, 0x46, 0x6f, 0x72, 0x6d
  .byte 0x60, 0x20, 0x61, 0x73, 0x20, 0x74, 0x68, 0x65, 0x20, 0x72, 0x6f, 0x6f, 0x74, 0x20, 0x65, 0x6c
  .byte 0x65, 0x6d, 0x65, 0x6e, 0x74, 0x2c, 0x20, 0x61, 0x6c, 0x77, 0x61, 0x79, 0x73, 0x20, 0x69, 0x6e
  .byte 0x63, 0x6c, 0x75, 0x64, 0x65, 0x20, 0x60, 0x42, 0x75, 0x74, 0x74, 0x6f, 0x6e, 0x73, 0x60, 0x20
  .byte 0x77, 0x69, 0x74, 0x68, 0x20, 0x61, 0x20, 0x70, 0x72, 0x69, 0x6d, 0x61, 0x72, 0x79, 0x20, 0x73
  .byte 0x75, 0x62, 0x6d, 0x69, 0x74, 0x2c, 0x20, 0x64, 0x65, 0x66, 0x69, 0x6e, 0x65, 0x20, 0x65, 0x61
  .byte 0x63, 0x68, 0x20, 0x60, 0x46, 0x6f, 0x72, 0x6d, 0x43, 0x6f, 0x6e, 0x74, 0x72, 0x6f, 0x6c, 0x60
  .byte 0x20, 0x61, 0x73, 0x20, 0x69, 0x74, 0x73, 0x20, 0x6f, 0x77, 0x6e, 0x20, 0x72, 0x65, 0x66, 0x65
  .byte 0x72, 0x65, 0x6e, 0x63, 0x65, 0x20, 0x66, 0x6f, 0x72, 0x20, 0x73, 0x74, 0x72, 0x65, 0x61, 0x6d
  .byte 0x69, 0x6e, 0x67, 0x2c, 0x20, 0x74, 0x72, 0x65, 0x61, 0x74, 0x20, 0x66, 0x6f, 0x6c, 0x6c, 0x6f
  .byte 0x77, 0x2d, 0x75, 0x70, 0x20, 0x69, 0x6e, 0x73, 0x74, 0x72, 0x75, 0x63, 0x74, 0x69, 0x6f, 0x6e
  .byte 0x73, 0x20, 0x61, 0x73, 0x20, 0x72, 0x65, 0x66, 0x69, 0x6e, 0x65, 0x6d, 0x65, 0x6e, 0x74, 0x73
  .byte 0x20, 0x6f, 0x66, 0x20, 0x74, 0x68, 0x65, 0x20, 0x63, 0x75, 0x72, 0x72, 0x65, 0x6e, 0x74, 0x20
  .byte 0x66, 0x6f, 0x72, 0x6d, 0x0a, 0x0a, 0x52, 0x65, 0x2d, 0x72, 0x75, 0x6e, 0x20, 0x67, 0x65, 0x6e
  .byte 0x65, 0x72, 0x61, 0x74, 0x69, 0x6f, 0x6e, 0x20, 0x61, 0x6e, 0x79, 0x20, 0x74, 0x69, 0x6d, 0x65
  .byte 0x20, 0x79, 0x6f, 0x75, 0x20, 0x63, 0x68, 0x61, 0x6e, 0x67, 0x65, 0x20, 0x63, 0x6f, 0x6d, 0x70
  .byte 0x6f, 0x6e, 0x65, 0x6e, 0x74, 0x20, 0x64, 0x65, 0x66, 0x69, 0x6e, 0x69, 0x74, 0x69, 0x6f, 0x6e
  .byte 0x73, 0x3a, 0x0a, 0x0a, 0x60, 0x60, 0x60, 0x62, 0x61, 0x73, 0x68, 0x0a, 0x70, 0x6e, 0x70, 0x6d
  .byte 0x20, 0x67, 0x65, 0x6e, 0x65, 0x72, 0x61, 0x74, 0x65, 0x3a, 0x70, 0x72, 0x6f, 0x6d, 0x70, 0x74
  .byte 0x0a, 0x60, 0x60, 0x60, 0x0a, 0x0a, 0x23, 0x23, 0x23, 0x20, 0x60, 0x73, 0x72, 0x63, 0x2f, 0x61
  .byte 0x70, 0x70, 0x2f, 0x61, 0x70, 0x69, 0x2f, 0x63, 0x68, 0x61, 0x74, 0x2f, 0x72, 0x6f, 0x75, 0x74
  .byte 0x65, 0x2e, 0x74, 0x73, 0x60, 0x20, 0xe2, 0x80, 0x94, 0x20, 0x42, 0x61, 0x63, 0x6b, 0x65, 0x6e
  .byte 0x64, 0x0a, 0x0a, 0x41, 0x63, 0x63, 0x65, 0x70, 0x74, 0x73, 0x20, 0x60, 0x50, 0x4f, 0x53, 0x54
  .byte 0x20, 0x2f, 0x61, 0x70, 0x69, 0x2f, 0x63, 0x68, 0x61, 0x74, 0x60, 0x20, 0x77, 0x69, 0x74, 0x68
  .byte 0x20, 0x61, 0x20, 0x60, 0x6d, 0x65, 0x73, 0x73, 0x61, 0x67, 0x65, 0x73, 0x60, 0x20, 0x61, 0x72
  .byte 0x72, 0x61, 0x79, 0x2c, 0x20, 0x70, 0x72, 0x65, 0x70, 0x65, 0x6e, 0x64, 0x73, 0x20, 0x74, 0x68
  .byte 0x65, 0x20, 0x73, 0x79, 0x73, 0x74, 0x65, 0x6d, 0x20, 0x70, 0x72, 0x6f, 0x6d, 0x70, 0x74, 0x2c
  .byte 0x20, 0x61, 0x6e, 0x64, 0x20, 0x73, 0x74, 0x72, 0x65, 0x61, 0x6d, 0x73, 0x20, 0x74, 0x68, 0x65
  .byte 0x20, 0x4c, 0x4c, 0x4d, 0x20, 0x72, 0x65, 0x73, 0x70, 0x6f, 0x6e, 0x73, 0x65, 0x20, 0x61, 0x73
  .byte 0x20, 0x2a, 0x2a, 0x53, 0x65, 0x72, 0x76, 0x65, 0x72, 0x2d, 0x53, 0x65, 0x6e, 0x74, 0x20, 0x45
  .byte 0x76, 0x65, 0x6e, 0x74, 0x73, 0x20, 0x28, 0x53, 0x53, 0x45, 0x29, 0x2a, 0x2a, 0x20, 0x63, 0x6f
  .byte 0x6d, 0x70, 0x61, 0x74, 0x69, 0x62, 0x6c, 0x65, 0x20, 0x77, 0x69, 0x74, 0x68, 0x20, 0x60, 0x6f
  .byte 0x70, 0x65, 0x6e, 0x41, 0x49, 0x41, 0x64, 0x61, 0x70, 0x74, 0x65, 0x72, 0x28, 0x29, 0x60, 0x2e
  .byte 0x0a, 0x0a, 0x54, 0x6f, 0x6f, 0x6c, 0x73, 0x20, 0x61, 0x72, 0x65, 0x20, 0x69, 0x6e, 0x74, 0x65
  .byte 0x6e, 0x74, 0x69, 0x6f, 0x6e, 0x61, 0x6c, 0x6c, 0x79, 0x20, 0x6f, 0x6d, 0x69, 0x74, 0x74, 0x65
  .byte 0x64, 0x20, 0xe2, 0x80, 0x94, 0x20, 0x74, 0x68, 0x65, 0x20, 0x6d, 0x6f, 0x64, 0x65, 0x6c, 0x20
  .byte 0x66, 0x6f, 0x63, 0x75, 0x73, 0x65, 0x73, 0x20, 0x70, 0x75, 0x72, 0x65, 0x6c, 0x79, 0x20, 0x6f
  .byte 0x6e, 0x20, 0x67, 0x65, 0x6e, 0x65, 0x72, 0x61, 0x74, 0x69, 0x6e, 0x67, 0x20, 0x4f, 0x70, 0x65
  .byte 0x6e, 0x55, 0x49, 0x20, 0x4c, 0x61, 0x6e, 0x67, 0x20, 0x66, 0x6f, 0x72, 0x6d, 0x20, 0x64, 0x65
  .byte 0x66, 0x69, 0x6e, 0x69, 0x74, 0x69, 0x6f, 0x6e, 0x73, 0x2e, 0x0a, 0x0a, 0x23, 0x23, 0x23, 0x20
  .byte 0x60, 0x73, 0x72, 0x63, 0x2f, 0x61, 0x70, 0x70, 0x2f, 0x70, 0x61, 0x67, 0x65, 0x2e, 0x74, 0x73
  .byte 0x78, 0x60, 0x20, 0xe2, 0x80, 0x94, 0x20, 0x46, 0x72, 0x6f, 0x6e, 0x74, 0x65, 0x6e, 0x64, 0x0a
  .byte 0x0a, 0x54, 0x77, 0x6f, 0x2d, 0x63, 0x6f, 0x6c, 0x75, 0x6d, 0x6e, 0x20, 0x6c, 0x61, 0x79, 0x6f
  .byte 0x75, 0x74, 0x20, 0x62, 0x75, 0x69, 0x6c, 0x74, 0x20, 0x65, 0x6e, 0x74, 0x69, 0x72, 0x65, 0x6c
  .byte 0x79, 0x20, 0x77, 0x69, 0x74, 0x68, 0x20, 0x60, 0x40, 0x68, 0x65, 0x72, 0x6f, 0x75, 0x69, 0x2f
  .byte 0x72, 0x65, 0x61, 0x63, 0x74, 0x60, 0x3a, 0x0a, 0x0a, 0x7c, 0x20, 0x50, 0x61, 0x6e, 0x65, 0x6c
  .byte 0x20, 0x7c, 0x20, 0x43, 0x6f, 0x6e, 0x74, 0x65, 0x6e, 0x74, 0x73, 0x20, 0x7c, 0x0a, 0x7c, 0x20
  .byte 0x2d, 0x2d, 0x2d, 0x2d, 0x2d, 0x20, 0x7c, 0x20, 0x2d, 0x2d, 0x2d, 0x2d, 0x2d, 0x2d, 0x2d, 0x2d
  .byte 0x20, 0x7c, 0x0a, 0x7c, 0x20, 0x2a, 0x2a, 0x4c, 0x65, 0x66, 0x74, 0x2a, 0x2a, 0x20, 0x7c, 0x20
  .byte 0x60, 0x54, 0x65, 0x78, 0x74, 0x41, 0x72, 0x65, 0x61, 0x60, 0x20, 0x66, 0x6f, 0x72, 0x20, 0x69
  .byte 0x6e, 0x73, 0x74, 0x72, 0x75, 0x63, 0x74, 0x69, 0x6f, 0x6e, 0x73, 0x2c, 0x20, 0x60, 0x42, 0x75
  .byte 0x74, 0x74, 0x6f, 0x6e, 0x60, 0x20, 0x74, 0x6f, 0x20, 0x67, 0x65, 0x6e, 0x65, 0x72, 0x61, 0x74
  .byte 0x65, 0x2f, 0x72, 0x65, 0x66, 0x69, 0x6e, 0x65, 0x2c, 0x20, 0x65, 0x78, 0x61, 0x6d, 0x70, 0x6c
  .byte 0x65, 0x20, 0x60, 0x43, 0x68, 0x69, 0x70, 0x60, 0x73, 0x2c, 0x20, 0x69, 0x6e, 0x73, 0x74, 0x72
  .byte 0x75, 0x63, 0x74, 0x69, 0x6f, 0x6e, 0x20, 0x68, 0x69, 0x73, 0x74, 0x6f, 0x72, 0x79, 0x20, 0x7c
  .byte 0x0a, 0x7c, 0x20, 0x2a, 0x2a, 0x52, 0x69, 0x67, 0x68, 0x74, 0x2a, 0x2a, 0x20, 0x7c, 0x20, 0x60
  .byte 0x3c, 0x52, 0x65, 0x6e, 0x64, 0x65, 0x72, 0x65, 0x72, 0x3e, 0x60, 0x20, 0x69, 0x6e, 0x73, 0x69
  .byte 0x64, 0x65, 0x20, 0x61, 0x20, 0x60, 0x43, 0x61, 0x72, 0x64, 0x60, 0x20, 0xe2, 0x80, 0x94, 0x20
  .byte 0x6c, 0x69, 0x76, 0x65, 0x20, 0x4f, 0x70, 0x65, 0x6e, 0x55, 0x49, 0x20, 0x4c, 0x61, 0x6e, 0x67
  .byte 0x20, 0x70, 0x72, 0x65, 0x76, 0x69, 0x65, 0x77, 0x2c, 0x20, 0x73, 0x63, 0x72, 0x6f, 0x6c, 0x6c
  .byte 0x61, 0x62, 0x6c, 0x65, 0x2c, 0x20, 0x75, 0x70, 0x64, 0x61, 0x74, 0x65, 0x73, 0x20, 0x6f, 0x6e
  .byte 0x20, 0x65, 0x61, 0x63, 0x68, 0x20, 0x69, 0x74, 0x65, 0x72, 0x61, 0x74, 0x69, 0x6f, 0x6e, 0x20
  .byte 0x7c, 0x0a, 0x0a, 0x4b, 0x65, 0x79, 0x20, 0x63, 0x6c, 0x69, 0x65, 0x6e, 0x74, 0x2d, 0x73, 0x69
  .byte 0x64, 0x65, 0x20, 0x73, 0x74, 0x61, 0x74, 0x65, 0x3a, 0x0a, 0x0a, 0x7c, 0x20, 0x53, 0x74, 0x61
  .byte 0x74, 0x65, 0x20, 0x7c, 0x20, 0x50, 0x75, 0x72, 0x70, 0x6f, 0x73, 0x65, 0x20, 0x7c, 0x0a, 0x7c
  .byte 0x20, 0x2d, 0x2d, 0x2d, 0x2d, 0x2d, 0x20, 0x7c, 0x20, 0x2d, 0x2d, 0x2d, 0x2d, 0x2d, 0x2d, 0x2d
  .byte 0x20, 0x7c, 0x0a, 0x7c, 0x20, 0x60, 0x6d, 0x65, 0x73, 0x73, 0x61, 0x67, 0x65, 0x73, 0x60, 0x20
  .byte 0x7c, 0x20, 0x49, 0x6e, 0x2d, 0x6d, 0x65, 0x6d, 0x6f, 0x72, 0x79, 0x20, 0x4f, 0x70, 0x65, 0x6e
  .byte 0x41, 0x49, 0x2d, 0x73, 0x68, 0x61, 0x70, 0x65, 0x64, 0x20, 0x6d, 0x65, 0x73, 0x73, 0x61, 0x67
  .byte 0x65, 0x20, 0x6c, 0x69, 0x73, 0x74, 0x20, 0x73, 0x65, 0x6e, 0x74, 0x20, 0x6f, 0x6e, 0x20, 0x65
  .byte 0x76, 0x65, 0x72, 0x79, 0x20, 0x72, 0x65, 0x71, 0x75, 0x65, 0x73, 0x74, 0x20, 0x7c, 0x0a, 0x7c
  .byte 0x20, 0x60, 0x6c, 0x61, 0x74, 0x65, 0x73, 0x74, 0x43, 0x6f, 0x64, 0x65, 0x60, 0x20, 0x7c, 0x20
  .byte 0x4c, 0x61, 0x73, 0x74, 0x20, 0x61, 0x73, 0x73, 0x69, 0x73, 0x74, 0x61, 0x6e, 0x74, 0x27, 0x73
  .byte 0x20, 0x4f, 0x70, 0x65, 0x6e, 0x55, 0x49, 0x20, 0x4c, 0x61, 0x6e, 0x67, 0x20, 0x74, 0x65, 0x78
  .byte 0x74, 0x3b, 0x20, 0x70, 0x61, 0x73, 0x73, 0x65, 0x64, 0x20, 0x61, 0x73, 0x20, 0x60, 0x52, 0x65
  .byte 0x6e, 0x64, 0x65, 0x72, 0x65, 0x72, 0x60, 0x20, 0x60, 0x72, 0x65, 0x73, 0x70, 0x6f, 0x6e, 0x73
  .byte 0x65, 0x60, 0x20, 0x7c, 0x0a, 0x7c, 0x20, 0x60, 0x73, 0x74, 0x72, 0x65, 0x61, 0x6d, 0x69, 0x6e
  .byte 0x67, 0x43, 0x6f, 0x64, 0x65, 0x60, 0x20, 0x7c, 0x20, 0x41, 0x63, 0x63, 0x75, 0x6d, 0x75, 0x6c
  .byte 0x61, 0x74, 0x65, 0x73, 0x20, 0x74, 0x6f, 0x6b, 0x65, 0x6e, 0x73, 0x20, 0x6c, 0x69, 0x76, 0x65
  .byte 0x3b, 0x20, 0x70, 0x61, 0x73, 0x73, 0x65, 0x64, 0x20, 0x64, 0x75, 0x72, 0x69, 0x6e, 0x67, 0x20
  .byte 0x73, 0x74, 0x72, 0x65, 0x61, 0x6d, 0x69, 0x6e, 0x67, 0x20, 0x7c, 0x0a, 0x7c, 0x20, 0x60, 0x66
  .byte 0x6f, 0x72, 0x6d, 0x46, 0x69, 0x65, 0x6c, 0x64, 0x53, 0x6e, 0x61, 0x70, 0x73, 0x68, 0x6f, 0x74
  .byte 0x60, 0x20, 0x7c, 0x20, 0x43, 0x75, 0x72, 0x72, 0x65, 0x6e, 0x74, 0x20, 0x66, 0x6f, 0x72, 0x6d
  .byte 0x20, 0x66, 0x69, 0x65, 0x6c, 0x64, 0x20, 0x76, 0x61, 0x6c, 0x75, 0x65, 0x73, 0x20, 0x66, 0x72
  .byte 0x6f, 0x6d, 0x20, 0x60, 0x52, 0x65, 0x6e, 0x64, 0x65, 0x72, 0x65, 0x72, 0x60, 0x20, 0x60, 0x6f
  .byte 0x6e, 0x53, 0x74, 0x61, 0x74, 0x65, 0x55, 0x70, 0x64, 0x61, 0x74, 0x65, 0x60, 0x3b, 0x20, 0x75
  .byte 0x73, 0x65, 0x64, 0x20, 0x66, 0x6f, 0x72, 0x20, 0x60, 0x69, 0x6e, 0x69, 0x74, 0x69, 0x61, 0x6c
  .byte 0x53, 0x74, 0x61, 0x74, 0x65, 0x60, 0x20, 0x61, 0x6e, 0x64, 0x20, 0x6f, 0x70, 0x74, 0x69, 0x6f
  .byte 0x6e, 0x61, 0x6c, 0x6c, 0x79, 0x20, 0x70, 0x72, 0x65, 0x70, 0x65, 0x6e, 0x64, 0x65, 0x64, 0x20
  .byte 0x74, 0x6f, 0x20, 0x6e, 0x65, 0x78, 0x74, 0x20, 0x75, 0x73, 0x65, 0x72, 0x20, 0x6d, 0x65, 0x73
  .byte 0x73, 0x61, 0x67, 0x65, 0x20, 0x7c, 0x0a, 0x0a, 0x23, 0x23, 0x23, 0x20, 0x60, 0x73, 0x72, 0x63
  .byte 0x2f, 0x6c, 0x69, 0x62, 0x2f, 0x68, 0x65, 0x72, 0x6f, 0x75, 0x69, 0x2d, 0x67, 0x65, 0x6e, 0x75
  .byte 0x69, 0x2f, 0x60, 0x20, 0xe2, 0x80, 0x94, 0x20, 0x43, 0x75, 0x73, 0x74, 0x6f, 0x6d, 0x20, 0x43
  .byte 0x6f, 0x6d, 0x70, 0x6f, 0x6e, 0x65, 0x6e, 0x74, 0x20, 0x4c, 0x69, 0x62, 0x72, 0x61, 0x72, 0x79
  .byte 0x0a, 0x0a, 0x45, 0x61, 0x63, 0x68, 0x20, 0x63, 0x6f, 0x6d, 0x70, 0x6f, 0x6e, 0x65, 0x6e, 0x74
  .byte 0x20, 0x69, 0x73, 0x20, 0x64, 0x65, 0x66, 0x69, 0x6e, 0x65, 0x64, 0x20, 0x77, 0x69, 0x74, 0x68
  .byte 0x20, 0x60, 0x64, 0x65, 0x66, 0x69, 0x6e, 0x65, 0x43, 0x6f, 0x6d, 0x70, 0x6f, 0x6e, 0x65, 0x6e
  .byte 0x74, 0x28, 0x29, 0x60, 0x20, 0x66, 0x72, 0x6f, 0x6d, 0x20, 0x60, 0x40, 0x6f, 0x70, 0x65, 0x6e
  .byte 0x75, 0x69, 0x64, 0x65, 0x76, 0x2f, 0x72, 0x65, 0x61, 0x63, 0x74, 0x2d, 0x6c, 0x61, 0x6e, 0x67
  .byte 0x60, 0x3a, 0x0a, 0x0a, 0x2d, 0x20, 0x60, 0x6e, 0x61, 0x6d, 0x65, 0x60, 0x20, 0xe2, 0x80, 0x94
  .byte 0x20, 0x74, 0x68, 0x65, 0x20, 0x4f, 0x70, 0x65, 0x6e, 0x55, 0x49, 0x20, 0x4c, 0x61, 0x6e, 0x67
  .byte 0x20, 0x6e, 0x6f, 0x64, 0x65, 0x20, 0x6e, 0x61, 0x6d, 0x65, 0x20, 0x74, 0x68, 0x65, 0x20, 0x4c
  .byte 0x4c, 0x4d, 0x20, 0x77, 0x69, 0x6c, 0x6c, 0x20, 0x65, 0x6d, 0x69, 0x74, 0x0a, 0x2d, 0x20, 0x60
  .byte 0x70, 0x72, 0x6f, 0x70, 0x73, 0x60, 0x20, 0xe2, 0x80, 0x94, 0x20, 0x61, 0x20, 0x5a, 0x6f, 0x64
  .byte 0x20, 0x73, 0x63, 0x68, 0x65, 0x6d, 0x61, 0x20, 0x74, 0x68, 0x61, 0x74, 0x20, 0x76, 0x61, 0x6c
  .byte 0x69, 0x64, 0x61, 0x74, 0x65, 0x73, 0x20, 0x61, 0x6e, 0x64, 0x20, 0x74, 0x79, 0x70, 0x65, 0x73
  .byte 0x20, 0x74, 0x68, 0x65, 0x20, 0x6e, 0x6f, 0x64, 0x65, 0x27, 0x73, 0x20, 0x70, 0x72, 0x6f, 0x70
  .byte 0x73, 0x20, 0x61, 0x73, 0x20, 0x74, 0x68, 0x65, 0x79, 0x20, 0x73, 0x74, 0x72, 0x65, 0x61, 0x6d
  .byte 0x20, 0x69, 0x6e, 0x0a, 0x2d, 0x20, 0x60, 0x64, 0x65, 0x73, 0x63, 0x72, 0x69, 0x70, 0x74, 0x69
  .byte 0x6f, 0x6e, 0x60, 0x20, 0xe2, 0x80, 0x94, 0x20, 0x69, 0x6e, 0x63, 0x6c, 0x75, 0x64, 0x65, 0x64
  .byte 0x20, 0x69, 0x6e, 0x20, 0x74, 0x68, 0x65, 0x20, 0x73, 0x79, 0x73, 0x74, 0x65, 0x6d, 0x20, 0x70
  .byte 0x72, 0x6f, 0x6d, 0x70, 0x74, 0x0a, 0x2d, 0x20, 0x60, 0x63, 0x6f, 0x6d, 0x70, 0x6f, 0x6e, 0x65
  .byte 0x6e, 0x74, 0x60, 0x20, 0xe2, 0x80, 0x94, 0x20, 0x74, 0x68, 0x65, 0x20, 0x52, 0x65, 0x61, 0x63
  .byte 0x74, 0x20, 0x72, 0x65, 0x6e, 0x64, 0x65, 0x72, 0x20, 0x66, 0x75, 0x6e, 0x63, 0x74, 0x69, 0x6f
  .byte 0x6e, 0x3b, 0x20, 0x60, 0x72, 0x65, 0x6e, 0x64, 0x65, 0x72, 0x4e, 0x6f, 0x64, 0x65, 0x28, 0x29
  .byte 0x60, 0x20, 0x72, 0x65, 0x63, 0x75, 0x72, 0x73, 0x69, 0x76, 0x65, 0x6c, 0x79, 0x20, 0x72, 0x65
  .byte 0x6e, 0x64, 0x65, 0x72, 0x73, 0x20, 0x63, 0x68, 0x69, 0x6c, 0x64, 0x20, 0x6e, 0x6f, 0x64, 0x65
  .byte 0x73, 0x0a, 0x0a, 0x23, 0x23, 0x23, 0x23, 0x20, 0x46, 0x6f, 0x72, 0x6d, 0x20, 0x43, 0x6f, 0x6d
  .byte 0x70, 0x6f, 0x6e, 0x65, 0x6e, 0x74, 0x73, 0x0a, 0x0a, 0x7c, 0x20, 0x43, 0x6f, 0x6d, 0x70, 0x6f
  .byte 0x6e, 0x65, 0x6e, 0x74, 0x20, 0x7c, 0x20, 0x48, 0x65, 0x72, 0x6f, 0x55, 0x49, 0x20, 0x42, 0x61
  .byte 0x63, 0x6b, 0x69, 0x6e, 0x67, 0x20, 0x7c, 0x20, 0x50, 0x75, 0x72, 0x70, 0x6f, 0x73, 0x65, 0x20
  .byte 0x7c, 0x0a, 0x7c, 0x20, 0x2d, 0x2d, 0x2d, 0x2d, 0x2d, 0x2d, 0x2d, 0x2d, 0x2d, 0x20, 0x7c, 0x20
  .byte 0x2d, 0x2d, 0x2d, 0x2d, 0x2d, 0x2d, 0x2d, 0x2d, 0x2d, 0x2d, 0x2d, 0x2d, 0x2d, 0x2d, 0x20, 0x7c
  .byte 0x20, 0x2d, 0x2d, 0x2d, 0x2d, 0x2d, 0x2d, 0x2d, 0x20, 0x7c, 0x0a, 0x7c, 0x20, 0x60, 0x46, 0x6f
  .byte 0x72, 0x6d, 0x60, 0x20, 0x7c, 0x20, 0x60, 0x46, 0x6f, 0x72, 0x6d, 0x60, 0x2c, 0x20, 0x60, 0x53
  .byte 0x75, 0x72, 0x66, 0x61, 0x63, 0x65, 0x60, 0x20, 0x7c, 0x20, 0x52, 0x6f, 0x6f, 0x74, 0x20, 0x63
  .byte 0x6f, 0x6e, 0x74, 0x61, 0x69, 0x6e, 0x65, 0x72, 0x20, 0x77, 0x69, 0x74, 0x68, 0x20, 0x74, 0x69
  .byte 0x74, 0x6c, 0x65, 0x2c, 0x20, 0x76, 0x61, 0x6c, 0x69, 0x64, 0x61, 0x74, 0x69, 0x6f, 0x6e, 0x20
  .byte 0x63, 0x6f, 0x6e, 0x74, 0x65, 0x78, 0x74, 0x2c, 0x20, 0x61, 0x6e, 0x64, 0x20, 0x73, 0x75, 0x72
  .byte 0x66, 0x61, 0x63, 0x65, 0x20, 0x62, 0x61, 0x63, 0x6b, 0x67, 0x72, 0x6f, 0x75, 0x6e, 0x64, 0x20
  .byte 0x7c, 0x0a, 0x7c, 0x20, 0x60, 0x46, 0x6f, 0x72, 0x6d, 0x52, 0x6f, 0x77, 0x60, 0x20, 0x7c, 0x20
  .byte 0x60, 0x64, 0x69, 0x76, 0x60, 0x20, 0x7c, 0x20, 0x48, 0x6f, 0x72, 0x69, 0x7a, 0x6f, 0x6e, 0x74
  .byte 0x61, 0x6c, 0x20, 0x72, 0x6f, 0x77, 0x20, 0x66, 0x6f, 0x72, 0x20, 0x73, 0x69, 0x64, 0x65, 0x2d
  .byte 0x62, 0x79, 0x2d, 0x73, 0x69, 0x64, 0x65, 0x20, 0x66, 0x69, 0x65, 0x6c, 0x64, 0x73, 0x20, 0x7c
  .byte 0x0a, 0x7c, 0x20, 0x60, 0x46, 0x6f, 0x72, 0x6d, 0x43, 0x6f, 0x6e, 0x74, 0x72, 0x6f, 0x6c, 0x60
  .byte 0x20, 0x7c, 0x20, 0x60, 0x4c, 0x61, 0x62, 0x65, 0x6c, 0x60, 0x2c, 0x20, 0x60, 0x44, 0x65, 0x73
  .byte 0x63, 0x72, 0x69, 0x70, 0x74, 0x69, 0x6f, 0x6e, 0x60, 0x20, 0x7c, 0x20, 0x4c, 0x61, 0x62, 0x65
  .byte 0x6c, 0x65, 0x64, 0x20, 0x66, 0x69, 0x65, 0x6c, 0x64, 0x20, 0x77, 0x72, 0x61, 0x70, 0x70, 0x65
  .byte 0x72, 0x20, 0x7c, 0x0a, 0x7c, 0x20, 0x60, 0x49, 0x6e, 0x70, 0x75, 0x74, 0x60, 0x20, 0x7c, 0x20
  .byte 0x60, 0x49, 0x6e, 0x70, 0x75, 0x74, 0x60, 0x20, 0x7c, 0x20, 0x54, 0x65, 0x78, 0x74, 0x2c, 0x20
  .byte 0x65, 0x6d, 0x61, 0x69, 0x6c, 0x2c, 0x20, 0x70, 0x61, 0x73, 0x73, 0x77, 0x6f, 0x72, 0x64, 0x2c
  .byte 0x20, 0x65, 0x74, 0x63, 0x2e, 0x20, 0x7c, 0x0a, 0x7c, 0x20, 0x60, 0x54, 0x65, 0x78, 0x74, 0x41
  .byte 0x72, 0x65, 0x61, 0x60, 0x20, 0x7c, 0x20, 0x60, 0x54, 0x65, 0x78, 0x74, 0x41, 0x72, 0x65, 0x61
  .byte 0x60, 0x20, 0x7c, 0x20, 0x4d, 0x75, 0x6c, 0x74, 0x69, 0x2d, 0x6c, 0x69, 0x6e, 0x65, 0x20, 0x74
  .byte 0x65, 0x78, 0x74, 0x20, 0x7c, 0x0a, 0x7c, 0x20, 0x60, 0x53, 0x65, 0x6c, 0x65, 0x63, 0x74, 0x60
  .byte 0x20, 0x2f, 0x20, 0x60, 0x53, 0x65, 0x6c, 0x65, 0x63, 0x74, 0x49, 0x74, 0x65, 0x6d, 0x60, 0x20
  .byte 0x7c, 0x20, 0x60, 0x53, 0x65, 0x6c, 0x65, 0x63, 0x74, 0x60, 0x2c, 0x20, 0x60, 0x4c, 0x69, 0x73
  .byte 0x74, 0x42, 0x6f, 0x78, 0x60, 0x20, 0x7c, 0x20, 0x44, 0x72, 0x6f, 0x70, 0x64, 0x6f, 0x77, 0x6e
  .byte 0x20, 0x7c, 0x0a, 0x7c, 0x20, 0x60, 0x4e, 0x75, 0x6d, 0x62, 0x65, 0x72, 0x46, 0x69, 0x65, 0x6c
  .byte 0x64, 0x60, 0x20, 0x7c, 0x20, 0x60, 0x4e, 0x75, 0x6d, 0x62, 0x65, 0x72, 0x46, 0x69, 0x65, 0x6c
  .byte 0x64, 0x60, 0x20, 0x7c, 0x20, 0x4e, 0x75, 0x6d, 0x65, 0x72, 0x69, 0x63, 0x20, 0x69, 0x6e, 0x70
  .byte 0x75, 0x74, 0x20, 0x77, 0x69, 0x74, 0x68, 0x20, 0x73, 0x74, 0x65, 0x70, 0x70, 0x65, 0x72, 0x20
  .byte 0x7c, 0x0a, 0x7c, 0x20, 0x60, 0x53, 0x6c, 0x69, 0x64, 0x65, 0x72, 0x60, 0x20, 0x7c, 0x20, 0x60
  .byte 0x53, 0x6c, 0x69, 0x64, 0x65, 0x72, 0x60, 0x20, 0x7c, 0x20, 0x52, 0x61, 0x6e, 0x67, 0x65, 0x20
  .byte 0x69, 0x6e, 0x70, 0x75, 0x74, 0x20, 0x7c, 0x0a, 0x7c, 0x20, 0x60, 0x43, 0x68, 0x65, 0x63, 0x6b
  .byte 0x42, 0x6f, 0x78, 0x47, 0x72, 0x6f, 0x75, 0x70, 0x60, 0x20, 0x2f, 0x20, 0x60, 0x43, 0x68, 0x65
  .byte 0x63, 0x6b, 0x42, 0x6f, 0x78, 0x49, 0x74, 0x65, 0x6d, 0x60, 0x20, 0x7c, 0x20, 0x60, 0x43, 0x68
  .byte 0x65, 0x63, 0x6b, 0x62, 0x6f, 0x78, 0x47, 0x72, 0x6f, 0x75, 0x70, 0x60, 0x2c, 0x20, 0x60, 0x43
  .byte 0x68, 0x65, 0x63, 0x6b, 0x62, 0x6f, 0x78, 0x60, 0x20, 0x7c, 0x20, 0x4d, 0x75, 0x6c, 0x74, 0x69
  .byte 0x2d, 0x73, 0x65, 0x6c, 0x65, 0x63, 0x74, 0x20, 0x7c, 0x0a, 0x7c, 0x20, 0x60, 0x52, 0x61, 0x64
  .byte 0x69, 0x6f, 0x47, 0x72, 0x6f, 0x75, 0x70, 0x60, 0x20, 0x2f, 0x20, 0x60, 0x52, 0x61, 0x64, 0x69
  .byte 0x6f, 0x49, 0x74, 0x65, 0x6d, 0x60, 0x20, 0x7c, 0x20, 0x60, 0x52, 0x61, 0x64, 0x69, 0x6f, 0x47
  .byte 0x72, 0x6f, 0x75, 0x70, 0x60, 0x2c, 0x20, 0x60, 0x52, 0x61, 0x64, 0x69, 0x6f, 0x60, 0x20, 0x7c
  .byte 0x20, 0x53, 0x69, 0x6e, 0x67, 0x6c, 0x65, 0x2d, 0x73, 0x65, 0x6c, 0x65, 0x63, 0x74, 0x20, 0x7c
  .byte 0x0a, 0x7c, 0x20, 0x60, 0x53, 0x77, 0x69, 0x74, 0x63, 0x68, 0x47, 0x72, 0x6f, 0x75, 0x70, 0x60
  .byte 0x20, 0x2f, 0x20, 0x60, 0x53, 0x77, 0x69, 0x74, 0x63, 0x68, 0x49, 0x74, 0x65, 0x6d, 0x60, 0x20
  .byte 0x7c, 0x20, 0x60, 0x53, 0x77, 0x69, 0x74, 0x63, 0x68, 0x60, 0x20, 0x7c, 0x20, 0x54, 0x6f, 0x67
  .byte 0x67, 0x6c, 0x65, 0x20, 0x73, 0x77, 0x69, 0x74, 0x63, 0x68, 0x65, 0x73, 0x20, 0x7c, 0x0a, 0x7c
  .byte 0x20, 0x60, 0x42, 0x75, 0x74, 0x74, 0x6f, 0x6e, 0x60, 0x20, 0x2f, 0x20, 0x60, 0x42, 0x75, 0x74
  .byte 0x74, 0x6f, 0x6e, 0x73, 0x60, 0x20, 0x7c, 0x20, 0x60, 0x42, 0x75, 0x74, 0x74, 0x6f, 0x6e, 0x60
  .byte 0x2c, 0x20, 0x60, 0x42, 0x75, 0x74, 0x74, 0x6f, 0x6e, 0x47, 0x72, 0x6f, 0x75, 0x70, 0x60, 0x20
  .byte 0x7c, 0x20, 0x53, 0x75, 0x62, 0x6d, 0x69, 0x74, 0x20, 0x61, 0x6e, 0x64, 0x20, 0x61, 0x63, 0x74
  .byte 0x69, 0x6f, 0x6e, 0x20, 0x62, 0x75, 0x74, 0x74, 0x6f, 0x6e, 0x73, 0x20, 0x7c, 0x0a, 0x0a, 0x2d
  .byte 0x2d, 0x2d, 0x0a, 0x0a, 0x23, 0x23, 0x20, 0x53, 0x63, 0x72, 0x69, 0x70, 0x74, 0x73, 0x0a, 0x0a
  .byte 0x7c, 0x20, 0x53, 0x63, 0x72, 0x69, 0x70, 0x74, 0x20, 0x7c, 0x20, 0x44, 0x65, 0x73, 0x63, 0x72
  .byte 0x69, 0x70, 0x74, 0x69, 0x6f, 0x6e, 0x20, 0x7c, 0x0a, 0x7c, 0x20, 0x2d, 0x2d, 0x2d, 0x2d, 0x2d
  .byte 0x2d, 0x20, 0x7c, 0x20, 0x2d, 0x2d, 0x2d, 0x2d, 0x2d, 0x2d, 0x2d, 0x2d, 0x2d, 0x2d, 0x2d, 0x20
  .byte 0x7c, 0x0a, 0x7c, 0x20, 0x60, 0x70, 0x6e, 0x70, 0x6d, 0x20, 0x64, 0x65, 0x76, 0x60, 0x20, 0x7c
  .byte 0x20, 0x42, 0x75, 0x69, 0x6c, 0x64, 0x20, 0x4f, 0x70, 0x65, 0x6e, 0x55, 0x49, 0x20, 0x43, 0x4c
  .byte 0x49, 0x2c, 0x20, 0x67, 0x65, 0x6e, 0x65, 0x72, 0x61, 0x74, 0x65, 0x20, 0x73, 0x79, 0x73, 0x74
  .byte 0x65, 0x6d, 0x20, 0x70, 0x72, 0x6f, 0x6d, 0x70, 0x74, 0x2c, 0x20, 0x73, 0x74, 0x61, 0x72, 0x74
  .byte 0x20, 0x4e, 0x65, 0x78, 0x74, 0x2e, 0x6a, 0x73, 0x20, 0x64, 0x65, 0x76, 0x20, 0x73, 0x65, 0x72
  .byte 0x76, 0x65, 0x72, 0x20, 0x7c, 0x0a, 0x7c, 0x20, 0x60, 0x70, 0x6e, 0x70, 0x6d, 0x20, 0x67, 0x65
  .byte 0x6e, 0x65, 0x72, 0x61, 0x74, 0x65, 0x3a, 0x70, 0x72, 0x6f, 0x6d, 0x70, 0x74, 0x60, 0x20, 0x7c
  .byte 0x20, 0x42, 0x75, 0x69, 0x6c, 0x64, 0x20, 0x60, 0x40, 0x6f, 0x70, 0x65, 0x6e, 0x75, 0x69, 0x64
  .byte 0x65, 0x76, 0x2f, 0x63, 0x6c, 0x69, 0x60, 0x20, 0x61, 0x6e, 0x64, 0x20, 0x72, 0x65, 0x67, 0x65
  .byte 0x6e, 0x65, 0x72, 0x61, 0x74, 0x65, 0x20, 0x60, 0x73, 0x79, 0x73, 0x74, 0x65, 0x6d, 0x2d, 0x70
  .byte 0x72, 0x6f, 0x6d, 0x70, 0x74, 0x2e, 0x74, 0x78, 0x74, 0x60, 0x20, 0x7c, 0x0a, 0x7c, 0x20, 0x60
  .byte 0x70, 0x6e, 0x70, 0x6d, 0x20, 0x62, 0x75, 0x69, 0x6c, 0x64, 0x60, 0x20, 0x7c, 0x20, 0x42, 0x75
  .byte 0x69, 0x6c, 0x64, 0x20, 0x66, 0x6f, 0x72, 0x20, 0x70, 0x72, 0x6f, 0x64, 0x75, 0x63, 0x74, 0x69
  .byte 0x6f, 0x6e, 0x20, 0x7c, 0x0a, 0x7c, 0x20, 0x60, 0x70, 0x6e, 0x70, 0x6d, 0x20, 0x73, 0x74, 0x61
  .byte 0x72, 0x74, 0x60, 0x20, 0x7c, 0x20, 0x53, 0x74, 0x61, 0x72, 0x74, 0x20, 0x74, 0x68, 0x65, 0x20
  .byte 0x70, 0x72, 0x6f, 0x64, 0x75, 0x63, 0x74, 0x69, 0x6f, 0x6e, 0x20, 0x73, 0x65, 0x72, 0x76, 0x65
  .byte 0x72, 0x20, 0x7c, 0x0a, 0x0a, 0x2d, 0x2d, 0x2d, 0x0a, 0x0a, 0x23, 0x23, 0x20, 0x4c, 0x65, 0x61
  .byte 0x72, 0x6e, 0x20, 0x4d, 0x6f, 0x72, 0x65, 0x0a, 0x0a, 0x2d, 0x20, 0x5b, 0x4f, 0x70, 0x65, 0x6e
  .byte 0x55, 0x49, 0x20, 0x4c, 0x61, 0x6e, 0x67, 0x20, 0x6f, 0x76, 0x65, 0x72, 0x76, 0x69, 0x65, 0x77
  .byte 0x5d, 0x28, 0x68, 0x74, 0x74, 0x70, 0x73, 0x3a, 0x2f, 0x2f, 0x77, 0x77, 0x77, 0x2e, 0x6f, 0x70
  .byte 0x65, 0x6e, 0x75, 0x69, 0x2e, 0x63, 0x6f, 0x6d, 0x2f, 0x64, 0x6f, 0x63, 0x73, 0x2f, 0x6f, 0x70
  .byte 0x65, 0x6e, 0x75, 0x69, 0x2d, 0x6c, 0x61, 0x6e, 0x67, 0x2f, 0x6f, 0x76, 0x65, 0x72, 0x76, 0x69
  .byte 0x65, 0x77, 0x29, 0x20, 0xe2, 0x80, 0x94, 0x20, 0x4c, 0x69, 0x62, 0x72, 0x61, 0x72, 0x79, 0x2c
  .byte 0x20, 0x50, 0x72, 0x6f, 0x6d, 0x70, 0x74, 0x20, 0x47, 0x65, 0x6e, 0x65, 0x72, 0x61, 0x74, 0x6f
  .byte 0x72, 0x2c, 0x20, 0x50, 0x61, 0x72, 0x73, 0x65, 0x72, 0x2c, 0x20, 0x52, 0x65, 0x6e, 0x64, 0x65
  .byte 0x72, 0x65, 0x72, 0x0a, 0x2d, 0x20, 0x5b, 0x44, 0x65, 0x66, 0x69, 0x6e, 0x69, 0x6e, 0x67, 0x20
  .byte 0x43, 0x6f, 0x6d, 0x70, 0x6f, 0x6e, 0x65, 0x6e, 0x74, 0x73, 0x5d, 0x28, 0x68, 0x74, 0x74, 0x70
  .byte 0x73, 0x3a, 0x2f, 0x2f, 0x77, 0x77, 0x77, 0x2e, 0x6f, 0x70, 0x65, 0x6e, 0x75, 0x69, 0x2e, 0x63
  .byte 0x6f, 0x6d, 0x2f, 0x64, 0x6f, 0x63, 0x73, 0x2f, 0x6f, 0x70, 0x65, 0x6e, 0x75, 0x69, 0x2d, 0x6c
  .byte 0x61, 0x6e, 0x67, 0x2f, 0x64, 0x65, 0x66, 0x69, 0x6e, 0x69, 0x6e, 0x67, 0x2d, 0x63, 0x6f, 0x6d
  .byte 0x70, 0x6f, 0x6e, 0x65, 0x6e, 0x74, 0x73, 0x29, 0x20, 0xe2, 0x80, 0x94, 0x20, 0x60, 0x64, 0x65
  .byte 0x66, 0x69, 0x6e, 0x65, 0x43, 0x6f, 0x6d, 0x70, 0x6f, 0x6e, 0x65, 0x6e, 0x74, 0x60, 0x20, 0x61
  .byte 0x6e, 0x64, 0x20, 0x60, 0x63, 0x72, 0x65, 0x61, 0x74, 0x65, 0x4c, 0x69, 0x62, 0x72, 0x61, 0x72
  .byte 0x79, 0x60, 0x20, 0x41, 0x50, 0x49, 0x0a, 0x2d, 0x20, 0x5b, 0x48, 0x65, 0x72, 0x6f, 0x55, 0x49
  .byte 0x5d, 0x28, 0x68, 0x74, 0x74, 0x70, 0x73, 0x3a, 0x2f, 0x2f, 0x77, 0x77, 0x77, 0x2e, 0x68, 0x65
  .byte 0x72, 0x6f, 0x75, 0x69, 0x2e, 0x63, 0x6f, 0x6d, 0x2f, 0x29, 0x20, 0xe2, 0x80, 0x94, 0x20, 0x74
  .byte 0x68, 0x65, 0x20, 0x75, 0x6e, 0x64, 0x65, 0x72, 0x6c, 0x79, 0x69, 0x6e, 0x67, 0x20, 0x52, 0x65
  .byte 0x61, 0x63, 0x74, 0x20, 0x63, 0x6f, 0x6d, 0x70, 0x6f, 0x6e, 0x65, 0x6e, 0x74, 0x20, 0x6c, 0x69
  .byte 0x62, 0x72, 0x61, 0x72, 0x79, 0x0a, 0x2d, 0x20, 0x5b, 0x60, 0x40, 0x6f, 0x70, 0x65, 0x6e, 0x75
  .byte 0x69, 0x64, 0x65, 0x76, 0x2f, 0x72, 0x65, 0x61, 0x63, 0x74, 0x2d, 0x6c, 0x61, 0x6e, 0x67, 0x60
  .byte 0x20, 0x70, 0x61, 0x63, 0x6b, 0x61, 0x67, 0x65, 0x5d, 0x28, 0x2e, 0x2e, 0x2f, 0x2e, 0x2e, 0x2f
  .byte 0x70, 0x61, 0x63, 0x6b, 0x61, 0x67, 0x65, 0x73, 0x2f, 0x72, 0x65, 0x61, 0x63, 0x74, 0x2d, 0x6c
  .byte 0x61, 0x6e, 0x67, 0x29, 0x0a, 0x2d, 0x20, 0x5b, 0x60, 0x40, 0x6f, 0x70, 0x65, 0x6e, 0x75, 0x69
  .byte 0x64, 0x65, 0x76, 0x2f, 0x72, 0x65, 0x61, 0x63, 0x74, 0x2d, 0x68, 0x65, 0x61, 0x64, 0x6c, 0x65
  .byte 0x73, 0x73, 0x60, 0x20, 0x70, 0x61, 0x63, 0x6b, 0x61, 0x67, 0x65, 0x5d, 0x28, 0x2e, 0x2e, 0x2f
  .byte 0x2e, 0x2e, 0x2f, 0x70, 0x61, 0x63, 0x6b, 0x61, 0x67, 0x65, 0x73, 0x2f, 0x72, 0x65, 0x61, 0x63
  .byte 0x74, 0x2d, 0x68, 0x65, 0x61, 0x64, 0x6c, 0x65, 0x73, 0x73, 0x29, 0x0a

  .globl openui_full_port_examples_form_generator_README_md_ee6c1ab0ec34_pass_4_len
openui_full_port_examples_form_generator_README_md_ee6c1ab0ec34_pass_4_len:
  .quad 10140
