# OpenUI mechanical full assembly port
# source: examples/vercel-ai-chat/src/lib/tools.ts
# sha256: b7284874853f8e287b64505bd8df3a8abfce2f19ae4c26db70c610b1b6feac86
# bytes: 3828
# assembly passes: 4
  .section .rodata
# assembly pass: 1/4
  .globl openui_full_port_examples_vercel_ai_chat_src_lib_tools_ts_b7284874853f
openui_full_port_examples_vercel_ai_chat_src_lib_tools_ts_b7284874853f:
  .byte 0x69, 0x6d, 0x70, 0x6f, 0x72, 0x74, 0x20, 0x7b, 0x20, 0x74, 0x6f, 0x6f, 0x6c, 0x20, 0x7d, 0x20
  .byte 0x66, 0x72, 0x6f, 0x6d, 0x20, 0x22, 0x61, 0x69, 0x22, 0x3b, 0x0a, 0x69, 0x6d, 0x70, 0x6f, 0x72
  .byte 0x74, 0x20, 0x7b, 0x20, 0x7a, 0x20, 0x7d, 0x20, 0x66, 0x72, 0x6f, 0x6d, 0x20, 0x22, 0x7a, 0x6f
  .byte 0x64, 0x22, 0x3b, 0x0a, 0x0a, 0x65, 0x78, 0x70, 0x6f, 0x72, 0x74, 0x20, 0x63, 0x6f, 0x6e, 0x73
  .byte 0x74, 0x20, 0x74, 0x6f, 0x6f, 0x6c, 0x73, 0x20, 0x3d, 0x20, 0x7b, 0x0a, 0x20, 0x20, 0x67, 0x65
  .byte 0x74, 0x5f, 0x77, 0x65, 0x61, 0x74, 0x68, 0x65, 0x72, 0x3a, 0x20, 0x74, 0x6f, 0x6f, 0x6c, 0x28
  .byte 0x7b, 0x0a, 0x20, 0x20, 0x20, 0x20, 0x64, 0x65, 0x73, 0x63, 0x72, 0x69, 0x70, 0x74, 0x69, 0x6f
  .byte 0x6e, 0x3a, 0x20, 0x22, 0x47, 0x65, 0x74, 0x20, 0x63, 0x75, 0x72, 0x72, 0x65, 0x6e, 0x74, 0x20
  .byte 0x77, 0x65, 0x61, 0x74, 0x68, 0x65, 0x72, 0x20, 0x66, 0x6f, 0x72, 0x20, 0x61, 0x20, 0x6c, 0x6f
  .byte 0x63, 0x61, 0x74, 0x69, 0x6f, 0x6e, 0x2e, 0x22, 0x2c, 0x0a, 0x20, 0x20, 0x20, 0x20, 0x69, 0x6e
  .byte 0x70, 0x75, 0x74, 0x53, 0x63, 0x68, 0x65, 0x6d, 0x61, 0x3a, 0x20, 0x7a, 0x2e, 0x6f, 0x62, 0x6a
  .byte 0x65, 0x63, 0x74, 0x28, 0x7b, 0x0a, 0x20, 0x20, 0x20, 0x20, 0x20, 0x20, 0x6c, 0x6f, 0x63, 0x61
  .byte 0x74, 0x69, 0x6f, 0x6e, 0x3a, 0x20, 0x7a, 0x2e, 0x73, 0x74, 0x72, 0x69, 0x6e, 0x67, 0x28, 0x29
  .byte 0x2e, 0x64, 0x65, 0x73, 0x63, 0x72, 0x69, 0x62, 0x65, 0x28, 0x22, 0x43, 0x69, 0x74, 0x79, 0x20
  .byte 0x6e, 0x61, 0x6d, 0x65, 0x22, 0x29, 0x2c, 0x0a, 0x20, 0x20, 0x20, 0x20, 0x7d, 0x29, 0x2c, 0x0a
  .byte 0x20, 0x20, 0x20, 0x20, 0x65, 0x78, 0x65, 0x63, 0x75, 0x74, 0x65, 0x3a, 0x20, 0x61, 0x73, 0x79
  .byte 0x6e, 0x63, 0x20, 0x28, 0x7b, 0x20, 0x6c, 0x6f, 0x63, 0x61, 0x74, 0x69, 0x6f, 0x6e, 0x20, 0x7d
  .byte 0x29, 0x20, 0x3d, 0x3e, 0x20, 0x7b, 0x0a, 0x20, 0x20, 0x20, 0x20, 0x20, 0x20, 0x61, 0x77, 0x61
  .byte 0x69, 0x74, 0x20, 0x6e, 0x65, 0x77, 0x20, 0x50, 0x72, 0x6f, 0x6d, 0x69, 0x73, 0x65, 0x28, 0x28
  .byte 0x72, 0x29, 0x20, 0x3d, 0x3e, 0x20, 0x73, 0x65, 0x74, 0x54, 0x69, 0x6d, 0x65, 0x6f, 0x75, 0x74
  .byte 0x28, 0x72, 0x2c, 0x20, 0x38, 0x30, 0x30, 0x29, 0x29, 0x3b, 0x0a, 0x20, 0x20, 0x20, 0x20, 0x20
  .byte 0x20, 0x63, 0x6f, 0x6e, 0x73, 0x74, 0x20, 0x6b, 0x6e, 0x6f, 0x77, 0x6e, 0x54, 0x65, 0x6d, 0x70
  .byte 0x73, 0x3a, 0x20, 0x52, 0x65, 0x63, 0x6f, 0x72, 0x64, 0x3c, 0x73, 0x74, 0x72, 0x69, 0x6e, 0x67
  .byte 0x2c, 0x20, 0x6e, 0x75, 0x6d, 0x62, 0x65, 0x72, 0x3e, 0x20, 0x3d, 0x20, 0x7b, 0x0a, 0x20, 0x20
  .byte 0x20, 0x20, 0x20, 0x20, 0x20, 0x20, 0x74, 0x6f, 0x6b, 0x79, 0x6f, 0x3a, 0x20, 0x32, 0x32, 0x2c
  .byte 0x0a, 0x20, 0x20, 0x20, 0x20, 0x20, 0x20, 0x20, 0x20, 0x22, 0x73, 0x61, 0x6e, 0x20, 0x66, 0x72
  .byte 0x61, 0x6e, 0x63, 0x69, 0x73, 0x63, 0x6f, 0x22, 0x3a, 0x20, 0x31, 0x38, 0x2c, 0x0a, 0x20, 0x20
  .byte 0x20, 0x20, 0x20, 0x20, 0x20, 0x20, 0x6c, 0x6f, 0x6e, 0x64, 0x6f, 0x6e, 0x3a, 0x20, 0x31, 0x34
  .byte 0x2c, 0x0a, 0x20, 0x20, 0x20, 0x20, 0x20, 0x20, 0x20, 0x20, 0x22, 0x6e, 0x65, 0x77, 0x20, 0x79
  .byte 0x6f, 0x72, 0x6b, 0x22, 0x3a, 0x20, 0x32, 0x35, 0x2c, 0x0a, 0x20, 0x20, 0x20, 0x20, 0x20, 0x20
  .byte 0x20, 0x20, 0x70, 0x61, 0x72, 0x69, 0x73, 0x3a, 0x20, 0x31, 0x39, 0x2c, 0x0a, 0x20, 0x20, 0x20
  .byte 0x20, 0x20, 0x20, 0x20, 0x20, 0x73, 0x79, 0x64, 0x6e, 0x65, 0x79, 0x3a, 0x20, 0x32, 0x37, 0x2c
  .byte 0x0a, 0x20, 0x20, 0x20, 0x20, 0x20, 0x20, 0x20, 0x20, 0x6d, 0x75, 0x6d, 0x62, 0x61, 0x69, 0x3a
  .byte 0x20, 0x33, 0x33, 0x2c, 0x0a, 0x20, 0x20, 0x20, 0x20, 0x20, 0x20, 0x20, 0x20, 0x62, 0x65, 0x72
  .byte 0x6c, 0x69, 0x6e, 0x3a, 0x20, 0x31, 0x36, 0x2c, 0x0a, 0x20, 0x20, 0x20, 0x20, 0x20, 0x20, 0x7d
  .byte 0x3b, 0x0a, 0x20, 0x20, 0x20, 0x20, 0x20, 0x20, 0x63, 0x6f, 0x6e, 0x73, 0x74, 0x20, 0x63, 0x6f
  .byte 0x6e, 0x64, 0x69, 0x74, 0x69, 0x6f, 0x6e, 0x73, 0x20, 0x3d, 0x20, 0x5b, 0x22, 0x53, 0x75, 0x6e
  .byte 0x6e, 0x79, 0x22, 0x2c, 0x20, 0x22, 0x50, 0x61, 0x72, 0x74, 0x6c, 0x79, 0x20, 0x43, 0x6c, 0x6f
  .byte 0x75, 0x64, 0x79, 0x22, 0x2c, 0x20, 0x22, 0x43, 0x6c, 0x6f, 0x75, 0x64, 0x79, 0x22, 0x2c, 0x20
  .byte 0x22, 0x4c, 0x69, 0x67, 0x68, 0x74, 0x20, 0x52, 0x61, 0x69, 0x6e, 0x22, 0x2c, 0x20, 0x22, 0x43
  .byte 0x6c, 0x65, 0x61, 0x72, 0x20, 0x53, 0x6b, 0x69, 0x65, 0x73, 0x22, 0x5d, 0x3b, 0x0a, 0x20, 0x20
  .byte 0x20, 0x20, 0x20, 0x20, 0x63, 0x6f, 0x6e, 0x73, 0x74, 0x20, 0x74, 0x65, 0x6d, 0x70, 0x20, 0x3d
  .byte 0x20, 0x6b, 0x6e, 0x6f, 0x77, 0x6e, 0x54, 0x65, 0x6d, 0x70, 0x73, 0x5b, 0x6c, 0x6f, 0x63, 0x61
  .byte 0x74, 0x69, 0x6f, 0x6e, 0x2e, 0x74, 0x6f, 0x4c, 0x6f, 0x77, 0x65, 0x72, 0x43, 0x61, 0x73, 0x65
  .byte 0x28, 0x29, 0x5d, 0x20, 0x3f, 0x3f, 0x20, 0x4d, 0x61, 0x74, 0x68, 0x2e, 0x66, 0x6c, 0x6f, 0x6f
  .byte 0x72, 0x28, 0x4d, 0x61, 0x74, 0x68, 0x2e, 0x72, 0x61, 0x6e, 0x64, 0x6f, 0x6d, 0x28, 0x29, 0x20
  .byte 0x2a, 0x20, 0x33, 0x30, 0x20, 0x2b, 0x20, 0x35, 0x29, 0x3b, 0x0a, 0x20, 0x20, 0x20, 0x20, 0x20
  .byte 0x20, 0x63, 0x6f, 0x6e, 0x73, 0x74, 0x20, 0x63, 0x6f, 0x6e, 0x64, 0x69, 0x74, 0x69, 0x6f, 0x6e
  .byte 0x20, 0x3d, 0x20, 0x63, 0x6f, 0x6e, 0x64, 0x69, 0x74, 0x69, 0x6f, 0x6e, 0x73, 0x5b, 0x4d, 0x61
  .byte 0x74, 0x68, 0x2e, 0x66, 0x6c, 0x6f, 0x6f, 0x72, 0x28, 0x4d, 0x61, 0x74, 0x68, 0x2e, 0x72, 0x61
  .byte 0x6e, 0x64, 0x6f, 0x6d, 0x28, 0x29, 0x20, 0x2a, 0x20, 0x63, 0x6f, 0x6e, 0x64, 0x69, 0x74, 0x69
  .byte 0x6f, 0x6e, 0x73, 0x2e, 0x6c, 0x65, 0x6e, 0x67, 0x74, 0x68, 0x29, 0x5d, 0x3b, 0x0a, 0x20, 0x20
  .byte 0x20, 0x20, 0x20, 0x20, 0x72, 0x65, 0x74, 0x75, 0x72, 0x6e, 0x20, 0x7b, 0x0a, 0x20, 0x20, 0x20
  .byte 0x20, 0x20, 0x20, 0x20, 0x20, 0x6c, 0x6f, 0x63, 0x61, 0x74, 0x69, 0x6f, 0x6e, 0x2c, 0x0a, 0x20
  .byte 0x20, 0x20, 0x20, 0x20, 0x20, 0x20, 0x20, 0x74, 0x65, 0x6d, 0x70, 0x65, 0x72, 0x61, 0x74, 0x75
  .byte 0x72, 0x65, 0x5f, 0x63, 0x65, 0x6c, 0x73, 0x69, 0x75, 0x73, 0x3a, 0x20, 0x74, 0x65, 0x6d, 0x70
  .byte 0x2c, 0x0a, 0x20, 0x20, 0x20, 0x20, 0x20, 0x20, 0x20, 0x20, 0x74, 0x65, 0x6d, 0x70, 0x65, 0x72
  .byte 0x61, 0x74, 0x75, 0x72, 0x65, 0x5f, 0x66, 0x61, 0x68, 0x72, 0x65, 0x6e, 0x68, 0x65, 0x69, 0x74
  .byte 0x3a, 0x20, 0x4d, 0x61, 0x74, 0x68, 0x2e, 0x72, 0x6f, 0x75, 0x6e, 0x64, 0x28, 0x74, 0x65, 0x6d
  .byte 0x70, 0x20, 0x2a, 0x20, 0x31, 0x2e, 0x38, 0x20, 0x2b, 0x20, 0x33, 0x32, 0x29, 0x2c, 0x0a, 0x20
  .byte 0x20, 0x20, 0x20, 0x20, 0x20, 0x20, 0x20, 0x63, 0x6f, 0x6e, 0x64, 0x69, 0x74, 0x69, 0x6f, 0x6e
  .byte 0x2c, 0x0a, 0x20, 0x20, 0x20, 0x20, 0x20, 0x20, 0x20, 0x20, 0x68, 0x75, 0x6d, 0x69, 0x64, 0x69
  .byte 0x74, 0x79, 0x5f, 0x70, 0x65, 0x72, 0x63, 0x65, 0x6e, 0x74, 0x3a, 0x20, 0x4d, 0x61, 0x74, 0x68
  .byte 0x2e, 0x66, 0x6c, 0x6f, 0x6f, 0x72, 0x28, 0x4d, 0x61, 0x74, 0x68, 0x2e, 0x72, 0x61, 0x6e, 0x64
  .byte 0x6f, 0x6d, 0x28, 0x29, 0x20, 0x2a, 0x20, 0x34, 0x30, 0x20, 0x2b, 0x20, 0x34, 0x30, 0x29, 0x2c
  .byte 0x0a, 0x20, 0x20, 0x20, 0x20, 0x20, 0x20, 0x20, 0x20, 0x77, 0x69, 0x6e, 0x64, 0x5f, 0x73, 0x70
  .byte 0x65, 0x65, 0x64, 0x5f, 0x6b, 0x6d, 0x68, 0x3a, 0x20, 0x4d, 0x61, 0x74, 0x68, 0x2e, 0x66, 0x6c
  .byte 0x6f, 0x6f, 0x72, 0x28, 0x4d, 0x61, 0x74, 0x68, 0x2e, 0x72, 0x61, 0x6e, 0x64, 0x6f, 0x6d, 0x28
  .byte 0x29, 0x20, 0x2a, 0x20, 0x32, 0x35, 0x20, 0x2b, 0x20, 0x35, 0x29, 0x2c, 0x0a, 0x20, 0x20, 0x20
  .byte 0x20, 0x20, 0x20, 0x20, 0x20, 0x66, 0x6f, 0x72, 0x65, 0x63, 0x61, 0x73, 0x74, 0x3a, 0x20, 0x5b
  .byte 0x0a, 0x20, 0x20, 0x20, 0x20, 0x20, 0x20, 0x20, 0x20, 0x20, 0x20, 0x7b, 0x20, 0x64, 0x61, 0x79
  .byte 0x3a, 0x20, 0x22, 0x54, 0x6f, 0x6d, 0x6f, 0x72, 0x72, 0x6f, 0x77, 0x22, 0x2c, 0x20, 0x68, 0x69
  .byte 0x67, 0x68, 0x3a, 0x20, 0x74, 0x65, 0x6d, 0x70, 0x20, 0x2b, 0x20, 0x32, 0x2c, 0x20, 0x6c, 0x6f
  .byte 0x77, 0x3a, 0x20, 0x74, 0x65, 0x6d, 0x70, 0x20, 0x2d, 0x20, 0x34, 0x2c, 0x20, 0x63, 0x6f, 0x6e
  .byte 0x64, 0x69, 0x74, 0x69, 0x6f, 0x6e, 0x3a, 0x20, 0x22, 0x50, 0x61, 0x72, 0x74, 0x6c, 0x79, 0x20
  .byte 0x43, 0x6c, 0x6f, 0x75, 0x64, 0x79, 0x22, 0x20, 0x7d, 0x2c, 0x0a, 0x20, 0x20, 0x20, 0x20, 0x20
  .byte 0x20, 0x20, 0x20, 0x20, 0x20, 0x7b, 0x20, 0x64, 0x61, 0x79, 0x3a, 0x20, 0x22, 0x44, 0x61, 0x79
  .byte 0x20, 0x41, 0x66, 0x74, 0x65, 0x72, 0x22, 0x2c, 0x20, 0x68, 0x69, 0x67, 0x68, 0x3a, 0x20, 0x74
  .byte 0x65, 0x6d, 0x70, 0x20, 0x2b, 0x20, 0x31, 0x2c, 0x20, 0x6c, 0x6f, 0x77, 0x3a, 0x20, 0x74, 0x65
  .byte 0x6d, 0x70, 0x20, 0x2d, 0x20, 0x33, 0x2c, 0x20, 0x63, 0x6f, 0x6e, 0x64, 0x69, 0x74, 0x69, 0x6f
  .byte 0x6e, 0x3a, 0x20, 0x22, 0x53, 0x75, 0x6e, 0x6e, 0x79, 0x22, 0x20, 0x7d, 0x2c, 0x0a, 0x20, 0x20
  .byte 0x20, 0x20, 0x20, 0x20, 0x20, 0x20, 0x5d, 0x2c, 0x0a, 0x20, 0x20, 0x20, 0x20, 0x20, 0x20, 0x7d
  .byte 0x3b, 0x0a, 0x20, 0x20, 0x20, 0x20, 0x7d, 0x2c, 0x0a, 0x20, 0x20, 0x7d, 0x29, 0x2c, 0x0a, 0x0a
  .byte 0x20, 0x20, 0x67, 0x65, 0x74, 0x5f, 0x73, 0x74, 0x6f, 0x63, 0x6b, 0x5f, 0x70, 0x72, 0x69, 0x63
  .byte 0x65, 0x3a, 0x20, 0x74, 0x6f, 0x6f, 0x6c, 0x28, 0x7b, 0x0a, 0x20, 0x20, 0x20, 0x20, 0x64, 0x65
  .byte 0x73, 0x63, 0x72, 0x69, 0x70, 0x74, 0x69, 0x6f, 0x6e, 0x3a, 0x20, 0x22, 0x47, 0x65, 0x74, 0x20
  .byte 0x73, 0x74, 0x6f, 0x63, 0x6b, 0x20, 0x70, 0x72, 0x69, 0x63, 0x65, 0x20, 0x66, 0x6f, 0x72, 0x20
  .byte 0x61, 0x20, 0x74, 0x69, 0x63, 0x6b, 0x65, 0x72, 0x20, 0x73, 0x79, 0x6d, 0x62, 0x6f, 0x6c, 0x2e
  .byte 0x22, 0x2c, 0x0a, 0x20, 0x20, 0x20, 0x20, 0x69, 0x6e, 0x70, 0x75, 0x74, 0x53, 0x63, 0x68, 0x65
  .byte 0x6d, 0x61, 0x3a, 0x20, 0x7a, 0x2e, 0x6f, 0x62, 0x6a, 0x65, 0x63, 0x74, 0x28, 0x7b, 0x0a, 0x20
  .byte 0x20, 0x20, 0x20, 0x20, 0x20, 0x73, 0x79, 0x6d, 0x62, 0x6f, 0x6c, 0x3a, 0x20, 0x7a, 0x2e, 0x73
  .byte 0x74, 0x72, 0x69, 0x6e, 0x67, 0x28, 0x29, 0x2e, 0x64, 0x65, 0x73, 0x63, 0x72, 0x69, 0x62, 0x65
  .byte 0x28, 0x22, 0x54, 0x69, 0x63, 0x6b, 0x65, 0x72, 0x20, 0x73, 0x79, 0x6d, 0x62, 0x6f, 0x6c, 0x2c
  .byte 0x20, 0x65, 0x2e, 0x67, 0x2e, 0x20, 0x41, 0x41, 0x50, 0x4c, 0x22, 0x29, 0x2c, 0x0a, 0x20, 0x20
  .byte 0x20, 0x20, 0x7d, 0x29, 0x2c, 0x0a, 0x20, 0x20, 0x20, 0x20, 0x65, 0x78, 0x65, 0x63, 0x75, 0x74
  .byte 0x65, 0x3a, 0x20, 0x61, 0x73, 0x79, 0x6e, 0x63, 0x20, 0x28, 0x7b, 0x20, 0x73, 0x79, 0x6d, 0x62
  .byte 0x6f, 0x6c, 0x20, 0x7d, 0x29, 0x20, 0x3d, 0x3e, 0x20, 0x7b, 0x0a, 0x20, 0x20, 0x20, 0x20, 0x20
  .byte 0x20, 0x61, 0x77, 0x61, 0x69, 0x74, 0x20, 0x6e, 0x65, 0x77, 0x20, 0x50, 0x72, 0x6f, 0x6d, 0x69
  .byte 0x73, 0x65, 0x28, 0x28, 0x72, 0x29, 0x20, 0x3d, 0x3e, 0x20, 0x73, 0x65, 0x74, 0x54, 0x69, 0x6d
  .byte 0x65, 0x6f, 0x75, 0x74, 0x28, 0x72, 0x2c, 0x20, 0x36, 0x30, 0x30, 0x29, 0x29, 0x3b, 0x0a, 0x20
  .byte 0x20, 0x20, 0x20, 0x20, 0x20, 0x63, 0x6f, 0x6e, 0x73, 0x74, 0x20, 0x73, 0x20, 0x3d, 0x20, 0x73
  .byte 0x79, 0x6d, 0x62, 0x6f, 0x6c, 0x2e, 0x74, 0x6f, 0x55, 0x70, 0x70, 0x65, 0x72, 0x43, 0x61, 0x73
  .byte 0x65, 0x28, 0x29, 0x3b, 0x0a, 0x20, 0x20, 0x20, 0x20, 0x20, 0x20, 0x63, 0x6f, 0x6e, 0x73, 0x74
  .byte 0x20, 0x6b, 0x6e, 0x6f, 0x77, 0x6e, 0x50, 0x72, 0x69, 0x63, 0x65, 0x73, 0x3a, 0x20, 0x52, 0x65
  .byte 0x63, 0x6f, 0x72, 0x64, 0x3c, 0x73, 0x74, 0x72, 0x69, 0x6e, 0x67, 0x2c, 0x20, 0x6e, 0x75, 0x6d
  .byte 0x62, 0x65, 0x72, 0x3e, 0x20, 0x3d, 0x20, 0x7b, 0x0a, 0x20, 0x20, 0x20, 0x20, 0x20, 0x20, 0x20
  .byte 0x20, 0x41, 0x41, 0x50, 0x4c, 0x3a, 0x20, 0x31, 0x38, 0x39, 0x2e, 0x38, 0x34, 0x2c, 0x0a, 0x20
  .byte 0x20, 0x20, 0x20, 0x20, 0x20, 0x20, 0x20, 0x47, 0x4f, 0x4f, 0x47, 0x4c, 0x3a, 0x20, 0x31, 0x34
  .byte 0x31, 0x2e, 0x38, 0x2c, 0x0a, 0x20, 0x20, 0x20, 0x20, 0x20, 0x20, 0x20, 0x20, 0x54, 0x53, 0x4c
  .byte 0x41, 0x3a, 0x20, 0x32, 0x34, 0x38, 0x2e, 0x34, 0x32, 0x2c, 0x0a, 0x20, 0x20, 0x20, 0x20, 0x20
  .byte 0x20, 0x20, 0x20, 0x4d, 0x53, 0x46, 0x54, 0x3a, 0x20, 0x33, 0x37, 0x38, 0x2e, 0x39, 0x31, 0x2c
  .byte 0x0a, 0x20, 0x20, 0x20, 0x20, 0x20, 0x20, 0x20, 0x20, 0x41, 0x4d, 0x5a, 0x4e, 0x3a, 0x20, 0x31
  .byte 0x37, 0x38, 0x2e, 0x32, 0x35, 0x2c, 0x0a, 0x20, 0x20, 0x20, 0x20, 0x20, 0x20, 0x20, 0x20, 0x4e
  .byte 0x56, 0x44, 0x41, 0x3a, 0x20, 0x38, 0x37, 0x35, 0x2e, 0x32, 0x38, 0x2c, 0x0a, 0x20, 0x20, 0x20
  .byte 0x20, 0x20, 0x20, 0x20, 0x20, 0x4d, 0x45, 0x54, 0x41, 0x3a, 0x20, 0x34, 0x38, 0x35, 0x2e, 0x35
  .byte 0x38, 0x2c, 0x0a, 0x20, 0x20, 0x20, 0x20, 0x20, 0x20, 0x7d, 0x3b, 0x0a, 0x20, 0x20, 0x20, 0x20
  .byte 0x20, 0x20, 0x63, 0x6f, 0x6e, 0x73, 0x74, 0x20, 0x70, 0x72, 0x69, 0x63, 0x65, 0x20, 0x3d, 0x20
  .byte 0x6b, 0x6e, 0x6f, 0x77, 0x6e, 0x50, 0x72, 0x69, 0x63, 0x65, 0x73, 0x5b, 0x73, 0x5d, 0x20, 0x3f
  .byte 0x3f, 0x20, 0x4d, 0x61, 0x74, 0x68, 0x2e, 0x66, 0x6c, 0x6f, 0x6f, 0x72, 0x28, 0x4d, 0x61, 0x74
  .byte 0x68, 0x2e, 0x72, 0x61, 0x6e, 0x64, 0x6f, 0x6d, 0x28, 0x29, 0x20, 0x2a, 0x20, 0x35, 0x30, 0x30
  .byte 0x20, 0x2b, 0x20, 0x32, 0x30, 0x29, 0x3b, 0x0a, 0x20, 0x20, 0x20, 0x20, 0x20, 0x20, 0x63, 0x6f
  .byte 0x6e, 0x73, 0x74, 0x20, 0x63, 0x68, 0x61, 0x6e, 0x67, 0x65, 0x20, 0x3d, 0x20, 0x70, 0x61, 0x72
  .byte 0x73, 0x65, 0x46, 0x6c, 0x6f, 0x61, 0x74, 0x28, 0x28, 0x4d, 0x61, 0x74, 0x68, 0x2e, 0x72, 0x61
  .byte 0x6e, 0x64, 0x6f, 0x6d, 0x28, 0x29, 0x20, 0x2a, 0x20, 0x38, 0x20, 0x2d, 0x20, 0x34, 0x29, 0x2e
  .byte 0x74, 0x6f, 0x46, 0x69, 0x78, 0x65, 0x64, 0x28, 0x32, 0x29, 0x29, 0x3b, 0x0a, 0x20, 0x20, 0x20
  .byte 0x20, 0x20, 0x20, 0x72, 0x65, 0x74, 0x75, 0x72, 0x6e, 0x20, 0x7b, 0x0a, 0x20, 0x20, 0x20, 0x20
  .byte 0x20, 0x20, 0x20, 0x20, 0x73, 0x79, 0x6d, 0x62, 0x6f, 0x6c, 0x3a, 0x20, 0x73, 0x2c, 0x0a, 0x20
  .byte 0x20, 0x20, 0x20, 0x20, 0x20, 0x20, 0x20, 0x70, 0x72, 0x69, 0x63, 0x65, 0x3a, 0x20, 0x70, 0x61
  .byte 0x72, 0x73, 0x65, 0x46, 0x6c, 0x6f, 0x61, 0x74, 0x28, 0x28, 0x70, 0x72, 0x69, 0x63, 0x65, 0x20
  .byte 0x2b, 0x20, 0x63, 0x68, 0x61, 0x6e, 0x67, 0x65, 0x29, 0x2e, 0x74, 0x6f, 0x46, 0x69, 0x78, 0x65
  .byte 0x64, 0x28, 0x32, 0x29, 0x29, 0x2c, 0x0a, 0x20, 0x20, 0x20, 0x20, 0x20, 0x20, 0x20, 0x20, 0x63
  .byte 0x68, 0x61, 0x6e, 0x67, 0x65, 0x2c, 0x0a, 0x20, 0x20, 0x20, 0x20, 0x20, 0x20, 0x20, 0x20, 0x63
  .byte 0x68, 0x61, 0x6e, 0x67, 0x65, 0x5f, 0x70, 0x65, 0x72, 0x63, 0x65, 0x6e, 0x74, 0x3a, 0x20, 0x70
  .byte 0x61, 0x72, 0x73, 0x65, 0x46, 0x6c, 0x6f, 0x61, 0x74, 0x28, 0x28, 0x28, 0x63, 0x68, 0x61, 0x6e
  .byte 0x67, 0x65, 0x20, 0x2f, 0x20, 0x70, 0x72, 0x69, 0x63, 0x65, 0x29, 0x20, 0x2a, 0x20, 0x31, 0x30
  .byte 0x30, 0x29, 0x2e, 0x74, 0x6f, 0x46, 0x69, 0x78, 0x65, 0x64, 0x28, 0x32, 0x29, 0x29, 0x2c, 0x0a
  .byte 0x20, 0x20, 0x20, 0x20, 0x20, 0x20, 0x20, 0x20, 0x76, 0x6f, 0x6c, 0x75, 0x6d, 0x65, 0x3a, 0x20
  .byte 0x60, 0x24, 0x7b, 0x28, 0x4d, 0x61, 0x74, 0x68, 0x2e, 0x72, 0x61, 0x6e, 0x64, 0x6f, 0x6d, 0x28
  .byte 0x29, 0x20, 0x2a, 0x20, 0x35, 0x30, 0x20, 0x2b, 0x20, 0x31, 0x30, 0x29, 0x2e, 0x74, 0x6f, 0x46
  .byte 0x69, 0x78, 0x65, 0x64, 0x28, 0x31, 0x29, 0x7d, 0x4d, 0x60, 0x2c, 0x0a, 0x20, 0x20, 0x20, 0x20
  .byte 0x20, 0x20, 0x20, 0x20, 0x64, 0x61, 0x79, 0x5f, 0x68, 0x69, 0x67, 0x68, 0x3a, 0x20, 0x70, 0x61
  .byte 0x72, 0x73, 0x65, 0x46, 0x6c, 0x6f, 0x61, 0x74, 0x28, 0x28, 0x70, 0x72, 0x69, 0x63, 0x65, 0x20
  .byte 0x2b, 0x20, 0x4d, 0x61, 0x74, 0x68, 0x2e, 0x61, 0x62, 0x73, 0x28, 0x63, 0x68, 0x61, 0x6e, 0x67
  .byte 0x65, 0x29, 0x20, 0x2b, 0x20, 0x31, 0x2e, 0x35, 0x29, 0x2e, 0x74, 0x6f, 0x46, 0x69, 0x78, 0x65
  .byte 0x64, 0x28, 0x32, 0x29, 0x29, 0x2c, 0x0a, 0x20, 0x20, 0x20, 0x20, 0x20, 0x20, 0x20, 0x20, 0x64
  .byte 0x61, 0x79, 0x5f, 0x6c, 0x6f, 0x77, 0x3a, 0x20, 0x70, 0x61, 0x72, 0x73, 0x65, 0x46, 0x6c, 0x6f
  .byte 0x61, 0x74, 0x28, 0x28, 0x70, 0x72, 0x69, 0x63, 0x65, 0x20, 0x2d, 0x20, 0x4d, 0x61, 0x74, 0x68
  .byte 0x2e, 0x61, 0x62, 0x73, 0x28, 0x63, 0x68, 0x61, 0x6e, 0x67, 0x65, 0x29, 0x20, 0x2d, 0x20, 0x31
  .byte 0x2e, 0x32, 0x29, 0x2e, 0x74, 0x6f, 0x46, 0x69, 0x78, 0x65, 0x64, 0x28, 0x32, 0x29, 0x29, 0x2c
  .byte 0x0a, 0x20, 0x20, 0x20, 0x20, 0x20, 0x20, 0x7d, 0x3b, 0x0a, 0x20, 0x20, 0x20, 0x20, 0x7d, 0x2c
  .byte 0x0a, 0x20, 0x20, 0x7d, 0x29, 0x2c, 0x0a, 0x0a, 0x20, 0x20, 0x63, 0x61, 0x6c, 0x63, 0x75, 0x6c
  .byte 0x61, 0x74, 0x65, 0x3a, 0x20, 0x74, 0x6f, 0x6f, 0x6c, 0x28, 0x7b, 0x0a, 0x20, 0x20, 0x20, 0x20
  .byte 0x64, 0x65, 0x73, 0x63, 0x72, 0x69, 0x70, 0x74, 0x69, 0x6f, 0x6e, 0x3a, 0x20, 0x22, 0x45, 0x76
  .byte 0x61, 0x6c, 0x75, 0x61, 0x74, 0x65, 0x20, 0x61, 0x20, 0x6d, 0x61, 0x74, 0x68, 0x20, 0x65, 0x78
  .byte 0x70, 0x72, 0x65, 0x73, 0x73, 0x69, 0x6f, 0x6e, 0x2e, 0x22, 0x2c, 0x0a, 0x20, 0x20, 0x20, 0x20
  .byte 0x69, 0x6e, 0x70, 0x75, 0x74, 0x53, 0x63, 0x68, 0x65, 0x6d, 0x61, 0x3a, 0x20, 0x7a, 0x2e, 0x6f
  .byte 0x62, 0x6a, 0x65, 0x63, 0x74, 0x28, 0x7b, 0x0a, 0x20, 0x20, 0x20, 0x20, 0x20, 0x20, 0x65, 0x78
  .byte 0x70, 0x72, 0x65, 0x73, 0x73, 0x69, 0x6f, 0x6e, 0x3a, 0x20, 0x7a, 0x2e, 0x73, 0x74, 0x72, 0x69
  .byte 0x6e, 0x67, 0x28, 0x29, 0x2e, 0x64, 0x65, 0x73, 0x63, 0x72, 0x69, 0x62, 0x65, 0x28, 0x22, 0x4d
  .byte 0x61, 0x74, 0x68, 0x20, 0x65, 0x78, 0x70, 0x72, 0x65, 0x73, 0x73, 0x69, 0x6f, 0x6e, 0x20, 0x74
  .byte 0x6f, 0x20, 0x65, 0x76, 0x61, 0x6c, 0x75, 0x61, 0x74, 0x65, 0x22, 0x29, 0x2c, 0x0a, 0x20, 0x20
  .byte 0x20, 0x20, 0x7d, 0x29, 0x2c, 0x0a, 0x20, 0x20, 0x20, 0x20, 0x65, 0x78, 0x65, 0x63, 0x75, 0x74
  .byte 0x65, 0x3a, 0x20, 0x61, 0x73, 0x79, 0x6e, 0x63, 0x20, 0x28, 0x7b, 0x20, 0x65, 0x78, 0x70, 0x72
  .byte 0x65, 0x73, 0x73, 0x69, 0x6f, 0x6e, 0x20, 0x7d, 0x29, 0x20, 0x3d, 0x3e, 0x20, 0x7b, 0x0a, 0x20
  .byte 0x20, 0x20, 0x20, 0x20, 0x20, 0x61, 0x77, 0x61, 0x69, 0x74, 0x20, 0x6e, 0x65, 0x77, 0x20, 0x50
  .byte 0x72, 0x6f, 0x6d, 0x69, 0x73, 0x65, 0x28, 0x28, 0x72, 0x29, 0x20, 0x3d, 0x3e, 0x20, 0x73, 0x65
  .byte 0x74, 0x54, 0x69, 0x6d, 0x65, 0x6f, 0x75, 0x74, 0x28, 0x72, 0x2c, 0x20, 0x33, 0x30, 0x30, 0x29
  .byte 0x29, 0x3b, 0x0a, 0x20, 0x20, 0x20, 0x20, 0x20, 0x20, 0x74, 0x72, 0x79, 0x20, 0x7b, 0x0a, 0x20
  .byte 0x20, 0x20, 0x20, 0x20, 0x20, 0x20, 0x20, 0x63, 0x6f, 0x6e, 0x73, 0x74, 0x20, 0x73, 0x61, 0x6e
  .byte 0x69, 0x74, 0x69, 0x7a, 0x65, 0x64, 0x20, 0x3d, 0x20, 0x65, 0x78, 0x70, 0x72, 0x65, 0x73, 0x73
  .byte 0x69, 0x6f, 0x6e, 0x2e, 0x72, 0x65, 0x70, 0x6c, 0x61, 0x63, 0x65, 0x28, 0x0a, 0x20, 0x20, 0x20
  .byte 0x20, 0x20, 0x20, 0x20, 0x20, 0x20, 0x20, 0x2f, 0x5b, 0x5e, 0x30, 0x2d, 0x39, 0x2b, 0x5c, 0x2d
  .byte 0x2a, 0x2f, 0x28, 0x29, 0x2e, 0x25, 0x5c, 0x73, 0x2c, 0x4d, 0x61, 0x74, 0x68, 0x2e, 0x73, 0x71
  .byte 0x72, 0x74, 0x70, 0x6f, 0x77, 0x61, 0x62, 0x73, 0x63, 0x65, 0x69, 0x6c, 0x66, 0x6c, 0x6f, 0x6f
  .byte 0x72, 0x72, 0x6f, 0x75, 0x6e, 0x64, 0x5d, 0x2f, 0x67, 0x2c, 0x0a, 0x20, 0x20, 0x20, 0x20, 0x20
  .byte 0x20, 0x20, 0x20, 0x20, 0x20, 0x22, 0x22, 0x2c, 0x0a, 0x20, 0x20, 0x20, 0x20, 0x20, 0x20, 0x20
  .byte 0x20, 0x29, 0x3b, 0x0a, 0x20, 0x20, 0x20, 0x20, 0x20, 0x20, 0x20, 0x20, 0x63, 0x6f, 0x6e, 0x73
  .byte 0x74, 0x20, 0x72, 0x65, 0x73, 0x75, 0x6c, 0x74, 0x20, 0x3d, 0x20, 0x6e, 0x65, 0x77, 0x20, 0x46
  .byte 0x75, 0x6e, 0x63, 0x74, 0x69, 0x6f, 0x6e, 0x28, 0x60, 0x72, 0x65, 0x74, 0x75, 0x72, 0x6e, 0x20
  .byte 0x28, 0x24, 0x7b, 0x73, 0x61, 0x6e, 0x69, 0x74, 0x69, 0x7a, 0x65, 0x64, 0x7d, 0x29, 0x60, 0x29
  .byte 0x28, 0x29, 0x3b, 0x0a, 0x20, 0x20, 0x20, 0x20, 0x20, 0x20, 0x20, 0x20, 0x72, 0x65, 0x74, 0x75
  .byte 0x72, 0x6e, 0x20, 0x7b, 0x20, 0x65, 0x78, 0x70, 0x72, 0x65, 0x73, 0x73, 0x69, 0x6f, 0x6e, 0x2c
  .byte 0x20, 0x72, 0x65, 0x73, 0x75, 0x6c, 0x74, 0x3a, 0x20, 0x4e, 0x75, 0x6d, 0x62, 0x65, 0x72, 0x28
  .byte 0x72, 0x65, 0x73, 0x75, 0x6c, 0x74, 0x29, 0x20, 0x7d, 0x3b, 0x0a, 0x20, 0x20, 0x20, 0x20, 0x20
  .byte 0x20, 0x7d, 0x20, 0x63, 0x61, 0x74, 0x63, 0x68, 0x20, 0x7b, 0x0a, 0x20, 0x20, 0x20, 0x20, 0x20
  .byte 0x20, 0x20, 0x20, 0x72, 0x65, 0x74, 0x75, 0x72, 0x6e, 0x20, 0x7b, 0x20, 0x65, 0x78, 0x70, 0x72
  .byte 0x65, 0x73, 0x73, 0x69, 0x6f, 0x6e, 0x2c, 0x20, 0x65, 0x72, 0x72, 0x6f, 0x72, 0x3a, 0x20, 0x22
  .byte 0x49, 0x6e, 0x76, 0x61, 0x6c, 0x69, 0x64, 0x20, 0x65, 0x78, 0x70, 0x72, 0x65, 0x73, 0x73, 0x69
  .byte 0x6f, 0x6e, 0x22, 0x20, 0x7d, 0x3b, 0x0a, 0x20, 0x20, 0x20, 0x20, 0x20, 0x20, 0x7d, 0x0a, 0x20
  .byte 0x20, 0x20, 0x20, 0x7d, 0x2c, 0x0a, 0x20, 0x20, 0x7d, 0x29, 0x2c, 0x0a, 0x0a, 0x20, 0x20, 0x73
  .byte 0x65, 0x61, 0x72, 0x63, 0x68, 0x5f, 0x77, 0x65, 0x62, 0x3a, 0x20, 0x74, 0x6f, 0x6f, 0x6c, 0x28
  .byte 0x7b, 0x0a, 0x20, 0x20, 0x20, 0x20, 0x64, 0x65, 0x73, 0x63, 0x72, 0x69, 0x70, 0x74, 0x69, 0x6f
  .byte 0x6e, 0x3a, 0x20, 0x22, 0x53, 0x65, 0x61, 0x72, 0x63, 0x68, 0x20, 0x74, 0x68, 0x65, 0x20, 0x77
  .byte 0x65, 0x62, 0x20, 0x66, 0x6f, 0x72, 0x20, 0x69, 0x6e, 0x66, 0x6f, 0x72, 0x6d, 0x61, 0x74, 0x69
  .byte 0x6f, 0x6e, 0x2e, 0x22, 0x2c, 0x0a, 0x20, 0x20, 0x20, 0x20, 0x69, 0x6e, 0x70, 0x75, 0x74, 0x53
  .byte 0x63, 0x68, 0x65, 0x6d, 0x61, 0x3a, 0x20, 0x7a, 0x2e, 0x6f, 0x62, 0x6a, 0x65, 0x63, 0x74, 0x28
  .byte 0x7b, 0x0a, 0x20, 0x20, 0x20, 0x20, 0x20, 0x20, 0x71, 0x75, 0x65, 0x72, 0x79, 0x3a, 0x20, 0x7a
  .byte 0x2e, 0x73, 0x74, 0x72, 0x69, 0x6e, 0x67, 0x28, 0x29, 0x2e, 0x64, 0x65, 0x73, 0x63, 0x72, 0x69
  .byte 0x62, 0x65, 0x28, 0x22, 0x53, 0x65, 0x61, 0x72, 0x63, 0x68, 0x20, 0x71, 0x75, 0x65, 0x72, 0x79
  .byte 0x22, 0x29, 0x2c, 0x0a, 0x20, 0x20, 0x20, 0x20, 0x7d, 0x29, 0x2c, 0x0a, 0x20, 0x20, 0x20, 0x20
  .byte 0x65, 0x78, 0x65, 0x63, 0x75, 0x74, 0x65, 0x3a, 0x20, 0x61, 0x73, 0x79, 0x6e, 0x63, 0x20, 0x28
  .byte 0x7b, 0x20, 0x71, 0x75, 0x65, 0x72, 0x79, 0x20, 0x7d, 0x29, 0x20, 0x3d, 0x3e, 0x20, 0x7b, 0x0a
  .byte 0x20, 0x20, 0x20, 0x20, 0x20, 0x20, 0x61, 0x77, 0x61, 0x69, 0x74, 0x20, 0x6e, 0x65, 0x77, 0x20
  .byte 0x50, 0x72, 0x6f, 0x6d, 0x69, 0x73, 0x65, 0x28, 0x28, 0x72, 0x29, 0x20, 0x3d, 0x3e, 0x20, 0x73
  .byte 0x65, 0x74, 0x54, 0x69, 0x6d, 0x65, 0x6f, 0x75, 0x74, 0x28, 0x72, 0x2c, 0x20, 0x31, 0x30, 0x30
  .byte 0x30, 0x29, 0x29, 0x3b, 0x0a, 0x20, 0x20, 0x20, 0x20, 0x20, 0x20, 0x72, 0x65, 0x74, 0x75, 0x72
  .byte 0x6e, 0x20, 0x7b, 0x0a, 0x20, 0x20, 0x20, 0x20, 0x20, 0x20, 0x20, 0x20, 0x71, 0x75, 0x65, 0x72
  .byte 0x79, 0x2c, 0x0a, 0x20, 0x20, 0x20, 0x20, 0x20, 0x20, 0x20, 0x20, 0x72, 0x65, 0x73, 0x75, 0x6c
  .byte 0x74, 0x73, 0x3a, 0x20, 0x5b, 0x0a, 0x20, 0x20, 0x20, 0x20, 0x20, 0x20, 0x20, 0x20, 0x20, 0x20
  .byte 0x7b, 0x0a, 0x20, 0x20, 0x20, 0x20, 0x20, 0x20, 0x20, 0x20, 0x20, 0x20, 0x20, 0x20, 0x74, 0x69
  .byte 0x74, 0x6c, 0x65, 0x3a, 0x20, 0x60, 0x54, 0x6f, 0x70, 0x20, 0x72, 0x65, 0x73, 0x75, 0x6c, 0x74
  .byte 0x20, 0x66, 0x6f, 0x72, 0x20, 0x22, 0x24, 0x7b, 0x71, 0x75, 0x65, 0x72, 0x79, 0x7d, 0x22, 0x60
  .byte 0x2c, 0x0a, 0x20, 0x20, 0x20, 0x20, 0x20, 0x20, 0x20, 0x20, 0x20, 0x20, 0x20, 0x20, 0x73, 0x6e
  .byte 0x69, 0x70, 0x70, 0x65, 0x74, 0x3a, 0x20, 0x60, 0x43, 0x6f, 0x6d, 0x70, 0x72, 0x65, 0x68, 0x65
  .byte 0x6e, 0x73, 0x69, 0x76, 0x65, 0x20, 0x6f, 0x76, 0x65, 0x72, 0x76, 0x69, 0x65, 0x77, 0x20, 0x6f
  .byte 0x66, 0x20, 0x24, 0x7b, 0x71, 0x75, 0x65, 0x72, 0x79, 0x7d, 0x20, 0x77, 0x69, 0x74, 0x68, 0x20
  .byte 0x74, 0x68, 0x65, 0x20, 0x6c, 0x61, 0x74, 0x65, 0x73, 0x74, 0x20, 0x69, 0x6e, 0x66, 0x6f, 0x72
  .byte 0x6d, 0x61, 0x74, 0x69, 0x6f, 0x6e, 0x2e, 0x60, 0x2c, 0x0a, 0x20, 0x20, 0x20, 0x20, 0x20, 0x20
  .byte 0x20, 0x20, 0x20, 0x20, 0x7d, 0x2c, 0x0a, 0x20, 0x20, 0x20, 0x20, 0x20, 0x20, 0x20, 0x20, 0x20
  .byte 0x20, 0x7b, 0x0a, 0x20, 0x20, 0x20, 0x20, 0x20, 0x20, 0x20, 0x20, 0x20, 0x20, 0x20, 0x20, 0x74
  .byte 0x69, 0x74, 0x6c, 0x65, 0x3a, 0x20, 0x60, 0x24, 0x7b, 0x71, 0x75, 0x65, 0x72, 0x79, 0x7d, 0x20
  .byte 0x2d, 0x20, 0x4c, 0x61, 0x74, 0x65, 0x73, 0x74, 0x20, 0x4e, 0x65, 0x77, 0x73, 0x60, 0x2c, 0x0a
  .byte 0x20, 0x20, 0x20, 0x20, 0x20, 0x20, 0x20, 0x20, 0x20, 0x20, 0x20, 0x20, 0x73, 0x6e, 0x69, 0x70
  .byte 0x70, 0x65, 0x74, 0x3a, 0x20, 0x60, 0x52, 0x65, 0x63, 0x65, 0x6e, 0x74, 0x20, 0x64, 0x65, 0x76
  .byte 0x65, 0x6c, 0x6f, 0x70, 0x6d, 0x65, 0x6e, 0x74, 0x73, 0x20, 0x61, 0x6e, 0x64, 0x20, 0x75, 0x70
  .byte 0x64, 0x61, 0x74, 0x65, 0x73, 0x20, 0x72, 0x65, 0x6c, 0x61, 0x74, 0x65, 0x64, 0x20, 0x74, 0x6f
  .byte 0x20, 0x24, 0x7b, 0x71, 0x75, 0x65, 0x72, 0x79, 0x7d, 0x2e, 0x60, 0x2c, 0x0a, 0x20, 0x20, 0x20
  .byte 0x20, 0x20, 0x20, 0x20, 0x20, 0x20, 0x20, 0x7d, 0x2c, 0x0a, 0x20, 0x20, 0x20, 0x20, 0x20, 0x20
  .byte 0x20, 0x20, 0x20, 0x20, 0x7b, 0x0a, 0x20, 0x20, 0x20, 0x20, 0x20, 0x20, 0x20, 0x20, 0x20, 0x20
  .byte 0x20, 0x20, 0x74, 0x69, 0x74, 0x6c, 0x65, 0x3a, 0x20, 0x60, 0x55, 0x6e, 0x64, 0x65, 0x72, 0x73
  .byte 0x74, 0x61, 0x6e, 0x64, 0x69, 0x6e, 0x67, 0x20, 0x24, 0x7b, 0x71, 0x75, 0x65, 0x72, 0x79, 0x7d
  .byte 0x60, 0x2c, 0x0a, 0x20, 0x20, 0x20, 0x20, 0x20, 0x20, 0x20, 0x20, 0x20, 0x20, 0x20, 0x20, 0x73
  .byte 0x6e, 0x69, 0x70, 0x70, 0x65, 0x74, 0x3a, 0x20, 0x60, 0x41, 0x6e, 0x20, 0x69, 0x6e, 0x2d, 0x64
  .byte 0x65, 0x70, 0x74, 0x68, 0x20, 0x67, 0x75, 0x69, 0x64, 0x65, 0x20, 0x65, 0x78, 0x70, 0x6c, 0x61
  .byte 0x69, 0x6e, 0x69, 0x6e, 0x67, 0x20, 0x65, 0x76, 0x65, 0x72, 0x79, 0x74, 0x68, 0x69, 0x6e, 0x67
  .byte 0x20, 0x61, 0x62, 0x6f, 0x75, 0x74, 0x20, 0x24, 0x7b, 0x71, 0x75, 0x65, 0x72, 0x79, 0x7d, 0x2e
  .byte 0x60, 0x2c, 0x0a, 0x20, 0x20, 0x20, 0x20, 0x20, 0x20, 0x20, 0x20, 0x20, 0x20, 0x7d, 0x2c, 0x0a
  .byte 0x20, 0x20, 0x20, 0x20, 0x20, 0x20, 0x20, 0x20, 0x5d, 0x2c, 0x0a, 0x20, 0x20, 0x20, 0x20, 0x20
  .byte 0x20, 0x7d, 0x3b, 0x0a, 0x20, 0x20, 0x20, 0x20, 0x7d, 0x2c, 0x0a, 0x20, 0x20, 0x7d, 0x29, 0x2c
  .byte 0x0a, 0x7d, 0x3b, 0x0a

  .globl openui_full_port_examples_vercel_ai_chat_src_lib_tools_ts_b7284874853f_len
openui_full_port_examples_vercel_ai_chat_src_lib_tools_ts_b7284874853f_len:
  .quad 3828

# assembly pass: 2/4
  .globl openui_full_port_examples_vercel_ai_chat_src_lib_tools_ts_b7284874853f_pass_2
openui_full_port_examples_vercel_ai_chat_src_lib_tools_ts_b7284874853f_pass_2:
  .byte 0x69, 0x6d, 0x70, 0x6f, 0x72, 0x74, 0x20, 0x7b, 0x20, 0x74, 0x6f, 0x6f, 0x6c, 0x20, 0x7d, 0x20
  .byte 0x66, 0x72, 0x6f, 0x6d, 0x20, 0x22, 0x61, 0x69, 0x22, 0x3b, 0x0a, 0x69, 0x6d, 0x70, 0x6f, 0x72
  .byte 0x74, 0x20, 0x7b, 0x20, 0x7a, 0x20, 0x7d, 0x20, 0x66, 0x72, 0x6f, 0x6d, 0x20, 0x22, 0x7a, 0x6f
  .byte 0x64, 0x22, 0x3b, 0x0a, 0x0a, 0x65, 0x78, 0x70, 0x6f, 0x72, 0x74, 0x20, 0x63, 0x6f, 0x6e, 0x73
  .byte 0x74, 0x20, 0x74, 0x6f, 0x6f, 0x6c, 0x73, 0x20, 0x3d, 0x20, 0x7b, 0x0a, 0x20, 0x20, 0x67, 0x65
  .byte 0x74, 0x5f, 0x77, 0x65, 0x61, 0x74, 0x68, 0x65, 0x72, 0x3a, 0x20, 0x74, 0x6f, 0x6f, 0x6c, 0x28
  .byte 0x7b, 0x0a, 0x20, 0x20, 0x20, 0x20, 0x64, 0x65, 0x73, 0x63, 0x72, 0x69, 0x70, 0x74, 0x69, 0x6f
  .byte 0x6e, 0x3a, 0x20, 0x22, 0x47, 0x65, 0x74, 0x20, 0x63, 0x75, 0x72, 0x72, 0x65, 0x6e, 0x74, 0x20
  .byte 0x77, 0x65, 0x61, 0x74, 0x68, 0x65, 0x72, 0x20, 0x66, 0x6f, 0x72, 0x20, 0x61, 0x20, 0x6c, 0x6f
  .byte 0x63, 0x61, 0x74, 0x69, 0x6f, 0x6e, 0x2e, 0x22, 0x2c, 0x0a, 0x20, 0x20, 0x20, 0x20, 0x69, 0x6e
  .byte 0x70, 0x75, 0x74, 0x53, 0x63, 0x68, 0x65, 0x6d, 0x61, 0x3a, 0x20, 0x7a, 0x2e, 0x6f, 0x62, 0x6a
  .byte 0x65, 0x63, 0x74, 0x28, 0x7b, 0x0a, 0x20, 0x20, 0x20, 0x20, 0x20, 0x20, 0x6c, 0x6f, 0x63, 0x61
  .byte 0x74, 0x69, 0x6f, 0x6e, 0x3a, 0x20, 0x7a, 0x2e, 0x73, 0x74, 0x72, 0x69, 0x6e, 0x67, 0x28, 0x29
  .byte 0x2e, 0x64, 0x65, 0x73, 0x63, 0x72, 0x69, 0x62, 0x65, 0x28, 0x22, 0x43, 0x69, 0x74, 0x79, 0x20
  .byte 0x6e, 0x61, 0x6d, 0x65, 0x22, 0x29, 0x2c, 0x0a, 0x20, 0x20, 0x20, 0x20, 0x7d, 0x29, 0x2c, 0x0a
  .byte 0x20, 0x20, 0x20, 0x20, 0x65, 0x78, 0x65, 0x63, 0x75, 0x74, 0x65, 0x3a, 0x20, 0x61, 0x73, 0x79
  .byte 0x6e, 0x63, 0x20, 0x28, 0x7b, 0x20, 0x6c, 0x6f, 0x63, 0x61, 0x74, 0x69, 0x6f, 0x6e, 0x20, 0x7d
  .byte 0x29, 0x20, 0x3d, 0x3e, 0x20, 0x7b, 0x0a, 0x20, 0x20, 0x20, 0x20, 0x20, 0x20, 0x61, 0x77, 0x61
  .byte 0x69, 0x74, 0x20, 0x6e, 0x65, 0x77, 0x20, 0x50, 0x72, 0x6f, 0x6d, 0x69, 0x73, 0x65, 0x28, 0x28
  .byte 0x72, 0x29, 0x20, 0x3d, 0x3e, 0x20, 0x73, 0x65, 0x74, 0x54, 0x69, 0x6d, 0x65, 0x6f, 0x75, 0x74
  .byte 0x28, 0x72, 0x2c, 0x20, 0x38, 0x30, 0x30, 0x29, 0x29, 0x3b, 0x0a, 0x20, 0x20, 0x20, 0x20, 0x20
  .byte 0x20, 0x63, 0x6f, 0x6e, 0x73, 0x74, 0x20, 0x6b, 0x6e, 0x6f, 0x77, 0x6e, 0x54, 0x65, 0x6d, 0x70
  .byte 0x73, 0x3a, 0x20, 0x52, 0x65, 0x63, 0x6f, 0x72, 0x64, 0x3c, 0x73, 0x74, 0x72, 0x69, 0x6e, 0x67
  .byte 0x2c, 0x20, 0x6e, 0x75, 0x6d, 0x62, 0x65, 0x72, 0x3e, 0x20, 0x3d, 0x20, 0x7b, 0x0a, 0x20, 0x20
  .byte 0x20, 0x20, 0x20, 0x20, 0x20, 0x20, 0x74, 0x6f, 0x6b, 0x79, 0x6f, 0x3a, 0x20, 0x32, 0x32, 0x2c
  .byte 0x0a, 0x20, 0x20, 0x20, 0x20, 0x20, 0x20, 0x20, 0x20, 0x22, 0x73, 0x61, 0x6e, 0x20, 0x66, 0x72
  .byte 0x61, 0x6e, 0x63, 0x69, 0x73, 0x63, 0x6f, 0x22, 0x3a, 0x20, 0x31, 0x38, 0x2c, 0x0a, 0x20, 0x20
  .byte 0x20, 0x20, 0x20, 0x20, 0x20, 0x20, 0x6c, 0x6f, 0x6e, 0x64, 0x6f, 0x6e, 0x3a, 0x20, 0x31, 0x34
  .byte 0x2c, 0x0a, 0x20, 0x20, 0x20, 0x20, 0x20, 0x20, 0x20, 0x20, 0x22, 0x6e, 0x65, 0x77, 0x20, 0x79
  .byte 0x6f, 0x72, 0x6b, 0x22, 0x3a, 0x20, 0x32, 0x35, 0x2c, 0x0a, 0x20, 0x20, 0x20, 0x20, 0x20, 0x20
  .byte 0x20, 0x20, 0x70, 0x61, 0x72, 0x69, 0x73, 0x3a, 0x20, 0x31, 0x39, 0x2c, 0x0a, 0x20, 0x20, 0x20
  .byte 0x20, 0x20, 0x20, 0x20, 0x20, 0x73, 0x79, 0x64, 0x6e, 0x65, 0x79, 0x3a, 0x20, 0x32, 0x37, 0x2c
  .byte 0x0a, 0x20, 0x20, 0x20, 0x20, 0x20, 0x20, 0x20, 0x20, 0x6d, 0x75, 0x6d, 0x62, 0x61, 0x69, 0x3a
  .byte 0x20, 0x33, 0x33, 0x2c, 0x0a, 0x20, 0x20, 0x20, 0x20, 0x20, 0x20, 0x20, 0x20, 0x62, 0x65, 0x72
  .byte 0x6c, 0x69, 0x6e, 0x3a, 0x20, 0x31, 0x36, 0x2c, 0x0a, 0x20, 0x20, 0x20, 0x20, 0x20, 0x20, 0x7d
  .byte 0x3b, 0x0a, 0x20, 0x20, 0x20, 0x20, 0x20, 0x20, 0x63, 0x6f, 0x6e, 0x73, 0x74, 0x20, 0x63, 0x6f
  .byte 0x6e, 0x64, 0x69, 0x74, 0x69, 0x6f, 0x6e, 0x73, 0x20, 0x3d, 0x20, 0x5b, 0x22, 0x53, 0x75, 0x6e
  .byte 0x6e, 0x79, 0x22, 0x2c, 0x20, 0x22, 0x50, 0x61, 0x72, 0x74, 0x6c, 0x79, 0x20, 0x43, 0x6c, 0x6f
  .byte 0x75, 0x64, 0x79, 0x22, 0x2c, 0x20, 0x22, 0x43, 0x6c, 0x6f, 0x75, 0x64, 0x79, 0x22, 0x2c, 0x20
  .byte 0x22, 0x4c, 0x69, 0x67, 0x68, 0x74, 0x20, 0x52, 0x61, 0x69, 0x6e, 0x22, 0x2c, 0x20, 0x22, 0x43
  .byte 0x6c, 0x65, 0x61, 0x72, 0x20, 0x53, 0x6b, 0x69, 0x65, 0x73, 0x22, 0x5d, 0x3b, 0x0a, 0x20, 0x20
  .byte 0x20, 0x20, 0x20, 0x20, 0x63, 0x6f, 0x6e, 0x73, 0x74, 0x20, 0x74, 0x65, 0x6d, 0x70, 0x20, 0x3d
  .byte 0x20, 0x6b, 0x6e, 0x6f, 0x77, 0x6e, 0x54, 0x65, 0x6d, 0x70, 0x73, 0x5b, 0x6c, 0x6f, 0x63, 0x61
  .byte 0x74, 0x69, 0x6f, 0x6e, 0x2e, 0x74, 0x6f, 0x4c, 0x6f, 0x77, 0x65, 0x72, 0x43, 0x61, 0x73, 0x65
  .byte 0x28, 0x29, 0x5d, 0x20, 0x3f, 0x3f, 0x20, 0x4d, 0x61, 0x74, 0x68, 0x2e, 0x66, 0x6c, 0x6f, 0x6f
  .byte 0x72, 0x28, 0x4d, 0x61, 0x74, 0x68, 0x2e, 0x72, 0x61, 0x6e, 0x64, 0x6f, 0x6d, 0x28, 0x29, 0x20
  .byte 0x2a, 0x20, 0x33, 0x30, 0x20, 0x2b, 0x20, 0x35, 0x29, 0x3b, 0x0a, 0x20, 0x20, 0x20, 0x20, 0x20
  .byte 0x20, 0x63, 0x6f, 0x6e, 0x73, 0x74, 0x20, 0x63, 0x6f, 0x6e, 0x64, 0x69, 0x74, 0x69, 0x6f, 0x6e
  .byte 0x20, 0x3d, 0x20, 0x63, 0x6f, 0x6e, 0x64, 0x69, 0x74, 0x69, 0x6f, 0x6e, 0x73, 0x5b, 0x4d, 0x61
  .byte 0x74, 0x68, 0x2e, 0x66, 0x6c, 0x6f, 0x6f, 0x72, 0x28, 0x4d, 0x61, 0x74, 0x68, 0x2e, 0x72, 0x61
  .byte 0x6e, 0x64, 0x6f, 0x6d, 0x28, 0x29, 0x20, 0x2a, 0x20, 0x63, 0x6f, 0x6e, 0x64, 0x69, 0x74, 0x69
  .byte 0x6f, 0x6e, 0x73, 0x2e, 0x6c, 0x65, 0x6e, 0x67, 0x74, 0x68, 0x29, 0x5d, 0x3b, 0x0a, 0x20, 0x20
  .byte 0x20, 0x20, 0x20, 0x20, 0x72, 0x65, 0x74, 0x75, 0x72, 0x6e, 0x20, 0x7b, 0x0a, 0x20, 0x20, 0x20
  .byte 0x20, 0x20, 0x20, 0x20, 0x20, 0x6c, 0x6f, 0x63, 0x61, 0x74, 0x69, 0x6f, 0x6e, 0x2c, 0x0a, 0x20
  .byte 0x20, 0x20, 0x20, 0x20, 0x20, 0x20, 0x20, 0x74, 0x65, 0x6d, 0x70, 0x65, 0x72, 0x61, 0x74, 0x75
  .byte 0x72, 0x65, 0x5f, 0x63, 0x65, 0x6c, 0x73, 0x69, 0x75, 0x73, 0x3a, 0x20, 0x74, 0x65, 0x6d, 0x70
  .byte 0x2c, 0x0a, 0x20, 0x20, 0x20, 0x20, 0x20, 0x20, 0x20, 0x20, 0x74, 0x65, 0x6d, 0x70, 0x65, 0x72
  .byte 0x61, 0x74, 0x75, 0x72, 0x65, 0x5f, 0x66, 0x61, 0x68, 0x72, 0x65, 0x6e, 0x68, 0x65, 0x69, 0x74
  .byte 0x3a, 0x20, 0x4d, 0x61, 0x74, 0x68, 0x2e, 0x72, 0x6f, 0x75, 0x6e, 0x64, 0x28, 0x74, 0x65, 0x6d
  .byte 0x70, 0x20, 0x2a, 0x20, 0x31, 0x2e, 0x38, 0x20, 0x2b, 0x20, 0x33, 0x32, 0x29, 0x2c, 0x0a, 0x20
  .byte 0x20, 0x20, 0x20, 0x20, 0x20, 0x20, 0x20, 0x63, 0x6f, 0x6e, 0x64, 0x69, 0x74, 0x69, 0x6f, 0x6e
  .byte 0x2c, 0x0a, 0x20, 0x20, 0x20, 0x20, 0x20, 0x20, 0x20, 0x20, 0x68, 0x75, 0x6d, 0x69, 0x64, 0x69
  .byte 0x74, 0x79, 0x5f, 0x70, 0x65, 0x72, 0x63, 0x65, 0x6e, 0x74, 0x3a, 0x20, 0x4d, 0x61, 0x74, 0x68
  .byte 0x2e, 0x66, 0x6c, 0x6f, 0x6f, 0x72, 0x28, 0x4d, 0x61, 0x74, 0x68, 0x2e, 0x72, 0x61, 0x6e, 0x64
  .byte 0x6f, 0x6d, 0x28, 0x29, 0x20, 0x2a, 0x20, 0x34, 0x30, 0x20, 0x2b, 0x20, 0x34, 0x30, 0x29, 0x2c
  .byte 0x0a, 0x20, 0x20, 0x20, 0x20, 0x20, 0x20, 0x20, 0x20, 0x77, 0x69, 0x6e, 0x64, 0x5f, 0x73, 0x70
  .byte 0x65, 0x65, 0x64, 0x5f, 0x6b, 0x6d, 0x68, 0x3a, 0x20, 0x4d, 0x61, 0x74, 0x68, 0x2e, 0x66, 0x6c
  .byte 0x6f, 0x6f, 0x72, 0x28, 0x4d, 0x61, 0x74, 0x68, 0x2e, 0x72, 0x61, 0x6e, 0x64, 0x6f, 0x6d, 0x28
  .byte 0x29, 0x20, 0x2a, 0x20, 0x32, 0x35, 0x20, 0x2b, 0x20, 0x35, 0x29, 0x2c, 0x0a, 0x20, 0x20, 0x20
  .byte 0x20, 0x20, 0x20, 0x20, 0x20, 0x66, 0x6f, 0x72, 0x65, 0x63, 0x61, 0x73, 0x74, 0x3a, 0x20, 0x5b
  .byte 0x0a, 0x20, 0x20, 0x20, 0x20, 0x20, 0x20, 0x20, 0x20, 0x20, 0x20, 0x7b, 0x20, 0x64, 0x61, 0x79
  .byte 0x3a, 0x20, 0x22, 0x54, 0x6f, 0x6d, 0x6f, 0x72, 0x72, 0x6f, 0x77, 0x22, 0x2c, 0x20, 0x68, 0x69
  .byte 0x67, 0x68, 0x3a, 0x20, 0x74, 0x65, 0x6d, 0x70, 0x20, 0x2b, 0x20, 0x32, 0x2c, 0x20, 0x6c, 0x6f
  .byte 0x77, 0x3a, 0x20, 0x74, 0x65, 0x6d, 0x70, 0x20, 0x2d, 0x20, 0x34, 0x2c, 0x20, 0x63, 0x6f, 0x6e
  .byte 0x64, 0x69, 0x74, 0x69, 0x6f, 0x6e, 0x3a, 0x20, 0x22, 0x50, 0x61, 0x72, 0x74, 0x6c, 0x79, 0x20
  .byte 0x43, 0x6c, 0x6f, 0x75, 0x64, 0x79, 0x22, 0x20, 0x7d, 0x2c, 0x0a, 0x20, 0x20, 0x20, 0x20, 0x20
  .byte 0x20, 0x20, 0x20, 0x20, 0x20, 0x7b, 0x20, 0x64, 0x61, 0x79, 0x3a, 0x20, 0x22, 0x44, 0x61, 0x79
  .byte 0x20, 0x41, 0x66, 0x74, 0x65, 0x72, 0x22, 0x2c, 0x20, 0x68, 0x69, 0x67, 0x68, 0x3a, 0x20, 0x74
  .byte 0x65, 0x6d, 0x70, 0x20, 0x2b, 0x20, 0x31, 0x2c, 0x20, 0x6c, 0x6f, 0x77, 0x3a, 0x20, 0x74, 0x65
  .byte 0x6d, 0x70, 0x20, 0x2d, 0x20, 0x33, 0x2c, 0x20, 0x63, 0x6f, 0x6e, 0x64, 0x69, 0x74, 0x69, 0x6f
  .byte 0x6e, 0x3a, 0x20, 0x22, 0x53, 0x75, 0x6e, 0x6e, 0x79, 0x22, 0x20, 0x7d, 0x2c, 0x0a, 0x20, 0x20
  .byte 0x20, 0x20, 0x20, 0x20, 0x20, 0x20, 0x5d, 0x2c, 0x0a, 0x20, 0x20, 0x20, 0x20, 0x20, 0x20, 0x7d
  .byte 0x3b, 0x0a, 0x20, 0x20, 0x20, 0x20, 0x7d, 0x2c, 0x0a, 0x20, 0x20, 0x7d, 0x29, 0x2c, 0x0a, 0x0a
  .byte 0x20, 0x20, 0x67, 0x65, 0x74, 0x5f, 0x73, 0x74, 0x6f, 0x63, 0x6b, 0x5f, 0x70, 0x72, 0x69, 0x63
  .byte 0x65, 0x3a, 0x20, 0x74, 0x6f, 0x6f, 0x6c, 0x28, 0x7b, 0x0a, 0x20, 0x20, 0x20, 0x20, 0x64, 0x65
  .byte 0x73, 0x63, 0x72, 0x69, 0x70, 0x74, 0x69, 0x6f, 0x6e, 0x3a, 0x20, 0x22, 0x47, 0x65, 0x74, 0x20
  .byte 0x73, 0x74, 0x6f, 0x63, 0x6b, 0x20, 0x70, 0x72, 0x69, 0x63, 0x65, 0x20, 0x66, 0x6f, 0x72, 0x20
  .byte 0x61, 0x20, 0x74, 0x69, 0x63, 0x6b, 0x65, 0x72, 0x20, 0x73, 0x79, 0x6d, 0x62, 0x6f, 0x6c, 0x2e
  .byte 0x22, 0x2c, 0x0a, 0x20, 0x20, 0x20, 0x20, 0x69, 0x6e, 0x70, 0x75, 0x74, 0x53, 0x63, 0x68, 0x65
  .byte 0x6d, 0x61, 0x3a, 0x20, 0x7a, 0x2e, 0x6f, 0x62, 0x6a, 0x65, 0x63, 0x74, 0x28, 0x7b, 0x0a, 0x20
  .byte 0x20, 0x20, 0x20, 0x20, 0x20, 0x73, 0x79, 0x6d, 0x62, 0x6f, 0x6c, 0x3a, 0x20, 0x7a, 0x2e, 0x73
  .byte 0x74, 0x72, 0x69, 0x6e, 0x67, 0x28, 0x29, 0x2e, 0x64, 0x65, 0x73, 0x63, 0x72, 0x69, 0x62, 0x65
  .byte 0x28, 0x22, 0x54, 0x69, 0x63, 0x6b, 0x65, 0x72, 0x20, 0x73, 0x79, 0x6d, 0x62, 0x6f, 0x6c, 0x2c
  .byte 0x20, 0x65, 0x2e, 0x67, 0x2e, 0x20, 0x41, 0x41, 0x50, 0x4c, 0x22, 0x29, 0x2c, 0x0a, 0x20, 0x20
  .byte 0x20, 0x20, 0x7d, 0x29, 0x2c, 0x0a, 0x20, 0x20, 0x20, 0x20, 0x65, 0x78, 0x65, 0x63, 0x75, 0x74
  .byte 0x65, 0x3a, 0x20, 0x61, 0x73, 0x79, 0x6e, 0x63, 0x20, 0x28, 0x7b, 0x20, 0x73, 0x79, 0x6d, 0x62
  .byte 0x6f, 0x6c, 0x20, 0x7d, 0x29, 0x20, 0x3d, 0x3e, 0x20, 0x7b, 0x0a, 0x20, 0x20, 0x20, 0x20, 0x20
  .byte 0x20, 0x61, 0x77, 0x61, 0x69, 0x74, 0x20, 0x6e, 0x65, 0x77, 0x20, 0x50, 0x72, 0x6f, 0x6d, 0x69
  .byte 0x73, 0x65, 0x28, 0x28, 0x72, 0x29, 0x20, 0x3d, 0x3e, 0x20, 0x73, 0x65, 0x74, 0x54, 0x69, 0x6d
  .byte 0x65, 0x6f, 0x75, 0x74, 0x28, 0x72, 0x2c, 0x20, 0x36, 0x30, 0x30, 0x29, 0x29, 0x3b, 0x0a, 0x20
  .byte 0x20, 0x20, 0x20, 0x20, 0x20, 0x63, 0x6f, 0x6e, 0x73, 0x74, 0x20, 0x73, 0x20, 0x3d, 0x20, 0x73
  .byte 0x79, 0x6d, 0x62, 0x6f, 0x6c, 0x2e, 0x74, 0x6f, 0x55, 0x70, 0x70, 0x65, 0x72, 0x43, 0x61, 0x73
  .byte 0x65, 0x28, 0x29, 0x3b, 0x0a, 0x20, 0x20, 0x20, 0x20, 0x20, 0x20, 0x63, 0x6f, 0x6e, 0x73, 0x74
  .byte 0x20, 0x6b, 0x6e, 0x6f, 0x77, 0x6e, 0x50, 0x72, 0x69, 0x63, 0x65, 0x73, 0x3a, 0x20, 0x52, 0x65
  .byte 0x63, 0x6f, 0x72, 0x64, 0x3c, 0x73, 0x74, 0x72, 0x69, 0x6e, 0x67, 0x2c, 0x20, 0x6e, 0x75, 0x6d
  .byte 0x62, 0x65, 0x72, 0x3e, 0x20, 0x3d, 0x20, 0x7b, 0x0a, 0x20, 0x20, 0x20, 0x20, 0x20, 0x20, 0x20
  .byte 0x20, 0x41, 0x41, 0x50, 0x4c, 0x3a, 0x20, 0x31, 0x38, 0x39, 0x2e, 0x38, 0x34, 0x2c, 0x0a, 0x20
  .byte 0x20, 0x20, 0x20, 0x20, 0x20, 0x20, 0x20, 0x47, 0x4f, 0x4f, 0x47, 0x4c, 0x3a, 0x20, 0x31, 0x34
  .byte 0x31, 0x2e, 0x38, 0x2c, 0x0a, 0x20, 0x20, 0x20, 0x20, 0x20, 0x20, 0x20, 0x20, 0x54, 0x53, 0x4c
  .byte 0x41, 0x3a, 0x20, 0x32, 0x34, 0x38, 0x2e, 0x34, 0x32, 0x2c, 0x0a, 0x20, 0x20, 0x20, 0x20, 0x20
  .byte 0x20, 0x20, 0x20, 0x4d, 0x53, 0x46, 0x54, 0x3a, 0x20, 0x33, 0x37, 0x38, 0x2e, 0x39, 0x31, 0x2c
  .byte 0x0a, 0x20, 0x20, 0x20, 0x20, 0x20, 0x20, 0x20, 0x20, 0x41, 0x4d, 0x5a, 0x4e, 0x3a, 0x20, 0x31
  .byte 0x37, 0x38, 0x2e, 0x32, 0x35, 0x2c, 0x0a, 0x20, 0x20, 0x20, 0x20, 0x20, 0x20, 0x20, 0x20, 0x4e
  .byte 0x56, 0x44, 0x41, 0x3a, 0x20, 0x38, 0x37, 0x35, 0x2e, 0x32, 0x38, 0x2c, 0x0a, 0x20, 0x20, 0x20
  .byte 0x20, 0x20, 0x20, 0x20, 0x20, 0x4d, 0x45, 0x54, 0x41, 0x3a, 0x20, 0x34, 0x38, 0x35, 0x2e, 0x35
  .byte 0x38, 0x2c, 0x0a, 0x20, 0x20, 0x20, 0x20, 0x20, 0x20, 0x7d, 0x3b, 0x0a, 0x20, 0x20, 0x20, 0x20
  .byte 0x20, 0x20, 0x63, 0x6f, 0x6e, 0x73, 0x74, 0x20, 0x70, 0x72, 0x69, 0x63, 0x65, 0x20, 0x3d, 0x20
  .byte 0x6b, 0x6e, 0x6f, 0x77, 0x6e, 0x50, 0x72, 0x69, 0x63, 0x65, 0x73, 0x5b, 0x73, 0x5d, 0x20, 0x3f
  .byte 0x3f, 0x20, 0x4d, 0x61, 0x74, 0x68, 0x2e, 0x66, 0x6c, 0x6f, 0x6f, 0x72, 0x28, 0x4d, 0x61, 0x74
  .byte 0x68, 0x2e, 0x72, 0x61, 0x6e, 0x64, 0x6f, 0x6d, 0x28, 0x29, 0x20, 0x2a, 0x20, 0x35, 0x30, 0x30
  .byte 0x20, 0x2b, 0x20, 0x32, 0x30, 0x29, 0x3b, 0x0a, 0x20, 0x20, 0x20, 0x20, 0x20, 0x20, 0x63, 0x6f
  .byte 0x6e, 0x73, 0x74, 0x20, 0x63, 0x68, 0x61, 0x6e, 0x67, 0x65, 0x20, 0x3d, 0x20, 0x70, 0x61, 0x72
  .byte 0x73, 0x65, 0x46, 0x6c, 0x6f, 0x61, 0x74, 0x28, 0x28, 0x4d, 0x61, 0x74, 0x68, 0x2e, 0x72, 0x61
  .byte 0x6e, 0x64, 0x6f, 0x6d, 0x28, 0x29, 0x20, 0x2a, 0x20, 0x38, 0x20, 0x2d, 0x20, 0x34, 0x29, 0x2e
  .byte 0x74, 0x6f, 0x46, 0x69, 0x78, 0x65, 0x64, 0x28, 0x32, 0x29, 0x29, 0x3b, 0x0a, 0x20, 0x20, 0x20
  .byte 0x20, 0x20, 0x20, 0x72, 0x65, 0x74, 0x75, 0x72, 0x6e, 0x20, 0x7b, 0x0a, 0x20, 0x20, 0x20, 0x20
  .byte 0x20, 0x20, 0x20, 0x20, 0x73, 0x79, 0x6d, 0x62, 0x6f, 0x6c, 0x3a, 0x20, 0x73, 0x2c, 0x0a, 0x20
  .byte 0x20, 0x20, 0x20, 0x20, 0x20, 0x20, 0x20, 0x70, 0x72, 0x69, 0x63, 0x65, 0x3a, 0x20, 0x70, 0x61
  .byte 0x72, 0x73, 0x65, 0x46, 0x6c, 0x6f, 0x61, 0x74, 0x28, 0x28, 0x70, 0x72, 0x69, 0x63, 0x65, 0x20
  .byte 0x2b, 0x20, 0x63, 0x68, 0x61, 0x6e, 0x67, 0x65, 0x29, 0x2e, 0x74, 0x6f, 0x46, 0x69, 0x78, 0x65
  .byte 0x64, 0x28, 0x32, 0x29, 0x29, 0x2c, 0x0a, 0x20, 0x20, 0x20, 0x20, 0x20, 0x20, 0x20, 0x20, 0x63
  .byte 0x68, 0x61, 0x6e, 0x67, 0x65, 0x2c, 0x0a, 0x20, 0x20, 0x20, 0x20, 0x20, 0x20, 0x20, 0x20, 0x63
  .byte 0x68, 0x61, 0x6e, 0x67, 0x65, 0x5f, 0x70, 0x65, 0x72, 0x63, 0x65, 0x6e, 0x74, 0x3a, 0x20, 0x70
  .byte 0x61, 0x72, 0x73, 0x65, 0x46, 0x6c, 0x6f, 0x61, 0x74, 0x28, 0x28, 0x28, 0x63, 0x68, 0x61, 0x6e
  .byte 0x67, 0x65, 0x20, 0x2f, 0x20, 0x70, 0x72, 0x69, 0x63, 0x65, 0x29, 0x20, 0x2a, 0x20, 0x31, 0x30
  .byte 0x30, 0x29, 0x2e, 0x74, 0x6f, 0x46, 0x69, 0x78, 0x65, 0x64, 0x28, 0x32, 0x29, 0x29, 0x2c, 0x0a
  .byte 0x20, 0x20, 0x20, 0x20, 0x20, 0x20, 0x20, 0x20, 0x76, 0x6f, 0x6c, 0x75, 0x6d, 0x65, 0x3a, 0x20
  .byte 0x60, 0x24, 0x7b, 0x28, 0x4d, 0x61, 0x74, 0x68, 0x2e, 0x72, 0x61, 0x6e, 0x64, 0x6f, 0x6d, 0x28
  .byte 0x29, 0x20, 0x2a, 0x20, 0x35, 0x30, 0x20, 0x2b, 0x20, 0x31, 0x30, 0x29, 0x2e, 0x74, 0x6f, 0x46
  .byte 0x69, 0x78, 0x65, 0x64, 0x28, 0x31, 0x29, 0x7d, 0x4d, 0x60, 0x2c, 0x0a, 0x20, 0x20, 0x20, 0x20
  .byte 0x20, 0x20, 0x20, 0x20, 0x64, 0x61, 0x79, 0x5f, 0x68, 0x69, 0x67, 0x68, 0x3a, 0x20, 0x70, 0x61
  .byte 0x72, 0x73, 0x65, 0x46, 0x6c, 0x6f, 0x61, 0x74, 0x28, 0x28, 0x70, 0x72, 0x69, 0x63, 0x65, 0x20
  .byte 0x2b, 0x20, 0x4d, 0x61, 0x74, 0x68, 0x2e, 0x61, 0x62, 0x73, 0x28, 0x63, 0x68, 0x61, 0x6e, 0x67
  .byte 0x65, 0x29, 0x20, 0x2b, 0x20, 0x31, 0x2e, 0x35, 0x29, 0x2e, 0x74, 0x6f, 0x46, 0x69, 0x78, 0x65
  .byte 0x64, 0x28, 0x32, 0x29, 0x29, 0x2c, 0x0a, 0x20, 0x20, 0x20, 0x20, 0x20, 0x20, 0x20, 0x20, 0x64
  .byte 0x61, 0x79, 0x5f, 0x6c, 0x6f, 0x77, 0x3a, 0x20, 0x70, 0x61, 0x72, 0x73, 0x65, 0x46, 0x6c, 0x6f
  .byte 0x61, 0x74, 0x28, 0x28, 0x70, 0x72, 0x69, 0x63, 0x65, 0x20, 0x2d, 0x20, 0x4d, 0x61, 0x74, 0x68
  .byte 0x2e, 0x61, 0x62, 0x73, 0x28, 0x63, 0x68, 0x61, 0x6e, 0x67, 0x65, 0x29, 0x20, 0x2d, 0x20, 0x31
  .byte 0x2e, 0x32, 0x29, 0x2e, 0x74, 0x6f, 0x46, 0x69, 0x78, 0x65, 0x64, 0x28, 0x32, 0x29, 0x29, 0x2c
  .byte 0x0a, 0x20, 0x20, 0x20, 0x20, 0x20, 0x20, 0x7d, 0x3b, 0x0a, 0x20, 0x20, 0x20, 0x20, 0x7d, 0x2c
  .byte 0x0a, 0x20, 0x20, 0x7d, 0x29, 0x2c, 0x0a, 0x0a, 0x20, 0x20, 0x63, 0x61, 0x6c, 0x63, 0x75, 0x6c
  .byte 0x61, 0x74, 0x65, 0x3a, 0x20, 0x74, 0x6f, 0x6f, 0x6c, 0x28, 0x7b, 0x0a, 0x20, 0x20, 0x20, 0x20
  .byte 0x64, 0x65, 0x73, 0x63, 0x72, 0x69, 0x70, 0x74, 0x69, 0x6f, 0x6e, 0x3a, 0x20, 0x22, 0x45, 0x76
  .byte 0x61, 0x6c, 0x75, 0x61, 0x74, 0x65, 0x20, 0x61, 0x20, 0x6d, 0x61, 0x74, 0x68, 0x20, 0x65, 0x78
  .byte 0x70, 0x72, 0x65, 0x73, 0x73, 0x69, 0x6f, 0x6e, 0x2e, 0x22, 0x2c, 0x0a, 0x20, 0x20, 0x20, 0x20
  .byte 0x69, 0x6e, 0x70, 0x75, 0x74, 0x53, 0x63, 0x68, 0x65, 0x6d, 0x61, 0x3a, 0x20, 0x7a, 0x2e, 0x6f
  .byte 0x62, 0x6a, 0x65, 0x63, 0x74, 0x28, 0x7b, 0x0a, 0x20, 0x20, 0x20, 0x20, 0x20, 0x20, 0x65, 0x78
  .byte 0x70, 0x72, 0x65, 0x73, 0x73, 0x69, 0x6f, 0x6e, 0x3a, 0x20, 0x7a, 0x2e, 0x73, 0x74, 0x72, 0x69
  .byte 0x6e, 0x67, 0x28, 0x29, 0x2e, 0x64, 0x65, 0x73, 0x63, 0x72, 0x69, 0x62, 0x65, 0x28, 0x22, 0x4d
  .byte 0x61, 0x74, 0x68, 0x20, 0x65, 0x78, 0x70, 0x72, 0x65, 0x73, 0x73, 0x69, 0x6f, 0x6e, 0x20, 0x74
  .byte 0x6f, 0x20, 0x65, 0x76, 0x61, 0x6c, 0x75, 0x61, 0x74, 0x65, 0x22, 0x29, 0x2c, 0x0a, 0x20, 0x20
  .byte 0x20, 0x20, 0x7d, 0x29, 0x2c, 0x0a, 0x20, 0x20, 0x20, 0x20, 0x65, 0x78, 0x65, 0x63, 0x75, 0x74
  .byte 0x65, 0x3a, 0x20, 0x61, 0x73, 0x79, 0x6e, 0x63, 0x20, 0x28, 0x7b, 0x20, 0x65, 0x78, 0x70, 0x72
  .byte 0x65, 0x73, 0x73, 0x69, 0x6f, 0x6e, 0x20, 0x7d, 0x29, 0x20, 0x3d, 0x3e, 0x20, 0x7b, 0x0a, 0x20
  .byte 0x20, 0x20, 0x20, 0x20, 0x20, 0x61, 0x77, 0x61, 0x69, 0x74, 0x20, 0x6e, 0x65, 0x77, 0x20, 0x50
  .byte 0x72, 0x6f, 0x6d, 0x69, 0x73, 0x65, 0x28, 0x28, 0x72, 0x29, 0x20, 0x3d, 0x3e, 0x20, 0x73, 0x65
  .byte 0x74, 0x54, 0x69, 0x6d, 0x65, 0x6f, 0x75, 0x74, 0x28, 0x72, 0x2c, 0x20, 0x33, 0x30, 0x30, 0x29
  .byte 0x29, 0x3b, 0x0a, 0x20, 0x20, 0x20, 0x20, 0x20, 0x20, 0x74, 0x72, 0x79, 0x20, 0x7b, 0x0a, 0x20
  .byte 0x20, 0x20, 0x20, 0x20, 0x20, 0x20, 0x20, 0x63, 0x6f, 0x6e, 0x73, 0x74, 0x20, 0x73, 0x61, 0x6e
  .byte 0x69, 0x74, 0x69, 0x7a, 0x65, 0x64, 0x20, 0x3d, 0x20, 0x65, 0x78, 0x70, 0x72, 0x65, 0x73, 0x73
  .byte 0x69, 0x6f, 0x6e, 0x2e, 0x72, 0x65, 0x70, 0x6c, 0x61, 0x63, 0x65, 0x28, 0x0a, 0x20, 0x20, 0x20
  .byte 0x20, 0x20, 0x20, 0x20, 0x20, 0x20, 0x20, 0x2f, 0x5b, 0x5e, 0x30, 0x2d, 0x39, 0x2b, 0x5c, 0x2d
  .byte 0x2a, 0x2f, 0x28, 0x29, 0x2e, 0x25, 0x5c, 0x73, 0x2c, 0x4d, 0x61, 0x74, 0x68, 0x2e, 0x73, 0x71
  .byte 0x72, 0x74, 0x70, 0x6f, 0x77, 0x61, 0x62, 0x73, 0x63, 0x65, 0x69, 0x6c, 0x66, 0x6c, 0x6f, 0x6f
  .byte 0x72, 0x72, 0x6f, 0x75, 0x6e, 0x64, 0x5d, 0x2f, 0x67, 0x2c, 0x0a, 0x20, 0x20, 0x20, 0x20, 0x20
  .byte 0x20, 0x20, 0x20, 0x20, 0x20, 0x22, 0x22, 0x2c, 0x0a, 0x20, 0x20, 0x20, 0x20, 0x20, 0x20, 0x20
  .byte 0x20, 0x29, 0x3b, 0x0a, 0x20, 0x20, 0x20, 0x20, 0x20, 0x20, 0x20, 0x20, 0x63, 0x6f, 0x6e, 0x73
  .byte 0x74, 0x20, 0x72, 0x65, 0x73, 0x75, 0x6c, 0x74, 0x20, 0x3d, 0x20, 0x6e, 0x65, 0x77, 0x20, 0x46
  .byte 0x75, 0x6e, 0x63, 0x74, 0x69, 0x6f, 0x6e, 0x28, 0x60, 0x72, 0x65, 0x74, 0x75, 0x72, 0x6e, 0x20
  .byte 0x28, 0x24, 0x7b, 0x73, 0x61, 0x6e, 0x69, 0x74, 0x69, 0x7a, 0x65, 0x64, 0x7d, 0x29, 0x60, 0x29
  .byte 0x28, 0x29, 0x3b, 0x0a, 0x20, 0x20, 0x20, 0x20, 0x20, 0x20, 0x20, 0x20, 0x72, 0x65, 0x74, 0x75
  .byte 0x72, 0x6e, 0x20, 0x7b, 0x20, 0x65, 0x78, 0x70, 0x72, 0x65, 0x73, 0x73, 0x69, 0x6f, 0x6e, 0x2c
  .byte 0x20, 0x72, 0x65, 0x73, 0x75, 0x6c, 0x74, 0x3a, 0x20, 0x4e, 0x75, 0x6d, 0x62, 0x65, 0x72, 0x28
  .byte 0x72, 0x65, 0x73, 0x75, 0x6c, 0x74, 0x29, 0x20, 0x7d, 0x3b, 0x0a, 0x20, 0x20, 0x20, 0x20, 0x20
  .byte 0x20, 0x7d, 0x20, 0x63, 0x61, 0x74, 0x63, 0x68, 0x20, 0x7b, 0x0a, 0x20, 0x20, 0x20, 0x20, 0x20
  .byte 0x20, 0x20, 0x20, 0x72, 0x65, 0x74, 0x75, 0x72, 0x6e, 0x20, 0x7b, 0x20, 0x65, 0x78, 0x70, 0x72
  .byte 0x65, 0x73, 0x73, 0x69, 0x6f, 0x6e, 0x2c, 0x20, 0x65, 0x72, 0x72, 0x6f, 0x72, 0x3a, 0x20, 0x22
  .byte 0x49, 0x6e, 0x76, 0x61, 0x6c, 0x69, 0x64, 0x20, 0x65, 0x78, 0x70, 0x72, 0x65, 0x73, 0x73, 0x69
  .byte 0x6f, 0x6e, 0x22, 0x20, 0x7d, 0x3b, 0x0a, 0x20, 0x20, 0x20, 0x20, 0x20, 0x20, 0x7d, 0x0a, 0x20
  .byte 0x20, 0x20, 0x20, 0x7d, 0x2c, 0x0a, 0x20, 0x20, 0x7d, 0x29, 0x2c, 0x0a, 0x0a, 0x20, 0x20, 0x73
  .byte 0x65, 0x61, 0x72, 0x63, 0x68, 0x5f, 0x77, 0x65, 0x62, 0x3a, 0x20, 0x74, 0x6f, 0x6f, 0x6c, 0x28
  .byte 0x7b, 0x0a, 0x20, 0x20, 0x20, 0x20, 0x64, 0x65, 0x73, 0x63, 0x72, 0x69, 0x70, 0x74, 0x69, 0x6f
  .byte 0x6e, 0x3a, 0x20, 0x22, 0x53, 0x65, 0x61, 0x72, 0x63, 0x68, 0x20, 0x74, 0x68, 0x65, 0x20, 0x77
  .byte 0x65, 0x62, 0x20, 0x66, 0x6f, 0x72, 0x20, 0x69, 0x6e, 0x66, 0x6f, 0x72, 0x6d, 0x61, 0x74, 0x69
  .byte 0x6f, 0x6e, 0x2e, 0x22, 0x2c, 0x0a, 0x20, 0x20, 0x20, 0x20, 0x69, 0x6e, 0x70, 0x75, 0x74, 0x53
  .byte 0x63, 0x68, 0x65, 0x6d, 0x61, 0x3a, 0x20, 0x7a, 0x2e, 0x6f, 0x62, 0x6a, 0x65, 0x63, 0x74, 0x28
  .byte 0x7b, 0x0a, 0x20, 0x20, 0x20, 0x20, 0x20, 0x20, 0x71, 0x75, 0x65, 0x72, 0x79, 0x3a, 0x20, 0x7a
  .byte 0x2e, 0x73, 0x74, 0x72, 0x69, 0x6e, 0x67, 0x28, 0x29, 0x2e, 0x64, 0x65, 0x73, 0x63, 0x72, 0x69
  .byte 0x62, 0x65, 0x28, 0x22, 0x53, 0x65, 0x61, 0x72, 0x63, 0x68, 0x20, 0x71, 0x75, 0x65, 0x72, 0x79
  .byte 0x22, 0x29, 0x2c, 0x0a, 0x20, 0x20, 0x20, 0x20, 0x7d, 0x29, 0x2c, 0x0a, 0x20, 0x20, 0x20, 0x20
  .byte 0x65, 0x78, 0x65, 0x63, 0x75, 0x74, 0x65, 0x3a, 0x20, 0x61, 0x73, 0x79, 0x6e, 0x63, 0x20, 0x28
  .byte 0x7b, 0x20, 0x71, 0x75, 0x65, 0x72, 0x79, 0x20, 0x7d, 0x29, 0x20, 0x3d, 0x3e, 0x20, 0x7b, 0x0a
  .byte 0x20, 0x20, 0x20, 0x20, 0x20, 0x20, 0x61, 0x77, 0x61, 0x69, 0x74, 0x20, 0x6e, 0x65, 0x77, 0x20
  .byte 0x50, 0x72, 0x6f, 0x6d, 0x69, 0x73, 0x65, 0x28, 0x28, 0x72, 0x29, 0x20, 0x3d, 0x3e, 0x20, 0x73
  .byte 0x65, 0x74, 0x54, 0x69, 0x6d, 0x65, 0x6f, 0x75, 0x74, 0x28, 0x72, 0x2c, 0x20, 0x31, 0x30, 0x30
  .byte 0x30, 0x29, 0x29, 0x3b, 0x0a, 0x20, 0x20, 0x20, 0x20, 0x20, 0x20, 0x72, 0x65, 0x74, 0x75, 0x72
  .byte 0x6e, 0x20, 0x7b, 0x0a, 0x20, 0x20, 0x20, 0x20, 0x20, 0x20, 0x20, 0x20, 0x71, 0x75, 0x65, 0x72
  .byte 0x79, 0x2c, 0x0a, 0x20, 0x20, 0x20, 0x20, 0x20, 0x20, 0x20, 0x20, 0x72, 0x65, 0x73, 0x75, 0x6c
  .byte 0x74, 0x73, 0x3a, 0x20, 0x5b, 0x0a, 0x20, 0x20, 0x20, 0x20, 0x20, 0x20, 0x20, 0x20, 0x20, 0x20
  .byte 0x7b, 0x0a, 0x20, 0x20, 0x20, 0x20, 0x20, 0x20, 0x20, 0x20, 0x20, 0x20, 0x20, 0x20, 0x74, 0x69
  .byte 0x74, 0x6c, 0x65, 0x3a, 0x20, 0x60, 0x54, 0x6f, 0x70, 0x20, 0x72, 0x65, 0x73, 0x75, 0x6c, 0x74
  .byte 0x20, 0x66, 0x6f, 0x72, 0x20, 0x22, 0x24, 0x7b, 0x71, 0x75, 0x65, 0x72, 0x79, 0x7d, 0x22, 0x60
  .byte 0x2c, 0x0a, 0x20, 0x20, 0x20, 0x20, 0x20, 0x20, 0x20, 0x20, 0x20, 0x20, 0x20, 0x20, 0x73, 0x6e
  .byte 0x69, 0x70, 0x70, 0x65, 0x74, 0x3a, 0x20, 0x60, 0x43, 0x6f, 0x6d, 0x70, 0x72, 0x65, 0x68, 0x65
  .byte 0x6e, 0x73, 0x69, 0x76, 0x65, 0x20, 0x6f, 0x76, 0x65, 0x72, 0x76, 0x69, 0x65, 0x77, 0x20, 0x6f
  .byte 0x66, 0x20, 0x24, 0x7b, 0x71, 0x75, 0x65, 0x72, 0x79, 0x7d, 0x20, 0x77, 0x69, 0x74, 0x68, 0x20
  .byte 0x74, 0x68, 0x65, 0x20, 0x6c, 0x61, 0x74, 0x65, 0x73, 0x74, 0x20, 0x69, 0x6e, 0x66, 0x6f, 0x72
  .byte 0x6d, 0x61, 0x74, 0x69, 0x6f, 0x6e, 0x2e, 0x60, 0x2c, 0x0a, 0x20, 0x20, 0x20, 0x20, 0x20, 0x20
  .byte 0x20, 0x20, 0x20, 0x20, 0x7d, 0x2c, 0x0a, 0x20, 0x20, 0x20, 0x20, 0x20, 0x20, 0x20, 0x20, 0x20
  .byte 0x20, 0x7b, 0x0a, 0x20, 0x20, 0x20, 0x20, 0x20, 0x20, 0x20, 0x20, 0x20, 0x20, 0x20, 0x20, 0x74
  .byte 0x69, 0x74, 0x6c, 0x65, 0x3a, 0x20, 0x60, 0x24, 0x7b, 0x71, 0x75, 0x65, 0x72, 0x79, 0x7d, 0x20
  .byte 0x2d, 0x20, 0x4c, 0x61, 0x74, 0x65, 0x73, 0x74, 0x20, 0x4e, 0x65, 0x77, 0x73, 0x60, 0x2c, 0x0a
  .byte 0x20, 0x20, 0x20, 0x20, 0x20, 0x20, 0x20, 0x20, 0x20, 0x20, 0x20, 0x20, 0x73, 0x6e, 0x69, 0x70
  .byte 0x70, 0x65, 0x74, 0x3a, 0x20, 0x60, 0x52, 0x65, 0x63, 0x65, 0x6e, 0x74, 0x20, 0x64, 0x65, 0x76
  .byte 0x65, 0x6c, 0x6f, 0x70, 0x6d, 0x65, 0x6e, 0x74, 0x73, 0x20, 0x61, 0x6e, 0x64, 0x20, 0x75, 0x70
  .byte 0x64, 0x61, 0x74, 0x65, 0x73, 0x20, 0x72, 0x65, 0x6c, 0x61, 0x74, 0x65, 0x64, 0x20, 0x74, 0x6f
  .byte 0x20, 0x24, 0x7b, 0x71, 0x75, 0x65, 0x72, 0x79, 0x7d, 0x2e, 0x60, 0x2c, 0x0a, 0x20, 0x20, 0x20
  .byte 0x20, 0x20, 0x20, 0x20, 0x20, 0x20, 0x20, 0x7d, 0x2c, 0x0a, 0x20, 0x20, 0x20, 0x20, 0x20, 0x20
  .byte 0x20, 0x20, 0x20, 0x20, 0x7b, 0x0a, 0x20, 0x20, 0x20, 0x20, 0x20, 0x20, 0x20, 0x20, 0x20, 0x20
  .byte 0x20, 0x20, 0x74, 0x69, 0x74, 0x6c, 0x65, 0x3a, 0x20, 0x60, 0x55, 0x6e, 0x64, 0x65, 0x72, 0x73
  .byte 0x74, 0x61, 0x6e, 0x64, 0x69, 0x6e, 0x67, 0x20, 0x24, 0x7b, 0x71, 0x75, 0x65, 0x72, 0x79, 0x7d
  .byte 0x60, 0x2c, 0x0a, 0x20, 0x20, 0x20, 0x20, 0x20, 0x20, 0x20, 0x20, 0x20, 0x20, 0x20, 0x20, 0x73
  .byte 0x6e, 0x69, 0x70, 0x70, 0x65, 0x74, 0x3a, 0x20, 0x60, 0x41, 0x6e, 0x20, 0x69, 0x6e, 0x2d, 0x64
  .byte 0x65, 0x70, 0x74, 0x68, 0x20, 0x67, 0x75, 0x69, 0x64, 0x65, 0x20, 0x65, 0x78, 0x70, 0x6c, 0x61
  .byte 0x69, 0x6e, 0x69, 0x6e, 0x67, 0x20, 0x65, 0x76, 0x65, 0x72, 0x79, 0x74, 0x68, 0x69, 0x6e, 0x67
  .byte 0x20, 0x61, 0x62, 0x6f, 0x75, 0x74, 0x20, 0x24, 0x7b, 0x71, 0x75, 0x65, 0x72, 0x79, 0x7d, 0x2e
  .byte 0x60, 0x2c, 0x0a, 0x20, 0x20, 0x20, 0x20, 0x20, 0x20, 0x20, 0x20, 0x20, 0x20, 0x7d, 0x2c, 0x0a
  .byte 0x20, 0x20, 0x20, 0x20, 0x20, 0x20, 0x20, 0x20, 0x5d, 0x2c, 0x0a, 0x20, 0x20, 0x20, 0x20, 0x20
  .byte 0x20, 0x7d, 0x3b, 0x0a, 0x20, 0x20, 0x20, 0x20, 0x7d, 0x2c, 0x0a, 0x20, 0x20, 0x7d, 0x29, 0x2c
  .byte 0x0a, 0x7d, 0x3b, 0x0a

  .globl openui_full_port_examples_vercel_ai_chat_src_lib_tools_ts_b7284874853f_pass_2_len
openui_full_port_examples_vercel_ai_chat_src_lib_tools_ts_b7284874853f_pass_2_len:
  .quad 3828

# assembly pass: 3/4
  .globl openui_full_port_examples_vercel_ai_chat_src_lib_tools_ts_b7284874853f_pass_3
openui_full_port_examples_vercel_ai_chat_src_lib_tools_ts_b7284874853f_pass_3:
  .byte 0x69, 0x6d, 0x70, 0x6f, 0x72, 0x74, 0x20, 0x7b, 0x20, 0x74, 0x6f, 0x6f, 0x6c, 0x20, 0x7d, 0x20
  .byte 0x66, 0x72, 0x6f, 0x6d, 0x20, 0x22, 0x61, 0x69, 0x22, 0x3b, 0x0a, 0x69, 0x6d, 0x70, 0x6f, 0x72
  .byte 0x74, 0x20, 0x7b, 0x20, 0x7a, 0x20, 0x7d, 0x20, 0x66, 0x72, 0x6f, 0x6d, 0x20, 0x22, 0x7a, 0x6f
  .byte 0x64, 0x22, 0x3b, 0x0a, 0x0a, 0x65, 0x78, 0x70, 0x6f, 0x72, 0x74, 0x20, 0x63, 0x6f, 0x6e, 0x73
  .byte 0x74, 0x20, 0x74, 0x6f, 0x6f, 0x6c, 0x73, 0x20, 0x3d, 0x20, 0x7b, 0x0a, 0x20, 0x20, 0x67, 0x65
  .byte 0x74, 0x5f, 0x77, 0x65, 0x61, 0x74, 0x68, 0x65, 0x72, 0x3a, 0x20, 0x74, 0x6f, 0x6f, 0x6c, 0x28
  .byte 0x7b, 0x0a, 0x20, 0x20, 0x20, 0x20, 0x64, 0x65, 0x73, 0x63, 0x72, 0x69, 0x70, 0x74, 0x69, 0x6f
  .byte 0x6e, 0x3a, 0x20, 0x22, 0x47, 0x65, 0x74, 0x20, 0x63, 0x75, 0x72, 0x72, 0x65, 0x6e, 0x74, 0x20
  .byte 0x77, 0x65, 0x61, 0x74, 0x68, 0x65, 0x72, 0x20, 0x66, 0x6f, 0x72, 0x20, 0x61, 0x20, 0x6c, 0x6f
  .byte 0x63, 0x61, 0x74, 0x69, 0x6f, 0x6e, 0x2e, 0x22, 0x2c, 0x0a, 0x20, 0x20, 0x20, 0x20, 0x69, 0x6e
  .byte 0x70, 0x75, 0x74, 0x53, 0x63, 0x68, 0x65, 0x6d, 0x61, 0x3a, 0x20, 0x7a, 0x2e, 0x6f, 0x62, 0x6a
  .byte 0x65, 0x63, 0x74, 0x28, 0x7b, 0x0a, 0x20, 0x20, 0x20, 0x20, 0x20, 0x20, 0x6c, 0x6f, 0x63, 0x61
  .byte 0x74, 0x69, 0x6f, 0x6e, 0x3a, 0x20, 0x7a, 0x2e, 0x73, 0x74, 0x72, 0x69, 0x6e, 0x67, 0x28, 0x29
  .byte 0x2e, 0x64, 0x65, 0x73, 0x63, 0x72, 0x69, 0x62, 0x65, 0x28, 0x22, 0x43, 0x69, 0x74, 0x79, 0x20
  .byte 0x6e, 0x61, 0x6d, 0x65, 0x22, 0x29, 0x2c, 0x0a, 0x20, 0x20, 0x20, 0x20, 0x7d, 0x29, 0x2c, 0x0a
  .byte 0x20, 0x20, 0x20, 0x20, 0x65, 0x78, 0x65, 0x63, 0x75, 0x74, 0x65, 0x3a, 0x20, 0x61, 0x73, 0x79
  .byte 0x6e, 0x63, 0x20, 0x28, 0x7b, 0x20, 0x6c, 0x6f, 0x63, 0x61, 0x74, 0x69, 0x6f, 0x6e, 0x20, 0x7d
  .byte 0x29, 0x20, 0x3d, 0x3e, 0x20, 0x7b, 0x0a, 0x20, 0x20, 0x20, 0x20, 0x20, 0x20, 0x61, 0x77, 0x61
  .byte 0x69, 0x74, 0x20, 0x6e, 0x65, 0x77, 0x20, 0x50, 0x72, 0x6f, 0x6d, 0x69, 0x73, 0x65, 0x28, 0x28
  .byte 0x72, 0x29, 0x20, 0x3d, 0x3e, 0x20, 0x73, 0x65, 0x74, 0x54, 0x69, 0x6d, 0x65, 0x6f, 0x75, 0x74
  .byte 0x28, 0x72, 0x2c, 0x20, 0x38, 0x30, 0x30, 0x29, 0x29, 0x3b, 0x0a, 0x20, 0x20, 0x20, 0x20, 0x20
  .byte 0x20, 0x63, 0x6f, 0x6e, 0x73, 0x74, 0x20, 0x6b, 0x6e, 0x6f, 0x77, 0x6e, 0x54, 0x65, 0x6d, 0x70
  .byte 0x73, 0x3a, 0x20, 0x52, 0x65, 0x63, 0x6f, 0x72, 0x64, 0x3c, 0x73, 0x74, 0x72, 0x69, 0x6e, 0x67
  .byte 0x2c, 0x20, 0x6e, 0x75, 0x6d, 0x62, 0x65, 0x72, 0x3e, 0x20, 0x3d, 0x20, 0x7b, 0x0a, 0x20, 0x20
  .byte 0x20, 0x20, 0x20, 0x20, 0x20, 0x20, 0x74, 0x6f, 0x6b, 0x79, 0x6f, 0x3a, 0x20, 0x32, 0x32, 0x2c
  .byte 0x0a, 0x20, 0x20, 0x20, 0x20, 0x20, 0x20, 0x20, 0x20, 0x22, 0x73, 0x61, 0x6e, 0x20, 0x66, 0x72
  .byte 0x61, 0x6e, 0x63, 0x69, 0x73, 0x63, 0x6f, 0x22, 0x3a, 0x20, 0x31, 0x38, 0x2c, 0x0a, 0x20, 0x20
  .byte 0x20, 0x20, 0x20, 0x20, 0x20, 0x20, 0x6c, 0x6f, 0x6e, 0x64, 0x6f, 0x6e, 0x3a, 0x20, 0x31, 0x34
  .byte 0x2c, 0x0a, 0x20, 0x20, 0x20, 0x20, 0x20, 0x20, 0x20, 0x20, 0x22, 0x6e, 0x65, 0x77, 0x20, 0x79
  .byte 0x6f, 0x72, 0x6b, 0x22, 0x3a, 0x20, 0x32, 0x35, 0x2c, 0x0a, 0x20, 0x20, 0x20, 0x20, 0x20, 0x20
  .byte 0x20, 0x20, 0x70, 0x61, 0x72, 0x69, 0x73, 0x3a, 0x20, 0x31, 0x39, 0x2c, 0x0a, 0x20, 0x20, 0x20
  .byte 0x20, 0x20, 0x20, 0x20, 0x20, 0x73, 0x79, 0x64, 0x6e, 0x65, 0x79, 0x3a, 0x20, 0x32, 0x37, 0x2c
  .byte 0x0a, 0x20, 0x20, 0x20, 0x20, 0x20, 0x20, 0x20, 0x20, 0x6d, 0x75, 0x6d, 0x62, 0x61, 0x69, 0x3a
  .byte 0x20, 0x33, 0x33, 0x2c, 0x0a, 0x20, 0x20, 0x20, 0x20, 0x20, 0x20, 0x20, 0x20, 0x62, 0x65, 0x72
  .byte 0x6c, 0x69, 0x6e, 0x3a, 0x20, 0x31, 0x36, 0x2c, 0x0a, 0x20, 0x20, 0x20, 0x20, 0x20, 0x20, 0x7d
  .byte 0x3b, 0x0a, 0x20, 0x20, 0x20, 0x20, 0x20, 0x20, 0x63, 0x6f, 0x6e, 0x73, 0x74, 0x20, 0x63, 0x6f
  .byte 0x6e, 0x64, 0x69, 0x74, 0x69, 0x6f, 0x6e, 0x73, 0x20, 0x3d, 0x20, 0x5b, 0x22, 0x53, 0x75, 0x6e
  .byte 0x6e, 0x79, 0x22, 0x2c, 0x20, 0x22, 0x50, 0x61, 0x72, 0x74, 0x6c, 0x79, 0x20, 0x43, 0x6c, 0x6f
  .byte 0x75, 0x64, 0x79, 0x22, 0x2c, 0x20, 0x22, 0x43, 0x6c, 0x6f, 0x75, 0x64, 0x79, 0x22, 0x2c, 0x20
  .byte 0x22, 0x4c, 0x69, 0x67, 0x68, 0x74, 0x20, 0x52, 0x61, 0x69, 0x6e, 0x22, 0x2c, 0x20, 0x22, 0x43
  .byte 0x6c, 0x65, 0x61, 0x72, 0x20, 0x53, 0x6b, 0x69, 0x65, 0x73, 0x22, 0x5d, 0x3b, 0x0a, 0x20, 0x20
  .byte 0x20, 0x20, 0x20, 0x20, 0x63, 0x6f, 0x6e, 0x73, 0x74, 0x20, 0x74, 0x65, 0x6d, 0x70, 0x20, 0x3d
  .byte 0x20, 0x6b, 0x6e, 0x6f, 0x77, 0x6e, 0x54, 0x65, 0x6d, 0x70, 0x73, 0x5b, 0x6c, 0x6f, 0x63, 0x61
  .byte 0x74, 0x69, 0x6f, 0x6e, 0x2e, 0x74, 0x6f, 0x4c, 0x6f, 0x77, 0x65, 0x72, 0x43, 0x61, 0x73, 0x65
  .byte 0x28, 0x29, 0x5d, 0x20, 0x3f, 0x3f, 0x20, 0x4d, 0x61, 0x74, 0x68, 0x2e, 0x66, 0x6c, 0x6f, 0x6f
  .byte 0x72, 0x28, 0x4d, 0x61, 0x74, 0x68, 0x2e, 0x72, 0x61, 0x6e, 0x64, 0x6f, 0x6d, 0x28, 0x29, 0x20
  .byte 0x2a, 0x20, 0x33, 0x30, 0x20, 0x2b, 0x20, 0x35, 0x29, 0x3b, 0x0a, 0x20, 0x20, 0x20, 0x20, 0x20
  .byte 0x20, 0x63, 0x6f, 0x6e, 0x73, 0x74, 0x20, 0x63, 0x6f, 0x6e, 0x64, 0x69, 0x74, 0x69, 0x6f, 0x6e
  .byte 0x20, 0x3d, 0x20, 0x63, 0x6f, 0x6e, 0x64, 0x69, 0x74, 0x69, 0x6f, 0x6e, 0x73, 0x5b, 0x4d, 0x61
  .byte 0x74, 0x68, 0x2e, 0x66, 0x6c, 0x6f, 0x6f, 0x72, 0x28, 0x4d, 0x61, 0x74, 0x68, 0x2e, 0x72, 0x61
  .byte 0x6e, 0x64, 0x6f, 0x6d, 0x28, 0x29, 0x20, 0x2a, 0x20, 0x63, 0x6f, 0x6e, 0x64, 0x69, 0x74, 0x69
  .byte 0x6f, 0x6e, 0x73, 0x2e, 0x6c, 0x65, 0x6e, 0x67, 0x74, 0x68, 0x29, 0x5d, 0x3b, 0x0a, 0x20, 0x20
  .byte 0x20, 0x20, 0x20, 0x20, 0x72, 0x65, 0x74, 0x75, 0x72, 0x6e, 0x20, 0x7b, 0x0a, 0x20, 0x20, 0x20
  .byte 0x20, 0x20, 0x20, 0x20, 0x20, 0x6c, 0x6f, 0x63, 0x61, 0x74, 0x69, 0x6f, 0x6e, 0x2c, 0x0a, 0x20
  .byte 0x20, 0x20, 0x20, 0x20, 0x20, 0x20, 0x20, 0x74, 0x65, 0x6d, 0x70, 0x65, 0x72, 0x61, 0x74, 0x75
  .byte 0x72, 0x65, 0x5f, 0x63, 0x65, 0x6c, 0x73, 0x69, 0x75, 0x73, 0x3a, 0x20, 0x74, 0x65, 0x6d, 0x70
  .byte 0x2c, 0x0a, 0x20, 0x20, 0x20, 0x20, 0x20, 0x20, 0x20, 0x20, 0x74, 0x65, 0x6d, 0x70, 0x65, 0x72
  .byte 0x61, 0x74, 0x75, 0x72, 0x65, 0x5f, 0x66, 0x61, 0x68, 0x72, 0x65, 0x6e, 0x68, 0x65, 0x69, 0x74
  .byte 0x3a, 0x20, 0x4d, 0x61, 0x74, 0x68, 0x2e, 0x72, 0x6f, 0x75, 0x6e, 0x64, 0x28, 0x74, 0x65, 0x6d
  .byte 0x70, 0x20, 0x2a, 0x20, 0x31, 0x2e, 0x38, 0x20, 0x2b, 0x20, 0x33, 0x32, 0x29, 0x2c, 0x0a, 0x20
  .byte 0x20, 0x20, 0x20, 0x20, 0x20, 0x20, 0x20, 0x63, 0x6f, 0x6e, 0x64, 0x69, 0x74, 0x69, 0x6f, 0x6e
  .byte 0x2c, 0x0a, 0x20, 0x20, 0x20, 0x20, 0x20, 0x20, 0x20, 0x20, 0x68, 0x75, 0x6d, 0x69, 0x64, 0x69
  .byte 0x74, 0x79, 0x5f, 0x70, 0x65, 0x72, 0x63, 0x65, 0x6e, 0x74, 0x3a, 0x20, 0x4d, 0x61, 0x74, 0x68
  .byte 0x2e, 0x66, 0x6c, 0x6f, 0x6f, 0x72, 0x28, 0x4d, 0x61, 0x74, 0x68, 0x2e, 0x72, 0x61, 0x6e, 0x64
  .byte 0x6f, 0x6d, 0x28, 0x29, 0x20, 0x2a, 0x20, 0x34, 0x30, 0x20, 0x2b, 0x20, 0x34, 0x30, 0x29, 0x2c
  .byte 0x0a, 0x20, 0x20, 0x20, 0x20, 0x20, 0x20, 0x20, 0x20, 0x77, 0x69, 0x6e, 0x64, 0x5f, 0x73, 0x70
  .byte 0x65, 0x65, 0x64, 0x5f, 0x6b, 0x6d, 0x68, 0x3a, 0x20, 0x4d, 0x61, 0x74, 0x68, 0x2e, 0x66, 0x6c
  .byte 0x6f, 0x6f, 0x72, 0x28, 0x4d, 0x61, 0x74, 0x68, 0x2e, 0x72, 0x61, 0x6e, 0x64, 0x6f, 0x6d, 0x28
  .byte 0x29, 0x20, 0x2a, 0x20, 0x32, 0x35, 0x20, 0x2b, 0x20, 0x35, 0x29, 0x2c, 0x0a, 0x20, 0x20, 0x20
  .byte 0x20, 0x20, 0x20, 0x20, 0x20, 0x66, 0x6f, 0x72, 0x65, 0x63, 0x61, 0x73, 0x74, 0x3a, 0x20, 0x5b
  .byte 0x0a, 0x20, 0x20, 0x20, 0x20, 0x20, 0x20, 0x20, 0x20, 0x20, 0x20, 0x7b, 0x20, 0x64, 0x61, 0x79
  .byte 0x3a, 0x20, 0x22, 0x54, 0x6f, 0x6d, 0x6f, 0x72, 0x72, 0x6f, 0x77, 0x22, 0x2c, 0x20, 0x68, 0x69
  .byte 0x67, 0x68, 0x3a, 0x20, 0x74, 0x65, 0x6d, 0x70, 0x20, 0x2b, 0x20, 0x32, 0x2c, 0x20, 0x6c, 0x6f
  .byte 0x77, 0x3a, 0x20, 0x74, 0x65, 0x6d, 0x70, 0x20, 0x2d, 0x20, 0x34, 0x2c, 0x20, 0x63, 0x6f, 0x6e
  .byte 0x64, 0x69, 0x74, 0x69, 0x6f, 0x6e, 0x3a, 0x20, 0x22, 0x50, 0x61, 0x72, 0x74, 0x6c, 0x79, 0x20
  .byte 0x43, 0x6c, 0x6f, 0x75, 0x64, 0x79, 0x22, 0x20, 0x7d, 0x2c, 0x0a, 0x20, 0x20, 0x20, 0x20, 0x20
  .byte 0x20, 0x20, 0x20, 0x20, 0x20, 0x7b, 0x20, 0x64, 0x61, 0x79, 0x3a, 0x20, 0x22, 0x44, 0x61, 0x79
  .byte 0x20, 0x41, 0x66, 0x74, 0x65, 0x72, 0x22, 0x2c, 0x20, 0x68, 0x69, 0x67, 0x68, 0x3a, 0x20, 0x74
  .byte 0x65, 0x6d, 0x70, 0x20, 0x2b, 0x20, 0x31, 0x2c, 0x20, 0x6c, 0x6f, 0x77, 0x3a, 0x20, 0x74, 0x65
  .byte 0x6d, 0x70, 0x20, 0x2d, 0x20, 0x33, 0x2c, 0x20, 0x63, 0x6f, 0x6e, 0x64, 0x69, 0x74, 0x69, 0x6f
  .byte 0x6e, 0x3a, 0x20, 0x22, 0x53, 0x75, 0x6e, 0x6e, 0x79, 0x22, 0x20, 0x7d, 0x2c, 0x0a, 0x20, 0x20
  .byte 0x20, 0x20, 0x20, 0x20, 0x20, 0x20, 0x5d, 0x2c, 0x0a, 0x20, 0x20, 0x20, 0x20, 0x20, 0x20, 0x7d
  .byte 0x3b, 0x0a, 0x20, 0x20, 0x20, 0x20, 0x7d, 0x2c, 0x0a, 0x20, 0x20, 0x7d, 0x29, 0x2c, 0x0a, 0x0a
  .byte 0x20, 0x20, 0x67, 0x65, 0x74, 0x5f, 0x73, 0x74, 0x6f, 0x63, 0x6b, 0x5f, 0x70, 0x72, 0x69, 0x63
  .byte 0x65, 0x3a, 0x20, 0x74, 0x6f, 0x6f, 0x6c, 0x28, 0x7b, 0x0a, 0x20, 0x20, 0x20, 0x20, 0x64, 0x65
  .byte 0x73, 0x63, 0x72, 0x69, 0x70, 0x74, 0x69, 0x6f, 0x6e, 0x3a, 0x20, 0x22, 0x47, 0x65, 0x74, 0x20
  .byte 0x73, 0x74, 0x6f, 0x63, 0x6b, 0x20, 0x70, 0x72, 0x69, 0x63, 0x65, 0x20, 0x66, 0x6f, 0x72, 0x20
  .byte 0x61, 0x20, 0x74, 0x69, 0x63, 0x6b, 0x65, 0x72, 0x20, 0x73, 0x79, 0x6d, 0x62, 0x6f, 0x6c, 0x2e
  .byte 0x22, 0x2c, 0x0a, 0x20, 0x20, 0x20, 0x20, 0x69, 0x6e, 0x70, 0x75, 0x74, 0x53, 0x63, 0x68, 0x65
  .byte 0x6d, 0x61, 0x3a, 0x20, 0x7a, 0x2e, 0x6f, 0x62, 0x6a, 0x65, 0x63, 0x74, 0x28, 0x7b, 0x0a, 0x20
  .byte 0x20, 0x20, 0x20, 0x20, 0x20, 0x73, 0x79, 0x6d, 0x62, 0x6f, 0x6c, 0x3a, 0x20, 0x7a, 0x2e, 0x73
  .byte 0x74, 0x72, 0x69, 0x6e, 0x67, 0x28, 0x29, 0x2e, 0x64, 0x65, 0x73, 0x63, 0x72, 0x69, 0x62, 0x65
  .byte 0x28, 0x22, 0x54, 0x69, 0x63, 0x6b, 0x65, 0x72, 0x20, 0x73, 0x79, 0x6d, 0x62, 0x6f, 0x6c, 0x2c
  .byte 0x20, 0x65, 0x2e, 0x67, 0x2e, 0x20, 0x41, 0x41, 0x50, 0x4c, 0x22, 0x29, 0x2c, 0x0a, 0x20, 0x20
  .byte 0x20, 0x20, 0x7d, 0x29, 0x2c, 0x0a, 0x20, 0x20, 0x20, 0x20, 0x65, 0x78, 0x65, 0x63, 0x75, 0x74
  .byte 0x65, 0x3a, 0x20, 0x61, 0x73, 0x79, 0x6e, 0x63, 0x20, 0x28, 0x7b, 0x20, 0x73, 0x79, 0x6d, 0x62
  .byte 0x6f, 0x6c, 0x20, 0x7d, 0x29, 0x20, 0x3d, 0x3e, 0x20, 0x7b, 0x0a, 0x20, 0x20, 0x20, 0x20, 0x20
  .byte 0x20, 0x61, 0x77, 0x61, 0x69, 0x74, 0x20, 0x6e, 0x65, 0x77, 0x20, 0x50, 0x72, 0x6f, 0x6d, 0x69
  .byte 0x73, 0x65, 0x28, 0x28, 0x72, 0x29, 0x20, 0x3d, 0x3e, 0x20, 0x73, 0x65, 0x74, 0x54, 0x69, 0x6d
  .byte 0x65, 0x6f, 0x75, 0x74, 0x28, 0x72, 0x2c, 0x20, 0x36, 0x30, 0x30, 0x29, 0x29, 0x3b, 0x0a, 0x20
  .byte 0x20, 0x20, 0x20, 0x20, 0x20, 0x63, 0x6f, 0x6e, 0x73, 0x74, 0x20, 0x73, 0x20, 0x3d, 0x20, 0x73
  .byte 0x79, 0x6d, 0x62, 0x6f, 0x6c, 0x2e, 0x74, 0x6f, 0x55, 0x70, 0x70, 0x65, 0x72, 0x43, 0x61, 0x73
  .byte 0x65, 0x28, 0x29, 0x3b, 0x0a, 0x20, 0x20, 0x20, 0x20, 0x20, 0x20, 0x63, 0x6f, 0x6e, 0x73, 0x74
  .byte 0x20, 0x6b, 0x6e, 0x6f, 0x77, 0x6e, 0x50, 0x72, 0x69, 0x63, 0x65, 0x73, 0x3a, 0x20, 0x52, 0x65
  .byte 0x63, 0x6f, 0x72, 0x64, 0x3c, 0x73, 0x74, 0x72, 0x69, 0x6e, 0x67, 0x2c, 0x20, 0x6e, 0x75, 0x6d
  .byte 0x62, 0x65, 0x72, 0x3e, 0x20, 0x3d, 0x20, 0x7b, 0x0a, 0x20, 0x20, 0x20, 0x20, 0x20, 0x20, 0x20
  .byte 0x20, 0x41, 0x41, 0x50, 0x4c, 0x3a, 0x20, 0x31, 0x38, 0x39, 0x2e, 0x38, 0x34, 0x2c, 0x0a, 0x20
  .byte 0x20, 0x20, 0x20, 0x20, 0x20, 0x20, 0x20, 0x47, 0x4f, 0x4f, 0x47, 0x4c, 0x3a, 0x20, 0x31, 0x34
  .byte 0x31, 0x2e, 0x38, 0x2c, 0x0a, 0x20, 0x20, 0x20, 0x20, 0x20, 0x20, 0x20, 0x20, 0x54, 0x53, 0x4c
  .byte 0x41, 0x3a, 0x20, 0x32, 0x34, 0x38, 0x2e, 0x34, 0x32, 0x2c, 0x0a, 0x20, 0x20, 0x20, 0x20, 0x20
  .byte 0x20, 0x20, 0x20, 0x4d, 0x53, 0x46, 0x54, 0x3a, 0x20, 0x33, 0x37, 0x38, 0x2e, 0x39, 0x31, 0x2c
  .byte 0x0a, 0x20, 0x20, 0x20, 0x20, 0x20, 0x20, 0x20, 0x20, 0x41, 0x4d, 0x5a, 0x4e, 0x3a, 0x20, 0x31
  .byte 0x37, 0x38, 0x2e, 0x32, 0x35, 0x2c, 0x0a, 0x20, 0x20, 0x20, 0x20, 0x20, 0x20, 0x20, 0x20, 0x4e
  .byte 0x56, 0x44, 0x41, 0x3a, 0x20, 0x38, 0x37, 0x35, 0x2e, 0x32, 0x38, 0x2c, 0x0a, 0x20, 0x20, 0x20
  .byte 0x20, 0x20, 0x20, 0x20, 0x20, 0x4d, 0x45, 0x54, 0x41, 0x3a, 0x20, 0x34, 0x38, 0x35, 0x2e, 0x35
  .byte 0x38, 0x2c, 0x0a, 0x20, 0x20, 0x20, 0x20, 0x20, 0x20, 0x7d, 0x3b, 0x0a, 0x20, 0x20, 0x20, 0x20
  .byte 0x20, 0x20, 0x63, 0x6f, 0x6e, 0x73, 0x74, 0x20, 0x70, 0x72, 0x69, 0x63, 0x65, 0x20, 0x3d, 0x20
  .byte 0x6b, 0x6e, 0x6f, 0x77, 0x6e, 0x50, 0x72, 0x69, 0x63, 0x65, 0x73, 0x5b, 0x73, 0x5d, 0x20, 0x3f
  .byte 0x3f, 0x20, 0x4d, 0x61, 0x74, 0x68, 0x2e, 0x66, 0x6c, 0x6f, 0x6f, 0x72, 0x28, 0x4d, 0x61, 0x74
  .byte 0x68, 0x2e, 0x72, 0x61, 0x6e, 0x64, 0x6f, 0x6d, 0x28, 0x29, 0x20, 0x2a, 0x20, 0x35, 0x30, 0x30
  .byte 0x20, 0x2b, 0x20, 0x32, 0x30, 0x29, 0x3b, 0x0a, 0x20, 0x20, 0x20, 0x20, 0x20, 0x20, 0x63, 0x6f
  .byte 0x6e, 0x73, 0x74, 0x20, 0x63, 0x68, 0x61, 0x6e, 0x67, 0x65, 0x20, 0x3d, 0x20, 0x70, 0x61, 0x72
  .byte 0x73, 0x65, 0x46, 0x6c, 0x6f, 0x61, 0x74, 0x28, 0x28, 0x4d, 0x61, 0x74, 0x68, 0x2e, 0x72, 0x61
  .byte 0x6e, 0x64, 0x6f, 0x6d, 0x28, 0x29, 0x20, 0x2a, 0x20, 0x38, 0x20, 0x2d, 0x20, 0x34, 0x29, 0x2e
  .byte 0x74, 0x6f, 0x46, 0x69, 0x78, 0x65, 0x64, 0x28, 0x32, 0x29, 0x29, 0x3b, 0x0a, 0x20, 0x20, 0x20
  .byte 0x20, 0x20, 0x20, 0x72, 0x65, 0x74, 0x75, 0x72, 0x6e, 0x20, 0x7b, 0x0a, 0x20, 0x20, 0x20, 0x20
  .byte 0x20, 0x20, 0x20, 0x20, 0x73, 0x79, 0x6d, 0x62, 0x6f, 0x6c, 0x3a, 0x20, 0x73, 0x2c, 0x0a, 0x20
  .byte 0x20, 0x20, 0x20, 0x20, 0x20, 0x20, 0x20, 0x70, 0x72, 0x69, 0x63, 0x65, 0x3a, 0x20, 0x70, 0x61
  .byte 0x72, 0x73, 0x65, 0x46, 0x6c, 0x6f, 0x61, 0x74, 0x28, 0x28, 0x70, 0x72, 0x69, 0x63, 0x65, 0x20
  .byte 0x2b, 0x20, 0x63, 0x68, 0x61, 0x6e, 0x67, 0x65, 0x29, 0x2e, 0x74, 0x6f, 0x46, 0x69, 0x78, 0x65
  .byte 0x64, 0x28, 0x32, 0x29, 0x29, 0x2c, 0x0a, 0x20, 0x20, 0x20, 0x20, 0x20, 0x20, 0x20, 0x20, 0x63
  .byte 0x68, 0x61, 0x6e, 0x67, 0x65, 0x2c, 0x0a, 0x20, 0x20, 0x20, 0x20, 0x20, 0x20, 0x20, 0x20, 0x63
  .byte 0x68, 0x61, 0x6e, 0x67, 0x65, 0x5f, 0x70, 0x65, 0x72, 0x63, 0x65, 0x6e, 0x74, 0x3a, 0x20, 0x70
  .byte 0x61, 0x72, 0x73, 0x65, 0x46, 0x6c, 0x6f, 0x61, 0x74, 0x28, 0x28, 0x28, 0x63, 0x68, 0x61, 0x6e
  .byte 0x67, 0x65, 0x20, 0x2f, 0x20, 0x70, 0x72, 0x69, 0x63, 0x65, 0x29, 0x20, 0x2a, 0x20, 0x31, 0x30
  .byte 0x30, 0x29, 0x2e, 0x74, 0x6f, 0x46, 0x69, 0x78, 0x65, 0x64, 0x28, 0x32, 0x29, 0x29, 0x2c, 0x0a
  .byte 0x20, 0x20, 0x20, 0x20, 0x20, 0x20, 0x20, 0x20, 0x76, 0x6f, 0x6c, 0x75, 0x6d, 0x65, 0x3a, 0x20
  .byte 0x60, 0x24, 0x7b, 0x28, 0x4d, 0x61, 0x74, 0x68, 0x2e, 0x72, 0x61, 0x6e, 0x64, 0x6f, 0x6d, 0x28
  .byte 0x29, 0x20, 0x2a, 0x20, 0x35, 0x30, 0x20, 0x2b, 0x20, 0x31, 0x30, 0x29, 0x2e, 0x74, 0x6f, 0x46
  .byte 0x69, 0x78, 0x65, 0x64, 0x28, 0x31, 0x29, 0x7d, 0x4d, 0x60, 0x2c, 0x0a, 0x20, 0x20, 0x20, 0x20
  .byte 0x20, 0x20, 0x20, 0x20, 0x64, 0x61, 0x79, 0x5f, 0x68, 0x69, 0x67, 0x68, 0x3a, 0x20, 0x70, 0x61
  .byte 0x72, 0x73, 0x65, 0x46, 0x6c, 0x6f, 0x61, 0x74, 0x28, 0x28, 0x70, 0x72, 0x69, 0x63, 0x65, 0x20
  .byte 0x2b, 0x20, 0x4d, 0x61, 0x74, 0x68, 0x2e, 0x61, 0x62, 0x73, 0x28, 0x63, 0x68, 0x61, 0x6e, 0x67
  .byte 0x65, 0x29, 0x20, 0x2b, 0x20, 0x31, 0x2e, 0x35, 0x29, 0x2e, 0x74, 0x6f, 0x46, 0x69, 0x78, 0x65
  .byte 0x64, 0x28, 0x32, 0x29, 0x29, 0x2c, 0x0a, 0x20, 0x20, 0x20, 0x20, 0x20, 0x20, 0x20, 0x20, 0x64
  .byte 0x61, 0x79, 0x5f, 0x6c, 0x6f, 0x77, 0x3a, 0x20, 0x70, 0x61, 0x72, 0x73, 0x65, 0x46, 0x6c, 0x6f
  .byte 0x61, 0x74, 0x28, 0x28, 0x70, 0x72, 0x69, 0x63, 0x65, 0x20, 0x2d, 0x20, 0x4d, 0x61, 0x74, 0x68
  .byte 0x2e, 0x61, 0x62, 0x73, 0x28, 0x63, 0x68, 0x61, 0x6e, 0x67, 0x65, 0x29, 0x20, 0x2d, 0x20, 0x31
  .byte 0x2e, 0x32, 0x29, 0x2e, 0x74, 0x6f, 0x46, 0x69, 0x78, 0x65, 0x64, 0x28, 0x32, 0x29, 0x29, 0x2c
  .byte 0x0a, 0x20, 0x20, 0x20, 0x20, 0x20, 0x20, 0x7d, 0x3b, 0x0a, 0x20, 0x20, 0x20, 0x20, 0x7d, 0x2c
  .byte 0x0a, 0x20, 0x20, 0x7d, 0x29, 0x2c, 0x0a, 0x0a, 0x20, 0x20, 0x63, 0x61, 0x6c, 0x63, 0x75, 0x6c
  .byte 0x61, 0x74, 0x65, 0x3a, 0x20, 0x74, 0x6f, 0x6f, 0x6c, 0x28, 0x7b, 0x0a, 0x20, 0x20, 0x20, 0x20
  .byte 0x64, 0x65, 0x73, 0x63, 0x72, 0x69, 0x70, 0x74, 0x69, 0x6f, 0x6e, 0x3a, 0x20, 0x22, 0x45, 0x76
  .byte 0x61, 0x6c, 0x75, 0x61, 0x74, 0x65, 0x20, 0x61, 0x20, 0x6d, 0x61, 0x74, 0x68, 0x20, 0x65, 0x78
  .byte 0x70, 0x72, 0x65, 0x73, 0x73, 0x69, 0x6f, 0x6e, 0x2e, 0x22, 0x2c, 0x0a, 0x20, 0x20, 0x20, 0x20
  .byte 0x69, 0x6e, 0x70, 0x75, 0x74, 0x53, 0x63, 0x68, 0x65, 0x6d, 0x61, 0x3a, 0x20, 0x7a, 0x2e, 0x6f
  .byte 0x62, 0x6a, 0x65, 0x63, 0x74, 0x28, 0x7b, 0x0a, 0x20, 0x20, 0x20, 0x20, 0x20, 0x20, 0x65, 0x78
  .byte 0x70, 0x72, 0x65, 0x73, 0x73, 0x69, 0x6f, 0x6e, 0x3a, 0x20, 0x7a, 0x2e, 0x73, 0x74, 0x72, 0x69
  .byte 0x6e, 0x67, 0x28, 0x29, 0x2e, 0x64, 0x65, 0x73, 0x63, 0x72, 0x69, 0x62, 0x65, 0x28, 0x22, 0x4d
  .byte 0x61, 0x74, 0x68, 0x20, 0x65, 0x78, 0x70, 0x72, 0x65, 0x73, 0x73, 0x69, 0x6f, 0x6e, 0x20, 0x74
  .byte 0x6f, 0x20, 0x65, 0x76, 0x61, 0x6c, 0x75, 0x61, 0x74, 0x65, 0x22, 0x29, 0x2c, 0x0a, 0x20, 0x20
  .byte 0x20, 0x20, 0x7d, 0x29, 0x2c, 0x0a, 0x20, 0x20, 0x20, 0x20, 0x65, 0x78, 0x65, 0x63, 0x75, 0x74
  .byte 0x65, 0x3a, 0x20, 0x61, 0x73, 0x79, 0x6e, 0x63, 0x20, 0x28, 0x7b, 0x20, 0x65, 0x78, 0x70, 0x72
  .byte 0x65, 0x73, 0x73, 0x69, 0x6f, 0x6e, 0x20, 0x7d, 0x29, 0x20, 0x3d, 0x3e, 0x20, 0x7b, 0x0a, 0x20
  .byte 0x20, 0x20, 0x20, 0x20, 0x20, 0x61, 0x77, 0x61, 0x69, 0x74, 0x20, 0x6e, 0x65, 0x77, 0x20, 0x50
  .byte 0x72, 0x6f, 0x6d, 0x69, 0x73, 0x65, 0x28, 0x28, 0x72, 0x29, 0x20, 0x3d, 0x3e, 0x20, 0x73, 0x65
  .byte 0x74, 0x54, 0x69, 0x6d, 0x65, 0x6f, 0x75, 0x74, 0x28, 0x72, 0x2c, 0x20, 0x33, 0x30, 0x30, 0x29
  .byte 0x29, 0x3b, 0x0a, 0x20, 0x20, 0x20, 0x20, 0x20, 0x20, 0x74, 0x72, 0x79, 0x20, 0x7b, 0x0a, 0x20
  .byte 0x20, 0x20, 0x20, 0x20, 0x20, 0x20, 0x20, 0x63, 0x6f, 0x6e, 0x73, 0x74, 0x20, 0x73, 0x61, 0x6e
  .byte 0x69, 0x74, 0x69, 0x7a, 0x65, 0x64, 0x20, 0x3d, 0x20, 0x65, 0x78, 0x70, 0x72, 0x65, 0x73, 0x73
  .byte 0x69, 0x6f, 0x6e, 0x2e, 0x72, 0x65, 0x70, 0x6c, 0x61, 0x63, 0x65, 0x28, 0x0a, 0x20, 0x20, 0x20
  .byte 0x20, 0x20, 0x20, 0x20, 0x20, 0x20, 0x20, 0x2f, 0x5b, 0x5e, 0x30, 0x2d, 0x39, 0x2b, 0x5c, 0x2d
  .byte 0x2a, 0x2f, 0x28, 0x29, 0x2e, 0x25, 0x5c, 0x73, 0x2c, 0x4d, 0x61, 0x74, 0x68, 0x2e, 0x73, 0x71
  .byte 0x72, 0x74, 0x70, 0x6f, 0x77, 0x61, 0x62, 0x73, 0x63, 0x65, 0x69, 0x6c, 0x66, 0x6c, 0x6f, 0x6f
  .byte 0x72, 0x72, 0x6f, 0x75, 0x6e, 0x64, 0x5d, 0x2f, 0x67, 0x2c, 0x0a, 0x20, 0x20, 0x20, 0x20, 0x20
  .byte 0x20, 0x20, 0x20, 0x20, 0x20, 0x22, 0x22, 0x2c, 0x0a, 0x20, 0x20, 0x20, 0x20, 0x20, 0x20, 0x20
  .byte 0x20, 0x29, 0x3b, 0x0a, 0x20, 0x20, 0x20, 0x20, 0x20, 0x20, 0x20, 0x20, 0x63, 0x6f, 0x6e, 0x73
  .byte 0x74, 0x20, 0x72, 0x65, 0x73, 0x75, 0x6c, 0x74, 0x20, 0x3d, 0x20, 0x6e, 0x65, 0x77, 0x20, 0x46
  .byte 0x75, 0x6e, 0x63, 0x74, 0x69, 0x6f, 0x6e, 0x28, 0x60, 0x72, 0x65, 0x74, 0x75, 0x72, 0x6e, 0x20
  .byte 0x28, 0x24, 0x7b, 0x73, 0x61, 0x6e, 0x69, 0x74, 0x69, 0x7a, 0x65, 0x64, 0x7d, 0x29, 0x60, 0x29
  .byte 0x28, 0x29, 0x3b, 0x0a, 0x20, 0x20, 0x20, 0x20, 0x20, 0x20, 0x20, 0x20, 0x72, 0x65, 0x74, 0x75
  .byte 0x72, 0x6e, 0x20, 0x7b, 0x20, 0x65, 0x78, 0x70, 0x72, 0x65, 0x73, 0x73, 0x69, 0x6f, 0x6e, 0x2c
  .byte 0x20, 0x72, 0x65, 0x73, 0x75, 0x6c, 0x74, 0x3a, 0x20, 0x4e, 0x75, 0x6d, 0x62, 0x65, 0x72, 0x28
  .byte 0x72, 0x65, 0x73, 0x75, 0x6c, 0x74, 0x29, 0x20, 0x7d, 0x3b, 0x0a, 0x20, 0x20, 0x20, 0x20, 0x20
  .byte 0x20, 0x7d, 0x20, 0x63, 0x61, 0x74, 0x63, 0x68, 0x20, 0x7b, 0x0a, 0x20, 0x20, 0x20, 0x20, 0x20
  .byte 0x20, 0x20, 0x20, 0x72, 0x65, 0x74, 0x75, 0x72, 0x6e, 0x20, 0x7b, 0x20, 0x65, 0x78, 0x70, 0x72
  .byte 0x65, 0x73, 0x73, 0x69, 0x6f, 0x6e, 0x2c, 0x20, 0x65, 0x72, 0x72, 0x6f, 0x72, 0x3a, 0x20, 0x22
  .byte 0x49, 0x6e, 0x76, 0x61, 0x6c, 0x69, 0x64, 0x20, 0x65, 0x78, 0x70, 0x72, 0x65, 0x73, 0x73, 0x69
  .byte 0x6f, 0x6e, 0x22, 0x20, 0x7d, 0x3b, 0x0a, 0x20, 0x20, 0x20, 0x20, 0x20, 0x20, 0x7d, 0x0a, 0x20
  .byte 0x20, 0x20, 0x20, 0x7d, 0x2c, 0x0a, 0x20, 0x20, 0x7d, 0x29, 0x2c, 0x0a, 0x0a, 0x20, 0x20, 0x73
  .byte 0x65, 0x61, 0x72, 0x63, 0x68, 0x5f, 0x77, 0x65, 0x62, 0x3a, 0x20, 0x74, 0x6f, 0x6f, 0x6c, 0x28
  .byte 0x7b, 0x0a, 0x20, 0x20, 0x20, 0x20, 0x64, 0x65, 0x73, 0x63, 0x72, 0x69, 0x70, 0x74, 0x69, 0x6f
  .byte 0x6e, 0x3a, 0x20, 0x22, 0x53, 0x65, 0x61, 0x72, 0x63, 0x68, 0x20, 0x74, 0x68, 0x65, 0x20, 0x77
  .byte 0x65, 0x62, 0x20, 0x66, 0x6f, 0x72, 0x20, 0x69, 0x6e, 0x66, 0x6f, 0x72, 0x6d, 0x61, 0x74, 0x69
  .byte 0x6f, 0x6e, 0x2e, 0x22, 0x2c, 0x0a, 0x20, 0x20, 0x20, 0x20, 0x69, 0x6e, 0x70, 0x75, 0x74, 0x53
  .byte 0x63, 0x68, 0x65, 0x6d, 0x61, 0x3a, 0x20, 0x7a, 0x2e, 0x6f, 0x62, 0x6a, 0x65, 0x63, 0x74, 0x28
  .byte 0x7b, 0x0a, 0x20, 0x20, 0x20, 0x20, 0x20, 0x20, 0x71, 0x75, 0x65, 0x72, 0x79, 0x3a, 0x20, 0x7a
  .byte 0x2e, 0x73, 0x74, 0x72, 0x69, 0x6e, 0x67, 0x28, 0x29, 0x2e, 0x64, 0x65, 0x73, 0x63, 0x72, 0x69
  .byte 0x62, 0x65, 0x28, 0x22, 0x53, 0x65, 0x61, 0x72, 0x63, 0x68, 0x20, 0x71, 0x75, 0x65, 0x72, 0x79
  .byte 0x22, 0x29, 0x2c, 0x0a, 0x20, 0x20, 0x20, 0x20, 0x7d, 0x29, 0x2c, 0x0a, 0x20, 0x20, 0x20, 0x20
  .byte 0x65, 0x78, 0x65, 0x63, 0x75, 0x74, 0x65, 0x3a, 0x20, 0x61, 0x73, 0x79, 0x6e, 0x63, 0x20, 0x28
  .byte 0x7b, 0x20, 0x71, 0x75, 0x65, 0x72, 0x79, 0x20, 0x7d, 0x29, 0x20, 0x3d, 0x3e, 0x20, 0x7b, 0x0a
  .byte 0x20, 0x20, 0x20, 0x20, 0x20, 0x20, 0x61, 0x77, 0x61, 0x69, 0x74, 0x20, 0x6e, 0x65, 0x77, 0x20
  .byte 0x50, 0x72, 0x6f, 0x6d, 0x69, 0x73, 0x65, 0x28, 0x28, 0x72, 0x29, 0x20, 0x3d, 0x3e, 0x20, 0x73
  .byte 0x65, 0x74, 0x54, 0x69, 0x6d, 0x65, 0x6f, 0x75, 0x74, 0x28, 0x72, 0x2c, 0x20, 0x31, 0x30, 0x30
  .byte 0x30, 0x29, 0x29, 0x3b, 0x0a, 0x20, 0x20, 0x20, 0x20, 0x20, 0x20, 0x72, 0x65, 0x74, 0x75, 0x72
  .byte 0x6e, 0x20, 0x7b, 0x0a, 0x20, 0x20, 0x20, 0x20, 0x20, 0x20, 0x20, 0x20, 0x71, 0x75, 0x65, 0x72
  .byte 0x79, 0x2c, 0x0a, 0x20, 0x20, 0x20, 0x20, 0x20, 0x20, 0x20, 0x20, 0x72, 0x65, 0x73, 0x75, 0x6c
  .byte 0x74, 0x73, 0x3a, 0x20, 0x5b, 0x0a, 0x20, 0x20, 0x20, 0x20, 0x20, 0x20, 0x20, 0x20, 0x20, 0x20
  .byte 0x7b, 0x0a, 0x20, 0x20, 0x20, 0x20, 0x20, 0x20, 0x20, 0x20, 0x20, 0x20, 0x20, 0x20, 0x74, 0x69
  .byte 0x74, 0x6c, 0x65, 0x3a, 0x20, 0x60, 0x54, 0x6f, 0x70, 0x20, 0x72, 0x65, 0x73, 0x75, 0x6c, 0x74
  .byte 0x20, 0x66, 0x6f, 0x72, 0x20, 0x22, 0x24, 0x7b, 0x71, 0x75, 0x65, 0x72, 0x79, 0x7d, 0x22, 0x60
  .byte 0x2c, 0x0a, 0x20, 0x20, 0x20, 0x20, 0x20, 0x20, 0x20, 0x20, 0x20, 0x20, 0x20, 0x20, 0x73, 0x6e
  .byte 0x69, 0x70, 0x70, 0x65, 0x74, 0x3a, 0x20, 0x60, 0x43, 0x6f, 0x6d, 0x70, 0x72, 0x65, 0x68, 0x65
  .byte 0x6e, 0x73, 0x69, 0x76, 0x65, 0x20, 0x6f, 0x76, 0x65, 0x72, 0x76, 0x69, 0x65, 0x77, 0x20, 0x6f
  .byte 0x66, 0x20, 0x24, 0x7b, 0x71, 0x75, 0x65, 0x72, 0x79, 0x7d, 0x20, 0x77, 0x69, 0x74, 0x68, 0x20
  .byte 0x74, 0x68, 0x65, 0x20, 0x6c, 0x61, 0x74, 0x65, 0x73, 0x74, 0x20, 0x69, 0x6e, 0x66, 0x6f, 0x72
  .byte 0x6d, 0x61, 0x74, 0x69, 0x6f, 0x6e, 0x2e, 0x60, 0x2c, 0x0a, 0x20, 0x20, 0x20, 0x20, 0x20, 0x20
  .byte 0x20, 0x20, 0x20, 0x20, 0x7d, 0x2c, 0x0a, 0x20, 0x20, 0x20, 0x20, 0x20, 0x20, 0x20, 0x20, 0x20
  .byte 0x20, 0x7b, 0x0a, 0x20, 0x20, 0x20, 0x20, 0x20, 0x20, 0x20, 0x20, 0x20, 0x20, 0x20, 0x20, 0x74
  .byte 0x69, 0x74, 0x6c, 0x65, 0x3a, 0x20, 0x60, 0x24, 0x7b, 0x71, 0x75, 0x65, 0x72, 0x79, 0x7d, 0x20
  .byte 0x2d, 0x20, 0x4c, 0x61, 0x74, 0x65, 0x73, 0x74, 0x20, 0x4e, 0x65, 0x77, 0x73, 0x60, 0x2c, 0x0a
  .byte 0x20, 0x20, 0x20, 0x20, 0x20, 0x20, 0x20, 0x20, 0x20, 0x20, 0x20, 0x20, 0x73, 0x6e, 0x69, 0x70
  .byte 0x70, 0x65, 0x74, 0x3a, 0x20, 0x60, 0x52, 0x65, 0x63, 0x65, 0x6e, 0x74, 0x20, 0x64, 0x65, 0x76
  .byte 0x65, 0x6c, 0x6f, 0x70, 0x6d, 0x65, 0x6e, 0x74, 0x73, 0x20, 0x61, 0x6e, 0x64, 0x20, 0x75, 0x70
  .byte 0x64, 0x61, 0x74, 0x65, 0x73, 0x20, 0x72, 0x65, 0x6c, 0x61, 0x74, 0x65, 0x64, 0x20, 0x74, 0x6f
  .byte 0x20, 0x24, 0x7b, 0x71, 0x75, 0x65, 0x72, 0x79, 0x7d, 0x2e, 0x60, 0x2c, 0x0a, 0x20, 0x20, 0x20
  .byte 0x20, 0x20, 0x20, 0x20, 0x20, 0x20, 0x20, 0x7d, 0x2c, 0x0a, 0x20, 0x20, 0x20, 0x20, 0x20, 0x20
  .byte 0x20, 0x20, 0x20, 0x20, 0x7b, 0x0a, 0x20, 0x20, 0x20, 0x20, 0x20, 0x20, 0x20, 0x20, 0x20, 0x20
  .byte 0x20, 0x20, 0x74, 0x69, 0x74, 0x6c, 0x65, 0x3a, 0x20, 0x60, 0x55, 0x6e, 0x64, 0x65, 0x72, 0x73
  .byte 0x74, 0x61, 0x6e, 0x64, 0x69, 0x6e, 0x67, 0x20, 0x24, 0x7b, 0x71, 0x75, 0x65, 0x72, 0x79, 0x7d
  .byte 0x60, 0x2c, 0x0a, 0x20, 0x20, 0x20, 0x20, 0x20, 0x20, 0x20, 0x20, 0x20, 0x20, 0x20, 0x20, 0x73
  .byte 0x6e, 0x69, 0x70, 0x70, 0x65, 0x74, 0x3a, 0x20, 0x60, 0x41, 0x6e, 0x20, 0x69, 0x6e, 0x2d, 0x64
  .byte 0x65, 0x70, 0x74, 0x68, 0x20, 0x67, 0x75, 0x69, 0x64, 0x65, 0x20, 0x65, 0x78, 0x70, 0x6c, 0x61
  .byte 0x69, 0x6e, 0x69, 0x6e, 0x67, 0x20, 0x65, 0x76, 0x65, 0x72, 0x79, 0x74, 0x68, 0x69, 0x6e, 0x67
  .byte 0x20, 0x61, 0x62, 0x6f, 0x75, 0x74, 0x20, 0x24, 0x7b, 0x71, 0x75, 0x65, 0x72, 0x79, 0x7d, 0x2e
  .byte 0x60, 0x2c, 0x0a, 0x20, 0x20, 0x20, 0x20, 0x20, 0x20, 0x20, 0x20, 0x20, 0x20, 0x7d, 0x2c, 0x0a
  .byte 0x20, 0x20, 0x20, 0x20, 0x20, 0x20, 0x20, 0x20, 0x5d, 0x2c, 0x0a, 0x20, 0x20, 0x20, 0x20, 0x20
  .byte 0x20, 0x7d, 0x3b, 0x0a, 0x20, 0x20, 0x20, 0x20, 0x7d, 0x2c, 0x0a, 0x20, 0x20, 0x7d, 0x29, 0x2c
  .byte 0x0a, 0x7d, 0x3b, 0x0a

  .globl openui_full_port_examples_vercel_ai_chat_src_lib_tools_ts_b7284874853f_pass_3_len
openui_full_port_examples_vercel_ai_chat_src_lib_tools_ts_b7284874853f_pass_3_len:
  .quad 3828

# assembly pass: 4/4
  .globl openui_full_port_examples_vercel_ai_chat_src_lib_tools_ts_b7284874853f_pass_4
openui_full_port_examples_vercel_ai_chat_src_lib_tools_ts_b7284874853f_pass_4:
  .byte 0x69, 0x6d, 0x70, 0x6f, 0x72, 0x74, 0x20, 0x7b, 0x20, 0x74, 0x6f, 0x6f, 0x6c, 0x20, 0x7d, 0x20
  .byte 0x66, 0x72, 0x6f, 0x6d, 0x20, 0x22, 0x61, 0x69, 0x22, 0x3b, 0x0a, 0x69, 0x6d, 0x70, 0x6f, 0x72
  .byte 0x74, 0x20, 0x7b, 0x20, 0x7a, 0x20, 0x7d, 0x20, 0x66, 0x72, 0x6f, 0x6d, 0x20, 0x22, 0x7a, 0x6f
  .byte 0x64, 0x22, 0x3b, 0x0a, 0x0a, 0x65, 0x78, 0x70, 0x6f, 0x72, 0x74, 0x20, 0x63, 0x6f, 0x6e, 0x73
  .byte 0x74, 0x20, 0x74, 0x6f, 0x6f, 0x6c, 0x73, 0x20, 0x3d, 0x20, 0x7b, 0x0a, 0x20, 0x20, 0x67, 0x65
  .byte 0x74, 0x5f, 0x77, 0x65, 0x61, 0x74, 0x68, 0x65, 0x72, 0x3a, 0x20, 0x74, 0x6f, 0x6f, 0x6c, 0x28
  .byte 0x7b, 0x0a, 0x20, 0x20, 0x20, 0x20, 0x64, 0x65, 0x73, 0x63, 0x72, 0x69, 0x70, 0x74, 0x69, 0x6f
  .byte 0x6e, 0x3a, 0x20, 0x22, 0x47, 0x65, 0x74, 0x20, 0x63, 0x75, 0x72, 0x72, 0x65, 0x6e, 0x74, 0x20
  .byte 0x77, 0x65, 0x61, 0x74, 0x68, 0x65, 0x72, 0x20, 0x66, 0x6f, 0x72, 0x20, 0x61, 0x20, 0x6c, 0x6f
  .byte 0x63, 0x61, 0x74, 0x69, 0x6f, 0x6e, 0x2e, 0x22, 0x2c, 0x0a, 0x20, 0x20, 0x20, 0x20, 0x69, 0x6e
  .byte 0x70, 0x75, 0x74, 0x53, 0x63, 0x68, 0x65, 0x6d, 0x61, 0x3a, 0x20, 0x7a, 0x2e, 0x6f, 0x62, 0x6a
  .byte 0x65, 0x63, 0x74, 0x28, 0x7b, 0x0a, 0x20, 0x20, 0x20, 0x20, 0x20, 0x20, 0x6c, 0x6f, 0x63, 0x61
  .byte 0x74, 0x69, 0x6f, 0x6e, 0x3a, 0x20, 0x7a, 0x2e, 0x73, 0x74, 0x72, 0x69, 0x6e, 0x67, 0x28, 0x29
  .byte 0x2e, 0x64, 0x65, 0x73, 0x63, 0x72, 0x69, 0x62, 0x65, 0x28, 0x22, 0x43, 0x69, 0x74, 0x79, 0x20
  .byte 0x6e, 0x61, 0x6d, 0x65, 0x22, 0x29, 0x2c, 0x0a, 0x20, 0x20, 0x20, 0x20, 0x7d, 0x29, 0x2c, 0x0a
  .byte 0x20, 0x20, 0x20, 0x20, 0x65, 0x78, 0x65, 0x63, 0x75, 0x74, 0x65, 0x3a, 0x20, 0x61, 0x73, 0x79
  .byte 0x6e, 0x63, 0x20, 0x28, 0x7b, 0x20, 0x6c, 0x6f, 0x63, 0x61, 0x74, 0x69, 0x6f, 0x6e, 0x20, 0x7d
  .byte 0x29, 0x20, 0x3d, 0x3e, 0x20, 0x7b, 0x0a, 0x20, 0x20, 0x20, 0x20, 0x20, 0x20, 0x61, 0x77, 0x61
  .byte 0x69, 0x74, 0x20, 0x6e, 0x65, 0x77, 0x20, 0x50, 0x72, 0x6f, 0x6d, 0x69, 0x73, 0x65, 0x28, 0x28
  .byte 0x72, 0x29, 0x20, 0x3d, 0x3e, 0x20, 0x73, 0x65, 0x74, 0x54, 0x69, 0x6d, 0x65, 0x6f, 0x75, 0x74
  .byte 0x28, 0x72, 0x2c, 0x20, 0x38, 0x30, 0x30, 0x29, 0x29, 0x3b, 0x0a, 0x20, 0x20, 0x20, 0x20, 0x20
  .byte 0x20, 0x63, 0x6f, 0x6e, 0x73, 0x74, 0x20, 0x6b, 0x6e, 0x6f, 0x77, 0x6e, 0x54, 0x65, 0x6d, 0x70
  .byte 0x73, 0x3a, 0x20, 0x52, 0x65, 0x63, 0x6f, 0x72, 0x64, 0x3c, 0x73, 0x74, 0x72, 0x69, 0x6e, 0x67
  .byte 0x2c, 0x20, 0x6e, 0x75, 0x6d, 0x62, 0x65, 0x72, 0x3e, 0x20, 0x3d, 0x20, 0x7b, 0x0a, 0x20, 0x20
  .byte 0x20, 0x20, 0x20, 0x20, 0x20, 0x20, 0x74, 0x6f, 0x6b, 0x79, 0x6f, 0x3a, 0x20, 0x32, 0x32, 0x2c
  .byte 0x0a, 0x20, 0x20, 0x20, 0x20, 0x20, 0x20, 0x20, 0x20, 0x22, 0x73, 0x61, 0x6e, 0x20, 0x66, 0x72
  .byte 0x61, 0x6e, 0x63, 0x69, 0x73, 0x63, 0x6f, 0x22, 0x3a, 0x20, 0x31, 0x38, 0x2c, 0x0a, 0x20, 0x20
  .byte 0x20, 0x20, 0x20, 0x20, 0x20, 0x20, 0x6c, 0x6f, 0x6e, 0x64, 0x6f, 0x6e, 0x3a, 0x20, 0x31, 0x34
  .byte 0x2c, 0x0a, 0x20, 0x20, 0x20, 0x20, 0x20, 0x20, 0x20, 0x20, 0x22, 0x6e, 0x65, 0x77, 0x20, 0x79
  .byte 0x6f, 0x72, 0x6b, 0x22, 0x3a, 0x20, 0x32, 0x35, 0x2c, 0x0a, 0x20, 0x20, 0x20, 0x20, 0x20, 0x20
  .byte 0x20, 0x20, 0x70, 0x61, 0x72, 0x69, 0x73, 0x3a, 0x20, 0x31, 0x39, 0x2c, 0x0a, 0x20, 0x20, 0x20
  .byte 0x20, 0x20, 0x20, 0x20, 0x20, 0x73, 0x79, 0x64, 0x6e, 0x65, 0x79, 0x3a, 0x20, 0x32, 0x37, 0x2c
  .byte 0x0a, 0x20, 0x20, 0x20, 0x20, 0x20, 0x20, 0x20, 0x20, 0x6d, 0x75, 0x6d, 0x62, 0x61, 0x69, 0x3a
  .byte 0x20, 0x33, 0x33, 0x2c, 0x0a, 0x20, 0x20, 0x20, 0x20, 0x20, 0x20, 0x20, 0x20, 0x62, 0x65, 0x72
  .byte 0x6c, 0x69, 0x6e, 0x3a, 0x20, 0x31, 0x36, 0x2c, 0x0a, 0x20, 0x20, 0x20, 0x20, 0x20, 0x20, 0x7d
  .byte 0x3b, 0x0a, 0x20, 0x20, 0x20, 0x20, 0x20, 0x20, 0x63, 0x6f, 0x6e, 0x73, 0x74, 0x20, 0x63, 0x6f
  .byte 0x6e, 0x64, 0x69, 0x74, 0x69, 0x6f, 0x6e, 0x73, 0x20, 0x3d, 0x20, 0x5b, 0x22, 0x53, 0x75, 0x6e
  .byte 0x6e, 0x79, 0x22, 0x2c, 0x20, 0x22, 0x50, 0x61, 0x72, 0x74, 0x6c, 0x79, 0x20, 0x43, 0x6c, 0x6f
  .byte 0x75, 0x64, 0x79, 0x22, 0x2c, 0x20, 0x22, 0x43, 0x6c, 0x6f, 0x75, 0x64, 0x79, 0x22, 0x2c, 0x20
  .byte 0x22, 0x4c, 0x69, 0x67, 0x68, 0x74, 0x20, 0x52, 0x61, 0x69, 0x6e, 0x22, 0x2c, 0x20, 0x22, 0x43
  .byte 0x6c, 0x65, 0x61, 0x72, 0x20, 0x53, 0x6b, 0x69, 0x65, 0x73, 0x22, 0x5d, 0x3b, 0x0a, 0x20, 0x20
  .byte 0x20, 0x20, 0x20, 0x20, 0x63, 0x6f, 0x6e, 0x73, 0x74, 0x20, 0x74, 0x65, 0x6d, 0x70, 0x20, 0x3d
  .byte 0x20, 0x6b, 0x6e, 0x6f, 0x77, 0x6e, 0x54, 0x65, 0x6d, 0x70, 0x73, 0x5b, 0x6c, 0x6f, 0x63, 0x61
  .byte 0x74, 0x69, 0x6f, 0x6e, 0x2e, 0x74, 0x6f, 0x4c, 0x6f, 0x77, 0x65, 0x72, 0x43, 0x61, 0x73, 0x65
  .byte 0x28, 0x29, 0x5d, 0x20, 0x3f, 0x3f, 0x20, 0x4d, 0x61, 0x74, 0x68, 0x2e, 0x66, 0x6c, 0x6f, 0x6f
  .byte 0x72, 0x28, 0x4d, 0x61, 0x74, 0x68, 0x2e, 0x72, 0x61, 0x6e, 0x64, 0x6f, 0x6d, 0x28, 0x29, 0x20
  .byte 0x2a, 0x20, 0x33, 0x30, 0x20, 0x2b, 0x20, 0x35, 0x29, 0x3b, 0x0a, 0x20, 0x20, 0x20, 0x20, 0x20
  .byte 0x20, 0x63, 0x6f, 0x6e, 0x73, 0x74, 0x20, 0x63, 0x6f, 0x6e, 0x64, 0x69, 0x74, 0x69, 0x6f, 0x6e
  .byte 0x20, 0x3d, 0x20, 0x63, 0x6f, 0x6e, 0x64, 0x69, 0x74, 0x69, 0x6f, 0x6e, 0x73, 0x5b, 0x4d, 0x61
  .byte 0x74, 0x68, 0x2e, 0x66, 0x6c, 0x6f, 0x6f, 0x72, 0x28, 0x4d, 0x61, 0x74, 0x68, 0x2e, 0x72, 0x61
  .byte 0x6e, 0x64, 0x6f, 0x6d, 0x28, 0x29, 0x20, 0x2a, 0x20, 0x63, 0x6f, 0x6e, 0x64, 0x69, 0x74, 0x69
  .byte 0x6f, 0x6e, 0x73, 0x2e, 0x6c, 0x65, 0x6e, 0x67, 0x74, 0x68, 0x29, 0x5d, 0x3b, 0x0a, 0x20, 0x20
  .byte 0x20, 0x20, 0x20, 0x20, 0x72, 0x65, 0x74, 0x75, 0x72, 0x6e, 0x20, 0x7b, 0x0a, 0x20, 0x20, 0x20
  .byte 0x20, 0x20, 0x20, 0x20, 0x20, 0x6c, 0x6f, 0x63, 0x61, 0x74, 0x69, 0x6f, 0x6e, 0x2c, 0x0a, 0x20
  .byte 0x20, 0x20, 0x20, 0x20, 0x20, 0x20, 0x20, 0x74, 0x65, 0x6d, 0x70, 0x65, 0x72, 0x61, 0x74, 0x75
  .byte 0x72, 0x65, 0x5f, 0x63, 0x65, 0x6c, 0x73, 0x69, 0x75, 0x73, 0x3a, 0x20, 0x74, 0x65, 0x6d, 0x70
  .byte 0x2c, 0x0a, 0x20, 0x20, 0x20, 0x20, 0x20, 0x20, 0x20, 0x20, 0x74, 0x65, 0x6d, 0x70, 0x65, 0x72
  .byte 0x61, 0x74, 0x75, 0x72, 0x65, 0x5f, 0x66, 0x61, 0x68, 0x72, 0x65, 0x6e, 0x68, 0x65, 0x69, 0x74
  .byte 0x3a, 0x20, 0x4d, 0x61, 0x74, 0x68, 0x2e, 0x72, 0x6f, 0x75, 0x6e, 0x64, 0x28, 0x74, 0x65, 0x6d
  .byte 0x70, 0x20, 0x2a, 0x20, 0x31, 0x2e, 0x38, 0x20, 0x2b, 0x20, 0x33, 0x32, 0x29, 0x2c, 0x0a, 0x20
  .byte 0x20, 0x20, 0x20, 0x20, 0x20, 0x20, 0x20, 0x63, 0x6f, 0x6e, 0x64, 0x69, 0x74, 0x69, 0x6f, 0x6e
  .byte 0x2c, 0x0a, 0x20, 0x20, 0x20, 0x20, 0x20, 0x20, 0x20, 0x20, 0x68, 0x75, 0x6d, 0x69, 0x64, 0x69
  .byte 0x74, 0x79, 0x5f, 0x70, 0x65, 0x72, 0x63, 0x65, 0x6e, 0x74, 0x3a, 0x20, 0x4d, 0x61, 0x74, 0x68
  .byte 0x2e, 0x66, 0x6c, 0x6f, 0x6f, 0x72, 0x28, 0x4d, 0x61, 0x74, 0x68, 0x2e, 0x72, 0x61, 0x6e, 0x64
  .byte 0x6f, 0x6d, 0x28, 0x29, 0x20, 0x2a, 0x20, 0x34, 0x30, 0x20, 0x2b, 0x20, 0x34, 0x30, 0x29, 0x2c
  .byte 0x0a, 0x20, 0x20, 0x20, 0x20, 0x20, 0x20, 0x20, 0x20, 0x77, 0x69, 0x6e, 0x64, 0x5f, 0x73, 0x70
  .byte 0x65, 0x65, 0x64, 0x5f, 0x6b, 0x6d, 0x68, 0x3a, 0x20, 0x4d, 0x61, 0x74, 0x68, 0x2e, 0x66, 0x6c
  .byte 0x6f, 0x6f, 0x72, 0x28, 0x4d, 0x61, 0x74, 0x68, 0x2e, 0x72, 0x61, 0x6e, 0x64, 0x6f, 0x6d, 0x28
  .byte 0x29, 0x20, 0x2a, 0x20, 0x32, 0x35, 0x20, 0x2b, 0x20, 0x35, 0x29, 0x2c, 0x0a, 0x20, 0x20, 0x20
  .byte 0x20, 0x20, 0x20, 0x20, 0x20, 0x66, 0x6f, 0x72, 0x65, 0x63, 0x61, 0x73, 0x74, 0x3a, 0x20, 0x5b
  .byte 0x0a, 0x20, 0x20, 0x20, 0x20, 0x20, 0x20, 0x20, 0x20, 0x20, 0x20, 0x7b, 0x20, 0x64, 0x61, 0x79
  .byte 0x3a, 0x20, 0x22, 0x54, 0x6f, 0x6d, 0x6f, 0x72, 0x72, 0x6f, 0x77, 0x22, 0x2c, 0x20, 0x68, 0x69
  .byte 0x67, 0x68, 0x3a, 0x20, 0x74, 0x65, 0x6d, 0x70, 0x20, 0x2b, 0x20, 0x32, 0x2c, 0x20, 0x6c, 0x6f
  .byte 0x77, 0x3a, 0x20, 0x74, 0x65, 0x6d, 0x70, 0x20, 0x2d, 0x20, 0x34, 0x2c, 0x20, 0x63, 0x6f, 0x6e
  .byte 0x64, 0x69, 0x74, 0x69, 0x6f, 0x6e, 0x3a, 0x20, 0x22, 0x50, 0x61, 0x72, 0x74, 0x6c, 0x79, 0x20
  .byte 0x43, 0x6c, 0x6f, 0x75, 0x64, 0x79, 0x22, 0x20, 0x7d, 0x2c, 0x0a, 0x20, 0x20, 0x20, 0x20, 0x20
  .byte 0x20, 0x20, 0x20, 0x20, 0x20, 0x7b, 0x20, 0x64, 0x61, 0x79, 0x3a, 0x20, 0x22, 0x44, 0x61, 0x79
  .byte 0x20, 0x41, 0x66, 0x74, 0x65, 0x72, 0x22, 0x2c, 0x20, 0x68, 0x69, 0x67, 0x68, 0x3a, 0x20, 0x74
  .byte 0x65, 0x6d, 0x70, 0x20, 0x2b, 0x20, 0x31, 0x2c, 0x20, 0x6c, 0x6f, 0x77, 0x3a, 0x20, 0x74, 0x65
  .byte 0x6d, 0x70, 0x20, 0x2d, 0x20, 0x33, 0x2c, 0x20, 0x63, 0x6f, 0x6e, 0x64, 0x69, 0x74, 0x69, 0x6f
  .byte 0x6e, 0x3a, 0x20, 0x22, 0x53, 0x75, 0x6e, 0x6e, 0x79, 0x22, 0x20, 0x7d, 0x2c, 0x0a, 0x20, 0x20
  .byte 0x20, 0x20, 0x20, 0x20, 0x20, 0x20, 0x5d, 0x2c, 0x0a, 0x20, 0x20, 0x20, 0x20, 0x20, 0x20, 0x7d
  .byte 0x3b, 0x0a, 0x20, 0x20, 0x20, 0x20, 0x7d, 0x2c, 0x0a, 0x20, 0x20, 0x7d, 0x29, 0x2c, 0x0a, 0x0a
  .byte 0x20, 0x20, 0x67, 0x65, 0x74, 0x5f, 0x73, 0x74, 0x6f, 0x63, 0x6b, 0x5f, 0x70, 0x72, 0x69, 0x63
  .byte 0x65, 0x3a, 0x20, 0x74, 0x6f, 0x6f, 0x6c, 0x28, 0x7b, 0x0a, 0x20, 0x20, 0x20, 0x20, 0x64, 0x65
  .byte 0x73, 0x63, 0x72, 0x69, 0x70, 0x74, 0x69, 0x6f, 0x6e, 0x3a, 0x20, 0x22, 0x47, 0x65, 0x74, 0x20
  .byte 0x73, 0x74, 0x6f, 0x63, 0x6b, 0x20, 0x70, 0x72, 0x69, 0x63, 0x65, 0x20, 0x66, 0x6f, 0x72, 0x20
  .byte 0x61, 0x20, 0x74, 0x69, 0x63, 0x6b, 0x65, 0x72, 0x20, 0x73, 0x79, 0x6d, 0x62, 0x6f, 0x6c, 0x2e
  .byte 0x22, 0x2c, 0x0a, 0x20, 0x20, 0x20, 0x20, 0x69, 0x6e, 0x70, 0x75, 0x74, 0x53, 0x63, 0x68, 0x65
  .byte 0x6d, 0x61, 0x3a, 0x20, 0x7a, 0x2e, 0x6f, 0x62, 0x6a, 0x65, 0x63, 0x74, 0x28, 0x7b, 0x0a, 0x20
  .byte 0x20, 0x20, 0x20, 0x20, 0x20, 0x73, 0x79, 0x6d, 0x62, 0x6f, 0x6c, 0x3a, 0x20, 0x7a, 0x2e, 0x73
  .byte 0x74, 0x72, 0x69, 0x6e, 0x67, 0x28, 0x29, 0x2e, 0x64, 0x65, 0x73, 0x63, 0x72, 0x69, 0x62, 0x65
  .byte 0x28, 0x22, 0x54, 0x69, 0x63, 0x6b, 0x65, 0x72, 0x20, 0x73, 0x79, 0x6d, 0x62, 0x6f, 0x6c, 0x2c
  .byte 0x20, 0x65, 0x2e, 0x67, 0x2e, 0x20, 0x41, 0x41, 0x50, 0x4c, 0x22, 0x29, 0x2c, 0x0a, 0x20, 0x20
  .byte 0x20, 0x20, 0x7d, 0x29, 0x2c, 0x0a, 0x20, 0x20, 0x20, 0x20, 0x65, 0x78, 0x65, 0x63, 0x75, 0x74
  .byte 0x65, 0x3a, 0x20, 0x61, 0x73, 0x79, 0x6e, 0x63, 0x20, 0x28, 0x7b, 0x20, 0x73, 0x79, 0x6d, 0x62
  .byte 0x6f, 0x6c, 0x20, 0x7d, 0x29, 0x20, 0x3d, 0x3e, 0x20, 0x7b, 0x0a, 0x20, 0x20, 0x20, 0x20, 0x20
  .byte 0x20, 0x61, 0x77, 0x61, 0x69, 0x74, 0x20, 0x6e, 0x65, 0x77, 0x20, 0x50, 0x72, 0x6f, 0x6d, 0x69
  .byte 0x73, 0x65, 0x28, 0x28, 0x72, 0x29, 0x20, 0x3d, 0x3e, 0x20, 0x73, 0x65, 0x74, 0x54, 0x69, 0x6d
  .byte 0x65, 0x6f, 0x75, 0x74, 0x28, 0x72, 0x2c, 0x20, 0x36, 0x30, 0x30, 0x29, 0x29, 0x3b, 0x0a, 0x20
  .byte 0x20, 0x20, 0x20, 0x20, 0x20, 0x63, 0x6f, 0x6e, 0x73, 0x74, 0x20, 0x73, 0x20, 0x3d, 0x20, 0x73
  .byte 0x79, 0x6d, 0x62, 0x6f, 0x6c, 0x2e, 0x74, 0x6f, 0x55, 0x70, 0x70, 0x65, 0x72, 0x43, 0x61, 0x73
  .byte 0x65, 0x28, 0x29, 0x3b, 0x0a, 0x20, 0x20, 0x20, 0x20, 0x20, 0x20, 0x63, 0x6f, 0x6e, 0x73, 0x74
  .byte 0x20, 0x6b, 0x6e, 0x6f, 0x77, 0x6e, 0x50, 0x72, 0x69, 0x63, 0x65, 0x73, 0x3a, 0x20, 0x52, 0x65
  .byte 0x63, 0x6f, 0x72, 0x64, 0x3c, 0x73, 0x74, 0x72, 0x69, 0x6e, 0x67, 0x2c, 0x20, 0x6e, 0x75, 0x6d
  .byte 0x62, 0x65, 0x72, 0x3e, 0x20, 0x3d, 0x20, 0x7b, 0x0a, 0x20, 0x20, 0x20, 0x20, 0x20, 0x20, 0x20
  .byte 0x20, 0x41, 0x41, 0x50, 0x4c, 0x3a, 0x20, 0x31, 0x38, 0x39, 0x2e, 0x38, 0x34, 0x2c, 0x0a, 0x20
  .byte 0x20, 0x20, 0x20, 0x20, 0x20, 0x20, 0x20, 0x47, 0x4f, 0x4f, 0x47, 0x4c, 0x3a, 0x20, 0x31, 0x34
  .byte 0x31, 0x2e, 0x38, 0x2c, 0x0a, 0x20, 0x20, 0x20, 0x20, 0x20, 0x20, 0x20, 0x20, 0x54, 0x53, 0x4c
  .byte 0x41, 0x3a, 0x20, 0x32, 0x34, 0x38, 0x2e, 0x34, 0x32, 0x2c, 0x0a, 0x20, 0x20, 0x20, 0x20, 0x20
  .byte 0x20, 0x20, 0x20, 0x4d, 0x53, 0x46, 0x54, 0x3a, 0x20, 0x33, 0x37, 0x38, 0x2e, 0x39, 0x31, 0x2c
  .byte 0x0a, 0x20, 0x20, 0x20, 0x20, 0x20, 0x20, 0x20, 0x20, 0x41, 0x4d, 0x5a, 0x4e, 0x3a, 0x20, 0x31
  .byte 0x37, 0x38, 0x2e, 0x32, 0x35, 0x2c, 0x0a, 0x20, 0x20, 0x20, 0x20, 0x20, 0x20, 0x20, 0x20, 0x4e
  .byte 0x56, 0x44, 0x41, 0x3a, 0x20, 0x38, 0x37, 0x35, 0x2e, 0x32, 0x38, 0x2c, 0x0a, 0x20, 0x20, 0x20
  .byte 0x20, 0x20, 0x20, 0x20, 0x20, 0x4d, 0x45, 0x54, 0x41, 0x3a, 0x20, 0x34, 0x38, 0x35, 0x2e, 0x35
  .byte 0x38, 0x2c, 0x0a, 0x20, 0x20, 0x20, 0x20, 0x20, 0x20, 0x7d, 0x3b, 0x0a, 0x20, 0x20, 0x20, 0x20
  .byte 0x20, 0x20, 0x63, 0x6f, 0x6e, 0x73, 0x74, 0x20, 0x70, 0x72, 0x69, 0x63, 0x65, 0x20, 0x3d, 0x20
  .byte 0x6b, 0x6e, 0x6f, 0x77, 0x6e, 0x50, 0x72, 0x69, 0x63, 0x65, 0x73, 0x5b, 0x73, 0x5d, 0x20, 0x3f
  .byte 0x3f, 0x20, 0x4d, 0x61, 0x74, 0x68, 0x2e, 0x66, 0x6c, 0x6f, 0x6f, 0x72, 0x28, 0x4d, 0x61, 0x74
  .byte 0x68, 0x2e, 0x72, 0x61, 0x6e, 0x64, 0x6f, 0x6d, 0x28, 0x29, 0x20, 0x2a, 0x20, 0x35, 0x30, 0x30
  .byte 0x20, 0x2b, 0x20, 0x32, 0x30, 0x29, 0x3b, 0x0a, 0x20, 0x20, 0x20, 0x20, 0x20, 0x20, 0x63, 0x6f
  .byte 0x6e, 0x73, 0x74, 0x20, 0x63, 0x68, 0x61, 0x6e, 0x67, 0x65, 0x20, 0x3d, 0x20, 0x70, 0x61, 0x72
  .byte 0x73, 0x65, 0x46, 0x6c, 0x6f, 0x61, 0x74, 0x28, 0x28, 0x4d, 0x61, 0x74, 0x68, 0x2e, 0x72, 0x61
  .byte 0x6e, 0x64, 0x6f, 0x6d, 0x28, 0x29, 0x20, 0x2a, 0x20, 0x38, 0x20, 0x2d, 0x20, 0x34, 0x29, 0x2e
  .byte 0x74, 0x6f, 0x46, 0x69, 0x78, 0x65, 0x64, 0x28, 0x32, 0x29, 0x29, 0x3b, 0x0a, 0x20, 0x20, 0x20
  .byte 0x20, 0x20, 0x20, 0x72, 0x65, 0x74, 0x75, 0x72, 0x6e, 0x20, 0x7b, 0x0a, 0x20, 0x20, 0x20, 0x20
  .byte 0x20, 0x20, 0x20, 0x20, 0x73, 0x79, 0x6d, 0x62, 0x6f, 0x6c, 0x3a, 0x20, 0x73, 0x2c, 0x0a, 0x20
  .byte 0x20, 0x20, 0x20, 0x20, 0x20, 0x20, 0x20, 0x70, 0x72, 0x69, 0x63, 0x65, 0x3a, 0x20, 0x70, 0x61
  .byte 0x72, 0x73, 0x65, 0x46, 0x6c, 0x6f, 0x61, 0x74, 0x28, 0x28, 0x70, 0x72, 0x69, 0x63, 0x65, 0x20
  .byte 0x2b, 0x20, 0x63, 0x68, 0x61, 0x6e, 0x67, 0x65, 0x29, 0x2e, 0x74, 0x6f, 0x46, 0x69, 0x78, 0x65
  .byte 0x64, 0x28, 0x32, 0x29, 0x29, 0x2c, 0x0a, 0x20, 0x20, 0x20, 0x20, 0x20, 0x20, 0x20, 0x20, 0x63
  .byte 0x68, 0x61, 0x6e, 0x67, 0x65, 0x2c, 0x0a, 0x20, 0x20, 0x20, 0x20, 0x20, 0x20, 0x20, 0x20, 0x63
  .byte 0x68, 0x61, 0x6e, 0x67, 0x65, 0x5f, 0x70, 0x65, 0x72, 0x63, 0x65, 0x6e, 0x74, 0x3a, 0x20, 0x70
  .byte 0x61, 0x72, 0x73, 0x65, 0x46, 0x6c, 0x6f, 0x61, 0x74, 0x28, 0x28, 0x28, 0x63, 0x68, 0x61, 0x6e
  .byte 0x67, 0x65, 0x20, 0x2f, 0x20, 0x70, 0x72, 0x69, 0x63, 0x65, 0x29, 0x20, 0x2a, 0x20, 0x31, 0x30
  .byte 0x30, 0x29, 0x2e, 0x74, 0x6f, 0x46, 0x69, 0x78, 0x65, 0x64, 0x28, 0x32, 0x29, 0x29, 0x2c, 0x0a
  .byte 0x20, 0x20, 0x20, 0x20, 0x20, 0x20, 0x20, 0x20, 0x76, 0x6f, 0x6c, 0x75, 0x6d, 0x65, 0x3a, 0x20
  .byte 0x60, 0x24, 0x7b, 0x28, 0x4d, 0x61, 0x74, 0x68, 0x2e, 0x72, 0x61, 0x6e, 0x64, 0x6f, 0x6d, 0x28
  .byte 0x29, 0x20, 0x2a, 0x20, 0x35, 0x30, 0x20, 0x2b, 0x20, 0x31, 0x30, 0x29, 0x2e, 0x74, 0x6f, 0x46
  .byte 0x69, 0x78, 0x65, 0x64, 0x28, 0x31, 0x29, 0x7d, 0x4d, 0x60, 0x2c, 0x0a, 0x20, 0x20, 0x20, 0x20
  .byte 0x20, 0x20, 0x20, 0x20, 0x64, 0x61, 0x79, 0x5f, 0x68, 0x69, 0x67, 0x68, 0x3a, 0x20, 0x70, 0x61
  .byte 0x72, 0x73, 0x65, 0x46, 0x6c, 0x6f, 0x61, 0x74, 0x28, 0x28, 0x70, 0x72, 0x69, 0x63, 0x65, 0x20
  .byte 0x2b, 0x20, 0x4d, 0x61, 0x74, 0x68, 0x2e, 0x61, 0x62, 0x73, 0x28, 0x63, 0x68, 0x61, 0x6e, 0x67
  .byte 0x65, 0x29, 0x20, 0x2b, 0x20, 0x31, 0x2e, 0x35, 0x29, 0x2e, 0x74, 0x6f, 0x46, 0x69, 0x78, 0x65
  .byte 0x64, 0x28, 0x32, 0x29, 0x29, 0x2c, 0x0a, 0x20, 0x20, 0x20, 0x20, 0x20, 0x20, 0x20, 0x20, 0x64
  .byte 0x61, 0x79, 0x5f, 0x6c, 0x6f, 0x77, 0x3a, 0x20, 0x70, 0x61, 0x72, 0x73, 0x65, 0x46, 0x6c, 0x6f
  .byte 0x61, 0x74, 0x28, 0x28, 0x70, 0x72, 0x69, 0x63, 0x65, 0x20, 0x2d, 0x20, 0x4d, 0x61, 0x74, 0x68
  .byte 0x2e, 0x61, 0x62, 0x73, 0x28, 0x63, 0x68, 0x61, 0x6e, 0x67, 0x65, 0x29, 0x20, 0x2d, 0x20, 0x31
  .byte 0x2e, 0x32, 0x29, 0x2e, 0x74, 0x6f, 0x46, 0x69, 0x78, 0x65, 0x64, 0x28, 0x32, 0x29, 0x29, 0x2c
  .byte 0x0a, 0x20, 0x20, 0x20, 0x20, 0x20, 0x20, 0x7d, 0x3b, 0x0a, 0x20, 0x20, 0x20, 0x20, 0x7d, 0x2c
  .byte 0x0a, 0x20, 0x20, 0x7d, 0x29, 0x2c, 0x0a, 0x0a, 0x20, 0x20, 0x63, 0x61, 0x6c, 0x63, 0x75, 0x6c
  .byte 0x61, 0x74, 0x65, 0x3a, 0x20, 0x74, 0x6f, 0x6f, 0x6c, 0x28, 0x7b, 0x0a, 0x20, 0x20, 0x20, 0x20
  .byte 0x64, 0x65, 0x73, 0x63, 0x72, 0x69, 0x70, 0x74, 0x69, 0x6f, 0x6e, 0x3a, 0x20, 0x22, 0x45, 0x76
  .byte 0x61, 0x6c, 0x75, 0x61, 0x74, 0x65, 0x20, 0x61, 0x20, 0x6d, 0x61, 0x74, 0x68, 0x20, 0x65, 0x78
  .byte 0x70, 0x72, 0x65, 0x73, 0x73, 0x69, 0x6f, 0x6e, 0x2e, 0x22, 0x2c, 0x0a, 0x20, 0x20, 0x20, 0x20
  .byte 0x69, 0x6e, 0x70, 0x75, 0x74, 0x53, 0x63, 0x68, 0x65, 0x6d, 0x61, 0x3a, 0x20, 0x7a, 0x2e, 0x6f
  .byte 0x62, 0x6a, 0x65, 0x63, 0x74, 0x28, 0x7b, 0x0a, 0x20, 0x20, 0x20, 0x20, 0x20, 0x20, 0x65, 0x78
  .byte 0x70, 0x72, 0x65, 0x73, 0x73, 0x69, 0x6f, 0x6e, 0x3a, 0x20, 0x7a, 0x2e, 0x73, 0x74, 0x72, 0x69
  .byte 0x6e, 0x67, 0x28, 0x29, 0x2e, 0x64, 0x65, 0x73, 0x63, 0x72, 0x69, 0x62, 0x65, 0x28, 0x22, 0x4d
  .byte 0x61, 0x74, 0x68, 0x20, 0x65, 0x78, 0x70, 0x72, 0x65, 0x73, 0x73, 0x69, 0x6f, 0x6e, 0x20, 0x74
  .byte 0x6f, 0x20, 0x65, 0x76, 0x61, 0x6c, 0x75, 0x61, 0x74, 0x65, 0x22, 0x29, 0x2c, 0x0a, 0x20, 0x20
  .byte 0x20, 0x20, 0x7d, 0x29, 0x2c, 0x0a, 0x20, 0x20, 0x20, 0x20, 0x65, 0x78, 0x65, 0x63, 0x75, 0x74
  .byte 0x65, 0x3a, 0x20, 0x61, 0x73, 0x79, 0x6e, 0x63, 0x20, 0x28, 0x7b, 0x20, 0x65, 0x78, 0x70, 0x72
  .byte 0x65, 0x73, 0x73, 0x69, 0x6f, 0x6e, 0x20, 0x7d, 0x29, 0x20, 0x3d, 0x3e, 0x20, 0x7b, 0x0a, 0x20
  .byte 0x20, 0x20, 0x20, 0x20, 0x20, 0x61, 0x77, 0x61, 0x69, 0x74, 0x20, 0x6e, 0x65, 0x77, 0x20, 0x50
  .byte 0x72, 0x6f, 0x6d, 0x69, 0x73, 0x65, 0x28, 0x28, 0x72, 0x29, 0x20, 0x3d, 0x3e, 0x20, 0x73, 0x65
  .byte 0x74, 0x54, 0x69, 0x6d, 0x65, 0x6f, 0x75, 0x74, 0x28, 0x72, 0x2c, 0x20, 0x33, 0x30, 0x30, 0x29
  .byte 0x29, 0x3b, 0x0a, 0x20, 0x20, 0x20, 0x20, 0x20, 0x20, 0x74, 0x72, 0x79, 0x20, 0x7b, 0x0a, 0x20
  .byte 0x20, 0x20, 0x20, 0x20, 0x20, 0x20, 0x20, 0x63, 0x6f, 0x6e, 0x73, 0x74, 0x20, 0x73, 0x61, 0x6e
  .byte 0x69, 0x74, 0x69, 0x7a, 0x65, 0x64, 0x20, 0x3d, 0x20, 0x65, 0x78, 0x70, 0x72, 0x65, 0x73, 0x73
  .byte 0x69, 0x6f, 0x6e, 0x2e, 0x72, 0x65, 0x70, 0x6c, 0x61, 0x63, 0x65, 0x28, 0x0a, 0x20, 0x20, 0x20
  .byte 0x20, 0x20, 0x20, 0x20, 0x20, 0x20, 0x20, 0x2f, 0x5b, 0x5e, 0x30, 0x2d, 0x39, 0x2b, 0x5c, 0x2d
  .byte 0x2a, 0x2f, 0x28, 0x29, 0x2e, 0x25, 0x5c, 0x73, 0x2c, 0x4d, 0x61, 0x74, 0x68, 0x2e, 0x73, 0x71
  .byte 0x72, 0x74, 0x70, 0x6f, 0x77, 0x61, 0x62, 0x73, 0x63, 0x65, 0x69, 0x6c, 0x66, 0x6c, 0x6f, 0x6f
  .byte 0x72, 0x72, 0x6f, 0x75, 0x6e, 0x64, 0x5d, 0x2f, 0x67, 0x2c, 0x0a, 0x20, 0x20, 0x20, 0x20, 0x20
  .byte 0x20, 0x20, 0x20, 0x20, 0x20, 0x22, 0x22, 0x2c, 0x0a, 0x20, 0x20, 0x20, 0x20, 0x20, 0x20, 0x20
  .byte 0x20, 0x29, 0x3b, 0x0a, 0x20, 0x20, 0x20, 0x20, 0x20, 0x20, 0x20, 0x20, 0x63, 0x6f, 0x6e, 0x73
  .byte 0x74, 0x20, 0x72, 0x65, 0x73, 0x75, 0x6c, 0x74, 0x20, 0x3d, 0x20, 0x6e, 0x65, 0x77, 0x20, 0x46
  .byte 0x75, 0x6e, 0x63, 0x74, 0x69, 0x6f, 0x6e, 0x28, 0x60, 0x72, 0x65, 0x74, 0x75, 0x72, 0x6e, 0x20
  .byte 0x28, 0x24, 0x7b, 0x73, 0x61, 0x6e, 0x69, 0x74, 0x69, 0x7a, 0x65, 0x64, 0x7d, 0x29, 0x60, 0x29
  .byte 0x28, 0x29, 0x3b, 0x0a, 0x20, 0x20, 0x20, 0x20, 0x20, 0x20, 0x20, 0x20, 0x72, 0x65, 0x74, 0x75
  .byte 0x72, 0x6e, 0x20, 0x7b, 0x20, 0x65, 0x78, 0x70, 0x72, 0x65, 0x73, 0x73, 0x69, 0x6f, 0x6e, 0x2c
  .byte 0x20, 0x72, 0x65, 0x73, 0x75, 0x6c, 0x74, 0x3a, 0x20, 0x4e, 0x75, 0x6d, 0x62, 0x65, 0x72, 0x28
  .byte 0x72, 0x65, 0x73, 0x75, 0x6c, 0x74, 0x29, 0x20, 0x7d, 0x3b, 0x0a, 0x20, 0x20, 0x20, 0x20, 0x20
  .byte 0x20, 0x7d, 0x20, 0x63, 0x61, 0x74, 0x63, 0x68, 0x20, 0x7b, 0x0a, 0x20, 0x20, 0x20, 0x20, 0x20
  .byte 0x20, 0x20, 0x20, 0x72, 0x65, 0x74, 0x75, 0x72, 0x6e, 0x20, 0x7b, 0x20, 0x65, 0x78, 0x70, 0x72
  .byte 0x65, 0x73, 0x73, 0x69, 0x6f, 0x6e, 0x2c, 0x20, 0x65, 0x72, 0x72, 0x6f, 0x72, 0x3a, 0x20, 0x22
  .byte 0x49, 0x6e, 0x76, 0x61, 0x6c, 0x69, 0x64, 0x20, 0x65, 0x78, 0x70, 0x72, 0x65, 0x73, 0x73, 0x69
  .byte 0x6f, 0x6e, 0x22, 0x20, 0x7d, 0x3b, 0x0a, 0x20, 0x20, 0x20, 0x20, 0x20, 0x20, 0x7d, 0x0a, 0x20
  .byte 0x20, 0x20, 0x20, 0x7d, 0x2c, 0x0a, 0x20, 0x20, 0x7d, 0x29, 0x2c, 0x0a, 0x0a, 0x20, 0x20, 0x73
  .byte 0x65, 0x61, 0x72, 0x63, 0x68, 0x5f, 0x77, 0x65, 0x62, 0x3a, 0x20, 0x74, 0x6f, 0x6f, 0x6c, 0x28
  .byte 0x7b, 0x0a, 0x20, 0x20, 0x20, 0x20, 0x64, 0x65, 0x73, 0x63, 0x72, 0x69, 0x70, 0x74, 0x69, 0x6f
  .byte 0x6e, 0x3a, 0x20, 0x22, 0x53, 0x65, 0x61, 0x72, 0x63, 0x68, 0x20, 0x74, 0x68, 0x65, 0x20, 0x77
  .byte 0x65, 0x62, 0x20, 0x66, 0x6f, 0x72, 0x20, 0x69, 0x6e, 0x66, 0x6f, 0x72, 0x6d, 0x61, 0x74, 0x69
  .byte 0x6f, 0x6e, 0x2e, 0x22, 0x2c, 0x0a, 0x20, 0x20, 0x20, 0x20, 0x69, 0x6e, 0x70, 0x75, 0x74, 0x53
  .byte 0x63, 0x68, 0x65, 0x6d, 0x61, 0x3a, 0x20, 0x7a, 0x2e, 0x6f, 0x62, 0x6a, 0x65, 0x63, 0x74, 0x28
  .byte 0x7b, 0x0a, 0x20, 0x20, 0x20, 0x20, 0x20, 0x20, 0x71, 0x75, 0x65, 0x72, 0x79, 0x3a, 0x20, 0x7a
  .byte 0x2e, 0x73, 0x74, 0x72, 0x69, 0x6e, 0x67, 0x28, 0x29, 0x2e, 0x64, 0x65, 0x73, 0x63, 0x72, 0x69
  .byte 0x62, 0x65, 0x28, 0x22, 0x53, 0x65, 0x61, 0x72, 0x63, 0x68, 0x20, 0x71, 0x75, 0x65, 0x72, 0x79
  .byte 0x22, 0x29, 0x2c, 0x0a, 0x20, 0x20, 0x20, 0x20, 0x7d, 0x29, 0x2c, 0x0a, 0x20, 0x20, 0x20, 0x20
  .byte 0x65, 0x78, 0x65, 0x63, 0x75, 0x74, 0x65, 0x3a, 0x20, 0x61, 0x73, 0x79, 0x6e, 0x63, 0x20, 0x28
  .byte 0x7b, 0x20, 0x71, 0x75, 0x65, 0x72, 0x79, 0x20, 0x7d, 0x29, 0x20, 0x3d, 0x3e, 0x20, 0x7b, 0x0a
  .byte 0x20, 0x20, 0x20, 0x20, 0x20, 0x20, 0x61, 0x77, 0x61, 0x69, 0x74, 0x20, 0x6e, 0x65, 0x77, 0x20
  .byte 0x50, 0x72, 0x6f, 0x6d, 0x69, 0x73, 0x65, 0x28, 0x28, 0x72, 0x29, 0x20, 0x3d, 0x3e, 0x20, 0x73
  .byte 0x65, 0x74, 0x54, 0x69, 0x6d, 0x65, 0x6f, 0x75, 0x74, 0x28, 0x72, 0x2c, 0x20, 0x31, 0x30, 0x30
  .byte 0x30, 0x29, 0x29, 0x3b, 0x0a, 0x20, 0x20, 0x20, 0x20, 0x20, 0x20, 0x72, 0x65, 0x74, 0x75, 0x72
  .byte 0x6e, 0x20, 0x7b, 0x0a, 0x20, 0x20, 0x20, 0x20, 0x20, 0x20, 0x20, 0x20, 0x71, 0x75, 0x65, 0x72
  .byte 0x79, 0x2c, 0x0a, 0x20, 0x20, 0x20, 0x20, 0x20, 0x20, 0x20, 0x20, 0x72, 0x65, 0x73, 0x75, 0x6c
  .byte 0x74, 0x73, 0x3a, 0x20, 0x5b, 0x0a, 0x20, 0x20, 0x20, 0x20, 0x20, 0x20, 0x20, 0x20, 0x20, 0x20
  .byte 0x7b, 0x0a, 0x20, 0x20, 0x20, 0x20, 0x20, 0x20, 0x20, 0x20, 0x20, 0x20, 0x20, 0x20, 0x74, 0x69
  .byte 0x74, 0x6c, 0x65, 0x3a, 0x20, 0x60, 0x54, 0x6f, 0x70, 0x20, 0x72, 0x65, 0x73, 0x75, 0x6c, 0x74
  .byte 0x20, 0x66, 0x6f, 0x72, 0x20, 0x22, 0x24, 0x7b, 0x71, 0x75, 0x65, 0x72, 0x79, 0x7d, 0x22, 0x60
  .byte 0x2c, 0x0a, 0x20, 0x20, 0x20, 0x20, 0x20, 0x20, 0x20, 0x20, 0x20, 0x20, 0x20, 0x20, 0x73, 0x6e
  .byte 0x69, 0x70, 0x70, 0x65, 0x74, 0x3a, 0x20, 0x60, 0x43, 0x6f, 0x6d, 0x70, 0x72, 0x65, 0x68, 0x65
  .byte 0x6e, 0x73, 0x69, 0x76, 0x65, 0x20, 0x6f, 0x76, 0x65, 0x72, 0x76, 0x69, 0x65, 0x77, 0x20, 0x6f
  .byte 0x66, 0x20, 0x24, 0x7b, 0x71, 0x75, 0x65, 0x72, 0x79, 0x7d, 0x20, 0x77, 0x69, 0x74, 0x68, 0x20
  .byte 0x74, 0x68, 0x65, 0x20, 0x6c, 0x61, 0x74, 0x65, 0x73, 0x74, 0x20, 0x69, 0x6e, 0x66, 0x6f, 0x72
  .byte 0x6d, 0x61, 0x74, 0x69, 0x6f, 0x6e, 0x2e, 0x60, 0x2c, 0x0a, 0x20, 0x20, 0x20, 0x20, 0x20, 0x20
  .byte 0x20, 0x20, 0x20, 0x20, 0x7d, 0x2c, 0x0a, 0x20, 0x20, 0x20, 0x20, 0x20, 0x20, 0x20, 0x20, 0x20
  .byte 0x20, 0x7b, 0x0a, 0x20, 0x20, 0x20, 0x20, 0x20, 0x20, 0x20, 0x20, 0x20, 0x20, 0x20, 0x20, 0x74
  .byte 0x69, 0x74, 0x6c, 0x65, 0x3a, 0x20, 0x60, 0x24, 0x7b, 0x71, 0x75, 0x65, 0x72, 0x79, 0x7d, 0x20
  .byte 0x2d, 0x20, 0x4c, 0x61, 0x74, 0x65, 0x73, 0x74, 0x20, 0x4e, 0x65, 0x77, 0x73, 0x60, 0x2c, 0x0a
  .byte 0x20, 0x20, 0x20, 0x20, 0x20, 0x20, 0x20, 0x20, 0x20, 0x20, 0x20, 0x20, 0x73, 0x6e, 0x69, 0x70
  .byte 0x70, 0x65, 0x74, 0x3a, 0x20, 0x60, 0x52, 0x65, 0x63, 0x65, 0x6e, 0x74, 0x20, 0x64, 0x65, 0x76
  .byte 0x65, 0x6c, 0x6f, 0x70, 0x6d, 0x65, 0x6e, 0x74, 0x73, 0x20, 0x61, 0x6e, 0x64, 0x20, 0x75, 0x70
  .byte 0x64, 0x61, 0x74, 0x65, 0x73, 0x20, 0x72, 0x65, 0x6c, 0x61, 0x74, 0x65, 0x64, 0x20, 0x74, 0x6f
  .byte 0x20, 0x24, 0x7b, 0x71, 0x75, 0x65, 0x72, 0x79, 0x7d, 0x2e, 0x60, 0x2c, 0x0a, 0x20, 0x20, 0x20
  .byte 0x20, 0x20, 0x20, 0x20, 0x20, 0x20, 0x20, 0x7d, 0x2c, 0x0a, 0x20, 0x20, 0x20, 0x20, 0x20, 0x20
  .byte 0x20, 0x20, 0x20, 0x20, 0x7b, 0x0a, 0x20, 0x20, 0x20, 0x20, 0x20, 0x20, 0x20, 0x20, 0x20, 0x20
  .byte 0x20, 0x20, 0x74, 0x69, 0x74, 0x6c, 0x65, 0x3a, 0x20, 0x60, 0x55, 0x6e, 0x64, 0x65, 0x72, 0x73
  .byte 0x74, 0x61, 0x6e, 0x64, 0x69, 0x6e, 0x67, 0x20, 0x24, 0x7b, 0x71, 0x75, 0x65, 0x72, 0x79, 0x7d
  .byte 0x60, 0x2c, 0x0a, 0x20, 0x20, 0x20, 0x20, 0x20, 0x20, 0x20, 0x20, 0x20, 0x20, 0x20, 0x20, 0x73
  .byte 0x6e, 0x69, 0x70, 0x70, 0x65, 0x74, 0x3a, 0x20, 0x60, 0x41, 0x6e, 0x20, 0x69, 0x6e, 0x2d, 0x64
  .byte 0x65, 0x70, 0x74, 0x68, 0x20, 0x67, 0x75, 0x69, 0x64, 0x65, 0x20, 0x65, 0x78, 0x70, 0x6c, 0x61
  .byte 0x69, 0x6e, 0x69, 0x6e, 0x67, 0x20, 0x65, 0x76, 0x65, 0x72, 0x79, 0x74, 0x68, 0x69, 0x6e, 0x67
  .byte 0x20, 0x61, 0x62, 0x6f, 0x75, 0x74, 0x20, 0x24, 0x7b, 0x71, 0x75, 0x65, 0x72, 0x79, 0x7d, 0x2e
  .byte 0x60, 0x2c, 0x0a, 0x20, 0x20, 0x20, 0x20, 0x20, 0x20, 0x20, 0x20, 0x20, 0x20, 0x7d, 0x2c, 0x0a
  .byte 0x20, 0x20, 0x20, 0x20, 0x20, 0x20, 0x20, 0x20, 0x5d, 0x2c, 0x0a, 0x20, 0x20, 0x20, 0x20, 0x20
  .byte 0x20, 0x7d, 0x3b, 0x0a, 0x20, 0x20, 0x20, 0x20, 0x7d, 0x2c, 0x0a, 0x20, 0x20, 0x7d, 0x29, 0x2c
  .byte 0x0a, 0x7d, 0x3b, 0x0a

  .globl openui_full_port_examples_vercel_ai_chat_src_lib_tools_ts_b7284874853f_pass_4_len
openui_full_port_examples_vercel_ai_chat_src_lib_tools_ts_b7284874853f_pass_4_len:
  .quad 3828
