# OpenUI mechanical full assembly port
# source: packages/react-ui/src/components/DatePicker/helpers/utils/datePickerBaseStyle.scss
# sha256: b406b5f5e13468f52e4fa14cd54b6f31ca86bc7c4fd26f01340487061436b2d0
# bytes: 3963
# assembly passes: 4
  .section .rodata
# assembly pass: 1/4
  .globl openui_full_port_packages_react_ui_src_components_DatePicker_helpers_utils_datePickerBaseStyle_scss_b406b5f5e134
openui_full_port_packages_react_ui_src_components_DatePicker_helpers_utils_datePickerBaseStyle_scss_b406b5f5e134:
  .byte 0x40, 0x75, 0x73, 0x65, 0x20, 0x22, 0x2e, 0x2e, 0x2f, 0x2e, 0x2e, 0x2f, 0x2e, 0x2e, 0x2f, 0x2e
  .byte 0x2e, 0x2f, 0x63, 0x73, 0x73, 0x55, 0x74, 0x69, 0x6c, 0x73, 0x22, 0x20, 0x61, 0x73, 0x20, 0x63
  .byte 0x73, 0x73, 0x55, 0x74, 0x69, 0x6c, 0x73, 0x3b, 0x0a, 0x0a, 0x2e, 0x6f, 0x70, 0x65, 0x6e, 0x75
  .byte 0x69, 0x2d, 0x64, 0x61, 0x74, 0x65, 0x2d, 0x70, 0x69, 0x63, 0x6b, 0x65, 0x72, 0x2d, 0x72, 0x6f
  .byte 0x6f, 0x74, 0x20, 0x7b, 0x0a, 0x20, 0x20, 0x2d, 0x2d, 0x6f, 0x70, 0x65, 0x6e, 0x75, 0x69, 0x2d
  .byte 0x64, 0x61, 0x74, 0x65, 0x2d, 0x70, 0x69, 0x63, 0x6b, 0x65, 0x72, 0x2d, 0x64, 0x61, 0x79, 0x2d
  .byte 0x73, 0x69, 0x7a, 0x65, 0x3a, 0x20, 0x63, 0x61, 0x6c, 0x63, 0x28, 0x23, 0x7b, 0x63, 0x73, 0x73
  .byte 0x55, 0x74, 0x69, 0x6c, 0x73, 0x2e, 0x24, 0x73, 0x70, 0x61, 0x63, 0x65, 0x2d, 0x32, 0x78, 0x6c
  .byte 0x7d, 0x20, 0x2b, 0x20, 0x23, 0x7b, 0x63, 0x73, 0x73, 0x55, 0x74, 0x69, 0x6c, 0x73, 0x2e, 0x24
  .byte 0x73, 0x70, 0x61, 0x63, 0x65, 0x2d, 0x32, 0x78, 0x73, 0x7d, 0x29, 0x3b, 0x0a, 0x20, 0x20, 0x2d
  .byte 0x2d, 0x6f, 0x70, 0x65, 0x6e, 0x75, 0x69, 0x2d, 0x64, 0x61, 0x74, 0x65, 0x2d, 0x70, 0x69, 0x63
  .byte 0x6b, 0x65, 0x72, 0x2d, 0x63, 0x65, 0x6c, 0x6c, 0x2d, 0x72, 0x61, 0x64, 0x69, 0x75, 0x73, 0x3a
  .byte 0x20, 0x23, 0x7b, 0x63, 0x73, 0x73, 0x55, 0x74, 0x69, 0x6c, 0x73, 0x2e, 0x24, 0x72, 0x61, 0x64
  .byte 0x69, 0x75, 0x73, 0x2d, 0x6d, 0x7d, 0x3b, 0x0a, 0x0a, 0x20, 0x20, 0x40, 0x69, 0x6e, 0x63, 0x6c
  .byte 0x75, 0x64, 0x65, 0x20, 0x63, 0x73, 0x73, 0x55, 0x74, 0x69, 0x6c, 0x73, 0x2e, 0x74, 0x79, 0x70
  .byte 0x6f, 0x67, 0x72, 0x61, 0x70, 0x68, 0x79, 0x28, 0x70, 0x72, 0x69, 0x6d, 0x61, 0x72, 0x79, 0x2c
  .byte 0x20, 0x64, 0x65, 0x66, 0x61, 0x75, 0x6c, 0x74, 0x29, 0x3b, 0x0a, 0x20, 0x20, 0x77, 0x69, 0x64
  .byte 0x74, 0x68, 0x3a, 0x20, 0x66, 0x69, 0x74, 0x2d, 0x63, 0x6f, 0x6e, 0x74, 0x65, 0x6e, 0x74, 0x3b
  .byte 0x0a, 0x20, 0x20, 0x6d, 0x61, 0x78, 0x2d, 0x77, 0x69, 0x64, 0x74, 0x68, 0x3a, 0x20, 0x31, 0x30
  .byte 0x30, 0x25, 0x3b, 0x0a, 0x20, 0x20, 0x62, 0x6f, 0x78, 0x2d, 0x73, 0x69, 0x7a, 0x69, 0x6e, 0x67
  .byte 0x3a, 0x20, 0x62, 0x6f, 0x72, 0x64, 0x65, 0x72, 0x2d, 0x62, 0x6f, 0x78, 0x3b, 0x0a, 0x20, 0x20
  .byte 0x70, 0x61, 0x64, 0x64, 0x69, 0x6e, 0x67, 0x3a, 0x20, 0x63, 0x73, 0x73, 0x55, 0x74, 0x69, 0x6c
  .byte 0x73, 0x2e, 0x24, 0x73, 0x70, 0x61, 0x63, 0x65, 0x2d, 0x6c, 0x3b, 0x0a, 0x20, 0x20, 0x62, 0x61
  .byte 0x63, 0x6b, 0x67, 0x72, 0x6f, 0x75, 0x6e, 0x64, 0x2d, 0x63, 0x6f, 0x6c, 0x6f, 0x72, 0x3a, 0x20
  .byte 0x63, 0x73, 0x73, 0x55, 0x74, 0x69, 0x6c, 0x73, 0x2e, 0x24, 0x66, 0x6f, 0x72, 0x65, 0x67, 0x72
  .byte 0x6f, 0x75, 0x6e, 0x64, 0x3b, 0x0a, 0x20, 0x20, 0x63, 0x6f, 0x6c, 0x6f, 0x72, 0x3a, 0x20, 0x63
  .byte 0x73, 0x73, 0x55, 0x74, 0x69, 0x6c, 0x73, 0x2e, 0x24, 0x74, 0x65, 0x78, 0x74, 0x2d, 0x6e, 0x65
  .byte 0x75, 0x74, 0x72, 0x61, 0x6c, 0x2d, 0x70, 0x72, 0x69, 0x6d, 0x61, 0x72, 0x79, 0x3b, 0x0a, 0x7d
  .byte 0x0a, 0x0a, 0x2e, 0x6f, 0x70, 0x65, 0x6e, 0x75, 0x69, 0x2d, 0x64, 0x61, 0x74, 0x65, 0x2d, 0x70
  .byte 0x69, 0x63, 0x6b, 0x65, 0x72, 0x2d, 0x6e, 0x61, 0x76, 0x20, 0x7b, 0x0a, 0x20, 0x20, 0x26, 0x2d
  .byte 0x6d, 0x6f, 0x62, 0x69, 0x6c, 0x65, 0x20, 0x7b, 0x0a, 0x20, 0x20, 0x20, 0x20, 0x67, 0x61, 0x70
  .byte 0x3a, 0x20, 0x63, 0x73, 0x73, 0x55, 0x74, 0x69, 0x6c, 0x73, 0x2e, 0x24, 0x73, 0x70, 0x61, 0x63
  .byte 0x65, 0x2d, 0x73, 0x3b, 0x0a, 0x20, 0x20, 0x7d, 0x0a, 0x0a, 0x20, 0x20, 0x26, 0x2d, 0x66, 0x75
  .byte 0x6c, 0x6c, 0x73, 0x63, 0x72, 0x65, 0x65, 0x6e, 0x2c, 0x0a, 0x20, 0x20, 0x26, 0x2d, 0x74, 0x72
  .byte 0x61, 0x79, 0x2c, 0x0a, 0x20, 0x20, 0x26, 0x2d, 0x63, 0x6f, 0x70, 0x69, 0x6c, 0x6f, 0x74, 0x20
  .byte 0x7b, 0x0a, 0x20, 0x20, 0x20, 0x20, 0x67, 0x61, 0x70, 0x3a, 0x20, 0x63, 0x73, 0x73, 0x55, 0x74
  .byte 0x69, 0x6c, 0x73, 0x2e, 0x24, 0x73, 0x70, 0x61, 0x63, 0x65, 0x2d, 0x6d, 0x3b, 0x0a, 0x20, 0x20
  .byte 0x7d, 0x0a, 0x7d, 0x0a, 0x0a, 0x2e, 0x6f, 0x70, 0x65, 0x6e, 0x75, 0x69, 0x2d, 0x64, 0x61, 0x74
  .byte 0x65, 0x2d, 0x70, 0x69, 0x63, 0x6b, 0x65, 0x72, 0x2d, 0x64, 0x72, 0x6f, 0x70, 0x64, 0x6f, 0x77
  .byte 0x6e, 0x73, 0x20, 0x7b, 0x0a, 0x20, 0x20, 0x26, 0x2d, 0x6d, 0x6f, 0x62, 0x69, 0x6c, 0x65, 0x20
  .byte 0x7b, 0x0a, 0x20, 0x20, 0x20, 0x20, 0x67, 0x61, 0x70, 0x3a, 0x20, 0x63, 0x73, 0x73, 0x55, 0x74
  .byte 0x69, 0x6c, 0x73, 0x2e, 0x24, 0x73, 0x70, 0x61, 0x63, 0x65, 0x2d, 0x32, 0x78, 0x73, 0x3b, 0x0a
  .byte 0x20, 0x20, 0x7d, 0x0a, 0x0a, 0x20, 0x20, 0x26, 0x2d, 0x66, 0x75, 0x6c, 0x6c, 0x73, 0x63, 0x72
  .byte 0x65, 0x65, 0x6e, 0x2c, 0x0a, 0x20, 0x20, 0x26, 0x2d, 0x74, 0x72, 0x61, 0x79, 0x2c, 0x0a, 0x20
  .byte 0x20, 0x26, 0x2d, 0x63, 0x6f, 0x70, 0x69, 0x6c, 0x6f, 0x74, 0x20, 0x7b, 0x0a, 0x20, 0x20, 0x20
  .byte 0x20, 0x67, 0x61, 0x70, 0x3a, 0x20, 0x63, 0x73, 0x73, 0x55, 0x74, 0x69, 0x6c, 0x73, 0x2e, 0x24
  .byte 0x73, 0x70, 0x61, 0x63, 0x65, 0x2d, 0x73, 0x3b, 0x0a, 0x20, 0x20, 0x7d, 0x0a, 0x7d, 0x0a, 0x0a
  .byte 0x2e, 0x6f, 0x70, 0x65, 0x6e, 0x75, 0x69, 0x2d, 0x64, 0x61, 0x74, 0x65, 0x2d, 0x70, 0x69, 0x63
  .byte 0x6b, 0x65, 0x72, 0x2d, 0x6d, 0x6f, 0x6e, 0x74, 0x68, 0x20, 0x7b, 0x0a, 0x20, 0x20, 0x63, 0x6f
  .byte 0x6c, 0x6f, 0x72, 0x3a, 0x20, 0x63, 0x73, 0x73, 0x55, 0x74, 0x69, 0x6c, 0x73, 0x2e, 0x24, 0x74
  .byte 0x65, 0x78, 0x74, 0x2d, 0x6e, 0x65, 0x75, 0x74, 0x72, 0x61, 0x6c, 0x2d, 0x70, 0x72, 0x69, 0x6d
  .byte 0x61, 0x72, 0x79, 0x3b, 0x0a, 0x7d, 0x0a, 0x0a, 0x2e, 0x6f, 0x70, 0x65, 0x6e, 0x75, 0x69, 0x2d
  .byte 0x64, 0x61, 0x74, 0x65, 0x2d, 0x70, 0x69, 0x63, 0x6b, 0x65, 0x72, 0x2d, 0x6d, 0x6f, 0x6e, 0x74
  .byte 0x68, 0x2d, 0x63, 0x61, 0x70, 0x74, 0x69, 0x6f, 0x6e, 0x20, 0x7b, 0x0a, 0x20, 0x20, 0x40, 0x69
  .byte 0x6e, 0x63, 0x6c, 0x75, 0x64, 0x65, 0x20, 0x63, 0x73, 0x73, 0x55, 0x74, 0x69, 0x6c, 0x73, 0x2e
  .byte 0x74, 0x79, 0x70, 0x6f, 0x67, 0x72, 0x61, 0x70, 0x68, 0x79, 0x28, 0x62, 0x6f, 0x64, 0x79, 0x2c
  .byte 0x20, 0x64, 0x65, 0x66, 0x61, 0x75, 0x6c, 0x74, 0x29, 0x3b, 0x0a, 0x20, 0x20, 0x64, 0x69, 0x73
  .byte 0x70, 0x6c, 0x61, 0x79, 0x3a, 0x20, 0x66, 0x6c, 0x65, 0x78, 0x3b, 0x0a, 0x20, 0x20, 0x61, 0x6c
  .byte 0x69, 0x67, 0x6e, 0x2d, 0x69, 0x74, 0x65, 0x6d, 0x73, 0x3a, 0x20, 0x63, 0x65, 0x6e, 0x74, 0x65
  .byte 0x72, 0x3b, 0x0a, 0x20, 0x20, 0x6a, 0x75, 0x73, 0x74, 0x69, 0x66, 0x79, 0x2d, 0x63, 0x6f, 0x6e
  .byte 0x74, 0x65, 0x6e, 0x74, 0x3a, 0x20, 0x73, 0x70, 0x61, 0x63, 0x65, 0x2d, 0x62, 0x65, 0x74, 0x77
  .byte 0x65, 0x65, 0x6e, 0x3b, 0x0a, 0x20, 0x20, 0x67, 0x61, 0x70, 0x3a, 0x20, 0x63, 0x73, 0x73, 0x55
  .byte 0x74, 0x69, 0x6c, 0x73, 0x2e, 0x24, 0x73, 0x70, 0x61, 0x63, 0x65, 0x2d, 0x73, 0x3b, 0x0a, 0x20
  .byte 0x20, 0x68, 0x65, 0x69, 0x67, 0x68, 0x74, 0x3a, 0x20, 0x61, 0x75, 0x74, 0x6f, 0x3b, 0x0a, 0x20
  .byte 0x20, 0x6d, 0x61, 0x72, 0x67, 0x69, 0x6e, 0x2d, 0x62, 0x6f, 0x74, 0x74, 0x6f, 0x6d, 0x3a, 0x20
  .byte 0x63, 0x73, 0x73, 0x55, 0x74, 0x69, 0x6c, 0x73, 0x2e, 0x24, 0x73, 0x70, 0x61, 0x63, 0x65, 0x2d
  .byte 0x73, 0x3b, 0x0a, 0x20, 0x20, 0x66, 0x6f, 0x6e, 0x74, 0x2d, 0x77, 0x65, 0x69, 0x67, 0x68, 0x74
  .byte 0x3a, 0x20, 0x69, 0x6e, 0x68, 0x65, 0x72, 0x69, 0x74, 0x3b, 0x0a, 0x20, 0x20, 0x66, 0x6f, 0x6e
  .byte 0x74, 0x2d, 0x73, 0x69, 0x7a, 0x65, 0x3a, 0x20, 0x69, 0x6e, 0x68, 0x65, 0x72, 0x69, 0x74, 0x3b
  .byte 0x0a, 0x7d, 0x0a, 0x0a, 0x2e, 0x6f, 0x70, 0x65, 0x6e, 0x75, 0x69, 0x2d, 0x64, 0x61, 0x74, 0x65
  .byte 0x2d, 0x70, 0x69, 0x63, 0x6b, 0x65, 0x72, 0x2d, 0x6d, 0x6f, 0x6e, 0x74, 0x68, 0x73, 0x2d, 0x64
  .byte 0x72, 0x6f, 0x70, 0x64, 0x6f, 0x77, 0x6e, 0x2c, 0x0a, 0x2e, 0x6f, 0x70, 0x65, 0x6e, 0x75, 0x69
  .byte 0x2d, 0x64, 0x61, 0x74, 0x65, 0x2d, 0x70, 0x69, 0x63, 0x6b, 0x65, 0x72, 0x2d, 0x79, 0x65, 0x61
  .byte 0x72, 0x73, 0x2d, 0x64, 0x72, 0x6f, 0x70, 0x64, 0x6f, 0x77, 0x6e, 0x20, 0x7b, 0x0a, 0x20, 0x20
  .byte 0x63, 0x75, 0x72, 0x73, 0x6f, 0x72, 0x3a, 0x20, 0x70, 0x6f, 0x69, 0x6e, 0x74, 0x65, 0x72, 0x3b
  .byte 0x0a, 0x7d, 0x0a, 0x0a, 0x2e, 0x6f, 0x70, 0x65, 0x6e, 0x75, 0x69, 0x2d, 0x64, 0x61, 0x74, 0x65
  .byte 0x2d, 0x70, 0x69, 0x63, 0x6b, 0x65, 0x72, 0x2d, 0x63, 0x68, 0x65, 0x76, 0x72, 0x6f, 0x6e, 0x20
  .byte 0x7b, 0x0a, 0x20, 0x20, 0x66, 0x69, 0x6c, 0x6c, 0x3a, 0x20, 0x63, 0x73, 0x73, 0x55, 0x74, 0x69
  .byte 0x6c, 0x73, 0x2e, 0x24, 0x69, 0x6e, 0x74, 0x65, 0x72, 0x61, 0x63, 0x74, 0x69, 0x76, 0x65, 0x2d
  .byte 0x61, 0x63, 0x63, 0x65, 0x6e, 0x74, 0x2d, 0x64, 0x65, 0x66, 0x61, 0x75, 0x6c, 0x74, 0x3b, 0x0a
  .byte 0x7d, 0x0a, 0x0a, 0x2e, 0x6f, 0x70, 0x65, 0x6e, 0x75, 0x69, 0x2d, 0x64, 0x61, 0x74, 0x65, 0x2d
  .byte 0x70, 0x69, 0x63, 0x6b, 0x65, 0x72, 0x2d, 0x6d, 0x6f, 0x6e, 0x74, 0x68, 0x2d, 0x67, 0x72, 0x69
  .byte 0x64, 0x20, 0x7b, 0x0a, 0x20, 0x20, 0x77, 0x69, 0x64, 0x74, 0x68, 0x3a, 0x20, 0x61, 0x75, 0x74
  .byte 0x6f, 0x3b, 0x0a, 0x20, 0x20, 0x74, 0x61, 0x62, 0x6c, 0x65, 0x2d, 0x6c, 0x61, 0x79, 0x6f, 0x75
  .byte 0x74, 0x3a, 0x20, 0x61, 0x75, 0x74, 0x6f, 0x3b, 0x0a, 0x20, 0x20, 0x62, 0x6f, 0x72, 0x64, 0x65
  .byte 0x72, 0x2d, 0x63, 0x6f, 0x6c, 0x6c, 0x61, 0x70, 0x73, 0x65, 0x3a, 0x20, 0x63, 0x6f, 0x6c, 0x6c
  .byte 0x61, 0x70, 0x73, 0x65, 0x3b, 0x0a, 0x7d, 0x0a, 0x0a, 0x2e, 0x6f, 0x70, 0x65, 0x6e, 0x75, 0x69
  .byte 0x2d, 0x64, 0x61, 0x74, 0x65, 0x2d, 0x70, 0x69, 0x63, 0x6b, 0x65, 0x72, 0x2d, 0x77, 0x65, 0x65
  .byte 0x6b, 0x64, 0x61, 0x79, 0x73, 0x20, 0x7b, 0x0a, 0x20, 0x20, 0x63, 0x6f, 0x6c, 0x6f, 0x72, 0x3a
  .byte 0x20, 0x63, 0x73, 0x73, 0x55, 0x74, 0x69, 0x6c, 0x73, 0x2e, 0x24, 0x74, 0x65, 0x78, 0x74, 0x2d
  .byte 0x6e, 0x65, 0x75, 0x74, 0x72, 0x61, 0x6c, 0x2d, 0x70, 0x72, 0x69, 0x6d, 0x61, 0x72, 0x79, 0x3b
  .byte 0x0a, 0x7d, 0x0a, 0x0a, 0x2e, 0x6f, 0x70, 0x65, 0x6e, 0x75, 0x69, 0x2d, 0x64, 0x61, 0x74, 0x65
  .byte 0x2d, 0x70, 0x69, 0x63, 0x6b, 0x65, 0x72, 0x2d, 0x77, 0x65, 0x65, 0x6b, 0x64, 0x61, 0x79, 0x20
  .byte 0x7b, 0x0a, 0x20, 0x20, 0x40, 0x69, 0x6e, 0x63, 0x6c, 0x75, 0x64, 0x65, 0x20, 0x63, 0x73, 0x73
  .byte 0x55, 0x74, 0x69, 0x6c, 0x73, 0x2e, 0x74, 0x79, 0x70, 0x6f, 0x67, 0x72, 0x61, 0x70, 0x68, 0x79
  .byte 0x28, 0x6c, 0x61, 0x62, 0x65, 0x6c, 0x2c, 0x20, 0x73, 0x6d, 0x61, 0x6c, 0x6c, 0x29, 0x3b, 0x0a
  .byte 0x20, 0x20, 0x63, 0x6f, 0x6c, 0x6f, 0x72, 0x3a, 0x20, 0x63, 0x73, 0x73, 0x55, 0x74, 0x69, 0x6c
  .byte 0x73, 0x2e, 0x24, 0x74, 0x65, 0x78, 0x74, 0x2d, 0x6e, 0x65, 0x75, 0x74, 0x72, 0x61, 0x6c, 0x2d
  .byte 0x73, 0x65, 0x63, 0x6f, 0x6e, 0x64, 0x61, 0x72, 0x79, 0x3b, 0x0a, 0x20, 0x20, 0x77, 0x69, 0x64
  .byte 0x74, 0x68, 0x3a, 0x20, 0x76, 0x61, 0x72, 0x28, 0x2d, 0x2d, 0x6f, 0x70, 0x65, 0x6e, 0x75, 0x69
  .byte 0x2d, 0x64, 0x61, 0x74, 0x65, 0x2d, 0x70, 0x69, 0x63, 0x6b, 0x65, 0x72, 0x2d, 0x64, 0x61, 0x79
  .byte 0x2d, 0x73, 0x69, 0x7a, 0x65, 0x29, 0x3b, 0x0a, 0x20, 0x20, 0x68, 0x65, 0x69, 0x67, 0x68, 0x74
  .byte 0x3a, 0x20, 0x76, 0x61, 0x72, 0x28, 0x2d, 0x2d, 0x6f, 0x70, 0x65, 0x6e, 0x75, 0x69, 0x2d, 0x64
  .byte 0x61, 0x74, 0x65, 0x2d, 0x70, 0x69, 0x63, 0x6b, 0x65, 0x72, 0x2d, 0x64, 0x61, 0x79, 0x2d, 0x73
  .byte 0x69, 0x7a, 0x65, 0x29, 0x3b, 0x0a, 0x20, 0x20, 0x70, 0x61, 0x64, 0x64, 0x69, 0x6e, 0x67, 0x3a
  .byte 0x20, 0x30, 0x3b, 0x0a, 0x20, 0x20, 0x74, 0x65, 0x78, 0x74, 0x2d, 0x74, 0x72, 0x61, 0x6e, 0x73
  .byte 0x66, 0x6f, 0x72, 0x6d, 0x3a, 0x20, 0x6e, 0x6f, 0x6e, 0x65, 0x3b, 0x0a, 0x20, 0x20, 0x74, 0x65
  .byte 0x78, 0x74, 0x2d, 0x61, 0x6c, 0x69, 0x67, 0x6e, 0x3a, 0x20, 0x63, 0x65, 0x6e, 0x74, 0x65, 0x72
  .byte 0x3b, 0x0a, 0x20, 0x20, 0x76, 0x65, 0x72, 0x74, 0x69, 0x63, 0x61, 0x6c, 0x2d, 0x61, 0x6c, 0x69
  .byte 0x67, 0x6e, 0x3a, 0x20, 0x6d, 0x69, 0x64, 0x64, 0x6c, 0x65, 0x3b, 0x0a, 0x7d, 0x0a, 0x0a, 0x2e
  .byte 0x6f, 0x70, 0x65, 0x6e, 0x75, 0x69, 0x2d, 0x64, 0x61, 0x74, 0x65, 0x2d, 0x70, 0x69, 0x63, 0x6b
  .byte 0x65, 0x72, 0x2d, 0x73, 0x69, 0x6e, 0x67, 0x6c, 0x65, 0x2d, 0x64, 0x61, 0x79, 0x2c, 0x0a, 0x2e
  .byte 0x6f, 0x70, 0x65, 0x6e, 0x75, 0x69, 0x2d, 0x64, 0x61, 0x74, 0x65, 0x2d, 0x70, 0x69, 0x63, 0x6b
  .byte 0x65, 0x72, 0x2d, 0x72, 0x61, 0x6e, 0x67, 0x65, 0x2d, 0x64, 0x61, 0x79, 0x20, 0x7b, 0x0a, 0x20
  .byte 0x20, 0x77, 0x69, 0x64, 0x74, 0x68, 0x3a, 0x20, 0x76, 0x61, 0x72, 0x28, 0x2d, 0x2d, 0x6f, 0x70
  .byte 0x65, 0x6e, 0x75, 0x69, 0x2d, 0x64, 0x61, 0x74, 0x65, 0x2d, 0x70, 0x69, 0x63, 0x6b, 0x65, 0x72
  .byte 0x2d, 0x64, 0x61, 0x79, 0x2d, 0x73, 0x69, 0x7a, 0x65, 0x29, 0x3b, 0x0a, 0x20, 0x20, 0x68, 0x65
  .byte 0x69, 0x67, 0x68, 0x74, 0x3a, 0x20, 0x76, 0x61, 0x72, 0x28, 0x2d, 0x2d, 0x6f, 0x70, 0x65, 0x6e
  .byte 0x75, 0x69, 0x2d, 0x64, 0x61, 0x74, 0x65, 0x2d, 0x70, 0x69, 0x63, 0x6b, 0x65, 0x72, 0x2d, 0x64
  .byte 0x61, 0x79, 0x2d, 0x73, 0x69, 0x7a, 0x65, 0x29, 0x3b, 0x0a, 0x20, 0x20, 0x6d, 0x69, 0x6e, 0x2d
  .byte 0x77, 0x69, 0x64, 0x74, 0x68, 0x3a, 0x20, 0x76, 0x61, 0x72, 0x28, 0x2d, 0x2d, 0x6f, 0x70, 0x65
  .byte 0x6e, 0x75, 0x69, 0x2d, 0x64, 0x61, 0x74, 0x65, 0x2d, 0x70, 0x69, 0x63, 0x6b, 0x65, 0x72, 0x2d
  .byte 0x64, 0x61, 0x79, 0x2d, 0x73, 0x69, 0x7a, 0x65, 0x29, 0x3b, 0x0a, 0x20, 0x20, 0x6d, 0x69, 0x6e
  .byte 0x2d, 0x68, 0x65, 0x69, 0x67, 0x68, 0x74, 0x3a, 0x20, 0x76, 0x61, 0x72, 0x28, 0x2d, 0x2d, 0x6f
  .byte 0x70, 0x65, 0x6e, 0x75, 0x69, 0x2d, 0x64, 0x61, 0x74, 0x65, 0x2d, 0x70, 0x69, 0x63, 0x6b, 0x65
  .byte 0x72, 0x2d, 0x64, 0x61, 0x79, 0x2d, 0x73, 0x69, 0x7a, 0x65, 0x29, 0x3b, 0x0a, 0x20, 0x20, 0x70
  .byte 0x61, 0x64, 0x64, 0x69, 0x6e, 0x67, 0x3a, 0x20, 0x30, 0x3b, 0x0a, 0x20, 0x20, 0x76, 0x65, 0x72
  .byte 0x74, 0x69, 0x63, 0x61, 0x6c, 0x2d, 0x61, 0x6c, 0x69, 0x67, 0x6e, 0x3a, 0x20, 0x6d, 0x69, 0x64
  .byte 0x64, 0x6c, 0x65, 0x3b, 0x0a, 0x7d, 0x0a, 0x0a, 0x2e, 0x6f, 0x70, 0x65, 0x6e, 0x75, 0x69, 0x2d
  .byte 0x64, 0x61, 0x74, 0x65, 0x2d, 0x70, 0x69, 0x63, 0x6b, 0x65, 0x72, 0x2d, 0x73, 0x69, 0x6e, 0x67
  .byte 0x6c, 0x65, 0x2d, 0x64, 0x61, 0x79, 0x2d, 0x62, 0x75, 0x74, 0x74, 0x6f, 0x6e, 0x2c, 0x0a, 0x2e
  .byte 0x6f, 0x70, 0x65, 0x6e, 0x75, 0x69, 0x2d, 0x64, 0x61, 0x74, 0x65, 0x2d, 0x70, 0x69, 0x63, 0x6b
  .byte 0x65, 0x72, 0x2d, 0x72, 0x61, 0x6e, 0x67, 0x65, 0x2d, 0x64, 0x61, 0x79, 0x2d, 0x62, 0x75, 0x74
  .byte 0x74, 0x6f, 0x6e, 0x20, 0x7b, 0x0a, 0x20, 0x20, 0x40, 0x69, 0x6e, 0x63, 0x6c, 0x75, 0x64, 0x65
  .byte 0x20, 0x63, 0x73, 0x73, 0x55, 0x74, 0x69, 0x6c, 0x73, 0x2e, 0x74, 0x79, 0x70, 0x6f, 0x67, 0x72
  .byte 0x61, 0x70, 0x68, 0x79, 0x28, 0x6c, 0x61, 0x62, 0x65, 0x6c, 0x2c, 0x20, 0x64, 0x65, 0x66, 0x61
  .byte 0x75, 0x6c, 0x74, 0x29, 0x3b, 0x0a, 0x20, 0x20, 0x77, 0x69, 0x64, 0x74, 0x68, 0x3a, 0x20, 0x31
  .byte 0x30, 0x30, 0x25, 0x3b, 0x0a, 0x20, 0x20, 0x68, 0x65, 0x69, 0x67, 0x68, 0x74, 0x3a, 0x20, 0x31
  .byte 0x30, 0x30, 0x25, 0x3b, 0x0a, 0x20, 0x20, 0x6d, 0x61, 0x72, 0x67, 0x69, 0x6e, 0x3a, 0x20, 0x30
  .byte 0x3b, 0x0a, 0x20, 0x20, 0x70, 0x61, 0x64, 0x64, 0x69, 0x6e, 0x67, 0x3a, 0x20, 0x30, 0x3b, 0x0a
  .byte 0x20, 0x20, 0x62, 0x6f, 0x72, 0x64, 0x65, 0x72, 0x3a, 0x20, 0x31, 0x70, 0x78, 0x20, 0x73, 0x6f
  .byte 0x6c, 0x69, 0x64, 0x20, 0x74, 0x72, 0x61, 0x6e, 0x73, 0x70, 0x61, 0x72, 0x65, 0x6e, 0x74, 0x3b
  .byte 0x0a, 0x20, 0x20, 0x62, 0x6f, 0x72, 0x64, 0x65, 0x72, 0x2d, 0x72, 0x61, 0x64, 0x69, 0x75, 0x73
  .byte 0x3a, 0x20, 0x76, 0x61, 0x72, 0x28, 0x2d, 0x2d, 0x6f, 0x70, 0x65, 0x6e, 0x75, 0x69, 0x2d, 0x64
  .byte 0x61, 0x74, 0x65, 0x2d, 0x70, 0x69, 0x63, 0x6b, 0x65, 0x72, 0x2d, 0x63, 0x65, 0x6c, 0x6c, 0x2d
  .byte 0x72, 0x61, 0x64, 0x69, 0x75, 0x73, 0x29, 0x3b, 0x0a, 0x20, 0x20, 0x62, 0x61, 0x63, 0x6b, 0x67
  .byte 0x72, 0x6f, 0x75, 0x6e, 0x64, 0x3a, 0x20, 0x74, 0x72, 0x61, 0x6e, 0x73, 0x70, 0x61, 0x72, 0x65
  .byte 0x6e, 0x74, 0x3b, 0x0a, 0x20, 0x20, 0x63, 0x6f, 0x6c, 0x6f, 0x72, 0x3a, 0x20, 0x69, 0x6e, 0x68
  .byte 0x65, 0x72, 0x69, 0x74, 0x3b, 0x0a, 0x20, 0x20, 0x63, 0x75, 0x72, 0x73, 0x6f, 0x72, 0x3a, 0x20
  .byte 0x70, 0x6f, 0x69, 0x6e, 0x74, 0x65, 0x72, 0x3b, 0x0a, 0x20, 0x20, 0x64, 0x69, 0x73, 0x70, 0x6c
  .byte 0x61, 0x79, 0x3a, 0x20, 0x66, 0x6c, 0x65, 0x78, 0x3b, 0x0a, 0x20, 0x20, 0x61, 0x6c, 0x69, 0x67
  .byte 0x6e, 0x2d, 0x69, 0x74, 0x65, 0x6d, 0x73, 0x3a, 0x20, 0x63, 0x65, 0x6e, 0x74, 0x65, 0x72, 0x3b
  .byte 0x0a, 0x20, 0x20, 0x6a, 0x75, 0x73, 0x74, 0x69, 0x66, 0x79, 0x2d, 0x63, 0x6f, 0x6e, 0x74, 0x65
  .byte 0x6e, 0x74, 0x3a, 0x20, 0x63, 0x65, 0x6e, 0x74, 0x65, 0x72, 0x3b, 0x0a, 0x20, 0x20, 0x74, 0x72
  .byte 0x61, 0x6e, 0x73, 0x69, 0x74, 0x69, 0x6f, 0x6e, 0x3a, 0x0a, 0x20, 0x20, 0x20, 0x20, 0x62, 0x61
  .byte 0x63, 0x6b, 0x67, 0x72, 0x6f, 0x75, 0x6e, 0x64, 0x2d, 0x63, 0x6f, 0x6c, 0x6f, 0x72, 0x20, 0x30
  .byte 0x2e, 0x31, 0x32, 0x73, 0x20, 0x65, 0x61, 0x73, 0x65, 0x2c, 0x0a, 0x20, 0x20, 0x20, 0x20, 0x62
  .byte 0x6f, 0x72, 0x64, 0x65, 0x72, 0x2d, 0x63, 0x6f, 0x6c, 0x6f, 0x72, 0x20, 0x30, 0x2e, 0x31, 0x32
  .byte 0x73, 0x20, 0x65, 0x61, 0x73, 0x65, 0x2c, 0x0a, 0x20, 0x20, 0x20, 0x20, 0x63, 0x6f, 0x6c, 0x6f
  .byte 0x72, 0x20, 0x30, 0x2e, 0x31, 0x32, 0x73, 0x20, 0x65, 0x61, 0x73, 0x65, 0x3b, 0x0a, 0x0a, 0x20
  .byte 0x20, 0x26, 0x3a, 0x66, 0x6f, 0x63, 0x75, 0x73, 0x20, 0x7b, 0x0a, 0x20, 0x20, 0x20, 0x20, 0x6f
  .byte 0x75, 0x74, 0x6c, 0x69, 0x6e, 0x65, 0x3a, 0x20, 0x6e, 0x6f, 0x6e, 0x65, 0x3b, 0x0a, 0x20, 0x20
  .byte 0x7d, 0x0a, 0x0a, 0x20, 0x20, 0x26, 0x3a, 0x66, 0x6f, 0x63, 0x75, 0x73, 0x2d, 0x76, 0x69, 0x73
  .byte 0x69, 0x62, 0x6c, 0x65, 0x20, 0x7b, 0x0a, 0x20, 0x20, 0x20, 0x20, 0x6f, 0x75, 0x74, 0x6c, 0x69
  .byte 0x6e, 0x65, 0x3a, 0x20, 0x32, 0x70, 0x78, 0x20, 0x73, 0x6f, 0x6c, 0x69, 0x64, 0x20, 0x63, 0x73
  .byte 0x73, 0x55, 0x74, 0x69, 0x6c, 0x73, 0x2e, 0x24, 0x62, 0x6f, 0x72, 0x64, 0x65, 0x72, 0x2d, 0x61
  .byte 0x63, 0x63, 0x65, 0x6e, 0x74, 0x3b, 0x0a, 0x20, 0x20, 0x20, 0x20, 0x6f, 0x75, 0x74, 0x6c, 0x69
  .byte 0x6e, 0x65, 0x2d, 0x6f, 0x66, 0x66, 0x73, 0x65, 0x74, 0x3a, 0x20, 0x63, 0x73, 0x73, 0x55, 0x74
  .byte 0x69, 0x6c, 0x73, 0x2e, 0x24, 0x73, 0x70, 0x61, 0x63, 0x65, 0x2d, 0x33, 0x78, 0x73, 0x3b, 0x0a
  .byte 0x20, 0x20, 0x7d, 0x0a, 0x0a, 0x20, 0x20, 0x26, 0x3a, 0x6e, 0x6f, 0x74, 0x28, 0x3a, 0x64, 0x69
  .byte 0x73, 0x61, 0x62, 0x6c, 0x65, 0x64, 0x29, 0x3a, 0x68, 0x6f, 0x76, 0x65, 0x72, 0x20, 0x7b, 0x0a
  .byte 0x20, 0x20, 0x20, 0x20, 0x62, 0x61, 0x63, 0x6b, 0x67, 0x72, 0x6f, 0x75, 0x6e, 0x64, 0x2d, 0x63
  .byte 0x6f, 0x6c, 0x6f, 0x72, 0x3a, 0x20, 0x63, 0x73, 0x73, 0x55, 0x74, 0x69, 0x6c, 0x73, 0x2e, 0x24
  .byte 0x68, 0x69, 0x67, 0x68, 0x6c, 0x69, 0x67, 0x68, 0x74, 0x2d, 0x73, 0x75, 0x62, 0x74, 0x6c, 0x65
  .byte 0x3b, 0x0a, 0x20, 0x20, 0x7d, 0x0a, 0x0a, 0x20, 0x20, 0x26, 0x3a, 0x64, 0x69, 0x73, 0x61, 0x62
  .byte 0x6c, 0x65, 0x64, 0x20, 0x7b, 0x0a, 0x20, 0x20, 0x20, 0x20, 0x63, 0x75, 0x72, 0x73, 0x6f, 0x72
  .byte 0x3a, 0x20, 0x6e, 0x6f, 0x74, 0x2d, 0x61, 0x6c, 0x6c, 0x6f, 0x77, 0x65, 0x64, 0x3b, 0x0a, 0x20
  .byte 0x20, 0x20, 0x20, 0x63, 0x6f, 0x6c, 0x6f, 0x72, 0x3a, 0x20, 0x63, 0x73, 0x73, 0x55, 0x74, 0x69
  .byte 0x6c, 0x73, 0x2e, 0x24, 0x74, 0x65, 0x78, 0x74, 0x2d, 0x6e, 0x65, 0x75, 0x74, 0x72, 0x61, 0x6c
  .byte 0x2d, 0x74, 0x65, 0x72, 0x74, 0x69, 0x61, 0x72, 0x79, 0x3b, 0x0a, 0x20, 0x20, 0x7d, 0x0a, 0x7d
  .byte 0x0a, 0x0a, 0x2e, 0x6f, 0x70, 0x65, 0x6e, 0x75, 0x69, 0x2d, 0x64, 0x61, 0x74, 0x65, 0x2d, 0x70
  .byte 0x69, 0x63, 0x6b, 0x65, 0x72, 0x2d, 0x62, 0x75, 0x74, 0x74, 0x6f, 0x6e, 0x2d, 0x6e, 0x65, 0x78
  .byte 0x74, 0x2c, 0x0a, 0x2e, 0x6f, 0x70, 0x65, 0x6e, 0x75, 0x69, 0x2d, 0x64, 0x61, 0x74, 0x65, 0x2d
  .byte 0x70, 0x69, 0x63, 0x6b, 0x65, 0x72, 0x2d, 0x62, 0x75, 0x74, 0x74, 0x6f, 0x6e, 0x2d, 0x70, 0x72
  .byte 0x65, 0x76, 0x69, 0x6f, 0x75, 0x73, 0x20, 0x7b, 0x0a, 0x20, 0x20, 0x64, 0x69, 0x73, 0x70, 0x6c
  .byte 0x61, 0x79, 0x3a, 0x20, 0x6e, 0x6f, 0x6e, 0x65, 0x20, 0x21, 0x69, 0x6d, 0x70, 0x6f, 0x72, 0x74
  .byte 0x61, 0x6e, 0x74, 0x3b, 0x0a, 0x7d, 0x0a, 0x0a, 0x2e, 0x6f, 0x70, 0x65, 0x6e, 0x75, 0x69, 0x2d
  .byte 0x64, 0x61, 0x74, 0x65, 0x2d, 0x70, 0x69, 0x63, 0x6b, 0x65, 0x72, 0x2d, 0x74, 0x6f, 0x64, 0x61
  .byte 0x79, 0x20, 0x7b, 0x0a, 0x20, 0x20, 0x26, 0x5b, 0x64, 0x61, 0x74, 0x61, 0x2d, 0x74, 0x6f, 0x64
  .byte 0x61, 0x79, 0x5d, 0x3a, 0x6e, 0x6f, 0x74, 0x28, 0x5b, 0x61, 0x72, 0x69, 0x61, 0x2d, 0x73, 0x65
  .byte 0x6c, 0x65, 0x63, 0x74, 0x65, 0x64, 0x5d, 0x29, 0x20, 0x7b, 0x0a, 0x20, 0x20, 0x20, 0x20, 0x62
  .byte 0x61, 0x63, 0x6b, 0x67, 0x72, 0x6f, 0x75, 0x6e, 0x64, 0x2d, 0x63, 0x6f, 0x6c, 0x6f, 0x72, 0x3a
  .byte 0x20, 0x63, 0x73, 0x73, 0x55, 0x74, 0x69, 0x6c, 0x73, 0x2e, 0x24, 0x73, 0x75, 0x6e, 0x6b, 0x3b
  .byte 0x0a, 0x20, 0x20, 0x20, 0x20, 0x62, 0x6f, 0x72, 0x64, 0x65, 0x72, 0x2d, 0x72, 0x61, 0x64, 0x69
  .byte 0x75, 0x73, 0x3a, 0x20, 0x76, 0x61, 0x72, 0x28, 0x2d, 0x2d, 0x6f, 0x70, 0x65, 0x6e, 0x75, 0x69
  .byte 0x2d, 0x64, 0x61, 0x74, 0x65, 0x2d, 0x70, 0x69, 0x63, 0x6b, 0x65, 0x72, 0x2d, 0x63, 0x65, 0x6c
  .byte 0x6c, 0x2d, 0x72, 0x61, 0x64, 0x69, 0x75, 0x73, 0x29, 0x3b, 0x0a, 0x20, 0x20, 0x7d, 0x0a, 0x7d
  .byte 0x0a, 0x0a, 0x2e, 0x6f, 0x70, 0x65, 0x6e, 0x75, 0x69, 0x2d, 0x64, 0x61, 0x74, 0x65, 0x2d, 0x70
  .byte 0x69, 0x63, 0x6b, 0x65, 0x72, 0x2d, 0x64, 0x69, 0x73, 0x61, 0x62, 0x6c, 0x65, 0x64, 0x20, 0x7b
  .byte 0x0a, 0x20, 0x20, 0x63, 0x6f, 0x6c, 0x6f, 0x72, 0x3a, 0x20, 0x63, 0x73, 0x73, 0x55, 0x74, 0x69
  .byte 0x6c, 0x73, 0x2e, 0x24, 0x74, 0x65, 0x78, 0x74, 0x2d, 0x6e, 0x65, 0x75, 0x74, 0x72, 0x61, 0x6c
  .byte 0x2d, 0x74, 0x65, 0x72, 0x74, 0x69, 0x61, 0x72, 0x79, 0x3b, 0x0a, 0x7d, 0x0a, 0x0a, 0x2e, 0x6f
  .byte 0x70, 0x65, 0x6e, 0x75, 0x69, 0x2d, 0x64, 0x61, 0x74, 0x65, 0x2d, 0x70, 0x69, 0x63, 0x6b, 0x65
  .byte 0x72, 0x2d, 0x73, 0x69, 0x6e, 0x67, 0x6c, 0x65, 0x2d, 0x64, 0x61, 0x79, 0x2d, 0x73, 0x65, 0x6c
  .byte 0x65, 0x63, 0x74, 0x65, 0x64, 0x20, 0x7b, 0x0a, 0x20, 0x20, 0x62, 0x61, 0x63, 0x6b, 0x67, 0x72
  .byte 0x6f, 0x75, 0x6e, 0x64, 0x3a, 0x20, 0x63, 0x73, 0x73, 0x55, 0x74, 0x69, 0x6c, 0x73, 0x2e, 0x24
  .byte 0x69, 0x6e, 0x74, 0x65, 0x72, 0x61, 0x63, 0x74, 0x69, 0x76, 0x65, 0x2d, 0x61, 0x63, 0x63, 0x65
  .byte 0x6e, 0x74, 0x2d, 0x64, 0x65, 0x66, 0x61, 0x75, 0x6c, 0x74, 0x3b, 0x0a, 0x20, 0x20, 0x63, 0x6f
  .byte 0x6c, 0x6f, 0x72, 0x3a, 0x20, 0x63, 0x73, 0x73, 0x55, 0x74, 0x69, 0x6c, 0x73, 0x2e, 0x24, 0x74
  .byte 0x65, 0x78, 0x74, 0x2d, 0x61, 0x63, 0x63, 0x65, 0x6e, 0x74, 0x2d, 0x70, 0x72, 0x69, 0x6d, 0x61
  .byte 0x72, 0x79, 0x3b, 0x0a, 0x7d, 0x0a, 0x0a, 0x2e, 0x6f, 0x70, 0x65, 0x6e, 0x75, 0x69, 0x2d, 0x64
  .byte 0x61, 0x74, 0x65, 0x2d, 0x70, 0x69, 0x63, 0x6b, 0x65, 0x72, 0x2d, 0x72, 0x61, 0x6e, 0x67, 0x65
  .byte 0x2d, 0x73, 0x74, 0x61, 0x72, 0x74, 0x20, 0x7b, 0x0a, 0x20, 0x20, 0x62, 0x61, 0x63, 0x6b, 0x67
  .byte 0x72, 0x6f, 0x75, 0x6e, 0x64, 0x3a, 0x20, 0x63, 0x73, 0x73, 0x55, 0x74, 0x69, 0x6c, 0x73, 0x2e
  .byte 0x24, 0x69, 0x6e, 0x74, 0x65, 0x72, 0x61, 0x63, 0x74, 0x69, 0x76, 0x65, 0x2d, 0x61, 0x63, 0x63
  .byte 0x65, 0x6e, 0x74, 0x2d, 0x64, 0x65, 0x66, 0x61, 0x75, 0x6c, 0x74, 0x3b, 0x0a, 0x20, 0x20, 0x63
  .byte 0x6f, 0x6c, 0x6f, 0x72, 0x3a, 0x20, 0x63, 0x73, 0x73, 0x55, 0x74, 0x69, 0x6c, 0x73, 0x2e, 0x24
  .byte 0x74, 0x65, 0x78, 0x74, 0x2d, 0x61, 0x63, 0x63, 0x65, 0x6e, 0x74, 0x2d, 0x70, 0x72, 0x69, 0x6d
  .byte 0x61, 0x72, 0x79, 0x3b, 0x0a, 0x20, 0x20, 0x62, 0x6f, 0x72, 0x64, 0x65, 0x72, 0x2d, 0x74, 0x6f
  .byte 0x70, 0x2d, 0x6c, 0x65, 0x66, 0x74, 0x2d, 0x72, 0x61, 0x64, 0x69, 0x75, 0x73, 0x3a, 0x20, 0x76
  .byte 0x61, 0x72, 0x28, 0x2d, 0x2d, 0x6f, 0x70, 0x65, 0x6e, 0x75, 0x69, 0x2d, 0x64, 0x61, 0x74, 0x65
  .byte 0x2d, 0x70, 0x69, 0x63, 0x6b, 0x65, 0x72, 0x2d, 0x63, 0x65, 0x6c, 0x6c, 0x2d, 0x72, 0x61, 0x64
  .byte 0x69, 0x75, 0x73, 0x29, 0x3b, 0x0a, 0x20, 0x20, 0x62, 0x6f, 0x72, 0x64, 0x65, 0x72, 0x2d, 0x62
  .byte 0x6f, 0x74, 0x74, 0x6f, 0x6d, 0x2d, 0x6c, 0x65, 0x66, 0x74, 0x2d, 0x72, 0x61, 0x64, 0x69, 0x75
  .byte 0x73, 0x3a, 0x20, 0x76, 0x61, 0x72, 0x28, 0x2d, 0x2d, 0x6f, 0x70, 0x65, 0x6e, 0x75, 0x69, 0x2d
  .byte 0x64, 0x61, 0x74, 0x65, 0x2d, 0x70, 0x69, 0x63, 0x6b, 0x65, 0x72, 0x2d, 0x63, 0x65, 0x6c, 0x6c
  .byte 0x2d, 0x72, 0x61, 0x64, 0x69, 0x75, 0x73, 0x29, 0x3b, 0x0a, 0x7d, 0x0a, 0x0a, 0x2e, 0x6f, 0x70
  .byte 0x65, 0x6e, 0x75, 0x69, 0x2d, 0x64, 0x61, 0x74, 0x65, 0x2d, 0x70, 0x69, 0x63, 0x6b, 0x65, 0x72
  .byte 0x2d, 0x72, 0x61, 0x6e, 0x67, 0x65, 0x2d, 0x6d, 0x69, 0x64, 0x64, 0x6c, 0x65, 0x20, 0x7b, 0x0a
  .byte 0x20, 0x20, 0x62, 0x61, 0x63, 0x6b, 0x67, 0x72, 0x6f, 0x75, 0x6e, 0x64, 0x3a, 0x20, 0x63, 0x73
  .byte 0x73, 0x55, 0x74, 0x69, 0x6c, 0x73, 0x2e, 0x24, 0x68, 0x69, 0x67, 0x68, 0x6c, 0x69, 0x67, 0x68
  .byte 0x74, 0x3b, 0x0a, 0x7d, 0x0a, 0x0a, 0x2e, 0x6f, 0x70, 0x65, 0x6e, 0x75, 0x69, 0x2d, 0x64, 0x61
  .byte 0x74, 0x65, 0x2d, 0x70, 0x69, 0x63, 0x6b, 0x65, 0x72, 0x2d, 0x72, 0x61, 0x6e, 0x67, 0x65, 0x2d
  .byte 0x65, 0x6e, 0x64, 0x20, 0x7b, 0x0a, 0x20, 0x20, 0x62, 0x61, 0x63, 0x6b, 0x67, 0x72, 0x6f, 0x75
  .byte 0x6e, 0x64, 0x3a, 0x20, 0x63, 0x73, 0x73, 0x55, 0x74, 0x69, 0x6c, 0x73, 0x2e, 0x24, 0x69, 0x6e
  .byte 0x74, 0x65, 0x72, 0x61, 0x63, 0x74, 0x69, 0x76, 0x65, 0x2d, 0x61, 0x63, 0x63, 0x65, 0x6e, 0x74
  .byte 0x2d, 0x64, 0x65, 0x66, 0x61, 0x75, 0x6c, 0x74, 0x3b, 0x0a, 0x20, 0x20, 0x63, 0x6f, 0x6c, 0x6f
  .byte 0x72, 0x3a, 0x20, 0x63, 0x73, 0x73, 0x55, 0x74, 0x69, 0x6c, 0x73, 0x2e, 0x24, 0x74, 0x65, 0x78
  .byte 0x74, 0x2d, 0x61, 0x63, 0x63, 0x65, 0x6e, 0x74, 0x2d, 0x70, 0x72, 0x69, 0x6d, 0x61, 0x72, 0x79
  .byte 0x3b, 0x0a, 0x20, 0x20, 0x62, 0x6f, 0x72, 0x64, 0x65, 0x72, 0x2d, 0x74, 0x6f, 0x70, 0x2d, 0x72
  .byte 0x69, 0x67, 0x68, 0x74, 0x2d, 0x72, 0x61, 0x64, 0x69, 0x75, 0x73, 0x3a, 0x20, 0x76, 0x61, 0x72
  .byte 0x28, 0x2d, 0x2d, 0x6f, 0x70, 0x65, 0x6e, 0x75, 0x69, 0x2d, 0x64, 0x61, 0x74, 0x65, 0x2d, 0x70
  .byte 0x69, 0x63, 0x6b, 0x65, 0x72, 0x2d, 0x63, 0x65, 0x6c, 0x6c, 0x2d, 0x72, 0x61, 0x64, 0x69, 0x75
  .byte 0x73, 0x29, 0x3b, 0x0a, 0x20, 0x20, 0x62, 0x6f, 0x72, 0x64, 0x65, 0x72, 0x2d, 0x62, 0x6f, 0x74
  .byte 0x74, 0x6f, 0x6d, 0x2d, 0x72, 0x69, 0x67, 0x68, 0x74, 0x2d, 0x72, 0x61, 0x64, 0x69, 0x75, 0x73
  .byte 0x3a, 0x20, 0x76, 0x61, 0x72, 0x28, 0x2d, 0x2d, 0x6f, 0x70, 0x65, 0x6e, 0x75, 0x69, 0x2d, 0x64
  .byte 0x61, 0x74, 0x65, 0x2d, 0x70, 0x69, 0x63, 0x6b, 0x65, 0x72, 0x2d, 0x63, 0x65, 0x6c, 0x6c, 0x2d
  .byte 0x72, 0x61, 0x64, 0x69, 0x75, 0x73, 0x29, 0x3b, 0x0a, 0x7d, 0x0a

  .globl openui_full_port_packages_react_ui_src_components_DatePicker_helpers_utils_datePickerBaseStyle_scss_b406b5f5e134_len
openui_full_port_packages_react_ui_src_components_DatePicker_helpers_utils_datePickerBaseStyle_scss_b406b5f5e134_len:
  .quad 3963

# assembly pass: 2/4
  .globl openui_full_port_packages_react_ui_src_components_DatePicker_helpers_utils_datePickerBaseStyle_scss_b406b5f5e134_pass_2
openui_full_port_packages_react_ui_src_components_DatePicker_helpers_utils_datePickerBaseStyle_scss_b406b5f5e134_pass_2:
  .byte 0x40, 0x75, 0x73, 0x65, 0x20, 0x22, 0x2e, 0x2e, 0x2f, 0x2e, 0x2e, 0x2f, 0x2e, 0x2e, 0x2f, 0x2e
  .byte 0x2e, 0x2f, 0x63, 0x73, 0x73, 0x55, 0x74, 0x69, 0x6c, 0x73, 0x22, 0x20, 0x61, 0x73, 0x20, 0x63
  .byte 0x73, 0x73, 0x55, 0x74, 0x69, 0x6c, 0x73, 0x3b, 0x0a, 0x0a, 0x2e, 0x6f, 0x70, 0x65, 0x6e, 0x75
  .byte 0x69, 0x2d, 0x64, 0x61, 0x74, 0x65, 0x2d, 0x70, 0x69, 0x63, 0x6b, 0x65, 0x72, 0x2d, 0x72, 0x6f
  .byte 0x6f, 0x74, 0x20, 0x7b, 0x0a, 0x20, 0x20, 0x2d, 0x2d, 0x6f, 0x70, 0x65, 0x6e, 0x75, 0x69, 0x2d
  .byte 0x64, 0x61, 0x74, 0x65, 0x2d, 0x70, 0x69, 0x63, 0x6b, 0x65, 0x72, 0x2d, 0x64, 0x61, 0x79, 0x2d
  .byte 0x73, 0x69, 0x7a, 0x65, 0x3a, 0x20, 0x63, 0x61, 0x6c, 0x63, 0x28, 0x23, 0x7b, 0x63, 0x73, 0x73
  .byte 0x55, 0x74, 0x69, 0x6c, 0x73, 0x2e, 0x24, 0x73, 0x70, 0x61, 0x63, 0x65, 0x2d, 0x32, 0x78, 0x6c
  .byte 0x7d, 0x20, 0x2b, 0x20, 0x23, 0x7b, 0x63, 0x73, 0x73, 0x55, 0x74, 0x69, 0x6c, 0x73, 0x2e, 0x24
  .byte 0x73, 0x70, 0x61, 0x63, 0x65, 0x2d, 0x32, 0x78, 0x73, 0x7d, 0x29, 0x3b, 0x0a, 0x20, 0x20, 0x2d
  .byte 0x2d, 0x6f, 0x70, 0x65, 0x6e, 0x75, 0x69, 0x2d, 0x64, 0x61, 0x74, 0x65, 0x2d, 0x70, 0x69, 0x63
  .byte 0x6b, 0x65, 0x72, 0x2d, 0x63, 0x65, 0x6c, 0x6c, 0x2d, 0x72, 0x61, 0x64, 0x69, 0x75, 0x73, 0x3a
  .byte 0x20, 0x23, 0x7b, 0x63, 0x73, 0x73, 0x55, 0x74, 0x69, 0x6c, 0x73, 0x2e, 0x24, 0x72, 0x61, 0x64
  .byte 0x69, 0x75, 0x73, 0x2d, 0x6d, 0x7d, 0x3b, 0x0a, 0x0a, 0x20, 0x20, 0x40, 0x69, 0x6e, 0x63, 0x6c
  .byte 0x75, 0x64, 0x65, 0x20, 0x63, 0x73, 0x73, 0x55, 0x74, 0x69, 0x6c, 0x73, 0x2e, 0x74, 0x79, 0x70
  .byte 0x6f, 0x67, 0x72, 0x61, 0x70, 0x68, 0x79, 0x28, 0x70, 0x72, 0x69, 0x6d, 0x61, 0x72, 0x79, 0x2c
  .byte 0x20, 0x64, 0x65, 0x66, 0x61, 0x75, 0x6c, 0x74, 0x29, 0x3b, 0x0a, 0x20, 0x20, 0x77, 0x69, 0x64
  .byte 0x74, 0x68, 0x3a, 0x20, 0x66, 0x69, 0x74, 0x2d, 0x63, 0x6f, 0x6e, 0x74, 0x65, 0x6e, 0x74, 0x3b
  .byte 0x0a, 0x20, 0x20, 0x6d, 0x61, 0x78, 0x2d, 0x77, 0x69, 0x64, 0x74, 0x68, 0x3a, 0x20, 0x31, 0x30
  .byte 0x30, 0x25, 0x3b, 0x0a, 0x20, 0x20, 0x62, 0x6f, 0x78, 0x2d, 0x73, 0x69, 0x7a, 0x69, 0x6e, 0x67
  .byte 0x3a, 0x20, 0x62, 0x6f, 0x72, 0x64, 0x65, 0x72, 0x2d, 0x62, 0x6f, 0x78, 0x3b, 0x0a, 0x20, 0x20
  .byte 0x70, 0x61, 0x64, 0x64, 0x69, 0x6e, 0x67, 0x3a, 0x20, 0x63, 0x73, 0x73, 0x55, 0x74, 0x69, 0x6c
  .byte 0x73, 0x2e, 0x24, 0x73, 0x70, 0x61, 0x63, 0x65, 0x2d, 0x6c, 0x3b, 0x0a, 0x20, 0x20, 0x62, 0x61
  .byte 0x63, 0x6b, 0x67, 0x72, 0x6f, 0x75, 0x6e, 0x64, 0x2d, 0x63, 0x6f, 0x6c, 0x6f, 0x72, 0x3a, 0x20
  .byte 0x63, 0x73, 0x73, 0x55, 0x74, 0x69, 0x6c, 0x73, 0x2e, 0x24, 0x66, 0x6f, 0x72, 0x65, 0x67, 0x72
  .byte 0x6f, 0x75, 0x6e, 0x64, 0x3b, 0x0a, 0x20, 0x20, 0x63, 0x6f, 0x6c, 0x6f, 0x72, 0x3a, 0x20, 0x63
  .byte 0x73, 0x73, 0x55, 0x74, 0x69, 0x6c, 0x73, 0x2e, 0x24, 0x74, 0x65, 0x78, 0x74, 0x2d, 0x6e, 0x65
  .byte 0x75, 0x74, 0x72, 0x61, 0x6c, 0x2d, 0x70, 0x72, 0x69, 0x6d, 0x61, 0x72, 0x79, 0x3b, 0x0a, 0x7d
  .byte 0x0a, 0x0a, 0x2e, 0x6f, 0x70, 0x65, 0x6e, 0x75, 0x69, 0x2d, 0x64, 0x61, 0x74, 0x65, 0x2d, 0x70
  .byte 0x69, 0x63, 0x6b, 0x65, 0x72, 0x2d, 0x6e, 0x61, 0x76, 0x20, 0x7b, 0x0a, 0x20, 0x20, 0x26, 0x2d
  .byte 0x6d, 0x6f, 0x62, 0x69, 0x6c, 0x65, 0x20, 0x7b, 0x0a, 0x20, 0x20, 0x20, 0x20, 0x67, 0x61, 0x70
  .byte 0x3a, 0x20, 0x63, 0x73, 0x73, 0x55, 0x74, 0x69, 0x6c, 0x73, 0x2e, 0x24, 0x73, 0x70, 0x61, 0x63
  .byte 0x65, 0x2d, 0x73, 0x3b, 0x0a, 0x20, 0x20, 0x7d, 0x0a, 0x0a, 0x20, 0x20, 0x26, 0x2d, 0x66, 0x75
  .byte 0x6c, 0x6c, 0x73, 0x63, 0x72, 0x65, 0x65, 0x6e, 0x2c, 0x0a, 0x20, 0x20, 0x26, 0x2d, 0x74, 0x72
  .byte 0x61, 0x79, 0x2c, 0x0a, 0x20, 0x20, 0x26, 0x2d, 0x63, 0x6f, 0x70, 0x69, 0x6c, 0x6f, 0x74, 0x20
  .byte 0x7b, 0x0a, 0x20, 0x20, 0x20, 0x20, 0x67, 0x61, 0x70, 0x3a, 0x20, 0x63, 0x73, 0x73, 0x55, 0x74
  .byte 0x69, 0x6c, 0x73, 0x2e, 0x24, 0x73, 0x70, 0x61, 0x63, 0x65, 0x2d, 0x6d, 0x3b, 0x0a, 0x20, 0x20
  .byte 0x7d, 0x0a, 0x7d, 0x0a, 0x0a, 0x2e, 0x6f, 0x70, 0x65, 0x6e, 0x75, 0x69, 0x2d, 0x64, 0x61, 0x74
  .byte 0x65, 0x2d, 0x70, 0x69, 0x63, 0x6b, 0x65, 0x72, 0x2d, 0x64, 0x72, 0x6f, 0x70, 0x64, 0x6f, 0x77
  .byte 0x6e, 0x73, 0x20, 0x7b, 0x0a, 0x20, 0x20, 0x26, 0x2d, 0x6d, 0x6f, 0x62, 0x69, 0x6c, 0x65, 0x20
  .byte 0x7b, 0x0a, 0x20, 0x20, 0x20, 0x20, 0x67, 0x61, 0x70, 0x3a, 0x20, 0x63, 0x73, 0x73, 0x55, 0x74
  .byte 0x69, 0x6c, 0x73, 0x2e, 0x24, 0x73, 0x70, 0x61, 0x63, 0x65, 0x2d, 0x32, 0x78, 0x73, 0x3b, 0x0a
  .byte 0x20, 0x20, 0x7d, 0x0a, 0x0a, 0x20, 0x20, 0x26, 0x2d, 0x66, 0x75, 0x6c, 0x6c, 0x73, 0x63, 0x72
  .byte 0x65, 0x65, 0x6e, 0x2c, 0x0a, 0x20, 0x20, 0x26, 0x2d, 0x74, 0x72, 0x61, 0x79, 0x2c, 0x0a, 0x20
  .byte 0x20, 0x26, 0x2d, 0x63, 0x6f, 0x70, 0x69, 0x6c, 0x6f, 0x74, 0x20, 0x7b, 0x0a, 0x20, 0x20, 0x20
  .byte 0x20, 0x67, 0x61, 0x70, 0x3a, 0x20, 0x63, 0x73, 0x73, 0x55, 0x74, 0x69, 0x6c, 0x73, 0x2e, 0x24
  .byte 0x73, 0x70, 0x61, 0x63, 0x65, 0x2d, 0x73, 0x3b, 0x0a, 0x20, 0x20, 0x7d, 0x0a, 0x7d, 0x0a, 0x0a
  .byte 0x2e, 0x6f, 0x70, 0x65, 0x6e, 0x75, 0x69, 0x2d, 0x64, 0x61, 0x74, 0x65, 0x2d, 0x70, 0x69, 0x63
  .byte 0x6b, 0x65, 0x72, 0x2d, 0x6d, 0x6f, 0x6e, 0x74, 0x68, 0x20, 0x7b, 0x0a, 0x20, 0x20, 0x63, 0x6f
  .byte 0x6c, 0x6f, 0x72, 0x3a, 0x20, 0x63, 0x73, 0x73, 0x55, 0x74, 0x69, 0x6c, 0x73, 0x2e, 0x24, 0x74
  .byte 0x65, 0x78, 0x74, 0x2d, 0x6e, 0x65, 0x75, 0x74, 0x72, 0x61, 0x6c, 0x2d, 0x70, 0x72, 0x69, 0x6d
  .byte 0x61, 0x72, 0x79, 0x3b, 0x0a, 0x7d, 0x0a, 0x0a, 0x2e, 0x6f, 0x70, 0x65, 0x6e, 0x75, 0x69, 0x2d
  .byte 0x64, 0x61, 0x74, 0x65, 0x2d, 0x70, 0x69, 0x63, 0x6b, 0x65, 0x72, 0x2d, 0x6d, 0x6f, 0x6e, 0x74
  .byte 0x68, 0x2d, 0x63, 0x61, 0x70, 0x74, 0x69, 0x6f, 0x6e, 0x20, 0x7b, 0x0a, 0x20, 0x20, 0x40, 0x69
  .byte 0x6e, 0x63, 0x6c, 0x75, 0x64, 0x65, 0x20, 0x63, 0x73, 0x73, 0x55, 0x74, 0x69, 0x6c, 0x73, 0x2e
  .byte 0x74, 0x79, 0x70, 0x6f, 0x67, 0x72, 0x61, 0x70, 0x68, 0x79, 0x28, 0x62, 0x6f, 0x64, 0x79, 0x2c
  .byte 0x20, 0x64, 0x65, 0x66, 0x61, 0x75, 0x6c, 0x74, 0x29, 0x3b, 0x0a, 0x20, 0x20, 0x64, 0x69, 0x73
  .byte 0x70, 0x6c, 0x61, 0x79, 0x3a, 0x20, 0x66, 0x6c, 0x65, 0x78, 0x3b, 0x0a, 0x20, 0x20, 0x61, 0x6c
  .byte 0x69, 0x67, 0x6e, 0x2d, 0x69, 0x74, 0x65, 0x6d, 0x73, 0x3a, 0x20, 0x63, 0x65, 0x6e, 0x74, 0x65
  .byte 0x72, 0x3b, 0x0a, 0x20, 0x20, 0x6a, 0x75, 0x73, 0x74, 0x69, 0x66, 0x79, 0x2d, 0x63, 0x6f, 0x6e
  .byte 0x74, 0x65, 0x6e, 0x74, 0x3a, 0x20, 0x73, 0x70, 0x61, 0x63, 0x65, 0x2d, 0x62, 0x65, 0x74, 0x77
  .byte 0x65, 0x65, 0x6e, 0x3b, 0x0a, 0x20, 0x20, 0x67, 0x61, 0x70, 0x3a, 0x20, 0x63, 0x73, 0x73, 0x55
  .byte 0x74, 0x69, 0x6c, 0x73, 0x2e, 0x24, 0x73, 0x70, 0x61, 0x63, 0x65, 0x2d, 0x73, 0x3b, 0x0a, 0x20
  .byte 0x20, 0x68, 0x65, 0x69, 0x67, 0x68, 0x74, 0x3a, 0x20, 0x61, 0x75, 0x74, 0x6f, 0x3b, 0x0a, 0x20
  .byte 0x20, 0x6d, 0x61, 0x72, 0x67, 0x69, 0x6e, 0x2d, 0x62, 0x6f, 0x74, 0x74, 0x6f, 0x6d, 0x3a, 0x20
  .byte 0x63, 0x73, 0x73, 0x55, 0x74, 0x69, 0x6c, 0x73, 0x2e, 0x24, 0x73, 0x70, 0x61, 0x63, 0x65, 0x2d
  .byte 0x73, 0x3b, 0x0a, 0x20, 0x20, 0x66, 0x6f, 0x6e, 0x74, 0x2d, 0x77, 0x65, 0x69, 0x67, 0x68, 0x74
  .byte 0x3a, 0x20, 0x69, 0x6e, 0x68, 0x65, 0x72, 0x69, 0x74, 0x3b, 0x0a, 0x20, 0x20, 0x66, 0x6f, 0x6e
  .byte 0x74, 0x2d, 0x73, 0x69, 0x7a, 0x65, 0x3a, 0x20, 0x69, 0x6e, 0x68, 0x65, 0x72, 0x69, 0x74, 0x3b
  .byte 0x0a, 0x7d, 0x0a, 0x0a, 0x2e, 0x6f, 0x70, 0x65, 0x6e, 0x75, 0x69, 0x2d, 0x64, 0x61, 0x74, 0x65
  .byte 0x2d, 0x70, 0x69, 0x63, 0x6b, 0x65, 0x72, 0x2d, 0x6d, 0x6f, 0x6e, 0x74, 0x68, 0x73, 0x2d, 0x64
  .byte 0x72, 0x6f, 0x70, 0x64, 0x6f, 0x77, 0x6e, 0x2c, 0x0a, 0x2e, 0x6f, 0x70, 0x65, 0x6e, 0x75, 0x69
  .byte 0x2d, 0x64, 0x61, 0x74, 0x65, 0x2d, 0x70, 0x69, 0x63, 0x6b, 0x65, 0x72, 0x2d, 0x79, 0x65, 0x61
  .byte 0x72, 0x73, 0x2d, 0x64, 0x72, 0x6f, 0x70, 0x64, 0x6f, 0x77, 0x6e, 0x20, 0x7b, 0x0a, 0x20, 0x20
  .byte 0x63, 0x75, 0x72, 0x73, 0x6f, 0x72, 0x3a, 0x20, 0x70, 0x6f, 0x69, 0x6e, 0x74, 0x65, 0x72, 0x3b
  .byte 0x0a, 0x7d, 0x0a, 0x0a, 0x2e, 0x6f, 0x70, 0x65, 0x6e, 0x75, 0x69, 0x2d, 0x64, 0x61, 0x74, 0x65
  .byte 0x2d, 0x70, 0x69, 0x63, 0x6b, 0x65, 0x72, 0x2d, 0x63, 0x68, 0x65, 0x76, 0x72, 0x6f, 0x6e, 0x20
  .byte 0x7b, 0x0a, 0x20, 0x20, 0x66, 0x69, 0x6c, 0x6c, 0x3a, 0x20, 0x63, 0x73, 0x73, 0x55, 0x74, 0x69
  .byte 0x6c, 0x73, 0x2e, 0x24, 0x69, 0x6e, 0x74, 0x65, 0x72, 0x61, 0x63, 0x74, 0x69, 0x76, 0x65, 0x2d
  .byte 0x61, 0x63, 0x63, 0x65, 0x6e, 0x74, 0x2d, 0x64, 0x65, 0x66, 0x61, 0x75, 0x6c, 0x74, 0x3b, 0x0a
  .byte 0x7d, 0x0a, 0x0a, 0x2e, 0x6f, 0x70, 0x65, 0x6e, 0x75, 0x69, 0x2d, 0x64, 0x61, 0x74, 0x65, 0x2d
  .byte 0x70, 0x69, 0x63, 0x6b, 0x65, 0x72, 0x2d, 0x6d, 0x6f, 0x6e, 0x74, 0x68, 0x2d, 0x67, 0x72, 0x69
  .byte 0x64, 0x20, 0x7b, 0x0a, 0x20, 0x20, 0x77, 0x69, 0x64, 0x74, 0x68, 0x3a, 0x20, 0x61, 0x75, 0x74
  .byte 0x6f, 0x3b, 0x0a, 0x20, 0x20, 0x74, 0x61, 0x62, 0x6c, 0x65, 0x2d, 0x6c, 0x61, 0x79, 0x6f, 0x75
  .byte 0x74, 0x3a, 0x20, 0x61, 0x75, 0x74, 0x6f, 0x3b, 0x0a, 0x20, 0x20, 0x62, 0x6f, 0x72, 0x64, 0x65
  .byte 0x72, 0x2d, 0x63, 0x6f, 0x6c, 0x6c, 0x61, 0x70, 0x73, 0x65, 0x3a, 0x20, 0x63, 0x6f, 0x6c, 0x6c
  .byte 0x61, 0x70, 0x73, 0x65, 0x3b, 0x0a, 0x7d, 0x0a, 0x0a, 0x2e, 0x6f, 0x70, 0x65, 0x6e, 0x75, 0x69
  .byte 0x2d, 0x64, 0x61, 0x74, 0x65, 0x2d, 0x70, 0x69, 0x63, 0x6b, 0x65, 0x72, 0x2d, 0x77, 0x65, 0x65
  .byte 0x6b, 0x64, 0x61, 0x79, 0x73, 0x20, 0x7b, 0x0a, 0x20, 0x20, 0x63, 0x6f, 0x6c, 0x6f, 0x72, 0x3a
  .byte 0x20, 0x63, 0x73, 0x73, 0x55, 0x74, 0x69, 0x6c, 0x73, 0x2e, 0x24, 0x74, 0x65, 0x78, 0x74, 0x2d
  .byte 0x6e, 0x65, 0x75, 0x74, 0x72, 0x61, 0x6c, 0x2d, 0x70, 0x72, 0x69, 0x6d, 0x61, 0x72, 0x79, 0x3b
  .byte 0x0a, 0x7d, 0x0a, 0x0a, 0x2e, 0x6f, 0x70, 0x65, 0x6e, 0x75, 0x69, 0x2d, 0x64, 0x61, 0x74, 0x65
  .byte 0x2d, 0x70, 0x69, 0x63, 0x6b, 0x65, 0x72, 0x2d, 0x77, 0x65, 0x65, 0x6b, 0x64, 0x61, 0x79, 0x20
  .byte 0x7b, 0x0a, 0x20, 0x20, 0x40, 0x69, 0x6e, 0x63, 0x6c, 0x75, 0x64, 0x65, 0x20, 0x63, 0x73, 0x73
  .byte 0x55, 0x74, 0x69, 0x6c, 0x73, 0x2e, 0x74, 0x79, 0x70, 0x6f, 0x67, 0x72, 0x61, 0x70, 0x68, 0x79
  .byte 0x28, 0x6c, 0x61, 0x62, 0x65, 0x6c, 0x2c, 0x20, 0x73, 0x6d, 0x61, 0x6c, 0x6c, 0x29, 0x3b, 0x0a
  .byte 0x20, 0x20, 0x63, 0x6f, 0x6c, 0x6f, 0x72, 0x3a, 0x20, 0x63, 0x73, 0x73, 0x55, 0x74, 0x69, 0x6c
  .byte 0x73, 0x2e, 0x24, 0x74, 0x65, 0x78, 0x74, 0x2d, 0x6e, 0x65, 0x75, 0x74, 0x72, 0x61, 0x6c, 0x2d
  .byte 0x73, 0x65, 0x63, 0x6f, 0x6e, 0x64, 0x61, 0x72, 0x79, 0x3b, 0x0a, 0x20, 0x20, 0x77, 0x69, 0x64
  .byte 0x74, 0x68, 0x3a, 0x20, 0x76, 0x61, 0x72, 0x28, 0x2d, 0x2d, 0x6f, 0x70, 0x65, 0x6e, 0x75, 0x69
  .byte 0x2d, 0x64, 0x61, 0x74, 0x65, 0x2d, 0x70, 0x69, 0x63, 0x6b, 0x65, 0x72, 0x2d, 0x64, 0x61, 0x79
  .byte 0x2d, 0x73, 0x69, 0x7a, 0x65, 0x29, 0x3b, 0x0a, 0x20, 0x20, 0x68, 0x65, 0x69, 0x67, 0x68, 0x74
  .byte 0x3a, 0x20, 0x76, 0x61, 0x72, 0x28, 0x2d, 0x2d, 0x6f, 0x70, 0x65, 0x6e, 0x75, 0x69, 0x2d, 0x64
  .byte 0x61, 0x74, 0x65, 0x2d, 0x70, 0x69, 0x63, 0x6b, 0x65, 0x72, 0x2d, 0x64, 0x61, 0x79, 0x2d, 0x73
  .byte 0x69, 0x7a, 0x65, 0x29, 0x3b, 0x0a, 0x20, 0x20, 0x70, 0x61, 0x64, 0x64, 0x69, 0x6e, 0x67, 0x3a
  .byte 0x20, 0x30, 0x3b, 0x0a, 0x20, 0x20, 0x74, 0x65, 0x78, 0x74, 0x2d, 0x74, 0x72, 0x61, 0x6e, 0x73
  .byte 0x66, 0x6f, 0x72, 0x6d, 0x3a, 0x20, 0x6e, 0x6f, 0x6e, 0x65, 0x3b, 0x0a, 0x20, 0x20, 0x74, 0x65
  .byte 0x78, 0x74, 0x2d, 0x61, 0x6c, 0x69, 0x67, 0x6e, 0x3a, 0x20, 0x63, 0x65, 0x6e, 0x74, 0x65, 0x72
  .byte 0x3b, 0x0a, 0x20, 0x20, 0x76, 0x65, 0x72, 0x74, 0x69, 0x63, 0x61, 0x6c, 0x2d, 0x61, 0x6c, 0x69
  .byte 0x67, 0x6e, 0x3a, 0x20, 0x6d, 0x69, 0x64, 0x64, 0x6c, 0x65, 0x3b, 0x0a, 0x7d, 0x0a, 0x0a, 0x2e
  .byte 0x6f, 0x70, 0x65, 0x6e, 0x75, 0x69, 0x2d, 0x64, 0x61, 0x74, 0x65, 0x2d, 0x70, 0x69, 0x63, 0x6b
  .byte 0x65, 0x72, 0x2d, 0x73, 0x69, 0x6e, 0x67, 0x6c, 0x65, 0x2d, 0x64, 0x61, 0x79, 0x2c, 0x0a, 0x2e
  .byte 0x6f, 0x70, 0x65, 0x6e, 0x75, 0x69, 0x2d, 0x64, 0x61, 0x74, 0x65, 0x2d, 0x70, 0x69, 0x63, 0x6b
  .byte 0x65, 0x72, 0x2d, 0x72, 0x61, 0x6e, 0x67, 0x65, 0x2d, 0x64, 0x61, 0x79, 0x20, 0x7b, 0x0a, 0x20
  .byte 0x20, 0x77, 0x69, 0x64, 0x74, 0x68, 0x3a, 0x20, 0x76, 0x61, 0x72, 0x28, 0x2d, 0x2d, 0x6f, 0x70
  .byte 0x65, 0x6e, 0x75, 0x69, 0x2d, 0x64, 0x61, 0x74, 0x65, 0x2d, 0x70, 0x69, 0x63, 0x6b, 0x65, 0x72
  .byte 0x2d, 0x64, 0x61, 0x79, 0x2d, 0x73, 0x69, 0x7a, 0x65, 0x29, 0x3b, 0x0a, 0x20, 0x20, 0x68, 0x65
  .byte 0x69, 0x67, 0x68, 0x74, 0x3a, 0x20, 0x76, 0x61, 0x72, 0x28, 0x2d, 0x2d, 0x6f, 0x70, 0x65, 0x6e
  .byte 0x75, 0x69, 0x2d, 0x64, 0x61, 0x74, 0x65, 0x2d, 0x70, 0x69, 0x63, 0x6b, 0x65, 0x72, 0x2d, 0x64
  .byte 0x61, 0x79, 0x2d, 0x73, 0x69, 0x7a, 0x65, 0x29, 0x3b, 0x0a, 0x20, 0x20, 0x6d, 0x69, 0x6e, 0x2d
  .byte 0x77, 0x69, 0x64, 0x74, 0x68, 0x3a, 0x20, 0x76, 0x61, 0x72, 0x28, 0x2d, 0x2d, 0x6f, 0x70, 0x65
  .byte 0x6e, 0x75, 0x69, 0x2d, 0x64, 0x61, 0x74, 0x65, 0x2d, 0x70, 0x69, 0x63, 0x6b, 0x65, 0x72, 0x2d
  .byte 0x64, 0x61, 0x79, 0x2d, 0x73, 0x69, 0x7a, 0x65, 0x29, 0x3b, 0x0a, 0x20, 0x20, 0x6d, 0x69, 0x6e
  .byte 0x2d, 0x68, 0x65, 0x69, 0x67, 0x68, 0x74, 0x3a, 0x20, 0x76, 0x61, 0x72, 0x28, 0x2d, 0x2d, 0x6f
  .byte 0x70, 0x65, 0x6e, 0x75, 0x69, 0x2d, 0x64, 0x61, 0x74, 0x65, 0x2d, 0x70, 0x69, 0x63, 0x6b, 0x65
  .byte 0x72, 0x2d, 0x64, 0x61, 0x79, 0x2d, 0x73, 0x69, 0x7a, 0x65, 0x29, 0x3b, 0x0a, 0x20, 0x20, 0x70
  .byte 0x61, 0x64, 0x64, 0x69, 0x6e, 0x67, 0x3a, 0x20, 0x30, 0x3b, 0x0a, 0x20, 0x20, 0x76, 0x65, 0x72
  .byte 0x74, 0x69, 0x63, 0x61, 0x6c, 0x2d, 0x61, 0x6c, 0x69, 0x67, 0x6e, 0x3a, 0x20, 0x6d, 0x69, 0x64
  .byte 0x64, 0x6c, 0x65, 0x3b, 0x0a, 0x7d, 0x0a, 0x0a, 0x2e, 0x6f, 0x70, 0x65, 0x6e, 0x75, 0x69, 0x2d
  .byte 0x64, 0x61, 0x74, 0x65, 0x2d, 0x70, 0x69, 0x63, 0x6b, 0x65, 0x72, 0x2d, 0x73, 0x69, 0x6e, 0x67
  .byte 0x6c, 0x65, 0x2d, 0x64, 0x61, 0x79, 0x2d, 0x62, 0x75, 0x74, 0x74, 0x6f, 0x6e, 0x2c, 0x0a, 0x2e
  .byte 0x6f, 0x70, 0x65, 0x6e, 0x75, 0x69, 0x2d, 0x64, 0x61, 0x74, 0x65, 0x2d, 0x70, 0x69, 0x63, 0x6b
  .byte 0x65, 0x72, 0x2d, 0x72, 0x61, 0x6e, 0x67, 0x65, 0x2d, 0x64, 0x61, 0x79, 0x2d, 0x62, 0x75, 0x74
  .byte 0x74, 0x6f, 0x6e, 0x20, 0x7b, 0x0a, 0x20, 0x20, 0x40, 0x69, 0x6e, 0x63, 0x6c, 0x75, 0x64, 0x65
  .byte 0x20, 0x63, 0x73, 0x73, 0x55, 0x74, 0x69, 0x6c, 0x73, 0x2e, 0x74, 0x79, 0x70, 0x6f, 0x67, 0x72
  .byte 0x61, 0x70, 0x68, 0x79, 0x28, 0x6c, 0x61, 0x62, 0x65, 0x6c, 0x2c, 0x20, 0x64, 0x65, 0x66, 0x61
  .byte 0x75, 0x6c, 0x74, 0x29, 0x3b, 0x0a, 0x20, 0x20, 0x77, 0x69, 0x64, 0x74, 0x68, 0x3a, 0x20, 0x31
  .byte 0x30, 0x30, 0x25, 0x3b, 0x0a, 0x20, 0x20, 0x68, 0x65, 0x69, 0x67, 0x68, 0x74, 0x3a, 0x20, 0x31
  .byte 0x30, 0x30, 0x25, 0x3b, 0x0a, 0x20, 0x20, 0x6d, 0x61, 0x72, 0x67, 0x69, 0x6e, 0x3a, 0x20, 0x30
  .byte 0x3b, 0x0a, 0x20, 0x20, 0x70, 0x61, 0x64, 0x64, 0x69, 0x6e, 0x67, 0x3a, 0x20, 0x30, 0x3b, 0x0a
  .byte 0x20, 0x20, 0x62, 0x6f, 0x72, 0x64, 0x65, 0x72, 0x3a, 0x20, 0x31, 0x70, 0x78, 0x20, 0x73, 0x6f
  .byte 0x6c, 0x69, 0x64, 0x20, 0x74, 0x72, 0x61, 0x6e, 0x73, 0x70, 0x61, 0x72, 0x65, 0x6e, 0x74, 0x3b
  .byte 0x0a, 0x20, 0x20, 0x62, 0x6f, 0x72, 0x64, 0x65, 0x72, 0x2d, 0x72, 0x61, 0x64, 0x69, 0x75, 0x73
  .byte 0x3a, 0x20, 0x76, 0x61, 0x72, 0x28, 0x2d, 0x2d, 0x6f, 0x70, 0x65, 0x6e, 0x75, 0x69, 0x2d, 0x64
  .byte 0x61, 0x74, 0x65, 0x2d, 0x70, 0x69, 0x63, 0x6b, 0x65, 0x72, 0x2d, 0x63, 0x65, 0x6c, 0x6c, 0x2d
  .byte 0x72, 0x61, 0x64, 0x69, 0x75, 0x73, 0x29, 0x3b, 0x0a, 0x20, 0x20, 0x62, 0x61, 0x63, 0x6b, 0x67
  .byte 0x72, 0x6f, 0x75, 0x6e, 0x64, 0x3a, 0x20, 0x74, 0x72, 0x61, 0x6e, 0x73, 0x70, 0x61, 0x72, 0x65
  .byte 0x6e, 0x74, 0x3b, 0x0a, 0x20, 0x20, 0x63, 0x6f, 0x6c, 0x6f, 0x72, 0x3a, 0x20, 0x69, 0x6e, 0x68
  .byte 0x65, 0x72, 0x69, 0x74, 0x3b, 0x0a, 0x20, 0x20, 0x63, 0x75, 0x72, 0x73, 0x6f, 0x72, 0x3a, 0x20
  .byte 0x70, 0x6f, 0x69, 0x6e, 0x74, 0x65, 0x72, 0x3b, 0x0a, 0x20, 0x20, 0x64, 0x69, 0x73, 0x70, 0x6c
  .byte 0x61, 0x79, 0x3a, 0x20, 0x66, 0x6c, 0x65, 0x78, 0x3b, 0x0a, 0x20, 0x20, 0x61, 0x6c, 0x69, 0x67
  .byte 0x6e, 0x2d, 0x69, 0x74, 0x65, 0x6d, 0x73, 0x3a, 0x20, 0x63, 0x65, 0x6e, 0x74, 0x65, 0x72, 0x3b
  .byte 0x0a, 0x20, 0x20, 0x6a, 0x75, 0x73, 0x74, 0x69, 0x66, 0x79, 0x2d, 0x63, 0x6f, 0x6e, 0x74, 0x65
  .byte 0x6e, 0x74, 0x3a, 0x20, 0x63, 0x65, 0x6e, 0x74, 0x65, 0x72, 0x3b, 0x0a, 0x20, 0x20, 0x74, 0x72
  .byte 0x61, 0x6e, 0x73, 0x69, 0x74, 0x69, 0x6f, 0x6e, 0x3a, 0x0a, 0x20, 0x20, 0x20, 0x20, 0x62, 0x61
  .byte 0x63, 0x6b, 0x67, 0x72, 0x6f, 0x75, 0x6e, 0x64, 0x2d, 0x63, 0x6f, 0x6c, 0x6f, 0x72, 0x20, 0x30
  .byte 0x2e, 0x31, 0x32, 0x73, 0x20, 0x65, 0x61, 0x73, 0x65, 0x2c, 0x0a, 0x20, 0x20, 0x20, 0x20, 0x62
  .byte 0x6f, 0x72, 0x64, 0x65, 0x72, 0x2d, 0x63, 0x6f, 0x6c, 0x6f, 0x72, 0x20, 0x30, 0x2e, 0x31, 0x32
  .byte 0x73, 0x20, 0x65, 0x61, 0x73, 0x65, 0x2c, 0x0a, 0x20, 0x20, 0x20, 0x20, 0x63, 0x6f, 0x6c, 0x6f
  .byte 0x72, 0x20, 0x30, 0x2e, 0x31, 0x32, 0x73, 0x20, 0x65, 0x61, 0x73, 0x65, 0x3b, 0x0a, 0x0a, 0x20
  .byte 0x20, 0x26, 0x3a, 0x66, 0x6f, 0x63, 0x75, 0x73, 0x20, 0x7b, 0x0a, 0x20, 0x20, 0x20, 0x20, 0x6f
  .byte 0x75, 0x74, 0x6c, 0x69, 0x6e, 0x65, 0x3a, 0x20, 0x6e, 0x6f, 0x6e, 0x65, 0x3b, 0x0a, 0x20, 0x20
  .byte 0x7d, 0x0a, 0x0a, 0x20, 0x20, 0x26, 0x3a, 0x66, 0x6f, 0x63, 0x75, 0x73, 0x2d, 0x76, 0x69, 0x73
  .byte 0x69, 0x62, 0x6c, 0x65, 0x20, 0x7b, 0x0a, 0x20, 0x20, 0x20, 0x20, 0x6f, 0x75, 0x74, 0x6c, 0x69
  .byte 0x6e, 0x65, 0x3a, 0x20, 0x32, 0x70, 0x78, 0x20, 0x73, 0x6f, 0x6c, 0x69, 0x64, 0x20, 0x63, 0x73
  .byte 0x73, 0x55, 0x74, 0x69, 0x6c, 0x73, 0x2e, 0x24, 0x62, 0x6f, 0x72, 0x64, 0x65, 0x72, 0x2d, 0x61
  .byte 0x63, 0x63, 0x65, 0x6e, 0x74, 0x3b, 0x0a, 0x20, 0x20, 0x20, 0x20, 0x6f, 0x75, 0x74, 0x6c, 0x69
  .byte 0x6e, 0x65, 0x2d, 0x6f, 0x66, 0x66, 0x73, 0x65, 0x74, 0x3a, 0x20, 0x63, 0x73, 0x73, 0x55, 0x74
  .byte 0x69, 0x6c, 0x73, 0x2e, 0x24, 0x73, 0x70, 0x61, 0x63, 0x65, 0x2d, 0x33, 0x78, 0x73, 0x3b, 0x0a
  .byte 0x20, 0x20, 0x7d, 0x0a, 0x0a, 0x20, 0x20, 0x26, 0x3a, 0x6e, 0x6f, 0x74, 0x28, 0x3a, 0x64, 0x69
  .byte 0x73, 0x61, 0x62, 0x6c, 0x65, 0x64, 0x29, 0x3a, 0x68, 0x6f, 0x76, 0x65, 0x72, 0x20, 0x7b, 0x0a
  .byte 0x20, 0x20, 0x20, 0x20, 0x62, 0x61, 0x63, 0x6b, 0x67, 0x72, 0x6f, 0x75, 0x6e, 0x64, 0x2d, 0x63
  .byte 0x6f, 0x6c, 0x6f, 0x72, 0x3a, 0x20, 0x63, 0x73, 0x73, 0x55, 0x74, 0x69, 0x6c, 0x73, 0x2e, 0x24
  .byte 0x68, 0x69, 0x67, 0x68, 0x6c, 0x69, 0x67, 0x68, 0x74, 0x2d, 0x73, 0x75, 0x62, 0x74, 0x6c, 0x65
  .byte 0x3b, 0x0a, 0x20, 0x20, 0x7d, 0x0a, 0x0a, 0x20, 0x20, 0x26, 0x3a, 0x64, 0x69, 0x73, 0x61, 0x62
  .byte 0x6c, 0x65, 0x64, 0x20, 0x7b, 0x0a, 0x20, 0x20, 0x20, 0x20, 0x63, 0x75, 0x72, 0x73, 0x6f, 0x72
  .byte 0x3a, 0x20, 0x6e, 0x6f, 0x74, 0x2d, 0x61, 0x6c, 0x6c, 0x6f, 0x77, 0x65, 0x64, 0x3b, 0x0a, 0x20
  .byte 0x20, 0x20, 0x20, 0x63, 0x6f, 0x6c, 0x6f, 0x72, 0x3a, 0x20, 0x63, 0x73, 0x73, 0x55, 0x74, 0x69
  .byte 0x6c, 0x73, 0x2e, 0x24, 0x74, 0x65, 0x78, 0x74, 0x2d, 0x6e, 0x65, 0x75, 0x74, 0x72, 0x61, 0x6c
  .byte 0x2d, 0x74, 0x65, 0x72, 0x74, 0x69, 0x61, 0x72, 0x79, 0x3b, 0x0a, 0x20, 0x20, 0x7d, 0x0a, 0x7d
  .byte 0x0a, 0x0a, 0x2e, 0x6f, 0x70, 0x65, 0x6e, 0x75, 0x69, 0x2d, 0x64, 0x61, 0x74, 0x65, 0x2d, 0x70
  .byte 0x69, 0x63, 0x6b, 0x65, 0x72, 0x2d, 0x62, 0x75, 0x74, 0x74, 0x6f, 0x6e, 0x2d, 0x6e, 0x65, 0x78
  .byte 0x74, 0x2c, 0x0a, 0x2e, 0x6f, 0x70, 0x65, 0x6e, 0x75, 0x69, 0x2d, 0x64, 0x61, 0x74, 0x65, 0x2d
  .byte 0x70, 0x69, 0x63, 0x6b, 0x65, 0x72, 0x2d, 0x62, 0x75, 0x74, 0x74, 0x6f, 0x6e, 0x2d, 0x70, 0x72
  .byte 0x65, 0x76, 0x69, 0x6f, 0x75, 0x73, 0x20, 0x7b, 0x0a, 0x20, 0x20, 0x64, 0x69, 0x73, 0x70, 0x6c
  .byte 0x61, 0x79, 0x3a, 0x20, 0x6e, 0x6f, 0x6e, 0x65, 0x20, 0x21, 0x69, 0x6d, 0x70, 0x6f, 0x72, 0x74
  .byte 0x61, 0x6e, 0x74, 0x3b, 0x0a, 0x7d, 0x0a, 0x0a, 0x2e, 0x6f, 0x70, 0x65, 0x6e, 0x75, 0x69, 0x2d
  .byte 0x64, 0x61, 0x74, 0x65, 0x2d, 0x70, 0x69, 0x63, 0x6b, 0x65, 0x72, 0x2d, 0x74, 0x6f, 0x64, 0x61
  .byte 0x79, 0x20, 0x7b, 0x0a, 0x20, 0x20, 0x26, 0x5b, 0x64, 0x61, 0x74, 0x61, 0x2d, 0x74, 0x6f, 0x64
  .byte 0x61, 0x79, 0x5d, 0x3a, 0x6e, 0x6f, 0x74, 0x28, 0x5b, 0x61, 0x72, 0x69, 0x61, 0x2d, 0x73, 0x65
  .byte 0x6c, 0x65, 0x63, 0x74, 0x65, 0x64, 0x5d, 0x29, 0x20, 0x7b, 0x0a, 0x20, 0x20, 0x20, 0x20, 0x62
  .byte 0x61, 0x63, 0x6b, 0x67, 0x72, 0x6f, 0x75, 0x6e, 0x64, 0x2d, 0x63, 0x6f, 0x6c, 0x6f, 0x72, 0x3a
  .byte 0x20, 0x63, 0x73, 0x73, 0x55, 0x74, 0x69, 0x6c, 0x73, 0x2e, 0x24, 0x73, 0x75, 0x6e, 0x6b, 0x3b
  .byte 0x0a, 0x20, 0x20, 0x20, 0x20, 0x62, 0x6f, 0x72, 0x64, 0x65, 0x72, 0x2d, 0x72, 0x61, 0x64, 0x69
  .byte 0x75, 0x73, 0x3a, 0x20, 0x76, 0x61, 0x72, 0x28, 0x2d, 0x2d, 0x6f, 0x70, 0x65, 0x6e, 0x75, 0x69
  .byte 0x2d, 0x64, 0x61, 0x74, 0x65, 0x2d, 0x70, 0x69, 0x63, 0x6b, 0x65, 0x72, 0x2d, 0x63, 0x65, 0x6c
  .byte 0x6c, 0x2d, 0x72, 0x61, 0x64, 0x69, 0x75, 0x73, 0x29, 0x3b, 0x0a, 0x20, 0x20, 0x7d, 0x0a, 0x7d
  .byte 0x0a, 0x0a, 0x2e, 0x6f, 0x70, 0x65, 0x6e, 0x75, 0x69, 0x2d, 0x64, 0x61, 0x74, 0x65, 0x2d, 0x70
  .byte 0x69, 0x63, 0x6b, 0x65, 0x72, 0x2d, 0x64, 0x69, 0x73, 0x61, 0x62, 0x6c, 0x65, 0x64, 0x20, 0x7b
  .byte 0x0a, 0x20, 0x20, 0x63, 0x6f, 0x6c, 0x6f, 0x72, 0x3a, 0x20, 0x63, 0x73, 0x73, 0x55, 0x74, 0x69
  .byte 0x6c, 0x73, 0x2e, 0x24, 0x74, 0x65, 0x78, 0x74, 0x2d, 0x6e, 0x65, 0x75, 0x74, 0x72, 0x61, 0x6c
  .byte 0x2d, 0x74, 0x65, 0x72, 0x74, 0x69, 0x61, 0x72, 0x79, 0x3b, 0x0a, 0x7d, 0x0a, 0x0a, 0x2e, 0x6f
  .byte 0x70, 0x65, 0x6e, 0x75, 0x69, 0x2d, 0x64, 0x61, 0x74, 0x65, 0x2d, 0x70, 0x69, 0x63, 0x6b, 0x65
  .byte 0x72, 0x2d, 0x73, 0x69, 0x6e, 0x67, 0x6c, 0x65, 0x2d, 0x64, 0x61, 0x79, 0x2d, 0x73, 0x65, 0x6c
  .byte 0x65, 0x63, 0x74, 0x65, 0x64, 0x20, 0x7b, 0x0a, 0x20, 0x20, 0x62, 0x61, 0x63, 0x6b, 0x67, 0x72
  .byte 0x6f, 0x75, 0x6e, 0x64, 0x3a, 0x20, 0x63, 0x73, 0x73, 0x55, 0x74, 0x69, 0x6c, 0x73, 0x2e, 0x24
  .byte 0x69, 0x6e, 0x74, 0x65, 0x72, 0x61, 0x63, 0x74, 0x69, 0x76, 0x65, 0x2d, 0x61, 0x63, 0x63, 0x65
  .byte 0x6e, 0x74, 0x2d, 0x64, 0x65, 0x66, 0x61, 0x75, 0x6c, 0x74, 0x3b, 0x0a, 0x20, 0x20, 0x63, 0x6f
  .byte 0x6c, 0x6f, 0x72, 0x3a, 0x20, 0x63, 0x73, 0x73, 0x55, 0x74, 0x69, 0x6c, 0x73, 0x2e, 0x24, 0x74
  .byte 0x65, 0x78, 0x74, 0x2d, 0x61, 0x63, 0x63, 0x65, 0x6e, 0x74, 0x2d, 0x70, 0x72, 0x69, 0x6d, 0x61
  .byte 0x72, 0x79, 0x3b, 0x0a, 0x7d, 0x0a, 0x0a, 0x2e, 0x6f, 0x70, 0x65, 0x6e, 0x75, 0x69, 0x2d, 0x64
  .byte 0x61, 0x74, 0x65, 0x2d, 0x70, 0x69, 0x63, 0x6b, 0x65, 0x72, 0x2d, 0x72, 0x61, 0x6e, 0x67, 0x65
  .byte 0x2d, 0x73, 0x74, 0x61, 0x72, 0x74, 0x20, 0x7b, 0x0a, 0x20, 0x20, 0x62, 0x61, 0x63, 0x6b, 0x67
  .byte 0x72, 0x6f, 0x75, 0x6e, 0x64, 0x3a, 0x20, 0x63, 0x73, 0x73, 0x55, 0x74, 0x69, 0x6c, 0x73, 0x2e
  .byte 0x24, 0x69, 0x6e, 0x74, 0x65, 0x72, 0x61, 0x63, 0x74, 0x69, 0x76, 0x65, 0x2d, 0x61, 0x63, 0x63
  .byte 0x65, 0x6e, 0x74, 0x2d, 0x64, 0x65, 0x66, 0x61, 0x75, 0x6c, 0x74, 0x3b, 0x0a, 0x20, 0x20, 0x63
  .byte 0x6f, 0x6c, 0x6f, 0x72, 0x3a, 0x20, 0x63, 0x73, 0x73, 0x55, 0x74, 0x69, 0x6c, 0x73, 0x2e, 0x24
  .byte 0x74, 0x65, 0x78, 0x74, 0x2d, 0x61, 0x63, 0x63, 0x65, 0x6e, 0x74, 0x2d, 0x70, 0x72, 0x69, 0x6d
  .byte 0x61, 0x72, 0x79, 0x3b, 0x0a, 0x20, 0x20, 0x62, 0x6f, 0x72, 0x64, 0x65, 0x72, 0x2d, 0x74, 0x6f
  .byte 0x70, 0x2d, 0x6c, 0x65, 0x66, 0x74, 0x2d, 0x72, 0x61, 0x64, 0x69, 0x75, 0x73, 0x3a, 0x20, 0x76
  .byte 0x61, 0x72, 0x28, 0x2d, 0x2d, 0x6f, 0x70, 0x65, 0x6e, 0x75, 0x69, 0x2d, 0x64, 0x61, 0x74, 0x65
  .byte 0x2d, 0x70, 0x69, 0x63, 0x6b, 0x65, 0x72, 0x2d, 0x63, 0x65, 0x6c, 0x6c, 0x2d, 0x72, 0x61, 0x64
  .byte 0x69, 0x75, 0x73, 0x29, 0x3b, 0x0a, 0x20, 0x20, 0x62, 0x6f, 0x72, 0x64, 0x65, 0x72, 0x2d, 0x62
  .byte 0x6f, 0x74, 0x74, 0x6f, 0x6d, 0x2d, 0x6c, 0x65, 0x66, 0x74, 0x2d, 0x72, 0x61, 0x64, 0x69, 0x75
  .byte 0x73, 0x3a, 0x20, 0x76, 0x61, 0x72, 0x28, 0x2d, 0x2d, 0x6f, 0x70, 0x65, 0x6e, 0x75, 0x69, 0x2d
  .byte 0x64, 0x61, 0x74, 0x65, 0x2d, 0x70, 0x69, 0x63, 0x6b, 0x65, 0x72, 0x2d, 0x63, 0x65, 0x6c, 0x6c
  .byte 0x2d, 0x72, 0x61, 0x64, 0x69, 0x75, 0x73, 0x29, 0x3b, 0x0a, 0x7d, 0x0a, 0x0a, 0x2e, 0x6f, 0x70
  .byte 0x65, 0x6e, 0x75, 0x69, 0x2d, 0x64, 0x61, 0x74, 0x65, 0x2d, 0x70, 0x69, 0x63, 0x6b, 0x65, 0x72
  .byte 0x2d, 0x72, 0x61, 0x6e, 0x67, 0x65, 0x2d, 0x6d, 0x69, 0x64, 0x64, 0x6c, 0x65, 0x20, 0x7b, 0x0a
  .byte 0x20, 0x20, 0x62, 0x61, 0x63, 0x6b, 0x67, 0x72, 0x6f, 0x75, 0x6e, 0x64, 0x3a, 0x20, 0x63, 0x73
  .byte 0x73, 0x55, 0x74, 0x69, 0x6c, 0x73, 0x2e, 0x24, 0x68, 0x69, 0x67, 0x68, 0x6c, 0x69, 0x67, 0x68
  .byte 0x74, 0x3b, 0x0a, 0x7d, 0x0a, 0x0a, 0x2e, 0x6f, 0x70, 0x65, 0x6e, 0x75, 0x69, 0x2d, 0x64, 0x61
  .byte 0x74, 0x65, 0x2d, 0x70, 0x69, 0x63, 0x6b, 0x65, 0x72, 0x2d, 0x72, 0x61, 0x6e, 0x67, 0x65, 0x2d
  .byte 0x65, 0x6e, 0x64, 0x20, 0x7b, 0x0a, 0x20, 0x20, 0x62, 0x61, 0x63, 0x6b, 0x67, 0x72, 0x6f, 0x75
  .byte 0x6e, 0x64, 0x3a, 0x20, 0x63, 0x73, 0x73, 0x55, 0x74, 0x69, 0x6c, 0x73, 0x2e, 0x24, 0x69, 0x6e
  .byte 0x74, 0x65, 0x72, 0x61, 0x63, 0x74, 0x69, 0x76, 0x65, 0x2d, 0x61, 0x63, 0x63, 0x65, 0x6e, 0x74
  .byte 0x2d, 0x64, 0x65, 0x66, 0x61, 0x75, 0x6c, 0x74, 0x3b, 0x0a, 0x20, 0x20, 0x63, 0x6f, 0x6c, 0x6f
  .byte 0x72, 0x3a, 0x20, 0x63, 0x73, 0x73, 0x55, 0x74, 0x69, 0x6c, 0x73, 0x2e, 0x24, 0x74, 0x65, 0x78
  .byte 0x74, 0x2d, 0x61, 0x63, 0x63, 0x65, 0x6e, 0x74, 0x2d, 0x70, 0x72, 0x69, 0x6d, 0x61, 0x72, 0x79
  .byte 0x3b, 0x0a, 0x20, 0x20, 0x62, 0x6f, 0x72, 0x64, 0x65, 0x72, 0x2d, 0x74, 0x6f, 0x70, 0x2d, 0x72
  .byte 0x69, 0x67, 0x68, 0x74, 0x2d, 0x72, 0x61, 0x64, 0x69, 0x75, 0x73, 0x3a, 0x20, 0x76, 0x61, 0x72
  .byte 0x28, 0x2d, 0x2d, 0x6f, 0x70, 0x65, 0x6e, 0x75, 0x69, 0x2d, 0x64, 0x61, 0x74, 0x65, 0x2d, 0x70
  .byte 0x69, 0x63, 0x6b, 0x65, 0x72, 0x2d, 0x63, 0x65, 0x6c, 0x6c, 0x2d, 0x72, 0x61, 0x64, 0x69, 0x75
  .byte 0x73, 0x29, 0x3b, 0x0a, 0x20, 0x20, 0x62, 0x6f, 0x72, 0x64, 0x65, 0x72, 0x2d, 0x62, 0x6f, 0x74
  .byte 0x74, 0x6f, 0x6d, 0x2d, 0x72, 0x69, 0x67, 0x68, 0x74, 0x2d, 0x72, 0x61, 0x64, 0x69, 0x75, 0x73
  .byte 0x3a, 0x20, 0x76, 0x61, 0x72, 0x28, 0x2d, 0x2d, 0x6f, 0x70, 0x65, 0x6e, 0x75, 0x69, 0x2d, 0x64
  .byte 0x61, 0x74, 0x65, 0x2d, 0x70, 0x69, 0x63, 0x6b, 0x65, 0x72, 0x2d, 0x63, 0x65, 0x6c, 0x6c, 0x2d
  .byte 0x72, 0x61, 0x64, 0x69, 0x75, 0x73, 0x29, 0x3b, 0x0a, 0x7d, 0x0a

  .globl openui_full_port_packages_react_ui_src_components_DatePicker_helpers_utils_datePickerBaseStyle_scss_b406b5f5e134_pass_2_len
openui_full_port_packages_react_ui_src_components_DatePicker_helpers_utils_datePickerBaseStyle_scss_b406b5f5e134_pass_2_len:
  .quad 3963

# assembly pass: 3/4
  .globl openui_full_port_packages_react_ui_src_components_DatePicker_helpers_utils_datePickerBaseStyle_scss_b406b5f5e134_pass_3
openui_full_port_packages_react_ui_src_components_DatePicker_helpers_utils_datePickerBaseStyle_scss_b406b5f5e134_pass_3:
  .byte 0x40, 0x75, 0x73, 0x65, 0x20, 0x22, 0x2e, 0x2e, 0x2f, 0x2e, 0x2e, 0x2f, 0x2e, 0x2e, 0x2f, 0x2e
  .byte 0x2e, 0x2f, 0x63, 0x73, 0x73, 0x55, 0x74, 0x69, 0x6c, 0x73, 0x22, 0x20, 0x61, 0x73, 0x20, 0x63
  .byte 0x73, 0x73, 0x55, 0x74, 0x69, 0x6c, 0x73, 0x3b, 0x0a, 0x0a, 0x2e, 0x6f, 0x70, 0x65, 0x6e, 0x75
  .byte 0x69, 0x2d, 0x64, 0x61, 0x74, 0x65, 0x2d, 0x70, 0x69, 0x63, 0x6b, 0x65, 0x72, 0x2d, 0x72, 0x6f
  .byte 0x6f, 0x74, 0x20, 0x7b, 0x0a, 0x20, 0x20, 0x2d, 0x2d, 0x6f, 0x70, 0x65, 0x6e, 0x75, 0x69, 0x2d
  .byte 0x64, 0x61, 0x74, 0x65, 0x2d, 0x70, 0x69, 0x63, 0x6b, 0x65, 0x72, 0x2d, 0x64, 0x61, 0x79, 0x2d
  .byte 0x73, 0x69, 0x7a, 0x65, 0x3a, 0x20, 0x63, 0x61, 0x6c, 0x63, 0x28, 0x23, 0x7b, 0x63, 0x73, 0x73
  .byte 0x55, 0x74, 0x69, 0x6c, 0x73, 0x2e, 0x24, 0x73, 0x70, 0x61, 0x63, 0x65, 0x2d, 0x32, 0x78, 0x6c
  .byte 0x7d, 0x20, 0x2b, 0x20, 0x23, 0x7b, 0x63, 0x73, 0x73, 0x55, 0x74, 0x69, 0x6c, 0x73, 0x2e, 0x24
  .byte 0x73, 0x70, 0x61, 0x63, 0x65, 0x2d, 0x32, 0x78, 0x73, 0x7d, 0x29, 0x3b, 0x0a, 0x20, 0x20, 0x2d
  .byte 0x2d, 0x6f, 0x70, 0x65, 0x6e, 0x75, 0x69, 0x2d, 0x64, 0x61, 0x74, 0x65, 0x2d, 0x70, 0x69, 0x63
  .byte 0x6b, 0x65, 0x72, 0x2d, 0x63, 0x65, 0x6c, 0x6c, 0x2d, 0x72, 0x61, 0x64, 0x69, 0x75, 0x73, 0x3a
  .byte 0x20, 0x23, 0x7b, 0x63, 0x73, 0x73, 0x55, 0x74, 0x69, 0x6c, 0x73, 0x2e, 0x24, 0x72, 0x61, 0x64
  .byte 0x69, 0x75, 0x73, 0x2d, 0x6d, 0x7d, 0x3b, 0x0a, 0x0a, 0x20, 0x20, 0x40, 0x69, 0x6e, 0x63, 0x6c
  .byte 0x75, 0x64, 0x65, 0x20, 0x63, 0x73, 0x73, 0x55, 0x74, 0x69, 0x6c, 0x73, 0x2e, 0x74, 0x79, 0x70
  .byte 0x6f, 0x67, 0x72, 0x61, 0x70, 0x68, 0x79, 0x28, 0x70, 0x72, 0x69, 0x6d, 0x61, 0x72, 0x79, 0x2c
  .byte 0x20, 0x64, 0x65, 0x66, 0x61, 0x75, 0x6c, 0x74, 0x29, 0x3b, 0x0a, 0x20, 0x20, 0x77, 0x69, 0x64
  .byte 0x74, 0x68, 0x3a, 0x20, 0x66, 0x69, 0x74, 0x2d, 0x63, 0x6f, 0x6e, 0x74, 0x65, 0x6e, 0x74, 0x3b
  .byte 0x0a, 0x20, 0x20, 0x6d, 0x61, 0x78, 0x2d, 0x77, 0x69, 0x64, 0x74, 0x68, 0x3a, 0x20, 0x31, 0x30
  .byte 0x30, 0x25, 0x3b, 0x0a, 0x20, 0x20, 0x62, 0x6f, 0x78, 0x2d, 0x73, 0x69, 0x7a, 0x69, 0x6e, 0x67
  .byte 0x3a, 0x20, 0x62, 0x6f, 0x72, 0x64, 0x65, 0x72, 0x2d, 0x62, 0x6f, 0x78, 0x3b, 0x0a, 0x20, 0x20
  .byte 0x70, 0x61, 0x64, 0x64, 0x69, 0x6e, 0x67, 0x3a, 0x20, 0x63, 0x73, 0x73, 0x55, 0x74, 0x69, 0x6c
  .byte 0x73, 0x2e, 0x24, 0x73, 0x70, 0x61, 0x63, 0x65, 0x2d, 0x6c, 0x3b, 0x0a, 0x20, 0x20, 0x62, 0x61
  .byte 0x63, 0x6b, 0x67, 0x72, 0x6f, 0x75, 0x6e, 0x64, 0x2d, 0x63, 0x6f, 0x6c, 0x6f, 0x72, 0x3a, 0x20
  .byte 0x63, 0x73, 0x73, 0x55, 0x74, 0x69, 0x6c, 0x73, 0x2e, 0x24, 0x66, 0x6f, 0x72, 0x65, 0x67, 0x72
  .byte 0x6f, 0x75, 0x6e, 0x64, 0x3b, 0x0a, 0x20, 0x20, 0x63, 0x6f, 0x6c, 0x6f, 0x72, 0x3a, 0x20, 0x63
  .byte 0x73, 0x73, 0x55, 0x74, 0x69, 0x6c, 0x73, 0x2e, 0x24, 0x74, 0x65, 0x78, 0x74, 0x2d, 0x6e, 0x65
  .byte 0x75, 0x74, 0x72, 0x61, 0x6c, 0x2d, 0x70, 0x72, 0x69, 0x6d, 0x61, 0x72, 0x79, 0x3b, 0x0a, 0x7d
  .byte 0x0a, 0x0a, 0x2e, 0x6f, 0x70, 0x65, 0x6e, 0x75, 0x69, 0x2d, 0x64, 0x61, 0x74, 0x65, 0x2d, 0x70
  .byte 0x69, 0x63, 0x6b, 0x65, 0x72, 0x2d, 0x6e, 0x61, 0x76, 0x20, 0x7b, 0x0a, 0x20, 0x20, 0x26, 0x2d
  .byte 0x6d, 0x6f, 0x62, 0x69, 0x6c, 0x65, 0x20, 0x7b, 0x0a, 0x20, 0x20, 0x20, 0x20, 0x67, 0x61, 0x70
  .byte 0x3a, 0x20, 0x63, 0x73, 0x73, 0x55, 0x74, 0x69, 0x6c, 0x73, 0x2e, 0x24, 0x73, 0x70, 0x61, 0x63
  .byte 0x65, 0x2d, 0x73, 0x3b, 0x0a, 0x20, 0x20, 0x7d, 0x0a, 0x0a, 0x20, 0x20, 0x26, 0x2d, 0x66, 0x75
  .byte 0x6c, 0x6c, 0x73, 0x63, 0x72, 0x65, 0x65, 0x6e, 0x2c, 0x0a, 0x20, 0x20, 0x26, 0x2d, 0x74, 0x72
  .byte 0x61, 0x79, 0x2c, 0x0a, 0x20, 0x20, 0x26, 0x2d, 0x63, 0x6f, 0x70, 0x69, 0x6c, 0x6f, 0x74, 0x20
  .byte 0x7b, 0x0a, 0x20, 0x20, 0x20, 0x20, 0x67, 0x61, 0x70, 0x3a, 0x20, 0x63, 0x73, 0x73, 0x55, 0x74
  .byte 0x69, 0x6c, 0x73, 0x2e, 0x24, 0x73, 0x70, 0x61, 0x63, 0x65, 0x2d, 0x6d, 0x3b, 0x0a, 0x20, 0x20
  .byte 0x7d, 0x0a, 0x7d, 0x0a, 0x0a, 0x2e, 0x6f, 0x70, 0x65, 0x6e, 0x75, 0x69, 0x2d, 0x64, 0x61, 0x74
  .byte 0x65, 0x2d, 0x70, 0x69, 0x63, 0x6b, 0x65, 0x72, 0x2d, 0x64, 0x72, 0x6f, 0x70, 0x64, 0x6f, 0x77
  .byte 0x6e, 0x73, 0x20, 0x7b, 0x0a, 0x20, 0x20, 0x26, 0x2d, 0x6d, 0x6f, 0x62, 0x69, 0x6c, 0x65, 0x20
  .byte 0x7b, 0x0a, 0x20, 0x20, 0x20, 0x20, 0x67, 0x61, 0x70, 0x3a, 0x20, 0x63, 0x73, 0x73, 0x55, 0x74
  .byte 0x69, 0x6c, 0x73, 0x2e, 0x24, 0x73, 0x70, 0x61, 0x63, 0x65, 0x2d, 0x32, 0x78, 0x73, 0x3b, 0x0a
  .byte 0x20, 0x20, 0x7d, 0x0a, 0x0a, 0x20, 0x20, 0x26, 0x2d, 0x66, 0x75, 0x6c, 0x6c, 0x73, 0x63, 0x72
  .byte 0x65, 0x65, 0x6e, 0x2c, 0x0a, 0x20, 0x20, 0x26, 0x2d, 0x74, 0x72, 0x61, 0x79, 0x2c, 0x0a, 0x20
  .byte 0x20, 0x26, 0x2d, 0x63, 0x6f, 0x70, 0x69, 0x6c, 0x6f, 0x74, 0x20, 0x7b, 0x0a, 0x20, 0x20, 0x20
  .byte 0x20, 0x67, 0x61, 0x70, 0x3a, 0x20, 0x63, 0x73, 0x73, 0x55, 0x74, 0x69, 0x6c, 0x73, 0x2e, 0x24
  .byte 0x73, 0x70, 0x61, 0x63, 0x65, 0x2d, 0x73, 0x3b, 0x0a, 0x20, 0x20, 0x7d, 0x0a, 0x7d, 0x0a, 0x0a
  .byte 0x2e, 0x6f, 0x70, 0x65, 0x6e, 0x75, 0x69, 0x2d, 0x64, 0x61, 0x74, 0x65, 0x2d, 0x70, 0x69, 0x63
  .byte 0x6b, 0x65, 0x72, 0x2d, 0x6d, 0x6f, 0x6e, 0x74, 0x68, 0x20, 0x7b, 0x0a, 0x20, 0x20, 0x63, 0x6f
  .byte 0x6c, 0x6f, 0x72, 0x3a, 0x20, 0x63, 0x73, 0x73, 0x55, 0x74, 0x69, 0x6c, 0x73, 0x2e, 0x24, 0x74
  .byte 0x65, 0x78, 0x74, 0x2d, 0x6e, 0x65, 0x75, 0x74, 0x72, 0x61, 0x6c, 0x2d, 0x70, 0x72, 0x69, 0x6d
  .byte 0x61, 0x72, 0x79, 0x3b, 0x0a, 0x7d, 0x0a, 0x0a, 0x2e, 0x6f, 0x70, 0x65, 0x6e, 0x75, 0x69, 0x2d
  .byte 0x64, 0x61, 0x74, 0x65, 0x2d, 0x70, 0x69, 0x63, 0x6b, 0x65, 0x72, 0x2d, 0x6d, 0x6f, 0x6e, 0x74
  .byte 0x68, 0x2d, 0x63, 0x61, 0x70, 0x74, 0x69, 0x6f, 0x6e, 0x20, 0x7b, 0x0a, 0x20, 0x20, 0x40, 0x69
  .byte 0x6e, 0x63, 0x6c, 0x75, 0x64, 0x65, 0x20, 0x63, 0x73, 0x73, 0x55, 0x74, 0x69, 0x6c, 0x73, 0x2e
  .byte 0x74, 0x79, 0x70, 0x6f, 0x67, 0x72, 0x61, 0x70, 0x68, 0x79, 0x28, 0x62, 0x6f, 0x64, 0x79, 0x2c
  .byte 0x20, 0x64, 0x65, 0x66, 0x61, 0x75, 0x6c, 0x74, 0x29, 0x3b, 0x0a, 0x20, 0x20, 0x64, 0x69, 0x73
  .byte 0x70, 0x6c, 0x61, 0x79, 0x3a, 0x20, 0x66, 0x6c, 0x65, 0x78, 0x3b, 0x0a, 0x20, 0x20, 0x61, 0x6c
  .byte 0x69, 0x67, 0x6e, 0x2d, 0x69, 0x74, 0x65, 0x6d, 0x73, 0x3a, 0x20, 0x63, 0x65, 0x6e, 0x74, 0x65
  .byte 0x72, 0x3b, 0x0a, 0x20, 0x20, 0x6a, 0x75, 0x73, 0x74, 0x69, 0x66, 0x79, 0x2d, 0x63, 0x6f, 0x6e
  .byte 0x74, 0x65, 0x6e, 0x74, 0x3a, 0x20, 0x73, 0x70, 0x61, 0x63, 0x65, 0x2d, 0x62, 0x65, 0x74, 0x77
  .byte 0x65, 0x65, 0x6e, 0x3b, 0x0a, 0x20, 0x20, 0x67, 0x61, 0x70, 0x3a, 0x20, 0x63, 0x73, 0x73, 0x55
  .byte 0x74, 0x69, 0x6c, 0x73, 0x2e, 0x24, 0x73, 0x70, 0x61, 0x63, 0x65, 0x2d, 0x73, 0x3b, 0x0a, 0x20
  .byte 0x20, 0x68, 0x65, 0x69, 0x67, 0x68, 0x74, 0x3a, 0x20, 0x61, 0x75, 0x74, 0x6f, 0x3b, 0x0a, 0x20
  .byte 0x20, 0x6d, 0x61, 0x72, 0x67, 0x69, 0x6e, 0x2d, 0x62, 0x6f, 0x74, 0x74, 0x6f, 0x6d, 0x3a, 0x20
  .byte 0x63, 0x73, 0x73, 0x55, 0x74, 0x69, 0x6c, 0x73, 0x2e, 0x24, 0x73, 0x70, 0x61, 0x63, 0x65, 0x2d
  .byte 0x73, 0x3b, 0x0a, 0x20, 0x20, 0x66, 0x6f, 0x6e, 0x74, 0x2d, 0x77, 0x65, 0x69, 0x67, 0x68, 0x74
  .byte 0x3a, 0x20, 0x69, 0x6e, 0x68, 0x65, 0x72, 0x69, 0x74, 0x3b, 0x0a, 0x20, 0x20, 0x66, 0x6f, 0x6e
  .byte 0x74, 0x2d, 0x73, 0x69, 0x7a, 0x65, 0x3a, 0x20, 0x69, 0x6e, 0x68, 0x65, 0x72, 0x69, 0x74, 0x3b
  .byte 0x0a, 0x7d, 0x0a, 0x0a, 0x2e, 0x6f, 0x70, 0x65, 0x6e, 0x75, 0x69, 0x2d, 0x64, 0x61, 0x74, 0x65
  .byte 0x2d, 0x70, 0x69, 0x63, 0x6b, 0x65, 0x72, 0x2d, 0x6d, 0x6f, 0x6e, 0x74, 0x68, 0x73, 0x2d, 0x64
  .byte 0x72, 0x6f, 0x70, 0x64, 0x6f, 0x77, 0x6e, 0x2c, 0x0a, 0x2e, 0x6f, 0x70, 0x65, 0x6e, 0x75, 0x69
  .byte 0x2d, 0x64, 0x61, 0x74, 0x65, 0x2d, 0x70, 0x69, 0x63, 0x6b, 0x65, 0x72, 0x2d, 0x79, 0x65, 0x61
  .byte 0x72, 0x73, 0x2d, 0x64, 0x72, 0x6f, 0x70, 0x64, 0x6f, 0x77, 0x6e, 0x20, 0x7b, 0x0a, 0x20, 0x20
  .byte 0x63, 0x75, 0x72, 0x73, 0x6f, 0x72, 0x3a, 0x20, 0x70, 0x6f, 0x69, 0x6e, 0x74, 0x65, 0x72, 0x3b
  .byte 0x0a, 0x7d, 0x0a, 0x0a, 0x2e, 0x6f, 0x70, 0x65, 0x6e, 0x75, 0x69, 0x2d, 0x64, 0x61, 0x74, 0x65
  .byte 0x2d, 0x70, 0x69, 0x63, 0x6b, 0x65, 0x72, 0x2d, 0x63, 0x68, 0x65, 0x76, 0x72, 0x6f, 0x6e, 0x20
  .byte 0x7b, 0x0a, 0x20, 0x20, 0x66, 0x69, 0x6c, 0x6c, 0x3a, 0x20, 0x63, 0x73, 0x73, 0x55, 0x74, 0x69
  .byte 0x6c, 0x73, 0x2e, 0x24, 0x69, 0x6e, 0x74, 0x65, 0x72, 0x61, 0x63, 0x74, 0x69, 0x76, 0x65, 0x2d
  .byte 0x61, 0x63, 0x63, 0x65, 0x6e, 0x74, 0x2d, 0x64, 0x65, 0x66, 0x61, 0x75, 0x6c, 0x74, 0x3b, 0x0a
  .byte 0x7d, 0x0a, 0x0a, 0x2e, 0x6f, 0x70, 0x65, 0x6e, 0x75, 0x69, 0x2d, 0x64, 0x61, 0x74, 0x65, 0x2d
  .byte 0x70, 0x69, 0x63, 0x6b, 0x65, 0x72, 0x2d, 0x6d, 0x6f, 0x6e, 0x74, 0x68, 0x2d, 0x67, 0x72, 0x69
  .byte 0x64, 0x20, 0x7b, 0x0a, 0x20, 0x20, 0x77, 0x69, 0x64, 0x74, 0x68, 0x3a, 0x20, 0x61, 0x75, 0x74
  .byte 0x6f, 0x3b, 0x0a, 0x20, 0x20, 0x74, 0x61, 0x62, 0x6c, 0x65, 0x2d, 0x6c, 0x61, 0x79, 0x6f, 0x75
  .byte 0x74, 0x3a, 0x20, 0x61, 0x75, 0x74, 0x6f, 0x3b, 0x0a, 0x20, 0x20, 0x62, 0x6f, 0x72, 0x64, 0x65
  .byte 0x72, 0x2d, 0x63, 0x6f, 0x6c, 0x6c, 0x61, 0x70, 0x73, 0x65, 0x3a, 0x20, 0x63, 0x6f, 0x6c, 0x6c
  .byte 0x61, 0x70, 0x73, 0x65, 0x3b, 0x0a, 0x7d, 0x0a, 0x0a, 0x2e, 0x6f, 0x70, 0x65, 0x6e, 0x75, 0x69
  .byte 0x2d, 0x64, 0x61, 0x74, 0x65, 0x2d, 0x70, 0x69, 0x63, 0x6b, 0x65, 0x72, 0x2d, 0x77, 0x65, 0x65
  .byte 0x6b, 0x64, 0x61, 0x79, 0x73, 0x20, 0x7b, 0x0a, 0x20, 0x20, 0x63, 0x6f, 0x6c, 0x6f, 0x72, 0x3a
  .byte 0x20, 0x63, 0x73, 0x73, 0x55, 0x74, 0x69, 0x6c, 0x73, 0x2e, 0x24, 0x74, 0x65, 0x78, 0x74, 0x2d
  .byte 0x6e, 0x65, 0x75, 0x74, 0x72, 0x61, 0x6c, 0x2d, 0x70, 0x72, 0x69, 0x6d, 0x61, 0x72, 0x79, 0x3b
  .byte 0x0a, 0x7d, 0x0a, 0x0a, 0x2e, 0x6f, 0x70, 0x65, 0x6e, 0x75, 0x69, 0x2d, 0x64, 0x61, 0x74, 0x65
  .byte 0x2d, 0x70, 0x69, 0x63, 0x6b, 0x65, 0x72, 0x2d, 0x77, 0x65, 0x65, 0x6b, 0x64, 0x61, 0x79, 0x20
  .byte 0x7b, 0x0a, 0x20, 0x20, 0x40, 0x69, 0x6e, 0x63, 0x6c, 0x75, 0x64, 0x65, 0x20, 0x63, 0x73, 0x73
  .byte 0x55, 0x74, 0x69, 0x6c, 0x73, 0x2e, 0x74, 0x79, 0x70, 0x6f, 0x67, 0x72, 0x61, 0x70, 0x68, 0x79
  .byte 0x28, 0x6c, 0x61, 0x62, 0x65, 0x6c, 0x2c, 0x20, 0x73, 0x6d, 0x61, 0x6c, 0x6c, 0x29, 0x3b, 0x0a
  .byte 0x20, 0x20, 0x63, 0x6f, 0x6c, 0x6f, 0x72, 0x3a, 0x20, 0x63, 0x73, 0x73, 0x55, 0x74, 0x69, 0x6c
  .byte 0x73, 0x2e, 0x24, 0x74, 0x65, 0x78, 0x74, 0x2d, 0x6e, 0x65, 0x75, 0x74, 0x72, 0x61, 0x6c, 0x2d
  .byte 0x73, 0x65, 0x63, 0x6f, 0x6e, 0x64, 0x61, 0x72, 0x79, 0x3b, 0x0a, 0x20, 0x20, 0x77, 0x69, 0x64
  .byte 0x74, 0x68, 0x3a, 0x20, 0x76, 0x61, 0x72, 0x28, 0x2d, 0x2d, 0x6f, 0x70, 0x65, 0x6e, 0x75, 0x69
  .byte 0x2d, 0x64, 0x61, 0x74, 0x65, 0x2d, 0x70, 0x69, 0x63, 0x6b, 0x65, 0x72, 0x2d, 0x64, 0x61, 0x79
  .byte 0x2d, 0x73, 0x69, 0x7a, 0x65, 0x29, 0x3b, 0x0a, 0x20, 0x20, 0x68, 0x65, 0x69, 0x67, 0x68, 0x74
  .byte 0x3a, 0x20, 0x76, 0x61, 0x72, 0x28, 0x2d, 0x2d, 0x6f, 0x70, 0x65, 0x6e, 0x75, 0x69, 0x2d, 0x64
  .byte 0x61, 0x74, 0x65, 0x2d, 0x70, 0x69, 0x63, 0x6b, 0x65, 0x72, 0x2d, 0x64, 0x61, 0x79, 0x2d, 0x73
  .byte 0x69, 0x7a, 0x65, 0x29, 0x3b, 0x0a, 0x20, 0x20, 0x70, 0x61, 0x64, 0x64, 0x69, 0x6e, 0x67, 0x3a
  .byte 0x20, 0x30, 0x3b, 0x0a, 0x20, 0x20, 0x74, 0x65, 0x78, 0x74, 0x2d, 0x74, 0x72, 0x61, 0x6e, 0x73
  .byte 0x66, 0x6f, 0x72, 0x6d, 0x3a, 0x20, 0x6e, 0x6f, 0x6e, 0x65, 0x3b, 0x0a, 0x20, 0x20, 0x74, 0x65
  .byte 0x78, 0x74, 0x2d, 0x61, 0x6c, 0x69, 0x67, 0x6e, 0x3a, 0x20, 0x63, 0x65, 0x6e, 0x74, 0x65, 0x72
  .byte 0x3b, 0x0a, 0x20, 0x20, 0x76, 0x65, 0x72, 0x74, 0x69, 0x63, 0x61, 0x6c, 0x2d, 0x61, 0x6c, 0x69
  .byte 0x67, 0x6e, 0x3a, 0x20, 0x6d, 0x69, 0x64, 0x64, 0x6c, 0x65, 0x3b, 0x0a, 0x7d, 0x0a, 0x0a, 0x2e
  .byte 0x6f, 0x70, 0x65, 0x6e, 0x75, 0x69, 0x2d, 0x64, 0x61, 0x74, 0x65, 0x2d, 0x70, 0x69, 0x63, 0x6b
  .byte 0x65, 0x72, 0x2d, 0x73, 0x69, 0x6e, 0x67, 0x6c, 0x65, 0x2d, 0x64, 0x61, 0x79, 0x2c, 0x0a, 0x2e
  .byte 0x6f, 0x70, 0x65, 0x6e, 0x75, 0x69, 0x2d, 0x64, 0x61, 0x74, 0x65, 0x2d, 0x70, 0x69, 0x63, 0x6b
  .byte 0x65, 0x72, 0x2d, 0x72, 0x61, 0x6e, 0x67, 0x65, 0x2d, 0x64, 0x61, 0x79, 0x20, 0x7b, 0x0a, 0x20
  .byte 0x20, 0x77, 0x69, 0x64, 0x74, 0x68, 0x3a, 0x20, 0x76, 0x61, 0x72, 0x28, 0x2d, 0x2d, 0x6f, 0x70
  .byte 0x65, 0x6e, 0x75, 0x69, 0x2d, 0x64, 0x61, 0x74, 0x65, 0x2d, 0x70, 0x69, 0x63, 0x6b, 0x65, 0x72
  .byte 0x2d, 0x64, 0x61, 0x79, 0x2d, 0x73, 0x69, 0x7a, 0x65, 0x29, 0x3b, 0x0a, 0x20, 0x20, 0x68, 0x65
  .byte 0x69, 0x67, 0x68, 0x74, 0x3a, 0x20, 0x76, 0x61, 0x72, 0x28, 0x2d, 0x2d, 0x6f, 0x70, 0x65, 0x6e
  .byte 0x75, 0x69, 0x2d, 0x64, 0x61, 0x74, 0x65, 0x2d, 0x70, 0x69, 0x63, 0x6b, 0x65, 0x72, 0x2d, 0x64
  .byte 0x61, 0x79, 0x2d, 0x73, 0x69, 0x7a, 0x65, 0x29, 0x3b, 0x0a, 0x20, 0x20, 0x6d, 0x69, 0x6e, 0x2d
  .byte 0x77, 0x69, 0x64, 0x74, 0x68, 0x3a, 0x20, 0x76, 0x61, 0x72, 0x28, 0x2d, 0x2d, 0x6f, 0x70, 0x65
  .byte 0x6e, 0x75, 0x69, 0x2d, 0x64, 0x61, 0x74, 0x65, 0x2d, 0x70, 0x69, 0x63, 0x6b, 0x65, 0x72, 0x2d
  .byte 0x64, 0x61, 0x79, 0x2d, 0x73, 0x69, 0x7a, 0x65, 0x29, 0x3b, 0x0a, 0x20, 0x20, 0x6d, 0x69, 0x6e
  .byte 0x2d, 0x68, 0x65, 0x69, 0x67, 0x68, 0x74, 0x3a, 0x20, 0x76, 0x61, 0x72, 0x28, 0x2d, 0x2d, 0x6f
  .byte 0x70, 0x65, 0x6e, 0x75, 0x69, 0x2d, 0x64, 0x61, 0x74, 0x65, 0x2d, 0x70, 0x69, 0x63, 0x6b, 0x65
  .byte 0x72, 0x2d, 0x64, 0x61, 0x79, 0x2d, 0x73, 0x69, 0x7a, 0x65, 0x29, 0x3b, 0x0a, 0x20, 0x20, 0x70
  .byte 0x61, 0x64, 0x64, 0x69, 0x6e, 0x67, 0x3a, 0x20, 0x30, 0x3b, 0x0a, 0x20, 0x20, 0x76, 0x65, 0x72
  .byte 0x74, 0x69, 0x63, 0x61, 0x6c, 0x2d, 0x61, 0x6c, 0x69, 0x67, 0x6e, 0x3a, 0x20, 0x6d, 0x69, 0x64
  .byte 0x64, 0x6c, 0x65, 0x3b, 0x0a, 0x7d, 0x0a, 0x0a, 0x2e, 0x6f, 0x70, 0x65, 0x6e, 0x75, 0x69, 0x2d
  .byte 0x64, 0x61, 0x74, 0x65, 0x2d, 0x70, 0x69, 0x63, 0x6b, 0x65, 0x72, 0x2d, 0x73, 0x69, 0x6e, 0x67
  .byte 0x6c, 0x65, 0x2d, 0x64, 0x61, 0x79, 0x2d, 0x62, 0x75, 0x74, 0x74, 0x6f, 0x6e, 0x2c, 0x0a, 0x2e
  .byte 0x6f, 0x70, 0x65, 0x6e, 0x75, 0x69, 0x2d, 0x64, 0x61, 0x74, 0x65, 0x2d, 0x70, 0x69, 0x63, 0x6b
  .byte 0x65, 0x72, 0x2d, 0x72, 0x61, 0x6e, 0x67, 0x65, 0x2d, 0x64, 0x61, 0x79, 0x2d, 0x62, 0x75, 0x74
  .byte 0x74, 0x6f, 0x6e, 0x20, 0x7b, 0x0a, 0x20, 0x20, 0x40, 0x69, 0x6e, 0x63, 0x6c, 0x75, 0x64, 0x65
  .byte 0x20, 0x63, 0x73, 0x73, 0x55, 0x74, 0x69, 0x6c, 0x73, 0x2e, 0x74, 0x79, 0x70, 0x6f, 0x67, 0x72
  .byte 0x61, 0x70, 0x68, 0x79, 0x28, 0x6c, 0x61, 0x62, 0x65, 0x6c, 0x2c, 0x20, 0x64, 0x65, 0x66, 0x61
  .byte 0x75, 0x6c, 0x74, 0x29, 0x3b, 0x0a, 0x20, 0x20, 0x77, 0x69, 0x64, 0x74, 0x68, 0x3a, 0x20, 0x31
  .byte 0x30, 0x30, 0x25, 0x3b, 0x0a, 0x20, 0x20, 0x68, 0x65, 0x69, 0x67, 0x68, 0x74, 0x3a, 0x20, 0x31
  .byte 0x30, 0x30, 0x25, 0x3b, 0x0a, 0x20, 0x20, 0x6d, 0x61, 0x72, 0x67, 0x69, 0x6e, 0x3a, 0x20, 0x30
  .byte 0x3b, 0x0a, 0x20, 0x20, 0x70, 0x61, 0x64, 0x64, 0x69, 0x6e, 0x67, 0x3a, 0x20, 0x30, 0x3b, 0x0a
  .byte 0x20, 0x20, 0x62, 0x6f, 0x72, 0x64, 0x65, 0x72, 0x3a, 0x20, 0x31, 0x70, 0x78, 0x20, 0x73, 0x6f
  .byte 0x6c, 0x69, 0x64, 0x20, 0x74, 0x72, 0x61, 0x6e, 0x73, 0x70, 0x61, 0x72, 0x65, 0x6e, 0x74, 0x3b
  .byte 0x0a, 0x20, 0x20, 0x62, 0x6f, 0x72, 0x64, 0x65, 0x72, 0x2d, 0x72, 0x61, 0x64, 0x69, 0x75, 0x73
  .byte 0x3a, 0x20, 0x76, 0x61, 0x72, 0x28, 0x2d, 0x2d, 0x6f, 0x70, 0x65, 0x6e, 0x75, 0x69, 0x2d, 0x64
  .byte 0x61, 0x74, 0x65, 0x2d, 0x70, 0x69, 0x63, 0x6b, 0x65, 0x72, 0x2d, 0x63, 0x65, 0x6c, 0x6c, 0x2d
  .byte 0x72, 0x61, 0x64, 0x69, 0x75, 0x73, 0x29, 0x3b, 0x0a, 0x20, 0x20, 0x62, 0x61, 0x63, 0x6b, 0x67
  .byte 0x72, 0x6f, 0x75, 0x6e, 0x64, 0x3a, 0x20, 0x74, 0x72, 0x61, 0x6e, 0x73, 0x70, 0x61, 0x72, 0x65
  .byte 0x6e, 0x74, 0x3b, 0x0a, 0x20, 0x20, 0x63, 0x6f, 0x6c, 0x6f, 0x72, 0x3a, 0x20, 0x69, 0x6e, 0x68
  .byte 0x65, 0x72, 0x69, 0x74, 0x3b, 0x0a, 0x20, 0x20, 0x63, 0x75, 0x72, 0x73, 0x6f, 0x72, 0x3a, 0x20
  .byte 0x70, 0x6f, 0x69, 0x6e, 0x74, 0x65, 0x72, 0x3b, 0x0a, 0x20, 0x20, 0x64, 0x69, 0x73, 0x70, 0x6c
  .byte 0x61, 0x79, 0x3a, 0x20, 0x66, 0x6c, 0x65, 0x78, 0x3b, 0x0a, 0x20, 0x20, 0x61, 0x6c, 0x69, 0x67
  .byte 0x6e, 0x2d, 0x69, 0x74, 0x65, 0x6d, 0x73, 0x3a, 0x20, 0x63, 0x65, 0x6e, 0x74, 0x65, 0x72, 0x3b
  .byte 0x0a, 0x20, 0x20, 0x6a, 0x75, 0x73, 0x74, 0x69, 0x66, 0x79, 0x2d, 0x63, 0x6f, 0x6e, 0x74, 0x65
  .byte 0x6e, 0x74, 0x3a, 0x20, 0x63, 0x65, 0x6e, 0x74, 0x65, 0x72, 0x3b, 0x0a, 0x20, 0x20, 0x74, 0x72
  .byte 0x61, 0x6e, 0x73, 0x69, 0x74, 0x69, 0x6f, 0x6e, 0x3a, 0x0a, 0x20, 0x20, 0x20, 0x20, 0x62, 0x61
  .byte 0x63, 0x6b, 0x67, 0x72, 0x6f, 0x75, 0x6e, 0x64, 0x2d, 0x63, 0x6f, 0x6c, 0x6f, 0x72, 0x20, 0x30
  .byte 0x2e, 0x31, 0x32, 0x73, 0x20, 0x65, 0x61, 0x73, 0x65, 0x2c, 0x0a, 0x20, 0x20, 0x20, 0x20, 0x62
  .byte 0x6f, 0x72, 0x64, 0x65, 0x72, 0x2d, 0x63, 0x6f, 0x6c, 0x6f, 0x72, 0x20, 0x30, 0x2e, 0x31, 0x32
  .byte 0x73, 0x20, 0x65, 0x61, 0x73, 0x65, 0x2c, 0x0a, 0x20, 0x20, 0x20, 0x20, 0x63, 0x6f, 0x6c, 0x6f
  .byte 0x72, 0x20, 0x30, 0x2e, 0x31, 0x32, 0x73, 0x20, 0x65, 0x61, 0x73, 0x65, 0x3b, 0x0a, 0x0a, 0x20
  .byte 0x20, 0x26, 0x3a, 0x66, 0x6f, 0x63, 0x75, 0x73, 0x20, 0x7b, 0x0a, 0x20, 0x20, 0x20, 0x20, 0x6f
  .byte 0x75, 0x74, 0x6c, 0x69, 0x6e, 0x65, 0x3a, 0x20, 0x6e, 0x6f, 0x6e, 0x65, 0x3b, 0x0a, 0x20, 0x20
  .byte 0x7d, 0x0a, 0x0a, 0x20, 0x20, 0x26, 0x3a, 0x66, 0x6f, 0x63, 0x75, 0x73, 0x2d, 0x76, 0x69, 0x73
  .byte 0x69, 0x62, 0x6c, 0x65, 0x20, 0x7b, 0x0a, 0x20, 0x20, 0x20, 0x20, 0x6f, 0x75, 0x74, 0x6c, 0x69
  .byte 0x6e, 0x65, 0x3a, 0x20, 0x32, 0x70, 0x78, 0x20, 0x73, 0x6f, 0x6c, 0x69, 0x64, 0x20, 0x63, 0x73
  .byte 0x73, 0x55, 0x74, 0x69, 0x6c, 0x73, 0x2e, 0x24, 0x62, 0x6f, 0x72, 0x64, 0x65, 0x72, 0x2d, 0x61
  .byte 0x63, 0x63, 0x65, 0x6e, 0x74, 0x3b, 0x0a, 0x20, 0x20, 0x20, 0x20, 0x6f, 0x75, 0x74, 0x6c, 0x69
  .byte 0x6e, 0x65, 0x2d, 0x6f, 0x66, 0x66, 0x73, 0x65, 0x74, 0x3a, 0x20, 0x63, 0x73, 0x73, 0x55, 0x74
  .byte 0x69, 0x6c, 0x73, 0x2e, 0x24, 0x73, 0x70, 0x61, 0x63, 0x65, 0x2d, 0x33, 0x78, 0x73, 0x3b, 0x0a
  .byte 0x20, 0x20, 0x7d, 0x0a, 0x0a, 0x20, 0x20, 0x26, 0x3a, 0x6e, 0x6f, 0x74, 0x28, 0x3a, 0x64, 0x69
  .byte 0x73, 0x61, 0x62, 0x6c, 0x65, 0x64, 0x29, 0x3a, 0x68, 0x6f, 0x76, 0x65, 0x72, 0x20, 0x7b, 0x0a
  .byte 0x20, 0x20, 0x20, 0x20, 0x62, 0x61, 0x63, 0x6b, 0x67, 0x72, 0x6f, 0x75, 0x6e, 0x64, 0x2d, 0x63
  .byte 0x6f, 0x6c, 0x6f, 0x72, 0x3a, 0x20, 0x63, 0x73, 0x73, 0x55, 0x74, 0x69, 0x6c, 0x73, 0x2e, 0x24
  .byte 0x68, 0x69, 0x67, 0x68, 0x6c, 0x69, 0x67, 0x68, 0x74, 0x2d, 0x73, 0x75, 0x62, 0x74, 0x6c, 0x65
  .byte 0x3b, 0x0a, 0x20, 0x20, 0x7d, 0x0a, 0x0a, 0x20, 0x20, 0x26, 0x3a, 0x64, 0x69, 0x73, 0x61, 0x62
  .byte 0x6c, 0x65, 0x64, 0x20, 0x7b, 0x0a, 0x20, 0x20, 0x20, 0x20, 0x63, 0x75, 0x72, 0x73, 0x6f, 0x72
  .byte 0x3a, 0x20, 0x6e, 0x6f, 0x74, 0x2d, 0x61, 0x6c, 0x6c, 0x6f, 0x77, 0x65, 0x64, 0x3b, 0x0a, 0x20
  .byte 0x20, 0x20, 0x20, 0x63, 0x6f, 0x6c, 0x6f, 0x72, 0x3a, 0x20, 0x63, 0x73, 0x73, 0x55, 0x74, 0x69
  .byte 0x6c, 0x73, 0x2e, 0x24, 0x74, 0x65, 0x78, 0x74, 0x2d, 0x6e, 0x65, 0x75, 0x74, 0x72, 0x61, 0x6c
  .byte 0x2d, 0x74, 0x65, 0x72, 0x74, 0x69, 0x61, 0x72, 0x79, 0x3b, 0x0a, 0x20, 0x20, 0x7d, 0x0a, 0x7d
  .byte 0x0a, 0x0a, 0x2e, 0x6f, 0x70, 0x65, 0x6e, 0x75, 0x69, 0x2d, 0x64, 0x61, 0x74, 0x65, 0x2d, 0x70
  .byte 0x69, 0x63, 0x6b, 0x65, 0x72, 0x2d, 0x62, 0x75, 0x74, 0x74, 0x6f, 0x6e, 0x2d, 0x6e, 0x65, 0x78
  .byte 0x74, 0x2c, 0x0a, 0x2e, 0x6f, 0x70, 0x65, 0x6e, 0x75, 0x69, 0x2d, 0x64, 0x61, 0x74, 0x65, 0x2d
  .byte 0x70, 0x69, 0x63, 0x6b, 0x65, 0x72, 0x2d, 0x62, 0x75, 0x74, 0x74, 0x6f, 0x6e, 0x2d, 0x70, 0x72
  .byte 0x65, 0x76, 0x69, 0x6f, 0x75, 0x73, 0x20, 0x7b, 0x0a, 0x20, 0x20, 0x64, 0x69, 0x73, 0x70, 0x6c
  .byte 0x61, 0x79, 0x3a, 0x20, 0x6e, 0x6f, 0x6e, 0x65, 0x20, 0x21, 0x69, 0x6d, 0x70, 0x6f, 0x72, 0x74
  .byte 0x61, 0x6e, 0x74, 0x3b, 0x0a, 0x7d, 0x0a, 0x0a, 0x2e, 0x6f, 0x70, 0x65, 0x6e, 0x75, 0x69, 0x2d
  .byte 0x64, 0x61, 0x74, 0x65, 0x2d, 0x70, 0x69, 0x63, 0x6b, 0x65, 0x72, 0x2d, 0x74, 0x6f, 0x64, 0x61
  .byte 0x79, 0x20, 0x7b, 0x0a, 0x20, 0x20, 0x26, 0x5b, 0x64, 0x61, 0x74, 0x61, 0x2d, 0x74, 0x6f, 0x64
  .byte 0x61, 0x79, 0x5d, 0x3a, 0x6e, 0x6f, 0x74, 0x28, 0x5b, 0x61, 0x72, 0x69, 0x61, 0x2d, 0x73, 0x65
  .byte 0x6c, 0x65, 0x63, 0x74, 0x65, 0x64, 0x5d, 0x29, 0x20, 0x7b, 0x0a, 0x20, 0x20, 0x20, 0x20, 0x62
  .byte 0x61, 0x63, 0x6b, 0x67, 0x72, 0x6f, 0x75, 0x6e, 0x64, 0x2d, 0x63, 0x6f, 0x6c, 0x6f, 0x72, 0x3a
  .byte 0x20, 0x63, 0x73, 0x73, 0x55, 0x74, 0x69, 0x6c, 0x73, 0x2e, 0x24, 0x73, 0x75, 0x6e, 0x6b, 0x3b
  .byte 0x0a, 0x20, 0x20, 0x20, 0x20, 0x62, 0x6f, 0x72, 0x64, 0x65, 0x72, 0x2d, 0x72, 0x61, 0x64, 0x69
  .byte 0x75, 0x73, 0x3a, 0x20, 0x76, 0x61, 0x72, 0x28, 0x2d, 0x2d, 0x6f, 0x70, 0x65, 0x6e, 0x75, 0x69
  .byte 0x2d, 0x64, 0x61, 0x74, 0x65, 0x2d, 0x70, 0x69, 0x63, 0x6b, 0x65, 0x72, 0x2d, 0x63, 0x65, 0x6c
  .byte 0x6c, 0x2d, 0x72, 0x61, 0x64, 0x69, 0x75, 0x73, 0x29, 0x3b, 0x0a, 0x20, 0x20, 0x7d, 0x0a, 0x7d
  .byte 0x0a, 0x0a, 0x2e, 0x6f, 0x70, 0x65, 0x6e, 0x75, 0x69, 0x2d, 0x64, 0x61, 0x74, 0x65, 0x2d, 0x70
  .byte 0x69, 0x63, 0x6b, 0x65, 0x72, 0x2d, 0x64, 0x69, 0x73, 0x61, 0x62, 0x6c, 0x65, 0x64, 0x20, 0x7b
  .byte 0x0a, 0x20, 0x20, 0x63, 0x6f, 0x6c, 0x6f, 0x72, 0x3a, 0x20, 0x63, 0x73, 0x73, 0x55, 0x74, 0x69
  .byte 0x6c, 0x73, 0x2e, 0x24, 0x74, 0x65, 0x78, 0x74, 0x2d, 0x6e, 0x65, 0x75, 0x74, 0x72, 0x61, 0x6c
  .byte 0x2d, 0x74, 0x65, 0x72, 0x74, 0x69, 0x61, 0x72, 0x79, 0x3b, 0x0a, 0x7d, 0x0a, 0x0a, 0x2e, 0x6f
  .byte 0x70, 0x65, 0x6e, 0x75, 0x69, 0x2d, 0x64, 0x61, 0x74, 0x65, 0x2d, 0x70, 0x69, 0x63, 0x6b, 0x65
  .byte 0x72, 0x2d, 0x73, 0x69, 0x6e, 0x67, 0x6c, 0x65, 0x2d, 0x64, 0x61, 0x79, 0x2d, 0x73, 0x65, 0x6c
  .byte 0x65, 0x63, 0x74, 0x65, 0x64, 0x20, 0x7b, 0x0a, 0x20, 0x20, 0x62, 0x61, 0x63, 0x6b, 0x67, 0x72
  .byte 0x6f, 0x75, 0x6e, 0x64, 0x3a, 0x20, 0x63, 0x73, 0x73, 0x55, 0x74, 0x69, 0x6c, 0x73, 0x2e, 0x24
  .byte 0x69, 0x6e, 0x74, 0x65, 0x72, 0x61, 0x63, 0x74, 0x69, 0x76, 0x65, 0x2d, 0x61, 0x63, 0x63, 0x65
  .byte 0x6e, 0x74, 0x2d, 0x64, 0x65, 0x66, 0x61, 0x75, 0x6c, 0x74, 0x3b, 0x0a, 0x20, 0x20, 0x63, 0x6f
  .byte 0x6c, 0x6f, 0x72, 0x3a, 0x20, 0x63, 0x73, 0x73, 0x55, 0x74, 0x69, 0x6c, 0x73, 0x2e, 0x24, 0x74
  .byte 0x65, 0x78, 0x74, 0x2d, 0x61, 0x63, 0x63, 0x65, 0x6e, 0x74, 0x2d, 0x70, 0x72, 0x69, 0x6d, 0x61
  .byte 0x72, 0x79, 0x3b, 0x0a, 0x7d, 0x0a, 0x0a, 0x2e, 0x6f, 0x70, 0x65, 0x6e, 0x75, 0x69, 0x2d, 0x64
  .byte 0x61, 0x74, 0x65, 0x2d, 0x70, 0x69, 0x63, 0x6b, 0x65, 0x72, 0x2d, 0x72, 0x61, 0x6e, 0x67, 0x65
  .byte 0x2d, 0x73, 0x74, 0x61, 0x72, 0x74, 0x20, 0x7b, 0x0a, 0x20, 0x20, 0x62, 0x61, 0x63, 0x6b, 0x67
  .byte 0x72, 0x6f, 0x75, 0x6e, 0x64, 0x3a, 0x20, 0x63, 0x73, 0x73, 0x55, 0x74, 0x69, 0x6c, 0x73, 0x2e
  .byte 0x24, 0x69, 0x6e, 0x74, 0x65, 0x72, 0x61, 0x63, 0x74, 0x69, 0x76, 0x65, 0x2d, 0x61, 0x63, 0x63
  .byte 0x65, 0x6e, 0x74, 0x2d, 0x64, 0x65, 0x66, 0x61, 0x75, 0x6c, 0x74, 0x3b, 0x0a, 0x20, 0x20, 0x63
  .byte 0x6f, 0x6c, 0x6f, 0x72, 0x3a, 0x20, 0x63, 0x73, 0x73, 0x55, 0x74, 0x69, 0x6c, 0x73, 0x2e, 0x24
  .byte 0x74, 0x65, 0x78, 0x74, 0x2d, 0x61, 0x63, 0x63, 0x65, 0x6e, 0x74, 0x2d, 0x70, 0x72, 0x69, 0x6d
  .byte 0x61, 0x72, 0x79, 0x3b, 0x0a, 0x20, 0x20, 0x62, 0x6f, 0x72, 0x64, 0x65, 0x72, 0x2d, 0x74, 0x6f
  .byte 0x70, 0x2d, 0x6c, 0x65, 0x66, 0x74, 0x2d, 0x72, 0x61, 0x64, 0x69, 0x75, 0x73, 0x3a, 0x20, 0x76
  .byte 0x61, 0x72, 0x28, 0x2d, 0x2d, 0x6f, 0x70, 0x65, 0x6e, 0x75, 0x69, 0x2d, 0x64, 0x61, 0x74, 0x65
  .byte 0x2d, 0x70, 0x69, 0x63, 0x6b, 0x65, 0x72, 0x2d, 0x63, 0x65, 0x6c, 0x6c, 0x2d, 0x72, 0x61, 0x64
  .byte 0x69, 0x75, 0x73, 0x29, 0x3b, 0x0a, 0x20, 0x20, 0x62, 0x6f, 0x72, 0x64, 0x65, 0x72, 0x2d, 0x62
  .byte 0x6f, 0x74, 0x74, 0x6f, 0x6d, 0x2d, 0x6c, 0x65, 0x66, 0x74, 0x2d, 0x72, 0x61, 0x64, 0x69, 0x75
  .byte 0x73, 0x3a, 0x20, 0x76, 0x61, 0x72, 0x28, 0x2d, 0x2d, 0x6f, 0x70, 0x65, 0x6e, 0x75, 0x69, 0x2d
  .byte 0x64, 0x61, 0x74, 0x65, 0x2d, 0x70, 0x69, 0x63, 0x6b, 0x65, 0x72, 0x2d, 0x63, 0x65, 0x6c, 0x6c
  .byte 0x2d, 0x72, 0x61, 0x64, 0x69, 0x75, 0x73, 0x29, 0x3b, 0x0a, 0x7d, 0x0a, 0x0a, 0x2e, 0x6f, 0x70
  .byte 0x65, 0x6e, 0x75, 0x69, 0x2d, 0x64, 0x61, 0x74, 0x65, 0x2d, 0x70, 0x69, 0x63, 0x6b, 0x65, 0x72
  .byte 0x2d, 0x72, 0x61, 0x6e, 0x67, 0x65, 0x2d, 0x6d, 0x69, 0x64, 0x64, 0x6c, 0x65, 0x20, 0x7b, 0x0a
  .byte 0x20, 0x20, 0x62, 0x61, 0x63, 0x6b, 0x67, 0x72, 0x6f, 0x75, 0x6e, 0x64, 0x3a, 0x20, 0x63, 0x73
  .byte 0x73, 0x55, 0x74, 0x69, 0x6c, 0x73, 0x2e, 0x24, 0x68, 0x69, 0x67, 0x68, 0x6c, 0x69, 0x67, 0x68
  .byte 0x74, 0x3b, 0x0a, 0x7d, 0x0a, 0x0a, 0x2e, 0x6f, 0x70, 0x65, 0x6e, 0x75, 0x69, 0x2d, 0x64, 0x61
  .byte 0x74, 0x65, 0x2d, 0x70, 0x69, 0x63, 0x6b, 0x65, 0x72, 0x2d, 0x72, 0x61, 0x6e, 0x67, 0x65, 0x2d
  .byte 0x65, 0x6e, 0x64, 0x20, 0x7b, 0x0a, 0x20, 0x20, 0x62, 0x61, 0x63, 0x6b, 0x67, 0x72, 0x6f, 0x75
  .byte 0x6e, 0x64, 0x3a, 0x20, 0x63, 0x73, 0x73, 0x55, 0x74, 0x69, 0x6c, 0x73, 0x2e, 0x24, 0x69, 0x6e
  .byte 0x74, 0x65, 0x72, 0x61, 0x63, 0x74, 0x69, 0x76, 0x65, 0x2d, 0x61, 0x63, 0x63, 0x65, 0x6e, 0x74
  .byte 0x2d, 0x64, 0x65, 0x66, 0x61, 0x75, 0x6c, 0x74, 0x3b, 0x0a, 0x20, 0x20, 0x63, 0x6f, 0x6c, 0x6f
  .byte 0x72, 0x3a, 0x20, 0x63, 0x73, 0x73, 0x55, 0x74, 0x69, 0x6c, 0x73, 0x2e, 0x24, 0x74, 0x65, 0x78
  .byte 0x74, 0x2d, 0x61, 0x63, 0x63, 0x65, 0x6e, 0x74, 0x2d, 0x70, 0x72, 0x69, 0x6d, 0x61, 0x72, 0x79
  .byte 0x3b, 0x0a, 0x20, 0x20, 0x62, 0x6f, 0x72, 0x64, 0x65, 0x72, 0x2d, 0x74, 0x6f, 0x70, 0x2d, 0x72
  .byte 0x69, 0x67, 0x68, 0x74, 0x2d, 0x72, 0x61, 0x64, 0x69, 0x75, 0x73, 0x3a, 0x20, 0x76, 0x61, 0x72
  .byte 0x28, 0x2d, 0x2d, 0x6f, 0x70, 0x65, 0x6e, 0x75, 0x69, 0x2d, 0x64, 0x61, 0x74, 0x65, 0x2d, 0x70
  .byte 0x69, 0x63, 0x6b, 0x65, 0x72, 0x2d, 0x63, 0x65, 0x6c, 0x6c, 0x2d, 0x72, 0x61, 0x64, 0x69, 0x75
  .byte 0x73, 0x29, 0x3b, 0x0a, 0x20, 0x20, 0x62, 0x6f, 0x72, 0x64, 0x65, 0x72, 0x2d, 0x62, 0x6f, 0x74
  .byte 0x74, 0x6f, 0x6d, 0x2d, 0x72, 0x69, 0x67, 0x68, 0x74, 0x2d, 0x72, 0x61, 0x64, 0x69, 0x75, 0x73
  .byte 0x3a, 0x20, 0x76, 0x61, 0x72, 0x28, 0x2d, 0x2d, 0x6f, 0x70, 0x65, 0x6e, 0x75, 0x69, 0x2d, 0x64
  .byte 0x61, 0x74, 0x65, 0x2d, 0x70, 0x69, 0x63, 0x6b, 0x65, 0x72, 0x2d, 0x63, 0x65, 0x6c, 0x6c, 0x2d
  .byte 0x72, 0x61, 0x64, 0x69, 0x75, 0x73, 0x29, 0x3b, 0x0a, 0x7d, 0x0a

  .globl openui_full_port_packages_react_ui_src_components_DatePicker_helpers_utils_datePickerBaseStyle_scss_b406b5f5e134_pass_3_len
openui_full_port_packages_react_ui_src_components_DatePicker_helpers_utils_datePickerBaseStyle_scss_b406b5f5e134_pass_3_len:
  .quad 3963

# assembly pass: 4/4
  .globl openui_full_port_packages_react_ui_src_components_DatePicker_helpers_utils_datePickerBaseStyle_scss_b406b5f5e134_pass_4
openui_full_port_packages_react_ui_src_components_DatePicker_helpers_utils_datePickerBaseStyle_scss_b406b5f5e134_pass_4:
  .byte 0x40, 0x75, 0x73, 0x65, 0x20, 0x22, 0x2e, 0x2e, 0x2f, 0x2e, 0x2e, 0x2f, 0x2e, 0x2e, 0x2f, 0x2e
  .byte 0x2e, 0x2f, 0x63, 0x73, 0x73, 0x55, 0x74, 0x69, 0x6c, 0x73, 0x22, 0x20, 0x61, 0x73, 0x20, 0x63
  .byte 0x73, 0x73, 0x55, 0x74, 0x69, 0x6c, 0x73, 0x3b, 0x0a, 0x0a, 0x2e, 0x6f, 0x70, 0x65, 0x6e, 0x75
  .byte 0x69, 0x2d, 0x64, 0x61, 0x74, 0x65, 0x2d, 0x70, 0x69, 0x63, 0x6b, 0x65, 0x72, 0x2d, 0x72, 0x6f
  .byte 0x6f, 0x74, 0x20, 0x7b, 0x0a, 0x20, 0x20, 0x2d, 0x2d, 0x6f, 0x70, 0x65, 0x6e, 0x75, 0x69, 0x2d
  .byte 0x64, 0x61, 0x74, 0x65, 0x2d, 0x70, 0x69, 0x63, 0x6b, 0x65, 0x72, 0x2d, 0x64, 0x61, 0x79, 0x2d
  .byte 0x73, 0x69, 0x7a, 0x65, 0x3a, 0x20, 0x63, 0x61, 0x6c, 0x63, 0x28, 0x23, 0x7b, 0x63, 0x73, 0x73
  .byte 0x55, 0x74, 0x69, 0x6c, 0x73, 0x2e, 0x24, 0x73, 0x70, 0x61, 0x63, 0x65, 0x2d, 0x32, 0x78, 0x6c
  .byte 0x7d, 0x20, 0x2b, 0x20, 0x23, 0x7b, 0x63, 0x73, 0x73, 0x55, 0x74, 0x69, 0x6c, 0x73, 0x2e, 0x24
  .byte 0x73, 0x70, 0x61, 0x63, 0x65, 0x2d, 0x32, 0x78, 0x73, 0x7d, 0x29, 0x3b, 0x0a, 0x20, 0x20, 0x2d
  .byte 0x2d, 0x6f, 0x70, 0x65, 0x6e, 0x75, 0x69, 0x2d, 0x64, 0x61, 0x74, 0x65, 0x2d, 0x70, 0x69, 0x63
  .byte 0x6b, 0x65, 0x72, 0x2d, 0x63, 0x65, 0x6c, 0x6c, 0x2d, 0x72, 0x61, 0x64, 0x69, 0x75, 0x73, 0x3a
  .byte 0x20, 0x23, 0x7b, 0x63, 0x73, 0x73, 0x55, 0x74, 0x69, 0x6c, 0x73, 0x2e, 0x24, 0x72, 0x61, 0x64
  .byte 0x69, 0x75, 0x73, 0x2d, 0x6d, 0x7d, 0x3b, 0x0a, 0x0a, 0x20, 0x20, 0x40, 0x69, 0x6e, 0x63, 0x6c
  .byte 0x75, 0x64, 0x65, 0x20, 0x63, 0x73, 0x73, 0x55, 0x74, 0x69, 0x6c, 0x73, 0x2e, 0x74, 0x79, 0x70
  .byte 0x6f, 0x67, 0x72, 0x61, 0x70, 0x68, 0x79, 0x28, 0x70, 0x72, 0x69, 0x6d, 0x61, 0x72, 0x79, 0x2c
  .byte 0x20, 0x64, 0x65, 0x66, 0x61, 0x75, 0x6c, 0x74, 0x29, 0x3b, 0x0a, 0x20, 0x20, 0x77, 0x69, 0x64
  .byte 0x74, 0x68, 0x3a, 0x20, 0x66, 0x69, 0x74, 0x2d, 0x63, 0x6f, 0x6e, 0x74, 0x65, 0x6e, 0x74, 0x3b
  .byte 0x0a, 0x20, 0x20, 0x6d, 0x61, 0x78, 0x2d, 0x77, 0x69, 0x64, 0x74, 0x68, 0x3a, 0x20, 0x31, 0x30
  .byte 0x30, 0x25, 0x3b, 0x0a, 0x20, 0x20, 0x62, 0x6f, 0x78, 0x2d, 0x73, 0x69, 0x7a, 0x69, 0x6e, 0x67
  .byte 0x3a, 0x20, 0x62, 0x6f, 0x72, 0x64, 0x65, 0x72, 0x2d, 0x62, 0x6f, 0x78, 0x3b, 0x0a, 0x20, 0x20
  .byte 0x70, 0x61, 0x64, 0x64, 0x69, 0x6e, 0x67, 0x3a, 0x20, 0x63, 0x73, 0x73, 0x55, 0x74, 0x69, 0x6c
  .byte 0x73, 0x2e, 0x24, 0x73, 0x70, 0x61, 0x63, 0x65, 0x2d, 0x6c, 0x3b, 0x0a, 0x20, 0x20, 0x62, 0x61
  .byte 0x63, 0x6b, 0x67, 0x72, 0x6f, 0x75, 0x6e, 0x64, 0x2d, 0x63, 0x6f, 0x6c, 0x6f, 0x72, 0x3a, 0x20
  .byte 0x63, 0x73, 0x73, 0x55, 0x74, 0x69, 0x6c, 0x73, 0x2e, 0x24, 0x66, 0x6f, 0x72, 0x65, 0x67, 0x72
  .byte 0x6f, 0x75, 0x6e, 0x64, 0x3b, 0x0a, 0x20, 0x20, 0x63, 0x6f, 0x6c, 0x6f, 0x72, 0x3a, 0x20, 0x63
  .byte 0x73, 0x73, 0x55, 0x74, 0x69, 0x6c, 0x73, 0x2e, 0x24, 0x74, 0x65, 0x78, 0x74, 0x2d, 0x6e, 0x65
  .byte 0x75, 0x74, 0x72, 0x61, 0x6c, 0x2d, 0x70, 0x72, 0x69, 0x6d, 0x61, 0x72, 0x79, 0x3b, 0x0a, 0x7d
  .byte 0x0a, 0x0a, 0x2e, 0x6f, 0x70, 0x65, 0x6e, 0x75, 0x69, 0x2d, 0x64, 0x61, 0x74, 0x65, 0x2d, 0x70
  .byte 0x69, 0x63, 0x6b, 0x65, 0x72, 0x2d, 0x6e, 0x61, 0x76, 0x20, 0x7b, 0x0a, 0x20, 0x20, 0x26, 0x2d
  .byte 0x6d, 0x6f, 0x62, 0x69, 0x6c, 0x65, 0x20, 0x7b, 0x0a, 0x20, 0x20, 0x20, 0x20, 0x67, 0x61, 0x70
  .byte 0x3a, 0x20, 0x63, 0x73, 0x73, 0x55, 0x74, 0x69, 0x6c, 0x73, 0x2e, 0x24, 0x73, 0x70, 0x61, 0x63
  .byte 0x65, 0x2d, 0x73, 0x3b, 0x0a, 0x20, 0x20, 0x7d, 0x0a, 0x0a, 0x20, 0x20, 0x26, 0x2d, 0x66, 0x75
  .byte 0x6c, 0x6c, 0x73, 0x63, 0x72, 0x65, 0x65, 0x6e, 0x2c, 0x0a, 0x20, 0x20, 0x26, 0x2d, 0x74, 0x72
  .byte 0x61, 0x79, 0x2c, 0x0a, 0x20, 0x20, 0x26, 0x2d, 0x63, 0x6f, 0x70, 0x69, 0x6c, 0x6f, 0x74, 0x20
  .byte 0x7b, 0x0a, 0x20, 0x20, 0x20, 0x20, 0x67, 0x61, 0x70, 0x3a, 0x20, 0x63, 0x73, 0x73, 0x55, 0x74
  .byte 0x69, 0x6c, 0x73, 0x2e, 0x24, 0x73, 0x70, 0x61, 0x63, 0x65, 0x2d, 0x6d, 0x3b, 0x0a, 0x20, 0x20
  .byte 0x7d, 0x0a, 0x7d, 0x0a, 0x0a, 0x2e, 0x6f, 0x70, 0x65, 0x6e, 0x75, 0x69, 0x2d, 0x64, 0x61, 0x74
  .byte 0x65, 0x2d, 0x70, 0x69, 0x63, 0x6b, 0x65, 0x72, 0x2d, 0x64, 0x72, 0x6f, 0x70, 0x64, 0x6f, 0x77
  .byte 0x6e, 0x73, 0x20, 0x7b, 0x0a, 0x20, 0x20, 0x26, 0x2d, 0x6d, 0x6f, 0x62, 0x69, 0x6c, 0x65, 0x20
  .byte 0x7b, 0x0a, 0x20, 0x20, 0x20, 0x20, 0x67, 0x61, 0x70, 0x3a, 0x20, 0x63, 0x73, 0x73, 0x55, 0x74
  .byte 0x69, 0x6c, 0x73, 0x2e, 0x24, 0x73, 0x70, 0x61, 0x63, 0x65, 0x2d, 0x32, 0x78, 0x73, 0x3b, 0x0a
  .byte 0x20, 0x20, 0x7d, 0x0a, 0x0a, 0x20, 0x20, 0x26, 0x2d, 0x66, 0x75, 0x6c, 0x6c, 0x73, 0x63, 0x72
  .byte 0x65, 0x65, 0x6e, 0x2c, 0x0a, 0x20, 0x20, 0x26, 0x2d, 0x74, 0x72, 0x61, 0x79, 0x2c, 0x0a, 0x20
  .byte 0x20, 0x26, 0x2d, 0x63, 0x6f, 0x70, 0x69, 0x6c, 0x6f, 0x74, 0x20, 0x7b, 0x0a, 0x20, 0x20, 0x20
  .byte 0x20, 0x67, 0x61, 0x70, 0x3a, 0x20, 0x63, 0x73, 0x73, 0x55, 0x74, 0x69, 0x6c, 0x73, 0x2e, 0x24
  .byte 0x73, 0x70, 0x61, 0x63, 0x65, 0x2d, 0x73, 0x3b, 0x0a, 0x20, 0x20, 0x7d, 0x0a, 0x7d, 0x0a, 0x0a
  .byte 0x2e, 0x6f, 0x70, 0x65, 0x6e, 0x75, 0x69, 0x2d, 0x64, 0x61, 0x74, 0x65, 0x2d, 0x70, 0x69, 0x63
  .byte 0x6b, 0x65, 0x72, 0x2d, 0x6d, 0x6f, 0x6e, 0x74, 0x68, 0x20, 0x7b, 0x0a, 0x20, 0x20, 0x63, 0x6f
  .byte 0x6c, 0x6f, 0x72, 0x3a, 0x20, 0x63, 0x73, 0x73, 0x55, 0x74, 0x69, 0x6c, 0x73, 0x2e, 0x24, 0x74
  .byte 0x65, 0x78, 0x74, 0x2d, 0x6e, 0x65, 0x75, 0x74, 0x72, 0x61, 0x6c, 0x2d, 0x70, 0x72, 0x69, 0x6d
  .byte 0x61, 0x72, 0x79, 0x3b, 0x0a, 0x7d, 0x0a, 0x0a, 0x2e, 0x6f, 0x70, 0x65, 0x6e, 0x75, 0x69, 0x2d
  .byte 0x64, 0x61, 0x74, 0x65, 0x2d, 0x70, 0x69, 0x63, 0x6b, 0x65, 0x72, 0x2d, 0x6d, 0x6f, 0x6e, 0x74
  .byte 0x68, 0x2d, 0x63, 0x61, 0x70, 0x74, 0x69, 0x6f, 0x6e, 0x20, 0x7b, 0x0a, 0x20, 0x20, 0x40, 0x69
  .byte 0x6e, 0x63, 0x6c, 0x75, 0x64, 0x65, 0x20, 0x63, 0x73, 0x73, 0x55, 0x74, 0x69, 0x6c, 0x73, 0x2e
  .byte 0x74, 0x79, 0x70, 0x6f, 0x67, 0x72, 0x61, 0x70, 0x68, 0x79, 0x28, 0x62, 0x6f, 0x64, 0x79, 0x2c
  .byte 0x20, 0x64, 0x65, 0x66, 0x61, 0x75, 0x6c, 0x74, 0x29, 0x3b, 0x0a, 0x20, 0x20, 0x64, 0x69, 0x73
  .byte 0x70, 0x6c, 0x61, 0x79, 0x3a, 0x20, 0x66, 0x6c, 0x65, 0x78, 0x3b, 0x0a, 0x20, 0x20, 0x61, 0x6c
  .byte 0x69, 0x67, 0x6e, 0x2d, 0x69, 0x74, 0x65, 0x6d, 0x73, 0x3a, 0x20, 0x63, 0x65, 0x6e, 0x74, 0x65
  .byte 0x72, 0x3b, 0x0a, 0x20, 0x20, 0x6a, 0x75, 0x73, 0x74, 0x69, 0x66, 0x79, 0x2d, 0x63, 0x6f, 0x6e
  .byte 0x74, 0x65, 0x6e, 0x74, 0x3a, 0x20, 0x73, 0x70, 0x61, 0x63, 0x65, 0x2d, 0x62, 0x65, 0x74, 0x77
  .byte 0x65, 0x65, 0x6e, 0x3b, 0x0a, 0x20, 0x20, 0x67, 0x61, 0x70, 0x3a, 0x20, 0x63, 0x73, 0x73, 0x55
  .byte 0x74, 0x69, 0x6c, 0x73, 0x2e, 0x24, 0x73, 0x70, 0x61, 0x63, 0x65, 0x2d, 0x73, 0x3b, 0x0a, 0x20
  .byte 0x20, 0x68, 0x65, 0x69, 0x67, 0x68, 0x74, 0x3a, 0x20, 0x61, 0x75, 0x74, 0x6f, 0x3b, 0x0a, 0x20
  .byte 0x20, 0x6d, 0x61, 0x72, 0x67, 0x69, 0x6e, 0x2d, 0x62, 0x6f, 0x74, 0x74, 0x6f, 0x6d, 0x3a, 0x20
  .byte 0x63, 0x73, 0x73, 0x55, 0x74, 0x69, 0x6c, 0x73, 0x2e, 0x24, 0x73, 0x70, 0x61, 0x63, 0x65, 0x2d
  .byte 0x73, 0x3b, 0x0a, 0x20, 0x20, 0x66, 0x6f, 0x6e, 0x74, 0x2d, 0x77, 0x65, 0x69, 0x67, 0x68, 0x74
  .byte 0x3a, 0x20, 0x69, 0x6e, 0x68, 0x65, 0x72, 0x69, 0x74, 0x3b, 0x0a, 0x20, 0x20, 0x66, 0x6f, 0x6e
  .byte 0x74, 0x2d, 0x73, 0x69, 0x7a, 0x65, 0x3a, 0x20, 0x69, 0x6e, 0x68, 0x65, 0x72, 0x69, 0x74, 0x3b
  .byte 0x0a, 0x7d, 0x0a, 0x0a, 0x2e, 0x6f, 0x70, 0x65, 0x6e, 0x75, 0x69, 0x2d, 0x64, 0x61, 0x74, 0x65
  .byte 0x2d, 0x70, 0x69, 0x63, 0x6b, 0x65, 0x72, 0x2d, 0x6d, 0x6f, 0x6e, 0x74, 0x68, 0x73, 0x2d, 0x64
  .byte 0x72, 0x6f, 0x70, 0x64, 0x6f, 0x77, 0x6e, 0x2c, 0x0a, 0x2e, 0x6f, 0x70, 0x65, 0x6e, 0x75, 0x69
  .byte 0x2d, 0x64, 0x61, 0x74, 0x65, 0x2d, 0x70, 0x69, 0x63, 0x6b, 0x65, 0x72, 0x2d, 0x79, 0x65, 0x61
  .byte 0x72, 0x73, 0x2d, 0x64, 0x72, 0x6f, 0x70, 0x64, 0x6f, 0x77, 0x6e, 0x20, 0x7b, 0x0a, 0x20, 0x20
  .byte 0x63, 0x75, 0x72, 0x73, 0x6f, 0x72, 0x3a, 0x20, 0x70, 0x6f, 0x69, 0x6e, 0x74, 0x65, 0x72, 0x3b
  .byte 0x0a, 0x7d, 0x0a, 0x0a, 0x2e, 0x6f, 0x70, 0x65, 0x6e, 0x75, 0x69, 0x2d, 0x64, 0x61, 0x74, 0x65
  .byte 0x2d, 0x70, 0x69, 0x63, 0x6b, 0x65, 0x72, 0x2d, 0x63, 0x68, 0x65, 0x76, 0x72, 0x6f, 0x6e, 0x20
  .byte 0x7b, 0x0a, 0x20, 0x20, 0x66, 0x69, 0x6c, 0x6c, 0x3a, 0x20, 0x63, 0x73, 0x73, 0x55, 0x74, 0x69
  .byte 0x6c, 0x73, 0x2e, 0x24, 0x69, 0x6e, 0x74, 0x65, 0x72, 0x61, 0x63, 0x74, 0x69, 0x76, 0x65, 0x2d
  .byte 0x61, 0x63, 0x63, 0x65, 0x6e, 0x74, 0x2d, 0x64, 0x65, 0x66, 0x61, 0x75, 0x6c, 0x74, 0x3b, 0x0a
  .byte 0x7d, 0x0a, 0x0a, 0x2e, 0x6f, 0x70, 0x65, 0x6e, 0x75, 0x69, 0x2d, 0x64, 0x61, 0x74, 0x65, 0x2d
  .byte 0x70, 0x69, 0x63, 0x6b, 0x65, 0x72, 0x2d, 0x6d, 0x6f, 0x6e, 0x74, 0x68, 0x2d, 0x67, 0x72, 0x69
  .byte 0x64, 0x20, 0x7b, 0x0a, 0x20, 0x20, 0x77, 0x69, 0x64, 0x74, 0x68, 0x3a, 0x20, 0x61, 0x75, 0x74
  .byte 0x6f, 0x3b, 0x0a, 0x20, 0x20, 0x74, 0x61, 0x62, 0x6c, 0x65, 0x2d, 0x6c, 0x61, 0x79, 0x6f, 0x75
  .byte 0x74, 0x3a, 0x20, 0x61, 0x75, 0x74, 0x6f, 0x3b, 0x0a, 0x20, 0x20, 0x62, 0x6f, 0x72, 0x64, 0x65
  .byte 0x72, 0x2d, 0x63, 0x6f, 0x6c, 0x6c, 0x61, 0x70, 0x73, 0x65, 0x3a, 0x20, 0x63, 0x6f, 0x6c, 0x6c
  .byte 0x61, 0x70, 0x73, 0x65, 0x3b, 0x0a, 0x7d, 0x0a, 0x0a, 0x2e, 0x6f, 0x70, 0x65, 0x6e, 0x75, 0x69
  .byte 0x2d, 0x64, 0x61, 0x74, 0x65, 0x2d, 0x70, 0x69, 0x63, 0x6b, 0x65, 0x72, 0x2d, 0x77, 0x65, 0x65
  .byte 0x6b, 0x64, 0x61, 0x79, 0x73, 0x20, 0x7b, 0x0a, 0x20, 0x20, 0x63, 0x6f, 0x6c, 0x6f, 0x72, 0x3a
  .byte 0x20, 0x63, 0x73, 0x73, 0x55, 0x74, 0x69, 0x6c, 0x73, 0x2e, 0x24, 0x74, 0x65, 0x78, 0x74, 0x2d
  .byte 0x6e, 0x65, 0x75, 0x74, 0x72, 0x61, 0x6c, 0x2d, 0x70, 0x72, 0x69, 0x6d, 0x61, 0x72, 0x79, 0x3b
  .byte 0x0a, 0x7d, 0x0a, 0x0a, 0x2e, 0x6f, 0x70, 0x65, 0x6e, 0x75, 0x69, 0x2d, 0x64, 0x61, 0x74, 0x65
  .byte 0x2d, 0x70, 0x69, 0x63, 0x6b, 0x65, 0x72, 0x2d, 0x77, 0x65, 0x65, 0x6b, 0x64, 0x61, 0x79, 0x20
  .byte 0x7b, 0x0a, 0x20, 0x20, 0x40, 0x69, 0x6e, 0x63, 0x6c, 0x75, 0x64, 0x65, 0x20, 0x63, 0x73, 0x73
  .byte 0x55, 0x74, 0x69, 0x6c, 0x73, 0x2e, 0x74, 0x79, 0x70, 0x6f, 0x67, 0x72, 0x61, 0x70, 0x68, 0x79
  .byte 0x28, 0x6c, 0x61, 0x62, 0x65, 0x6c, 0x2c, 0x20, 0x73, 0x6d, 0x61, 0x6c, 0x6c, 0x29, 0x3b, 0x0a
  .byte 0x20, 0x20, 0x63, 0x6f, 0x6c, 0x6f, 0x72, 0x3a, 0x20, 0x63, 0x73, 0x73, 0x55, 0x74, 0x69, 0x6c
  .byte 0x73, 0x2e, 0x24, 0x74, 0x65, 0x78, 0x74, 0x2d, 0x6e, 0x65, 0x75, 0x74, 0x72, 0x61, 0x6c, 0x2d
  .byte 0x73, 0x65, 0x63, 0x6f, 0x6e, 0x64, 0x61, 0x72, 0x79, 0x3b, 0x0a, 0x20, 0x20, 0x77, 0x69, 0x64
  .byte 0x74, 0x68, 0x3a, 0x20, 0x76, 0x61, 0x72, 0x28, 0x2d, 0x2d, 0x6f, 0x70, 0x65, 0x6e, 0x75, 0x69
  .byte 0x2d, 0x64, 0x61, 0x74, 0x65, 0x2d, 0x70, 0x69, 0x63, 0x6b, 0x65, 0x72, 0x2d, 0x64, 0x61, 0x79
  .byte 0x2d, 0x73, 0x69, 0x7a, 0x65, 0x29, 0x3b, 0x0a, 0x20, 0x20, 0x68, 0x65, 0x69, 0x67, 0x68, 0x74
  .byte 0x3a, 0x20, 0x76, 0x61, 0x72, 0x28, 0x2d, 0x2d, 0x6f, 0x70, 0x65, 0x6e, 0x75, 0x69, 0x2d, 0x64
  .byte 0x61, 0x74, 0x65, 0x2d, 0x70, 0x69, 0x63, 0x6b, 0x65, 0x72, 0x2d, 0x64, 0x61, 0x79, 0x2d, 0x73
  .byte 0x69, 0x7a, 0x65, 0x29, 0x3b, 0x0a, 0x20, 0x20, 0x70, 0x61, 0x64, 0x64, 0x69, 0x6e, 0x67, 0x3a
  .byte 0x20, 0x30, 0x3b, 0x0a, 0x20, 0x20, 0x74, 0x65, 0x78, 0x74, 0x2d, 0x74, 0x72, 0x61, 0x6e, 0x73
  .byte 0x66, 0x6f, 0x72, 0x6d, 0x3a, 0x20, 0x6e, 0x6f, 0x6e, 0x65, 0x3b, 0x0a, 0x20, 0x20, 0x74, 0x65
  .byte 0x78, 0x74, 0x2d, 0x61, 0x6c, 0x69, 0x67, 0x6e, 0x3a, 0x20, 0x63, 0x65, 0x6e, 0x74, 0x65, 0x72
  .byte 0x3b, 0x0a, 0x20, 0x20, 0x76, 0x65, 0x72, 0x74, 0x69, 0x63, 0x61, 0x6c, 0x2d, 0x61, 0x6c, 0x69
  .byte 0x67, 0x6e, 0x3a, 0x20, 0x6d, 0x69, 0x64, 0x64, 0x6c, 0x65, 0x3b, 0x0a, 0x7d, 0x0a, 0x0a, 0x2e
  .byte 0x6f, 0x70, 0x65, 0x6e, 0x75, 0x69, 0x2d, 0x64, 0x61, 0x74, 0x65, 0x2d, 0x70, 0x69, 0x63, 0x6b
  .byte 0x65, 0x72, 0x2d, 0x73, 0x69, 0x6e, 0x67, 0x6c, 0x65, 0x2d, 0x64, 0x61, 0x79, 0x2c, 0x0a, 0x2e
  .byte 0x6f, 0x70, 0x65, 0x6e, 0x75, 0x69, 0x2d, 0x64, 0x61, 0x74, 0x65, 0x2d, 0x70, 0x69, 0x63, 0x6b
  .byte 0x65, 0x72, 0x2d, 0x72, 0x61, 0x6e, 0x67, 0x65, 0x2d, 0x64, 0x61, 0x79, 0x20, 0x7b, 0x0a, 0x20
  .byte 0x20, 0x77, 0x69, 0x64, 0x74, 0x68, 0x3a, 0x20, 0x76, 0x61, 0x72, 0x28, 0x2d, 0x2d, 0x6f, 0x70
  .byte 0x65, 0x6e, 0x75, 0x69, 0x2d, 0x64, 0x61, 0x74, 0x65, 0x2d, 0x70, 0x69, 0x63, 0x6b, 0x65, 0x72
  .byte 0x2d, 0x64, 0x61, 0x79, 0x2d, 0x73, 0x69, 0x7a, 0x65, 0x29, 0x3b, 0x0a, 0x20, 0x20, 0x68, 0x65
  .byte 0x69, 0x67, 0x68, 0x74, 0x3a, 0x20, 0x76, 0x61, 0x72, 0x28, 0x2d, 0x2d, 0x6f, 0x70, 0x65, 0x6e
  .byte 0x75, 0x69, 0x2d, 0x64, 0x61, 0x74, 0x65, 0x2d, 0x70, 0x69, 0x63, 0x6b, 0x65, 0x72, 0x2d, 0x64
  .byte 0x61, 0x79, 0x2d, 0x73, 0x69, 0x7a, 0x65, 0x29, 0x3b, 0x0a, 0x20, 0x20, 0x6d, 0x69, 0x6e, 0x2d
  .byte 0x77, 0x69, 0x64, 0x74, 0x68, 0x3a, 0x20, 0x76, 0x61, 0x72, 0x28, 0x2d, 0x2d, 0x6f, 0x70, 0x65
  .byte 0x6e, 0x75, 0x69, 0x2d, 0x64, 0x61, 0x74, 0x65, 0x2d, 0x70, 0x69, 0x63, 0x6b, 0x65, 0x72, 0x2d
  .byte 0x64, 0x61, 0x79, 0x2d, 0x73, 0x69, 0x7a, 0x65, 0x29, 0x3b, 0x0a, 0x20, 0x20, 0x6d, 0x69, 0x6e
  .byte 0x2d, 0x68, 0x65, 0x69, 0x67, 0x68, 0x74, 0x3a, 0x20, 0x76, 0x61, 0x72, 0x28, 0x2d, 0x2d, 0x6f
  .byte 0x70, 0x65, 0x6e, 0x75, 0x69, 0x2d, 0x64, 0x61, 0x74, 0x65, 0x2d, 0x70, 0x69, 0x63, 0x6b, 0x65
  .byte 0x72, 0x2d, 0x64, 0x61, 0x79, 0x2d, 0x73, 0x69, 0x7a, 0x65, 0x29, 0x3b, 0x0a, 0x20, 0x20, 0x70
  .byte 0x61, 0x64, 0x64, 0x69, 0x6e, 0x67, 0x3a, 0x20, 0x30, 0x3b, 0x0a, 0x20, 0x20, 0x76, 0x65, 0x72
  .byte 0x74, 0x69, 0x63, 0x61, 0x6c, 0x2d, 0x61, 0x6c, 0x69, 0x67, 0x6e, 0x3a, 0x20, 0x6d, 0x69, 0x64
  .byte 0x64, 0x6c, 0x65, 0x3b, 0x0a, 0x7d, 0x0a, 0x0a, 0x2e, 0x6f, 0x70, 0x65, 0x6e, 0x75, 0x69, 0x2d
  .byte 0x64, 0x61, 0x74, 0x65, 0x2d, 0x70, 0x69, 0x63, 0x6b, 0x65, 0x72, 0x2d, 0x73, 0x69, 0x6e, 0x67
  .byte 0x6c, 0x65, 0x2d, 0x64, 0x61, 0x79, 0x2d, 0x62, 0x75, 0x74, 0x74, 0x6f, 0x6e, 0x2c, 0x0a, 0x2e
  .byte 0x6f, 0x70, 0x65, 0x6e, 0x75, 0x69, 0x2d, 0x64, 0x61, 0x74, 0x65, 0x2d, 0x70, 0x69, 0x63, 0x6b
  .byte 0x65, 0x72, 0x2d, 0x72, 0x61, 0x6e, 0x67, 0x65, 0x2d, 0x64, 0x61, 0x79, 0x2d, 0x62, 0x75, 0x74
  .byte 0x74, 0x6f, 0x6e, 0x20, 0x7b, 0x0a, 0x20, 0x20, 0x40, 0x69, 0x6e, 0x63, 0x6c, 0x75, 0x64, 0x65
  .byte 0x20, 0x63, 0x73, 0x73, 0x55, 0x74, 0x69, 0x6c, 0x73, 0x2e, 0x74, 0x79, 0x70, 0x6f, 0x67, 0x72
  .byte 0x61, 0x70, 0x68, 0x79, 0x28, 0x6c, 0x61, 0x62, 0x65, 0x6c, 0x2c, 0x20, 0x64, 0x65, 0x66, 0x61
  .byte 0x75, 0x6c, 0x74, 0x29, 0x3b, 0x0a, 0x20, 0x20, 0x77, 0x69, 0x64, 0x74, 0x68, 0x3a, 0x20, 0x31
  .byte 0x30, 0x30, 0x25, 0x3b, 0x0a, 0x20, 0x20, 0x68, 0x65, 0x69, 0x67, 0x68, 0x74, 0x3a, 0x20, 0x31
  .byte 0x30, 0x30, 0x25, 0x3b, 0x0a, 0x20, 0x20, 0x6d, 0x61, 0x72, 0x67, 0x69, 0x6e, 0x3a, 0x20, 0x30
  .byte 0x3b, 0x0a, 0x20, 0x20, 0x70, 0x61, 0x64, 0x64, 0x69, 0x6e, 0x67, 0x3a, 0x20, 0x30, 0x3b, 0x0a
  .byte 0x20, 0x20, 0x62, 0x6f, 0x72, 0x64, 0x65, 0x72, 0x3a, 0x20, 0x31, 0x70, 0x78, 0x20, 0x73, 0x6f
  .byte 0x6c, 0x69, 0x64, 0x20, 0x74, 0x72, 0x61, 0x6e, 0x73, 0x70, 0x61, 0x72, 0x65, 0x6e, 0x74, 0x3b
  .byte 0x0a, 0x20, 0x20, 0x62, 0x6f, 0x72, 0x64, 0x65, 0x72, 0x2d, 0x72, 0x61, 0x64, 0x69, 0x75, 0x73
  .byte 0x3a, 0x20, 0x76, 0x61, 0x72, 0x28, 0x2d, 0x2d, 0x6f, 0x70, 0x65, 0x6e, 0x75, 0x69, 0x2d, 0x64
  .byte 0x61, 0x74, 0x65, 0x2d, 0x70, 0x69, 0x63, 0x6b, 0x65, 0x72, 0x2d, 0x63, 0x65, 0x6c, 0x6c, 0x2d
  .byte 0x72, 0x61, 0x64, 0x69, 0x75, 0x73, 0x29, 0x3b, 0x0a, 0x20, 0x20, 0x62, 0x61, 0x63, 0x6b, 0x67
  .byte 0x72, 0x6f, 0x75, 0x6e, 0x64, 0x3a, 0x20, 0x74, 0x72, 0x61, 0x6e, 0x73, 0x70, 0x61, 0x72, 0x65
  .byte 0x6e, 0x74, 0x3b, 0x0a, 0x20, 0x20, 0x63, 0x6f, 0x6c, 0x6f, 0x72, 0x3a, 0x20, 0x69, 0x6e, 0x68
  .byte 0x65, 0x72, 0x69, 0x74, 0x3b, 0x0a, 0x20, 0x20, 0x63, 0x75, 0x72, 0x73, 0x6f, 0x72, 0x3a, 0x20
  .byte 0x70, 0x6f, 0x69, 0x6e, 0x74, 0x65, 0x72, 0x3b, 0x0a, 0x20, 0x20, 0x64, 0x69, 0x73, 0x70, 0x6c
  .byte 0x61, 0x79, 0x3a, 0x20, 0x66, 0x6c, 0x65, 0x78, 0x3b, 0x0a, 0x20, 0x20, 0x61, 0x6c, 0x69, 0x67
  .byte 0x6e, 0x2d, 0x69, 0x74, 0x65, 0x6d, 0x73, 0x3a, 0x20, 0x63, 0x65, 0x6e, 0x74, 0x65, 0x72, 0x3b
  .byte 0x0a, 0x20, 0x20, 0x6a, 0x75, 0x73, 0x74, 0x69, 0x66, 0x79, 0x2d, 0x63, 0x6f, 0x6e, 0x74, 0x65
  .byte 0x6e, 0x74, 0x3a, 0x20, 0x63, 0x65, 0x6e, 0x74, 0x65, 0x72, 0x3b, 0x0a, 0x20, 0x20, 0x74, 0x72
  .byte 0x61, 0x6e, 0x73, 0x69, 0x74, 0x69, 0x6f, 0x6e, 0x3a, 0x0a, 0x20, 0x20, 0x20, 0x20, 0x62, 0x61
  .byte 0x63, 0x6b, 0x67, 0x72, 0x6f, 0x75, 0x6e, 0x64, 0x2d, 0x63, 0x6f, 0x6c, 0x6f, 0x72, 0x20, 0x30
  .byte 0x2e, 0x31, 0x32, 0x73, 0x20, 0x65, 0x61, 0x73, 0x65, 0x2c, 0x0a, 0x20, 0x20, 0x20, 0x20, 0x62
  .byte 0x6f, 0x72, 0x64, 0x65, 0x72, 0x2d, 0x63, 0x6f, 0x6c, 0x6f, 0x72, 0x20, 0x30, 0x2e, 0x31, 0x32
  .byte 0x73, 0x20, 0x65, 0x61, 0x73, 0x65, 0x2c, 0x0a, 0x20, 0x20, 0x20, 0x20, 0x63, 0x6f, 0x6c, 0x6f
  .byte 0x72, 0x20, 0x30, 0x2e, 0x31, 0x32, 0x73, 0x20, 0x65, 0x61, 0x73, 0x65, 0x3b, 0x0a, 0x0a, 0x20
  .byte 0x20, 0x26, 0x3a, 0x66, 0x6f, 0x63, 0x75, 0x73, 0x20, 0x7b, 0x0a, 0x20, 0x20, 0x20, 0x20, 0x6f
  .byte 0x75, 0x74, 0x6c, 0x69, 0x6e, 0x65, 0x3a, 0x20, 0x6e, 0x6f, 0x6e, 0x65, 0x3b, 0x0a, 0x20, 0x20
  .byte 0x7d, 0x0a, 0x0a, 0x20, 0x20, 0x26, 0x3a, 0x66, 0x6f, 0x63, 0x75, 0x73, 0x2d, 0x76, 0x69, 0x73
  .byte 0x69, 0x62, 0x6c, 0x65, 0x20, 0x7b, 0x0a, 0x20, 0x20, 0x20, 0x20, 0x6f, 0x75, 0x74, 0x6c, 0x69
  .byte 0x6e, 0x65, 0x3a, 0x20, 0x32, 0x70, 0x78, 0x20, 0x73, 0x6f, 0x6c, 0x69, 0x64, 0x20, 0x63, 0x73
  .byte 0x73, 0x55, 0x74, 0x69, 0x6c, 0x73, 0x2e, 0x24, 0x62, 0x6f, 0x72, 0x64, 0x65, 0x72, 0x2d, 0x61
  .byte 0x63, 0x63, 0x65, 0x6e, 0x74, 0x3b, 0x0a, 0x20, 0x20, 0x20, 0x20, 0x6f, 0x75, 0x74, 0x6c, 0x69
  .byte 0x6e, 0x65, 0x2d, 0x6f, 0x66, 0x66, 0x73, 0x65, 0x74, 0x3a, 0x20, 0x63, 0x73, 0x73, 0x55, 0x74
  .byte 0x69, 0x6c, 0x73, 0x2e, 0x24, 0x73, 0x70, 0x61, 0x63, 0x65, 0x2d, 0x33, 0x78, 0x73, 0x3b, 0x0a
  .byte 0x20, 0x20, 0x7d, 0x0a, 0x0a, 0x20, 0x20, 0x26, 0x3a, 0x6e, 0x6f, 0x74, 0x28, 0x3a, 0x64, 0x69
  .byte 0x73, 0x61, 0x62, 0x6c, 0x65, 0x64, 0x29, 0x3a, 0x68, 0x6f, 0x76, 0x65, 0x72, 0x20, 0x7b, 0x0a
  .byte 0x20, 0x20, 0x20, 0x20, 0x62, 0x61, 0x63, 0x6b, 0x67, 0x72, 0x6f, 0x75, 0x6e, 0x64, 0x2d, 0x63
  .byte 0x6f, 0x6c, 0x6f, 0x72, 0x3a, 0x20, 0x63, 0x73, 0x73, 0x55, 0x74, 0x69, 0x6c, 0x73, 0x2e, 0x24
  .byte 0x68, 0x69, 0x67, 0x68, 0x6c, 0x69, 0x67, 0x68, 0x74, 0x2d, 0x73, 0x75, 0x62, 0x74, 0x6c, 0x65
  .byte 0x3b, 0x0a, 0x20, 0x20, 0x7d, 0x0a, 0x0a, 0x20, 0x20, 0x26, 0x3a, 0x64, 0x69, 0x73, 0x61, 0x62
  .byte 0x6c, 0x65, 0x64, 0x20, 0x7b, 0x0a, 0x20, 0x20, 0x20, 0x20, 0x63, 0x75, 0x72, 0x73, 0x6f, 0x72
  .byte 0x3a, 0x20, 0x6e, 0x6f, 0x74, 0x2d, 0x61, 0x6c, 0x6c, 0x6f, 0x77, 0x65, 0x64, 0x3b, 0x0a, 0x20
  .byte 0x20, 0x20, 0x20, 0x63, 0x6f, 0x6c, 0x6f, 0x72, 0x3a, 0x20, 0x63, 0x73, 0x73, 0x55, 0x74, 0x69
  .byte 0x6c, 0x73, 0x2e, 0x24, 0x74, 0x65, 0x78, 0x74, 0x2d, 0x6e, 0x65, 0x75, 0x74, 0x72, 0x61, 0x6c
  .byte 0x2d, 0x74, 0x65, 0x72, 0x74, 0x69, 0x61, 0x72, 0x79, 0x3b, 0x0a, 0x20, 0x20, 0x7d, 0x0a, 0x7d
  .byte 0x0a, 0x0a, 0x2e, 0x6f, 0x70, 0x65, 0x6e, 0x75, 0x69, 0x2d, 0x64, 0x61, 0x74, 0x65, 0x2d, 0x70
  .byte 0x69, 0x63, 0x6b, 0x65, 0x72, 0x2d, 0x62, 0x75, 0x74, 0x74, 0x6f, 0x6e, 0x2d, 0x6e, 0x65, 0x78
  .byte 0x74, 0x2c, 0x0a, 0x2e, 0x6f, 0x70, 0x65, 0x6e, 0x75, 0x69, 0x2d, 0x64, 0x61, 0x74, 0x65, 0x2d
  .byte 0x70, 0x69, 0x63, 0x6b, 0x65, 0x72, 0x2d, 0x62, 0x75, 0x74, 0x74, 0x6f, 0x6e, 0x2d, 0x70, 0x72
  .byte 0x65, 0x76, 0x69, 0x6f, 0x75, 0x73, 0x20, 0x7b, 0x0a, 0x20, 0x20, 0x64, 0x69, 0x73, 0x70, 0x6c
  .byte 0x61, 0x79, 0x3a, 0x20, 0x6e, 0x6f, 0x6e, 0x65, 0x20, 0x21, 0x69, 0x6d, 0x70, 0x6f, 0x72, 0x74
  .byte 0x61, 0x6e, 0x74, 0x3b, 0x0a, 0x7d, 0x0a, 0x0a, 0x2e, 0x6f, 0x70, 0x65, 0x6e, 0x75, 0x69, 0x2d
  .byte 0x64, 0x61, 0x74, 0x65, 0x2d, 0x70, 0x69, 0x63, 0x6b, 0x65, 0x72, 0x2d, 0x74, 0x6f, 0x64, 0x61
  .byte 0x79, 0x20, 0x7b, 0x0a, 0x20, 0x20, 0x26, 0x5b, 0x64, 0x61, 0x74, 0x61, 0x2d, 0x74, 0x6f, 0x64
  .byte 0x61, 0x79, 0x5d, 0x3a, 0x6e, 0x6f, 0x74, 0x28, 0x5b, 0x61, 0x72, 0x69, 0x61, 0x2d, 0x73, 0x65
  .byte 0x6c, 0x65, 0x63, 0x74, 0x65, 0x64, 0x5d, 0x29, 0x20, 0x7b, 0x0a, 0x20, 0x20, 0x20, 0x20, 0x62
  .byte 0x61, 0x63, 0x6b, 0x67, 0x72, 0x6f, 0x75, 0x6e, 0x64, 0x2d, 0x63, 0x6f, 0x6c, 0x6f, 0x72, 0x3a
  .byte 0x20, 0x63, 0x73, 0x73, 0x55, 0x74, 0x69, 0x6c, 0x73, 0x2e, 0x24, 0x73, 0x75, 0x6e, 0x6b, 0x3b
  .byte 0x0a, 0x20, 0x20, 0x20, 0x20, 0x62, 0x6f, 0x72, 0x64, 0x65, 0x72, 0x2d, 0x72, 0x61, 0x64, 0x69
  .byte 0x75, 0x73, 0x3a, 0x20, 0x76, 0x61, 0x72, 0x28, 0x2d, 0x2d, 0x6f, 0x70, 0x65, 0x6e, 0x75, 0x69
  .byte 0x2d, 0x64, 0x61, 0x74, 0x65, 0x2d, 0x70, 0x69, 0x63, 0x6b, 0x65, 0x72, 0x2d, 0x63, 0x65, 0x6c
  .byte 0x6c, 0x2d, 0x72, 0x61, 0x64, 0x69, 0x75, 0x73, 0x29, 0x3b, 0x0a, 0x20, 0x20, 0x7d, 0x0a, 0x7d
  .byte 0x0a, 0x0a, 0x2e, 0x6f, 0x70, 0x65, 0x6e, 0x75, 0x69, 0x2d, 0x64, 0x61, 0x74, 0x65, 0x2d, 0x70
  .byte 0x69, 0x63, 0x6b, 0x65, 0x72, 0x2d, 0x64, 0x69, 0x73, 0x61, 0x62, 0x6c, 0x65, 0x64, 0x20, 0x7b
  .byte 0x0a, 0x20, 0x20, 0x63, 0x6f, 0x6c, 0x6f, 0x72, 0x3a, 0x20, 0x63, 0x73, 0x73, 0x55, 0x74, 0x69
  .byte 0x6c, 0x73, 0x2e, 0x24, 0x74, 0x65, 0x78, 0x74, 0x2d, 0x6e, 0x65, 0x75, 0x74, 0x72, 0x61, 0x6c
  .byte 0x2d, 0x74, 0x65, 0x72, 0x74, 0x69, 0x61, 0x72, 0x79, 0x3b, 0x0a, 0x7d, 0x0a, 0x0a, 0x2e, 0x6f
  .byte 0x70, 0x65, 0x6e, 0x75, 0x69, 0x2d, 0x64, 0x61, 0x74, 0x65, 0x2d, 0x70, 0x69, 0x63, 0x6b, 0x65
  .byte 0x72, 0x2d, 0x73, 0x69, 0x6e, 0x67, 0x6c, 0x65, 0x2d, 0x64, 0x61, 0x79, 0x2d, 0x73, 0x65, 0x6c
  .byte 0x65, 0x63, 0x74, 0x65, 0x64, 0x20, 0x7b, 0x0a, 0x20, 0x20, 0x62, 0x61, 0x63, 0x6b, 0x67, 0x72
  .byte 0x6f, 0x75, 0x6e, 0x64, 0x3a, 0x20, 0x63, 0x73, 0x73, 0x55, 0x74, 0x69, 0x6c, 0x73, 0x2e, 0x24
  .byte 0x69, 0x6e, 0x74, 0x65, 0x72, 0x61, 0x63, 0x74, 0x69, 0x76, 0x65, 0x2d, 0x61, 0x63, 0x63, 0x65
  .byte 0x6e, 0x74, 0x2d, 0x64, 0x65, 0x66, 0x61, 0x75, 0x6c, 0x74, 0x3b, 0x0a, 0x20, 0x20, 0x63, 0x6f
  .byte 0x6c, 0x6f, 0x72, 0x3a, 0x20, 0x63, 0x73, 0x73, 0x55, 0x74, 0x69, 0x6c, 0x73, 0x2e, 0x24, 0x74
  .byte 0x65, 0x78, 0x74, 0x2d, 0x61, 0x63, 0x63, 0x65, 0x6e, 0x74, 0x2d, 0x70, 0x72, 0x69, 0x6d, 0x61
  .byte 0x72, 0x79, 0x3b, 0x0a, 0x7d, 0x0a, 0x0a, 0x2e, 0x6f, 0x70, 0x65, 0x6e, 0x75, 0x69, 0x2d, 0x64
  .byte 0x61, 0x74, 0x65, 0x2d, 0x70, 0x69, 0x63, 0x6b, 0x65, 0x72, 0x2d, 0x72, 0x61, 0x6e, 0x67, 0x65
  .byte 0x2d, 0x73, 0x74, 0x61, 0x72, 0x74, 0x20, 0x7b, 0x0a, 0x20, 0x20, 0x62, 0x61, 0x63, 0x6b, 0x67
  .byte 0x72, 0x6f, 0x75, 0x6e, 0x64, 0x3a, 0x20, 0x63, 0x73, 0x73, 0x55, 0x74, 0x69, 0x6c, 0x73, 0x2e
  .byte 0x24, 0x69, 0x6e, 0x74, 0x65, 0x72, 0x61, 0x63, 0x74, 0x69, 0x76, 0x65, 0x2d, 0x61, 0x63, 0x63
  .byte 0x65, 0x6e, 0x74, 0x2d, 0x64, 0x65, 0x66, 0x61, 0x75, 0x6c, 0x74, 0x3b, 0x0a, 0x20, 0x20, 0x63
  .byte 0x6f, 0x6c, 0x6f, 0x72, 0x3a, 0x20, 0x63, 0x73, 0x73, 0x55, 0x74, 0x69, 0x6c, 0x73, 0x2e, 0x24
  .byte 0x74, 0x65, 0x78, 0x74, 0x2d, 0x61, 0x63, 0x63, 0x65, 0x6e, 0x74, 0x2d, 0x70, 0x72, 0x69, 0x6d
  .byte 0x61, 0x72, 0x79, 0x3b, 0x0a, 0x20, 0x20, 0x62, 0x6f, 0x72, 0x64, 0x65, 0x72, 0x2d, 0x74, 0x6f
  .byte 0x70, 0x2d, 0x6c, 0x65, 0x66, 0x74, 0x2d, 0x72, 0x61, 0x64, 0x69, 0x75, 0x73, 0x3a, 0x20, 0x76
  .byte 0x61, 0x72, 0x28, 0x2d, 0x2d, 0x6f, 0x70, 0x65, 0x6e, 0x75, 0x69, 0x2d, 0x64, 0x61, 0x74, 0x65
  .byte 0x2d, 0x70, 0x69, 0x63, 0x6b, 0x65, 0x72, 0x2d, 0x63, 0x65, 0x6c, 0x6c, 0x2d, 0x72, 0x61, 0x64
  .byte 0x69, 0x75, 0x73, 0x29, 0x3b, 0x0a, 0x20, 0x20, 0x62, 0x6f, 0x72, 0x64, 0x65, 0x72, 0x2d, 0x62
  .byte 0x6f, 0x74, 0x74, 0x6f, 0x6d, 0x2d, 0x6c, 0x65, 0x66, 0x74, 0x2d, 0x72, 0x61, 0x64, 0x69, 0x75
  .byte 0x73, 0x3a, 0x20, 0x76, 0x61, 0x72, 0x28, 0x2d, 0x2d, 0x6f, 0x70, 0x65, 0x6e, 0x75, 0x69, 0x2d
  .byte 0x64, 0x61, 0x74, 0x65, 0x2d, 0x70, 0x69, 0x63, 0x6b, 0x65, 0x72, 0x2d, 0x63, 0x65, 0x6c, 0x6c
  .byte 0x2d, 0x72, 0x61, 0x64, 0x69, 0x75, 0x73, 0x29, 0x3b, 0x0a, 0x7d, 0x0a, 0x0a, 0x2e, 0x6f, 0x70
  .byte 0x65, 0x6e, 0x75, 0x69, 0x2d, 0x64, 0x61, 0x74, 0x65, 0x2d, 0x70, 0x69, 0x63, 0x6b, 0x65, 0x72
  .byte 0x2d, 0x72, 0x61, 0x6e, 0x67, 0x65, 0x2d, 0x6d, 0x69, 0x64, 0x64, 0x6c, 0x65, 0x20, 0x7b, 0x0a
  .byte 0x20, 0x20, 0x62, 0x61, 0x63, 0x6b, 0x67, 0x72, 0x6f, 0x75, 0x6e, 0x64, 0x3a, 0x20, 0x63, 0x73
  .byte 0x73, 0x55, 0x74, 0x69, 0x6c, 0x73, 0x2e, 0x24, 0x68, 0x69, 0x67, 0x68, 0x6c, 0x69, 0x67, 0x68
  .byte 0x74, 0x3b, 0x0a, 0x7d, 0x0a, 0x0a, 0x2e, 0x6f, 0x70, 0x65, 0x6e, 0x75, 0x69, 0x2d, 0x64, 0x61
  .byte 0x74, 0x65, 0x2d, 0x70, 0x69, 0x63, 0x6b, 0x65, 0x72, 0x2d, 0x72, 0x61, 0x6e, 0x67, 0x65, 0x2d
  .byte 0x65, 0x6e, 0x64, 0x20, 0x7b, 0x0a, 0x20, 0x20, 0x62, 0x61, 0x63, 0x6b, 0x67, 0x72, 0x6f, 0x75
  .byte 0x6e, 0x64, 0x3a, 0x20, 0x63, 0x73, 0x73, 0x55, 0x74, 0x69, 0x6c, 0x73, 0x2e, 0x24, 0x69, 0x6e
  .byte 0x74, 0x65, 0x72, 0x61, 0x63, 0x74, 0x69, 0x76, 0x65, 0x2d, 0x61, 0x63, 0x63, 0x65, 0x6e, 0x74
  .byte 0x2d, 0x64, 0x65, 0x66, 0x61, 0x75, 0x6c, 0x74, 0x3b, 0x0a, 0x20, 0x20, 0x63, 0x6f, 0x6c, 0x6f
  .byte 0x72, 0x3a, 0x20, 0x63, 0x73, 0x73, 0x55, 0x74, 0x69, 0x6c, 0x73, 0x2e, 0x24, 0x74, 0x65, 0x78
  .byte 0x74, 0x2d, 0x61, 0x63, 0x63, 0x65, 0x6e, 0x74, 0x2d, 0x70, 0x72, 0x69, 0x6d, 0x61, 0x72, 0x79
  .byte 0x3b, 0x0a, 0x20, 0x20, 0x62, 0x6f, 0x72, 0x64, 0x65, 0x72, 0x2d, 0x74, 0x6f, 0x70, 0x2d, 0x72
  .byte 0x69, 0x67, 0x68, 0x74, 0x2d, 0x72, 0x61, 0x64, 0x69, 0x75, 0x73, 0x3a, 0x20, 0x76, 0x61, 0x72
  .byte 0x28, 0x2d, 0x2d, 0x6f, 0x70, 0x65, 0x6e, 0x75, 0x69, 0x2d, 0x64, 0x61, 0x74, 0x65, 0x2d, 0x70
  .byte 0x69, 0x63, 0x6b, 0x65, 0x72, 0x2d, 0x63, 0x65, 0x6c, 0x6c, 0x2d, 0x72, 0x61, 0x64, 0x69, 0x75
  .byte 0x73, 0x29, 0x3b, 0x0a, 0x20, 0x20, 0x62, 0x6f, 0x72, 0x64, 0x65, 0x72, 0x2d, 0x62, 0x6f, 0x74
  .byte 0x74, 0x6f, 0x6d, 0x2d, 0x72, 0x69, 0x67, 0x68, 0x74, 0x2d, 0x72, 0x61, 0x64, 0x69, 0x75, 0x73
  .byte 0x3a, 0x20, 0x76, 0x61, 0x72, 0x28, 0x2d, 0x2d, 0x6f, 0x70, 0x65, 0x6e, 0x75, 0x69, 0x2d, 0x64
  .byte 0x61, 0x74, 0x65, 0x2d, 0x70, 0x69, 0x63, 0x6b, 0x65, 0x72, 0x2d, 0x63, 0x65, 0x6c, 0x6c, 0x2d
  .byte 0x72, 0x61, 0x64, 0x69, 0x75, 0x73, 0x29, 0x3b, 0x0a, 0x7d, 0x0a

  .globl openui_full_port_packages_react_ui_src_components_DatePicker_helpers_utils_datePickerBaseStyle_scss_b406b5f5e134_pass_4_len
openui_full_port_packages_react_ui_src_components_DatePicker_helpers_utils_datePickerBaseStyle_scss_b406b5f5e134_pass_4_len:
  .quad 3963
