# OpenUI mechanical full assembly port
# source: benchmarks/samples/dashboard.yaml
# sha256: 9508139795163d2caf780474cbdbb49651d28269e8550a3c9d2f866d1bf6b0b5
# bytes: 6952
# assembly passes: 4
  .section .rodata
# assembly pass: 1/4
  .globl openui_full_port_benchmarks_samples_dashboard_yaml_950813979516
openui_full_port_benchmarks_samples_dashboard_yaml_950813979516:
  .byte 0x72, 0x6f, 0x6f, 0x74, 0x3a, 0x20, 0x73, 0x74, 0x61, 0x63, 0x6b, 0x2d, 0x31, 0x0a, 0x65, 0x6c
  .byte 0x65, 0x6d, 0x65, 0x6e, 0x74, 0x73, 0x3a, 0x0a, 0x20, 0x20, 0x63, 0x61, 0x72, 0x64, 0x68, 0x65
  .byte 0x61, 0x64, 0x65, 0x72, 0x2d, 0x33, 0x3a, 0x0a, 0x20, 0x20, 0x20, 0x20, 0x74, 0x79, 0x70, 0x65
  .byte 0x3a, 0x20, 0x43, 0x61, 0x72, 0x64, 0x48, 0x65, 0x61, 0x64, 0x65, 0x72, 0x0a, 0x20, 0x20, 0x20
  .byte 0x20, 0x70, 0x72, 0x6f, 0x70, 0x73, 0x3a, 0x0a, 0x20, 0x20, 0x20, 0x20, 0x20, 0x20, 0x74, 0x69
  .byte 0x74, 0x6c, 0x65, 0x3a, 0x20, 0x50, 0x72, 0x6f, 0x64, 0x75, 0x63, 0x74, 0x20, 0x41, 0x6e, 0x61
  .byte 0x6c, 0x79, 0x74, 0x69, 0x63, 0x73, 0x20, 0x44, 0x61, 0x73, 0x68, 0x62, 0x6f, 0x61, 0x72, 0x64
  .byte 0x0a, 0x20, 0x20, 0x20, 0x20, 0x20, 0x20, 0x73, 0x75, 0x62, 0x74, 0x69, 0x74, 0x6c, 0x65, 0x3a
  .byte 0x20, 0x55, 0x73, 0x61, 0x67, 0x65, 0x2c, 0x20, 0x61, 0x63, 0x71, 0x75, 0x69, 0x73, 0x69, 0x74
  .byte 0x69, 0x6f, 0x6e, 0x2c, 0x20, 0x66, 0x65, 0x61, 0x74, 0x75, 0x72, 0x65, 0x20, 0x61, 0x64, 0x6f
  .byte 0x70, 0x74, 0x69, 0x6f, 0x6e, 0x2c, 0x20, 0x61, 0x6e, 0x64, 0x20, 0x72, 0x65, 0x76, 0x65, 0x6e
  .byte 0x75, 0x65, 0x20, 0x74, 0x72, 0x65, 0x6e, 0x64, 0x73, 0x0a, 0x20, 0x20, 0x63, 0x61, 0x72, 0x64
  .byte 0x2d, 0x32, 0x3a, 0x0a, 0x20, 0x20, 0x20, 0x20, 0x74, 0x79, 0x70, 0x65, 0x3a, 0x20, 0x43, 0x61
  .byte 0x72, 0x64, 0x0a, 0x20, 0x20, 0x20, 0x20, 0x70, 0x72, 0x6f, 0x70, 0x73, 0x3a, 0x0a, 0x20, 0x20
  .byte 0x20, 0x20, 0x20, 0x20, 0x76, 0x61, 0x72, 0x69, 0x61, 0x6e, 0x74, 0x3a, 0x20, 0x63, 0x61, 0x72
  .byte 0x64, 0x0a, 0x20, 0x20, 0x20, 0x20, 0x63, 0x68, 0x69, 0x6c, 0x64, 0x72, 0x65, 0x6e, 0x3a, 0x0a
  .byte 0x20, 0x20, 0x20, 0x20, 0x20, 0x20, 0x2d, 0x20, 0x63, 0x61, 0x72, 0x64, 0x68, 0x65, 0x61, 0x64
  .byte 0x65, 0x72, 0x2d, 0x33, 0x0a, 0x20, 0x20, 0x74, 0x65, 0x78, 0x74, 0x63, 0x6f, 0x6e, 0x74, 0x65
  .byte 0x6e, 0x74, 0x2d, 0x36, 0x3a, 0x0a, 0x20, 0x20, 0x20, 0x20, 0x74, 0x79, 0x70, 0x65, 0x3a, 0x20
  .byte 0x54, 0x65, 0x78, 0x74, 0x43, 0x6f, 0x6e, 0x74, 0x65, 0x6e, 0x74, 0x0a, 0x20, 0x20, 0x20, 0x20
  .byte 0x70, 0x72, 0x6f, 0x70, 0x73, 0x3a, 0x0a, 0x20, 0x20, 0x20, 0x20, 0x20, 0x20, 0x74, 0x65, 0x78
  .byte 0x74, 0x3a, 0x20, 0x4d, 0x6f, 0x6e, 0x74, 0x68, 0x6c, 0x79, 0x20, 0x41, 0x63, 0x74, 0x69, 0x76
  .byte 0x65, 0x20, 0x55, 0x73, 0x65, 0x72, 0x73, 0x20, 0x28, 0x4d, 0x41, 0x55, 0x29, 0x0a, 0x20, 0x20
  .byte 0x20, 0x20, 0x20, 0x20, 0x73, 0x69, 0x7a, 0x65, 0x3a, 0x20, 0x73, 0x6d, 0x61, 0x6c, 0x6c, 0x2d
  .byte 0x68, 0x65, 0x61, 0x76, 0x79, 0x0a, 0x20, 0x20, 0x74, 0x65, 0x78, 0x74, 0x63, 0x6f, 0x6e, 0x74
  .byte 0x65, 0x6e, 0x74, 0x2d, 0x37, 0x3a, 0x0a, 0x20, 0x20, 0x20, 0x20, 0x74, 0x79, 0x70, 0x65, 0x3a
  .byte 0x20, 0x54, 0x65, 0x78, 0x74, 0x43, 0x6f, 0x6e, 0x74, 0x65, 0x6e, 0x74, 0x0a, 0x20, 0x20, 0x20
  .byte 0x20, 0x70, 0x72, 0x6f, 0x70, 0x73, 0x3a, 0x0a, 0x20, 0x20, 0x20, 0x20, 0x20, 0x20, 0x74, 0x65
  .byte 0x78, 0x74, 0x3a, 0x20, 0x31, 0x32, 0x38, 0x2c, 0x34, 0x30, 0x30, 0x0a, 0x20, 0x20, 0x20, 0x20
  .byte 0x20, 0x20, 0x73, 0x69, 0x7a, 0x65, 0x3a, 0x20, 0x6c, 0x61, 0x72, 0x67, 0x65, 0x2d, 0x68, 0x65
  .byte 0x61, 0x76, 0x79, 0x0a, 0x20, 0x20, 0x74, 0x65, 0x78, 0x74, 0x63, 0x6f, 0x6e, 0x74, 0x65, 0x6e
  .byte 0x74, 0x2d, 0x38, 0x3a, 0x0a, 0x20, 0x20, 0x20, 0x20, 0x74, 0x79, 0x70, 0x65, 0x3a, 0x20, 0x54
  .byte 0x65, 0x78, 0x74, 0x43, 0x6f, 0x6e, 0x74, 0x65, 0x6e, 0x74, 0x0a, 0x20, 0x20, 0x20, 0x20, 0x70
  .byte 0x72, 0x6f, 0x70, 0x73, 0x3a, 0x0a, 0x20, 0x20, 0x20, 0x20, 0x20, 0x20, 0x74, 0x65, 0x78, 0x74
  .byte 0x3a, 0x20, 0x2b, 0x36, 0x2e, 0x32, 0x25, 0x20, 0x76, 0x73, 0x20, 0x6c, 0x61, 0x73, 0x74, 0x20
  .byte 0x6d, 0x6f, 0x6e, 0x74, 0x68, 0x0a, 0x20, 0x20, 0x20, 0x20, 0x20, 0x20, 0x73, 0x69, 0x7a, 0x65
  .byte 0x3a, 0x20, 0x73, 0x6d, 0x61, 0x6c, 0x6c, 0x0a, 0x20, 0x20, 0x63, 0x61, 0x72, 0x64, 0x2d, 0x35
  .byte 0x3a, 0x0a, 0x20, 0x20, 0x20, 0x20, 0x74, 0x79, 0x70, 0x65, 0x3a, 0x20, 0x43, 0x61, 0x72, 0x64
  .byte 0x0a, 0x20, 0x20, 0x20, 0x20, 0x70, 0x72, 0x6f, 0x70, 0x73, 0x3a, 0x0a, 0x20, 0x20, 0x20, 0x20
  .byte 0x20, 0x20, 0x76, 0x61, 0x72, 0x69, 0x61, 0x6e, 0x74, 0x3a, 0x20, 0x73, 0x75, 0x6e, 0x6b, 0x0a
  .byte 0x20, 0x20, 0x20, 0x20, 0x63, 0x68, 0x69, 0x6c, 0x64, 0x72, 0x65, 0x6e, 0x3a, 0x0a, 0x20, 0x20
  .byte 0x20, 0x20, 0x20, 0x20, 0x2d, 0x20, 0x74, 0x65, 0x78, 0x74, 0x63, 0x6f, 0x6e, 0x74, 0x65, 0x6e
  .byte 0x74, 0x2d, 0x36, 0x0a, 0x20, 0x20, 0x20, 0x20, 0x20, 0x20, 0x2d, 0x20, 0x74, 0x65, 0x78, 0x74
  .byte 0x63, 0x6f, 0x6e, 0x74, 0x65, 0x6e, 0x74, 0x2d, 0x37, 0x0a, 0x20, 0x20, 0x20, 0x20, 0x20, 0x20
  .byte 0x2d, 0x20, 0x74, 0x65, 0x78, 0x74, 0x63, 0x6f, 0x6e, 0x74, 0x65, 0x6e, 0x74, 0x2d, 0x38, 0x0a
  .byte 0x20, 0x20, 0x74, 0x65, 0x78, 0x74, 0x63, 0x6f, 0x6e, 0x74, 0x65, 0x6e, 0x74, 0x2d, 0x31, 0x30
  .byte 0x3a, 0x0a, 0x20, 0x20, 0x20, 0x20, 0x74, 0x79, 0x70, 0x65, 0x3a, 0x20, 0x54, 0x65, 0x78, 0x74
  .byte 0x43, 0x6f, 0x6e, 0x74, 0x65, 0x6e, 0x74, 0x0a, 0x20, 0x20, 0x20, 0x20, 0x70, 0x72, 0x6f, 0x70
  .byte 0x73, 0x3a, 0x0a, 0x20, 0x20, 0x20, 0x20, 0x20, 0x20, 0x74, 0x65, 0x78, 0x74, 0x3a, 0x20, 0x4e
  .byte 0x65, 0x77, 0x20, 0x55, 0x73, 0x65, 0x72, 0x73, 0x20, 0x28, 0x33, 0x30, 0x64, 0x29, 0x0a, 0x20
  .byte 0x20, 0x20, 0x20, 0x20, 0x20, 0x73, 0x69, 0x7a, 0x65, 0x3a, 0x20, 0x73, 0x6d, 0x61, 0x6c, 0x6c
  .byte 0x2d, 0x68, 0x65, 0x61, 0x76, 0x79, 0x0a, 0x20, 0x20, 0x74, 0x65, 0x78, 0x74, 0x63, 0x6f, 0x6e
  .byte 0x74, 0x65, 0x6e, 0x74, 0x2d, 0x31, 0x31, 0x3a, 0x0a, 0x20, 0x20, 0x20, 0x20, 0x74, 0x79, 0x70
  .byte 0x65, 0x3a, 0x20, 0x54, 0x65, 0x78, 0x74, 0x43, 0x6f, 0x6e, 0x74, 0x65, 0x6e, 0x74, 0x0a, 0x20
  .byte 0x20, 0x20, 0x20, 0x70, 0x72, 0x6f, 0x70, 0x73, 0x3a, 0x0a, 0x20, 0x20, 0x20, 0x20, 0x20, 0x20
  .byte 0x74, 0x65, 0x78, 0x74, 0x3a, 0x20, 0x32, 0x34, 0x2c, 0x39, 0x35, 0x30, 0x0a, 0x20, 0x20, 0x20
  .byte 0x20, 0x20, 0x20, 0x73, 0x69, 0x7a, 0x65, 0x3a, 0x20, 0x6c, 0x61, 0x72, 0x67, 0x65, 0x2d, 0x68
  .byte 0x65, 0x61, 0x76, 0x79, 0x0a, 0x20, 0x20, 0x74, 0x65, 0x78, 0x74, 0x63, 0x6f, 0x6e, 0x74, 0x65
  .byte 0x6e, 0x74, 0x2d, 0x31, 0x32, 0x3a, 0x0a, 0x20, 0x20, 0x20, 0x20, 0x74, 0x79, 0x70, 0x65, 0x3a
  .byte 0x20, 0x54, 0x65, 0x78, 0x74, 0x43, 0x6f, 0x6e, 0x74, 0x65, 0x6e, 0x74, 0x0a, 0x20, 0x20, 0x20
  .byte 0x20, 0x70, 0x72, 0x6f, 0x70, 0x73, 0x3a, 0x0a, 0x20, 0x20, 0x20, 0x20, 0x20, 0x20, 0x74, 0x65
  .byte 0x78, 0x74, 0x3a, 0x20, 0x2b, 0x33, 0x2e, 0x31, 0x25, 0x20, 0x76, 0x73, 0x20, 0x6c, 0x61, 0x73
  .byte 0x74, 0x20, 0x33, 0x30, 0x64, 0x0a, 0x20, 0x20, 0x20, 0x20, 0x20, 0x20, 0x73, 0x69, 0x7a, 0x65
  .byte 0x3a, 0x20, 0x73, 0x6d, 0x61, 0x6c, 0x6c, 0x0a, 0x20, 0x20, 0x63, 0x61, 0x72, 0x64, 0x2d, 0x39
  .byte 0x3a, 0x0a, 0x20, 0x20, 0x20, 0x20, 0x74, 0x79, 0x70, 0x65, 0x3a, 0x20, 0x43, 0x61, 0x72, 0x64
  .byte 0x0a, 0x20, 0x20, 0x20, 0x20, 0x70, 0x72, 0x6f, 0x70, 0x73, 0x3a, 0x0a, 0x20, 0x20, 0x20, 0x20
  .byte 0x20, 0x20, 0x76, 0x61, 0x72, 0x69, 0x61, 0x6e, 0x74, 0x3a, 0x20, 0x73, 0x75, 0x6e, 0x6b, 0x0a
  .byte 0x20, 0x20, 0x20, 0x20, 0x63, 0x68, 0x69, 0x6c, 0x64, 0x72, 0x65, 0x6e, 0x3a, 0x0a, 0x20, 0x20
  .byte 0x20, 0x20, 0x20, 0x20, 0x2d, 0x20, 0x74, 0x65, 0x78, 0x74, 0x63, 0x6f, 0x6e, 0x74, 0x65, 0x6e
  .byte 0x74, 0x2d, 0x31, 0x30, 0x0a, 0x20, 0x20, 0x20, 0x20, 0x20, 0x20, 0x2d, 0x20, 0x74, 0x65, 0x78
  .byte 0x74, 0x63, 0x6f, 0x6e, 0x74, 0x65, 0x6e, 0x74, 0x2d, 0x31, 0x31, 0x0a, 0x20, 0x20, 0x20, 0x20
  .byte 0x20, 0x20, 0x2d, 0x20, 0x74, 0x65, 0x78, 0x74, 0x63, 0x6f, 0x6e, 0x74, 0x65, 0x6e, 0x74, 0x2d
  .byte 0x31, 0x32, 0x0a, 0x20, 0x20, 0x74, 0x65, 0x78, 0x74, 0x63, 0x6f, 0x6e, 0x74, 0x65, 0x6e, 0x74
  .byte 0x2d, 0x31, 0x34, 0x3a, 0x0a, 0x20, 0x20, 0x20, 0x20, 0x74, 0x79, 0x70, 0x65, 0x3a, 0x20, 0x54
  .byte 0x65, 0x78, 0x74, 0x43, 0x6f, 0x6e, 0x74, 0x65, 0x6e, 0x74, 0x0a, 0x20, 0x20, 0x20, 0x20, 0x70
  .byte 0x72, 0x6f, 0x70, 0x73, 0x3a, 0x0a, 0x20, 0x20, 0x20, 0x20, 0x20, 0x20, 0x74, 0x65, 0x78, 0x74
  .byte 0x3a, 0x20, 0x4d, 0x52, 0x52, 0x0a, 0x20, 0x20, 0x20, 0x20, 0x20, 0x20, 0x73, 0x69, 0x7a, 0x65
  .byte 0x3a, 0x20, 0x73, 0x6d, 0x61, 0x6c, 0x6c, 0x2d, 0x68, 0x65, 0x61, 0x76, 0x79, 0x0a, 0x20, 0x20
  .byte 0x74, 0x65, 0x78, 0x74, 0x63, 0x6f, 0x6e, 0x74, 0x65, 0x6e, 0x74, 0x2d, 0x31, 0x35, 0x3a, 0x0a
  .byte 0x20, 0x20, 0x20, 0x20, 0x74, 0x79, 0x70, 0x65, 0x3a, 0x20, 0x54, 0x65, 0x78, 0x74, 0x43, 0x6f
  .byte 0x6e, 0x74, 0x65, 0x6e, 0x74, 0x0a, 0x20, 0x20, 0x20, 0x20, 0x70, 0x72, 0x6f, 0x70, 0x73, 0x3a
  .byte 0x0a, 0x20, 0x20, 0x20, 0x20, 0x20, 0x20, 0x74, 0x65, 0x78, 0x74, 0x3a, 0x20, 0x24, 0x34, 0x31
  .byte 0x32, 0x2c, 0x30, 0x30, 0x30, 0x0a, 0x20, 0x20, 0x20, 0x20, 0x20, 0x20, 0x73, 0x69, 0x7a, 0x65
  .byte 0x3a, 0x20, 0x6c, 0x61, 0x72, 0x67, 0x65, 0x2d, 0x68, 0x65, 0x61, 0x76, 0x79, 0x0a, 0x20, 0x20
  .byte 0x74, 0x65, 0x78, 0x74, 0x63, 0x6f, 0x6e, 0x74, 0x65, 0x6e, 0x74, 0x2d, 0x31, 0x36, 0x3a, 0x0a
  .byte 0x20, 0x20, 0x20, 0x20, 0x74, 0x79, 0x70, 0x65, 0x3a, 0x20, 0x54, 0x65, 0x78, 0x74, 0x43, 0x6f
  .byte 0x6e, 0x74, 0x65, 0x6e, 0x74, 0x0a, 0x20, 0x20, 0x20, 0x20, 0x70, 0x72, 0x6f, 0x70, 0x73, 0x3a
  .byte 0x0a, 0x20, 0x20, 0x20, 0x20, 0x20, 0x20, 0x74, 0x65, 0x78, 0x74, 0x3a, 0x20, 0x2b, 0x34, 0x2e
  .byte 0x34, 0x25, 0x20, 0x4d, 0x6f, 0x4d, 0x0a, 0x20, 0x20, 0x20, 0x20, 0x20, 0x20, 0x73, 0x69, 0x7a
  .byte 0x65, 0x3a, 0x20, 0x73, 0x6d, 0x61, 0x6c, 0x6c, 0x0a, 0x20, 0x20, 0x63, 0x61, 0x72, 0x64, 0x2d
  .byte 0x31, 0x33, 0x3a, 0x0a, 0x20, 0x20, 0x20, 0x20, 0x74, 0x79, 0x70, 0x65, 0x3a, 0x20, 0x43, 0x61
  .byte 0x72, 0x64, 0x0a, 0x20, 0x20, 0x20, 0x20, 0x70, 0x72, 0x6f, 0x70, 0x73, 0x3a, 0x0a, 0x20, 0x20
  .byte 0x20, 0x20, 0x20, 0x20, 0x76, 0x61, 0x72, 0x69, 0x61, 0x6e, 0x74, 0x3a, 0x20, 0x73, 0x75, 0x6e
  .byte 0x6b, 0x0a, 0x20, 0x20, 0x20, 0x20, 0x63, 0x68, 0x69, 0x6c, 0x64, 0x72, 0x65, 0x6e, 0x3a, 0x0a
  .byte 0x20, 0x20, 0x20, 0x20, 0x20, 0x20, 0x2d, 0x20, 0x74, 0x65, 0x78, 0x74, 0x63, 0x6f, 0x6e, 0x74
  .byte 0x65, 0x6e, 0x74, 0x2d, 0x31, 0x34, 0x0a, 0x20, 0x20, 0x20, 0x20, 0x20, 0x20, 0x2d, 0x20, 0x74
  .byte 0x65, 0x78, 0x74, 0x63, 0x6f, 0x6e, 0x74, 0x65, 0x6e, 0x74, 0x2d, 0x31, 0x35, 0x0a, 0x20, 0x20
  .byte 0x20, 0x20, 0x20, 0x20, 0x2d, 0x20, 0x74, 0x65, 0x78, 0x74, 0x63, 0x6f, 0x6e, 0x74, 0x65, 0x6e
  .byte 0x74, 0x2d, 0x31, 0x36, 0x0a, 0x20, 0x20, 0x74, 0x65, 0x78, 0x74, 0x63, 0x6f, 0x6e, 0x74, 0x65
  .byte 0x6e, 0x74, 0x2d, 0x31, 0x38, 0x3a, 0x0a, 0x20, 0x20, 0x20, 0x20, 0x74, 0x79, 0x70, 0x65, 0x3a
  .byte 0x20, 0x54, 0x65, 0x78, 0x74, 0x43, 0x6f, 0x6e, 0x74, 0x65, 0x6e, 0x74, 0x0a, 0x20, 0x20, 0x20
  .byte 0x20, 0x70, 0x72, 0x6f, 0x70, 0x73, 0x3a, 0x0a, 0x20, 0x20, 0x20, 0x20, 0x20, 0x20, 0x74, 0x65
  .byte 0x78, 0x74, 0x3a, 0x20, 0x41, 0x52, 0x52, 0x0a, 0x20, 0x20, 0x20, 0x20, 0x20, 0x20, 0x73, 0x69
  .byte 0x7a, 0x65, 0x3a, 0x20, 0x73, 0x6d, 0x61, 0x6c, 0x6c, 0x2d, 0x68, 0x65, 0x61, 0x76, 0x79, 0x0a
  .byte 0x20, 0x20, 0x74, 0x65, 0x78, 0x74, 0x63, 0x6f, 0x6e, 0x74, 0x65, 0x6e, 0x74, 0x2d, 0x31, 0x39
  .byte 0x3a, 0x0a, 0x20, 0x20, 0x20, 0x20, 0x74, 0x79, 0x70, 0x65, 0x3a, 0x20, 0x54, 0x65, 0x78, 0x74
  .byte 0x43, 0x6f, 0x6e, 0x74, 0x65, 0x6e, 0x74, 0x0a, 0x20, 0x20, 0x20, 0x20, 0x70, 0x72, 0x6f, 0x70
  .byte 0x73, 0x3a, 0x0a, 0x20, 0x20, 0x20, 0x20, 0x20, 0x20, 0x74, 0x65, 0x78, 0x74, 0x3a, 0x20, 0x24
  .byte 0x34, 0x2e, 0x39, 0x34, 0x4d, 0x0a, 0x20, 0x20, 0x20, 0x20, 0x20, 0x20, 0x73, 0x69, 0x7a, 0x65
  .byte 0x3a, 0x20, 0x6c, 0x61, 0x72, 0x67, 0x65, 0x2d, 0x68, 0x65, 0x61, 0x76, 0x79, 0x0a, 0x20, 0x20
  .byte 0x74, 0x65, 0x78, 0x74, 0x63, 0x6f, 0x6e, 0x74, 0x65, 0x6e, 0x74, 0x2d, 0x32, 0x30, 0x3a, 0x0a
  .byte 0x20, 0x20, 0x20, 0x20, 0x74, 0x79, 0x70, 0x65, 0x3a, 0x20, 0x54, 0x65, 0x78, 0x74, 0x43, 0x6f
  .byte 0x6e, 0x74, 0x65, 0x6e, 0x74, 0x0a, 0x20, 0x20, 0x20, 0x20, 0x70, 0x72, 0x6f, 0x70, 0x73, 0x3a
  .byte 0x0a, 0x20, 0x20, 0x20, 0x20, 0x20, 0x20, 0x74, 0x65, 0x78, 0x74, 0x3a, 0x20, 0x2b, 0x31, 0x38
  .byte 0x2e, 0x37, 0x25, 0x20, 0x59, 0x6f, 0x59, 0x0a, 0x20, 0x20, 0x20, 0x20, 0x20, 0x20, 0x73, 0x69
  .byte 0x7a, 0x65, 0x3a, 0x20, 0x73, 0x6d, 0x61, 0x6c, 0x6c, 0x0a, 0x20, 0x20, 0x63, 0x61, 0x72, 0x64
  .byte 0x2d, 0x31, 0x37, 0x3a, 0x0a, 0x20, 0x20, 0x20, 0x20, 0x74, 0x79, 0x70, 0x65, 0x3a, 0x20, 0x43
  .byte 0x61, 0x72, 0x64, 0x0a, 0x20, 0x20, 0x20, 0x20, 0x70, 0x72, 0x6f, 0x70, 0x73, 0x3a, 0x0a, 0x20
  .byte 0x20, 0x20, 0x20, 0x20, 0x20, 0x76, 0x61, 0x72, 0x69, 0x61, 0x6e, 0x74, 0x3a, 0x20, 0x73, 0x75
  .byte 0x6e, 0x6b, 0x0a, 0x20, 0x20, 0x20, 0x20, 0x63, 0x68, 0x69, 0x6c, 0x64, 0x72, 0x65, 0x6e, 0x3a
  .byte 0x0a, 0x20, 0x20, 0x20, 0x20, 0x20, 0x20, 0x2d, 0x20, 0x74, 0x65, 0x78, 0x74, 0x63, 0x6f, 0x6e
  .byte 0x74, 0x65, 0x6e, 0x74, 0x2d, 0x31, 0x38, 0x0a, 0x20, 0x20, 0x20, 0x20, 0x20, 0x20, 0x2d, 0x20
  .byte 0x74, 0x65, 0x78, 0x74, 0x63, 0x6f, 0x6e, 0x74, 0x65, 0x6e, 0x74, 0x2d, 0x31, 0x39, 0x0a, 0x20
  .byte 0x20, 0x20, 0x20, 0x20, 0x20, 0x2d, 0x20, 0x74, 0x65, 0x78, 0x74, 0x63, 0x6f, 0x6e, 0x74, 0x65
  .byte 0x6e, 0x74, 0x2d, 0x32, 0x30, 0x0a, 0x20, 0x20, 0x73, 0x74, 0x61, 0x63, 0x6b, 0x2d, 0x34, 0x3a
  .byte 0x0a, 0x20, 0x20, 0x20, 0x20, 0x74, 0x79, 0x70, 0x65, 0x3a, 0x20, 0x53, 0x74, 0x61, 0x63, 0x6b
  .byte 0x0a, 0x20, 0x20, 0x20, 0x20, 0x70, 0x72, 0x6f, 0x70, 0x73, 0x3a, 0x0a, 0x20, 0x20, 0x20, 0x20
  .byte 0x20, 0x20, 0x64, 0x69, 0x72, 0x65, 0x63, 0x74, 0x69, 0x6f, 0x6e, 0x3a, 0x20, 0x72, 0x6f, 0x77
  .byte 0x0a, 0x20, 0x20, 0x20, 0x20, 0x20, 0x20, 0x67, 0x61, 0x70, 0x3a, 0x20, 0x6d, 0x0a, 0x20, 0x20
  .byte 0x20, 0x20, 0x20, 0x20, 0x61, 0x6c, 0x69, 0x67, 0x6e, 0x3a, 0x20, 0x73, 0x74, 0x72, 0x65, 0x74
  .byte 0x63, 0x68, 0x0a, 0x20, 0x20, 0x20, 0x20, 0x20, 0x20, 0x6a, 0x75, 0x73, 0x74, 0x69, 0x66, 0x79
  .byte 0x3a, 0x20, 0x73, 0x74, 0x61, 0x72, 0x74, 0x0a, 0x20, 0x20, 0x20, 0x20, 0x20, 0x20, 0x77, 0x72
  .byte 0x61, 0x70, 0x3a, 0x20, 0x74, 0x72, 0x75, 0x65, 0x0a, 0x20, 0x20, 0x20, 0x20, 0x63, 0x68, 0x69
  .byte 0x6c, 0x64, 0x72, 0x65, 0x6e, 0x3a, 0x0a, 0x20, 0x20, 0x20, 0x20, 0x20, 0x20, 0x2d, 0x20, 0x63
  .byte 0x61, 0x72, 0x64, 0x2d, 0x35, 0x0a, 0x20, 0x20, 0x20, 0x20, 0x20, 0x20, 0x2d, 0x20, 0x63, 0x61
  .byte 0x72, 0x64, 0x2d, 0x39, 0x0a, 0x20, 0x20, 0x20, 0x20, 0x20, 0x20, 0x2d, 0x20, 0x63, 0x61, 0x72
  .byte 0x64, 0x2d, 0x31, 0x33, 0x0a, 0x20, 0x20, 0x20, 0x20, 0x20, 0x20, 0x2d, 0x20, 0x63, 0x61, 0x72
  .byte 0x64, 0x2d, 0x31, 0x37, 0x0a, 0x20, 0x20, 0x63, 0x61, 0x72, 0x64, 0x68, 0x65, 0x61, 0x64, 0x65
  .byte 0x72, 0x2d, 0x32, 0x33, 0x3a, 0x0a, 0x20, 0x20, 0x20, 0x20, 0x74, 0x79, 0x70, 0x65, 0x3a, 0x20
  .byte 0x43, 0x61, 0x72, 0x64, 0x48, 0x65, 0x61, 0x64, 0x65, 0x72, 0x0a, 0x20, 0x20, 0x20, 0x20, 0x70
  .byte 0x72, 0x6f, 0x70, 0x73, 0x3a, 0x0a, 0x20, 0x20, 0x20, 0x20, 0x20, 0x20, 0x74, 0x69, 0x74, 0x6c
  .byte 0x65, 0x3a, 0x20, 0x4d, 0x6f, 0x6e, 0x74, 0x68, 0x6c, 0x79, 0x20, 0x41, 0x63, 0x74, 0x69, 0x76
  .byte 0x65, 0x20, 0x55, 0x73, 0x65, 0x72, 0x73, 0x0a, 0x20, 0x20, 0x20, 0x20, 0x20, 0x20, 0x73, 0x75
  .byte 0x62, 0x74, 0x69, 0x74, 0x6c, 0x65, 0x3a, 0x20, 0x4c, 0x61, 0x73, 0x74, 0x20, 0x31, 0x32, 0x20
  .byte 0x6d, 0x6f, 0x6e, 0x74, 0x68, 0x73, 0x0a, 0x20, 0x20, 0x73, 0x65, 0x72, 0x69, 0x65, 0x73, 0x2d
  .byte 0x32, 0x35, 0x3a, 0x0a, 0x20, 0x20, 0x20, 0x20, 0x74, 0x79, 0x70, 0x65, 0x3a, 0x20, 0x53, 0x65
  .byte 0x72, 0x69, 0x65, 0x73, 0x0a, 0x20, 0x20, 0x20, 0x20, 0x70, 0x72, 0x6f, 0x70, 0x73, 0x3a, 0x0a
  .byte 0x20, 0x20, 0x20, 0x20, 0x20, 0x20, 0x63, 0x61, 0x74, 0x65, 0x67, 0x6f, 0x72, 0x79, 0x3a, 0x20
  .byte 0x4d, 0x41, 0x55, 0x0a, 0x20, 0x20, 0x20, 0x20, 0x20, 0x20, 0x76, 0x61, 0x6c, 0x75, 0x65, 0x73
  .byte 0x3a, 0x0a, 0x20, 0x20, 0x20, 0x20, 0x20, 0x20, 0x20, 0x20, 0x2d, 0x20, 0x38, 0x34, 0x35, 0x30
  .byte 0x30, 0x0a, 0x20, 0x20, 0x20, 0x20, 0x20, 0x20, 0x20, 0x20, 0x2d, 0x20, 0x38, 0x37, 0x32, 0x30
  .byte 0x30, 0x0a, 0x20, 0x20, 0x20, 0x20, 0x20, 0x20, 0x20, 0x20, 0x2d, 0x20, 0x39, 0x30, 0x31, 0x30
  .byte 0x30, 0x0a, 0x20, 0x20, 0x20, 0x20, 0x20, 0x20, 0x20, 0x20, 0x2d, 0x20, 0x39, 0x33, 0x38, 0x30
  .byte 0x30, 0x0a, 0x20, 0x20, 0x20, 0x20, 0x20, 0x20, 0x20, 0x20, 0x2d, 0x20, 0x39, 0x36, 0x35, 0x30
  .byte 0x30, 0x0a, 0x20, 0x20, 0x20, 0x20, 0x20, 0x20, 0x20, 0x20, 0x2d, 0x20, 0x31, 0x30, 0x30, 0x32
  .byte 0x30, 0x30, 0x0a, 0x20, 0x20, 0x20, 0x20, 0x20, 0x20, 0x20, 0x20, 0x2d, 0x20, 0x31, 0x30, 0x34
  .byte 0x38, 0x30, 0x30, 0x0a, 0x20, 0x20, 0x20, 0x20, 0x20, 0x20, 0x20, 0x20, 0x2d, 0x20, 0x31, 0x30
  .byte 0x39, 0x36, 0x30, 0x30, 0x0a, 0x20, 0x20, 0x20, 0x20, 0x20, 0x20, 0x20, 0x20, 0x2d, 0x20, 0x31
  .byte 0x31, 0x34, 0x33, 0x30, 0x30, 0x0a, 0x20, 0x20, 0x20, 0x20, 0x20, 0x20, 0x20, 0x20, 0x2d, 0x20
  .byte 0x31, 0x31, 0x39, 0x39, 0x30, 0x30, 0x0a, 0x20, 0x20, 0x20, 0x20, 0x20, 0x20, 0x20, 0x20, 0x2d
  .byte 0x20, 0x31, 0x32, 0x33, 0x37, 0x30, 0x30, 0x0a, 0x20, 0x20, 0x20, 0x20, 0x20, 0x20, 0x20, 0x20
  .byte 0x2d, 0x20, 0x31, 0x32, 0x38, 0x34, 0x30, 0x30, 0x0a, 0x20, 0x20, 0x62, 0x61, 0x72, 0x63, 0x68
  .byte 0x61, 0x72, 0x74, 0x2d, 0x32, 0x34, 0x3a, 0x0a, 0x20, 0x20, 0x20, 0x20, 0x74, 0x79, 0x70, 0x65
  .byte 0x3a, 0x20, 0x42, 0x61, 0x72, 0x43, 0x68, 0x61, 0x72, 0x74, 0x0a, 0x20, 0x20, 0x20, 0x20, 0x70
  .byte 0x72, 0x6f, 0x70, 0x73, 0x3a, 0x0a, 0x20, 0x20, 0x20, 0x20, 0x20, 0x20, 0x6c, 0x61, 0x62, 0x65
  .byte 0x6c, 0x73, 0x3a, 0x0a, 0x20, 0x20, 0x20, 0x20, 0x20, 0x20, 0x20, 0x20, 0x2d, 0x20, 0x41, 0x70
  .byte 0x72, 0x0a, 0x20, 0x20, 0x20, 0x20, 0x20, 0x20, 0x20, 0x20, 0x2d, 0x20, 0x4d, 0x61, 0x79, 0x0a
  .byte 0x20, 0x20, 0x20, 0x20, 0x20, 0x20, 0x20, 0x20, 0x2d, 0x20, 0x4a, 0x75, 0x6e, 0x0a, 0x20, 0x20
  .byte 0x20, 0x20, 0x20, 0x20, 0x20, 0x20, 0x2d, 0x20, 0x4a, 0x75, 0x6c, 0x0a, 0x20, 0x20, 0x20, 0x20
  .byte 0x20, 0x20, 0x20, 0x20, 0x2d, 0x20, 0x41, 0x75, 0x67, 0x0a, 0x20, 0x20, 0x20, 0x20, 0x20, 0x20
  .byte 0x20, 0x20, 0x2d, 0x20, 0x53, 0x65, 0x70, 0x0a, 0x20, 0x20, 0x20, 0x20, 0x20, 0x20, 0x20, 0x20
  .byte 0x2d, 0x20, 0x4f, 0x63, 0x74, 0x0a, 0x20, 0x20, 0x20, 0x20, 0x20, 0x20, 0x20, 0x20, 0x2d, 0x20
  .byte 0x4e, 0x6f, 0x76, 0x0a, 0x20, 0x20, 0x20, 0x20, 0x20, 0x20, 0x20, 0x20, 0x2d, 0x20, 0x44, 0x65
  .byte 0x63, 0x0a, 0x20, 0x20, 0x20, 0x20, 0x20, 0x20, 0x20, 0x20, 0x2d, 0x20, 0x4a, 0x61, 0x6e, 0x0a
  .byte 0x20, 0x20, 0x20, 0x20, 0x20, 0x20, 0x20, 0x20, 0x2d, 0x20, 0x46, 0x65, 0x62, 0x0a, 0x20, 0x20
  .byte 0x20, 0x20, 0x20, 0x20, 0x20, 0x20, 0x2d, 0x20, 0x4d, 0x61, 0x72, 0x0a, 0x20, 0x20, 0x20, 0x20
  .byte 0x20, 0x20, 0x76, 0x61, 0x72, 0x69, 0x61, 0x6e, 0x74, 0x3a, 0x20, 0x67, 0x72, 0x6f, 0x75, 0x70
  .byte 0x65, 0x64, 0x0a, 0x20, 0x20, 0x20, 0x20, 0x20, 0x20, 0x78, 0x4c, 0x61, 0x62, 0x65, 0x6c, 0x3a
  .byte 0x20, 0x4d, 0x6f, 0x6e, 0x74, 0x68, 0x0a, 0x20, 0x20, 0x20, 0x20, 0x20, 0x20, 0x79, 0x4c, 0x61
  .byte 0x62, 0x65, 0x6c, 0x3a, 0x20, 0x55, 0x73, 0x65, 0x72, 0x73, 0x0a, 0x20, 0x20, 0x20, 0x20, 0x63
  .byte 0x68, 0x69, 0x6c, 0x64, 0x72, 0x65, 0x6e, 0x3a, 0x0a, 0x20, 0x20, 0x20, 0x20, 0x20, 0x20, 0x2d
  .byte 0x20, 0x73, 0x65, 0x72, 0x69, 0x65, 0x73, 0x2d, 0x32, 0x35, 0x0a, 0x20, 0x20, 0x63, 0x61, 0x72
  .byte 0x64, 0x2d, 0x32, 0x32, 0x3a, 0x0a, 0x20, 0x20, 0x20, 0x20, 0x74, 0x79, 0x70, 0x65, 0x3a, 0x20
  .byte 0x43, 0x61, 0x72, 0x64, 0x0a, 0x20, 0x20, 0x20, 0x20, 0x70, 0x72, 0x6f, 0x70, 0x73, 0x3a, 0x0a
  .byte 0x20, 0x20, 0x20, 0x20, 0x20, 0x20, 0x76, 0x61, 0x72, 0x69, 0x61, 0x6e, 0x74, 0x3a, 0x20, 0x63
  .byte 0x61, 0x72, 0x64, 0x0a, 0x20, 0x20, 0x20, 0x20, 0x63, 0x68, 0x69, 0x6c, 0x64, 0x72, 0x65, 0x6e
  .byte 0x3a, 0x0a, 0x20, 0x20, 0x20, 0x20, 0x20, 0x20, 0x2d, 0x20, 0x63, 0x61, 0x72, 0x64, 0x68, 0x65
  .byte 0x61, 0x64, 0x65, 0x72, 0x2d, 0x32, 0x33, 0x0a, 0x20, 0x20, 0x20, 0x20, 0x20, 0x20, 0x2d, 0x20
  .byte 0x62, 0x61, 0x72, 0x63, 0x68, 0x61, 0x72, 0x74, 0x2d, 0x32, 0x34, 0x0a, 0x20, 0x20, 0x63, 0x61
  .byte 0x72, 0x64, 0x68, 0x65, 0x61, 0x64, 0x65, 0x72, 0x2d, 0x32, 0x37, 0x3a, 0x0a, 0x20, 0x20, 0x20
  .byte 0x20, 0x74, 0x79, 0x70, 0x65, 0x3a, 0x20, 0x43, 0x61, 0x72, 0x64, 0x48, 0x65, 0x61, 0x64, 0x65
  .byte 0x72, 0x0a, 0x20, 0x20, 0x20, 0x20, 0x70, 0x72, 0x6f, 0x70, 0x73, 0x3a, 0x0a, 0x20, 0x20, 0x20
  .byte 0x20, 0x20, 0x20, 0x74, 0x69, 0x74, 0x6c, 0x65, 0x3a, 0x20, 0x55, 0x73, 0x65, 0x72, 0x20, 0x41
  .byte 0x63, 0x71, 0x75, 0x69, 0x73, 0x69, 0x74, 0x69, 0x6f, 0x6e, 0x0a, 0x20, 0x20, 0x20, 0x20, 0x20
  .byte 0x20, 0x73, 0x75, 0x62, 0x74, 0x69, 0x74, 0x6c, 0x65, 0x3a, 0x20, 0x53, 0x68, 0x61, 0x72, 0x65
  .byte 0x20, 0x6f, 0x66, 0x20, 0x6e, 0x65, 0x77, 0x20, 0x75, 0x73, 0x65, 0x72, 0x73, 0x20, 0x28, 0x6c
  .byte 0x61, 0x73, 0x74, 0x20, 0x33, 0x30, 0x20, 0x64, 0x61, 0x79, 0x73, 0x29, 0x0a, 0x20, 0x20, 0x73
  .byte 0x6c, 0x69, 0x63, 0x65, 0x2d, 0x32, 0x39, 0x3a, 0x0a, 0x20, 0x20, 0x20, 0x20, 0x74, 0x79, 0x70
  .byte 0x65, 0x3a, 0x20, 0x53, 0x6c, 0x69, 0x63, 0x65, 0x0a, 0x20, 0x20, 0x20, 0x20, 0x70, 0x72, 0x6f
  .byte 0x70, 0x73, 0x3a, 0x0a, 0x20, 0x20, 0x20, 0x20, 0x20, 0x20, 0x63, 0x61, 0x74, 0x65, 0x67, 0x6f
  .byte 0x72, 0x79, 0x3a, 0x20, 0x4f, 0x72, 0x67, 0x61, 0x6e, 0x69, 0x63, 0x20, 0x53, 0x65, 0x61, 0x72
  .byte 0x63, 0x68, 0x0a, 0x20, 0x20, 0x20, 0x20, 0x20, 0x20, 0x76, 0x61, 0x6c, 0x75, 0x65, 0x3a, 0x20
  .byte 0x33, 0x34, 0x0a, 0x20, 0x20, 0x73, 0x6c, 0x69, 0x63, 0x65, 0x2d, 0x33, 0x30, 0x3a, 0x0a, 0x20
  .byte 0x20, 0x20, 0x20, 0x74, 0x79, 0x70, 0x65, 0x3a, 0x20, 0x53, 0x6c, 0x69, 0x63, 0x65, 0x0a, 0x20
  .byte 0x20, 0x20, 0x20, 0x70, 0x72, 0x6f, 0x70, 0x73, 0x3a, 0x0a, 0x20, 0x20, 0x20, 0x20, 0x20, 0x20
  .byte 0x63, 0x61, 0x74, 0x65, 0x67, 0x6f, 0x72, 0x79, 0x3a, 0x20, 0x50, 0x61, 0x69, 0x64, 0x20, 0x53
  .byte 0x65, 0x61, 0x72, 0x63, 0x68, 0x0a, 0x20, 0x20, 0x20, 0x20, 0x20, 0x20, 0x76, 0x61, 0x6c, 0x75
  .byte 0x65, 0x3a, 0x20, 0x32, 0x32, 0x0a, 0x20, 0x20, 0x73, 0x6c, 0x69, 0x63, 0x65, 0x2d, 0x33, 0x31
  .byte 0x3a, 0x0a, 0x20, 0x20, 0x20, 0x20, 0x74, 0x79, 0x70, 0x65, 0x3a, 0x20, 0x53, 0x6c, 0x69, 0x63
  .byte 0x65, 0x0a, 0x20, 0x20, 0x20, 0x20, 0x70, 0x72, 0x6f, 0x70, 0x73, 0x3a, 0x0a, 0x20, 0x20, 0x20
  .byte 0x20, 0x20, 0x20, 0x63, 0x61, 0x74, 0x65, 0x67, 0x6f, 0x72, 0x79, 0x3a, 0x20, 0x52, 0x65, 0x66
  .byte 0x65, 0x72, 0x72, 0x61, 0x6c, 0x73, 0x0a, 0x20, 0x20, 0x20, 0x20, 0x20, 0x20, 0x76, 0x61, 0x6c
  .byte 0x75, 0x65, 0x3a, 0x20, 0x31, 0x36, 0x0a, 0x20, 0x20, 0x73, 0x6c, 0x69, 0x63, 0x65, 0x2d, 0x33
  .byte 0x32, 0x3a, 0x0a, 0x20, 0x20, 0x20, 0x20, 0x74, 0x79, 0x70, 0x65, 0x3a, 0x20, 0x53, 0x6c, 0x69
  .byte 0x63, 0x65, 0x0a, 0x20, 0x20, 0x20, 0x20, 0x70, 0x72, 0x6f, 0x70, 0x73, 0x3a, 0x0a, 0x20, 0x20
  .byte 0x20, 0x20, 0x20, 0x20, 0x63, 0x61, 0x74, 0x65, 0x67, 0x6f, 0x72, 0x79, 0x3a, 0x20, 0x53, 0x6f
  .byte 0x63, 0x69, 0x61, 0x6c, 0x0a, 0x20, 0x20, 0x20, 0x20, 0x20, 0x20, 0x76, 0x61, 0x6c, 0x75, 0x65
  .byte 0x3a, 0x20, 0x31, 0x32, 0x0a, 0x20, 0x20, 0x73, 0x6c, 0x69, 0x63, 0x65, 0x2d, 0x33, 0x33, 0x3a
  .byte 0x0a, 0x20, 0x20, 0x20, 0x20, 0x74, 0x79, 0x70, 0x65, 0x3a, 0x20, 0x53, 0x6c, 0x69, 0x63, 0x65
  .byte 0x0a, 0x20, 0x20, 0x20, 0x20, 0x70, 0x72, 0x6f, 0x70, 0x73, 0x3a, 0x0a, 0x20, 0x20, 0x20, 0x20
  .byte 0x20, 0x20, 0x63, 0x61, 0x74, 0x65, 0x67, 0x6f, 0x72, 0x79, 0x3a, 0x20, 0x44, 0x69, 0x72, 0x65
  .byte 0x63, 0x74, 0x20, 0x2f, 0x20, 0x4f, 0x74, 0x68, 0x65, 0x72, 0x0a, 0x20, 0x20, 0x20, 0x20, 0x20
  .byte 0x20, 0x76, 0x61, 0x6c, 0x75, 0x65, 0x3a, 0x20, 0x31, 0x36, 0x0a, 0x20, 0x20, 0x70, 0x69, 0x65
  .byte 0x63, 0x68, 0x61, 0x72, 0x74, 0x2d, 0x32, 0x38, 0x3a, 0x0a, 0x20, 0x20, 0x20, 0x20, 0x74, 0x79
  .byte 0x70, 0x65, 0x3a, 0x20, 0x50, 0x69, 0x65, 0x43, 0x68, 0x61, 0x72, 0x74, 0x0a, 0x20, 0x20, 0x20
  .byte 0x20, 0x70, 0x72, 0x6f, 0x70, 0x73, 0x3a, 0x0a, 0x20, 0x20, 0x20, 0x20, 0x20, 0x20, 0x76, 0x61
  .byte 0x72, 0x69, 0x61, 0x6e, 0x74, 0x3a, 0x20, 0x64, 0x6f, 0x6e, 0x75, 0x74, 0x0a, 0x20, 0x20, 0x20
  .byte 0x20, 0x63, 0x68, 0x69, 0x6c, 0x64, 0x72, 0x65, 0x6e, 0x3a, 0x0a, 0x20, 0x20, 0x20, 0x20, 0x20
  .byte 0x20, 0x2d, 0x20, 0x73, 0x6c, 0x69, 0x63, 0x65, 0x2d, 0x32, 0x39, 0x0a, 0x20, 0x20, 0x20, 0x20
  .byte 0x20, 0x20, 0x2d, 0x20, 0x73, 0x6c, 0x69, 0x63, 0x65, 0x2d, 0x33, 0x30, 0x0a, 0x20, 0x20, 0x20
  .byte 0x20, 0x20, 0x20, 0x2d, 0x20, 0x73, 0x6c, 0x69, 0x63, 0x65, 0x2d, 0x33, 0x31, 0x0a, 0x20, 0x20
  .byte 0x20, 0x20, 0x20, 0x20, 0x2d, 0x20, 0x73, 0x6c, 0x69, 0x63, 0x65, 0x2d, 0x33, 0x32, 0x0a, 0x20
  .byte 0x20, 0x20, 0x20, 0x20, 0x20, 0x2d, 0x20, 0x73, 0x6c, 0x69, 0x63, 0x65, 0x2d, 0x33, 0x33, 0x0a
  .byte 0x20, 0x20, 0x74, 0x65, 0x78, 0x74, 0x63, 0x6f, 0x6e, 0x74, 0x65, 0x6e, 0x74, 0x2d, 0x33, 0x34
  .byte 0x3a, 0x0a, 0x20, 0x20, 0x20, 0x20, 0x74, 0x79, 0x70, 0x65, 0x3a, 0x20, 0x54, 0x65, 0x78, 0x74
  .byte 0x43, 0x6f, 0x6e, 0x74, 0x65, 0x6e, 0x74, 0x0a, 0x20, 0x20, 0x20, 0x20, 0x70, 0x72, 0x6f, 0x70
  .byte 0x73, 0x3a, 0x0a, 0x20, 0x20, 0x20, 0x20, 0x20, 0x20, 0x74, 0x65, 0x78, 0x74, 0x3a, 0x20, 0x22
  .byte 0x54, 0x69, 0x70, 0x3a, 0x20, 0x54, 0x72, 0x61, 0x63, 0x6b, 0x20, 0x43, 0x41, 0x43, 0x20, 0x61
  .byte 0x6e, 0x64, 0x20, 0x63, 0x6f, 0x6e, 0x76, 0x65, 0x72, 0x73, 0x69, 0x6f, 0x6e, 0x20, 0x72, 0x61
  .byte 0x74, 0x65, 0x20, 0x62, 0x79, 0x20, 0x63, 0x68, 0x61, 0x6e, 0x6e, 0x65, 0x6c, 0x20, 0x74, 0x6f
  .byte 0x20, 0x65, 0x78, 0x70, 0x6c, 0x61, 0x69, 0x6e, 0x20, 0x6d, 0x69, 0x78, 0x20, 0x73, 0x68, 0x69
  .byte 0x66, 0x74, 0x73, 0x2e, 0x22, 0x0a, 0x20, 0x20, 0x20, 0x20, 0x20, 0x20, 0x73, 0x69, 0x7a, 0x65
  .byte 0x3a, 0x20, 0x73, 0x6d, 0x61, 0x6c, 0x6c, 0x0a, 0x20, 0x20, 0x63, 0x61, 0x72, 0x64, 0x2d, 0x32
  .byte 0x36, 0x3a, 0x0a, 0x20, 0x20, 0x20, 0x20, 0x74, 0x79, 0x70, 0x65, 0x3a, 0x20, 0x43, 0x61, 0x72
  .byte 0x64, 0x0a, 0x20, 0x20, 0x20, 0x20, 0x70, 0x72, 0x6f, 0x70, 0x73, 0x3a, 0x0a, 0x20, 0x20, 0x20
  .byte 0x20, 0x20, 0x20, 0x76, 0x61, 0x72, 0x69, 0x61, 0x6e, 0x74, 0x3a, 0x20, 0x63, 0x61, 0x72, 0x64
  .byte 0x0a, 0x20, 0x20, 0x20, 0x20, 0x63, 0x68, 0x69, 0x6c, 0x64, 0x72, 0x65, 0x6e, 0x3a, 0x0a, 0x20
  .byte 0x20, 0x20, 0x20, 0x20, 0x20, 0x2d, 0x20, 0x63, 0x61, 0x72, 0x64, 0x68, 0x65, 0x61, 0x64, 0x65
  .byte 0x72, 0x2d, 0x32, 0x37, 0x0a, 0x20, 0x20, 0x20, 0x20, 0x20, 0x20, 0x2d, 0x20, 0x70, 0x69, 0x65
  .byte 0x63, 0x68, 0x61, 0x72, 0x74, 0x2d, 0x32, 0x38, 0x0a, 0x20, 0x20, 0x20, 0x20, 0x20, 0x20, 0x2d
  .byte 0x20, 0x74, 0x65, 0x78, 0x74, 0x63, 0x6f, 0x6e, 0x74, 0x65, 0x6e, 0x74, 0x2d, 0x33, 0x34, 0x0a
  .byte 0x20, 0x20, 0x73, 0x74, 0x61, 0x63, 0x6b, 0x2d, 0x32, 0x31, 0x3a, 0x0a, 0x20, 0x20, 0x20, 0x20
  .byte 0x74, 0x79, 0x70, 0x65, 0x3a, 0x20, 0x53, 0x74, 0x61, 0x63, 0x6b, 0x0a, 0x20, 0x20, 0x20, 0x20
  .byte 0x70, 0x72, 0x6f, 0x70, 0x73, 0x3a, 0x0a, 0x20, 0x20, 0x20, 0x20, 0x20, 0x20, 0x64, 0x69, 0x72
  .byte 0x65, 0x63, 0x74, 0x69, 0x6f, 0x6e, 0x3a, 0x20, 0x72, 0x6f, 0x77, 0x0a, 0x20, 0x20, 0x20, 0x20
  .byte 0x20, 0x20, 0x67, 0x61, 0x70, 0x3a, 0x20, 0x6c, 0x0a, 0x20, 0x20, 0x20, 0x20, 0x20, 0x20, 0x61
  .byte 0x6c, 0x69, 0x67, 0x6e, 0x3a, 0x20, 0x73, 0x74, 0x72, 0x65, 0x74, 0x63, 0x68, 0x0a, 0x20, 0x20
  .byte 0x20, 0x20, 0x20, 0x20, 0x6a, 0x75, 0x73, 0x74, 0x69, 0x66, 0x79, 0x3a, 0x20, 0x73, 0x74, 0x61
  .byte 0x72, 0x74, 0x0a, 0x20, 0x20, 0x20, 0x20, 0x20, 0x20, 0x77, 0x72, 0x61, 0x70, 0x3a, 0x20, 0x74
  .byte 0x72, 0x75, 0x65, 0x0a, 0x20, 0x20, 0x20, 0x20, 0x63, 0x68, 0x69, 0x6c, 0x64, 0x72, 0x65, 0x6e
  .byte 0x3a, 0x0a, 0x20, 0x20, 0x20, 0x20, 0x20, 0x20, 0x2d, 0x20, 0x63, 0x61, 0x72, 0x64, 0x2d, 0x32
  .byte 0x32, 0x0a, 0x20, 0x20, 0x20, 0x20, 0x20, 0x20, 0x2d, 0x20, 0x63, 0x61, 0x72, 0x64, 0x2d, 0x32
  .byte 0x36, 0x0a, 0x20, 0x20, 0x63, 0x61, 0x72, 0x64, 0x68, 0x65, 0x61, 0x64, 0x65, 0x72, 0x2d, 0x33
  .byte 0x36, 0x3a, 0x0a, 0x20, 0x20, 0x20, 0x20, 0x74, 0x79, 0x70, 0x65, 0x3a, 0x20, 0x43, 0x61, 0x72
  .byte 0x64, 0x48, 0x65, 0x61, 0x64, 0x65, 0x72, 0x0a, 0x20, 0x20, 0x20, 0x20, 0x70, 0x72, 0x6f, 0x70
  .byte 0x73, 0x3a, 0x0a, 0x20, 0x20, 0x20, 0x20, 0x20, 0x20, 0x74, 0x69, 0x74, 0x6c, 0x65, 0x3a, 0x20
  .byte 0x54, 0x6f, 0x70, 0x20, 0x46, 0x65, 0x61, 0x74, 0x75, 0x72, 0x65, 0x73, 0x0a, 0x20, 0x20, 0x20
  .byte 0x20, 0x20, 0x20, 0x73, 0x75, 0x62, 0x74, 0x69, 0x74, 0x6c, 0x65, 0x3a, 0x20, 0x41, 0x64, 0x6f
  .byte 0x70, 0x74, 0x69, 0x6f, 0x6e, 0x20, 0x61, 0x6e, 0x64, 0x20, 0x65, 0x6e, 0x67, 0x61, 0x67, 0x65
  .byte 0x6d, 0x65, 0x6e, 0x74, 0x20, 0x28, 0x6c, 0x61, 0x73, 0x74, 0x20, 0x33, 0x30, 0x20, 0x64, 0x61
  .byte 0x79, 0x73, 0x29, 0x0a, 0x20, 0x20, 0x63, 0x6f, 0x6c, 0x2d, 0x33, 0x38, 0x3a, 0x0a, 0x20, 0x20
  .byte 0x20, 0x20, 0x74, 0x79, 0x70, 0x65, 0x3a, 0x20, 0x43, 0x6f, 0x6c, 0x0a, 0x20, 0x20, 0x20, 0x20
  .byte 0x70, 0x72, 0x6f, 0x70, 0x73, 0x3a, 0x0a, 0x20, 0x20, 0x20, 0x20, 0x20, 0x20, 0x6c, 0x61, 0x62
  .byte 0x65, 0x6c, 0x3a, 0x20, 0x46, 0x65, 0x61, 0x74, 0x75, 0x72, 0x65, 0x0a, 0x20, 0x20, 0x20, 0x20
  .byte 0x20, 0x20, 0x74, 0x79, 0x70, 0x65, 0x3a, 0x20, 0x73, 0x74, 0x72, 0x69, 0x6e, 0x67, 0x0a, 0x20
  .byte 0x20, 0x63, 0x6f, 0x6c, 0x2d, 0x33, 0x39, 0x3a, 0x0a, 0x20, 0x20, 0x20, 0x20, 0x74, 0x79, 0x70
  .byte 0x65, 0x3a, 0x20, 0x43, 0x6f, 0x6c, 0x0a, 0x20, 0x20, 0x20, 0x20, 0x70, 0x72, 0x6f, 0x70, 0x73
  .byte 0x3a, 0x0a, 0x20, 0x20, 0x20, 0x20, 0x20, 0x20, 0x6c, 0x61, 0x62, 0x65, 0x6c, 0x3a, 0x20, 0x57
  .byte 0x65, 0x65, 0x6b, 0x6c, 0x79, 0x20, 0x41, 0x63, 0x74, 0x69, 0x76, 0x65, 0x20, 0x55, 0x73, 0x65
  .byte 0x72, 0x73, 0x0a, 0x20, 0x20, 0x20, 0x20, 0x20, 0x20, 0x74, 0x79, 0x70, 0x65, 0x3a, 0x20, 0x6e
  .byte 0x75, 0x6d, 0x62, 0x65, 0x72, 0x0a, 0x20, 0x20, 0x63, 0x6f, 0x6c, 0x2d, 0x34, 0x30, 0x3a, 0x0a
  .byte 0x20, 0x20, 0x20, 0x20, 0x74, 0x79, 0x70, 0x65, 0x3a, 0x20, 0x43, 0x6f, 0x6c, 0x0a, 0x20, 0x20
  .byte 0x20, 0x20, 0x70, 0x72, 0x6f, 0x70, 0x73, 0x3a, 0x0a, 0x20, 0x20, 0x20, 0x20, 0x20, 0x20, 0x6c
  .byte 0x61, 0x62, 0x65, 0x6c, 0x3a, 0x20, 0x41, 0x64, 0x6f, 0x70, 0x74, 0x69, 0x6f, 0x6e, 0x20, 0x52
  .byte 0x61, 0x74, 0x65, 0x20, 0x28, 0x25, 0x29, 0x0a, 0x20, 0x20, 0x20, 0x20, 0x20, 0x20, 0x74, 0x79
  .byte 0x70, 0x65, 0x3a, 0x20, 0x6e, 0x75, 0x6d, 0x62, 0x65, 0x72, 0x0a, 0x20, 0x20, 0x63, 0x6f, 0x6c
  .byte 0x2d, 0x34, 0x31, 0x3a, 0x0a, 0x20, 0x20, 0x20, 0x20, 0x74, 0x79, 0x70, 0x65, 0x3a, 0x20, 0x43
  .byte 0x6f, 0x6c, 0x0a, 0x20, 0x20, 0x20, 0x20, 0x70, 0x72, 0x6f, 0x70, 0x73, 0x3a, 0x0a, 0x20, 0x20
  .byte 0x20, 0x20, 0x20, 0x20, 0x6c, 0x61, 0x62, 0x65, 0x6c, 0x3a, 0x20, 0x41, 0x76, 0x67, 0x2e, 0x20
  .byte 0x55, 0x73, 0x65, 0x73, 0x20, 0x2f, 0x20, 0x55, 0x73, 0x65, 0x72, 0x0a, 0x20, 0x20, 0x20, 0x20
  .byte 0x20, 0x20, 0x74, 0x79, 0x70, 0x65, 0x3a, 0x20, 0x6e, 0x75, 0x6d, 0x62, 0x65, 0x72, 0x0a, 0x20
  .byte 0x20, 0x74, 0x61, 0x62, 0x6c, 0x65, 0x2d, 0x33, 0x37, 0x3a, 0x0a, 0x20, 0x20, 0x20, 0x20, 0x74
  .byte 0x79, 0x70, 0x65, 0x3a, 0x20, 0x54, 0x61, 0x62, 0x6c, 0x65, 0x0a, 0x20, 0x20, 0x20, 0x20, 0x70
  .byte 0x72, 0x6f, 0x70, 0x73, 0x3a, 0x0a, 0x20, 0x20, 0x20, 0x20, 0x20, 0x20, 0x72, 0x6f, 0x77, 0x73
  .byte 0x3a, 0x0a, 0x20, 0x20, 0x20, 0x20, 0x20, 0x20, 0x20, 0x20, 0x2d, 0x20, 0x2d, 0x20, 0x44, 0x61
  .byte 0x73, 0x68, 0x62, 0x6f, 0x61, 0x72, 0x64, 0x73, 0x0a, 0x20, 0x20, 0x20, 0x20, 0x20, 0x20, 0x20
  .byte 0x20, 0x20, 0x20, 0x2d, 0x20, 0x34, 0x38, 0x32, 0x30, 0x30, 0x0a, 0x20, 0x20, 0x20, 0x20, 0x20
  .byte 0x20, 0x20, 0x20, 0x20, 0x20, 0x2d, 0x20, 0x36, 0x32, 0x2e, 0x35, 0x0a, 0x20, 0x20, 0x20, 0x20
  .byte 0x20, 0x20, 0x20, 0x20, 0x20, 0x20, 0x2d, 0x20, 0x35, 0x2e, 0x38, 0x0a, 0x20, 0x20, 0x20, 0x20
  .byte 0x20, 0x20, 0x20, 0x20, 0x2d, 0x20, 0x2d, 0x20, 0x41, 0x75, 0x74, 0x6f, 0x6d, 0x61, 0x74, 0x69
  .byte 0x6f, 0x6e, 0x73, 0x0a, 0x20, 0x20, 0x20, 0x20, 0x20, 0x20, 0x20, 0x20, 0x20, 0x20, 0x2d, 0x20
  .byte 0x33, 0x31, 0x37, 0x35, 0x30, 0x0a, 0x20, 0x20, 0x20, 0x20, 0x20, 0x20, 0x20, 0x20, 0x20, 0x20
  .byte 0x2d, 0x20, 0x34, 0x31, 0x2e, 0x32, 0x0a, 0x20, 0x20, 0x20, 0x20, 0x20, 0x20, 0x20, 0x20, 0x20
  .byte 0x20, 0x2d, 0x20, 0x33, 0x2e, 0x31, 0x0a, 0x20, 0x20, 0x20, 0x20, 0x20, 0x20, 0x20, 0x20, 0x2d
  .byte 0x20, 0x2d, 0x20, 0x49, 0x6e, 0x74, 0x65, 0x67, 0x72, 0x61, 0x74, 0x69, 0x6f, 0x6e, 0x73, 0x0a
  .byte 0x20, 0x20, 0x20, 0x20, 0x20, 0x20, 0x20, 0x20, 0x20, 0x20, 0x2d, 0x20, 0x32, 0x38, 0x39, 0x30
  .byte 0x30, 0x0a, 0x20, 0x20, 0x20, 0x20, 0x20, 0x20, 0x20, 0x20, 0x20, 0x20, 0x2d, 0x20, 0x33, 0x37
  .byte 0x2e, 0x35, 0x0a, 0x20, 0x20, 0x20, 0x20, 0x20, 0x20, 0x20, 0x20, 0x20, 0x20, 0x2d, 0x20, 0x32
  .byte 0x2e, 0x34, 0x0a, 0x20, 0x20, 0x20, 0x20, 0x20, 0x20, 0x20, 0x20, 0x2d, 0x20, 0x2d, 0x20, 0x54
  .byte 0x65, 0x61, 0x6d, 0x20, 0x43, 0x6f, 0x6c, 0x6c, 0x61, 0x62, 0x6f, 0x72, 0x61, 0x74, 0x69, 0x6f
  .byte 0x6e, 0x0a, 0x20, 0x20, 0x20, 0x20, 0x20, 0x20, 0x20, 0x20, 0x20, 0x20, 0x2d, 0x20, 0x32, 0x37
  .byte 0x31, 0x30, 0x30, 0x0a, 0x20, 0x20, 0x20, 0x20, 0x20, 0x20, 0x20, 0x20, 0x20, 0x20, 0x2d, 0x20
  .byte 0x33, 0x35, 0x2e, 0x32, 0x0a, 0x20, 0x20, 0x20, 0x20, 0x20, 0x20, 0x20, 0x20, 0x20, 0x20, 0x2d
  .byte 0x20, 0x34, 0x2e, 0x36, 0x0a, 0x20, 0x20, 0x20, 0x20, 0x20, 0x20, 0x20, 0x20, 0x2d, 0x20, 0x2d
  .byte 0x20, 0x45, 0x78, 0x70, 0x6f, 0x72, 0x74, 0x73, 0x0a, 0x20, 0x20, 0x20, 0x20, 0x20, 0x20, 0x20
  .byte 0x20, 0x20, 0x20, 0x2d, 0x20, 0x31, 0x39, 0x38, 0x35, 0x30, 0x0a, 0x20, 0x20, 0x20, 0x20, 0x20
  .byte 0x20, 0x20, 0x20, 0x20, 0x20, 0x2d, 0x20, 0x32, 0x35, 0x2e, 0x38, 0x0a, 0x20, 0x20, 0x20, 0x20
  .byte 0x20, 0x20, 0x20, 0x20, 0x20, 0x20, 0x2d, 0x20, 0x31, 0x2e, 0x37, 0x0a, 0x20, 0x20, 0x20, 0x20
  .byte 0x20, 0x20, 0x20, 0x20, 0x2d, 0x20, 0x2d, 0x20, 0x41, 0x6c, 0x65, 0x72, 0x74, 0x73, 0x0a, 0x20
  .byte 0x20, 0x20, 0x20, 0x20, 0x20, 0x20, 0x20, 0x20, 0x20, 0x2d, 0x20, 0x31, 0x37, 0x36, 0x30, 0x30
  .byte 0x0a, 0x20, 0x20, 0x20, 0x20, 0x20, 0x20, 0x20, 0x20, 0x20, 0x20, 0x2d, 0x20, 0x32, 0x32, 0x2e
  .byte 0x39, 0x0a, 0x20, 0x20, 0x20, 0x20, 0x20, 0x20, 0x20, 0x20, 0x20, 0x20, 0x2d, 0x20, 0x32, 0x0a
  .byte 0x20, 0x20, 0x20, 0x20, 0x20, 0x20, 0x20, 0x20, 0x2d, 0x20, 0x2d, 0x20, 0x41, 0x50, 0x49, 0x20
  .byte 0x41, 0x63, 0x63, 0x65, 0x73, 0x73, 0x0a, 0x20, 0x20, 0x20, 0x20, 0x20, 0x20, 0x20, 0x20, 0x20
  .byte 0x20, 0x2d, 0x20, 0x31, 0x32, 0x31, 0x35, 0x30, 0x0a, 0x20, 0x20, 0x20, 0x20, 0x20, 0x20, 0x20
  .byte 0x20, 0x20, 0x20, 0x2d, 0x20, 0x31, 0x35, 0x2e, 0x38, 0x0a, 0x20, 0x20, 0x20, 0x20, 0x20, 0x20
  .byte 0x20, 0x20, 0x20, 0x20, 0x2d, 0x20, 0x36, 0x2e, 0x33, 0x0a, 0x20, 0x20, 0x20, 0x20, 0x63, 0x68
  .byte 0x69, 0x6c, 0x64, 0x72, 0x65, 0x6e, 0x3a, 0x0a, 0x20, 0x20, 0x20, 0x20, 0x20, 0x20, 0x2d, 0x20
  .byte 0x63, 0x6f, 0x6c, 0x2d, 0x33, 0x38, 0x0a, 0x20, 0x20, 0x20, 0x20, 0x20, 0x20, 0x2d, 0x20, 0x63
  .byte 0x6f, 0x6c, 0x2d, 0x33, 0x39, 0x0a, 0x20, 0x20, 0x20, 0x20, 0x20, 0x20, 0x2d, 0x20, 0x63, 0x6f
  .byte 0x6c, 0x2d, 0x34, 0x30, 0x0a, 0x20, 0x20, 0x20, 0x20, 0x20, 0x20, 0x2d, 0x20, 0x63, 0x6f, 0x6c
  .byte 0x2d, 0x34, 0x31, 0x0a, 0x20, 0x20, 0x63, 0x61, 0x72, 0x64, 0x2d, 0x33, 0x35, 0x3a, 0x0a, 0x20
  .byte 0x20, 0x20, 0x20, 0x74, 0x79, 0x70, 0x65, 0x3a, 0x20, 0x43, 0x61, 0x72, 0x64, 0x0a, 0x20, 0x20
  .byte 0x20, 0x20, 0x70, 0x72, 0x6f, 0x70, 0x73, 0x3a, 0x0a, 0x20, 0x20, 0x20, 0x20, 0x20, 0x20, 0x76
  .byte 0x61, 0x72, 0x69, 0x61, 0x6e, 0x74, 0x3a, 0x20, 0x63, 0x61, 0x72, 0x64, 0x0a, 0x20, 0x20, 0x20
  .byte 0x20, 0x63, 0x68, 0x69, 0x6c, 0x64, 0x72, 0x65, 0x6e, 0x3a, 0x0a, 0x20, 0x20, 0x20, 0x20, 0x20
  .byte 0x20, 0x2d, 0x20, 0x63, 0x61, 0x72, 0x64, 0x68, 0x65, 0x61, 0x64, 0x65, 0x72, 0x2d, 0x33, 0x36
  .byte 0x0a, 0x20, 0x20, 0x20, 0x20, 0x20, 0x20, 0x2d, 0x20, 0x74, 0x61, 0x62, 0x6c, 0x65, 0x2d, 0x33
  .byte 0x37, 0x0a, 0x20, 0x20, 0x63, 0x61, 0x72, 0x64, 0x68, 0x65, 0x61, 0x64, 0x65, 0x72, 0x2d, 0x34
  .byte 0x33, 0x3a, 0x0a, 0x20, 0x20, 0x20, 0x20, 0x74, 0x79, 0x70, 0x65, 0x3a, 0x20, 0x43, 0x61, 0x72
  .byte 0x64, 0x48, 0x65, 0x61, 0x64, 0x65, 0x72, 0x0a, 0x20, 0x20, 0x20, 0x20, 0x70, 0x72, 0x6f, 0x70
  .byte 0x73, 0x3a, 0x0a, 0x20, 0x20, 0x20, 0x20, 0x20, 0x20, 0x74, 0x69, 0x74, 0x6c, 0x65, 0x3a, 0x20
  .byte 0x52, 0x65, 0x76, 0x65, 0x6e, 0x75, 0x65, 0x20, 0x54, 0x72, 0x65, 0x6e, 0x64, 0x0a, 0x20, 0x20
  .byte 0x20, 0x20, 0x20, 0x20, 0x73, 0x75, 0x62, 0x74, 0x69, 0x74, 0x6c, 0x65, 0x3a, 0x20, 0x4d, 0x52
  .byte 0x52, 0x20, 0x61, 0x6e, 0x64, 0x20, 0x41, 0x52, 0x52, 0x20, 0x28, 0x6c, 0x61, 0x73, 0x74, 0x20
  .byte 0x31, 0x32, 0x20, 0x6d, 0x6f, 0x6e, 0x74, 0x68, 0x73, 0x29, 0x0a, 0x20, 0x20, 0x73, 0x65, 0x72
  .byte 0x69, 0x65, 0x73, 0x2d, 0x34, 0x35, 0x3a, 0x0a, 0x20, 0x20, 0x20, 0x20, 0x74, 0x79, 0x70, 0x65
  .byte 0x3a, 0x20, 0x53, 0x65, 0x72, 0x69, 0x65, 0x73, 0x0a, 0x20, 0x20, 0x20, 0x20, 0x70, 0x72, 0x6f
  .byte 0x70, 0x73, 0x3a, 0x0a, 0x20, 0x20, 0x20, 0x20, 0x20, 0x20, 0x63, 0x61, 0x74, 0x65, 0x67, 0x6f
  .byte 0x72, 0x79, 0x3a, 0x20, 0x4d, 0x52, 0x52, 0x20, 0x28, 0x24, 0x29, 0x0a, 0x20, 0x20, 0x20, 0x20
  .byte 0x20, 0x20, 0x76, 0x61, 0x6c, 0x75, 0x65, 0x73, 0x3a, 0x0a, 0x20, 0x20, 0x20, 0x20, 0x20, 0x20
  .byte 0x20, 0x20, 0x2d, 0x20, 0x33, 0x33, 0x32, 0x30, 0x30, 0x30, 0x0a, 0x20, 0x20, 0x20, 0x20, 0x20
  .byte 0x20, 0x20, 0x20, 0x2d, 0x20, 0x33, 0x34, 0x31, 0x30, 0x30, 0x30, 0x0a, 0x20, 0x20, 0x20, 0x20
  .byte 0x20, 0x20, 0x20, 0x20, 0x2d, 0x20, 0x33, 0x34, 0x39, 0x30, 0x30, 0x30, 0x0a, 0x20, 0x20, 0x20
  .byte 0x20, 0x20, 0x20, 0x20, 0x20, 0x2d, 0x20, 0x33, 0x35, 0x36, 0x30, 0x30, 0x30, 0x0a, 0x20, 0x20
  .byte 0x20, 0x20, 0x20, 0x20, 0x20, 0x20, 0x2d, 0x20, 0x33, 0x36, 0x34, 0x30, 0x30, 0x30, 0x0a, 0x20
  .byte 0x20, 0x20, 0x20, 0x20, 0x20, 0x20, 0x20, 0x2d, 0x20, 0x33, 0x37, 0x32, 0x30, 0x30, 0x30, 0x0a
  .byte 0x20, 0x20, 0x20, 0x20, 0x20, 0x20, 0x20, 0x20, 0x2d, 0x20, 0x33, 0x38, 0x31, 0x30, 0x30, 0x30
  .byte 0x0a, 0x20, 0x20, 0x20, 0x20, 0x20, 0x20, 0x20, 0x20, 0x2d, 0x20, 0x33, 0x38, 0x39, 0x30, 0x30
  .byte 0x30, 0x0a, 0x20, 0x20, 0x20, 0x20, 0x20, 0x20, 0x20, 0x20, 0x2d, 0x20, 0x33, 0x39, 0x37, 0x30
  .byte 0x30, 0x30, 0x0a, 0x20, 0x20, 0x20, 0x20, 0x20, 0x20, 0x20, 0x20, 0x2d, 0x20, 0x34, 0x30, 0x34
  .byte 0x30, 0x30, 0x30, 0x0a, 0x20, 0x20, 0x20, 0x20, 0x20, 0x20, 0x20, 0x20, 0x2d, 0x20, 0x34, 0x30
  .byte 0x38, 0x30, 0x30, 0x30, 0x0a, 0x20, 0x20, 0x20, 0x20, 0x20, 0x20, 0x20, 0x20, 0x2d, 0x20, 0x34
  .byte 0x31, 0x32, 0x30, 0x30, 0x30, 0x0a, 0x20, 0x20, 0x73, 0x65, 0x72, 0x69, 0x65, 0x73, 0x2d, 0x34
  .byte 0x36, 0x3a, 0x0a, 0x20, 0x20, 0x20, 0x20, 0x74, 0x79, 0x70, 0x65, 0x3a, 0x20, 0x53, 0x65, 0x72
  .byte 0x69, 0x65, 0x73, 0x0a, 0x20, 0x20, 0x20, 0x20, 0x70, 0x72, 0x6f, 0x70, 0x73, 0x3a, 0x0a, 0x20
  .byte 0x20, 0x20, 0x20, 0x20, 0x20, 0x63, 0x61, 0x74, 0x65, 0x67, 0x6f, 0x72, 0x79, 0x3a, 0x20, 0x41
  .byte 0x52, 0x52, 0x20, 0x28, 0x24, 0x29, 0x0a, 0x20, 0x20, 0x20, 0x20, 0x20, 0x20, 0x76, 0x61, 0x6c
  .byte 0x75, 0x65, 0x73, 0x3a, 0x0a, 0x20, 0x20, 0x20, 0x20, 0x20, 0x20, 0x20, 0x20, 0x2d, 0x20, 0x33
  .byte 0x39, 0x38, 0x34, 0x30, 0x30, 0x30, 0x0a, 0x20, 0x20, 0x20, 0x20, 0x20, 0x20, 0x20, 0x20, 0x2d
  .byte 0x20, 0x34, 0x30, 0x39, 0x32, 0x30, 0x30, 0x30, 0x0a, 0x20, 0x20, 0x20, 0x20, 0x20, 0x20, 0x20
  .byte 0x20, 0x2d, 0x20, 0x34, 0x31, 0x38, 0x38, 0x30, 0x30, 0x30, 0x0a, 0x20, 0x20, 0x20, 0x20, 0x20
  .byte 0x20, 0x20, 0x20, 0x2d, 0x20, 0x34, 0x32, 0x37, 0x32, 0x30, 0x30, 0x30, 0x0a, 0x20, 0x20, 0x20
  .byte 0x20, 0x20, 0x20, 0x20, 0x20, 0x2d, 0x20, 0x34, 0x33, 0x36, 0x38, 0x30, 0x30, 0x30, 0x0a, 0x20
  .byte 0x20, 0x20, 0x20, 0x20, 0x20, 0x20, 0x20, 0x2d, 0x20, 0x34, 0x34, 0x36, 0x34, 0x30, 0x30, 0x30
  .byte 0x0a, 0x20, 0x20, 0x20, 0x20, 0x20, 0x20, 0x20, 0x20, 0x2d, 0x20, 0x34, 0x35, 0x37, 0x32, 0x30
  .byte 0x30, 0x30, 0x0a, 0x20, 0x20, 0x20, 0x20, 0x20, 0x20, 0x20, 0x20, 0x2d, 0x20, 0x34, 0x36, 0x36
  .byte 0x38, 0x30, 0x30, 0x30, 0x0a, 0x20, 0x20, 0x20, 0x20, 0x20, 0x20, 0x20, 0x20, 0x2d, 0x20, 0x34
  .byte 0x37, 0x36, 0x34, 0x30, 0x30, 0x30, 0x0a, 0x20, 0x20, 0x20, 0x20, 0x20, 0x20, 0x20, 0x20, 0x2d
  .byte 0x20, 0x34, 0x38, 0x34, 0x38, 0x30, 0x30, 0x30, 0x0a, 0x20, 0x20, 0x20, 0x20, 0x20, 0x20, 0x20
  .byte 0x20, 0x2d, 0x20, 0x34, 0x38, 0x39, 0x36, 0x30, 0x30, 0x30, 0x0a, 0x20, 0x20, 0x20, 0x20, 0x20
  .byte 0x20, 0x20, 0x20, 0x2d, 0x20, 0x34, 0x39, 0x34, 0x34, 0x30, 0x30, 0x30, 0x0a, 0x20, 0x20, 0x6c
  .byte 0x69, 0x6e, 0x65, 0x63, 0x68, 0x61, 0x72, 0x74, 0x2d, 0x34, 0x34, 0x3a, 0x0a, 0x20, 0x20, 0x20
  .byte 0x20, 0x74, 0x79, 0x70, 0x65, 0x3a, 0x20, 0x4c, 0x69, 0x6e, 0x65, 0x43, 0x68, 0x61, 0x72, 0x74
  .byte 0x0a, 0x20, 0x20, 0x20, 0x20, 0x70, 0x72, 0x6f, 0x70, 0x73, 0x3a, 0x0a, 0x20, 0x20, 0x20, 0x20
  .byte 0x20, 0x20, 0x6c, 0x61, 0x62, 0x65, 0x6c, 0x73, 0x3a, 0x0a, 0x20, 0x20, 0x20, 0x20, 0x20, 0x20
  .byte 0x20, 0x20, 0x2d, 0x20, 0x41, 0x70, 0x72, 0x0a, 0x20, 0x20, 0x20, 0x20, 0x20, 0x20, 0x20, 0x20
  .byte 0x2d, 0x20, 0x4d, 0x61, 0x79, 0x0a, 0x20, 0x20, 0x20, 0x20, 0x20, 0x20, 0x20, 0x20, 0x2d, 0x20
  .byte 0x4a, 0x75, 0x6e, 0x0a, 0x20, 0x20, 0x20, 0x20, 0x20, 0x20, 0x20, 0x20, 0x2d, 0x20, 0x4a, 0x75
  .byte 0x6c, 0x0a, 0x20, 0x20, 0x20, 0x20, 0x20, 0x20, 0x20, 0x20, 0x2d, 0x20, 0x41, 0x75, 0x67, 0x0a
  .byte 0x20, 0x20, 0x20, 0x20, 0x20, 0x20, 0x20, 0x20, 0x2d, 0x20, 0x53, 0x65, 0x70, 0x0a, 0x20, 0x20
  .byte 0x20, 0x20, 0x20, 0x20, 0x20, 0x20, 0x2d, 0x20, 0x4f, 0x63, 0x74, 0x0a, 0x20, 0x20, 0x20, 0x20
  .byte 0x20, 0x20, 0x20, 0x20, 0x2d, 0x20, 0x4e, 0x6f, 0x76, 0x0a, 0x20, 0x20, 0x20, 0x20, 0x20, 0x20
  .byte 0x20, 0x20, 0x2d, 0x20, 0x44, 0x65, 0x63, 0x0a, 0x20, 0x20, 0x20, 0x20, 0x20, 0x20, 0x20, 0x20
  .byte 0x2d, 0x20, 0x4a, 0x61, 0x6e, 0x0a, 0x20, 0x20, 0x20, 0x20, 0x20, 0x20, 0x20, 0x20, 0x2d, 0x20
  .byte 0x46, 0x65, 0x62, 0x0a, 0x20, 0x20, 0x20, 0x20, 0x20, 0x20, 0x20, 0x20, 0x2d, 0x20, 0x4d, 0x61
  .byte 0x72, 0x0a, 0x20, 0x20, 0x20, 0x20, 0x20, 0x20, 0x76, 0x61, 0x72, 0x69, 0x61, 0x6e, 0x74, 0x3a
  .byte 0x20, 0x6e, 0x61, 0x74, 0x75, 0x72, 0x61, 0x6c, 0x0a, 0x20, 0x20, 0x20, 0x20, 0x20, 0x20, 0x78
  .byte 0x4c, 0x61, 0x62, 0x65, 0x6c, 0x3a, 0x20, 0x4d, 0x6f, 0x6e, 0x74, 0x68, 0x0a, 0x20, 0x20, 0x20
  .byte 0x20, 0x20, 0x20, 0x79, 0x4c, 0x61, 0x62, 0x65, 0x6c, 0x3a, 0x20, 0x55, 0x53, 0x44, 0x0a, 0x20
  .byte 0x20, 0x20, 0x20, 0x63, 0x68, 0x69, 0x6c, 0x64, 0x72, 0x65, 0x6e, 0x3a, 0x0a, 0x20, 0x20, 0x20
  .byte 0x20, 0x20, 0x20, 0x2d, 0x20, 0x73, 0x65, 0x72, 0x69, 0x65, 0x73, 0x2d, 0x34, 0x35, 0x0a, 0x20
  .byte 0x20, 0x20, 0x20, 0x20, 0x20, 0x2d, 0x20, 0x73, 0x65, 0x72, 0x69, 0x65, 0x73, 0x2d, 0x34, 0x36
  .byte 0x0a, 0x20, 0x20, 0x74, 0x65, 0x78, 0x74, 0x63, 0x6f, 0x6e, 0x74, 0x65, 0x6e, 0x74, 0x2d, 0x34
  .byte 0x37, 0x3a, 0x0a, 0x20, 0x20, 0x20, 0x20, 0x74, 0x79, 0x70, 0x65, 0x3a, 0x20, 0x54, 0x65, 0x78
  .byte 0x74, 0x43, 0x6f, 0x6e, 0x74, 0x65, 0x6e, 0x74, 0x0a, 0x20, 0x20, 0x20, 0x20, 0x70, 0x72, 0x6f
  .byte 0x70, 0x73, 0x3a, 0x0a, 0x20, 0x20, 0x20, 0x20, 0x20, 0x20, 0x74, 0x65, 0x78, 0x74, 0x3a, 0x20
  .byte 0x41, 0x52, 0x52, 0x20, 0x73, 0x68, 0x6f, 0x77, 0x6e, 0x20, 0x61, 0x73, 0x20, 0x31, 0x32, 0xc3
  .byte 0x97, 0x4d, 0x52, 0x52, 0x20, 0x66, 0x6f, 0x72, 0x20, 0x64, 0x69, 0x72, 0x65, 0x63, 0x74, 0x69
  .byte 0x6f, 0x6e, 0x61, 0x6c, 0x20, 0x74, 0x72, 0x61, 0x63, 0x6b, 0x69, 0x6e, 0x67, 0x3b, 0x20, 0x72
  .byte 0x65, 0x70, 0x6c, 0x61, 0x63, 0x65, 0x20, 0x77, 0x69, 0x74, 0x68, 0x20, 0x63, 0x6f, 0x6e, 0x74
  .byte 0x72, 0x61, 0x63, 0x74, 0x65, 0x64, 0x20, 0x41, 0x52, 0x52, 0x0a, 0x20, 0x20, 0x20, 0x20, 0x20
  .byte 0x20, 0x20, 0x20, 0x69, 0x66, 0x20, 0x79, 0x6f, 0x75, 0x20, 0x74, 0x72, 0x61, 0x63, 0x6b, 0x20
  .byte 0x61, 0x6e, 0x6e, 0x75, 0x61, 0x6c, 0x20, 0x63, 0x6f, 0x6d, 0x6d, 0x69, 0x74, 0x6d, 0x65, 0x6e
  .byte 0x74, 0x73, 0x2e, 0x0a, 0x20, 0x20, 0x20, 0x20, 0x20, 0x20, 0x73, 0x69, 0x7a, 0x65, 0x3a, 0x20
  .byte 0x73, 0x6d, 0x61, 0x6c, 0x6c, 0x0a, 0x20, 0x20, 0x63, 0x61, 0x72, 0x64, 0x2d, 0x34, 0x32, 0x3a
  .byte 0x0a, 0x20, 0x20, 0x20, 0x20, 0x74, 0x79, 0x70, 0x65, 0x3a, 0x20, 0x43, 0x61, 0x72, 0x64, 0x0a
  .byte 0x20, 0x20, 0x20, 0x20, 0x70, 0x72, 0x6f, 0x70, 0x73, 0x3a, 0x0a, 0x20, 0x20, 0x20, 0x20, 0x20
  .byte 0x20, 0x76, 0x61, 0x72, 0x69, 0x61, 0x6e, 0x74, 0x3a, 0x20, 0x63, 0x61, 0x72, 0x64, 0x0a, 0x20
  .byte 0x20, 0x20, 0x20, 0x63, 0x68, 0x69, 0x6c, 0x64, 0x72, 0x65, 0x6e, 0x3a, 0x0a, 0x20, 0x20, 0x20
  .byte 0x20, 0x20, 0x20, 0x2d, 0x20, 0x63, 0x61, 0x72, 0x64, 0x68, 0x65, 0x61, 0x64, 0x65, 0x72, 0x2d
  .byte 0x34, 0x33, 0x0a, 0x20, 0x20, 0x20, 0x20, 0x20, 0x20, 0x2d, 0x20, 0x6c, 0x69, 0x6e, 0x65, 0x63
  .byte 0x68, 0x61, 0x72, 0x74, 0x2d, 0x34, 0x34, 0x0a, 0x20, 0x20, 0x20, 0x20, 0x20, 0x20, 0x2d, 0x20
  .byte 0x74, 0x65, 0x78, 0x74, 0x63, 0x6f, 0x6e, 0x74, 0x65, 0x6e, 0x74, 0x2d, 0x34, 0x37, 0x0a, 0x20
  .byte 0x20, 0x73, 0x74, 0x61, 0x63, 0x6b, 0x2d, 0x31, 0x3a, 0x0a, 0x20, 0x20, 0x20, 0x20, 0x74, 0x79
  .byte 0x70, 0x65, 0x3a, 0x20, 0x53, 0x74, 0x61, 0x63, 0x6b, 0x0a, 0x20, 0x20, 0x20, 0x20, 0x70, 0x72
  .byte 0x6f, 0x70, 0x73, 0x3a, 0x0a, 0x20, 0x20, 0x20, 0x20, 0x20, 0x20, 0x64, 0x69, 0x72, 0x65, 0x63
  .byte 0x74, 0x69, 0x6f, 0x6e, 0x3a, 0x20, 0x63, 0x6f, 0x6c, 0x75, 0x6d, 0x6e, 0x0a, 0x20, 0x20, 0x20
  .byte 0x20, 0x20, 0x20, 0x67, 0x61, 0x70, 0x3a, 0x20, 0x6c, 0x0a, 0x20, 0x20, 0x20, 0x20, 0x63, 0x68
  .byte 0x69, 0x6c, 0x64, 0x72, 0x65, 0x6e, 0x3a, 0x0a, 0x20, 0x20, 0x20, 0x20, 0x20, 0x20, 0x2d, 0x20
  .byte 0x63, 0x61, 0x72, 0x64, 0x2d, 0x32, 0x0a, 0x20, 0x20, 0x20, 0x20, 0x20, 0x20, 0x2d, 0x20, 0x73
  .byte 0x74, 0x61, 0x63, 0x6b, 0x2d, 0x34, 0x0a, 0x20, 0x20, 0x20, 0x20, 0x20, 0x20, 0x2d, 0x20, 0x73
  .byte 0x74, 0x61, 0x63, 0x6b, 0x2d, 0x32, 0x31, 0x0a, 0x20, 0x20, 0x20, 0x20, 0x20, 0x20, 0x2d, 0x20
  .byte 0x63, 0x61, 0x72, 0x64, 0x2d, 0x33, 0x35, 0x0a, 0x20, 0x20, 0x20, 0x20, 0x20, 0x20, 0x2d, 0x20
  .byte 0x63, 0x61, 0x72, 0x64, 0x2d, 0x34, 0x32, 0x0a

  .globl openui_full_port_benchmarks_samples_dashboard_yaml_950813979516_len
openui_full_port_benchmarks_samples_dashboard_yaml_950813979516_len:
  .quad 6952

# assembly pass: 2/4
  .globl openui_full_port_benchmarks_samples_dashboard_yaml_950813979516_pass_2
openui_full_port_benchmarks_samples_dashboard_yaml_950813979516_pass_2:
  .byte 0x72, 0x6f, 0x6f, 0x74, 0x3a, 0x20, 0x73, 0x74, 0x61, 0x63, 0x6b, 0x2d, 0x31, 0x0a, 0x65, 0x6c
  .byte 0x65, 0x6d, 0x65, 0x6e, 0x74, 0x73, 0x3a, 0x0a, 0x20, 0x20, 0x63, 0x61, 0x72, 0x64, 0x68, 0x65
  .byte 0x61, 0x64, 0x65, 0x72, 0x2d, 0x33, 0x3a, 0x0a, 0x20, 0x20, 0x20, 0x20, 0x74, 0x79, 0x70, 0x65
  .byte 0x3a, 0x20, 0x43, 0x61, 0x72, 0x64, 0x48, 0x65, 0x61, 0x64, 0x65, 0x72, 0x0a, 0x20, 0x20, 0x20
  .byte 0x20, 0x70, 0x72, 0x6f, 0x70, 0x73, 0x3a, 0x0a, 0x20, 0x20, 0x20, 0x20, 0x20, 0x20, 0x74, 0x69
  .byte 0x74, 0x6c, 0x65, 0x3a, 0x20, 0x50, 0x72, 0x6f, 0x64, 0x75, 0x63, 0x74, 0x20, 0x41, 0x6e, 0x61
  .byte 0x6c, 0x79, 0x74, 0x69, 0x63, 0x73, 0x20, 0x44, 0x61, 0x73, 0x68, 0x62, 0x6f, 0x61, 0x72, 0x64
  .byte 0x0a, 0x20, 0x20, 0x20, 0x20, 0x20, 0x20, 0x73, 0x75, 0x62, 0x74, 0x69, 0x74, 0x6c, 0x65, 0x3a
  .byte 0x20, 0x55, 0x73, 0x61, 0x67, 0x65, 0x2c, 0x20, 0x61, 0x63, 0x71, 0x75, 0x69, 0x73, 0x69, 0x74
  .byte 0x69, 0x6f, 0x6e, 0x2c, 0x20, 0x66, 0x65, 0x61, 0x74, 0x75, 0x72, 0x65, 0x20, 0x61, 0x64, 0x6f
  .byte 0x70, 0x74, 0x69, 0x6f, 0x6e, 0x2c, 0x20, 0x61, 0x6e, 0x64, 0x20, 0x72, 0x65, 0x76, 0x65, 0x6e
  .byte 0x75, 0x65, 0x20, 0x74, 0x72, 0x65, 0x6e, 0x64, 0x73, 0x0a, 0x20, 0x20, 0x63, 0x61, 0x72, 0x64
  .byte 0x2d, 0x32, 0x3a, 0x0a, 0x20, 0x20, 0x20, 0x20, 0x74, 0x79, 0x70, 0x65, 0x3a, 0x20, 0x43, 0x61
  .byte 0x72, 0x64, 0x0a, 0x20, 0x20, 0x20, 0x20, 0x70, 0x72, 0x6f, 0x70, 0x73, 0x3a, 0x0a, 0x20, 0x20
  .byte 0x20, 0x20, 0x20, 0x20, 0x76, 0x61, 0x72, 0x69, 0x61, 0x6e, 0x74, 0x3a, 0x20, 0x63, 0x61, 0x72
  .byte 0x64, 0x0a, 0x20, 0x20, 0x20, 0x20, 0x63, 0x68, 0x69, 0x6c, 0x64, 0x72, 0x65, 0x6e, 0x3a, 0x0a
  .byte 0x20, 0x20, 0x20, 0x20, 0x20, 0x20, 0x2d, 0x20, 0x63, 0x61, 0x72, 0x64, 0x68, 0x65, 0x61, 0x64
  .byte 0x65, 0x72, 0x2d, 0x33, 0x0a, 0x20, 0x20, 0x74, 0x65, 0x78, 0x74, 0x63, 0x6f, 0x6e, 0x74, 0x65
  .byte 0x6e, 0x74, 0x2d, 0x36, 0x3a, 0x0a, 0x20, 0x20, 0x20, 0x20, 0x74, 0x79, 0x70, 0x65, 0x3a, 0x20
  .byte 0x54, 0x65, 0x78, 0x74, 0x43, 0x6f, 0x6e, 0x74, 0x65, 0x6e, 0x74, 0x0a, 0x20, 0x20, 0x20, 0x20
  .byte 0x70, 0x72, 0x6f, 0x70, 0x73, 0x3a, 0x0a, 0x20, 0x20, 0x20, 0x20, 0x20, 0x20, 0x74, 0x65, 0x78
  .byte 0x74, 0x3a, 0x20, 0x4d, 0x6f, 0x6e, 0x74, 0x68, 0x6c, 0x79, 0x20, 0x41, 0x63, 0x74, 0x69, 0x76
  .byte 0x65, 0x20, 0x55, 0x73, 0x65, 0x72, 0x73, 0x20, 0x28, 0x4d, 0x41, 0x55, 0x29, 0x0a, 0x20, 0x20
  .byte 0x20, 0x20, 0x20, 0x20, 0x73, 0x69, 0x7a, 0x65, 0x3a, 0x20, 0x73, 0x6d, 0x61, 0x6c, 0x6c, 0x2d
  .byte 0x68, 0x65, 0x61, 0x76, 0x79, 0x0a, 0x20, 0x20, 0x74, 0x65, 0x78, 0x74, 0x63, 0x6f, 0x6e, 0x74
  .byte 0x65, 0x6e, 0x74, 0x2d, 0x37, 0x3a, 0x0a, 0x20, 0x20, 0x20, 0x20, 0x74, 0x79, 0x70, 0x65, 0x3a
  .byte 0x20, 0x54, 0x65, 0x78, 0x74, 0x43, 0x6f, 0x6e, 0x74, 0x65, 0x6e, 0x74, 0x0a, 0x20, 0x20, 0x20
  .byte 0x20, 0x70, 0x72, 0x6f, 0x70, 0x73, 0x3a, 0x0a, 0x20, 0x20, 0x20, 0x20, 0x20, 0x20, 0x74, 0x65
  .byte 0x78, 0x74, 0x3a, 0x20, 0x31, 0x32, 0x38, 0x2c, 0x34, 0x30, 0x30, 0x0a, 0x20, 0x20, 0x20, 0x20
  .byte 0x20, 0x20, 0x73, 0x69, 0x7a, 0x65, 0x3a, 0x20, 0x6c, 0x61, 0x72, 0x67, 0x65, 0x2d, 0x68, 0x65
  .byte 0x61, 0x76, 0x79, 0x0a, 0x20, 0x20, 0x74, 0x65, 0x78, 0x74, 0x63, 0x6f, 0x6e, 0x74, 0x65, 0x6e
  .byte 0x74, 0x2d, 0x38, 0x3a, 0x0a, 0x20, 0x20, 0x20, 0x20, 0x74, 0x79, 0x70, 0x65, 0x3a, 0x20, 0x54
  .byte 0x65, 0x78, 0x74, 0x43, 0x6f, 0x6e, 0x74, 0x65, 0x6e, 0x74, 0x0a, 0x20, 0x20, 0x20, 0x20, 0x70
  .byte 0x72, 0x6f, 0x70, 0x73, 0x3a, 0x0a, 0x20, 0x20, 0x20, 0x20, 0x20, 0x20, 0x74, 0x65, 0x78, 0x74
  .byte 0x3a, 0x20, 0x2b, 0x36, 0x2e, 0x32, 0x25, 0x20, 0x76, 0x73, 0x20, 0x6c, 0x61, 0x73, 0x74, 0x20
  .byte 0x6d, 0x6f, 0x6e, 0x74, 0x68, 0x0a, 0x20, 0x20, 0x20, 0x20, 0x20, 0x20, 0x73, 0x69, 0x7a, 0x65
  .byte 0x3a, 0x20, 0x73, 0x6d, 0x61, 0x6c, 0x6c, 0x0a, 0x20, 0x20, 0x63, 0x61, 0x72, 0x64, 0x2d, 0x35
  .byte 0x3a, 0x0a, 0x20, 0x20, 0x20, 0x20, 0x74, 0x79, 0x70, 0x65, 0x3a, 0x20, 0x43, 0x61, 0x72, 0x64
  .byte 0x0a, 0x20, 0x20, 0x20, 0x20, 0x70, 0x72, 0x6f, 0x70, 0x73, 0x3a, 0x0a, 0x20, 0x20, 0x20, 0x20
  .byte 0x20, 0x20, 0x76, 0x61, 0x72, 0x69, 0x61, 0x6e, 0x74, 0x3a, 0x20, 0x73, 0x75, 0x6e, 0x6b, 0x0a
  .byte 0x20, 0x20, 0x20, 0x20, 0x63, 0x68, 0x69, 0x6c, 0x64, 0x72, 0x65, 0x6e, 0x3a, 0x0a, 0x20, 0x20
  .byte 0x20, 0x20, 0x20, 0x20, 0x2d, 0x20, 0x74, 0x65, 0x78, 0x74, 0x63, 0x6f, 0x6e, 0x74, 0x65, 0x6e
  .byte 0x74, 0x2d, 0x36, 0x0a, 0x20, 0x20, 0x20, 0x20, 0x20, 0x20, 0x2d, 0x20, 0x74, 0x65, 0x78, 0x74
  .byte 0x63, 0x6f, 0x6e, 0x74, 0x65, 0x6e, 0x74, 0x2d, 0x37, 0x0a, 0x20, 0x20, 0x20, 0x20, 0x20, 0x20
  .byte 0x2d, 0x20, 0x74, 0x65, 0x78, 0x74, 0x63, 0x6f, 0x6e, 0x74, 0x65, 0x6e, 0x74, 0x2d, 0x38, 0x0a
  .byte 0x20, 0x20, 0x74, 0x65, 0x78, 0x74, 0x63, 0x6f, 0x6e, 0x74, 0x65, 0x6e, 0x74, 0x2d, 0x31, 0x30
  .byte 0x3a, 0x0a, 0x20, 0x20, 0x20, 0x20, 0x74, 0x79, 0x70, 0x65, 0x3a, 0x20, 0x54, 0x65, 0x78, 0x74
  .byte 0x43, 0x6f, 0x6e, 0x74, 0x65, 0x6e, 0x74, 0x0a, 0x20, 0x20, 0x20, 0x20, 0x70, 0x72, 0x6f, 0x70
  .byte 0x73, 0x3a, 0x0a, 0x20, 0x20, 0x20, 0x20, 0x20, 0x20, 0x74, 0x65, 0x78, 0x74, 0x3a, 0x20, 0x4e
  .byte 0x65, 0x77, 0x20, 0x55, 0x73, 0x65, 0x72, 0x73, 0x20, 0x28, 0x33, 0x30, 0x64, 0x29, 0x0a, 0x20
  .byte 0x20, 0x20, 0x20, 0x20, 0x20, 0x73, 0x69, 0x7a, 0x65, 0x3a, 0x20, 0x73, 0x6d, 0x61, 0x6c, 0x6c
  .byte 0x2d, 0x68, 0x65, 0x61, 0x76, 0x79, 0x0a, 0x20, 0x20, 0x74, 0x65, 0x78, 0x74, 0x63, 0x6f, 0x6e
  .byte 0x74, 0x65, 0x6e, 0x74, 0x2d, 0x31, 0x31, 0x3a, 0x0a, 0x20, 0x20, 0x20, 0x20, 0x74, 0x79, 0x70
  .byte 0x65, 0x3a, 0x20, 0x54, 0x65, 0x78, 0x74, 0x43, 0x6f, 0x6e, 0x74, 0x65, 0x6e, 0x74, 0x0a, 0x20
  .byte 0x20, 0x20, 0x20, 0x70, 0x72, 0x6f, 0x70, 0x73, 0x3a, 0x0a, 0x20, 0x20, 0x20, 0x20, 0x20, 0x20
  .byte 0x74, 0x65, 0x78, 0x74, 0x3a, 0x20, 0x32, 0x34, 0x2c, 0x39, 0x35, 0x30, 0x0a, 0x20, 0x20, 0x20
  .byte 0x20, 0x20, 0x20, 0x73, 0x69, 0x7a, 0x65, 0x3a, 0x20, 0x6c, 0x61, 0x72, 0x67, 0x65, 0x2d, 0x68
  .byte 0x65, 0x61, 0x76, 0x79, 0x0a, 0x20, 0x20, 0x74, 0x65, 0x78, 0x74, 0x63, 0x6f, 0x6e, 0x74, 0x65
  .byte 0x6e, 0x74, 0x2d, 0x31, 0x32, 0x3a, 0x0a, 0x20, 0x20, 0x20, 0x20, 0x74, 0x79, 0x70, 0x65, 0x3a
  .byte 0x20, 0x54, 0x65, 0x78, 0x74, 0x43, 0x6f, 0x6e, 0x74, 0x65, 0x6e, 0x74, 0x0a, 0x20, 0x20, 0x20
  .byte 0x20, 0x70, 0x72, 0x6f, 0x70, 0x73, 0x3a, 0x0a, 0x20, 0x20, 0x20, 0x20, 0x20, 0x20, 0x74, 0x65
  .byte 0x78, 0x74, 0x3a, 0x20, 0x2b, 0x33, 0x2e, 0x31, 0x25, 0x20, 0x76, 0x73, 0x20, 0x6c, 0x61, 0x73
  .byte 0x74, 0x20, 0x33, 0x30, 0x64, 0x0a, 0x20, 0x20, 0x20, 0x20, 0x20, 0x20, 0x73, 0x69, 0x7a, 0x65
  .byte 0x3a, 0x20, 0x73, 0x6d, 0x61, 0x6c, 0x6c, 0x0a, 0x20, 0x20, 0x63, 0x61, 0x72, 0x64, 0x2d, 0x39
  .byte 0x3a, 0x0a, 0x20, 0x20, 0x20, 0x20, 0x74, 0x79, 0x70, 0x65, 0x3a, 0x20, 0x43, 0x61, 0x72, 0x64
  .byte 0x0a, 0x20, 0x20, 0x20, 0x20, 0x70, 0x72, 0x6f, 0x70, 0x73, 0x3a, 0x0a, 0x20, 0x20, 0x20, 0x20
  .byte 0x20, 0x20, 0x76, 0x61, 0x72, 0x69, 0x61, 0x6e, 0x74, 0x3a, 0x20, 0x73, 0x75, 0x6e, 0x6b, 0x0a
  .byte 0x20, 0x20, 0x20, 0x20, 0x63, 0x68, 0x69, 0x6c, 0x64, 0x72, 0x65, 0x6e, 0x3a, 0x0a, 0x20, 0x20
  .byte 0x20, 0x20, 0x20, 0x20, 0x2d, 0x20, 0x74, 0x65, 0x78, 0x74, 0x63, 0x6f, 0x6e, 0x74, 0x65, 0x6e
  .byte 0x74, 0x2d, 0x31, 0x30, 0x0a, 0x20, 0x20, 0x20, 0x20, 0x20, 0x20, 0x2d, 0x20, 0x74, 0x65, 0x78
  .byte 0x74, 0x63, 0x6f, 0x6e, 0x74, 0x65, 0x6e, 0x74, 0x2d, 0x31, 0x31, 0x0a, 0x20, 0x20, 0x20, 0x20
  .byte 0x20, 0x20, 0x2d, 0x20, 0x74, 0x65, 0x78, 0x74, 0x63, 0x6f, 0x6e, 0x74, 0x65, 0x6e, 0x74, 0x2d
  .byte 0x31, 0x32, 0x0a, 0x20, 0x20, 0x74, 0x65, 0x78, 0x74, 0x63, 0x6f, 0x6e, 0x74, 0x65, 0x6e, 0x74
  .byte 0x2d, 0x31, 0x34, 0x3a, 0x0a, 0x20, 0x20, 0x20, 0x20, 0x74, 0x79, 0x70, 0x65, 0x3a, 0x20, 0x54
  .byte 0x65, 0x78, 0x74, 0x43, 0x6f, 0x6e, 0x74, 0x65, 0x6e, 0x74, 0x0a, 0x20, 0x20, 0x20, 0x20, 0x70
  .byte 0x72, 0x6f, 0x70, 0x73, 0x3a, 0x0a, 0x20, 0x20, 0x20, 0x20, 0x20, 0x20, 0x74, 0x65, 0x78, 0x74
  .byte 0x3a, 0x20, 0x4d, 0x52, 0x52, 0x0a, 0x20, 0x20, 0x20, 0x20, 0x20, 0x20, 0x73, 0x69, 0x7a, 0x65
  .byte 0x3a, 0x20, 0x73, 0x6d, 0x61, 0x6c, 0x6c, 0x2d, 0x68, 0x65, 0x61, 0x76, 0x79, 0x0a, 0x20, 0x20
  .byte 0x74, 0x65, 0x78, 0x74, 0x63, 0x6f, 0x6e, 0x74, 0x65, 0x6e, 0x74, 0x2d, 0x31, 0x35, 0x3a, 0x0a
  .byte 0x20, 0x20, 0x20, 0x20, 0x74, 0x79, 0x70, 0x65, 0x3a, 0x20, 0x54, 0x65, 0x78, 0x74, 0x43, 0x6f
  .byte 0x6e, 0x74, 0x65, 0x6e, 0x74, 0x0a, 0x20, 0x20, 0x20, 0x20, 0x70, 0x72, 0x6f, 0x70, 0x73, 0x3a
  .byte 0x0a, 0x20, 0x20, 0x20, 0x20, 0x20, 0x20, 0x74, 0x65, 0x78, 0x74, 0x3a, 0x20, 0x24, 0x34, 0x31
  .byte 0x32, 0x2c, 0x30, 0x30, 0x30, 0x0a, 0x20, 0x20, 0x20, 0x20, 0x20, 0x20, 0x73, 0x69, 0x7a, 0x65
  .byte 0x3a, 0x20, 0x6c, 0x61, 0x72, 0x67, 0x65, 0x2d, 0x68, 0x65, 0x61, 0x76, 0x79, 0x0a, 0x20, 0x20
  .byte 0x74, 0x65, 0x78, 0x74, 0x63, 0x6f, 0x6e, 0x74, 0x65, 0x6e, 0x74, 0x2d, 0x31, 0x36, 0x3a, 0x0a
  .byte 0x20, 0x20, 0x20, 0x20, 0x74, 0x79, 0x70, 0x65, 0x3a, 0x20, 0x54, 0x65, 0x78, 0x74, 0x43, 0x6f
  .byte 0x6e, 0x74, 0x65, 0x6e, 0x74, 0x0a, 0x20, 0x20, 0x20, 0x20, 0x70, 0x72, 0x6f, 0x70, 0x73, 0x3a
  .byte 0x0a, 0x20, 0x20, 0x20, 0x20, 0x20, 0x20, 0x74, 0x65, 0x78, 0x74, 0x3a, 0x20, 0x2b, 0x34, 0x2e
  .byte 0x34, 0x25, 0x20, 0x4d, 0x6f, 0x4d, 0x0a, 0x20, 0x20, 0x20, 0x20, 0x20, 0x20, 0x73, 0x69, 0x7a
  .byte 0x65, 0x3a, 0x20, 0x73, 0x6d, 0x61, 0x6c, 0x6c, 0x0a, 0x20, 0x20, 0x63, 0x61, 0x72, 0x64, 0x2d
  .byte 0x31, 0x33, 0x3a, 0x0a, 0x20, 0x20, 0x20, 0x20, 0x74, 0x79, 0x70, 0x65, 0x3a, 0x20, 0x43, 0x61
  .byte 0x72, 0x64, 0x0a, 0x20, 0x20, 0x20, 0x20, 0x70, 0x72, 0x6f, 0x70, 0x73, 0x3a, 0x0a, 0x20, 0x20
  .byte 0x20, 0x20, 0x20, 0x20, 0x76, 0x61, 0x72, 0x69, 0x61, 0x6e, 0x74, 0x3a, 0x20, 0x73, 0x75, 0x6e
  .byte 0x6b, 0x0a, 0x20, 0x20, 0x20, 0x20, 0x63, 0x68, 0x69, 0x6c, 0x64, 0x72, 0x65, 0x6e, 0x3a, 0x0a
  .byte 0x20, 0x20, 0x20, 0x20, 0x20, 0x20, 0x2d, 0x20, 0x74, 0x65, 0x78, 0x74, 0x63, 0x6f, 0x6e, 0x74
  .byte 0x65, 0x6e, 0x74, 0x2d, 0x31, 0x34, 0x0a, 0x20, 0x20, 0x20, 0x20, 0x20, 0x20, 0x2d, 0x20, 0x74
  .byte 0x65, 0x78, 0x74, 0x63, 0x6f, 0x6e, 0x74, 0x65, 0x6e, 0x74, 0x2d, 0x31, 0x35, 0x0a, 0x20, 0x20
  .byte 0x20, 0x20, 0x20, 0x20, 0x2d, 0x20, 0x74, 0x65, 0x78, 0x74, 0x63, 0x6f, 0x6e, 0x74, 0x65, 0x6e
  .byte 0x74, 0x2d, 0x31, 0x36, 0x0a, 0x20, 0x20, 0x74, 0x65, 0x78, 0x74, 0x63, 0x6f, 0x6e, 0x74, 0x65
  .byte 0x6e, 0x74, 0x2d, 0x31, 0x38, 0x3a, 0x0a, 0x20, 0x20, 0x20, 0x20, 0x74, 0x79, 0x70, 0x65, 0x3a
  .byte 0x20, 0x54, 0x65, 0x78, 0x74, 0x43, 0x6f, 0x6e, 0x74, 0x65, 0x6e, 0x74, 0x0a, 0x20, 0x20, 0x20
  .byte 0x20, 0x70, 0x72, 0x6f, 0x70, 0x73, 0x3a, 0x0a, 0x20, 0x20, 0x20, 0x20, 0x20, 0x20, 0x74, 0x65
  .byte 0x78, 0x74, 0x3a, 0x20, 0x41, 0x52, 0x52, 0x0a, 0x20, 0x20, 0x20, 0x20, 0x20, 0x20, 0x73, 0x69
  .byte 0x7a, 0x65, 0x3a, 0x20, 0x73, 0x6d, 0x61, 0x6c, 0x6c, 0x2d, 0x68, 0x65, 0x61, 0x76, 0x79, 0x0a
  .byte 0x20, 0x20, 0x74, 0x65, 0x78, 0x74, 0x63, 0x6f, 0x6e, 0x74, 0x65, 0x6e, 0x74, 0x2d, 0x31, 0x39
  .byte 0x3a, 0x0a, 0x20, 0x20, 0x20, 0x20, 0x74, 0x79, 0x70, 0x65, 0x3a, 0x20, 0x54, 0x65, 0x78, 0x74
  .byte 0x43, 0x6f, 0x6e, 0x74, 0x65, 0x6e, 0x74, 0x0a, 0x20, 0x20, 0x20, 0x20, 0x70, 0x72, 0x6f, 0x70
  .byte 0x73, 0x3a, 0x0a, 0x20, 0x20, 0x20, 0x20, 0x20, 0x20, 0x74, 0x65, 0x78, 0x74, 0x3a, 0x20, 0x24
  .byte 0x34, 0x2e, 0x39, 0x34, 0x4d, 0x0a, 0x20, 0x20, 0x20, 0x20, 0x20, 0x20, 0x73, 0x69, 0x7a, 0x65
  .byte 0x3a, 0x20, 0x6c, 0x61, 0x72, 0x67, 0x65, 0x2d, 0x68, 0x65, 0x61, 0x76, 0x79, 0x0a, 0x20, 0x20
  .byte 0x74, 0x65, 0x78, 0x74, 0x63, 0x6f, 0x6e, 0x74, 0x65, 0x6e, 0x74, 0x2d, 0x32, 0x30, 0x3a, 0x0a
  .byte 0x20, 0x20, 0x20, 0x20, 0x74, 0x79, 0x70, 0x65, 0x3a, 0x20, 0x54, 0x65, 0x78, 0x74, 0x43, 0x6f
  .byte 0x6e, 0x74, 0x65, 0x6e, 0x74, 0x0a, 0x20, 0x20, 0x20, 0x20, 0x70, 0x72, 0x6f, 0x70, 0x73, 0x3a
  .byte 0x0a, 0x20, 0x20, 0x20, 0x20, 0x20, 0x20, 0x74, 0x65, 0x78, 0x74, 0x3a, 0x20, 0x2b, 0x31, 0x38
  .byte 0x2e, 0x37, 0x25, 0x20, 0x59, 0x6f, 0x59, 0x0a, 0x20, 0x20, 0x20, 0x20, 0x20, 0x20, 0x73, 0x69
  .byte 0x7a, 0x65, 0x3a, 0x20, 0x73, 0x6d, 0x61, 0x6c, 0x6c, 0x0a, 0x20, 0x20, 0x63, 0x61, 0x72, 0x64
  .byte 0x2d, 0x31, 0x37, 0x3a, 0x0a, 0x20, 0x20, 0x20, 0x20, 0x74, 0x79, 0x70, 0x65, 0x3a, 0x20, 0x43
  .byte 0x61, 0x72, 0x64, 0x0a, 0x20, 0x20, 0x20, 0x20, 0x70, 0x72, 0x6f, 0x70, 0x73, 0x3a, 0x0a, 0x20
  .byte 0x20, 0x20, 0x20, 0x20, 0x20, 0x76, 0x61, 0x72, 0x69, 0x61, 0x6e, 0x74, 0x3a, 0x20, 0x73, 0x75
  .byte 0x6e, 0x6b, 0x0a, 0x20, 0x20, 0x20, 0x20, 0x63, 0x68, 0x69, 0x6c, 0x64, 0x72, 0x65, 0x6e, 0x3a
  .byte 0x0a, 0x20, 0x20, 0x20, 0x20, 0x20, 0x20, 0x2d, 0x20, 0x74, 0x65, 0x78, 0x74, 0x63, 0x6f, 0x6e
  .byte 0x74, 0x65, 0x6e, 0x74, 0x2d, 0x31, 0x38, 0x0a, 0x20, 0x20, 0x20, 0x20, 0x20, 0x20, 0x2d, 0x20
  .byte 0x74, 0x65, 0x78, 0x74, 0x63, 0x6f, 0x6e, 0x74, 0x65, 0x6e, 0x74, 0x2d, 0x31, 0x39, 0x0a, 0x20
  .byte 0x20, 0x20, 0x20, 0x20, 0x20, 0x2d, 0x20, 0x74, 0x65, 0x78, 0x74, 0x63, 0x6f, 0x6e, 0x74, 0x65
  .byte 0x6e, 0x74, 0x2d, 0x32, 0x30, 0x0a, 0x20, 0x20, 0x73, 0x74, 0x61, 0x63, 0x6b, 0x2d, 0x34, 0x3a
  .byte 0x0a, 0x20, 0x20, 0x20, 0x20, 0x74, 0x79, 0x70, 0x65, 0x3a, 0x20, 0x53, 0x74, 0x61, 0x63, 0x6b
  .byte 0x0a, 0x20, 0x20, 0x20, 0x20, 0x70, 0x72, 0x6f, 0x70, 0x73, 0x3a, 0x0a, 0x20, 0x20, 0x20, 0x20
  .byte 0x20, 0x20, 0x64, 0x69, 0x72, 0x65, 0x63, 0x74, 0x69, 0x6f, 0x6e, 0x3a, 0x20, 0x72, 0x6f, 0x77
  .byte 0x0a, 0x20, 0x20, 0x20, 0x20, 0x20, 0x20, 0x67, 0x61, 0x70, 0x3a, 0x20, 0x6d, 0x0a, 0x20, 0x20
  .byte 0x20, 0x20, 0x20, 0x20, 0x61, 0x6c, 0x69, 0x67, 0x6e, 0x3a, 0x20, 0x73, 0x74, 0x72, 0x65, 0x74
  .byte 0x63, 0x68, 0x0a, 0x20, 0x20, 0x20, 0x20, 0x20, 0x20, 0x6a, 0x75, 0x73, 0x74, 0x69, 0x66, 0x79
  .byte 0x3a, 0x20, 0x73, 0x74, 0x61, 0x72, 0x74, 0x0a, 0x20, 0x20, 0x20, 0x20, 0x20, 0x20, 0x77, 0x72
  .byte 0x61, 0x70, 0x3a, 0x20, 0x74, 0x72, 0x75, 0x65, 0x0a, 0x20, 0x20, 0x20, 0x20, 0x63, 0x68, 0x69
  .byte 0x6c, 0x64, 0x72, 0x65, 0x6e, 0x3a, 0x0a, 0x20, 0x20, 0x20, 0x20, 0x20, 0x20, 0x2d, 0x20, 0x63
  .byte 0x61, 0x72, 0x64, 0x2d, 0x35, 0x0a, 0x20, 0x20, 0x20, 0x20, 0x20, 0x20, 0x2d, 0x20, 0x63, 0x61
  .byte 0x72, 0x64, 0x2d, 0x39, 0x0a, 0x20, 0x20, 0x20, 0x20, 0x20, 0x20, 0x2d, 0x20, 0x63, 0x61, 0x72
  .byte 0x64, 0x2d, 0x31, 0x33, 0x0a, 0x20, 0x20, 0x20, 0x20, 0x20, 0x20, 0x2d, 0x20, 0x63, 0x61, 0x72
  .byte 0x64, 0x2d, 0x31, 0x37, 0x0a, 0x20, 0x20, 0x63, 0x61, 0x72, 0x64, 0x68, 0x65, 0x61, 0x64, 0x65
  .byte 0x72, 0x2d, 0x32, 0x33, 0x3a, 0x0a, 0x20, 0x20, 0x20, 0x20, 0x74, 0x79, 0x70, 0x65, 0x3a, 0x20
  .byte 0x43, 0x61, 0x72, 0x64, 0x48, 0x65, 0x61, 0x64, 0x65, 0x72, 0x0a, 0x20, 0x20, 0x20, 0x20, 0x70
  .byte 0x72, 0x6f, 0x70, 0x73, 0x3a, 0x0a, 0x20, 0x20, 0x20, 0x20, 0x20, 0x20, 0x74, 0x69, 0x74, 0x6c
  .byte 0x65, 0x3a, 0x20, 0x4d, 0x6f, 0x6e, 0x74, 0x68, 0x6c, 0x79, 0x20, 0x41, 0x63, 0x74, 0x69, 0x76
  .byte 0x65, 0x20, 0x55, 0x73, 0x65, 0x72, 0x73, 0x0a, 0x20, 0x20, 0x20, 0x20, 0x20, 0x20, 0x73, 0x75
  .byte 0x62, 0x74, 0x69, 0x74, 0x6c, 0x65, 0x3a, 0x20, 0x4c, 0x61, 0x73, 0x74, 0x20, 0x31, 0x32, 0x20
  .byte 0x6d, 0x6f, 0x6e, 0x74, 0x68, 0x73, 0x0a, 0x20, 0x20, 0x73, 0x65, 0x72, 0x69, 0x65, 0x73, 0x2d
  .byte 0x32, 0x35, 0x3a, 0x0a, 0x20, 0x20, 0x20, 0x20, 0x74, 0x79, 0x70, 0x65, 0x3a, 0x20, 0x53, 0x65
  .byte 0x72, 0x69, 0x65, 0x73, 0x0a, 0x20, 0x20, 0x20, 0x20, 0x70, 0x72, 0x6f, 0x70, 0x73, 0x3a, 0x0a
  .byte 0x20, 0x20, 0x20, 0x20, 0x20, 0x20, 0x63, 0x61, 0x74, 0x65, 0x67, 0x6f, 0x72, 0x79, 0x3a, 0x20
  .byte 0x4d, 0x41, 0x55, 0x0a, 0x20, 0x20, 0x20, 0x20, 0x20, 0x20, 0x76, 0x61, 0x6c, 0x75, 0x65, 0x73
  .byte 0x3a, 0x0a, 0x20, 0x20, 0x20, 0x20, 0x20, 0x20, 0x20, 0x20, 0x2d, 0x20, 0x38, 0x34, 0x35, 0x30
  .byte 0x30, 0x0a, 0x20, 0x20, 0x20, 0x20, 0x20, 0x20, 0x20, 0x20, 0x2d, 0x20, 0x38, 0x37, 0x32, 0x30
  .byte 0x30, 0x0a, 0x20, 0x20, 0x20, 0x20, 0x20, 0x20, 0x20, 0x20, 0x2d, 0x20, 0x39, 0x30, 0x31, 0x30
  .byte 0x30, 0x0a, 0x20, 0x20, 0x20, 0x20, 0x20, 0x20, 0x20, 0x20, 0x2d, 0x20, 0x39, 0x33, 0x38, 0x30
  .byte 0x30, 0x0a, 0x20, 0x20, 0x20, 0x20, 0x20, 0x20, 0x20, 0x20, 0x2d, 0x20, 0x39, 0x36, 0x35, 0x30
  .byte 0x30, 0x0a, 0x20, 0x20, 0x20, 0x20, 0x20, 0x20, 0x20, 0x20, 0x2d, 0x20, 0x31, 0x30, 0x30, 0x32
  .byte 0x30, 0x30, 0x0a, 0x20, 0x20, 0x20, 0x20, 0x20, 0x20, 0x20, 0x20, 0x2d, 0x20, 0x31, 0x30, 0x34
  .byte 0x38, 0x30, 0x30, 0x0a, 0x20, 0x20, 0x20, 0x20, 0x20, 0x20, 0x20, 0x20, 0x2d, 0x20, 0x31, 0x30
  .byte 0x39, 0x36, 0x30, 0x30, 0x0a, 0x20, 0x20, 0x20, 0x20, 0x20, 0x20, 0x20, 0x20, 0x2d, 0x20, 0x31
  .byte 0x31, 0x34, 0x33, 0x30, 0x30, 0x0a, 0x20, 0x20, 0x20, 0x20, 0x20, 0x20, 0x20, 0x20, 0x2d, 0x20
  .byte 0x31, 0x31, 0x39, 0x39, 0x30, 0x30, 0x0a, 0x20, 0x20, 0x20, 0x20, 0x20, 0x20, 0x20, 0x20, 0x2d
  .byte 0x20, 0x31, 0x32, 0x33, 0x37, 0x30, 0x30, 0x0a, 0x20, 0x20, 0x20, 0x20, 0x20, 0x20, 0x20, 0x20
  .byte 0x2d, 0x20, 0x31, 0x32, 0x38, 0x34, 0x30, 0x30, 0x0a, 0x20, 0x20, 0x62, 0x61, 0x72, 0x63, 0x68
  .byte 0x61, 0x72, 0x74, 0x2d, 0x32, 0x34, 0x3a, 0x0a, 0x20, 0x20, 0x20, 0x20, 0x74, 0x79, 0x70, 0x65
  .byte 0x3a, 0x20, 0x42, 0x61, 0x72, 0x43, 0x68, 0x61, 0x72, 0x74, 0x0a, 0x20, 0x20, 0x20, 0x20, 0x70
  .byte 0x72, 0x6f, 0x70, 0x73, 0x3a, 0x0a, 0x20, 0x20, 0x20, 0x20, 0x20, 0x20, 0x6c, 0x61, 0x62, 0x65
  .byte 0x6c, 0x73, 0x3a, 0x0a, 0x20, 0x20, 0x20, 0x20, 0x20, 0x20, 0x20, 0x20, 0x2d, 0x20, 0x41, 0x70
  .byte 0x72, 0x0a, 0x20, 0x20, 0x20, 0x20, 0x20, 0x20, 0x20, 0x20, 0x2d, 0x20, 0x4d, 0x61, 0x79, 0x0a
  .byte 0x20, 0x20, 0x20, 0x20, 0x20, 0x20, 0x20, 0x20, 0x2d, 0x20, 0x4a, 0x75, 0x6e, 0x0a, 0x20, 0x20
  .byte 0x20, 0x20, 0x20, 0x20, 0x20, 0x20, 0x2d, 0x20, 0x4a, 0x75, 0x6c, 0x0a, 0x20, 0x20, 0x20, 0x20
  .byte 0x20, 0x20, 0x20, 0x20, 0x2d, 0x20, 0x41, 0x75, 0x67, 0x0a, 0x20, 0x20, 0x20, 0x20, 0x20, 0x20
  .byte 0x20, 0x20, 0x2d, 0x20, 0x53, 0x65, 0x70, 0x0a, 0x20, 0x20, 0x20, 0x20, 0x20, 0x20, 0x20, 0x20
  .byte 0x2d, 0x20, 0x4f, 0x63, 0x74, 0x0a, 0x20, 0x20, 0x20, 0x20, 0x20, 0x20, 0x20, 0x20, 0x2d, 0x20
  .byte 0x4e, 0x6f, 0x76, 0x0a, 0x20, 0x20, 0x20, 0x20, 0x20, 0x20, 0x20, 0x20, 0x2d, 0x20, 0x44, 0x65
  .byte 0x63, 0x0a, 0x20, 0x20, 0x20, 0x20, 0x20, 0x20, 0x20, 0x20, 0x2d, 0x20, 0x4a, 0x61, 0x6e, 0x0a
  .byte 0x20, 0x20, 0x20, 0x20, 0x20, 0x20, 0x20, 0x20, 0x2d, 0x20, 0x46, 0x65, 0x62, 0x0a, 0x20, 0x20
  .byte 0x20, 0x20, 0x20, 0x20, 0x20, 0x20, 0x2d, 0x20, 0x4d, 0x61, 0x72, 0x0a, 0x20, 0x20, 0x20, 0x20
  .byte 0x20, 0x20, 0x76, 0x61, 0x72, 0x69, 0x61, 0x6e, 0x74, 0x3a, 0x20, 0x67, 0x72, 0x6f, 0x75, 0x70
  .byte 0x65, 0x64, 0x0a, 0x20, 0x20, 0x20, 0x20, 0x20, 0x20, 0x78, 0x4c, 0x61, 0x62, 0x65, 0x6c, 0x3a
  .byte 0x20, 0x4d, 0x6f, 0x6e, 0x74, 0x68, 0x0a, 0x20, 0x20, 0x20, 0x20, 0x20, 0x20, 0x79, 0x4c, 0x61
  .byte 0x62, 0x65, 0x6c, 0x3a, 0x20, 0x55, 0x73, 0x65, 0x72, 0x73, 0x0a, 0x20, 0x20, 0x20, 0x20, 0x63
  .byte 0x68, 0x69, 0x6c, 0x64, 0x72, 0x65, 0x6e, 0x3a, 0x0a, 0x20, 0x20, 0x20, 0x20, 0x20, 0x20, 0x2d
  .byte 0x20, 0x73, 0x65, 0x72, 0x69, 0x65, 0x73, 0x2d, 0x32, 0x35, 0x0a, 0x20, 0x20, 0x63, 0x61, 0x72
  .byte 0x64, 0x2d, 0x32, 0x32, 0x3a, 0x0a, 0x20, 0x20, 0x20, 0x20, 0x74, 0x79, 0x70, 0x65, 0x3a, 0x20
  .byte 0x43, 0x61, 0x72, 0x64, 0x0a, 0x20, 0x20, 0x20, 0x20, 0x70, 0x72, 0x6f, 0x70, 0x73, 0x3a, 0x0a
  .byte 0x20, 0x20, 0x20, 0x20, 0x20, 0x20, 0x76, 0x61, 0x72, 0x69, 0x61, 0x6e, 0x74, 0x3a, 0x20, 0x63
  .byte 0x61, 0x72, 0x64, 0x0a, 0x20, 0x20, 0x20, 0x20, 0x63, 0x68, 0x69, 0x6c, 0x64, 0x72, 0x65, 0x6e
  .byte 0x3a, 0x0a, 0x20, 0x20, 0x20, 0x20, 0x20, 0x20, 0x2d, 0x20, 0x63, 0x61, 0x72, 0x64, 0x68, 0x65
  .byte 0x61, 0x64, 0x65, 0x72, 0x2d, 0x32, 0x33, 0x0a, 0x20, 0x20, 0x20, 0x20, 0x20, 0x20, 0x2d, 0x20
  .byte 0x62, 0x61, 0x72, 0x63, 0x68, 0x61, 0x72, 0x74, 0x2d, 0x32, 0x34, 0x0a, 0x20, 0x20, 0x63, 0x61
  .byte 0x72, 0x64, 0x68, 0x65, 0x61, 0x64, 0x65, 0x72, 0x2d, 0x32, 0x37, 0x3a, 0x0a, 0x20, 0x20, 0x20
  .byte 0x20, 0x74, 0x79, 0x70, 0x65, 0x3a, 0x20, 0x43, 0x61, 0x72, 0x64, 0x48, 0x65, 0x61, 0x64, 0x65
  .byte 0x72, 0x0a, 0x20, 0x20, 0x20, 0x20, 0x70, 0x72, 0x6f, 0x70, 0x73, 0x3a, 0x0a, 0x20, 0x20, 0x20
  .byte 0x20, 0x20, 0x20, 0x74, 0x69, 0x74, 0x6c, 0x65, 0x3a, 0x20, 0x55, 0x73, 0x65, 0x72, 0x20, 0x41
  .byte 0x63, 0x71, 0x75, 0x69, 0x73, 0x69, 0x74, 0x69, 0x6f, 0x6e, 0x0a, 0x20, 0x20, 0x20, 0x20, 0x20
  .byte 0x20, 0x73, 0x75, 0x62, 0x74, 0x69, 0x74, 0x6c, 0x65, 0x3a, 0x20, 0x53, 0x68, 0x61, 0x72, 0x65
  .byte 0x20, 0x6f, 0x66, 0x20, 0x6e, 0x65, 0x77, 0x20, 0x75, 0x73, 0x65, 0x72, 0x73, 0x20, 0x28, 0x6c
  .byte 0x61, 0x73, 0x74, 0x20, 0x33, 0x30, 0x20, 0x64, 0x61, 0x79, 0x73, 0x29, 0x0a, 0x20, 0x20, 0x73
  .byte 0x6c, 0x69, 0x63, 0x65, 0x2d, 0x32, 0x39, 0x3a, 0x0a, 0x20, 0x20, 0x20, 0x20, 0x74, 0x79, 0x70
  .byte 0x65, 0x3a, 0x20, 0x53, 0x6c, 0x69, 0x63, 0x65, 0x0a, 0x20, 0x20, 0x20, 0x20, 0x70, 0x72, 0x6f
  .byte 0x70, 0x73, 0x3a, 0x0a, 0x20, 0x20, 0x20, 0x20, 0x20, 0x20, 0x63, 0x61, 0x74, 0x65, 0x67, 0x6f
  .byte 0x72, 0x79, 0x3a, 0x20, 0x4f, 0x72, 0x67, 0x61, 0x6e, 0x69, 0x63, 0x20, 0x53, 0x65, 0x61, 0x72
  .byte 0x63, 0x68, 0x0a, 0x20, 0x20, 0x20, 0x20, 0x20, 0x20, 0x76, 0x61, 0x6c, 0x75, 0x65, 0x3a, 0x20
  .byte 0x33, 0x34, 0x0a, 0x20, 0x20, 0x73, 0x6c, 0x69, 0x63, 0x65, 0x2d, 0x33, 0x30, 0x3a, 0x0a, 0x20
  .byte 0x20, 0x20, 0x20, 0x74, 0x79, 0x70, 0x65, 0x3a, 0x20, 0x53, 0x6c, 0x69, 0x63, 0x65, 0x0a, 0x20
  .byte 0x20, 0x20, 0x20, 0x70, 0x72, 0x6f, 0x70, 0x73, 0x3a, 0x0a, 0x20, 0x20, 0x20, 0x20, 0x20, 0x20
  .byte 0x63, 0x61, 0x74, 0x65, 0x67, 0x6f, 0x72, 0x79, 0x3a, 0x20, 0x50, 0x61, 0x69, 0x64, 0x20, 0x53
  .byte 0x65, 0x61, 0x72, 0x63, 0x68, 0x0a, 0x20, 0x20, 0x20, 0x20, 0x20, 0x20, 0x76, 0x61, 0x6c, 0x75
  .byte 0x65, 0x3a, 0x20, 0x32, 0x32, 0x0a, 0x20, 0x20, 0x73, 0x6c, 0x69, 0x63, 0x65, 0x2d, 0x33, 0x31
  .byte 0x3a, 0x0a, 0x20, 0x20, 0x20, 0x20, 0x74, 0x79, 0x70, 0x65, 0x3a, 0x20, 0x53, 0x6c, 0x69, 0x63
  .byte 0x65, 0x0a, 0x20, 0x20, 0x20, 0x20, 0x70, 0x72, 0x6f, 0x70, 0x73, 0x3a, 0x0a, 0x20, 0x20, 0x20
  .byte 0x20, 0x20, 0x20, 0x63, 0x61, 0x74, 0x65, 0x67, 0x6f, 0x72, 0x79, 0x3a, 0x20, 0x52, 0x65, 0x66
  .byte 0x65, 0x72, 0x72, 0x61, 0x6c, 0x73, 0x0a, 0x20, 0x20, 0x20, 0x20, 0x20, 0x20, 0x76, 0x61, 0x6c
  .byte 0x75, 0x65, 0x3a, 0x20, 0x31, 0x36, 0x0a, 0x20, 0x20, 0x73, 0x6c, 0x69, 0x63, 0x65, 0x2d, 0x33
  .byte 0x32, 0x3a, 0x0a, 0x20, 0x20, 0x20, 0x20, 0x74, 0x79, 0x70, 0x65, 0x3a, 0x20, 0x53, 0x6c, 0x69
  .byte 0x63, 0x65, 0x0a, 0x20, 0x20, 0x20, 0x20, 0x70, 0x72, 0x6f, 0x70, 0x73, 0x3a, 0x0a, 0x20, 0x20
  .byte 0x20, 0x20, 0x20, 0x20, 0x63, 0x61, 0x74, 0x65, 0x67, 0x6f, 0x72, 0x79, 0x3a, 0x20, 0x53, 0x6f
  .byte 0x63, 0x69, 0x61, 0x6c, 0x0a, 0x20, 0x20, 0x20, 0x20, 0x20, 0x20, 0x76, 0x61, 0x6c, 0x75, 0x65
  .byte 0x3a, 0x20, 0x31, 0x32, 0x0a, 0x20, 0x20, 0x73, 0x6c, 0x69, 0x63, 0x65, 0x2d, 0x33, 0x33, 0x3a
  .byte 0x0a, 0x20, 0x20, 0x20, 0x20, 0x74, 0x79, 0x70, 0x65, 0x3a, 0x20, 0x53, 0x6c, 0x69, 0x63, 0x65
  .byte 0x0a, 0x20, 0x20, 0x20, 0x20, 0x70, 0x72, 0x6f, 0x70, 0x73, 0x3a, 0x0a, 0x20, 0x20, 0x20, 0x20
  .byte 0x20, 0x20, 0x63, 0x61, 0x74, 0x65, 0x67, 0x6f, 0x72, 0x79, 0x3a, 0x20, 0x44, 0x69, 0x72, 0x65
  .byte 0x63, 0x74, 0x20, 0x2f, 0x20, 0x4f, 0x74, 0x68, 0x65, 0x72, 0x0a, 0x20, 0x20, 0x20, 0x20, 0x20
  .byte 0x20, 0x76, 0x61, 0x6c, 0x75, 0x65, 0x3a, 0x20, 0x31, 0x36, 0x0a, 0x20, 0x20, 0x70, 0x69, 0x65
  .byte 0x63, 0x68, 0x61, 0x72, 0x74, 0x2d, 0x32, 0x38, 0x3a, 0x0a, 0x20, 0x20, 0x20, 0x20, 0x74, 0x79
  .byte 0x70, 0x65, 0x3a, 0x20, 0x50, 0x69, 0x65, 0x43, 0x68, 0x61, 0x72, 0x74, 0x0a, 0x20, 0x20, 0x20
  .byte 0x20, 0x70, 0x72, 0x6f, 0x70, 0x73, 0x3a, 0x0a, 0x20, 0x20, 0x20, 0x20, 0x20, 0x20, 0x76, 0x61
  .byte 0x72, 0x69, 0x61, 0x6e, 0x74, 0x3a, 0x20, 0x64, 0x6f, 0x6e, 0x75, 0x74, 0x0a, 0x20, 0x20, 0x20
  .byte 0x20, 0x63, 0x68, 0x69, 0x6c, 0x64, 0x72, 0x65, 0x6e, 0x3a, 0x0a, 0x20, 0x20, 0x20, 0x20, 0x20
  .byte 0x20, 0x2d, 0x20, 0x73, 0x6c, 0x69, 0x63, 0x65, 0x2d, 0x32, 0x39, 0x0a, 0x20, 0x20, 0x20, 0x20
  .byte 0x20, 0x20, 0x2d, 0x20, 0x73, 0x6c, 0x69, 0x63, 0x65, 0x2d, 0x33, 0x30, 0x0a, 0x20, 0x20, 0x20
  .byte 0x20, 0x20, 0x20, 0x2d, 0x20, 0x73, 0x6c, 0x69, 0x63, 0x65, 0x2d, 0x33, 0x31, 0x0a, 0x20, 0x20
  .byte 0x20, 0x20, 0x20, 0x20, 0x2d, 0x20, 0x73, 0x6c, 0x69, 0x63, 0x65, 0x2d, 0x33, 0x32, 0x0a, 0x20
  .byte 0x20, 0x20, 0x20, 0x20, 0x20, 0x2d, 0x20, 0x73, 0x6c, 0x69, 0x63, 0x65, 0x2d, 0x33, 0x33, 0x0a
  .byte 0x20, 0x20, 0x74, 0x65, 0x78, 0x74, 0x63, 0x6f, 0x6e, 0x74, 0x65, 0x6e, 0x74, 0x2d, 0x33, 0x34
  .byte 0x3a, 0x0a, 0x20, 0x20, 0x20, 0x20, 0x74, 0x79, 0x70, 0x65, 0x3a, 0x20, 0x54, 0x65, 0x78, 0x74
  .byte 0x43, 0x6f, 0x6e, 0x74, 0x65, 0x6e, 0x74, 0x0a, 0x20, 0x20, 0x20, 0x20, 0x70, 0x72, 0x6f, 0x70
  .byte 0x73, 0x3a, 0x0a, 0x20, 0x20, 0x20, 0x20, 0x20, 0x20, 0x74, 0x65, 0x78, 0x74, 0x3a, 0x20, 0x22
  .byte 0x54, 0x69, 0x70, 0x3a, 0x20, 0x54, 0x72, 0x61, 0x63, 0x6b, 0x20, 0x43, 0x41, 0x43, 0x20, 0x61
  .byte 0x6e, 0x64, 0x20, 0x63, 0x6f, 0x6e, 0x76, 0x65, 0x72, 0x73, 0x69, 0x6f, 0x6e, 0x20, 0x72, 0x61
  .byte 0x74, 0x65, 0x20, 0x62, 0x79, 0x20, 0x63, 0x68, 0x61, 0x6e, 0x6e, 0x65, 0x6c, 0x20, 0x74, 0x6f
  .byte 0x20, 0x65, 0x78, 0x70, 0x6c, 0x61, 0x69, 0x6e, 0x20, 0x6d, 0x69, 0x78, 0x20, 0x73, 0x68, 0x69
  .byte 0x66, 0x74, 0x73, 0x2e, 0x22, 0x0a, 0x20, 0x20, 0x20, 0x20, 0x20, 0x20, 0x73, 0x69, 0x7a, 0x65
  .byte 0x3a, 0x20, 0x73, 0x6d, 0x61, 0x6c, 0x6c, 0x0a, 0x20, 0x20, 0x63, 0x61, 0x72, 0x64, 0x2d, 0x32
  .byte 0x36, 0x3a, 0x0a, 0x20, 0x20, 0x20, 0x20, 0x74, 0x79, 0x70, 0x65, 0x3a, 0x20, 0x43, 0x61, 0x72
  .byte 0x64, 0x0a, 0x20, 0x20, 0x20, 0x20, 0x70, 0x72, 0x6f, 0x70, 0x73, 0x3a, 0x0a, 0x20, 0x20, 0x20
  .byte 0x20, 0x20, 0x20, 0x76, 0x61, 0x72, 0x69, 0x61, 0x6e, 0x74, 0x3a, 0x20, 0x63, 0x61, 0x72, 0x64
  .byte 0x0a, 0x20, 0x20, 0x20, 0x20, 0x63, 0x68, 0x69, 0x6c, 0x64, 0x72, 0x65, 0x6e, 0x3a, 0x0a, 0x20
  .byte 0x20, 0x20, 0x20, 0x20, 0x20, 0x2d, 0x20, 0x63, 0x61, 0x72, 0x64, 0x68, 0x65, 0x61, 0x64, 0x65
  .byte 0x72, 0x2d, 0x32, 0x37, 0x0a, 0x20, 0x20, 0x20, 0x20, 0x20, 0x20, 0x2d, 0x20, 0x70, 0x69, 0x65
  .byte 0x63, 0x68, 0x61, 0x72, 0x74, 0x2d, 0x32, 0x38, 0x0a, 0x20, 0x20, 0x20, 0x20, 0x20, 0x20, 0x2d
  .byte 0x20, 0x74, 0x65, 0x78, 0x74, 0x63, 0x6f, 0x6e, 0x74, 0x65, 0x6e, 0x74, 0x2d, 0x33, 0x34, 0x0a
  .byte 0x20, 0x20, 0x73, 0x74, 0x61, 0x63, 0x6b, 0x2d, 0x32, 0x31, 0x3a, 0x0a, 0x20, 0x20, 0x20, 0x20
  .byte 0x74, 0x79, 0x70, 0x65, 0x3a, 0x20, 0x53, 0x74, 0x61, 0x63, 0x6b, 0x0a, 0x20, 0x20, 0x20, 0x20
  .byte 0x70, 0x72, 0x6f, 0x70, 0x73, 0x3a, 0x0a, 0x20, 0x20, 0x20, 0x20, 0x20, 0x20, 0x64, 0x69, 0x72
  .byte 0x65, 0x63, 0x74, 0x69, 0x6f, 0x6e, 0x3a, 0x20, 0x72, 0x6f, 0x77, 0x0a, 0x20, 0x20, 0x20, 0x20
  .byte 0x20, 0x20, 0x67, 0x61, 0x70, 0x3a, 0x20, 0x6c, 0x0a, 0x20, 0x20, 0x20, 0x20, 0x20, 0x20, 0x61
  .byte 0x6c, 0x69, 0x67, 0x6e, 0x3a, 0x20, 0x73, 0x74, 0x72, 0x65, 0x74, 0x63, 0x68, 0x0a, 0x20, 0x20
  .byte 0x20, 0x20, 0x20, 0x20, 0x6a, 0x75, 0x73, 0x74, 0x69, 0x66, 0x79, 0x3a, 0x20, 0x73, 0x74, 0x61
  .byte 0x72, 0x74, 0x0a, 0x20, 0x20, 0x20, 0x20, 0x20, 0x20, 0x77, 0x72, 0x61, 0x70, 0x3a, 0x20, 0x74
  .byte 0x72, 0x75, 0x65, 0x0a, 0x20, 0x20, 0x20, 0x20, 0x63, 0x68, 0x69, 0x6c, 0x64, 0x72, 0x65, 0x6e
  .byte 0x3a, 0x0a, 0x20, 0x20, 0x20, 0x20, 0x20, 0x20, 0x2d, 0x20, 0x63, 0x61, 0x72, 0x64, 0x2d, 0x32
  .byte 0x32, 0x0a, 0x20, 0x20, 0x20, 0x20, 0x20, 0x20, 0x2d, 0x20, 0x63, 0x61, 0x72, 0x64, 0x2d, 0x32
  .byte 0x36, 0x0a, 0x20, 0x20, 0x63, 0x61, 0x72, 0x64, 0x68, 0x65, 0x61, 0x64, 0x65, 0x72, 0x2d, 0x33
  .byte 0x36, 0x3a, 0x0a, 0x20, 0x20, 0x20, 0x20, 0x74, 0x79, 0x70, 0x65, 0x3a, 0x20, 0x43, 0x61, 0x72
  .byte 0x64, 0x48, 0x65, 0x61, 0x64, 0x65, 0x72, 0x0a, 0x20, 0x20, 0x20, 0x20, 0x70, 0x72, 0x6f, 0x70
  .byte 0x73, 0x3a, 0x0a, 0x20, 0x20, 0x20, 0x20, 0x20, 0x20, 0x74, 0x69, 0x74, 0x6c, 0x65, 0x3a, 0x20
  .byte 0x54, 0x6f, 0x70, 0x20, 0x46, 0x65, 0x61, 0x74, 0x75, 0x72, 0x65, 0x73, 0x0a, 0x20, 0x20, 0x20
  .byte 0x20, 0x20, 0x20, 0x73, 0x75, 0x62, 0x74, 0x69, 0x74, 0x6c, 0x65, 0x3a, 0x20, 0x41, 0x64, 0x6f
  .byte 0x70, 0x74, 0x69, 0x6f, 0x6e, 0x20, 0x61, 0x6e, 0x64, 0x20, 0x65, 0x6e, 0x67, 0x61, 0x67, 0x65
  .byte 0x6d, 0x65, 0x6e, 0x74, 0x20, 0x28, 0x6c, 0x61, 0x73, 0x74, 0x20, 0x33, 0x30, 0x20, 0x64, 0x61
  .byte 0x79, 0x73, 0x29, 0x0a, 0x20, 0x20, 0x63, 0x6f, 0x6c, 0x2d, 0x33, 0x38, 0x3a, 0x0a, 0x20, 0x20
  .byte 0x20, 0x20, 0x74, 0x79, 0x70, 0x65, 0x3a, 0x20, 0x43, 0x6f, 0x6c, 0x0a, 0x20, 0x20, 0x20, 0x20
  .byte 0x70, 0x72, 0x6f, 0x70, 0x73, 0x3a, 0x0a, 0x20, 0x20, 0x20, 0x20, 0x20, 0x20, 0x6c, 0x61, 0x62
  .byte 0x65, 0x6c, 0x3a, 0x20, 0x46, 0x65, 0x61, 0x74, 0x75, 0x72, 0x65, 0x0a, 0x20, 0x20, 0x20, 0x20
  .byte 0x20, 0x20, 0x74, 0x79, 0x70, 0x65, 0x3a, 0x20, 0x73, 0x74, 0x72, 0x69, 0x6e, 0x67, 0x0a, 0x20
  .byte 0x20, 0x63, 0x6f, 0x6c, 0x2d, 0x33, 0x39, 0x3a, 0x0a, 0x20, 0x20, 0x20, 0x20, 0x74, 0x79, 0x70
  .byte 0x65, 0x3a, 0x20, 0x43, 0x6f, 0x6c, 0x0a, 0x20, 0x20, 0x20, 0x20, 0x70, 0x72, 0x6f, 0x70, 0x73
  .byte 0x3a, 0x0a, 0x20, 0x20, 0x20, 0x20, 0x20, 0x20, 0x6c, 0x61, 0x62, 0x65, 0x6c, 0x3a, 0x20, 0x57
  .byte 0x65, 0x65, 0x6b, 0x6c, 0x79, 0x20, 0x41, 0x63, 0x74, 0x69, 0x76, 0x65, 0x20, 0x55, 0x73, 0x65
  .byte 0x72, 0x73, 0x0a, 0x20, 0x20, 0x20, 0x20, 0x20, 0x20, 0x74, 0x79, 0x70, 0x65, 0x3a, 0x20, 0x6e
  .byte 0x75, 0x6d, 0x62, 0x65, 0x72, 0x0a, 0x20, 0x20, 0x63, 0x6f, 0x6c, 0x2d, 0x34, 0x30, 0x3a, 0x0a
  .byte 0x20, 0x20, 0x20, 0x20, 0x74, 0x79, 0x70, 0x65, 0x3a, 0x20, 0x43, 0x6f, 0x6c, 0x0a, 0x20, 0x20
  .byte 0x20, 0x20, 0x70, 0x72, 0x6f, 0x70, 0x73, 0x3a, 0x0a, 0x20, 0x20, 0x20, 0x20, 0x20, 0x20, 0x6c
  .byte 0x61, 0x62, 0x65, 0x6c, 0x3a, 0x20, 0x41, 0x64, 0x6f, 0x70, 0x74, 0x69, 0x6f, 0x6e, 0x20, 0x52
  .byte 0x61, 0x74, 0x65, 0x20, 0x28, 0x25, 0x29, 0x0a, 0x20, 0x20, 0x20, 0x20, 0x20, 0x20, 0x74, 0x79
  .byte 0x70, 0x65, 0x3a, 0x20, 0x6e, 0x75, 0x6d, 0x62, 0x65, 0x72, 0x0a, 0x20, 0x20, 0x63, 0x6f, 0x6c
  .byte 0x2d, 0x34, 0x31, 0x3a, 0x0a, 0x20, 0x20, 0x20, 0x20, 0x74, 0x79, 0x70, 0x65, 0x3a, 0x20, 0x43
  .byte 0x6f, 0x6c, 0x0a, 0x20, 0x20, 0x20, 0x20, 0x70, 0x72, 0x6f, 0x70, 0x73, 0x3a, 0x0a, 0x20, 0x20
  .byte 0x20, 0x20, 0x20, 0x20, 0x6c, 0x61, 0x62, 0x65, 0x6c, 0x3a, 0x20, 0x41, 0x76, 0x67, 0x2e, 0x20
  .byte 0x55, 0x73, 0x65, 0x73, 0x20, 0x2f, 0x20, 0x55, 0x73, 0x65, 0x72, 0x0a, 0x20, 0x20, 0x20, 0x20
  .byte 0x20, 0x20, 0x74, 0x79, 0x70, 0x65, 0x3a, 0x20, 0x6e, 0x75, 0x6d, 0x62, 0x65, 0x72, 0x0a, 0x20
  .byte 0x20, 0x74, 0x61, 0x62, 0x6c, 0x65, 0x2d, 0x33, 0x37, 0x3a, 0x0a, 0x20, 0x20, 0x20, 0x20, 0x74
  .byte 0x79, 0x70, 0x65, 0x3a, 0x20, 0x54, 0x61, 0x62, 0x6c, 0x65, 0x0a, 0x20, 0x20, 0x20, 0x20, 0x70
  .byte 0x72, 0x6f, 0x70, 0x73, 0x3a, 0x0a, 0x20, 0x20, 0x20, 0x20, 0x20, 0x20, 0x72, 0x6f, 0x77, 0x73
  .byte 0x3a, 0x0a, 0x20, 0x20, 0x20, 0x20, 0x20, 0x20, 0x20, 0x20, 0x2d, 0x20, 0x2d, 0x20, 0x44, 0x61
  .byte 0x73, 0x68, 0x62, 0x6f, 0x61, 0x72, 0x64, 0x73, 0x0a, 0x20, 0x20, 0x20, 0x20, 0x20, 0x20, 0x20
  .byte 0x20, 0x20, 0x20, 0x2d, 0x20, 0x34, 0x38, 0x32, 0x30, 0x30, 0x0a, 0x20, 0x20, 0x20, 0x20, 0x20
  .byte 0x20, 0x20, 0x20, 0x20, 0x20, 0x2d, 0x20, 0x36, 0x32, 0x2e, 0x35, 0x0a, 0x20, 0x20, 0x20, 0x20
  .byte 0x20, 0x20, 0x20, 0x20, 0x20, 0x20, 0x2d, 0x20, 0x35, 0x2e, 0x38, 0x0a, 0x20, 0x20, 0x20, 0x20
  .byte 0x20, 0x20, 0x20, 0x20, 0x2d, 0x20, 0x2d, 0x20, 0x41, 0x75, 0x74, 0x6f, 0x6d, 0x61, 0x74, 0x69
  .byte 0x6f, 0x6e, 0x73, 0x0a, 0x20, 0x20, 0x20, 0x20, 0x20, 0x20, 0x20, 0x20, 0x20, 0x20, 0x2d, 0x20
  .byte 0x33, 0x31, 0x37, 0x35, 0x30, 0x0a, 0x20, 0x20, 0x20, 0x20, 0x20, 0x20, 0x20, 0x20, 0x20, 0x20
  .byte 0x2d, 0x20, 0x34, 0x31, 0x2e, 0x32, 0x0a, 0x20, 0x20, 0x20, 0x20, 0x20, 0x20, 0x20, 0x20, 0x20
  .byte 0x20, 0x2d, 0x20, 0x33, 0x2e, 0x31, 0x0a, 0x20, 0x20, 0x20, 0x20, 0x20, 0x20, 0x20, 0x20, 0x2d
  .byte 0x20, 0x2d, 0x20, 0x49, 0x6e, 0x74, 0x65, 0x67, 0x72, 0x61, 0x74, 0x69, 0x6f, 0x6e, 0x73, 0x0a
  .byte 0x20, 0x20, 0x20, 0x20, 0x20, 0x20, 0x20, 0x20, 0x20, 0x20, 0x2d, 0x20, 0x32, 0x38, 0x39, 0x30
  .byte 0x30, 0x0a, 0x20, 0x20, 0x20, 0x20, 0x20, 0x20, 0x20, 0x20, 0x20, 0x20, 0x2d, 0x20, 0x33, 0x37
  .byte 0x2e, 0x35, 0x0a, 0x20, 0x20, 0x20, 0x20, 0x20, 0x20, 0x20, 0x20, 0x20, 0x20, 0x2d, 0x20, 0x32
  .byte 0x2e, 0x34, 0x0a, 0x20, 0x20, 0x20, 0x20, 0x20, 0x20, 0x20, 0x20, 0x2d, 0x20, 0x2d, 0x20, 0x54
  .byte 0x65, 0x61, 0x6d, 0x20, 0x43, 0x6f, 0x6c, 0x6c, 0x61, 0x62, 0x6f, 0x72, 0x61, 0x74, 0x69, 0x6f
  .byte 0x6e, 0x0a, 0x20, 0x20, 0x20, 0x20, 0x20, 0x20, 0x20, 0x20, 0x20, 0x20, 0x2d, 0x20, 0x32, 0x37
  .byte 0x31, 0x30, 0x30, 0x0a, 0x20, 0x20, 0x20, 0x20, 0x20, 0x20, 0x20, 0x20, 0x20, 0x20, 0x2d, 0x20
  .byte 0x33, 0x35, 0x2e, 0x32, 0x0a, 0x20, 0x20, 0x20, 0x20, 0x20, 0x20, 0x20, 0x20, 0x20, 0x20, 0x2d
  .byte 0x20, 0x34, 0x2e, 0x36, 0x0a, 0x20, 0x20, 0x20, 0x20, 0x20, 0x20, 0x20, 0x20, 0x2d, 0x20, 0x2d
  .byte 0x20, 0x45, 0x78, 0x70, 0x6f, 0x72, 0x74, 0x73, 0x0a, 0x20, 0x20, 0x20, 0x20, 0x20, 0x20, 0x20
  .byte 0x20, 0x20, 0x20, 0x2d, 0x20, 0x31, 0x39, 0x38, 0x35, 0x30, 0x0a, 0x20, 0x20, 0x20, 0x20, 0x20
  .byte 0x20, 0x20, 0x20, 0x20, 0x20, 0x2d, 0x20, 0x32, 0x35, 0x2e, 0x38, 0x0a, 0x20, 0x20, 0x20, 0x20
  .byte 0x20, 0x20, 0x20, 0x20, 0x20, 0x20, 0x2d, 0x20, 0x31, 0x2e, 0x37, 0x0a, 0x20, 0x20, 0x20, 0x20
  .byte 0x20, 0x20, 0x20, 0x20, 0x2d, 0x20, 0x2d, 0x20, 0x41, 0x6c, 0x65, 0x72, 0x74, 0x73, 0x0a, 0x20
  .byte 0x20, 0x20, 0x20, 0x20, 0x20, 0x20, 0x20, 0x20, 0x20, 0x2d, 0x20, 0x31, 0x37, 0x36, 0x30, 0x30
  .byte 0x0a, 0x20, 0x20, 0x20, 0x20, 0x20, 0x20, 0x20, 0x20, 0x20, 0x20, 0x2d, 0x20, 0x32, 0x32, 0x2e
  .byte 0x39, 0x0a, 0x20, 0x20, 0x20, 0x20, 0x20, 0x20, 0x20, 0x20, 0x20, 0x20, 0x2d, 0x20, 0x32, 0x0a
  .byte 0x20, 0x20, 0x20, 0x20, 0x20, 0x20, 0x20, 0x20, 0x2d, 0x20, 0x2d, 0x20, 0x41, 0x50, 0x49, 0x20
  .byte 0x41, 0x63, 0x63, 0x65, 0x73, 0x73, 0x0a, 0x20, 0x20, 0x20, 0x20, 0x20, 0x20, 0x20, 0x20, 0x20
  .byte 0x20, 0x2d, 0x20, 0x31, 0x32, 0x31, 0x35, 0x30, 0x0a, 0x20, 0x20, 0x20, 0x20, 0x20, 0x20, 0x20
  .byte 0x20, 0x20, 0x20, 0x2d, 0x20, 0x31, 0x35, 0x2e, 0x38, 0x0a, 0x20, 0x20, 0x20, 0x20, 0x20, 0x20
  .byte 0x20, 0x20, 0x20, 0x20, 0x2d, 0x20, 0x36, 0x2e, 0x33, 0x0a, 0x20, 0x20, 0x20, 0x20, 0x63, 0x68
  .byte 0x69, 0x6c, 0x64, 0x72, 0x65, 0x6e, 0x3a, 0x0a, 0x20, 0x20, 0x20, 0x20, 0x20, 0x20, 0x2d, 0x20
  .byte 0x63, 0x6f, 0x6c, 0x2d, 0x33, 0x38, 0x0a, 0x20, 0x20, 0x20, 0x20, 0x20, 0x20, 0x2d, 0x20, 0x63
  .byte 0x6f, 0x6c, 0x2d, 0x33, 0x39, 0x0a, 0x20, 0x20, 0x20, 0x20, 0x20, 0x20, 0x2d, 0x20, 0x63, 0x6f
  .byte 0x6c, 0x2d, 0x34, 0x30, 0x0a, 0x20, 0x20, 0x20, 0x20, 0x20, 0x20, 0x2d, 0x20, 0x63, 0x6f, 0x6c
  .byte 0x2d, 0x34, 0x31, 0x0a, 0x20, 0x20, 0x63, 0x61, 0x72, 0x64, 0x2d, 0x33, 0x35, 0x3a, 0x0a, 0x20
  .byte 0x20, 0x20, 0x20, 0x74, 0x79, 0x70, 0x65, 0x3a, 0x20, 0x43, 0x61, 0x72, 0x64, 0x0a, 0x20, 0x20
  .byte 0x20, 0x20, 0x70, 0x72, 0x6f, 0x70, 0x73, 0x3a, 0x0a, 0x20, 0x20, 0x20, 0x20, 0x20, 0x20, 0x76
  .byte 0x61, 0x72, 0x69, 0x61, 0x6e, 0x74, 0x3a, 0x20, 0x63, 0x61, 0x72, 0x64, 0x0a, 0x20, 0x20, 0x20
  .byte 0x20, 0x63, 0x68, 0x69, 0x6c, 0x64, 0x72, 0x65, 0x6e, 0x3a, 0x0a, 0x20, 0x20, 0x20, 0x20, 0x20
  .byte 0x20, 0x2d, 0x20, 0x63, 0x61, 0x72, 0x64, 0x68, 0x65, 0x61, 0x64, 0x65, 0x72, 0x2d, 0x33, 0x36
  .byte 0x0a, 0x20, 0x20, 0x20, 0x20, 0x20, 0x20, 0x2d, 0x20, 0x74, 0x61, 0x62, 0x6c, 0x65, 0x2d, 0x33
  .byte 0x37, 0x0a, 0x20, 0x20, 0x63, 0x61, 0x72, 0x64, 0x68, 0x65, 0x61, 0x64, 0x65, 0x72, 0x2d, 0x34
  .byte 0x33, 0x3a, 0x0a, 0x20, 0x20, 0x20, 0x20, 0x74, 0x79, 0x70, 0x65, 0x3a, 0x20, 0x43, 0x61, 0x72
  .byte 0x64, 0x48, 0x65, 0x61, 0x64, 0x65, 0x72, 0x0a, 0x20, 0x20, 0x20, 0x20, 0x70, 0x72, 0x6f, 0x70
  .byte 0x73, 0x3a, 0x0a, 0x20, 0x20, 0x20, 0x20, 0x20, 0x20, 0x74, 0x69, 0x74, 0x6c, 0x65, 0x3a, 0x20
  .byte 0x52, 0x65, 0x76, 0x65, 0x6e, 0x75, 0x65, 0x20, 0x54, 0x72, 0x65, 0x6e, 0x64, 0x0a, 0x20, 0x20
  .byte 0x20, 0x20, 0x20, 0x20, 0x73, 0x75, 0x62, 0x74, 0x69, 0x74, 0x6c, 0x65, 0x3a, 0x20, 0x4d, 0x52
  .byte 0x52, 0x20, 0x61, 0x6e, 0x64, 0x20, 0x41, 0x52, 0x52, 0x20, 0x28, 0x6c, 0x61, 0x73, 0x74, 0x20
  .byte 0x31, 0x32, 0x20, 0x6d, 0x6f, 0x6e, 0x74, 0x68, 0x73, 0x29, 0x0a, 0x20, 0x20, 0x73, 0x65, 0x72
  .byte 0x69, 0x65, 0x73, 0x2d, 0x34, 0x35, 0x3a, 0x0a, 0x20, 0x20, 0x20, 0x20, 0x74, 0x79, 0x70, 0x65
  .byte 0x3a, 0x20, 0x53, 0x65, 0x72, 0x69, 0x65, 0x73, 0x0a, 0x20, 0x20, 0x20, 0x20, 0x70, 0x72, 0x6f
  .byte 0x70, 0x73, 0x3a, 0x0a, 0x20, 0x20, 0x20, 0x20, 0x20, 0x20, 0x63, 0x61, 0x74, 0x65, 0x67, 0x6f
  .byte 0x72, 0x79, 0x3a, 0x20, 0x4d, 0x52, 0x52, 0x20, 0x28, 0x24, 0x29, 0x0a, 0x20, 0x20, 0x20, 0x20
  .byte 0x20, 0x20, 0x76, 0x61, 0x6c, 0x75, 0x65, 0x73, 0x3a, 0x0a, 0x20, 0x20, 0x20, 0x20, 0x20, 0x20
  .byte 0x20, 0x20, 0x2d, 0x20, 0x33, 0x33, 0x32, 0x30, 0x30, 0x30, 0x0a, 0x20, 0x20, 0x20, 0x20, 0x20
  .byte 0x20, 0x20, 0x20, 0x2d, 0x20, 0x33, 0x34, 0x31, 0x30, 0x30, 0x30, 0x0a, 0x20, 0x20, 0x20, 0x20
  .byte 0x20, 0x20, 0x20, 0x20, 0x2d, 0x20, 0x33, 0x34, 0x39, 0x30, 0x30, 0x30, 0x0a, 0x20, 0x20, 0x20
  .byte 0x20, 0x20, 0x20, 0x20, 0x20, 0x2d, 0x20, 0x33, 0x35, 0x36, 0x30, 0x30, 0x30, 0x0a, 0x20, 0x20
  .byte 0x20, 0x20, 0x20, 0x20, 0x20, 0x20, 0x2d, 0x20, 0x33, 0x36, 0x34, 0x30, 0x30, 0x30, 0x0a, 0x20
  .byte 0x20, 0x20, 0x20, 0x20, 0x20, 0x20, 0x20, 0x2d, 0x20, 0x33, 0x37, 0x32, 0x30, 0x30, 0x30, 0x0a
  .byte 0x20, 0x20, 0x20, 0x20, 0x20, 0x20, 0x20, 0x20, 0x2d, 0x20, 0x33, 0x38, 0x31, 0x30, 0x30, 0x30
  .byte 0x0a, 0x20, 0x20, 0x20, 0x20, 0x20, 0x20, 0x20, 0x20, 0x2d, 0x20, 0x33, 0x38, 0x39, 0x30, 0x30
  .byte 0x30, 0x0a, 0x20, 0x20, 0x20, 0x20, 0x20, 0x20, 0x20, 0x20, 0x2d, 0x20, 0x33, 0x39, 0x37, 0x30
  .byte 0x30, 0x30, 0x0a, 0x20, 0x20, 0x20, 0x20, 0x20, 0x20, 0x20, 0x20, 0x2d, 0x20, 0x34, 0x30, 0x34
  .byte 0x30, 0x30, 0x30, 0x0a, 0x20, 0x20, 0x20, 0x20, 0x20, 0x20, 0x20, 0x20, 0x2d, 0x20, 0x34, 0x30
  .byte 0x38, 0x30, 0x30, 0x30, 0x0a, 0x20, 0x20, 0x20, 0x20, 0x20, 0x20, 0x20, 0x20, 0x2d, 0x20, 0x34
  .byte 0x31, 0x32, 0x30, 0x30, 0x30, 0x0a, 0x20, 0x20, 0x73, 0x65, 0x72, 0x69, 0x65, 0x73, 0x2d, 0x34
  .byte 0x36, 0x3a, 0x0a, 0x20, 0x20, 0x20, 0x20, 0x74, 0x79, 0x70, 0x65, 0x3a, 0x20, 0x53, 0x65, 0x72
  .byte 0x69, 0x65, 0x73, 0x0a, 0x20, 0x20, 0x20, 0x20, 0x70, 0x72, 0x6f, 0x70, 0x73, 0x3a, 0x0a, 0x20
  .byte 0x20, 0x20, 0x20, 0x20, 0x20, 0x63, 0x61, 0x74, 0x65, 0x67, 0x6f, 0x72, 0x79, 0x3a, 0x20, 0x41
  .byte 0x52, 0x52, 0x20, 0x28, 0x24, 0x29, 0x0a, 0x20, 0x20, 0x20, 0x20, 0x20, 0x20, 0x76, 0x61, 0x6c
  .byte 0x75, 0x65, 0x73, 0x3a, 0x0a, 0x20, 0x20, 0x20, 0x20, 0x20, 0x20, 0x20, 0x20, 0x2d, 0x20, 0x33
  .byte 0x39, 0x38, 0x34, 0x30, 0x30, 0x30, 0x0a, 0x20, 0x20, 0x20, 0x20, 0x20, 0x20, 0x20, 0x20, 0x2d
  .byte 0x20, 0x34, 0x30, 0x39, 0x32, 0x30, 0x30, 0x30, 0x0a, 0x20, 0x20, 0x20, 0x20, 0x20, 0x20, 0x20
  .byte 0x20, 0x2d, 0x20, 0x34, 0x31, 0x38, 0x38, 0x30, 0x30, 0x30, 0x0a, 0x20, 0x20, 0x20, 0x20, 0x20
  .byte 0x20, 0x20, 0x20, 0x2d, 0x20, 0x34, 0x32, 0x37, 0x32, 0x30, 0x30, 0x30, 0x0a, 0x20, 0x20, 0x20
  .byte 0x20, 0x20, 0x20, 0x20, 0x20, 0x2d, 0x20, 0x34, 0x33, 0x36, 0x38, 0x30, 0x30, 0x30, 0x0a, 0x20
  .byte 0x20, 0x20, 0x20, 0x20, 0x20, 0x20, 0x20, 0x2d, 0x20, 0x34, 0x34, 0x36, 0x34, 0x30, 0x30, 0x30
  .byte 0x0a, 0x20, 0x20, 0x20, 0x20, 0x20, 0x20, 0x20, 0x20, 0x2d, 0x20, 0x34, 0x35, 0x37, 0x32, 0x30
  .byte 0x30, 0x30, 0x0a, 0x20, 0x20, 0x20, 0x20, 0x20, 0x20, 0x20, 0x20, 0x2d, 0x20, 0x34, 0x36, 0x36
  .byte 0x38, 0x30, 0x30, 0x30, 0x0a, 0x20, 0x20, 0x20, 0x20, 0x20, 0x20, 0x20, 0x20, 0x2d, 0x20, 0x34
  .byte 0x37, 0x36, 0x34, 0x30, 0x30, 0x30, 0x0a, 0x20, 0x20, 0x20, 0x20, 0x20, 0x20, 0x20, 0x20, 0x2d
  .byte 0x20, 0x34, 0x38, 0x34, 0x38, 0x30, 0x30, 0x30, 0x0a, 0x20, 0x20, 0x20, 0x20, 0x20, 0x20, 0x20
  .byte 0x20, 0x2d, 0x20, 0x34, 0x38, 0x39, 0x36, 0x30, 0x30, 0x30, 0x0a, 0x20, 0x20, 0x20, 0x20, 0x20
  .byte 0x20, 0x20, 0x20, 0x2d, 0x20, 0x34, 0x39, 0x34, 0x34, 0x30, 0x30, 0x30, 0x0a, 0x20, 0x20, 0x6c
  .byte 0x69, 0x6e, 0x65, 0x63, 0x68, 0x61, 0x72, 0x74, 0x2d, 0x34, 0x34, 0x3a, 0x0a, 0x20, 0x20, 0x20
  .byte 0x20, 0x74, 0x79, 0x70, 0x65, 0x3a, 0x20, 0x4c, 0x69, 0x6e, 0x65, 0x43, 0x68, 0x61, 0x72, 0x74
  .byte 0x0a, 0x20, 0x20, 0x20, 0x20, 0x70, 0x72, 0x6f, 0x70, 0x73, 0x3a, 0x0a, 0x20, 0x20, 0x20, 0x20
  .byte 0x20, 0x20, 0x6c, 0x61, 0x62, 0x65, 0x6c, 0x73, 0x3a, 0x0a, 0x20, 0x20, 0x20, 0x20, 0x20, 0x20
  .byte 0x20, 0x20, 0x2d, 0x20, 0x41, 0x70, 0x72, 0x0a, 0x20, 0x20, 0x20, 0x20, 0x20, 0x20, 0x20, 0x20
  .byte 0x2d, 0x20, 0x4d, 0x61, 0x79, 0x0a, 0x20, 0x20, 0x20, 0x20, 0x20, 0x20, 0x20, 0x20, 0x2d, 0x20
  .byte 0x4a, 0x75, 0x6e, 0x0a, 0x20, 0x20, 0x20, 0x20, 0x20, 0x20, 0x20, 0x20, 0x2d, 0x20, 0x4a, 0x75
  .byte 0x6c, 0x0a, 0x20, 0x20, 0x20, 0x20, 0x20, 0x20, 0x20, 0x20, 0x2d, 0x20, 0x41, 0x75, 0x67, 0x0a
  .byte 0x20, 0x20, 0x20, 0x20, 0x20, 0x20, 0x20, 0x20, 0x2d, 0x20, 0x53, 0x65, 0x70, 0x0a, 0x20, 0x20
  .byte 0x20, 0x20, 0x20, 0x20, 0x20, 0x20, 0x2d, 0x20, 0x4f, 0x63, 0x74, 0x0a, 0x20, 0x20, 0x20, 0x20
  .byte 0x20, 0x20, 0x20, 0x20, 0x2d, 0x20, 0x4e, 0x6f, 0x76, 0x0a, 0x20, 0x20, 0x20, 0x20, 0x20, 0x20
  .byte 0x20, 0x20, 0x2d, 0x20, 0x44, 0x65, 0x63, 0x0a, 0x20, 0x20, 0x20, 0x20, 0x20, 0x20, 0x20, 0x20
  .byte 0x2d, 0x20, 0x4a, 0x61, 0x6e, 0x0a, 0x20, 0x20, 0x20, 0x20, 0x20, 0x20, 0x20, 0x20, 0x2d, 0x20
  .byte 0x46, 0x65, 0x62, 0x0a, 0x20, 0x20, 0x20, 0x20, 0x20, 0x20, 0x20, 0x20, 0x2d, 0x20, 0x4d, 0x61
  .byte 0x72, 0x0a, 0x20, 0x20, 0x20, 0x20, 0x20, 0x20, 0x76, 0x61, 0x72, 0x69, 0x61, 0x6e, 0x74, 0x3a
  .byte 0x20, 0x6e, 0x61, 0x74, 0x75, 0x72, 0x61, 0x6c, 0x0a, 0x20, 0x20, 0x20, 0x20, 0x20, 0x20, 0x78
  .byte 0x4c, 0x61, 0x62, 0x65, 0x6c, 0x3a, 0x20, 0x4d, 0x6f, 0x6e, 0x74, 0x68, 0x0a, 0x20, 0x20, 0x20
  .byte 0x20, 0x20, 0x20, 0x79, 0x4c, 0x61, 0x62, 0x65, 0x6c, 0x3a, 0x20, 0x55, 0x53, 0x44, 0x0a, 0x20
  .byte 0x20, 0x20, 0x20, 0x63, 0x68, 0x69, 0x6c, 0x64, 0x72, 0x65, 0x6e, 0x3a, 0x0a, 0x20, 0x20, 0x20
  .byte 0x20, 0x20, 0x20, 0x2d, 0x20, 0x73, 0x65, 0x72, 0x69, 0x65, 0x73, 0x2d, 0x34, 0x35, 0x0a, 0x20
  .byte 0x20, 0x20, 0x20, 0x20, 0x20, 0x2d, 0x20, 0x73, 0x65, 0x72, 0x69, 0x65, 0x73, 0x2d, 0x34, 0x36
  .byte 0x0a, 0x20, 0x20, 0x74, 0x65, 0x78, 0x74, 0x63, 0x6f, 0x6e, 0x74, 0x65, 0x6e, 0x74, 0x2d, 0x34
  .byte 0x37, 0x3a, 0x0a, 0x20, 0x20, 0x20, 0x20, 0x74, 0x79, 0x70, 0x65, 0x3a, 0x20, 0x54, 0x65, 0x78
  .byte 0x74, 0x43, 0x6f, 0x6e, 0x74, 0x65, 0x6e, 0x74, 0x0a, 0x20, 0x20, 0x20, 0x20, 0x70, 0x72, 0x6f
  .byte 0x70, 0x73, 0x3a, 0x0a, 0x20, 0x20, 0x20, 0x20, 0x20, 0x20, 0x74, 0x65, 0x78, 0x74, 0x3a, 0x20
  .byte 0x41, 0x52, 0x52, 0x20, 0x73, 0x68, 0x6f, 0x77, 0x6e, 0x20, 0x61, 0x73, 0x20, 0x31, 0x32, 0xc3
  .byte 0x97, 0x4d, 0x52, 0x52, 0x20, 0x66, 0x6f, 0x72, 0x20, 0x64, 0x69, 0x72, 0x65, 0x63, 0x74, 0x69
  .byte 0x6f, 0x6e, 0x61, 0x6c, 0x20, 0x74, 0x72, 0x61, 0x63, 0x6b, 0x69, 0x6e, 0x67, 0x3b, 0x20, 0x72
  .byte 0x65, 0x70, 0x6c, 0x61, 0x63, 0x65, 0x20, 0x77, 0x69, 0x74, 0x68, 0x20, 0x63, 0x6f, 0x6e, 0x74
  .byte 0x72, 0x61, 0x63, 0x74, 0x65, 0x64, 0x20, 0x41, 0x52, 0x52, 0x0a, 0x20, 0x20, 0x20, 0x20, 0x20
  .byte 0x20, 0x20, 0x20, 0x69, 0x66, 0x20, 0x79, 0x6f, 0x75, 0x20, 0x74, 0x72, 0x61, 0x63, 0x6b, 0x20
  .byte 0x61, 0x6e, 0x6e, 0x75, 0x61, 0x6c, 0x20, 0x63, 0x6f, 0x6d, 0x6d, 0x69, 0x74, 0x6d, 0x65, 0x6e
  .byte 0x74, 0x73, 0x2e, 0x0a, 0x20, 0x20, 0x20, 0x20, 0x20, 0x20, 0x73, 0x69, 0x7a, 0x65, 0x3a, 0x20
  .byte 0x73, 0x6d, 0x61, 0x6c, 0x6c, 0x0a, 0x20, 0x20, 0x63, 0x61, 0x72, 0x64, 0x2d, 0x34, 0x32, 0x3a
  .byte 0x0a, 0x20, 0x20, 0x20, 0x20, 0x74, 0x79, 0x70, 0x65, 0x3a, 0x20, 0x43, 0x61, 0x72, 0x64, 0x0a
  .byte 0x20, 0x20, 0x20, 0x20, 0x70, 0x72, 0x6f, 0x70, 0x73, 0x3a, 0x0a, 0x20, 0x20, 0x20, 0x20, 0x20
  .byte 0x20, 0x76, 0x61, 0x72, 0x69, 0x61, 0x6e, 0x74, 0x3a, 0x20, 0x63, 0x61, 0x72, 0x64, 0x0a, 0x20
  .byte 0x20, 0x20, 0x20, 0x63, 0x68, 0x69, 0x6c, 0x64, 0x72, 0x65, 0x6e, 0x3a, 0x0a, 0x20, 0x20, 0x20
  .byte 0x20, 0x20, 0x20, 0x2d, 0x20, 0x63, 0x61, 0x72, 0x64, 0x68, 0x65, 0x61, 0x64, 0x65, 0x72, 0x2d
  .byte 0x34, 0x33, 0x0a, 0x20, 0x20, 0x20, 0x20, 0x20, 0x20, 0x2d, 0x20, 0x6c, 0x69, 0x6e, 0x65, 0x63
  .byte 0x68, 0x61, 0x72, 0x74, 0x2d, 0x34, 0x34, 0x0a, 0x20, 0x20, 0x20, 0x20, 0x20, 0x20, 0x2d, 0x20
  .byte 0x74, 0x65, 0x78, 0x74, 0x63, 0x6f, 0x6e, 0x74, 0x65, 0x6e, 0x74, 0x2d, 0x34, 0x37, 0x0a, 0x20
  .byte 0x20, 0x73, 0x74, 0x61, 0x63, 0x6b, 0x2d, 0x31, 0x3a, 0x0a, 0x20, 0x20, 0x20, 0x20, 0x74, 0x79
  .byte 0x70, 0x65, 0x3a, 0x20, 0x53, 0x74, 0x61, 0x63, 0x6b, 0x0a, 0x20, 0x20, 0x20, 0x20, 0x70, 0x72
  .byte 0x6f, 0x70, 0x73, 0x3a, 0x0a, 0x20, 0x20, 0x20, 0x20, 0x20, 0x20, 0x64, 0x69, 0x72, 0x65, 0x63
  .byte 0x74, 0x69, 0x6f, 0x6e, 0x3a, 0x20, 0x63, 0x6f, 0x6c, 0x75, 0x6d, 0x6e, 0x0a, 0x20, 0x20, 0x20
  .byte 0x20, 0x20, 0x20, 0x67, 0x61, 0x70, 0x3a, 0x20, 0x6c, 0x0a, 0x20, 0x20, 0x20, 0x20, 0x63, 0x68
  .byte 0x69, 0x6c, 0x64, 0x72, 0x65, 0x6e, 0x3a, 0x0a, 0x20, 0x20, 0x20, 0x20, 0x20, 0x20, 0x2d, 0x20
  .byte 0x63, 0x61, 0x72, 0x64, 0x2d, 0x32, 0x0a, 0x20, 0x20, 0x20, 0x20, 0x20, 0x20, 0x2d, 0x20, 0x73
  .byte 0x74, 0x61, 0x63, 0x6b, 0x2d, 0x34, 0x0a, 0x20, 0x20, 0x20, 0x20, 0x20, 0x20, 0x2d, 0x20, 0x73
  .byte 0x74, 0x61, 0x63, 0x6b, 0x2d, 0x32, 0x31, 0x0a, 0x20, 0x20, 0x20, 0x20, 0x20, 0x20, 0x2d, 0x20
  .byte 0x63, 0x61, 0x72, 0x64, 0x2d, 0x33, 0x35, 0x0a, 0x20, 0x20, 0x20, 0x20, 0x20, 0x20, 0x2d, 0x20
  .byte 0x63, 0x61, 0x72, 0x64, 0x2d, 0x34, 0x32, 0x0a

  .globl openui_full_port_benchmarks_samples_dashboard_yaml_950813979516_pass_2_len
openui_full_port_benchmarks_samples_dashboard_yaml_950813979516_pass_2_len:
  .quad 6952

# assembly pass: 3/4
  .globl openui_full_port_benchmarks_samples_dashboard_yaml_950813979516_pass_3
openui_full_port_benchmarks_samples_dashboard_yaml_950813979516_pass_3:
  .byte 0x72, 0x6f, 0x6f, 0x74, 0x3a, 0x20, 0x73, 0x74, 0x61, 0x63, 0x6b, 0x2d, 0x31, 0x0a, 0x65, 0x6c
  .byte 0x65, 0x6d, 0x65, 0x6e, 0x74, 0x73, 0x3a, 0x0a, 0x20, 0x20, 0x63, 0x61, 0x72, 0x64, 0x68, 0x65
  .byte 0x61, 0x64, 0x65, 0x72, 0x2d, 0x33, 0x3a, 0x0a, 0x20, 0x20, 0x20, 0x20, 0x74, 0x79, 0x70, 0x65
  .byte 0x3a, 0x20, 0x43, 0x61, 0x72, 0x64, 0x48, 0x65, 0x61, 0x64, 0x65, 0x72, 0x0a, 0x20, 0x20, 0x20
  .byte 0x20, 0x70, 0x72, 0x6f, 0x70, 0x73, 0x3a, 0x0a, 0x20, 0x20, 0x20, 0x20, 0x20, 0x20, 0x74, 0x69
  .byte 0x74, 0x6c, 0x65, 0x3a, 0x20, 0x50, 0x72, 0x6f, 0x64, 0x75, 0x63, 0x74, 0x20, 0x41, 0x6e, 0x61
  .byte 0x6c, 0x79, 0x74, 0x69, 0x63, 0x73, 0x20, 0x44, 0x61, 0x73, 0x68, 0x62, 0x6f, 0x61, 0x72, 0x64
  .byte 0x0a, 0x20, 0x20, 0x20, 0x20, 0x20, 0x20, 0x73, 0x75, 0x62, 0x74, 0x69, 0x74, 0x6c, 0x65, 0x3a
  .byte 0x20, 0x55, 0x73, 0x61, 0x67, 0x65, 0x2c, 0x20, 0x61, 0x63, 0x71, 0x75, 0x69, 0x73, 0x69, 0x74
  .byte 0x69, 0x6f, 0x6e, 0x2c, 0x20, 0x66, 0x65, 0x61, 0x74, 0x75, 0x72, 0x65, 0x20, 0x61, 0x64, 0x6f
  .byte 0x70, 0x74, 0x69, 0x6f, 0x6e, 0x2c, 0x20, 0x61, 0x6e, 0x64, 0x20, 0x72, 0x65, 0x76, 0x65, 0x6e
  .byte 0x75, 0x65, 0x20, 0x74, 0x72, 0x65, 0x6e, 0x64, 0x73, 0x0a, 0x20, 0x20, 0x63, 0x61, 0x72, 0x64
  .byte 0x2d, 0x32, 0x3a, 0x0a, 0x20, 0x20, 0x20, 0x20, 0x74, 0x79, 0x70, 0x65, 0x3a, 0x20, 0x43, 0x61
  .byte 0x72, 0x64, 0x0a, 0x20, 0x20, 0x20, 0x20, 0x70, 0x72, 0x6f, 0x70, 0x73, 0x3a, 0x0a, 0x20, 0x20
  .byte 0x20, 0x20, 0x20, 0x20, 0x76, 0x61, 0x72, 0x69, 0x61, 0x6e, 0x74, 0x3a, 0x20, 0x63, 0x61, 0x72
  .byte 0x64, 0x0a, 0x20, 0x20, 0x20, 0x20, 0x63, 0x68, 0x69, 0x6c, 0x64, 0x72, 0x65, 0x6e, 0x3a, 0x0a
  .byte 0x20, 0x20, 0x20, 0x20, 0x20, 0x20, 0x2d, 0x20, 0x63, 0x61, 0x72, 0x64, 0x68, 0x65, 0x61, 0x64
  .byte 0x65, 0x72, 0x2d, 0x33, 0x0a, 0x20, 0x20, 0x74, 0x65, 0x78, 0x74, 0x63, 0x6f, 0x6e, 0x74, 0x65
  .byte 0x6e, 0x74, 0x2d, 0x36, 0x3a, 0x0a, 0x20, 0x20, 0x20, 0x20, 0x74, 0x79, 0x70, 0x65, 0x3a, 0x20
  .byte 0x54, 0x65, 0x78, 0x74, 0x43, 0x6f, 0x6e, 0x74, 0x65, 0x6e, 0x74, 0x0a, 0x20, 0x20, 0x20, 0x20
  .byte 0x70, 0x72, 0x6f, 0x70, 0x73, 0x3a, 0x0a, 0x20, 0x20, 0x20, 0x20, 0x20, 0x20, 0x74, 0x65, 0x78
  .byte 0x74, 0x3a, 0x20, 0x4d, 0x6f, 0x6e, 0x74, 0x68, 0x6c, 0x79, 0x20, 0x41, 0x63, 0x74, 0x69, 0x76
  .byte 0x65, 0x20, 0x55, 0x73, 0x65, 0x72, 0x73, 0x20, 0x28, 0x4d, 0x41, 0x55, 0x29, 0x0a, 0x20, 0x20
  .byte 0x20, 0x20, 0x20, 0x20, 0x73, 0x69, 0x7a, 0x65, 0x3a, 0x20, 0x73, 0x6d, 0x61, 0x6c, 0x6c, 0x2d
  .byte 0x68, 0x65, 0x61, 0x76, 0x79, 0x0a, 0x20, 0x20, 0x74, 0x65, 0x78, 0x74, 0x63, 0x6f, 0x6e, 0x74
  .byte 0x65, 0x6e, 0x74, 0x2d, 0x37, 0x3a, 0x0a, 0x20, 0x20, 0x20, 0x20, 0x74, 0x79, 0x70, 0x65, 0x3a
  .byte 0x20, 0x54, 0x65, 0x78, 0x74, 0x43, 0x6f, 0x6e, 0x74, 0x65, 0x6e, 0x74, 0x0a, 0x20, 0x20, 0x20
  .byte 0x20, 0x70, 0x72, 0x6f, 0x70, 0x73, 0x3a, 0x0a, 0x20, 0x20, 0x20, 0x20, 0x20, 0x20, 0x74, 0x65
  .byte 0x78, 0x74, 0x3a, 0x20, 0x31, 0x32, 0x38, 0x2c, 0x34, 0x30, 0x30, 0x0a, 0x20, 0x20, 0x20, 0x20
  .byte 0x20, 0x20, 0x73, 0x69, 0x7a, 0x65, 0x3a, 0x20, 0x6c, 0x61, 0x72, 0x67, 0x65, 0x2d, 0x68, 0x65
  .byte 0x61, 0x76, 0x79, 0x0a, 0x20, 0x20, 0x74, 0x65, 0x78, 0x74, 0x63, 0x6f, 0x6e, 0x74, 0x65, 0x6e
  .byte 0x74, 0x2d, 0x38, 0x3a, 0x0a, 0x20, 0x20, 0x20, 0x20, 0x74, 0x79, 0x70, 0x65, 0x3a, 0x20, 0x54
  .byte 0x65, 0x78, 0x74, 0x43, 0x6f, 0x6e, 0x74, 0x65, 0x6e, 0x74, 0x0a, 0x20, 0x20, 0x20, 0x20, 0x70
  .byte 0x72, 0x6f, 0x70, 0x73, 0x3a, 0x0a, 0x20, 0x20, 0x20, 0x20, 0x20, 0x20, 0x74, 0x65, 0x78, 0x74
  .byte 0x3a, 0x20, 0x2b, 0x36, 0x2e, 0x32, 0x25, 0x20, 0x76, 0x73, 0x20, 0x6c, 0x61, 0x73, 0x74, 0x20
  .byte 0x6d, 0x6f, 0x6e, 0x74, 0x68, 0x0a, 0x20, 0x20, 0x20, 0x20, 0x20, 0x20, 0x73, 0x69, 0x7a, 0x65
  .byte 0x3a, 0x20, 0x73, 0x6d, 0x61, 0x6c, 0x6c, 0x0a, 0x20, 0x20, 0x63, 0x61, 0x72, 0x64, 0x2d, 0x35
  .byte 0x3a, 0x0a, 0x20, 0x20, 0x20, 0x20, 0x74, 0x79, 0x70, 0x65, 0x3a, 0x20, 0x43, 0x61, 0x72, 0x64
  .byte 0x0a, 0x20, 0x20, 0x20, 0x20, 0x70, 0x72, 0x6f, 0x70, 0x73, 0x3a, 0x0a, 0x20, 0x20, 0x20, 0x20
  .byte 0x20, 0x20, 0x76, 0x61, 0x72, 0x69, 0x61, 0x6e, 0x74, 0x3a, 0x20, 0x73, 0x75, 0x6e, 0x6b, 0x0a
  .byte 0x20, 0x20, 0x20, 0x20, 0x63, 0x68, 0x69, 0x6c, 0x64, 0x72, 0x65, 0x6e, 0x3a, 0x0a, 0x20, 0x20
  .byte 0x20, 0x20, 0x20, 0x20, 0x2d, 0x20, 0x74, 0x65, 0x78, 0x74, 0x63, 0x6f, 0x6e, 0x74, 0x65, 0x6e
  .byte 0x74, 0x2d, 0x36, 0x0a, 0x20, 0x20, 0x20, 0x20, 0x20, 0x20, 0x2d, 0x20, 0x74, 0x65, 0x78, 0x74
  .byte 0x63, 0x6f, 0x6e, 0x74, 0x65, 0x6e, 0x74, 0x2d, 0x37, 0x0a, 0x20, 0x20, 0x20, 0x20, 0x20, 0x20
  .byte 0x2d, 0x20, 0x74, 0x65, 0x78, 0x74, 0x63, 0x6f, 0x6e, 0x74, 0x65, 0x6e, 0x74, 0x2d, 0x38, 0x0a
  .byte 0x20, 0x20, 0x74, 0x65, 0x78, 0x74, 0x63, 0x6f, 0x6e, 0x74, 0x65, 0x6e, 0x74, 0x2d, 0x31, 0x30
  .byte 0x3a, 0x0a, 0x20, 0x20, 0x20, 0x20, 0x74, 0x79, 0x70, 0x65, 0x3a, 0x20, 0x54, 0x65, 0x78, 0x74
  .byte 0x43, 0x6f, 0x6e, 0x74, 0x65, 0x6e, 0x74, 0x0a, 0x20, 0x20, 0x20, 0x20, 0x70, 0x72, 0x6f, 0x70
  .byte 0x73, 0x3a, 0x0a, 0x20, 0x20, 0x20, 0x20, 0x20, 0x20, 0x74, 0x65, 0x78, 0x74, 0x3a, 0x20, 0x4e
  .byte 0x65, 0x77, 0x20, 0x55, 0x73, 0x65, 0x72, 0x73, 0x20, 0x28, 0x33, 0x30, 0x64, 0x29, 0x0a, 0x20
  .byte 0x20, 0x20, 0x20, 0x20, 0x20, 0x73, 0x69, 0x7a, 0x65, 0x3a, 0x20, 0x73, 0x6d, 0x61, 0x6c, 0x6c
  .byte 0x2d, 0x68, 0x65, 0x61, 0x76, 0x79, 0x0a, 0x20, 0x20, 0x74, 0x65, 0x78, 0x74, 0x63, 0x6f, 0x6e
  .byte 0x74, 0x65, 0x6e, 0x74, 0x2d, 0x31, 0x31, 0x3a, 0x0a, 0x20, 0x20, 0x20, 0x20, 0x74, 0x79, 0x70
  .byte 0x65, 0x3a, 0x20, 0x54, 0x65, 0x78, 0x74, 0x43, 0x6f, 0x6e, 0x74, 0x65, 0x6e, 0x74, 0x0a, 0x20
  .byte 0x20, 0x20, 0x20, 0x70, 0x72, 0x6f, 0x70, 0x73, 0x3a, 0x0a, 0x20, 0x20, 0x20, 0x20, 0x20, 0x20
  .byte 0x74, 0x65, 0x78, 0x74, 0x3a, 0x20, 0x32, 0x34, 0x2c, 0x39, 0x35, 0x30, 0x0a, 0x20, 0x20, 0x20
  .byte 0x20, 0x20, 0x20, 0x73, 0x69, 0x7a, 0x65, 0x3a, 0x20, 0x6c, 0x61, 0x72, 0x67, 0x65, 0x2d, 0x68
  .byte 0x65, 0x61, 0x76, 0x79, 0x0a, 0x20, 0x20, 0x74, 0x65, 0x78, 0x74, 0x63, 0x6f, 0x6e, 0x74, 0x65
  .byte 0x6e, 0x74, 0x2d, 0x31, 0x32, 0x3a, 0x0a, 0x20, 0x20, 0x20, 0x20, 0x74, 0x79, 0x70, 0x65, 0x3a
  .byte 0x20, 0x54, 0x65, 0x78, 0x74, 0x43, 0x6f, 0x6e, 0x74, 0x65, 0x6e, 0x74, 0x0a, 0x20, 0x20, 0x20
  .byte 0x20, 0x70, 0x72, 0x6f, 0x70, 0x73, 0x3a, 0x0a, 0x20, 0x20, 0x20, 0x20, 0x20, 0x20, 0x74, 0x65
  .byte 0x78, 0x74, 0x3a, 0x20, 0x2b, 0x33, 0x2e, 0x31, 0x25, 0x20, 0x76, 0x73, 0x20, 0x6c, 0x61, 0x73
  .byte 0x74, 0x20, 0x33, 0x30, 0x64, 0x0a, 0x20, 0x20, 0x20, 0x20, 0x20, 0x20, 0x73, 0x69, 0x7a, 0x65
  .byte 0x3a, 0x20, 0x73, 0x6d, 0x61, 0x6c, 0x6c, 0x0a, 0x20, 0x20, 0x63, 0x61, 0x72, 0x64, 0x2d, 0x39
  .byte 0x3a, 0x0a, 0x20, 0x20, 0x20, 0x20, 0x74, 0x79, 0x70, 0x65, 0x3a, 0x20, 0x43, 0x61, 0x72, 0x64
  .byte 0x0a, 0x20, 0x20, 0x20, 0x20, 0x70, 0x72, 0x6f, 0x70, 0x73, 0x3a, 0x0a, 0x20, 0x20, 0x20, 0x20
  .byte 0x20, 0x20, 0x76, 0x61, 0x72, 0x69, 0x61, 0x6e, 0x74, 0x3a, 0x20, 0x73, 0x75, 0x6e, 0x6b, 0x0a
  .byte 0x20, 0x20, 0x20, 0x20, 0x63, 0x68, 0x69, 0x6c, 0x64, 0x72, 0x65, 0x6e, 0x3a, 0x0a, 0x20, 0x20
  .byte 0x20, 0x20, 0x20, 0x20, 0x2d, 0x20, 0x74, 0x65, 0x78, 0x74, 0x63, 0x6f, 0x6e, 0x74, 0x65, 0x6e
  .byte 0x74, 0x2d, 0x31, 0x30, 0x0a, 0x20, 0x20, 0x20, 0x20, 0x20, 0x20, 0x2d, 0x20, 0x74, 0x65, 0x78
  .byte 0x74, 0x63, 0x6f, 0x6e, 0x74, 0x65, 0x6e, 0x74, 0x2d, 0x31, 0x31, 0x0a, 0x20, 0x20, 0x20, 0x20
  .byte 0x20, 0x20, 0x2d, 0x20, 0x74, 0x65, 0x78, 0x74, 0x63, 0x6f, 0x6e, 0x74, 0x65, 0x6e, 0x74, 0x2d
  .byte 0x31, 0x32, 0x0a, 0x20, 0x20, 0x74, 0x65, 0x78, 0x74, 0x63, 0x6f, 0x6e, 0x74, 0x65, 0x6e, 0x74
  .byte 0x2d, 0x31, 0x34, 0x3a, 0x0a, 0x20, 0x20, 0x20, 0x20, 0x74, 0x79, 0x70, 0x65, 0x3a, 0x20, 0x54
  .byte 0x65, 0x78, 0x74, 0x43, 0x6f, 0x6e, 0x74, 0x65, 0x6e, 0x74, 0x0a, 0x20, 0x20, 0x20, 0x20, 0x70
  .byte 0x72, 0x6f, 0x70, 0x73, 0x3a, 0x0a, 0x20, 0x20, 0x20, 0x20, 0x20, 0x20, 0x74, 0x65, 0x78, 0x74
  .byte 0x3a, 0x20, 0x4d, 0x52, 0x52, 0x0a, 0x20, 0x20, 0x20, 0x20, 0x20, 0x20, 0x73, 0x69, 0x7a, 0x65
  .byte 0x3a, 0x20, 0x73, 0x6d, 0x61, 0x6c, 0x6c, 0x2d, 0x68, 0x65, 0x61, 0x76, 0x79, 0x0a, 0x20, 0x20
  .byte 0x74, 0x65, 0x78, 0x74, 0x63, 0x6f, 0x6e, 0x74, 0x65, 0x6e, 0x74, 0x2d, 0x31, 0x35, 0x3a, 0x0a
  .byte 0x20, 0x20, 0x20, 0x20, 0x74, 0x79, 0x70, 0x65, 0x3a, 0x20, 0x54, 0x65, 0x78, 0x74, 0x43, 0x6f
  .byte 0x6e, 0x74, 0x65, 0x6e, 0x74, 0x0a, 0x20, 0x20, 0x20, 0x20, 0x70, 0x72, 0x6f, 0x70, 0x73, 0x3a
  .byte 0x0a, 0x20, 0x20, 0x20, 0x20, 0x20, 0x20, 0x74, 0x65, 0x78, 0x74, 0x3a, 0x20, 0x24, 0x34, 0x31
  .byte 0x32, 0x2c, 0x30, 0x30, 0x30, 0x0a, 0x20, 0x20, 0x20, 0x20, 0x20, 0x20, 0x73, 0x69, 0x7a, 0x65
  .byte 0x3a, 0x20, 0x6c, 0x61, 0x72, 0x67, 0x65, 0x2d, 0x68, 0x65, 0x61, 0x76, 0x79, 0x0a, 0x20, 0x20
  .byte 0x74, 0x65, 0x78, 0x74, 0x63, 0x6f, 0x6e, 0x74, 0x65, 0x6e, 0x74, 0x2d, 0x31, 0x36, 0x3a, 0x0a
  .byte 0x20, 0x20, 0x20, 0x20, 0x74, 0x79, 0x70, 0x65, 0x3a, 0x20, 0x54, 0x65, 0x78, 0x74, 0x43, 0x6f
  .byte 0x6e, 0x74, 0x65, 0x6e, 0x74, 0x0a, 0x20, 0x20, 0x20, 0x20, 0x70, 0x72, 0x6f, 0x70, 0x73, 0x3a
  .byte 0x0a, 0x20, 0x20, 0x20, 0x20, 0x20, 0x20, 0x74, 0x65, 0x78, 0x74, 0x3a, 0x20, 0x2b, 0x34, 0x2e
  .byte 0x34, 0x25, 0x20, 0x4d, 0x6f, 0x4d, 0x0a, 0x20, 0x20, 0x20, 0x20, 0x20, 0x20, 0x73, 0x69, 0x7a
  .byte 0x65, 0x3a, 0x20, 0x73, 0x6d, 0x61, 0x6c, 0x6c, 0x0a, 0x20, 0x20, 0x63, 0x61, 0x72, 0x64, 0x2d
  .byte 0x31, 0x33, 0x3a, 0x0a, 0x20, 0x20, 0x20, 0x20, 0x74, 0x79, 0x70, 0x65, 0x3a, 0x20, 0x43, 0x61
  .byte 0x72, 0x64, 0x0a, 0x20, 0x20, 0x20, 0x20, 0x70, 0x72, 0x6f, 0x70, 0x73, 0x3a, 0x0a, 0x20, 0x20
  .byte 0x20, 0x20, 0x20, 0x20, 0x76, 0x61, 0x72, 0x69, 0x61, 0x6e, 0x74, 0x3a, 0x20, 0x73, 0x75, 0x6e
  .byte 0x6b, 0x0a, 0x20, 0x20, 0x20, 0x20, 0x63, 0x68, 0x69, 0x6c, 0x64, 0x72, 0x65, 0x6e, 0x3a, 0x0a
  .byte 0x20, 0x20, 0x20, 0x20, 0x20, 0x20, 0x2d, 0x20, 0x74, 0x65, 0x78, 0x74, 0x63, 0x6f, 0x6e, 0x74
  .byte 0x65, 0x6e, 0x74, 0x2d, 0x31, 0x34, 0x0a, 0x20, 0x20, 0x20, 0x20, 0x20, 0x20, 0x2d, 0x20, 0x74
  .byte 0x65, 0x78, 0x74, 0x63, 0x6f, 0x6e, 0x74, 0x65, 0x6e, 0x74, 0x2d, 0x31, 0x35, 0x0a, 0x20, 0x20
  .byte 0x20, 0x20, 0x20, 0x20, 0x2d, 0x20, 0x74, 0x65, 0x78, 0x74, 0x63, 0x6f, 0x6e, 0x74, 0x65, 0x6e
  .byte 0x74, 0x2d, 0x31, 0x36, 0x0a, 0x20, 0x20, 0x74, 0x65, 0x78, 0x74, 0x63, 0x6f, 0x6e, 0x74, 0x65
  .byte 0x6e, 0x74, 0x2d, 0x31, 0x38, 0x3a, 0x0a, 0x20, 0x20, 0x20, 0x20, 0x74, 0x79, 0x70, 0x65, 0x3a
  .byte 0x20, 0x54, 0x65, 0x78, 0x74, 0x43, 0x6f, 0x6e, 0x74, 0x65, 0x6e, 0x74, 0x0a, 0x20, 0x20, 0x20
  .byte 0x20, 0x70, 0x72, 0x6f, 0x70, 0x73, 0x3a, 0x0a, 0x20, 0x20, 0x20, 0x20, 0x20, 0x20, 0x74, 0x65
  .byte 0x78, 0x74, 0x3a, 0x20, 0x41, 0x52, 0x52, 0x0a, 0x20, 0x20, 0x20, 0x20, 0x20, 0x20, 0x73, 0x69
  .byte 0x7a, 0x65, 0x3a, 0x20, 0x73, 0x6d, 0x61, 0x6c, 0x6c, 0x2d, 0x68, 0x65, 0x61, 0x76, 0x79, 0x0a
  .byte 0x20, 0x20, 0x74, 0x65, 0x78, 0x74, 0x63, 0x6f, 0x6e, 0x74, 0x65, 0x6e, 0x74, 0x2d, 0x31, 0x39
  .byte 0x3a, 0x0a, 0x20, 0x20, 0x20, 0x20, 0x74, 0x79, 0x70, 0x65, 0x3a, 0x20, 0x54, 0x65, 0x78, 0x74
  .byte 0x43, 0x6f, 0x6e, 0x74, 0x65, 0x6e, 0x74, 0x0a, 0x20, 0x20, 0x20, 0x20, 0x70, 0x72, 0x6f, 0x70
  .byte 0x73, 0x3a, 0x0a, 0x20, 0x20, 0x20, 0x20, 0x20, 0x20, 0x74, 0x65, 0x78, 0x74, 0x3a, 0x20, 0x24
  .byte 0x34, 0x2e, 0x39, 0x34, 0x4d, 0x0a, 0x20, 0x20, 0x20, 0x20, 0x20, 0x20, 0x73, 0x69, 0x7a, 0x65
  .byte 0x3a, 0x20, 0x6c, 0x61, 0x72, 0x67, 0x65, 0x2d, 0x68, 0x65, 0x61, 0x76, 0x79, 0x0a, 0x20, 0x20
  .byte 0x74, 0x65, 0x78, 0x74, 0x63, 0x6f, 0x6e, 0x74, 0x65, 0x6e, 0x74, 0x2d, 0x32, 0x30, 0x3a, 0x0a
  .byte 0x20, 0x20, 0x20, 0x20, 0x74, 0x79, 0x70, 0x65, 0x3a, 0x20, 0x54, 0x65, 0x78, 0x74, 0x43, 0x6f
  .byte 0x6e, 0x74, 0x65, 0x6e, 0x74, 0x0a, 0x20, 0x20, 0x20, 0x20, 0x70, 0x72, 0x6f, 0x70, 0x73, 0x3a
  .byte 0x0a, 0x20, 0x20, 0x20, 0x20, 0x20, 0x20, 0x74, 0x65, 0x78, 0x74, 0x3a, 0x20, 0x2b, 0x31, 0x38
  .byte 0x2e, 0x37, 0x25, 0x20, 0x59, 0x6f, 0x59, 0x0a, 0x20, 0x20, 0x20, 0x20, 0x20, 0x20, 0x73, 0x69
  .byte 0x7a, 0x65, 0x3a, 0x20, 0x73, 0x6d, 0x61, 0x6c, 0x6c, 0x0a, 0x20, 0x20, 0x63, 0x61, 0x72, 0x64
  .byte 0x2d, 0x31, 0x37, 0x3a, 0x0a, 0x20, 0x20, 0x20, 0x20, 0x74, 0x79, 0x70, 0x65, 0x3a, 0x20, 0x43
  .byte 0x61, 0x72, 0x64, 0x0a, 0x20, 0x20, 0x20, 0x20, 0x70, 0x72, 0x6f, 0x70, 0x73, 0x3a, 0x0a, 0x20
  .byte 0x20, 0x20, 0x20, 0x20, 0x20, 0x76, 0x61, 0x72, 0x69, 0x61, 0x6e, 0x74, 0x3a, 0x20, 0x73, 0x75
  .byte 0x6e, 0x6b, 0x0a, 0x20, 0x20, 0x20, 0x20, 0x63, 0x68, 0x69, 0x6c, 0x64, 0x72, 0x65, 0x6e, 0x3a
  .byte 0x0a, 0x20, 0x20, 0x20, 0x20, 0x20, 0x20, 0x2d, 0x20, 0x74, 0x65, 0x78, 0x74, 0x63, 0x6f, 0x6e
  .byte 0x74, 0x65, 0x6e, 0x74, 0x2d, 0x31, 0x38, 0x0a, 0x20, 0x20, 0x20, 0x20, 0x20, 0x20, 0x2d, 0x20
  .byte 0x74, 0x65, 0x78, 0x74, 0x63, 0x6f, 0x6e, 0x74, 0x65, 0x6e, 0x74, 0x2d, 0x31, 0x39, 0x0a, 0x20
  .byte 0x20, 0x20, 0x20, 0x20, 0x20, 0x2d, 0x20, 0x74, 0x65, 0x78, 0x74, 0x63, 0x6f, 0x6e, 0x74, 0x65
  .byte 0x6e, 0x74, 0x2d, 0x32, 0x30, 0x0a, 0x20, 0x20, 0x73, 0x74, 0x61, 0x63, 0x6b, 0x2d, 0x34, 0x3a
  .byte 0x0a, 0x20, 0x20, 0x20, 0x20, 0x74, 0x79, 0x70, 0x65, 0x3a, 0x20, 0x53, 0x74, 0x61, 0x63, 0x6b
  .byte 0x0a, 0x20, 0x20, 0x20, 0x20, 0x70, 0x72, 0x6f, 0x70, 0x73, 0x3a, 0x0a, 0x20, 0x20, 0x20, 0x20
  .byte 0x20, 0x20, 0x64, 0x69, 0x72, 0x65, 0x63, 0x74, 0x69, 0x6f, 0x6e, 0x3a, 0x20, 0x72, 0x6f, 0x77
  .byte 0x0a, 0x20, 0x20, 0x20, 0x20, 0x20, 0x20, 0x67, 0x61, 0x70, 0x3a, 0x20, 0x6d, 0x0a, 0x20, 0x20
  .byte 0x20, 0x20, 0x20, 0x20, 0x61, 0x6c, 0x69, 0x67, 0x6e, 0x3a, 0x20, 0x73, 0x74, 0x72, 0x65, 0x74
  .byte 0x63, 0x68, 0x0a, 0x20, 0x20, 0x20, 0x20, 0x20, 0x20, 0x6a, 0x75, 0x73, 0x74, 0x69, 0x66, 0x79
  .byte 0x3a, 0x20, 0x73, 0x74, 0x61, 0x72, 0x74, 0x0a, 0x20, 0x20, 0x20, 0x20, 0x20, 0x20, 0x77, 0x72
  .byte 0x61, 0x70, 0x3a, 0x20, 0x74, 0x72, 0x75, 0x65, 0x0a, 0x20, 0x20, 0x20, 0x20, 0x63, 0x68, 0x69
  .byte 0x6c, 0x64, 0x72, 0x65, 0x6e, 0x3a, 0x0a, 0x20, 0x20, 0x20, 0x20, 0x20, 0x20, 0x2d, 0x20, 0x63
  .byte 0x61, 0x72, 0x64, 0x2d, 0x35, 0x0a, 0x20, 0x20, 0x20, 0x20, 0x20, 0x20, 0x2d, 0x20, 0x63, 0x61
  .byte 0x72, 0x64, 0x2d, 0x39, 0x0a, 0x20, 0x20, 0x20, 0x20, 0x20, 0x20, 0x2d, 0x20, 0x63, 0x61, 0x72
  .byte 0x64, 0x2d, 0x31, 0x33, 0x0a, 0x20, 0x20, 0x20, 0x20, 0x20, 0x20, 0x2d, 0x20, 0x63, 0x61, 0x72
  .byte 0x64, 0x2d, 0x31, 0x37, 0x0a, 0x20, 0x20, 0x63, 0x61, 0x72, 0x64, 0x68, 0x65, 0x61, 0x64, 0x65
  .byte 0x72, 0x2d, 0x32, 0x33, 0x3a, 0x0a, 0x20, 0x20, 0x20, 0x20, 0x74, 0x79, 0x70, 0x65, 0x3a, 0x20
  .byte 0x43, 0x61, 0x72, 0x64, 0x48, 0x65, 0x61, 0x64, 0x65, 0x72, 0x0a, 0x20, 0x20, 0x20, 0x20, 0x70
  .byte 0x72, 0x6f, 0x70, 0x73, 0x3a, 0x0a, 0x20, 0x20, 0x20, 0x20, 0x20, 0x20, 0x74, 0x69, 0x74, 0x6c
  .byte 0x65, 0x3a, 0x20, 0x4d, 0x6f, 0x6e, 0x74, 0x68, 0x6c, 0x79, 0x20, 0x41, 0x63, 0x74, 0x69, 0x76
  .byte 0x65, 0x20, 0x55, 0x73, 0x65, 0x72, 0x73, 0x0a, 0x20, 0x20, 0x20, 0x20, 0x20, 0x20, 0x73, 0x75
  .byte 0x62, 0x74, 0x69, 0x74, 0x6c, 0x65, 0x3a, 0x20, 0x4c, 0x61, 0x73, 0x74, 0x20, 0x31, 0x32, 0x20
  .byte 0x6d, 0x6f, 0x6e, 0x74, 0x68, 0x73, 0x0a, 0x20, 0x20, 0x73, 0x65, 0x72, 0x69, 0x65, 0x73, 0x2d
  .byte 0x32, 0x35, 0x3a, 0x0a, 0x20, 0x20, 0x20, 0x20, 0x74, 0x79, 0x70, 0x65, 0x3a, 0x20, 0x53, 0x65
  .byte 0x72, 0x69, 0x65, 0x73, 0x0a, 0x20, 0x20, 0x20, 0x20, 0x70, 0x72, 0x6f, 0x70, 0x73, 0x3a, 0x0a
  .byte 0x20, 0x20, 0x20, 0x20, 0x20, 0x20, 0x63, 0x61, 0x74, 0x65, 0x67, 0x6f, 0x72, 0x79, 0x3a, 0x20
  .byte 0x4d, 0x41, 0x55, 0x0a, 0x20, 0x20, 0x20, 0x20, 0x20, 0x20, 0x76, 0x61, 0x6c, 0x75, 0x65, 0x73
  .byte 0x3a, 0x0a, 0x20, 0x20, 0x20, 0x20, 0x20, 0x20, 0x20, 0x20, 0x2d, 0x20, 0x38, 0x34, 0x35, 0x30
  .byte 0x30, 0x0a, 0x20, 0x20, 0x20, 0x20, 0x20, 0x20, 0x20, 0x20, 0x2d, 0x20, 0x38, 0x37, 0x32, 0x30
  .byte 0x30, 0x0a, 0x20, 0x20, 0x20, 0x20, 0x20, 0x20, 0x20, 0x20, 0x2d, 0x20, 0x39, 0x30, 0x31, 0x30
  .byte 0x30, 0x0a, 0x20, 0x20, 0x20, 0x20, 0x20, 0x20, 0x20, 0x20, 0x2d, 0x20, 0x39, 0x33, 0x38, 0x30
  .byte 0x30, 0x0a, 0x20, 0x20, 0x20, 0x20, 0x20, 0x20, 0x20, 0x20, 0x2d, 0x20, 0x39, 0x36, 0x35, 0x30
  .byte 0x30, 0x0a, 0x20, 0x20, 0x20, 0x20, 0x20, 0x20, 0x20, 0x20, 0x2d, 0x20, 0x31, 0x30, 0x30, 0x32
  .byte 0x30, 0x30, 0x0a, 0x20, 0x20, 0x20, 0x20, 0x20, 0x20, 0x20, 0x20, 0x2d, 0x20, 0x31, 0x30, 0x34
  .byte 0x38, 0x30, 0x30, 0x0a, 0x20, 0x20, 0x20, 0x20, 0x20, 0x20, 0x20, 0x20, 0x2d, 0x20, 0x31, 0x30
  .byte 0x39, 0x36, 0x30, 0x30, 0x0a, 0x20, 0x20, 0x20, 0x20, 0x20, 0x20, 0x20, 0x20, 0x2d, 0x20, 0x31
  .byte 0x31, 0x34, 0x33, 0x30, 0x30, 0x0a, 0x20, 0x20, 0x20, 0x20, 0x20, 0x20, 0x20, 0x20, 0x2d, 0x20
  .byte 0x31, 0x31, 0x39, 0x39, 0x30, 0x30, 0x0a, 0x20, 0x20, 0x20, 0x20, 0x20, 0x20, 0x20, 0x20, 0x2d
  .byte 0x20, 0x31, 0x32, 0x33, 0x37, 0x30, 0x30, 0x0a, 0x20, 0x20, 0x20, 0x20, 0x20, 0x20, 0x20, 0x20
  .byte 0x2d, 0x20, 0x31, 0x32, 0x38, 0x34, 0x30, 0x30, 0x0a, 0x20, 0x20, 0x62, 0x61, 0x72, 0x63, 0x68
  .byte 0x61, 0x72, 0x74, 0x2d, 0x32, 0x34, 0x3a, 0x0a, 0x20, 0x20, 0x20, 0x20, 0x74, 0x79, 0x70, 0x65
  .byte 0x3a, 0x20, 0x42, 0x61, 0x72, 0x43, 0x68, 0x61, 0x72, 0x74, 0x0a, 0x20, 0x20, 0x20, 0x20, 0x70
  .byte 0x72, 0x6f, 0x70, 0x73, 0x3a, 0x0a, 0x20, 0x20, 0x20, 0x20, 0x20, 0x20, 0x6c, 0x61, 0x62, 0x65
  .byte 0x6c, 0x73, 0x3a, 0x0a, 0x20, 0x20, 0x20, 0x20, 0x20, 0x20, 0x20, 0x20, 0x2d, 0x20, 0x41, 0x70
  .byte 0x72, 0x0a, 0x20, 0x20, 0x20, 0x20, 0x20, 0x20, 0x20, 0x20, 0x2d, 0x20, 0x4d, 0x61, 0x79, 0x0a
  .byte 0x20, 0x20, 0x20, 0x20, 0x20, 0x20, 0x20, 0x20, 0x2d, 0x20, 0x4a, 0x75, 0x6e, 0x0a, 0x20, 0x20
  .byte 0x20, 0x20, 0x20, 0x20, 0x20, 0x20, 0x2d, 0x20, 0x4a, 0x75, 0x6c, 0x0a, 0x20, 0x20, 0x20, 0x20
  .byte 0x20, 0x20, 0x20, 0x20, 0x2d, 0x20, 0x41, 0x75, 0x67, 0x0a, 0x20, 0x20, 0x20, 0x20, 0x20, 0x20
  .byte 0x20, 0x20, 0x2d, 0x20, 0x53, 0x65, 0x70, 0x0a, 0x20, 0x20, 0x20, 0x20, 0x20, 0x20, 0x20, 0x20
  .byte 0x2d, 0x20, 0x4f, 0x63, 0x74, 0x0a, 0x20, 0x20, 0x20, 0x20, 0x20, 0x20, 0x20, 0x20, 0x2d, 0x20
  .byte 0x4e, 0x6f, 0x76, 0x0a, 0x20, 0x20, 0x20, 0x20, 0x20, 0x20, 0x20, 0x20, 0x2d, 0x20, 0x44, 0x65
  .byte 0x63, 0x0a, 0x20, 0x20, 0x20, 0x20, 0x20, 0x20, 0x20, 0x20, 0x2d, 0x20, 0x4a, 0x61, 0x6e, 0x0a
  .byte 0x20, 0x20, 0x20, 0x20, 0x20, 0x20, 0x20, 0x20, 0x2d, 0x20, 0x46, 0x65, 0x62, 0x0a, 0x20, 0x20
  .byte 0x20, 0x20, 0x20, 0x20, 0x20, 0x20, 0x2d, 0x20, 0x4d, 0x61, 0x72, 0x0a, 0x20, 0x20, 0x20, 0x20
  .byte 0x20, 0x20, 0x76, 0x61, 0x72, 0x69, 0x61, 0x6e, 0x74, 0x3a, 0x20, 0x67, 0x72, 0x6f, 0x75, 0x70
  .byte 0x65, 0x64, 0x0a, 0x20, 0x20, 0x20, 0x20, 0x20, 0x20, 0x78, 0x4c, 0x61, 0x62, 0x65, 0x6c, 0x3a
  .byte 0x20, 0x4d, 0x6f, 0x6e, 0x74, 0x68, 0x0a, 0x20, 0x20, 0x20, 0x20, 0x20, 0x20, 0x79, 0x4c, 0x61
  .byte 0x62, 0x65, 0x6c, 0x3a, 0x20, 0x55, 0x73, 0x65, 0x72, 0x73, 0x0a, 0x20, 0x20, 0x20, 0x20, 0x63
  .byte 0x68, 0x69, 0x6c, 0x64, 0x72, 0x65, 0x6e, 0x3a, 0x0a, 0x20, 0x20, 0x20, 0x20, 0x20, 0x20, 0x2d
  .byte 0x20, 0x73, 0x65, 0x72, 0x69, 0x65, 0x73, 0x2d, 0x32, 0x35, 0x0a, 0x20, 0x20, 0x63, 0x61, 0x72
  .byte 0x64, 0x2d, 0x32, 0x32, 0x3a, 0x0a, 0x20, 0x20, 0x20, 0x20, 0x74, 0x79, 0x70, 0x65, 0x3a, 0x20
  .byte 0x43, 0x61, 0x72, 0x64, 0x0a, 0x20, 0x20, 0x20, 0x20, 0x70, 0x72, 0x6f, 0x70, 0x73, 0x3a, 0x0a
  .byte 0x20, 0x20, 0x20, 0x20, 0x20, 0x20, 0x76, 0x61, 0x72, 0x69, 0x61, 0x6e, 0x74, 0x3a, 0x20, 0x63
  .byte 0x61, 0x72, 0x64, 0x0a, 0x20, 0x20, 0x20, 0x20, 0x63, 0x68, 0x69, 0x6c, 0x64, 0x72, 0x65, 0x6e
  .byte 0x3a, 0x0a, 0x20, 0x20, 0x20, 0x20, 0x20, 0x20, 0x2d, 0x20, 0x63, 0x61, 0x72, 0x64, 0x68, 0x65
  .byte 0x61, 0x64, 0x65, 0x72, 0x2d, 0x32, 0x33, 0x0a, 0x20, 0x20, 0x20, 0x20, 0x20, 0x20, 0x2d, 0x20
  .byte 0x62, 0x61, 0x72, 0x63, 0x68, 0x61, 0x72, 0x74, 0x2d, 0x32, 0x34, 0x0a, 0x20, 0x20, 0x63, 0x61
  .byte 0x72, 0x64, 0x68, 0x65, 0x61, 0x64, 0x65, 0x72, 0x2d, 0x32, 0x37, 0x3a, 0x0a, 0x20, 0x20, 0x20
  .byte 0x20, 0x74, 0x79, 0x70, 0x65, 0x3a, 0x20, 0x43, 0x61, 0x72, 0x64, 0x48, 0x65, 0x61, 0x64, 0x65
  .byte 0x72, 0x0a, 0x20, 0x20, 0x20, 0x20, 0x70, 0x72, 0x6f, 0x70, 0x73, 0x3a, 0x0a, 0x20, 0x20, 0x20
  .byte 0x20, 0x20, 0x20, 0x74, 0x69, 0x74, 0x6c, 0x65, 0x3a, 0x20, 0x55, 0x73, 0x65, 0x72, 0x20, 0x41
  .byte 0x63, 0x71, 0x75, 0x69, 0x73, 0x69, 0x74, 0x69, 0x6f, 0x6e, 0x0a, 0x20, 0x20, 0x20, 0x20, 0x20
  .byte 0x20, 0x73, 0x75, 0x62, 0x74, 0x69, 0x74, 0x6c, 0x65, 0x3a, 0x20, 0x53, 0x68, 0x61, 0x72, 0x65
  .byte 0x20, 0x6f, 0x66, 0x20, 0x6e, 0x65, 0x77, 0x20, 0x75, 0x73, 0x65, 0x72, 0x73, 0x20, 0x28, 0x6c
  .byte 0x61, 0x73, 0x74, 0x20, 0x33, 0x30, 0x20, 0x64, 0x61, 0x79, 0x73, 0x29, 0x0a, 0x20, 0x20, 0x73
  .byte 0x6c, 0x69, 0x63, 0x65, 0x2d, 0x32, 0x39, 0x3a, 0x0a, 0x20, 0x20, 0x20, 0x20, 0x74, 0x79, 0x70
  .byte 0x65, 0x3a, 0x20, 0x53, 0x6c, 0x69, 0x63, 0x65, 0x0a, 0x20, 0x20, 0x20, 0x20, 0x70, 0x72, 0x6f
  .byte 0x70, 0x73, 0x3a, 0x0a, 0x20, 0x20, 0x20, 0x20, 0x20, 0x20, 0x63, 0x61, 0x74, 0x65, 0x67, 0x6f
  .byte 0x72, 0x79, 0x3a, 0x20, 0x4f, 0x72, 0x67, 0x61, 0x6e, 0x69, 0x63, 0x20, 0x53, 0x65, 0x61, 0x72
  .byte 0x63, 0x68, 0x0a, 0x20, 0x20, 0x20, 0x20, 0x20, 0x20, 0x76, 0x61, 0x6c, 0x75, 0x65, 0x3a, 0x20
  .byte 0x33, 0x34, 0x0a, 0x20, 0x20, 0x73, 0x6c, 0x69, 0x63, 0x65, 0x2d, 0x33, 0x30, 0x3a, 0x0a, 0x20
  .byte 0x20, 0x20, 0x20, 0x74, 0x79, 0x70, 0x65, 0x3a, 0x20, 0x53, 0x6c, 0x69, 0x63, 0x65, 0x0a, 0x20
  .byte 0x20, 0x20, 0x20, 0x70, 0x72, 0x6f, 0x70, 0x73, 0x3a, 0x0a, 0x20, 0x20, 0x20, 0x20, 0x20, 0x20
  .byte 0x63, 0x61, 0x74, 0x65, 0x67, 0x6f, 0x72, 0x79, 0x3a, 0x20, 0x50, 0x61, 0x69, 0x64, 0x20, 0x53
  .byte 0x65, 0x61, 0x72, 0x63, 0x68, 0x0a, 0x20, 0x20, 0x20, 0x20, 0x20, 0x20, 0x76, 0x61, 0x6c, 0x75
  .byte 0x65, 0x3a, 0x20, 0x32, 0x32, 0x0a, 0x20, 0x20, 0x73, 0x6c, 0x69, 0x63, 0x65, 0x2d, 0x33, 0x31
  .byte 0x3a, 0x0a, 0x20, 0x20, 0x20, 0x20, 0x74, 0x79, 0x70, 0x65, 0x3a, 0x20, 0x53, 0x6c, 0x69, 0x63
  .byte 0x65, 0x0a, 0x20, 0x20, 0x20, 0x20, 0x70, 0x72, 0x6f, 0x70, 0x73, 0x3a, 0x0a, 0x20, 0x20, 0x20
  .byte 0x20, 0x20, 0x20, 0x63, 0x61, 0x74, 0x65, 0x67, 0x6f, 0x72, 0x79, 0x3a, 0x20, 0x52, 0x65, 0x66
  .byte 0x65, 0x72, 0x72, 0x61, 0x6c, 0x73, 0x0a, 0x20, 0x20, 0x20, 0x20, 0x20, 0x20, 0x76, 0x61, 0x6c
  .byte 0x75, 0x65, 0x3a, 0x20, 0x31, 0x36, 0x0a, 0x20, 0x20, 0x73, 0x6c, 0x69, 0x63, 0x65, 0x2d, 0x33
  .byte 0x32, 0x3a, 0x0a, 0x20, 0x20, 0x20, 0x20, 0x74, 0x79, 0x70, 0x65, 0x3a, 0x20, 0x53, 0x6c, 0x69
  .byte 0x63, 0x65, 0x0a, 0x20, 0x20, 0x20, 0x20, 0x70, 0x72, 0x6f, 0x70, 0x73, 0x3a, 0x0a, 0x20, 0x20
  .byte 0x20, 0x20, 0x20, 0x20, 0x63, 0x61, 0x74, 0x65, 0x67, 0x6f, 0x72, 0x79, 0x3a, 0x20, 0x53, 0x6f
  .byte 0x63, 0x69, 0x61, 0x6c, 0x0a, 0x20, 0x20, 0x20, 0x20, 0x20, 0x20, 0x76, 0x61, 0x6c, 0x75, 0x65
  .byte 0x3a, 0x20, 0x31, 0x32, 0x0a, 0x20, 0x20, 0x73, 0x6c, 0x69, 0x63, 0x65, 0x2d, 0x33, 0x33, 0x3a
  .byte 0x0a, 0x20, 0x20, 0x20, 0x20, 0x74, 0x79, 0x70, 0x65, 0x3a, 0x20, 0x53, 0x6c, 0x69, 0x63, 0x65
  .byte 0x0a, 0x20, 0x20, 0x20, 0x20, 0x70, 0x72, 0x6f, 0x70, 0x73, 0x3a, 0x0a, 0x20, 0x20, 0x20, 0x20
  .byte 0x20, 0x20, 0x63, 0x61, 0x74, 0x65, 0x67, 0x6f, 0x72, 0x79, 0x3a, 0x20, 0x44, 0x69, 0x72, 0x65
  .byte 0x63, 0x74, 0x20, 0x2f, 0x20, 0x4f, 0x74, 0x68, 0x65, 0x72, 0x0a, 0x20, 0x20, 0x20, 0x20, 0x20
  .byte 0x20, 0x76, 0x61, 0x6c, 0x75, 0x65, 0x3a, 0x20, 0x31, 0x36, 0x0a, 0x20, 0x20, 0x70, 0x69, 0x65
  .byte 0x63, 0x68, 0x61, 0x72, 0x74, 0x2d, 0x32, 0x38, 0x3a, 0x0a, 0x20, 0x20, 0x20, 0x20, 0x74, 0x79
  .byte 0x70, 0x65, 0x3a, 0x20, 0x50, 0x69, 0x65, 0x43, 0x68, 0x61, 0x72, 0x74, 0x0a, 0x20, 0x20, 0x20
  .byte 0x20, 0x70, 0x72, 0x6f, 0x70, 0x73, 0x3a, 0x0a, 0x20, 0x20, 0x20, 0x20, 0x20, 0x20, 0x76, 0x61
  .byte 0x72, 0x69, 0x61, 0x6e, 0x74, 0x3a, 0x20, 0x64, 0x6f, 0x6e, 0x75, 0x74, 0x0a, 0x20, 0x20, 0x20
  .byte 0x20, 0x63, 0x68, 0x69, 0x6c, 0x64, 0x72, 0x65, 0x6e, 0x3a, 0x0a, 0x20, 0x20, 0x20, 0x20, 0x20
  .byte 0x20, 0x2d, 0x20, 0x73, 0x6c, 0x69, 0x63, 0x65, 0x2d, 0x32, 0x39, 0x0a, 0x20, 0x20, 0x20, 0x20
  .byte 0x20, 0x20, 0x2d, 0x20, 0x73, 0x6c, 0x69, 0x63, 0x65, 0x2d, 0x33, 0x30, 0x0a, 0x20, 0x20, 0x20
  .byte 0x20, 0x20, 0x20, 0x2d, 0x20, 0x73, 0x6c, 0x69, 0x63, 0x65, 0x2d, 0x33, 0x31, 0x0a, 0x20, 0x20
  .byte 0x20, 0x20, 0x20, 0x20, 0x2d, 0x20, 0x73, 0x6c, 0x69, 0x63, 0x65, 0x2d, 0x33, 0x32, 0x0a, 0x20
  .byte 0x20, 0x20, 0x20, 0x20, 0x20, 0x2d, 0x20, 0x73, 0x6c, 0x69, 0x63, 0x65, 0x2d, 0x33, 0x33, 0x0a
  .byte 0x20, 0x20, 0x74, 0x65, 0x78, 0x74, 0x63, 0x6f, 0x6e, 0x74, 0x65, 0x6e, 0x74, 0x2d, 0x33, 0x34
  .byte 0x3a, 0x0a, 0x20, 0x20, 0x20, 0x20, 0x74, 0x79, 0x70, 0x65, 0x3a, 0x20, 0x54, 0x65, 0x78, 0x74
  .byte 0x43, 0x6f, 0x6e, 0x74, 0x65, 0x6e, 0x74, 0x0a, 0x20, 0x20, 0x20, 0x20, 0x70, 0x72, 0x6f, 0x70
  .byte 0x73, 0x3a, 0x0a, 0x20, 0x20, 0x20, 0x20, 0x20, 0x20, 0x74, 0x65, 0x78, 0x74, 0x3a, 0x20, 0x22
  .byte 0x54, 0x69, 0x70, 0x3a, 0x20, 0x54, 0x72, 0x61, 0x63, 0x6b, 0x20, 0x43, 0x41, 0x43, 0x20, 0x61
  .byte 0x6e, 0x64, 0x20, 0x63, 0x6f, 0x6e, 0x76, 0x65, 0x72, 0x73, 0x69, 0x6f, 0x6e, 0x20, 0x72, 0x61
  .byte 0x74, 0x65, 0x20, 0x62, 0x79, 0x20, 0x63, 0x68, 0x61, 0x6e, 0x6e, 0x65, 0x6c, 0x20, 0x74, 0x6f
  .byte 0x20, 0x65, 0x78, 0x70, 0x6c, 0x61, 0x69, 0x6e, 0x20, 0x6d, 0x69, 0x78, 0x20, 0x73, 0x68, 0x69
  .byte 0x66, 0x74, 0x73, 0x2e, 0x22, 0x0a, 0x20, 0x20, 0x20, 0x20, 0x20, 0x20, 0x73, 0x69, 0x7a, 0x65
  .byte 0x3a, 0x20, 0x73, 0x6d, 0x61, 0x6c, 0x6c, 0x0a, 0x20, 0x20, 0x63, 0x61, 0x72, 0x64, 0x2d, 0x32
  .byte 0x36, 0x3a, 0x0a, 0x20, 0x20, 0x20, 0x20, 0x74, 0x79, 0x70, 0x65, 0x3a, 0x20, 0x43, 0x61, 0x72
  .byte 0x64, 0x0a, 0x20, 0x20, 0x20, 0x20, 0x70, 0x72, 0x6f, 0x70, 0x73, 0x3a, 0x0a, 0x20, 0x20, 0x20
  .byte 0x20, 0x20, 0x20, 0x76, 0x61, 0x72, 0x69, 0x61, 0x6e, 0x74, 0x3a, 0x20, 0x63, 0x61, 0x72, 0x64
  .byte 0x0a, 0x20, 0x20, 0x20, 0x20, 0x63, 0x68, 0x69, 0x6c, 0x64, 0x72, 0x65, 0x6e, 0x3a, 0x0a, 0x20
  .byte 0x20, 0x20, 0x20, 0x20, 0x20, 0x2d, 0x20, 0x63, 0x61, 0x72, 0x64, 0x68, 0x65, 0x61, 0x64, 0x65
  .byte 0x72, 0x2d, 0x32, 0x37, 0x0a, 0x20, 0x20, 0x20, 0x20, 0x20, 0x20, 0x2d, 0x20, 0x70, 0x69, 0x65
  .byte 0x63, 0x68, 0x61, 0x72, 0x74, 0x2d, 0x32, 0x38, 0x0a, 0x20, 0x20, 0x20, 0x20, 0x20, 0x20, 0x2d
  .byte 0x20, 0x74, 0x65, 0x78, 0x74, 0x63, 0x6f, 0x6e, 0x74, 0x65, 0x6e, 0x74, 0x2d, 0x33, 0x34, 0x0a
  .byte 0x20, 0x20, 0x73, 0x74, 0x61, 0x63, 0x6b, 0x2d, 0x32, 0x31, 0x3a, 0x0a, 0x20, 0x20, 0x20, 0x20
  .byte 0x74, 0x79, 0x70, 0x65, 0x3a, 0x20, 0x53, 0x74, 0x61, 0x63, 0x6b, 0x0a, 0x20, 0x20, 0x20, 0x20
  .byte 0x70, 0x72, 0x6f, 0x70, 0x73, 0x3a, 0x0a, 0x20, 0x20, 0x20, 0x20, 0x20, 0x20, 0x64, 0x69, 0x72
  .byte 0x65, 0x63, 0x74, 0x69, 0x6f, 0x6e, 0x3a, 0x20, 0x72, 0x6f, 0x77, 0x0a, 0x20, 0x20, 0x20, 0x20
  .byte 0x20, 0x20, 0x67, 0x61, 0x70, 0x3a, 0x20, 0x6c, 0x0a, 0x20, 0x20, 0x20, 0x20, 0x20, 0x20, 0x61
  .byte 0x6c, 0x69, 0x67, 0x6e, 0x3a, 0x20, 0x73, 0x74, 0x72, 0x65, 0x74, 0x63, 0x68, 0x0a, 0x20, 0x20
  .byte 0x20, 0x20, 0x20, 0x20, 0x6a, 0x75, 0x73, 0x74, 0x69, 0x66, 0x79, 0x3a, 0x20, 0x73, 0x74, 0x61
  .byte 0x72, 0x74, 0x0a, 0x20, 0x20, 0x20, 0x20, 0x20, 0x20, 0x77, 0x72, 0x61, 0x70, 0x3a, 0x20, 0x74
  .byte 0x72, 0x75, 0x65, 0x0a, 0x20, 0x20, 0x20, 0x20, 0x63, 0x68, 0x69, 0x6c, 0x64, 0x72, 0x65, 0x6e
  .byte 0x3a, 0x0a, 0x20, 0x20, 0x20, 0x20, 0x20, 0x20, 0x2d, 0x20, 0x63, 0x61, 0x72, 0x64, 0x2d, 0x32
  .byte 0x32, 0x0a, 0x20, 0x20, 0x20, 0x20, 0x20, 0x20, 0x2d, 0x20, 0x63, 0x61, 0x72, 0x64, 0x2d, 0x32
  .byte 0x36, 0x0a, 0x20, 0x20, 0x63, 0x61, 0x72, 0x64, 0x68, 0x65, 0x61, 0x64, 0x65, 0x72, 0x2d, 0x33
  .byte 0x36, 0x3a, 0x0a, 0x20, 0x20, 0x20, 0x20, 0x74, 0x79, 0x70, 0x65, 0x3a, 0x20, 0x43, 0x61, 0x72
  .byte 0x64, 0x48, 0x65, 0x61, 0x64, 0x65, 0x72, 0x0a, 0x20, 0x20, 0x20, 0x20, 0x70, 0x72, 0x6f, 0x70
  .byte 0x73, 0x3a, 0x0a, 0x20, 0x20, 0x20, 0x20, 0x20, 0x20, 0x74, 0x69, 0x74, 0x6c, 0x65, 0x3a, 0x20
  .byte 0x54, 0x6f, 0x70, 0x20, 0x46, 0x65, 0x61, 0x74, 0x75, 0x72, 0x65, 0x73, 0x0a, 0x20, 0x20, 0x20
  .byte 0x20, 0x20, 0x20, 0x73, 0x75, 0x62, 0x74, 0x69, 0x74, 0x6c, 0x65, 0x3a, 0x20, 0x41, 0x64, 0x6f
  .byte 0x70, 0x74, 0x69, 0x6f, 0x6e, 0x20, 0x61, 0x6e, 0x64, 0x20, 0x65, 0x6e, 0x67, 0x61, 0x67, 0x65
  .byte 0x6d, 0x65, 0x6e, 0x74, 0x20, 0x28, 0x6c, 0x61, 0x73, 0x74, 0x20, 0x33, 0x30, 0x20, 0x64, 0x61
  .byte 0x79, 0x73, 0x29, 0x0a, 0x20, 0x20, 0x63, 0x6f, 0x6c, 0x2d, 0x33, 0x38, 0x3a, 0x0a, 0x20, 0x20
  .byte 0x20, 0x20, 0x74, 0x79, 0x70, 0x65, 0x3a, 0x20, 0x43, 0x6f, 0x6c, 0x0a, 0x20, 0x20, 0x20, 0x20
  .byte 0x70, 0x72, 0x6f, 0x70, 0x73, 0x3a, 0x0a, 0x20, 0x20, 0x20, 0x20, 0x20, 0x20, 0x6c, 0x61, 0x62
  .byte 0x65, 0x6c, 0x3a, 0x20, 0x46, 0x65, 0x61, 0x74, 0x75, 0x72, 0x65, 0x0a, 0x20, 0x20, 0x20, 0x20
  .byte 0x20, 0x20, 0x74, 0x79, 0x70, 0x65, 0x3a, 0x20, 0x73, 0x74, 0x72, 0x69, 0x6e, 0x67, 0x0a, 0x20
  .byte 0x20, 0x63, 0x6f, 0x6c, 0x2d, 0x33, 0x39, 0x3a, 0x0a, 0x20, 0x20, 0x20, 0x20, 0x74, 0x79, 0x70
  .byte 0x65, 0x3a, 0x20, 0x43, 0x6f, 0x6c, 0x0a, 0x20, 0x20, 0x20, 0x20, 0x70, 0x72, 0x6f, 0x70, 0x73
  .byte 0x3a, 0x0a, 0x20, 0x20, 0x20, 0x20, 0x20, 0x20, 0x6c, 0x61, 0x62, 0x65, 0x6c, 0x3a, 0x20, 0x57
  .byte 0x65, 0x65, 0x6b, 0x6c, 0x79, 0x20, 0x41, 0x63, 0x74, 0x69, 0x76, 0x65, 0x20, 0x55, 0x73, 0x65
  .byte 0x72, 0x73, 0x0a, 0x20, 0x20, 0x20, 0x20, 0x20, 0x20, 0x74, 0x79, 0x70, 0x65, 0x3a, 0x20, 0x6e
  .byte 0x75, 0x6d, 0x62, 0x65, 0x72, 0x0a, 0x20, 0x20, 0x63, 0x6f, 0x6c, 0x2d, 0x34, 0x30, 0x3a, 0x0a
  .byte 0x20, 0x20, 0x20, 0x20, 0x74, 0x79, 0x70, 0x65, 0x3a, 0x20, 0x43, 0x6f, 0x6c, 0x0a, 0x20, 0x20
  .byte 0x20, 0x20, 0x70, 0x72, 0x6f, 0x70, 0x73, 0x3a, 0x0a, 0x20, 0x20, 0x20, 0x20, 0x20, 0x20, 0x6c
  .byte 0x61, 0x62, 0x65, 0x6c, 0x3a, 0x20, 0x41, 0x64, 0x6f, 0x70, 0x74, 0x69, 0x6f, 0x6e, 0x20, 0x52
  .byte 0x61, 0x74, 0x65, 0x20, 0x28, 0x25, 0x29, 0x0a, 0x20, 0x20, 0x20, 0x20, 0x20, 0x20, 0x74, 0x79
  .byte 0x70, 0x65, 0x3a, 0x20, 0x6e, 0x75, 0x6d, 0x62, 0x65, 0x72, 0x0a, 0x20, 0x20, 0x63, 0x6f, 0x6c
  .byte 0x2d, 0x34, 0x31, 0x3a, 0x0a, 0x20, 0x20, 0x20, 0x20, 0x74, 0x79, 0x70, 0x65, 0x3a, 0x20, 0x43
  .byte 0x6f, 0x6c, 0x0a, 0x20, 0x20, 0x20, 0x20, 0x70, 0x72, 0x6f, 0x70, 0x73, 0x3a, 0x0a, 0x20, 0x20
  .byte 0x20, 0x20, 0x20, 0x20, 0x6c, 0x61, 0x62, 0x65, 0x6c, 0x3a, 0x20, 0x41, 0x76, 0x67, 0x2e, 0x20
  .byte 0x55, 0x73, 0x65, 0x73, 0x20, 0x2f, 0x20, 0x55, 0x73, 0x65, 0x72, 0x0a, 0x20, 0x20, 0x20, 0x20
  .byte 0x20, 0x20, 0x74, 0x79, 0x70, 0x65, 0x3a, 0x20, 0x6e, 0x75, 0x6d, 0x62, 0x65, 0x72, 0x0a, 0x20
  .byte 0x20, 0x74, 0x61, 0x62, 0x6c, 0x65, 0x2d, 0x33, 0x37, 0x3a, 0x0a, 0x20, 0x20, 0x20, 0x20, 0x74
  .byte 0x79, 0x70, 0x65, 0x3a, 0x20, 0x54, 0x61, 0x62, 0x6c, 0x65, 0x0a, 0x20, 0x20, 0x20, 0x20, 0x70
  .byte 0x72, 0x6f, 0x70, 0x73, 0x3a, 0x0a, 0x20, 0x20, 0x20, 0x20, 0x20, 0x20, 0x72, 0x6f, 0x77, 0x73
  .byte 0x3a, 0x0a, 0x20, 0x20, 0x20, 0x20, 0x20, 0x20, 0x20, 0x20, 0x2d, 0x20, 0x2d, 0x20, 0x44, 0x61
  .byte 0x73, 0x68, 0x62, 0x6f, 0x61, 0x72, 0x64, 0x73, 0x0a, 0x20, 0x20, 0x20, 0x20, 0x20, 0x20, 0x20
  .byte 0x20, 0x20, 0x20, 0x2d, 0x20, 0x34, 0x38, 0x32, 0x30, 0x30, 0x0a, 0x20, 0x20, 0x20, 0x20, 0x20
  .byte 0x20, 0x20, 0x20, 0x20, 0x20, 0x2d, 0x20, 0x36, 0x32, 0x2e, 0x35, 0x0a, 0x20, 0x20, 0x20, 0x20
  .byte 0x20, 0x20, 0x20, 0x20, 0x20, 0x20, 0x2d, 0x20, 0x35, 0x2e, 0x38, 0x0a, 0x20, 0x20, 0x20, 0x20
  .byte 0x20, 0x20, 0x20, 0x20, 0x2d, 0x20, 0x2d, 0x20, 0x41, 0x75, 0x74, 0x6f, 0x6d, 0x61, 0x74, 0x69
  .byte 0x6f, 0x6e, 0x73, 0x0a, 0x20, 0x20, 0x20, 0x20, 0x20, 0x20, 0x20, 0x20, 0x20, 0x20, 0x2d, 0x20
  .byte 0x33, 0x31, 0x37, 0x35, 0x30, 0x0a, 0x20, 0x20, 0x20, 0x20, 0x20, 0x20, 0x20, 0x20, 0x20, 0x20
  .byte 0x2d, 0x20, 0x34, 0x31, 0x2e, 0x32, 0x0a, 0x20, 0x20, 0x20, 0x20, 0x20, 0x20, 0x20, 0x20, 0x20
  .byte 0x20, 0x2d, 0x20, 0x33, 0x2e, 0x31, 0x0a, 0x20, 0x20, 0x20, 0x20, 0x20, 0x20, 0x20, 0x20, 0x2d
  .byte 0x20, 0x2d, 0x20, 0x49, 0x6e, 0x74, 0x65, 0x67, 0x72, 0x61, 0x74, 0x69, 0x6f, 0x6e, 0x73, 0x0a
  .byte 0x20, 0x20, 0x20, 0x20, 0x20, 0x20, 0x20, 0x20, 0x20, 0x20, 0x2d, 0x20, 0x32, 0x38, 0x39, 0x30
  .byte 0x30, 0x0a, 0x20, 0x20, 0x20, 0x20, 0x20, 0x20, 0x20, 0x20, 0x20, 0x20, 0x2d, 0x20, 0x33, 0x37
  .byte 0x2e, 0x35, 0x0a, 0x20, 0x20, 0x20, 0x20, 0x20, 0x20, 0x20, 0x20, 0x20, 0x20, 0x2d, 0x20, 0x32
  .byte 0x2e, 0x34, 0x0a, 0x20, 0x20, 0x20, 0x20, 0x20, 0x20, 0x20, 0x20, 0x2d, 0x20, 0x2d, 0x20, 0x54
  .byte 0x65, 0x61, 0x6d, 0x20, 0x43, 0x6f, 0x6c, 0x6c, 0x61, 0x62, 0x6f, 0x72, 0x61, 0x74, 0x69, 0x6f
  .byte 0x6e, 0x0a, 0x20, 0x20, 0x20, 0x20, 0x20, 0x20, 0x20, 0x20, 0x20, 0x20, 0x2d, 0x20, 0x32, 0x37
  .byte 0x31, 0x30, 0x30, 0x0a, 0x20, 0x20, 0x20, 0x20, 0x20, 0x20, 0x20, 0x20, 0x20, 0x20, 0x2d, 0x20
  .byte 0x33, 0x35, 0x2e, 0x32, 0x0a, 0x20, 0x20, 0x20, 0x20, 0x20, 0x20, 0x20, 0x20, 0x20, 0x20, 0x2d
  .byte 0x20, 0x34, 0x2e, 0x36, 0x0a, 0x20, 0x20, 0x20, 0x20, 0x20, 0x20, 0x20, 0x20, 0x2d, 0x20, 0x2d
  .byte 0x20, 0x45, 0x78, 0x70, 0x6f, 0x72, 0x74, 0x73, 0x0a, 0x20, 0x20, 0x20, 0x20, 0x20, 0x20, 0x20
  .byte 0x20, 0x20, 0x20, 0x2d, 0x20, 0x31, 0x39, 0x38, 0x35, 0x30, 0x0a, 0x20, 0x20, 0x20, 0x20, 0x20
  .byte 0x20, 0x20, 0x20, 0x20, 0x20, 0x2d, 0x20, 0x32, 0x35, 0x2e, 0x38, 0x0a, 0x20, 0x20, 0x20, 0x20
  .byte 0x20, 0x20, 0x20, 0x20, 0x20, 0x20, 0x2d, 0x20, 0x31, 0x2e, 0x37, 0x0a, 0x20, 0x20, 0x20, 0x20
  .byte 0x20, 0x20, 0x20, 0x20, 0x2d, 0x20, 0x2d, 0x20, 0x41, 0x6c, 0x65, 0x72, 0x74, 0x73, 0x0a, 0x20
  .byte 0x20, 0x20, 0x20, 0x20, 0x20, 0x20, 0x20, 0x20, 0x20, 0x2d, 0x20, 0x31, 0x37, 0x36, 0x30, 0x30
  .byte 0x0a, 0x20, 0x20, 0x20, 0x20, 0x20, 0x20, 0x20, 0x20, 0x20, 0x20, 0x2d, 0x20, 0x32, 0x32, 0x2e
  .byte 0x39, 0x0a, 0x20, 0x20, 0x20, 0x20, 0x20, 0x20, 0x20, 0x20, 0x20, 0x20, 0x2d, 0x20, 0x32, 0x0a
  .byte 0x20, 0x20, 0x20, 0x20, 0x20, 0x20, 0x20, 0x20, 0x2d, 0x20, 0x2d, 0x20, 0x41, 0x50, 0x49, 0x20
  .byte 0x41, 0x63, 0x63, 0x65, 0x73, 0x73, 0x0a, 0x20, 0x20, 0x20, 0x20, 0x20, 0x20, 0x20, 0x20, 0x20
  .byte 0x20, 0x2d, 0x20, 0x31, 0x32, 0x31, 0x35, 0x30, 0x0a, 0x20, 0x20, 0x20, 0x20, 0x20, 0x20, 0x20
  .byte 0x20, 0x20, 0x20, 0x2d, 0x20, 0x31, 0x35, 0x2e, 0x38, 0x0a, 0x20, 0x20, 0x20, 0x20, 0x20, 0x20
  .byte 0x20, 0x20, 0x20, 0x20, 0x2d, 0x20, 0x36, 0x2e, 0x33, 0x0a, 0x20, 0x20, 0x20, 0x20, 0x63, 0x68
  .byte 0x69, 0x6c, 0x64, 0x72, 0x65, 0x6e, 0x3a, 0x0a, 0x20, 0x20, 0x20, 0x20, 0x20, 0x20, 0x2d, 0x20
  .byte 0x63, 0x6f, 0x6c, 0x2d, 0x33, 0x38, 0x0a, 0x20, 0x20, 0x20, 0x20, 0x20, 0x20, 0x2d, 0x20, 0x63
  .byte 0x6f, 0x6c, 0x2d, 0x33, 0x39, 0x0a, 0x20, 0x20, 0x20, 0x20, 0x20, 0x20, 0x2d, 0x20, 0x63, 0x6f
  .byte 0x6c, 0x2d, 0x34, 0x30, 0x0a, 0x20, 0x20, 0x20, 0x20, 0x20, 0x20, 0x2d, 0x20, 0x63, 0x6f, 0x6c
  .byte 0x2d, 0x34, 0x31, 0x0a, 0x20, 0x20, 0x63, 0x61, 0x72, 0x64, 0x2d, 0x33, 0x35, 0x3a, 0x0a, 0x20
  .byte 0x20, 0x20, 0x20, 0x74, 0x79, 0x70, 0x65, 0x3a, 0x20, 0x43, 0x61, 0x72, 0x64, 0x0a, 0x20, 0x20
  .byte 0x20, 0x20, 0x70, 0x72, 0x6f, 0x70, 0x73, 0x3a, 0x0a, 0x20, 0x20, 0x20, 0x20, 0x20, 0x20, 0x76
  .byte 0x61, 0x72, 0x69, 0x61, 0x6e, 0x74, 0x3a, 0x20, 0x63, 0x61, 0x72, 0x64, 0x0a, 0x20, 0x20, 0x20
  .byte 0x20, 0x63, 0x68, 0x69, 0x6c, 0x64, 0x72, 0x65, 0x6e, 0x3a, 0x0a, 0x20, 0x20, 0x20, 0x20, 0x20
  .byte 0x20, 0x2d, 0x20, 0x63, 0x61, 0x72, 0x64, 0x68, 0x65, 0x61, 0x64, 0x65, 0x72, 0x2d, 0x33, 0x36
  .byte 0x0a, 0x20, 0x20, 0x20, 0x20, 0x20, 0x20, 0x2d, 0x20, 0x74, 0x61, 0x62, 0x6c, 0x65, 0x2d, 0x33
  .byte 0x37, 0x0a, 0x20, 0x20, 0x63, 0x61, 0x72, 0x64, 0x68, 0x65, 0x61, 0x64, 0x65, 0x72, 0x2d, 0x34
  .byte 0x33, 0x3a, 0x0a, 0x20, 0x20, 0x20, 0x20, 0x74, 0x79, 0x70, 0x65, 0x3a, 0x20, 0x43, 0x61, 0x72
  .byte 0x64, 0x48, 0x65, 0x61, 0x64, 0x65, 0x72, 0x0a, 0x20, 0x20, 0x20, 0x20, 0x70, 0x72, 0x6f, 0x70
  .byte 0x73, 0x3a, 0x0a, 0x20, 0x20, 0x20, 0x20, 0x20, 0x20, 0x74, 0x69, 0x74, 0x6c, 0x65, 0x3a, 0x20
  .byte 0x52, 0x65, 0x76, 0x65, 0x6e, 0x75, 0x65, 0x20, 0x54, 0x72, 0x65, 0x6e, 0x64, 0x0a, 0x20, 0x20
  .byte 0x20, 0x20, 0x20, 0x20, 0x73, 0x75, 0x62, 0x74, 0x69, 0x74, 0x6c, 0x65, 0x3a, 0x20, 0x4d, 0x52
  .byte 0x52, 0x20, 0x61, 0x6e, 0x64, 0x20, 0x41, 0x52, 0x52, 0x20, 0x28, 0x6c, 0x61, 0x73, 0x74, 0x20
  .byte 0x31, 0x32, 0x20, 0x6d, 0x6f, 0x6e, 0x74, 0x68, 0x73, 0x29, 0x0a, 0x20, 0x20, 0x73, 0x65, 0x72
  .byte 0x69, 0x65, 0x73, 0x2d, 0x34, 0x35, 0x3a, 0x0a, 0x20, 0x20, 0x20, 0x20, 0x74, 0x79, 0x70, 0x65
  .byte 0x3a, 0x20, 0x53, 0x65, 0x72, 0x69, 0x65, 0x73, 0x0a, 0x20, 0x20, 0x20, 0x20, 0x70, 0x72, 0x6f
  .byte 0x70, 0x73, 0x3a, 0x0a, 0x20, 0x20, 0x20, 0x20, 0x20, 0x20, 0x63, 0x61, 0x74, 0x65, 0x67, 0x6f
  .byte 0x72, 0x79, 0x3a, 0x20, 0x4d, 0x52, 0x52, 0x20, 0x28, 0x24, 0x29, 0x0a, 0x20, 0x20, 0x20, 0x20
  .byte 0x20, 0x20, 0x76, 0x61, 0x6c, 0x75, 0x65, 0x73, 0x3a, 0x0a, 0x20, 0x20, 0x20, 0x20, 0x20, 0x20
  .byte 0x20, 0x20, 0x2d, 0x20, 0x33, 0x33, 0x32, 0x30, 0x30, 0x30, 0x0a, 0x20, 0x20, 0x20, 0x20, 0x20
  .byte 0x20, 0x20, 0x20, 0x2d, 0x20, 0x33, 0x34, 0x31, 0x30, 0x30, 0x30, 0x0a, 0x20, 0x20, 0x20, 0x20
  .byte 0x20, 0x20, 0x20, 0x20, 0x2d, 0x20, 0x33, 0x34, 0x39, 0x30, 0x30, 0x30, 0x0a, 0x20, 0x20, 0x20
  .byte 0x20, 0x20, 0x20, 0x20, 0x20, 0x2d, 0x20, 0x33, 0x35, 0x36, 0x30, 0x30, 0x30, 0x0a, 0x20, 0x20
  .byte 0x20, 0x20, 0x20, 0x20, 0x20, 0x20, 0x2d, 0x20, 0x33, 0x36, 0x34, 0x30, 0x30, 0x30, 0x0a, 0x20
  .byte 0x20, 0x20, 0x20, 0x20, 0x20, 0x20, 0x20, 0x2d, 0x20, 0x33, 0x37, 0x32, 0x30, 0x30, 0x30, 0x0a
  .byte 0x20, 0x20, 0x20, 0x20, 0x20, 0x20, 0x20, 0x20, 0x2d, 0x20, 0x33, 0x38, 0x31, 0x30, 0x30, 0x30
  .byte 0x0a, 0x20, 0x20, 0x20, 0x20, 0x20, 0x20, 0x20, 0x20, 0x2d, 0x20, 0x33, 0x38, 0x39, 0x30, 0x30
  .byte 0x30, 0x0a, 0x20, 0x20, 0x20, 0x20, 0x20, 0x20, 0x20, 0x20, 0x2d, 0x20, 0x33, 0x39, 0x37, 0x30
  .byte 0x30, 0x30, 0x0a, 0x20, 0x20, 0x20, 0x20, 0x20, 0x20, 0x20, 0x20, 0x2d, 0x20, 0x34, 0x30, 0x34
  .byte 0x30, 0x30, 0x30, 0x0a, 0x20, 0x20, 0x20, 0x20, 0x20, 0x20, 0x20, 0x20, 0x2d, 0x20, 0x34, 0x30
  .byte 0x38, 0x30, 0x30, 0x30, 0x0a, 0x20, 0x20, 0x20, 0x20, 0x20, 0x20, 0x20, 0x20, 0x2d, 0x20, 0x34
  .byte 0x31, 0x32, 0x30, 0x30, 0x30, 0x0a, 0x20, 0x20, 0x73, 0x65, 0x72, 0x69, 0x65, 0x73, 0x2d, 0x34
  .byte 0x36, 0x3a, 0x0a, 0x20, 0x20, 0x20, 0x20, 0x74, 0x79, 0x70, 0x65, 0x3a, 0x20, 0x53, 0x65, 0x72
  .byte 0x69, 0x65, 0x73, 0x0a, 0x20, 0x20, 0x20, 0x20, 0x70, 0x72, 0x6f, 0x70, 0x73, 0x3a, 0x0a, 0x20
  .byte 0x20, 0x20, 0x20, 0x20, 0x20, 0x63, 0x61, 0x74, 0x65, 0x67, 0x6f, 0x72, 0x79, 0x3a, 0x20, 0x41
  .byte 0x52, 0x52, 0x20, 0x28, 0x24, 0x29, 0x0a, 0x20, 0x20, 0x20, 0x20, 0x20, 0x20, 0x76, 0x61, 0x6c
  .byte 0x75, 0x65, 0x73, 0x3a, 0x0a, 0x20, 0x20, 0x20, 0x20, 0x20, 0x20, 0x20, 0x20, 0x2d, 0x20, 0x33
  .byte 0x39, 0x38, 0x34, 0x30, 0x30, 0x30, 0x0a, 0x20, 0x20, 0x20, 0x20, 0x20, 0x20, 0x20, 0x20, 0x2d
  .byte 0x20, 0x34, 0x30, 0x39, 0x32, 0x30, 0x30, 0x30, 0x0a, 0x20, 0x20, 0x20, 0x20, 0x20, 0x20, 0x20
  .byte 0x20, 0x2d, 0x20, 0x34, 0x31, 0x38, 0x38, 0x30, 0x30, 0x30, 0x0a, 0x20, 0x20, 0x20, 0x20, 0x20
  .byte 0x20, 0x20, 0x20, 0x2d, 0x20, 0x34, 0x32, 0x37, 0x32, 0x30, 0x30, 0x30, 0x0a, 0x20, 0x20, 0x20
  .byte 0x20, 0x20, 0x20, 0x20, 0x20, 0x2d, 0x20, 0x34, 0x33, 0x36, 0x38, 0x30, 0x30, 0x30, 0x0a, 0x20
  .byte 0x20, 0x20, 0x20, 0x20, 0x20, 0x20, 0x20, 0x2d, 0x20, 0x34, 0x34, 0x36, 0x34, 0x30, 0x30, 0x30
  .byte 0x0a, 0x20, 0x20, 0x20, 0x20, 0x20, 0x20, 0x20, 0x20, 0x2d, 0x20, 0x34, 0x35, 0x37, 0x32, 0x30
  .byte 0x30, 0x30, 0x0a, 0x20, 0x20, 0x20, 0x20, 0x20, 0x20, 0x20, 0x20, 0x2d, 0x20, 0x34, 0x36, 0x36
  .byte 0x38, 0x30, 0x30, 0x30, 0x0a, 0x20, 0x20, 0x20, 0x20, 0x20, 0x20, 0x20, 0x20, 0x2d, 0x20, 0x34
  .byte 0x37, 0x36, 0x34, 0x30, 0x30, 0x30, 0x0a, 0x20, 0x20, 0x20, 0x20, 0x20, 0x20, 0x20, 0x20, 0x2d
  .byte 0x20, 0x34, 0x38, 0x34, 0x38, 0x30, 0x30, 0x30, 0x0a, 0x20, 0x20, 0x20, 0x20, 0x20, 0x20, 0x20
  .byte 0x20, 0x2d, 0x20, 0x34, 0x38, 0x39, 0x36, 0x30, 0x30, 0x30, 0x0a, 0x20, 0x20, 0x20, 0x20, 0x20
  .byte 0x20, 0x20, 0x20, 0x2d, 0x20, 0x34, 0x39, 0x34, 0x34, 0x30, 0x30, 0x30, 0x0a, 0x20, 0x20, 0x6c
  .byte 0x69, 0x6e, 0x65, 0x63, 0x68, 0x61, 0x72, 0x74, 0x2d, 0x34, 0x34, 0x3a, 0x0a, 0x20, 0x20, 0x20
  .byte 0x20, 0x74, 0x79, 0x70, 0x65, 0x3a, 0x20, 0x4c, 0x69, 0x6e, 0x65, 0x43, 0x68, 0x61, 0x72, 0x74
  .byte 0x0a, 0x20, 0x20, 0x20, 0x20, 0x70, 0x72, 0x6f, 0x70, 0x73, 0x3a, 0x0a, 0x20, 0x20, 0x20, 0x20
  .byte 0x20, 0x20, 0x6c, 0x61, 0x62, 0x65, 0x6c, 0x73, 0x3a, 0x0a, 0x20, 0x20, 0x20, 0x20, 0x20, 0x20
  .byte 0x20, 0x20, 0x2d, 0x20, 0x41, 0x70, 0x72, 0x0a, 0x20, 0x20, 0x20, 0x20, 0x20, 0x20, 0x20, 0x20
  .byte 0x2d, 0x20, 0x4d, 0x61, 0x79, 0x0a, 0x20, 0x20, 0x20, 0x20, 0x20, 0x20, 0x20, 0x20, 0x2d, 0x20
  .byte 0x4a, 0x75, 0x6e, 0x0a, 0x20, 0x20, 0x20, 0x20, 0x20, 0x20, 0x20, 0x20, 0x2d, 0x20, 0x4a, 0x75
  .byte 0x6c, 0x0a, 0x20, 0x20, 0x20, 0x20, 0x20, 0x20, 0x20, 0x20, 0x2d, 0x20, 0x41, 0x75, 0x67, 0x0a
  .byte 0x20, 0x20, 0x20, 0x20, 0x20, 0x20, 0x20, 0x20, 0x2d, 0x20, 0x53, 0x65, 0x70, 0x0a, 0x20, 0x20
  .byte 0x20, 0x20, 0x20, 0x20, 0x20, 0x20, 0x2d, 0x20, 0x4f, 0x63, 0x74, 0x0a, 0x20, 0x20, 0x20, 0x20
  .byte 0x20, 0x20, 0x20, 0x20, 0x2d, 0x20, 0x4e, 0x6f, 0x76, 0x0a, 0x20, 0x20, 0x20, 0x20, 0x20, 0x20
  .byte 0x20, 0x20, 0x2d, 0x20, 0x44, 0x65, 0x63, 0x0a, 0x20, 0x20, 0x20, 0x20, 0x20, 0x20, 0x20, 0x20
  .byte 0x2d, 0x20, 0x4a, 0x61, 0x6e, 0x0a, 0x20, 0x20, 0x20, 0x20, 0x20, 0x20, 0x20, 0x20, 0x2d, 0x20
  .byte 0x46, 0x65, 0x62, 0x0a, 0x20, 0x20, 0x20, 0x20, 0x20, 0x20, 0x20, 0x20, 0x2d, 0x20, 0x4d, 0x61
  .byte 0x72, 0x0a, 0x20, 0x20, 0x20, 0x20, 0x20, 0x20, 0x76, 0x61, 0x72, 0x69, 0x61, 0x6e, 0x74, 0x3a
  .byte 0x20, 0x6e, 0x61, 0x74, 0x75, 0x72, 0x61, 0x6c, 0x0a, 0x20, 0x20, 0x20, 0x20, 0x20, 0x20, 0x78
  .byte 0x4c, 0x61, 0x62, 0x65, 0x6c, 0x3a, 0x20, 0x4d, 0x6f, 0x6e, 0x74, 0x68, 0x0a, 0x20, 0x20, 0x20
  .byte 0x20, 0x20, 0x20, 0x79, 0x4c, 0x61, 0x62, 0x65, 0x6c, 0x3a, 0x20, 0x55, 0x53, 0x44, 0x0a, 0x20
  .byte 0x20, 0x20, 0x20, 0x63, 0x68, 0x69, 0x6c, 0x64, 0x72, 0x65, 0x6e, 0x3a, 0x0a, 0x20, 0x20, 0x20
  .byte 0x20, 0x20, 0x20, 0x2d, 0x20, 0x73, 0x65, 0x72, 0x69, 0x65, 0x73, 0x2d, 0x34, 0x35, 0x0a, 0x20
  .byte 0x20, 0x20, 0x20, 0x20, 0x20, 0x2d, 0x20, 0x73, 0x65, 0x72, 0x69, 0x65, 0x73, 0x2d, 0x34, 0x36
  .byte 0x0a, 0x20, 0x20, 0x74, 0x65, 0x78, 0x74, 0x63, 0x6f, 0x6e, 0x74, 0x65, 0x6e, 0x74, 0x2d, 0x34
  .byte 0x37, 0x3a, 0x0a, 0x20, 0x20, 0x20, 0x20, 0x74, 0x79, 0x70, 0x65, 0x3a, 0x20, 0x54, 0x65, 0x78
  .byte 0x74, 0x43, 0x6f, 0x6e, 0x74, 0x65, 0x6e, 0x74, 0x0a, 0x20, 0x20, 0x20, 0x20, 0x70, 0x72, 0x6f
  .byte 0x70, 0x73, 0x3a, 0x0a, 0x20, 0x20, 0x20, 0x20, 0x20, 0x20, 0x74, 0x65, 0x78, 0x74, 0x3a, 0x20
  .byte 0x41, 0x52, 0x52, 0x20, 0x73, 0x68, 0x6f, 0x77, 0x6e, 0x20, 0x61, 0x73, 0x20, 0x31, 0x32, 0xc3
  .byte 0x97, 0x4d, 0x52, 0x52, 0x20, 0x66, 0x6f, 0x72, 0x20, 0x64, 0x69, 0x72, 0x65, 0x63, 0x74, 0x69
  .byte 0x6f, 0x6e, 0x61, 0x6c, 0x20, 0x74, 0x72, 0x61, 0x63, 0x6b, 0x69, 0x6e, 0x67, 0x3b, 0x20, 0x72
  .byte 0x65, 0x70, 0x6c, 0x61, 0x63, 0x65, 0x20, 0x77, 0x69, 0x74, 0x68, 0x20, 0x63, 0x6f, 0x6e, 0x74
  .byte 0x72, 0x61, 0x63, 0x74, 0x65, 0x64, 0x20, 0x41, 0x52, 0x52, 0x0a, 0x20, 0x20, 0x20, 0x20, 0x20
  .byte 0x20, 0x20, 0x20, 0x69, 0x66, 0x20, 0x79, 0x6f, 0x75, 0x20, 0x74, 0x72, 0x61, 0x63, 0x6b, 0x20
  .byte 0x61, 0x6e, 0x6e, 0x75, 0x61, 0x6c, 0x20, 0x63, 0x6f, 0x6d, 0x6d, 0x69, 0x74, 0x6d, 0x65, 0x6e
  .byte 0x74, 0x73, 0x2e, 0x0a, 0x20, 0x20, 0x20, 0x20, 0x20, 0x20, 0x73, 0x69, 0x7a, 0x65, 0x3a, 0x20
  .byte 0x73, 0x6d, 0x61, 0x6c, 0x6c, 0x0a, 0x20, 0x20, 0x63, 0x61, 0x72, 0x64, 0x2d, 0x34, 0x32, 0x3a
  .byte 0x0a, 0x20, 0x20, 0x20, 0x20, 0x74, 0x79, 0x70, 0x65, 0x3a, 0x20, 0x43, 0x61, 0x72, 0x64, 0x0a
  .byte 0x20, 0x20, 0x20, 0x20, 0x70, 0x72, 0x6f, 0x70, 0x73, 0x3a, 0x0a, 0x20, 0x20, 0x20, 0x20, 0x20
  .byte 0x20, 0x76, 0x61, 0x72, 0x69, 0x61, 0x6e, 0x74, 0x3a, 0x20, 0x63, 0x61, 0x72, 0x64, 0x0a, 0x20
  .byte 0x20, 0x20, 0x20, 0x63, 0x68, 0x69, 0x6c, 0x64, 0x72, 0x65, 0x6e, 0x3a, 0x0a, 0x20, 0x20, 0x20
  .byte 0x20, 0x20, 0x20, 0x2d, 0x20, 0x63, 0x61, 0x72, 0x64, 0x68, 0x65, 0x61, 0x64, 0x65, 0x72, 0x2d
  .byte 0x34, 0x33, 0x0a, 0x20, 0x20, 0x20, 0x20, 0x20, 0x20, 0x2d, 0x20, 0x6c, 0x69, 0x6e, 0x65, 0x63
  .byte 0x68, 0x61, 0x72, 0x74, 0x2d, 0x34, 0x34, 0x0a, 0x20, 0x20, 0x20, 0x20, 0x20, 0x20, 0x2d, 0x20
  .byte 0x74, 0x65, 0x78, 0x74, 0x63, 0x6f, 0x6e, 0x74, 0x65, 0x6e, 0x74, 0x2d, 0x34, 0x37, 0x0a, 0x20
  .byte 0x20, 0x73, 0x74, 0x61, 0x63, 0x6b, 0x2d, 0x31, 0x3a, 0x0a, 0x20, 0x20, 0x20, 0x20, 0x74, 0x79
  .byte 0x70, 0x65, 0x3a, 0x20, 0x53, 0x74, 0x61, 0x63, 0x6b, 0x0a, 0x20, 0x20, 0x20, 0x20, 0x70, 0x72
  .byte 0x6f, 0x70, 0x73, 0x3a, 0x0a, 0x20, 0x20, 0x20, 0x20, 0x20, 0x20, 0x64, 0x69, 0x72, 0x65, 0x63
  .byte 0x74, 0x69, 0x6f, 0x6e, 0x3a, 0x20, 0x63, 0x6f, 0x6c, 0x75, 0x6d, 0x6e, 0x0a, 0x20, 0x20, 0x20
  .byte 0x20, 0x20, 0x20, 0x67, 0x61, 0x70, 0x3a, 0x20, 0x6c, 0x0a, 0x20, 0x20, 0x20, 0x20, 0x63, 0x68
  .byte 0x69, 0x6c, 0x64, 0x72, 0x65, 0x6e, 0x3a, 0x0a, 0x20, 0x20, 0x20, 0x20, 0x20, 0x20, 0x2d, 0x20
  .byte 0x63, 0x61, 0x72, 0x64, 0x2d, 0x32, 0x0a, 0x20, 0x20, 0x20, 0x20, 0x20, 0x20, 0x2d, 0x20, 0x73
  .byte 0x74, 0x61, 0x63, 0x6b, 0x2d, 0x34, 0x0a, 0x20, 0x20, 0x20, 0x20, 0x20, 0x20, 0x2d, 0x20, 0x73
  .byte 0x74, 0x61, 0x63, 0x6b, 0x2d, 0x32, 0x31, 0x0a, 0x20, 0x20, 0x20, 0x20, 0x20, 0x20, 0x2d, 0x20
  .byte 0x63, 0x61, 0x72, 0x64, 0x2d, 0x33, 0x35, 0x0a, 0x20, 0x20, 0x20, 0x20, 0x20, 0x20, 0x2d, 0x20
  .byte 0x63, 0x61, 0x72, 0x64, 0x2d, 0x34, 0x32, 0x0a

  .globl openui_full_port_benchmarks_samples_dashboard_yaml_950813979516_pass_3_len
openui_full_port_benchmarks_samples_dashboard_yaml_950813979516_pass_3_len:
  .quad 6952

# assembly pass: 4/4
  .globl openui_full_port_benchmarks_samples_dashboard_yaml_950813979516_pass_4
openui_full_port_benchmarks_samples_dashboard_yaml_950813979516_pass_4:
  .byte 0x72, 0x6f, 0x6f, 0x74, 0x3a, 0x20, 0x73, 0x74, 0x61, 0x63, 0x6b, 0x2d, 0x31, 0x0a, 0x65, 0x6c
  .byte 0x65, 0x6d, 0x65, 0x6e, 0x74, 0x73, 0x3a, 0x0a, 0x20, 0x20, 0x63, 0x61, 0x72, 0x64, 0x68, 0x65
  .byte 0x61, 0x64, 0x65, 0x72, 0x2d, 0x33, 0x3a, 0x0a, 0x20, 0x20, 0x20, 0x20, 0x74, 0x79, 0x70, 0x65
  .byte 0x3a, 0x20, 0x43, 0x61, 0x72, 0x64, 0x48, 0x65, 0x61, 0x64, 0x65, 0x72, 0x0a, 0x20, 0x20, 0x20
  .byte 0x20, 0x70, 0x72, 0x6f, 0x70, 0x73, 0x3a, 0x0a, 0x20, 0x20, 0x20, 0x20, 0x20, 0x20, 0x74, 0x69
  .byte 0x74, 0x6c, 0x65, 0x3a, 0x20, 0x50, 0x72, 0x6f, 0x64, 0x75, 0x63, 0x74, 0x20, 0x41, 0x6e, 0x61
  .byte 0x6c, 0x79, 0x74, 0x69, 0x63, 0x73, 0x20, 0x44, 0x61, 0x73, 0x68, 0x62, 0x6f, 0x61, 0x72, 0x64
  .byte 0x0a, 0x20, 0x20, 0x20, 0x20, 0x20, 0x20, 0x73, 0x75, 0x62, 0x74, 0x69, 0x74, 0x6c, 0x65, 0x3a
  .byte 0x20, 0x55, 0x73, 0x61, 0x67, 0x65, 0x2c, 0x20, 0x61, 0x63, 0x71, 0x75, 0x69, 0x73, 0x69, 0x74
  .byte 0x69, 0x6f, 0x6e, 0x2c, 0x20, 0x66, 0x65, 0x61, 0x74, 0x75, 0x72, 0x65, 0x20, 0x61, 0x64, 0x6f
  .byte 0x70, 0x74, 0x69, 0x6f, 0x6e, 0x2c, 0x20, 0x61, 0x6e, 0x64, 0x20, 0x72, 0x65, 0x76, 0x65, 0x6e
  .byte 0x75, 0x65, 0x20, 0x74, 0x72, 0x65, 0x6e, 0x64, 0x73, 0x0a, 0x20, 0x20, 0x63, 0x61, 0x72, 0x64
  .byte 0x2d, 0x32, 0x3a, 0x0a, 0x20, 0x20, 0x20, 0x20, 0x74, 0x79, 0x70, 0x65, 0x3a, 0x20, 0x43, 0x61
  .byte 0x72, 0x64, 0x0a, 0x20, 0x20, 0x20, 0x20, 0x70, 0x72, 0x6f, 0x70, 0x73, 0x3a, 0x0a, 0x20, 0x20
  .byte 0x20, 0x20, 0x20, 0x20, 0x76, 0x61, 0x72, 0x69, 0x61, 0x6e, 0x74, 0x3a, 0x20, 0x63, 0x61, 0x72
  .byte 0x64, 0x0a, 0x20, 0x20, 0x20, 0x20, 0x63, 0x68, 0x69, 0x6c, 0x64, 0x72, 0x65, 0x6e, 0x3a, 0x0a
  .byte 0x20, 0x20, 0x20, 0x20, 0x20, 0x20, 0x2d, 0x20, 0x63, 0x61, 0x72, 0x64, 0x68, 0x65, 0x61, 0x64
  .byte 0x65, 0x72, 0x2d, 0x33, 0x0a, 0x20, 0x20, 0x74, 0x65, 0x78, 0x74, 0x63, 0x6f, 0x6e, 0x74, 0x65
  .byte 0x6e, 0x74, 0x2d, 0x36, 0x3a, 0x0a, 0x20, 0x20, 0x20, 0x20, 0x74, 0x79, 0x70, 0x65, 0x3a, 0x20
  .byte 0x54, 0x65, 0x78, 0x74, 0x43, 0x6f, 0x6e, 0x74, 0x65, 0x6e, 0x74, 0x0a, 0x20, 0x20, 0x20, 0x20
  .byte 0x70, 0x72, 0x6f, 0x70, 0x73, 0x3a, 0x0a, 0x20, 0x20, 0x20, 0x20, 0x20, 0x20, 0x74, 0x65, 0x78
  .byte 0x74, 0x3a, 0x20, 0x4d, 0x6f, 0x6e, 0x74, 0x68, 0x6c, 0x79, 0x20, 0x41, 0x63, 0x74, 0x69, 0x76
  .byte 0x65, 0x20, 0x55, 0x73, 0x65, 0x72, 0x73, 0x20, 0x28, 0x4d, 0x41, 0x55, 0x29, 0x0a, 0x20, 0x20
  .byte 0x20, 0x20, 0x20, 0x20, 0x73, 0x69, 0x7a, 0x65, 0x3a, 0x20, 0x73, 0x6d, 0x61, 0x6c, 0x6c, 0x2d
  .byte 0x68, 0x65, 0x61, 0x76, 0x79, 0x0a, 0x20, 0x20, 0x74, 0x65, 0x78, 0x74, 0x63, 0x6f, 0x6e, 0x74
  .byte 0x65, 0x6e, 0x74, 0x2d, 0x37, 0x3a, 0x0a, 0x20, 0x20, 0x20, 0x20, 0x74, 0x79, 0x70, 0x65, 0x3a
  .byte 0x20, 0x54, 0x65, 0x78, 0x74, 0x43, 0x6f, 0x6e, 0x74, 0x65, 0x6e, 0x74, 0x0a, 0x20, 0x20, 0x20
  .byte 0x20, 0x70, 0x72, 0x6f, 0x70, 0x73, 0x3a, 0x0a, 0x20, 0x20, 0x20, 0x20, 0x20, 0x20, 0x74, 0x65
  .byte 0x78, 0x74, 0x3a, 0x20, 0x31, 0x32, 0x38, 0x2c, 0x34, 0x30, 0x30, 0x0a, 0x20, 0x20, 0x20, 0x20
  .byte 0x20, 0x20, 0x73, 0x69, 0x7a, 0x65, 0x3a, 0x20, 0x6c, 0x61, 0x72, 0x67, 0x65, 0x2d, 0x68, 0x65
  .byte 0x61, 0x76, 0x79, 0x0a, 0x20, 0x20, 0x74, 0x65, 0x78, 0x74, 0x63, 0x6f, 0x6e, 0x74, 0x65, 0x6e
  .byte 0x74, 0x2d, 0x38, 0x3a, 0x0a, 0x20, 0x20, 0x20, 0x20, 0x74, 0x79, 0x70, 0x65, 0x3a, 0x20, 0x54
  .byte 0x65, 0x78, 0x74, 0x43, 0x6f, 0x6e, 0x74, 0x65, 0x6e, 0x74, 0x0a, 0x20, 0x20, 0x20, 0x20, 0x70
  .byte 0x72, 0x6f, 0x70, 0x73, 0x3a, 0x0a, 0x20, 0x20, 0x20, 0x20, 0x20, 0x20, 0x74, 0x65, 0x78, 0x74
  .byte 0x3a, 0x20, 0x2b, 0x36, 0x2e, 0x32, 0x25, 0x20, 0x76, 0x73, 0x20, 0x6c, 0x61, 0x73, 0x74, 0x20
  .byte 0x6d, 0x6f, 0x6e, 0x74, 0x68, 0x0a, 0x20, 0x20, 0x20, 0x20, 0x20, 0x20, 0x73, 0x69, 0x7a, 0x65
  .byte 0x3a, 0x20, 0x73, 0x6d, 0x61, 0x6c, 0x6c, 0x0a, 0x20, 0x20, 0x63, 0x61, 0x72, 0x64, 0x2d, 0x35
  .byte 0x3a, 0x0a, 0x20, 0x20, 0x20, 0x20, 0x74, 0x79, 0x70, 0x65, 0x3a, 0x20, 0x43, 0x61, 0x72, 0x64
  .byte 0x0a, 0x20, 0x20, 0x20, 0x20, 0x70, 0x72, 0x6f, 0x70, 0x73, 0x3a, 0x0a, 0x20, 0x20, 0x20, 0x20
  .byte 0x20, 0x20, 0x76, 0x61, 0x72, 0x69, 0x61, 0x6e, 0x74, 0x3a, 0x20, 0x73, 0x75, 0x6e, 0x6b, 0x0a
  .byte 0x20, 0x20, 0x20, 0x20, 0x63, 0x68, 0x69, 0x6c, 0x64, 0x72, 0x65, 0x6e, 0x3a, 0x0a, 0x20, 0x20
  .byte 0x20, 0x20, 0x20, 0x20, 0x2d, 0x20, 0x74, 0x65, 0x78, 0x74, 0x63, 0x6f, 0x6e, 0x74, 0x65, 0x6e
  .byte 0x74, 0x2d, 0x36, 0x0a, 0x20, 0x20, 0x20, 0x20, 0x20, 0x20, 0x2d, 0x20, 0x74, 0x65, 0x78, 0x74
  .byte 0x63, 0x6f, 0x6e, 0x74, 0x65, 0x6e, 0x74, 0x2d, 0x37, 0x0a, 0x20, 0x20, 0x20, 0x20, 0x20, 0x20
  .byte 0x2d, 0x20, 0x74, 0x65, 0x78, 0x74, 0x63, 0x6f, 0x6e, 0x74, 0x65, 0x6e, 0x74, 0x2d, 0x38, 0x0a
  .byte 0x20, 0x20, 0x74, 0x65, 0x78, 0x74, 0x63, 0x6f, 0x6e, 0x74, 0x65, 0x6e, 0x74, 0x2d, 0x31, 0x30
  .byte 0x3a, 0x0a, 0x20, 0x20, 0x20, 0x20, 0x74, 0x79, 0x70, 0x65, 0x3a, 0x20, 0x54, 0x65, 0x78, 0x74
  .byte 0x43, 0x6f, 0x6e, 0x74, 0x65, 0x6e, 0x74, 0x0a, 0x20, 0x20, 0x20, 0x20, 0x70, 0x72, 0x6f, 0x70
  .byte 0x73, 0x3a, 0x0a, 0x20, 0x20, 0x20, 0x20, 0x20, 0x20, 0x74, 0x65, 0x78, 0x74, 0x3a, 0x20, 0x4e
  .byte 0x65, 0x77, 0x20, 0x55, 0x73, 0x65, 0x72, 0x73, 0x20, 0x28, 0x33, 0x30, 0x64, 0x29, 0x0a, 0x20
  .byte 0x20, 0x20, 0x20, 0x20, 0x20, 0x73, 0x69, 0x7a, 0x65, 0x3a, 0x20, 0x73, 0x6d, 0x61, 0x6c, 0x6c
  .byte 0x2d, 0x68, 0x65, 0x61, 0x76, 0x79, 0x0a, 0x20, 0x20, 0x74, 0x65, 0x78, 0x74, 0x63, 0x6f, 0x6e
  .byte 0x74, 0x65, 0x6e, 0x74, 0x2d, 0x31, 0x31, 0x3a, 0x0a, 0x20, 0x20, 0x20, 0x20, 0x74, 0x79, 0x70
  .byte 0x65, 0x3a, 0x20, 0x54, 0x65, 0x78, 0x74, 0x43, 0x6f, 0x6e, 0x74, 0x65, 0x6e, 0x74, 0x0a, 0x20
  .byte 0x20, 0x20, 0x20, 0x70, 0x72, 0x6f, 0x70, 0x73, 0x3a, 0x0a, 0x20, 0x20, 0x20, 0x20, 0x20, 0x20
  .byte 0x74, 0x65, 0x78, 0x74, 0x3a, 0x20, 0x32, 0x34, 0x2c, 0x39, 0x35, 0x30, 0x0a, 0x20, 0x20, 0x20
  .byte 0x20, 0x20, 0x20, 0x73, 0x69, 0x7a, 0x65, 0x3a, 0x20, 0x6c, 0x61, 0x72, 0x67, 0x65, 0x2d, 0x68
  .byte 0x65, 0x61, 0x76, 0x79, 0x0a, 0x20, 0x20, 0x74, 0x65, 0x78, 0x74, 0x63, 0x6f, 0x6e, 0x74, 0x65
  .byte 0x6e, 0x74, 0x2d, 0x31, 0x32, 0x3a, 0x0a, 0x20, 0x20, 0x20, 0x20, 0x74, 0x79, 0x70, 0x65, 0x3a
  .byte 0x20, 0x54, 0x65, 0x78, 0x74, 0x43, 0x6f, 0x6e, 0x74, 0x65, 0x6e, 0x74, 0x0a, 0x20, 0x20, 0x20
  .byte 0x20, 0x70, 0x72, 0x6f, 0x70, 0x73, 0x3a, 0x0a, 0x20, 0x20, 0x20, 0x20, 0x20, 0x20, 0x74, 0x65
  .byte 0x78, 0x74, 0x3a, 0x20, 0x2b, 0x33, 0x2e, 0x31, 0x25, 0x20, 0x76, 0x73, 0x20, 0x6c, 0x61, 0x73
  .byte 0x74, 0x20, 0x33, 0x30, 0x64, 0x0a, 0x20, 0x20, 0x20, 0x20, 0x20, 0x20, 0x73, 0x69, 0x7a, 0x65
  .byte 0x3a, 0x20, 0x73, 0x6d, 0x61, 0x6c, 0x6c, 0x0a, 0x20, 0x20, 0x63, 0x61, 0x72, 0x64, 0x2d, 0x39
  .byte 0x3a, 0x0a, 0x20, 0x20, 0x20, 0x20, 0x74, 0x79, 0x70, 0x65, 0x3a, 0x20, 0x43, 0x61, 0x72, 0x64
  .byte 0x0a, 0x20, 0x20, 0x20, 0x20, 0x70, 0x72, 0x6f, 0x70, 0x73, 0x3a, 0x0a, 0x20, 0x20, 0x20, 0x20
  .byte 0x20, 0x20, 0x76, 0x61, 0x72, 0x69, 0x61, 0x6e, 0x74, 0x3a, 0x20, 0x73, 0x75, 0x6e, 0x6b, 0x0a
  .byte 0x20, 0x20, 0x20, 0x20, 0x63, 0x68, 0x69, 0x6c, 0x64, 0x72, 0x65, 0x6e, 0x3a, 0x0a, 0x20, 0x20
  .byte 0x20, 0x20, 0x20, 0x20, 0x2d, 0x20, 0x74, 0x65, 0x78, 0x74, 0x63, 0x6f, 0x6e, 0x74, 0x65, 0x6e
  .byte 0x74, 0x2d, 0x31, 0x30, 0x0a, 0x20, 0x20, 0x20, 0x20, 0x20, 0x20, 0x2d, 0x20, 0x74, 0x65, 0x78
  .byte 0x74, 0x63, 0x6f, 0x6e, 0x74, 0x65, 0x6e, 0x74, 0x2d, 0x31, 0x31, 0x0a, 0x20, 0x20, 0x20, 0x20
  .byte 0x20, 0x20, 0x2d, 0x20, 0x74, 0x65, 0x78, 0x74, 0x63, 0x6f, 0x6e, 0x74, 0x65, 0x6e, 0x74, 0x2d
  .byte 0x31, 0x32, 0x0a, 0x20, 0x20, 0x74, 0x65, 0x78, 0x74, 0x63, 0x6f, 0x6e, 0x74, 0x65, 0x6e, 0x74
  .byte 0x2d, 0x31, 0x34, 0x3a, 0x0a, 0x20, 0x20, 0x20, 0x20, 0x74, 0x79, 0x70, 0x65, 0x3a, 0x20, 0x54
  .byte 0x65, 0x78, 0x74, 0x43, 0x6f, 0x6e, 0x74, 0x65, 0x6e, 0x74, 0x0a, 0x20, 0x20, 0x20, 0x20, 0x70
  .byte 0x72, 0x6f, 0x70, 0x73, 0x3a, 0x0a, 0x20, 0x20, 0x20, 0x20, 0x20, 0x20, 0x74, 0x65, 0x78, 0x74
  .byte 0x3a, 0x20, 0x4d, 0x52, 0x52, 0x0a, 0x20, 0x20, 0x20, 0x20, 0x20, 0x20, 0x73, 0x69, 0x7a, 0x65
  .byte 0x3a, 0x20, 0x73, 0x6d, 0x61, 0x6c, 0x6c, 0x2d, 0x68, 0x65, 0x61, 0x76, 0x79, 0x0a, 0x20, 0x20
  .byte 0x74, 0x65, 0x78, 0x74, 0x63, 0x6f, 0x6e, 0x74, 0x65, 0x6e, 0x74, 0x2d, 0x31, 0x35, 0x3a, 0x0a
  .byte 0x20, 0x20, 0x20, 0x20, 0x74, 0x79, 0x70, 0x65, 0x3a, 0x20, 0x54, 0x65, 0x78, 0x74, 0x43, 0x6f
  .byte 0x6e, 0x74, 0x65, 0x6e, 0x74, 0x0a, 0x20, 0x20, 0x20, 0x20, 0x70, 0x72, 0x6f, 0x70, 0x73, 0x3a
  .byte 0x0a, 0x20, 0x20, 0x20, 0x20, 0x20, 0x20, 0x74, 0x65, 0x78, 0x74, 0x3a, 0x20, 0x24, 0x34, 0x31
  .byte 0x32, 0x2c, 0x30, 0x30, 0x30, 0x0a, 0x20, 0x20, 0x20, 0x20, 0x20, 0x20, 0x73, 0x69, 0x7a, 0x65
  .byte 0x3a, 0x20, 0x6c, 0x61, 0x72, 0x67, 0x65, 0x2d, 0x68, 0x65, 0x61, 0x76, 0x79, 0x0a, 0x20, 0x20
  .byte 0x74, 0x65, 0x78, 0x74, 0x63, 0x6f, 0x6e, 0x74, 0x65, 0x6e, 0x74, 0x2d, 0x31, 0x36, 0x3a, 0x0a
  .byte 0x20, 0x20, 0x20, 0x20, 0x74, 0x79, 0x70, 0x65, 0x3a, 0x20, 0x54, 0x65, 0x78, 0x74, 0x43, 0x6f
  .byte 0x6e, 0x74, 0x65, 0x6e, 0x74, 0x0a, 0x20, 0x20, 0x20, 0x20, 0x70, 0x72, 0x6f, 0x70, 0x73, 0x3a
  .byte 0x0a, 0x20, 0x20, 0x20, 0x20, 0x20, 0x20, 0x74, 0x65, 0x78, 0x74, 0x3a, 0x20, 0x2b, 0x34, 0x2e
  .byte 0x34, 0x25, 0x20, 0x4d, 0x6f, 0x4d, 0x0a, 0x20, 0x20, 0x20, 0x20, 0x20, 0x20, 0x73, 0x69, 0x7a
  .byte 0x65, 0x3a, 0x20, 0x73, 0x6d, 0x61, 0x6c, 0x6c, 0x0a, 0x20, 0x20, 0x63, 0x61, 0x72, 0x64, 0x2d
  .byte 0x31, 0x33, 0x3a, 0x0a, 0x20, 0x20, 0x20, 0x20, 0x74, 0x79, 0x70, 0x65, 0x3a, 0x20, 0x43, 0x61
  .byte 0x72, 0x64, 0x0a, 0x20, 0x20, 0x20, 0x20, 0x70, 0x72, 0x6f, 0x70, 0x73, 0x3a, 0x0a, 0x20, 0x20
  .byte 0x20, 0x20, 0x20, 0x20, 0x76, 0x61, 0x72, 0x69, 0x61, 0x6e, 0x74, 0x3a, 0x20, 0x73, 0x75, 0x6e
  .byte 0x6b, 0x0a, 0x20, 0x20, 0x20, 0x20, 0x63, 0x68, 0x69, 0x6c, 0x64, 0x72, 0x65, 0x6e, 0x3a, 0x0a
  .byte 0x20, 0x20, 0x20, 0x20, 0x20, 0x20, 0x2d, 0x20, 0x74, 0x65, 0x78, 0x74, 0x63, 0x6f, 0x6e, 0x74
  .byte 0x65, 0x6e, 0x74, 0x2d, 0x31, 0x34, 0x0a, 0x20, 0x20, 0x20, 0x20, 0x20, 0x20, 0x2d, 0x20, 0x74
  .byte 0x65, 0x78, 0x74, 0x63, 0x6f, 0x6e, 0x74, 0x65, 0x6e, 0x74, 0x2d, 0x31, 0x35, 0x0a, 0x20, 0x20
  .byte 0x20, 0x20, 0x20, 0x20, 0x2d, 0x20, 0x74, 0x65, 0x78, 0x74, 0x63, 0x6f, 0x6e, 0x74, 0x65, 0x6e
  .byte 0x74, 0x2d, 0x31, 0x36, 0x0a, 0x20, 0x20, 0x74, 0x65, 0x78, 0x74, 0x63, 0x6f, 0x6e, 0x74, 0x65
  .byte 0x6e, 0x74, 0x2d, 0x31, 0x38, 0x3a, 0x0a, 0x20, 0x20, 0x20, 0x20, 0x74, 0x79, 0x70, 0x65, 0x3a
  .byte 0x20, 0x54, 0x65, 0x78, 0x74, 0x43, 0x6f, 0x6e, 0x74, 0x65, 0x6e, 0x74, 0x0a, 0x20, 0x20, 0x20
  .byte 0x20, 0x70, 0x72, 0x6f, 0x70, 0x73, 0x3a, 0x0a, 0x20, 0x20, 0x20, 0x20, 0x20, 0x20, 0x74, 0x65
  .byte 0x78, 0x74, 0x3a, 0x20, 0x41, 0x52, 0x52, 0x0a, 0x20, 0x20, 0x20, 0x20, 0x20, 0x20, 0x73, 0x69
  .byte 0x7a, 0x65, 0x3a, 0x20, 0x73, 0x6d, 0x61, 0x6c, 0x6c, 0x2d, 0x68, 0x65, 0x61, 0x76, 0x79, 0x0a
  .byte 0x20, 0x20, 0x74, 0x65, 0x78, 0x74, 0x63, 0x6f, 0x6e, 0x74, 0x65, 0x6e, 0x74, 0x2d, 0x31, 0x39
  .byte 0x3a, 0x0a, 0x20, 0x20, 0x20, 0x20, 0x74, 0x79, 0x70, 0x65, 0x3a, 0x20, 0x54, 0x65, 0x78, 0x74
  .byte 0x43, 0x6f, 0x6e, 0x74, 0x65, 0x6e, 0x74, 0x0a, 0x20, 0x20, 0x20, 0x20, 0x70, 0x72, 0x6f, 0x70
  .byte 0x73, 0x3a, 0x0a, 0x20, 0x20, 0x20, 0x20, 0x20, 0x20, 0x74, 0x65, 0x78, 0x74, 0x3a, 0x20, 0x24
  .byte 0x34, 0x2e, 0x39, 0x34, 0x4d, 0x0a, 0x20, 0x20, 0x20, 0x20, 0x20, 0x20, 0x73, 0x69, 0x7a, 0x65
  .byte 0x3a, 0x20, 0x6c, 0x61, 0x72, 0x67, 0x65, 0x2d, 0x68, 0x65, 0x61, 0x76, 0x79, 0x0a, 0x20, 0x20
  .byte 0x74, 0x65, 0x78, 0x74, 0x63, 0x6f, 0x6e, 0x74, 0x65, 0x6e, 0x74, 0x2d, 0x32, 0x30, 0x3a, 0x0a
  .byte 0x20, 0x20, 0x20, 0x20, 0x74, 0x79, 0x70, 0x65, 0x3a, 0x20, 0x54, 0x65, 0x78, 0x74, 0x43, 0x6f
  .byte 0x6e, 0x74, 0x65, 0x6e, 0x74, 0x0a, 0x20, 0x20, 0x20, 0x20, 0x70, 0x72, 0x6f, 0x70, 0x73, 0x3a
  .byte 0x0a, 0x20, 0x20, 0x20, 0x20, 0x20, 0x20, 0x74, 0x65, 0x78, 0x74, 0x3a, 0x20, 0x2b, 0x31, 0x38
  .byte 0x2e, 0x37, 0x25, 0x20, 0x59, 0x6f, 0x59, 0x0a, 0x20, 0x20, 0x20, 0x20, 0x20, 0x20, 0x73, 0x69
  .byte 0x7a, 0x65, 0x3a, 0x20, 0x73, 0x6d, 0x61, 0x6c, 0x6c, 0x0a, 0x20, 0x20, 0x63, 0x61, 0x72, 0x64
  .byte 0x2d, 0x31, 0x37, 0x3a, 0x0a, 0x20, 0x20, 0x20, 0x20, 0x74, 0x79, 0x70, 0x65, 0x3a, 0x20, 0x43
  .byte 0x61, 0x72, 0x64, 0x0a, 0x20, 0x20, 0x20, 0x20, 0x70, 0x72, 0x6f, 0x70, 0x73, 0x3a, 0x0a, 0x20
  .byte 0x20, 0x20, 0x20, 0x20, 0x20, 0x76, 0x61, 0x72, 0x69, 0x61, 0x6e, 0x74, 0x3a, 0x20, 0x73, 0x75
  .byte 0x6e, 0x6b, 0x0a, 0x20, 0x20, 0x20, 0x20, 0x63, 0x68, 0x69, 0x6c, 0x64, 0x72, 0x65, 0x6e, 0x3a
  .byte 0x0a, 0x20, 0x20, 0x20, 0x20, 0x20, 0x20, 0x2d, 0x20, 0x74, 0x65, 0x78, 0x74, 0x63, 0x6f, 0x6e
  .byte 0x74, 0x65, 0x6e, 0x74, 0x2d, 0x31, 0x38, 0x0a, 0x20, 0x20, 0x20, 0x20, 0x20, 0x20, 0x2d, 0x20
  .byte 0x74, 0x65, 0x78, 0x74, 0x63, 0x6f, 0x6e, 0x74, 0x65, 0x6e, 0x74, 0x2d, 0x31, 0x39, 0x0a, 0x20
  .byte 0x20, 0x20, 0x20, 0x20, 0x20, 0x2d, 0x20, 0x74, 0x65, 0x78, 0x74, 0x63, 0x6f, 0x6e, 0x74, 0x65
  .byte 0x6e, 0x74, 0x2d, 0x32, 0x30, 0x0a, 0x20, 0x20, 0x73, 0x74, 0x61, 0x63, 0x6b, 0x2d, 0x34, 0x3a
  .byte 0x0a, 0x20, 0x20, 0x20, 0x20, 0x74, 0x79, 0x70, 0x65, 0x3a, 0x20, 0x53, 0x74, 0x61, 0x63, 0x6b
  .byte 0x0a, 0x20, 0x20, 0x20, 0x20, 0x70, 0x72, 0x6f, 0x70, 0x73, 0x3a, 0x0a, 0x20, 0x20, 0x20, 0x20
  .byte 0x20, 0x20, 0x64, 0x69, 0x72, 0x65, 0x63, 0x74, 0x69, 0x6f, 0x6e, 0x3a, 0x20, 0x72, 0x6f, 0x77
  .byte 0x0a, 0x20, 0x20, 0x20, 0x20, 0x20, 0x20, 0x67, 0x61, 0x70, 0x3a, 0x20, 0x6d, 0x0a, 0x20, 0x20
  .byte 0x20, 0x20, 0x20, 0x20, 0x61, 0x6c, 0x69, 0x67, 0x6e, 0x3a, 0x20, 0x73, 0x74, 0x72, 0x65, 0x74
  .byte 0x63, 0x68, 0x0a, 0x20, 0x20, 0x20, 0x20, 0x20, 0x20, 0x6a, 0x75, 0x73, 0x74, 0x69, 0x66, 0x79
  .byte 0x3a, 0x20, 0x73, 0x74, 0x61, 0x72, 0x74, 0x0a, 0x20, 0x20, 0x20, 0x20, 0x20, 0x20, 0x77, 0x72
  .byte 0x61, 0x70, 0x3a, 0x20, 0x74, 0x72, 0x75, 0x65, 0x0a, 0x20, 0x20, 0x20, 0x20, 0x63, 0x68, 0x69
  .byte 0x6c, 0x64, 0x72, 0x65, 0x6e, 0x3a, 0x0a, 0x20, 0x20, 0x20, 0x20, 0x20, 0x20, 0x2d, 0x20, 0x63
  .byte 0x61, 0x72, 0x64, 0x2d, 0x35, 0x0a, 0x20, 0x20, 0x20, 0x20, 0x20, 0x20, 0x2d, 0x20, 0x63, 0x61
  .byte 0x72, 0x64, 0x2d, 0x39, 0x0a, 0x20, 0x20, 0x20, 0x20, 0x20, 0x20, 0x2d, 0x20, 0x63, 0x61, 0x72
  .byte 0x64, 0x2d, 0x31, 0x33, 0x0a, 0x20, 0x20, 0x20, 0x20, 0x20, 0x20, 0x2d, 0x20, 0x63, 0x61, 0x72
  .byte 0x64, 0x2d, 0x31, 0x37, 0x0a, 0x20, 0x20, 0x63, 0x61, 0x72, 0x64, 0x68, 0x65, 0x61, 0x64, 0x65
  .byte 0x72, 0x2d, 0x32, 0x33, 0x3a, 0x0a, 0x20, 0x20, 0x20, 0x20, 0x74, 0x79, 0x70, 0x65, 0x3a, 0x20
  .byte 0x43, 0x61, 0x72, 0x64, 0x48, 0x65, 0x61, 0x64, 0x65, 0x72, 0x0a, 0x20, 0x20, 0x20, 0x20, 0x70
  .byte 0x72, 0x6f, 0x70, 0x73, 0x3a, 0x0a, 0x20, 0x20, 0x20, 0x20, 0x20, 0x20, 0x74, 0x69, 0x74, 0x6c
  .byte 0x65, 0x3a, 0x20, 0x4d, 0x6f, 0x6e, 0x74, 0x68, 0x6c, 0x79, 0x20, 0x41, 0x63, 0x74, 0x69, 0x76
  .byte 0x65, 0x20, 0x55, 0x73, 0x65, 0x72, 0x73, 0x0a, 0x20, 0x20, 0x20, 0x20, 0x20, 0x20, 0x73, 0x75
  .byte 0x62, 0x74, 0x69, 0x74, 0x6c, 0x65, 0x3a, 0x20, 0x4c, 0x61, 0x73, 0x74, 0x20, 0x31, 0x32, 0x20
  .byte 0x6d, 0x6f, 0x6e, 0x74, 0x68, 0x73, 0x0a, 0x20, 0x20, 0x73, 0x65, 0x72, 0x69, 0x65, 0x73, 0x2d
  .byte 0x32, 0x35, 0x3a, 0x0a, 0x20, 0x20, 0x20, 0x20, 0x74, 0x79, 0x70, 0x65, 0x3a, 0x20, 0x53, 0x65
  .byte 0x72, 0x69, 0x65, 0x73, 0x0a, 0x20, 0x20, 0x20, 0x20, 0x70, 0x72, 0x6f, 0x70, 0x73, 0x3a, 0x0a
  .byte 0x20, 0x20, 0x20, 0x20, 0x20, 0x20, 0x63, 0x61, 0x74, 0x65, 0x67, 0x6f, 0x72, 0x79, 0x3a, 0x20
  .byte 0x4d, 0x41, 0x55, 0x0a, 0x20, 0x20, 0x20, 0x20, 0x20, 0x20, 0x76, 0x61, 0x6c, 0x75, 0x65, 0x73
  .byte 0x3a, 0x0a, 0x20, 0x20, 0x20, 0x20, 0x20, 0x20, 0x20, 0x20, 0x2d, 0x20, 0x38, 0x34, 0x35, 0x30
  .byte 0x30, 0x0a, 0x20, 0x20, 0x20, 0x20, 0x20, 0x20, 0x20, 0x20, 0x2d, 0x20, 0x38, 0x37, 0x32, 0x30
  .byte 0x30, 0x0a, 0x20, 0x20, 0x20, 0x20, 0x20, 0x20, 0x20, 0x20, 0x2d, 0x20, 0x39, 0x30, 0x31, 0x30
  .byte 0x30, 0x0a, 0x20, 0x20, 0x20, 0x20, 0x20, 0x20, 0x20, 0x20, 0x2d, 0x20, 0x39, 0x33, 0x38, 0x30
  .byte 0x30, 0x0a, 0x20, 0x20, 0x20, 0x20, 0x20, 0x20, 0x20, 0x20, 0x2d, 0x20, 0x39, 0x36, 0x35, 0x30
  .byte 0x30, 0x0a, 0x20, 0x20, 0x20, 0x20, 0x20, 0x20, 0x20, 0x20, 0x2d, 0x20, 0x31, 0x30, 0x30, 0x32
  .byte 0x30, 0x30, 0x0a, 0x20, 0x20, 0x20, 0x20, 0x20, 0x20, 0x20, 0x20, 0x2d, 0x20, 0x31, 0x30, 0x34
  .byte 0x38, 0x30, 0x30, 0x0a, 0x20, 0x20, 0x20, 0x20, 0x20, 0x20, 0x20, 0x20, 0x2d, 0x20, 0x31, 0x30
  .byte 0x39, 0x36, 0x30, 0x30, 0x0a, 0x20, 0x20, 0x20, 0x20, 0x20, 0x20, 0x20, 0x20, 0x2d, 0x20, 0x31
  .byte 0x31, 0x34, 0x33, 0x30, 0x30, 0x0a, 0x20, 0x20, 0x20, 0x20, 0x20, 0x20, 0x20, 0x20, 0x2d, 0x20
  .byte 0x31, 0x31, 0x39, 0x39, 0x30, 0x30, 0x0a, 0x20, 0x20, 0x20, 0x20, 0x20, 0x20, 0x20, 0x20, 0x2d
  .byte 0x20, 0x31, 0x32, 0x33, 0x37, 0x30, 0x30, 0x0a, 0x20, 0x20, 0x20, 0x20, 0x20, 0x20, 0x20, 0x20
  .byte 0x2d, 0x20, 0x31, 0x32, 0x38, 0x34, 0x30, 0x30, 0x0a, 0x20, 0x20, 0x62, 0x61, 0x72, 0x63, 0x68
  .byte 0x61, 0x72, 0x74, 0x2d, 0x32, 0x34, 0x3a, 0x0a, 0x20, 0x20, 0x20, 0x20, 0x74, 0x79, 0x70, 0x65
  .byte 0x3a, 0x20, 0x42, 0x61, 0x72, 0x43, 0x68, 0x61, 0x72, 0x74, 0x0a, 0x20, 0x20, 0x20, 0x20, 0x70
  .byte 0x72, 0x6f, 0x70, 0x73, 0x3a, 0x0a, 0x20, 0x20, 0x20, 0x20, 0x20, 0x20, 0x6c, 0x61, 0x62, 0x65
  .byte 0x6c, 0x73, 0x3a, 0x0a, 0x20, 0x20, 0x20, 0x20, 0x20, 0x20, 0x20, 0x20, 0x2d, 0x20, 0x41, 0x70
  .byte 0x72, 0x0a, 0x20, 0x20, 0x20, 0x20, 0x20, 0x20, 0x20, 0x20, 0x2d, 0x20, 0x4d, 0x61, 0x79, 0x0a
  .byte 0x20, 0x20, 0x20, 0x20, 0x20, 0x20, 0x20, 0x20, 0x2d, 0x20, 0x4a, 0x75, 0x6e, 0x0a, 0x20, 0x20
  .byte 0x20, 0x20, 0x20, 0x20, 0x20, 0x20, 0x2d, 0x20, 0x4a, 0x75, 0x6c, 0x0a, 0x20, 0x20, 0x20, 0x20
  .byte 0x20, 0x20, 0x20, 0x20, 0x2d, 0x20, 0x41, 0x75, 0x67, 0x0a, 0x20, 0x20, 0x20, 0x20, 0x20, 0x20
  .byte 0x20, 0x20, 0x2d, 0x20, 0x53, 0x65, 0x70, 0x0a, 0x20, 0x20, 0x20, 0x20, 0x20, 0x20, 0x20, 0x20
  .byte 0x2d, 0x20, 0x4f, 0x63, 0x74, 0x0a, 0x20, 0x20, 0x20, 0x20, 0x20, 0x20, 0x20, 0x20, 0x2d, 0x20
  .byte 0x4e, 0x6f, 0x76, 0x0a, 0x20, 0x20, 0x20, 0x20, 0x20, 0x20, 0x20, 0x20, 0x2d, 0x20, 0x44, 0x65
  .byte 0x63, 0x0a, 0x20, 0x20, 0x20, 0x20, 0x20, 0x20, 0x20, 0x20, 0x2d, 0x20, 0x4a, 0x61, 0x6e, 0x0a
  .byte 0x20, 0x20, 0x20, 0x20, 0x20, 0x20, 0x20, 0x20, 0x2d, 0x20, 0x46, 0x65, 0x62, 0x0a, 0x20, 0x20
  .byte 0x20, 0x20, 0x20, 0x20, 0x20, 0x20, 0x2d, 0x20, 0x4d, 0x61, 0x72, 0x0a, 0x20, 0x20, 0x20, 0x20
  .byte 0x20, 0x20, 0x76, 0x61, 0x72, 0x69, 0x61, 0x6e, 0x74, 0x3a, 0x20, 0x67, 0x72, 0x6f, 0x75, 0x70
  .byte 0x65, 0x64, 0x0a, 0x20, 0x20, 0x20, 0x20, 0x20, 0x20, 0x78, 0x4c, 0x61, 0x62, 0x65, 0x6c, 0x3a
  .byte 0x20, 0x4d, 0x6f, 0x6e, 0x74, 0x68, 0x0a, 0x20, 0x20, 0x20, 0x20, 0x20, 0x20, 0x79, 0x4c, 0x61
  .byte 0x62, 0x65, 0x6c, 0x3a, 0x20, 0x55, 0x73, 0x65, 0x72, 0x73, 0x0a, 0x20, 0x20, 0x20, 0x20, 0x63
  .byte 0x68, 0x69, 0x6c, 0x64, 0x72, 0x65, 0x6e, 0x3a, 0x0a, 0x20, 0x20, 0x20, 0x20, 0x20, 0x20, 0x2d
  .byte 0x20, 0x73, 0x65, 0x72, 0x69, 0x65, 0x73, 0x2d, 0x32, 0x35, 0x0a, 0x20, 0x20, 0x63, 0x61, 0x72
  .byte 0x64, 0x2d, 0x32, 0x32, 0x3a, 0x0a, 0x20, 0x20, 0x20, 0x20, 0x74, 0x79, 0x70, 0x65, 0x3a, 0x20
  .byte 0x43, 0x61, 0x72, 0x64, 0x0a, 0x20, 0x20, 0x20, 0x20, 0x70, 0x72, 0x6f, 0x70, 0x73, 0x3a, 0x0a
  .byte 0x20, 0x20, 0x20, 0x20, 0x20, 0x20, 0x76, 0x61, 0x72, 0x69, 0x61, 0x6e, 0x74, 0x3a, 0x20, 0x63
  .byte 0x61, 0x72, 0x64, 0x0a, 0x20, 0x20, 0x20, 0x20, 0x63, 0x68, 0x69, 0x6c, 0x64, 0x72, 0x65, 0x6e
  .byte 0x3a, 0x0a, 0x20, 0x20, 0x20, 0x20, 0x20, 0x20, 0x2d, 0x20, 0x63, 0x61, 0x72, 0x64, 0x68, 0x65
  .byte 0x61, 0x64, 0x65, 0x72, 0x2d, 0x32, 0x33, 0x0a, 0x20, 0x20, 0x20, 0x20, 0x20, 0x20, 0x2d, 0x20
  .byte 0x62, 0x61, 0x72, 0x63, 0x68, 0x61, 0x72, 0x74, 0x2d, 0x32, 0x34, 0x0a, 0x20, 0x20, 0x63, 0x61
  .byte 0x72, 0x64, 0x68, 0x65, 0x61, 0x64, 0x65, 0x72, 0x2d, 0x32, 0x37, 0x3a, 0x0a, 0x20, 0x20, 0x20
  .byte 0x20, 0x74, 0x79, 0x70, 0x65, 0x3a, 0x20, 0x43, 0x61, 0x72, 0x64, 0x48, 0x65, 0x61, 0x64, 0x65
  .byte 0x72, 0x0a, 0x20, 0x20, 0x20, 0x20, 0x70, 0x72, 0x6f, 0x70, 0x73, 0x3a, 0x0a, 0x20, 0x20, 0x20
  .byte 0x20, 0x20, 0x20, 0x74, 0x69, 0x74, 0x6c, 0x65, 0x3a, 0x20, 0x55, 0x73, 0x65, 0x72, 0x20, 0x41
  .byte 0x63, 0x71, 0x75, 0x69, 0x73, 0x69, 0x74, 0x69, 0x6f, 0x6e, 0x0a, 0x20, 0x20, 0x20, 0x20, 0x20
  .byte 0x20, 0x73, 0x75, 0x62, 0x74, 0x69, 0x74, 0x6c, 0x65, 0x3a, 0x20, 0x53, 0x68, 0x61, 0x72, 0x65
  .byte 0x20, 0x6f, 0x66, 0x20, 0x6e, 0x65, 0x77, 0x20, 0x75, 0x73, 0x65, 0x72, 0x73, 0x20, 0x28, 0x6c
  .byte 0x61, 0x73, 0x74, 0x20, 0x33, 0x30, 0x20, 0x64, 0x61, 0x79, 0x73, 0x29, 0x0a, 0x20, 0x20, 0x73
  .byte 0x6c, 0x69, 0x63, 0x65, 0x2d, 0x32, 0x39, 0x3a, 0x0a, 0x20, 0x20, 0x20, 0x20, 0x74, 0x79, 0x70
  .byte 0x65, 0x3a, 0x20, 0x53, 0x6c, 0x69, 0x63, 0x65, 0x0a, 0x20, 0x20, 0x20, 0x20, 0x70, 0x72, 0x6f
  .byte 0x70, 0x73, 0x3a, 0x0a, 0x20, 0x20, 0x20, 0x20, 0x20, 0x20, 0x63, 0x61, 0x74, 0x65, 0x67, 0x6f
  .byte 0x72, 0x79, 0x3a, 0x20, 0x4f, 0x72, 0x67, 0x61, 0x6e, 0x69, 0x63, 0x20, 0x53, 0x65, 0x61, 0x72
  .byte 0x63, 0x68, 0x0a, 0x20, 0x20, 0x20, 0x20, 0x20, 0x20, 0x76, 0x61, 0x6c, 0x75, 0x65, 0x3a, 0x20
  .byte 0x33, 0x34, 0x0a, 0x20, 0x20, 0x73, 0x6c, 0x69, 0x63, 0x65, 0x2d, 0x33, 0x30, 0x3a, 0x0a, 0x20
  .byte 0x20, 0x20, 0x20, 0x74, 0x79, 0x70, 0x65, 0x3a, 0x20, 0x53, 0x6c, 0x69, 0x63, 0x65, 0x0a, 0x20
  .byte 0x20, 0x20, 0x20, 0x70, 0x72, 0x6f, 0x70, 0x73, 0x3a, 0x0a, 0x20, 0x20, 0x20, 0x20, 0x20, 0x20
  .byte 0x63, 0x61, 0x74, 0x65, 0x67, 0x6f, 0x72, 0x79, 0x3a, 0x20, 0x50, 0x61, 0x69, 0x64, 0x20, 0x53
  .byte 0x65, 0x61, 0x72, 0x63, 0x68, 0x0a, 0x20, 0x20, 0x20, 0x20, 0x20, 0x20, 0x76, 0x61, 0x6c, 0x75
  .byte 0x65, 0x3a, 0x20, 0x32, 0x32, 0x0a, 0x20, 0x20, 0x73, 0x6c, 0x69, 0x63, 0x65, 0x2d, 0x33, 0x31
  .byte 0x3a, 0x0a, 0x20, 0x20, 0x20, 0x20, 0x74, 0x79, 0x70, 0x65, 0x3a, 0x20, 0x53, 0x6c, 0x69, 0x63
  .byte 0x65, 0x0a, 0x20, 0x20, 0x20, 0x20, 0x70, 0x72, 0x6f, 0x70, 0x73, 0x3a, 0x0a, 0x20, 0x20, 0x20
  .byte 0x20, 0x20, 0x20, 0x63, 0x61, 0x74, 0x65, 0x67, 0x6f, 0x72, 0x79, 0x3a, 0x20, 0x52, 0x65, 0x66
  .byte 0x65, 0x72, 0x72, 0x61, 0x6c, 0x73, 0x0a, 0x20, 0x20, 0x20, 0x20, 0x20, 0x20, 0x76, 0x61, 0x6c
  .byte 0x75, 0x65, 0x3a, 0x20, 0x31, 0x36, 0x0a, 0x20, 0x20, 0x73, 0x6c, 0x69, 0x63, 0x65, 0x2d, 0x33
  .byte 0x32, 0x3a, 0x0a, 0x20, 0x20, 0x20, 0x20, 0x74, 0x79, 0x70, 0x65, 0x3a, 0x20, 0x53, 0x6c, 0x69
  .byte 0x63, 0x65, 0x0a, 0x20, 0x20, 0x20, 0x20, 0x70, 0x72, 0x6f, 0x70, 0x73, 0x3a, 0x0a, 0x20, 0x20
  .byte 0x20, 0x20, 0x20, 0x20, 0x63, 0x61, 0x74, 0x65, 0x67, 0x6f, 0x72, 0x79, 0x3a, 0x20, 0x53, 0x6f
  .byte 0x63, 0x69, 0x61, 0x6c, 0x0a, 0x20, 0x20, 0x20, 0x20, 0x20, 0x20, 0x76, 0x61, 0x6c, 0x75, 0x65
  .byte 0x3a, 0x20, 0x31, 0x32, 0x0a, 0x20, 0x20, 0x73, 0x6c, 0x69, 0x63, 0x65, 0x2d, 0x33, 0x33, 0x3a
  .byte 0x0a, 0x20, 0x20, 0x20, 0x20, 0x74, 0x79, 0x70, 0x65, 0x3a, 0x20, 0x53, 0x6c, 0x69, 0x63, 0x65
  .byte 0x0a, 0x20, 0x20, 0x20, 0x20, 0x70, 0x72, 0x6f, 0x70, 0x73, 0x3a, 0x0a, 0x20, 0x20, 0x20, 0x20
  .byte 0x20, 0x20, 0x63, 0x61, 0x74, 0x65, 0x67, 0x6f, 0x72, 0x79, 0x3a, 0x20, 0x44, 0x69, 0x72, 0x65
  .byte 0x63, 0x74, 0x20, 0x2f, 0x20, 0x4f, 0x74, 0x68, 0x65, 0x72, 0x0a, 0x20, 0x20, 0x20, 0x20, 0x20
  .byte 0x20, 0x76, 0x61, 0x6c, 0x75, 0x65, 0x3a, 0x20, 0x31, 0x36, 0x0a, 0x20, 0x20, 0x70, 0x69, 0x65
  .byte 0x63, 0x68, 0x61, 0x72, 0x74, 0x2d, 0x32, 0x38, 0x3a, 0x0a, 0x20, 0x20, 0x20, 0x20, 0x74, 0x79
  .byte 0x70, 0x65, 0x3a, 0x20, 0x50, 0x69, 0x65, 0x43, 0x68, 0x61, 0x72, 0x74, 0x0a, 0x20, 0x20, 0x20
  .byte 0x20, 0x70, 0x72, 0x6f, 0x70, 0x73, 0x3a, 0x0a, 0x20, 0x20, 0x20, 0x20, 0x20, 0x20, 0x76, 0x61
  .byte 0x72, 0x69, 0x61, 0x6e, 0x74, 0x3a, 0x20, 0x64, 0x6f, 0x6e, 0x75, 0x74, 0x0a, 0x20, 0x20, 0x20
  .byte 0x20, 0x63, 0x68, 0x69, 0x6c, 0x64, 0x72, 0x65, 0x6e, 0x3a, 0x0a, 0x20, 0x20, 0x20, 0x20, 0x20
  .byte 0x20, 0x2d, 0x20, 0x73, 0x6c, 0x69, 0x63, 0x65, 0x2d, 0x32, 0x39, 0x0a, 0x20, 0x20, 0x20, 0x20
  .byte 0x20, 0x20, 0x2d, 0x20, 0x73, 0x6c, 0x69, 0x63, 0x65, 0x2d, 0x33, 0x30, 0x0a, 0x20, 0x20, 0x20
  .byte 0x20, 0x20, 0x20, 0x2d, 0x20, 0x73, 0x6c, 0x69, 0x63, 0x65, 0x2d, 0x33, 0x31, 0x0a, 0x20, 0x20
  .byte 0x20, 0x20, 0x20, 0x20, 0x2d, 0x20, 0x73, 0x6c, 0x69, 0x63, 0x65, 0x2d, 0x33, 0x32, 0x0a, 0x20
  .byte 0x20, 0x20, 0x20, 0x20, 0x20, 0x2d, 0x20, 0x73, 0x6c, 0x69, 0x63, 0x65, 0x2d, 0x33, 0x33, 0x0a
  .byte 0x20, 0x20, 0x74, 0x65, 0x78, 0x74, 0x63, 0x6f, 0x6e, 0x74, 0x65, 0x6e, 0x74, 0x2d, 0x33, 0x34
  .byte 0x3a, 0x0a, 0x20, 0x20, 0x20, 0x20, 0x74, 0x79, 0x70, 0x65, 0x3a, 0x20, 0x54, 0x65, 0x78, 0x74
  .byte 0x43, 0x6f, 0x6e, 0x74, 0x65, 0x6e, 0x74, 0x0a, 0x20, 0x20, 0x20, 0x20, 0x70, 0x72, 0x6f, 0x70
  .byte 0x73, 0x3a, 0x0a, 0x20, 0x20, 0x20, 0x20, 0x20, 0x20, 0x74, 0x65, 0x78, 0x74, 0x3a, 0x20, 0x22
  .byte 0x54, 0x69, 0x70, 0x3a, 0x20, 0x54, 0x72, 0x61, 0x63, 0x6b, 0x20, 0x43, 0x41, 0x43, 0x20, 0x61
  .byte 0x6e, 0x64, 0x20, 0x63, 0x6f, 0x6e, 0x76, 0x65, 0x72, 0x73, 0x69, 0x6f, 0x6e, 0x20, 0x72, 0x61
  .byte 0x74, 0x65, 0x20, 0x62, 0x79, 0x20, 0x63, 0x68, 0x61, 0x6e, 0x6e, 0x65, 0x6c, 0x20, 0x74, 0x6f
  .byte 0x20, 0x65, 0x78, 0x70, 0x6c, 0x61, 0x69, 0x6e, 0x20, 0x6d, 0x69, 0x78, 0x20, 0x73, 0x68, 0x69
  .byte 0x66, 0x74, 0x73, 0x2e, 0x22, 0x0a, 0x20, 0x20, 0x20, 0x20, 0x20, 0x20, 0x73, 0x69, 0x7a, 0x65
  .byte 0x3a, 0x20, 0x73, 0x6d, 0x61, 0x6c, 0x6c, 0x0a, 0x20, 0x20, 0x63, 0x61, 0x72, 0x64, 0x2d, 0x32
  .byte 0x36, 0x3a, 0x0a, 0x20, 0x20, 0x20, 0x20, 0x74, 0x79, 0x70, 0x65, 0x3a, 0x20, 0x43, 0x61, 0x72
  .byte 0x64, 0x0a, 0x20, 0x20, 0x20, 0x20, 0x70, 0x72, 0x6f, 0x70, 0x73, 0x3a, 0x0a, 0x20, 0x20, 0x20
  .byte 0x20, 0x20, 0x20, 0x76, 0x61, 0x72, 0x69, 0x61, 0x6e, 0x74, 0x3a, 0x20, 0x63, 0x61, 0x72, 0x64
  .byte 0x0a, 0x20, 0x20, 0x20, 0x20, 0x63, 0x68, 0x69, 0x6c, 0x64, 0x72, 0x65, 0x6e, 0x3a, 0x0a, 0x20
  .byte 0x20, 0x20, 0x20, 0x20, 0x20, 0x2d, 0x20, 0x63, 0x61, 0x72, 0x64, 0x68, 0x65, 0x61, 0x64, 0x65
  .byte 0x72, 0x2d, 0x32, 0x37, 0x0a, 0x20, 0x20, 0x20, 0x20, 0x20, 0x20, 0x2d, 0x20, 0x70, 0x69, 0x65
  .byte 0x63, 0x68, 0x61, 0x72, 0x74, 0x2d, 0x32, 0x38, 0x0a, 0x20, 0x20, 0x20, 0x20, 0x20, 0x20, 0x2d
  .byte 0x20, 0x74, 0x65, 0x78, 0x74, 0x63, 0x6f, 0x6e, 0x74, 0x65, 0x6e, 0x74, 0x2d, 0x33, 0x34, 0x0a
  .byte 0x20, 0x20, 0x73, 0x74, 0x61, 0x63, 0x6b, 0x2d, 0x32, 0x31, 0x3a, 0x0a, 0x20, 0x20, 0x20, 0x20
  .byte 0x74, 0x79, 0x70, 0x65, 0x3a, 0x20, 0x53, 0x74, 0x61, 0x63, 0x6b, 0x0a, 0x20, 0x20, 0x20, 0x20
  .byte 0x70, 0x72, 0x6f, 0x70, 0x73, 0x3a, 0x0a, 0x20, 0x20, 0x20, 0x20, 0x20, 0x20, 0x64, 0x69, 0x72
  .byte 0x65, 0x63, 0x74, 0x69, 0x6f, 0x6e, 0x3a, 0x20, 0x72, 0x6f, 0x77, 0x0a, 0x20, 0x20, 0x20, 0x20
  .byte 0x20, 0x20, 0x67, 0x61, 0x70, 0x3a, 0x20, 0x6c, 0x0a, 0x20, 0x20, 0x20, 0x20, 0x20, 0x20, 0x61
  .byte 0x6c, 0x69, 0x67, 0x6e, 0x3a, 0x20, 0x73, 0x74, 0x72, 0x65, 0x74, 0x63, 0x68, 0x0a, 0x20, 0x20
  .byte 0x20, 0x20, 0x20, 0x20, 0x6a, 0x75, 0x73, 0x74, 0x69, 0x66, 0x79, 0x3a, 0x20, 0x73, 0x74, 0x61
  .byte 0x72, 0x74, 0x0a, 0x20, 0x20, 0x20, 0x20, 0x20, 0x20, 0x77, 0x72, 0x61, 0x70, 0x3a, 0x20, 0x74
  .byte 0x72, 0x75, 0x65, 0x0a, 0x20, 0x20, 0x20, 0x20, 0x63, 0x68, 0x69, 0x6c, 0x64, 0x72, 0x65, 0x6e
  .byte 0x3a, 0x0a, 0x20, 0x20, 0x20, 0x20, 0x20, 0x20, 0x2d, 0x20, 0x63, 0x61, 0x72, 0x64, 0x2d, 0x32
  .byte 0x32, 0x0a, 0x20, 0x20, 0x20, 0x20, 0x20, 0x20, 0x2d, 0x20, 0x63, 0x61, 0x72, 0x64, 0x2d, 0x32
  .byte 0x36, 0x0a, 0x20, 0x20, 0x63, 0x61, 0x72, 0x64, 0x68, 0x65, 0x61, 0x64, 0x65, 0x72, 0x2d, 0x33
  .byte 0x36, 0x3a, 0x0a, 0x20, 0x20, 0x20, 0x20, 0x74, 0x79, 0x70, 0x65, 0x3a, 0x20, 0x43, 0x61, 0x72
  .byte 0x64, 0x48, 0x65, 0x61, 0x64, 0x65, 0x72, 0x0a, 0x20, 0x20, 0x20, 0x20, 0x70, 0x72, 0x6f, 0x70
  .byte 0x73, 0x3a, 0x0a, 0x20, 0x20, 0x20, 0x20, 0x20, 0x20, 0x74, 0x69, 0x74, 0x6c, 0x65, 0x3a, 0x20
  .byte 0x54, 0x6f, 0x70, 0x20, 0x46, 0x65, 0x61, 0x74, 0x75, 0x72, 0x65, 0x73, 0x0a, 0x20, 0x20, 0x20
  .byte 0x20, 0x20, 0x20, 0x73, 0x75, 0x62, 0x74, 0x69, 0x74, 0x6c, 0x65, 0x3a, 0x20, 0x41, 0x64, 0x6f
  .byte 0x70, 0x74, 0x69, 0x6f, 0x6e, 0x20, 0x61, 0x6e, 0x64, 0x20, 0x65, 0x6e, 0x67, 0x61, 0x67, 0x65
  .byte 0x6d, 0x65, 0x6e, 0x74, 0x20, 0x28, 0x6c, 0x61, 0x73, 0x74, 0x20, 0x33, 0x30, 0x20, 0x64, 0x61
  .byte 0x79, 0x73, 0x29, 0x0a, 0x20, 0x20, 0x63, 0x6f, 0x6c, 0x2d, 0x33, 0x38, 0x3a, 0x0a, 0x20, 0x20
  .byte 0x20, 0x20, 0x74, 0x79, 0x70, 0x65, 0x3a, 0x20, 0x43, 0x6f, 0x6c, 0x0a, 0x20, 0x20, 0x20, 0x20
  .byte 0x70, 0x72, 0x6f, 0x70, 0x73, 0x3a, 0x0a, 0x20, 0x20, 0x20, 0x20, 0x20, 0x20, 0x6c, 0x61, 0x62
  .byte 0x65, 0x6c, 0x3a, 0x20, 0x46, 0x65, 0x61, 0x74, 0x75, 0x72, 0x65, 0x0a, 0x20, 0x20, 0x20, 0x20
  .byte 0x20, 0x20, 0x74, 0x79, 0x70, 0x65, 0x3a, 0x20, 0x73, 0x74, 0x72, 0x69, 0x6e, 0x67, 0x0a, 0x20
  .byte 0x20, 0x63, 0x6f, 0x6c, 0x2d, 0x33, 0x39, 0x3a, 0x0a, 0x20, 0x20, 0x20, 0x20, 0x74, 0x79, 0x70
  .byte 0x65, 0x3a, 0x20, 0x43, 0x6f, 0x6c, 0x0a, 0x20, 0x20, 0x20, 0x20, 0x70, 0x72, 0x6f, 0x70, 0x73
  .byte 0x3a, 0x0a, 0x20, 0x20, 0x20, 0x20, 0x20, 0x20, 0x6c, 0x61, 0x62, 0x65, 0x6c, 0x3a, 0x20, 0x57
  .byte 0x65, 0x65, 0x6b, 0x6c, 0x79, 0x20, 0x41, 0x63, 0x74, 0x69, 0x76, 0x65, 0x20, 0x55, 0x73, 0x65
  .byte 0x72, 0x73, 0x0a, 0x20, 0x20, 0x20, 0x20, 0x20, 0x20, 0x74, 0x79, 0x70, 0x65, 0x3a, 0x20, 0x6e
  .byte 0x75, 0x6d, 0x62, 0x65, 0x72, 0x0a, 0x20, 0x20, 0x63, 0x6f, 0x6c, 0x2d, 0x34, 0x30, 0x3a, 0x0a
  .byte 0x20, 0x20, 0x20, 0x20, 0x74, 0x79, 0x70, 0x65, 0x3a, 0x20, 0x43, 0x6f, 0x6c, 0x0a, 0x20, 0x20
  .byte 0x20, 0x20, 0x70, 0x72, 0x6f, 0x70, 0x73, 0x3a, 0x0a, 0x20, 0x20, 0x20, 0x20, 0x20, 0x20, 0x6c
  .byte 0x61, 0x62, 0x65, 0x6c, 0x3a, 0x20, 0x41, 0x64, 0x6f, 0x70, 0x74, 0x69, 0x6f, 0x6e, 0x20, 0x52
  .byte 0x61, 0x74, 0x65, 0x20, 0x28, 0x25, 0x29, 0x0a, 0x20, 0x20, 0x20, 0x20, 0x20, 0x20, 0x74, 0x79
  .byte 0x70, 0x65, 0x3a, 0x20, 0x6e, 0x75, 0x6d, 0x62, 0x65, 0x72, 0x0a, 0x20, 0x20, 0x63, 0x6f, 0x6c
  .byte 0x2d, 0x34, 0x31, 0x3a, 0x0a, 0x20, 0x20, 0x20, 0x20, 0x74, 0x79, 0x70, 0x65, 0x3a, 0x20, 0x43
  .byte 0x6f, 0x6c, 0x0a, 0x20, 0x20, 0x20, 0x20, 0x70, 0x72, 0x6f, 0x70, 0x73, 0x3a, 0x0a, 0x20, 0x20
  .byte 0x20, 0x20, 0x20, 0x20, 0x6c, 0x61, 0x62, 0x65, 0x6c, 0x3a, 0x20, 0x41, 0x76, 0x67, 0x2e, 0x20
  .byte 0x55, 0x73, 0x65, 0x73, 0x20, 0x2f, 0x20, 0x55, 0x73, 0x65, 0x72, 0x0a, 0x20, 0x20, 0x20, 0x20
  .byte 0x20, 0x20, 0x74, 0x79, 0x70, 0x65, 0x3a, 0x20, 0x6e, 0x75, 0x6d, 0x62, 0x65, 0x72, 0x0a, 0x20
  .byte 0x20, 0x74, 0x61, 0x62, 0x6c, 0x65, 0x2d, 0x33, 0x37, 0x3a, 0x0a, 0x20, 0x20, 0x20, 0x20, 0x74
  .byte 0x79, 0x70, 0x65, 0x3a, 0x20, 0x54, 0x61, 0x62, 0x6c, 0x65, 0x0a, 0x20, 0x20, 0x20, 0x20, 0x70
  .byte 0x72, 0x6f, 0x70, 0x73, 0x3a, 0x0a, 0x20, 0x20, 0x20, 0x20, 0x20, 0x20, 0x72, 0x6f, 0x77, 0x73
  .byte 0x3a, 0x0a, 0x20, 0x20, 0x20, 0x20, 0x20, 0x20, 0x20, 0x20, 0x2d, 0x20, 0x2d, 0x20, 0x44, 0x61
  .byte 0x73, 0x68, 0x62, 0x6f, 0x61, 0x72, 0x64, 0x73, 0x0a, 0x20, 0x20, 0x20, 0x20, 0x20, 0x20, 0x20
  .byte 0x20, 0x20, 0x20, 0x2d, 0x20, 0x34, 0x38, 0x32, 0x30, 0x30, 0x0a, 0x20, 0x20, 0x20, 0x20, 0x20
  .byte 0x20, 0x20, 0x20, 0x20, 0x20, 0x2d, 0x20, 0x36, 0x32, 0x2e, 0x35, 0x0a, 0x20, 0x20, 0x20, 0x20
  .byte 0x20, 0x20, 0x20, 0x20, 0x20, 0x20, 0x2d, 0x20, 0x35, 0x2e, 0x38, 0x0a, 0x20, 0x20, 0x20, 0x20
  .byte 0x20, 0x20, 0x20, 0x20, 0x2d, 0x20, 0x2d, 0x20, 0x41, 0x75, 0x74, 0x6f, 0x6d, 0x61, 0x74, 0x69
  .byte 0x6f, 0x6e, 0x73, 0x0a, 0x20, 0x20, 0x20, 0x20, 0x20, 0x20, 0x20, 0x20, 0x20, 0x20, 0x2d, 0x20
  .byte 0x33, 0x31, 0x37, 0x35, 0x30, 0x0a, 0x20, 0x20, 0x20, 0x20, 0x20, 0x20, 0x20, 0x20, 0x20, 0x20
  .byte 0x2d, 0x20, 0x34, 0x31, 0x2e, 0x32, 0x0a, 0x20, 0x20, 0x20, 0x20, 0x20, 0x20, 0x20, 0x20, 0x20
  .byte 0x20, 0x2d, 0x20, 0x33, 0x2e, 0x31, 0x0a, 0x20, 0x20, 0x20, 0x20, 0x20, 0x20, 0x20, 0x20, 0x2d
  .byte 0x20, 0x2d, 0x20, 0x49, 0x6e, 0x74, 0x65, 0x67, 0x72, 0x61, 0x74, 0x69, 0x6f, 0x6e, 0x73, 0x0a
  .byte 0x20, 0x20, 0x20, 0x20, 0x20, 0x20, 0x20, 0x20, 0x20, 0x20, 0x2d, 0x20, 0x32, 0x38, 0x39, 0x30
  .byte 0x30, 0x0a, 0x20, 0x20, 0x20, 0x20, 0x20, 0x20, 0x20, 0x20, 0x20, 0x20, 0x2d, 0x20, 0x33, 0x37
  .byte 0x2e, 0x35, 0x0a, 0x20, 0x20, 0x20, 0x20, 0x20, 0x20, 0x20, 0x20, 0x20, 0x20, 0x2d, 0x20, 0x32
  .byte 0x2e, 0x34, 0x0a, 0x20, 0x20, 0x20, 0x20, 0x20, 0x20, 0x20, 0x20, 0x2d, 0x20, 0x2d, 0x20, 0x54
  .byte 0x65, 0x61, 0x6d, 0x20, 0x43, 0x6f, 0x6c, 0x6c, 0x61, 0x62, 0x6f, 0x72, 0x61, 0x74, 0x69, 0x6f
  .byte 0x6e, 0x0a, 0x20, 0x20, 0x20, 0x20, 0x20, 0x20, 0x20, 0x20, 0x20, 0x20, 0x2d, 0x20, 0x32, 0x37
  .byte 0x31, 0x30, 0x30, 0x0a, 0x20, 0x20, 0x20, 0x20, 0x20, 0x20, 0x20, 0x20, 0x20, 0x20, 0x2d, 0x20
  .byte 0x33, 0x35, 0x2e, 0x32, 0x0a, 0x20, 0x20, 0x20, 0x20, 0x20, 0x20, 0x20, 0x20, 0x20, 0x20, 0x2d
  .byte 0x20, 0x34, 0x2e, 0x36, 0x0a, 0x20, 0x20, 0x20, 0x20, 0x20, 0x20, 0x20, 0x20, 0x2d, 0x20, 0x2d
  .byte 0x20, 0x45, 0x78, 0x70, 0x6f, 0x72, 0x74, 0x73, 0x0a, 0x20, 0x20, 0x20, 0x20, 0x20, 0x20, 0x20
  .byte 0x20, 0x20, 0x20, 0x2d, 0x20, 0x31, 0x39, 0x38, 0x35, 0x30, 0x0a, 0x20, 0x20, 0x20, 0x20, 0x20
  .byte 0x20, 0x20, 0x20, 0x20, 0x20, 0x2d, 0x20, 0x32, 0x35, 0x2e, 0x38, 0x0a, 0x20, 0x20, 0x20, 0x20
  .byte 0x20, 0x20, 0x20, 0x20, 0x20, 0x20, 0x2d, 0x20, 0x31, 0x2e, 0x37, 0x0a, 0x20, 0x20, 0x20, 0x20
  .byte 0x20, 0x20, 0x20, 0x20, 0x2d, 0x20, 0x2d, 0x20, 0x41, 0x6c, 0x65, 0x72, 0x74, 0x73, 0x0a, 0x20
  .byte 0x20, 0x20, 0x20, 0x20, 0x20, 0x20, 0x20, 0x20, 0x20, 0x2d, 0x20, 0x31, 0x37, 0x36, 0x30, 0x30
  .byte 0x0a, 0x20, 0x20, 0x20, 0x20, 0x20, 0x20, 0x20, 0x20, 0x20, 0x20, 0x2d, 0x20, 0x32, 0x32, 0x2e
  .byte 0x39, 0x0a, 0x20, 0x20, 0x20, 0x20, 0x20, 0x20, 0x20, 0x20, 0x20, 0x20, 0x2d, 0x20, 0x32, 0x0a
  .byte 0x20, 0x20, 0x20, 0x20, 0x20, 0x20, 0x20, 0x20, 0x2d, 0x20, 0x2d, 0x20, 0x41, 0x50, 0x49, 0x20
  .byte 0x41, 0x63, 0x63, 0x65, 0x73, 0x73, 0x0a, 0x20, 0x20, 0x20, 0x20, 0x20, 0x20, 0x20, 0x20, 0x20
  .byte 0x20, 0x2d, 0x20, 0x31, 0x32, 0x31, 0x35, 0x30, 0x0a, 0x20, 0x20, 0x20, 0x20, 0x20, 0x20, 0x20
  .byte 0x20, 0x20, 0x20, 0x2d, 0x20, 0x31, 0x35, 0x2e, 0x38, 0x0a, 0x20, 0x20, 0x20, 0x20, 0x20, 0x20
  .byte 0x20, 0x20, 0x20, 0x20, 0x2d, 0x20, 0x36, 0x2e, 0x33, 0x0a, 0x20, 0x20, 0x20, 0x20, 0x63, 0x68
  .byte 0x69, 0x6c, 0x64, 0x72, 0x65, 0x6e, 0x3a, 0x0a, 0x20, 0x20, 0x20, 0x20, 0x20, 0x20, 0x2d, 0x20
  .byte 0x63, 0x6f, 0x6c, 0x2d, 0x33, 0x38, 0x0a, 0x20, 0x20, 0x20, 0x20, 0x20, 0x20, 0x2d, 0x20, 0x63
  .byte 0x6f, 0x6c, 0x2d, 0x33, 0x39, 0x0a, 0x20, 0x20, 0x20, 0x20, 0x20, 0x20, 0x2d, 0x20, 0x63, 0x6f
  .byte 0x6c, 0x2d, 0x34, 0x30, 0x0a, 0x20, 0x20, 0x20, 0x20, 0x20, 0x20, 0x2d, 0x20, 0x63, 0x6f, 0x6c
  .byte 0x2d, 0x34, 0x31, 0x0a, 0x20, 0x20, 0x63, 0x61, 0x72, 0x64, 0x2d, 0x33, 0x35, 0x3a, 0x0a, 0x20
  .byte 0x20, 0x20, 0x20, 0x74, 0x79, 0x70, 0x65, 0x3a, 0x20, 0x43, 0x61, 0x72, 0x64, 0x0a, 0x20, 0x20
  .byte 0x20, 0x20, 0x70, 0x72, 0x6f, 0x70, 0x73, 0x3a, 0x0a, 0x20, 0x20, 0x20, 0x20, 0x20, 0x20, 0x76
  .byte 0x61, 0x72, 0x69, 0x61, 0x6e, 0x74, 0x3a, 0x20, 0x63, 0x61, 0x72, 0x64, 0x0a, 0x20, 0x20, 0x20
  .byte 0x20, 0x63, 0x68, 0x69, 0x6c, 0x64, 0x72, 0x65, 0x6e, 0x3a, 0x0a, 0x20, 0x20, 0x20, 0x20, 0x20
  .byte 0x20, 0x2d, 0x20, 0x63, 0x61, 0x72, 0x64, 0x68, 0x65, 0x61, 0x64, 0x65, 0x72, 0x2d, 0x33, 0x36
  .byte 0x0a, 0x20, 0x20, 0x20, 0x20, 0x20, 0x20, 0x2d, 0x20, 0x74, 0x61, 0x62, 0x6c, 0x65, 0x2d, 0x33
  .byte 0x37, 0x0a, 0x20, 0x20, 0x63, 0x61, 0x72, 0x64, 0x68, 0x65, 0x61, 0x64, 0x65, 0x72, 0x2d, 0x34
  .byte 0x33, 0x3a, 0x0a, 0x20, 0x20, 0x20, 0x20, 0x74, 0x79, 0x70, 0x65, 0x3a, 0x20, 0x43, 0x61, 0x72
  .byte 0x64, 0x48, 0x65, 0x61, 0x64, 0x65, 0x72, 0x0a, 0x20, 0x20, 0x20, 0x20, 0x70, 0x72, 0x6f, 0x70
  .byte 0x73, 0x3a, 0x0a, 0x20, 0x20, 0x20, 0x20, 0x20, 0x20, 0x74, 0x69, 0x74, 0x6c, 0x65, 0x3a, 0x20
  .byte 0x52, 0x65, 0x76, 0x65, 0x6e, 0x75, 0x65, 0x20, 0x54, 0x72, 0x65, 0x6e, 0x64, 0x0a, 0x20, 0x20
  .byte 0x20, 0x20, 0x20, 0x20, 0x73, 0x75, 0x62, 0x74, 0x69, 0x74, 0x6c, 0x65, 0x3a, 0x20, 0x4d, 0x52
  .byte 0x52, 0x20, 0x61, 0x6e, 0x64, 0x20, 0x41, 0x52, 0x52, 0x20, 0x28, 0x6c, 0x61, 0x73, 0x74, 0x20
  .byte 0x31, 0x32, 0x20, 0x6d, 0x6f, 0x6e, 0x74, 0x68, 0x73, 0x29, 0x0a, 0x20, 0x20, 0x73, 0x65, 0x72
  .byte 0x69, 0x65, 0x73, 0x2d, 0x34, 0x35, 0x3a, 0x0a, 0x20, 0x20, 0x20, 0x20, 0x74, 0x79, 0x70, 0x65
  .byte 0x3a, 0x20, 0x53, 0x65, 0x72, 0x69, 0x65, 0x73, 0x0a, 0x20, 0x20, 0x20, 0x20, 0x70, 0x72, 0x6f
  .byte 0x70, 0x73, 0x3a, 0x0a, 0x20, 0x20, 0x20, 0x20, 0x20, 0x20, 0x63, 0x61, 0x74, 0x65, 0x67, 0x6f
  .byte 0x72, 0x79, 0x3a, 0x20, 0x4d, 0x52, 0x52, 0x20, 0x28, 0x24, 0x29, 0x0a, 0x20, 0x20, 0x20, 0x20
  .byte 0x20, 0x20, 0x76, 0x61, 0x6c, 0x75, 0x65, 0x73, 0x3a, 0x0a, 0x20, 0x20, 0x20, 0x20, 0x20, 0x20
  .byte 0x20, 0x20, 0x2d, 0x20, 0x33, 0x33, 0x32, 0x30, 0x30, 0x30, 0x0a, 0x20, 0x20, 0x20, 0x20, 0x20
  .byte 0x20, 0x20, 0x20, 0x2d, 0x20, 0x33, 0x34, 0x31, 0x30, 0x30, 0x30, 0x0a, 0x20, 0x20, 0x20, 0x20
  .byte 0x20, 0x20, 0x20, 0x20, 0x2d, 0x20, 0x33, 0x34, 0x39, 0x30, 0x30, 0x30, 0x0a, 0x20, 0x20, 0x20
  .byte 0x20, 0x20, 0x20, 0x20, 0x20, 0x2d, 0x20, 0x33, 0x35, 0x36, 0x30, 0x30, 0x30, 0x0a, 0x20, 0x20
  .byte 0x20, 0x20, 0x20, 0x20, 0x20, 0x20, 0x2d, 0x20, 0x33, 0x36, 0x34, 0x30, 0x30, 0x30, 0x0a, 0x20
  .byte 0x20, 0x20, 0x20, 0x20, 0x20, 0x20, 0x20, 0x2d, 0x20, 0x33, 0x37, 0x32, 0x30, 0x30, 0x30, 0x0a
  .byte 0x20, 0x20, 0x20, 0x20, 0x20, 0x20, 0x20, 0x20, 0x2d, 0x20, 0x33, 0x38, 0x31, 0x30, 0x30, 0x30
  .byte 0x0a, 0x20, 0x20, 0x20, 0x20, 0x20, 0x20, 0x20, 0x20, 0x2d, 0x20, 0x33, 0x38, 0x39, 0x30, 0x30
  .byte 0x30, 0x0a, 0x20, 0x20, 0x20, 0x20, 0x20, 0x20, 0x20, 0x20, 0x2d, 0x20, 0x33, 0x39, 0x37, 0x30
  .byte 0x30, 0x30, 0x0a, 0x20, 0x20, 0x20, 0x20, 0x20, 0x20, 0x20, 0x20, 0x2d, 0x20, 0x34, 0x30, 0x34
  .byte 0x30, 0x30, 0x30, 0x0a, 0x20, 0x20, 0x20, 0x20, 0x20, 0x20, 0x20, 0x20, 0x2d, 0x20, 0x34, 0x30
  .byte 0x38, 0x30, 0x30, 0x30, 0x0a, 0x20, 0x20, 0x20, 0x20, 0x20, 0x20, 0x20, 0x20, 0x2d, 0x20, 0x34
  .byte 0x31, 0x32, 0x30, 0x30, 0x30, 0x0a, 0x20, 0x20, 0x73, 0x65, 0x72, 0x69, 0x65, 0x73, 0x2d, 0x34
  .byte 0x36, 0x3a, 0x0a, 0x20, 0x20, 0x20, 0x20, 0x74, 0x79, 0x70, 0x65, 0x3a, 0x20, 0x53, 0x65, 0x72
  .byte 0x69, 0x65, 0x73, 0x0a, 0x20, 0x20, 0x20, 0x20, 0x70, 0x72, 0x6f, 0x70, 0x73, 0x3a, 0x0a, 0x20
  .byte 0x20, 0x20, 0x20, 0x20, 0x20, 0x63, 0x61, 0x74, 0x65, 0x67, 0x6f, 0x72, 0x79, 0x3a, 0x20, 0x41
  .byte 0x52, 0x52, 0x20, 0x28, 0x24, 0x29, 0x0a, 0x20, 0x20, 0x20, 0x20, 0x20, 0x20, 0x76, 0x61, 0x6c
  .byte 0x75, 0x65, 0x73, 0x3a, 0x0a, 0x20, 0x20, 0x20, 0x20, 0x20, 0x20, 0x20, 0x20, 0x2d, 0x20, 0x33
  .byte 0x39, 0x38, 0x34, 0x30, 0x30, 0x30, 0x0a, 0x20, 0x20, 0x20, 0x20, 0x20, 0x20, 0x20, 0x20, 0x2d
  .byte 0x20, 0x34, 0x30, 0x39, 0x32, 0x30, 0x30, 0x30, 0x0a, 0x20, 0x20, 0x20, 0x20, 0x20, 0x20, 0x20
  .byte 0x20, 0x2d, 0x20, 0x34, 0x31, 0x38, 0x38, 0x30, 0x30, 0x30, 0x0a, 0x20, 0x20, 0x20, 0x20, 0x20
  .byte 0x20, 0x20, 0x20, 0x2d, 0x20, 0x34, 0x32, 0x37, 0x32, 0x30, 0x30, 0x30, 0x0a, 0x20, 0x20, 0x20
  .byte 0x20, 0x20, 0x20, 0x20, 0x20, 0x2d, 0x20, 0x34, 0x33, 0x36, 0x38, 0x30, 0x30, 0x30, 0x0a, 0x20
  .byte 0x20, 0x20, 0x20, 0x20, 0x20, 0x20, 0x20, 0x2d, 0x20, 0x34, 0x34, 0x36, 0x34, 0x30, 0x30, 0x30
  .byte 0x0a, 0x20, 0x20, 0x20, 0x20, 0x20, 0x20, 0x20, 0x20, 0x2d, 0x20, 0x34, 0x35, 0x37, 0x32, 0x30
  .byte 0x30, 0x30, 0x0a, 0x20, 0x20, 0x20, 0x20, 0x20, 0x20, 0x20, 0x20, 0x2d, 0x20, 0x34, 0x36, 0x36
  .byte 0x38, 0x30, 0x30, 0x30, 0x0a, 0x20, 0x20, 0x20, 0x20, 0x20, 0x20, 0x20, 0x20, 0x2d, 0x20, 0x34
  .byte 0x37, 0x36, 0x34, 0x30, 0x30, 0x30, 0x0a, 0x20, 0x20, 0x20, 0x20, 0x20, 0x20, 0x20, 0x20, 0x2d
  .byte 0x20, 0x34, 0x38, 0x34, 0x38, 0x30, 0x30, 0x30, 0x0a, 0x20, 0x20, 0x20, 0x20, 0x20, 0x20, 0x20
  .byte 0x20, 0x2d, 0x20, 0x34, 0x38, 0x39, 0x36, 0x30, 0x30, 0x30, 0x0a, 0x20, 0x20, 0x20, 0x20, 0x20
  .byte 0x20, 0x20, 0x20, 0x2d, 0x20, 0x34, 0x39, 0x34, 0x34, 0x30, 0x30, 0x30, 0x0a, 0x20, 0x20, 0x6c
  .byte 0x69, 0x6e, 0x65, 0x63, 0x68, 0x61, 0x72, 0x74, 0x2d, 0x34, 0x34, 0x3a, 0x0a, 0x20, 0x20, 0x20
  .byte 0x20, 0x74, 0x79, 0x70, 0x65, 0x3a, 0x20, 0x4c, 0x69, 0x6e, 0x65, 0x43, 0x68, 0x61, 0x72, 0x74
  .byte 0x0a, 0x20, 0x20, 0x20, 0x20, 0x70, 0x72, 0x6f, 0x70, 0x73, 0x3a, 0x0a, 0x20, 0x20, 0x20, 0x20
  .byte 0x20, 0x20, 0x6c, 0x61, 0x62, 0x65, 0x6c, 0x73, 0x3a, 0x0a, 0x20, 0x20, 0x20, 0x20, 0x20, 0x20
  .byte 0x20, 0x20, 0x2d, 0x20, 0x41, 0x70, 0x72, 0x0a, 0x20, 0x20, 0x20, 0x20, 0x20, 0x20, 0x20, 0x20
  .byte 0x2d, 0x20, 0x4d, 0x61, 0x79, 0x0a, 0x20, 0x20, 0x20, 0x20, 0x20, 0x20, 0x20, 0x20, 0x2d, 0x20
  .byte 0x4a, 0x75, 0x6e, 0x0a, 0x20, 0x20, 0x20, 0x20, 0x20, 0x20, 0x20, 0x20, 0x2d, 0x20, 0x4a, 0x75
  .byte 0x6c, 0x0a, 0x20, 0x20, 0x20, 0x20, 0x20, 0x20, 0x20, 0x20, 0x2d, 0x20, 0x41, 0x75, 0x67, 0x0a
  .byte 0x20, 0x20, 0x20, 0x20, 0x20, 0x20, 0x20, 0x20, 0x2d, 0x20, 0x53, 0x65, 0x70, 0x0a, 0x20, 0x20
  .byte 0x20, 0x20, 0x20, 0x20, 0x20, 0x20, 0x2d, 0x20, 0x4f, 0x63, 0x74, 0x0a, 0x20, 0x20, 0x20, 0x20
  .byte 0x20, 0x20, 0x20, 0x20, 0x2d, 0x20, 0x4e, 0x6f, 0x76, 0x0a, 0x20, 0x20, 0x20, 0x20, 0x20, 0x20
  .byte 0x20, 0x20, 0x2d, 0x20, 0x44, 0x65, 0x63, 0x0a, 0x20, 0x20, 0x20, 0x20, 0x20, 0x20, 0x20, 0x20
  .byte 0x2d, 0x20, 0x4a, 0x61, 0x6e, 0x0a, 0x20, 0x20, 0x20, 0x20, 0x20, 0x20, 0x20, 0x20, 0x2d, 0x20
  .byte 0x46, 0x65, 0x62, 0x0a, 0x20, 0x20, 0x20, 0x20, 0x20, 0x20, 0x20, 0x20, 0x2d, 0x20, 0x4d, 0x61
  .byte 0x72, 0x0a, 0x20, 0x20, 0x20, 0x20, 0x20, 0x20, 0x76, 0x61, 0x72, 0x69, 0x61, 0x6e, 0x74, 0x3a
  .byte 0x20, 0x6e, 0x61, 0x74, 0x75, 0x72, 0x61, 0x6c, 0x0a, 0x20, 0x20, 0x20, 0x20, 0x20, 0x20, 0x78
  .byte 0x4c, 0x61, 0x62, 0x65, 0x6c, 0x3a, 0x20, 0x4d, 0x6f, 0x6e, 0x74, 0x68, 0x0a, 0x20, 0x20, 0x20
  .byte 0x20, 0x20, 0x20, 0x79, 0x4c, 0x61, 0x62, 0x65, 0x6c, 0x3a, 0x20, 0x55, 0x53, 0x44, 0x0a, 0x20
  .byte 0x20, 0x20, 0x20, 0x63, 0x68, 0x69, 0x6c, 0x64, 0x72, 0x65, 0x6e, 0x3a, 0x0a, 0x20, 0x20, 0x20
  .byte 0x20, 0x20, 0x20, 0x2d, 0x20, 0x73, 0x65, 0x72, 0x69, 0x65, 0x73, 0x2d, 0x34, 0x35, 0x0a, 0x20
  .byte 0x20, 0x20, 0x20, 0x20, 0x20, 0x2d, 0x20, 0x73, 0x65, 0x72, 0x69, 0x65, 0x73, 0x2d, 0x34, 0x36
  .byte 0x0a, 0x20, 0x20, 0x74, 0x65, 0x78, 0x74, 0x63, 0x6f, 0x6e, 0x74, 0x65, 0x6e, 0x74, 0x2d, 0x34
  .byte 0x37, 0x3a, 0x0a, 0x20, 0x20, 0x20, 0x20, 0x74, 0x79, 0x70, 0x65, 0x3a, 0x20, 0x54, 0x65, 0x78
  .byte 0x74, 0x43, 0x6f, 0x6e, 0x74, 0x65, 0x6e, 0x74, 0x0a, 0x20, 0x20, 0x20, 0x20, 0x70, 0x72, 0x6f
  .byte 0x70, 0x73, 0x3a, 0x0a, 0x20, 0x20, 0x20, 0x20, 0x20, 0x20, 0x74, 0x65, 0x78, 0x74, 0x3a, 0x20
  .byte 0x41, 0x52, 0x52, 0x20, 0x73, 0x68, 0x6f, 0x77, 0x6e, 0x20, 0x61, 0x73, 0x20, 0x31, 0x32, 0xc3
  .byte 0x97, 0x4d, 0x52, 0x52, 0x20, 0x66, 0x6f, 0x72, 0x20, 0x64, 0x69, 0x72, 0x65, 0x63, 0x74, 0x69
  .byte 0x6f, 0x6e, 0x61, 0x6c, 0x20, 0x74, 0x72, 0x61, 0x63, 0x6b, 0x69, 0x6e, 0x67, 0x3b, 0x20, 0x72
  .byte 0x65, 0x70, 0x6c, 0x61, 0x63, 0x65, 0x20, 0x77, 0x69, 0x74, 0x68, 0x20, 0x63, 0x6f, 0x6e, 0x74
  .byte 0x72, 0x61, 0x63, 0x74, 0x65, 0x64, 0x20, 0x41, 0x52, 0x52, 0x0a, 0x20, 0x20, 0x20, 0x20, 0x20
  .byte 0x20, 0x20, 0x20, 0x69, 0x66, 0x20, 0x79, 0x6f, 0x75, 0x20, 0x74, 0x72, 0x61, 0x63, 0x6b, 0x20
  .byte 0x61, 0x6e, 0x6e, 0x75, 0x61, 0x6c, 0x20, 0x63, 0x6f, 0x6d, 0x6d, 0x69, 0x74, 0x6d, 0x65, 0x6e
  .byte 0x74, 0x73, 0x2e, 0x0a, 0x20, 0x20, 0x20, 0x20, 0x20, 0x20, 0x73, 0x69, 0x7a, 0x65, 0x3a, 0x20
  .byte 0x73, 0x6d, 0x61, 0x6c, 0x6c, 0x0a, 0x20, 0x20, 0x63, 0x61, 0x72, 0x64, 0x2d, 0x34, 0x32, 0x3a
  .byte 0x0a, 0x20, 0x20, 0x20, 0x20, 0x74, 0x79, 0x70, 0x65, 0x3a, 0x20, 0x43, 0x61, 0x72, 0x64, 0x0a
  .byte 0x20, 0x20, 0x20, 0x20, 0x70, 0x72, 0x6f, 0x70, 0x73, 0x3a, 0x0a, 0x20, 0x20, 0x20, 0x20, 0x20
  .byte 0x20, 0x76, 0x61, 0x72, 0x69, 0x61, 0x6e, 0x74, 0x3a, 0x20, 0x63, 0x61, 0x72, 0x64, 0x0a, 0x20
  .byte 0x20, 0x20, 0x20, 0x63, 0x68, 0x69, 0x6c, 0x64, 0x72, 0x65, 0x6e, 0x3a, 0x0a, 0x20, 0x20, 0x20
  .byte 0x20, 0x20, 0x20, 0x2d, 0x20, 0x63, 0x61, 0x72, 0x64, 0x68, 0x65, 0x61, 0x64, 0x65, 0x72, 0x2d
  .byte 0x34, 0x33, 0x0a, 0x20, 0x20, 0x20, 0x20, 0x20, 0x20, 0x2d, 0x20, 0x6c, 0x69, 0x6e, 0x65, 0x63
  .byte 0x68, 0x61, 0x72, 0x74, 0x2d, 0x34, 0x34, 0x0a, 0x20, 0x20, 0x20, 0x20, 0x20, 0x20, 0x2d, 0x20
  .byte 0x74, 0x65, 0x78, 0x74, 0x63, 0x6f, 0x6e, 0x74, 0x65, 0x6e, 0x74, 0x2d, 0x34, 0x37, 0x0a, 0x20
  .byte 0x20, 0x73, 0x74, 0x61, 0x63, 0x6b, 0x2d, 0x31, 0x3a, 0x0a, 0x20, 0x20, 0x20, 0x20, 0x74, 0x79
  .byte 0x70, 0x65, 0x3a, 0x20, 0x53, 0x74, 0x61, 0x63, 0x6b, 0x0a, 0x20, 0x20, 0x20, 0x20, 0x70, 0x72
  .byte 0x6f, 0x70, 0x73, 0x3a, 0x0a, 0x20, 0x20, 0x20, 0x20, 0x20, 0x20, 0x64, 0x69, 0x72, 0x65, 0x63
  .byte 0x74, 0x69, 0x6f, 0x6e, 0x3a, 0x20, 0x63, 0x6f, 0x6c, 0x75, 0x6d, 0x6e, 0x0a, 0x20, 0x20, 0x20
  .byte 0x20, 0x20, 0x20, 0x67, 0x61, 0x70, 0x3a, 0x20, 0x6c, 0x0a, 0x20, 0x20, 0x20, 0x20, 0x63, 0x68
  .byte 0x69, 0x6c, 0x64, 0x72, 0x65, 0x6e, 0x3a, 0x0a, 0x20, 0x20, 0x20, 0x20, 0x20, 0x20, 0x2d, 0x20
  .byte 0x63, 0x61, 0x72, 0x64, 0x2d, 0x32, 0x0a, 0x20, 0x20, 0x20, 0x20, 0x20, 0x20, 0x2d, 0x20, 0x73
  .byte 0x74, 0x61, 0x63, 0x6b, 0x2d, 0x34, 0x0a, 0x20, 0x20, 0x20, 0x20, 0x20, 0x20, 0x2d, 0x20, 0x73
  .byte 0x74, 0x61, 0x63, 0x6b, 0x2d, 0x32, 0x31, 0x0a, 0x20, 0x20, 0x20, 0x20, 0x20, 0x20, 0x2d, 0x20
  .byte 0x63, 0x61, 0x72, 0x64, 0x2d, 0x33, 0x35, 0x0a, 0x20, 0x20, 0x20, 0x20, 0x20, 0x20, 0x2d, 0x20
  .byte 0x63, 0x61, 0x72, 0x64, 0x2d, 0x34, 0x32, 0x0a

  .globl openui_full_port_benchmarks_samples_dashboard_yaml_950813979516_pass_4_len
openui_full_port_benchmarks_samples_dashboard_yaml_950813979516_pass_4_len:
  .quad 6952
