# OpenUI mechanical full assembly port
# source: benchmarks/samples/pricing-page.yaml
# sha256: b485c84b4ef90ff1dbdf7e87286f570304fa6c166958ec2217275a4037171e39
# bytes: 8594
# assembly passes: 4
  .section .rodata
# assembly pass: 1/4
  .globl openui_full_port_benchmarks_samples_pricing_page_yaml_b485c84b4ef9
openui_full_port_benchmarks_samples_pricing_page_yaml_b485c84b4ef9:
  .byte 0x72, 0x6f, 0x6f, 0x74, 0x3a, 0x20, 0x73, 0x74, 0x61, 0x63, 0x6b, 0x2d, 0x31, 0x0a, 0x65, 0x6c
  .byte 0x65, 0x6d, 0x65, 0x6e, 0x74, 0x73, 0x3a, 0x0a, 0x20, 0x20, 0x74, 0x65, 0x78, 0x74, 0x63, 0x6f
  .byte 0x6e, 0x74, 0x65, 0x6e, 0x74, 0x2d, 0x33, 0x3a, 0x0a, 0x20, 0x20, 0x20, 0x20, 0x74, 0x79, 0x70
  .byte 0x65, 0x3a, 0x20, 0x54, 0x65, 0x78, 0x74, 0x43, 0x6f, 0x6e, 0x74, 0x65, 0x6e, 0x74, 0x0a, 0x20
  .byte 0x20, 0x20, 0x20, 0x70, 0x72, 0x6f, 0x70, 0x73, 0x3a, 0x0a, 0x20, 0x20, 0x20, 0x20, 0x20, 0x20
  .byte 0x74, 0x65, 0x78, 0x74, 0x3a, 0x20, 0x50, 0x72, 0x69, 0x63, 0x69, 0x6e, 0x67, 0x0a, 0x20, 0x20
  .byte 0x20, 0x20, 0x20, 0x20, 0x73, 0x69, 0x7a, 0x65, 0x3a, 0x20, 0x6c, 0x61, 0x72, 0x67, 0x65, 0x2d
  .byte 0x68, 0x65, 0x61, 0x76, 0x79, 0x0a, 0x20, 0x20, 0x74, 0x65, 0x78, 0x74, 0x63, 0x6f, 0x6e, 0x74
  .byte 0x65, 0x6e, 0x74, 0x2d, 0x34, 0x3a, 0x0a, 0x20, 0x20, 0x20, 0x20, 0x74, 0x79, 0x70, 0x65, 0x3a
  .byte 0x20, 0x54, 0x65, 0x78, 0x74, 0x43, 0x6f, 0x6e, 0x74, 0x65, 0x6e, 0x74, 0x0a, 0x20, 0x20, 0x20
  .byte 0x20, 0x70, 0x72, 0x6f, 0x70, 0x73, 0x3a, 0x0a, 0x20, 0x20, 0x20, 0x20, 0x20, 0x20, 0x74, 0x65
  .byte 0x78, 0x74, 0x3a, 0x20, 0x43, 0x68, 0x6f, 0x6f, 0x73, 0x65, 0x20, 0x74, 0x68, 0x65, 0x20, 0x70
  .byte 0x6c, 0x61, 0x6e, 0x20, 0x74, 0x68, 0x61, 0x74, 0x20, 0x66, 0x69, 0x74, 0x73, 0x20, 0x79, 0x6f
  .byte 0x75, 0x72, 0x20, 0x74, 0x65, 0x61, 0x6d, 0x20, 0x74, 0x6f, 0x64, 0x61, 0x79, 0x2e, 0x20, 0x55
  .byte 0x70, 0x67, 0x72, 0x61, 0x64, 0x65, 0x2c, 0x20, 0x64, 0x6f, 0x77, 0x6e, 0x67, 0x72, 0x61, 0x64
  .byte 0x65, 0x2c, 0x20, 0x6f, 0x72, 0x20, 0x63, 0x61, 0x6e, 0x63, 0x65, 0x6c, 0x0a, 0x20, 0x20, 0x20
  .byte 0x20, 0x20, 0x20, 0x20, 0x20, 0x61, 0x6e, 0x79, 0x74, 0x69, 0x6d, 0x65, 0x2e, 0x0a, 0x20, 0x20
  .byte 0x20, 0x20, 0x20, 0x20, 0x73, 0x69, 0x7a, 0x65, 0x3a, 0x20, 0x64, 0x65, 0x66, 0x61, 0x75, 0x6c
  .byte 0x74, 0x0a, 0x20, 0x20, 0x74, 0x61, 0x67, 0x62, 0x6c, 0x6f, 0x63, 0x6b, 0x2d, 0x35, 0x3a, 0x0a
  .byte 0x20, 0x20, 0x20, 0x20, 0x74, 0x79, 0x70, 0x65, 0x3a, 0x20, 0x54, 0x61, 0x67, 0x42, 0x6c, 0x6f
  .byte 0x63, 0x6b, 0x0a, 0x20, 0x20, 0x20, 0x20, 0x70, 0x72, 0x6f, 0x70, 0x73, 0x3a, 0x0a, 0x20, 0x20
  .byte 0x20, 0x20, 0x20, 0x20, 0x74, 0x61, 0x67, 0x73, 0x3a, 0x0a, 0x20, 0x20, 0x20, 0x20, 0x20, 0x20
  .byte 0x20, 0x20, 0x2d, 0x20, 0x4d, 0x6f, 0x6e, 0x74, 0x68, 0x6c, 0x79, 0x20, 0x62, 0x69, 0x6c, 0x6c
  .byte 0x69, 0x6e, 0x67, 0x0a, 0x20, 0x20, 0x20, 0x20, 0x20, 0x20, 0x20, 0x20, 0x2d, 0x20, 0x41, 0x6e
  .byte 0x6e, 0x75, 0x61, 0x6c, 0x20, 0x64, 0x69, 0x73, 0x63, 0x6f, 0x75, 0x6e, 0x74, 0x73, 0x20, 0x61
  .byte 0x76, 0x61, 0x69, 0x6c, 0x61, 0x62, 0x6c, 0x65, 0x0a, 0x20, 0x20, 0x20, 0x20, 0x20, 0x20, 0x20
  .byte 0x20, 0x2d, 0x20, 0x4e, 0x6f, 0x20, 0x68, 0x69, 0x64, 0x64, 0x65, 0x6e, 0x20, 0x66, 0x65, 0x65
  .byte 0x73, 0x0a, 0x20, 0x20, 0x73, 0x74, 0x61, 0x63, 0x6b, 0x2d, 0x32, 0x3a, 0x0a, 0x20, 0x20, 0x20
  .byte 0x20, 0x74, 0x79, 0x70, 0x65, 0x3a, 0x20, 0x53, 0x74, 0x61, 0x63, 0x6b, 0x0a, 0x20, 0x20, 0x20
  .byte 0x20, 0x70, 0x72, 0x6f, 0x70, 0x73, 0x3a, 0x0a, 0x20, 0x20, 0x20, 0x20, 0x20, 0x20, 0x64, 0x69
  .byte 0x72, 0x65, 0x63, 0x74, 0x69, 0x6f, 0x6e, 0x3a, 0x20, 0x63, 0x6f, 0x6c, 0x75, 0x6d, 0x6e, 0x0a
  .byte 0x20, 0x20, 0x20, 0x20, 0x20, 0x20, 0x67, 0x61, 0x70, 0x3a, 0x20, 0x73, 0x0a, 0x20, 0x20, 0x20
  .byte 0x20, 0x63, 0x68, 0x69, 0x6c, 0x64, 0x72, 0x65, 0x6e, 0x3a, 0x0a, 0x20, 0x20, 0x20, 0x20, 0x20
  .byte 0x20, 0x2d, 0x20, 0x74, 0x65, 0x78, 0x74, 0x63, 0x6f, 0x6e, 0x74, 0x65, 0x6e, 0x74, 0x2d, 0x33
  .byte 0x0a, 0x20, 0x20, 0x20, 0x20, 0x20, 0x20, 0x2d, 0x20, 0x74, 0x65, 0x78, 0x74, 0x63, 0x6f, 0x6e
  .byte 0x74, 0x65, 0x6e, 0x74, 0x2d, 0x34, 0x0a, 0x20, 0x20, 0x20, 0x20, 0x20, 0x20, 0x2d, 0x20, 0x74
  .byte 0x61, 0x67, 0x62, 0x6c, 0x6f, 0x63, 0x6b, 0x2d, 0x35, 0x0a, 0x20, 0x20, 0x63, 0x61, 0x72, 0x64
  .byte 0x68, 0x65, 0x61, 0x64, 0x65, 0x72, 0x2d, 0x38, 0x3a, 0x0a, 0x20, 0x20, 0x20, 0x20, 0x74, 0x79
  .byte 0x70, 0x65, 0x3a, 0x20, 0x43, 0x61, 0x72, 0x64, 0x48, 0x65, 0x61, 0x64, 0x65, 0x72, 0x0a, 0x20
  .byte 0x20, 0x20, 0x20, 0x70, 0x72, 0x6f, 0x70, 0x73, 0x3a, 0x0a, 0x20, 0x20, 0x20, 0x20, 0x20, 0x20
  .byte 0x74, 0x69, 0x74, 0x6c, 0x65, 0x3a, 0x20, 0x42, 0x61, 0x73, 0x69, 0x63, 0x0a, 0x20, 0x20, 0x20
  .byte 0x20, 0x20, 0x20, 0x73, 0x75, 0x62, 0x74, 0x69, 0x74, 0x6c, 0x65, 0x3a, 0x20, 0x46, 0x6f, 0x72
  .byte 0x20, 0x69, 0x6e, 0x64, 0x69, 0x76, 0x69, 0x64, 0x75, 0x61, 0x6c, 0x73, 0x20, 0x61, 0x6e, 0x64
  .byte 0x20, 0x73, 0x6d, 0x61, 0x6c, 0x6c, 0x20, 0x70, 0x72, 0x6f, 0x6a, 0x65, 0x63, 0x74, 0x73, 0x0a
  .byte 0x20, 0x20, 0x74, 0x65, 0x78, 0x74, 0x63, 0x6f, 0x6e, 0x74, 0x65, 0x6e, 0x74, 0x2d, 0x39, 0x3a
  .byte 0x0a, 0x20, 0x20, 0x20, 0x20, 0x74, 0x79, 0x70, 0x65, 0x3a, 0x20, 0x54, 0x65, 0x78, 0x74, 0x43
  .byte 0x6f, 0x6e, 0x74, 0x65, 0x6e, 0x74, 0x0a, 0x20, 0x20, 0x20, 0x20, 0x70, 0x72, 0x6f, 0x70, 0x73
  .byte 0x3a, 0x0a, 0x20, 0x20, 0x20, 0x20, 0x20, 0x20, 0x74, 0x65, 0x78, 0x74, 0x3a, 0x20, 0x24, 0x31
  .byte 0x32, 0x20, 0x2f, 0x20, 0x6d, 0x6f, 0x6e, 0x74, 0x68, 0x0a, 0x20, 0x20, 0x20, 0x20, 0x20, 0x20
  .byte 0x73, 0x69, 0x7a, 0x65, 0x3a, 0x20, 0x6c, 0x61, 0x72, 0x67, 0x65, 0x2d, 0x68, 0x65, 0x61, 0x76
  .byte 0x79, 0x0a, 0x20, 0x20, 0x74, 0x65, 0x78, 0x74, 0x63, 0x6f, 0x6e, 0x74, 0x65, 0x6e, 0x74, 0x2d
  .byte 0x31, 0x30, 0x3a, 0x0a, 0x20, 0x20, 0x20, 0x20, 0x74, 0x79, 0x70, 0x65, 0x3a, 0x20, 0x54, 0x65
  .byte 0x78, 0x74, 0x43, 0x6f, 0x6e, 0x74, 0x65, 0x6e, 0x74, 0x0a, 0x20, 0x20, 0x20, 0x20, 0x70, 0x72
  .byte 0x6f, 0x70, 0x73, 0x3a, 0x0a, 0x20, 0x20, 0x20, 0x20, 0x20, 0x20, 0x74, 0x65, 0x78, 0x74, 0x3a
  .byte 0x20, 0x43, 0x6f, 0x72, 0x65, 0x20, 0x66, 0x65, 0x61, 0x74, 0x75, 0x72, 0x65, 0x73, 0x20, 0x74
  .byte 0x6f, 0x20, 0x67, 0x65, 0x74, 0x20, 0x73, 0x74, 0x61, 0x72, 0x74, 0x65, 0x64, 0x20, 0x77, 0x69
  .byte 0x74, 0x68, 0x20, 0x72, 0x65, 0x6c, 0x69, 0x61, 0x62, 0x6c, 0x65, 0x20, 0x65, 0x73, 0x73, 0x65
  .byte 0x6e, 0x74, 0x69, 0x61, 0x6c, 0x73, 0x2e, 0x0a, 0x20, 0x20, 0x20, 0x20, 0x20, 0x20, 0x73, 0x69
  .byte 0x7a, 0x65, 0x3a, 0x20, 0x64, 0x65, 0x66, 0x61, 0x75, 0x6c, 0x74, 0x0a, 0x20, 0x20, 0x74, 0x65
  .byte 0x78, 0x74, 0x63, 0x6f, 0x6e, 0x74, 0x65, 0x6e, 0x74, 0x2d, 0x31, 0x31, 0x3a, 0x0a, 0x20, 0x20
  .byte 0x20, 0x20, 0x74, 0x79, 0x70, 0x65, 0x3a, 0x20, 0x54, 0x65, 0x78, 0x74, 0x43, 0x6f, 0x6e, 0x74
  .byte 0x65, 0x6e, 0x74, 0x0a, 0x20, 0x20, 0x20, 0x20, 0x70, 0x72, 0x6f, 0x70, 0x73, 0x3a, 0x0a, 0x20
  .byte 0x20, 0x20, 0x20, 0x20, 0x20, 0x74, 0x65, 0x78, 0x74, 0x3a, 0x20, 0x22, 0x49, 0x6e, 0x63, 0x6c
  .byte 0x75, 0x64, 0x65, 0x73, 0x3a, 0x22, 0x0a, 0x20, 0x20, 0x20, 0x20, 0x20, 0x20, 0x73, 0x69, 0x7a
  .byte 0x65, 0x3a, 0x20, 0x73, 0x6d, 0x61, 0x6c, 0x6c, 0x2d, 0x68, 0x65, 0x61, 0x76, 0x79, 0x0a, 0x20
  .byte 0x20, 0x6d, 0x61, 0x72, 0x6b, 0x64, 0x6f, 0x77, 0x6e, 0x72, 0x65, 0x6e, 0x64, 0x65, 0x72, 0x65
  .byte 0x72, 0x2d, 0x31, 0x32, 0x3a, 0x0a, 0x20, 0x20, 0x20, 0x20, 0x74, 0x79, 0x70, 0x65, 0x3a, 0x20
  .byte 0x4d, 0x61, 0x72, 0x6b, 0x44, 0x6f, 0x77, 0x6e, 0x52, 0x65, 0x6e, 0x64, 0x65, 0x72, 0x65, 0x72
  .byte 0x0a, 0x20, 0x20, 0x20, 0x20, 0x70, 0x72, 0x6f, 0x70, 0x73, 0x3a, 0x0a, 0x20, 0x20, 0x20, 0x20
  .byte 0x20, 0x20, 0x74, 0x65, 0x78, 0x74, 0x4d, 0x61, 0x72, 0x6b, 0x64, 0x6f, 0x77, 0x6e, 0x3a, 0x20
  .byte 0x7c, 0x2d, 0x0a, 0x20, 0x20, 0x20, 0x20, 0x20, 0x20, 0x20, 0x20, 0x2d, 0x20, 0x31, 0x20, 0x77
  .byte 0x6f, 0x72, 0x6b, 0x73, 0x70, 0x61, 0x63, 0x65, 0x0a, 0x20, 0x20, 0x20, 0x20, 0x20, 0x20, 0x20
  .byte 0x20, 0x2d, 0x20, 0x55, 0x70, 0x20, 0x74, 0x6f, 0x20, 0x33, 0x20, 0x70, 0x72, 0x6f, 0x6a, 0x65
  .byte 0x63, 0x74, 0x73, 0x0a, 0x20, 0x20, 0x20, 0x20, 0x20, 0x20, 0x20, 0x20, 0x2d, 0x20, 0x35, 0x20
  .byte 0x47, 0x42, 0x20, 0x73, 0x74, 0x6f, 0x72, 0x61, 0x67, 0x65, 0x0a, 0x20, 0x20, 0x20, 0x20, 0x20
  .byte 0x20, 0x20, 0x20, 0x2d, 0x20, 0x43, 0x6f, 0x6d, 0x6d, 0x75, 0x6e, 0x69, 0x74, 0x79, 0x20, 0x73
  .byte 0x75, 0x70, 0x70, 0x6f, 0x72, 0x74, 0x0a, 0x20, 0x20, 0x20, 0x20, 0x20, 0x20, 0x20, 0x20, 0x2d
  .byte 0x20, 0x42, 0x61, 0x73, 0x69, 0x63, 0x20, 0x61, 0x6e, 0x61, 0x6c, 0x79, 0x74, 0x69, 0x63, 0x73
  .byte 0x0a, 0x20, 0x20, 0x20, 0x20, 0x20, 0x20, 0x76, 0x61, 0x72, 0x69, 0x61, 0x6e, 0x74, 0x3a, 0x20
  .byte 0x63, 0x6c, 0x65, 0x61, 0x72, 0x0a, 0x20, 0x20, 0x62, 0x75, 0x74, 0x74, 0x6f, 0x6e, 0x2d, 0x31
  .byte 0x34, 0x3a, 0x0a, 0x20, 0x20, 0x20, 0x20, 0x74, 0x79, 0x70, 0x65, 0x3a, 0x20, 0x42, 0x75, 0x74
  .byte 0x74, 0x6f, 0x6e, 0x0a, 0x20, 0x20, 0x20, 0x20, 0x70, 0x72, 0x6f, 0x70, 0x73, 0x3a, 0x0a, 0x20
  .byte 0x20, 0x20, 0x20, 0x20, 0x20, 0x6c, 0x61, 0x62, 0x65, 0x6c, 0x3a, 0x20, 0x53, 0x74, 0x61, 0x72
  .byte 0x74, 0x20, 0x42, 0x61, 0x73, 0x69, 0x63, 0x0a, 0x20, 0x20, 0x20, 0x20, 0x20, 0x20, 0x61, 0x63
  .byte 0x74, 0x69, 0x6f, 0x6e, 0x3a, 0x20, 0x61, 0x63, 0x74, 0x69, 0x6f, 0x6e, 0x3a, 0x73, 0x65, 0x6c
  .byte 0x65, 0x63, 0x74, 0x5f, 0x70, 0x6c, 0x61, 0x6e, 0x5f, 0x62, 0x61, 0x73, 0x69, 0x63, 0x0a, 0x20
  .byte 0x20, 0x20, 0x20, 0x20, 0x20, 0x76, 0x61, 0x72, 0x69, 0x61, 0x6e, 0x74, 0x3a, 0x20, 0x73, 0x65
  .byte 0x63, 0x6f, 0x6e, 0x64, 0x61, 0x72, 0x79, 0x0a, 0x20, 0x20, 0x62, 0x75, 0x74, 0x74, 0x6f, 0x6e
  .byte 0x2d, 0x31, 0x35, 0x3a, 0x0a, 0x20, 0x20, 0x20, 0x20, 0x74, 0x79, 0x70, 0x65, 0x3a, 0x20, 0x42
  .byte 0x75, 0x74, 0x74, 0x6f, 0x6e, 0x0a, 0x20, 0x20, 0x20, 0x20, 0x70, 0x72, 0x6f, 0x70, 0x73, 0x3a
  .byte 0x0a, 0x20, 0x20, 0x20, 0x20, 0x20, 0x20, 0x6c, 0x61, 0x62, 0x65, 0x6c, 0x3a, 0x20, 0x54, 0x72
  .byte 0x79, 0x20, 0x66, 0x72, 0x65, 0x65, 0x0a, 0x20, 0x20, 0x20, 0x20, 0x20, 0x20, 0x61, 0x63, 0x74
  .byte 0x69, 0x6f, 0x6e, 0x3a, 0x20, 0x61, 0x63, 0x74, 0x69, 0x6f, 0x6e, 0x3a, 0x74, 0x72, 0x69, 0x61
  .byte 0x6c, 0x5f, 0x62, 0x61, 0x73, 0x69, 0x63, 0x0a, 0x20, 0x20, 0x20, 0x20, 0x20, 0x20, 0x76, 0x61
  .byte 0x72, 0x69, 0x61, 0x6e, 0x74, 0x3a, 0x20, 0x74, 0x65, 0x72, 0x74, 0x69, 0x61, 0x72, 0x79, 0x0a
  .byte 0x20, 0x20, 0x62, 0x75, 0x74, 0x74, 0x6f, 0x6e, 0x73, 0x2d, 0x31, 0x33, 0x3a, 0x0a, 0x20, 0x20
  .byte 0x20, 0x20, 0x74, 0x79, 0x70, 0x65, 0x3a, 0x20, 0x42, 0x75, 0x74, 0x74, 0x6f, 0x6e, 0x73, 0x0a
  .byte 0x20, 0x20, 0x20, 0x20, 0x70, 0x72, 0x6f, 0x70, 0x73, 0x3a, 0x20, 0x7b, 0x7d, 0x0a, 0x20, 0x20
  .byte 0x20, 0x20, 0x63, 0x68, 0x69, 0x6c, 0x64, 0x72, 0x65, 0x6e, 0x3a, 0x0a, 0x20, 0x20, 0x20, 0x20
  .byte 0x20, 0x20, 0x2d, 0x20, 0x62, 0x75, 0x74, 0x74, 0x6f, 0x6e, 0x2d, 0x31, 0x34, 0x0a, 0x20, 0x20
  .byte 0x20, 0x20, 0x20, 0x20, 0x2d, 0x20, 0x62, 0x75, 0x74, 0x74, 0x6f, 0x6e, 0x2d, 0x31, 0x35, 0x0a
  .byte 0x20, 0x20, 0x63, 0x61, 0x72, 0x64, 0x2d, 0x37, 0x3a, 0x0a, 0x20, 0x20, 0x20, 0x20, 0x74, 0x79
  .byte 0x70, 0x65, 0x3a, 0x20, 0x43, 0x61, 0x72, 0x64, 0x0a, 0x20, 0x20, 0x20, 0x20, 0x70, 0x72, 0x6f
  .byte 0x70, 0x73, 0x3a, 0x0a, 0x20, 0x20, 0x20, 0x20, 0x20, 0x20, 0x76, 0x61, 0x72, 0x69, 0x61, 0x6e
  .byte 0x74, 0x3a, 0x20, 0x63, 0x61, 0x72, 0x64, 0x0a, 0x20, 0x20, 0x20, 0x20, 0x63, 0x68, 0x69, 0x6c
  .byte 0x64, 0x72, 0x65, 0x6e, 0x3a, 0x0a, 0x20, 0x20, 0x20, 0x20, 0x20, 0x20, 0x2d, 0x20, 0x63, 0x61
  .byte 0x72, 0x64, 0x68, 0x65, 0x61, 0x64, 0x65, 0x72, 0x2d, 0x38, 0x0a, 0x20, 0x20, 0x20, 0x20, 0x20
  .byte 0x20, 0x2d, 0x20, 0x74, 0x65, 0x78, 0x74, 0x63, 0x6f, 0x6e, 0x74, 0x65, 0x6e, 0x74, 0x2d, 0x39
  .byte 0x0a, 0x20, 0x20, 0x20, 0x20, 0x20, 0x20, 0x2d, 0x20, 0x74, 0x65, 0x78, 0x74, 0x63, 0x6f, 0x6e
  .byte 0x74, 0x65, 0x6e, 0x74, 0x2d, 0x31, 0x30, 0x0a, 0x20, 0x20, 0x20, 0x20, 0x20, 0x20, 0x2d, 0x20
  .byte 0x74, 0x65, 0x78, 0x74, 0x63, 0x6f, 0x6e, 0x74, 0x65, 0x6e, 0x74, 0x2d, 0x31, 0x31, 0x0a, 0x20
  .byte 0x20, 0x20, 0x20, 0x20, 0x20, 0x2d, 0x20, 0x6d, 0x61, 0x72, 0x6b, 0x64, 0x6f, 0x77, 0x6e, 0x72
  .byte 0x65, 0x6e, 0x64, 0x65, 0x72, 0x65, 0x72, 0x2d, 0x31, 0x32, 0x0a, 0x20, 0x20, 0x20, 0x20, 0x20
  .byte 0x20, 0x2d, 0x20, 0x62, 0x75, 0x74, 0x74, 0x6f, 0x6e, 0x73, 0x2d, 0x31, 0x33, 0x0a, 0x20, 0x20
  .byte 0x63, 0x61, 0x72, 0x64, 0x68, 0x65, 0x61, 0x64, 0x65, 0x72, 0x2d, 0x31, 0x37, 0x3a, 0x0a, 0x20
  .byte 0x20, 0x20, 0x20, 0x74, 0x79, 0x70, 0x65, 0x3a, 0x20, 0x43, 0x61, 0x72, 0x64, 0x48, 0x65, 0x61
  .byte 0x64, 0x65, 0x72, 0x0a, 0x20, 0x20, 0x20, 0x20, 0x70, 0x72, 0x6f, 0x70, 0x73, 0x3a, 0x0a, 0x20
  .byte 0x20, 0x20, 0x20, 0x20, 0x20, 0x74, 0x69, 0x74, 0x6c, 0x65, 0x3a, 0x20, 0x50, 0x72, 0x6f, 0x0a
  .byte 0x20, 0x20, 0x20, 0x20, 0x20, 0x20, 0x73, 0x75, 0x62, 0x74, 0x69, 0x74, 0x6c, 0x65, 0x3a, 0x20
  .byte 0x46, 0x6f, 0x72, 0x20, 0x67, 0x72, 0x6f, 0x77, 0x69, 0x6e, 0x67, 0x20, 0x74, 0x65, 0x61, 0x6d
  .byte 0x73, 0x20, 0x74, 0x68, 0x61, 0x74, 0x20, 0x6e, 0x65, 0x65, 0x64, 0x20, 0x6d, 0x6f, 0x72, 0x65
  .byte 0x20, 0x70, 0x6f, 0x77, 0x65, 0x72, 0x0a, 0x20, 0x20, 0x74, 0x65, 0x78, 0x74, 0x63, 0x6f, 0x6e
  .byte 0x74, 0x65, 0x6e, 0x74, 0x2d, 0x31, 0x38, 0x3a, 0x0a, 0x20, 0x20, 0x20, 0x20, 0x74, 0x79, 0x70
  .byte 0x65, 0x3a, 0x20, 0x54, 0x65, 0x78, 0x74, 0x43, 0x6f, 0x6e, 0x74, 0x65, 0x6e, 0x74, 0x0a, 0x20
  .byte 0x20, 0x20, 0x20, 0x70, 0x72, 0x6f, 0x70, 0x73, 0x3a, 0x0a, 0x20, 0x20, 0x20, 0x20, 0x20, 0x20
  .byte 0x74, 0x65, 0x78, 0x74, 0x3a, 0x20, 0x24, 0x32, 0x39, 0x20, 0x2f, 0x20, 0x6d, 0x6f, 0x6e, 0x74
  .byte 0x68, 0x0a, 0x20, 0x20, 0x20, 0x20, 0x20, 0x20, 0x73, 0x69, 0x7a, 0x65, 0x3a, 0x20, 0x6c, 0x61
  .byte 0x72, 0x67, 0x65, 0x2d, 0x68, 0x65, 0x61, 0x76, 0x79, 0x0a, 0x20, 0x20, 0x74, 0x65, 0x78, 0x74
  .byte 0x63, 0x6f, 0x6e, 0x74, 0x65, 0x6e, 0x74, 0x2d, 0x31, 0x39, 0x3a, 0x0a, 0x20, 0x20, 0x20, 0x20
  .byte 0x74, 0x79, 0x70, 0x65, 0x3a, 0x20, 0x54, 0x65, 0x78, 0x74, 0x43, 0x6f, 0x6e, 0x74, 0x65, 0x6e
  .byte 0x74, 0x0a, 0x20, 0x20, 0x20, 0x20, 0x70, 0x72, 0x6f, 0x70, 0x73, 0x3a, 0x0a, 0x20, 0x20, 0x20
  .byte 0x20, 0x20, 0x20, 0x74, 0x65, 0x78, 0x74, 0x3a, 0x20, 0x41, 0x64, 0x76, 0x61, 0x6e, 0x63, 0x65
  .byte 0x64, 0x20, 0x63, 0x6f, 0x6c, 0x6c, 0x61, 0x62, 0x6f, 0x72, 0x61, 0x74, 0x69, 0x6f, 0x6e, 0x2c
  .byte 0x20, 0x61, 0x75, 0x74, 0x6f, 0x6d, 0x61, 0x74, 0x69, 0x6f, 0x6e, 0x2c, 0x20, 0x61, 0x6e, 0x64
  .byte 0x20, 0x64, 0x65, 0x65, 0x70, 0x65, 0x72, 0x20, 0x69, 0x6e, 0x73, 0x69, 0x67, 0x68, 0x74, 0x73
  .byte 0x2e, 0x0a, 0x20, 0x20, 0x20, 0x20, 0x20, 0x20, 0x73, 0x69, 0x7a, 0x65, 0x3a, 0x20, 0x64, 0x65
  .byte 0x66, 0x61, 0x75, 0x6c, 0x74, 0x0a, 0x20, 0x20, 0x74, 0x65, 0x78, 0x74, 0x63, 0x6f, 0x6e, 0x74
  .byte 0x65, 0x6e, 0x74, 0x2d, 0x32, 0x30, 0x3a, 0x0a, 0x20, 0x20, 0x20, 0x20, 0x74, 0x79, 0x70, 0x65
  .byte 0x3a, 0x20, 0x54, 0x65, 0x78, 0x74, 0x43, 0x6f, 0x6e, 0x74, 0x65, 0x6e, 0x74, 0x0a, 0x20, 0x20
  .byte 0x20, 0x20, 0x70, 0x72, 0x6f, 0x70, 0x73, 0x3a, 0x0a, 0x20, 0x20, 0x20, 0x20, 0x20, 0x20, 0x74
  .byte 0x65, 0x78, 0x74, 0x3a, 0x20, 0x22, 0x45, 0x76, 0x65, 0x72, 0x79, 0x74, 0x68, 0x69, 0x6e, 0x67
  .byte 0x20, 0x69, 0x6e, 0x20, 0x42, 0x61, 0x73, 0x69, 0x63, 0x2c, 0x20, 0x70, 0x6c, 0x75, 0x73, 0x3a
  .byte 0x22, 0x0a, 0x20, 0x20, 0x20, 0x20, 0x20, 0x20, 0x73, 0x69, 0x7a, 0x65, 0x3a, 0x20, 0x73, 0x6d
  .byte 0x61, 0x6c, 0x6c, 0x2d, 0x68, 0x65, 0x61, 0x76, 0x79, 0x0a, 0x20, 0x20, 0x6d, 0x61, 0x72, 0x6b
  .byte 0x64, 0x6f, 0x77, 0x6e, 0x72, 0x65, 0x6e, 0x64, 0x65, 0x72, 0x65, 0x72, 0x2d, 0x32, 0x31, 0x3a
  .byte 0x0a, 0x20, 0x20, 0x20, 0x20, 0x74, 0x79, 0x70, 0x65, 0x3a, 0x20, 0x4d, 0x61, 0x72, 0x6b, 0x44
  .byte 0x6f, 0x77, 0x6e, 0x52, 0x65, 0x6e, 0x64, 0x65, 0x72, 0x65, 0x72, 0x0a, 0x20, 0x20, 0x20, 0x20
  .byte 0x70, 0x72, 0x6f, 0x70, 0x73, 0x3a, 0x0a, 0x20, 0x20, 0x20, 0x20, 0x20, 0x20, 0x74, 0x65, 0x78
  .byte 0x74, 0x4d, 0x61, 0x72, 0x6b, 0x64, 0x6f, 0x77, 0x6e, 0x3a, 0x20, 0x7c, 0x2d, 0x0a, 0x20, 0x20
  .byte 0x20, 0x20, 0x20, 0x20, 0x20, 0x20, 0x2d, 0x20, 0x35, 0x20, 0x77, 0x6f, 0x72, 0x6b, 0x73, 0x70
  .byte 0x61, 0x63, 0x65, 0x73, 0x0a, 0x20, 0x20, 0x20, 0x20, 0x20, 0x20, 0x20, 0x20, 0x2d, 0x20, 0x55
  .byte 0x6e, 0x6c, 0x69, 0x6d, 0x69, 0x74, 0x65, 0x64, 0x20, 0x70, 0x72, 0x6f, 0x6a, 0x65, 0x63, 0x74
  .byte 0x73, 0x0a, 0x20, 0x20, 0x20, 0x20, 0x20, 0x20, 0x20, 0x20, 0x2d, 0x20, 0x31, 0x30, 0x30, 0x20
  .byte 0x47, 0x42, 0x20, 0x73, 0x74, 0x6f, 0x72, 0x61, 0x67, 0x65, 0x0a, 0x20, 0x20, 0x20, 0x20, 0x20
  .byte 0x20, 0x20, 0x20, 0x2d, 0x20, 0x54, 0x65, 0x61, 0x6d, 0x20, 0x72, 0x6f, 0x6c, 0x65, 0x73, 0x20
  .byte 0x26, 0x20, 0x70, 0x65, 0x72, 0x6d, 0x69, 0x73, 0x73, 0x69, 0x6f, 0x6e, 0x73, 0x0a, 0x20, 0x20
  .byte 0x20, 0x20, 0x20, 0x20, 0x20, 0x20, 0x2d, 0x20, 0x41, 0x75, 0x74, 0x6f, 0x6d, 0x61, 0x74, 0x69
  .byte 0x6f, 0x6e, 0x73, 0x20, 0x28, 0x31, 0x2c, 0x30, 0x30, 0x30, 0x20, 0x72, 0x75, 0x6e, 0x73, 0x2f
  .byte 0x6d, 0x6f, 0x6e, 0x74, 0x68, 0x29, 0x0a, 0x20, 0x20, 0x20, 0x20, 0x20, 0x20, 0x20, 0x20, 0x2d
  .byte 0x20, 0x49, 0x6e, 0x74, 0x65, 0x67, 0x72, 0x61, 0x74, 0x69, 0x6f, 0x6e, 0x73, 0x20, 0x28, 0x53
  .byte 0x6c, 0x61, 0x63, 0x6b, 0x2c, 0x20, 0x47, 0x69, 0x74, 0x48, 0x75, 0x62, 0x2c, 0x20, 0x5a, 0x61
  .byte 0x70, 0x69, 0x65, 0x72, 0x29, 0x0a, 0x20, 0x20, 0x20, 0x20, 0x20, 0x20, 0x20, 0x20, 0x2d, 0x20
  .byte 0x50, 0x72, 0x69, 0x6f, 0x72, 0x69, 0x74, 0x79, 0x20, 0x65, 0x6d, 0x61, 0x69, 0x6c, 0x20, 0x73
  .byte 0x75, 0x70, 0x70, 0x6f, 0x72, 0x74, 0x0a, 0x20, 0x20, 0x20, 0x20, 0x20, 0x20, 0x76, 0x61, 0x72
  .byte 0x69, 0x61, 0x6e, 0x74, 0x3a, 0x20, 0x63, 0x6c, 0x65, 0x61, 0x72, 0x0a, 0x20, 0x20, 0x62, 0x75
  .byte 0x74, 0x74, 0x6f, 0x6e, 0x2d, 0x32, 0x33, 0x3a, 0x0a, 0x20, 0x20, 0x20, 0x20, 0x74, 0x79, 0x70
  .byte 0x65, 0x3a, 0x20, 0x42, 0x75, 0x74, 0x74, 0x6f, 0x6e, 0x0a, 0x20, 0x20, 0x20, 0x20, 0x70, 0x72
  .byte 0x6f, 0x70, 0x73, 0x3a, 0x0a, 0x20, 0x20, 0x20, 0x20, 0x20, 0x20, 0x6c, 0x61, 0x62, 0x65, 0x6c
  .byte 0x3a, 0x20, 0x43, 0x68, 0x6f, 0x6f, 0x73, 0x65, 0x20, 0x50, 0x72, 0x6f, 0x0a, 0x20, 0x20, 0x20
  .byte 0x20, 0x20, 0x20, 0x61, 0x63, 0x74, 0x69, 0x6f, 0x6e, 0x3a, 0x20, 0x61, 0x63, 0x74, 0x69, 0x6f
  .byte 0x6e, 0x3a, 0x73, 0x65, 0x6c, 0x65, 0x63, 0x74, 0x5f, 0x70, 0x6c, 0x61, 0x6e, 0x5f, 0x70, 0x72
  .byte 0x6f, 0x0a, 0x20, 0x20, 0x20, 0x20, 0x20, 0x20, 0x76, 0x61, 0x72, 0x69, 0x61, 0x6e, 0x74, 0x3a
  .byte 0x20, 0x70, 0x72, 0x69, 0x6d, 0x61, 0x72, 0x79, 0x0a, 0x20, 0x20, 0x62, 0x75, 0x74, 0x74, 0x6f
  .byte 0x6e, 0x2d, 0x32, 0x34, 0x3a, 0x0a, 0x20, 0x20, 0x20, 0x20, 0x74, 0x79, 0x70, 0x65, 0x3a, 0x20
  .byte 0x42, 0x75, 0x74, 0x74, 0x6f, 0x6e, 0x0a, 0x20, 0x20, 0x20, 0x20, 0x70, 0x72, 0x6f, 0x70, 0x73
  .byte 0x3a, 0x0a, 0x20, 0x20, 0x20, 0x20, 0x20, 0x20, 0x6c, 0x61, 0x62, 0x65, 0x6c, 0x3a, 0x20, 0x54
  .byte 0x72, 0x79, 0x20, 0x66, 0x72, 0x65, 0x65, 0x0a, 0x20, 0x20, 0x20, 0x20, 0x20, 0x20, 0x61, 0x63
  .byte 0x74, 0x69, 0x6f, 0x6e, 0x3a, 0x20, 0x61, 0x63, 0x74, 0x69, 0x6f, 0x6e, 0x3a, 0x74, 0x72, 0x69
  .byte 0x61, 0x6c, 0x5f, 0x70, 0x72, 0x6f, 0x0a, 0x20, 0x20, 0x20, 0x20, 0x20, 0x20, 0x76, 0x61, 0x72
  .byte 0x69, 0x61, 0x6e, 0x74, 0x3a, 0x20, 0x73, 0x65, 0x63, 0x6f, 0x6e, 0x64, 0x61, 0x72, 0x79, 0x0a
  .byte 0x20, 0x20, 0x62, 0x75, 0x74, 0x74, 0x6f, 0x6e, 0x73, 0x2d, 0x32, 0x32, 0x3a, 0x0a, 0x20, 0x20
  .byte 0x20, 0x20, 0x74, 0x79, 0x70, 0x65, 0x3a, 0x20, 0x42, 0x75, 0x74, 0x74, 0x6f, 0x6e, 0x73, 0x0a
  .byte 0x20, 0x20, 0x20, 0x20, 0x70, 0x72, 0x6f, 0x70, 0x73, 0x3a, 0x20, 0x7b, 0x7d, 0x0a, 0x20, 0x20
  .byte 0x20, 0x20, 0x63, 0x68, 0x69, 0x6c, 0x64, 0x72, 0x65, 0x6e, 0x3a, 0x0a, 0x20, 0x20, 0x20, 0x20
  .byte 0x20, 0x20, 0x2d, 0x20, 0x62, 0x75, 0x74, 0x74, 0x6f, 0x6e, 0x2d, 0x32, 0x33, 0x0a, 0x20, 0x20
  .byte 0x20, 0x20, 0x20, 0x20, 0x2d, 0x20, 0x62, 0x75, 0x74, 0x74, 0x6f, 0x6e, 0x2d, 0x32, 0x34, 0x0a
  .byte 0x20, 0x20, 0x63, 0x61, 0x6c, 0x6c, 0x6f, 0x75, 0x74, 0x2d, 0x32, 0x35, 0x3a, 0x0a, 0x20, 0x20
  .byte 0x20, 0x20, 0x74, 0x79, 0x70, 0x65, 0x3a, 0x20, 0x43, 0x61, 0x6c, 0x6c, 0x6f, 0x75, 0x74, 0x0a
  .byte 0x20, 0x20, 0x20, 0x20, 0x70, 0x72, 0x6f, 0x70, 0x73, 0x3a, 0x0a, 0x20, 0x20, 0x20, 0x20, 0x20
  .byte 0x20, 0x76, 0x61, 0x72, 0x69, 0x61, 0x6e, 0x74, 0x3a, 0x20, 0x73, 0x75, 0x63, 0x63, 0x65, 0x73
  .byte 0x73, 0x0a, 0x20, 0x20, 0x20, 0x20, 0x20, 0x20, 0x74, 0x69, 0x74, 0x6c, 0x65, 0x3a, 0x20, 0x4d
  .byte 0x6f, 0x73, 0x74, 0x20, 0x70, 0x6f, 0x70, 0x75, 0x6c, 0x61, 0x72, 0x0a, 0x20, 0x20, 0x20, 0x20
  .byte 0x20, 0x20, 0x64, 0x65, 0x73, 0x63, 0x72, 0x69, 0x70, 0x74, 0x69, 0x6f, 0x6e, 0x3a, 0x20, 0x42
  .byte 0x65, 0x73, 0x74, 0x20, 0x76, 0x61, 0x6c, 0x75, 0x65, 0x20, 0x66, 0x6f, 0x72, 0x20, 0x74, 0x65
  .byte 0x61, 0x6d, 0x73, 0x20, 0x74, 0x68, 0x61, 0x74, 0x20, 0x77, 0x61, 0x6e, 0x74, 0x20, 0x74, 0x6f
  .byte 0x20, 0x73, 0x63, 0x61, 0x6c, 0x65, 0x20, 0x77, 0x69, 0x74, 0x68, 0x6f, 0x75, 0x74, 0x20, 0x73
  .byte 0x77, 0x69, 0x74, 0x63, 0x68, 0x69, 0x6e, 0x67, 0x20, 0x74, 0x6f, 0x6f, 0x6c, 0x73, 0x20, 0x6c
  .byte 0x61, 0x74, 0x65, 0x72, 0x2e, 0x0a, 0x20, 0x20, 0x63, 0x61, 0x72, 0x64, 0x2d, 0x31, 0x36, 0x3a
  .byte 0x0a, 0x20, 0x20, 0x20, 0x20, 0x74, 0x79, 0x70, 0x65, 0x3a, 0x20, 0x43, 0x61, 0x72, 0x64, 0x0a
  .byte 0x20, 0x20, 0x20, 0x20, 0x70, 0x72, 0x6f, 0x70, 0x73, 0x3a, 0x0a, 0x20, 0x20, 0x20, 0x20, 0x20
  .byte 0x20, 0x76, 0x61, 0x72, 0x69, 0x61, 0x6e, 0x74, 0x3a, 0x20, 0x73, 0x75, 0x6e, 0x6b, 0x0a, 0x20
  .byte 0x20, 0x20, 0x20, 0x63, 0x68, 0x69, 0x6c, 0x64, 0x72, 0x65, 0x6e, 0x3a, 0x0a, 0x20, 0x20, 0x20
  .byte 0x20, 0x20, 0x20, 0x2d, 0x20, 0x63, 0x61, 0x72, 0x64, 0x68, 0x65, 0x61, 0x64, 0x65, 0x72, 0x2d
  .byte 0x31, 0x37, 0x0a, 0x20, 0x20, 0x20, 0x20, 0x20, 0x20, 0x2d, 0x20, 0x74, 0x65, 0x78, 0x74, 0x63
  .byte 0x6f, 0x6e, 0x74, 0x65, 0x6e, 0x74, 0x2d, 0x31, 0x38, 0x0a, 0x20, 0x20, 0x20, 0x20, 0x20, 0x20
  .byte 0x2d, 0x20, 0x74, 0x65, 0x78, 0x74, 0x63, 0x6f, 0x6e, 0x74, 0x65, 0x6e, 0x74, 0x2d, 0x31, 0x39
  .byte 0x0a, 0x20, 0x20, 0x20, 0x20, 0x20, 0x20, 0x2d, 0x20, 0x74, 0x65, 0x78, 0x74, 0x63, 0x6f, 0x6e
  .byte 0x74, 0x65, 0x6e, 0x74, 0x2d, 0x32, 0x30, 0x0a, 0x20, 0x20, 0x20, 0x20, 0x20, 0x20, 0x2d, 0x20
  .byte 0x6d, 0x61, 0x72, 0x6b, 0x64, 0x6f, 0x77, 0x6e, 0x72, 0x65, 0x6e, 0x64, 0x65, 0x72, 0x65, 0x72
  .byte 0x2d, 0x32, 0x31, 0x0a, 0x20, 0x20, 0x20, 0x20, 0x20, 0x20, 0x2d, 0x20, 0x62, 0x75, 0x74, 0x74
  .byte 0x6f, 0x6e, 0x73, 0x2d, 0x32, 0x32, 0x0a, 0x20, 0x20, 0x20, 0x20, 0x20, 0x20, 0x2d, 0x20, 0x63
  .byte 0x61, 0x6c, 0x6c, 0x6f, 0x75, 0x74, 0x2d, 0x32, 0x35, 0x0a, 0x20, 0x20, 0x63, 0x61, 0x72, 0x64
  .byte 0x68, 0x65, 0x61, 0x64, 0x65, 0x72, 0x2d, 0x32, 0x37, 0x3a, 0x0a, 0x20, 0x20, 0x20, 0x20, 0x74
  .byte 0x79, 0x70, 0x65, 0x3a, 0x20, 0x43, 0x61, 0x72, 0x64, 0x48, 0x65, 0x61, 0x64, 0x65, 0x72, 0x0a
  .byte 0x20, 0x20, 0x20, 0x20, 0x70, 0x72, 0x6f, 0x70, 0x73, 0x3a, 0x0a, 0x20, 0x20, 0x20, 0x20, 0x20
  .byte 0x20, 0x74, 0x69, 0x74, 0x6c, 0x65, 0x3a, 0x20, 0x45, 0x6e, 0x74, 0x65, 0x72, 0x70, 0x72, 0x69
  .byte 0x73, 0x65, 0x0a, 0x20, 0x20, 0x20, 0x20, 0x20, 0x20, 0x73, 0x75, 0x62, 0x74, 0x69, 0x74, 0x6c
  .byte 0x65, 0x3a, 0x20, 0x46, 0x6f, 0x72, 0x20, 0x6f, 0x72, 0x67, 0x61, 0x6e, 0x69, 0x7a, 0x61, 0x74
  .byte 0x69, 0x6f, 0x6e, 0x73, 0x20, 0x77, 0x69, 0x74, 0x68, 0x20, 0x61, 0x64, 0x76, 0x61, 0x6e, 0x63
  .byte 0x65, 0x64, 0x20, 0x73, 0x65, 0x63, 0x75, 0x72, 0x69, 0x74, 0x79, 0x20, 0x61, 0x6e, 0x64, 0x20
  .byte 0x73, 0x63, 0x61, 0x6c, 0x65, 0x0a, 0x20, 0x20, 0x74, 0x65, 0x78, 0x74, 0x63, 0x6f, 0x6e, 0x74
  .byte 0x65, 0x6e, 0x74, 0x2d, 0x32, 0x38, 0x3a, 0x0a, 0x20, 0x20, 0x20, 0x20, 0x74, 0x79, 0x70, 0x65
  .byte 0x3a, 0x20, 0x54, 0x65, 0x78, 0x74, 0x43, 0x6f, 0x6e, 0x74, 0x65, 0x6e, 0x74, 0x0a, 0x20, 0x20
  .byte 0x20, 0x20, 0x70, 0x72, 0x6f, 0x70, 0x73, 0x3a, 0x0a, 0x20, 0x20, 0x20, 0x20, 0x20, 0x20, 0x74
  .byte 0x65, 0x78, 0x74, 0x3a, 0x20, 0x43, 0x75, 0x73, 0x74, 0x6f, 0x6d, 0x20, 0x70, 0x72, 0x69, 0x63
  .byte 0x69, 0x6e, 0x67, 0x0a, 0x20, 0x20, 0x20, 0x20, 0x20, 0x20, 0x73, 0x69, 0x7a, 0x65, 0x3a, 0x20
  .byte 0x6c, 0x61, 0x72, 0x67, 0x65, 0x2d, 0x68, 0x65, 0x61, 0x76, 0x79, 0x0a, 0x20, 0x20, 0x74, 0x65
  .byte 0x78, 0x74, 0x63, 0x6f, 0x6e, 0x74, 0x65, 0x6e, 0x74, 0x2d, 0x32, 0x39, 0x3a, 0x0a, 0x20, 0x20
  .byte 0x20, 0x20, 0x74, 0x79, 0x70, 0x65, 0x3a, 0x20, 0x54, 0x65, 0x78, 0x74, 0x43, 0x6f, 0x6e, 0x74
  .byte 0x65, 0x6e, 0x74, 0x0a, 0x20, 0x20, 0x20, 0x20, 0x70, 0x72, 0x6f, 0x70, 0x73, 0x3a, 0x0a, 0x20
  .byte 0x20, 0x20, 0x20, 0x20, 0x20, 0x74, 0x65, 0x78, 0x74, 0x3a, 0x20, 0x53, 0x65, 0x63, 0x75, 0x72
  .byte 0x69, 0x74, 0x79, 0x2c, 0x20, 0x63, 0x6f, 0x6d, 0x70, 0x6c, 0x69, 0x61, 0x6e, 0x63, 0x65, 0x2c
  .byte 0x20, 0x61, 0x6e, 0x64, 0x20, 0x64, 0x65, 0x64, 0x69, 0x63, 0x61, 0x74, 0x65, 0x64, 0x20, 0x73
  .byte 0x75, 0x70, 0x70, 0x6f, 0x72, 0x74, 0x20, 0x74, 0x61, 0x69, 0x6c, 0x6f, 0x72, 0x65, 0x64, 0x20
  .byte 0x74, 0x6f, 0x20, 0x79, 0x6f, 0x75, 0x72, 0x20, 0x6e, 0x65, 0x65, 0x64, 0x73, 0x2e, 0x0a, 0x20
  .byte 0x20, 0x20, 0x20, 0x20, 0x20, 0x73, 0x69, 0x7a, 0x65, 0x3a, 0x20, 0x64, 0x65, 0x66, 0x61, 0x75
  .byte 0x6c, 0x74, 0x0a, 0x20, 0x20, 0x74, 0x65, 0x78, 0x74, 0x63, 0x6f, 0x6e, 0x74, 0x65, 0x6e, 0x74
  .byte 0x2d, 0x33, 0x30, 0x3a, 0x0a, 0x20, 0x20, 0x20, 0x20, 0x74, 0x79, 0x70, 0x65, 0x3a, 0x20, 0x54
  .byte 0x65, 0x78, 0x74, 0x43, 0x6f, 0x6e, 0x74, 0x65, 0x6e, 0x74, 0x0a, 0x20, 0x20, 0x20, 0x20, 0x70
  .byte 0x72, 0x6f, 0x70, 0x73, 0x3a, 0x0a, 0x20, 0x20, 0x20, 0x20, 0x20, 0x20, 0x74, 0x65, 0x78, 0x74
  .byte 0x3a, 0x20, 0x22, 0x45, 0x76, 0x65, 0x72, 0x79, 0x74, 0x68, 0x69, 0x6e, 0x67, 0x20, 0x69, 0x6e
  .byte 0x20, 0x50, 0x72, 0x6f, 0x2c, 0x20, 0x70, 0x6c, 0x75, 0x73, 0x3a, 0x22, 0x0a, 0x20, 0x20, 0x20
  .byte 0x20, 0x20, 0x20, 0x73, 0x69, 0x7a, 0x65, 0x3a, 0x20, 0x73, 0x6d, 0x61, 0x6c, 0x6c, 0x2d, 0x68
  .byte 0x65, 0x61, 0x76, 0x79, 0x0a, 0x20, 0x20, 0x6d, 0x61, 0x72, 0x6b, 0x64, 0x6f, 0x77, 0x6e, 0x72
  .byte 0x65, 0x6e, 0x64, 0x65, 0x72, 0x65, 0x72, 0x2d, 0x33, 0x31, 0x3a, 0x0a, 0x20, 0x20, 0x20, 0x20
  .byte 0x74, 0x79, 0x70, 0x65, 0x3a, 0x20, 0x4d, 0x61, 0x72, 0x6b, 0x44, 0x6f, 0x77, 0x6e, 0x52, 0x65
  .byte 0x6e, 0x64, 0x65, 0x72, 0x65, 0x72, 0x0a, 0x20, 0x20, 0x20, 0x20, 0x70, 0x72, 0x6f, 0x70, 0x73
  .byte 0x3a, 0x0a, 0x20, 0x20, 0x20, 0x20, 0x20, 0x20, 0x74, 0x65, 0x78, 0x74, 0x4d, 0x61, 0x72, 0x6b
  .byte 0x64, 0x6f, 0x77, 0x6e, 0x3a, 0x20, 0x7c, 0x2d, 0x0a, 0x20, 0x20, 0x20, 0x20, 0x20, 0x20, 0x20
  .byte 0x20, 0x2d, 0x20, 0x55, 0x6e, 0x6c, 0x69, 0x6d, 0x69, 0x74, 0x65, 0x64, 0x20, 0x77, 0x6f, 0x72
  .byte 0x6b, 0x73, 0x70, 0x61, 0x63, 0x65, 0x73, 0x0a, 0x20, 0x20, 0x20, 0x20, 0x20, 0x20, 0x20, 0x20
  .byte 0x2d, 0x20, 0x55, 0x6e, 0x6c, 0x69, 0x6d, 0x69, 0x74, 0x65, 0x64, 0x20, 0x73, 0x74, 0x6f, 0x72
  .byte 0x61, 0x67, 0x65, 0x20, 0x28, 0x66, 0x61, 0x69, 0x72, 0x20, 0x75, 0x73, 0x65, 0x29, 0x0a, 0x20
  .byte 0x20, 0x20, 0x20, 0x20, 0x20, 0x20, 0x20, 0x2d, 0x20, 0x53, 0x53, 0x4f, 0x2f, 0x53, 0x41, 0x4d
  .byte 0x4c, 0x20, 0x26, 0x20, 0x53, 0x43, 0x49, 0x4d, 0x20, 0x70, 0x72, 0x6f, 0x76, 0x69, 0x73, 0x69
  .byte 0x6f, 0x6e, 0x69, 0x6e, 0x67, 0x0a, 0x20, 0x20, 0x20, 0x20, 0x20, 0x20, 0x20, 0x20, 0x2d, 0x20
  .byte 0x41, 0x75, 0x64, 0x69, 0x74, 0x20, 0x6c, 0x6f, 0x67, 0x73, 0x20, 0x26, 0x20, 0x64, 0x61, 0x74
  .byte 0x61, 0x20, 0x72, 0x65, 0x74, 0x65, 0x6e, 0x74, 0x69, 0x6f, 0x6e, 0x20, 0x63, 0x6f, 0x6e, 0x74
  .byte 0x72, 0x6f, 0x6c, 0x73, 0x0a, 0x20, 0x20, 0x20, 0x20, 0x20, 0x20, 0x20, 0x20, 0x2d, 0x20, 0x44
  .byte 0x65, 0x64, 0x69, 0x63, 0x61, 0x74, 0x65, 0x64, 0x20, 0x73, 0x75, 0x63, 0x63, 0x65, 0x73, 0x73
  .byte 0x20, 0x6d, 0x61, 0x6e, 0x61, 0x67, 0x65, 0x72, 0x0a, 0x20, 0x20, 0x20, 0x20, 0x20, 0x20, 0x20
  .byte 0x20, 0x2d, 0x20, 0x39, 0x39, 0x2e, 0x39, 0x25, 0x20, 0x75, 0x70, 0x74, 0x69, 0x6d, 0x65, 0x20
  .byte 0x53, 0x4c, 0x41, 0x0a, 0x20, 0x20, 0x20, 0x20, 0x20, 0x20, 0x20, 0x20, 0x2d, 0x20, 0x43, 0x75
  .byte 0x73, 0x74, 0x6f, 0x6d, 0x20, 0x6c, 0x65, 0x67, 0x61, 0x6c, 0x20, 0x26, 0x20, 0x69, 0x6e, 0x76
  .byte 0x6f, 0x69, 0x63, 0x69, 0x6e, 0x67, 0x0a, 0x20, 0x20, 0x20, 0x20, 0x20, 0x20, 0x76, 0x61, 0x72
  .byte 0x69, 0x61, 0x6e, 0x74, 0x3a, 0x20, 0x63, 0x6c, 0x65, 0x61, 0x72, 0x0a, 0x20, 0x20, 0x62, 0x75
  .byte 0x74, 0x74, 0x6f, 0x6e, 0x2d, 0x33, 0x33, 0x3a, 0x0a, 0x20, 0x20, 0x20, 0x20, 0x74, 0x79, 0x70
  .byte 0x65, 0x3a, 0x20, 0x42, 0x75, 0x74, 0x74, 0x6f, 0x6e, 0x0a, 0x20, 0x20, 0x20, 0x20, 0x70, 0x72
  .byte 0x6f, 0x70, 0x73, 0x3a, 0x0a, 0x20, 0x20, 0x20, 0x20, 0x20, 0x20, 0x6c, 0x61, 0x62, 0x65, 0x6c
  .byte 0x3a, 0x20, 0x43, 0x6f, 0x6e, 0x74, 0x61, 0x63, 0x74, 0x20, 0x73, 0x61, 0x6c, 0x65, 0x73, 0x0a
  .byte 0x20, 0x20, 0x20, 0x20, 0x20, 0x20, 0x61, 0x63, 0x74, 0x69, 0x6f, 0x6e, 0x3a, 0x20, 0x61, 0x63
  .byte 0x74, 0x69, 0x6f, 0x6e, 0x3a, 0x63, 0x6f, 0x6e, 0x74, 0x61, 0x63, 0x74, 0x5f, 0x73, 0x61, 0x6c
  .byte 0x65, 0x73, 0x5f, 0x65, 0x6e, 0x74, 0x65, 0x72, 0x70, 0x72, 0x69, 0x73, 0x65, 0x0a, 0x20, 0x20
  .byte 0x20, 0x20, 0x20, 0x20, 0x76, 0x61, 0x72, 0x69, 0x61, 0x6e, 0x74, 0x3a, 0x20, 0x70, 0x72, 0x69
  .byte 0x6d, 0x61, 0x72, 0x79, 0x0a, 0x20, 0x20, 0x62, 0x75, 0x74, 0x74, 0x6f, 0x6e, 0x2d, 0x33, 0x34
  .byte 0x3a, 0x0a, 0x20, 0x20, 0x20, 0x20, 0x74, 0x79, 0x70, 0x65, 0x3a, 0x20, 0x42, 0x75, 0x74, 0x74
  .byte 0x6f, 0x6e, 0x0a, 0x20, 0x20, 0x20, 0x20, 0x70, 0x72, 0x6f, 0x70, 0x73, 0x3a, 0x0a, 0x20, 0x20
  .byte 0x20, 0x20, 0x20, 0x20, 0x6c, 0x61, 0x62, 0x65, 0x6c, 0x3a, 0x20, 0x52, 0x65, 0x71, 0x75, 0x65
  .byte 0x73, 0x74, 0x20, 0x64, 0x65, 0x6d, 0x6f, 0x0a, 0x20, 0x20, 0x20, 0x20, 0x20, 0x20, 0x61, 0x63
  .byte 0x74, 0x69, 0x6f, 0x6e, 0x3a, 0x20, 0x61, 0x63, 0x74, 0x69, 0x6f, 0x6e, 0x3a, 0x72, 0x65, 0x71
  .byte 0x75, 0x65, 0x73, 0x74, 0x5f, 0x64, 0x65, 0x6d, 0x6f, 0x5f, 0x65, 0x6e, 0x74, 0x65, 0x72, 0x70
  .byte 0x72, 0x69, 0x73, 0x65, 0x0a, 0x20, 0x20, 0x20, 0x20, 0x20, 0x20, 0x76, 0x61, 0x72, 0x69, 0x61
  .byte 0x6e, 0x74, 0x3a, 0x20, 0x73, 0x65, 0x63, 0x6f, 0x6e, 0x64, 0x61, 0x72, 0x79, 0x0a, 0x20, 0x20
  .byte 0x62, 0x75, 0x74, 0x74, 0x6f, 0x6e, 0x73, 0x2d, 0x33, 0x32, 0x3a, 0x0a, 0x20, 0x20, 0x20, 0x20
  .byte 0x74, 0x79, 0x70, 0x65, 0x3a, 0x20, 0x42, 0x75, 0x74, 0x74, 0x6f, 0x6e, 0x73, 0x0a, 0x20, 0x20
  .byte 0x20, 0x20, 0x70, 0x72, 0x6f, 0x70, 0x73, 0x3a, 0x20, 0x7b, 0x7d, 0x0a, 0x20, 0x20, 0x20, 0x20
  .byte 0x63, 0x68, 0x69, 0x6c, 0x64, 0x72, 0x65, 0x6e, 0x3a, 0x0a, 0x20, 0x20, 0x20, 0x20, 0x20, 0x20
  .byte 0x2d, 0x20, 0x62, 0x75, 0x74, 0x74, 0x6f, 0x6e, 0x2d, 0x33, 0x33, 0x0a, 0x20, 0x20, 0x20, 0x20
  .byte 0x20, 0x20, 0x2d, 0x20, 0x62, 0x75, 0x74, 0x74, 0x6f, 0x6e, 0x2d, 0x33, 0x34, 0x0a, 0x20, 0x20
  .byte 0x74, 0x65, 0x78, 0x74, 0x63, 0x61, 0x6c, 0x6c, 0x6f, 0x75, 0x74, 0x2d, 0x33, 0x35, 0x3a, 0x0a
  .byte 0x20, 0x20, 0x20, 0x20, 0x74, 0x79, 0x70, 0x65, 0x3a, 0x20, 0x54, 0x65, 0x78, 0x74, 0x43, 0x61
  .byte 0x6c, 0x6c, 0x6f, 0x75, 0x74, 0x0a, 0x20, 0x20, 0x20, 0x20, 0x70, 0x72, 0x6f, 0x70, 0x73, 0x3a
  .byte 0x0a, 0x20, 0x20, 0x20, 0x20, 0x20, 0x20, 0x76, 0x61, 0x72, 0x69, 0x61, 0x6e, 0x74, 0x3a, 0x20
  .byte 0x6e, 0x65, 0x75, 0x74, 0x72, 0x61, 0x6c, 0x0a, 0x20, 0x20, 0x20, 0x20, 0x20, 0x20, 0x74, 0x69
  .byte 0x74, 0x6c, 0x65, 0x3a, 0x20, 0x4e, 0x65, 0x65, 0x64, 0x20, 0x70, 0x72, 0x6f, 0x63, 0x75, 0x72
  .byte 0x65, 0x6d, 0x65, 0x6e, 0x74, 0x20, 0x73, 0x75, 0x70, 0x70, 0x6f, 0x72, 0x74, 0x3f, 0x0a, 0x20
  .byte 0x20, 0x20, 0x20, 0x20, 0x20, 0x64, 0x65, 0x73, 0x63, 0x72, 0x69, 0x70, 0x74, 0x69, 0x6f, 0x6e
  .byte 0x3a, 0x20, 0x57, 0x65, 0x20, 0x63, 0x61, 0x6e, 0x20, 0x70, 0x72, 0x6f, 0x76, 0x69, 0x64, 0x65
  .byte 0x20, 0x73, 0x65, 0x63, 0x75, 0x72, 0x69, 0x74, 0x79, 0x20, 0x64, 0x6f, 0x63, 0x73, 0x2c, 0x20
  .byte 0x76, 0x65, 0x6e, 0x64, 0x6f, 0x72, 0x20, 0x6f, 0x6e, 0x62, 0x6f, 0x61, 0x72, 0x64, 0x69, 0x6e
  .byte 0x67, 0x2c, 0x20, 0x61, 0x6e, 0x64, 0x20, 0x63, 0x75, 0x73, 0x74, 0x6f, 0x6d, 0x20, 0x74, 0x65
  .byte 0x72, 0x6d, 0x73, 0x2e, 0x0a, 0x20, 0x20, 0x63, 0x61, 0x72, 0x64, 0x2d, 0x32, 0x36, 0x3a, 0x0a
  .byte 0x20, 0x20, 0x20, 0x20, 0x74, 0x79, 0x70, 0x65, 0x3a, 0x20, 0x43, 0x61, 0x72, 0x64, 0x0a, 0x20
  .byte 0x20, 0x20, 0x20, 0x70, 0x72, 0x6f, 0x70, 0x73, 0x3a, 0x0a, 0x20, 0x20, 0x20, 0x20, 0x20, 0x20
  .byte 0x76, 0x61, 0x72, 0x69, 0x61, 0x6e, 0x74, 0x3a, 0x20, 0x63, 0x61, 0x72, 0x64, 0x0a, 0x20, 0x20
  .byte 0x20, 0x20, 0x63, 0x68, 0x69, 0x6c, 0x64, 0x72, 0x65, 0x6e, 0x3a, 0x0a, 0x20, 0x20, 0x20, 0x20
  .byte 0x20, 0x20, 0x2d, 0x20, 0x63, 0x61, 0x72, 0x64, 0x68, 0x65, 0x61, 0x64, 0x65, 0x72, 0x2d, 0x32
  .byte 0x37, 0x0a, 0x20, 0x20, 0x20, 0x20, 0x20, 0x20, 0x2d, 0x20, 0x74, 0x65, 0x78, 0x74, 0x63, 0x6f
  .byte 0x6e, 0x74, 0x65, 0x6e, 0x74, 0x2d, 0x32, 0x38, 0x0a, 0x20, 0x20, 0x20, 0x20, 0x20, 0x20, 0x2d
  .byte 0x20, 0x74, 0x65, 0x78, 0x74, 0x63, 0x6f, 0x6e, 0x74, 0x65, 0x6e, 0x74, 0x2d, 0x32, 0x39, 0x0a
  .byte 0x20, 0x20, 0x20, 0x20, 0x20, 0x20, 0x2d, 0x20, 0x74, 0x65, 0x78, 0x74, 0x63, 0x6f, 0x6e, 0x74
  .byte 0x65, 0x6e, 0x74, 0x2d, 0x33, 0x30, 0x0a, 0x20, 0x20, 0x20, 0x20, 0x20, 0x20, 0x2d, 0x20, 0x6d
  .byte 0x61, 0x72, 0x6b, 0x64, 0x6f, 0x77, 0x6e, 0x72, 0x65, 0x6e, 0x64, 0x65, 0x72, 0x65, 0x72, 0x2d
  .byte 0x33, 0x31, 0x0a, 0x20, 0x20, 0x20, 0x20, 0x20, 0x20, 0x2d, 0x20, 0x62, 0x75, 0x74, 0x74, 0x6f
  .byte 0x6e, 0x73, 0x2d, 0x33, 0x32, 0x0a, 0x20, 0x20, 0x20, 0x20, 0x20, 0x20, 0x2d, 0x20, 0x74, 0x65
  .byte 0x78, 0x74, 0x63, 0x61, 0x6c, 0x6c, 0x6f, 0x75, 0x74, 0x2d, 0x33, 0x35, 0x0a, 0x20, 0x20, 0x73
  .byte 0x74, 0x61, 0x63, 0x6b, 0x2d, 0x36, 0x3a, 0x0a, 0x20, 0x20, 0x20, 0x20, 0x74, 0x79, 0x70, 0x65
  .byte 0x3a, 0x20, 0x53, 0x74, 0x61, 0x63, 0x6b, 0x0a, 0x20, 0x20, 0x20, 0x20, 0x70, 0x72, 0x6f, 0x70
  .byte 0x73, 0x3a, 0x0a, 0x20, 0x20, 0x20, 0x20, 0x20, 0x20, 0x64, 0x69, 0x72, 0x65, 0x63, 0x74, 0x69
  .byte 0x6f, 0x6e, 0x3a, 0x20, 0x72, 0x6f, 0x77, 0x0a, 0x20, 0x20, 0x20, 0x20, 0x20, 0x20, 0x67, 0x61
  .byte 0x70, 0x3a, 0x20, 0x6c, 0x0a, 0x20, 0x20, 0x20, 0x20, 0x20, 0x20, 0x61, 0x6c, 0x69, 0x67, 0x6e
  .byte 0x3a, 0x20, 0x73, 0x74, 0x72, 0x65, 0x74, 0x63, 0x68, 0x0a, 0x20, 0x20, 0x20, 0x20, 0x20, 0x20
  .byte 0x6a, 0x75, 0x73, 0x74, 0x69, 0x66, 0x79, 0x3a, 0x20, 0x73, 0x74, 0x61, 0x72, 0x74, 0x0a, 0x20
  .byte 0x20, 0x20, 0x20, 0x20, 0x20, 0x77, 0x72, 0x61, 0x70, 0x3a, 0x20, 0x74, 0x72, 0x75, 0x65, 0x0a
  .byte 0x20, 0x20, 0x20, 0x20, 0x63, 0x68, 0x69, 0x6c, 0x64, 0x72, 0x65, 0x6e, 0x3a, 0x0a, 0x20, 0x20
  .byte 0x20, 0x20, 0x20, 0x20, 0x2d, 0x20, 0x63, 0x61, 0x72, 0x64, 0x2d, 0x37, 0x0a, 0x20, 0x20, 0x20
  .byte 0x20, 0x20, 0x20, 0x2d, 0x20, 0x63, 0x61, 0x72, 0x64, 0x2d, 0x31, 0x36, 0x0a, 0x20, 0x20, 0x20
  .byte 0x20, 0x20, 0x20, 0x2d, 0x20, 0x63, 0x61, 0x72, 0x64, 0x2d, 0x32, 0x36, 0x0a, 0x20, 0x20, 0x74
  .byte 0x65, 0x78, 0x74, 0x63, 0x6f, 0x6e, 0x74, 0x65, 0x6e, 0x74, 0x2d, 0x33, 0x36, 0x3a, 0x0a, 0x20
  .byte 0x20, 0x20, 0x20, 0x74, 0x79, 0x70, 0x65, 0x3a, 0x20, 0x54, 0x65, 0x78, 0x74, 0x43, 0x6f, 0x6e
  .byte 0x74, 0x65, 0x6e, 0x74, 0x0a, 0x20, 0x20, 0x20, 0x20, 0x70, 0x72, 0x6f, 0x70, 0x73, 0x3a, 0x0a
  .byte 0x20, 0x20, 0x20, 0x20, 0x20, 0x20, 0x74, 0x65, 0x78, 0x74, 0x3a, 0x20, 0x46, 0x65, 0x61, 0x74
  .byte 0x75, 0x72, 0x65, 0x20, 0x63, 0x6f, 0x6d, 0x70, 0x61, 0x72, 0x69, 0x73, 0x6f, 0x6e, 0x0a, 0x20
  .byte 0x20, 0x20, 0x20, 0x20, 0x20, 0x73, 0x69, 0x7a, 0x65, 0x3a, 0x20, 0x6c, 0x61, 0x72, 0x67, 0x65
  .byte 0x2d, 0x68, 0x65, 0x61, 0x76, 0x79, 0x0a, 0x20, 0x20, 0x63, 0x6f, 0x6c, 0x2d, 0x33, 0x38, 0x3a
  .byte 0x0a, 0x20, 0x20, 0x20, 0x20, 0x74, 0x79, 0x70, 0x65, 0x3a, 0x20, 0x43, 0x6f, 0x6c, 0x0a, 0x20
  .byte 0x20, 0x20, 0x20, 0x70, 0x72, 0x6f, 0x70, 0x73, 0x3a, 0x0a, 0x20, 0x20, 0x20, 0x20, 0x20, 0x20
  .byte 0x6c, 0x61, 0x62, 0x65, 0x6c, 0x3a, 0x20, 0x46, 0x65, 0x61, 0x74, 0x75, 0x72, 0x65, 0x0a, 0x20
  .byte 0x20, 0x20, 0x20, 0x20, 0x20, 0x74, 0x79, 0x70, 0x65, 0x3a, 0x20, 0x73, 0x74, 0x72, 0x69, 0x6e
  .byte 0x67, 0x0a, 0x20, 0x20, 0x63, 0x6f, 0x6c, 0x2d, 0x33, 0x39, 0x3a, 0x0a, 0x20, 0x20, 0x20, 0x20
  .byte 0x74, 0x79, 0x70, 0x65, 0x3a, 0x20, 0x43, 0x6f, 0x6c, 0x0a, 0x20, 0x20, 0x20, 0x20, 0x70, 0x72
  .byte 0x6f, 0x70, 0x73, 0x3a, 0x0a, 0x20, 0x20, 0x20, 0x20, 0x20, 0x20, 0x6c, 0x61, 0x62, 0x65, 0x6c
  .byte 0x3a, 0x20, 0x42, 0x61, 0x73, 0x69, 0x63, 0x0a, 0x20, 0x20, 0x20, 0x20, 0x20, 0x20, 0x74, 0x79
  .byte 0x70, 0x65, 0x3a, 0x20, 0x73, 0x74, 0x72, 0x69, 0x6e, 0x67, 0x0a, 0x20, 0x20, 0x63, 0x6f, 0x6c
  .byte 0x2d, 0x34, 0x30, 0x3a, 0x0a, 0x20, 0x20, 0x20, 0x20, 0x74, 0x79, 0x70, 0x65, 0x3a, 0x20, 0x43
  .byte 0x6f, 0x6c, 0x0a, 0x20, 0x20, 0x20, 0x20, 0x70, 0x72, 0x6f, 0x70, 0x73, 0x3a, 0x0a, 0x20, 0x20
  .byte 0x20, 0x20, 0x20, 0x20, 0x6c, 0x61, 0x62, 0x65, 0x6c, 0x3a, 0x20, 0x50, 0x72, 0x6f, 0x0a, 0x20
  .byte 0x20, 0x20, 0x20, 0x20, 0x20, 0x74, 0x79, 0x70, 0x65, 0x3a, 0x20, 0x73, 0x74, 0x72, 0x69, 0x6e
  .byte 0x67, 0x0a, 0x20, 0x20, 0x63, 0x6f, 0x6c, 0x2d, 0x34, 0x31, 0x3a, 0x0a, 0x20, 0x20, 0x20, 0x20
  .byte 0x74, 0x79, 0x70, 0x65, 0x3a, 0x20, 0x43, 0x6f, 0x6c, 0x0a, 0x20, 0x20, 0x20, 0x20, 0x70, 0x72
  .byte 0x6f, 0x70, 0x73, 0x3a, 0x0a, 0x20, 0x20, 0x20, 0x20, 0x20, 0x20, 0x6c, 0x61, 0x62, 0x65, 0x6c
  .byte 0x3a, 0x20, 0x45, 0x6e, 0x74, 0x65, 0x72, 0x70, 0x72, 0x69, 0x73, 0x65, 0x0a, 0x20, 0x20, 0x20
  .byte 0x20, 0x20, 0x20, 0x74, 0x79, 0x70, 0x65, 0x3a, 0x20, 0x73, 0x74, 0x72, 0x69, 0x6e, 0x67, 0x0a
  .byte 0x20, 0x20, 0x74, 0x61, 0x62, 0x6c, 0x65, 0x2d, 0x33, 0x37, 0x3a, 0x0a, 0x20, 0x20, 0x20, 0x20
  .byte 0x74, 0x79, 0x70, 0x65, 0x3a, 0x20, 0x54, 0x61, 0x62, 0x6c, 0x65, 0x0a, 0x20, 0x20, 0x20, 0x20
  .byte 0x70, 0x72, 0x6f, 0x70, 0x73, 0x3a, 0x0a, 0x20, 0x20, 0x20, 0x20, 0x20, 0x20, 0x72, 0x6f, 0x77
  .byte 0x73, 0x3a, 0x0a, 0x20, 0x20, 0x20, 0x20, 0x20, 0x20, 0x20, 0x20, 0x2d, 0x20, 0x2d, 0x20, 0x50
  .byte 0x72, 0x69, 0x63, 0x65, 0x20, 0x28, 0x6d, 0x6f, 0x6e, 0x74, 0x68, 0x6c, 0x79, 0x29, 0x0a, 0x20
  .byte 0x20, 0x20, 0x20, 0x20, 0x20, 0x20, 0x20, 0x20, 0x20, 0x2d, 0x20, 0x24, 0x31, 0x32, 0x0a, 0x20
  .byte 0x20, 0x20, 0x20, 0x20, 0x20, 0x20, 0x20, 0x20, 0x20, 0x2d, 0x20, 0x24, 0x32, 0x39, 0x0a, 0x20
  .byte 0x20, 0x20, 0x20, 0x20, 0x20, 0x20, 0x20, 0x20, 0x20, 0x2d, 0x20, 0x43, 0x75, 0x73, 0x74, 0x6f
  .byte 0x6d, 0x0a, 0x20, 0x20, 0x20, 0x20, 0x20, 0x20, 0x20, 0x20, 0x2d, 0x20, 0x2d, 0x20, 0x57, 0x6f
  .byte 0x72, 0x6b, 0x73, 0x70, 0x61, 0x63, 0x65, 0x73, 0x0a, 0x20, 0x20, 0x20, 0x20, 0x20, 0x20, 0x20
  .byte 0x20, 0x20, 0x20, 0x2d, 0x20, 0x22, 0x31, 0x22, 0x0a, 0x20, 0x20, 0x20, 0x20, 0x20, 0x20, 0x20
  .byte 0x20, 0x20, 0x20, 0x2d, 0x20, 0x22, 0x35, 0x22, 0x0a, 0x20, 0x20, 0x20, 0x20, 0x20, 0x20, 0x20
  .byte 0x20, 0x20, 0x20, 0x2d, 0x20, 0x55, 0x6e, 0x6c, 0x69, 0x6d, 0x69, 0x74, 0x65, 0x64, 0x0a, 0x20
  .byte 0x20, 0x20, 0x20, 0x20, 0x20, 0x20, 0x20, 0x2d, 0x20, 0x2d, 0x20, 0x50, 0x72, 0x6f, 0x6a, 0x65
  .byte 0x63, 0x74, 0x73, 0x0a, 0x20, 0x20, 0x20, 0x20, 0x20, 0x20, 0x20, 0x20, 0x20, 0x20, 0x2d, 0x20
  .byte 0x55, 0x70, 0x20, 0x74, 0x6f, 0x20, 0x33, 0x0a, 0x20, 0x20, 0x20, 0x20, 0x20, 0x20, 0x20, 0x20
  .byte 0x20, 0x20, 0x2d, 0x20, 0x55, 0x6e, 0x6c, 0x69, 0x6d, 0x69, 0x74, 0x65, 0x64, 0x0a, 0x20, 0x20
  .byte 0x20, 0x20, 0x20, 0x20, 0x20, 0x20, 0x20, 0x20, 0x2d, 0x20, 0x55, 0x6e, 0x6c, 0x69, 0x6d, 0x69
  .byte 0x74, 0x65, 0x64, 0x0a, 0x20, 0x20, 0x20, 0x20, 0x20, 0x20, 0x20, 0x20, 0x2d, 0x20, 0x2d, 0x20
  .byte 0x53, 0x74, 0x6f, 0x72, 0x61, 0x67, 0x65, 0x0a, 0x20, 0x20, 0x20, 0x20, 0x20, 0x20, 0x20, 0x20
  .byte 0x20, 0x20, 0x2d, 0x20, 0x35, 0x20, 0x47, 0x42, 0x0a, 0x20, 0x20, 0x20, 0x20, 0x20, 0x20, 0x20
  .byte 0x20, 0x20, 0x20, 0x2d, 0x20, 0x31, 0x30, 0x30, 0x20, 0x47, 0x42, 0x0a, 0x20, 0x20, 0x20, 0x20
  .byte 0x20, 0x20, 0x20, 0x20, 0x20, 0x20, 0x2d, 0x20, 0x55, 0x6e, 0x6c, 0x69, 0x6d, 0x69, 0x74, 0x65
  .byte 0x64, 0x20, 0x28, 0x66, 0x61, 0x69, 0x72, 0x20, 0x75, 0x73, 0x65, 0x29, 0x0a, 0x20, 0x20, 0x20
  .byte 0x20, 0x20, 0x20, 0x20, 0x20, 0x2d, 0x20, 0x2d, 0x20, 0x54, 0x65, 0x61, 0x6d, 0x20, 0x6d, 0x65
  .byte 0x6d, 0x62, 0x65, 0x72, 0x73, 0x0a, 0x20, 0x20, 0x20, 0x20, 0x20, 0x20, 0x20, 0x20, 0x20, 0x20
  .byte 0x2d, 0x20, 0x22, 0x31, 0x22, 0x0a, 0x20, 0x20, 0x20, 0x20, 0x20, 0x20, 0x20, 0x20, 0x20, 0x20
  .byte 0x2d, 0x20, 0x55, 0x70, 0x20, 0x74, 0x6f, 0x20, 0x32, 0x35, 0x0a, 0x20, 0x20, 0x20, 0x20, 0x20
  .byte 0x20, 0x20, 0x20, 0x20, 0x20, 0x2d, 0x20, 0x55, 0x6e, 0x6c, 0x69, 0x6d, 0x69, 0x74, 0x65, 0x64
  .byte 0x0a, 0x20, 0x20, 0x20, 0x20, 0x20, 0x20, 0x20, 0x20, 0x2d, 0x20, 0x2d, 0x20, 0x52, 0x6f, 0x6c
  .byte 0x65, 0x73, 0x20, 0x26, 0x20, 0x70, 0x65, 0x72, 0x6d, 0x69, 0x73, 0x73, 0x69, 0x6f, 0x6e, 0x73
  .byte 0x0a, 0x20, 0x20, 0x20, 0x20, 0x20, 0x20, 0x20, 0x20, 0x20, 0x20, 0x2d, 0x20, 0xe2, 0x80, 0x94
  .byte 0x0a, 0x20, 0x20, 0x20, 0x20, 0x20, 0x20, 0x20, 0x20, 0x20, 0x20, 0x2d, 0x20, 0x59, 0x65, 0x73
  .byte 0x0a, 0x20, 0x20, 0x20, 0x20, 0x20, 0x20, 0x20, 0x20, 0x20, 0x20, 0x2d, 0x20, 0x41, 0x64, 0x76
  .byte 0x61, 0x6e, 0x63, 0x65, 0x64, 0x20, 0x28, 0x63, 0x75, 0x73, 0x74, 0x6f, 0x6d, 0x20, 0x72, 0x6f
  .byte 0x6c, 0x65, 0x73, 0x29, 0x0a, 0x20, 0x20, 0x20, 0x20, 0x20, 0x20, 0x20, 0x20, 0x2d, 0x20, 0x2d
  .byte 0x20, 0x41, 0x75, 0x74, 0x6f, 0x6d, 0x61, 0x74, 0x69, 0x6f, 0x6e, 0x73, 0x0a, 0x20, 0x20, 0x20
  .byte 0x20, 0x20, 0x20, 0x20, 0x20, 0x20, 0x20, 0x2d, 0x20, 0xe2, 0x80, 0x94, 0x0a, 0x20, 0x20, 0x20
  .byte 0x20, 0x20, 0x20, 0x20, 0x20, 0x20, 0x20, 0x2d, 0x20, 0x31, 0x2c, 0x30, 0x30, 0x30, 0x20, 0x72
  .byte 0x75, 0x6e, 0x73, 0x2f, 0x6d, 0x6f, 0x0a, 0x20, 0x20, 0x20, 0x20, 0x20, 0x20, 0x20, 0x20, 0x20
  .byte 0x20, 0x2d, 0x20, 0x55, 0x6e, 0x6c, 0x69, 0x6d, 0x69, 0x74, 0x65, 0x64, 0x20, 0x28, 0x70, 0x6f
  .byte 0x6c, 0x69, 0x63, 0x79, 0x2d, 0x62, 0x61, 0x73, 0x65, 0x64, 0x29, 0x0a, 0x20, 0x20, 0x20, 0x20
  .byte 0x20, 0x20, 0x20, 0x20, 0x2d, 0x20, 0x2d, 0x20, 0x49, 0x6e, 0x74, 0x65, 0x67, 0x72, 0x61, 0x74
  .byte 0x69, 0x6f, 0x6e, 0x73, 0x0a, 0x20, 0x20, 0x20, 0x20, 0x20, 0x20, 0x20, 0x20, 0x20, 0x20, 0x2d
  .byte 0x20, 0x4c, 0x69, 0x6d, 0x69, 0x74, 0x65, 0x64, 0x0a, 0x20, 0x20, 0x20, 0x20, 0x20, 0x20, 0x20
  .byte 0x20, 0x20, 0x20, 0x2d, 0x20, 0x53, 0x74, 0x61, 0x6e, 0x64, 0x61, 0x72, 0x64, 0x0a, 0x20, 0x20
  .byte 0x20, 0x20, 0x20, 0x20, 0x20, 0x20, 0x20, 0x20, 0x2d, 0x20, 0x53, 0x74, 0x61, 0x6e, 0x64, 0x61
  .byte 0x72, 0x64, 0x20, 0x2b, 0x20, 0x63, 0x75, 0x73, 0x74, 0x6f, 0x6d, 0x0a, 0x20, 0x20, 0x20, 0x20
  .byte 0x20, 0x20, 0x20, 0x20, 0x2d, 0x20, 0x2d, 0x20, 0x41, 0x6e, 0x61, 0x6c, 0x79, 0x74, 0x69, 0x63
  .byte 0x73, 0x0a, 0x20, 0x20, 0x20, 0x20, 0x20, 0x20, 0x20, 0x20, 0x20, 0x20, 0x2d, 0x20, 0x42, 0x61
  .byte 0x73, 0x69, 0x63, 0x0a, 0x20, 0x20, 0x20, 0x20, 0x20, 0x20, 0x20, 0x20, 0x20, 0x20, 0x2d, 0x20
  .byte 0x41, 0x64, 0x76, 0x61, 0x6e, 0x63, 0x65, 0x64, 0x0a, 0x20, 0x20, 0x20, 0x20, 0x20, 0x20, 0x20
  .byte 0x20, 0x20, 0x20, 0x2d, 0x20, 0x41, 0x64, 0x76, 0x61, 0x6e, 0x63, 0x65, 0x64, 0x20, 0x2b, 0x20
  .byte 0x65, 0x78, 0x70, 0x6f, 0x72, 0x74, 0x73, 0x0a, 0x20, 0x20, 0x20, 0x20, 0x20, 0x20, 0x20, 0x20
  .byte 0x2d, 0x20, 0x2d, 0x20, 0x53, 0x53, 0x4f, 0x20, 0x28, 0x53, 0x41, 0x4d, 0x4c, 0x29, 0x0a, 0x20
  .byte 0x20, 0x20, 0x20, 0x20, 0x20, 0x20, 0x20, 0x20, 0x20, 0x2d, 0x20, 0xe2, 0x80, 0x94, 0x0a, 0x20
  .byte 0x20, 0x20, 0x20, 0x20, 0x20, 0x20, 0x20, 0x20, 0x20, 0x2d, 0x20, 0xe2, 0x80, 0x94, 0x0a, 0x20
  .byte 0x20, 0x20, 0x20, 0x20, 0x20, 0x20, 0x20, 0x20, 0x20, 0x2d, 0x20, 0x59, 0x65, 0x73, 0x0a, 0x20
  .byte 0x20, 0x20, 0x20, 0x20, 0x20, 0x20, 0x20, 0x2d, 0x20, 0x2d, 0x20, 0x53, 0x43, 0x49, 0x4d, 0x20
  .byte 0x70, 0x72, 0x6f, 0x76, 0x69, 0x73, 0x69, 0x6f, 0x6e, 0x69, 0x6e, 0x67, 0x0a, 0x20, 0x20, 0x20
  .byte 0x20, 0x20, 0x20, 0x20, 0x20, 0x20, 0x20, 0x2d, 0x20, 0xe2, 0x80, 0x94, 0x0a, 0x20, 0x20, 0x20
  .byte 0x20, 0x20, 0x20, 0x20, 0x20, 0x20, 0x20, 0x2d, 0x20, 0xe2, 0x80, 0x94, 0x0a, 0x20, 0x20, 0x20
  .byte 0x20, 0x20, 0x20, 0x20, 0x20, 0x20, 0x20, 0x2d, 0x20, 0x59, 0x65, 0x73, 0x0a, 0x20, 0x20, 0x20
  .byte 0x20, 0x20, 0x20, 0x20, 0x20, 0x2d, 0x20, 0x2d, 0x20, 0x41, 0x75, 0x64, 0x69, 0x74, 0x20, 0x6c
  .byte 0x6f, 0x67, 0x73, 0x0a, 0x20, 0x20, 0x20, 0x20, 0x20, 0x20, 0x20, 0x20, 0x20, 0x20, 0x2d, 0x20
  .byte 0xe2, 0x80, 0x94, 0x0a, 0x20, 0x20, 0x20, 0x20, 0x20, 0x20, 0x20, 0x20, 0x20, 0x20, 0x2d, 0x20
  .byte 0xe2, 0x80, 0x94, 0x0a, 0x20, 0x20, 0x20, 0x20, 0x20, 0x20, 0x20, 0x20, 0x20, 0x20, 0x2d, 0x20
  .byte 0x59, 0x65, 0x73, 0x0a, 0x20, 0x20, 0x20, 0x20, 0x20, 0x20, 0x20, 0x20, 0x2d, 0x20, 0x2d, 0x20
  .byte 0x53, 0x75, 0x70, 0x70, 0x6f, 0x72, 0x74, 0x0a, 0x20, 0x20, 0x20, 0x20, 0x20, 0x20, 0x20, 0x20
  .byte 0x20, 0x20, 0x2d, 0x20, 0x43, 0x6f, 0x6d, 0x6d, 0x75, 0x6e, 0x69, 0x74, 0x79, 0x0a, 0x20, 0x20
  .byte 0x20, 0x20, 0x20, 0x20, 0x20, 0x20, 0x20, 0x20, 0x2d, 0x20, 0x50, 0x72, 0x69, 0x6f, 0x72, 0x69
  .byte 0x74, 0x79, 0x20, 0x65, 0x6d, 0x61, 0x69, 0x6c, 0x0a, 0x20, 0x20, 0x20, 0x20, 0x20, 0x20, 0x20
  .byte 0x20, 0x20, 0x20, 0x2d, 0x20, 0x44, 0x65, 0x64, 0x69, 0x63, 0x61, 0x74, 0x65, 0x64, 0x20, 0x2b
  .byte 0x20, 0x53, 0x4c, 0x41, 0x0a, 0x20, 0x20, 0x20, 0x20, 0x63, 0x68, 0x69, 0x6c, 0x64, 0x72, 0x65
  .byte 0x6e, 0x3a, 0x0a, 0x20, 0x20, 0x20, 0x20, 0x20, 0x20, 0x2d, 0x20, 0x63, 0x6f, 0x6c, 0x2d, 0x33
  .byte 0x38, 0x0a, 0x20, 0x20, 0x20, 0x20, 0x20, 0x20, 0x2d, 0x20, 0x63, 0x6f, 0x6c, 0x2d, 0x33, 0x39
  .byte 0x0a, 0x20, 0x20, 0x20, 0x20, 0x20, 0x20, 0x2d, 0x20, 0x63, 0x6f, 0x6c, 0x2d, 0x34, 0x30, 0x0a
  .byte 0x20, 0x20, 0x20, 0x20, 0x20, 0x20, 0x2d, 0x20, 0x63, 0x6f, 0x6c, 0x2d, 0x34, 0x31, 0x0a, 0x20
  .byte 0x20, 0x74, 0x65, 0x78, 0x74, 0x63, 0x6f, 0x6e, 0x74, 0x65, 0x6e, 0x74, 0x2d, 0x34, 0x34, 0x3a
  .byte 0x0a, 0x20, 0x20, 0x20, 0x20, 0x74, 0x79, 0x70, 0x65, 0x3a, 0x20, 0x54, 0x65, 0x78, 0x74, 0x43
  .byte 0x6f, 0x6e, 0x74, 0x65, 0x6e, 0x74, 0x0a, 0x20, 0x20, 0x20, 0x20, 0x70, 0x72, 0x6f, 0x70, 0x73
  .byte 0x3a, 0x0a, 0x20, 0x20, 0x20, 0x20, 0x20, 0x20, 0x74, 0x65, 0x78, 0x74, 0x3a, 0x20, 0x59, 0x65
  .byte 0x73, 0x2e, 0x20, 0x59, 0x6f, 0x75, 0x20, 0x63, 0x61, 0x6e, 0x20, 0x75, 0x70, 0x67, 0x72, 0x61
  .byte 0x64, 0x65, 0x20, 0x6f, 0x72, 0x20, 0x64, 0x6f, 0x77, 0x6e, 0x67, 0x72, 0x61, 0x64, 0x65, 0x20
  .byte 0x61, 0x74, 0x20, 0x61, 0x6e, 0x79, 0x20, 0x74, 0x69, 0x6d, 0x65, 0x2e, 0x20, 0x43, 0x68, 0x61
  .byte 0x6e, 0x67, 0x65, 0x73, 0x20, 0x74, 0x61, 0x6b, 0x65, 0x20, 0x65, 0x66, 0x66, 0x65, 0x63, 0x74
  .byte 0x0a, 0x20, 0x20, 0x20, 0x20, 0x20, 0x20, 0x20, 0x20, 0x69, 0x6d, 0x6d, 0x65, 0x64, 0x69, 0x61
  .byte 0x74, 0x65, 0x6c, 0x79, 0x2c, 0x20, 0x61, 0x6e, 0x64, 0x20, 0x77, 0x65, 0x20, 0x70, 0x72, 0x6f
  .byte 0x72, 0x61, 0x74, 0x65, 0x20, 0x77, 0x68, 0x65, 0x6e, 0x20, 0x61, 0x70, 0x70, 0x6c, 0x69, 0x63
  .byte 0x61, 0x62, 0x6c, 0x65, 0x2e, 0x0a, 0x20, 0x20, 0x61, 0x63, 0x63, 0x6f, 0x72, 0x64, 0x69, 0x6f
  .byte 0x6e, 0x69, 0x74, 0x65, 0x6d, 0x2d, 0x34, 0x33, 0x3a, 0x0a, 0x20, 0x20, 0x20, 0x20, 0x74, 0x79
  .byte 0x70, 0x65, 0x3a, 0x20, 0x41, 0x63, 0x63, 0x6f, 0x72, 0x64, 0x69, 0x6f, 0x6e, 0x49, 0x74, 0x65
  .byte 0x6d, 0x0a, 0x20, 0x20, 0x20, 0x20, 0x70, 0x72, 0x6f, 0x70, 0x73, 0x3a, 0x0a, 0x20, 0x20, 0x20
  .byte 0x20, 0x20, 0x20, 0x76, 0x61, 0x6c, 0x75, 0x65, 0x3a, 0x20, 0x62, 0x69, 0x6c, 0x6c, 0x69, 0x6e
  .byte 0x67, 0x0a, 0x20, 0x20, 0x20, 0x20, 0x20, 0x20, 0x74, 0x72, 0x69, 0x67, 0x67, 0x65, 0x72, 0x3a
  .byte 0x20, 0x43, 0x61, 0x6e, 0x20, 0x49, 0x20, 0x73, 0x77, 0x69, 0x74, 0x63, 0x68, 0x20, 0x70, 0x6c
  .byte 0x61, 0x6e, 0x73, 0x20, 0x6c, 0x61, 0x74, 0x65, 0x72, 0x3f, 0x0a, 0x20, 0x20, 0x20, 0x20, 0x63
  .byte 0x68, 0x69, 0x6c, 0x64, 0x72, 0x65, 0x6e, 0x3a, 0x0a, 0x20, 0x20, 0x20, 0x20, 0x20, 0x20, 0x2d
  .byte 0x20, 0x74, 0x65, 0x78, 0x74, 0x63, 0x6f, 0x6e, 0x74, 0x65, 0x6e, 0x74, 0x2d, 0x34, 0x34, 0x0a
  .byte 0x20, 0x20, 0x74, 0x65, 0x78, 0x74, 0x63, 0x6f, 0x6e, 0x74, 0x65, 0x6e, 0x74, 0x2d, 0x34, 0x36
  .byte 0x3a, 0x0a, 0x20, 0x20, 0x20, 0x20, 0x74, 0x79, 0x70, 0x65, 0x3a, 0x20, 0x54, 0x65, 0x78, 0x74
  .byte 0x43, 0x6f, 0x6e, 0x74, 0x65, 0x6e, 0x74, 0x0a, 0x20, 0x20, 0x20, 0x20, 0x70, 0x72, 0x6f, 0x70
  .byte 0x73, 0x3a, 0x0a, 0x20, 0x20, 0x20, 0x20, 0x20, 0x20, 0x74, 0x65, 0x78, 0x74, 0x3a, 0x20, 0x59
  .byte 0x65, 0x73, 0x2e, 0x20, 0x42, 0x61, 0x73, 0x69, 0x63, 0x20, 0x61, 0x6e, 0x64, 0x20, 0x50, 0x72
  .byte 0x6f, 0x20, 0x69, 0x6e, 0x63, 0x6c, 0x75, 0x64, 0x65, 0x20, 0x61, 0x20, 0x66, 0x72, 0x65, 0x65
  .byte 0x20, 0x74, 0x72, 0x69, 0x61, 0x6c, 0x2e, 0x20, 0x45, 0x6e, 0x74, 0x65, 0x72, 0x70, 0x72, 0x69
  .byte 0x73, 0x65, 0x20, 0x74, 0x72, 0x69, 0x61, 0x6c, 0x73, 0x20, 0x61, 0x72, 0x65, 0x20, 0x61, 0x76
  .byte 0x61, 0x69, 0x6c, 0x61, 0x62, 0x6c, 0x65, 0x0a, 0x20, 0x20, 0x20, 0x20, 0x20, 0x20, 0x20, 0x20
  .byte 0x75, 0x70, 0x6f, 0x6e, 0x20, 0x72, 0x65, 0x71, 0x75, 0x65, 0x73, 0x74, 0x20, 0x76, 0x69, 0x61
  .byte 0x20, 0x53, 0x61, 0x6c, 0x65, 0x73, 0x2e, 0x0a, 0x20, 0x20, 0x61, 0x63, 0x63, 0x6f, 0x72, 0x64
  .byte 0x69, 0x6f, 0x6e, 0x69, 0x74, 0x65, 0x6d, 0x2d, 0x34, 0x35, 0x3a, 0x0a, 0x20, 0x20, 0x20, 0x20
  .byte 0x74, 0x79, 0x70, 0x65, 0x3a, 0x20, 0x41, 0x63, 0x63, 0x6f, 0x72, 0x64, 0x69, 0x6f, 0x6e, 0x49
  .byte 0x74, 0x65, 0x6d, 0x0a, 0x20, 0x20, 0x20, 0x20, 0x70, 0x72, 0x6f, 0x70, 0x73, 0x3a, 0x0a, 0x20
  .byte 0x20, 0x20, 0x20, 0x20, 0x20, 0x76, 0x61, 0x6c, 0x75, 0x65, 0x3a, 0x20, 0x74, 0x72, 0x69, 0x61
  .byte 0x6c, 0x0a, 0x20, 0x20, 0x20, 0x20, 0x20, 0x20, 0x74, 0x72, 0x69, 0x67, 0x67, 0x65, 0x72, 0x3a
  .byte 0x20, 0x44, 0x6f, 0x20, 0x79, 0x6f, 0x75, 0x20, 0x6f, 0x66, 0x66, 0x65, 0x72, 0x20, 0x61, 0x20
  .byte 0x66, 0x72, 0x65, 0x65, 0x20, 0x74, 0x72, 0x69, 0x61, 0x6c, 0x3f, 0x0a, 0x20, 0x20, 0x20, 0x20
  .byte 0x63, 0x68, 0x69, 0x6c, 0x64, 0x72, 0x65, 0x6e, 0x3a, 0x0a, 0x20, 0x20, 0x20, 0x20, 0x20, 0x20
  .byte 0x2d, 0x20, 0x74, 0x65, 0x78, 0x74, 0x63, 0x6f, 0x6e, 0x74, 0x65, 0x6e, 0x74, 0x2d, 0x34, 0x36
  .byte 0x0a, 0x20, 0x20, 0x74, 0x65, 0x78, 0x74, 0x63, 0x6f, 0x6e, 0x74, 0x65, 0x6e, 0x74, 0x2d, 0x34
  .byte 0x38, 0x3a, 0x0a, 0x20, 0x20, 0x20, 0x20, 0x74, 0x79, 0x70, 0x65, 0x3a, 0x20, 0x54, 0x65, 0x78
  .byte 0x74, 0x43, 0x6f, 0x6e, 0x74, 0x65, 0x6e, 0x74, 0x0a, 0x20, 0x20, 0x20, 0x20, 0x70, 0x72, 0x6f
  .byte 0x70, 0x73, 0x3a, 0x0a, 0x20, 0x20, 0x20, 0x20, 0x20, 0x20, 0x74, 0x65, 0x78, 0x74, 0x3a, 0x20
  .byte 0x59, 0x65, 0x73, 0x2e, 0x20, 0x41, 0x6e, 0x6e, 0x75, 0x61, 0x6c, 0x20, 0x62, 0x69, 0x6c, 0x6c
  .byte 0x69, 0x6e, 0x67, 0x20, 0x69, 0x6e, 0x63, 0x6c, 0x75, 0x64, 0x65, 0x73, 0x20, 0x61, 0x20, 0x64
  .byte 0x69, 0x73, 0x63, 0x6f, 0x75, 0x6e, 0x74, 0x2e, 0x20, 0x43, 0x6f, 0x6e, 0x74, 0x61, 0x63, 0x74
  .byte 0x20, 0x53, 0x61, 0x6c, 0x65, 0x73, 0x20, 0x66, 0x6f, 0x72, 0x20, 0x45, 0x6e, 0x74, 0x65, 0x72
  .byte 0x70, 0x72, 0x69, 0x73, 0x65, 0x0a, 0x20, 0x20, 0x20, 0x20, 0x20, 0x20, 0x20, 0x20, 0x61, 0x6e
  .byte 0x6e, 0x75, 0x61, 0x6c, 0x20, 0x74, 0x65, 0x72, 0x6d, 0x73, 0x20, 0x61, 0x6e, 0x64, 0x20, 0x69
  .byte 0x6e, 0x76, 0x6f, 0x69, 0x63, 0x69, 0x6e, 0x67, 0x2e, 0x0a, 0x20, 0x20, 0x61, 0x63, 0x63, 0x6f
  .byte 0x72, 0x64, 0x69, 0x6f, 0x6e, 0x69, 0x74, 0x65, 0x6d, 0x2d, 0x34, 0x37, 0x3a, 0x0a, 0x20, 0x20
  .byte 0x20, 0x20, 0x74, 0x79, 0x70, 0x65, 0x3a, 0x20, 0x41, 0x63, 0x63, 0x6f, 0x72, 0x64, 0x69, 0x6f
  .byte 0x6e, 0x49, 0x74, 0x65, 0x6d, 0x0a, 0x20, 0x20, 0x20, 0x20, 0x70, 0x72, 0x6f, 0x70, 0x73, 0x3a
  .byte 0x0a, 0x20, 0x20, 0x20, 0x20, 0x20, 0x20, 0x76, 0x61, 0x6c, 0x75, 0x65, 0x3a, 0x20, 0x61, 0x6e
  .byte 0x6e, 0x75, 0x61, 0x6c, 0x0a, 0x20, 0x20, 0x20, 0x20, 0x20, 0x20, 0x74, 0x72, 0x69, 0x67, 0x67
  .byte 0x65, 0x72, 0x3a, 0x20, 0x44, 0x6f, 0x20, 0x79, 0x6f, 0x75, 0x20, 0x6f, 0x66, 0x66, 0x65, 0x72
  .byte 0x20, 0x61, 0x6e, 0x6e, 0x75, 0x61, 0x6c, 0x20, 0x62, 0x69, 0x6c, 0x6c, 0x69, 0x6e, 0x67, 0x3f
  .byte 0x0a, 0x20, 0x20, 0x20, 0x20, 0x63, 0x68, 0x69, 0x6c, 0x64, 0x72, 0x65, 0x6e, 0x3a, 0x0a, 0x20
  .byte 0x20, 0x20, 0x20, 0x20, 0x20, 0x2d, 0x20, 0x74, 0x65, 0x78, 0x74, 0x63, 0x6f, 0x6e, 0x74, 0x65
  .byte 0x6e, 0x74, 0x2d, 0x34, 0x38, 0x0a, 0x20, 0x20, 0x74, 0x65, 0x78, 0x74, 0x63, 0x6f, 0x6e, 0x74
  .byte 0x65, 0x6e, 0x74, 0x2d, 0x35, 0x30, 0x3a, 0x0a, 0x20, 0x20, 0x20, 0x20, 0x74, 0x79, 0x70, 0x65
  .byte 0x3a, 0x20, 0x54, 0x65, 0x78, 0x74, 0x43, 0x6f, 0x6e, 0x74, 0x65, 0x6e, 0x74, 0x0a, 0x20, 0x20
  .byte 0x20, 0x20, 0x70, 0x72, 0x6f, 0x70, 0x73, 0x3a, 0x0a, 0x20, 0x20, 0x20, 0x20, 0x20, 0x20, 0x74
  .byte 0x65, 0x78, 0x74, 0x3a, 0x20, 0x45, 0x6e, 0x74, 0x65, 0x72, 0x70, 0x72, 0x69, 0x73, 0x65, 0x20
  .byte 0x69, 0x6e, 0x63, 0x6c, 0x75, 0x64, 0x65, 0x73, 0x20, 0x53, 0x53, 0x4f, 0x2f, 0x53, 0x41, 0x4d
  .byte 0x4c, 0x2c, 0x20, 0x53, 0x43, 0x49, 0x4d, 0x2c, 0x20, 0x61, 0x75, 0x64, 0x69, 0x74, 0x20, 0x6c
  .byte 0x6f, 0x67, 0x73, 0x2c, 0x20, 0x61, 0x6e, 0x64, 0x20, 0x64, 0x61, 0x74, 0x61, 0x20, 0x72, 0x65
  .byte 0x74, 0x65, 0x6e, 0x74, 0x69, 0x6f, 0x6e, 0x0a, 0x20, 0x20, 0x20, 0x20, 0x20, 0x20, 0x20, 0x20
  .byte 0x63, 0x6f, 0x6e, 0x74, 0x72, 0x6f, 0x6c, 0x73, 0x2e, 0x20, 0x57, 0x65, 0x20, 0x63, 0x61, 0x6e
  .byte 0x20, 0x73, 0x68, 0x61, 0x72, 0x65, 0x20, 0x73, 0x65, 0x63, 0x75, 0x72, 0x69, 0x74, 0x79, 0x20
  .byte 0x64, 0x6f, 0x63, 0x75, 0x6d, 0x65, 0x6e, 0x74, 0x61, 0x74, 0x69, 0x6f, 0x6e, 0x20, 0x64, 0x75
  .byte 0x72, 0x69, 0x6e, 0x67, 0x20, 0x70, 0x72, 0x6f, 0x63, 0x75, 0x72, 0x65, 0x6d, 0x65, 0x6e, 0x74
  .byte 0x2e, 0x0a, 0x20, 0x20, 0x61, 0x63, 0x63, 0x6f, 0x72, 0x64, 0x69, 0x6f, 0x6e, 0x69, 0x74, 0x65
  .byte 0x6d, 0x2d, 0x34, 0x39, 0x3a, 0x0a, 0x20, 0x20, 0x20, 0x20, 0x74, 0x79, 0x70, 0x65, 0x3a, 0x20
  .byte 0x41, 0x63, 0x63, 0x6f, 0x72, 0x64, 0x69, 0x6f, 0x6e, 0x49, 0x74, 0x65, 0x6d, 0x0a, 0x20, 0x20
  .byte 0x20, 0x20, 0x70, 0x72, 0x6f, 0x70, 0x73, 0x3a, 0x0a, 0x20, 0x20, 0x20, 0x20, 0x20, 0x20, 0x76
  .byte 0x61, 0x6c, 0x75, 0x65, 0x3a, 0x20, 0x73, 0x65, 0x63, 0x75, 0x72, 0x69, 0x74, 0x79, 0x0a, 0x20
  .byte 0x20, 0x20, 0x20, 0x20, 0x20, 0x74, 0x72, 0x69, 0x67, 0x67, 0x65, 0x72, 0x3a, 0x20, 0x57, 0x68
  .byte 0x61, 0x74, 0x20, 0x61, 0x62, 0x6f, 0x75, 0x74, 0x20, 0x73, 0x65, 0x63, 0x75, 0x72, 0x69, 0x74
  .byte 0x79, 0x20, 0x61, 0x6e, 0x64, 0x20, 0x63, 0x6f, 0x6d, 0x70, 0x6c, 0x69, 0x61, 0x6e, 0x63, 0x65
  .byte 0x3f, 0x0a, 0x20, 0x20, 0x20, 0x20, 0x63, 0x68, 0x69, 0x6c, 0x64, 0x72, 0x65, 0x6e, 0x3a, 0x0a
  .byte 0x20, 0x20, 0x20, 0x20, 0x20, 0x20, 0x2d, 0x20, 0x74, 0x65, 0x78, 0x74, 0x63, 0x6f, 0x6e, 0x74
  .byte 0x65, 0x6e, 0x74, 0x2d, 0x35, 0x30, 0x0a, 0x20, 0x20, 0x61, 0x63, 0x63, 0x6f, 0x72, 0x64, 0x69
  .byte 0x6f, 0x6e, 0x2d, 0x34, 0x32, 0x3a, 0x0a, 0x20, 0x20, 0x20, 0x20, 0x74, 0x79, 0x70, 0x65, 0x3a
  .byte 0x20, 0x41, 0x63, 0x63, 0x6f, 0x72, 0x64, 0x69, 0x6f, 0x6e, 0x0a, 0x20, 0x20, 0x20, 0x20, 0x70
  .byte 0x72, 0x6f, 0x70, 0x73, 0x3a, 0x20, 0x7b, 0x7d, 0x0a, 0x20, 0x20, 0x20, 0x20, 0x63, 0x68, 0x69
  .byte 0x6c, 0x64, 0x72, 0x65, 0x6e, 0x3a, 0x0a, 0x20, 0x20, 0x20, 0x20, 0x20, 0x20, 0x2d, 0x20, 0x61
  .byte 0x63, 0x63, 0x6f, 0x72, 0x64, 0x69, 0x6f, 0x6e, 0x69, 0x74, 0x65, 0x6d, 0x2d, 0x34, 0x33, 0x0a
  .byte 0x20, 0x20, 0x20, 0x20, 0x20, 0x20, 0x2d, 0x20, 0x61, 0x63, 0x63, 0x6f, 0x72, 0x64, 0x69, 0x6f
  .byte 0x6e, 0x69, 0x74, 0x65, 0x6d, 0x2d, 0x34, 0x35, 0x0a, 0x20, 0x20, 0x20, 0x20, 0x20, 0x20, 0x2d
  .byte 0x20, 0x61, 0x63, 0x63, 0x6f, 0x72, 0x64, 0x69, 0x6f, 0x6e, 0x69, 0x74, 0x65, 0x6d, 0x2d, 0x34
  .byte 0x37, 0x0a, 0x20, 0x20, 0x20, 0x20, 0x20, 0x20, 0x2d, 0x20, 0x61, 0x63, 0x63, 0x6f, 0x72, 0x64
  .byte 0x69, 0x6f, 0x6e, 0x69, 0x74, 0x65, 0x6d, 0x2d, 0x34, 0x39, 0x0a, 0x20, 0x20, 0x73, 0x74, 0x61
  .byte 0x63, 0x6b, 0x2d, 0x31, 0x3a, 0x0a, 0x20, 0x20, 0x20, 0x20, 0x74, 0x79, 0x70, 0x65, 0x3a, 0x20
  .byte 0x53, 0x74, 0x61, 0x63, 0x6b, 0x0a, 0x20, 0x20, 0x20, 0x20, 0x70, 0x72, 0x6f, 0x70, 0x73, 0x3a
  .byte 0x0a, 0x20, 0x20, 0x20, 0x20, 0x20, 0x20, 0x64, 0x69, 0x72, 0x65, 0x63, 0x74, 0x69, 0x6f, 0x6e
  .byte 0x3a, 0x20, 0x63, 0x6f, 0x6c, 0x75, 0x6d, 0x6e, 0x0a, 0x20, 0x20, 0x20, 0x20, 0x20, 0x20, 0x67
  .byte 0x61, 0x70, 0x3a, 0x20, 0x78, 0x6c, 0x0a, 0x20, 0x20, 0x20, 0x20, 0x63, 0x68, 0x69, 0x6c, 0x64
  .byte 0x72, 0x65, 0x6e, 0x3a, 0x0a, 0x20, 0x20, 0x20, 0x20, 0x20, 0x20, 0x2d, 0x20, 0x73, 0x74, 0x61
  .byte 0x63, 0x6b, 0x2d, 0x32, 0x0a, 0x20, 0x20, 0x20, 0x20, 0x20, 0x20, 0x2d, 0x20, 0x73, 0x74, 0x61
  .byte 0x63, 0x6b, 0x2d, 0x36, 0x0a, 0x20, 0x20, 0x20, 0x20, 0x20, 0x20, 0x2d, 0x20, 0x74, 0x65, 0x78
  .byte 0x74, 0x63, 0x6f, 0x6e, 0x74, 0x65, 0x6e, 0x74, 0x2d, 0x33, 0x36, 0x0a, 0x20, 0x20, 0x20, 0x20
  .byte 0x20, 0x20, 0x2d, 0x20, 0x74, 0x61, 0x62, 0x6c, 0x65, 0x2d, 0x33, 0x37, 0x0a, 0x20, 0x20, 0x20
  .byte 0x20, 0x20, 0x20, 0x2d, 0x20, 0x61, 0x63, 0x63, 0x6f, 0x72, 0x64, 0x69, 0x6f, 0x6e, 0x2d, 0x34
  .byte 0x32, 0x0a

  .globl openui_full_port_benchmarks_samples_pricing_page_yaml_b485c84b4ef9_len
openui_full_port_benchmarks_samples_pricing_page_yaml_b485c84b4ef9_len:
  .quad 8594

# assembly pass: 2/4
  .globl openui_full_port_benchmarks_samples_pricing_page_yaml_b485c84b4ef9_pass_2
openui_full_port_benchmarks_samples_pricing_page_yaml_b485c84b4ef9_pass_2:
  .byte 0x72, 0x6f, 0x6f, 0x74, 0x3a, 0x20, 0x73, 0x74, 0x61, 0x63, 0x6b, 0x2d, 0x31, 0x0a, 0x65, 0x6c
  .byte 0x65, 0x6d, 0x65, 0x6e, 0x74, 0x73, 0x3a, 0x0a, 0x20, 0x20, 0x74, 0x65, 0x78, 0x74, 0x63, 0x6f
  .byte 0x6e, 0x74, 0x65, 0x6e, 0x74, 0x2d, 0x33, 0x3a, 0x0a, 0x20, 0x20, 0x20, 0x20, 0x74, 0x79, 0x70
  .byte 0x65, 0x3a, 0x20, 0x54, 0x65, 0x78, 0x74, 0x43, 0x6f, 0x6e, 0x74, 0x65, 0x6e, 0x74, 0x0a, 0x20
  .byte 0x20, 0x20, 0x20, 0x70, 0x72, 0x6f, 0x70, 0x73, 0x3a, 0x0a, 0x20, 0x20, 0x20, 0x20, 0x20, 0x20
  .byte 0x74, 0x65, 0x78, 0x74, 0x3a, 0x20, 0x50, 0x72, 0x69, 0x63, 0x69, 0x6e, 0x67, 0x0a, 0x20, 0x20
  .byte 0x20, 0x20, 0x20, 0x20, 0x73, 0x69, 0x7a, 0x65, 0x3a, 0x20, 0x6c, 0x61, 0x72, 0x67, 0x65, 0x2d
  .byte 0x68, 0x65, 0x61, 0x76, 0x79, 0x0a, 0x20, 0x20, 0x74, 0x65, 0x78, 0x74, 0x63, 0x6f, 0x6e, 0x74
  .byte 0x65, 0x6e, 0x74, 0x2d, 0x34, 0x3a, 0x0a, 0x20, 0x20, 0x20, 0x20, 0x74, 0x79, 0x70, 0x65, 0x3a
  .byte 0x20, 0x54, 0x65, 0x78, 0x74, 0x43, 0x6f, 0x6e, 0x74, 0x65, 0x6e, 0x74, 0x0a, 0x20, 0x20, 0x20
  .byte 0x20, 0x70, 0x72, 0x6f, 0x70, 0x73, 0x3a, 0x0a, 0x20, 0x20, 0x20, 0x20, 0x20, 0x20, 0x74, 0x65
  .byte 0x78, 0x74, 0x3a, 0x20, 0x43, 0x68, 0x6f, 0x6f, 0x73, 0x65, 0x20, 0x74, 0x68, 0x65, 0x20, 0x70
  .byte 0x6c, 0x61, 0x6e, 0x20, 0x74, 0x68, 0x61, 0x74, 0x20, 0x66, 0x69, 0x74, 0x73, 0x20, 0x79, 0x6f
  .byte 0x75, 0x72, 0x20, 0x74, 0x65, 0x61, 0x6d, 0x20, 0x74, 0x6f, 0x64, 0x61, 0x79, 0x2e, 0x20, 0x55
  .byte 0x70, 0x67, 0x72, 0x61, 0x64, 0x65, 0x2c, 0x20, 0x64, 0x6f, 0x77, 0x6e, 0x67, 0x72, 0x61, 0x64
  .byte 0x65, 0x2c, 0x20, 0x6f, 0x72, 0x20, 0x63, 0x61, 0x6e, 0x63, 0x65, 0x6c, 0x0a, 0x20, 0x20, 0x20
  .byte 0x20, 0x20, 0x20, 0x20, 0x20, 0x61, 0x6e, 0x79, 0x74, 0x69, 0x6d, 0x65, 0x2e, 0x0a, 0x20, 0x20
  .byte 0x20, 0x20, 0x20, 0x20, 0x73, 0x69, 0x7a, 0x65, 0x3a, 0x20, 0x64, 0x65, 0x66, 0x61, 0x75, 0x6c
  .byte 0x74, 0x0a, 0x20, 0x20, 0x74, 0x61, 0x67, 0x62, 0x6c, 0x6f, 0x63, 0x6b, 0x2d, 0x35, 0x3a, 0x0a
  .byte 0x20, 0x20, 0x20, 0x20, 0x74, 0x79, 0x70, 0x65, 0x3a, 0x20, 0x54, 0x61, 0x67, 0x42, 0x6c, 0x6f
  .byte 0x63, 0x6b, 0x0a, 0x20, 0x20, 0x20, 0x20, 0x70, 0x72, 0x6f, 0x70, 0x73, 0x3a, 0x0a, 0x20, 0x20
  .byte 0x20, 0x20, 0x20, 0x20, 0x74, 0x61, 0x67, 0x73, 0x3a, 0x0a, 0x20, 0x20, 0x20, 0x20, 0x20, 0x20
  .byte 0x20, 0x20, 0x2d, 0x20, 0x4d, 0x6f, 0x6e, 0x74, 0x68, 0x6c, 0x79, 0x20, 0x62, 0x69, 0x6c, 0x6c
  .byte 0x69, 0x6e, 0x67, 0x0a, 0x20, 0x20, 0x20, 0x20, 0x20, 0x20, 0x20, 0x20, 0x2d, 0x20, 0x41, 0x6e
  .byte 0x6e, 0x75, 0x61, 0x6c, 0x20, 0x64, 0x69, 0x73, 0x63, 0x6f, 0x75, 0x6e, 0x74, 0x73, 0x20, 0x61
  .byte 0x76, 0x61, 0x69, 0x6c, 0x61, 0x62, 0x6c, 0x65, 0x0a, 0x20, 0x20, 0x20, 0x20, 0x20, 0x20, 0x20
  .byte 0x20, 0x2d, 0x20, 0x4e, 0x6f, 0x20, 0x68, 0x69, 0x64, 0x64, 0x65, 0x6e, 0x20, 0x66, 0x65, 0x65
  .byte 0x73, 0x0a, 0x20, 0x20, 0x73, 0x74, 0x61, 0x63, 0x6b, 0x2d, 0x32, 0x3a, 0x0a, 0x20, 0x20, 0x20
  .byte 0x20, 0x74, 0x79, 0x70, 0x65, 0x3a, 0x20, 0x53, 0x74, 0x61, 0x63, 0x6b, 0x0a, 0x20, 0x20, 0x20
  .byte 0x20, 0x70, 0x72, 0x6f, 0x70, 0x73, 0x3a, 0x0a, 0x20, 0x20, 0x20, 0x20, 0x20, 0x20, 0x64, 0x69
  .byte 0x72, 0x65, 0x63, 0x74, 0x69, 0x6f, 0x6e, 0x3a, 0x20, 0x63, 0x6f, 0x6c, 0x75, 0x6d, 0x6e, 0x0a
  .byte 0x20, 0x20, 0x20, 0x20, 0x20, 0x20, 0x67, 0x61, 0x70, 0x3a, 0x20, 0x73, 0x0a, 0x20, 0x20, 0x20
  .byte 0x20, 0x63, 0x68, 0x69, 0x6c, 0x64, 0x72, 0x65, 0x6e, 0x3a, 0x0a, 0x20, 0x20, 0x20, 0x20, 0x20
  .byte 0x20, 0x2d, 0x20, 0x74, 0x65, 0x78, 0x74, 0x63, 0x6f, 0x6e, 0x74, 0x65, 0x6e, 0x74, 0x2d, 0x33
  .byte 0x0a, 0x20, 0x20, 0x20, 0x20, 0x20, 0x20, 0x2d, 0x20, 0x74, 0x65, 0x78, 0x74, 0x63, 0x6f, 0x6e
  .byte 0x74, 0x65, 0x6e, 0x74, 0x2d, 0x34, 0x0a, 0x20, 0x20, 0x20, 0x20, 0x20, 0x20, 0x2d, 0x20, 0x74
  .byte 0x61, 0x67, 0x62, 0x6c, 0x6f, 0x63, 0x6b, 0x2d, 0x35, 0x0a, 0x20, 0x20, 0x63, 0x61, 0x72, 0x64
  .byte 0x68, 0x65, 0x61, 0x64, 0x65, 0x72, 0x2d, 0x38, 0x3a, 0x0a, 0x20, 0x20, 0x20, 0x20, 0x74, 0x79
  .byte 0x70, 0x65, 0x3a, 0x20, 0x43, 0x61, 0x72, 0x64, 0x48, 0x65, 0x61, 0x64, 0x65, 0x72, 0x0a, 0x20
  .byte 0x20, 0x20, 0x20, 0x70, 0x72, 0x6f, 0x70, 0x73, 0x3a, 0x0a, 0x20, 0x20, 0x20, 0x20, 0x20, 0x20
  .byte 0x74, 0x69, 0x74, 0x6c, 0x65, 0x3a, 0x20, 0x42, 0x61, 0x73, 0x69, 0x63, 0x0a, 0x20, 0x20, 0x20
  .byte 0x20, 0x20, 0x20, 0x73, 0x75, 0x62, 0x74, 0x69, 0x74, 0x6c, 0x65, 0x3a, 0x20, 0x46, 0x6f, 0x72
  .byte 0x20, 0x69, 0x6e, 0x64, 0x69, 0x76, 0x69, 0x64, 0x75, 0x61, 0x6c, 0x73, 0x20, 0x61, 0x6e, 0x64
  .byte 0x20, 0x73, 0x6d, 0x61, 0x6c, 0x6c, 0x20, 0x70, 0x72, 0x6f, 0x6a, 0x65, 0x63, 0x74, 0x73, 0x0a
  .byte 0x20, 0x20, 0x74, 0x65, 0x78, 0x74, 0x63, 0x6f, 0x6e, 0x74, 0x65, 0x6e, 0x74, 0x2d, 0x39, 0x3a
  .byte 0x0a, 0x20, 0x20, 0x20, 0x20, 0x74, 0x79, 0x70, 0x65, 0x3a, 0x20, 0x54, 0x65, 0x78, 0x74, 0x43
  .byte 0x6f, 0x6e, 0x74, 0x65, 0x6e, 0x74, 0x0a, 0x20, 0x20, 0x20, 0x20, 0x70, 0x72, 0x6f, 0x70, 0x73
  .byte 0x3a, 0x0a, 0x20, 0x20, 0x20, 0x20, 0x20, 0x20, 0x74, 0x65, 0x78, 0x74, 0x3a, 0x20, 0x24, 0x31
  .byte 0x32, 0x20, 0x2f, 0x20, 0x6d, 0x6f, 0x6e, 0x74, 0x68, 0x0a, 0x20, 0x20, 0x20, 0x20, 0x20, 0x20
  .byte 0x73, 0x69, 0x7a, 0x65, 0x3a, 0x20, 0x6c, 0x61, 0x72, 0x67, 0x65, 0x2d, 0x68, 0x65, 0x61, 0x76
  .byte 0x79, 0x0a, 0x20, 0x20, 0x74, 0x65, 0x78, 0x74, 0x63, 0x6f, 0x6e, 0x74, 0x65, 0x6e, 0x74, 0x2d
  .byte 0x31, 0x30, 0x3a, 0x0a, 0x20, 0x20, 0x20, 0x20, 0x74, 0x79, 0x70, 0x65, 0x3a, 0x20, 0x54, 0x65
  .byte 0x78, 0x74, 0x43, 0x6f, 0x6e, 0x74, 0x65, 0x6e, 0x74, 0x0a, 0x20, 0x20, 0x20, 0x20, 0x70, 0x72
  .byte 0x6f, 0x70, 0x73, 0x3a, 0x0a, 0x20, 0x20, 0x20, 0x20, 0x20, 0x20, 0x74, 0x65, 0x78, 0x74, 0x3a
  .byte 0x20, 0x43, 0x6f, 0x72, 0x65, 0x20, 0x66, 0x65, 0x61, 0x74, 0x75, 0x72, 0x65, 0x73, 0x20, 0x74
  .byte 0x6f, 0x20, 0x67, 0x65, 0x74, 0x20, 0x73, 0x74, 0x61, 0x72, 0x74, 0x65, 0x64, 0x20, 0x77, 0x69
  .byte 0x74, 0x68, 0x20, 0x72, 0x65, 0x6c, 0x69, 0x61, 0x62, 0x6c, 0x65, 0x20, 0x65, 0x73, 0x73, 0x65
  .byte 0x6e, 0x74, 0x69, 0x61, 0x6c, 0x73, 0x2e, 0x0a, 0x20, 0x20, 0x20, 0x20, 0x20, 0x20, 0x73, 0x69
  .byte 0x7a, 0x65, 0x3a, 0x20, 0x64, 0x65, 0x66, 0x61, 0x75, 0x6c, 0x74, 0x0a, 0x20, 0x20, 0x74, 0x65
  .byte 0x78, 0x74, 0x63, 0x6f, 0x6e, 0x74, 0x65, 0x6e, 0x74, 0x2d, 0x31, 0x31, 0x3a, 0x0a, 0x20, 0x20
  .byte 0x20, 0x20, 0x74, 0x79, 0x70, 0x65, 0x3a, 0x20, 0x54, 0x65, 0x78, 0x74, 0x43, 0x6f, 0x6e, 0x74
  .byte 0x65, 0x6e, 0x74, 0x0a, 0x20, 0x20, 0x20, 0x20, 0x70, 0x72, 0x6f, 0x70, 0x73, 0x3a, 0x0a, 0x20
  .byte 0x20, 0x20, 0x20, 0x20, 0x20, 0x74, 0x65, 0x78, 0x74, 0x3a, 0x20, 0x22, 0x49, 0x6e, 0x63, 0x6c
  .byte 0x75, 0x64, 0x65, 0x73, 0x3a, 0x22, 0x0a, 0x20, 0x20, 0x20, 0x20, 0x20, 0x20, 0x73, 0x69, 0x7a
  .byte 0x65, 0x3a, 0x20, 0x73, 0x6d, 0x61, 0x6c, 0x6c, 0x2d, 0x68, 0x65, 0x61, 0x76, 0x79, 0x0a, 0x20
  .byte 0x20, 0x6d, 0x61, 0x72, 0x6b, 0x64, 0x6f, 0x77, 0x6e, 0x72, 0x65, 0x6e, 0x64, 0x65, 0x72, 0x65
  .byte 0x72, 0x2d, 0x31, 0x32, 0x3a, 0x0a, 0x20, 0x20, 0x20, 0x20, 0x74, 0x79, 0x70, 0x65, 0x3a, 0x20
  .byte 0x4d, 0x61, 0x72, 0x6b, 0x44, 0x6f, 0x77, 0x6e, 0x52, 0x65, 0x6e, 0x64, 0x65, 0x72, 0x65, 0x72
  .byte 0x0a, 0x20, 0x20, 0x20, 0x20, 0x70, 0x72, 0x6f, 0x70, 0x73, 0x3a, 0x0a, 0x20, 0x20, 0x20, 0x20
  .byte 0x20, 0x20, 0x74, 0x65, 0x78, 0x74, 0x4d, 0x61, 0x72, 0x6b, 0x64, 0x6f, 0x77, 0x6e, 0x3a, 0x20
  .byte 0x7c, 0x2d, 0x0a, 0x20, 0x20, 0x20, 0x20, 0x20, 0x20, 0x20, 0x20, 0x2d, 0x20, 0x31, 0x20, 0x77
  .byte 0x6f, 0x72, 0x6b, 0x73, 0x70, 0x61, 0x63, 0x65, 0x0a, 0x20, 0x20, 0x20, 0x20, 0x20, 0x20, 0x20
  .byte 0x20, 0x2d, 0x20, 0x55, 0x70, 0x20, 0x74, 0x6f, 0x20, 0x33, 0x20, 0x70, 0x72, 0x6f, 0x6a, 0x65
  .byte 0x63, 0x74, 0x73, 0x0a, 0x20, 0x20, 0x20, 0x20, 0x20, 0x20, 0x20, 0x20, 0x2d, 0x20, 0x35, 0x20
  .byte 0x47, 0x42, 0x20, 0x73, 0x74, 0x6f, 0x72, 0x61, 0x67, 0x65, 0x0a, 0x20, 0x20, 0x20, 0x20, 0x20
  .byte 0x20, 0x20, 0x20, 0x2d, 0x20, 0x43, 0x6f, 0x6d, 0x6d, 0x75, 0x6e, 0x69, 0x74, 0x79, 0x20, 0x73
  .byte 0x75, 0x70, 0x70, 0x6f, 0x72, 0x74, 0x0a, 0x20, 0x20, 0x20, 0x20, 0x20, 0x20, 0x20, 0x20, 0x2d
  .byte 0x20, 0x42, 0x61, 0x73, 0x69, 0x63, 0x20, 0x61, 0x6e, 0x61, 0x6c, 0x79, 0x74, 0x69, 0x63, 0x73
  .byte 0x0a, 0x20, 0x20, 0x20, 0x20, 0x20, 0x20, 0x76, 0x61, 0x72, 0x69, 0x61, 0x6e, 0x74, 0x3a, 0x20
  .byte 0x63, 0x6c, 0x65, 0x61, 0x72, 0x0a, 0x20, 0x20, 0x62, 0x75, 0x74, 0x74, 0x6f, 0x6e, 0x2d, 0x31
  .byte 0x34, 0x3a, 0x0a, 0x20, 0x20, 0x20, 0x20, 0x74, 0x79, 0x70, 0x65, 0x3a, 0x20, 0x42, 0x75, 0x74
  .byte 0x74, 0x6f, 0x6e, 0x0a, 0x20, 0x20, 0x20, 0x20, 0x70, 0x72, 0x6f, 0x70, 0x73, 0x3a, 0x0a, 0x20
  .byte 0x20, 0x20, 0x20, 0x20, 0x20, 0x6c, 0x61, 0x62, 0x65, 0x6c, 0x3a, 0x20, 0x53, 0x74, 0x61, 0x72
  .byte 0x74, 0x20, 0x42, 0x61, 0x73, 0x69, 0x63, 0x0a, 0x20, 0x20, 0x20, 0x20, 0x20, 0x20, 0x61, 0x63
  .byte 0x74, 0x69, 0x6f, 0x6e, 0x3a, 0x20, 0x61, 0x63, 0x74, 0x69, 0x6f, 0x6e, 0x3a, 0x73, 0x65, 0x6c
  .byte 0x65, 0x63, 0x74, 0x5f, 0x70, 0x6c, 0x61, 0x6e, 0x5f, 0x62, 0x61, 0x73, 0x69, 0x63, 0x0a, 0x20
  .byte 0x20, 0x20, 0x20, 0x20, 0x20, 0x76, 0x61, 0x72, 0x69, 0x61, 0x6e, 0x74, 0x3a, 0x20, 0x73, 0x65
  .byte 0x63, 0x6f, 0x6e, 0x64, 0x61, 0x72, 0x79, 0x0a, 0x20, 0x20, 0x62, 0x75, 0x74, 0x74, 0x6f, 0x6e
  .byte 0x2d, 0x31, 0x35, 0x3a, 0x0a, 0x20, 0x20, 0x20, 0x20, 0x74, 0x79, 0x70, 0x65, 0x3a, 0x20, 0x42
  .byte 0x75, 0x74, 0x74, 0x6f, 0x6e, 0x0a, 0x20, 0x20, 0x20, 0x20, 0x70, 0x72, 0x6f, 0x70, 0x73, 0x3a
  .byte 0x0a, 0x20, 0x20, 0x20, 0x20, 0x20, 0x20, 0x6c, 0x61, 0x62, 0x65, 0x6c, 0x3a, 0x20, 0x54, 0x72
  .byte 0x79, 0x20, 0x66, 0x72, 0x65, 0x65, 0x0a, 0x20, 0x20, 0x20, 0x20, 0x20, 0x20, 0x61, 0x63, 0x74
  .byte 0x69, 0x6f, 0x6e, 0x3a, 0x20, 0x61, 0x63, 0x74, 0x69, 0x6f, 0x6e, 0x3a, 0x74, 0x72, 0x69, 0x61
  .byte 0x6c, 0x5f, 0x62, 0x61, 0x73, 0x69, 0x63, 0x0a, 0x20, 0x20, 0x20, 0x20, 0x20, 0x20, 0x76, 0x61
  .byte 0x72, 0x69, 0x61, 0x6e, 0x74, 0x3a, 0x20, 0x74, 0x65, 0x72, 0x74, 0x69, 0x61, 0x72, 0x79, 0x0a
  .byte 0x20, 0x20, 0x62, 0x75, 0x74, 0x74, 0x6f, 0x6e, 0x73, 0x2d, 0x31, 0x33, 0x3a, 0x0a, 0x20, 0x20
  .byte 0x20, 0x20, 0x74, 0x79, 0x70, 0x65, 0x3a, 0x20, 0x42, 0x75, 0x74, 0x74, 0x6f, 0x6e, 0x73, 0x0a
  .byte 0x20, 0x20, 0x20, 0x20, 0x70, 0x72, 0x6f, 0x70, 0x73, 0x3a, 0x20, 0x7b, 0x7d, 0x0a, 0x20, 0x20
  .byte 0x20, 0x20, 0x63, 0x68, 0x69, 0x6c, 0x64, 0x72, 0x65, 0x6e, 0x3a, 0x0a, 0x20, 0x20, 0x20, 0x20
  .byte 0x20, 0x20, 0x2d, 0x20, 0x62, 0x75, 0x74, 0x74, 0x6f, 0x6e, 0x2d, 0x31, 0x34, 0x0a, 0x20, 0x20
  .byte 0x20, 0x20, 0x20, 0x20, 0x2d, 0x20, 0x62, 0x75, 0x74, 0x74, 0x6f, 0x6e, 0x2d, 0x31, 0x35, 0x0a
  .byte 0x20, 0x20, 0x63, 0x61, 0x72, 0x64, 0x2d, 0x37, 0x3a, 0x0a, 0x20, 0x20, 0x20, 0x20, 0x74, 0x79
  .byte 0x70, 0x65, 0x3a, 0x20, 0x43, 0x61, 0x72, 0x64, 0x0a, 0x20, 0x20, 0x20, 0x20, 0x70, 0x72, 0x6f
  .byte 0x70, 0x73, 0x3a, 0x0a, 0x20, 0x20, 0x20, 0x20, 0x20, 0x20, 0x76, 0x61, 0x72, 0x69, 0x61, 0x6e
  .byte 0x74, 0x3a, 0x20, 0x63, 0x61, 0x72, 0x64, 0x0a, 0x20, 0x20, 0x20, 0x20, 0x63, 0x68, 0x69, 0x6c
  .byte 0x64, 0x72, 0x65, 0x6e, 0x3a, 0x0a, 0x20, 0x20, 0x20, 0x20, 0x20, 0x20, 0x2d, 0x20, 0x63, 0x61
  .byte 0x72, 0x64, 0x68, 0x65, 0x61, 0x64, 0x65, 0x72, 0x2d, 0x38, 0x0a, 0x20, 0x20, 0x20, 0x20, 0x20
  .byte 0x20, 0x2d, 0x20, 0x74, 0x65, 0x78, 0x74, 0x63, 0x6f, 0x6e, 0x74, 0x65, 0x6e, 0x74, 0x2d, 0x39
  .byte 0x0a, 0x20, 0x20, 0x20, 0x20, 0x20, 0x20, 0x2d, 0x20, 0x74, 0x65, 0x78, 0x74, 0x63, 0x6f, 0x6e
  .byte 0x74, 0x65, 0x6e, 0x74, 0x2d, 0x31, 0x30, 0x0a, 0x20, 0x20, 0x20, 0x20, 0x20, 0x20, 0x2d, 0x20
  .byte 0x74, 0x65, 0x78, 0x74, 0x63, 0x6f, 0x6e, 0x74, 0x65, 0x6e, 0x74, 0x2d, 0x31, 0x31, 0x0a, 0x20
  .byte 0x20, 0x20, 0x20, 0x20, 0x20, 0x2d, 0x20, 0x6d, 0x61, 0x72, 0x6b, 0x64, 0x6f, 0x77, 0x6e, 0x72
  .byte 0x65, 0x6e, 0x64, 0x65, 0x72, 0x65, 0x72, 0x2d, 0x31, 0x32, 0x0a, 0x20, 0x20, 0x20, 0x20, 0x20
  .byte 0x20, 0x2d, 0x20, 0x62, 0x75, 0x74, 0x74, 0x6f, 0x6e, 0x73, 0x2d, 0x31, 0x33, 0x0a, 0x20, 0x20
  .byte 0x63, 0x61, 0x72, 0x64, 0x68, 0x65, 0x61, 0x64, 0x65, 0x72, 0x2d, 0x31, 0x37, 0x3a, 0x0a, 0x20
  .byte 0x20, 0x20, 0x20, 0x74, 0x79, 0x70, 0x65, 0x3a, 0x20, 0x43, 0x61, 0x72, 0x64, 0x48, 0x65, 0x61
  .byte 0x64, 0x65, 0x72, 0x0a, 0x20, 0x20, 0x20, 0x20, 0x70, 0x72, 0x6f, 0x70, 0x73, 0x3a, 0x0a, 0x20
  .byte 0x20, 0x20, 0x20, 0x20, 0x20, 0x74, 0x69, 0x74, 0x6c, 0x65, 0x3a, 0x20, 0x50, 0x72, 0x6f, 0x0a
  .byte 0x20, 0x20, 0x20, 0x20, 0x20, 0x20, 0x73, 0x75, 0x62, 0x74, 0x69, 0x74, 0x6c, 0x65, 0x3a, 0x20
  .byte 0x46, 0x6f, 0x72, 0x20, 0x67, 0x72, 0x6f, 0x77, 0x69, 0x6e, 0x67, 0x20, 0x74, 0x65, 0x61, 0x6d
  .byte 0x73, 0x20, 0x74, 0x68, 0x61, 0x74, 0x20, 0x6e, 0x65, 0x65, 0x64, 0x20, 0x6d, 0x6f, 0x72, 0x65
  .byte 0x20, 0x70, 0x6f, 0x77, 0x65, 0x72, 0x0a, 0x20, 0x20, 0x74, 0x65, 0x78, 0x74, 0x63, 0x6f, 0x6e
  .byte 0x74, 0x65, 0x6e, 0x74, 0x2d, 0x31, 0x38, 0x3a, 0x0a, 0x20, 0x20, 0x20, 0x20, 0x74, 0x79, 0x70
  .byte 0x65, 0x3a, 0x20, 0x54, 0x65, 0x78, 0x74, 0x43, 0x6f, 0x6e, 0x74, 0x65, 0x6e, 0x74, 0x0a, 0x20
  .byte 0x20, 0x20, 0x20, 0x70, 0x72, 0x6f, 0x70, 0x73, 0x3a, 0x0a, 0x20, 0x20, 0x20, 0x20, 0x20, 0x20
  .byte 0x74, 0x65, 0x78, 0x74, 0x3a, 0x20, 0x24, 0x32, 0x39, 0x20, 0x2f, 0x20, 0x6d, 0x6f, 0x6e, 0x74
  .byte 0x68, 0x0a, 0x20, 0x20, 0x20, 0x20, 0x20, 0x20, 0x73, 0x69, 0x7a, 0x65, 0x3a, 0x20, 0x6c, 0x61
  .byte 0x72, 0x67, 0x65, 0x2d, 0x68, 0x65, 0x61, 0x76, 0x79, 0x0a, 0x20, 0x20, 0x74, 0x65, 0x78, 0x74
  .byte 0x63, 0x6f, 0x6e, 0x74, 0x65, 0x6e, 0x74, 0x2d, 0x31, 0x39, 0x3a, 0x0a, 0x20, 0x20, 0x20, 0x20
  .byte 0x74, 0x79, 0x70, 0x65, 0x3a, 0x20, 0x54, 0x65, 0x78, 0x74, 0x43, 0x6f, 0x6e, 0x74, 0x65, 0x6e
  .byte 0x74, 0x0a, 0x20, 0x20, 0x20, 0x20, 0x70, 0x72, 0x6f, 0x70, 0x73, 0x3a, 0x0a, 0x20, 0x20, 0x20
  .byte 0x20, 0x20, 0x20, 0x74, 0x65, 0x78, 0x74, 0x3a, 0x20, 0x41, 0x64, 0x76, 0x61, 0x6e, 0x63, 0x65
  .byte 0x64, 0x20, 0x63, 0x6f, 0x6c, 0x6c, 0x61, 0x62, 0x6f, 0x72, 0x61, 0x74, 0x69, 0x6f, 0x6e, 0x2c
  .byte 0x20, 0x61, 0x75, 0x74, 0x6f, 0x6d, 0x61, 0x74, 0x69, 0x6f, 0x6e, 0x2c, 0x20, 0x61, 0x6e, 0x64
  .byte 0x20, 0x64, 0x65, 0x65, 0x70, 0x65, 0x72, 0x20, 0x69, 0x6e, 0x73, 0x69, 0x67, 0x68, 0x74, 0x73
  .byte 0x2e, 0x0a, 0x20, 0x20, 0x20, 0x20, 0x20, 0x20, 0x73, 0x69, 0x7a, 0x65, 0x3a, 0x20, 0x64, 0x65
  .byte 0x66, 0x61, 0x75, 0x6c, 0x74, 0x0a, 0x20, 0x20, 0x74, 0x65, 0x78, 0x74, 0x63, 0x6f, 0x6e, 0x74
  .byte 0x65, 0x6e, 0x74, 0x2d, 0x32, 0x30, 0x3a, 0x0a, 0x20, 0x20, 0x20, 0x20, 0x74, 0x79, 0x70, 0x65
  .byte 0x3a, 0x20, 0x54, 0x65, 0x78, 0x74, 0x43, 0x6f, 0x6e, 0x74, 0x65, 0x6e, 0x74, 0x0a, 0x20, 0x20
  .byte 0x20, 0x20, 0x70, 0x72, 0x6f, 0x70, 0x73, 0x3a, 0x0a, 0x20, 0x20, 0x20, 0x20, 0x20, 0x20, 0x74
  .byte 0x65, 0x78, 0x74, 0x3a, 0x20, 0x22, 0x45, 0x76, 0x65, 0x72, 0x79, 0x74, 0x68, 0x69, 0x6e, 0x67
  .byte 0x20, 0x69, 0x6e, 0x20, 0x42, 0x61, 0x73, 0x69, 0x63, 0x2c, 0x20, 0x70, 0x6c, 0x75, 0x73, 0x3a
  .byte 0x22, 0x0a, 0x20, 0x20, 0x20, 0x20, 0x20, 0x20, 0x73, 0x69, 0x7a, 0x65, 0x3a, 0x20, 0x73, 0x6d
  .byte 0x61, 0x6c, 0x6c, 0x2d, 0x68, 0x65, 0x61, 0x76, 0x79, 0x0a, 0x20, 0x20, 0x6d, 0x61, 0x72, 0x6b
  .byte 0x64, 0x6f, 0x77, 0x6e, 0x72, 0x65, 0x6e, 0x64, 0x65, 0x72, 0x65, 0x72, 0x2d, 0x32, 0x31, 0x3a
  .byte 0x0a, 0x20, 0x20, 0x20, 0x20, 0x74, 0x79, 0x70, 0x65, 0x3a, 0x20, 0x4d, 0x61, 0x72, 0x6b, 0x44
  .byte 0x6f, 0x77, 0x6e, 0x52, 0x65, 0x6e, 0x64, 0x65, 0x72, 0x65, 0x72, 0x0a, 0x20, 0x20, 0x20, 0x20
  .byte 0x70, 0x72, 0x6f, 0x70, 0x73, 0x3a, 0x0a, 0x20, 0x20, 0x20, 0x20, 0x20, 0x20, 0x74, 0x65, 0x78
  .byte 0x74, 0x4d, 0x61, 0x72, 0x6b, 0x64, 0x6f, 0x77, 0x6e, 0x3a, 0x20, 0x7c, 0x2d, 0x0a, 0x20, 0x20
  .byte 0x20, 0x20, 0x20, 0x20, 0x20, 0x20, 0x2d, 0x20, 0x35, 0x20, 0x77, 0x6f, 0x72, 0x6b, 0x73, 0x70
  .byte 0x61, 0x63, 0x65, 0x73, 0x0a, 0x20, 0x20, 0x20, 0x20, 0x20, 0x20, 0x20, 0x20, 0x2d, 0x20, 0x55
  .byte 0x6e, 0x6c, 0x69, 0x6d, 0x69, 0x74, 0x65, 0x64, 0x20, 0x70, 0x72, 0x6f, 0x6a, 0x65, 0x63, 0x74
  .byte 0x73, 0x0a, 0x20, 0x20, 0x20, 0x20, 0x20, 0x20, 0x20, 0x20, 0x2d, 0x20, 0x31, 0x30, 0x30, 0x20
  .byte 0x47, 0x42, 0x20, 0x73, 0x74, 0x6f, 0x72, 0x61, 0x67, 0x65, 0x0a, 0x20, 0x20, 0x20, 0x20, 0x20
  .byte 0x20, 0x20, 0x20, 0x2d, 0x20, 0x54, 0x65, 0x61, 0x6d, 0x20, 0x72, 0x6f, 0x6c, 0x65, 0x73, 0x20
  .byte 0x26, 0x20, 0x70, 0x65, 0x72, 0x6d, 0x69, 0x73, 0x73, 0x69, 0x6f, 0x6e, 0x73, 0x0a, 0x20, 0x20
  .byte 0x20, 0x20, 0x20, 0x20, 0x20, 0x20, 0x2d, 0x20, 0x41, 0x75, 0x74, 0x6f, 0x6d, 0x61, 0x74, 0x69
  .byte 0x6f, 0x6e, 0x73, 0x20, 0x28, 0x31, 0x2c, 0x30, 0x30, 0x30, 0x20, 0x72, 0x75, 0x6e, 0x73, 0x2f
  .byte 0x6d, 0x6f, 0x6e, 0x74, 0x68, 0x29, 0x0a, 0x20, 0x20, 0x20, 0x20, 0x20, 0x20, 0x20, 0x20, 0x2d
  .byte 0x20, 0x49, 0x6e, 0x74, 0x65, 0x67, 0x72, 0x61, 0x74, 0x69, 0x6f, 0x6e, 0x73, 0x20, 0x28, 0x53
  .byte 0x6c, 0x61, 0x63, 0x6b, 0x2c, 0x20, 0x47, 0x69, 0x74, 0x48, 0x75, 0x62, 0x2c, 0x20, 0x5a, 0x61
  .byte 0x70, 0x69, 0x65, 0x72, 0x29, 0x0a, 0x20, 0x20, 0x20, 0x20, 0x20, 0x20, 0x20, 0x20, 0x2d, 0x20
  .byte 0x50, 0x72, 0x69, 0x6f, 0x72, 0x69, 0x74, 0x79, 0x20, 0x65, 0x6d, 0x61, 0x69, 0x6c, 0x20, 0x73
  .byte 0x75, 0x70, 0x70, 0x6f, 0x72, 0x74, 0x0a, 0x20, 0x20, 0x20, 0x20, 0x20, 0x20, 0x76, 0x61, 0x72
  .byte 0x69, 0x61, 0x6e, 0x74, 0x3a, 0x20, 0x63, 0x6c, 0x65, 0x61, 0x72, 0x0a, 0x20, 0x20, 0x62, 0x75
  .byte 0x74, 0x74, 0x6f, 0x6e, 0x2d, 0x32, 0x33, 0x3a, 0x0a, 0x20, 0x20, 0x20, 0x20, 0x74, 0x79, 0x70
  .byte 0x65, 0x3a, 0x20, 0x42, 0x75, 0x74, 0x74, 0x6f, 0x6e, 0x0a, 0x20, 0x20, 0x20, 0x20, 0x70, 0x72
  .byte 0x6f, 0x70, 0x73, 0x3a, 0x0a, 0x20, 0x20, 0x20, 0x20, 0x20, 0x20, 0x6c, 0x61, 0x62, 0x65, 0x6c
  .byte 0x3a, 0x20, 0x43, 0x68, 0x6f, 0x6f, 0x73, 0x65, 0x20, 0x50, 0x72, 0x6f, 0x0a, 0x20, 0x20, 0x20
  .byte 0x20, 0x20, 0x20, 0x61, 0x63, 0x74, 0x69, 0x6f, 0x6e, 0x3a, 0x20, 0x61, 0x63, 0x74, 0x69, 0x6f
  .byte 0x6e, 0x3a, 0x73, 0x65, 0x6c, 0x65, 0x63, 0x74, 0x5f, 0x70, 0x6c, 0x61, 0x6e, 0x5f, 0x70, 0x72
  .byte 0x6f, 0x0a, 0x20, 0x20, 0x20, 0x20, 0x20, 0x20, 0x76, 0x61, 0x72, 0x69, 0x61, 0x6e, 0x74, 0x3a
  .byte 0x20, 0x70, 0x72, 0x69, 0x6d, 0x61, 0x72, 0x79, 0x0a, 0x20, 0x20, 0x62, 0x75, 0x74, 0x74, 0x6f
  .byte 0x6e, 0x2d, 0x32, 0x34, 0x3a, 0x0a, 0x20, 0x20, 0x20, 0x20, 0x74, 0x79, 0x70, 0x65, 0x3a, 0x20
  .byte 0x42, 0x75, 0x74, 0x74, 0x6f, 0x6e, 0x0a, 0x20, 0x20, 0x20, 0x20, 0x70, 0x72, 0x6f, 0x70, 0x73
  .byte 0x3a, 0x0a, 0x20, 0x20, 0x20, 0x20, 0x20, 0x20, 0x6c, 0x61, 0x62, 0x65, 0x6c, 0x3a, 0x20, 0x54
  .byte 0x72, 0x79, 0x20, 0x66, 0x72, 0x65, 0x65, 0x0a, 0x20, 0x20, 0x20, 0x20, 0x20, 0x20, 0x61, 0x63
  .byte 0x74, 0x69, 0x6f, 0x6e, 0x3a, 0x20, 0x61, 0x63, 0x74, 0x69, 0x6f, 0x6e, 0x3a, 0x74, 0x72, 0x69
  .byte 0x61, 0x6c, 0x5f, 0x70, 0x72, 0x6f, 0x0a, 0x20, 0x20, 0x20, 0x20, 0x20, 0x20, 0x76, 0x61, 0x72
  .byte 0x69, 0x61, 0x6e, 0x74, 0x3a, 0x20, 0x73, 0x65, 0x63, 0x6f, 0x6e, 0x64, 0x61, 0x72, 0x79, 0x0a
  .byte 0x20, 0x20, 0x62, 0x75, 0x74, 0x74, 0x6f, 0x6e, 0x73, 0x2d, 0x32, 0x32, 0x3a, 0x0a, 0x20, 0x20
  .byte 0x20, 0x20, 0x74, 0x79, 0x70, 0x65, 0x3a, 0x20, 0x42, 0x75, 0x74, 0x74, 0x6f, 0x6e, 0x73, 0x0a
  .byte 0x20, 0x20, 0x20, 0x20, 0x70, 0x72, 0x6f, 0x70, 0x73, 0x3a, 0x20, 0x7b, 0x7d, 0x0a, 0x20, 0x20
  .byte 0x20, 0x20, 0x63, 0x68, 0x69, 0x6c, 0x64, 0x72, 0x65, 0x6e, 0x3a, 0x0a, 0x20, 0x20, 0x20, 0x20
  .byte 0x20, 0x20, 0x2d, 0x20, 0x62, 0x75, 0x74, 0x74, 0x6f, 0x6e, 0x2d, 0x32, 0x33, 0x0a, 0x20, 0x20
  .byte 0x20, 0x20, 0x20, 0x20, 0x2d, 0x20, 0x62, 0x75, 0x74, 0x74, 0x6f, 0x6e, 0x2d, 0x32, 0x34, 0x0a
  .byte 0x20, 0x20, 0x63, 0x61, 0x6c, 0x6c, 0x6f, 0x75, 0x74, 0x2d, 0x32, 0x35, 0x3a, 0x0a, 0x20, 0x20
  .byte 0x20, 0x20, 0x74, 0x79, 0x70, 0x65, 0x3a, 0x20, 0x43, 0x61, 0x6c, 0x6c, 0x6f, 0x75, 0x74, 0x0a
  .byte 0x20, 0x20, 0x20, 0x20, 0x70, 0x72, 0x6f, 0x70, 0x73, 0x3a, 0x0a, 0x20, 0x20, 0x20, 0x20, 0x20
  .byte 0x20, 0x76, 0x61, 0x72, 0x69, 0x61, 0x6e, 0x74, 0x3a, 0x20, 0x73, 0x75, 0x63, 0x63, 0x65, 0x73
  .byte 0x73, 0x0a, 0x20, 0x20, 0x20, 0x20, 0x20, 0x20, 0x74, 0x69, 0x74, 0x6c, 0x65, 0x3a, 0x20, 0x4d
  .byte 0x6f, 0x73, 0x74, 0x20, 0x70, 0x6f, 0x70, 0x75, 0x6c, 0x61, 0x72, 0x0a, 0x20, 0x20, 0x20, 0x20
  .byte 0x20, 0x20, 0x64, 0x65, 0x73, 0x63, 0x72, 0x69, 0x70, 0x74, 0x69, 0x6f, 0x6e, 0x3a, 0x20, 0x42
  .byte 0x65, 0x73, 0x74, 0x20, 0x76, 0x61, 0x6c, 0x75, 0x65, 0x20, 0x66, 0x6f, 0x72, 0x20, 0x74, 0x65
  .byte 0x61, 0x6d, 0x73, 0x20, 0x74, 0x68, 0x61, 0x74, 0x20, 0x77, 0x61, 0x6e, 0x74, 0x20, 0x74, 0x6f
  .byte 0x20, 0x73, 0x63, 0x61, 0x6c, 0x65, 0x20, 0x77, 0x69, 0x74, 0x68, 0x6f, 0x75, 0x74, 0x20, 0x73
  .byte 0x77, 0x69, 0x74, 0x63, 0x68, 0x69, 0x6e, 0x67, 0x20, 0x74, 0x6f, 0x6f, 0x6c, 0x73, 0x20, 0x6c
  .byte 0x61, 0x74, 0x65, 0x72, 0x2e, 0x0a, 0x20, 0x20, 0x63, 0x61, 0x72, 0x64, 0x2d, 0x31, 0x36, 0x3a
  .byte 0x0a, 0x20, 0x20, 0x20, 0x20, 0x74, 0x79, 0x70, 0x65, 0x3a, 0x20, 0x43, 0x61, 0x72, 0x64, 0x0a
  .byte 0x20, 0x20, 0x20, 0x20, 0x70, 0x72, 0x6f, 0x70, 0x73, 0x3a, 0x0a, 0x20, 0x20, 0x20, 0x20, 0x20
  .byte 0x20, 0x76, 0x61, 0x72, 0x69, 0x61, 0x6e, 0x74, 0x3a, 0x20, 0x73, 0x75, 0x6e, 0x6b, 0x0a, 0x20
  .byte 0x20, 0x20, 0x20, 0x63, 0x68, 0x69, 0x6c, 0x64, 0x72, 0x65, 0x6e, 0x3a, 0x0a, 0x20, 0x20, 0x20
  .byte 0x20, 0x20, 0x20, 0x2d, 0x20, 0x63, 0x61, 0x72, 0x64, 0x68, 0x65, 0x61, 0x64, 0x65, 0x72, 0x2d
  .byte 0x31, 0x37, 0x0a, 0x20, 0x20, 0x20, 0x20, 0x20, 0x20, 0x2d, 0x20, 0x74, 0x65, 0x78, 0x74, 0x63
  .byte 0x6f, 0x6e, 0x74, 0x65, 0x6e, 0x74, 0x2d, 0x31, 0x38, 0x0a, 0x20, 0x20, 0x20, 0x20, 0x20, 0x20
  .byte 0x2d, 0x20, 0x74, 0x65, 0x78, 0x74, 0x63, 0x6f, 0x6e, 0x74, 0x65, 0x6e, 0x74, 0x2d, 0x31, 0x39
  .byte 0x0a, 0x20, 0x20, 0x20, 0x20, 0x20, 0x20, 0x2d, 0x20, 0x74, 0x65, 0x78, 0x74, 0x63, 0x6f, 0x6e
  .byte 0x74, 0x65, 0x6e, 0x74, 0x2d, 0x32, 0x30, 0x0a, 0x20, 0x20, 0x20, 0x20, 0x20, 0x20, 0x2d, 0x20
  .byte 0x6d, 0x61, 0x72, 0x6b, 0x64, 0x6f, 0x77, 0x6e, 0x72, 0x65, 0x6e, 0x64, 0x65, 0x72, 0x65, 0x72
  .byte 0x2d, 0x32, 0x31, 0x0a, 0x20, 0x20, 0x20, 0x20, 0x20, 0x20, 0x2d, 0x20, 0x62, 0x75, 0x74, 0x74
  .byte 0x6f, 0x6e, 0x73, 0x2d, 0x32, 0x32, 0x0a, 0x20, 0x20, 0x20, 0x20, 0x20, 0x20, 0x2d, 0x20, 0x63
  .byte 0x61, 0x6c, 0x6c, 0x6f, 0x75, 0x74, 0x2d, 0x32, 0x35, 0x0a, 0x20, 0x20, 0x63, 0x61, 0x72, 0x64
  .byte 0x68, 0x65, 0x61, 0x64, 0x65, 0x72, 0x2d, 0x32, 0x37, 0x3a, 0x0a, 0x20, 0x20, 0x20, 0x20, 0x74
  .byte 0x79, 0x70, 0x65, 0x3a, 0x20, 0x43, 0x61, 0x72, 0x64, 0x48, 0x65, 0x61, 0x64, 0x65, 0x72, 0x0a
  .byte 0x20, 0x20, 0x20, 0x20, 0x70, 0x72, 0x6f, 0x70, 0x73, 0x3a, 0x0a, 0x20, 0x20, 0x20, 0x20, 0x20
  .byte 0x20, 0x74, 0x69, 0x74, 0x6c, 0x65, 0x3a, 0x20, 0x45, 0x6e, 0x74, 0x65, 0x72, 0x70, 0x72, 0x69
  .byte 0x73, 0x65, 0x0a, 0x20, 0x20, 0x20, 0x20, 0x20, 0x20, 0x73, 0x75, 0x62, 0x74, 0x69, 0x74, 0x6c
  .byte 0x65, 0x3a, 0x20, 0x46, 0x6f, 0x72, 0x20, 0x6f, 0x72, 0x67, 0x61, 0x6e, 0x69, 0x7a, 0x61, 0x74
  .byte 0x69, 0x6f, 0x6e, 0x73, 0x20, 0x77, 0x69, 0x74, 0x68, 0x20, 0x61, 0x64, 0x76, 0x61, 0x6e, 0x63
  .byte 0x65, 0x64, 0x20, 0x73, 0x65, 0x63, 0x75, 0x72, 0x69, 0x74, 0x79, 0x20, 0x61, 0x6e, 0x64, 0x20
  .byte 0x73, 0x63, 0x61, 0x6c, 0x65, 0x0a, 0x20, 0x20, 0x74, 0x65, 0x78, 0x74, 0x63, 0x6f, 0x6e, 0x74
  .byte 0x65, 0x6e, 0x74, 0x2d, 0x32, 0x38, 0x3a, 0x0a, 0x20, 0x20, 0x20, 0x20, 0x74, 0x79, 0x70, 0x65
  .byte 0x3a, 0x20, 0x54, 0x65, 0x78, 0x74, 0x43, 0x6f, 0x6e, 0x74, 0x65, 0x6e, 0x74, 0x0a, 0x20, 0x20
  .byte 0x20, 0x20, 0x70, 0x72, 0x6f, 0x70, 0x73, 0x3a, 0x0a, 0x20, 0x20, 0x20, 0x20, 0x20, 0x20, 0x74
  .byte 0x65, 0x78, 0x74, 0x3a, 0x20, 0x43, 0x75, 0x73, 0x74, 0x6f, 0x6d, 0x20, 0x70, 0x72, 0x69, 0x63
  .byte 0x69, 0x6e, 0x67, 0x0a, 0x20, 0x20, 0x20, 0x20, 0x20, 0x20, 0x73, 0x69, 0x7a, 0x65, 0x3a, 0x20
  .byte 0x6c, 0x61, 0x72, 0x67, 0x65, 0x2d, 0x68, 0x65, 0x61, 0x76, 0x79, 0x0a, 0x20, 0x20, 0x74, 0x65
  .byte 0x78, 0x74, 0x63, 0x6f, 0x6e, 0x74, 0x65, 0x6e, 0x74, 0x2d, 0x32, 0x39, 0x3a, 0x0a, 0x20, 0x20
  .byte 0x20, 0x20, 0x74, 0x79, 0x70, 0x65, 0x3a, 0x20, 0x54, 0x65, 0x78, 0x74, 0x43, 0x6f, 0x6e, 0x74
  .byte 0x65, 0x6e, 0x74, 0x0a, 0x20, 0x20, 0x20, 0x20, 0x70, 0x72, 0x6f, 0x70, 0x73, 0x3a, 0x0a, 0x20
  .byte 0x20, 0x20, 0x20, 0x20, 0x20, 0x74, 0x65, 0x78, 0x74, 0x3a, 0x20, 0x53, 0x65, 0x63, 0x75, 0x72
  .byte 0x69, 0x74, 0x79, 0x2c, 0x20, 0x63, 0x6f, 0x6d, 0x70, 0x6c, 0x69, 0x61, 0x6e, 0x63, 0x65, 0x2c
  .byte 0x20, 0x61, 0x6e, 0x64, 0x20, 0x64, 0x65, 0x64, 0x69, 0x63, 0x61, 0x74, 0x65, 0x64, 0x20, 0x73
  .byte 0x75, 0x70, 0x70, 0x6f, 0x72, 0x74, 0x20, 0x74, 0x61, 0x69, 0x6c, 0x6f, 0x72, 0x65, 0x64, 0x20
  .byte 0x74, 0x6f, 0x20, 0x79, 0x6f, 0x75, 0x72, 0x20, 0x6e, 0x65, 0x65, 0x64, 0x73, 0x2e, 0x0a, 0x20
  .byte 0x20, 0x20, 0x20, 0x20, 0x20, 0x73, 0x69, 0x7a, 0x65, 0x3a, 0x20, 0x64, 0x65, 0x66, 0x61, 0x75
  .byte 0x6c, 0x74, 0x0a, 0x20, 0x20, 0x74, 0x65, 0x78, 0x74, 0x63, 0x6f, 0x6e, 0x74, 0x65, 0x6e, 0x74
  .byte 0x2d, 0x33, 0x30, 0x3a, 0x0a, 0x20, 0x20, 0x20, 0x20, 0x74, 0x79, 0x70, 0x65, 0x3a, 0x20, 0x54
  .byte 0x65, 0x78, 0x74, 0x43, 0x6f, 0x6e, 0x74, 0x65, 0x6e, 0x74, 0x0a, 0x20, 0x20, 0x20, 0x20, 0x70
  .byte 0x72, 0x6f, 0x70, 0x73, 0x3a, 0x0a, 0x20, 0x20, 0x20, 0x20, 0x20, 0x20, 0x74, 0x65, 0x78, 0x74
  .byte 0x3a, 0x20, 0x22, 0x45, 0x76, 0x65, 0x72, 0x79, 0x74, 0x68, 0x69, 0x6e, 0x67, 0x20, 0x69, 0x6e
  .byte 0x20, 0x50, 0x72, 0x6f, 0x2c, 0x20, 0x70, 0x6c, 0x75, 0x73, 0x3a, 0x22, 0x0a, 0x20, 0x20, 0x20
  .byte 0x20, 0x20, 0x20, 0x73, 0x69, 0x7a, 0x65, 0x3a, 0x20, 0x73, 0x6d, 0x61, 0x6c, 0x6c, 0x2d, 0x68
  .byte 0x65, 0x61, 0x76, 0x79, 0x0a, 0x20, 0x20, 0x6d, 0x61, 0x72, 0x6b, 0x64, 0x6f, 0x77, 0x6e, 0x72
  .byte 0x65, 0x6e, 0x64, 0x65, 0x72, 0x65, 0x72, 0x2d, 0x33, 0x31, 0x3a, 0x0a, 0x20, 0x20, 0x20, 0x20
  .byte 0x74, 0x79, 0x70, 0x65, 0x3a, 0x20, 0x4d, 0x61, 0x72, 0x6b, 0x44, 0x6f, 0x77, 0x6e, 0x52, 0x65
  .byte 0x6e, 0x64, 0x65, 0x72, 0x65, 0x72, 0x0a, 0x20, 0x20, 0x20, 0x20, 0x70, 0x72, 0x6f, 0x70, 0x73
  .byte 0x3a, 0x0a, 0x20, 0x20, 0x20, 0x20, 0x20, 0x20, 0x74, 0x65, 0x78, 0x74, 0x4d, 0x61, 0x72, 0x6b
  .byte 0x64, 0x6f, 0x77, 0x6e, 0x3a, 0x20, 0x7c, 0x2d, 0x0a, 0x20, 0x20, 0x20, 0x20, 0x20, 0x20, 0x20
  .byte 0x20, 0x2d, 0x20, 0x55, 0x6e, 0x6c, 0x69, 0x6d, 0x69, 0x74, 0x65, 0x64, 0x20, 0x77, 0x6f, 0x72
  .byte 0x6b, 0x73, 0x70, 0x61, 0x63, 0x65, 0x73, 0x0a, 0x20, 0x20, 0x20, 0x20, 0x20, 0x20, 0x20, 0x20
  .byte 0x2d, 0x20, 0x55, 0x6e, 0x6c, 0x69, 0x6d, 0x69, 0x74, 0x65, 0x64, 0x20, 0x73, 0x74, 0x6f, 0x72
  .byte 0x61, 0x67, 0x65, 0x20, 0x28, 0x66, 0x61, 0x69, 0x72, 0x20, 0x75, 0x73, 0x65, 0x29, 0x0a, 0x20
  .byte 0x20, 0x20, 0x20, 0x20, 0x20, 0x20, 0x20, 0x2d, 0x20, 0x53, 0x53, 0x4f, 0x2f, 0x53, 0x41, 0x4d
  .byte 0x4c, 0x20, 0x26, 0x20, 0x53, 0x43, 0x49, 0x4d, 0x20, 0x70, 0x72, 0x6f, 0x76, 0x69, 0x73, 0x69
  .byte 0x6f, 0x6e, 0x69, 0x6e, 0x67, 0x0a, 0x20, 0x20, 0x20, 0x20, 0x20, 0x20, 0x20, 0x20, 0x2d, 0x20
  .byte 0x41, 0x75, 0x64, 0x69, 0x74, 0x20, 0x6c, 0x6f, 0x67, 0x73, 0x20, 0x26, 0x20, 0x64, 0x61, 0x74
  .byte 0x61, 0x20, 0x72, 0x65, 0x74, 0x65, 0x6e, 0x74, 0x69, 0x6f, 0x6e, 0x20, 0x63, 0x6f, 0x6e, 0x74
  .byte 0x72, 0x6f, 0x6c, 0x73, 0x0a, 0x20, 0x20, 0x20, 0x20, 0x20, 0x20, 0x20, 0x20, 0x2d, 0x20, 0x44
  .byte 0x65, 0x64, 0x69, 0x63, 0x61, 0x74, 0x65, 0x64, 0x20, 0x73, 0x75, 0x63, 0x63, 0x65, 0x73, 0x73
  .byte 0x20, 0x6d, 0x61, 0x6e, 0x61, 0x67, 0x65, 0x72, 0x0a, 0x20, 0x20, 0x20, 0x20, 0x20, 0x20, 0x20
  .byte 0x20, 0x2d, 0x20, 0x39, 0x39, 0x2e, 0x39, 0x25, 0x20, 0x75, 0x70, 0x74, 0x69, 0x6d, 0x65, 0x20
  .byte 0x53, 0x4c, 0x41, 0x0a, 0x20, 0x20, 0x20, 0x20, 0x20, 0x20, 0x20, 0x20, 0x2d, 0x20, 0x43, 0x75
  .byte 0x73, 0x74, 0x6f, 0x6d, 0x20, 0x6c, 0x65, 0x67, 0x61, 0x6c, 0x20, 0x26, 0x20, 0x69, 0x6e, 0x76
  .byte 0x6f, 0x69, 0x63, 0x69, 0x6e, 0x67, 0x0a, 0x20, 0x20, 0x20, 0x20, 0x20, 0x20, 0x76, 0x61, 0x72
  .byte 0x69, 0x61, 0x6e, 0x74, 0x3a, 0x20, 0x63, 0x6c, 0x65, 0x61, 0x72, 0x0a, 0x20, 0x20, 0x62, 0x75
  .byte 0x74, 0x74, 0x6f, 0x6e, 0x2d, 0x33, 0x33, 0x3a, 0x0a, 0x20, 0x20, 0x20, 0x20, 0x74, 0x79, 0x70
  .byte 0x65, 0x3a, 0x20, 0x42, 0x75, 0x74, 0x74, 0x6f, 0x6e, 0x0a, 0x20, 0x20, 0x20, 0x20, 0x70, 0x72
  .byte 0x6f, 0x70, 0x73, 0x3a, 0x0a, 0x20, 0x20, 0x20, 0x20, 0x20, 0x20, 0x6c, 0x61, 0x62, 0x65, 0x6c
  .byte 0x3a, 0x20, 0x43, 0x6f, 0x6e, 0x74, 0x61, 0x63, 0x74, 0x20, 0x73, 0x61, 0x6c, 0x65, 0x73, 0x0a
  .byte 0x20, 0x20, 0x20, 0x20, 0x20, 0x20, 0x61, 0x63, 0x74, 0x69, 0x6f, 0x6e, 0x3a, 0x20, 0x61, 0x63
  .byte 0x74, 0x69, 0x6f, 0x6e, 0x3a, 0x63, 0x6f, 0x6e, 0x74, 0x61, 0x63, 0x74, 0x5f, 0x73, 0x61, 0x6c
  .byte 0x65, 0x73, 0x5f, 0x65, 0x6e, 0x74, 0x65, 0x72, 0x70, 0x72, 0x69, 0x73, 0x65, 0x0a, 0x20, 0x20
  .byte 0x20, 0x20, 0x20, 0x20, 0x76, 0x61, 0x72, 0x69, 0x61, 0x6e, 0x74, 0x3a, 0x20, 0x70, 0x72, 0x69
  .byte 0x6d, 0x61, 0x72, 0x79, 0x0a, 0x20, 0x20, 0x62, 0x75, 0x74, 0x74, 0x6f, 0x6e, 0x2d, 0x33, 0x34
  .byte 0x3a, 0x0a, 0x20, 0x20, 0x20, 0x20, 0x74, 0x79, 0x70, 0x65, 0x3a, 0x20, 0x42, 0x75, 0x74, 0x74
  .byte 0x6f, 0x6e, 0x0a, 0x20, 0x20, 0x20, 0x20, 0x70, 0x72, 0x6f, 0x70, 0x73, 0x3a, 0x0a, 0x20, 0x20
  .byte 0x20, 0x20, 0x20, 0x20, 0x6c, 0x61, 0x62, 0x65, 0x6c, 0x3a, 0x20, 0x52, 0x65, 0x71, 0x75, 0x65
  .byte 0x73, 0x74, 0x20, 0x64, 0x65, 0x6d, 0x6f, 0x0a, 0x20, 0x20, 0x20, 0x20, 0x20, 0x20, 0x61, 0x63
  .byte 0x74, 0x69, 0x6f, 0x6e, 0x3a, 0x20, 0x61, 0x63, 0x74, 0x69, 0x6f, 0x6e, 0x3a, 0x72, 0x65, 0x71
  .byte 0x75, 0x65, 0x73, 0x74, 0x5f, 0x64, 0x65, 0x6d, 0x6f, 0x5f, 0x65, 0x6e, 0x74, 0x65, 0x72, 0x70
  .byte 0x72, 0x69, 0x73, 0x65, 0x0a, 0x20, 0x20, 0x20, 0x20, 0x20, 0x20, 0x76, 0x61, 0x72, 0x69, 0x61
  .byte 0x6e, 0x74, 0x3a, 0x20, 0x73, 0x65, 0x63, 0x6f, 0x6e, 0x64, 0x61, 0x72, 0x79, 0x0a, 0x20, 0x20
  .byte 0x62, 0x75, 0x74, 0x74, 0x6f, 0x6e, 0x73, 0x2d, 0x33, 0x32, 0x3a, 0x0a, 0x20, 0x20, 0x20, 0x20
  .byte 0x74, 0x79, 0x70, 0x65, 0x3a, 0x20, 0x42, 0x75, 0x74, 0x74, 0x6f, 0x6e, 0x73, 0x0a, 0x20, 0x20
  .byte 0x20, 0x20, 0x70, 0x72, 0x6f, 0x70, 0x73, 0x3a, 0x20, 0x7b, 0x7d, 0x0a, 0x20, 0x20, 0x20, 0x20
  .byte 0x63, 0x68, 0x69, 0x6c, 0x64, 0x72, 0x65, 0x6e, 0x3a, 0x0a, 0x20, 0x20, 0x20, 0x20, 0x20, 0x20
  .byte 0x2d, 0x20, 0x62, 0x75, 0x74, 0x74, 0x6f, 0x6e, 0x2d, 0x33, 0x33, 0x0a, 0x20, 0x20, 0x20, 0x20
  .byte 0x20, 0x20, 0x2d, 0x20, 0x62, 0x75, 0x74, 0x74, 0x6f, 0x6e, 0x2d, 0x33, 0x34, 0x0a, 0x20, 0x20
  .byte 0x74, 0x65, 0x78, 0x74, 0x63, 0x61, 0x6c, 0x6c, 0x6f, 0x75, 0x74, 0x2d, 0x33, 0x35, 0x3a, 0x0a
  .byte 0x20, 0x20, 0x20, 0x20, 0x74, 0x79, 0x70, 0x65, 0x3a, 0x20, 0x54, 0x65, 0x78, 0x74, 0x43, 0x61
  .byte 0x6c, 0x6c, 0x6f, 0x75, 0x74, 0x0a, 0x20, 0x20, 0x20, 0x20, 0x70, 0x72, 0x6f, 0x70, 0x73, 0x3a
  .byte 0x0a, 0x20, 0x20, 0x20, 0x20, 0x20, 0x20, 0x76, 0x61, 0x72, 0x69, 0x61, 0x6e, 0x74, 0x3a, 0x20
  .byte 0x6e, 0x65, 0x75, 0x74, 0x72, 0x61, 0x6c, 0x0a, 0x20, 0x20, 0x20, 0x20, 0x20, 0x20, 0x74, 0x69
  .byte 0x74, 0x6c, 0x65, 0x3a, 0x20, 0x4e, 0x65, 0x65, 0x64, 0x20, 0x70, 0x72, 0x6f, 0x63, 0x75, 0x72
  .byte 0x65, 0x6d, 0x65, 0x6e, 0x74, 0x20, 0x73, 0x75, 0x70, 0x70, 0x6f, 0x72, 0x74, 0x3f, 0x0a, 0x20
  .byte 0x20, 0x20, 0x20, 0x20, 0x20, 0x64, 0x65, 0x73, 0x63, 0x72, 0x69, 0x70, 0x74, 0x69, 0x6f, 0x6e
  .byte 0x3a, 0x20, 0x57, 0x65, 0x20, 0x63, 0x61, 0x6e, 0x20, 0x70, 0x72, 0x6f, 0x76, 0x69, 0x64, 0x65
  .byte 0x20, 0x73, 0x65, 0x63, 0x75, 0x72, 0x69, 0x74, 0x79, 0x20, 0x64, 0x6f, 0x63, 0x73, 0x2c, 0x20
  .byte 0x76, 0x65, 0x6e, 0x64, 0x6f, 0x72, 0x20, 0x6f, 0x6e, 0x62, 0x6f, 0x61, 0x72, 0x64, 0x69, 0x6e
  .byte 0x67, 0x2c, 0x20, 0x61, 0x6e, 0x64, 0x20, 0x63, 0x75, 0x73, 0x74, 0x6f, 0x6d, 0x20, 0x74, 0x65
  .byte 0x72, 0x6d, 0x73, 0x2e, 0x0a, 0x20, 0x20, 0x63, 0x61, 0x72, 0x64, 0x2d, 0x32, 0x36, 0x3a, 0x0a
  .byte 0x20, 0x20, 0x20, 0x20, 0x74, 0x79, 0x70, 0x65, 0x3a, 0x20, 0x43, 0x61, 0x72, 0x64, 0x0a, 0x20
  .byte 0x20, 0x20, 0x20, 0x70, 0x72, 0x6f, 0x70, 0x73, 0x3a, 0x0a, 0x20, 0x20, 0x20, 0x20, 0x20, 0x20
  .byte 0x76, 0x61, 0x72, 0x69, 0x61, 0x6e, 0x74, 0x3a, 0x20, 0x63, 0x61, 0x72, 0x64, 0x0a, 0x20, 0x20
  .byte 0x20, 0x20, 0x63, 0x68, 0x69, 0x6c, 0x64, 0x72, 0x65, 0x6e, 0x3a, 0x0a, 0x20, 0x20, 0x20, 0x20
  .byte 0x20, 0x20, 0x2d, 0x20, 0x63, 0x61, 0x72, 0x64, 0x68, 0x65, 0x61, 0x64, 0x65, 0x72, 0x2d, 0x32
  .byte 0x37, 0x0a, 0x20, 0x20, 0x20, 0x20, 0x20, 0x20, 0x2d, 0x20, 0x74, 0x65, 0x78, 0x74, 0x63, 0x6f
  .byte 0x6e, 0x74, 0x65, 0x6e, 0x74, 0x2d, 0x32, 0x38, 0x0a, 0x20, 0x20, 0x20, 0x20, 0x20, 0x20, 0x2d
  .byte 0x20, 0x74, 0x65, 0x78, 0x74, 0x63, 0x6f, 0x6e, 0x74, 0x65, 0x6e, 0x74, 0x2d, 0x32, 0x39, 0x0a
  .byte 0x20, 0x20, 0x20, 0x20, 0x20, 0x20, 0x2d, 0x20, 0x74, 0x65, 0x78, 0x74, 0x63, 0x6f, 0x6e, 0x74
  .byte 0x65, 0x6e, 0x74, 0x2d, 0x33, 0x30, 0x0a, 0x20, 0x20, 0x20, 0x20, 0x20, 0x20, 0x2d, 0x20, 0x6d
  .byte 0x61, 0x72, 0x6b, 0x64, 0x6f, 0x77, 0x6e, 0x72, 0x65, 0x6e, 0x64, 0x65, 0x72, 0x65, 0x72, 0x2d
  .byte 0x33, 0x31, 0x0a, 0x20, 0x20, 0x20, 0x20, 0x20, 0x20, 0x2d, 0x20, 0x62, 0x75, 0x74, 0x74, 0x6f
  .byte 0x6e, 0x73, 0x2d, 0x33, 0x32, 0x0a, 0x20, 0x20, 0x20, 0x20, 0x20, 0x20, 0x2d, 0x20, 0x74, 0x65
  .byte 0x78, 0x74, 0x63, 0x61, 0x6c, 0x6c, 0x6f, 0x75, 0x74, 0x2d, 0x33, 0x35, 0x0a, 0x20, 0x20, 0x73
  .byte 0x74, 0x61, 0x63, 0x6b, 0x2d, 0x36, 0x3a, 0x0a, 0x20, 0x20, 0x20, 0x20, 0x74, 0x79, 0x70, 0x65
  .byte 0x3a, 0x20, 0x53, 0x74, 0x61, 0x63, 0x6b, 0x0a, 0x20, 0x20, 0x20, 0x20, 0x70, 0x72, 0x6f, 0x70
  .byte 0x73, 0x3a, 0x0a, 0x20, 0x20, 0x20, 0x20, 0x20, 0x20, 0x64, 0x69, 0x72, 0x65, 0x63, 0x74, 0x69
  .byte 0x6f, 0x6e, 0x3a, 0x20, 0x72, 0x6f, 0x77, 0x0a, 0x20, 0x20, 0x20, 0x20, 0x20, 0x20, 0x67, 0x61
  .byte 0x70, 0x3a, 0x20, 0x6c, 0x0a, 0x20, 0x20, 0x20, 0x20, 0x20, 0x20, 0x61, 0x6c, 0x69, 0x67, 0x6e
  .byte 0x3a, 0x20, 0x73, 0x74, 0x72, 0x65, 0x74, 0x63, 0x68, 0x0a, 0x20, 0x20, 0x20, 0x20, 0x20, 0x20
  .byte 0x6a, 0x75, 0x73, 0x74, 0x69, 0x66, 0x79, 0x3a, 0x20, 0x73, 0x74, 0x61, 0x72, 0x74, 0x0a, 0x20
  .byte 0x20, 0x20, 0x20, 0x20, 0x20, 0x77, 0x72, 0x61, 0x70, 0x3a, 0x20, 0x74, 0x72, 0x75, 0x65, 0x0a
  .byte 0x20, 0x20, 0x20, 0x20, 0x63, 0x68, 0x69, 0x6c, 0x64, 0x72, 0x65, 0x6e, 0x3a, 0x0a, 0x20, 0x20
  .byte 0x20, 0x20, 0x20, 0x20, 0x2d, 0x20, 0x63, 0x61, 0x72, 0x64, 0x2d, 0x37, 0x0a, 0x20, 0x20, 0x20
  .byte 0x20, 0x20, 0x20, 0x2d, 0x20, 0x63, 0x61, 0x72, 0x64, 0x2d, 0x31, 0x36, 0x0a, 0x20, 0x20, 0x20
  .byte 0x20, 0x20, 0x20, 0x2d, 0x20, 0x63, 0x61, 0x72, 0x64, 0x2d, 0x32, 0x36, 0x0a, 0x20, 0x20, 0x74
  .byte 0x65, 0x78, 0x74, 0x63, 0x6f, 0x6e, 0x74, 0x65, 0x6e, 0x74, 0x2d, 0x33, 0x36, 0x3a, 0x0a, 0x20
  .byte 0x20, 0x20, 0x20, 0x74, 0x79, 0x70, 0x65, 0x3a, 0x20, 0x54, 0x65, 0x78, 0x74, 0x43, 0x6f, 0x6e
  .byte 0x74, 0x65, 0x6e, 0x74, 0x0a, 0x20, 0x20, 0x20, 0x20, 0x70, 0x72, 0x6f, 0x70, 0x73, 0x3a, 0x0a
  .byte 0x20, 0x20, 0x20, 0x20, 0x20, 0x20, 0x74, 0x65, 0x78, 0x74, 0x3a, 0x20, 0x46, 0x65, 0x61, 0x74
  .byte 0x75, 0x72, 0x65, 0x20, 0x63, 0x6f, 0x6d, 0x70, 0x61, 0x72, 0x69, 0x73, 0x6f, 0x6e, 0x0a, 0x20
  .byte 0x20, 0x20, 0x20, 0x20, 0x20, 0x73, 0x69, 0x7a, 0x65, 0x3a, 0x20, 0x6c, 0x61, 0x72, 0x67, 0x65
  .byte 0x2d, 0x68, 0x65, 0x61, 0x76, 0x79, 0x0a, 0x20, 0x20, 0x63, 0x6f, 0x6c, 0x2d, 0x33, 0x38, 0x3a
  .byte 0x0a, 0x20, 0x20, 0x20, 0x20, 0x74, 0x79, 0x70, 0x65, 0x3a, 0x20, 0x43, 0x6f, 0x6c, 0x0a, 0x20
  .byte 0x20, 0x20, 0x20, 0x70, 0x72, 0x6f, 0x70, 0x73, 0x3a, 0x0a, 0x20, 0x20, 0x20, 0x20, 0x20, 0x20
  .byte 0x6c, 0x61, 0x62, 0x65, 0x6c, 0x3a, 0x20, 0x46, 0x65, 0x61, 0x74, 0x75, 0x72, 0x65, 0x0a, 0x20
  .byte 0x20, 0x20, 0x20, 0x20, 0x20, 0x74, 0x79, 0x70, 0x65, 0x3a, 0x20, 0x73, 0x74, 0x72, 0x69, 0x6e
  .byte 0x67, 0x0a, 0x20, 0x20, 0x63, 0x6f, 0x6c, 0x2d, 0x33, 0x39, 0x3a, 0x0a, 0x20, 0x20, 0x20, 0x20
  .byte 0x74, 0x79, 0x70, 0x65, 0x3a, 0x20, 0x43, 0x6f, 0x6c, 0x0a, 0x20, 0x20, 0x20, 0x20, 0x70, 0x72
  .byte 0x6f, 0x70, 0x73, 0x3a, 0x0a, 0x20, 0x20, 0x20, 0x20, 0x20, 0x20, 0x6c, 0x61, 0x62, 0x65, 0x6c
  .byte 0x3a, 0x20, 0x42, 0x61, 0x73, 0x69, 0x63, 0x0a, 0x20, 0x20, 0x20, 0x20, 0x20, 0x20, 0x74, 0x79
  .byte 0x70, 0x65, 0x3a, 0x20, 0x73, 0x74, 0x72, 0x69, 0x6e, 0x67, 0x0a, 0x20, 0x20, 0x63, 0x6f, 0x6c
  .byte 0x2d, 0x34, 0x30, 0x3a, 0x0a, 0x20, 0x20, 0x20, 0x20, 0x74, 0x79, 0x70, 0x65, 0x3a, 0x20, 0x43
  .byte 0x6f, 0x6c, 0x0a, 0x20, 0x20, 0x20, 0x20, 0x70, 0x72, 0x6f, 0x70, 0x73, 0x3a, 0x0a, 0x20, 0x20
  .byte 0x20, 0x20, 0x20, 0x20, 0x6c, 0x61, 0x62, 0x65, 0x6c, 0x3a, 0x20, 0x50, 0x72, 0x6f, 0x0a, 0x20
  .byte 0x20, 0x20, 0x20, 0x20, 0x20, 0x74, 0x79, 0x70, 0x65, 0x3a, 0x20, 0x73, 0x74, 0x72, 0x69, 0x6e
  .byte 0x67, 0x0a, 0x20, 0x20, 0x63, 0x6f, 0x6c, 0x2d, 0x34, 0x31, 0x3a, 0x0a, 0x20, 0x20, 0x20, 0x20
  .byte 0x74, 0x79, 0x70, 0x65, 0x3a, 0x20, 0x43, 0x6f, 0x6c, 0x0a, 0x20, 0x20, 0x20, 0x20, 0x70, 0x72
  .byte 0x6f, 0x70, 0x73, 0x3a, 0x0a, 0x20, 0x20, 0x20, 0x20, 0x20, 0x20, 0x6c, 0x61, 0x62, 0x65, 0x6c
  .byte 0x3a, 0x20, 0x45, 0x6e, 0x74, 0x65, 0x72, 0x70, 0x72, 0x69, 0x73, 0x65, 0x0a, 0x20, 0x20, 0x20
  .byte 0x20, 0x20, 0x20, 0x74, 0x79, 0x70, 0x65, 0x3a, 0x20, 0x73, 0x74, 0x72, 0x69, 0x6e, 0x67, 0x0a
  .byte 0x20, 0x20, 0x74, 0x61, 0x62, 0x6c, 0x65, 0x2d, 0x33, 0x37, 0x3a, 0x0a, 0x20, 0x20, 0x20, 0x20
  .byte 0x74, 0x79, 0x70, 0x65, 0x3a, 0x20, 0x54, 0x61, 0x62, 0x6c, 0x65, 0x0a, 0x20, 0x20, 0x20, 0x20
  .byte 0x70, 0x72, 0x6f, 0x70, 0x73, 0x3a, 0x0a, 0x20, 0x20, 0x20, 0x20, 0x20, 0x20, 0x72, 0x6f, 0x77
  .byte 0x73, 0x3a, 0x0a, 0x20, 0x20, 0x20, 0x20, 0x20, 0x20, 0x20, 0x20, 0x2d, 0x20, 0x2d, 0x20, 0x50
  .byte 0x72, 0x69, 0x63, 0x65, 0x20, 0x28, 0x6d, 0x6f, 0x6e, 0x74, 0x68, 0x6c, 0x79, 0x29, 0x0a, 0x20
  .byte 0x20, 0x20, 0x20, 0x20, 0x20, 0x20, 0x20, 0x20, 0x20, 0x2d, 0x20, 0x24, 0x31, 0x32, 0x0a, 0x20
  .byte 0x20, 0x20, 0x20, 0x20, 0x20, 0x20, 0x20, 0x20, 0x20, 0x2d, 0x20, 0x24, 0x32, 0x39, 0x0a, 0x20
  .byte 0x20, 0x20, 0x20, 0x20, 0x20, 0x20, 0x20, 0x20, 0x20, 0x2d, 0x20, 0x43, 0x75, 0x73, 0x74, 0x6f
  .byte 0x6d, 0x0a, 0x20, 0x20, 0x20, 0x20, 0x20, 0x20, 0x20, 0x20, 0x2d, 0x20, 0x2d, 0x20, 0x57, 0x6f
  .byte 0x72, 0x6b, 0x73, 0x70, 0x61, 0x63, 0x65, 0x73, 0x0a, 0x20, 0x20, 0x20, 0x20, 0x20, 0x20, 0x20
  .byte 0x20, 0x20, 0x20, 0x2d, 0x20, 0x22, 0x31, 0x22, 0x0a, 0x20, 0x20, 0x20, 0x20, 0x20, 0x20, 0x20
  .byte 0x20, 0x20, 0x20, 0x2d, 0x20, 0x22, 0x35, 0x22, 0x0a, 0x20, 0x20, 0x20, 0x20, 0x20, 0x20, 0x20
  .byte 0x20, 0x20, 0x20, 0x2d, 0x20, 0x55, 0x6e, 0x6c, 0x69, 0x6d, 0x69, 0x74, 0x65, 0x64, 0x0a, 0x20
  .byte 0x20, 0x20, 0x20, 0x20, 0x20, 0x20, 0x20, 0x2d, 0x20, 0x2d, 0x20, 0x50, 0x72, 0x6f, 0x6a, 0x65
  .byte 0x63, 0x74, 0x73, 0x0a, 0x20, 0x20, 0x20, 0x20, 0x20, 0x20, 0x20, 0x20, 0x20, 0x20, 0x2d, 0x20
  .byte 0x55, 0x70, 0x20, 0x74, 0x6f, 0x20, 0x33, 0x0a, 0x20, 0x20, 0x20, 0x20, 0x20, 0x20, 0x20, 0x20
  .byte 0x20, 0x20, 0x2d, 0x20, 0x55, 0x6e, 0x6c, 0x69, 0x6d, 0x69, 0x74, 0x65, 0x64, 0x0a, 0x20, 0x20
  .byte 0x20, 0x20, 0x20, 0x20, 0x20, 0x20, 0x20, 0x20, 0x2d, 0x20, 0x55, 0x6e, 0x6c, 0x69, 0x6d, 0x69
  .byte 0x74, 0x65, 0x64, 0x0a, 0x20, 0x20, 0x20, 0x20, 0x20, 0x20, 0x20, 0x20, 0x2d, 0x20, 0x2d, 0x20
  .byte 0x53, 0x74, 0x6f, 0x72, 0x61, 0x67, 0x65, 0x0a, 0x20, 0x20, 0x20, 0x20, 0x20, 0x20, 0x20, 0x20
  .byte 0x20, 0x20, 0x2d, 0x20, 0x35, 0x20, 0x47, 0x42, 0x0a, 0x20, 0x20, 0x20, 0x20, 0x20, 0x20, 0x20
  .byte 0x20, 0x20, 0x20, 0x2d, 0x20, 0x31, 0x30, 0x30, 0x20, 0x47, 0x42, 0x0a, 0x20, 0x20, 0x20, 0x20
  .byte 0x20, 0x20, 0x20, 0x20, 0x20, 0x20, 0x2d, 0x20, 0x55, 0x6e, 0x6c, 0x69, 0x6d, 0x69, 0x74, 0x65
  .byte 0x64, 0x20, 0x28, 0x66, 0x61, 0x69, 0x72, 0x20, 0x75, 0x73, 0x65, 0x29, 0x0a, 0x20, 0x20, 0x20
  .byte 0x20, 0x20, 0x20, 0x20, 0x20, 0x2d, 0x20, 0x2d, 0x20, 0x54, 0x65, 0x61, 0x6d, 0x20, 0x6d, 0x65
  .byte 0x6d, 0x62, 0x65, 0x72, 0x73, 0x0a, 0x20, 0x20, 0x20, 0x20, 0x20, 0x20, 0x20, 0x20, 0x20, 0x20
  .byte 0x2d, 0x20, 0x22, 0x31, 0x22, 0x0a, 0x20, 0x20, 0x20, 0x20, 0x20, 0x20, 0x20, 0x20, 0x20, 0x20
  .byte 0x2d, 0x20, 0x55, 0x70, 0x20, 0x74, 0x6f, 0x20, 0x32, 0x35, 0x0a, 0x20, 0x20, 0x20, 0x20, 0x20
  .byte 0x20, 0x20, 0x20, 0x20, 0x20, 0x2d, 0x20, 0x55, 0x6e, 0x6c, 0x69, 0x6d, 0x69, 0x74, 0x65, 0x64
  .byte 0x0a, 0x20, 0x20, 0x20, 0x20, 0x20, 0x20, 0x20, 0x20, 0x2d, 0x20, 0x2d, 0x20, 0x52, 0x6f, 0x6c
  .byte 0x65, 0x73, 0x20, 0x26, 0x20, 0x70, 0x65, 0x72, 0x6d, 0x69, 0x73, 0x73, 0x69, 0x6f, 0x6e, 0x73
  .byte 0x0a, 0x20, 0x20, 0x20, 0x20, 0x20, 0x20, 0x20, 0x20, 0x20, 0x20, 0x2d, 0x20, 0xe2, 0x80, 0x94
  .byte 0x0a, 0x20, 0x20, 0x20, 0x20, 0x20, 0x20, 0x20, 0x20, 0x20, 0x20, 0x2d, 0x20, 0x59, 0x65, 0x73
  .byte 0x0a, 0x20, 0x20, 0x20, 0x20, 0x20, 0x20, 0x20, 0x20, 0x20, 0x20, 0x2d, 0x20, 0x41, 0x64, 0x76
  .byte 0x61, 0x6e, 0x63, 0x65, 0x64, 0x20, 0x28, 0x63, 0x75, 0x73, 0x74, 0x6f, 0x6d, 0x20, 0x72, 0x6f
  .byte 0x6c, 0x65, 0x73, 0x29, 0x0a, 0x20, 0x20, 0x20, 0x20, 0x20, 0x20, 0x20, 0x20, 0x2d, 0x20, 0x2d
  .byte 0x20, 0x41, 0x75, 0x74, 0x6f, 0x6d, 0x61, 0x74, 0x69, 0x6f, 0x6e, 0x73, 0x0a, 0x20, 0x20, 0x20
  .byte 0x20, 0x20, 0x20, 0x20, 0x20, 0x20, 0x20, 0x2d, 0x20, 0xe2, 0x80, 0x94, 0x0a, 0x20, 0x20, 0x20
  .byte 0x20, 0x20, 0x20, 0x20, 0x20, 0x20, 0x20, 0x2d, 0x20, 0x31, 0x2c, 0x30, 0x30, 0x30, 0x20, 0x72
  .byte 0x75, 0x6e, 0x73, 0x2f, 0x6d, 0x6f, 0x0a, 0x20, 0x20, 0x20, 0x20, 0x20, 0x20, 0x20, 0x20, 0x20
  .byte 0x20, 0x2d, 0x20, 0x55, 0x6e, 0x6c, 0x69, 0x6d, 0x69, 0x74, 0x65, 0x64, 0x20, 0x28, 0x70, 0x6f
  .byte 0x6c, 0x69, 0x63, 0x79, 0x2d, 0x62, 0x61, 0x73, 0x65, 0x64, 0x29, 0x0a, 0x20, 0x20, 0x20, 0x20
  .byte 0x20, 0x20, 0x20, 0x20, 0x2d, 0x20, 0x2d, 0x20, 0x49, 0x6e, 0x74, 0x65, 0x67, 0x72, 0x61, 0x74
  .byte 0x69, 0x6f, 0x6e, 0x73, 0x0a, 0x20, 0x20, 0x20, 0x20, 0x20, 0x20, 0x20, 0x20, 0x20, 0x20, 0x2d
  .byte 0x20, 0x4c, 0x69, 0x6d, 0x69, 0x74, 0x65, 0x64, 0x0a, 0x20, 0x20, 0x20, 0x20, 0x20, 0x20, 0x20
  .byte 0x20, 0x20, 0x20, 0x2d, 0x20, 0x53, 0x74, 0x61, 0x6e, 0x64, 0x61, 0x72, 0x64, 0x0a, 0x20, 0x20
  .byte 0x20, 0x20, 0x20, 0x20, 0x20, 0x20, 0x20, 0x20, 0x2d, 0x20, 0x53, 0x74, 0x61, 0x6e, 0x64, 0x61
  .byte 0x72, 0x64, 0x20, 0x2b, 0x20, 0x63, 0x75, 0x73, 0x74, 0x6f, 0x6d, 0x0a, 0x20, 0x20, 0x20, 0x20
  .byte 0x20, 0x20, 0x20, 0x20, 0x2d, 0x20, 0x2d, 0x20, 0x41, 0x6e, 0x61, 0x6c, 0x79, 0x74, 0x69, 0x63
  .byte 0x73, 0x0a, 0x20, 0x20, 0x20, 0x20, 0x20, 0x20, 0x20, 0x20, 0x20, 0x20, 0x2d, 0x20, 0x42, 0x61
  .byte 0x73, 0x69, 0x63, 0x0a, 0x20, 0x20, 0x20, 0x20, 0x20, 0x20, 0x20, 0x20, 0x20, 0x20, 0x2d, 0x20
  .byte 0x41, 0x64, 0x76, 0x61, 0x6e, 0x63, 0x65, 0x64, 0x0a, 0x20, 0x20, 0x20, 0x20, 0x20, 0x20, 0x20
  .byte 0x20, 0x20, 0x20, 0x2d, 0x20, 0x41, 0x64, 0x76, 0x61, 0x6e, 0x63, 0x65, 0x64, 0x20, 0x2b, 0x20
  .byte 0x65, 0x78, 0x70, 0x6f, 0x72, 0x74, 0x73, 0x0a, 0x20, 0x20, 0x20, 0x20, 0x20, 0x20, 0x20, 0x20
  .byte 0x2d, 0x20, 0x2d, 0x20, 0x53, 0x53, 0x4f, 0x20, 0x28, 0x53, 0x41, 0x4d, 0x4c, 0x29, 0x0a, 0x20
  .byte 0x20, 0x20, 0x20, 0x20, 0x20, 0x20, 0x20, 0x20, 0x20, 0x2d, 0x20, 0xe2, 0x80, 0x94, 0x0a, 0x20
  .byte 0x20, 0x20, 0x20, 0x20, 0x20, 0x20, 0x20, 0x20, 0x20, 0x2d, 0x20, 0xe2, 0x80, 0x94, 0x0a, 0x20
  .byte 0x20, 0x20, 0x20, 0x20, 0x20, 0x20, 0x20, 0x20, 0x20, 0x2d, 0x20, 0x59, 0x65, 0x73, 0x0a, 0x20
  .byte 0x20, 0x20, 0x20, 0x20, 0x20, 0x20, 0x20, 0x2d, 0x20, 0x2d, 0x20, 0x53, 0x43, 0x49, 0x4d, 0x20
  .byte 0x70, 0x72, 0x6f, 0x76, 0x69, 0x73, 0x69, 0x6f, 0x6e, 0x69, 0x6e, 0x67, 0x0a, 0x20, 0x20, 0x20
  .byte 0x20, 0x20, 0x20, 0x20, 0x20, 0x20, 0x20, 0x2d, 0x20, 0xe2, 0x80, 0x94, 0x0a, 0x20, 0x20, 0x20
  .byte 0x20, 0x20, 0x20, 0x20, 0x20, 0x20, 0x20, 0x2d, 0x20, 0xe2, 0x80, 0x94, 0x0a, 0x20, 0x20, 0x20
  .byte 0x20, 0x20, 0x20, 0x20, 0x20, 0x20, 0x20, 0x2d, 0x20, 0x59, 0x65, 0x73, 0x0a, 0x20, 0x20, 0x20
  .byte 0x20, 0x20, 0x20, 0x20, 0x20, 0x2d, 0x20, 0x2d, 0x20, 0x41, 0x75, 0x64, 0x69, 0x74, 0x20, 0x6c
  .byte 0x6f, 0x67, 0x73, 0x0a, 0x20, 0x20, 0x20, 0x20, 0x20, 0x20, 0x20, 0x20, 0x20, 0x20, 0x2d, 0x20
  .byte 0xe2, 0x80, 0x94, 0x0a, 0x20, 0x20, 0x20, 0x20, 0x20, 0x20, 0x20, 0x20, 0x20, 0x20, 0x2d, 0x20
  .byte 0xe2, 0x80, 0x94, 0x0a, 0x20, 0x20, 0x20, 0x20, 0x20, 0x20, 0x20, 0x20, 0x20, 0x20, 0x2d, 0x20
  .byte 0x59, 0x65, 0x73, 0x0a, 0x20, 0x20, 0x20, 0x20, 0x20, 0x20, 0x20, 0x20, 0x2d, 0x20, 0x2d, 0x20
  .byte 0x53, 0x75, 0x70, 0x70, 0x6f, 0x72, 0x74, 0x0a, 0x20, 0x20, 0x20, 0x20, 0x20, 0x20, 0x20, 0x20
  .byte 0x20, 0x20, 0x2d, 0x20, 0x43, 0x6f, 0x6d, 0x6d, 0x75, 0x6e, 0x69, 0x74, 0x79, 0x0a, 0x20, 0x20
  .byte 0x20, 0x20, 0x20, 0x20, 0x20, 0x20, 0x20, 0x20, 0x2d, 0x20, 0x50, 0x72, 0x69, 0x6f, 0x72, 0x69
  .byte 0x74, 0x79, 0x20, 0x65, 0x6d, 0x61, 0x69, 0x6c, 0x0a, 0x20, 0x20, 0x20, 0x20, 0x20, 0x20, 0x20
  .byte 0x20, 0x20, 0x20, 0x2d, 0x20, 0x44, 0x65, 0x64, 0x69, 0x63, 0x61, 0x74, 0x65, 0x64, 0x20, 0x2b
  .byte 0x20, 0x53, 0x4c, 0x41, 0x0a, 0x20, 0x20, 0x20, 0x20, 0x63, 0x68, 0x69, 0x6c, 0x64, 0x72, 0x65
  .byte 0x6e, 0x3a, 0x0a, 0x20, 0x20, 0x20, 0x20, 0x20, 0x20, 0x2d, 0x20, 0x63, 0x6f, 0x6c, 0x2d, 0x33
  .byte 0x38, 0x0a, 0x20, 0x20, 0x20, 0x20, 0x20, 0x20, 0x2d, 0x20, 0x63, 0x6f, 0x6c, 0x2d, 0x33, 0x39
  .byte 0x0a, 0x20, 0x20, 0x20, 0x20, 0x20, 0x20, 0x2d, 0x20, 0x63, 0x6f, 0x6c, 0x2d, 0x34, 0x30, 0x0a
  .byte 0x20, 0x20, 0x20, 0x20, 0x20, 0x20, 0x2d, 0x20, 0x63, 0x6f, 0x6c, 0x2d, 0x34, 0x31, 0x0a, 0x20
  .byte 0x20, 0x74, 0x65, 0x78, 0x74, 0x63, 0x6f, 0x6e, 0x74, 0x65, 0x6e, 0x74, 0x2d, 0x34, 0x34, 0x3a
  .byte 0x0a, 0x20, 0x20, 0x20, 0x20, 0x74, 0x79, 0x70, 0x65, 0x3a, 0x20, 0x54, 0x65, 0x78, 0x74, 0x43
  .byte 0x6f, 0x6e, 0x74, 0x65, 0x6e, 0x74, 0x0a, 0x20, 0x20, 0x20, 0x20, 0x70, 0x72, 0x6f, 0x70, 0x73
  .byte 0x3a, 0x0a, 0x20, 0x20, 0x20, 0x20, 0x20, 0x20, 0x74, 0x65, 0x78, 0x74, 0x3a, 0x20, 0x59, 0x65
  .byte 0x73, 0x2e, 0x20, 0x59, 0x6f, 0x75, 0x20, 0x63, 0x61, 0x6e, 0x20, 0x75, 0x70, 0x67, 0x72, 0x61
  .byte 0x64, 0x65, 0x20, 0x6f, 0x72, 0x20, 0x64, 0x6f, 0x77, 0x6e, 0x67, 0x72, 0x61, 0x64, 0x65, 0x20
  .byte 0x61, 0x74, 0x20, 0x61, 0x6e, 0x79, 0x20, 0x74, 0x69, 0x6d, 0x65, 0x2e, 0x20, 0x43, 0x68, 0x61
  .byte 0x6e, 0x67, 0x65, 0x73, 0x20, 0x74, 0x61, 0x6b, 0x65, 0x20, 0x65, 0x66, 0x66, 0x65, 0x63, 0x74
  .byte 0x0a, 0x20, 0x20, 0x20, 0x20, 0x20, 0x20, 0x20, 0x20, 0x69, 0x6d, 0x6d, 0x65, 0x64, 0x69, 0x61
  .byte 0x74, 0x65, 0x6c, 0x79, 0x2c, 0x20, 0x61, 0x6e, 0x64, 0x20, 0x77, 0x65, 0x20, 0x70, 0x72, 0x6f
  .byte 0x72, 0x61, 0x74, 0x65, 0x20, 0x77, 0x68, 0x65, 0x6e, 0x20, 0x61, 0x70, 0x70, 0x6c, 0x69, 0x63
  .byte 0x61, 0x62, 0x6c, 0x65, 0x2e, 0x0a, 0x20, 0x20, 0x61, 0x63, 0x63, 0x6f, 0x72, 0x64, 0x69, 0x6f
  .byte 0x6e, 0x69, 0x74, 0x65, 0x6d, 0x2d, 0x34, 0x33, 0x3a, 0x0a, 0x20, 0x20, 0x20, 0x20, 0x74, 0x79
  .byte 0x70, 0x65, 0x3a, 0x20, 0x41, 0x63, 0x63, 0x6f, 0x72, 0x64, 0x69, 0x6f, 0x6e, 0x49, 0x74, 0x65
  .byte 0x6d, 0x0a, 0x20, 0x20, 0x20, 0x20, 0x70, 0x72, 0x6f, 0x70, 0x73, 0x3a, 0x0a, 0x20, 0x20, 0x20
  .byte 0x20, 0x20, 0x20, 0x76, 0x61, 0x6c, 0x75, 0x65, 0x3a, 0x20, 0x62, 0x69, 0x6c, 0x6c, 0x69, 0x6e
  .byte 0x67, 0x0a, 0x20, 0x20, 0x20, 0x20, 0x20, 0x20, 0x74, 0x72, 0x69, 0x67, 0x67, 0x65, 0x72, 0x3a
  .byte 0x20, 0x43, 0x61, 0x6e, 0x20, 0x49, 0x20, 0x73, 0x77, 0x69, 0x74, 0x63, 0x68, 0x20, 0x70, 0x6c
  .byte 0x61, 0x6e, 0x73, 0x20, 0x6c, 0x61, 0x74, 0x65, 0x72, 0x3f, 0x0a, 0x20, 0x20, 0x20, 0x20, 0x63
  .byte 0x68, 0x69, 0x6c, 0x64, 0x72, 0x65, 0x6e, 0x3a, 0x0a, 0x20, 0x20, 0x20, 0x20, 0x20, 0x20, 0x2d
  .byte 0x20, 0x74, 0x65, 0x78, 0x74, 0x63, 0x6f, 0x6e, 0x74, 0x65, 0x6e, 0x74, 0x2d, 0x34, 0x34, 0x0a
  .byte 0x20, 0x20, 0x74, 0x65, 0x78, 0x74, 0x63, 0x6f, 0x6e, 0x74, 0x65, 0x6e, 0x74, 0x2d, 0x34, 0x36
  .byte 0x3a, 0x0a, 0x20, 0x20, 0x20, 0x20, 0x74, 0x79, 0x70, 0x65, 0x3a, 0x20, 0x54, 0x65, 0x78, 0x74
  .byte 0x43, 0x6f, 0x6e, 0x74, 0x65, 0x6e, 0x74, 0x0a, 0x20, 0x20, 0x20, 0x20, 0x70, 0x72, 0x6f, 0x70
  .byte 0x73, 0x3a, 0x0a, 0x20, 0x20, 0x20, 0x20, 0x20, 0x20, 0x74, 0x65, 0x78, 0x74, 0x3a, 0x20, 0x59
  .byte 0x65, 0x73, 0x2e, 0x20, 0x42, 0x61, 0x73, 0x69, 0x63, 0x20, 0x61, 0x6e, 0x64, 0x20, 0x50, 0x72
  .byte 0x6f, 0x20, 0x69, 0x6e, 0x63, 0x6c, 0x75, 0x64, 0x65, 0x20, 0x61, 0x20, 0x66, 0x72, 0x65, 0x65
  .byte 0x20, 0x74, 0x72, 0x69, 0x61, 0x6c, 0x2e, 0x20, 0x45, 0x6e, 0x74, 0x65, 0x72, 0x70, 0x72, 0x69
  .byte 0x73, 0x65, 0x20, 0x74, 0x72, 0x69, 0x61, 0x6c, 0x73, 0x20, 0x61, 0x72, 0x65, 0x20, 0x61, 0x76
  .byte 0x61, 0x69, 0x6c, 0x61, 0x62, 0x6c, 0x65, 0x0a, 0x20, 0x20, 0x20, 0x20, 0x20, 0x20, 0x20, 0x20
  .byte 0x75, 0x70, 0x6f, 0x6e, 0x20, 0x72, 0x65, 0x71, 0x75, 0x65, 0x73, 0x74, 0x20, 0x76, 0x69, 0x61
  .byte 0x20, 0x53, 0x61, 0x6c, 0x65, 0x73, 0x2e, 0x0a, 0x20, 0x20, 0x61, 0x63, 0x63, 0x6f, 0x72, 0x64
  .byte 0x69, 0x6f, 0x6e, 0x69, 0x74, 0x65, 0x6d, 0x2d, 0x34, 0x35, 0x3a, 0x0a, 0x20, 0x20, 0x20, 0x20
  .byte 0x74, 0x79, 0x70, 0x65, 0x3a, 0x20, 0x41, 0x63, 0x63, 0x6f, 0x72, 0x64, 0x69, 0x6f, 0x6e, 0x49
  .byte 0x74, 0x65, 0x6d, 0x0a, 0x20, 0x20, 0x20, 0x20, 0x70, 0x72, 0x6f, 0x70, 0x73, 0x3a, 0x0a, 0x20
  .byte 0x20, 0x20, 0x20, 0x20, 0x20, 0x76, 0x61, 0x6c, 0x75, 0x65, 0x3a, 0x20, 0x74, 0x72, 0x69, 0x61
  .byte 0x6c, 0x0a, 0x20, 0x20, 0x20, 0x20, 0x20, 0x20, 0x74, 0x72, 0x69, 0x67, 0x67, 0x65, 0x72, 0x3a
  .byte 0x20, 0x44, 0x6f, 0x20, 0x79, 0x6f, 0x75, 0x20, 0x6f, 0x66, 0x66, 0x65, 0x72, 0x20, 0x61, 0x20
  .byte 0x66, 0x72, 0x65, 0x65, 0x20, 0x74, 0x72, 0x69, 0x61, 0x6c, 0x3f, 0x0a, 0x20, 0x20, 0x20, 0x20
  .byte 0x63, 0x68, 0x69, 0x6c, 0x64, 0x72, 0x65, 0x6e, 0x3a, 0x0a, 0x20, 0x20, 0x20, 0x20, 0x20, 0x20
  .byte 0x2d, 0x20, 0x74, 0x65, 0x78, 0x74, 0x63, 0x6f, 0x6e, 0x74, 0x65, 0x6e, 0x74, 0x2d, 0x34, 0x36
  .byte 0x0a, 0x20, 0x20, 0x74, 0x65, 0x78, 0x74, 0x63, 0x6f, 0x6e, 0x74, 0x65, 0x6e, 0x74, 0x2d, 0x34
  .byte 0x38, 0x3a, 0x0a, 0x20, 0x20, 0x20, 0x20, 0x74, 0x79, 0x70, 0x65, 0x3a, 0x20, 0x54, 0x65, 0x78
  .byte 0x74, 0x43, 0x6f, 0x6e, 0x74, 0x65, 0x6e, 0x74, 0x0a, 0x20, 0x20, 0x20, 0x20, 0x70, 0x72, 0x6f
  .byte 0x70, 0x73, 0x3a, 0x0a, 0x20, 0x20, 0x20, 0x20, 0x20, 0x20, 0x74, 0x65, 0x78, 0x74, 0x3a, 0x20
  .byte 0x59, 0x65, 0x73, 0x2e, 0x20, 0x41, 0x6e, 0x6e, 0x75, 0x61, 0x6c, 0x20, 0x62, 0x69, 0x6c, 0x6c
  .byte 0x69, 0x6e, 0x67, 0x20, 0x69, 0x6e, 0x63, 0x6c, 0x75, 0x64, 0x65, 0x73, 0x20, 0x61, 0x20, 0x64
  .byte 0x69, 0x73, 0x63, 0x6f, 0x75, 0x6e, 0x74, 0x2e, 0x20, 0x43, 0x6f, 0x6e, 0x74, 0x61, 0x63, 0x74
  .byte 0x20, 0x53, 0x61, 0x6c, 0x65, 0x73, 0x20, 0x66, 0x6f, 0x72, 0x20, 0x45, 0x6e, 0x74, 0x65, 0x72
  .byte 0x70, 0x72, 0x69, 0x73, 0x65, 0x0a, 0x20, 0x20, 0x20, 0x20, 0x20, 0x20, 0x20, 0x20, 0x61, 0x6e
  .byte 0x6e, 0x75, 0x61, 0x6c, 0x20, 0x74, 0x65, 0x72, 0x6d, 0x73, 0x20, 0x61, 0x6e, 0x64, 0x20, 0x69
  .byte 0x6e, 0x76, 0x6f, 0x69, 0x63, 0x69, 0x6e, 0x67, 0x2e, 0x0a, 0x20, 0x20, 0x61, 0x63, 0x63, 0x6f
  .byte 0x72, 0x64, 0x69, 0x6f, 0x6e, 0x69, 0x74, 0x65, 0x6d, 0x2d, 0x34, 0x37, 0x3a, 0x0a, 0x20, 0x20
  .byte 0x20, 0x20, 0x74, 0x79, 0x70, 0x65, 0x3a, 0x20, 0x41, 0x63, 0x63, 0x6f, 0x72, 0x64, 0x69, 0x6f
  .byte 0x6e, 0x49, 0x74, 0x65, 0x6d, 0x0a, 0x20, 0x20, 0x20, 0x20, 0x70, 0x72, 0x6f, 0x70, 0x73, 0x3a
  .byte 0x0a, 0x20, 0x20, 0x20, 0x20, 0x20, 0x20, 0x76, 0x61, 0x6c, 0x75, 0x65, 0x3a, 0x20, 0x61, 0x6e
  .byte 0x6e, 0x75, 0x61, 0x6c, 0x0a, 0x20, 0x20, 0x20, 0x20, 0x20, 0x20, 0x74, 0x72, 0x69, 0x67, 0x67
  .byte 0x65, 0x72, 0x3a, 0x20, 0x44, 0x6f, 0x20, 0x79, 0x6f, 0x75, 0x20, 0x6f, 0x66, 0x66, 0x65, 0x72
  .byte 0x20, 0x61, 0x6e, 0x6e, 0x75, 0x61, 0x6c, 0x20, 0x62, 0x69, 0x6c, 0x6c, 0x69, 0x6e, 0x67, 0x3f
  .byte 0x0a, 0x20, 0x20, 0x20, 0x20, 0x63, 0x68, 0x69, 0x6c, 0x64, 0x72, 0x65, 0x6e, 0x3a, 0x0a, 0x20
  .byte 0x20, 0x20, 0x20, 0x20, 0x20, 0x2d, 0x20, 0x74, 0x65, 0x78, 0x74, 0x63, 0x6f, 0x6e, 0x74, 0x65
  .byte 0x6e, 0x74, 0x2d, 0x34, 0x38, 0x0a, 0x20, 0x20, 0x74, 0x65, 0x78, 0x74, 0x63, 0x6f, 0x6e, 0x74
  .byte 0x65, 0x6e, 0x74, 0x2d, 0x35, 0x30, 0x3a, 0x0a, 0x20, 0x20, 0x20, 0x20, 0x74, 0x79, 0x70, 0x65
  .byte 0x3a, 0x20, 0x54, 0x65, 0x78, 0x74, 0x43, 0x6f, 0x6e, 0x74, 0x65, 0x6e, 0x74, 0x0a, 0x20, 0x20
  .byte 0x20, 0x20, 0x70, 0x72, 0x6f, 0x70, 0x73, 0x3a, 0x0a, 0x20, 0x20, 0x20, 0x20, 0x20, 0x20, 0x74
  .byte 0x65, 0x78, 0x74, 0x3a, 0x20, 0x45, 0x6e, 0x74, 0x65, 0x72, 0x70, 0x72, 0x69, 0x73, 0x65, 0x20
  .byte 0x69, 0x6e, 0x63, 0x6c, 0x75, 0x64, 0x65, 0x73, 0x20, 0x53, 0x53, 0x4f, 0x2f, 0x53, 0x41, 0x4d
  .byte 0x4c, 0x2c, 0x20, 0x53, 0x43, 0x49, 0x4d, 0x2c, 0x20, 0x61, 0x75, 0x64, 0x69, 0x74, 0x20, 0x6c
  .byte 0x6f, 0x67, 0x73, 0x2c, 0x20, 0x61, 0x6e, 0x64, 0x20, 0x64, 0x61, 0x74, 0x61, 0x20, 0x72, 0x65
  .byte 0x74, 0x65, 0x6e, 0x74, 0x69, 0x6f, 0x6e, 0x0a, 0x20, 0x20, 0x20, 0x20, 0x20, 0x20, 0x20, 0x20
  .byte 0x63, 0x6f, 0x6e, 0x74, 0x72, 0x6f, 0x6c, 0x73, 0x2e, 0x20, 0x57, 0x65, 0x20, 0x63, 0x61, 0x6e
  .byte 0x20, 0x73, 0x68, 0x61, 0x72, 0x65, 0x20, 0x73, 0x65, 0x63, 0x75, 0x72, 0x69, 0x74, 0x79, 0x20
  .byte 0x64, 0x6f, 0x63, 0x75, 0x6d, 0x65, 0x6e, 0x74, 0x61, 0x74, 0x69, 0x6f, 0x6e, 0x20, 0x64, 0x75
  .byte 0x72, 0x69, 0x6e, 0x67, 0x20, 0x70, 0x72, 0x6f, 0x63, 0x75, 0x72, 0x65, 0x6d, 0x65, 0x6e, 0x74
  .byte 0x2e, 0x0a, 0x20, 0x20, 0x61, 0x63, 0x63, 0x6f, 0x72, 0x64, 0x69, 0x6f, 0x6e, 0x69, 0x74, 0x65
  .byte 0x6d, 0x2d, 0x34, 0x39, 0x3a, 0x0a, 0x20, 0x20, 0x20, 0x20, 0x74, 0x79, 0x70, 0x65, 0x3a, 0x20
  .byte 0x41, 0x63, 0x63, 0x6f, 0x72, 0x64, 0x69, 0x6f, 0x6e, 0x49, 0x74, 0x65, 0x6d, 0x0a, 0x20, 0x20
  .byte 0x20, 0x20, 0x70, 0x72, 0x6f, 0x70, 0x73, 0x3a, 0x0a, 0x20, 0x20, 0x20, 0x20, 0x20, 0x20, 0x76
  .byte 0x61, 0x6c, 0x75, 0x65, 0x3a, 0x20, 0x73, 0x65, 0x63, 0x75, 0x72, 0x69, 0x74, 0x79, 0x0a, 0x20
  .byte 0x20, 0x20, 0x20, 0x20, 0x20, 0x74, 0x72, 0x69, 0x67, 0x67, 0x65, 0x72, 0x3a, 0x20, 0x57, 0x68
  .byte 0x61, 0x74, 0x20, 0x61, 0x62, 0x6f, 0x75, 0x74, 0x20, 0x73, 0x65, 0x63, 0x75, 0x72, 0x69, 0x74
  .byte 0x79, 0x20, 0x61, 0x6e, 0x64, 0x20, 0x63, 0x6f, 0x6d, 0x70, 0x6c, 0x69, 0x61, 0x6e, 0x63, 0x65
  .byte 0x3f, 0x0a, 0x20, 0x20, 0x20, 0x20, 0x63, 0x68, 0x69, 0x6c, 0x64, 0x72, 0x65, 0x6e, 0x3a, 0x0a
  .byte 0x20, 0x20, 0x20, 0x20, 0x20, 0x20, 0x2d, 0x20, 0x74, 0x65, 0x78, 0x74, 0x63, 0x6f, 0x6e, 0x74
  .byte 0x65, 0x6e, 0x74, 0x2d, 0x35, 0x30, 0x0a, 0x20, 0x20, 0x61, 0x63, 0x63, 0x6f, 0x72, 0x64, 0x69
  .byte 0x6f, 0x6e, 0x2d, 0x34, 0x32, 0x3a, 0x0a, 0x20, 0x20, 0x20, 0x20, 0x74, 0x79, 0x70, 0x65, 0x3a
  .byte 0x20, 0x41, 0x63, 0x63, 0x6f, 0x72, 0x64, 0x69, 0x6f, 0x6e, 0x0a, 0x20, 0x20, 0x20, 0x20, 0x70
  .byte 0x72, 0x6f, 0x70, 0x73, 0x3a, 0x20, 0x7b, 0x7d, 0x0a, 0x20, 0x20, 0x20, 0x20, 0x63, 0x68, 0x69
  .byte 0x6c, 0x64, 0x72, 0x65, 0x6e, 0x3a, 0x0a, 0x20, 0x20, 0x20, 0x20, 0x20, 0x20, 0x2d, 0x20, 0x61
  .byte 0x63, 0x63, 0x6f, 0x72, 0x64, 0x69, 0x6f, 0x6e, 0x69, 0x74, 0x65, 0x6d, 0x2d, 0x34, 0x33, 0x0a
  .byte 0x20, 0x20, 0x20, 0x20, 0x20, 0x20, 0x2d, 0x20, 0x61, 0x63, 0x63, 0x6f, 0x72, 0x64, 0x69, 0x6f
  .byte 0x6e, 0x69, 0x74, 0x65, 0x6d, 0x2d, 0x34, 0x35, 0x0a, 0x20, 0x20, 0x20, 0x20, 0x20, 0x20, 0x2d
  .byte 0x20, 0x61, 0x63, 0x63, 0x6f, 0x72, 0x64, 0x69, 0x6f, 0x6e, 0x69, 0x74, 0x65, 0x6d, 0x2d, 0x34
  .byte 0x37, 0x0a, 0x20, 0x20, 0x20, 0x20, 0x20, 0x20, 0x2d, 0x20, 0x61, 0x63, 0x63, 0x6f, 0x72, 0x64
  .byte 0x69, 0x6f, 0x6e, 0x69, 0x74, 0x65, 0x6d, 0x2d, 0x34, 0x39, 0x0a, 0x20, 0x20, 0x73, 0x74, 0x61
  .byte 0x63, 0x6b, 0x2d, 0x31, 0x3a, 0x0a, 0x20, 0x20, 0x20, 0x20, 0x74, 0x79, 0x70, 0x65, 0x3a, 0x20
  .byte 0x53, 0x74, 0x61, 0x63, 0x6b, 0x0a, 0x20, 0x20, 0x20, 0x20, 0x70, 0x72, 0x6f, 0x70, 0x73, 0x3a
  .byte 0x0a, 0x20, 0x20, 0x20, 0x20, 0x20, 0x20, 0x64, 0x69, 0x72, 0x65, 0x63, 0x74, 0x69, 0x6f, 0x6e
  .byte 0x3a, 0x20, 0x63, 0x6f, 0x6c, 0x75, 0x6d, 0x6e, 0x0a, 0x20, 0x20, 0x20, 0x20, 0x20, 0x20, 0x67
  .byte 0x61, 0x70, 0x3a, 0x20, 0x78, 0x6c, 0x0a, 0x20, 0x20, 0x20, 0x20, 0x63, 0x68, 0x69, 0x6c, 0x64
  .byte 0x72, 0x65, 0x6e, 0x3a, 0x0a, 0x20, 0x20, 0x20, 0x20, 0x20, 0x20, 0x2d, 0x20, 0x73, 0x74, 0x61
  .byte 0x63, 0x6b, 0x2d, 0x32, 0x0a, 0x20, 0x20, 0x20, 0x20, 0x20, 0x20, 0x2d, 0x20, 0x73, 0x74, 0x61
  .byte 0x63, 0x6b, 0x2d, 0x36, 0x0a, 0x20, 0x20, 0x20, 0x20, 0x20, 0x20, 0x2d, 0x20, 0x74, 0x65, 0x78
  .byte 0x74, 0x63, 0x6f, 0x6e, 0x74, 0x65, 0x6e, 0x74, 0x2d, 0x33, 0x36, 0x0a, 0x20, 0x20, 0x20, 0x20
  .byte 0x20, 0x20, 0x2d, 0x20, 0x74, 0x61, 0x62, 0x6c, 0x65, 0x2d, 0x33, 0x37, 0x0a, 0x20, 0x20, 0x20
  .byte 0x20, 0x20, 0x20, 0x2d, 0x20, 0x61, 0x63, 0x63, 0x6f, 0x72, 0x64, 0x69, 0x6f, 0x6e, 0x2d, 0x34
  .byte 0x32, 0x0a

  .globl openui_full_port_benchmarks_samples_pricing_page_yaml_b485c84b4ef9_pass_2_len
openui_full_port_benchmarks_samples_pricing_page_yaml_b485c84b4ef9_pass_2_len:
  .quad 8594

# assembly pass: 3/4
  .globl openui_full_port_benchmarks_samples_pricing_page_yaml_b485c84b4ef9_pass_3
openui_full_port_benchmarks_samples_pricing_page_yaml_b485c84b4ef9_pass_3:
  .byte 0x72, 0x6f, 0x6f, 0x74, 0x3a, 0x20, 0x73, 0x74, 0x61, 0x63, 0x6b, 0x2d, 0x31, 0x0a, 0x65, 0x6c
  .byte 0x65, 0x6d, 0x65, 0x6e, 0x74, 0x73, 0x3a, 0x0a, 0x20, 0x20, 0x74, 0x65, 0x78, 0x74, 0x63, 0x6f
  .byte 0x6e, 0x74, 0x65, 0x6e, 0x74, 0x2d, 0x33, 0x3a, 0x0a, 0x20, 0x20, 0x20, 0x20, 0x74, 0x79, 0x70
  .byte 0x65, 0x3a, 0x20, 0x54, 0x65, 0x78, 0x74, 0x43, 0x6f, 0x6e, 0x74, 0x65, 0x6e, 0x74, 0x0a, 0x20
  .byte 0x20, 0x20, 0x20, 0x70, 0x72, 0x6f, 0x70, 0x73, 0x3a, 0x0a, 0x20, 0x20, 0x20, 0x20, 0x20, 0x20
  .byte 0x74, 0x65, 0x78, 0x74, 0x3a, 0x20, 0x50, 0x72, 0x69, 0x63, 0x69, 0x6e, 0x67, 0x0a, 0x20, 0x20
  .byte 0x20, 0x20, 0x20, 0x20, 0x73, 0x69, 0x7a, 0x65, 0x3a, 0x20, 0x6c, 0x61, 0x72, 0x67, 0x65, 0x2d
  .byte 0x68, 0x65, 0x61, 0x76, 0x79, 0x0a, 0x20, 0x20, 0x74, 0x65, 0x78, 0x74, 0x63, 0x6f, 0x6e, 0x74
  .byte 0x65, 0x6e, 0x74, 0x2d, 0x34, 0x3a, 0x0a, 0x20, 0x20, 0x20, 0x20, 0x74, 0x79, 0x70, 0x65, 0x3a
  .byte 0x20, 0x54, 0x65, 0x78, 0x74, 0x43, 0x6f, 0x6e, 0x74, 0x65, 0x6e, 0x74, 0x0a, 0x20, 0x20, 0x20
  .byte 0x20, 0x70, 0x72, 0x6f, 0x70, 0x73, 0x3a, 0x0a, 0x20, 0x20, 0x20, 0x20, 0x20, 0x20, 0x74, 0x65
  .byte 0x78, 0x74, 0x3a, 0x20, 0x43, 0x68, 0x6f, 0x6f, 0x73, 0x65, 0x20, 0x74, 0x68, 0x65, 0x20, 0x70
  .byte 0x6c, 0x61, 0x6e, 0x20, 0x74, 0x68, 0x61, 0x74, 0x20, 0x66, 0x69, 0x74, 0x73, 0x20, 0x79, 0x6f
  .byte 0x75, 0x72, 0x20, 0x74, 0x65, 0x61, 0x6d, 0x20, 0x74, 0x6f, 0x64, 0x61, 0x79, 0x2e, 0x20, 0x55
  .byte 0x70, 0x67, 0x72, 0x61, 0x64, 0x65, 0x2c, 0x20, 0x64, 0x6f, 0x77, 0x6e, 0x67, 0x72, 0x61, 0x64
  .byte 0x65, 0x2c, 0x20, 0x6f, 0x72, 0x20, 0x63, 0x61, 0x6e, 0x63, 0x65, 0x6c, 0x0a, 0x20, 0x20, 0x20
  .byte 0x20, 0x20, 0x20, 0x20, 0x20, 0x61, 0x6e, 0x79, 0x74, 0x69, 0x6d, 0x65, 0x2e, 0x0a, 0x20, 0x20
  .byte 0x20, 0x20, 0x20, 0x20, 0x73, 0x69, 0x7a, 0x65, 0x3a, 0x20, 0x64, 0x65, 0x66, 0x61, 0x75, 0x6c
  .byte 0x74, 0x0a, 0x20, 0x20, 0x74, 0x61, 0x67, 0x62, 0x6c, 0x6f, 0x63, 0x6b, 0x2d, 0x35, 0x3a, 0x0a
  .byte 0x20, 0x20, 0x20, 0x20, 0x74, 0x79, 0x70, 0x65, 0x3a, 0x20, 0x54, 0x61, 0x67, 0x42, 0x6c, 0x6f
  .byte 0x63, 0x6b, 0x0a, 0x20, 0x20, 0x20, 0x20, 0x70, 0x72, 0x6f, 0x70, 0x73, 0x3a, 0x0a, 0x20, 0x20
  .byte 0x20, 0x20, 0x20, 0x20, 0x74, 0x61, 0x67, 0x73, 0x3a, 0x0a, 0x20, 0x20, 0x20, 0x20, 0x20, 0x20
  .byte 0x20, 0x20, 0x2d, 0x20, 0x4d, 0x6f, 0x6e, 0x74, 0x68, 0x6c, 0x79, 0x20, 0x62, 0x69, 0x6c, 0x6c
  .byte 0x69, 0x6e, 0x67, 0x0a, 0x20, 0x20, 0x20, 0x20, 0x20, 0x20, 0x20, 0x20, 0x2d, 0x20, 0x41, 0x6e
  .byte 0x6e, 0x75, 0x61, 0x6c, 0x20, 0x64, 0x69, 0x73, 0x63, 0x6f, 0x75, 0x6e, 0x74, 0x73, 0x20, 0x61
  .byte 0x76, 0x61, 0x69, 0x6c, 0x61, 0x62, 0x6c, 0x65, 0x0a, 0x20, 0x20, 0x20, 0x20, 0x20, 0x20, 0x20
  .byte 0x20, 0x2d, 0x20, 0x4e, 0x6f, 0x20, 0x68, 0x69, 0x64, 0x64, 0x65, 0x6e, 0x20, 0x66, 0x65, 0x65
  .byte 0x73, 0x0a, 0x20, 0x20, 0x73, 0x74, 0x61, 0x63, 0x6b, 0x2d, 0x32, 0x3a, 0x0a, 0x20, 0x20, 0x20
  .byte 0x20, 0x74, 0x79, 0x70, 0x65, 0x3a, 0x20, 0x53, 0x74, 0x61, 0x63, 0x6b, 0x0a, 0x20, 0x20, 0x20
  .byte 0x20, 0x70, 0x72, 0x6f, 0x70, 0x73, 0x3a, 0x0a, 0x20, 0x20, 0x20, 0x20, 0x20, 0x20, 0x64, 0x69
  .byte 0x72, 0x65, 0x63, 0x74, 0x69, 0x6f, 0x6e, 0x3a, 0x20, 0x63, 0x6f, 0x6c, 0x75, 0x6d, 0x6e, 0x0a
  .byte 0x20, 0x20, 0x20, 0x20, 0x20, 0x20, 0x67, 0x61, 0x70, 0x3a, 0x20, 0x73, 0x0a, 0x20, 0x20, 0x20
  .byte 0x20, 0x63, 0x68, 0x69, 0x6c, 0x64, 0x72, 0x65, 0x6e, 0x3a, 0x0a, 0x20, 0x20, 0x20, 0x20, 0x20
  .byte 0x20, 0x2d, 0x20, 0x74, 0x65, 0x78, 0x74, 0x63, 0x6f, 0x6e, 0x74, 0x65, 0x6e, 0x74, 0x2d, 0x33
  .byte 0x0a, 0x20, 0x20, 0x20, 0x20, 0x20, 0x20, 0x2d, 0x20, 0x74, 0x65, 0x78, 0x74, 0x63, 0x6f, 0x6e
  .byte 0x74, 0x65, 0x6e, 0x74, 0x2d, 0x34, 0x0a, 0x20, 0x20, 0x20, 0x20, 0x20, 0x20, 0x2d, 0x20, 0x74
  .byte 0x61, 0x67, 0x62, 0x6c, 0x6f, 0x63, 0x6b, 0x2d, 0x35, 0x0a, 0x20, 0x20, 0x63, 0x61, 0x72, 0x64
  .byte 0x68, 0x65, 0x61, 0x64, 0x65, 0x72, 0x2d, 0x38, 0x3a, 0x0a, 0x20, 0x20, 0x20, 0x20, 0x74, 0x79
  .byte 0x70, 0x65, 0x3a, 0x20, 0x43, 0x61, 0x72, 0x64, 0x48, 0x65, 0x61, 0x64, 0x65, 0x72, 0x0a, 0x20
  .byte 0x20, 0x20, 0x20, 0x70, 0x72, 0x6f, 0x70, 0x73, 0x3a, 0x0a, 0x20, 0x20, 0x20, 0x20, 0x20, 0x20
  .byte 0x74, 0x69, 0x74, 0x6c, 0x65, 0x3a, 0x20, 0x42, 0x61, 0x73, 0x69, 0x63, 0x0a, 0x20, 0x20, 0x20
  .byte 0x20, 0x20, 0x20, 0x73, 0x75, 0x62, 0x74, 0x69, 0x74, 0x6c, 0x65, 0x3a, 0x20, 0x46, 0x6f, 0x72
  .byte 0x20, 0x69, 0x6e, 0x64, 0x69, 0x76, 0x69, 0x64, 0x75, 0x61, 0x6c, 0x73, 0x20, 0x61, 0x6e, 0x64
  .byte 0x20, 0x73, 0x6d, 0x61, 0x6c, 0x6c, 0x20, 0x70, 0x72, 0x6f, 0x6a, 0x65, 0x63, 0x74, 0x73, 0x0a
  .byte 0x20, 0x20, 0x74, 0x65, 0x78, 0x74, 0x63, 0x6f, 0x6e, 0x74, 0x65, 0x6e, 0x74, 0x2d, 0x39, 0x3a
  .byte 0x0a, 0x20, 0x20, 0x20, 0x20, 0x74, 0x79, 0x70, 0x65, 0x3a, 0x20, 0x54, 0x65, 0x78, 0x74, 0x43
  .byte 0x6f, 0x6e, 0x74, 0x65, 0x6e, 0x74, 0x0a, 0x20, 0x20, 0x20, 0x20, 0x70, 0x72, 0x6f, 0x70, 0x73
  .byte 0x3a, 0x0a, 0x20, 0x20, 0x20, 0x20, 0x20, 0x20, 0x74, 0x65, 0x78, 0x74, 0x3a, 0x20, 0x24, 0x31
  .byte 0x32, 0x20, 0x2f, 0x20, 0x6d, 0x6f, 0x6e, 0x74, 0x68, 0x0a, 0x20, 0x20, 0x20, 0x20, 0x20, 0x20
  .byte 0x73, 0x69, 0x7a, 0x65, 0x3a, 0x20, 0x6c, 0x61, 0x72, 0x67, 0x65, 0x2d, 0x68, 0x65, 0x61, 0x76
  .byte 0x79, 0x0a, 0x20, 0x20, 0x74, 0x65, 0x78, 0x74, 0x63, 0x6f, 0x6e, 0x74, 0x65, 0x6e, 0x74, 0x2d
  .byte 0x31, 0x30, 0x3a, 0x0a, 0x20, 0x20, 0x20, 0x20, 0x74, 0x79, 0x70, 0x65, 0x3a, 0x20, 0x54, 0x65
  .byte 0x78, 0x74, 0x43, 0x6f, 0x6e, 0x74, 0x65, 0x6e, 0x74, 0x0a, 0x20, 0x20, 0x20, 0x20, 0x70, 0x72
  .byte 0x6f, 0x70, 0x73, 0x3a, 0x0a, 0x20, 0x20, 0x20, 0x20, 0x20, 0x20, 0x74, 0x65, 0x78, 0x74, 0x3a
  .byte 0x20, 0x43, 0x6f, 0x72, 0x65, 0x20, 0x66, 0x65, 0x61, 0x74, 0x75, 0x72, 0x65, 0x73, 0x20, 0x74
  .byte 0x6f, 0x20, 0x67, 0x65, 0x74, 0x20, 0x73, 0x74, 0x61, 0x72, 0x74, 0x65, 0x64, 0x20, 0x77, 0x69
  .byte 0x74, 0x68, 0x20, 0x72, 0x65, 0x6c, 0x69, 0x61, 0x62, 0x6c, 0x65, 0x20, 0x65, 0x73, 0x73, 0x65
  .byte 0x6e, 0x74, 0x69, 0x61, 0x6c, 0x73, 0x2e, 0x0a, 0x20, 0x20, 0x20, 0x20, 0x20, 0x20, 0x73, 0x69
  .byte 0x7a, 0x65, 0x3a, 0x20, 0x64, 0x65, 0x66, 0x61, 0x75, 0x6c, 0x74, 0x0a, 0x20, 0x20, 0x74, 0x65
  .byte 0x78, 0x74, 0x63, 0x6f, 0x6e, 0x74, 0x65, 0x6e, 0x74, 0x2d, 0x31, 0x31, 0x3a, 0x0a, 0x20, 0x20
  .byte 0x20, 0x20, 0x74, 0x79, 0x70, 0x65, 0x3a, 0x20, 0x54, 0x65, 0x78, 0x74, 0x43, 0x6f, 0x6e, 0x74
  .byte 0x65, 0x6e, 0x74, 0x0a, 0x20, 0x20, 0x20, 0x20, 0x70, 0x72, 0x6f, 0x70, 0x73, 0x3a, 0x0a, 0x20
  .byte 0x20, 0x20, 0x20, 0x20, 0x20, 0x74, 0x65, 0x78, 0x74, 0x3a, 0x20, 0x22, 0x49, 0x6e, 0x63, 0x6c
  .byte 0x75, 0x64, 0x65, 0x73, 0x3a, 0x22, 0x0a, 0x20, 0x20, 0x20, 0x20, 0x20, 0x20, 0x73, 0x69, 0x7a
  .byte 0x65, 0x3a, 0x20, 0x73, 0x6d, 0x61, 0x6c, 0x6c, 0x2d, 0x68, 0x65, 0x61, 0x76, 0x79, 0x0a, 0x20
  .byte 0x20, 0x6d, 0x61, 0x72, 0x6b, 0x64, 0x6f, 0x77, 0x6e, 0x72, 0x65, 0x6e, 0x64, 0x65, 0x72, 0x65
  .byte 0x72, 0x2d, 0x31, 0x32, 0x3a, 0x0a, 0x20, 0x20, 0x20, 0x20, 0x74, 0x79, 0x70, 0x65, 0x3a, 0x20
  .byte 0x4d, 0x61, 0x72, 0x6b, 0x44, 0x6f, 0x77, 0x6e, 0x52, 0x65, 0x6e, 0x64, 0x65, 0x72, 0x65, 0x72
  .byte 0x0a, 0x20, 0x20, 0x20, 0x20, 0x70, 0x72, 0x6f, 0x70, 0x73, 0x3a, 0x0a, 0x20, 0x20, 0x20, 0x20
  .byte 0x20, 0x20, 0x74, 0x65, 0x78, 0x74, 0x4d, 0x61, 0x72, 0x6b, 0x64, 0x6f, 0x77, 0x6e, 0x3a, 0x20
  .byte 0x7c, 0x2d, 0x0a, 0x20, 0x20, 0x20, 0x20, 0x20, 0x20, 0x20, 0x20, 0x2d, 0x20, 0x31, 0x20, 0x77
  .byte 0x6f, 0x72, 0x6b, 0x73, 0x70, 0x61, 0x63, 0x65, 0x0a, 0x20, 0x20, 0x20, 0x20, 0x20, 0x20, 0x20
  .byte 0x20, 0x2d, 0x20, 0x55, 0x70, 0x20, 0x74, 0x6f, 0x20, 0x33, 0x20, 0x70, 0x72, 0x6f, 0x6a, 0x65
  .byte 0x63, 0x74, 0x73, 0x0a, 0x20, 0x20, 0x20, 0x20, 0x20, 0x20, 0x20, 0x20, 0x2d, 0x20, 0x35, 0x20
  .byte 0x47, 0x42, 0x20, 0x73, 0x74, 0x6f, 0x72, 0x61, 0x67, 0x65, 0x0a, 0x20, 0x20, 0x20, 0x20, 0x20
  .byte 0x20, 0x20, 0x20, 0x2d, 0x20, 0x43, 0x6f, 0x6d, 0x6d, 0x75, 0x6e, 0x69, 0x74, 0x79, 0x20, 0x73
  .byte 0x75, 0x70, 0x70, 0x6f, 0x72, 0x74, 0x0a, 0x20, 0x20, 0x20, 0x20, 0x20, 0x20, 0x20, 0x20, 0x2d
  .byte 0x20, 0x42, 0x61, 0x73, 0x69, 0x63, 0x20, 0x61, 0x6e, 0x61, 0x6c, 0x79, 0x74, 0x69, 0x63, 0x73
  .byte 0x0a, 0x20, 0x20, 0x20, 0x20, 0x20, 0x20, 0x76, 0x61, 0x72, 0x69, 0x61, 0x6e, 0x74, 0x3a, 0x20
  .byte 0x63, 0x6c, 0x65, 0x61, 0x72, 0x0a, 0x20, 0x20, 0x62, 0x75, 0x74, 0x74, 0x6f, 0x6e, 0x2d, 0x31
  .byte 0x34, 0x3a, 0x0a, 0x20, 0x20, 0x20, 0x20, 0x74, 0x79, 0x70, 0x65, 0x3a, 0x20, 0x42, 0x75, 0x74
  .byte 0x74, 0x6f, 0x6e, 0x0a, 0x20, 0x20, 0x20, 0x20, 0x70, 0x72, 0x6f, 0x70, 0x73, 0x3a, 0x0a, 0x20
  .byte 0x20, 0x20, 0x20, 0x20, 0x20, 0x6c, 0x61, 0x62, 0x65, 0x6c, 0x3a, 0x20, 0x53, 0x74, 0x61, 0x72
  .byte 0x74, 0x20, 0x42, 0x61, 0x73, 0x69, 0x63, 0x0a, 0x20, 0x20, 0x20, 0x20, 0x20, 0x20, 0x61, 0x63
  .byte 0x74, 0x69, 0x6f, 0x6e, 0x3a, 0x20, 0x61, 0x63, 0x74, 0x69, 0x6f, 0x6e, 0x3a, 0x73, 0x65, 0x6c
  .byte 0x65, 0x63, 0x74, 0x5f, 0x70, 0x6c, 0x61, 0x6e, 0x5f, 0x62, 0x61, 0x73, 0x69, 0x63, 0x0a, 0x20
  .byte 0x20, 0x20, 0x20, 0x20, 0x20, 0x76, 0x61, 0x72, 0x69, 0x61, 0x6e, 0x74, 0x3a, 0x20, 0x73, 0x65
  .byte 0x63, 0x6f, 0x6e, 0x64, 0x61, 0x72, 0x79, 0x0a, 0x20, 0x20, 0x62, 0x75, 0x74, 0x74, 0x6f, 0x6e
  .byte 0x2d, 0x31, 0x35, 0x3a, 0x0a, 0x20, 0x20, 0x20, 0x20, 0x74, 0x79, 0x70, 0x65, 0x3a, 0x20, 0x42
  .byte 0x75, 0x74, 0x74, 0x6f, 0x6e, 0x0a, 0x20, 0x20, 0x20, 0x20, 0x70, 0x72, 0x6f, 0x70, 0x73, 0x3a
  .byte 0x0a, 0x20, 0x20, 0x20, 0x20, 0x20, 0x20, 0x6c, 0x61, 0x62, 0x65, 0x6c, 0x3a, 0x20, 0x54, 0x72
  .byte 0x79, 0x20, 0x66, 0x72, 0x65, 0x65, 0x0a, 0x20, 0x20, 0x20, 0x20, 0x20, 0x20, 0x61, 0x63, 0x74
  .byte 0x69, 0x6f, 0x6e, 0x3a, 0x20, 0x61, 0x63, 0x74, 0x69, 0x6f, 0x6e, 0x3a, 0x74, 0x72, 0x69, 0x61
  .byte 0x6c, 0x5f, 0x62, 0x61, 0x73, 0x69, 0x63, 0x0a, 0x20, 0x20, 0x20, 0x20, 0x20, 0x20, 0x76, 0x61
  .byte 0x72, 0x69, 0x61, 0x6e, 0x74, 0x3a, 0x20, 0x74, 0x65, 0x72, 0x74, 0x69, 0x61, 0x72, 0x79, 0x0a
  .byte 0x20, 0x20, 0x62, 0x75, 0x74, 0x74, 0x6f, 0x6e, 0x73, 0x2d, 0x31, 0x33, 0x3a, 0x0a, 0x20, 0x20
  .byte 0x20, 0x20, 0x74, 0x79, 0x70, 0x65, 0x3a, 0x20, 0x42, 0x75, 0x74, 0x74, 0x6f, 0x6e, 0x73, 0x0a
  .byte 0x20, 0x20, 0x20, 0x20, 0x70, 0x72, 0x6f, 0x70, 0x73, 0x3a, 0x20, 0x7b, 0x7d, 0x0a, 0x20, 0x20
  .byte 0x20, 0x20, 0x63, 0x68, 0x69, 0x6c, 0x64, 0x72, 0x65, 0x6e, 0x3a, 0x0a, 0x20, 0x20, 0x20, 0x20
  .byte 0x20, 0x20, 0x2d, 0x20, 0x62, 0x75, 0x74, 0x74, 0x6f, 0x6e, 0x2d, 0x31, 0x34, 0x0a, 0x20, 0x20
  .byte 0x20, 0x20, 0x20, 0x20, 0x2d, 0x20, 0x62, 0x75, 0x74, 0x74, 0x6f, 0x6e, 0x2d, 0x31, 0x35, 0x0a
  .byte 0x20, 0x20, 0x63, 0x61, 0x72, 0x64, 0x2d, 0x37, 0x3a, 0x0a, 0x20, 0x20, 0x20, 0x20, 0x74, 0x79
  .byte 0x70, 0x65, 0x3a, 0x20, 0x43, 0x61, 0x72, 0x64, 0x0a, 0x20, 0x20, 0x20, 0x20, 0x70, 0x72, 0x6f
  .byte 0x70, 0x73, 0x3a, 0x0a, 0x20, 0x20, 0x20, 0x20, 0x20, 0x20, 0x76, 0x61, 0x72, 0x69, 0x61, 0x6e
  .byte 0x74, 0x3a, 0x20, 0x63, 0x61, 0x72, 0x64, 0x0a, 0x20, 0x20, 0x20, 0x20, 0x63, 0x68, 0x69, 0x6c
  .byte 0x64, 0x72, 0x65, 0x6e, 0x3a, 0x0a, 0x20, 0x20, 0x20, 0x20, 0x20, 0x20, 0x2d, 0x20, 0x63, 0x61
  .byte 0x72, 0x64, 0x68, 0x65, 0x61, 0x64, 0x65, 0x72, 0x2d, 0x38, 0x0a, 0x20, 0x20, 0x20, 0x20, 0x20
  .byte 0x20, 0x2d, 0x20, 0x74, 0x65, 0x78, 0x74, 0x63, 0x6f, 0x6e, 0x74, 0x65, 0x6e, 0x74, 0x2d, 0x39
  .byte 0x0a, 0x20, 0x20, 0x20, 0x20, 0x20, 0x20, 0x2d, 0x20, 0x74, 0x65, 0x78, 0x74, 0x63, 0x6f, 0x6e
  .byte 0x74, 0x65, 0x6e, 0x74, 0x2d, 0x31, 0x30, 0x0a, 0x20, 0x20, 0x20, 0x20, 0x20, 0x20, 0x2d, 0x20
  .byte 0x74, 0x65, 0x78, 0x74, 0x63, 0x6f, 0x6e, 0x74, 0x65, 0x6e, 0x74, 0x2d, 0x31, 0x31, 0x0a, 0x20
  .byte 0x20, 0x20, 0x20, 0x20, 0x20, 0x2d, 0x20, 0x6d, 0x61, 0x72, 0x6b, 0x64, 0x6f, 0x77, 0x6e, 0x72
  .byte 0x65, 0x6e, 0x64, 0x65, 0x72, 0x65, 0x72, 0x2d, 0x31, 0x32, 0x0a, 0x20, 0x20, 0x20, 0x20, 0x20
  .byte 0x20, 0x2d, 0x20, 0x62, 0x75, 0x74, 0x74, 0x6f, 0x6e, 0x73, 0x2d, 0x31, 0x33, 0x0a, 0x20, 0x20
  .byte 0x63, 0x61, 0x72, 0x64, 0x68, 0x65, 0x61, 0x64, 0x65, 0x72, 0x2d, 0x31, 0x37, 0x3a, 0x0a, 0x20
  .byte 0x20, 0x20, 0x20, 0x74, 0x79, 0x70, 0x65, 0x3a, 0x20, 0x43, 0x61, 0x72, 0x64, 0x48, 0x65, 0x61
  .byte 0x64, 0x65, 0x72, 0x0a, 0x20, 0x20, 0x20, 0x20, 0x70, 0x72, 0x6f, 0x70, 0x73, 0x3a, 0x0a, 0x20
  .byte 0x20, 0x20, 0x20, 0x20, 0x20, 0x74, 0x69, 0x74, 0x6c, 0x65, 0x3a, 0x20, 0x50, 0x72, 0x6f, 0x0a
  .byte 0x20, 0x20, 0x20, 0x20, 0x20, 0x20, 0x73, 0x75, 0x62, 0x74, 0x69, 0x74, 0x6c, 0x65, 0x3a, 0x20
  .byte 0x46, 0x6f, 0x72, 0x20, 0x67, 0x72, 0x6f, 0x77, 0x69, 0x6e, 0x67, 0x20, 0x74, 0x65, 0x61, 0x6d
  .byte 0x73, 0x20, 0x74, 0x68, 0x61, 0x74, 0x20, 0x6e, 0x65, 0x65, 0x64, 0x20, 0x6d, 0x6f, 0x72, 0x65
  .byte 0x20, 0x70, 0x6f, 0x77, 0x65, 0x72, 0x0a, 0x20, 0x20, 0x74, 0x65, 0x78, 0x74, 0x63, 0x6f, 0x6e
  .byte 0x74, 0x65, 0x6e, 0x74, 0x2d, 0x31, 0x38, 0x3a, 0x0a, 0x20, 0x20, 0x20, 0x20, 0x74, 0x79, 0x70
  .byte 0x65, 0x3a, 0x20, 0x54, 0x65, 0x78, 0x74, 0x43, 0x6f, 0x6e, 0x74, 0x65, 0x6e, 0x74, 0x0a, 0x20
  .byte 0x20, 0x20, 0x20, 0x70, 0x72, 0x6f, 0x70, 0x73, 0x3a, 0x0a, 0x20, 0x20, 0x20, 0x20, 0x20, 0x20
  .byte 0x74, 0x65, 0x78, 0x74, 0x3a, 0x20, 0x24, 0x32, 0x39, 0x20, 0x2f, 0x20, 0x6d, 0x6f, 0x6e, 0x74
  .byte 0x68, 0x0a, 0x20, 0x20, 0x20, 0x20, 0x20, 0x20, 0x73, 0x69, 0x7a, 0x65, 0x3a, 0x20, 0x6c, 0x61
  .byte 0x72, 0x67, 0x65, 0x2d, 0x68, 0x65, 0x61, 0x76, 0x79, 0x0a, 0x20, 0x20, 0x74, 0x65, 0x78, 0x74
  .byte 0x63, 0x6f, 0x6e, 0x74, 0x65, 0x6e, 0x74, 0x2d, 0x31, 0x39, 0x3a, 0x0a, 0x20, 0x20, 0x20, 0x20
  .byte 0x74, 0x79, 0x70, 0x65, 0x3a, 0x20, 0x54, 0x65, 0x78, 0x74, 0x43, 0x6f, 0x6e, 0x74, 0x65, 0x6e
  .byte 0x74, 0x0a, 0x20, 0x20, 0x20, 0x20, 0x70, 0x72, 0x6f, 0x70, 0x73, 0x3a, 0x0a, 0x20, 0x20, 0x20
  .byte 0x20, 0x20, 0x20, 0x74, 0x65, 0x78, 0x74, 0x3a, 0x20, 0x41, 0x64, 0x76, 0x61, 0x6e, 0x63, 0x65
  .byte 0x64, 0x20, 0x63, 0x6f, 0x6c, 0x6c, 0x61, 0x62, 0x6f, 0x72, 0x61, 0x74, 0x69, 0x6f, 0x6e, 0x2c
  .byte 0x20, 0x61, 0x75, 0x74, 0x6f, 0x6d, 0x61, 0x74, 0x69, 0x6f, 0x6e, 0x2c, 0x20, 0x61, 0x6e, 0x64
  .byte 0x20, 0x64, 0x65, 0x65, 0x70, 0x65, 0x72, 0x20, 0x69, 0x6e, 0x73, 0x69, 0x67, 0x68, 0x74, 0x73
  .byte 0x2e, 0x0a, 0x20, 0x20, 0x20, 0x20, 0x20, 0x20, 0x73, 0x69, 0x7a, 0x65, 0x3a, 0x20, 0x64, 0x65
  .byte 0x66, 0x61, 0x75, 0x6c, 0x74, 0x0a, 0x20, 0x20, 0x74, 0x65, 0x78, 0x74, 0x63, 0x6f, 0x6e, 0x74
  .byte 0x65, 0x6e, 0x74, 0x2d, 0x32, 0x30, 0x3a, 0x0a, 0x20, 0x20, 0x20, 0x20, 0x74, 0x79, 0x70, 0x65
  .byte 0x3a, 0x20, 0x54, 0x65, 0x78, 0x74, 0x43, 0x6f, 0x6e, 0x74, 0x65, 0x6e, 0x74, 0x0a, 0x20, 0x20
  .byte 0x20, 0x20, 0x70, 0x72, 0x6f, 0x70, 0x73, 0x3a, 0x0a, 0x20, 0x20, 0x20, 0x20, 0x20, 0x20, 0x74
  .byte 0x65, 0x78, 0x74, 0x3a, 0x20, 0x22, 0x45, 0x76, 0x65, 0x72, 0x79, 0x74, 0x68, 0x69, 0x6e, 0x67
  .byte 0x20, 0x69, 0x6e, 0x20, 0x42, 0x61, 0x73, 0x69, 0x63, 0x2c, 0x20, 0x70, 0x6c, 0x75, 0x73, 0x3a
  .byte 0x22, 0x0a, 0x20, 0x20, 0x20, 0x20, 0x20, 0x20, 0x73, 0x69, 0x7a, 0x65, 0x3a, 0x20, 0x73, 0x6d
  .byte 0x61, 0x6c, 0x6c, 0x2d, 0x68, 0x65, 0x61, 0x76, 0x79, 0x0a, 0x20, 0x20, 0x6d, 0x61, 0x72, 0x6b
  .byte 0x64, 0x6f, 0x77, 0x6e, 0x72, 0x65, 0x6e, 0x64, 0x65, 0x72, 0x65, 0x72, 0x2d, 0x32, 0x31, 0x3a
  .byte 0x0a, 0x20, 0x20, 0x20, 0x20, 0x74, 0x79, 0x70, 0x65, 0x3a, 0x20, 0x4d, 0x61, 0x72, 0x6b, 0x44
  .byte 0x6f, 0x77, 0x6e, 0x52, 0x65, 0x6e, 0x64, 0x65, 0x72, 0x65, 0x72, 0x0a, 0x20, 0x20, 0x20, 0x20
  .byte 0x70, 0x72, 0x6f, 0x70, 0x73, 0x3a, 0x0a, 0x20, 0x20, 0x20, 0x20, 0x20, 0x20, 0x74, 0x65, 0x78
  .byte 0x74, 0x4d, 0x61, 0x72, 0x6b, 0x64, 0x6f, 0x77, 0x6e, 0x3a, 0x20, 0x7c, 0x2d, 0x0a, 0x20, 0x20
  .byte 0x20, 0x20, 0x20, 0x20, 0x20, 0x20, 0x2d, 0x20, 0x35, 0x20, 0x77, 0x6f, 0x72, 0x6b, 0x73, 0x70
  .byte 0x61, 0x63, 0x65, 0x73, 0x0a, 0x20, 0x20, 0x20, 0x20, 0x20, 0x20, 0x20, 0x20, 0x2d, 0x20, 0x55
  .byte 0x6e, 0x6c, 0x69, 0x6d, 0x69, 0x74, 0x65, 0x64, 0x20, 0x70, 0x72, 0x6f, 0x6a, 0x65, 0x63, 0x74
  .byte 0x73, 0x0a, 0x20, 0x20, 0x20, 0x20, 0x20, 0x20, 0x20, 0x20, 0x2d, 0x20, 0x31, 0x30, 0x30, 0x20
  .byte 0x47, 0x42, 0x20, 0x73, 0x74, 0x6f, 0x72, 0x61, 0x67, 0x65, 0x0a, 0x20, 0x20, 0x20, 0x20, 0x20
  .byte 0x20, 0x20, 0x20, 0x2d, 0x20, 0x54, 0x65, 0x61, 0x6d, 0x20, 0x72, 0x6f, 0x6c, 0x65, 0x73, 0x20
  .byte 0x26, 0x20, 0x70, 0x65, 0x72, 0x6d, 0x69, 0x73, 0x73, 0x69, 0x6f, 0x6e, 0x73, 0x0a, 0x20, 0x20
  .byte 0x20, 0x20, 0x20, 0x20, 0x20, 0x20, 0x2d, 0x20, 0x41, 0x75, 0x74, 0x6f, 0x6d, 0x61, 0x74, 0x69
  .byte 0x6f, 0x6e, 0x73, 0x20, 0x28, 0x31, 0x2c, 0x30, 0x30, 0x30, 0x20, 0x72, 0x75, 0x6e, 0x73, 0x2f
  .byte 0x6d, 0x6f, 0x6e, 0x74, 0x68, 0x29, 0x0a, 0x20, 0x20, 0x20, 0x20, 0x20, 0x20, 0x20, 0x20, 0x2d
  .byte 0x20, 0x49, 0x6e, 0x74, 0x65, 0x67, 0x72, 0x61, 0x74, 0x69, 0x6f, 0x6e, 0x73, 0x20, 0x28, 0x53
  .byte 0x6c, 0x61, 0x63, 0x6b, 0x2c, 0x20, 0x47, 0x69, 0x74, 0x48, 0x75, 0x62, 0x2c, 0x20, 0x5a, 0x61
  .byte 0x70, 0x69, 0x65, 0x72, 0x29, 0x0a, 0x20, 0x20, 0x20, 0x20, 0x20, 0x20, 0x20, 0x20, 0x2d, 0x20
  .byte 0x50, 0x72, 0x69, 0x6f, 0x72, 0x69, 0x74, 0x79, 0x20, 0x65, 0x6d, 0x61, 0x69, 0x6c, 0x20, 0x73
  .byte 0x75, 0x70, 0x70, 0x6f, 0x72, 0x74, 0x0a, 0x20, 0x20, 0x20, 0x20, 0x20, 0x20, 0x76, 0x61, 0x72
  .byte 0x69, 0x61, 0x6e, 0x74, 0x3a, 0x20, 0x63, 0x6c, 0x65, 0x61, 0x72, 0x0a, 0x20, 0x20, 0x62, 0x75
  .byte 0x74, 0x74, 0x6f, 0x6e, 0x2d, 0x32, 0x33, 0x3a, 0x0a, 0x20, 0x20, 0x20, 0x20, 0x74, 0x79, 0x70
  .byte 0x65, 0x3a, 0x20, 0x42, 0x75, 0x74, 0x74, 0x6f, 0x6e, 0x0a, 0x20, 0x20, 0x20, 0x20, 0x70, 0x72
  .byte 0x6f, 0x70, 0x73, 0x3a, 0x0a, 0x20, 0x20, 0x20, 0x20, 0x20, 0x20, 0x6c, 0x61, 0x62, 0x65, 0x6c
  .byte 0x3a, 0x20, 0x43, 0x68, 0x6f, 0x6f, 0x73, 0x65, 0x20, 0x50, 0x72, 0x6f, 0x0a, 0x20, 0x20, 0x20
  .byte 0x20, 0x20, 0x20, 0x61, 0x63, 0x74, 0x69, 0x6f, 0x6e, 0x3a, 0x20, 0x61, 0x63, 0x74, 0x69, 0x6f
  .byte 0x6e, 0x3a, 0x73, 0x65, 0x6c, 0x65, 0x63, 0x74, 0x5f, 0x70, 0x6c, 0x61, 0x6e, 0x5f, 0x70, 0x72
  .byte 0x6f, 0x0a, 0x20, 0x20, 0x20, 0x20, 0x20, 0x20, 0x76, 0x61, 0x72, 0x69, 0x61, 0x6e, 0x74, 0x3a
  .byte 0x20, 0x70, 0x72, 0x69, 0x6d, 0x61, 0x72, 0x79, 0x0a, 0x20, 0x20, 0x62, 0x75, 0x74, 0x74, 0x6f
  .byte 0x6e, 0x2d, 0x32, 0x34, 0x3a, 0x0a, 0x20, 0x20, 0x20, 0x20, 0x74, 0x79, 0x70, 0x65, 0x3a, 0x20
  .byte 0x42, 0x75, 0x74, 0x74, 0x6f, 0x6e, 0x0a, 0x20, 0x20, 0x20, 0x20, 0x70, 0x72, 0x6f, 0x70, 0x73
  .byte 0x3a, 0x0a, 0x20, 0x20, 0x20, 0x20, 0x20, 0x20, 0x6c, 0x61, 0x62, 0x65, 0x6c, 0x3a, 0x20, 0x54
  .byte 0x72, 0x79, 0x20, 0x66, 0x72, 0x65, 0x65, 0x0a, 0x20, 0x20, 0x20, 0x20, 0x20, 0x20, 0x61, 0x63
  .byte 0x74, 0x69, 0x6f, 0x6e, 0x3a, 0x20, 0x61, 0x63, 0x74, 0x69, 0x6f, 0x6e, 0x3a, 0x74, 0x72, 0x69
  .byte 0x61, 0x6c, 0x5f, 0x70, 0x72, 0x6f, 0x0a, 0x20, 0x20, 0x20, 0x20, 0x20, 0x20, 0x76, 0x61, 0x72
  .byte 0x69, 0x61, 0x6e, 0x74, 0x3a, 0x20, 0x73, 0x65, 0x63, 0x6f, 0x6e, 0x64, 0x61, 0x72, 0x79, 0x0a
  .byte 0x20, 0x20, 0x62, 0x75, 0x74, 0x74, 0x6f, 0x6e, 0x73, 0x2d, 0x32, 0x32, 0x3a, 0x0a, 0x20, 0x20
  .byte 0x20, 0x20, 0x74, 0x79, 0x70, 0x65, 0x3a, 0x20, 0x42, 0x75, 0x74, 0x74, 0x6f, 0x6e, 0x73, 0x0a
  .byte 0x20, 0x20, 0x20, 0x20, 0x70, 0x72, 0x6f, 0x70, 0x73, 0x3a, 0x20, 0x7b, 0x7d, 0x0a, 0x20, 0x20
  .byte 0x20, 0x20, 0x63, 0x68, 0x69, 0x6c, 0x64, 0x72, 0x65, 0x6e, 0x3a, 0x0a, 0x20, 0x20, 0x20, 0x20
  .byte 0x20, 0x20, 0x2d, 0x20, 0x62, 0x75, 0x74, 0x74, 0x6f, 0x6e, 0x2d, 0x32, 0x33, 0x0a, 0x20, 0x20
  .byte 0x20, 0x20, 0x20, 0x20, 0x2d, 0x20, 0x62, 0x75, 0x74, 0x74, 0x6f, 0x6e, 0x2d, 0x32, 0x34, 0x0a
  .byte 0x20, 0x20, 0x63, 0x61, 0x6c, 0x6c, 0x6f, 0x75, 0x74, 0x2d, 0x32, 0x35, 0x3a, 0x0a, 0x20, 0x20
  .byte 0x20, 0x20, 0x74, 0x79, 0x70, 0x65, 0x3a, 0x20, 0x43, 0x61, 0x6c, 0x6c, 0x6f, 0x75, 0x74, 0x0a
  .byte 0x20, 0x20, 0x20, 0x20, 0x70, 0x72, 0x6f, 0x70, 0x73, 0x3a, 0x0a, 0x20, 0x20, 0x20, 0x20, 0x20
  .byte 0x20, 0x76, 0x61, 0x72, 0x69, 0x61, 0x6e, 0x74, 0x3a, 0x20, 0x73, 0x75, 0x63, 0x63, 0x65, 0x73
  .byte 0x73, 0x0a, 0x20, 0x20, 0x20, 0x20, 0x20, 0x20, 0x74, 0x69, 0x74, 0x6c, 0x65, 0x3a, 0x20, 0x4d
  .byte 0x6f, 0x73, 0x74, 0x20, 0x70, 0x6f, 0x70, 0x75, 0x6c, 0x61, 0x72, 0x0a, 0x20, 0x20, 0x20, 0x20
  .byte 0x20, 0x20, 0x64, 0x65, 0x73, 0x63, 0x72, 0x69, 0x70, 0x74, 0x69, 0x6f, 0x6e, 0x3a, 0x20, 0x42
  .byte 0x65, 0x73, 0x74, 0x20, 0x76, 0x61, 0x6c, 0x75, 0x65, 0x20, 0x66, 0x6f, 0x72, 0x20, 0x74, 0x65
  .byte 0x61, 0x6d, 0x73, 0x20, 0x74, 0x68, 0x61, 0x74, 0x20, 0x77, 0x61, 0x6e, 0x74, 0x20, 0x74, 0x6f
  .byte 0x20, 0x73, 0x63, 0x61, 0x6c, 0x65, 0x20, 0x77, 0x69, 0x74, 0x68, 0x6f, 0x75, 0x74, 0x20, 0x73
  .byte 0x77, 0x69, 0x74, 0x63, 0x68, 0x69, 0x6e, 0x67, 0x20, 0x74, 0x6f, 0x6f, 0x6c, 0x73, 0x20, 0x6c
  .byte 0x61, 0x74, 0x65, 0x72, 0x2e, 0x0a, 0x20, 0x20, 0x63, 0x61, 0x72, 0x64, 0x2d, 0x31, 0x36, 0x3a
  .byte 0x0a, 0x20, 0x20, 0x20, 0x20, 0x74, 0x79, 0x70, 0x65, 0x3a, 0x20, 0x43, 0x61, 0x72, 0x64, 0x0a
  .byte 0x20, 0x20, 0x20, 0x20, 0x70, 0x72, 0x6f, 0x70, 0x73, 0x3a, 0x0a, 0x20, 0x20, 0x20, 0x20, 0x20
  .byte 0x20, 0x76, 0x61, 0x72, 0x69, 0x61, 0x6e, 0x74, 0x3a, 0x20, 0x73, 0x75, 0x6e, 0x6b, 0x0a, 0x20
  .byte 0x20, 0x20, 0x20, 0x63, 0x68, 0x69, 0x6c, 0x64, 0x72, 0x65, 0x6e, 0x3a, 0x0a, 0x20, 0x20, 0x20
  .byte 0x20, 0x20, 0x20, 0x2d, 0x20, 0x63, 0x61, 0x72, 0x64, 0x68, 0x65, 0x61, 0x64, 0x65, 0x72, 0x2d
  .byte 0x31, 0x37, 0x0a, 0x20, 0x20, 0x20, 0x20, 0x20, 0x20, 0x2d, 0x20, 0x74, 0x65, 0x78, 0x74, 0x63
  .byte 0x6f, 0x6e, 0x74, 0x65, 0x6e, 0x74, 0x2d, 0x31, 0x38, 0x0a, 0x20, 0x20, 0x20, 0x20, 0x20, 0x20
  .byte 0x2d, 0x20, 0x74, 0x65, 0x78, 0x74, 0x63, 0x6f, 0x6e, 0x74, 0x65, 0x6e, 0x74, 0x2d, 0x31, 0x39
  .byte 0x0a, 0x20, 0x20, 0x20, 0x20, 0x20, 0x20, 0x2d, 0x20, 0x74, 0x65, 0x78, 0x74, 0x63, 0x6f, 0x6e
  .byte 0x74, 0x65, 0x6e, 0x74, 0x2d, 0x32, 0x30, 0x0a, 0x20, 0x20, 0x20, 0x20, 0x20, 0x20, 0x2d, 0x20
  .byte 0x6d, 0x61, 0x72, 0x6b, 0x64, 0x6f, 0x77, 0x6e, 0x72, 0x65, 0x6e, 0x64, 0x65, 0x72, 0x65, 0x72
  .byte 0x2d, 0x32, 0x31, 0x0a, 0x20, 0x20, 0x20, 0x20, 0x20, 0x20, 0x2d, 0x20, 0x62, 0x75, 0x74, 0x74
  .byte 0x6f, 0x6e, 0x73, 0x2d, 0x32, 0x32, 0x0a, 0x20, 0x20, 0x20, 0x20, 0x20, 0x20, 0x2d, 0x20, 0x63
  .byte 0x61, 0x6c, 0x6c, 0x6f, 0x75, 0x74, 0x2d, 0x32, 0x35, 0x0a, 0x20, 0x20, 0x63, 0x61, 0x72, 0x64
  .byte 0x68, 0x65, 0x61, 0x64, 0x65, 0x72, 0x2d, 0x32, 0x37, 0x3a, 0x0a, 0x20, 0x20, 0x20, 0x20, 0x74
  .byte 0x79, 0x70, 0x65, 0x3a, 0x20, 0x43, 0x61, 0x72, 0x64, 0x48, 0x65, 0x61, 0x64, 0x65, 0x72, 0x0a
  .byte 0x20, 0x20, 0x20, 0x20, 0x70, 0x72, 0x6f, 0x70, 0x73, 0x3a, 0x0a, 0x20, 0x20, 0x20, 0x20, 0x20
  .byte 0x20, 0x74, 0x69, 0x74, 0x6c, 0x65, 0x3a, 0x20, 0x45, 0x6e, 0x74, 0x65, 0x72, 0x70, 0x72, 0x69
  .byte 0x73, 0x65, 0x0a, 0x20, 0x20, 0x20, 0x20, 0x20, 0x20, 0x73, 0x75, 0x62, 0x74, 0x69, 0x74, 0x6c
  .byte 0x65, 0x3a, 0x20, 0x46, 0x6f, 0x72, 0x20, 0x6f, 0x72, 0x67, 0x61, 0x6e, 0x69, 0x7a, 0x61, 0x74
  .byte 0x69, 0x6f, 0x6e, 0x73, 0x20, 0x77, 0x69, 0x74, 0x68, 0x20, 0x61, 0x64, 0x76, 0x61, 0x6e, 0x63
  .byte 0x65, 0x64, 0x20, 0x73, 0x65, 0x63, 0x75, 0x72, 0x69, 0x74, 0x79, 0x20, 0x61, 0x6e, 0x64, 0x20
  .byte 0x73, 0x63, 0x61, 0x6c, 0x65, 0x0a, 0x20, 0x20, 0x74, 0x65, 0x78, 0x74, 0x63, 0x6f, 0x6e, 0x74
  .byte 0x65, 0x6e, 0x74, 0x2d, 0x32, 0x38, 0x3a, 0x0a, 0x20, 0x20, 0x20, 0x20, 0x74, 0x79, 0x70, 0x65
  .byte 0x3a, 0x20, 0x54, 0x65, 0x78, 0x74, 0x43, 0x6f, 0x6e, 0x74, 0x65, 0x6e, 0x74, 0x0a, 0x20, 0x20
  .byte 0x20, 0x20, 0x70, 0x72, 0x6f, 0x70, 0x73, 0x3a, 0x0a, 0x20, 0x20, 0x20, 0x20, 0x20, 0x20, 0x74
  .byte 0x65, 0x78, 0x74, 0x3a, 0x20, 0x43, 0x75, 0x73, 0x74, 0x6f, 0x6d, 0x20, 0x70, 0x72, 0x69, 0x63
  .byte 0x69, 0x6e, 0x67, 0x0a, 0x20, 0x20, 0x20, 0x20, 0x20, 0x20, 0x73, 0x69, 0x7a, 0x65, 0x3a, 0x20
  .byte 0x6c, 0x61, 0x72, 0x67, 0x65, 0x2d, 0x68, 0x65, 0x61, 0x76, 0x79, 0x0a, 0x20, 0x20, 0x74, 0x65
  .byte 0x78, 0x74, 0x63, 0x6f, 0x6e, 0x74, 0x65, 0x6e, 0x74, 0x2d, 0x32, 0x39, 0x3a, 0x0a, 0x20, 0x20
  .byte 0x20, 0x20, 0x74, 0x79, 0x70, 0x65, 0x3a, 0x20, 0x54, 0x65, 0x78, 0x74, 0x43, 0x6f, 0x6e, 0x74
  .byte 0x65, 0x6e, 0x74, 0x0a, 0x20, 0x20, 0x20, 0x20, 0x70, 0x72, 0x6f, 0x70, 0x73, 0x3a, 0x0a, 0x20
  .byte 0x20, 0x20, 0x20, 0x20, 0x20, 0x74, 0x65, 0x78, 0x74, 0x3a, 0x20, 0x53, 0x65, 0x63, 0x75, 0x72
  .byte 0x69, 0x74, 0x79, 0x2c, 0x20, 0x63, 0x6f, 0x6d, 0x70, 0x6c, 0x69, 0x61, 0x6e, 0x63, 0x65, 0x2c
  .byte 0x20, 0x61, 0x6e, 0x64, 0x20, 0x64, 0x65, 0x64, 0x69, 0x63, 0x61, 0x74, 0x65, 0x64, 0x20, 0x73
  .byte 0x75, 0x70, 0x70, 0x6f, 0x72, 0x74, 0x20, 0x74, 0x61, 0x69, 0x6c, 0x6f, 0x72, 0x65, 0x64, 0x20
  .byte 0x74, 0x6f, 0x20, 0x79, 0x6f, 0x75, 0x72, 0x20, 0x6e, 0x65, 0x65, 0x64, 0x73, 0x2e, 0x0a, 0x20
  .byte 0x20, 0x20, 0x20, 0x20, 0x20, 0x73, 0x69, 0x7a, 0x65, 0x3a, 0x20, 0x64, 0x65, 0x66, 0x61, 0x75
  .byte 0x6c, 0x74, 0x0a, 0x20, 0x20, 0x74, 0x65, 0x78, 0x74, 0x63, 0x6f, 0x6e, 0x74, 0x65, 0x6e, 0x74
  .byte 0x2d, 0x33, 0x30, 0x3a, 0x0a, 0x20, 0x20, 0x20, 0x20, 0x74, 0x79, 0x70, 0x65, 0x3a, 0x20, 0x54
  .byte 0x65, 0x78, 0x74, 0x43, 0x6f, 0x6e, 0x74, 0x65, 0x6e, 0x74, 0x0a, 0x20, 0x20, 0x20, 0x20, 0x70
  .byte 0x72, 0x6f, 0x70, 0x73, 0x3a, 0x0a, 0x20, 0x20, 0x20, 0x20, 0x20, 0x20, 0x74, 0x65, 0x78, 0x74
  .byte 0x3a, 0x20, 0x22, 0x45, 0x76, 0x65, 0x72, 0x79, 0x74, 0x68, 0x69, 0x6e, 0x67, 0x20, 0x69, 0x6e
  .byte 0x20, 0x50, 0x72, 0x6f, 0x2c, 0x20, 0x70, 0x6c, 0x75, 0x73, 0x3a, 0x22, 0x0a, 0x20, 0x20, 0x20
  .byte 0x20, 0x20, 0x20, 0x73, 0x69, 0x7a, 0x65, 0x3a, 0x20, 0x73, 0x6d, 0x61, 0x6c, 0x6c, 0x2d, 0x68
  .byte 0x65, 0x61, 0x76, 0x79, 0x0a, 0x20, 0x20, 0x6d, 0x61, 0x72, 0x6b, 0x64, 0x6f, 0x77, 0x6e, 0x72
  .byte 0x65, 0x6e, 0x64, 0x65, 0x72, 0x65, 0x72, 0x2d, 0x33, 0x31, 0x3a, 0x0a, 0x20, 0x20, 0x20, 0x20
  .byte 0x74, 0x79, 0x70, 0x65, 0x3a, 0x20, 0x4d, 0x61, 0x72, 0x6b, 0x44, 0x6f, 0x77, 0x6e, 0x52, 0x65
  .byte 0x6e, 0x64, 0x65, 0x72, 0x65, 0x72, 0x0a, 0x20, 0x20, 0x20, 0x20, 0x70, 0x72, 0x6f, 0x70, 0x73
  .byte 0x3a, 0x0a, 0x20, 0x20, 0x20, 0x20, 0x20, 0x20, 0x74, 0x65, 0x78, 0x74, 0x4d, 0x61, 0x72, 0x6b
  .byte 0x64, 0x6f, 0x77, 0x6e, 0x3a, 0x20, 0x7c, 0x2d, 0x0a, 0x20, 0x20, 0x20, 0x20, 0x20, 0x20, 0x20
  .byte 0x20, 0x2d, 0x20, 0x55, 0x6e, 0x6c, 0x69, 0x6d, 0x69, 0x74, 0x65, 0x64, 0x20, 0x77, 0x6f, 0x72
  .byte 0x6b, 0x73, 0x70, 0x61, 0x63, 0x65, 0x73, 0x0a, 0x20, 0x20, 0x20, 0x20, 0x20, 0x20, 0x20, 0x20
  .byte 0x2d, 0x20, 0x55, 0x6e, 0x6c, 0x69, 0x6d, 0x69, 0x74, 0x65, 0x64, 0x20, 0x73, 0x74, 0x6f, 0x72
  .byte 0x61, 0x67, 0x65, 0x20, 0x28, 0x66, 0x61, 0x69, 0x72, 0x20, 0x75, 0x73, 0x65, 0x29, 0x0a, 0x20
  .byte 0x20, 0x20, 0x20, 0x20, 0x20, 0x20, 0x20, 0x2d, 0x20, 0x53, 0x53, 0x4f, 0x2f, 0x53, 0x41, 0x4d
  .byte 0x4c, 0x20, 0x26, 0x20, 0x53, 0x43, 0x49, 0x4d, 0x20, 0x70, 0x72, 0x6f, 0x76, 0x69, 0x73, 0x69
  .byte 0x6f, 0x6e, 0x69, 0x6e, 0x67, 0x0a, 0x20, 0x20, 0x20, 0x20, 0x20, 0x20, 0x20, 0x20, 0x2d, 0x20
  .byte 0x41, 0x75, 0x64, 0x69, 0x74, 0x20, 0x6c, 0x6f, 0x67, 0x73, 0x20, 0x26, 0x20, 0x64, 0x61, 0x74
  .byte 0x61, 0x20, 0x72, 0x65, 0x74, 0x65, 0x6e, 0x74, 0x69, 0x6f, 0x6e, 0x20, 0x63, 0x6f, 0x6e, 0x74
  .byte 0x72, 0x6f, 0x6c, 0x73, 0x0a, 0x20, 0x20, 0x20, 0x20, 0x20, 0x20, 0x20, 0x20, 0x2d, 0x20, 0x44
  .byte 0x65, 0x64, 0x69, 0x63, 0x61, 0x74, 0x65, 0x64, 0x20, 0x73, 0x75, 0x63, 0x63, 0x65, 0x73, 0x73
  .byte 0x20, 0x6d, 0x61, 0x6e, 0x61, 0x67, 0x65, 0x72, 0x0a, 0x20, 0x20, 0x20, 0x20, 0x20, 0x20, 0x20
  .byte 0x20, 0x2d, 0x20, 0x39, 0x39, 0x2e, 0x39, 0x25, 0x20, 0x75, 0x70, 0x74, 0x69, 0x6d, 0x65, 0x20
  .byte 0x53, 0x4c, 0x41, 0x0a, 0x20, 0x20, 0x20, 0x20, 0x20, 0x20, 0x20, 0x20, 0x2d, 0x20, 0x43, 0x75
  .byte 0x73, 0x74, 0x6f, 0x6d, 0x20, 0x6c, 0x65, 0x67, 0x61, 0x6c, 0x20, 0x26, 0x20, 0x69, 0x6e, 0x76
  .byte 0x6f, 0x69, 0x63, 0x69, 0x6e, 0x67, 0x0a, 0x20, 0x20, 0x20, 0x20, 0x20, 0x20, 0x76, 0x61, 0x72
  .byte 0x69, 0x61, 0x6e, 0x74, 0x3a, 0x20, 0x63, 0x6c, 0x65, 0x61, 0x72, 0x0a, 0x20, 0x20, 0x62, 0x75
  .byte 0x74, 0x74, 0x6f, 0x6e, 0x2d, 0x33, 0x33, 0x3a, 0x0a, 0x20, 0x20, 0x20, 0x20, 0x74, 0x79, 0x70
  .byte 0x65, 0x3a, 0x20, 0x42, 0x75, 0x74, 0x74, 0x6f, 0x6e, 0x0a, 0x20, 0x20, 0x20, 0x20, 0x70, 0x72
  .byte 0x6f, 0x70, 0x73, 0x3a, 0x0a, 0x20, 0x20, 0x20, 0x20, 0x20, 0x20, 0x6c, 0x61, 0x62, 0x65, 0x6c
  .byte 0x3a, 0x20, 0x43, 0x6f, 0x6e, 0x74, 0x61, 0x63, 0x74, 0x20, 0x73, 0x61, 0x6c, 0x65, 0x73, 0x0a
  .byte 0x20, 0x20, 0x20, 0x20, 0x20, 0x20, 0x61, 0x63, 0x74, 0x69, 0x6f, 0x6e, 0x3a, 0x20, 0x61, 0x63
  .byte 0x74, 0x69, 0x6f, 0x6e, 0x3a, 0x63, 0x6f, 0x6e, 0x74, 0x61, 0x63, 0x74, 0x5f, 0x73, 0x61, 0x6c
  .byte 0x65, 0x73, 0x5f, 0x65, 0x6e, 0x74, 0x65, 0x72, 0x70, 0x72, 0x69, 0x73, 0x65, 0x0a, 0x20, 0x20
  .byte 0x20, 0x20, 0x20, 0x20, 0x76, 0x61, 0x72, 0x69, 0x61, 0x6e, 0x74, 0x3a, 0x20, 0x70, 0x72, 0x69
  .byte 0x6d, 0x61, 0x72, 0x79, 0x0a, 0x20, 0x20, 0x62, 0x75, 0x74, 0x74, 0x6f, 0x6e, 0x2d, 0x33, 0x34
  .byte 0x3a, 0x0a, 0x20, 0x20, 0x20, 0x20, 0x74, 0x79, 0x70, 0x65, 0x3a, 0x20, 0x42, 0x75, 0x74, 0x74
  .byte 0x6f, 0x6e, 0x0a, 0x20, 0x20, 0x20, 0x20, 0x70, 0x72, 0x6f, 0x70, 0x73, 0x3a, 0x0a, 0x20, 0x20
  .byte 0x20, 0x20, 0x20, 0x20, 0x6c, 0x61, 0x62, 0x65, 0x6c, 0x3a, 0x20, 0x52, 0x65, 0x71, 0x75, 0x65
  .byte 0x73, 0x74, 0x20, 0x64, 0x65, 0x6d, 0x6f, 0x0a, 0x20, 0x20, 0x20, 0x20, 0x20, 0x20, 0x61, 0x63
  .byte 0x74, 0x69, 0x6f, 0x6e, 0x3a, 0x20, 0x61, 0x63, 0x74, 0x69, 0x6f, 0x6e, 0x3a, 0x72, 0x65, 0x71
  .byte 0x75, 0x65, 0x73, 0x74, 0x5f, 0x64, 0x65, 0x6d, 0x6f, 0x5f, 0x65, 0x6e, 0x74, 0x65, 0x72, 0x70
  .byte 0x72, 0x69, 0x73, 0x65, 0x0a, 0x20, 0x20, 0x20, 0x20, 0x20, 0x20, 0x76, 0x61, 0x72, 0x69, 0x61
  .byte 0x6e, 0x74, 0x3a, 0x20, 0x73, 0x65, 0x63, 0x6f, 0x6e, 0x64, 0x61, 0x72, 0x79, 0x0a, 0x20, 0x20
  .byte 0x62, 0x75, 0x74, 0x74, 0x6f, 0x6e, 0x73, 0x2d, 0x33, 0x32, 0x3a, 0x0a, 0x20, 0x20, 0x20, 0x20
  .byte 0x74, 0x79, 0x70, 0x65, 0x3a, 0x20, 0x42, 0x75, 0x74, 0x74, 0x6f, 0x6e, 0x73, 0x0a, 0x20, 0x20
  .byte 0x20, 0x20, 0x70, 0x72, 0x6f, 0x70, 0x73, 0x3a, 0x20, 0x7b, 0x7d, 0x0a, 0x20, 0x20, 0x20, 0x20
  .byte 0x63, 0x68, 0x69, 0x6c, 0x64, 0x72, 0x65, 0x6e, 0x3a, 0x0a, 0x20, 0x20, 0x20, 0x20, 0x20, 0x20
  .byte 0x2d, 0x20, 0x62, 0x75, 0x74, 0x74, 0x6f, 0x6e, 0x2d, 0x33, 0x33, 0x0a, 0x20, 0x20, 0x20, 0x20
  .byte 0x20, 0x20, 0x2d, 0x20, 0x62, 0x75, 0x74, 0x74, 0x6f, 0x6e, 0x2d, 0x33, 0x34, 0x0a, 0x20, 0x20
  .byte 0x74, 0x65, 0x78, 0x74, 0x63, 0x61, 0x6c, 0x6c, 0x6f, 0x75, 0x74, 0x2d, 0x33, 0x35, 0x3a, 0x0a
  .byte 0x20, 0x20, 0x20, 0x20, 0x74, 0x79, 0x70, 0x65, 0x3a, 0x20, 0x54, 0x65, 0x78, 0x74, 0x43, 0x61
  .byte 0x6c, 0x6c, 0x6f, 0x75, 0x74, 0x0a, 0x20, 0x20, 0x20, 0x20, 0x70, 0x72, 0x6f, 0x70, 0x73, 0x3a
  .byte 0x0a, 0x20, 0x20, 0x20, 0x20, 0x20, 0x20, 0x76, 0x61, 0x72, 0x69, 0x61, 0x6e, 0x74, 0x3a, 0x20
  .byte 0x6e, 0x65, 0x75, 0x74, 0x72, 0x61, 0x6c, 0x0a, 0x20, 0x20, 0x20, 0x20, 0x20, 0x20, 0x74, 0x69
  .byte 0x74, 0x6c, 0x65, 0x3a, 0x20, 0x4e, 0x65, 0x65, 0x64, 0x20, 0x70, 0x72, 0x6f, 0x63, 0x75, 0x72
  .byte 0x65, 0x6d, 0x65, 0x6e, 0x74, 0x20, 0x73, 0x75, 0x70, 0x70, 0x6f, 0x72, 0x74, 0x3f, 0x0a, 0x20
  .byte 0x20, 0x20, 0x20, 0x20, 0x20, 0x64, 0x65, 0x73, 0x63, 0x72, 0x69, 0x70, 0x74, 0x69, 0x6f, 0x6e
  .byte 0x3a, 0x20, 0x57, 0x65, 0x20, 0x63, 0x61, 0x6e, 0x20, 0x70, 0x72, 0x6f, 0x76, 0x69, 0x64, 0x65
  .byte 0x20, 0x73, 0x65, 0x63, 0x75, 0x72, 0x69, 0x74, 0x79, 0x20, 0x64, 0x6f, 0x63, 0x73, 0x2c, 0x20
  .byte 0x76, 0x65, 0x6e, 0x64, 0x6f, 0x72, 0x20, 0x6f, 0x6e, 0x62, 0x6f, 0x61, 0x72, 0x64, 0x69, 0x6e
  .byte 0x67, 0x2c, 0x20, 0x61, 0x6e, 0x64, 0x20, 0x63, 0x75, 0x73, 0x74, 0x6f, 0x6d, 0x20, 0x74, 0x65
  .byte 0x72, 0x6d, 0x73, 0x2e, 0x0a, 0x20, 0x20, 0x63, 0x61, 0x72, 0x64, 0x2d, 0x32, 0x36, 0x3a, 0x0a
  .byte 0x20, 0x20, 0x20, 0x20, 0x74, 0x79, 0x70, 0x65, 0x3a, 0x20, 0x43, 0x61, 0x72, 0x64, 0x0a, 0x20
  .byte 0x20, 0x20, 0x20, 0x70, 0x72, 0x6f, 0x70, 0x73, 0x3a, 0x0a, 0x20, 0x20, 0x20, 0x20, 0x20, 0x20
  .byte 0x76, 0x61, 0x72, 0x69, 0x61, 0x6e, 0x74, 0x3a, 0x20, 0x63, 0x61, 0x72, 0x64, 0x0a, 0x20, 0x20
  .byte 0x20, 0x20, 0x63, 0x68, 0x69, 0x6c, 0x64, 0x72, 0x65, 0x6e, 0x3a, 0x0a, 0x20, 0x20, 0x20, 0x20
  .byte 0x20, 0x20, 0x2d, 0x20, 0x63, 0x61, 0x72, 0x64, 0x68, 0x65, 0x61, 0x64, 0x65, 0x72, 0x2d, 0x32
  .byte 0x37, 0x0a, 0x20, 0x20, 0x20, 0x20, 0x20, 0x20, 0x2d, 0x20, 0x74, 0x65, 0x78, 0x74, 0x63, 0x6f
  .byte 0x6e, 0x74, 0x65, 0x6e, 0x74, 0x2d, 0x32, 0x38, 0x0a, 0x20, 0x20, 0x20, 0x20, 0x20, 0x20, 0x2d
  .byte 0x20, 0x74, 0x65, 0x78, 0x74, 0x63, 0x6f, 0x6e, 0x74, 0x65, 0x6e, 0x74, 0x2d, 0x32, 0x39, 0x0a
  .byte 0x20, 0x20, 0x20, 0x20, 0x20, 0x20, 0x2d, 0x20, 0x74, 0x65, 0x78, 0x74, 0x63, 0x6f, 0x6e, 0x74
  .byte 0x65, 0x6e, 0x74, 0x2d, 0x33, 0x30, 0x0a, 0x20, 0x20, 0x20, 0x20, 0x20, 0x20, 0x2d, 0x20, 0x6d
  .byte 0x61, 0x72, 0x6b, 0x64, 0x6f, 0x77, 0x6e, 0x72, 0x65, 0x6e, 0x64, 0x65, 0x72, 0x65, 0x72, 0x2d
  .byte 0x33, 0x31, 0x0a, 0x20, 0x20, 0x20, 0x20, 0x20, 0x20, 0x2d, 0x20, 0x62, 0x75, 0x74, 0x74, 0x6f
  .byte 0x6e, 0x73, 0x2d, 0x33, 0x32, 0x0a, 0x20, 0x20, 0x20, 0x20, 0x20, 0x20, 0x2d, 0x20, 0x74, 0x65
  .byte 0x78, 0x74, 0x63, 0x61, 0x6c, 0x6c, 0x6f, 0x75, 0x74, 0x2d, 0x33, 0x35, 0x0a, 0x20, 0x20, 0x73
  .byte 0x74, 0x61, 0x63, 0x6b, 0x2d, 0x36, 0x3a, 0x0a, 0x20, 0x20, 0x20, 0x20, 0x74, 0x79, 0x70, 0x65
  .byte 0x3a, 0x20, 0x53, 0x74, 0x61, 0x63, 0x6b, 0x0a, 0x20, 0x20, 0x20, 0x20, 0x70, 0x72, 0x6f, 0x70
  .byte 0x73, 0x3a, 0x0a, 0x20, 0x20, 0x20, 0x20, 0x20, 0x20, 0x64, 0x69, 0x72, 0x65, 0x63, 0x74, 0x69
  .byte 0x6f, 0x6e, 0x3a, 0x20, 0x72, 0x6f, 0x77, 0x0a, 0x20, 0x20, 0x20, 0x20, 0x20, 0x20, 0x67, 0x61
  .byte 0x70, 0x3a, 0x20, 0x6c, 0x0a, 0x20, 0x20, 0x20, 0x20, 0x20, 0x20, 0x61, 0x6c, 0x69, 0x67, 0x6e
  .byte 0x3a, 0x20, 0x73, 0x74, 0x72, 0x65, 0x74, 0x63, 0x68, 0x0a, 0x20, 0x20, 0x20, 0x20, 0x20, 0x20
  .byte 0x6a, 0x75, 0x73, 0x74, 0x69, 0x66, 0x79, 0x3a, 0x20, 0x73, 0x74, 0x61, 0x72, 0x74, 0x0a, 0x20
  .byte 0x20, 0x20, 0x20, 0x20, 0x20, 0x77, 0x72, 0x61, 0x70, 0x3a, 0x20, 0x74, 0x72, 0x75, 0x65, 0x0a
  .byte 0x20, 0x20, 0x20, 0x20, 0x63, 0x68, 0x69, 0x6c, 0x64, 0x72, 0x65, 0x6e, 0x3a, 0x0a, 0x20, 0x20
  .byte 0x20, 0x20, 0x20, 0x20, 0x2d, 0x20, 0x63, 0x61, 0x72, 0x64, 0x2d, 0x37, 0x0a, 0x20, 0x20, 0x20
  .byte 0x20, 0x20, 0x20, 0x2d, 0x20, 0x63, 0x61, 0x72, 0x64, 0x2d, 0x31, 0x36, 0x0a, 0x20, 0x20, 0x20
  .byte 0x20, 0x20, 0x20, 0x2d, 0x20, 0x63, 0x61, 0x72, 0x64, 0x2d, 0x32, 0x36, 0x0a, 0x20, 0x20, 0x74
  .byte 0x65, 0x78, 0x74, 0x63, 0x6f, 0x6e, 0x74, 0x65, 0x6e, 0x74, 0x2d, 0x33, 0x36, 0x3a, 0x0a, 0x20
  .byte 0x20, 0x20, 0x20, 0x74, 0x79, 0x70, 0x65, 0x3a, 0x20, 0x54, 0x65, 0x78, 0x74, 0x43, 0x6f, 0x6e
  .byte 0x74, 0x65, 0x6e, 0x74, 0x0a, 0x20, 0x20, 0x20, 0x20, 0x70, 0x72, 0x6f, 0x70, 0x73, 0x3a, 0x0a
  .byte 0x20, 0x20, 0x20, 0x20, 0x20, 0x20, 0x74, 0x65, 0x78, 0x74, 0x3a, 0x20, 0x46, 0x65, 0x61, 0x74
  .byte 0x75, 0x72, 0x65, 0x20, 0x63, 0x6f, 0x6d, 0x70, 0x61, 0x72, 0x69, 0x73, 0x6f, 0x6e, 0x0a, 0x20
  .byte 0x20, 0x20, 0x20, 0x20, 0x20, 0x73, 0x69, 0x7a, 0x65, 0x3a, 0x20, 0x6c, 0x61, 0x72, 0x67, 0x65
  .byte 0x2d, 0x68, 0x65, 0x61, 0x76, 0x79, 0x0a, 0x20, 0x20, 0x63, 0x6f, 0x6c, 0x2d, 0x33, 0x38, 0x3a
  .byte 0x0a, 0x20, 0x20, 0x20, 0x20, 0x74, 0x79, 0x70, 0x65, 0x3a, 0x20, 0x43, 0x6f, 0x6c, 0x0a, 0x20
  .byte 0x20, 0x20, 0x20, 0x70, 0x72, 0x6f, 0x70, 0x73, 0x3a, 0x0a, 0x20, 0x20, 0x20, 0x20, 0x20, 0x20
  .byte 0x6c, 0x61, 0x62, 0x65, 0x6c, 0x3a, 0x20, 0x46, 0x65, 0x61, 0x74, 0x75, 0x72, 0x65, 0x0a, 0x20
  .byte 0x20, 0x20, 0x20, 0x20, 0x20, 0x74, 0x79, 0x70, 0x65, 0x3a, 0x20, 0x73, 0x74, 0x72, 0x69, 0x6e
  .byte 0x67, 0x0a, 0x20, 0x20, 0x63, 0x6f, 0x6c, 0x2d, 0x33, 0x39, 0x3a, 0x0a, 0x20, 0x20, 0x20, 0x20
  .byte 0x74, 0x79, 0x70, 0x65, 0x3a, 0x20, 0x43, 0x6f, 0x6c, 0x0a, 0x20, 0x20, 0x20, 0x20, 0x70, 0x72
  .byte 0x6f, 0x70, 0x73, 0x3a, 0x0a, 0x20, 0x20, 0x20, 0x20, 0x20, 0x20, 0x6c, 0x61, 0x62, 0x65, 0x6c
  .byte 0x3a, 0x20, 0x42, 0x61, 0x73, 0x69, 0x63, 0x0a, 0x20, 0x20, 0x20, 0x20, 0x20, 0x20, 0x74, 0x79
  .byte 0x70, 0x65, 0x3a, 0x20, 0x73, 0x74, 0x72, 0x69, 0x6e, 0x67, 0x0a, 0x20, 0x20, 0x63, 0x6f, 0x6c
  .byte 0x2d, 0x34, 0x30, 0x3a, 0x0a, 0x20, 0x20, 0x20, 0x20, 0x74, 0x79, 0x70, 0x65, 0x3a, 0x20, 0x43
  .byte 0x6f, 0x6c, 0x0a, 0x20, 0x20, 0x20, 0x20, 0x70, 0x72, 0x6f, 0x70, 0x73, 0x3a, 0x0a, 0x20, 0x20
  .byte 0x20, 0x20, 0x20, 0x20, 0x6c, 0x61, 0x62, 0x65, 0x6c, 0x3a, 0x20, 0x50, 0x72, 0x6f, 0x0a, 0x20
  .byte 0x20, 0x20, 0x20, 0x20, 0x20, 0x74, 0x79, 0x70, 0x65, 0x3a, 0x20, 0x73, 0x74, 0x72, 0x69, 0x6e
  .byte 0x67, 0x0a, 0x20, 0x20, 0x63, 0x6f, 0x6c, 0x2d, 0x34, 0x31, 0x3a, 0x0a, 0x20, 0x20, 0x20, 0x20
  .byte 0x74, 0x79, 0x70, 0x65, 0x3a, 0x20, 0x43, 0x6f, 0x6c, 0x0a, 0x20, 0x20, 0x20, 0x20, 0x70, 0x72
  .byte 0x6f, 0x70, 0x73, 0x3a, 0x0a, 0x20, 0x20, 0x20, 0x20, 0x20, 0x20, 0x6c, 0x61, 0x62, 0x65, 0x6c
  .byte 0x3a, 0x20, 0x45, 0x6e, 0x74, 0x65, 0x72, 0x70, 0x72, 0x69, 0x73, 0x65, 0x0a, 0x20, 0x20, 0x20
  .byte 0x20, 0x20, 0x20, 0x74, 0x79, 0x70, 0x65, 0x3a, 0x20, 0x73, 0x74, 0x72, 0x69, 0x6e, 0x67, 0x0a
  .byte 0x20, 0x20, 0x74, 0x61, 0x62, 0x6c, 0x65, 0x2d, 0x33, 0x37, 0x3a, 0x0a, 0x20, 0x20, 0x20, 0x20
  .byte 0x74, 0x79, 0x70, 0x65, 0x3a, 0x20, 0x54, 0x61, 0x62, 0x6c, 0x65, 0x0a, 0x20, 0x20, 0x20, 0x20
  .byte 0x70, 0x72, 0x6f, 0x70, 0x73, 0x3a, 0x0a, 0x20, 0x20, 0x20, 0x20, 0x20, 0x20, 0x72, 0x6f, 0x77
  .byte 0x73, 0x3a, 0x0a, 0x20, 0x20, 0x20, 0x20, 0x20, 0x20, 0x20, 0x20, 0x2d, 0x20, 0x2d, 0x20, 0x50
  .byte 0x72, 0x69, 0x63, 0x65, 0x20, 0x28, 0x6d, 0x6f, 0x6e, 0x74, 0x68, 0x6c, 0x79, 0x29, 0x0a, 0x20
  .byte 0x20, 0x20, 0x20, 0x20, 0x20, 0x20, 0x20, 0x20, 0x20, 0x2d, 0x20, 0x24, 0x31, 0x32, 0x0a, 0x20
  .byte 0x20, 0x20, 0x20, 0x20, 0x20, 0x20, 0x20, 0x20, 0x20, 0x2d, 0x20, 0x24, 0x32, 0x39, 0x0a, 0x20
  .byte 0x20, 0x20, 0x20, 0x20, 0x20, 0x20, 0x20, 0x20, 0x20, 0x2d, 0x20, 0x43, 0x75, 0x73, 0x74, 0x6f
  .byte 0x6d, 0x0a, 0x20, 0x20, 0x20, 0x20, 0x20, 0x20, 0x20, 0x20, 0x2d, 0x20, 0x2d, 0x20, 0x57, 0x6f
  .byte 0x72, 0x6b, 0x73, 0x70, 0x61, 0x63, 0x65, 0x73, 0x0a, 0x20, 0x20, 0x20, 0x20, 0x20, 0x20, 0x20
  .byte 0x20, 0x20, 0x20, 0x2d, 0x20, 0x22, 0x31, 0x22, 0x0a, 0x20, 0x20, 0x20, 0x20, 0x20, 0x20, 0x20
  .byte 0x20, 0x20, 0x20, 0x2d, 0x20, 0x22, 0x35, 0x22, 0x0a, 0x20, 0x20, 0x20, 0x20, 0x20, 0x20, 0x20
  .byte 0x20, 0x20, 0x20, 0x2d, 0x20, 0x55, 0x6e, 0x6c, 0x69, 0x6d, 0x69, 0x74, 0x65, 0x64, 0x0a, 0x20
  .byte 0x20, 0x20, 0x20, 0x20, 0x20, 0x20, 0x20, 0x2d, 0x20, 0x2d, 0x20, 0x50, 0x72, 0x6f, 0x6a, 0x65
  .byte 0x63, 0x74, 0x73, 0x0a, 0x20, 0x20, 0x20, 0x20, 0x20, 0x20, 0x20, 0x20, 0x20, 0x20, 0x2d, 0x20
  .byte 0x55, 0x70, 0x20, 0x74, 0x6f, 0x20, 0x33, 0x0a, 0x20, 0x20, 0x20, 0x20, 0x20, 0x20, 0x20, 0x20
  .byte 0x20, 0x20, 0x2d, 0x20, 0x55, 0x6e, 0x6c, 0x69, 0x6d, 0x69, 0x74, 0x65, 0x64, 0x0a, 0x20, 0x20
  .byte 0x20, 0x20, 0x20, 0x20, 0x20, 0x20, 0x20, 0x20, 0x2d, 0x20, 0x55, 0x6e, 0x6c, 0x69, 0x6d, 0x69
  .byte 0x74, 0x65, 0x64, 0x0a, 0x20, 0x20, 0x20, 0x20, 0x20, 0x20, 0x20, 0x20, 0x2d, 0x20, 0x2d, 0x20
  .byte 0x53, 0x74, 0x6f, 0x72, 0x61, 0x67, 0x65, 0x0a, 0x20, 0x20, 0x20, 0x20, 0x20, 0x20, 0x20, 0x20
  .byte 0x20, 0x20, 0x2d, 0x20, 0x35, 0x20, 0x47, 0x42, 0x0a, 0x20, 0x20, 0x20, 0x20, 0x20, 0x20, 0x20
  .byte 0x20, 0x20, 0x20, 0x2d, 0x20, 0x31, 0x30, 0x30, 0x20, 0x47, 0x42, 0x0a, 0x20, 0x20, 0x20, 0x20
  .byte 0x20, 0x20, 0x20, 0x20, 0x20, 0x20, 0x2d, 0x20, 0x55, 0x6e, 0x6c, 0x69, 0x6d, 0x69, 0x74, 0x65
  .byte 0x64, 0x20, 0x28, 0x66, 0x61, 0x69, 0x72, 0x20, 0x75, 0x73, 0x65, 0x29, 0x0a, 0x20, 0x20, 0x20
  .byte 0x20, 0x20, 0x20, 0x20, 0x20, 0x2d, 0x20, 0x2d, 0x20, 0x54, 0x65, 0x61, 0x6d, 0x20, 0x6d, 0x65
  .byte 0x6d, 0x62, 0x65, 0x72, 0x73, 0x0a, 0x20, 0x20, 0x20, 0x20, 0x20, 0x20, 0x20, 0x20, 0x20, 0x20
  .byte 0x2d, 0x20, 0x22, 0x31, 0x22, 0x0a, 0x20, 0x20, 0x20, 0x20, 0x20, 0x20, 0x20, 0x20, 0x20, 0x20
  .byte 0x2d, 0x20, 0x55, 0x70, 0x20, 0x74, 0x6f, 0x20, 0x32, 0x35, 0x0a, 0x20, 0x20, 0x20, 0x20, 0x20
  .byte 0x20, 0x20, 0x20, 0x20, 0x20, 0x2d, 0x20, 0x55, 0x6e, 0x6c, 0x69, 0x6d, 0x69, 0x74, 0x65, 0x64
  .byte 0x0a, 0x20, 0x20, 0x20, 0x20, 0x20, 0x20, 0x20, 0x20, 0x2d, 0x20, 0x2d, 0x20, 0x52, 0x6f, 0x6c
  .byte 0x65, 0x73, 0x20, 0x26, 0x20, 0x70, 0x65, 0x72, 0x6d, 0x69, 0x73, 0x73, 0x69, 0x6f, 0x6e, 0x73
  .byte 0x0a, 0x20, 0x20, 0x20, 0x20, 0x20, 0x20, 0x20, 0x20, 0x20, 0x20, 0x2d, 0x20, 0xe2, 0x80, 0x94
  .byte 0x0a, 0x20, 0x20, 0x20, 0x20, 0x20, 0x20, 0x20, 0x20, 0x20, 0x20, 0x2d, 0x20, 0x59, 0x65, 0x73
  .byte 0x0a, 0x20, 0x20, 0x20, 0x20, 0x20, 0x20, 0x20, 0x20, 0x20, 0x20, 0x2d, 0x20, 0x41, 0x64, 0x76
  .byte 0x61, 0x6e, 0x63, 0x65, 0x64, 0x20, 0x28, 0x63, 0x75, 0x73, 0x74, 0x6f, 0x6d, 0x20, 0x72, 0x6f
  .byte 0x6c, 0x65, 0x73, 0x29, 0x0a, 0x20, 0x20, 0x20, 0x20, 0x20, 0x20, 0x20, 0x20, 0x2d, 0x20, 0x2d
  .byte 0x20, 0x41, 0x75, 0x74, 0x6f, 0x6d, 0x61, 0x74, 0x69, 0x6f, 0x6e, 0x73, 0x0a, 0x20, 0x20, 0x20
  .byte 0x20, 0x20, 0x20, 0x20, 0x20, 0x20, 0x20, 0x2d, 0x20, 0xe2, 0x80, 0x94, 0x0a, 0x20, 0x20, 0x20
  .byte 0x20, 0x20, 0x20, 0x20, 0x20, 0x20, 0x20, 0x2d, 0x20, 0x31, 0x2c, 0x30, 0x30, 0x30, 0x20, 0x72
  .byte 0x75, 0x6e, 0x73, 0x2f, 0x6d, 0x6f, 0x0a, 0x20, 0x20, 0x20, 0x20, 0x20, 0x20, 0x20, 0x20, 0x20
  .byte 0x20, 0x2d, 0x20, 0x55, 0x6e, 0x6c, 0x69, 0x6d, 0x69, 0x74, 0x65, 0x64, 0x20, 0x28, 0x70, 0x6f
  .byte 0x6c, 0x69, 0x63, 0x79, 0x2d, 0x62, 0x61, 0x73, 0x65, 0x64, 0x29, 0x0a, 0x20, 0x20, 0x20, 0x20
  .byte 0x20, 0x20, 0x20, 0x20, 0x2d, 0x20, 0x2d, 0x20, 0x49, 0x6e, 0x74, 0x65, 0x67, 0x72, 0x61, 0x74
  .byte 0x69, 0x6f, 0x6e, 0x73, 0x0a, 0x20, 0x20, 0x20, 0x20, 0x20, 0x20, 0x20, 0x20, 0x20, 0x20, 0x2d
  .byte 0x20, 0x4c, 0x69, 0x6d, 0x69, 0x74, 0x65, 0x64, 0x0a, 0x20, 0x20, 0x20, 0x20, 0x20, 0x20, 0x20
  .byte 0x20, 0x20, 0x20, 0x2d, 0x20, 0x53, 0x74, 0x61, 0x6e, 0x64, 0x61, 0x72, 0x64, 0x0a, 0x20, 0x20
  .byte 0x20, 0x20, 0x20, 0x20, 0x20, 0x20, 0x20, 0x20, 0x2d, 0x20, 0x53, 0x74, 0x61, 0x6e, 0x64, 0x61
  .byte 0x72, 0x64, 0x20, 0x2b, 0x20, 0x63, 0x75, 0x73, 0x74, 0x6f, 0x6d, 0x0a, 0x20, 0x20, 0x20, 0x20
  .byte 0x20, 0x20, 0x20, 0x20, 0x2d, 0x20, 0x2d, 0x20, 0x41, 0x6e, 0x61, 0x6c, 0x79, 0x74, 0x69, 0x63
  .byte 0x73, 0x0a, 0x20, 0x20, 0x20, 0x20, 0x20, 0x20, 0x20, 0x20, 0x20, 0x20, 0x2d, 0x20, 0x42, 0x61
  .byte 0x73, 0x69, 0x63, 0x0a, 0x20, 0x20, 0x20, 0x20, 0x20, 0x20, 0x20, 0x20, 0x20, 0x20, 0x2d, 0x20
  .byte 0x41, 0x64, 0x76, 0x61, 0x6e, 0x63, 0x65, 0x64, 0x0a, 0x20, 0x20, 0x20, 0x20, 0x20, 0x20, 0x20
  .byte 0x20, 0x20, 0x20, 0x2d, 0x20, 0x41, 0x64, 0x76, 0x61, 0x6e, 0x63, 0x65, 0x64, 0x20, 0x2b, 0x20
  .byte 0x65, 0x78, 0x70, 0x6f, 0x72, 0x74, 0x73, 0x0a, 0x20, 0x20, 0x20, 0x20, 0x20, 0x20, 0x20, 0x20
  .byte 0x2d, 0x20, 0x2d, 0x20, 0x53, 0x53, 0x4f, 0x20, 0x28, 0x53, 0x41, 0x4d, 0x4c, 0x29, 0x0a, 0x20
  .byte 0x20, 0x20, 0x20, 0x20, 0x20, 0x20, 0x20, 0x20, 0x20, 0x2d, 0x20, 0xe2, 0x80, 0x94, 0x0a, 0x20
  .byte 0x20, 0x20, 0x20, 0x20, 0x20, 0x20, 0x20, 0x20, 0x20, 0x2d, 0x20, 0xe2, 0x80, 0x94, 0x0a, 0x20
  .byte 0x20, 0x20, 0x20, 0x20, 0x20, 0x20, 0x20, 0x20, 0x20, 0x2d, 0x20, 0x59, 0x65, 0x73, 0x0a, 0x20
  .byte 0x20, 0x20, 0x20, 0x20, 0x20, 0x20, 0x20, 0x2d, 0x20, 0x2d, 0x20, 0x53, 0x43, 0x49, 0x4d, 0x20
  .byte 0x70, 0x72, 0x6f, 0x76, 0x69, 0x73, 0x69, 0x6f, 0x6e, 0x69, 0x6e, 0x67, 0x0a, 0x20, 0x20, 0x20
  .byte 0x20, 0x20, 0x20, 0x20, 0x20, 0x20, 0x20, 0x2d, 0x20, 0xe2, 0x80, 0x94, 0x0a, 0x20, 0x20, 0x20
  .byte 0x20, 0x20, 0x20, 0x20, 0x20, 0x20, 0x20, 0x2d, 0x20, 0xe2, 0x80, 0x94, 0x0a, 0x20, 0x20, 0x20
  .byte 0x20, 0x20, 0x20, 0x20, 0x20, 0x20, 0x20, 0x2d, 0x20, 0x59, 0x65, 0x73, 0x0a, 0x20, 0x20, 0x20
  .byte 0x20, 0x20, 0x20, 0x20, 0x20, 0x2d, 0x20, 0x2d, 0x20, 0x41, 0x75, 0x64, 0x69, 0x74, 0x20, 0x6c
  .byte 0x6f, 0x67, 0x73, 0x0a, 0x20, 0x20, 0x20, 0x20, 0x20, 0x20, 0x20, 0x20, 0x20, 0x20, 0x2d, 0x20
  .byte 0xe2, 0x80, 0x94, 0x0a, 0x20, 0x20, 0x20, 0x20, 0x20, 0x20, 0x20, 0x20, 0x20, 0x20, 0x2d, 0x20
  .byte 0xe2, 0x80, 0x94, 0x0a, 0x20, 0x20, 0x20, 0x20, 0x20, 0x20, 0x20, 0x20, 0x20, 0x20, 0x2d, 0x20
  .byte 0x59, 0x65, 0x73, 0x0a, 0x20, 0x20, 0x20, 0x20, 0x20, 0x20, 0x20, 0x20, 0x2d, 0x20, 0x2d, 0x20
  .byte 0x53, 0x75, 0x70, 0x70, 0x6f, 0x72, 0x74, 0x0a, 0x20, 0x20, 0x20, 0x20, 0x20, 0x20, 0x20, 0x20
  .byte 0x20, 0x20, 0x2d, 0x20, 0x43, 0x6f, 0x6d, 0x6d, 0x75, 0x6e, 0x69, 0x74, 0x79, 0x0a, 0x20, 0x20
  .byte 0x20, 0x20, 0x20, 0x20, 0x20, 0x20, 0x20, 0x20, 0x2d, 0x20, 0x50, 0x72, 0x69, 0x6f, 0x72, 0x69
  .byte 0x74, 0x79, 0x20, 0x65, 0x6d, 0x61, 0x69, 0x6c, 0x0a, 0x20, 0x20, 0x20, 0x20, 0x20, 0x20, 0x20
  .byte 0x20, 0x20, 0x20, 0x2d, 0x20, 0x44, 0x65, 0x64, 0x69, 0x63, 0x61, 0x74, 0x65, 0x64, 0x20, 0x2b
  .byte 0x20, 0x53, 0x4c, 0x41, 0x0a, 0x20, 0x20, 0x20, 0x20, 0x63, 0x68, 0x69, 0x6c, 0x64, 0x72, 0x65
  .byte 0x6e, 0x3a, 0x0a, 0x20, 0x20, 0x20, 0x20, 0x20, 0x20, 0x2d, 0x20, 0x63, 0x6f, 0x6c, 0x2d, 0x33
  .byte 0x38, 0x0a, 0x20, 0x20, 0x20, 0x20, 0x20, 0x20, 0x2d, 0x20, 0x63, 0x6f, 0x6c, 0x2d, 0x33, 0x39
  .byte 0x0a, 0x20, 0x20, 0x20, 0x20, 0x20, 0x20, 0x2d, 0x20, 0x63, 0x6f, 0x6c, 0x2d, 0x34, 0x30, 0x0a
  .byte 0x20, 0x20, 0x20, 0x20, 0x20, 0x20, 0x2d, 0x20, 0x63, 0x6f, 0x6c, 0x2d, 0x34, 0x31, 0x0a, 0x20
  .byte 0x20, 0x74, 0x65, 0x78, 0x74, 0x63, 0x6f, 0x6e, 0x74, 0x65, 0x6e, 0x74, 0x2d, 0x34, 0x34, 0x3a
  .byte 0x0a, 0x20, 0x20, 0x20, 0x20, 0x74, 0x79, 0x70, 0x65, 0x3a, 0x20, 0x54, 0x65, 0x78, 0x74, 0x43
  .byte 0x6f, 0x6e, 0x74, 0x65, 0x6e, 0x74, 0x0a, 0x20, 0x20, 0x20, 0x20, 0x70, 0x72, 0x6f, 0x70, 0x73
  .byte 0x3a, 0x0a, 0x20, 0x20, 0x20, 0x20, 0x20, 0x20, 0x74, 0x65, 0x78, 0x74, 0x3a, 0x20, 0x59, 0x65
  .byte 0x73, 0x2e, 0x20, 0x59, 0x6f, 0x75, 0x20, 0x63, 0x61, 0x6e, 0x20, 0x75, 0x70, 0x67, 0x72, 0x61
  .byte 0x64, 0x65, 0x20, 0x6f, 0x72, 0x20, 0x64, 0x6f, 0x77, 0x6e, 0x67, 0x72, 0x61, 0x64, 0x65, 0x20
  .byte 0x61, 0x74, 0x20, 0x61, 0x6e, 0x79, 0x20, 0x74, 0x69, 0x6d, 0x65, 0x2e, 0x20, 0x43, 0x68, 0x61
  .byte 0x6e, 0x67, 0x65, 0x73, 0x20, 0x74, 0x61, 0x6b, 0x65, 0x20, 0x65, 0x66, 0x66, 0x65, 0x63, 0x74
  .byte 0x0a, 0x20, 0x20, 0x20, 0x20, 0x20, 0x20, 0x20, 0x20, 0x69, 0x6d, 0x6d, 0x65, 0x64, 0x69, 0x61
  .byte 0x74, 0x65, 0x6c, 0x79, 0x2c, 0x20, 0x61, 0x6e, 0x64, 0x20, 0x77, 0x65, 0x20, 0x70, 0x72, 0x6f
  .byte 0x72, 0x61, 0x74, 0x65, 0x20, 0x77, 0x68, 0x65, 0x6e, 0x20, 0x61, 0x70, 0x70, 0x6c, 0x69, 0x63
  .byte 0x61, 0x62, 0x6c, 0x65, 0x2e, 0x0a, 0x20, 0x20, 0x61, 0x63, 0x63, 0x6f, 0x72, 0x64, 0x69, 0x6f
  .byte 0x6e, 0x69, 0x74, 0x65, 0x6d, 0x2d, 0x34, 0x33, 0x3a, 0x0a, 0x20, 0x20, 0x20, 0x20, 0x74, 0x79
  .byte 0x70, 0x65, 0x3a, 0x20, 0x41, 0x63, 0x63, 0x6f, 0x72, 0x64, 0x69, 0x6f, 0x6e, 0x49, 0x74, 0x65
  .byte 0x6d, 0x0a, 0x20, 0x20, 0x20, 0x20, 0x70, 0x72, 0x6f, 0x70, 0x73, 0x3a, 0x0a, 0x20, 0x20, 0x20
  .byte 0x20, 0x20, 0x20, 0x76, 0x61, 0x6c, 0x75, 0x65, 0x3a, 0x20, 0x62, 0x69, 0x6c, 0x6c, 0x69, 0x6e
  .byte 0x67, 0x0a, 0x20, 0x20, 0x20, 0x20, 0x20, 0x20, 0x74, 0x72, 0x69, 0x67, 0x67, 0x65, 0x72, 0x3a
  .byte 0x20, 0x43, 0x61, 0x6e, 0x20, 0x49, 0x20, 0x73, 0x77, 0x69, 0x74, 0x63, 0x68, 0x20, 0x70, 0x6c
  .byte 0x61, 0x6e, 0x73, 0x20, 0x6c, 0x61, 0x74, 0x65, 0x72, 0x3f, 0x0a, 0x20, 0x20, 0x20, 0x20, 0x63
  .byte 0x68, 0x69, 0x6c, 0x64, 0x72, 0x65, 0x6e, 0x3a, 0x0a, 0x20, 0x20, 0x20, 0x20, 0x20, 0x20, 0x2d
  .byte 0x20, 0x74, 0x65, 0x78, 0x74, 0x63, 0x6f, 0x6e, 0x74, 0x65, 0x6e, 0x74, 0x2d, 0x34, 0x34, 0x0a
  .byte 0x20, 0x20, 0x74, 0x65, 0x78, 0x74, 0x63, 0x6f, 0x6e, 0x74, 0x65, 0x6e, 0x74, 0x2d, 0x34, 0x36
  .byte 0x3a, 0x0a, 0x20, 0x20, 0x20, 0x20, 0x74, 0x79, 0x70, 0x65, 0x3a, 0x20, 0x54, 0x65, 0x78, 0x74
  .byte 0x43, 0x6f, 0x6e, 0x74, 0x65, 0x6e, 0x74, 0x0a, 0x20, 0x20, 0x20, 0x20, 0x70, 0x72, 0x6f, 0x70
  .byte 0x73, 0x3a, 0x0a, 0x20, 0x20, 0x20, 0x20, 0x20, 0x20, 0x74, 0x65, 0x78, 0x74, 0x3a, 0x20, 0x59
  .byte 0x65, 0x73, 0x2e, 0x20, 0x42, 0x61, 0x73, 0x69, 0x63, 0x20, 0x61, 0x6e, 0x64, 0x20, 0x50, 0x72
  .byte 0x6f, 0x20, 0x69, 0x6e, 0x63, 0x6c, 0x75, 0x64, 0x65, 0x20, 0x61, 0x20, 0x66, 0x72, 0x65, 0x65
  .byte 0x20, 0x74, 0x72, 0x69, 0x61, 0x6c, 0x2e, 0x20, 0x45, 0x6e, 0x74, 0x65, 0x72, 0x70, 0x72, 0x69
  .byte 0x73, 0x65, 0x20, 0x74, 0x72, 0x69, 0x61, 0x6c, 0x73, 0x20, 0x61, 0x72, 0x65, 0x20, 0x61, 0x76
  .byte 0x61, 0x69, 0x6c, 0x61, 0x62, 0x6c, 0x65, 0x0a, 0x20, 0x20, 0x20, 0x20, 0x20, 0x20, 0x20, 0x20
  .byte 0x75, 0x70, 0x6f, 0x6e, 0x20, 0x72, 0x65, 0x71, 0x75, 0x65, 0x73, 0x74, 0x20, 0x76, 0x69, 0x61
  .byte 0x20, 0x53, 0x61, 0x6c, 0x65, 0x73, 0x2e, 0x0a, 0x20, 0x20, 0x61, 0x63, 0x63, 0x6f, 0x72, 0x64
  .byte 0x69, 0x6f, 0x6e, 0x69, 0x74, 0x65, 0x6d, 0x2d, 0x34, 0x35, 0x3a, 0x0a, 0x20, 0x20, 0x20, 0x20
  .byte 0x74, 0x79, 0x70, 0x65, 0x3a, 0x20, 0x41, 0x63, 0x63, 0x6f, 0x72, 0x64, 0x69, 0x6f, 0x6e, 0x49
  .byte 0x74, 0x65, 0x6d, 0x0a, 0x20, 0x20, 0x20, 0x20, 0x70, 0x72, 0x6f, 0x70, 0x73, 0x3a, 0x0a, 0x20
  .byte 0x20, 0x20, 0x20, 0x20, 0x20, 0x76, 0x61, 0x6c, 0x75, 0x65, 0x3a, 0x20, 0x74, 0x72, 0x69, 0x61
  .byte 0x6c, 0x0a, 0x20, 0x20, 0x20, 0x20, 0x20, 0x20, 0x74, 0x72, 0x69, 0x67, 0x67, 0x65, 0x72, 0x3a
  .byte 0x20, 0x44, 0x6f, 0x20, 0x79, 0x6f, 0x75, 0x20, 0x6f, 0x66, 0x66, 0x65, 0x72, 0x20, 0x61, 0x20
  .byte 0x66, 0x72, 0x65, 0x65, 0x20, 0x74, 0x72, 0x69, 0x61, 0x6c, 0x3f, 0x0a, 0x20, 0x20, 0x20, 0x20
  .byte 0x63, 0x68, 0x69, 0x6c, 0x64, 0x72, 0x65, 0x6e, 0x3a, 0x0a, 0x20, 0x20, 0x20, 0x20, 0x20, 0x20
  .byte 0x2d, 0x20, 0x74, 0x65, 0x78, 0x74, 0x63, 0x6f, 0x6e, 0x74, 0x65, 0x6e, 0x74, 0x2d, 0x34, 0x36
  .byte 0x0a, 0x20, 0x20, 0x74, 0x65, 0x78, 0x74, 0x63, 0x6f, 0x6e, 0x74, 0x65, 0x6e, 0x74, 0x2d, 0x34
  .byte 0x38, 0x3a, 0x0a, 0x20, 0x20, 0x20, 0x20, 0x74, 0x79, 0x70, 0x65, 0x3a, 0x20, 0x54, 0x65, 0x78
  .byte 0x74, 0x43, 0x6f, 0x6e, 0x74, 0x65, 0x6e, 0x74, 0x0a, 0x20, 0x20, 0x20, 0x20, 0x70, 0x72, 0x6f
  .byte 0x70, 0x73, 0x3a, 0x0a, 0x20, 0x20, 0x20, 0x20, 0x20, 0x20, 0x74, 0x65, 0x78, 0x74, 0x3a, 0x20
  .byte 0x59, 0x65, 0x73, 0x2e, 0x20, 0x41, 0x6e, 0x6e, 0x75, 0x61, 0x6c, 0x20, 0x62, 0x69, 0x6c, 0x6c
  .byte 0x69, 0x6e, 0x67, 0x20, 0x69, 0x6e, 0x63, 0x6c, 0x75, 0x64, 0x65, 0x73, 0x20, 0x61, 0x20, 0x64
  .byte 0x69, 0x73, 0x63, 0x6f, 0x75, 0x6e, 0x74, 0x2e, 0x20, 0x43, 0x6f, 0x6e, 0x74, 0x61, 0x63, 0x74
  .byte 0x20, 0x53, 0x61, 0x6c, 0x65, 0x73, 0x20, 0x66, 0x6f, 0x72, 0x20, 0x45, 0x6e, 0x74, 0x65, 0x72
  .byte 0x70, 0x72, 0x69, 0x73, 0x65, 0x0a, 0x20, 0x20, 0x20, 0x20, 0x20, 0x20, 0x20, 0x20, 0x61, 0x6e
  .byte 0x6e, 0x75, 0x61, 0x6c, 0x20, 0x74, 0x65, 0x72, 0x6d, 0x73, 0x20, 0x61, 0x6e, 0x64, 0x20, 0x69
  .byte 0x6e, 0x76, 0x6f, 0x69, 0x63, 0x69, 0x6e, 0x67, 0x2e, 0x0a, 0x20, 0x20, 0x61, 0x63, 0x63, 0x6f
  .byte 0x72, 0x64, 0x69, 0x6f, 0x6e, 0x69, 0x74, 0x65, 0x6d, 0x2d, 0x34, 0x37, 0x3a, 0x0a, 0x20, 0x20
  .byte 0x20, 0x20, 0x74, 0x79, 0x70, 0x65, 0x3a, 0x20, 0x41, 0x63, 0x63, 0x6f, 0x72, 0x64, 0x69, 0x6f
  .byte 0x6e, 0x49, 0x74, 0x65, 0x6d, 0x0a, 0x20, 0x20, 0x20, 0x20, 0x70, 0x72, 0x6f, 0x70, 0x73, 0x3a
  .byte 0x0a, 0x20, 0x20, 0x20, 0x20, 0x20, 0x20, 0x76, 0x61, 0x6c, 0x75, 0x65, 0x3a, 0x20, 0x61, 0x6e
  .byte 0x6e, 0x75, 0x61, 0x6c, 0x0a, 0x20, 0x20, 0x20, 0x20, 0x20, 0x20, 0x74, 0x72, 0x69, 0x67, 0x67
  .byte 0x65, 0x72, 0x3a, 0x20, 0x44, 0x6f, 0x20, 0x79, 0x6f, 0x75, 0x20, 0x6f, 0x66, 0x66, 0x65, 0x72
  .byte 0x20, 0x61, 0x6e, 0x6e, 0x75, 0x61, 0x6c, 0x20, 0x62, 0x69, 0x6c, 0x6c, 0x69, 0x6e, 0x67, 0x3f
  .byte 0x0a, 0x20, 0x20, 0x20, 0x20, 0x63, 0x68, 0x69, 0x6c, 0x64, 0x72, 0x65, 0x6e, 0x3a, 0x0a, 0x20
  .byte 0x20, 0x20, 0x20, 0x20, 0x20, 0x2d, 0x20, 0x74, 0x65, 0x78, 0x74, 0x63, 0x6f, 0x6e, 0x74, 0x65
  .byte 0x6e, 0x74, 0x2d, 0x34, 0x38, 0x0a, 0x20, 0x20, 0x74, 0x65, 0x78, 0x74, 0x63, 0x6f, 0x6e, 0x74
  .byte 0x65, 0x6e, 0x74, 0x2d, 0x35, 0x30, 0x3a, 0x0a, 0x20, 0x20, 0x20, 0x20, 0x74, 0x79, 0x70, 0x65
  .byte 0x3a, 0x20, 0x54, 0x65, 0x78, 0x74, 0x43, 0x6f, 0x6e, 0x74, 0x65, 0x6e, 0x74, 0x0a, 0x20, 0x20
  .byte 0x20, 0x20, 0x70, 0x72, 0x6f, 0x70, 0x73, 0x3a, 0x0a, 0x20, 0x20, 0x20, 0x20, 0x20, 0x20, 0x74
  .byte 0x65, 0x78, 0x74, 0x3a, 0x20, 0x45, 0x6e, 0x74, 0x65, 0x72, 0x70, 0x72, 0x69, 0x73, 0x65, 0x20
  .byte 0x69, 0x6e, 0x63, 0x6c, 0x75, 0x64, 0x65, 0x73, 0x20, 0x53, 0x53, 0x4f, 0x2f, 0x53, 0x41, 0x4d
  .byte 0x4c, 0x2c, 0x20, 0x53, 0x43, 0x49, 0x4d, 0x2c, 0x20, 0x61, 0x75, 0x64, 0x69, 0x74, 0x20, 0x6c
  .byte 0x6f, 0x67, 0x73, 0x2c, 0x20, 0x61, 0x6e, 0x64, 0x20, 0x64, 0x61, 0x74, 0x61, 0x20, 0x72, 0x65
  .byte 0x74, 0x65, 0x6e, 0x74, 0x69, 0x6f, 0x6e, 0x0a, 0x20, 0x20, 0x20, 0x20, 0x20, 0x20, 0x20, 0x20
  .byte 0x63, 0x6f, 0x6e, 0x74, 0x72, 0x6f, 0x6c, 0x73, 0x2e, 0x20, 0x57, 0x65, 0x20, 0x63, 0x61, 0x6e
  .byte 0x20, 0x73, 0x68, 0x61, 0x72, 0x65, 0x20, 0x73, 0x65, 0x63, 0x75, 0x72, 0x69, 0x74, 0x79, 0x20
  .byte 0x64, 0x6f, 0x63, 0x75, 0x6d, 0x65, 0x6e, 0x74, 0x61, 0x74, 0x69, 0x6f, 0x6e, 0x20, 0x64, 0x75
  .byte 0x72, 0x69, 0x6e, 0x67, 0x20, 0x70, 0x72, 0x6f, 0x63, 0x75, 0x72, 0x65, 0x6d, 0x65, 0x6e, 0x74
  .byte 0x2e, 0x0a, 0x20, 0x20, 0x61, 0x63, 0x63, 0x6f, 0x72, 0x64, 0x69, 0x6f, 0x6e, 0x69, 0x74, 0x65
  .byte 0x6d, 0x2d, 0x34, 0x39, 0x3a, 0x0a, 0x20, 0x20, 0x20, 0x20, 0x74, 0x79, 0x70, 0x65, 0x3a, 0x20
  .byte 0x41, 0x63, 0x63, 0x6f, 0x72, 0x64, 0x69, 0x6f, 0x6e, 0x49, 0x74, 0x65, 0x6d, 0x0a, 0x20, 0x20
  .byte 0x20, 0x20, 0x70, 0x72, 0x6f, 0x70, 0x73, 0x3a, 0x0a, 0x20, 0x20, 0x20, 0x20, 0x20, 0x20, 0x76
  .byte 0x61, 0x6c, 0x75, 0x65, 0x3a, 0x20, 0x73, 0x65, 0x63, 0x75, 0x72, 0x69, 0x74, 0x79, 0x0a, 0x20
  .byte 0x20, 0x20, 0x20, 0x20, 0x20, 0x74, 0x72, 0x69, 0x67, 0x67, 0x65, 0x72, 0x3a, 0x20, 0x57, 0x68
  .byte 0x61, 0x74, 0x20, 0x61, 0x62, 0x6f, 0x75, 0x74, 0x20, 0x73, 0x65, 0x63, 0x75, 0x72, 0x69, 0x74
  .byte 0x79, 0x20, 0x61, 0x6e, 0x64, 0x20, 0x63, 0x6f, 0x6d, 0x70, 0x6c, 0x69, 0x61, 0x6e, 0x63, 0x65
  .byte 0x3f, 0x0a, 0x20, 0x20, 0x20, 0x20, 0x63, 0x68, 0x69, 0x6c, 0x64, 0x72, 0x65, 0x6e, 0x3a, 0x0a
  .byte 0x20, 0x20, 0x20, 0x20, 0x20, 0x20, 0x2d, 0x20, 0x74, 0x65, 0x78, 0x74, 0x63, 0x6f, 0x6e, 0x74
  .byte 0x65, 0x6e, 0x74, 0x2d, 0x35, 0x30, 0x0a, 0x20, 0x20, 0x61, 0x63, 0x63, 0x6f, 0x72, 0x64, 0x69
  .byte 0x6f, 0x6e, 0x2d, 0x34, 0x32, 0x3a, 0x0a, 0x20, 0x20, 0x20, 0x20, 0x74, 0x79, 0x70, 0x65, 0x3a
  .byte 0x20, 0x41, 0x63, 0x63, 0x6f, 0x72, 0x64, 0x69, 0x6f, 0x6e, 0x0a, 0x20, 0x20, 0x20, 0x20, 0x70
  .byte 0x72, 0x6f, 0x70, 0x73, 0x3a, 0x20, 0x7b, 0x7d, 0x0a, 0x20, 0x20, 0x20, 0x20, 0x63, 0x68, 0x69
  .byte 0x6c, 0x64, 0x72, 0x65, 0x6e, 0x3a, 0x0a, 0x20, 0x20, 0x20, 0x20, 0x20, 0x20, 0x2d, 0x20, 0x61
  .byte 0x63, 0x63, 0x6f, 0x72, 0x64, 0x69, 0x6f, 0x6e, 0x69, 0x74, 0x65, 0x6d, 0x2d, 0x34, 0x33, 0x0a
  .byte 0x20, 0x20, 0x20, 0x20, 0x20, 0x20, 0x2d, 0x20, 0x61, 0x63, 0x63, 0x6f, 0x72, 0x64, 0x69, 0x6f
  .byte 0x6e, 0x69, 0x74, 0x65, 0x6d, 0x2d, 0x34, 0x35, 0x0a, 0x20, 0x20, 0x20, 0x20, 0x20, 0x20, 0x2d
  .byte 0x20, 0x61, 0x63, 0x63, 0x6f, 0x72, 0x64, 0x69, 0x6f, 0x6e, 0x69, 0x74, 0x65, 0x6d, 0x2d, 0x34
  .byte 0x37, 0x0a, 0x20, 0x20, 0x20, 0x20, 0x20, 0x20, 0x2d, 0x20, 0x61, 0x63, 0x63, 0x6f, 0x72, 0x64
  .byte 0x69, 0x6f, 0x6e, 0x69, 0x74, 0x65, 0x6d, 0x2d, 0x34, 0x39, 0x0a, 0x20, 0x20, 0x73, 0x74, 0x61
  .byte 0x63, 0x6b, 0x2d, 0x31, 0x3a, 0x0a, 0x20, 0x20, 0x20, 0x20, 0x74, 0x79, 0x70, 0x65, 0x3a, 0x20
  .byte 0x53, 0x74, 0x61, 0x63, 0x6b, 0x0a, 0x20, 0x20, 0x20, 0x20, 0x70, 0x72, 0x6f, 0x70, 0x73, 0x3a
  .byte 0x0a, 0x20, 0x20, 0x20, 0x20, 0x20, 0x20, 0x64, 0x69, 0x72, 0x65, 0x63, 0x74, 0x69, 0x6f, 0x6e
  .byte 0x3a, 0x20, 0x63, 0x6f, 0x6c, 0x75, 0x6d, 0x6e, 0x0a, 0x20, 0x20, 0x20, 0x20, 0x20, 0x20, 0x67
  .byte 0x61, 0x70, 0x3a, 0x20, 0x78, 0x6c, 0x0a, 0x20, 0x20, 0x20, 0x20, 0x63, 0x68, 0x69, 0x6c, 0x64
  .byte 0x72, 0x65, 0x6e, 0x3a, 0x0a, 0x20, 0x20, 0x20, 0x20, 0x20, 0x20, 0x2d, 0x20, 0x73, 0x74, 0x61
  .byte 0x63, 0x6b, 0x2d, 0x32, 0x0a, 0x20, 0x20, 0x20, 0x20, 0x20, 0x20, 0x2d, 0x20, 0x73, 0x74, 0x61
  .byte 0x63, 0x6b, 0x2d, 0x36, 0x0a, 0x20, 0x20, 0x20, 0x20, 0x20, 0x20, 0x2d, 0x20, 0x74, 0x65, 0x78
  .byte 0x74, 0x63, 0x6f, 0x6e, 0x74, 0x65, 0x6e, 0x74, 0x2d, 0x33, 0x36, 0x0a, 0x20, 0x20, 0x20, 0x20
  .byte 0x20, 0x20, 0x2d, 0x20, 0x74, 0x61, 0x62, 0x6c, 0x65, 0x2d, 0x33, 0x37, 0x0a, 0x20, 0x20, 0x20
  .byte 0x20, 0x20, 0x20, 0x2d, 0x20, 0x61, 0x63, 0x63, 0x6f, 0x72, 0x64, 0x69, 0x6f, 0x6e, 0x2d, 0x34
  .byte 0x32, 0x0a

  .globl openui_full_port_benchmarks_samples_pricing_page_yaml_b485c84b4ef9_pass_3_len
openui_full_port_benchmarks_samples_pricing_page_yaml_b485c84b4ef9_pass_3_len:
  .quad 8594

# assembly pass: 4/4
  .globl openui_full_port_benchmarks_samples_pricing_page_yaml_b485c84b4ef9_pass_4
openui_full_port_benchmarks_samples_pricing_page_yaml_b485c84b4ef9_pass_4:
  .byte 0x72, 0x6f, 0x6f, 0x74, 0x3a, 0x20, 0x73, 0x74, 0x61, 0x63, 0x6b, 0x2d, 0x31, 0x0a, 0x65, 0x6c
  .byte 0x65, 0x6d, 0x65, 0x6e, 0x74, 0x73, 0x3a, 0x0a, 0x20, 0x20, 0x74, 0x65, 0x78, 0x74, 0x63, 0x6f
  .byte 0x6e, 0x74, 0x65, 0x6e, 0x74, 0x2d, 0x33, 0x3a, 0x0a, 0x20, 0x20, 0x20, 0x20, 0x74, 0x79, 0x70
  .byte 0x65, 0x3a, 0x20, 0x54, 0x65, 0x78, 0x74, 0x43, 0x6f, 0x6e, 0x74, 0x65, 0x6e, 0x74, 0x0a, 0x20
  .byte 0x20, 0x20, 0x20, 0x70, 0x72, 0x6f, 0x70, 0x73, 0x3a, 0x0a, 0x20, 0x20, 0x20, 0x20, 0x20, 0x20
  .byte 0x74, 0x65, 0x78, 0x74, 0x3a, 0x20, 0x50, 0x72, 0x69, 0x63, 0x69, 0x6e, 0x67, 0x0a, 0x20, 0x20
  .byte 0x20, 0x20, 0x20, 0x20, 0x73, 0x69, 0x7a, 0x65, 0x3a, 0x20, 0x6c, 0x61, 0x72, 0x67, 0x65, 0x2d
  .byte 0x68, 0x65, 0x61, 0x76, 0x79, 0x0a, 0x20, 0x20, 0x74, 0x65, 0x78, 0x74, 0x63, 0x6f, 0x6e, 0x74
  .byte 0x65, 0x6e, 0x74, 0x2d, 0x34, 0x3a, 0x0a, 0x20, 0x20, 0x20, 0x20, 0x74, 0x79, 0x70, 0x65, 0x3a
  .byte 0x20, 0x54, 0x65, 0x78, 0x74, 0x43, 0x6f, 0x6e, 0x74, 0x65, 0x6e, 0x74, 0x0a, 0x20, 0x20, 0x20
  .byte 0x20, 0x70, 0x72, 0x6f, 0x70, 0x73, 0x3a, 0x0a, 0x20, 0x20, 0x20, 0x20, 0x20, 0x20, 0x74, 0x65
  .byte 0x78, 0x74, 0x3a, 0x20, 0x43, 0x68, 0x6f, 0x6f, 0x73, 0x65, 0x20, 0x74, 0x68, 0x65, 0x20, 0x70
  .byte 0x6c, 0x61, 0x6e, 0x20, 0x74, 0x68, 0x61, 0x74, 0x20, 0x66, 0x69, 0x74, 0x73, 0x20, 0x79, 0x6f
  .byte 0x75, 0x72, 0x20, 0x74, 0x65, 0x61, 0x6d, 0x20, 0x74, 0x6f, 0x64, 0x61, 0x79, 0x2e, 0x20, 0x55
  .byte 0x70, 0x67, 0x72, 0x61, 0x64, 0x65, 0x2c, 0x20, 0x64, 0x6f, 0x77, 0x6e, 0x67, 0x72, 0x61, 0x64
  .byte 0x65, 0x2c, 0x20, 0x6f, 0x72, 0x20, 0x63, 0x61, 0x6e, 0x63, 0x65, 0x6c, 0x0a, 0x20, 0x20, 0x20
  .byte 0x20, 0x20, 0x20, 0x20, 0x20, 0x61, 0x6e, 0x79, 0x74, 0x69, 0x6d, 0x65, 0x2e, 0x0a, 0x20, 0x20
  .byte 0x20, 0x20, 0x20, 0x20, 0x73, 0x69, 0x7a, 0x65, 0x3a, 0x20, 0x64, 0x65, 0x66, 0x61, 0x75, 0x6c
  .byte 0x74, 0x0a, 0x20, 0x20, 0x74, 0x61, 0x67, 0x62, 0x6c, 0x6f, 0x63, 0x6b, 0x2d, 0x35, 0x3a, 0x0a
  .byte 0x20, 0x20, 0x20, 0x20, 0x74, 0x79, 0x70, 0x65, 0x3a, 0x20, 0x54, 0x61, 0x67, 0x42, 0x6c, 0x6f
  .byte 0x63, 0x6b, 0x0a, 0x20, 0x20, 0x20, 0x20, 0x70, 0x72, 0x6f, 0x70, 0x73, 0x3a, 0x0a, 0x20, 0x20
  .byte 0x20, 0x20, 0x20, 0x20, 0x74, 0x61, 0x67, 0x73, 0x3a, 0x0a, 0x20, 0x20, 0x20, 0x20, 0x20, 0x20
  .byte 0x20, 0x20, 0x2d, 0x20, 0x4d, 0x6f, 0x6e, 0x74, 0x68, 0x6c, 0x79, 0x20, 0x62, 0x69, 0x6c, 0x6c
  .byte 0x69, 0x6e, 0x67, 0x0a, 0x20, 0x20, 0x20, 0x20, 0x20, 0x20, 0x20, 0x20, 0x2d, 0x20, 0x41, 0x6e
  .byte 0x6e, 0x75, 0x61, 0x6c, 0x20, 0x64, 0x69, 0x73, 0x63, 0x6f, 0x75, 0x6e, 0x74, 0x73, 0x20, 0x61
  .byte 0x76, 0x61, 0x69, 0x6c, 0x61, 0x62, 0x6c, 0x65, 0x0a, 0x20, 0x20, 0x20, 0x20, 0x20, 0x20, 0x20
  .byte 0x20, 0x2d, 0x20, 0x4e, 0x6f, 0x20, 0x68, 0x69, 0x64, 0x64, 0x65, 0x6e, 0x20, 0x66, 0x65, 0x65
  .byte 0x73, 0x0a, 0x20, 0x20, 0x73, 0x74, 0x61, 0x63, 0x6b, 0x2d, 0x32, 0x3a, 0x0a, 0x20, 0x20, 0x20
  .byte 0x20, 0x74, 0x79, 0x70, 0x65, 0x3a, 0x20, 0x53, 0x74, 0x61, 0x63, 0x6b, 0x0a, 0x20, 0x20, 0x20
  .byte 0x20, 0x70, 0x72, 0x6f, 0x70, 0x73, 0x3a, 0x0a, 0x20, 0x20, 0x20, 0x20, 0x20, 0x20, 0x64, 0x69
  .byte 0x72, 0x65, 0x63, 0x74, 0x69, 0x6f, 0x6e, 0x3a, 0x20, 0x63, 0x6f, 0x6c, 0x75, 0x6d, 0x6e, 0x0a
  .byte 0x20, 0x20, 0x20, 0x20, 0x20, 0x20, 0x67, 0x61, 0x70, 0x3a, 0x20, 0x73, 0x0a, 0x20, 0x20, 0x20
  .byte 0x20, 0x63, 0x68, 0x69, 0x6c, 0x64, 0x72, 0x65, 0x6e, 0x3a, 0x0a, 0x20, 0x20, 0x20, 0x20, 0x20
  .byte 0x20, 0x2d, 0x20, 0x74, 0x65, 0x78, 0x74, 0x63, 0x6f, 0x6e, 0x74, 0x65, 0x6e, 0x74, 0x2d, 0x33
  .byte 0x0a, 0x20, 0x20, 0x20, 0x20, 0x20, 0x20, 0x2d, 0x20, 0x74, 0x65, 0x78, 0x74, 0x63, 0x6f, 0x6e
  .byte 0x74, 0x65, 0x6e, 0x74, 0x2d, 0x34, 0x0a, 0x20, 0x20, 0x20, 0x20, 0x20, 0x20, 0x2d, 0x20, 0x74
  .byte 0x61, 0x67, 0x62, 0x6c, 0x6f, 0x63, 0x6b, 0x2d, 0x35, 0x0a, 0x20, 0x20, 0x63, 0x61, 0x72, 0x64
  .byte 0x68, 0x65, 0x61, 0x64, 0x65, 0x72, 0x2d, 0x38, 0x3a, 0x0a, 0x20, 0x20, 0x20, 0x20, 0x74, 0x79
  .byte 0x70, 0x65, 0x3a, 0x20, 0x43, 0x61, 0x72, 0x64, 0x48, 0x65, 0x61, 0x64, 0x65, 0x72, 0x0a, 0x20
  .byte 0x20, 0x20, 0x20, 0x70, 0x72, 0x6f, 0x70, 0x73, 0x3a, 0x0a, 0x20, 0x20, 0x20, 0x20, 0x20, 0x20
  .byte 0x74, 0x69, 0x74, 0x6c, 0x65, 0x3a, 0x20, 0x42, 0x61, 0x73, 0x69, 0x63, 0x0a, 0x20, 0x20, 0x20
  .byte 0x20, 0x20, 0x20, 0x73, 0x75, 0x62, 0x74, 0x69, 0x74, 0x6c, 0x65, 0x3a, 0x20, 0x46, 0x6f, 0x72
  .byte 0x20, 0x69, 0x6e, 0x64, 0x69, 0x76, 0x69, 0x64, 0x75, 0x61, 0x6c, 0x73, 0x20, 0x61, 0x6e, 0x64
  .byte 0x20, 0x73, 0x6d, 0x61, 0x6c, 0x6c, 0x20, 0x70, 0x72, 0x6f, 0x6a, 0x65, 0x63, 0x74, 0x73, 0x0a
  .byte 0x20, 0x20, 0x74, 0x65, 0x78, 0x74, 0x63, 0x6f, 0x6e, 0x74, 0x65, 0x6e, 0x74, 0x2d, 0x39, 0x3a
  .byte 0x0a, 0x20, 0x20, 0x20, 0x20, 0x74, 0x79, 0x70, 0x65, 0x3a, 0x20, 0x54, 0x65, 0x78, 0x74, 0x43
  .byte 0x6f, 0x6e, 0x74, 0x65, 0x6e, 0x74, 0x0a, 0x20, 0x20, 0x20, 0x20, 0x70, 0x72, 0x6f, 0x70, 0x73
  .byte 0x3a, 0x0a, 0x20, 0x20, 0x20, 0x20, 0x20, 0x20, 0x74, 0x65, 0x78, 0x74, 0x3a, 0x20, 0x24, 0x31
  .byte 0x32, 0x20, 0x2f, 0x20, 0x6d, 0x6f, 0x6e, 0x74, 0x68, 0x0a, 0x20, 0x20, 0x20, 0x20, 0x20, 0x20
  .byte 0x73, 0x69, 0x7a, 0x65, 0x3a, 0x20, 0x6c, 0x61, 0x72, 0x67, 0x65, 0x2d, 0x68, 0x65, 0x61, 0x76
  .byte 0x79, 0x0a, 0x20, 0x20, 0x74, 0x65, 0x78, 0x74, 0x63, 0x6f, 0x6e, 0x74, 0x65, 0x6e, 0x74, 0x2d
  .byte 0x31, 0x30, 0x3a, 0x0a, 0x20, 0x20, 0x20, 0x20, 0x74, 0x79, 0x70, 0x65, 0x3a, 0x20, 0x54, 0x65
  .byte 0x78, 0x74, 0x43, 0x6f, 0x6e, 0x74, 0x65, 0x6e, 0x74, 0x0a, 0x20, 0x20, 0x20, 0x20, 0x70, 0x72
  .byte 0x6f, 0x70, 0x73, 0x3a, 0x0a, 0x20, 0x20, 0x20, 0x20, 0x20, 0x20, 0x74, 0x65, 0x78, 0x74, 0x3a
  .byte 0x20, 0x43, 0x6f, 0x72, 0x65, 0x20, 0x66, 0x65, 0x61, 0x74, 0x75, 0x72, 0x65, 0x73, 0x20, 0x74
  .byte 0x6f, 0x20, 0x67, 0x65, 0x74, 0x20, 0x73, 0x74, 0x61, 0x72, 0x74, 0x65, 0x64, 0x20, 0x77, 0x69
  .byte 0x74, 0x68, 0x20, 0x72, 0x65, 0x6c, 0x69, 0x61, 0x62, 0x6c, 0x65, 0x20, 0x65, 0x73, 0x73, 0x65
  .byte 0x6e, 0x74, 0x69, 0x61, 0x6c, 0x73, 0x2e, 0x0a, 0x20, 0x20, 0x20, 0x20, 0x20, 0x20, 0x73, 0x69
  .byte 0x7a, 0x65, 0x3a, 0x20, 0x64, 0x65, 0x66, 0x61, 0x75, 0x6c, 0x74, 0x0a, 0x20, 0x20, 0x74, 0x65
  .byte 0x78, 0x74, 0x63, 0x6f, 0x6e, 0x74, 0x65, 0x6e, 0x74, 0x2d, 0x31, 0x31, 0x3a, 0x0a, 0x20, 0x20
  .byte 0x20, 0x20, 0x74, 0x79, 0x70, 0x65, 0x3a, 0x20, 0x54, 0x65, 0x78, 0x74, 0x43, 0x6f, 0x6e, 0x74
  .byte 0x65, 0x6e, 0x74, 0x0a, 0x20, 0x20, 0x20, 0x20, 0x70, 0x72, 0x6f, 0x70, 0x73, 0x3a, 0x0a, 0x20
  .byte 0x20, 0x20, 0x20, 0x20, 0x20, 0x74, 0x65, 0x78, 0x74, 0x3a, 0x20, 0x22, 0x49, 0x6e, 0x63, 0x6c
  .byte 0x75, 0x64, 0x65, 0x73, 0x3a, 0x22, 0x0a, 0x20, 0x20, 0x20, 0x20, 0x20, 0x20, 0x73, 0x69, 0x7a
  .byte 0x65, 0x3a, 0x20, 0x73, 0x6d, 0x61, 0x6c, 0x6c, 0x2d, 0x68, 0x65, 0x61, 0x76, 0x79, 0x0a, 0x20
  .byte 0x20, 0x6d, 0x61, 0x72, 0x6b, 0x64, 0x6f, 0x77, 0x6e, 0x72, 0x65, 0x6e, 0x64, 0x65, 0x72, 0x65
  .byte 0x72, 0x2d, 0x31, 0x32, 0x3a, 0x0a, 0x20, 0x20, 0x20, 0x20, 0x74, 0x79, 0x70, 0x65, 0x3a, 0x20
  .byte 0x4d, 0x61, 0x72, 0x6b, 0x44, 0x6f, 0x77, 0x6e, 0x52, 0x65, 0x6e, 0x64, 0x65, 0x72, 0x65, 0x72
  .byte 0x0a, 0x20, 0x20, 0x20, 0x20, 0x70, 0x72, 0x6f, 0x70, 0x73, 0x3a, 0x0a, 0x20, 0x20, 0x20, 0x20
  .byte 0x20, 0x20, 0x74, 0x65, 0x78, 0x74, 0x4d, 0x61, 0x72, 0x6b, 0x64, 0x6f, 0x77, 0x6e, 0x3a, 0x20
  .byte 0x7c, 0x2d, 0x0a, 0x20, 0x20, 0x20, 0x20, 0x20, 0x20, 0x20, 0x20, 0x2d, 0x20, 0x31, 0x20, 0x77
  .byte 0x6f, 0x72, 0x6b, 0x73, 0x70, 0x61, 0x63, 0x65, 0x0a, 0x20, 0x20, 0x20, 0x20, 0x20, 0x20, 0x20
  .byte 0x20, 0x2d, 0x20, 0x55, 0x70, 0x20, 0x74, 0x6f, 0x20, 0x33, 0x20, 0x70, 0x72, 0x6f, 0x6a, 0x65
  .byte 0x63, 0x74, 0x73, 0x0a, 0x20, 0x20, 0x20, 0x20, 0x20, 0x20, 0x20, 0x20, 0x2d, 0x20, 0x35, 0x20
  .byte 0x47, 0x42, 0x20, 0x73, 0x74, 0x6f, 0x72, 0x61, 0x67, 0x65, 0x0a, 0x20, 0x20, 0x20, 0x20, 0x20
  .byte 0x20, 0x20, 0x20, 0x2d, 0x20, 0x43, 0x6f, 0x6d, 0x6d, 0x75, 0x6e, 0x69, 0x74, 0x79, 0x20, 0x73
  .byte 0x75, 0x70, 0x70, 0x6f, 0x72, 0x74, 0x0a, 0x20, 0x20, 0x20, 0x20, 0x20, 0x20, 0x20, 0x20, 0x2d
  .byte 0x20, 0x42, 0x61, 0x73, 0x69, 0x63, 0x20, 0x61, 0x6e, 0x61, 0x6c, 0x79, 0x74, 0x69, 0x63, 0x73
  .byte 0x0a, 0x20, 0x20, 0x20, 0x20, 0x20, 0x20, 0x76, 0x61, 0x72, 0x69, 0x61, 0x6e, 0x74, 0x3a, 0x20
  .byte 0x63, 0x6c, 0x65, 0x61, 0x72, 0x0a, 0x20, 0x20, 0x62, 0x75, 0x74, 0x74, 0x6f, 0x6e, 0x2d, 0x31
  .byte 0x34, 0x3a, 0x0a, 0x20, 0x20, 0x20, 0x20, 0x74, 0x79, 0x70, 0x65, 0x3a, 0x20, 0x42, 0x75, 0x74
  .byte 0x74, 0x6f, 0x6e, 0x0a, 0x20, 0x20, 0x20, 0x20, 0x70, 0x72, 0x6f, 0x70, 0x73, 0x3a, 0x0a, 0x20
  .byte 0x20, 0x20, 0x20, 0x20, 0x20, 0x6c, 0x61, 0x62, 0x65, 0x6c, 0x3a, 0x20, 0x53, 0x74, 0x61, 0x72
  .byte 0x74, 0x20, 0x42, 0x61, 0x73, 0x69, 0x63, 0x0a, 0x20, 0x20, 0x20, 0x20, 0x20, 0x20, 0x61, 0x63
  .byte 0x74, 0x69, 0x6f, 0x6e, 0x3a, 0x20, 0x61, 0x63, 0x74, 0x69, 0x6f, 0x6e, 0x3a, 0x73, 0x65, 0x6c
  .byte 0x65, 0x63, 0x74, 0x5f, 0x70, 0x6c, 0x61, 0x6e, 0x5f, 0x62, 0x61, 0x73, 0x69, 0x63, 0x0a, 0x20
  .byte 0x20, 0x20, 0x20, 0x20, 0x20, 0x76, 0x61, 0x72, 0x69, 0x61, 0x6e, 0x74, 0x3a, 0x20, 0x73, 0x65
  .byte 0x63, 0x6f, 0x6e, 0x64, 0x61, 0x72, 0x79, 0x0a, 0x20, 0x20, 0x62, 0x75, 0x74, 0x74, 0x6f, 0x6e
  .byte 0x2d, 0x31, 0x35, 0x3a, 0x0a, 0x20, 0x20, 0x20, 0x20, 0x74, 0x79, 0x70, 0x65, 0x3a, 0x20, 0x42
  .byte 0x75, 0x74, 0x74, 0x6f, 0x6e, 0x0a, 0x20, 0x20, 0x20, 0x20, 0x70, 0x72, 0x6f, 0x70, 0x73, 0x3a
  .byte 0x0a, 0x20, 0x20, 0x20, 0x20, 0x20, 0x20, 0x6c, 0x61, 0x62, 0x65, 0x6c, 0x3a, 0x20, 0x54, 0x72
  .byte 0x79, 0x20, 0x66, 0x72, 0x65, 0x65, 0x0a, 0x20, 0x20, 0x20, 0x20, 0x20, 0x20, 0x61, 0x63, 0x74
  .byte 0x69, 0x6f, 0x6e, 0x3a, 0x20, 0x61, 0x63, 0x74, 0x69, 0x6f, 0x6e, 0x3a, 0x74, 0x72, 0x69, 0x61
  .byte 0x6c, 0x5f, 0x62, 0x61, 0x73, 0x69, 0x63, 0x0a, 0x20, 0x20, 0x20, 0x20, 0x20, 0x20, 0x76, 0x61
  .byte 0x72, 0x69, 0x61, 0x6e, 0x74, 0x3a, 0x20, 0x74, 0x65, 0x72, 0x74, 0x69, 0x61, 0x72, 0x79, 0x0a
  .byte 0x20, 0x20, 0x62, 0x75, 0x74, 0x74, 0x6f, 0x6e, 0x73, 0x2d, 0x31, 0x33, 0x3a, 0x0a, 0x20, 0x20
  .byte 0x20, 0x20, 0x74, 0x79, 0x70, 0x65, 0x3a, 0x20, 0x42, 0x75, 0x74, 0x74, 0x6f, 0x6e, 0x73, 0x0a
  .byte 0x20, 0x20, 0x20, 0x20, 0x70, 0x72, 0x6f, 0x70, 0x73, 0x3a, 0x20, 0x7b, 0x7d, 0x0a, 0x20, 0x20
  .byte 0x20, 0x20, 0x63, 0x68, 0x69, 0x6c, 0x64, 0x72, 0x65, 0x6e, 0x3a, 0x0a, 0x20, 0x20, 0x20, 0x20
  .byte 0x20, 0x20, 0x2d, 0x20, 0x62, 0x75, 0x74, 0x74, 0x6f, 0x6e, 0x2d, 0x31, 0x34, 0x0a, 0x20, 0x20
  .byte 0x20, 0x20, 0x20, 0x20, 0x2d, 0x20, 0x62, 0x75, 0x74, 0x74, 0x6f, 0x6e, 0x2d, 0x31, 0x35, 0x0a
  .byte 0x20, 0x20, 0x63, 0x61, 0x72, 0x64, 0x2d, 0x37, 0x3a, 0x0a, 0x20, 0x20, 0x20, 0x20, 0x74, 0x79
  .byte 0x70, 0x65, 0x3a, 0x20, 0x43, 0x61, 0x72, 0x64, 0x0a, 0x20, 0x20, 0x20, 0x20, 0x70, 0x72, 0x6f
  .byte 0x70, 0x73, 0x3a, 0x0a, 0x20, 0x20, 0x20, 0x20, 0x20, 0x20, 0x76, 0x61, 0x72, 0x69, 0x61, 0x6e
  .byte 0x74, 0x3a, 0x20, 0x63, 0x61, 0x72, 0x64, 0x0a, 0x20, 0x20, 0x20, 0x20, 0x63, 0x68, 0x69, 0x6c
  .byte 0x64, 0x72, 0x65, 0x6e, 0x3a, 0x0a, 0x20, 0x20, 0x20, 0x20, 0x20, 0x20, 0x2d, 0x20, 0x63, 0x61
  .byte 0x72, 0x64, 0x68, 0x65, 0x61, 0x64, 0x65, 0x72, 0x2d, 0x38, 0x0a, 0x20, 0x20, 0x20, 0x20, 0x20
  .byte 0x20, 0x2d, 0x20, 0x74, 0x65, 0x78, 0x74, 0x63, 0x6f, 0x6e, 0x74, 0x65, 0x6e, 0x74, 0x2d, 0x39
  .byte 0x0a, 0x20, 0x20, 0x20, 0x20, 0x20, 0x20, 0x2d, 0x20, 0x74, 0x65, 0x78, 0x74, 0x63, 0x6f, 0x6e
  .byte 0x74, 0x65, 0x6e, 0x74, 0x2d, 0x31, 0x30, 0x0a, 0x20, 0x20, 0x20, 0x20, 0x20, 0x20, 0x2d, 0x20
  .byte 0x74, 0x65, 0x78, 0x74, 0x63, 0x6f, 0x6e, 0x74, 0x65, 0x6e, 0x74, 0x2d, 0x31, 0x31, 0x0a, 0x20
  .byte 0x20, 0x20, 0x20, 0x20, 0x20, 0x2d, 0x20, 0x6d, 0x61, 0x72, 0x6b, 0x64, 0x6f, 0x77, 0x6e, 0x72
  .byte 0x65, 0x6e, 0x64, 0x65, 0x72, 0x65, 0x72, 0x2d, 0x31, 0x32, 0x0a, 0x20, 0x20, 0x20, 0x20, 0x20
  .byte 0x20, 0x2d, 0x20, 0x62, 0x75, 0x74, 0x74, 0x6f, 0x6e, 0x73, 0x2d, 0x31, 0x33, 0x0a, 0x20, 0x20
  .byte 0x63, 0x61, 0x72, 0x64, 0x68, 0x65, 0x61, 0x64, 0x65, 0x72, 0x2d, 0x31, 0x37, 0x3a, 0x0a, 0x20
  .byte 0x20, 0x20, 0x20, 0x74, 0x79, 0x70, 0x65, 0x3a, 0x20, 0x43, 0x61, 0x72, 0x64, 0x48, 0x65, 0x61
  .byte 0x64, 0x65, 0x72, 0x0a, 0x20, 0x20, 0x20, 0x20, 0x70, 0x72, 0x6f, 0x70, 0x73, 0x3a, 0x0a, 0x20
  .byte 0x20, 0x20, 0x20, 0x20, 0x20, 0x74, 0x69, 0x74, 0x6c, 0x65, 0x3a, 0x20, 0x50, 0x72, 0x6f, 0x0a
  .byte 0x20, 0x20, 0x20, 0x20, 0x20, 0x20, 0x73, 0x75, 0x62, 0x74, 0x69, 0x74, 0x6c, 0x65, 0x3a, 0x20
  .byte 0x46, 0x6f, 0x72, 0x20, 0x67, 0x72, 0x6f, 0x77, 0x69, 0x6e, 0x67, 0x20, 0x74, 0x65, 0x61, 0x6d
  .byte 0x73, 0x20, 0x74, 0x68, 0x61, 0x74, 0x20, 0x6e, 0x65, 0x65, 0x64, 0x20, 0x6d, 0x6f, 0x72, 0x65
  .byte 0x20, 0x70, 0x6f, 0x77, 0x65, 0x72, 0x0a, 0x20, 0x20, 0x74, 0x65, 0x78, 0x74, 0x63, 0x6f, 0x6e
  .byte 0x74, 0x65, 0x6e, 0x74, 0x2d, 0x31, 0x38, 0x3a, 0x0a, 0x20, 0x20, 0x20, 0x20, 0x74, 0x79, 0x70
  .byte 0x65, 0x3a, 0x20, 0x54, 0x65, 0x78, 0x74, 0x43, 0x6f, 0x6e, 0x74, 0x65, 0x6e, 0x74, 0x0a, 0x20
  .byte 0x20, 0x20, 0x20, 0x70, 0x72, 0x6f, 0x70, 0x73, 0x3a, 0x0a, 0x20, 0x20, 0x20, 0x20, 0x20, 0x20
  .byte 0x74, 0x65, 0x78, 0x74, 0x3a, 0x20, 0x24, 0x32, 0x39, 0x20, 0x2f, 0x20, 0x6d, 0x6f, 0x6e, 0x74
  .byte 0x68, 0x0a, 0x20, 0x20, 0x20, 0x20, 0x20, 0x20, 0x73, 0x69, 0x7a, 0x65, 0x3a, 0x20, 0x6c, 0x61
  .byte 0x72, 0x67, 0x65, 0x2d, 0x68, 0x65, 0x61, 0x76, 0x79, 0x0a, 0x20, 0x20, 0x74, 0x65, 0x78, 0x74
  .byte 0x63, 0x6f, 0x6e, 0x74, 0x65, 0x6e, 0x74, 0x2d, 0x31, 0x39, 0x3a, 0x0a, 0x20, 0x20, 0x20, 0x20
  .byte 0x74, 0x79, 0x70, 0x65, 0x3a, 0x20, 0x54, 0x65, 0x78, 0x74, 0x43, 0x6f, 0x6e, 0x74, 0x65, 0x6e
  .byte 0x74, 0x0a, 0x20, 0x20, 0x20, 0x20, 0x70, 0x72, 0x6f, 0x70, 0x73, 0x3a, 0x0a, 0x20, 0x20, 0x20
  .byte 0x20, 0x20, 0x20, 0x74, 0x65, 0x78, 0x74, 0x3a, 0x20, 0x41, 0x64, 0x76, 0x61, 0x6e, 0x63, 0x65
  .byte 0x64, 0x20, 0x63, 0x6f, 0x6c, 0x6c, 0x61, 0x62, 0x6f, 0x72, 0x61, 0x74, 0x69, 0x6f, 0x6e, 0x2c
  .byte 0x20, 0x61, 0x75, 0x74, 0x6f, 0x6d, 0x61, 0x74, 0x69, 0x6f, 0x6e, 0x2c, 0x20, 0x61, 0x6e, 0x64
  .byte 0x20, 0x64, 0x65, 0x65, 0x70, 0x65, 0x72, 0x20, 0x69, 0x6e, 0x73, 0x69, 0x67, 0x68, 0x74, 0x73
  .byte 0x2e, 0x0a, 0x20, 0x20, 0x20, 0x20, 0x20, 0x20, 0x73, 0x69, 0x7a, 0x65, 0x3a, 0x20, 0x64, 0x65
  .byte 0x66, 0x61, 0x75, 0x6c, 0x74, 0x0a, 0x20, 0x20, 0x74, 0x65, 0x78, 0x74, 0x63, 0x6f, 0x6e, 0x74
  .byte 0x65, 0x6e, 0x74, 0x2d, 0x32, 0x30, 0x3a, 0x0a, 0x20, 0x20, 0x20, 0x20, 0x74, 0x79, 0x70, 0x65
  .byte 0x3a, 0x20, 0x54, 0x65, 0x78, 0x74, 0x43, 0x6f, 0x6e, 0x74, 0x65, 0x6e, 0x74, 0x0a, 0x20, 0x20
  .byte 0x20, 0x20, 0x70, 0x72, 0x6f, 0x70, 0x73, 0x3a, 0x0a, 0x20, 0x20, 0x20, 0x20, 0x20, 0x20, 0x74
  .byte 0x65, 0x78, 0x74, 0x3a, 0x20, 0x22, 0x45, 0x76, 0x65, 0x72, 0x79, 0x74, 0x68, 0x69, 0x6e, 0x67
  .byte 0x20, 0x69, 0x6e, 0x20, 0x42, 0x61, 0x73, 0x69, 0x63, 0x2c, 0x20, 0x70, 0x6c, 0x75, 0x73, 0x3a
  .byte 0x22, 0x0a, 0x20, 0x20, 0x20, 0x20, 0x20, 0x20, 0x73, 0x69, 0x7a, 0x65, 0x3a, 0x20, 0x73, 0x6d
  .byte 0x61, 0x6c, 0x6c, 0x2d, 0x68, 0x65, 0x61, 0x76, 0x79, 0x0a, 0x20, 0x20, 0x6d, 0x61, 0x72, 0x6b
  .byte 0x64, 0x6f, 0x77, 0x6e, 0x72, 0x65, 0x6e, 0x64, 0x65, 0x72, 0x65, 0x72, 0x2d, 0x32, 0x31, 0x3a
  .byte 0x0a, 0x20, 0x20, 0x20, 0x20, 0x74, 0x79, 0x70, 0x65, 0x3a, 0x20, 0x4d, 0x61, 0x72, 0x6b, 0x44
  .byte 0x6f, 0x77, 0x6e, 0x52, 0x65, 0x6e, 0x64, 0x65, 0x72, 0x65, 0x72, 0x0a, 0x20, 0x20, 0x20, 0x20
  .byte 0x70, 0x72, 0x6f, 0x70, 0x73, 0x3a, 0x0a, 0x20, 0x20, 0x20, 0x20, 0x20, 0x20, 0x74, 0x65, 0x78
  .byte 0x74, 0x4d, 0x61, 0x72, 0x6b, 0x64, 0x6f, 0x77, 0x6e, 0x3a, 0x20, 0x7c, 0x2d, 0x0a, 0x20, 0x20
  .byte 0x20, 0x20, 0x20, 0x20, 0x20, 0x20, 0x2d, 0x20, 0x35, 0x20, 0x77, 0x6f, 0x72, 0x6b, 0x73, 0x70
  .byte 0x61, 0x63, 0x65, 0x73, 0x0a, 0x20, 0x20, 0x20, 0x20, 0x20, 0x20, 0x20, 0x20, 0x2d, 0x20, 0x55
  .byte 0x6e, 0x6c, 0x69, 0x6d, 0x69, 0x74, 0x65, 0x64, 0x20, 0x70, 0x72, 0x6f, 0x6a, 0x65, 0x63, 0x74
  .byte 0x73, 0x0a, 0x20, 0x20, 0x20, 0x20, 0x20, 0x20, 0x20, 0x20, 0x2d, 0x20, 0x31, 0x30, 0x30, 0x20
  .byte 0x47, 0x42, 0x20, 0x73, 0x74, 0x6f, 0x72, 0x61, 0x67, 0x65, 0x0a, 0x20, 0x20, 0x20, 0x20, 0x20
  .byte 0x20, 0x20, 0x20, 0x2d, 0x20, 0x54, 0x65, 0x61, 0x6d, 0x20, 0x72, 0x6f, 0x6c, 0x65, 0x73, 0x20
  .byte 0x26, 0x20, 0x70, 0x65, 0x72, 0x6d, 0x69, 0x73, 0x73, 0x69, 0x6f, 0x6e, 0x73, 0x0a, 0x20, 0x20
  .byte 0x20, 0x20, 0x20, 0x20, 0x20, 0x20, 0x2d, 0x20, 0x41, 0x75, 0x74, 0x6f, 0x6d, 0x61, 0x74, 0x69
  .byte 0x6f, 0x6e, 0x73, 0x20, 0x28, 0x31, 0x2c, 0x30, 0x30, 0x30, 0x20, 0x72, 0x75, 0x6e, 0x73, 0x2f
  .byte 0x6d, 0x6f, 0x6e, 0x74, 0x68, 0x29, 0x0a, 0x20, 0x20, 0x20, 0x20, 0x20, 0x20, 0x20, 0x20, 0x2d
  .byte 0x20, 0x49, 0x6e, 0x74, 0x65, 0x67, 0x72, 0x61, 0x74, 0x69, 0x6f, 0x6e, 0x73, 0x20, 0x28, 0x53
  .byte 0x6c, 0x61, 0x63, 0x6b, 0x2c, 0x20, 0x47, 0x69, 0x74, 0x48, 0x75, 0x62, 0x2c, 0x20, 0x5a, 0x61
  .byte 0x70, 0x69, 0x65, 0x72, 0x29, 0x0a, 0x20, 0x20, 0x20, 0x20, 0x20, 0x20, 0x20, 0x20, 0x2d, 0x20
  .byte 0x50, 0x72, 0x69, 0x6f, 0x72, 0x69, 0x74, 0x79, 0x20, 0x65, 0x6d, 0x61, 0x69, 0x6c, 0x20, 0x73
  .byte 0x75, 0x70, 0x70, 0x6f, 0x72, 0x74, 0x0a, 0x20, 0x20, 0x20, 0x20, 0x20, 0x20, 0x76, 0x61, 0x72
  .byte 0x69, 0x61, 0x6e, 0x74, 0x3a, 0x20, 0x63, 0x6c, 0x65, 0x61, 0x72, 0x0a, 0x20, 0x20, 0x62, 0x75
  .byte 0x74, 0x74, 0x6f, 0x6e, 0x2d, 0x32, 0x33, 0x3a, 0x0a, 0x20, 0x20, 0x20, 0x20, 0x74, 0x79, 0x70
  .byte 0x65, 0x3a, 0x20, 0x42, 0x75, 0x74, 0x74, 0x6f, 0x6e, 0x0a, 0x20, 0x20, 0x20, 0x20, 0x70, 0x72
  .byte 0x6f, 0x70, 0x73, 0x3a, 0x0a, 0x20, 0x20, 0x20, 0x20, 0x20, 0x20, 0x6c, 0x61, 0x62, 0x65, 0x6c
  .byte 0x3a, 0x20, 0x43, 0x68, 0x6f, 0x6f, 0x73, 0x65, 0x20, 0x50, 0x72, 0x6f, 0x0a, 0x20, 0x20, 0x20
  .byte 0x20, 0x20, 0x20, 0x61, 0x63, 0x74, 0x69, 0x6f, 0x6e, 0x3a, 0x20, 0x61, 0x63, 0x74, 0x69, 0x6f
  .byte 0x6e, 0x3a, 0x73, 0x65, 0x6c, 0x65, 0x63, 0x74, 0x5f, 0x70, 0x6c, 0x61, 0x6e, 0x5f, 0x70, 0x72
  .byte 0x6f, 0x0a, 0x20, 0x20, 0x20, 0x20, 0x20, 0x20, 0x76, 0x61, 0x72, 0x69, 0x61, 0x6e, 0x74, 0x3a
  .byte 0x20, 0x70, 0x72, 0x69, 0x6d, 0x61, 0x72, 0x79, 0x0a, 0x20, 0x20, 0x62, 0x75, 0x74, 0x74, 0x6f
  .byte 0x6e, 0x2d, 0x32, 0x34, 0x3a, 0x0a, 0x20, 0x20, 0x20, 0x20, 0x74, 0x79, 0x70, 0x65, 0x3a, 0x20
  .byte 0x42, 0x75, 0x74, 0x74, 0x6f, 0x6e, 0x0a, 0x20, 0x20, 0x20, 0x20, 0x70, 0x72, 0x6f, 0x70, 0x73
  .byte 0x3a, 0x0a, 0x20, 0x20, 0x20, 0x20, 0x20, 0x20, 0x6c, 0x61, 0x62, 0x65, 0x6c, 0x3a, 0x20, 0x54
  .byte 0x72, 0x79, 0x20, 0x66, 0x72, 0x65, 0x65, 0x0a, 0x20, 0x20, 0x20, 0x20, 0x20, 0x20, 0x61, 0x63
  .byte 0x74, 0x69, 0x6f, 0x6e, 0x3a, 0x20, 0x61, 0x63, 0x74, 0x69, 0x6f, 0x6e, 0x3a, 0x74, 0x72, 0x69
  .byte 0x61, 0x6c, 0x5f, 0x70, 0x72, 0x6f, 0x0a, 0x20, 0x20, 0x20, 0x20, 0x20, 0x20, 0x76, 0x61, 0x72
  .byte 0x69, 0x61, 0x6e, 0x74, 0x3a, 0x20, 0x73, 0x65, 0x63, 0x6f, 0x6e, 0x64, 0x61, 0x72, 0x79, 0x0a
  .byte 0x20, 0x20, 0x62, 0x75, 0x74, 0x74, 0x6f, 0x6e, 0x73, 0x2d, 0x32, 0x32, 0x3a, 0x0a, 0x20, 0x20
  .byte 0x20, 0x20, 0x74, 0x79, 0x70, 0x65, 0x3a, 0x20, 0x42, 0x75, 0x74, 0x74, 0x6f, 0x6e, 0x73, 0x0a
  .byte 0x20, 0x20, 0x20, 0x20, 0x70, 0x72, 0x6f, 0x70, 0x73, 0x3a, 0x20, 0x7b, 0x7d, 0x0a, 0x20, 0x20
  .byte 0x20, 0x20, 0x63, 0x68, 0x69, 0x6c, 0x64, 0x72, 0x65, 0x6e, 0x3a, 0x0a, 0x20, 0x20, 0x20, 0x20
  .byte 0x20, 0x20, 0x2d, 0x20, 0x62, 0x75, 0x74, 0x74, 0x6f, 0x6e, 0x2d, 0x32, 0x33, 0x0a, 0x20, 0x20
  .byte 0x20, 0x20, 0x20, 0x20, 0x2d, 0x20, 0x62, 0x75, 0x74, 0x74, 0x6f, 0x6e, 0x2d, 0x32, 0x34, 0x0a
  .byte 0x20, 0x20, 0x63, 0x61, 0x6c, 0x6c, 0x6f, 0x75, 0x74, 0x2d, 0x32, 0x35, 0x3a, 0x0a, 0x20, 0x20
  .byte 0x20, 0x20, 0x74, 0x79, 0x70, 0x65, 0x3a, 0x20, 0x43, 0x61, 0x6c, 0x6c, 0x6f, 0x75, 0x74, 0x0a
  .byte 0x20, 0x20, 0x20, 0x20, 0x70, 0x72, 0x6f, 0x70, 0x73, 0x3a, 0x0a, 0x20, 0x20, 0x20, 0x20, 0x20
  .byte 0x20, 0x76, 0x61, 0x72, 0x69, 0x61, 0x6e, 0x74, 0x3a, 0x20, 0x73, 0x75, 0x63, 0x63, 0x65, 0x73
  .byte 0x73, 0x0a, 0x20, 0x20, 0x20, 0x20, 0x20, 0x20, 0x74, 0x69, 0x74, 0x6c, 0x65, 0x3a, 0x20, 0x4d
  .byte 0x6f, 0x73, 0x74, 0x20, 0x70, 0x6f, 0x70, 0x75, 0x6c, 0x61, 0x72, 0x0a, 0x20, 0x20, 0x20, 0x20
  .byte 0x20, 0x20, 0x64, 0x65, 0x73, 0x63, 0x72, 0x69, 0x70, 0x74, 0x69, 0x6f, 0x6e, 0x3a, 0x20, 0x42
  .byte 0x65, 0x73, 0x74, 0x20, 0x76, 0x61, 0x6c, 0x75, 0x65, 0x20, 0x66, 0x6f, 0x72, 0x20, 0x74, 0x65
  .byte 0x61, 0x6d, 0x73, 0x20, 0x74, 0x68, 0x61, 0x74, 0x20, 0x77, 0x61, 0x6e, 0x74, 0x20, 0x74, 0x6f
  .byte 0x20, 0x73, 0x63, 0x61, 0x6c, 0x65, 0x20, 0x77, 0x69, 0x74, 0x68, 0x6f, 0x75, 0x74, 0x20, 0x73
  .byte 0x77, 0x69, 0x74, 0x63, 0x68, 0x69, 0x6e, 0x67, 0x20, 0x74, 0x6f, 0x6f, 0x6c, 0x73, 0x20, 0x6c
  .byte 0x61, 0x74, 0x65, 0x72, 0x2e, 0x0a, 0x20, 0x20, 0x63, 0x61, 0x72, 0x64, 0x2d, 0x31, 0x36, 0x3a
  .byte 0x0a, 0x20, 0x20, 0x20, 0x20, 0x74, 0x79, 0x70, 0x65, 0x3a, 0x20, 0x43, 0x61, 0x72, 0x64, 0x0a
  .byte 0x20, 0x20, 0x20, 0x20, 0x70, 0x72, 0x6f, 0x70, 0x73, 0x3a, 0x0a, 0x20, 0x20, 0x20, 0x20, 0x20
  .byte 0x20, 0x76, 0x61, 0x72, 0x69, 0x61, 0x6e, 0x74, 0x3a, 0x20, 0x73, 0x75, 0x6e, 0x6b, 0x0a, 0x20
  .byte 0x20, 0x20, 0x20, 0x63, 0x68, 0x69, 0x6c, 0x64, 0x72, 0x65, 0x6e, 0x3a, 0x0a, 0x20, 0x20, 0x20
  .byte 0x20, 0x20, 0x20, 0x2d, 0x20, 0x63, 0x61, 0x72, 0x64, 0x68, 0x65, 0x61, 0x64, 0x65, 0x72, 0x2d
  .byte 0x31, 0x37, 0x0a, 0x20, 0x20, 0x20, 0x20, 0x20, 0x20, 0x2d, 0x20, 0x74, 0x65, 0x78, 0x74, 0x63
  .byte 0x6f, 0x6e, 0x74, 0x65, 0x6e, 0x74, 0x2d, 0x31, 0x38, 0x0a, 0x20, 0x20, 0x20, 0x20, 0x20, 0x20
  .byte 0x2d, 0x20, 0x74, 0x65, 0x78, 0x74, 0x63, 0x6f, 0x6e, 0x74, 0x65, 0x6e, 0x74, 0x2d, 0x31, 0x39
  .byte 0x0a, 0x20, 0x20, 0x20, 0x20, 0x20, 0x20, 0x2d, 0x20, 0x74, 0x65, 0x78, 0x74, 0x63, 0x6f, 0x6e
  .byte 0x74, 0x65, 0x6e, 0x74, 0x2d, 0x32, 0x30, 0x0a, 0x20, 0x20, 0x20, 0x20, 0x20, 0x20, 0x2d, 0x20
  .byte 0x6d, 0x61, 0x72, 0x6b, 0x64, 0x6f, 0x77, 0x6e, 0x72, 0x65, 0x6e, 0x64, 0x65, 0x72, 0x65, 0x72
  .byte 0x2d, 0x32, 0x31, 0x0a, 0x20, 0x20, 0x20, 0x20, 0x20, 0x20, 0x2d, 0x20, 0x62, 0x75, 0x74, 0x74
  .byte 0x6f, 0x6e, 0x73, 0x2d, 0x32, 0x32, 0x0a, 0x20, 0x20, 0x20, 0x20, 0x20, 0x20, 0x2d, 0x20, 0x63
  .byte 0x61, 0x6c, 0x6c, 0x6f, 0x75, 0x74, 0x2d, 0x32, 0x35, 0x0a, 0x20, 0x20, 0x63, 0x61, 0x72, 0x64
  .byte 0x68, 0x65, 0x61, 0x64, 0x65, 0x72, 0x2d, 0x32, 0x37, 0x3a, 0x0a, 0x20, 0x20, 0x20, 0x20, 0x74
  .byte 0x79, 0x70, 0x65, 0x3a, 0x20, 0x43, 0x61, 0x72, 0x64, 0x48, 0x65, 0x61, 0x64, 0x65, 0x72, 0x0a
  .byte 0x20, 0x20, 0x20, 0x20, 0x70, 0x72, 0x6f, 0x70, 0x73, 0x3a, 0x0a, 0x20, 0x20, 0x20, 0x20, 0x20
  .byte 0x20, 0x74, 0x69, 0x74, 0x6c, 0x65, 0x3a, 0x20, 0x45, 0x6e, 0x74, 0x65, 0x72, 0x70, 0x72, 0x69
  .byte 0x73, 0x65, 0x0a, 0x20, 0x20, 0x20, 0x20, 0x20, 0x20, 0x73, 0x75, 0x62, 0x74, 0x69, 0x74, 0x6c
  .byte 0x65, 0x3a, 0x20, 0x46, 0x6f, 0x72, 0x20, 0x6f, 0x72, 0x67, 0x61, 0x6e, 0x69, 0x7a, 0x61, 0x74
  .byte 0x69, 0x6f, 0x6e, 0x73, 0x20, 0x77, 0x69, 0x74, 0x68, 0x20, 0x61, 0x64, 0x76, 0x61, 0x6e, 0x63
  .byte 0x65, 0x64, 0x20, 0x73, 0x65, 0x63, 0x75, 0x72, 0x69, 0x74, 0x79, 0x20, 0x61, 0x6e, 0x64, 0x20
  .byte 0x73, 0x63, 0x61, 0x6c, 0x65, 0x0a, 0x20, 0x20, 0x74, 0x65, 0x78, 0x74, 0x63, 0x6f, 0x6e, 0x74
  .byte 0x65, 0x6e, 0x74, 0x2d, 0x32, 0x38, 0x3a, 0x0a, 0x20, 0x20, 0x20, 0x20, 0x74, 0x79, 0x70, 0x65
  .byte 0x3a, 0x20, 0x54, 0x65, 0x78, 0x74, 0x43, 0x6f, 0x6e, 0x74, 0x65, 0x6e, 0x74, 0x0a, 0x20, 0x20
  .byte 0x20, 0x20, 0x70, 0x72, 0x6f, 0x70, 0x73, 0x3a, 0x0a, 0x20, 0x20, 0x20, 0x20, 0x20, 0x20, 0x74
  .byte 0x65, 0x78, 0x74, 0x3a, 0x20, 0x43, 0x75, 0x73, 0x74, 0x6f, 0x6d, 0x20, 0x70, 0x72, 0x69, 0x63
  .byte 0x69, 0x6e, 0x67, 0x0a, 0x20, 0x20, 0x20, 0x20, 0x20, 0x20, 0x73, 0x69, 0x7a, 0x65, 0x3a, 0x20
  .byte 0x6c, 0x61, 0x72, 0x67, 0x65, 0x2d, 0x68, 0x65, 0x61, 0x76, 0x79, 0x0a, 0x20, 0x20, 0x74, 0x65
  .byte 0x78, 0x74, 0x63, 0x6f, 0x6e, 0x74, 0x65, 0x6e, 0x74, 0x2d, 0x32, 0x39, 0x3a, 0x0a, 0x20, 0x20
  .byte 0x20, 0x20, 0x74, 0x79, 0x70, 0x65, 0x3a, 0x20, 0x54, 0x65, 0x78, 0x74, 0x43, 0x6f, 0x6e, 0x74
  .byte 0x65, 0x6e, 0x74, 0x0a, 0x20, 0x20, 0x20, 0x20, 0x70, 0x72, 0x6f, 0x70, 0x73, 0x3a, 0x0a, 0x20
  .byte 0x20, 0x20, 0x20, 0x20, 0x20, 0x74, 0x65, 0x78, 0x74, 0x3a, 0x20, 0x53, 0x65, 0x63, 0x75, 0x72
  .byte 0x69, 0x74, 0x79, 0x2c, 0x20, 0x63, 0x6f, 0x6d, 0x70, 0x6c, 0x69, 0x61, 0x6e, 0x63, 0x65, 0x2c
  .byte 0x20, 0x61, 0x6e, 0x64, 0x20, 0x64, 0x65, 0x64, 0x69, 0x63, 0x61, 0x74, 0x65, 0x64, 0x20, 0x73
  .byte 0x75, 0x70, 0x70, 0x6f, 0x72, 0x74, 0x20, 0x74, 0x61, 0x69, 0x6c, 0x6f, 0x72, 0x65, 0x64, 0x20
  .byte 0x74, 0x6f, 0x20, 0x79, 0x6f, 0x75, 0x72, 0x20, 0x6e, 0x65, 0x65, 0x64, 0x73, 0x2e, 0x0a, 0x20
  .byte 0x20, 0x20, 0x20, 0x20, 0x20, 0x73, 0x69, 0x7a, 0x65, 0x3a, 0x20, 0x64, 0x65, 0x66, 0x61, 0x75
  .byte 0x6c, 0x74, 0x0a, 0x20, 0x20, 0x74, 0x65, 0x78, 0x74, 0x63, 0x6f, 0x6e, 0x74, 0x65, 0x6e, 0x74
  .byte 0x2d, 0x33, 0x30, 0x3a, 0x0a, 0x20, 0x20, 0x20, 0x20, 0x74, 0x79, 0x70, 0x65, 0x3a, 0x20, 0x54
  .byte 0x65, 0x78, 0x74, 0x43, 0x6f, 0x6e, 0x74, 0x65, 0x6e, 0x74, 0x0a, 0x20, 0x20, 0x20, 0x20, 0x70
  .byte 0x72, 0x6f, 0x70, 0x73, 0x3a, 0x0a, 0x20, 0x20, 0x20, 0x20, 0x20, 0x20, 0x74, 0x65, 0x78, 0x74
  .byte 0x3a, 0x20, 0x22, 0x45, 0x76, 0x65, 0x72, 0x79, 0x74, 0x68, 0x69, 0x6e, 0x67, 0x20, 0x69, 0x6e
  .byte 0x20, 0x50, 0x72, 0x6f, 0x2c, 0x20, 0x70, 0x6c, 0x75, 0x73, 0x3a, 0x22, 0x0a, 0x20, 0x20, 0x20
  .byte 0x20, 0x20, 0x20, 0x73, 0x69, 0x7a, 0x65, 0x3a, 0x20, 0x73, 0x6d, 0x61, 0x6c, 0x6c, 0x2d, 0x68
  .byte 0x65, 0x61, 0x76, 0x79, 0x0a, 0x20, 0x20, 0x6d, 0x61, 0x72, 0x6b, 0x64, 0x6f, 0x77, 0x6e, 0x72
  .byte 0x65, 0x6e, 0x64, 0x65, 0x72, 0x65, 0x72, 0x2d, 0x33, 0x31, 0x3a, 0x0a, 0x20, 0x20, 0x20, 0x20
  .byte 0x74, 0x79, 0x70, 0x65, 0x3a, 0x20, 0x4d, 0x61, 0x72, 0x6b, 0x44, 0x6f, 0x77, 0x6e, 0x52, 0x65
  .byte 0x6e, 0x64, 0x65, 0x72, 0x65, 0x72, 0x0a, 0x20, 0x20, 0x20, 0x20, 0x70, 0x72, 0x6f, 0x70, 0x73
  .byte 0x3a, 0x0a, 0x20, 0x20, 0x20, 0x20, 0x20, 0x20, 0x74, 0x65, 0x78, 0x74, 0x4d, 0x61, 0x72, 0x6b
  .byte 0x64, 0x6f, 0x77, 0x6e, 0x3a, 0x20, 0x7c, 0x2d, 0x0a, 0x20, 0x20, 0x20, 0x20, 0x20, 0x20, 0x20
  .byte 0x20, 0x2d, 0x20, 0x55, 0x6e, 0x6c, 0x69, 0x6d, 0x69, 0x74, 0x65, 0x64, 0x20, 0x77, 0x6f, 0x72
  .byte 0x6b, 0x73, 0x70, 0x61, 0x63, 0x65, 0x73, 0x0a, 0x20, 0x20, 0x20, 0x20, 0x20, 0x20, 0x20, 0x20
  .byte 0x2d, 0x20, 0x55, 0x6e, 0x6c, 0x69, 0x6d, 0x69, 0x74, 0x65, 0x64, 0x20, 0x73, 0x74, 0x6f, 0x72
  .byte 0x61, 0x67, 0x65, 0x20, 0x28, 0x66, 0x61, 0x69, 0x72, 0x20, 0x75, 0x73, 0x65, 0x29, 0x0a, 0x20
  .byte 0x20, 0x20, 0x20, 0x20, 0x20, 0x20, 0x20, 0x2d, 0x20, 0x53, 0x53, 0x4f, 0x2f, 0x53, 0x41, 0x4d
  .byte 0x4c, 0x20, 0x26, 0x20, 0x53, 0x43, 0x49, 0x4d, 0x20, 0x70, 0x72, 0x6f, 0x76, 0x69, 0x73, 0x69
  .byte 0x6f, 0x6e, 0x69, 0x6e, 0x67, 0x0a, 0x20, 0x20, 0x20, 0x20, 0x20, 0x20, 0x20, 0x20, 0x2d, 0x20
  .byte 0x41, 0x75, 0x64, 0x69, 0x74, 0x20, 0x6c, 0x6f, 0x67, 0x73, 0x20, 0x26, 0x20, 0x64, 0x61, 0x74
  .byte 0x61, 0x20, 0x72, 0x65, 0x74, 0x65, 0x6e, 0x74, 0x69, 0x6f, 0x6e, 0x20, 0x63, 0x6f, 0x6e, 0x74
  .byte 0x72, 0x6f, 0x6c, 0x73, 0x0a, 0x20, 0x20, 0x20, 0x20, 0x20, 0x20, 0x20, 0x20, 0x2d, 0x20, 0x44
  .byte 0x65, 0x64, 0x69, 0x63, 0x61, 0x74, 0x65, 0x64, 0x20, 0x73, 0x75, 0x63, 0x63, 0x65, 0x73, 0x73
  .byte 0x20, 0x6d, 0x61, 0x6e, 0x61, 0x67, 0x65, 0x72, 0x0a, 0x20, 0x20, 0x20, 0x20, 0x20, 0x20, 0x20
  .byte 0x20, 0x2d, 0x20, 0x39, 0x39, 0x2e, 0x39, 0x25, 0x20, 0x75, 0x70, 0x74, 0x69, 0x6d, 0x65, 0x20
  .byte 0x53, 0x4c, 0x41, 0x0a, 0x20, 0x20, 0x20, 0x20, 0x20, 0x20, 0x20, 0x20, 0x2d, 0x20, 0x43, 0x75
  .byte 0x73, 0x74, 0x6f, 0x6d, 0x20, 0x6c, 0x65, 0x67, 0x61, 0x6c, 0x20, 0x26, 0x20, 0x69, 0x6e, 0x76
  .byte 0x6f, 0x69, 0x63, 0x69, 0x6e, 0x67, 0x0a, 0x20, 0x20, 0x20, 0x20, 0x20, 0x20, 0x76, 0x61, 0x72
  .byte 0x69, 0x61, 0x6e, 0x74, 0x3a, 0x20, 0x63, 0x6c, 0x65, 0x61, 0x72, 0x0a, 0x20, 0x20, 0x62, 0x75
  .byte 0x74, 0x74, 0x6f, 0x6e, 0x2d, 0x33, 0x33, 0x3a, 0x0a, 0x20, 0x20, 0x20, 0x20, 0x74, 0x79, 0x70
  .byte 0x65, 0x3a, 0x20, 0x42, 0x75, 0x74, 0x74, 0x6f, 0x6e, 0x0a, 0x20, 0x20, 0x20, 0x20, 0x70, 0x72
  .byte 0x6f, 0x70, 0x73, 0x3a, 0x0a, 0x20, 0x20, 0x20, 0x20, 0x20, 0x20, 0x6c, 0x61, 0x62, 0x65, 0x6c
  .byte 0x3a, 0x20, 0x43, 0x6f, 0x6e, 0x74, 0x61, 0x63, 0x74, 0x20, 0x73, 0x61, 0x6c, 0x65, 0x73, 0x0a
  .byte 0x20, 0x20, 0x20, 0x20, 0x20, 0x20, 0x61, 0x63, 0x74, 0x69, 0x6f, 0x6e, 0x3a, 0x20, 0x61, 0x63
  .byte 0x74, 0x69, 0x6f, 0x6e, 0x3a, 0x63, 0x6f, 0x6e, 0x74, 0x61, 0x63, 0x74, 0x5f, 0x73, 0x61, 0x6c
  .byte 0x65, 0x73, 0x5f, 0x65, 0x6e, 0x74, 0x65, 0x72, 0x70, 0x72, 0x69, 0x73, 0x65, 0x0a, 0x20, 0x20
  .byte 0x20, 0x20, 0x20, 0x20, 0x76, 0x61, 0x72, 0x69, 0x61, 0x6e, 0x74, 0x3a, 0x20, 0x70, 0x72, 0x69
  .byte 0x6d, 0x61, 0x72, 0x79, 0x0a, 0x20, 0x20, 0x62, 0x75, 0x74, 0x74, 0x6f, 0x6e, 0x2d, 0x33, 0x34
  .byte 0x3a, 0x0a, 0x20, 0x20, 0x20, 0x20, 0x74, 0x79, 0x70, 0x65, 0x3a, 0x20, 0x42, 0x75, 0x74, 0x74
  .byte 0x6f, 0x6e, 0x0a, 0x20, 0x20, 0x20, 0x20, 0x70, 0x72, 0x6f, 0x70, 0x73, 0x3a, 0x0a, 0x20, 0x20
  .byte 0x20, 0x20, 0x20, 0x20, 0x6c, 0x61, 0x62, 0x65, 0x6c, 0x3a, 0x20, 0x52, 0x65, 0x71, 0x75, 0x65
  .byte 0x73, 0x74, 0x20, 0x64, 0x65, 0x6d, 0x6f, 0x0a, 0x20, 0x20, 0x20, 0x20, 0x20, 0x20, 0x61, 0x63
  .byte 0x74, 0x69, 0x6f, 0x6e, 0x3a, 0x20, 0x61, 0x63, 0x74, 0x69, 0x6f, 0x6e, 0x3a, 0x72, 0x65, 0x71
  .byte 0x75, 0x65, 0x73, 0x74, 0x5f, 0x64, 0x65, 0x6d, 0x6f, 0x5f, 0x65, 0x6e, 0x74, 0x65, 0x72, 0x70
  .byte 0x72, 0x69, 0x73, 0x65, 0x0a, 0x20, 0x20, 0x20, 0x20, 0x20, 0x20, 0x76, 0x61, 0x72, 0x69, 0x61
  .byte 0x6e, 0x74, 0x3a, 0x20, 0x73, 0x65, 0x63, 0x6f, 0x6e, 0x64, 0x61, 0x72, 0x79, 0x0a, 0x20, 0x20
  .byte 0x62, 0x75, 0x74, 0x74, 0x6f, 0x6e, 0x73, 0x2d, 0x33, 0x32, 0x3a, 0x0a, 0x20, 0x20, 0x20, 0x20
  .byte 0x74, 0x79, 0x70, 0x65, 0x3a, 0x20, 0x42, 0x75, 0x74, 0x74, 0x6f, 0x6e, 0x73, 0x0a, 0x20, 0x20
  .byte 0x20, 0x20, 0x70, 0x72, 0x6f, 0x70, 0x73, 0x3a, 0x20, 0x7b, 0x7d, 0x0a, 0x20, 0x20, 0x20, 0x20
  .byte 0x63, 0x68, 0x69, 0x6c, 0x64, 0x72, 0x65, 0x6e, 0x3a, 0x0a, 0x20, 0x20, 0x20, 0x20, 0x20, 0x20
  .byte 0x2d, 0x20, 0x62, 0x75, 0x74, 0x74, 0x6f, 0x6e, 0x2d, 0x33, 0x33, 0x0a, 0x20, 0x20, 0x20, 0x20
  .byte 0x20, 0x20, 0x2d, 0x20, 0x62, 0x75, 0x74, 0x74, 0x6f, 0x6e, 0x2d, 0x33, 0x34, 0x0a, 0x20, 0x20
  .byte 0x74, 0x65, 0x78, 0x74, 0x63, 0x61, 0x6c, 0x6c, 0x6f, 0x75, 0x74, 0x2d, 0x33, 0x35, 0x3a, 0x0a
  .byte 0x20, 0x20, 0x20, 0x20, 0x74, 0x79, 0x70, 0x65, 0x3a, 0x20, 0x54, 0x65, 0x78, 0x74, 0x43, 0x61
  .byte 0x6c, 0x6c, 0x6f, 0x75, 0x74, 0x0a, 0x20, 0x20, 0x20, 0x20, 0x70, 0x72, 0x6f, 0x70, 0x73, 0x3a
  .byte 0x0a, 0x20, 0x20, 0x20, 0x20, 0x20, 0x20, 0x76, 0x61, 0x72, 0x69, 0x61, 0x6e, 0x74, 0x3a, 0x20
  .byte 0x6e, 0x65, 0x75, 0x74, 0x72, 0x61, 0x6c, 0x0a, 0x20, 0x20, 0x20, 0x20, 0x20, 0x20, 0x74, 0x69
  .byte 0x74, 0x6c, 0x65, 0x3a, 0x20, 0x4e, 0x65, 0x65, 0x64, 0x20, 0x70, 0x72, 0x6f, 0x63, 0x75, 0x72
  .byte 0x65, 0x6d, 0x65, 0x6e, 0x74, 0x20, 0x73, 0x75, 0x70, 0x70, 0x6f, 0x72, 0x74, 0x3f, 0x0a, 0x20
  .byte 0x20, 0x20, 0x20, 0x20, 0x20, 0x64, 0x65, 0x73, 0x63, 0x72, 0x69, 0x70, 0x74, 0x69, 0x6f, 0x6e
  .byte 0x3a, 0x20, 0x57, 0x65, 0x20, 0x63, 0x61, 0x6e, 0x20, 0x70, 0x72, 0x6f, 0x76, 0x69, 0x64, 0x65
  .byte 0x20, 0x73, 0x65, 0x63, 0x75, 0x72, 0x69, 0x74, 0x79, 0x20, 0x64, 0x6f, 0x63, 0x73, 0x2c, 0x20
  .byte 0x76, 0x65, 0x6e, 0x64, 0x6f, 0x72, 0x20, 0x6f, 0x6e, 0x62, 0x6f, 0x61, 0x72, 0x64, 0x69, 0x6e
  .byte 0x67, 0x2c, 0x20, 0x61, 0x6e, 0x64, 0x20, 0x63, 0x75, 0x73, 0x74, 0x6f, 0x6d, 0x20, 0x74, 0x65
  .byte 0x72, 0x6d, 0x73, 0x2e, 0x0a, 0x20, 0x20, 0x63, 0x61, 0x72, 0x64, 0x2d, 0x32, 0x36, 0x3a, 0x0a
  .byte 0x20, 0x20, 0x20, 0x20, 0x74, 0x79, 0x70, 0x65, 0x3a, 0x20, 0x43, 0x61, 0x72, 0x64, 0x0a, 0x20
  .byte 0x20, 0x20, 0x20, 0x70, 0x72, 0x6f, 0x70, 0x73, 0x3a, 0x0a, 0x20, 0x20, 0x20, 0x20, 0x20, 0x20
  .byte 0x76, 0x61, 0x72, 0x69, 0x61, 0x6e, 0x74, 0x3a, 0x20, 0x63, 0x61, 0x72, 0x64, 0x0a, 0x20, 0x20
  .byte 0x20, 0x20, 0x63, 0x68, 0x69, 0x6c, 0x64, 0x72, 0x65, 0x6e, 0x3a, 0x0a, 0x20, 0x20, 0x20, 0x20
  .byte 0x20, 0x20, 0x2d, 0x20, 0x63, 0x61, 0x72, 0x64, 0x68, 0x65, 0x61, 0x64, 0x65, 0x72, 0x2d, 0x32
  .byte 0x37, 0x0a, 0x20, 0x20, 0x20, 0x20, 0x20, 0x20, 0x2d, 0x20, 0x74, 0x65, 0x78, 0x74, 0x63, 0x6f
  .byte 0x6e, 0x74, 0x65, 0x6e, 0x74, 0x2d, 0x32, 0x38, 0x0a, 0x20, 0x20, 0x20, 0x20, 0x20, 0x20, 0x2d
  .byte 0x20, 0x74, 0x65, 0x78, 0x74, 0x63, 0x6f, 0x6e, 0x74, 0x65, 0x6e, 0x74, 0x2d, 0x32, 0x39, 0x0a
  .byte 0x20, 0x20, 0x20, 0x20, 0x20, 0x20, 0x2d, 0x20, 0x74, 0x65, 0x78, 0x74, 0x63, 0x6f, 0x6e, 0x74
  .byte 0x65, 0x6e, 0x74, 0x2d, 0x33, 0x30, 0x0a, 0x20, 0x20, 0x20, 0x20, 0x20, 0x20, 0x2d, 0x20, 0x6d
  .byte 0x61, 0x72, 0x6b, 0x64, 0x6f, 0x77, 0x6e, 0x72, 0x65, 0x6e, 0x64, 0x65, 0x72, 0x65, 0x72, 0x2d
  .byte 0x33, 0x31, 0x0a, 0x20, 0x20, 0x20, 0x20, 0x20, 0x20, 0x2d, 0x20, 0x62, 0x75, 0x74, 0x74, 0x6f
  .byte 0x6e, 0x73, 0x2d, 0x33, 0x32, 0x0a, 0x20, 0x20, 0x20, 0x20, 0x20, 0x20, 0x2d, 0x20, 0x74, 0x65
  .byte 0x78, 0x74, 0x63, 0x61, 0x6c, 0x6c, 0x6f, 0x75, 0x74, 0x2d, 0x33, 0x35, 0x0a, 0x20, 0x20, 0x73
  .byte 0x74, 0x61, 0x63, 0x6b, 0x2d, 0x36, 0x3a, 0x0a, 0x20, 0x20, 0x20, 0x20, 0x74, 0x79, 0x70, 0x65
  .byte 0x3a, 0x20, 0x53, 0x74, 0x61, 0x63, 0x6b, 0x0a, 0x20, 0x20, 0x20, 0x20, 0x70, 0x72, 0x6f, 0x70
  .byte 0x73, 0x3a, 0x0a, 0x20, 0x20, 0x20, 0x20, 0x20, 0x20, 0x64, 0x69, 0x72, 0x65, 0x63, 0x74, 0x69
  .byte 0x6f, 0x6e, 0x3a, 0x20, 0x72, 0x6f, 0x77, 0x0a, 0x20, 0x20, 0x20, 0x20, 0x20, 0x20, 0x67, 0x61
  .byte 0x70, 0x3a, 0x20, 0x6c, 0x0a, 0x20, 0x20, 0x20, 0x20, 0x20, 0x20, 0x61, 0x6c, 0x69, 0x67, 0x6e
  .byte 0x3a, 0x20, 0x73, 0x74, 0x72, 0x65, 0x74, 0x63, 0x68, 0x0a, 0x20, 0x20, 0x20, 0x20, 0x20, 0x20
  .byte 0x6a, 0x75, 0x73, 0x74, 0x69, 0x66, 0x79, 0x3a, 0x20, 0x73, 0x74, 0x61, 0x72, 0x74, 0x0a, 0x20
  .byte 0x20, 0x20, 0x20, 0x20, 0x20, 0x77, 0x72, 0x61, 0x70, 0x3a, 0x20, 0x74, 0x72, 0x75, 0x65, 0x0a
  .byte 0x20, 0x20, 0x20, 0x20, 0x63, 0x68, 0x69, 0x6c, 0x64, 0x72, 0x65, 0x6e, 0x3a, 0x0a, 0x20, 0x20
  .byte 0x20, 0x20, 0x20, 0x20, 0x2d, 0x20, 0x63, 0x61, 0x72, 0x64, 0x2d, 0x37, 0x0a, 0x20, 0x20, 0x20
  .byte 0x20, 0x20, 0x20, 0x2d, 0x20, 0x63, 0x61, 0x72, 0x64, 0x2d, 0x31, 0x36, 0x0a, 0x20, 0x20, 0x20
  .byte 0x20, 0x20, 0x20, 0x2d, 0x20, 0x63, 0x61, 0x72, 0x64, 0x2d, 0x32, 0x36, 0x0a, 0x20, 0x20, 0x74
  .byte 0x65, 0x78, 0x74, 0x63, 0x6f, 0x6e, 0x74, 0x65, 0x6e, 0x74, 0x2d, 0x33, 0x36, 0x3a, 0x0a, 0x20
  .byte 0x20, 0x20, 0x20, 0x74, 0x79, 0x70, 0x65, 0x3a, 0x20, 0x54, 0x65, 0x78, 0x74, 0x43, 0x6f, 0x6e
  .byte 0x74, 0x65, 0x6e, 0x74, 0x0a, 0x20, 0x20, 0x20, 0x20, 0x70, 0x72, 0x6f, 0x70, 0x73, 0x3a, 0x0a
  .byte 0x20, 0x20, 0x20, 0x20, 0x20, 0x20, 0x74, 0x65, 0x78, 0x74, 0x3a, 0x20, 0x46, 0x65, 0x61, 0x74
  .byte 0x75, 0x72, 0x65, 0x20, 0x63, 0x6f, 0x6d, 0x70, 0x61, 0x72, 0x69, 0x73, 0x6f, 0x6e, 0x0a, 0x20
  .byte 0x20, 0x20, 0x20, 0x20, 0x20, 0x73, 0x69, 0x7a, 0x65, 0x3a, 0x20, 0x6c, 0x61, 0x72, 0x67, 0x65
  .byte 0x2d, 0x68, 0x65, 0x61, 0x76, 0x79, 0x0a, 0x20, 0x20, 0x63, 0x6f, 0x6c, 0x2d, 0x33, 0x38, 0x3a
  .byte 0x0a, 0x20, 0x20, 0x20, 0x20, 0x74, 0x79, 0x70, 0x65, 0x3a, 0x20, 0x43, 0x6f, 0x6c, 0x0a, 0x20
  .byte 0x20, 0x20, 0x20, 0x70, 0x72, 0x6f, 0x70, 0x73, 0x3a, 0x0a, 0x20, 0x20, 0x20, 0x20, 0x20, 0x20
  .byte 0x6c, 0x61, 0x62, 0x65, 0x6c, 0x3a, 0x20, 0x46, 0x65, 0x61, 0x74, 0x75, 0x72, 0x65, 0x0a, 0x20
  .byte 0x20, 0x20, 0x20, 0x20, 0x20, 0x74, 0x79, 0x70, 0x65, 0x3a, 0x20, 0x73, 0x74, 0x72, 0x69, 0x6e
  .byte 0x67, 0x0a, 0x20, 0x20, 0x63, 0x6f, 0x6c, 0x2d, 0x33, 0x39, 0x3a, 0x0a, 0x20, 0x20, 0x20, 0x20
  .byte 0x74, 0x79, 0x70, 0x65, 0x3a, 0x20, 0x43, 0x6f, 0x6c, 0x0a, 0x20, 0x20, 0x20, 0x20, 0x70, 0x72
  .byte 0x6f, 0x70, 0x73, 0x3a, 0x0a, 0x20, 0x20, 0x20, 0x20, 0x20, 0x20, 0x6c, 0x61, 0x62, 0x65, 0x6c
  .byte 0x3a, 0x20, 0x42, 0x61, 0x73, 0x69, 0x63, 0x0a, 0x20, 0x20, 0x20, 0x20, 0x20, 0x20, 0x74, 0x79
  .byte 0x70, 0x65, 0x3a, 0x20, 0x73, 0x74, 0x72, 0x69, 0x6e, 0x67, 0x0a, 0x20, 0x20, 0x63, 0x6f, 0x6c
  .byte 0x2d, 0x34, 0x30, 0x3a, 0x0a, 0x20, 0x20, 0x20, 0x20, 0x74, 0x79, 0x70, 0x65, 0x3a, 0x20, 0x43
  .byte 0x6f, 0x6c, 0x0a, 0x20, 0x20, 0x20, 0x20, 0x70, 0x72, 0x6f, 0x70, 0x73, 0x3a, 0x0a, 0x20, 0x20
  .byte 0x20, 0x20, 0x20, 0x20, 0x6c, 0x61, 0x62, 0x65, 0x6c, 0x3a, 0x20, 0x50, 0x72, 0x6f, 0x0a, 0x20
  .byte 0x20, 0x20, 0x20, 0x20, 0x20, 0x74, 0x79, 0x70, 0x65, 0x3a, 0x20, 0x73, 0x74, 0x72, 0x69, 0x6e
  .byte 0x67, 0x0a, 0x20, 0x20, 0x63, 0x6f, 0x6c, 0x2d, 0x34, 0x31, 0x3a, 0x0a, 0x20, 0x20, 0x20, 0x20
  .byte 0x74, 0x79, 0x70, 0x65, 0x3a, 0x20, 0x43, 0x6f, 0x6c, 0x0a, 0x20, 0x20, 0x20, 0x20, 0x70, 0x72
  .byte 0x6f, 0x70, 0x73, 0x3a, 0x0a, 0x20, 0x20, 0x20, 0x20, 0x20, 0x20, 0x6c, 0x61, 0x62, 0x65, 0x6c
  .byte 0x3a, 0x20, 0x45, 0x6e, 0x74, 0x65, 0x72, 0x70, 0x72, 0x69, 0x73, 0x65, 0x0a, 0x20, 0x20, 0x20
  .byte 0x20, 0x20, 0x20, 0x74, 0x79, 0x70, 0x65, 0x3a, 0x20, 0x73, 0x74, 0x72, 0x69, 0x6e, 0x67, 0x0a
  .byte 0x20, 0x20, 0x74, 0x61, 0x62, 0x6c, 0x65, 0x2d, 0x33, 0x37, 0x3a, 0x0a, 0x20, 0x20, 0x20, 0x20
  .byte 0x74, 0x79, 0x70, 0x65, 0x3a, 0x20, 0x54, 0x61, 0x62, 0x6c, 0x65, 0x0a, 0x20, 0x20, 0x20, 0x20
  .byte 0x70, 0x72, 0x6f, 0x70, 0x73, 0x3a, 0x0a, 0x20, 0x20, 0x20, 0x20, 0x20, 0x20, 0x72, 0x6f, 0x77
  .byte 0x73, 0x3a, 0x0a, 0x20, 0x20, 0x20, 0x20, 0x20, 0x20, 0x20, 0x20, 0x2d, 0x20, 0x2d, 0x20, 0x50
  .byte 0x72, 0x69, 0x63, 0x65, 0x20, 0x28, 0x6d, 0x6f, 0x6e, 0x74, 0x68, 0x6c, 0x79, 0x29, 0x0a, 0x20
  .byte 0x20, 0x20, 0x20, 0x20, 0x20, 0x20, 0x20, 0x20, 0x20, 0x2d, 0x20, 0x24, 0x31, 0x32, 0x0a, 0x20
  .byte 0x20, 0x20, 0x20, 0x20, 0x20, 0x20, 0x20, 0x20, 0x20, 0x2d, 0x20, 0x24, 0x32, 0x39, 0x0a, 0x20
  .byte 0x20, 0x20, 0x20, 0x20, 0x20, 0x20, 0x20, 0x20, 0x20, 0x2d, 0x20, 0x43, 0x75, 0x73, 0x74, 0x6f
  .byte 0x6d, 0x0a, 0x20, 0x20, 0x20, 0x20, 0x20, 0x20, 0x20, 0x20, 0x2d, 0x20, 0x2d, 0x20, 0x57, 0x6f
  .byte 0x72, 0x6b, 0x73, 0x70, 0x61, 0x63, 0x65, 0x73, 0x0a, 0x20, 0x20, 0x20, 0x20, 0x20, 0x20, 0x20
  .byte 0x20, 0x20, 0x20, 0x2d, 0x20, 0x22, 0x31, 0x22, 0x0a, 0x20, 0x20, 0x20, 0x20, 0x20, 0x20, 0x20
  .byte 0x20, 0x20, 0x20, 0x2d, 0x20, 0x22, 0x35, 0x22, 0x0a, 0x20, 0x20, 0x20, 0x20, 0x20, 0x20, 0x20
  .byte 0x20, 0x20, 0x20, 0x2d, 0x20, 0x55, 0x6e, 0x6c, 0x69, 0x6d, 0x69, 0x74, 0x65, 0x64, 0x0a, 0x20
  .byte 0x20, 0x20, 0x20, 0x20, 0x20, 0x20, 0x20, 0x2d, 0x20, 0x2d, 0x20, 0x50, 0x72, 0x6f, 0x6a, 0x65
  .byte 0x63, 0x74, 0x73, 0x0a, 0x20, 0x20, 0x20, 0x20, 0x20, 0x20, 0x20, 0x20, 0x20, 0x20, 0x2d, 0x20
  .byte 0x55, 0x70, 0x20, 0x74, 0x6f, 0x20, 0x33, 0x0a, 0x20, 0x20, 0x20, 0x20, 0x20, 0x20, 0x20, 0x20
  .byte 0x20, 0x20, 0x2d, 0x20, 0x55, 0x6e, 0x6c, 0x69, 0x6d, 0x69, 0x74, 0x65, 0x64, 0x0a, 0x20, 0x20
  .byte 0x20, 0x20, 0x20, 0x20, 0x20, 0x20, 0x20, 0x20, 0x2d, 0x20, 0x55, 0x6e, 0x6c, 0x69, 0x6d, 0x69
  .byte 0x74, 0x65, 0x64, 0x0a, 0x20, 0x20, 0x20, 0x20, 0x20, 0x20, 0x20, 0x20, 0x2d, 0x20, 0x2d, 0x20
  .byte 0x53, 0x74, 0x6f, 0x72, 0x61, 0x67, 0x65, 0x0a, 0x20, 0x20, 0x20, 0x20, 0x20, 0x20, 0x20, 0x20
  .byte 0x20, 0x20, 0x2d, 0x20, 0x35, 0x20, 0x47, 0x42, 0x0a, 0x20, 0x20, 0x20, 0x20, 0x20, 0x20, 0x20
  .byte 0x20, 0x20, 0x20, 0x2d, 0x20, 0x31, 0x30, 0x30, 0x20, 0x47, 0x42, 0x0a, 0x20, 0x20, 0x20, 0x20
  .byte 0x20, 0x20, 0x20, 0x20, 0x20, 0x20, 0x2d, 0x20, 0x55, 0x6e, 0x6c, 0x69, 0x6d, 0x69, 0x74, 0x65
  .byte 0x64, 0x20, 0x28, 0x66, 0x61, 0x69, 0x72, 0x20, 0x75, 0x73, 0x65, 0x29, 0x0a, 0x20, 0x20, 0x20
  .byte 0x20, 0x20, 0x20, 0x20, 0x20, 0x2d, 0x20, 0x2d, 0x20, 0x54, 0x65, 0x61, 0x6d, 0x20, 0x6d, 0x65
  .byte 0x6d, 0x62, 0x65, 0x72, 0x73, 0x0a, 0x20, 0x20, 0x20, 0x20, 0x20, 0x20, 0x20, 0x20, 0x20, 0x20
  .byte 0x2d, 0x20, 0x22, 0x31, 0x22, 0x0a, 0x20, 0x20, 0x20, 0x20, 0x20, 0x20, 0x20, 0x20, 0x20, 0x20
  .byte 0x2d, 0x20, 0x55, 0x70, 0x20, 0x74, 0x6f, 0x20, 0x32, 0x35, 0x0a, 0x20, 0x20, 0x20, 0x20, 0x20
  .byte 0x20, 0x20, 0x20, 0x20, 0x20, 0x2d, 0x20, 0x55, 0x6e, 0x6c, 0x69, 0x6d, 0x69, 0x74, 0x65, 0x64
  .byte 0x0a, 0x20, 0x20, 0x20, 0x20, 0x20, 0x20, 0x20, 0x20, 0x2d, 0x20, 0x2d, 0x20, 0x52, 0x6f, 0x6c
  .byte 0x65, 0x73, 0x20, 0x26, 0x20, 0x70, 0x65, 0x72, 0x6d, 0x69, 0x73, 0x73, 0x69, 0x6f, 0x6e, 0x73
  .byte 0x0a, 0x20, 0x20, 0x20, 0x20, 0x20, 0x20, 0x20, 0x20, 0x20, 0x20, 0x2d, 0x20, 0xe2, 0x80, 0x94
  .byte 0x0a, 0x20, 0x20, 0x20, 0x20, 0x20, 0x20, 0x20, 0x20, 0x20, 0x20, 0x2d, 0x20, 0x59, 0x65, 0x73
  .byte 0x0a, 0x20, 0x20, 0x20, 0x20, 0x20, 0x20, 0x20, 0x20, 0x20, 0x20, 0x2d, 0x20, 0x41, 0x64, 0x76
  .byte 0x61, 0x6e, 0x63, 0x65, 0x64, 0x20, 0x28, 0x63, 0x75, 0x73, 0x74, 0x6f, 0x6d, 0x20, 0x72, 0x6f
  .byte 0x6c, 0x65, 0x73, 0x29, 0x0a, 0x20, 0x20, 0x20, 0x20, 0x20, 0x20, 0x20, 0x20, 0x2d, 0x20, 0x2d
  .byte 0x20, 0x41, 0x75, 0x74, 0x6f, 0x6d, 0x61, 0x74, 0x69, 0x6f, 0x6e, 0x73, 0x0a, 0x20, 0x20, 0x20
  .byte 0x20, 0x20, 0x20, 0x20, 0x20, 0x20, 0x20, 0x2d, 0x20, 0xe2, 0x80, 0x94, 0x0a, 0x20, 0x20, 0x20
  .byte 0x20, 0x20, 0x20, 0x20, 0x20, 0x20, 0x20, 0x2d, 0x20, 0x31, 0x2c, 0x30, 0x30, 0x30, 0x20, 0x72
  .byte 0x75, 0x6e, 0x73, 0x2f, 0x6d, 0x6f, 0x0a, 0x20, 0x20, 0x20, 0x20, 0x20, 0x20, 0x20, 0x20, 0x20
  .byte 0x20, 0x2d, 0x20, 0x55, 0x6e, 0x6c, 0x69, 0x6d, 0x69, 0x74, 0x65, 0x64, 0x20, 0x28, 0x70, 0x6f
  .byte 0x6c, 0x69, 0x63, 0x79, 0x2d, 0x62, 0x61, 0x73, 0x65, 0x64, 0x29, 0x0a, 0x20, 0x20, 0x20, 0x20
  .byte 0x20, 0x20, 0x20, 0x20, 0x2d, 0x20, 0x2d, 0x20, 0x49, 0x6e, 0x74, 0x65, 0x67, 0x72, 0x61, 0x74
  .byte 0x69, 0x6f, 0x6e, 0x73, 0x0a, 0x20, 0x20, 0x20, 0x20, 0x20, 0x20, 0x20, 0x20, 0x20, 0x20, 0x2d
  .byte 0x20, 0x4c, 0x69, 0x6d, 0x69, 0x74, 0x65, 0x64, 0x0a, 0x20, 0x20, 0x20, 0x20, 0x20, 0x20, 0x20
  .byte 0x20, 0x20, 0x20, 0x2d, 0x20, 0x53, 0x74, 0x61, 0x6e, 0x64, 0x61, 0x72, 0x64, 0x0a, 0x20, 0x20
  .byte 0x20, 0x20, 0x20, 0x20, 0x20, 0x20, 0x20, 0x20, 0x2d, 0x20, 0x53, 0x74, 0x61, 0x6e, 0x64, 0x61
  .byte 0x72, 0x64, 0x20, 0x2b, 0x20, 0x63, 0x75, 0x73, 0x74, 0x6f, 0x6d, 0x0a, 0x20, 0x20, 0x20, 0x20
  .byte 0x20, 0x20, 0x20, 0x20, 0x2d, 0x20, 0x2d, 0x20, 0x41, 0x6e, 0x61, 0x6c, 0x79, 0x74, 0x69, 0x63
  .byte 0x73, 0x0a, 0x20, 0x20, 0x20, 0x20, 0x20, 0x20, 0x20, 0x20, 0x20, 0x20, 0x2d, 0x20, 0x42, 0x61
  .byte 0x73, 0x69, 0x63, 0x0a, 0x20, 0x20, 0x20, 0x20, 0x20, 0x20, 0x20, 0x20, 0x20, 0x20, 0x2d, 0x20
  .byte 0x41, 0x64, 0x76, 0x61, 0x6e, 0x63, 0x65, 0x64, 0x0a, 0x20, 0x20, 0x20, 0x20, 0x20, 0x20, 0x20
  .byte 0x20, 0x20, 0x20, 0x2d, 0x20, 0x41, 0x64, 0x76, 0x61, 0x6e, 0x63, 0x65, 0x64, 0x20, 0x2b, 0x20
  .byte 0x65, 0x78, 0x70, 0x6f, 0x72, 0x74, 0x73, 0x0a, 0x20, 0x20, 0x20, 0x20, 0x20, 0x20, 0x20, 0x20
  .byte 0x2d, 0x20, 0x2d, 0x20, 0x53, 0x53, 0x4f, 0x20, 0x28, 0x53, 0x41, 0x4d, 0x4c, 0x29, 0x0a, 0x20
  .byte 0x20, 0x20, 0x20, 0x20, 0x20, 0x20, 0x20, 0x20, 0x20, 0x2d, 0x20, 0xe2, 0x80, 0x94, 0x0a, 0x20
  .byte 0x20, 0x20, 0x20, 0x20, 0x20, 0x20, 0x20, 0x20, 0x20, 0x2d, 0x20, 0xe2, 0x80, 0x94, 0x0a, 0x20
  .byte 0x20, 0x20, 0x20, 0x20, 0x20, 0x20, 0x20, 0x20, 0x20, 0x2d, 0x20, 0x59, 0x65, 0x73, 0x0a, 0x20
  .byte 0x20, 0x20, 0x20, 0x20, 0x20, 0x20, 0x20, 0x2d, 0x20, 0x2d, 0x20, 0x53, 0x43, 0x49, 0x4d, 0x20
  .byte 0x70, 0x72, 0x6f, 0x76, 0x69, 0x73, 0x69, 0x6f, 0x6e, 0x69, 0x6e, 0x67, 0x0a, 0x20, 0x20, 0x20
  .byte 0x20, 0x20, 0x20, 0x20, 0x20, 0x20, 0x20, 0x2d, 0x20, 0xe2, 0x80, 0x94, 0x0a, 0x20, 0x20, 0x20
  .byte 0x20, 0x20, 0x20, 0x20, 0x20, 0x20, 0x20, 0x2d, 0x20, 0xe2, 0x80, 0x94, 0x0a, 0x20, 0x20, 0x20
  .byte 0x20, 0x20, 0x20, 0x20, 0x20, 0x20, 0x20, 0x2d, 0x20, 0x59, 0x65, 0x73, 0x0a, 0x20, 0x20, 0x20
  .byte 0x20, 0x20, 0x20, 0x20, 0x20, 0x2d, 0x20, 0x2d, 0x20, 0x41, 0x75, 0x64, 0x69, 0x74, 0x20, 0x6c
  .byte 0x6f, 0x67, 0x73, 0x0a, 0x20, 0x20, 0x20, 0x20, 0x20, 0x20, 0x20, 0x20, 0x20, 0x20, 0x2d, 0x20
  .byte 0xe2, 0x80, 0x94, 0x0a, 0x20, 0x20, 0x20, 0x20, 0x20, 0x20, 0x20, 0x20, 0x20, 0x20, 0x2d, 0x20
  .byte 0xe2, 0x80, 0x94, 0x0a, 0x20, 0x20, 0x20, 0x20, 0x20, 0x20, 0x20, 0x20, 0x20, 0x20, 0x2d, 0x20
  .byte 0x59, 0x65, 0x73, 0x0a, 0x20, 0x20, 0x20, 0x20, 0x20, 0x20, 0x20, 0x20, 0x2d, 0x20, 0x2d, 0x20
  .byte 0x53, 0x75, 0x70, 0x70, 0x6f, 0x72, 0x74, 0x0a, 0x20, 0x20, 0x20, 0x20, 0x20, 0x20, 0x20, 0x20
  .byte 0x20, 0x20, 0x2d, 0x20, 0x43, 0x6f, 0x6d, 0x6d, 0x75, 0x6e, 0x69, 0x74, 0x79, 0x0a, 0x20, 0x20
  .byte 0x20, 0x20, 0x20, 0x20, 0x20, 0x20, 0x20, 0x20, 0x2d, 0x20, 0x50, 0x72, 0x69, 0x6f, 0x72, 0x69
  .byte 0x74, 0x79, 0x20, 0x65, 0x6d, 0x61, 0x69, 0x6c, 0x0a, 0x20, 0x20, 0x20, 0x20, 0x20, 0x20, 0x20
  .byte 0x20, 0x20, 0x20, 0x2d, 0x20, 0x44, 0x65, 0x64, 0x69, 0x63, 0x61, 0x74, 0x65, 0x64, 0x20, 0x2b
  .byte 0x20, 0x53, 0x4c, 0x41, 0x0a, 0x20, 0x20, 0x20, 0x20, 0x63, 0x68, 0x69, 0x6c, 0x64, 0x72, 0x65
  .byte 0x6e, 0x3a, 0x0a, 0x20, 0x20, 0x20, 0x20, 0x20, 0x20, 0x2d, 0x20, 0x63, 0x6f, 0x6c, 0x2d, 0x33
  .byte 0x38, 0x0a, 0x20, 0x20, 0x20, 0x20, 0x20, 0x20, 0x2d, 0x20, 0x63, 0x6f, 0x6c, 0x2d, 0x33, 0x39
  .byte 0x0a, 0x20, 0x20, 0x20, 0x20, 0x20, 0x20, 0x2d, 0x20, 0x63, 0x6f, 0x6c, 0x2d, 0x34, 0x30, 0x0a
  .byte 0x20, 0x20, 0x20, 0x20, 0x20, 0x20, 0x2d, 0x20, 0x63, 0x6f, 0x6c, 0x2d, 0x34, 0x31, 0x0a, 0x20
  .byte 0x20, 0x74, 0x65, 0x78, 0x74, 0x63, 0x6f, 0x6e, 0x74, 0x65, 0x6e, 0x74, 0x2d, 0x34, 0x34, 0x3a
  .byte 0x0a, 0x20, 0x20, 0x20, 0x20, 0x74, 0x79, 0x70, 0x65, 0x3a, 0x20, 0x54, 0x65, 0x78, 0x74, 0x43
  .byte 0x6f, 0x6e, 0x74, 0x65, 0x6e, 0x74, 0x0a, 0x20, 0x20, 0x20, 0x20, 0x70, 0x72, 0x6f, 0x70, 0x73
  .byte 0x3a, 0x0a, 0x20, 0x20, 0x20, 0x20, 0x20, 0x20, 0x74, 0x65, 0x78, 0x74, 0x3a, 0x20, 0x59, 0x65
  .byte 0x73, 0x2e, 0x20, 0x59, 0x6f, 0x75, 0x20, 0x63, 0x61, 0x6e, 0x20, 0x75, 0x70, 0x67, 0x72, 0x61
  .byte 0x64, 0x65, 0x20, 0x6f, 0x72, 0x20, 0x64, 0x6f, 0x77, 0x6e, 0x67, 0x72, 0x61, 0x64, 0x65, 0x20
  .byte 0x61, 0x74, 0x20, 0x61, 0x6e, 0x79, 0x20, 0x74, 0x69, 0x6d, 0x65, 0x2e, 0x20, 0x43, 0x68, 0x61
  .byte 0x6e, 0x67, 0x65, 0x73, 0x20, 0x74, 0x61, 0x6b, 0x65, 0x20, 0x65, 0x66, 0x66, 0x65, 0x63, 0x74
  .byte 0x0a, 0x20, 0x20, 0x20, 0x20, 0x20, 0x20, 0x20, 0x20, 0x69, 0x6d, 0x6d, 0x65, 0x64, 0x69, 0x61
  .byte 0x74, 0x65, 0x6c, 0x79, 0x2c, 0x20, 0x61, 0x6e, 0x64, 0x20, 0x77, 0x65, 0x20, 0x70, 0x72, 0x6f
  .byte 0x72, 0x61, 0x74, 0x65, 0x20, 0x77, 0x68, 0x65, 0x6e, 0x20, 0x61, 0x70, 0x70, 0x6c, 0x69, 0x63
  .byte 0x61, 0x62, 0x6c, 0x65, 0x2e, 0x0a, 0x20, 0x20, 0x61, 0x63, 0x63, 0x6f, 0x72, 0x64, 0x69, 0x6f
  .byte 0x6e, 0x69, 0x74, 0x65, 0x6d, 0x2d, 0x34, 0x33, 0x3a, 0x0a, 0x20, 0x20, 0x20, 0x20, 0x74, 0x79
  .byte 0x70, 0x65, 0x3a, 0x20, 0x41, 0x63, 0x63, 0x6f, 0x72, 0x64, 0x69, 0x6f, 0x6e, 0x49, 0x74, 0x65
  .byte 0x6d, 0x0a, 0x20, 0x20, 0x20, 0x20, 0x70, 0x72, 0x6f, 0x70, 0x73, 0x3a, 0x0a, 0x20, 0x20, 0x20
  .byte 0x20, 0x20, 0x20, 0x76, 0x61, 0x6c, 0x75, 0x65, 0x3a, 0x20, 0x62, 0x69, 0x6c, 0x6c, 0x69, 0x6e
  .byte 0x67, 0x0a, 0x20, 0x20, 0x20, 0x20, 0x20, 0x20, 0x74, 0x72, 0x69, 0x67, 0x67, 0x65, 0x72, 0x3a
  .byte 0x20, 0x43, 0x61, 0x6e, 0x20, 0x49, 0x20, 0x73, 0x77, 0x69, 0x74, 0x63, 0x68, 0x20, 0x70, 0x6c
  .byte 0x61, 0x6e, 0x73, 0x20, 0x6c, 0x61, 0x74, 0x65, 0x72, 0x3f, 0x0a, 0x20, 0x20, 0x20, 0x20, 0x63
  .byte 0x68, 0x69, 0x6c, 0x64, 0x72, 0x65, 0x6e, 0x3a, 0x0a, 0x20, 0x20, 0x20, 0x20, 0x20, 0x20, 0x2d
  .byte 0x20, 0x74, 0x65, 0x78, 0x74, 0x63, 0x6f, 0x6e, 0x74, 0x65, 0x6e, 0x74, 0x2d, 0x34, 0x34, 0x0a
  .byte 0x20, 0x20, 0x74, 0x65, 0x78, 0x74, 0x63, 0x6f, 0x6e, 0x74, 0x65, 0x6e, 0x74, 0x2d, 0x34, 0x36
  .byte 0x3a, 0x0a, 0x20, 0x20, 0x20, 0x20, 0x74, 0x79, 0x70, 0x65, 0x3a, 0x20, 0x54, 0x65, 0x78, 0x74
  .byte 0x43, 0x6f, 0x6e, 0x74, 0x65, 0x6e, 0x74, 0x0a, 0x20, 0x20, 0x20, 0x20, 0x70, 0x72, 0x6f, 0x70
  .byte 0x73, 0x3a, 0x0a, 0x20, 0x20, 0x20, 0x20, 0x20, 0x20, 0x74, 0x65, 0x78, 0x74, 0x3a, 0x20, 0x59
  .byte 0x65, 0x73, 0x2e, 0x20, 0x42, 0x61, 0x73, 0x69, 0x63, 0x20, 0x61, 0x6e, 0x64, 0x20, 0x50, 0x72
  .byte 0x6f, 0x20, 0x69, 0x6e, 0x63, 0x6c, 0x75, 0x64, 0x65, 0x20, 0x61, 0x20, 0x66, 0x72, 0x65, 0x65
  .byte 0x20, 0x74, 0x72, 0x69, 0x61, 0x6c, 0x2e, 0x20, 0x45, 0x6e, 0x74, 0x65, 0x72, 0x70, 0x72, 0x69
  .byte 0x73, 0x65, 0x20, 0x74, 0x72, 0x69, 0x61, 0x6c, 0x73, 0x20, 0x61, 0x72, 0x65, 0x20, 0x61, 0x76
  .byte 0x61, 0x69, 0x6c, 0x61, 0x62, 0x6c, 0x65, 0x0a, 0x20, 0x20, 0x20, 0x20, 0x20, 0x20, 0x20, 0x20
  .byte 0x75, 0x70, 0x6f, 0x6e, 0x20, 0x72, 0x65, 0x71, 0x75, 0x65, 0x73, 0x74, 0x20, 0x76, 0x69, 0x61
  .byte 0x20, 0x53, 0x61, 0x6c, 0x65, 0x73, 0x2e, 0x0a, 0x20, 0x20, 0x61, 0x63, 0x63, 0x6f, 0x72, 0x64
  .byte 0x69, 0x6f, 0x6e, 0x69, 0x74, 0x65, 0x6d, 0x2d, 0x34, 0x35, 0x3a, 0x0a, 0x20, 0x20, 0x20, 0x20
  .byte 0x74, 0x79, 0x70, 0x65, 0x3a, 0x20, 0x41, 0x63, 0x63, 0x6f, 0x72, 0x64, 0x69, 0x6f, 0x6e, 0x49
  .byte 0x74, 0x65, 0x6d, 0x0a, 0x20, 0x20, 0x20, 0x20, 0x70, 0x72, 0x6f, 0x70, 0x73, 0x3a, 0x0a, 0x20
  .byte 0x20, 0x20, 0x20, 0x20, 0x20, 0x76, 0x61, 0x6c, 0x75, 0x65, 0x3a, 0x20, 0x74, 0x72, 0x69, 0x61
  .byte 0x6c, 0x0a, 0x20, 0x20, 0x20, 0x20, 0x20, 0x20, 0x74, 0x72, 0x69, 0x67, 0x67, 0x65, 0x72, 0x3a
  .byte 0x20, 0x44, 0x6f, 0x20, 0x79, 0x6f, 0x75, 0x20, 0x6f, 0x66, 0x66, 0x65, 0x72, 0x20, 0x61, 0x20
  .byte 0x66, 0x72, 0x65, 0x65, 0x20, 0x74, 0x72, 0x69, 0x61, 0x6c, 0x3f, 0x0a, 0x20, 0x20, 0x20, 0x20
  .byte 0x63, 0x68, 0x69, 0x6c, 0x64, 0x72, 0x65, 0x6e, 0x3a, 0x0a, 0x20, 0x20, 0x20, 0x20, 0x20, 0x20
  .byte 0x2d, 0x20, 0x74, 0x65, 0x78, 0x74, 0x63, 0x6f, 0x6e, 0x74, 0x65, 0x6e, 0x74, 0x2d, 0x34, 0x36
  .byte 0x0a, 0x20, 0x20, 0x74, 0x65, 0x78, 0x74, 0x63, 0x6f, 0x6e, 0x74, 0x65, 0x6e, 0x74, 0x2d, 0x34
  .byte 0x38, 0x3a, 0x0a, 0x20, 0x20, 0x20, 0x20, 0x74, 0x79, 0x70, 0x65, 0x3a, 0x20, 0x54, 0x65, 0x78
  .byte 0x74, 0x43, 0x6f, 0x6e, 0x74, 0x65, 0x6e, 0x74, 0x0a, 0x20, 0x20, 0x20, 0x20, 0x70, 0x72, 0x6f
  .byte 0x70, 0x73, 0x3a, 0x0a, 0x20, 0x20, 0x20, 0x20, 0x20, 0x20, 0x74, 0x65, 0x78, 0x74, 0x3a, 0x20
  .byte 0x59, 0x65, 0x73, 0x2e, 0x20, 0x41, 0x6e, 0x6e, 0x75, 0x61, 0x6c, 0x20, 0x62, 0x69, 0x6c, 0x6c
  .byte 0x69, 0x6e, 0x67, 0x20, 0x69, 0x6e, 0x63, 0x6c, 0x75, 0x64, 0x65, 0x73, 0x20, 0x61, 0x20, 0x64
  .byte 0x69, 0x73, 0x63, 0x6f, 0x75, 0x6e, 0x74, 0x2e, 0x20, 0x43, 0x6f, 0x6e, 0x74, 0x61, 0x63, 0x74
  .byte 0x20, 0x53, 0x61, 0x6c, 0x65, 0x73, 0x20, 0x66, 0x6f, 0x72, 0x20, 0x45, 0x6e, 0x74, 0x65, 0x72
  .byte 0x70, 0x72, 0x69, 0x73, 0x65, 0x0a, 0x20, 0x20, 0x20, 0x20, 0x20, 0x20, 0x20, 0x20, 0x61, 0x6e
  .byte 0x6e, 0x75, 0x61, 0x6c, 0x20, 0x74, 0x65, 0x72, 0x6d, 0x73, 0x20, 0x61, 0x6e, 0x64, 0x20, 0x69
  .byte 0x6e, 0x76, 0x6f, 0x69, 0x63, 0x69, 0x6e, 0x67, 0x2e, 0x0a, 0x20, 0x20, 0x61, 0x63, 0x63, 0x6f
  .byte 0x72, 0x64, 0x69, 0x6f, 0x6e, 0x69, 0x74, 0x65, 0x6d, 0x2d, 0x34, 0x37, 0x3a, 0x0a, 0x20, 0x20
  .byte 0x20, 0x20, 0x74, 0x79, 0x70, 0x65, 0x3a, 0x20, 0x41, 0x63, 0x63, 0x6f, 0x72, 0x64, 0x69, 0x6f
  .byte 0x6e, 0x49, 0x74, 0x65, 0x6d, 0x0a, 0x20, 0x20, 0x20, 0x20, 0x70, 0x72, 0x6f, 0x70, 0x73, 0x3a
  .byte 0x0a, 0x20, 0x20, 0x20, 0x20, 0x20, 0x20, 0x76, 0x61, 0x6c, 0x75, 0x65, 0x3a, 0x20, 0x61, 0x6e
  .byte 0x6e, 0x75, 0x61, 0x6c, 0x0a, 0x20, 0x20, 0x20, 0x20, 0x20, 0x20, 0x74, 0x72, 0x69, 0x67, 0x67
  .byte 0x65, 0x72, 0x3a, 0x20, 0x44, 0x6f, 0x20, 0x79, 0x6f, 0x75, 0x20, 0x6f, 0x66, 0x66, 0x65, 0x72
  .byte 0x20, 0x61, 0x6e, 0x6e, 0x75, 0x61, 0x6c, 0x20, 0x62, 0x69, 0x6c, 0x6c, 0x69, 0x6e, 0x67, 0x3f
  .byte 0x0a, 0x20, 0x20, 0x20, 0x20, 0x63, 0x68, 0x69, 0x6c, 0x64, 0x72, 0x65, 0x6e, 0x3a, 0x0a, 0x20
  .byte 0x20, 0x20, 0x20, 0x20, 0x20, 0x2d, 0x20, 0x74, 0x65, 0x78, 0x74, 0x63, 0x6f, 0x6e, 0x74, 0x65
  .byte 0x6e, 0x74, 0x2d, 0x34, 0x38, 0x0a, 0x20, 0x20, 0x74, 0x65, 0x78, 0x74, 0x63, 0x6f, 0x6e, 0x74
  .byte 0x65, 0x6e, 0x74, 0x2d, 0x35, 0x30, 0x3a, 0x0a, 0x20, 0x20, 0x20, 0x20, 0x74, 0x79, 0x70, 0x65
  .byte 0x3a, 0x20, 0x54, 0x65, 0x78, 0x74, 0x43, 0x6f, 0x6e, 0x74, 0x65, 0x6e, 0x74, 0x0a, 0x20, 0x20
  .byte 0x20, 0x20, 0x70, 0x72, 0x6f, 0x70, 0x73, 0x3a, 0x0a, 0x20, 0x20, 0x20, 0x20, 0x20, 0x20, 0x74
  .byte 0x65, 0x78, 0x74, 0x3a, 0x20, 0x45, 0x6e, 0x74, 0x65, 0x72, 0x70, 0x72, 0x69, 0x73, 0x65, 0x20
  .byte 0x69, 0x6e, 0x63, 0x6c, 0x75, 0x64, 0x65, 0x73, 0x20, 0x53, 0x53, 0x4f, 0x2f, 0x53, 0x41, 0x4d
  .byte 0x4c, 0x2c, 0x20, 0x53, 0x43, 0x49, 0x4d, 0x2c, 0x20, 0x61, 0x75, 0x64, 0x69, 0x74, 0x20, 0x6c
  .byte 0x6f, 0x67, 0x73, 0x2c, 0x20, 0x61, 0x6e, 0x64, 0x20, 0x64, 0x61, 0x74, 0x61, 0x20, 0x72, 0x65
  .byte 0x74, 0x65, 0x6e, 0x74, 0x69, 0x6f, 0x6e, 0x0a, 0x20, 0x20, 0x20, 0x20, 0x20, 0x20, 0x20, 0x20
  .byte 0x63, 0x6f, 0x6e, 0x74, 0x72, 0x6f, 0x6c, 0x73, 0x2e, 0x20, 0x57, 0x65, 0x20, 0x63, 0x61, 0x6e
  .byte 0x20, 0x73, 0x68, 0x61, 0x72, 0x65, 0x20, 0x73, 0x65, 0x63, 0x75, 0x72, 0x69, 0x74, 0x79, 0x20
  .byte 0x64, 0x6f, 0x63, 0x75, 0x6d, 0x65, 0x6e, 0x74, 0x61, 0x74, 0x69, 0x6f, 0x6e, 0x20, 0x64, 0x75
  .byte 0x72, 0x69, 0x6e, 0x67, 0x20, 0x70, 0x72, 0x6f, 0x63, 0x75, 0x72, 0x65, 0x6d, 0x65, 0x6e, 0x74
  .byte 0x2e, 0x0a, 0x20, 0x20, 0x61, 0x63, 0x63, 0x6f, 0x72, 0x64, 0x69, 0x6f, 0x6e, 0x69, 0x74, 0x65
  .byte 0x6d, 0x2d, 0x34, 0x39, 0x3a, 0x0a, 0x20, 0x20, 0x20, 0x20, 0x74, 0x79, 0x70, 0x65, 0x3a, 0x20
  .byte 0x41, 0x63, 0x63, 0x6f, 0x72, 0x64, 0x69, 0x6f, 0x6e, 0x49, 0x74, 0x65, 0x6d, 0x0a, 0x20, 0x20
  .byte 0x20, 0x20, 0x70, 0x72, 0x6f, 0x70, 0x73, 0x3a, 0x0a, 0x20, 0x20, 0x20, 0x20, 0x20, 0x20, 0x76
  .byte 0x61, 0x6c, 0x75, 0x65, 0x3a, 0x20, 0x73, 0x65, 0x63, 0x75, 0x72, 0x69, 0x74, 0x79, 0x0a, 0x20
  .byte 0x20, 0x20, 0x20, 0x20, 0x20, 0x74, 0x72, 0x69, 0x67, 0x67, 0x65, 0x72, 0x3a, 0x20, 0x57, 0x68
  .byte 0x61, 0x74, 0x20, 0x61, 0x62, 0x6f, 0x75, 0x74, 0x20, 0x73, 0x65, 0x63, 0x75, 0x72, 0x69, 0x74
  .byte 0x79, 0x20, 0x61, 0x6e, 0x64, 0x20, 0x63, 0x6f, 0x6d, 0x70, 0x6c, 0x69, 0x61, 0x6e, 0x63, 0x65
  .byte 0x3f, 0x0a, 0x20, 0x20, 0x20, 0x20, 0x63, 0x68, 0x69, 0x6c, 0x64, 0x72, 0x65, 0x6e, 0x3a, 0x0a
  .byte 0x20, 0x20, 0x20, 0x20, 0x20, 0x20, 0x2d, 0x20, 0x74, 0x65, 0x78, 0x74, 0x63, 0x6f, 0x6e, 0x74
  .byte 0x65, 0x6e, 0x74, 0x2d, 0x35, 0x30, 0x0a, 0x20, 0x20, 0x61, 0x63, 0x63, 0x6f, 0x72, 0x64, 0x69
  .byte 0x6f, 0x6e, 0x2d, 0x34, 0x32, 0x3a, 0x0a, 0x20, 0x20, 0x20, 0x20, 0x74, 0x79, 0x70, 0x65, 0x3a
  .byte 0x20, 0x41, 0x63, 0x63, 0x6f, 0x72, 0x64, 0x69, 0x6f, 0x6e, 0x0a, 0x20, 0x20, 0x20, 0x20, 0x70
  .byte 0x72, 0x6f, 0x70, 0x73, 0x3a, 0x20, 0x7b, 0x7d, 0x0a, 0x20, 0x20, 0x20, 0x20, 0x63, 0x68, 0x69
  .byte 0x6c, 0x64, 0x72, 0x65, 0x6e, 0x3a, 0x0a, 0x20, 0x20, 0x20, 0x20, 0x20, 0x20, 0x2d, 0x20, 0x61
  .byte 0x63, 0x63, 0x6f, 0x72, 0x64, 0x69, 0x6f, 0x6e, 0x69, 0x74, 0x65, 0x6d, 0x2d, 0x34, 0x33, 0x0a
  .byte 0x20, 0x20, 0x20, 0x20, 0x20, 0x20, 0x2d, 0x20, 0x61, 0x63, 0x63, 0x6f, 0x72, 0x64, 0x69, 0x6f
  .byte 0x6e, 0x69, 0x74, 0x65, 0x6d, 0x2d, 0x34, 0x35, 0x0a, 0x20, 0x20, 0x20, 0x20, 0x20, 0x20, 0x2d
  .byte 0x20, 0x61, 0x63, 0x63, 0x6f, 0x72, 0x64, 0x69, 0x6f, 0x6e, 0x69, 0x74, 0x65, 0x6d, 0x2d, 0x34
  .byte 0x37, 0x0a, 0x20, 0x20, 0x20, 0x20, 0x20, 0x20, 0x2d, 0x20, 0x61, 0x63, 0x63, 0x6f, 0x72, 0x64
  .byte 0x69, 0x6f, 0x6e, 0x69, 0x74, 0x65, 0x6d, 0x2d, 0x34, 0x39, 0x0a, 0x20, 0x20, 0x73, 0x74, 0x61
  .byte 0x63, 0x6b, 0x2d, 0x31, 0x3a, 0x0a, 0x20, 0x20, 0x20, 0x20, 0x74, 0x79, 0x70, 0x65, 0x3a, 0x20
  .byte 0x53, 0x74, 0x61, 0x63, 0x6b, 0x0a, 0x20, 0x20, 0x20, 0x20, 0x70, 0x72, 0x6f, 0x70, 0x73, 0x3a
  .byte 0x0a, 0x20, 0x20, 0x20, 0x20, 0x20, 0x20, 0x64, 0x69, 0x72, 0x65, 0x63, 0x74, 0x69, 0x6f, 0x6e
  .byte 0x3a, 0x20, 0x63, 0x6f, 0x6c, 0x75, 0x6d, 0x6e, 0x0a, 0x20, 0x20, 0x20, 0x20, 0x20, 0x20, 0x67
  .byte 0x61, 0x70, 0x3a, 0x20, 0x78, 0x6c, 0x0a, 0x20, 0x20, 0x20, 0x20, 0x63, 0x68, 0x69, 0x6c, 0x64
  .byte 0x72, 0x65, 0x6e, 0x3a, 0x0a, 0x20, 0x20, 0x20, 0x20, 0x20, 0x20, 0x2d, 0x20, 0x73, 0x74, 0x61
  .byte 0x63, 0x6b, 0x2d, 0x32, 0x0a, 0x20, 0x20, 0x20, 0x20, 0x20, 0x20, 0x2d, 0x20, 0x73, 0x74, 0x61
  .byte 0x63, 0x6b, 0x2d, 0x36, 0x0a, 0x20, 0x20, 0x20, 0x20, 0x20, 0x20, 0x2d, 0x20, 0x74, 0x65, 0x78
  .byte 0x74, 0x63, 0x6f, 0x6e, 0x74, 0x65, 0x6e, 0x74, 0x2d, 0x33, 0x36, 0x0a, 0x20, 0x20, 0x20, 0x20
  .byte 0x20, 0x20, 0x2d, 0x20, 0x74, 0x61, 0x62, 0x6c, 0x65, 0x2d, 0x33, 0x37, 0x0a, 0x20, 0x20, 0x20
  .byte 0x20, 0x20, 0x20, 0x2d, 0x20, 0x61, 0x63, 0x63, 0x6f, 0x72, 0x64, 0x69, 0x6f, 0x6e, 0x2d, 0x34
  .byte 0x32, 0x0a

  .globl openui_full_port_benchmarks_samples_pricing_page_yaml_b485c84b4ef9_pass_4_len
openui_full_port_benchmarks_samples_pricing_page_yaml_b485c84b4ef9_pass_4_len:
  .quad 8594
