# OpenUI mechanical full assembly port
# source: docs/app/demo/github/github/types.ts
# sha256: ebd93b4b3e305aa9e8bfc1d565fc7cc59cf8075743ba2dbb6262b7095a1cf4cb
# bytes: 8964
# assembly passes: 4
  .section .rodata
# assembly pass: 1/4
  .globl openui_full_port_docs_app_demo_github_github_types_ts_ebd93b4b3e30
openui_full_port_docs_app_demo_github_github_types_ts_ebd93b4b3e30:
  .byte 0x69, 0x6d, 0x70, 0x6f, 0x72, 0x74, 0x20, 0x74, 0x79, 0x70, 0x65, 0x20, 0x7b, 0x20, 0x54, 0x6f
  .byte 0x6f, 0x6c, 0x53, 0x70, 0x65, 0x63, 0x20, 0x7d, 0x20, 0x66, 0x72, 0x6f, 0x6d, 0x20, 0x22, 0x40
  .byte 0x6f, 0x70, 0x65, 0x6e, 0x75, 0x69, 0x64, 0x65, 0x76, 0x2f, 0x6c, 0x61, 0x6e, 0x67, 0x2d, 0x63
  .byte 0x6f, 0x72, 0x65, 0x22, 0x3b, 0x0a, 0x0a, 0x2f, 0x2f, 0x20, 0xe2, 0x94, 0x80, 0xe2, 0x94, 0x80
  .byte 0x20, 0x54, 0x72, 0x61, 0x6e, 0x73, 0x66, 0x6f, 0x72, 0x6d, 0x65, 0x64, 0x20, 0x47, 0x69, 0x74
  .byte 0x48, 0x75, 0x62, 0x20, 0x64, 0x61, 0x74, 0x61, 0x20, 0x69, 0x6e, 0x74, 0x65, 0x72, 0x66, 0x61
  .byte 0x63, 0x65, 0x73, 0x20, 0xe2, 0x94, 0x80, 0xe2, 0x94, 0x80, 0xe2, 0x94, 0x80, 0xe2, 0x94, 0x80
  .byte 0xe2, 0x94, 0x80, 0xe2, 0x94, 0x80, 0xe2, 0x94, 0x80, 0xe2, 0x94, 0x80, 0xe2, 0x94, 0x80, 0xe2
  .byte 0x94, 0x80, 0xe2, 0x94, 0x80, 0xe2, 0x94, 0x80, 0xe2, 0x94, 0x80, 0xe2, 0x94, 0x80, 0xe2, 0x94
  .byte 0x80, 0xe2, 0x94, 0x80, 0xe2, 0x94, 0x80, 0xe2, 0x94, 0x80, 0xe2, 0x94, 0x80, 0xe2, 0x94, 0x80
  .byte 0xe2, 0x94, 0x80, 0xe2, 0x94, 0x80, 0xe2, 0x94, 0x80, 0xe2, 0x94, 0x80, 0xe2, 0x94, 0x80, 0xe2
  .byte 0x94, 0x80, 0xe2, 0x94, 0x80, 0xe2, 0x94, 0x80, 0xe2, 0x94, 0x80, 0xe2, 0x94, 0x80, 0xe2, 0x94
  .byte 0x80, 0xe2, 0x94, 0x80, 0xe2, 0x94, 0x80, 0xe2, 0x94, 0x80, 0xe2, 0x94, 0x80, 0xe2, 0x94, 0x80
  .byte 0x0a, 0x0a, 0x65, 0x78, 0x70, 0x6f, 0x72, 0x74, 0x20, 0x69, 0x6e, 0x74, 0x65, 0x72, 0x66, 0x61
  .byte 0x63, 0x65, 0x20, 0x47, 0x69, 0x74, 0x48, 0x75, 0x62, 0x50, 0x72, 0x6f, 0x66, 0x69, 0x6c, 0x65
  .byte 0x20, 0x7b, 0x0a, 0x20, 0x20, 0x6c, 0x6f, 0x67, 0x69, 0x6e, 0x3a, 0x20, 0x73, 0x74, 0x72, 0x69
  .byte 0x6e, 0x67, 0x3b, 0x0a, 0x20, 0x20, 0x6e, 0x61, 0x6d, 0x65, 0x3a, 0x20, 0x73, 0x74, 0x72, 0x69
  .byte 0x6e, 0x67, 0x3b, 0x0a, 0x20, 0x20, 0x62, 0x69, 0x6f, 0x3a, 0x20, 0x73, 0x74, 0x72, 0x69, 0x6e
  .byte 0x67, 0x3b, 0x0a, 0x20, 0x20, 0x61, 0x76, 0x61, 0x74, 0x61, 0x72, 0x5f, 0x75, 0x72, 0x6c, 0x3a
  .byte 0x20, 0x73, 0x74, 0x72, 0x69, 0x6e, 0x67, 0x3b, 0x0a, 0x20, 0x20, 0x70, 0x75, 0x62, 0x6c, 0x69
  .byte 0x63, 0x5f, 0x72, 0x65, 0x70, 0x6f, 0x73, 0x3a, 0x20, 0x6e, 0x75, 0x6d, 0x62, 0x65, 0x72, 0x3b
  .byte 0x0a, 0x20, 0x20, 0x66, 0x6f, 0x6c, 0x6c, 0x6f, 0x77, 0x65, 0x72, 0x73, 0x3a, 0x20, 0x6e, 0x75
  .byte 0x6d, 0x62, 0x65, 0x72, 0x3b, 0x0a, 0x20, 0x20, 0x66, 0x6f, 0x6c, 0x6c, 0x6f, 0x77, 0x69, 0x6e
  .byte 0x67, 0x3a, 0x20, 0x6e, 0x75, 0x6d, 0x62, 0x65, 0x72, 0x3b, 0x0a, 0x20, 0x20, 0x63, 0x72, 0x65
  .byte 0x61, 0x74, 0x65, 0x64, 0x5f, 0x61, 0x74, 0x3a, 0x20, 0x73, 0x74, 0x72, 0x69, 0x6e, 0x67, 0x3b
  .byte 0x0a, 0x7d, 0x0a, 0x0a, 0x65, 0x78, 0x70, 0x6f, 0x72, 0x74, 0x20, 0x69, 0x6e, 0x74, 0x65, 0x72
  .byte 0x66, 0x61, 0x63, 0x65, 0x20, 0x52, 0x65, 0x70, 0x6f, 0x52, 0x6f, 0x77, 0x20, 0x7b, 0x0a, 0x20
  .byte 0x20, 0x6e, 0x61, 0x6d, 0x65, 0x3a, 0x20, 0x73, 0x74, 0x72, 0x69, 0x6e, 0x67, 0x3b, 0x0a, 0x20
  .byte 0x20, 0x66, 0x75, 0x6c, 0x6c, 0x5f, 0x6e, 0x61, 0x6d, 0x65, 0x3a, 0x20, 0x73, 0x74, 0x72, 0x69
  .byte 0x6e, 0x67, 0x3b, 0x0a, 0x20, 0x20, 0x64, 0x65, 0x73, 0x63, 0x72, 0x69, 0x70, 0x74, 0x69, 0x6f
  .byte 0x6e, 0x3a, 0x20, 0x73, 0x74, 0x72, 0x69, 0x6e, 0x67, 0x3b, 0x0a, 0x20, 0x20, 0x6c, 0x61, 0x6e
  .byte 0x67, 0x75, 0x61, 0x67, 0x65, 0x3a, 0x20, 0x73, 0x74, 0x72, 0x69, 0x6e, 0x67, 0x3b, 0x0a, 0x20
  .byte 0x20, 0x73, 0x74, 0x61, 0x72, 0x73, 0x3a, 0x20, 0x6e, 0x75, 0x6d, 0x62, 0x65, 0x72, 0x3b, 0x0a
  .byte 0x20, 0x20, 0x66, 0x6f, 0x72, 0x6b, 0x73, 0x3a, 0x20, 0x6e, 0x75, 0x6d, 0x62, 0x65, 0x72, 0x3b
  .byte 0x0a, 0x20, 0x20, 0x73, 0x69, 0x7a, 0x65, 0x3a, 0x20, 0x6e, 0x75, 0x6d, 0x62, 0x65, 0x72, 0x3b
  .byte 0x0a, 0x20, 0x20, 0x6f, 0x70, 0x65, 0x6e, 0x5f, 0x69, 0x73, 0x73, 0x75, 0x65, 0x73, 0x3a, 0x20
  .byte 0x6e, 0x75, 0x6d, 0x62, 0x65, 0x72, 0x3b, 0x0a, 0x20, 0x20, 0x75, 0x70, 0x64, 0x61, 0x74, 0x65
  .byte 0x64, 0x5f, 0x61, 0x74, 0x3a, 0x20, 0x73, 0x74, 0x72, 0x69, 0x6e, 0x67, 0x3b, 0x0a, 0x20, 0x20
  .byte 0x68, 0x74, 0x6d, 0x6c, 0x5f, 0x75, 0x72, 0x6c, 0x3a, 0x20, 0x73, 0x74, 0x72, 0x69, 0x6e, 0x67
  .byte 0x3b, 0x0a, 0x7d, 0x0a, 0x0a, 0x65, 0x78, 0x70, 0x6f, 0x72, 0x74, 0x20, 0x69, 0x6e, 0x74, 0x65
  .byte 0x72, 0x66, 0x61, 0x63, 0x65, 0x20, 0x4c, 0x61, 0x6e, 0x67, 0x75, 0x61, 0x67, 0x65, 0x52, 0x6f
  .byte 0x77, 0x20, 0x7b, 0x0a, 0x20, 0x20, 0x6c, 0x61, 0x6e, 0x67, 0x75, 0x61, 0x67, 0x65, 0x3a, 0x20
  .byte 0x73, 0x74, 0x72, 0x69, 0x6e, 0x67, 0x3b, 0x0a, 0x20, 0x20, 0x62, 0x79, 0x74, 0x65, 0x73, 0x3a
  .byte 0x20, 0x6e, 0x75, 0x6d, 0x62, 0x65, 0x72, 0x3b, 0x0a, 0x20, 0x20, 0x72, 0x65, 0x70, 0x6f, 0x73
  .byte 0x5f, 0x63, 0x6f, 0x75, 0x6e, 0x74, 0x3a, 0x20, 0x6e, 0x75, 0x6d, 0x62, 0x65, 0x72, 0x3b, 0x0a
  .byte 0x7d, 0x0a, 0x0a, 0x65, 0x78, 0x70, 0x6f, 0x72, 0x74, 0x20, 0x69, 0x6e, 0x74, 0x65, 0x72, 0x66
  .byte 0x61, 0x63, 0x65, 0x20, 0x45, 0x76, 0x65, 0x6e, 0x74, 0x52, 0x6f, 0x77, 0x20, 0x7b, 0x0a, 0x20
  .byte 0x20, 0x74, 0x79, 0x70, 0x65, 0x3a, 0x20, 0x73, 0x74, 0x72, 0x69, 0x6e, 0x67, 0x3b, 0x0a, 0x20
  .byte 0x20, 0x72, 0x65, 0x70, 0x6f, 0x3a, 0x20, 0x73, 0x74, 0x72, 0x69, 0x6e, 0x67, 0x3b, 0x0a, 0x20
  .byte 0x20, 0x64, 0x61, 0x74, 0x65, 0x3a, 0x20, 0x73, 0x74, 0x72, 0x69, 0x6e, 0x67, 0x3b, 0x0a, 0x20
  .byte 0x20, 0x63, 0x6f, 0x75, 0x6e, 0x74, 0x3a, 0x20, 0x6e, 0x75, 0x6d, 0x62, 0x65, 0x72, 0x3b, 0x0a
  .byte 0x7d, 0x0a, 0x0a, 0x65, 0x78, 0x70, 0x6f, 0x72, 0x74, 0x20, 0x69, 0x6e, 0x74, 0x65, 0x72, 0x66
  .byte 0x61, 0x63, 0x65, 0x20, 0x43, 0x6f, 0x6d, 0x6d, 0x69, 0x74, 0x57, 0x65, 0x65, 0x6b, 0x20, 0x7b
  .byte 0x0a, 0x20, 0x20, 0x77, 0x65, 0x65, 0x6b, 0x3a, 0x20, 0x73, 0x74, 0x72, 0x69, 0x6e, 0x67, 0x3b
  .byte 0x0a, 0x20, 0x20, 0x74, 0x6f, 0x74, 0x61, 0x6c, 0x3a, 0x20, 0x6e, 0x75, 0x6d, 0x62, 0x65, 0x72
  .byte 0x3b, 0x0a, 0x7d, 0x0a, 0x0a, 0x65, 0x78, 0x70, 0x6f, 0x72, 0x74, 0x20, 0x69, 0x6e, 0x74, 0x65
  .byte 0x72, 0x66, 0x61, 0x63, 0x65, 0x20, 0x53, 0x74, 0x61, 0x72, 0x50, 0x6f, 0x69, 0x6e, 0x74, 0x20
  .byte 0x7b, 0x0a, 0x20, 0x20, 0x73, 0x74, 0x61, 0x72, 0x72, 0x65, 0x64, 0x5f, 0x61, 0x74, 0x3a, 0x20
  .byte 0x73, 0x74, 0x72, 0x69, 0x6e, 0x67, 0x3b, 0x0a, 0x20, 0x20, 0x63, 0x75, 0x6d, 0x75, 0x6c, 0x61
  .byte 0x74, 0x69, 0x76, 0x65, 0x3a, 0x20, 0x6e, 0x75, 0x6d, 0x62, 0x65, 0x72, 0x3b, 0x0a, 0x7d, 0x0a
  .byte 0x0a, 0x65, 0x78, 0x70, 0x6f, 0x72, 0x74, 0x20, 0x69, 0x6e, 0x74, 0x65, 0x72, 0x66, 0x61, 0x63
  .byte 0x65, 0x20, 0x43, 0x6f, 0x6e, 0x74, 0x72, 0x69, 0x62, 0x75, 0x74, 0x6f, 0x72, 0x52, 0x6f, 0x77
  .byte 0x20, 0x7b, 0x0a, 0x20, 0x20, 0x6c, 0x6f, 0x67, 0x69, 0x6e, 0x3a, 0x20, 0x73, 0x74, 0x72, 0x69
  .byte 0x6e, 0x67, 0x3b, 0x0a, 0x20, 0x20, 0x61, 0x76, 0x61, 0x74, 0x61, 0x72, 0x5f, 0x75, 0x72, 0x6c
  .byte 0x3a, 0x20, 0x73, 0x74, 0x72, 0x69, 0x6e, 0x67, 0x3b, 0x0a, 0x20, 0x20, 0x74, 0x6f, 0x74, 0x61
  .byte 0x6c, 0x5f, 0x63, 0x6f, 0x6d, 0x6d, 0x69, 0x74, 0x73, 0x3a, 0x20, 0x6e, 0x75, 0x6d, 0x62, 0x65
  .byte 0x72, 0x3b, 0x0a, 0x7d, 0x0a, 0x0a, 0x65, 0x78, 0x70, 0x6f, 0x72, 0x74, 0x20, 0x69, 0x6e, 0x74
  .byte 0x65, 0x72, 0x66, 0x61, 0x63, 0x65, 0x20, 0x42, 0x6f, 0x6f, 0x6b, 0x6d, 0x61, 0x72, 0x6b, 0x20
  .byte 0x7b, 0x0a, 0x20, 0x20, 0x72, 0x65, 0x70, 0x6f, 0x3a, 0x20, 0x73, 0x74, 0x72, 0x69, 0x6e, 0x67
  .byte 0x3b, 0x0a, 0x20, 0x20, 0x6e, 0x6f, 0x74, 0x65, 0x3a, 0x20, 0x73, 0x74, 0x72, 0x69, 0x6e, 0x67
  .byte 0x3b, 0x0a, 0x20, 0x20, 0x74, 0x61, 0x67, 0x3a, 0x20, 0x73, 0x74, 0x72, 0x69, 0x6e, 0x67, 0x3b
  .byte 0x0a, 0x20, 0x20, 0x63, 0x72, 0x65, 0x61, 0x74, 0x65, 0x64, 0x5f, 0x61, 0x74, 0x3a, 0x20, 0x73
  .byte 0x74, 0x72, 0x69, 0x6e, 0x67, 0x3b, 0x0a, 0x7d, 0x0a, 0x0a, 0x2f, 0x2f, 0x20, 0xe2, 0x94, 0x80
  .byte 0xe2, 0x94, 0x80, 0x20, 0x54, 0x6f, 0x6f, 0x6c, 0x53, 0x70, 0x65, 0x63, 0x20, 0x64, 0x65, 0x66
  .byte 0x69, 0x6e, 0x69, 0x74, 0x69, 0x6f, 0x6e, 0x73, 0x20, 0x66, 0x6f, 0x72, 0x20, 0x73, 0x79, 0x73
  .byte 0x74, 0x65, 0x6d, 0x20, 0x70, 0x72, 0x6f, 0x6d, 0x70, 0x74, 0x20, 0xe2, 0x94, 0x80, 0xe2, 0x94
  .byte 0x80, 0xe2, 0x94, 0x80, 0xe2, 0x94, 0x80, 0xe2, 0x94, 0x80, 0xe2, 0x94, 0x80, 0xe2, 0x94, 0x80
  .byte 0xe2, 0x94, 0x80, 0xe2, 0x94, 0x80, 0xe2, 0x94, 0x80, 0xe2, 0x94, 0x80, 0xe2, 0x94, 0x80, 0xe2
  .byte 0x94, 0x80, 0xe2, 0x94, 0x80, 0xe2, 0x94, 0x80, 0xe2, 0x94, 0x80, 0xe2, 0x94, 0x80, 0xe2, 0x94
  .byte 0x80, 0xe2, 0x94, 0x80, 0xe2, 0x94, 0x80, 0xe2, 0x94, 0x80, 0xe2, 0x94, 0x80, 0xe2, 0x94, 0x80
  .byte 0xe2, 0x94, 0x80, 0xe2, 0x94, 0x80, 0xe2, 0x94, 0x80, 0xe2, 0x94, 0x80, 0xe2, 0x94, 0x80, 0xe2
  .byte 0x94, 0x80, 0xe2, 0x94, 0x80, 0x0a, 0x0a, 0x65, 0x78, 0x70, 0x6f, 0x72, 0x74, 0x20, 0x63, 0x6f
  .byte 0x6e, 0x73, 0x74, 0x20, 0x47, 0x49, 0x54, 0x48, 0x55, 0x42, 0x5f, 0x54, 0x4f, 0x4f, 0x4c, 0x5f
  .byte 0x53, 0x50, 0x45, 0x43, 0x53, 0x3a, 0x20, 0x54, 0x6f, 0x6f, 0x6c, 0x53, 0x70, 0x65, 0x63, 0x5b
  .byte 0x5d, 0x20, 0x3d, 0x20, 0x5b, 0x0a, 0x20, 0x20, 0x7b, 0x0a, 0x20, 0x20, 0x20, 0x20, 0x6e, 0x61
  .byte 0x6d, 0x65, 0x3a, 0x20, 0x22, 0x67, 0x65, 0x74, 0x5f, 0x70, 0x72, 0x6f, 0x66, 0x69, 0x6c, 0x65
  .byte 0x22, 0x2c, 0x0a, 0x20, 0x20, 0x20, 0x20, 0x64, 0x65, 0x73, 0x63, 0x72, 0x69, 0x70, 0x74, 0x69
  .byte 0x6f, 0x6e, 0x3a, 0x0a, 0x20, 0x20, 0x20, 0x20, 0x20, 0x20, 0x22, 0x47, 0x65, 0x74, 0x20, 0x74
  .byte 0x68, 0x65, 0x20, 0x63, 0x6f, 0x6e, 0x6e, 0x65, 0x63, 0x74, 0x65, 0x64, 0x20, 0x47, 0x69, 0x74
  .byte 0x48, 0x75, 0x62, 0x20, 0x75, 0x73, 0x65, 0x72, 0x27, 0x73, 0x20, 0x70, 0x72, 0x6f, 0x66, 0x69
  .byte 0x6c, 0x65, 0x20, 0xe2, 0x80, 0x94, 0x20, 0x6e, 0x61, 0x6d, 0x65, 0x2c, 0x20, 0x62, 0x69, 0x6f
  .byte 0x2c, 0x20, 0x61, 0x76, 0x61, 0x74, 0x61, 0x72, 0x2c, 0x20, 0x66, 0x6f, 0x6c, 0x6c, 0x6f, 0x77
  .byte 0x65, 0x72, 0x2f, 0x66, 0x6f, 0x6c, 0x6c, 0x6f, 0x77, 0x69, 0x6e, 0x67, 0x20, 0x63, 0x6f, 0x75
  .byte 0x6e, 0x74, 0x73, 0x2c, 0x20, 0x70, 0x75, 0x62, 0x6c, 0x69, 0x63, 0x20, 0x72, 0x65, 0x70, 0x6f
  .byte 0x20, 0x63, 0x6f, 0x75, 0x6e, 0x74, 0x2c, 0x20, 0x6a, 0x6f, 0x69, 0x6e, 0x20, 0x64, 0x61, 0x74
  .byte 0x65, 0x22, 0x2c, 0x0a, 0x20, 0x20, 0x20, 0x20, 0x69, 0x6e, 0x70, 0x75, 0x74, 0x53, 0x63, 0x68
  .byte 0x65, 0x6d, 0x61, 0x3a, 0x20, 0x7b, 0x20, 0x74, 0x79, 0x70, 0x65, 0x3a, 0x20, 0x22, 0x6f, 0x62
  .byte 0x6a, 0x65, 0x63, 0x74, 0x22, 0x2c, 0x20, 0x70, 0x72, 0x6f, 0x70, 0x65, 0x72, 0x74, 0x69, 0x65
  .byte 0x73, 0x3a, 0x20, 0x7b, 0x7d, 0x20, 0x7d, 0x2c, 0x0a, 0x20, 0x20, 0x20, 0x20, 0x6f, 0x75, 0x74
  .byte 0x70, 0x75, 0x74, 0x53, 0x63, 0x68, 0x65, 0x6d, 0x61, 0x3a, 0x20, 0x7b, 0x0a, 0x20, 0x20, 0x20
  .byte 0x20, 0x20, 0x20, 0x74, 0x79, 0x70, 0x65, 0x3a, 0x20, 0x22, 0x6f, 0x62, 0x6a, 0x65, 0x63, 0x74
  .byte 0x22, 0x2c, 0x0a, 0x20, 0x20, 0x20, 0x20, 0x20, 0x20, 0x70, 0x72, 0x6f, 0x70, 0x65, 0x72, 0x74
  .byte 0x69, 0x65, 0x73, 0x3a, 0x20, 0x7b, 0x0a, 0x20, 0x20, 0x20, 0x20, 0x20, 0x20, 0x20, 0x20, 0x6c
  .byte 0x6f, 0x67, 0x69, 0x6e, 0x3a, 0x20, 0x7b, 0x20, 0x74, 0x79, 0x70, 0x65, 0x3a, 0x20, 0x22, 0x73
  .byte 0x74, 0x72, 0x69, 0x6e, 0x67, 0x22, 0x20, 0x7d, 0x2c, 0x0a, 0x20, 0x20, 0x20, 0x20, 0x20, 0x20
  .byte 0x20, 0x20, 0x6e, 0x61, 0x6d, 0x65, 0x3a, 0x20, 0x7b, 0x20, 0x74, 0x79, 0x70, 0x65, 0x3a, 0x20
  .byte 0x22, 0x73, 0x74, 0x72, 0x69, 0x6e, 0x67, 0x22, 0x20, 0x7d, 0x2c, 0x0a, 0x20, 0x20, 0x20, 0x20
  .byte 0x20, 0x20, 0x20, 0x20, 0x62, 0x69, 0x6f, 0x3a, 0x20, 0x7b, 0x20, 0x74, 0x79, 0x70, 0x65, 0x3a
  .byte 0x20, 0x22, 0x73, 0x74, 0x72, 0x69, 0x6e, 0x67, 0x22, 0x20, 0x7d, 0x2c, 0x0a, 0x20, 0x20, 0x20
  .byte 0x20, 0x20, 0x20, 0x20, 0x20, 0x61, 0x76, 0x61, 0x74, 0x61, 0x72, 0x5f, 0x75, 0x72, 0x6c, 0x3a
  .byte 0x20, 0x7b, 0x20, 0x74, 0x79, 0x70, 0x65, 0x3a, 0x20, 0x22, 0x73, 0x74, 0x72, 0x69, 0x6e, 0x67
  .byte 0x22, 0x20, 0x7d, 0x2c, 0x0a, 0x20, 0x20, 0x20, 0x20, 0x20, 0x20, 0x20, 0x20, 0x70, 0x75, 0x62
  .byte 0x6c, 0x69, 0x63, 0x5f, 0x72, 0x65, 0x70, 0x6f, 0x73, 0x3a, 0x20, 0x7b, 0x20, 0x74, 0x79, 0x70
  .byte 0x65, 0x3a, 0x20, 0x22, 0x69, 0x6e, 0x74, 0x65, 0x67, 0x65, 0x72, 0x22, 0x20, 0x7d, 0x2c, 0x0a
  .byte 0x20, 0x20, 0x20, 0x20, 0x20, 0x20, 0x20, 0x20, 0x66, 0x6f, 0x6c, 0x6c, 0x6f, 0x77, 0x65, 0x72
  .byte 0x73, 0x3a, 0x20, 0x7b, 0x20, 0x74, 0x79, 0x70, 0x65, 0x3a, 0x20, 0x22, 0x69, 0x6e, 0x74, 0x65
  .byte 0x67, 0x65, 0x72, 0x22, 0x20, 0x7d, 0x2c, 0x0a, 0x20, 0x20, 0x20, 0x20, 0x20, 0x20, 0x20, 0x20
  .byte 0x66, 0x6f, 0x6c, 0x6c, 0x6f, 0x77, 0x69, 0x6e, 0x67, 0x3a, 0x20, 0x7b, 0x20, 0x74, 0x79, 0x70
  .byte 0x65, 0x3a, 0x20, 0x22, 0x69, 0x6e, 0x74, 0x65, 0x67, 0x65, 0x72, 0x22, 0x20, 0x7d, 0x2c, 0x0a
  .byte 0x20, 0x20, 0x20, 0x20, 0x20, 0x20, 0x20, 0x20, 0x63, 0x72, 0x65, 0x61, 0x74, 0x65, 0x64, 0x5f
  .byte 0x61, 0x74, 0x3a, 0x20, 0x7b, 0x20, 0x74, 0x79, 0x70, 0x65, 0x3a, 0x20, 0x22, 0x73, 0x74, 0x72
  .byte 0x69, 0x6e, 0x67, 0x22, 0x20, 0x7d, 0x2c, 0x0a, 0x20, 0x20, 0x20, 0x20, 0x20, 0x20, 0x7d, 0x2c
  .byte 0x0a, 0x20, 0x20, 0x20, 0x20, 0x7d, 0x2c, 0x0a, 0x20, 0x20, 0x20, 0x20, 0x61, 0x6e, 0x6e, 0x6f
  .byte 0x74, 0x61, 0x74, 0x69, 0x6f, 0x6e, 0x73, 0x3a, 0x20, 0x7b, 0x20, 0x72, 0x65, 0x61, 0x64, 0x4f
  .byte 0x6e, 0x6c, 0x79, 0x48, 0x69, 0x6e, 0x74, 0x3a, 0x20, 0x74, 0x72, 0x75, 0x65, 0x20, 0x7d, 0x2c
  .byte 0x0a, 0x20, 0x20, 0x7d, 0x2c, 0x0a, 0x20, 0x20, 0x7b, 0x0a, 0x20, 0x20, 0x20, 0x20, 0x6e, 0x61
  .byte 0x6d, 0x65, 0x3a, 0x20, 0x22, 0x67, 0x65, 0x74, 0x5f, 0x72, 0x65, 0x70, 0x6f, 0x73, 0x22, 0x2c
  .byte 0x0a, 0x20, 0x20, 0x20, 0x20, 0x64, 0x65, 0x73, 0x63, 0x72, 0x69, 0x70, 0x74, 0x69, 0x6f, 0x6e
  .byte 0x3a, 0x0a, 0x20, 0x20, 0x20, 0x20, 0x20, 0x20, 0x22, 0x4c, 0x69, 0x73, 0x74, 0x20, 0x74, 0x68
  .byte 0x65, 0x20, 0x75, 0x73, 0x65, 0x72, 0x27, 0x73, 0x20, 0x70, 0x75, 0x62, 0x6c, 0x69, 0x63, 0x20
  .byte 0x72, 0x65, 0x70, 0x6f, 0x73, 0x69, 0x74, 0x6f, 0x72, 0x69, 0x65, 0x73, 0x20, 0x77, 0x69, 0x74
  .byte 0x68, 0x20, 0x73, 0x74, 0x61, 0x72, 0x73, 0x2c, 0x20, 0x66, 0x6f, 0x72, 0x6b, 0x73, 0x2c, 0x20
  .byte 0x6c, 0x61, 0x6e, 0x67, 0x75, 0x61, 0x67, 0x65, 0x2c, 0x20, 0x73, 0x69, 0x7a, 0x65, 0x2c, 0x20
  .byte 0x6f, 0x70, 0x65, 0x6e, 0x20, 0x69, 0x73, 0x73, 0x75, 0x65, 0x73, 0x2e, 0x20, 0x53, 0x75, 0x70
  .byte 0x70, 0x6f, 0x72, 0x74, 0x73, 0x20, 0x73, 0x6f, 0x72, 0x74, 0x69, 0x6e, 0x67, 0x20, 0x61, 0x6e
  .byte 0x64, 0x20, 0x6c, 0x61, 0x6e, 0x67, 0x75, 0x61, 0x67, 0x65, 0x20, 0x66, 0x69, 0x6c, 0x74, 0x65
  .byte 0x72, 0x69, 0x6e, 0x67, 0x2e, 0x22, 0x2c, 0x0a, 0x20, 0x20, 0x20, 0x20, 0x69, 0x6e, 0x70, 0x75
  .byte 0x74, 0x53, 0x63, 0x68, 0x65, 0x6d, 0x61, 0x3a, 0x20, 0x7b, 0x0a, 0x20, 0x20, 0x20, 0x20, 0x20
  .byte 0x20, 0x74, 0x79, 0x70, 0x65, 0x3a, 0x20, 0x22, 0x6f, 0x62, 0x6a, 0x65, 0x63, 0x74, 0x22, 0x2c
  .byte 0x0a, 0x20, 0x20, 0x20, 0x20, 0x20, 0x20, 0x70, 0x72, 0x6f, 0x70, 0x65, 0x72, 0x74, 0x69, 0x65
  .byte 0x73, 0x3a, 0x20, 0x7b, 0x0a, 0x20, 0x20, 0x20, 0x20, 0x20, 0x20, 0x20, 0x20, 0x73, 0x6f, 0x72
  .byte 0x74, 0x3a, 0x20, 0x7b, 0x0a, 0x20, 0x20, 0x20, 0x20, 0x20, 0x20, 0x20, 0x20, 0x20, 0x20, 0x74
  .byte 0x79, 0x70, 0x65, 0x3a, 0x20, 0x22, 0x73, 0x74, 0x72, 0x69, 0x6e, 0x67, 0x22, 0x2c, 0x0a, 0x20
  .byte 0x20, 0x20, 0x20, 0x20, 0x20, 0x20, 0x20, 0x20, 0x20, 0x65, 0x6e, 0x75, 0x6d, 0x3a, 0x20, 0x5b
  .byte 0x22, 0x73, 0x74, 0x61, 0x72, 0x73, 0x22, 0x2c, 0x20, 0x22, 0x66, 0x6f, 0x72, 0x6b, 0x73, 0x22
  .byte 0x2c, 0x20, 0x22, 0x75, 0x70, 0x64, 0x61, 0x74, 0x65, 0x64, 0x22, 0x2c, 0x20, 0x22, 0x63, 0x72
  .byte 0x65, 0x61, 0x74, 0x65, 0x64, 0x22, 0x5d, 0x2c, 0x0a, 0x20, 0x20, 0x20, 0x20, 0x20, 0x20, 0x20
  .byte 0x20, 0x20, 0x20, 0x64, 0x65, 0x73, 0x63, 0x72, 0x69, 0x70, 0x74, 0x69, 0x6f, 0x6e, 0x3a, 0x20
  .byte 0x22, 0x53, 0x6f, 0x72, 0x74, 0x20, 0x66, 0x69, 0x65, 0x6c, 0x64, 0x20, 0x28, 0x64, 0x65, 0x66
  .byte 0x61, 0x75, 0x6c, 0x74, 0x3a, 0x20, 0x73, 0x74, 0x61, 0x72, 0x73, 0x29, 0x22, 0x2c, 0x0a, 0x20
  .byte 0x20, 0x20, 0x20, 0x20, 0x20, 0x20, 0x20, 0x7d, 0x2c, 0x0a, 0x20, 0x20, 0x20, 0x20, 0x20, 0x20
  .byte 0x20, 0x20, 0x6c, 0x61, 0x6e, 0x67, 0x75, 0x61, 0x67, 0x65, 0x3a, 0x20, 0x7b, 0x0a, 0x20, 0x20
  .byte 0x20, 0x20, 0x20, 0x20, 0x20, 0x20, 0x20, 0x20, 0x74, 0x79, 0x70, 0x65, 0x3a, 0x20, 0x22, 0x73
  .byte 0x74, 0x72, 0x69, 0x6e, 0x67, 0x22, 0x2c, 0x0a, 0x20, 0x20, 0x20, 0x20, 0x20, 0x20, 0x20, 0x20
  .byte 0x20, 0x20, 0x64, 0x65, 0x73, 0x63, 0x72, 0x69, 0x70, 0x74, 0x69, 0x6f, 0x6e, 0x3a, 0x20, 0x22
  .byte 0x46, 0x69, 0x6c, 0x74, 0x65, 0x72, 0x20, 0x62, 0x79, 0x20, 0x70, 0x72, 0x6f, 0x67, 0x72, 0x61
  .byte 0x6d, 0x6d, 0x69, 0x6e, 0x67, 0x20, 0x6c, 0x61, 0x6e, 0x67, 0x75, 0x61, 0x67, 0x65, 0x20, 0x28
  .byte 0x65, 0x2e, 0x67, 0x2e, 0x20, 0x27, 0x54, 0x79, 0x70, 0x65, 0x53, 0x63, 0x72, 0x69, 0x70, 0x74
  .byte 0x27, 0x29, 0x2e, 0x20, 0x4f, 0x6d, 0x69, 0x74, 0x20, 0x6f, 0x72, 0x20, 0x65, 0x6d, 0x70, 0x74
  .byte 0x79, 0x20, 0x66, 0x6f, 0x72, 0x20, 0x61, 0x6c, 0x6c, 0x2e, 0x22, 0x2c, 0x0a, 0x20, 0x20, 0x20
  .byte 0x20, 0x20, 0x20, 0x20, 0x20, 0x7d, 0x2c, 0x0a, 0x20, 0x20, 0x20, 0x20, 0x20, 0x20, 0x7d, 0x2c
  .byte 0x0a, 0x20, 0x20, 0x20, 0x20, 0x7d, 0x2c, 0x0a, 0x20, 0x20, 0x20, 0x20, 0x6f, 0x75, 0x74, 0x70
  .byte 0x75, 0x74, 0x53, 0x63, 0x68, 0x65, 0x6d, 0x61, 0x3a, 0x20, 0x7b, 0x0a, 0x20, 0x20, 0x20, 0x20
  .byte 0x20, 0x20, 0x74, 0x79, 0x70, 0x65, 0x3a, 0x20, 0x22, 0x6f, 0x62, 0x6a, 0x65, 0x63, 0x74, 0x22
  .byte 0x2c, 0x0a, 0x20, 0x20, 0x20, 0x20, 0x20, 0x20, 0x70, 0x72, 0x6f, 0x70, 0x65, 0x72, 0x74, 0x69
  .byte 0x65, 0x73, 0x3a, 0x20, 0x7b, 0x0a, 0x20, 0x20, 0x20, 0x20, 0x20, 0x20, 0x20, 0x20, 0x72, 0x6f
  .byte 0x77, 0x73, 0x3a, 0x20, 0x7b, 0x0a, 0x20, 0x20, 0x20, 0x20, 0x20, 0x20, 0x20, 0x20, 0x20, 0x20
  .byte 0x74, 0x79, 0x70, 0x65, 0x3a, 0x20, 0x22, 0x61, 0x72, 0x72, 0x61, 0x79, 0x22, 0x2c, 0x0a, 0x20
  .byte 0x20, 0x20, 0x20, 0x20, 0x20, 0x20, 0x20, 0x20, 0x20, 0x69, 0x74, 0x65, 0x6d, 0x73, 0x3a, 0x20
  .byte 0x7b, 0x0a, 0x20, 0x20, 0x20, 0x20, 0x20, 0x20, 0x20, 0x20, 0x20, 0x20, 0x20, 0x20, 0x74, 0x79
  .byte 0x70, 0x65, 0x3a, 0x20, 0x22, 0x6f, 0x62, 0x6a, 0x65, 0x63, 0x74, 0x22, 0x2c, 0x0a, 0x20, 0x20
  .byte 0x20, 0x20, 0x20, 0x20, 0x20, 0x20, 0x20, 0x20, 0x20, 0x20, 0x70, 0x72, 0x6f, 0x70, 0x65, 0x72
  .byte 0x74, 0x69, 0x65, 0x73, 0x3a, 0x20, 0x7b, 0x0a, 0x20, 0x20, 0x20, 0x20, 0x20, 0x20, 0x20, 0x20
  .byte 0x20, 0x20, 0x20, 0x20, 0x20, 0x20, 0x6e, 0x61, 0x6d, 0x65, 0x3a, 0x20, 0x7b, 0x20, 0x74, 0x79
  .byte 0x70, 0x65, 0x3a, 0x20, 0x22, 0x73, 0x74, 0x72, 0x69, 0x6e, 0x67, 0x22, 0x20, 0x7d, 0x2c, 0x0a
  .byte 0x20, 0x20, 0x20, 0x20, 0x20, 0x20, 0x20, 0x20, 0x20, 0x20, 0x20, 0x20, 0x20, 0x20, 0x66, 0x75
  .byte 0x6c, 0x6c, 0x5f, 0x6e, 0x61, 0x6d, 0x65, 0x3a, 0x20, 0x7b, 0x20, 0x74, 0x79, 0x70, 0x65, 0x3a
  .byte 0x20, 0x22, 0x73, 0x74, 0x72, 0x69, 0x6e, 0x67, 0x22, 0x20, 0x7d, 0x2c, 0x0a, 0x20, 0x20, 0x20
  .byte 0x20, 0x20, 0x20, 0x20, 0x20, 0x20, 0x20, 0x20, 0x20, 0x20, 0x20, 0x64, 0x65, 0x73, 0x63, 0x72
  .byte 0x69, 0x70, 0x74, 0x69, 0x6f, 0x6e, 0x3a, 0x20, 0x7b, 0x20, 0x74, 0x79, 0x70, 0x65, 0x3a, 0x20
  .byte 0x22, 0x73, 0x74, 0x72, 0x69, 0x6e, 0x67, 0x22, 0x20, 0x7d, 0x2c, 0x0a, 0x20, 0x20, 0x20, 0x20
  .byte 0x20, 0x20, 0x20, 0x20, 0x20, 0x20, 0x20, 0x20, 0x20, 0x20, 0x6c, 0x61, 0x6e, 0x67, 0x75, 0x61
  .byte 0x67, 0x65, 0x3a, 0x20, 0x7b, 0x20, 0x74, 0x79, 0x70, 0x65, 0x3a, 0x20, 0x22, 0x73, 0x74, 0x72
  .byte 0x69, 0x6e, 0x67, 0x22, 0x20, 0x7d, 0x2c, 0x0a, 0x20, 0x20, 0x20, 0x20, 0x20, 0x20, 0x20, 0x20
  .byte 0x20, 0x20, 0x20, 0x20, 0x20, 0x20, 0x73, 0x74, 0x61, 0x72, 0x73, 0x3a, 0x20, 0x7b, 0x20, 0x74
  .byte 0x79, 0x70, 0x65, 0x3a, 0x20, 0x22, 0x69, 0x6e, 0x74, 0x65, 0x67, 0x65, 0x72, 0x22, 0x20, 0x7d
  .byte 0x2c, 0x0a, 0x20, 0x20, 0x20, 0x20, 0x20, 0x20, 0x20, 0x20, 0x20, 0x20, 0x20, 0x20, 0x20, 0x20
  .byte 0x66, 0x6f, 0x72, 0x6b, 0x73, 0x3a, 0x20, 0x7b, 0x20, 0x74, 0x79, 0x70, 0x65, 0x3a, 0x20, 0x22
  .byte 0x69, 0x6e, 0x74, 0x65, 0x67, 0x65, 0x72, 0x22, 0x20, 0x7d, 0x2c, 0x0a, 0x20, 0x20, 0x20, 0x20
  .byte 0x20, 0x20, 0x20, 0x20, 0x20, 0x20, 0x20, 0x20, 0x20, 0x20, 0x73, 0x69, 0x7a, 0x65, 0x3a, 0x20
  .byte 0x7b, 0x20, 0x74, 0x79, 0x70, 0x65, 0x3a, 0x20, 0x22, 0x69, 0x6e, 0x74, 0x65, 0x67, 0x65, 0x72
  .byte 0x22, 0x20, 0x7d, 0x2c, 0x0a, 0x20, 0x20, 0x20, 0x20, 0x20, 0x20, 0x20, 0x20, 0x20, 0x20, 0x20
  .byte 0x20, 0x20, 0x20, 0x6f, 0x70, 0x65, 0x6e, 0x5f, 0x69, 0x73, 0x73, 0x75, 0x65, 0x73, 0x3a, 0x20
  .byte 0x7b, 0x20, 0x74, 0x79, 0x70, 0x65, 0x3a, 0x20, 0x22, 0x69, 0x6e, 0x74, 0x65, 0x67, 0x65, 0x72
  .byte 0x22, 0x20, 0x7d, 0x2c, 0x0a, 0x20, 0x20, 0x20, 0x20, 0x20, 0x20, 0x20, 0x20, 0x20, 0x20, 0x20
  .byte 0x20, 0x20, 0x20, 0x75, 0x70, 0x64, 0x61, 0x74, 0x65, 0x64, 0x5f, 0x61, 0x74, 0x3a, 0x20, 0x7b
  .byte 0x20, 0x74, 0x79, 0x70, 0x65, 0x3a, 0x20, 0x22, 0x73, 0x74, 0x72, 0x69, 0x6e, 0x67, 0x22, 0x20
  .byte 0x7d, 0x2c, 0x0a, 0x20, 0x20, 0x20, 0x20, 0x20, 0x20, 0x20, 0x20, 0x20, 0x20, 0x20, 0x20, 0x20
  .byte 0x20, 0x68, 0x74, 0x6d, 0x6c, 0x5f, 0x75, 0x72, 0x6c, 0x3a, 0x20, 0x7b, 0x20, 0x74, 0x79, 0x70
  .byte 0x65, 0x3a, 0x20, 0x22, 0x73, 0x74, 0x72, 0x69, 0x6e, 0x67, 0x22, 0x20, 0x7d, 0x2c, 0x0a, 0x20
  .byte 0x20, 0x20, 0x20, 0x20, 0x20, 0x20, 0x20, 0x20, 0x20, 0x20, 0x20, 0x7d, 0x2c, 0x0a, 0x20, 0x20
  .byte 0x20, 0x20, 0x20, 0x20, 0x20, 0x20, 0x20, 0x20, 0x7d, 0x2c, 0x0a, 0x20, 0x20, 0x20, 0x20, 0x20
  .byte 0x20, 0x20, 0x20, 0x7d, 0x2c, 0x0a, 0x20, 0x20, 0x20, 0x20, 0x20, 0x20, 0x7d, 0x2c, 0x0a, 0x20
  .byte 0x20, 0x20, 0x20, 0x7d, 0x2c, 0x0a, 0x20, 0x20, 0x20, 0x20, 0x61, 0x6e, 0x6e, 0x6f, 0x74, 0x61
  .byte 0x74, 0x69, 0x6f, 0x6e, 0x73, 0x3a, 0x20, 0x7b, 0x20, 0x72, 0x65, 0x61, 0x64, 0x4f, 0x6e, 0x6c
  .byte 0x79, 0x48, 0x69, 0x6e, 0x74, 0x3a, 0x20, 0x74, 0x72, 0x75, 0x65, 0x20, 0x7d, 0x2c, 0x0a, 0x20
  .byte 0x20, 0x7d, 0x2c, 0x0a, 0x20, 0x20, 0x7b, 0x0a, 0x20, 0x20, 0x20, 0x20, 0x6e, 0x61, 0x6d, 0x65
  .byte 0x3a, 0x20, 0x22, 0x67, 0x65, 0x74, 0x5f, 0x6c, 0x61, 0x6e, 0x67, 0x75, 0x61, 0x67, 0x65, 0x73
  .byte 0x22, 0x2c, 0x0a, 0x20, 0x20, 0x20, 0x20, 0x64, 0x65, 0x73, 0x63, 0x72, 0x69, 0x70, 0x74, 0x69
  .byte 0x6f, 0x6e, 0x3a, 0x0a, 0x20, 0x20, 0x20, 0x20, 0x20, 0x20, 0x22, 0x47, 0x65, 0x74, 0x20, 0x61
  .byte 0x67, 0x67, 0x72, 0x65, 0x67, 0x61, 0x74, 0x65, 0x64, 0x20, 0x6c, 0x61, 0x6e, 0x67, 0x75, 0x61
  .byte 0x67, 0x65, 0x20, 0x62, 0x72, 0x65, 0x61, 0x6b, 0x64, 0x6f, 0x77, 0x6e, 0x20, 0x61, 0x63, 0x72
  .byte 0x6f, 0x73, 0x73, 0x20, 0x61, 0x6c, 0x6c, 0x20, 0x72, 0x65, 0x70, 0x6f, 0x73, 0x20, 0xe2, 0x80
  .byte 0x94, 0x20, 0x6c, 0x61, 0x6e, 0x67, 0x75, 0x61, 0x67, 0x65, 0x20, 0x6e, 0x61, 0x6d, 0x65, 0x2c
  .byte 0x20, 0x62, 0x79, 0x74, 0x65, 0x73, 0x20, 0x6f, 0x66, 0x20, 0x63, 0x6f, 0x64, 0x65, 0x2c, 0x20
  .byte 0x6e, 0x75, 0x6d, 0x62, 0x65, 0x72, 0x20, 0x6f, 0x66, 0x20, 0x72, 0x65, 0x70, 0x6f, 0x73, 0x20
  .byte 0x75, 0x73, 0x69, 0x6e, 0x67, 0x20, 0x69, 0x74, 0x2e, 0x20, 0x53, 0x6f, 0x72, 0x74, 0x65, 0x64
  .byte 0x20, 0x62, 0x79, 0x20, 0x62, 0x79, 0x74, 0x65, 0x73, 0x20, 0x64, 0x65, 0x73, 0x63, 0x65, 0x6e
  .byte 0x64, 0x69, 0x6e, 0x67, 0x2e, 0x22, 0x2c, 0x0a, 0x20, 0x20, 0x20, 0x20, 0x69, 0x6e, 0x70, 0x75
  .byte 0x74, 0x53, 0x63, 0x68, 0x65, 0x6d, 0x61, 0x3a, 0x20, 0x7b, 0x20, 0x74, 0x79, 0x70, 0x65, 0x3a
  .byte 0x20, 0x22, 0x6f, 0x62, 0x6a, 0x65, 0x63, 0x74, 0x22, 0x2c, 0x20, 0x70, 0x72, 0x6f, 0x70, 0x65
  .byte 0x72, 0x74, 0x69, 0x65, 0x73, 0x3a, 0x20, 0x7b, 0x7d, 0x20, 0x7d, 0x2c, 0x0a, 0x20, 0x20, 0x20
  .byte 0x20, 0x6f, 0x75, 0x74, 0x70, 0x75, 0x74, 0x53, 0x63, 0x68, 0x65, 0x6d, 0x61, 0x3a, 0x20, 0x7b
  .byte 0x0a, 0x20, 0x20, 0x20, 0x20, 0x20, 0x20, 0x74, 0x79, 0x70, 0x65, 0x3a, 0x20, 0x22, 0x6f, 0x62
  .byte 0x6a, 0x65, 0x63, 0x74, 0x22, 0x2c, 0x0a, 0x20, 0x20, 0x20, 0x20, 0x20, 0x20, 0x70, 0x72, 0x6f
  .byte 0x70, 0x65, 0x72, 0x74, 0x69, 0x65, 0x73, 0x3a, 0x20, 0x7b, 0x0a, 0x20, 0x20, 0x20, 0x20, 0x20
  .byte 0x20, 0x20, 0x20, 0x72, 0x6f, 0x77, 0x73, 0x3a, 0x20, 0x7b, 0x0a, 0x20, 0x20, 0x20, 0x20, 0x20
  .byte 0x20, 0x20, 0x20, 0x20, 0x20, 0x74, 0x79, 0x70, 0x65, 0x3a, 0x20, 0x22, 0x61, 0x72, 0x72, 0x61
  .byte 0x79, 0x22, 0x2c, 0x0a, 0x20, 0x20, 0x20, 0x20, 0x20, 0x20, 0x20, 0x20, 0x20, 0x20, 0x69, 0x74
  .byte 0x65, 0x6d, 0x73, 0x3a, 0x20, 0x7b, 0x0a, 0x20, 0x20, 0x20, 0x20, 0x20, 0x20, 0x20, 0x20, 0x20
  .byte 0x20, 0x20, 0x20, 0x74, 0x79, 0x70, 0x65, 0x3a, 0x20, 0x22, 0x6f, 0x62, 0x6a, 0x65, 0x63, 0x74
  .byte 0x22, 0x2c, 0x0a, 0x20, 0x20, 0x20, 0x20, 0x20, 0x20, 0x20, 0x20, 0x20, 0x20, 0x20, 0x20, 0x70
  .byte 0x72, 0x6f, 0x70, 0x65, 0x72, 0x74, 0x69, 0x65, 0x73, 0x3a, 0x20, 0x7b, 0x0a, 0x20, 0x20, 0x20
  .byte 0x20, 0x20, 0x20, 0x20, 0x20, 0x20, 0x20, 0x20, 0x20, 0x20, 0x20, 0x6c, 0x61, 0x6e, 0x67, 0x75
  .byte 0x61, 0x67, 0x65, 0x3a, 0x20, 0x7b, 0x20, 0x74, 0x79, 0x70, 0x65, 0x3a, 0x20, 0x22, 0x73, 0x74
  .byte 0x72, 0x69, 0x6e, 0x67, 0x22, 0x20, 0x7d, 0x2c, 0x0a, 0x20, 0x20, 0x20, 0x20, 0x20, 0x20, 0x20
  .byte 0x20, 0x20, 0x20, 0x20, 0x20, 0x20, 0x20, 0x62, 0x79, 0x74, 0x65, 0x73, 0x3a, 0x20, 0x7b, 0x20
  .byte 0x74, 0x79, 0x70, 0x65, 0x3a, 0x20, 0x22, 0x69, 0x6e, 0x74, 0x65, 0x67, 0x65, 0x72, 0x22, 0x20
  .byte 0x7d, 0x2c, 0x0a, 0x20, 0x20, 0x20, 0x20, 0x20, 0x20, 0x20, 0x20, 0x20, 0x20, 0x20, 0x20, 0x20
  .byte 0x20, 0x72, 0x65, 0x70, 0x6f, 0x73, 0x5f, 0x63, 0x6f, 0x75, 0x6e, 0x74, 0x3a, 0x20, 0x7b, 0x20
  .byte 0x74, 0x79, 0x70, 0x65, 0x3a, 0x20, 0x22, 0x69, 0x6e, 0x74, 0x65, 0x67, 0x65, 0x72, 0x22, 0x20
  .byte 0x7d, 0x2c, 0x0a, 0x20, 0x20, 0x20, 0x20, 0x20, 0x20, 0x20, 0x20, 0x20, 0x20, 0x20, 0x20, 0x7d
  .byte 0x2c, 0x0a, 0x20, 0x20, 0x20, 0x20, 0x20, 0x20, 0x20, 0x20, 0x20, 0x20, 0x7d, 0x2c, 0x0a, 0x20
  .byte 0x20, 0x20, 0x20, 0x20, 0x20, 0x20, 0x20, 0x7d, 0x2c, 0x0a, 0x20, 0x20, 0x20, 0x20, 0x20, 0x20
  .byte 0x7d, 0x2c, 0x0a, 0x20, 0x20, 0x20, 0x20, 0x7d, 0x2c, 0x0a, 0x20, 0x20, 0x20, 0x20, 0x61, 0x6e
  .byte 0x6e, 0x6f, 0x74, 0x61, 0x74, 0x69, 0x6f, 0x6e, 0x73, 0x3a, 0x20, 0x7b, 0x20, 0x72, 0x65, 0x61
  .byte 0x64, 0x4f, 0x6e, 0x6c, 0x79, 0x48, 0x69, 0x6e, 0x74, 0x3a, 0x20, 0x74, 0x72, 0x75, 0x65, 0x20
  .byte 0x7d, 0x2c, 0x0a, 0x20, 0x20, 0x7d, 0x2c, 0x0a, 0x20, 0x20, 0x7b, 0x0a, 0x20, 0x20, 0x20, 0x20
  .byte 0x6e, 0x61, 0x6d, 0x65, 0x3a, 0x20, 0x22, 0x67, 0x65, 0x74, 0x5f, 0x65, 0x76, 0x65, 0x6e, 0x74
  .byte 0x73, 0x22, 0x2c, 0x0a, 0x20, 0x20, 0x20, 0x20, 0x64, 0x65, 0x73, 0x63, 0x72, 0x69, 0x70, 0x74
  .byte 0x69, 0x6f, 0x6e, 0x3a, 0x0a, 0x20, 0x20, 0x20, 0x20, 0x20, 0x20, 0x22, 0x47, 0x65, 0x74, 0x20
  .byte 0x74, 0x68, 0x65, 0x20, 0x75, 0x73, 0x65, 0x72, 0x27, 0x73, 0x20, 0x72, 0x65, 0x63, 0x65, 0x6e
  .byte 0x74, 0x20, 0x70, 0x75, 0x62, 0x6c, 0x69, 0x63, 0x20, 0x65, 0x76, 0x65, 0x6e, 0x74, 0x73, 0x20
  .byte 0x28, 0x70, 0x75, 0x73, 0x68, 0x65, 0x73, 0x2c, 0x20, 0x50, 0x52, 0x73, 0x2c, 0x20, 0x69, 0x73
  .byte 0x73, 0x75, 0x65, 0x73, 0x2c, 0x20, 0x72, 0x65, 0x76, 0x69, 0x65, 0x77, 0x73, 0x2c, 0x20, 0x66
  .byte 0x6f, 0x72, 0x6b, 0x73, 0x2c, 0x20, 0x73, 0x74, 0x61, 0x72, 0x73, 0x29, 0x20, 0x66, 0x72, 0x6f
  .byte 0x6d, 0x20, 0x74, 0x68, 0x65, 0x20, 0x6c, 0x61, 0x73, 0x74, 0x20, 0x33, 0x30, 0x20, 0x64, 0x61
  .byte 0x79, 0x73, 0x2e, 0x20, 0x52, 0x65, 0x74, 0x75, 0x72, 0x6e, 0x73, 0x20, 0x65, 0x76, 0x65, 0x6e
  .byte 0x74, 0x20, 0x72, 0x6f, 0x77, 0x73, 0x20, 0x2b, 0x20, 0x73, 0x75, 0x6d, 0x6d, 0x61, 0x72, 0x79
  .byte 0x20, 0x63, 0x6f, 0x75, 0x6e, 0x74, 0x73, 0x2e, 0x22, 0x2c, 0x0a, 0x20, 0x20, 0x20, 0x20, 0x69
  .byte 0x6e, 0x70, 0x75, 0x74, 0x53, 0x63, 0x68, 0x65, 0x6d, 0x61, 0x3a, 0x20, 0x7b, 0x20, 0x74, 0x79
  .byte 0x70, 0x65, 0x3a, 0x20, 0x22, 0x6f, 0x62, 0x6a, 0x65, 0x63, 0x74, 0x22, 0x2c, 0x20, 0x70, 0x72
  .byte 0x6f, 0x70, 0x65, 0x72, 0x74, 0x69, 0x65, 0x73, 0x3a, 0x20, 0x7b, 0x7d, 0x20, 0x7d, 0x2c, 0x0a
  .byte 0x20, 0x20, 0x20, 0x20, 0x6f, 0x75, 0x74, 0x70, 0x75, 0x74, 0x53, 0x63, 0x68, 0x65, 0x6d, 0x61
  .byte 0x3a, 0x20, 0x7b, 0x0a, 0x20, 0x20, 0x20, 0x20, 0x20, 0x20, 0x74, 0x79, 0x70, 0x65, 0x3a, 0x20
  .byte 0x22, 0x6f, 0x62, 0x6a, 0x65, 0x63, 0x74, 0x22, 0x2c, 0x0a, 0x20, 0x20, 0x20, 0x20, 0x20, 0x20
  .byte 0x70, 0x72, 0x6f, 0x70, 0x65, 0x72, 0x74, 0x69, 0x65, 0x73, 0x3a, 0x20, 0x7b, 0x0a, 0x20, 0x20
  .byte 0x20, 0x20, 0x20, 0x20, 0x20, 0x20, 0x72, 0x6f, 0x77, 0x73, 0x3a, 0x20, 0x7b, 0x0a, 0x20, 0x20
  .byte 0x20, 0x20, 0x20, 0x20, 0x20, 0x20, 0x20, 0x20, 0x74, 0x79, 0x70, 0x65, 0x3a, 0x20, 0x22, 0x61
  .byte 0x72, 0x72, 0x61, 0x79, 0x22, 0x2c, 0x0a, 0x20, 0x20, 0x20, 0x20, 0x20, 0x20, 0x20, 0x20, 0x20
  .byte 0x20, 0x69, 0x74, 0x65, 0x6d, 0x73, 0x3a, 0x20, 0x7b, 0x0a, 0x20, 0x20, 0x20, 0x20, 0x20, 0x20
  .byte 0x20, 0x20, 0x20, 0x20, 0x20, 0x20, 0x74, 0x79, 0x70, 0x65, 0x3a, 0x20, 0x22, 0x6f, 0x62, 0x6a
  .byte 0x65, 0x63, 0x74, 0x22, 0x2c, 0x0a, 0x20, 0x20, 0x20, 0x20, 0x20, 0x20, 0x20, 0x20, 0x20, 0x20
  .byte 0x20, 0x20, 0x70, 0x72, 0x6f, 0x70, 0x65, 0x72, 0x74, 0x69, 0x65, 0x73, 0x3a, 0x20, 0x7b, 0x0a
  .byte 0x20, 0x20, 0x20, 0x20, 0x20, 0x20, 0x20, 0x20, 0x20, 0x20, 0x20, 0x20, 0x20, 0x20, 0x74, 0x79
  .byte 0x70, 0x65, 0x3a, 0x20, 0x7b, 0x20, 0x74, 0x79, 0x70, 0x65, 0x3a, 0x20, 0x22, 0x73, 0x74, 0x72
  .byte 0x69, 0x6e, 0x67, 0x22, 0x20, 0x7d, 0x2c, 0x0a, 0x20, 0x20, 0x20, 0x20, 0x20, 0x20, 0x20, 0x20
  .byte 0x20, 0x20, 0x20, 0x20, 0x20, 0x20, 0x72, 0x65, 0x70, 0x6f, 0x3a, 0x20, 0x7b, 0x20, 0x74, 0x79
  .byte 0x70, 0x65, 0x3a, 0x20, 0x22, 0x73, 0x74, 0x72, 0x69, 0x6e, 0x67, 0x22, 0x20, 0x7d, 0x2c, 0x0a
  .byte 0x20, 0x20, 0x20, 0x20, 0x20, 0x20, 0x20, 0x20, 0x20, 0x20, 0x20, 0x20, 0x20, 0x20, 0x64, 0x61
  .byte 0x74, 0x65, 0x3a, 0x20, 0x7b, 0x20, 0x74, 0x79, 0x70, 0x65, 0x3a, 0x20, 0x22, 0x73, 0x74, 0x72
  .byte 0x69, 0x6e, 0x67, 0x22, 0x20, 0x7d, 0x2c, 0x0a, 0x20, 0x20, 0x20, 0x20, 0x20, 0x20, 0x20, 0x20
  .byte 0x20, 0x20, 0x20, 0x20, 0x20, 0x20, 0x63, 0x6f, 0x75, 0x6e, 0x74, 0x3a, 0x20, 0x7b, 0x20, 0x74
  .byte 0x79, 0x70, 0x65, 0x3a, 0x20, 0x22, 0x69, 0x6e, 0x74, 0x65, 0x67, 0x65, 0x72, 0x22, 0x20, 0x7d
  .byte 0x2c, 0x0a, 0x20, 0x20, 0x20, 0x20, 0x20, 0x20, 0x20, 0x20, 0x20, 0x20, 0x20, 0x20, 0x7d, 0x2c
  .byte 0x0a, 0x20, 0x20, 0x20, 0x20, 0x20, 0x20, 0x20, 0x20, 0x20, 0x20, 0x7d, 0x2c, 0x0a, 0x20, 0x20
  .byte 0x20, 0x20, 0x20, 0x20, 0x20, 0x20, 0x7d, 0x2c, 0x0a, 0x20, 0x20, 0x20, 0x20, 0x20, 0x20, 0x20
  .byte 0x20, 0x73, 0x75, 0x6d, 0x6d, 0x61, 0x72, 0x79, 0x3a, 0x20, 0x7b, 0x0a, 0x20, 0x20, 0x20, 0x20
  .byte 0x20, 0x20, 0x20, 0x20, 0x20, 0x20, 0x74, 0x79, 0x70, 0x65, 0x3a, 0x20, 0x22, 0x6f, 0x62, 0x6a
  .byte 0x65, 0x63, 0x74, 0x22, 0x2c, 0x0a, 0x20, 0x20, 0x20, 0x20, 0x20, 0x20, 0x20, 0x20, 0x20, 0x20
  .byte 0x70, 0x72, 0x6f, 0x70, 0x65, 0x72, 0x74, 0x69, 0x65, 0x73, 0x3a, 0x20, 0x7b, 0x0a, 0x20, 0x20
  .byte 0x20, 0x20, 0x20, 0x20, 0x20, 0x20, 0x20, 0x20, 0x20, 0x20, 0x74, 0x6f, 0x74, 0x61, 0x6c, 0x3a
  .byte 0x20, 0x7b, 0x20, 0x74, 0x79, 0x70, 0x65, 0x3a, 0x20, 0x22, 0x69, 0x6e, 0x74, 0x65, 0x67, 0x65
  .byte 0x72, 0x22, 0x20, 0x7d, 0x2c, 0x0a, 0x20, 0x20, 0x20, 0x20, 0x20, 0x20, 0x20, 0x20, 0x20, 0x20
  .byte 0x20, 0x20, 0x70, 0x75, 0x73, 0x68, 0x3a, 0x20, 0x7b, 0x20, 0x74, 0x79, 0x70, 0x65, 0x3a, 0x20
  .byte 0x22, 0x69, 0x6e, 0x74, 0x65, 0x67, 0x65, 0x72, 0x22, 0x20, 0x7d, 0x2c, 0x0a, 0x20, 0x20, 0x20
  .byte 0x20, 0x20, 0x20, 0x20, 0x20, 0x20, 0x20, 0x20, 0x20, 0x70, 0x72, 0x3a, 0x20, 0x7b, 0x20, 0x74
  .byte 0x79, 0x70, 0x65, 0x3a, 0x20, 0x22, 0x69, 0x6e, 0x74, 0x65, 0x67, 0x65, 0x72, 0x22, 0x20, 0x7d
  .byte 0x2c, 0x0a, 0x20, 0x20, 0x20, 0x20, 0x20, 0x20, 0x20, 0x20, 0x20, 0x20, 0x20, 0x20, 0x69, 0x73
  .byte 0x73, 0x75, 0x65, 0x73, 0x3a, 0x20, 0x7b, 0x20, 0x74, 0x79, 0x70, 0x65, 0x3a, 0x20, 0x22, 0x69
  .byte 0x6e, 0x74, 0x65, 0x67, 0x65, 0x72, 0x22, 0x20, 0x7d, 0x2c, 0x0a, 0x20, 0x20, 0x20, 0x20, 0x20
  .byte 0x20, 0x20, 0x20, 0x20, 0x20, 0x20, 0x20, 0x72, 0x65, 0x76, 0x69, 0x65, 0x77, 0x73, 0x3a, 0x20
  .byte 0x7b, 0x20, 0x74, 0x79, 0x70, 0x65, 0x3a, 0x20, 0x22, 0x69, 0x6e, 0x74, 0x65, 0x67, 0x65, 0x72
  .byte 0x22, 0x20, 0x7d, 0x2c, 0x0a, 0x20, 0x20, 0x20, 0x20, 0x20, 0x20, 0x20, 0x20, 0x20, 0x20, 0x7d
  .byte 0x2c, 0x0a, 0x20, 0x20, 0x20, 0x20, 0x20, 0x20, 0x20, 0x20, 0x7d, 0x2c, 0x0a, 0x20, 0x20, 0x20
  .byte 0x20, 0x20, 0x20, 0x7d, 0x2c, 0x0a, 0x20, 0x20, 0x20, 0x20, 0x7d, 0x2c, 0x0a, 0x20, 0x20, 0x20
  .byte 0x20, 0x61, 0x6e, 0x6e, 0x6f, 0x74, 0x61, 0x74, 0x69, 0x6f, 0x6e, 0x73, 0x3a, 0x20, 0x7b, 0x20
  .byte 0x72, 0x65, 0x61, 0x64, 0x4f, 0x6e, 0x6c, 0x79, 0x48, 0x69, 0x6e, 0x74, 0x3a, 0x20, 0x74, 0x72
  .byte 0x75, 0x65, 0x20, 0x7d, 0x2c, 0x0a, 0x20, 0x20, 0x7d, 0x2c, 0x0a, 0x20, 0x20, 0x7b, 0x0a, 0x20
  .byte 0x20, 0x20, 0x20, 0x6e, 0x61, 0x6d, 0x65, 0x3a, 0x20, 0x22, 0x67, 0x65, 0x74, 0x5f, 0x63, 0x6f
  .byte 0x6d, 0x6d, 0x69, 0x74, 0x5f, 0x61, 0x63, 0x74, 0x69, 0x76, 0x69, 0x74, 0x79, 0x22, 0x2c, 0x0a
  .byte 0x20, 0x20, 0x20, 0x20, 0x64, 0x65, 0x73, 0x63, 0x72, 0x69, 0x70, 0x74, 0x69, 0x6f, 0x6e, 0x3a
  .byte 0x20, 0x22, 0x47, 0x65, 0x74, 0x20, 0x77, 0x65, 0x65, 0x6b, 0x6c, 0x79, 0x20, 0x63, 0x6f, 0x6d
  .byte 0x6d, 0x69, 0x74, 0x20, 0x63, 0x6f, 0x75, 0x6e, 0x74, 0x73, 0x20, 0x66, 0x6f, 0x72, 0x20, 0x61
  .byte 0x20, 0x73, 0x70, 0x65, 0x63, 0x69, 0x66, 0x69, 0x63, 0x20, 0x72, 0x65, 0x70, 0x6f, 0x20, 0x6f
  .byte 0x76, 0x65, 0x72, 0x20, 0x74, 0x68, 0x65, 0x20, 0x70, 0x61, 0x73, 0x74, 0x20, 0x79, 0x65, 0x61
  .byte 0x72, 0x20, 0x28, 0x35, 0x32, 0x20, 0x77, 0x65, 0x65, 0x6b, 0x73, 0x29, 0x2e, 0x22, 0x2c, 0x0a
  .byte 0x20, 0x20, 0x20, 0x20, 0x69, 0x6e, 0x70, 0x75, 0x74, 0x53, 0x63, 0x68, 0x65, 0x6d, 0x61, 0x3a
  .byte 0x20, 0x7b, 0x0a, 0x20, 0x20, 0x20, 0x20, 0x20, 0x20, 0x74, 0x79, 0x70, 0x65, 0x3a, 0x20, 0x22
  .byte 0x6f, 0x62, 0x6a, 0x65, 0x63, 0x74, 0x22, 0x2c, 0x0a, 0x20, 0x20, 0x20, 0x20, 0x20, 0x20, 0x70
  .byte 0x72, 0x6f, 0x70, 0x65, 0x72, 0x74, 0x69, 0x65, 0x73, 0x3a, 0x20, 0x7b, 0x0a, 0x20, 0x20, 0x20
  .byte 0x20, 0x20, 0x20, 0x20, 0x20, 0x72, 0x65, 0x70, 0x6f, 0x3a, 0x20, 0x7b, 0x0a, 0x20, 0x20, 0x20
  .byte 0x20, 0x20, 0x20, 0x20, 0x20, 0x20, 0x20, 0x74, 0x79, 0x70, 0x65, 0x3a, 0x20, 0x22, 0x73, 0x74
  .byte 0x72, 0x69, 0x6e, 0x67, 0x22, 0x2c, 0x0a, 0x20, 0x20, 0x20, 0x20, 0x20, 0x20, 0x20, 0x20, 0x20
  .byte 0x20, 0x64, 0x65, 0x73, 0x63, 0x72, 0x69, 0x70, 0x74, 0x69, 0x6f, 0x6e, 0x3a, 0x0a, 0x20, 0x20
  .byte 0x20, 0x20, 0x20, 0x20, 0x20, 0x20, 0x20, 0x20, 0x20, 0x20, 0x27, 0x52, 0x65, 0x70, 0x6f, 0x73
  .byte 0x69, 0x74, 0x6f, 0x72, 0x79, 0x20, 0x6e, 0x61, 0x6d, 0x65, 0x20, 0x28, 0x6a, 0x75, 0x73, 0x74
  .byte 0x20, 0x74, 0x68, 0x65, 0x20, 0x6e, 0x61, 0x6d, 0x65, 0x2c, 0x20, 0x6e, 0x6f, 0x74, 0x20, 0x66
  .byte 0x75, 0x6c, 0x6c, 0x20, 0x70, 0x61, 0x74, 0x68, 0x20, 0xe2, 0x80, 0x94, 0x20, 0x65, 0x2e, 0x67
  .byte 0x2e, 0x20, 0x22, 0x6c, 0x69, 0x6e, 0x75, 0x78, 0x22, 0x20, 0x6e, 0x6f, 0x74, 0x20, 0x22, 0x74
  .byte 0x6f, 0x72, 0x76, 0x61, 0x6c, 0x64, 0x73, 0x2f, 0x6c, 0x69, 0x6e, 0x75, 0x78, 0x22, 0x29, 0x27
  .byte 0x2c, 0x0a, 0x20, 0x20, 0x20, 0x20, 0x20, 0x20, 0x20, 0x20, 0x7d, 0x2c, 0x0a, 0x20, 0x20, 0x20
  .byte 0x20, 0x20, 0x20, 0x7d, 0x2c, 0x0a, 0x20, 0x20, 0x20, 0x20, 0x20, 0x20, 0x72, 0x65, 0x71, 0x75
  .byte 0x69, 0x72, 0x65, 0x64, 0x3a, 0x20, 0x5b, 0x22, 0x72, 0x65, 0x70, 0x6f, 0x22, 0x5d, 0x2c, 0x0a
  .byte 0x20, 0x20, 0x20, 0x20, 0x7d, 0x2c, 0x0a, 0x20, 0x20, 0x20, 0x20, 0x6f, 0x75, 0x74, 0x70, 0x75
  .byte 0x74, 0x53, 0x63, 0x68, 0x65, 0x6d, 0x61, 0x3a, 0x20, 0x7b, 0x0a, 0x20, 0x20, 0x20, 0x20, 0x20
  .byte 0x20, 0x74, 0x79, 0x70, 0x65, 0x3a, 0x20, 0x22, 0x6f, 0x62, 0x6a, 0x65, 0x63, 0x74, 0x22, 0x2c
  .byte 0x0a, 0x20, 0x20, 0x20, 0x20, 0x20, 0x20, 0x70, 0x72, 0x6f, 0x70, 0x65, 0x72, 0x74, 0x69, 0x65
  .byte 0x73, 0x3a, 0x20, 0x7b, 0x0a, 0x20, 0x20, 0x20, 0x20, 0x20, 0x20, 0x20, 0x20, 0x72, 0x6f, 0x77
  .byte 0x73, 0x3a, 0x20, 0x7b, 0x0a, 0x20, 0x20, 0x20, 0x20, 0x20, 0x20, 0x20, 0x20, 0x20, 0x20, 0x74
  .byte 0x79, 0x70, 0x65, 0x3a, 0x20, 0x22, 0x61, 0x72, 0x72, 0x61, 0x79, 0x22, 0x2c, 0x0a, 0x20, 0x20
  .byte 0x20, 0x20, 0x20, 0x20, 0x20, 0x20, 0x20, 0x20, 0x69, 0x74, 0x65, 0x6d, 0x73, 0x3a, 0x20, 0x7b
  .byte 0x0a, 0x20, 0x20, 0x20, 0x20, 0x20, 0x20, 0x20, 0x20, 0x20, 0x20, 0x20, 0x20, 0x74, 0x79, 0x70
  .byte 0x65, 0x3a, 0x20, 0x22, 0x6f, 0x62, 0x6a, 0x65, 0x63, 0x74, 0x22, 0x2c, 0x0a, 0x20, 0x20, 0x20
  .byte 0x20, 0x20, 0x20, 0x20, 0x20, 0x20, 0x20, 0x20, 0x20, 0x70, 0x72, 0x6f, 0x70, 0x65, 0x72, 0x74
  .byte 0x69, 0x65, 0x73, 0x3a, 0x20, 0x7b, 0x0a, 0x20, 0x20, 0x20, 0x20, 0x20, 0x20, 0x20, 0x20, 0x20
  .byte 0x20, 0x20, 0x20, 0x20, 0x20, 0x77, 0x65, 0x65, 0x6b, 0x3a, 0x20, 0x7b, 0x20, 0x74, 0x79, 0x70
  .byte 0x65, 0x3a, 0x20, 0x22, 0x73, 0x74, 0x72, 0x69, 0x6e, 0x67, 0x22, 0x20, 0x7d, 0x2c, 0x0a, 0x20
  .byte 0x20, 0x20, 0x20, 0x20, 0x20, 0x20, 0x20, 0x20, 0x20, 0x20, 0x20, 0x20, 0x20, 0x74, 0x6f, 0x74
  .byte 0x61, 0x6c, 0x3a, 0x20, 0x7b, 0x20, 0x74, 0x79, 0x70, 0x65, 0x3a, 0x20, 0x22, 0x69, 0x6e, 0x74
  .byte 0x65, 0x67, 0x65, 0x72, 0x22, 0x20, 0x7d, 0x2c, 0x0a, 0x20, 0x20, 0x20, 0x20, 0x20, 0x20, 0x20
  .byte 0x20, 0x20, 0x20, 0x20, 0x20, 0x7d, 0x2c, 0x0a, 0x20, 0x20, 0x20, 0x20, 0x20, 0x20, 0x20, 0x20
  .byte 0x20, 0x20, 0x7d, 0x2c, 0x0a, 0x20, 0x20, 0x20, 0x20, 0x20, 0x20, 0x20, 0x20, 0x7d, 0x2c, 0x0a
  .byte 0x20, 0x20, 0x20, 0x20, 0x20, 0x20, 0x7d, 0x2c, 0x0a, 0x20, 0x20, 0x20, 0x20, 0x7d, 0x2c, 0x0a
  .byte 0x20, 0x20, 0x20, 0x20, 0x61, 0x6e, 0x6e, 0x6f, 0x74, 0x61, 0x74, 0x69, 0x6f, 0x6e, 0x73, 0x3a
  .byte 0x20, 0x7b, 0x20, 0x72, 0x65, 0x61, 0x64, 0x4f, 0x6e, 0x6c, 0x79, 0x48, 0x69, 0x6e, 0x74, 0x3a
  .byte 0x20, 0x74, 0x72, 0x75, 0x65, 0x20, 0x7d, 0x2c, 0x0a, 0x20, 0x20, 0x7d, 0x2c, 0x0a, 0x20, 0x20
  .byte 0x7b, 0x0a, 0x20, 0x20, 0x20, 0x20, 0x6e, 0x61, 0x6d, 0x65, 0x3a, 0x20, 0x22, 0x67, 0x65, 0x74
  .byte 0x5f, 0x73, 0x74, 0x61, 0x72, 0x5f, 0x68, 0x69, 0x73, 0x74, 0x6f, 0x72, 0x79, 0x22, 0x2c, 0x0a
  .byte 0x20, 0x20, 0x20, 0x20, 0x64, 0x65, 0x73, 0x63, 0x72, 0x69, 0x70, 0x74, 0x69, 0x6f, 0x6e, 0x3a
  .byte 0x0a, 0x20, 0x20, 0x20, 0x20, 0x20, 0x20, 0x22, 0x47, 0x65, 0x74, 0x20, 0x73, 0x74, 0x61, 0x72
  .byte 0x20, 0x68, 0x69, 0x73, 0x74, 0x6f, 0x72, 0x79, 0x20, 0x66, 0x6f, 0x72, 0x20, 0x61, 0x20, 0x72
  .byte 0x65, 0x70, 0x6f, 0x20, 0xe2, 0x80, 0x94, 0x20, 0x77, 0x68, 0x6f, 0x20, 0x73, 0x74, 0x61, 0x72
  .byte 0x72, 0x65, 0x64, 0x20, 0x69, 0x74, 0x20, 0x61, 0x6e, 0x64, 0x20, 0x77, 0x68, 0x65, 0x6e, 0x2c
  .byte 0x20, 0x77, 0x69, 0x74, 0x68, 0x20, 0x63, 0x75, 0x6d, 0x75, 0x6c, 0x61, 0x74, 0x69, 0x76, 0x65
  .byte 0x20, 0x63, 0x6f, 0x75, 0x6e, 0x74, 0x20, 0x66, 0x6f, 0x72, 0x20, 0x63, 0x68, 0x61, 0x72, 0x74
  .byte 0x69, 0x6e, 0x67, 0x2e, 0x22, 0x2c, 0x0a, 0x20, 0x20, 0x20, 0x20, 0x69, 0x6e, 0x70, 0x75, 0x74
  .byte 0x53, 0x63, 0x68, 0x65, 0x6d, 0x61, 0x3a, 0x20, 0x7b, 0x0a, 0x20, 0x20, 0x20, 0x20, 0x20, 0x20
  .byte 0x74, 0x79, 0x70, 0x65, 0x3a, 0x20, 0x22, 0x6f, 0x62, 0x6a, 0x65, 0x63, 0x74, 0x22, 0x2c, 0x0a
  .byte 0x20, 0x20, 0x20, 0x20, 0x20, 0x20, 0x70, 0x72, 0x6f, 0x70, 0x65, 0x72, 0x74, 0x69, 0x65, 0x73
  .byte 0x3a, 0x20, 0x7b, 0x0a, 0x20, 0x20, 0x20, 0x20, 0x20, 0x20, 0x20, 0x20, 0x72, 0x65, 0x70, 0x6f
  .byte 0x3a, 0x20, 0x7b, 0x0a, 0x20, 0x20, 0x20, 0x20, 0x20, 0x20, 0x20, 0x20, 0x20, 0x20, 0x74, 0x79
  .byte 0x70, 0x65, 0x3a, 0x20, 0x22, 0x73, 0x74, 0x72, 0x69, 0x6e, 0x67, 0x22, 0x2c, 0x0a, 0x20, 0x20
  .byte 0x20, 0x20, 0x20, 0x20, 0x20, 0x20, 0x20, 0x20, 0x64, 0x65, 0x73, 0x63, 0x72, 0x69, 0x70, 0x74
  .byte 0x69, 0x6f, 0x6e, 0x3a, 0x20, 0x22, 0x52, 0x65, 0x70, 0x6f, 0x73, 0x69, 0x74, 0x6f, 0x72, 0x79
  .byte 0x20, 0x6e, 0x61, 0x6d, 0x65, 0x20, 0x28, 0x65, 0x2e, 0x67, 0x2e, 0x20, 0x27, 0x6c, 0x69, 0x6e
  .byte 0x75, 0x78, 0x27, 0x29, 0x22, 0x2c, 0x0a, 0x20, 0x20, 0x20, 0x20, 0x20, 0x20, 0x20, 0x20, 0x7d
  .byte 0x2c, 0x0a, 0x20, 0x20, 0x20, 0x20, 0x20, 0x20, 0x7d, 0x2c, 0x0a, 0x20, 0x20, 0x20, 0x20, 0x20
  .byte 0x20, 0x72, 0x65, 0x71, 0x75, 0x69, 0x72, 0x65, 0x64, 0x3a, 0x20, 0x5b, 0x22, 0x72, 0x65, 0x70
  .byte 0x6f, 0x22, 0x5d, 0x2c, 0x0a, 0x20, 0x20, 0x20, 0x20, 0x7d, 0x2c, 0x0a, 0x20, 0x20, 0x20, 0x20
  .byte 0x6f, 0x75, 0x74, 0x70, 0x75, 0x74, 0x53, 0x63, 0x68, 0x65, 0x6d, 0x61, 0x3a, 0x20, 0x7b, 0x0a
  .byte 0x20, 0x20, 0x20, 0x20, 0x20, 0x20, 0x74, 0x79, 0x70, 0x65, 0x3a, 0x20, 0x22, 0x6f, 0x62, 0x6a
  .byte 0x65, 0x63, 0x74, 0x22, 0x2c, 0x0a, 0x20, 0x20, 0x20, 0x20, 0x20, 0x20, 0x70, 0x72, 0x6f, 0x70
  .byte 0x65, 0x72, 0x74, 0x69, 0x65, 0x73, 0x3a, 0x20, 0x7b, 0x0a, 0x20, 0x20, 0x20, 0x20, 0x20, 0x20
  .byte 0x20, 0x20, 0x72, 0x6f, 0x77, 0x73, 0x3a, 0x20, 0x7b, 0x0a, 0x20, 0x20, 0x20, 0x20, 0x20, 0x20
  .byte 0x20, 0x20, 0x20, 0x20, 0x74, 0x79, 0x70, 0x65, 0x3a, 0x20, 0x22, 0x61, 0x72, 0x72, 0x61, 0x79
  .byte 0x22, 0x2c, 0x0a, 0x20, 0x20, 0x20, 0x20, 0x20, 0x20, 0x20, 0x20, 0x20, 0x20, 0x69, 0x74, 0x65
  .byte 0x6d, 0x73, 0x3a, 0x20, 0x7b, 0x0a, 0x20, 0x20, 0x20, 0x20, 0x20, 0x20, 0x20, 0x20, 0x20, 0x20
  .byte 0x20, 0x20, 0x74, 0x79, 0x70, 0x65, 0x3a, 0x20, 0x22, 0x6f, 0x62, 0x6a, 0x65, 0x63, 0x74, 0x22
  .byte 0x2c, 0x0a, 0x20, 0x20, 0x20, 0x20, 0x20, 0x20, 0x20, 0x20, 0x20, 0x20, 0x20, 0x20, 0x70, 0x72
  .byte 0x6f, 0x70, 0x65, 0x72, 0x74, 0x69, 0x65, 0x73, 0x3a, 0x20, 0x7b, 0x0a, 0x20, 0x20, 0x20, 0x20
  .byte 0x20, 0x20, 0x20, 0x20, 0x20, 0x20, 0x20, 0x20, 0x20, 0x20, 0x73, 0x74, 0x61, 0x72, 0x72, 0x65
  .byte 0x64, 0x5f, 0x61, 0x74, 0x3a, 0x20, 0x7b, 0x20, 0x74, 0x79, 0x70, 0x65, 0x3a, 0x20, 0x22, 0x73
  .byte 0x74, 0x72, 0x69, 0x6e, 0x67, 0x22, 0x20, 0x7d, 0x2c, 0x0a, 0x20, 0x20, 0x20, 0x20, 0x20, 0x20
  .byte 0x20, 0x20, 0x20, 0x20, 0x20, 0x20, 0x20, 0x20, 0x63, 0x75, 0x6d, 0x75, 0x6c, 0x61, 0x74, 0x69
  .byte 0x76, 0x65, 0x3a, 0x20, 0x7b, 0x20, 0x74, 0x79, 0x70, 0x65, 0x3a, 0x20, 0x22, 0x69, 0x6e, 0x74
  .byte 0x65, 0x67, 0x65, 0x72, 0x22, 0x20, 0x7d, 0x2c, 0x0a, 0x20, 0x20, 0x20, 0x20, 0x20, 0x20, 0x20
  .byte 0x20, 0x20, 0x20, 0x20, 0x20, 0x7d, 0x2c, 0x0a, 0x20, 0x20, 0x20, 0x20, 0x20, 0x20, 0x20, 0x20
  .byte 0x20, 0x20, 0x7d, 0x2c, 0x0a, 0x20, 0x20, 0x20, 0x20, 0x20, 0x20, 0x20, 0x20, 0x7d, 0x2c, 0x0a
  .byte 0x20, 0x20, 0x20, 0x20, 0x20, 0x20, 0x7d, 0x2c, 0x0a, 0x20, 0x20, 0x20, 0x20, 0x7d, 0x2c, 0x0a
  .byte 0x20, 0x20, 0x20, 0x20, 0x61, 0x6e, 0x6e, 0x6f, 0x74, 0x61, 0x74, 0x69, 0x6f, 0x6e, 0x73, 0x3a
  .byte 0x20, 0x7b, 0x20, 0x72, 0x65, 0x61, 0x64, 0x4f, 0x6e, 0x6c, 0x79, 0x48, 0x69, 0x6e, 0x74, 0x3a
  .byte 0x20, 0x74, 0x72, 0x75, 0x65, 0x20, 0x7d, 0x2c, 0x0a, 0x20, 0x20, 0x7d, 0x2c, 0x0a, 0x20, 0x20
  .byte 0x7b, 0x0a, 0x20, 0x20, 0x20, 0x20, 0x6e, 0x61, 0x6d, 0x65, 0x3a, 0x20, 0x22, 0x67, 0x65, 0x74
  .byte 0x5f, 0x63, 0x6f, 0x6e, 0x74, 0x72, 0x69, 0x62, 0x75, 0x74, 0x6f, 0x72, 0x73, 0x22, 0x2c, 0x0a
  .byte 0x20, 0x20, 0x20, 0x20, 0x64, 0x65, 0x73, 0x63, 0x72, 0x69, 0x70, 0x74, 0x69, 0x6f, 0x6e, 0x3a
  .byte 0x20, 0x22, 0x47, 0x65, 0x74, 0x20, 0x63, 0x6f, 0x6e, 0x74, 0x72, 0x69, 0x62, 0x75, 0x74, 0x6f
  .byte 0x72, 0x20, 0x73, 0x74, 0x61, 0x74, 0x73, 0x20, 0x66, 0x6f, 0x72, 0x20, 0x61, 0x20, 0x72, 0x65
  .byte 0x70, 0x6f, 0x20, 0xe2, 0x80, 0x94, 0x20, 0x6c, 0x6f, 0x67, 0x69, 0x6e, 0x2c, 0x20, 0x61, 0x76
  .byte 0x61, 0x74, 0x61, 0x72, 0x2c, 0x20, 0x74, 0x6f, 0x74, 0x61, 0x6c, 0x20, 0x63, 0x6f, 0x6d, 0x6d
  .byte 0x69, 0x74, 0x73, 0x2e, 0x22, 0x2c, 0x0a, 0x20, 0x20, 0x20, 0x20, 0x69, 0x6e, 0x70, 0x75, 0x74
  .byte 0x53, 0x63, 0x68, 0x65, 0x6d, 0x61, 0x3a, 0x20, 0x7b, 0x0a, 0x20, 0x20, 0x20, 0x20, 0x20, 0x20
  .byte 0x74, 0x79, 0x70, 0x65, 0x3a, 0x20, 0x22, 0x6f, 0x62, 0x6a, 0x65, 0x63, 0x74, 0x22, 0x2c, 0x0a
  .byte 0x20, 0x20, 0x20, 0x20, 0x20, 0x20, 0x70, 0x72, 0x6f, 0x70, 0x65, 0x72, 0x74, 0x69, 0x65, 0x73
  .byte 0x3a, 0x20, 0x7b, 0x0a, 0x20, 0x20, 0x20, 0x20, 0x20, 0x20, 0x20, 0x20, 0x72, 0x65, 0x70, 0x6f
  .byte 0x3a, 0x20, 0x7b, 0x0a, 0x20, 0x20, 0x20, 0x20, 0x20, 0x20, 0x20, 0x20, 0x20, 0x20, 0x74, 0x79
  .byte 0x70, 0x65, 0x3a, 0x20, 0x22, 0x73, 0x74, 0x72, 0x69, 0x6e, 0x67, 0x22, 0x2c, 0x0a, 0x20, 0x20
  .byte 0x20, 0x20, 0x20, 0x20, 0x20, 0x20, 0x20, 0x20, 0x64, 0x65, 0x73, 0x63, 0x72, 0x69, 0x70, 0x74
  .byte 0x69, 0x6f, 0x6e, 0x3a, 0x20, 0x22, 0x52, 0x65, 0x70, 0x6f, 0x73, 0x69, 0x74, 0x6f, 0x72, 0x79
  .byte 0x20, 0x6e, 0x61, 0x6d, 0x65, 0x20, 0x28, 0x65, 0x2e, 0x67, 0x2e, 0x20, 0x27, 0x6c, 0x69, 0x6e
  .byte 0x75, 0x78, 0x27, 0x29, 0x22, 0x2c, 0x0a, 0x20, 0x20, 0x20, 0x20, 0x20, 0x20, 0x20, 0x20, 0x7d
  .byte 0x2c, 0x0a, 0x20, 0x20, 0x20, 0x20, 0x20, 0x20, 0x7d, 0x2c, 0x0a, 0x20, 0x20, 0x20, 0x20, 0x20
  .byte 0x20, 0x72, 0x65, 0x71, 0x75, 0x69, 0x72, 0x65, 0x64, 0x3a, 0x20, 0x5b, 0x22, 0x72, 0x65, 0x70
  .byte 0x6f, 0x22, 0x5d, 0x2c, 0x0a, 0x20, 0x20, 0x20, 0x20, 0x7d, 0x2c, 0x0a, 0x20, 0x20, 0x20, 0x20
  .byte 0x6f, 0x75, 0x74, 0x70, 0x75, 0x74, 0x53, 0x63, 0x68, 0x65, 0x6d, 0x61, 0x3a, 0x20, 0x7b, 0x0a
  .byte 0x20, 0x20, 0x20, 0x20, 0x20, 0x20, 0x74, 0x79, 0x70, 0x65, 0x3a, 0x20, 0x22, 0x6f, 0x62, 0x6a
  .byte 0x65, 0x63, 0x74, 0x22, 0x2c, 0x0a, 0x20, 0x20, 0x20, 0x20, 0x20, 0x20, 0x70, 0x72, 0x6f, 0x70
  .byte 0x65, 0x72, 0x74, 0x69, 0x65, 0x73, 0x3a, 0x20, 0x7b, 0x0a, 0x20, 0x20, 0x20, 0x20, 0x20, 0x20
  .byte 0x20, 0x20, 0x72, 0x6f, 0x77, 0x73, 0x3a, 0x20, 0x7b, 0x0a, 0x20, 0x20, 0x20, 0x20, 0x20, 0x20
  .byte 0x20, 0x20, 0x20, 0x20, 0x74, 0x79, 0x70, 0x65, 0x3a, 0x20, 0x22, 0x61, 0x72, 0x72, 0x61, 0x79
  .byte 0x22, 0x2c, 0x0a, 0x20, 0x20, 0x20, 0x20, 0x20, 0x20, 0x20, 0x20, 0x20, 0x20, 0x69, 0x74, 0x65
  .byte 0x6d, 0x73, 0x3a, 0x20, 0x7b, 0x0a, 0x20, 0x20, 0x20, 0x20, 0x20, 0x20, 0x20, 0x20, 0x20, 0x20
  .byte 0x20, 0x20, 0x74, 0x79, 0x70, 0x65, 0x3a, 0x20, 0x22, 0x6f, 0x62, 0x6a, 0x65, 0x63, 0x74, 0x22
  .byte 0x2c, 0x0a, 0x20, 0x20, 0x20, 0x20, 0x20, 0x20, 0x20, 0x20, 0x20, 0x20, 0x20, 0x20, 0x70, 0x72
  .byte 0x6f, 0x70, 0x65, 0x72, 0x74, 0x69, 0x65, 0x73, 0x3a, 0x20, 0x7b, 0x0a, 0x20, 0x20, 0x20, 0x20
  .byte 0x20, 0x20, 0x20, 0x20, 0x20, 0x20, 0x20, 0x20, 0x20, 0x20, 0x6c, 0x6f, 0x67, 0x69, 0x6e, 0x3a
  .byte 0x20, 0x7b, 0x20, 0x74, 0x79, 0x70, 0x65, 0x3a, 0x20, 0x22, 0x73, 0x74, 0x72, 0x69, 0x6e, 0x67
  .byte 0x22, 0x20, 0x7d, 0x2c, 0x0a, 0x20, 0x20, 0x20, 0x20, 0x20, 0x20, 0x20, 0x20, 0x20, 0x20, 0x20
  .byte 0x20, 0x20, 0x20, 0x61, 0x76, 0x61, 0x74, 0x61, 0x72, 0x5f, 0x75, 0x72, 0x6c, 0x3a, 0x20, 0x7b
  .byte 0x20, 0x74, 0x79, 0x70, 0x65, 0x3a, 0x20, 0x22, 0x73, 0x74, 0x72, 0x69, 0x6e, 0x67, 0x22, 0x20
  .byte 0x7d, 0x2c, 0x0a, 0x20, 0x20, 0x20, 0x20, 0x20, 0x20, 0x20, 0x20, 0x20, 0x20, 0x20, 0x20, 0x20
  .byte 0x20, 0x74, 0x6f, 0x74, 0x61, 0x6c, 0x5f, 0x63, 0x6f, 0x6d, 0x6d, 0x69, 0x74, 0x73, 0x3a, 0x20
  .byte 0x7b, 0x20, 0x74, 0x79, 0x70, 0x65, 0x3a, 0x20, 0x22, 0x69, 0x6e, 0x74, 0x65, 0x67, 0x65, 0x72
  .byte 0x22, 0x20, 0x7d, 0x2c, 0x0a, 0x20, 0x20, 0x20, 0x20, 0x20, 0x20, 0x20, 0x20, 0x20, 0x20, 0x20
  .byte 0x20, 0x7d, 0x2c, 0x0a, 0x20, 0x20, 0x20, 0x20, 0x20, 0x20, 0x20, 0x20, 0x20, 0x20, 0x7d, 0x2c
  .byte 0x0a, 0x20, 0x20, 0x20, 0x20, 0x20, 0x20, 0x20, 0x20, 0x7d, 0x2c, 0x0a, 0x20, 0x20, 0x20, 0x20
  .byte 0x20, 0x20, 0x7d, 0x2c, 0x0a, 0x20, 0x20, 0x20, 0x20, 0x7d, 0x2c, 0x0a, 0x20, 0x20, 0x20, 0x20
  .byte 0x61, 0x6e, 0x6e, 0x6f, 0x74, 0x61, 0x74, 0x69, 0x6f, 0x6e, 0x73, 0x3a, 0x20, 0x7b, 0x20, 0x72
  .byte 0x65, 0x61, 0x64, 0x4f, 0x6e, 0x6c, 0x79, 0x48, 0x69, 0x6e, 0x74, 0x3a, 0x20, 0x74, 0x72, 0x75
  .byte 0x65, 0x20, 0x7d, 0x2c, 0x0a, 0x20, 0x20, 0x7d, 0x2c, 0x0a, 0x20, 0x20, 0x7b, 0x0a, 0x20, 0x20
  .byte 0x20, 0x20, 0x6e, 0x61, 0x6d, 0x65, 0x3a, 0x20, 0x22, 0x73, 0x61, 0x76, 0x65, 0x5f, 0x62, 0x6f
  .byte 0x6f, 0x6b, 0x6d, 0x61, 0x72, 0x6b, 0x22, 0x2c, 0x0a, 0x20, 0x20, 0x20, 0x20, 0x64, 0x65, 0x73
  .byte 0x63, 0x72, 0x69, 0x70, 0x74, 0x69, 0x6f, 0x6e, 0x3a, 0x0a, 0x20, 0x20, 0x20, 0x20, 0x20, 0x20
  .byte 0x22, 0x53, 0x61, 0x76, 0x65, 0x20, 0x61, 0x20, 0x72, 0x65, 0x70, 0x6f, 0x73, 0x69, 0x74, 0x6f
  .byte 0x72, 0x79, 0x20, 0x62, 0x6f, 0x6f, 0x6b, 0x6d, 0x61, 0x72, 0x6b, 0x20, 0x77, 0x69, 0x74, 0x68
  .byte 0x20, 0x61, 0x20, 0x6e, 0x6f, 0x74, 0x65, 0x20, 0x61, 0x6e, 0x64, 0x20, 0x74, 0x61, 0x67, 0x2e
  .byte 0x20, 0x55, 0x70, 0x73, 0x65, 0x72, 0x74, 0x73, 0x20, 0xe2, 0x80, 0x94, 0x20, 0x73, 0x61, 0x76
  .byte 0x69, 0x6e, 0x67, 0x20, 0x74, 0x68, 0x65, 0x20, 0x73, 0x61, 0x6d, 0x65, 0x20, 0x72, 0x65, 0x70
  .byte 0x6f, 0x20, 0x75, 0x70, 0x64, 0x61, 0x74, 0x65, 0x73, 0x20, 0x69, 0x74, 0x2e, 0x22, 0x2c, 0x0a
  .byte 0x20, 0x20, 0x20, 0x20, 0x69, 0x6e, 0x70, 0x75, 0x74, 0x53, 0x63, 0x68, 0x65, 0x6d, 0x61, 0x3a
  .byte 0x20, 0x7b, 0x0a, 0x20, 0x20, 0x20, 0x20, 0x20, 0x20, 0x74, 0x79, 0x70, 0x65, 0x3a, 0x20, 0x22
  .byte 0x6f, 0x62, 0x6a, 0x65, 0x63, 0x74, 0x22, 0x2c, 0x0a, 0x20, 0x20, 0x20, 0x20, 0x20, 0x20, 0x70
  .byte 0x72, 0x6f, 0x70, 0x65, 0x72, 0x74, 0x69, 0x65, 0x73, 0x3a, 0x20, 0x7b, 0x0a, 0x20, 0x20, 0x20
  .byte 0x20, 0x20, 0x20, 0x20, 0x20, 0x72, 0x65, 0x70, 0x6f, 0x3a, 0x20, 0x7b, 0x20, 0x74, 0x79, 0x70
  .byte 0x65, 0x3a, 0x20, 0x22, 0x73, 0x74, 0x72, 0x69, 0x6e, 0x67, 0x22, 0x2c, 0x20, 0x64, 0x65, 0x73
  .byte 0x63, 0x72, 0x69, 0x70, 0x74, 0x69, 0x6f, 0x6e, 0x3a, 0x20, 0x22, 0x52, 0x65, 0x70, 0x6f, 0x73
  .byte 0x69, 0x74, 0x6f, 0x72, 0x79, 0x20, 0x6e, 0x61, 0x6d, 0x65, 0x20, 0x74, 0x6f, 0x20, 0x62, 0x6f
  .byte 0x6f, 0x6b, 0x6d, 0x61, 0x72, 0x6b, 0x22, 0x20, 0x7d, 0x2c, 0x0a, 0x20, 0x20, 0x20, 0x20, 0x20
  .byte 0x20, 0x20, 0x20, 0x6e, 0x6f, 0x74, 0x65, 0x3a, 0x20, 0x7b, 0x20, 0x74, 0x79, 0x70, 0x65, 0x3a
  .byte 0x20, 0x22, 0x73, 0x74, 0x72, 0x69, 0x6e, 0x67, 0x22, 0x2c, 0x20, 0x64, 0x65, 0x73, 0x63, 0x72
  .byte 0x69, 0x70, 0x74, 0x69, 0x6f, 0x6e, 0x3a, 0x20, 0x22, 0x55, 0x73, 0x65, 0x72, 0x20, 0x6e, 0x6f
  .byte 0x74, 0x65, 0x20, 0x61, 0x62, 0x6f, 0x75, 0x74, 0x20, 0x74, 0x68, 0x65, 0x20, 0x72, 0x65, 0x70
  .byte 0x6f, 0x22, 0x20, 0x7d, 0x2c, 0x0a, 0x20, 0x20, 0x20, 0x20, 0x20, 0x20, 0x20, 0x20, 0x74, 0x61
  .byte 0x67, 0x3a, 0x20, 0x7b, 0x0a, 0x20, 0x20, 0x20, 0x20, 0x20, 0x20, 0x20, 0x20, 0x20, 0x20, 0x74
  .byte 0x79, 0x70, 0x65, 0x3a, 0x20, 0x22, 0x73, 0x74, 0x72, 0x69, 0x6e, 0x67, 0x22, 0x2c, 0x0a, 0x20
  .byte 0x20, 0x20, 0x20, 0x20, 0x20, 0x20, 0x20, 0x20, 0x20, 0x65, 0x6e, 0x75, 0x6d, 0x3a, 0x20, 0x5b
  .byte 0x22, 0x69, 0x6d, 0x70, 0x6f, 0x72, 0x74, 0x61, 0x6e, 0x74, 0x22, 0x2c, 0x20, 0x22, 0x72, 0x65
  .byte 0x76, 0x69, 0x65, 0x77, 0x22, 0x2c, 0x20, 0x22, 0x6c, 0x65, 0x61, 0x72, 0x6e, 0x69, 0x6e, 0x67
  .byte 0x22, 0x2c, 0x20, 0x22, 0x66, 0x61, 0x76, 0x6f, 0x72, 0x69, 0x74, 0x65, 0x22, 0x5d, 0x2c, 0x0a
  .byte 0x20, 0x20, 0x20, 0x20, 0x20, 0x20, 0x20, 0x20, 0x20, 0x20, 0x64, 0x65, 0x73, 0x63, 0x72, 0x69
  .byte 0x70, 0x74, 0x69, 0x6f, 0x6e, 0x3a, 0x20, 0x22, 0x54, 0x61, 0x67, 0x20, 0x63, 0x61, 0x74, 0x65
  .byte 0x67, 0x6f, 0x72, 0x79, 0x22, 0x2c, 0x0a, 0x20, 0x20, 0x20, 0x20, 0x20, 0x20, 0x20, 0x20, 0x7d
  .byte 0x2c, 0x0a, 0x20, 0x20, 0x20, 0x20, 0x20, 0x20, 0x7d, 0x2c, 0x0a, 0x20, 0x20, 0x20, 0x20, 0x20
  .byte 0x20, 0x72, 0x65, 0x71, 0x75, 0x69, 0x72, 0x65, 0x64, 0x3a, 0x20, 0x5b, 0x22, 0x72, 0x65, 0x70
  .byte 0x6f, 0x22, 0x5d, 0x2c, 0x0a, 0x20, 0x20, 0x20, 0x20, 0x7d, 0x2c, 0x0a, 0x20, 0x20, 0x20, 0x20
  .byte 0x6f, 0x75, 0x74, 0x70, 0x75, 0x74, 0x53, 0x63, 0x68, 0x65, 0x6d, 0x61, 0x3a, 0x20, 0x7b, 0x0a
  .byte 0x20, 0x20, 0x20, 0x20, 0x20, 0x20, 0x74, 0x79, 0x70, 0x65, 0x3a, 0x20, 0x22, 0x6f, 0x62, 0x6a
  .byte 0x65, 0x63, 0x74, 0x22, 0x2c, 0x0a, 0x20, 0x20, 0x20, 0x20, 0x20, 0x20, 0x70, 0x72, 0x6f, 0x70
  .byte 0x65, 0x72, 0x74, 0x69, 0x65, 0x73, 0x3a, 0x20, 0x7b, 0x0a, 0x20, 0x20, 0x20, 0x20, 0x20, 0x20
  .byte 0x20, 0x20, 0x73, 0x75, 0x63, 0x63, 0x65, 0x73, 0x73, 0x3a, 0x20, 0x7b, 0x20, 0x74, 0x79, 0x70
  .byte 0x65, 0x3a, 0x20, 0x22, 0x62, 0x6f, 0x6f, 0x6c, 0x65, 0x61, 0x6e, 0x22, 0x20, 0x7d, 0x2c, 0x0a
  .byte 0x20, 0x20, 0x20, 0x20, 0x20, 0x20, 0x7d, 0x2c, 0x0a, 0x20, 0x20, 0x20, 0x20, 0x7d, 0x2c, 0x0a
  .byte 0x20, 0x20, 0x20, 0x20, 0x61, 0x6e, 0x6e, 0x6f, 0x74, 0x61, 0x74, 0x69, 0x6f, 0x6e, 0x73, 0x3a
  .byte 0x20, 0x7b, 0x20, 0x72, 0x65, 0x61, 0x64, 0x4f, 0x6e, 0x6c, 0x79, 0x48, 0x69, 0x6e, 0x74, 0x3a
  .byte 0x20, 0x66, 0x61, 0x6c, 0x73, 0x65, 0x20, 0x7d, 0x2c, 0x0a, 0x20, 0x20, 0x7d, 0x2c, 0x0a, 0x20
  .byte 0x20, 0x7b, 0x0a, 0x20, 0x20, 0x20, 0x20, 0x6e, 0x61, 0x6d, 0x65, 0x3a, 0x20, 0x22, 0x67, 0x65
  .byte 0x74, 0x5f, 0x62, 0x6f, 0x6f, 0x6b, 0x6d, 0x61, 0x72, 0x6b, 0x73, 0x22, 0x2c, 0x0a, 0x20, 0x20
  .byte 0x20, 0x20, 0x64, 0x65, 0x73, 0x63, 0x72, 0x69, 0x70, 0x74, 0x69, 0x6f, 0x6e, 0x3a, 0x20, 0x22
  .byte 0x47, 0x65, 0x74, 0x20, 0x61, 0x6c, 0x6c, 0x20, 0x73, 0x61, 0x76, 0x65, 0x64, 0x20, 0x62, 0x6f
  .byte 0x6f, 0x6b, 0x6d, 0x61, 0x72, 0x6b, 0x73, 0x20, 0x66, 0x6f, 0x72, 0x20, 0x74, 0x68, 0x65, 0x20
  .byte 0x63, 0x75, 0x72, 0x72, 0x65, 0x6e, 0x74, 0x20, 0x75, 0x73, 0x65, 0x72, 0x2e, 0x22, 0x2c, 0x0a
  .byte 0x20, 0x20, 0x20, 0x20, 0x69, 0x6e, 0x70, 0x75, 0x74, 0x53, 0x63, 0x68, 0x65, 0x6d, 0x61, 0x3a
  .byte 0x20, 0x7b, 0x20, 0x74, 0x79, 0x70, 0x65, 0x3a, 0x20, 0x22, 0x6f, 0x62, 0x6a, 0x65, 0x63, 0x74
  .byte 0x22, 0x2c, 0x20, 0x70, 0x72, 0x6f, 0x70, 0x65, 0x72, 0x74, 0x69, 0x65, 0x73, 0x3a, 0x20, 0x7b
  .byte 0x7d, 0x20, 0x7d, 0x2c, 0x0a, 0x20, 0x20, 0x20, 0x20, 0x6f, 0x75, 0x74, 0x70, 0x75, 0x74, 0x53
  .byte 0x63, 0x68, 0x65, 0x6d, 0x61, 0x3a, 0x20, 0x7b, 0x0a, 0x20, 0x20, 0x20, 0x20, 0x20, 0x20, 0x74
  .byte 0x79, 0x70, 0x65, 0x3a, 0x20, 0x22, 0x6f, 0x62, 0x6a, 0x65, 0x63, 0x74, 0x22, 0x2c, 0x0a, 0x20
  .byte 0x20, 0x20, 0x20, 0x20, 0x20, 0x70, 0x72, 0x6f, 0x70, 0x65, 0x72, 0x74, 0x69, 0x65, 0x73, 0x3a
  .byte 0x20, 0x7b, 0x0a, 0x20, 0x20, 0x20, 0x20, 0x20, 0x20, 0x20, 0x20, 0x72, 0x6f, 0x77, 0x73, 0x3a
  .byte 0x20, 0x7b, 0x0a, 0x20, 0x20, 0x20, 0x20, 0x20, 0x20, 0x20, 0x20, 0x20, 0x20, 0x74, 0x79, 0x70
  .byte 0x65, 0x3a, 0x20, 0x22, 0x61, 0x72, 0x72, 0x61, 0x79, 0x22, 0x2c, 0x0a, 0x20, 0x20, 0x20, 0x20
  .byte 0x20, 0x20, 0x20, 0x20, 0x20, 0x20, 0x69, 0x74, 0x65, 0x6d, 0x73, 0x3a, 0x20, 0x7b, 0x0a, 0x20
  .byte 0x20, 0x20, 0x20, 0x20, 0x20, 0x20, 0x20, 0x20, 0x20, 0x20, 0x20, 0x74, 0x79, 0x70, 0x65, 0x3a
  .byte 0x20, 0x22, 0x6f, 0x62, 0x6a, 0x65, 0x63, 0x74, 0x22, 0x2c, 0x0a, 0x20, 0x20, 0x20, 0x20, 0x20
  .byte 0x20, 0x20, 0x20, 0x20, 0x20, 0x20, 0x20, 0x70, 0x72, 0x6f, 0x70, 0x65, 0x72, 0x74, 0x69, 0x65
  .byte 0x73, 0x3a, 0x20, 0x7b, 0x0a, 0x20, 0x20, 0x20, 0x20, 0x20, 0x20, 0x20, 0x20, 0x20, 0x20, 0x20
  .byte 0x20, 0x20, 0x20, 0x72, 0x65, 0x70, 0x6f, 0x3a, 0x20, 0x7b, 0x20, 0x74, 0x79, 0x70, 0x65, 0x3a
  .byte 0x20, 0x22, 0x73, 0x74, 0x72, 0x69, 0x6e, 0x67, 0x22, 0x20, 0x7d, 0x2c, 0x0a, 0x20, 0x20, 0x20
  .byte 0x20, 0x20, 0x20, 0x20, 0x20, 0x20, 0x20, 0x20, 0x20, 0x20, 0x20, 0x6e, 0x6f, 0x74, 0x65, 0x3a
  .byte 0x20, 0x7b, 0x20, 0x74, 0x79, 0x70, 0x65, 0x3a, 0x20, 0x22, 0x73, 0x74, 0x72, 0x69, 0x6e, 0x67
  .byte 0x22, 0x20, 0x7d, 0x2c, 0x0a, 0x20, 0x20, 0x20, 0x20, 0x20, 0x20, 0x20, 0x20, 0x20, 0x20, 0x20
  .byte 0x20, 0x20, 0x20, 0x74, 0x61, 0x67, 0x3a, 0x20, 0x7b, 0x20, 0x74, 0x79, 0x70, 0x65, 0x3a, 0x20
  .byte 0x22, 0x73, 0x74, 0x72, 0x69, 0x6e, 0x67, 0x22, 0x20, 0x7d, 0x2c, 0x0a, 0x20, 0x20, 0x20, 0x20
  .byte 0x20, 0x20, 0x20, 0x20, 0x20, 0x20, 0x20, 0x20, 0x20, 0x20, 0x63, 0x72, 0x65, 0x61, 0x74, 0x65
  .byte 0x64, 0x5f, 0x61, 0x74, 0x3a, 0x20, 0x7b, 0x20, 0x74, 0x79, 0x70, 0x65, 0x3a, 0x20, 0x22, 0x73
  .byte 0x74, 0x72, 0x69, 0x6e, 0x67, 0x22, 0x20, 0x7d, 0x2c, 0x0a, 0x20, 0x20, 0x20, 0x20, 0x20, 0x20
  .byte 0x20, 0x20, 0x20, 0x20, 0x20, 0x20, 0x7d, 0x2c, 0x0a, 0x20, 0x20, 0x20, 0x20, 0x20, 0x20, 0x20
  .byte 0x20, 0x20, 0x20, 0x7d, 0x2c, 0x0a, 0x20, 0x20, 0x20, 0x20, 0x20, 0x20, 0x20, 0x20, 0x7d, 0x2c
  .byte 0x0a, 0x20, 0x20, 0x20, 0x20, 0x20, 0x20, 0x7d, 0x2c, 0x0a, 0x20, 0x20, 0x20, 0x20, 0x7d, 0x2c
  .byte 0x0a, 0x20, 0x20, 0x20, 0x20, 0x61, 0x6e, 0x6e, 0x6f, 0x74, 0x61, 0x74, 0x69, 0x6f, 0x6e, 0x73
  .byte 0x3a, 0x20, 0x7b, 0x20, 0x72, 0x65, 0x61, 0x64, 0x4f, 0x6e, 0x6c, 0x79, 0x48, 0x69, 0x6e, 0x74
  .byte 0x3a, 0x20, 0x74, 0x72, 0x75, 0x65, 0x20, 0x7d, 0x2c, 0x0a, 0x20, 0x20, 0x7d, 0x2c, 0x0a, 0x20
  .byte 0x20, 0x7b, 0x0a, 0x20, 0x20, 0x20, 0x20, 0x6e, 0x61, 0x6d, 0x65, 0x3a, 0x20, 0x22, 0x64, 0x65
  .byte 0x6c, 0x65, 0x74, 0x65, 0x5f, 0x62, 0x6f, 0x6f, 0x6b, 0x6d, 0x61, 0x72, 0x6b, 0x22, 0x2c, 0x0a
  .byte 0x20, 0x20, 0x20, 0x20, 0x64, 0x65, 0x73, 0x63, 0x72, 0x69, 0x70, 0x74, 0x69, 0x6f, 0x6e, 0x3a
  .byte 0x20, 0x22, 0x44, 0x65, 0x6c, 0x65, 0x74, 0x65, 0x20, 0x61, 0x20, 0x62, 0x6f, 0x6f, 0x6b, 0x6d
  .byte 0x61, 0x72, 0x6b, 0x20, 0x62, 0x79, 0x20, 0x72, 0x65, 0x70, 0x6f, 0x20, 0x6e, 0x61, 0x6d, 0x65
  .byte 0x2e, 0x22, 0x2c, 0x0a, 0x20, 0x20, 0x20, 0x20, 0x69, 0x6e, 0x70, 0x75, 0x74, 0x53, 0x63, 0x68
  .byte 0x65, 0x6d, 0x61, 0x3a, 0x20, 0x7b, 0x0a, 0x20, 0x20, 0x20, 0x20, 0x20, 0x20, 0x74, 0x79, 0x70
  .byte 0x65, 0x3a, 0x20, 0x22, 0x6f, 0x62, 0x6a, 0x65, 0x63, 0x74, 0x22, 0x2c, 0x0a, 0x20, 0x20, 0x20
  .byte 0x20, 0x20, 0x20, 0x70, 0x72, 0x6f, 0x70, 0x65, 0x72, 0x74, 0x69, 0x65, 0x73, 0x3a, 0x20, 0x7b
  .byte 0x0a, 0x20, 0x20, 0x20, 0x20, 0x20, 0x20, 0x20, 0x20, 0x72, 0x65, 0x70, 0x6f, 0x3a, 0x20, 0x7b
  .byte 0x20, 0x74, 0x79, 0x70, 0x65, 0x3a, 0x20, 0x22, 0x73, 0x74, 0x72, 0x69, 0x6e, 0x67, 0x22, 0x2c
  .byte 0x20, 0x64, 0x65, 0x73, 0x63, 0x72, 0x69, 0x70, 0x74, 0x69, 0x6f, 0x6e, 0x3a, 0x20, 0x22, 0x52
  .byte 0x65, 0x70, 0x6f, 0x73, 0x69, 0x74, 0x6f, 0x72, 0x79, 0x20, 0x6e, 0x61, 0x6d, 0x65, 0x20, 0x74
  .byte 0x6f, 0x20, 0x72, 0x65, 0x6d, 0x6f, 0x76, 0x65, 0x22, 0x20, 0x7d, 0x2c, 0x0a, 0x20, 0x20, 0x20
  .byte 0x20, 0x20, 0x20, 0x7d, 0x2c, 0x0a, 0x20, 0x20, 0x20, 0x20, 0x20, 0x20, 0x72, 0x65, 0x71, 0x75
  .byte 0x69, 0x72, 0x65, 0x64, 0x3a, 0x20, 0x5b, 0x22, 0x72, 0x65, 0x70, 0x6f, 0x22, 0x5d, 0x2c, 0x0a
  .byte 0x20, 0x20, 0x20, 0x20, 0x7d, 0x2c, 0x0a, 0x20, 0x20, 0x20, 0x20, 0x6f, 0x75, 0x74, 0x70, 0x75
  .byte 0x74, 0x53, 0x63, 0x68, 0x65, 0x6d, 0x61, 0x3a, 0x20, 0x7b, 0x0a, 0x20, 0x20, 0x20, 0x20, 0x20
  .byte 0x20, 0x74, 0x79, 0x70, 0x65, 0x3a, 0x20, 0x22, 0x6f, 0x62, 0x6a, 0x65, 0x63, 0x74, 0x22, 0x2c
  .byte 0x0a, 0x20, 0x20, 0x20, 0x20, 0x20, 0x20, 0x70, 0x72, 0x6f, 0x70, 0x65, 0x72, 0x74, 0x69, 0x65
  .byte 0x73, 0x3a, 0x20, 0x7b, 0x0a, 0x20, 0x20, 0x20, 0x20, 0x20, 0x20, 0x20, 0x20, 0x73, 0x75, 0x63
  .byte 0x63, 0x65, 0x73, 0x73, 0x3a, 0x20, 0x7b, 0x20, 0x74, 0x79, 0x70, 0x65, 0x3a, 0x20, 0x22, 0x62
  .byte 0x6f, 0x6f, 0x6c, 0x65, 0x61, 0x6e, 0x22, 0x20, 0x7d, 0x2c, 0x0a, 0x20, 0x20, 0x20, 0x20, 0x20
  .byte 0x20, 0x7d, 0x2c, 0x0a, 0x20, 0x20, 0x20, 0x20, 0x7d, 0x2c, 0x0a, 0x20, 0x20, 0x20, 0x20, 0x61
  .byte 0x6e, 0x6e, 0x6f, 0x74, 0x61, 0x74, 0x69, 0x6f, 0x6e, 0x73, 0x3a, 0x20, 0x7b, 0x20, 0x72, 0x65
  .byte 0x61, 0x64, 0x4f, 0x6e, 0x6c, 0x79, 0x48, 0x69, 0x6e, 0x74, 0x3a, 0x20, 0x66, 0x61, 0x6c, 0x73
  .byte 0x65, 0x2c, 0x20, 0x64, 0x65, 0x73, 0x74, 0x72, 0x75, 0x63, 0x74, 0x69, 0x76, 0x65, 0x48, 0x69
  .byte 0x6e, 0x74, 0x3a, 0x20, 0x74, 0x72, 0x75, 0x65, 0x20, 0x7d, 0x2c, 0x0a, 0x20, 0x20, 0x7d, 0x2c
  .byte 0x0a, 0x5d, 0x3b, 0x0a

  .globl openui_full_port_docs_app_demo_github_github_types_ts_ebd93b4b3e30_len
openui_full_port_docs_app_demo_github_github_types_ts_ebd93b4b3e30_len:
  .quad 8964

# assembly pass: 2/4
  .globl openui_full_port_docs_app_demo_github_github_types_ts_ebd93b4b3e30_pass_2
openui_full_port_docs_app_demo_github_github_types_ts_ebd93b4b3e30_pass_2:
  .byte 0x69, 0x6d, 0x70, 0x6f, 0x72, 0x74, 0x20, 0x74, 0x79, 0x70, 0x65, 0x20, 0x7b, 0x20, 0x54, 0x6f
  .byte 0x6f, 0x6c, 0x53, 0x70, 0x65, 0x63, 0x20, 0x7d, 0x20, 0x66, 0x72, 0x6f, 0x6d, 0x20, 0x22, 0x40
  .byte 0x6f, 0x70, 0x65, 0x6e, 0x75, 0x69, 0x64, 0x65, 0x76, 0x2f, 0x6c, 0x61, 0x6e, 0x67, 0x2d, 0x63
  .byte 0x6f, 0x72, 0x65, 0x22, 0x3b, 0x0a, 0x0a, 0x2f, 0x2f, 0x20, 0xe2, 0x94, 0x80, 0xe2, 0x94, 0x80
  .byte 0x20, 0x54, 0x72, 0x61, 0x6e, 0x73, 0x66, 0x6f, 0x72, 0x6d, 0x65, 0x64, 0x20, 0x47, 0x69, 0x74
  .byte 0x48, 0x75, 0x62, 0x20, 0x64, 0x61, 0x74, 0x61, 0x20, 0x69, 0x6e, 0x74, 0x65, 0x72, 0x66, 0x61
  .byte 0x63, 0x65, 0x73, 0x20, 0xe2, 0x94, 0x80, 0xe2, 0x94, 0x80, 0xe2, 0x94, 0x80, 0xe2, 0x94, 0x80
  .byte 0xe2, 0x94, 0x80, 0xe2, 0x94, 0x80, 0xe2, 0x94, 0x80, 0xe2, 0x94, 0x80, 0xe2, 0x94, 0x80, 0xe2
  .byte 0x94, 0x80, 0xe2, 0x94, 0x80, 0xe2, 0x94, 0x80, 0xe2, 0x94, 0x80, 0xe2, 0x94, 0x80, 0xe2, 0x94
  .byte 0x80, 0xe2, 0x94, 0x80, 0xe2, 0x94, 0x80, 0xe2, 0x94, 0x80, 0xe2, 0x94, 0x80, 0xe2, 0x94, 0x80
  .byte 0xe2, 0x94, 0x80, 0xe2, 0x94, 0x80, 0xe2, 0x94, 0x80, 0xe2, 0x94, 0x80, 0xe2, 0x94, 0x80, 0xe2
  .byte 0x94, 0x80, 0xe2, 0x94, 0x80, 0xe2, 0x94, 0x80, 0xe2, 0x94, 0x80, 0xe2, 0x94, 0x80, 0xe2, 0x94
  .byte 0x80, 0xe2, 0x94, 0x80, 0xe2, 0x94, 0x80, 0xe2, 0x94, 0x80, 0xe2, 0x94, 0x80, 0xe2, 0x94, 0x80
  .byte 0x0a, 0x0a, 0x65, 0x78, 0x70, 0x6f, 0x72, 0x74, 0x20, 0x69, 0x6e, 0x74, 0x65, 0x72, 0x66, 0x61
  .byte 0x63, 0x65, 0x20, 0x47, 0x69, 0x74, 0x48, 0x75, 0x62, 0x50, 0x72, 0x6f, 0x66, 0x69, 0x6c, 0x65
  .byte 0x20, 0x7b, 0x0a, 0x20, 0x20, 0x6c, 0x6f, 0x67, 0x69, 0x6e, 0x3a, 0x20, 0x73, 0x74, 0x72, 0x69
  .byte 0x6e, 0x67, 0x3b, 0x0a, 0x20, 0x20, 0x6e, 0x61, 0x6d, 0x65, 0x3a, 0x20, 0x73, 0x74, 0x72, 0x69
  .byte 0x6e, 0x67, 0x3b, 0x0a, 0x20, 0x20, 0x62, 0x69, 0x6f, 0x3a, 0x20, 0x73, 0x74, 0x72, 0x69, 0x6e
  .byte 0x67, 0x3b, 0x0a, 0x20, 0x20, 0x61, 0x76, 0x61, 0x74, 0x61, 0x72, 0x5f, 0x75, 0x72, 0x6c, 0x3a
  .byte 0x20, 0x73, 0x74, 0x72, 0x69, 0x6e, 0x67, 0x3b, 0x0a, 0x20, 0x20, 0x70, 0x75, 0x62, 0x6c, 0x69
  .byte 0x63, 0x5f, 0x72, 0x65, 0x70, 0x6f, 0x73, 0x3a, 0x20, 0x6e, 0x75, 0x6d, 0x62, 0x65, 0x72, 0x3b
  .byte 0x0a, 0x20, 0x20, 0x66, 0x6f, 0x6c, 0x6c, 0x6f, 0x77, 0x65, 0x72, 0x73, 0x3a, 0x20, 0x6e, 0x75
  .byte 0x6d, 0x62, 0x65, 0x72, 0x3b, 0x0a, 0x20, 0x20, 0x66, 0x6f, 0x6c, 0x6c, 0x6f, 0x77, 0x69, 0x6e
  .byte 0x67, 0x3a, 0x20, 0x6e, 0x75, 0x6d, 0x62, 0x65, 0x72, 0x3b, 0x0a, 0x20, 0x20, 0x63, 0x72, 0x65
  .byte 0x61, 0x74, 0x65, 0x64, 0x5f, 0x61, 0x74, 0x3a, 0x20, 0x73, 0x74, 0x72, 0x69, 0x6e, 0x67, 0x3b
  .byte 0x0a, 0x7d, 0x0a, 0x0a, 0x65, 0x78, 0x70, 0x6f, 0x72, 0x74, 0x20, 0x69, 0x6e, 0x74, 0x65, 0x72
  .byte 0x66, 0x61, 0x63, 0x65, 0x20, 0x52, 0x65, 0x70, 0x6f, 0x52, 0x6f, 0x77, 0x20, 0x7b, 0x0a, 0x20
  .byte 0x20, 0x6e, 0x61, 0x6d, 0x65, 0x3a, 0x20, 0x73, 0x74, 0x72, 0x69, 0x6e, 0x67, 0x3b, 0x0a, 0x20
  .byte 0x20, 0x66, 0x75, 0x6c, 0x6c, 0x5f, 0x6e, 0x61, 0x6d, 0x65, 0x3a, 0x20, 0x73, 0x74, 0x72, 0x69
  .byte 0x6e, 0x67, 0x3b, 0x0a, 0x20, 0x20, 0x64, 0x65, 0x73, 0x63, 0x72, 0x69, 0x70, 0x74, 0x69, 0x6f
  .byte 0x6e, 0x3a, 0x20, 0x73, 0x74, 0x72, 0x69, 0x6e, 0x67, 0x3b, 0x0a, 0x20, 0x20, 0x6c, 0x61, 0x6e
  .byte 0x67, 0x75, 0x61, 0x67, 0x65, 0x3a, 0x20, 0x73, 0x74, 0x72, 0x69, 0x6e, 0x67, 0x3b, 0x0a, 0x20
  .byte 0x20, 0x73, 0x74, 0x61, 0x72, 0x73, 0x3a, 0x20, 0x6e, 0x75, 0x6d, 0x62, 0x65, 0x72, 0x3b, 0x0a
  .byte 0x20, 0x20, 0x66, 0x6f, 0x72, 0x6b, 0x73, 0x3a, 0x20, 0x6e, 0x75, 0x6d, 0x62, 0x65, 0x72, 0x3b
  .byte 0x0a, 0x20, 0x20, 0x73, 0x69, 0x7a, 0x65, 0x3a, 0x20, 0x6e, 0x75, 0x6d, 0x62, 0x65, 0x72, 0x3b
  .byte 0x0a, 0x20, 0x20, 0x6f, 0x70, 0x65, 0x6e, 0x5f, 0x69, 0x73, 0x73, 0x75, 0x65, 0x73, 0x3a, 0x20
  .byte 0x6e, 0x75, 0x6d, 0x62, 0x65, 0x72, 0x3b, 0x0a, 0x20, 0x20, 0x75, 0x70, 0x64, 0x61, 0x74, 0x65
  .byte 0x64, 0x5f, 0x61, 0x74, 0x3a, 0x20, 0x73, 0x74, 0x72, 0x69, 0x6e, 0x67, 0x3b, 0x0a, 0x20, 0x20
  .byte 0x68, 0x74, 0x6d, 0x6c, 0x5f, 0x75, 0x72, 0x6c, 0x3a, 0x20, 0x73, 0x74, 0x72, 0x69, 0x6e, 0x67
  .byte 0x3b, 0x0a, 0x7d, 0x0a, 0x0a, 0x65, 0x78, 0x70, 0x6f, 0x72, 0x74, 0x20, 0x69, 0x6e, 0x74, 0x65
  .byte 0x72, 0x66, 0x61, 0x63, 0x65, 0x20, 0x4c, 0x61, 0x6e, 0x67, 0x75, 0x61, 0x67, 0x65, 0x52, 0x6f
  .byte 0x77, 0x20, 0x7b, 0x0a, 0x20, 0x20, 0x6c, 0x61, 0x6e, 0x67, 0x75, 0x61, 0x67, 0x65, 0x3a, 0x20
  .byte 0x73, 0x74, 0x72, 0x69, 0x6e, 0x67, 0x3b, 0x0a, 0x20, 0x20, 0x62, 0x79, 0x74, 0x65, 0x73, 0x3a
  .byte 0x20, 0x6e, 0x75, 0x6d, 0x62, 0x65, 0x72, 0x3b, 0x0a, 0x20, 0x20, 0x72, 0x65, 0x70, 0x6f, 0x73
  .byte 0x5f, 0x63, 0x6f, 0x75, 0x6e, 0x74, 0x3a, 0x20, 0x6e, 0x75, 0x6d, 0x62, 0x65, 0x72, 0x3b, 0x0a
  .byte 0x7d, 0x0a, 0x0a, 0x65, 0x78, 0x70, 0x6f, 0x72, 0x74, 0x20, 0x69, 0x6e, 0x74, 0x65, 0x72, 0x66
  .byte 0x61, 0x63, 0x65, 0x20, 0x45, 0x76, 0x65, 0x6e, 0x74, 0x52, 0x6f, 0x77, 0x20, 0x7b, 0x0a, 0x20
  .byte 0x20, 0x74, 0x79, 0x70, 0x65, 0x3a, 0x20, 0x73, 0x74, 0x72, 0x69, 0x6e, 0x67, 0x3b, 0x0a, 0x20
  .byte 0x20, 0x72, 0x65, 0x70, 0x6f, 0x3a, 0x20, 0x73, 0x74, 0x72, 0x69, 0x6e, 0x67, 0x3b, 0x0a, 0x20
  .byte 0x20, 0x64, 0x61, 0x74, 0x65, 0x3a, 0x20, 0x73, 0x74, 0x72, 0x69, 0x6e, 0x67, 0x3b, 0x0a, 0x20
  .byte 0x20, 0x63, 0x6f, 0x75, 0x6e, 0x74, 0x3a, 0x20, 0x6e, 0x75, 0x6d, 0x62, 0x65, 0x72, 0x3b, 0x0a
  .byte 0x7d, 0x0a, 0x0a, 0x65, 0x78, 0x70, 0x6f, 0x72, 0x74, 0x20, 0x69, 0x6e, 0x74, 0x65, 0x72, 0x66
  .byte 0x61, 0x63, 0x65, 0x20, 0x43, 0x6f, 0x6d, 0x6d, 0x69, 0x74, 0x57, 0x65, 0x65, 0x6b, 0x20, 0x7b
  .byte 0x0a, 0x20, 0x20, 0x77, 0x65, 0x65, 0x6b, 0x3a, 0x20, 0x73, 0x74, 0x72, 0x69, 0x6e, 0x67, 0x3b
  .byte 0x0a, 0x20, 0x20, 0x74, 0x6f, 0x74, 0x61, 0x6c, 0x3a, 0x20, 0x6e, 0x75, 0x6d, 0x62, 0x65, 0x72
  .byte 0x3b, 0x0a, 0x7d, 0x0a, 0x0a, 0x65, 0x78, 0x70, 0x6f, 0x72, 0x74, 0x20, 0x69, 0x6e, 0x74, 0x65
  .byte 0x72, 0x66, 0x61, 0x63, 0x65, 0x20, 0x53, 0x74, 0x61, 0x72, 0x50, 0x6f, 0x69, 0x6e, 0x74, 0x20
  .byte 0x7b, 0x0a, 0x20, 0x20, 0x73, 0x74, 0x61, 0x72, 0x72, 0x65, 0x64, 0x5f, 0x61, 0x74, 0x3a, 0x20
  .byte 0x73, 0x74, 0x72, 0x69, 0x6e, 0x67, 0x3b, 0x0a, 0x20, 0x20, 0x63, 0x75, 0x6d, 0x75, 0x6c, 0x61
  .byte 0x74, 0x69, 0x76, 0x65, 0x3a, 0x20, 0x6e, 0x75, 0x6d, 0x62, 0x65, 0x72, 0x3b, 0x0a, 0x7d, 0x0a
  .byte 0x0a, 0x65, 0x78, 0x70, 0x6f, 0x72, 0x74, 0x20, 0x69, 0x6e, 0x74, 0x65, 0x72, 0x66, 0x61, 0x63
  .byte 0x65, 0x20, 0x43, 0x6f, 0x6e, 0x74, 0x72, 0x69, 0x62, 0x75, 0x74, 0x6f, 0x72, 0x52, 0x6f, 0x77
  .byte 0x20, 0x7b, 0x0a, 0x20, 0x20, 0x6c, 0x6f, 0x67, 0x69, 0x6e, 0x3a, 0x20, 0x73, 0x74, 0x72, 0x69
  .byte 0x6e, 0x67, 0x3b, 0x0a, 0x20, 0x20, 0x61, 0x76, 0x61, 0x74, 0x61, 0x72, 0x5f, 0x75, 0x72, 0x6c
  .byte 0x3a, 0x20, 0x73, 0x74, 0x72, 0x69, 0x6e, 0x67, 0x3b, 0x0a, 0x20, 0x20, 0x74, 0x6f, 0x74, 0x61
  .byte 0x6c, 0x5f, 0x63, 0x6f, 0x6d, 0x6d, 0x69, 0x74, 0x73, 0x3a, 0x20, 0x6e, 0x75, 0x6d, 0x62, 0x65
  .byte 0x72, 0x3b, 0x0a, 0x7d, 0x0a, 0x0a, 0x65, 0x78, 0x70, 0x6f, 0x72, 0x74, 0x20, 0x69, 0x6e, 0x74
  .byte 0x65, 0x72, 0x66, 0x61, 0x63, 0x65, 0x20, 0x42, 0x6f, 0x6f, 0x6b, 0x6d, 0x61, 0x72, 0x6b, 0x20
  .byte 0x7b, 0x0a, 0x20, 0x20, 0x72, 0x65, 0x70, 0x6f, 0x3a, 0x20, 0x73, 0x74, 0x72, 0x69, 0x6e, 0x67
  .byte 0x3b, 0x0a, 0x20, 0x20, 0x6e, 0x6f, 0x74, 0x65, 0x3a, 0x20, 0x73, 0x74, 0x72, 0x69, 0x6e, 0x67
  .byte 0x3b, 0x0a, 0x20, 0x20, 0x74, 0x61, 0x67, 0x3a, 0x20, 0x73, 0x74, 0x72, 0x69, 0x6e, 0x67, 0x3b
  .byte 0x0a, 0x20, 0x20, 0x63, 0x72, 0x65, 0x61, 0x74, 0x65, 0x64, 0x5f, 0x61, 0x74, 0x3a, 0x20, 0x73
  .byte 0x74, 0x72, 0x69, 0x6e, 0x67, 0x3b, 0x0a, 0x7d, 0x0a, 0x0a, 0x2f, 0x2f, 0x20, 0xe2, 0x94, 0x80
  .byte 0xe2, 0x94, 0x80, 0x20, 0x54, 0x6f, 0x6f, 0x6c, 0x53, 0x70, 0x65, 0x63, 0x20, 0x64, 0x65, 0x66
  .byte 0x69, 0x6e, 0x69, 0x74, 0x69, 0x6f, 0x6e, 0x73, 0x20, 0x66, 0x6f, 0x72, 0x20, 0x73, 0x79, 0x73
  .byte 0x74, 0x65, 0x6d, 0x20, 0x70, 0x72, 0x6f, 0x6d, 0x70, 0x74, 0x20, 0xe2, 0x94, 0x80, 0xe2, 0x94
  .byte 0x80, 0xe2, 0x94, 0x80, 0xe2, 0x94, 0x80, 0xe2, 0x94, 0x80, 0xe2, 0x94, 0x80, 0xe2, 0x94, 0x80
  .byte 0xe2, 0x94, 0x80, 0xe2, 0x94, 0x80, 0xe2, 0x94, 0x80, 0xe2, 0x94, 0x80, 0xe2, 0x94, 0x80, 0xe2
  .byte 0x94, 0x80, 0xe2, 0x94, 0x80, 0xe2, 0x94, 0x80, 0xe2, 0x94, 0x80, 0xe2, 0x94, 0x80, 0xe2, 0x94
  .byte 0x80, 0xe2, 0x94, 0x80, 0xe2, 0x94, 0x80, 0xe2, 0x94, 0x80, 0xe2, 0x94, 0x80, 0xe2, 0x94, 0x80
  .byte 0xe2, 0x94, 0x80, 0xe2, 0x94, 0x80, 0xe2, 0x94, 0x80, 0xe2, 0x94, 0x80, 0xe2, 0x94, 0x80, 0xe2
  .byte 0x94, 0x80, 0xe2, 0x94, 0x80, 0x0a, 0x0a, 0x65, 0x78, 0x70, 0x6f, 0x72, 0x74, 0x20, 0x63, 0x6f
  .byte 0x6e, 0x73, 0x74, 0x20, 0x47, 0x49, 0x54, 0x48, 0x55, 0x42, 0x5f, 0x54, 0x4f, 0x4f, 0x4c, 0x5f
  .byte 0x53, 0x50, 0x45, 0x43, 0x53, 0x3a, 0x20, 0x54, 0x6f, 0x6f, 0x6c, 0x53, 0x70, 0x65, 0x63, 0x5b
  .byte 0x5d, 0x20, 0x3d, 0x20, 0x5b, 0x0a, 0x20, 0x20, 0x7b, 0x0a, 0x20, 0x20, 0x20, 0x20, 0x6e, 0x61
  .byte 0x6d, 0x65, 0x3a, 0x20, 0x22, 0x67, 0x65, 0x74, 0x5f, 0x70, 0x72, 0x6f, 0x66, 0x69, 0x6c, 0x65
  .byte 0x22, 0x2c, 0x0a, 0x20, 0x20, 0x20, 0x20, 0x64, 0x65, 0x73, 0x63, 0x72, 0x69, 0x70, 0x74, 0x69
  .byte 0x6f, 0x6e, 0x3a, 0x0a, 0x20, 0x20, 0x20, 0x20, 0x20, 0x20, 0x22, 0x47, 0x65, 0x74, 0x20, 0x74
  .byte 0x68, 0x65, 0x20, 0x63, 0x6f, 0x6e, 0x6e, 0x65, 0x63, 0x74, 0x65, 0x64, 0x20, 0x47, 0x69, 0x74
  .byte 0x48, 0x75, 0x62, 0x20, 0x75, 0x73, 0x65, 0x72, 0x27, 0x73, 0x20, 0x70, 0x72, 0x6f, 0x66, 0x69
  .byte 0x6c, 0x65, 0x20, 0xe2, 0x80, 0x94, 0x20, 0x6e, 0x61, 0x6d, 0x65, 0x2c, 0x20, 0x62, 0x69, 0x6f
  .byte 0x2c, 0x20, 0x61, 0x76, 0x61, 0x74, 0x61, 0x72, 0x2c, 0x20, 0x66, 0x6f, 0x6c, 0x6c, 0x6f, 0x77
  .byte 0x65, 0x72, 0x2f, 0x66, 0x6f, 0x6c, 0x6c, 0x6f, 0x77, 0x69, 0x6e, 0x67, 0x20, 0x63, 0x6f, 0x75
  .byte 0x6e, 0x74, 0x73, 0x2c, 0x20, 0x70, 0x75, 0x62, 0x6c, 0x69, 0x63, 0x20, 0x72, 0x65, 0x70, 0x6f
  .byte 0x20, 0x63, 0x6f, 0x75, 0x6e, 0x74, 0x2c, 0x20, 0x6a, 0x6f, 0x69, 0x6e, 0x20, 0x64, 0x61, 0x74
  .byte 0x65, 0x22, 0x2c, 0x0a, 0x20, 0x20, 0x20, 0x20, 0x69, 0x6e, 0x70, 0x75, 0x74, 0x53, 0x63, 0x68
  .byte 0x65, 0x6d, 0x61, 0x3a, 0x20, 0x7b, 0x20, 0x74, 0x79, 0x70, 0x65, 0x3a, 0x20, 0x22, 0x6f, 0x62
  .byte 0x6a, 0x65, 0x63, 0x74, 0x22, 0x2c, 0x20, 0x70, 0x72, 0x6f, 0x70, 0x65, 0x72, 0x74, 0x69, 0x65
  .byte 0x73, 0x3a, 0x20, 0x7b, 0x7d, 0x20, 0x7d, 0x2c, 0x0a, 0x20, 0x20, 0x20, 0x20, 0x6f, 0x75, 0x74
  .byte 0x70, 0x75, 0x74, 0x53, 0x63, 0x68, 0x65, 0x6d, 0x61, 0x3a, 0x20, 0x7b, 0x0a, 0x20, 0x20, 0x20
  .byte 0x20, 0x20, 0x20, 0x74, 0x79, 0x70, 0x65, 0x3a, 0x20, 0x22, 0x6f, 0x62, 0x6a, 0x65, 0x63, 0x74
  .byte 0x22, 0x2c, 0x0a, 0x20, 0x20, 0x20, 0x20, 0x20, 0x20, 0x70, 0x72, 0x6f, 0x70, 0x65, 0x72, 0x74
  .byte 0x69, 0x65, 0x73, 0x3a, 0x20, 0x7b, 0x0a, 0x20, 0x20, 0x20, 0x20, 0x20, 0x20, 0x20, 0x20, 0x6c
  .byte 0x6f, 0x67, 0x69, 0x6e, 0x3a, 0x20, 0x7b, 0x20, 0x74, 0x79, 0x70, 0x65, 0x3a, 0x20, 0x22, 0x73
  .byte 0x74, 0x72, 0x69, 0x6e, 0x67, 0x22, 0x20, 0x7d, 0x2c, 0x0a, 0x20, 0x20, 0x20, 0x20, 0x20, 0x20
  .byte 0x20, 0x20, 0x6e, 0x61, 0x6d, 0x65, 0x3a, 0x20, 0x7b, 0x20, 0x74, 0x79, 0x70, 0x65, 0x3a, 0x20
  .byte 0x22, 0x73, 0x74, 0x72, 0x69, 0x6e, 0x67, 0x22, 0x20, 0x7d, 0x2c, 0x0a, 0x20, 0x20, 0x20, 0x20
  .byte 0x20, 0x20, 0x20, 0x20, 0x62, 0x69, 0x6f, 0x3a, 0x20, 0x7b, 0x20, 0x74, 0x79, 0x70, 0x65, 0x3a
  .byte 0x20, 0x22, 0x73, 0x74, 0x72, 0x69, 0x6e, 0x67, 0x22, 0x20, 0x7d, 0x2c, 0x0a, 0x20, 0x20, 0x20
  .byte 0x20, 0x20, 0x20, 0x20, 0x20, 0x61, 0x76, 0x61, 0x74, 0x61, 0x72, 0x5f, 0x75, 0x72, 0x6c, 0x3a
  .byte 0x20, 0x7b, 0x20, 0x74, 0x79, 0x70, 0x65, 0x3a, 0x20, 0x22, 0x73, 0x74, 0x72, 0x69, 0x6e, 0x67
  .byte 0x22, 0x20, 0x7d, 0x2c, 0x0a, 0x20, 0x20, 0x20, 0x20, 0x20, 0x20, 0x20, 0x20, 0x70, 0x75, 0x62
  .byte 0x6c, 0x69, 0x63, 0x5f, 0x72, 0x65, 0x70, 0x6f, 0x73, 0x3a, 0x20, 0x7b, 0x20, 0x74, 0x79, 0x70
  .byte 0x65, 0x3a, 0x20, 0x22, 0x69, 0x6e, 0x74, 0x65, 0x67, 0x65, 0x72, 0x22, 0x20, 0x7d, 0x2c, 0x0a
  .byte 0x20, 0x20, 0x20, 0x20, 0x20, 0x20, 0x20, 0x20, 0x66, 0x6f, 0x6c, 0x6c, 0x6f, 0x77, 0x65, 0x72
  .byte 0x73, 0x3a, 0x20, 0x7b, 0x20, 0x74, 0x79, 0x70, 0x65, 0x3a, 0x20, 0x22, 0x69, 0x6e, 0x74, 0x65
  .byte 0x67, 0x65, 0x72, 0x22, 0x20, 0x7d, 0x2c, 0x0a, 0x20, 0x20, 0x20, 0x20, 0x20, 0x20, 0x20, 0x20
  .byte 0x66, 0x6f, 0x6c, 0x6c, 0x6f, 0x77, 0x69, 0x6e, 0x67, 0x3a, 0x20, 0x7b, 0x20, 0x74, 0x79, 0x70
  .byte 0x65, 0x3a, 0x20, 0x22, 0x69, 0x6e, 0x74, 0x65, 0x67, 0x65, 0x72, 0x22, 0x20, 0x7d, 0x2c, 0x0a
  .byte 0x20, 0x20, 0x20, 0x20, 0x20, 0x20, 0x20, 0x20, 0x63, 0x72, 0x65, 0x61, 0x74, 0x65, 0x64, 0x5f
  .byte 0x61, 0x74, 0x3a, 0x20, 0x7b, 0x20, 0x74, 0x79, 0x70, 0x65, 0x3a, 0x20, 0x22, 0x73, 0x74, 0x72
  .byte 0x69, 0x6e, 0x67, 0x22, 0x20, 0x7d, 0x2c, 0x0a, 0x20, 0x20, 0x20, 0x20, 0x20, 0x20, 0x7d, 0x2c
  .byte 0x0a, 0x20, 0x20, 0x20, 0x20, 0x7d, 0x2c, 0x0a, 0x20, 0x20, 0x20, 0x20, 0x61, 0x6e, 0x6e, 0x6f
  .byte 0x74, 0x61, 0x74, 0x69, 0x6f, 0x6e, 0x73, 0x3a, 0x20, 0x7b, 0x20, 0x72, 0x65, 0x61, 0x64, 0x4f
  .byte 0x6e, 0x6c, 0x79, 0x48, 0x69, 0x6e, 0x74, 0x3a, 0x20, 0x74, 0x72, 0x75, 0x65, 0x20, 0x7d, 0x2c
  .byte 0x0a, 0x20, 0x20, 0x7d, 0x2c, 0x0a, 0x20, 0x20, 0x7b, 0x0a, 0x20, 0x20, 0x20, 0x20, 0x6e, 0x61
  .byte 0x6d, 0x65, 0x3a, 0x20, 0x22, 0x67, 0x65, 0x74, 0x5f, 0x72, 0x65, 0x70, 0x6f, 0x73, 0x22, 0x2c
  .byte 0x0a, 0x20, 0x20, 0x20, 0x20, 0x64, 0x65, 0x73, 0x63, 0x72, 0x69, 0x70, 0x74, 0x69, 0x6f, 0x6e
  .byte 0x3a, 0x0a, 0x20, 0x20, 0x20, 0x20, 0x20, 0x20, 0x22, 0x4c, 0x69, 0x73, 0x74, 0x20, 0x74, 0x68
  .byte 0x65, 0x20, 0x75, 0x73, 0x65, 0x72, 0x27, 0x73, 0x20, 0x70, 0x75, 0x62, 0x6c, 0x69, 0x63, 0x20
  .byte 0x72, 0x65, 0x70, 0x6f, 0x73, 0x69, 0x74, 0x6f, 0x72, 0x69, 0x65, 0x73, 0x20, 0x77, 0x69, 0x74
  .byte 0x68, 0x20, 0x73, 0x74, 0x61, 0x72, 0x73, 0x2c, 0x20, 0x66, 0x6f, 0x72, 0x6b, 0x73, 0x2c, 0x20
  .byte 0x6c, 0x61, 0x6e, 0x67, 0x75, 0x61, 0x67, 0x65, 0x2c, 0x20, 0x73, 0x69, 0x7a, 0x65, 0x2c, 0x20
  .byte 0x6f, 0x70, 0x65, 0x6e, 0x20, 0x69, 0x73, 0x73, 0x75, 0x65, 0x73, 0x2e, 0x20, 0x53, 0x75, 0x70
  .byte 0x70, 0x6f, 0x72, 0x74, 0x73, 0x20, 0x73, 0x6f, 0x72, 0x74, 0x69, 0x6e, 0x67, 0x20, 0x61, 0x6e
  .byte 0x64, 0x20, 0x6c, 0x61, 0x6e, 0x67, 0x75, 0x61, 0x67, 0x65, 0x20, 0x66, 0x69, 0x6c, 0x74, 0x65
  .byte 0x72, 0x69, 0x6e, 0x67, 0x2e, 0x22, 0x2c, 0x0a, 0x20, 0x20, 0x20, 0x20, 0x69, 0x6e, 0x70, 0x75
  .byte 0x74, 0x53, 0x63, 0x68, 0x65, 0x6d, 0x61, 0x3a, 0x20, 0x7b, 0x0a, 0x20, 0x20, 0x20, 0x20, 0x20
  .byte 0x20, 0x74, 0x79, 0x70, 0x65, 0x3a, 0x20, 0x22, 0x6f, 0x62, 0x6a, 0x65, 0x63, 0x74, 0x22, 0x2c
  .byte 0x0a, 0x20, 0x20, 0x20, 0x20, 0x20, 0x20, 0x70, 0x72, 0x6f, 0x70, 0x65, 0x72, 0x74, 0x69, 0x65
  .byte 0x73, 0x3a, 0x20, 0x7b, 0x0a, 0x20, 0x20, 0x20, 0x20, 0x20, 0x20, 0x20, 0x20, 0x73, 0x6f, 0x72
  .byte 0x74, 0x3a, 0x20, 0x7b, 0x0a, 0x20, 0x20, 0x20, 0x20, 0x20, 0x20, 0x20, 0x20, 0x20, 0x20, 0x74
  .byte 0x79, 0x70, 0x65, 0x3a, 0x20, 0x22, 0x73, 0x74, 0x72, 0x69, 0x6e, 0x67, 0x22, 0x2c, 0x0a, 0x20
  .byte 0x20, 0x20, 0x20, 0x20, 0x20, 0x20, 0x20, 0x20, 0x20, 0x65, 0x6e, 0x75, 0x6d, 0x3a, 0x20, 0x5b
  .byte 0x22, 0x73, 0x74, 0x61, 0x72, 0x73, 0x22, 0x2c, 0x20, 0x22, 0x66, 0x6f, 0x72, 0x6b, 0x73, 0x22
  .byte 0x2c, 0x20, 0x22, 0x75, 0x70, 0x64, 0x61, 0x74, 0x65, 0x64, 0x22, 0x2c, 0x20, 0x22, 0x63, 0x72
  .byte 0x65, 0x61, 0x74, 0x65, 0x64, 0x22, 0x5d, 0x2c, 0x0a, 0x20, 0x20, 0x20, 0x20, 0x20, 0x20, 0x20
  .byte 0x20, 0x20, 0x20, 0x64, 0x65, 0x73, 0x63, 0x72, 0x69, 0x70, 0x74, 0x69, 0x6f, 0x6e, 0x3a, 0x20
  .byte 0x22, 0x53, 0x6f, 0x72, 0x74, 0x20, 0x66, 0x69, 0x65, 0x6c, 0x64, 0x20, 0x28, 0x64, 0x65, 0x66
  .byte 0x61, 0x75, 0x6c, 0x74, 0x3a, 0x20, 0x73, 0x74, 0x61, 0x72, 0x73, 0x29, 0x22, 0x2c, 0x0a, 0x20
  .byte 0x20, 0x20, 0x20, 0x20, 0x20, 0x20, 0x20, 0x7d, 0x2c, 0x0a, 0x20, 0x20, 0x20, 0x20, 0x20, 0x20
  .byte 0x20, 0x20, 0x6c, 0x61, 0x6e, 0x67, 0x75, 0x61, 0x67, 0x65, 0x3a, 0x20, 0x7b, 0x0a, 0x20, 0x20
  .byte 0x20, 0x20, 0x20, 0x20, 0x20, 0x20, 0x20, 0x20, 0x74, 0x79, 0x70, 0x65, 0x3a, 0x20, 0x22, 0x73
  .byte 0x74, 0x72, 0x69, 0x6e, 0x67, 0x22, 0x2c, 0x0a, 0x20, 0x20, 0x20, 0x20, 0x20, 0x20, 0x20, 0x20
  .byte 0x20, 0x20, 0x64, 0x65, 0x73, 0x63, 0x72, 0x69, 0x70, 0x74, 0x69, 0x6f, 0x6e, 0x3a, 0x20, 0x22
  .byte 0x46, 0x69, 0x6c, 0x74, 0x65, 0x72, 0x20, 0x62, 0x79, 0x20, 0x70, 0x72, 0x6f, 0x67, 0x72, 0x61
  .byte 0x6d, 0x6d, 0x69, 0x6e, 0x67, 0x20, 0x6c, 0x61, 0x6e, 0x67, 0x75, 0x61, 0x67, 0x65, 0x20, 0x28
  .byte 0x65, 0x2e, 0x67, 0x2e, 0x20, 0x27, 0x54, 0x79, 0x70, 0x65, 0x53, 0x63, 0x72, 0x69, 0x70, 0x74
  .byte 0x27, 0x29, 0x2e, 0x20, 0x4f, 0x6d, 0x69, 0x74, 0x20, 0x6f, 0x72, 0x20, 0x65, 0x6d, 0x70, 0x74
  .byte 0x79, 0x20, 0x66, 0x6f, 0x72, 0x20, 0x61, 0x6c, 0x6c, 0x2e, 0x22, 0x2c, 0x0a, 0x20, 0x20, 0x20
  .byte 0x20, 0x20, 0x20, 0x20, 0x20, 0x7d, 0x2c, 0x0a, 0x20, 0x20, 0x20, 0x20, 0x20, 0x20, 0x7d, 0x2c
  .byte 0x0a, 0x20, 0x20, 0x20, 0x20, 0x7d, 0x2c, 0x0a, 0x20, 0x20, 0x20, 0x20, 0x6f, 0x75, 0x74, 0x70
  .byte 0x75, 0x74, 0x53, 0x63, 0x68, 0x65, 0x6d, 0x61, 0x3a, 0x20, 0x7b, 0x0a, 0x20, 0x20, 0x20, 0x20
  .byte 0x20, 0x20, 0x74, 0x79, 0x70, 0x65, 0x3a, 0x20, 0x22, 0x6f, 0x62, 0x6a, 0x65, 0x63, 0x74, 0x22
  .byte 0x2c, 0x0a, 0x20, 0x20, 0x20, 0x20, 0x20, 0x20, 0x70, 0x72, 0x6f, 0x70, 0x65, 0x72, 0x74, 0x69
  .byte 0x65, 0x73, 0x3a, 0x20, 0x7b, 0x0a, 0x20, 0x20, 0x20, 0x20, 0x20, 0x20, 0x20, 0x20, 0x72, 0x6f
  .byte 0x77, 0x73, 0x3a, 0x20, 0x7b, 0x0a, 0x20, 0x20, 0x20, 0x20, 0x20, 0x20, 0x20, 0x20, 0x20, 0x20
  .byte 0x74, 0x79, 0x70, 0x65, 0x3a, 0x20, 0x22, 0x61, 0x72, 0x72, 0x61, 0x79, 0x22, 0x2c, 0x0a, 0x20
  .byte 0x20, 0x20, 0x20, 0x20, 0x20, 0x20, 0x20, 0x20, 0x20, 0x69, 0x74, 0x65, 0x6d, 0x73, 0x3a, 0x20
  .byte 0x7b, 0x0a, 0x20, 0x20, 0x20, 0x20, 0x20, 0x20, 0x20, 0x20, 0x20, 0x20, 0x20, 0x20, 0x74, 0x79
  .byte 0x70, 0x65, 0x3a, 0x20, 0x22, 0x6f, 0x62, 0x6a, 0x65, 0x63, 0x74, 0x22, 0x2c, 0x0a, 0x20, 0x20
  .byte 0x20, 0x20, 0x20, 0x20, 0x20, 0x20, 0x20, 0x20, 0x20, 0x20, 0x70, 0x72, 0x6f, 0x70, 0x65, 0x72
  .byte 0x74, 0x69, 0x65, 0x73, 0x3a, 0x20, 0x7b, 0x0a, 0x20, 0x20, 0x20, 0x20, 0x20, 0x20, 0x20, 0x20
  .byte 0x20, 0x20, 0x20, 0x20, 0x20, 0x20, 0x6e, 0x61, 0x6d, 0x65, 0x3a, 0x20, 0x7b, 0x20, 0x74, 0x79
  .byte 0x70, 0x65, 0x3a, 0x20, 0x22, 0x73, 0x74, 0x72, 0x69, 0x6e, 0x67, 0x22, 0x20, 0x7d, 0x2c, 0x0a
  .byte 0x20, 0x20, 0x20, 0x20, 0x20, 0x20, 0x20, 0x20, 0x20, 0x20, 0x20, 0x20, 0x20, 0x20, 0x66, 0x75
  .byte 0x6c, 0x6c, 0x5f, 0x6e, 0x61, 0x6d, 0x65, 0x3a, 0x20, 0x7b, 0x20, 0x74, 0x79, 0x70, 0x65, 0x3a
  .byte 0x20, 0x22, 0x73, 0x74, 0x72, 0x69, 0x6e, 0x67, 0x22, 0x20, 0x7d, 0x2c, 0x0a, 0x20, 0x20, 0x20
  .byte 0x20, 0x20, 0x20, 0x20, 0x20, 0x20, 0x20, 0x20, 0x20, 0x20, 0x20, 0x64, 0x65, 0x73, 0x63, 0x72
  .byte 0x69, 0x70, 0x74, 0x69, 0x6f, 0x6e, 0x3a, 0x20, 0x7b, 0x20, 0x74, 0x79, 0x70, 0x65, 0x3a, 0x20
  .byte 0x22, 0x73, 0x74, 0x72, 0x69, 0x6e, 0x67, 0x22, 0x20, 0x7d, 0x2c, 0x0a, 0x20, 0x20, 0x20, 0x20
  .byte 0x20, 0x20, 0x20, 0x20, 0x20, 0x20, 0x20, 0x20, 0x20, 0x20, 0x6c, 0x61, 0x6e, 0x67, 0x75, 0x61
  .byte 0x67, 0x65, 0x3a, 0x20, 0x7b, 0x20, 0x74, 0x79, 0x70, 0x65, 0x3a, 0x20, 0x22, 0x73, 0x74, 0x72
  .byte 0x69, 0x6e, 0x67, 0x22, 0x20, 0x7d, 0x2c, 0x0a, 0x20, 0x20, 0x20, 0x20, 0x20, 0x20, 0x20, 0x20
  .byte 0x20, 0x20, 0x20, 0x20, 0x20, 0x20, 0x73, 0x74, 0x61, 0x72, 0x73, 0x3a, 0x20, 0x7b, 0x20, 0x74
  .byte 0x79, 0x70, 0x65, 0x3a, 0x20, 0x22, 0x69, 0x6e, 0x74, 0x65, 0x67, 0x65, 0x72, 0x22, 0x20, 0x7d
  .byte 0x2c, 0x0a, 0x20, 0x20, 0x20, 0x20, 0x20, 0x20, 0x20, 0x20, 0x20, 0x20, 0x20, 0x20, 0x20, 0x20
  .byte 0x66, 0x6f, 0x72, 0x6b, 0x73, 0x3a, 0x20, 0x7b, 0x20, 0x74, 0x79, 0x70, 0x65, 0x3a, 0x20, 0x22
  .byte 0x69, 0x6e, 0x74, 0x65, 0x67, 0x65, 0x72, 0x22, 0x20, 0x7d, 0x2c, 0x0a, 0x20, 0x20, 0x20, 0x20
  .byte 0x20, 0x20, 0x20, 0x20, 0x20, 0x20, 0x20, 0x20, 0x20, 0x20, 0x73, 0x69, 0x7a, 0x65, 0x3a, 0x20
  .byte 0x7b, 0x20, 0x74, 0x79, 0x70, 0x65, 0x3a, 0x20, 0x22, 0x69, 0x6e, 0x74, 0x65, 0x67, 0x65, 0x72
  .byte 0x22, 0x20, 0x7d, 0x2c, 0x0a, 0x20, 0x20, 0x20, 0x20, 0x20, 0x20, 0x20, 0x20, 0x20, 0x20, 0x20
  .byte 0x20, 0x20, 0x20, 0x6f, 0x70, 0x65, 0x6e, 0x5f, 0x69, 0x73, 0x73, 0x75, 0x65, 0x73, 0x3a, 0x20
  .byte 0x7b, 0x20, 0x74, 0x79, 0x70, 0x65, 0x3a, 0x20, 0x22, 0x69, 0x6e, 0x74, 0x65, 0x67, 0x65, 0x72
  .byte 0x22, 0x20, 0x7d, 0x2c, 0x0a, 0x20, 0x20, 0x20, 0x20, 0x20, 0x20, 0x20, 0x20, 0x20, 0x20, 0x20
  .byte 0x20, 0x20, 0x20, 0x75, 0x70, 0x64, 0x61, 0x74, 0x65, 0x64, 0x5f, 0x61, 0x74, 0x3a, 0x20, 0x7b
  .byte 0x20, 0x74, 0x79, 0x70, 0x65, 0x3a, 0x20, 0x22, 0x73, 0x74, 0x72, 0x69, 0x6e, 0x67, 0x22, 0x20
  .byte 0x7d, 0x2c, 0x0a, 0x20, 0x20, 0x20, 0x20, 0x20, 0x20, 0x20, 0x20, 0x20, 0x20, 0x20, 0x20, 0x20
  .byte 0x20, 0x68, 0x74, 0x6d, 0x6c, 0x5f, 0x75, 0x72, 0x6c, 0x3a, 0x20, 0x7b, 0x20, 0x74, 0x79, 0x70
  .byte 0x65, 0x3a, 0x20, 0x22, 0x73, 0x74, 0x72, 0x69, 0x6e, 0x67, 0x22, 0x20, 0x7d, 0x2c, 0x0a, 0x20
  .byte 0x20, 0x20, 0x20, 0x20, 0x20, 0x20, 0x20, 0x20, 0x20, 0x20, 0x20, 0x7d, 0x2c, 0x0a, 0x20, 0x20
  .byte 0x20, 0x20, 0x20, 0x20, 0x20, 0x20, 0x20, 0x20, 0x7d, 0x2c, 0x0a, 0x20, 0x20, 0x20, 0x20, 0x20
  .byte 0x20, 0x20, 0x20, 0x7d, 0x2c, 0x0a, 0x20, 0x20, 0x20, 0x20, 0x20, 0x20, 0x7d, 0x2c, 0x0a, 0x20
  .byte 0x20, 0x20, 0x20, 0x7d, 0x2c, 0x0a, 0x20, 0x20, 0x20, 0x20, 0x61, 0x6e, 0x6e, 0x6f, 0x74, 0x61
  .byte 0x74, 0x69, 0x6f, 0x6e, 0x73, 0x3a, 0x20, 0x7b, 0x20, 0x72, 0x65, 0x61, 0x64, 0x4f, 0x6e, 0x6c
  .byte 0x79, 0x48, 0x69, 0x6e, 0x74, 0x3a, 0x20, 0x74, 0x72, 0x75, 0x65, 0x20, 0x7d, 0x2c, 0x0a, 0x20
  .byte 0x20, 0x7d, 0x2c, 0x0a, 0x20, 0x20, 0x7b, 0x0a, 0x20, 0x20, 0x20, 0x20, 0x6e, 0x61, 0x6d, 0x65
  .byte 0x3a, 0x20, 0x22, 0x67, 0x65, 0x74, 0x5f, 0x6c, 0x61, 0x6e, 0x67, 0x75, 0x61, 0x67, 0x65, 0x73
  .byte 0x22, 0x2c, 0x0a, 0x20, 0x20, 0x20, 0x20, 0x64, 0x65, 0x73, 0x63, 0x72, 0x69, 0x70, 0x74, 0x69
  .byte 0x6f, 0x6e, 0x3a, 0x0a, 0x20, 0x20, 0x20, 0x20, 0x20, 0x20, 0x22, 0x47, 0x65, 0x74, 0x20, 0x61
  .byte 0x67, 0x67, 0x72, 0x65, 0x67, 0x61, 0x74, 0x65, 0x64, 0x20, 0x6c, 0x61, 0x6e, 0x67, 0x75, 0x61
  .byte 0x67, 0x65, 0x20, 0x62, 0x72, 0x65, 0x61, 0x6b, 0x64, 0x6f, 0x77, 0x6e, 0x20, 0x61, 0x63, 0x72
  .byte 0x6f, 0x73, 0x73, 0x20, 0x61, 0x6c, 0x6c, 0x20, 0x72, 0x65, 0x70, 0x6f, 0x73, 0x20, 0xe2, 0x80
  .byte 0x94, 0x20, 0x6c, 0x61, 0x6e, 0x67, 0x75, 0x61, 0x67, 0x65, 0x20, 0x6e, 0x61, 0x6d, 0x65, 0x2c
  .byte 0x20, 0x62, 0x79, 0x74, 0x65, 0x73, 0x20, 0x6f, 0x66, 0x20, 0x63, 0x6f, 0x64, 0x65, 0x2c, 0x20
  .byte 0x6e, 0x75, 0x6d, 0x62, 0x65, 0x72, 0x20, 0x6f, 0x66, 0x20, 0x72, 0x65, 0x70, 0x6f, 0x73, 0x20
  .byte 0x75, 0x73, 0x69, 0x6e, 0x67, 0x20, 0x69, 0x74, 0x2e, 0x20, 0x53, 0x6f, 0x72, 0x74, 0x65, 0x64
  .byte 0x20, 0x62, 0x79, 0x20, 0x62, 0x79, 0x74, 0x65, 0x73, 0x20, 0x64, 0x65, 0x73, 0x63, 0x65, 0x6e
  .byte 0x64, 0x69, 0x6e, 0x67, 0x2e, 0x22, 0x2c, 0x0a, 0x20, 0x20, 0x20, 0x20, 0x69, 0x6e, 0x70, 0x75
  .byte 0x74, 0x53, 0x63, 0x68, 0x65, 0x6d, 0x61, 0x3a, 0x20, 0x7b, 0x20, 0x74, 0x79, 0x70, 0x65, 0x3a
  .byte 0x20, 0x22, 0x6f, 0x62, 0x6a, 0x65, 0x63, 0x74, 0x22, 0x2c, 0x20, 0x70, 0x72, 0x6f, 0x70, 0x65
  .byte 0x72, 0x74, 0x69, 0x65, 0x73, 0x3a, 0x20, 0x7b, 0x7d, 0x20, 0x7d, 0x2c, 0x0a, 0x20, 0x20, 0x20
  .byte 0x20, 0x6f, 0x75, 0x74, 0x70, 0x75, 0x74, 0x53, 0x63, 0x68, 0x65, 0x6d, 0x61, 0x3a, 0x20, 0x7b
  .byte 0x0a, 0x20, 0x20, 0x20, 0x20, 0x20, 0x20, 0x74, 0x79, 0x70, 0x65, 0x3a, 0x20, 0x22, 0x6f, 0x62
  .byte 0x6a, 0x65, 0x63, 0x74, 0x22, 0x2c, 0x0a, 0x20, 0x20, 0x20, 0x20, 0x20, 0x20, 0x70, 0x72, 0x6f
  .byte 0x70, 0x65, 0x72, 0x74, 0x69, 0x65, 0x73, 0x3a, 0x20, 0x7b, 0x0a, 0x20, 0x20, 0x20, 0x20, 0x20
  .byte 0x20, 0x20, 0x20, 0x72, 0x6f, 0x77, 0x73, 0x3a, 0x20, 0x7b, 0x0a, 0x20, 0x20, 0x20, 0x20, 0x20
  .byte 0x20, 0x20, 0x20, 0x20, 0x20, 0x74, 0x79, 0x70, 0x65, 0x3a, 0x20, 0x22, 0x61, 0x72, 0x72, 0x61
  .byte 0x79, 0x22, 0x2c, 0x0a, 0x20, 0x20, 0x20, 0x20, 0x20, 0x20, 0x20, 0x20, 0x20, 0x20, 0x69, 0x74
  .byte 0x65, 0x6d, 0x73, 0x3a, 0x20, 0x7b, 0x0a, 0x20, 0x20, 0x20, 0x20, 0x20, 0x20, 0x20, 0x20, 0x20
  .byte 0x20, 0x20, 0x20, 0x74, 0x79, 0x70, 0x65, 0x3a, 0x20, 0x22, 0x6f, 0x62, 0x6a, 0x65, 0x63, 0x74
  .byte 0x22, 0x2c, 0x0a, 0x20, 0x20, 0x20, 0x20, 0x20, 0x20, 0x20, 0x20, 0x20, 0x20, 0x20, 0x20, 0x70
  .byte 0x72, 0x6f, 0x70, 0x65, 0x72, 0x74, 0x69, 0x65, 0x73, 0x3a, 0x20, 0x7b, 0x0a, 0x20, 0x20, 0x20
  .byte 0x20, 0x20, 0x20, 0x20, 0x20, 0x20, 0x20, 0x20, 0x20, 0x20, 0x20, 0x6c, 0x61, 0x6e, 0x67, 0x75
  .byte 0x61, 0x67, 0x65, 0x3a, 0x20, 0x7b, 0x20, 0x74, 0x79, 0x70, 0x65, 0x3a, 0x20, 0x22, 0x73, 0x74
  .byte 0x72, 0x69, 0x6e, 0x67, 0x22, 0x20, 0x7d, 0x2c, 0x0a, 0x20, 0x20, 0x20, 0x20, 0x20, 0x20, 0x20
  .byte 0x20, 0x20, 0x20, 0x20, 0x20, 0x20, 0x20, 0x62, 0x79, 0x74, 0x65, 0x73, 0x3a, 0x20, 0x7b, 0x20
  .byte 0x74, 0x79, 0x70, 0x65, 0x3a, 0x20, 0x22, 0x69, 0x6e, 0x74, 0x65, 0x67, 0x65, 0x72, 0x22, 0x20
  .byte 0x7d, 0x2c, 0x0a, 0x20, 0x20, 0x20, 0x20, 0x20, 0x20, 0x20, 0x20, 0x20, 0x20, 0x20, 0x20, 0x20
  .byte 0x20, 0x72, 0x65, 0x70, 0x6f, 0x73, 0x5f, 0x63, 0x6f, 0x75, 0x6e, 0x74, 0x3a, 0x20, 0x7b, 0x20
  .byte 0x74, 0x79, 0x70, 0x65, 0x3a, 0x20, 0x22, 0x69, 0x6e, 0x74, 0x65, 0x67, 0x65, 0x72, 0x22, 0x20
  .byte 0x7d, 0x2c, 0x0a, 0x20, 0x20, 0x20, 0x20, 0x20, 0x20, 0x20, 0x20, 0x20, 0x20, 0x20, 0x20, 0x7d
  .byte 0x2c, 0x0a, 0x20, 0x20, 0x20, 0x20, 0x20, 0x20, 0x20, 0x20, 0x20, 0x20, 0x7d, 0x2c, 0x0a, 0x20
  .byte 0x20, 0x20, 0x20, 0x20, 0x20, 0x20, 0x20, 0x7d, 0x2c, 0x0a, 0x20, 0x20, 0x20, 0x20, 0x20, 0x20
  .byte 0x7d, 0x2c, 0x0a, 0x20, 0x20, 0x20, 0x20, 0x7d, 0x2c, 0x0a, 0x20, 0x20, 0x20, 0x20, 0x61, 0x6e
  .byte 0x6e, 0x6f, 0x74, 0x61, 0x74, 0x69, 0x6f, 0x6e, 0x73, 0x3a, 0x20, 0x7b, 0x20, 0x72, 0x65, 0x61
  .byte 0x64, 0x4f, 0x6e, 0x6c, 0x79, 0x48, 0x69, 0x6e, 0x74, 0x3a, 0x20, 0x74, 0x72, 0x75, 0x65, 0x20
  .byte 0x7d, 0x2c, 0x0a, 0x20, 0x20, 0x7d, 0x2c, 0x0a, 0x20, 0x20, 0x7b, 0x0a, 0x20, 0x20, 0x20, 0x20
  .byte 0x6e, 0x61, 0x6d, 0x65, 0x3a, 0x20, 0x22, 0x67, 0x65, 0x74, 0x5f, 0x65, 0x76, 0x65, 0x6e, 0x74
  .byte 0x73, 0x22, 0x2c, 0x0a, 0x20, 0x20, 0x20, 0x20, 0x64, 0x65, 0x73, 0x63, 0x72, 0x69, 0x70, 0x74
  .byte 0x69, 0x6f, 0x6e, 0x3a, 0x0a, 0x20, 0x20, 0x20, 0x20, 0x20, 0x20, 0x22, 0x47, 0x65, 0x74, 0x20
  .byte 0x74, 0x68, 0x65, 0x20, 0x75, 0x73, 0x65, 0x72, 0x27, 0x73, 0x20, 0x72, 0x65, 0x63, 0x65, 0x6e
  .byte 0x74, 0x20, 0x70, 0x75, 0x62, 0x6c, 0x69, 0x63, 0x20, 0x65, 0x76, 0x65, 0x6e, 0x74, 0x73, 0x20
  .byte 0x28, 0x70, 0x75, 0x73, 0x68, 0x65, 0x73, 0x2c, 0x20, 0x50, 0x52, 0x73, 0x2c, 0x20, 0x69, 0x73
  .byte 0x73, 0x75, 0x65, 0x73, 0x2c, 0x20, 0x72, 0x65, 0x76, 0x69, 0x65, 0x77, 0x73, 0x2c, 0x20, 0x66
  .byte 0x6f, 0x72, 0x6b, 0x73, 0x2c, 0x20, 0x73, 0x74, 0x61, 0x72, 0x73, 0x29, 0x20, 0x66, 0x72, 0x6f
  .byte 0x6d, 0x20, 0x74, 0x68, 0x65, 0x20, 0x6c, 0x61, 0x73, 0x74, 0x20, 0x33, 0x30, 0x20, 0x64, 0x61
  .byte 0x79, 0x73, 0x2e, 0x20, 0x52, 0x65, 0x74, 0x75, 0x72, 0x6e, 0x73, 0x20, 0x65, 0x76, 0x65, 0x6e
  .byte 0x74, 0x20, 0x72, 0x6f, 0x77, 0x73, 0x20, 0x2b, 0x20, 0x73, 0x75, 0x6d, 0x6d, 0x61, 0x72, 0x79
  .byte 0x20, 0x63, 0x6f, 0x75, 0x6e, 0x74, 0x73, 0x2e, 0x22, 0x2c, 0x0a, 0x20, 0x20, 0x20, 0x20, 0x69
  .byte 0x6e, 0x70, 0x75, 0x74, 0x53, 0x63, 0x68, 0x65, 0x6d, 0x61, 0x3a, 0x20, 0x7b, 0x20, 0x74, 0x79
  .byte 0x70, 0x65, 0x3a, 0x20, 0x22, 0x6f, 0x62, 0x6a, 0x65, 0x63, 0x74, 0x22, 0x2c, 0x20, 0x70, 0x72
  .byte 0x6f, 0x70, 0x65, 0x72, 0x74, 0x69, 0x65, 0x73, 0x3a, 0x20, 0x7b, 0x7d, 0x20, 0x7d, 0x2c, 0x0a
  .byte 0x20, 0x20, 0x20, 0x20, 0x6f, 0x75, 0x74, 0x70, 0x75, 0x74, 0x53, 0x63, 0x68, 0x65, 0x6d, 0x61
  .byte 0x3a, 0x20, 0x7b, 0x0a, 0x20, 0x20, 0x20, 0x20, 0x20, 0x20, 0x74, 0x79, 0x70, 0x65, 0x3a, 0x20
  .byte 0x22, 0x6f, 0x62, 0x6a, 0x65, 0x63, 0x74, 0x22, 0x2c, 0x0a, 0x20, 0x20, 0x20, 0x20, 0x20, 0x20
  .byte 0x70, 0x72, 0x6f, 0x70, 0x65, 0x72, 0x74, 0x69, 0x65, 0x73, 0x3a, 0x20, 0x7b, 0x0a, 0x20, 0x20
  .byte 0x20, 0x20, 0x20, 0x20, 0x20, 0x20, 0x72, 0x6f, 0x77, 0x73, 0x3a, 0x20, 0x7b, 0x0a, 0x20, 0x20
  .byte 0x20, 0x20, 0x20, 0x20, 0x20, 0x20, 0x20, 0x20, 0x74, 0x79, 0x70, 0x65, 0x3a, 0x20, 0x22, 0x61
  .byte 0x72, 0x72, 0x61, 0x79, 0x22, 0x2c, 0x0a, 0x20, 0x20, 0x20, 0x20, 0x20, 0x20, 0x20, 0x20, 0x20
  .byte 0x20, 0x69, 0x74, 0x65, 0x6d, 0x73, 0x3a, 0x20, 0x7b, 0x0a, 0x20, 0x20, 0x20, 0x20, 0x20, 0x20
  .byte 0x20, 0x20, 0x20, 0x20, 0x20, 0x20, 0x74, 0x79, 0x70, 0x65, 0x3a, 0x20, 0x22, 0x6f, 0x62, 0x6a
  .byte 0x65, 0x63, 0x74, 0x22, 0x2c, 0x0a, 0x20, 0x20, 0x20, 0x20, 0x20, 0x20, 0x20, 0x20, 0x20, 0x20
  .byte 0x20, 0x20, 0x70, 0x72, 0x6f, 0x70, 0x65, 0x72, 0x74, 0x69, 0x65, 0x73, 0x3a, 0x20, 0x7b, 0x0a
  .byte 0x20, 0x20, 0x20, 0x20, 0x20, 0x20, 0x20, 0x20, 0x20, 0x20, 0x20, 0x20, 0x20, 0x20, 0x74, 0x79
  .byte 0x70, 0x65, 0x3a, 0x20, 0x7b, 0x20, 0x74, 0x79, 0x70, 0x65, 0x3a, 0x20, 0x22, 0x73, 0x74, 0x72
  .byte 0x69, 0x6e, 0x67, 0x22, 0x20, 0x7d, 0x2c, 0x0a, 0x20, 0x20, 0x20, 0x20, 0x20, 0x20, 0x20, 0x20
  .byte 0x20, 0x20, 0x20, 0x20, 0x20, 0x20, 0x72, 0x65, 0x70, 0x6f, 0x3a, 0x20, 0x7b, 0x20, 0x74, 0x79
  .byte 0x70, 0x65, 0x3a, 0x20, 0x22, 0x73, 0x74, 0x72, 0x69, 0x6e, 0x67, 0x22, 0x20, 0x7d, 0x2c, 0x0a
  .byte 0x20, 0x20, 0x20, 0x20, 0x20, 0x20, 0x20, 0x20, 0x20, 0x20, 0x20, 0x20, 0x20, 0x20, 0x64, 0x61
  .byte 0x74, 0x65, 0x3a, 0x20, 0x7b, 0x20, 0x74, 0x79, 0x70, 0x65, 0x3a, 0x20, 0x22, 0x73, 0x74, 0x72
  .byte 0x69, 0x6e, 0x67, 0x22, 0x20, 0x7d, 0x2c, 0x0a, 0x20, 0x20, 0x20, 0x20, 0x20, 0x20, 0x20, 0x20
  .byte 0x20, 0x20, 0x20, 0x20, 0x20, 0x20, 0x63, 0x6f, 0x75, 0x6e, 0x74, 0x3a, 0x20, 0x7b, 0x20, 0x74
  .byte 0x79, 0x70, 0x65, 0x3a, 0x20, 0x22, 0x69, 0x6e, 0x74, 0x65, 0x67, 0x65, 0x72, 0x22, 0x20, 0x7d
  .byte 0x2c, 0x0a, 0x20, 0x20, 0x20, 0x20, 0x20, 0x20, 0x20, 0x20, 0x20, 0x20, 0x20, 0x20, 0x7d, 0x2c
  .byte 0x0a, 0x20, 0x20, 0x20, 0x20, 0x20, 0x20, 0x20, 0x20, 0x20, 0x20, 0x7d, 0x2c, 0x0a, 0x20, 0x20
  .byte 0x20, 0x20, 0x20, 0x20, 0x20, 0x20, 0x7d, 0x2c, 0x0a, 0x20, 0x20, 0x20, 0x20, 0x20, 0x20, 0x20
  .byte 0x20, 0x73, 0x75, 0x6d, 0x6d, 0x61, 0x72, 0x79, 0x3a, 0x20, 0x7b, 0x0a, 0x20, 0x20, 0x20, 0x20
  .byte 0x20, 0x20, 0x20, 0x20, 0x20, 0x20, 0x74, 0x79, 0x70, 0x65, 0x3a, 0x20, 0x22, 0x6f, 0x62, 0x6a
  .byte 0x65, 0x63, 0x74, 0x22, 0x2c, 0x0a, 0x20, 0x20, 0x20, 0x20, 0x20, 0x20, 0x20, 0x20, 0x20, 0x20
  .byte 0x70, 0x72, 0x6f, 0x70, 0x65, 0x72, 0x74, 0x69, 0x65, 0x73, 0x3a, 0x20, 0x7b, 0x0a, 0x20, 0x20
  .byte 0x20, 0x20, 0x20, 0x20, 0x20, 0x20, 0x20, 0x20, 0x20, 0x20, 0x74, 0x6f, 0x74, 0x61, 0x6c, 0x3a
  .byte 0x20, 0x7b, 0x20, 0x74, 0x79, 0x70, 0x65, 0x3a, 0x20, 0x22, 0x69, 0x6e, 0x74, 0x65, 0x67, 0x65
  .byte 0x72, 0x22, 0x20, 0x7d, 0x2c, 0x0a, 0x20, 0x20, 0x20, 0x20, 0x20, 0x20, 0x20, 0x20, 0x20, 0x20
  .byte 0x20, 0x20, 0x70, 0x75, 0x73, 0x68, 0x3a, 0x20, 0x7b, 0x20, 0x74, 0x79, 0x70, 0x65, 0x3a, 0x20
  .byte 0x22, 0x69, 0x6e, 0x74, 0x65, 0x67, 0x65, 0x72, 0x22, 0x20, 0x7d, 0x2c, 0x0a, 0x20, 0x20, 0x20
  .byte 0x20, 0x20, 0x20, 0x20, 0x20, 0x20, 0x20, 0x20, 0x20, 0x70, 0x72, 0x3a, 0x20, 0x7b, 0x20, 0x74
  .byte 0x79, 0x70, 0x65, 0x3a, 0x20, 0x22, 0x69, 0x6e, 0x74, 0x65, 0x67, 0x65, 0x72, 0x22, 0x20, 0x7d
  .byte 0x2c, 0x0a, 0x20, 0x20, 0x20, 0x20, 0x20, 0x20, 0x20, 0x20, 0x20, 0x20, 0x20, 0x20, 0x69, 0x73
  .byte 0x73, 0x75, 0x65, 0x73, 0x3a, 0x20, 0x7b, 0x20, 0x74, 0x79, 0x70, 0x65, 0x3a, 0x20, 0x22, 0x69
  .byte 0x6e, 0x74, 0x65, 0x67, 0x65, 0x72, 0x22, 0x20, 0x7d, 0x2c, 0x0a, 0x20, 0x20, 0x20, 0x20, 0x20
  .byte 0x20, 0x20, 0x20, 0x20, 0x20, 0x20, 0x20, 0x72, 0x65, 0x76, 0x69, 0x65, 0x77, 0x73, 0x3a, 0x20
  .byte 0x7b, 0x20, 0x74, 0x79, 0x70, 0x65, 0x3a, 0x20, 0x22, 0x69, 0x6e, 0x74, 0x65, 0x67, 0x65, 0x72
  .byte 0x22, 0x20, 0x7d, 0x2c, 0x0a, 0x20, 0x20, 0x20, 0x20, 0x20, 0x20, 0x20, 0x20, 0x20, 0x20, 0x7d
  .byte 0x2c, 0x0a, 0x20, 0x20, 0x20, 0x20, 0x20, 0x20, 0x20, 0x20, 0x7d, 0x2c, 0x0a, 0x20, 0x20, 0x20
  .byte 0x20, 0x20, 0x20, 0x7d, 0x2c, 0x0a, 0x20, 0x20, 0x20, 0x20, 0x7d, 0x2c, 0x0a, 0x20, 0x20, 0x20
  .byte 0x20, 0x61, 0x6e, 0x6e, 0x6f, 0x74, 0x61, 0x74, 0x69, 0x6f, 0x6e, 0x73, 0x3a, 0x20, 0x7b, 0x20
  .byte 0x72, 0x65, 0x61, 0x64, 0x4f, 0x6e, 0x6c, 0x79, 0x48, 0x69, 0x6e, 0x74, 0x3a, 0x20, 0x74, 0x72
  .byte 0x75, 0x65, 0x20, 0x7d, 0x2c, 0x0a, 0x20, 0x20, 0x7d, 0x2c, 0x0a, 0x20, 0x20, 0x7b, 0x0a, 0x20
  .byte 0x20, 0x20, 0x20, 0x6e, 0x61, 0x6d, 0x65, 0x3a, 0x20, 0x22, 0x67, 0x65, 0x74, 0x5f, 0x63, 0x6f
  .byte 0x6d, 0x6d, 0x69, 0x74, 0x5f, 0x61, 0x63, 0x74, 0x69, 0x76, 0x69, 0x74, 0x79, 0x22, 0x2c, 0x0a
  .byte 0x20, 0x20, 0x20, 0x20, 0x64, 0x65, 0x73, 0x63, 0x72, 0x69, 0x70, 0x74, 0x69, 0x6f, 0x6e, 0x3a
  .byte 0x20, 0x22, 0x47, 0x65, 0x74, 0x20, 0x77, 0x65, 0x65, 0x6b, 0x6c, 0x79, 0x20, 0x63, 0x6f, 0x6d
  .byte 0x6d, 0x69, 0x74, 0x20, 0x63, 0x6f, 0x75, 0x6e, 0x74, 0x73, 0x20, 0x66, 0x6f, 0x72, 0x20, 0x61
  .byte 0x20, 0x73, 0x70, 0x65, 0x63, 0x69, 0x66, 0x69, 0x63, 0x20, 0x72, 0x65, 0x70, 0x6f, 0x20, 0x6f
  .byte 0x76, 0x65, 0x72, 0x20, 0x74, 0x68, 0x65, 0x20, 0x70, 0x61, 0x73, 0x74, 0x20, 0x79, 0x65, 0x61
  .byte 0x72, 0x20, 0x28, 0x35, 0x32, 0x20, 0x77, 0x65, 0x65, 0x6b, 0x73, 0x29, 0x2e, 0x22, 0x2c, 0x0a
  .byte 0x20, 0x20, 0x20, 0x20, 0x69, 0x6e, 0x70, 0x75, 0x74, 0x53, 0x63, 0x68, 0x65, 0x6d, 0x61, 0x3a
  .byte 0x20, 0x7b, 0x0a, 0x20, 0x20, 0x20, 0x20, 0x20, 0x20, 0x74, 0x79, 0x70, 0x65, 0x3a, 0x20, 0x22
  .byte 0x6f, 0x62, 0x6a, 0x65, 0x63, 0x74, 0x22, 0x2c, 0x0a, 0x20, 0x20, 0x20, 0x20, 0x20, 0x20, 0x70
  .byte 0x72, 0x6f, 0x70, 0x65, 0x72, 0x74, 0x69, 0x65, 0x73, 0x3a, 0x20, 0x7b, 0x0a, 0x20, 0x20, 0x20
  .byte 0x20, 0x20, 0x20, 0x20, 0x20, 0x72, 0x65, 0x70, 0x6f, 0x3a, 0x20, 0x7b, 0x0a, 0x20, 0x20, 0x20
  .byte 0x20, 0x20, 0x20, 0x20, 0x20, 0x20, 0x20, 0x74, 0x79, 0x70, 0x65, 0x3a, 0x20, 0x22, 0x73, 0x74
  .byte 0x72, 0x69, 0x6e, 0x67, 0x22, 0x2c, 0x0a, 0x20, 0x20, 0x20, 0x20, 0x20, 0x20, 0x20, 0x20, 0x20
  .byte 0x20, 0x64, 0x65, 0x73, 0x63, 0x72, 0x69, 0x70, 0x74, 0x69, 0x6f, 0x6e, 0x3a, 0x0a, 0x20, 0x20
  .byte 0x20, 0x20, 0x20, 0x20, 0x20, 0x20, 0x20, 0x20, 0x20, 0x20, 0x27, 0x52, 0x65, 0x70, 0x6f, 0x73
  .byte 0x69, 0x74, 0x6f, 0x72, 0x79, 0x20, 0x6e, 0x61, 0x6d, 0x65, 0x20, 0x28, 0x6a, 0x75, 0x73, 0x74
  .byte 0x20, 0x74, 0x68, 0x65, 0x20, 0x6e, 0x61, 0x6d, 0x65, 0x2c, 0x20, 0x6e, 0x6f, 0x74, 0x20, 0x66
  .byte 0x75, 0x6c, 0x6c, 0x20, 0x70, 0x61, 0x74, 0x68, 0x20, 0xe2, 0x80, 0x94, 0x20, 0x65, 0x2e, 0x67
  .byte 0x2e, 0x20, 0x22, 0x6c, 0x69, 0x6e, 0x75, 0x78, 0x22, 0x20, 0x6e, 0x6f, 0x74, 0x20, 0x22, 0x74
  .byte 0x6f, 0x72, 0x76, 0x61, 0x6c, 0x64, 0x73, 0x2f, 0x6c, 0x69, 0x6e, 0x75, 0x78, 0x22, 0x29, 0x27
  .byte 0x2c, 0x0a, 0x20, 0x20, 0x20, 0x20, 0x20, 0x20, 0x20, 0x20, 0x7d, 0x2c, 0x0a, 0x20, 0x20, 0x20
  .byte 0x20, 0x20, 0x20, 0x7d, 0x2c, 0x0a, 0x20, 0x20, 0x20, 0x20, 0x20, 0x20, 0x72, 0x65, 0x71, 0x75
  .byte 0x69, 0x72, 0x65, 0x64, 0x3a, 0x20, 0x5b, 0x22, 0x72, 0x65, 0x70, 0x6f, 0x22, 0x5d, 0x2c, 0x0a
  .byte 0x20, 0x20, 0x20, 0x20, 0x7d, 0x2c, 0x0a, 0x20, 0x20, 0x20, 0x20, 0x6f, 0x75, 0x74, 0x70, 0x75
  .byte 0x74, 0x53, 0x63, 0x68, 0x65, 0x6d, 0x61, 0x3a, 0x20, 0x7b, 0x0a, 0x20, 0x20, 0x20, 0x20, 0x20
  .byte 0x20, 0x74, 0x79, 0x70, 0x65, 0x3a, 0x20, 0x22, 0x6f, 0x62, 0x6a, 0x65, 0x63, 0x74, 0x22, 0x2c
  .byte 0x0a, 0x20, 0x20, 0x20, 0x20, 0x20, 0x20, 0x70, 0x72, 0x6f, 0x70, 0x65, 0x72, 0x74, 0x69, 0x65
  .byte 0x73, 0x3a, 0x20, 0x7b, 0x0a, 0x20, 0x20, 0x20, 0x20, 0x20, 0x20, 0x20, 0x20, 0x72, 0x6f, 0x77
  .byte 0x73, 0x3a, 0x20, 0x7b, 0x0a, 0x20, 0x20, 0x20, 0x20, 0x20, 0x20, 0x20, 0x20, 0x20, 0x20, 0x74
  .byte 0x79, 0x70, 0x65, 0x3a, 0x20, 0x22, 0x61, 0x72, 0x72, 0x61, 0x79, 0x22, 0x2c, 0x0a, 0x20, 0x20
  .byte 0x20, 0x20, 0x20, 0x20, 0x20, 0x20, 0x20, 0x20, 0x69, 0x74, 0x65, 0x6d, 0x73, 0x3a, 0x20, 0x7b
  .byte 0x0a, 0x20, 0x20, 0x20, 0x20, 0x20, 0x20, 0x20, 0x20, 0x20, 0x20, 0x20, 0x20, 0x74, 0x79, 0x70
  .byte 0x65, 0x3a, 0x20, 0x22, 0x6f, 0x62, 0x6a, 0x65, 0x63, 0x74, 0x22, 0x2c, 0x0a, 0x20, 0x20, 0x20
  .byte 0x20, 0x20, 0x20, 0x20, 0x20, 0x20, 0x20, 0x20, 0x20, 0x70, 0x72, 0x6f, 0x70, 0x65, 0x72, 0x74
  .byte 0x69, 0x65, 0x73, 0x3a, 0x20, 0x7b, 0x0a, 0x20, 0x20, 0x20, 0x20, 0x20, 0x20, 0x20, 0x20, 0x20
  .byte 0x20, 0x20, 0x20, 0x20, 0x20, 0x77, 0x65, 0x65, 0x6b, 0x3a, 0x20, 0x7b, 0x20, 0x74, 0x79, 0x70
  .byte 0x65, 0x3a, 0x20, 0x22, 0x73, 0x74, 0x72, 0x69, 0x6e, 0x67, 0x22, 0x20, 0x7d, 0x2c, 0x0a, 0x20
  .byte 0x20, 0x20, 0x20, 0x20, 0x20, 0x20, 0x20, 0x20, 0x20, 0x20, 0x20, 0x20, 0x20, 0x74, 0x6f, 0x74
  .byte 0x61, 0x6c, 0x3a, 0x20, 0x7b, 0x20, 0x74, 0x79, 0x70, 0x65, 0x3a, 0x20, 0x22, 0x69, 0x6e, 0x74
  .byte 0x65, 0x67, 0x65, 0x72, 0x22, 0x20, 0x7d, 0x2c, 0x0a, 0x20, 0x20, 0x20, 0x20, 0x20, 0x20, 0x20
  .byte 0x20, 0x20, 0x20, 0x20, 0x20, 0x7d, 0x2c, 0x0a, 0x20, 0x20, 0x20, 0x20, 0x20, 0x20, 0x20, 0x20
  .byte 0x20, 0x20, 0x7d, 0x2c, 0x0a, 0x20, 0x20, 0x20, 0x20, 0x20, 0x20, 0x20, 0x20, 0x7d, 0x2c, 0x0a
  .byte 0x20, 0x20, 0x20, 0x20, 0x20, 0x20, 0x7d, 0x2c, 0x0a, 0x20, 0x20, 0x20, 0x20, 0x7d, 0x2c, 0x0a
  .byte 0x20, 0x20, 0x20, 0x20, 0x61, 0x6e, 0x6e, 0x6f, 0x74, 0x61, 0x74, 0x69, 0x6f, 0x6e, 0x73, 0x3a
  .byte 0x20, 0x7b, 0x20, 0x72, 0x65, 0x61, 0x64, 0x4f, 0x6e, 0x6c, 0x79, 0x48, 0x69, 0x6e, 0x74, 0x3a
  .byte 0x20, 0x74, 0x72, 0x75, 0x65, 0x20, 0x7d, 0x2c, 0x0a, 0x20, 0x20, 0x7d, 0x2c, 0x0a, 0x20, 0x20
  .byte 0x7b, 0x0a, 0x20, 0x20, 0x20, 0x20, 0x6e, 0x61, 0x6d, 0x65, 0x3a, 0x20, 0x22, 0x67, 0x65, 0x74
  .byte 0x5f, 0x73, 0x74, 0x61, 0x72, 0x5f, 0x68, 0x69, 0x73, 0x74, 0x6f, 0x72, 0x79, 0x22, 0x2c, 0x0a
  .byte 0x20, 0x20, 0x20, 0x20, 0x64, 0x65, 0x73, 0x63, 0x72, 0x69, 0x70, 0x74, 0x69, 0x6f, 0x6e, 0x3a
  .byte 0x0a, 0x20, 0x20, 0x20, 0x20, 0x20, 0x20, 0x22, 0x47, 0x65, 0x74, 0x20, 0x73, 0x74, 0x61, 0x72
  .byte 0x20, 0x68, 0x69, 0x73, 0x74, 0x6f, 0x72, 0x79, 0x20, 0x66, 0x6f, 0x72, 0x20, 0x61, 0x20, 0x72
  .byte 0x65, 0x70, 0x6f, 0x20, 0xe2, 0x80, 0x94, 0x20, 0x77, 0x68, 0x6f, 0x20, 0x73, 0x74, 0x61, 0x72
  .byte 0x72, 0x65, 0x64, 0x20, 0x69, 0x74, 0x20, 0x61, 0x6e, 0x64, 0x20, 0x77, 0x68, 0x65, 0x6e, 0x2c
  .byte 0x20, 0x77, 0x69, 0x74, 0x68, 0x20, 0x63, 0x75, 0x6d, 0x75, 0x6c, 0x61, 0x74, 0x69, 0x76, 0x65
  .byte 0x20, 0x63, 0x6f, 0x75, 0x6e, 0x74, 0x20, 0x66, 0x6f, 0x72, 0x20, 0x63, 0x68, 0x61, 0x72, 0x74
  .byte 0x69, 0x6e, 0x67, 0x2e, 0x22, 0x2c, 0x0a, 0x20, 0x20, 0x20, 0x20, 0x69, 0x6e, 0x70, 0x75, 0x74
  .byte 0x53, 0x63, 0x68, 0x65, 0x6d, 0x61, 0x3a, 0x20, 0x7b, 0x0a, 0x20, 0x20, 0x20, 0x20, 0x20, 0x20
  .byte 0x74, 0x79, 0x70, 0x65, 0x3a, 0x20, 0x22, 0x6f, 0x62, 0x6a, 0x65, 0x63, 0x74, 0x22, 0x2c, 0x0a
  .byte 0x20, 0x20, 0x20, 0x20, 0x20, 0x20, 0x70, 0x72, 0x6f, 0x70, 0x65, 0x72, 0x74, 0x69, 0x65, 0x73
  .byte 0x3a, 0x20, 0x7b, 0x0a, 0x20, 0x20, 0x20, 0x20, 0x20, 0x20, 0x20, 0x20, 0x72, 0x65, 0x70, 0x6f
  .byte 0x3a, 0x20, 0x7b, 0x0a, 0x20, 0x20, 0x20, 0x20, 0x20, 0x20, 0x20, 0x20, 0x20, 0x20, 0x74, 0x79
  .byte 0x70, 0x65, 0x3a, 0x20, 0x22, 0x73, 0x74, 0x72, 0x69, 0x6e, 0x67, 0x22, 0x2c, 0x0a, 0x20, 0x20
  .byte 0x20, 0x20, 0x20, 0x20, 0x20, 0x20, 0x20, 0x20, 0x64, 0x65, 0x73, 0x63, 0x72, 0x69, 0x70, 0x74
  .byte 0x69, 0x6f, 0x6e, 0x3a, 0x20, 0x22, 0x52, 0x65, 0x70, 0x6f, 0x73, 0x69, 0x74, 0x6f, 0x72, 0x79
  .byte 0x20, 0x6e, 0x61, 0x6d, 0x65, 0x20, 0x28, 0x65, 0x2e, 0x67, 0x2e, 0x20, 0x27, 0x6c, 0x69, 0x6e
  .byte 0x75, 0x78, 0x27, 0x29, 0x22, 0x2c, 0x0a, 0x20, 0x20, 0x20, 0x20, 0x20, 0x20, 0x20, 0x20, 0x7d
  .byte 0x2c, 0x0a, 0x20, 0x20, 0x20, 0x20, 0x20, 0x20, 0x7d, 0x2c, 0x0a, 0x20, 0x20, 0x20, 0x20, 0x20
  .byte 0x20, 0x72, 0x65, 0x71, 0x75, 0x69, 0x72, 0x65, 0x64, 0x3a, 0x20, 0x5b, 0x22, 0x72, 0x65, 0x70
  .byte 0x6f, 0x22, 0x5d, 0x2c, 0x0a, 0x20, 0x20, 0x20, 0x20, 0x7d, 0x2c, 0x0a, 0x20, 0x20, 0x20, 0x20
  .byte 0x6f, 0x75, 0x74, 0x70, 0x75, 0x74, 0x53, 0x63, 0x68, 0x65, 0x6d, 0x61, 0x3a, 0x20, 0x7b, 0x0a
  .byte 0x20, 0x20, 0x20, 0x20, 0x20, 0x20, 0x74, 0x79, 0x70, 0x65, 0x3a, 0x20, 0x22, 0x6f, 0x62, 0x6a
  .byte 0x65, 0x63, 0x74, 0x22, 0x2c, 0x0a, 0x20, 0x20, 0x20, 0x20, 0x20, 0x20, 0x70, 0x72, 0x6f, 0x70
  .byte 0x65, 0x72, 0x74, 0x69, 0x65, 0x73, 0x3a, 0x20, 0x7b, 0x0a, 0x20, 0x20, 0x20, 0x20, 0x20, 0x20
  .byte 0x20, 0x20, 0x72, 0x6f, 0x77, 0x73, 0x3a, 0x20, 0x7b, 0x0a, 0x20, 0x20, 0x20, 0x20, 0x20, 0x20
  .byte 0x20, 0x20, 0x20, 0x20, 0x74, 0x79, 0x70, 0x65, 0x3a, 0x20, 0x22, 0x61, 0x72, 0x72, 0x61, 0x79
  .byte 0x22, 0x2c, 0x0a, 0x20, 0x20, 0x20, 0x20, 0x20, 0x20, 0x20, 0x20, 0x20, 0x20, 0x69, 0x74, 0x65
  .byte 0x6d, 0x73, 0x3a, 0x20, 0x7b, 0x0a, 0x20, 0x20, 0x20, 0x20, 0x20, 0x20, 0x20, 0x20, 0x20, 0x20
  .byte 0x20, 0x20, 0x74, 0x79, 0x70, 0x65, 0x3a, 0x20, 0x22, 0x6f, 0x62, 0x6a, 0x65, 0x63, 0x74, 0x22
  .byte 0x2c, 0x0a, 0x20, 0x20, 0x20, 0x20, 0x20, 0x20, 0x20, 0x20, 0x20, 0x20, 0x20, 0x20, 0x70, 0x72
  .byte 0x6f, 0x70, 0x65, 0x72, 0x74, 0x69, 0x65, 0x73, 0x3a, 0x20, 0x7b, 0x0a, 0x20, 0x20, 0x20, 0x20
  .byte 0x20, 0x20, 0x20, 0x20, 0x20, 0x20, 0x20, 0x20, 0x20, 0x20, 0x73, 0x74, 0x61, 0x72, 0x72, 0x65
  .byte 0x64, 0x5f, 0x61, 0x74, 0x3a, 0x20, 0x7b, 0x20, 0x74, 0x79, 0x70, 0x65, 0x3a, 0x20, 0x22, 0x73
  .byte 0x74, 0x72, 0x69, 0x6e, 0x67, 0x22, 0x20, 0x7d, 0x2c, 0x0a, 0x20, 0x20, 0x20, 0x20, 0x20, 0x20
  .byte 0x20, 0x20, 0x20, 0x20, 0x20, 0x20, 0x20, 0x20, 0x63, 0x75, 0x6d, 0x75, 0x6c, 0x61, 0x74, 0x69
  .byte 0x76, 0x65, 0x3a, 0x20, 0x7b, 0x20, 0x74, 0x79, 0x70, 0x65, 0x3a, 0x20, 0x22, 0x69, 0x6e, 0x74
  .byte 0x65, 0x67, 0x65, 0x72, 0x22, 0x20, 0x7d, 0x2c, 0x0a, 0x20, 0x20, 0x20, 0x20, 0x20, 0x20, 0x20
  .byte 0x20, 0x20, 0x20, 0x20, 0x20, 0x7d, 0x2c, 0x0a, 0x20, 0x20, 0x20, 0x20, 0x20, 0x20, 0x20, 0x20
  .byte 0x20, 0x20, 0x7d, 0x2c, 0x0a, 0x20, 0x20, 0x20, 0x20, 0x20, 0x20, 0x20, 0x20, 0x7d, 0x2c, 0x0a
  .byte 0x20, 0x20, 0x20, 0x20, 0x20, 0x20, 0x7d, 0x2c, 0x0a, 0x20, 0x20, 0x20, 0x20, 0x7d, 0x2c, 0x0a
  .byte 0x20, 0x20, 0x20, 0x20, 0x61, 0x6e, 0x6e, 0x6f, 0x74, 0x61, 0x74, 0x69, 0x6f, 0x6e, 0x73, 0x3a
  .byte 0x20, 0x7b, 0x20, 0x72, 0x65, 0x61, 0x64, 0x4f, 0x6e, 0x6c, 0x79, 0x48, 0x69, 0x6e, 0x74, 0x3a
  .byte 0x20, 0x74, 0x72, 0x75, 0x65, 0x20, 0x7d, 0x2c, 0x0a, 0x20, 0x20, 0x7d, 0x2c, 0x0a, 0x20, 0x20
  .byte 0x7b, 0x0a, 0x20, 0x20, 0x20, 0x20, 0x6e, 0x61, 0x6d, 0x65, 0x3a, 0x20, 0x22, 0x67, 0x65, 0x74
  .byte 0x5f, 0x63, 0x6f, 0x6e, 0x74, 0x72, 0x69, 0x62, 0x75, 0x74, 0x6f, 0x72, 0x73, 0x22, 0x2c, 0x0a
  .byte 0x20, 0x20, 0x20, 0x20, 0x64, 0x65, 0x73, 0x63, 0x72, 0x69, 0x70, 0x74, 0x69, 0x6f, 0x6e, 0x3a
  .byte 0x20, 0x22, 0x47, 0x65, 0x74, 0x20, 0x63, 0x6f, 0x6e, 0x74, 0x72, 0x69, 0x62, 0x75, 0x74, 0x6f
  .byte 0x72, 0x20, 0x73, 0x74, 0x61, 0x74, 0x73, 0x20, 0x66, 0x6f, 0x72, 0x20, 0x61, 0x20, 0x72, 0x65
  .byte 0x70, 0x6f, 0x20, 0xe2, 0x80, 0x94, 0x20, 0x6c, 0x6f, 0x67, 0x69, 0x6e, 0x2c, 0x20, 0x61, 0x76
  .byte 0x61, 0x74, 0x61, 0x72, 0x2c, 0x20, 0x74, 0x6f, 0x74, 0x61, 0x6c, 0x20, 0x63, 0x6f, 0x6d, 0x6d
  .byte 0x69, 0x74, 0x73, 0x2e, 0x22, 0x2c, 0x0a, 0x20, 0x20, 0x20, 0x20, 0x69, 0x6e, 0x70, 0x75, 0x74
  .byte 0x53, 0x63, 0x68, 0x65, 0x6d, 0x61, 0x3a, 0x20, 0x7b, 0x0a, 0x20, 0x20, 0x20, 0x20, 0x20, 0x20
  .byte 0x74, 0x79, 0x70, 0x65, 0x3a, 0x20, 0x22, 0x6f, 0x62, 0x6a, 0x65, 0x63, 0x74, 0x22, 0x2c, 0x0a
  .byte 0x20, 0x20, 0x20, 0x20, 0x20, 0x20, 0x70, 0x72, 0x6f, 0x70, 0x65, 0x72, 0x74, 0x69, 0x65, 0x73
  .byte 0x3a, 0x20, 0x7b, 0x0a, 0x20, 0x20, 0x20, 0x20, 0x20, 0x20, 0x20, 0x20, 0x72, 0x65, 0x70, 0x6f
  .byte 0x3a, 0x20, 0x7b, 0x0a, 0x20, 0x20, 0x20, 0x20, 0x20, 0x20, 0x20, 0x20, 0x20, 0x20, 0x74, 0x79
  .byte 0x70, 0x65, 0x3a, 0x20, 0x22, 0x73, 0x74, 0x72, 0x69, 0x6e, 0x67, 0x22, 0x2c, 0x0a, 0x20, 0x20
  .byte 0x20, 0x20, 0x20, 0x20, 0x20, 0x20, 0x20, 0x20, 0x64, 0x65, 0x73, 0x63, 0x72, 0x69, 0x70, 0x74
  .byte 0x69, 0x6f, 0x6e, 0x3a, 0x20, 0x22, 0x52, 0x65, 0x70, 0x6f, 0x73, 0x69, 0x74, 0x6f, 0x72, 0x79
  .byte 0x20, 0x6e, 0x61, 0x6d, 0x65, 0x20, 0x28, 0x65, 0x2e, 0x67, 0x2e, 0x20, 0x27, 0x6c, 0x69, 0x6e
  .byte 0x75, 0x78, 0x27, 0x29, 0x22, 0x2c, 0x0a, 0x20, 0x20, 0x20, 0x20, 0x20, 0x20, 0x20, 0x20, 0x7d
  .byte 0x2c, 0x0a, 0x20, 0x20, 0x20, 0x20, 0x20, 0x20, 0x7d, 0x2c, 0x0a, 0x20, 0x20, 0x20, 0x20, 0x20
  .byte 0x20, 0x72, 0x65, 0x71, 0x75, 0x69, 0x72, 0x65, 0x64, 0x3a, 0x20, 0x5b, 0x22, 0x72, 0x65, 0x70
  .byte 0x6f, 0x22, 0x5d, 0x2c, 0x0a, 0x20, 0x20, 0x20, 0x20, 0x7d, 0x2c, 0x0a, 0x20, 0x20, 0x20, 0x20
  .byte 0x6f, 0x75, 0x74, 0x70, 0x75, 0x74, 0x53, 0x63, 0x68, 0x65, 0x6d, 0x61, 0x3a, 0x20, 0x7b, 0x0a
  .byte 0x20, 0x20, 0x20, 0x20, 0x20, 0x20, 0x74, 0x79, 0x70, 0x65, 0x3a, 0x20, 0x22, 0x6f, 0x62, 0x6a
  .byte 0x65, 0x63, 0x74, 0x22, 0x2c, 0x0a, 0x20, 0x20, 0x20, 0x20, 0x20, 0x20, 0x70, 0x72, 0x6f, 0x70
  .byte 0x65, 0x72, 0x74, 0x69, 0x65, 0x73, 0x3a, 0x20, 0x7b, 0x0a, 0x20, 0x20, 0x20, 0x20, 0x20, 0x20
  .byte 0x20, 0x20, 0x72, 0x6f, 0x77, 0x73, 0x3a, 0x20, 0x7b, 0x0a, 0x20, 0x20, 0x20, 0x20, 0x20, 0x20
  .byte 0x20, 0x20, 0x20, 0x20, 0x74, 0x79, 0x70, 0x65, 0x3a, 0x20, 0x22, 0x61, 0x72, 0x72, 0x61, 0x79
  .byte 0x22, 0x2c, 0x0a, 0x20, 0x20, 0x20, 0x20, 0x20, 0x20, 0x20, 0x20, 0x20, 0x20, 0x69, 0x74, 0x65
  .byte 0x6d, 0x73, 0x3a, 0x20, 0x7b, 0x0a, 0x20, 0x20, 0x20, 0x20, 0x20, 0x20, 0x20, 0x20, 0x20, 0x20
  .byte 0x20, 0x20, 0x74, 0x79, 0x70, 0x65, 0x3a, 0x20, 0x22, 0x6f, 0x62, 0x6a, 0x65, 0x63, 0x74, 0x22
  .byte 0x2c, 0x0a, 0x20, 0x20, 0x20, 0x20, 0x20, 0x20, 0x20, 0x20, 0x20, 0x20, 0x20, 0x20, 0x70, 0x72
  .byte 0x6f, 0x70, 0x65, 0x72, 0x74, 0x69, 0x65, 0x73, 0x3a, 0x20, 0x7b, 0x0a, 0x20, 0x20, 0x20, 0x20
  .byte 0x20, 0x20, 0x20, 0x20, 0x20, 0x20, 0x20, 0x20, 0x20, 0x20, 0x6c, 0x6f, 0x67, 0x69, 0x6e, 0x3a
  .byte 0x20, 0x7b, 0x20, 0x74, 0x79, 0x70, 0x65, 0x3a, 0x20, 0x22, 0x73, 0x74, 0x72, 0x69, 0x6e, 0x67
  .byte 0x22, 0x20, 0x7d, 0x2c, 0x0a, 0x20, 0x20, 0x20, 0x20, 0x20, 0x20, 0x20, 0x20, 0x20, 0x20, 0x20
  .byte 0x20, 0x20, 0x20, 0x61, 0x76, 0x61, 0x74, 0x61, 0x72, 0x5f, 0x75, 0x72, 0x6c, 0x3a, 0x20, 0x7b
  .byte 0x20, 0x74, 0x79, 0x70, 0x65, 0x3a, 0x20, 0x22, 0x73, 0x74, 0x72, 0x69, 0x6e, 0x67, 0x22, 0x20
  .byte 0x7d, 0x2c, 0x0a, 0x20, 0x20, 0x20, 0x20, 0x20, 0x20, 0x20, 0x20, 0x20, 0x20, 0x20, 0x20, 0x20
  .byte 0x20, 0x74, 0x6f, 0x74, 0x61, 0x6c, 0x5f, 0x63, 0x6f, 0x6d, 0x6d, 0x69, 0x74, 0x73, 0x3a, 0x20
  .byte 0x7b, 0x20, 0x74, 0x79, 0x70, 0x65, 0x3a, 0x20, 0x22, 0x69, 0x6e, 0x74, 0x65, 0x67, 0x65, 0x72
  .byte 0x22, 0x20, 0x7d, 0x2c, 0x0a, 0x20, 0x20, 0x20, 0x20, 0x20, 0x20, 0x20, 0x20, 0x20, 0x20, 0x20
  .byte 0x20, 0x7d, 0x2c, 0x0a, 0x20, 0x20, 0x20, 0x20, 0x20, 0x20, 0x20, 0x20, 0x20, 0x20, 0x7d, 0x2c
  .byte 0x0a, 0x20, 0x20, 0x20, 0x20, 0x20, 0x20, 0x20, 0x20, 0x7d, 0x2c, 0x0a, 0x20, 0x20, 0x20, 0x20
  .byte 0x20, 0x20, 0x7d, 0x2c, 0x0a, 0x20, 0x20, 0x20, 0x20, 0x7d, 0x2c, 0x0a, 0x20, 0x20, 0x20, 0x20
  .byte 0x61, 0x6e, 0x6e, 0x6f, 0x74, 0x61, 0x74, 0x69, 0x6f, 0x6e, 0x73, 0x3a, 0x20, 0x7b, 0x20, 0x72
  .byte 0x65, 0x61, 0x64, 0x4f, 0x6e, 0x6c, 0x79, 0x48, 0x69, 0x6e, 0x74, 0x3a, 0x20, 0x74, 0x72, 0x75
  .byte 0x65, 0x20, 0x7d, 0x2c, 0x0a, 0x20, 0x20, 0x7d, 0x2c, 0x0a, 0x20, 0x20, 0x7b, 0x0a, 0x20, 0x20
  .byte 0x20, 0x20, 0x6e, 0x61, 0x6d, 0x65, 0x3a, 0x20, 0x22, 0x73, 0x61, 0x76, 0x65, 0x5f, 0x62, 0x6f
  .byte 0x6f, 0x6b, 0x6d, 0x61, 0x72, 0x6b, 0x22, 0x2c, 0x0a, 0x20, 0x20, 0x20, 0x20, 0x64, 0x65, 0x73
  .byte 0x63, 0x72, 0x69, 0x70, 0x74, 0x69, 0x6f, 0x6e, 0x3a, 0x0a, 0x20, 0x20, 0x20, 0x20, 0x20, 0x20
  .byte 0x22, 0x53, 0x61, 0x76, 0x65, 0x20, 0x61, 0x20, 0x72, 0x65, 0x70, 0x6f, 0x73, 0x69, 0x74, 0x6f
  .byte 0x72, 0x79, 0x20, 0x62, 0x6f, 0x6f, 0x6b, 0x6d, 0x61, 0x72, 0x6b, 0x20, 0x77, 0x69, 0x74, 0x68
  .byte 0x20, 0x61, 0x20, 0x6e, 0x6f, 0x74, 0x65, 0x20, 0x61, 0x6e, 0x64, 0x20, 0x74, 0x61, 0x67, 0x2e
  .byte 0x20, 0x55, 0x70, 0x73, 0x65, 0x72, 0x74, 0x73, 0x20, 0xe2, 0x80, 0x94, 0x20, 0x73, 0x61, 0x76
  .byte 0x69, 0x6e, 0x67, 0x20, 0x74, 0x68, 0x65, 0x20, 0x73, 0x61, 0x6d, 0x65, 0x20, 0x72, 0x65, 0x70
  .byte 0x6f, 0x20, 0x75, 0x70, 0x64, 0x61, 0x74, 0x65, 0x73, 0x20, 0x69, 0x74, 0x2e, 0x22, 0x2c, 0x0a
  .byte 0x20, 0x20, 0x20, 0x20, 0x69, 0x6e, 0x70, 0x75, 0x74, 0x53, 0x63, 0x68, 0x65, 0x6d, 0x61, 0x3a
  .byte 0x20, 0x7b, 0x0a, 0x20, 0x20, 0x20, 0x20, 0x20, 0x20, 0x74, 0x79, 0x70, 0x65, 0x3a, 0x20, 0x22
  .byte 0x6f, 0x62, 0x6a, 0x65, 0x63, 0x74, 0x22, 0x2c, 0x0a, 0x20, 0x20, 0x20, 0x20, 0x20, 0x20, 0x70
  .byte 0x72, 0x6f, 0x70, 0x65, 0x72, 0x74, 0x69, 0x65, 0x73, 0x3a, 0x20, 0x7b, 0x0a, 0x20, 0x20, 0x20
  .byte 0x20, 0x20, 0x20, 0x20, 0x20, 0x72, 0x65, 0x70, 0x6f, 0x3a, 0x20, 0x7b, 0x20, 0x74, 0x79, 0x70
  .byte 0x65, 0x3a, 0x20, 0x22, 0x73, 0x74, 0x72, 0x69, 0x6e, 0x67, 0x22, 0x2c, 0x20, 0x64, 0x65, 0x73
  .byte 0x63, 0x72, 0x69, 0x70, 0x74, 0x69, 0x6f, 0x6e, 0x3a, 0x20, 0x22, 0x52, 0x65, 0x70, 0x6f, 0x73
  .byte 0x69, 0x74, 0x6f, 0x72, 0x79, 0x20, 0x6e, 0x61, 0x6d, 0x65, 0x20, 0x74, 0x6f, 0x20, 0x62, 0x6f
  .byte 0x6f, 0x6b, 0x6d, 0x61, 0x72, 0x6b, 0x22, 0x20, 0x7d, 0x2c, 0x0a, 0x20, 0x20, 0x20, 0x20, 0x20
  .byte 0x20, 0x20, 0x20, 0x6e, 0x6f, 0x74, 0x65, 0x3a, 0x20, 0x7b, 0x20, 0x74, 0x79, 0x70, 0x65, 0x3a
  .byte 0x20, 0x22, 0x73, 0x74, 0x72, 0x69, 0x6e, 0x67, 0x22, 0x2c, 0x20, 0x64, 0x65, 0x73, 0x63, 0x72
  .byte 0x69, 0x70, 0x74, 0x69, 0x6f, 0x6e, 0x3a, 0x20, 0x22, 0x55, 0x73, 0x65, 0x72, 0x20, 0x6e, 0x6f
  .byte 0x74, 0x65, 0x20, 0x61, 0x62, 0x6f, 0x75, 0x74, 0x20, 0x74, 0x68, 0x65, 0x20, 0x72, 0x65, 0x70
  .byte 0x6f, 0x22, 0x20, 0x7d, 0x2c, 0x0a, 0x20, 0x20, 0x20, 0x20, 0x20, 0x20, 0x20, 0x20, 0x74, 0x61
  .byte 0x67, 0x3a, 0x20, 0x7b, 0x0a, 0x20, 0x20, 0x20, 0x20, 0x20, 0x20, 0x20, 0x20, 0x20, 0x20, 0x74
  .byte 0x79, 0x70, 0x65, 0x3a, 0x20, 0x22, 0x73, 0x74, 0x72, 0x69, 0x6e, 0x67, 0x22, 0x2c, 0x0a, 0x20
  .byte 0x20, 0x20, 0x20, 0x20, 0x20, 0x20, 0x20, 0x20, 0x20, 0x65, 0x6e, 0x75, 0x6d, 0x3a, 0x20, 0x5b
  .byte 0x22, 0x69, 0x6d, 0x70, 0x6f, 0x72, 0x74, 0x61, 0x6e, 0x74, 0x22, 0x2c, 0x20, 0x22, 0x72, 0x65
  .byte 0x76, 0x69, 0x65, 0x77, 0x22, 0x2c, 0x20, 0x22, 0x6c, 0x65, 0x61, 0x72, 0x6e, 0x69, 0x6e, 0x67
  .byte 0x22, 0x2c, 0x20, 0x22, 0x66, 0x61, 0x76, 0x6f, 0x72, 0x69, 0x74, 0x65, 0x22, 0x5d, 0x2c, 0x0a
  .byte 0x20, 0x20, 0x20, 0x20, 0x20, 0x20, 0x20, 0x20, 0x20, 0x20, 0x64, 0x65, 0x73, 0x63, 0x72, 0x69
  .byte 0x70, 0x74, 0x69, 0x6f, 0x6e, 0x3a, 0x20, 0x22, 0x54, 0x61, 0x67, 0x20, 0x63, 0x61, 0x74, 0x65
  .byte 0x67, 0x6f, 0x72, 0x79, 0x22, 0x2c, 0x0a, 0x20, 0x20, 0x20, 0x20, 0x20, 0x20, 0x20, 0x20, 0x7d
  .byte 0x2c, 0x0a, 0x20, 0x20, 0x20, 0x20, 0x20, 0x20, 0x7d, 0x2c, 0x0a, 0x20, 0x20, 0x20, 0x20, 0x20
  .byte 0x20, 0x72, 0x65, 0x71, 0x75, 0x69, 0x72, 0x65, 0x64, 0x3a, 0x20, 0x5b, 0x22, 0x72, 0x65, 0x70
  .byte 0x6f, 0x22, 0x5d, 0x2c, 0x0a, 0x20, 0x20, 0x20, 0x20, 0x7d, 0x2c, 0x0a, 0x20, 0x20, 0x20, 0x20
  .byte 0x6f, 0x75, 0x74, 0x70, 0x75, 0x74, 0x53, 0x63, 0x68, 0x65, 0x6d, 0x61, 0x3a, 0x20, 0x7b, 0x0a
  .byte 0x20, 0x20, 0x20, 0x20, 0x20, 0x20, 0x74, 0x79, 0x70, 0x65, 0x3a, 0x20, 0x22, 0x6f, 0x62, 0x6a
  .byte 0x65, 0x63, 0x74, 0x22, 0x2c, 0x0a, 0x20, 0x20, 0x20, 0x20, 0x20, 0x20, 0x70, 0x72, 0x6f, 0x70
  .byte 0x65, 0x72, 0x74, 0x69, 0x65, 0x73, 0x3a, 0x20, 0x7b, 0x0a, 0x20, 0x20, 0x20, 0x20, 0x20, 0x20
  .byte 0x20, 0x20, 0x73, 0x75, 0x63, 0x63, 0x65, 0x73, 0x73, 0x3a, 0x20, 0x7b, 0x20, 0x74, 0x79, 0x70
  .byte 0x65, 0x3a, 0x20, 0x22, 0x62, 0x6f, 0x6f, 0x6c, 0x65, 0x61, 0x6e, 0x22, 0x20, 0x7d, 0x2c, 0x0a
  .byte 0x20, 0x20, 0x20, 0x20, 0x20, 0x20, 0x7d, 0x2c, 0x0a, 0x20, 0x20, 0x20, 0x20, 0x7d, 0x2c, 0x0a
  .byte 0x20, 0x20, 0x20, 0x20, 0x61, 0x6e, 0x6e, 0x6f, 0x74, 0x61, 0x74, 0x69, 0x6f, 0x6e, 0x73, 0x3a
  .byte 0x20, 0x7b, 0x20, 0x72, 0x65, 0x61, 0x64, 0x4f, 0x6e, 0x6c, 0x79, 0x48, 0x69, 0x6e, 0x74, 0x3a
  .byte 0x20, 0x66, 0x61, 0x6c, 0x73, 0x65, 0x20, 0x7d, 0x2c, 0x0a, 0x20, 0x20, 0x7d, 0x2c, 0x0a, 0x20
  .byte 0x20, 0x7b, 0x0a, 0x20, 0x20, 0x20, 0x20, 0x6e, 0x61, 0x6d, 0x65, 0x3a, 0x20, 0x22, 0x67, 0x65
  .byte 0x74, 0x5f, 0x62, 0x6f, 0x6f, 0x6b, 0x6d, 0x61, 0x72, 0x6b, 0x73, 0x22, 0x2c, 0x0a, 0x20, 0x20
  .byte 0x20, 0x20, 0x64, 0x65, 0x73, 0x63, 0x72, 0x69, 0x70, 0x74, 0x69, 0x6f, 0x6e, 0x3a, 0x20, 0x22
  .byte 0x47, 0x65, 0x74, 0x20, 0x61, 0x6c, 0x6c, 0x20, 0x73, 0x61, 0x76, 0x65, 0x64, 0x20, 0x62, 0x6f
  .byte 0x6f, 0x6b, 0x6d, 0x61, 0x72, 0x6b, 0x73, 0x20, 0x66, 0x6f, 0x72, 0x20, 0x74, 0x68, 0x65, 0x20
  .byte 0x63, 0x75, 0x72, 0x72, 0x65, 0x6e, 0x74, 0x20, 0x75, 0x73, 0x65, 0x72, 0x2e, 0x22, 0x2c, 0x0a
  .byte 0x20, 0x20, 0x20, 0x20, 0x69, 0x6e, 0x70, 0x75, 0x74, 0x53, 0x63, 0x68, 0x65, 0x6d, 0x61, 0x3a
  .byte 0x20, 0x7b, 0x20, 0x74, 0x79, 0x70, 0x65, 0x3a, 0x20, 0x22, 0x6f, 0x62, 0x6a, 0x65, 0x63, 0x74
  .byte 0x22, 0x2c, 0x20, 0x70, 0x72, 0x6f, 0x70, 0x65, 0x72, 0x74, 0x69, 0x65, 0x73, 0x3a, 0x20, 0x7b
  .byte 0x7d, 0x20, 0x7d, 0x2c, 0x0a, 0x20, 0x20, 0x20, 0x20, 0x6f, 0x75, 0x74, 0x70, 0x75, 0x74, 0x53
  .byte 0x63, 0x68, 0x65, 0x6d, 0x61, 0x3a, 0x20, 0x7b, 0x0a, 0x20, 0x20, 0x20, 0x20, 0x20, 0x20, 0x74
  .byte 0x79, 0x70, 0x65, 0x3a, 0x20, 0x22, 0x6f, 0x62, 0x6a, 0x65, 0x63, 0x74, 0x22, 0x2c, 0x0a, 0x20
  .byte 0x20, 0x20, 0x20, 0x20, 0x20, 0x70, 0x72, 0x6f, 0x70, 0x65, 0x72, 0x74, 0x69, 0x65, 0x73, 0x3a
  .byte 0x20, 0x7b, 0x0a, 0x20, 0x20, 0x20, 0x20, 0x20, 0x20, 0x20, 0x20, 0x72, 0x6f, 0x77, 0x73, 0x3a
  .byte 0x20, 0x7b, 0x0a, 0x20, 0x20, 0x20, 0x20, 0x20, 0x20, 0x20, 0x20, 0x20, 0x20, 0x74, 0x79, 0x70
  .byte 0x65, 0x3a, 0x20, 0x22, 0x61, 0x72, 0x72, 0x61, 0x79, 0x22, 0x2c, 0x0a, 0x20, 0x20, 0x20, 0x20
  .byte 0x20, 0x20, 0x20, 0x20, 0x20, 0x20, 0x69, 0x74, 0x65, 0x6d, 0x73, 0x3a, 0x20, 0x7b, 0x0a, 0x20
  .byte 0x20, 0x20, 0x20, 0x20, 0x20, 0x20, 0x20, 0x20, 0x20, 0x20, 0x20, 0x74, 0x79, 0x70, 0x65, 0x3a
  .byte 0x20, 0x22, 0x6f, 0x62, 0x6a, 0x65, 0x63, 0x74, 0x22, 0x2c, 0x0a, 0x20, 0x20, 0x20, 0x20, 0x20
  .byte 0x20, 0x20, 0x20, 0x20, 0x20, 0x20, 0x20, 0x70, 0x72, 0x6f, 0x70, 0x65, 0x72, 0x74, 0x69, 0x65
  .byte 0x73, 0x3a, 0x20, 0x7b, 0x0a, 0x20, 0x20, 0x20, 0x20, 0x20, 0x20, 0x20, 0x20, 0x20, 0x20, 0x20
  .byte 0x20, 0x20, 0x20, 0x72, 0x65, 0x70, 0x6f, 0x3a, 0x20, 0x7b, 0x20, 0x74, 0x79, 0x70, 0x65, 0x3a
  .byte 0x20, 0x22, 0x73, 0x74, 0x72, 0x69, 0x6e, 0x67, 0x22, 0x20, 0x7d, 0x2c, 0x0a, 0x20, 0x20, 0x20
  .byte 0x20, 0x20, 0x20, 0x20, 0x20, 0x20, 0x20, 0x20, 0x20, 0x20, 0x20, 0x6e, 0x6f, 0x74, 0x65, 0x3a
  .byte 0x20, 0x7b, 0x20, 0x74, 0x79, 0x70, 0x65, 0x3a, 0x20, 0x22, 0x73, 0x74, 0x72, 0x69, 0x6e, 0x67
  .byte 0x22, 0x20, 0x7d, 0x2c, 0x0a, 0x20, 0x20, 0x20, 0x20, 0x20, 0x20, 0x20, 0x20, 0x20, 0x20, 0x20
  .byte 0x20, 0x20, 0x20, 0x74, 0x61, 0x67, 0x3a, 0x20, 0x7b, 0x20, 0x74, 0x79, 0x70, 0x65, 0x3a, 0x20
  .byte 0x22, 0x73, 0x74, 0x72, 0x69, 0x6e, 0x67, 0x22, 0x20, 0x7d, 0x2c, 0x0a, 0x20, 0x20, 0x20, 0x20
  .byte 0x20, 0x20, 0x20, 0x20, 0x20, 0x20, 0x20, 0x20, 0x20, 0x20, 0x63, 0x72, 0x65, 0x61, 0x74, 0x65
  .byte 0x64, 0x5f, 0x61, 0x74, 0x3a, 0x20, 0x7b, 0x20, 0x74, 0x79, 0x70, 0x65, 0x3a, 0x20, 0x22, 0x73
  .byte 0x74, 0x72, 0x69, 0x6e, 0x67, 0x22, 0x20, 0x7d, 0x2c, 0x0a, 0x20, 0x20, 0x20, 0x20, 0x20, 0x20
  .byte 0x20, 0x20, 0x20, 0x20, 0x20, 0x20, 0x7d, 0x2c, 0x0a, 0x20, 0x20, 0x20, 0x20, 0x20, 0x20, 0x20
  .byte 0x20, 0x20, 0x20, 0x7d, 0x2c, 0x0a, 0x20, 0x20, 0x20, 0x20, 0x20, 0x20, 0x20, 0x20, 0x7d, 0x2c
  .byte 0x0a, 0x20, 0x20, 0x20, 0x20, 0x20, 0x20, 0x7d, 0x2c, 0x0a, 0x20, 0x20, 0x20, 0x20, 0x7d, 0x2c
  .byte 0x0a, 0x20, 0x20, 0x20, 0x20, 0x61, 0x6e, 0x6e, 0x6f, 0x74, 0x61, 0x74, 0x69, 0x6f, 0x6e, 0x73
  .byte 0x3a, 0x20, 0x7b, 0x20, 0x72, 0x65, 0x61, 0x64, 0x4f, 0x6e, 0x6c, 0x79, 0x48, 0x69, 0x6e, 0x74
  .byte 0x3a, 0x20, 0x74, 0x72, 0x75, 0x65, 0x20, 0x7d, 0x2c, 0x0a, 0x20, 0x20, 0x7d, 0x2c, 0x0a, 0x20
  .byte 0x20, 0x7b, 0x0a, 0x20, 0x20, 0x20, 0x20, 0x6e, 0x61, 0x6d, 0x65, 0x3a, 0x20, 0x22, 0x64, 0x65
  .byte 0x6c, 0x65, 0x74, 0x65, 0x5f, 0x62, 0x6f, 0x6f, 0x6b, 0x6d, 0x61, 0x72, 0x6b, 0x22, 0x2c, 0x0a
  .byte 0x20, 0x20, 0x20, 0x20, 0x64, 0x65, 0x73, 0x63, 0x72, 0x69, 0x70, 0x74, 0x69, 0x6f, 0x6e, 0x3a
  .byte 0x20, 0x22, 0x44, 0x65, 0x6c, 0x65, 0x74, 0x65, 0x20, 0x61, 0x20, 0x62, 0x6f, 0x6f, 0x6b, 0x6d
  .byte 0x61, 0x72, 0x6b, 0x20, 0x62, 0x79, 0x20, 0x72, 0x65, 0x70, 0x6f, 0x20, 0x6e, 0x61, 0x6d, 0x65
  .byte 0x2e, 0x22, 0x2c, 0x0a, 0x20, 0x20, 0x20, 0x20, 0x69, 0x6e, 0x70, 0x75, 0x74, 0x53, 0x63, 0x68
  .byte 0x65, 0x6d, 0x61, 0x3a, 0x20, 0x7b, 0x0a, 0x20, 0x20, 0x20, 0x20, 0x20, 0x20, 0x74, 0x79, 0x70
  .byte 0x65, 0x3a, 0x20, 0x22, 0x6f, 0x62, 0x6a, 0x65, 0x63, 0x74, 0x22, 0x2c, 0x0a, 0x20, 0x20, 0x20
  .byte 0x20, 0x20, 0x20, 0x70, 0x72, 0x6f, 0x70, 0x65, 0x72, 0x74, 0x69, 0x65, 0x73, 0x3a, 0x20, 0x7b
  .byte 0x0a, 0x20, 0x20, 0x20, 0x20, 0x20, 0x20, 0x20, 0x20, 0x72, 0x65, 0x70, 0x6f, 0x3a, 0x20, 0x7b
  .byte 0x20, 0x74, 0x79, 0x70, 0x65, 0x3a, 0x20, 0x22, 0x73, 0x74, 0x72, 0x69, 0x6e, 0x67, 0x22, 0x2c
  .byte 0x20, 0x64, 0x65, 0x73, 0x63, 0x72, 0x69, 0x70, 0x74, 0x69, 0x6f, 0x6e, 0x3a, 0x20, 0x22, 0x52
  .byte 0x65, 0x70, 0x6f, 0x73, 0x69, 0x74, 0x6f, 0x72, 0x79, 0x20, 0x6e, 0x61, 0x6d, 0x65, 0x20, 0x74
  .byte 0x6f, 0x20, 0x72, 0x65, 0x6d, 0x6f, 0x76, 0x65, 0x22, 0x20, 0x7d, 0x2c, 0x0a, 0x20, 0x20, 0x20
  .byte 0x20, 0x20, 0x20, 0x7d, 0x2c, 0x0a, 0x20, 0x20, 0x20, 0x20, 0x20, 0x20, 0x72, 0x65, 0x71, 0x75
  .byte 0x69, 0x72, 0x65, 0x64, 0x3a, 0x20, 0x5b, 0x22, 0x72, 0x65, 0x70, 0x6f, 0x22, 0x5d, 0x2c, 0x0a
  .byte 0x20, 0x20, 0x20, 0x20, 0x7d, 0x2c, 0x0a, 0x20, 0x20, 0x20, 0x20, 0x6f, 0x75, 0x74, 0x70, 0x75
  .byte 0x74, 0x53, 0x63, 0x68, 0x65, 0x6d, 0x61, 0x3a, 0x20, 0x7b, 0x0a, 0x20, 0x20, 0x20, 0x20, 0x20
  .byte 0x20, 0x74, 0x79, 0x70, 0x65, 0x3a, 0x20, 0x22, 0x6f, 0x62, 0x6a, 0x65, 0x63, 0x74, 0x22, 0x2c
  .byte 0x0a, 0x20, 0x20, 0x20, 0x20, 0x20, 0x20, 0x70, 0x72, 0x6f, 0x70, 0x65, 0x72, 0x74, 0x69, 0x65
  .byte 0x73, 0x3a, 0x20, 0x7b, 0x0a, 0x20, 0x20, 0x20, 0x20, 0x20, 0x20, 0x20, 0x20, 0x73, 0x75, 0x63
  .byte 0x63, 0x65, 0x73, 0x73, 0x3a, 0x20, 0x7b, 0x20, 0x74, 0x79, 0x70, 0x65, 0x3a, 0x20, 0x22, 0x62
  .byte 0x6f, 0x6f, 0x6c, 0x65, 0x61, 0x6e, 0x22, 0x20, 0x7d, 0x2c, 0x0a, 0x20, 0x20, 0x20, 0x20, 0x20
  .byte 0x20, 0x7d, 0x2c, 0x0a, 0x20, 0x20, 0x20, 0x20, 0x7d, 0x2c, 0x0a, 0x20, 0x20, 0x20, 0x20, 0x61
  .byte 0x6e, 0x6e, 0x6f, 0x74, 0x61, 0x74, 0x69, 0x6f, 0x6e, 0x73, 0x3a, 0x20, 0x7b, 0x20, 0x72, 0x65
  .byte 0x61, 0x64, 0x4f, 0x6e, 0x6c, 0x79, 0x48, 0x69, 0x6e, 0x74, 0x3a, 0x20, 0x66, 0x61, 0x6c, 0x73
  .byte 0x65, 0x2c, 0x20, 0x64, 0x65, 0x73, 0x74, 0x72, 0x75, 0x63, 0x74, 0x69, 0x76, 0x65, 0x48, 0x69
  .byte 0x6e, 0x74, 0x3a, 0x20, 0x74, 0x72, 0x75, 0x65, 0x20, 0x7d, 0x2c, 0x0a, 0x20, 0x20, 0x7d, 0x2c
  .byte 0x0a, 0x5d, 0x3b, 0x0a

  .globl openui_full_port_docs_app_demo_github_github_types_ts_ebd93b4b3e30_pass_2_len
openui_full_port_docs_app_demo_github_github_types_ts_ebd93b4b3e30_pass_2_len:
  .quad 8964

# assembly pass: 3/4
  .globl openui_full_port_docs_app_demo_github_github_types_ts_ebd93b4b3e30_pass_3
openui_full_port_docs_app_demo_github_github_types_ts_ebd93b4b3e30_pass_3:
  .byte 0x69, 0x6d, 0x70, 0x6f, 0x72, 0x74, 0x20, 0x74, 0x79, 0x70, 0x65, 0x20, 0x7b, 0x20, 0x54, 0x6f
  .byte 0x6f, 0x6c, 0x53, 0x70, 0x65, 0x63, 0x20, 0x7d, 0x20, 0x66, 0x72, 0x6f, 0x6d, 0x20, 0x22, 0x40
  .byte 0x6f, 0x70, 0x65, 0x6e, 0x75, 0x69, 0x64, 0x65, 0x76, 0x2f, 0x6c, 0x61, 0x6e, 0x67, 0x2d, 0x63
  .byte 0x6f, 0x72, 0x65, 0x22, 0x3b, 0x0a, 0x0a, 0x2f, 0x2f, 0x20, 0xe2, 0x94, 0x80, 0xe2, 0x94, 0x80
  .byte 0x20, 0x54, 0x72, 0x61, 0x6e, 0x73, 0x66, 0x6f, 0x72, 0x6d, 0x65, 0x64, 0x20, 0x47, 0x69, 0x74
  .byte 0x48, 0x75, 0x62, 0x20, 0x64, 0x61, 0x74, 0x61, 0x20, 0x69, 0x6e, 0x74, 0x65, 0x72, 0x66, 0x61
  .byte 0x63, 0x65, 0x73, 0x20, 0xe2, 0x94, 0x80, 0xe2, 0x94, 0x80, 0xe2, 0x94, 0x80, 0xe2, 0x94, 0x80
  .byte 0xe2, 0x94, 0x80, 0xe2, 0x94, 0x80, 0xe2, 0x94, 0x80, 0xe2, 0x94, 0x80, 0xe2, 0x94, 0x80, 0xe2
  .byte 0x94, 0x80, 0xe2, 0x94, 0x80, 0xe2, 0x94, 0x80, 0xe2, 0x94, 0x80, 0xe2, 0x94, 0x80, 0xe2, 0x94
  .byte 0x80, 0xe2, 0x94, 0x80, 0xe2, 0x94, 0x80, 0xe2, 0x94, 0x80, 0xe2, 0x94, 0x80, 0xe2, 0x94, 0x80
  .byte 0xe2, 0x94, 0x80, 0xe2, 0x94, 0x80, 0xe2, 0x94, 0x80, 0xe2, 0x94, 0x80, 0xe2, 0x94, 0x80, 0xe2
  .byte 0x94, 0x80, 0xe2, 0x94, 0x80, 0xe2, 0x94, 0x80, 0xe2, 0x94, 0x80, 0xe2, 0x94, 0x80, 0xe2, 0x94
  .byte 0x80, 0xe2, 0x94, 0x80, 0xe2, 0x94, 0x80, 0xe2, 0x94, 0x80, 0xe2, 0x94, 0x80, 0xe2, 0x94, 0x80
  .byte 0x0a, 0x0a, 0x65, 0x78, 0x70, 0x6f, 0x72, 0x74, 0x20, 0x69, 0x6e, 0x74, 0x65, 0x72, 0x66, 0x61
  .byte 0x63, 0x65, 0x20, 0x47, 0x69, 0x74, 0x48, 0x75, 0x62, 0x50, 0x72, 0x6f, 0x66, 0x69, 0x6c, 0x65
  .byte 0x20, 0x7b, 0x0a, 0x20, 0x20, 0x6c, 0x6f, 0x67, 0x69, 0x6e, 0x3a, 0x20, 0x73, 0x74, 0x72, 0x69
  .byte 0x6e, 0x67, 0x3b, 0x0a, 0x20, 0x20, 0x6e, 0x61, 0x6d, 0x65, 0x3a, 0x20, 0x73, 0x74, 0x72, 0x69
  .byte 0x6e, 0x67, 0x3b, 0x0a, 0x20, 0x20, 0x62, 0x69, 0x6f, 0x3a, 0x20, 0x73, 0x74, 0x72, 0x69, 0x6e
  .byte 0x67, 0x3b, 0x0a, 0x20, 0x20, 0x61, 0x76, 0x61, 0x74, 0x61, 0x72, 0x5f, 0x75, 0x72, 0x6c, 0x3a
  .byte 0x20, 0x73, 0x74, 0x72, 0x69, 0x6e, 0x67, 0x3b, 0x0a, 0x20, 0x20, 0x70, 0x75, 0x62, 0x6c, 0x69
  .byte 0x63, 0x5f, 0x72, 0x65, 0x70, 0x6f, 0x73, 0x3a, 0x20, 0x6e, 0x75, 0x6d, 0x62, 0x65, 0x72, 0x3b
  .byte 0x0a, 0x20, 0x20, 0x66, 0x6f, 0x6c, 0x6c, 0x6f, 0x77, 0x65, 0x72, 0x73, 0x3a, 0x20, 0x6e, 0x75
  .byte 0x6d, 0x62, 0x65, 0x72, 0x3b, 0x0a, 0x20, 0x20, 0x66, 0x6f, 0x6c, 0x6c, 0x6f, 0x77, 0x69, 0x6e
  .byte 0x67, 0x3a, 0x20, 0x6e, 0x75, 0x6d, 0x62, 0x65, 0x72, 0x3b, 0x0a, 0x20, 0x20, 0x63, 0x72, 0x65
  .byte 0x61, 0x74, 0x65, 0x64, 0x5f, 0x61, 0x74, 0x3a, 0x20, 0x73, 0x74, 0x72, 0x69, 0x6e, 0x67, 0x3b
  .byte 0x0a, 0x7d, 0x0a, 0x0a, 0x65, 0x78, 0x70, 0x6f, 0x72, 0x74, 0x20, 0x69, 0x6e, 0x74, 0x65, 0x72
  .byte 0x66, 0x61, 0x63, 0x65, 0x20, 0x52, 0x65, 0x70, 0x6f, 0x52, 0x6f, 0x77, 0x20, 0x7b, 0x0a, 0x20
  .byte 0x20, 0x6e, 0x61, 0x6d, 0x65, 0x3a, 0x20, 0x73, 0x74, 0x72, 0x69, 0x6e, 0x67, 0x3b, 0x0a, 0x20
  .byte 0x20, 0x66, 0x75, 0x6c, 0x6c, 0x5f, 0x6e, 0x61, 0x6d, 0x65, 0x3a, 0x20, 0x73, 0x74, 0x72, 0x69
  .byte 0x6e, 0x67, 0x3b, 0x0a, 0x20, 0x20, 0x64, 0x65, 0x73, 0x63, 0x72, 0x69, 0x70, 0x74, 0x69, 0x6f
  .byte 0x6e, 0x3a, 0x20, 0x73, 0x74, 0x72, 0x69, 0x6e, 0x67, 0x3b, 0x0a, 0x20, 0x20, 0x6c, 0x61, 0x6e
  .byte 0x67, 0x75, 0x61, 0x67, 0x65, 0x3a, 0x20, 0x73, 0x74, 0x72, 0x69, 0x6e, 0x67, 0x3b, 0x0a, 0x20
  .byte 0x20, 0x73, 0x74, 0x61, 0x72, 0x73, 0x3a, 0x20, 0x6e, 0x75, 0x6d, 0x62, 0x65, 0x72, 0x3b, 0x0a
  .byte 0x20, 0x20, 0x66, 0x6f, 0x72, 0x6b, 0x73, 0x3a, 0x20, 0x6e, 0x75, 0x6d, 0x62, 0x65, 0x72, 0x3b
  .byte 0x0a, 0x20, 0x20, 0x73, 0x69, 0x7a, 0x65, 0x3a, 0x20, 0x6e, 0x75, 0x6d, 0x62, 0x65, 0x72, 0x3b
  .byte 0x0a, 0x20, 0x20, 0x6f, 0x70, 0x65, 0x6e, 0x5f, 0x69, 0x73, 0x73, 0x75, 0x65, 0x73, 0x3a, 0x20
  .byte 0x6e, 0x75, 0x6d, 0x62, 0x65, 0x72, 0x3b, 0x0a, 0x20, 0x20, 0x75, 0x70, 0x64, 0x61, 0x74, 0x65
  .byte 0x64, 0x5f, 0x61, 0x74, 0x3a, 0x20, 0x73, 0x74, 0x72, 0x69, 0x6e, 0x67, 0x3b, 0x0a, 0x20, 0x20
  .byte 0x68, 0x74, 0x6d, 0x6c, 0x5f, 0x75, 0x72, 0x6c, 0x3a, 0x20, 0x73, 0x74, 0x72, 0x69, 0x6e, 0x67
  .byte 0x3b, 0x0a, 0x7d, 0x0a, 0x0a, 0x65, 0x78, 0x70, 0x6f, 0x72, 0x74, 0x20, 0x69, 0x6e, 0x74, 0x65
  .byte 0x72, 0x66, 0x61, 0x63, 0x65, 0x20, 0x4c, 0x61, 0x6e, 0x67, 0x75, 0x61, 0x67, 0x65, 0x52, 0x6f
  .byte 0x77, 0x20, 0x7b, 0x0a, 0x20, 0x20, 0x6c, 0x61, 0x6e, 0x67, 0x75, 0x61, 0x67, 0x65, 0x3a, 0x20
  .byte 0x73, 0x74, 0x72, 0x69, 0x6e, 0x67, 0x3b, 0x0a, 0x20, 0x20, 0x62, 0x79, 0x74, 0x65, 0x73, 0x3a
  .byte 0x20, 0x6e, 0x75, 0x6d, 0x62, 0x65, 0x72, 0x3b, 0x0a, 0x20, 0x20, 0x72, 0x65, 0x70, 0x6f, 0x73
  .byte 0x5f, 0x63, 0x6f, 0x75, 0x6e, 0x74, 0x3a, 0x20, 0x6e, 0x75, 0x6d, 0x62, 0x65, 0x72, 0x3b, 0x0a
  .byte 0x7d, 0x0a, 0x0a, 0x65, 0x78, 0x70, 0x6f, 0x72, 0x74, 0x20, 0x69, 0x6e, 0x74, 0x65, 0x72, 0x66
  .byte 0x61, 0x63, 0x65, 0x20, 0x45, 0x76, 0x65, 0x6e, 0x74, 0x52, 0x6f, 0x77, 0x20, 0x7b, 0x0a, 0x20
  .byte 0x20, 0x74, 0x79, 0x70, 0x65, 0x3a, 0x20, 0x73, 0x74, 0x72, 0x69, 0x6e, 0x67, 0x3b, 0x0a, 0x20
  .byte 0x20, 0x72, 0x65, 0x70, 0x6f, 0x3a, 0x20, 0x73, 0x74, 0x72, 0x69, 0x6e, 0x67, 0x3b, 0x0a, 0x20
  .byte 0x20, 0x64, 0x61, 0x74, 0x65, 0x3a, 0x20, 0x73, 0x74, 0x72, 0x69, 0x6e, 0x67, 0x3b, 0x0a, 0x20
  .byte 0x20, 0x63, 0x6f, 0x75, 0x6e, 0x74, 0x3a, 0x20, 0x6e, 0x75, 0x6d, 0x62, 0x65, 0x72, 0x3b, 0x0a
  .byte 0x7d, 0x0a, 0x0a, 0x65, 0x78, 0x70, 0x6f, 0x72, 0x74, 0x20, 0x69, 0x6e, 0x74, 0x65, 0x72, 0x66
  .byte 0x61, 0x63, 0x65, 0x20, 0x43, 0x6f, 0x6d, 0x6d, 0x69, 0x74, 0x57, 0x65, 0x65, 0x6b, 0x20, 0x7b
  .byte 0x0a, 0x20, 0x20, 0x77, 0x65, 0x65, 0x6b, 0x3a, 0x20, 0x73, 0x74, 0x72, 0x69, 0x6e, 0x67, 0x3b
  .byte 0x0a, 0x20, 0x20, 0x74, 0x6f, 0x74, 0x61, 0x6c, 0x3a, 0x20, 0x6e, 0x75, 0x6d, 0x62, 0x65, 0x72
  .byte 0x3b, 0x0a, 0x7d, 0x0a, 0x0a, 0x65, 0x78, 0x70, 0x6f, 0x72, 0x74, 0x20, 0x69, 0x6e, 0x74, 0x65
  .byte 0x72, 0x66, 0x61, 0x63, 0x65, 0x20, 0x53, 0x74, 0x61, 0x72, 0x50, 0x6f, 0x69, 0x6e, 0x74, 0x20
  .byte 0x7b, 0x0a, 0x20, 0x20, 0x73, 0x74, 0x61, 0x72, 0x72, 0x65, 0x64, 0x5f, 0x61, 0x74, 0x3a, 0x20
  .byte 0x73, 0x74, 0x72, 0x69, 0x6e, 0x67, 0x3b, 0x0a, 0x20, 0x20, 0x63, 0x75, 0x6d, 0x75, 0x6c, 0x61
  .byte 0x74, 0x69, 0x76, 0x65, 0x3a, 0x20, 0x6e, 0x75, 0x6d, 0x62, 0x65, 0x72, 0x3b, 0x0a, 0x7d, 0x0a
  .byte 0x0a, 0x65, 0x78, 0x70, 0x6f, 0x72, 0x74, 0x20, 0x69, 0x6e, 0x74, 0x65, 0x72, 0x66, 0x61, 0x63
  .byte 0x65, 0x20, 0x43, 0x6f, 0x6e, 0x74, 0x72, 0x69, 0x62, 0x75, 0x74, 0x6f, 0x72, 0x52, 0x6f, 0x77
  .byte 0x20, 0x7b, 0x0a, 0x20, 0x20, 0x6c, 0x6f, 0x67, 0x69, 0x6e, 0x3a, 0x20, 0x73, 0x74, 0x72, 0x69
  .byte 0x6e, 0x67, 0x3b, 0x0a, 0x20, 0x20, 0x61, 0x76, 0x61, 0x74, 0x61, 0x72, 0x5f, 0x75, 0x72, 0x6c
  .byte 0x3a, 0x20, 0x73, 0x74, 0x72, 0x69, 0x6e, 0x67, 0x3b, 0x0a, 0x20, 0x20, 0x74, 0x6f, 0x74, 0x61
  .byte 0x6c, 0x5f, 0x63, 0x6f, 0x6d, 0x6d, 0x69, 0x74, 0x73, 0x3a, 0x20, 0x6e, 0x75, 0x6d, 0x62, 0x65
  .byte 0x72, 0x3b, 0x0a, 0x7d, 0x0a, 0x0a, 0x65, 0x78, 0x70, 0x6f, 0x72, 0x74, 0x20, 0x69, 0x6e, 0x74
  .byte 0x65, 0x72, 0x66, 0x61, 0x63, 0x65, 0x20, 0x42, 0x6f, 0x6f, 0x6b, 0x6d, 0x61, 0x72, 0x6b, 0x20
  .byte 0x7b, 0x0a, 0x20, 0x20, 0x72, 0x65, 0x70, 0x6f, 0x3a, 0x20, 0x73, 0x74, 0x72, 0x69, 0x6e, 0x67
  .byte 0x3b, 0x0a, 0x20, 0x20, 0x6e, 0x6f, 0x74, 0x65, 0x3a, 0x20, 0x73, 0x74, 0x72, 0x69, 0x6e, 0x67
  .byte 0x3b, 0x0a, 0x20, 0x20, 0x74, 0x61, 0x67, 0x3a, 0x20, 0x73, 0x74, 0x72, 0x69, 0x6e, 0x67, 0x3b
  .byte 0x0a, 0x20, 0x20, 0x63, 0x72, 0x65, 0x61, 0x74, 0x65, 0x64, 0x5f, 0x61, 0x74, 0x3a, 0x20, 0x73
  .byte 0x74, 0x72, 0x69, 0x6e, 0x67, 0x3b, 0x0a, 0x7d, 0x0a, 0x0a, 0x2f, 0x2f, 0x20, 0xe2, 0x94, 0x80
  .byte 0xe2, 0x94, 0x80, 0x20, 0x54, 0x6f, 0x6f, 0x6c, 0x53, 0x70, 0x65, 0x63, 0x20, 0x64, 0x65, 0x66
  .byte 0x69, 0x6e, 0x69, 0x74, 0x69, 0x6f, 0x6e, 0x73, 0x20, 0x66, 0x6f, 0x72, 0x20, 0x73, 0x79, 0x73
  .byte 0x74, 0x65, 0x6d, 0x20, 0x70, 0x72, 0x6f, 0x6d, 0x70, 0x74, 0x20, 0xe2, 0x94, 0x80, 0xe2, 0x94
  .byte 0x80, 0xe2, 0x94, 0x80, 0xe2, 0x94, 0x80, 0xe2, 0x94, 0x80, 0xe2, 0x94, 0x80, 0xe2, 0x94, 0x80
  .byte 0xe2, 0x94, 0x80, 0xe2, 0x94, 0x80, 0xe2, 0x94, 0x80, 0xe2, 0x94, 0x80, 0xe2, 0x94, 0x80, 0xe2
  .byte 0x94, 0x80, 0xe2, 0x94, 0x80, 0xe2, 0x94, 0x80, 0xe2, 0x94, 0x80, 0xe2, 0x94, 0x80, 0xe2, 0x94
  .byte 0x80, 0xe2, 0x94, 0x80, 0xe2, 0x94, 0x80, 0xe2, 0x94, 0x80, 0xe2, 0x94, 0x80, 0xe2, 0x94, 0x80
  .byte 0xe2, 0x94, 0x80, 0xe2, 0x94, 0x80, 0xe2, 0x94, 0x80, 0xe2, 0x94, 0x80, 0xe2, 0x94, 0x80, 0xe2
  .byte 0x94, 0x80, 0xe2, 0x94, 0x80, 0x0a, 0x0a, 0x65, 0x78, 0x70, 0x6f, 0x72, 0x74, 0x20, 0x63, 0x6f
  .byte 0x6e, 0x73, 0x74, 0x20, 0x47, 0x49, 0x54, 0x48, 0x55, 0x42, 0x5f, 0x54, 0x4f, 0x4f, 0x4c, 0x5f
  .byte 0x53, 0x50, 0x45, 0x43, 0x53, 0x3a, 0x20, 0x54, 0x6f, 0x6f, 0x6c, 0x53, 0x70, 0x65, 0x63, 0x5b
  .byte 0x5d, 0x20, 0x3d, 0x20, 0x5b, 0x0a, 0x20, 0x20, 0x7b, 0x0a, 0x20, 0x20, 0x20, 0x20, 0x6e, 0x61
  .byte 0x6d, 0x65, 0x3a, 0x20, 0x22, 0x67, 0x65, 0x74, 0x5f, 0x70, 0x72, 0x6f, 0x66, 0x69, 0x6c, 0x65
  .byte 0x22, 0x2c, 0x0a, 0x20, 0x20, 0x20, 0x20, 0x64, 0x65, 0x73, 0x63, 0x72, 0x69, 0x70, 0x74, 0x69
  .byte 0x6f, 0x6e, 0x3a, 0x0a, 0x20, 0x20, 0x20, 0x20, 0x20, 0x20, 0x22, 0x47, 0x65, 0x74, 0x20, 0x74
  .byte 0x68, 0x65, 0x20, 0x63, 0x6f, 0x6e, 0x6e, 0x65, 0x63, 0x74, 0x65, 0x64, 0x20, 0x47, 0x69, 0x74
  .byte 0x48, 0x75, 0x62, 0x20, 0x75, 0x73, 0x65, 0x72, 0x27, 0x73, 0x20, 0x70, 0x72, 0x6f, 0x66, 0x69
  .byte 0x6c, 0x65, 0x20, 0xe2, 0x80, 0x94, 0x20, 0x6e, 0x61, 0x6d, 0x65, 0x2c, 0x20, 0x62, 0x69, 0x6f
  .byte 0x2c, 0x20, 0x61, 0x76, 0x61, 0x74, 0x61, 0x72, 0x2c, 0x20, 0x66, 0x6f, 0x6c, 0x6c, 0x6f, 0x77
  .byte 0x65, 0x72, 0x2f, 0x66, 0x6f, 0x6c, 0x6c, 0x6f, 0x77, 0x69, 0x6e, 0x67, 0x20, 0x63, 0x6f, 0x75
  .byte 0x6e, 0x74, 0x73, 0x2c, 0x20, 0x70, 0x75, 0x62, 0x6c, 0x69, 0x63, 0x20, 0x72, 0x65, 0x70, 0x6f
  .byte 0x20, 0x63, 0x6f, 0x75, 0x6e, 0x74, 0x2c, 0x20, 0x6a, 0x6f, 0x69, 0x6e, 0x20, 0x64, 0x61, 0x74
  .byte 0x65, 0x22, 0x2c, 0x0a, 0x20, 0x20, 0x20, 0x20, 0x69, 0x6e, 0x70, 0x75, 0x74, 0x53, 0x63, 0x68
  .byte 0x65, 0x6d, 0x61, 0x3a, 0x20, 0x7b, 0x20, 0x74, 0x79, 0x70, 0x65, 0x3a, 0x20, 0x22, 0x6f, 0x62
  .byte 0x6a, 0x65, 0x63, 0x74, 0x22, 0x2c, 0x20, 0x70, 0x72, 0x6f, 0x70, 0x65, 0x72, 0x74, 0x69, 0x65
  .byte 0x73, 0x3a, 0x20, 0x7b, 0x7d, 0x20, 0x7d, 0x2c, 0x0a, 0x20, 0x20, 0x20, 0x20, 0x6f, 0x75, 0x74
  .byte 0x70, 0x75, 0x74, 0x53, 0x63, 0x68, 0x65, 0x6d, 0x61, 0x3a, 0x20, 0x7b, 0x0a, 0x20, 0x20, 0x20
  .byte 0x20, 0x20, 0x20, 0x74, 0x79, 0x70, 0x65, 0x3a, 0x20, 0x22, 0x6f, 0x62, 0x6a, 0x65, 0x63, 0x74
  .byte 0x22, 0x2c, 0x0a, 0x20, 0x20, 0x20, 0x20, 0x20, 0x20, 0x70, 0x72, 0x6f, 0x70, 0x65, 0x72, 0x74
  .byte 0x69, 0x65, 0x73, 0x3a, 0x20, 0x7b, 0x0a, 0x20, 0x20, 0x20, 0x20, 0x20, 0x20, 0x20, 0x20, 0x6c
  .byte 0x6f, 0x67, 0x69, 0x6e, 0x3a, 0x20, 0x7b, 0x20, 0x74, 0x79, 0x70, 0x65, 0x3a, 0x20, 0x22, 0x73
  .byte 0x74, 0x72, 0x69, 0x6e, 0x67, 0x22, 0x20, 0x7d, 0x2c, 0x0a, 0x20, 0x20, 0x20, 0x20, 0x20, 0x20
  .byte 0x20, 0x20, 0x6e, 0x61, 0x6d, 0x65, 0x3a, 0x20, 0x7b, 0x20, 0x74, 0x79, 0x70, 0x65, 0x3a, 0x20
  .byte 0x22, 0x73, 0x74, 0x72, 0x69, 0x6e, 0x67, 0x22, 0x20, 0x7d, 0x2c, 0x0a, 0x20, 0x20, 0x20, 0x20
  .byte 0x20, 0x20, 0x20, 0x20, 0x62, 0x69, 0x6f, 0x3a, 0x20, 0x7b, 0x20, 0x74, 0x79, 0x70, 0x65, 0x3a
  .byte 0x20, 0x22, 0x73, 0x74, 0x72, 0x69, 0x6e, 0x67, 0x22, 0x20, 0x7d, 0x2c, 0x0a, 0x20, 0x20, 0x20
  .byte 0x20, 0x20, 0x20, 0x20, 0x20, 0x61, 0x76, 0x61, 0x74, 0x61, 0x72, 0x5f, 0x75, 0x72, 0x6c, 0x3a
  .byte 0x20, 0x7b, 0x20, 0x74, 0x79, 0x70, 0x65, 0x3a, 0x20, 0x22, 0x73, 0x74, 0x72, 0x69, 0x6e, 0x67
  .byte 0x22, 0x20, 0x7d, 0x2c, 0x0a, 0x20, 0x20, 0x20, 0x20, 0x20, 0x20, 0x20, 0x20, 0x70, 0x75, 0x62
  .byte 0x6c, 0x69, 0x63, 0x5f, 0x72, 0x65, 0x70, 0x6f, 0x73, 0x3a, 0x20, 0x7b, 0x20, 0x74, 0x79, 0x70
  .byte 0x65, 0x3a, 0x20, 0x22, 0x69, 0x6e, 0x74, 0x65, 0x67, 0x65, 0x72, 0x22, 0x20, 0x7d, 0x2c, 0x0a
  .byte 0x20, 0x20, 0x20, 0x20, 0x20, 0x20, 0x20, 0x20, 0x66, 0x6f, 0x6c, 0x6c, 0x6f, 0x77, 0x65, 0x72
  .byte 0x73, 0x3a, 0x20, 0x7b, 0x20, 0x74, 0x79, 0x70, 0x65, 0x3a, 0x20, 0x22, 0x69, 0x6e, 0x74, 0x65
  .byte 0x67, 0x65, 0x72, 0x22, 0x20, 0x7d, 0x2c, 0x0a, 0x20, 0x20, 0x20, 0x20, 0x20, 0x20, 0x20, 0x20
  .byte 0x66, 0x6f, 0x6c, 0x6c, 0x6f, 0x77, 0x69, 0x6e, 0x67, 0x3a, 0x20, 0x7b, 0x20, 0x74, 0x79, 0x70
  .byte 0x65, 0x3a, 0x20, 0x22, 0x69, 0x6e, 0x74, 0x65, 0x67, 0x65, 0x72, 0x22, 0x20, 0x7d, 0x2c, 0x0a
  .byte 0x20, 0x20, 0x20, 0x20, 0x20, 0x20, 0x20, 0x20, 0x63, 0x72, 0x65, 0x61, 0x74, 0x65, 0x64, 0x5f
  .byte 0x61, 0x74, 0x3a, 0x20, 0x7b, 0x20, 0x74, 0x79, 0x70, 0x65, 0x3a, 0x20, 0x22, 0x73, 0x74, 0x72
  .byte 0x69, 0x6e, 0x67, 0x22, 0x20, 0x7d, 0x2c, 0x0a, 0x20, 0x20, 0x20, 0x20, 0x20, 0x20, 0x7d, 0x2c
  .byte 0x0a, 0x20, 0x20, 0x20, 0x20, 0x7d, 0x2c, 0x0a, 0x20, 0x20, 0x20, 0x20, 0x61, 0x6e, 0x6e, 0x6f
  .byte 0x74, 0x61, 0x74, 0x69, 0x6f, 0x6e, 0x73, 0x3a, 0x20, 0x7b, 0x20, 0x72, 0x65, 0x61, 0x64, 0x4f
  .byte 0x6e, 0x6c, 0x79, 0x48, 0x69, 0x6e, 0x74, 0x3a, 0x20, 0x74, 0x72, 0x75, 0x65, 0x20, 0x7d, 0x2c
  .byte 0x0a, 0x20, 0x20, 0x7d, 0x2c, 0x0a, 0x20, 0x20, 0x7b, 0x0a, 0x20, 0x20, 0x20, 0x20, 0x6e, 0x61
  .byte 0x6d, 0x65, 0x3a, 0x20, 0x22, 0x67, 0x65, 0x74, 0x5f, 0x72, 0x65, 0x70, 0x6f, 0x73, 0x22, 0x2c
  .byte 0x0a, 0x20, 0x20, 0x20, 0x20, 0x64, 0x65, 0x73, 0x63, 0x72, 0x69, 0x70, 0x74, 0x69, 0x6f, 0x6e
  .byte 0x3a, 0x0a, 0x20, 0x20, 0x20, 0x20, 0x20, 0x20, 0x22, 0x4c, 0x69, 0x73, 0x74, 0x20, 0x74, 0x68
  .byte 0x65, 0x20, 0x75, 0x73, 0x65, 0x72, 0x27, 0x73, 0x20, 0x70, 0x75, 0x62, 0x6c, 0x69, 0x63, 0x20
  .byte 0x72, 0x65, 0x70, 0x6f, 0x73, 0x69, 0x74, 0x6f, 0x72, 0x69, 0x65, 0x73, 0x20, 0x77, 0x69, 0x74
  .byte 0x68, 0x20, 0x73, 0x74, 0x61, 0x72, 0x73, 0x2c, 0x20, 0x66, 0x6f, 0x72, 0x6b, 0x73, 0x2c, 0x20
  .byte 0x6c, 0x61, 0x6e, 0x67, 0x75, 0x61, 0x67, 0x65, 0x2c, 0x20, 0x73, 0x69, 0x7a, 0x65, 0x2c, 0x20
  .byte 0x6f, 0x70, 0x65, 0x6e, 0x20, 0x69, 0x73, 0x73, 0x75, 0x65, 0x73, 0x2e, 0x20, 0x53, 0x75, 0x70
  .byte 0x70, 0x6f, 0x72, 0x74, 0x73, 0x20, 0x73, 0x6f, 0x72, 0x74, 0x69, 0x6e, 0x67, 0x20, 0x61, 0x6e
  .byte 0x64, 0x20, 0x6c, 0x61, 0x6e, 0x67, 0x75, 0x61, 0x67, 0x65, 0x20, 0x66, 0x69, 0x6c, 0x74, 0x65
  .byte 0x72, 0x69, 0x6e, 0x67, 0x2e, 0x22, 0x2c, 0x0a, 0x20, 0x20, 0x20, 0x20, 0x69, 0x6e, 0x70, 0x75
  .byte 0x74, 0x53, 0x63, 0x68, 0x65, 0x6d, 0x61, 0x3a, 0x20, 0x7b, 0x0a, 0x20, 0x20, 0x20, 0x20, 0x20
  .byte 0x20, 0x74, 0x79, 0x70, 0x65, 0x3a, 0x20, 0x22, 0x6f, 0x62, 0x6a, 0x65, 0x63, 0x74, 0x22, 0x2c
  .byte 0x0a, 0x20, 0x20, 0x20, 0x20, 0x20, 0x20, 0x70, 0x72, 0x6f, 0x70, 0x65, 0x72, 0x74, 0x69, 0x65
  .byte 0x73, 0x3a, 0x20, 0x7b, 0x0a, 0x20, 0x20, 0x20, 0x20, 0x20, 0x20, 0x20, 0x20, 0x73, 0x6f, 0x72
  .byte 0x74, 0x3a, 0x20, 0x7b, 0x0a, 0x20, 0x20, 0x20, 0x20, 0x20, 0x20, 0x20, 0x20, 0x20, 0x20, 0x74
  .byte 0x79, 0x70, 0x65, 0x3a, 0x20, 0x22, 0x73, 0x74, 0x72, 0x69, 0x6e, 0x67, 0x22, 0x2c, 0x0a, 0x20
  .byte 0x20, 0x20, 0x20, 0x20, 0x20, 0x20, 0x20, 0x20, 0x20, 0x65, 0x6e, 0x75, 0x6d, 0x3a, 0x20, 0x5b
  .byte 0x22, 0x73, 0x74, 0x61, 0x72, 0x73, 0x22, 0x2c, 0x20, 0x22, 0x66, 0x6f, 0x72, 0x6b, 0x73, 0x22
  .byte 0x2c, 0x20, 0x22, 0x75, 0x70, 0x64, 0x61, 0x74, 0x65, 0x64, 0x22, 0x2c, 0x20, 0x22, 0x63, 0x72
  .byte 0x65, 0x61, 0x74, 0x65, 0x64, 0x22, 0x5d, 0x2c, 0x0a, 0x20, 0x20, 0x20, 0x20, 0x20, 0x20, 0x20
  .byte 0x20, 0x20, 0x20, 0x64, 0x65, 0x73, 0x63, 0x72, 0x69, 0x70, 0x74, 0x69, 0x6f, 0x6e, 0x3a, 0x20
  .byte 0x22, 0x53, 0x6f, 0x72, 0x74, 0x20, 0x66, 0x69, 0x65, 0x6c, 0x64, 0x20, 0x28, 0x64, 0x65, 0x66
  .byte 0x61, 0x75, 0x6c, 0x74, 0x3a, 0x20, 0x73, 0x74, 0x61, 0x72, 0x73, 0x29, 0x22, 0x2c, 0x0a, 0x20
  .byte 0x20, 0x20, 0x20, 0x20, 0x20, 0x20, 0x20, 0x7d, 0x2c, 0x0a, 0x20, 0x20, 0x20, 0x20, 0x20, 0x20
  .byte 0x20, 0x20, 0x6c, 0x61, 0x6e, 0x67, 0x75, 0x61, 0x67, 0x65, 0x3a, 0x20, 0x7b, 0x0a, 0x20, 0x20
  .byte 0x20, 0x20, 0x20, 0x20, 0x20, 0x20, 0x20, 0x20, 0x74, 0x79, 0x70, 0x65, 0x3a, 0x20, 0x22, 0x73
  .byte 0x74, 0x72, 0x69, 0x6e, 0x67, 0x22, 0x2c, 0x0a, 0x20, 0x20, 0x20, 0x20, 0x20, 0x20, 0x20, 0x20
  .byte 0x20, 0x20, 0x64, 0x65, 0x73, 0x63, 0x72, 0x69, 0x70, 0x74, 0x69, 0x6f, 0x6e, 0x3a, 0x20, 0x22
  .byte 0x46, 0x69, 0x6c, 0x74, 0x65, 0x72, 0x20, 0x62, 0x79, 0x20, 0x70, 0x72, 0x6f, 0x67, 0x72, 0x61
  .byte 0x6d, 0x6d, 0x69, 0x6e, 0x67, 0x20, 0x6c, 0x61, 0x6e, 0x67, 0x75, 0x61, 0x67, 0x65, 0x20, 0x28
  .byte 0x65, 0x2e, 0x67, 0x2e, 0x20, 0x27, 0x54, 0x79, 0x70, 0x65, 0x53, 0x63, 0x72, 0x69, 0x70, 0x74
  .byte 0x27, 0x29, 0x2e, 0x20, 0x4f, 0x6d, 0x69, 0x74, 0x20, 0x6f, 0x72, 0x20, 0x65, 0x6d, 0x70, 0x74
  .byte 0x79, 0x20, 0x66, 0x6f, 0x72, 0x20, 0x61, 0x6c, 0x6c, 0x2e, 0x22, 0x2c, 0x0a, 0x20, 0x20, 0x20
  .byte 0x20, 0x20, 0x20, 0x20, 0x20, 0x7d, 0x2c, 0x0a, 0x20, 0x20, 0x20, 0x20, 0x20, 0x20, 0x7d, 0x2c
  .byte 0x0a, 0x20, 0x20, 0x20, 0x20, 0x7d, 0x2c, 0x0a, 0x20, 0x20, 0x20, 0x20, 0x6f, 0x75, 0x74, 0x70
  .byte 0x75, 0x74, 0x53, 0x63, 0x68, 0x65, 0x6d, 0x61, 0x3a, 0x20, 0x7b, 0x0a, 0x20, 0x20, 0x20, 0x20
  .byte 0x20, 0x20, 0x74, 0x79, 0x70, 0x65, 0x3a, 0x20, 0x22, 0x6f, 0x62, 0x6a, 0x65, 0x63, 0x74, 0x22
  .byte 0x2c, 0x0a, 0x20, 0x20, 0x20, 0x20, 0x20, 0x20, 0x70, 0x72, 0x6f, 0x70, 0x65, 0x72, 0x74, 0x69
  .byte 0x65, 0x73, 0x3a, 0x20, 0x7b, 0x0a, 0x20, 0x20, 0x20, 0x20, 0x20, 0x20, 0x20, 0x20, 0x72, 0x6f
  .byte 0x77, 0x73, 0x3a, 0x20, 0x7b, 0x0a, 0x20, 0x20, 0x20, 0x20, 0x20, 0x20, 0x20, 0x20, 0x20, 0x20
  .byte 0x74, 0x79, 0x70, 0x65, 0x3a, 0x20, 0x22, 0x61, 0x72, 0x72, 0x61, 0x79, 0x22, 0x2c, 0x0a, 0x20
  .byte 0x20, 0x20, 0x20, 0x20, 0x20, 0x20, 0x20, 0x20, 0x20, 0x69, 0x74, 0x65, 0x6d, 0x73, 0x3a, 0x20
  .byte 0x7b, 0x0a, 0x20, 0x20, 0x20, 0x20, 0x20, 0x20, 0x20, 0x20, 0x20, 0x20, 0x20, 0x20, 0x74, 0x79
  .byte 0x70, 0x65, 0x3a, 0x20, 0x22, 0x6f, 0x62, 0x6a, 0x65, 0x63, 0x74, 0x22, 0x2c, 0x0a, 0x20, 0x20
  .byte 0x20, 0x20, 0x20, 0x20, 0x20, 0x20, 0x20, 0x20, 0x20, 0x20, 0x70, 0x72, 0x6f, 0x70, 0x65, 0x72
  .byte 0x74, 0x69, 0x65, 0x73, 0x3a, 0x20, 0x7b, 0x0a, 0x20, 0x20, 0x20, 0x20, 0x20, 0x20, 0x20, 0x20
  .byte 0x20, 0x20, 0x20, 0x20, 0x20, 0x20, 0x6e, 0x61, 0x6d, 0x65, 0x3a, 0x20, 0x7b, 0x20, 0x74, 0x79
  .byte 0x70, 0x65, 0x3a, 0x20, 0x22, 0x73, 0x74, 0x72, 0x69, 0x6e, 0x67, 0x22, 0x20, 0x7d, 0x2c, 0x0a
  .byte 0x20, 0x20, 0x20, 0x20, 0x20, 0x20, 0x20, 0x20, 0x20, 0x20, 0x20, 0x20, 0x20, 0x20, 0x66, 0x75
  .byte 0x6c, 0x6c, 0x5f, 0x6e, 0x61, 0x6d, 0x65, 0x3a, 0x20, 0x7b, 0x20, 0x74, 0x79, 0x70, 0x65, 0x3a
  .byte 0x20, 0x22, 0x73, 0x74, 0x72, 0x69, 0x6e, 0x67, 0x22, 0x20, 0x7d, 0x2c, 0x0a, 0x20, 0x20, 0x20
  .byte 0x20, 0x20, 0x20, 0x20, 0x20, 0x20, 0x20, 0x20, 0x20, 0x20, 0x20, 0x64, 0x65, 0x73, 0x63, 0x72
  .byte 0x69, 0x70, 0x74, 0x69, 0x6f, 0x6e, 0x3a, 0x20, 0x7b, 0x20, 0x74, 0x79, 0x70, 0x65, 0x3a, 0x20
  .byte 0x22, 0x73, 0x74, 0x72, 0x69, 0x6e, 0x67, 0x22, 0x20, 0x7d, 0x2c, 0x0a, 0x20, 0x20, 0x20, 0x20
  .byte 0x20, 0x20, 0x20, 0x20, 0x20, 0x20, 0x20, 0x20, 0x20, 0x20, 0x6c, 0x61, 0x6e, 0x67, 0x75, 0x61
  .byte 0x67, 0x65, 0x3a, 0x20, 0x7b, 0x20, 0x74, 0x79, 0x70, 0x65, 0x3a, 0x20, 0x22, 0x73, 0x74, 0x72
  .byte 0x69, 0x6e, 0x67, 0x22, 0x20, 0x7d, 0x2c, 0x0a, 0x20, 0x20, 0x20, 0x20, 0x20, 0x20, 0x20, 0x20
  .byte 0x20, 0x20, 0x20, 0x20, 0x20, 0x20, 0x73, 0x74, 0x61, 0x72, 0x73, 0x3a, 0x20, 0x7b, 0x20, 0x74
  .byte 0x79, 0x70, 0x65, 0x3a, 0x20, 0x22, 0x69, 0x6e, 0x74, 0x65, 0x67, 0x65, 0x72, 0x22, 0x20, 0x7d
  .byte 0x2c, 0x0a, 0x20, 0x20, 0x20, 0x20, 0x20, 0x20, 0x20, 0x20, 0x20, 0x20, 0x20, 0x20, 0x20, 0x20
  .byte 0x66, 0x6f, 0x72, 0x6b, 0x73, 0x3a, 0x20, 0x7b, 0x20, 0x74, 0x79, 0x70, 0x65, 0x3a, 0x20, 0x22
  .byte 0x69, 0x6e, 0x74, 0x65, 0x67, 0x65, 0x72, 0x22, 0x20, 0x7d, 0x2c, 0x0a, 0x20, 0x20, 0x20, 0x20
  .byte 0x20, 0x20, 0x20, 0x20, 0x20, 0x20, 0x20, 0x20, 0x20, 0x20, 0x73, 0x69, 0x7a, 0x65, 0x3a, 0x20
  .byte 0x7b, 0x20, 0x74, 0x79, 0x70, 0x65, 0x3a, 0x20, 0x22, 0x69, 0x6e, 0x74, 0x65, 0x67, 0x65, 0x72
  .byte 0x22, 0x20, 0x7d, 0x2c, 0x0a, 0x20, 0x20, 0x20, 0x20, 0x20, 0x20, 0x20, 0x20, 0x20, 0x20, 0x20
  .byte 0x20, 0x20, 0x20, 0x6f, 0x70, 0x65, 0x6e, 0x5f, 0x69, 0x73, 0x73, 0x75, 0x65, 0x73, 0x3a, 0x20
  .byte 0x7b, 0x20, 0x74, 0x79, 0x70, 0x65, 0x3a, 0x20, 0x22, 0x69, 0x6e, 0x74, 0x65, 0x67, 0x65, 0x72
  .byte 0x22, 0x20, 0x7d, 0x2c, 0x0a, 0x20, 0x20, 0x20, 0x20, 0x20, 0x20, 0x20, 0x20, 0x20, 0x20, 0x20
  .byte 0x20, 0x20, 0x20, 0x75, 0x70, 0x64, 0x61, 0x74, 0x65, 0x64, 0x5f, 0x61, 0x74, 0x3a, 0x20, 0x7b
  .byte 0x20, 0x74, 0x79, 0x70, 0x65, 0x3a, 0x20, 0x22, 0x73, 0x74, 0x72, 0x69, 0x6e, 0x67, 0x22, 0x20
  .byte 0x7d, 0x2c, 0x0a, 0x20, 0x20, 0x20, 0x20, 0x20, 0x20, 0x20, 0x20, 0x20, 0x20, 0x20, 0x20, 0x20
  .byte 0x20, 0x68, 0x74, 0x6d, 0x6c, 0x5f, 0x75, 0x72, 0x6c, 0x3a, 0x20, 0x7b, 0x20, 0x74, 0x79, 0x70
  .byte 0x65, 0x3a, 0x20, 0x22, 0x73, 0x74, 0x72, 0x69, 0x6e, 0x67, 0x22, 0x20, 0x7d, 0x2c, 0x0a, 0x20
  .byte 0x20, 0x20, 0x20, 0x20, 0x20, 0x20, 0x20, 0x20, 0x20, 0x20, 0x20, 0x7d, 0x2c, 0x0a, 0x20, 0x20
  .byte 0x20, 0x20, 0x20, 0x20, 0x20, 0x20, 0x20, 0x20, 0x7d, 0x2c, 0x0a, 0x20, 0x20, 0x20, 0x20, 0x20
  .byte 0x20, 0x20, 0x20, 0x7d, 0x2c, 0x0a, 0x20, 0x20, 0x20, 0x20, 0x20, 0x20, 0x7d, 0x2c, 0x0a, 0x20
  .byte 0x20, 0x20, 0x20, 0x7d, 0x2c, 0x0a, 0x20, 0x20, 0x20, 0x20, 0x61, 0x6e, 0x6e, 0x6f, 0x74, 0x61
  .byte 0x74, 0x69, 0x6f, 0x6e, 0x73, 0x3a, 0x20, 0x7b, 0x20, 0x72, 0x65, 0x61, 0x64, 0x4f, 0x6e, 0x6c
  .byte 0x79, 0x48, 0x69, 0x6e, 0x74, 0x3a, 0x20, 0x74, 0x72, 0x75, 0x65, 0x20, 0x7d, 0x2c, 0x0a, 0x20
  .byte 0x20, 0x7d, 0x2c, 0x0a, 0x20, 0x20, 0x7b, 0x0a, 0x20, 0x20, 0x20, 0x20, 0x6e, 0x61, 0x6d, 0x65
  .byte 0x3a, 0x20, 0x22, 0x67, 0x65, 0x74, 0x5f, 0x6c, 0x61, 0x6e, 0x67, 0x75, 0x61, 0x67, 0x65, 0x73
  .byte 0x22, 0x2c, 0x0a, 0x20, 0x20, 0x20, 0x20, 0x64, 0x65, 0x73, 0x63, 0x72, 0x69, 0x70, 0x74, 0x69
  .byte 0x6f, 0x6e, 0x3a, 0x0a, 0x20, 0x20, 0x20, 0x20, 0x20, 0x20, 0x22, 0x47, 0x65, 0x74, 0x20, 0x61
  .byte 0x67, 0x67, 0x72, 0x65, 0x67, 0x61, 0x74, 0x65, 0x64, 0x20, 0x6c, 0x61, 0x6e, 0x67, 0x75, 0x61
  .byte 0x67, 0x65, 0x20, 0x62, 0x72, 0x65, 0x61, 0x6b, 0x64, 0x6f, 0x77, 0x6e, 0x20, 0x61, 0x63, 0x72
  .byte 0x6f, 0x73, 0x73, 0x20, 0x61, 0x6c, 0x6c, 0x20, 0x72, 0x65, 0x70, 0x6f, 0x73, 0x20, 0xe2, 0x80
  .byte 0x94, 0x20, 0x6c, 0x61, 0x6e, 0x67, 0x75, 0x61, 0x67, 0x65, 0x20, 0x6e, 0x61, 0x6d, 0x65, 0x2c
  .byte 0x20, 0x62, 0x79, 0x74, 0x65, 0x73, 0x20, 0x6f, 0x66, 0x20, 0x63, 0x6f, 0x64, 0x65, 0x2c, 0x20
  .byte 0x6e, 0x75, 0x6d, 0x62, 0x65, 0x72, 0x20, 0x6f, 0x66, 0x20, 0x72, 0x65, 0x70, 0x6f, 0x73, 0x20
  .byte 0x75, 0x73, 0x69, 0x6e, 0x67, 0x20, 0x69, 0x74, 0x2e, 0x20, 0x53, 0x6f, 0x72, 0x74, 0x65, 0x64
  .byte 0x20, 0x62, 0x79, 0x20, 0x62, 0x79, 0x74, 0x65, 0x73, 0x20, 0x64, 0x65, 0x73, 0x63, 0x65, 0x6e
  .byte 0x64, 0x69, 0x6e, 0x67, 0x2e, 0x22, 0x2c, 0x0a, 0x20, 0x20, 0x20, 0x20, 0x69, 0x6e, 0x70, 0x75
  .byte 0x74, 0x53, 0x63, 0x68, 0x65, 0x6d, 0x61, 0x3a, 0x20, 0x7b, 0x20, 0x74, 0x79, 0x70, 0x65, 0x3a
  .byte 0x20, 0x22, 0x6f, 0x62, 0x6a, 0x65, 0x63, 0x74, 0x22, 0x2c, 0x20, 0x70, 0x72, 0x6f, 0x70, 0x65
  .byte 0x72, 0x74, 0x69, 0x65, 0x73, 0x3a, 0x20, 0x7b, 0x7d, 0x20, 0x7d, 0x2c, 0x0a, 0x20, 0x20, 0x20
  .byte 0x20, 0x6f, 0x75, 0x74, 0x70, 0x75, 0x74, 0x53, 0x63, 0x68, 0x65, 0x6d, 0x61, 0x3a, 0x20, 0x7b
  .byte 0x0a, 0x20, 0x20, 0x20, 0x20, 0x20, 0x20, 0x74, 0x79, 0x70, 0x65, 0x3a, 0x20, 0x22, 0x6f, 0x62
  .byte 0x6a, 0x65, 0x63, 0x74, 0x22, 0x2c, 0x0a, 0x20, 0x20, 0x20, 0x20, 0x20, 0x20, 0x70, 0x72, 0x6f
  .byte 0x70, 0x65, 0x72, 0x74, 0x69, 0x65, 0x73, 0x3a, 0x20, 0x7b, 0x0a, 0x20, 0x20, 0x20, 0x20, 0x20
  .byte 0x20, 0x20, 0x20, 0x72, 0x6f, 0x77, 0x73, 0x3a, 0x20, 0x7b, 0x0a, 0x20, 0x20, 0x20, 0x20, 0x20
  .byte 0x20, 0x20, 0x20, 0x20, 0x20, 0x74, 0x79, 0x70, 0x65, 0x3a, 0x20, 0x22, 0x61, 0x72, 0x72, 0x61
  .byte 0x79, 0x22, 0x2c, 0x0a, 0x20, 0x20, 0x20, 0x20, 0x20, 0x20, 0x20, 0x20, 0x20, 0x20, 0x69, 0x74
  .byte 0x65, 0x6d, 0x73, 0x3a, 0x20, 0x7b, 0x0a, 0x20, 0x20, 0x20, 0x20, 0x20, 0x20, 0x20, 0x20, 0x20
  .byte 0x20, 0x20, 0x20, 0x74, 0x79, 0x70, 0x65, 0x3a, 0x20, 0x22, 0x6f, 0x62, 0x6a, 0x65, 0x63, 0x74
  .byte 0x22, 0x2c, 0x0a, 0x20, 0x20, 0x20, 0x20, 0x20, 0x20, 0x20, 0x20, 0x20, 0x20, 0x20, 0x20, 0x70
  .byte 0x72, 0x6f, 0x70, 0x65, 0x72, 0x74, 0x69, 0x65, 0x73, 0x3a, 0x20, 0x7b, 0x0a, 0x20, 0x20, 0x20
  .byte 0x20, 0x20, 0x20, 0x20, 0x20, 0x20, 0x20, 0x20, 0x20, 0x20, 0x20, 0x6c, 0x61, 0x6e, 0x67, 0x75
  .byte 0x61, 0x67, 0x65, 0x3a, 0x20, 0x7b, 0x20, 0x74, 0x79, 0x70, 0x65, 0x3a, 0x20, 0x22, 0x73, 0x74
  .byte 0x72, 0x69, 0x6e, 0x67, 0x22, 0x20, 0x7d, 0x2c, 0x0a, 0x20, 0x20, 0x20, 0x20, 0x20, 0x20, 0x20
  .byte 0x20, 0x20, 0x20, 0x20, 0x20, 0x20, 0x20, 0x62, 0x79, 0x74, 0x65, 0x73, 0x3a, 0x20, 0x7b, 0x20
  .byte 0x74, 0x79, 0x70, 0x65, 0x3a, 0x20, 0x22, 0x69, 0x6e, 0x74, 0x65, 0x67, 0x65, 0x72, 0x22, 0x20
  .byte 0x7d, 0x2c, 0x0a, 0x20, 0x20, 0x20, 0x20, 0x20, 0x20, 0x20, 0x20, 0x20, 0x20, 0x20, 0x20, 0x20
  .byte 0x20, 0x72, 0x65, 0x70, 0x6f, 0x73, 0x5f, 0x63, 0x6f, 0x75, 0x6e, 0x74, 0x3a, 0x20, 0x7b, 0x20
  .byte 0x74, 0x79, 0x70, 0x65, 0x3a, 0x20, 0x22, 0x69, 0x6e, 0x74, 0x65, 0x67, 0x65, 0x72, 0x22, 0x20
  .byte 0x7d, 0x2c, 0x0a, 0x20, 0x20, 0x20, 0x20, 0x20, 0x20, 0x20, 0x20, 0x20, 0x20, 0x20, 0x20, 0x7d
  .byte 0x2c, 0x0a, 0x20, 0x20, 0x20, 0x20, 0x20, 0x20, 0x20, 0x20, 0x20, 0x20, 0x7d, 0x2c, 0x0a, 0x20
  .byte 0x20, 0x20, 0x20, 0x20, 0x20, 0x20, 0x20, 0x7d, 0x2c, 0x0a, 0x20, 0x20, 0x20, 0x20, 0x20, 0x20
  .byte 0x7d, 0x2c, 0x0a, 0x20, 0x20, 0x20, 0x20, 0x7d, 0x2c, 0x0a, 0x20, 0x20, 0x20, 0x20, 0x61, 0x6e
  .byte 0x6e, 0x6f, 0x74, 0x61, 0x74, 0x69, 0x6f, 0x6e, 0x73, 0x3a, 0x20, 0x7b, 0x20, 0x72, 0x65, 0x61
  .byte 0x64, 0x4f, 0x6e, 0x6c, 0x79, 0x48, 0x69, 0x6e, 0x74, 0x3a, 0x20, 0x74, 0x72, 0x75, 0x65, 0x20
  .byte 0x7d, 0x2c, 0x0a, 0x20, 0x20, 0x7d, 0x2c, 0x0a, 0x20, 0x20, 0x7b, 0x0a, 0x20, 0x20, 0x20, 0x20
  .byte 0x6e, 0x61, 0x6d, 0x65, 0x3a, 0x20, 0x22, 0x67, 0x65, 0x74, 0x5f, 0x65, 0x76, 0x65, 0x6e, 0x74
  .byte 0x73, 0x22, 0x2c, 0x0a, 0x20, 0x20, 0x20, 0x20, 0x64, 0x65, 0x73, 0x63, 0x72, 0x69, 0x70, 0x74
  .byte 0x69, 0x6f, 0x6e, 0x3a, 0x0a, 0x20, 0x20, 0x20, 0x20, 0x20, 0x20, 0x22, 0x47, 0x65, 0x74, 0x20
  .byte 0x74, 0x68, 0x65, 0x20, 0x75, 0x73, 0x65, 0x72, 0x27, 0x73, 0x20, 0x72, 0x65, 0x63, 0x65, 0x6e
  .byte 0x74, 0x20, 0x70, 0x75, 0x62, 0x6c, 0x69, 0x63, 0x20, 0x65, 0x76, 0x65, 0x6e, 0x74, 0x73, 0x20
  .byte 0x28, 0x70, 0x75, 0x73, 0x68, 0x65, 0x73, 0x2c, 0x20, 0x50, 0x52, 0x73, 0x2c, 0x20, 0x69, 0x73
  .byte 0x73, 0x75, 0x65, 0x73, 0x2c, 0x20, 0x72, 0x65, 0x76, 0x69, 0x65, 0x77, 0x73, 0x2c, 0x20, 0x66
  .byte 0x6f, 0x72, 0x6b, 0x73, 0x2c, 0x20, 0x73, 0x74, 0x61, 0x72, 0x73, 0x29, 0x20, 0x66, 0x72, 0x6f
  .byte 0x6d, 0x20, 0x74, 0x68, 0x65, 0x20, 0x6c, 0x61, 0x73, 0x74, 0x20, 0x33, 0x30, 0x20, 0x64, 0x61
  .byte 0x79, 0x73, 0x2e, 0x20, 0x52, 0x65, 0x74, 0x75, 0x72, 0x6e, 0x73, 0x20, 0x65, 0x76, 0x65, 0x6e
  .byte 0x74, 0x20, 0x72, 0x6f, 0x77, 0x73, 0x20, 0x2b, 0x20, 0x73, 0x75, 0x6d, 0x6d, 0x61, 0x72, 0x79
  .byte 0x20, 0x63, 0x6f, 0x75, 0x6e, 0x74, 0x73, 0x2e, 0x22, 0x2c, 0x0a, 0x20, 0x20, 0x20, 0x20, 0x69
  .byte 0x6e, 0x70, 0x75, 0x74, 0x53, 0x63, 0x68, 0x65, 0x6d, 0x61, 0x3a, 0x20, 0x7b, 0x20, 0x74, 0x79
  .byte 0x70, 0x65, 0x3a, 0x20, 0x22, 0x6f, 0x62, 0x6a, 0x65, 0x63, 0x74, 0x22, 0x2c, 0x20, 0x70, 0x72
  .byte 0x6f, 0x70, 0x65, 0x72, 0x74, 0x69, 0x65, 0x73, 0x3a, 0x20, 0x7b, 0x7d, 0x20, 0x7d, 0x2c, 0x0a
  .byte 0x20, 0x20, 0x20, 0x20, 0x6f, 0x75, 0x74, 0x70, 0x75, 0x74, 0x53, 0x63, 0x68, 0x65, 0x6d, 0x61
  .byte 0x3a, 0x20, 0x7b, 0x0a, 0x20, 0x20, 0x20, 0x20, 0x20, 0x20, 0x74, 0x79, 0x70, 0x65, 0x3a, 0x20
  .byte 0x22, 0x6f, 0x62, 0x6a, 0x65, 0x63, 0x74, 0x22, 0x2c, 0x0a, 0x20, 0x20, 0x20, 0x20, 0x20, 0x20
  .byte 0x70, 0x72, 0x6f, 0x70, 0x65, 0x72, 0x74, 0x69, 0x65, 0x73, 0x3a, 0x20, 0x7b, 0x0a, 0x20, 0x20
  .byte 0x20, 0x20, 0x20, 0x20, 0x20, 0x20, 0x72, 0x6f, 0x77, 0x73, 0x3a, 0x20, 0x7b, 0x0a, 0x20, 0x20
  .byte 0x20, 0x20, 0x20, 0x20, 0x20, 0x20, 0x20, 0x20, 0x74, 0x79, 0x70, 0x65, 0x3a, 0x20, 0x22, 0x61
  .byte 0x72, 0x72, 0x61, 0x79, 0x22, 0x2c, 0x0a, 0x20, 0x20, 0x20, 0x20, 0x20, 0x20, 0x20, 0x20, 0x20
  .byte 0x20, 0x69, 0x74, 0x65, 0x6d, 0x73, 0x3a, 0x20, 0x7b, 0x0a, 0x20, 0x20, 0x20, 0x20, 0x20, 0x20
  .byte 0x20, 0x20, 0x20, 0x20, 0x20, 0x20, 0x74, 0x79, 0x70, 0x65, 0x3a, 0x20, 0x22, 0x6f, 0x62, 0x6a
  .byte 0x65, 0x63, 0x74, 0x22, 0x2c, 0x0a, 0x20, 0x20, 0x20, 0x20, 0x20, 0x20, 0x20, 0x20, 0x20, 0x20
  .byte 0x20, 0x20, 0x70, 0x72, 0x6f, 0x70, 0x65, 0x72, 0x74, 0x69, 0x65, 0x73, 0x3a, 0x20, 0x7b, 0x0a
  .byte 0x20, 0x20, 0x20, 0x20, 0x20, 0x20, 0x20, 0x20, 0x20, 0x20, 0x20, 0x20, 0x20, 0x20, 0x74, 0x79
  .byte 0x70, 0x65, 0x3a, 0x20, 0x7b, 0x20, 0x74, 0x79, 0x70, 0x65, 0x3a, 0x20, 0x22, 0x73, 0x74, 0x72
  .byte 0x69, 0x6e, 0x67, 0x22, 0x20, 0x7d, 0x2c, 0x0a, 0x20, 0x20, 0x20, 0x20, 0x20, 0x20, 0x20, 0x20
  .byte 0x20, 0x20, 0x20, 0x20, 0x20, 0x20, 0x72, 0x65, 0x70, 0x6f, 0x3a, 0x20, 0x7b, 0x20, 0x74, 0x79
  .byte 0x70, 0x65, 0x3a, 0x20, 0x22, 0x73, 0x74, 0x72, 0x69, 0x6e, 0x67, 0x22, 0x20, 0x7d, 0x2c, 0x0a
  .byte 0x20, 0x20, 0x20, 0x20, 0x20, 0x20, 0x20, 0x20, 0x20, 0x20, 0x20, 0x20, 0x20, 0x20, 0x64, 0x61
  .byte 0x74, 0x65, 0x3a, 0x20, 0x7b, 0x20, 0x74, 0x79, 0x70, 0x65, 0x3a, 0x20, 0x22, 0x73, 0x74, 0x72
  .byte 0x69, 0x6e, 0x67, 0x22, 0x20, 0x7d, 0x2c, 0x0a, 0x20, 0x20, 0x20, 0x20, 0x20, 0x20, 0x20, 0x20
  .byte 0x20, 0x20, 0x20, 0x20, 0x20, 0x20, 0x63, 0x6f, 0x75, 0x6e, 0x74, 0x3a, 0x20, 0x7b, 0x20, 0x74
  .byte 0x79, 0x70, 0x65, 0x3a, 0x20, 0x22, 0x69, 0x6e, 0x74, 0x65, 0x67, 0x65, 0x72, 0x22, 0x20, 0x7d
  .byte 0x2c, 0x0a, 0x20, 0x20, 0x20, 0x20, 0x20, 0x20, 0x20, 0x20, 0x20, 0x20, 0x20, 0x20, 0x7d, 0x2c
  .byte 0x0a, 0x20, 0x20, 0x20, 0x20, 0x20, 0x20, 0x20, 0x20, 0x20, 0x20, 0x7d, 0x2c, 0x0a, 0x20, 0x20
  .byte 0x20, 0x20, 0x20, 0x20, 0x20, 0x20, 0x7d, 0x2c, 0x0a, 0x20, 0x20, 0x20, 0x20, 0x20, 0x20, 0x20
  .byte 0x20, 0x73, 0x75, 0x6d, 0x6d, 0x61, 0x72, 0x79, 0x3a, 0x20, 0x7b, 0x0a, 0x20, 0x20, 0x20, 0x20
  .byte 0x20, 0x20, 0x20, 0x20, 0x20, 0x20, 0x74, 0x79, 0x70, 0x65, 0x3a, 0x20, 0x22, 0x6f, 0x62, 0x6a
  .byte 0x65, 0x63, 0x74, 0x22, 0x2c, 0x0a, 0x20, 0x20, 0x20, 0x20, 0x20, 0x20, 0x20, 0x20, 0x20, 0x20
  .byte 0x70, 0x72, 0x6f, 0x70, 0x65, 0x72, 0x74, 0x69, 0x65, 0x73, 0x3a, 0x20, 0x7b, 0x0a, 0x20, 0x20
  .byte 0x20, 0x20, 0x20, 0x20, 0x20, 0x20, 0x20, 0x20, 0x20, 0x20, 0x74, 0x6f, 0x74, 0x61, 0x6c, 0x3a
  .byte 0x20, 0x7b, 0x20, 0x74, 0x79, 0x70, 0x65, 0x3a, 0x20, 0x22, 0x69, 0x6e, 0x74, 0x65, 0x67, 0x65
  .byte 0x72, 0x22, 0x20, 0x7d, 0x2c, 0x0a, 0x20, 0x20, 0x20, 0x20, 0x20, 0x20, 0x20, 0x20, 0x20, 0x20
  .byte 0x20, 0x20, 0x70, 0x75, 0x73, 0x68, 0x3a, 0x20, 0x7b, 0x20, 0x74, 0x79, 0x70, 0x65, 0x3a, 0x20
  .byte 0x22, 0x69, 0x6e, 0x74, 0x65, 0x67, 0x65, 0x72, 0x22, 0x20, 0x7d, 0x2c, 0x0a, 0x20, 0x20, 0x20
  .byte 0x20, 0x20, 0x20, 0x20, 0x20, 0x20, 0x20, 0x20, 0x20, 0x70, 0x72, 0x3a, 0x20, 0x7b, 0x20, 0x74
  .byte 0x79, 0x70, 0x65, 0x3a, 0x20, 0x22, 0x69, 0x6e, 0x74, 0x65, 0x67, 0x65, 0x72, 0x22, 0x20, 0x7d
  .byte 0x2c, 0x0a, 0x20, 0x20, 0x20, 0x20, 0x20, 0x20, 0x20, 0x20, 0x20, 0x20, 0x20, 0x20, 0x69, 0x73
  .byte 0x73, 0x75, 0x65, 0x73, 0x3a, 0x20, 0x7b, 0x20, 0x74, 0x79, 0x70, 0x65, 0x3a, 0x20, 0x22, 0x69
  .byte 0x6e, 0x74, 0x65, 0x67, 0x65, 0x72, 0x22, 0x20, 0x7d, 0x2c, 0x0a, 0x20, 0x20, 0x20, 0x20, 0x20
  .byte 0x20, 0x20, 0x20, 0x20, 0x20, 0x20, 0x20, 0x72, 0x65, 0x76, 0x69, 0x65, 0x77, 0x73, 0x3a, 0x20
  .byte 0x7b, 0x20, 0x74, 0x79, 0x70, 0x65, 0x3a, 0x20, 0x22, 0x69, 0x6e, 0x74, 0x65, 0x67, 0x65, 0x72
  .byte 0x22, 0x20, 0x7d, 0x2c, 0x0a, 0x20, 0x20, 0x20, 0x20, 0x20, 0x20, 0x20, 0x20, 0x20, 0x20, 0x7d
  .byte 0x2c, 0x0a, 0x20, 0x20, 0x20, 0x20, 0x20, 0x20, 0x20, 0x20, 0x7d, 0x2c, 0x0a, 0x20, 0x20, 0x20
  .byte 0x20, 0x20, 0x20, 0x7d, 0x2c, 0x0a, 0x20, 0x20, 0x20, 0x20, 0x7d, 0x2c, 0x0a, 0x20, 0x20, 0x20
  .byte 0x20, 0x61, 0x6e, 0x6e, 0x6f, 0x74, 0x61, 0x74, 0x69, 0x6f, 0x6e, 0x73, 0x3a, 0x20, 0x7b, 0x20
  .byte 0x72, 0x65, 0x61, 0x64, 0x4f, 0x6e, 0x6c, 0x79, 0x48, 0x69, 0x6e, 0x74, 0x3a, 0x20, 0x74, 0x72
  .byte 0x75, 0x65, 0x20, 0x7d, 0x2c, 0x0a, 0x20, 0x20, 0x7d, 0x2c, 0x0a, 0x20, 0x20, 0x7b, 0x0a, 0x20
  .byte 0x20, 0x20, 0x20, 0x6e, 0x61, 0x6d, 0x65, 0x3a, 0x20, 0x22, 0x67, 0x65, 0x74, 0x5f, 0x63, 0x6f
  .byte 0x6d, 0x6d, 0x69, 0x74, 0x5f, 0x61, 0x63, 0x74, 0x69, 0x76, 0x69, 0x74, 0x79, 0x22, 0x2c, 0x0a
  .byte 0x20, 0x20, 0x20, 0x20, 0x64, 0x65, 0x73, 0x63, 0x72, 0x69, 0x70, 0x74, 0x69, 0x6f, 0x6e, 0x3a
  .byte 0x20, 0x22, 0x47, 0x65, 0x74, 0x20, 0x77, 0x65, 0x65, 0x6b, 0x6c, 0x79, 0x20, 0x63, 0x6f, 0x6d
  .byte 0x6d, 0x69, 0x74, 0x20, 0x63, 0x6f, 0x75, 0x6e, 0x74, 0x73, 0x20, 0x66, 0x6f, 0x72, 0x20, 0x61
  .byte 0x20, 0x73, 0x70, 0x65, 0x63, 0x69, 0x66, 0x69, 0x63, 0x20, 0x72, 0x65, 0x70, 0x6f, 0x20, 0x6f
  .byte 0x76, 0x65, 0x72, 0x20, 0x74, 0x68, 0x65, 0x20, 0x70, 0x61, 0x73, 0x74, 0x20, 0x79, 0x65, 0x61
  .byte 0x72, 0x20, 0x28, 0x35, 0x32, 0x20, 0x77, 0x65, 0x65, 0x6b, 0x73, 0x29, 0x2e, 0x22, 0x2c, 0x0a
  .byte 0x20, 0x20, 0x20, 0x20, 0x69, 0x6e, 0x70, 0x75, 0x74, 0x53, 0x63, 0x68, 0x65, 0x6d, 0x61, 0x3a
  .byte 0x20, 0x7b, 0x0a, 0x20, 0x20, 0x20, 0x20, 0x20, 0x20, 0x74, 0x79, 0x70, 0x65, 0x3a, 0x20, 0x22
  .byte 0x6f, 0x62, 0x6a, 0x65, 0x63, 0x74, 0x22, 0x2c, 0x0a, 0x20, 0x20, 0x20, 0x20, 0x20, 0x20, 0x70
  .byte 0x72, 0x6f, 0x70, 0x65, 0x72, 0x74, 0x69, 0x65, 0x73, 0x3a, 0x20, 0x7b, 0x0a, 0x20, 0x20, 0x20
  .byte 0x20, 0x20, 0x20, 0x20, 0x20, 0x72, 0x65, 0x70, 0x6f, 0x3a, 0x20, 0x7b, 0x0a, 0x20, 0x20, 0x20
  .byte 0x20, 0x20, 0x20, 0x20, 0x20, 0x20, 0x20, 0x74, 0x79, 0x70, 0x65, 0x3a, 0x20, 0x22, 0x73, 0x74
  .byte 0x72, 0x69, 0x6e, 0x67, 0x22, 0x2c, 0x0a, 0x20, 0x20, 0x20, 0x20, 0x20, 0x20, 0x20, 0x20, 0x20
  .byte 0x20, 0x64, 0x65, 0x73, 0x63, 0x72, 0x69, 0x70, 0x74, 0x69, 0x6f, 0x6e, 0x3a, 0x0a, 0x20, 0x20
  .byte 0x20, 0x20, 0x20, 0x20, 0x20, 0x20, 0x20, 0x20, 0x20, 0x20, 0x27, 0x52, 0x65, 0x70, 0x6f, 0x73
  .byte 0x69, 0x74, 0x6f, 0x72, 0x79, 0x20, 0x6e, 0x61, 0x6d, 0x65, 0x20, 0x28, 0x6a, 0x75, 0x73, 0x74
  .byte 0x20, 0x74, 0x68, 0x65, 0x20, 0x6e, 0x61, 0x6d, 0x65, 0x2c, 0x20, 0x6e, 0x6f, 0x74, 0x20, 0x66
  .byte 0x75, 0x6c, 0x6c, 0x20, 0x70, 0x61, 0x74, 0x68, 0x20, 0xe2, 0x80, 0x94, 0x20, 0x65, 0x2e, 0x67
  .byte 0x2e, 0x20, 0x22, 0x6c, 0x69, 0x6e, 0x75, 0x78, 0x22, 0x20, 0x6e, 0x6f, 0x74, 0x20, 0x22, 0x74
  .byte 0x6f, 0x72, 0x76, 0x61, 0x6c, 0x64, 0x73, 0x2f, 0x6c, 0x69, 0x6e, 0x75, 0x78, 0x22, 0x29, 0x27
  .byte 0x2c, 0x0a, 0x20, 0x20, 0x20, 0x20, 0x20, 0x20, 0x20, 0x20, 0x7d, 0x2c, 0x0a, 0x20, 0x20, 0x20
  .byte 0x20, 0x20, 0x20, 0x7d, 0x2c, 0x0a, 0x20, 0x20, 0x20, 0x20, 0x20, 0x20, 0x72, 0x65, 0x71, 0x75
  .byte 0x69, 0x72, 0x65, 0x64, 0x3a, 0x20, 0x5b, 0x22, 0x72, 0x65, 0x70, 0x6f, 0x22, 0x5d, 0x2c, 0x0a
  .byte 0x20, 0x20, 0x20, 0x20, 0x7d, 0x2c, 0x0a, 0x20, 0x20, 0x20, 0x20, 0x6f, 0x75, 0x74, 0x70, 0x75
  .byte 0x74, 0x53, 0x63, 0x68, 0x65, 0x6d, 0x61, 0x3a, 0x20, 0x7b, 0x0a, 0x20, 0x20, 0x20, 0x20, 0x20
  .byte 0x20, 0x74, 0x79, 0x70, 0x65, 0x3a, 0x20, 0x22, 0x6f, 0x62, 0x6a, 0x65, 0x63, 0x74, 0x22, 0x2c
  .byte 0x0a, 0x20, 0x20, 0x20, 0x20, 0x20, 0x20, 0x70, 0x72, 0x6f, 0x70, 0x65, 0x72, 0x74, 0x69, 0x65
  .byte 0x73, 0x3a, 0x20, 0x7b, 0x0a, 0x20, 0x20, 0x20, 0x20, 0x20, 0x20, 0x20, 0x20, 0x72, 0x6f, 0x77
  .byte 0x73, 0x3a, 0x20, 0x7b, 0x0a, 0x20, 0x20, 0x20, 0x20, 0x20, 0x20, 0x20, 0x20, 0x20, 0x20, 0x74
  .byte 0x79, 0x70, 0x65, 0x3a, 0x20, 0x22, 0x61, 0x72, 0x72, 0x61, 0x79, 0x22, 0x2c, 0x0a, 0x20, 0x20
  .byte 0x20, 0x20, 0x20, 0x20, 0x20, 0x20, 0x20, 0x20, 0x69, 0x74, 0x65, 0x6d, 0x73, 0x3a, 0x20, 0x7b
  .byte 0x0a, 0x20, 0x20, 0x20, 0x20, 0x20, 0x20, 0x20, 0x20, 0x20, 0x20, 0x20, 0x20, 0x74, 0x79, 0x70
  .byte 0x65, 0x3a, 0x20, 0x22, 0x6f, 0x62, 0x6a, 0x65, 0x63, 0x74, 0x22, 0x2c, 0x0a, 0x20, 0x20, 0x20
  .byte 0x20, 0x20, 0x20, 0x20, 0x20, 0x20, 0x20, 0x20, 0x20, 0x70, 0x72, 0x6f, 0x70, 0x65, 0x72, 0x74
  .byte 0x69, 0x65, 0x73, 0x3a, 0x20, 0x7b, 0x0a, 0x20, 0x20, 0x20, 0x20, 0x20, 0x20, 0x20, 0x20, 0x20
  .byte 0x20, 0x20, 0x20, 0x20, 0x20, 0x77, 0x65, 0x65, 0x6b, 0x3a, 0x20, 0x7b, 0x20, 0x74, 0x79, 0x70
  .byte 0x65, 0x3a, 0x20, 0x22, 0x73, 0x74, 0x72, 0x69, 0x6e, 0x67, 0x22, 0x20, 0x7d, 0x2c, 0x0a, 0x20
  .byte 0x20, 0x20, 0x20, 0x20, 0x20, 0x20, 0x20, 0x20, 0x20, 0x20, 0x20, 0x20, 0x20, 0x74, 0x6f, 0x74
  .byte 0x61, 0x6c, 0x3a, 0x20, 0x7b, 0x20, 0x74, 0x79, 0x70, 0x65, 0x3a, 0x20, 0x22, 0x69, 0x6e, 0x74
  .byte 0x65, 0x67, 0x65, 0x72, 0x22, 0x20, 0x7d, 0x2c, 0x0a, 0x20, 0x20, 0x20, 0x20, 0x20, 0x20, 0x20
  .byte 0x20, 0x20, 0x20, 0x20, 0x20, 0x7d, 0x2c, 0x0a, 0x20, 0x20, 0x20, 0x20, 0x20, 0x20, 0x20, 0x20
  .byte 0x20, 0x20, 0x7d, 0x2c, 0x0a, 0x20, 0x20, 0x20, 0x20, 0x20, 0x20, 0x20, 0x20, 0x7d, 0x2c, 0x0a
  .byte 0x20, 0x20, 0x20, 0x20, 0x20, 0x20, 0x7d, 0x2c, 0x0a, 0x20, 0x20, 0x20, 0x20, 0x7d, 0x2c, 0x0a
  .byte 0x20, 0x20, 0x20, 0x20, 0x61, 0x6e, 0x6e, 0x6f, 0x74, 0x61, 0x74, 0x69, 0x6f, 0x6e, 0x73, 0x3a
  .byte 0x20, 0x7b, 0x20, 0x72, 0x65, 0x61, 0x64, 0x4f, 0x6e, 0x6c, 0x79, 0x48, 0x69, 0x6e, 0x74, 0x3a
  .byte 0x20, 0x74, 0x72, 0x75, 0x65, 0x20, 0x7d, 0x2c, 0x0a, 0x20, 0x20, 0x7d, 0x2c, 0x0a, 0x20, 0x20
  .byte 0x7b, 0x0a, 0x20, 0x20, 0x20, 0x20, 0x6e, 0x61, 0x6d, 0x65, 0x3a, 0x20, 0x22, 0x67, 0x65, 0x74
  .byte 0x5f, 0x73, 0x74, 0x61, 0x72, 0x5f, 0x68, 0x69, 0x73, 0x74, 0x6f, 0x72, 0x79, 0x22, 0x2c, 0x0a
  .byte 0x20, 0x20, 0x20, 0x20, 0x64, 0x65, 0x73, 0x63, 0x72, 0x69, 0x70, 0x74, 0x69, 0x6f, 0x6e, 0x3a
  .byte 0x0a, 0x20, 0x20, 0x20, 0x20, 0x20, 0x20, 0x22, 0x47, 0x65, 0x74, 0x20, 0x73, 0x74, 0x61, 0x72
  .byte 0x20, 0x68, 0x69, 0x73, 0x74, 0x6f, 0x72, 0x79, 0x20, 0x66, 0x6f, 0x72, 0x20, 0x61, 0x20, 0x72
  .byte 0x65, 0x70, 0x6f, 0x20, 0xe2, 0x80, 0x94, 0x20, 0x77, 0x68, 0x6f, 0x20, 0x73, 0x74, 0x61, 0x72
  .byte 0x72, 0x65, 0x64, 0x20, 0x69, 0x74, 0x20, 0x61, 0x6e, 0x64, 0x20, 0x77, 0x68, 0x65, 0x6e, 0x2c
  .byte 0x20, 0x77, 0x69, 0x74, 0x68, 0x20, 0x63, 0x75, 0x6d, 0x75, 0x6c, 0x61, 0x74, 0x69, 0x76, 0x65
  .byte 0x20, 0x63, 0x6f, 0x75, 0x6e, 0x74, 0x20, 0x66, 0x6f, 0x72, 0x20, 0x63, 0x68, 0x61, 0x72, 0x74
  .byte 0x69, 0x6e, 0x67, 0x2e, 0x22, 0x2c, 0x0a, 0x20, 0x20, 0x20, 0x20, 0x69, 0x6e, 0x70, 0x75, 0x74
  .byte 0x53, 0x63, 0x68, 0x65, 0x6d, 0x61, 0x3a, 0x20, 0x7b, 0x0a, 0x20, 0x20, 0x20, 0x20, 0x20, 0x20
  .byte 0x74, 0x79, 0x70, 0x65, 0x3a, 0x20, 0x22, 0x6f, 0x62, 0x6a, 0x65, 0x63, 0x74, 0x22, 0x2c, 0x0a
  .byte 0x20, 0x20, 0x20, 0x20, 0x20, 0x20, 0x70, 0x72, 0x6f, 0x70, 0x65, 0x72, 0x74, 0x69, 0x65, 0x73
  .byte 0x3a, 0x20, 0x7b, 0x0a, 0x20, 0x20, 0x20, 0x20, 0x20, 0x20, 0x20, 0x20, 0x72, 0x65, 0x70, 0x6f
  .byte 0x3a, 0x20, 0x7b, 0x0a, 0x20, 0x20, 0x20, 0x20, 0x20, 0x20, 0x20, 0x20, 0x20, 0x20, 0x74, 0x79
  .byte 0x70, 0x65, 0x3a, 0x20, 0x22, 0x73, 0x74, 0x72, 0x69, 0x6e, 0x67, 0x22, 0x2c, 0x0a, 0x20, 0x20
  .byte 0x20, 0x20, 0x20, 0x20, 0x20, 0x20, 0x20, 0x20, 0x64, 0x65, 0x73, 0x63, 0x72, 0x69, 0x70, 0x74
  .byte 0x69, 0x6f, 0x6e, 0x3a, 0x20, 0x22, 0x52, 0x65, 0x70, 0x6f, 0x73, 0x69, 0x74, 0x6f, 0x72, 0x79
  .byte 0x20, 0x6e, 0x61, 0x6d, 0x65, 0x20, 0x28, 0x65, 0x2e, 0x67, 0x2e, 0x20, 0x27, 0x6c, 0x69, 0x6e
  .byte 0x75, 0x78, 0x27, 0x29, 0x22, 0x2c, 0x0a, 0x20, 0x20, 0x20, 0x20, 0x20, 0x20, 0x20, 0x20, 0x7d
  .byte 0x2c, 0x0a, 0x20, 0x20, 0x20, 0x20, 0x20, 0x20, 0x7d, 0x2c, 0x0a, 0x20, 0x20, 0x20, 0x20, 0x20
  .byte 0x20, 0x72, 0x65, 0x71, 0x75, 0x69, 0x72, 0x65, 0x64, 0x3a, 0x20, 0x5b, 0x22, 0x72, 0x65, 0x70
  .byte 0x6f, 0x22, 0x5d, 0x2c, 0x0a, 0x20, 0x20, 0x20, 0x20, 0x7d, 0x2c, 0x0a, 0x20, 0x20, 0x20, 0x20
  .byte 0x6f, 0x75, 0x74, 0x70, 0x75, 0x74, 0x53, 0x63, 0x68, 0x65, 0x6d, 0x61, 0x3a, 0x20, 0x7b, 0x0a
  .byte 0x20, 0x20, 0x20, 0x20, 0x20, 0x20, 0x74, 0x79, 0x70, 0x65, 0x3a, 0x20, 0x22, 0x6f, 0x62, 0x6a
  .byte 0x65, 0x63, 0x74, 0x22, 0x2c, 0x0a, 0x20, 0x20, 0x20, 0x20, 0x20, 0x20, 0x70, 0x72, 0x6f, 0x70
  .byte 0x65, 0x72, 0x74, 0x69, 0x65, 0x73, 0x3a, 0x20, 0x7b, 0x0a, 0x20, 0x20, 0x20, 0x20, 0x20, 0x20
  .byte 0x20, 0x20, 0x72, 0x6f, 0x77, 0x73, 0x3a, 0x20, 0x7b, 0x0a, 0x20, 0x20, 0x20, 0x20, 0x20, 0x20
  .byte 0x20, 0x20, 0x20, 0x20, 0x74, 0x79, 0x70, 0x65, 0x3a, 0x20, 0x22, 0x61, 0x72, 0x72, 0x61, 0x79
  .byte 0x22, 0x2c, 0x0a, 0x20, 0x20, 0x20, 0x20, 0x20, 0x20, 0x20, 0x20, 0x20, 0x20, 0x69, 0x74, 0x65
  .byte 0x6d, 0x73, 0x3a, 0x20, 0x7b, 0x0a, 0x20, 0x20, 0x20, 0x20, 0x20, 0x20, 0x20, 0x20, 0x20, 0x20
  .byte 0x20, 0x20, 0x74, 0x79, 0x70, 0x65, 0x3a, 0x20, 0x22, 0x6f, 0x62, 0x6a, 0x65, 0x63, 0x74, 0x22
  .byte 0x2c, 0x0a, 0x20, 0x20, 0x20, 0x20, 0x20, 0x20, 0x20, 0x20, 0x20, 0x20, 0x20, 0x20, 0x70, 0x72
  .byte 0x6f, 0x70, 0x65, 0x72, 0x74, 0x69, 0x65, 0x73, 0x3a, 0x20, 0x7b, 0x0a, 0x20, 0x20, 0x20, 0x20
  .byte 0x20, 0x20, 0x20, 0x20, 0x20, 0x20, 0x20, 0x20, 0x20, 0x20, 0x73, 0x74, 0x61, 0x72, 0x72, 0x65
  .byte 0x64, 0x5f, 0x61, 0x74, 0x3a, 0x20, 0x7b, 0x20, 0x74, 0x79, 0x70, 0x65, 0x3a, 0x20, 0x22, 0x73
  .byte 0x74, 0x72, 0x69, 0x6e, 0x67, 0x22, 0x20, 0x7d, 0x2c, 0x0a, 0x20, 0x20, 0x20, 0x20, 0x20, 0x20
  .byte 0x20, 0x20, 0x20, 0x20, 0x20, 0x20, 0x20, 0x20, 0x63, 0x75, 0x6d, 0x75, 0x6c, 0x61, 0x74, 0x69
  .byte 0x76, 0x65, 0x3a, 0x20, 0x7b, 0x20, 0x74, 0x79, 0x70, 0x65, 0x3a, 0x20, 0x22, 0x69, 0x6e, 0x74
  .byte 0x65, 0x67, 0x65, 0x72, 0x22, 0x20, 0x7d, 0x2c, 0x0a, 0x20, 0x20, 0x20, 0x20, 0x20, 0x20, 0x20
  .byte 0x20, 0x20, 0x20, 0x20, 0x20, 0x7d, 0x2c, 0x0a, 0x20, 0x20, 0x20, 0x20, 0x20, 0x20, 0x20, 0x20
  .byte 0x20, 0x20, 0x7d, 0x2c, 0x0a, 0x20, 0x20, 0x20, 0x20, 0x20, 0x20, 0x20, 0x20, 0x7d, 0x2c, 0x0a
  .byte 0x20, 0x20, 0x20, 0x20, 0x20, 0x20, 0x7d, 0x2c, 0x0a, 0x20, 0x20, 0x20, 0x20, 0x7d, 0x2c, 0x0a
  .byte 0x20, 0x20, 0x20, 0x20, 0x61, 0x6e, 0x6e, 0x6f, 0x74, 0x61, 0x74, 0x69, 0x6f, 0x6e, 0x73, 0x3a
  .byte 0x20, 0x7b, 0x20, 0x72, 0x65, 0x61, 0x64, 0x4f, 0x6e, 0x6c, 0x79, 0x48, 0x69, 0x6e, 0x74, 0x3a
  .byte 0x20, 0x74, 0x72, 0x75, 0x65, 0x20, 0x7d, 0x2c, 0x0a, 0x20, 0x20, 0x7d, 0x2c, 0x0a, 0x20, 0x20
  .byte 0x7b, 0x0a, 0x20, 0x20, 0x20, 0x20, 0x6e, 0x61, 0x6d, 0x65, 0x3a, 0x20, 0x22, 0x67, 0x65, 0x74
  .byte 0x5f, 0x63, 0x6f, 0x6e, 0x74, 0x72, 0x69, 0x62, 0x75, 0x74, 0x6f, 0x72, 0x73, 0x22, 0x2c, 0x0a
  .byte 0x20, 0x20, 0x20, 0x20, 0x64, 0x65, 0x73, 0x63, 0x72, 0x69, 0x70, 0x74, 0x69, 0x6f, 0x6e, 0x3a
  .byte 0x20, 0x22, 0x47, 0x65, 0x74, 0x20, 0x63, 0x6f, 0x6e, 0x74, 0x72, 0x69, 0x62, 0x75, 0x74, 0x6f
  .byte 0x72, 0x20, 0x73, 0x74, 0x61, 0x74, 0x73, 0x20, 0x66, 0x6f, 0x72, 0x20, 0x61, 0x20, 0x72, 0x65
  .byte 0x70, 0x6f, 0x20, 0xe2, 0x80, 0x94, 0x20, 0x6c, 0x6f, 0x67, 0x69, 0x6e, 0x2c, 0x20, 0x61, 0x76
  .byte 0x61, 0x74, 0x61, 0x72, 0x2c, 0x20, 0x74, 0x6f, 0x74, 0x61, 0x6c, 0x20, 0x63, 0x6f, 0x6d, 0x6d
  .byte 0x69, 0x74, 0x73, 0x2e, 0x22, 0x2c, 0x0a, 0x20, 0x20, 0x20, 0x20, 0x69, 0x6e, 0x70, 0x75, 0x74
  .byte 0x53, 0x63, 0x68, 0x65, 0x6d, 0x61, 0x3a, 0x20, 0x7b, 0x0a, 0x20, 0x20, 0x20, 0x20, 0x20, 0x20
  .byte 0x74, 0x79, 0x70, 0x65, 0x3a, 0x20, 0x22, 0x6f, 0x62, 0x6a, 0x65, 0x63, 0x74, 0x22, 0x2c, 0x0a
  .byte 0x20, 0x20, 0x20, 0x20, 0x20, 0x20, 0x70, 0x72, 0x6f, 0x70, 0x65, 0x72, 0x74, 0x69, 0x65, 0x73
  .byte 0x3a, 0x20, 0x7b, 0x0a, 0x20, 0x20, 0x20, 0x20, 0x20, 0x20, 0x20, 0x20, 0x72, 0x65, 0x70, 0x6f
  .byte 0x3a, 0x20, 0x7b, 0x0a, 0x20, 0x20, 0x20, 0x20, 0x20, 0x20, 0x20, 0x20, 0x20, 0x20, 0x74, 0x79
  .byte 0x70, 0x65, 0x3a, 0x20, 0x22, 0x73, 0x74, 0x72, 0x69, 0x6e, 0x67, 0x22, 0x2c, 0x0a, 0x20, 0x20
  .byte 0x20, 0x20, 0x20, 0x20, 0x20, 0x20, 0x20, 0x20, 0x64, 0x65, 0x73, 0x63, 0x72, 0x69, 0x70, 0x74
  .byte 0x69, 0x6f, 0x6e, 0x3a, 0x20, 0x22, 0x52, 0x65, 0x70, 0x6f, 0x73, 0x69, 0x74, 0x6f, 0x72, 0x79
  .byte 0x20, 0x6e, 0x61, 0x6d, 0x65, 0x20, 0x28, 0x65, 0x2e, 0x67, 0x2e, 0x20, 0x27, 0x6c, 0x69, 0x6e
  .byte 0x75, 0x78, 0x27, 0x29, 0x22, 0x2c, 0x0a, 0x20, 0x20, 0x20, 0x20, 0x20, 0x20, 0x20, 0x20, 0x7d
  .byte 0x2c, 0x0a, 0x20, 0x20, 0x20, 0x20, 0x20, 0x20, 0x7d, 0x2c, 0x0a, 0x20, 0x20, 0x20, 0x20, 0x20
  .byte 0x20, 0x72, 0x65, 0x71, 0x75, 0x69, 0x72, 0x65, 0x64, 0x3a, 0x20, 0x5b, 0x22, 0x72, 0x65, 0x70
  .byte 0x6f, 0x22, 0x5d, 0x2c, 0x0a, 0x20, 0x20, 0x20, 0x20, 0x7d, 0x2c, 0x0a, 0x20, 0x20, 0x20, 0x20
  .byte 0x6f, 0x75, 0x74, 0x70, 0x75, 0x74, 0x53, 0x63, 0x68, 0x65, 0x6d, 0x61, 0x3a, 0x20, 0x7b, 0x0a
  .byte 0x20, 0x20, 0x20, 0x20, 0x20, 0x20, 0x74, 0x79, 0x70, 0x65, 0x3a, 0x20, 0x22, 0x6f, 0x62, 0x6a
  .byte 0x65, 0x63, 0x74, 0x22, 0x2c, 0x0a, 0x20, 0x20, 0x20, 0x20, 0x20, 0x20, 0x70, 0x72, 0x6f, 0x70
  .byte 0x65, 0x72, 0x74, 0x69, 0x65, 0x73, 0x3a, 0x20, 0x7b, 0x0a, 0x20, 0x20, 0x20, 0x20, 0x20, 0x20
  .byte 0x20, 0x20, 0x72, 0x6f, 0x77, 0x73, 0x3a, 0x20, 0x7b, 0x0a, 0x20, 0x20, 0x20, 0x20, 0x20, 0x20
  .byte 0x20, 0x20, 0x20, 0x20, 0x74, 0x79, 0x70, 0x65, 0x3a, 0x20, 0x22, 0x61, 0x72, 0x72, 0x61, 0x79
  .byte 0x22, 0x2c, 0x0a, 0x20, 0x20, 0x20, 0x20, 0x20, 0x20, 0x20, 0x20, 0x20, 0x20, 0x69, 0x74, 0x65
  .byte 0x6d, 0x73, 0x3a, 0x20, 0x7b, 0x0a, 0x20, 0x20, 0x20, 0x20, 0x20, 0x20, 0x20, 0x20, 0x20, 0x20
  .byte 0x20, 0x20, 0x74, 0x79, 0x70, 0x65, 0x3a, 0x20, 0x22, 0x6f, 0x62, 0x6a, 0x65, 0x63, 0x74, 0x22
  .byte 0x2c, 0x0a, 0x20, 0x20, 0x20, 0x20, 0x20, 0x20, 0x20, 0x20, 0x20, 0x20, 0x20, 0x20, 0x70, 0x72
  .byte 0x6f, 0x70, 0x65, 0x72, 0x74, 0x69, 0x65, 0x73, 0x3a, 0x20, 0x7b, 0x0a, 0x20, 0x20, 0x20, 0x20
  .byte 0x20, 0x20, 0x20, 0x20, 0x20, 0x20, 0x20, 0x20, 0x20, 0x20, 0x6c, 0x6f, 0x67, 0x69, 0x6e, 0x3a
  .byte 0x20, 0x7b, 0x20, 0x74, 0x79, 0x70, 0x65, 0x3a, 0x20, 0x22, 0x73, 0x74, 0x72, 0x69, 0x6e, 0x67
  .byte 0x22, 0x20, 0x7d, 0x2c, 0x0a, 0x20, 0x20, 0x20, 0x20, 0x20, 0x20, 0x20, 0x20, 0x20, 0x20, 0x20
  .byte 0x20, 0x20, 0x20, 0x61, 0x76, 0x61, 0x74, 0x61, 0x72, 0x5f, 0x75, 0x72, 0x6c, 0x3a, 0x20, 0x7b
  .byte 0x20, 0x74, 0x79, 0x70, 0x65, 0x3a, 0x20, 0x22, 0x73, 0x74, 0x72, 0x69, 0x6e, 0x67, 0x22, 0x20
  .byte 0x7d, 0x2c, 0x0a, 0x20, 0x20, 0x20, 0x20, 0x20, 0x20, 0x20, 0x20, 0x20, 0x20, 0x20, 0x20, 0x20
  .byte 0x20, 0x74, 0x6f, 0x74, 0x61, 0x6c, 0x5f, 0x63, 0x6f, 0x6d, 0x6d, 0x69, 0x74, 0x73, 0x3a, 0x20
  .byte 0x7b, 0x20, 0x74, 0x79, 0x70, 0x65, 0x3a, 0x20, 0x22, 0x69, 0x6e, 0x74, 0x65, 0x67, 0x65, 0x72
  .byte 0x22, 0x20, 0x7d, 0x2c, 0x0a, 0x20, 0x20, 0x20, 0x20, 0x20, 0x20, 0x20, 0x20, 0x20, 0x20, 0x20
  .byte 0x20, 0x7d, 0x2c, 0x0a, 0x20, 0x20, 0x20, 0x20, 0x20, 0x20, 0x20, 0x20, 0x20, 0x20, 0x7d, 0x2c
  .byte 0x0a, 0x20, 0x20, 0x20, 0x20, 0x20, 0x20, 0x20, 0x20, 0x7d, 0x2c, 0x0a, 0x20, 0x20, 0x20, 0x20
  .byte 0x20, 0x20, 0x7d, 0x2c, 0x0a, 0x20, 0x20, 0x20, 0x20, 0x7d, 0x2c, 0x0a, 0x20, 0x20, 0x20, 0x20
  .byte 0x61, 0x6e, 0x6e, 0x6f, 0x74, 0x61, 0x74, 0x69, 0x6f, 0x6e, 0x73, 0x3a, 0x20, 0x7b, 0x20, 0x72
  .byte 0x65, 0x61, 0x64, 0x4f, 0x6e, 0x6c, 0x79, 0x48, 0x69, 0x6e, 0x74, 0x3a, 0x20, 0x74, 0x72, 0x75
  .byte 0x65, 0x20, 0x7d, 0x2c, 0x0a, 0x20, 0x20, 0x7d, 0x2c, 0x0a, 0x20, 0x20, 0x7b, 0x0a, 0x20, 0x20
  .byte 0x20, 0x20, 0x6e, 0x61, 0x6d, 0x65, 0x3a, 0x20, 0x22, 0x73, 0x61, 0x76, 0x65, 0x5f, 0x62, 0x6f
  .byte 0x6f, 0x6b, 0x6d, 0x61, 0x72, 0x6b, 0x22, 0x2c, 0x0a, 0x20, 0x20, 0x20, 0x20, 0x64, 0x65, 0x73
  .byte 0x63, 0x72, 0x69, 0x70, 0x74, 0x69, 0x6f, 0x6e, 0x3a, 0x0a, 0x20, 0x20, 0x20, 0x20, 0x20, 0x20
  .byte 0x22, 0x53, 0x61, 0x76, 0x65, 0x20, 0x61, 0x20, 0x72, 0x65, 0x70, 0x6f, 0x73, 0x69, 0x74, 0x6f
  .byte 0x72, 0x79, 0x20, 0x62, 0x6f, 0x6f, 0x6b, 0x6d, 0x61, 0x72, 0x6b, 0x20, 0x77, 0x69, 0x74, 0x68
  .byte 0x20, 0x61, 0x20, 0x6e, 0x6f, 0x74, 0x65, 0x20, 0x61, 0x6e, 0x64, 0x20, 0x74, 0x61, 0x67, 0x2e
  .byte 0x20, 0x55, 0x70, 0x73, 0x65, 0x72, 0x74, 0x73, 0x20, 0xe2, 0x80, 0x94, 0x20, 0x73, 0x61, 0x76
  .byte 0x69, 0x6e, 0x67, 0x20, 0x74, 0x68, 0x65, 0x20, 0x73, 0x61, 0x6d, 0x65, 0x20, 0x72, 0x65, 0x70
  .byte 0x6f, 0x20, 0x75, 0x70, 0x64, 0x61, 0x74, 0x65, 0x73, 0x20, 0x69, 0x74, 0x2e, 0x22, 0x2c, 0x0a
  .byte 0x20, 0x20, 0x20, 0x20, 0x69, 0x6e, 0x70, 0x75, 0x74, 0x53, 0x63, 0x68, 0x65, 0x6d, 0x61, 0x3a
  .byte 0x20, 0x7b, 0x0a, 0x20, 0x20, 0x20, 0x20, 0x20, 0x20, 0x74, 0x79, 0x70, 0x65, 0x3a, 0x20, 0x22
  .byte 0x6f, 0x62, 0x6a, 0x65, 0x63, 0x74, 0x22, 0x2c, 0x0a, 0x20, 0x20, 0x20, 0x20, 0x20, 0x20, 0x70
  .byte 0x72, 0x6f, 0x70, 0x65, 0x72, 0x74, 0x69, 0x65, 0x73, 0x3a, 0x20, 0x7b, 0x0a, 0x20, 0x20, 0x20
  .byte 0x20, 0x20, 0x20, 0x20, 0x20, 0x72, 0x65, 0x70, 0x6f, 0x3a, 0x20, 0x7b, 0x20, 0x74, 0x79, 0x70
  .byte 0x65, 0x3a, 0x20, 0x22, 0x73, 0x74, 0x72, 0x69, 0x6e, 0x67, 0x22, 0x2c, 0x20, 0x64, 0x65, 0x73
  .byte 0x63, 0x72, 0x69, 0x70, 0x74, 0x69, 0x6f, 0x6e, 0x3a, 0x20, 0x22, 0x52, 0x65, 0x70, 0x6f, 0x73
  .byte 0x69, 0x74, 0x6f, 0x72, 0x79, 0x20, 0x6e, 0x61, 0x6d, 0x65, 0x20, 0x74, 0x6f, 0x20, 0x62, 0x6f
  .byte 0x6f, 0x6b, 0x6d, 0x61, 0x72, 0x6b, 0x22, 0x20, 0x7d, 0x2c, 0x0a, 0x20, 0x20, 0x20, 0x20, 0x20
  .byte 0x20, 0x20, 0x20, 0x6e, 0x6f, 0x74, 0x65, 0x3a, 0x20, 0x7b, 0x20, 0x74, 0x79, 0x70, 0x65, 0x3a
  .byte 0x20, 0x22, 0x73, 0x74, 0x72, 0x69, 0x6e, 0x67, 0x22, 0x2c, 0x20, 0x64, 0x65, 0x73, 0x63, 0x72
  .byte 0x69, 0x70, 0x74, 0x69, 0x6f, 0x6e, 0x3a, 0x20, 0x22, 0x55, 0x73, 0x65, 0x72, 0x20, 0x6e, 0x6f
  .byte 0x74, 0x65, 0x20, 0x61, 0x62, 0x6f, 0x75, 0x74, 0x20, 0x74, 0x68, 0x65, 0x20, 0x72, 0x65, 0x70
  .byte 0x6f, 0x22, 0x20, 0x7d, 0x2c, 0x0a, 0x20, 0x20, 0x20, 0x20, 0x20, 0x20, 0x20, 0x20, 0x74, 0x61
  .byte 0x67, 0x3a, 0x20, 0x7b, 0x0a, 0x20, 0x20, 0x20, 0x20, 0x20, 0x20, 0x20, 0x20, 0x20, 0x20, 0x74
  .byte 0x79, 0x70, 0x65, 0x3a, 0x20, 0x22, 0x73, 0x74, 0x72, 0x69, 0x6e, 0x67, 0x22, 0x2c, 0x0a, 0x20
  .byte 0x20, 0x20, 0x20, 0x20, 0x20, 0x20, 0x20, 0x20, 0x20, 0x65, 0x6e, 0x75, 0x6d, 0x3a, 0x20, 0x5b
  .byte 0x22, 0x69, 0x6d, 0x70, 0x6f, 0x72, 0x74, 0x61, 0x6e, 0x74, 0x22, 0x2c, 0x20, 0x22, 0x72, 0x65
  .byte 0x76, 0x69, 0x65, 0x77, 0x22, 0x2c, 0x20, 0x22, 0x6c, 0x65, 0x61, 0x72, 0x6e, 0x69, 0x6e, 0x67
  .byte 0x22, 0x2c, 0x20, 0x22, 0x66, 0x61, 0x76, 0x6f, 0x72, 0x69, 0x74, 0x65, 0x22, 0x5d, 0x2c, 0x0a
  .byte 0x20, 0x20, 0x20, 0x20, 0x20, 0x20, 0x20, 0x20, 0x20, 0x20, 0x64, 0x65, 0x73, 0x63, 0x72, 0x69
  .byte 0x70, 0x74, 0x69, 0x6f, 0x6e, 0x3a, 0x20, 0x22, 0x54, 0x61, 0x67, 0x20, 0x63, 0x61, 0x74, 0x65
  .byte 0x67, 0x6f, 0x72, 0x79, 0x22, 0x2c, 0x0a, 0x20, 0x20, 0x20, 0x20, 0x20, 0x20, 0x20, 0x20, 0x7d
  .byte 0x2c, 0x0a, 0x20, 0x20, 0x20, 0x20, 0x20, 0x20, 0x7d, 0x2c, 0x0a, 0x20, 0x20, 0x20, 0x20, 0x20
  .byte 0x20, 0x72, 0x65, 0x71, 0x75, 0x69, 0x72, 0x65, 0x64, 0x3a, 0x20, 0x5b, 0x22, 0x72, 0x65, 0x70
  .byte 0x6f, 0x22, 0x5d, 0x2c, 0x0a, 0x20, 0x20, 0x20, 0x20, 0x7d, 0x2c, 0x0a, 0x20, 0x20, 0x20, 0x20
  .byte 0x6f, 0x75, 0x74, 0x70, 0x75, 0x74, 0x53, 0x63, 0x68, 0x65, 0x6d, 0x61, 0x3a, 0x20, 0x7b, 0x0a
  .byte 0x20, 0x20, 0x20, 0x20, 0x20, 0x20, 0x74, 0x79, 0x70, 0x65, 0x3a, 0x20, 0x22, 0x6f, 0x62, 0x6a
  .byte 0x65, 0x63, 0x74, 0x22, 0x2c, 0x0a, 0x20, 0x20, 0x20, 0x20, 0x20, 0x20, 0x70, 0x72, 0x6f, 0x70
  .byte 0x65, 0x72, 0x74, 0x69, 0x65, 0x73, 0x3a, 0x20, 0x7b, 0x0a, 0x20, 0x20, 0x20, 0x20, 0x20, 0x20
  .byte 0x20, 0x20, 0x73, 0x75, 0x63, 0x63, 0x65, 0x73, 0x73, 0x3a, 0x20, 0x7b, 0x20, 0x74, 0x79, 0x70
  .byte 0x65, 0x3a, 0x20, 0x22, 0x62, 0x6f, 0x6f, 0x6c, 0x65, 0x61, 0x6e, 0x22, 0x20, 0x7d, 0x2c, 0x0a
  .byte 0x20, 0x20, 0x20, 0x20, 0x20, 0x20, 0x7d, 0x2c, 0x0a, 0x20, 0x20, 0x20, 0x20, 0x7d, 0x2c, 0x0a
  .byte 0x20, 0x20, 0x20, 0x20, 0x61, 0x6e, 0x6e, 0x6f, 0x74, 0x61, 0x74, 0x69, 0x6f, 0x6e, 0x73, 0x3a
  .byte 0x20, 0x7b, 0x20, 0x72, 0x65, 0x61, 0x64, 0x4f, 0x6e, 0x6c, 0x79, 0x48, 0x69, 0x6e, 0x74, 0x3a
  .byte 0x20, 0x66, 0x61, 0x6c, 0x73, 0x65, 0x20, 0x7d, 0x2c, 0x0a, 0x20, 0x20, 0x7d, 0x2c, 0x0a, 0x20
  .byte 0x20, 0x7b, 0x0a, 0x20, 0x20, 0x20, 0x20, 0x6e, 0x61, 0x6d, 0x65, 0x3a, 0x20, 0x22, 0x67, 0x65
  .byte 0x74, 0x5f, 0x62, 0x6f, 0x6f, 0x6b, 0x6d, 0x61, 0x72, 0x6b, 0x73, 0x22, 0x2c, 0x0a, 0x20, 0x20
  .byte 0x20, 0x20, 0x64, 0x65, 0x73, 0x63, 0x72, 0x69, 0x70, 0x74, 0x69, 0x6f, 0x6e, 0x3a, 0x20, 0x22
  .byte 0x47, 0x65, 0x74, 0x20, 0x61, 0x6c, 0x6c, 0x20, 0x73, 0x61, 0x76, 0x65, 0x64, 0x20, 0x62, 0x6f
  .byte 0x6f, 0x6b, 0x6d, 0x61, 0x72, 0x6b, 0x73, 0x20, 0x66, 0x6f, 0x72, 0x20, 0x74, 0x68, 0x65, 0x20
  .byte 0x63, 0x75, 0x72, 0x72, 0x65, 0x6e, 0x74, 0x20, 0x75, 0x73, 0x65, 0x72, 0x2e, 0x22, 0x2c, 0x0a
  .byte 0x20, 0x20, 0x20, 0x20, 0x69, 0x6e, 0x70, 0x75, 0x74, 0x53, 0x63, 0x68, 0x65, 0x6d, 0x61, 0x3a
  .byte 0x20, 0x7b, 0x20, 0x74, 0x79, 0x70, 0x65, 0x3a, 0x20, 0x22, 0x6f, 0x62, 0x6a, 0x65, 0x63, 0x74
  .byte 0x22, 0x2c, 0x20, 0x70, 0x72, 0x6f, 0x70, 0x65, 0x72, 0x74, 0x69, 0x65, 0x73, 0x3a, 0x20, 0x7b
  .byte 0x7d, 0x20, 0x7d, 0x2c, 0x0a, 0x20, 0x20, 0x20, 0x20, 0x6f, 0x75, 0x74, 0x70, 0x75, 0x74, 0x53
  .byte 0x63, 0x68, 0x65, 0x6d, 0x61, 0x3a, 0x20, 0x7b, 0x0a, 0x20, 0x20, 0x20, 0x20, 0x20, 0x20, 0x74
  .byte 0x79, 0x70, 0x65, 0x3a, 0x20, 0x22, 0x6f, 0x62, 0x6a, 0x65, 0x63, 0x74, 0x22, 0x2c, 0x0a, 0x20
  .byte 0x20, 0x20, 0x20, 0x20, 0x20, 0x70, 0x72, 0x6f, 0x70, 0x65, 0x72, 0x74, 0x69, 0x65, 0x73, 0x3a
  .byte 0x20, 0x7b, 0x0a, 0x20, 0x20, 0x20, 0x20, 0x20, 0x20, 0x20, 0x20, 0x72, 0x6f, 0x77, 0x73, 0x3a
  .byte 0x20, 0x7b, 0x0a, 0x20, 0x20, 0x20, 0x20, 0x20, 0x20, 0x20, 0x20, 0x20, 0x20, 0x74, 0x79, 0x70
  .byte 0x65, 0x3a, 0x20, 0x22, 0x61, 0x72, 0x72, 0x61, 0x79, 0x22, 0x2c, 0x0a, 0x20, 0x20, 0x20, 0x20
  .byte 0x20, 0x20, 0x20, 0x20, 0x20, 0x20, 0x69, 0x74, 0x65, 0x6d, 0x73, 0x3a, 0x20, 0x7b, 0x0a, 0x20
  .byte 0x20, 0x20, 0x20, 0x20, 0x20, 0x20, 0x20, 0x20, 0x20, 0x20, 0x20, 0x74, 0x79, 0x70, 0x65, 0x3a
  .byte 0x20, 0x22, 0x6f, 0x62, 0x6a, 0x65, 0x63, 0x74, 0x22, 0x2c, 0x0a, 0x20, 0x20, 0x20, 0x20, 0x20
  .byte 0x20, 0x20, 0x20, 0x20, 0x20, 0x20, 0x20, 0x70, 0x72, 0x6f, 0x70, 0x65, 0x72, 0x74, 0x69, 0x65
  .byte 0x73, 0x3a, 0x20, 0x7b, 0x0a, 0x20, 0x20, 0x20, 0x20, 0x20, 0x20, 0x20, 0x20, 0x20, 0x20, 0x20
  .byte 0x20, 0x20, 0x20, 0x72, 0x65, 0x70, 0x6f, 0x3a, 0x20, 0x7b, 0x20, 0x74, 0x79, 0x70, 0x65, 0x3a
  .byte 0x20, 0x22, 0x73, 0x74, 0x72, 0x69, 0x6e, 0x67, 0x22, 0x20, 0x7d, 0x2c, 0x0a, 0x20, 0x20, 0x20
  .byte 0x20, 0x20, 0x20, 0x20, 0x20, 0x20, 0x20, 0x20, 0x20, 0x20, 0x20, 0x6e, 0x6f, 0x74, 0x65, 0x3a
  .byte 0x20, 0x7b, 0x20, 0x74, 0x79, 0x70, 0x65, 0x3a, 0x20, 0x22, 0x73, 0x74, 0x72, 0x69, 0x6e, 0x67
  .byte 0x22, 0x20, 0x7d, 0x2c, 0x0a, 0x20, 0x20, 0x20, 0x20, 0x20, 0x20, 0x20, 0x20, 0x20, 0x20, 0x20
  .byte 0x20, 0x20, 0x20, 0x74, 0x61, 0x67, 0x3a, 0x20, 0x7b, 0x20, 0x74, 0x79, 0x70, 0x65, 0x3a, 0x20
  .byte 0x22, 0x73, 0x74, 0x72, 0x69, 0x6e, 0x67, 0x22, 0x20, 0x7d, 0x2c, 0x0a, 0x20, 0x20, 0x20, 0x20
  .byte 0x20, 0x20, 0x20, 0x20, 0x20, 0x20, 0x20, 0x20, 0x20, 0x20, 0x63, 0x72, 0x65, 0x61, 0x74, 0x65
  .byte 0x64, 0x5f, 0x61, 0x74, 0x3a, 0x20, 0x7b, 0x20, 0x74, 0x79, 0x70, 0x65, 0x3a, 0x20, 0x22, 0x73
  .byte 0x74, 0x72, 0x69, 0x6e, 0x67, 0x22, 0x20, 0x7d, 0x2c, 0x0a, 0x20, 0x20, 0x20, 0x20, 0x20, 0x20
  .byte 0x20, 0x20, 0x20, 0x20, 0x20, 0x20, 0x7d, 0x2c, 0x0a, 0x20, 0x20, 0x20, 0x20, 0x20, 0x20, 0x20
  .byte 0x20, 0x20, 0x20, 0x7d, 0x2c, 0x0a, 0x20, 0x20, 0x20, 0x20, 0x20, 0x20, 0x20, 0x20, 0x7d, 0x2c
  .byte 0x0a, 0x20, 0x20, 0x20, 0x20, 0x20, 0x20, 0x7d, 0x2c, 0x0a, 0x20, 0x20, 0x20, 0x20, 0x7d, 0x2c
  .byte 0x0a, 0x20, 0x20, 0x20, 0x20, 0x61, 0x6e, 0x6e, 0x6f, 0x74, 0x61, 0x74, 0x69, 0x6f, 0x6e, 0x73
  .byte 0x3a, 0x20, 0x7b, 0x20, 0x72, 0x65, 0x61, 0x64, 0x4f, 0x6e, 0x6c, 0x79, 0x48, 0x69, 0x6e, 0x74
  .byte 0x3a, 0x20, 0x74, 0x72, 0x75, 0x65, 0x20, 0x7d, 0x2c, 0x0a, 0x20, 0x20, 0x7d, 0x2c, 0x0a, 0x20
  .byte 0x20, 0x7b, 0x0a, 0x20, 0x20, 0x20, 0x20, 0x6e, 0x61, 0x6d, 0x65, 0x3a, 0x20, 0x22, 0x64, 0x65
  .byte 0x6c, 0x65, 0x74, 0x65, 0x5f, 0x62, 0x6f, 0x6f, 0x6b, 0x6d, 0x61, 0x72, 0x6b, 0x22, 0x2c, 0x0a
  .byte 0x20, 0x20, 0x20, 0x20, 0x64, 0x65, 0x73, 0x63, 0x72, 0x69, 0x70, 0x74, 0x69, 0x6f, 0x6e, 0x3a
  .byte 0x20, 0x22, 0x44, 0x65, 0x6c, 0x65, 0x74, 0x65, 0x20, 0x61, 0x20, 0x62, 0x6f, 0x6f, 0x6b, 0x6d
  .byte 0x61, 0x72, 0x6b, 0x20, 0x62, 0x79, 0x20, 0x72, 0x65, 0x70, 0x6f, 0x20, 0x6e, 0x61, 0x6d, 0x65
  .byte 0x2e, 0x22, 0x2c, 0x0a, 0x20, 0x20, 0x20, 0x20, 0x69, 0x6e, 0x70, 0x75, 0x74, 0x53, 0x63, 0x68
  .byte 0x65, 0x6d, 0x61, 0x3a, 0x20, 0x7b, 0x0a, 0x20, 0x20, 0x20, 0x20, 0x20, 0x20, 0x74, 0x79, 0x70
  .byte 0x65, 0x3a, 0x20, 0x22, 0x6f, 0x62, 0x6a, 0x65, 0x63, 0x74, 0x22, 0x2c, 0x0a, 0x20, 0x20, 0x20
  .byte 0x20, 0x20, 0x20, 0x70, 0x72, 0x6f, 0x70, 0x65, 0x72, 0x74, 0x69, 0x65, 0x73, 0x3a, 0x20, 0x7b
  .byte 0x0a, 0x20, 0x20, 0x20, 0x20, 0x20, 0x20, 0x20, 0x20, 0x72, 0x65, 0x70, 0x6f, 0x3a, 0x20, 0x7b
  .byte 0x20, 0x74, 0x79, 0x70, 0x65, 0x3a, 0x20, 0x22, 0x73, 0x74, 0x72, 0x69, 0x6e, 0x67, 0x22, 0x2c
  .byte 0x20, 0x64, 0x65, 0x73, 0x63, 0x72, 0x69, 0x70, 0x74, 0x69, 0x6f, 0x6e, 0x3a, 0x20, 0x22, 0x52
  .byte 0x65, 0x70, 0x6f, 0x73, 0x69, 0x74, 0x6f, 0x72, 0x79, 0x20, 0x6e, 0x61, 0x6d, 0x65, 0x20, 0x74
  .byte 0x6f, 0x20, 0x72, 0x65, 0x6d, 0x6f, 0x76, 0x65, 0x22, 0x20, 0x7d, 0x2c, 0x0a, 0x20, 0x20, 0x20
  .byte 0x20, 0x20, 0x20, 0x7d, 0x2c, 0x0a, 0x20, 0x20, 0x20, 0x20, 0x20, 0x20, 0x72, 0x65, 0x71, 0x75
  .byte 0x69, 0x72, 0x65, 0x64, 0x3a, 0x20, 0x5b, 0x22, 0x72, 0x65, 0x70, 0x6f, 0x22, 0x5d, 0x2c, 0x0a
  .byte 0x20, 0x20, 0x20, 0x20, 0x7d, 0x2c, 0x0a, 0x20, 0x20, 0x20, 0x20, 0x6f, 0x75, 0x74, 0x70, 0x75
  .byte 0x74, 0x53, 0x63, 0x68, 0x65, 0x6d, 0x61, 0x3a, 0x20, 0x7b, 0x0a, 0x20, 0x20, 0x20, 0x20, 0x20
  .byte 0x20, 0x74, 0x79, 0x70, 0x65, 0x3a, 0x20, 0x22, 0x6f, 0x62, 0x6a, 0x65, 0x63, 0x74, 0x22, 0x2c
  .byte 0x0a, 0x20, 0x20, 0x20, 0x20, 0x20, 0x20, 0x70, 0x72, 0x6f, 0x70, 0x65, 0x72, 0x74, 0x69, 0x65
  .byte 0x73, 0x3a, 0x20, 0x7b, 0x0a, 0x20, 0x20, 0x20, 0x20, 0x20, 0x20, 0x20, 0x20, 0x73, 0x75, 0x63
  .byte 0x63, 0x65, 0x73, 0x73, 0x3a, 0x20, 0x7b, 0x20, 0x74, 0x79, 0x70, 0x65, 0x3a, 0x20, 0x22, 0x62
  .byte 0x6f, 0x6f, 0x6c, 0x65, 0x61, 0x6e, 0x22, 0x20, 0x7d, 0x2c, 0x0a, 0x20, 0x20, 0x20, 0x20, 0x20
  .byte 0x20, 0x7d, 0x2c, 0x0a, 0x20, 0x20, 0x20, 0x20, 0x7d, 0x2c, 0x0a, 0x20, 0x20, 0x20, 0x20, 0x61
  .byte 0x6e, 0x6e, 0x6f, 0x74, 0x61, 0x74, 0x69, 0x6f, 0x6e, 0x73, 0x3a, 0x20, 0x7b, 0x20, 0x72, 0x65
  .byte 0x61, 0x64, 0x4f, 0x6e, 0x6c, 0x79, 0x48, 0x69, 0x6e, 0x74, 0x3a, 0x20, 0x66, 0x61, 0x6c, 0x73
  .byte 0x65, 0x2c, 0x20, 0x64, 0x65, 0x73, 0x74, 0x72, 0x75, 0x63, 0x74, 0x69, 0x76, 0x65, 0x48, 0x69
  .byte 0x6e, 0x74, 0x3a, 0x20, 0x74, 0x72, 0x75, 0x65, 0x20, 0x7d, 0x2c, 0x0a, 0x20, 0x20, 0x7d, 0x2c
  .byte 0x0a, 0x5d, 0x3b, 0x0a

  .globl openui_full_port_docs_app_demo_github_github_types_ts_ebd93b4b3e30_pass_3_len
openui_full_port_docs_app_demo_github_github_types_ts_ebd93b4b3e30_pass_3_len:
  .quad 8964

# assembly pass: 4/4
  .globl openui_full_port_docs_app_demo_github_github_types_ts_ebd93b4b3e30_pass_4
openui_full_port_docs_app_demo_github_github_types_ts_ebd93b4b3e30_pass_4:
  .byte 0x69, 0x6d, 0x70, 0x6f, 0x72, 0x74, 0x20, 0x74, 0x79, 0x70, 0x65, 0x20, 0x7b, 0x20, 0x54, 0x6f
  .byte 0x6f, 0x6c, 0x53, 0x70, 0x65, 0x63, 0x20, 0x7d, 0x20, 0x66, 0x72, 0x6f, 0x6d, 0x20, 0x22, 0x40
  .byte 0x6f, 0x70, 0x65, 0x6e, 0x75, 0x69, 0x64, 0x65, 0x76, 0x2f, 0x6c, 0x61, 0x6e, 0x67, 0x2d, 0x63
  .byte 0x6f, 0x72, 0x65, 0x22, 0x3b, 0x0a, 0x0a, 0x2f, 0x2f, 0x20, 0xe2, 0x94, 0x80, 0xe2, 0x94, 0x80
  .byte 0x20, 0x54, 0x72, 0x61, 0x6e, 0x73, 0x66, 0x6f, 0x72, 0x6d, 0x65, 0x64, 0x20, 0x47, 0x69, 0x74
  .byte 0x48, 0x75, 0x62, 0x20, 0x64, 0x61, 0x74, 0x61, 0x20, 0x69, 0x6e, 0x74, 0x65, 0x72, 0x66, 0x61
  .byte 0x63, 0x65, 0x73, 0x20, 0xe2, 0x94, 0x80, 0xe2, 0x94, 0x80, 0xe2, 0x94, 0x80, 0xe2, 0x94, 0x80
  .byte 0xe2, 0x94, 0x80, 0xe2, 0x94, 0x80, 0xe2, 0x94, 0x80, 0xe2, 0x94, 0x80, 0xe2, 0x94, 0x80, 0xe2
  .byte 0x94, 0x80, 0xe2, 0x94, 0x80, 0xe2, 0x94, 0x80, 0xe2, 0x94, 0x80, 0xe2, 0x94, 0x80, 0xe2, 0x94
  .byte 0x80, 0xe2, 0x94, 0x80, 0xe2, 0x94, 0x80, 0xe2, 0x94, 0x80, 0xe2, 0x94, 0x80, 0xe2, 0x94, 0x80
  .byte 0xe2, 0x94, 0x80, 0xe2, 0x94, 0x80, 0xe2, 0x94, 0x80, 0xe2, 0x94, 0x80, 0xe2, 0x94, 0x80, 0xe2
  .byte 0x94, 0x80, 0xe2, 0x94, 0x80, 0xe2, 0x94, 0x80, 0xe2, 0x94, 0x80, 0xe2, 0x94, 0x80, 0xe2, 0x94
  .byte 0x80, 0xe2, 0x94, 0x80, 0xe2, 0x94, 0x80, 0xe2, 0x94, 0x80, 0xe2, 0x94, 0x80, 0xe2, 0x94, 0x80
  .byte 0x0a, 0x0a, 0x65, 0x78, 0x70, 0x6f, 0x72, 0x74, 0x20, 0x69, 0x6e, 0x74, 0x65, 0x72, 0x66, 0x61
  .byte 0x63, 0x65, 0x20, 0x47, 0x69, 0x74, 0x48, 0x75, 0x62, 0x50, 0x72, 0x6f, 0x66, 0x69, 0x6c, 0x65
  .byte 0x20, 0x7b, 0x0a, 0x20, 0x20, 0x6c, 0x6f, 0x67, 0x69, 0x6e, 0x3a, 0x20, 0x73, 0x74, 0x72, 0x69
  .byte 0x6e, 0x67, 0x3b, 0x0a, 0x20, 0x20, 0x6e, 0x61, 0x6d, 0x65, 0x3a, 0x20, 0x73, 0x74, 0x72, 0x69
  .byte 0x6e, 0x67, 0x3b, 0x0a, 0x20, 0x20, 0x62, 0x69, 0x6f, 0x3a, 0x20, 0x73, 0x74, 0x72, 0x69, 0x6e
  .byte 0x67, 0x3b, 0x0a, 0x20, 0x20, 0x61, 0x76, 0x61, 0x74, 0x61, 0x72, 0x5f, 0x75, 0x72, 0x6c, 0x3a
  .byte 0x20, 0x73, 0x74, 0x72, 0x69, 0x6e, 0x67, 0x3b, 0x0a, 0x20, 0x20, 0x70, 0x75, 0x62, 0x6c, 0x69
  .byte 0x63, 0x5f, 0x72, 0x65, 0x70, 0x6f, 0x73, 0x3a, 0x20, 0x6e, 0x75, 0x6d, 0x62, 0x65, 0x72, 0x3b
  .byte 0x0a, 0x20, 0x20, 0x66, 0x6f, 0x6c, 0x6c, 0x6f, 0x77, 0x65, 0x72, 0x73, 0x3a, 0x20, 0x6e, 0x75
  .byte 0x6d, 0x62, 0x65, 0x72, 0x3b, 0x0a, 0x20, 0x20, 0x66, 0x6f, 0x6c, 0x6c, 0x6f, 0x77, 0x69, 0x6e
  .byte 0x67, 0x3a, 0x20, 0x6e, 0x75, 0x6d, 0x62, 0x65, 0x72, 0x3b, 0x0a, 0x20, 0x20, 0x63, 0x72, 0x65
  .byte 0x61, 0x74, 0x65, 0x64, 0x5f, 0x61, 0x74, 0x3a, 0x20, 0x73, 0x74, 0x72, 0x69, 0x6e, 0x67, 0x3b
  .byte 0x0a, 0x7d, 0x0a, 0x0a, 0x65, 0x78, 0x70, 0x6f, 0x72, 0x74, 0x20, 0x69, 0x6e, 0x74, 0x65, 0x72
  .byte 0x66, 0x61, 0x63, 0x65, 0x20, 0x52, 0x65, 0x70, 0x6f, 0x52, 0x6f, 0x77, 0x20, 0x7b, 0x0a, 0x20
  .byte 0x20, 0x6e, 0x61, 0x6d, 0x65, 0x3a, 0x20, 0x73, 0x74, 0x72, 0x69, 0x6e, 0x67, 0x3b, 0x0a, 0x20
  .byte 0x20, 0x66, 0x75, 0x6c, 0x6c, 0x5f, 0x6e, 0x61, 0x6d, 0x65, 0x3a, 0x20, 0x73, 0x74, 0x72, 0x69
  .byte 0x6e, 0x67, 0x3b, 0x0a, 0x20, 0x20, 0x64, 0x65, 0x73, 0x63, 0x72, 0x69, 0x70, 0x74, 0x69, 0x6f
  .byte 0x6e, 0x3a, 0x20, 0x73, 0x74, 0x72, 0x69, 0x6e, 0x67, 0x3b, 0x0a, 0x20, 0x20, 0x6c, 0x61, 0x6e
  .byte 0x67, 0x75, 0x61, 0x67, 0x65, 0x3a, 0x20, 0x73, 0x74, 0x72, 0x69, 0x6e, 0x67, 0x3b, 0x0a, 0x20
  .byte 0x20, 0x73, 0x74, 0x61, 0x72, 0x73, 0x3a, 0x20, 0x6e, 0x75, 0x6d, 0x62, 0x65, 0x72, 0x3b, 0x0a
  .byte 0x20, 0x20, 0x66, 0x6f, 0x72, 0x6b, 0x73, 0x3a, 0x20, 0x6e, 0x75, 0x6d, 0x62, 0x65, 0x72, 0x3b
  .byte 0x0a, 0x20, 0x20, 0x73, 0x69, 0x7a, 0x65, 0x3a, 0x20, 0x6e, 0x75, 0x6d, 0x62, 0x65, 0x72, 0x3b
  .byte 0x0a, 0x20, 0x20, 0x6f, 0x70, 0x65, 0x6e, 0x5f, 0x69, 0x73, 0x73, 0x75, 0x65, 0x73, 0x3a, 0x20
  .byte 0x6e, 0x75, 0x6d, 0x62, 0x65, 0x72, 0x3b, 0x0a, 0x20, 0x20, 0x75, 0x70, 0x64, 0x61, 0x74, 0x65
  .byte 0x64, 0x5f, 0x61, 0x74, 0x3a, 0x20, 0x73, 0x74, 0x72, 0x69, 0x6e, 0x67, 0x3b, 0x0a, 0x20, 0x20
  .byte 0x68, 0x74, 0x6d, 0x6c, 0x5f, 0x75, 0x72, 0x6c, 0x3a, 0x20, 0x73, 0x74, 0x72, 0x69, 0x6e, 0x67
  .byte 0x3b, 0x0a, 0x7d, 0x0a, 0x0a, 0x65, 0x78, 0x70, 0x6f, 0x72, 0x74, 0x20, 0x69, 0x6e, 0x74, 0x65
  .byte 0x72, 0x66, 0x61, 0x63, 0x65, 0x20, 0x4c, 0x61, 0x6e, 0x67, 0x75, 0x61, 0x67, 0x65, 0x52, 0x6f
  .byte 0x77, 0x20, 0x7b, 0x0a, 0x20, 0x20, 0x6c, 0x61, 0x6e, 0x67, 0x75, 0x61, 0x67, 0x65, 0x3a, 0x20
  .byte 0x73, 0x74, 0x72, 0x69, 0x6e, 0x67, 0x3b, 0x0a, 0x20, 0x20, 0x62, 0x79, 0x74, 0x65, 0x73, 0x3a
  .byte 0x20, 0x6e, 0x75, 0x6d, 0x62, 0x65, 0x72, 0x3b, 0x0a, 0x20, 0x20, 0x72, 0x65, 0x70, 0x6f, 0x73
  .byte 0x5f, 0x63, 0x6f, 0x75, 0x6e, 0x74, 0x3a, 0x20, 0x6e, 0x75, 0x6d, 0x62, 0x65, 0x72, 0x3b, 0x0a
  .byte 0x7d, 0x0a, 0x0a, 0x65, 0x78, 0x70, 0x6f, 0x72, 0x74, 0x20, 0x69, 0x6e, 0x74, 0x65, 0x72, 0x66
  .byte 0x61, 0x63, 0x65, 0x20, 0x45, 0x76, 0x65, 0x6e, 0x74, 0x52, 0x6f, 0x77, 0x20, 0x7b, 0x0a, 0x20
  .byte 0x20, 0x74, 0x79, 0x70, 0x65, 0x3a, 0x20, 0x73, 0x74, 0x72, 0x69, 0x6e, 0x67, 0x3b, 0x0a, 0x20
  .byte 0x20, 0x72, 0x65, 0x70, 0x6f, 0x3a, 0x20, 0x73, 0x74, 0x72, 0x69, 0x6e, 0x67, 0x3b, 0x0a, 0x20
  .byte 0x20, 0x64, 0x61, 0x74, 0x65, 0x3a, 0x20, 0x73, 0x74, 0x72, 0x69, 0x6e, 0x67, 0x3b, 0x0a, 0x20
  .byte 0x20, 0x63, 0x6f, 0x75, 0x6e, 0x74, 0x3a, 0x20, 0x6e, 0x75, 0x6d, 0x62, 0x65, 0x72, 0x3b, 0x0a
  .byte 0x7d, 0x0a, 0x0a, 0x65, 0x78, 0x70, 0x6f, 0x72, 0x74, 0x20, 0x69, 0x6e, 0x74, 0x65, 0x72, 0x66
  .byte 0x61, 0x63, 0x65, 0x20, 0x43, 0x6f, 0x6d, 0x6d, 0x69, 0x74, 0x57, 0x65, 0x65, 0x6b, 0x20, 0x7b
  .byte 0x0a, 0x20, 0x20, 0x77, 0x65, 0x65, 0x6b, 0x3a, 0x20, 0x73, 0x74, 0x72, 0x69, 0x6e, 0x67, 0x3b
  .byte 0x0a, 0x20, 0x20, 0x74, 0x6f, 0x74, 0x61, 0x6c, 0x3a, 0x20, 0x6e, 0x75, 0x6d, 0x62, 0x65, 0x72
  .byte 0x3b, 0x0a, 0x7d, 0x0a, 0x0a, 0x65, 0x78, 0x70, 0x6f, 0x72, 0x74, 0x20, 0x69, 0x6e, 0x74, 0x65
  .byte 0x72, 0x66, 0x61, 0x63, 0x65, 0x20, 0x53, 0x74, 0x61, 0x72, 0x50, 0x6f, 0x69, 0x6e, 0x74, 0x20
  .byte 0x7b, 0x0a, 0x20, 0x20, 0x73, 0x74, 0x61, 0x72, 0x72, 0x65, 0x64, 0x5f, 0x61, 0x74, 0x3a, 0x20
  .byte 0x73, 0x74, 0x72, 0x69, 0x6e, 0x67, 0x3b, 0x0a, 0x20, 0x20, 0x63, 0x75, 0x6d, 0x75, 0x6c, 0x61
  .byte 0x74, 0x69, 0x76, 0x65, 0x3a, 0x20, 0x6e, 0x75, 0x6d, 0x62, 0x65, 0x72, 0x3b, 0x0a, 0x7d, 0x0a
  .byte 0x0a, 0x65, 0x78, 0x70, 0x6f, 0x72, 0x74, 0x20, 0x69, 0x6e, 0x74, 0x65, 0x72, 0x66, 0x61, 0x63
  .byte 0x65, 0x20, 0x43, 0x6f, 0x6e, 0x74, 0x72, 0x69, 0x62, 0x75, 0x74, 0x6f, 0x72, 0x52, 0x6f, 0x77
  .byte 0x20, 0x7b, 0x0a, 0x20, 0x20, 0x6c, 0x6f, 0x67, 0x69, 0x6e, 0x3a, 0x20, 0x73, 0x74, 0x72, 0x69
  .byte 0x6e, 0x67, 0x3b, 0x0a, 0x20, 0x20, 0x61, 0x76, 0x61, 0x74, 0x61, 0x72, 0x5f, 0x75, 0x72, 0x6c
  .byte 0x3a, 0x20, 0x73, 0x74, 0x72, 0x69, 0x6e, 0x67, 0x3b, 0x0a, 0x20, 0x20, 0x74, 0x6f, 0x74, 0x61
  .byte 0x6c, 0x5f, 0x63, 0x6f, 0x6d, 0x6d, 0x69, 0x74, 0x73, 0x3a, 0x20, 0x6e, 0x75, 0x6d, 0x62, 0x65
  .byte 0x72, 0x3b, 0x0a, 0x7d, 0x0a, 0x0a, 0x65, 0x78, 0x70, 0x6f, 0x72, 0x74, 0x20, 0x69, 0x6e, 0x74
  .byte 0x65, 0x72, 0x66, 0x61, 0x63, 0x65, 0x20, 0x42, 0x6f, 0x6f, 0x6b, 0x6d, 0x61, 0x72, 0x6b, 0x20
  .byte 0x7b, 0x0a, 0x20, 0x20, 0x72, 0x65, 0x70, 0x6f, 0x3a, 0x20, 0x73, 0x74, 0x72, 0x69, 0x6e, 0x67
  .byte 0x3b, 0x0a, 0x20, 0x20, 0x6e, 0x6f, 0x74, 0x65, 0x3a, 0x20, 0x73, 0x74, 0x72, 0x69, 0x6e, 0x67
  .byte 0x3b, 0x0a, 0x20, 0x20, 0x74, 0x61, 0x67, 0x3a, 0x20, 0x73, 0x74, 0x72, 0x69, 0x6e, 0x67, 0x3b
  .byte 0x0a, 0x20, 0x20, 0x63, 0x72, 0x65, 0x61, 0x74, 0x65, 0x64, 0x5f, 0x61, 0x74, 0x3a, 0x20, 0x73
  .byte 0x74, 0x72, 0x69, 0x6e, 0x67, 0x3b, 0x0a, 0x7d, 0x0a, 0x0a, 0x2f, 0x2f, 0x20, 0xe2, 0x94, 0x80
  .byte 0xe2, 0x94, 0x80, 0x20, 0x54, 0x6f, 0x6f, 0x6c, 0x53, 0x70, 0x65, 0x63, 0x20, 0x64, 0x65, 0x66
  .byte 0x69, 0x6e, 0x69, 0x74, 0x69, 0x6f, 0x6e, 0x73, 0x20, 0x66, 0x6f, 0x72, 0x20, 0x73, 0x79, 0x73
  .byte 0x74, 0x65, 0x6d, 0x20, 0x70, 0x72, 0x6f, 0x6d, 0x70, 0x74, 0x20, 0xe2, 0x94, 0x80, 0xe2, 0x94
  .byte 0x80, 0xe2, 0x94, 0x80, 0xe2, 0x94, 0x80, 0xe2, 0x94, 0x80, 0xe2, 0x94, 0x80, 0xe2, 0x94, 0x80
  .byte 0xe2, 0x94, 0x80, 0xe2, 0x94, 0x80, 0xe2, 0x94, 0x80, 0xe2, 0x94, 0x80, 0xe2, 0x94, 0x80, 0xe2
  .byte 0x94, 0x80, 0xe2, 0x94, 0x80, 0xe2, 0x94, 0x80, 0xe2, 0x94, 0x80, 0xe2, 0x94, 0x80, 0xe2, 0x94
  .byte 0x80, 0xe2, 0x94, 0x80, 0xe2, 0x94, 0x80, 0xe2, 0x94, 0x80, 0xe2, 0x94, 0x80, 0xe2, 0x94, 0x80
  .byte 0xe2, 0x94, 0x80, 0xe2, 0x94, 0x80, 0xe2, 0x94, 0x80, 0xe2, 0x94, 0x80, 0xe2, 0x94, 0x80, 0xe2
  .byte 0x94, 0x80, 0xe2, 0x94, 0x80, 0x0a, 0x0a, 0x65, 0x78, 0x70, 0x6f, 0x72, 0x74, 0x20, 0x63, 0x6f
  .byte 0x6e, 0x73, 0x74, 0x20, 0x47, 0x49, 0x54, 0x48, 0x55, 0x42, 0x5f, 0x54, 0x4f, 0x4f, 0x4c, 0x5f
  .byte 0x53, 0x50, 0x45, 0x43, 0x53, 0x3a, 0x20, 0x54, 0x6f, 0x6f, 0x6c, 0x53, 0x70, 0x65, 0x63, 0x5b
  .byte 0x5d, 0x20, 0x3d, 0x20, 0x5b, 0x0a, 0x20, 0x20, 0x7b, 0x0a, 0x20, 0x20, 0x20, 0x20, 0x6e, 0x61
  .byte 0x6d, 0x65, 0x3a, 0x20, 0x22, 0x67, 0x65, 0x74, 0x5f, 0x70, 0x72, 0x6f, 0x66, 0x69, 0x6c, 0x65
  .byte 0x22, 0x2c, 0x0a, 0x20, 0x20, 0x20, 0x20, 0x64, 0x65, 0x73, 0x63, 0x72, 0x69, 0x70, 0x74, 0x69
  .byte 0x6f, 0x6e, 0x3a, 0x0a, 0x20, 0x20, 0x20, 0x20, 0x20, 0x20, 0x22, 0x47, 0x65, 0x74, 0x20, 0x74
  .byte 0x68, 0x65, 0x20, 0x63, 0x6f, 0x6e, 0x6e, 0x65, 0x63, 0x74, 0x65, 0x64, 0x20, 0x47, 0x69, 0x74
  .byte 0x48, 0x75, 0x62, 0x20, 0x75, 0x73, 0x65, 0x72, 0x27, 0x73, 0x20, 0x70, 0x72, 0x6f, 0x66, 0x69
  .byte 0x6c, 0x65, 0x20, 0xe2, 0x80, 0x94, 0x20, 0x6e, 0x61, 0x6d, 0x65, 0x2c, 0x20, 0x62, 0x69, 0x6f
  .byte 0x2c, 0x20, 0x61, 0x76, 0x61, 0x74, 0x61, 0x72, 0x2c, 0x20, 0x66, 0x6f, 0x6c, 0x6c, 0x6f, 0x77
  .byte 0x65, 0x72, 0x2f, 0x66, 0x6f, 0x6c, 0x6c, 0x6f, 0x77, 0x69, 0x6e, 0x67, 0x20, 0x63, 0x6f, 0x75
  .byte 0x6e, 0x74, 0x73, 0x2c, 0x20, 0x70, 0x75, 0x62, 0x6c, 0x69, 0x63, 0x20, 0x72, 0x65, 0x70, 0x6f
  .byte 0x20, 0x63, 0x6f, 0x75, 0x6e, 0x74, 0x2c, 0x20, 0x6a, 0x6f, 0x69, 0x6e, 0x20, 0x64, 0x61, 0x74
  .byte 0x65, 0x22, 0x2c, 0x0a, 0x20, 0x20, 0x20, 0x20, 0x69, 0x6e, 0x70, 0x75, 0x74, 0x53, 0x63, 0x68
  .byte 0x65, 0x6d, 0x61, 0x3a, 0x20, 0x7b, 0x20, 0x74, 0x79, 0x70, 0x65, 0x3a, 0x20, 0x22, 0x6f, 0x62
  .byte 0x6a, 0x65, 0x63, 0x74, 0x22, 0x2c, 0x20, 0x70, 0x72, 0x6f, 0x70, 0x65, 0x72, 0x74, 0x69, 0x65
  .byte 0x73, 0x3a, 0x20, 0x7b, 0x7d, 0x20, 0x7d, 0x2c, 0x0a, 0x20, 0x20, 0x20, 0x20, 0x6f, 0x75, 0x74
  .byte 0x70, 0x75, 0x74, 0x53, 0x63, 0x68, 0x65, 0x6d, 0x61, 0x3a, 0x20, 0x7b, 0x0a, 0x20, 0x20, 0x20
  .byte 0x20, 0x20, 0x20, 0x74, 0x79, 0x70, 0x65, 0x3a, 0x20, 0x22, 0x6f, 0x62, 0x6a, 0x65, 0x63, 0x74
  .byte 0x22, 0x2c, 0x0a, 0x20, 0x20, 0x20, 0x20, 0x20, 0x20, 0x70, 0x72, 0x6f, 0x70, 0x65, 0x72, 0x74
  .byte 0x69, 0x65, 0x73, 0x3a, 0x20, 0x7b, 0x0a, 0x20, 0x20, 0x20, 0x20, 0x20, 0x20, 0x20, 0x20, 0x6c
  .byte 0x6f, 0x67, 0x69, 0x6e, 0x3a, 0x20, 0x7b, 0x20, 0x74, 0x79, 0x70, 0x65, 0x3a, 0x20, 0x22, 0x73
  .byte 0x74, 0x72, 0x69, 0x6e, 0x67, 0x22, 0x20, 0x7d, 0x2c, 0x0a, 0x20, 0x20, 0x20, 0x20, 0x20, 0x20
  .byte 0x20, 0x20, 0x6e, 0x61, 0x6d, 0x65, 0x3a, 0x20, 0x7b, 0x20, 0x74, 0x79, 0x70, 0x65, 0x3a, 0x20
  .byte 0x22, 0x73, 0x74, 0x72, 0x69, 0x6e, 0x67, 0x22, 0x20, 0x7d, 0x2c, 0x0a, 0x20, 0x20, 0x20, 0x20
  .byte 0x20, 0x20, 0x20, 0x20, 0x62, 0x69, 0x6f, 0x3a, 0x20, 0x7b, 0x20, 0x74, 0x79, 0x70, 0x65, 0x3a
  .byte 0x20, 0x22, 0x73, 0x74, 0x72, 0x69, 0x6e, 0x67, 0x22, 0x20, 0x7d, 0x2c, 0x0a, 0x20, 0x20, 0x20
  .byte 0x20, 0x20, 0x20, 0x20, 0x20, 0x61, 0x76, 0x61, 0x74, 0x61, 0x72, 0x5f, 0x75, 0x72, 0x6c, 0x3a
  .byte 0x20, 0x7b, 0x20, 0x74, 0x79, 0x70, 0x65, 0x3a, 0x20, 0x22, 0x73, 0x74, 0x72, 0x69, 0x6e, 0x67
  .byte 0x22, 0x20, 0x7d, 0x2c, 0x0a, 0x20, 0x20, 0x20, 0x20, 0x20, 0x20, 0x20, 0x20, 0x70, 0x75, 0x62
  .byte 0x6c, 0x69, 0x63, 0x5f, 0x72, 0x65, 0x70, 0x6f, 0x73, 0x3a, 0x20, 0x7b, 0x20, 0x74, 0x79, 0x70
  .byte 0x65, 0x3a, 0x20, 0x22, 0x69, 0x6e, 0x74, 0x65, 0x67, 0x65, 0x72, 0x22, 0x20, 0x7d, 0x2c, 0x0a
  .byte 0x20, 0x20, 0x20, 0x20, 0x20, 0x20, 0x20, 0x20, 0x66, 0x6f, 0x6c, 0x6c, 0x6f, 0x77, 0x65, 0x72
  .byte 0x73, 0x3a, 0x20, 0x7b, 0x20, 0x74, 0x79, 0x70, 0x65, 0x3a, 0x20, 0x22, 0x69, 0x6e, 0x74, 0x65
  .byte 0x67, 0x65, 0x72, 0x22, 0x20, 0x7d, 0x2c, 0x0a, 0x20, 0x20, 0x20, 0x20, 0x20, 0x20, 0x20, 0x20
  .byte 0x66, 0x6f, 0x6c, 0x6c, 0x6f, 0x77, 0x69, 0x6e, 0x67, 0x3a, 0x20, 0x7b, 0x20, 0x74, 0x79, 0x70
  .byte 0x65, 0x3a, 0x20, 0x22, 0x69, 0x6e, 0x74, 0x65, 0x67, 0x65, 0x72, 0x22, 0x20, 0x7d, 0x2c, 0x0a
  .byte 0x20, 0x20, 0x20, 0x20, 0x20, 0x20, 0x20, 0x20, 0x63, 0x72, 0x65, 0x61, 0x74, 0x65, 0x64, 0x5f
  .byte 0x61, 0x74, 0x3a, 0x20, 0x7b, 0x20, 0x74, 0x79, 0x70, 0x65, 0x3a, 0x20, 0x22, 0x73, 0x74, 0x72
  .byte 0x69, 0x6e, 0x67, 0x22, 0x20, 0x7d, 0x2c, 0x0a, 0x20, 0x20, 0x20, 0x20, 0x20, 0x20, 0x7d, 0x2c
  .byte 0x0a, 0x20, 0x20, 0x20, 0x20, 0x7d, 0x2c, 0x0a, 0x20, 0x20, 0x20, 0x20, 0x61, 0x6e, 0x6e, 0x6f
  .byte 0x74, 0x61, 0x74, 0x69, 0x6f, 0x6e, 0x73, 0x3a, 0x20, 0x7b, 0x20, 0x72, 0x65, 0x61, 0x64, 0x4f
  .byte 0x6e, 0x6c, 0x79, 0x48, 0x69, 0x6e, 0x74, 0x3a, 0x20, 0x74, 0x72, 0x75, 0x65, 0x20, 0x7d, 0x2c
  .byte 0x0a, 0x20, 0x20, 0x7d, 0x2c, 0x0a, 0x20, 0x20, 0x7b, 0x0a, 0x20, 0x20, 0x20, 0x20, 0x6e, 0x61
  .byte 0x6d, 0x65, 0x3a, 0x20, 0x22, 0x67, 0x65, 0x74, 0x5f, 0x72, 0x65, 0x70, 0x6f, 0x73, 0x22, 0x2c
  .byte 0x0a, 0x20, 0x20, 0x20, 0x20, 0x64, 0x65, 0x73, 0x63, 0x72, 0x69, 0x70, 0x74, 0x69, 0x6f, 0x6e
  .byte 0x3a, 0x0a, 0x20, 0x20, 0x20, 0x20, 0x20, 0x20, 0x22, 0x4c, 0x69, 0x73, 0x74, 0x20, 0x74, 0x68
  .byte 0x65, 0x20, 0x75, 0x73, 0x65, 0x72, 0x27, 0x73, 0x20, 0x70, 0x75, 0x62, 0x6c, 0x69, 0x63, 0x20
  .byte 0x72, 0x65, 0x70, 0x6f, 0x73, 0x69, 0x74, 0x6f, 0x72, 0x69, 0x65, 0x73, 0x20, 0x77, 0x69, 0x74
  .byte 0x68, 0x20, 0x73, 0x74, 0x61, 0x72, 0x73, 0x2c, 0x20, 0x66, 0x6f, 0x72, 0x6b, 0x73, 0x2c, 0x20
  .byte 0x6c, 0x61, 0x6e, 0x67, 0x75, 0x61, 0x67, 0x65, 0x2c, 0x20, 0x73, 0x69, 0x7a, 0x65, 0x2c, 0x20
  .byte 0x6f, 0x70, 0x65, 0x6e, 0x20, 0x69, 0x73, 0x73, 0x75, 0x65, 0x73, 0x2e, 0x20, 0x53, 0x75, 0x70
  .byte 0x70, 0x6f, 0x72, 0x74, 0x73, 0x20, 0x73, 0x6f, 0x72, 0x74, 0x69, 0x6e, 0x67, 0x20, 0x61, 0x6e
  .byte 0x64, 0x20, 0x6c, 0x61, 0x6e, 0x67, 0x75, 0x61, 0x67, 0x65, 0x20, 0x66, 0x69, 0x6c, 0x74, 0x65
  .byte 0x72, 0x69, 0x6e, 0x67, 0x2e, 0x22, 0x2c, 0x0a, 0x20, 0x20, 0x20, 0x20, 0x69, 0x6e, 0x70, 0x75
  .byte 0x74, 0x53, 0x63, 0x68, 0x65, 0x6d, 0x61, 0x3a, 0x20, 0x7b, 0x0a, 0x20, 0x20, 0x20, 0x20, 0x20
  .byte 0x20, 0x74, 0x79, 0x70, 0x65, 0x3a, 0x20, 0x22, 0x6f, 0x62, 0x6a, 0x65, 0x63, 0x74, 0x22, 0x2c
  .byte 0x0a, 0x20, 0x20, 0x20, 0x20, 0x20, 0x20, 0x70, 0x72, 0x6f, 0x70, 0x65, 0x72, 0x74, 0x69, 0x65
  .byte 0x73, 0x3a, 0x20, 0x7b, 0x0a, 0x20, 0x20, 0x20, 0x20, 0x20, 0x20, 0x20, 0x20, 0x73, 0x6f, 0x72
  .byte 0x74, 0x3a, 0x20, 0x7b, 0x0a, 0x20, 0x20, 0x20, 0x20, 0x20, 0x20, 0x20, 0x20, 0x20, 0x20, 0x74
  .byte 0x79, 0x70, 0x65, 0x3a, 0x20, 0x22, 0x73, 0x74, 0x72, 0x69, 0x6e, 0x67, 0x22, 0x2c, 0x0a, 0x20
  .byte 0x20, 0x20, 0x20, 0x20, 0x20, 0x20, 0x20, 0x20, 0x20, 0x65, 0x6e, 0x75, 0x6d, 0x3a, 0x20, 0x5b
  .byte 0x22, 0x73, 0x74, 0x61, 0x72, 0x73, 0x22, 0x2c, 0x20, 0x22, 0x66, 0x6f, 0x72, 0x6b, 0x73, 0x22
  .byte 0x2c, 0x20, 0x22, 0x75, 0x70, 0x64, 0x61, 0x74, 0x65, 0x64, 0x22, 0x2c, 0x20, 0x22, 0x63, 0x72
  .byte 0x65, 0x61, 0x74, 0x65, 0x64, 0x22, 0x5d, 0x2c, 0x0a, 0x20, 0x20, 0x20, 0x20, 0x20, 0x20, 0x20
  .byte 0x20, 0x20, 0x20, 0x64, 0x65, 0x73, 0x63, 0x72, 0x69, 0x70, 0x74, 0x69, 0x6f, 0x6e, 0x3a, 0x20
  .byte 0x22, 0x53, 0x6f, 0x72, 0x74, 0x20, 0x66, 0x69, 0x65, 0x6c, 0x64, 0x20, 0x28, 0x64, 0x65, 0x66
  .byte 0x61, 0x75, 0x6c, 0x74, 0x3a, 0x20, 0x73, 0x74, 0x61, 0x72, 0x73, 0x29, 0x22, 0x2c, 0x0a, 0x20
  .byte 0x20, 0x20, 0x20, 0x20, 0x20, 0x20, 0x20, 0x7d, 0x2c, 0x0a, 0x20, 0x20, 0x20, 0x20, 0x20, 0x20
  .byte 0x20, 0x20, 0x6c, 0x61, 0x6e, 0x67, 0x75, 0x61, 0x67, 0x65, 0x3a, 0x20, 0x7b, 0x0a, 0x20, 0x20
  .byte 0x20, 0x20, 0x20, 0x20, 0x20, 0x20, 0x20, 0x20, 0x74, 0x79, 0x70, 0x65, 0x3a, 0x20, 0x22, 0x73
  .byte 0x74, 0x72, 0x69, 0x6e, 0x67, 0x22, 0x2c, 0x0a, 0x20, 0x20, 0x20, 0x20, 0x20, 0x20, 0x20, 0x20
  .byte 0x20, 0x20, 0x64, 0x65, 0x73, 0x63, 0x72, 0x69, 0x70, 0x74, 0x69, 0x6f, 0x6e, 0x3a, 0x20, 0x22
  .byte 0x46, 0x69, 0x6c, 0x74, 0x65, 0x72, 0x20, 0x62, 0x79, 0x20, 0x70, 0x72, 0x6f, 0x67, 0x72, 0x61
  .byte 0x6d, 0x6d, 0x69, 0x6e, 0x67, 0x20, 0x6c, 0x61, 0x6e, 0x67, 0x75, 0x61, 0x67, 0x65, 0x20, 0x28
  .byte 0x65, 0x2e, 0x67, 0x2e, 0x20, 0x27, 0x54, 0x79, 0x70, 0x65, 0x53, 0x63, 0x72, 0x69, 0x70, 0x74
  .byte 0x27, 0x29, 0x2e, 0x20, 0x4f, 0x6d, 0x69, 0x74, 0x20, 0x6f, 0x72, 0x20, 0x65, 0x6d, 0x70, 0x74
  .byte 0x79, 0x20, 0x66, 0x6f, 0x72, 0x20, 0x61, 0x6c, 0x6c, 0x2e, 0x22, 0x2c, 0x0a, 0x20, 0x20, 0x20
  .byte 0x20, 0x20, 0x20, 0x20, 0x20, 0x7d, 0x2c, 0x0a, 0x20, 0x20, 0x20, 0x20, 0x20, 0x20, 0x7d, 0x2c
  .byte 0x0a, 0x20, 0x20, 0x20, 0x20, 0x7d, 0x2c, 0x0a, 0x20, 0x20, 0x20, 0x20, 0x6f, 0x75, 0x74, 0x70
  .byte 0x75, 0x74, 0x53, 0x63, 0x68, 0x65, 0x6d, 0x61, 0x3a, 0x20, 0x7b, 0x0a, 0x20, 0x20, 0x20, 0x20
  .byte 0x20, 0x20, 0x74, 0x79, 0x70, 0x65, 0x3a, 0x20, 0x22, 0x6f, 0x62, 0x6a, 0x65, 0x63, 0x74, 0x22
  .byte 0x2c, 0x0a, 0x20, 0x20, 0x20, 0x20, 0x20, 0x20, 0x70, 0x72, 0x6f, 0x70, 0x65, 0x72, 0x74, 0x69
  .byte 0x65, 0x73, 0x3a, 0x20, 0x7b, 0x0a, 0x20, 0x20, 0x20, 0x20, 0x20, 0x20, 0x20, 0x20, 0x72, 0x6f
  .byte 0x77, 0x73, 0x3a, 0x20, 0x7b, 0x0a, 0x20, 0x20, 0x20, 0x20, 0x20, 0x20, 0x20, 0x20, 0x20, 0x20
  .byte 0x74, 0x79, 0x70, 0x65, 0x3a, 0x20, 0x22, 0x61, 0x72, 0x72, 0x61, 0x79, 0x22, 0x2c, 0x0a, 0x20
  .byte 0x20, 0x20, 0x20, 0x20, 0x20, 0x20, 0x20, 0x20, 0x20, 0x69, 0x74, 0x65, 0x6d, 0x73, 0x3a, 0x20
  .byte 0x7b, 0x0a, 0x20, 0x20, 0x20, 0x20, 0x20, 0x20, 0x20, 0x20, 0x20, 0x20, 0x20, 0x20, 0x74, 0x79
  .byte 0x70, 0x65, 0x3a, 0x20, 0x22, 0x6f, 0x62, 0x6a, 0x65, 0x63, 0x74, 0x22, 0x2c, 0x0a, 0x20, 0x20
  .byte 0x20, 0x20, 0x20, 0x20, 0x20, 0x20, 0x20, 0x20, 0x20, 0x20, 0x70, 0x72, 0x6f, 0x70, 0x65, 0x72
  .byte 0x74, 0x69, 0x65, 0x73, 0x3a, 0x20, 0x7b, 0x0a, 0x20, 0x20, 0x20, 0x20, 0x20, 0x20, 0x20, 0x20
  .byte 0x20, 0x20, 0x20, 0x20, 0x20, 0x20, 0x6e, 0x61, 0x6d, 0x65, 0x3a, 0x20, 0x7b, 0x20, 0x74, 0x79
  .byte 0x70, 0x65, 0x3a, 0x20, 0x22, 0x73, 0x74, 0x72, 0x69, 0x6e, 0x67, 0x22, 0x20, 0x7d, 0x2c, 0x0a
  .byte 0x20, 0x20, 0x20, 0x20, 0x20, 0x20, 0x20, 0x20, 0x20, 0x20, 0x20, 0x20, 0x20, 0x20, 0x66, 0x75
  .byte 0x6c, 0x6c, 0x5f, 0x6e, 0x61, 0x6d, 0x65, 0x3a, 0x20, 0x7b, 0x20, 0x74, 0x79, 0x70, 0x65, 0x3a
  .byte 0x20, 0x22, 0x73, 0x74, 0x72, 0x69, 0x6e, 0x67, 0x22, 0x20, 0x7d, 0x2c, 0x0a, 0x20, 0x20, 0x20
  .byte 0x20, 0x20, 0x20, 0x20, 0x20, 0x20, 0x20, 0x20, 0x20, 0x20, 0x20, 0x64, 0x65, 0x73, 0x63, 0x72
  .byte 0x69, 0x70, 0x74, 0x69, 0x6f, 0x6e, 0x3a, 0x20, 0x7b, 0x20, 0x74, 0x79, 0x70, 0x65, 0x3a, 0x20
  .byte 0x22, 0x73, 0x74, 0x72, 0x69, 0x6e, 0x67, 0x22, 0x20, 0x7d, 0x2c, 0x0a, 0x20, 0x20, 0x20, 0x20
  .byte 0x20, 0x20, 0x20, 0x20, 0x20, 0x20, 0x20, 0x20, 0x20, 0x20, 0x6c, 0x61, 0x6e, 0x67, 0x75, 0x61
  .byte 0x67, 0x65, 0x3a, 0x20, 0x7b, 0x20, 0x74, 0x79, 0x70, 0x65, 0x3a, 0x20, 0x22, 0x73, 0x74, 0x72
  .byte 0x69, 0x6e, 0x67, 0x22, 0x20, 0x7d, 0x2c, 0x0a, 0x20, 0x20, 0x20, 0x20, 0x20, 0x20, 0x20, 0x20
  .byte 0x20, 0x20, 0x20, 0x20, 0x20, 0x20, 0x73, 0x74, 0x61, 0x72, 0x73, 0x3a, 0x20, 0x7b, 0x20, 0x74
  .byte 0x79, 0x70, 0x65, 0x3a, 0x20, 0x22, 0x69, 0x6e, 0x74, 0x65, 0x67, 0x65, 0x72, 0x22, 0x20, 0x7d
  .byte 0x2c, 0x0a, 0x20, 0x20, 0x20, 0x20, 0x20, 0x20, 0x20, 0x20, 0x20, 0x20, 0x20, 0x20, 0x20, 0x20
  .byte 0x66, 0x6f, 0x72, 0x6b, 0x73, 0x3a, 0x20, 0x7b, 0x20, 0x74, 0x79, 0x70, 0x65, 0x3a, 0x20, 0x22
  .byte 0x69, 0x6e, 0x74, 0x65, 0x67, 0x65, 0x72, 0x22, 0x20, 0x7d, 0x2c, 0x0a, 0x20, 0x20, 0x20, 0x20
  .byte 0x20, 0x20, 0x20, 0x20, 0x20, 0x20, 0x20, 0x20, 0x20, 0x20, 0x73, 0x69, 0x7a, 0x65, 0x3a, 0x20
  .byte 0x7b, 0x20, 0x74, 0x79, 0x70, 0x65, 0x3a, 0x20, 0x22, 0x69, 0x6e, 0x74, 0x65, 0x67, 0x65, 0x72
  .byte 0x22, 0x20, 0x7d, 0x2c, 0x0a, 0x20, 0x20, 0x20, 0x20, 0x20, 0x20, 0x20, 0x20, 0x20, 0x20, 0x20
  .byte 0x20, 0x20, 0x20, 0x6f, 0x70, 0x65, 0x6e, 0x5f, 0x69, 0x73, 0x73, 0x75, 0x65, 0x73, 0x3a, 0x20
  .byte 0x7b, 0x20, 0x74, 0x79, 0x70, 0x65, 0x3a, 0x20, 0x22, 0x69, 0x6e, 0x74, 0x65, 0x67, 0x65, 0x72
  .byte 0x22, 0x20, 0x7d, 0x2c, 0x0a, 0x20, 0x20, 0x20, 0x20, 0x20, 0x20, 0x20, 0x20, 0x20, 0x20, 0x20
  .byte 0x20, 0x20, 0x20, 0x75, 0x70, 0x64, 0x61, 0x74, 0x65, 0x64, 0x5f, 0x61, 0x74, 0x3a, 0x20, 0x7b
  .byte 0x20, 0x74, 0x79, 0x70, 0x65, 0x3a, 0x20, 0x22, 0x73, 0x74, 0x72, 0x69, 0x6e, 0x67, 0x22, 0x20
  .byte 0x7d, 0x2c, 0x0a, 0x20, 0x20, 0x20, 0x20, 0x20, 0x20, 0x20, 0x20, 0x20, 0x20, 0x20, 0x20, 0x20
  .byte 0x20, 0x68, 0x74, 0x6d, 0x6c, 0x5f, 0x75, 0x72, 0x6c, 0x3a, 0x20, 0x7b, 0x20, 0x74, 0x79, 0x70
  .byte 0x65, 0x3a, 0x20, 0x22, 0x73, 0x74, 0x72, 0x69, 0x6e, 0x67, 0x22, 0x20, 0x7d, 0x2c, 0x0a, 0x20
  .byte 0x20, 0x20, 0x20, 0x20, 0x20, 0x20, 0x20, 0x20, 0x20, 0x20, 0x20, 0x7d, 0x2c, 0x0a, 0x20, 0x20
  .byte 0x20, 0x20, 0x20, 0x20, 0x20, 0x20, 0x20, 0x20, 0x7d, 0x2c, 0x0a, 0x20, 0x20, 0x20, 0x20, 0x20
  .byte 0x20, 0x20, 0x20, 0x7d, 0x2c, 0x0a, 0x20, 0x20, 0x20, 0x20, 0x20, 0x20, 0x7d, 0x2c, 0x0a, 0x20
  .byte 0x20, 0x20, 0x20, 0x7d, 0x2c, 0x0a, 0x20, 0x20, 0x20, 0x20, 0x61, 0x6e, 0x6e, 0x6f, 0x74, 0x61
  .byte 0x74, 0x69, 0x6f, 0x6e, 0x73, 0x3a, 0x20, 0x7b, 0x20, 0x72, 0x65, 0x61, 0x64, 0x4f, 0x6e, 0x6c
  .byte 0x79, 0x48, 0x69, 0x6e, 0x74, 0x3a, 0x20, 0x74, 0x72, 0x75, 0x65, 0x20, 0x7d, 0x2c, 0x0a, 0x20
  .byte 0x20, 0x7d, 0x2c, 0x0a, 0x20, 0x20, 0x7b, 0x0a, 0x20, 0x20, 0x20, 0x20, 0x6e, 0x61, 0x6d, 0x65
  .byte 0x3a, 0x20, 0x22, 0x67, 0x65, 0x74, 0x5f, 0x6c, 0x61, 0x6e, 0x67, 0x75, 0x61, 0x67, 0x65, 0x73
  .byte 0x22, 0x2c, 0x0a, 0x20, 0x20, 0x20, 0x20, 0x64, 0x65, 0x73, 0x63, 0x72, 0x69, 0x70, 0x74, 0x69
  .byte 0x6f, 0x6e, 0x3a, 0x0a, 0x20, 0x20, 0x20, 0x20, 0x20, 0x20, 0x22, 0x47, 0x65, 0x74, 0x20, 0x61
  .byte 0x67, 0x67, 0x72, 0x65, 0x67, 0x61, 0x74, 0x65, 0x64, 0x20, 0x6c, 0x61, 0x6e, 0x67, 0x75, 0x61
  .byte 0x67, 0x65, 0x20, 0x62, 0x72, 0x65, 0x61, 0x6b, 0x64, 0x6f, 0x77, 0x6e, 0x20, 0x61, 0x63, 0x72
  .byte 0x6f, 0x73, 0x73, 0x20, 0x61, 0x6c, 0x6c, 0x20, 0x72, 0x65, 0x70, 0x6f, 0x73, 0x20, 0xe2, 0x80
  .byte 0x94, 0x20, 0x6c, 0x61, 0x6e, 0x67, 0x75, 0x61, 0x67, 0x65, 0x20, 0x6e, 0x61, 0x6d, 0x65, 0x2c
  .byte 0x20, 0x62, 0x79, 0x74, 0x65, 0x73, 0x20, 0x6f, 0x66, 0x20, 0x63, 0x6f, 0x64, 0x65, 0x2c, 0x20
  .byte 0x6e, 0x75, 0x6d, 0x62, 0x65, 0x72, 0x20, 0x6f, 0x66, 0x20, 0x72, 0x65, 0x70, 0x6f, 0x73, 0x20
  .byte 0x75, 0x73, 0x69, 0x6e, 0x67, 0x20, 0x69, 0x74, 0x2e, 0x20, 0x53, 0x6f, 0x72, 0x74, 0x65, 0x64
  .byte 0x20, 0x62, 0x79, 0x20, 0x62, 0x79, 0x74, 0x65, 0x73, 0x20, 0x64, 0x65, 0x73, 0x63, 0x65, 0x6e
  .byte 0x64, 0x69, 0x6e, 0x67, 0x2e, 0x22, 0x2c, 0x0a, 0x20, 0x20, 0x20, 0x20, 0x69, 0x6e, 0x70, 0x75
  .byte 0x74, 0x53, 0x63, 0x68, 0x65, 0x6d, 0x61, 0x3a, 0x20, 0x7b, 0x20, 0x74, 0x79, 0x70, 0x65, 0x3a
  .byte 0x20, 0x22, 0x6f, 0x62, 0x6a, 0x65, 0x63, 0x74, 0x22, 0x2c, 0x20, 0x70, 0x72, 0x6f, 0x70, 0x65
  .byte 0x72, 0x74, 0x69, 0x65, 0x73, 0x3a, 0x20, 0x7b, 0x7d, 0x20, 0x7d, 0x2c, 0x0a, 0x20, 0x20, 0x20
  .byte 0x20, 0x6f, 0x75, 0x74, 0x70, 0x75, 0x74, 0x53, 0x63, 0x68, 0x65, 0x6d, 0x61, 0x3a, 0x20, 0x7b
  .byte 0x0a, 0x20, 0x20, 0x20, 0x20, 0x20, 0x20, 0x74, 0x79, 0x70, 0x65, 0x3a, 0x20, 0x22, 0x6f, 0x62
  .byte 0x6a, 0x65, 0x63, 0x74, 0x22, 0x2c, 0x0a, 0x20, 0x20, 0x20, 0x20, 0x20, 0x20, 0x70, 0x72, 0x6f
  .byte 0x70, 0x65, 0x72, 0x74, 0x69, 0x65, 0x73, 0x3a, 0x20, 0x7b, 0x0a, 0x20, 0x20, 0x20, 0x20, 0x20
  .byte 0x20, 0x20, 0x20, 0x72, 0x6f, 0x77, 0x73, 0x3a, 0x20, 0x7b, 0x0a, 0x20, 0x20, 0x20, 0x20, 0x20
  .byte 0x20, 0x20, 0x20, 0x20, 0x20, 0x74, 0x79, 0x70, 0x65, 0x3a, 0x20, 0x22, 0x61, 0x72, 0x72, 0x61
  .byte 0x79, 0x22, 0x2c, 0x0a, 0x20, 0x20, 0x20, 0x20, 0x20, 0x20, 0x20, 0x20, 0x20, 0x20, 0x69, 0x74
  .byte 0x65, 0x6d, 0x73, 0x3a, 0x20, 0x7b, 0x0a, 0x20, 0x20, 0x20, 0x20, 0x20, 0x20, 0x20, 0x20, 0x20
  .byte 0x20, 0x20, 0x20, 0x74, 0x79, 0x70, 0x65, 0x3a, 0x20, 0x22, 0x6f, 0x62, 0x6a, 0x65, 0x63, 0x74
  .byte 0x22, 0x2c, 0x0a, 0x20, 0x20, 0x20, 0x20, 0x20, 0x20, 0x20, 0x20, 0x20, 0x20, 0x20, 0x20, 0x70
  .byte 0x72, 0x6f, 0x70, 0x65, 0x72, 0x74, 0x69, 0x65, 0x73, 0x3a, 0x20, 0x7b, 0x0a, 0x20, 0x20, 0x20
  .byte 0x20, 0x20, 0x20, 0x20, 0x20, 0x20, 0x20, 0x20, 0x20, 0x20, 0x20, 0x6c, 0x61, 0x6e, 0x67, 0x75
  .byte 0x61, 0x67, 0x65, 0x3a, 0x20, 0x7b, 0x20, 0x74, 0x79, 0x70, 0x65, 0x3a, 0x20, 0x22, 0x73, 0x74
  .byte 0x72, 0x69, 0x6e, 0x67, 0x22, 0x20, 0x7d, 0x2c, 0x0a, 0x20, 0x20, 0x20, 0x20, 0x20, 0x20, 0x20
  .byte 0x20, 0x20, 0x20, 0x20, 0x20, 0x20, 0x20, 0x62, 0x79, 0x74, 0x65, 0x73, 0x3a, 0x20, 0x7b, 0x20
  .byte 0x74, 0x79, 0x70, 0x65, 0x3a, 0x20, 0x22, 0x69, 0x6e, 0x74, 0x65, 0x67, 0x65, 0x72, 0x22, 0x20
  .byte 0x7d, 0x2c, 0x0a, 0x20, 0x20, 0x20, 0x20, 0x20, 0x20, 0x20, 0x20, 0x20, 0x20, 0x20, 0x20, 0x20
  .byte 0x20, 0x72, 0x65, 0x70, 0x6f, 0x73, 0x5f, 0x63, 0x6f, 0x75, 0x6e, 0x74, 0x3a, 0x20, 0x7b, 0x20
  .byte 0x74, 0x79, 0x70, 0x65, 0x3a, 0x20, 0x22, 0x69, 0x6e, 0x74, 0x65, 0x67, 0x65, 0x72, 0x22, 0x20
  .byte 0x7d, 0x2c, 0x0a, 0x20, 0x20, 0x20, 0x20, 0x20, 0x20, 0x20, 0x20, 0x20, 0x20, 0x20, 0x20, 0x7d
  .byte 0x2c, 0x0a, 0x20, 0x20, 0x20, 0x20, 0x20, 0x20, 0x20, 0x20, 0x20, 0x20, 0x7d, 0x2c, 0x0a, 0x20
  .byte 0x20, 0x20, 0x20, 0x20, 0x20, 0x20, 0x20, 0x7d, 0x2c, 0x0a, 0x20, 0x20, 0x20, 0x20, 0x20, 0x20
  .byte 0x7d, 0x2c, 0x0a, 0x20, 0x20, 0x20, 0x20, 0x7d, 0x2c, 0x0a, 0x20, 0x20, 0x20, 0x20, 0x61, 0x6e
  .byte 0x6e, 0x6f, 0x74, 0x61, 0x74, 0x69, 0x6f, 0x6e, 0x73, 0x3a, 0x20, 0x7b, 0x20, 0x72, 0x65, 0x61
  .byte 0x64, 0x4f, 0x6e, 0x6c, 0x79, 0x48, 0x69, 0x6e, 0x74, 0x3a, 0x20, 0x74, 0x72, 0x75, 0x65, 0x20
  .byte 0x7d, 0x2c, 0x0a, 0x20, 0x20, 0x7d, 0x2c, 0x0a, 0x20, 0x20, 0x7b, 0x0a, 0x20, 0x20, 0x20, 0x20
  .byte 0x6e, 0x61, 0x6d, 0x65, 0x3a, 0x20, 0x22, 0x67, 0x65, 0x74, 0x5f, 0x65, 0x76, 0x65, 0x6e, 0x74
  .byte 0x73, 0x22, 0x2c, 0x0a, 0x20, 0x20, 0x20, 0x20, 0x64, 0x65, 0x73, 0x63, 0x72, 0x69, 0x70, 0x74
  .byte 0x69, 0x6f, 0x6e, 0x3a, 0x0a, 0x20, 0x20, 0x20, 0x20, 0x20, 0x20, 0x22, 0x47, 0x65, 0x74, 0x20
  .byte 0x74, 0x68, 0x65, 0x20, 0x75, 0x73, 0x65, 0x72, 0x27, 0x73, 0x20, 0x72, 0x65, 0x63, 0x65, 0x6e
  .byte 0x74, 0x20, 0x70, 0x75, 0x62, 0x6c, 0x69, 0x63, 0x20, 0x65, 0x76, 0x65, 0x6e, 0x74, 0x73, 0x20
  .byte 0x28, 0x70, 0x75, 0x73, 0x68, 0x65, 0x73, 0x2c, 0x20, 0x50, 0x52, 0x73, 0x2c, 0x20, 0x69, 0x73
  .byte 0x73, 0x75, 0x65, 0x73, 0x2c, 0x20, 0x72, 0x65, 0x76, 0x69, 0x65, 0x77, 0x73, 0x2c, 0x20, 0x66
  .byte 0x6f, 0x72, 0x6b, 0x73, 0x2c, 0x20, 0x73, 0x74, 0x61, 0x72, 0x73, 0x29, 0x20, 0x66, 0x72, 0x6f
  .byte 0x6d, 0x20, 0x74, 0x68, 0x65, 0x20, 0x6c, 0x61, 0x73, 0x74, 0x20, 0x33, 0x30, 0x20, 0x64, 0x61
  .byte 0x79, 0x73, 0x2e, 0x20, 0x52, 0x65, 0x74, 0x75, 0x72, 0x6e, 0x73, 0x20, 0x65, 0x76, 0x65, 0x6e
  .byte 0x74, 0x20, 0x72, 0x6f, 0x77, 0x73, 0x20, 0x2b, 0x20, 0x73, 0x75, 0x6d, 0x6d, 0x61, 0x72, 0x79
  .byte 0x20, 0x63, 0x6f, 0x75, 0x6e, 0x74, 0x73, 0x2e, 0x22, 0x2c, 0x0a, 0x20, 0x20, 0x20, 0x20, 0x69
  .byte 0x6e, 0x70, 0x75, 0x74, 0x53, 0x63, 0x68, 0x65, 0x6d, 0x61, 0x3a, 0x20, 0x7b, 0x20, 0x74, 0x79
  .byte 0x70, 0x65, 0x3a, 0x20, 0x22, 0x6f, 0x62, 0x6a, 0x65, 0x63, 0x74, 0x22, 0x2c, 0x20, 0x70, 0x72
  .byte 0x6f, 0x70, 0x65, 0x72, 0x74, 0x69, 0x65, 0x73, 0x3a, 0x20, 0x7b, 0x7d, 0x20, 0x7d, 0x2c, 0x0a
  .byte 0x20, 0x20, 0x20, 0x20, 0x6f, 0x75, 0x74, 0x70, 0x75, 0x74, 0x53, 0x63, 0x68, 0x65, 0x6d, 0x61
  .byte 0x3a, 0x20, 0x7b, 0x0a, 0x20, 0x20, 0x20, 0x20, 0x20, 0x20, 0x74, 0x79, 0x70, 0x65, 0x3a, 0x20
  .byte 0x22, 0x6f, 0x62, 0x6a, 0x65, 0x63, 0x74, 0x22, 0x2c, 0x0a, 0x20, 0x20, 0x20, 0x20, 0x20, 0x20
  .byte 0x70, 0x72, 0x6f, 0x70, 0x65, 0x72, 0x74, 0x69, 0x65, 0x73, 0x3a, 0x20, 0x7b, 0x0a, 0x20, 0x20
  .byte 0x20, 0x20, 0x20, 0x20, 0x20, 0x20, 0x72, 0x6f, 0x77, 0x73, 0x3a, 0x20, 0x7b, 0x0a, 0x20, 0x20
  .byte 0x20, 0x20, 0x20, 0x20, 0x20, 0x20, 0x20, 0x20, 0x74, 0x79, 0x70, 0x65, 0x3a, 0x20, 0x22, 0x61
  .byte 0x72, 0x72, 0x61, 0x79, 0x22, 0x2c, 0x0a, 0x20, 0x20, 0x20, 0x20, 0x20, 0x20, 0x20, 0x20, 0x20
  .byte 0x20, 0x69, 0x74, 0x65, 0x6d, 0x73, 0x3a, 0x20, 0x7b, 0x0a, 0x20, 0x20, 0x20, 0x20, 0x20, 0x20
  .byte 0x20, 0x20, 0x20, 0x20, 0x20, 0x20, 0x74, 0x79, 0x70, 0x65, 0x3a, 0x20, 0x22, 0x6f, 0x62, 0x6a
  .byte 0x65, 0x63, 0x74, 0x22, 0x2c, 0x0a, 0x20, 0x20, 0x20, 0x20, 0x20, 0x20, 0x20, 0x20, 0x20, 0x20
  .byte 0x20, 0x20, 0x70, 0x72, 0x6f, 0x70, 0x65, 0x72, 0x74, 0x69, 0x65, 0x73, 0x3a, 0x20, 0x7b, 0x0a
  .byte 0x20, 0x20, 0x20, 0x20, 0x20, 0x20, 0x20, 0x20, 0x20, 0x20, 0x20, 0x20, 0x20, 0x20, 0x74, 0x79
  .byte 0x70, 0x65, 0x3a, 0x20, 0x7b, 0x20, 0x74, 0x79, 0x70, 0x65, 0x3a, 0x20, 0x22, 0x73, 0x74, 0x72
  .byte 0x69, 0x6e, 0x67, 0x22, 0x20, 0x7d, 0x2c, 0x0a, 0x20, 0x20, 0x20, 0x20, 0x20, 0x20, 0x20, 0x20
  .byte 0x20, 0x20, 0x20, 0x20, 0x20, 0x20, 0x72, 0x65, 0x70, 0x6f, 0x3a, 0x20, 0x7b, 0x20, 0x74, 0x79
  .byte 0x70, 0x65, 0x3a, 0x20, 0x22, 0x73, 0x74, 0x72, 0x69, 0x6e, 0x67, 0x22, 0x20, 0x7d, 0x2c, 0x0a
  .byte 0x20, 0x20, 0x20, 0x20, 0x20, 0x20, 0x20, 0x20, 0x20, 0x20, 0x20, 0x20, 0x20, 0x20, 0x64, 0x61
  .byte 0x74, 0x65, 0x3a, 0x20, 0x7b, 0x20, 0x74, 0x79, 0x70, 0x65, 0x3a, 0x20, 0x22, 0x73, 0x74, 0x72
  .byte 0x69, 0x6e, 0x67, 0x22, 0x20, 0x7d, 0x2c, 0x0a, 0x20, 0x20, 0x20, 0x20, 0x20, 0x20, 0x20, 0x20
  .byte 0x20, 0x20, 0x20, 0x20, 0x20, 0x20, 0x63, 0x6f, 0x75, 0x6e, 0x74, 0x3a, 0x20, 0x7b, 0x20, 0x74
  .byte 0x79, 0x70, 0x65, 0x3a, 0x20, 0x22, 0x69, 0x6e, 0x74, 0x65, 0x67, 0x65, 0x72, 0x22, 0x20, 0x7d
  .byte 0x2c, 0x0a, 0x20, 0x20, 0x20, 0x20, 0x20, 0x20, 0x20, 0x20, 0x20, 0x20, 0x20, 0x20, 0x7d, 0x2c
  .byte 0x0a, 0x20, 0x20, 0x20, 0x20, 0x20, 0x20, 0x20, 0x20, 0x20, 0x20, 0x7d, 0x2c, 0x0a, 0x20, 0x20
  .byte 0x20, 0x20, 0x20, 0x20, 0x20, 0x20, 0x7d, 0x2c, 0x0a, 0x20, 0x20, 0x20, 0x20, 0x20, 0x20, 0x20
  .byte 0x20, 0x73, 0x75, 0x6d, 0x6d, 0x61, 0x72, 0x79, 0x3a, 0x20, 0x7b, 0x0a, 0x20, 0x20, 0x20, 0x20
  .byte 0x20, 0x20, 0x20, 0x20, 0x20, 0x20, 0x74, 0x79, 0x70, 0x65, 0x3a, 0x20, 0x22, 0x6f, 0x62, 0x6a
  .byte 0x65, 0x63, 0x74, 0x22, 0x2c, 0x0a, 0x20, 0x20, 0x20, 0x20, 0x20, 0x20, 0x20, 0x20, 0x20, 0x20
  .byte 0x70, 0x72, 0x6f, 0x70, 0x65, 0x72, 0x74, 0x69, 0x65, 0x73, 0x3a, 0x20, 0x7b, 0x0a, 0x20, 0x20
  .byte 0x20, 0x20, 0x20, 0x20, 0x20, 0x20, 0x20, 0x20, 0x20, 0x20, 0x74, 0x6f, 0x74, 0x61, 0x6c, 0x3a
  .byte 0x20, 0x7b, 0x20, 0x74, 0x79, 0x70, 0x65, 0x3a, 0x20, 0x22, 0x69, 0x6e, 0x74, 0x65, 0x67, 0x65
  .byte 0x72, 0x22, 0x20, 0x7d, 0x2c, 0x0a, 0x20, 0x20, 0x20, 0x20, 0x20, 0x20, 0x20, 0x20, 0x20, 0x20
  .byte 0x20, 0x20, 0x70, 0x75, 0x73, 0x68, 0x3a, 0x20, 0x7b, 0x20, 0x74, 0x79, 0x70, 0x65, 0x3a, 0x20
  .byte 0x22, 0x69, 0x6e, 0x74, 0x65, 0x67, 0x65, 0x72, 0x22, 0x20, 0x7d, 0x2c, 0x0a, 0x20, 0x20, 0x20
  .byte 0x20, 0x20, 0x20, 0x20, 0x20, 0x20, 0x20, 0x20, 0x20, 0x70, 0x72, 0x3a, 0x20, 0x7b, 0x20, 0x74
  .byte 0x79, 0x70, 0x65, 0x3a, 0x20, 0x22, 0x69, 0x6e, 0x74, 0x65, 0x67, 0x65, 0x72, 0x22, 0x20, 0x7d
  .byte 0x2c, 0x0a, 0x20, 0x20, 0x20, 0x20, 0x20, 0x20, 0x20, 0x20, 0x20, 0x20, 0x20, 0x20, 0x69, 0x73
  .byte 0x73, 0x75, 0x65, 0x73, 0x3a, 0x20, 0x7b, 0x20, 0x74, 0x79, 0x70, 0x65, 0x3a, 0x20, 0x22, 0x69
  .byte 0x6e, 0x74, 0x65, 0x67, 0x65, 0x72, 0x22, 0x20, 0x7d, 0x2c, 0x0a, 0x20, 0x20, 0x20, 0x20, 0x20
  .byte 0x20, 0x20, 0x20, 0x20, 0x20, 0x20, 0x20, 0x72, 0x65, 0x76, 0x69, 0x65, 0x77, 0x73, 0x3a, 0x20
  .byte 0x7b, 0x20, 0x74, 0x79, 0x70, 0x65, 0x3a, 0x20, 0x22, 0x69, 0x6e, 0x74, 0x65, 0x67, 0x65, 0x72
  .byte 0x22, 0x20, 0x7d, 0x2c, 0x0a, 0x20, 0x20, 0x20, 0x20, 0x20, 0x20, 0x20, 0x20, 0x20, 0x20, 0x7d
  .byte 0x2c, 0x0a, 0x20, 0x20, 0x20, 0x20, 0x20, 0x20, 0x20, 0x20, 0x7d, 0x2c, 0x0a, 0x20, 0x20, 0x20
  .byte 0x20, 0x20, 0x20, 0x7d, 0x2c, 0x0a, 0x20, 0x20, 0x20, 0x20, 0x7d, 0x2c, 0x0a, 0x20, 0x20, 0x20
  .byte 0x20, 0x61, 0x6e, 0x6e, 0x6f, 0x74, 0x61, 0x74, 0x69, 0x6f, 0x6e, 0x73, 0x3a, 0x20, 0x7b, 0x20
  .byte 0x72, 0x65, 0x61, 0x64, 0x4f, 0x6e, 0x6c, 0x79, 0x48, 0x69, 0x6e, 0x74, 0x3a, 0x20, 0x74, 0x72
  .byte 0x75, 0x65, 0x20, 0x7d, 0x2c, 0x0a, 0x20, 0x20, 0x7d, 0x2c, 0x0a, 0x20, 0x20, 0x7b, 0x0a, 0x20
  .byte 0x20, 0x20, 0x20, 0x6e, 0x61, 0x6d, 0x65, 0x3a, 0x20, 0x22, 0x67, 0x65, 0x74, 0x5f, 0x63, 0x6f
  .byte 0x6d, 0x6d, 0x69, 0x74, 0x5f, 0x61, 0x63, 0x74, 0x69, 0x76, 0x69, 0x74, 0x79, 0x22, 0x2c, 0x0a
  .byte 0x20, 0x20, 0x20, 0x20, 0x64, 0x65, 0x73, 0x63, 0x72, 0x69, 0x70, 0x74, 0x69, 0x6f, 0x6e, 0x3a
  .byte 0x20, 0x22, 0x47, 0x65, 0x74, 0x20, 0x77, 0x65, 0x65, 0x6b, 0x6c, 0x79, 0x20, 0x63, 0x6f, 0x6d
  .byte 0x6d, 0x69, 0x74, 0x20, 0x63, 0x6f, 0x75, 0x6e, 0x74, 0x73, 0x20, 0x66, 0x6f, 0x72, 0x20, 0x61
  .byte 0x20, 0x73, 0x70, 0x65, 0x63, 0x69, 0x66, 0x69, 0x63, 0x20, 0x72, 0x65, 0x70, 0x6f, 0x20, 0x6f
  .byte 0x76, 0x65, 0x72, 0x20, 0x74, 0x68, 0x65, 0x20, 0x70, 0x61, 0x73, 0x74, 0x20, 0x79, 0x65, 0x61
  .byte 0x72, 0x20, 0x28, 0x35, 0x32, 0x20, 0x77, 0x65, 0x65, 0x6b, 0x73, 0x29, 0x2e, 0x22, 0x2c, 0x0a
  .byte 0x20, 0x20, 0x20, 0x20, 0x69, 0x6e, 0x70, 0x75, 0x74, 0x53, 0x63, 0x68, 0x65, 0x6d, 0x61, 0x3a
  .byte 0x20, 0x7b, 0x0a, 0x20, 0x20, 0x20, 0x20, 0x20, 0x20, 0x74, 0x79, 0x70, 0x65, 0x3a, 0x20, 0x22
  .byte 0x6f, 0x62, 0x6a, 0x65, 0x63, 0x74, 0x22, 0x2c, 0x0a, 0x20, 0x20, 0x20, 0x20, 0x20, 0x20, 0x70
  .byte 0x72, 0x6f, 0x70, 0x65, 0x72, 0x74, 0x69, 0x65, 0x73, 0x3a, 0x20, 0x7b, 0x0a, 0x20, 0x20, 0x20
  .byte 0x20, 0x20, 0x20, 0x20, 0x20, 0x72, 0x65, 0x70, 0x6f, 0x3a, 0x20, 0x7b, 0x0a, 0x20, 0x20, 0x20
  .byte 0x20, 0x20, 0x20, 0x20, 0x20, 0x20, 0x20, 0x74, 0x79, 0x70, 0x65, 0x3a, 0x20, 0x22, 0x73, 0x74
  .byte 0x72, 0x69, 0x6e, 0x67, 0x22, 0x2c, 0x0a, 0x20, 0x20, 0x20, 0x20, 0x20, 0x20, 0x20, 0x20, 0x20
  .byte 0x20, 0x64, 0x65, 0x73, 0x63, 0x72, 0x69, 0x70, 0x74, 0x69, 0x6f, 0x6e, 0x3a, 0x0a, 0x20, 0x20
  .byte 0x20, 0x20, 0x20, 0x20, 0x20, 0x20, 0x20, 0x20, 0x20, 0x20, 0x27, 0x52, 0x65, 0x70, 0x6f, 0x73
  .byte 0x69, 0x74, 0x6f, 0x72, 0x79, 0x20, 0x6e, 0x61, 0x6d, 0x65, 0x20, 0x28, 0x6a, 0x75, 0x73, 0x74
  .byte 0x20, 0x74, 0x68, 0x65, 0x20, 0x6e, 0x61, 0x6d, 0x65, 0x2c, 0x20, 0x6e, 0x6f, 0x74, 0x20, 0x66
  .byte 0x75, 0x6c, 0x6c, 0x20, 0x70, 0x61, 0x74, 0x68, 0x20, 0xe2, 0x80, 0x94, 0x20, 0x65, 0x2e, 0x67
  .byte 0x2e, 0x20, 0x22, 0x6c, 0x69, 0x6e, 0x75, 0x78, 0x22, 0x20, 0x6e, 0x6f, 0x74, 0x20, 0x22, 0x74
  .byte 0x6f, 0x72, 0x76, 0x61, 0x6c, 0x64, 0x73, 0x2f, 0x6c, 0x69, 0x6e, 0x75, 0x78, 0x22, 0x29, 0x27
  .byte 0x2c, 0x0a, 0x20, 0x20, 0x20, 0x20, 0x20, 0x20, 0x20, 0x20, 0x7d, 0x2c, 0x0a, 0x20, 0x20, 0x20
  .byte 0x20, 0x20, 0x20, 0x7d, 0x2c, 0x0a, 0x20, 0x20, 0x20, 0x20, 0x20, 0x20, 0x72, 0x65, 0x71, 0x75
  .byte 0x69, 0x72, 0x65, 0x64, 0x3a, 0x20, 0x5b, 0x22, 0x72, 0x65, 0x70, 0x6f, 0x22, 0x5d, 0x2c, 0x0a
  .byte 0x20, 0x20, 0x20, 0x20, 0x7d, 0x2c, 0x0a, 0x20, 0x20, 0x20, 0x20, 0x6f, 0x75, 0x74, 0x70, 0x75
  .byte 0x74, 0x53, 0x63, 0x68, 0x65, 0x6d, 0x61, 0x3a, 0x20, 0x7b, 0x0a, 0x20, 0x20, 0x20, 0x20, 0x20
  .byte 0x20, 0x74, 0x79, 0x70, 0x65, 0x3a, 0x20, 0x22, 0x6f, 0x62, 0x6a, 0x65, 0x63, 0x74, 0x22, 0x2c
  .byte 0x0a, 0x20, 0x20, 0x20, 0x20, 0x20, 0x20, 0x70, 0x72, 0x6f, 0x70, 0x65, 0x72, 0x74, 0x69, 0x65
  .byte 0x73, 0x3a, 0x20, 0x7b, 0x0a, 0x20, 0x20, 0x20, 0x20, 0x20, 0x20, 0x20, 0x20, 0x72, 0x6f, 0x77
  .byte 0x73, 0x3a, 0x20, 0x7b, 0x0a, 0x20, 0x20, 0x20, 0x20, 0x20, 0x20, 0x20, 0x20, 0x20, 0x20, 0x74
  .byte 0x79, 0x70, 0x65, 0x3a, 0x20, 0x22, 0x61, 0x72, 0x72, 0x61, 0x79, 0x22, 0x2c, 0x0a, 0x20, 0x20
  .byte 0x20, 0x20, 0x20, 0x20, 0x20, 0x20, 0x20, 0x20, 0x69, 0x74, 0x65, 0x6d, 0x73, 0x3a, 0x20, 0x7b
  .byte 0x0a, 0x20, 0x20, 0x20, 0x20, 0x20, 0x20, 0x20, 0x20, 0x20, 0x20, 0x20, 0x20, 0x74, 0x79, 0x70
  .byte 0x65, 0x3a, 0x20, 0x22, 0x6f, 0x62, 0x6a, 0x65, 0x63, 0x74, 0x22, 0x2c, 0x0a, 0x20, 0x20, 0x20
  .byte 0x20, 0x20, 0x20, 0x20, 0x20, 0x20, 0x20, 0x20, 0x20, 0x70, 0x72, 0x6f, 0x70, 0x65, 0x72, 0x74
  .byte 0x69, 0x65, 0x73, 0x3a, 0x20, 0x7b, 0x0a, 0x20, 0x20, 0x20, 0x20, 0x20, 0x20, 0x20, 0x20, 0x20
  .byte 0x20, 0x20, 0x20, 0x20, 0x20, 0x77, 0x65, 0x65, 0x6b, 0x3a, 0x20, 0x7b, 0x20, 0x74, 0x79, 0x70
  .byte 0x65, 0x3a, 0x20, 0x22, 0x73, 0x74, 0x72, 0x69, 0x6e, 0x67, 0x22, 0x20, 0x7d, 0x2c, 0x0a, 0x20
  .byte 0x20, 0x20, 0x20, 0x20, 0x20, 0x20, 0x20, 0x20, 0x20, 0x20, 0x20, 0x20, 0x20, 0x74, 0x6f, 0x74
  .byte 0x61, 0x6c, 0x3a, 0x20, 0x7b, 0x20, 0x74, 0x79, 0x70, 0x65, 0x3a, 0x20, 0x22, 0x69, 0x6e, 0x74
  .byte 0x65, 0x67, 0x65, 0x72, 0x22, 0x20, 0x7d, 0x2c, 0x0a, 0x20, 0x20, 0x20, 0x20, 0x20, 0x20, 0x20
  .byte 0x20, 0x20, 0x20, 0x20, 0x20, 0x7d, 0x2c, 0x0a, 0x20, 0x20, 0x20, 0x20, 0x20, 0x20, 0x20, 0x20
  .byte 0x20, 0x20, 0x7d, 0x2c, 0x0a, 0x20, 0x20, 0x20, 0x20, 0x20, 0x20, 0x20, 0x20, 0x7d, 0x2c, 0x0a
  .byte 0x20, 0x20, 0x20, 0x20, 0x20, 0x20, 0x7d, 0x2c, 0x0a, 0x20, 0x20, 0x20, 0x20, 0x7d, 0x2c, 0x0a
  .byte 0x20, 0x20, 0x20, 0x20, 0x61, 0x6e, 0x6e, 0x6f, 0x74, 0x61, 0x74, 0x69, 0x6f, 0x6e, 0x73, 0x3a
  .byte 0x20, 0x7b, 0x20, 0x72, 0x65, 0x61, 0x64, 0x4f, 0x6e, 0x6c, 0x79, 0x48, 0x69, 0x6e, 0x74, 0x3a
  .byte 0x20, 0x74, 0x72, 0x75, 0x65, 0x20, 0x7d, 0x2c, 0x0a, 0x20, 0x20, 0x7d, 0x2c, 0x0a, 0x20, 0x20
  .byte 0x7b, 0x0a, 0x20, 0x20, 0x20, 0x20, 0x6e, 0x61, 0x6d, 0x65, 0x3a, 0x20, 0x22, 0x67, 0x65, 0x74
  .byte 0x5f, 0x73, 0x74, 0x61, 0x72, 0x5f, 0x68, 0x69, 0x73, 0x74, 0x6f, 0x72, 0x79, 0x22, 0x2c, 0x0a
  .byte 0x20, 0x20, 0x20, 0x20, 0x64, 0x65, 0x73, 0x63, 0x72, 0x69, 0x70, 0x74, 0x69, 0x6f, 0x6e, 0x3a
  .byte 0x0a, 0x20, 0x20, 0x20, 0x20, 0x20, 0x20, 0x22, 0x47, 0x65, 0x74, 0x20, 0x73, 0x74, 0x61, 0x72
  .byte 0x20, 0x68, 0x69, 0x73, 0x74, 0x6f, 0x72, 0x79, 0x20, 0x66, 0x6f, 0x72, 0x20, 0x61, 0x20, 0x72
  .byte 0x65, 0x70, 0x6f, 0x20, 0xe2, 0x80, 0x94, 0x20, 0x77, 0x68, 0x6f, 0x20, 0x73, 0x74, 0x61, 0x72
  .byte 0x72, 0x65, 0x64, 0x20, 0x69, 0x74, 0x20, 0x61, 0x6e, 0x64, 0x20, 0x77, 0x68, 0x65, 0x6e, 0x2c
  .byte 0x20, 0x77, 0x69, 0x74, 0x68, 0x20, 0x63, 0x75, 0x6d, 0x75, 0x6c, 0x61, 0x74, 0x69, 0x76, 0x65
  .byte 0x20, 0x63, 0x6f, 0x75, 0x6e, 0x74, 0x20, 0x66, 0x6f, 0x72, 0x20, 0x63, 0x68, 0x61, 0x72, 0x74
  .byte 0x69, 0x6e, 0x67, 0x2e, 0x22, 0x2c, 0x0a, 0x20, 0x20, 0x20, 0x20, 0x69, 0x6e, 0x70, 0x75, 0x74
  .byte 0x53, 0x63, 0x68, 0x65, 0x6d, 0x61, 0x3a, 0x20, 0x7b, 0x0a, 0x20, 0x20, 0x20, 0x20, 0x20, 0x20
  .byte 0x74, 0x79, 0x70, 0x65, 0x3a, 0x20, 0x22, 0x6f, 0x62, 0x6a, 0x65, 0x63, 0x74, 0x22, 0x2c, 0x0a
  .byte 0x20, 0x20, 0x20, 0x20, 0x20, 0x20, 0x70, 0x72, 0x6f, 0x70, 0x65, 0x72, 0x74, 0x69, 0x65, 0x73
  .byte 0x3a, 0x20, 0x7b, 0x0a, 0x20, 0x20, 0x20, 0x20, 0x20, 0x20, 0x20, 0x20, 0x72, 0x65, 0x70, 0x6f
  .byte 0x3a, 0x20, 0x7b, 0x0a, 0x20, 0x20, 0x20, 0x20, 0x20, 0x20, 0x20, 0x20, 0x20, 0x20, 0x74, 0x79
  .byte 0x70, 0x65, 0x3a, 0x20, 0x22, 0x73, 0x74, 0x72, 0x69, 0x6e, 0x67, 0x22, 0x2c, 0x0a, 0x20, 0x20
  .byte 0x20, 0x20, 0x20, 0x20, 0x20, 0x20, 0x20, 0x20, 0x64, 0x65, 0x73, 0x63, 0x72, 0x69, 0x70, 0x74
  .byte 0x69, 0x6f, 0x6e, 0x3a, 0x20, 0x22, 0x52, 0x65, 0x70, 0x6f, 0x73, 0x69, 0x74, 0x6f, 0x72, 0x79
  .byte 0x20, 0x6e, 0x61, 0x6d, 0x65, 0x20, 0x28, 0x65, 0x2e, 0x67, 0x2e, 0x20, 0x27, 0x6c, 0x69, 0x6e
  .byte 0x75, 0x78, 0x27, 0x29, 0x22, 0x2c, 0x0a, 0x20, 0x20, 0x20, 0x20, 0x20, 0x20, 0x20, 0x20, 0x7d
  .byte 0x2c, 0x0a, 0x20, 0x20, 0x20, 0x20, 0x20, 0x20, 0x7d, 0x2c, 0x0a, 0x20, 0x20, 0x20, 0x20, 0x20
  .byte 0x20, 0x72, 0x65, 0x71, 0x75, 0x69, 0x72, 0x65, 0x64, 0x3a, 0x20, 0x5b, 0x22, 0x72, 0x65, 0x70
  .byte 0x6f, 0x22, 0x5d, 0x2c, 0x0a, 0x20, 0x20, 0x20, 0x20, 0x7d, 0x2c, 0x0a, 0x20, 0x20, 0x20, 0x20
  .byte 0x6f, 0x75, 0x74, 0x70, 0x75, 0x74, 0x53, 0x63, 0x68, 0x65, 0x6d, 0x61, 0x3a, 0x20, 0x7b, 0x0a
  .byte 0x20, 0x20, 0x20, 0x20, 0x20, 0x20, 0x74, 0x79, 0x70, 0x65, 0x3a, 0x20, 0x22, 0x6f, 0x62, 0x6a
  .byte 0x65, 0x63, 0x74, 0x22, 0x2c, 0x0a, 0x20, 0x20, 0x20, 0x20, 0x20, 0x20, 0x70, 0x72, 0x6f, 0x70
  .byte 0x65, 0x72, 0x74, 0x69, 0x65, 0x73, 0x3a, 0x20, 0x7b, 0x0a, 0x20, 0x20, 0x20, 0x20, 0x20, 0x20
  .byte 0x20, 0x20, 0x72, 0x6f, 0x77, 0x73, 0x3a, 0x20, 0x7b, 0x0a, 0x20, 0x20, 0x20, 0x20, 0x20, 0x20
  .byte 0x20, 0x20, 0x20, 0x20, 0x74, 0x79, 0x70, 0x65, 0x3a, 0x20, 0x22, 0x61, 0x72, 0x72, 0x61, 0x79
  .byte 0x22, 0x2c, 0x0a, 0x20, 0x20, 0x20, 0x20, 0x20, 0x20, 0x20, 0x20, 0x20, 0x20, 0x69, 0x74, 0x65
  .byte 0x6d, 0x73, 0x3a, 0x20, 0x7b, 0x0a, 0x20, 0x20, 0x20, 0x20, 0x20, 0x20, 0x20, 0x20, 0x20, 0x20
  .byte 0x20, 0x20, 0x74, 0x79, 0x70, 0x65, 0x3a, 0x20, 0x22, 0x6f, 0x62, 0x6a, 0x65, 0x63, 0x74, 0x22
  .byte 0x2c, 0x0a, 0x20, 0x20, 0x20, 0x20, 0x20, 0x20, 0x20, 0x20, 0x20, 0x20, 0x20, 0x20, 0x70, 0x72
  .byte 0x6f, 0x70, 0x65, 0x72, 0x74, 0x69, 0x65, 0x73, 0x3a, 0x20, 0x7b, 0x0a, 0x20, 0x20, 0x20, 0x20
  .byte 0x20, 0x20, 0x20, 0x20, 0x20, 0x20, 0x20, 0x20, 0x20, 0x20, 0x73, 0x74, 0x61, 0x72, 0x72, 0x65
  .byte 0x64, 0x5f, 0x61, 0x74, 0x3a, 0x20, 0x7b, 0x20, 0x74, 0x79, 0x70, 0x65, 0x3a, 0x20, 0x22, 0x73
  .byte 0x74, 0x72, 0x69, 0x6e, 0x67, 0x22, 0x20, 0x7d, 0x2c, 0x0a, 0x20, 0x20, 0x20, 0x20, 0x20, 0x20
  .byte 0x20, 0x20, 0x20, 0x20, 0x20, 0x20, 0x20, 0x20, 0x63, 0x75, 0x6d, 0x75, 0x6c, 0x61, 0x74, 0x69
  .byte 0x76, 0x65, 0x3a, 0x20, 0x7b, 0x20, 0x74, 0x79, 0x70, 0x65, 0x3a, 0x20, 0x22, 0x69, 0x6e, 0x74
  .byte 0x65, 0x67, 0x65, 0x72, 0x22, 0x20, 0x7d, 0x2c, 0x0a, 0x20, 0x20, 0x20, 0x20, 0x20, 0x20, 0x20
  .byte 0x20, 0x20, 0x20, 0x20, 0x20, 0x7d, 0x2c, 0x0a, 0x20, 0x20, 0x20, 0x20, 0x20, 0x20, 0x20, 0x20
  .byte 0x20, 0x20, 0x7d, 0x2c, 0x0a, 0x20, 0x20, 0x20, 0x20, 0x20, 0x20, 0x20, 0x20, 0x7d, 0x2c, 0x0a
  .byte 0x20, 0x20, 0x20, 0x20, 0x20, 0x20, 0x7d, 0x2c, 0x0a, 0x20, 0x20, 0x20, 0x20, 0x7d, 0x2c, 0x0a
  .byte 0x20, 0x20, 0x20, 0x20, 0x61, 0x6e, 0x6e, 0x6f, 0x74, 0x61, 0x74, 0x69, 0x6f, 0x6e, 0x73, 0x3a
  .byte 0x20, 0x7b, 0x20, 0x72, 0x65, 0x61, 0x64, 0x4f, 0x6e, 0x6c, 0x79, 0x48, 0x69, 0x6e, 0x74, 0x3a
  .byte 0x20, 0x74, 0x72, 0x75, 0x65, 0x20, 0x7d, 0x2c, 0x0a, 0x20, 0x20, 0x7d, 0x2c, 0x0a, 0x20, 0x20
  .byte 0x7b, 0x0a, 0x20, 0x20, 0x20, 0x20, 0x6e, 0x61, 0x6d, 0x65, 0x3a, 0x20, 0x22, 0x67, 0x65, 0x74
  .byte 0x5f, 0x63, 0x6f, 0x6e, 0x74, 0x72, 0x69, 0x62, 0x75, 0x74, 0x6f, 0x72, 0x73, 0x22, 0x2c, 0x0a
  .byte 0x20, 0x20, 0x20, 0x20, 0x64, 0x65, 0x73, 0x63, 0x72, 0x69, 0x70, 0x74, 0x69, 0x6f, 0x6e, 0x3a
  .byte 0x20, 0x22, 0x47, 0x65, 0x74, 0x20, 0x63, 0x6f, 0x6e, 0x74, 0x72, 0x69, 0x62, 0x75, 0x74, 0x6f
  .byte 0x72, 0x20, 0x73, 0x74, 0x61, 0x74, 0x73, 0x20, 0x66, 0x6f, 0x72, 0x20, 0x61, 0x20, 0x72, 0x65
  .byte 0x70, 0x6f, 0x20, 0xe2, 0x80, 0x94, 0x20, 0x6c, 0x6f, 0x67, 0x69, 0x6e, 0x2c, 0x20, 0x61, 0x76
  .byte 0x61, 0x74, 0x61, 0x72, 0x2c, 0x20, 0x74, 0x6f, 0x74, 0x61, 0x6c, 0x20, 0x63, 0x6f, 0x6d, 0x6d
  .byte 0x69, 0x74, 0x73, 0x2e, 0x22, 0x2c, 0x0a, 0x20, 0x20, 0x20, 0x20, 0x69, 0x6e, 0x70, 0x75, 0x74
  .byte 0x53, 0x63, 0x68, 0x65, 0x6d, 0x61, 0x3a, 0x20, 0x7b, 0x0a, 0x20, 0x20, 0x20, 0x20, 0x20, 0x20
  .byte 0x74, 0x79, 0x70, 0x65, 0x3a, 0x20, 0x22, 0x6f, 0x62, 0x6a, 0x65, 0x63, 0x74, 0x22, 0x2c, 0x0a
  .byte 0x20, 0x20, 0x20, 0x20, 0x20, 0x20, 0x70, 0x72, 0x6f, 0x70, 0x65, 0x72, 0x74, 0x69, 0x65, 0x73
  .byte 0x3a, 0x20, 0x7b, 0x0a, 0x20, 0x20, 0x20, 0x20, 0x20, 0x20, 0x20, 0x20, 0x72, 0x65, 0x70, 0x6f
  .byte 0x3a, 0x20, 0x7b, 0x0a, 0x20, 0x20, 0x20, 0x20, 0x20, 0x20, 0x20, 0x20, 0x20, 0x20, 0x74, 0x79
  .byte 0x70, 0x65, 0x3a, 0x20, 0x22, 0x73, 0x74, 0x72, 0x69, 0x6e, 0x67, 0x22, 0x2c, 0x0a, 0x20, 0x20
  .byte 0x20, 0x20, 0x20, 0x20, 0x20, 0x20, 0x20, 0x20, 0x64, 0x65, 0x73, 0x63, 0x72, 0x69, 0x70, 0x74
  .byte 0x69, 0x6f, 0x6e, 0x3a, 0x20, 0x22, 0x52, 0x65, 0x70, 0x6f, 0x73, 0x69, 0x74, 0x6f, 0x72, 0x79
  .byte 0x20, 0x6e, 0x61, 0x6d, 0x65, 0x20, 0x28, 0x65, 0x2e, 0x67, 0x2e, 0x20, 0x27, 0x6c, 0x69, 0x6e
  .byte 0x75, 0x78, 0x27, 0x29, 0x22, 0x2c, 0x0a, 0x20, 0x20, 0x20, 0x20, 0x20, 0x20, 0x20, 0x20, 0x7d
  .byte 0x2c, 0x0a, 0x20, 0x20, 0x20, 0x20, 0x20, 0x20, 0x7d, 0x2c, 0x0a, 0x20, 0x20, 0x20, 0x20, 0x20
  .byte 0x20, 0x72, 0x65, 0x71, 0x75, 0x69, 0x72, 0x65, 0x64, 0x3a, 0x20, 0x5b, 0x22, 0x72, 0x65, 0x70
  .byte 0x6f, 0x22, 0x5d, 0x2c, 0x0a, 0x20, 0x20, 0x20, 0x20, 0x7d, 0x2c, 0x0a, 0x20, 0x20, 0x20, 0x20
  .byte 0x6f, 0x75, 0x74, 0x70, 0x75, 0x74, 0x53, 0x63, 0x68, 0x65, 0x6d, 0x61, 0x3a, 0x20, 0x7b, 0x0a
  .byte 0x20, 0x20, 0x20, 0x20, 0x20, 0x20, 0x74, 0x79, 0x70, 0x65, 0x3a, 0x20, 0x22, 0x6f, 0x62, 0x6a
  .byte 0x65, 0x63, 0x74, 0x22, 0x2c, 0x0a, 0x20, 0x20, 0x20, 0x20, 0x20, 0x20, 0x70, 0x72, 0x6f, 0x70
  .byte 0x65, 0x72, 0x74, 0x69, 0x65, 0x73, 0x3a, 0x20, 0x7b, 0x0a, 0x20, 0x20, 0x20, 0x20, 0x20, 0x20
  .byte 0x20, 0x20, 0x72, 0x6f, 0x77, 0x73, 0x3a, 0x20, 0x7b, 0x0a, 0x20, 0x20, 0x20, 0x20, 0x20, 0x20
  .byte 0x20, 0x20, 0x20, 0x20, 0x74, 0x79, 0x70, 0x65, 0x3a, 0x20, 0x22, 0x61, 0x72, 0x72, 0x61, 0x79
  .byte 0x22, 0x2c, 0x0a, 0x20, 0x20, 0x20, 0x20, 0x20, 0x20, 0x20, 0x20, 0x20, 0x20, 0x69, 0x74, 0x65
  .byte 0x6d, 0x73, 0x3a, 0x20, 0x7b, 0x0a, 0x20, 0x20, 0x20, 0x20, 0x20, 0x20, 0x20, 0x20, 0x20, 0x20
  .byte 0x20, 0x20, 0x74, 0x79, 0x70, 0x65, 0x3a, 0x20, 0x22, 0x6f, 0x62, 0x6a, 0x65, 0x63, 0x74, 0x22
  .byte 0x2c, 0x0a, 0x20, 0x20, 0x20, 0x20, 0x20, 0x20, 0x20, 0x20, 0x20, 0x20, 0x20, 0x20, 0x70, 0x72
  .byte 0x6f, 0x70, 0x65, 0x72, 0x74, 0x69, 0x65, 0x73, 0x3a, 0x20, 0x7b, 0x0a, 0x20, 0x20, 0x20, 0x20
  .byte 0x20, 0x20, 0x20, 0x20, 0x20, 0x20, 0x20, 0x20, 0x20, 0x20, 0x6c, 0x6f, 0x67, 0x69, 0x6e, 0x3a
  .byte 0x20, 0x7b, 0x20, 0x74, 0x79, 0x70, 0x65, 0x3a, 0x20, 0x22, 0x73, 0x74, 0x72, 0x69, 0x6e, 0x67
  .byte 0x22, 0x20, 0x7d, 0x2c, 0x0a, 0x20, 0x20, 0x20, 0x20, 0x20, 0x20, 0x20, 0x20, 0x20, 0x20, 0x20
  .byte 0x20, 0x20, 0x20, 0x61, 0x76, 0x61, 0x74, 0x61, 0x72, 0x5f, 0x75, 0x72, 0x6c, 0x3a, 0x20, 0x7b
  .byte 0x20, 0x74, 0x79, 0x70, 0x65, 0x3a, 0x20, 0x22, 0x73, 0x74, 0x72, 0x69, 0x6e, 0x67, 0x22, 0x20
  .byte 0x7d, 0x2c, 0x0a, 0x20, 0x20, 0x20, 0x20, 0x20, 0x20, 0x20, 0x20, 0x20, 0x20, 0x20, 0x20, 0x20
  .byte 0x20, 0x74, 0x6f, 0x74, 0x61, 0x6c, 0x5f, 0x63, 0x6f, 0x6d, 0x6d, 0x69, 0x74, 0x73, 0x3a, 0x20
  .byte 0x7b, 0x20, 0x74, 0x79, 0x70, 0x65, 0x3a, 0x20, 0x22, 0x69, 0x6e, 0x74, 0x65, 0x67, 0x65, 0x72
  .byte 0x22, 0x20, 0x7d, 0x2c, 0x0a, 0x20, 0x20, 0x20, 0x20, 0x20, 0x20, 0x20, 0x20, 0x20, 0x20, 0x20
  .byte 0x20, 0x7d, 0x2c, 0x0a, 0x20, 0x20, 0x20, 0x20, 0x20, 0x20, 0x20, 0x20, 0x20, 0x20, 0x7d, 0x2c
  .byte 0x0a, 0x20, 0x20, 0x20, 0x20, 0x20, 0x20, 0x20, 0x20, 0x7d, 0x2c, 0x0a, 0x20, 0x20, 0x20, 0x20
  .byte 0x20, 0x20, 0x7d, 0x2c, 0x0a, 0x20, 0x20, 0x20, 0x20, 0x7d, 0x2c, 0x0a, 0x20, 0x20, 0x20, 0x20
  .byte 0x61, 0x6e, 0x6e, 0x6f, 0x74, 0x61, 0x74, 0x69, 0x6f, 0x6e, 0x73, 0x3a, 0x20, 0x7b, 0x20, 0x72
  .byte 0x65, 0x61, 0x64, 0x4f, 0x6e, 0x6c, 0x79, 0x48, 0x69, 0x6e, 0x74, 0x3a, 0x20, 0x74, 0x72, 0x75
  .byte 0x65, 0x20, 0x7d, 0x2c, 0x0a, 0x20, 0x20, 0x7d, 0x2c, 0x0a, 0x20, 0x20, 0x7b, 0x0a, 0x20, 0x20
  .byte 0x20, 0x20, 0x6e, 0x61, 0x6d, 0x65, 0x3a, 0x20, 0x22, 0x73, 0x61, 0x76, 0x65, 0x5f, 0x62, 0x6f
  .byte 0x6f, 0x6b, 0x6d, 0x61, 0x72, 0x6b, 0x22, 0x2c, 0x0a, 0x20, 0x20, 0x20, 0x20, 0x64, 0x65, 0x73
  .byte 0x63, 0x72, 0x69, 0x70, 0x74, 0x69, 0x6f, 0x6e, 0x3a, 0x0a, 0x20, 0x20, 0x20, 0x20, 0x20, 0x20
  .byte 0x22, 0x53, 0x61, 0x76, 0x65, 0x20, 0x61, 0x20, 0x72, 0x65, 0x70, 0x6f, 0x73, 0x69, 0x74, 0x6f
  .byte 0x72, 0x79, 0x20, 0x62, 0x6f, 0x6f, 0x6b, 0x6d, 0x61, 0x72, 0x6b, 0x20, 0x77, 0x69, 0x74, 0x68
  .byte 0x20, 0x61, 0x20, 0x6e, 0x6f, 0x74, 0x65, 0x20, 0x61, 0x6e, 0x64, 0x20, 0x74, 0x61, 0x67, 0x2e
  .byte 0x20, 0x55, 0x70, 0x73, 0x65, 0x72, 0x74, 0x73, 0x20, 0xe2, 0x80, 0x94, 0x20, 0x73, 0x61, 0x76
  .byte 0x69, 0x6e, 0x67, 0x20, 0x74, 0x68, 0x65, 0x20, 0x73, 0x61, 0x6d, 0x65, 0x20, 0x72, 0x65, 0x70
  .byte 0x6f, 0x20, 0x75, 0x70, 0x64, 0x61, 0x74, 0x65, 0x73, 0x20, 0x69, 0x74, 0x2e, 0x22, 0x2c, 0x0a
  .byte 0x20, 0x20, 0x20, 0x20, 0x69, 0x6e, 0x70, 0x75, 0x74, 0x53, 0x63, 0x68, 0x65, 0x6d, 0x61, 0x3a
  .byte 0x20, 0x7b, 0x0a, 0x20, 0x20, 0x20, 0x20, 0x20, 0x20, 0x74, 0x79, 0x70, 0x65, 0x3a, 0x20, 0x22
  .byte 0x6f, 0x62, 0x6a, 0x65, 0x63, 0x74, 0x22, 0x2c, 0x0a, 0x20, 0x20, 0x20, 0x20, 0x20, 0x20, 0x70
  .byte 0x72, 0x6f, 0x70, 0x65, 0x72, 0x74, 0x69, 0x65, 0x73, 0x3a, 0x20, 0x7b, 0x0a, 0x20, 0x20, 0x20
  .byte 0x20, 0x20, 0x20, 0x20, 0x20, 0x72, 0x65, 0x70, 0x6f, 0x3a, 0x20, 0x7b, 0x20, 0x74, 0x79, 0x70
  .byte 0x65, 0x3a, 0x20, 0x22, 0x73, 0x74, 0x72, 0x69, 0x6e, 0x67, 0x22, 0x2c, 0x20, 0x64, 0x65, 0x73
  .byte 0x63, 0x72, 0x69, 0x70, 0x74, 0x69, 0x6f, 0x6e, 0x3a, 0x20, 0x22, 0x52, 0x65, 0x70, 0x6f, 0x73
  .byte 0x69, 0x74, 0x6f, 0x72, 0x79, 0x20, 0x6e, 0x61, 0x6d, 0x65, 0x20, 0x74, 0x6f, 0x20, 0x62, 0x6f
  .byte 0x6f, 0x6b, 0x6d, 0x61, 0x72, 0x6b, 0x22, 0x20, 0x7d, 0x2c, 0x0a, 0x20, 0x20, 0x20, 0x20, 0x20
  .byte 0x20, 0x20, 0x20, 0x6e, 0x6f, 0x74, 0x65, 0x3a, 0x20, 0x7b, 0x20, 0x74, 0x79, 0x70, 0x65, 0x3a
  .byte 0x20, 0x22, 0x73, 0x74, 0x72, 0x69, 0x6e, 0x67, 0x22, 0x2c, 0x20, 0x64, 0x65, 0x73, 0x63, 0x72
  .byte 0x69, 0x70, 0x74, 0x69, 0x6f, 0x6e, 0x3a, 0x20, 0x22, 0x55, 0x73, 0x65, 0x72, 0x20, 0x6e, 0x6f
  .byte 0x74, 0x65, 0x20, 0x61, 0x62, 0x6f, 0x75, 0x74, 0x20, 0x74, 0x68, 0x65, 0x20, 0x72, 0x65, 0x70
  .byte 0x6f, 0x22, 0x20, 0x7d, 0x2c, 0x0a, 0x20, 0x20, 0x20, 0x20, 0x20, 0x20, 0x20, 0x20, 0x74, 0x61
  .byte 0x67, 0x3a, 0x20, 0x7b, 0x0a, 0x20, 0x20, 0x20, 0x20, 0x20, 0x20, 0x20, 0x20, 0x20, 0x20, 0x74
  .byte 0x79, 0x70, 0x65, 0x3a, 0x20, 0x22, 0x73, 0x74, 0x72, 0x69, 0x6e, 0x67, 0x22, 0x2c, 0x0a, 0x20
  .byte 0x20, 0x20, 0x20, 0x20, 0x20, 0x20, 0x20, 0x20, 0x20, 0x65, 0x6e, 0x75, 0x6d, 0x3a, 0x20, 0x5b
  .byte 0x22, 0x69, 0x6d, 0x70, 0x6f, 0x72, 0x74, 0x61, 0x6e, 0x74, 0x22, 0x2c, 0x20, 0x22, 0x72, 0x65
  .byte 0x76, 0x69, 0x65, 0x77, 0x22, 0x2c, 0x20, 0x22, 0x6c, 0x65, 0x61, 0x72, 0x6e, 0x69, 0x6e, 0x67
  .byte 0x22, 0x2c, 0x20, 0x22, 0x66, 0x61, 0x76, 0x6f, 0x72, 0x69, 0x74, 0x65, 0x22, 0x5d, 0x2c, 0x0a
  .byte 0x20, 0x20, 0x20, 0x20, 0x20, 0x20, 0x20, 0x20, 0x20, 0x20, 0x64, 0x65, 0x73, 0x63, 0x72, 0x69
  .byte 0x70, 0x74, 0x69, 0x6f, 0x6e, 0x3a, 0x20, 0x22, 0x54, 0x61, 0x67, 0x20, 0x63, 0x61, 0x74, 0x65
  .byte 0x67, 0x6f, 0x72, 0x79, 0x22, 0x2c, 0x0a, 0x20, 0x20, 0x20, 0x20, 0x20, 0x20, 0x20, 0x20, 0x7d
  .byte 0x2c, 0x0a, 0x20, 0x20, 0x20, 0x20, 0x20, 0x20, 0x7d, 0x2c, 0x0a, 0x20, 0x20, 0x20, 0x20, 0x20
  .byte 0x20, 0x72, 0x65, 0x71, 0x75, 0x69, 0x72, 0x65, 0x64, 0x3a, 0x20, 0x5b, 0x22, 0x72, 0x65, 0x70
  .byte 0x6f, 0x22, 0x5d, 0x2c, 0x0a, 0x20, 0x20, 0x20, 0x20, 0x7d, 0x2c, 0x0a, 0x20, 0x20, 0x20, 0x20
  .byte 0x6f, 0x75, 0x74, 0x70, 0x75, 0x74, 0x53, 0x63, 0x68, 0x65, 0x6d, 0x61, 0x3a, 0x20, 0x7b, 0x0a
  .byte 0x20, 0x20, 0x20, 0x20, 0x20, 0x20, 0x74, 0x79, 0x70, 0x65, 0x3a, 0x20, 0x22, 0x6f, 0x62, 0x6a
  .byte 0x65, 0x63, 0x74, 0x22, 0x2c, 0x0a, 0x20, 0x20, 0x20, 0x20, 0x20, 0x20, 0x70, 0x72, 0x6f, 0x70
  .byte 0x65, 0x72, 0x74, 0x69, 0x65, 0x73, 0x3a, 0x20, 0x7b, 0x0a, 0x20, 0x20, 0x20, 0x20, 0x20, 0x20
  .byte 0x20, 0x20, 0x73, 0x75, 0x63, 0x63, 0x65, 0x73, 0x73, 0x3a, 0x20, 0x7b, 0x20, 0x74, 0x79, 0x70
  .byte 0x65, 0x3a, 0x20, 0x22, 0x62, 0x6f, 0x6f, 0x6c, 0x65, 0x61, 0x6e, 0x22, 0x20, 0x7d, 0x2c, 0x0a
  .byte 0x20, 0x20, 0x20, 0x20, 0x20, 0x20, 0x7d, 0x2c, 0x0a, 0x20, 0x20, 0x20, 0x20, 0x7d, 0x2c, 0x0a
  .byte 0x20, 0x20, 0x20, 0x20, 0x61, 0x6e, 0x6e, 0x6f, 0x74, 0x61, 0x74, 0x69, 0x6f, 0x6e, 0x73, 0x3a
  .byte 0x20, 0x7b, 0x20, 0x72, 0x65, 0x61, 0x64, 0x4f, 0x6e, 0x6c, 0x79, 0x48, 0x69, 0x6e, 0x74, 0x3a
  .byte 0x20, 0x66, 0x61, 0x6c, 0x73, 0x65, 0x20, 0x7d, 0x2c, 0x0a, 0x20, 0x20, 0x7d, 0x2c, 0x0a, 0x20
  .byte 0x20, 0x7b, 0x0a, 0x20, 0x20, 0x20, 0x20, 0x6e, 0x61, 0x6d, 0x65, 0x3a, 0x20, 0x22, 0x67, 0x65
  .byte 0x74, 0x5f, 0x62, 0x6f, 0x6f, 0x6b, 0x6d, 0x61, 0x72, 0x6b, 0x73, 0x22, 0x2c, 0x0a, 0x20, 0x20
  .byte 0x20, 0x20, 0x64, 0x65, 0x73, 0x63, 0x72, 0x69, 0x70, 0x74, 0x69, 0x6f, 0x6e, 0x3a, 0x20, 0x22
  .byte 0x47, 0x65, 0x74, 0x20, 0x61, 0x6c, 0x6c, 0x20, 0x73, 0x61, 0x76, 0x65, 0x64, 0x20, 0x62, 0x6f
  .byte 0x6f, 0x6b, 0x6d, 0x61, 0x72, 0x6b, 0x73, 0x20, 0x66, 0x6f, 0x72, 0x20, 0x74, 0x68, 0x65, 0x20
  .byte 0x63, 0x75, 0x72, 0x72, 0x65, 0x6e, 0x74, 0x20, 0x75, 0x73, 0x65, 0x72, 0x2e, 0x22, 0x2c, 0x0a
  .byte 0x20, 0x20, 0x20, 0x20, 0x69, 0x6e, 0x70, 0x75, 0x74, 0x53, 0x63, 0x68, 0x65, 0x6d, 0x61, 0x3a
  .byte 0x20, 0x7b, 0x20, 0x74, 0x79, 0x70, 0x65, 0x3a, 0x20, 0x22, 0x6f, 0x62, 0x6a, 0x65, 0x63, 0x74
  .byte 0x22, 0x2c, 0x20, 0x70, 0x72, 0x6f, 0x70, 0x65, 0x72, 0x74, 0x69, 0x65, 0x73, 0x3a, 0x20, 0x7b
  .byte 0x7d, 0x20, 0x7d, 0x2c, 0x0a, 0x20, 0x20, 0x20, 0x20, 0x6f, 0x75, 0x74, 0x70, 0x75, 0x74, 0x53
  .byte 0x63, 0x68, 0x65, 0x6d, 0x61, 0x3a, 0x20, 0x7b, 0x0a, 0x20, 0x20, 0x20, 0x20, 0x20, 0x20, 0x74
  .byte 0x79, 0x70, 0x65, 0x3a, 0x20, 0x22, 0x6f, 0x62, 0x6a, 0x65, 0x63, 0x74, 0x22, 0x2c, 0x0a, 0x20
  .byte 0x20, 0x20, 0x20, 0x20, 0x20, 0x70, 0x72, 0x6f, 0x70, 0x65, 0x72, 0x74, 0x69, 0x65, 0x73, 0x3a
  .byte 0x20, 0x7b, 0x0a, 0x20, 0x20, 0x20, 0x20, 0x20, 0x20, 0x20, 0x20, 0x72, 0x6f, 0x77, 0x73, 0x3a
  .byte 0x20, 0x7b, 0x0a, 0x20, 0x20, 0x20, 0x20, 0x20, 0x20, 0x20, 0x20, 0x20, 0x20, 0x74, 0x79, 0x70
  .byte 0x65, 0x3a, 0x20, 0x22, 0x61, 0x72, 0x72, 0x61, 0x79, 0x22, 0x2c, 0x0a, 0x20, 0x20, 0x20, 0x20
  .byte 0x20, 0x20, 0x20, 0x20, 0x20, 0x20, 0x69, 0x74, 0x65, 0x6d, 0x73, 0x3a, 0x20, 0x7b, 0x0a, 0x20
  .byte 0x20, 0x20, 0x20, 0x20, 0x20, 0x20, 0x20, 0x20, 0x20, 0x20, 0x20, 0x74, 0x79, 0x70, 0x65, 0x3a
  .byte 0x20, 0x22, 0x6f, 0x62, 0x6a, 0x65, 0x63, 0x74, 0x22, 0x2c, 0x0a, 0x20, 0x20, 0x20, 0x20, 0x20
  .byte 0x20, 0x20, 0x20, 0x20, 0x20, 0x20, 0x20, 0x70, 0x72, 0x6f, 0x70, 0x65, 0x72, 0x74, 0x69, 0x65
  .byte 0x73, 0x3a, 0x20, 0x7b, 0x0a, 0x20, 0x20, 0x20, 0x20, 0x20, 0x20, 0x20, 0x20, 0x20, 0x20, 0x20
  .byte 0x20, 0x20, 0x20, 0x72, 0x65, 0x70, 0x6f, 0x3a, 0x20, 0x7b, 0x20, 0x74, 0x79, 0x70, 0x65, 0x3a
  .byte 0x20, 0x22, 0x73, 0x74, 0x72, 0x69, 0x6e, 0x67, 0x22, 0x20, 0x7d, 0x2c, 0x0a, 0x20, 0x20, 0x20
  .byte 0x20, 0x20, 0x20, 0x20, 0x20, 0x20, 0x20, 0x20, 0x20, 0x20, 0x20, 0x6e, 0x6f, 0x74, 0x65, 0x3a
  .byte 0x20, 0x7b, 0x20, 0x74, 0x79, 0x70, 0x65, 0x3a, 0x20, 0x22, 0x73, 0x74, 0x72, 0x69, 0x6e, 0x67
  .byte 0x22, 0x20, 0x7d, 0x2c, 0x0a, 0x20, 0x20, 0x20, 0x20, 0x20, 0x20, 0x20, 0x20, 0x20, 0x20, 0x20
  .byte 0x20, 0x20, 0x20, 0x74, 0x61, 0x67, 0x3a, 0x20, 0x7b, 0x20, 0x74, 0x79, 0x70, 0x65, 0x3a, 0x20
  .byte 0x22, 0x73, 0x74, 0x72, 0x69, 0x6e, 0x67, 0x22, 0x20, 0x7d, 0x2c, 0x0a, 0x20, 0x20, 0x20, 0x20
  .byte 0x20, 0x20, 0x20, 0x20, 0x20, 0x20, 0x20, 0x20, 0x20, 0x20, 0x63, 0x72, 0x65, 0x61, 0x74, 0x65
  .byte 0x64, 0x5f, 0x61, 0x74, 0x3a, 0x20, 0x7b, 0x20, 0x74, 0x79, 0x70, 0x65, 0x3a, 0x20, 0x22, 0x73
  .byte 0x74, 0x72, 0x69, 0x6e, 0x67, 0x22, 0x20, 0x7d, 0x2c, 0x0a, 0x20, 0x20, 0x20, 0x20, 0x20, 0x20
  .byte 0x20, 0x20, 0x20, 0x20, 0x20, 0x20, 0x7d, 0x2c, 0x0a, 0x20, 0x20, 0x20, 0x20, 0x20, 0x20, 0x20
  .byte 0x20, 0x20, 0x20, 0x7d, 0x2c, 0x0a, 0x20, 0x20, 0x20, 0x20, 0x20, 0x20, 0x20, 0x20, 0x7d, 0x2c
  .byte 0x0a, 0x20, 0x20, 0x20, 0x20, 0x20, 0x20, 0x7d, 0x2c, 0x0a, 0x20, 0x20, 0x20, 0x20, 0x7d, 0x2c
  .byte 0x0a, 0x20, 0x20, 0x20, 0x20, 0x61, 0x6e, 0x6e, 0x6f, 0x74, 0x61, 0x74, 0x69, 0x6f, 0x6e, 0x73
  .byte 0x3a, 0x20, 0x7b, 0x20, 0x72, 0x65, 0x61, 0x64, 0x4f, 0x6e, 0x6c, 0x79, 0x48, 0x69, 0x6e, 0x74
  .byte 0x3a, 0x20, 0x74, 0x72, 0x75, 0x65, 0x20, 0x7d, 0x2c, 0x0a, 0x20, 0x20, 0x7d, 0x2c, 0x0a, 0x20
  .byte 0x20, 0x7b, 0x0a, 0x20, 0x20, 0x20, 0x20, 0x6e, 0x61, 0x6d, 0x65, 0x3a, 0x20, 0x22, 0x64, 0x65
  .byte 0x6c, 0x65, 0x74, 0x65, 0x5f, 0x62, 0x6f, 0x6f, 0x6b, 0x6d, 0x61, 0x72, 0x6b, 0x22, 0x2c, 0x0a
  .byte 0x20, 0x20, 0x20, 0x20, 0x64, 0x65, 0x73, 0x63, 0x72, 0x69, 0x70, 0x74, 0x69, 0x6f, 0x6e, 0x3a
  .byte 0x20, 0x22, 0x44, 0x65, 0x6c, 0x65, 0x74, 0x65, 0x20, 0x61, 0x20, 0x62, 0x6f, 0x6f, 0x6b, 0x6d
  .byte 0x61, 0x72, 0x6b, 0x20, 0x62, 0x79, 0x20, 0x72, 0x65, 0x70, 0x6f, 0x20, 0x6e, 0x61, 0x6d, 0x65
  .byte 0x2e, 0x22, 0x2c, 0x0a, 0x20, 0x20, 0x20, 0x20, 0x69, 0x6e, 0x70, 0x75, 0x74, 0x53, 0x63, 0x68
  .byte 0x65, 0x6d, 0x61, 0x3a, 0x20, 0x7b, 0x0a, 0x20, 0x20, 0x20, 0x20, 0x20, 0x20, 0x74, 0x79, 0x70
  .byte 0x65, 0x3a, 0x20, 0x22, 0x6f, 0x62, 0x6a, 0x65, 0x63, 0x74, 0x22, 0x2c, 0x0a, 0x20, 0x20, 0x20
  .byte 0x20, 0x20, 0x20, 0x70, 0x72, 0x6f, 0x70, 0x65, 0x72, 0x74, 0x69, 0x65, 0x73, 0x3a, 0x20, 0x7b
  .byte 0x0a, 0x20, 0x20, 0x20, 0x20, 0x20, 0x20, 0x20, 0x20, 0x72, 0x65, 0x70, 0x6f, 0x3a, 0x20, 0x7b
  .byte 0x20, 0x74, 0x79, 0x70, 0x65, 0x3a, 0x20, 0x22, 0x73, 0x74, 0x72, 0x69, 0x6e, 0x67, 0x22, 0x2c
  .byte 0x20, 0x64, 0x65, 0x73, 0x63, 0x72, 0x69, 0x70, 0x74, 0x69, 0x6f, 0x6e, 0x3a, 0x20, 0x22, 0x52
  .byte 0x65, 0x70, 0x6f, 0x73, 0x69, 0x74, 0x6f, 0x72, 0x79, 0x20, 0x6e, 0x61, 0x6d, 0x65, 0x20, 0x74
  .byte 0x6f, 0x20, 0x72, 0x65, 0x6d, 0x6f, 0x76, 0x65, 0x22, 0x20, 0x7d, 0x2c, 0x0a, 0x20, 0x20, 0x20
  .byte 0x20, 0x20, 0x20, 0x7d, 0x2c, 0x0a, 0x20, 0x20, 0x20, 0x20, 0x20, 0x20, 0x72, 0x65, 0x71, 0x75
  .byte 0x69, 0x72, 0x65, 0x64, 0x3a, 0x20, 0x5b, 0x22, 0x72, 0x65, 0x70, 0x6f, 0x22, 0x5d, 0x2c, 0x0a
  .byte 0x20, 0x20, 0x20, 0x20, 0x7d, 0x2c, 0x0a, 0x20, 0x20, 0x20, 0x20, 0x6f, 0x75, 0x74, 0x70, 0x75
  .byte 0x74, 0x53, 0x63, 0x68, 0x65, 0x6d, 0x61, 0x3a, 0x20, 0x7b, 0x0a, 0x20, 0x20, 0x20, 0x20, 0x20
  .byte 0x20, 0x74, 0x79, 0x70, 0x65, 0x3a, 0x20, 0x22, 0x6f, 0x62, 0x6a, 0x65, 0x63, 0x74, 0x22, 0x2c
  .byte 0x0a, 0x20, 0x20, 0x20, 0x20, 0x20, 0x20, 0x70, 0x72, 0x6f, 0x70, 0x65, 0x72, 0x74, 0x69, 0x65
  .byte 0x73, 0x3a, 0x20, 0x7b, 0x0a, 0x20, 0x20, 0x20, 0x20, 0x20, 0x20, 0x20, 0x20, 0x73, 0x75, 0x63
  .byte 0x63, 0x65, 0x73, 0x73, 0x3a, 0x20, 0x7b, 0x20, 0x74, 0x79, 0x70, 0x65, 0x3a, 0x20, 0x22, 0x62
  .byte 0x6f, 0x6f, 0x6c, 0x65, 0x61, 0x6e, 0x22, 0x20, 0x7d, 0x2c, 0x0a, 0x20, 0x20, 0x20, 0x20, 0x20
  .byte 0x20, 0x7d, 0x2c, 0x0a, 0x20, 0x20, 0x20, 0x20, 0x7d, 0x2c, 0x0a, 0x20, 0x20, 0x20, 0x20, 0x61
  .byte 0x6e, 0x6e, 0x6f, 0x74, 0x61, 0x74, 0x69, 0x6f, 0x6e, 0x73, 0x3a, 0x20, 0x7b, 0x20, 0x72, 0x65
  .byte 0x61, 0x64, 0x4f, 0x6e, 0x6c, 0x79, 0x48, 0x69, 0x6e, 0x74, 0x3a, 0x20, 0x66, 0x61, 0x6c, 0x73
  .byte 0x65, 0x2c, 0x20, 0x64, 0x65, 0x73, 0x74, 0x72, 0x75, 0x63, 0x74, 0x69, 0x76, 0x65, 0x48, 0x69
  .byte 0x6e, 0x74, 0x3a, 0x20, 0x74, 0x72, 0x75, 0x65, 0x20, 0x7d, 0x2c, 0x0a, 0x20, 0x20, 0x7d, 0x2c
  .byte 0x0a, 0x5d, 0x3b, 0x0a

  .globl openui_full_port_docs_app_demo_github_github_types_ts_ebd93b4b3e30_pass_4_len
openui_full_port_docs_app_demo_github_github_types_ts_ebd93b4b3e30_pass_4_len:
  .quad 8964
