# OpenUI mechanical full assembly port
# source: translations/zh-CN/CODE_OF_CONDUCT.md
# sha256: c84bd55c369e396117598c48222fc8d0481be8d33e1c18a6d7e7fe54810b04ff
# bytes: 5101
# assembly passes: 4
  .section .rodata
# assembly pass: 1/4
  .globl openui_full_port_translations_zh_CN_CODE_OF_CONDUCT_md_c84bd55c369e
openui_full_port_translations_zh_CN_CODE_OF_CONDUCT_md_c84bd55c369e:
  .byte 0x23, 0x20, 0x43, 0x6f, 0x6e, 0x74, 0x72, 0x69, 0x62, 0x75, 0x74, 0x6f, 0x72, 0x20, 0x43, 0x6f
  .byte 0x76, 0x65, 0x6e, 0x61, 0x6e, 0x74, 0x20, 0xe8, 0xa1, 0x8c, 0xe4, 0xb8, 0xba, 0xe5, 0x87, 0x86
  .byte 0xe5, 0x88, 0x99, 0x0a, 0x0a, 0x23, 0x23, 0x20, 0xe6, 0x88, 0x91, 0xe4, 0xbb, 0xac, 0xe7, 0x9a
  .byte 0x84, 0xe6, 0x89, 0xbf, 0xe8, 0xaf, 0xba, 0x0a, 0x0a, 0xe4, 0xbd, 0x9c, 0xe4, 0xb8, 0xba, 0xe6
  .byte 0x88, 0x90, 0xe5, 0x91, 0x98, 0xe3, 0x80, 0x81, 0xe8, 0xb4, 0xa1, 0xe7, 0x8c, 0xae, 0xe8, 0x80
  .byte 0x85, 0xe5, 0x92, 0x8c, 0xe7, 0xa4, 0xbe, 0xe5, 0x8c, 0xba, 0xe9, 0xa2, 0x86, 0xe5, 0xaf, 0xbc
  .byte 0xe8, 0x80, 0x85, 0xef, 0xbc, 0x8c, 0xe6, 0x88, 0x91, 0xe4, 0xbb, 0xac, 0xe6, 0x89, 0xbf, 0xe8
  .byte 0xaf, 0xba, 0xe8, 0xae, 0xa9, 0xe6, 0xaf, 0x8f, 0xe4, 0xb8, 0xaa, 0xe4, 0xba, 0xba, 0xe9, 0x83
  .byte 0xbd, 0xe8, 0x83, 0xbd, 0xe5, 0x9c, 0xa8, 0xe7, 0xa4, 0xbe, 0xe5, 0x8c, 0xba, 0xe4, 0xb8, 0xad
  .byte 0xe8, 0x8e, 0xb7, 0xe5, 0xbe, 0x97, 0xe5, 0x85, 0x8d, 0xe5, 0x8f, 0x97, 0xe9, 0xaa, 0x9a, 0xe6
  .byte 0x89, 0xb0, 0xe7, 0x9a, 0x84, 0xe5, 0x8f, 0x82, 0xe4, 0xb8, 0x8e, 0xe4, 0xbd, 0x93, 0xe9, 0xaa
  .byte 0x8c, 0xef, 0xbc, 0x8c, 0xe4, 0xb8, 0x8d, 0xe5, 0x9b, 0xa0, 0xe5, 0xb9, 0xb4, 0xe9, 0xbe, 0x84
  .byte 0xe3, 0x80, 0x81, 0xe4, 0xbd, 0x93, 0xe5, 0x9e, 0x8b, 0xe3, 0x80, 0x81, 0xe5, 0x8f, 0xaf, 0xe8
  .byte 0xa7, 0x81, 0xe6, 0x88, 0x96, 0xe4, 0xb8, 0x8d, 0xe5, 0x8f, 0xaf, 0xe8, 0xa7, 0x81, 0xe7, 0x9a
  .byte 0x84, 0xe6, 0xae, 0x8b, 0xe9, 0x9a, 0x9c, 0xe3, 0x80, 0x81, 0xe6, 0x97, 0x8f, 0xe8, 0xa3, 0x94
  .byte 0xe3, 0x80, 0x81, 0xe6, 0x80, 0xa7, 0xe7, 0x89, 0xb9, 0xe5, 0xbe, 0x81, 0xe3, 0x80, 0x81, 0xe6
  .byte 0x80, 0xa7, 0xe5, 0x88, 0xab, 0xe8, 0xae, 0xa4, 0xe5, 0x90, 0x8c, 0xe4, 0xb8, 0x8e, 0xe8, 0xa1
  .byte 0xa8, 0xe8, 0xbe, 0xbe, 0xe3, 0x80, 0x81, 0xe7, 0xbb, 0x8f, 0xe9, 0xaa, 0x8c, 0xe6, 0xb0, 0xb4
  .byte 0xe5, 0xb9, 0xb3, 0xe3, 0x80, 0x81, 0xe6, 0x95, 0x99, 0xe8, 0x82, 0xb2, 0xe7, 0xa8, 0x8b, 0xe5
  .byte 0xba, 0xa6, 0xe3, 0x80, 0x81, 0xe7, 0xa4, 0xbe, 0xe4, 0xbc, 0x9a, 0xe7, 0xbb, 0x8f, 0xe6, 0xb5
  .byte 0x8e, 0xe5, 0x9c, 0xb0, 0xe4, 0xbd, 0x8d, 0xe3, 0x80, 0x81, 0xe5, 0x9b, 0xbd, 0xe7, 0xb1, 0x8d
  .byte 0xe3, 0x80, 0x81, 0xe4, 0xb8, 0xaa, 0xe4, 0xba, 0xba, 0xe5, 0xa4, 0x96, 0xe8, 0xb2, 0x8c, 0xe3
  .byte 0x80, 0x81, 0xe7, 0xa7, 0x8d, 0xe6, 0x97, 0x8f, 0xe3, 0x80, 0x81, 0xe7, 0xa7, 0x8d, 0xe5, 0xa7
  .byte 0x93, 0xe3, 0x80, 0x81, 0xe8, 0x82, 0xa4, 0xe8, 0x89, 0xb2, 0xe3, 0x80, 0x81, 0xe5, 0xae, 0x97
  .byte 0xe6, 0x95, 0x99, 0xe6, 0x88, 0x96, 0xe6, 0x80, 0xa7, 0xe8, 0xae, 0xa4, 0xe5, 0x90, 0x8c, 0xe4
  .byte 0xb8, 0x8e, 0xe6, 0x80, 0xa7, 0xe5, 0x8f, 0x96, 0xe5, 0x90, 0x91, 0xe8, 0x80, 0x8c, 0xe5, 0x8f
  .byte 0x97, 0xe5, 0x88, 0xb0, 0xe5, 0x8c, 0xba, 0xe5, 0x88, 0xab, 0xe5, 0xaf, 0xb9, 0xe5, 0xbe, 0x85
  .byte 0xe3, 0x80, 0x82, 0x0a, 0x0a, 0xe6, 0x88, 0x91, 0xe4, 0xbb, 0xac, 0xe6, 0x89, 0xbf, 0xe8, 0xaf
  .byte 0xba, 0xe4, 0xbb, 0xa5, 0xe5, 0xbc, 0x80, 0xe6, 0x94, 0xbe, 0xe3, 0x80, 0x81, 0xe5, 0x8f, 0x8b
  .byte 0xe5, 0x96, 0x84, 0xe3, 0x80, 0x81, 0xe5, 0xa4, 0x9a, 0xe5, 0x85, 0x83, 0xe3, 0x80, 0x81, 0xe5
  .byte 0x8c, 0x85, 0xe5, 0xae, 0xb9, 0xe4, 0xb8, 0x94, 0xe5, 0x81, 0xa5, 0xe5, 0xba, 0xb7, 0xe7, 0x9a
  .byte 0x84, 0xe6, 0x96, 0xb9, 0xe5, 0xbc, 0x8f, 0xe8, 0xa1, 0x8c, 0xe5, 0x8a, 0xa8, 0xe4, 0xb8, 0x8e
  .byte 0xe4, 0xba, 0x92, 0xe5, 0x8a, 0xa8, 0xef, 0xbc, 0x8c, 0xe5, 0x85, 0xb1, 0xe5, 0x90, 0x8c, 0xe5
  .byte 0xbb, 0xba, 0xe8, 0xae, 0xbe, 0xe7, 0xa4, 0xbe, 0xe5, 0x8c, 0xba, 0xe3, 0x80, 0x82, 0x0a, 0x0a
  .byte 0x23, 0x23, 0x20, 0xe6, 0x88, 0x91, 0xe4, 0xbb, 0xac, 0xe7, 0x9a, 0x84, 0xe5, 0x87, 0x86, 0xe5
  .byte 0x88, 0x99, 0x0a, 0x0a, 0xe6, 0x9c, 0x89, 0xe5, 0x8a, 0xa9, 0xe4, 0xba, 0x8e, 0xe4, 0xb8, 0xba
  .byte 0xe7, 0xa4, 0xbe, 0xe5, 0x8c, 0xba, 0xe8, 0x90, 0xa5, 0xe9, 0x80, 0xa0, 0xe7, 0xa7, 0xaf, 0xe6
  .byte 0x9e, 0x81, 0xe7, 0x8e, 0xaf, 0xe5, 0xa2, 0x83, 0xe7, 0x9a, 0x84, 0xe8, 0xa1, 0x8c, 0xe4, 0xb8
  .byte 0xba, 0xe5, 0x8c, 0x85, 0xe6, 0x8b, 0xac, 0xef, 0xbc, 0x9a, 0x0a, 0x0a, 0x2a, 0x20, 0xe5, 0xaf
  .byte 0xb9, 0xe4, 0xbb, 0x96, 0xe4, 0xba, 0xba, 0xe5, 0xb1, 0x95, 0xe7, 0x8e, 0xb0, 0xe5, 0x90, 0x8c
  .byte 0xe7, 0x90, 0x86, 0xe5, 0xbf, 0x83, 0xe4, 0xb8, 0x8e, 0xe5, 0x96, 0x84, 0xe6, 0x84, 0x8f, 0x0a
  .byte 0x2a, 0x20, 0xe5, 0xb0, 0x8a, 0xe9, 0x87, 0x8d, 0xe4, 0xb8, 0x8d, 0xe5, 0x90, 0x8c, 0xe7, 0x9a
  .byte 0x84, 0xe6, 0x84, 0x8f, 0xe8, 0xa7, 0x81, 0xe3, 0x80, 0x81, 0xe8, 0xa7, 0x82, 0xe7, 0x82, 0xb9
  .byte 0xe5, 0x92, 0x8c, 0xe7, 0xbb, 0x8f, 0xe5, 0x8e, 0x86, 0x0a, 0x2a, 0x20, 0xe6, 0x8f, 0x90, 0xe4
  .byte 0xbe, 0x9b, 0xe5, 0xbb, 0xba, 0xe8, 0xae, 0xbe, 0xe6, 0x80, 0xa7, 0xe5, 0x8f, 0x8d, 0xe9, 0xa6
  .byte 0x88, 0xef, 0xbc, 0x8c, 0xe5, 0xb9, 0xb6, 0xe4, 0xbb, 0xa5, 0xe5, 0xbe, 0x97, 0xe4, 0xbd, 0x93
  .byte 0xe7, 0x9a, 0x84, 0xe6, 0x80, 0x81, 0xe5, 0xba, 0xa6, 0xe6, 0x8e, 0xa5, 0xe5, 0x8f, 0x97, 0xe5
  .byte 0x8f, 0x8d, 0xe9, 0xa6, 0x88, 0x0a, 0x2a, 0x20, 0xe5, 0xaf, 0xb9, 0xe8, 0x87, 0xaa, 0xe5, 0xb7
  .byte 0xb1, 0xe7, 0x9a, 0x84, 0xe9, 0x94, 0x99, 0xe8, 0xaf, 0xaf, 0xe6, 0x89, 0xbf, 0xe6, 0x8b, 0x85
  .byte 0xe8, 0xb4, 0xa3, 0xe4, 0xbb, 0xbb, 0xef, 0xbc, 0x8c, 0xe5, 0x90, 0x91, 0xe5, 0x8f, 0x97, 0xe5
  .byte 0xbd, 0xb1, 0xe5, 0x93, 0x8d, 0xe7, 0x9a, 0x84, 0xe4, 0xba, 0xba, 0xe8, 0x87, 0xb4, 0xe6, 0xad
  .byte 0x89, 0xef, 0xbc, 0x8c, 0xe5, 0xb9, 0xb6, 0xe4, 0xbb, 0x8e, 0xe4, 0xb8, 0xad, 0xe5, 0x90, 0xb8
  .byte 0xe5, 0x8f, 0x96, 0xe7, 0xbb, 0x8f, 0xe9, 0xaa, 0x8c, 0xe6, 0x95, 0x99, 0xe8, 0xae, 0xad, 0x0a
  .byte 0x2a, 0x20, 0xe5, 0x85, 0xb3, 0xe6, 0xb3, 0xa8, 0xe4, 0xbb, 0x80, 0xe4, 0xb9, 0x88, 0xe5, 0xaf
  .byte 0xb9, 0xe6, 0x95, 0xb4, 0xe4, 0xb8, 0xaa, 0xe7, 0xa4, 0xbe, 0xe5, 0x8c, 0xba, 0xe6, 0x9c, 0x80
  .byte 0xe6, 0x9c, 0x89, 0xe7, 0x9b, 0x8a, 0xef, 0xbc, 0x8c, 0xe8, 0x80, 0x8c, 0xe4, 0xb8, 0x8d, 0xe5
  .byte 0x8f, 0xaa, 0xe6, 0x98, 0xaf, 0xe5, 0xaf, 0xb9, 0xe6, 0x88, 0x91, 0xe4, 0xbb, 0xac, 0xe4, 0xb8
  .byte 0xaa, 0xe4, 0xba, 0xba, 0xe6, 0x9c, 0x89, 0xe5, 0x88, 0xa9, 0x0a, 0x0a, 0xe4, 0xb8, 0x8d, 0xe5
  .byte 0x8f, 0xaf, 0xe6, 0x8e, 0xa5, 0xe5, 0x8f, 0x97, 0xe7, 0x9a, 0x84, 0xe8, 0xa1, 0x8c, 0xe4, 0xb8
  .byte 0xba, 0xe5, 0x8c, 0x85, 0xe6, 0x8b, 0xac, 0xef, 0xbc, 0x9a, 0x0a, 0x0a, 0x2a, 0x20, 0xe4, 0xbd
  .byte 0xbf, 0xe7, 0x94, 0xa8, 0xe5, 0xb8, 0xa6, 0xe6, 0x9c, 0x89, 0xe6, 0x80, 0xa7, 0xe6, 0x9a, 0x97
  .byte 0xe7, 0xa4, 0xba, 0xe7, 0x9a, 0x84, 0xe8, 0xaf, 0xad, 0xe8, 0xa8, 0x80, 0xe6, 0x88, 0x96, 0xe5
  .byte 0x9b, 0xbe, 0xe5, 0x83, 0x8f, 0xef, 0xbc, 0x8c, 0xe4, 0xbb, 0xa5, 0xe5, 0x8f, 0x8a, 0xe4, 0xbb
  .byte 0xbb, 0xe4, 0xbd, 0x95, 0xe5, 0xbd, 0xa2, 0xe5, 0xbc, 0x8f, 0xe7, 0x9a, 0x84, 0xe6, 0x80, 0xa7
  .byte 0xe5, 0x85, 0xb3, 0xe6, 0xb3, 0xa8, 0xe6, 0x88, 0x96, 0xe6, 0x80, 0xa7, 0xe6, 0x8c, 0x91, 0xe9
  .byte 0x80, 0x97, 0x0a, 0x2a, 0x20, 0xe6, 0x8c, 0x91, 0xe8, 0xa1, 0x85, 0xe3, 0x80, 0x81, 0xe4, 0xbe
  .byte 0xae, 0xe8, 0xbe, 0xb1, 0xe6, 0x80, 0xa7, 0xe6, 0x88, 0x96, 0xe8, 0xb4, 0xac, 0xe6, 0x8d, 0x9f
  .byte 0xe6, 0x80, 0xa7, 0xe8, 0xaf, 0x84, 0xe8, 0xae, 0xba, 0xef, 0xbc, 0x8c, 0xe4, 0xbb, 0xa5, 0xe5
  .byte 0x8f, 0x8a, 0xe4, 0xba, 0xba, 0xe8, 0xba, 0xab, 0xe6, 0x88, 0x96, 0xe6, 0x94, 0xbf, 0xe6, 0xb2
  .byte 0xbb, 0xe6, 0x94, 0xbb, 0xe5, 0x87, 0xbb, 0x0a, 0x2a, 0x20, 0xe5, 0x85, 0xac, 0xe5, 0xbc, 0x80
  .byte 0xe6, 0x88, 0x96, 0xe7, 0xa7, 0x81, 0xe4, 0xb8, 0x8b, 0xe9, 0xaa, 0x9a, 0xe6, 0x89, 0xb0, 0x0a
  .byte 0x2a, 0x20, 0xe6, 0x9c, 0xaa, 0xe7, 0xbb, 0x8f, 0xe6, 0x98, 0x8e, 0xe7, 0xa1, 0xae, 0xe8, 0xae
  .byte 0xb8, 0xe5, 0x8f, 0xaf, 0xef, 0xbc, 0x8c, 0xe5, 0x8f, 0x91, 0xe5, 0xb8, 0x83, 0xe4, 0xbb, 0x96
  .byte 0xe4, 0xba, 0xba, 0xe7, 0x9a, 0x84, 0xe7, 0xa7, 0x81, 0xe4, 0xba, 0xba, 0xe4, 0xbf, 0xa1, 0xe6
  .byte 0x81, 0xaf, 0xef, 0xbc, 0x8c, 0xe4, 0xbe, 0x8b, 0xe5, 0xa6, 0x82, 0xe4, 0xbd, 0x8f, 0xe5, 0x9d
  .byte 0x80, 0xe6, 0x88, 0x96, 0xe7, 0x94, 0xb5, 0xe5, 0xad, 0x90, 0xe9, 0x82, 0xae, 0xe7, 0xae, 0xb1
  .byte 0xe5, 0x9c, 0xb0, 0xe5, 0x9d, 0x80, 0x0a, 0x2a, 0x20, 0xe5, 0x85, 0xb6, 0xe4, 0xbb, 0x96, 0xe5
  .byte 0x9c, 0xa8, 0xe4, 0xb8, 0x93, 0xe4, 0xb8, 0x9a, 0xe5, 0x9c, 0xba, 0xe5, 0x90, 0x88, 0xe4, 0xb8
  .byte 0xad, 0xe5, 0x8f, 0xaf, 0xe8, 0xa2, 0xab, 0xe5, 0x90, 0x88, 0xe7, 0x90, 0x86, 0xe8, 0xae, 0xa4
  .byte 0xe4, 0xb8, 0xba, 0xe4, 0xb8, 0x8d, 0xe6, 0x81, 0xb0, 0xe5, 0xbd, 0x93, 0xe7, 0x9a, 0x84, 0xe8
  .byte 0xa1, 0x8c, 0xe4, 0xb8, 0xba, 0x0a, 0x0a, 0x23, 0x23, 0x20, 0xe6, 0x89, 0xa7, 0xe8, 0xa1, 0x8c
  .byte 0xe8, 0xb4, 0xa3, 0xe4, 0xbb, 0xbb, 0x0a, 0x0a, 0xe7, 0xa4, 0xbe, 0xe5, 0x8c, 0xba, 0xe9, 0xa2
  .byte 0x86, 0xe5, 0xaf, 0xbc, 0xe8, 0x80, 0x85, 0xe6, 0x9c, 0x89, 0xe8, 0xb4, 0xa3, 0xe4, 0xbb, 0xbb
  .byte 0xe8, 0xaf, 0xb4, 0xe6, 0x98, 0x8e, 0xe5, 0xb9, 0xb6, 0xe6, 0x89, 0xa7, 0xe8, 0xa1, 0x8c, 0xe6
  .byte 0x88, 0x91, 0xe4, 0xbb, 0xac, 0xe5, 0x85, 0xb3, 0xe4, 0xba, 0x8e, 0xe5, 0x8f, 0xaf, 0xe6, 0x8e
  .byte 0xa5, 0xe5, 0x8f, 0x97, 0xe8, 0xa1, 0x8c, 0xe4, 0xb8, 0xba, 0xe7, 0x9a, 0x84, 0xe6, 0xa0, 0x87
  .byte 0xe5, 0x87, 0x86, 0xef, 0xbc, 0x8c, 0xe5, 0xb9, 0xb6, 0xe5, 0xb0, 0x86, 0xe5, 0xaf, 0xb9, 0xe4
  .byte 0xbb, 0xbb, 0xe4, 0xbd, 0x95, 0xe4, 0xbb, 0x96, 0xe4, 0xbb, 0xac, 0xe8, 0xae, 0xa4, 0xe5, 0xae
  .byte 0x9a, 0xe4, 0xb8, 0xba, 0xe4, 0xb8, 0x8d, 0xe5, 0xbd, 0x93, 0xe3, 0x80, 0x81, 0xe5, 0x85, 0xb7
  .byte 0xe6, 0x9c, 0x89, 0xe5, 0xa8, 0x81, 0xe8, 0x83, 0x81, 0xe6, 0x80, 0xa7, 0xe3, 0x80, 0x81, 0xe5
  .byte 0x86, 0x92, 0xe7, 0x8a, 0xaf, 0xe6, 0x80, 0xa7, 0xe6, 0x88, 0x96, 0xe6, 0x9c, 0x89, 0xe5, 0xae
  .byte 0xb3, 0xe7, 0x9a, 0x84, 0xe8, 0xa1, 0x8c, 0xe4, 0xb8, 0xba, 0xe9, 0x87, 0x87, 0xe5, 0x8f, 0x96
  .byte 0xe9, 0x80, 0x82, 0xe5, 0xbd, 0x93, 0xe4, 0xb8, 0x94, 0xe5, 0x85, 0xac, 0xe6, 0xad, 0xa3, 0xe7
  .byte 0x9a, 0x84, 0xe7, 0xba, 0xa0, 0xe6, 0xad, 0xa3, 0xe6, 0x8e, 0xaa, 0xe6, 0x96, 0xbd, 0xe3, 0x80
  .byte 0x82, 0x0a, 0x0a, 0xe7, 0xa4, 0xbe, 0xe5, 0x8c, 0xba, 0xe9, 0xa2, 0x86, 0xe5, 0xaf, 0xbc, 0xe8
  .byte 0x80, 0x85, 0xe6, 0x9c, 0x89, 0xe6, 0x9d, 0x83, 0xe5, 0x88, 0xa9, 0xe4, 0xb9, 0x9f, 0xe6, 0x9c
  .byte 0x89, 0xe8, 0xb4, 0xa3, 0xe4, 0xbb, 0xbb, 0xe5, 0x88, 0xa0, 0xe9, 0x99, 0xa4, 0xe3, 0x80, 0x81
  .byte 0xe7, 0xbc, 0x96, 0xe8, 0xbe, 0x91, 0xe6, 0x88, 0x96, 0xe6, 0x8b, 0x92, 0xe7, 0xbb, 0x9d, 0xe4
  .byte 0xb8, 0x8e, 0xe6, 0x9c, 0xac, 0xe8, 0xa1, 0x8c, 0xe4, 0xb8, 0xba, 0xe5, 0x87, 0x86, 0xe5, 0x88
  .byte 0x99, 0xe4, 0xb8, 0x8d, 0xe4, 0xb8, 0x80, 0xe8, 0x87, 0xb4, 0xe7, 0x9a, 0x84, 0xe8, 0xaf, 0x84
  .byte 0xe8, 0xae, 0xba, 0xe3, 0x80, 0x81, 0xe6, 0x8f, 0x90, 0xe4, 0xba, 0xa4, 0xe3, 0x80, 0x81, 0xe4
  .byte 0xbb, 0xa3, 0xe7, 0xa0, 0x81, 0xe3, 0x80, 0x81, 0x77, 0x69, 0x6b, 0x69, 0x20, 0xe7, 0xbc, 0x96
  .byte 0xe8, 0xbe, 0x91, 0xe3, 0x80, 0x81, 0xe8, 0xae, 0xae, 0xe9, 0xa2, 0x98, 0xe5, 0x8f, 0x8a, 0xe5
  .byte 0x85, 0xb6, 0xe4, 0xbb, 0x96, 0xe8, 0xb4, 0xa1, 0xe7, 0x8c, 0xae, 0xef, 0xbc, 0x8c, 0xe5, 0xb9
  .byte 0xb6, 0xe4, 0xbc, 0x9a, 0xe5, 0x9c, 0xa8, 0xe9, 0x80, 0x82, 0xe5, 0xbd, 0x93, 0xe6, 0x83, 0x85
  .byte 0xe5, 0x86, 0xb5, 0xe4, 0xb8, 0x8b, 0xe8, 0xaf, 0xb4, 0xe6, 0x98, 0x8e, 0xe7, 0xae, 0xa1, 0xe7
  .byte 0x90, 0x86, 0xe5, 0x86, 0xb3, 0xe5, 0xae, 0x9a, 0xe7, 0x9a, 0x84, 0xe5, 0x8e, 0x9f, 0xe5, 0x9b
  .byte 0xa0, 0xe3, 0x80, 0x82, 0x0a, 0x0a, 0x23, 0x23, 0x20, 0xe9, 0x80, 0x82, 0xe7, 0x94, 0xa8, 0xe8
  .byte 0x8c, 0x83, 0xe5, 0x9b, 0xb4, 0x0a, 0x0a, 0xe6, 0x9c, 0xac, 0xe8, 0xa1, 0x8c, 0xe4, 0xb8, 0xba
  .byte 0xe5, 0x87, 0x86, 0xe5, 0x88, 0x99, 0xe9, 0x80, 0x82, 0xe7, 0x94, 0xa8, 0xe4, 0xba, 0x8e, 0xe6
  .byte 0x89, 0x80, 0xe6, 0x9c, 0x89, 0xe7, 0xa4, 0xbe, 0xe5, 0x8c, 0xba, 0xe7, 0xa9, 0xba, 0xe9, 0x97
  .byte 0xb4, 0xef, 0xbc, 0x8c, 0xe4, 0xb9, 0x9f, 0xe9, 0x80, 0x82, 0xe7, 0x94, 0xa8, 0xe4, 0xba, 0x8e
  .byte 0xe4, 0xb8, 0xaa, 0xe4, 0xba, 0xba, 0xe5, 0x9c, 0xa8, 0xe5, 0x85, 0xac, 0xe5, 0x85, 0xb1, 0xe5
  .byte 0x9c, 0xba, 0xe5, 0x90, 0x88, 0xe6, 0xad, 0xa3, 0xe5, 0xbc, 0x8f, 0xe4, 0xbb, 0xa3, 0xe8, 0xa1
  .byte 0xa8, 0xe7, 0xa4, 0xbe, 0xe5, 0x8c, 0xba, 0xe6, 0x97, 0xb6, 0xe7, 0x9a, 0x84, 0xe8, 0xa1, 0x8c
  .byte 0xe4, 0xb8, 0xba, 0xe3, 0x80, 0x82, 0x0a, 0xe4, 0xbb, 0xa3, 0xe8, 0xa1, 0xa8, 0xe7, 0xa4, 0xbe
  .byte 0xe5, 0x8c, 0xba, 0xe7, 0x9a, 0x84, 0xe4, 0xbe, 0x8b, 0xe5, 0xad, 0x90, 0xe5, 0x8c, 0x85, 0xe6
  .byte 0x8b, 0xac, 0xef, 0xbc, 0x9a, 0xe4, 0xbd, 0xbf, 0xe7, 0x94, 0xa8, 0xe5, 0xae, 0x98, 0xe6, 0x96
  .byte 0xb9, 0xe7, 0x94, 0xb5, 0xe5, 0xad, 0x90, 0xe9, 0x82, 0xae, 0xe7, 0xae, 0xb1, 0xe5, 0x9c, 0xb0
  .byte 0xe5, 0x9d, 0x80, 0xe3, 0x80, 0x81, 0xe9, 0x80, 0x9a, 0xe8, 0xbf, 0x87, 0xe5, 0xae, 0x98, 0xe6
  .byte 0x96, 0xb9, 0xe7, 0xa4, 0xbe, 0xe4, 0xba, 0xa4, 0xe5, 0xaa, 0x92, 0xe4, 0xbd, 0x93, 0xe8, 0xb4
  .byte 0xa6, 0xe5, 0x8f, 0xb7, 0xe5, 0x8f, 0x91, 0xe5, 0xb8, 0x83, 0xe5, 0x86, 0x85, 0xe5, 0xae, 0xb9
  .byte 0xef, 0xbc, 0x8c, 0xe6, 0x88, 0x96, 0xe5, 0x9c, 0xa8, 0xe7, 0xbd, 0x91, 0xe7, 0xbb, 0x9c, 0xe6
  .byte 0x88, 0x96, 0xe7, 0xba, 0xbf, 0xe4, 0xb8, 0x8b, 0xe6, 0xb4, 0xbb, 0xe5, 0x8a, 0xa8, 0xe4, 0xb8
  .byte 0xad, 0xe6, 0x8b, 0x85, 0xe4, 0xbb, 0xbb, 0xe6, 0x8c, 0x87, 0xe5, 0xae, 0x9a, 0xe4, 0xbb, 0xa3
  .byte 0xe8, 0xa1, 0xa8, 0xe3, 0x80, 0x82, 0x0a, 0x0a, 0x23, 0x23, 0x20, 0xe6, 0x89, 0xa7, 0xe8, 0xa1
  .byte 0x8c, 0x0a, 0x0a, 0xe8, 0xbe, 0xb1, 0xe9, 0xaa, 0x82, 0xe3, 0x80, 0x81, 0xe9, 0xaa, 0x9a, 0xe6
  .byte 0x89, 0xb0, 0xe6, 0x88, 0x96, 0xe5, 0x85, 0xb6, 0xe4, 0xbb, 0x96, 0xe4, 0xb8, 0x8d, 0xe5, 0x8f
  .byte 0xaf, 0xe6, 0x8e, 0xa5, 0xe5, 0x8f, 0x97, 0xe8, 0xa1, 0x8c, 0xe4, 0xb8, 0xba, 0xe7, 0x9a, 0x84
  .byte 0xe4, 0xba, 0x8b, 0xe4, 0xbb, 0xb6, 0xef, 0xbc, 0x8c, 0xe5, 0x8f, 0xaf, 0xe9, 0x80, 0x9a, 0xe8
  .byte 0xbf, 0x87, 0x0a, 0x5b, 0x49, 0x4e, 0x53, 0x45, 0x52, 0x54, 0x20, 0x43, 0x4f, 0x4e, 0x54, 0x41
  .byte 0x43, 0x54, 0x20, 0x4d, 0x45, 0x54, 0x48, 0x4f, 0x44, 0x5d, 0x0a, 0xe5, 0x90, 0x91, 0xe8, 0xb4
  .byte 0x9f, 0xe8, 0xb4, 0xa3, 0xe6, 0x89, 0xa7, 0xe8, 0xa1, 0x8c, 0xe7, 0x9a, 0x84, 0xe7, 0xa4, 0xbe
  .byte 0xe5, 0x8c, 0xba, 0xe9, 0xa2, 0x86, 0xe5, 0xaf, 0xbc, 0xe8, 0x80, 0x85, 0xe6, 0x8a, 0xa5, 0xe5
  .byte 0x91, 0x8a, 0xe3, 0x80, 0x82, 0x0a, 0xe6, 0x89, 0x80, 0xe6, 0x9c, 0x89, 0xe6, 0x8a, 0x95, 0xe8
  .byte 0xaf, 0x89, 0xe9, 0x83, 0xbd, 0xe4, 0xbc, 0x9a, 0xe8, 0xa2, 0xab, 0xe5, 0x8f, 0x8a, 0xe6, 0x97
  .byte 0xb6, 0xe4, 0xb8, 0x94, 0xe5, 0x85, 0xac, 0xe6, 0xad, 0xa3, 0xe5, 0x9c, 0xb0, 0xe5, 0xae, 0xa1
  .byte 0xe6, 0x9f, 0xa5, 0xe5, 0x92, 0x8c, 0xe8, 0xb0, 0x83, 0xe6, 0x9f, 0xa5, 0xe3, 0x80, 0x82, 0x0a
  .byte 0x0a, 0xe6, 0x89, 0x80, 0xe6, 0x9c, 0x89, 0xe7, 0xa4, 0xbe, 0xe5, 0x8c, 0xba, 0xe9, 0xa2, 0x86
  .byte 0xe5, 0xaf, 0xbc, 0xe8, 0x80, 0x85, 0xe9, 0x83, 0xbd, 0xe6, 0x9c, 0x89, 0xe4, 0xb9, 0x89, 0xe5
  .byte 0x8a, 0xa1, 0xe5, 0xb0, 0x8a, 0xe9, 0x87, 0x8d, 0xe4, 0xba, 0x8b, 0xe4, 0xbb, 0xb6, 0xe4, 0xb8
  .byte 0xbe, 0xe6, 0x8a, 0xa5, 0xe4, 0xba, 0xba, 0xe7, 0x9a, 0x84, 0xe9, 0x9a, 0x90, 0xe7, 0xa7, 0x81
  .byte 0xe4, 0xb8, 0x8e, 0xe5, 0xae, 0x89, 0xe5, 0x85, 0xa8, 0xe3, 0x80, 0x82, 0x0a, 0x0a, 0x23, 0x23
  .byte 0x20, 0xe6, 0x89, 0xa7, 0xe8, 0xa1, 0x8c, 0xe6, 0x8c, 0x87, 0xe5, 0x8d, 0x97, 0x0a, 0x0a, 0xe7
  .byte 0xa4, 0xbe, 0xe5, 0x8c, 0xba, 0xe9, 0xa2, 0x86, 0xe5, 0xaf, 0xbc, 0xe8, 0x80, 0x85, 0xe5, 0xb0
  .byte 0x86, 0xe5, 0x9c, 0xa8, 0xe5, 0x88, 0xa4, 0xe6, 0x96, 0xad, 0xe8, 0xbf, 0x9d, 0xe5, 0x8f, 0x8d
  .byte 0xe6, 0x9c, 0xac, 0xe8, 0xa1, 0x8c, 0xe4, 0xb8, 0xba, 0xe5, 0x87, 0x86, 0xe5, 0x88, 0x99, 0xe7
  .byte 0x9a, 0x84, 0xe5, 0x90, 0x8e, 0xe6, 0x9e, 0x9c, 0xe6, 0x97, 0xb6, 0xef, 0xbc, 0x8c, 0xe5, 0x8f
  .byte 0x82, 0xe8, 0x80, 0x83, 0xe4, 0xbb, 0xa5, 0xe4, 0xb8, 0x8b, 0xe7, 0xa4, 0xbe, 0xe5, 0x8c, 0xba
  .byte 0xe5, 0xbd, 0xb1, 0xe5, 0x93, 0x8d, 0xe6, 0x8c, 0x87, 0xe5, 0x8d, 0x97, 0xef, 0xbc, 0x9a, 0x0a
  .byte 0x0a, 0x23, 0x23, 0x23, 0x20, 0x31, 0x2e, 0x20, 0xe7, 0xba, 0xa0, 0xe6, 0xad, 0xa3, 0x0a, 0x0a
  .byte 0x3c, 0x73, 0x74, 0x72, 0x6f, 0x6e, 0x67, 0x3e, 0xe7, 0xa4, 0xbe, 0xe5, 0x8c, 0xba, 0xe5, 0xbd
  .byte 0xb1, 0xe5, 0x93, 0x8d, 0x3c, 0x2f, 0x73, 0x74, 0x72, 0x6f, 0x6e, 0x67, 0x3e, 0xef, 0xbc, 0x9a
  .byte 0xe5, 0x9c, 0xa8, 0xe7, 0xa4, 0xbe, 0xe5, 0x8c, 0xba, 0xe4, 0xb8, 0xad, 0xe4, 0xbd, 0xbf, 0xe7
  .byte 0x94, 0xa8, 0xe4, 0xb8, 0x8d, 0xe5, 0xbd, 0x93, 0xe8, 0xaf, 0xad, 0xe8, 0xa8, 0x80, 0xef, 0xbc
  .byte 0x8c, 0xe6, 0x88, 0x96, 0xe5, 0x85, 0xb6, 0xe4, 0xbb, 0x96, 0xe8, 0xa2, 0xab, 0xe8, 0xae, 0xa4
  .byte 0xe4, 0xb8, 0xba, 0xe4, 0xb8, 0x8d, 0xe4, 0xb8, 0x93, 0xe4, 0xb8, 0x9a, 0xe6, 0x88, 0x96, 0xe4
  .byte 0xb8, 0x8d, 0xe5, 0x8f, 0x97, 0xe6, 0xac, 0xa2, 0xe8, 0xbf, 0x8e, 0xe7, 0x9a, 0x84, 0xe8, 0xa1
  .byte 0x8c, 0xe4, 0xb8, 0xba, 0xe3, 0x80, 0x82, 0x0a, 0x0a, 0x3c, 0x73, 0x74, 0x72, 0x6f, 0x6e, 0x67
  .byte 0x3e, 0xe5, 0x90, 0x8e, 0xe6, 0x9e, 0x9c, 0x3c, 0x2f, 0x73, 0x74, 0x72, 0x6f, 0x6e, 0x67, 0x3e
  .byte 0xef, 0xbc, 0x9a, 0xe7, 0xa4, 0xbe, 0xe5, 0x8c, 0xba, 0xe9, 0xa2, 0x86, 0xe5, 0xaf, 0xbc, 0xe8
  .byte 0x80, 0x85, 0xe5, 0xb0, 0x86, 0xe4, 0xbb, 0xa5, 0xe7, 0xa7, 0x81, 0xe4, 0xb8, 0x8b, 0xe4, 0xb9
  .byte 0xa6, 0xe9, 0x9d, 0xa2, 0xe8, 0xad, 0xa6, 0xe5, 0x91, 0x8a, 0xe7, 0x9a, 0x84, 0xe5, 0xbd, 0xa2
  .byte 0xe5, 0xbc, 0x8f, 0xef, 0xbc, 0x8c, 0xe6, 0x98, 0x8e, 0xe7, 0xa1, 0xae, 0xe8, 0xaf, 0xb4, 0xe6
  .byte 0x98, 0x8e, 0xe8, 0xbf, 0x9d, 0xe8, 0xa7, 0x84, 0xe6, 0x80, 0xa7, 0xe8, 0xb4, 0xa8, 0xef, 0xbc
  .byte 0x8c, 0xe5, 0xb9, 0xb6, 0xe8, 0xa7, 0xa3, 0xe9, 0x87, 0x8a, 0xe4, 0xb8, 0xba, 0xe4, 0xbd, 0x95
  .byte 0xe8, 0xaf, 0xa5, 0xe8, 0xa1, 0x8c, 0xe4, 0xb8, 0xba, 0xe4, 0xb8, 0x8d, 0xe5, 0xbd, 0x93, 0xe3
  .byte 0x80, 0x82, 0xe4, 0xb9, 0x9f, 0xe5, 0x8f, 0xaf, 0xe8, 0x83, 0xbd, 0xe8, 0xa6, 0x81, 0xe6, 0xb1
  .byte 0x82, 0xe5, 0x85, 0xac, 0xe5, 0xbc, 0x80, 0xe9, 0x81, 0x93, 0xe6, 0xad, 0x89, 0xe3, 0x80, 0x82
  .byte 0x0a, 0x0a, 0x23, 0x23, 0x23, 0x20, 0x32, 0x2e, 0x20, 0xe8, 0xad, 0xa6, 0xe5, 0x91, 0x8a, 0x0a
  .byte 0x0a, 0x3c, 0x73, 0x74, 0x72, 0x6f, 0x6e, 0x67, 0x3e, 0xe7, 0xa4, 0xbe, 0xe5, 0x8c, 0xba, 0xe5
  .byte 0xbd, 0xb1, 0xe5, 0x93, 0x8d, 0x3c, 0x2f, 0x73, 0x74, 0x72, 0x6f, 0x6e, 0x67, 0x3e, 0xef, 0xbc
  .byte 0x9a, 0xe5, 0x8d, 0x95, 0xe6, 0xac, 0xa1, 0xe4, 0xba, 0x8b, 0xe4, 0xbb, 0xb6, 0xe6, 0x88, 0x96
  .byte 0xe4, 0xb8, 0x80, 0xe7, 0xb3, 0xbb, 0xe5, 0x88, 0x97, 0xe8, 0xa1, 0x8c, 0xe4, 0xb8, 0xba, 0xe6
  .byte 0x9e, 0x84, 0xe6, 0x88, 0x90, 0xe7, 0x9a, 0x84, 0xe8, 0xbf, 0x9d, 0xe8, 0xa7, 0x84, 0xe3, 0x80
  .byte 0x82, 0x0a, 0x0a, 0x3c, 0x73, 0x74, 0x72, 0x6f, 0x6e, 0x67, 0x3e, 0xe5, 0x90, 0x8e, 0xe6, 0x9e
  .byte 0x9c, 0x3c, 0x2f, 0x73, 0x74, 0x72, 0x6f, 0x6e, 0x67, 0x3e, 0xef, 0xbc, 0x9a, 0xe5, 0x8f, 0x91
  .byte 0xe5, 0x87, 0xba, 0xe8, 0xad, 0xa6, 0xe5, 0x91, 0x8a, 0xef, 0xbc, 0x8c, 0xe5, 0xb9, 0xb6, 0xe8
  .byte 0xaf, 0xb4, 0xe6, 0x98, 0x8e, 0xe8, 0x8b, 0xa5, 0xe6, 0x8c, 0x81, 0xe7, 0xbb, 0xad, 0xe8, 0xaf
  .byte 0xa5, 0xe8, 0xa1, 0x8c, 0xe4, 0xb8, 0xba, 0xe5, 0xb0, 0x86, 0xe9, 0x9d, 0xa2, 0xe4, 0xb8, 0xb4
  .byte 0xe7, 0x9a, 0x84, 0xe5, 0x90, 0x8e, 0xe6, 0x9e, 0x9c, 0xe3, 0x80, 0x82, 0xe5, 0x9c, 0xa8, 0xe8
  .byte 0xa7, 0x84, 0xe5, 0xae, 0x9a, 0xe6, 0x97, 0xb6, 0xe9, 0x97, 0xb4, 0xe5, 0x86, 0x85, 0xef, 0xbc
  .byte 0x8c, 0xe4, 0xb8, 0x8d, 0xe5, 0xbe, 0x97, 0xe4, 0xb8, 0x8e, 0xe7, 0x9b, 0xb8, 0xe5, 0x85, 0xb3
  .byte 0xe4, 0xba, 0xba, 0xe5, 0x91, 0x98, 0xe5, 0x8f, 0x91, 0xe7, 0x94, 0x9f, 0xe4, 0xbb, 0xbb, 0xe4
  .byte 0xbd, 0x95, 0xe4, 0xba, 0x92, 0xe5, 0x8a, 0xa8, 0xef, 0xbc, 0x8c, 0xe5, 0x8c, 0x85, 0xe6, 0x8b
  .byte 0xac, 0xe4, 0xb8, 0xbb, 0xe5, 0x8a, 0xa8, 0xe4, 0xb8, 0x8e, 0xe6, 0x89, 0xa7, 0xe8, 0xa1, 0x8c
  .byte 0xe6, 0x9c, 0xac, 0xe8, 0xa1, 0x8c, 0xe4, 0xb8, 0xba, 0xe5, 0x87, 0x86, 0xe5, 0x88, 0x99, 0xe7
  .byte 0x9a, 0x84, 0xe4, 0xba, 0xba, 0xe6, 0x8e, 0xa5, 0xe8, 0xa7, 0xa6, 0xe3, 0x80, 0x82, 0xe8, 0xbf
  .byte 0x99, 0xe4, 0xb9, 0x9f, 0xe5, 0x8c, 0x85, 0xe6, 0x8b, 0xac, 0xe9, 0x81, 0xbf, 0xe5, 0x85, 0x8d
  .byte 0xe5, 0x9c, 0xa8, 0xe7, 0xa4, 0xbe, 0xe5, 0x8c, 0xba, 0xe7, 0xa9, 0xba, 0xe9, 0x97, 0xb4, 0xe4
  .byte 0xbb, 0xa5, 0xe5, 0x8f, 0x8a, 0xe7, 0xa4, 0xbe, 0xe4, 0xba, 0xa4, 0xe5, 0xaa, 0x92, 0xe4, 0xbd
  .byte 0x93, 0xe7, 0xad, 0x89, 0xe5, 0xa4, 0x96, 0xe9, 0x83, 0xa8, 0xe6, 0xb8, 0xa0, 0xe9, 0x81, 0x93
  .byte 0xe4, 0xb8, 0xad, 0xe7, 0x9a, 0x84, 0xe4, 0xba, 0x92, 0xe5, 0x8a, 0xa8, 0xe3, 0x80, 0x82, 0xe8
  .byte 0xbf, 0x9d, 0xe5, 0x8f, 0x8d, 0xe8, 0xbf, 0x99, 0xe4, 0xba, 0x9b, 0xe8, 0xa6, 0x81, 0xe6, 0xb1
  .byte 0x82, 0xe5, 0x8f, 0xaf, 0xe8, 0x83, 0xbd, 0xe5, 0xaf, 0xbc, 0xe8, 0x87, 0xb4, 0xe4, 0xb8, 0xb4
  .byte 0xe6, 0x97, 0xb6, 0xe6, 0x88, 0x96, 0xe6, 0xb0, 0xb8, 0xe4, 0xb9, 0x85, 0xe5, 0xb0, 0x81, 0xe7
  .byte 0xa6, 0x81, 0xe3, 0x80, 0x82, 0x0a, 0x0a, 0x23, 0x23, 0x23, 0x20, 0x33, 0x2e, 0x20, 0xe4, 0xb8
  .byte 0xb4, 0xe6, 0x97, 0xb6, 0xe5, 0xb0, 0x81, 0xe7, 0xa6, 0x81, 0x0a, 0x0a, 0x3c, 0x73, 0x74, 0x72
  .byte 0x6f, 0x6e, 0x67, 0x3e, 0xe7, 0xa4, 0xbe, 0xe5, 0x8c, 0xba, 0xe5, 0xbd, 0xb1, 0xe5, 0x93, 0x8d
  .byte 0x3c, 0x2f, 0x73, 0x74, 0x72, 0x6f, 0x6e, 0x67, 0x3e, 0xef, 0xbc, 0x9a, 0xe4, 0xb8, 0xa5, 0xe9
  .byte 0x87, 0x8d, 0xe8, 0xbf, 0x9d, 0xe5, 0x8f, 0x8d, 0xe7, 0xa4, 0xbe, 0xe5, 0x8c, 0xba, 0xe5, 0x87
  .byte 0x86, 0xe5, 0x88, 0x99, 0xef, 0xbc, 0x8c, 0xe5, 0x8c, 0x85, 0xe6, 0x8b, 0xac, 0xe6, 0x8c, 0x81
  .byte 0xe7, 0xbb, 0xad, 0xe7, 0x9a, 0x84, 0xe4, 0xb8, 0x8d, 0xe5, 0xbd, 0x93, 0xe8, 0xa1, 0x8c, 0xe4
  .byte 0xb8, 0xba, 0xe3, 0x80, 0x82, 0x0a, 0x0a, 0x3c, 0x73, 0x74, 0x72, 0x6f, 0x6e, 0x67, 0x3e, 0xe5
  .byte 0x90, 0x8e, 0xe6, 0x9e, 0x9c, 0x3c, 0x2f, 0x73, 0x74, 0x72, 0x6f, 0x6e, 0x67, 0x3e, 0xef, 0xbc
  .byte 0x9a, 0xe5, 0x9c, 0xa8, 0xe8, 0xa7, 0x84, 0xe5, 0xae, 0x9a, 0xe6, 0x97, 0xb6, 0xe9, 0x97, 0xb4
  .byte 0xe5, 0x86, 0x85, 0xef, 0xbc, 0x8c, 0xe6, 0x9a, 0x82, 0xe6, 0x97, 0xb6, 0xe7, 0xa6, 0x81, 0xe6
  .byte 0xad, 0xa2, 0xe4, 0xb8, 0x8e, 0xe7, 0xa4, 0xbe, 0xe5, 0x8c, 0xba, 0xe8, 0xbf, 0x9b, 0xe8, 0xa1
  .byte 0x8c, 0xe4, 0xbb, 0xbb, 0xe4, 0xbd, 0x95, 0xe5, 0xbd, 0xa2, 0xe5, 0xbc, 0x8f, 0xe7, 0x9a, 0x84
  .byte 0xe4, 0xba, 0x92, 0xe5, 0x8a, 0xa8, 0xe6, 0x88, 0x96, 0xe5, 0x85, 0xac, 0xe5, 0xbc, 0x80, 0xe4
  .byte 0xba, 0xa4, 0xe6, 0xb5, 0x81, 0xe3, 0x80, 0x82, 0xe5, 0x9c, 0xa8, 0xe6, 0xad, 0xa4, 0xe6, 0x9c
  .byte 0x9f, 0xe9, 0x97, 0xb4, 0xef, 0xbc, 0x8c, 0xe4, 0xb8, 0x8d, 0xe5, 0xbe, 0x97, 0xe4, 0xb8, 0x8e
  .byte 0xe7, 0x9b, 0xb8, 0xe5, 0x85, 0xb3, 0xe4, 0xba, 0xba, 0xe5, 0x91, 0x98, 0xe8, 0xbf, 0x9b, 0xe8
  .byte 0xa1, 0x8c, 0xe4, 0xbb, 0xbb, 0xe4, 0xbd, 0x95, 0xe5, 0x85, 0xac, 0xe5, 0xbc, 0x80, 0xe6, 0x88
  .byte 0x96, 0xe7, 0xa7, 0x81, 0xe4, 0xb8, 0x8b, 0xe4, 0xba, 0x92, 0xe5, 0x8a, 0xa8, 0xef, 0xbc, 0x8c
  .byte 0xe5, 0x8c, 0x85, 0xe6, 0x8b, 0xac, 0xe4, 0xb8, 0xbb, 0xe5, 0x8a, 0xa8, 0xe4, 0xb8, 0x8e, 0xe6
  .byte 0x89, 0xa7, 0xe8, 0xa1, 0x8c, 0xe6, 0x9c, 0xac, 0xe8, 0xa1, 0x8c, 0xe4, 0xb8, 0xba, 0xe5, 0x87
  .byte 0x86, 0xe5, 0x88, 0x99, 0xe7, 0x9a, 0x84, 0xe4, 0xba, 0xba, 0xe6, 0x8e, 0xa5, 0xe8, 0xa7, 0xa6
  .byte 0xe3, 0x80, 0x82, 0xe8, 0xbf, 0x9d, 0xe5, 0x8f, 0x8d, 0xe8, 0xbf, 0x99, 0xe4, 0xba, 0x9b, 0xe8
  .byte 0xa6, 0x81, 0xe6, 0xb1, 0x82, 0xe5, 0x8f, 0xaf, 0xe8, 0x83, 0xbd, 0xe5, 0xaf, 0xbc, 0xe8, 0x87
  .byte 0xb4, 0xe6, 0xb0, 0xb8, 0xe4, 0xb9, 0x85, 0xe5, 0xb0, 0x81, 0xe7, 0xa6, 0x81, 0xe3, 0x80, 0x82
  .byte 0x0a, 0x0a, 0x23, 0x23, 0x23, 0x20, 0x34, 0x2e, 0x20, 0xe6, 0xb0, 0xb8, 0xe4, 0xb9, 0x85, 0xe5
  .byte 0xb0, 0x81, 0xe7, 0xa6, 0x81, 0x0a, 0x0a, 0x3c, 0x73, 0x74, 0x72, 0x6f, 0x6e, 0x67, 0x3e, 0xe7
  .byte 0xa4, 0xbe, 0xe5, 0x8c, 0xba, 0xe5, 0xbd, 0xb1, 0xe5, 0x93, 0x8d, 0x3c, 0x2f, 0x73, 0x74, 0x72
  .byte 0x6f, 0x6e, 0x67, 0x3e, 0xef, 0xbc, 0x9a, 0xe8, 0xa1, 0xa8, 0xe7, 0x8e, 0xb0, 0xe5, 0x87, 0xba
  .byte 0xe6, 0x8c, 0x81, 0xe7, 0xbb, 0xad, 0xe8, 0xbf, 0x9d, 0xe5, 0x8f, 0x8d, 0xe7, 0xa4, 0xbe, 0xe5
  .byte 0x8c, 0xba, 0xe5, 0x87, 0x86, 0xe5, 0x88, 0x99, 0xe7, 0x9a, 0x84, 0xe6, 0xa8, 0xa1, 0xe5, 0xbc
  .byte 0x8f, 0xef, 0xbc, 0x8c, 0xe5, 0x8c, 0x85, 0xe6, 0x8b, 0xac, 0xe6, 0x8c, 0x81, 0xe7, 0xbb, 0xad
  .byte 0xe7, 0x9a, 0x84, 0xe4, 0xb8, 0x8d, 0xe5, 0xbd, 0x93, 0xe8, 0xa1, 0x8c, 0xe4, 0xb8, 0xba, 0xe3
  .byte 0x80, 0x81, 0xe5, 0xaf, 0xb9, 0xe4, 0xb8, 0xaa, 0xe4, 0xba, 0xba, 0xe7, 0x9a, 0x84, 0xe9, 0xaa
  .byte 0x9a, 0xe6, 0x89, 0xb0, 0xef, 0xbc, 0x8c, 0xe6, 0x88, 0x96, 0xe5, 0xaf, 0xb9, 0xe7, 0x89, 0xb9
  .byte 0xe5, 0xae, 0x9a, 0xe7, 0xbe, 0xa4, 0xe4, 0xbd, 0x93, 0xe8, 0xa1, 0xa8, 0xe7, 0x8e, 0xb0, 0xe5
  .byte 0x87, 0xba, 0xe6, 0x94, 0xbb, 0xe5, 0x87, 0xbb, 0xe6, 0x80, 0xa7, 0xe6, 0x88, 0x96, 0xe8, 0xb4
  .byte 0xac, 0xe4, 0xbd, 0x8e, 0xe8, 0xa1, 0x8c, 0xe4, 0xb8, 0xba, 0xe3, 0x80, 0x82, 0x0a, 0x0a, 0x3c
  .byte 0x73, 0x74, 0x72, 0x6f, 0x6e, 0x67, 0x3e, 0xe5, 0x90, 0x8e, 0xe6, 0x9e, 0x9c, 0x3c, 0x2f, 0x73
  .byte 0x74, 0x72, 0x6f, 0x6e, 0x67, 0x3e, 0xef, 0xbc, 0x9a, 0xe6, 0xb0, 0xb8, 0xe4, 0xb9, 0x85, 0xe7
  .byte 0xa6, 0x81, 0xe6, 0xad, 0xa2, 0xe5, 0x9c, 0xa8, 0xe7, 0xa4, 0xbe, 0xe5, 0x8c, 0xba, 0xe5, 0x86
  .byte 0x85, 0xe8, 0xbf, 0x9b, 0xe8, 0xa1, 0x8c, 0xe4, 0xbb, 0xbb, 0xe4, 0xbd, 0x95, 0xe5, 0xbd, 0xa2
  .byte 0xe5, 0xbc, 0x8f, 0xe7, 0x9a, 0x84, 0xe5, 0x85, 0xac, 0xe5, 0xbc, 0x80, 0xe4, 0xba, 0x92, 0xe5
  .byte 0x8a, 0xa8, 0xe3, 0x80, 0x82, 0x0a, 0x0a, 0x23, 0x23, 0x20, 0xe7, 0xbd, 0xb2, 0xe5, 0x90, 0x8d
  .byte 0x0a, 0x0a, 0xe6, 0x9c, 0xac, 0xe8, 0xa1, 0x8c, 0xe4, 0xb8, 0xba, 0xe5, 0x87, 0x86, 0xe5, 0x88
  .byte 0x99, 0xe6, 0x94, 0xb9, 0xe7, 0xbc, 0x96, 0xe8, 0x87, 0xaa, 0x20, 0x5b, 0x43, 0x6f, 0x6e, 0x74
  .byte 0x72, 0x69, 0x62, 0x75, 0x74, 0x6f, 0x72, 0x20, 0x43, 0x6f, 0x76, 0x65, 0x6e, 0x61, 0x6e, 0x74
  .byte 0x5d, 0x5b, 0x68, 0x6f, 0x6d, 0x65, 0x70, 0x61, 0x67, 0x65, 0x5d, 0x20, 0x32, 0x2e, 0x31, 0x20
  .byte 0xe7, 0x89, 0x88, 0xef, 0xbc, 0x8c, 0xe5, 0x8e, 0x9f, 0xe6, 0x96, 0x87, 0xe8, 0xa7, 0x81, 0x0a
  .byte 0x5b, 0x68, 0x74, 0x74, 0x70, 0x73, 0x3a, 0x2f, 0x2f, 0x77, 0x77, 0x77, 0x2e, 0x63, 0x6f, 0x6e
  .byte 0x74, 0x72, 0x69, 0x62, 0x75, 0x74, 0x6f, 0x72, 0x2d, 0x63, 0x6f, 0x76, 0x65, 0x6e, 0x61, 0x6e
  .byte 0x74, 0x2e, 0x6f, 0x72, 0x67, 0x2f, 0x76, 0x65, 0x72, 0x73, 0x69, 0x6f, 0x6e, 0x2f, 0x32, 0x2f
  .byte 0x31, 0x2f, 0x63, 0x6f, 0x64, 0x65, 0x5f, 0x6f, 0x66, 0x5f, 0x63, 0x6f, 0x6e, 0x64, 0x75, 0x63
  .byte 0x74, 0x2e, 0x68, 0x74, 0x6d, 0x6c, 0x5d, 0x5b, 0x76, 0x32, 0x2e, 0x31, 0x5d, 0xe3, 0x80, 0x82
  .byte 0x0a, 0x0a, 0xe7, 0xa4, 0xbe, 0xe5, 0x8c, 0xba, 0xe5, 0xbd, 0xb1, 0xe5, 0x93, 0x8d, 0xe6, 0x8c
  .byte 0x87, 0xe5, 0x8d, 0x97, 0xe7, 0x9a, 0x84, 0xe7, 0x81, 0xb5, 0xe6, 0x84, 0x9f, 0xe6, 0x9d, 0xa5
  .byte 0xe8, 0x87, 0xaa, 0x0a, 0x5b, 0x4d, 0x6f, 0x7a, 0x69, 0x6c, 0x6c, 0x61, 0x27, 0x73, 0x20, 0x63
  .byte 0x6f, 0x64, 0x65, 0x20, 0x6f, 0x66, 0x20, 0x63, 0x6f, 0x6e, 0x64, 0x75, 0x63, 0x74, 0x20, 0x65
  .byte 0x6e, 0x66, 0x6f, 0x72, 0x63, 0x65, 0x6d, 0x65, 0x6e, 0x74, 0x20, 0x6c, 0x61, 0x64, 0x64, 0x65
  .byte 0x72, 0x5d, 0x5b, 0x4d, 0x6f, 0x7a, 0x69, 0x6c, 0x6c, 0x61, 0x20, 0x43, 0x6f, 0x43, 0x5d, 0xe3
  .byte 0x80, 0x82, 0x0a, 0x0a, 0xe5, 0xa6, 0x82, 0xe9, 0x9c, 0x80, 0xe4, 0xba, 0x86, 0xe8, 0xa7, 0xa3
  .byte 0xe5, 0x85, 0xb3, 0xe4, 0xba, 0x8e, 0xe6, 0x9c, 0xac, 0xe8, 0xa1, 0x8c, 0xe4, 0xb8, 0xba, 0xe5
  .byte 0x87, 0x86, 0xe5, 0x88, 0x99, 0xe7, 0x9a, 0x84, 0xe5, 0xb8, 0xb8, 0xe8, 0xa7, 0x81, 0xe9, 0x97
  .byte 0xae, 0xe9, 0xa2, 0x98, 0xef, 0xbc, 0x8c, 0xe8, 0xaf, 0xb7, 0xe5, 0x8f, 0x82, 0xe9, 0x98, 0x85
  .byte 0x0a, 0x5b, 0x68, 0x74, 0x74, 0x70, 0x73, 0x3a, 0x2f, 0x2f, 0x77, 0x77, 0x77, 0x2e, 0x63, 0x6f
  .byte 0x6e, 0x74, 0x72, 0x69, 0x62, 0x75, 0x74, 0x6f, 0x72, 0x2d, 0x63, 0x6f, 0x76, 0x65, 0x6e, 0x61
  .byte 0x6e, 0x74, 0x2e, 0x6f, 0x72, 0x67, 0x2f, 0x66, 0x61, 0x71, 0x5d, 0x5b, 0x46, 0x41, 0x51, 0x5d
  .byte 0xe3, 0x80, 0x82, 0x0a, 0xe5, 0x90, 0x84, 0xe8, 0xaf, 0xad, 0xe8, 0xa8, 0x80, 0xe8, 0xaf, 0x91
  .byte 0xe6, 0x9c, 0xac, 0xe8, 0xa7, 0x81, 0x0a, 0x5b, 0x68, 0x74, 0x74, 0x70, 0x73, 0x3a, 0x2f, 0x2f
  .byte 0x77, 0x77, 0x77, 0x2e, 0x63, 0x6f, 0x6e, 0x74, 0x72, 0x69, 0x62, 0x75, 0x74, 0x6f, 0x72, 0x2d
  .byte 0x63, 0x6f, 0x76, 0x65, 0x6e, 0x61, 0x6e, 0x74, 0x2e, 0x6f, 0x72, 0x67, 0x2f, 0x74, 0x72, 0x61
  .byte 0x6e, 0x73, 0x6c, 0x61, 0x74, 0x69, 0x6f, 0x6e, 0x73, 0x5d, 0x5b, 0x74, 0x72, 0x61, 0x6e, 0x73
  .byte 0x6c, 0x61, 0x74, 0x69, 0x6f, 0x6e, 0x73, 0x5d, 0xe3, 0x80, 0x82, 0x0a, 0x0a, 0x5b, 0x68, 0x6f
  .byte 0x6d, 0x65, 0x70, 0x61, 0x67, 0x65, 0x5d, 0x3a, 0x20, 0x68, 0x74, 0x74, 0x70, 0x73, 0x3a, 0x2f
  .byte 0x2f, 0x77, 0x77, 0x77, 0x2e, 0x63, 0x6f, 0x6e, 0x74, 0x72, 0x69, 0x62, 0x75, 0x74, 0x6f, 0x72
  .byte 0x2d, 0x63, 0x6f, 0x76, 0x65, 0x6e, 0x61, 0x6e, 0x74, 0x2e, 0x6f, 0x72, 0x67, 0x0a, 0x5b, 0x76
  .byte 0x32, 0x2e, 0x31, 0x5d, 0x3a, 0x20, 0x68, 0x74, 0x74, 0x70, 0x73, 0x3a, 0x2f, 0x2f, 0x77, 0x77
  .byte 0x77, 0x2e, 0x63, 0x6f, 0x6e, 0x74, 0x72, 0x69, 0x62, 0x75, 0x74, 0x6f, 0x72, 0x2d, 0x63, 0x6f
  .byte 0x76, 0x65, 0x6e, 0x61, 0x6e, 0x74, 0x2e, 0x6f, 0x72, 0x67, 0x2f, 0x76, 0x65, 0x72, 0x73, 0x69
  .byte 0x6f, 0x6e, 0x2f, 0x32, 0x2f, 0x31, 0x2f, 0x63, 0x6f, 0x64, 0x65, 0x5f, 0x6f, 0x66, 0x5f, 0x63
  .byte 0x6f, 0x6e, 0x64, 0x75, 0x63, 0x74, 0x2e, 0x68, 0x74, 0x6d, 0x6c, 0x0a, 0x5b, 0x4d, 0x6f, 0x7a
  .byte 0x69, 0x6c, 0x6c, 0x61, 0x20, 0x43, 0x6f, 0x43, 0x5d, 0x3a, 0x20, 0x68, 0x74, 0x74, 0x70, 0x73
  .byte 0x3a, 0x2f, 0x2f, 0x67, 0x69, 0x74, 0x68, 0x75, 0x62, 0x2e, 0x63, 0x6f, 0x6d, 0x2f, 0x6d, 0x6f
  .byte 0x7a, 0x69, 0x6c, 0x6c, 0x61, 0x2f, 0x64, 0x69, 0x76, 0x65, 0x72, 0x73, 0x69, 0x74, 0x79, 0x0a
  .byte 0x5b, 0x46, 0x41, 0x51, 0x5d, 0x3a, 0x20, 0x68, 0x74, 0x74, 0x70, 0x73, 0x3a, 0x2f, 0x2f, 0x77
  .byte 0x77, 0x77, 0x2e, 0x63, 0x6f, 0x6e, 0x74, 0x72, 0x69, 0x62, 0x75, 0x74, 0x6f, 0x72, 0x2d, 0x63
  .byte 0x6f, 0x76, 0x65, 0x6e, 0x61, 0x6e, 0x74, 0x2e, 0x6f, 0x72, 0x67, 0x2f, 0x66, 0x61, 0x71, 0x0a
  .byte 0x5b, 0x74, 0x72, 0x61, 0x6e, 0x73, 0x6c, 0x61, 0x74, 0x69, 0x6f, 0x6e, 0x73, 0x5d, 0x3a, 0x20
  .byte 0x68, 0x74, 0x74, 0x70, 0x73, 0x3a, 0x2f, 0x2f, 0x77, 0x77, 0x77, 0x2e, 0x63, 0x6f, 0x6e, 0x74
  .byte 0x72, 0x69, 0x62, 0x75, 0x74, 0x6f, 0x72, 0x2d, 0x63, 0x6f, 0x76, 0x65, 0x6e, 0x61, 0x6e, 0x74
  .byte 0x2e, 0x6f, 0x72, 0x67, 0x2f, 0x74, 0x72, 0x61, 0x6e, 0x73, 0x6c, 0x61, 0x74, 0x69, 0x6f, 0x6e
  .byte 0x73, 0x0a, 0x0a, 0x2d, 0x2d, 0x2d, 0x0a, 0x0a, 0x3c, 0x21, 0x2d, 0x2d, 0x20, 0x43, 0x4f, 0x2d
  .byte 0x4f, 0x50, 0x20, 0x54, 0x52, 0x41, 0x4e, 0x53, 0x4c, 0x41, 0x54, 0x4f, 0x52, 0x20, 0x44, 0x49
  .byte 0x53, 0x43, 0x4c, 0x41, 0x49, 0x4d, 0x45, 0x52, 0x20, 0x53, 0x54, 0x41, 0x52, 0x54, 0x20, 0x2d
  .byte 0x2d, 0x3e, 0x0a, 0x2a, 0x2a, 0xe5, 0x85, 0x8d, 0xe8, 0xb4, 0xa3, 0xe5, 0xa3, 0xb0, 0xe6, 0x98
  .byte 0x8e, 0x2a, 0x2a, 0xef, 0xbc, 0x9a, 0x0a, 0xe6, 0x9c, 0xac, 0xe6, 0x96, 0x87, 0xe6, 0xa1, 0xa3
  .byte 0xe4, 0xbd, 0xbf, 0xe7, 0x94, 0xa8, 0x20, 0x41, 0x49, 0x20, 0xe7, 0xbf, 0xbb, 0xe8, 0xaf, 0x91
  .byte 0xe6, 0x9c, 0x8d, 0xe5, 0x8a, 0xa1, 0x20, 0x5b, 0x43, 0x6f, 0x2d, 0x6f, 0x70, 0x20, 0x54, 0x72
  .byte 0x61, 0x6e, 0x73, 0x6c, 0x61, 0x74, 0x6f, 0x72, 0x5d, 0x28, 0x68, 0x74, 0x74, 0x70, 0x73, 0x3a
  .byte 0x2f, 0x2f, 0x67, 0x69, 0x74, 0x68, 0x75, 0x62, 0x2e, 0x63, 0x6f, 0x6d, 0x2f, 0x41, 0x7a, 0x75
  .byte 0x72, 0x65, 0x2f, 0x63, 0x6f, 0x2d, 0x6f, 0x70, 0x2d, 0x74, 0x72, 0x61, 0x6e, 0x73, 0x6c, 0x61
  .byte 0x74, 0x6f, 0x72, 0x29, 0x20, 0xe8, 0xbf, 0x9b, 0xe8, 0xa1, 0x8c, 0xe7, 0xbf, 0xbb, 0xe8, 0xaf
  .byte 0x91, 0xe3, 0x80, 0x82, 0xe5, 0xb0, 0xbd, 0xe7, 0xae, 0xa1, 0xe6, 0x88, 0x91, 0xe4, 0xbb, 0xac
  .byte 0xe5, 0x8a, 0x9b, 0xe6, 0xb1, 0x82, 0xe5, 0x87, 0x86, 0xe7, 0xa1, 0xae, 0xef, 0xbc, 0x8c, 0xe4
  .byte 0xbd, 0x86, 0xe8, 0xaf, 0xb7, 0xe6, 0xb3, 0xa8, 0xe6, 0x84, 0x8f, 0xef, 0xbc, 0x8c, 0xe8, 0x87
  .byte 0xaa, 0xe5, 0x8a, 0xa8, 0xe7, 0xbf, 0xbb, 0xe8, 0xaf, 0x91, 0xe5, 0x8f, 0xaf, 0xe8, 0x83, 0xbd
  .byte 0xe5, 0x8c, 0x85, 0xe5, 0x90, 0xab, 0xe9, 0x94, 0x99, 0xe8, 0xaf, 0xaf, 0xe6, 0x88, 0x96, 0xe4
  .byte 0xb8, 0x8d, 0xe5, 0x87, 0x86, 0xe7, 0xa1, 0xae, 0xe4, 0xb9, 0x8b, 0xe5, 0xa4, 0x84, 0xe3, 0x80
  .byte 0x82, 0xe5, 0xba, 0x94, 0xe5, 0xb0, 0x86, 0xe5, 0x8e, 0x9f, 0xe5, 0xa7, 0x8b, 0xe8, 0xaf, 0xad
  .byte 0xe8, 0xa8, 0x80, 0xe7, 0x89, 0x88, 0xe6, 0x9c, 0xac, 0xe7, 0x9a, 0x84, 0xe5, 0x8e, 0x9f, 0xe5
  .byte 0xa7, 0x8b, 0xe6, 0x96, 0x87, 0xe6, 0xa1, 0xa3, 0xe8, 0xa7, 0x86, 0xe4, 0xb8, 0xba, 0xe6, 0x9d
  .byte 0x83, 0xe5, 0xa8, 0x81, 0xe6, 0x9d, 0xa5, 0xe6, 0xba, 0x90, 0xe3, 0x80, 0x82, 0xe5, 0xaf, 0xb9
  .byte 0xe4, 0xba, 0x8e, 0xe5, 0x85, 0xb3, 0xe9, 0x94, 0xae, 0xe4, 0xbf, 0xa1, 0xe6, 0x81, 0xaf, 0xef
  .byte 0xbc, 0x8c, 0xe5, 0xbb, 0xba, 0xe8, 0xae, 0xae, 0xe4, 0xbd, 0xbf, 0xe7, 0x94, 0xa8, 0xe4, 0xb8
  .byte 0x93, 0xe4, 0xb8, 0x9a, 0xe4, 0xba, 0xba, 0xe5, 0xb7, 0xa5, 0xe7, 0xbf, 0xbb, 0xe8, 0xaf, 0x91
  .byte 0xe3, 0x80, 0x82, 0xe5, 0xaf, 0xb9, 0xe4, 0xba, 0x8e, 0xe5, 0x9b, 0xa0, 0xe4, 0xbd, 0xbf, 0xe7
  .byte 0x94, 0xa8, 0xe6, 0xad, 0xa4, 0xe7, 0xbf, 0xbb, 0xe8, 0xaf, 0x91, 0xe8, 0x80, 0x8c, 0xe5, 0xbc
  .byte 0x95, 0xe8, 0xb5, 0xb7, 0xe7, 0x9a, 0x84, 0xe4, 0xbb, 0xbb, 0xe4, 0xbd, 0x95, 0xe8, 0xaf, 0xaf
  .byte 0xe8, 0xa7, 0xa3, 0xe6, 0x88, 0x96, 0xe8, 0xaf, 0xaf, 0xe9, 0x87, 0x8a, 0xef, 0xbc, 0x8c, 0xe6
  .byte 0x88, 0x91, 0xe4, 0xbb, 0xac, 0xe6, 0xa6, 0x82, 0xe4, 0xb8, 0x8d, 0xe8, 0xb4, 0x9f, 0xe8, 0xb4
  .byte 0xa3, 0xe3, 0x80, 0x82, 0x0a, 0x3c, 0x21, 0x2d, 0x2d, 0x20, 0x43, 0x4f, 0x2d, 0x4f, 0x50, 0x20
  .byte 0x54, 0x52, 0x41, 0x4e, 0x53, 0x4c, 0x41, 0x54, 0x4f, 0x52, 0x20, 0x44, 0x49, 0x53, 0x43, 0x4c
  .byte 0x41, 0x49, 0x4d, 0x45, 0x52, 0x20, 0x45, 0x4e, 0x44, 0x20, 0x2d, 0x2d, 0x3e

  .globl openui_full_port_translations_zh_CN_CODE_OF_CONDUCT_md_c84bd55c369e_len
openui_full_port_translations_zh_CN_CODE_OF_CONDUCT_md_c84bd55c369e_len:
  .quad 5101

# assembly pass: 2/4
  .globl openui_full_port_translations_zh_CN_CODE_OF_CONDUCT_md_c84bd55c369e_pass_2
openui_full_port_translations_zh_CN_CODE_OF_CONDUCT_md_c84bd55c369e_pass_2:
  .byte 0x23, 0x20, 0x43, 0x6f, 0x6e, 0x74, 0x72, 0x69, 0x62, 0x75, 0x74, 0x6f, 0x72, 0x20, 0x43, 0x6f
  .byte 0x76, 0x65, 0x6e, 0x61, 0x6e, 0x74, 0x20, 0xe8, 0xa1, 0x8c, 0xe4, 0xb8, 0xba, 0xe5, 0x87, 0x86
  .byte 0xe5, 0x88, 0x99, 0x0a, 0x0a, 0x23, 0x23, 0x20, 0xe6, 0x88, 0x91, 0xe4, 0xbb, 0xac, 0xe7, 0x9a
  .byte 0x84, 0xe6, 0x89, 0xbf, 0xe8, 0xaf, 0xba, 0x0a, 0x0a, 0xe4, 0xbd, 0x9c, 0xe4, 0xb8, 0xba, 0xe6
  .byte 0x88, 0x90, 0xe5, 0x91, 0x98, 0xe3, 0x80, 0x81, 0xe8, 0xb4, 0xa1, 0xe7, 0x8c, 0xae, 0xe8, 0x80
  .byte 0x85, 0xe5, 0x92, 0x8c, 0xe7, 0xa4, 0xbe, 0xe5, 0x8c, 0xba, 0xe9, 0xa2, 0x86, 0xe5, 0xaf, 0xbc
  .byte 0xe8, 0x80, 0x85, 0xef, 0xbc, 0x8c, 0xe6, 0x88, 0x91, 0xe4, 0xbb, 0xac, 0xe6, 0x89, 0xbf, 0xe8
  .byte 0xaf, 0xba, 0xe8, 0xae, 0xa9, 0xe6, 0xaf, 0x8f, 0xe4, 0xb8, 0xaa, 0xe4, 0xba, 0xba, 0xe9, 0x83
  .byte 0xbd, 0xe8, 0x83, 0xbd, 0xe5, 0x9c, 0xa8, 0xe7, 0xa4, 0xbe, 0xe5, 0x8c, 0xba, 0xe4, 0xb8, 0xad
  .byte 0xe8, 0x8e, 0xb7, 0xe5, 0xbe, 0x97, 0xe5, 0x85, 0x8d, 0xe5, 0x8f, 0x97, 0xe9, 0xaa, 0x9a, 0xe6
  .byte 0x89, 0xb0, 0xe7, 0x9a, 0x84, 0xe5, 0x8f, 0x82, 0xe4, 0xb8, 0x8e, 0xe4, 0xbd, 0x93, 0xe9, 0xaa
  .byte 0x8c, 0xef, 0xbc, 0x8c, 0xe4, 0xb8, 0x8d, 0xe5, 0x9b, 0xa0, 0xe5, 0xb9, 0xb4, 0xe9, 0xbe, 0x84
  .byte 0xe3, 0x80, 0x81, 0xe4, 0xbd, 0x93, 0xe5, 0x9e, 0x8b, 0xe3, 0x80, 0x81, 0xe5, 0x8f, 0xaf, 0xe8
  .byte 0xa7, 0x81, 0xe6, 0x88, 0x96, 0xe4, 0xb8, 0x8d, 0xe5, 0x8f, 0xaf, 0xe8, 0xa7, 0x81, 0xe7, 0x9a
  .byte 0x84, 0xe6, 0xae, 0x8b, 0xe9, 0x9a, 0x9c, 0xe3, 0x80, 0x81, 0xe6, 0x97, 0x8f, 0xe8, 0xa3, 0x94
  .byte 0xe3, 0x80, 0x81, 0xe6, 0x80, 0xa7, 0xe7, 0x89, 0xb9, 0xe5, 0xbe, 0x81, 0xe3, 0x80, 0x81, 0xe6
  .byte 0x80, 0xa7, 0xe5, 0x88, 0xab, 0xe8, 0xae, 0xa4, 0xe5, 0x90, 0x8c, 0xe4, 0xb8, 0x8e, 0xe8, 0xa1
  .byte 0xa8, 0xe8, 0xbe, 0xbe, 0xe3, 0x80, 0x81, 0xe7, 0xbb, 0x8f, 0xe9, 0xaa, 0x8c, 0xe6, 0xb0, 0xb4
  .byte 0xe5, 0xb9, 0xb3, 0xe3, 0x80, 0x81, 0xe6, 0x95, 0x99, 0xe8, 0x82, 0xb2, 0xe7, 0xa8, 0x8b, 0xe5
  .byte 0xba, 0xa6, 0xe3, 0x80, 0x81, 0xe7, 0xa4, 0xbe, 0xe4, 0xbc, 0x9a, 0xe7, 0xbb, 0x8f, 0xe6, 0xb5
  .byte 0x8e, 0xe5, 0x9c, 0xb0, 0xe4, 0xbd, 0x8d, 0xe3, 0x80, 0x81, 0xe5, 0x9b, 0xbd, 0xe7, 0xb1, 0x8d
  .byte 0xe3, 0x80, 0x81, 0xe4, 0xb8, 0xaa, 0xe4, 0xba, 0xba, 0xe5, 0xa4, 0x96, 0xe8, 0xb2, 0x8c, 0xe3
  .byte 0x80, 0x81, 0xe7, 0xa7, 0x8d, 0xe6, 0x97, 0x8f, 0xe3, 0x80, 0x81, 0xe7, 0xa7, 0x8d, 0xe5, 0xa7
  .byte 0x93, 0xe3, 0x80, 0x81, 0xe8, 0x82, 0xa4, 0xe8, 0x89, 0xb2, 0xe3, 0x80, 0x81, 0xe5, 0xae, 0x97
  .byte 0xe6, 0x95, 0x99, 0xe6, 0x88, 0x96, 0xe6, 0x80, 0xa7, 0xe8, 0xae, 0xa4, 0xe5, 0x90, 0x8c, 0xe4
  .byte 0xb8, 0x8e, 0xe6, 0x80, 0xa7, 0xe5, 0x8f, 0x96, 0xe5, 0x90, 0x91, 0xe8, 0x80, 0x8c, 0xe5, 0x8f
  .byte 0x97, 0xe5, 0x88, 0xb0, 0xe5, 0x8c, 0xba, 0xe5, 0x88, 0xab, 0xe5, 0xaf, 0xb9, 0xe5, 0xbe, 0x85
  .byte 0xe3, 0x80, 0x82, 0x0a, 0x0a, 0xe6, 0x88, 0x91, 0xe4, 0xbb, 0xac, 0xe6, 0x89, 0xbf, 0xe8, 0xaf
  .byte 0xba, 0xe4, 0xbb, 0xa5, 0xe5, 0xbc, 0x80, 0xe6, 0x94, 0xbe, 0xe3, 0x80, 0x81, 0xe5, 0x8f, 0x8b
  .byte 0xe5, 0x96, 0x84, 0xe3, 0x80, 0x81, 0xe5, 0xa4, 0x9a, 0xe5, 0x85, 0x83, 0xe3, 0x80, 0x81, 0xe5
  .byte 0x8c, 0x85, 0xe5, 0xae, 0xb9, 0xe4, 0xb8, 0x94, 0xe5, 0x81, 0xa5, 0xe5, 0xba, 0xb7, 0xe7, 0x9a
  .byte 0x84, 0xe6, 0x96, 0xb9, 0xe5, 0xbc, 0x8f, 0xe8, 0xa1, 0x8c, 0xe5, 0x8a, 0xa8, 0xe4, 0xb8, 0x8e
  .byte 0xe4, 0xba, 0x92, 0xe5, 0x8a, 0xa8, 0xef, 0xbc, 0x8c, 0xe5, 0x85, 0xb1, 0xe5, 0x90, 0x8c, 0xe5
  .byte 0xbb, 0xba, 0xe8, 0xae, 0xbe, 0xe7, 0xa4, 0xbe, 0xe5, 0x8c, 0xba, 0xe3, 0x80, 0x82, 0x0a, 0x0a
  .byte 0x23, 0x23, 0x20, 0xe6, 0x88, 0x91, 0xe4, 0xbb, 0xac, 0xe7, 0x9a, 0x84, 0xe5, 0x87, 0x86, 0xe5
  .byte 0x88, 0x99, 0x0a, 0x0a, 0xe6, 0x9c, 0x89, 0xe5, 0x8a, 0xa9, 0xe4, 0xba, 0x8e, 0xe4, 0xb8, 0xba
  .byte 0xe7, 0xa4, 0xbe, 0xe5, 0x8c, 0xba, 0xe8, 0x90, 0xa5, 0xe9, 0x80, 0xa0, 0xe7, 0xa7, 0xaf, 0xe6
  .byte 0x9e, 0x81, 0xe7, 0x8e, 0xaf, 0xe5, 0xa2, 0x83, 0xe7, 0x9a, 0x84, 0xe8, 0xa1, 0x8c, 0xe4, 0xb8
  .byte 0xba, 0xe5, 0x8c, 0x85, 0xe6, 0x8b, 0xac, 0xef, 0xbc, 0x9a, 0x0a, 0x0a, 0x2a, 0x20, 0xe5, 0xaf
  .byte 0xb9, 0xe4, 0xbb, 0x96, 0xe4, 0xba, 0xba, 0xe5, 0xb1, 0x95, 0xe7, 0x8e, 0xb0, 0xe5, 0x90, 0x8c
  .byte 0xe7, 0x90, 0x86, 0xe5, 0xbf, 0x83, 0xe4, 0xb8, 0x8e, 0xe5, 0x96, 0x84, 0xe6, 0x84, 0x8f, 0x0a
  .byte 0x2a, 0x20, 0xe5, 0xb0, 0x8a, 0xe9, 0x87, 0x8d, 0xe4, 0xb8, 0x8d, 0xe5, 0x90, 0x8c, 0xe7, 0x9a
  .byte 0x84, 0xe6, 0x84, 0x8f, 0xe8, 0xa7, 0x81, 0xe3, 0x80, 0x81, 0xe8, 0xa7, 0x82, 0xe7, 0x82, 0xb9
  .byte 0xe5, 0x92, 0x8c, 0xe7, 0xbb, 0x8f, 0xe5, 0x8e, 0x86, 0x0a, 0x2a, 0x20, 0xe6, 0x8f, 0x90, 0xe4
  .byte 0xbe, 0x9b, 0xe5, 0xbb, 0xba, 0xe8, 0xae, 0xbe, 0xe6, 0x80, 0xa7, 0xe5, 0x8f, 0x8d, 0xe9, 0xa6
  .byte 0x88, 0xef, 0xbc, 0x8c, 0xe5, 0xb9, 0xb6, 0xe4, 0xbb, 0xa5, 0xe5, 0xbe, 0x97, 0xe4, 0xbd, 0x93
  .byte 0xe7, 0x9a, 0x84, 0xe6, 0x80, 0x81, 0xe5, 0xba, 0xa6, 0xe6, 0x8e, 0xa5, 0xe5, 0x8f, 0x97, 0xe5
  .byte 0x8f, 0x8d, 0xe9, 0xa6, 0x88, 0x0a, 0x2a, 0x20, 0xe5, 0xaf, 0xb9, 0xe8, 0x87, 0xaa, 0xe5, 0xb7
  .byte 0xb1, 0xe7, 0x9a, 0x84, 0xe9, 0x94, 0x99, 0xe8, 0xaf, 0xaf, 0xe6, 0x89, 0xbf, 0xe6, 0x8b, 0x85
  .byte 0xe8, 0xb4, 0xa3, 0xe4, 0xbb, 0xbb, 0xef, 0xbc, 0x8c, 0xe5, 0x90, 0x91, 0xe5, 0x8f, 0x97, 0xe5
  .byte 0xbd, 0xb1, 0xe5, 0x93, 0x8d, 0xe7, 0x9a, 0x84, 0xe4, 0xba, 0xba, 0xe8, 0x87, 0xb4, 0xe6, 0xad
  .byte 0x89, 0xef, 0xbc, 0x8c, 0xe5, 0xb9, 0xb6, 0xe4, 0xbb, 0x8e, 0xe4, 0xb8, 0xad, 0xe5, 0x90, 0xb8
  .byte 0xe5, 0x8f, 0x96, 0xe7, 0xbb, 0x8f, 0xe9, 0xaa, 0x8c, 0xe6, 0x95, 0x99, 0xe8, 0xae, 0xad, 0x0a
  .byte 0x2a, 0x20, 0xe5, 0x85, 0xb3, 0xe6, 0xb3, 0xa8, 0xe4, 0xbb, 0x80, 0xe4, 0xb9, 0x88, 0xe5, 0xaf
  .byte 0xb9, 0xe6, 0x95, 0xb4, 0xe4, 0xb8, 0xaa, 0xe7, 0xa4, 0xbe, 0xe5, 0x8c, 0xba, 0xe6, 0x9c, 0x80
  .byte 0xe6, 0x9c, 0x89, 0xe7, 0x9b, 0x8a, 0xef, 0xbc, 0x8c, 0xe8, 0x80, 0x8c, 0xe4, 0xb8, 0x8d, 0xe5
  .byte 0x8f, 0xaa, 0xe6, 0x98, 0xaf, 0xe5, 0xaf, 0xb9, 0xe6, 0x88, 0x91, 0xe4, 0xbb, 0xac, 0xe4, 0xb8
  .byte 0xaa, 0xe4, 0xba, 0xba, 0xe6, 0x9c, 0x89, 0xe5, 0x88, 0xa9, 0x0a, 0x0a, 0xe4, 0xb8, 0x8d, 0xe5
  .byte 0x8f, 0xaf, 0xe6, 0x8e, 0xa5, 0xe5, 0x8f, 0x97, 0xe7, 0x9a, 0x84, 0xe8, 0xa1, 0x8c, 0xe4, 0xb8
  .byte 0xba, 0xe5, 0x8c, 0x85, 0xe6, 0x8b, 0xac, 0xef, 0xbc, 0x9a, 0x0a, 0x0a, 0x2a, 0x20, 0xe4, 0xbd
  .byte 0xbf, 0xe7, 0x94, 0xa8, 0xe5, 0xb8, 0xa6, 0xe6, 0x9c, 0x89, 0xe6, 0x80, 0xa7, 0xe6, 0x9a, 0x97
  .byte 0xe7, 0xa4, 0xba, 0xe7, 0x9a, 0x84, 0xe8, 0xaf, 0xad, 0xe8, 0xa8, 0x80, 0xe6, 0x88, 0x96, 0xe5
  .byte 0x9b, 0xbe, 0xe5, 0x83, 0x8f, 0xef, 0xbc, 0x8c, 0xe4, 0xbb, 0xa5, 0xe5, 0x8f, 0x8a, 0xe4, 0xbb
  .byte 0xbb, 0xe4, 0xbd, 0x95, 0xe5, 0xbd, 0xa2, 0xe5, 0xbc, 0x8f, 0xe7, 0x9a, 0x84, 0xe6, 0x80, 0xa7
  .byte 0xe5, 0x85, 0xb3, 0xe6, 0xb3, 0xa8, 0xe6, 0x88, 0x96, 0xe6, 0x80, 0xa7, 0xe6, 0x8c, 0x91, 0xe9
  .byte 0x80, 0x97, 0x0a, 0x2a, 0x20, 0xe6, 0x8c, 0x91, 0xe8, 0xa1, 0x85, 0xe3, 0x80, 0x81, 0xe4, 0xbe
  .byte 0xae, 0xe8, 0xbe, 0xb1, 0xe6, 0x80, 0xa7, 0xe6, 0x88, 0x96, 0xe8, 0xb4, 0xac, 0xe6, 0x8d, 0x9f
  .byte 0xe6, 0x80, 0xa7, 0xe8, 0xaf, 0x84, 0xe8, 0xae, 0xba, 0xef, 0xbc, 0x8c, 0xe4, 0xbb, 0xa5, 0xe5
  .byte 0x8f, 0x8a, 0xe4, 0xba, 0xba, 0xe8, 0xba, 0xab, 0xe6, 0x88, 0x96, 0xe6, 0x94, 0xbf, 0xe6, 0xb2
  .byte 0xbb, 0xe6, 0x94, 0xbb, 0xe5, 0x87, 0xbb, 0x0a, 0x2a, 0x20, 0xe5, 0x85, 0xac, 0xe5, 0xbc, 0x80
  .byte 0xe6, 0x88, 0x96, 0xe7, 0xa7, 0x81, 0xe4, 0xb8, 0x8b, 0xe9, 0xaa, 0x9a, 0xe6, 0x89, 0xb0, 0x0a
  .byte 0x2a, 0x20, 0xe6, 0x9c, 0xaa, 0xe7, 0xbb, 0x8f, 0xe6, 0x98, 0x8e, 0xe7, 0xa1, 0xae, 0xe8, 0xae
  .byte 0xb8, 0xe5, 0x8f, 0xaf, 0xef, 0xbc, 0x8c, 0xe5, 0x8f, 0x91, 0xe5, 0xb8, 0x83, 0xe4, 0xbb, 0x96
  .byte 0xe4, 0xba, 0xba, 0xe7, 0x9a, 0x84, 0xe7, 0xa7, 0x81, 0xe4, 0xba, 0xba, 0xe4, 0xbf, 0xa1, 0xe6
  .byte 0x81, 0xaf, 0xef, 0xbc, 0x8c, 0xe4, 0xbe, 0x8b, 0xe5, 0xa6, 0x82, 0xe4, 0xbd, 0x8f, 0xe5, 0x9d
  .byte 0x80, 0xe6, 0x88, 0x96, 0xe7, 0x94, 0xb5, 0xe5, 0xad, 0x90, 0xe9, 0x82, 0xae, 0xe7, 0xae, 0xb1
  .byte 0xe5, 0x9c, 0xb0, 0xe5, 0x9d, 0x80, 0x0a, 0x2a, 0x20, 0xe5, 0x85, 0xb6, 0xe4, 0xbb, 0x96, 0xe5
  .byte 0x9c, 0xa8, 0xe4, 0xb8, 0x93, 0xe4, 0xb8, 0x9a, 0xe5, 0x9c, 0xba, 0xe5, 0x90, 0x88, 0xe4, 0xb8
  .byte 0xad, 0xe5, 0x8f, 0xaf, 0xe8, 0xa2, 0xab, 0xe5, 0x90, 0x88, 0xe7, 0x90, 0x86, 0xe8, 0xae, 0xa4
  .byte 0xe4, 0xb8, 0xba, 0xe4, 0xb8, 0x8d, 0xe6, 0x81, 0xb0, 0xe5, 0xbd, 0x93, 0xe7, 0x9a, 0x84, 0xe8
  .byte 0xa1, 0x8c, 0xe4, 0xb8, 0xba, 0x0a, 0x0a, 0x23, 0x23, 0x20, 0xe6, 0x89, 0xa7, 0xe8, 0xa1, 0x8c
  .byte 0xe8, 0xb4, 0xa3, 0xe4, 0xbb, 0xbb, 0x0a, 0x0a, 0xe7, 0xa4, 0xbe, 0xe5, 0x8c, 0xba, 0xe9, 0xa2
  .byte 0x86, 0xe5, 0xaf, 0xbc, 0xe8, 0x80, 0x85, 0xe6, 0x9c, 0x89, 0xe8, 0xb4, 0xa3, 0xe4, 0xbb, 0xbb
  .byte 0xe8, 0xaf, 0xb4, 0xe6, 0x98, 0x8e, 0xe5, 0xb9, 0xb6, 0xe6, 0x89, 0xa7, 0xe8, 0xa1, 0x8c, 0xe6
  .byte 0x88, 0x91, 0xe4, 0xbb, 0xac, 0xe5, 0x85, 0xb3, 0xe4, 0xba, 0x8e, 0xe5, 0x8f, 0xaf, 0xe6, 0x8e
  .byte 0xa5, 0xe5, 0x8f, 0x97, 0xe8, 0xa1, 0x8c, 0xe4, 0xb8, 0xba, 0xe7, 0x9a, 0x84, 0xe6, 0xa0, 0x87
  .byte 0xe5, 0x87, 0x86, 0xef, 0xbc, 0x8c, 0xe5, 0xb9, 0xb6, 0xe5, 0xb0, 0x86, 0xe5, 0xaf, 0xb9, 0xe4
  .byte 0xbb, 0xbb, 0xe4, 0xbd, 0x95, 0xe4, 0xbb, 0x96, 0xe4, 0xbb, 0xac, 0xe8, 0xae, 0xa4, 0xe5, 0xae
  .byte 0x9a, 0xe4, 0xb8, 0xba, 0xe4, 0xb8, 0x8d, 0xe5, 0xbd, 0x93, 0xe3, 0x80, 0x81, 0xe5, 0x85, 0xb7
  .byte 0xe6, 0x9c, 0x89, 0xe5, 0xa8, 0x81, 0xe8, 0x83, 0x81, 0xe6, 0x80, 0xa7, 0xe3, 0x80, 0x81, 0xe5
  .byte 0x86, 0x92, 0xe7, 0x8a, 0xaf, 0xe6, 0x80, 0xa7, 0xe6, 0x88, 0x96, 0xe6, 0x9c, 0x89, 0xe5, 0xae
  .byte 0xb3, 0xe7, 0x9a, 0x84, 0xe8, 0xa1, 0x8c, 0xe4, 0xb8, 0xba, 0xe9, 0x87, 0x87, 0xe5, 0x8f, 0x96
  .byte 0xe9, 0x80, 0x82, 0xe5, 0xbd, 0x93, 0xe4, 0xb8, 0x94, 0xe5, 0x85, 0xac, 0xe6, 0xad, 0xa3, 0xe7
  .byte 0x9a, 0x84, 0xe7, 0xba, 0xa0, 0xe6, 0xad, 0xa3, 0xe6, 0x8e, 0xaa, 0xe6, 0x96, 0xbd, 0xe3, 0x80
  .byte 0x82, 0x0a, 0x0a, 0xe7, 0xa4, 0xbe, 0xe5, 0x8c, 0xba, 0xe9, 0xa2, 0x86, 0xe5, 0xaf, 0xbc, 0xe8
  .byte 0x80, 0x85, 0xe6, 0x9c, 0x89, 0xe6, 0x9d, 0x83, 0xe5, 0x88, 0xa9, 0xe4, 0xb9, 0x9f, 0xe6, 0x9c
  .byte 0x89, 0xe8, 0xb4, 0xa3, 0xe4, 0xbb, 0xbb, 0xe5, 0x88, 0xa0, 0xe9, 0x99, 0xa4, 0xe3, 0x80, 0x81
  .byte 0xe7, 0xbc, 0x96, 0xe8, 0xbe, 0x91, 0xe6, 0x88, 0x96, 0xe6, 0x8b, 0x92, 0xe7, 0xbb, 0x9d, 0xe4
  .byte 0xb8, 0x8e, 0xe6, 0x9c, 0xac, 0xe8, 0xa1, 0x8c, 0xe4, 0xb8, 0xba, 0xe5, 0x87, 0x86, 0xe5, 0x88
  .byte 0x99, 0xe4, 0xb8, 0x8d, 0xe4, 0xb8, 0x80, 0xe8, 0x87, 0xb4, 0xe7, 0x9a, 0x84, 0xe8, 0xaf, 0x84
  .byte 0xe8, 0xae, 0xba, 0xe3, 0x80, 0x81, 0xe6, 0x8f, 0x90, 0xe4, 0xba, 0xa4, 0xe3, 0x80, 0x81, 0xe4
  .byte 0xbb, 0xa3, 0xe7, 0xa0, 0x81, 0xe3, 0x80, 0x81, 0x77, 0x69, 0x6b, 0x69, 0x20, 0xe7, 0xbc, 0x96
  .byte 0xe8, 0xbe, 0x91, 0xe3, 0x80, 0x81, 0xe8, 0xae, 0xae, 0xe9, 0xa2, 0x98, 0xe5, 0x8f, 0x8a, 0xe5
  .byte 0x85, 0xb6, 0xe4, 0xbb, 0x96, 0xe8, 0xb4, 0xa1, 0xe7, 0x8c, 0xae, 0xef, 0xbc, 0x8c, 0xe5, 0xb9
  .byte 0xb6, 0xe4, 0xbc, 0x9a, 0xe5, 0x9c, 0xa8, 0xe9, 0x80, 0x82, 0xe5, 0xbd, 0x93, 0xe6, 0x83, 0x85
  .byte 0xe5, 0x86, 0xb5, 0xe4, 0xb8, 0x8b, 0xe8, 0xaf, 0xb4, 0xe6, 0x98, 0x8e, 0xe7, 0xae, 0xa1, 0xe7
  .byte 0x90, 0x86, 0xe5, 0x86, 0xb3, 0xe5, 0xae, 0x9a, 0xe7, 0x9a, 0x84, 0xe5, 0x8e, 0x9f, 0xe5, 0x9b
  .byte 0xa0, 0xe3, 0x80, 0x82, 0x0a, 0x0a, 0x23, 0x23, 0x20, 0xe9, 0x80, 0x82, 0xe7, 0x94, 0xa8, 0xe8
  .byte 0x8c, 0x83, 0xe5, 0x9b, 0xb4, 0x0a, 0x0a, 0xe6, 0x9c, 0xac, 0xe8, 0xa1, 0x8c, 0xe4, 0xb8, 0xba
  .byte 0xe5, 0x87, 0x86, 0xe5, 0x88, 0x99, 0xe9, 0x80, 0x82, 0xe7, 0x94, 0xa8, 0xe4, 0xba, 0x8e, 0xe6
  .byte 0x89, 0x80, 0xe6, 0x9c, 0x89, 0xe7, 0xa4, 0xbe, 0xe5, 0x8c, 0xba, 0xe7, 0xa9, 0xba, 0xe9, 0x97
  .byte 0xb4, 0xef, 0xbc, 0x8c, 0xe4, 0xb9, 0x9f, 0xe9, 0x80, 0x82, 0xe7, 0x94, 0xa8, 0xe4, 0xba, 0x8e
  .byte 0xe4, 0xb8, 0xaa, 0xe4, 0xba, 0xba, 0xe5, 0x9c, 0xa8, 0xe5, 0x85, 0xac, 0xe5, 0x85, 0xb1, 0xe5
  .byte 0x9c, 0xba, 0xe5, 0x90, 0x88, 0xe6, 0xad, 0xa3, 0xe5, 0xbc, 0x8f, 0xe4, 0xbb, 0xa3, 0xe8, 0xa1
  .byte 0xa8, 0xe7, 0xa4, 0xbe, 0xe5, 0x8c, 0xba, 0xe6, 0x97, 0xb6, 0xe7, 0x9a, 0x84, 0xe8, 0xa1, 0x8c
  .byte 0xe4, 0xb8, 0xba, 0xe3, 0x80, 0x82, 0x0a, 0xe4, 0xbb, 0xa3, 0xe8, 0xa1, 0xa8, 0xe7, 0xa4, 0xbe
  .byte 0xe5, 0x8c, 0xba, 0xe7, 0x9a, 0x84, 0xe4, 0xbe, 0x8b, 0xe5, 0xad, 0x90, 0xe5, 0x8c, 0x85, 0xe6
  .byte 0x8b, 0xac, 0xef, 0xbc, 0x9a, 0xe4, 0xbd, 0xbf, 0xe7, 0x94, 0xa8, 0xe5, 0xae, 0x98, 0xe6, 0x96
  .byte 0xb9, 0xe7, 0x94, 0xb5, 0xe5, 0xad, 0x90, 0xe9, 0x82, 0xae, 0xe7, 0xae, 0xb1, 0xe5, 0x9c, 0xb0
  .byte 0xe5, 0x9d, 0x80, 0xe3, 0x80, 0x81, 0xe9, 0x80, 0x9a, 0xe8, 0xbf, 0x87, 0xe5, 0xae, 0x98, 0xe6
  .byte 0x96, 0xb9, 0xe7, 0xa4, 0xbe, 0xe4, 0xba, 0xa4, 0xe5, 0xaa, 0x92, 0xe4, 0xbd, 0x93, 0xe8, 0xb4
  .byte 0xa6, 0xe5, 0x8f, 0xb7, 0xe5, 0x8f, 0x91, 0xe5, 0xb8, 0x83, 0xe5, 0x86, 0x85, 0xe5, 0xae, 0xb9
  .byte 0xef, 0xbc, 0x8c, 0xe6, 0x88, 0x96, 0xe5, 0x9c, 0xa8, 0xe7, 0xbd, 0x91, 0xe7, 0xbb, 0x9c, 0xe6
  .byte 0x88, 0x96, 0xe7, 0xba, 0xbf, 0xe4, 0xb8, 0x8b, 0xe6, 0xb4, 0xbb, 0xe5, 0x8a, 0xa8, 0xe4, 0xb8
  .byte 0xad, 0xe6, 0x8b, 0x85, 0xe4, 0xbb, 0xbb, 0xe6, 0x8c, 0x87, 0xe5, 0xae, 0x9a, 0xe4, 0xbb, 0xa3
  .byte 0xe8, 0xa1, 0xa8, 0xe3, 0x80, 0x82, 0x0a, 0x0a, 0x23, 0x23, 0x20, 0xe6, 0x89, 0xa7, 0xe8, 0xa1
  .byte 0x8c, 0x0a, 0x0a, 0xe8, 0xbe, 0xb1, 0xe9, 0xaa, 0x82, 0xe3, 0x80, 0x81, 0xe9, 0xaa, 0x9a, 0xe6
  .byte 0x89, 0xb0, 0xe6, 0x88, 0x96, 0xe5, 0x85, 0xb6, 0xe4, 0xbb, 0x96, 0xe4, 0xb8, 0x8d, 0xe5, 0x8f
  .byte 0xaf, 0xe6, 0x8e, 0xa5, 0xe5, 0x8f, 0x97, 0xe8, 0xa1, 0x8c, 0xe4, 0xb8, 0xba, 0xe7, 0x9a, 0x84
  .byte 0xe4, 0xba, 0x8b, 0xe4, 0xbb, 0xb6, 0xef, 0xbc, 0x8c, 0xe5, 0x8f, 0xaf, 0xe9, 0x80, 0x9a, 0xe8
  .byte 0xbf, 0x87, 0x0a, 0x5b, 0x49, 0x4e, 0x53, 0x45, 0x52, 0x54, 0x20, 0x43, 0x4f, 0x4e, 0x54, 0x41
  .byte 0x43, 0x54, 0x20, 0x4d, 0x45, 0x54, 0x48, 0x4f, 0x44, 0x5d, 0x0a, 0xe5, 0x90, 0x91, 0xe8, 0xb4
  .byte 0x9f, 0xe8, 0xb4, 0xa3, 0xe6, 0x89, 0xa7, 0xe8, 0xa1, 0x8c, 0xe7, 0x9a, 0x84, 0xe7, 0xa4, 0xbe
  .byte 0xe5, 0x8c, 0xba, 0xe9, 0xa2, 0x86, 0xe5, 0xaf, 0xbc, 0xe8, 0x80, 0x85, 0xe6, 0x8a, 0xa5, 0xe5
  .byte 0x91, 0x8a, 0xe3, 0x80, 0x82, 0x0a, 0xe6, 0x89, 0x80, 0xe6, 0x9c, 0x89, 0xe6, 0x8a, 0x95, 0xe8
  .byte 0xaf, 0x89, 0xe9, 0x83, 0xbd, 0xe4, 0xbc, 0x9a, 0xe8, 0xa2, 0xab, 0xe5, 0x8f, 0x8a, 0xe6, 0x97
  .byte 0xb6, 0xe4, 0xb8, 0x94, 0xe5, 0x85, 0xac, 0xe6, 0xad, 0xa3, 0xe5, 0x9c, 0xb0, 0xe5, 0xae, 0xa1
  .byte 0xe6, 0x9f, 0xa5, 0xe5, 0x92, 0x8c, 0xe8, 0xb0, 0x83, 0xe6, 0x9f, 0xa5, 0xe3, 0x80, 0x82, 0x0a
  .byte 0x0a, 0xe6, 0x89, 0x80, 0xe6, 0x9c, 0x89, 0xe7, 0xa4, 0xbe, 0xe5, 0x8c, 0xba, 0xe9, 0xa2, 0x86
  .byte 0xe5, 0xaf, 0xbc, 0xe8, 0x80, 0x85, 0xe9, 0x83, 0xbd, 0xe6, 0x9c, 0x89, 0xe4, 0xb9, 0x89, 0xe5
  .byte 0x8a, 0xa1, 0xe5, 0xb0, 0x8a, 0xe9, 0x87, 0x8d, 0xe4, 0xba, 0x8b, 0xe4, 0xbb, 0xb6, 0xe4, 0xb8
  .byte 0xbe, 0xe6, 0x8a, 0xa5, 0xe4, 0xba, 0xba, 0xe7, 0x9a, 0x84, 0xe9, 0x9a, 0x90, 0xe7, 0xa7, 0x81
  .byte 0xe4, 0xb8, 0x8e, 0xe5, 0xae, 0x89, 0xe5, 0x85, 0xa8, 0xe3, 0x80, 0x82, 0x0a, 0x0a, 0x23, 0x23
  .byte 0x20, 0xe6, 0x89, 0xa7, 0xe8, 0xa1, 0x8c, 0xe6, 0x8c, 0x87, 0xe5, 0x8d, 0x97, 0x0a, 0x0a, 0xe7
  .byte 0xa4, 0xbe, 0xe5, 0x8c, 0xba, 0xe9, 0xa2, 0x86, 0xe5, 0xaf, 0xbc, 0xe8, 0x80, 0x85, 0xe5, 0xb0
  .byte 0x86, 0xe5, 0x9c, 0xa8, 0xe5, 0x88, 0xa4, 0xe6, 0x96, 0xad, 0xe8, 0xbf, 0x9d, 0xe5, 0x8f, 0x8d
  .byte 0xe6, 0x9c, 0xac, 0xe8, 0xa1, 0x8c, 0xe4, 0xb8, 0xba, 0xe5, 0x87, 0x86, 0xe5, 0x88, 0x99, 0xe7
  .byte 0x9a, 0x84, 0xe5, 0x90, 0x8e, 0xe6, 0x9e, 0x9c, 0xe6, 0x97, 0xb6, 0xef, 0xbc, 0x8c, 0xe5, 0x8f
  .byte 0x82, 0xe8, 0x80, 0x83, 0xe4, 0xbb, 0xa5, 0xe4, 0xb8, 0x8b, 0xe7, 0xa4, 0xbe, 0xe5, 0x8c, 0xba
  .byte 0xe5, 0xbd, 0xb1, 0xe5, 0x93, 0x8d, 0xe6, 0x8c, 0x87, 0xe5, 0x8d, 0x97, 0xef, 0xbc, 0x9a, 0x0a
  .byte 0x0a, 0x23, 0x23, 0x23, 0x20, 0x31, 0x2e, 0x20, 0xe7, 0xba, 0xa0, 0xe6, 0xad, 0xa3, 0x0a, 0x0a
  .byte 0x3c, 0x73, 0x74, 0x72, 0x6f, 0x6e, 0x67, 0x3e, 0xe7, 0xa4, 0xbe, 0xe5, 0x8c, 0xba, 0xe5, 0xbd
  .byte 0xb1, 0xe5, 0x93, 0x8d, 0x3c, 0x2f, 0x73, 0x74, 0x72, 0x6f, 0x6e, 0x67, 0x3e, 0xef, 0xbc, 0x9a
  .byte 0xe5, 0x9c, 0xa8, 0xe7, 0xa4, 0xbe, 0xe5, 0x8c, 0xba, 0xe4, 0xb8, 0xad, 0xe4, 0xbd, 0xbf, 0xe7
  .byte 0x94, 0xa8, 0xe4, 0xb8, 0x8d, 0xe5, 0xbd, 0x93, 0xe8, 0xaf, 0xad, 0xe8, 0xa8, 0x80, 0xef, 0xbc
  .byte 0x8c, 0xe6, 0x88, 0x96, 0xe5, 0x85, 0xb6, 0xe4, 0xbb, 0x96, 0xe8, 0xa2, 0xab, 0xe8, 0xae, 0xa4
  .byte 0xe4, 0xb8, 0xba, 0xe4, 0xb8, 0x8d, 0xe4, 0xb8, 0x93, 0xe4, 0xb8, 0x9a, 0xe6, 0x88, 0x96, 0xe4
  .byte 0xb8, 0x8d, 0xe5, 0x8f, 0x97, 0xe6, 0xac, 0xa2, 0xe8, 0xbf, 0x8e, 0xe7, 0x9a, 0x84, 0xe8, 0xa1
  .byte 0x8c, 0xe4, 0xb8, 0xba, 0xe3, 0x80, 0x82, 0x0a, 0x0a, 0x3c, 0x73, 0x74, 0x72, 0x6f, 0x6e, 0x67
  .byte 0x3e, 0xe5, 0x90, 0x8e, 0xe6, 0x9e, 0x9c, 0x3c, 0x2f, 0x73, 0x74, 0x72, 0x6f, 0x6e, 0x67, 0x3e
  .byte 0xef, 0xbc, 0x9a, 0xe7, 0xa4, 0xbe, 0xe5, 0x8c, 0xba, 0xe9, 0xa2, 0x86, 0xe5, 0xaf, 0xbc, 0xe8
  .byte 0x80, 0x85, 0xe5, 0xb0, 0x86, 0xe4, 0xbb, 0xa5, 0xe7, 0xa7, 0x81, 0xe4, 0xb8, 0x8b, 0xe4, 0xb9
  .byte 0xa6, 0xe9, 0x9d, 0xa2, 0xe8, 0xad, 0xa6, 0xe5, 0x91, 0x8a, 0xe7, 0x9a, 0x84, 0xe5, 0xbd, 0xa2
  .byte 0xe5, 0xbc, 0x8f, 0xef, 0xbc, 0x8c, 0xe6, 0x98, 0x8e, 0xe7, 0xa1, 0xae, 0xe8, 0xaf, 0xb4, 0xe6
  .byte 0x98, 0x8e, 0xe8, 0xbf, 0x9d, 0xe8, 0xa7, 0x84, 0xe6, 0x80, 0xa7, 0xe8, 0xb4, 0xa8, 0xef, 0xbc
  .byte 0x8c, 0xe5, 0xb9, 0xb6, 0xe8, 0xa7, 0xa3, 0xe9, 0x87, 0x8a, 0xe4, 0xb8, 0xba, 0xe4, 0xbd, 0x95
  .byte 0xe8, 0xaf, 0xa5, 0xe8, 0xa1, 0x8c, 0xe4, 0xb8, 0xba, 0xe4, 0xb8, 0x8d, 0xe5, 0xbd, 0x93, 0xe3
  .byte 0x80, 0x82, 0xe4, 0xb9, 0x9f, 0xe5, 0x8f, 0xaf, 0xe8, 0x83, 0xbd, 0xe8, 0xa6, 0x81, 0xe6, 0xb1
  .byte 0x82, 0xe5, 0x85, 0xac, 0xe5, 0xbc, 0x80, 0xe9, 0x81, 0x93, 0xe6, 0xad, 0x89, 0xe3, 0x80, 0x82
  .byte 0x0a, 0x0a, 0x23, 0x23, 0x23, 0x20, 0x32, 0x2e, 0x20, 0xe8, 0xad, 0xa6, 0xe5, 0x91, 0x8a, 0x0a
  .byte 0x0a, 0x3c, 0x73, 0x74, 0x72, 0x6f, 0x6e, 0x67, 0x3e, 0xe7, 0xa4, 0xbe, 0xe5, 0x8c, 0xba, 0xe5
  .byte 0xbd, 0xb1, 0xe5, 0x93, 0x8d, 0x3c, 0x2f, 0x73, 0x74, 0x72, 0x6f, 0x6e, 0x67, 0x3e, 0xef, 0xbc
  .byte 0x9a, 0xe5, 0x8d, 0x95, 0xe6, 0xac, 0xa1, 0xe4, 0xba, 0x8b, 0xe4, 0xbb, 0xb6, 0xe6, 0x88, 0x96
  .byte 0xe4, 0xb8, 0x80, 0xe7, 0xb3, 0xbb, 0xe5, 0x88, 0x97, 0xe8, 0xa1, 0x8c, 0xe4, 0xb8, 0xba, 0xe6
  .byte 0x9e, 0x84, 0xe6, 0x88, 0x90, 0xe7, 0x9a, 0x84, 0xe8, 0xbf, 0x9d, 0xe8, 0xa7, 0x84, 0xe3, 0x80
  .byte 0x82, 0x0a, 0x0a, 0x3c, 0x73, 0x74, 0x72, 0x6f, 0x6e, 0x67, 0x3e, 0xe5, 0x90, 0x8e, 0xe6, 0x9e
  .byte 0x9c, 0x3c, 0x2f, 0x73, 0x74, 0x72, 0x6f, 0x6e, 0x67, 0x3e, 0xef, 0xbc, 0x9a, 0xe5, 0x8f, 0x91
  .byte 0xe5, 0x87, 0xba, 0xe8, 0xad, 0xa6, 0xe5, 0x91, 0x8a, 0xef, 0xbc, 0x8c, 0xe5, 0xb9, 0xb6, 0xe8
  .byte 0xaf, 0xb4, 0xe6, 0x98, 0x8e, 0xe8, 0x8b, 0xa5, 0xe6, 0x8c, 0x81, 0xe7, 0xbb, 0xad, 0xe8, 0xaf
  .byte 0xa5, 0xe8, 0xa1, 0x8c, 0xe4, 0xb8, 0xba, 0xe5, 0xb0, 0x86, 0xe9, 0x9d, 0xa2, 0xe4, 0xb8, 0xb4
  .byte 0xe7, 0x9a, 0x84, 0xe5, 0x90, 0x8e, 0xe6, 0x9e, 0x9c, 0xe3, 0x80, 0x82, 0xe5, 0x9c, 0xa8, 0xe8
  .byte 0xa7, 0x84, 0xe5, 0xae, 0x9a, 0xe6, 0x97, 0xb6, 0xe9, 0x97, 0xb4, 0xe5, 0x86, 0x85, 0xef, 0xbc
  .byte 0x8c, 0xe4, 0xb8, 0x8d, 0xe5, 0xbe, 0x97, 0xe4, 0xb8, 0x8e, 0xe7, 0x9b, 0xb8, 0xe5, 0x85, 0xb3
  .byte 0xe4, 0xba, 0xba, 0xe5, 0x91, 0x98, 0xe5, 0x8f, 0x91, 0xe7, 0x94, 0x9f, 0xe4, 0xbb, 0xbb, 0xe4
  .byte 0xbd, 0x95, 0xe4, 0xba, 0x92, 0xe5, 0x8a, 0xa8, 0xef, 0xbc, 0x8c, 0xe5, 0x8c, 0x85, 0xe6, 0x8b
  .byte 0xac, 0xe4, 0xb8, 0xbb, 0xe5, 0x8a, 0xa8, 0xe4, 0xb8, 0x8e, 0xe6, 0x89, 0xa7, 0xe8, 0xa1, 0x8c
  .byte 0xe6, 0x9c, 0xac, 0xe8, 0xa1, 0x8c, 0xe4, 0xb8, 0xba, 0xe5, 0x87, 0x86, 0xe5, 0x88, 0x99, 0xe7
  .byte 0x9a, 0x84, 0xe4, 0xba, 0xba, 0xe6, 0x8e, 0xa5, 0xe8, 0xa7, 0xa6, 0xe3, 0x80, 0x82, 0xe8, 0xbf
  .byte 0x99, 0xe4, 0xb9, 0x9f, 0xe5, 0x8c, 0x85, 0xe6, 0x8b, 0xac, 0xe9, 0x81, 0xbf, 0xe5, 0x85, 0x8d
  .byte 0xe5, 0x9c, 0xa8, 0xe7, 0xa4, 0xbe, 0xe5, 0x8c, 0xba, 0xe7, 0xa9, 0xba, 0xe9, 0x97, 0xb4, 0xe4
  .byte 0xbb, 0xa5, 0xe5, 0x8f, 0x8a, 0xe7, 0xa4, 0xbe, 0xe4, 0xba, 0xa4, 0xe5, 0xaa, 0x92, 0xe4, 0xbd
  .byte 0x93, 0xe7, 0xad, 0x89, 0xe5, 0xa4, 0x96, 0xe9, 0x83, 0xa8, 0xe6, 0xb8, 0xa0, 0xe9, 0x81, 0x93
  .byte 0xe4, 0xb8, 0xad, 0xe7, 0x9a, 0x84, 0xe4, 0xba, 0x92, 0xe5, 0x8a, 0xa8, 0xe3, 0x80, 0x82, 0xe8
  .byte 0xbf, 0x9d, 0xe5, 0x8f, 0x8d, 0xe8, 0xbf, 0x99, 0xe4, 0xba, 0x9b, 0xe8, 0xa6, 0x81, 0xe6, 0xb1
  .byte 0x82, 0xe5, 0x8f, 0xaf, 0xe8, 0x83, 0xbd, 0xe5, 0xaf, 0xbc, 0xe8, 0x87, 0xb4, 0xe4, 0xb8, 0xb4
  .byte 0xe6, 0x97, 0xb6, 0xe6, 0x88, 0x96, 0xe6, 0xb0, 0xb8, 0xe4, 0xb9, 0x85, 0xe5, 0xb0, 0x81, 0xe7
  .byte 0xa6, 0x81, 0xe3, 0x80, 0x82, 0x0a, 0x0a, 0x23, 0x23, 0x23, 0x20, 0x33, 0x2e, 0x20, 0xe4, 0xb8
  .byte 0xb4, 0xe6, 0x97, 0xb6, 0xe5, 0xb0, 0x81, 0xe7, 0xa6, 0x81, 0x0a, 0x0a, 0x3c, 0x73, 0x74, 0x72
  .byte 0x6f, 0x6e, 0x67, 0x3e, 0xe7, 0xa4, 0xbe, 0xe5, 0x8c, 0xba, 0xe5, 0xbd, 0xb1, 0xe5, 0x93, 0x8d
  .byte 0x3c, 0x2f, 0x73, 0x74, 0x72, 0x6f, 0x6e, 0x67, 0x3e, 0xef, 0xbc, 0x9a, 0xe4, 0xb8, 0xa5, 0xe9
  .byte 0x87, 0x8d, 0xe8, 0xbf, 0x9d, 0xe5, 0x8f, 0x8d, 0xe7, 0xa4, 0xbe, 0xe5, 0x8c, 0xba, 0xe5, 0x87
  .byte 0x86, 0xe5, 0x88, 0x99, 0xef, 0xbc, 0x8c, 0xe5, 0x8c, 0x85, 0xe6, 0x8b, 0xac, 0xe6, 0x8c, 0x81
  .byte 0xe7, 0xbb, 0xad, 0xe7, 0x9a, 0x84, 0xe4, 0xb8, 0x8d, 0xe5, 0xbd, 0x93, 0xe8, 0xa1, 0x8c, 0xe4
  .byte 0xb8, 0xba, 0xe3, 0x80, 0x82, 0x0a, 0x0a, 0x3c, 0x73, 0x74, 0x72, 0x6f, 0x6e, 0x67, 0x3e, 0xe5
  .byte 0x90, 0x8e, 0xe6, 0x9e, 0x9c, 0x3c, 0x2f, 0x73, 0x74, 0x72, 0x6f, 0x6e, 0x67, 0x3e, 0xef, 0xbc
  .byte 0x9a, 0xe5, 0x9c, 0xa8, 0xe8, 0xa7, 0x84, 0xe5, 0xae, 0x9a, 0xe6, 0x97, 0xb6, 0xe9, 0x97, 0xb4
  .byte 0xe5, 0x86, 0x85, 0xef, 0xbc, 0x8c, 0xe6, 0x9a, 0x82, 0xe6, 0x97, 0xb6, 0xe7, 0xa6, 0x81, 0xe6
  .byte 0xad, 0xa2, 0xe4, 0xb8, 0x8e, 0xe7, 0xa4, 0xbe, 0xe5, 0x8c, 0xba, 0xe8, 0xbf, 0x9b, 0xe8, 0xa1
  .byte 0x8c, 0xe4, 0xbb, 0xbb, 0xe4, 0xbd, 0x95, 0xe5, 0xbd, 0xa2, 0xe5, 0xbc, 0x8f, 0xe7, 0x9a, 0x84
  .byte 0xe4, 0xba, 0x92, 0xe5, 0x8a, 0xa8, 0xe6, 0x88, 0x96, 0xe5, 0x85, 0xac, 0xe5, 0xbc, 0x80, 0xe4
  .byte 0xba, 0xa4, 0xe6, 0xb5, 0x81, 0xe3, 0x80, 0x82, 0xe5, 0x9c, 0xa8, 0xe6, 0xad, 0xa4, 0xe6, 0x9c
  .byte 0x9f, 0xe9, 0x97, 0xb4, 0xef, 0xbc, 0x8c, 0xe4, 0xb8, 0x8d, 0xe5, 0xbe, 0x97, 0xe4, 0xb8, 0x8e
  .byte 0xe7, 0x9b, 0xb8, 0xe5, 0x85, 0xb3, 0xe4, 0xba, 0xba, 0xe5, 0x91, 0x98, 0xe8, 0xbf, 0x9b, 0xe8
  .byte 0xa1, 0x8c, 0xe4, 0xbb, 0xbb, 0xe4, 0xbd, 0x95, 0xe5, 0x85, 0xac, 0xe5, 0xbc, 0x80, 0xe6, 0x88
  .byte 0x96, 0xe7, 0xa7, 0x81, 0xe4, 0xb8, 0x8b, 0xe4, 0xba, 0x92, 0xe5, 0x8a, 0xa8, 0xef, 0xbc, 0x8c
  .byte 0xe5, 0x8c, 0x85, 0xe6, 0x8b, 0xac, 0xe4, 0xb8, 0xbb, 0xe5, 0x8a, 0xa8, 0xe4, 0xb8, 0x8e, 0xe6
  .byte 0x89, 0xa7, 0xe8, 0xa1, 0x8c, 0xe6, 0x9c, 0xac, 0xe8, 0xa1, 0x8c, 0xe4, 0xb8, 0xba, 0xe5, 0x87
  .byte 0x86, 0xe5, 0x88, 0x99, 0xe7, 0x9a, 0x84, 0xe4, 0xba, 0xba, 0xe6, 0x8e, 0xa5, 0xe8, 0xa7, 0xa6
  .byte 0xe3, 0x80, 0x82, 0xe8, 0xbf, 0x9d, 0xe5, 0x8f, 0x8d, 0xe8, 0xbf, 0x99, 0xe4, 0xba, 0x9b, 0xe8
  .byte 0xa6, 0x81, 0xe6, 0xb1, 0x82, 0xe5, 0x8f, 0xaf, 0xe8, 0x83, 0xbd, 0xe5, 0xaf, 0xbc, 0xe8, 0x87
  .byte 0xb4, 0xe6, 0xb0, 0xb8, 0xe4, 0xb9, 0x85, 0xe5, 0xb0, 0x81, 0xe7, 0xa6, 0x81, 0xe3, 0x80, 0x82
  .byte 0x0a, 0x0a, 0x23, 0x23, 0x23, 0x20, 0x34, 0x2e, 0x20, 0xe6, 0xb0, 0xb8, 0xe4, 0xb9, 0x85, 0xe5
  .byte 0xb0, 0x81, 0xe7, 0xa6, 0x81, 0x0a, 0x0a, 0x3c, 0x73, 0x74, 0x72, 0x6f, 0x6e, 0x67, 0x3e, 0xe7
  .byte 0xa4, 0xbe, 0xe5, 0x8c, 0xba, 0xe5, 0xbd, 0xb1, 0xe5, 0x93, 0x8d, 0x3c, 0x2f, 0x73, 0x74, 0x72
  .byte 0x6f, 0x6e, 0x67, 0x3e, 0xef, 0xbc, 0x9a, 0xe8, 0xa1, 0xa8, 0xe7, 0x8e, 0xb0, 0xe5, 0x87, 0xba
  .byte 0xe6, 0x8c, 0x81, 0xe7, 0xbb, 0xad, 0xe8, 0xbf, 0x9d, 0xe5, 0x8f, 0x8d, 0xe7, 0xa4, 0xbe, 0xe5
  .byte 0x8c, 0xba, 0xe5, 0x87, 0x86, 0xe5, 0x88, 0x99, 0xe7, 0x9a, 0x84, 0xe6, 0xa8, 0xa1, 0xe5, 0xbc
  .byte 0x8f, 0xef, 0xbc, 0x8c, 0xe5, 0x8c, 0x85, 0xe6, 0x8b, 0xac, 0xe6, 0x8c, 0x81, 0xe7, 0xbb, 0xad
  .byte 0xe7, 0x9a, 0x84, 0xe4, 0xb8, 0x8d, 0xe5, 0xbd, 0x93, 0xe8, 0xa1, 0x8c, 0xe4, 0xb8, 0xba, 0xe3
  .byte 0x80, 0x81, 0xe5, 0xaf, 0xb9, 0xe4, 0xb8, 0xaa, 0xe4, 0xba, 0xba, 0xe7, 0x9a, 0x84, 0xe9, 0xaa
  .byte 0x9a, 0xe6, 0x89, 0xb0, 0xef, 0xbc, 0x8c, 0xe6, 0x88, 0x96, 0xe5, 0xaf, 0xb9, 0xe7, 0x89, 0xb9
  .byte 0xe5, 0xae, 0x9a, 0xe7, 0xbe, 0xa4, 0xe4, 0xbd, 0x93, 0xe8, 0xa1, 0xa8, 0xe7, 0x8e, 0xb0, 0xe5
  .byte 0x87, 0xba, 0xe6, 0x94, 0xbb, 0xe5, 0x87, 0xbb, 0xe6, 0x80, 0xa7, 0xe6, 0x88, 0x96, 0xe8, 0xb4
  .byte 0xac, 0xe4, 0xbd, 0x8e, 0xe8, 0xa1, 0x8c, 0xe4, 0xb8, 0xba, 0xe3, 0x80, 0x82, 0x0a, 0x0a, 0x3c
  .byte 0x73, 0x74, 0x72, 0x6f, 0x6e, 0x67, 0x3e, 0xe5, 0x90, 0x8e, 0xe6, 0x9e, 0x9c, 0x3c, 0x2f, 0x73
  .byte 0x74, 0x72, 0x6f, 0x6e, 0x67, 0x3e, 0xef, 0xbc, 0x9a, 0xe6, 0xb0, 0xb8, 0xe4, 0xb9, 0x85, 0xe7
  .byte 0xa6, 0x81, 0xe6, 0xad, 0xa2, 0xe5, 0x9c, 0xa8, 0xe7, 0xa4, 0xbe, 0xe5, 0x8c, 0xba, 0xe5, 0x86
  .byte 0x85, 0xe8, 0xbf, 0x9b, 0xe8, 0xa1, 0x8c, 0xe4, 0xbb, 0xbb, 0xe4, 0xbd, 0x95, 0xe5, 0xbd, 0xa2
  .byte 0xe5, 0xbc, 0x8f, 0xe7, 0x9a, 0x84, 0xe5, 0x85, 0xac, 0xe5, 0xbc, 0x80, 0xe4, 0xba, 0x92, 0xe5
  .byte 0x8a, 0xa8, 0xe3, 0x80, 0x82, 0x0a, 0x0a, 0x23, 0x23, 0x20, 0xe7, 0xbd, 0xb2, 0xe5, 0x90, 0x8d
  .byte 0x0a, 0x0a, 0xe6, 0x9c, 0xac, 0xe8, 0xa1, 0x8c, 0xe4, 0xb8, 0xba, 0xe5, 0x87, 0x86, 0xe5, 0x88
  .byte 0x99, 0xe6, 0x94, 0xb9, 0xe7, 0xbc, 0x96, 0xe8, 0x87, 0xaa, 0x20, 0x5b, 0x43, 0x6f, 0x6e, 0x74
  .byte 0x72, 0x69, 0x62, 0x75, 0x74, 0x6f, 0x72, 0x20, 0x43, 0x6f, 0x76, 0x65, 0x6e, 0x61, 0x6e, 0x74
  .byte 0x5d, 0x5b, 0x68, 0x6f, 0x6d, 0x65, 0x70, 0x61, 0x67, 0x65, 0x5d, 0x20, 0x32, 0x2e, 0x31, 0x20
  .byte 0xe7, 0x89, 0x88, 0xef, 0xbc, 0x8c, 0xe5, 0x8e, 0x9f, 0xe6, 0x96, 0x87, 0xe8, 0xa7, 0x81, 0x0a
  .byte 0x5b, 0x68, 0x74, 0x74, 0x70, 0x73, 0x3a, 0x2f, 0x2f, 0x77, 0x77, 0x77, 0x2e, 0x63, 0x6f, 0x6e
  .byte 0x74, 0x72, 0x69, 0x62, 0x75, 0x74, 0x6f, 0x72, 0x2d, 0x63, 0x6f, 0x76, 0x65, 0x6e, 0x61, 0x6e
  .byte 0x74, 0x2e, 0x6f, 0x72, 0x67, 0x2f, 0x76, 0x65, 0x72, 0x73, 0x69, 0x6f, 0x6e, 0x2f, 0x32, 0x2f
  .byte 0x31, 0x2f, 0x63, 0x6f, 0x64, 0x65, 0x5f, 0x6f, 0x66, 0x5f, 0x63, 0x6f, 0x6e, 0x64, 0x75, 0x63
  .byte 0x74, 0x2e, 0x68, 0x74, 0x6d, 0x6c, 0x5d, 0x5b, 0x76, 0x32, 0x2e, 0x31, 0x5d, 0xe3, 0x80, 0x82
  .byte 0x0a, 0x0a, 0xe7, 0xa4, 0xbe, 0xe5, 0x8c, 0xba, 0xe5, 0xbd, 0xb1, 0xe5, 0x93, 0x8d, 0xe6, 0x8c
  .byte 0x87, 0xe5, 0x8d, 0x97, 0xe7, 0x9a, 0x84, 0xe7, 0x81, 0xb5, 0xe6, 0x84, 0x9f, 0xe6, 0x9d, 0xa5
  .byte 0xe8, 0x87, 0xaa, 0x0a, 0x5b, 0x4d, 0x6f, 0x7a, 0x69, 0x6c, 0x6c, 0x61, 0x27, 0x73, 0x20, 0x63
  .byte 0x6f, 0x64, 0x65, 0x20, 0x6f, 0x66, 0x20, 0x63, 0x6f, 0x6e, 0x64, 0x75, 0x63, 0x74, 0x20, 0x65
  .byte 0x6e, 0x66, 0x6f, 0x72, 0x63, 0x65, 0x6d, 0x65, 0x6e, 0x74, 0x20, 0x6c, 0x61, 0x64, 0x64, 0x65
  .byte 0x72, 0x5d, 0x5b, 0x4d, 0x6f, 0x7a, 0x69, 0x6c, 0x6c, 0x61, 0x20, 0x43, 0x6f, 0x43, 0x5d, 0xe3
  .byte 0x80, 0x82, 0x0a, 0x0a, 0xe5, 0xa6, 0x82, 0xe9, 0x9c, 0x80, 0xe4, 0xba, 0x86, 0xe8, 0xa7, 0xa3
  .byte 0xe5, 0x85, 0xb3, 0xe4, 0xba, 0x8e, 0xe6, 0x9c, 0xac, 0xe8, 0xa1, 0x8c, 0xe4, 0xb8, 0xba, 0xe5
  .byte 0x87, 0x86, 0xe5, 0x88, 0x99, 0xe7, 0x9a, 0x84, 0xe5, 0xb8, 0xb8, 0xe8, 0xa7, 0x81, 0xe9, 0x97
  .byte 0xae, 0xe9, 0xa2, 0x98, 0xef, 0xbc, 0x8c, 0xe8, 0xaf, 0xb7, 0xe5, 0x8f, 0x82, 0xe9, 0x98, 0x85
  .byte 0x0a, 0x5b, 0x68, 0x74, 0x74, 0x70, 0x73, 0x3a, 0x2f, 0x2f, 0x77, 0x77, 0x77, 0x2e, 0x63, 0x6f
  .byte 0x6e, 0x74, 0x72, 0x69, 0x62, 0x75, 0x74, 0x6f, 0x72, 0x2d, 0x63, 0x6f, 0x76, 0x65, 0x6e, 0x61
  .byte 0x6e, 0x74, 0x2e, 0x6f, 0x72, 0x67, 0x2f, 0x66, 0x61, 0x71, 0x5d, 0x5b, 0x46, 0x41, 0x51, 0x5d
  .byte 0xe3, 0x80, 0x82, 0x0a, 0xe5, 0x90, 0x84, 0xe8, 0xaf, 0xad, 0xe8, 0xa8, 0x80, 0xe8, 0xaf, 0x91
  .byte 0xe6, 0x9c, 0xac, 0xe8, 0xa7, 0x81, 0x0a, 0x5b, 0x68, 0x74, 0x74, 0x70, 0x73, 0x3a, 0x2f, 0x2f
  .byte 0x77, 0x77, 0x77, 0x2e, 0x63, 0x6f, 0x6e, 0x74, 0x72, 0x69, 0x62, 0x75, 0x74, 0x6f, 0x72, 0x2d
  .byte 0x63, 0x6f, 0x76, 0x65, 0x6e, 0x61, 0x6e, 0x74, 0x2e, 0x6f, 0x72, 0x67, 0x2f, 0x74, 0x72, 0x61
  .byte 0x6e, 0x73, 0x6c, 0x61, 0x74, 0x69, 0x6f, 0x6e, 0x73, 0x5d, 0x5b, 0x74, 0x72, 0x61, 0x6e, 0x73
  .byte 0x6c, 0x61, 0x74, 0x69, 0x6f, 0x6e, 0x73, 0x5d, 0xe3, 0x80, 0x82, 0x0a, 0x0a, 0x5b, 0x68, 0x6f
  .byte 0x6d, 0x65, 0x70, 0x61, 0x67, 0x65, 0x5d, 0x3a, 0x20, 0x68, 0x74, 0x74, 0x70, 0x73, 0x3a, 0x2f
  .byte 0x2f, 0x77, 0x77, 0x77, 0x2e, 0x63, 0x6f, 0x6e, 0x74, 0x72, 0x69, 0x62, 0x75, 0x74, 0x6f, 0x72
  .byte 0x2d, 0x63, 0x6f, 0x76, 0x65, 0x6e, 0x61, 0x6e, 0x74, 0x2e, 0x6f, 0x72, 0x67, 0x0a, 0x5b, 0x76
  .byte 0x32, 0x2e, 0x31, 0x5d, 0x3a, 0x20, 0x68, 0x74, 0x74, 0x70, 0x73, 0x3a, 0x2f, 0x2f, 0x77, 0x77
  .byte 0x77, 0x2e, 0x63, 0x6f, 0x6e, 0x74, 0x72, 0x69, 0x62, 0x75, 0x74, 0x6f, 0x72, 0x2d, 0x63, 0x6f
  .byte 0x76, 0x65, 0x6e, 0x61, 0x6e, 0x74, 0x2e, 0x6f, 0x72, 0x67, 0x2f, 0x76, 0x65, 0x72, 0x73, 0x69
  .byte 0x6f, 0x6e, 0x2f, 0x32, 0x2f, 0x31, 0x2f, 0x63, 0x6f, 0x64, 0x65, 0x5f, 0x6f, 0x66, 0x5f, 0x63
  .byte 0x6f, 0x6e, 0x64, 0x75, 0x63, 0x74, 0x2e, 0x68, 0x74, 0x6d, 0x6c, 0x0a, 0x5b, 0x4d, 0x6f, 0x7a
  .byte 0x69, 0x6c, 0x6c, 0x61, 0x20, 0x43, 0x6f, 0x43, 0x5d, 0x3a, 0x20, 0x68, 0x74, 0x74, 0x70, 0x73
  .byte 0x3a, 0x2f, 0x2f, 0x67, 0x69, 0x74, 0x68, 0x75, 0x62, 0x2e, 0x63, 0x6f, 0x6d, 0x2f, 0x6d, 0x6f
  .byte 0x7a, 0x69, 0x6c, 0x6c, 0x61, 0x2f, 0x64, 0x69, 0x76, 0x65, 0x72, 0x73, 0x69, 0x74, 0x79, 0x0a
  .byte 0x5b, 0x46, 0x41, 0x51, 0x5d, 0x3a, 0x20, 0x68, 0x74, 0x74, 0x70, 0x73, 0x3a, 0x2f, 0x2f, 0x77
  .byte 0x77, 0x77, 0x2e, 0x63, 0x6f, 0x6e, 0x74, 0x72, 0x69, 0x62, 0x75, 0x74, 0x6f, 0x72, 0x2d, 0x63
  .byte 0x6f, 0x76, 0x65, 0x6e, 0x61, 0x6e, 0x74, 0x2e, 0x6f, 0x72, 0x67, 0x2f, 0x66, 0x61, 0x71, 0x0a
  .byte 0x5b, 0x74, 0x72, 0x61, 0x6e, 0x73, 0x6c, 0x61, 0x74, 0x69, 0x6f, 0x6e, 0x73, 0x5d, 0x3a, 0x20
  .byte 0x68, 0x74, 0x74, 0x70, 0x73, 0x3a, 0x2f, 0x2f, 0x77, 0x77, 0x77, 0x2e, 0x63, 0x6f, 0x6e, 0x74
  .byte 0x72, 0x69, 0x62, 0x75, 0x74, 0x6f, 0x72, 0x2d, 0x63, 0x6f, 0x76, 0x65, 0x6e, 0x61, 0x6e, 0x74
  .byte 0x2e, 0x6f, 0x72, 0x67, 0x2f, 0x74, 0x72, 0x61, 0x6e, 0x73, 0x6c, 0x61, 0x74, 0x69, 0x6f, 0x6e
  .byte 0x73, 0x0a, 0x0a, 0x2d, 0x2d, 0x2d, 0x0a, 0x0a, 0x3c, 0x21, 0x2d, 0x2d, 0x20, 0x43, 0x4f, 0x2d
  .byte 0x4f, 0x50, 0x20, 0x54, 0x52, 0x41, 0x4e, 0x53, 0x4c, 0x41, 0x54, 0x4f, 0x52, 0x20, 0x44, 0x49
  .byte 0x53, 0x43, 0x4c, 0x41, 0x49, 0x4d, 0x45, 0x52, 0x20, 0x53, 0x54, 0x41, 0x52, 0x54, 0x20, 0x2d
  .byte 0x2d, 0x3e, 0x0a, 0x2a, 0x2a, 0xe5, 0x85, 0x8d, 0xe8, 0xb4, 0xa3, 0xe5, 0xa3, 0xb0, 0xe6, 0x98
  .byte 0x8e, 0x2a, 0x2a, 0xef, 0xbc, 0x9a, 0x0a, 0xe6, 0x9c, 0xac, 0xe6, 0x96, 0x87, 0xe6, 0xa1, 0xa3
  .byte 0xe4, 0xbd, 0xbf, 0xe7, 0x94, 0xa8, 0x20, 0x41, 0x49, 0x20, 0xe7, 0xbf, 0xbb, 0xe8, 0xaf, 0x91
  .byte 0xe6, 0x9c, 0x8d, 0xe5, 0x8a, 0xa1, 0x20, 0x5b, 0x43, 0x6f, 0x2d, 0x6f, 0x70, 0x20, 0x54, 0x72
  .byte 0x61, 0x6e, 0x73, 0x6c, 0x61, 0x74, 0x6f, 0x72, 0x5d, 0x28, 0x68, 0x74, 0x74, 0x70, 0x73, 0x3a
  .byte 0x2f, 0x2f, 0x67, 0x69, 0x74, 0x68, 0x75, 0x62, 0x2e, 0x63, 0x6f, 0x6d, 0x2f, 0x41, 0x7a, 0x75
  .byte 0x72, 0x65, 0x2f, 0x63, 0x6f, 0x2d, 0x6f, 0x70, 0x2d, 0x74, 0x72, 0x61, 0x6e, 0x73, 0x6c, 0x61
  .byte 0x74, 0x6f, 0x72, 0x29, 0x20, 0xe8, 0xbf, 0x9b, 0xe8, 0xa1, 0x8c, 0xe7, 0xbf, 0xbb, 0xe8, 0xaf
  .byte 0x91, 0xe3, 0x80, 0x82, 0xe5, 0xb0, 0xbd, 0xe7, 0xae, 0xa1, 0xe6, 0x88, 0x91, 0xe4, 0xbb, 0xac
  .byte 0xe5, 0x8a, 0x9b, 0xe6, 0xb1, 0x82, 0xe5, 0x87, 0x86, 0xe7, 0xa1, 0xae, 0xef, 0xbc, 0x8c, 0xe4
  .byte 0xbd, 0x86, 0xe8, 0xaf, 0xb7, 0xe6, 0xb3, 0xa8, 0xe6, 0x84, 0x8f, 0xef, 0xbc, 0x8c, 0xe8, 0x87
  .byte 0xaa, 0xe5, 0x8a, 0xa8, 0xe7, 0xbf, 0xbb, 0xe8, 0xaf, 0x91, 0xe5, 0x8f, 0xaf, 0xe8, 0x83, 0xbd
  .byte 0xe5, 0x8c, 0x85, 0xe5, 0x90, 0xab, 0xe9, 0x94, 0x99, 0xe8, 0xaf, 0xaf, 0xe6, 0x88, 0x96, 0xe4
  .byte 0xb8, 0x8d, 0xe5, 0x87, 0x86, 0xe7, 0xa1, 0xae, 0xe4, 0xb9, 0x8b, 0xe5, 0xa4, 0x84, 0xe3, 0x80
  .byte 0x82, 0xe5, 0xba, 0x94, 0xe5, 0xb0, 0x86, 0xe5, 0x8e, 0x9f, 0xe5, 0xa7, 0x8b, 0xe8, 0xaf, 0xad
  .byte 0xe8, 0xa8, 0x80, 0xe7, 0x89, 0x88, 0xe6, 0x9c, 0xac, 0xe7, 0x9a, 0x84, 0xe5, 0x8e, 0x9f, 0xe5
  .byte 0xa7, 0x8b, 0xe6, 0x96, 0x87, 0xe6, 0xa1, 0xa3, 0xe8, 0xa7, 0x86, 0xe4, 0xb8, 0xba, 0xe6, 0x9d
  .byte 0x83, 0xe5, 0xa8, 0x81, 0xe6, 0x9d, 0xa5, 0xe6, 0xba, 0x90, 0xe3, 0x80, 0x82, 0xe5, 0xaf, 0xb9
  .byte 0xe4, 0xba, 0x8e, 0xe5, 0x85, 0xb3, 0xe9, 0x94, 0xae, 0xe4, 0xbf, 0xa1, 0xe6, 0x81, 0xaf, 0xef
  .byte 0xbc, 0x8c, 0xe5, 0xbb, 0xba, 0xe8, 0xae, 0xae, 0xe4, 0xbd, 0xbf, 0xe7, 0x94, 0xa8, 0xe4, 0xb8
  .byte 0x93, 0xe4, 0xb8, 0x9a, 0xe4, 0xba, 0xba, 0xe5, 0xb7, 0xa5, 0xe7, 0xbf, 0xbb, 0xe8, 0xaf, 0x91
  .byte 0xe3, 0x80, 0x82, 0xe5, 0xaf, 0xb9, 0xe4, 0xba, 0x8e, 0xe5, 0x9b, 0xa0, 0xe4, 0xbd, 0xbf, 0xe7
  .byte 0x94, 0xa8, 0xe6, 0xad, 0xa4, 0xe7, 0xbf, 0xbb, 0xe8, 0xaf, 0x91, 0xe8, 0x80, 0x8c, 0xe5, 0xbc
  .byte 0x95, 0xe8, 0xb5, 0xb7, 0xe7, 0x9a, 0x84, 0xe4, 0xbb, 0xbb, 0xe4, 0xbd, 0x95, 0xe8, 0xaf, 0xaf
  .byte 0xe8, 0xa7, 0xa3, 0xe6, 0x88, 0x96, 0xe8, 0xaf, 0xaf, 0xe9, 0x87, 0x8a, 0xef, 0xbc, 0x8c, 0xe6
  .byte 0x88, 0x91, 0xe4, 0xbb, 0xac, 0xe6, 0xa6, 0x82, 0xe4, 0xb8, 0x8d, 0xe8, 0xb4, 0x9f, 0xe8, 0xb4
  .byte 0xa3, 0xe3, 0x80, 0x82, 0x0a, 0x3c, 0x21, 0x2d, 0x2d, 0x20, 0x43, 0x4f, 0x2d, 0x4f, 0x50, 0x20
  .byte 0x54, 0x52, 0x41, 0x4e, 0x53, 0x4c, 0x41, 0x54, 0x4f, 0x52, 0x20, 0x44, 0x49, 0x53, 0x43, 0x4c
  .byte 0x41, 0x49, 0x4d, 0x45, 0x52, 0x20, 0x45, 0x4e, 0x44, 0x20, 0x2d, 0x2d, 0x3e

  .globl openui_full_port_translations_zh_CN_CODE_OF_CONDUCT_md_c84bd55c369e_pass_2_len
openui_full_port_translations_zh_CN_CODE_OF_CONDUCT_md_c84bd55c369e_pass_2_len:
  .quad 5101

# assembly pass: 3/4
  .globl openui_full_port_translations_zh_CN_CODE_OF_CONDUCT_md_c84bd55c369e_pass_3
openui_full_port_translations_zh_CN_CODE_OF_CONDUCT_md_c84bd55c369e_pass_3:
  .byte 0x23, 0x20, 0x43, 0x6f, 0x6e, 0x74, 0x72, 0x69, 0x62, 0x75, 0x74, 0x6f, 0x72, 0x20, 0x43, 0x6f
  .byte 0x76, 0x65, 0x6e, 0x61, 0x6e, 0x74, 0x20, 0xe8, 0xa1, 0x8c, 0xe4, 0xb8, 0xba, 0xe5, 0x87, 0x86
  .byte 0xe5, 0x88, 0x99, 0x0a, 0x0a, 0x23, 0x23, 0x20, 0xe6, 0x88, 0x91, 0xe4, 0xbb, 0xac, 0xe7, 0x9a
  .byte 0x84, 0xe6, 0x89, 0xbf, 0xe8, 0xaf, 0xba, 0x0a, 0x0a, 0xe4, 0xbd, 0x9c, 0xe4, 0xb8, 0xba, 0xe6
  .byte 0x88, 0x90, 0xe5, 0x91, 0x98, 0xe3, 0x80, 0x81, 0xe8, 0xb4, 0xa1, 0xe7, 0x8c, 0xae, 0xe8, 0x80
  .byte 0x85, 0xe5, 0x92, 0x8c, 0xe7, 0xa4, 0xbe, 0xe5, 0x8c, 0xba, 0xe9, 0xa2, 0x86, 0xe5, 0xaf, 0xbc
  .byte 0xe8, 0x80, 0x85, 0xef, 0xbc, 0x8c, 0xe6, 0x88, 0x91, 0xe4, 0xbb, 0xac, 0xe6, 0x89, 0xbf, 0xe8
  .byte 0xaf, 0xba, 0xe8, 0xae, 0xa9, 0xe6, 0xaf, 0x8f, 0xe4, 0xb8, 0xaa, 0xe4, 0xba, 0xba, 0xe9, 0x83
  .byte 0xbd, 0xe8, 0x83, 0xbd, 0xe5, 0x9c, 0xa8, 0xe7, 0xa4, 0xbe, 0xe5, 0x8c, 0xba, 0xe4, 0xb8, 0xad
  .byte 0xe8, 0x8e, 0xb7, 0xe5, 0xbe, 0x97, 0xe5, 0x85, 0x8d, 0xe5, 0x8f, 0x97, 0xe9, 0xaa, 0x9a, 0xe6
  .byte 0x89, 0xb0, 0xe7, 0x9a, 0x84, 0xe5, 0x8f, 0x82, 0xe4, 0xb8, 0x8e, 0xe4, 0xbd, 0x93, 0xe9, 0xaa
  .byte 0x8c, 0xef, 0xbc, 0x8c, 0xe4, 0xb8, 0x8d, 0xe5, 0x9b, 0xa0, 0xe5, 0xb9, 0xb4, 0xe9, 0xbe, 0x84
  .byte 0xe3, 0x80, 0x81, 0xe4, 0xbd, 0x93, 0xe5, 0x9e, 0x8b, 0xe3, 0x80, 0x81, 0xe5, 0x8f, 0xaf, 0xe8
  .byte 0xa7, 0x81, 0xe6, 0x88, 0x96, 0xe4, 0xb8, 0x8d, 0xe5, 0x8f, 0xaf, 0xe8, 0xa7, 0x81, 0xe7, 0x9a
  .byte 0x84, 0xe6, 0xae, 0x8b, 0xe9, 0x9a, 0x9c, 0xe3, 0x80, 0x81, 0xe6, 0x97, 0x8f, 0xe8, 0xa3, 0x94
  .byte 0xe3, 0x80, 0x81, 0xe6, 0x80, 0xa7, 0xe7, 0x89, 0xb9, 0xe5, 0xbe, 0x81, 0xe3, 0x80, 0x81, 0xe6
  .byte 0x80, 0xa7, 0xe5, 0x88, 0xab, 0xe8, 0xae, 0xa4, 0xe5, 0x90, 0x8c, 0xe4, 0xb8, 0x8e, 0xe8, 0xa1
  .byte 0xa8, 0xe8, 0xbe, 0xbe, 0xe3, 0x80, 0x81, 0xe7, 0xbb, 0x8f, 0xe9, 0xaa, 0x8c, 0xe6, 0xb0, 0xb4
  .byte 0xe5, 0xb9, 0xb3, 0xe3, 0x80, 0x81, 0xe6, 0x95, 0x99, 0xe8, 0x82, 0xb2, 0xe7, 0xa8, 0x8b, 0xe5
  .byte 0xba, 0xa6, 0xe3, 0x80, 0x81, 0xe7, 0xa4, 0xbe, 0xe4, 0xbc, 0x9a, 0xe7, 0xbb, 0x8f, 0xe6, 0xb5
  .byte 0x8e, 0xe5, 0x9c, 0xb0, 0xe4, 0xbd, 0x8d, 0xe3, 0x80, 0x81, 0xe5, 0x9b, 0xbd, 0xe7, 0xb1, 0x8d
  .byte 0xe3, 0x80, 0x81, 0xe4, 0xb8, 0xaa, 0xe4, 0xba, 0xba, 0xe5, 0xa4, 0x96, 0xe8, 0xb2, 0x8c, 0xe3
  .byte 0x80, 0x81, 0xe7, 0xa7, 0x8d, 0xe6, 0x97, 0x8f, 0xe3, 0x80, 0x81, 0xe7, 0xa7, 0x8d, 0xe5, 0xa7
  .byte 0x93, 0xe3, 0x80, 0x81, 0xe8, 0x82, 0xa4, 0xe8, 0x89, 0xb2, 0xe3, 0x80, 0x81, 0xe5, 0xae, 0x97
  .byte 0xe6, 0x95, 0x99, 0xe6, 0x88, 0x96, 0xe6, 0x80, 0xa7, 0xe8, 0xae, 0xa4, 0xe5, 0x90, 0x8c, 0xe4
  .byte 0xb8, 0x8e, 0xe6, 0x80, 0xa7, 0xe5, 0x8f, 0x96, 0xe5, 0x90, 0x91, 0xe8, 0x80, 0x8c, 0xe5, 0x8f
  .byte 0x97, 0xe5, 0x88, 0xb0, 0xe5, 0x8c, 0xba, 0xe5, 0x88, 0xab, 0xe5, 0xaf, 0xb9, 0xe5, 0xbe, 0x85
  .byte 0xe3, 0x80, 0x82, 0x0a, 0x0a, 0xe6, 0x88, 0x91, 0xe4, 0xbb, 0xac, 0xe6, 0x89, 0xbf, 0xe8, 0xaf
  .byte 0xba, 0xe4, 0xbb, 0xa5, 0xe5, 0xbc, 0x80, 0xe6, 0x94, 0xbe, 0xe3, 0x80, 0x81, 0xe5, 0x8f, 0x8b
  .byte 0xe5, 0x96, 0x84, 0xe3, 0x80, 0x81, 0xe5, 0xa4, 0x9a, 0xe5, 0x85, 0x83, 0xe3, 0x80, 0x81, 0xe5
  .byte 0x8c, 0x85, 0xe5, 0xae, 0xb9, 0xe4, 0xb8, 0x94, 0xe5, 0x81, 0xa5, 0xe5, 0xba, 0xb7, 0xe7, 0x9a
  .byte 0x84, 0xe6, 0x96, 0xb9, 0xe5, 0xbc, 0x8f, 0xe8, 0xa1, 0x8c, 0xe5, 0x8a, 0xa8, 0xe4, 0xb8, 0x8e
  .byte 0xe4, 0xba, 0x92, 0xe5, 0x8a, 0xa8, 0xef, 0xbc, 0x8c, 0xe5, 0x85, 0xb1, 0xe5, 0x90, 0x8c, 0xe5
  .byte 0xbb, 0xba, 0xe8, 0xae, 0xbe, 0xe7, 0xa4, 0xbe, 0xe5, 0x8c, 0xba, 0xe3, 0x80, 0x82, 0x0a, 0x0a
  .byte 0x23, 0x23, 0x20, 0xe6, 0x88, 0x91, 0xe4, 0xbb, 0xac, 0xe7, 0x9a, 0x84, 0xe5, 0x87, 0x86, 0xe5
  .byte 0x88, 0x99, 0x0a, 0x0a, 0xe6, 0x9c, 0x89, 0xe5, 0x8a, 0xa9, 0xe4, 0xba, 0x8e, 0xe4, 0xb8, 0xba
  .byte 0xe7, 0xa4, 0xbe, 0xe5, 0x8c, 0xba, 0xe8, 0x90, 0xa5, 0xe9, 0x80, 0xa0, 0xe7, 0xa7, 0xaf, 0xe6
  .byte 0x9e, 0x81, 0xe7, 0x8e, 0xaf, 0xe5, 0xa2, 0x83, 0xe7, 0x9a, 0x84, 0xe8, 0xa1, 0x8c, 0xe4, 0xb8
  .byte 0xba, 0xe5, 0x8c, 0x85, 0xe6, 0x8b, 0xac, 0xef, 0xbc, 0x9a, 0x0a, 0x0a, 0x2a, 0x20, 0xe5, 0xaf
  .byte 0xb9, 0xe4, 0xbb, 0x96, 0xe4, 0xba, 0xba, 0xe5, 0xb1, 0x95, 0xe7, 0x8e, 0xb0, 0xe5, 0x90, 0x8c
  .byte 0xe7, 0x90, 0x86, 0xe5, 0xbf, 0x83, 0xe4, 0xb8, 0x8e, 0xe5, 0x96, 0x84, 0xe6, 0x84, 0x8f, 0x0a
  .byte 0x2a, 0x20, 0xe5, 0xb0, 0x8a, 0xe9, 0x87, 0x8d, 0xe4, 0xb8, 0x8d, 0xe5, 0x90, 0x8c, 0xe7, 0x9a
  .byte 0x84, 0xe6, 0x84, 0x8f, 0xe8, 0xa7, 0x81, 0xe3, 0x80, 0x81, 0xe8, 0xa7, 0x82, 0xe7, 0x82, 0xb9
  .byte 0xe5, 0x92, 0x8c, 0xe7, 0xbb, 0x8f, 0xe5, 0x8e, 0x86, 0x0a, 0x2a, 0x20, 0xe6, 0x8f, 0x90, 0xe4
  .byte 0xbe, 0x9b, 0xe5, 0xbb, 0xba, 0xe8, 0xae, 0xbe, 0xe6, 0x80, 0xa7, 0xe5, 0x8f, 0x8d, 0xe9, 0xa6
  .byte 0x88, 0xef, 0xbc, 0x8c, 0xe5, 0xb9, 0xb6, 0xe4, 0xbb, 0xa5, 0xe5, 0xbe, 0x97, 0xe4, 0xbd, 0x93
  .byte 0xe7, 0x9a, 0x84, 0xe6, 0x80, 0x81, 0xe5, 0xba, 0xa6, 0xe6, 0x8e, 0xa5, 0xe5, 0x8f, 0x97, 0xe5
  .byte 0x8f, 0x8d, 0xe9, 0xa6, 0x88, 0x0a, 0x2a, 0x20, 0xe5, 0xaf, 0xb9, 0xe8, 0x87, 0xaa, 0xe5, 0xb7
  .byte 0xb1, 0xe7, 0x9a, 0x84, 0xe9, 0x94, 0x99, 0xe8, 0xaf, 0xaf, 0xe6, 0x89, 0xbf, 0xe6, 0x8b, 0x85
  .byte 0xe8, 0xb4, 0xa3, 0xe4, 0xbb, 0xbb, 0xef, 0xbc, 0x8c, 0xe5, 0x90, 0x91, 0xe5, 0x8f, 0x97, 0xe5
  .byte 0xbd, 0xb1, 0xe5, 0x93, 0x8d, 0xe7, 0x9a, 0x84, 0xe4, 0xba, 0xba, 0xe8, 0x87, 0xb4, 0xe6, 0xad
  .byte 0x89, 0xef, 0xbc, 0x8c, 0xe5, 0xb9, 0xb6, 0xe4, 0xbb, 0x8e, 0xe4, 0xb8, 0xad, 0xe5, 0x90, 0xb8
  .byte 0xe5, 0x8f, 0x96, 0xe7, 0xbb, 0x8f, 0xe9, 0xaa, 0x8c, 0xe6, 0x95, 0x99, 0xe8, 0xae, 0xad, 0x0a
  .byte 0x2a, 0x20, 0xe5, 0x85, 0xb3, 0xe6, 0xb3, 0xa8, 0xe4, 0xbb, 0x80, 0xe4, 0xb9, 0x88, 0xe5, 0xaf
  .byte 0xb9, 0xe6, 0x95, 0xb4, 0xe4, 0xb8, 0xaa, 0xe7, 0xa4, 0xbe, 0xe5, 0x8c, 0xba, 0xe6, 0x9c, 0x80
  .byte 0xe6, 0x9c, 0x89, 0xe7, 0x9b, 0x8a, 0xef, 0xbc, 0x8c, 0xe8, 0x80, 0x8c, 0xe4, 0xb8, 0x8d, 0xe5
  .byte 0x8f, 0xaa, 0xe6, 0x98, 0xaf, 0xe5, 0xaf, 0xb9, 0xe6, 0x88, 0x91, 0xe4, 0xbb, 0xac, 0xe4, 0xb8
  .byte 0xaa, 0xe4, 0xba, 0xba, 0xe6, 0x9c, 0x89, 0xe5, 0x88, 0xa9, 0x0a, 0x0a, 0xe4, 0xb8, 0x8d, 0xe5
  .byte 0x8f, 0xaf, 0xe6, 0x8e, 0xa5, 0xe5, 0x8f, 0x97, 0xe7, 0x9a, 0x84, 0xe8, 0xa1, 0x8c, 0xe4, 0xb8
  .byte 0xba, 0xe5, 0x8c, 0x85, 0xe6, 0x8b, 0xac, 0xef, 0xbc, 0x9a, 0x0a, 0x0a, 0x2a, 0x20, 0xe4, 0xbd
  .byte 0xbf, 0xe7, 0x94, 0xa8, 0xe5, 0xb8, 0xa6, 0xe6, 0x9c, 0x89, 0xe6, 0x80, 0xa7, 0xe6, 0x9a, 0x97
  .byte 0xe7, 0xa4, 0xba, 0xe7, 0x9a, 0x84, 0xe8, 0xaf, 0xad, 0xe8, 0xa8, 0x80, 0xe6, 0x88, 0x96, 0xe5
  .byte 0x9b, 0xbe, 0xe5, 0x83, 0x8f, 0xef, 0xbc, 0x8c, 0xe4, 0xbb, 0xa5, 0xe5, 0x8f, 0x8a, 0xe4, 0xbb
  .byte 0xbb, 0xe4, 0xbd, 0x95, 0xe5, 0xbd, 0xa2, 0xe5, 0xbc, 0x8f, 0xe7, 0x9a, 0x84, 0xe6, 0x80, 0xa7
  .byte 0xe5, 0x85, 0xb3, 0xe6, 0xb3, 0xa8, 0xe6, 0x88, 0x96, 0xe6, 0x80, 0xa7, 0xe6, 0x8c, 0x91, 0xe9
  .byte 0x80, 0x97, 0x0a, 0x2a, 0x20, 0xe6, 0x8c, 0x91, 0xe8, 0xa1, 0x85, 0xe3, 0x80, 0x81, 0xe4, 0xbe
  .byte 0xae, 0xe8, 0xbe, 0xb1, 0xe6, 0x80, 0xa7, 0xe6, 0x88, 0x96, 0xe8, 0xb4, 0xac, 0xe6, 0x8d, 0x9f
  .byte 0xe6, 0x80, 0xa7, 0xe8, 0xaf, 0x84, 0xe8, 0xae, 0xba, 0xef, 0xbc, 0x8c, 0xe4, 0xbb, 0xa5, 0xe5
  .byte 0x8f, 0x8a, 0xe4, 0xba, 0xba, 0xe8, 0xba, 0xab, 0xe6, 0x88, 0x96, 0xe6, 0x94, 0xbf, 0xe6, 0xb2
  .byte 0xbb, 0xe6, 0x94, 0xbb, 0xe5, 0x87, 0xbb, 0x0a, 0x2a, 0x20, 0xe5, 0x85, 0xac, 0xe5, 0xbc, 0x80
  .byte 0xe6, 0x88, 0x96, 0xe7, 0xa7, 0x81, 0xe4, 0xb8, 0x8b, 0xe9, 0xaa, 0x9a, 0xe6, 0x89, 0xb0, 0x0a
  .byte 0x2a, 0x20, 0xe6, 0x9c, 0xaa, 0xe7, 0xbb, 0x8f, 0xe6, 0x98, 0x8e, 0xe7, 0xa1, 0xae, 0xe8, 0xae
  .byte 0xb8, 0xe5, 0x8f, 0xaf, 0xef, 0xbc, 0x8c, 0xe5, 0x8f, 0x91, 0xe5, 0xb8, 0x83, 0xe4, 0xbb, 0x96
  .byte 0xe4, 0xba, 0xba, 0xe7, 0x9a, 0x84, 0xe7, 0xa7, 0x81, 0xe4, 0xba, 0xba, 0xe4, 0xbf, 0xa1, 0xe6
  .byte 0x81, 0xaf, 0xef, 0xbc, 0x8c, 0xe4, 0xbe, 0x8b, 0xe5, 0xa6, 0x82, 0xe4, 0xbd, 0x8f, 0xe5, 0x9d
  .byte 0x80, 0xe6, 0x88, 0x96, 0xe7, 0x94, 0xb5, 0xe5, 0xad, 0x90, 0xe9, 0x82, 0xae, 0xe7, 0xae, 0xb1
  .byte 0xe5, 0x9c, 0xb0, 0xe5, 0x9d, 0x80, 0x0a, 0x2a, 0x20, 0xe5, 0x85, 0xb6, 0xe4, 0xbb, 0x96, 0xe5
  .byte 0x9c, 0xa8, 0xe4, 0xb8, 0x93, 0xe4, 0xb8, 0x9a, 0xe5, 0x9c, 0xba, 0xe5, 0x90, 0x88, 0xe4, 0xb8
  .byte 0xad, 0xe5, 0x8f, 0xaf, 0xe8, 0xa2, 0xab, 0xe5, 0x90, 0x88, 0xe7, 0x90, 0x86, 0xe8, 0xae, 0xa4
  .byte 0xe4, 0xb8, 0xba, 0xe4, 0xb8, 0x8d, 0xe6, 0x81, 0xb0, 0xe5, 0xbd, 0x93, 0xe7, 0x9a, 0x84, 0xe8
  .byte 0xa1, 0x8c, 0xe4, 0xb8, 0xba, 0x0a, 0x0a, 0x23, 0x23, 0x20, 0xe6, 0x89, 0xa7, 0xe8, 0xa1, 0x8c
  .byte 0xe8, 0xb4, 0xa3, 0xe4, 0xbb, 0xbb, 0x0a, 0x0a, 0xe7, 0xa4, 0xbe, 0xe5, 0x8c, 0xba, 0xe9, 0xa2
  .byte 0x86, 0xe5, 0xaf, 0xbc, 0xe8, 0x80, 0x85, 0xe6, 0x9c, 0x89, 0xe8, 0xb4, 0xa3, 0xe4, 0xbb, 0xbb
  .byte 0xe8, 0xaf, 0xb4, 0xe6, 0x98, 0x8e, 0xe5, 0xb9, 0xb6, 0xe6, 0x89, 0xa7, 0xe8, 0xa1, 0x8c, 0xe6
  .byte 0x88, 0x91, 0xe4, 0xbb, 0xac, 0xe5, 0x85, 0xb3, 0xe4, 0xba, 0x8e, 0xe5, 0x8f, 0xaf, 0xe6, 0x8e
  .byte 0xa5, 0xe5, 0x8f, 0x97, 0xe8, 0xa1, 0x8c, 0xe4, 0xb8, 0xba, 0xe7, 0x9a, 0x84, 0xe6, 0xa0, 0x87
  .byte 0xe5, 0x87, 0x86, 0xef, 0xbc, 0x8c, 0xe5, 0xb9, 0xb6, 0xe5, 0xb0, 0x86, 0xe5, 0xaf, 0xb9, 0xe4
  .byte 0xbb, 0xbb, 0xe4, 0xbd, 0x95, 0xe4, 0xbb, 0x96, 0xe4, 0xbb, 0xac, 0xe8, 0xae, 0xa4, 0xe5, 0xae
  .byte 0x9a, 0xe4, 0xb8, 0xba, 0xe4, 0xb8, 0x8d, 0xe5, 0xbd, 0x93, 0xe3, 0x80, 0x81, 0xe5, 0x85, 0xb7
  .byte 0xe6, 0x9c, 0x89, 0xe5, 0xa8, 0x81, 0xe8, 0x83, 0x81, 0xe6, 0x80, 0xa7, 0xe3, 0x80, 0x81, 0xe5
  .byte 0x86, 0x92, 0xe7, 0x8a, 0xaf, 0xe6, 0x80, 0xa7, 0xe6, 0x88, 0x96, 0xe6, 0x9c, 0x89, 0xe5, 0xae
  .byte 0xb3, 0xe7, 0x9a, 0x84, 0xe8, 0xa1, 0x8c, 0xe4, 0xb8, 0xba, 0xe9, 0x87, 0x87, 0xe5, 0x8f, 0x96
  .byte 0xe9, 0x80, 0x82, 0xe5, 0xbd, 0x93, 0xe4, 0xb8, 0x94, 0xe5, 0x85, 0xac, 0xe6, 0xad, 0xa3, 0xe7
  .byte 0x9a, 0x84, 0xe7, 0xba, 0xa0, 0xe6, 0xad, 0xa3, 0xe6, 0x8e, 0xaa, 0xe6, 0x96, 0xbd, 0xe3, 0x80
  .byte 0x82, 0x0a, 0x0a, 0xe7, 0xa4, 0xbe, 0xe5, 0x8c, 0xba, 0xe9, 0xa2, 0x86, 0xe5, 0xaf, 0xbc, 0xe8
  .byte 0x80, 0x85, 0xe6, 0x9c, 0x89, 0xe6, 0x9d, 0x83, 0xe5, 0x88, 0xa9, 0xe4, 0xb9, 0x9f, 0xe6, 0x9c
  .byte 0x89, 0xe8, 0xb4, 0xa3, 0xe4, 0xbb, 0xbb, 0xe5, 0x88, 0xa0, 0xe9, 0x99, 0xa4, 0xe3, 0x80, 0x81
  .byte 0xe7, 0xbc, 0x96, 0xe8, 0xbe, 0x91, 0xe6, 0x88, 0x96, 0xe6, 0x8b, 0x92, 0xe7, 0xbb, 0x9d, 0xe4
  .byte 0xb8, 0x8e, 0xe6, 0x9c, 0xac, 0xe8, 0xa1, 0x8c, 0xe4, 0xb8, 0xba, 0xe5, 0x87, 0x86, 0xe5, 0x88
  .byte 0x99, 0xe4, 0xb8, 0x8d, 0xe4, 0xb8, 0x80, 0xe8, 0x87, 0xb4, 0xe7, 0x9a, 0x84, 0xe8, 0xaf, 0x84
  .byte 0xe8, 0xae, 0xba, 0xe3, 0x80, 0x81, 0xe6, 0x8f, 0x90, 0xe4, 0xba, 0xa4, 0xe3, 0x80, 0x81, 0xe4
  .byte 0xbb, 0xa3, 0xe7, 0xa0, 0x81, 0xe3, 0x80, 0x81, 0x77, 0x69, 0x6b, 0x69, 0x20, 0xe7, 0xbc, 0x96
  .byte 0xe8, 0xbe, 0x91, 0xe3, 0x80, 0x81, 0xe8, 0xae, 0xae, 0xe9, 0xa2, 0x98, 0xe5, 0x8f, 0x8a, 0xe5
  .byte 0x85, 0xb6, 0xe4, 0xbb, 0x96, 0xe8, 0xb4, 0xa1, 0xe7, 0x8c, 0xae, 0xef, 0xbc, 0x8c, 0xe5, 0xb9
  .byte 0xb6, 0xe4, 0xbc, 0x9a, 0xe5, 0x9c, 0xa8, 0xe9, 0x80, 0x82, 0xe5, 0xbd, 0x93, 0xe6, 0x83, 0x85
  .byte 0xe5, 0x86, 0xb5, 0xe4, 0xb8, 0x8b, 0xe8, 0xaf, 0xb4, 0xe6, 0x98, 0x8e, 0xe7, 0xae, 0xa1, 0xe7
  .byte 0x90, 0x86, 0xe5, 0x86, 0xb3, 0xe5, 0xae, 0x9a, 0xe7, 0x9a, 0x84, 0xe5, 0x8e, 0x9f, 0xe5, 0x9b
  .byte 0xa0, 0xe3, 0x80, 0x82, 0x0a, 0x0a, 0x23, 0x23, 0x20, 0xe9, 0x80, 0x82, 0xe7, 0x94, 0xa8, 0xe8
  .byte 0x8c, 0x83, 0xe5, 0x9b, 0xb4, 0x0a, 0x0a, 0xe6, 0x9c, 0xac, 0xe8, 0xa1, 0x8c, 0xe4, 0xb8, 0xba
  .byte 0xe5, 0x87, 0x86, 0xe5, 0x88, 0x99, 0xe9, 0x80, 0x82, 0xe7, 0x94, 0xa8, 0xe4, 0xba, 0x8e, 0xe6
  .byte 0x89, 0x80, 0xe6, 0x9c, 0x89, 0xe7, 0xa4, 0xbe, 0xe5, 0x8c, 0xba, 0xe7, 0xa9, 0xba, 0xe9, 0x97
  .byte 0xb4, 0xef, 0xbc, 0x8c, 0xe4, 0xb9, 0x9f, 0xe9, 0x80, 0x82, 0xe7, 0x94, 0xa8, 0xe4, 0xba, 0x8e
  .byte 0xe4, 0xb8, 0xaa, 0xe4, 0xba, 0xba, 0xe5, 0x9c, 0xa8, 0xe5, 0x85, 0xac, 0xe5, 0x85, 0xb1, 0xe5
  .byte 0x9c, 0xba, 0xe5, 0x90, 0x88, 0xe6, 0xad, 0xa3, 0xe5, 0xbc, 0x8f, 0xe4, 0xbb, 0xa3, 0xe8, 0xa1
  .byte 0xa8, 0xe7, 0xa4, 0xbe, 0xe5, 0x8c, 0xba, 0xe6, 0x97, 0xb6, 0xe7, 0x9a, 0x84, 0xe8, 0xa1, 0x8c
  .byte 0xe4, 0xb8, 0xba, 0xe3, 0x80, 0x82, 0x0a, 0xe4, 0xbb, 0xa3, 0xe8, 0xa1, 0xa8, 0xe7, 0xa4, 0xbe
  .byte 0xe5, 0x8c, 0xba, 0xe7, 0x9a, 0x84, 0xe4, 0xbe, 0x8b, 0xe5, 0xad, 0x90, 0xe5, 0x8c, 0x85, 0xe6
  .byte 0x8b, 0xac, 0xef, 0xbc, 0x9a, 0xe4, 0xbd, 0xbf, 0xe7, 0x94, 0xa8, 0xe5, 0xae, 0x98, 0xe6, 0x96
  .byte 0xb9, 0xe7, 0x94, 0xb5, 0xe5, 0xad, 0x90, 0xe9, 0x82, 0xae, 0xe7, 0xae, 0xb1, 0xe5, 0x9c, 0xb0
  .byte 0xe5, 0x9d, 0x80, 0xe3, 0x80, 0x81, 0xe9, 0x80, 0x9a, 0xe8, 0xbf, 0x87, 0xe5, 0xae, 0x98, 0xe6
  .byte 0x96, 0xb9, 0xe7, 0xa4, 0xbe, 0xe4, 0xba, 0xa4, 0xe5, 0xaa, 0x92, 0xe4, 0xbd, 0x93, 0xe8, 0xb4
  .byte 0xa6, 0xe5, 0x8f, 0xb7, 0xe5, 0x8f, 0x91, 0xe5, 0xb8, 0x83, 0xe5, 0x86, 0x85, 0xe5, 0xae, 0xb9
  .byte 0xef, 0xbc, 0x8c, 0xe6, 0x88, 0x96, 0xe5, 0x9c, 0xa8, 0xe7, 0xbd, 0x91, 0xe7, 0xbb, 0x9c, 0xe6
  .byte 0x88, 0x96, 0xe7, 0xba, 0xbf, 0xe4, 0xb8, 0x8b, 0xe6, 0xb4, 0xbb, 0xe5, 0x8a, 0xa8, 0xe4, 0xb8
  .byte 0xad, 0xe6, 0x8b, 0x85, 0xe4, 0xbb, 0xbb, 0xe6, 0x8c, 0x87, 0xe5, 0xae, 0x9a, 0xe4, 0xbb, 0xa3
  .byte 0xe8, 0xa1, 0xa8, 0xe3, 0x80, 0x82, 0x0a, 0x0a, 0x23, 0x23, 0x20, 0xe6, 0x89, 0xa7, 0xe8, 0xa1
  .byte 0x8c, 0x0a, 0x0a, 0xe8, 0xbe, 0xb1, 0xe9, 0xaa, 0x82, 0xe3, 0x80, 0x81, 0xe9, 0xaa, 0x9a, 0xe6
  .byte 0x89, 0xb0, 0xe6, 0x88, 0x96, 0xe5, 0x85, 0xb6, 0xe4, 0xbb, 0x96, 0xe4, 0xb8, 0x8d, 0xe5, 0x8f
  .byte 0xaf, 0xe6, 0x8e, 0xa5, 0xe5, 0x8f, 0x97, 0xe8, 0xa1, 0x8c, 0xe4, 0xb8, 0xba, 0xe7, 0x9a, 0x84
  .byte 0xe4, 0xba, 0x8b, 0xe4, 0xbb, 0xb6, 0xef, 0xbc, 0x8c, 0xe5, 0x8f, 0xaf, 0xe9, 0x80, 0x9a, 0xe8
  .byte 0xbf, 0x87, 0x0a, 0x5b, 0x49, 0x4e, 0x53, 0x45, 0x52, 0x54, 0x20, 0x43, 0x4f, 0x4e, 0x54, 0x41
  .byte 0x43, 0x54, 0x20, 0x4d, 0x45, 0x54, 0x48, 0x4f, 0x44, 0x5d, 0x0a, 0xe5, 0x90, 0x91, 0xe8, 0xb4
  .byte 0x9f, 0xe8, 0xb4, 0xa3, 0xe6, 0x89, 0xa7, 0xe8, 0xa1, 0x8c, 0xe7, 0x9a, 0x84, 0xe7, 0xa4, 0xbe
  .byte 0xe5, 0x8c, 0xba, 0xe9, 0xa2, 0x86, 0xe5, 0xaf, 0xbc, 0xe8, 0x80, 0x85, 0xe6, 0x8a, 0xa5, 0xe5
  .byte 0x91, 0x8a, 0xe3, 0x80, 0x82, 0x0a, 0xe6, 0x89, 0x80, 0xe6, 0x9c, 0x89, 0xe6, 0x8a, 0x95, 0xe8
  .byte 0xaf, 0x89, 0xe9, 0x83, 0xbd, 0xe4, 0xbc, 0x9a, 0xe8, 0xa2, 0xab, 0xe5, 0x8f, 0x8a, 0xe6, 0x97
  .byte 0xb6, 0xe4, 0xb8, 0x94, 0xe5, 0x85, 0xac, 0xe6, 0xad, 0xa3, 0xe5, 0x9c, 0xb0, 0xe5, 0xae, 0xa1
  .byte 0xe6, 0x9f, 0xa5, 0xe5, 0x92, 0x8c, 0xe8, 0xb0, 0x83, 0xe6, 0x9f, 0xa5, 0xe3, 0x80, 0x82, 0x0a
  .byte 0x0a, 0xe6, 0x89, 0x80, 0xe6, 0x9c, 0x89, 0xe7, 0xa4, 0xbe, 0xe5, 0x8c, 0xba, 0xe9, 0xa2, 0x86
  .byte 0xe5, 0xaf, 0xbc, 0xe8, 0x80, 0x85, 0xe9, 0x83, 0xbd, 0xe6, 0x9c, 0x89, 0xe4, 0xb9, 0x89, 0xe5
  .byte 0x8a, 0xa1, 0xe5, 0xb0, 0x8a, 0xe9, 0x87, 0x8d, 0xe4, 0xba, 0x8b, 0xe4, 0xbb, 0xb6, 0xe4, 0xb8
  .byte 0xbe, 0xe6, 0x8a, 0xa5, 0xe4, 0xba, 0xba, 0xe7, 0x9a, 0x84, 0xe9, 0x9a, 0x90, 0xe7, 0xa7, 0x81
  .byte 0xe4, 0xb8, 0x8e, 0xe5, 0xae, 0x89, 0xe5, 0x85, 0xa8, 0xe3, 0x80, 0x82, 0x0a, 0x0a, 0x23, 0x23
  .byte 0x20, 0xe6, 0x89, 0xa7, 0xe8, 0xa1, 0x8c, 0xe6, 0x8c, 0x87, 0xe5, 0x8d, 0x97, 0x0a, 0x0a, 0xe7
  .byte 0xa4, 0xbe, 0xe5, 0x8c, 0xba, 0xe9, 0xa2, 0x86, 0xe5, 0xaf, 0xbc, 0xe8, 0x80, 0x85, 0xe5, 0xb0
  .byte 0x86, 0xe5, 0x9c, 0xa8, 0xe5, 0x88, 0xa4, 0xe6, 0x96, 0xad, 0xe8, 0xbf, 0x9d, 0xe5, 0x8f, 0x8d
  .byte 0xe6, 0x9c, 0xac, 0xe8, 0xa1, 0x8c, 0xe4, 0xb8, 0xba, 0xe5, 0x87, 0x86, 0xe5, 0x88, 0x99, 0xe7
  .byte 0x9a, 0x84, 0xe5, 0x90, 0x8e, 0xe6, 0x9e, 0x9c, 0xe6, 0x97, 0xb6, 0xef, 0xbc, 0x8c, 0xe5, 0x8f
  .byte 0x82, 0xe8, 0x80, 0x83, 0xe4, 0xbb, 0xa5, 0xe4, 0xb8, 0x8b, 0xe7, 0xa4, 0xbe, 0xe5, 0x8c, 0xba
  .byte 0xe5, 0xbd, 0xb1, 0xe5, 0x93, 0x8d, 0xe6, 0x8c, 0x87, 0xe5, 0x8d, 0x97, 0xef, 0xbc, 0x9a, 0x0a
  .byte 0x0a, 0x23, 0x23, 0x23, 0x20, 0x31, 0x2e, 0x20, 0xe7, 0xba, 0xa0, 0xe6, 0xad, 0xa3, 0x0a, 0x0a
  .byte 0x3c, 0x73, 0x74, 0x72, 0x6f, 0x6e, 0x67, 0x3e, 0xe7, 0xa4, 0xbe, 0xe5, 0x8c, 0xba, 0xe5, 0xbd
  .byte 0xb1, 0xe5, 0x93, 0x8d, 0x3c, 0x2f, 0x73, 0x74, 0x72, 0x6f, 0x6e, 0x67, 0x3e, 0xef, 0xbc, 0x9a
  .byte 0xe5, 0x9c, 0xa8, 0xe7, 0xa4, 0xbe, 0xe5, 0x8c, 0xba, 0xe4, 0xb8, 0xad, 0xe4, 0xbd, 0xbf, 0xe7
  .byte 0x94, 0xa8, 0xe4, 0xb8, 0x8d, 0xe5, 0xbd, 0x93, 0xe8, 0xaf, 0xad, 0xe8, 0xa8, 0x80, 0xef, 0xbc
  .byte 0x8c, 0xe6, 0x88, 0x96, 0xe5, 0x85, 0xb6, 0xe4, 0xbb, 0x96, 0xe8, 0xa2, 0xab, 0xe8, 0xae, 0xa4
  .byte 0xe4, 0xb8, 0xba, 0xe4, 0xb8, 0x8d, 0xe4, 0xb8, 0x93, 0xe4, 0xb8, 0x9a, 0xe6, 0x88, 0x96, 0xe4
  .byte 0xb8, 0x8d, 0xe5, 0x8f, 0x97, 0xe6, 0xac, 0xa2, 0xe8, 0xbf, 0x8e, 0xe7, 0x9a, 0x84, 0xe8, 0xa1
  .byte 0x8c, 0xe4, 0xb8, 0xba, 0xe3, 0x80, 0x82, 0x0a, 0x0a, 0x3c, 0x73, 0x74, 0x72, 0x6f, 0x6e, 0x67
  .byte 0x3e, 0xe5, 0x90, 0x8e, 0xe6, 0x9e, 0x9c, 0x3c, 0x2f, 0x73, 0x74, 0x72, 0x6f, 0x6e, 0x67, 0x3e
  .byte 0xef, 0xbc, 0x9a, 0xe7, 0xa4, 0xbe, 0xe5, 0x8c, 0xba, 0xe9, 0xa2, 0x86, 0xe5, 0xaf, 0xbc, 0xe8
  .byte 0x80, 0x85, 0xe5, 0xb0, 0x86, 0xe4, 0xbb, 0xa5, 0xe7, 0xa7, 0x81, 0xe4, 0xb8, 0x8b, 0xe4, 0xb9
  .byte 0xa6, 0xe9, 0x9d, 0xa2, 0xe8, 0xad, 0xa6, 0xe5, 0x91, 0x8a, 0xe7, 0x9a, 0x84, 0xe5, 0xbd, 0xa2
  .byte 0xe5, 0xbc, 0x8f, 0xef, 0xbc, 0x8c, 0xe6, 0x98, 0x8e, 0xe7, 0xa1, 0xae, 0xe8, 0xaf, 0xb4, 0xe6
  .byte 0x98, 0x8e, 0xe8, 0xbf, 0x9d, 0xe8, 0xa7, 0x84, 0xe6, 0x80, 0xa7, 0xe8, 0xb4, 0xa8, 0xef, 0xbc
  .byte 0x8c, 0xe5, 0xb9, 0xb6, 0xe8, 0xa7, 0xa3, 0xe9, 0x87, 0x8a, 0xe4, 0xb8, 0xba, 0xe4, 0xbd, 0x95
  .byte 0xe8, 0xaf, 0xa5, 0xe8, 0xa1, 0x8c, 0xe4, 0xb8, 0xba, 0xe4, 0xb8, 0x8d, 0xe5, 0xbd, 0x93, 0xe3
  .byte 0x80, 0x82, 0xe4, 0xb9, 0x9f, 0xe5, 0x8f, 0xaf, 0xe8, 0x83, 0xbd, 0xe8, 0xa6, 0x81, 0xe6, 0xb1
  .byte 0x82, 0xe5, 0x85, 0xac, 0xe5, 0xbc, 0x80, 0xe9, 0x81, 0x93, 0xe6, 0xad, 0x89, 0xe3, 0x80, 0x82
  .byte 0x0a, 0x0a, 0x23, 0x23, 0x23, 0x20, 0x32, 0x2e, 0x20, 0xe8, 0xad, 0xa6, 0xe5, 0x91, 0x8a, 0x0a
  .byte 0x0a, 0x3c, 0x73, 0x74, 0x72, 0x6f, 0x6e, 0x67, 0x3e, 0xe7, 0xa4, 0xbe, 0xe5, 0x8c, 0xba, 0xe5
  .byte 0xbd, 0xb1, 0xe5, 0x93, 0x8d, 0x3c, 0x2f, 0x73, 0x74, 0x72, 0x6f, 0x6e, 0x67, 0x3e, 0xef, 0xbc
  .byte 0x9a, 0xe5, 0x8d, 0x95, 0xe6, 0xac, 0xa1, 0xe4, 0xba, 0x8b, 0xe4, 0xbb, 0xb6, 0xe6, 0x88, 0x96
  .byte 0xe4, 0xb8, 0x80, 0xe7, 0xb3, 0xbb, 0xe5, 0x88, 0x97, 0xe8, 0xa1, 0x8c, 0xe4, 0xb8, 0xba, 0xe6
  .byte 0x9e, 0x84, 0xe6, 0x88, 0x90, 0xe7, 0x9a, 0x84, 0xe8, 0xbf, 0x9d, 0xe8, 0xa7, 0x84, 0xe3, 0x80
  .byte 0x82, 0x0a, 0x0a, 0x3c, 0x73, 0x74, 0x72, 0x6f, 0x6e, 0x67, 0x3e, 0xe5, 0x90, 0x8e, 0xe6, 0x9e
  .byte 0x9c, 0x3c, 0x2f, 0x73, 0x74, 0x72, 0x6f, 0x6e, 0x67, 0x3e, 0xef, 0xbc, 0x9a, 0xe5, 0x8f, 0x91
  .byte 0xe5, 0x87, 0xba, 0xe8, 0xad, 0xa6, 0xe5, 0x91, 0x8a, 0xef, 0xbc, 0x8c, 0xe5, 0xb9, 0xb6, 0xe8
  .byte 0xaf, 0xb4, 0xe6, 0x98, 0x8e, 0xe8, 0x8b, 0xa5, 0xe6, 0x8c, 0x81, 0xe7, 0xbb, 0xad, 0xe8, 0xaf
  .byte 0xa5, 0xe8, 0xa1, 0x8c, 0xe4, 0xb8, 0xba, 0xe5, 0xb0, 0x86, 0xe9, 0x9d, 0xa2, 0xe4, 0xb8, 0xb4
  .byte 0xe7, 0x9a, 0x84, 0xe5, 0x90, 0x8e, 0xe6, 0x9e, 0x9c, 0xe3, 0x80, 0x82, 0xe5, 0x9c, 0xa8, 0xe8
  .byte 0xa7, 0x84, 0xe5, 0xae, 0x9a, 0xe6, 0x97, 0xb6, 0xe9, 0x97, 0xb4, 0xe5, 0x86, 0x85, 0xef, 0xbc
  .byte 0x8c, 0xe4, 0xb8, 0x8d, 0xe5, 0xbe, 0x97, 0xe4, 0xb8, 0x8e, 0xe7, 0x9b, 0xb8, 0xe5, 0x85, 0xb3
  .byte 0xe4, 0xba, 0xba, 0xe5, 0x91, 0x98, 0xe5, 0x8f, 0x91, 0xe7, 0x94, 0x9f, 0xe4, 0xbb, 0xbb, 0xe4
  .byte 0xbd, 0x95, 0xe4, 0xba, 0x92, 0xe5, 0x8a, 0xa8, 0xef, 0xbc, 0x8c, 0xe5, 0x8c, 0x85, 0xe6, 0x8b
  .byte 0xac, 0xe4, 0xb8, 0xbb, 0xe5, 0x8a, 0xa8, 0xe4, 0xb8, 0x8e, 0xe6, 0x89, 0xa7, 0xe8, 0xa1, 0x8c
  .byte 0xe6, 0x9c, 0xac, 0xe8, 0xa1, 0x8c, 0xe4, 0xb8, 0xba, 0xe5, 0x87, 0x86, 0xe5, 0x88, 0x99, 0xe7
  .byte 0x9a, 0x84, 0xe4, 0xba, 0xba, 0xe6, 0x8e, 0xa5, 0xe8, 0xa7, 0xa6, 0xe3, 0x80, 0x82, 0xe8, 0xbf
  .byte 0x99, 0xe4, 0xb9, 0x9f, 0xe5, 0x8c, 0x85, 0xe6, 0x8b, 0xac, 0xe9, 0x81, 0xbf, 0xe5, 0x85, 0x8d
  .byte 0xe5, 0x9c, 0xa8, 0xe7, 0xa4, 0xbe, 0xe5, 0x8c, 0xba, 0xe7, 0xa9, 0xba, 0xe9, 0x97, 0xb4, 0xe4
  .byte 0xbb, 0xa5, 0xe5, 0x8f, 0x8a, 0xe7, 0xa4, 0xbe, 0xe4, 0xba, 0xa4, 0xe5, 0xaa, 0x92, 0xe4, 0xbd
  .byte 0x93, 0xe7, 0xad, 0x89, 0xe5, 0xa4, 0x96, 0xe9, 0x83, 0xa8, 0xe6, 0xb8, 0xa0, 0xe9, 0x81, 0x93
  .byte 0xe4, 0xb8, 0xad, 0xe7, 0x9a, 0x84, 0xe4, 0xba, 0x92, 0xe5, 0x8a, 0xa8, 0xe3, 0x80, 0x82, 0xe8
  .byte 0xbf, 0x9d, 0xe5, 0x8f, 0x8d, 0xe8, 0xbf, 0x99, 0xe4, 0xba, 0x9b, 0xe8, 0xa6, 0x81, 0xe6, 0xb1
  .byte 0x82, 0xe5, 0x8f, 0xaf, 0xe8, 0x83, 0xbd, 0xe5, 0xaf, 0xbc, 0xe8, 0x87, 0xb4, 0xe4, 0xb8, 0xb4
  .byte 0xe6, 0x97, 0xb6, 0xe6, 0x88, 0x96, 0xe6, 0xb0, 0xb8, 0xe4, 0xb9, 0x85, 0xe5, 0xb0, 0x81, 0xe7
  .byte 0xa6, 0x81, 0xe3, 0x80, 0x82, 0x0a, 0x0a, 0x23, 0x23, 0x23, 0x20, 0x33, 0x2e, 0x20, 0xe4, 0xb8
  .byte 0xb4, 0xe6, 0x97, 0xb6, 0xe5, 0xb0, 0x81, 0xe7, 0xa6, 0x81, 0x0a, 0x0a, 0x3c, 0x73, 0x74, 0x72
  .byte 0x6f, 0x6e, 0x67, 0x3e, 0xe7, 0xa4, 0xbe, 0xe5, 0x8c, 0xba, 0xe5, 0xbd, 0xb1, 0xe5, 0x93, 0x8d
  .byte 0x3c, 0x2f, 0x73, 0x74, 0x72, 0x6f, 0x6e, 0x67, 0x3e, 0xef, 0xbc, 0x9a, 0xe4, 0xb8, 0xa5, 0xe9
  .byte 0x87, 0x8d, 0xe8, 0xbf, 0x9d, 0xe5, 0x8f, 0x8d, 0xe7, 0xa4, 0xbe, 0xe5, 0x8c, 0xba, 0xe5, 0x87
  .byte 0x86, 0xe5, 0x88, 0x99, 0xef, 0xbc, 0x8c, 0xe5, 0x8c, 0x85, 0xe6, 0x8b, 0xac, 0xe6, 0x8c, 0x81
  .byte 0xe7, 0xbb, 0xad, 0xe7, 0x9a, 0x84, 0xe4, 0xb8, 0x8d, 0xe5, 0xbd, 0x93, 0xe8, 0xa1, 0x8c, 0xe4
  .byte 0xb8, 0xba, 0xe3, 0x80, 0x82, 0x0a, 0x0a, 0x3c, 0x73, 0x74, 0x72, 0x6f, 0x6e, 0x67, 0x3e, 0xe5
  .byte 0x90, 0x8e, 0xe6, 0x9e, 0x9c, 0x3c, 0x2f, 0x73, 0x74, 0x72, 0x6f, 0x6e, 0x67, 0x3e, 0xef, 0xbc
  .byte 0x9a, 0xe5, 0x9c, 0xa8, 0xe8, 0xa7, 0x84, 0xe5, 0xae, 0x9a, 0xe6, 0x97, 0xb6, 0xe9, 0x97, 0xb4
  .byte 0xe5, 0x86, 0x85, 0xef, 0xbc, 0x8c, 0xe6, 0x9a, 0x82, 0xe6, 0x97, 0xb6, 0xe7, 0xa6, 0x81, 0xe6
  .byte 0xad, 0xa2, 0xe4, 0xb8, 0x8e, 0xe7, 0xa4, 0xbe, 0xe5, 0x8c, 0xba, 0xe8, 0xbf, 0x9b, 0xe8, 0xa1
  .byte 0x8c, 0xe4, 0xbb, 0xbb, 0xe4, 0xbd, 0x95, 0xe5, 0xbd, 0xa2, 0xe5, 0xbc, 0x8f, 0xe7, 0x9a, 0x84
  .byte 0xe4, 0xba, 0x92, 0xe5, 0x8a, 0xa8, 0xe6, 0x88, 0x96, 0xe5, 0x85, 0xac, 0xe5, 0xbc, 0x80, 0xe4
  .byte 0xba, 0xa4, 0xe6, 0xb5, 0x81, 0xe3, 0x80, 0x82, 0xe5, 0x9c, 0xa8, 0xe6, 0xad, 0xa4, 0xe6, 0x9c
  .byte 0x9f, 0xe9, 0x97, 0xb4, 0xef, 0xbc, 0x8c, 0xe4, 0xb8, 0x8d, 0xe5, 0xbe, 0x97, 0xe4, 0xb8, 0x8e
  .byte 0xe7, 0x9b, 0xb8, 0xe5, 0x85, 0xb3, 0xe4, 0xba, 0xba, 0xe5, 0x91, 0x98, 0xe8, 0xbf, 0x9b, 0xe8
  .byte 0xa1, 0x8c, 0xe4, 0xbb, 0xbb, 0xe4, 0xbd, 0x95, 0xe5, 0x85, 0xac, 0xe5, 0xbc, 0x80, 0xe6, 0x88
  .byte 0x96, 0xe7, 0xa7, 0x81, 0xe4, 0xb8, 0x8b, 0xe4, 0xba, 0x92, 0xe5, 0x8a, 0xa8, 0xef, 0xbc, 0x8c
  .byte 0xe5, 0x8c, 0x85, 0xe6, 0x8b, 0xac, 0xe4, 0xb8, 0xbb, 0xe5, 0x8a, 0xa8, 0xe4, 0xb8, 0x8e, 0xe6
  .byte 0x89, 0xa7, 0xe8, 0xa1, 0x8c, 0xe6, 0x9c, 0xac, 0xe8, 0xa1, 0x8c, 0xe4, 0xb8, 0xba, 0xe5, 0x87
  .byte 0x86, 0xe5, 0x88, 0x99, 0xe7, 0x9a, 0x84, 0xe4, 0xba, 0xba, 0xe6, 0x8e, 0xa5, 0xe8, 0xa7, 0xa6
  .byte 0xe3, 0x80, 0x82, 0xe8, 0xbf, 0x9d, 0xe5, 0x8f, 0x8d, 0xe8, 0xbf, 0x99, 0xe4, 0xba, 0x9b, 0xe8
  .byte 0xa6, 0x81, 0xe6, 0xb1, 0x82, 0xe5, 0x8f, 0xaf, 0xe8, 0x83, 0xbd, 0xe5, 0xaf, 0xbc, 0xe8, 0x87
  .byte 0xb4, 0xe6, 0xb0, 0xb8, 0xe4, 0xb9, 0x85, 0xe5, 0xb0, 0x81, 0xe7, 0xa6, 0x81, 0xe3, 0x80, 0x82
  .byte 0x0a, 0x0a, 0x23, 0x23, 0x23, 0x20, 0x34, 0x2e, 0x20, 0xe6, 0xb0, 0xb8, 0xe4, 0xb9, 0x85, 0xe5
  .byte 0xb0, 0x81, 0xe7, 0xa6, 0x81, 0x0a, 0x0a, 0x3c, 0x73, 0x74, 0x72, 0x6f, 0x6e, 0x67, 0x3e, 0xe7
  .byte 0xa4, 0xbe, 0xe5, 0x8c, 0xba, 0xe5, 0xbd, 0xb1, 0xe5, 0x93, 0x8d, 0x3c, 0x2f, 0x73, 0x74, 0x72
  .byte 0x6f, 0x6e, 0x67, 0x3e, 0xef, 0xbc, 0x9a, 0xe8, 0xa1, 0xa8, 0xe7, 0x8e, 0xb0, 0xe5, 0x87, 0xba
  .byte 0xe6, 0x8c, 0x81, 0xe7, 0xbb, 0xad, 0xe8, 0xbf, 0x9d, 0xe5, 0x8f, 0x8d, 0xe7, 0xa4, 0xbe, 0xe5
  .byte 0x8c, 0xba, 0xe5, 0x87, 0x86, 0xe5, 0x88, 0x99, 0xe7, 0x9a, 0x84, 0xe6, 0xa8, 0xa1, 0xe5, 0xbc
  .byte 0x8f, 0xef, 0xbc, 0x8c, 0xe5, 0x8c, 0x85, 0xe6, 0x8b, 0xac, 0xe6, 0x8c, 0x81, 0xe7, 0xbb, 0xad
  .byte 0xe7, 0x9a, 0x84, 0xe4, 0xb8, 0x8d, 0xe5, 0xbd, 0x93, 0xe8, 0xa1, 0x8c, 0xe4, 0xb8, 0xba, 0xe3
  .byte 0x80, 0x81, 0xe5, 0xaf, 0xb9, 0xe4, 0xb8, 0xaa, 0xe4, 0xba, 0xba, 0xe7, 0x9a, 0x84, 0xe9, 0xaa
  .byte 0x9a, 0xe6, 0x89, 0xb0, 0xef, 0xbc, 0x8c, 0xe6, 0x88, 0x96, 0xe5, 0xaf, 0xb9, 0xe7, 0x89, 0xb9
  .byte 0xe5, 0xae, 0x9a, 0xe7, 0xbe, 0xa4, 0xe4, 0xbd, 0x93, 0xe8, 0xa1, 0xa8, 0xe7, 0x8e, 0xb0, 0xe5
  .byte 0x87, 0xba, 0xe6, 0x94, 0xbb, 0xe5, 0x87, 0xbb, 0xe6, 0x80, 0xa7, 0xe6, 0x88, 0x96, 0xe8, 0xb4
  .byte 0xac, 0xe4, 0xbd, 0x8e, 0xe8, 0xa1, 0x8c, 0xe4, 0xb8, 0xba, 0xe3, 0x80, 0x82, 0x0a, 0x0a, 0x3c
  .byte 0x73, 0x74, 0x72, 0x6f, 0x6e, 0x67, 0x3e, 0xe5, 0x90, 0x8e, 0xe6, 0x9e, 0x9c, 0x3c, 0x2f, 0x73
  .byte 0x74, 0x72, 0x6f, 0x6e, 0x67, 0x3e, 0xef, 0xbc, 0x9a, 0xe6, 0xb0, 0xb8, 0xe4, 0xb9, 0x85, 0xe7
  .byte 0xa6, 0x81, 0xe6, 0xad, 0xa2, 0xe5, 0x9c, 0xa8, 0xe7, 0xa4, 0xbe, 0xe5, 0x8c, 0xba, 0xe5, 0x86
  .byte 0x85, 0xe8, 0xbf, 0x9b, 0xe8, 0xa1, 0x8c, 0xe4, 0xbb, 0xbb, 0xe4, 0xbd, 0x95, 0xe5, 0xbd, 0xa2
  .byte 0xe5, 0xbc, 0x8f, 0xe7, 0x9a, 0x84, 0xe5, 0x85, 0xac, 0xe5, 0xbc, 0x80, 0xe4, 0xba, 0x92, 0xe5
  .byte 0x8a, 0xa8, 0xe3, 0x80, 0x82, 0x0a, 0x0a, 0x23, 0x23, 0x20, 0xe7, 0xbd, 0xb2, 0xe5, 0x90, 0x8d
  .byte 0x0a, 0x0a, 0xe6, 0x9c, 0xac, 0xe8, 0xa1, 0x8c, 0xe4, 0xb8, 0xba, 0xe5, 0x87, 0x86, 0xe5, 0x88
  .byte 0x99, 0xe6, 0x94, 0xb9, 0xe7, 0xbc, 0x96, 0xe8, 0x87, 0xaa, 0x20, 0x5b, 0x43, 0x6f, 0x6e, 0x74
  .byte 0x72, 0x69, 0x62, 0x75, 0x74, 0x6f, 0x72, 0x20, 0x43, 0x6f, 0x76, 0x65, 0x6e, 0x61, 0x6e, 0x74
  .byte 0x5d, 0x5b, 0x68, 0x6f, 0x6d, 0x65, 0x70, 0x61, 0x67, 0x65, 0x5d, 0x20, 0x32, 0x2e, 0x31, 0x20
  .byte 0xe7, 0x89, 0x88, 0xef, 0xbc, 0x8c, 0xe5, 0x8e, 0x9f, 0xe6, 0x96, 0x87, 0xe8, 0xa7, 0x81, 0x0a
  .byte 0x5b, 0x68, 0x74, 0x74, 0x70, 0x73, 0x3a, 0x2f, 0x2f, 0x77, 0x77, 0x77, 0x2e, 0x63, 0x6f, 0x6e
  .byte 0x74, 0x72, 0x69, 0x62, 0x75, 0x74, 0x6f, 0x72, 0x2d, 0x63, 0x6f, 0x76, 0x65, 0x6e, 0x61, 0x6e
  .byte 0x74, 0x2e, 0x6f, 0x72, 0x67, 0x2f, 0x76, 0x65, 0x72, 0x73, 0x69, 0x6f, 0x6e, 0x2f, 0x32, 0x2f
  .byte 0x31, 0x2f, 0x63, 0x6f, 0x64, 0x65, 0x5f, 0x6f, 0x66, 0x5f, 0x63, 0x6f, 0x6e, 0x64, 0x75, 0x63
  .byte 0x74, 0x2e, 0x68, 0x74, 0x6d, 0x6c, 0x5d, 0x5b, 0x76, 0x32, 0x2e, 0x31, 0x5d, 0xe3, 0x80, 0x82
  .byte 0x0a, 0x0a, 0xe7, 0xa4, 0xbe, 0xe5, 0x8c, 0xba, 0xe5, 0xbd, 0xb1, 0xe5, 0x93, 0x8d, 0xe6, 0x8c
  .byte 0x87, 0xe5, 0x8d, 0x97, 0xe7, 0x9a, 0x84, 0xe7, 0x81, 0xb5, 0xe6, 0x84, 0x9f, 0xe6, 0x9d, 0xa5
  .byte 0xe8, 0x87, 0xaa, 0x0a, 0x5b, 0x4d, 0x6f, 0x7a, 0x69, 0x6c, 0x6c, 0x61, 0x27, 0x73, 0x20, 0x63
  .byte 0x6f, 0x64, 0x65, 0x20, 0x6f, 0x66, 0x20, 0x63, 0x6f, 0x6e, 0x64, 0x75, 0x63, 0x74, 0x20, 0x65
  .byte 0x6e, 0x66, 0x6f, 0x72, 0x63, 0x65, 0x6d, 0x65, 0x6e, 0x74, 0x20, 0x6c, 0x61, 0x64, 0x64, 0x65
  .byte 0x72, 0x5d, 0x5b, 0x4d, 0x6f, 0x7a, 0x69, 0x6c, 0x6c, 0x61, 0x20, 0x43, 0x6f, 0x43, 0x5d, 0xe3
  .byte 0x80, 0x82, 0x0a, 0x0a, 0xe5, 0xa6, 0x82, 0xe9, 0x9c, 0x80, 0xe4, 0xba, 0x86, 0xe8, 0xa7, 0xa3
  .byte 0xe5, 0x85, 0xb3, 0xe4, 0xba, 0x8e, 0xe6, 0x9c, 0xac, 0xe8, 0xa1, 0x8c, 0xe4, 0xb8, 0xba, 0xe5
  .byte 0x87, 0x86, 0xe5, 0x88, 0x99, 0xe7, 0x9a, 0x84, 0xe5, 0xb8, 0xb8, 0xe8, 0xa7, 0x81, 0xe9, 0x97
  .byte 0xae, 0xe9, 0xa2, 0x98, 0xef, 0xbc, 0x8c, 0xe8, 0xaf, 0xb7, 0xe5, 0x8f, 0x82, 0xe9, 0x98, 0x85
  .byte 0x0a, 0x5b, 0x68, 0x74, 0x74, 0x70, 0x73, 0x3a, 0x2f, 0x2f, 0x77, 0x77, 0x77, 0x2e, 0x63, 0x6f
  .byte 0x6e, 0x74, 0x72, 0x69, 0x62, 0x75, 0x74, 0x6f, 0x72, 0x2d, 0x63, 0x6f, 0x76, 0x65, 0x6e, 0x61
  .byte 0x6e, 0x74, 0x2e, 0x6f, 0x72, 0x67, 0x2f, 0x66, 0x61, 0x71, 0x5d, 0x5b, 0x46, 0x41, 0x51, 0x5d
  .byte 0xe3, 0x80, 0x82, 0x0a, 0xe5, 0x90, 0x84, 0xe8, 0xaf, 0xad, 0xe8, 0xa8, 0x80, 0xe8, 0xaf, 0x91
  .byte 0xe6, 0x9c, 0xac, 0xe8, 0xa7, 0x81, 0x0a, 0x5b, 0x68, 0x74, 0x74, 0x70, 0x73, 0x3a, 0x2f, 0x2f
  .byte 0x77, 0x77, 0x77, 0x2e, 0x63, 0x6f, 0x6e, 0x74, 0x72, 0x69, 0x62, 0x75, 0x74, 0x6f, 0x72, 0x2d
  .byte 0x63, 0x6f, 0x76, 0x65, 0x6e, 0x61, 0x6e, 0x74, 0x2e, 0x6f, 0x72, 0x67, 0x2f, 0x74, 0x72, 0x61
  .byte 0x6e, 0x73, 0x6c, 0x61, 0x74, 0x69, 0x6f, 0x6e, 0x73, 0x5d, 0x5b, 0x74, 0x72, 0x61, 0x6e, 0x73
  .byte 0x6c, 0x61, 0x74, 0x69, 0x6f, 0x6e, 0x73, 0x5d, 0xe3, 0x80, 0x82, 0x0a, 0x0a, 0x5b, 0x68, 0x6f
  .byte 0x6d, 0x65, 0x70, 0x61, 0x67, 0x65, 0x5d, 0x3a, 0x20, 0x68, 0x74, 0x74, 0x70, 0x73, 0x3a, 0x2f
  .byte 0x2f, 0x77, 0x77, 0x77, 0x2e, 0x63, 0x6f, 0x6e, 0x74, 0x72, 0x69, 0x62, 0x75, 0x74, 0x6f, 0x72
  .byte 0x2d, 0x63, 0x6f, 0x76, 0x65, 0x6e, 0x61, 0x6e, 0x74, 0x2e, 0x6f, 0x72, 0x67, 0x0a, 0x5b, 0x76
  .byte 0x32, 0x2e, 0x31, 0x5d, 0x3a, 0x20, 0x68, 0x74, 0x74, 0x70, 0x73, 0x3a, 0x2f, 0x2f, 0x77, 0x77
  .byte 0x77, 0x2e, 0x63, 0x6f, 0x6e, 0x74, 0x72, 0x69, 0x62, 0x75, 0x74, 0x6f, 0x72, 0x2d, 0x63, 0x6f
  .byte 0x76, 0x65, 0x6e, 0x61, 0x6e, 0x74, 0x2e, 0x6f, 0x72, 0x67, 0x2f, 0x76, 0x65, 0x72, 0x73, 0x69
  .byte 0x6f, 0x6e, 0x2f, 0x32, 0x2f, 0x31, 0x2f, 0x63, 0x6f, 0x64, 0x65, 0x5f, 0x6f, 0x66, 0x5f, 0x63
  .byte 0x6f, 0x6e, 0x64, 0x75, 0x63, 0x74, 0x2e, 0x68, 0x74, 0x6d, 0x6c, 0x0a, 0x5b, 0x4d, 0x6f, 0x7a
  .byte 0x69, 0x6c, 0x6c, 0x61, 0x20, 0x43, 0x6f, 0x43, 0x5d, 0x3a, 0x20, 0x68, 0x74, 0x74, 0x70, 0x73
  .byte 0x3a, 0x2f, 0x2f, 0x67, 0x69, 0x74, 0x68, 0x75, 0x62, 0x2e, 0x63, 0x6f, 0x6d, 0x2f, 0x6d, 0x6f
  .byte 0x7a, 0x69, 0x6c, 0x6c, 0x61, 0x2f, 0x64, 0x69, 0x76, 0x65, 0x72, 0x73, 0x69, 0x74, 0x79, 0x0a
  .byte 0x5b, 0x46, 0x41, 0x51, 0x5d, 0x3a, 0x20, 0x68, 0x74, 0x74, 0x70, 0x73, 0x3a, 0x2f, 0x2f, 0x77
  .byte 0x77, 0x77, 0x2e, 0x63, 0x6f, 0x6e, 0x74, 0x72, 0x69, 0x62, 0x75, 0x74, 0x6f, 0x72, 0x2d, 0x63
  .byte 0x6f, 0x76, 0x65, 0x6e, 0x61, 0x6e, 0x74, 0x2e, 0x6f, 0x72, 0x67, 0x2f, 0x66, 0x61, 0x71, 0x0a
  .byte 0x5b, 0x74, 0x72, 0x61, 0x6e, 0x73, 0x6c, 0x61, 0x74, 0x69, 0x6f, 0x6e, 0x73, 0x5d, 0x3a, 0x20
  .byte 0x68, 0x74, 0x74, 0x70, 0x73, 0x3a, 0x2f, 0x2f, 0x77, 0x77, 0x77, 0x2e, 0x63, 0x6f, 0x6e, 0x74
  .byte 0x72, 0x69, 0x62, 0x75, 0x74, 0x6f, 0x72, 0x2d, 0x63, 0x6f, 0x76, 0x65, 0x6e, 0x61, 0x6e, 0x74
  .byte 0x2e, 0x6f, 0x72, 0x67, 0x2f, 0x74, 0x72, 0x61, 0x6e, 0x73, 0x6c, 0x61, 0x74, 0x69, 0x6f, 0x6e
  .byte 0x73, 0x0a, 0x0a, 0x2d, 0x2d, 0x2d, 0x0a, 0x0a, 0x3c, 0x21, 0x2d, 0x2d, 0x20, 0x43, 0x4f, 0x2d
  .byte 0x4f, 0x50, 0x20, 0x54, 0x52, 0x41, 0x4e, 0x53, 0x4c, 0x41, 0x54, 0x4f, 0x52, 0x20, 0x44, 0x49
  .byte 0x53, 0x43, 0x4c, 0x41, 0x49, 0x4d, 0x45, 0x52, 0x20, 0x53, 0x54, 0x41, 0x52, 0x54, 0x20, 0x2d
  .byte 0x2d, 0x3e, 0x0a, 0x2a, 0x2a, 0xe5, 0x85, 0x8d, 0xe8, 0xb4, 0xa3, 0xe5, 0xa3, 0xb0, 0xe6, 0x98
  .byte 0x8e, 0x2a, 0x2a, 0xef, 0xbc, 0x9a, 0x0a, 0xe6, 0x9c, 0xac, 0xe6, 0x96, 0x87, 0xe6, 0xa1, 0xa3
  .byte 0xe4, 0xbd, 0xbf, 0xe7, 0x94, 0xa8, 0x20, 0x41, 0x49, 0x20, 0xe7, 0xbf, 0xbb, 0xe8, 0xaf, 0x91
  .byte 0xe6, 0x9c, 0x8d, 0xe5, 0x8a, 0xa1, 0x20, 0x5b, 0x43, 0x6f, 0x2d, 0x6f, 0x70, 0x20, 0x54, 0x72
  .byte 0x61, 0x6e, 0x73, 0x6c, 0x61, 0x74, 0x6f, 0x72, 0x5d, 0x28, 0x68, 0x74, 0x74, 0x70, 0x73, 0x3a
  .byte 0x2f, 0x2f, 0x67, 0x69, 0x74, 0x68, 0x75, 0x62, 0x2e, 0x63, 0x6f, 0x6d, 0x2f, 0x41, 0x7a, 0x75
  .byte 0x72, 0x65, 0x2f, 0x63, 0x6f, 0x2d, 0x6f, 0x70, 0x2d, 0x74, 0x72, 0x61, 0x6e, 0x73, 0x6c, 0x61
  .byte 0x74, 0x6f, 0x72, 0x29, 0x20, 0xe8, 0xbf, 0x9b, 0xe8, 0xa1, 0x8c, 0xe7, 0xbf, 0xbb, 0xe8, 0xaf
  .byte 0x91, 0xe3, 0x80, 0x82, 0xe5, 0xb0, 0xbd, 0xe7, 0xae, 0xa1, 0xe6, 0x88, 0x91, 0xe4, 0xbb, 0xac
  .byte 0xe5, 0x8a, 0x9b, 0xe6, 0xb1, 0x82, 0xe5, 0x87, 0x86, 0xe7, 0xa1, 0xae, 0xef, 0xbc, 0x8c, 0xe4
  .byte 0xbd, 0x86, 0xe8, 0xaf, 0xb7, 0xe6, 0xb3, 0xa8, 0xe6, 0x84, 0x8f, 0xef, 0xbc, 0x8c, 0xe8, 0x87
  .byte 0xaa, 0xe5, 0x8a, 0xa8, 0xe7, 0xbf, 0xbb, 0xe8, 0xaf, 0x91, 0xe5, 0x8f, 0xaf, 0xe8, 0x83, 0xbd
  .byte 0xe5, 0x8c, 0x85, 0xe5, 0x90, 0xab, 0xe9, 0x94, 0x99, 0xe8, 0xaf, 0xaf, 0xe6, 0x88, 0x96, 0xe4
  .byte 0xb8, 0x8d, 0xe5, 0x87, 0x86, 0xe7, 0xa1, 0xae, 0xe4, 0xb9, 0x8b, 0xe5, 0xa4, 0x84, 0xe3, 0x80
  .byte 0x82, 0xe5, 0xba, 0x94, 0xe5, 0xb0, 0x86, 0xe5, 0x8e, 0x9f, 0xe5, 0xa7, 0x8b, 0xe8, 0xaf, 0xad
  .byte 0xe8, 0xa8, 0x80, 0xe7, 0x89, 0x88, 0xe6, 0x9c, 0xac, 0xe7, 0x9a, 0x84, 0xe5, 0x8e, 0x9f, 0xe5
  .byte 0xa7, 0x8b, 0xe6, 0x96, 0x87, 0xe6, 0xa1, 0xa3, 0xe8, 0xa7, 0x86, 0xe4, 0xb8, 0xba, 0xe6, 0x9d
  .byte 0x83, 0xe5, 0xa8, 0x81, 0xe6, 0x9d, 0xa5, 0xe6, 0xba, 0x90, 0xe3, 0x80, 0x82, 0xe5, 0xaf, 0xb9
  .byte 0xe4, 0xba, 0x8e, 0xe5, 0x85, 0xb3, 0xe9, 0x94, 0xae, 0xe4, 0xbf, 0xa1, 0xe6, 0x81, 0xaf, 0xef
  .byte 0xbc, 0x8c, 0xe5, 0xbb, 0xba, 0xe8, 0xae, 0xae, 0xe4, 0xbd, 0xbf, 0xe7, 0x94, 0xa8, 0xe4, 0xb8
  .byte 0x93, 0xe4, 0xb8, 0x9a, 0xe4, 0xba, 0xba, 0xe5, 0xb7, 0xa5, 0xe7, 0xbf, 0xbb, 0xe8, 0xaf, 0x91
  .byte 0xe3, 0x80, 0x82, 0xe5, 0xaf, 0xb9, 0xe4, 0xba, 0x8e, 0xe5, 0x9b, 0xa0, 0xe4, 0xbd, 0xbf, 0xe7
  .byte 0x94, 0xa8, 0xe6, 0xad, 0xa4, 0xe7, 0xbf, 0xbb, 0xe8, 0xaf, 0x91, 0xe8, 0x80, 0x8c, 0xe5, 0xbc
  .byte 0x95, 0xe8, 0xb5, 0xb7, 0xe7, 0x9a, 0x84, 0xe4, 0xbb, 0xbb, 0xe4, 0xbd, 0x95, 0xe8, 0xaf, 0xaf
  .byte 0xe8, 0xa7, 0xa3, 0xe6, 0x88, 0x96, 0xe8, 0xaf, 0xaf, 0xe9, 0x87, 0x8a, 0xef, 0xbc, 0x8c, 0xe6
  .byte 0x88, 0x91, 0xe4, 0xbb, 0xac, 0xe6, 0xa6, 0x82, 0xe4, 0xb8, 0x8d, 0xe8, 0xb4, 0x9f, 0xe8, 0xb4
  .byte 0xa3, 0xe3, 0x80, 0x82, 0x0a, 0x3c, 0x21, 0x2d, 0x2d, 0x20, 0x43, 0x4f, 0x2d, 0x4f, 0x50, 0x20
  .byte 0x54, 0x52, 0x41, 0x4e, 0x53, 0x4c, 0x41, 0x54, 0x4f, 0x52, 0x20, 0x44, 0x49, 0x53, 0x43, 0x4c
  .byte 0x41, 0x49, 0x4d, 0x45, 0x52, 0x20, 0x45, 0x4e, 0x44, 0x20, 0x2d, 0x2d, 0x3e

  .globl openui_full_port_translations_zh_CN_CODE_OF_CONDUCT_md_c84bd55c369e_pass_3_len
openui_full_port_translations_zh_CN_CODE_OF_CONDUCT_md_c84bd55c369e_pass_3_len:
  .quad 5101

# assembly pass: 4/4
  .globl openui_full_port_translations_zh_CN_CODE_OF_CONDUCT_md_c84bd55c369e_pass_4
openui_full_port_translations_zh_CN_CODE_OF_CONDUCT_md_c84bd55c369e_pass_4:
  .byte 0x23, 0x20, 0x43, 0x6f, 0x6e, 0x74, 0x72, 0x69, 0x62, 0x75, 0x74, 0x6f, 0x72, 0x20, 0x43, 0x6f
  .byte 0x76, 0x65, 0x6e, 0x61, 0x6e, 0x74, 0x20, 0xe8, 0xa1, 0x8c, 0xe4, 0xb8, 0xba, 0xe5, 0x87, 0x86
  .byte 0xe5, 0x88, 0x99, 0x0a, 0x0a, 0x23, 0x23, 0x20, 0xe6, 0x88, 0x91, 0xe4, 0xbb, 0xac, 0xe7, 0x9a
  .byte 0x84, 0xe6, 0x89, 0xbf, 0xe8, 0xaf, 0xba, 0x0a, 0x0a, 0xe4, 0xbd, 0x9c, 0xe4, 0xb8, 0xba, 0xe6
  .byte 0x88, 0x90, 0xe5, 0x91, 0x98, 0xe3, 0x80, 0x81, 0xe8, 0xb4, 0xa1, 0xe7, 0x8c, 0xae, 0xe8, 0x80
  .byte 0x85, 0xe5, 0x92, 0x8c, 0xe7, 0xa4, 0xbe, 0xe5, 0x8c, 0xba, 0xe9, 0xa2, 0x86, 0xe5, 0xaf, 0xbc
  .byte 0xe8, 0x80, 0x85, 0xef, 0xbc, 0x8c, 0xe6, 0x88, 0x91, 0xe4, 0xbb, 0xac, 0xe6, 0x89, 0xbf, 0xe8
  .byte 0xaf, 0xba, 0xe8, 0xae, 0xa9, 0xe6, 0xaf, 0x8f, 0xe4, 0xb8, 0xaa, 0xe4, 0xba, 0xba, 0xe9, 0x83
  .byte 0xbd, 0xe8, 0x83, 0xbd, 0xe5, 0x9c, 0xa8, 0xe7, 0xa4, 0xbe, 0xe5, 0x8c, 0xba, 0xe4, 0xb8, 0xad
  .byte 0xe8, 0x8e, 0xb7, 0xe5, 0xbe, 0x97, 0xe5, 0x85, 0x8d, 0xe5, 0x8f, 0x97, 0xe9, 0xaa, 0x9a, 0xe6
  .byte 0x89, 0xb0, 0xe7, 0x9a, 0x84, 0xe5, 0x8f, 0x82, 0xe4, 0xb8, 0x8e, 0xe4, 0xbd, 0x93, 0xe9, 0xaa
  .byte 0x8c, 0xef, 0xbc, 0x8c, 0xe4, 0xb8, 0x8d, 0xe5, 0x9b, 0xa0, 0xe5, 0xb9, 0xb4, 0xe9, 0xbe, 0x84
  .byte 0xe3, 0x80, 0x81, 0xe4, 0xbd, 0x93, 0xe5, 0x9e, 0x8b, 0xe3, 0x80, 0x81, 0xe5, 0x8f, 0xaf, 0xe8
  .byte 0xa7, 0x81, 0xe6, 0x88, 0x96, 0xe4, 0xb8, 0x8d, 0xe5, 0x8f, 0xaf, 0xe8, 0xa7, 0x81, 0xe7, 0x9a
  .byte 0x84, 0xe6, 0xae, 0x8b, 0xe9, 0x9a, 0x9c, 0xe3, 0x80, 0x81, 0xe6, 0x97, 0x8f, 0xe8, 0xa3, 0x94
  .byte 0xe3, 0x80, 0x81, 0xe6, 0x80, 0xa7, 0xe7, 0x89, 0xb9, 0xe5, 0xbe, 0x81, 0xe3, 0x80, 0x81, 0xe6
  .byte 0x80, 0xa7, 0xe5, 0x88, 0xab, 0xe8, 0xae, 0xa4, 0xe5, 0x90, 0x8c, 0xe4, 0xb8, 0x8e, 0xe8, 0xa1
  .byte 0xa8, 0xe8, 0xbe, 0xbe, 0xe3, 0x80, 0x81, 0xe7, 0xbb, 0x8f, 0xe9, 0xaa, 0x8c, 0xe6, 0xb0, 0xb4
  .byte 0xe5, 0xb9, 0xb3, 0xe3, 0x80, 0x81, 0xe6, 0x95, 0x99, 0xe8, 0x82, 0xb2, 0xe7, 0xa8, 0x8b, 0xe5
  .byte 0xba, 0xa6, 0xe3, 0x80, 0x81, 0xe7, 0xa4, 0xbe, 0xe4, 0xbc, 0x9a, 0xe7, 0xbb, 0x8f, 0xe6, 0xb5
  .byte 0x8e, 0xe5, 0x9c, 0xb0, 0xe4, 0xbd, 0x8d, 0xe3, 0x80, 0x81, 0xe5, 0x9b, 0xbd, 0xe7, 0xb1, 0x8d
  .byte 0xe3, 0x80, 0x81, 0xe4, 0xb8, 0xaa, 0xe4, 0xba, 0xba, 0xe5, 0xa4, 0x96, 0xe8, 0xb2, 0x8c, 0xe3
  .byte 0x80, 0x81, 0xe7, 0xa7, 0x8d, 0xe6, 0x97, 0x8f, 0xe3, 0x80, 0x81, 0xe7, 0xa7, 0x8d, 0xe5, 0xa7
  .byte 0x93, 0xe3, 0x80, 0x81, 0xe8, 0x82, 0xa4, 0xe8, 0x89, 0xb2, 0xe3, 0x80, 0x81, 0xe5, 0xae, 0x97
  .byte 0xe6, 0x95, 0x99, 0xe6, 0x88, 0x96, 0xe6, 0x80, 0xa7, 0xe8, 0xae, 0xa4, 0xe5, 0x90, 0x8c, 0xe4
  .byte 0xb8, 0x8e, 0xe6, 0x80, 0xa7, 0xe5, 0x8f, 0x96, 0xe5, 0x90, 0x91, 0xe8, 0x80, 0x8c, 0xe5, 0x8f
  .byte 0x97, 0xe5, 0x88, 0xb0, 0xe5, 0x8c, 0xba, 0xe5, 0x88, 0xab, 0xe5, 0xaf, 0xb9, 0xe5, 0xbe, 0x85
  .byte 0xe3, 0x80, 0x82, 0x0a, 0x0a, 0xe6, 0x88, 0x91, 0xe4, 0xbb, 0xac, 0xe6, 0x89, 0xbf, 0xe8, 0xaf
  .byte 0xba, 0xe4, 0xbb, 0xa5, 0xe5, 0xbc, 0x80, 0xe6, 0x94, 0xbe, 0xe3, 0x80, 0x81, 0xe5, 0x8f, 0x8b
  .byte 0xe5, 0x96, 0x84, 0xe3, 0x80, 0x81, 0xe5, 0xa4, 0x9a, 0xe5, 0x85, 0x83, 0xe3, 0x80, 0x81, 0xe5
  .byte 0x8c, 0x85, 0xe5, 0xae, 0xb9, 0xe4, 0xb8, 0x94, 0xe5, 0x81, 0xa5, 0xe5, 0xba, 0xb7, 0xe7, 0x9a
  .byte 0x84, 0xe6, 0x96, 0xb9, 0xe5, 0xbc, 0x8f, 0xe8, 0xa1, 0x8c, 0xe5, 0x8a, 0xa8, 0xe4, 0xb8, 0x8e
  .byte 0xe4, 0xba, 0x92, 0xe5, 0x8a, 0xa8, 0xef, 0xbc, 0x8c, 0xe5, 0x85, 0xb1, 0xe5, 0x90, 0x8c, 0xe5
  .byte 0xbb, 0xba, 0xe8, 0xae, 0xbe, 0xe7, 0xa4, 0xbe, 0xe5, 0x8c, 0xba, 0xe3, 0x80, 0x82, 0x0a, 0x0a
  .byte 0x23, 0x23, 0x20, 0xe6, 0x88, 0x91, 0xe4, 0xbb, 0xac, 0xe7, 0x9a, 0x84, 0xe5, 0x87, 0x86, 0xe5
  .byte 0x88, 0x99, 0x0a, 0x0a, 0xe6, 0x9c, 0x89, 0xe5, 0x8a, 0xa9, 0xe4, 0xba, 0x8e, 0xe4, 0xb8, 0xba
  .byte 0xe7, 0xa4, 0xbe, 0xe5, 0x8c, 0xba, 0xe8, 0x90, 0xa5, 0xe9, 0x80, 0xa0, 0xe7, 0xa7, 0xaf, 0xe6
  .byte 0x9e, 0x81, 0xe7, 0x8e, 0xaf, 0xe5, 0xa2, 0x83, 0xe7, 0x9a, 0x84, 0xe8, 0xa1, 0x8c, 0xe4, 0xb8
  .byte 0xba, 0xe5, 0x8c, 0x85, 0xe6, 0x8b, 0xac, 0xef, 0xbc, 0x9a, 0x0a, 0x0a, 0x2a, 0x20, 0xe5, 0xaf
  .byte 0xb9, 0xe4, 0xbb, 0x96, 0xe4, 0xba, 0xba, 0xe5, 0xb1, 0x95, 0xe7, 0x8e, 0xb0, 0xe5, 0x90, 0x8c
  .byte 0xe7, 0x90, 0x86, 0xe5, 0xbf, 0x83, 0xe4, 0xb8, 0x8e, 0xe5, 0x96, 0x84, 0xe6, 0x84, 0x8f, 0x0a
  .byte 0x2a, 0x20, 0xe5, 0xb0, 0x8a, 0xe9, 0x87, 0x8d, 0xe4, 0xb8, 0x8d, 0xe5, 0x90, 0x8c, 0xe7, 0x9a
  .byte 0x84, 0xe6, 0x84, 0x8f, 0xe8, 0xa7, 0x81, 0xe3, 0x80, 0x81, 0xe8, 0xa7, 0x82, 0xe7, 0x82, 0xb9
  .byte 0xe5, 0x92, 0x8c, 0xe7, 0xbb, 0x8f, 0xe5, 0x8e, 0x86, 0x0a, 0x2a, 0x20, 0xe6, 0x8f, 0x90, 0xe4
  .byte 0xbe, 0x9b, 0xe5, 0xbb, 0xba, 0xe8, 0xae, 0xbe, 0xe6, 0x80, 0xa7, 0xe5, 0x8f, 0x8d, 0xe9, 0xa6
  .byte 0x88, 0xef, 0xbc, 0x8c, 0xe5, 0xb9, 0xb6, 0xe4, 0xbb, 0xa5, 0xe5, 0xbe, 0x97, 0xe4, 0xbd, 0x93
  .byte 0xe7, 0x9a, 0x84, 0xe6, 0x80, 0x81, 0xe5, 0xba, 0xa6, 0xe6, 0x8e, 0xa5, 0xe5, 0x8f, 0x97, 0xe5
  .byte 0x8f, 0x8d, 0xe9, 0xa6, 0x88, 0x0a, 0x2a, 0x20, 0xe5, 0xaf, 0xb9, 0xe8, 0x87, 0xaa, 0xe5, 0xb7
  .byte 0xb1, 0xe7, 0x9a, 0x84, 0xe9, 0x94, 0x99, 0xe8, 0xaf, 0xaf, 0xe6, 0x89, 0xbf, 0xe6, 0x8b, 0x85
  .byte 0xe8, 0xb4, 0xa3, 0xe4, 0xbb, 0xbb, 0xef, 0xbc, 0x8c, 0xe5, 0x90, 0x91, 0xe5, 0x8f, 0x97, 0xe5
  .byte 0xbd, 0xb1, 0xe5, 0x93, 0x8d, 0xe7, 0x9a, 0x84, 0xe4, 0xba, 0xba, 0xe8, 0x87, 0xb4, 0xe6, 0xad
  .byte 0x89, 0xef, 0xbc, 0x8c, 0xe5, 0xb9, 0xb6, 0xe4, 0xbb, 0x8e, 0xe4, 0xb8, 0xad, 0xe5, 0x90, 0xb8
  .byte 0xe5, 0x8f, 0x96, 0xe7, 0xbb, 0x8f, 0xe9, 0xaa, 0x8c, 0xe6, 0x95, 0x99, 0xe8, 0xae, 0xad, 0x0a
  .byte 0x2a, 0x20, 0xe5, 0x85, 0xb3, 0xe6, 0xb3, 0xa8, 0xe4, 0xbb, 0x80, 0xe4, 0xb9, 0x88, 0xe5, 0xaf
  .byte 0xb9, 0xe6, 0x95, 0xb4, 0xe4, 0xb8, 0xaa, 0xe7, 0xa4, 0xbe, 0xe5, 0x8c, 0xba, 0xe6, 0x9c, 0x80
  .byte 0xe6, 0x9c, 0x89, 0xe7, 0x9b, 0x8a, 0xef, 0xbc, 0x8c, 0xe8, 0x80, 0x8c, 0xe4, 0xb8, 0x8d, 0xe5
  .byte 0x8f, 0xaa, 0xe6, 0x98, 0xaf, 0xe5, 0xaf, 0xb9, 0xe6, 0x88, 0x91, 0xe4, 0xbb, 0xac, 0xe4, 0xb8
  .byte 0xaa, 0xe4, 0xba, 0xba, 0xe6, 0x9c, 0x89, 0xe5, 0x88, 0xa9, 0x0a, 0x0a, 0xe4, 0xb8, 0x8d, 0xe5
  .byte 0x8f, 0xaf, 0xe6, 0x8e, 0xa5, 0xe5, 0x8f, 0x97, 0xe7, 0x9a, 0x84, 0xe8, 0xa1, 0x8c, 0xe4, 0xb8
  .byte 0xba, 0xe5, 0x8c, 0x85, 0xe6, 0x8b, 0xac, 0xef, 0xbc, 0x9a, 0x0a, 0x0a, 0x2a, 0x20, 0xe4, 0xbd
  .byte 0xbf, 0xe7, 0x94, 0xa8, 0xe5, 0xb8, 0xa6, 0xe6, 0x9c, 0x89, 0xe6, 0x80, 0xa7, 0xe6, 0x9a, 0x97
  .byte 0xe7, 0xa4, 0xba, 0xe7, 0x9a, 0x84, 0xe8, 0xaf, 0xad, 0xe8, 0xa8, 0x80, 0xe6, 0x88, 0x96, 0xe5
  .byte 0x9b, 0xbe, 0xe5, 0x83, 0x8f, 0xef, 0xbc, 0x8c, 0xe4, 0xbb, 0xa5, 0xe5, 0x8f, 0x8a, 0xe4, 0xbb
  .byte 0xbb, 0xe4, 0xbd, 0x95, 0xe5, 0xbd, 0xa2, 0xe5, 0xbc, 0x8f, 0xe7, 0x9a, 0x84, 0xe6, 0x80, 0xa7
  .byte 0xe5, 0x85, 0xb3, 0xe6, 0xb3, 0xa8, 0xe6, 0x88, 0x96, 0xe6, 0x80, 0xa7, 0xe6, 0x8c, 0x91, 0xe9
  .byte 0x80, 0x97, 0x0a, 0x2a, 0x20, 0xe6, 0x8c, 0x91, 0xe8, 0xa1, 0x85, 0xe3, 0x80, 0x81, 0xe4, 0xbe
  .byte 0xae, 0xe8, 0xbe, 0xb1, 0xe6, 0x80, 0xa7, 0xe6, 0x88, 0x96, 0xe8, 0xb4, 0xac, 0xe6, 0x8d, 0x9f
  .byte 0xe6, 0x80, 0xa7, 0xe8, 0xaf, 0x84, 0xe8, 0xae, 0xba, 0xef, 0xbc, 0x8c, 0xe4, 0xbb, 0xa5, 0xe5
  .byte 0x8f, 0x8a, 0xe4, 0xba, 0xba, 0xe8, 0xba, 0xab, 0xe6, 0x88, 0x96, 0xe6, 0x94, 0xbf, 0xe6, 0xb2
  .byte 0xbb, 0xe6, 0x94, 0xbb, 0xe5, 0x87, 0xbb, 0x0a, 0x2a, 0x20, 0xe5, 0x85, 0xac, 0xe5, 0xbc, 0x80
  .byte 0xe6, 0x88, 0x96, 0xe7, 0xa7, 0x81, 0xe4, 0xb8, 0x8b, 0xe9, 0xaa, 0x9a, 0xe6, 0x89, 0xb0, 0x0a
  .byte 0x2a, 0x20, 0xe6, 0x9c, 0xaa, 0xe7, 0xbb, 0x8f, 0xe6, 0x98, 0x8e, 0xe7, 0xa1, 0xae, 0xe8, 0xae
  .byte 0xb8, 0xe5, 0x8f, 0xaf, 0xef, 0xbc, 0x8c, 0xe5, 0x8f, 0x91, 0xe5, 0xb8, 0x83, 0xe4, 0xbb, 0x96
  .byte 0xe4, 0xba, 0xba, 0xe7, 0x9a, 0x84, 0xe7, 0xa7, 0x81, 0xe4, 0xba, 0xba, 0xe4, 0xbf, 0xa1, 0xe6
  .byte 0x81, 0xaf, 0xef, 0xbc, 0x8c, 0xe4, 0xbe, 0x8b, 0xe5, 0xa6, 0x82, 0xe4, 0xbd, 0x8f, 0xe5, 0x9d
  .byte 0x80, 0xe6, 0x88, 0x96, 0xe7, 0x94, 0xb5, 0xe5, 0xad, 0x90, 0xe9, 0x82, 0xae, 0xe7, 0xae, 0xb1
  .byte 0xe5, 0x9c, 0xb0, 0xe5, 0x9d, 0x80, 0x0a, 0x2a, 0x20, 0xe5, 0x85, 0xb6, 0xe4, 0xbb, 0x96, 0xe5
  .byte 0x9c, 0xa8, 0xe4, 0xb8, 0x93, 0xe4, 0xb8, 0x9a, 0xe5, 0x9c, 0xba, 0xe5, 0x90, 0x88, 0xe4, 0xb8
  .byte 0xad, 0xe5, 0x8f, 0xaf, 0xe8, 0xa2, 0xab, 0xe5, 0x90, 0x88, 0xe7, 0x90, 0x86, 0xe8, 0xae, 0xa4
  .byte 0xe4, 0xb8, 0xba, 0xe4, 0xb8, 0x8d, 0xe6, 0x81, 0xb0, 0xe5, 0xbd, 0x93, 0xe7, 0x9a, 0x84, 0xe8
  .byte 0xa1, 0x8c, 0xe4, 0xb8, 0xba, 0x0a, 0x0a, 0x23, 0x23, 0x20, 0xe6, 0x89, 0xa7, 0xe8, 0xa1, 0x8c
  .byte 0xe8, 0xb4, 0xa3, 0xe4, 0xbb, 0xbb, 0x0a, 0x0a, 0xe7, 0xa4, 0xbe, 0xe5, 0x8c, 0xba, 0xe9, 0xa2
  .byte 0x86, 0xe5, 0xaf, 0xbc, 0xe8, 0x80, 0x85, 0xe6, 0x9c, 0x89, 0xe8, 0xb4, 0xa3, 0xe4, 0xbb, 0xbb
  .byte 0xe8, 0xaf, 0xb4, 0xe6, 0x98, 0x8e, 0xe5, 0xb9, 0xb6, 0xe6, 0x89, 0xa7, 0xe8, 0xa1, 0x8c, 0xe6
  .byte 0x88, 0x91, 0xe4, 0xbb, 0xac, 0xe5, 0x85, 0xb3, 0xe4, 0xba, 0x8e, 0xe5, 0x8f, 0xaf, 0xe6, 0x8e
  .byte 0xa5, 0xe5, 0x8f, 0x97, 0xe8, 0xa1, 0x8c, 0xe4, 0xb8, 0xba, 0xe7, 0x9a, 0x84, 0xe6, 0xa0, 0x87
  .byte 0xe5, 0x87, 0x86, 0xef, 0xbc, 0x8c, 0xe5, 0xb9, 0xb6, 0xe5, 0xb0, 0x86, 0xe5, 0xaf, 0xb9, 0xe4
  .byte 0xbb, 0xbb, 0xe4, 0xbd, 0x95, 0xe4, 0xbb, 0x96, 0xe4, 0xbb, 0xac, 0xe8, 0xae, 0xa4, 0xe5, 0xae
  .byte 0x9a, 0xe4, 0xb8, 0xba, 0xe4, 0xb8, 0x8d, 0xe5, 0xbd, 0x93, 0xe3, 0x80, 0x81, 0xe5, 0x85, 0xb7
  .byte 0xe6, 0x9c, 0x89, 0xe5, 0xa8, 0x81, 0xe8, 0x83, 0x81, 0xe6, 0x80, 0xa7, 0xe3, 0x80, 0x81, 0xe5
  .byte 0x86, 0x92, 0xe7, 0x8a, 0xaf, 0xe6, 0x80, 0xa7, 0xe6, 0x88, 0x96, 0xe6, 0x9c, 0x89, 0xe5, 0xae
  .byte 0xb3, 0xe7, 0x9a, 0x84, 0xe8, 0xa1, 0x8c, 0xe4, 0xb8, 0xba, 0xe9, 0x87, 0x87, 0xe5, 0x8f, 0x96
  .byte 0xe9, 0x80, 0x82, 0xe5, 0xbd, 0x93, 0xe4, 0xb8, 0x94, 0xe5, 0x85, 0xac, 0xe6, 0xad, 0xa3, 0xe7
  .byte 0x9a, 0x84, 0xe7, 0xba, 0xa0, 0xe6, 0xad, 0xa3, 0xe6, 0x8e, 0xaa, 0xe6, 0x96, 0xbd, 0xe3, 0x80
  .byte 0x82, 0x0a, 0x0a, 0xe7, 0xa4, 0xbe, 0xe5, 0x8c, 0xba, 0xe9, 0xa2, 0x86, 0xe5, 0xaf, 0xbc, 0xe8
  .byte 0x80, 0x85, 0xe6, 0x9c, 0x89, 0xe6, 0x9d, 0x83, 0xe5, 0x88, 0xa9, 0xe4, 0xb9, 0x9f, 0xe6, 0x9c
  .byte 0x89, 0xe8, 0xb4, 0xa3, 0xe4, 0xbb, 0xbb, 0xe5, 0x88, 0xa0, 0xe9, 0x99, 0xa4, 0xe3, 0x80, 0x81
  .byte 0xe7, 0xbc, 0x96, 0xe8, 0xbe, 0x91, 0xe6, 0x88, 0x96, 0xe6, 0x8b, 0x92, 0xe7, 0xbb, 0x9d, 0xe4
  .byte 0xb8, 0x8e, 0xe6, 0x9c, 0xac, 0xe8, 0xa1, 0x8c, 0xe4, 0xb8, 0xba, 0xe5, 0x87, 0x86, 0xe5, 0x88
  .byte 0x99, 0xe4, 0xb8, 0x8d, 0xe4, 0xb8, 0x80, 0xe8, 0x87, 0xb4, 0xe7, 0x9a, 0x84, 0xe8, 0xaf, 0x84
  .byte 0xe8, 0xae, 0xba, 0xe3, 0x80, 0x81, 0xe6, 0x8f, 0x90, 0xe4, 0xba, 0xa4, 0xe3, 0x80, 0x81, 0xe4
  .byte 0xbb, 0xa3, 0xe7, 0xa0, 0x81, 0xe3, 0x80, 0x81, 0x77, 0x69, 0x6b, 0x69, 0x20, 0xe7, 0xbc, 0x96
  .byte 0xe8, 0xbe, 0x91, 0xe3, 0x80, 0x81, 0xe8, 0xae, 0xae, 0xe9, 0xa2, 0x98, 0xe5, 0x8f, 0x8a, 0xe5
  .byte 0x85, 0xb6, 0xe4, 0xbb, 0x96, 0xe8, 0xb4, 0xa1, 0xe7, 0x8c, 0xae, 0xef, 0xbc, 0x8c, 0xe5, 0xb9
  .byte 0xb6, 0xe4, 0xbc, 0x9a, 0xe5, 0x9c, 0xa8, 0xe9, 0x80, 0x82, 0xe5, 0xbd, 0x93, 0xe6, 0x83, 0x85
  .byte 0xe5, 0x86, 0xb5, 0xe4, 0xb8, 0x8b, 0xe8, 0xaf, 0xb4, 0xe6, 0x98, 0x8e, 0xe7, 0xae, 0xa1, 0xe7
  .byte 0x90, 0x86, 0xe5, 0x86, 0xb3, 0xe5, 0xae, 0x9a, 0xe7, 0x9a, 0x84, 0xe5, 0x8e, 0x9f, 0xe5, 0x9b
  .byte 0xa0, 0xe3, 0x80, 0x82, 0x0a, 0x0a, 0x23, 0x23, 0x20, 0xe9, 0x80, 0x82, 0xe7, 0x94, 0xa8, 0xe8
  .byte 0x8c, 0x83, 0xe5, 0x9b, 0xb4, 0x0a, 0x0a, 0xe6, 0x9c, 0xac, 0xe8, 0xa1, 0x8c, 0xe4, 0xb8, 0xba
  .byte 0xe5, 0x87, 0x86, 0xe5, 0x88, 0x99, 0xe9, 0x80, 0x82, 0xe7, 0x94, 0xa8, 0xe4, 0xba, 0x8e, 0xe6
  .byte 0x89, 0x80, 0xe6, 0x9c, 0x89, 0xe7, 0xa4, 0xbe, 0xe5, 0x8c, 0xba, 0xe7, 0xa9, 0xba, 0xe9, 0x97
  .byte 0xb4, 0xef, 0xbc, 0x8c, 0xe4, 0xb9, 0x9f, 0xe9, 0x80, 0x82, 0xe7, 0x94, 0xa8, 0xe4, 0xba, 0x8e
  .byte 0xe4, 0xb8, 0xaa, 0xe4, 0xba, 0xba, 0xe5, 0x9c, 0xa8, 0xe5, 0x85, 0xac, 0xe5, 0x85, 0xb1, 0xe5
  .byte 0x9c, 0xba, 0xe5, 0x90, 0x88, 0xe6, 0xad, 0xa3, 0xe5, 0xbc, 0x8f, 0xe4, 0xbb, 0xa3, 0xe8, 0xa1
  .byte 0xa8, 0xe7, 0xa4, 0xbe, 0xe5, 0x8c, 0xba, 0xe6, 0x97, 0xb6, 0xe7, 0x9a, 0x84, 0xe8, 0xa1, 0x8c
  .byte 0xe4, 0xb8, 0xba, 0xe3, 0x80, 0x82, 0x0a, 0xe4, 0xbb, 0xa3, 0xe8, 0xa1, 0xa8, 0xe7, 0xa4, 0xbe
  .byte 0xe5, 0x8c, 0xba, 0xe7, 0x9a, 0x84, 0xe4, 0xbe, 0x8b, 0xe5, 0xad, 0x90, 0xe5, 0x8c, 0x85, 0xe6
  .byte 0x8b, 0xac, 0xef, 0xbc, 0x9a, 0xe4, 0xbd, 0xbf, 0xe7, 0x94, 0xa8, 0xe5, 0xae, 0x98, 0xe6, 0x96
  .byte 0xb9, 0xe7, 0x94, 0xb5, 0xe5, 0xad, 0x90, 0xe9, 0x82, 0xae, 0xe7, 0xae, 0xb1, 0xe5, 0x9c, 0xb0
  .byte 0xe5, 0x9d, 0x80, 0xe3, 0x80, 0x81, 0xe9, 0x80, 0x9a, 0xe8, 0xbf, 0x87, 0xe5, 0xae, 0x98, 0xe6
  .byte 0x96, 0xb9, 0xe7, 0xa4, 0xbe, 0xe4, 0xba, 0xa4, 0xe5, 0xaa, 0x92, 0xe4, 0xbd, 0x93, 0xe8, 0xb4
  .byte 0xa6, 0xe5, 0x8f, 0xb7, 0xe5, 0x8f, 0x91, 0xe5, 0xb8, 0x83, 0xe5, 0x86, 0x85, 0xe5, 0xae, 0xb9
  .byte 0xef, 0xbc, 0x8c, 0xe6, 0x88, 0x96, 0xe5, 0x9c, 0xa8, 0xe7, 0xbd, 0x91, 0xe7, 0xbb, 0x9c, 0xe6
  .byte 0x88, 0x96, 0xe7, 0xba, 0xbf, 0xe4, 0xb8, 0x8b, 0xe6, 0xb4, 0xbb, 0xe5, 0x8a, 0xa8, 0xe4, 0xb8
  .byte 0xad, 0xe6, 0x8b, 0x85, 0xe4, 0xbb, 0xbb, 0xe6, 0x8c, 0x87, 0xe5, 0xae, 0x9a, 0xe4, 0xbb, 0xa3
  .byte 0xe8, 0xa1, 0xa8, 0xe3, 0x80, 0x82, 0x0a, 0x0a, 0x23, 0x23, 0x20, 0xe6, 0x89, 0xa7, 0xe8, 0xa1
  .byte 0x8c, 0x0a, 0x0a, 0xe8, 0xbe, 0xb1, 0xe9, 0xaa, 0x82, 0xe3, 0x80, 0x81, 0xe9, 0xaa, 0x9a, 0xe6
  .byte 0x89, 0xb0, 0xe6, 0x88, 0x96, 0xe5, 0x85, 0xb6, 0xe4, 0xbb, 0x96, 0xe4, 0xb8, 0x8d, 0xe5, 0x8f
  .byte 0xaf, 0xe6, 0x8e, 0xa5, 0xe5, 0x8f, 0x97, 0xe8, 0xa1, 0x8c, 0xe4, 0xb8, 0xba, 0xe7, 0x9a, 0x84
  .byte 0xe4, 0xba, 0x8b, 0xe4, 0xbb, 0xb6, 0xef, 0xbc, 0x8c, 0xe5, 0x8f, 0xaf, 0xe9, 0x80, 0x9a, 0xe8
  .byte 0xbf, 0x87, 0x0a, 0x5b, 0x49, 0x4e, 0x53, 0x45, 0x52, 0x54, 0x20, 0x43, 0x4f, 0x4e, 0x54, 0x41
  .byte 0x43, 0x54, 0x20, 0x4d, 0x45, 0x54, 0x48, 0x4f, 0x44, 0x5d, 0x0a, 0xe5, 0x90, 0x91, 0xe8, 0xb4
  .byte 0x9f, 0xe8, 0xb4, 0xa3, 0xe6, 0x89, 0xa7, 0xe8, 0xa1, 0x8c, 0xe7, 0x9a, 0x84, 0xe7, 0xa4, 0xbe
  .byte 0xe5, 0x8c, 0xba, 0xe9, 0xa2, 0x86, 0xe5, 0xaf, 0xbc, 0xe8, 0x80, 0x85, 0xe6, 0x8a, 0xa5, 0xe5
  .byte 0x91, 0x8a, 0xe3, 0x80, 0x82, 0x0a, 0xe6, 0x89, 0x80, 0xe6, 0x9c, 0x89, 0xe6, 0x8a, 0x95, 0xe8
  .byte 0xaf, 0x89, 0xe9, 0x83, 0xbd, 0xe4, 0xbc, 0x9a, 0xe8, 0xa2, 0xab, 0xe5, 0x8f, 0x8a, 0xe6, 0x97
  .byte 0xb6, 0xe4, 0xb8, 0x94, 0xe5, 0x85, 0xac, 0xe6, 0xad, 0xa3, 0xe5, 0x9c, 0xb0, 0xe5, 0xae, 0xa1
  .byte 0xe6, 0x9f, 0xa5, 0xe5, 0x92, 0x8c, 0xe8, 0xb0, 0x83, 0xe6, 0x9f, 0xa5, 0xe3, 0x80, 0x82, 0x0a
  .byte 0x0a, 0xe6, 0x89, 0x80, 0xe6, 0x9c, 0x89, 0xe7, 0xa4, 0xbe, 0xe5, 0x8c, 0xba, 0xe9, 0xa2, 0x86
  .byte 0xe5, 0xaf, 0xbc, 0xe8, 0x80, 0x85, 0xe9, 0x83, 0xbd, 0xe6, 0x9c, 0x89, 0xe4, 0xb9, 0x89, 0xe5
  .byte 0x8a, 0xa1, 0xe5, 0xb0, 0x8a, 0xe9, 0x87, 0x8d, 0xe4, 0xba, 0x8b, 0xe4, 0xbb, 0xb6, 0xe4, 0xb8
  .byte 0xbe, 0xe6, 0x8a, 0xa5, 0xe4, 0xba, 0xba, 0xe7, 0x9a, 0x84, 0xe9, 0x9a, 0x90, 0xe7, 0xa7, 0x81
  .byte 0xe4, 0xb8, 0x8e, 0xe5, 0xae, 0x89, 0xe5, 0x85, 0xa8, 0xe3, 0x80, 0x82, 0x0a, 0x0a, 0x23, 0x23
  .byte 0x20, 0xe6, 0x89, 0xa7, 0xe8, 0xa1, 0x8c, 0xe6, 0x8c, 0x87, 0xe5, 0x8d, 0x97, 0x0a, 0x0a, 0xe7
  .byte 0xa4, 0xbe, 0xe5, 0x8c, 0xba, 0xe9, 0xa2, 0x86, 0xe5, 0xaf, 0xbc, 0xe8, 0x80, 0x85, 0xe5, 0xb0
  .byte 0x86, 0xe5, 0x9c, 0xa8, 0xe5, 0x88, 0xa4, 0xe6, 0x96, 0xad, 0xe8, 0xbf, 0x9d, 0xe5, 0x8f, 0x8d
  .byte 0xe6, 0x9c, 0xac, 0xe8, 0xa1, 0x8c, 0xe4, 0xb8, 0xba, 0xe5, 0x87, 0x86, 0xe5, 0x88, 0x99, 0xe7
  .byte 0x9a, 0x84, 0xe5, 0x90, 0x8e, 0xe6, 0x9e, 0x9c, 0xe6, 0x97, 0xb6, 0xef, 0xbc, 0x8c, 0xe5, 0x8f
  .byte 0x82, 0xe8, 0x80, 0x83, 0xe4, 0xbb, 0xa5, 0xe4, 0xb8, 0x8b, 0xe7, 0xa4, 0xbe, 0xe5, 0x8c, 0xba
  .byte 0xe5, 0xbd, 0xb1, 0xe5, 0x93, 0x8d, 0xe6, 0x8c, 0x87, 0xe5, 0x8d, 0x97, 0xef, 0xbc, 0x9a, 0x0a
  .byte 0x0a, 0x23, 0x23, 0x23, 0x20, 0x31, 0x2e, 0x20, 0xe7, 0xba, 0xa0, 0xe6, 0xad, 0xa3, 0x0a, 0x0a
  .byte 0x3c, 0x73, 0x74, 0x72, 0x6f, 0x6e, 0x67, 0x3e, 0xe7, 0xa4, 0xbe, 0xe5, 0x8c, 0xba, 0xe5, 0xbd
  .byte 0xb1, 0xe5, 0x93, 0x8d, 0x3c, 0x2f, 0x73, 0x74, 0x72, 0x6f, 0x6e, 0x67, 0x3e, 0xef, 0xbc, 0x9a
  .byte 0xe5, 0x9c, 0xa8, 0xe7, 0xa4, 0xbe, 0xe5, 0x8c, 0xba, 0xe4, 0xb8, 0xad, 0xe4, 0xbd, 0xbf, 0xe7
  .byte 0x94, 0xa8, 0xe4, 0xb8, 0x8d, 0xe5, 0xbd, 0x93, 0xe8, 0xaf, 0xad, 0xe8, 0xa8, 0x80, 0xef, 0xbc
  .byte 0x8c, 0xe6, 0x88, 0x96, 0xe5, 0x85, 0xb6, 0xe4, 0xbb, 0x96, 0xe8, 0xa2, 0xab, 0xe8, 0xae, 0xa4
  .byte 0xe4, 0xb8, 0xba, 0xe4, 0xb8, 0x8d, 0xe4, 0xb8, 0x93, 0xe4, 0xb8, 0x9a, 0xe6, 0x88, 0x96, 0xe4
  .byte 0xb8, 0x8d, 0xe5, 0x8f, 0x97, 0xe6, 0xac, 0xa2, 0xe8, 0xbf, 0x8e, 0xe7, 0x9a, 0x84, 0xe8, 0xa1
  .byte 0x8c, 0xe4, 0xb8, 0xba, 0xe3, 0x80, 0x82, 0x0a, 0x0a, 0x3c, 0x73, 0x74, 0x72, 0x6f, 0x6e, 0x67
  .byte 0x3e, 0xe5, 0x90, 0x8e, 0xe6, 0x9e, 0x9c, 0x3c, 0x2f, 0x73, 0x74, 0x72, 0x6f, 0x6e, 0x67, 0x3e
  .byte 0xef, 0xbc, 0x9a, 0xe7, 0xa4, 0xbe, 0xe5, 0x8c, 0xba, 0xe9, 0xa2, 0x86, 0xe5, 0xaf, 0xbc, 0xe8
  .byte 0x80, 0x85, 0xe5, 0xb0, 0x86, 0xe4, 0xbb, 0xa5, 0xe7, 0xa7, 0x81, 0xe4, 0xb8, 0x8b, 0xe4, 0xb9
  .byte 0xa6, 0xe9, 0x9d, 0xa2, 0xe8, 0xad, 0xa6, 0xe5, 0x91, 0x8a, 0xe7, 0x9a, 0x84, 0xe5, 0xbd, 0xa2
  .byte 0xe5, 0xbc, 0x8f, 0xef, 0xbc, 0x8c, 0xe6, 0x98, 0x8e, 0xe7, 0xa1, 0xae, 0xe8, 0xaf, 0xb4, 0xe6
  .byte 0x98, 0x8e, 0xe8, 0xbf, 0x9d, 0xe8, 0xa7, 0x84, 0xe6, 0x80, 0xa7, 0xe8, 0xb4, 0xa8, 0xef, 0xbc
  .byte 0x8c, 0xe5, 0xb9, 0xb6, 0xe8, 0xa7, 0xa3, 0xe9, 0x87, 0x8a, 0xe4, 0xb8, 0xba, 0xe4, 0xbd, 0x95
  .byte 0xe8, 0xaf, 0xa5, 0xe8, 0xa1, 0x8c, 0xe4, 0xb8, 0xba, 0xe4, 0xb8, 0x8d, 0xe5, 0xbd, 0x93, 0xe3
  .byte 0x80, 0x82, 0xe4, 0xb9, 0x9f, 0xe5, 0x8f, 0xaf, 0xe8, 0x83, 0xbd, 0xe8, 0xa6, 0x81, 0xe6, 0xb1
  .byte 0x82, 0xe5, 0x85, 0xac, 0xe5, 0xbc, 0x80, 0xe9, 0x81, 0x93, 0xe6, 0xad, 0x89, 0xe3, 0x80, 0x82
  .byte 0x0a, 0x0a, 0x23, 0x23, 0x23, 0x20, 0x32, 0x2e, 0x20, 0xe8, 0xad, 0xa6, 0xe5, 0x91, 0x8a, 0x0a
  .byte 0x0a, 0x3c, 0x73, 0x74, 0x72, 0x6f, 0x6e, 0x67, 0x3e, 0xe7, 0xa4, 0xbe, 0xe5, 0x8c, 0xba, 0xe5
  .byte 0xbd, 0xb1, 0xe5, 0x93, 0x8d, 0x3c, 0x2f, 0x73, 0x74, 0x72, 0x6f, 0x6e, 0x67, 0x3e, 0xef, 0xbc
  .byte 0x9a, 0xe5, 0x8d, 0x95, 0xe6, 0xac, 0xa1, 0xe4, 0xba, 0x8b, 0xe4, 0xbb, 0xb6, 0xe6, 0x88, 0x96
  .byte 0xe4, 0xb8, 0x80, 0xe7, 0xb3, 0xbb, 0xe5, 0x88, 0x97, 0xe8, 0xa1, 0x8c, 0xe4, 0xb8, 0xba, 0xe6
  .byte 0x9e, 0x84, 0xe6, 0x88, 0x90, 0xe7, 0x9a, 0x84, 0xe8, 0xbf, 0x9d, 0xe8, 0xa7, 0x84, 0xe3, 0x80
  .byte 0x82, 0x0a, 0x0a, 0x3c, 0x73, 0x74, 0x72, 0x6f, 0x6e, 0x67, 0x3e, 0xe5, 0x90, 0x8e, 0xe6, 0x9e
  .byte 0x9c, 0x3c, 0x2f, 0x73, 0x74, 0x72, 0x6f, 0x6e, 0x67, 0x3e, 0xef, 0xbc, 0x9a, 0xe5, 0x8f, 0x91
  .byte 0xe5, 0x87, 0xba, 0xe8, 0xad, 0xa6, 0xe5, 0x91, 0x8a, 0xef, 0xbc, 0x8c, 0xe5, 0xb9, 0xb6, 0xe8
  .byte 0xaf, 0xb4, 0xe6, 0x98, 0x8e, 0xe8, 0x8b, 0xa5, 0xe6, 0x8c, 0x81, 0xe7, 0xbb, 0xad, 0xe8, 0xaf
  .byte 0xa5, 0xe8, 0xa1, 0x8c, 0xe4, 0xb8, 0xba, 0xe5, 0xb0, 0x86, 0xe9, 0x9d, 0xa2, 0xe4, 0xb8, 0xb4
  .byte 0xe7, 0x9a, 0x84, 0xe5, 0x90, 0x8e, 0xe6, 0x9e, 0x9c, 0xe3, 0x80, 0x82, 0xe5, 0x9c, 0xa8, 0xe8
  .byte 0xa7, 0x84, 0xe5, 0xae, 0x9a, 0xe6, 0x97, 0xb6, 0xe9, 0x97, 0xb4, 0xe5, 0x86, 0x85, 0xef, 0xbc
  .byte 0x8c, 0xe4, 0xb8, 0x8d, 0xe5, 0xbe, 0x97, 0xe4, 0xb8, 0x8e, 0xe7, 0x9b, 0xb8, 0xe5, 0x85, 0xb3
  .byte 0xe4, 0xba, 0xba, 0xe5, 0x91, 0x98, 0xe5, 0x8f, 0x91, 0xe7, 0x94, 0x9f, 0xe4, 0xbb, 0xbb, 0xe4
  .byte 0xbd, 0x95, 0xe4, 0xba, 0x92, 0xe5, 0x8a, 0xa8, 0xef, 0xbc, 0x8c, 0xe5, 0x8c, 0x85, 0xe6, 0x8b
  .byte 0xac, 0xe4, 0xb8, 0xbb, 0xe5, 0x8a, 0xa8, 0xe4, 0xb8, 0x8e, 0xe6, 0x89, 0xa7, 0xe8, 0xa1, 0x8c
  .byte 0xe6, 0x9c, 0xac, 0xe8, 0xa1, 0x8c, 0xe4, 0xb8, 0xba, 0xe5, 0x87, 0x86, 0xe5, 0x88, 0x99, 0xe7
  .byte 0x9a, 0x84, 0xe4, 0xba, 0xba, 0xe6, 0x8e, 0xa5, 0xe8, 0xa7, 0xa6, 0xe3, 0x80, 0x82, 0xe8, 0xbf
  .byte 0x99, 0xe4, 0xb9, 0x9f, 0xe5, 0x8c, 0x85, 0xe6, 0x8b, 0xac, 0xe9, 0x81, 0xbf, 0xe5, 0x85, 0x8d
  .byte 0xe5, 0x9c, 0xa8, 0xe7, 0xa4, 0xbe, 0xe5, 0x8c, 0xba, 0xe7, 0xa9, 0xba, 0xe9, 0x97, 0xb4, 0xe4
  .byte 0xbb, 0xa5, 0xe5, 0x8f, 0x8a, 0xe7, 0xa4, 0xbe, 0xe4, 0xba, 0xa4, 0xe5, 0xaa, 0x92, 0xe4, 0xbd
  .byte 0x93, 0xe7, 0xad, 0x89, 0xe5, 0xa4, 0x96, 0xe9, 0x83, 0xa8, 0xe6, 0xb8, 0xa0, 0xe9, 0x81, 0x93
  .byte 0xe4, 0xb8, 0xad, 0xe7, 0x9a, 0x84, 0xe4, 0xba, 0x92, 0xe5, 0x8a, 0xa8, 0xe3, 0x80, 0x82, 0xe8
  .byte 0xbf, 0x9d, 0xe5, 0x8f, 0x8d, 0xe8, 0xbf, 0x99, 0xe4, 0xba, 0x9b, 0xe8, 0xa6, 0x81, 0xe6, 0xb1
  .byte 0x82, 0xe5, 0x8f, 0xaf, 0xe8, 0x83, 0xbd, 0xe5, 0xaf, 0xbc, 0xe8, 0x87, 0xb4, 0xe4, 0xb8, 0xb4
  .byte 0xe6, 0x97, 0xb6, 0xe6, 0x88, 0x96, 0xe6, 0xb0, 0xb8, 0xe4, 0xb9, 0x85, 0xe5, 0xb0, 0x81, 0xe7
  .byte 0xa6, 0x81, 0xe3, 0x80, 0x82, 0x0a, 0x0a, 0x23, 0x23, 0x23, 0x20, 0x33, 0x2e, 0x20, 0xe4, 0xb8
  .byte 0xb4, 0xe6, 0x97, 0xb6, 0xe5, 0xb0, 0x81, 0xe7, 0xa6, 0x81, 0x0a, 0x0a, 0x3c, 0x73, 0x74, 0x72
  .byte 0x6f, 0x6e, 0x67, 0x3e, 0xe7, 0xa4, 0xbe, 0xe5, 0x8c, 0xba, 0xe5, 0xbd, 0xb1, 0xe5, 0x93, 0x8d
  .byte 0x3c, 0x2f, 0x73, 0x74, 0x72, 0x6f, 0x6e, 0x67, 0x3e, 0xef, 0xbc, 0x9a, 0xe4, 0xb8, 0xa5, 0xe9
  .byte 0x87, 0x8d, 0xe8, 0xbf, 0x9d, 0xe5, 0x8f, 0x8d, 0xe7, 0xa4, 0xbe, 0xe5, 0x8c, 0xba, 0xe5, 0x87
  .byte 0x86, 0xe5, 0x88, 0x99, 0xef, 0xbc, 0x8c, 0xe5, 0x8c, 0x85, 0xe6, 0x8b, 0xac, 0xe6, 0x8c, 0x81
  .byte 0xe7, 0xbb, 0xad, 0xe7, 0x9a, 0x84, 0xe4, 0xb8, 0x8d, 0xe5, 0xbd, 0x93, 0xe8, 0xa1, 0x8c, 0xe4
  .byte 0xb8, 0xba, 0xe3, 0x80, 0x82, 0x0a, 0x0a, 0x3c, 0x73, 0x74, 0x72, 0x6f, 0x6e, 0x67, 0x3e, 0xe5
  .byte 0x90, 0x8e, 0xe6, 0x9e, 0x9c, 0x3c, 0x2f, 0x73, 0x74, 0x72, 0x6f, 0x6e, 0x67, 0x3e, 0xef, 0xbc
  .byte 0x9a, 0xe5, 0x9c, 0xa8, 0xe8, 0xa7, 0x84, 0xe5, 0xae, 0x9a, 0xe6, 0x97, 0xb6, 0xe9, 0x97, 0xb4
  .byte 0xe5, 0x86, 0x85, 0xef, 0xbc, 0x8c, 0xe6, 0x9a, 0x82, 0xe6, 0x97, 0xb6, 0xe7, 0xa6, 0x81, 0xe6
  .byte 0xad, 0xa2, 0xe4, 0xb8, 0x8e, 0xe7, 0xa4, 0xbe, 0xe5, 0x8c, 0xba, 0xe8, 0xbf, 0x9b, 0xe8, 0xa1
  .byte 0x8c, 0xe4, 0xbb, 0xbb, 0xe4, 0xbd, 0x95, 0xe5, 0xbd, 0xa2, 0xe5, 0xbc, 0x8f, 0xe7, 0x9a, 0x84
  .byte 0xe4, 0xba, 0x92, 0xe5, 0x8a, 0xa8, 0xe6, 0x88, 0x96, 0xe5, 0x85, 0xac, 0xe5, 0xbc, 0x80, 0xe4
  .byte 0xba, 0xa4, 0xe6, 0xb5, 0x81, 0xe3, 0x80, 0x82, 0xe5, 0x9c, 0xa8, 0xe6, 0xad, 0xa4, 0xe6, 0x9c
  .byte 0x9f, 0xe9, 0x97, 0xb4, 0xef, 0xbc, 0x8c, 0xe4, 0xb8, 0x8d, 0xe5, 0xbe, 0x97, 0xe4, 0xb8, 0x8e
  .byte 0xe7, 0x9b, 0xb8, 0xe5, 0x85, 0xb3, 0xe4, 0xba, 0xba, 0xe5, 0x91, 0x98, 0xe8, 0xbf, 0x9b, 0xe8
  .byte 0xa1, 0x8c, 0xe4, 0xbb, 0xbb, 0xe4, 0xbd, 0x95, 0xe5, 0x85, 0xac, 0xe5, 0xbc, 0x80, 0xe6, 0x88
  .byte 0x96, 0xe7, 0xa7, 0x81, 0xe4, 0xb8, 0x8b, 0xe4, 0xba, 0x92, 0xe5, 0x8a, 0xa8, 0xef, 0xbc, 0x8c
  .byte 0xe5, 0x8c, 0x85, 0xe6, 0x8b, 0xac, 0xe4, 0xb8, 0xbb, 0xe5, 0x8a, 0xa8, 0xe4, 0xb8, 0x8e, 0xe6
  .byte 0x89, 0xa7, 0xe8, 0xa1, 0x8c, 0xe6, 0x9c, 0xac, 0xe8, 0xa1, 0x8c, 0xe4, 0xb8, 0xba, 0xe5, 0x87
  .byte 0x86, 0xe5, 0x88, 0x99, 0xe7, 0x9a, 0x84, 0xe4, 0xba, 0xba, 0xe6, 0x8e, 0xa5, 0xe8, 0xa7, 0xa6
  .byte 0xe3, 0x80, 0x82, 0xe8, 0xbf, 0x9d, 0xe5, 0x8f, 0x8d, 0xe8, 0xbf, 0x99, 0xe4, 0xba, 0x9b, 0xe8
  .byte 0xa6, 0x81, 0xe6, 0xb1, 0x82, 0xe5, 0x8f, 0xaf, 0xe8, 0x83, 0xbd, 0xe5, 0xaf, 0xbc, 0xe8, 0x87
  .byte 0xb4, 0xe6, 0xb0, 0xb8, 0xe4, 0xb9, 0x85, 0xe5, 0xb0, 0x81, 0xe7, 0xa6, 0x81, 0xe3, 0x80, 0x82
  .byte 0x0a, 0x0a, 0x23, 0x23, 0x23, 0x20, 0x34, 0x2e, 0x20, 0xe6, 0xb0, 0xb8, 0xe4, 0xb9, 0x85, 0xe5
  .byte 0xb0, 0x81, 0xe7, 0xa6, 0x81, 0x0a, 0x0a, 0x3c, 0x73, 0x74, 0x72, 0x6f, 0x6e, 0x67, 0x3e, 0xe7
  .byte 0xa4, 0xbe, 0xe5, 0x8c, 0xba, 0xe5, 0xbd, 0xb1, 0xe5, 0x93, 0x8d, 0x3c, 0x2f, 0x73, 0x74, 0x72
  .byte 0x6f, 0x6e, 0x67, 0x3e, 0xef, 0xbc, 0x9a, 0xe8, 0xa1, 0xa8, 0xe7, 0x8e, 0xb0, 0xe5, 0x87, 0xba
  .byte 0xe6, 0x8c, 0x81, 0xe7, 0xbb, 0xad, 0xe8, 0xbf, 0x9d, 0xe5, 0x8f, 0x8d, 0xe7, 0xa4, 0xbe, 0xe5
  .byte 0x8c, 0xba, 0xe5, 0x87, 0x86, 0xe5, 0x88, 0x99, 0xe7, 0x9a, 0x84, 0xe6, 0xa8, 0xa1, 0xe5, 0xbc
  .byte 0x8f, 0xef, 0xbc, 0x8c, 0xe5, 0x8c, 0x85, 0xe6, 0x8b, 0xac, 0xe6, 0x8c, 0x81, 0xe7, 0xbb, 0xad
  .byte 0xe7, 0x9a, 0x84, 0xe4, 0xb8, 0x8d, 0xe5, 0xbd, 0x93, 0xe8, 0xa1, 0x8c, 0xe4, 0xb8, 0xba, 0xe3
  .byte 0x80, 0x81, 0xe5, 0xaf, 0xb9, 0xe4, 0xb8, 0xaa, 0xe4, 0xba, 0xba, 0xe7, 0x9a, 0x84, 0xe9, 0xaa
  .byte 0x9a, 0xe6, 0x89, 0xb0, 0xef, 0xbc, 0x8c, 0xe6, 0x88, 0x96, 0xe5, 0xaf, 0xb9, 0xe7, 0x89, 0xb9
  .byte 0xe5, 0xae, 0x9a, 0xe7, 0xbe, 0xa4, 0xe4, 0xbd, 0x93, 0xe8, 0xa1, 0xa8, 0xe7, 0x8e, 0xb0, 0xe5
  .byte 0x87, 0xba, 0xe6, 0x94, 0xbb, 0xe5, 0x87, 0xbb, 0xe6, 0x80, 0xa7, 0xe6, 0x88, 0x96, 0xe8, 0xb4
  .byte 0xac, 0xe4, 0xbd, 0x8e, 0xe8, 0xa1, 0x8c, 0xe4, 0xb8, 0xba, 0xe3, 0x80, 0x82, 0x0a, 0x0a, 0x3c
  .byte 0x73, 0x74, 0x72, 0x6f, 0x6e, 0x67, 0x3e, 0xe5, 0x90, 0x8e, 0xe6, 0x9e, 0x9c, 0x3c, 0x2f, 0x73
  .byte 0x74, 0x72, 0x6f, 0x6e, 0x67, 0x3e, 0xef, 0xbc, 0x9a, 0xe6, 0xb0, 0xb8, 0xe4, 0xb9, 0x85, 0xe7
  .byte 0xa6, 0x81, 0xe6, 0xad, 0xa2, 0xe5, 0x9c, 0xa8, 0xe7, 0xa4, 0xbe, 0xe5, 0x8c, 0xba, 0xe5, 0x86
  .byte 0x85, 0xe8, 0xbf, 0x9b, 0xe8, 0xa1, 0x8c, 0xe4, 0xbb, 0xbb, 0xe4, 0xbd, 0x95, 0xe5, 0xbd, 0xa2
  .byte 0xe5, 0xbc, 0x8f, 0xe7, 0x9a, 0x84, 0xe5, 0x85, 0xac, 0xe5, 0xbc, 0x80, 0xe4, 0xba, 0x92, 0xe5
  .byte 0x8a, 0xa8, 0xe3, 0x80, 0x82, 0x0a, 0x0a, 0x23, 0x23, 0x20, 0xe7, 0xbd, 0xb2, 0xe5, 0x90, 0x8d
  .byte 0x0a, 0x0a, 0xe6, 0x9c, 0xac, 0xe8, 0xa1, 0x8c, 0xe4, 0xb8, 0xba, 0xe5, 0x87, 0x86, 0xe5, 0x88
  .byte 0x99, 0xe6, 0x94, 0xb9, 0xe7, 0xbc, 0x96, 0xe8, 0x87, 0xaa, 0x20, 0x5b, 0x43, 0x6f, 0x6e, 0x74
  .byte 0x72, 0x69, 0x62, 0x75, 0x74, 0x6f, 0x72, 0x20, 0x43, 0x6f, 0x76, 0x65, 0x6e, 0x61, 0x6e, 0x74
  .byte 0x5d, 0x5b, 0x68, 0x6f, 0x6d, 0x65, 0x70, 0x61, 0x67, 0x65, 0x5d, 0x20, 0x32, 0x2e, 0x31, 0x20
  .byte 0xe7, 0x89, 0x88, 0xef, 0xbc, 0x8c, 0xe5, 0x8e, 0x9f, 0xe6, 0x96, 0x87, 0xe8, 0xa7, 0x81, 0x0a
  .byte 0x5b, 0x68, 0x74, 0x74, 0x70, 0x73, 0x3a, 0x2f, 0x2f, 0x77, 0x77, 0x77, 0x2e, 0x63, 0x6f, 0x6e
  .byte 0x74, 0x72, 0x69, 0x62, 0x75, 0x74, 0x6f, 0x72, 0x2d, 0x63, 0x6f, 0x76, 0x65, 0x6e, 0x61, 0x6e
  .byte 0x74, 0x2e, 0x6f, 0x72, 0x67, 0x2f, 0x76, 0x65, 0x72, 0x73, 0x69, 0x6f, 0x6e, 0x2f, 0x32, 0x2f
  .byte 0x31, 0x2f, 0x63, 0x6f, 0x64, 0x65, 0x5f, 0x6f, 0x66, 0x5f, 0x63, 0x6f, 0x6e, 0x64, 0x75, 0x63
  .byte 0x74, 0x2e, 0x68, 0x74, 0x6d, 0x6c, 0x5d, 0x5b, 0x76, 0x32, 0x2e, 0x31, 0x5d, 0xe3, 0x80, 0x82
  .byte 0x0a, 0x0a, 0xe7, 0xa4, 0xbe, 0xe5, 0x8c, 0xba, 0xe5, 0xbd, 0xb1, 0xe5, 0x93, 0x8d, 0xe6, 0x8c
  .byte 0x87, 0xe5, 0x8d, 0x97, 0xe7, 0x9a, 0x84, 0xe7, 0x81, 0xb5, 0xe6, 0x84, 0x9f, 0xe6, 0x9d, 0xa5
  .byte 0xe8, 0x87, 0xaa, 0x0a, 0x5b, 0x4d, 0x6f, 0x7a, 0x69, 0x6c, 0x6c, 0x61, 0x27, 0x73, 0x20, 0x63
  .byte 0x6f, 0x64, 0x65, 0x20, 0x6f, 0x66, 0x20, 0x63, 0x6f, 0x6e, 0x64, 0x75, 0x63, 0x74, 0x20, 0x65
  .byte 0x6e, 0x66, 0x6f, 0x72, 0x63, 0x65, 0x6d, 0x65, 0x6e, 0x74, 0x20, 0x6c, 0x61, 0x64, 0x64, 0x65
  .byte 0x72, 0x5d, 0x5b, 0x4d, 0x6f, 0x7a, 0x69, 0x6c, 0x6c, 0x61, 0x20, 0x43, 0x6f, 0x43, 0x5d, 0xe3
  .byte 0x80, 0x82, 0x0a, 0x0a, 0xe5, 0xa6, 0x82, 0xe9, 0x9c, 0x80, 0xe4, 0xba, 0x86, 0xe8, 0xa7, 0xa3
  .byte 0xe5, 0x85, 0xb3, 0xe4, 0xba, 0x8e, 0xe6, 0x9c, 0xac, 0xe8, 0xa1, 0x8c, 0xe4, 0xb8, 0xba, 0xe5
  .byte 0x87, 0x86, 0xe5, 0x88, 0x99, 0xe7, 0x9a, 0x84, 0xe5, 0xb8, 0xb8, 0xe8, 0xa7, 0x81, 0xe9, 0x97
  .byte 0xae, 0xe9, 0xa2, 0x98, 0xef, 0xbc, 0x8c, 0xe8, 0xaf, 0xb7, 0xe5, 0x8f, 0x82, 0xe9, 0x98, 0x85
  .byte 0x0a, 0x5b, 0x68, 0x74, 0x74, 0x70, 0x73, 0x3a, 0x2f, 0x2f, 0x77, 0x77, 0x77, 0x2e, 0x63, 0x6f
  .byte 0x6e, 0x74, 0x72, 0x69, 0x62, 0x75, 0x74, 0x6f, 0x72, 0x2d, 0x63, 0x6f, 0x76, 0x65, 0x6e, 0x61
  .byte 0x6e, 0x74, 0x2e, 0x6f, 0x72, 0x67, 0x2f, 0x66, 0x61, 0x71, 0x5d, 0x5b, 0x46, 0x41, 0x51, 0x5d
  .byte 0xe3, 0x80, 0x82, 0x0a, 0xe5, 0x90, 0x84, 0xe8, 0xaf, 0xad, 0xe8, 0xa8, 0x80, 0xe8, 0xaf, 0x91
  .byte 0xe6, 0x9c, 0xac, 0xe8, 0xa7, 0x81, 0x0a, 0x5b, 0x68, 0x74, 0x74, 0x70, 0x73, 0x3a, 0x2f, 0x2f
  .byte 0x77, 0x77, 0x77, 0x2e, 0x63, 0x6f, 0x6e, 0x74, 0x72, 0x69, 0x62, 0x75, 0x74, 0x6f, 0x72, 0x2d
  .byte 0x63, 0x6f, 0x76, 0x65, 0x6e, 0x61, 0x6e, 0x74, 0x2e, 0x6f, 0x72, 0x67, 0x2f, 0x74, 0x72, 0x61
  .byte 0x6e, 0x73, 0x6c, 0x61, 0x74, 0x69, 0x6f, 0x6e, 0x73, 0x5d, 0x5b, 0x74, 0x72, 0x61, 0x6e, 0x73
  .byte 0x6c, 0x61, 0x74, 0x69, 0x6f, 0x6e, 0x73, 0x5d, 0xe3, 0x80, 0x82, 0x0a, 0x0a, 0x5b, 0x68, 0x6f
  .byte 0x6d, 0x65, 0x70, 0x61, 0x67, 0x65, 0x5d, 0x3a, 0x20, 0x68, 0x74, 0x74, 0x70, 0x73, 0x3a, 0x2f
  .byte 0x2f, 0x77, 0x77, 0x77, 0x2e, 0x63, 0x6f, 0x6e, 0x74, 0x72, 0x69, 0x62, 0x75, 0x74, 0x6f, 0x72
  .byte 0x2d, 0x63, 0x6f, 0x76, 0x65, 0x6e, 0x61, 0x6e, 0x74, 0x2e, 0x6f, 0x72, 0x67, 0x0a, 0x5b, 0x76
  .byte 0x32, 0x2e, 0x31, 0x5d, 0x3a, 0x20, 0x68, 0x74, 0x74, 0x70, 0x73, 0x3a, 0x2f, 0x2f, 0x77, 0x77
  .byte 0x77, 0x2e, 0x63, 0x6f, 0x6e, 0x74, 0x72, 0x69, 0x62, 0x75, 0x74, 0x6f, 0x72, 0x2d, 0x63, 0x6f
  .byte 0x76, 0x65, 0x6e, 0x61, 0x6e, 0x74, 0x2e, 0x6f, 0x72, 0x67, 0x2f, 0x76, 0x65, 0x72, 0x73, 0x69
  .byte 0x6f, 0x6e, 0x2f, 0x32, 0x2f, 0x31, 0x2f, 0x63, 0x6f, 0x64, 0x65, 0x5f, 0x6f, 0x66, 0x5f, 0x63
  .byte 0x6f, 0x6e, 0x64, 0x75, 0x63, 0x74, 0x2e, 0x68, 0x74, 0x6d, 0x6c, 0x0a, 0x5b, 0x4d, 0x6f, 0x7a
  .byte 0x69, 0x6c, 0x6c, 0x61, 0x20, 0x43, 0x6f, 0x43, 0x5d, 0x3a, 0x20, 0x68, 0x74, 0x74, 0x70, 0x73
  .byte 0x3a, 0x2f, 0x2f, 0x67, 0x69, 0x74, 0x68, 0x75, 0x62, 0x2e, 0x63, 0x6f, 0x6d, 0x2f, 0x6d, 0x6f
  .byte 0x7a, 0x69, 0x6c, 0x6c, 0x61, 0x2f, 0x64, 0x69, 0x76, 0x65, 0x72, 0x73, 0x69, 0x74, 0x79, 0x0a
  .byte 0x5b, 0x46, 0x41, 0x51, 0x5d, 0x3a, 0x20, 0x68, 0x74, 0x74, 0x70, 0x73, 0x3a, 0x2f, 0x2f, 0x77
  .byte 0x77, 0x77, 0x2e, 0x63, 0x6f, 0x6e, 0x74, 0x72, 0x69, 0x62, 0x75, 0x74, 0x6f, 0x72, 0x2d, 0x63
  .byte 0x6f, 0x76, 0x65, 0x6e, 0x61, 0x6e, 0x74, 0x2e, 0x6f, 0x72, 0x67, 0x2f, 0x66, 0x61, 0x71, 0x0a
  .byte 0x5b, 0x74, 0x72, 0x61, 0x6e, 0x73, 0x6c, 0x61, 0x74, 0x69, 0x6f, 0x6e, 0x73, 0x5d, 0x3a, 0x20
  .byte 0x68, 0x74, 0x74, 0x70, 0x73, 0x3a, 0x2f, 0x2f, 0x77, 0x77, 0x77, 0x2e, 0x63, 0x6f, 0x6e, 0x74
  .byte 0x72, 0x69, 0x62, 0x75, 0x74, 0x6f, 0x72, 0x2d, 0x63, 0x6f, 0x76, 0x65, 0x6e, 0x61, 0x6e, 0x74
  .byte 0x2e, 0x6f, 0x72, 0x67, 0x2f, 0x74, 0x72, 0x61, 0x6e, 0x73, 0x6c, 0x61, 0x74, 0x69, 0x6f, 0x6e
  .byte 0x73, 0x0a, 0x0a, 0x2d, 0x2d, 0x2d, 0x0a, 0x0a, 0x3c, 0x21, 0x2d, 0x2d, 0x20, 0x43, 0x4f, 0x2d
  .byte 0x4f, 0x50, 0x20, 0x54, 0x52, 0x41, 0x4e, 0x53, 0x4c, 0x41, 0x54, 0x4f, 0x52, 0x20, 0x44, 0x49
  .byte 0x53, 0x43, 0x4c, 0x41, 0x49, 0x4d, 0x45, 0x52, 0x20, 0x53, 0x54, 0x41, 0x52, 0x54, 0x20, 0x2d
  .byte 0x2d, 0x3e, 0x0a, 0x2a, 0x2a, 0xe5, 0x85, 0x8d, 0xe8, 0xb4, 0xa3, 0xe5, 0xa3, 0xb0, 0xe6, 0x98
  .byte 0x8e, 0x2a, 0x2a, 0xef, 0xbc, 0x9a, 0x0a, 0xe6, 0x9c, 0xac, 0xe6, 0x96, 0x87, 0xe6, 0xa1, 0xa3
  .byte 0xe4, 0xbd, 0xbf, 0xe7, 0x94, 0xa8, 0x20, 0x41, 0x49, 0x20, 0xe7, 0xbf, 0xbb, 0xe8, 0xaf, 0x91
  .byte 0xe6, 0x9c, 0x8d, 0xe5, 0x8a, 0xa1, 0x20, 0x5b, 0x43, 0x6f, 0x2d, 0x6f, 0x70, 0x20, 0x54, 0x72
  .byte 0x61, 0x6e, 0x73, 0x6c, 0x61, 0x74, 0x6f, 0x72, 0x5d, 0x28, 0x68, 0x74, 0x74, 0x70, 0x73, 0x3a
  .byte 0x2f, 0x2f, 0x67, 0x69, 0x74, 0x68, 0x75, 0x62, 0x2e, 0x63, 0x6f, 0x6d, 0x2f, 0x41, 0x7a, 0x75
  .byte 0x72, 0x65, 0x2f, 0x63, 0x6f, 0x2d, 0x6f, 0x70, 0x2d, 0x74, 0x72, 0x61, 0x6e, 0x73, 0x6c, 0x61
  .byte 0x74, 0x6f, 0x72, 0x29, 0x20, 0xe8, 0xbf, 0x9b, 0xe8, 0xa1, 0x8c, 0xe7, 0xbf, 0xbb, 0xe8, 0xaf
  .byte 0x91, 0xe3, 0x80, 0x82, 0xe5, 0xb0, 0xbd, 0xe7, 0xae, 0xa1, 0xe6, 0x88, 0x91, 0xe4, 0xbb, 0xac
  .byte 0xe5, 0x8a, 0x9b, 0xe6, 0xb1, 0x82, 0xe5, 0x87, 0x86, 0xe7, 0xa1, 0xae, 0xef, 0xbc, 0x8c, 0xe4
  .byte 0xbd, 0x86, 0xe8, 0xaf, 0xb7, 0xe6, 0xb3, 0xa8, 0xe6, 0x84, 0x8f, 0xef, 0xbc, 0x8c, 0xe8, 0x87
  .byte 0xaa, 0xe5, 0x8a, 0xa8, 0xe7, 0xbf, 0xbb, 0xe8, 0xaf, 0x91, 0xe5, 0x8f, 0xaf, 0xe8, 0x83, 0xbd
  .byte 0xe5, 0x8c, 0x85, 0xe5, 0x90, 0xab, 0xe9, 0x94, 0x99, 0xe8, 0xaf, 0xaf, 0xe6, 0x88, 0x96, 0xe4
  .byte 0xb8, 0x8d, 0xe5, 0x87, 0x86, 0xe7, 0xa1, 0xae, 0xe4, 0xb9, 0x8b, 0xe5, 0xa4, 0x84, 0xe3, 0x80
  .byte 0x82, 0xe5, 0xba, 0x94, 0xe5, 0xb0, 0x86, 0xe5, 0x8e, 0x9f, 0xe5, 0xa7, 0x8b, 0xe8, 0xaf, 0xad
  .byte 0xe8, 0xa8, 0x80, 0xe7, 0x89, 0x88, 0xe6, 0x9c, 0xac, 0xe7, 0x9a, 0x84, 0xe5, 0x8e, 0x9f, 0xe5
  .byte 0xa7, 0x8b, 0xe6, 0x96, 0x87, 0xe6, 0xa1, 0xa3, 0xe8, 0xa7, 0x86, 0xe4, 0xb8, 0xba, 0xe6, 0x9d
  .byte 0x83, 0xe5, 0xa8, 0x81, 0xe6, 0x9d, 0xa5, 0xe6, 0xba, 0x90, 0xe3, 0x80, 0x82, 0xe5, 0xaf, 0xb9
  .byte 0xe4, 0xba, 0x8e, 0xe5, 0x85, 0xb3, 0xe9, 0x94, 0xae, 0xe4, 0xbf, 0xa1, 0xe6, 0x81, 0xaf, 0xef
  .byte 0xbc, 0x8c, 0xe5, 0xbb, 0xba, 0xe8, 0xae, 0xae, 0xe4, 0xbd, 0xbf, 0xe7, 0x94, 0xa8, 0xe4, 0xb8
  .byte 0x93, 0xe4, 0xb8, 0x9a, 0xe4, 0xba, 0xba, 0xe5, 0xb7, 0xa5, 0xe7, 0xbf, 0xbb, 0xe8, 0xaf, 0x91
  .byte 0xe3, 0x80, 0x82, 0xe5, 0xaf, 0xb9, 0xe4, 0xba, 0x8e, 0xe5, 0x9b, 0xa0, 0xe4, 0xbd, 0xbf, 0xe7
  .byte 0x94, 0xa8, 0xe6, 0xad, 0xa4, 0xe7, 0xbf, 0xbb, 0xe8, 0xaf, 0x91, 0xe8, 0x80, 0x8c, 0xe5, 0xbc
  .byte 0x95, 0xe8, 0xb5, 0xb7, 0xe7, 0x9a, 0x84, 0xe4, 0xbb, 0xbb, 0xe4, 0xbd, 0x95, 0xe8, 0xaf, 0xaf
  .byte 0xe8, 0xa7, 0xa3, 0xe6, 0x88, 0x96, 0xe8, 0xaf, 0xaf, 0xe9, 0x87, 0x8a, 0xef, 0xbc, 0x8c, 0xe6
  .byte 0x88, 0x91, 0xe4, 0xbb, 0xac, 0xe6, 0xa6, 0x82, 0xe4, 0xb8, 0x8d, 0xe8, 0xb4, 0x9f, 0xe8, 0xb4
  .byte 0xa3, 0xe3, 0x80, 0x82, 0x0a, 0x3c, 0x21, 0x2d, 0x2d, 0x20, 0x43, 0x4f, 0x2d, 0x4f, 0x50, 0x20
  .byte 0x54, 0x52, 0x41, 0x4e, 0x53, 0x4c, 0x41, 0x54, 0x4f, 0x52, 0x20, 0x44, 0x49, 0x53, 0x43, 0x4c
  .byte 0x41, 0x49, 0x4d, 0x45, 0x52, 0x20, 0x45, 0x4e, 0x44, 0x20, 0x2d, 0x2d, 0x3e

  .globl openui_full_port_translations_zh_CN_CODE_OF_CONDUCT_md_c84bd55c369e_pass_4_len
openui_full_port_translations_zh_CN_CODE_OF_CONDUCT_md_c84bd55c369e_pass_4_len:
  .quad 5101
