# OpenUI mechanical full assembly port
# source: packages/react-ui/src/components/Charts/RadialChart/RadialChart.tsx
# sha256: 80e2effc7dafc935b9e4740066d10bcd26e0e0de6ef7a618f45647753df4b55e
# bytes: 13227
# assembly passes: 4
  .section .rodata
# assembly pass: 1/4
  .globl openui_full_port_packages_react_ui_src_components_Charts_RadialChart_RadialChart_tsx_80e2effc7daf
openui_full_port_packages_react_ui_src_components_Charts_RadialChart_RadialChart_tsx_80e2effc7daf:
  .byte 0x69, 0x6d, 0x70, 0x6f, 0x72, 0x74, 0x20, 0x63, 0x6c, 0x73, 0x78, 0x20, 0x66, 0x72, 0x6f, 0x6d
  .byte 0x20, 0x22, 0x63, 0x6c, 0x73, 0x78, 0x22, 0x3b, 0x0a, 0x69, 0x6d, 0x70, 0x6f, 0x72, 0x74, 0x20
  .byte 0x7b, 0x20, 0x75, 0x73, 0x65, 0x43, 0x61, 0x6c, 0x6c, 0x62, 0x61, 0x63, 0x6b, 0x2c, 0x20, 0x75
  .byte 0x73, 0x65, 0x45, 0x66, 0x66, 0x65, 0x63, 0x74, 0x2c, 0x20, 0x75, 0x73, 0x65, 0x4d, 0x65, 0x6d
  .byte 0x6f, 0x2c, 0x20, 0x75, 0x73, 0x65, 0x52, 0x65, 0x66, 0x2c, 0x20, 0x75, 0x73, 0x65, 0x53, 0x74
  .byte 0x61, 0x74, 0x65, 0x20, 0x7d, 0x20, 0x66, 0x72, 0x6f, 0x6d, 0x20, 0x22, 0x72, 0x65, 0x61, 0x63
  .byte 0x74, 0x22, 0x3b, 0x0a, 0x69, 0x6d, 0x70, 0x6f, 0x72, 0x74, 0x20, 0x7b, 0x20, 0x43, 0x65, 0x6c
  .byte 0x6c, 0x2c, 0x20, 0x50, 0x6f, 0x6c, 0x61, 0x72, 0x47, 0x72, 0x69, 0x64, 0x2c, 0x20, 0x52, 0x61
  .byte 0x64, 0x69, 0x61, 0x6c, 0x42, 0x61, 0x72, 0x2c, 0x20, 0x52, 0x61, 0x64, 0x69, 0x61, 0x6c, 0x42
  .byte 0x61, 0x72, 0x43, 0x68, 0x61, 0x72, 0x74, 0x2c, 0x20, 0x52, 0x65, 0x73, 0x70, 0x6f, 0x6e, 0x73
  .byte 0x69, 0x76, 0x65, 0x43, 0x6f, 0x6e, 0x74, 0x61, 0x69, 0x6e, 0x65, 0x72, 0x20, 0x7d, 0x20, 0x66
  .byte 0x72, 0x6f, 0x6d, 0x20, 0x22, 0x72, 0x65, 0x63, 0x68, 0x61, 0x72, 0x74, 0x73, 0x22, 0x3b, 0x0a
  .byte 0x69, 0x6d, 0x70, 0x6f, 0x72, 0x74, 0x20, 0x7b, 0x20, 0x75, 0x73, 0x65, 0x50, 0x72, 0x69, 0x6e
  .byte 0x74, 0x43, 0x6f, 0x6e, 0x74, 0x65, 0x78, 0x74, 0x20, 0x7d, 0x20, 0x66, 0x72, 0x6f, 0x6d, 0x20
  .byte 0x22, 0x2e, 0x2e, 0x2f, 0x2e, 0x2e, 0x2f, 0x2e, 0x2e, 0x2f, 0x63, 0x6f, 0x6e, 0x74, 0x65, 0x78
  .byte 0x74, 0x2f, 0x50, 0x72, 0x69, 0x6e, 0x74, 0x43, 0x6f, 0x6e, 0x74, 0x65, 0x78, 0x74, 0x22, 0x3b
  .byte 0x0a, 0x69, 0x6d, 0x70, 0x6f, 0x72, 0x74, 0x20, 0x7b, 0x20, 0x43, 0x68, 0x61, 0x72, 0x74, 0x43
  .byte 0x6f, 0x6e, 0x74, 0x61, 0x69, 0x6e, 0x65, 0x72, 0x2c, 0x20, 0x43, 0x68, 0x61, 0x72, 0x74, 0x54
  .byte 0x6f, 0x6f, 0x6c, 0x74, 0x69, 0x70, 0x2c, 0x20, 0x43, 0x68, 0x61, 0x72, 0x74, 0x54, 0x6f, 0x6f
  .byte 0x6c, 0x74, 0x69, 0x70, 0x43, 0x6f, 0x6e, 0x74, 0x65, 0x6e, 0x74, 0x20, 0x7d, 0x20, 0x66, 0x72
  .byte 0x6f, 0x6d, 0x20, 0x22, 0x2e, 0x2e, 0x2f, 0x43, 0x68, 0x61, 0x72, 0x74, 0x73, 0x22, 0x3b, 0x0a
  .byte 0x69, 0x6d, 0x70, 0x6f, 0x72, 0x74, 0x20, 0x7b, 0x20, 0x75, 0x73, 0x65, 0x45, 0x78, 0x70, 0x6f
  .byte 0x72, 0x74, 0x43, 0x68, 0x61, 0x72, 0x74, 0x44, 0x61, 0x74, 0x61, 0x2c, 0x20, 0x75, 0x73, 0x65
  .byte 0x54, 0x72, 0x61, 0x6e, 0x73, 0x66, 0x6f, 0x72, 0x6d, 0x65, 0x64, 0x4b, 0x65, 0x79, 0x73, 0x20
  .byte 0x7d, 0x20, 0x66, 0x72, 0x6f, 0x6d, 0x20, 0x22, 0x2e, 0x2e, 0x2f, 0x68, 0x6f, 0x6f, 0x6b, 0x73
  .byte 0x22, 0x3b, 0x0a, 0x69, 0x6d, 0x70, 0x6f, 0x72, 0x74, 0x20, 0x7b, 0x20, 0x44, 0x65, 0x66, 0x61
  .byte 0x75, 0x6c, 0x74, 0x4c, 0x65, 0x67, 0x65, 0x6e, 0x64, 0x20, 0x7d, 0x20, 0x66, 0x72, 0x6f, 0x6d
  .byte 0x20, 0x22, 0x2e, 0x2e, 0x2f, 0x73, 0x68, 0x61, 0x72, 0x65, 0x64, 0x2f, 0x44, 0x65, 0x66, 0x61
  .byte 0x75, 0x6c, 0x74, 0x4c, 0x65, 0x67, 0x65, 0x6e, 0x64, 0x2f, 0x44, 0x65, 0x66, 0x61, 0x75, 0x6c
  .byte 0x74, 0x4c, 0x65, 0x67, 0x65, 0x6e, 0x64, 0x22, 0x3b, 0x0a, 0x69, 0x6d, 0x70, 0x6f, 0x72, 0x74
  .byte 0x20, 0x7b, 0x20, 0x53, 0x74, 0x61, 0x63, 0x6b, 0x65, 0x64, 0x4c, 0x65, 0x67, 0x65, 0x6e, 0x64
  .byte 0x20, 0x7d, 0x20, 0x66, 0x72, 0x6f, 0x6d, 0x20, 0x22, 0x2e, 0x2e, 0x2f, 0x73, 0x68, 0x61, 0x72
  .byte 0x65, 0x64, 0x2f, 0x53, 0x74, 0x61, 0x63, 0x6b, 0x65, 0x64, 0x4c, 0x65, 0x67, 0x65, 0x6e, 0x64
  .byte 0x2f, 0x53, 0x74, 0x61, 0x63, 0x6b, 0x65, 0x64, 0x4c, 0x65, 0x67, 0x65, 0x6e, 0x64, 0x22, 0x3b
  .byte 0x0a, 0x69, 0x6d, 0x70, 0x6f, 0x72, 0x74, 0x20, 0x7b, 0x20, 0x4c, 0x65, 0x67, 0x65, 0x6e, 0x64
  .byte 0x49, 0x74, 0x65, 0x6d, 0x20, 0x7d, 0x20, 0x66, 0x72, 0x6f, 0x6d, 0x20, 0x22, 0x2e, 0x2e, 0x2f
  .byte 0x74, 0x79, 0x70, 0x65, 0x73, 0x2f, 0x4c, 0x65, 0x67, 0x65, 0x6e, 0x64, 0x22, 0x3b, 0x0a, 0x69
  .byte 0x6d, 0x70, 0x6f, 0x72, 0x74, 0x20, 0x7b, 0x20, 0x67, 0x65, 0x74, 0x43, 0x61, 0x74, 0x65, 0x67
  .byte 0x6f, 0x72, 0x69, 0x63, 0x61, 0x6c, 0x43, 0x68, 0x61, 0x72, 0x74, 0x43, 0x6f, 0x6e, 0x66, 0x69
  .byte 0x67, 0x20, 0x7d, 0x20, 0x66, 0x72, 0x6f, 0x6d, 0x20, 0x22, 0x2e, 0x2e, 0x2f, 0x75, 0x74, 0x69
  .byte 0x6c, 0x73, 0x2f, 0x64, 0x61, 0x74, 0x61, 0x55, 0x74, 0x69, 0x6c, 0x73, 0x22, 0x3b, 0x0a, 0x69
  .byte 0x6d, 0x70, 0x6f, 0x72, 0x74, 0x20, 0x7b, 0x20, 0x50, 0x61, 0x6c, 0x65, 0x74, 0x74, 0x65, 0x4e
  .byte 0x61, 0x6d, 0x65, 0x2c, 0x20, 0x75, 0x73, 0x65, 0x43, 0x68, 0x61, 0x72, 0x74, 0x50, 0x61, 0x6c
  .byte 0x65, 0x74, 0x74, 0x65, 0x20, 0x7d, 0x20, 0x66, 0x72, 0x6f, 0x6d, 0x20, 0x22, 0x2e, 0x2e, 0x2f
  .byte 0x75, 0x74, 0x69, 0x6c, 0x73, 0x2f, 0x50, 0x61, 0x6c, 0x6c, 0x65, 0x74, 0x55, 0x74, 0x69, 0x6c
  .byte 0x73, 0x22, 0x3b, 0x0a, 0x69, 0x6d, 0x70, 0x6f, 0x72, 0x74, 0x20, 0x7b, 0x20, 0x52, 0x61, 0x64
  .byte 0x69, 0x61, 0x6c, 0x43, 0x68, 0x61, 0x72, 0x74, 0x44, 0x61, 0x74, 0x61, 0x20, 0x7d, 0x20, 0x66
  .byte 0x72, 0x6f, 0x6d, 0x20, 0x22, 0x2e, 0x2f, 0x74, 0x79, 0x70, 0x65, 0x73, 0x22, 0x3b, 0x0a, 0x69
  .byte 0x6d, 0x70, 0x6f, 0x72, 0x74, 0x20, 0x7b, 0x0a, 0x20, 0x20, 0x63, 0x61, 0x6c, 0x63, 0x75, 0x6c
  .byte 0x61, 0x74, 0x65, 0x52, 0x61, 0x64, 0x69, 0x61, 0x6c, 0x43, 0x68, 0x61, 0x72, 0x74, 0x44, 0x69
  .byte 0x6d, 0x65, 0x6e, 0x73, 0x69, 0x6f, 0x6e, 0x73, 0x2c, 0x0a, 0x20, 0x20, 0x63, 0x72, 0x65, 0x61
  .byte 0x74, 0x65, 0x52, 0x61, 0x64, 0x69, 0x61, 0x6c, 0x41, 0x6e, 0x69, 0x6d, 0x61, 0x74, 0x69, 0x6f
  .byte 0x6e, 0x43, 0x6f, 0x6e, 0x66, 0x69, 0x67, 0x2c, 0x0a, 0x20, 0x20, 0x63, 0x72, 0x65, 0x61, 0x74
  .byte 0x65, 0x52, 0x61, 0x64, 0x69, 0x61, 0x6c, 0x45, 0x76, 0x65, 0x6e, 0x74, 0x48, 0x61, 0x6e, 0x64
  .byte 0x6c, 0x65, 0x72, 0x73, 0x2c, 0x0a, 0x20, 0x20, 0x67, 0x65, 0x74, 0x52, 0x61, 0x64, 0x69, 0x61
  .byte 0x6c, 0x48, 0x6f, 0x76, 0x65, 0x72, 0x53, 0x74, 0x79, 0x6c, 0x65, 0x73, 0x2c, 0x0a, 0x20, 0x20
  .byte 0x74, 0x72, 0x61, 0x6e, 0x73, 0x66, 0x6f, 0x72, 0x6d, 0x52, 0x61, 0x64, 0x69, 0x61, 0x6c, 0x44
  .byte 0x61, 0x74, 0x61, 0x57, 0x69, 0x74, 0x68, 0x50, 0x65, 0x72, 0x63, 0x65, 0x6e, 0x74, 0x61, 0x67
  .byte 0x65, 0x73, 0x2c, 0x0a, 0x20, 0x20, 0x75, 0x73, 0x65, 0x52, 0x61, 0x64, 0x69, 0x61, 0x6c, 0x43
  .byte 0x68, 0x61, 0x72, 0x74, 0x48, 0x6f, 0x76, 0x65, 0x72, 0x2c, 0x0a, 0x7d, 0x20, 0x66, 0x72, 0x6f
  .byte 0x6d, 0x20, 0x22, 0x2e, 0x2f, 0x75, 0x74, 0x69, 0x6c, 0x73, 0x2f, 0x52, 0x61, 0x64, 0x69, 0x61
  .byte 0x6c, 0x43, 0x68, 0x61, 0x72, 0x74, 0x55, 0x74, 0x69, 0x6c, 0x73, 0x22, 0x3b, 0x0a, 0x0a, 0x65
  .byte 0x78, 0x70, 0x6f, 0x72, 0x74, 0x20, 0x69, 0x6e, 0x74, 0x65, 0x72, 0x66, 0x61, 0x63, 0x65, 0x20
  .byte 0x52, 0x61, 0x64, 0x69, 0x61, 0x6c, 0x43, 0x68, 0x61, 0x72, 0x74, 0x50, 0x72, 0x6f, 0x70, 0x73
  .byte 0x3c, 0x54, 0x20, 0x65, 0x78, 0x74, 0x65, 0x6e, 0x64, 0x73, 0x20, 0x52, 0x61, 0x64, 0x69, 0x61
  .byte 0x6c, 0x43, 0x68, 0x61, 0x72, 0x74, 0x44, 0x61, 0x74, 0x61, 0x3e, 0x20, 0x7b, 0x0a, 0x20, 0x20
  .byte 0x64, 0x61, 0x74, 0x61, 0x3a, 0x20, 0x54, 0x3b, 0x0a, 0x20, 0x20, 0x63, 0x61, 0x74, 0x65, 0x67
  .byte 0x6f, 0x72, 0x79, 0x4b, 0x65, 0x79, 0x3a, 0x20, 0x6b, 0x65, 0x79, 0x6f, 0x66, 0x20, 0x54, 0x5b
  .byte 0x6e, 0x75, 0x6d, 0x62, 0x65, 0x72, 0x5d, 0x3b, 0x0a, 0x20, 0x20, 0x64, 0x61, 0x74, 0x61, 0x4b
  .byte 0x65, 0x79, 0x3a, 0x20, 0x6b, 0x65, 0x79, 0x6f, 0x66, 0x20, 0x54, 0x5b, 0x6e, 0x75, 0x6d, 0x62
  .byte 0x65, 0x72, 0x5d, 0x3b, 0x0a, 0x20, 0x20, 0x74, 0x68, 0x65, 0x6d, 0x65, 0x3f, 0x3a, 0x20, 0x50
  .byte 0x61, 0x6c, 0x65, 0x74, 0x74, 0x65, 0x4e, 0x61, 0x6d, 0x65, 0x3b, 0x0a, 0x20, 0x20, 0x63, 0x75
  .byte 0x73, 0x74, 0x6f, 0x6d, 0x50, 0x61, 0x6c, 0x65, 0x74, 0x74, 0x65, 0x3f, 0x3a, 0x20, 0x73, 0x74
  .byte 0x72, 0x69, 0x6e, 0x67, 0x5b, 0x5d, 0x3b, 0x0a, 0x20, 0x20, 0x76, 0x61, 0x72, 0x69, 0x61, 0x6e
  .byte 0x74, 0x3f, 0x3a, 0x20, 0x22, 0x73, 0x65, 0x6d, 0x69, 0x63, 0x69, 0x72, 0x63, 0x6c, 0x65, 0x22
  .byte 0x20, 0x7c, 0x20, 0x22, 0x63, 0x69, 0x72, 0x63, 0x75, 0x6c, 0x61, 0x72, 0x22, 0x3b, 0x0a, 0x20
  .byte 0x20, 0x66, 0x6f, 0x72, 0x6d, 0x61, 0x74, 0x3f, 0x3a, 0x20, 0x22, 0x70, 0x65, 0x72, 0x63, 0x65
  .byte 0x6e, 0x74, 0x61, 0x67, 0x65, 0x22, 0x20, 0x7c, 0x20, 0x22, 0x6e, 0x75, 0x6d, 0x62, 0x65, 0x72
  .byte 0x22, 0x3b, 0x0a, 0x20, 0x20, 0x6c, 0x65, 0x67, 0x65, 0x6e, 0x64, 0x3f, 0x3a, 0x20, 0x62, 0x6f
  .byte 0x6f, 0x6c, 0x65, 0x61, 0x6e, 0x3b, 0x0a, 0x20, 0x20, 0x6c, 0x65, 0x67, 0x65, 0x6e, 0x64, 0x56
  .byte 0x61, 0x72, 0x69, 0x61, 0x6e, 0x74, 0x3f, 0x3a, 0x20, 0x22, 0x64, 0x65, 0x66, 0x61, 0x75, 0x6c
  .byte 0x74, 0x22, 0x20, 0x7c, 0x20, 0x22, 0x73, 0x74, 0x61, 0x63, 0x6b, 0x65, 0x64, 0x22, 0x3b, 0x0a
  .byte 0x20, 0x20, 0x67, 0x72, 0x69, 0x64, 0x3f, 0x3a, 0x20, 0x62, 0x6f, 0x6f, 0x6c, 0x65, 0x61, 0x6e
  .byte 0x3b, 0x0a, 0x20, 0x20, 0x69, 0x73, 0x41, 0x6e, 0x69, 0x6d, 0x61, 0x74, 0x69, 0x6f, 0x6e, 0x41
  .byte 0x63, 0x74, 0x69, 0x76, 0x65, 0x3f, 0x3a, 0x20, 0x62, 0x6f, 0x6f, 0x6c, 0x65, 0x61, 0x6e, 0x3b
  .byte 0x0a, 0x20, 0x20, 0x63, 0x6f, 0x72, 0x6e, 0x65, 0x72, 0x52, 0x61, 0x64, 0x69, 0x75, 0x73, 0x3f
  .byte 0x3a, 0x20, 0x6e, 0x75, 0x6d, 0x62, 0x65, 0x72, 0x3b, 0x0a, 0x20, 0x20, 0x6f, 0x6e, 0x4d, 0x6f
  .byte 0x75, 0x73, 0x65, 0x45, 0x6e, 0x74, 0x65, 0x72, 0x3f, 0x3a, 0x20, 0x28, 0x64, 0x61, 0x74, 0x61
  .byte 0x3a, 0x20, 0x61, 0x6e, 0x79, 0x2c, 0x20, 0x69, 0x6e, 0x64, 0x65, 0x78, 0x3a, 0x20, 0x6e, 0x75
  .byte 0x6d, 0x62, 0x65, 0x72, 0x29, 0x20, 0x3d, 0x3e, 0x20, 0x76, 0x6f, 0x69, 0x64, 0x3b, 0x0a, 0x20
  .byte 0x20, 0x6f, 0x6e, 0x4d, 0x6f, 0x75, 0x73, 0x65, 0x4c, 0x65, 0x61, 0x76, 0x65, 0x3f, 0x3a, 0x20
  .byte 0x28, 0x29, 0x20, 0x3d, 0x3e, 0x20, 0x76, 0x6f, 0x69, 0x64, 0x3b, 0x0a, 0x20, 0x20, 0x6f, 0x6e
  .byte 0x43, 0x6c, 0x69, 0x63, 0x6b, 0x3f, 0x3a, 0x20, 0x28, 0x64, 0x61, 0x74, 0x61, 0x3a, 0x20, 0x61
  .byte 0x6e, 0x79, 0x2c, 0x20, 0x69, 0x6e, 0x64, 0x65, 0x78, 0x3a, 0x20, 0x6e, 0x75, 0x6d, 0x62, 0x65
  .byte 0x72, 0x29, 0x20, 0x3d, 0x3e, 0x20, 0x76, 0x6f, 0x69, 0x64, 0x3b, 0x0a, 0x20, 0x20, 0x63, 0x6c
  .byte 0x61, 0x73, 0x73, 0x4e, 0x61, 0x6d, 0x65, 0x3f, 0x3a, 0x20, 0x73, 0x74, 0x72, 0x69, 0x6e, 0x67
  .byte 0x3b, 0x0a, 0x20, 0x20, 0x6d, 0x61, 0x78, 0x43, 0x68, 0x61, 0x72, 0x74, 0x53, 0x69, 0x7a, 0x65
  .byte 0x3f, 0x3a, 0x20, 0x6e, 0x75, 0x6d, 0x62, 0x65, 0x72, 0x3b, 0x0a, 0x20, 0x20, 0x6d, 0x69, 0x6e
  .byte 0x43, 0x68, 0x61, 0x72, 0x74, 0x53, 0x69, 0x7a, 0x65, 0x3f, 0x3a, 0x20, 0x6e, 0x75, 0x6d, 0x62
  .byte 0x65, 0x72, 0x3b, 0x0a, 0x20, 0x20, 0x68, 0x65, 0x69, 0x67, 0x68, 0x74, 0x3f, 0x3a, 0x20, 0x6e
  .byte 0x75, 0x6d, 0x62, 0x65, 0x72, 0x20, 0x7c, 0x20, 0x73, 0x74, 0x72, 0x69, 0x6e, 0x67, 0x3b, 0x0a
  .byte 0x20, 0x20, 0x77, 0x69, 0x64, 0x74, 0x68, 0x3f, 0x3a, 0x20, 0x6e, 0x75, 0x6d, 0x62, 0x65, 0x72
  .byte 0x20, 0x7c, 0x20, 0x73, 0x74, 0x72, 0x69, 0x6e, 0x67, 0x3b, 0x0a, 0x7d, 0x0a, 0x0a, 0x63, 0x6f
  .byte 0x6e, 0x73, 0x74, 0x20, 0x53, 0x54, 0x41, 0x43, 0x4b, 0x45, 0x44, 0x5f, 0x4c, 0x45, 0x47, 0x45
  .byte 0x4e, 0x44, 0x5f, 0x42, 0x52, 0x45, 0x41, 0x4b, 0x50, 0x4f, 0x49, 0x4e, 0x54, 0x20, 0x3d, 0x20
  .byte 0x34, 0x30, 0x30, 0x3b, 0x0a, 0x63, 0x6f, 0x6e, 0x73, 0x74, 0x20, 0x4d, 0x49, 0x4e, 0x5f, 0x43
  .byte 0x48, 0x41, 0x52, 0x54, 0x5f, 0x53, 0x49, 0x5a, 0x45, 0x20, 0x3d, 0x20, 0x31, 0x35, 0x30, 0x3b
  .byte 0x0a, 0x63, 0x6f, 0x6e, 0x73, 0x74, 0x20, 0x4d, 0x41, 0x58, 0x5f, 0x43, 0x48, 0x41, 0x52, 0x54
  .byte 0x5f, 0x53, 0x49, 0x5a, 0x45, 0x20, 0x3d, 0x20, 0x35, 0x30, 0x30, 0x3b, 0x0a, 0x0a, 0x65, 0x78
  .byte 0x70, 0x6f, 0x72, 0x74, 0x20, 0x63, 0x6f, 0x6e, 0x73, 0x74, 0x20, 0x52, 0x61, 0x64, 0x69, 0x61
  .byte 0x6c, 0x43, 0x68, 0x61, 0x72, 0x74, 0x20, 0x3d, 0x20, 0x3c, 0x54, 0x20, 0x65, 0x78, 0x74, 0x65
  .byte 0x6e, 0x64, 0x73, 0x20, 0x52, 0x61, 0x64, 0x69, 0x61, 0x6c, 0x43, 0x68, 0x61, 0x72, 0x74, 0x44
  .byte 0x61, 0x74, 0x61, 0x3e, 0x28, 0x7b, 0x0a, 0x20, 0x20, 0x64, 0x61, 0x74, 0x61, 0x2c, 0x0a, 0x20
  .byte 0x20, 0x63, 0x61, 0x74, 0x65, 0x67, 0x6f, 0x72, 0x79, 0x4b, 0x65, 0x79, 0x2c, 0x0a, 0x20, 0x20
  .byte 0x64, 0x61, 0x74, 0x61, 0x4b, 0x65, 0x79, 0x2c, 0x0a, 0x20, 0x20, 0x74, 0x68, 0x65, 0x6d, 0x65
  .byte 0x20, 0x3d, 0x20, 0x22, 0x6f, 0x63, 0x65, 0x61, 0x6e, 0x22, 0x2c, 0x0a, 0x20, 0x20, 0x63, 0x75
  .byte 0x73, 0x74, 0x6f, 0x6d, 0x50, 0x61, 0x6c, 0x65, 0x74, 0x74, 0x65, 0x2c, 0x0a, 0x20, 0x20, 0x76
  .byte 0x61, 0x72, 0x69, 0x61, 0x6e, 0x74, 0x20, 0x3d, 0x20, 0x22, 0x63, 0x69, 0x72, 0x63, 0x75, 0x6c
  .byte 0x61, 0x72, 0x22, 0x2c, 0x0a, 0x20, 0x20, 0x66, 0x6f, 0x72, 0x6d, 0x61, 0x74, 0x20, 0x3d, 0x20
  .byte 0x22, 0x6e, 0x75, 0x6d, 0x62, 0x65, 0x72, 0x22, 0x2c, 0x0a, 0x20, 0x20, 0x6c, 0x65, 0x67, 0x65
  .byte 0x6e, 0x64, 0x20, 0x3d, 0x20, 0x74, 0x72, 0x75, 0x65, 0x2c, 0x0a, 0x20, 0x20, 0x6c, 0x65, 0x67
  .byte 0x65, 0x6e, 0x64, 0x56, 0x61, 0x72, 0x69, 0x61, 0x6e, 0x74, 0x20, 0x3d, 0x20, 0x22, 0x73, 0x74
  .byte 0x61, 0x63, 0x6b, 0x65, 0x64, 0x22, 0x2c, 0x0a, 0x20, 0x20, 0x67, 0x72, 0x69, 0x64, 0x20, 0x3d
  .byte 0x20, 0x66, 0x61, 0x6c, 0x73, 0x65, 0x2c, 0x0a, 0x20, 0x20, 0x69, 0x73, 0x41, 0x6e, 0x69, 0x6d
  .byte 0x61, 0x74, 0x69, 0x6f, 0x6e, 0x41, 0x63, 0x74, 0x69, 0x76, 0x65, 0x20, 0x3d, 0x20, 0x66, 0x61
  .byte 0x6c, 0x73, 0x65, 0x2c, 0x0a, 0x20, 0x20, 0x63, 0x6f, 0x72, 0x6e, 0x65, 0x72, 0x52, 0x61, 0x64
  .byte 0x69, 0x75, 0x73, 0x20, 0x3d, 0x20, 0x31, 0x30, 0x2c, 0x0a, 0x20, 0x20, 0x6f, 0x6e, 0x4d, 0x6f
  .byte 0x75, 0x73, 0x65, 0x45, 0x6e, 0x74, 0x65, 0x72, 0x2c, 0x0a, 0x20, 0x20, 0x6f, 0x6e, 0x4d, 0x6f
  .byte 0x75, 0x73, 0x65, 0x4c, 0x65, 0x61, 0x76, 0x65, 0x2c, 0x0a, 0x20, 0x20, 0x6f, 0x6e, 0x43, 0x6c
  .byte 0x69, 0x63, 0x6b, 0x2c, 0x0a, 0x20, 0x20, 0x63, 0x6c, 0x61, 0x73, 0x73, 0x4e, 0x61, 0x6d, 0x65
  .byte 0x2c, 0x0a, 0x20, 0x20, 0x6d, 0x61, 0x78, 0x43, 0x68, 0x61, 0x72, 0x74, 0x53, 0x69, 0x7a, 0x65
  .byte 0x20, 0x3d, 0x20, 0x4d, 0x41, 0x58, 0x5f, 0x43, 0x48, 0x41, 0x52, 0x54, 0x5f, 0x53, 0x49, 0x5a
  .byte 0x45, 0x2c, 0x0a, 0x20, 0x20, 0x6d, 0x69, 0x6e, 0x43, 0x68, 0x61, 0x72, 0x74, 0x53, 0x69, 0x7a
  .byte 0x65, 0x20, 0x3d, 0x20, 0x4d, 0x49, 0x4e, 0x5f, 0x43, 0x48, 0x41, 0x52, 0x54, 0x5f, 0x53, 0x49
  .byte 0x5a, 0x45, 0x2c, 0x0a, 0x20, 0x20, 0x68, 0x65, 0x69, 0x67, 0x68, 0x74, 0x2c, 0x0a, 0x20, 0x20
  .byte 0x77, 0x69, 0x64, 0x74, 0x68, 0x2c, 0x0a, 0x7d, 0x3a, 0x20, 0x52, 0x61, 0x64, 0x69, 0x61, 0x6c
  .byte 0x43, 0x68, 0x61, 0x72, 0x74, 0x50, 0x72, 0x6f, 0x70, 0x73, 0x3c, 0x54, 0x3e, 0x29, 0x20, 0x3d
  .byte 0x3e, 0x20, 0x7b, 0x0a, 0x20, 0x20, 0x63, 0x6f, 0x6e, 0x73, 0x74, 0x20, 0x70, 0x72, 0x69, 0x6e
  .byte 0x74, 0x43, 0x6f, 0x6e, 0x74, 0x65, 0x78, 0x74, 0x20, 0x3d, 0x20, 0x75, 0x73, 0x65, 0x50, 0x72
  .byte 0x69, 0x6e, 0x74, 0x43, 0x6f, 0x6e, 0x74, 0x65, 0x78, 0x74, 0x28, 0x29, 0x3b, 0x0a, 0x20, 0x20
  .byte 0x69, 0x73, 0x41, 0x6e, 0x69, 0x6d, 0x61, 0x74, 0x69, 0x6f, 0x6e, 0x41, 0x63, 0x74, 0x69, 0x76
  .byte 0x65, 0x20, 0x3d, 0x20, 0x70, 0x72, 0x69, 0x6e, 0x74, 0x43, 0x6f, 0x6e, 0x74, 0x65, 0x78, 0x74
  .byte 0x20, 0x3f, 0x20, 0x66, 0x61, 0x6c, 0x73, 0x65, 0x20, 0x3a, 0x20, 0x69, 0x73, 0x41, 0x6e, 0x69
  .byte 0x6d, 0x61, 0x74, 0x69, 0x6f, 0x6e, 0x41, 0x63, 0x74, 0x69, 0x76, 0x65, 0x3b, 0x0a, 0x0a, 0x20
  .byte 0x20, 0x63, 0x6f, 0x6e, 0x73, 0x74, 0x20, 0x77, 0x72, 0x61, 0x70, 0x70, 0x65, 0x72, 0x52, 0x65
  .byte 0x66, 0x20, 0x3d, 0x20, 0x75, 0x73, 0x65, 0x52, 0x65, 0x66, 0x3c, 0x48, 0x54, 0x4d, 0x4c, 0x44
  .byte 0x69, 0x76, 0x45, 0x6c, 0x65, 0x6d, 0x65, 0x6e, 0x74, 0x3e, 0x28, 0x6e, 0x75, 0x6c, 0x6c, 0x29
  .byte 0x3b, 0x0a, 0x20, 0x20, 0x63, 0x6f, 0x6e, 0x73, 0x74, 0x20, 0x5b, 0x77, 0x72, 0x61, 0x70, 0x70
  .byte 0x65, 0x72, 0x52, 0x65, 0x63, 0x74, 0x2c, 0x20, 0x73, 0x65, 0x74, 0x57, 0x72, 0x61, 0x70, 0x70
  .byte 0x65, 0x72, 0x52, 0x65, 0x63, 0x74, 0x5d, 0x20, 0x3d, 0x20, 0x75, 0x73, 0x65, 0x53, 0x74, 0x61
  .byte 0x74, 0x65, 0x28, 0x7b, 0x20, 0x77, 0x69, 0x64, 0x74, 0x68, 0x3a, 0x20, 0x30, 0x2c, 0x20, 0x68
  .byte 0x65, 0x69, 0x67, 0x68, 0x74, 0x3a, 0x20, 0x30, 0x20, 0x7d, 0x29, 0x3b, 0x0a, 0x20, 0x20, 0x63
  .byte 0x6f, 0x6e, 0x73, 0x74, 0x20, 0x5b, 0x68, 0x6f, 0x76, 0x65, 0x72, 0x65, 0x64, 0x4c, 0x65, 0x67
  .byte 0x65, 0x6e, 0x64, 0x4b, 0x65, 0x79, 0x2c, 0x20, 0x73, 0x65, 0x74, 0x48, 0x6f, 0x76, 0x65, 0x72
  .byte 0x65, 0x64, 0x4c, 0x65, 0x67, 0x65, 0x6e, 0x64, 0x4b, 0x65, 0x79, 0x5d, 0x20, 0x3d, 0x20, 0x75
  .byte 0x73, 0x65, 0x53, 0x74, 0x61, 0x74, 0x65, 0x3c, 0x73, 0x74, 0x72, 0x69, 0x6e, 0x67, 0x20, 0x7c
  .byte 0x20, 0x6e, 0x75, 0x6c, 0x6c, 0x3e, 0x28, 0x6e, 0x75, 0x6c, 0x6c, 0x29, 0x3b, 0x0a, 0x20, 0x20
  .byte 0x63, 0x6f, 0x6e, 0x73, 0x74, 0x20, 0x5b, 0x69, 0x73, 0x4c, 0x65, 0x67, 0x65, 0x6e, 0x64, 0x45
  .byte 0x78, 0x70, 0x61, 0x6e, 0x64, 0x65, 0x64, 0x2c, 0x20, 0x73, 0x65, 0x74, 0x49, 0x73, 0x4c, 0x65
  .byte 0x67, 0x65, 0x6e, 0x64, 0x45, 0x78, 0x70, 0x61, 0x6e, 0x64, 0x65, 0x64, 0x5d, 0x20, 0x3d, 0x20
  .byte 0x75, 0x73, 0x65, 0x53, 0x74, 0x61, 0x74, 0x65, 0x28, 0x66, 0x61, 0x6c, 0x73, 0x65, 0x29, 0x3b
  .byte 0x0a, 0x20, 0x20, 0x63, 0x6f, 0x6e, 0x73, 0x74, 0x20, 0x7b, 0x20, 0x61, 0x63, 0x74, 0x69, 0x76
  .byte 0x65, 0x49, 0x6e, 0x64, 0x65, 0x78, 0x2c, 0x20, 0x68, 0x61, 0x6e, 0x64, 0x6c, 0x65, 0x4d, 0x6f
  .byte 0x75, 0x73, 0x65, 0x45, 0x6e, 0x74, 0x65, 0x72, 0x2c, 0x20, 0x68, 0x61, 0x6e, 0x64, 0x6c, 0x65
  .byte 0x4d, 0x6f, 0x75, 0x73, 0x65, 0x4c, 0x65, 0x61, 0x76, 0x65, 0x20, 0x7d, 0x20, 0x3d, 0x20, 0x75
  .byte 0x73, 0x65, 0x52, 0x61, 0x64, 0x69, 0x61, 0x6c, 0x43, 0x68, 0x61, 0x72, 0x74, 0x48, 0x6f, 0x76
  .byte 0x65, 0x72, 0x28, 0x29, 0x3b, 0x0a, 0x0a, 0x20, 0x20, 0x2f, 0x2f, 0x20, 0x44, 0x65, 0x74, 0x65
  .byte 0x72, 0x6d, 0x69, 0x6e, 0x65, 0x20, 0x6c, 0x61, 0x79, 0x6f, 0x75, 0x74, 0x20, 0x6d, 0x6f, 0x64
  .byte 0x65, 0x20, 0x62, 0x61, 0x73, 0x65, 0x64, 0x20, 0x6f, 0x6e, 0x20, 0x63, 0x6f, 0x6e, 0x74, 0x61
  .byte 0x69, 0x6e, 0x65, 0x72, 0x20, 0x77, 0x69, 0x64, 0x74, 0x68, 0x0a, 0x20, 0x20, 0x63, 0x6f, 0x6e
  .byte 0x73, 0x74, 0x20, 0x69, 0x73, 0x52, 0x6f, 0x77, 0x4c, 0x61, 0x79, 0x6f, 0x75, 0x74, 0x20, 0x3d
  .byte 0x0a, 0x20, 0x20, 0x20, 0x20, 0x6c, 0x65, 0x67, 0x65, 0x6e, 0x64, 0x20, 0x26, 0x26, 0x20, 0x6c
  .byte 0x65, 0x67, 0x65, 0x6e, 0x64, 0x56, 0x61, 0x72, 0x69, 0x61, 0x6e, 0x74, 0x20, 0x3d, 0x3d, 0x3d
  .byte 0x20, 0x22, 0x73, 0x74, 0x61, 0x63, 0x6b, 0x65, 0x64, 0x22, 0x20, 0x26, 0x26, 0x20, 0x77, 0x72
  .byte 0x61, 0x70, 0x70, 0x65, 0x72, 0x52, 0x65, 0x63, 0x74, 0x2e, 0x77, 0x69, 0x64, 0x74, 0x68, 0x20
  .byte 0x3e, 0x3d, 0x20, 0x53, 0x54, 0x41, 0x43, 0x4b, 0x45, 0x44, 0x5f, 0x4c, 0x45, 0x47, 0x45, 0x4e
  .byte 0x44, 0x5f, 0x42, 0x52, 0x45, 0x41, 0x4b, 0x50, 0x4f, 0x49, 0x4e, 0x54, 0x3b, 0x0a, 0x0a, 0x20
  .byte 0x20, 0x2f, 0x2f, 0x20, 0x53, 0x6f, 0x72, 0x74, 0x20, 0x64, 0x61, 0x74, 0x61, 0x20, 0x62, 0x79
  .byte 0x20, 0x76, 0x61, 0x6c, 0x75, 0x65, 0x20, 0x28, 0x68, 0x69, 0x67, 0x68, 0x65, 0x73, 0x74, 0x20
  .byte 0x74, 0x6f, 0x20, 0x6c, 0x6f, 0x77, 0x65, 0x73, 0x74, 0x29, 0x20, 0x66, 0x6f, 0x72, 0x20, 0x72
  .byte 0x61, 0x64, 0x69, 0x61, 0x6c, 0x20, 0x63, 0x68, 0x61, 0x72, 0x74, 0x20, 0x72, 0x65, 0x6e, 0x64
  .byte 0x65, 0x72, 0x69, 0x6e, 0x67, 0x0a, 0x20, 0x20, 0x63, 0x6f, 0x6e, 0x73, 0x74, 0x20, 0x73, 0x6f
  .byte 0x72, 0x74, 0x65, 0x64, 0x50, 0x72, 0x6f, 0x63, 0x65, 0x73, 0x73, 0x65, 0x64, 0x44, 0x61, 0x74
  .byte 0x61, 0x20, 0x3d, 0x20, 0x75, 0x73, 0x65, 0x4d, 0x65, 0x6d, 0x6f, 0x28, 0x0a, 0x20, 0x20, 0x20
  .byte 0x20, 0x28, 0x29, 0x20, 0x3d, 0x3e, 0x20, 0x5b, 0x2e, 0x2e, 0x2e, 0x64, 0x61, 0x74, 0x61, 0x5d
  .byte 0x2e, 0x73, 0x6f, 0x72, 0x74, 0x28, 0x28, 0x61, 0x2c, 0x20, 0x62, 0x29, 0x20, 0x3d, 0x3e, 0x20
  .byte 0x4e, 0x75, 0x6d, 0x62, 0x65, 0x72, 0x28, 0x62, 0x5b, 0x64, 0x61, 0x74, 0x61, 0x4b, 0x65, 0x79
  .byte 0x5d, 0x29, 0x20, 0x2d, 0x20, 0x4e, 0x75, 0x6d, 0x62, 0x65, 0x72, 0x28, 0x61, 0x5b, 0x64, 0x61
  .byte 0x74, 0x61, 0x4b, 0x65, 0x79, 0x5d, 0x29, 0x29, 0x2c, 0x0a, 0x20, 0x20, 0x20, 0x20, 0x5b, 0x64
  .byte 0x61, 0x74, 0x61, 0x2c, 0x20, 0x64, 0x61, 0x74, 0x61, 0x4b, 0x65, 0x79, 0x5d, 0x2c, 0x0a, 0x20
  .byte 0x20, 0x29, 0x3b, 0x0a, 0x0a, 0x20, 0x20, 0x63, 0x6f, 0x6e, 0x73, 0x74, 0x20, 0x63, 0x61, 0x74
  .byte 0x65, 0x67, 0x6f, 0x72, 0x69, 0x65, 0x73, 0x20, 0x3d, 0x20, 0x75, 0x73, 0x65, 0x4d, 0x65, 0x6d
  .byte 0x6f, 0x28, 0x0a, 0x20, 0x20, 0x20, 0x20, 0x28, 0x29, 0x20, 0x3d, 0x3e, 0x20, 0x73, 0x6f, 0x72
  .byte 0x74, 0x65, 0x64, 0x50, 0x72, 0x6f, 0x63, 0x65, 0x73, 0x73, 0x65, 0x64, 0x44, 0x61, 0x74, 0x61
  .byte 0x2e, 0x6d, 0x61, 0x70, 0x28, 0x28, 0x69, 0x74, 0x65, 0x6d, 0x29, 0x20, 0x3d, 0x3e, 0x20, 0x53
  .byte 0x74, 0x72, 0x69, 0x6e, 0x67, 0x28, 0x69, 0x74, 0x65, 0x6d, 0x5b, 0x63, 0x61, 0x74, 0x65, 0x67
  .byte 0x6f, 0x72, 0x79, 0x4b, 0x65, 0x79, 0x5d, 0x29, 0x29, 0x2c, 0x0a, 0x20, 0x20, 0x20, 0x20, 0x5b
  .byte 0x73, 0x6f, 0x72, 0x74, 0x65, 0x64, 0x50, 0x72, 0x6f, 0x63, 0x65, 0x73, 0x73, 0x65, 0x64, 0x44
  .byte 0x61, 0x74, 0x61, 0x2c, 0x20, 0x63, 0x61, 0x74, 0x65, 0x67, 0x6f, 0x72, 0x79, 0x4b, 0x65, 0x79
  .byte 0x5d, 0x2c, 0x0a, 0x20, 0x20, 0x29, 0x3b, 0x0a, 0x20, 0x20, 0x63, 0x6f, 0x6e, 0x73, 0x74, 0x20
  .byte 0x74, 0x72, 0x61, 0x6e, 0x73, 0x66, 0x6f, 0x72, 0x6d, 0x65, 0x64, 0x4b, 0x65, 0x79, 0x73, 0x20
  .byte 0x3d, 0x20, 0x75, 0x73, 0x65, 0x54, 0x72, 0x61, 0x6e, 0x73, 0x66, 0x6f, 0x72, 0x6d, 0x65, 0x64
  .byte 0x4b, 0x65, 0x79, 0x73, 0x28, 0x63, 0x61, 0x74, 0x65, 0x67, 0x6f, 0x72, 0x69, 0x65, 0x73, 0x29
  .byte 0x3b, 0x0a, 0x0a, 0x20, 0x20, 0x2f, 0x2f, 0x20, 0x4d, 0x65, 0x6d, 0x6f, 0x69, 0x7a, 0x65, 0x20
  .byte 0x73, 0x74, 0x72, 0x69, 0x6e, 0x67, 0x20, 0x63, 0x6f, 0x6e, 0x76, 0x65, 0x72, 0x73, 0x69, 0x6f
  .byte 0x6e, 0x73, 0x20, 0x74, 0x6f, 0x20, 0x61, 0x76, 0x6f, 0x69, 0x64, 0x20, 0x72, 0x65, 0x70, 0x65
  .byte 0x61, 0x74, 0x65, 0x64, 0x20, 0x63, 0x61, 0x6c, 0x6c, 0x73, 0x0a, 0x20, 0x20, 0x63, 0x6f, 0x6e
  .byte 0x73, 0x74, 0x20, 0x63, 0x61, 0x74, 0x65, 0x67, 0x6f, 0x72, 0x79, 0x4b, 0x65, 0x79, 0x53, 0x74
  .byte 0x72, 0x69, 0x6e, 0x67, 0x20, 0x3d, 0x20, 0x75, 0x73, 0x65, 0x4d, 0x65, 0x6d, 0x6f, 0x28, 0x28
  .byte 0x29, 0x20, 0x3d, 0x3e, 0x20, 0x53, 0x74, 0x72, 0x69, 0x6e, 0x67, 0x28, 0x63, 0x61, 0x74, 0x65
  .byte 0x67, 0x6f, 0x72, 0x79, 0x4b, 0x65, 0x79, 0x29, 0x2c, 0x20, 0x5b, 0x63, 0x61, 0x74, 0x65, 0x67
  .byte 0x6f, 0x72, 0x79, 0x4b, 0x65, 0x79, 0x5d, 0x29, 0x3b, 0x0a, 0x20, 0x20, 0x63, 0x6f, 0x6e, 0x73
  .byte 0x74, 0x20, 0x64, 0x61, 0x74, 0x61, 0x4b, 0x65, 0x79, 0x53, 0x74, 0x72, 0x69, 0x6e, 0x67, 0x20
  .byte 0x3d, 0x20, 0x75, 0x73, 0x65, 0x4d, 0x65, 0x6d, 0x6f, 0x28, 0x28, 0x29, 0x20, 0x3d, 0x3e, 0x20
  .byte 0x53, 0x74, 0x72, 0x69, 0x6e, 0x67, 0x28, 0x64, 0x61, 0x74, 0x61, 0x4b, 0x65, 0x79, 0x29, 0x2c
  .byte 0x20, 0x5b, 0x64, 0x61, 0x74, 0x61, 0x4b, 0x65, 0x79, 0x5d, 0x29, 0x3b, 0x0a, 0x20, 0x20, 0x63
  .byte 0x6f, 0x6e, 0x73, 0x74, 0x20, 0x66, 0x6f, 0x72, 0x6d, 0x61, 0x74, 0x4b, 0x65, 0x79, 0x20, 0x3d
  .byte 0x20, 0x75, 0x73, 0x65, 0x4d, 0x65, 0x6d, 0x6f, 0x28, 0x0a, 0x20, 0x20, 0x20, 0x20, 0x28, 0x29
  .byte 0x20, 0x3d, 0x3e, 0x20, 0x28, 0x66, 0x6f, 0x72, 0x6d, 0x61, 0x74, 0x20, 0x3d, 0x3d, 0x3d, 0x20
  .byte 0x22, 0x70, 0x65, 0x72, 0x63, 0x65, 0x6e, 0x74, 0x61, 0x67, 0x65, 0x22, 0x20, 0x3f, 0x20, 0x22
  .byte 0x70, 0x65, 0x72, 0x63, 0x65, 0x6e, 0x74, 0x61, 0x67, 0x65, 0x22, 0x20, 0x3a, 0x20, 0x64, 0x61
  .byte 0x74, 0x61, 0x4b, 0x65, 0x79, 0x53, 0x74, 0x72, 0x69, 0x6e, 0x67, 0x29, 0x2c, 0x0a, 0x20, 0x20
  .byte 0x20, 0x20, 0x5b, 0x66, 0x6f, 0x72, 0x6d, 0x61, 0x74, 0x2c, 0x20, 0x64, 0x61, 0x74, 0x61, 0x4b
  .byte 0x65, 0x79, 0x53, 0x74, 0x72, 0x69, 0x6e, 0x67, 0x5d, 0x2c, 0x0a, 0x20, 0x20, 0x29, 0x3b, 0x0a
  .byte 0x0a, 0x20, 0x20, 0x2f, 0x2f, 0x20, 0x55, 0x73, 0x65, 0x20, 0x70, 0x72, 0x6f, 0x76, 0x69, 0x64
  .byte 0x65, 0x64, 0x20, 0x64, 0x69, 0x6d, 0x65, 0x6e, 0x73, 0x69, 0x6f, 0x6e, 0x73, 0x20, 0x6f, 0x72
  .byte 0x20, 0x6f, 0x62, 0x73, 0x65, 0x72, 0x76, 0x65, 0x64, 0x20, 0x64, 0x69, 0x6d, 0x65, 0x6e, 0x73
  .byte 0x69, 0x6f, 0x6e, 0x73, 0x20, 0x66, 0x72, 0x6f, 0x6d, 0x20, 0x74, 0x68, 0x65, 0x20, 0x77, 0x72
  .byte 0x61, 0x70, 0x70, 0x65, 0x72, 0x0a, 0x20, 0x20, 0x63, 0x6f, 0x6e, 0x73, 0x74, 0x20, 0x65, 0x66
  .byte 0x66, 0x65, 0x63, 0x74, 0x69, 0x76, 0x65, 0x57, 0x69, 0x64, 0x74, 0x68, 0x20, 0x3d, 0x20, 0x77
  .byte 0x72, 0x61, 0x70, 0x70, 0x65, 0x72, 0x52, 0x65, 0x63, 0x74, 0x2e, 0x77, 0x69, 0x64, 0x74, 0x68
  .byte 0x3b, 0x0a, 0x20, 0x20, 0x63, 0x6f, 0x6e, 0x73, 0x74, 0x20, 0x65, 0x66, 0x66, 0x65, 0x63, 0x74
  .byte 0x69, 0x76, 0x65, 0x48, 0x65, 0x69, 0x67, 0x68, 0x74, 0x20, 0x3d, 0x20, 0x77, 0x72, 0x61, 0x70
  .byte 0x70, 0x65, 0x72, 0x52, 0x65, 0x63, 0x74, 0x2e, 0x68, 0x65, 0x69, 0x67, 0x68, 0x74, 0x3b, 0x0a
  .byte 0x0a, 0x20, 0x20, 0x2f, 0x2f, 0x20, 0x43, 0x61, 0x6c, 0x63, 0x75, 0x6c, 0x61, 0x74, 0x65, 0x20
  .byte 0x63, 0x68, 0x61, 0x72, 0x74, 0x20, 0x64, 0x69, 0x6d, 0x65, 0x6e, 0x73, 0x69, 0x6f, 0x6e, 0x73
  .byte 0x20, 0x62, 0x61, 0x73, 0x65, 0x64, 0x20, 0x6f, 0x6e, 0x20, 0x74, 0x68, 0x65, 0x20, 0x73, 0x6d
  .byte 0x61, 0x6c, 0x6c, 0x65, 0x72, 0x20, 0x64, 0x69, 0x6d, 0x65, 0x6e, 0x73, 0x69, 0x6f, 0x6e, 0x20
  .byte 0x6f, 0x66, 0x20, 0x74, 0x68, 0x65, 0x20, 0x63, 0x6f, 0x6e, 0x74, 0x61, 0x69, 0x6e, 0x65, 0x72
  .byte 0x0a, 0x20, 0x20, 0x63, 0x6f, 0x6e, 0x73, 0x74, 0x20, 0x63, 0x68, 0x61, 0x72, 0x74, 0x53, 0x69
  .byte 0x7a, 0x65, 0x20, 0x3d, 0x20, 0x75, 0x73, 0x65, 0x4d, 0x65, 0x6d, 0x6f, 0x28, 0x28, 0x29, 0x20
  .byte 0x3d, 0x3e, 0x20, 0x7b, 0x0a, 0x20, 0x20, 0x20, 0x20, 0x2f, 0x2f, 0x20, 0x43, 0x6f, 0x6d, 0x70
  .byte 0x75, 0x74, 0x65, 0x20, 0x74, 0x68, 0x65, 0x20, 0x61, 0x76, 0x61, 0x69, 0x6c, 0x61, 0x62, 0x6c
  .byte 0x65, 0x20, 0x77, 0x69, 0x64, 0x74, 0x68, 0x20, 0x66, 0x6f, 0x72, 0x20, 0x74, 0x68, 0x65, 0x20
  .byte 0x63, 0x68, 0x61, 0x72, 0x74, 0x2e, 0x20, 0x49, 0x6e, 0x20, 0x72, 0x6f, 0x77, 0x20, 0x6c, 0x61
  .byte 0x79, 0x6f, 0x75, 0x74, 0x2c, 0x20, 0x63, 0x68, 0x61, 0x72, 0x74, 0x20, 0x61, 0x6e, 0x64, 0x20
  .byte 0x6c, 0x65, 0x67, 0x65, 0x6e, 0x64, 0x20, 0x73, 0x69, 0x74, 0x20, 0x73, 0x69, 0x64, 0x65, 0x2d
  .byte 0x62, 0x79, 0x2d, 0x73, 0x69, 0x64, 0x65, 0x2e, 0x0a, 0x20, 0x20, 0x20, 0x20, 0x2f, 0x2f, 0x20
  .byte 0x53, 0x75, 0x62, 0x74, 0x72, 0x61, 0x63, 0x74, 0x20, 0x74, 0x68, 0x65, 0x20, 0x32, 0x30, 0x70
  .byte 0x78, 0x20, 0x67, 0x61, 0x70, 0x20, 0x64, 0x65, 0x66, 0x69, 0x6e, 0x65, 0x64, 0x20, 0x69, 0x6e
  .byte 0x20, 0x43, 0x53, 0x53, 0x20, 0x74, 0x6f, 0x20, 0x61, 0x76, 0x6f, 0x69, 0x64, 0x20, 0x6f, 0x76
  .byte 0x65, 0x72, 0x2d, 0x65, 0x73, 0x74, 0x69, 0x6d, 0x61, 0x74, 0x69, 0x6e, 0x67, 0x20, 0x61, 0x76
  .byte 0x61, 0x69, 0x6c, 0x61, 0x62, 0x6c, 0x65, 0x20, 0x77, 0x69, 0x64, 0x74, 0x68, 0x2e, 0x0a, 0x20
  .byte 0x20, 0x20, 0x20, 0x63, 0x6f, 0x6e, 0x73, 0x74, 0x20, 0x63, 0x6f, 0x6e, 0x74, 0x61, 0x69, 0x6e
  .byte 0x65, 0x72, 0x57, 0x69, 0x64, 0x74, 0x68, 0x20, 0x3d, 0x20, 0x69, 0x73, 0x52, 0x6f, 0x77, 0x4c
  .byte 0x61, 0x79, 0x6f, 0x75, 0x74, 0x20, 0x3f, 0x20, 0x4d, 0x61, 0x74, 0x68, 0x2e, 0x6d, 0x61, 0x78
  .byte 0x28, 0x30, 0x2c, 0x20, 0x28, 0x65, 0x66, 0x66, 0x65, 0x63, 0x74, 0x69, 0x76, 0x65, 0x57, 0x69
  .byte 0x64, 0x74, 0x68, 0x20, 0x2d, 0x20, 0x32, 0x30, 0x29, 0x20, 0x2f, 0x20, 0x32, 0x29, 0x20, 0x3a
  .byte 0x20, 0x65, 0x66, 0x66, 0x65, 0x63, 0x74, 0x69, 0x76, 0x65, 0x57, 0x69, 0x64, 0x74, 0x68, 0x3b
  .byte 0x0a, 0x0a, 0x20, 0x20, 0x20, 0x20, 0x2f, 0x2f, 0x20, 0x49, 0x66, 0x20, 0x77, 0x72, 0x61, 0x70
  .byte 0x70, 0x65, 0x72, 0x20, 0x68, 0x65, 0x69, 0x67, 0x68, 0x74, 0x20, 0x69, 0x73, 0x6e, 0x27, 0x74
  .byte 0x20, 0x65, 0x78, 0x70, 0x6c, 0x69, 0x63, 0x69, 0x74, 0x6c, 0x79, 0x20, 0x70, 0x72, 0x6f, 0x76
  .byte 0x69, 0x64, 0x65, 0x64, 0x20, 0x28, 0x6f, 0x72, 0x20, 0x69, 0x73, 0x20, 0x76, 0x65, 0x72, 0x79
  .byte 0x20, 0x73, 0x6d, 0x61, 0x6c, 0x6c, 0x29, 0x2c, 0x20, 0x70, 0x72, 0x65, 0x66, 0x65, 0x72, 0x20
  .byte 0x73, 0x69, 0x7a, 0x69, 0x6e, 0x67, 0x20, 0x62, 0x79, 0x20, 0x77, 0x69, 0x64, 0x74, 0x68, 0x20
  .byte 0x74, 0x6f, 0x0a, 0x20, 0x20, 0x20, 0x20, 0x2f, 0x2f, 0x20, 0x61, 0x76, 0x6f, 0x69, 0x64, 0x20
  .byte 0x61, 0x20, 0x66, 0x65, 0x65, 0x64, 0x62, 0x61, 0x63, 0x6b, 0x20, 0x6c, 0x6f, 0x6f, 0x70, 0x20
  .byte 0x77, 0x68, 0x65, 0x72, 0x65, 0x20, 0x68, 0x65, 0x69, 0x67, 0x68, 0x74, 0x20, 0x64, 0x65, 0x70
  .byte 0x65, 0x6e, 0x64, 0x73, 0x20, 0x6f, 0x6e, 0x20, 0x74, 0x68, 0x65, 0x20, 0x63, 0x68, 0x61, 0x72
  .byte 0x74, 0x2c, 0x20, 0x77, 0x68, 0x69, 0x63, 0x68, 0x20, 0x74, 0x68, 0x65, 0x6e, 0x20, 0x63, 0x6c
  .byte 0x61, 0x6d, 0x70, 0x73, 0x20, 0x74, 0x68, 0x65, 0x20, 0x73, 0x69, 0x7a, 0x65, 0x2e, 0x0a, 0x20
  .byte 0x20, 0x20, 0x20, 0x63, 0x6f, 0x6e, 0x73, 0x74, 0x20, 0x68, 0x65, 0x69, 0x67, 0x68, 0x74, 0x49
  .byte 0x73, 0x55, 0x73, 0x61, 0x62, 0x6c, 0x65, 0x20, 0x3d, 0x20, 0x65, 0x66, 0x66, 0x65, 0x63, 0x74
  .byte 0x69, 0x76, 0x65, 0x48, 0x65, 0x69, 0x67, 0x68, 0x74, 0x20, 0x3e, 0x3d, 0x20, 0x6d, 0x69, 0x6e
  .byte 0x43, 0x68, 0x61, 0x72, 0x74, 0x53, 0x69, 0x7a, 0x65, 0x3b, 0x0a, 0x0a, 0x20, 0x20, 0x20, 0x20
  .byte 0x6c, 0x65, 0x74, 0x20, 0x73, 0x69, 0x7a, 0x65, 0x20, 0x3d, 0x20, 0x68, 0x65, 0x69, 0x67, 0x68
  .byte 0x74, 0x49, 0x73, 0x55, 0x73, 0x61, 0x62, 0x6c, 0x65, 0x20, 0x3f, 0x20, 0x4d, 0x61, 0x74, 0x68
  .byte 0x2e, 0x6d, 0x69, 0x6e, 0x28, 0x63, 0x6f, 0x6e, 0x74, 0x61, 0x69, 0x6e, 0x65, 0x72, 0x57, 0x69
  .byte 0x64, 0x74, 0x68, 0x2c, 0x20, 0x65, 0x66, 0x66, 0x65, 0x63, 0x74, 0x69, 0x76, 0x65, 0x48, 0x65
  .byte 0x69, 0x67, 0x68, 0x74, 0x29, 0x20, 0x3a, 0x20, 0x63, 0x6f, 0x6e, 0x74, 0x61, 0x69, 0x6e, 0x65
  .byte 0x72, 0x57, 0x69, 0x64, 0x74, 0x68, 0x3b, 0x0a, 0x20, 0x20, 0x20, 0x20, 0x73, 0x69, 0x7a, 0x65
  .byte 0x20, 0x3d, 0x20, 0x4d, 0x61, 0x74, 0x68, 0x2e, 0x6d, 0x69, 0x6e, 0x28, 0x73, 0x69, 0x7a, 0x65
  .byte 0x2c, 0x20, 0x6d, 0x61, 0x78, 0x43, 0x68, 0x61, 0x72, 0x74, 0x53, 0x69, 0x7a, 0x65, 0x29, 0x3b
  .byte 0x0a, 0x20, 0x20, 0x20, 0x20, 0x72, 0x65, 0x74, 0x75, 0x72, 0x6e, 0x20, 0x4d, 0x61, 0x74, 0x68
  .byte 0x2e, 0x6d, 0x61, 0x78, 0x28, 0x6d, 0x69, 0x6e, 0x43, 0x68, 0x61, 0x72, 0x74, 0x53, 0x69, 0x7a
  .byte 0x65, 0x2c, 0x20, 0x73, 0x69, 0x7a, 0x65, 0x29, 0x3b, 0x0a, 0x20, 0x20, 0x7d, 0x2c, 0x20, 0x5b
  .byte 0x65, 0x66, 0x66, 0x65, 0x63, 0x74, 0x69, 0x76, 0x65, 0x57, 0x69, 0x64, 0x74, 0x68, 0x2c, 0x20
  .byte 0x65, 0x66, 0x66, 0x65, 0x63, 0x74, 0x69, 0x76, 0x65, 0x48, 0x65, 0x69, 0x67, 0x68, 0x74, 0x2c
  .byte 0x20, 0x69, 0x73, 0x52, 0x6f, 0x77, 0x4c, 0x61, 0x79, 0x6f, 0x75, 0x74, 0x5d, 0x29, 0x3b, 0x0a
  .byte 0x0a, 0x20, 0x20, 0x63, 0x6f, 0x6e, 0x73, 0x74, 0x20, 0x63, 0x68, 0x61, 0x72, 0x74, 0x53, 0x69
  .byte 0x7a, 0x65, 0x53, 0x74, 0x79, 0x6c, 0x65, 0x20, 0x3d, 0x20, 0x75, 0x73, 0x65, 0x4d, 0x65, 0x6d
  .byte 0x6f, 0x28, 0x0a, 0x20, 0x20, 0x20, 0x20, 0x28, 0x29, 0x20, 0x3d, 0x3e, 0x20, 0x28, 0x7b, 0x0a
  .byte 0x20, 0x20, 0x20, 0x20, 0x20, 0x20, 0x77, 0x69, 0x64, 0x74, 0x68, 0x3a, 0x20, 0x63, 0x68, 0x61
  .byte 0x72, 0x74, 0x53, 0x69, 0x7a, 0x65, 0x2c, 0x0a, 0x20, 0x20, 0x20, 0x20, 0x20, 0x20, 0x68, 0x65
  .byte 0x69, 0x67, 0x68, 0x74, 0x3a, 0x20, 0x63, 0x68, 0x61, 0x72, 0x74, 0x53, 0x69, 0x7a, 0x65, 0x2c
  .byte 0x0a, 0x20, 0x20, 0x20, 0x20, 0x7d, 0x29, 0x2c, 0x0a, 0x20, 0x20, 0x20, 0x20, 0x5b, 0x63, 0x68
  .byte 0x61, 0x72, 0x74, 0x53, 0x69, 0x7a, 0x65, 0x5d, 0x2c, 0x0a, 0x20, 0x20, 0x29, 0x3b, 0x0a, 0x0a
  .byte 0x20, 0x20, 0x63, 0x6f, 0x6e, 0x73, 0x74, 0x20, 0x72, 0x65, 0x63, 0x68, 0x61, 0x72, 0x74, 0x73
  .byte 0x50, 0x72, 0x6f, 0x70, 0x73, 0x3a, 0x20, 0x4f, 0x6d, 0x69, 0x74, 0x3c, 0x52, 0x65, 0x61, 0x63
  .byte 0x74, 0x2e, 0x43, 0x6f, 0x6d, 0x70, 0x6f, 0x6e, 0x65, 0x6e, 0x74, 0x50, 0x72, 0x6f, 0x70, 0x73
  .byte 0x3c, 0x74, 0x79, 0x70, 0x65, 0x6f, 0x66, 0x20, 0x52, 0x65, 0x73, 0x70, 0x6f, 0x6e, 0x73, 0x69
  .byte 0x76, 0x65, 0x43, 0x6f, 0x6e, 0x74, 0x61, 0x69, 0x6e, 0x65, 0x72, 0x3e, 0x2c, 0x20, 0x22, 0x63
  .byte 0x68, 0x69, 0x6c, 0x64, 0x72, 0x65, 0x6e, 0x22, 0x3e, 0x20, 0x3d, 0x20, 0x75, 0x73, 0x65, 0x4d
  .byte 0x65, 0x6d, 0x6f, 0x28, 0x0a, 0x20, 0x20, 0x20, 0x20, 0x28, 0x29, 0x20, 0x3d, 0x3e, 0x20, 0x28
  .byte 0x7b, 0x0a, 0x20, 0x20, 0x20, 0x20, 0x20, 0x20, 0x77, 0x69, 0x64, 0x74, 0x68, 0x3a, 0x20, 0x22
  .byte 0x31, 0x30, 0x30, 0x25, 0x22, 0x2c, 0x0a, 0x20, 0x20, 0x20, 0x20, 0x20, 0x20, 0x68, 0x65, 0x69
  .byte 0x67, 0x68, 0x74, 0x3a, 0x20, 0x22, 0x31, 0x30, 0x30, 0x25, 0x22, 0x2c, 0x0a, 0x20, 0x20, 0x20
  .byte 0x20, 0x20, 0x20, 0x6d, 0x69, 0x6e, 0x57, 0x69, 0x64, 0x74, 0x68, 0x3a, 0x20, 0x31, 0x2c, 0x0a
  .byte 0x20, 0x20, 0x20, 0x20, 0x20, 0x20, 0x6d, 0x69, 0x6e, 0x48, 0x65, 0x69, 0x67, 0x68, 0x74, 0x3a
  .byte 0x20, 0x31, 0x2c, 0x0a, 0x20, 0x20, 0x20, 0x20, 0x20, 0x20, 0x69, 0x6e, 0x69, 0x74, 0x69, 0x61
  .byte 0x6c, 0x44, 0x69, 0x6d, 0x65, 0x6e, 0x73, 0x69, 0x6f, 0x6e, 0x3a, 0x20, 0x7b, 0x20, 0x77, 0x69
  .byte 0x64, 0x74, 0x68, 0x3a, 0x20, 0x31, 0x2c, 0x20, 0x68, 0x65, 0x69, 0x67, 0x68, 0x74, 0x3a, 0x20
  .byte 0x31, 0x20, 0x7d, 0x2c, 0x0a, 0x20, 0x20, 0x20, 0x20, 0x7d, 0x29, 0x2c, 0x0a, 0x20, 0x20, 0x20
  .byte 0x20, 0x5b, 0x5d, 0x2c, 0x0a, 0x20, 0x20, 0x29, 0x3b, 0x0a, 0x0a, 0x20, 0x20, 0x2f, 0x2f, 0x20
  .byte 0x43, 0x61, 0x6c, 0x63, 0x75, 0x6c, 0x61, 0x74, 0x65, 0x20, 0x63, 0x68, 0x61, 0x72, 0x74, 0x20
  .byte 0x72, 0x61, 0x64, 0x69, 0x69, 0x0a, 0x20, 0x20, 0x63, 0x6f, 0x6e, 0x73, 0x74, 0x20, 0x64, 0x69
  .byte 0x6d, 0x65, 0x6e, 0x73, 0x69, 0x6f, 0x6e, 0x73, 0x20, 0x3d, 0x20, 0x75, 0x73, 0x65, 0x4d, 0x65
  .byte 0x6d, 0x6f, 0x28, 0x28, 0x29, 0x20, 0x3d, 0x3e, 0x20, 0x63, 0x61, 0x6c, 0x63, 0x75, 0x6c, 0x61
  .byte 0x74, 0x65, 0x52, 0x61, 0x64, 0x69, 0x61, 0x6c, 0x43, 0x68, 0x61, 0x72, 0x74, 0x44, 0x69, 0x6d
  .byte 0x65, 0x6e, 0x73, 0x69, 0x6f, 0x6e, 0x73, 0x28, 0x63, 0x68, 0x61, 0x72, 0x74, 0x53, 0x69, 0x7a
  .byte 0x65, 0x29, 0x2c, 0x20, 0x5b, 0x63, 0x68, 0x61, 0x72, 0x74, 0x53, 0x69, 0x7a, 0x65, 0x5d, 0x29
  .byte 0x3b, 0x0a, 0x0a, 0x20, 0x20, 0x2f, 0x2f, 0x20, 0x47, 0x65, 0x74, 0x20, 0x63, 0x6f, 0x6c, 0x6f
  .byte 0x72, 0x20, 0x70, 0x61, 0x6c, 0x65, 0x74, 0x74, 0x65, 0x20, 0x61, 0x6e, 0x64, 0x20, 0x64, 0x69
  .byte 0x73, 0x74, 0x72, 0x69, 0x62, 0x75, 0x74, 0x65, 0x20, 0x63, 0x6f, 0x6c, 0x6f, 0x72, 0x73, 0x0a
  .byte 0x20, 0x20, 0x63, 0x6f, 0x6e, 0x73, 0x74, 0x20, 0x63, 0x6f, 0x6c, 0x6f, 0x72, 0x73, 0x20, 0x3d
  .byte 0x20, 0x75, 0x73, 0x65, 0x43, 0x68, 0x61, 0x72, 0x74, 0x50, 0x61, 0x6c, 0x65, 0x74, 0x74, 0x65
  .byte 0x28, 0x7b, 0x0a, 0x20, 0x20, 0x20, 0x20, 0x63, 0x68, 0x61, 0x72, 0x74, 0x54, 0x68, 0x65, 0x6d
  .byte 0x65, 0x4e, 0x61, 0x6d, 0x65, 0x3a, 0x20, 0x74, 0x68, 0x65, 0x6d, 0x65, 0x2c, 0x0a, 0x20, 0x20
  .byte 0x20, 0x20, 0x63, 0x75, 0x73, 0x74, 0x6f, 0x6d, 0x50, 0x61, 0x6c, 0x65, 0x74, 0x74, 0x65, 0x2c
  .byte 0x0a, 0x20, 0x20, 0x20, 0x20, 0x74, 0x68, 0x65, 0x6d, 0x65, 0x50, 0x61, 0x6c, 0x65, 0x74, 0x74
  .byte 0x65, 0x4e, 0x61, 0x6d, 0x65, 0x3a, 0x20, 0x22, 0x72, 0x61, 0x64, 0x69, 0x61, 0x6c, 0x43, 0x68
  .byte 0x61, 0x72, 0x74, 0x50, 0x61, 0x6c, 0x65, 0x74, 0x74, 0x65, 0x22, 0x2c, 0x0a, 0x20, 0x20, 0x20
  .byte 0x20, 0x64, 0x61, 0x74, 0x61, 0x4c, 0x65, 0x6e, 0x67, 0x74, 0x68, 0x3a, 0x20, 0x73, 0x6f, 0x72
  .byte 0x74, 0x65, 0x64, 0x50, 0x72, 0x6f, 0x63, 0x65, 0x73, 0x73, 0x65, 0x64, 0x44, 0x61, 0x74, 0x61
  .byte 0x2e, 0x6c, 0x65, 0x6e, 0x67, 0x74, 0x68, 0x2c, 0x0a, 0x20, 0x20, 0x7d, 0x29, 0x3b, 0x0a, 0x0a
  .byte 0x20, 0x20, 0x63, 0x6f, 0x6e, 0x73, 0x74, 0x20, 0x65, 0x78, 0x70, 0x6f, 0x72, 0x74, 0x44, 0x61
  .byte 0x74, 0x61, 0x20, 0x3d, 0x20, 0x75, 0x73, 0x65, 0x45, 0x78, 0x70, 0x6f, 0x72, 0x74, 0x43, 0x68
  .byte 0x61, 0x72, 0x74, 0x44, 0x61, 0x74, 0x61, 0x28, 0x7b, 0x0a, 0x20, 0x20, 0x20, 0x20, 0x74, 0x79
  .byte 0x70, 0x65, 0x3a, 0x20, 0x22, 0x70, 0x69, 0x65, 0x22, 0x2c, 0x0a, 0x20, 0x20, 0x20, 0x20, 0x64
  .byte 0x61, 0x74, 0x61, 0x3a, 0x20, 0x73, 0x6f, 0x72, 0x74, 0x65, 0x64, 0x50, 0x72, 0x6f, 0x63, 0x65
  .byte 0x73, 0x73, 0x65, 0x64, 0x44, 0x61, 0x74, 0x61, 0x2c, 0x0a, 0x20, 0x20, 0x20, 0x20, 0x63, 0x61
  .byte 0x74, 0x65, 0x67, 0x6f, 0x72, 0x79, 0x4b, 0x65, 0x79, 0x3a, 0x20, 0x63, 0x61, 0x74, 0x65, 0x67
  .byte 0x6f, 0x72, 0x79, 0x4b, 0x65, 0x79, 0x20, 0x61, 0x73, 0x20, 0x73, 0x74, 0x72, 0x69, 0x6e, 0x67
  .byte 0x2c, 0x0a, 0x20, 0x20, 0x20, 0x20, 0x64, 0x61, 0x74, 0x61, 0x4b, 0x65, 0x79, 0x73, 0x3a, 0x20
  .byte 0x5b, 0x64, 0x61, 0x74, 0x61, 0x4b, 0x65, 0x79, 0x20, 0x61, 0x73, 0x20, 0x73, 0x74, 0x72, 0x69
  .byte 0x6e, 0x67, 0x5d, 0x2c, 0x0a, 0x20, 0x20, 0x20, 0x20, 0x63, 0x6f, 0x6c, 0x6f, 0x72, 0x73, 0x2c
  .byte 0x0a, 0x20, 0x20, 0x20, 0x20, 0x6c, 0x65, 0x67, 0x65, 0x6e, 0x64, 0x2c, 0x0a, 0x20, 0x20, 0x7d
  .byte 0x29, 0x3b, 0x0a, 0x0a, 0x20, 0x20, 0x2f, 0x2f, 0x20, 0x4d, 0x65, 0x6d, 0x6f, 0x69, 0x7a, 0x65
  .byte 0x20, 0x65, 0x78, 0x70, 0x65, 0x6e, 0x73, 0x69, 0x76, 0x65, 0x20, 0x64, 0x61, 0x74, 0x61, 0x20
  .byte 0x74, 0x72, 0x61, 0x6e, 0x73, 0x66, 0x6f, 0x72, 0x6d, 0x61, 0x74, 0x69, 0x6f, 0x6e, 0x73, 0x20
  .byte 0x61, 0x6e, 0x64, 0x20, 0x63, 0x6f, 0x6e, 0x66, 0x69, 0x67, 0x75, 0x72, 0x61, 0x74, 0x69, 0x6f
  .byte 0x6e, 0x73, 0x0a, 0x20, 0x20, 0x63, 0x6f, 0x6e, 0x73, 0x74, 0x20, 0x74, 0x72, 0x61, 0x6e, 0x73
  .byte 0x66, 0x6f, 0x72, 0x6d, 0x65, 0x64, 0x44, 0x61, 0x74, 0x61, 0x20, 0x3d, 0x20, 0x75, 0x73, 0x65
  .byte 0x4d, 0x65, 0x6d, 0x6f, 0x28, 0x0a, 0x20, 0x20, 0x20, 0x20, 0x28, 0x29, 0x20, 0x3d, 0x3e, 0x20
  .byte 0x74, 0x72, 0x61, 0x6e, 0x73, 0x66, 0x6f, 0x72, 0x6d, 0x52, 0x61, 0x64, 0x69, 0x61, 0x6c, 0x44
  .byte 0x61, 0x74, 0x61, 0x57, 0x69, 0x74, 0x68, 0x50, 0x65, 0x72, 0x63, 0x65, 0x6e, 0x74, 0x61, 0x67
  .byte 0x65, 0x73, 0x28, 0x73, 0x6f, 0x72, 0x74, 0x65, 0x64, 0x50, 0x72, 0x6f, 0x63, 0x65, 0x73, 0x73
  .byte 0x65, 0x64, 0x44, 0x61, 0x74, 0x61, 0x20, 0x61, 0x73, 0x20, 0x54, 0x2c, 0x20, 0x64, 0x61, 0x74
  .byte 0x61, 0x4b, 0x65, 0x79, 0x2c, 0x20, 0x63, 0x6f, 0x6c, 0x6f, 0x72, 0x73, 0x29, 0x2c, 0x0a, 0x20
  .byte 0x20, 0x20, 0x20, 0x5b, 0x73, 0x6f, 0x72, 0x74, 0x65, 0x64, 0x50, 0x72, 0x6f, 0x63, 0x65, 0x73
  .byte 0x73, 0x65, 0x64, 0x44, 0x61, 0x74, 0x61, 0x2c, 0x20, 0x64, 0x61, 0x74, 0x61, 0x4b, 0x65, 0x79
  .byte 0x2c, 0x20, 0x63, 0x6f, 0x6c, 0x6f, 0x72, 0x73, 0x5d, 0x2c, 0x0a, 0x20, 0x20, 0x29, 0x3b, 0x0a
  .byte 0x0a, 0x20, 0x20, 0x63, 0x6f, 0x6e, 0x73, 0x74, 0x20, 0x63, 0x68, 0x61, 0x72, 0x74, 0x43, 0x6f
  .byte 0x6e, 0x66, 0x69, 0x67, 0x20, 0x3d, 0x20, 0x75, 0x73, 0x65, 0x4d, 0x65, 0x6d, 0x6f, 0x28, 0x0a
  .byte 0x20, 0x20, 0x20, 0x20, 0x28, 0x29, 0x20, 0x3d, 0x3e, 0x20, 0x67, 0x65, 0x74, 0x43, 0x61, 0x74
  .byte 0x65, 0x67, 0x6f, 0x72, 0x69, 0x63, 0x61, 0x6c, 0x43, 0x68, 0x61, 0x72, 0x74, 0x43, 0x6f, 0x6e
  .byte 0x66, 0x69, 0x67, 0x28, 0x73, 0x6f, 0x72, 0x74, 0x65, 0x64, 0x50, 0x72, 0x6f, 0x63, 0x65, 0x73
  .byte 0x73, 0x65, 0x64, 0x44, 0x61, 0x74, 0x61, 0x20, 0x61, 0x73, 0x20, 0x54, 0x2c, 0x20, 0x63, 0x61
  .byte 0x74, 0x65, 0x67, 0x6f, 0x72, 0x79, 0x4b, 0x65, 0x79, 0x2c, 0x20, 0x63, 0x6f, 0x6c, 0x6f, 0x72
  .byte 0x73, 0x2c, 0x20, 0x74, 0x72, 0x61, 0x6e, 0x73, 0x66, 0x6f, 0x72, 0x6d, 0x65, 0x64, 0x4b, 0x65
  .byte 0x79, 0x73, 0x29, 0x2c, 0x0a, 0x20, 0x20, 0x20, 0x20, 0x5b, 0x73, 0x6f, 0x72, 0x74, 0x65, 0x64
  .byte 0x50, 0x72, 0x6f, 0x63, 0x65, 0x73, 0x73, 0x65, 0x64, 0x44, 0x61, 0x74, 0x61, 0x2c, 0x20, 0x63
  .byte 0x61, 0x74, 0x65, 0x67, 0x6f, 0x72, 0x79, 0x4b, 0x65, 0x79, 0x2c, 0x20, 0x63, 0x6f, 0x6c, 0x6f
  .byte 0x72, 0x73, 0x2c, 0x20, 0x74, 0x72, 0x61, 0x6e, 0x73, 0x66, 0x6f, 0x72, 0x6d, 0x65, 0x64, 0x4b
  .byte 0x65, 0x79, 0x73, 0x5d, 0x2c, 0x0a, 0x20, 0x20, 0x29, 0x3b, 0x0a, 0x0a, 0x20, 0x20, 0x63, 0x6f
  .byte 0x6e, 0x73, 0x74, 0x20, 0x61, 0x6e, 0x69, 0x6d, 0x61, 0x74, 0x69, 0x6f, 0x6e, 0x43, 0x6f, 0x6e
  .byte 0x66, 0x69, 0x67, 0x20, 0x3d, 0x20, 0x75, 0x73, 0x65, 0x4d, 0x65, 0x6d, 0x6f, 0x28, 0x0a, 0x20
  .byte 0x20, 0x20, 0x20, 0x28, 0x29, 0x20, 0x3d, 0x3e, 0x20, 0x63, 0x72, 0x65, 0x61, 0x74, 0x65, 0x52
  .byte 0x61, 0x64, 0x69, 0x61, 0x6c, 0x41, 0x6e, 0x69, 0x6d, 0x61, 0x74, 0x69, 0x6f, 0x6e, 0x43, 0x6f
  .byte 0x6e, 0x66, 0x69, 0x67, 0x28, 0x7b, 0x20, 0x69, 0x73, 0x41, 0x6e, 0x69, 0x6d, 0x61, 0x74, 0x69
  .byte 0x6f, 0x6e, 0x41, 0x63, 0x74, 0x69, 0x76, 0x65, 0x20, 0x7d, 0x29, 0x2c, 0x0a, 0x20, 0x20, 0x20
  .byte 0x20, 0x5b, 0x69, 0x73, 0x41, 0x6e, 0x69, 0x6d, 0x61, 0x74, 0x69, 0x6f, 0x6e, 0x41, 0x63, 0x74
  .byte 0x69, 0x76, 0x65, 0x5d, 0x2c, 0x0a, 0x20, 0x20, 0x29, 0x3b, 0x0a, 0x0a, 0x20, 0x20, 0x63, 0x6f
  .byte 0x6e, 0x73, 0x74, 0x20, 0x65, 0x76, 0x65, 0x6e, 0x74, 0x48, 0x61, 0x6e, 0x64, 0x6c, 0x65, 0x72
  .byte 0x73, 0x20, 0x3d, 0x20, 0x75, 0x73, 0x65, 0x4d, 0x65, 0x6d, 0x6f, 0x28, 0x0a, 0x20, 0x20, 0x20
  .byte 0x20, 0x28, 0x29, 0x20, 0x3d, 0x3e, 0x20, 0x63, 0x72, 0x65, 0x61, 0x74, 0x65, 0x52, 0x61, 0x64
  .byte 0x69, 0x61, 0x6c, 0x45, 0x76, 0x65, 0x6e, 0x74, 0x48, 0x61, 0x6e, 0x64, 0x6c, 0x65, 0x72, 0x73
  .byte 0x28, 0x6f, 0x6e, 0x4d, 0x6f, 0x75, 0x73, 0x65, 0x45, 0x6e, 0x74, 0x65, 0x72, 0x2c, 0x20, 0x6f
  .byte 0x6e, 0x4d, 0x6f, 0x75, 0x73, 0x65, 0x4c, 0x65, 0x61, 0x76, 0x65, 0x2c, 0x20, 0x6f, 0x6e, 0x43
  .byte 0x6c, 0x69, 0x63, 0x6b, 0x29, 0x2c, 0x0a, 0x20, 0x20, 0x20, 0x20, 0x5b, 0x6f, 0x6e, 0x4d, 0x6f
  .byte 0x75, 0x73, 0x65, 0x45, 0x6e, 0x74, 0x65, 0x72, 0x2c, 0x20, 0x6f, 0x6e, 0x4d, 0x6f, 0x75, 0x73
  .byte 0x65, 0x4c, 0x65, 0x61, 0x76, 0x65, 0x2c, 0x20, 0x6f, 0x6e, 0x43, 0x6c, 0x69, 0x63, 0x6b, 0x5d
  .byte 0x2c, 0x0a, 0x20, 0x20, 0x29, 0x3b, 0x0a, 0x0a, 0x20, 0x20, 0x2f, 0x2f, 0x20, 0x43, 0x72, 0x65
  .byte 0x61, 0x74, 0x65, 0x20, 0x6c, 0x65, 0x67, 0x65, 0x6e, 0x64, 0x20, 0x69, 0x74, 0x65, 0x6d, 0x73
  .byte 0x20, 0x66, 0x6f, 0x72, 0x20, 0x62, 0x6f, 0x74, 0x68, 0x20, 0x76, 0x61, 0x72, 0x69, 0x61, 0x6e
  .byte 0x74, 0x73, 0x0a, 0x20, 0x20, 0x63, 0x6f, 0x6e, 0x73, 0x74, 0x20, 0x6c, 0x65, 0x67, 0x65, 0x6e
  .byte 0x64, 0x49, 0x74, 0x65, 0x6d, 0x73, 0x20, 0x3d, 0x20, 0x75, 0x73, 0x65, 0x4d, 0x65, 0x6d, 0x6f
  .byte 0x28, 0x0a, 0x20, 0x20, 0x20, 0x20, 0x28, 0x29, 0x20, 0x3d, 0x3e, 0x0a, 0x20, 0x20, 0x20, 0x20
  .byte 0x20, 0x20, 0x73, 0x6f, 0x72, 0x74, 0x65, 0x64, 0x50, 0x72, 0x6f, 0x63, 0x65, 0x73, 0x73, 0x65
  .byte 0x64, 0x44, 0x61, 0x74, 0x61, 0x2e, 0x6d, 0x61, 0x70, 0x28, 0x28, 0x69, 0x74, 0x65, 0x6d, 0x2c
  .byte 0x20, 0x69, 0x6e, 0x64, 0x65, 0x78, 0x29, 0x20, 0x3d, 0x3e, 0x20, 0x28, 0x7b, 0x0a, 0x20, 0x20
  .byte 0x20, 0x20, 0x20, 0x20, 0x20, 0x20, 0x6b, 0x65, 0x79, 0x3a, 0x20, 0x53, 0x74, 0x72, 0x69, 0x6e
  .byte 0x67, 0x28, 0x69, 0x74, 0x65, 0x6d, 0x5b, 0x63, 0x61, 0x74, 0x65, 0x67, 0x6f, 0x72, 0x79, 0x4b
  .byte 0x65, 0x79, 0x5d, 0x29, 0x2c, 0x0a, 0x20, 0x20, 0x20, 0x20, 0x20, 0x20, 0x20, 0x20, 0x6c, 0x61
  .byte 0x62, 0x65, 0x6c, 0x3a, 0x20, 0x53, 0x74, 0x72, 0x69, 0x6e, 0x67, 0x28, 0x69, 0x74, 0x65, 0x6d
  .byte 0x5b, 0x63, 0x61, 0x74, 0x65, 0x67, 0x6f, 0x72, 0x79, 0x4b, 0x65, 0x79, 0x5d, 0x29, 0x2c, 0x0a
  .byte 0x20, 0x20, 0x20, 0x20, 0x20, 0x20, 0x20, 0x20, 0x76, 0x61, 0x6c, 0x75, 0x65, 0x3a, 0x20, 0x4e
  .byte 0x75, 0x6d, 0x62, 0x65, 0x72, 0x28, 0x69, 0x74, 0x65, 0x6d, 0x5b, 0x64, 0x61, 0x74, 0x61, 0x4b
  .byte 0x65, 0x79, 0x5d, 0x29, 0x2c, 0x0a, 0x20, 0x20, 0x20, 0x20, 0x20, 0x20, 0x20, 0x20, 0x63, 0x6f
  .byte 0x6c, 0x6f, 0x72, 0x3a, 0x20, 0x63, 0x6f, 0x6c, 0x6f, 0x72, 0x73, 0x5b, 0x69, 0x6e, 0x64, 0x65
  .byte 0x78, 0x5d, 0x20, 0x7c, 0x7c, 0x20, 0x22, 0x23, 0x30, 0x30, 0x30, 0x30, 0x30, 0x30, 0x22, 0x2c
  .byte 0x0a, 0x20, 0x20, 0x20, 0x20, 0x20, 0x20, 0x7d, 0x29, 0x29, 0x2c, 0x0a, 0x20, 0x20, 0x20, 0x20
  .byte 0x5b, 0x73, 0x6f, 0x72, 0x74, 0x65, 0x64, 0x50, 0x72, 0x6f, 0x63, 0x65, 0x73, 0x73, 0x65, 0x64
  .byte 0x44, 0x61, 0x74, 0x61, 0x2c, 0x20, 0x63, 0x61, 0x74, 0x65, 0x67, 0x6f, 0x72, 0x79, 0x4b, 0x65
  .byte 0x79, 0x2c, 0x20, 0x64, 0x61, 0x74, 0x61, 0x4b, 0x65, 0x79, 0x2c, 0x20, 0x63, 0x6f, 0x6c, 0x6f
  .byte 0x72, 0x73, 0x5d, 0x2c, 0x0a, 0x20, 0x20, 0x29, 0x3b, 0x0a, 0x0a, 0x20, 0x20, 0x63, 0x6f, 0x6e
  .byte 0x73, 0x74, 0x20, 0x64, 0x65, 0x66, 0x61, 0x75, 0x6c, 0x74, 0x4c, 0x65, 0x67, 0x65, 0x6e, 0x64
  .byte 0x49, 0x74, 0x65, 0x6d, 0x73, 0x20, 0x3d, 0x20, 0x75, 0x73, 0x65, 0x4d, 0x65, 0x6d, 0x6f, 0x28
  .byte 0x28, 0x29, 0x3a, 0x20, 0x4c, 0x65, 0x67, 0x65, 0x6e, 0x64, 0x49, 0x74, 0x65, 0x6d, 0x5b, 0x5d
  .byte 0x20, 0x3d, 0x3e, 0x20, 0x7b, 0x0a, 0x20, 0x20, 0x20, 0x20, 0x72, 0x65, 0x74, 0x75, 0x72, 0x6e
  .byte 0x20, 0x6c, 0x65, 0x67, 0x65, 0x6e, 0x64, 0x49, 0x74, 0x65, 0x6d, 0x73, 0x2e, 0x6d, 0x61, 0x70
  .byte 0x28, 0x28, 0x7b, 0x20, 0x6b, 0x65, 0x79, 0x2c, 0x20, 0x6c, 0x61, 0x62, 0x65, 0x6c, 0x2c, 0x20
  .byte 0x63, 0x6f, 0x6c, 0x6f, 0x72, 0x20, 0x7d, 0x29, 0x20, 0x3d, 0x3e, 0x20, 0x28, 0x7b, 0x20, 0x6b
  .byte 0x65, 0x79, 0x2c, 0x20, 0x6c, 0x61, 0x62, 0x65, 0x6c, 0x2c, 0x20, 0x63, 0x6f, 0x6c, 0x6f, 0x72
  .byte 0x20, 0x7d, 0x29, 0x29, 0x3b, 0x0a, 0x20, 0x20, 0x7d, 0x2c, 0x20, 0x5b, 0x6c, 0x65, 0x67, 0x65
  .byte 0x6e, 0x64, 0x49, 0x74, 0x65, 0x6d, 0x73, 0x5d, 0x29, 0x3b, 0x0a, 0x0a, 0x20, 0x20, 0x2f, 0x2f
  .byte 0x20, 0x48, 0x61, 0x6e, 0x64, 0x6c, 0x65, 0x20, 0x6c, 0x65, 0x67, 0x65, 0x6e, 0x64, 0x20, 0x69
  .byte 0x74, 0x65, 0x6d, 0x20, 0x68, 0x6f, 0x76, 0x65, 0x72, 0x20, 0x74, 0x6f, 0x20, 0x68, 0x69, 0x67
  .byte 0x68, 0x6c, 0x69, 0x67, 0x68, 0x74, 0x20, 0x72, 0x61, 0x64, 0x69, 0x61, 0x6c, 0x20, 0x62, 0x61
  .byte 0x72, 0x0a, 0x20, 0x20, 0x63, 0x6f, 0x6e, 0x73, 0x74, 0x20, 0x68, 0x61, 0x6e, 0x64, 0x6c, 0x65
  .byte 0x4c, 0x65, 0x67, 0x65, 0x6e, 0x64, 0x49, 0x74, 0x65, 0x6d, 0x48, 0x6f, 0x76, 0x65, 0x72, 0x20
  .byte 0x3d, 0x20, 0x75, 0x73, 0x65, 0x43, 0x61, 0x6c, 0x6c, 0x62, 0x61, 0x63, 0x6b, 0x28, 0x0a, 0x20
  .byte 0x20, 0x20, 0x20, 0x28, 0x69, 0x6e, 0x64, 0x65, 0x78, 0x3a, 0x20, 0x6e, 0x75, 0x6d, 0x62, 0x65
  .byte 0x72, 0x20, 0x7c, 0x20, 0x6e, 0x75, 0x6c, 0x6c, 0x29, 0x20, 0x3d, 0x3e, 0x20, 0x7b, 0x0a, 0x20
  .byte 0x20, 0x20, 0x20, 0x20, 0x20, 0x69, 0x66, 0x20, 0x28, 0x6c, 0x65, 0x67, 0x65, 0x6e, 0x64, 0x56
  .byte 0x61, 0x72, 0x69, 0x61, 0x6e, 0x74, 0x20, 0x21, 0x3d, 0x3d, 0x20, 0x22, 0x73, 0x74, 0x61, 0x63
  .byte 0x6b, 0x65, 0x64, 0x22, 0x29, 0x20, 0x72, 0x65, 0x74, 0x75, 0x72, 0x6e, 0x3b, 0x0a, 0x20, 0x20
  .byte 0x20, 0x20, 0x20, 0x20, 0x69, 0x66, 0x20, 0x28, 0x69, 0x6e, 0x64, 0x65, 0x78, 0x20, 0x21, 0x3d
  .byte 0x3d, 0x20, 0x6e, 0x75, 0x6c, 0x6c, 0x29, 0x20, 0x7b, 0x0a, 0x20, 0x20, 0x20, 0x20, 0x20, 0x20
  .byte 0x20, 0x20, 0x63, 0x6f, 0x6e, 0x73, 0x74, 0x20, 0x69, 0x74, 0x65, 0x6d, 0x20, 0x3d, 0x20, 0x73
  .byte 0x6f, 0x72, 0x74, 0x65, 0x64, 0x50, 0x72, 0x6f, 0x63, 0x65, 0x73, 0x73, 0x65, 0x64, 0x44, 0x61
  .byte 0x74, 0x61, 0x5b, 0x69, 0x6e, 0x64, 0x65, 0x78, 0x5d, 0x3b, 0x0a, 0x20, 0x20, 0x20, 0x20, 0x20
  .byte 0x20, 0x20, 0x20, 0x69, 0x66, 0x20, 0x28, 0x69, 0x74, 0x65, 0x6d, 0x29, 0x20, 0x7b, 0x0a, 0x20
  .byte 0x20, 0x20, 0x20, 0x20, 0x20, 0x20, 0x20, 0x20, 0x20, 0x63, 0x6f, 0x6e, 0x73, 0x74, 0x20, 0x63
  .byte 0x61, 0x74, 0x65, 0x67, 0x6f, 0x72, 0x79, 0x56, 0x61, 0x6c, 0x75, 0x65, 0x20, 0x3d, 0x20, 0x53
  .byte 0x74, 0x72, 0x69, 0x6e, 0x67, 0x28, 0x69, 0x74, 0x65, 0x6d, 0x5b, 0x63, 0x61, 0x74, 0x65, 0x67
  .byte 0x6f, 0x72, 0x79, 0x4b, 0x65, 0x79, 0x5d, 0x29, 0x3b, 0x0a, 0x20, 0x20, 0x20, 0x20, 0x20, 0x20
  .byte 0x20, 0x20, 0x20, 0x20, 0x73, 0x65, 0x74, 0x48, 0x6f, 0x76, 0x65, 0x72, 0x65, 0x64, 0x4c, 0x65
  .byte 0x67, 0x65, 0x6e, 0x64, 0x4b, 0x65, 0x79, 0x28, 0x63, 0x61, 0x74, 0x65, 0x67, 0x6f, 0x72, 0x79
  .byte 0x56, 0x61, 0x6c, 0x75, 0x65, 0x29, 0x3b, 0x0a, 0x20, 0x20, 0x20, 0x20, 0x20, 0x20, 0x20, 0x20
  .byte 0x20, 0x20, 0x2f, 0x2f, 0x20, 0x46, 0x69, 0x6e, 0x64, 0x20, 0x74, 0x68, 0x65, 0x20, 0x69, 0x6e
  .byte 0x64, 0x65, 0x78, 0x20, 0x69, 0x6e, 0x20, 0x74, 0x68, 0x65, 0x20, 0x74, 0x72, 0x61, 0x6e, 0x73
  .byte 0x66, 0x6f, 0x72, 0x6d, 0x65, 0x64, 0x20, 0x64, 0x61, 0x74, 0x61, 0x20, 0x28, 0x77, 0x68, 0x69
  .byte 0x63, 0x68, 0x20, 0x69, 0x73, 0x20, 0x61, 0x6c, 0x73, 0x6f, 0x20, 0x73, 0x6f, 0x72, 0x74, 0x65
  .byte 0x64, 0x29, 0x0a, 0x20, 0x20, 0x20, 0x20, 0x20, 0x20, 0x20, 0x20, 0x20, 0x20, 0x63, 0x6f, 0x6e
  .byte 0x73, 0x74, 0x20, 0x74, 0x72, 0x61, 0x6e, 0x73, 0x66, 0x6f, 0x72, 0x6d, 0x65, 0x64, 0x49, 0x6e
  .byte 0x64, 0x65, 0x78, 0x20, 0x3d, 0x20, 0x74, 0x72, 0x61, 0x6e, 0x73, 0x66, 0x6f, 0x72, 0x6d, 0x65
  .byte 0x64, 0x44, 0x61, 0x74, 0x61, 0x2e, 0x66, 0x69, 0x6e, 0x64, 0x49, 0x6e, 0x64, 0x65, 0x78, 0x28
  .byte 0x0a, 0x20, 0x20, 0x20, 0x20, 0x20, 0x20, 0x20, 0x20, 0x20, 0x20, 0x20, 0x20, 0x28, 0x64, 0x29
  .byte 0x20, 0x3d, 0x3e, 0x20, 0x53, 0x74, 0x72, 0x69, 0x6e, 0x67, 0x28, 0x28, 0x64, 0x20, 0x61, 0x73
  .byte 0x20, 0x61, 0x6e, 0x79, 0x29, 0x5b, 0x63, 0x61, 0x74, 0x65, 0x67, 0x6f, 0x72, 0x79, 0x4b, 0x65
  .byte 0x79, 0x5d, 0x29, 0x20, 0x3d, 0x3d, 0x3d, 0x20, 0x63, 0x61, 0x74, 0x65, 0x67, 0x6f, 0x72, 0x79
  .byte 0x56, 0x61, 0x6c, 0x75, 0x65, 0x2c, 0x0a, 0x20, 0x20, 0x20, 0x20, 0x20, 0x20, 0x20, 0x20, 0x20
  .byte 0x20, 0x29, 0x3b, 0x0a, 0x20, 0x20, 0x20, 0x20, 0x20, 0x20, 0x20, 0x20, 0x20, 0x20, 0x69, 0x66
  .byte 0x20, 0x28, 0x74, 0x72, 0x61, 0x6e, 0x73, 0x66, 0x6f, 0x72, 0x6d, 0x65, 0x64, 0x49, 0x6e, 0x64
  .byte 0x65, 0x78, 0x20, 0x21, 0x3d, 0x3d, 0x20, 0x2d, 0x31, 0x29, 0x20, 0x7b, 0x0a, 0x20, 0x20, 0x20
  .byte 0x20, 0x20, 0x20, 0x20, 0x20, 0x20, 0x20, 0x20, 0x20, 0x68, 0x61, 0x6e, 0x64, 0x6c, 0x65, 0x4d
  .byte 0x6f, 0x75, 0x73, 0x65, 0x45, 0x6e, 0x74, 0x65, 0x72, 0x28, 0x74, 0x72, 0x61, 0x6e, 0x73, 0x66
  .byte 0x6f, 0x72, 0x6d, 0x65, 0x64, 0x44, 0x61, 0x74, 0x61, 0x5b, 0x74, 0x72, 0x61, 0x6e, 0x73, 0x66
  .byte 0x6f, 0x72, 0x6d, 0x65, 0x64, 0x49, 0x6e, 0x64, 0x65, 0x78, 0x5d, 0x2c, 0x20, 0x74, 0x72, 0x61
  .byte 0x6e, 0x73, 0x66, 0x6f, 0x72, 0x6d, 0x65, 0x64, 0x49, 0x6e, 0x64, 0x65, 0x78, 0x29, 0x3b, 0x0a
  .byte 0x20, 0x20, 0x20, 0x20, 0x20, 0x20, 0x20, 0x20, 0x20, 0x20, 0x7d, 0x0a, 0x20, 0x20, 0x20, 0x20
  .byte 0x20, 0x20, 0x20, 0x20, 0x7d, 0x0a, 0x20, 0x20, 0x20, 0x20, 0x20, 0x20, 0x7d, 0x20, 0x65, 0x6c
  .byte 0x73, 0x65, 0x20, 0x7b, 0x0a, 0x20, 0x20, 0x20, 0x20, 0x20, 0x20, 0x20, 0x20, 0x73, 0x65, 0x74
  .byte 0x48, 0x6f, 0x76, 0x65, 0x72, 0x65, 0x64, 0x4c, 0x65, 0x67, 0x65, 0x6e, 0x64, 0x4b, 0x65, 0x79
  .byte 0x28, 0x6e, 0x75, 0x6c, 0x6c, 0x29, 0x3b, 0x0a, 0x20, 0x20, 0x20, 0x20, 0x20, 0x20, 0x20, 0x20
  .byte 0x68, 0x61, 0x6e, 0x64, 0x6c, 0x65, 0x4d, 0x6f, 0x75, 0x73, 0x65, 0x4c, 0x65, 0x61, 0x76, 0x65
  .byte 0x28, 0x29, 0x3b, 0x0a, 0x20, 0x20, 0x20, 0x20, 0x20, 0x20, 0x7d, 0x0a, 0x20, 0x20, 0x20, 0x20
  .byte 0x7d, 0x2c, 0x0a, 0x20, 0x20, 0x20, 0x20, 0x5b, 0x0a, 0x20, 0x20, 0x20, 0x20, 0x20, 0x20, 0x73
  .byte 0x6f, 0x72, 0x74, 0x65, 0x64, 0x50, 0x72, 0x6f, 0x63, 0x65, 0x73, 0x73, 0x65, 0x64, 0x44, 0x61
  .byte 0x74, 0x61, 0x2c, 0x0a, 0x20, 0x20, 0x20, 0x20, 0x20, 0x20, 0x63, 0x61, 0x74, 0x65, 0x67, 0x6f
  .byte 0x72, 0x79, 0x4b, 0x65, 0x79, 0x2c, 0x0a, 0x20, 0x20, 0x20, 0x20, 0x20, 0x20, 0x74, 0x72, 0x61
  .byte 0x6e, 0x73, 0x66, 0x6f, 0x72, 0x6d, 0x65, 0x64, 0x44, 0x61, 0x74, 0x61, 0x2c, 0x0a, 0x20, 0x20
  .byte 0x20, 0x20, 0x20, 0x20, 0x68, 0x61, 0x6e, 0x64, 0x6c, 0x65, 0x4d, 0x6f, 0x75, 0x73, 0x65, 0x45
  .byte 0x6e, 0x74, 0x65, 0x72, 0x2c, 0x0a, 0x20, 0x20, 0x20, 0x20, 0x20, 0x20, 0x68, 0x61, 0x6e, 0x64
  .byte 0x6c, 0x65, 0x4d, 0x6f, 0x75, 0x73, 0x65, 0x4c, 0x65, 0x61, 0x76, 0x65, 0x2c, 0x0a, 0x20, 0x20
  .byte 0x20, 0x20, 0x20, 0x20, 0x6c, 0x65, 0x67, 0x65, 0x6e, 0x64, 0x56, 0x61, 0x72, 0x69, 0x61, 0x6e
  .byte 0x74, 0x2c, 0x0a, 0x20, 0x20, 0x20, 0x20, 0x5d, 0x2c, 0x0a, 0x20, 0x20, 0x29, 0x3b, 0x0a, 0x0a
  .byte 0x20, 0x20, 0x2f, 0x2f, 0x20, 0x45, 0x6e, 0x68, 0x61, 0x6e, 0x63, 0x65, 0x64, 0x20, 0x63, 0x68
  .byte 0x61, 0x72, 0x74, 0x20, 0x68, 0x6f, 0x76, 0x65, 0x72, 0x20, 0x68, 0x61, 0x6e, 0x64, 0x6c, 0x65
  .byte 0x72, 0x73, 0x0a, 0x20, 0x20, 0x63, 0x6f, 0x6e, 0x73, 0x74, 0x20, 0x68, 0x61, 0x6e, 0x64, 0x6c
  .byte 0x65, 0x43, 0x68, 0x61, 0x72, 0x74, 0x4d, 0x6f, 0x75, 0x73, 0x65, 0x45, 0x6e, 0x74, 0x65, 0x72
  .byte 0x20, 0x3d, 0x20, 0x75, 0x73, 0x65, 0x43, 0x61, 0x6c, 0x6c, 0x62, 0x61, 0x63, 0x6b, 0x28, 0x0a
  .byte 0x20, 0x20, 0x20, 0x20, 0x28, 0x65, 0x6e, 0x74, 0x72, 0x79, 0x3a, 0x20, 0x61, 0x6e, 0x79, 0x2c
  .byte 0x20, 0x69, 0x6e, 0x64, 0x65, 0x78, 0x3a, 0x20, 0x6e, 0x75, 0x6d, 0x62, 0x65, 0x72, 0x29, 0x20
  .byte 0x3d, 0x3e, 0x20, 0x7b, 0x0a, 0x20, 0x20, 0x20, 0x20, 0x20, 0x20, 0x68, 0x61, 0x6e, 0x64, 0x6c
  .byte 0x65, 0x4d, 0x6f, 0x75, 0x73, 0x65, 0x45, 0x6e, 0x74, 0x65, 0x72, 0x28, 0x65, 0x6e, 0x74, 0x72
  .byte 0x79, 0x2c, 0x20, 0x69, 0x6e, 0x64, 0x65, 0x78, 0x29, 0x3b, 0x0a, 0x20, 0x20, 0x20, 0x20, 0x20
  .byte 0x20, 0x69, 0x66, 0x20, 0x28, 0x6c, 0x65, 0x67, 0x65, 0x6e, 0x64, 0x20, 0x26, 0x26, 0x20, 0x6c
  .byte 0x65, 0x67, 0x65, 0x6e, 0x64, 0x56, 0x61, 0x72, 0x69, 0x61, 0x6e, 0x74, 0x20, 0x3d, 0x3d, 0x3d
  .byte 0x20, 0x22, 0x73, 0x74, 0x61, 0x63, 0x6b, 0x65, 0x64, 0x22, 0x29, 0x20, 0x7b, 0x0a, 0x20, 0x20
  .byte 0x20, 0x20, 0x20, 0x20, 0x20, 0x20, 0x73, 0x65, 0x74, 0x48, 0x6f, 0x76, 0x65, 0x72, 0x65, 0x64
  .byte 0x4c, 0x65, 0x67, 0x65, 0x6e, 0x64, 0x4b, 0x65, 0x79, 0x28, 0x53, 0x74, 0x72, 0x69, 0x6e, 0x67
  .byte 0x28, 0x65, 0x6e, 0x74, 0x72, 0x79, 0x5b, 0x63, 0x61, 0x74, 0x65, 0x67, 0x6f, 0x72, 0x79, 0x4b
  .byte 0x65, 0x79, 0x5d, 0x29, 0x29, 0x3b, 0x0a, 0x20, 0x20, 0x20, 0x20, 0x20, 0x20, 0x7d, 0x0a, 0x20
  .byte 0x20, 0x20, 0x20, 0x20, 0x20, 0x65, 0x76, 0x65, 0x6e, 0x74, 0x48, 0x61, 0x6e, 0x64, 0x6c, 0x65
  .byte 0x72, 0x73, 0x2e, 0x6f, 0x6e, 0x4d, 0x6f, 0x75, 0x73, 0x65, 0x45, 0x6e, 0x74, 0x65, 0x72, 0x3f
  .byte 0x2e, 0x28, 0x65, 0x6e, 0x74, 0x72, 0x79, 0x2c, 0x20, 0x69, 0x6e, 0x64, 0x65, 0x78, 0x29, 0x3b
  .byte 0x0a, 0x20, 0x20, 0x20, 0x20, 0x7d, 0x2c, 0x0a, 0x20, 0x20, 0x20, 0x20, 0x5b, 0x68, 0x61, 0x6e
  .byte 0x64, 0x6c, 0x65, 0x4d, 0x6f, 0x75, 0x73, 0x65, 0x45, 0x6e, 0x74, 0x65, 0x72, 0x2c, 0x20, 0x63
  .byte 0x61, 0x74, 0x65, 0x67, 0x6f, 0x72, 0x79, 0x4b, 0x65, 0x79, 0x2c, 0x20, 0x6c, 0x65, 0x67, 0x65
  .byte 0x6e, 0x64, 0x2c, 0x20, 0x6c, 0x65, 0x67, 0x65, 0x6e, 0x64, 0x56, 0x61, 0x72, 0x69, 0x61, 0x6e
  .byte 0x74, 0x2c, 0x20, 0x65, 0x76, 0x65, 0x6e, 0x74, 0x48, 0x61, 0x6e, 0x64, 0x6c, 0x65, 0x72, 0x73
  .byte 0x2e, 0x6f, 0x6e, 0x4d, 0x6f, 0x75, 0x73, 0x65, 0x45, 0x6e, 0x74, 0x65, 0x72, 0x5d, 0x2c, 0x0a
  .byte 0x20, 0x20, 0x29, 0x3b, 0x0a, 0x0a, 0x20, 0x20, 0x63, 0x6f, 0x6e, 0x73, 0x74, 0x20, 0x68, 0x61
  .byte 0x6e, 0x64, 0x6c, 0x65, 0x43, 0x68, 0x61, 0x72, 0x74, 0x4d, 0x6f, 0x75, 0x73, 0x65, 0x4c, 0x65
  .byte 0x61, 0x76, 0x65, 0x20, 0x3d, 0x20, 0x75, 0x73, 0x65, 0x43, 0x61, 0x6c, 0x6c, 0x62, 0x61, 0x63
  .byte 0x6b, 0x28, 0x28, 0x29, 0x20, 0x3d, 0x3e, 0x20, 0x7b, 0x0a, 0x20, 0x20, 0x20, 0x20, 0x68, 0x61
  .byte 0x6e, 0x64, 0x6c, 0x65, 0x4d, 0x6f, 0x75, 0x73, 0x65, 0x4c, 0x65, 0x61, 0x76, 0x65, 0x28, 0x29
  .byte 0x3b, 0x0a, 0x20, 0x20, 0x20, 0x20, 0x69, 0x66, 0x20, 0x28, 0x6c, 0x65, 0x67, 0x65, 0x6e, 0x64
  .byte 0x20, 0x26, 0x26, 0x20, 0x6c, 0x65, 0x67, 0x65, 0x6e, 0x64, 0x56, 0x61, 0x72, 0x69, 0x61, 0x6e
  .byte 0x74, 0x20, 0x3d, 0x3d, 0x3d, 0x20, 0x22, 0x73, 0x74, 0x61, 0x63, 0x6b, 0x65, 0x64, 0x22, 0x29
  .byte 0x20, 0x7b, 0x0a, 0x20, 0x20, 0x20, 0x20, 0x20, 0x20, 0x73, 0x65, 0x74, 0x48, 0x6f, 0x76, 0x65
  .byte 0x72, 0x65, 0x64, 0x4c, 0x65, 0x67, 0x65, 0x6e, 0x64, 0x4b, 0x65, 0x79, 0x28, 0x6e, 0x75, 0x6c
  .byte 0x6c, 0x29, 0x3b, 0x0a, 0x20, 0x20, 0x20, 0x20, 0x7d, 0x0a, 0x20, 0x20, 0x20, 0x20, 0x65, 0x76
  .byte 0x65, 0x6e, 0x74, 0x48, 0x61, 0x6e, 0x64, 0x6c, 0x65, 0x72, 0x73, 0x2e, 0x6f, 0x6e, 0x4d, 0x6f
  .byte 0x75, 0x73, 0x65, 0x4c, 0x65, 0x61, 0x76, 0x65, 0x3f, 0x2e, 0x28, 0x29, 0x3b, 0x0a, 0x20, 0x20
  .byte 0x7d, 0x2c, 0x20, 0x5b, 0x68, 0x61, 0x6e, 0x64, 0x6c, 0x65, 0x4d, 0x6f, 0x75, 0x73, 0x65, 0x4c
  .byte 0x65, 0x61, 0x76, 0x65, 0x2c, 0x20, 0x6c, 0x65, 0x67, 0x65, 0x6e, 0x64, 0x2c, 0x20, 0x6c, 0x65
  .byte 0x67, 0x65, 0x6e, 0x64, 0x56, 0x61, 0x72, 0x69, 0x61, 0x6e, 0x74, 0x2c, 0x20, 0x65, 0x76, 0x65
  .byte 0x6e, 0x74, 0x48, 0x61, 0x6e, 0x64, 0x6c, 0x65, 0x72, 0x73, 0x2e, 0x6f, 0x6e, 0x4d, 0x6f, 0x75
  .byte 0x73, 0x65, 0x4c, 0x65, 0x61, 0x76, 0x65, 0x5d, 0x29, 0x3b, 0x0a, 0x0a, 0x20, 0x20, 0x2f, 0x2f
  .byte 0x20, 0x53, 0x65, 0x74, 0x75, 0x70, 0x20, 0x52, 0x65, 0x73, 0x69, 0x7a, 0x65, 0x4f, 0x62, 0x73
  .byte 0x65, 0x72, 0x76, 0x65, 0x72, 0x20, 0x74, 0x6f, 0x20, 0x77, 0x61, 0x74, 0x63, 0x68, 0x20, 0x74
  .byte 0x68, 0x65, 0x20, 0x77, 0x72, 0x61, 0x70, 0x70, 0x65, 0x72, 0x20, 0x65, 0x6c, 0x65, 0x6d, 0x65
  .byte 0x6e, 0x74, 0x0a, 0x20, 0x20, 0x75, 0x73, 0x65, 0x45, 0x66, 0x66, 0x65, 0x63, 0x74, 0x28, 0x28
  .byte 0x29, 0x20, 0x3d, 0x3e, 0x20, 0x7b, 0x0a, 0x20, 0x20, 0x20, 0x20, 0x63, 0x6f, 0x6e, 0x73, 0x74
  .byte 0x20, 0x77, 0x72, 0x61, 0x70, 0x70, 0x65, 0x72, 0x20, 0x3d, 0x20, 0x77, 0x72, 0x61, 0x70, 0x70
  .byte 0x65, 0x72, 0x52, 0x65, 0x66, 0x2e, 0x63, 0x75, 0x72, 0x72, 0x65, 0x6e, 0x74, 0x3b, 0x0a, 0x20
  .byte 0x20, 0x20, 0x20, 0x69, 0x66, 0x20, 0x28, 0x21, 0x77, 0x72, 0x61, 0x70, 0x70, 0x65, 0x72, 0x29
  .byte 0x20, 0x72, 0x65, 0x74, 0x75, 0x72, 0x6e, 0x3b, 0x0a, 0x0a, 0x20, 0x20, 0x20, 0x20, 0x2f, 0x2f
  .byte 0x20, 0x55, 0x73, 0x65, 0x20, 0x52, 0x65, 0x73, 0x69, 0x7a, 0x65, 0x4f, 0x62, 0x73, 0x65, 0x72
  .byte 0x76, 0x65, 0x72, 0x20, 0x69, 0x66, 0x20, 0x63, 0x6f, 0x6d, 0x70, 0x6f, 0x6e, 0x65, 0x6e, 0x74
  .byte 0x20, 0x69, 0x73, 0x20, 0x69, 0x6e, 0x20, 0x72, 0x65, 0x73, 0x70, 0x6f, 0x6e, 0x73, 0x69, 0x76
  .byte 0x65, 0x20, 0x6d, 0x6f, 0x64, 0x65, 0x20, 0x28, 0x6e, 0x6f, 0x20, 0x66, 0x69, 0x78, 0x65, 0x64
  .byte 0x20, 0x77, 0x69, 0x64, 0x74, 0x68, 0x2f, 0x68, 0x65, 0x69, 0x67, 0x68, 0x74, 0x29, 0x0a, 0x20
  .byte 0x20, 0x20, 0x20, 0x63, 0x6f, 0x6e, 0x73, 0x74, 0x20, 0x6f, 0x62, 0x73, 0x65, 0x72, 0x76, 0x65
  .byte 0x72, 0x20, 0x3d, 0x20, 0x6e, 0x65, 0x77, 0x20, 0x52, 0x65, 0x73, 0x69, 0x7a, 0x65, 0x4f, 0x62
  .byte 0x73, 0x65, 0x72, 0x76, 0x65, 0x72, 0x28, 0x28, 0x65, 0x6e, 0x74, 0x72, 0x69, 0x65, 0x73, 0x29
  .byte 0x20, 0x3d, 0x3e, 0x20, 0x7b, 0x0a, 0x20, 0x20, 0x20, 0x20, 0x20, 0x20, 0x63, 0x6f, 0x6e, 0x73
  .byte 0x74, 0x20, 0x65, 0x6e, 0x74, 0x72, 0x79, 0x20, 0x3d, 0x20, 0x65, 0x6e, 0x74, 0x72, 0x69, 0x65
  .byte 0x73, 0x5b, 0x30, 0x5d, 0x3b, 0x0a, 0x20, 0x20, 0x20, 0x20, 0x20, 0x20, 0x69, 0x66, 0x20, 0x28
  .byte 0x65, 0x6e, 0x74, 0x72, 0x79, 0x29, 0x20, 0x7b, 0x0a, 0x20, 0x20, 0x20, 0x20, 0x20, 0x20, 0x20
  .byte 0x20, 0x73, 0x65, 0x74, 0x57, 0x72, 0x61, 0x70, 0x70, 0x65, 0x72, 0x52, 0x65, 0x63, 0x74, 0x28
  .byte 0x7b, 0x0a, 0x20, 0x20, 0x20, 0x20, 0x20, 0x20, 0x20, 0x20, 0x20, 0x20, 0x77, 0x69, 0x64, 0x74
  .byte 0x68, 0x3a, 0x20, 0x65, 0x6e, 0x74, 0x72, 0x79, 0x2e, 0x63, 0x6f, 0x6e, 0x74, 0x65, 0x6e, 0x74
  .byte 0x52, 0x65, 0x63, 0x74, 0x2e, 0x77, 0x69, 0x64, 0x74, 0x68, 0x2c, 0x0a, 0x20, 0x20, 0x20, 0x20
  .byte 0x20, 0x20, 0x20, 0x20, 0x20, 0x20, 0x68, 0x65, 0x69, 0x67, 0x68, 0x74, 0x3a, 0x20, 0x65, 0x6e
  .byte 0x74, 0x72, 0x79, 0x2e, 0x63, 0x6f, 0x6e, 0x74, 0x65, 0x6e, 0x74, 0x52, 0x65, 0x63, 0x74, 0x2e
  .byte 0x68, 0x65, 0x69, 0x67, 0x68, 0x74, 0x2c, 0x0a, 0x20, 0x20, 0x20, 0x20, 0x20, 0x20, 0x20, 0x20
  .byte 0x7d, 0x29, 0x3b, 0x0a, 0x20, 0x20, 0x20, 0x20, 0x20, 0x20, 0x7d, 0x0a, 0x20, 0x20, 0x20, 0x20
  .byte 0x7d, 0x29, 0x3b, 0x0a, 0x20, 0x20, 0x20, 0x20, 0x6f, 0x62, 0x73, 0x65, 0x72, 0x76, 0x65, 0x72
  .byte 0x2e, 0x6f, 0x62, 0x73, 0x65, 0x72, 0x76, 0x65, 0x28, 0x77, 0x72, 0x61, 0x70, 0x70, 0x65, 0x72
  .byte 0x29, 0x3b, 0x0a, 0x20, 0x20, 0x20, 0x20, 0x72, 0x65, 0x74, 0x75, 0x72, 0x6e, 0x20, 0x28, 0x29
  .byte 0x20, 0x3d, 0x3e, 0x20, 0x6f, 0x62, 0x73, 0x65, 0x72, 0x76, 0x65, 0x72, 0x2e, 0x64, 0x69, 0x73
  .byte 0x63, 0x6f, 0x6e, 0x6e, 0x65, 0x63, 0x74, 0x28, 0x29, 0x3b, 0x0a, 0x20, 0x20, 0x7d, 0x2c, 0x20
  .byte 0x5b, 0x5d, 0x29, 0x3b, 0x0a, 0x0a, 0x20, 0x20, 0x63, 0x6f, 0x6e, 0x73, 0x74, 0x20, 0x72, 0x65
  .byte 0x6e, 0x64, 0x65, 0x72, 0x4c, 0x65, 0x67, 0x65, 0x6e, 0x64, 0x20, 0x3d, 0x20, 0x75, 0x73, 0x65
  .byte 0x43, 0x61, 0x6c, 0x6c, 0x62, 0x61, 0x63, 0x6b, 0x28, 0x28, 0x29, 0x20, 0x3d, 0x3e, 0x20, 0x7b
  .byte 0x0a, 0x20, 0x20, 0x20, 0x20, 0x69, 0x66, 0x20, 0x28, 0x21, 0x6c, 0x65, 0x67, 0x65, 0x6e, 0x64
  .byte 0x29, 0x20, 0x72, 0x65, 0x74, 0x75, 0x72, 0x6e, 0x20, 0x6e, 0x75, 0x6c, 0x6c, 0x3b, 0x0a, 0x20
  .byte 0x20, 0x20, 0x20, 0x69, 0x66, 0x20, 0x28, 0x6c, 0x65, 0x67, 0x65, 0x6e, 0x64, 0x56, 0x61, 0x72
  .byte 0x69, 0x61, 0x6e, 0x74, 0x20, 0x3d, 0x3d, 0x3d, 0x20, 0x22, 0x73, 0x74, 0x61, 0x63, 0x6b, 0x65
  .byte 0x64, 0x22, 0x29, 0x20, 0x7b, 0x0a, 0x20, 0x20, 0x20, 0x20, 0x20, 0x20, 0x72, 0x65, 0x74, 0x75
  .byte 0x72, 0x6e, 0x20, 0x28, 0x0a, 0x20, 0x20, 0x20, 0x20, 0x20, 0x20, 0x20, 0x20, 0x3c, 0x64, 0x69
  .byte 0x76, 0x20, 0x63, 0x6c, 0x61, 0x73, 0x73, 0x4e, 0x61, 0x6d, 0x65, 0x3d, 0x22, 0x6f, 0x70, 0x65
  .byte 0x6e, 0x75, 0x69, 0x2d, 0x72, 0x61, 0x64, 0x69, 0x61, 0x6c, 0x2d, 0x63, 0x68, 0x61, 0x72, 0x74
  .byte 0x2d, 0x6c, 0x65, 0x67, 0x65, 0x6e, 0x64, 0x2d, 0x63, 0x6f, 0x6e, 0x74, 0x61, 0x69, 0x6e, 0x65
  .byte 0x72, 0x22, 0x3e, 0x0a, 0x20, 0x20, 0x20, 0x20, 0x20, 0x20, 0x20, 0x20, 0x20, 0x20, 0x3c, 0x53
  .byte 0x74, 0x61, 0x63, 0x6b, 0x65, 0x64, 0x4c, 0x65, 0x67, 0x65, 0x6e, 0x64, 0x0a, 0x20, 0x20, 0x20
  .byte 0x20, 0x20, 0x20, 0x20, 0x20, 0x20, 0x20, 0x20, 0x20, 0x69, 0x74, 0x65, 0x6d, 0x73, 0x3d, 0x7b
  .byte 0x6c, 0x65, 0x67, 0x65, 0x6e, 0x64, 0x49, 0x74, 0x65, 0x6d, 0x73, 0x7d, 0x0a, 0x20, 0x20, 0x20
  .byte 0x20, 0x20, 0x20, 0x20, 0x20, 0x20, 0x20, 0x20, 0x20, 0x6f, 0x6e, 0x49, 0x74, 0x65, 0x6d, 0x48
  .byte 0x6f, 0x76, 0x65, 0x72, 0x3d, 0x7b, 0x73, 0x65, 0x74, 0x48, 0x6f, 0x76, 0x65, 0x72, 0x65, 0x64
  .byte 0x4c, 0x65, 0x67, 0x65, 0x6e, 0x64, 0x4b, 0x65, 0x79, 0x7d, 0x0a, 0x20, 0x20, 0x20, 0x20, 0x20
  .byte 0x20, 0x20, 0x20, 0x20, 0x20, 0x20, 0x20, 0x61, 0x63, 0x74, 0x69, 0x76, 0x65, 0x4b, 0x65, 0x79
  .byte 0x3d, 0x7b, 0x68, 0x6f, 0x76, 0x65, 0x72, 0x65, 0x64, 0x4c, 0x65, 0x67, 0x65, 0x6e, 0x64, 0x4b
  .byte 0x65, 0x79, 0x7d, 0x0a, 0x20, 0x20, 0x20, 0x20, 0x20, 0x20, 0x20, 0x20, 0x20, 0x20, 0x20, 0x20
  .byte 0x6f, 0x6e, 0x4c, 0x65, 0x67, 0x65, 0x6e, 0x64, 0x49, 0x74, 0x65, 0x6d, 0x48, 0x6f, 0x76, 0x65
  .byte 0x72, 0x3d, 0x7b, 0x68, 0x61, 0x6e, 0x64, 0x6c, 0x65, 0x4c, 0x65, 0x67, 0x65, 0x6e, 0x64, 0x49
  .byte 0x74, 0x65, 0x6d, 0x48, 0x6f, 0x76, 0x65, 0x72, 0x7d, 0x0a, 0x20, 0x20, 0x20, 0x20, 0x20, 0x20
  .byte 0x20, 0x20, 0x20, 0x20, 0x20, 0x20, 0x63, 0x6f, 0x6e, 0x74, 0x61, 0x69, 0x6e, 0x65, 0x72, 0x57
  .byte 0x69, 0x64, 0x74, 0x68, 0x3d, 0x7b, 0x69, 0x73, 0x52, 0x6f, 0x77, 0x4c, 0x61, 0x79, 0x6f, 0x75
  .byte 0x74, 0x20, 0x3f, 0x20, 0x75, 0x6e, 0x64, 0x65, 0x66, 0x69, 0x6e, 0x65, 0x64, 0x20, 0x3a, 0x20
  .byte 0x77, 0x72, 0x61, 0x70, 0x70, 0x65, 0x72, 0x52, 0x65, 0x63, 0x74, 0x2e, 0x77, 0x69, 0x64, 0x74
  .byte 0x68, 0x7d, 0x0a, 0x20, 0x20, 0x20, 0x20, 0x20, 0x20, 0x20, 0x20, 0x20, 0x20, 0x2f, 0x3e, 0x0a
  .byte 0x20, 0x20, 0x20, 0x20, 0x20, 0x20, 0x20, 0x20, 0x3c, 0x2f, 0x64, 0x69, 0x76, 0x3e, 0x0a, 0x20
  .byte 0x20, 0x20, 0x20, 0x20, 0x20, 0x29, 0x3b, 0x0a, 0x20, 0x20, 0x20, 0x20, 0x7d, 0x0a, 0x20, 0x20
  .byte 0x20, 0x20, 0x72, 0x65, 0x74, 0x75, 0x72, 0x6e, 0x20, 0x28, 0x0a, 0x20, 0x20, 0x20, 0x20, 0x20
  .byte 0x20, 0x3c, 0x44, 0x65, 0x66, 0x61, 0x75, 0x6c, 0x74, 0x4c, 0x65, 0x67, 0x65, 0x6e, 0x64, 0x0a
  .byte 0x20, 0x20, 0x20, 0x20, 0x20, 0x20, 0x20, 0x20, 0x69, 0x74, 0x65, 0x6d, 0x73, 0x3d, 0x7b, 0x64
  .byte 0x65, 0x66, 0x61, 0x75, 0x6c, 0x74, 0x4c, 0x65, 0x67, 0x65, 0x6e, 0x64, 0x49, 0x74, 0x65, 0x6d
  .byte 0x73, 0x7d, 0x0a, 0x20, 0x20, 0x20, 0x20, 0x20, 0x20, 0x20, 0x20, 0x63, 0x6f, 0x6e, 0x74, 0x61
  .byte 0x69, 0x6e, 0x65, 0x72, 0x57, 0x69, 0x64, 0x74, 0x68, 0x3d, 0x7b, 0x77, 0x72, 0x61, 0x70, 0x70
  .byte 0x65, 0x72, 0x52, 0x65, 0x63, 0x74, 0x2e, 0x77, 0x69, 0x64, 0x74, 0x68, 0x7d, 0x0a, 0x20, 0x20
  .byte 0x20, 0x20, 0x20, 0x20, 0x20, 0x20, 0x69, 0x73, 0x45, 0x78, 0x70, 0x61, 0x6e, 0x64, 0x65, 0x64
  .byte 0x3d, 0x7b, 0x69, 0x73, 0x4c, 0x65, 0x67, 0x65, 0x6e, 0x64, 0x45, 0x78, 0x70, 0x61, 0x6e, 0x64
  .byte 0x65, 0x64, 0x7d, 0x0a, 0x20, 0x20, 0x20, 0x20, 0x20, 0x20, 0x20, 0x20, 0x73, 0x65, 0x74, 0x49
  .byte 0x73, 0x45, 0x78, 0x70, 0x61, 0x6e, 0x64, 0x65, 0x64, 0x3d, 0x7b, 0x73, 0x65, 0x74, 0x49, 0x73
  .byte 0x4c, 0x65, 0x67, 0x65, 0x6e, 0x64, 0x45, 0x78, 0x70, 0x61, 0x6e, 0x64, 0x65, 0x64, 0x7d, 0x0a
  .byte 0x20, 0x20, 0x20, 0x20, 0x20, 0x20, 0x2f, 0x3e, 0x0a, 0x20, 0x20, 0x20, 0x20, 0x29, 0x3b, 0x0a
  .byte 0x20, 0x20, 0x7d, 0x2c, 0x20, 0x5b, 0x0a, 0x20, 0x20, 0x20, 0x20, 0x6c, 0x65, 0x67, 0x65, 0x6e
  .byte 0x64, 0x2c, 0x0a, 0x20, 0x20, 0x20, 0x20, 0x6c, 0x65, 0x67, 0x65, 0x6e, 0x64, 0x56, 0x61, 0x72
  .byte 0x69, 0x61, 0x6e, 0x74, 0x2c, 0x0a, 0x20, 0x20, 0x20, 0x20, 0x6c, 0x65, 0x67, 0x65, 0x6e, 0x64
  .byte 0x49, 0x74, 0x65, 0x6d, 0x73, 0x2c, 0x0a, 0x20, 0x20, 0x20, 0x20, 0x68, 0x6f, 0x76, 0x65, 0x72
  .byte 0x65, 0x64, 0x4c, 0x65, 0x67, 0x65, 0x6e, 0x64, 0x4b, 0x65, 0x79, 0x2c, 0x0a, 0x20, 0x20, 0x20
  .byte 0x20, 0x68, 0x61, 0x6e, 0x64, 0x6c, 0x65, 0x4c, 0x65, 0x67, 0x65, 0x6e, 0x64, 0x49, 0x74, 0x65
  .byte 0x6d, 0x48, 0x6f, 0x76, 0x65, 0x72, 0x2c, 0x0a, 0x20, 0x20, 0x20, 0x20, 0x77, 0x72, 0x61, 0x70
  .byte 0x70, 0x65, 0x72, 0x52, 0x65, 0x63, 0x74, 0x2e, 0x77, 0x69, 0x64, 0x74, 0x68, 0x2c, 0x0a, 0x20
  .byte 0x20, 0x20, 0x20, 0x69, 0x73, 0x52, 0x6f, 0x77, 0x4c, 0x61, 0x79, 0x6f, 0x75, 0x74, 0x2c, 0x0a
  .byte 0x20, 0x20, 0x20, 0x20, 0x64, 0x65, 0x66, 0x61, 0x75, 0x6c, 0x74, 0x4c, 0x65, 0x67, 0x65, 0x6e
  .byte 0x64, 0x49, 0x74, 0x65, 0x6d, 0x73, 0x2c, 0x0a, 0x20, 0x20, 0x20, 0x20, 0x69, 0x73, 0x4c, 0x65
  .byte 0x67, 0x65, 0x6e, 0x64, 0x45, 0x78, 0x70, 0x61, 0x6e, 0x64, 0x65, 0x64, 0x2c, 0x0a, 0x20, 0x20
  .byte 0x5d, 0x29, 0x3b, 0x0a, 0x0a, 0x20, 0x20, 0x63, 0x6f, 0x6e, 0x73, 0x74, 0x20, 0x77, 0x72, 0x61
  .byte 0x70, 0x70, 0x65, 0x72, 0x43, 0x6c, 0x61, 0x73, 0x73, 0x4e, 0x61, 0x6d, 0x65, 0x20, 0x3d, 0x20
  .byte 0x63, 0x6c, 0x73, 0x78, 0x28, 0x22, 0x6f, 0x70, 0x65, 0x6e, 0x75, 0x69, 0x2d, 0x72, 0x61, 0x64
  .byte 0x69, 0x61, 0x6c, 0x2d, 0x63, 0x68, 0x61, 0x72, 0x74, 0x2d, 0x63, 0x6f, 0x6e, 0x74, 0x61, 0x69
  .byte 0x6e, 0x65, 0x72, 0x2d, 0x77, 0x72, 0x61, 0x70, 0x70, 0x65, 0x72, 0x22, 0x2c, 0x20, 0x63, 0x6c
  .byte 0x61, 0x73, 0x73, 0x4e, 0x61, 0x6d, 0x65, 0x2c, 0x20, 0x7b, 0x0a, 0x20, 0x20, 0x20, 0x20, 0x22
  .byte 0x6c, 0x61, 0x79, 0x6f, 0x75, 0x74, 0x2d, 0x72, 0x6f, 0x77, 0x22, 0x3a, 0x20, 0x69, 0x73, 0x52
  .byte 0x6f, 0x77, 0x4c, 0x61, 0x79, 0x6f, 0x75, 0x74, 0x2c, 0x0a, 0x20, 0x20, 0x20, 0x20, 0x22, 0x6c
  .byte 0x61, 0x79, 0x6f, 0x75, 0x74, 0x2d, 0x63, 0x6f, 0x6c, 0x75, 0x6d, 0x6e, 0x22, 0x3a, 0x20, 0x21
  .byte 0x69, 0x73, 0x52, 0x6f, 0x77, 0x4c, 0x61, 0x79, 0x6f, 0x75, 0x74, 0x2c, 0x0a, 0x20, 0x20, 0x20
  .byte 0x20, 0x22, 0x6c, 0x65, 0x67, 0x65, 0x6e, 0x64, 0x2d, 0x64, 0x65, 0x66, 0x61, 0x75, 0x6c, 0x74
  .byte 0x22, 0x3a, 0x20, 0x6c, 0x65, 0x67, 0x65, 0x6e, 0x64, 0x20, 0x26, 0x26, 0x20, 0x6c, 0x65, 0x67
  .byte 0x65, 0x6e, 0x64, 0x56, 0x61, 0x72, 0x69, 0x61, 0x6e, 0x74, 0x20, 0x3d, 0x3d, 0x3d, 0x20, 0x22
  .byte 0x64, 0x65, 0x66, 0x61, 0x75, 0x6c, 0x74, 0x22, 0x2c, 0x0a, 0x20, 0x20, 0x20, 0x20, 0x22, 0x6c
  .byte 0x65, 0x67, 0x65, 0x6e, 0x64, 0x2d, 0x73, 0x74, 0x61, 0x63, 0x6b, 0x65, 0x64, 0x22, 0x3a, 0x20
  .byte 0x6c, 0x65, 0x67, 0x65, 0x6e, 0x64, 0x20, 0x26, 0x26, 0x20, 0x6c, 0x65, 0x67, 0x65, 0x6e, 0x64
  .byte 0x56, 0x61, 0x72, 0x69, 0x61, 0x6e, 0x74, 0x20, 0x3d, 0x3d, 0x3d, 0x20, 0x22, 0x73, 0x74, 0x61
  .byte 0x63, 0x6b, 0x65, 0x64, 0x22, 0x2c, 0x0a, 0x20, 0x20, 0x7d, 0x29, 0x3b, 0x0a, 0x0a, 0x20, 0x20
  .byte 0x2f, 0x2f, 0x20, 0x43, 0x6f, 0x72, 0x72, 0x65, 0x63, 0x74, 0x20, 0x61, 0x6e, 0x67, 0x6c, 0x65
  .byte 0x73, 0x20, 0x66, 0x6f, 0x72, 0x20, 0x73, 0x65, 0x6d, 0x69, 0x63, 0x69, 0x72, 0x63, 0x6c, 0x65
  .byte 0x20, 0x28, 0x74, 0x6f, 0x70, 0x20, 0x68, 0x61, 0x6c, 0x66, 0x29, 0x0a, 0x20, 0x20, 0x63, 0x6f
  .byte 0x6e, 0x73, 0x74, 0x20, 0x73, 0x74, 0x61, 0x72, 0x74, 0x41, 0x6e, 0x67, 0x6c, 0x65, 0x20, 0x3d
  .byte 0x20, 0x76, 0x61, 0x72, 0x69, 0x61, 0x6e, 0x74, 0x20, 0x3d, 0x3d, 0x3d, 0x20, 0x22, 0x73, 0x65
  .byte 0x6d, 0x69, 0x63, 0x69, 0x72, 0x63, 0x6c, 0x65, 0x22, 0x20, 0x3f, 0x20, 0x31, 0x38, 0x30, 0x20
  .byte 0x3a, 0x20, 0x30, 0x3b, 0x0a, 0x20, 0x20, 0x63, 0x6f, 0x6e, 0x73, 0x74, 0x20, 0x65, 0x6e, 0x64
  .byte 0x41, 0x6e, 0x67, 0x6c, 0x65, 0x20, 0x3d, 0x20, 0x76, 0x61, 0x72, 0x69, 0x61, 0x6e, 0x74, 0x20
  .byte 0x3d, 0x3d, 0x3d, 0x20, 0x22, 0x73, 0x65, 0x6d, 0x69, 0x63, 0x69, 0x72, 0x63, 0x6c, 0x65, 0x22
  .byte 0x20, 0x3f, 0x20, 0x30, 0x20, 0x3a, 0x20, 0x33, 0x36, 0x30, 0x3b, 0x0a, 0x0a, 0x20, 0x20, 0x63
  .byte 0x6f, 0x6e, 0x73, 0x74, 0x20, 0x77, 0x72, 0x61, 0x70, 0x70, 0x65, 0x72, 0x53, 0x74, 0x79, 0x6c
  .byte 0x65, 0x20, 0x3d, 0x20, 0x75, 0x73, 0x65, 0x4d, 0x65, 0x6d, 0x6f, 0x28, 0x28, 0x29, 0x20, 0x3d
  .byte 0x3e, 0x20, 0x7b, 0x0a, 0x20, 0x20, 0x20, 0x20, 0x63, 0x6f, 0x6e, 0x73, 0x74, 0x20, 0x66, 0x6f
  .byte 0x72, 0x6d, 0x61, 0x74, 0x44, 0x69, 0x6d, 0x65, 0x6e, 0x73, 0x69, 0x6f, 0x6e, 0x20, 0x3d, 0x20
  .byte 0x28, 0x76, 0x61, 0x6c, 0x75, 0x65, 0x3a, 0x20, 0x6e, 0x75, 0x6d, 0x62, 0x65, 0x72, 0x20, 0x7c
  .byte 0x20, 0x73, 0x74, 0x72, 0x69, 0x6e, 0x67, 0x20, 0x7c, 0x20, 0x75, 0x6e, 0x64, 0x65, 0x66, 0x69
  .byte 0x6e, 0x65, 0x64, 0x29, 0x20, 0x3d, 0x3e, 0x20, 0x7b, 0x0a, 0x20, 0x20, 0x20, 0x20, 0x20, 0x20
  .byte 0x69, 0x66, 0x20, 0x28, 0x74, 0x79, 0x70, 0x65, 0x6f, 0x66, 0x20, 0x76, 0x61, 0x6c, 0x75, 0x65
  .byte 0x20, 0x3d, 0x3d, 0x3d, 0x20, 0x22, 0x6e, 0x75, 0x6d, 0x62, 0x65, 0x72, 0x22, 0x29, 0x20, 0x7b
  .byte 0x0a, 0x20, 0x20, 0x20, 0x20, 0x20, 0x20, 0x20, 0x20, 0x72, 0x65, 0x74, 0x75, 0x72, 0x6e, 0x20
  .byte 0x60, 0x24, 0x7b, 0x76, 0x61, 0x6c, 0x75, 0x65, 0x7d, 0x70, 0x78, 0x60, 0x3b, 0x0a, 0x20, 0x20
  .byte 0x20, 0x20, 0x20, 0x20, 0x7d, 0x0a, 0x20, 0x20, 0x20, 0x20, 0x20, 0x20, 0x72, 0x65, 0x74, 0x75
  .byte 0x72, 0x6e, 0x20, 0x76, 0x61, 0x6c, 0x75, 0x65, 0x3b, 0x0a, 0x20, 0x20, 0x20, 0x20, 0x7d, 0x3b
  .byte 0x0a, 0x20, 0x20, 0x20, 0x20, 0x63, 0x6f, 0x6e, 0x73, 0x74, 0x20, 0x64, 0x69, 0x6d, 0x65, 0x6e
  .byte 0x73, 0x69, 0x6f, 0x6e, 0x73, 0x20, 0x3d, 0x20, 0x7b, 0x0a, 0x20, 0x20, 0x20, 0x20, 0x20, 0x20
  .byte 0x77, 0x69, 0x64, 0x74, 0x68, 0x3a, 0x20, 0x66, 0x6f, 0x72, 0x6d, 0x61, 0x74, 0x44, 0x69, 0x6d
  .byte 0x65, 0x6e, 0x73, 0x69, 0x6f, 0x6e, 0x28, 0x77, 0x69, 0x64, 0x74, 0x68, 0x29, 0x2c, 0x0a, 0x20
  .byte 0x20, 0x20, 0x20, 0x20, 0x20, 0x68, 0x65, 0x69, 0x67, 0x68, 0x74, 0x3a, 0x20, 0x66, 0x6f, 0x72
  .byte 0x6d, 0x61, 0x74, 0x44, 0x69, 0x6d, 0x65, 0x6e, 0x73, 0x69, 0x6f, 0x6e, 0x28, 0x68, 0x65, 0x69
  .byte 0x67, 0x68, 0x74, 0x29, 0x2c, 0x0a, 0x20, 0x20, 0x20, 0x20, 0x7d, 0x3b, 0x0a, 0x0a, 0x20, 0x20
  .byte 0x20, 0x20, 0x69, 0x66, 0x20, 0x28, 0x64, 0x69, 0x6d, 0x65, 0x6e, 0x73, 0x69, 0x6f, 0x6e, 0x73
  .byte 0x2e, 0x77, 0x69, 0x64, 0x74, 0x68, 0x20, 0x3d, 0x3d, 0x3d, 0x20, 0x75, 0x6e, 0x64, 0x65, 0x66
  .byte 0x69, 0x6e, 0x65, 0x64, 0x29, 0x20, 0x7b, 0x0a, 0x20, 0x20, 0x20, 0x20, 0x20, 0x20, 0x64, 0x65
  .byte 0x6c, 0x65, 0x74, 0x65, 0x20, 0x64, 0x69, 0x6d, 0x65, 0x6e, 0x73, 0x69, 0x6f, 0x6e, 0x73, 0x2e
  .byte 0x77, 0x69, 0x64, 0x74, 0x68, 0x3b, 0x0a, 0x20, 0x20, 0x20, 0x20, 0x7d, 0x0a, 0x0a, 0x20, 0x20
  .byte 0x20, 0x20, 0x69, 0x66, 0x20, 0x28, 0x64, 0x69, 0x6d, 0x65, 0x6e, 0x73, 0x69, 0x6f, 0x6e, 0x73
  .byte 0x2e, 0x68, 0x65, 0x69, 0x67, 0x68, 0x74, 0x20, 0x3d, 0x3d, 0x3d, 0x20, 0x75, 0x6e, 0x64, 0x65
  .byte 0x66, 0x69, 0x6e, 0x65, 0x64, 0x29, 0x20, 0x7b, 0x0a, 0x20, 0x20, 0x20, 0x20, 0x20, 0x20, 0x64
  .byte 0x65, 0x6c, 0x65, 0x74, 0x65, 0x20, 0x64, 0x69, 0x6d, 0x65, 0x6e, 0x73, 0x69, 0x6f, 0x6e, 0x73
  .byte 0x2e, 0x68, 0x65, 0x69, 0x67, 0x68, 0x74, 0x3b, 0x0a, 0x20, 0x20, 0x20, 0x20, 0x7d, 0x0a, 0x20
  .byte 0x20, 0x20, 0x20, 0x72, 0x65, 0x74, 0x75, 0x72, 0x6e, 0x20, 0x64, 0x69, 0x6d, 0x65, 0x6e, 0x73
  .byte 0x69, 0x6f, 0x6e, 0x73, 0x3b, 0x0a, 0x20, 0x20, 0x7d, 0x2c, 0x20, 0x5b, 0x77, 0x69, 0x64, 0x74
  .byte 0x68, 0x2c, 0x20, 0x68, 0x65, 0x69, 0x67, 0x68, 0x74, 0x5d, 0x29, 0x3b, 0x0a, 0x0a, 0x20, 0x20
  .byte 0x72, 0x65, 0x74, 0x75, 0x72, 0x6e, 0x20, 0x28, 0x0a, 0x20, 0x20, 0x20, 0x20, 0x3c, 0x64, 0x69
  .byte 0x76, 0x0a, 0x20, 0x20, 0x20, 0x20, 0x20, 0x20, 0x72, 0x65, 0x66, 0x3d, 0x7b, 0x77, 0x72, 0x61
  .byte 0x70, 0x70, 0x65, 0x72, 0x52, 0x65, 0x66, 0x7d, 0x0a, 0x20, 0x20, 0x20, 0x20, 0x20, 0x20, 0x63
  .byte 0x6c, 0x61, 0x73, 0x73, 0x4e, 0x61, 0x6d, 0x65, 0x3d, 0x7b, 0x77, 0x72, 0x61, 0x70, 0x70, 0x65
  .byte 0x72, 0x43, 0x6c, 0x61, 0x73, 0x73, 0x4e, 0x61, 0x6d, 0x65, 0x7d, 0x0a, 0x20, 0x20, 0x20, 0x20
  .byte 0x20, 0x20, 0x73, 0x74, 0x79, 0x6c, 0x65, 0x3d, 0x7b, 0x77, 0x72, 0x61, 0x70, 0x70, 0x65, 0x72
  .byte 0x53, 0x74, 0x79, 0x6c, 0x65, 0x7d, 0x0a, 0x20, 0x20, 0x20, 0x20, 0x20, 0x20, 0x61, 0x72, 0x69
  .byte 0x61, 0x2d, 0x64, 0x65, 0x73, 0x63, 0x72, 0x69, 0x70, 0x74, 0x69, 0x6f, 0x6e, 0x3d, 0x22, 0x72
  .byte 0x61, 0x64, 0x69, 0x61, 0x6c, 0x2d, 0x63, 0x68, 0x61, 0x72, 0x74, 0x2d, 0x77, 0x72, 0x61, 0x70
  .byte 0x70, 0x65, 0x72, 0x22, 0x0a, 0x20, 0x20, 0x20, 0x20, 0x20, 0x20, 0x64, 0x61, 0x74, 0x61, 0x2d
  .byte 0x6f, 0x70, 0x65, 0x6e, 0x75, 0x69, 0x2d, 0x63, 0x68, 0x61, 0x72, 0x74, 0x3d, 0x7b, 0x65, 0x78
  .byte 0x70, 0x6f, 0x72, 0x74, 0x44, 0x61, 0x74, 0x61, 0x7d, 0x0a, 0x20, 0x20, 0x20, 0x20, 0x3e, 0x0a
  .byte 0x20, 0x20, 0x20, 0x20, 0x20, 0x20, 0x3c, 0x64, 0x69, 0x76, 0x20, 0x63, 0x6c, 0x61, 0x73, 0x73
  .byte 0x4e, 0x61, 0x6d, 0x65, 0x3d, 0x22, 0x6f, 0x70, 0x65, 0x6e, 0x75, 0x69, 0x2d, 0x72, 0x61, 0x64
  .byte 0x69, 0x61, 0x6c, 0x2d, 0x63, 0x68, 0x61, 0x72, 0x74, 0x2d, 0x63, 0x6f, 0x6e, 0x74, 0x61, 0x69
  .byte 0x6e, 0x65, 0x72, 0x22, 0x3e, 0x0a, 0x20, 0x20, 0x20, 0x20, 0x20, 0x20, 0x20, 0x20, 0x3c, 0x64
  .byte 0x69, 0x76, 0x20, 0x63, 0x6c, 0x61, 0x73, 0x73, 0x4e, 0x61, 0x6d, 0x65, 0x3d, 0x22, 0x6f, 0x70
  .byte 0x65, 0x6e, 0x75, 0x69, 0x2d, 0x72, 0x61, 0x64, 0x69, 0x61, 0x6c, 0x2d, 0x63, 0x68, 0x61, 0x72
  .byte 0x74, 0x2d, 0x63, 0x6f, 0x6e, 0x74, 0x61, 0x69, 0x6e, 0x65, 0x72, 0x2d, 0x69, 0x6e, 0x6e, 0x65
  .byte 0x72, 0x22, 0x3e, 0x0a, 0x20, 0x20, 0x20, 0x20, 0x20, 0x20, 0x20, 0x20, 0x20, 0x20, 0x3c, 0x64
  .byte 0x69, 0x76, 0x20, 0x73, 0x74, 0x79, 0x6c, 0x65, 0x3d, 0x7b, 0x63, 0x68, 0x61, 0x72, 0x74, 0x53
  .byte 0x69, 0x7a, 0x65, 0x53, 0x74, 0x79, 0x6c, 0x65, 0x7d, 0x3e, 0x0a, 0x20, 0x20, 0x20, 0x20, 0x20
  .byte 0x20, 0x20, 0x20, 0x20, 0x20, 0x20, 0x20, 0x3c, 0x43, 0x68, 0x61, 0x72, 0x74, 0x43, 0x6f, 0x6e
  .byte 0x74, 0x61, 0x69, 0x6e, 0x65, 0x72, 0x0a, 0x20, 0x20, 0x20, 0x20, 0x20, 0x20, 0x20, 0x20, 0x20
  .byte 0x20, 0x20, 0x20, 0x20, 0x20, 0x63, 0x6f, 0x6e, 0x66, 0x69, 0x67, 0x3d, 0x7b, 0x63, 0x68, 0x61
  .byte 0x72, 0x74, 0x43, 0x6f, 0x6e, 0x66, 0x69, 0x67, 0x7d, 0x0a, 0x20, 0x20, 0x20, 0x20, 0x20, 0x20
  .byte 0x20, 0x20, 0x20, 0x20, 0x20, 0x20, 0x20, 0x20, 0x63, 0x6c, 0x61, 0x73, 0x73, 0x4e, 0x61, 0x6d
  .byte 0x65, 0x3d, 0x22, 0x6f, 0x70, 0x65, 0x6e, 0x75, 0x69, 0x2d, 0x72, 0x61, 0x64, 0x69, 0x61, 0x6c
  .byte 0x2d, 0x63, 0x68, 0x61, 0x72, 0x74, 0x22, 0x0a, 0x20, 0x20, 0x20, 0x20, 0x20, 0x20, 0x20, 0x20
  .byte 0x20, 0x20, 0x20, 0x20, 0x20, 0x20, 0x72, 0x65, 0x63, 0x68, 0x61, 0x72, 0x74, 0x73, 0x50, 0x72
  .byte 0x6f, 0x70, 0x73, 0x3d, 0x7b, 0x72, 0x65, 0x63, 0x68, 0x61, 0x72, 0x74, 0x73, 0x50, 0x72, 0x6f
  .byte 0x70, 0x73, 0x7d, 0x0a, 0x20, 0x20, 0x20, 0x20, 0x20, 0x20, 0x20, 0x20, 0x20, 0x20, 0x20, 0x20
  .byte 0x3e, 0x0a, 0x20, 0x20, 0x20, 0x20, 0x20, 0x20, 0x20, 0x20, 0x20, 0x20, 0x20, 0x20, 0x20, 0x20
  .byte 0x3c, 0x52, 0x61, 0x64, 0x69, 0x61, 0x6c, 0x42, 0x61, 0x72, 0x43, 0x68, 0x61, 0x72, 0x74, 0x0a
  .byte 0x20, 0x20, 0x20, 0x20, 0x20, 0x20, 0x20, 0x20, 0x20, 0x20, 0x20, 0x20, 0x20, 0x20, 0x20, 0x20
  .byte 0x64, 0x61, 0x74, 0x61, 0x3d, 0x7b, 0x74, 0x72, 0x61, 0x6e, 0x73, 0x66, 0x6f, 0x72, 0x6d, 0x65
  .byte 0x64, 0x44, 0x61, 0x74, 0x61, 0x7d, 0x0a, 0x20, 0x20, 0x20, 0x20, 0x20, 0x20, 0x20, 0x20, 0x20
  .byte 0x20, 0x20, 0x20, 0x20, 0x20, 0x20, 0x20, 0x73, 0x74, 0x61, 0x72, 0x74, 0x41, 0x6e, 0x67, 0x6c
  .byte 0x65, 0x3d, 0x7b, 0x73, 0x74, 0x61, 0x72, 0x74, 0x41, 0x6e, 0x67, 0x6c, 0x65, 0x7d, 0x0a, 0x20
  .byte 0x20, 0x20, 0x20, 0x20, 0x20, 0x20, 0x20, 0x20, 0x20, 0x20, 0x20, 0x20, 0x20, 0x20, 0x20, 0x65
  .byte 0x6e, 0x64, 0x41, 0x6e, 0x67, 0x6c, 0x65, 0x3d, 0x7b, 0x65, 0x6e, 0x64, 0x41, 0x6e, 0x67, 0x6c
  .byte 0x65, 0x7d, 0x0a, 0x20, 0x20, 0x20, 0x20, 0x20, 0x20, 0x20, 0x20, 0x20, 0x20, 0x20, 0x20, 0x20
  .byte 0x20, 0x20, 0x20, 0x69, 0x6e, 0x6e, 0x65, 0x72, 0x52, 0x61, 0x64, 0x69, 0x75, 0x73, 0x3d, 0x7b
  .byte 0x64, 0x69, 0x6d, 0x65, 0x6e, 0x73, 0x69, 0x6f, 0x6e, 0x73, 0x2e, 0x69, 0x6e, 0x6e, 0x65, 0x72
  .byte 0x52, 0x61, 0x64, 0x69, 0x75, 0x73, 0x7d, 0x0a, 0x20, 0x20, 0x20, 0x20, 0x20, 0x20, 0x20, 0x20
  .byte 0x20, 0x20, 0x20, 0x20, 0x20, 0x20, 0x20, 0x20, 0x6f, 0x75, 0x74, 0x65, 0x72, 0x52, 0x61, 0x64
  .byte 0x69, 0x75, 0x73, 0x3d, 0x7b, 0x64, 0x69, 0x6d, 0x65, 0x6e, 0x73, 0x69, 0x6f, 0x6e, 0x73, 0x2e
  .byte 0x6f, 0x75, 0x74, 0x65, 0x72, 0x52, 0x61, 0x64, 0x69, 0x75, 0x73, 0x7d, 0x0a, 0x20, 0x20, 0x20
  .byte 0x20, 0x20, 0x20, 0x20, 0x20, 0x20, 0x20, 0x20, 0x20, 0x20, 0x20, 0x3e, 0x0a, 0x20, 0x20, 0x20
  .byte 0x20, 0x20, 0x20, 0x20, 0x20, 0x20, 0x20, 0x20, 0x20, 0x20, 0x20, 0x20, 0x20, 0x7b, 0x67, 0x72
  .byte 0x69, 0x64, 0x20, 0x26, 0x26, 0x20, 0x3c, 0x50, 0x6f, 0x6c, 0x61, 0x72, 0x47, 0x72, 0x69, 0x64
  .byte 0x20, 0x67, 0x72, 0x69, 0x64, 0x54, 0x79, 0x70, 0x65, 0x3d, 0x22, 0x63, 0x69, 0x72, 0x63, 0x6c
  .byte 0x65, 0x22, 0x20, 0x2f, 0x3e, 0x7d, 0x0a, 0x20, 0x20, 0x20, 0x20, 0x20, 0x20, 0x20, 0x20, 0x20
  .byte 0x20, 0x20, 0x20, 0x20, 0x20, 0x20, 0x20, 0x3c, 0x43, 0x68, 0x61, 0x72, 0x74, 0x54, 0x6f, 0x6f
  .byte 0x6c, 0x74, 0x69, 0x70, 0x0a, 0x20, 0x20, 0x20, 0x20, 0x20, 0x20, 0x20, 0x20, 0x20, 0x20, 0x20
  .byte 0x20, 0x20, 0x20, 0x20, 0x20, 0x20, 0x20, 0x63, 0x75, 0x72, 0x73, 0x6f, 0x72, 0x3d, 0x7b, 0x66
  .byte 0x61, 0x6c, 0x73, 0x65, 0x7d, 0x0a, 0x20, 0x20, 0x20, 0x20, 0x20, 0x20, 0x20, 0x20, 0x20, 0x20
  .byte 0x20, 0x20, 0x20, 0x20, 0x20, 0x20, 0x20, 0x20, 0x63, 0x6f, 0x6e, 0x74, 0x65, 0x6e, 0x74, 0x3d
  .byte 0x7b, 0x0a, 0x20, 0x20, 0x20, 0x20, 0x20, 0x20, 0x20, 0x20, 0x20, 0x20, 0x20, 0x20, 0x20, 0x20
  .byte 0x20, 0x20, 0x20, 0x20, 0x20, 0x20, 0x3c, 0x43, 0x68, 0x61, 0x72, 0x74, 0x54, 0x6f, 0x6f, 0x6c
  .byte 0x74, 0x69, 0x70, 0x43, 0x6f, 0x6e, 0x74, 0x65, 0x6e, 0x74, 0x0a, 0x20, 0x20, 0x20, 0x20, 0x20
  .byte 0x20, 0x20, 0x20, 0x20, 0x20, 0x20, 0x20, 0x20, 0x20, 0x20, 0x20, 0x20, 0x20, 0x20, 0x20, 0x20
  .byte 0x20, 0x73, 0x68, 0x6f, 0x77, 0x50, 0x65, 0x72, 0x63, 0x65, 0x6e, 0x74, 0x61, 0x67, 0x65, 0x3d
  .byte 0x7b, 0x66, 0x6f, 0x72, 0x6d, 0x61, 0x74, 0x20, 0x3d, 0x3d, 0x3d, 0x20, 0x22, 0x70, 0x65, 0x72
  .byte 0x63, 0x65, 0x6e, 0x74, 0x61, 0x67, 0x65, 0x22, 0x7d, 0x0a, 0x20, 0x20, 0x20, 0x20, 0x20, 0x20
  .byte 0x20, 0x20, 0x20, 0x20, 0x20, 0x20, 0x20, 0x20, 0x20, 0x20, 0x20, 0x20, 0x20, 0x20, 0x20, 0x20
  .byte 0x6e, 0x61, 0x6d, 0x65, 0x4b, 0x65, 0x79, 0x3d, 0x7b, 0x63, 0x61, 0x74, 0x65, 0x67, 0x6f, 0x72
  .byte 0x79, 0x4b, 0x65, 0x79, 0x53, 0x74, 0x72, 0x69, 0x6e, 0x67, 0x7d, 0x0a, 0x20, 0x20, 0x20, 0x20
  .byte 0x20, 0x20, 0x20, 0x20, 0x20, 0x20, 0x20, 0x20, 0x20, 0x20, 0x20, 0x20, 0x20, 0x20, 0x20, 0x20
  .byte 0x2f, 0x3e, 0x0a, 0x20, 0x20, 0x20, 0x20, 0x20, 0x20, 0x20, 0x20, 0x20, 0x20, 0x20, 0x20, 0x20
  .byte 0x20, 0x20, 0x20, 0x20, 0x20, 0x7d, 0x0a, 0x20, 0x20, 0x20, 0x20, 0x20, 0x20, 0x20, 0x20, 0x20
  .byte 0x20, 0x20, 0x20, 0x20, 0x20, 0x20, 0x20, 0x2f, 0x3e, 0x0a, 0x20, 0x20, 0x20, 0x20, 0x20, 0x20
  .byte 0x20, 0x20, 0x20, 0x20, 0x20, 0x20, 0x20, 0x20, 0x20, 0x20, 0x3c, 0x52, 0x61, 0x64, 0x69, 0x61
  .byte 0x6c, 0x42, 0x61, 0x72, 0x0a, 0x20, 0x20, 0x20, 0x20, 0x20, 0x20, 0x20, 0x20, 0x20, 0x20, 0x20
  .byte 0x20, 0x20, 0x20, 0x20, 0x20, 0x20, 0x20, 0x64, 0x61, 0x74, 0x61, 0x4b, 0x65, 0x79, 0x3d, 0x7b
  .byte 0x66, 0x6f, 0x72, 0x6d, 0x61, 0x74, 0x4b, 0x65, 0x79, 0x7d, 0x0a, 0x20, 0x20, 0x20, 0x20, 0x20
  .byte 0x20, 0x20, 0x20, 0x20, 0x20, 0x20, 0x20, 0x20, 0x20, 0x20, 0x20, 0x20, 0x20, 0x62, 0x61, 0x63
  .byte 0x6b, 0x67, 0x72, 0x6f, 0x75, 0x6e, 0x64, 0x3d, 0x7b, 0x21, 0x67, 0x72, 0x69, 0x64, 0x7d, 0x0a
  .byte 0x20, 0x20, 0x20, 0x20, 0x20, 0x20, 0x20, 0x20, 0x20, 0x20, 0x20, 0x20, 0x20, 0x20, 0x20, 0x20
  .byte 0x20, 0x20, 0x63, 0x6f, 0x72, 0x6e, 0x65, 0x72, 0x52, 0x61, 0x64, 0x69, 0x75, 0x73, 0x3d, 0x7b
  .byte 0x63, 0x6f, 0x72, 0x6e, 0x65, 0x72, 0x52, 0x61, 0x64, 0x69, 0x75, 0x73, 0x7d, 0x0a, 0x20, 0x20
  .byte 0x20, 0x20, 0x20, 0x20, 0x20, 0x20, 0x20, 0x20, 0x20, 0x20, 0x20, 0x20, 0x20, 0x20, 0x20, 0x20
  .byte 0x7b, 0x2e, 0x2e, 0x2e, 0x61, 0x6e, 0x69, 0x6d, 0x61, 0x74, 0x69, 0x6f, 0x6e, 0x43, 0x6f, 0x6e
  .byte 0x66, 0x69, 0x67, 0x7d, 0x0a, 0x20, 0x20, 0x20, 0x20, 0x20, 0x20, 0x20, 0x20, 0x20, 0x20, 0x20
  .byte 0x20, 0x20, 0x20, 0x20, 0x20, 0x20, 0x20, 0x61, 0x63, 0x74, 0x69, 0x76, 0x65, 0x49, 0x6e, 0x64
  .byte 0x65, 0x78, 0x3d, 0x7b, 0x61, 0x63, 0x74, 0x69, 0x76, 0x65, 0x49, 0x6e, 0x64, 0x65, 0x78, 0x20
  .byte 0x3f, 0x3f, 0x20, 0x75, 0x6e, 0x64, 0x65, 0x66, 0x69, 0x6e, 0x65, 0x64, 0x7d, 0x0a, 0x20, 0x20
  .byte 0x20, 0x20, 0x20, 0x20, 0x20, 0x20, 0x20, 0x20, 0x20, 0x20, 0x20, 0x20, 0x20, 0x20, 0x20, 0x20
  .byte 0x6f, 0x6e, 0x4d, 0x6f, 0x75, 0x73, 0x65, 0x45, 0x6e, 0x74, 0x65, 0x72, 0x3d, 0x7b, 0x68, 0x61
  .byte 0x6e, 0x64, 0x6c, 0x65, 0x43, 0x68, 0x61, 0x72, 0x74, 0x4d, 0x6f, 0x75, 0x73, 0x65, 0x45, 0x6e
  .byte 0x74, 0x65, 0x72, 0x7d, 0x0a, 0x20, 0x20, 0x20, 0x20, 0x20, 0x20, 0x20, 0x20, 0x20, 0x20, 0x20
  .byte 0x20, 0x20, 0x20, 0x20, 0x20, 0x20, 0x20, 0x6f, 0x6e, 0x4d, 0x6f, 0x75, 0x73, 0x65, 0x4c, 0x65
  .byte 0x61, 0x76, 0x65, 0x3d, 0x7b, 0x68, 0x61, 0x6e, 0x64, 0x6c, 0x65, 0x43, 0x68, 0x61, 0x72, 0x74
  .byte 0x4d, 0x6f, 0x75, 0x73, 0x65, 0x4c, 0x65, 0x61, 0x76, 0x65, 0x7d, 0x0a, 0x20, 0x20, 0x20, 0x20
  .byte 0x20, 0x20, 0x20, 0x20, 0x20, 0x20, 0x20, 0x20, 0x20, 0x20, 0x20, 0x20, 0x20, 0x20, 0x6f, 0x6e
  .byte 0x43, 0x6c, 0x69, 0x63, 0x6b, 0x3d, 0x7b, 0x65, 0x76, 0x65, 0x6e, 0x74, 0x48, 0x61, 0x6e, 0x64
  .byte 0x6c, 0x65, 0x72, 0x73, 0x2e, 0x6f, 0x6e, 0x43, 0x6c, 0x69, 0x63, 0x6b, 0x7d, 0x0a, 0x20, 0x20
  .byte 0x20, 0x20, 0x20, 0x20, 0x20, 0x20, 0x20, 0x20, 0x20, 0x20, 0x20, 0x20, 0x20, 0x20, 0x3e, 0x0a
  .byte 0x20, 0x20, 0x20, 0x20, 0x20, 0x20, 0x20, 0x20, 0x20, 0x20, 0x20, 0x20, 0x20, 0x20, 0x20, 0x20
  .byte 0x20, 0x20, 0x7b, 0x74, 0x72, 0x61, 0x6e, 0x73, 0x66, 0x6f, 0x72, 0x6d, 0x65, 0x64, 0x44, 0x61
  .byte 0x74, 0x61, 0x2e, 0x6d, 0x61, 0x70, 0x28, 0x28, 0x65, 0x6e, 0x74, 0x72, 0x79, 0x2c, 0x20, 0x69
  .byte 0x6e, 0x64, 0x65, 0x78, 0x29, 0x20, 0x3d, 0x3e, 0x20, 0x7b, 0x0a, 0x20, 0x20, 0x20, 0x20, 0x20
  .byte 0x20, 0x20, 0x20, 0x20, 0x20, 0x20, 0x20, 0x20, 0x20, 0x20, 0x20, 0x20, 0x20, 0x20, 0x20, 0x63
  .byte 0x6f, 0x6e, 0x73, 0x74, 0x20, 0x63, 0x61, 0x74, 0x65, 0x67, 0x6f, 0x72, 0x79, 0x56, 0x61, 0x6c
  .byte 0x75, 0x65, 0x20, 0x3d, 0x20, 0x53, 0x74, 0x72, 0x69, 0x6e, 0x67, 0x28, 0x65, 0x6e, 0x74, 0x72
  .byte 0x79, 0x5b, 0x63, 0x61, 0x74, 0x65, 0x67, 0x6f, 0x72, 0x79, 0x4b, 0x65, 0x79, 0x20, 0x61, 0x73
  .byte 0x20, 0x6b, 0x65, 0x79, 0x6f, 0x66, 0x20, 0x74, 0x79, 0x70, 0x65, 0x6f, 0x66, 0x20, 0x65, 0x6e
  .byte 0x74, 0x72, 0x79, 0x5d, 0x20, 0x7c, 0x7c, 0x20, 0x22, 0x22, 0x29, 0x3b, 0x0a, 0x20, 0x20, 0x20
  .byte 0x20, 0x20, 0x20, 0x20, 0x20, 0x20, 0x20, 0x20, 0x20, 0x20, 0x20, 0x20, 0x20, 0x20, 0x20, 0x20
  .byte 0x20, 0x63, 0x6f, 0x6e, 0x73, 0x74, 0x20, 0x63, 0x6f, 0x6e, 0x66, 0x69, 0x67, 0x20, 0x3d, 0x20
  .byte 0x63, 0x68, 0x61, 0x72, 0x74, 0x43, 0x6f, 0x6e, 0x66, 0x69, 0x67, 0x5b, 0x63, 0x61, 0x74, 0x65
  .byte 0x67, 0x6f, 0x72, 0x79, 0x56, 0x61, 0x6c, 0x75, 0x65, 0x5d, 0x3b, 0x0a, 0x20, 0x20, 0x20, 0x20
  .byte 0x20, 0x20, 0x20, 0x20, 0x20, 0x20, 0x20, 0x20, 0x20, 0x20, 0x20, 0x20, 0x20, 0x20, 0x20, 0x20
  .byte 0x63, 0x6f, 0x6e, 0x73, 0x74, 0x20, 0x68, 0x6f, 0x76, 0x65, 0x72, 0x53, 0x74, 0x79, 0x6c, 0x65
  .byte 0x73, 0x20, 0x3d, 0x20, 0x67, 0x65, 0x74, 0x52, 0x61, 0x64, 0x69, 0x61, 0x6c, 0x48, 0x6f, 0x76
  .byte 0x65, 0x72, 0x53, 0x74, 0x79, 0x6c, 0x65, 0x73, 0x28, 0x69, 0x6e, 0x64, 0x65, 0x78, 0x2c, 0x20
  .byte 0x61, 0x63, 0x74, 0x69, 0x76, 0x65, 0x49, 0x6e, 0x64, 0x65, 0x78, 0x29, 0x3b, 0x0a, 0x20, 0x20
  .byte 0x20, 0x20, 0x20, 0x20, 0x20, 0x20, 0x20, 0x20, 0x20, 0x20, 0x20, 0x20, 0x20, 0x20, 0x20, 0x20
  .byte 0x20, 0x20, 0x63, 0x6f, 0x6e, 0x73, 0x74, 0x20, 0x66, 0x69, 0x6c, 0x6c, 0x20, 0x3d, 0x20, 0x63
  .byte 0x6f, 0x6e, 0x66, 0x69, 0x67, 0x3f, 0x2e, 0x63, 0x6f, 0x6c, 0x6f, 0x72, 0x20, 0x7c, 0x7c, 0x20
  .byte 0x63, 0x6f, 0x6c, 0x6f, 0x72, 0x73, 0x5b, 0x69, 0x6e, 0x64, 0x65, 0x78, 0x5d, 0x3b, 0x0a, 0x20
  .byte 0x20, 0x20, 0x20, 0x20, 0x20, 0x20, 0x20, 0x20, 0x20, 0x20, 0x20, 0x20, 0x20, 0x20, 0x20, 0x20
  .byte 0x20, 0x20, 0x20, 0x72, 0x65, 0x74, 0x75, 0x72, 0x6e, 0x20, 0x28, 0x0a, 0x20, 0x20, 0x20, 0x20
  .byte 0x20, 0x20, 0x20, 0x20, 0x20, 0x20, 0x20, 0x20, 0x20, 0x20, 0x20, 0x20, 0x20, 0x20, 0x20, 0x20
  .byte 0x20, 0x20, 0x3c, 0x43, 0x65, 0x6c, 0x6c, 0x20, 0x6b, 0x65, 0x79, 0x3d, 0x7b, 0x60, 0x63, 0x65
  .byte 0x6c, 0x6c, 0x2d, 0x24, 0x7b, 0x69, 0x6e, 0x64, 0x65, 0x78, 0x7d, 0x60, 0x7d, 0x20, 0x66, 0x69
  .byte 0x6c, 0x6c, 0x3d, 0x7b, 0x66, 0x69, 0x6c, 0x6c, 0x7d, 0x20, 0x7b, 0x2e, 0x2e, 0x2e, 0x68, 0x6f
  .byte 0x76, 0x65, 0x72, 0x53, 0x74, 0x79, 0x6c, 0x65, 0x73, 0x7d, 0x20, 0x73, 0x74, 0x72, 0x6f, 0x6b
  .byte 0x65, 0x3d, 0x22, 0x6e, 0x6f, 0x6e, 0x65, 0x22, 0x20, 0x2f, 0x3e, 0x0a, 0x20, 0x20, 0x20, 0x20
  .byte 0x20, 0x20, 0x20, 0x20, 0x20, 0x20, 0x20, 0x20, 0x20, 0x20, 0x20, 0x20, 0x20, 0x20, 0x20, 0x20
  .byte 0x29, 0x3b, 0x0a, 0x20, 0x20, 0x20, 0x20, 0x20, 0x20, 0x20, 0x20, 0x20, 0x20, 0x20, 0x20, 0x20
  .byte 0x20, 0x20, 0x20, 0x20, 0x20, 0x7d, 0x29, 0x7d, 0x0a, 0x20, 0x20, 0x20, 0x20, 0x20, 0x20, 0x20
  .byte 0x20, 0x20, 0x20, 0x20, 0x20, 0x20, 0x20, 0x20, 0x20, 0x3c, 0x2f, 0x52, 0x61, 0x64, 0x69, 0x61
  .byte 0x6c, 0x42, 0x61, 0x72, 0x3e, 0x0a, 0x20, 0x20, 0x20, 0x20, 0x20, 0x20, 0x20, 0x20, 0x20, 0x20
  .byte 0x20, 0x20, 0x20, 0x20, 0x3c, 0x2f, 0x52, 0x61, 0x64, 0x69, 0x61, 0x6c, 0x42, 0x61, 0x72, 0x43
  .byte 0x68, 0x61, 0x72, 0x74, 0x3e, 0x0a, 0x20, 0x20, 0x20, 0x20, 0x20, 0x20, 0x20, 0x20, 0x20, 0x20
  .byte 0x20, 0x20, 0x3c, 0x2f, 0x43, 0x68, 0x61, 0x72, 0x74, 0x43, 0x6f, 0x6e, 0x74, 0x61, 0x69, 0x6e
  .byte 0x65, 0x72, 0x3e, 0x0a, 0x20, 0x20, 0x20, 0x20, 0x20, 0x20, 0x20, 0x20, 0x20, 0x20, 0x3c, 0x2f
  .byte 0x64, 0x69, 0x76, 0x3e, 0x0a, 0x20, 0x20, 0x20, 0x20, 0x20, 0x20, 0x20, 0x20, 0x3c, 0x2f, 0x64
  .byte 0x69, 0x76, 0x3e, 0x0a, 0x20, 0x20, 0x20, 0x20, 0x20, 0x20, 0x3c, 0x2f, 0x64, 0x69, 0x76, 0x3e
  .byte 0x0a, 0x20, 0x20, 0x20, 0x20, 0x20, 0x20, 0x7b, 0x72, 0x65, 0x6e, 0x64, 0x65, 0x72, 0x4c, 0x65
  .byte 0x67, 0x65, 0x6e, 0x64, 0x28, 0x29, 0x7d, 0x0a, 0x20, 0x20, 0x20, 0x20, 0x3c, 0x2f, 0x64, 0x69
  .byte 0x76, 0x3e, 0x0a, 0x20, 0x20, 0x29, 0x3b, 0x0a, 0x7d, 0x3b, 0x0a

  .globl openui_full_port_packages_react_ui_src_components_Charts_RadialChart_RadialChart_tsx_80e2effc7daf_len
openui_full_port_packages_react_ui_src_components_Charts_RadialChart_RadialChart_tsx_80e2effc7daf_len:
  .quad 13227

# assembly pass: 2/4
  .globl openui_full_port_packages_react_ui_src_components_Charts_RadialChart_RadialChart_tsx_80e2effc7daf_pass_2
openui_full_port_packages_react_ui_src_components_Charts_RadialChart_RadialChart_tsx_80e2effc7daf_pass_2:
  .byte 0x69, 0x6d, 0x70, 0x6f, 0x72, 0x74, 0x20, 0x63, 0x6c, 0x73, 0x78, 0x20, 0x66, 0x72, 0x6f, 0x6d
  .byte 0x20, 0x22, 0x63, 0x6c, 0x73, 0x78, 0x22, 0x3b, 0x0a, 0x69, 0x6d, 0x70, 0x6f, 0x72, 0x74, 0x20
  .byte 0x7b, 0x20, 0x75, 0x73, 0x65, 0x43, 0x61, 0x6c, 0x6c, 0x62, 0x61, 0x63, 0x6b, 0x2c, 0x20, 0x75
  .byte 0x73, 0x65, 0x45, 0x66, 0x66, 0x65, 0x63, 0x74, 0x2c, 0x20, 0x75, 0x73, 0x65, 0x4d, 0x65, 0x6d
  .byte 0x6f, 0x2c, 0x20, 0x75, 0x73, 0x65, 0x52, 0x65, 0x66, 0x2c, 0x20, 0x75, 0x73, 0x65, 0x53, 0x74
  .byte 0x61, 0x74, 0x65, 0x20, 0x7d, 0x20, 0x66, 0x72, 0x6f, 0x6d, 0x20, 0x22, 0x72, 0x65, 0x61, 0x63
  .byte 0x74, 0x22, 0x3b, 0x0a, 0x69, 0x6d, 0x70, 0x6f, 0x72, 0x74, 0x20, 0x7b, 0x20, 0x43, 0x65, 0x6c
  .byte 0x6c, 0x2c, 0x20, 0x50, 0x6f, 0x6c, 0x61, 0x72, 0x47, 0x72, 0x69, 0x64, 0x2c, 0x20, 0x52, 0x61
  .byte 0x64, 0x69, 0x61, 0x6c, 0x42, 0x61, 0x72, 0x2c, 0x20, 0x52, 0x61, 0x64, 0x69, 0x61, 0x6c, 0x42
  .byte 0x61, 0x72, 0x43, 0x68, 0x61, 0x72, 0x74, 0x2c, 0x20, 0x52, 0x65, 0x73, 0x70, 0x6f, 0x6e, 0x73
  .byte 0x69, 0x76, 0x65, 0x43, 0x6f, 0x6e, 0x74, 0x61, 0x69, 0x6e, 0x65, 0x72, 0x20, 0x7d, 0x20, 0x66
  .byte 0x72, 0x6f, 0x6d, 0x20, 0x22, 0x72, 0x65, 0x63, 0x68, 0x61, 0x72, 0x74, 0x73, 0x22, 0x3b, 0x0a
  .byte 0x69, 0x6d, 0x70, 0x6f, 0x72, 0x74, 0x20, 0x7b, 0x20, 0x75, 0x73, 0x65, 0x50, 0x72, 0x69, 0x6e
  .byte 0x74, 0x43, 0x6f, 0x6e, 0x74, 0x65, 0x78, 0x74, 0x20, 0x7d, 0x20, 0x66, 0x72, 0x6f, 0x6d, 0x20
  .byte 0x22, 0x2e, 0x2e, 0x2f, 0x2e, 0x2e, 0x2f, 0x2e, 0x2e, 0x2f, 0x63, 0x6f, 0x6e, 0x74, 0x65, 0x78
  .byte 0x74, 0x2f, 0x50, 0x72, 0x69, 0x6e, 0x74, 0x43, 0x6f, 0x6e, 0x74, 0x65, 0x78, 0x74, 0x22, 0x3b
  .byte 0x0a, 0x69, 0x6d, 0x70, 0x6f, 0x72, 0x74, 0x20, 0x7b, 0x20, 0x43, 0x68, 0x61, 0x72, 0x74, 0x43
  .byte 0x6f, 0x6e, 0x74, 0x61, 0x69, 0x6e, 0x65, 0x72, 0x2c, 0x20, 0x43, 0x68, 0x61, 0x72, 0x74, 0x54
  .byte 0x6f, 0x6f, 0x6c, 0x74, 0x69, 0x70, 0x2c, 0x20, 0x43, 0x68, 0x61, 0x72, 0x74, 0x54, 0x6f, 0x6f
  .byte 0x6c, 0x74, 0x69, 0x70, 0x43, 0x6f, 0x6e, 0x74, 0x65, 0x6e, 0x74, 0x20, 0x7d, 0x20, 0x66, 0x72
  .byte 0x6f, 0x6d, 0x20, 0x22, 0x2e, 0x2e, 0x2f, 0x43, 0x68, 0x61, 0x72, 0x74, 0x73, 0x22, 0x3b, 0x0a
  .byte 0x69, 0x6d, 0x70, 0x6f, 0x72, 0x74, 0x20, 0x7b, 0x20, 0x75, 0x73, 0x65, 0x45, 0x78, 0x70, 0x6f
  .byte 0x72, 0x74, 0x43, 0x68, 0x61, 0x72, 0x74, 0x44, 0x61, 0x74, 0x61, 0x2c, 0x20, 0x75, 0x73, 0x65
  .byte 0x54, 0x72, 0x61, 0x6e, 0x73, 0x66, 0x6f, 0x72, 0x6d, 0x65, 0x64, 0x4b, 0x65, 0x79, 0x73, 0x20
  .byte 0x7d, 0x20, 0x66, 0x72, 0x6f, 0x6d, 0x20, 0x22, 0x2e, 0x2e, 0x2f, 0x68, 0x6f, 0x6f, 0x6b, 0x73
  .byte 0x22, 0x3b, 0x0a, 0x69, 0x6d, 0x70, 0x6f, 0x72, 0x74, 0x20, 0x7b, 0x20, 0x44, 0x65, 0x66, 0x61
  .byte 0x75, 0x6c, 0x74, 0x4c, 0x65, 0x67, 0x65, 0x6e, 0x64, 0x20, 0x7d, 0x20, 0x66, 0x72, 0x6f, 0x6d
  .byte 0x20, 0x22, 0x2e, 0x2e, 0x2f, 0x73, 0x68, 0x61, 0x72, 0x65, 0x64, 0x2f, 0x44, 0x65, 0x66, 0x61
  .byte 0x75, 0x6c, 0x74, 0x4c, 0x65, 0x67, 0x65, 0x6e, 0x64, 0x2f, 0x44, 0x65, 0x66, 0x61, 0x75, 0x6c
  .byte 0x74, 0x4c, 0x65, 0x67, 0x65, 0x6e, 0x64, 0x22, 0x3b, 0x0a, 0x69, 0x6d, 0x70, 0x6f, 0x72, 0x74
  .byte 0x20, 0x7b, 0x20, 0x53, 0x74, 0x61, 0x63, 0x6b, 0x65, 0x64, 0x4c, 0x65, 0x67, 0x65, 0x6e, 0x64
  .byte 0x20, 0x7d, 0x20, 0x66, 0x72, 0x6f, 0x6d, 0x20, 0x22, 0x2e, 0x2e, 0x2f, 0x73, 0x68, 0x61, 0x72
  .byte 0x65, 0x64, 0x2f, 0x53, 0x74, 0x61, 0x63, 0x6b, 0x65, 0x64, 0x4c, 0x65, 0x67, 0x65, 0x6e, 0x64
  .byte 0x2f, 0x53, 0x74, 0x61, 0x63, 0x6b, 0x65, 0x64, 0x4c, 0x65, 0x67, 0x65, 0x6e, 0x64, 0x22, 0x3b
  .byte 0x0a, 0x69, 0x6d, 0x70, 0x6f, 0x72, 0x74, 0x20, 0x7b, 0x20, 0x4c, 0x65, 0x67, 0x65, 0x6e, 0x64
  .byte 0x49, 0x74, 0x65, 0x6d, 0x20, 0x7d, 0x20, 0x66, 0x72, 0x6f, 0x6d, 0x20, 0x22, 0x2e, 0x2e, 0x2f
  .byte 0x74, 0x79, 0x70, 0x65, 0x73, 0x2f, 0x4c, 0x65, 0x67, 0x65, 0x6e, 0x64, 0x22, 0x3b, 0x0a, 0x69
  .byte 0x6d, 0x70, 0x6f, 0x72, 0x74, 0x20, 0x7b, 0x20, 0x67, 0x65, 0x74, 0x43, 0x61, 0x74, 0x65, 0x67
  .byte 0x6f, 0x72, 0x69, 0x63, 0x61, 0x6c, 0x43, 0x68, 0x61, 0x72, 0x74, 0x43, 0x6f, 0x6e, 0x66, 0x69
  .byte 0x67, 0x20, 0x7d, 0x20, 0x66, 0x72, 0x6f, 0x6d, 0x20, 0x22, 0x2e, 0x2e, 0x2f, 0x75, 0x74, 0x69
  .byte 0x6c, 0x73, 0x2f, 0x64, 0x61, 0x74, 0x61, 0x55, 0x74, 0x69, 0x6c, 0x73, 0x22, 0x3b, 0x0a, 0x69
  .byte 0x6d, 0x70, 0x6f, 0x72, 0x74, 0x20, 0x7b, 0x20, 0x50, 0x61, 0x6c, 0x65, 0x74, 0x74, 0x65, 0x4e
  .byte 0x61, 0x6d, 0x65, 0x2c, 0x20, 0x75, 0x73, 0x65, 0x43, 0x68, 0x61, 0x72, 0x74, 0x50, 0x61, 0x6c
  .byte 0x65, 0x74, 0x74, 0x65, 0x20, 0x7d, 0x20, 0x66, 0x72, 0x6f, 0x6d, 0x20, 0x22, 0x2e, 0x2e, 0x2f
  .byte 0x75, 0x74, 0x69, 0x6c, 0x73, 0x2f, 0x50, 0x61, 0x6c, 0x6c, 0x65, 0x74, 0x55, 0x74, 0x69, 0x6c
  .byte 0x73, 0x22, 0x3b, 0x0a, 0x69, 0x6d, 0x70, 0x6f, 0x72, 0x74, 0x20, 0x7b, 0x20, 0x52, 0x61, 0x64
  .byte 0x69, 0x61, 0x6c, 0x43, 0x68, 0x61, 0x72, 0x74, 0x44, 0x61, 0x74, 0x61, 0x20, 0x7d, 0x20, 0x66
  .byte 0x72, 0x6f, 0x6d, 0x20, 0x22, 0x2e, 0x2f, 0x74, 0x79, 0x70, 0x65, 0x73, 0x22, 0x3b, 0x0a, 0x69
  .byte 0x6d, 0x70, 0x6f, 0x72, 0x74, 0x20, 0x7b, 0x0a, 0x20, 0x20, 0x63, 0x61, 0x6c, 0x63, 0x75, 0x6c
  .byte 0x61, 0x74, 0x65, 0x52, 0x61, 0x64, 0x69, 0x61, 0x6c, 0x43, 0x68, 0x61, 0x72, 0x74, 0x44, 0x69
  .byte 0x6d, 0x65, 0x6e, 0x73, 0x69, 0x6f, 0x6e, 0x73, 0x2c, 0x0a, 0x20, 0x20, 0x63, 0x72, 0x65, 0x61
  .byte 0x74, 0x65, 0x52, 0x61, 0x64, 0x69, 0x61, 0x6c, 0x41, 0x6e, 0x69, 0x6d, 0x61, 0x74, 0x69, 0x6f
  .byte 0x6e, 0x43, 0x6f, 0x6e, 0x66, 0x69, 0x67, 0x2c, 0x0a, 0x20, 0x20, 0x63, 0x72, 0x65, 0x61, 0x74
  .byte 0x65, 0x52, 0x61, 0x64, 0x69, 0x61, 0x6c, 0x45, 0x76, 0x65, 0x6e, 0x74, 0x48, 0x61, 0x6e, 0x64
  .byte 0x6c, 0x65, 0x72, 0x73, 0x2c, 0x0a, 0x20, 0x20, 0x67, 0x65, 0x74, 0x52, 0x61, 0x64, 0x69, 0x61
  .byte 0x6c, 0x48, 0x6f, 0x76, 0x65, 0x72, 0x53, 0x74, 0x79, 0x6c, 0x65, 0x73, 0x2c, 0x0a, 0x20, 0x20
  .byte 0x74, 0x72, 0x61, 0x6e, 0x73, 0x66, 0x6f, 0x72, 0x6d, 0x52, 0x61, 0x64, 0x69, 0x61, 0x6c, 0x44
  .byte 0x61, 0x74, 0x61, 0x57, 0x69, 0x74, 0x68, 0x50, 0x65, 0x72, 0x63, 0x65, 0x6e, 0x74, 0x61, 0x67
  .byte 0x65, 0x73, 0x2c, 0x0a, 0x20, 0x20, 0x75, 0x73, 0x65, 0x52, 0x61, 0x64, 0x69, 0x61, 0x6c, 0x43
  .byte 0x68, 0x61, 0x72, 0x74, 0x48, 0x6f, 0x76, 0x65, 0x72, 0x2c, 0x0a, 0x7d, 0x20, 0x66, 0x72, 0x6f
  .byte 0x6d, 0x20, 0x22, 0x2e, 0x2f, 0x75, 0x74, 0x69, 0x6c, 0x73, 0x2f, 0x52, 0x61, 0x64, 0x69, 0x61
  .byte 0x6c, 0x43, 0x68, 0x61, 0x72, 0x74, 0x55, 0x74, 0x69, 0x6c, 0x73, 0x22, 0x3b, 0x0a, 0x0a, 0x65
  .byte 0x78, 0x70, 0x6f, 0x72, 0x74, 0x20, 0x69, 0x6e, 0x74, 0x65, 0x72, 0x66, 0x61, 0x63, 0x65, 0x20
  .byte 0x52, 0x61, 0x64, 0x69, 0x61, 0x6c, 0x43, 0x68, 0x61, 0x72, 0x74, 0x50, 0x72, 0x6f, 0x70, 0x73
  .byte 0x3c, 0x54, 0x20, 0x65, 0x78, 0x74, 0x65, 0x6e, 0x64, 0x73, 0x20, 0x52, 0x61, 0x64, 0x69, 0x61
  .byte 0x6c, 0x43, 0x68, 0x61, 0x72, 0x74, 0x44, 0x61, 0x74, 0x61, 0x3e, 0x20, 0x7b, 0x0a, 0x20, 0x20
  .byte 0x64, 0x61, 0x74, 0x61, 0x3a, 0x20, 0x54, 0x3b, 0x0a, 0x20, 0x20, 0x63, 0x61, 0x74, 0x65, 0x67
  .byte 0x6f, 0x72, 0x79, 0x4b, 0x65, 0x79, 0x3a, 0x20, 0x6b, 0x65, 0x79, 0x6f, 0x66, 0x20, 0x54, 0x5b
  .byte 0x6e, 0x75, 0x6d, 0x62, 0x65, 0x72, 0x5d, 0x3b, 0x0a, 0x20, 0x20, 0x64, 0x61, 0x74, 0x61, 0x4b
  .byte 0x65, 0x79, 0x3a, 0x20, 0x6b, 0x65, 0x79, 0x6f, 0x66, 0x20, 0x54, 0x5b, 0x6e, 0x75, 0x6d, 0x62
  .byte 0x65, 0x72, 0x5d, 0x3b, 0x0a, 0x20, 0x20, 0x74, 0x68, 0x65, 0x6d, 0x65, 0x3f, 0x3a, 0x20, 0x50
  .byte 0x61, 0x6c, 0x65, 0x74, 0x74, 0x65, 0x4e, 0x61, 0x6d, 0x65, 0x3b, 0x0a, 0x20, 0x20, 0x63, 0x75
  .byte 0x73, 0x74, 0x6f, 0x6d, 0x50, 0x61, 0x6c, 0x65, 0x74, 0x74, 0x65, 0x3f, 0x3a, 0x20, 0x73, 0x74
  .byte 0x72, 0x69, 0x6e, 0x67, 0x5b, 0x5d, 0x3b, 0x0a, 0x20, 0x20, 0x76, 0x61, 0x72, 0x69, 0x61, 0x6e
  .byte 0x74, 0x3f, 0x3a, 0x20, 0x22, 0x73, 0x65, 0x6d, 0x69, 0x63, 0x69, 0x72, 0x63, 0x6c, 0x65, 0x22
  .byte 0x20, 0x7c, 0x20, 0x22, 0x63, 0x69, 0x72, 0x63, 0x75, 0x6c, 0x61, 0x72, 0x22, 0x3b, 0x0a, 0x20
  .byte 0x20, 0x66, 0x6f, 0x72, 0x6d, 0x61, 0x74, 0x3f, 0x3a, 0x20, 0x22, 0x70, 0x65, 0x72, 0x63, 0x65
  .byte 0x6e, 0x74, 0x61, 0x67, 0x65, 0x22, 0x20, 0x7c, 0x20, 0x22, 0x6e, 0x75, 0x6d, 0x62, 0x65, 0x72
  .byte 0x22, 0x3b, 0x0a, 0x20, 0x20, 0x6c, 0x65, 0x67, 0x65, 0x6e, 0x64, 0x3f, 0x3a, 0x20, 0x62, 0x6f
  .byte 0x6f, 0x6c, 0x65, 0x61, 0x6e, 0x3b, 0x0a, 0x20, 0x20, 0x6c, 0x65, 0x67, 0x65, 0x6e, 0x64, 0x56
  .byte 0x61, 0x72, 0x69, 0x61, 0x6e, 0x74, 0x3f, 0x3a, 0x20, 0x22, 0x64, 0x65, 0x66, 0x61, 0x75, 0x6c
  .byte 0x74, 0x22, 0x20, 0x7c, 0x20, 0x22, 0x73, 0x74, 0x61, 0x63, 0x6b, 0x65, 0x64, 0x22, 0x3b, 0x0a
  .byte 0x20, 0x20, 0x67, 0x72, 0x69, 0x64, 0x3f, 0x3a, 0x20, 0x62, 0x6f, 0x6f, 0x6c, 0x65, 0x61, 0x6e
  .byte 0x3b, 0x0a, 0x20, 0x20, 0x69, 0x73, 0x41, 0x6e, 0x69, 0x6d, 0x61, 0x74, 0x69, 0x6f, 0x6e, 0x41
  .byte 0x63, 0x74, 0x69, 0x76, 0x65, 0x3f, 0x3a, 0x20, 0x62, 0x6f, 0x6f, 0x6c, 0x65, 0x61, 0x6e, 0x3b
  .byte 0x0a, 0x20, 0x20, 0x63, 0x6f, 0x72, 0x6e, 0x65, 0x72, 0x52, 0x61, 0x64, 0x69, 0x75, 0x73, 0x3f
  .byte 0x3a, 0x20, 0x6e, 0x75, 0x6d, 0x62, 0x65, 0x72, 0x3b, 0x0a, 0x20, 0x20, 0x6f, 0x6e, 0x4d, 0x6f
  .byte 0x75, 0x73, 0x65, 0x45, 0x6e, 0x74, 0x65, 0x72, 0x3f, 0x3a, 0x20, 0x28, 0x64, 0x61, 0x74, 0x61
  .byte 0x3a, 0x20, 0x61, 0x6e, 0x79, 0x2c, 0x20, 0x69, 0x6e, 0x64, 0x65, 0x78, 0x3a, 0x20, 0x6e, 0x75
  .byte 0x6d, 0x62, 0x65, 0x72, 0x29, 0x20, 0x3d, 0x3e, 0x20, 0x76, 0x6f, 0x69, 0x64, 0x3b, 0x0a, 0x20
  .byte 0x20, 0x6f, 0x6e, 0x4d, 0x6f, 0x75, 0x73, 0x65, 0x4c, 0x65, 0x61, 0x76, 0x65, 0x3f, 0x3a, 0x20
  .byte 0x28, 0x29, 0x20, 0x3d, 0x3e, 0x20, 0x76, 0x6f, 0x69, 0x64, 0x3b, 0x0a, 0x20, 0x20, 0x6f, 0x6e
  .byte 0x43, 0x6c, 0x69, 0x63, 0x6b, 0x3f, 0x3a, 0x20, 0x28, 0x64, 0x61, 0x74, 0x61, 0x3a, 0x20, 0x61
  .byte 0x6e, 0x79, 0x2c, 0x20, 0x69, 0x6e, 0x64, 0x65, 0x78, 0x3a, 0x20, 0x6e, 0x75, 0x6d, 0x62, 0x65
  .byte 0x72, 0x29, 0x20, 0x3d, 0x3e, 0x20, 0x76, 0x6f, 0x69, 0x64, 0x3b, 0x0a, 0x20, 0x20, 0x63, 0x6c
  .byte 0x61, 0x73, 0x73, 0x4e, 0x61, 0x6d, 0x65, 0x3f, 0x3a, 0x20, 0x73, 0x74, 0x72, 0x69, 0x6e, 0x67
  .byte 0x3b, 0x0a, 0x20, 0x20, 0x6d, 0x61, 0x78, 0x43, 0x68, 0x61, 0x72, 0x74, 0x53, 0x69, 0x7a, 0x65
  .byte 0x3f, 0x3a, 0x20, 0x6e, 0x75, 0x6d, 0x62, 0x65, 0x72, 0x3b, 0x0a, 0x20, 0x20, 0x6d, 0x69, 0x6e
  .byte 0x43, 0x68, 0x61, 0x72, 0x74, 0x53, 0x69, 0x7a, 0x65, 0x3f, 0x3a, 0x20, 0x6e, 0x75, 0x6d, 0x62
  .byte 0x65, 0x72, 0x3b, 0x0a, 0x20, 0x20, 0x68, 0x65, 0x69, 0x67, 0x68, 0x74, 0x3f, 0x3a, 0x20, 0x6e
  .byte 0x75, 0x6d, 0x62, 0x65, 0x72, 0x20, 0x7c, 0x20, 0x73, 0x74, 0x72, 0x69, 0x6e, 0x67, 0x3b, 0x0a
  .byte 0x20, 0x20, 0x77, 0x69, 0x64, 0x74, 0x68, 0x3f, 0x3a, 0x20, 0x6e, 0x75, 0x6d, 0x62, 0x65, 0x72
  .byte 0x20, 0x7c, 0x20, 0x73, 0x74, 0x72, 0x69, 0x6e, 0x67, 0x3b, 0x0a, 0x7d, 0x0a, 0x0a, 0x63, 0x6f
  .byte 0x6e, 0x73, 0x74, 0x20, 0x53, 0x54, 0x41, 0x43, 0x4b, 0x45, 0x44, 0x5f, 0x4c, 0x45, 0x47, 0x45
  .byte 0x4e, 0x44, 0x5f, 0x42, 0x52, 0x45, 0x41, 0x4b, 0x50, 0x4f, 0x49, 0x4e, 0x54, 0x20, 0x3d, 0x20
  .byte 0x34, 0x30, 0x30, 0x3b, 0x0a, 0x63, 0x6f, 0x6e, 0x73, 0x74, 0x20, 0x4d, 0x49, 0x4e, 0x5f, 0x43
  .byte 0x48, 0x41, 0x52, 0x54, 0x5f, 0x53, 0x49, 0x5a, 0x45, 0x20, 0x3d, 0x20, 0x31, 0x35, 0x30, 0x3b
  .byte 0x0a, 0x63, 0x6f, 0x6e, 0x73, 0x74, 0x20, 0x4d, 0x41, 0x58, 0x5f, 0x43, 0x48, 0x41, 0x52, 0x54
  .byte 0x5f, 0x53, 0x49, 0x5a, 0x45, 0x20, 0x3d, 0x20, 0x35, 0x30, 0x30, 0x3b, 0x0a, 0x0a, 0x65, 0x78
  .byte 0x70, 0x6f, 0x72, 0x74, 0x20, 0x63, 0x6f, 0x6e, 0x73, 0x74, 0x20, 0x52, 0x61, 0x64, 0x69, 0x61
  .byte 0x6c, 0x43, 0x68, 0x61, 0x72, 0x74, 0x20, 0x3d, 0x20, 0x3c, 0x54, 0x20, 0x65, 0x78, 0x74, 0x65
  .byte 0x6e, 0x64, 0x73, 0x20, 0x52, 0x61, 0x64, 0x69, 0x61, 0x6c, 0x43, 0x68, 0x61, 0x72, 0x74, 0x44
  .byte 0x61, 0x74, 0x61, 0x3e, 0x28, 0x7b, 0x0a, 0x20, 0x20, 0x64, 0x61, 0x74, 0x61, 0x2c, 0x0a, 0x20
  .byte 0x20, 0x63, 0x61, 0x74, 0x65, 0x67, 0x6f, 0x72, 0x79, 0x4b, 0x65, 0x79, 0x2c, 0x0a, 0x20, 0x20
  .byte 0x64, 0x61, 0x74, 0x61, 0x4b, 0x65, 0x79, 0x2c, 0x0a, 0x20, 0x20, 0x74, 0x68, 0x65, 0x6d, 0x65
  .byte 0x20, 0x3d, 0x20, 0x22, 0x6f, 0x63, 0x65, 0x61, 0x6e, 0x22, 0x2c, 0x0a, 0x20, 0x20, 0x63, 0x75
  .byte 0x73, 0x74, 0x6f, 0x6d, 0x50, 0x61, 0x6c, 0x65, 0x74, 0x74, 0x65, 0x2c, 0x0a, 0x20, 0x20, 0x76
  .byte 0x61, 0x72, 0x69, 0x61, 0x6e, 0x74, 0x20, 0x3d, 0x20, 0x22, 0x63, 0x69, 0x72, 0x63, 0x75, 0x6c
  .byte 0x61, 0x72, 0x22, 0x2c, 0x0a, 0x20, 0x20, 0x66, 0x6f, 0x72, 0x6d, 0x61, 0x74, 0x20, 0x3d, 0x20
  .byte 0x22, 0x6e, 0x75, 0x6d, 0x62, 0x65, 0x72, 0x22, 0x2c, 0x0a, 0x20, 0x20, 0x6c, 0x65, 0x67, 0x65
  .byte 0x6e, 0x64, 0x20, 0x3d, 0x20, 0x74, 0x72, 0x75, 0x65, 0x2c, 0x0a, 0x20, 0x20, 0x6c, 0x65, 0x67
  .byte 0x65, 0x6e, 0x64, 0x56, 0x61, 0x72, 0x69, 0x61, 0x6e, 0x74, 0x20, 0x3d, 0x20, 0x22, 0x73, 0x74
  .byte 0x61, 0x63, 0x6b, 0x65, 0x64, 0x22, 0x2c, 0x0a, 0x20, 0x20, 0x67, 0x72, 0x69, 0x64, 0x20, 0x3d
  .byte 0x20, 0x66, 0x61, 0x6c, 0x73, 0x65, 0x2c, 0x0a, 0x20, 0x20, 0x69, 0x73, 0x41, 0x6e, 0x69, 0x6d
  .byte 0x61, 0x74, 0x69, 0x6f, 0x6e, 0x41, 0x63, 0x74, 0x69, 0x76, 0x65, 0x20, 0x3d, 0x20, 0x66, 0x61
  .byte 0x6c, 0x73, 0x65, 0x2c, 0x0a, 0x20, 0x20, 0x63, 0x6f, 0x72, 0x6e, 0x65, 0x72, 0x52, 0x61, 0x64
  .byte 0x69, 0x75, 0x73, 0x20, 0x3d, 0x20, 0x31, 0x30, 0x2c, 0x0a, 0x20, 0x20, 0x6f, 0x6e, 0x4d, 0x6f
  .byte 0x75, 0x73, 0x65, 0x45, 0x6e, 0x74, 0x65, 0x72, 0x2c, 0x0a, 0x20, 0x20, 0x6f, 0x6e, 0x4d, 0x6f
  .byte 0x75, 0x73, 0x65, 0x4c, 0x65, 0x61, 0x76, 0x65, 0x2c, 0x0a, 0x20, 0x20, 0x6f, 0x6e, 0x43, 0x6c
  .byte 0x69, 0x63, 0x6b, 0x2c, 0x0a, 0x20, 0x20, 0x63, 0x6c, 0x61, 0x73, 0x73, 0x4e, 0x61, 0x6d, 0x65
  .byte 0x2c, 0x0a, 0x20, 0x20, 0x6d, 0x61, 0x78, 0x43, 0x68, 0x61, 0x72, 0x74, 0x53, 0x69, 0x7a, 0x65
  .byte 0x20, 0x3d, 0x20, 0x4d, 0x41, 0x58, 0x5f, 0x43, 0x48, 0x41, 0x52, 0x54, 0x5f, 0x53, 0x49, 0x5a
  .byte 0x45, 0x2c, 0x0a, 0x20, 0x20, 0x6d, 0x69, 0x6e, 0x43, 0x68, 0x61, 0x72, 0x74, 0x53, 0x69, 0x7a
  .byte 0x65, 0x20, 0x3d, 0x20, 0x4d, 0x49, 0x4e, 0x5f, 0x43, 0x48, 0x41, 0x52, 0x54, 0x5f, 0x53, 0x49
  .byte 0x5a, 0x45, 0x2c, 0x0a, 0x20, 0x20, 0x68, 0x65, 0x69, 0x67, 0x68, 0x74, 0x2c, 0x0a, 0x20, 0x20
  .byte 0x77, 0x69, 0x64, 0x74, 0x68, 0x2c, 0x0a, 0x7d, 0x3a, 0x20, 0x52, 0x61, 0x64, 0x69, 0x61, 0x6c
  .byte 0x43, 0x68, 0x61, 0x72, 0x74, 0x50, 0x72, 0x6f, 0x70, 0x73, 0x3c, 0x54, 0x3e, 0x29, 0x20, 0x3d
  .byte 0x3e, 0x20, 0x7b, 0x0a, 0x20, 0x20, 0x63, 0x6f, 0x6e, 0x73, 0x74, 0x20, 0x70, 0x72, 0x69, 0x6e
  .byte 0x74, 0x43, 0x6f, 0x6e, 0x74, 0x65, 0x78, 0x74, 0x20, 0x3d, 0x20, 0x75, 0x73, 0x65, 0x50, 0x72
  .byte 0x69, 0x6e, 0x74, 0x43, 0x6f, 0x6e, 0x74, 0x65, 0x78, 0x74, 0x28, 0x29, 0x3b, 0x0a, 0x20, 0x20
  .byte 0x69, 0x73, 0x41, 0x6e, 0x69, 0x6d, 0x61, 0x74, 0x69, 0x6f, 0x6e, 0x41, 0x63, 0x74, 0x69, 0x76
  .byte 0x65, 0x20, 0x3d, 0x20, 0x70, 0x72, 0x69, 0x6e, 0x74, 0x43, 0x6f, 0x6e, 0x74, 0x65, 0x78, 0x74
  .byte 0x20, 0x3f, 0x20, 0x66, 0x61, 0x6c, 0x73, 0x65, 0x20, 0x3a, 0x20, 0x69, 0x73, 0x41, 0x6e, 0x69
  .byte 0x6d, 0x61, 0x74, 0x69, 0x6f, 0x6e, 0x41, 0x63, 0x74, 0x69, 0x76, 0x65, 0x3b, 0x0a, 0x0a, 0x20
  .byte 0x20, 0x63, 0x6f, 0x6e, 0x73, 0x74, 0x20, 0x77, 0x72, 0x61, 0x70, 0x70, 0x65, 0x72, 0x52, 0x65
  .byte 0x66, 0x20, 0x3d, 0x20, 0x75, 0x73, 0x65, 0x52, 0x65, 0x66, 0x3c, 0x48, 0x54, 0x4d, 0x4c, 0x44
  .byte 0x69, 0x76, 0x45, 0x6c, 0x65, 0x6d, 0x65, 0x6e, 0x74, 0x3e, 0x28, 0x6e, 0x75, 0x6c, 0x6c, 0x29
  .byte 0x3b, 0x0a, 0x20, 0x20, 0x63, 0x6f, 0x6e, 0x73, 0x74, 0x20, 0x5b, 0x77, 0x72, 0x61, 0x70, 0x70
  .byte 0x65, 0x72, 0x52, 0x65, 0x63, 0x74, 0x2c, 0x20, 0x73, 0x65, 0x74, 0x57, 0x72, 0x61, 0x70, 0x70
  .byte 0x65, 0x72, 0x52, 0x65, 0x63, 0x74, 0x5d, 0x20, 0x3d, 0x20, 0x75, 0x73, 0x65, 0x53, 0x74, 0x61
  .byte 0x74, 0x65, 0x28, 0x7b, 0x20, 0x77, 0x69, 0x64, 0x74, 0x68, 0x3a, 0x20, 0x30, 0x2c, 0x20, 0x68
  .byte 0x65, 0x69, 0x67, 0x68, 0x74, 0x3a, 0x20, 0x30, 0x20, 0x7d, 0x29, 0x3b, 0x0a, 0x20, 0x20, 0x63
  .byte 0x6f, 0x6e, 0x73, 0x74, 0x20, 0x5b, 0x68, 0x6f, 0x76, 0x65, 0x72, 0x65, 0x64, 0x4c, 0x65, 0x67
  .byte 0x65, 0x6e, 0x64, 0x4b, 0x65, 0x79, 0x2c, 0x20, 0x73, 0x65, 0x74, 0x48, 0x6f, 0x76, 0x65, 0x72
  .byte 0x65, 0x64, 0x4c, 0x65, 0x67, 0x65, 0x6e, 0x64, 0x4b, 0x65, 0x79, 0x5d, 0x20, 0x3d, 0x20, 0x75
  .byte 0x73, 0x65, 0x53, 0x74, 0x61, 0x74, 0x65, 0x3c, 0x73, 0x74, 0x72, 0x69, 0x6e, 0x67, 0x20, 0x7c
  .byte 0x20, 0x6e, 0x75, 0x6c, 0x6c, 0x3e, 0x28, 0x6e, 0x75, 0x6c, 0x6c, 0x29, 0x3b, 0x0a, 0x20, 0x20
  .byte 0x63, 0x6f, 0x6e, 0x73, 0x74, 0x20, 0x5b, 0x69, 0x73, 0x4c, 0x65, 0x67, 0x65, 0x6e, 0x64, 0x45
  .byte 0x78, 0x70, 0x61, 0x6e, 0x64, 0x65, 0x64, 0x2c, 0x20, 0x73, 0x65, 0x74, 0x49, 0x73, 0x4c, 0x65
  .byte 0x67, 0x65, 0x6e, 0x64, 0x45, 0x78, 0x70, 0x61, 0x6e, 0x64, 0x65, 0x64, 0x5d, 0x20, 0x3d, 0x20
  .byte 0x75, 0x73, 0x65, 0x53, 0x74, 0x61, 0x74, 0x65, 0x28, 0x66, 0x61, 0x6c, 0x73, 0x65, 0x29, 0x3b
  .byte 0x0a, 0x20, 0x20, 0x63, 0x6f, 0x6e, 0x73, 0x74, 0x20, 0x7b, 0x20, 0x61, 0x63, 0x74, 0x69, 0x76
  .byte 0x65, 0x49, 0x6e, 0x64, 0x65, 0x78, 0x2c, 0x20, 0x68, 0x61, 0x6e, 0x64, 0x6c, 0x65, 0x4d, 0x6f
  .byte 0x75, 0x73, 0x65, 0x45, 0x6e, 0x74, 0x65, 0x72, 0x2c, 0x20, 0x68, 0x61, 0x6e, 0x64, 0x6c, 0x65
  .byte 0x4d, 0x6f, 0x75, 0x73, 0x65, 0x4c, 0x65, 0x61, 0x76, 0x65, 0x20, 0x7d, 0x20, 0x3d, 0x20, 0x75
  .byte 0x73, 0x65, 0x52, 0x61, 0x64, 0x69, 0x61, 0x6c, 0x43, 0x68, 0x61, 0x72, 0x74, 0x48, 0x6f, 0x76
  .byte 0x65, 0x72, 0x28, 0x29, 0x3b, 0x0a, 0x0a, 0x20, 0x20, 0x2f, 0x2f, 0x20, 0x44, 0x65, 0x74, 0x65
  .byte 0x72, 0x6d, 0x69, 0x6e, 0x65, 0x20, 0x6c, 0x61, 0x79, 0x6f, 0x75, 0x74, 0x20, 0x6d, 0x6f, 0x64
  .byte 0x65, 0x20, 0x62, 0x61, 0x73, 0x65, 0x64, 0x20, 0x6f, 0x6e, 0x20, 0x63, 0x6f, 0x6e, 0x74, 0x61
  .byte 0x69, 0x6e, 0x65, 0x72, 0x20, 0x77, 0x69, 0x64, 0x74, 0x68, 0x0a, 0x20, 0x20, 0x63, 0x6f, 0x6e
  .byte 0x73, 0x74, 0x20, 0x69, 0x73, 0x52, 0x6f, 0x77, 0x4c, 0x61, 0x79, 0x6f, 0x75, 0x74, 0x20, 0x3d
  .byte 0x0a, 0x20, 0x20, 0x20, 0x20, 0x6c, 0x65, 0x67, 0x65, 0x6e, 0x64, 0x20, 0x26, 0x26, 0x20, 0x6c
  .byte 0x65, 0x67, 0x65, 0x6e, 0x64, 0x56, 0x61, 0x72, 0x69, 0x61, 0x6e, 0x74, 0x20, 0x3d, 0x3d, 0x3d
  .byte 0x20, 0x22, 0x73, 0x74, 0x61, 0x63, 0x6b, 0x65, 0x64, 0x22, 0x20, 0x26, 0x26, 0x20, 0x77, 0x72
  .byte 0x61, 0x70, 0x70, 0x65, 0x72, 0x52, 0x65, 0x63, 0x74, 0x2e, 0x77, 0x69, 0x64, 0x74, 0x68, 0x20
  .byte 0x3e, 0x3d, 0x20, 0x53, 0x54, 0x41, 0x43, 0x4b, 0x45, 0x44, 0x5f, 0x4c, 0x45, 0x47, 0x45, 0x4e
  .byte 0x44, 0x5f, 0x42, 0x52, 0x45, 0x41, 0x4b, 0x50, 0x4f, 0x49, 0x4e, 0x54, 0x3b, 0x0a, 0x0a, 0x20
  .byte 0x20, 0x2f, 0x2f, 0x20, 0x53, 0x6f, 0x72, 0x74, 0x20, 0x64, 0x61, 0x74, 0x61, 0x20, 0x62, 0x79
  .byte 0x20, 0x76, 0x61, 0x6c, 0x75, 0x65, 0x20, 0x28, 0x68, 0x69, 0x67, 0x68, 0x65, 0x73, 0x74, 0x20
  .byte 0x74, 0x6f, 0x20, 0x6c, 0x6f, 0x77, 0x65, 0x73, 0x74, 0x29, 0x20, 0x66, 0x6f, 0x72, 0x20, 0x72
  .byte 0x61, 0x64, 0x69, 0x61, 0x6c, 0x20, 0x63, 0x68, 0x61, 0x72, 0x74, 0x20, 0x72, 0x65, 0x6e, 0x64
  .byte 0x65, 0x72, 0x69, 0x6e, 0x67, 0x0a, 0x20, 0x20, 0x63, 0x6f, 0x6e, 0x73, 0x74, 0x20, 0x73, 0x6f
  .byte 0x72, 0x74, 0x65, 0x64, 0x50, 0x72, 0x6f, 0x63, 0x65, 0x73, 0x73, 0x65, 0x64, 0x44, 0x61, 0x74
  .byte 0x61, 0x20, 0x3d, 0x20, 0x75, 0x73, 0x65, 0x4d, 0x65, 0x6d, 0x6f, 0x28, 0x0a, 0x20, 0x20, 0x20
  .byte 0x20, 0x28, 0x29, 0x20, 0x3d, 0x3e, 0x20, 0x5b, 0x2e, 0x2e, 0x2e, 0x64, 0x61, 0x74, 0x61, 0x5d
  .byte 0x2e, 0x73, 0x6f, 0x72, 0x74, 0x28, 0x28, 0x61, 0x2c, 0x20, 0x62, 0x29, 0x20, 0x3d, 0x3e, 0x20
  .byte 0x4e, 0x75, 0x6d, 0x62, 0x65, 0x72, 0x28, 0x62, 0x5b, 0x64, 0x61, 0x74, 0x61, 0x4b, 0x65, 0x79
  .byte 0x5d, 0x29, 0x20, 0x2d, 0x20, 0x4e, 0x75, 0x6d, 0x62, 0x65, 0x72, 0x28, 0x61, 0x5b, 0x64, 0x61
  .byte 0x74, 0x61, 0x4b, 0x65, 0x79, 0x5d, 0x29, 0x29, 0x2c, 0x0a, 0x20, 0x20, 0x20, 0x20, 0x5b, 0x64
  .byte 0x61, 0x74, 0x61, 0x2c, 0x20, 0x64, 0x61, 0x74, 0x61, 0x4b, 0x65, 0x79, 0x5d, 0x2c, 0x0a, 0x20
  .byte 0x20, 0x29, 0x3b, 0x0a, 0x0a, 0x20, 0x20, 0x63, 0x6f, 0x6e, 0x73, 0x74, 0x20, 0x63, 0x61, 0x74
  .byte 0x65, 0x67, 0x6f, 0x72, 0x69, 0x65, 0x73, 0x20, 0x3d, 0x20, 0x75, 0x73, 0x65, 0x4d, 0x65, 0x6d
  .byte 0x6f, 0x28, 0x0a, 0x20, 0x20, 0x20, 0x20, 0x28, 0x29, 0x20, 0x3d, 0x3e, 0x20, 0x73, 0x6f, 0x72
  .byte 0x74, 0x65, 0x64, 0x50, 0x72, 0x6f, 0x63, 0x65, 0x73, 0x73, 0x65, 0x64, 0x44, 0x61, 0x74, 0x61
  .byte 0x2e, 0x6d, 0x61, 0x70, 0x28, 0x28, 0x69, 0x74, 0x65, 0x6d, 0x29, 0x20, 0x3d, 0x3e, 0x20, 0x53
  .byte 0x74, 0x72, 0x69, 0x6e, 0x67, 0x28, 0x69, 0x74, 0x65, 0x6d, 0x5b, 0x63, 0x61, 0x74, 0x65, 0x67
  .byte 0x6f, 0x72, 0x79, 0x4b, 0x65, 0x79, 0x5d, 0x29, 0x29, 0x2c, 0x0a, 0x20, 0x20, 0x20, 0x20, 0x5b
  .byte 0x73, 0x6f, 0x72, 0x74, 0x65, 0x64, 0x50, 0x72, 0x6f, 0x63, 0x65, 0x73, 0x73, 0x65, 0x64, 0x44
  .byte 0x61, 0x74, 0x61, 0x2c, 0x20, 0x63, 0x61, 0x74, 0x65, 0x67, 0x6f, 0x72, 0x79, 0x4b, 0x65, 0x79
  .byte 0x5d, 0x2c, 0x0a, 0x20, 0x20, 0x29, 0x3b, 0x0a, 0x20, 0x20, 0x63, 0x6f, 0x6e, 0x73, 0x74, 0x20
  .byte 0x74, 0x72, 0x61, 0x6e, 0x73, 0x66, 0x6f, 0x72, 0x6d, 0x65, 0x64, 0x4b, 0x65, 0x79, 0x73, 0x20
  .byte 0x3d, 0x20, 0x75, 0x73, 0x65, 0x54, 0x72, 0x61, 0x6e, 0x73, 0x66, 0x6f, 0x72, 0x6d, 0x65, 0x64
  .byte 0x4b, 0x65, 0x79, 0x73, 0x28, 0x63, 0x61, 0x74, 0x65, 0x67, 0x6f, 0x72, 0x69, 0x65, 0x73, 0x29
  .byte 0x3b, 0x0a, 0x0a, 0x20, 0x20, 0x2f, 0x2f, 0x20, 0x4d, 0x65, 0x6d, 0x6f, 0x69, 0x7a, 0x65, 0x20
  .byte 0x73, 0x74, 0x72, 0x69, 0x6e, 0x67, 0x20, 0x63, 0x6f, 0x6e, 0x76, 0x65, 0x72, 0x73, 0x69, 0x6f
  .byte 0x6e, 0x73, 0x20, 0x74, 0x6f, 0x20, 0x61, 0x76, 0x6f, 0x69, 0x64, 0x20, 0x72, 0x65, 0x70, 0x65
  .byte 0x61, 0x74, 0x65, 0x64, 0x20, 0x63, 0x61, 0x6c, 0x6c, 0x73, 0x0a, 0x20, 0x20, 0x63, 0x6f, 0x6e
  .byte 0x73, 0x74, 0x20, 0x63, 0x61, 0x74, 0x65, 0x67, 0x6f, 0x72, 0x79, 0x4b, 0x65, 0x79, 0x53, 0x74
  .byte 0x72, 0x69, 0x6e, 0x67, 0x20, 0x3d, 0x20, 0x75, 0x73, 0x65, 0x4d, 0x65, 0x6d, 0x6f, 0x28, 0x28
  .byte 0x29, 0x20, 0x3d, 0x3e, 0x20, 0x53, 0x74, 0x72, 0x69, 0x6e, 0x67, 0x28, 0x63, 0x61, 0x74, 0x65
  .byte 0x67, 0x6f, 0x72, 0x79, 0x4b, 0x65, 0x79, 0x29, 0x2c, 0x20, 0x5b, 0x63, 0x61, 0x74, 0x65, 0x67
  .byte 0x6f, 0x72, 0x79, 0x4b, 0x65, 0x79, 0x5d, 0x29, 0x3b, 0x0a, 0x20, 0x20, 0x63, 0x6f, 0x6e, 0x73
  .byte 0x74, 0x20, 0x64, 0x61, 0x74, 0x61, 0x4b, 0x65, 0x79, 0x53, 0x74, 0x72, 0x69, 0x6e, 0x67, 0x20
  .byte 0x3d, 0x20, 0x75, 0x73, 0x65, 0x4d, 0x65, 0x6d, 0x6f, 0x28, 0x28, 0x29, 0x20, 0x3d, 0x3e, 0x20
  .byte 0x53, 0x74, 0x72, 0x69, 0x6e, 0x67, 0x28, 0x64, 0x61, 0x74, 0x61, 0x4b, 0x65, 0x79, 0x29, 0x2c
  .byte 0x20, 0x5b, 0x64, 0x61, 0x74, 0x61, 0x4b, 0x65, 0x79, 0x5d, 0x29, 0x3b, 0x0a, 0x20, 0x20, 0x63
  .byte 0x6f, 0x6e, 0x73, 0x74, 0x20, 0x66, 0x6f, 0x72, 0x6d, 0x61, 0x74, 0x4b, 0x65, 0x79, 0x20, 0x3d
  .byte 0x20, 0x75, 0x73, 0x65, 0x4d, 0x65, 0x6d, 0x6f, 0x28, 0x0a, 0x20, 0x20, 0x20, 0x20, 0x28, 0x29
  .byte 0x20, 0x3d, 0x3e, 0x20, 0x28, 0x66, 0x6f, 0x72, 0x6d, 0x61, 0x74, 0x20, 0x3d, 0x3d, 0x3d, 0x20
  .byte 0x22, 0x70, 0x65, 0x72, 0x63, 0x65, 0x6e, 0x74, 0x61, 0x67, 0x65, 0x22, 0x20, 0x3f, 0x20, 0x22
  .byte 0x70, 0x65, 0x72, 0x63, 0x65, 0x6e, 0x74, 0x61, 0x67, 0x65, 0x22, 0x20, 0x3a, 0x20, 0x64, 0x61
  .byte 0x74, 0x61, 0x4b, 0x65, 0x79, 0x53, 0x74, 0x72, 0x69, 0x6e, 0x67, 0x29, 0x2c, 0x0a, 0x20, 0x20
  .byte 0x20, 0x20, 0x5b, 0x66, 0x6f, 0x72, 0x6d, 0x61, 0x74, 0x2c, 0x20, 0x64, 0x61, 0x74, 0x61, 0x4b
  .byte 0x65, 0x79, 0x53, 0x74, 0x72, 0x69, 0x6e, 0x67, 0x5d, 0x2c, 0x0a, 0x20, 0x20, 0x29, 0x3b, 0x0a
  .byte 0x0a, 0x20, 0x20, 0x2f, 0x2f, 0x20, 0x55, 0x73, 0x65, 0x20, 0x70, 0x72, 0x6f, 0x76, 0x69, 0x64
  .byte 0x65, 0x64, 0x20, 0x64, 0x69, 0x6d, 0x65, 0x6e, 0x73, 0x69, 0x6f, 0x6e, 0x73, 0x20, 0x6f, 0x72
  .byte 0x20, 0x6f, 0x62, 0x73, 0x65, 0x72, 0x76, 0x65, 0x64, 0x20, 0x64, 0x69, 0x6d, 0x65, 0x6e, 0x73
  .byte 0x69, 0x6f, 0x6e, 0x73, 0x20, 0x66, 0x72, 0x6f, 0x6d, 0x20, 0x74, 0x68, 0x65, 0x20, 0x77, 0x72
  .byte 0x61, 0x70, 0x70, 0x65, 0x72, 0x0a, 0x20, 0x20, 0x63, 0x6f, 0x6e, 0x73, 0x74, 0x20, 0x65, 0x66
  .byte 0x66, 0x65, 0x63, 0x74, 0x69, 0x76, 0x65, 0x57, 0x69, 0x64, 0x74, 0x68, 0x20, 0x3d, 0x20, 0x77
  .byte 0x72, 0x61, 0x70, 0x70, 0x65, 0x72, 0x52, 0x65, 0x63, 0x74, 0x2e, 0x77, 0x69, 0x64, 0x74, 0x68
  .byte 0x3b, 0x0a, 0x20, 0x20, 0x63, 0x6f, 0x6e, 0x73, 0x74, 0x20, 0x65, 0x66, 0x66, 0x65, 0x63, 0x74
  .byte 0x69, 0x76, 0x65, 0x48, 0x65, 0x69, 0x67, 0x68, 0x74, 0x20, 0x3d, 0x20, 0x77, 0x72, 0x61, 0x70
  .byte 0x70, 0x65, 0x72, 0x52, 0x65, 0x63, 0x74, 0x2e, 0x68, 0x65, 0x69, 0x67, 0x68, 0x74, 0x3b, 0x0a
  .byte 0x0a, 0x20, 0x20, 0x2f, 0x2f, 0x20, 0x43, 0x61, 0x6c, 0x63, 0x75, 0x6c, 0x61, 0x74, 0x65, 0x20
  .byte 0x63, 0x68, 0x61, 0x72, 0x74, 0x20, 0x64, 0x69, 0x6d, 0x65, 0x6e, 0x73, 0x69, 0x6f, 0x6e, 0x73
  .byte 0x20, 0x62, 0x61, 0x73, 0x65, 0x64, 0x20, 0x6f, 0x6e, 0x20, 0x74, 0x68, 0x65, 0x20, 0x73, 0x6d
  .byte 0x61, 0x6c, 0x6c, 0x65, 0x72, 0x20, 0x64, 0x69, 0x6d, 0x65, 0x6e, 0x73, 0x69, 0x6f, 0x6e, 0x20
  .byte 0x6f, 0x66, 0x20, 0x74, 0x68, 0x65, 0x20, 0x63, 0x6f, 0x6e, 0x74, 0x61, 0x69, 0x6e, 0x65, 0x72
  .byte 0x0a, 0x20, 0x20, 0x63, 0x6f, 0x6e, 0x73, 0x74, 0x20, 0x63, 0x68, 0x61, 0x72, 0x74, 0x53, 0x69
  .byte 0x7a, 0x65, 0x20, 0x3d, 0x20, 0x75, 0x73, 0x65, 0x4d, 0x65, 0x6d, 0x6f, 0x28, 0x28, 0x29, 0x20
  .byte 0x3d, 0x3e, 0x20, 0x7b, 0x0a, 0x20, 0x20, 0x20, 0x20, 0x2f, 0x2f, 0x20, 0x43, 0x6f, 0x6d, 0x70
  .byte 0x75, 0x74, 0x65, 0x20, 0x74, 0x68, 0x65, 0x20, 0x61, 0x76, 0x61, 0x69, 0x6c, 0x61, 0x62, 0x6c
  .byte 0x65, 0x20, 0x77, 0x69, 0x64, 0x74, 0x68, 0x20, 0x66, 0x6f, 0x72, 0x20, 0x74, 0x68, 0x65, 0x20
  .byte 0x63, 0x68, 0x61, 0x72, 0x74, 0x2e, 0x20, 0x49, 0x6e, 0x20, 0x72, 0x6f, 0x77, 0x20, 0x6c, 0x61
  .byte 0x79, 0x6f, 0x75, 0x74, 0x2c, 0x20, 0x63, 0x68, 0x61, 0x72, 0x74, 0x20, 0x61, 0x6e, 0x64, 0x20
  .byte 0x6c, 0x65, 0x67, 0x65, 0x6e, 0x64, 0x20, 0x73, 0x69, 0x74, 0x20, 0x73, 0x69, 0x64, 0x65, 0x2d
  .byte 0x62, 0x79, 0x2d, 0x73, 0x69, 0x64, 0x65, 0x2e, 0x0a, 0x20, 0x20, 0x20, 0x20, 0x2f, 0x2f, 0x20
  .byte 0x53, 0x75, 0x62, 0x74, 0x72, 0x61, 0x63, 0x74, 0x20, 0x74, 0x68, 0x65, 0x20, 0x32, 0x30, 0x70
  .byte 0x78, 0x20, 0x67, 0x61, 0x70, 0x20, 0x64, 0x65, 0x66, 0x69, 0x6e, 0x65, 0x64, 0x20, 0x69, 0x6e
  .byte 0x20, 0x43, 0x53, 0x53, 0x20, 0x74, 0x6f, 0x20, 0x61, 0x76, 0x6f, 0x69, 0x64, 0x20, 0x6f, 0x76
  .byte 0x65, 0x72, 0x2d, 0x65, 0x73, 0x74, 0x69, 0x6d, 0x61, 0x74, 0x69, 0x6e, 0x67, 0x20, 0x61, 0x76
  .byte 0x61, 0x69, 0x6c, 0x61, 0x62, 0x6c, 0x65, 0x20, 0x77, 0x69, 0x64, 0x74, 0x68, 0x2e, 0x0a, 0x20
  .byte 0x20, 0x20, 0x20, 0x63, 0x6f, 0x6e, 0x73, 0x74, 0x20, 0x63, 0x6f, 0x6e, 0x74, 0x61, 0x69, 0x6e
  .byte 0x65, 0x72, 0x57, 0x69, 0x64, 0x74, 0x68, 0x20, 0x3d, 0x20, 0x69, 0x73, 0x52, 0x6f, 0x77, 0x4c
  .byte 0x61, 0x79, 0x6f, 0x75, 0x74, 0x20, 0x3f, 0x20, 0x4d, 0x61, 0x74, 0x68, 0x2e, 0x6d, 0x61, 0x78
  .byte 0x28, 0x30, 0x2c, 0x20, 0x28, 0x65, 0x66, 0x66, 0x65, 0x63, 0x74, 0x69, 0x76, 0x65, 0x57, 0x69
  .byte 0x64, 0x74, 0x68, 0x20, 0x2d, 0x20, 0x32, 0x30, 0x29, 0x20, 0x2f, 0x20, 0x32, 0x29, 0x20, 0x3a
  .byte 0x20, 0x65, 0x66, 0x66, 0x65, 0x63, 0x74, 0x69, 0x76, 0x65, 0x57, 0x69, 0x64, 0x74, 0x68, 0x3b
  .byte 0x0a, 0x0a, 0x20, 0x20, 0x20, 0x20, 0x2f, 0x2f, 0x20, 0x49, 0x66, 0x20, 0x77, 0x72, 0x61, 0x70
  .byte 0x70, 0x65, 0x72, 0x20, 0x68, 0x65, 0x69, 0x67, 0x68, 0x74, 0x20, 0x69, 0x73, 0x6e, 0x27, 0x74
  .byte 0x20, 0x65, 0x78, 0x70, 0x6c, 0x69, 0x63, 0x69, 0x74, 0x6c, 0x79, 0x20, 0x70, 0x72, 0x6f, 0x76
  .byte 0x69, 0x64, 0x65, 0x64, 0x20, 0x28, 0x6f, 0x72, 0x20, 0x69, 0x73, 0x20, 0x76, 0x65, 0x72, 0x79
  .byte 0x20, 0x73, 0x6d, 0x61, 0x6c, 0x6c, 0x29, 0x2c, 0x20, 0x70, 0x72, 0x65, 0x66, 0x65, 0x72, 0x20
  .byte 0x73, 0x69, 0x7a, 0x69, 0x6e, 0x67, 0x20, 0x62, 0x79, 0x20, 0x77, 0x69, 0x64, 0x74, 0x68, 0x20
  .byte 0x74, 0x6f, 0x0a, 0x20, 0x20, 0x20, 0x20, 0x2f, 0x2f, 0x20, 0x61, 0x76, 0x6f, 0x69, 0x64, 0x20
  .byte 0x61, 0x20, 0x66, 0x65, 0x65, 0x64, 0x62, 0x61, 0x63, 0x6b, 0x20, 0x6c, 0x6f, 0x6f, 0x70, 0x20
  .byte 0x77, 0x68, 0x65, 0x72, 0x65, 0x20, 0x68, 0x65, 0x69, 0x67, 0x68, 0x74, 0x20, 0x64, 0x65, 0x70
  .byte 0x65, 0x6e, 0x64, 0x73, 0x20, 0x6f, 0x6e, 0x20, 0x74, 0x68, 0x65, 0x20, 0x63, 0x68, 0x61, 0x72
  .byte 0x74, 0x2c, 0x20, 0x77, 0x68, 0x69, 0x63, 0x68, 0x20, 0x74, 0x68, 0x65, 0x6e, 0x20, 0x63, 0x6c
  .byte 0x61, 0x6d, 0x70, 0x73, 0x20, 0x74, 0x68, 0x65, 0x20, 0x73, 0x69, 0x7a, 0x65, 0x2e, 0x0a, 0x20
  .byte 0x20, 0x20, 0x20, 0x63, 0x6f, 0x6e, 0x73, 0x74, 0x20, 0x68, 0x65, 0x69, 0x67, 0x68, 0x74, 0x49
  .byte 0x73, 0x55, 0x73, 0x61, 0x62, 0x6c, 0x65, 0x20, 0x3d, 0x20, 0x65, 0x66, 0x66, 0x65, 0x63, 0x74
  .byte 0x69, 0x76, 0x65, 0x48, 0x65, 0x69, 0x67, 0x68, 0x74, 0x20, 0x3e, 0x3d, 0x20, 0x6d, 0x69, 0x6e
  .byte 0x43, 0x68, 0x61, 0x72, 0x74, 0x53, 0x69, 0x7a, 0x65, 0x3b, 0x0a, 0x0a, 0x20, 0x20, 0x20, 0x20
  .byte 0x6c, 0x65, 0x74, 0x20, 0x73, 0x69, 0x7a, 0x65, 0x20, 0x3d, 0x20, 0x68, 0x65, 0x69, 0x67, 0x68
  .byte 0x74, 0x49, 0x73, 0x55, 0x73, 0x61, 0x62, 0x6c, 0x65, 0x20, 0x3f, 0x20, 0x4d, 0x61, 0x74, 0x68
  .byte 0x2e, 0x6d, 0x69, 0x6e, 0x28, 0x63, 0x6f, 0x6e, 0x74, 0x61, 0x69, 0x6e, 0x65, 0x72, 0x57, 0x69
  .byte 0x64, 0x74, 0x68, 0x2c, 0x20, 0x65, 0x66, 0x66, 0x65, 0x63, 0x74, 0x69, 0x76, 0x65, 0x48, 0x65
  .byte 0x69, 0x67, 0x68, 0x74, 0x29, 0x20, 0x3a, 0x20, 0x63, 0x6f, 0x6e, 0x74, 0x61, 0x69, 0x6e, 0x65
  .byte 0x72, 0x57, 0x69, 0x64, 0x74, 0x68, 0x3b, 0x0a, 0x20, 0x20, 0x20, 0x20, 0x73, 0x69, 0x7a, 0x65
  .byte 0x20, 0x3d, 0x20, 0x4d, 0x61, 0x74, 0x68, 0x2e, 0x6d, 0x69, 0x6e, 0x28, 0x73, 0x69, 0x7a, 0x65
  .byte 0x2c, 0x20, 0x6d, 0x61, 0x78, 0x43, 0x68, 0x61, 0x72, 0x74, 0x53, 0x69, 0x7a, 0x65, 0x29, 0x3b
  .byte 0x0a, 0x20, 0x20, 0x20, 0x20, 0x72, 0x65, 0x74, 0x75, 0x72, 0x6e, 0x20, 0x4d, 0x61, 0x74, 0x68
  .byte 0x2e, 0x6d, 0x61, 0x78, 0x28, 0x6d, 0x69, 0x6e, 0x43, 0x68, 0x61, 0x72, 0x74, 0x53, 0x69, 0x7a
  .byte 0x65, 0x2c, 0x20, 0x73, 0x69, 0x7a, 0x65, 0x29, 0x3b, 0x0a, 0x20, 0x20, 0x7d, 0x2c, 0x20, 0x5b
  .byte 0x65, 0x66, 0x66, 0x65, 0x63, 0x74, 0x69, 0x76, 0x65, 0x57, 0x69, 0x64, 0x74, 0x68, 0x2c, 0x20
  .byte 0x65, 0x66, 0x66, 0x65, 0x63, 0x74, 0x69, 0x76, 0x65, 0x48, 0x65, 0x69, 0x67, 0x68, 0x74, 0x2c
  .byte 0x20, 0x69, 0x73, 0x52, 0x6f, 0x77, 0x4c, 0x61, 0x79, 0x6f, 0x75, 0x74, 0x5d, 0x29, 0x3b, 0x0a
  .byte 0x0a, 0x20, 0x20, 0x63, 0x6f, 0x6e, 0x73, 0x74, 0x20, 0x63, 0x68, 0x61, 0x72, 0x74, 0x53, 0x69
  .byte 0x7a, 0x65, 0x53, 0x74, 0x79, 0x6c, 0x65, 0x20, 0x3d, 0x20, 0x75, 0x73, 0x65, 0x4d, 0x65, 0x6d
  .byte 0x6f, 0x28, 0x0a, 0x20, 0x20, 0x20, 0x20, 0x28, 0x29, 0x20, 0x3d, 0x3e, 0x20, 0x28, 0x7b, 0x0a
  .byte 0x20, 0x20, 0x20, 0x20, 0x20, 0x20, 0x77, 0x69, 0x64, 0x74, 0x68, 0x3a, 0x20, 0x63, 0x68, 0x61
  .byte 0x72, 0x74, 0x53, 0x69, 0x7a, 0x65, 0x2c, 0x0a, 0x20, 0x20, 0x20, 0x20, 0x20, 0x20, 0x68, 0x65
  .byte 0x69, 0x67, 0x68, 0x74, 0x3a, 0x20, 0x63, 0x68, 0x61, 0x72, 0x74, 0x53, 0x69, 0x7a, 0x65, 0x2c
  .byte 0x0a, 0x20, 0x20, 0x20, 0x20, 0x7d, 0x29, 0x2c, 0x0a, 0x20, 0x20, 0x20, 0x20, 0x5b, 0x63, 0x68
  .byte 0x61, 0x72, 0x74, 0x53, 0x69, 0x7a, 0x65, 0x5d, 0x2c, 0x0a, 0x20, 0x20, 0x29, 0x3b, 0x0a, 0x0a
  .byte 0x20, 0x20, 0x63, 0x6f, 0x6e, 0x73, 0x74, 0x20, 0x72, 0x65, 0x63, 0x68, 0x61, 0x72, 0x74, 0x73
  .byte 0x50, 0x72, 0x6f, 0x70, 0x73, 0x3a, 0x20, 0x4f, 0x6d, 0x69, 0x74, 0x3c, 0x52, 0x65, 0x61, 0x63
  .byte 0x74, 0x2e, 0x43, 0x6f, 0x6d, 0x70, 0x6f, 0x6e, 0x65, 0x6e, 0x74, 0x50, 0x72, 0x6f, 0x70, 0x73
  .byte 0x3c, 0x74, 0x79, 0x70, 0x65, 0x6f, 0x66, 0x20, 0x52, 0x65, 0x73, 0x70, 0x6f, 0x6e, 0x73, 0x69
  .byte 0x76, 0x65, 0x43, 0x6f, 0x6e, 0x74, 0x61, 0x69, 0x6e, 0x65, 0x72, 0x3e, 0x2c, 0x20, 0x22, 0x63
  .byte 0x68, 0x69, 0x6c, 0x64, 0x72, 0x65, 0x6e, 0x22, 0x3e, 0x20, 0x3d, 0x20, 0x75, 0x73, 0x65, 0x4d
  .byte 0x65, 0x6d, 0x6f, 0x28, 0x0a, 0x20, 0x20, 0x20, 0x20, 0x28, 0x29, 0x20, 0x3d, 0x3e, 0x20, 0x28
  .byte 0x7b, 0x0a, 0x20, 0x20, 0x20, 0x20, 0x20, 0x20, 0x77, 0x69, 0x64, 0x74, 0x68, 0x3a, 0x20, 0x22
  .byte 0x31, 0x30, 0x30, 0x25, 0x22, 0x2c, 0x0a, 0x20, 0x20, 0x20, 0x20, 0x20, 0x20, 0x68, 0x65, 0x69
  .byte 0x67, 0x68, 0x74, 0x3a, 0x20, 0x22, 0x31, 0x30, 0x30, 0x25, 0x22, 0x2c, 0x0a, 0x20, 0x20, 0x20
  .byte 0x20, 0x20, 0x20, 0x6d, 0x69, 0x6e, 0x57, 0x69, 0x64, 0x74, 0x68, 0x3a, 0x20, 0x31, 0x2c, 0x0a
  .byte 0x20, 0x20, 0x20, 0x20, 0x20, 0x20, 0x6d, 0x69, 0x6e, 0x48, 0x65, 0x69, 0x67, 0x68, 0x74, 0x3a
  .byte 0x20, 0x31, 0x2c, 0x0a, 0x20, 0x20, 0x20, 0x20, 0x20, 0x20, 0x69, 0x6e, 0x69, 0x74, 0x69, 0x61
  .byte 0x6c, 0x44, 0x69, 0x6d, 0x65, 0x6e, 0x73, 0x69, 0x6f, 0x6e, 0x3a, 0x20, 0x7b, 0x20, 0x77, 0x69
  .byte 0x64, 0x74, 0x68, 0x3a, 0x20, 0x31, 0x2c, 0x20, 0x68, 0x65, 0x69, 0x67, 0x68, 0x74, 0x3a, 0x20
  .byte 0x31, 0x20, 0x7d, 0x2c, 0x0a, 0x20, 0x20, 0x20, 0x20, 0x7d, 0x29, 0x2c, 0x0a, 0x20, 0x20, 0x20
  .byte 0x20, 0x5b, 0x5d, 0x2c, 0x0a, 0x20, 0x20, 0x29, 0x3b, 0x0a, 0x0a, 0x20, 0x20, 0x2f, 0x2f, 0x20
  .byte 0x43, 0x61, 0x6c, 0x63, 0x75, 0x6c, 0x61, 0x74, 0x65, 0x20, 0x63, 0x68, 0x61, 0x72, 0x74, 0x20
  .byte 0x72, 0x61, 0x64, 0x69, 0x69, 0x0a, 0x20, 0x20, 0x63, 0x6f, 0x6e, 0x73, 0x74, 0x20, 0x64, 0x69
  .byte 0x6d, 0x65, 0x6e, 0x73, 0x69, 0x6f, 0x6e, 0x73, 0x20, 0x3d, 0x20, 0x75, 0x73, 0x65, 0x4d, 0x65
  .byte 0x6d, 0x6f, 0x28, 0x28, 0x29, 0x20, 0x3d, 0x3e, 0x20, 0x63, 0x61, 0x6c, 0x63, 0x75, 0x6c, 0x61
  .byte 0x74, 0x65, 0x52, 0x61, 0x64, 0x69, 0x61, 0x6c, 0x43, 0x68, 0x61, 0x72, 0x74, 0x44, 0x69, 0x6d
  .byte 0x65, 0x6e, 0x73, 0x69, 0x6f, 0x6e, 0x73, 0x28, 0x63, 0x68, 0x61, 0x72, 0x74, 0x53, 0x69, 0x7a
  .byte 0x65, 0x29, 0x2c, 0x20, 0x5b, 0x63, 0x68, 0x61, 0x72, 0x74, 0x53, 0x69, 0x7a, 0x65, 0x5d, 0x29
  .byte 0x3b, 0x0a, 0x0a, 0x20, 0x20, 0x2f, 0x2f, 0x20, 0x47, 0x65, 0x74, 0x20, 0x63, 0x6f, 0x6c, 0x6f
  .byte 0x72, 0x20, 0x70, 0x61, 0x6c, 0x65, 0x74, 0x74, 0x65, 0x20, 0x61, 0x6e, 0x64, 0x20, 0x64, 0x69
  .byte 0x73, 0x74, 0x72, 0x69, 0x62, 0x75, 0x74, 0x65, 0x20, 0x63, 0x6f, 0x6c, 0x6f, 0x72, 0x73, 0x0a
  .byte 0x20, 0x20, 0x63, 0x6f, 0x6e, 0x73, 0x74, 0x20, 0x63, 0x6f, 0x6c, 0x6f, 0x72, 0x73, 0x20, 0x3d
  .byte 0x20, 0x75, 0x73, 0x65, 0x43, 0x68, 0x61, 0x72, 0x74, 0x50, 0x61, 0x6c, 0x65, 0x74, 0x74, 0x65
  .byte 0x28, 0x7b, 0x0a, 0x20, 0x20, 0x20, 0x20, 0x63, 0x68, 0x61, 0x72, 0x74, 0x54, 0x68, 0x65, 0x6d
  .byte 0x65, 0x4e, 0x61, 0x6d, 0x65, 0x3a, 0x20, 0x74, 0x68, 0x65, 0x6d, 0x65, 0x2c, 0x0a, 0x20, 0x20
  .byte 0x20, 0x20, 0x63, 0x75, 0x73, 0x74, 0x6f, 0x6d, 0x50, 0x61, 0x6c, 0x65, 0x74, 0x74, 0x65, 0x2c
  .byte 0x0a, 0x20, 0x20, 0x20, 0x20, 0x74, 0x68, 0x65, 0x6d, 0x65, 0x50, 0x61, 0x6c, 0x65, 0x74, 0x74
  .byte 0x65, 0x4e, 0x61, 0x6d, 0x65, 0x3a, 0x20, 0x22, 0x72, 0x61, 0x64, 0x69, 0x61, 0x6c, 0x43, 0x68
  .byte 0x61, 0x72, 0x74, 0x50, 0x61, 0x6c, 0x65, 0x74, 0x74, 0x65, 0x22, 0x2c, 0x0a, 0x20, 0x20, 0x20
  .byte 0x20, 0x64, 0x61, 0x74, 0x61, 0x4c, 0x65, 0x6e, 0x67, 0x74, 0x68, 0x3a, 0x20, 0x73, 0x6f, 0x72
  .byte 0x74, 0x65, 0x64, 0x50, 0x72, 0x6f, 0x63, 0x65, 0x73, 0x73, 0x65, 0x64, 0x44, 0x61, 0x74, 0x61
  .byte 0x2e, 0x6c, 0x65, 0x6e, 0x67, 0x74, 0x68, 0x2c, 0x0a, 0x20, 0x20, 0x7d, 0x29, 0x3b, 0x0a, 0x0a
  .byte 0x20, 0x20, 0x63, 0x6f, 0x6e, 0x73, 0x74, 0x20, 0x65, 0x78, 0x70, 0x6f, 0x72, 0x74, 0x44, 0x61
  .byte 0x74, 0x61, 0x20, 0x3d, 0x20, 0x75, 0x73, 0x65, 0x45, 0x78, 0x70, 0x6f, 0x72, 0x74, 0x43, 0x68
  .byte 0x61, 0x72, 0x74, 0x44, 0x61, 0x74, 0x61, 0x28, 0x7b, 0x0a, 0x20, 0x20, 0x20, 0x20, 0x74, 0x79
  .byte 0x70, 0x65, 0x3a, 0x20, 0x22, 0x70, 0x69, 0x65, 0x22, 0x2c, 0x0a, 0x20, 0x20, 0x20, 0x20, 0x64
  .byte 0x61, 0x74, 0x61, 0x3a, 0x20, 0x73, 0x6f, 0x72, 0x74, 0x65, 0x64, 0x50, 0x72, 0x6f, 0x63, 0x65
  .byte 0x73, 0x73, 0x65, 0x64, 0x44, 0x61, 0x74, 0x61, 0x2c, 0x0a, 0x20, 0x20, 0x20, 0x20, 0x63, 0x61
  .byte 0x74, 0x65, 0x67, 0x6f, 0x72, 0x79, 0x4b, 0x65, 0x79, 0x3a, 0x20, 0x63, 0x61, 0x74, 0x65, 0x67
  .byte 0x6f, 0x72, 0x79, 0x4b, 0x65, 0x79, 0x20, 0x61, 0x73, 0x20, 0x73, 0x74, 0x72, 0x69, 0x6e, 0x67
  .byte 0x2c, 0x0a, 0x20, 0x20, 0x20, 0x20, 0x64, 0x61, 0x74, 0x61, 0x4b, 0x65, 0x79, 0x73, 0x3a, 0x20
  .byte 0x5b, 0x64, 0x61, 0x74, 0x61, 0x4b, 0x65, 0x79, 0x20, 0x61, 0x73, 0x20, 0x73, 0x74, 0x72, 0x69
  .byte 0x6e, 0x67, 0x5d, 0x2c, 0x0a, 0x20, 0x20, 0x20, 0x20, 0x63, 0x6f, 0x6c, 0x6f, 0x72, 0x73, 0x2c
  .byte 0x0a, 0x20, 0x20, 0x20, 0x20, 0x6c, 0x65, 0x67, 0x65, 0x6e, 0x64, 0x2c, 0x0a, 0x20, 0x20, 0x7d
  .byte 0x29, 0x3b, 0x0a, 0x0a, 0x20, 0x20, 0x2f, 0x2f, 0x20, 0x4d, 0x65, 0x6d, 0x6f, 0x69, 0x7a, 0x65
  .byte 0x20, 0x65, 0x78, 0x70, 0x65, 0x6e, 0x73, 0x69, 0x76, 0x65, 0x20, 0x64, 0x61, 0x74, 0x61, 0x20
  .byte 0x74, 0x72, 0x61, 0x6e, 0x73, 0x66, 0x6f, 0x72, 0x6d, 0x61, 0x74, 0x69, 0x6f, 0x6e, 0x73, 0x20
  .byte 0x61, 0x6e, 0x64, 0x20, 0x63, 0x6f, 0x6e, 0x66, 0x69, 0x67, 0x75, 0x72, 0x61, 0x74, 0x69, 0x6f
  .byte 0x6e, 0x73, 0x0a, 0x20, 0x20, 0x63, 0x6f, 0x6e, 0x73, 0x74, 0x20, 0x74, 0x72, 0x61, 0x6e, 0x73
  .byte 0x66, 0x6f, 0x72, 0x6d, 0x65, 0x64, 0x44, 0x61, 0x74, 0x61, 0x20, 0x3d, 0x20, 0x75, 0x73, 0x65
  .byte 0x4d, 0x65, 0x6d, 0x6f, 0x28, 0x0a, 0x20, 0x20, 0x20, 0x20, 0x28, 0x29, 0x20, 0x3d, 0x3e, 0x20
  .byte 0x74, 0x72, 0x61, 0x6e, 0x73, 0x66, 0x6f, 0x72, 0x6d, 0x52, 0x61, 0x64, 0x69, 0x61, 0x6c, 0x44
  .byte 0x61, 0x74, 0x61, 0x57, 0x69, 0x74, 0x68, 0x50, 0x65, 0x72, 0x63, 0x65, 0x6e, 0x74, 0x61, 0x67
  .byte 0x65, 0x73, 0x28, 0x73, 0x6f, 0x72, 0x74, 0x65, 0x64, 0x50, 0x72, 0x6f, 0x63, 0x65, 0x73, 0x73
  .byte 0x65, 0x64, 0x44, 0x61, 0x74, 0x61, 0x20, 0x61, 0x73, 0x20, 0x54, 0x2c, 0x20, 0x64, 0x61, 0x74
  .byte 0x61, 0x4b, 0x65, 0x79, 0x2c, 0x20, 0x63, 0x6f, 0x6c, 0x6f, 0x72, 0x73, 0x29, 0x2c, 0x0a, 0x20
  .byte 0x20, 0x20, 0x20, 0x5b, 0x73, 0x6f, 0x72, 0x74, 0x65, 0x64, 0x50, 0x72, 0x6f, 0x63, 0x65, 0x73
  .byte 0x73, 0x65, 0x64, 0x44, 0x61, 0x74, 0x61, 0x2c, 0x20, 0x64, 0x61, 0x74, 0x61, 0x4b, 0x65, 0x79
  .byte 0x2c, 0x20, 0x63, 0x6f, 0x6c, 0x6f, 0x72, 0x73, 0x5d, 0x2c, 0x0a, 0x20, 0x20, 0x29, 0x3b, 0x0a
  .byte 0x0a, 0x20, 0x20, 0x63, 0x6f, 0x6e, 0x73, 0x74, 0x20, 0x63, 0x68, 0x61, 0x72, 0x74, 0x43, 0x6f
  .byte 0x6e, 0x66, 0x69, 0x67, 0x20, 0x3d, 0x20, 0x75, 0x73, 0x65, 0x4d, 0x65, 0x6d, 0x6f, 0x28, 0x0a
  .byte 0x20, 0x20, 0x20, 0x20, 0x28, 0x29, 0x20, 0x3d, 0x3e, 0x20, 0x67, 0x65, 0x74, 0x43, 0x61, 0x74
  .byte 0x65, 0x67, 0x6f, 0x72, 0x69, 0x63, 0x61, 0x6c, 0x43, 0x68, 0x61, 0x72, 0x74, 0x43, 0x6f, 0x6e
  .byte 0x66, 0x69, 0x67, 0x28, 0x73, 0x6f, 0x72, 0x74, 0x65, 0x64, 0x50, 0x72, 0x6f, 0x63, 0x65, 0x73
  .byte 0x73, 0x65, 0x64, 0x44, 0x61, 0x74, 0x61, 0x20, 0x61, 0x73, 0x20, 0x54, 0x2c, 0x20, 0x63, 0x61
  .byte 0x74, 0x65, 0x67, 0x6f, 0x72, 0x79, 0x4b, 0x65, 0x79, 0x2c, 0x20, 0x63, 0x6f, 0x6c, 0x6f, 0x72
  .byte 0x73, 0x2c, 0x20, 0x74, 0x72, 0x61, 0x6e, 0x73, 0x66, 0x6f, 0x72, 0x6d, 0x65, 0x64, 0x4b, 0x65
  .byte 0x79, 0x73, 0x29, 0x2c, 0x0a, 0x20, 0x20, 0x20, 0x20, 0x5b, 0x73, 0x6f, 0x72, 0x74, 0x65, 0x64
  .byte 0x50, 0x72, 0x6f, 0x63, 0x65, 0x73, 0x73, 0x65, 0x64, 0x44, 0x61, 0x74, 0x61, 0x2c, 0x20, 0x63
  .byte 0x61, 0x74, 0x65, 0x67, 0x6f, 0x72, 0x79, 0x4b, 0x65, 0x79, 0x2c, 0x20, 0x63, 0x6f, 0x6c, 0x6f
  .byte 0x72, 0x73, 0x2c, 0x20, 0x74, 0x72, 0x61, 0x6e, 0x73, 0x66, 0x6f, 0x72, 0x6d, 0x65, 0x64, 0x4b
  .byte 0x65, 0x79, 0x73, 0x5d, 0x2c, 0x0a, 0x20, 0x20, 0x29, 0x3b, 0x0a, 0x0a, 0x20, 0x20, 0x63, 0x6f
  .byte 0x6e, 0x73, 0x74, 0x20, 0x61, 0x6e, 0x69, 0x6d, 0x61, 0x74, 0x69, 0x6f, 0x6e, 0x43, 0x6f, 0x6e
  .byte 0x66, 0x69, 0x67, 0x20, 0x3d, 0x20, 0x75, 0x73, 0x65, 0x4d, 0x65, 0x6d, 0x6f, 0x28, 0x0a, 0x20
  .byte 0x20, 0x20, 0x20, 0x28, 0x29, 0x20, 0x3d, 0x3e, 0x20, 0x63, 0x72, 0x65, 0x61, 0x74, 0x65, 0x52
  .byte 0x61, 0x64, 0x69, 0x61, 0x6c, 0x41, 0x6e, 0x69, 0x6d, 0x61, 0x74, 0x69, 0x6f, 0x6e, 0x43, 0x6f
  .byte 0x6e, 0x66, 0x69, 0x67, 0x28, 0x7b, 0x20, 0x69, 0x73, 0x41, 0x6e, 0x69, 0x6d, 0x61, 0x74, 0x69
  .byte 0x6f, 0x6e, 0x41, 0x63, 0x74, 0x69, 0x76, 0x65, 0x20, 0x7d, 0x29, 0x2c, 0x0a, 0x20, 0x20, 0x20
  .byte 0x20, 0x5b, 0x69, 0x73, 0x41, 0x6e, 0x69, 0x6d, 0x61, 0x74, 0x69, 0x6f, 0x6e, 0x41, 0x63, 0x74
  .byte 0x69, 0x76, 0x65, 0x5d, 0x2c, 0x0a, 0x20, 0x20, 0x29, 0x3b, 0x0a, 0x0a, 0x20, 0x20, 0x63, 0x6f
  .byte 0x6e, 0x73, 0x74, 0x20, 0x65, 0x76, 0x65, 0x6e, 0x74, 0x48, 0x61, 0x6e, 0x64, 0x6c, 0x65, 0x72
  .byte 0x73, 0x20, 0x3d, 0x20, 0x75, 0x73, 0x65, 0x4d, 0x65, 0x6d, 0x6f, 0x28, 0x0a, 0x20, 0x20, 0x20
  .byte 0x20, 0x28, 0x29, 0x20, 0x3d, 0x3e, 0x20, 0x63, 0x72, 0x65, 0x61, 0x74, 0x65, 0x52, 0x61, 0x64
  .byte 0x69, 0x61, 0x6c, 0x45, 0x76, 0x65, 0x6e, 0x74, 0x48, 0x61, 0x6e, 0x64, 0x6c, 0x65, 0x72, 0x73
  .byte 0x28, 0x6f, 0x6e, 0x4d, 0x6f, 0x75, 0x73, 0x65, 0x45, 0x6e, 0x74, 0x65, 0x72, 0x2c, 0x20, 0x6f
  .byte 0x6e, 0x4d, 0x6f, 0x75, 0x73, 0x65, 0x4c, 0x65, 0x61, 0x76, 0x65, 0x2c, 0x20, 0x6f, 0x6e, 0x43
  .byte 0x6c, 0x69, 0x63, 0x6b, 0x29, 0x2c, 0x0a, 0x20, 0x20, 0x20, 0x20, 0x5b, 0x6f, 0x6e, 0x4d, 0x6f
  .byte 0x75, 0x73, 0x65, 0x45, 0x6e, 0x74, 0x65, 0x72, 0x2c, 0x20, 0x6f, 0x6e, 0x4d, 0x6f, 0x75, 0x73
  .byte 0x65, 0x4c, 0x65, 0x61, 0x76, 0x65, 0x2c, 0x20, 0x6f, 0x6e, 0x43, 0x6c, 0x69, 0x63, 0x6b, 0x5d
  .byte 0x2c, 0x0a, 0x20, 0x20, 0x29, 0x3b, 0x0a, 0x0a, 0x20, 0x20, 0x2f, 0x2f, 0x20, 0x43, 0x72, 0x65
  .byte 0x61, 0x74, 0x65, 0x20, 0x6c, 0x65, 0x67, 0x65, 0x6e, 0x64, 0x20, 0x69, 0x74, 0x65, 0x6d, 0x73
  .byte 0x20, 0x66, 0x6f, 0x72, 0x20, 0x62, 0x6f, 0x74, 0x68, 0x20, 0x76, 0x61, 0x72, 0x69, 0x61, 0x6e
  .byte 0x74, 0x73, 0x0a, 0x20, 0x20, 0x63, 0x6f, 0x6e, 0x73, 0x74, 0x20, 0x6c, 0x65, 0x67, 0x65, 0x6e
  .byte 0x64, 0x49, 0x74, 0x65, 0x6d, 0x73, 0x20, 0x3d, 0x20, 0x75, 0x73, 0x65, 0x4d, 0x65, 0x6d, 0x6f
  .byte 0x28, 0x0a, 0x20, 0x20, 0x20, 0x20, 0x28, 0x29, 0x20, 0x3d, 0x3e, 0x0a, 0x20, 0x20, 0x20, 0x20
  .byte 0x20, 0x20, 0x73, 0x6f, 0x72, 0x74, 0x65, 0x64, 0x50, 0x72, 0x6f, 0x63, 0x65, 0x73, 0x73, 0x65
  .byte 0x64, 0x44, 0x61, 0x74, 0x61, 0x2e, 0x6d, 0x61, 0x70, 0x28, 0x28, 0x69, 0x74, 0x65, 0x6d, 0x2c
  .byte 0x20, 0x69, 0x6e, 0x64, 0x65, 0x78, 0x29, 0x20, 0x3d, 0x3e, 0x20, 0x28, 0x7b, 0x0a, 0x20, 0x20
  .byte 0x20, 0x20, 0x20, 0x20, 0x20, 0x20, 0x6b, 0x65, 0x79, 0x3a, 0x20, 0x53, 0x74, 0x72, 0x69, 0x6e
  .byte 0x67, 0x28, 0x69, 0x74, 0x65, 0x6d, 0x5b, 0x63, 0x61, 0x74, 0x65, 0x67, 0x6f, 0x72, 0x79, 0x4b
  .byte 0x65, 0x79, 0x5d, 0x29, 0x2c, 0x0a, 0x20, 0x20, 0x20, 0x20, 0x20, 0x20, 0x20, 0x20, 0x6c, 0x61
  .byte 0x62, 0x65, 0x6c, 0x3a, 0x20, 0x53, 0x74, 0x72, 0x69, 0x6e, 0x67, 0x28, 0x69, 0x74, 0x65, 0x6d
  .byte 0x5b, 0x63, 0x61, 0x74, 0x65, 0x67, 0x6f, 0x72, 0x79, 0x4b, 0x65, 0x79, 0x5d, 0x29, 0x2c, 0x0a
  .byte 0x20, 0x20, 0x20, 0x20, 0x20, 0x20, 0x20, 0x20, 0x76, 0x61, 0x6c, 0x75, 0x65, 0x3a, 0x20, 0x4e
  .byte 0x75, 0x6d, 0x62, 0x65, 0x72, 0x28, 0x69, 0x74, 0x65, 0x6d, 0x5b, 0x64, 0x61, 0x74, 0x61, 0x4b
  .byte 0x65, 0x79, 0x5d, 0x29, 0x2c, 0x0a, 0x20, 0x20, 0x20, 0x20, 0x20, 0x20, 0x20, 0x20, 0x63, 0x6f
  .byte 0x6c, 0x6f, 0x72, 0x3a, 0x20, 0x63, 0x6f, 0x6c, 0x6f, 0x72, 0x73, 0x5b, 0x69, 0x6e, 0x64, 0x65
  .byte 0x78, 0x5d, 0x20, 0x7c, 0x7c, 0x20, 0x22, 0x23, 0x30, 0x30, 0x30, 0x30, 0x30, 0x30, 0x22, 0x2c
  .byte 0x0a, 0x20, 0x20, 0x20, 0x20, 0x20, 0x20, 0x7d, 0x29, 0x29, 0x2c, 0x0a, 0x20, 0x20, 0x20, 0x20
  .byte 0x5b, 0x73, 0x6f, 0x72, 0x74, 0x65, 0x64, 0x50, 0x72, 0x6f, 0x63, 0x65, 0x73, 0x73, 0x65, 0x64
  .byte 0x44, 0x61, 0x74, 0x61, 0x2c, 0x20, 0x63, 0x61, 0x74, 0x65, 0x67, 0x6f, 0x72, 0x79, 0x4b, 0x65
  .byte 0x79, 0x2c, 0x20, 0x64, 0x61, 0x74, 0x61, 0x4b, 0x65, 0x79, 0x2c, 0x20, 0x63, 0x6f, 0x6c, 0x6f
  .byte 0x72, 0x73, 0x5d, 0x2c, 0x0a, 0x20, 0x20, 0x29, 0x3b, 0x0a, 0x0a, 0x20, 0x20, 0x63, 0x6f, 0x6e
  .byte 0x73, 0x74, 0x20, 0x64, 0x65, 0x66, 0x61, 0x75, 0x6c, 0x74, 0x4c, 0x65, 0x67, 0x65, 0x6e, 0x64
  .byte 0x49, 0x74, 0x65, 0x6d, 0x73, 0x20, 0x3d, 0x20, 0x75, 0x73, 0x65, 0x4d, 0x65, 0x6d, 0x6f, 0x28
  .byte 0x28, 0x29, 0x3a, 0x20, 0x4c, 0x65, 0x67, 0x65, 0x6e, 0x64, 0x49, 0x74, 0x65, 0x6d, 0x5b, 0x5d
  .byte 0x20, 0x3d, 0x3e, 0x20, 0x7b, 0x0a, 0x20, 0x20, 0x20, 0x20, 0x72, 0x65, 0x74, 0x75, 0x72, 0x6e
  .byte 0x20, 0x6c, 0x65, 0x67, 0x65, 0x6e, 0x64, 0x49, 0x74, 0x65, 0x6d, 0x73, 0x2e, 0x6d, 0x61, 0x70
  .byte 0x28, 0x28, 0x7b, 0x20, 0x6b, 0x65, 0x79, 0x2c, 0x20, 0x6c, 0x61, 0x62, 0x65, 0x6c, 0x2c, 0x20
  .byte 0x63, 0x6f, 0x6c, 0x6f, 0x72, 0x20, 0x7d, 0x29, 0x20, 0x3d, 0x3e, 0x20, 0x28, 0x7b, 0x20, 0x6b
  .byte 0x65, 0x79, 0x2c, 0x20, 0x6c, 0x61, 0x62, 0x65, 0x6c, 0x2c, 0x20, 0x63, 0x6f, 0x6c, 0x6f, 0x72
  .byte 0x20, 0x7d, 0x29, 0x29, 0x3b, 0x0a, 0x20, 0x20, 0x7d, 0x2c, 0x20, 0x5b, 0x6c, 0x65, 0x67, 0x65
  .byte 0x6e, 0x64, 0x49, 0x74, 0x65, 0x6d, 0x73, 0x5d, 0x29, 0x3b, 0x0a, 0x0a, 0x20, 0x20, 0x2f, 0x2f
  .byte 0x20, 0x48, 0x61, 0x6e, 0x64, 0x6c, 0x65, 0x20, 0x6c, 0x65, 0x67, 0x65, 0x6e, 0x64, 0x20, 0x69
  .byte 0x74, 0x65, 0x6d, 0x20, 0x68, 0x6f, 0x76, 0x65, 0x72, 0x20, 0x74, 0x6f, 0x20, 0x68, 0x69, 0x67
  .byte 0x68, 0x6c, 0x69, 0x67, 0x68, 0x74, 0x20, 0x72, 0x61, 0x64, 0x69, 0x61, 0x6c, 0x20, 0x62, 0x61
  .byte 0x72, 0x0a, 0x20, 0x20, 0x63, 0x6f, 0x6e, 0x73, 0x74, 0x20, 0x68, 0x61, 0x6e, 0x64, 0x6c, 0x65
  .byte 0x4c, 0x65, 0x67, 0x65, 0x6e, 0x64, 0x49, 0x74, 0x65, 0x6d, 0x48, 0x6f, 0x76, 0x65, 0x72, 0x20
  .byte 0x3d, 0x20, 0x75, 0x73, 0x65, 0x43, 0x61, 0x6c, 0x6c, 0x62, 0x61, 0x63, 0x6b, 0x28, 0x0a, 0x20
  .byte 0x20, 0x20, 0x20, 0x28, 0x69, 0x6e, 0x64, 0x65, 0x78, 0x3a, 0x20, 0x6e, 0x75, 0x6d, 0x62, 0x65
  .byte 0x72, 0x20, 0x7c, 0x20, 0x6e, 0x75, 0x6c, 0x6c, 0x29, 0x20, 0x3d, 0x3e, 0x20, 0x7b, 0x0a, 0x20
  .byte 0x20, 0x20, 0x20, 0x20, 0x20, 0x69, 0x66, 0x20, 0x28, 0x6c, 0x65, 0x67, 0x65, 0x6e, 0x64, 0x56
  .byte 0x61, 0x72, 0x69, 0x61, 0x6e, 0x74, 0x20, 0x21, 0x3d, 0x3d, 0x20, 0x22, 0x73, 0x74, 0x61, 0x63
  .byte 0x6b, 0x65, 0x64, 0x22, 0x29, 0x20, 0x72, 0x65, 0x74, 0x75, 0x72, 0x6e, 0x3b, 0x0a, 0x20, 0x20
  .byte 0x20, 0x20, 0x20, 0x20, 0x69, 0x66, 0x20, 0x28, 0x69, 0x6e, 0x64, 0x65, 0x78, 0x20, 0x21, 0x3d
  .byte 0x3d, 0x20, 0x6e, 0x75, 0x6c, 0x6c, 0x29, 0x20, 0x7b, 0x0a, 0x20, 0x20, 0x20, 0x20, 0x20, 0x20
  .byte 0x20, 0x20, 0x63, 0x6f, 0x6e, 0x73, 0x74, 0x20, 0x69, 0x74, 0x65, 0x6d, 0x20, 0x3d, 0x20, 0x73
  .byte 0x6f, 0x72, 0x74, 0x65, 0x64, 0x50, 0x72, 0x6f, 0x63, 0x65, 0x73, 0x73, 0x65, 0x64, 0x44, 0x61
  .byte 0x74, 0x61, 0x5b, 0x69, 0x6e, 0x64, 0x65, 0x78, 0x5d, 0x3b, 0x0a, 0x20, 0x20, 0x20, 0x20, 0x20
  .byte 0x20, 0x20, 0x20, 0x69, 0x66, 0x20, 0x28, 0x69, 0x74, 0x65, 0x6d, 0x29, 0x20, 0x7b, 0x0a, 0x20
  .byte 0x20, 0x20, 0x20, 0x20, 0x20, 0x20, 0x20, 0x20, 0x20, 0x63, 0x6f, 0x6e, 0x73, 0x74, 0x20, 0x63
  .byte 0x61, 0x74, 0x65, 0x67, 0x6f, 0x72, 0x79, 0x56, 0x61, 0x6c, 0x75, 0x65, 0x20, 0x3d, 0x20, 0x53
  .byte 0x74, 0x72, 0x69, 0x6e, 0x67, 0x28, 0x69, 0x74, 0x65, 0x6d, 0x5b, 0x63, 0x61, 0x74, 0x65, 0x67
  .byte 0x6f, 0x72, 0x79, 0x4b, 0x65, 0x79, 0x5d, 0x29, 0x3b, 0x0a, 0x20, 0x20, 0x20, 0x20, 0x20, 0x20
  .byte 0x20, 0x20, 0x20, 0x20, 0x73, 0x65, 0x74, 0x48, 0x6f, 0x76, 0x65, 0x72, 0x65, 0x64, 0x4c, 0x65
  .byte 0x67, 0x65, 0x6e, 0x64, 0x4b, 0x65, 0x79, 0x28, 0x63, 0x61, 0x74, 0x65, 0x67, 0x6f, 0x72, 0x79
  .byte 0x56, 0x61, 0x6c, 0x75, 0x65, 0x29, 0x3b, 0x0a, 0x20, 0x20, 0x20, 0x20, 0x20, 0x20, 0x20, 0x20
  .byte 0x20, 0x20, 0x2f, 0x2f, 0x20, 0x46, 0x69, 0x6e, 0x64, 0x20, 0x74, 0x68, 0x65, 0x20, 0x69, 0x6e
  .byte 0x64, 0x65, 0x78, 0x20, 0x69, 0x6e, 0x20, 0x74, 0x68, 0x65, 0x20, 0x74, 0x72, 0x61, 0x6e, 0x73
  .byte 0x66, 0x6f, 0x72, 0x6d, 0x65, 0x64, 0x20, 0x64, 0x61, 0x74, 0x61, 0x20, 0x28, 0x77, 0x68, 0x69
  .byte 0x63, 0x68, 0x20, 0x69, 0x73, 0x20, 0x61, 0x6c, 0x73, 0x6f, 0x20, 0x73, 0x6f, 0x72, 0x74, 0x65
  .byte 0x64, 0x29, 0x0a, 0x20, 0x20, 0x20, 0x20, 0x20, 0x20, 0x20, 0x20, 0x20, 0x20, 0x63, 0x6f, 0x6e
  .byte 0x73, 0x74, 0x20, 0x74, 0x72, 0x61, 0x6e, 0x73, 0x66, 0x6f, 0x72, 0x6d, 0x65, 0x64, 0x49, 0x6e
  .byte 0x64, 0x65, 0x78, 0x20, 0x3d, 0x20, 0x74, 0x72, 0x61, 0x6e, 0x73, 0x66, 0x6f, 0x72, 0x6d, 0x65
  .byte 0x64, 0x44, 0x61, 0x74, 0x61, 0x2e, 0x66, 0x69, 0x6e, 0x64, 0x49, 0x6e, 0x64, 0x65, 0x78, 0x28
  .byte 0x0a, 0x20, 0x20, 0x20, 0x20, 0x20, 0x20, 0x20, 0x20, 0x20, 0x20, 0x20, 0x20, 0x28, 0x64, 0x29
  .byte 0x20, 0x3d, 0x3e, 0x20, 0x53, 0x74, 0x72, 0x69, 0x6e, 0x67, 0x28, 0x28, 0x64, 0x20, 0x61, 0x73
  .byte 0x20, 0x61, 0x6e, 0x79, 0x29, 0x5b, 0x63, 0x61, 0x74, 0x65, 0x67, 0x6f, 0x72, 0x79, 0x4b, 0x65
  .byte 0x79, 0x5d, 0x29, 0x20, 0x3d, 0x3d, 0x3d, 0x20, 0x63, 0x61, 0x74, 0x65, 0x67, 0x6f, 0x72, 0x79
  .byte 0x56, 0x61, 0x6c, 0x75, 0x65, 0x2c, 0x0a, 0x20, 0x20, 0x20, 0x20, 0x20, 0x20, 0x20, 0x20, 0x20
  .byte 0x20, 0x29, 0x3b, 0x0a, 0x20, 0x20, 0x20, 0x20, 0x20, 0x20, 0x20, 0x20, 0x20, 0x20, 0x69, 0x66
  .byte 0x20, 0x28, 0x74, 0x72, 0x61, 0x6e, 0x73, 0x66, 0x6f, 0x72, 0x6d, 0x65, 0x64, 0x49, 0x6e, 0x64
  .byte 0x65, 0x78, 0x20, 0x21, 0x3d, 0x3d, 0x20, 0x2d, 0x31, 0x29, 0x20, 0x7b, 0x0a, 0x20, 0x20, 0x20
  .byte 0x20, 0x20, 0x20, 0x20, 0x20, 0x20, 0x20, 0x20, 0x20, 0x68, 0x61, 0x6e, 0x64, 0x6c, 0x65, 0x4d
  .byte 0x6f, 0x75, 0x73, 0x65, 0x45, 0x6e, 0x74, 0x65, 0x72, 0x28, 0x74, 0x72, 0x61, 0x6e, 0x73, 0x66
  .byte 0x6f, 0x72, 0x6d, 0x65, 0x64, 0x44, 0x61, 0x74, 0x61, 0x5b, 0x74, 0x72, 0x61, 0x6e, 0x73, 0x66
  .byte 0x6f, 0x72, 0x6d, 0x65, 0x64, 0x49, 0x6e, 0x64, 0x65, 0x78, 0x5d, 0x2c, 0x20, 0x74, 0x72, 0x61
  .byte 0x6e, 0x73, 0x66, 0x6f, 0x72, 0x6d, 0x65, 0x64, 0x49, 0x6e, 0x64, 0x65, 0x78, 0x29, 0x3b, 0x0a
  .byte 0x20, 0x20, 0x20, 0x20, 0x20, 0x20, 0x20, 0x20, 0x20, 0x20, 0x7d, 0x0a, 0x20, 0x20, 0x20, 0x20
  .byte 0x20, 0x20, 0x20, 0x20, 0x7d, 0x0a, 0x20, 0x20, 0x20, 0x20, 0x20, 0x20, 0x7d, 0x20, 0x65, 0x6c
  .byte 0x73, 0x65, 0x20, 0x7b, 0x0a, 0x20, 0x20, 0x20, 0x20, 0x20, 0x20, 0x20, 0x20, 0x73, 0x65, 0x74
  .byte 0x48, 0x6f, 0x76, 0x65, 0x72, 0x65, 0x64, 0x4c, 0x65, 0x67, 0x65, 0x6e, 0x64, 0x4b, 0x65, 0x79
  .byte 0x28, 0x6e, 0x75, 0x6c, 0x6c, 0x29, 0x3b, 0x0a, 0x20, 0x20, 0x20, 0x20, 0x20, 0x20, 0x20, 0x20
  .byte 0x68, 0x61, 0x6e, 0x64, 0x6c, 0x65, 0x4d, 0x6f, 0x75, 0x73, 0x65, 0x4c, 0x65, 0x61, 0x76, 0x65
  .byte 0x28, 0x29, 0x3b, 0x0a, 0x20, 0x20, 0x20, 0x20, 0x20, 0x20, 0x7d, 0x0a, 0x20, 0x20, 0x20, 0x20
  .byte 0x7d, 0x2c, 0x0a, 0x20, 0x20, 0x20, 0x20, 0x5b, 0x0a, 0x20, 0x20, 0x20, 0x20, 0x20, 0x20, 0x73
  .byte 0x6f, 0x72, 0x74, 0x65, 0x64, 0x50, 0x72, 0x6f, 0x63, 0x65, 0x73, 0x73, 0x65, 0x64, 0x44, 0x61
  .byte 0x74, 0x61, 0x2c, 0x0a, 0x20, 0x20, 0x20, 0x20, 0x20, 0x20, 0x63, 0x61, 0x74, 0x65, 0x67, 0x6f
  .byte 0x72, 0x79, 0x4b, 0x65, 0x79, 0x2c, 0x0a, 0x20, 0x20, 0x20, 0x20, 0x20, 0x20, 0x74, 0x72, 0x61
  .byte 0x6e, 0x73, 0x66, 0x6f, 0x72, 0x6d, 0x65, 0x64, 0x44, 0x61, 0x74, 0x61, 0x2c, 0x0a, 0x20, 0x20
  .byte 0x20, 0x20, 0x20, 0x20, 0x68, 0x61, 0x6e, 0x64, 0x6c, 0x65, 0x4d, 0x6f, 0x75, 0x73, 0x65, 0x45
  .byte 0x6e, 0x74, 0x65, 0x72, 0x2c, 0x0a, 0x20, 0x20, 0x20, 0x20, 0x20, 0x20, 0x68, 0x61, 0x6e, 0x64
  .byte 0x6c, 0x65, 0x4d, 0x6f, 0x75, 0x73, 0x65, 0x4c, 0x65, 0x61, 0x76, 0x65, 0x2c, 0x0a, 0x20, 0x20
  .byte 0x20, 0x20, 0x20, 0x20, 0x6c, 0x65, 0x67, 0x65, 0x6e, 0x64, 0x56, 0x61, 0x72, 0x69, 0x61, 0x6e
  .byte 0x74, 0x2c, 0x0a, 0x20, 0x20, 0x20, 0x20, 0x5d, 0x2c, 0x0a, 0x20, 0x20, 0x29, 0x3b, 0x0a, 0x0a
  .byte 0x20, 0x20, 0x2f, 0x2f, 0x20, 0x45, 0x6e, 0x68, 0x61, 0x6e, 0x63, 0x65, 0x64, 0x20, 0x63, 0x68
  .byte 0x61, 0x72, 0x74, 0x20, 0x68, 0x6f, 0x76, 0x65, 0x72, 0x20, 0x68, 0x61, 0x6e, 0x64, 0x6c, 0x65
  .byte 0x72, 0x73, 0x0a, 0x20, 0x20, 0x63, 0x6f, 0x6e, 0x73, 0x74, 0x20, 0x68, 0x61, 0x6e, 0x64, 0x6c
  .byte 0x65, 0x43, 0x68, 0x61, 0x72, 0x74, 0x4d, 0x6f, 0x75, 0x73, 0x65, 0x45, 0x6e, 0x74, 0x65, 0x72
  .byte 0x20, 0x3d, 0x20, 0x75, 0x73, 0x65, 0x43, 0x61, 0x6c, 0x6c, 0x62, 0x61, 0x63, 0x6b, 0x28, 0x0a
  .byte 0x20, 0x20, 0x20, 0x20, 0x28, 0x65, 0x6e, 0x74, 0x72, 0x79, 0x3a, 0x20, 0x61, 0x6e, 0x79, 0x2c
  .byte 0x20, 0x69, 0x6e, 0x64, 0x65, 0x78, 0x3a, 0x20, 0x6e, 0x75, 0x6d, 0x62, 0x65, 0x72, 0x29, 0x20
  .byte 0x3d, 0x3e, 0x20, 0x7b, 0x0a, 0x20, 0x20, 0x20, 0x20, 0x20, 0x20, 0x68, 0x61, 0x6e, 0x64, 0x6c
  .byte 0x65, 0x4d, 0x6f, 0x75, 0x73, 0x65, 0x45, 0x6e, 0x74, 0x65, 0x72, 0x28, 0x65, 0x6e, 0x74, 0x72
  .byte 0x79, 0x2c, 0x20, 0x69, 0x6e, 0x64, 0x65, 0x78, 0x29, 0x3b, 0x0a, 0x20, 0x20, 0x20, 0x20, 0x20
  .byte 0x20, 0x69, 0x66, 0x20, 0x28, 0x6c, 0x65, 0x67, 0x65, 0x6e, 0x64, 0x20, 0x26, 0x26, 0x20, 0x6c
  .byte 0x65, 0x67, 0x65, 0x6e, 0x64, 0x56, 0x61, 0x72, 0x69, 0x61, 0x6e, 0x74, 0x20, 0x3d, 0x3d, 0x3d
  .byte 0x20, 0x22, 0x73, 0x74, 0x61, 0x63, 0x6b, 0x65, 0x64, 0x22, 0x29, 0x20, 0x7b, 0x0a, 0x20, 0x20
  .byte 0x20, 0x20, 0x20, 0x20, 0x20, 0x20, 0x73, 0x65, 0x74, 0x48, 0x6f, 0x76, 0x65, 0x72, 0x65, 0x64
  .byte 0x4c, 0x65, 0x67, 0x65, 0x6e, 0x64, 0x4b, 0x65, 0x79, 0x28, 0x53, 0x74, 0x72, 0x69, 0x6e, 0x67
  .byte 0x28, 0x65, 0x6e, 0x74, 0x72, 0x79, 0x5b, 0x63, 0x61, 0x74, 0x65, 0x67, 0x6f, 0x72, 0x79, 0x4b
  .byte 0x65, 0x79, 0x5d, 0x29, 0x29, 0x3b, 0x0a, 0x20, 0x20, 0x20, 0x20, 0x20, 0x20, 0x7d, 0x0a, 0x20
  .byte 0x20, 0x20, 0x20, 0x20, 0x20, 0x65, 0x76, 0x65, 0x6e, 0x74, 0x48, 0x61, 0x6e, 0x64, 0x6c, 0x65
  .byte 0x72, 0x73, 0x2e, 0x6f, 0x6e, 0x4d, 0x6f, 0x75, 0x73, 0x65, 0x45, 0x6e, 0x74, 0x65, 0x72, 0x3f
  .byte 0x2e, 0x28, 0x65, 0x6e, 0x74, 0x72, 0x79, 0x2c, 0x20, 0x69, 0x6e, 0x64, 0x65, 0x78, 0x29, 0x3b
  .byte 0x0a, 0x20, 0x20, 0x20, 0x20, 0x7d, 0x2c, 0x0a, 0x20, 0x20, 0x20, 0x20, 0x5b, 0x68, 0x61, 0x6e
  .byte 0x64, 0x6c, 0x65, 0x4d, 0x6f, 0x75, 0x73, 0x65, 0x45, 0x6e, 0x74, 0x65, 0x72, 0x2c, 0x20, 0x63
  .byte 0x61, 0x74, 0x65, 0x67, 0x6f, 0x72, 0x79, 0x4b, 0x65, 0x79, 0x2c, 0x20, 0x6c, 0x65, 0x67, 0x65
  .byte 0x6e, 0x64, 0x2c, 0x20, 0x6c, 0x65, 0x67, 0x65, 0x6e, 0x64, 0x56, 0x61, 0x72, 0x69, 0x61, 0x6e
  .byte 0x74, 0x2c, 0x20, 0x65, 0x76, 0x65, 0x6e, 0x74, 0x48, 0x61, 0x6e, 0x64, 0x6c, 0x65, 0x72, 0x73
  .byte 0x2e, 0x6f, 0x6e, 0x4d, 0x6f, 0x75, 0x73, 0x65, 0x45, 0x6e, 0x74, 0x65, 0x72, 0x5d, 0x2c, 0x0a
  .byte 0x20, 0x20, 0x29, 0x3b, 0x0a, 0x0a, 0x20, 0x20, 0x63, 0x6f, 0x6e, 0x73, 0x74, 0x20, 0x68, 0x61
  .byte 0x6e, 0x64, 0x6c, 0x65, 0x43, 0x68, 0x61, 0x72, 0x74, 0x4d, 0x6f, 0x75, 0x73, 0x65, 0x4c, 0x65
  .byte 0x61, 0x76, 0x65, 0x20, 0x3d, 0x20, 0x75, 0x73, 0x65, 0x43, 0x61, 0x6c, 0x6c, 0x62, 0x61, 0x63
  .byte 0x6b, 0x28, 0x28, 0x29, 0x20, 0x3d, 0x3e, 0x20, 0x7b, 0x0a, 0x20, 0x20, 0x20, 0x20, 0x68, 0x61
  .byte 0x6e, 0x64, 0x6c, 0x65, 0x4d, 0x6f, 0x75, 0x73, 0x65, 0x4c, 0x65, 0x61, 0x76, 0x65, 0x28, 0x29
  .byte 0x3b, 0x0a, 0x20, 0x20, 0x20, 0x20, 0x69, 0x66, 0x20, 0x28, 0x6c, 0x65, 0x67, 0x65, 0x6e, 0x64
  .byte 0x20, 0x26, 0x26, 0x20, 0x6c, 0x65, 0x67, 0x65, 0x6e, 0x64, 0x56, 0x61, 0x72, 0x69, 0x61, 0x6e
  .byte 0x74, 0x20, 0x3d, 0x3d, 0x3d, 0x20, 0x22, 0x73, 0x74, 0x61, 0x63, 0x6b, 0x65, 0x64, 0x22, 0x29
  .byte 0x20, 0x7b, 0x0a, 0x20, 0x20, 0x20, 0x20, 0x20, 0x20, 0x73, 0x65, 0x74, 0x48, 0x6f, 0x76, 0x65
  .byte 0x72, 0x65, 0x64, 0x4c, 0x65, 0x67, 0x65, 0x6e, 0x64, 0x4b, 0x65, 0x79, 0x28, 0x6e, 0x75, 0x6c
  .byte 0x6c, 0x29, 0x3b, 0x0a, 0x20, 0x20, 0x20, 0x20, 0x7d, 0x0a, 0x20, 0x20, 0x20, 0x20, 0x65, 0x76
  .byte 0x65, 0x6e, 0x74, 0x48, 0x61, 0x6e, 0x64, 0x6c, 0x65, 0x72, 0x73, 0x2e, 0x6f, 0x6e, 0x4d, 0x6f
  .byte 0x75, 0x73, 0x65, 0x4c, 0x65, 0x61, 0x76, 0x65, 0x3f, 0x2e, 0x28, 0x29, 0x3b, 0x0a, 0x20, 0x20
  .byte 0x7d, 0x2c, 0x20, 0x5b, 0x68, 0x61, 0x6e, 0x64, 0x6c, 0x65, 0x4d, 0x6f, 0x75, 0x73, 0x65, 0x4c
  .byte 0x65, 0x61, 0x76, 0x65, 0x2c, 0x20, 0x6c, 0x65, 0x67, 0x65, 0x6e, 0x64, 0x2c, 0x20, 0x6c, 0x65
  .byte 0x67, 0x65, 0x6e, 0x64, 0x56, 0x61, 0x72, 0x69, 0x61, 0x6e, 0x74, 0x2c, 0x20, 0x65, 0x76, 0x65
  .byte 0x6e, 0x74, 0x48, 0x61, 0x6e, 0x64, 0x6c, 0x65, 0x72, 0x73, 0x2e, 0x6f, 0x6e, 0x4d, 0x6f, 0x75
  .byte 0x73, 0x65, 0x4c, 0x65, 0x61, 0x76, 0x65, 0x5d, 0x29, 0x3b, 0x0a, 0x0a, 0x20, 0x20, 0x2f, 0x2f
  .byte 0x20, 0x53, 0x65, 0x74, 0x75, 0x70, 0x20, 0x52, 0x65, 0x73, 0x69, 0x7a, 0x65, 0x4f, 0x62, 0x73
  .byte 0x65, 0x72, 0x76, 0x65, 0x72, 0x20, 0x74, 0x6f, 0x20, 0x77, 0x61, 0x74, 0x63, 0x68, 0x20, 0x74
  .byte 0x68, 0x65, 0x20, 0x77, 0x72, 0x61, 0x70, 0x70, 0x65, 0x72, 0x20, 0x65, 0x6c, 0x65, 0x6d, 0x65
  .byte 0x6e, 0x74, 0x0a, 0x20, 0x20, 0x75, 0x73, 0x65, 0x45, 0x66, 0x66, 0x65, 0x63, 0x74, 0x28, 0x28
  .byte 0x29, 0x20, 0x3d, 0x3e, 0x20, 0x7b, 0x0a, 0x20, 0x20, 0x20, 0x20, 0x63, 0x6f, 0x6e, 0x73, 0x74
  .byte 0x20, 0x77, 0x72, 0x61, 0x70, 0x70, 0x65, 0x72, 0x20, 0x3d, 0x20, 0x77, 0x72, 0x61, 0x70, 0x70
  .byte 0x65, 0x72, 0x52, 0x65, 0x66, 0x2e, 0x63, 0x75, 0x72, 0x72, 0x65, 0x6e, 0x74, 0x3b, 0x0a, 0x20
  .byte 0x20, 0x20, 0x20, 0x69, 0x66, 0x20, 0x28, 0x21, 0x77, 0x72, 0x61, 0x70, 0x70, 0x65, 0x72, 0x29
  .byte 0x20, 0x72, 0x65, 0x74, 0x75, 0x72, 0x6e, 0x3b, 0x0a, 0x0a, 0x20, 0x20, 0x20, 0x20, 0x2f, 0x2f
  .byte 0x20, 0x55, 0x73, 0x65, 0x20, 0x52, 0x65, 0x73, 0x69, 0x7a, 0x65, 0x4f, 0x62, 0x73, 0x65, 0x72
  .byte 0x76, 0x65, 0x72, 0x20, 0x69, 0x66, 0x20, 0x63, 0x6f, 0x6d, 0x70, 0x6f, 0x6e, 0x65, 0x6e, 0x74
  .byte 0x20, 0x69, 0x73, 0x20, 0x69, 0x6e, 0x20, 0x72, 0x65, 0x73, 0x70, 0x6f, 0x6e, 0x73, 0x69, 0x76
  .byte 0x65, 0x20, 0x6d, 0x6f, 0x64, 0x65, 0x20, 0x28, 0x6e, 0x6f, 0x20, 0x66, 0x69, 0x78, 0x65, 0x64
  .byte 0x20, 0x77, 0x69, 0x64, 0x74, 0x68, 0x2f, 0x68, 0x65, 0x69, 0x67, 0x68, 0x74, 0x29, 0x0a, 0x20
  .byte 0x20, 0x20, 0x20, 0x63, 0x6f, 0x6e, 0x73, 0x74, 0x20, 0x6f, 0x62, 0x73, 0x65, 0x72, 0x76, 0x65
  .byte 0x72, 0x20, 0x3d, 0x20, 0x6e, 0x65, 0x77, 0x20, 0x52, 0x65, 0x73, 0x69, 0x7a, 0x65, 0x4f, 0x62
  .byte 0x73, 0x65, 0x72, 0x76, 0x65, 0x72, 0x28, 0x28, 0x65, 0x6e, 0x74, 0x72, 0x69, 0x65, 0x73, 0x29
  .byte 0x20, 0x3d, 0x3e, 0x20, 0x7b, 0x0a, 0x20, 0x20, 0x20, 0x20, 0x20, 0x20, 0x63, 0x6f, 0x6e, 0x73
  .byte 0x74, 0x20, 0x65, 0x6e, 0x74, 0x72, 0x79, 0x20, 0x3d, 0x20, 0x65, 0x6e, 0x74, 0x72, 0x69, 0x65
  .byte 0x73, 0x5b, 0x30, 0x5d, 0x3b, 0x0a, 0x20, 0x20, 0x20, 0x20, 0x20, 0x20, 0x69, 0x66, 0x20, 0x28
  .byte 0x65, 0x6e, 0x74, 0x72, 0x79, 0x29, 0x20, 0x7b, 0x0a, 0x20, 0x20, 0x20, 0x20, 0x20, 0x20, 0x20
  .byte 0x20, 0x73, 0x65, 0x74, 0x57, 0x72, 0x61, 0x70, 0x70, 0x65, 0x72, 0x52, 0x65, 0x63, 0x74, 0x28
  .byte 0x7b, 0x0a, 0x20, 0x20, 0x20, 0x20, 0x20, 0x20, 0x20, 0x20, 0x20, 0x20, 0x77, 0x69, 0x64, 0x74
  .byte 0x68, 0x3a, 0x20, 0x65, 0x6e, 0x74, 0x72, 0x79, 0x2e, 0x63, 0x6f, 0x6e, 0x74, 0x65, 0x6e, 0x74
  .byte 0x52, 0x65, 0x63, 0x74, 0x2e, 0x77, 0x69, 0x64, 0x74, 0x68, 0x2c, 0x0a, 0x20, 0x20, 0x20, 0x20
  .byte 0x20, 0x20, 0x20, 0x20, 0x20, 0x20, 0x68, 0x65, 0x69, 0x67, 0x68, 0x74, 0x3a, 0x20, 0x65, 0x6e
  .byte 0x74, 0x72, 0x79, 0x2e, 0x63, 0x6f, 0x6e, 0x74, 0x65, 0x6e, 0x74, 0x52, 0x65, 0x63, 0x74, 0x2e
  .byte 0x68, 0x65, 0x69, 0x67, 0x68, 0x74, 0x2c, 0x0a, 0x20, 0x20, 0x20, 0x20, 0x20, 0x20, 0x20, 0x20
  .byte 0x7d, 0x29, 0x3b, 0x0a, 0x20, 0x20, 0x20, 0x20, 0x20, 0x20, 0x7d, 0x0a, 0x20, 0x20, 0x20, 0x20
  .byte 0x7d, 0x29, 0x3b, 0x0a, 0x20, 0x20, 0x20, 0x20, 0x6f, 0x62, 0x73, 0x65, 0x72, 0x76, 0x65, 0x72
  .byte 0x2e, 0x6f, 0x62, 0x73, 0x65, 0x72, 0x76, 0x65, 0x28, 0x77, 0x72, 0x61, 0x70, 0x70, 0x65, 0x72
  .byte 0x29, 0x3b, 0x0a, 0x20, 0x20, 0x20, 0x20, 0x72, 0x65, 0x74, 0x75, 0x72, 0x6e, 0x20, 0x28, 0x29
  .byte 0x20, 0x3d, 0x3e, 0x20, 0x6f, 0x62, 0x73, 0x65, 0x72, 0x76, 0x65, 0x72, 0x2e, 0x64, 0x69, 0x73
  .byte 0x63, 0x6f, 0x6e, 0x6e, 0x65, 0x63, 0x74, 0x28, 0x29, 0x3b, 0x0a, 0x20, 0x20, 0x7d, 0x2c, 0x20
  .byte 0x5b, 0x5d, 0x29, 0x3b, 0x0a, 0x0a, 0x20, 0x20, 0x63, 0x6f, 0x6e, 0x73, 0x74, 0x20, 0x72, 0x65
  .byte 0x6e, 0x64, 0x65, 0x72, 0x4c, 0x65, 0x67, 0x65, 0x6e, 0x64, 0x20, 0x3d, 0x20, 0x75, 0x73, 0x65
  .byte 0x43, 0x61, 0x6c, 0x6c, 0x62, 0x61, 0x63, 0x6b, 0x28, 0x28, 0x29, 0x20, 0x3d, 0x3e, 0x20, 0x7b
  .byte 0x0a, 0x20, 0x20, 0x20, 0x20, 0x69, 0x66, 0x20, 0x28, 0x21, 0x6c, 0x65, 0x67, 0x65, 0x6e, 0x64
  .byte 0x29, 0x20, 0x72, 0x65, 0x74, 0x75, 0x72, 0x6e, 0x20, 0x6e, 0x75, 0x6c, 0x6c, 0x3b, 0x0a, 0x20
  .byte 0x20, 0x20, 0x20, 0x69, 0x66, 0x20, 0x28, 0x6c, 0x65, 0x67, 0x65, 0x6e, 0x64, 0x56, 0x61, 0x72
  .byte 0x69, 0x61, 0x6e, 0x74, 0x20, 0x3d, 0x3d, 0x3d, 0x20, 0x22, 0x73, 0x74, 0x61, 0x63, 0x6b, 0x65
  .byte 0x64, 0x22, 0x29, 0x20, 0x7b, 0x0a, 0x20, 0x20, 0x20, 0x20, 0x20, 0x20, 0x72, 0x65, 0x74, 0x75
  .byte 0x72, 0x6e, 0x20, 0x28, 0x0a, 0x20, 0x20, 0x20, 0x20, 0x20, 0x20, 0x20, 0x20, 0x3c, 0x64, 0x69
  .byte 0x76, 0x20, 0x63, 0x6c, 0x61, 0x73, 0x73, 0x4e, 0x61, 0x6d, 0x65, 0x3d, 0x22, 0x6f, 0x70, 0x65
  .byte 0x6e, 0x75, 0x69, 0x2d, 0x72, 0x61, 0x64, 0x69, 0x61, 0x6c, 0x2d, 0x63, 0x68, 0x61, 0x72, 0x74
  .byte 0x2d, 0x6c, 0x65, 0x67, 0x65, 0x6e, 0x64, 0x2d, 0x63, 0x6f, 0x6e, 0x74, 0x61, 0x69, 0x6e, 0x65
  .byte 0x72, 0x22, 0x3e, 0x0a, 0x20, 0x20, 0x20, 0x20, 0x20, 0x20, 0x20, 0x20, 0x20, 0x20, 0x3c, 0x53
  .byte 0x74, 0x61, 0x63, 0x6b, 0x65, 0x64, 0x4c, 0x65, 0x67, 0x65, 0x6e, 0x64, 0x0a, 0x20, 0x20, 0x20
  .byte 0x20, 0x20, 0x20, 0x20, 0x20, 0x20, 0x20, 0x20, 0x20, 0x69, 0x74, 0x65, 0x6d, 0x73, 0x3d, 0x7b
  .byte 0x6c, 0x65, 0x67, 0x65, 0x6e, 0x64, 0x49, 0x74, 0x65, 0x6d, 0x73, 0x7d, 0x0a, 0x20, 0x20, 0x20
  .byte 0x20, 0x20, 0x20, 0x20, 0x20, 0x20, 0x20, 0x20, 0x20, 0x6f, 0x6e, 0x49, 0x74, 0x65, 0x6d, 0x48
  .byte 0x6f, 0x76, 0x65, 0x72, 0x3d, 0x7b, 0x73, 0x65, 0x74, 0x48, 0x6f, 0x76, 0x65, 0x72, 0x65, 0x64
  .byte 0x4c, 0x65, 0x67, 0x65, 0x6e, 0x64, 0x4b, 0x65, 0x79, 0x7d, 0x0a, 0x20, 0x20, 0x20, 0x20, 0x20
  .byte 0x20, 0x20, 0x20, 0x20, 0x20, 0x20, 0x20, 0x61, 0x63, 0x74, 0x69, 0x76, 0x65, 0x4b, 0x65, 0x79
  .byte 0x3d, 0x7b, 0x68, 0x6f, 0x76, 0x65, 0x72, 0x65, 0x64, 0x4c, 0x65, 0x67, 0x65, 0x6e, 0x64, 0x4b
  .byte 0x65, 0x79, 0x7d, 0x0a, 0x20, 0x20, 0x20, 0x20, 0x20, 0x20, 0x20, 0x20, 0x20, 0x20, 0x20, 0x20
  .byte 0x6f, 0x6e, 0x4c, 0x65, 0x67, 0x65, 0x6e, 0x64, 0x49, 0x74, 0x65, 0x6d, 0x48, 0x6f, 0x76, 0x65
  .byte 0x72, 0x3d, 0x7b, 0x68, 0x61, 0x6e, 0x64, 0x6c, 0x65, 0x4c, 0x65, 0x67, 0x65, 0x6e, 0x64, 0x49
  .byte 0x74, 0x65, 0x6d, 0x48, 0x6f, 0x76, 0x65, 0x72, 0x7d, 0x0a, 0x20, 0x20, 0x20, 0x20, 0x20, 0x20
  .byte 0x20, 0x20, 0x20, 0x20, 0x20, 0x20, 0x63, 0x6f, 0x6e, 0x74, 0x61, 0x69, 0x6e, 0x65, 0x72, 0x57
  .byte 0x69, 0x64, 0x74, 0x68, 0x3d, 0x7b, 0x69, 0x73, 0x52, 0x6f, 0x77, 0x4c, 0x61, 0x79, 0x6f, 0x75
  .byte 0x74, 0x20, 0x3f, 0x20, 0x75, 0x6e, 0x64, 0x65, 0x66, 0x69, 0x6e, 0x65, 0x64, 0x20, 0x3a, 0x20
  .byte 0x77, 0x72, 0x61, 0x70, 0x70, 0x65, 0x72, 0x52, 0x65, 0x63, 0x74, 0x2e, 0x77, 0x69, 0x64, 0x74
  .byte 0x68, 0x7d, 0x0a, 0x20, 0x20, 0x20, 0x20, 0x20, 0x20, 0x20, 0x20, 0x20, 0x20, 0x2f, 0x3e, 0x0a
  .byte 0x20, 0x20, 0x20, 0x20, 0x20, 0x20, 0x20, 0x20, 0x3c, 0x2f, 0x64, 0x69, 0x76, 0x3e, 0x0a, 0x20
  .byte 0x20, 0x20, 0x20, 0x20, 0x20, 0x29, 0x3b, 0x0a, 0x20, 0x20, 0x20, 0x20, 0x7d, 0x0a, 0x20, 0x20
  .byte 0x20, 0x20, 0x72, 0x65, 0x74, 0x75, 0x72, 0x6e, 0x20, 0x28, 0x0a, 0x20, 0x20, 0x20, 0x20, 0x20
  .byte 0x20, 0x3c, 0x44, 0x65, 0x66, 0x61, 0x75, 0x6c, 0x74, 0x4c, 0x65, 0x67, 0x65, 0x6e, 0x64, 0x0a
  .byte 0x20, 0x20, 0x20, 0x20, 0x20, 0x20, 0x20, 0x20, 0x69, 0x74, 0x65, 0x6d, 0x73, 0x3d, 0x7b, 0x64
  .byte 0x65, 0x66, 0x61, 0x75, 0x6c, 0x74, 0x4c, 0x65, 0x67, 0x65, 0x6e, 0x64, 0x49, 0x74, 0x65, 0x6d
  .byte 0x73, 0x7d, 0x0a, 0x20, 0x20, 0x20, 0x20, 0x20, 0x20, 0x20, 0x20, 0x63, 0x6f, 0x6e, 0x74, 0x61
  .byte 0x69, 0x6e, 0x65, 0x72, 0x57, 0x69, 0x64, 0x74, 0x68, 0x3d, 0x7b, 0x77, 0x72, 0x61, 0x70, 0x70
  .byte 0x65, 0x72, 0x52, 0x65, 0x63, 0x74, 0x2e, 0x77, 0x69, 0x64, 0x74, 0x68, 0x7d, 0x0a, 0x20, 0x20
  .byte 0x20, 0x20, 0x20, 0x20, 0x20, 0x20, 0x69, 0x73, 0x45, 0x78, 0x70, 0x61, 0x6e, 0x64, 0x65, 0x64
  .byte 0x3d, 0x7b, 0x69, 0x73, 0x4c, 0x65, 0x67, 0x65, 0x6e, 0x64, 0x45, 0x78, 0x70, 0x61, 0x6e, 0x64
  .byte 0x65, 0x64, 0x7d, 0x0a, 0x20, 0x20, 0x20, 0x20, 0x20, 0x20, 0x20, 0x20, 0x73, 0x65, 0x74, 0x49
  .byte 0x73, 0x45, 0x78, 0x70, 0x61, 0x6e, 0x64, 0x65, 0x64, 0x3d, 0x7b, 0x73, 0x65, 0x74, 0x49, 0x73
  .byte 0x4c, 0x65, 0x67, 0x65, 0x6e, 0x64, 0x45, 0x78, 0x70, 0x61, 0x6e, 0x64, 0x65, 0x64, 0x7d, 0x0a
  .byte 0x20, 0x20, 0x20, 0x20, 0x20, 0x20, 0x2f, 0x3e, 0x0a, 0x20, 0x20, 0x20, 0x20, 0x29, 0x3b, 0x0a
  .byte 0x20, 0x20, 0x7d, 0x2c, 0x20, 0x5b, 0x0a, 0x20, 0x20, 0x20, 0x20, 0x6c, 0x65, 0x67, 0x65, 0x6e
  .byte 0x64, 0x2c, 0x0a, 0x20, 0x20, 0x20, 0x20, 0x6c, 0x65, 0x67, 0x65, 0x6e, 0x64, 0x56, 0x61, 0x72
  .byte 0x69, 0x61, 0x6e, 0x74, 0x2c, 0x0a, 0x20, 0x20, 0x20, 0x20, 0x6c, 0x65, 0x67, 0x65, 0x6e, 0x64
  .byte 0x49, 0x74, 0x65, 0x6d, 0x73, 0x2c, 0x0a, 0x20, 0x20, 0x20, 0x20, 0x68, 0x6f, 0x76, 0x65, 0x72
  .byte 0x65, 0x64, 0x4c, 0x65, 0x67, 0x65, 0x6e, 0x64, 0x4b, 0x65, 0x79, 0x2c, 0x0a, 0x20, 0x20, 0x20
  .byte 0x20, 0x68, 0x61, 0x6e, 0x64, 0x6c, 0x65, 0x4c, 0x65, 0x67, 0x65, 0x6e, 0x64, 0x49, 0x74, 0x65
  .byte 0x6d, 0x48, 0x6f, 0x76, 0x65, 0x72, 0x2c, 0x0a, 0x20, 0x20, 0x20, 0x20, 0x77, 0x72, 0x61, 0x70
  .byte 0x70, 0x65, 0x72, 0x52, 0x65, 0x63, 0x74, 0x2e, 0x77, 0x69, 0x64, 0x74, 0x68, 0x2c, 0x0a, 0x20
  .byte 0x20, 0x20, 0x20, 0x69, 0x73, 0x52, 0x6f, 0x77, 0x4c, 0x61, 0x79, 0x6f, 0x75, 0x74, 0x2c, 0x0a
  .byte 0x20, 0x20, 0x20, 0x20, 0x64, 0x65, 0x66, 0x61, 0x75, 0x6c, 0x74, 0x4c, 0x65, 0x67, 0x65, 0x6e
  .byte 0x64, 0x49, 0x74, 0x65, 0x6d, 0x73, 0x2c, 0x0a, 0x20, 0x20, 0x20, 0x20, 0x69, 0x73, 0x4c, 0x65
  .byte 0x67, 0x65, 0x6e, 0x64, 0x45, 0x78, 0x70, 0x61, 0x6e, 0x64, 0x65, 0x64, 0x2c, 0x0a, 0x20, 0x20
  .byte 0x5d, 0x29, 0x3b, 0x0a, 0x0a, 0x20, 0x20, 0x63, 0x6f, 0x6e, 0x73, 0x74, 0x20, 0x77, 0x72, 0x61
  .byte 0x70, 0x70, 0x65, 0x72, 0x43, 0x6c, 0x61, 0x73, 0x73, 0x4e, 0x61, 0x6d, 0x65, 0x20, 0x3d, 0x20
  .byte 0x63, 0x6c, 0x73, 0x78, 0x28, 0x22, 0x6f, 0x70, 0x65, 0x6e, 0x75, 0x69, 0x2d, 0x72, 0x61, 0x64
  .byte 0x69, 0x61, 0x6c, 0x2d, 0x63, 0x68, 0x61, 0x72, 0x74, 0x2d, 0x63, 0x6f, 0x6e, 0x74, 0x61, 0x69
  .byte 0x6e, 0x65, 0x72, 0x2d, 0x77, 0x72, 0x61, 0x70, 0x70, 0x65, 0x72, 0x22, 0x2c, 0x20, 0x63, 0x6c
  .byte 0x61, 0x73, 0x73, 0x4e, 0x61, 0x6d, 0x65, 0x2c, 0x20, 0x7b, 0x0a, 0x20, 0x20, 0x20, 0x20, 0x22
  .byte 0x6c, 0x61, 0x79, 0x6f, 0x75, 0x74, 0x2d, 0x72, 0x6f, 0x77, 0x22, 0x3a, 0x20, 0x69, 0x73, 0x52
  .byte 0x6f, 0x77, 0x4c, 0x61, 0x79, 0x6f, 0x75, 0x74, 0x2c, 0x0a, 0x20, 0x20, 0x20, 0x20, 0x22, 0x6c
  .byte 0x61, 0x79, 0x6f, 0x75, 0x74, 0x2d, 0x63, 0x6f, 0x6c, 0x75, 0x6d, 0x6e, 0x22, 0x3a, 0x20, 0x21
  .byte 0x69, 0x73, 0x52, 0x6f, 0x77, 0x4c, 0x61, 0x79, 0x6f, 0x75, 0x74, 0x2c, 0x0a, 0x20, 0x20, 0x20
  .byte 0x20, 0x22, 0x6c, 0x65, 0x67, 0x65, 0x6e, 0x64, 0x2d, 0x64, 0x65, 0x66, 0x61, 0x75, 0x6c, 0x74
  .byte 0x22, 0x3a, 0x20, 0x6c, 0x65, 0x67, 0x65, 0x6e, 0x64, 0x20, 0x26, 0x26, 0x20, 0x6c, 0x65, 0x67
  .byte 0x65, 0x6e, 0x64, 0x56, 0x61, 0x72, 0x69, 0x61, 0x6e, 0x74, 0x20, 0x3d, 0x3d, 0x3d, 0x20, 0x22
  .byte 0x64, 0x65, 0x66, 0x61, 0x75, 0x6c, 0x74, 0x22, 0x2c, 0x0a, 0x20, 0x20, 0x20, 0x20, 0x22, 0x6c
  .byte 0x65, 0x67, 0x65, 0x6e, 0x64, 0x2d, 0x73, 0x74, 0x61, 0x63, 0x6b, 0x65, 0x64, 0x22, 0x3a, 0x20
  .byte 0x6c, 0x65, 0x67, 0x65, 0x6e, 0x64, 0x20, 0x26, 0x26, 0x20, 0x6c, 0x65, 0x67, 0x65, 0x6e, 0x64
  .byte 0x56, 0x61, 0x72, 0x69, 0x61, 0x6e, 0x74, 0x20, 0x3d, 0x3d, 0x3d, 0x20, 0x22, 0x73, 0x74, 0x61
  .byte 0x63, 0x6b, 0x65, 0x64, 0x22, 0x2c, 0x0a, 0x20, 0x20, 0x7d, 0x29, 0x3b, 0x0a, 0x0a, 0x20, 0x20
  .byte 0x2f, 0x2f, 0x20, 0x43, 0x6f, 0x72, 0x72, 0x65, 0x63, 0x74, 0x20, 0x61, 0x6e, 0x67, 0x6c, 0x65
  .byte 0x73, 0x20, 0x66, 0x6f, 0x72, 0x20, 0x73, 0x65, 0x6d, 0x69, 0x63, 0x69, 0x72, 0x63, 0x6c, 0x65
  .byte 0x20, 0x28, 0x74, 0x6f, 0x70, 0x20, 0x68, 0x61, 0x6c, 0x66, 0x29, 0x0a, 0x20, 0x20, 0x63, 0x6f
  .byte 0x6e, 0x73, 0x74, 0x20, 0x73, 0x74, 0x61, 0x72, 0x74, 0x41, 0x6e, 0x67, 0x6c, 0x65, 0x20, 0x3d
  .byte 0x20, 0x76, 0x61, 0x72, 0x69, 0x61, 0x6e, 0x74, 0x20, 0x3d, 0x3d, 0x3d, 0x20, 0x22, 0x73, 0x65
  .byte 0x6d, 0x69, 0x63, 0x69, 0x72, 0x63, 0x6c, 0x65, 0x22, 0x20, 0x3f, 0x20, 0x31, 0x38, 0x30, 0x20
  .byte 0x3a, 0x20, 0x30, 0x3b, 0x0a, 0x20, 0x20, 0x63, 0x6f, 0x6e, 0x73, 0x74, 0x20, 0x65, 0x6e, 0x64
  .byte 0x41, 0x6e, 0x67, 0x6c, 0x65, 0x20, 0x3d, 0x20, 0x76, 0x61, 0x72, 0x69, 0x61, 0x6e, 0x74, 0x20
  .byte 0x3d, 0x3d, 0x3d, 0x20, 0x22, 0x73, 0x65, 0x6d, 0x69, 0x63, 0x69, 0x72, 0x63, 0x6c, 0x65, 0x22
  .byte 0x20, 0x3f, 0x20, 0x30, 0x20, 0x3a, 0x20, 0x33, 0x36, 0x30, 0x3b, 0x0a, 0x0a, 0x20, 0x20, 0x63
  .byte 0x6f, 0x6e, 0x73, 0x74, 0x20, 0x77, 0x72, 0x61, 0x70, 0x70, 0x65, 0x72, 0x53, 0x74, 0x79, 0x6c
  .byte 0x65, 0x20, 0x3d, 0x20, 0x75, 0x73, 0x65, 0x4d, 0x65, 0x6d, 0x6f, 0x28, 0x28, 0x29, 0x20, 0x3d
  .byte 0x3e, 0x20, 0x7b, 0x0a, 0x20, 0x20, 0x20, 0x20, 0x63, 0x6f, 0x6e, 0x73, 0x74, 0x20, 0x66, 0x6f
  .byte 0x72, 0x6d, 0x61, 0x74, 0x44, 0x69, 0x6d, 0x65, 0x6e, 0x73, 0x69, 0x6f, 0x6e, 0x20, 0x3d, 0x20
  .byte 0x28, 0x76, 0x61, 0x6c, 0x75, 0x65, 0x3a, 0x20, 0x6e, 0x75, 0x6d, 0x62, 0x65, 0x72, 0x20, 0x7c
  .byte 0x20, 0x73, 0x74, 0x72, 0x69, 0x6e, 0x67, 0x20, 0x7c, 0x20, 0x75, 0x6e, 0x64, 0x65, 0x66, 0x69
  .byte 0x6e, 0x65, 0x64, 0x29, 0x20, 0x3d, 0x3e, 0x20, 0x7b, 0x0a, 0x20, 0x20, 0x20, 0x20, 0x20, 0x20
  .byte 0x69, 0x66, 0x20, 0x28, 0x74, 0x79, 0x70, 0x65, 0x6f, 0x66, 0x20, 0x76, 0x61, 0x6c, 0x75, 0x65
  .byte 0x20, 0x3d, 0x3d, 0x3d, 0x20, 0x22, 0x6e, 0x75, 0x6d, 0x62, 0x65, 0x72, 0x22, 0x29, 0x20, 0x7b
  .byte 0x0a, 0x20, 0x20, 0x20, 0x20, 0x20, 0x20, 0x20, 0x20, 0x72, 0x65, 0x74, 0x75, 0x72, 0x6e, 0x20
  .byte 0x60, 0x24, 0x7b, 0x76, 0x61, 0x6c, 0x75, 0x65, 0x7d, 0x70, 0x78, 0x60, 0x3b, 0x0a, 0x20, 0x20
  .byte 0x20, 0x20, 0x20, 0x20, 0x7d, 0x0a, 0x20, 0x20, 0x20, 0x20, 0x20, 0x20, 0x72, 0x65, 0x74, 0x75
  .byte 0x72, 0x6e, 0x20, 0x76, 0x61, 0x6c, 0x75, 0x65, 0x3b, 0x0a, 0x20, 0x20, 0x20, 0x20, 0x7d, 0x3b
  .byte 0x0a, 0x20, 0x20, 0x20, 0x20, 0x63, 0x6f, 0x6e, 0x73, 0x74, 0x20, 0x64, 0x69, 0x6d, 0x65, 0x6e
  .byte 0x73, 0x69, 0x6f, 0x6e, 0x73, 0x20, 0x3d, 0x20, 0x7b, 0x0a, 0x20, 0x20, 0x20, 0x20, 0x20, 0x20
  .byte 0x77, 0x69, 0x64, 0x74, 0x68, 0x3a, 0x20, 0x66, 0x6f, 0x72, 0x6d, 0x61, 0x74, 0x44, 0x69, 0x6d
  .byte 0x65, 0x6e, 0x73, 0x69, 0x6f, 0x6e, 0x28, 0x77, 0x69, 0x64, 0x74, 0x68, 0x29, 0x2c, 0x0a, 0x20
  .byte 0x20, 0x20, 0x20, 0x20, 0x20, 0x68, 0x65, 0x69, 0x67, 0x68, 0x74, 0x3a, 0x20, 0x66, 0x6f, 0x72
  .byte 0x6d, 0x61, 0x74, 0x44, 0x69, 0x6d, 0x65, 0x6e, 0x73, 0x69, 0x6f, 0x6e, 0x28, 0x68, 0x65, 0x69
  .byte 0x67, 0x68, 0x74, 0x29, 0x2c, 0x0a, 0x20, 0x20, 0x20, 0x20, 0x7d, 0x3b, 0x0a, 0x0a, 0x20, 0x20
  .byte 0x20, 0x20, 0x69, 0x66, 0x20, 0x28, 0x64, 0x69, 0x6d, 0x65, 0x6e, 0x73, 0x69, 0x6f, 0x6e, 0x73
  .byte 0x2e, 0x77, 0x69, 0x64, 0x74, 0x68, 0x20, 0x3d, 0x3d, 0x3d, 0x20, 0x75, 0x6e, 0x64, 0x65, 0x66
  .byte 0x69, 0x6e, 0x65, 0x64, 0x29, 0x20, 0x7b, 0x0a, 0x20, 0x20, 0x20, 0x20, 0x20, 0x20, 0x64, 0x65
  .byte 0x6c, 0x65, 0x74, 0x65, 0x20, 0x64, 0x69, 0x6d, 0x65, 0x6e, 0x73, 0x69, 0x6f, 0x6e, 0x73, 0x2e
  .byte 0x77, 0x69, 0x64, 0x74, 0x68, 0x3b, 0x0a, 0x20, 0x20, 0x20, 0x20, 0x7d, 0x0a, 0x0a, 0x20, 0x20
  .byte 0x20, 0x20, 0x69, 0x66, 0x20, 0x28, 0x64, 0x69, 0x6d, 0x65, 0x6e, 0x73, 0x69, 0x6f, 0x6e, 0x73
  .byte 0x2e, 0x68, 0x65, 0x69, 0x67, 0x68, 0x74, 0x20, 0x3d, 0x3d, 0x3d, 0x20, 0x75, 0x6e, 0x64, 0x65
  .byte 0x66, 0x69, 0x6e, 0x65, 0x64, 0x29, 0x20, 0x7b, 0x0a, 0x20, 0x20, 0x20, 0x20, 0x20, 0x20, 0x64
  .byte 0x65, 0x6c, 0x65, 0x74, 0x65, 0x20, 0x64, 0x69, 0x6d, 0x65, 0x6e, 0x73, 0x69, 0x6f, 0x6e, 0x73
  .byte 0x2e, 0x68, 0x65, 0x69, 0x67, 0x68, 0x74, 0x3b, 0x0a, 0x20, 0x20, 0x20, 0x20, 0x7d, 0x0a, 0x20
  .byte 0x20, 0x20, 0x20, 0x72, 0x65, 0x74, 0x75, 0x72, 0x6e, 0x20, 0x64, 0x69, 0x6d, 0x65, 0x6e, 0x73
  .byte 0x69, 0x6f, 0x6e, 0x73, 0x3b, 0x0a, 0x20, 0x20, 0x7d, 0x2c, 0x20, 0x5b, 0x77, 0x69, 0x64, 0x74
  .byte 0x68, 0x2c, 0x20, 0x68, 0x65, 0x69, 0x67, 0x68, 0x74, 0x5d, 0x29, 0x3b, 0x0a, 0x0a, 0x20, 0x20
  .byte 0x72, 0x65, 0x74, 0x75, 0x72, 0x6e, 0x20, 0x28, 0x0a, 0x20, 0x20, 0x20, 0x20, 0x3c, 0x64, 0x69
  .byte 0x76, 0x0a, 0x20, 0x20, 0x20, 0x20, 0x20, 0x20, 0x72, 0x65, 0x66, 0x3d, 0x7b, 0x77, 0x72, 0x61
  .byte 0x70, 0x70, 0x65, 0x72, 0x52, 0x65, 0x66, 0x7d, 0x0a, 0x20, 0x20, 0x20, 0x20, 0x20, 0x20, 0x63
  .byte 0x6c, 0x61, 0x73, 0x73, 0x4e, 0x61, 0x6d, 0x65, 0x3d, 0x7b, 0x77, 0x72, 0x61, 0x70, 0x70, 0x65
  .byte 0x72, 0x43, 0x6c, 0x61, 0x73, 0x73, 0x4e, 0x61, 0x6d, 0x65, 0x7d, 0x0a, 0x20, 0x20, 0x20, 0x20
  .byte 0x20, 0x20, 0x73, 0x74, 0x79, 0x6c, 0x65, 0x3d, 0x7b, 0x77, 0x72, 0x61, 0x70, 0x70, 0x65, 0x72
  .byte 0x53, 0x74, 0x79, 0x6c, 0x65, 0x7d, 0x0a, 0x20, 0x20, 0x20, 0x20, 0x20, 0x20, 0x61, 0x72, 0x69
  .byte 0x61, 0x2d, 0x64, 0x65, 0x73, 0x63, 0x72, 0x69, 0x70, 0x74, 0x69, 0x6f, 0x6e, 0x3d, 0x22, 0x72
  .byte 0x61, 0x64, 0x69, 0x61, 0x6c, 0x2d, 0x63, 0x68, 0x61, 0x72, 0x74, 0x2d, 0x77, 0x72, 0x61, 0x70
  .byte 0x70, 0x65, 0x72, 0x22, 0x0a, 0x20, 0x20, 0x20, 0x20, 0x20, 0x20, 0x64, 0x61, 0x74, 0x61, 0x2d
  .byte 0x6f, 0x70, 0x65, 0x6e, 0x75, 0x69, 0x2d, 0x63, 0x68, 0x61, 0x72, 0x74, 0x3d, 0x7b, 0x65, 0x78
  .byte 0x70, 0x6f, 0x72, 0x74, 0x44, 0x61, 0x74, 0x61, 0x7d, 0x0a, 0x20, 0x20, 0x20, 0x20, 0x3e, 0x0a
  .byte 0x20, 0x20, 0x20, 0x20, 0x20, 0x20, 0x3c, 0x64, 0x69, 0x76, 0x20, 0x63, 0x6c, 0x61, 0x73, 0x73
  .byte 0x4e, 0x61, 0x6d, 0x65, 0x3d, 0x22, 0x6f, 0x70, 0x65, 0x6e, 0x75, 0x69, 0x2d, 0x72, 0x61, 0x64
  .byte 0x69, 0x61, 0x6c, 0x2d, 0x63, 0x68, 0x61, 0x72, 0x74, 0x2d, 0x63, 0x6f, 0x6e, 0x74, 0x61, 0x69
  .byte 0x6e, 0x65, 0x72, 0x22, 0x3e, 0x0a, 0x20, 0x20, 0x20, 0x20, 0x20, 0x20, 0x20, 0x20, 0x3c, 0x64
  .byte 0x69, 0x76, 0x20, 0x63, 0x6c, 0x61, 0x73, 0x73, 0x4e, 0x61, 0x6d, 0x65, 0x3d, 0x22, 0x6f, 0x70
  .byte 0x65, 0x6e, 0x75, 0x69, 0x2d, 0x72, 0x61, 0x64, 0x69, 0x61, 0x6c, 0x2d, 0x63, 0x68, 0x61, 0x72
  .byte 0x74, 0x2d, 0x63, 0x6f, 0x6e, 0x74, 0x61, 0x69, 0x6e, 0x65, 0x72, 0x2d, 0x69, 0x6e, 0x6e, 0x65
  .byte 0x72, 0x22, 0x3e, 0x0a, 0x20, 0x20, 0x20, 0x20, 0x20, 0x20, 0x20, 0x20, 0x20, 0x20, 0x3c, 0x64
  .byte 0x69, 0x76, 0x20, 0x73, 0x74, 0x79, 0x6c, 0x65, 0x3d, 0x7b, 0x63, 0x68, 0x61, 0x72, 0x74, 0x53
  .byte 0x69, 0x7a, 0x65, 0x53, 0x74, 0x79, 0x6c, 0x65, 0x7d, 0x3e, 0x0a, 0x20, 0x20, 0x20, 0x20, 0x20
  .byte 0x20, 0x20, 0x20, 0x20, 0x20, 0x20, 0x20, 0x3c, 0x43, 0x68, 0x61, 0x72, 0x74, 0x43, 0x6f, 0x6e
  .byte 0x74, 0x61, 0x69, 0x6e, 0x65, 0x72, 0x0a, 0x20, 0x20, 0x20, 0x20, 0x20, 0x20, 0x20, 0x20, 0x20
  .byte 0x20, 0x20, 0x20, 0x20, 0x20, 0x63, 0x6f, 0x6e, 0x66, 0x69, 0x67, 0x3d, 0x7b, 0x63, 0x68, 0x61
  .byte 0x72, 0x74, 0x43, 0x6f, 0x6e, 0x66, 0x69, 0x67, 0x7d, 0x0a, 0x20, 0x20, 0x20, 0x20, 0x20, 0x20
  .byte 0x20, 0x20, 0x20, 0x20, 0x20, 0x20, 0x20, 0x20, 0x63, 0x6c, 0x61, 0x73, 0x73, 0x4e, 0x61, 0x6d
  .byte 0x65, 0x3d, 0x22, 0x6f, 0x70, 0x65, 0x6e, 0x75, 0x69, 0x2d, 0x72, 0x61, 0x64, 0x69, 0x61, 0x6c
  .byte 0x2d, 0x63, 0x68, 0x61, 0x72, 0x74, 0x22, 0x0a, 0x20, 0x20, 0x20, 0x20, 0x20, 0x20, 0x20, 0x20
  .byte 0x20, 0x20, 0x20, 0x20, 0x20, 0x20, 0x72, 0x65, 0x63, 0x68, 0x61, 0x72, 0x74, 0x73, 0x50, 0x72
  .byte 0x6f, 0x70, 0x73, 0x3d, 0x7b, 0x72, 0x65, 0x63, 0x68, 0x61, 0x72, 0x74, 0x73, 0x50, 0x72, 0x6f
  .byte 0x70, 0x73, 0x7d, 0x0a, 0x20, 0x20, 0x20, 0x20, 0x20, 0x20, 0x20, 0x20, 0x20, 0x20, 0x20, 0x20
  .byte 0x3e, 0x0a, 0x20, 0x20, 0x20, 0x20, 0x20, 0x20, 0x20, 0x20, 0x20, 0x20, 0x20, 0x20, 0x20, 0x20
  .byte 0x3c, 0x52, 0x61, 0x64, 0x69, 0x61, 0x6c, 0x42, 0x61, 0x72, 0x43, 0x68, 0x61, 0x72, 0x74, 0x0a
  .byte 0x20, 0x20, 0x20, 0x20, 0x20, 0x20, 0x20, 0x20, 0x20, 0x20, 0x20, 0x20, 0x20, 0x20, 0x20, 0x20
  .byte 0x64, 0x61, 0x74, 0x61, 0x3d, 0x7b, 0x74, 0x72, 0x61, 0x6e, 0x73, 0x66, 0x6f, 0x72, 0x6d, 0x65
  .byte 0x64, 0x44, 0x61, 0x74, 0x61, 0x7d, 0x0a, 0x20, 0x20, 0x20, 0x20, 0x20, 0x20, 0x20, 0x20, 0x20
  .byte 0x20, 0x20, 0x20, 0x20, 0x20, 0x20, 0x20, 0x73, 0x74, 0x61, 0x72, 0x74, 0x41, 0x6e, 0x67, 0x6c
  .byte 0x65, 0x3d, 0x7b, 0x73, 0x74, 0x61, 0x72, 0x74, 0x41, 0x6e, 0x67, 0x6c, 0x65, 0x7d, 0x0a, 0x20
  .byte 0x20, 0x20, 0x20, 0x20, 0x20, 0x20, 0x20, 0x20, 0x20, 0x20, 0x20, 0x20, 0x20, 0x20, 0x20, 0x65
  .byte 0x6e, 0x64, 0x41, 0x6e, 0x67, 0x6c, 0x65, 0x3d, 0x7b, 0x65, 0x6e, 0x64, 0x41, 0x6e, 0x67, 0x6c
  .byte 0x65, 0x7d, 0x0a, 0x20, 0x20, 0x20, 0x20, 0x20, 0x20, 0x20, 0x20, 0x20, 0x20, 0x20, 0x20, 0x20
  .byte 0x20, 0x20, 0x20, 0x69, 0x6e, 0x6e, 0x65, 0x72, 0x52, 0x61, 0x64, 0x69, 0x75, 0x73, 0x3d, 0x7b
  .byte 0x64, 0x69, 0x6d, 0x65, 0x6e, 0x73, 0x69, 0x6f, 0x6e, 0x73, 0x2e, 0x69, 0x6e, 0x6e, 0x65, 0x72
  .byte 0x52, 0x61, 0x64, 0x69, 0x75, 0x73, 0x7d, 0x0a, 0x20, 0x20, 0x20, 0x20, 0x20, 0x20, 0x20, 0x20
  .byte 0x20, 0x20, 0x20, 0x20, 0x20, 0x20, 0x20, 0x20, 0x6f, 0x75, 0x74, 0x65, 0x72, 0x52, 0x61, 0x64
  .byte 0x69, 0x75, 0x73, 0x3d, 0x7b, 0x64, 0x69, 0x6d, 0x65, 0x6e, 0x73, 0x69, 0x6f, 0x6e, 0x73, 0x2e
  .byte 0x6f, 0x75, 0x74, 0x65, 0x72, 0x52, 0x61, 0x64, 0x69, 0x75, 0x73, 0x7d, 0x0a, 0x20, 0x20, 0x20
  .byte 0x20, 0x20, 0x20, 0x20, 0x20, 0x20, 0x20, 0x20, 0x20, 0x20, 0x20, 0x3e, 0x0a, 0x20, 0x20, 0x20
  .byte 0x20, 0x20, 0x20, 0x20, 0x20, 0x20, 0x20, 0x20, 0x20, 0x20, 0x20, 0x20, 0x20, 0x7b, 0x67, 0x72
  .byte 0x69, 0x64, 0x20, 0x26, 0x26, 0x20, 0x3c, 0x50, 0x6f, 0x6c, 0x61, 0x72, 0x47, 0x72, 0x69, 0x64
  .byte 0x20, 0x67, 0x72, 0x69, 0x64, 0x54, 0x79, 0x70, 0x65, 0x3d, 0x22, 0x63, 0x69, 0x72, 0x63, 0x6c
  .byte 0x65, 0x22, 0x20, 0x2f, 0x3e, 0x7d, 0x0a, 0x20, 0x20, 0x20, 0x20, 0x20, 0x20, 0x20, 0x20, 0x20
  .byte 0x20, 0x20, 0x20, 0x20, 0x20, 0x20, 0x20, 0x3c, 0x43, 0x68, 0x61, 0x72, 0x74, 0x54, 0x6f, 0x6f
  .byte 0x6c, 0x74, 0x69, 0x70, 0x0a, 0x20, 0x20, 0x20, 0x20, 0x20, 0x20, 0x20, 0x20, 0x20, 0x20, 0x20
  .byte 0x20, 0x20, 0x20, 0x20, 0x20, 0x20, 0x20, 0x63, 0x75, 0x72, 0x73, 0x6f, 0x72, 0x3d, 0x7b, 0x66
  .byte 0x61, 0x6c, 0x73, 0x65, 0x7d, 0x0a, 0x20, 0x20, 0x20, 0x20, 0x20, 0x20, 0x20, 0x20, 0x20, 0x20
  .byte 0x20, 0x20, 0x20, 0x20, 0x20, 0x20, 0x20, 0x20, 0x63, 0x6f, 0x6e, 0x74, 0x65, 0x6e, 0x74, 0x3d
  .byte 0x7b, 0x0a, 0x20, 0x20, 0x20, 0x20, 0x20, 0x20, 0x20, 0x20, 0x20, 0x20, 0x20, 0x20, 0x20, 0x20
  .byte 0x20, 0x20, 0x20, 0x20, 0x20, 0x20, 0x3c, 0x43, 0x68, 0x61, 0x72, 0x74, 0x54, 0x6f, 0x6f, 0x6c
  .byte 0x74, 0x69, 0x70, 0x43, 0x6f, 0x6e, 0x74, 0x65, 0x6e, 0x74, 0x0a, 0x20, 0x20, 0x20, 0x20, 0x20
  .byte 0x20, 0x20, 0x20, 0x20, 0x20, 0x20, 0x20, 0x20, 0x20, 0x20, 0x20, 0x20, 0x20, 0x20, 0x20, 0x20
  .byte 0x20, 0x73, 0x68, 0x6f, 0x77, 0x50, 0x65, 0x72, 0x63, 0x65, 0x6e, 0x74, 0x61, 0x67, 0x65, 0x3d
  .byte 0x7b, 0x66, 0x6f, 0x72, 0x6d, 0x61, 0x74, 0x20, 0x3d, 0x3d, 0x3d, 0x20, 0x22, 0x70, 0x65, 0x72
  .byte 0x63, 0x65, 0x6e, 0x74, 0x61, 0x67, 0x65, 0x22, 0x7d, 0x0a, 0x20, 0x20, 0x20, 0x20, 0x20, 0x20
  .byte 0x20, 0x20, 0x20, 0x20, 0x20, 0x20, 0x20, 0x20, 0x20, 0x20, 0x20, 0x20, 0x20, 0x20, 0x20, 0x20
  .byte 0x6e, 0x61, 0x6d, 0x65, 0x4b, 0x65, 0x79, 0x3d, 0x7b, 0x63, 0x61, 0x74, 0x65, 0x67, 0x6f, 0x72
  .byte 0x79, 0x4b, 0x65, 0x79, 0x53, 0x74, 0x72, 0x69, 0x6e, 0x67, 0x7d, 0x0a, 0x20, 0x20, 0x20, 0x20
  .byte 0x20, 0x20, 0x20, 0x20, 0x20, 0x20, 0x20, 0x20, 0x20, 0x20, 0x20, 0x20, 0x20, 0x20, 0x20, 0x20
  .byte 0x2f, 0x3e, 0x0a, 0x20, 0x20, 0x20, 0x20, 0x20, 0x20, 0x20, 0x20, 0x20, 0x20, 0x20, 0x20, 0x20
  .byte 0x20, 0x20, 0x20, 0x20, 0x20, 0x7d, 0x0a, 0x20, 0x20, 0x20, 0x20, 0x20, 0x20, 0x20, 0x20, 0x20
  .byte 0x20, 0x20, 0x20, 0x20, 0x20, 0x20, 0x20, 0x2f, 0x3e, 0x0a, 0x20, 0x20, 0x20, 0x20, 0x20, 0x20
  .byte 0x20, 0x20, 0x20, 0x20, 0x20, 0x20, 0x20, 0x20, 0x20, 0x20, 0x3c, 0x52, 0x61, 0x64, 0x69, 0x61
  .byte 0x6c, 0x42, 0x61, 0x72, 0x0a, 0x20, 0x20, 0x20, 0x20, 0x20, 0x20, 0x20, 0x20, 0x20, 0x20, 0x20
  .byte 0x20, 0x20, 0x20, 0x20, 0x20, 0x20, 0x20, 0x64, 0x61, 0x74, 0x61, 0x4b, 0x65, 0x79, 0x3d, 0x7b
  .byte 0x66, 0x6f, 0x72, 0x6d, 0x61, 0x74, 0x4b, 0x65, 0x79, 0x7d, 0x0a, 0x20, 0x20, 0x20, 0x20, 0x20
  .byte 0x20, 0x20, 0x20, 0x20, 0x20, 0x20, 0x20, 0x20, 0x20, 0x20, 0x20, 0x20, 0x20, 0x62, 0x61, 0x63
  .byte 0x6b, 0x67, 0x72, 0x6f, 0x75, 0x6e, 0x64, 0x3d, 0x7b, 0x21, 0x67, 0x72, 0x69, 0x64, 0x7d, 0x0a
  .byte 0x20, 0x20, 0x20, 0x20, 0x20, 0x20, 0x20, 0x20, 0x20, 0x20, 0x20, 0x20, 0x20, 0x20, 0x20, 0x20
  .byte 0x20, 0x20, 0x63, 0x6f, 0x72, 0x6e, 0x65, 0x72, 0x52, 0x61, 0x64, 0x69, 0x75, 0x73, 0x3d, 0x7b
  .byte 0x63, 0x6f, 0x72, 0x6e, 0x65, 0x72, 0x52, 0x61, 0x64, 0x69, 0x75, 0x73, 0x7d, 0x0a, 0x20, 0x20
  .byte 0x20, 0x20, 0x20, 0x20, 0x20, 0x20, 0x20, 0x20, 0x20, 0x20, 0x20, 0x20, 0x20, 0x20, 0x20, 0x20
  .byte 0x7b, 0x2e, 0x2e, 0x2e, 0x61, 0x6e, 0x69, 0x6d, 0x61, 0x74, 0x69, 0x6f, 0x6e, 0x43, 0x6f, 0x6e
  .byte 0x66, 0x69, 0x67, 0x7d, 0x0a, 0x20, 0x20, 0x20, 0x20, 0x20, 0x20, 0x20, 0x20, 0x20, 0x20, 0x20
  .byte 0x20, 0x20, 0x20, 0x20, 0x20, 0x20, 0x20, 0x61, 0x63, 0x74, 0x69, 0x76, 0x65, 0x49, 0x6e, 0x64
  .byte 0x65, 0x78, 0x3d, 0x7b, 0x61, 0x63, 0x74, 0x69, 0x76, 0x65, 0x49, 0x6e, 0x64, 0x65, 0x78, 0x20
  .byte 0x3f, 0x3f, 0x20, 0x75, 0x6e, 0x64, 0x65, 0x66, 0x69, 0x6e, 0x65, 0x64, 0x7d, 0x0a, 0x20, 0x20
  .byte 0x20, 0x20, 0x20, 0x20, 0x20, 0x20, 0x20, 0x20, 0x20, 0x20, 0x20, 0x20, 0x20, 0x20, 0x20, 0x20
  .byte 0x6f, 0x6e, 0x4d, 0x6f, 0x75, 0x73, 0x65, 0x45, 0x6e, 0x74, 0x65, 0x72, 0x3d, 0x7b, 0x68, 0x61
  .byte 0x6e, 0x64, 0x6c, 0x65, 0x43, 0x68, 0x61, 0x72, 0x74, 0x4d, 0x6f, 0x75, 0x73, 0x65, 0x45, 0x6e
  .byte 0x74, 0x65, 0x72, 0x7d, 0x0a, 0x20, 0x20, 0x20, 0x20, 0x20, 0x20, 0x20, 0x20, 0x20, 0x20, 0x20
  .byte 0x20, 0x20, 0x20, 0x20, 0x20, 0x20, 0x20, 0x6f, 0x6e, 0x4d, 0x6f, 0x75, 0x73, 0x65, 0x4c, 0x65
  .byte 0x61, 0x76, 0x65, 0x3d, 0x7b, 0x68, 0x61, 0x6e, 0x64, 0x6c, 0x65, 0x43, 0x68, 0x61, 0x72, 0x74
  .byte 0x4d, 0x6f, 0x75, 0x73, 0x65, 0x4c, 0x65, 0x61, 0x76, 0x65, 0x7d, 0x0a, 0x20, 0x20, 0x20, 0x20
  .byte 0x20, 0x20, 0x20, 0x20, 0x20, 0x20, 0x20, 0x20, 0x20, 0x20, 0x20, 0x20, 0x20, 0x20, 0x6f, 0x6e
  .byte 0x43, 0x6c, 0x69, 0x63, 0x6b, 0x3d, 0x7b, 0x65, 0x76, 0x65, 0x6e, 0x74, 0x48, 0x61, 0x6e, 0x64
  .byte 0x6c, 0x65, 0x72, 0x73, 0x2e, 0x6f, 0x6e, 0x43, 0x6c, 0x69, 0x63, 0x6b, 0x7d, 0x0a, 0x20, 0x20
  .byte 0x20, 0x20, 0x20, 0x20, 0x20, 0x20, 0x20, 0x20, 0x20, 0x20, 0x20, 0x20, 0x20, 0x20, 0x3e, 0x0a
  .byte 0x20, 0x20, 0x20, 0x20, 0x20, 0x20, 0x20, 0x20, 0x20, 0x20, 0x20, 0x20, 0x20, 0x20, 0x20, 0x20
  .byte 0x20, 0x20, 0x7b, 0x74, 0x72, 0x61, 0x6e, 0x73, 0x66, 0x6f, 0x72, 0x6d, 0x65, 0x64, 0x44, 0x61
  .byte 0x74, 0x61, 0x2e, 0x6d, 0x61, 0x70, 0x28, 0x28, 0x65, 0x6e, 0x74, 0x72, 0x79, 0x2c, 0x20, 0x69
  .byte 0x6e, 0x64, 0x65, 0x78, 0x29, 0x20, 0x3d, 0x3e, 0x20, 0x7b, 0x0a, 0x20, 0x20, 0x20, 0x20, 0x20
  .byte 0x20, 0x20, 0x20, 0x20, 0x20, 0x20, 0x20, 0x20, 0x20, 0x20, 0x20, 0x20, 0x20, 0x20, 0x20, 0x63
  .byte 0x6f, 0x6e, 0x73, 0x74, 0x20, 0x63, 0x61, 0x74, 0x65, 0x67, 0x6f, 0x72, 0x79, 0x56, 0x61, 0x6c
  .byte 0x75, 0x65, 0x20, 0x3d, 0x20, 0x53, 0x74, 0x72, 0x69, 0x6e, 0x67, 0x28, 0x65, 0x6e, 0x74, 0x72
  .byte 0x79, 0x5b, 0x63, 0x61, 0x74, 0x65, 0x67, 0x6f, 0x72, 0x79, 0x4b, 0x65, 0x79, 0x20, 0x61, 0x73
  .byte 0x20, 0x6b, 0x65, 0x79, 0x6f, 0x66, 0x20, 0x74, 0x79, 0x70, 0x65, 0x6f, 0x66, 0x20, 0x65, 0x6e
  .byte 0x74, 0x72, 0x79, 0x5d, 0x20, 0x7c, 0x7c, 0x20, 0x22, 0x22, 0x29, 0x3b, 0x0a, 0x20, 0x20, 0x20
  .byte 0x20, 0x20, 0x20, 0x20, 0x20, 0x20, 0x20, 0x20, 0x20, 0x20, 0x20, 0x20, 0x20, 0x20, 0x20, 0x20
  .byte 0x20, 0x63, 0x6f, 0x6e, 0x73, 0x74, 0x20, 0x63, 0x6f, 0x6e, 0x66, 0x69, 0x67, 0x20, 0x3d, 0x20
  .byte 0x63, 0x68, 0x61, 0x72, 0x74, 0x43, 0x6f, 0x6e, 0x66, 0x69, 0x67, 0x5b, 0x63, 0x61, 0x74, 0x65
  .byte 0x67, 0x6f, 0x72, 0x79, 0x56, 0x61, 0x6c, 0x75, 0x65, 0x5d, 0x3b, 0x0a, 0x20, 0x20, 0x20, 0x20
  .byte 0x20, 0x20, 0x20, 0x20, 0x20, 0x20, 0x20, 0x20, 0x20, 0x20, 0x20, 0x20, 0x20, 0x20, 0x20, 0x20
  .byte 0x63, 0x6f, 0x6e, 0x73, 0x74, 0x20, 0x68, 0x6f, 0x76, 0x65, 0x72, 0x53, 0x74, 0x79, 0x6c, 0x65
  .byte 0x73, 0x20, 0x3d, 0x20, 0x67, 0x65, 0x74, 0x52, 0x61, 0x64, 0x69, 0x61, 0x6c, 0x48, 0x6f, 0x76
  .byte 0x65, 0x72, 0x53, 0x74, 0x79, 0x6c, 0x65, 0x73, 0x28, 0x69, 0x6e, 0x64, 0x65, 0x78, 0x2c, 0x20
  .byte 0x61, 0x63, 0x74, 0x69, 0x76, 0x65, 0x49, 0x6e, 0x64, 0x65, 0x78, 0x29, 0x3b, 0x0a, 0x20, 0x20
  .byte 0x20, 0x20, 0x20, 0x20, 0x20, 0x20, 0x20, 0x20, 0x20, 0x20, 0x20, 0x20, 0x20, 0x20, 0x20, 0x20
  .byte 0x20, 0x20, 0x63, 0x6f, 0x6e, 0x73, 0x74, 0x20, 0x66, 0x69, 0x6c, 0x6c, 0x20, 0x3d, 0x20, 0x63
  .byte 0x6f, 0x6e, 0x66, 0x69, 0x67, 0x3f, 0x2e, 0x63, 0x6f, 0x6c, 0x6f, 0x72, 0x20, 0x7c, 0x7c, 0x20
  .byte 0x63, 0x6f, 0x6c, 0x6f, 0x72, 0x73, 0x5b, 0x69, 0x6e, 0x64, 0x65, 0x78, 0x5d, 0x3b, 0x0a, 0x20
  .byte 0x20, 0x20, 0x20, 0x20, 0x20, 0x20, 0x20, 0x20, 0x20, 0x20, 0x20, 0x20, 0x20, 0x20, 0x20, 0x20
  .byte 0x20, 0x20, 0x20, 0x72, 0x65, 0x74, 0x75, 0x72, 0x6e, 0x20, 0x28, 0x0a, 0x20, 0x20, 0x20, 0x20
  .byte 0x20, 0x20, 0x20, 0x20, 0x20, 0x20, 0x20, 0x20, 0x20, 0x20, 0x20, 0x20, 0x20, 0x20, 0x20, 0x20
  .byte 0x20, 0x20, 0x3c, 0x43, 0x65, 0x6c, 0x6c, 0x20, 0x6b, 0x65, 0x79, 0x3d, 0x7b, 0x60, 0x63, 0x65
  .byte 0x6c, 0x6c, 0x2d, 0x24, 0x7b, 0x69, 0x6e, 0x64, 0x65, 0x78, 0x7d, 0x60, 0x7d, 0x20, 0x66, 0x69
  .byte 0x6c, 0x6c, 0x3d, 0x7b, 0x66, 0x69, 0x6c, 0x6c, 0x7d, 0x20, 0x7b, 0x2e, 0x2e, 0x2e, 0x68, 0x6f
  .byte 0x76, 0x65, 0x72, 0x53, 0x74, 0x79, 0x6c, 0x65, 0x73, 0x7d, 0x20, 0x73, 0x74, 0x72, 0x6f, 0x6b
  .byte 0x65, 0x3d, 0x22, 0x6e, 0x6f, 0x6e, 0x65, 0x22, 0x20, 0x2f, 0x3e, 0x0a, 0x20, 0x20, 0x20, 0x20
  .byte 0x20, 0x20, 0x20, 0x20, 0x20, 0x20, 0x20, 0x20, 0x20, 0x20, 0x20, 0x20, 0x20, 0x20, 0x20, 0x20
  .byte 0x29, 0x3b, 0x0a, 0x20, 0x20, 0x20, 0x20, 0x20, 0x20, 0x20, 0x20, 0x20, 0x20, 0x20, 0x20, 0x20
  .byte 0x20, 0x20, 0x20, 0x20, 0x20, 0x7d, 0x29, 0x7d, 0x0a, 0x20, 0x20, 0x20, 0x20, 0x20, 0x20, 0x20
  .byte 0x20, 0x20, 0x20, 0x20, 0x20, 0x20, 0x20, 0x20, 0x20, 0x3c, 0x2f, 0x52, 0x61, 0x64, 0x69, 0x61
  .byte 0x6c, 0x42, 0x61, 0x72, 0x3e, 0x0a, 0x20, 0x20, 0x20, 0x20, 0x20, 0x20, 0x20, 0x20, 0x20, 0x20
  .byte 0x20, 0x20, 0x20, 0x20, 0x3c, 0x2f, 0x52, 0x61, 0x64, 0x69, 0x61, 0x6c, 0x42, 0x61, 0x72, 0x43
  .byte 0x68, 0x61, 0x72, 0x74, 0x3e, 0x0a, 0x20, 0x20, 0x20, 0x20, 0x20, 0x20, 0x20, 0x20, 0x20, 0x20
  .byte 0x20, 0x20, 0x3c, 0x2f, 0x43, 0x68, 0x61, 0x72, 0x74, 0x43, 0x6f, 0x6e, 0x74, 0x61, 0x69, 0x6e
  .byte 0x65, 0x72, 0x3e, 0x0a, 0x20, 0x20, 0x20, 0x20, 0x20, 0x20, 0x20, 0x20, 0x20, 0x20, 0x3c, 0x2f
  .byte 0x64, 0x69, 0x76, 0x3e, 0x0a, 0x20, 0x20, 0x20, 0x20, 0x20, 0x20, 0x20, 0x20, 0x3c, 0x2f, 0x64
  .byte 0x69, 0x76, 0x3e, 0x0a, 0x20, 0x20, 0x20, 0x20, 0x20, 0x20, 0x3c, 0x2f, 0x64, 0x69, 0x76, 0x3e
  .byte 0x0a, 0x20, 0x20, 0x20, 0x20, 0x20, 0x20, 0x7b, 0x72, 0x65, 0x6e, 0x64, 0x65, 0x72, 0x4c, 0x65
  .byte 0x67, 0x65, 0x6e, 0x64, 0x28, 0x29, 0x7d, 0x0a, 0x20, 0x20, 0x20, 0x20, 0x3c, 0x2f, 0x64, 0x69
  .byte 0x76, 0x3e, 0x0a, 0x20, 0x20, 0x29, 0x3b, 0x0a, 0x7d, 0x3b, 0x0a

  .globl openui_full_port_packages_react_ui_src_components_Charts_RadialChart_RadialChart_tsx_80e2effc7daf_pass_2_len
openui_full_port_packages_react_ui_src_components_Charts_RadialChart_RadialChart_tsx_80e2effc7daf_pass_2_len:
  .quad 13227

# assembly pass: 3/4
  .globl openui_full_port_packages_react_ui_src_components_Charts_RadialChart_RadialChart_tsx_80e2effc7daf_pass_3
openui_full_port_packages_react_ui_src_components_Charts_RadialChart_RadialChart_tsx_80e2effc7daf_pass_3:
  .byte 0x69, 0x6d, 0x70, 0x6f, 0x72, 0x74, 0x20, 0x63, 0x6c, 0x73, 0x78, 0x20, 0x66, 0x72, 0x6f, 0x6d
  .byte 0x20, 0x22, 0x63, 0x6c, 0x73, 0x78, 0x22, 0x3b, 0x0a, 0x69, 0x6d, 0x70, 0x6f, 0x72, 0x74, 0x20
  .byte 0x7b, 0x20, 0x75, 0x73, 0x65, 0x43, 0x61, 0x6c, 0x6c, 0x62, 0x61, 0x63, 0x6b, 0x2c, 0x20, 0x75
  .byte 0x73, 0x65, 0x45, 0x66, 0x66, 0x65, 0x63, 0x74, 0x2c, 0x20, 0x75, 0x73, 0x65, 0x4d, 0x65, 0x6d
  .byte 0x6f, 0x2c, 0x20, 0x75, 0x73, 0x65, 0x52, 0x65, 0x66, 0x2c, 0x20, 0x75, 0x73, 0x65, 0x53, 0x74
  .byte 0x61, 0x74, 0x65, 0x20, 0x7d, 0x20, 0x66, 0x72, 0x6f, 0x6d, 0x20, 0x22, 0x72, 0x65, 0x61, 0x63
  .byte 0x74, 0x22, 0x3b, 0x0a, 0x69, 0x6d, 0x70, 0x6f, 0x72, 0x74, 0x20, 0x7b, 0x20, 0x43, 0x65, 0x6c
  .byte 0x6c, 0x2c, 0x20, 0x50, 0x6f, 0x6c, 0x61, 0x72, 0x47, 0x72, 0x69, 0x64, 0x2c, 0x20, 0x52, 0x61
  .byte 0x64, 0x69, 0x61, 0x6c, 0x42, 0x61, 0x72, 0x2c, 0x20, 0x52, 0x61, 0x64, 0x69, 0x61, 0x6c, 0x42
  .byte 0x61, 0x72, 0x43, 0x68, 0x61, 0x72, 0x74, 0x2c, 0x20, 0x52, 0x65, 0x73, 0x70, 0x6f, 0x6e, 0x73
  .byte 0x69, 0x76, 0x65, 0x43, 0x6f, 0x6e, 0x74, 0x61, 0x69, 0x6e, 0x65, 0x72, 0x20, 0x7d, 0x20, 0x66
  .byte 0x72, 0x6f, 0x6d, 0x20, 0x22, 0x72, 0x65, 0x63, 0x68, 0x61, 0x72, 0x74, 0x73, 0x22, 0x3b, 0x0a
  .byte 0x69, 0x6d, 0x70, 0x6f, 0x72, 0x74, 0x20, 0x7b, 0x20, 0x75, 0x73, 0x65, 0x50, 0x72, 0x69, 0x6e
  .byte 0x74, 0x43, 0x6f, 0x6e, 0x74, 0x65, 0x78, 0x74, 0x20, 0x7d, 0x20, 0x66, 0x72, 0x6f, 0x6d, 0x20
  .byte 0x22, 0x2e, 0x2e, 0x2f, 0x2e, 0x2e, 0x2f, 0x2e, 0x2e, 0x2f, 0x63, 0x6f, 0x6e, 0x74, 0x65, 0x78
  .byte 0x74, 0x2f, 0x50, 0x72, 0x69, 0x6e, 0x74, 0x43, 0x6f, 0x6e, 0x74, 0x65, 0x78, 0x74, 0x22, 0x3b
  .byte 0x0a, 0x69, 0x6d, 0x70, 0x6f, 0x72, 0x74, 0x20, 0x7b, 0x20, 0x43, 0x68, 0x61, 0x72, 0x74, 0x43
  .byte 0x6f, 0x6e, 0x74, 0x61, 0x69, 0x6e, 0x65, 0x72, 0x2c, 0x20, 0x43, 0x68, 0x61, 0x72, 0x74, 0x54
  .byte 0x6f, 0x6f, 0x6c, 0x74, 0x69, 0x70, 0x2c, 0x20, 0x43, 0x68, 0x61, 0x72, 0x74, 0x54, 0x6f, 0x6f
  .byte 0x6c, 0x74, 0x69, 0x70, 0x43, 0x6f, 0x6e, 0x74, 0x65, 0x6e, 0x74, 0x20, 0x7d, 0x20, 0x66, 0x72
  .byte 0x6f, 0x6d, 0x20, 0x22, 0x2e, 0x2e, 0x2f, 0x43, 0x68, 0x61, 0x72, 0x74, 0x73, 0x22, 0x3b, 0x0a
  .byte 0x69, 0x6d, 0x70, 0x6f, 0x72, 0x74, 0x20, 0x7b, 0x20, 0x75, 0x73, 0x65, 0x45, 0x78, 0x70, 0x6f
  .byte 0x72, 0x74, 0x43, 0x68, 0x61, 0x72, 0x74, 0x44, 0x61, 0x74, 0x61, 0x2c, 0x20, 0x75, 0x73, 0x65
  .byte 0x54, 0x72, 0x61, 0x6e, 0x73, 0x66, 0x6f, 0x72, 0x6d, 0x65, 0x64, 0x4b, 0x65, 0x79, 0x73, 0x20
  .byte 0x7d, 0x20, 0x66, 0x72, 0x6f, 0x6d, 0x20, 0x22, 0x2e, 0x2e, 0x2f, 0x68, 0x6f, 0x6f, 0x6b, 0x73
  .byte 0x22, 0x3b, 0x0a, 0x69, 0x6d, 0x70, 0x6f, 0x72, 0x74, 0x20, 0x7b, 0x20, 0x44, 0x65, 0x66, 0x61
  .byte 0x75, 0x6c, 0x74, 0x4c, 0x65, 0x67, 0x65, 0x6e, 0x64, 0x20, 0x7d, 0x20, 0x66, 0x72, 0x6f, 0x6d
  .byte 0x20, 0x22, 0x2e, 0x2e, 0x2f, 0x73, 0x68, 0x61, 0x72, 0x65, 0x64, 0x2f, 0x44, 0x65, 0x66, 0x61
  .byte 0x75, 0x6c, 0x74, 0x4c, 0x65, 0x67, 0x65, 0x6e, 0x64, 0x2f, 0x44, 0x65, 0x66, 0x61, 0x75, 0x6c
  .byte 0x74, 0x4c, 0x65, 0x67, 0x65, 0x6e, 0x64, 0x22, 0x3b, 0x0a, 0x69, 0x6d, 0x70, 0x6f, 0x72, 0x74
  .byte 0x20, 0x7b, 0x20, 0x53, 0x74, 0x61, 0x63, 0x6b, 0x65, 0x64, 0x4c, 0x65, 0x67, 0x65, 0x6e, 0x64
  .byte 0x20, 0x7d, 0x20, 0x66, 0x72, 0x6f, 0x6d, 0x20, 0x22, 0x2e, 0x2e, 0x2f, 0x73, 0x68, 0x61, 0x72
  .byte 0x65, 0x64, 0x2f, 0x53, 0x74, 0x61, 0x63, 0x6b, 0x65, 0x64, 0x4c, 0x65, 0x67, 0x65, 0x6e, 0x64
  .byte 0x2f, 0x53, 0x74, 0x61, 0x63, 0x6b, 0x65, 0x64, 0x4c, 0x65, 0x67, 0x65, 0x6e, 0x64, 0x22, 0x3b
  .byte 0x0a, 0x69, 0x6d, 0x70, 0x6f, 0x72, 0x74, 0x20, 0x7b, 0x20, 0x4c, 0x65, 0x67, 0x65, 0x6e, 0x64
  .byte 0x49, 0x74, 0x65, 0x6d, 0x20, 0x7d, 0x20, 0x66, 0x72, 0x6f, 0x6d, 0x20, 0x22, 0x2e, 0x2e, 0x2f
  .byte 0x74, 0x79, 0x70, 0x65, 0x73, 0x2f, 0x4c, 0x65, 0x67, 0x65, 0x6e, 0x64, 0x22, 0x3b, 0x0a, 0x69
  .byte 0x6d, 0x70, 0x6f, 0x72, 0x74, 0x20, 0x7b, 0x20, 0x67, 0x65, 0x74, 0x43, 0x61, 0x74, 0x65, 0x67
  .byte 0x6f, 0x72, 0x69, 0x63, 0x61, 0x6c, 0x43, 0x68, 0x61, 0x72, 0x74, 0x43, 0x6f, 0x6e, 0x66, 0x69
  .byte 0x67, 0x20, 0x7d, 0x20, 0x66, 0x72, 0x6f, 0x6d, 0x20, 0x22, 0x2e, 0x2e, 0x2f, 0x75, 0x74, 0x69
  .byte 0x6c, 0x73, 0x2f, 0x64, 0x61, 0x74, 0x61, 0x55, 0x74, 0x69, 0x6c, 0x73, 0x22, 0x3b, 0x0a, 0x69
  .byte 0x6d, 0x70, 0x6f, 0x72, 0x74, 0x20, 0x7b, 0x20, 0x50, 0x61, 0x6c, 0x65, 0x74, 0x74, 0x65, 0x4e
  .byte 0x61, 0x6d, 0x65, 0x2c, 0x20, 0x75, 0x73, 0x65, 0x43, 0x68, 0x61, 0x72, 0x74, 0x50, 0x61, 0x6c
  .byte 0x65, 0x74, 0x74, 0x65, 0x20, 0x7d, 0x20, 0x66, 0x72, 0x6f, 0x6d, 0x20, 0x22, 0x2e, 0x2e, 0x2f
  .byte 0x75, 0x74, 0x69, 0x6c, 0x73, 0x2f, 0x50, 0x61, 0x6c, 0x6c, 0x65, 0x74, 0x55, 0x74, 0x69, 0x6c
  .byte 0x73, 0x22, 0x3b, 0x0a, 0x69, 0x6d, 0x70, 0x6f, 0x72, 0x74, 0x20, 0x7b, 0x20, 0x52, 0x61, 0x64
  .byte 0x69, 0x61, 0x6c, 0x43, 0x68, 0x61, 0x72, 0x74, 0x44, 0x61, 0x74, 0x61, 0x20, 0x7d, 0x20, 0x66
  .byte 0x72, 0x6f, 0x6d, 0x20, 0x22, 0x2e, 0x2f, 0x74, 0x79, 0x70, 0x65, 0x73, 0x22, 0x3b, 0x0a, 0x69
  .byte 0x6d, 0x70, 0x6f, 0x72, 0x74, 0x20, 0x7b, 0x0a, 0x20, 0x20, 0x63, 0x61, 0x6c, 0x63, 0x75, 0x6c
  .byte 0x61, 0x74, 0x65, 0x52, 0x61, 0x64, 0x69, 0x61, 0x6c, 0x43, 0x68, 0x61, 0x72, 0x74, 0x44, 0x69
  .byte 0x6d, 0x65, 0x6e, 0x73, 0x69, 0x6f, 0x6e, 0x73, 0x2c, 0x0a, 0x20, 0x20, 0x63, 0x72, 0x65, 0x61
  .byte 0x74, 0x65, 0x52, 0x61, 0x64, 0x69, 0x61, 0x6c, 0x41, 0x6e, 0x69, 0x6d, 0x61, 0x74, 0x69, 0x6f
  .byte 0x6e, 0x43, 0x6f, 0x6e, 0x66, 0x69, 0x67, 0x2c, 0x0a, 0x20, 0x20, 0x63, 0x72, 0x65, 0x61, 0x74
  .byte 0x65, 0x52, 0x61, 0x64, 0x69, 0x61, 0x6c, 0x45, 0x76, 0x65, 0x6e, 0x74, 0x48, 0x61, 0x6e, 0x64
  .byte 0x6c, 0x65, 0x72, 0x73, 0x2c, 0x0a, 0x20, 0x20, 0x67, 0x65, 0x74, 0x52, 0x61, 0x64, 0x69, 0x61
  .byte 0x6c, 0x48, 0x6f, 0x76, 0x65, 0x72, 0x53, 0x74, 0x79, 0x6c, 0x65, 0x73, 0x2c, 0x0a, 0x20, 0x20
  .byte 0x74, 0x72, 0x61, 0x6e, 0x73, 0x66, 0x6f, 0x72, 0x6d, 0x52, 0x61, 0x64, 0x69, 0x61, 0x6c, 0x44
  .byte 0x61, 0x74, 0x61, 0x57, 0x69, 0x74, 0x68, 0x50, 0x65, 0x72, 0x63, 0x65, 0x6e, 0x74, 0x61, 0x67
  .byte 0x65, 0x73, 0x2c, 0x0a, 0x20, 0x20, 0x75, 0x73, 0x65, 0x52, 0x61, 0x64, 0x69, 0x61, 0x6c, 0x43
  .byte 0x68, 0x61, 0x72, 0x74, 0x48, 0x6f, 0x76, 0x65, 0x72, 0x2c, 0x0a, 0x7d, 0x20, 0x66, 0x72, 0x6f
  .byte 0x6d, 0x20, 0x22, 0x2e, 0x2f, 0x75, 0x74, 0x69, 0x6c, 0x73, 0x2f, 0x52, 0x61, 0x64, 0x69, 0x61
  .byte 0x6c, 0x43, 0x68, 0x61, 0x72, 0x74, 0x55, 0x74, 0x69, 0x6c, 0x73, 0x22, 0x3b, 0x0a, 0x0a, 0x65
  .byte 0x78, 0x70, 0x6f, 0x72, 0x74, 0x20, 0x69, 0x6e, 0x74, 0x65, 0x72, 0x66, 0x61, 0x63, 0x65, 0x20
  .byte 0x52, 0x61, 0x64, 0x69, 0x61, 0x6c, 0x43, 0x68, 0x61, 0x72, 0x74, 0x50, 0x72, 0x6f, 0x70, 0x73
  .byte 0x3c, 0x54, 0x20, 0x65, 0x78, 0x74, 0x65, 0x6e, 0x64, 0x73, 0x20, 0x52, 0x61, 0x64, 0x69, 0x61
  .byte 0x6c, 0x43, 0x68, 0x61, 0x72, 0x74, 0x44, 0x61, 0x74, 0x61, 0x3e, 0x20, 0x7b, 0x0a, 0x20, 0x20
  .byte 0x64, 0x61, 0x74, 0x61, 0x3a, 0x20, 0x54, 0x3b, 0x0a, 0x20, 0x20, 0x63, 0x61, 0x74, 0x65, 0x67
  .byte 0x6f, 0x72, 0x79, 0x4b, 0x65, 0x79, 0x3a, 0x20, 0x6b, 0x65, 0x79, 0x6f, 0x66, 0x20, 0x54, 0x5b
  .byte 0x6e, 0x75, 0x6d, 0x62, 0x65, 0x72, 0x5d, 0x3b, 0x0a, 0x20, 0x20, 0x64, 0x61, 0x74, 0x61, 0x4b
  .byte 0x65, 0x79, 0x3a, 0x20, 0x6b, 0x65, 0x79, 0x6f, 0x66, 0x20, 0x54, 0x5b, 0x6e, 0x75, 0x6d, 0x62
  .byte 0x65, 0x72, 0x5d, 0x3b, 0x0a, 0x20, 0x20, 0x74, 0x68, 0x65, 0x6d, 0x65, 0x3f, 0x3a, 0x20, 0x50
  .byte 0x61, 0x6c, 0x65, 0x74, 0x74, 0x65, 0x4e, 0x61, 0x6d, 0x65, 0x3b, 0x0a, 0x20, 0x20, 0x63, 0x75
  .byte 0x73, 0x74, 0x6f, 0x6d, 0x50, 0x61, 0x6c, 0x65, 0x74, 0x74, 0x65, 0x3f, 0x3a, 0x20, 0x73, 0x74
  .byte 0x72, 0x69, 0x6e, 0x67, 0x5b, 0x5d, 0x3b, 0x0a, 0x20, 0x20, 0x76, 0x61, 0x72, 0x69, 0x61, 0x6e
  .byte 0x74, 0x3f, 0x3a, 0x20, 0x22, 0x73, 0x65, 0x6d, 0x69, 0x63, 0x69, 0x72, 0x63, 0x6c, 0x65, 0x22
  .byte 0x20, 0x7c, 0x20, 0x22, 0x63, 0x69, 0x72, 0x63, 0x75, 0x6c, 0x61, 0x72, 0x22, 0x3b, 0x0a, 0x20
  .byte 0x20, 0x66, 0x6f, 0x72, 0x6d, 0x61, 0x74, 0x3f, 0x3a, 0x20, 0x22, 0x70, 0x65, 0x72, 0x63, 0x65
  .byte 0x6e, 0x74, 0x61, 0x67, 0x65, 0x22, 0x20, 0x7c, 0x20, 0x22, 0x6e, 0x75, 0x6d, 0x62, 0x65, 0x72
  .byte 0x22, 0x3b, 0x0a, 0x20, 0x20, 0x6c, 0x65, 0x67, 0x65, 0x6e, 0x64, 0x3f, 0x3a, 0x20, 0x62, 0x6f
  .byte 0x6f, 0x6c, 0x65, 0x61, 0x6e, 0x3b, 0x0a, 0x20, 0x20, 0x6c, 0x65, 0x67, 0x65, 0x6e, 0x64, 0x56
  .byte 0x61, 0x72, 0x69, 0x61, 0x6e, 0x74, 0x3f, 0x3a, 0x20, 0x22, 0x64, 0x65, 0x66, 0x61, 0x75, 0x6c
  .byte 0x74, 0x22, 0x20, 0x7c, 0x20, 0x22, 0x73, 0x74, 0x61, 0x63, 0x6b, 0x65, 0x64, 0x22, 0x3b, 0x0a
  .byte 0x20, 0x20, 0x67, 0x72, 0x69, 0x64, 0x3f, 0x3a, 0x20, 0x62, 0x6f, 0x6f, 0x6c, 0x65, 0x61, 0x6e
  .byte 0x3b, 0x0a, 0x20, 0x20, 0x69, 0x73, 0x41, 0x6e, 0x69, 0x6d, 0x61, 0x74, 0x69, 0x6f, 0x6e, 0x41
  .byte 0x63, 0x74, 0x69, 0x76, 0x65, 0x3f, 0x3a, 0x20, 0x62, 0x6f, 0x6f, 0x6c, 0x65, 0x61, 0x6e, 0x3b
  .byte 0x0a, 0x20, 0x20, 0x63, 0x6f, 0x72, 0x6e, 0x65, 0x72, 0x52, 0x61, 0x64, 0x69, 0x75, 0x73, 0x3f
  .byte 0x3a, 0x20, 0x6e, 0x75, 0x6d, 0x62, 0x65, 0x72, 0x3b, 0x0a, 0x20, 0x20, 0x6f, 0x6e, 0x4d, 0x6f
  .byte 0x75, 0x73, 0x65, 0x45, 0x6e, 0x74, 0x65, 0x72, 0x3f, 0x3a, 0x20, 0x28, 0x64, 0x61, 0x74, 0x61
  .byte 0x3a, 0x20, 0x61, 0x6e, 0x79, 0x2c, 0x20, 0x69, 0x6e, 0x64, 0x65, 0x78, 0x3a, 0x20, 0x6e, 0x75
  .byte 0x6d, 0x62, 0x65, 0x72, 0x29, 0x20, 0x3d, 0x3e, 0x20, 0x76, 0x6f, 0x69, 0x64, 0x3b, 0x0a, 0x20
  .byte 0x20, 0x6f, 0x6e, 0x4d, 0x6f, 0x75, 0x73, 0x65, 0x4c, 0x65, 0x61, 0x76, 0x65, 0x3f, 0x3a, 0x20
  .byte 0x28, 0x29, 0x20, 0x3d, 0x3e, 0x20, 0x76, 0x6f, 0x69, 0x64, 0x3b, 0x0a, 0x20, 0x20, 0x6f, 0x6e
  .byte 0x43, 0x6c, 0x69, 0x63, 0x6b, 0x3f, 0x3a, 0x20, 0x28, 0x64, 0x61, 0x74, 0x61, 0x3a, 0x20, 0x61
  .byte 0x6e, 0x79, 0x2c, 0x20, 0x69, 0x6e, 0x64, 0x65, 0x78, 0x3a, 0x20, 0x6e, 0x75, 0x6d, 0x62, 0x65
  .byte 0x72, 0x29, 0x20, 0x3d, 0x3e, 0x20, 0x76, 0x6f, 0x69, 0x64, 0x3b, 0x0a, 0x20, 0x20, 0x63, 0x6c
  .byte 0x61, 0x73, 0x73, 0x4e, 0x61, 0x6d, 0x65, 0x3f, 0x3a, 0x20, 0x73, 0x74, 0x72, 0x69, 0x6e, 0x67
  .byte 0x3b, 0x0a, 0x20, 0x20, 0x6d, 0x61, 0x78, 0x43, 0x68, 0x61, 0x72, 0x74, 0x53, 0x69, 0x7a, 0x65
  .byte 0x3f, 0x3a, 0x20, 0x6e, 0x75, 0x6d, 0x62, 0x65, 0x72, 0x3b, 0x0a, 0x20, 0x20, 0x6d, 0x69, 0x6e
  .byte 0x43, 0x68, 0x61, 0x72, 0x74, 0x53, 0x69, 0x7a, 0x65, 0x3f, 0x3a, 0x20, 0x6e, 0x75, 0x6d, 0x62
  .byte 0x65, 0x72, 0x3b, 0x0a, 0x20, 0x20, 0x68, 0x65, 0x69, 0x67, 0x68, 0x74, 0x3f, 0x3a, 0x20, 0x6e
  .byte 0x75, 0x6d, 0x62, 0x65, 0x72, 0x20, 0x7c, 0x20, 0x73, 0x74, 0x72, 0x69, 0x6e, 0x67, 0x3b, 0x0a
  .byte 0x20, 0x20, 0x77, 0x69, 0x64, 0x74, 0x68, 0x3f, 0x3a, 0x20, 0x6e, 0x75, 0x6d, 0x62, 0x65, 0x72
  .byte 0x20, 0x7c, 0x20, 0x73, 0x74, 0x72, 0x69, 0x6e, 0x67, 0x3b, 0x0a, 0x7d, 0x0a, 0x0a, 0x63, 0x6f
  .byte 0x6e, 0x73, 0x74, 0x20, 0x53, 0x54, 0x41, 0x43, 0x4b, 0x45, 0x44, 0x5f, 0x4c, 0x45, 0x47, 0x45
  .byte 0x4e, 0x44, 0x5f, 0x42, 0x52, 0x45, 0x41, 0x4b, 0x50, 0x4f, 0x49, 0x4e, 0x54, 0x20, 0x3d, 0x20
  .byte 0x34, 0x30, 0x30, 0x3b, 0x0a, 0x63, 0x6f, 0x6e, 0x73, 0x74, 0x20, 0x4d, 0x49, 0x4e, 0x5f, 0x43
  .byte 0x48, 0x41, 0x52, 0x54, 0x5f, 0x53, 0x49, 0x5a, 0x45, 0x20, 0x3d, 0x20, 0x31, 0x35, 0x30, 0x3b
  .byte 0x0a, 0x63, 0x6f, 0x6e, 0x73, 0x74, 0x20, 0x4d, 0x41, 0x58, 0x5f, 0x43, 0x48, 0x41, 0x52, 0x54
  .byte 0x5f, 0x53, 0x49, 0x5a, 0x45, 0x20, 0x3d, 0x20, 0x35, 0x30, 0x30, 0x3b, 0x0a, 0x0a, 0x65, 0x78
  .byte 0x70, 0x6f, 0x72, 0x74, 0x20, 0x63, 0x6f, 0x6e, 0x73, 0x74, 0x20, 0x52, 0x61, 0x64, 0x69, 0x61
  .byte 0x6c, 0x43, 0x68, 0x61, 0x72, 0x74, 0x20, 0x3d, 0x20, 0x3c, 0x54, 0x20, 0x65, 0x78, 0x74, 0x65
  .byte 0x6e, 0x64, 0x73, 0x20, 0x52, 0x61, 0x64, 0x69, 0x61, 0x6c, 0x43, 0x68, 0x61, 0x72, 0x74, 0x44
  .byte 0x61, 0x74, 0x61, 0x3e, 0x28, 0x7b, 0x0a, 0x20, 0x20, 0x64, 0x61, 0x74, 0x61, 0x2c, 0x0a, 0x20
  .byte 0x20, 0x63, 0x61, 0x74, 0x65, 0x67, 0x6f, 0x72, 0x79, 0x4b, 0x65, 0x79, 0x2c, 0x0a, 0x20, 0x20
  .byte 0x64, 0x61, 0x74, 0x61, 0x4b, 0x65, 0x79, 0x2c, 0x0a, 0x20, 0x20, 0x74, 0x68, 0x65, 0x6d, 0x65
  .byte 0x20, 0x3d, 0x20, 0x22, 0x6f, 0x63, 0x65, 0x61, 0x6e, 0x22, 0x2c, 0x0a, 0x20, 0x20, 0x63, 0x75
  .byte 0x73, 0x74, 0x6f, 0x6d, 0x50, 0x61, 0x6c, 0x65, 0x74, 0x74, 0x65, 0x2c, 0x0a, 0x20, 0x20, 0x76
  .byte 0x61, 0x72, 0x69, 0x61, 0x6e, 0x74, 0x20, 0x3d, 0x20, 0x22, 0x63, 0x69, 0x72, 0x63, 0x75, 0x6c
  .byte 0x61, 0x72, 0x22, 0x2c, 0x0a, 0x20, 0x20, 0x66, 0x6f, 0x72, 0x6d, 0x61, 0x74, 0x20, 0x3d, 0x20
  .byte 0x22, 0x6e, 0x75, 0x6d, 0x62, 0x65, 0x72, 0x22, 0x2c, 0x0a, 0x20, 0x20, 0x6c, 0x65, 0x67, 0x65
  .byte 0x6e, 0x64, 0x20, 0x3d, 0x20, 0x74, 0x72, 0x75, 0x65, 0x2c, 0x0a, 0x20, 0x20, 0x6c, 0x65, 0x67
  .byte 0x65, 0x6e, 0x64, 0x56, 0x61, 0x72, 0x69, 0x61, 0x6e, 0x74, 0x20, 0x3d, 0x20, 0x22, 0x73, 0x74
  .byte 0x61, 0x63, 0x6b, 0x65, 0x64, 0x22, 0x2c, 0x0a, 0x20, 0x20, 0x67, 0x72, 0x69, 0x64, 0x20, 0x3d
  .byte 0x20, 0x66, 0x61, 0x6c, 0x73, 0x65, 0x2c, 0x0a, 0x20, 0x20, 0x69, 0x73, 0x41, 0x6e, 0x69, 0x6d
  .byte 0x61, 0x74, 0x69, 0x6f, 0x6e, 0x41, 0x63, 0x74, 0x69, 0x76, 0x65, 0x20, 0x3d, 0x20, 0x66, 0x61
  .byte 0x6c, 0x73, 0x65, 0x2c, 0x0a, 0x20, 0x20, 0x63, 0x6f, 0x72, 0x6e, 0x65, 0x72, 0x52, 0x61, 0x64
  .byte 0x69, 0x75, 0x73, 0x20, 0x3d, 0x20, 0x31, 0x30, 0x2c, 0x0a, 0x20, 0x20, 0x6f, 0x6e, 0x4d, 0x6f
  .byte 0x75, 0x73, 0x65, 0x45, 0x6e, 0x74, 0x65, 0x72, 0x2c, 0x0a, 0x20, 0x20, 0x6f, 0x6e, 0x4d, 0x6f
  .byte 0x75, 0x73, 0x65, 0x4c, 0x65, 0x61, 0x76, 0x65, 0x2c, 0x0a, 0x20, 0x20, 0x6f, 0x6e, 0x43, 0x6c
  .byte 0x69, 0x63, 0x6b, 0x2c, 0x0a, 0x20, 0x20, 0x63, 0x6c, 0x61, 0x73, 0x73, 0x4e, 0x61, 0x6d, 0x65
  .byte 0x2c, 0x0a, 0x20, 0x20, 0x6d, 0x61, 0x78, 0x43, 0x68, 0x61, 0x72, 0x74, 0x53, 0x69, 0x7a, 0x65
  .byte 0x20, 0x3d, 0x20, 0x4d, 0x41, 0x58, 0x5f, 0x43, 0x48, 0x41, 0x52, 0x54, 0x5f, 0x53, 0x49, 0x5a
  .byte 0x45, 0x2c, 0x0a, 0x20, 0x20, 0x6d, 0x69, 0x6e, 0x43, 0x68, 0x61, 0x72, 0x74, 0x53, 0x69, 0x7a
  .byte 0x65, 0x20, 0x3d, 0x20, 0x4d, 0x49, 0x4e, 0x5f, 0x43, 0x48, 0x41, 0x52, 0x54, 0x5f, 0x53, 0x49
  .byte 0x5a, 0x45, 0x2c, 0x0a, 0x20, 0x20, 0x68, 0x65, 0x69, 0x67, 0x68, 0x74, 0x2c, 0x0a, 0x20, 0x20
  .byte 0x77, 0x69, 0x64, 0x74, 0x68, 0x2c, 0x0a, 0x7d, 0x3a, 0x20, 0x52, 0x61, 0x64, 0x69, 0x61, 0x6c
  .byte 0x43, 0x68, 0x61, 0x72, 0x74, 0x50, 0x72, 0x6f, 0x70, 0x73, 0x3c, 0x54, 0x3e, 0x29, 0x20, 0x3d
  .byte 0x3e, 0x20, 0x7b, 0x0a, 0x20, 0x20, 0x63, 0x6f, 0x6e, 0x73, 0x74, 0x20, 0x70, 0x72, 0x69, 0x6e
  .byte 0x74, 0x43, 0x6f, 0x6e, 0x74, 0x65, 0x78, 0x74, 0x20, 0x3d, 0x20, 0x75, 0x73, 0x65, 0x50, 0x72
  .byte 0x69, 0x6e, 0x74, 0x43, 0x6f, 0x6e, 0x74, 0x65, 0x78, 0x74, 0x28, 0x29, 0x3b, 0x0a, 0x20, 0x20
  .byte 0x69, 0x73, 0x41, 0x6e, 0x69, 0x6d, 0x61, 0x74, 0x69, 0x6f, 0x6e, 0x41, 0x63, 0x74, 0x69, 0x76
  .byte 0x65, 0x20, 0x3d, 0x20, 0x70, 0x72, 0x69, 0x6e, 0x74, 0x43, 0x6f, 0x6e, 0x74, 0x65, 0x78, 0x74
  .byte 0x20, 0x3f, 0x20, 0x66, 0x61, 0x6c, 0x73, 0x65, 0x20, 0x3a, 0x20, 0x69, 0x73, 0x41, 0x6e, 0x69
  .byte 0x6d, 0x61, 0x74, 0x69, 0x6f, 0x6e, 0x41, 0x63, 0x74, 0x69, 0x76, 0x65, 0x3b, 0x0a, 0x0a, 0x20
  .byte 0x20, 0x63, 0x6f, 0x6e, 0x73, 0x74, 0x20, 0x77, 0x72, 0x61, 0x70, 0x70, 0x65, 0x72, 0x52, 0x65
  .byte 0x66, 0x20, 0x3d, 0x20, 0x75, 0x73, 0x65, 0x52, 0x65, 0x66, 0x3c, 0x48, 0x54, 0x4d, 0x4c, 0x44
  .byte 0x69, 0x76, 0x45, 0x6c, 0x65, 0x6d, 0x65, 0x6e, 0x74, 0x3e, 0x28, 0x6e, 0x75, 0x6c, 0x6c, 0x29
  .byte 0x3b, 0x0a, 0x20, 0x20, 0x63, 0x6f, 0x6e, 0x73, 0x74, 0x20, 0x5b, 0x77, 0x72, 0x61, 0x70, 0x70
  .byte 0x65, 0x72, 0x52, 0x65, 0x63, 0x74, 0x2c, 0x20, 0x73, 0x65, 0x74, 0x57, 0x72, 0x61, 0x70, 0x70
  .byte 0x65, 0x72, 0x52, 0x65, 0x63, 0x74, 0x5d, 0x20, 0x3d, 0x20, 0x75, 0x73, 0x65, 0x53, 0x74, 0x61
  .byte 0x74, 0x65, 0x28, 0x7b, 0x20, 0x77, 0x69, 0x64, 0x74, 0x68, 0x3a, 0x20, 0x30, 0x2c, 0x20, 0x68
  .byte 0x65, 0x69, 0x67, 0x68, 0x74, 0x3a, 0x20, 0x30, 0x20, 0x7d, 0x29, 0x3b, 0x0a, 0x20, 0x20, 0x63
  .byte 0x6f, 0x6e, 0x73, 0x74, 0x20, 0x5b, 0x68, 0x6f, 0x76, 0x65, 0x72, 0x65, 0x64, 0x4c, 0x65, 0x67
  .byte 0x65, 0x6e, 0x64, 0x4b, 0x65, 0x79, 0x2c, 0x20, 0x73, 0x65, 0x74, 0x48, 0x6f, 0x76, 0x65, 0x72
  .byte 0x65, 0x64, 0x4c, 0x65, 0x67, 0x65, 0x6e, 0x64, 0x4b, 0x65, 0x79, 0x5d, 0x20, 0x3d, 0x20, 0x75
  .byte 0x73, 0x65, 0x53, 0x74, 0x61, 0x74, 0x65, 0x3c, 0x73, 0x74, 0x72, 0x69, 0x6e, 0x67, 0x20, 0x7c
  .byte 0x20, 0x6e, 0x75, 0x6c, 0x6c, 0x3e, 0x28, 0x6e, 0x75, 0x6c, 0x6c, 0x29, 0x3b, 0x0a, 0x20, 0x20
  .byte 0x63, 0x6f, 0x6e, 0x73, 0x74, 0x20, 0x5b, 0x69, 0x73, 0x4c, 0x65, 0x67, 0x65, 0x6e, 0x64, 0x45
  .byte 0x78, 0x70, 0x61, 0x6e, 0x64, 0x65, 0x64, 0x2c, 0x20, 0x73, 0x65, 0x74, 0x49, 0x73, 0x4c, 0x65
  .byte 0x67, 0x65, 0x6e, 0x64, 0x45, 0x78, 0x70, 0x61, 0x6e, 0x64, 0x65, 0x64, 0x5d, 0x20, 0x3d, 0x20
  .byte 0x75, 0x73, 0x65, 0x53, 0x74, 0x61, 0x74, 0x65, 0x28, 0x66, 0x61, 0x6c, 0x73, 0x65, 0x29, 0x3b
  .byte 0x0a, 0x20, 0x20, 0x63, 0x6f, 0x6e, 0x73, 0x74, 0x20, 0x7b, 0x20, 0x61, 0x63, 0x74, 0x69, 0x76
  .byte 0x65, 0x49, 0x6e, 0x64, 0x65, 0x78, 0x2c, 0x20, 0x68, 0x61, 0x6e, 0x64, 0x6c, 0x65, 0x4d, 0x6f
  .byte 0x75, 0x73, 0x65, 0x45, 0x6e, 0x74, 0x65, 0x72, 0x2c, 0x20, 0x68, 0x61, 0x6e, 0x64, 0x6c, 0x65
  .byte 0x4d, 0x6f, 0x75, 0x73, 0x65, 0x4c, 0x65, 0x61, 0x76, 0x65, 0x20, 0x7d, 0x20, 0x3d, 0x20, 0x75
  .byte 0x73, 0x65, 0x52, 0x61, 0x64, 0x69, 0x61, 0x6c, 0x43, 0x68, 0x61, 0x72, 0x74, 0x48, 0x6f, 0x76
  .byte 0x65, 0x72, 0x28, 0x29, 0x3b, 0x0a, 0x0a, 0x20, 0x20, 0x2f, 0x2f, 0x20, 0x44, 0x65, 0x74, 0x65
  .byte 0x72, 0x6d, 0x69, 0x6e, 0x65, 0x20, 0x6c, 0x61, 0x79, 0x6f, 0x75, 0x74, 0x20, 0x6d, 0x6f, 0x64
  .byte 0x65, 0x20, 0x62, 0x61, 0x73, 0x65, 0x64, 0x20, 0x6f, 0x6e, 0x20, 0x63, 0x6f, 0x6e, 0x74, 0x61
  .byte 0x69, 0x6e, 0x65, 0x72, 0x20, 0x77, 0x69, 0x64, 0x74, 0x68, 0x0a, 0x20, 0x20, 0x63, 0x6f, 0x6e
  .byte 0x73, 0x74, 0x20, 0x69, 0x73, 0x52, 0x6f, 0x77, 0x4c, 0x61, 0x79, 0x6f, 0x75, 0x74, 0x20, 0x3d
  .byte 0x0a, 0x20, 0x20, 0x20, 0x20, 0x6c, 0x65, 0x67, 0x65, 0x6e, 0x64, 0x20, 0x26, 0x26, 0x20, 0x6c
  .byte 0x65, 0x67, 0x65, 0x6e, 0x64, 0x56, 0x61, 0x72, 0x69, 0x61, 0x6e, 0x74, 0x20, 0x3d, 0x3d, 0x3d
  .byte 0x20, 0x22, 0x73, 0x74, 0x61, 0x63, 0x6b, 0x65, 0x64, 0x22, 0x20, 0x26, 0x26, 0x20, 0x77, 0x72
  .byte 0x61, 0x70, 0x70, 0x65, 0x72, 0x52, 0x65, 0x63, 0x74, 0x2e, 0x77, 0x69, 0x64, 0x74, 0x68, 0x20
  .byte 0x3e, 0x3d, 0x20, 0x53, 0x54, 0x41, 0x43, 0x4b, 0x45, 0x44, 0x5f, 0x4c, 0x45, 0x47, 0x45, 0x4e
  .byte 0x44, 0x5f, 0x42, 0x52, 0x45, 0x41, 0x4b, 0x50, 0x4f, 0x49, 0x4e, 0x54, 0x3b, 0x0a, 0x0a, 0x20
  .byte 0x20, 0x2f, 0x2f, 0x20, 0x53, 0x6f, 0x72, 0x74, 0x20, 0x64, 0x61, 0x74, 0x61, 0x20, 0x62, 0x79
  .byte 0x20, 0x76, 0x61, 0x6c, 0x75, 0x65, 0x20, 0x28, 0x68, 0x69, 0x67, 0x68, 0x65, 0x73, 0x74, 0x20
  .byte 0x74, 0x6f, 0x20, 0x6c, 0x6f, 0x77, 0x65, 0x73, 0x74, 0x29, 0x20, 0x66, 0x6f, 0x72, 0x20, 0x72
  .byte 0x61, 0x64, 0x69, 0x61, 0x6c, 0x20, 0x63, 0x68, 0x61, 0x72, 0x74, 0x20, 0x72, 0x65, 0x6e, 0x64
  .byte 0x65, 0x72, 0x69, 0x6e, 0x67, 0x0a, 0x20, 0x20, 0x63, 0x6f, 0x6e, 0x73, 0x74, 0x20, 0x73, 0x6f
  .byte 0x72, 0x74, 0x65, 0x64, 0x50, 0x72, 0x6f, 0x63, 0x65, 0x73, 0x73, 0x65, 0x64, 0x44, 0x61, 0x74
  .byte 0x61, 0x20, 0x3d, 0x20, 0x75, 0x73, 0x65, 0x4d, 0x65, 0x6d, 0x6f, 0x28, 0x0a, 0x20, 0x20, 0x20
  .byte 0x20, 0x28, 0x29, 0x20, 0x3d, 0x3e, 0x20, 0x5b, 0x2e, 0x2e, 0x2e, 0x64, 0x61, 0x74, 0x61, 0x5d
  .byte 0x2e, 0x73, 0x6f, 0x72, 0x74, 0x28, 0x28, 0x61, 0x2c, 0x20, 0x62, 0x29, 0x20, 0x3d, 0x3e, 0x20
  .byte 0x4e, 0x75, 0x6d, 0x62, 0x65, 0x72, 0x28, 0x62, 0x5b, 0x64, 0x61, 0x74, 0x61, 0x4b, 0x65, 0x79
  .byte 0x5d, 0x29, 0x20, 0x2d, 0x20, 0x4e, 0x75, 0x6d, 0x62, 0x65, 0x72, 0x28, 0x61, 0x5b, 0x64, 0x61
  .byte 0x74, 0x61, 0x4b, 0x65, 0x79, 0x5d, 0x29, 0x29, 0x2c, 0x0a, 0x20, 0x20, 0x20, 0x20, 0x5b, 0x64
  .byte 0x61, 0x74, 0x61, 0x2c, 0x20, 0x64, 0x61, 0x74, 0x61, 0x4b, 0x65, 0x79, 0x5d, 0x2c, 0x0a, 0x20
  .byte 0x20, 0x29, 0x3b, 0x0a, 0x0a, 0x20, 0x20, 0x63, 0x6f, 0x6e, 0x73, 0x74, 0x20, 0x63, 0x61, 0x74
  .byte 0x65, 0x67, 0x6f, 0x72, 0x69, 0x65, 0x73, 0x20, 0x3d, 0x20, 0x75, 0x73, 0x65, 0x4d, 0x65, 0x6d
  .byte 0x6f, 0x28, 0x0a, 0x20, 0x20, 0x20, 0x20, 0x28, 0x29, 0x20, 0x3d, 0x3e, 0x20, 0x73, 0x6f, 0x72
  .byte 0x74, 0x65, 0x64, 0x50, 0x72, 0x6f, 0x63, 0x65, 0x73, 0x73, 0x65, 0x64, 0x44, 0x61, 0x74, 0x61
  .byte 0x2e, 0x6d, 0x61, 0x70, 0x28, 0x28, 0x69, 0x74, 0x65, 0x6d, 0x29, 0x20, 0x3d, 0x3e, 0x20, 0x53
  .byte 0x74, 0x72, 0x69, 0x6e, 0x67, 0x28, 0x69, 0x74, 0x65, 0x6d, 0x5b, 0x63, 0x61, 0x74, 0x65, 0x67
  .byte 0x6f, 0x72, 0x79, 0x4b, 0x65, 0x79, 0x5d, 0x29, 0x29, 0x2c, 0x0a, 0x20, 0x20, 0x20, 0x20, 0x5b
  .byte 0x73, 0x6f, 0x72, 0x74, 0x65, 0x64, 0x50, 0x72, 0x6f, 0x63, 0x65, 0x73, 0x73, 0x65, 0x64, 0x44
  .byte 0x61, 0x74, 0x61, 0x2c, 0x20, 0x63, 0x61, 0x74, 0x65, 0x67, 0x6f, 0x72, 0x79, 0x4b, 0x65, 0x79
  .byte 0x5d, 0x2c, 0x0a, 0x20, 0x20, 0x29, 0x3b, 0x0a, 0x20, 0x20, 0x63, 0x6f, 0x6e, 0x73, 0x74, 0x20
  .byte 0x74, 0x72, 0x61, 0x6e, 0x73, 0x66, 0x6f, 0x72, 0x6d, 0x65, 0x64, 0x4b, 0x65, 0x79, 0x73, 0x20
  .byte 0x3d, 0x20, 0x75, 0x73, 0x65, 0x54, 0x72, 0x61, 0x6e, 0x73, 0x66, 0x6f, 0x72, 0x6d, 0x65, 0x64
  .byte 0x4b, 0x65, 0x79, 0x73, 0x28, 0x63, 0x61, 0x74, 0x65, 0x67, 0x6f, 0x72, 0x69, 0x65, 0x73, 0x29
  .byte 0x3b, 0x0a, 0x0a, 0x20, 0x20, 0x2f, 0x2f, 0x20, 0x4d, 0x65, 0x6d, 0x6f, 0x69, 0x7a, 0x65, 0x20
  .byte 0x73, 0x74, 0x72, 0x69, 0x6e, 0x67, 0x20, 0x63, 0x6f, 0x6e, 0x76, 0x65, 0x72, 0x73, 0x69, 0x6f
  .byte 0x6e, 0x73, 0x20, 0x74, 0x6f, 0x20, 0x61, 0x76, 0x6f, 0x69, 0x64, 0x20, 0x72, 0x65, 0x70, 0x65
  .byte 0x61, 0x74, 0x65, 0x64, 0x20, 0x63, 0x61, 0x6c, 0x6c, 0x73, 0x0a, 0x20, 0x20, 0x63, 0x6f, 0x6e
  .byte 0x73, 0x74, 0x20, 0x63, 0x61, 0x74, 0x65, 0x67, 0x6f, 0x72, 0x79, 0x4b, 0x65, 0x79, 0x53, 0x74
  .byte 0x72, 0x69, 0x6e, 0x67, 0x20, 0x3d, 0x20, 0x75, 0x73, 0x65, 0x4d, 0x65, 0x6d, 0x6f, 0x28, 0x28
  .byte 0x29, 0x20, 0x3d, 0x3e, 0x20, 0x53, 0x74, 0x72, 0x69, 0x6e, 0x67, 0x28, 0x63, 0x61, 0x74, 0x65
  .byte 0x67, 0x6f, 0x72, 0x79, 0x4b, 0x65, 0x79, 0x29, 0x2c, 0x20, 0x5b, 0x63, 0x61, 0x74, 0x65, 0x67
  .byte 0x6f, 0x72, 0x79, 0x4b, 0x65, 0x79, 0x5d, 0x29, 0x3b, 0x0a, 0x20, 0x20, 0x63, 0x6f, 0x6e, 0x73
  .byte 0x74, 0x20, 0x64, 0x61, 0x74, 0x61, 0x4b, 0x65, 0x79, 0x53, 0x74, 0x72, 0x69, 0x6e, 0x67, 0x20
  .byte 0x3d, 0x20, 0x75, 0x73, 0x65, 0x4d, 0x65, 0x6d, 0x6f, 0x28, 0x28, 0x29, 0x20, 0x3d, 0x3e, 0x20
  .byte 0x53, 0x74, 0x72, 0x69, 0x6e, 0x67, 0x28, 0x64, 0x61, 0x74, 0x61, 0x4b, 0x65, 0x79, 0x29, 0x2c
  .byte 0x20, 0x5b, 0x64, 0x61, 0x74, 0x61, 0x4b, 0x65, 0x79, 0x5d, 0x29, 0x3b, 0x0a, 0x20, 0x20, 0x63
  .byte 0x6f, 0x6e, 0x73, 0x74, 0x20, 0x66, 0x6f, 0x72, 0x6d, 0x61, 0x74, 0x4b, 0x65, 0x79, 0x20, 0x3d
  .byte 0x20, 0x75, 0x73, 0x65, 0x4d, 0x65, 0x6d, 0x6f, 0x28, 0x0a, 0x20, 0x20, 0x20, 0x20, 0x28, 0x29
  .byte 0x20, 0x3d, 0x3e, 0x20, 0x28, 0x66, 0x6f, 0x72, 0x6d, 0x61, 0x74, 0x20, 0x3d, 0x3d, 0x3d, 0x20
  .byte 0x22, 0x70, 0x65, 0x72, 0x63, 0x65, 0x6e, 0x74, 0x61, 0x67, 0x65, 0x22, 0x20, 0x3f, 0x20, 0x22
  .byte 0x70, 0x65, 0x72, 0x63, 0x65, 0x6e, 0x74, 0x61, 0x67, 0x65, 0x22, 0x20, 0x3a, 0x20, 0x64, 0x61
  .byte 0x74, 0x61, 0x4b, 0x65, 0x79, 0x53, 0x74, 0x72, 0x69, 0x6e, 0x67, 0x29, 0x2c, 0x0a, 0x20, 0x20
  .byte 0x20, 0x20, 0x5b, 0x66, 0x6f, 0x72, 0x6d, 0x61, 0x74, 0x2c, 0x20, 0x64, 0x61, 0x74, 0x61, 0x4b
  .byte 0x65, 0x79, 0x53, 0x74, 0x72, 0x69, 0x6e, 0x67, 0x5d, 0x2c, 0x0a, 0x20, 0x20, 0x29, 0x3b, 0x0a
  .byte 0x0a, 0x20, 0x20, 0x2f, 0x2f, 0x20, 0x55, 0x73, 0x65, 0x20, 0x70, 0x72, 0x6f, 0x76, 0x69, 0x64
  .byte 0x65, 0x64, 0x20, 0x64, 0x69, 0x6d, 0x65, 0x6e, 0x73, 0x69, 0x6f, 0x6e, 0x73, 0x20, 0x6f, 0x72
  .byte 0x20, 0x6f, 0x62, 0x73, 0x65, 0x72, 0x76, 0x65, 0x64, 0x20, 0x64, 0x69, 0x6d, 0x65, 0x6e, 0x73
  .byte 0x69, 0x6f, 0x6e, 0x73, 0x20, 0x66, 0x72, 0x6f, 0x6d, 0x20, 0x74, 0x68, 0x65, 0x20, 0x77, 0x72
  .byte 0x61, 0x70, 0x70, 0x65, 0x72, 0x0a, 0x20, 0x20, 0x63, 0x6f, 0x6e, 0x73, 0x74, 0x20, 0x65, 0x66
  .byte 0x66, 0x65, 0x63, 0x74, 0x69, 0x76, 0x65, 0x57, 0x69, 0x64, 0x74, 0x68, 0x20, 0x3d, 0x20, 0x77
  .byte 0x72, 0x61, 0x70, 0x70, 0x65, 0x72, 0x52, 0x65, 0x63, 0x74, 0x2e, 0x77, 0x69, 0x64, 0x74, 0x68
  .byte 0x3b, 0x0a, 0x20, 0x20, 0x63, 0x6f, 0x6e, 0x73, 0x74, 0x20, 0x65, 0x66, 0x66, 0x65, 0x63, 0x74
  .byte 0x69, 0x76, 0x65, 0x48, 0x65, 0x69, 0x67, 0x68, 0x74, 0x20, 0x3d, 0x20, 0x77, 0x72, 0x61, 0x70
  .byte 0x70, 0x65, 0x72, 0x52, 0x65, 0x63, 0x74, 0x2e, 0x68, 0x65, 0x69, 0x67, 0x68, 0x74, 0x3b, 0x0a
  .byte 0x0a, 0x20, 0x20, 0x2f, 0x2f, 0x20, 0x43, 0x61, 0x6c, 0x63, 0x75, 0x6c, 0x61, 0x74, 0x65, 0x20
  .byte 0x63, 0x68, 0x61, 0x72, 0x74, 0x20, 0x64, 0x69, 0x6d, 0x65, 0x6e, 0x73, 0x69, 0x6f, 0x6e, 0x73
  .byte 0x20, 0x62, 0x61, 0x73, 0x65, 0x64, 0x20, 0x6f, 0x6e, 0x20, 0x74, 0x68, 0x65, 0x20, 0x73, 0x6d
  .byte 0x61, 0x6c, 0x6c, 0x65, 0x72, 0x20, 0x64, 0x69, 0x6d, 0x65, 0x6e, 0x73, 0x69, 0x6f, 0x6e, 0x20
  .byte 0x6f, 0x66, 0x20, 0x74, 0x68, 0x65, 0x20, 0x63, 0x6f, 0x6e, 0x74, 0x61, 0x69, 0x6e, 0x65, 0x72
  .byte 0x0a, 0x20, 0x20, 0x63, 0x6f, 0x6e, 0x73, 0x74, 0x20, 0x63, 0x68, 0x61, 0x72, 0x74, 0x53, 0x69
  .byte 0x7a, 0x65, 0x20, 0x3d, 0x20, 0x75, 0x73, 0x65, 0x4d, 0x65, 0x6d, 0x6f, 0x28, 0x28, 0x29, 0x20
  .byte 0x3d, 0x3e, 0x20, 0x7b, 0x0a, 0x20, 0x20, 0x20, 0x20, 0x2f, 0x2f, 0x20, 0x43, 0x6f, 0x6d, 0x70
  .byte 0x75, 0x74, 0x65, 0x20, 0x74, 0x68, 0x65, 0x20, 0x61, 0x76, 0x61, 0x69, 0x6c, 0x61, 0x62, 0x6c
  .byte 0x65, 0x20, 0x77, 0x69, 0x64, 0x74, 0x68, 0x20, 0x66, 0x6f, 0x72, 0x20, 0x74, 0x68, 0x65, 0x20
  .byte 0x63, 0x68, 0x61, 0x72, 0x74, 0x2e, 0x20, 0x49, 0x6e, 0x20, 0x72, 0x6f, 0x77, 0x20, 0x6c, 0x61
  .byte 0x79, 0x6f, 0x75, 0x74, 0x2c, 0x20, 0x63, 0x68, 0x61, 0x72, 0x74, 0x20, 0x61, 0x6e, 0x64, 0x20
  .byte 0x6c, 0x65, 0x67, 0x65, 0x6e, 0x64, 0x20, 0x73, 0x69, 0x74, 0x20, 0x73, 0x69, 0x64, 0x65, 0x2d
  .byte 0x62, 0x79, 0x2d, 0x73, 0x69, 0x64, 0x65, 0x2e, 0x0a, 0x20, 0x20, 0x20, 0x20, 0x2f, 0x2f, 0x20
  .byte 0x53, 0x75, 0x62, 0x74, 0x72, 0x61, 0x63, 0x74, 0x20, 0x74, 0x68, 0x65, 0x20, 0x32, 0x30, 0x70
  .byte 0x78, 0x20, 0x67, 0x61, 0x70, 0x20, 0x64, 0x65, 0x66, 0x69, 0x6e, 0x65, 0x64, 0x20, 0x69, 0x6e
  .byte 0x20, 0x43, 0x53, 0x53, 0x20, 0x74, 0x6f, 0x20, 0x61, 0x76, 0x6f, 0x69, 0x64, 0x20, 0x6f, 0x76
  .byte 0x65, 0x72, 0x2d, 0x65, 0x73, 0x74, 0x69, 0x6d, 0x61, 0x74, 0x69, 0x6e, 0x67, 0x20, 0x61, 0x76
  .byte 0x61, 0x69, 0x6c, 0x61, 0x62, 0x6c, 0x65, 0x20, 0x77, 0x69, 0x64, 0x74, 0x68, 0x2e, 0x0a, 0x20
  .byte 0x20, 0x20, 0x20, 0x63, 0x6f, 0x6e, 0x73, 0x74, 0x20, 0x63, 0x6f, 0x6e, 0x74, 0x61, 0x69, 0x6e
  .byte 0x65, 0x72, 0x57, 0x69, 0x64, 0x74, 0x68, 0x20, 0x3d, 0x20, 0x69, 0x73, 0x52, 0x6f, 0x77, 0x4c
  .byte 0x61, 0x79, 0x6f, 0x75, 0x74, 0x20, 0x3f, 0x20, 0x4d, 0x61, 0x74, 0x68, 0x2e, 0x6d, 0x61, 0x78
  .byte 0x28, 0x30, 0x2c, 0x20, 0x28, 0x65, 0x66, 0x66, 0x65, 0x63, 0x74, 0x69, 0x76, 0x65, 0x57, 0x69
  .byte 0x64, 0x74, 0x68, 0x20, 0x2d, 0x20, 0x32, 0x30, 0x29, 0x20, 0x2f, 0x20, 0x32, 0x29, 0x20, 0x3a
  .byte 0x20, 0x65, 0x66, 0x66, 0x65, 0x63, 0x74, 0x69, 0x76, 0x65, 0x57, 0x69, 0x64, 0x74, 0x68, 0x3b
  .byte 0x0a, 0x0a, 0x20, 0x20, 0x20, 0x20, 0x2f, 0x2f, 0x20, 0x49, 0x66, 0x20, 0x77, 0x72, 0x61, 0x70
  .byte 0x70, 0x65, 0x72, 0x20, 0x68, 0x65, 0x69, 0x67, 0x68, 0x74, 0x20, 0x69, 0x73, 0x6e, 0x27, 0x74
  .byte 0x20, 0x65, 0x78, 0x70, 0x6c, 0x69, 0x63, 0x69, 0x74, 0x6c, 0x79, 0x20, 0x70, 0x72, 0x6f, 0x76
  .byte 0x69, 0x64, 0x65, 0x64, 0x20, 0x28, 0x6f, 0x72, 0x20, 0x69, 0x73, 0x20, 0x76, 0x65, 0x72, 0x79
  .byte 0x20, 0x73, 0x6d, 0x61, 0x6c, 0x6c, 0x29, 0x2c, 0x20, 0x70, 0x72, 0x65, 0x66, 0x65, 0x72, 0x20
  .byte 0x73, 0x69, 0x7a, 0x69, 0x6e, 0x67, 0x20, 0x62, 0x79, 0x20, 0x77, 0x69, 0x64, 0x74, 0x68, 0x20
  .byte 0x74, 0x6f, 0x0a, 0x20, 0x20, 0x20, 0x20, 0x2f, 0x2f, 0x20, 0x61, 0x76, 0x6f, 0x69, 0x64, 0x20
  .byte 0x61, 0x20, 0x66, 0x65, 0x65, 0x64, 0x62, 0x61, 0x63, 0x6b, 0x20, 0x6c, 0x6f, 0x6f, 0x70, 0x20
  .byte 0x77, 0x68, 0x65, 0x72, 0x65, 0x20, 0x68, 0x65, 0x69, 0x67, 0x68, 0x74, 0x20, 0x64, 0x65, 0x70
  .byte 0x65, 0x6e, 0x64, 0x73, 0x20, 0x6f, 0x6e, 0x20, 0x74, 0x68, 0x65, 0x20, 0x63, 0x68, 0x61, 0x72
  .byte 0x74, 0x2c, 0x20, 0x77, 0x68, 0x69, 0x63, 0x68, 0x20, 0x74, 0x68, 0x65, 0x6e, 0x20, 0x63, 0x6c
  .byte 0x61, 0x6d, 0x70, 0x73, 0x20, 0x74, 0x68, 0x65, 0x20, 0x73, 0x69, 0x7a, 0x65, 0x2e, 0x0a, 0x20
  .byte 0x20, 0x20, 0x20, 0x63, 0x6f, 0x6e, 0x73, 0x74, 0x20, 0x68, 0x65, 0x69, 0x67, 0x68, 0x74, 0x49
  .byte 0x73, 0x55, 0x73, 0x61, 0x62, 0x6c, 0x65, 0x20, 0x3d, 0x20, 0x65, 0x66, 0x66, 0x65, 0x63, 0x74
  .byte 0x69, 0x76, 0x65, 0x48, 0x65, 0x69, 0x67, 0x68, 0x74, 0x20, 0x3e, 0x3d, 0x20, 0x6d, 0x69, 0x6e
  .byte 0x43, 0x68, 0x61, 0x72, 0x74, 0x53, 0x69, 0x7a, 0x65, 0x3b, 0x0a, 0x0a, 0x20, 0x20, 0x20, 0x20
  .byte 0x6c, 0x65, 0x74, 0x20, 0x73, 0x69, 0x7a, 0x65, 0x20, 0x3d, 0x20, 0x68, 0x65, 0x69, 0x67, 0x68
  .byte 0x74, 0x49, 0x73, 0x55, 0x73, 0x61, 0x62, 0x6c, 0x65, 0x20, 0x3f, 0x20, 0x4d, 0x61, 0x74, 0x68
  .byte 0x2e, 0x6d, 0x69, 0x6e, 0x28, 0x63, 0x6f, 0x6e, 0x74, 0x61, 0x69, 0x6e, 0x65, 0x72, 0x57, 0x69
  .byte 0x64, 0x74, 0x68, 0x2c, 0x20, 0x65, 0x66, 0x66, 0x65, 0x63, 0x74, 0x69, 0x76, 0x65, 0x48, 0x65
  .byte 0x69, 0x67, 0x68, 0x74, 0x29, 0x20, 0x3a, 0x20, 0x63, 0x6f, 0x6e, 0x74, 0x61, 0x69, 0x6e, 0x65
  .byte 0x72, 0x57, 0x69, 0x64, 0x74, 0x68, 0x3b, 0x0a, 0x20, 0x20, 0x20, 0x20, 0x73, 0x69, 0x7a, 0x65
  .byte 0x20, 0x3d, 0x20, 0x4d, 0x61, 0x74, 0x68, 0x2e, 0x6d, 0x69, 0x6e, 0x28, 0x73, 0x69, 0x7a, 0x65
  .byte 0x2c, 0x20, 0x6d, 0x61, 0x78, 0x43, 0x68, 0x61, 0x72, 0x74, 0x53, 0x69, 0x7a, 0x65, 0x29, 0x3b
  .byte 0x0a, 0x20, 0x20, 0x20, 0x20, 0x72, 0x65, 0x74, 0x75, 0x72, 0x6e, 0x20, 0x4d, 0x61, 0x74, 0x68
  .byte 0x2e, 0x6d, 0x61, 0x78, 0x28, 0x6d, 0x69, 0x6e, 0x43, 0x68, 0x61, 0x72, 0x74, 0x53, 0x69, 0x7a
  .byte 0x65, 0x2c, 0x20, 0x73, 0x69, 0x7a, 0x65, 0x29, 0x3b, 0x0a, 0x20, 0x20, 0x7d, 0x2c, 0x20, 0x5b
  .byte 0x65, 0x66, 0x66, 0x65, 0x63, 0x74, 0x69, 0x76, 0x65, 0x57, 0x69, 0x64, 0x74, 0x68, 0x2c, 0x20
  .byte 0x65, 0x66, 0x66, 0x65, 0x63, 0x74, 0x69, 0x76, 0x65, 0x48, 0x65, 0x69, 0x67, 0x68, 0x74, 0x2c
  .byte 0x20, 0x69, 0x73, 0x52, 0x6f, 0x77, 0x4c, 0x61, 0x79, 0x6f, 0x75, 0x74, 0x5d, 0x29, 0x3b, 0x0a
  .byte 0x0a, 0x20, 0x20, 0x63, 0x6f, 0x6e, 0x73, 0x74, 0x20, 0x63, 0x68, 0x61, 0x72, 0x74, 0x53, 0x69
  .byte 0x7a, 0x65, 0x53, 0x74, 0x79, 0x6c, 0x65, 0x20, 0x3d, 0x20, 0x75, 0x73, 0x65, 0x4d, 0x65, 0x6d
  .byte 0x6f, 0x28, 0x0a, 0x20, 0x20, 0x20, 0x20, 0x28, 0x29, 0x20, 0x3d, 0x3e, 0x20, 0x28, 0x7b, 0x0a
  .byte 0x20, 0x20, 0x20, 0x20, 0x20, 0x20, 0x77, 0x69, 0x64, 0x74, 0x68, 0x3a, 0x20, 0x63, 0x68, 0x61
  .byte 0x72, 0x74, 0x53, 0x69, 0x7a, 0x65, 0x2c, 0x0a, 0x20, 0x20, 0x20, 0x20, 0x20, 0x20, 0x68, 0x65
  .byte 0x69, 0x67, 0x68, 0x74, 0x3a, 0x20, 0x63, 0x68, 0x61, 0x72, 0x74, 0x53, 0x69, 0x7a, 0x65, 0x2c
  .byte 0x0a, 0x20, 0x20, 0x20, 0x20, 0x7d, 0x29, 0x2c, 0x0a, 0x20, 0x20, 0x20, 0x20, 0x5b, 0x63, 0x68
  .byte 0x61, 0x72, 0x74, 0x53, 0x69, 0x7a, 0x65, 0x5d, 0x2c, 0x0a, 0x20, 0x20, 0x29, 0x3b, 0x0a, 0x0a
  .byte 0x20, 0x20, 0x63, 0x6f, 0x6e, 0x73, 0x74, 0x20, 0x72, 0x65, 0x63, 0x68, 0x61, 0x72, 0x74, 0x73
  .byte 0x50, 0x72, 0x6f, 0x70, 0x73, 0x3a, 0x20, 0x4f, 0x6d, 0x69, 0x74, 0x3c, 0x52, 0x65, 0x61, 0x63
  .byte 0x74, 0x2e, 0x43, 0x6f, 0x6d, 0x70, 0x6f, 0x6e, 0x65, 0x6e, 0x74, 0x50, 0x72, 0x6f, 0x70, 0x73
  .byte 0x3c, 0x74, 0x79, 0x70, 0x65, 0x6f, 0x66, 0x20, 0x52, 0x65, 0x73, 0x70, 0x6f, 0x6e, 0x73, 0x69
  .byte 0x76, 0x65, 0x43, 0x6f, 0x6e, 0x74, 0x61, 0x69, 0x6e, 0x65, 0x72, 0x3e, 0x2c, 0x20, 0x22, 0x63
  .byte 0x68, 0x69, 0x6c, 0x64, 0x72, 0x65, 0x6e, 0x22, 0x3e, 0x20, 0x3d, 0x20, 0x75, 0x73, 0x65, 0x4d
  .byte 0x65, 0x6d, 0x6f, 0x28, 0x0a, 0x20, 0x20, 0x20, 0x20, 0x28, 0x29, 0x20, 0x3d, 0x3e, 0x20, 0x28
  .byte 0x7b, 0x0a, 0x20, 0x20, 0x20, 0x20, 0x20, 0x20, 0x77, 0x69, 0x64, 0x74, 0x68, 0x3a, 0x20, 0x22
  .byte 0x31, 0x30, 0x30, 0x25, 0x22, 0x2c, 0x0a, 0x20, 0x20, 0x20, 0x20, 0x20, 0x20, 0x68, 0x65, 0x69
  .byte 0x67, 0x68, 0x74, 0x3a, 0x20, 0x22, 0x31, 0x30, 0x30, 0x25, 0x22, 0x2c, 0x0a, 0x20, 0x20, 0x20
  .byte 0x20, 0x20, 0x20, 0x6d, 0x69, 0x6e, 0x57, 0x69, 0x64, 0x74, 0x68, 0x3a, 0x20, 0x31, 0x2c, 0x0a
  .byte 0x20, 0x20, 0x20, 0x20, 0x20, 0x20, 0x6d, 0x69, 0x6e, 0x48, 0x65, 0x69, 0x67, 0x68, 0x74, 0x3a
  .byte 0x20, 0x31, 0x2c, 0x0a, 0x20, 0x20, 0x20, 0x20, 0x20, 0x20, 0x69, 0x6e, 0x69, 0x74, 0x69, 0x61
  .byte 0x6c, 0x44, 0x69, 0x6d, 0x65, 0x6e, 0x73, 0x69, 0x6f, 0x6e, 0x3a, 0x20, 0x7b, 0x20, 0x77, 0x69
  .byte 0x64, 0x74, 0x68, 0x3a, 0x20, 0x31, 0x2c, 0x20, 0x68, 0x65, 0x69, 0x67, 0x68, 0x74, 0x3a, 0x20
  .byte 0x31, 0x20, 0x7d, 0x2c, 0x0a, 0x20, 0x20, 0x20, 0x20, 0x7d, 0x29, 0x2c, 0x0a, 0x20, 0x20, 0x20
  .byte 0x20, 0x5b, 0x5d, 0x2c, 0x0a, 0x20, 0x20, 0x29, 0x3b, 0x0a, 0x0a, 0x20, 0x20, 0x2f, 0x2f, 0x20
  .byte 0x43, 0x61, 0x6c, 0x63, 0x75, 0x6c, 0x61, 0x74, 0x65, 0x20, 0x63, 0x68, 0x61, 0x72, 0x74, 0x20
  .byte 0x72, 0x61, 0x64, 0x69, 0x69, 0x0a, 0x20, 0x20, 0x63, 0x6f, 0x6e, 0x73, 0x74, 0x20, 0x64, 0x69
  .byte 0x6d, 0x65, 0x6e, 0x73, 0x69, 0x6f, 0x6e, 0x73, 0x20, 0x3d, 0x20, 0x75, 0x73, 0x65, 0x4d, 0x65
  .byte 0x6d, 0x6f, 0x28, 0x28, 0x29, 0x20, 0x3d, 0x3e, 0x20, 0x63, 0x61, 0x6c, 0x63, 0x75, 0x6c, 0x61
  .byte 0x74, 0x65, 0x52, 0x61, 0x64, 0x69, 0x61, 0x6c, 0x43, 0x68, 0x61, 0x72, 0x74, 0x44, 0x69, 0x6d
  .byte 0x65, 0x6e, 0x73, 0x69, 0x6f, 0x6e, 0x73, 0x28, 0x63, 0x68, 0x61, 0x72, 0x74, 0x53, 0x69, 0x7a
  .byte 0x65, 0x29, 0x2c, 0x20, 0x5b, 0x63, 0x68, 0x61, 0x72, 0x74, 0x53, 0x69, 0x7a, 0x65, 0x5d, 0x29
  .byte 0x3b, 0x0a, 0x0a, 0x20, 0x20, 0x2f, 0x2f, 0x20, 0x47, 0x65, 0x74, 0x20, 0x63, 0x6f, 0x6c, 0x6f
  .byte 0x72, 0x20, 0x70, 0x61, 0x6c, 0x65, 0x74, 0x74, 0x65, 0x20, 0x61, 0x6e, 0x64, 0x20, 0x64, 0x69
  .byte 0x73, 0x74, 0x72, 0x69, 0x62, 0x75, 0x74, 0x65, 0x20, 0x63, 0x6f, 0x6c, 0x6f, 0x72, 0x73, 0x0a
  .byte 0x20, 0x20, 0x63, 0x6f, 0x6e, 0x73, 0x74, 0x20, 0x63, 0x6f, 0x6c, 0x6f, 0x72, 0x73, 0x20, 0x3d
  .byte 0x20, 0x75, 0x73, 0x65, 0x43, 0x68, 0x61, 0x72, 0x74, 0x50, 0x61, 0x6c, 0x65, 0x74, 0x74, 0x65
  .byte 0x28, 0x7b, 0x0a, 0x20, 0x20, 0x20, 0x20, 0x63, 0x68, 0x61, 0x72, 0x74, 0x54, 0x68, 0x65, 0x6d
  .byte 0x65, 0x4e, 0x61, 0x6d, 0x65, 0x3a, 0x20, 0x74, 0x68, 0x65, 0x6d, 0x65, 0x2c, 0x0a, 0x20, 0x20
  .byte 0x20, 0x20, 0x63, 0x75, 0x73, 0x74, 0x6f, 0x6d, 0x50, 0x61, 0x6c, 0x65, 0x74, 0x74, 0x65, 0x2c
  .byte 0x0a, 0x20, 0x20, 0x20, 0x20, 0x74, 0x68, 0x65, 0x6d, 0x65, 0x50, 0x61, 0x6c, 0x65, 0x74, 0x74
  .byte 0x65, 0x4e, 0x61, 0x6d, 0x65, 0x3a, 0x20, 0x22, 0x72, 0x61, 0x64, 0x69, 0x61, 0x6c, 0x43, 0x68
  .byte 0x61, 0x72, 0x74, 0x50, 0x61, 0x6c, 0x65, 0x74, 0x74, 0x65, 0x22, 0x2c, 0x0a, 0x20, 0x20, 0x20
  .byte 0x20, 0x64, 0x61, 0x74, 0x61, 0x4c, 0x65, 0x6e, 0x67, 0x74, 0x68, 0x3a, 0x20, 0x73, 0x6f, 0x72
  .byte 0x74, 0x65, 0x64, 0x50, 0x72, 0x6f, 0x63, 0x65, 0x73, 0x73, 0x65, 0x64, 0x44, 0x61, 0x74, 0x61
  .byte 0x2e, 0x6c, 0x65, 0x6e, 0x67, 0x74, 0x68, 0x2c, 0x0a, 0x20, 0x20, 0x7d, 0x29, 0x3b, 0x0a, 0x0a
  .byte 0x20, 0x20, 0x63, 0x6f, 0x6e, 0x73, 0x74, 0x20, 0x65, 0x78, 0x70, 0x6f, 0x72, 0x74, 0x44, 0x61
  .byte 0x74, 0x61, 0x20, 0x3d, 0x20, 0x75, 0x73, 0x65, 0x45, 0x78, 0x70, 0x6f, 0x72, 0x74, 0x43, 0x68
  .byte 0x61, 0x72, 0x74, 0x44, 0x61, 0x74, 0x61, 0x28, 0x7b, 0x0a, 0x20, 0x20, 0x20, 0x20, 0x74, 0x79
  .byte 0x70, 0x65, 0x3a, 0x20, 0x22, 0x70, 0x69, 0x65, 0x22, 0x2c, 0x0a, 0x20, 0x20, 0x20, 0x20, 0x64
  .byte 0x61, 0x74, 0x61, 0x3a, 0x20, 0x73, 0x6f, 0x72, 0x74, 0x65, 0x64, 0x50, 0x72, 0x6f, 0x63, 0x65
  .byte 0x73, 0x73, 0x65, 0x64, 0x44, 0x61, 0x74, 0x61, 0x2c, 0x0a, 0x20, 0x20, 0x20, 0x20, 0x63, 0x61
  .byte 0x74, 0x65, 0x67, 0x6f, 0x72, 0x79, 0x4b, 0x65, 0x79, 0x3a, 0x20, 0x63, 0x61, 0x74, 0x65, 0x67
  .byte 0x6f, 0x72, 0x79, 0x4b, 0x65, 0x79, 0x20, 0x61, 0x73, 0x20, 0x73, 0x74, 0x72, 0x69, 0x6e, 0x67
  .byte 0x2c, 0x0a, 0x20, 0x20, 0x20, 0x20, 0x64, 0x61, 0x74, 0x61, 0x4b, 0x65, 0x79, 0x73, 0x3a, 0x20
  .byte 0x5b, 0x64, 0x61, 0x74, 0x61, 0x4b, 0x65, 0x79, 0x20, 0x61, 0x73, 0x20, 0x73, 0x74, 0x72, 0x69
  .byte 0x6e, 0x67, 0x5d, 0x2c, 0x0a, 0x20, 0x20, 0x20, 0x20, 0x63, 0x6f, 0x6c, 0x6f, 0x72, 0x73, 0x2c
  .byte 0x0a, 0x20, 0x20, 0x20, 0x20, 0x6c, 0x65, 0x67, 0x65, 0x6e, 0x64, 0x2c, 0x0a, 0x20, 0x20, 0x7d
  .byte 0x29, 0x3b, 0x0a, 0x0a, 0x20, 0x20, 0x2f, 0x2f, 0x20, 0x4d, 0x65, 0x6d, 0x6f, 0x69, 0x7a, 0x65
  .byte 0x20, 0x65, 0x78, 0x70, 0x65, 0x6e, 0x73, 0x69, 0x76, 0x65, 0x20, 0x64, 0x61, 0x74, 0x61, 0x20
  .byte 0x74, 0x72, 0x61, 0x6e, 0x73, 0x66, 0x6f, 0x72, 0x6d, 0x61, 0x74, 0x69, 0x6f, 0x6e, 0x73, 0x20
  .byte 0x61, 0x6e, 0x64, 0x20, 0x63, 0x6f, 0x6e, 0x66, 0x69, 0x67, 0x75, 0x72, 0x61, 0x74, 0x69, 0x6f
  .byte 0x6e, 0x73, 0x0a, 0x20, 0x20, 0x63, 0x6f, 0x6e, 0x73, 0x74, 0x20, 0x74, 0x72, 0x61, 0x6e, 0x73
  .byte 0x66, 0x6f, 0x72, 0x6d, 0x65, 0x64, 0x44, 0x61, 0x74, 0x61, 0x20, 0x3d, 0x20, 0x75, 0x73, 0x65
  .byte 0x4d, 0x65, 0x6d, 0x6f, 0x28, 0x0a, 0x20, 0x20, 0x20, 0x20, 0x28, 0x29, 0x20, 0x3d, 0x3e, 0x20
  .byte 0x74, 0x72, 0x61, 0x6e, 0x73, 0x66, 0x6f, 0x72, 0x6d, 0x52, 0x61, 0x64, 0x69, 0x61, 0x6c, 0x44
  .byte 0x61, 0x74, 0x61, 0x57, 0x69, 0x74, 0x68, 0x50, 0x65, 0x72, 0x63, 0x65, 0x6e, 0x74, 0x61, 0x67
  .byte 0x65, 0x73, 0x28, 0x73, 0x6f, 0x72, 0x74, 0x65, 0x64, 0x50, 0x72, 0x6f, 0x63, 0x65, 0x73, 0x73
  .byte 0x65, 0x64, 0x44, 0x61, 0x74, 0x61, 0x20, 0x61, 0x73, 0x20, 0x54, 0x2c, 0x20, 0x64, 0x61, 0x74
  .byte 0x61, 0x4b, 0x65, 0x79, 0x2c, 0x20, 0x63, 0x6f, 0x6c, 0x6f, 0x72, 0x73, 0x29, 0x2c, 0x0a, 0x20
  .byte 0x20, 0x20, 0x20, 0x5b, 0x73, 0x6f, 0x72, 0x74, 0x65, 0x64, 0x50, 0x72, 0x6f, 0x63, 0x65, 0x73
  .byte 0x73, 0x65, 0x64, 0x44, 0x61, 0x74, 0x61, 0x2c, 0x20, 0x64, 0x61, 0x74, 0x61, 0x4b, 0x65, 0x79
  .byte 0x2c, 0x20, 0x63, 0x6f, 0x6c, 0x6f, 0x72, 0x73, 0x5d, 0x2c, 0x0a, 0x20, 0x20, 0x29, 0x3b, 0x0a
  .byte 0x0a, 0x20, 0x20, 0x63, 0x6f, 0x6e, 0x73, 0x74, 0x20, 0x63, 0x68, 0x61, 0x72, 0x74, 0x43, 0x6f
  .byte 0x6e, 0x66, 0x69, 0x67, 0x20, 0x3d, 0x20, 0x75, 0x73, 0x65, 0x4d, 0x65, 0x6d, 0x6f, 0x28, 0x0a
  .byte 0x20, 0x20, 0x20, 0x20, 0x28, 0x29, 0x20, 0x3d, 0x3e, 0x20, 0x67, 0x65, 0x74, 0x43, 0x61, 0x74
  .byte 0x65, 0x67, 0x6f, 0x72, 0x69, 0x63, 0x61, 0x6c, 0x43, 0x68, 0x61, 0x72, 0x74, 0x43, 0x6f, 0x6e
  .byte 0x66, 0x69, 0x67, 0x28, 0x73, 0x6f, 0x72, 0x74, 0x65, 0x64, 0x50, 0x72, 0x6f, 0x63, 0x65, 0x73
  .byte 0x73, 0x65, 0x64, 0x44, 0x61, 0x74, 0x61, 0x20, 0x61, 0x73, 0x20, 0x54, 0x2c, 0x20, 0x63, 0x61
  .byte 0x74, 0x65, 0x67, 0x6f, 0x72, 0x79, 0x4b, 0x65, 0x79, 0x2c, 0x20, 0x63, 0x6f, 0x6c, 0x6f, 0x72
  .byte 0x73, 0x2c, 0x20, 0x74, 0x72, 0x61, 0x6e, 0x73, 0x66, 0x6f, 0x72, 0x6d, 0x65, 0x64, 0x4b, 0x65
  .byte 0x79, 0x73, 0x29, 0x2c, 0x0a, 0x20, 0x20, 0x20, 0x20, 0x5b, 0x73, 0x6f, 0x72, 0x74, 0x65, 0x64
  .byte 0x50, 0x72, 0x6f, 0x63, 0x65, 0x73, 0x73, 0x65, 0x64, 0x44, 0x61, 0x74, 0x61, 0x2c, 0x20, 0x63
  .byte 0x61, 0x74, 0x65, 0x67, 0x6f, 0x72, 0x79, 0x4b, 0x65, 0x79, 0x2c, 0x20, 0x63, 0x6f, 0x6c, 0x6f
  .byte 0x72, 0x73, 0x2c, 0x20, 0x74, 0x72, 0x61, 0x6e, 0x73, 0x66, 0x6f, 0x72, 0x6d, 0x65, 0x64, 0x4b
  .byte 0x65, 0x79, 0x73, 0x5d, 0x2c, 0x0a, 0x20, 0x20, 0x29, 0x3b, 0x0a, 0x0a, 0x20, 0x20, 0x63, 0x6f
  .byte 0x6e, 0x73, 0x74, 0x20, 0x61, 0x6e, 0x69, 0x6d, 0x61, 0x74, 0x69, 0x6f, 0x6e, 0x43, 0x6f, 0x6e
  .byte 0x66, 0x69, 0x67, 0x20, 0x3d, 0x20, 0x75, 0x73, 0x65, 0x4d, 0x65, 0x6d, 0x6f, 0x28, 0x0a, 0x20
  .byte 0x20, 0x20, 0x20, 0x28, 0x29, 0x20, 0x3d, 0x3e, 0x20, 0x63, 0x72, 0x65, 0x61, 0x74, 0x65, 0x52
  .byte 0x61, 0x64, 0x69, 0x61, 0x6c, 0x41, 0x6e, 0x69, 0x6d, 0x61, 0x74, 0x69, 0x6f, 0x6e, 0x43, 0x6f
  .byte 0x6e, 0x66, 0x69, 0x67, 0x28, 0x7b, 0x20, 0x69, 0x73, 0x41, 0x6e, 0x69, 0x6d, 0x61, 0x74, 0x69
  .byte 0x6f, 0x6e, 0x41, 0x63, 0x74, 0x69, 0x76, 0x65, 0x20, 0x7d, 0x29, 0x2c, 0x0a, 0x20, 0x20, 0x20
  .byte 0x20, 0x5b, 0x69, 0x73, 0x41, 0x6e, 0x69, 0x6d, 0x61, 0x74, 0x69, 0x6f, 0x6e, 0x41, 0x63, 0x74
  .byte 0x69, 0x76, 0x65, 0x5d, 0x2c, 0x0a, 0x20, 0x20, 0x29, 0x3b, 0x0a, 0x0a, 0x20, 0x20, 0x63, 0x6f
  .byte 0x6e, 0x73, 0x74, 0x20, 0x65, 0x76, 0x65, 0x6e, 0x74, 0x48, 0x61, 0x6e, 0x64, 0x6c, 0x65, 0x72
  .byte 0x73, 0x20, 0x3d, 0x20, 0x75, 0x73, 0x65, 0x4d, 0x65, 0x6d, 0x6f, 0x28, 0x0a, 0x20, 0x20, 0x20
  .byte 0x20, 0x28, 0x29, 0x20, 0x3d, 0x3e, 0x20, 0x63, 0x72, 0x65, 0x61, 0x74, 0x65, 0x52, 0x61, 0x64
  .byte 0x69, 0x61, 0x6c, 0x45, 0x76, 0x65, 0x6e, 0x74, 0x48, 0x61, 0x6e, 0x64, 0x6c, 0x65, 0x72, 0x73
  .byte 0x28, 0x6f, 0x6e, 0x4d, 0x6f, 0x75, 0x73, 0x65, 0x45, 0x6e, 0x74, 0x65, 0x72, 0x2c, 0x20, 0x6f
  .byte 0x6e, 0x4d, 0x6f, 0x75, 0x73, 0x65, 0x4c, 0x65, 0x61, 0x76, 0x65, 0x2c, 0x20, 0x6f, 0x6e, 0x43
  .byte 0x6c, 0x69, 0x63, 0x6b, 0x29, 0x2c, 0x0a, 0x20, 0x20, 0x20, 0x20, 0x5b, 0x6f, 0x6e, 0x4d, 0x6f
  .byte 0x75, 0x73, 0x65, 0x45, 0x6e, 0x74, 0x65, 0x72, 0x2c, 0x20, 0x6f, 0x6e, 0x4d, 0x6f, 0x75, 0x73
  .byte 0x65, 0x4c, 0x65, 0x61, 0x76, 0x65, 0x2c, 0x20, 0x6f, 0x6e, 0x43, 0x6c, 0x69, 0x63, 0x6b, 0x5d
  .byte 0x2c, 0x0a, 0x20, 0x20, 0x29, 0x3b, 0x0a, 0x0a, 0x20, 0x20, 0x2f, 0x2f, 0x20, 0x43, 0x72, 0x65
  .byte 0x61, 0x74, 0x65, 0x20, 0x6c, 0x65, 0x67, 0x65, 0x6e, 0x64, 0x20, 0x69, 0x74, 0x65, 0x6d, 0x73
  .byte 0x20, 0x66, 0x6f, 0x72, 0x20, 0x62, 0x6f, 0x74, 0x68, 0x20, 0x76, 0x61, 0x72, 0x69, 0x61, 0x6e
  .byte 0x74, 0x73, 0x0a, 0x20, 0x20, 0x63, 0x6f, 0x6e, 0x73, 0x74, 0x20, 0x6c, 0x65, 0x67, 0x65, 0x6e
  .byte 0x64, 0x49, 0x74, 0x65, 0x6d, 0x73, 0x20, 0x3d, 0x20, 0x75, 0x73, 0x65, 0x4d, 0x65, 0x6d, 0x6f
  .byte 0x28, 0x0a, 0x20, 0x20, 0x20, 0x20, 0x28, 0x29, 0x20, 0x3d, 0x3e, 0x0a, 0x20, 0x20, 0x20, 0x20
  .byte 0x20, 0x20, 0x73, 0x6f, 0x72, 0x74, 0x65, 0x64, 0x50, 0x72, 0x6f, 0x63, 0x65, 0x73, 0x73, 0x65
  .byte 0x64, 0x44, 0x61, 0x74, 0x61, 0x2e, 0x6d, 0x61, 0x70, 0x28, 0x28, 0x69, 0x74, 0x65, 0x6d, 0x2c
  .byte 0x20, 0x69, 0x6e, 0x64, 0x65, 0x78, 0x29, 0x20, 0x3d, 0x3e, 0x20, 0x28, 0x7b, 0x0a, 0x20, 0x20
  .byte 0x20, 0x20, 0x20, 0x20, 0x20, 0x20, 0x6b, 0x65, 0x79, 0x3a, 0x20, 0x53, 0x74, 0x72, 0x69, 0x6e
  .byte 0x67, 0x28, 0x69, 0x74, 0x65, 0x6d, 0x5b, 0x63, 0x61, 0x74, 0x65, 0x67, 0x6f, 0x72, 0x79, 0x4b
  .byte 0x65, 0x79, 0x5d, 0x29, 0x2c, 0x0a, 0x20, 0x20, 0x20, 0x20, 0x20, 0x20, 0x20, 0x20, 0x6c, 0x61
  .byte 0x62, 0x65, 0x6c, 0x3a, 0x20, 0x53, 0x74, 0x72, 0x69, 0x6e, 0x67, 0x28, 0x69, 0x74, 0x65, 0x6d
  .byte 0x5b, 0x63, 0x61, 0x74, 0x65, 0x67, 0x6f, 0x72, 0x79, 0x4b, 0x65, 0x79, 0x5d, 0x29, 0x2c, 0x0a
  .byte 0x20, 0x20, 0x20, 0x20, 0x20, 0x20, 0x20, 0x20, 0x76, 0x61, 0x6c, 0x75, 0x65, 0x3a, 0x20, 0x4e
  .byte 0x75, 0x6d, 0x62, 0x65, 0x72, 0x28, 0x69, 0x74, 0x65, 0x6d, 0x5b, 0x64, 0x61, 0x74, 0x61, 0x4b
  .byte 0x65, 0x79, 0x5d, 0x29, 0x2c, 0x0a, 0x20, 0x20, 0x20, 0x20, 0x20, 0x20, 0x20, 0x20, 0x63, 0x6f
  .byte 0x6c, 0x6f, 0x72, 0x3a, 0x20, 0x63, 0x6f, 0x6c, 0x6f, 0x72, 0x73, 0x5b, 0x69, 0x6e, 0x64, 0x65
  .byte 0x78, 0x5d, 0x20, 0x7c, 0x7c, 0x20, 0x22, 0x23, 0x30, 0x30, 0x30, 0x30, 0x30, 0x30, 0x22, 0x2c
  .byte 0x0a, 0x20, 0x20, 0x20, 0x20, 0x20, 0x20, 0x7d, 0x29, 0x29, 0x2c, 0x0a, 0x20, 0x20, 0x20, 0x20
  .byte 0x5b, 0x73, 0x6f, 0x72, 0x74, 0x65, 0x64, 0x50, 0x72, 0x6f, 0x63, 0x65, 0x73, 0x73, 0x65, 0x64
  .byte 0x44, 0x61, 0x74, 0x61, 0x2c, 0x20, 0x63, 0x61, 0x74, 0x65, 0x67, 0x6f, 0x72, 0x79, 0x4b, 0x65
  .byte 0x79, 0x2c, 0x20, 0x64, 0x61, 0x74, 0x61, 0x4b, 0x65, 0x79, 0x2c, 0x20, 0x63, 0x6f, 0x6c, 0x6f
  .byte 0x72, 0x73, 0x5d, 0x2c, 0x0a, 0x20, 0x20, 0x29, 0x3b, 0x0a, 0x0a, 0x20, 0x20, 0x63, 0x6f, 0x6e
  .byte 0x73, 0x74, 0x20, 0x64, 0x65, 0x66, 0x61, 0x75, 0x6c, 0x74, 0x4c, 0x65, 0x67, 0x65, 0x6e, 0x64
  .byte 0x49, 0x74, 0x65, 0x6d, 0x73, 0x20, 0x3d, 0x20, 0x75, 0x73, 0x65, 0x4d, 0x65, 0x6d, 0x6f, 0x28
  .byte 0x28, 0x29, 0x3a, 0x20, 0x4c, 0x65, 0x67, 0x65, 0x6e, 0x64, 0x49, 0x74, 0x65, 0x6d, 0x5b, 0x5d
  .byte 0x20, 0x3d, 0x3e, 0x20, 0x7b, 0x0a, 0x20, 0x20, 0x20, 0x20, 0x72, 0x65, 0x74, 0x75, 0x72, 0x6e
  .byte 0x20, 0x6c, 0x65, 0x67, 0x65, 0x6e, 0x64, 0x49, 0x74, 0x65, 0x6d, 0x73, 0x2e, 0x6d, 0x61, 0x70
  .byte 0x28, 0x28, 0x7b, 0x20, 0x6b, 0x65, 0x79, 0x2c, 0x20, 0x6c, 0x61, 0x62, 0x65, 0x6c, 0x2c, 0x20
  .byte 0x63, 0x6f, 0x6c, 0x6f, 0x72, 0x20, 0x7d, 0x29, 0x20, 0x3d, 0x3e, 0x20, 0x28, 0x7b, 0x20, 0x6b
  .byte 0x65, 0x79, 0x2c, 0x20, 0x6c, 0x61, 0x62, 0x65, 0x6c, 0x2c, 0x20, 0x63, 0x6f, 0x6c, 0x6f, 0x72
  .byte 0x20, 0x7d, 0x29, 0x29, 0x3b, 0x0a, 0x20, 0x20, 0x7d, 0x2c, 0x20, 0x5b, 0x6c, 0x65, 0x67, 0x65
  .byte 0x6e, 0x64, 0x49, 0x74, 0x65, 0x6d, 0x73, 0x5d, 0x29, 0x3b, 0x0a, 0x0a, 0x20, 0x20, 0x2f, 0x2f
  .byte 0x20, 0x48, 0x61, 0x6e, 0x64, 0x6c, 0x65, 0x20, 0x6c, 0x65, 0x67, 0x65, 0x6e, 0x64, 0x20, 0x69
  .byte 0x74, 0x65, 0x6d, 0x20, 0x68, 0x6f, 0x76, 0x65, 0x72, 0x20, 0x74, 0x6f, 0x20, 0x68, 0x69, 0x67
  .byte 0x68, 0x6c, 0x69, 0x67, 0x68, 0x74, 0x20, 0x72, 0x61, 0x64, 0x69, 0x61, 0x6c, 0x20, 0x62, 0x61
  .byte 0x72, 0x0a, 0x20, 0x20, 0x63, 0x6f, 0x6e, 0x73, 0x74, 0x20, 0x68, 0x61, 0x6e, 0x64, 0x6c, 0x65
  .byte 0x4c, 0x65, 0x67, 0x65, 0x6e, 0x64, 0x49, 0x74, 0x65, 0x6d, 0x48, 0x6f, 0x76, 0x65, 0x72, 0x20
  .byte 0x3d, 0x20, 0x75, 0x73, 0x65, 0x43, 0x61, 0x6c, 0x6c, 0x62, 0x61, 0x63, 0x6b, 0x28, 0x0a, 0x20
  .byte 0x20, 0x20, 0x20, 0x28, 0x69, 0x6e, 0x64, 0x65, 0x78, 0x3a, 0x20, 0x6e, 0x75, 0x6d, 0x62, 0x65
  .byte 0x72, 0x20, 0x7c, 0x20, 0x6e, 0x75, 0x6c, 0x6c, 0x29, 0x20, 0x3d, 0x3e, 0x20, 0x7b, 0x0a, 0x20
  .byte 0x20, 0x20, 0x20, 0x20, 0x20, 0x69, 0x66, 0x20, 0x28, 0x6c, 0x65, 0x67, 0x65, 0x6e, 0x64, 0x56
  .byte 0x61, 0x72, 0x69, 0x61, 0x6e, 0x74, 0x20, 0x21, 0x3d, 0x3d, 0x20, 0x22, 0x73, 0x74, 0x61, 0x63
  .byte 0x6b, 0x65, 0x64, 0x22, 0x29, 0x20, 0x72, 0x65, 0x74, 0x75, 0x72, 0x6e, 0x3b, 0x0a, 0x20, 0x20
  .byte 0x20, 0x20, 0x20, 0x20, 0x69, 0x66, 0x20, 0x28, 0x69, 0x6e, 0x64, 0x65, 0x78, 0x20, 0x21, 0x3d
  .byte 0x3d, 0x20, 0x6e, 0x75, 0x6c, 0x6c, 0x29, 0x20, 0x7b, 0x0a, 0x20, 0x20, 0x20, 0x20, 0x20, 0x20
  .byte 0x20, 0x20, 0x63, 0x6f, 0x6e, 0x73, 0x74, 0x20, 0x69, 0x74, 0x65, 0x6d, 0x20, 0x3d, 0x20, 0x73
  .byte 0x6f, 0x72, 0x74, 0x65, 0x64, 0x50, 0x72, 0x6f, 0x63, 0x65, 0x73, 0x73, 0x65, 0x64, 0x44, 0x61
  .byte 0x74, 0x61, 0x5b, 0x69, 0x6e, 0x64, 0x65, 0x78, 0x5d, 0x3b, 0x0a, 0x20, 0x20, 0x20, 0x20, 0x20
  .byte 0x20, 0x20, 0x20, 0x69, 0x66, 0x20, 0x28, 0x69, 0x74, 0x65, 0x6d, 0x29, 0x20, 0x7b, 0x0a, 0x20
  .byte 0x20, 0x20, 0x20, 0x20, 0x20, 0x20, 0x20, 0x20, 0x20, 0x63, 0x6f, 0x6e, 0x73, 0x74, 0x20, 0x63
  .byte 0x61, 0x74, 0x65, 0x67, 0x6f, 0x72, 0x79, 0x56, 0x61, 0x6c, 0x75, 0x65, 0x20, 0x3d, 0x20, 0x53
  .byte 0x74, 0x72, 0x69, 0x6e, 0x67, 0x28, 0x69, 0x74, 0x65, 0x6d, 0x5b, 0x63, 0x61, 0x74, 0x65, 0x67
  .byte 0x6f, 0x72, 0x79, 0x4b, 0x65, 0x79, 0x5d, 0x29, 0x3b, 0x0a, 0x20, 0x20, 0x20, 0x20, 0x20, 0x20
  .byte 0x20, 0x20, 0x20, 0x20, 0x73, 0x65, 0x74, 0x48, 0x6f, 0x76, 0x65, 0x72, 0x65, 0x64, 0x4c, 0x65
  .byte 0x67, 0x65, 0x6e, 0x64, 0x4b, 0x65, 0x79, 0x28, 0x63, 0x61, 0x74, 0x65, 0x67, 0x6f, 0x72, 0x79
  .byte 0x56, 0x61, 0x6c, 0x75, 0x65, 0x29, 0x3b, 0x0a, 0x20, 0x20, 0x20, 0x20, 0x20, 0x20, 0x20, 0x20
  .byte 0x20, 0x20, 0x2f, 0x2f, 0x20, 0x46, 0x69, 0x6e, 0x64, 0x20, 0x74, 0x68, 0x65, 0x20, 0x69, 0x6e
  .byte 0x64, 0x65, 0x78, 0x20, 0x69, 0x6e, 0x20, 0x74, 0x68, 0x65, 0x20, 0x74, 0x72, 0x61, 0x6e, 0x73
  .byte 0x66, 0x6f, 0x72, 0x6d, 0x65, 0x64, 0x20, 0x64, 0x61, 0x74, 0x61, 0x20, 0x28, 0x77, 0x68, 0x69
  .byte 0x63, 0x68, 0x20, 0x69, 0x73, 0x20, 0x61, 0x6c, 0x73, 0x6f, 0x20, 0x73, 0x6f, 0x72, 0x74, 0x65
  .byte 0x64, 0x29, 0x0a, 0x20, 0x20, 0x20, 0x20, 0x20, 0x20, 0x20, 0x20, 0x20, 0x20, 0x63, 0x6f, 0x6e
  .byte 0x73, 0x74, 0x20, 0x74, 0x72, 0x61, 0x6e, 0x73, 0x66, 0x6f, 0x72, 0x6d, 0x65, 0x64, 0x49, 0x6e
  .byte 0x64, 0x65, 0x78, 0x20, 0x3d, 0x20, 0x74, 0x72, 0x61, 0x6e, 0x73, 0x66, 0x6f, 0x72, 0x6d, 0x65
  .byte 0x64, 0x44, 0x61, 0x74, 0x61, 0x2e, 0x66, 0x69, 0x6e, 0x64, 0x49, 0x6e, 0x64, 0x65, 0x78, 0x28
  .byte 0x0a, 0x20, 0x20, 0x20, 0x20, 0x20, 0x20, 0x20, 0x20, 0x20, 0x20, 0x20, 0x20, 0x28, 0x64, 0x29
  .byte 0x20, 0x3d, 0x3e, 0x20, 0x53, 0x74, 0x72, 0x69, 0x6e, 0x67, 0x28, 0x28, 0x64, 0x20, 0x61, 0x73
  .byte 0x20, 0x61, 0x6e, 0x79, 0x29, 0x5b, 0x63, 0x61, 0x74, 0x65, 0x67, 0x6f, 0x72, 0x79, 0x4b, 0x65
  .byte 0x79, 0x5d, 0x29, 0x20, 0x3d, 0x3d, 0x3d, 0x20, 0x63, 0x61, 0x74, 0x65, 0x67, 0x6f, 0x72, 0x79
  .byte 0x56, 0x61, 0x6c, 0x75, 0x65, 0x2c, 0x0a, 0x20, 0x20, 0x20, 0x20, 0x20, 0x20, 0x20, 0x20, 0x20
  .byte 0x20, 0x29, 0x3b, 0x0a, 0x20, 0x20, 0x20, 0x20, 0x20, 0x20, 0x20, 0x20, 0x20, 0x20, 0x69, 0x66
  .byte 0x20, 0x28, 0x74, 0x72, 0x61, 0x6e, 0x73, 0x66, 0x6f, 0x72, 0x6d, 0x65, 0x64, 0x49, 0x6e, 0x64
  .byte 0x65, 0x78, 0x20, 0x21, 0x3d, 0x3d, 0x20, 0x2d, 0x31, 0x29, 0x20, 0x7b, 0x0a, 0x20, 0x20, 0x20
  .byte 0x20, 0x20, 0x20, 0x20, 0x20, 0x20, 0x20, 0x20, 0x20, 0x68, 0x61, 0x6e, 0x64, 0x6c, 0x65, 0x4d
  .byte 0x6f, 0x75, 0x73, 0x65, 0x45, 0x6e, 0x74, 0x65, 0x72, 0x28, 0x74, 0x72, 0x61, 0x6e, 0x73, 0x66
  .byte 0x6f, 0x72, 0x6d, 0x65, 0x64, 0x44, 0x61, 0x74, 0x61, 0x5b, 0x74, 0x72, 0x61, 0x6e, 0x73, 0x66
  .byte 0x6f, 0x72, 0x6d, 0x65, 0x64, 0x49, 0x6e, 0x64, 0x65, 0x78, 0x5d, 0x2c, 0x20, 0x74, 0x72, 0x61
  .byte 0x6e, 0x73, 0x66, 0x6f, 0x72, 0x6d, 0x65, 0x64, 0x49, 0x6e, 0x64, 0x65, 0x78, 0x29, 0x3b, 0x0a
  .byte 0x20, 0x20, 0x20, 0x20, 0x20, 0x20, 0x20, 0x20, 0x20, 0x20, 0x7d, 0x0a, 0x20, 0x20, 0x20, 0x20
  .byte 0x20, 0x20, 0x20, 0x20, 0x7d, 0x0a, 0x20, 0x20, 0x20, 0x20, 0x20, 0x20, 0x7d, 0x20, 0x65, 0x6c
  .byte 0x73, 0x65, 0x20, 0x7b, 0x0a, 0x20, 0x20, 0x20, 0x20, 0x20, 0x20, 0x20, 0x20, 0x73, 0x65, 0x74
  .byte 0x48, 0x6f, 0x76, 0x65, 0x72, 0x65, 0x64, 0x4c, 0x65, 0x67, 0x65, 0x6e, 0x64, 0x4b, 0x65, 0x79
  .byte 0x28, 0x6e, 0x75, 0x6c, 0x6c, 0x29, 0x3b, 0x0a, 0x20, 0x20, 0x20, 0x20, 0x20, 0x20, 0x20, 0x20
  .byte 0x68, 0x61, 0x6e, 0x64, 0x6c, 0x65, 0x4d, 0x6f, 0x75, 0x73, 0x65, 0x4c, 0x65, 0x61, 0x76, 0x65
  .byte 0x28, 0x29, 0x3b, 0x0a, 0x20, 0x20, 0x20, 0x20, 0x20, 0x20, 0x7d, 0x0a, 0x20, 0x20, 0x20, 0x20
  .byte 0x7d, 0x2c, 0x0a, 0x20, 0x20, 0x20, 0x20, 0x5b, 0x0a, 0x20, 0x20, 0x20, 0x20, 0x20, 0x20, 0x73
  .byte 0x6f, 0x72, 0x74, 0x65, 0x64, 0x50, 0x72, 0x6f, 0x63, 0x65, 0x73, 0x73, 0x65, 0x64, 0x44, 0x61
  .byte 0x74, 0x61, 0x2c, 0x0a, 0x20, 0x20, 0x20, 0x20, 0x20, 0x20, 0x63, 0x61, 0x74, 0x65, 0x67, 0x6f
  .byte 0x72, 0x79, 0x4b, 0x65, 0x79, 0x2c, 0x0a, 0x20, 0x20, 0x20, 0x20, 0x20, 0x20, 0x74, 0x72, 0x61
  .byte 0x6e, 0x73, 0x66, 0x6f, 0x72, 0x6d, 0x65, 0x64, 0x44, 0x61, 0x74, 0x61, 0x2c, 0x0a, 0x20, 0x20
  .byte 0x20, 0x20, 0x20, 0x20, 0x68, 0x61, 0x6e, 0x64, 0x6c, 0x65, 0x4d, 0x6f, 0x75, 0x73, 0x65, 0x45
  .byte 0x6e, 0x74, 0x65, 0x72, 0x2c, 0x0a, 0x20, 0x20, 0x20, 0x20, 0x20, 0x20, 0x68, 0x61, 0x6e, 0x64
  .byte 0x6c, 0x65, 0x4d, 0x6f, 0x75, 0x73, 0x65, 0x4c, 0x65, 0x61, 0x76, 0x65, 0x2c, 0x0a, 0x20, 0x20
  .byte 0x20, 0x20, 0x20, 0x20, 0x6c, 0x65, 0x67, 0x65, 0x6e, 0x64, 0x56, 0x61, 0x72, 0x69, 0x61, 0x6e
  .byte 0x74, 0x2c, 0x0a, 0x20, 0x20, 0x20, 0x20, 0x5d, 0x2c, 0x0a, 0x20, 0x20, 0x29, 0x3b, 0x0a, 0x0a
  .byte 0x20, 0x20, 0x2f, 0x2f, 0x20, 0x45, 0x6e, 0x68, 0x61, 0x6e, 0x63, 0x65, 0x64, 0x20, 0x63, 0x68
  .byte 0x61, 0x72, 0x74, 0x20, 0x68, 0x6f, 0x76, 0x65, 0x72, 0x20, 0x68, 0x61, 0x6e, 0x64, 0x6c, 0x65
  .byte 0x72, 0x73, 0x0a, 0x20, 0x20, 0x63, 0x6f, 0x6e, 0x73, 0x74, 0x20, 0x68, 0x61, 0x6e, 0x64, 0x6c
  .byte 0x65, 0x43, 0x68, 0x61, 0x72, 0x74, 0x4d, 0x6f, 0x75, 0x73, 0x65, 0x45, 0x6e, 0x74, 0x65, 0x72
  .byte 0x20, 0x3d, 0x20, 0x75, 0x73, 0x65, 0x43, 0x61, 0x6c, 0x6c, 0x62, 0x61, 0x63, 0x6b, 0x28, 0x0a
  .byte 0x20, 0x20, 0x20, 0x20, 0x28, 0x65, 0x6e, 0x74, 0x72, 0x79, 0x3a, 0x20, 0x61, 0x6e, 0x79, 0x2c
  .byte 0x20, 0x69, 0x6e, 0x64, 0x65, 0x78, 0x3a, 0x20, 0x6e, 0x75, 0x6d, 0x62, 0x65, 0x72, 0x29, 0x20
  .byte 0x3d, 0x3e, 0x20, 0x7b, 0x0a, 0x20, 0x20, 0x20, 0x20, 0x20, 0x20, 0x68, 0x61, 0x6e, 0x64, 0x6c
  .byte 0x65, 0x4d, 0x6f, 0x75, 0x73, 0x65, 0x45, 0x6e, 0x74, 0x65, 0x72, 0x28, 0x65, 0x6e, 0x74, 0x72
  .byte 0x79, 0x2c, 0x20, 0x69, 0x6e, 0x64, 0x65, 0x78, 0x29, 0x3b, 0x0a, 0x20, 0x20, 0x20, 0x20, 0x20
  .byte 0x20, 0x69, 0x66, 0x20, 0x28, 0x6c, 0x65, 0x67, 0x65, 0x6e, 0x64, 0x20, 0x26, 0x26, 0x20, 0x6c
  .byte 0x65, 0x67, 0x65, 0x6e, 0x64, 0x56, 0x61, 0x72, 0x69, 0x61, 0x6e, 0x74, 0x20, 0x3d, 0x3d, 0x3d
  .byte 0x20, 0x22, 0x73, 0x74, 0x61, 0x63, 0x6b, 0x65, 0x64, 0x22, 0x29, 0x20, 0x7b, 0x0a, 0x20, 0x20
  .byte 0x20, 0x20, 0x20, 0x20, 0x20, 0x20, 0x73, 0x65, 0x74, 0x48, 0x6f, 0x76, 0x65, 0x72, 0x65, 0x64
  .byte 0x4c, 0x65, 0x67, 0x65, 0x6e, 0x64, 0x4b, 0x65, 0x79, 0x28, 0x53, 0x74, 0x72, 0x69, 0x6e, 0x67
  .byte 0x28, 0x65, 0x6e, 0x74, 0x72, 0x79, 0x5b, 0x63, 0x61, 0x74, 0x65, 0x67, 0x6f, 0x72, 0x79, 0x4b
  .byte 0x65, 0x79, 0x5d, 0x29, 0x29, 0x3b, 0x0a, 0x20, 0x20, 0x20, 0x20, 0x20, 0x20, 0x7d, 0x0a, 0x20
  .byte 0x20, 0x20, 0x20, 0x20, 0x20, 0x65, 0x76, 0x65, 0x6e, 0x74, 0x48, 0x61, 0x6e, 0x64, 0x6c, 0x65
  .byte 0x72, 0x73, 0x2e, 0x6f, 0x6e, 0x4d, 0x6f, 0x75, 0x73, 0x65, 0x45, 0x6e, 0x74, 0x65, 0x72, 0x3f
  .byte 0x2e, 0x28, 0x65, 0x6e, 0x74, 0x72, 0x79, 0x2c, 0x20, 0x69, 0x6e, 0x64, 0x65, 0x78, 0x29, 0x3b
  .byte 0x0a, 0x20, 0x20, 0x20, 0x20, 0x7d, 0x2c, 0x0a, 0x20, 0x20, 0x20, 0x20, 0x5b, 0x68, 0x61, 0x6e
  .byte 0x64, 0x6c, 0x65, 0x4d, 0x6f, 0x75, 0x73, 0x65, 0x45, 0x6e, 0x74, 0x65, 0x72, 0x2c, 0x20, 0x63
  .byte 0x61, 0x74, 0x65, 0x67, 0x6f, 0x72, 0x79, 0x4b, 0x65, 0x79, 0x2c, 0x20, 0x6c, 0x65, 0x67, 0x65
  .byte 0x6e, 0x64, 0x2c, 0x20, 0x6c, 0x65, 0x67, 0x65, 0x6e, 0x64, 0x56, 0x61, 0x72, 0x69, 0x61, 0x6e
  .byte 0x74, 0x2c, 0x20, 0x65, 0x76, 0x65, 0x6e, 0x74, 0x48, 0x61, 0x6e, 0x64, 0x6c, 0x65, 0x72, 0x73
  .byte 0x2e, 0x6f, 0x6e, 0x4d, 0x6f, 0x75, 0x73, 0x65, 0x45, 0x6e, 0x74, 0x65, 0x72, 0x5d, 0x2c, 0x0a
  .byte 0x20, 0x20, 0x29, 0x3b, 0x0a, 0x0a, 0x20, 0x20, 0x63, 0x6f, 0x6e, 0x73, 0x74, 0x20, 0x68, 0x61
  .byte 0x6e, 0x64, 0x6c, 0x65, 0x43, 0x68, 0x61, 0x72, 0x74, 0x4d, 0x6f, 0x75, 0x73, 0x65, 0x4c, 0x65
  .byte 0x61, 0x76, 0x65, 0x20, 0x3d, 0x20, 0x75, 0x73, 0x65, 0x43, 0x61, 0x6c, 0x6c, 0x62, 0x61, 0x63
  .byte 0x6b, 0x28, 0x28, 0x29, 0x20, 0x3d, 0x3e, 0x20, 0x7b, 0x0a, 0x20, 0x20, 0x20, 0x20, 0x68, 0x61
  .byte 0x6e, 0x64, 0x6c, 0x65, 0x4d, 0x6f, 0x75, 0x73, 0x65, 0x4c, 0x65, 0x61, 0x76, 0x65, 0x28, 0x29
  .byte 0x3b, 0x0a, 0x20, 0x20, 0x20, 0x20, 0x69, 0x66, 0x20, 0x28, 0x6c, 0x65, 0x67, 0x65, 0x6e, 0x64
  .byte 0x20, 0x26, 0x26, 0x20, 0x6c, 0x65, 0x67, 0x65, 0x6e, 0x64, 0x56, 0x61, 0x72, 0x69, 0x61, 0x6e
  .byte 0x74, 0x20, 0x3d, 0x3d, 0x3d, 0x20, 0x22, 0x73, 0x74, 0x61, 0x63, 0x6b, 0x65, 0x64, 0x22, 0x29
  .byte 0x20, 0x7b, 0x0a, 0x20, 0x20, 0x20, 0x20, 0x20, 0x20, 0x73, 0x65, 0x74, 0x48, 0x6f, 0x76, 0x65
  .byte 0x72, 0x65, 0x64, 0x4c, 0x65, 0x67, 0x65, 0x6e, 0x64, 0x4b, 0x65, 0x79, 0x28, 0x6e, 0x75, 0x6c
  .byte 0x6c, 0x29, 0x3b, 0x0a, 0x20, 0x20, 0x20, 0x20, 0x7d, 0x0a, 0x20, 0x20, 0x20, 0x20, 0x65, 0x76
  .byte 0x65, 0x6e, 0x74, 0x48, 0x61, 0x6e, 0x64, 0x6c, 0x65, 0x72, 0x73, 0x2e, 0x6f, 0x6e, 0x4d, 0x6f
  .byte 0x75, 0x73, 0x65, 0x4c, 0x65, 0x61, 0x76, 0x65, 0x3f, 0x2e, 0x28, 0x29, 0x3b, 0x0a, 0x20, 0x20
  .byte 0x7d, 0x2c, 0x20, 0x5b, 0x68, 0x61, 0x6e, 0x64, 0x6c, 0x65, 0x4d, 0x6f, 0x75, 0x73, 0x65, 0x4c
  .byte 0x65, 0x61, 0x76, 0x65, 0x2c, 0x20, 0x6c, 0x65, 0x67, 0x65, 0x6e, 0x64, 0x2c, 0x20, 0x6c, 0x65
  .byte 0x67, 0x65, 0x6e, 0x64, 0x56, 0x61, 0x72, 0x69, 0x61, 0x6e, 0x74, 0x2c, 0x20, 0x65, 0x76, 0x65
  .byte 0x6e, 0x74, 0x48, 0x61, 0x6e, 0x64, 0x6c, 0x65, 0x72, 0x73, 0x2e, 0x6f, 0x6e, 0x4d, 0x6f, 0x75
  .byte 0x73, 0x65, 0x4c, 0x65, 0x61, 0x76, 0x65, 0x5d, 0x29, 0x3b, 0x0a, 0x0a, 0x20, 0x20, 0x2f, 0x2f
  .byte 0x20, 0x53, 0x65, 0x74, 0x75, 0x70, 0x20, 0x52, 0x65, 0x73, 0x69, 0x7a, 0x65, 0x4f, 0x62, 0x73
  .byte 0x65, 0x72, 0x76, 0x65, 0x72, 0x20, 0x74, 0x6f, 0x20, 0x77, 0x61, 0x74, 0x63, 0x68, 0x20, 0x74
  .byte 0x68, 0x65, 0x20, 0x77, 0x72, 0x61, 0x70, 0x70, 0x65, 0x72, 0x20, 0x65, 0x6c, 0x65, 0x6d, 0x65
  .byte 0x6e, 0x74, 0x0a, 0x20, 0x20, 0x75, 0x73, 0x65, 0x45, 0x66, 0x66, 0x65, 0x63, 0x74, 0x28, 0x28
  .byte 0x29, 0x20, 0x3d, 0x3e, 0x20, 0x7b, 0x0a, 0x20, 0x20, 0x20, 0x20, 0x63, 0x6f, 0x6e, 0x73, 0x74
  .byte 0x20, 0x77, 0x72, 0x61, 0x70, 0x70, 0x65, 0x72, 0x20, 0x3d, 0x20, 0x77, 0x72, 0x61, 0x70, 0x70
  .byte 0x65, 0x72, 0x52, 0x65, 0x66, 0x2e, 0x63, 0x75, 0x72, 0x72, 0x65, 0x6e, 0x74, 0x3b, 0x0a, 0x20
  .byte 0x20, 0x20, 0x20, 0x69, 0x66, 0x20, 0x28, 0x21, 0x77, 0x72, 0x61, 0x70, 0x70, 0x65, 0x72, 0x29
  .byte 0x20, 0x72, 0x65, 0x74, 0x75, 0x72, 0x6e, 0x3b, 0x0a, 0x0a, 0x20, 0x20, 0x20, 0x20, 0x2f, 0x2f
  .byte 0x20, 0x55, 0x73, 0x65, 0x20, 0x52, 0x65, 0x73, 0x69, 0x7a, 0x65, 0x4f, 0x62, 0x73, 0x65, 0x72
  .byte 0x76, 0x65, 0x72, 0x20, 0x69, 0x66, 0x20, 0x63, 0x6f, 0x6d, 0x70, 0x6f, 0x6e, 0x65, 0x6e, 0x74
  .byte 0x20, 0x69, 0x73, 0x20, 0x69, 0x6e, 0x20, 0x72, 0x65, 0x73, 0x70, 0x6f, 0x6e, 0x73, 0x69, 0x76
  .byte 0x65, 0x20, 0x6d, 0x6f, 0x64, 0x65, 0x20, 0x28, 0x6e, 0x6f, 0x20, 0x66, 0x69, 0x78, 0x65, 0x64
  .byte 0x20, 0x77, 0x69, 0x64, 0x74, 0x68, 0x2f, 0x68, 0x65, 0x69, 0x67, 0x68, 0x74, 0x29, 0x0a, 0x20
  .byte 0x20, 0x20, 0x20, 0x63, 0x6f, 0x6e, 0x73, 0x74, 0x20, 0x6f, 0x62, 0x73, 0x65, 0x72, 0x76, 0x65
  .byte 0x72, 0x20, 0x3d, 0x20, 0x6e, 0x65, 0x77, 0x20, 0x52, 0x65, 0x73, 0x69, 0x7a, 0x65, 0x4f, 0x62
  .byte 0x73, 0x65, 0x72, 0x76, 0x65, 0x72, 0x28, 0x28, 0x65, 0x6e, 0x74, 0x72, 0x69, 0x65, 0x73, 0x29
  .byte 0x20, 0x3d, 0x3e, 0x20, 0x7b, 0x0a, 0x20, 0x20, 0x20, 0x20, 0x20, 0x20, 0x63, 0x6f, 0x6e, 0x73
  .byte 0x74, 0x20, 0x65, 0x6e, 0x74, 0x72, 0x79, 0x20, 0x3d, 0x20, 0x65, 0x6e, 0x74, 0x72, 0x69, 0x65
  .byte 0x73, 0x5b, 0x30, 0x5d, 0x3b, 0x0a, 0x20, 0x20, 0x20, 0x20, 0x20, 0x20, 0x69, 0x66, 0x20, 0x28
  .byte 0x65, 0x6e, 0x74, 0x72, 0x79, 0x29, 0x20, 0x7b, 0x0a, 0x20, 0x20, 0x20, 0x20, 0x20, 0x20, 0x20
  .byte 0x20, 0x73, 0x65, 0x74, 0x57, 0x72, 0x61, 0x70, 0x70, 0x65, 0x72, 0x52, 0x65, 0x63, 0x74, 0x28
  .byte 0x7b, 0x0a, 0x20, 0x20, 0x20, 0x20, 0x20, 0x20, 0x20, 0x20, 0x20, 0x20, 0x77, 0x69, 0x64, 0x74
  .byte 0x68, 0x3a, 0x20, 0x65, 0x6e, 0x74, 0x72, 0x79, 0x2e, 0x63, 0x6f, 0x6e, 0x74, 0x65, 0x6e, 0x74
  .byte 0x52, 0x65, 0x63, 0x74, 0x2e, 0x77, 0x69, 0x64, 0x74, 0x68, 0x2c, 0x0a, 0x20, 0x20, 0x20, 0x20
  .byte 0x20, 0x20, 0x20, 0x20, 0x20, 0x20, 0x68, 0x65, 0x69, 0x67, 0x68, 0x74, 0x3a, 0x20, 0x65, 0x6e
  .byte 0x74, 0x72, 0x79, 0x2e, 0x63, 0x6f, 0x6e, 0x74, 0x65, 0x6e, 0x74, 0x52, 0x65, 0x63, 0x74, 0x2e
  .byte 0x68, 0x65, 0x69, 0x67, 0x68, 0x74, 0x2c, 0x0a, 0x20, 0x20, 0x20, 0x20, 0x20, 0x20, 0x20, 0x20
  .byte 0x7d, 0x29, 0x3b, 0x0a, 0x20, 0x20, 0x20, 0x20, 0x20, 0x20, 0x7d, 0x0a, 0x20, 0x20, 0x20, 0x20
  .byte 0x7d, 0x29, 0x3b, 0x0a, 0x20, 0x20, 0x20, 0x20, 0x6f, 0x62, 0x73, 0x65, 0x72, 0x76, 0x65, 0x72
  .byte 0x2e, 0x6f, 0x62, 0x73, 0x65, 0x72, 0x76, 0x65, 0x28, 0x77, 0x72, 0x61, 0x70, 0x70, 0x65, 0x72
  .byte 0x29, 0x3b, 0x0a, 0x20, 0x20, 0x20, 0x20, 0x72, 0x65, 0x74, 0x75, 0x72, 0x6e, 0x20, 0x28, 0x29
  .byte 0x20, 0x3d, 0x3e, 0x20, 0x6f, 0x62, 0x73, 0x65, 0x72, 0x76, 0x65, 0x72, 0x2e, 0x64, 0x69, 0x73
  .byte 0x63, 0x6f, 0x6e, 0x6e, 0x65, 0x63, 0x74, 0x28, 0x29, 0x3b, 0x0a, 0x20, 0x20, 0x7d, 0x2c, 0x20
  .byte 0x5b, 0x5d, 0x29, 0x3b, 0x0a, 0x0a, 0x20, 0x20, 0x63, 0x6f, 0x6e, 0x73, 0x74, 0x20, 0x72, 0x65
  .byte 0x6e, 0x64, 0x65, 0x72, 0x4c, 0x65, 0x67, 0x65, 0x6e, 0x64, 0x20, 0x3d, 0x20, 0x75, 0x73, 0x65
  .byte 0x43, 0x61, 0x6c, 0x6c, 0x62, 0x61, 0x63, 0x6b, 0x28, 0x28, 0x29, 0x20, 0x3d, 0x3e, 0x20, 0x7b
  .byte 0x0a, 0x20, 0x20, 0x20, 0x20, 0x69, 0x66, 0x20, 0x28, 0x21, 0x6c, 0x65, 0x67, 0x65, 0x6e, 0x64
  .byte 0x29, 0x20, 0x72, 0x65, 0x74, 0x75, 0x72, 0x6e, 0x20, 0x6e, 0x75, 0x6c, 0x6c, 0x3b, 0x0a, 0x20
  .byte 0x20, 0x20, 0x20, 0x69, 0x66, 0x20, 0x28, 0x6c, 0x65, 0x67, 0x65, 0x6e, 0x64, 0x56, 0x61, 0x72
  .byte 0x69, 0x61, 0x6e, 0x74, 0x20, 0x3d, 0x3d, 0x3d, 0x20, 0x22, 0x73, 0x74, 0x61, 0x63, 0x6b, 0x65
  .byte 0x64, 0x22, 0x29, 0x20, 0x7b, 0x0a, 0x20, 0x20, 0x20, 0x20, 0x20, 0x20, 0x72, 0x65, 0x74, 0x75
  .byte 0x72, 0x6e, 0x20, 0x28, 0x0a, 0x20, 0x20, 0x20, 0x20, 0x20, 0x20, 0x20, 0x20, 0x3c, 0x64, 0x69
  .byte 0x76, 0x20, 0x63, 0x6c, 0x61, 0x73, 0x73, 0x4e, 0x61, 0x6d, 0x65, 0x3d, 0x22, 0x6f, 0x70, 0x65
  .byte 0x6e, 0x75, 0x69, 0x2d, 0x72, 0x61, 0x64, 0x69, 0x61, 0x6c, 0x2d, 0x63, 0x68, 0x61, 0x72, 0x74
  .byte 0x2d, 0x6c, 0x65, 0x67, 0x65, 0x6e, 0x64, 0x2d, 0x63, 0x6f, 0x6e, 0x74, 0x61, 0x69, 0x6e, 0x65
  .byte 0x72, 0x22, 0x3e, 0x0a, 0x20, 0x20, 0x20, 0x20, 0x20, 0x20, 0x20, 0x20, 0x20, 0x20, 0x3c, 0x53
  .byte 0x74, 0x61, 0x63, 0x6b, 0x65, 0x64, 0x4c, 0x65, 0x67, 0x65, 0x6e, 0x64, 0x0a, 0x20, 0x20, 0x20
  .byte 0x20, 0x20, 0x20, 0x20, 0x20, 0x20, 0x20, 0x20, 0x20, 0x69, 0x74, 0x65, 0x6d, 0x73, 0x3d, 0x7b
  .byte 0x6c, 0x65, 0x67, 0x65, 0x6e, 0x64, 0x49, 0x74, 0x65, 0x6d, 0x73, 0x7d, 0x0a, 0x20, 0x20, 0x20
  .byte 0x20, 0x20, 0x20, 0x20, 0x20, 0x20, 0x20, 0x20, 0x20, 0x6f, 0x6e, 0x49, 0x74, 0x65, 0x6d, 0x48
  .byte 0x6f, 0x76, 0x65, 0x72, 0x3d, 0x7b, 0x73, 0x65, 0x74, 0x48, 0x6f, 0x76, 0x65, 0x72, 0x65, 0x64
  .byte 0x4c, 0x65, 0x67, 0x65, 0x6e, 0x64, 0x4b, 0x65, 0x79, 0x7d, 0x0a, 0x20, 0x20, 0x20, 0x20, 0x20
  .byte 0x20, 0x20, 0x20, 0x20, 0x20, 0x20, 0x20, 0x61, 0x63, 0x74, 0x69, 0x76, 0x65, 0x4b, 0x65, 0x79
  .byte 0x3d, 0x7b, 0x68, 0x6f, 0x76, 0x65, 0x72, 0x65, 0x64, 0x4c, 0x65, 0x67, 0x65, 0x6e, 0x64, 0x4b
  .byte 0x65, 0x79, 0x7d, 0x0a, 0x20, 0x20, 0x20, 0x20, 0x20, 0x20, 0x20, 0x20, 0x20, 0x20, 0x20, 0x20
  .byte 0x6f, 0x6e, 0x4c, 0x65, 0x67, 0x65, 0x6e, 0x64, 0x49, 0x74, 0x65, 0x6d, 0x48, 0x6f, 0x76, 0x65
  .byte 0x72, 0x3d, 0x7b, 0x68, 0x61, 0x6e, 0x64, 0x6c, 0x65, 0x4c, 0x65, 0x67, 0x65, 0x6e, 0x64, 0x49
  .byte 0x74, 0x65, 0x6d, 0x48, 0x6f, 0x76, 0x65, 0x72, 0x7d, 0x0a, 0x20, 0x20, 0x20, 0x20, 0x20, 0x20
  .byte 0x20, 0x20, 0x20, 0x20, 0x20, 0x20, 0x63, 0x6f, 0x6e, 0x74, 0x61, 0x69, 0x6e, 0x65, 0x72, 0x57
  .byte 0x69, 0x64, 0x74, 0x68, 0x3d, 0x7b, 0x69, 0x73, 0x52, 0x6f, 0x77, 0x4c, 0x61, 0x79, 0x6f, 0x75
  .byte 0x74, 0x20, 0x3f, 0x20, 0x75, 0x6e, 0x64, 0x65, 0x66, 0x69, 0x6e, 0x65, 0x64, 0x20, 0x3a, 0x20
  .byte 0x77, 0x72, 0x61, 0x70, 0x70, 0x65, 0x72, 0x52, 0x65, 0x63, 0x74, 0x2e, 0x77, 0x69, 0x64, 0x74
  .byte 0x68, 0x7d, 0x0a, 0x20, 0x20, 0x20, 0x20, 0x20, 0x20, 0x20, 0x20, 0x20, 0x20, 0x2f, 0x3e, 0x0a
  .byte 0x20, 0x20, 0x20, 0x20, 0x20, 0x20, 0x20, 0x20, 0x3c, 0x2f, 0x64, 0x69, 0x76, 0x3e, 0x0a, 0x20
  .byte 0x20, 0x20, 0x20, 0x20, 0x20, 0x29, 0x3b, 0x0a, 0x20, 0x20, 0x20, 0x20, 0x7d, 0x0a, 0x20, 0x20
  .byte 0x20, 0x20, 0x72, 0x65, 0x74, 0x75, 0x72, 0x6e, 0x20, 0x28, 0x0a, 0x20, 0x20, 0x20, 0x20, 0x20
  .byte 0x20, 0x3c, 0x44, 0x65, 0x66, 0x61, 0x75, 0x6c, 0x74, 0x4c, 0x65, 0x67, 0x65, 0x6e, 0x64, 0x0a
  .byte 0x20, 0x20, 0x20, 0x20, 0x20, 0x20, 0x20, 0x20, 0x69, 0x74, 0x65, 0x6d, 0x73, 0x3d, 0x7b, 0x64
  .byte 0x65, 0x66, 0x61, 0x75, 0x6c, 0x74, 0x4c, 0x65, 0x67, 0x65, 0x6e, 0x64, 0x49, 0x74, 0x65, 0x6d
  .byte 0x73, 0x7d, 0x0a, 0x20, 0x20, 0x20, 0x20, 0x20, 0x20, 0x20, 0x20, 0x63, 0x6f, 0x6e, 0x74, 0x61
  .byte 0x69, 0x6e, 0x65, 0x72, 0x57, 0x69, 0x64, 0x74, 0x68, 0x3d, 0x7b, 0x77, 0x72, 0x61, 0x70, 0x70
  .byte 0x65, 0x72, 0x52, 0x65, 0x63, 0x74, 0x2e, 0x77, 0x69, 0x64, 0x74, 0x68, 0x7d, 0x0a, 0x20, 0x20
  .byte 0x20, 0x20, 0x20, 0x20, 0x20, 0x20, 0x69, 0x73, 0x45, 0x78, 0x70, 0x61, 0x6e, 0x64, 0x65, 0x64
  .byte 0x3d, 0x7b, 0x69, 0x73, 0x4c, 0x65, 0x67, 0x65, 0x6e, 0x64, 0x45, 0x78, 0x70, 0x61, 0x6e, 0x64
  .byte 0x65, 0x64, 0x7d, 0x0a, 0x20, 0x20, 0x20, 0x20, 0x20, 0x20, 0x20, 0x20, 0x73, 0x65, 0x74, 0x49
  .byte 0x73, 0x45, 0x78, 0x70, 0x61, 0x6e, 0x64, 0x65, 0x64, 0x3d, 0x7b, 0x73, 0x65, 0x74, 0x49, 0x73
  .byte 0x4c, 0x65, 0x67, 0x65, 0x6e, 0x64, 0x45, 0x78, 0x70, 0x61, 0x6e, 0x64, 0x65, 0x64, 0x7d, 0x0a
  .byte 0x20, 0x20, 0x20, 0x20, 0x20, 0x20, 0x2f, 0x3e, 0x0a, 0x20, 0x20, 0x20, 0x20, 0x29, 0x3b, 0x0a
  .byte 0x20, 0x20, 0x7d, 0x2c, 0x20, 0x5b, 0x0a, 0x20, 0x20, 0x20, 0x20, 0x6c, 0x65, 0x67, 0x65, 0x6e
  .byte 0x64, 0x2c, 0x0a, 0x20, 0x20, 0x20, 0x20, 0x6c, 0x65, 0x67, 0x65, 0x6e, 0x64, 0x56, 0x61, 0x72
  .byte 0x69, 0x61, 0x6e, 0x74, 0x2c, 0x0a, 0x20, 0x20, 0x20, 0x20, 0x6c, 0x65, 0x67, 0x65, 0x6e, 0x64
  .byte 0x49, 0x74, 0x65, 0x6d, 0x73, 0x2c, 0x0a, 0x20, 0x20, 0x20, 0x20, 0x68, 0x6f, 0x76, 0x65, 0x72
  .byte 0x65, 0x64, 0x4c, 0x65, 0x67, 0x65, 0x6e, 0x64, 0x4b, 0x65, 0x79, 0x2c, 0x0a, 0x20, 0x20, 0x20
  .byte 0x20, 0x68, 0x61, 0x6e, 0x64, 0x6c, 0x65, 0x4c, 0x65, 0x67, 0x65, 0x6e, 0x64, 0x49, 0x74, 0x65
  .byte 0x6d, 0x48, 0x6f, 0x76, 0x65, 0x72, 0x2c, 0x0a, 0x20, 0x20, 0x20, 0x20, 0x77, 0x72, 0x61, 0x70
  .byte 0x70, 0x65, 0x72, 0x52, 0x65, 0x63, 0x74, 0x2e, 0x77, 0x69, 0x64, 0x74, 0x68, 0x2c, 0x0a, 0x20
  .byte 0x20, 0x20, 0x20, 0x69, 0x73, 0x52, 0x6f, 0x77, 0x4c, 0x61, 0x79, 0x6f, 0x75, 0x74, 0x2c, 0x0a
  .byte 0x20, 0x20, 0x20, 0x20, 0x64, 0x65, 0x66, 0x61, 0x75, 0x6c, 0x74, 0x4c, 0x65, 0x67, 0x65, 0x6e
  .byte 0x64, 0x49, 0x74, 0x65, 0x6d, 0x73, 0x2c, 0x0a, 0x20, 0x20, 0x20, 0x20, 0x69, 0x73, 0x4c, 0x65
  .byte 0x67, 0x65, 0x6e, 0x64, 0x45, 0x78, 0x70, 0x61, 0x6e, 0x64, 0x65, 0x64, 0x2c, 0x0a, 0x20, 0x20
  .byte 0x5d, 0x29, 0x3b, 0x0a, 0x0a, 0x20, 0x20, 0x63, 0x6f, 0x6e, 0x73, 0x74, 0x20, 0x77, 0x72, 0x61
  .byte 0x70, 0x70, 0x65, 0x72, 0x43, 0x6c, 0x61, 0x73, 0x73, 0x4e, 0x61, 0x6d, 0x65, 0x20, 0x3d, 0x20
  .byte 0x63, 0x6c, 0x73, 0x78, 0x28, 0x22, 0x6f, 0x70, 0x65, 0x6e, 0x75, 0x69, 0x2d, 0x72, 0x61, 0x64
  .byte 0x69, 0x61, 0x6c, 0x2d, 0x63, 0x68, 0x61, 0x72, 0x74, 0x2d, 0x63, 0x6f, 0x6e, 0x74, 0x61, 0x69
  .byte 0x6e, 0x65, 0x72, 0x2d, 0x77, 0x72, 0x61, 0x70, 0x70, 0x65, 0x72, 0x22, 0x2c, 0x20, 0x63, 0x6c
  .byte 0x61, 0x73, 0x73, 0x4e, 0x61, 0x6d, 0x65, 0x2c, 0x20, 0x7b, 0x0a, 0x20, 0x20, 0x20, 0x20, 0x22
  .byte 0x6c, 0x61, 0x79, 0x6f, 0x75, 0x74, 0x2d, 0x72, 0x6f, 0x77, 0x22, 0x3a, 0x20, 0x69, 0x73, 0x52
  .byte 0x6f, 0x77, 0x4c, 0x61, 0x79, 0x6f, 0x75, 0x74, 0x2c, 0x0a, 0x20, 0x20, 0x20, 0x20, 0x22, 0x6c
  .byte 0x61, 0x79, 0x6f, 0x75, 0x74, 0x2d, 0x63, 0x6f, 0x6c, 0x75, 0x6d, 0x6e, 0x22, 0x3a, 0x20, 0x21
  .byte 0x69, 0x73, 0x52, 0x6f, 0x77, 0x4c, 0x61, 0x79, 0x6f, 0x75, 0x74, 0x2c, 0x0a, 0x20, 0x20, 0x20
  .byte 0x20, 0x22, 0x6c, 0x65, 0x67, 0x65, 0x6e, 0x64, 0x2d, 0x64, 0x65, 0x66, 0x61, 0x75, 0x6c, 0x74
  .byte 0x22, 0x3a, 0x20, 0x6c, 0x65, 0x67, 0x65, 0x6e, 0x64, 0x20, 0x26, 0x26, 0x20, 0x6c, 0x65, 0x67
  .byte 0x65, 0x6e, 0x64, 0x56, 0x61, 0x72, 0x69, 0x61, 0x6e, 0x74, 0x20, 0x3d, 0x3d, 0x3d, 0x20, 0x22
  .byte 0x64, 0x65, 0x66, 0x61, 0x75, 0x6c, 0x74, 0x22, 0x2c, 0x0a, 0x20, 0x20, 0x20, 0x20, 0x22, 0x6c
  .byte 0x65, 0x67, 0x65, 0x6e, 0x64, 0x2d, 0x73, 0x74, 0x61, 0x63, 0x6b, 0x65, 0x64, 0x22, 0x3a, 0x20
  .byte 0x6c, 0x65, 0x67, 0x65, 0x6e, 0x64, 0x20, 0x26, 0x26, 0x20, 0x6c, 0x65, 0x67, 0x65, 0x6e, 0x64
  .byte 0x56, 0x61, 0x72, 0x69, 0x61, 0x6e, 0x74, 0x20, 0x3d, 0x3d, 0x3d, 0x20, 0x22, 0x73, 0x74, 0x61
  .byte 0x63, 0x6b, 0x65, 0x64, 0x22, 0x2c, 0x0a, 0x20, 0x20, 0x7d, 0x29, 0x3b, 0x0a, 0x0a, 0x20, 0x20
  .byte 0x2f, 0x2f, 0x20, 0x43, 0x6f, 0x72, 0x72, 0x65, 0x63, 0x74, 0x20, 0x61, 0x6e, 0x67, 0x6c, 0x65
  .byte 0x73, 0x20, 0x66, 0x6f, 0x72, 0x20, 0x73, 0x65, 0x6d, 0x69, 0x63, 0x69, 0x72, 0x63, 0x6c, 0x65
  .byte 0x20, 0x28, 0x74, 0x6f, 0x70, 0x20, 0x68, 0x61, 0x6c, 0x66, 0x29, 0x0a, 0x20, 0x20, 0x63, 0x6f
  .byte 0x6e, 0x73, 0x74, 0x20, 0x73, 0x74, 0x61, 0x72, 0x74, 0x41, 0x6e, 0x67, 0x6c, 0x65, 0x20, 0x3d
  .byte 0x20, 0x76, 0x61, 0x72, 0x69, 0x61, 0x6e, 0x74, 0x20, 0x3d, 0x3d, 0x3d, 0x20, 0x22, 0x73, 0x65
  .byte 0x6d, 0x69, 0x63, 0x69, 0x72, 0x63, 0x6c, 0x65, 0x22, 0x20, 0x3f, 0x20, 0x31, 0x38, 0x30, 0x20
  .byte 0x3a, 0x20, 0x30, 0x3b, 0x0a, 0x20, 0x20, 0x63, 0x6f, 0x6e, 0x73, 0x74, 0x20, 0x65, 0x6e, 0x64
  .byte 0x41, 0x6e, 0x67, 0x6c, 0x65, 0x20, 0x3d, 0x20, 0x76, 0x61, 0x72, 0x69, 0x61, 0x6e, 0x74, 0x20
  .byte 0x3d, 0x3d, 0x3d, 0x20, 0x22, 0x73, 0x65, 0x6d, 0x69, 0x63, 0x69, 0x72, 0x63, 0x6c, 0x65, 0x22
  .byte 0x20, 0x3f, 0x20, 0x30, 0x20, 0x3a, 0x20, 0x33, 0x36, 0x30, 0x3b, 0x0a, 0x0a, 0x20, 0x20, 0x63
  .byte 0x6f, 0x6e, 0x73, 0x74, 0x20, 0x77, 0x72, 0x61, 0x70, 0x70, 0x65, 0x72, 0x53, 0x74, 0x79, 0x6c
  .byte 0x65, 0x20, 0x3d, 0x20, 0x75, 0x73, 0x65, 0x4d, 0x65, 0x6d, 0x6f, 0x28, 0x28, 0x29, 0x20, 0x3d
  .byte 0x3e, 0x20, 0x7b, 0x0a, 0x20, 0x20, 0x20, 0x20, 0x63, 0x6f, 0x6e, 0x73, 0x74, 0x20, 0x66, 0x6f
  .byte 0x72, 0x6d, 0x61, 0x74, 0x44, 0x69, 0x6d, 0x65, 0x6e, 0x73, 0x69, 0x6f, 0x6e, 0x20, 0x3d, 0x20
  .byte 0x28, 0x76, 0x61, 0x6c, 0x75, 0x65, 0x3a, 0x20, 0x6e, 0x75, 0x6d, 0x62, 0x65, 0x72, 0x20, 0x7c
  .byte 0x20, 0x73, 0x74, 0x72, 0x69, 0x6e, 0x67, 0x20, 0x7c, 0x20, 0x75, 0x6e, 0x64, 0x65, 0x66, 0x69
  .byte 0x6e, 0x65, 0x64, 0x29, 0x20, 0x3d, 0x3e, 0x20, 0x7b, 0x0a, 0x20, 0x20, 0x20, 0x20, 0x20, 0x20
  .byte 0x69, 0x66, 0x20, 0x28, 0x74, 0x79, 0x70, 0x65, 0x6f, 0x66, 0x20, 0x76, 0x61, 0x6c, 0x75, 0x65
  .byte 0x20, 0x3d, 0x3d, 0x3d, 0x20, 0x22, 0x6e, 0x75, 0x6d, 0x62, 0x65, 0x72, 0x22, 0x29, 0x20, 0x7b
  .byte 0x0a, 0x20, 0x20, 0x20, 0x20, 0x20, 0x20, 0x20, 0x20, 0x72, 0x65, 0x74, 0x75, 0x72, 0x6e, 0x20
  .byte 0x60, 0x24, 0x7b, 0x76, 0x61, 0x6c, 0x75, 0x65, 0x7d, 0x70, 0x78, 0x60, 0x3b, 0x0a, 0x20, 0x20
  .byte 0x20, 0x20, 0x20, 0x20, 0x7d, 0x0a, 0x20, 0x20, 0x20, 0x20, 0x20, 0x20, 0x72, 0x65, 0x74, 0x75
  .byte 0x72, 0x6e, 0x20, 0x76, 0x61, 0x6c, 0x75, 0x65, 0x3b, 0x0a, 0x20, 0x20, 0x20, 0x20, 0x7d, 0x3b
  .byte 0x0a, 0x20, 0x20, 0x20, 0x20, 0x63, 0x6f, 0x6e, 0x73, 0x74, 0x20, 0x64, 0x69, 0x6d, 0x65, 0x6e
  .byte 0x73, 0x69, 0x6f, 0x6e, 0x73, 0x20, 0x3d, 0x20, 0x7b, 0x0a, 0x20, 0x20, 0x20, 0x20, 0x20, 0x20
  .byte 0x77, 0x69, 0x64, 0x74, 0x68, 0x3a, 0x20, 0x66, 0x6f, 0x72, 0x6d, 0x61, 0x74, 0x44, 0x69, 0x6d
  .byte 0x65, 0x6e, 0x73, 0x69, 0x6f, 0x6e, 0x28, 0x77, 0x69, 0x64, 0x74, 0x68, 0x29, 0x2c, 0x0a, 0x20
  .byte 0x20, 0x20, 0x20, 0x20, 0x20, 0x68, 0x65, 0x69, 0x67, 0x68, 0x74, 0x3a, 0x20, 0x66, 0x6f, 0x72
  .byte 0x6d, 0x61, 0x74, 0x44, 0x69, 0x6d, 0x65, 0x6e, 0x73, 0x69, 0x6f, 0x6e, 0x28, 0x68, 0x65, 0x69
  .byte 0x67, 0x68, 0x74, 0x29, 0x2c, 0x0a, 0x20, 0x20, 0x20, 0x20, 0x7d, 0x3b, 0x0a, 0x0a, 0x20, 0x20
  .byte 0x20, 0x20, 0x69, 0x66, 0x20, 0x28, 0x64, 0x69, 0x6d, 0x65, 0x6e, 0x73, 0x69, 0x6f, 0x6e, 0x73
  .byte 0x2e, 0x77, 0x69, 0x64, 0x74, 0x68, 0x20, 0x3d, 0x3d, 0x3d, 0x20, 0x75, 0x6e, 0x64, 0x65, 0x66
  .byte 0x69, 0x6e, 0x65, 0x64, 0x29, 0x20, 0x7b, 0x0a, 0x20, 0x20, 0x20, 0x20, 0x20, 0x20, 0x64, 0x65
  .byte 0x6c, 0x65, 0x74, 0x65, 0x20, 0x64, 0x69, 0x6d, 0x65, 0x6e, 0x73, 0x69, 0x6f, 0x6e, 0x73, 0x2e
  .byte 0x77, 0x69, 0x64, 0x74, 0x68, 0x3b, 0x0a, 0x20, 0x20, 0x20, 0x20, 0x7d, 0x0a, 0x0a, 0x20, 0x20
  .byte 0x20, 0x20, 0x69, 0x66, 0x20, 0x28, 0x64, 0x69, 0x6d, 0x65, 0x6e, 0x73, 0x69, 0x6f, 0x6e, 0x73
  .byte 0x2e, 0x68, 0x65, 0x69, 0x67, 0x68, 0x74, 0x20, 0x3d, 0x3d, 0x3d, 0x20, 0x75, 0x6e, 0x64, 0x65
  .byte 0x66, 0x69, 0x6e, 0x65, 0x64, 0x29, 0x20, 0x7b, 0x0a, 0x20, 0x20, 0x20, 0x20, 0x20, 0x20, 0x64
  .byte 0x65, 0x6c, 0x65, 0x74, 0x65, 0x20, 0x64, 0x69, 0x6d, 0x65, 0x6e, 0x73, 0x69, 0x6f, 0x6e, 0x73
  .byte 0x2e, 0x68, 0x65, 0x69, 0x67, 0x68, 0x74, 0x3b, 0x0a, 0x20, 0x20, 0x20, 0x20, 0x7d, 0x0a, 0x20
  .byte 0x20, 0x20, 0x20, 0x72, 0x65, 0x74, 0x75, 0x72, 0x6e, 0x20, 0x64, 0x69, 0x6d, 0x65, 0x6e, 0x73
  .byte 0x69, 0x6f, 0x6e, 0x73, 0x3b, 0x0a, 0x20, 0x20, 0x7d, 0x2c, 0x20, 0x5b, 0x77, 0x69, 0x64, 0x74
  .byte 0x68, 0x2c, 0x20, 0x68, 0x65, 0x69, 0x67, 0x68, 0x74, 0x5d, 0x29, 0x3b, 0x0a, 0x0a, 0x20, 0x20
  .byte 0x72, 0x65, 0x74, 0x75, 0x72, 0x6e, 0x20, 0x28, 0x0a, 0x20, 0x20, 0x20, 0x20, 0x3c, 0x64, 0x69
  .byte 0x76, 0x0a, 0x20, 0x20, 0x20, 0x20, 0x20, 0x20, 0x72, 0x65, 0x66, 0x3d, 0x7b, 0x77, 0x72, 0x61
  .byte 0x70, 0x70, 0x65, 0x72, 0x52, 0x65, 0x66, 0x7d, 0x0a, 0x20, 0x20, 0x20, 0x20, 0x20, 0x20, 0x63
  .byte 0x6c, 0x61, 0x73, 0x73, 0x4e, 0x61, 0x6d, 0x65, 0x3d, 0x7b, 0x77, 0x72, 0x61, 0x70, 0x70, 0x65
  .byte 0x72, 0x43, 0x6c, 0x61, 0x73, 0x73, 0x4e, 0x61, 0x6d, 0x65, 0x7d, 0x0a, 0x20, 0x20, 0x20, 0x20
  .byte 0x20, 0x20, 0x73, 0x74, 0x79, 0x6c, 0x65, 0x3d, 0x7b, 0x77, 0x72, 0x61, 0x70, 0x70, 0x65, 0x72
  .byte 0x53, 0x74, 0x79, 0x6c, 0x65, 0x7d, 0x0a, 0x20, 0x20, 0x20, 0x20, 0x20, 0x20, 0x61, 0x72, 0x69
  .byte 0x61, 0x2d, 0x64, 0x65, 0x73, 0x63, 0x72, 0x69, 0x70, 0x74, 0x69, 0x6f, 0x6e, 0x3d, 0x22, 0x72
  .byte 0x61, 0x64, 0x69, 0x61, 0x6c, 0x2d, 0x63, 0x68, 0x61, 0x72, 0x74, 0x2d, 0x77, 0x72, 0x61, 0x70
  .byte 0x70, 0x65, 0x72, 0x22, 0x0a, 0x20, 0x20, 0x20, 0x20, 0x20, 0x20, 0x64, 0x61, 0x74, 0x61, 0x2d
  .byte 0x6f, 0x70, 0x65, 0x6e, 0x75, 0x69, 0x2d, 0x63, 0x68, 0x61, 0x72, 0x74, 0x3d, 0x7b, 0x65, 0x78
  .byte 0x70, 0x6f, 0x72, 0x74, 0x44, 0x61, 0x74, 0x61, 0x7d, 0x0a, 0x20, 0x20, 0x20, 0x20, 0x3e, 0x0a
  .byte 0x20, 0x20, 0x20, 0x20, 0x20, 0x20, 0x3c, 0x64, 0x69, 0x76, 0x20, 0x63, 0x6c, 0x61, 0x73, 0x73
  .byte 0x4e, 0x61, 0x6d, 0x65, 0x3d, 0x22, 0x6f, 0x70, 0x65, 0x6e, 0x75, 0x69, 0x2d, 0x72, 0x61, 0x64
  .byte 0x69, 0x61, 0x6c, 0x2d, 0x63, 0x68, 0x61, 0x72, 0x74, 0x2d, 0x63, 0x6f, 0x6e, 0x74, 0x61, 0x69
  .byte 0x6e, 0x65, 0x72, 0x22, 0x3e, 0x0a, 0x20, 0x20, 0x20, 0x20, 0x20, 0x20, 0x20, 0x20, 0x3c, 0x64
  .byte 0x69, 0x76, 0x20, 0x63, 0x6c, 0x61, 0x73, 0x73, 0x4e, 0x61, 0x6d, 0x65, 0x3d, 0x22, 0x6f, 0x70
  .byte 0x65, 0x6e, 0x75, 0x69, 0x2d, 0x72, 0x61, 0x64, 0x69, 0x61, 0x6c, 0x2d, 0x63, 0x68, 0x61, 0x72
  .byte 0x74, 0x2d, 0x63, 0x6f, 0x6e, 0x74, 0x61, 0x69, 0x6e, 0x65, 0x72, 0x2d, 0x69, 0x6e, 0x6e, 0x65
  .byte 0x72, 0x22, 0x3e, 0x0a, 0x20, 0x20, 0x20, 0x20, 0x20, 0x20, 0x20, 0x20, 0x20, 0x20, 0x3c, 0x64
  .byte 0x69, 0x76, 0x20, 0x73, 0x74, 0x79, 0x6c, 0x65, 0x3d, 0x7b, 0x63, 0x68, 0x61, 0x72, 0x74, 0x53
  .byte 0x69, 0x7a, 0x65, 0x53, 0x74, 0x79, 0x6c, 0x65, 0x7d, 0x3e, 0x0a, 0x20, 0x20, 0x20, 0x20, 0x20
  .byte 0x20, 0x20, 0x20, 0x20, 0x20, 0x20, 0x20, 0x3c, 0x43, 0x68, 0x61, 0x72, 0x74, 0x43, 0x6f, 0x6e
  .byte 0x74, 0x61, 0x69, 0x6e, 0x65, 0x72, 0x0a, 0x20, 0x20, 0x20, 0x20, 0x20, 0x20, 0x20, 0x20, 0x20
  .byte 0x20, 0x20, 0x20, 0x20, 0x20, 0x63, 0x6f, 0x6e, 0x66, 0x69, 0x67, 0x3d, 0x7b, 0x63, 0x68, 0x61
  .byte 0x72, 0x74, 0x43, 0x6f, 0x6e, 0x66, 0x69, 0x67, 0x7d, 0x0a, 0x20, 0x20, 0x20, 0x20, 0x20, 0x20
  .byte 0x20, 0x20, 0x20, 0x20, 0x20, 0x20, 0x20, 0x20, 0x63, 0x6c, 0x61, 0x73, 0x73, 0x4e, 0x61, 0x6d
  .byte 0x65, 0x3d, 0x22, 0x6f, 0x70, 0x65, 0x6e, 0x75, 0x69, 0x2d, 0x72, 0x61, 0x64, 0x69, 0x61, 0x6c
  .byte 0x2d, 0x63, 0x68, 0x61, 0x72, 0x74, 0x22, 0x0a, 0x20, 0x20, 0x20, 0x20, 0x20, 0x20, 0x20, 0x20
  .byte 0x20, 0x20, 0x20, 0x20, 0x20, 0x20, 0x72, 0x65, 0x63, 0x68, 0x61, 0x72, 0x74, 0x73, 0x50, 0x72
  .byte 0x6f, 0x70, 0x73, 0x3d, 0x7b, 0x72, 0x65, 0x63, 0x68, 0x61, 0x72, 0x74, 0x73, 0x50, 0x72, 0x6f
  .byte 0x70, 0x73, 0x7d, 0x0a, 0x20, 0x20, 0x20, 0x20, 0x20, 0x20, 0x20, 0x20, 0x20, 0x20, 0x20, 0x20
  .byte 0x3e, 0x0a, 0x20, 0x20, 0x20, 0x20, 0x20, 0x20, 0x20, 0x20, 0x20, 0x20, 0x20, 0x20, 0x20, 0x20
  .byte 0x3c, 0x52, 0x61, 0x64, 0x69, 0x61, 0x6c, 0x42, 0x61, 0x72, 0x43, 0x68, 0x61, 0x72, 0x74, 0x0a
  .byte 0x20, 0x20, 0x20, 0x20, 0x20, 0x20, 0x20, 0x20, 0x20, 0x20, 0x20, 0x20, 0x20, 0x20, 0x20, 0x20
  .byte 0x64, 0x61, 0x74, 0x61, 0x3d, 0x7b, 0x74, 0x72, 0x61, 0x6e, 0x73, 0x66, 0x6f, 0x72, 0x6d, 0x65
  .byte 0x64, 0x44, 0x61, 0x74, 0x61, 0x7d, 0x0a, 0x20, 0x20, 0x20, 0x20, 0x20, 0x20, 0x20, 0x20, 0x20
  .byte 0x20, 0x20, 0x20, 0x20, 0x20, 0x20, 0x20, 0x73, 0x74, 0x61, 0x72, 0x74, 0x41, 0x6e, 0x67, 0x6c
  .byte 0x65, 0x3d, 0x7b, 0x73, 0x74, 0x61, 0x72, 0x74, 0x41, 0x6e, 0x67, 0x6c, 0x65, 0x7d, 0x0a, 0x20
  .byte 0x20, 0x20, 0x20, 0x20, 0x20, 0x20, 0x20, 0x20, 0x20, 0x20, 0x20, 0x20, 0x20, 0x20, 0x20, 0x65
  .byte 0x6e, 0x64, 0x41, 0x6e, 0x67, 0x6c, 0x65, 0x3d, 0x7b, 0x65, 0x6e, 0x64, 0x41, 0x6e, 0x67, 0x6c
  .byte 0x65, 0x7d, 0x0a, 0x20, 0x20, 0x20, 0x20, 0x20, 0x20, 0x20, 0x20, 0x20, 0x20, 0x20, 0x20, 0x20
  .byte 0x20, 0x20, 0x20, 0x69, 0x6e, 0x6e, 0x65, 0x72, 0x52, 0x61, 0x64, 0x69, 0x75, 0x73, 0x3d, 0x7b
  .byte 0x64, 0x69, 0x6d, 0x65, 0x6e, 0x73, 0x69, 0x6f, 0x6e, 0x73, 0x2e, 0x69, 0x6e, 0x6e, 0x65, 0x72
  .byte 0x52, 0x61, 0x64, 0x69, 0x75, 0x73, 0x7d, 0x0a, 0x20, 0x20, 0x20, 0x20, 0x20, 0x20, 0x20, 0x20
  .byte 0x20, 0x20, 0x20, 0x20, 0x20, 0x20, 0x20, 0x20, 0x6f, 0x75, 0x74, 0x65, 0x72, 0x52, 0x61, 0x64
  .byte 0x69, 0x75, 0x73, 0x3d, 0x7b, 0x64, 0x69, 0x6d, 0x65, 0x6e, 0x73, 0x69, 0x6f, 0x6e, 0x73, 0x2e
  .byte 0x6f, 0x75, 0x74, 0x65, 0x72, 0x52, 0x61, 0x64, 0x69, 0x75, 0x73, 0x7d, 0x0a, 0x20, 0x20, 0x20
  .byte 0x20, 0x20, 0x20, 0x20, 0x20, 0x20, 0x20, 0x20, 0x20, 0x20, 0x20, 0x3e, 0x0a, 0x20, 0x20, 0x20
  .byte 0x20, 0x20, 0x20, 0x20, 0x20, 0x20, 0x20, 0x20, 0x20, 0x20, 0x20, 0x20, 0x20, 0x7b, 0x67, 0x72
  .byte 0x69, 0x64, 0x20, 0x26, 0x26, 0x20, 0x3c, 0x50, 0x6f, 0x6c, 0x61, 0x72, 0x47, 0x72, 0x69, 0x64
  .byte 0x20, 0x67, 0x72, 0x69, 0x64, 0x54, 0x79, 0x70, 0x65, 0x3d, 0x22, 0x63, 0x69, 0x72, 0x63, 0x6c
  .byte 0x65, 0x22, 0x20, 0x2f, 0x3e, 0x7d, 0x0a, 0x20, 0x20, 0x20, 0x20, 0x20, 0x20, 0x20, 0x20, 0x20
  .byte 0x20, 0x20, 0x20, 0x20, 0x20, 0x20, 0x20, 0x3c, 0x43, 0x68, 0x61, 0x72, 0x74, 0x54, 0x6f, 0x6f
  .byte 0x6c, 0x74, 0x69, 0x70, 0x0a, 0x20, 0x20, 0x20, 0x20, 0x20, 0x20, 0x20, 0x20, 0x20, 0x20, 0x20
  .byte 0x20, 0x20, 0x20, 0x20, 0x20, 0x20, 0x20, 0x63, 0x75, 0x72, 0x73, 0x6f, 0x72, 0x3d, 0x7b, 0x66
  .byte 0x61, 0x6c, 0x73, 0x65, 0x7d, 0x0a, 0x20, 0x20, 0x20, 0x20, 0x20, 0x20, 0x20, 0x20, 0x20, 0x20
  .byte 0x20, 0x20, 0x20, 0x20, 0x20, 0x20, 0x20, 0x20, 0x63, 0x6f, 0x6e, 0x74, 0x65, 0x6e, 0x74, 0x3d
  .byte 0x7b, 0x0a, 0x20, 0x20, 0x20, 0x20, 0x20, 0x20, 0x20, 0x20, 0x20, 0x20, 0x20, 0x20, 0x20, 0x20
  .byte 0x20, 0x20, 0x20, 0x20, 0x20, 0x20, 0x3c, 0x43, 0x68, 0x61, 0x72, 0x74, 0x54, 0x6f, 0x6f, 0x6c
  .byte 0x74, 0x69, 0x70, 0x43, 0x6f, 0x6e, 0x74, 0x65, 0x6e, 0x74, 0x0a, 0x20, 0x20, 0x20, 0x20, 0x20
  .byte 0x20, 0x20, 0x20, 0x20, 0x20, 0x20, 0x20, 0x20, 0x20, 0x20, 0x20, 0x20, 0x20, 0x20, 0x20, 0x20
  .byte 0x20, 0x73, 0x68, 0x6f, 0x77, 0x50, 0x65, 0x72, 0x63, 0x65, 0x6e, 0x74, 0x61, 0x67, 0x65, 0x3d
  .byte 0x7b, 0x66, 0x6f, 0x72, 0x6d, 0x61, 0x74, 0x20, 0x3d, 0x3d, 0x3d, 0x20, 0x22, 0x70, 0x65, 0x72
  .byte 0x63, 0x65, 0x6e, 0x74, 0x61, 0x67, 0x65, 0x22, 0x7d, 0x0a, 0x20, 0x20, 0x20, 0x20, 0x20, 0x20
  .byte 0x20, 0x20, 0x20, 0x20, 0x20, 0x20, 0x20, 0x20, 0x20, 0x20, 0x20, 0x20, 0x20, 0x20, 0x20, 0x20
  .byte 0x6e, 0x61, 0x6d, 0x65, 0x4b, 0x65, 0x79, 0x3d, 0x7b, 0x63, 0x61, 0x74, 0x65, 0x67, 0x6f, 0x72
  .byte 0x79, 0x4b, 0x65, 0x79, 0x53, 0x74, 0x72, 0x69, 0x6e, 0x67, 0x7d, 0x0a, 0x20, 0x20, 0x20, 0x20
  .byte 0x20, 0x20, 0x20, 0x20, 0x20, 0x20, 0x20, 0x20, 0x20, 0x20, 0x20, 0x20, 0x20, 0x20, 0x20, 0x20
  .byte 0x2f, 0x3e, 0x0a, 0x20, 0x20, 0x20, 0x20, 0x20, 0x20, 0x20, 0x20, 0x20, 0x20, 0x20, 0x20, 0x20
  .byte 0x20, 0x20, 0x20, 0x20, 0x20, 0x7d, 0x0a, 0x20, 0x20, 0x20, 0x20, 0x20, 0x20, 0x20, 0x20, 0x20
  .byte 0x20, 0x20, 0x20, 0x20, 0x20, 0x20, 0x20, 0x2f, 0x3e, 0x0a, 0x20, 0x20, 0x20, 0x20, 0x20, 0x20
  .byte 0x20, 0x20, 0x20, 0x20, 0x20, 0x20, 0x20, 0x20, 0x20, 0x20, 0x3c, 0x52, 0x61, 0x64, 0x69, 0x61
  .byte 0x6c, 0x42, 0x61, 0x72, 0x0a, 0x20, 0x20, 0x20, 0x20, 0x20, 0x20, 0x20, 0x20, 0x20, 0x20, 0x20
  .byte 0x20, 0x20, 0x20, 0x20, 0x20, 0x20, 0x20, 0x64, 0x61, 0x74, 0x61, 0x4b, 0x65, 0x79, 0x3d, 0x7b
  .byte 0x66, 0x6f, 0x72, 0x6d, 0x61, 0x74, 0x4b, 0x65, 0x79, 0x7d, 0x0a, 0x20, 0x20, 0x20, 0x20, 0x20
  .byte 0x20, 0x20, 0x20, 0x20, 0x20, 0x20, 0x20, 0x20, 0x20, 0x20, 0x20, 0x20, 0x20, 0x62, 0x61, 0x63
  .byte 0x6b, 0x67, 0x72, 0x6f, 0x75, 0x6e, 0x64, 0x3d, 0x7b, 0x21, 0x67, 0x72, 0x69, 0x64, 0x7d, 0x0a
  .byte 0x20, 0x20, 0x20, 0x20, 0x20, 0x20, 0x20, 0x20, 0x20, 0x20, 0x20, 0x20, 0x20, 0x20, 0x20, 0x20
  .byte 0x20, 0x20, 0x63, 0x6f, 0x72, 0x6e, 0x65, 0x72, 0x52, 0x61, 0x64, 0x69, 0x75, 0x73, 0x3d, 0x7b
  .byte 0x63, 0x6f, 0x72, 0x6e, 0x65, 0x72, 0x52, 0x61, 0x64, 0x69, 0x75, 0x73, 0x7d, 0x0a, 0x20, 0x20
  .byte 0x20, 0x20, 0x20, 0x20, 0x20, 0x20, 0x20, 0x20, 0x20, 0x20, 0x20, 0x20, 0x20, 0x20, 0x20, 0x20
  .byte 0x7b, 0x2e, 0x2e, 0x2e, 0x61, 0x6e, 0x69, 0x6d, 0x61, 0x74, 0x69, 0x6f, 0x6e, 0x43, 0x6f, 0x6e
  .byte 0x66, 0x69, 0x67, 0x7d, 0x0a, 0x20, 0x20, 0x20, 0x20, 0x20, 0x20, 0x20, 0x20, 0x20, 0x20, 0x20
  .byte 0x20, 0x20, 0x20, 0x20, 0x20, 0x20, 0x20, 0x61, 0x63, 0x74, 0x69, 0x76, 0x65, 0x49, 0x6e, 0x64
  .byte 0x65, 0x78, 0x3d, 0x7b, 0x61, 0x63, 0x74, 0x69, 0x76, 0x65, 0x49, 0x6e, 0x64, 0x65, 0x78, 0x20
  .byte 0x3f, 0x3f, 0x20, 0x75, 0x6e, 0x64, 0x65, 0x66, 0x69, 0x6e, 0x65, 0x64, 0x7d, 0x0a, 0x20, 0x20
  .byte 0x20, 0x20, 0x20, 0x20, 0x20, 0x20, 0x20, 0x20, 0x20, 0x20, 0x20, 0x20, 0x20, 0x20, 0x20, 0x20
  .byte 0x6f, 0x6e, 0x4d, 0x6f, 0x75, 0x73, 0x65, 0x45, 0x6e, 0x74, 0x65, 0x72, 0x3d, 0x7b, 0x68, 0x61
  .byte 0x6e, 0x64, 0x6c, 0x65, 0x43, 0x68, 0x61, 0x72, 0x74, 0x4d, 0x6f, 0x75, 0x73, 0x65, 0x45, 0x6e
  .byte 0x74, 0x65, 0x72, 0x7d, 0x0a, 0x20, 0x20, 0x20, 0x20, 0x20, 0x20, 0x20, 0x20, 0x20, 0x20, 0x20
  .byte 0x20, 0x20, 0x20, 0x20, 0x20, 0x20, 0x20, 0x6f, 0x6e, 0x4d, 0x6f, 0x75, 0x73, 0x65, 0x4c, 0x65
  .byte 0x61, 0x76, 0x65, 0x3d, 0x7b, 0x68, 0x61, 0x6e, 0x64, 0x6c, 0x65, 0x43, 0x68, 0x61, 0x72, 0x74
  .byte 0x4d, 0x6f, 0x75, 0x73, 0x65, 0x4c, 0x65, 0x61, 0x76, 0x65, 0x7d, 0x0a, 0x20, 0x20, 0x20, 0x20
  .byte 0x20, 0x20, 0x20, 0x20, 0x20, 0x20, 0x20, 0x20, 0x20, 0x20, 0x20, 0x20, 0x20, 0x20, 0x6f, 0x6e
  .byte 0x43, 0x6c, 0x69, 0x63, 0x6b, 0x3d, 0x7b, 0x65, 0x76, 0x65, 0x6e, 0x74, 0x48, 0x61, 0x6e, 0x64
  .byte 0x6c, 0x65, 0x72, 0x73, 0x2e, 0x6f, 0x6e, 0x43, 0x6c, 0x69, 0x63, 0x6b, 0x7d, 0x0a, 0x20, 0x20
  .byte 0x20, 0x20, 0x20, 0x20, 0x20, 0x20, 0x20, 0x20, 0x20, 0x20, 0x20, 0x20, 0x20, 0x20, 0x3e, 0x0a
  .byte 0x20, 0x20, 0x20, 0x20, 0x20, 0x20, 0x20, 0x20, 0x20, 0x20, 0x20, 0x20, 0x20, 0x20, 0x20, 0x20
  .byte 0x20, 0x20, 0x7b, 0x74, 0x72, 0x61, 0x6e, 0x73, 0x66, 0x6f, 0x72, 0x6d, 0x65, 0x64, 0x44, 0x61
  .byte 0x74, 0x61, 0x2e, 0x6d, 0x61, 0x70, 0x28, 0x28, 0x65, 0x6e, 0x74, 0x72, 0x79, 0x2c, 0x20, 0x69
  .byte 0x6e, 0x64, 0x65, 0x78, 0x29, 0x20, 0x3d, 0x3e, 0x20, 0x7b, 0x0a, 0x20, 0x20, 0x20, 0x20, 0x20
  .byte 0x20, 0x20, 0x20, 0x20, 0x20, 0x20, 0x20, 0x20, 0x20, 0x20, 0x20, 0x20, 0x20, 0x20, 0x20, 0x63
  .byte 0x6f, 0x6e, 0x73, 0x74, 0x20, 0x63, 0x61, 0x74, 0x65, 0x67, 0x6f, 0x72, 0x79, 0x56, 0x61, 0x6c
  .byte 0x75, 0x65, 0x20, 0x3d, 0x20, 0x53, 0x74, 0x72, 0x69, 0x6e, 0x67, 0x28, 0x65, 0x6e, 0x74, 0x72
  .byte 0x79, 0x5b, 0x63, 0x61, 0x74, 0x65, 0x67, 0x6f, 0x72, 0x79, 0x4b, 0x65, 0x79, 0x20, 0x61, 0x73
  .byte 0x20, 0x6b, 0x65, 0x79, 0x6f, 0x66, 0x20, 0x74, 0x79, 0x70, 0x65, 0x6f, 0x66, 0x20, 0x65, 0x6e
  .byte 0x74, 0x72, 0x79, 0x5d, 0x20, 0x7c, 0x7c, 0x20, 0x22, 0x22, 0x29, 0x3b, 0x0a, 0x20, 0x20, 0x20
  .byte 0x20, 0x20, 0x20, 0x20, 0x20, 0x20, 0x20, 0x20, 0x20, 0x20, 0x20, 0x20, 0x20, 0x20, 0x20, 0x20
  .byte 0x20, 0x63, 0x6f, 0x6e, 0x73, 0x74, 0x20, 0x63, 0x6f, 0x6e, 0x66, 0x69, 0x67, 0x20, 0x3d, 0x20
  .byte 0x63, 0x68, 0x61, 0x72, 0x74, 0x43, 0x6f, 0x6e, 0x66, 0x69, 0x67, 0x5b, 0x63, 0x61, 0x74, 0x65
  .byte 0x67, 0x6f, 0x72, 0x79, 0x56, 0x61, 0x6c, 0x75, 0x65, 0x5d, 0x3b, 0x0a, 0x20, 0x20, 0x20, 0x20
  .byte 0x20, 0x20, 0x20, 0x20, 0x20, 0x20, 0x20, 0x20, 0x20, 0x20, 0x20, 0x20, 0x20, 0x20, 0x20, 0x20
  .byte 0x63, 0x6f, 0x6e, 0x73, 0x74, 0x20, 0x68, 0x6f, 0x76, 0x65, 0x72, 0x53, 0x74, 0x79, 0x6c, 0x65
  .byte 0x73, 0x20, 0x3d, 0x20, 0x67, 0x65, 0x74, 0x52, 0x61, 0x64, 0x69, 0x61, 0x6c, 0x48, 0x6f, 0x76
  .byte 0x65, 0x72, 0x53, 0x74, 0x79, 0x6c, 0x65, 0x73, 0x28, 0x69, 0x6e, 0x64, 0x65, 0x78, 0x2c, 0x20
  .byte 0x61, 0x63, 0x74, 0x69, 0x76, 0x65, 0x49, 0x6e, 0x64, 0x65, 0x78, 0x29, 0x3b, 0x0a, 0x20, 0x20
  .byte 0x20, 0x20, 0x20, 0x20, 0x20, 0x20, 0x20, 0x20, 0x20, 0x20, 0x20, 0x20, 0x20, 0x20, 0x20, 0x20
  .byte 0x20, 0x20, 0x63, 0x6f, 0x6e, 0x73, 0x74, 0x20, 0x66, 0x69, 0x6c, 0x6c, 0x20, 0x3d, 0x20, 0x63
  .byte 0x6f, 0x6e, 0x66, 0x69, 0x67, 0x3f, 0x2e, 0x63, 0x6f, 0x6c, 0x6f, 0x72, 0x20, 0x7c, 0x7c, 0x20
  .byte 0x63, 0x6f, 0x6c, 0x6f, 0x72, 0x73, 0x5b, 0x69, 0x6e, 0x64, 0x65, 0x78, 0x5d, 0x3b, 0x0a, 0x20
  .byte 0x20, 0x20, 0x20, 0x20, 0x20, 0x20, 0x20, 0x20, 0x20, 0x20, 0x20, 0x20, 0x20, 0x20, 0x20, 0x20
  .byte 0x20, 0x20, 0x20, 0x72, 0x65, 0x74, 0x75, 0x72, 0x6e, 0x20, 0x28, 0x0a, 0x20, 0x20, 0x20, 0x20
  .byte 0x20, 0x20, 0x20, 0x20, 0x20, 0x20, 0x20, 0x20, 0x20, 0x20, 0x20, 0x20, 0x20, 0x20, 0x20, 0x20
  .byte 0x20, 0x20, 0x3c, 0x43, 0x65, 0x6c, 0x6c, 0x20, 0x6b, 0x65, 0x79, 0x3d, 0x7b, 0x60, 0x63, 0x65
  .byte 0x6c, 0x6c, 0x2d, 0x24, 0x7b, 0x69, 0x6e, 0x64, 0x65, 0x78, 0x7d, 0x60, 0x7d, 0x20, 0x66, 0x69
  .byte 0x6c, 0x6c, 0x3d, 0x7b, 0x66, 0x69, 0x6c, 0x6c, 0x7d, 0x20, 0x7b, 0x2e, 0x2e, 0x2e, 0x68, 0x6f
  .byte 0x76, 0x65, 0x72, 0x53, 0x74, 0x79, 0x6c, 0x65, 0x73, 0x7d, 0x20, 0x73, 0x74, 0x72, 0x6f, 0x6b
  .byte 0x65, 0x3d, 0x22, 0x6e, 0x6f, 0x6e, 0x65, 0x22, 0x20, 0x2f, 0x3e, 0x0a, 0x20, 0x20, 0x20, 0x20
  .byte 0x20, 0x20, 0x20, 0x20, 0x20, 0x20, 0x20, 0x20, 0x20, 0x20, 0x20, 0x20, 0x20, 0x20, 0x20, 0x20
  .byte 0x29, 0x3b, 0x0a, 0x20, 0x20, 0x20, 0x20, 0x20, 0x20, 0x20, 0x20, 0x20, 0x20, 0x20, 0x20, 0x20
  .byte 0x20, 0x20, 0x20, 0x20, 0x20, 0x7d, 0x29, 0x7d, 0x0a, 0x20, 0x20, 0x20, 0x20, 0x20, 0x20, 0x20
  .byte 0x20, 0x20, 0x20, 0x20, 0x20, 0x20, 0x20, 0x20, 0x20, 0x3c, 0x2f, 0x52, 0x61, 0x64, 0x69, 0x61
  .byte 0x6c, 0x42, 0x61, 0x72, 0x3e, 0x0a, 0x20, 0x20, 0x20, 0x20, 0x20, 0x20, 0x20, 0x20, 0x20, 0x20
  .byte 0x20, 0x20, 0x20, 0x20, 0x3c, 0x2f, 0x52, 0x61, 0x64, 0x69, 0x61, 0x6c, 0x42, 0x61, 0x72, 0x43
  .byte 0x68, 0x61, 0x72, 0x74, 0x3e, 0x0a, 0x20, 0x20, 0x20, 0x20, 0x20, 0x20, 0x20, 0x20, 0x20, 0x20
  .byte 0x20, 0x20, 0x3c, 0x2f, 0x43, 0x68, 0x61, 0x72, 0x74, 0x43, 0x6f, 0x6e, 0x74, 0x61, 0x69, 0x6e
  .byte 0x65, 0x72, 0x3e, 0x0a, 0x20, 0x20, 0x20, 0x20, 0x20, 0x20, 0x20, 0x20, 0x20, 0x20, 0x3c, 0x2f
  .byte 0x64, 0x69, 0x76, 0x3e, 0x0a, 0x20, 0x20, 0x20, 0x20, 0x20, 0x20, 0x20, 0x20, 0x3c, 0x2f, 0x64
  .byte 0x69, 0x76, 0x3e, 0x0a, 0x20, 0x20, 0x20, 0x20, 0x20, 0x20, 0x3c, 0x2f, 0x64, 0x69, 0x76, 0x3e
  .byte 0x0a, 0x20, 0x20, 0x20, 0x20, 0x20, 0x20, 0x7b, 0x72, 0x65, 0x6e, 0x64, 0x65, 0x72, 0x4c, 0x65
  .byte 0x67, 0x65, 0x6e, 0x64, 0x28, 0x29, 0x7d, 0x0a, 0x20, 0x20, 0x20, 0x20, 0x3c, 0x2f, 0x64, 0x69
  .byte 0x76, 0x3e, 0x0a, 0x20, 0x20, 0x29, 0x3b, 0x0a, 0x7d, 0x3b, 0x0a

  .globl openui_full_port_packages_react_ui_src_components_Charts_RadialChart_RadialChart_tsx_80e2effc7daf_pass_3_len
openui_full_port_packages_react_ui_src_components_Charts_RadialChart_RadialChart_tsx_80e2effc7daf_pass_3_len:
  .quad 13227

# assembly pass: 4/4
  .globl openui_full_port_packages_react_ui_src_components_Charts_RadialChart_RadialChart_tsx_80e2effc7daf_pass_4
openui_full_port_packages_react_ui_src_components_Charts_RadialChart_RadialChart_tsx_80e2effc7daf_pass_4:
  .byte 0x69, 0x6d, 0x70, 0x6f, 0x72, 0x74, 0x20, 0x63, 0x6c, 0x73, 0x78, 0x20, 0x66, 0x72, 0x6f, 0x6d
  .byte 0x20, 0x22, 0x63, 0x6c, 0x73, 0x78, 0x22, 0x3b, 0x0a, 0x69, 0x6d, 0x70, 0x6f, 0x72, 0x74, 0x20
  .byte 0x7b, 0x20, 0x75, 0x73, 0x65, 0x43, 0x61, 0x6c, 0x6c, 0x62, 0x61, 0x63, 0x6b, 0x2c, 0x20, 0x75
  .byte 0x73, 0x65, 0x45, 0x66, 0x66, 0x65, 0x63, 0x74, 0x2c, 0x20, 0x75, 0x73, 0x65, 0x4d, 0x65, 0x6d
  .byte 0x6f, 0x2c, 0x20, 0x75, 0x73, 0x65, 0x52, 0x65, 0x66, 0x2c, 0x20, 0x75, 0x73, 0x65, 0x53, 0x74
  .byte 0x61, 0x74, 0x65, 0x20, 0x7d, 0x20, 0x66, 0x72, 0x6f, 0x6d, 0x20, 0x22, 0x72, 0x65, 0x61, 0x63
  .byte 0x74, 0x22, 0x3b, 0x0a, 0x69, 0x6d, 0x70, 0x6f, 0x72, 0x74, 0x20, 0x7b, 0x20, 0x43, 0x65, 0x6c
  .byte 0x6c, 0x2c, 0x20, 0x50, 0x6f, 0x6c, 0x61, 0x72, 0x47, 0x72, 0x69, 0x64, 0x2c, 0x20, 0x52, 0x61
  .byte 0x64, 0x69, 0x61, 0x6c, 0x42, 0x61, 0x72, 0x2c, 0x20, 0x52, 0x61, 0x64, 0x69, 0x61, 0x6c, 0x42
  .byte 0x61, 0x72, 0x43, 0x68, 0x61, 0x72, 0x74, 0x2c, 0x20, 0x52, 0x65, 0x73, 0x70, 0x6f, 0x6e, 0x73
  .byte 0x69, 0x76, 0x65, 0x43, 0x6f, 0x6e, 0x74, 0x61, 0x69, 0x6e, 0x65, 0x72, 0x20, 0x7d, 0x20, 0x66
  .byte 0x72, 0x6f, 0x6d, 0x20, 0x22, 0x72, 0x65, 0x63, 0x68, 0x61, 0x72, 0x74, 0x73, 0x22, 0x3b, 0x0a
  .byte 0x69, 0x6d, 0x70, 0x6f, 0x72, 0x74, 0x20, 0x7b, 0x20, 0x75, 0x73, 0x65, 0x50, 0x72, 0x69, 0x6e
  .byte 0x74, 0x43, 0x6f, 0x6e, 0x74, 0x65, 0x78, 0x74, 0x20, 0x7d, 0x20, 0x66, 0x72, 0x6f, 0x6d, 0x20
  .byte 0x22, 0x2e, 0x2e, 0x2f, 0x2e, 0x2e, 0x2f, 0x2e, 0x2e, 0x2f, 0x63, 0x6f, 0x6e, 0x74, 0x65, 0x78
  .byte 0x74, 0x2f, 0x50, 0x72, 0x69, 0x6e, 0x74, 0x43, 0x6f, 0x6e, 0x74, 0x65, 0x78, 0x74, 0x22, 0x3b
  .byte 0x0a, 0x69, 0x6d, 0x70, 0x6f, 0x72, 0x74, 0x20, 0x7b, 0x20, 0x43, 0x68, 0x61, 0x72, 0x74, 0x43
  .byte 0x6f, 0x6e, 0x74, 0x61, 0x69, 0x6e, 0x65, 0x72, 0x2c, 0x20, 0x43, 0x68, 0x61, 0x72, 0x74, 0x54
  .byte 0x6f, 0x6f, 0x6c, 0x74, 0x69, 0x70, 0x2c, 0x20, 0x43, 0x68, 0x61, 0x72, 0x74, 0x54, 0x6f, 0x6f
  .byte 0x6c, 0x74, 0x69, 0x70, 0x43, 0x6f, 0x6e, 0x74, 0x65, 0x6e, 0x74, 0x20, 0x7d, 0x20, 0x66, 0x72
  .byte 0x6f, 0x6d, 0x20, 0x22, 0x2e, 0x2e, 0x2f, 0x43, 0x68, 0x61, 0x72, 0x74, 0x73, 0x22, 0x3b, 0x0a
  .byte 0x69, 0x6d, 0x70, 0x6f, 0x72, 0x74, 0x20, 0x7b, 0x20, 0x75, 0x73, 0x65, 0x45, 0x78, 0x70, 0x6f
  .byte 0x72, 0x74, 0x43, 0x68, 0x61, 0x72, 0x74, 0x44, 0x61, 0x74, 0x61, 0x2c, 0x20, 0x75, 0x73, 0x65
  .byte 0x54, 0x72, 0x61, 0x6e, 0x73, 0x66, 0x6f, 0x72, 0x6d, 0x65, 0x64, 0x4b, 0x65, 0x79, 0x73, 0x20
  .byte 0x7d, 0x20, 0x66, 0x72, 0x6f, 0x6d, 0x20, 0x22, 0x2e, 0x2e, 0x2f, 0x68, 0x6f, 0x6f, 0x6b, 0x73
  .byte 0x22, 0x3b, 0x0a, 0x69, 0x6d, 0x70, 0x6f, 0x72, 0x74, 0x20, 0x7b, 0x20, 0x44, 0x65, 0x66, 0x61
  .byte 0x75, 0x6c, 0x74, 0x4c, 0x65, 0x67, 0x65, 0x6e, 0x64, 0x20, 0x7d, 0x20, 0x66, 0x72, 0x6f, 0x6d
  .byte 0x20, 0x22, 0x2e, 0x2e, 0x2f, 0x73, 0x68, 0x61, 0x72, 0x65, 0x64, 0x2f, 0x44, 0x65, 0x66, 0x61
  .byte 0x75, 0x6c, 0x74, 0x4c, 0x65, 0x67, 0x65, 0x6e, 0x64, 0x2f, 0x44, 0x65, 0x66, 0x61, 0x75, 0x6c
  .byte 0x74, 0x4c, 0x65, 0x67, 0x65, 0x6e, 0x64, 0x22, 0x3b, 0x0a, 0x69, 0x6d, 0x70, 0x6f, 0x72, 0x74
  .byte 0x20, 0x7b, 0x20, 0x53, 0x74, 0x61, 0x63, 0x6b, 0x65, 0x64, 0x4c, 0x65, 0x67, 0x65, 0x6e, 0x64
  .byte 0x20, 0x7d, 0x20, 0x66, 0x72, 0x6f, 0x6d, 0x20, 0x22, 0x2e, 0x2e, 0x2f, 0x73, 0x68, 0x61, 0x72
  .byte 0x65, 0x64, 0x2f, 0x53, 0x74, 0x61, 0x63, 0x6b, 0x65, 0x64, 0x4c, 0x65, 0x67, 0x65, 0x6e, 0x64
  .byte 0x2f, 0x53, 0x74, 0x61, 0x63, 0x6b, 0x65, 0x64, 0x4c, 0x65, 0x67, 0x65, 0x6e, 0x64, 0x22, 0x3b
  .byte 0x0a, 0x69, 0x6d, 0x70, 0x6f, 0x72, 0x74, 0x20, 0x7b, 0x20, 0x4c, 0x65, 0x67, 0x65, 0x6e, 0x64
  .byte 0x49, 0x74, 0x65, 0x6d, 0x20, 0x7d, 0x20, 0x66, 0x72, 0x6f, 0x6d, 0x20, 0x22, 0x2e, 0x2e, 0x2f
  .byte 0x74, 0x79, 0x70, 0x65, 0x73, 0x2f, 0x4c, 0x65, 0x67, 0x65, 0x6e, 0x64, 0x22, 0x3b, 0x0a, 0x69
  .byte 0x6d, 0x70, 0x6f, 0x72, 0x74, 0x20, 0x7b, 0x20, 0x67, 0x65, 0x74, 0x43, 0x61, 0x74, 0x65, 0x67
  .byte 0x6f, 0x72, 0x69, 0x63, 0x61, 0x6c, 0x43, 0x68, 0x61, 0x72, 0x74, 0x43, 0x6f, 0x6e, 0x66, 0x69
  .byte 0x67, 0x20, 0x7d, 0x20, 0x66, 0x72, 0x6f, 0x6d, 0x20, 0x22, 0x2e, 0x2e, 0x2f, 0x75, 0x74, 0x69
  .byte 0x6c, 0x73, 0x2f, 0x64, 0x61, 0x74, 0x61, 0x55, 0x74, 0x69, 0x6c, 0x73, 0x22, 0x3b, 0x0a, 0x69
  .byte 0x6d, 0x70, 0x6f, 0x72, 0x74, 0x20, 0x7b, 0x20, 0x50, 0x61, 0x6c, 0x65, 0x74, 0x74, 0x65, 0x4e
  .byte 0x61, 0x6d, 0x65, 0x2c, 0x20, 0x75, 0x73, 0x65, 0x43, 0x68, 0x61, 0x72, 0x74, 0x50, 0x61, 0x6c
  .byte 0x65, 0x74, 0x74, 0x65, 0x20, 0x7d, 0x20, 0x66, 0x72, 0x6f, 0x6d, 0x20, 0x22, 0x2e, 0x2e, 0x2f
  .byte 0x75, 0x74, 0x69, 0x6c, 0x73, 0x2f, 0x50, 0x61, 0x6c, 0x6c, 0x65, 0x74, 0x55, 0x74, 0x69, 0x6c
  .byte 0x73, 0x22, 0x3b, 0x0a, 0x69, 0x6d, 0x70, 0x6f, 0x72, 0x74, 0x20, 0x7b, 0x20, 0x52, 0x61, 0x64
  .byte 0x69, 0x61, 0x6c, 0x43, 0x68, 0x61, 0x72, 0x74, 0x44, 0x61, 0x74, 0x61, 0x20, 0x7d, 0x20, 0x66
  .byte 0x72, 0x6f, 0x6d, 0x20, 0x22, 0x2e, 0x2f, 0x74, 0x79, 0x70, 0x65, 0x73, 0x22, 0x3b, 0x0a, 0x69
  .byte 0x6d, 0x70, 0x6f, 0x72, 0x74, 0x20, 0x7b, 0x0a, 0x20, 0x20, 0x63, 0x61, 0x6c, 0x63, 0x75, 0x6c
  .byte 0x61, 0x74, 0x65, 0x52, 0x61, 0x64, 0x69, 0x61, 0x6c, 0x43, 0x68, 0x61, 0x72, 0x74, 0x44, 0x69
  .byte 0x6d, 0x65, 0x6e, 0x73, 0x69, 0x6f, 0x6e, 0x73, 0x2c, 0x0a, 0x20, 0x20, 0x63, 0x72, 0x65, 0x61
  .byte 0x74, 0x65, 0x52, 0x61, 0x64, 0x69, 0x61, 0x6c, 0x41, 0x6e, 0x69, 0x6d, 0x61, 0x74, 0x69, 0x6f
  .byte 0x6e, 0x43, 0x6f, 0x6e, 0x66, 0x69, 0x67, 0x2c, 0x0a, 0x20, 0x20, 0x63, 0x72, 0x65, 0x61, 0x74
  .byte 0x65, 0x52, 0x61, 0x64, 0x69, 0x61, 0x6c, 0x45, 0x76, 0x65, 0x6e, 0x74, 0x48, 0x61, 0x6e, 0x64
  .byte 0x6c, 0x65, 0x72, 0x73, 0x2c, 0x0a, 0x20, 0x20, 0x67, 0x65, 0x74, 0x52, 0x61, 0x64, 0x69, 0x61
  .byte 0x6c, 0x48, 0x6f, 0x76, 0x65, 0x72, 0x53, 0x74, 0x79, 0x6c, 0x65, 0x73, 0x2c, 0x0a, 0x20, 0x20
  .byte 0x74, 0x72, 0x61, 0x6e, 0x73, 0x66, 0x6f, 0x72, 0x6d, 0x52, 0x61, 0x64, 0x69, 0x61, 0x6c, 0x44
  .byte 0x61, 0x74, 0x61, 0x57, 0x69, 0x74, 0x68, 0x50, 0x65, 0x72, 0x63, 0x65, 0x6e, 0x74, 0x61, 0x67
  .byte 0x65, 0x73, 0x2c, 0x0a, 0x20, 0x20, 0x75, 0x73, 0x65, 0x52, 0x61, 0x64, 0x69, 0x61, 0x6c, 0x43
  .byte 0x68, 0x61, 0x72, 0x74, 0x48, 0x6f, 0x76, 0x65, 0x72, 0x2c, 0x0a, 0x7d, 0x20, 0x66, 0x72, 0x6f
  .byte 0x6d, 0x20, 0x22, 0x2e, 0x2f, 0x75, 0x74, 0x69, 0x6c, 0x73, 0x2f, 0x52, 0x61, 0x64, 0x69, 0x61
  .byte 0x6c, 0x43, 0x68, 0x61, 0x72, 0x74, 0x55, 0x74, 0x69, 0x6c, 0x73, 0x22, 0x3b, 0x0a, 0x0a, 0x65
  .byte 0x78, 0x70, 0x6f, 0x72, 0x74, 0x20, 0x69, 0x6e, 0x74, 0x65, 0x72, 0x66, 0x61, 0x63, 0x65, 0x20
  .byte 0x52, 0x61, 0x64, 0x69, 0x61, 0x6c, 0x43, 0x68, 0x61, 0x72, 0x74, 0x50, 0x72, 0x6f, 0x70, 0x73
  .byte 0x3c, 0x54, 0x20, 0x65, 0x78, 0x74, 0x65, 0x6e, 0x64, 0x73, 0x20, 0x52, 0x61, 0x64, 0x69, 0x61
  .byte 0x6c, 0x43, 0x68, 0x61, 0x72, 0x74, 0x44, 0x61, 0x74, 0x61, 0x3e, 0x20, 0x7b, 0x0a, 0x20, 0x20
  .byte 0x64, 0x61, 0x74, 0x61, 0x3a, 0x20, 0x54, 0x3b, 0x0a, 0x20, 0x20, 0x63, 0x61, 0x74, 0x65, 0x67
  .byte 0x6f, 0x72, 0x79, 0x4b, 0x65, 0x79, 0x3a, 0x20, 0x6b, 0x65, 0x79, 0x6f, 0x66, 0x20, 0x54, 0x5b
  .byte 0x6e, 0x75, 0x6d, 0x62, 0x65, 0x72, 0x5d, 0x3b, 0x0a, 0x20, 0x20, 0x64, 0x61, 0x74, 0x61, 0x4b
  .byte 0x65, 0x79, 0x3a, 0x20, 0x6b, 0x65, 0x79, 0x6f, 0x66, 0x20, 0x54, 0x5b, 0x6e, 0x75, 0x6d, 0x62
  .byte 0x65, 0x72, 0x5d, 0x3b, 0x0a, 0x20, 0x20, 0x74, 0x68, 0x65, 0x6d, 0x65, 0x3f, 0x3a, 0x20, 0x50
  .byte 0x61, 0x6c, 0x65, 0x74, 0x74, 0x65, 0x4e, 0x61, 0x6d, 0x65, 0x3b, 0x0a, 0x20, 0x20, 0x63, 0x75
  .byte 0x73, 0x74, 0x6f, 0x6d, 0x50, 0x61, 0x6c, 0x65, 0x74, 0x74, 0x65, 0x3f, 0x3a, 0x20, 0x73, 0x74
  .byte 0x72, 0x69, 0x6e, 0x67, 0x5b, 0x5d, 0x3b, 0x0a, 0x20, 0x20, 0x76, 0x61, 0x72, 0x69, 0x61, 0x6e
  .byte 0x74, 0x3f, 0x3a, 0x20, 0x22, 0x73, 0x65, 0x6d, 0x69, 0x63, 0x69, 0x72, 0x63, 0x6c, 0x65, 0x22
  .byte 0x20, 0x7c, 0x20, 0x22, 0x63, 0x69, 0x72, 0x63, 0x75, 0x6c, 0x61, 0x72, 0x22, 0x3b, 0x0a, 0x20
  .byte 0x20, 0x66, 0x6f, 0x72, 0x6d, 0x61, 0x74, 0x3f, 0x3a, 0x20, 0x22, 0x70, 0x65, 0x72, 0x63, 0x65
  .byte 0x6e, 0x74, 0x61, 0x67, 0x65, 0x22, 0x20, 0x7c, 0x20, 0x22, 0x6e, 0x75, 0x6d, 0x62, 0x65, 0x72
  .byte 0x22, 0x3b, 0x0a, 0x20, 0x20, 0x6c, 0x65, 0x67, 0x65, 0x6e, 0x64, 0x3f, 0x3a, 0x20, 0x62, 0x6f
  .byte 0x6f, 0x6c, 0x65, 0x61, 0x6e, 0x3b, 0x0a, 0x20, 0x20, 0x6c, 0x65, 0x67, 0x65, 0x6e, 0x64, 0x56
  .byte 0x61, 0x72, 0x69, 0x61, 0x6e, 0x74, 0x3f, 0x3a, 0x20, 0x22, 0x64, 0x65, 0x66, 0x61, 0x75, 0x6c
  .byte 0x74, 0x22, 0x20, 0x7c, 0x20, 0x22, 0x73, 0x74, 0x61, 0x63, 0x6b, 0x65, 0x64, 0x22, 0x3b, 0x0a
  .byte 0x20, 0x20, 0x67, 0x72, 0x69, 0x64, 0x3f, 0x3a, 0x20, 0x62, 0x6f, 0x6f, 0x6c, 0x65, 0x61, 0x6e
  .byte 0x3b, 0x0a, 0x20, 0x20, 0x69, 0x73, 0x41, 0x6e, 0x69, 0x6d, 0x61, 0x74, 0x69, 0x6f, 0x6e, 0x41
  .byte 0x63, 0x74, 0x69, 0x76, 0x65, 0x3f, 0x3a, 0x20, 0x62, 0x6f, 0x6f, 0x6c, 0x65, 0x61, 0x6e, 0x3b
  .byte 0x0a, 0x20, 0x20, 0x63, 0x6f, 0x72, 0x6e, 0x65, 0x72, 0x52, 0x61, 0x64, 0x69, 0x75, 0x73, 0x3f
  .byte 0x3a, 0x20, 0x6e, 0x75, 0x6d, 0x62, 0x65, 0x72, 0x3b, 0x0a, 0x20, 0x20, 0x6f, 0x6e, 0x4d, 0x6f
  .byte 0x75, 0x73, 0x65, 0x45, 0x6e, 0x74, 0x65, 0x72, 0x3f, 0x3a, 0x20, 0x28, 0x64, 0x61, 0x74, 0x61
  .byte 0x3a, 0x20, 0x61, 0x6e, 0x79, 0x2c, 0x20, 0x69, 0x6e, 0x64, 0x65, 0x78, 0x3a, 0x20, 0x6e, 0x75
  .byte 0x6d, 0x62, 0x65, 0x72, 0x29, 0x20, 0x3d, 0x3e, 0x20, 0x76, 0x6f, 0x69, 0x64, 0x3b, 0x0a, 0x20
  .byte 0x20, 0x6f, 0x6e, 0x4d, 0x6f, 0x75, 0x73, 0x65, 0x4c, 0x65, 0x61, 0x76, 0x65, 0x3f, 0x3a, 0x20
  .byte 0x28, 0x29, 0x20, 0x3d, 0x3e, 0x20, 0x76, 0x6f, 0x69, 0x64, 0x3b, 0x0a, 0x20, 0x20, 0x6f, 0x6e
  .byte 0x43, 0x6c, 0x69, 0x63, 0x6b, 0x3f, 0x3a, 0x20, 0x28, 0x64, 0x61, 0x74, 0x61, 0x3a, 0x20, 0x61
  .byte 0x6e, 0x79, 0x2c, 0x20, 0x69, 0x6e, 0x64, 0x65, 0x78, 0x3a, 0x20, 0x6e, 0x75, 0x6d, 0x62, 0x65
  .byte 0x72, 0x29, 0x20, 0x3d, 0x3e, 0x20, 0x76, 0x6f, 0x69, 0x64, 0x3b, 0x0a, 0x20, 0x20, 0x63, 0x6c
  .byte 0x61, 0x73, 0x73, 0x4e, 0x61, 0x6d, 0x65, 0x3f, 0x3a, 0x20, 0x73, 0x74, 0x72, 0x69, 0x6e, 0x67
  .byte 0x3b, 0x0a, 0x20, 0x20, 0x6d, 0x61, 0x78, 0x43, 0x68, 0x61, 0x72, 0x74, 0x53, 0x69, 0x7a, 0x65
  .byte 0x3f, 0x3a, 0x20, 0x6e, 0x75, 0x6d, 0x62, 0x65, 0x72, 0x3b, 0x0a, 0x20, 0x20, 0x6d, 0x69, 0x6e
  .byte 0x43, 0x68, 0x61, 0x72, 0x74, 0x53, 0x69, 0x7a, 0x65, 0x3f, 0x3a, 0x20, 0x6e, 0x75, 0x6d, 0x62
  .byte 0x65, 0x72, 0x3b, 0x0a, 0x20, 0x20, 0x68, 0x65, 0x69, 0x67, 0x68, 0x74, 0x3f, 0x3a, 0x20, 0x6e
  .byte 0x75, 0x6d, 0x62, 0x65, 0x72, 0x20, 0x7c, 0x20, 0x73, 0x74, 0x72, 0x69, 0x6e, 0x67, 0x3b, 0x0a
  .byte 0x20, 0x20, 0x77, 0x69, 0x64, 0x74, 0x68, 0x3f, 0x3a, 0x20, 0x6e, 0x75, 0x6d, 0x62, 0x65, 0x72
  .byte 0x20, 0x7c, 0x20, 0x73, 0x74, 0x72, 0x69, 0x6e, 0x67, 0x3b, 0x0a, 0x7d, 0x0a, 0x0a, 0x63, 0x6f
  .byte 0x6e, 0x73, 0x74, 0x20, 0x53, 0x54, 0x41, 0x43, 0x4b, 0x45, 0x44, 0x5f, 0x4c, 0x45, 0x47, 0x45
  .byte 0x4e, 0x44, 0x5f, 0x42, 0x52, 0x45, 0x41, 0x4b, 0x50, 0x4f, 0x49, 0x4e, 0x54, 0x20, 0x3d, 0x20
  .byte 0x34, 0x30, 0x30, 0x3b, 0x0a, 0x63, 0x6f, 0x6e, 0x73, 0x74, 0x20, 0x4d, 0x49, 0x4e, 0x5f, 0x43
  .byte 0x48, 0x41, 0x52, 0x54, 0x5f, 0x53, 0x49, 0x5a, 0x45, 0x20, 0x3d, 0x20, 0x31, 0x35, 0x30, 0x3b
  .byte 0x0a, 0x63, 0x6f, 0x6e, 0x73, 0x74, 0x20, 0x4d, 0x41, 0x58, 0x5f, 0x43, 0x48, 0x41, 0x52, 0x54
  .byte 0x5f, 0x53, 0x49, 0x5a, 0x45, 0x20, 0x3d, 0x20, 0x35, 0x30, 0x30, 0x3b, 0x0a, 0x0a, 0x65, 0x78
  .byte 0x70, 0x6f, 0x72, 0x74, 0x20, 0x63, 0x6f, 0x6e, 0x73, 0x74, 0x20, 0x52, 0x61, 0x64, 0x69, 0x61
  .byte 0x6c, 0x43, 0x68, 0x61, 0x72, 0x74, 0x20, 0x3d, 0x20, 0x3c, 0x54, 0x20, 0x65, 0x78, 0x74, 0x65
  .byte 0x6e, 0x64, 0x73, 0x20, 0x52, 0x61, 0x64, 0x69, 0x61, 0x6c, 0x43, 0x68, 0x61, 0x72, 0x74, 0x44
  .byte 0x61, 0x74, 0x61, 0x3e, 0x28, 0x7b, 0x0a, 0x20, 0x20, 0x64, 0x61, 0x74, 0x61, 0x2c, 0x0a, 0x20
  .byte 0x20, 0x63, 0x61, 0x74, 0x65, 0x67, 0x6f, 0x72, 0x79, 0x4b, 0x65, 0x79, 0x2c, 0x0a, 0x20, 0x20
  .byte 0x64, 0x61, 0x74, 0x61, 0x4b, 0x65, 0x79, 0x2c, 0x0a, 0x20, 0x20, 0x74, 0x68, 0x65, 0x6d, 0x65
  .byte 0x20, 0x3d, 0x20, 0x22, 0x6f, 0x63, 0x65, 0x61, 0x6e, 0x22, 0x2c, 0x0a, 0x20, 0x20, 0x63, 0x75
  .byte 0x73, 0x74, 0x6f, 0x6d, 0x50, 0x61, 0x6c, 0x65, 0x74, 0x74, 0x65, 0x2c, 0x0a, 0x20, 0x20, 0x76
  .byte 0x61, 0x72, 0x69, 0x61, 0x6e, 0x74, 0x20, 0x3d, 0x20, 0x22, 0x63, 0x69, 0x72, 0x63, 0x75, 0x6c
  .byte 0x61, 0x72, 0x22, 0x2c, 0x0a, 0x20, 0x20, 0x66, 0x6f, 0x72, 0x6d, 0x61, 0x74, 0x20, 0x3d, 0x20
  .byte 0x22, 0x6e, 0x75, 0x6d, 0x62, 0x65, 0x72, 0x22, 0x2c, 0x0a, 0x20, 0x20, 0x6c, 0x65, 0x67, 0x65
  .byte 0x6e, 0x64, 0x20, 0x3d, 0x20, 0x74, 0x72, 0x75, 0x65, 0x2c, 0x0a, 0x20, 0x20, 0x6c, 0x65, 0x67
  .byte 0x65, 0x6e, 0x64, 0x56, 0x61, 0x72, 0x69, 0x61, 0x6e, 0x74, 0x20, 0x3d, 0x20, 0x22, 0x73, 0x74
  .byte 0x61, 0x63, 0x6b, 0x65, 0x64, 0x22, 0x2c, 0x0a, 0x20, 0x20, 0x67, 0x72, 0x69, 0x64, 0x20, 0x3d
  .byte 0x20, 0x66, 0x61, 0x6c, 0x73, 0x65, 0x2c, 0x0a, 0x20, 0x20, 0x69, 0x73, 0x41, 0x6e, 0x69, 0x6d
  .byte 0x61, 0x74, 0x69, 0x6f, 0x6e, 0x41, 0x63, 0x74, 0x69, 0x76, 0x65, 0x20, 0x3d, 0x20, 0x66, 0x61
  .byte 0x6c, 0x73, 0x65, 0x2c, 0x0a, 0x20, 0x20, 0x63, 0x6f, 0x72, 0x6e, 0x65, 0x72, 0x52, 0x61, 0x64
  .byte 0x69, 0x75, 0x73, 0x20, 0x3d, 0x20, 0x31, 0x30, 0x2c, 0x0a, 0x20, 0x20, 0x6f, 0x6e, 0x4d, 0x6f
  .byte 0x75, 0x73, 0x65, 0x45, 0x6e, 0x74, 0x65, 0x72, 0x2c, 0x0a, 0x20, 0x20, 0x6f, 0x6e, 0x4d, 0x6f
  .byte 0x75, 0x73, 0x65, 0x4c, 0x65, 0x61, 0x76, 0x65, 0x2c, 0x0a, 0x20, 0x20, 0x6f, 0x6e, 0x43, 0x6c
  .byte 0x69, 0x63, 0x6b, 0x2c, 0x0a, 0x20, 0x20, 0x63, 0x6c, 0x61, 0x73, 0x73, 0x4e, 0x61, 0x6d, 0x65
  .byte 0x2c, 0x0a, 0x20, 0x20, 0x6d, 0x61, 0x78, 0x43, 0x68, 0x61, 0x72, 0x74, 0x53, 0x69, 0x7a, 0x65
  .byte 0x20, 0x3d, 0x20, 0x4d, 0x41, 0x58, 0x5f, 0x43, 0x48, 0x41, 0x52, 0x54, 0x5f, 0x53, 0x49, 0x5a
  .byte 0x45, 0x2c, 0x0a, 0x20, 0x20, 0x6d, 0x69, 0x6e, 0x43, 0x68, 0x61, 0x72, 0x74, 0x53, 0x69, 0x7a
  .byte 0x65, 0x20, 0x3d, 0x20, 0x4d, 0x49, 0x4e, 0x5f, 0x43, 0x48, 0x41, 0x52, 0x54, 0x5f, 0x53, 0x49
  .byte 0x5a, 0x45, 0x2c, 0x0a, 0x20, 0x20, 0x68, 0x65, 0x69, 0x67, 0x68, 0x74, 0x2c, 0x0a, 0x20, 0x20
  .byte 0x77, 0x69, 0x64, 0x74, 0x68, 0x2c, 0x0a, 0x7d, 0x3a, 0x20, 0x52, 0x61, 0x64, 0x69, 0x61, 0x6c
  .byte 0x43, 0x68, 0x61, 0x72, 0x74, 0x50, 0x72, 0x6f, 0x70, 0x73, 0x3c, 0x54, 0x3e, 0x29, 0x20, 0x3d
  .byte 0x3e, 0x20, 0x7b, 0x0a, 0x20, 0x20, 0x63, 0x6f, 0x6e, 0x73, 0x74, 0x20, 0x70, 0x72, 0x69, 0x6e
  .byte 0x74, 0x43, 0x6f, 0x6e, 0x74, 0x65, 0x78, 0x74, 0x20, 0x3d, 0x20, 0x75, 0x73, 0x65, 0x50, 0x72
  .byte 0x69, 0x6e, 0x74, 0x43, 0x6f, 0x6e, 0x74, 0x65, 0x78, 0x74, 0x28, 0x29, 0x3b, 0x0a, 0x20, 0x20
  .byte 0x69, 0x73, 0x41, 0x6e, 0x69, 0x6d, 0x61, 0x74, 0x69, 0x6f, 0x6e, 0x41, 0x63, 0x74, 0x69, 0x76
  .byte 0x65, 0x20, 0x3d, 0x20, 0x70, 0x72, 0x69, 0x6e, 0x74, 0x43, 0x6f, 0x6e, 0x74, 0x65, 0x78, 0x74
  .byte 0x20, 0x3f, 0x20, 0x66, 0x61, 0x6c, 0x73, 0x65, 0x20, 0x3a, 0x20, 0x69, 0x73, 0x41, 0x6e, 0x69
  .byte 0x6d, 0x61, 0x74, 0x69, 0x6f, 0x6e, 0x41, 0x63, 0x74, 0x69, 0x76, 0x65, 0x3b, 0x0a, 0x0a, 0x20
  .byte 0x20, 0x63, 0x6f, 0x6e, 0x73, 0x74, 0x20, 0x77, 0x72, 0x61, 0x70, 0x70, 0x65, 0x72, 0x52, 0x65
  .byte 0x66, 0x20, 0x3d, 0x20, 0x75, 0x73, 0x65, 0x52, 0x65, 0x66, 0x3c, 0x48, 0x54, 0x4d, 0x4c, 0x44
  .byte 0x69, 0x76, 0x45, 0x6c, 0x65, 0x6d, 0x65, 0x6e, 0x74, 0x3e, 0x28, 0x6e, 0x75, 0x6c, 0x6c, 0x29
  .byte 0x3b, 0x0a, 0x20, 0x20, 0x63, 0x6f, 0x6e, 0x73, 0x74, 0x20, 0x5b, 0x77, 0x72, 0x61, 0x70, 0x70
  .byte 0x65, 0x72, 0x52, 0x65, 0x63, 0x74, 0x2c, 0x20, 0x73, 0x65, 0x74, 0x57, 0x72, 0x61, 0x70, 0x70
  .byte 0x65, 0x72, 0x52, 0x65, 0x63, 0x74, 0x5d, 0x20, 0x3d, 0x20, 0x75, 0x73, 0x65, 0x53, 0x74, 0x61
  .byte 0x74, 0x65, 0x28, 0x7b, 0x20, 0x77, 0x69, 0x64, 0x74, 0x68, 0x3a, 0x20, 0x30, 0x2c, 0x20, 0x68
  .byte 0x65, 0x69, 0x67, 0x68, 0x74, 0x3a, 0x20, 0x30, 0x20, 0x7d, 0x29, 0x3b, 0x0a, 0x20, 0x20, 0x63
  .byte 0x6f, 0x6e, 0x73, 0x74, 0x20, 0x5b, 0x68, 0x6f, 0x76, 0x65, 0x72, 0x65, 0x64, 0x4c, 0x65, 0x67
  .byte 0x65, 0x6e, 0x64, 0x4b, 0x65, 0x79, 0x2c, 0x20, 0x73, 0x65, 0x74, 0x48, 0x6f, 0x76, 0x65, 0x72
  .byte 0x65, 0x64, 0x4c, 0x65, 0x67, 0x65, 0x6e, 0x64, 0x4b, 0x65, 0x79, 0x5d, 0x20, 0x3d, 0x20, 0x75
  .byte 0x73, 0x65, 0x53, 0x74, 0x61, 0x74, 0x65, 0x3c, 0x73, 0x74, 0x72, 0x69, 0x6e, 0x67, 0x20, 0x7c
  .byte 0x20, 0x6e, 0x75, 0x6c, 0x6c, 0x3e, 0x28, 0x6e, 0x75, 0x6c, 0x6c, 0x29, 0x3b, 0x0a, 0x20, 0x20
  .byte 0x63, 0x6f, 0x6e, 0x73, 0x74, 0x20, 0x5b, 0x69, 0x73, 0x4c, 0x65, 0x67, 0x65, 0x6e, 0x64, 0x45
  .byte 0x78, 0x70, 0x61, 0x6e, 0x64, 0x65, 0x64, 0x2c, 0x20, 0x73, 0x65, 0x74, 0x49, 0x73, 0x4c, 0x65
  .byte 0x67, 0x65, 0x6e, 0x64, 0x45, 0x78, 0x70, 0x61, 0x6e, 0x64, 0x65, 0x64, 0x5d, 0x20, 0x3d, 0x20
  .byte 0x75, 0x73, 0x65, 0x53, 0x74, 0x61, 0x74, 0x65, 0x28, 0x66, 0x61, 0x6c, 0x73, 0x65, 0x29, 0x3b
  .byte 0x0a, 0x20, 0x20, 0x63, 0x6f, 0x6e, 0x73, 0x74, 0x20, 0x7b, 0x20, 0x61, 0x63, 0x74, 0x69, 0x76
  .byte 0x65, 0x49, 0x6e, 0x64, 0x65, 0x78, 0x2c, 0x20, 0x68, 0x61, 0x6e, 0x64, 0x6c, 0x65, 0x4d, 0x6f
  .byte 0x75, 0x73, 0x65, 0x45, 0x6e, 0x74, 0x65, 0x72, 0x2c, 0x20, 0x68, 0x61, 0x6e, 0x64, 0x6c, 0x65
  .byte 0x4d, 0x6f, 0x75, 0x73, 0x65, 0x4c, 0x65, 0x61, 0x76, 0x65, 0x20, 0x7d, 0x20, 0x3d, 0x20, 0x75
  .byte 0x73, 0x65, 0x52, 0x61, 0x64, 0x69, 0x61, 0x6c, 0x43, 0x68, 0x61, 0x72, 0x74, 0x48, 0x6f, 0x76
  .byte 0x65, 0x72, 0x28, 0x29, 0x3b, 0x0a, 0x0a, 0x20, 0x20, 0x2f, 0x2f, 0x20, 0x44, 0x65, 0x74, 0x65
  .byte 0x72, 0x6d, 0x69, 0x6e, 0x65, 0x20, 0x6c, 0x61, 0x79, 0x6f, 0x75, 0x74, 0x20, 0x6d, 0x6f, 0x64
  .byte 0x65, 0x20, 0x62, 0x61, 0x73, 0x65, 0x64, 0x20, 0x6f, 0x6e, 0x20, 0x63, 0x6f, 0x6e, 0x74, 0x61
  .byte 0x69, 0x6e, 0x65, 0x72, 0x20, 0x77, 0x69, 0x64, 0x74, 0x68, 0x0a, 0x20, 0x20, 0x63, 0x6f, 0x6e
  .byte 0x73, 0x74, 0x20, 0x69, 0x73, 0x52, 0x6f, 0x77, 0x4c, 0x61, 0x79, 0x6f, 0x75, 0x74, 0x20, 0x3d
  .byte 0x0a, 0x20, 0x20, 0x20, 0x20, 0x6c, 0x65, 0x67, 0x65, 0x6e, 0x64, 0x20, 0x26, 0x26, 0x20, 0x6c
  .byte 0x65, 0x67, 0x65, 0x6e, 0x64, 0x56, 0x61, 0x72, 0x69, 0x61, 0x6e, 0x74, 0x20, 0x3d, 0x3d, 0x3d
  .byte 0x20, 0x22, 0x73, 0x74, 0x61, 0x63, 0x6b, 0x65, 0x64, 0x22, 0x20, 0x26, 0x26, 0x20, 0x77, 0x72
  .byte 0x61, 0x70, 0x70, 0x65, 0x72, 0x52, 0x65, 0x63, 0x74, 0x2e, 0x77, 0x69, 0x64, 0x74, 0x68, 0x20
  .byte 0x3e, 0x3d, 0x20, 0x53, 0x54, 0x41, 0x43, 0x4b, 0x45, 0x44, 0x5f, 0x4c, 0x45, 0x47, 0x45, 0x4e
  .byte 0x44, 0x5f, 0x42, 0x52, 0x45, 0x41, 0x4b, 0x50, 0x4f, 0x49, 0x4e, 0x54, 0x3b, 0x0a, 0x0a, 0x20
  .byte 0x20, 0x2f, 0x2f, 0x20, 0x53, 0x6f, 0x72, 0x74, 0x20, 0x64, 0x61, 0x74, 0x61, 0x20, 0x62, 0x79
  .byte 0x20, 0x76, 0x61, 0x6c, 0x75, 0x65, 0x20, 0x28, 0x68, 0x69, 0x67, 0x68, 0x65, 0x73, 0x74, 0x20
  .byte 0x74, 0x6f, 0x20, 0x6c, 0x6f, 0x77, 0x65, 0x73, 0x74, 0x29, 0x20, 0x66, 0x6f, 0x72, 0x20, 0x72
  .byte 0x61, 0x64, 0x69, 0x61, 0x6c, 0x20, 0x63, 0x68, 0x61, 0x72, 0x74, 0x20, 0x72, 0x65, 0x6e, 0x64
  .byte 0x65, 0x72, 0x69, 0x6e, 0x67, 0x0a, 0x20, 0x20, 0x63, 0x6f, 0x6e, 0x73, 0x74, 0x20, 0x73, 0x6f
  .byte 0x72, 0x74, 0x65, 0x64, 0x50, 0x72, 0x6f, 0x63, 0x65, 0x73, 0x73, 0x65, 0x64, 0x44, 0x61, 0x74
  .byte 0x61, 0x20, 0x3d, 0x20, 0x75, 0x73, 0x65, 0x4d, 0x65, 0x6d, 0x6f, 0x28, 0x0a, 0x20, 0x20, 0x20
  .byte 0x20, 0x28, 0x29, 0x20, 0x3d, 0x3e, 0x20, 0x5b, 0x2e, 0x2e, 0x2e, 0x64, 0x61, 0x74, 0x61, 0x5d
  .byte 0x2e, 0x73, 0x6f, 0x72, 0x74, 0x28, 0x28, 0x61, 0x2c, 0x20, 0x62, 0x29, 0x20, 0x3d, 0x3e, 0x20
  .byte 0x4e, 0x75, 0x6d, 0x62, 0x65, 0x72, 0x28, 0x62, 0x5b, 0x64, 0x61, 0x74, 0x61, 0x4b, 0x65, 0x79
  .byte 0x5d, 0x29, 0x20, 0x2d, 0x20, 0x4e, 0x75, 0x6d, 0x62, 0x65, 0x72, 0x28, 0x61, 0x5b, 0x64, 0x61
  .byte 0x74, 0x61, 0x4b, 0x65, 0x79, 0x5d, 0x29, 0x29, 0x2c, 0x0a, 0x20, 0x20, 0x20, 0x20, 0x5b, 0x64
  .byte 0x61, 0x74, 0x61, 0x2c, 0x20, 0x64, 0x61, 0x74, 0x61, 0x4b, 0x65, 0x79, 0x5d, 0x2c, 0x0a, 0x20
  .byte 0x20, 0x29, 0x3b, 0x0a, 0x0a, 0x20, 0x20, 0x63, 0x6f, 0x6e, 0x73, 0x74, 0x20, 0x63, 0x61, 0x74
  .byte 0x65, 0x67, 0x6f, 0x72, 0x69, 0x65, 0x73, 0x20, 0x3d, 0x20, 0x75, 0x73, 0x65, 0x4d, 0x65, 0x6d
  .byte 0x6f, 0x28, 0x0a, 0x20, 0x20, 0x20, 0x20, 0x28, 0x29, 0x20, 0x3d, 0x3e, 0x20, 0x73, 0x6f, 0x72
  .byte 0x74, 0x65, 0x64, 0x50, 0x72, 0x6f, 0x63, 0x65, 0x73, 0x73, 0x65, 0x64, 0x44, 0x61, 0x74, 0x61
  .byte 0x2e, 0x6d, 0x61, 0x70, 0x28, 0x28, 0x69, 0x74, 0x65, 0x6d, 0x29, 0x20, 0x3d, 0x3e, 0x20, 0x53
  .byte 0x74, 0x72, 0x69, 0x6e, 0x67, 0x28, 0x69, 0x74, 0x65, 0x6d, 0x5b, 0x63, 0x61, 0x74, 0x65, 0x67
  .byte 0x6f, 0x72, 0x79, 0x4b, 0x65, 0x79, 0x5d, 0x29, 0x29, 0x2c, 0x0a, 0x20, 0x20, 0x20, 0x20, 0x5b
  .byte 0x73, 0x6f, 0x72, 0x74, 0x65, 0x64, 0x50, 0x72, 0x6f, 0x63, 0x65, 0x73, 0x73, 0x65, 0x64, 0x44
  .byte 0x61, 0x74, 0x61, 0x2c, 0x20, 0x63, 0x61, 0x74, 0x65, 0x67, 0x6f, 0x72, 0x79, 0x4b, 0x65, 0x79
  .byte 0x5d, 0x2c, 0x0a, 0x20, 0x20, 0x29, 0x3b, 0x0a, 0x20, 0x20, 0x63, 0x6f, 0x6e, 0x73, 0x74, 0x20
  .byte 0x74, 0x72, 0x61, 0x6e, 0x73, 0x66, 0x6f, 0x72, 0x6d, 0x65, 0x64, 0x4b, 0x65, 0x79, 0x73, 0x20
  .byte 0x3d, 0x20, 0x75, 0x73, 0x65, 0x54, 0x72, 0x61, 0x6e, 0x73, 0x66, 0x6f, 0x72, 0x6d, 0x65, 0x64
  .byte 0x4b, 0x65, 0x79, 0x73, 0x28, 0x63, 0x61, 0x74, 0x65, 0x67, 0x6f, 0x72, 0x69, 0x65, 0x73, 0x29
  .byte 0x3b, 0x0a, 0x0a, 0x20, 0x20, 0x2f, 0x2f, 0x20, 0x4d, 0x65, 0x6d, 0x6f, 0x69, 0x7a, 0x65, 0x20
  .byte 0x73, 0x74, 0x72, 0x69, 0x6e, 0x67, 0x20, 0x63, 0x6f, 0x6e, 0x76, 0x65, 0x72, 0x73, 0x69, 0x6f
  .byte 0x6e, 0x73, 0x20, 0x74, 0x6f, 0x20, 0x61, 0x76, 0x6f, 0x69, 0x64, 0x20, 0x72, 0x65, 0x70, 0x65
  .byte 0x61, 0x74, 0x65, 0x64, 0x20, 0x63, 0x61, 0x6c, 0x6c, 0x73, 0x0a, 0x20, 0x20, 0x63, 0x6f, 0x6e
  .byte 0x73, 0x74, 0x20, 0x63, 0x61, 0x74, 0x65, 0x67, 0x6f, 0x72, 0x79, 0x4b, 0x65, 0x79, 0x53, 0x74
  .byte 0x72, 0x69, 0x6e, 0x67, 0x20, 0x3d, 0x20, 0x75, 0x73, 0x65, 0x4d, 0x65, 0x6d, 0x6f, 0x28, 0x28
  .byte 0x29, 0x20, 0x3d, 0x3e, 0x20, 0x53, 0x74, 0x72, 0x69, 0x6e, 0x67, 0x28, 0x63, 0x61, 0x74, 0x65
  .byte 0x67, 0x6f, 0x72, 0x79, 0x4b, 0x65, 0x79, 0x29, 0x2c, 0x20, 0x5b, 0x63, 0x61, 0x74, 0x65, 0x67
  .byte 0x6f, 0x72, 0x79, 0x4b, 0x65, 0x79, 0x5d, 0x29, 0x3b, 0x0a, 0x20, 0x20, 0x63, 0x6f, 0x6e, 0x73
  .byte 0x74, 0x20, 0x64, 0x61, 0x74, 0x61, 0x4b, 0x65, 0x79, 0x53, 0x74, 0x72, 0x69, 0x6e, 0x67, 0x20
  .byte 0x3d, 0x20, 0x75, 0x73, 0x65, 0x4d, 0x65, 0x6d, 0x6f, 0x28, 0x28, 0x29, 0x20, 0x3d, 0x3e, 0x20
  .byte 0x53, 0x74, 0x72, 0x69, 0x6e, 0x67, 0x28, 0x64, 0x61, 0x74, 0x61, 0x4b, 0x65, 0x79, 0x29, 0x2c
  .byte 0x20, 0x5b, 0x64, 0x61, 0x74, 0x61, 0x4b, 0x65, 0x79, 0x5d, 0x29, 0x3b, 0x0a, 0x20, 0x20, 0x63
  .byte 0x6f, 0x6e, 0x73, 0x74, 0x20, 0x66, 0x6f, 0x72, 0x6d, 0x61, 0x74, 0x4b, 0x65, 0x79, 0x20, 0x3d
  .byte 0x20, 0x75, 0x73, 0x65, 0x4d, 0x65, 0x6d, 0x6f, 0x28, 0x0a, 0x20, 0x20, 0x20, 0x20, 0x28, 0x29
  .byte 0x20, 0x3d, 0x3e, 0x20, 0x28, 0x66, 0x6f, 0x72, 0x6d, 0x61, 0x74, 0x20, 0x3d, 0x3d, 0x3d, 0x20
  .byte 0x22, 0x70, 0x65, 0x72, 0x63, 0x65, 0x6e, 0x74, 0x61, 0x67, 0x65, 0x22, 0x20, 0x3f, 0x20, 0x22
  .byte 0x70, 0x65, 0x72, 0x63, 0x65, 0x6e, 0x74, 0x61, 0x67, 0x65, 0x22, 0x20, 0x3a, 0x20, 0x64, 0x61
  .byte 0x74, 0x61, 0x4b, 0x65, 0x79, 0x53, 0x74, 0x72, 0x69, 0x6e, 0x67, 0x29, 0x2c, 0x0a, 0x20, 0x20
  .byte 0x20, 0x20, 0x5b, 0x66, 0x6f, 0x72, 0x6d, 0x61, 0x74, 0x2c, 0x20, 0x64, 0x61, 0x74, 0x61, 0x4b
  .byte 0x65, 0x79, 0x53, 0x74, 0x72, 0x69, 0x6e, 0x67, 0x5d, 0x2c, 0x0a, 0x20, 0x20, 0x29, 0x3b, 0x0a
  .byte 0x0a, 0x20, 0x20, 0x2f, 0x2f, 0x20, 0x55, 0x73, 0x65, 0x20, 0x70, 0x72, 0x6f, 0x76, 0x69, 0x64
  .byte 0x65, 0x64, 0x20, 0x64, 0x69, 0x6d, 0x65, 0x6e, 0x73, 0x69, 0x6f, 0x6e, 0x73, 0x20, 0x6f, 0x72
  .byte 0x20, 0x6f, 0x62, 0x73, 0x65, 0x72, 0x76, 0x65, 0x64, 0x20, 0x64, 0x69, 0x6d, 0x65, 0x6e, 0x73
  .byte 0x69, 0x6f, 0x6e, 0x73, 0x20, 0x66, 0x72, 0x6f, 0x6d, 0x20, 0x74, 0x68, 0x65, 0x20, 0x77, 0x72
  .byte 0x61, 0x70, 0x70, 0x65, 0x72, 0x0a, 0x20, 0x20, 0x63, 0x6f, 0x6e, 0x73, 0x74, 0x20, 0x65, 0x66
  .byte 0x66, 0x65, 0x63, 0x74, 0x69, 0x76, 0x65, 0x57, 0x69, 0x64, 0x74, 0x68, 0x20, 0x3d, 0x20, 0x77
  .byte 0x72, 0x61, 0x70, 0x70, 0x65, 0x72, 0x52, 0x65, 0x63, 0x74, 0x2e, 0x77, 0x69, 0x64, 0x74, 0x68
  .byte 0x3b, 0x0a, 0x20, 0x20, 0x63, 0x6f, 0x6e, 0x73, 0x74, 0x20, 0x65, 0x66, 0x66, 0x65, 0x63, 0x74
  .byte 0x69, 0x76, 0x65, 0x48, 0x65, 0x69, 0x67, 0x68, 0x74, 0x20, 0x3d, 0x20, 0x77, 0x72, 0x61, 0x70
  .byte 0x70, 0x65, 0x72, 0x52, 0x65, 0x63, 0x74, 0x2e, 0x68, 0x65, 0x69, 0x67, 0x68, 0x74, 0x3b, 0x0a
  .byte 0x0a, 0x20, 0x20, 0x2f, 0x2f, 0x20, 0x43, 0x61, 0x6c, 0x63, 0x75, 0x6c, 0x61, 0x74, 0x65, 0x20
  .byte 0x63, 0x68, 0x61, 0x72, 0x74, 0x20, 0x64, 0x69, 0x6d, 0x65, 0x6e, 0x73, 0x69, 0x6f, 0x6e, 0x73
  .byte 0x20, 0x62, 0x61, 0x73, 0x65, 0x64, 0x20, 0x6f, 0x6e, 0x20, 0x74, 0x68, 0x65, 0x20, 0x73, 0x6d
  .byte 0x61, 0x6c, 0x6c, 0x65, 0x72, 0x20, 0x64, 0x69, 0x6d, 0x65, 0x6e, 0x73, 0x69, 0x6f, 0x6e, 0x20
  .byte 0x6f, 0x66, 0x20, 0x74, 0x68, 0x65, 0x20, 0x63, 0x6f, 0x6e, 0x74, 0x61, 0x69, 0x6e, 0x65, 0x72
  .byte 0x0a, 0x20, 0x20, 0x63, 0x6f, 0x6e, 0x73, 0x74, 0x20, 0x63, 0x68, 0x61, 0x72, 0x74, 0x53, 0x69
  .byte 0x7a, 0x65, 0x20, 0x3d, 0x20, 0x75, 0x73, 0x65, 0x4d, 0x65, 0x6d, 0x6f, 0x28, 0x28, 0x29, 0x20
  .byte 0x3d, 0x3e, 0x20, 0x7b, 0x0a, 0x20, 0x20, 0x20, 0x20, 0x2f, 0x2f, 0x20, 0x43, 0x6f, 0x6d, 0x70
  .byte 0x75, 0x74, 0x65, 0x20, 0x74, 0x68, 0x65, 0x20, 0x61, 0x76, 0x61, 0x69, 0x6c, 0x61, 0x62, 0x6c
  .byte 0x65, 0x20, 0x77, 0x69, 0x64, 0x74, 0x68, 0x20, 0x66, 0x6f, 0x72, 0x20, 0x74, 0x68, 0x65, 0x20
  .byte 0x63, 0x68, 0x61, 0x72, 0x74, 0x2e, 0x20, 0x49, 0x6e, 0x20, 0x72, 0x6f, 0x77, 0x20, 0x6c, 0x61
  .byte 0x79, 0x6f, 0x75, 0x74, 0x2c, 0x20, 0x63, 0x68, 0x61, 0x72, 0x74, 0x20, 0x61, 0x6e, 0x64, 0x20
  .byte 0x6c, 0x65, 0x67, 0x65, 0x6e, 0x64, 0x20, 0x73, 0x69, 0x74, 0x20, 0x73, 0x69, 0x64, 0x65, 0x2d
  .byte 0x62, 0x79, 0x2d, 0x73, 0x69, 0x64, 0x65, 0x2e, 0x0a, 0x20, 0x20, 0x20, 0x20, 0x2f, 0x2f, 0x20
  .byte 0x53, 0x75, 0x62, 0x74, 0x72, 0x61, 0x63, 0x74, 0x20, 0x74, 0x68, 0x65, 0x20, 0x32, 0x30, 0x70
  .byte 0x78, 0x20, 0x67, 0x61, 0x70, 0x20, 0x64, 0x65, 0x66, 0x69, 0x6e, 0x65, 0x64, 0x20, 0x69, 0x6e
  .byte 0x20, 0x43, 0x53, 0x53, 0x20, 0x74, 0x6f, 0x20, 0x61, 0x76, 0x6f, 0x69, 0x64, 0x20, 0x6f, 0x76
  .byte 0x65, 0x72, 0x2d, 0x65, 0x73, 0x74, 0x69, 0x6d, 0x61, 0x74, 0x69, 0x6e, 0x67, 0x20, 0x61, 0x76
  .byte 0x61, 0x69, 0x6c, 0x61, 0x62, 0x6c, 0x65, 0x20, 0x77, 0x69, 0x64, 0x74, 0x68, 0x2e, 0x0a, 0x20
  .byte 0x20, 0x20, 0x20, 0x63, 0x6f, 0x6e, 0x73, 0x74, 0x20, 0x63, 0x6f, 0x6e, 0x74, 0x61, 0x69, 0x6e
  .byte 0x65, 0x72, 0x57, 0x69, 0x64, 0x74, 0x68, 0x20, 0x3d, 0x20, 0x69, 0x73, 0x52, 0x6f, 0x77, 0x4c
  .byte 0x61, 0x79, 0x6f, 0x75, 0x74, 0x20, 0x3f, 0x20, 0x4d, 0x61, 0x74, 0x68, 0x2e, 0x6d, 0x61, 0x78
  .byte 0x28, 0x30, 0x2c, 0x20, 0x28, 0x65, 0x66, 0x66, 0x65, 0x63, 0x74, 0x69, 0x76, 0x65, 0x57, 0x69
  .byte 0x64, 0x74, 0x68, 0x20, 0x2d, 0x20, 0x32, 0x30, 0x29, 0x20, 0x2f, 0x20, 0x32, 0x29, 0x20, 0x3a
  .byte 0x20, 0x65, 0x66, 0x66, 0x65, 0x63, 0x74, 0x69, 0x76, 0x65, 0x57, 0x69, 0x64, 0x74, 0x68, 0x3b
  .byte 0x0a, 0x0a, 0x20, 0x20, 0x20, 0x20, 0x2f, 0x2f, 0x20, 0x49, 0x66, 0x20, 0x77, 0x72, 0x61, 0x70
  .byte 0x70, 0x65, 0x72, 0x20, 0x68, 0x65, 0x69, 0x67, 0x68, 0x74, 0x20, 0x69, 0x73, 0x6e, 0x27, 0x74
  .byte 0x20, 0x65, 0x78, 0x70, 0x6c, 0x69, 0x63, 0x69, 0x74, 0x6c, 0x79, 0x20, 0x70, 0x72, 0x6f, 0x76
  .byte 0x69, 0x64, 0x65, 0x64, 0x20, 0x28, 0x6f, 0x72, 0x20, 0x69, 0x73, 0x20, 0x76, 0x65, 0x72, 0x79
  .byte 0x20, 0x73, 0x6d, 0x61, 0x6c, 0x6c, 0x29, 0x2c, 0x20, 0x70, 0x72, 0x65, 0x66, 0x65, 0x72, 0x20
  .byte 0x73, 0x69, 0x7a, 0x69, 0x6e, 0x67, 0x20, 0x62, 0x79, 0x20, 0x77, 0x69, 0x64, 0x74, 0x68, 0x20
  .byte 0x74, 0x6f, 0x0a, 0x20, 0x20, 0x20, 0x20, 0x2f, 0x2f, 0x20, 0x61, 0x76, 0x6f, 0x69, 0x64, 0x20
  .byte 0x61, 0x20, 0x66, 0x65, 0x65, 0x64, 0x62, 0x61, 0x63, 0x6b, 0x20, 0x6c, 0x6f, 0x6f, 0x70, 0x20
  .byte 0x77, 0x68, 0x65, 0x72, 0x65, 0x20, 0x68, 0x65, 0x69, 0x67, 0x68, 0x74, 0x20, 0x64, 0x65, 0x70
  .byte 0x65, 0x6e, 0x64, 0x73, 0x20, 0x6f, 0x6e, 0x20, 0x74, 0x68, 0x65, 0x20, 0x63, 0x68, 0x61, 0x72
  .byte 0x74, 0x2c, 0x20, 0x77, 0x68, 0x69, 0x63, 0x68, 0x20, 0x74, 0x68, 0x65, 0x6e, 0x20, 0x63, 0x6c
  .byte 0x61, 0x6d, 0x70, 0x73, 0x20, 0x74, 0x68, 0x65, 0x20, 0x73, 0x69, 0x7a, 0x65, 0x2e, 0x0a, 0x20
  .byte 0x20, 0x20, 0x20, 0x63, 0x6f, 0x6e, 0x73, 0x74, 0x20, 0x68, 0x65, 0x69, 0x67, 0x68, 0x74, 0x49
  .byte 0x73, 0x55, 0x73, 0x61, 0x62, 0x6c, 0x65, 0x20, 0x3d, 0x20, 0x65, 0x66, 0x66, 0x65, 0x63, 0x74
  .byte 0x69, 0x76, 0x65, 0x48, 0x65, 0x69, 0x67, 0x68, 0x74, 0x20, 0x3e, 0x3d, 0x20, 0x6d, 0x69, 0x6e
  .byte 0x43, 0x68, 0x61, 0x72, 0x74, 0x53, 0x69, 0x7a, 0x65, 0x3b, 0x0a, 0x0a, 0x20, 0x20, 0x20, 0x20
  .byte 0x6c, 0x65, 0x74, 0x20, 0x73, 0x69, 0x7a, 0x65, 0x20, 0x3d, 0x20, 0x68, 0x65, 0x69, 0x67, 0x68
  .byte 0x74, 0x49, 0x73, 0x55, 0x73, 0x61, 0x62, 0x6c, 0x65, 0x20, 0x3f, 0x20, 0x4d, 0x61, 0x74, 0x68
  .byte 0x2e, 0x6d, 0x69, 0x6e, 0x28, 0x63, 0x6f, 0x6e, 0x74, 0x61, 0x69, 0x6e, 0x65, 0x72, 0x57, 0x69
  .byte 0x64, 0x74, 0x68, 0x2c, 0x20, 0x65, 0x66, 0x66, 0x65, 0x63, 0x74, 0x69, 0x76, 0x65, 0x48, 0x65
  .byte 0x69, 0x67, 0x68, 0x74, 0x29, 0x20, 0x3a, 0x20, 0x63, 0x6f, 0x6e, 0x74, 0x61, 0x69, 0x6e, 0x65
  .byte 0x72, 0x57, 0x69, 0x64, 0x74, 0x68, 0x3b, 0x0a, 0x20, 0x20, 0x20, 0x20, 0x73, 0x69, 0x7a, 0x65
  .byte 0x20, 0x3d, 0x20, 0x4d, 0x61, 0x74, 0x68, 0x2e, 0x6d, 0x69, 0x6e, 0x28, 0x73, 0x69, 0x7a, 0x65
  .byte 0x2c, 0x20, 0x6d, 0x61, 0x78, 0x43, 0x68, 0x61, 0x72, 0x74, 0x53, 0x69, 0x7a, 0x65, 0x29, 0x3b
  .byte 0x0a, 0x20, 0x20, 0x20, 0x20, 0x72, 0x65, 0x74, 0x75, 0x72, 0x6e, 0x20, 0x4d, 0x61, 0x74, 0x68
  .byte 0x2e, 0x6d, 0x61, 0x78, 0x28, 0x6d, 0x69, 0x6e, 0x43, 0x68, 0x61, 0x72, 0x74, 0x53, 0x69, 0x7a
  .byte 0x65, 0x2c, 0x20, 0x73, 0x69, 0x7a, 0x65, 0x29, 0x3b, 0x0a, 0x20, 0x20, 0x7d, 0x2c, 0x20, 0x5b
  .byte 0x65, 0x66, 0x66, 0x65, 0x63, 0x74, 0x69, 0x76, 0x65, 0x57, 0x69, 0x64, 0x74, 0x68, 0x2c, 0x20
  .byte 0x65, 0x66, 0x66, 0x65, 0x63, 0x74, 0x69, 0x76, 0x65, 0x48, 0x65, 0x69, 0x67, 0x68, 0x74, 0x2c
  .byte 0x20, 0x69, 0x73, 0x52, 0x6f, 0x77, 0x4c, 0x61, 0x79, 0x6f, 0x75, 0x74, 0x5d, 0x29, 0x3b, 0x0a
  .byte 0x0a, 0x20, 0x20, 0x63, 0x6f, 0x6e, 0x73, 0x74, 0x20, 0x63, 0x68, 0x61, 0x72, 0x74, 0x53, 0x69
  .byte 0x7a, 0x65, 0x53, 0x74, 0x79, 0x6c, 0x65, 0x20, 0x3d, 0x20, 0x75, 0x73, 0x65, 0x4d, 0x65, 0x6d
  .byte 0x6f, 0x28, 0x0a, 0x20, 0x20, 0x20, 0x20, 0x28, 0x29, 0x20, 0x3d, 0x3e, 0x20, 0x28, 0x7b, 0x0a
  .byte 0x20, 0x20, 0x20, 0x20, 0x20, 0x20, 0x77, 0x69, 0x64, 0x74, 0x68, 0x3a, 0x20, 0x63, 0x68, 0x61
  .byte 0x72, 0x74, 0x53, 0x69, 0x7a, 0x65, 0x2c, 0x0a, 0x20, 0x20, 0x20, 0x20, 0x20, 0x20, 0x68, 0x65
  .byte 0x69, 0x67, 0x68, 0x74, 0x3a, 0x20, 0x63, 0x68, 0x61, 0x72, 0x74, 0x53, 0x69, 0x7a, 0x65, 0x2c
  .byte 0x0a, 0x20, 0x20, 0x20, 0x20, 0x7d, 0x29, 0x2c, 0x0a, 0x20, 0x20, 0x20, 0x20, 0x5b, 0x63, 0x68
  .byte 0x61, 0x72, 0x74, 0x53, 0x69, 0x7a, 0x65, 0x5d, 0x2c, 0x0a, 0x20, 0x20, 0x29, 0x3b, 0x0a, 0x0a
  .byte 0x20, 0x20, 0x63, 0x6f, 0x6e, 0x73, 0x74, 0x20, 0x72, 0x65, 0x63, 0x68, 0x61, 0x72, 0x74, 0x73
  .byte 0x50, 0x72, 0x6f, 0x70, 0x73, 0x3a, 0x20, 0x4f, 0x6d, 0x69, 0x74, 0x3c, 0x52, 0x65, 0x61, 0x63
  .byte 0x74, 0x2e, 0x43, 0x6f, 0x6d, 0x70, 0x6f, 0x6e, 0x65, 0x6e, 0x74, 0x50, 0x72, 0x6f, 0x70, 0x73
  .byte 0x3c, 0x74, 0x79, 0x70, 0x65, 0x6f, 0x66, 0x20, 0x52, 0x65, 0x73, 0x70, 0x6f, 0x6e, 0x73, 0x69
  .byte 0x76, 0x65, 0x43, 0x6f, 0x6e, 0x74, 0x61, 0x69, 0x6e, 0x65, 0x72, 0x3e, 0x2c, 0x20, 0x22, 0x63
  .byte 0x68, 0x69, 0x6c, 0x64, 0x72, 0x65, 0x6e, 0x22, 0x3e, 0x20, 0x3d, 0x20, 0x75, 0x73, 0x65, 0x4d
  .byte 0x65, 0x6d, 0x6f, 0x28, 0x0a, 0x20, 0x20, 0x20, 0x20, 0x28, 0x29, 0x20, 0x3d, 0x3e, 0x20, 0x28
  .byte 0x7b, 0x0a, 0x20, 0x20, 0x20, 0x20, 0x20, 0x20, 0x77, 0x69, 0x64, 0x74, 0x68, 0x3a, 0x20, 0x22
  .byte 0x31, 0x30, 0x30, 0x25, 0x22, 0x2c, 0x0a, 0x20, 0x20, 0x20, 0x20, 0x20, 0x20, 0x68, 0x65, 0x69
  .byte 0x67, 0x68, 0x74, 0x3a, 0x20, 0x22, 0x31, 0x30, 0x30, 0x25, 0x22, 0x2c, 0x0a, 0x20, 0x20, 0x20
  .byte 0x20, 0x20, 0x20, 0x6d, 0x69, 0x6e, 0x57, 0x69, 0x64, 0x74, 0x68, 0x3a, 0x20, 0x31, 0x2c, 0x0a
  .byte 0x20, 0x20, 0x20, 0x20, 0x20, 0x20, 0x6d, 0x69, 0x6e, 0x48, 0x65, 0x69, 0x67, 0x68, 0x74, 0x3a
  .byte 0x20, 0x31, 0x2c, 0x0a, 0x20, 0x20, 0x20, 0x20, 0x20, 0x20, 0x69, 0x6e, 0x69, 0x74, 0x69, 0x61
  .byte 0x6c, 0x44, 0x69, 0x6d, 0x65, 0x6e, 0x73, 0x69, 0x6f, 0x6e, 0x3a, 0x20, 0x7b, 0x20, 0x77, 0x69
  .byte 0x64, 0x74, 0x68, 0x3a, 0x20, 0x31, 0x2c, 0x20, 0x68, 0x65, 0x69, 0x67, 0x68, 0x74, 0x3a, 0x20
  .byte 0x31, 0x20, 0x7d, 0x2c, 0x0a, 0x20, 0x20, 0x20, 0x20, 0x7d, 0x29, 0x2c, 0x0a, 0x20, 0x20, 0x20
  .byte 0x20, 0x5b, 0x5d, 0x2c, 0x0a, 0x20, 0x20, 0x29, 0x3b, 0x0a, 0x0a, 0x20, 0x20, 0x2f, 0x2f, 0x20
  .byte 0x43, 0x61, 0x6c, 0x63, 0x75, 0x6c, 0x61, 0x74, 0x65, 0x20, 0x63, 0x68, 0x61, 0x72, 0x74, 0x20
  .byte 0x72, 0x61, 0x64, 0x69, 0x69, 0x0a, 0x20, 0x20, 0x63, 0x6f, 0x6e, 0x73, 0x74, 0x20, 0x64, 0x69
  .byte 0x6d, 0x65, 0x6e, 0x73, 0x69, 0x6f, 0x6e, 0x73, 0x20, 0x3d, 0x20, 0x75, 0x73, 0x65, 0x4d, 0x65
  .byte 0x6d, 0x6f, 0x28, 0x28, 0x29, 0x20, 0x3d, 0x3e, 0x20, 0x63, 0x61, 0x6c, 0x63, 0x75, 0x6c, 0x61
  .byte 0x74, 0x65, 0x52, 0x61, 0x64, 0x69, 0x61, 0x6c, 0x43, 0x68, 0x61, 0x72, 0x74, 0x44, 0x69, 0x6d
  .byte 0x65, 0x6e, 0x73, 0x69, 0x6f, 0x6e, 0x73, 0x28, 0x63, 0x68, 0x61, 0x72, 0x74, 0x53, 0x69, 0x7a
  .byte 0x65, 0x29, 0x2c, 0x20, 0x5b, 0x63, 0x68, 0x61, 0x72, 0x74, 0x53, 0x69, 0x7a, 0x65, 0x5d, 0x29
  .byte 0x3b, 0x0a, 0x0a, 0x20, 0x20, 0x2f, 0x2f, 0x20, 0x47, 0x65, 0x74, 0x20, 0x63, 0x6f, 0x6c, 0x6f
  .byte 0x72, 0x20, 0x70, 0x61, 0x6c, 0x65, 0x74, 0x74, 0x65, 0x20, 0x61, 0x6e, 0x64, 0x20, 0x64, 0x69
  .byte 0x73, 0x74, 0x72, 0x69, 0x62, 0x75, 0x74, 0x65, 0x20, 0x63, 0x6f, 0x6c, 0x6f, 0x72, 0x73, 0x0a
  .byte 0x20, 0x20, 0x63, 0x6f, 0x6e, 0x73, 0x74, 0x20, 0x63, 0x6f, 0x6c, 0x6f, 0x72, 0x73, 0x20, 0x3d
  .byte 0x20, 0x75, 0x73, 0x65, 0x43, 0x68, 0x61, 0x72, 0x74, 0x50, 0x61, 0x6c, 0x65, 0x74, 0x74, 0x65
  .byte 0x28, 0x7b, 0x0a, 0x20, 0x20, 0x20, 0x20, 0x63, 0x68, 0x61, 0x72, 0x74, 0x54, 0x68, 0x65, 0x6d
  .byte 0x65, 0x4e, 0x61, 0x6d, 0x65, 0x3a, 0x20, 0x74, 0x68, 0x65, 0x6d, 0x65, 0x2c, 0x0a, 0x20, 0x20
  .byte 0x20, 0x20, 0x63, 0x75, 0x73, 0x74, 0x6f, 0x6d, 0x50, 0x61, 0x6c, 0x65, 0x74, 0x74, 0x65, 0x2c
  .byte 0x0a, 0x20, 0x20, 0x20, 0x20, 0x74, 0x68, 0x65, 0x6d, 0x65, 0x50, 0x61, 0x6c, 0x65, 0x74, 0x74
  .byte 0x65, 0x4e, 0x61, 0x6d, 0x65, 0x3a, 0x20, 0x22, 0x72, 0x61, 0x64, 0x69, 0x61, 0x6c, 0x43, 0x68
  .byte 0x61, 0x72, 0x74, 0x50, 0x61, 0x6c, 0x65, 0x74, 0x74, 0x65, 0x22, 0x2c, 0x0a, 0x20, 0x20, 0x20
  .byte 0x20, 0x64, 0x61, 0x74, 0x61, 0x4c, 0x65, 0x6e, 0x67, 0x74, 0x68, 0x3a, 0x20, 0x73, 0x6f, 0x72
  .byte 0x74, 0x65, 0x64, 0x50, 0x72, 0x6f, 0x63, 0x65, 0x73, 0x73, 0x65, 0x64, 0x44, 0x61, 0x74, 0x61
  .byte 0x2e, 0x6c, 0x65, 0x6e, 0x67, 0x74, 0x68, 0x2c, 0x0a, 0x20, 0x20, 0x7d, 0x29, 0x3b, 0x0a, 0x0a
  .byte 0x20, 0x20, 0x63, 0x6f, 0x6e, 0x73, 0x74, 0x20, 0x65, 0x78, 0x70, 0x6f, 0x72, 0x74, 0x44, 0x61
  .byte 0x74, 0x61, 0x20, 0x3d, 0x20, 0x75, 0x73, 0x65, 0x45, 0x78, 0x70, 0x6f, 0x72, 0x74, 0x43, 0x68
  .byte 0x61, 0x72, 0x74, 0x44, 0x61, 0x74, 0x61, 0x28, 0x7b, 0x0a, 0x20, 0x20, 0x20, 0x20, 0x74, 0x79
  .byte 0x70, 0x65, 0x3a, 0x20, 0x22, 0x70, 0x69, 0x65, 0x22, 0x2c, 0x0a, 0x20, 0x20, 0x20, 0x20, 0x64
  .byte 0x61, 0x74, 0x61, 0x3a, 0x20, 0x73, 0x6f, 0x72, 0x74, 0x65, 0x64, 0x50, 0x72, 0x6f, 0x63, 0x65
  .byte 0x73, 0x73, 0x65, 0x64, 0x44, 0x61, 0x74, 0x61, 0x2c, 0x0a, 0x20, 0x20, 0x20, 0x20, 0x63, 0x61
  .byte 0x74, 0x65, 0x67, 0x6f, 0x72, 0x79, 0x4b, 0x65, 0x79, 0x3a, 0x20, 0x63, 0x61, 0x74, 0x65, 0x67
  .byte 0x6f, 0x72, 0x79, 0x4b, 0x65, 0x79, 0x20, 0x61, 0x73, 0x20, 0x73, 0x74, 0x72, 0x69, 0x6e, 0x67
  .byte 0x2c, 0x0a, 0x20, 0x20, 0x20, 0x20, 0x64, 0x61, 0x74, 0x61, 0x4b, 0x65, 0x79, 0x73, 0x3a, 0x20
  .byte 0x5b, 0x64, 0x61, 0x74, 0x61, 0x4b, 0x65, 0x79, 0x20, 0x61, 0x73, 0x20, 0x73, 0x74, 0x72, 0x69
  .byte 0x6e, 0x67, 0x5d, 0x2c, 0x0a, 0x20, 0x20, 0x20, 0x20, 0x63, 0x6f, 0x6c, 0x6f, 0x72, 0x73, 0x2c
  .byte 0x0a, 0x20, 0x20, 0x20, 0x20, 0x6c, 0x65, 0x67, 0x65, 0x6e, 0x64, 0x2c, 0x0a, 0x20, 0x20, 0x7d
  .byte 0x29, 0x3b, 0x0a, 0x0a, 0x20, 0x20, 0x2f, 0x2f, 0x20, 0x4d, 0x65, 0x6d, 0x6f, 0x69, 0x7a, 0x65
  .byte 0x20, 0x65, 0x78, 0x70, 0x65, 0x6e, 0x73, 0x69, 0x76, 0x65, 0x20, 0x64, 0x61, 0x74, 0x61, 0x20
  .byte 0x74, 0x72, 0x61, 0x6e, 0x73, 0x66, 0x6f, 0x72, 0x6d, 0x61, 0x74, 0x69, 0x6f, 0x6e, 0x73, 0x20
  .byte 0x61, 0x6e, 0x64, 0x20, 0x63, 0x6f, 0x6e, 0x66, 0x69, 0x67, 0x75, 0x72, 0x61, 0x74, 0x69, 0x6f
  .byte 0x6e, 0x73, 0x0a, 0x20, 0x20, 0x63, 0x6f, 0x6e, 0x73, 0x74, 0x20, 0x74, 0x72, 0x61, 0x6e, 0x73
  .byte 0x66, 0x6f, 0x72, 0x6d, 0x65, 0x64, 0x44, 0x61, 0x74, 0x61, 0x20, 0x3d, 0x20, 0x75, 0x73, 0x65
  .byte 0x4d, 0x65, 0x6d, 0x6f, 0x28, 0x0a, 0x20, 0x20, 0x20, 0x20, 0x28, 0x29, 0x20, 0x3d, 0x3e, 0x20
  .byte 0x74, 0x72, 0x61, 0x6e, 0x73, 0x66, 0x6f, 0x72, 0x6d, 0x52, 0x61, 0x64, 0x69, 0x61, 0x6c, 0x44
  .byte 0x61, 0x74, 0x61, 0x57, 0x69, 0x74, 0x68, 0x50, 0x65, 0x72, 0x63, 0x65, 0x6e, 0x74, 0x61, 0x67
  .byte 0x65, 0x73, 0x28, 0x73, 0x6f, 0x72, 0x74, 0x65, 0x64, 0x50, 0x72, 0x6f, 0x63, 0x65, 0x73, 0x73
  .byte 0x65, 0x64, 0x44, 0x61, 0x74, 0x61, 0x20, 0x61, 0x73, 0x20, 0x54, 0x2c, 0x20, 0x64, 0x61, 0x74
  .byte 0x61, 0x4b, 0x65, 0x79, 0x2c, 0x20, 0x63, 0x6f, 0x6c, 0x6f, 0x72, 0x73, 0x29, 0x2c, 0x0a, 0x20
  .byte 0x20, 0x20, 0x20, 0x5b, 0x73, 0x6f, 0x72, 0x74, 0x65, 0x64, 0x50, 0x72, 0x6f, 0x63, 0x65, 0x73
  .byte 0x73, 0x65, 0x64, 0x44, 0x61, 0x74, 0x61, 0x2c, 0x20, 0x64, 0x61, 0x74, 0x61, 0x4b, 0x65, 0x79
  .byte 0x2c, 0x20, 0x63, 0x6f, 0x6c, 0x6f, 0x72, 0x73, 0x5d, 0x2c, 0x0a, 0x20, 0x20, 0x29, 0x3b, 0x0a
  .byte 0x0a, 0x20, 0x20, 0x63, 0x6f, 0x6e, 0x73, 0x74, 0x20, 0x63, 0x68, 0x61, 0x72, 0x74, 0x43, 0x6f
  .byte 0x6e, 0x66, 0x69, 0x67, 0x20, 0x3d, 0x20, 0x75, 0x73, 0x65, 0x4d, 0x65, 0x6d, 0x6f, 0x28, 0x0a
  .byte 0x20, 0x20, 0x20, 0x20, 0x28, 0x29, 0x20, 0x3d, 0x3e, 0x20, 0x67, 0x65, 0x74, 0x43, 0x61, 0x74
  .byte 0x65, 0x67, 0x6f, 0x72, 0x69, 0x63, 0x61, 0x6c, 0x43, 0x68, 0x61, 0x72, 0x74, 0x43, 0x6f, 0x6e
  .byte 0x66, 0x69, 0x67, 0x28, 0x73, 0x6f, 0x72, 0x74, 0x65, 0x64, 0x50, 0x72, 0x6f, 0x63, 0x65, 0x73
  .byte 0x73, 0x65, 0x64, 0x44, 0x61, 0x74, 0x61, 0x20, 0x61, 0x73, 0x20, 0x54, 0x2c, 0x20, 0x63, 0x61
  .byte 0x74, 0x65, 0x67, 0x6f, 0x72, 0x79, 0x4b, 0x65, 0x79, 0x2c, 0x20, 0x63, 0x6f, 0x6c, 0x6f, 0x72
  .byte 0x73, 0x2c, 0x20, 0x74, 0x72, 0x61, 0x6e, 0x73, 0x66, 0x6f, 0x72, 0x6d, 0x65, 0x64, 0x4b, 0x65
  .byte 0x79, 0x73, 0x29, 0x2c, 0x0a, 0x20, 0x20, 0x20, 0x20, 0x5b, 0x73, 0x6f, 0x72, 0x74, 0x65, 0x64
  .byte 0x50, 0x72, 0x6f, 0x63, 0x65, 0x73, 0x73, 0x65, 0x64, 0x44, 0x61, 0x74, 0x61, 0x2c, 0x20, 0x63
  .byte 0x61, 0x74, 0x65, 0x67, 0x6f, 0x72, 0x79, 0x4b, 0x65, 0x79, 0x2c, 0x20, 0x63, 0x6f, 0x6c, 0x6f
  .byte 0x72, 0x73, 0x2c, 0x20, 0x74, 0x72, 0x61, 0x6e, 0x73, 0x66, 0x6f, 0x72, 0x6d, 0x65, 0x64, 0x4b
  .byte 0x65, 0x79, 0x73, 0x5d, 0x2c, 0x0a, 0x20, 0x20, 0x29, 0x3b, 0x0a, 0x0a, 0x20, 0x20, 0x63, 0x6f
  .byte 0x6e, 0x73, 0x74, 0x20, 0x61, 0x6e, 0x69, 0x6d, 0x61, 0x74, 0x69, 0x6f, 0x6e, 0x43, 0x6f, 0x6e
  .byte 0x66, 0x69, 0x67, 0x20, 0x3d, 0x20, 0x75, 0x73, 0x65, 0x4d, 0x65, 0x6d, 0x6f, 0x28, 0x0a, 0x20
  .byte 0x20, 0x20, 0x20, 0x28, 0x29, 0x20, 0x3d, 0x3e, 0x20, 0x63, 0x72, 0x65, 0x61, 0x74, 0x65, 0x52
  .byte 0x61, 0x64, 0x69, 0x61, 0x6c, 0x41, 0x6e, 0x69, 0x6d, 0x61, 0x74, 0x69, 0x6f, 0x6e, 0x43, 0x6f
  .byte 0x6e, 0x66, 0x69, 0x67, 0x28, 0x7b, 0x20, 0x69, 0x73, 0x41, 0x6e, 0x69, 0x6d, 0x61, 0x74, 0x69
  .byte 0x6f, 0x6e, 0x41, 0x63, 0x74, 0x69, 0x76, 0x65, 0x20, 0x7d, 0x29, 0x2c, 0x0a, 0x20, 0x20, 0x20
  .byte 0x20, 0x5b, 0x69, 0x73, 0x41, 0x6e, 0x69, 0x6d, 0x61, 0x74, 0x69, 0x6f, 0x6e, 0x41, 0x63, 0x74
  .byte 0x69, 0x76, 0x65, 0x5d, 0x2c, 0x0a, 0x20, 0x20, 0x29, 0x3b, 0x0a, 0x0a, 0x20, 0x20, 0x63, 0x6f
  .byte 0x6e, 0x73, 0x74, 0x20, 0x65, 0x76, 0x65, 0x6e, 0x74, 0x48, 0x61, 0x6e, 0x64, 0x6c, 0x65, 0x72
  .byte 0x73, 0x20, 0x3d, 0x20, 0x75, 0x73, 0x65, 0x4d, 0x65, 0x6d, 0x6f, 0x28, 0x0a, 0x20, 0x20, 0x20
  .byte 0x20, 0x28, 0x29, 0x20, 0x3d, 0x3e, 0x20, 0x63, 0x72, 0x65, 0x61, 0x74, 0x65, 0x52, 0x61, 0x64
  .byte 0x69, 0x61, 0x6c, 0x45, 0x76, 0x65, 0x6e, 0x74, 0x48, 0x61, 0x6e, 0x64, 0x6c, 0x65, 0x72, 0x73
  .byte 0x28, 0x6f, 0x6e, 0x4d, 0x6f, 0x75, 0x73, 0x65, 0x45, 0x6e, 0x74, 0x65, 0x72, 0x2c, 0x20, 0x6f
  .byte 0x6e, 0x4d, 0x6f, 0x75, 0x73, 0x65, 0x4c, 0x65, 0x61, 0x76, 0x65, 0x2c, 0x20, 0x6f, 0x6e, 0x43
  .byte 0x6c, 0x69, 0x63, 0x6b, 0x29, 0x2c, 0x0a, 0x20, 0x20, 0x20, 0x20, 0x5b, 0x6f, 0x6e, 0x4d, 0x6f
  .byte 0x75, 0x73, 0x65, 0x45, 0x6e, 0x74, 0x65, 0x72, 0x2c, 0x20, 0x6f, 0x6e, 0x4d, 0x6f, 0x75, 0x73
  .byte 0x65, 0x4c, 0x65, 0x61, 0x76, 0x65, 0x2c, 0x20, 0x6f, 0x6e, 0x43, 0x6c, 0x69, 0x63, 0x6b, 0x5d
  .byte 0x2c, 0x0a, 0x20, 0x20, 0x29, 0x3b, 0x0a, 0x0a, 0x20, 0x20, 0x2f, 0x2f, 0x20, 0x43, 0x72, 0x65
  .byte 0x61, 0x74, 0x65, 0x20, 0x6c, 0x65, 0x67, 0x65, 0x6e, 0x64, 0x20, 0x69, 0x74, 0x65, 0x6d, 0x73
  .byte 0x20, 0x66, 0x6f, 0x72, 0x20, 0x62, 0x6f, 0x74, 0x68, 0x20, 0x76, 0x61, 0x72, 0x69, 0x61, 0x6e
  .byte 0x74, 0x73, 0x0a, 0x20, 0x20, 0x63, 0x6f, 0x6e, 0x73, 0x74, 0x20, 0x6c, 0x65, 0x67, 0x65, 0x6e
  .byte 0x64, 0x49, 0x74, 0x65, 0x6d, 0x73, 0x20, 0x3d, 0x20, 0x75, 0x73, 0x65, 0x4d, 0x65, 0x6d, 0x6f
  .byte 0x28, 0x0a, 0x20, 0x20, 0x20, 0x20, 0x28, 0x29, 0x20, 0x3d, 0x3e, 0x0a, 0x20, 0x20, 0x20, 0x20
  .byte 0x20, 0x20, 0x73, 0x6f, 0x72, 0x74, 0x65, 0x64, 0x50, 0x72, 0x6f, 0x63, 0x65, 0x73, 0x73, 0x65
  .byte 0x64, 0x44, 0x61, 0x74, 0x61, 0x2e, 0x6d, 0x61, 0x70, 0x28, 0x28, 0x69, 0x74, 0x65, 0x6d, 0x2c
  .byte 0x20, 0x69, 0x6e, 0x64, 0x65, 0x78, 0x29, 0x20, 0x3d, 0x3e, 0x20, 0x28, 0x7b, 0x0a, 0x20, 0x20
  .byte 0x20, 0x20, 0x20, 0x20, 0x20, 0x20, 0x6b, 0x65, 0x79, 0x3a, 0x20, 0x53, 0x74, 0x72, 0x69, 0x6e
  .byte 0x67, 0x28, 0x69, 0x74, 0x65, 0x6d, 0x5b, 0x63, 0x61, 0x74, 0x65, 0x67, 0x6f, 0x72, 0x79, 0x4b
  .byte 0x65, 0x79, 0x5d, 0x29, 0x2c, 0x0a, 0x20, 0x20, 0x20, 0x20, 0x20, 0x20, 0x20, 0x20, 0x6c, 0x61
  .byte 0x62, 0x65, 0x6c, 0x3a, 0x20, 0x53, 0x74, 0x72, 0x69, 0x6e, 0x67, 0x28, 0x69, 0x74, 0x65, 0x6d
  .byte 0x5b, 0x63, 0x61, 0x74, 0x65, 0x67, 0x6f, 0x72, 0x79, 0x4b, 0x65, 0x79, 0x5d, 0x29, 0x2c, 0x0a
  .byte 0x20, 0x20, 0x20, 0x20, 0x20, 0x20, 0x20, 0x20, 0x76, 0x61, 0x6c, 0x75, 0x65, 0x3a, 0x20, 0x4e
  .byte 0x75, 0x6d, 0x62, 0x65, 0x72, 0x28, 0x69, 0x74, 0x65, 0x6d, 0x5b, 0x64, 0x61, 0x74, 0x61, 0x4b
  .byte 0x65, 0x79, 0x5d, 0x29, 0x2c, 0x0a, 0x20, 0x20, 0x20, 0x20, 0x20, 0x20, 0x20, 0x20, 0x63, 0x6f
  .byte 0x6c, 0x6f, 0x72, 0x3a, 0x20, 0x63, 0x6f, 0x6c, 0x6f, 0x72, 0x73, 0x5b, 0x69, 0x6e, 0x64, 0x65
  .byte 0x78, 0x5d, 0x20, 0x7c, 0x7c, 0x20, 0x22, 0x23, 0x30, 0x30, 0x30, 0x30, 0x30, 0x30, 0x22, 0x2c
  .byte 0x0a, 0x20, 0x20, 0x20, 0x20, 0x20, 0x20, 0x7d, 0x29, 0x29, 0x2c, 0x0a, 0x20, 0x20, 0x20, 0x20
  .byte 0x5b, 0x73, 0x6f, 0x72, 0x74, 0x65, 0x64, 0x50, 0x72, 0x6f, 0x63, 0x65, 0x73, 0x73, 0x65, 0x64
  .byte 0x44, 0x61, 0x74, 0x61, 0x2c, 0x20, 0x63, 0x61, 0x74, 0x65, 0x67, 0x6f, 0x72, 0x79, 0x4b, 0x65
  .byte 0x79, 0x2c, 0x20, 0x64, 0x61, 0x74, 0x61, 0x4b, 0x65, 0x79, 0x2c, 0x20, 0x63, 0x6f, 0x6c, 0x6f
  .byte 0x72, 0x73, 0x5d, 0x2c, 0x0a, 0x20, 0x20, 0x29, 0x3b, 0x0a, 0x0a, 0x20, 0x20, 0x63, 0x6f, 0x6e
  .byte 0x73, 0x74, 0x20, 0x64, 0x65, 0x66, 0x61, 0x75, 0x6c, 0x74, 0x4c, 0x65, 0x67, 0x65, 0x6e, 0x64
  .byte 0x49, 0x74, 0x65, 0x6d, 0x73, 0x20, 0x3d, 0x20, 0x75, 0x73, 0x65, 0x4d, 0x65, 0x6d, 0x6f, 0x28
  .byte 0x28, 0x29, 0x3a, 0x20, 0x4c, 0x65, 0x67, 0x65, 0x6e, 0x64, 0x49, 0x74, 0x65, 0x6d, 0x5b, 0x5d
  .byte 0x20, 0x3d, 0x3e, 0x20, 0x7b, 0x0a, 0x20, 0x20, 0x20, 0x20, 0x72, 0x65, 0x74, 0x75, 0x72, 0x6e
  .byte 0x20, 0x6c, 0x65, 0x67, 0x65, 0x6e, 0x64, 0x49, 0x74, 0x65, 0x6d, 0x73, 0x2e, 0x6d, 0x61, 0x70
  .byte 0x28, 0x28, 0x7b, 0x20, 0x6b, 0x65, 0x79, 0x2c, 0x20, 0x6c, 0x61, 0x62, 0x65, 0x6c, 0x2c, 0x20
  .byte 0x63, 0x6f, 0x6c, 0x6f, 0x72, 0x20, 0x7d, 0x29, 0x20, 0x3d, 0x3e, 0x20, 0x28, 0x7b, 0x20, 0x6b
  .byte 0x65, 0x79, 0x2c, 0x20, 0x6c, 0x61, 0x62, 0x65, 0x6c, 0x2c, 0x20, 0x63, 0x6f, 0x6c, 0x6f, 0x72
  .byte 0x20, 0x7d, 0x29, 0x29, 0x3b, 0x0a, 0x20, 0x20, 0x7d, 0x2c, 0x20, 0x5b, 0x6c, 0x65, 0x67, 0x65
  .byte 0x6e, 0x64, 0x49, 0x74, 0x65, 0x6d, 0x73, 0x5d, 0x29, 0x3b, 0x0a, 0x0a, 0x20, 0x20, 0x2f, 0x2f
  .byte 0x20, 0x48, 0x61, 0x6e, 0x64, 0x6c, 0x65, 0x20, 0x6c, 0x65, 0x67, 0x65, 0x6e, 0x64, 0x20, 0x69
  .byte 0x74, 0x65, 0x6d, 0x20, 0x68, 0x6f, 0x76, 0x65, 0x72, 0x20, 0x74, 0x6f, 0x20, 0x68, 0x69, 0x67
  .byte 0x68, 0x6c, 0x69, 0x67, 0x68, 0x74, 0x20, 0x72, 0x61, 0x64, 0x69, 0x61, 0x6c, 0x20, 0x62, 0x61
  .byte 0x72, 0x0a, 0x20, 0x20, 0x63, 0x6f, 0x6e, 0x73, 0x74, 0x20, 0x68, 0x61, 0x6e, 0x64, 0x6c, 0x65
  .byte 0x4c, 0x65, 0x67, 0x65, 0x6e, 0x64, 0x49, 0x74, 0x65, 0x6d, 0x48, 0x6f, 0x76, 0x65, 0x72, 0x20
  .byte 0x3d, 0x20, 0x75, 0x73, 0x65, 0x43, 0x61, 0x6c, 0x6c, 0x62, 0x61, 0x63, 0x6b, 0x28, 0x0a, 0x20
  .byte 0x20, 0x20, 0x20, 0x28, 0x69, 0x6e, 0x64, 0x65, 0x78, 0x3a, 0x20, 0x6e, 0x75, 0x6d, 0x62, 0x65
  .byte 0x72, 0x20, 0x7c, 0x20, 0x6e, 0x75, 0x6c, 0x6c, 0x29, 0x20, 0x3d, 0x3e, 0x20, 0x7b, 0x0a, 0x20
  .byte 0x20, 0x20, 0x20, 0x20, 0x20, 0x69, 0x66, 0x20, 0x28, 0x6c, 0x65, 0x67, 0x65, 0x6e, 0x64, 0x56
  .byte 0x61, 0x72, 0x69, 0x61, 0x6e, 0x74, 0x20, 0x21, 0x3d, 0x3d, 0x20, 0x22, 0x73, 0x74, 0x61, 0x63
  .byte 0x6b, 0x65, 0x64, 0x22, 0x29, 0x20, 0x72, 0x65, 0x74, 0x75, 0x72, 0x6e, 0x3b, 0x0a, 0x20, 0x20
  .byte 0x20, 0x20, 0x20, 0x20, 0x69, 0x66, 0x20, 0x28, 0x69, 0x6e, 0x64, 0x65, 0x78, 0x20, 0x21, 0x3d
  .byte 0x3d, 0x20, 0x6e, 0x75, 0x6c, 0x6c, 0x29, 0x20, 0x7b, 0x0a, 0x20, 0x20, 0x20, 0x20, 0x20, 0x20
  .byte 0x20, 0x20, 0x63, 0x6f, 0x6e, 0x73, 0x74, 0x20, 0x69, 0x74, 0x65, 0x6d, 0x20, 0x3d, 0x20, 0x73
  .byte 0x6f, 0x72, 0x74, 0x65, 0x64, 0x50, 0x72, 0x6f, 0x63, 0x65, 0x73, 0x73, 0x65, 0x64, 0x44, 0x61
  .byte 0x74, 0x61, 0x5b, 0x69, 0x6e, 0x64, 0x65, 0x78, 0x5d, 0x3b, 0x0a, 0x20, 0x20, 0x20, 0x20, 0x20
  .byte 0x20, 0x20, 0x20, 0x69, 0x66, 0x20, 0x28, 0x69, 0x74, 0x65, 0x6d, 0x29, 0x20, 0x7b, 0x0a, 0x20
  .byte 0x20, 0x20, 0x20, 0x20, 0x20, 0x20, 0x20, 0x20, 0x20, 0x63, 0x6f, 0x6e, 0x73, 0x74, 0x20, 0x63
  .byte 0x61, 0x74, 0x65, 0x67, 0x6f, 0x72, 0x79, 0x56, 0x61, 0x6c, 0x75, 0x65, 0x20, 0x3d, 0x20, 0x53
  .byte 0x74, 0x72, 0x69, 0x6e, 0x67, 0x28, 0x69, 0x74, 0x65, 0x6d, 0x5b, 0x63, 0x61, 0x74, 0x65, 0x67
  .byte 0x6f, 0x72, 0x79, 0x4b, 0x65, 0x79, 0x5d, 0x29, 0x3b, 0x0a, 0x20, 0x20, 0x20, 0x20, 0x20, 0x20
  .byte 0x20, 0x20, 0x20, 0x20, 0x73, 0x65, 0x74, 0x48, 0x6f, 0x76, 0x65, 0x72, 0x65, 0x64, 0x4c, 0x65
  .byte 0x67, 0x65, 0x6e, 0x64, 0x4b, 0x65, 0x79, 0x28, 0x63, 0x61, 0x74, 0x65, 0x67, 0x6f, 0x72, 0x79
  .byte 0x56, 0x61, 0x6c, 0x75, 0x65, 0x29, 0x3b, 0x0a, 0x20, 0x20, 0x20, 0x20, 0x20, 0x20, 0x20, 0x20
  .byte 0x20, 0x20, 0x2f, 0x2f, 0x20, 0x46, 0x69, 0x6e, 0x64, 0x20, 0x74, 0x68, 0x65, 0x20, 0x69, 0x6e
  .byte 0x64, 0x65, 0x78, 0x20, 0x69, 0x6e, 0x20, 0x74, 0x68, 0x65, 0x20, 0x74, 0x72, 0x61, 0x6e, 0x73
  .byte 0x66, 0x6f, 0x72, 0x6d, 0x65, 0x64, 0x20, 0x64, 0x61, 0x74, 0x61, 0x20, 0x28, 0x77, 0x68, 0x69
  .byte 0x63, 0x68, 0x20, 0x69, 0x73, 0x20, 0x61, 0x6c, 0x73, 0x6f, 0x20, 0x73, 0x6f, 0x72, 0x74, 0x65
  .byte 0x64, 0x29, 0x0a, 0x20, 0x20, 0x20, 0x20, 0x20, 0x20, 0x20, 0x20, 0x20, 0x20, 0x63, 0x6f, 0x6e
  .byte 0x73, 0x74, 0x20, 0x74, 0x72, 0x61, 0x6e, 0x73, 0x66, 0x6f, 0x72, 0x6d, 0x65, 0x64, 0x49, 0x6e
  .byte 0x64, 0x65, 0x78, 0x20, 0x3d, 0x20, 0x74, 0x72, 0x61, 0x6e, 0x73, 0x66, 0x6f, 0x72, 0x6d, 0x65
  .byte 0x64, 0x44, 0x61, 0x74, 0x61, 0x2e, 0x66, 0x69, 0x6e, 0x64, 0x49, 0x6e, 0x64, 0x65, 0x78, 0x28
  .byte 0x0a, 0x20, 0x20, 0x20, 0x20, 0x20, 0x20, 0x20, 0x20, 0x20, 0x20, 0x20, 0x20, 0x28, 0x64, 0x29
  .byte 0x20, 0x3d, 0x3e, 0x20, 0x53, 0x74, 0x72, 0x69, 0x6e, 0x67, 0x28, 0x28, 0x64, 0x20, 0x61, 0x73
  .byte 0x20, 0x61, 0x6e, 0x79, 0x29, 0x5b, 0x63, 0x61, 0x74, 0x65, 0x67, 0x6f, 0x72, 0x79, 0x4b, 0x65
  .byte 0x79, 0x5d, 0x29, 0x20, 0x3d, 0x3d, 0x3d, 0x20, 0x63, 0x61, 0x74, 0x65, 0x67, 0x6f, 0x72, 0x79
  .byte 0x56, 0x61, 0x6c, 0x75, 0x65, 0x2c, 0x0a, 0x20, 0x20, 0x20, 0x20, 0x20, 0x20, 0x20, 0x20, 0x20
  .byte 0x20, 0x29, 0x3b, 0x0a, 0x20, 0x20, 0x20, 0x20, 0x20, 0x20, 0x20, 0x20, 0x20, 0x20, 0x69, 0x66
  .byte 0x20, 0x28, 0x74, 0x72, 0x61, 0x6e, 0x73, 0x66, 0x6f, 0x72, 0x6d, 0x65, 0x64, 0x49, 0x6e, 0x64
  .byte 0x65, 0x78, 0x20, 0x21, 0x3d, 0x3d, 0x20, 0x2d, 0x31, 0x29, 0x20, 0x7b, 0x0a, 0x20, 0x20, 0x20
  .byte 0x20, 0x20, 0x20, 0x20, 0x20, 0x20, 0x20, 0x20, 0x20, 0x68, 0x61, 0x6e, 0x64, 0x6c, 0x65, 0x4d
  .byte 0x6f, 0x75, 0x73, 0x65, 0x45, 0x6e, 0x74, 0x65, 0x72, 0x28, 0x74, 0x72, 0x61, 0x6e, 0x73, 0x66
  .byte 0x6f, 0x72, 0x6d, 0x65, 0x64, 0x44, 0x61, 0x74, 0x61, 0x5b, 0x74, 0x72, 0x61, 0x6e, 0x73, 0x66
  .byte 0x6f, 0x72, 0x6d, 0x65, 0x64, 0x49, 0x6e, 0x64, 0x65, 0x78, 0x5d, 0x2c, 0x20, 0x74, 0x72, 0x61
  .byte 0x6e, 0x73, 0x66, 0x6f, 0x72, 0x6d, 0x65, 0x64, 0x49, 0x6e, 0x64, 0x65, 0x78, 0x29, 0x3b, 0x0a
  .byte 0x20, 0x20, 0x20, 0x20, 0x20, 0x20, 0x20, 0x20, 0x20, 0x20, 0x7d, 0x0a, 0x20, 0x20, 0x20, 0x20
  .byte 0x20, 0x20, 0x20, 0x20, 0x7d, 0x0a, 0x20, 0x20, 0x20, 0x20, 0x20, 0x20, 0x7d, 0x20, 0x65, 0x6c
  .byte 0x73, 0x65, 0x20, 0x7b, 0x0a, 0x20, 0x20, 0x20, 0x20, 0x20, 0x20, 0x20, 0x20, 0x73, 0x65, 0x74
  .byte 0x48, 0x6f, 0x76, 0x65, 0x72, 0x65, 0x64, 0x4c, 0x65, 0x67, 0x65, 0x6e, 0x64, 0x4b, 0x65, 0x79
  .byte 0x28, 0x6e, 0x75, 0x6c, 0x6c, 0x29, 0x3b, 0x0a, 0x20, 0x20, 0x20, 0x20, 0x20, 0x20, 0x20, 0x20
  .byte 0x68, 0x61, 0x6e, 0x64, 0x6c, 0x65, 0x4d, 0x6f, 0x75, 0x73, 0x65, 0x4c, 0x65, 0x61, 0x76, 0x65
  .byte 0x28, 0x29, 0x3b, 0x0a, 0x20, 0x20, 0x20, 0x20, 0x20, 0x20, 0x7d, 0x0a, 0x20, 0x20, 0x20, 0x20
  .byte 0x7d, 0x2c, 0x0a, 0x20, 0x20, 0x20, 0x20, 0x5b, 0x0a, 0x20, 0x20, 0x20, 0x20, 0x20, 0x20, 0x73
  .byte 0x6f, 0x72, 0x74, 0x65, 0x64, 0x50, 0x72, 0x6f, 0x63, 0x65, 0x73, 0x73, 0x65, 0x64, 0x44, 0x61
  .byte 0x74, 0x61, 0x2c, 0x0a, 0x20, 0x20, 0x20, 0x20, 0x20, 0x20, 0x63, 0x61, 0x74, 0x65, 0x67, 0x6f
  .byte 0x72, 0x79, 0x4b, 0x65, 0x79, 0x2c, 0x0a, 0x20, 0x20, 0x20, 0x20, 0x20, 0x20, 0x74, 0x72, 0x61
  .byte 0x6e, 0x73, 0x66, 0x6f, 0x72, 0x6d, 0x65, 0x64, 0x44, 0x61, 0x74, 0x61, 0x2c, 0x0a, 0x20, 0x20
  .byte 0x20, 0x20, 0x20, 0x20, 0x68, 0x61, 0x6e, 0x64, 0x6c, 0x65, 0x4d, 0x6f, 0x75, 0x73, 0x65, 0x45
  .byte 0x6e, 0x74, 0x65, 0x72, 0x2c, 0x0a, 0x20, 0x20, 0x20, 0x20, 0x20, 0x20, 0x68, 0x61, 0x6e, 0x64
  .byte 0x6c, 0x65, 0x4d, 0x6f, 0x75, 0x73, 0x65, 0x4c, 0x65, 0x61, 0x76, 0x65, 0x2c, 0x0a, 0x20, 0x20
  .byte 0x20, 0x20, 0x20, 0x20, 0x6c, 0x65, 0x67, 0x65, 0x6e, 0x64, 0x56, 0x61, 0x72, 0x69, 0x61, 0x6e
  .byte 0x74, 0x2c, 0x0a, 0x20, 0x20, 0x20, 0x20, 0x5d, 0x2c, 0x0a, 0x20, 0x20, 0x29, 0x3b, 0x0a, 0x0a
  .byte 0x20, 0x20, 0x2f, 0x2f, 0x20, 0x45, 0x6e, 0x68, 0x61, 0x6e, 0x63, 0x65, 0x64, 0x20, 0x63, 0x68
  .byte 0x61, 0x72, 0x74, 0x20, 0x68, 0x6f, 0x76, 0x65, 0x72, 0x20, 0x68, 0x61, 0x6e, 0x64, 0x6c, 0x65
  .byte 0x72, 0x73, 0x0a, 0x20, 0x20, 0x63, 0x6f, 0x6e, 0x73, 0x74, 0x20, 0x68, 0x61, 0x6e, 0x64, 0x6c
  .byte 0x65, 0x43, 0x68, 0x61, 0x72, 0x74, 0x4d, 0x6f, 0x75, 0x73, 0x65, 0x45, 0x6e, 0x74, 0x65, 0x72
  .byte 0x20, 0x3d, 0x20, 0x75, 0x73, 0x65, 0x43, 0x61, 0x6c, 0x6c, 0x62, 0x61, 0x63, 0x6b, 0x28, 0x0a
  .byte 0x20, 0x20, 0x20, 0x20, 0x28, 0x65, 0x6e, 0x74, 0x72, 0x79, 0x3a, 0x20, 0x61, 0x6e, 0x79, 0x2c
  .byte 0x20, 0x69, 0x6e, 0x64, 0x65, 0x78, 0x3a, 0x20, 0x6e, 0x75, 0x6d, 0x62, 0x65, 0x72, 0x29, 0x20
  .byte 0x3d, 0x3e, 0x20, 0x7b, 0x0a, 0x20, 0x20, 0x20, 0x20, 0x20, 0x20, 0x68, 0x61, 0x6e, 0x64, 0x6c
  .byte 0x65, 0x4d, 0x6f, 0x75, 0x73, 0x65, 0x45, 0x6e, 0x74, 0x65, 0x72, 0x28, 0x65, 0x6e, 0x74, 0x72
  .byte 0x79, 0x2c, 0x20, 0x69, 0x6e, 0x64, 0x65, 0x78, 0x29, 0x3b, 0x0a, 0x20, 0x20, 0x20, 0x20, 0x20
  .byte 0x20, 0x69, 0x66, 0x20, 0x28, 0x6c, 0x65, 0x67, 0x65, 0x6e, 0x64, 0x20, 0x26, 0x26, 0x20, 0x6c
  .byte 0x65, 0x67, 0x65, 0x6e, 0x64, 0x56, 0x61, 0x72, 0x69, 0x61, 0x6e, 0x74, 0x20, 0x3d, 0x3d, 0x3d
  .byte 0x20, 0x22, 0x73, 0x74, 0x61, 0x63, 0x6b, 0x65, 0x64, 0x22, 0x29, 0x20, 0x7b, 0x0a, 0x20, 0x20
  .byte 0x20, 0x20, 0x20, 0x20, 0x20, 0x20, 0x73, 0x65, 0x74, 0x48, 0x6f, 0x76, 0x65, 0x72, 0x65, 0x64
  .byte 0x4c, 0x65, 0x67, 0x65, 0x6e, 0x64, 0x4b, 0x65, 0x79, 0x28, 0x53, 0x74, 0x72, 0x69, 0x6e, 0x67
  .byte 0x28, 0x65, 0x6e, 0x74, 0x72, 0x79, 0x5b, 0x63, 0x61, 0x74, 0x65, 0x67, 0x6f, 0x72, 0x79, 0x4b
  .byte 0x65, 0x79, 0x5d, 0x29, 0x29, 0x3b, 0x0a, 0x20, 0x20, 0x20, 0x20, 0x20, 0x20, 0x7d, 0x0a, 0x20
  .byte 0x20, 0x20, 0x20, 0x20, 0x20, 0x65, 0x76, 0x65, 0x6e, 0x74, 0x48, 0x61, 0x6e, 0x64, 0x6c, 0x65
  .byte 0x72, 0x73, 0x2e, 0x6f, 0x6e, 0x4d, 0x6f, 0x75, 0x73, 0x65, 0x45, 0x6e, 0x74, 0x65, 0x72, 0x3f
  .byte 0x2e, 0x28, 0x65, 0x6e, 0x74, 0x72, 0x79, 0x2c, 0x20, 0x69, 0x6e, 0x64, 0x65, 0x78, 0x29, 0x3b
  .byte 0x0a, 0x20, 0x20, 0x20, 0x20, 0x7d, 0x2c, 0x0a, 0x20, 0x20, 0x20, 0x20, 0x5b, 0x68, 0x61, 0x6e
  .byte 0x64, 0x6c, 0x65, 0x4d, 0x6f, 0x75, 0x73, 0x65, 0x45, 0x6e, 0x74, 0x65, 0x72, 0x2c, 0x20, 0x63
  .byte 0x61, 0x74, 0x65, 0x67, 0x6f, 0x72, 0x79, 0x4b, 0x65, 0x79, 0x2c, 0x20, 0x6c, 0x65, 0x67, 0x65
  .byte 0x6e, 0x64, 0x2c, 0x20, 0x6c, 0x65, 0x67, 0x65, 0x6e, 0x64, 0x56, 0x61, 0x72, 0x69, 0x61, 0x6e
  .byte 0x74, 0x2c, 0x20, 0x65, 0x76, 0x65, 0x6e, 0x74, 0x48, 0x61, 0x6e, 0x64, 0x6c, 0x65, 0x72, 0x73
  .byte 0x2e, 0x6f, 0x6e, 0x4d, 0x6f, 0x75, 0x73, 0x65, 0x45, 0x6e, 0x74, 0x65, 0x72, 0x5d, 0x2c, 0x0a
  .byte 0x20, 0x20, 0x29, 0x3b, 0x0a, 0x0a, 0x20, 0x20, 0x63, 0x6f, 0x6e, 0x73, 0x74, 0x20, 0x68, 0x61
  .byte 0x6e, 0x64, 0x6c, 0x65, 0x43, 0x68, 0x61, 0x72, 0x74, 0x4d, 0x6f, 0x75, 0x73, 0x65, 0x4c, 0x65
  .byte 0x61, 0x76, 0x65, 0x20, 0x3d, 0x20, 0x75, 0x73, 0x65, 0x43, 0x61, 0x6c, 0x6c, 0x62, 0x61, 0x63
  .byte 0x6b, 0x28, 0x28, 0x29, 0x20, 0x3d, 0x3e, 0x20, 0x7b, 0x0a, 0x20, 0x20, 0x20, 0x20, 0x68, 0x61
  .byte 0x6e, 0x64, 0x6c, 0x65, 0x4d, 0x6f, 0x75, 0x73, 0x65, 0x4c, 0x65, 0x61, 0x76, 0x65, 0x28, 0x29
  .byte 0x3b, 0x0a, 0x20, 0x20, 0x20, 0x20, 0x69, 0x66, 0x20, 0x28, 0x6c, 0x65, 0x67, 0x65, 0x6e, 0x64
  .byte 0x20, 0x26, 0x26, 0x20, 0x6c, 0x65, 0x67, 0x65, 0x6e, 0x64, 0x56, 0x61, 0x72, 0x69, 0x61, 0x6e
  .byte 0x74, 0x20, 0x3d, 0x3d, 0x3d, 0x20, 0x22, 0x73, 0x74, 0x61, 0x63, 0x6b, 0x65, 0x64, 0x22, 0x29
  .byte 0x20, 0x7b, 0x0a, 0x20, 0x20, 0x20, 0x20, 0x20, 0x20, 0x73, 0x65, 0x74, 0x48, 0x6f, 0x76, 0x65
  .byte 0x72, 0x65, 0x64, 0x4c, 0x65, 0x67, 0x65, 0x6e, 0x64, 0x4b, 0x65, 0x79, 0x28, 0x6e, 0x75, 0x6c
  .byte 0x6c, 0x29, 0x3b, 0x0a, 0x20, 0x20, 0x20, 0x20, 0x7d, 0x0a, 0x20, 0x20, 0x20, 0x20, 0x65, 0x76
  .byte 0x65, 0x6e, 0x74, 0x48, 0x61, 0x6e, 0x64, 0x6c, 0x65, 0x72, 0x73, 0x2e, 0x6f, 0x6e, 0x4d, 0x6f
  .byte 0x75, 0x73, 0x65, 0x4c, 0x65, 0x61, 0x76, 0x65, 0x3f, 0x2e, 0x28, 0x29, 0x3b, 0x0a, 0x20, 0x20
  .byte 0x7d, 0x2c, 0x20, 0x5b, 0x68, 0x61, 0x6e, 0x64, 0x6c, 0x65, 0x4d, 0x6f, 0x75, 0x73, 0x65, 0x4c
  .byte 0x65, 0x61, 0x76, 0x65, 0x2c, 0x20, 0x6c, 0x65, 0x67, 0x65, 0x6e, 0x64, 0x2c, 0x20, 0x6c, 0x65
  .byte 0x67, 0x65, 0x6e, 0x64, 0x56, 0x61, 0x72, 0x69, 0x61, 0x6e, 0x74, 0x2c, 0x20, 0x65, 0x76, 0x65
  .byte 0x6e, 0x74, 0x48, 0x61, 0x6e, 0x64, 0x6c, 0x65, 0x72, 0x73, 0x2e, 0x6f, 0x6e, 0x4d, 0x6f, 0x75
  .byte 0x73, 0x65, 0x4c, 0x65, 0x61, 0x76, 0x65, 0x5d, 0x29, 0x3b, 0x0a, 0x0a, 0x20, 0x20, 0x2f, 0x2f
  .byte 0x20, 0x53, 0x65, 0x74, 0x75, 0x70, 0x20, 0x52, 0x65, 0x73, 0x69, 0x7a, 0x65, 0x4f, 0x62, 0x73
  .byte 0x65, 0x72, 0x76, 0x65, 0x72, 0x20, 0x74, 0x6f, 0x20, 0x77, 0x61, 0x74, 0x63, 0x68, 0x20, 0x74
  .byte 0x68, 0x65, 0x20, 0x77, 0x72, 0x61, 0x70, 0x70, 0x65, 0x72, 0x20, 0x65, 0x6c, 0x65, 0x6d, 0x65
  .byte 0x6e, 0x74, 0x0a, 0x20, 0x20, 0x75, 0x73, 0x65, 0x45, 0x66, 0x66, 0x65, 0x63, 0x74, 0x28, 0x28
  .byte 0x29, 0x20, 0x3d, 0x3e, 0x20, 0x7b, 0x0a, 0x20, 0x20, 0x20, 0x20, 0x63, 0x6f, 0x6e, 0x73, 0x74
  .byte 0x20, 0x77, 0x72, 0x61, 0x70, 0x70, 0x65, 0x72, 0x20, 0x3d, 0x20, 0x77, 0x72, 0x61, 0x70, 0x70
  .byte 0x65, 0x72, 0x52, 0x65, 0x66, 0x2e, 0x63, 0x75, 0x72, 0x72, 0x65, 0x6e, 0x74, 0x3b, 0x0a, 0x20
  .byte 0x20, 0x20, 0x20, 0x69, 0x66, 0x20, 0x28, 0x21, 0x77, 0x72, 0x61, 0x70, 0x70, 0x65, 0x72, 0x29
  .byte 0x20, 0x72, 0x65, 0x74, 0x75, 0x72, 0x6e, 0x3b, 0x0a, 0x0a, 0x20, 0x20, 0x20, 0x20, 0x2f, 0x2f
  .byte 0x20, 0x55, 0x73, 0x65, 0x20, 0x52, 0x65, 0x73, 0x69, 0x7a, 0x65, 0x4f, 0x62, 0x73, 0x65, 0x72
  .byte 0x76, 0x65, 0x72, 0x20, 0x69, 0x66, 0x20, 0x63, 0x6f, 0x6d, 0x70, 0x6f, 0x6e, 0x65, 0x6e, 0x74
  .byte 0x20, 0x69, 0x73, 0x20, 0x69, 0x6e, 0x20, 0x72, 0x65, 0x73, 0x70, 0x6f, 0x6e, 0x73, 0x69, 0x76
  .byte 0x65, 0x20, 0x6d, 0x6f, 0x64, 0x65, 0x20, 0x28, 0x6e, 0x6f, 0x20, 0x66, 0x69, 0x78, 0x65, 0x64
  .byte 0x20, 0x77, 0x69, 0x64, 0x74, 0x68, 0x2f, 0x68, 0x65, 0x69, 0x67, 0x68, 0x74, 0x29, 0x0a, 0x20
  .byte 0x20, 0x20, 0x20, 0x63, 0x6f, 0x6e, 0x73, 0x74, 0x20, 0x6f, 0x62, 0x73, 0x65, 0x72, 0x76, 0x65
  .byte 0x72, 0x20, 0x3d, 0x20, 0x6e, 0x65, 0x77, 0x20, 0x52, 0x65, 0x73, 0x69, 0x7a, 0x65, 0x4f, 0x62
  .byte 0x73, 0x65, 0x72, 0x76, 0x65, 0x72, 0x28, 0x28, 0x65, 0x6e, 0x74, 0x72, 0x69, 0x65, 0x73, 0x29
  .byte 0x20, 0x3d, 0x3e, 0x20, 0x7b, 0x0a, 0x20, 0x20, 0x20, 0x20, 0x20, 0x20, 0x63, 0x6f, 0x6e, 0x73
  .byte 0x74, 0x20, 0x65, 0x6e, 0x74, 0x72, 0x79, 0x20, 0x3d, 0x20, 0x65, 0x6e, 0x74, 0x72, 0x69, 0x65
  .byte 0x73, 0x5b, 0x30, 0x5d, 0x3b, 0x0a, 0x20, 0x20, 0x20, 0x20, 0x20, 0x20, 0x69, 0x66, 0x20, 0x28
  .byte 0x65, 0x6e, 0x74, 0x72, 0x79, 0x29, 0x20, 0x7b, 0x0a, 0x20, 0x20, 0x20, 0x20, 0x20, 0x20, 0x20
  .byte 0x20, 0x73, 0x65, 0x74, 0x57, 0x72, 0x61, 0x70, 0x70, 0x65, 0x72, 0x52, 0x65, 0x63, 0x74, 0x28
  .byte 0x7b, 0x0a, 0x20, 0x20, 0x20, 0x20, 0x20, 0x20, 0x20, 0x20, 0x20, 0x20, 0x77, 0x69, 0x64, 0x74
  .byte 0x68, 0x3a, 0x20, 0x65, 0x6e, 0x74, 0x72, 0x79, 0x2e, 0x63, 0x6f, 0x6e, 0x74, 0x65, 0x6e, 0x74
  .byte 0x52, 0x65, 0x63, 0x74, 0x2e, 0x77, 0x69, 0x64, 0x74, 0x68, 0x2c, 0x0a, 0x20, 0x20, 0x20, 0x20
  .byte 0x20, 0x20, 0x20, 0x20, 0x20, 0x20, 0x68, 0x65, 0x69, 0x67, 0x68, 0x74, 0x3a, 0x20, 0x65, 0x6e
  .byte 0x74, 0x72, 0x79, 0x2e, 0x63, 0x6f, 0x6e, 0x74, 0x65, 0x6e, 0x74, 0x52, 0x65, 0x63, 0x74, 0x2e
  .byte 0x68, 0x65, 0x69, 0x67, 0x68, 0x74, 0x2c, 0x0a, 0x20, 0x20, 0x20, 0x20, 0x20, 0x20, 0x20, 0x20
  .byte 0x7d, 0x29, 0x3b, 0x0a, 0x20, 0x20, 0x20, 0x20, 0x20, 0x20, 0x7d, 0x0a, 0x20, 0x20, 0x20, 0x20
  .byte 0x7d, 0x29, 0x3b, 0x0a, 0x20, 0x20, 0x20, 0x20, 0x6f, 0x62, 0x73, 0x65, 0x72, 0x76, 0x65, 0x72
  .byte 0x2e, 0x6f, 0x62, 0x73, 0x65, 0x72, 0x76, 0x65, 0x28, 0x77, 0x72, 0x61, 0x70, 0x70, 0x65, 0x72
  .byte 0x29, 0x3b, 0x0a, 0x20, 0x20, 0x20, 0x20, 0x72, 0x65, 0x74, 0x75, 0x72, 0x6e, 0x20, 0x28, 0x29
  .byte 0x20, 0x3d, 0x3e, 0x20, 0x6f, 0x62, 0x73, 0x65, 0x72, 0x76, 0x65, 0x72, 0x2e, 0x64, 0x69, 0x73
  .byte 0x63, 0x6f, 0x6e, 0x6e, 0x65, 0x63, 0x74, 0x28, 0x29, 0x3b, 0x0a, 0x20, 0x20, 0x7d, 0x2c, 0x20
  .byte 0x5b, 0x5d, 0x29, 0x3b, 0x0a, 0x0a, 0x20, 0x20, 0x63, 0x6f, 0x6e, 0x73, 0x74, 0x20, 0x72, 0x65
  .byte 0x6e, 0x64, 0x65, 0x72, 0x4c, 0x65, 0x67, 0x65, 0x6e, 0x64, 0x20, 0x3d, 0x20, 0x75, 0x73, 0x65
  .byte 0x43, 0x61, 0x6c, 0x6c, 0x62, 0x61, 0x63, 0x6b, 0x28, 0x28, 0x29, 0x20, 0x3d, 0x3e, 0x20, 0x7b
  .byte 0x0a, 0x20, 0x20, 0x20, 0x20, 0x69, 0x66, 0x20, 0x28, 0x21, 0x6c, 0x65, 0x67, 0x65, 0x6e, 0x64
  .byte 0x29, 0x20, 0x72, 0x65, 0x74, 0x75, 0x72, 0x6e, 0x20, 0x6e, 0x75, 0x6c, 0x6c, 0x3b, 0x0a, 0x20
  .byte 0x20, 0x20, 0x20, 0x69, 0x66, 0x20, 0x28, 0x6c, 0x65, 0x67, 0x65, 0x6e, 0x64, 0x56, 0x61, 0x72
  .byte 0x69, 0x61, 0x6e, 0x74, 0x20, 0x3d, 0x3d, 0x3d, 0x20, 0x22, 0x73, 0x74, 0x61, 0x63, 0x6b, 0x65
  .byte 0x64, 0x22, 0x29, 0x20, 0x7b, 0x0a, 0x20, 0x20, 0x20, 0x20, 0x20, 0x20, 0x72, 0x65, 0x74, 0x75
  .byte 0x72, 0x6e, 0x20, 0x28, 0x0a, 0x20, 0x20, 0x20, 0x20, 0x20, 0x20, 0x20, 0x20, 0x3c, 0x64, 0x69
  .byte 0x76, 0x20, 0x63, 0x6c, 0x61, 0x73, 0x73, 0x4e, 0x61, 0x6d, 0x65, 0x3d, 0x22, 0x6f, 0x70, 0x65
  .byte 0x6e, 0x75, 0x69, 0x2d, 0x72, 0x61, 0x64, 0x69, 0x61, 0x6c, 0x2d, 0x63, 0x68, 0x61, 0x72, 0x74
  .byte 0x2d, 0x6c, 0x65, 0x67, 0x65, 0x6e, 0x64, 0x2d, 0x63, 0x6f, 0x6e, 0x74, 0x61, 0x69, 0x6e, 0x65
  .byte 0x72, 0x22, 0x3e, 0x0a, 0x20, 0x20, 0x20, 0x20, 0x20, 0x20, 0x20, 0x20, 0x20, 0x20, 0x3c, 0x53
  .byte 0x74, 0x61, 0x63, 0x6b, 0x65, 0x64, 0x4c, 0x65, 0x67, 0x65, 0x6e, 0x64, 0x0a, 0x20, 0x20, 0x20
  .byte 0x20, 0x20, 0x20, 0x20, 0x20, 0x20, 0x20, 0x20, 0x20, 0x69, 0x74, 0x65, 0x6d, 0x73, 0x3d, 0x7b
  .byte 0x6c, 0x65, 0x67, 0x65, 0x6e, 0x64, 0x49, 0x74, 0x65, 0x6d, 0x73, 0x7d, 0x0a, 0x20, 0x20, 0x20
  .byte 0x20, 0x20, 0x20, 0x20, 0x20, 0x20, 0x20, 0x20, 0x20, 0x6f, 0x6e, 0x49, 0x74, 0x65, 0x6d, 0x48
  .byte 0x6f, 0x76, 0x65, 0x72, 0x3d, 0x7b, 0x73, 0x65, 0x74, 0x48, 0x6f, 0x76, 0x65, 0x72, 0x65, 0x64
  .byte 0x4c, 0x65, 0x67, 0x65, 0x6e, 0x64, 0x4b, 0x65, 0x79, 0x7d, 0x0a, 0x20, 0x20, 0x20, 0x20, 0x20
  .byte 0x20, 0x20, 0x20, 0x20, 0x20, 0x20, 0x20, 0x61, 0x63, 0x74, 0x69, 0x76, 0x65, 0x4b, 0x65, 0x79
  .byte 0x3d, 0x7b, 0x68, 0x6f, 0x76, 0x65, 0x72, 0x65, 0x64, 0x4c, 0x65, 0x67, 0x65, 0x6e, 0x64, 0x4b
  .byte 0x65, 0x79, 0x7d, 0x0a, 0x20, 0x20, 0x20, 0x20, 0x20, 0x20, 0x20, 0x20, 0x20, 0x20, 0x20, 0x20
  .byte 0x6f, 0x6e, 0x4c, 0x65, 0x67, 0x65, 0x6e, 0x64, 0x49, 0x74, 0x65, 0x6d, 0x48, 0x6f, 0x76, 0x65
  .byte 0x72, 0x3d, 0x7b, 0x68, 0x61, 0x6e, 0x64, 0x6c, 0x65, 0x4c, 0x65, 0x67, 0x65, 0x6e, 0x64, 0x49
  .byte 0x74, 0x65, 0x6d, 0x48, 0x6f, 0x76, 0x65, 0x72, 0x7d, 0x0a, 0x20, 0x20, 0x20, 0x20, 0x20, 0x20
  .byte 0x20, 0x20, 0x20, 0x20, 0x20, 0x20, 0x63, 0x6f, 0x6e, 0x74, 0x61, 0x69, 0x6e, 0x65, 0x72, 0x57
  .byte 0x69, 0x64, 0x74, 0x68, 0x3d, 0x7b, 0x69, 0x73, 0x52, 0x6f, 0x77, 0x4c, 0x61, 0x79, 0x6f, 0x75
  .byte 0x74, 0x20, 0x3f, 0x20, 0x75, 0x6e, 0x64, 0x65, 0x66, 0x69, 0x6e, 0x65, 0x64, 0x20, 0x3a, 0x20
  .byte 0x77, 0x72, 0x61, 0x70, 0x70, 0x65, 0x72, 0x52, 0x65, 0x63, 0x74, 0x2e, 0x77, 0x69, 0x64, 0x74
  .byte 0x68, 0x7d, 0x0a, 0x20, 0x20, 0x20, 0x20, 0x20, 0x20, 0x20, 0x20, 0x20, 0x20, 0x2f, 0x3e, 0x0a
  .byte 0x20, 0x20, 0x20, 0x20, 0x20, 0x20, 0x20, 0x20, 0x3c, 0x2f, 0x64, 0x69, 0x76, 0x3e, 0x0a, 0x20
  .byte 0x20, 0x20, 0x20, 0x20, 0x20, 0x29, 0x3b, 0x0a, 0x20, 0x20, 0x20, 0x20, 0x7d, 0x0a, 0x20, 0x20
  .byte 0x20, 0x20, 0x72, 0x65, 0x74, 0x75, 0x72, 0x6e, 0x20, 0x28, 0x0a, 0x20, 0x20, 0x20, 0x20, 0x20
  .byte 0x20, 0x3c, 0x44, 0x65, 0x66, 0x61, 0x75, 0x6c, 0x74, 0x4c, 0x65, 0x67, 0x65, 0x6e, 0x64, 0x0a
  .byte 0x20, 0x20, 0x20, 0x20, 0x20, 0x20, 0x20, 0x20, 0x69, 0x74, 0x65, 0x6d, 0x73, 0x3d, 0x7b, 0x64
  .byte 0x65, 0x66, 0x61, 0x75, 0x6c, 0x74, 0x4c, 0x65, 0x67, 0x65, 0x6e, 0x64, 0x49, 0x74, 0x65, 0x6d
  .byte 0x73, 0x7d, 0x0a, 0x20, 0x20, 0x20, 0x20, 0x20, 0x20, 0x20, 0x20, 0x63, 0x6f, 0x6e, 0x74, 0x61
  .byte 0x69, 0x6e, 0x65, 0x72, 0x57, 0x69, 0x64, 0x74, 0x68, 0x3d, 0x7b, 0x77, 0x72, 0x61, 0x70, 0x70
  .byte 0x65, 0x72, 0x52, 0x65, 0x63, 0x74, 0x2e, 0x77, 0x69, 0x64, 0x74, 0x68, 0x7d, 0x0a, 0x20, 0x20
  .byte 0x20, 0x20, 0x20, 0x20, 0x20, 0x20, 0x69, 0x73, 0x45, 0x78, 0x70, 0x61, 0x6e, 0x64, 0x65, 0x64
  .byte 0x3d, 0x7b, 0x69, 0x73, 0x4c, 0x65, 0x67, 0x65, 0x6e, 0x64, 0x45, 0x78, 0x70, 0x61, 0x6e, 0x64
  .byte 0x65, 0x64, 0x7d, 0x0a, 0x20, 0x20, 0x20, 0x20, 0x20, 0x20, 0x20, 0x20, 0x73, 0x65, 0x74, 0x49
  .byte 0x73, 0x45, 0x78, 0x70, 0x61, 0x6e, 0x64, 0x65, 0x64, 0x3d, 0x7b, 0x73, 0x65, 0x74, 0x49, 0x73
  .byte 0x4c, 0x65, 0x67, 0x65, 0x6e, 0x64, 0x45, 0x78, 0x70, 0x61, 0x6e, 0x64, 0x65, 0x64, 0x7d, 0x0a
  .byte 0x20, 0x20, 0x20, 0x20, 0x20, 0x20, 0x2f, 0x3e, 0x0a, 0x20, 0x20, 0x20, 0x20, 0x29, 0x3b, 0x0a
  .byte 0x20, 0x20, 0x7d, 0x2c, 0x20, 0x5b, 0x0a, 0x20, 0x20, 0x20, 0x20, 0x6c, 0x65, 0x67, 0x65, 0x6e
  .byte 0x64, 0x2c, 0x0a, 0x20, 0x20, 0x20, 0x20, 0x6c, 0x65, 0x67, 0x65, 0x6e, 0x64, 0x56, 0x61, 0x72
  .byte 0x69, 0x61, 0x6e, 0x74, 0x2c, 0x0a, 0x20, 0x20, 0x20, 0x20, 0x6c, 0x65, 0x67, 0x65, 0x6e, 0x64
  .byte 0x49, 0x74, 0x65, 0x6d, 0x73, 0x2c, 0x0a, 0x20, 0x20, 0x20, 0x20, 0x68, 0x6f, 0x76, 0x65, 0x72
  .byte 0x65, 0x64, 0x4c, 0x65, 0x67, 0x65, 0x6e, 0x64, 0x4b, 0x65, 0x79, 0x2c, 0x0a, 0x20, 0x20, 0x20
  .byte 0x20, 0x68, 0x61, 0x6e, 0x64, 0x6c, 0x65, 0x4c, 0x65, 0x67, 0x65, 0x6e, 0x64, 0x49, 0x74, 0x65
  .byte 0x6d, 0x48, 0x6f, 0x76, 0x65, 0x72, 0x2c, 0x0a, 0x20, 0x20, 0x20, 0x20, 0x77, 0x72, 0x61, 0x70
  .byte 0x70, 0x65, 0x72, 0x52, 0x65, 0x63, 0x74, 0x2e, 0x77, 0x69, 0x64, 0x74, 0x68, 0x2c, 0x0a, 0x20
  .byte 0x20, 0x20, 0x20, 0x69, 0x73, 0x52, 0x6f, 0x77, 0x4c, 0x61, 0x79, 0x6f, 0x75, 0x74, 0x2c, 0x0a
  .byte 0x20, 0x20, 0x20, 0x20, 0x64, 0x65, 0x66, 0x61, 0x75, 0x6c, 0x74, 0x4c, 0x65, 0x67, 0x65, 0x6e
  .byte 0x64, 0x49, 0x74, 0x65, 0x6d, 0x73, 0x2c, 0x0a, 0x20, 0x20, 0x20, 0x20, 0x69, 0x73, 0x4c, 0x65
  .byte 0x67, 0x65, 0x6e, 0x64, 0x45, 0x78, 0x70, 0x61, 0x6e, 0x64, 0x65, 0x64, 0x2c, 0x0a, 0x20, 0x20
  .byte 0x5d, 0x29, 0x3b, 0x0a, 0x0a, 0x20, 0x20, 0x63, 0x6f, 0x6e, 0x73, 0x74, 0x20, 0x77, 0x72, 0x61
  .byte 0x70, 0x70, 0x65, 0x72, 0x43, 0x6c, 0x61, 0x73, 0x73, 0x4e, 0x61, 0x6d, 0x65, 0x20, 0x3d, 0x20
  .byte 0x63, 0x6c, 0x73, 0x78, 0x28, 0x22, 0x6f, 0x70, 0x65, 0x6e, 0x75, 0x69, 0x2d, 0x72, 0x61, 0x64
  .byte 0x69, 0x61, 0x6c, 0x2d, 0x63, 0x68, 0x61, 0x72, 0x74, 0x2d, 0x63, 0x6f, 0x6e, 0x74, 0x61, 0x69
  .byte 0x6e, 0x65, 0x72, 0x2d, 0x77, 0x72, 0x61, 0x70, 0x70, 0x65, 0x72, 0x22, 0x2c, 0x20, 0x63, 0x6c
  .byte 0x61, 0x73, 0x73, 0x4e, 0x61, 0x6d, 0x65, 0x2c, 0x20, 0x7b, 0x0a, 0x20, 0x20, 0x20, 0x20, 0x22
  .byte 0x6c, 0x61, 0x79, 0x6f, 0x75, 0x74, 0x2d, 0x72, 0x6f, 0x77, 0x22, 0x3a, 0x20, 0x69, 0x73, 0x52
  .byte 0x6f, 0x77, 0x4c, 0x61, 0x79, 0x6f, 0x75, 0x74, 0x2c, 0x0a, 0x20, 0x20, 0x20, 0x20, 0x22, 0x6c
  .byte 0x61, 0x79, 0x6f, 0x75, 0x74, 0x2d, 0x63, 0x6f, 0x6c, 0x75, 0x6d, 0x6e, 0x22, 0x3a, 0x20, 0x21
  .byte 0x69, 0x73, 0x52, 0x6f, 0x77, 0x4c, 0x61, 0x79, 0x6f, 0x75, 0x74, 0x2c, 0x0a, 0x20, 0x20, 0x20
  .byte 0x20, 0x22, 0x6c, 0x65, 0x67, 0x65, 0x6e, 0x64, 0x2d, 0x64, 0x65, 0x66, 0x61, 0x75, 0x6c, 0x74
  .byte 0x22, 0x3a, 0x20, 0x6c, 0x65, 0x67, 0x65, 0x6e, 0x64, 0x20, 0x26, 0x26, 0x20, 0x6c, 0x65, 0x67
  .byte 0x65, 0x6e, 0x64, 0x56, 0x61, 0x72, 0x69, 0x61, 0x6e, 0x74, 0x20, 0x3d, 0x3d, 0x3d, 0x20, 0x22
  .byte 0x64, 0x65, 0x66, 0x61, 0x75, 0x6c, 0x74, 0x22, 0x2c, 0x0a, 0x20, 0x20, 0x20, 0x20, 0x22, 0x6c
  .byte 0x65, 0x67, 0x65, 0x6e, 0x64, 0x2d, 0x73, 0x74, 0x61, 0x63, 0x6b, 0x65, 0x64, 0x22, 0x3a, 0x20
  .byte 0x6c, 0x65, 0x67, 0x65, 0x6e, 0x64, 0x20, 0x26, 0x26, 0x20, 0x6c, 0x65, 0x67, 0x65, 0x6e, 0x64
  .byte 0x56, 0x61, 0x72, 0x69, 0x61, 0x6e, 0x74, 0x20, 0x3d, 0x3d, 0x3d, 0x20, 0x22, 0x73, 0x74, 0x61
  .byte 0x63, 0x6b, 0x65, 0x64, 0x22, 0x2c, 0x0a, 0x20, 0x20, 0x7d, 0x29, 0x3b, 0x0a, 0x0a, 0x20, 0x20
  .byte 0x2f, 0x2f, 0x20, 0x43, 0x6f, 0x72, 0x72, 0x65, 0x63, 0x74, 0x20, 0x61, 0x6e, 0x67, 0x6c, 0x65
  .byte 0x73, 0x20, 0x66, 0x6f, 0x72, 0x20, 0x73, 0x65, 0x6d, 0x69, 0x63, 0x69, 0x72, 0x63, 0x6c, 0x65
  .byte 0x20, 0x28, 0x74, 0x6f, 0x70, 0x20, 0x68, 0x61, 0x6c, 0x66, 0x29, 0x0a, 0x20, 0x20, 0x63, 0x6f
  .byte 0x6e, 0x73, 0x74, 0x20, 0x73, 0x74, 0x61, 0x72, 0x74, 0x41, 0x6e, 0x67, 0x6c, 0x65, 0x20, 0x3d
  .byte 0x20, 0x76, 0x61, 0x72, 0x69, 0x61, 0x6e, 0x74, 0x20, 0x3d, 0x3d, 0x3d, 0x20, 0x22, 0x73, 0x65
  .byte 0x6d, 0x69, 0x63, 0x69, 0x72, 0x63, 0x6c, 0x65, 0x22, 0x20, 0x3f, 0x20, 0x31, 0x38, 0x30, 0x20
  .byte 0x3a, 0x20, 0x30, 0x3b, 0x0a, 0x20, 0x20, 0x63, 0x6f, 0x6e, 0x73, 0x74, 0x20, 0x65, 0x6e, 0x64
  .byte 0x41, 0x6e, 0x67, 0x6c, 0x65, 0x20, 0x3d, 0x20, 0x76, 0x61, 0x72, 0x69, 0x61, 0x6e, 0x74, 0x20
  .byte 0x3d, 0x3d, 0x3d, 0x20, 0x22, 0x73, 0x65, 0x6d, 0x69, 0x63, 0x69, 0x72, 0x63, 0x6c, 0x65, 0x22
  .byte 0x20, 0x3f, 0x20, 0x30, 0x20, 0x3a, 0x20, 0x33, 0x36, 0x30, 0x3b, 0x0a, 0x0a, 0x20, 0x20, 0x63
  .byte 0x6f, 0x6e, 0x73, 0x74, 0x20, 0x77, 0x72, 0x61, 0x70, 0x70, 0x65, 0x72, 0x53, 0x74, 0x79, 0x6c
  .byte 0x65, 0x20, 0x3d, 0x20, 0x75, 0x73, 0x65, 0x4d, 0x65, 0x6d, 0x6f, 0x28, 0x28, 0x29, 0x20, 0x3d
  .byte 0x3e, 0x20, 0x7b, 0x0a, 0x20, 0x20, 0x20, 0x20, 0x63, 0x6f, 0x6e, 0x73, 0x74, 0x20, 0x66, 0x6f
  .byte 0x72, 0x6d, 0x61, 0x74, 0x44, 0x69, 0x6d, 0x65, 0x6e, 0x73, 0x69, 0x6f, 0x6e, 0x20, 0x3d, 0x20
  .byte 0x28, 0x76, 0x61, 0x6c, 0x75, 0x65, 0x3a, 0x20, 0x6e, 0x75, 0x6d, 0x62, 0x65, 0x72, 0x20, 0x7c
  .byte 0x20, 0x73, 0x74, 0x72, 0x69, 0x6e, 0x67, 0x20, 0x7c, 0x20, 0x75, 0x6e, 0x64, 0x65, 0x66, 0x69
  .byte 0x6e, 0x65, 0x64, 0x29, 0x20, 0x3d, 0x3e, 0x20, 0x7b, 0x0a, 0x20, 0x20, 0x20, 0x20, 0x20, 0x20
  .byte 0x69, 0x66, 0x20, 0x28, 0x74, 0x79, 0x70, 0x65, 0x6f, 0x66, 0x20, 0x76, 0x61, 0x6c, 0x75, 0x65
  .byte 0x20, 0x3d, 0x3d, 0x3d, 0x20, 0x22, 0x6e, 0x75, 0x6d, 0x62, 0x65, 0x72, 0x22, 0x29, 0x20, 0x7b
  .byte 0x0a, 0x20, 0x20, 0x20, 0x20, 0x20, 0x20, 0x20, 0x20, 0x72, 0x65, 0x74, 0x75, 0x72, 0x6e, 0x20
  .byte 0x60, 0x24, 0x7b, 0x76, 0x61, 0x6c, 0x75, 0x65, 0x7d, 0x70, 0x78, 0x60, 0x3b, 0x0a, 0x20, 0x20
  .byte 0x20, 0x20, 0x20, 0x20, 0x7d, 0x0a, 0x20, 0x20, 0x20, 0x20, 0x20, 0x20, 0x72, 0x65, 0x74, 0x75
  .byte 0x72, 0x6e, 0x20, 0x76, 0x61, 0x6c, 0x75, 0x65, 0x3b, 0x0a, 0x20, 0x20, 0x20, 0x20, 0x7d, 0x3b
  .byte 0x0a, 0x20, 0x20, 0x20, 0x20, 0x63, 0x6f, 0x6e, 0x73, 0x74, 0x20, 0x64, 0x69, 0x6d, 0x65, 0x6e
  .byte 0x73, 0x69, 0x6f, 0x6e, 0x73, 0x20, 0x3d, 0x20, 0x7b, 0x0a, 0x20, 0x20, 0x20, 0x20, 0x20, 0x20
  .byte 0x77, 0x69, 0x64, 0x74, 0x68, 0x3a, 0x20, 0x66, 0x6f, 0x72, 0x6d, 0x61, 0x74, 0x44, 0x69, 0x6d
  .byte 0x65, 0x6e, 0x73, 0x69, 0x6f, 0x6e, 0x28, 0x77, 0x69, 0x64, 0x74, 0x68, 0x29, 0x2c, 0x0a, 0x20
  .byte 0x20, 0x20, 0x20, 0x20, 0x20, 0x68, 0x65, 0x69, 0x67, 0x68, 0x74, 0x3a, 0x20, 0x66, 0x6f, 0x72
  .byte 0x6d, 0x61, 0x74, 0x44, 0x69, 0x6d, 0x65, 0x6e, 0x73, 0x69, 0x6f, 0x6e, 0x28, 0x68, 0x65, 0x69
  .byte 0x67, 0x68, 0x74, 0x29, 0x2c, 0x0a, 0x20, 0x20, 0x20, 0x20, 0x7d, 0x3b, 0x0a, 0x0a, 0x20, 0x20
  .byte 0x20, 0x20, 0x69, 0x66, 0x20, 0x28, 0x64, 0x69, 0x6d, 0x65, 0x6e, 0x73, 0x69, 0x6f, 0x6e, 0x73
  .byte 0x2e, 0x77, 0x69, 0x64, 0x74, 0x68, 0x20, 0x3d, 0x3d, 0x3d, 0x20, 0x75, 0x6e, 0x64, 0x65, 0x66
  .byte 0x69, 0x6e, 0x65, 0x64, 0x29, 0x20, 0x7b, 0x0a, 0x20, 0x20, 0x20, 0x20, 0x20, 0x20, 0x64, 0x65
  .byte 0x6c, 0x65, 0x74, 0x65, 0x20, 0x64, 0x69, 0x6d, 0x65, 0x6e, 0x73, 0x69, 0x6f, 0x6e, 0x73, 0x2e
  .byte 0x77, 0x69, 0x64, 0x74, 0x68, 0x3b, 0x0a, 0x20, 0x20, 0x20, 0x20, 0x7d, 0x0a, 0x0a, 0x20, 0x20
  .byte 0x20, 0x20, 0x69, 0x66, 0x20, 0x28, 0x64, 0x69, 0x6d, 0x65, 0x6e, 0x73, 0x69, 0x6f, 0x6e, 0x73
  .byte 0x2e, 0x68, 0x65, 0x69, 0x67, 0x68, 0x74, 0x20, 0x3d, 0x3d, 0x3d, 0x20, 0x75, 0x6e, 0x64, 0x65
  .byte 0x66, 0x69, 0x6e, 0x65, 0x64, 0x29, 0x20, 0x7b, 0x0a, 0x20, 0x20, 0x20, 0x20, 0x20, 0x20, 0x64
  .byte 0x65, 0x6c, 0x65, 0x74, 0x65, 0x20, 0x64, 0x69, 0x6d, 0x65, 0x6e, 0x73, 0x69, 0x6f, 0x6e, 0x73
  .byte 0x2e, 0x68, 0x65, 0x69, 0x67, 0x68, 0x74, 0x3b, 0x0a, 0x20, 0x20, 0x20, 0x20, 0x7d, 0x0a, 0x20
  .byte 0x20, 0x20, 0x20, 0x72, 0x65, 0x74, 0x75, 0x72, 0x6e, 0x20, 0x64, 0x69, 0x6d, 0x65, 0x6e, 0x73
  .byte 0x69, 0x6f, 0x6e, 0x73, 0x3b, 0x0a, 0x20, 0x20, 0x7d, 0x2c, 0x20, 0x5b, 0x77, 0x69, 0x64, 0x74
  .byte 0x68, 0x2c, 0x20, 0x68, 0x65, 0x69, 0x67, 0x68, 0x74, 0x5d, 0x29, 0x3b, 0x0a, 0x0a, 0x20, 0x20
  .byte 0x72, 0x65, 0x74, 0x75, 0x72, 0x6e, 0x20, 0x28, 0x0a, 0x20, 0x20, 0x20, 0x20, 0x3c, 0x64, 0x69
  .byte 0x76, 0x0a, 0x20, 0x20, 0x20, 0x20, 0x20, 0x20, 0x72, 0x65, 0x66, 0x3d, 0x7b, 0x77, 0x72, 0x61
  .byte 0x70, 0x70, 0x65, 0x72, 0x52, 0x65, 0x66, 0x7d, 0x0a, 0x20, 0x20, 0x20, 0x20, 0x20, 0x20, 0x63
  .byte 0x6c, 0x61, 0x73, 0x73, 0x4e, 0x61, 0x6d, 0x65, 0x3d, 0x7b, 0x77, 0x72, 0x61, 0x70, 0x70, 0x65
  .byte 0x72, 0x43, 0x6c, 0x61, 0x73, 0x73, 0x4e, 0x61, 0x6d, 0x65, 0x7d, 0x0a, 0x20, 0x20, 0x20, 0x20
  .byte 0x20, 0x20, 0x73, 0x74, 0x79, 0x6c, 0x65, 0x3d, 0x7b, 0x77, 0x72, 0x61, 0x70, 0x70, 0x65, 0x72
  .byte 0x53, 0x74, 0x79, 0x6c, 0x65, 0x7d, 0x0a, 0x20, 0x20, 0x20, 0x20, 0x20, 0x20, 0x61, 0x72, 0x69
  .byte 0x61, 0x2d, 0x64, 0x65, 0x73, 0x63, 0x72, 0x69, 0x70, 0x74, 0x69, 0x6f, 0x6e, 0x3d, 0x22, 0x72
  .byte 0x61, 0x64, 0x69, 0x61, 0x6c, 0x2d, 0x63, 0x68, 0x61, 0x72, 0x74, 0x2d, 0x77, 0x72, 0x61, 0x70
  .byte 0x70, 0x65, 0x72, 0x22, 0x0a, 0x20, 0x20, 0x20, 0x20, 0x20, 0x20, 0x64, 0x61, 0x74, 0x61, 0x2d
  .byte 0x6f, 0x70, 0x65, 0x6e, 0x75, 0x69, 0x2d, 0x63, 0x68, 0x61, 0x72, 0x74, 0x3d, 0x7b, 0x65, 0x78
  .byte 0x70, 0x6f, 0x72, 0x74, 0x44, 0x61, 0x74, 0x61, 0x7d, 0x0a, 0x20, 0x20, 0x20, 0x20, 0x3e, 0x0a
  .byte 0x20, 0x20, 0x20, 0x20, 0x20, 0x20, 0x3c, 0x64, 0x69, 0x76, 0x20, 0x63, 0x6c, 0x61, 0x73, 0x73
  .byte 0x4e, 0x61, 0x6d, 0x65, 0x3d, 0x22, 0x6f, 0x70, 0x65, 0x6e, 0x75, 0x69, 0x2d, 0x72, 0x61, 0x64
  .byte 0x69, 0x61, 0x6c, 0x2d, 0x63, 0x68, 0x61, 0x72, 0x74, 0x2d, 0x63, 0x6f, 0x6e, 0x74, 0x61, 0x69
  .byte 0x6e, 0x65, 0x72, 0x22, 0x3e, 0x0a, 0x20, 0x20, 0x20, 0x20, 0x20, 0x20, 0x20, 0x20, 0x3c, 0x64
  .byte 0x69, 0x76, 0x20, 0x63, 0x6c, 0x61, 0x73, 0x73, 0x4e, 0x61, 0x6d, 0x65, 0x3d, 0x22, 0x6f, 0x70
  .byte 0x65, 0x6e, 0x75, 0x69, 0x2d, 0x72, 0x61, 0x64, 0x69, 0x61, 0x6c, 0x2d, 0x63, 0x68, 0x61, 0x72
  .byte 0x74, 0x2d, 0x63, 0x6f, 0x6e, 0x74, 0x61, 0x69, 0x6e, 0x65, 0x72, 0x2d, 0x69, 0x6e, 0x6e, 0x65
  .byte 0x72, 0x22, 0x3e, 0x0a, 0x20, 0x20, 0x20, 0x20, 0x20, 0x20, 0x20, 0x20, 0x20, 0x20, 0x3c, 0x64
  .byte 0x69, 0x76, 0x20, 0x73, 0x74, 0x79, 0x6c, 0x65, 0x3d, 0x7b, 0x63, 0x68, 0x61, 0x72, 0x74, 0x53
  .byte 0x69, 0x7a, 0x65, 0x53, 0x74, 0x79, 0x6c, 0x65, 0x7d, 0x3e, 0x0a, 0x20, 0x20, 0x20, 0x20, 0x20
  .byte 0x20, 0x20, 0x20, 0x20, 0x20, 0x20, 0x20, 0x3c, 0x43, 0x68, 0x61, 0x72, 0x74, 0x43, 0x6f, 0x6e
  .byte 0x74, 0x61, 0x69, 0x6e, 0x65, 0x72, 0x0a, 0x20, 0x20, 0x20, 0x20, 0x20, 0x20, 0x20, 0x20, 0x20
  .byte 0x20, 0x20, 0x20, 0x20, 0x20, 0x63, 0x6f, 0x6e, 0x66, 0x69, 0x67, 0x3d, 0x7b, 0x63, 0x68, 0x61
  .byte 0x72, 0x74, 0x43, 0x6f, 0x6e, 0x66, 0x69, 0x67, 0x7d, 0x0a, 0x20, 0x20, 0x20, 0x20, 0x20, 0x20
  .byte 0x20, 0x20, 0x20, 0x20, 0x20, 0x20, 0x20, 0x20, 0x63, 0x6c, 0x61, 0x73, 0x73, 0x4e, 0x61, 0x6d
  .byte 0x65, 0x3d, 0x22, 0x6f, 0x70, 0x65, 0x6e, 0x75, 0x69, 0x2d, 0x72, 0x61, 0x64, 0x69, 0x61, 0x6c
  .byte 0x2d, 0x63, 0x68, 0x61, 0x72, 0x74, 0x22, 0x0a, 0x20, 0x20, 0x20, 0x20, 0x20, 0x20, 0x20, 0x20
  .byte 0x20, 0x20, 0x20, 0x20, 0x20, 0x20, 0x72, 0x65, 0x63, 0x68, 0x61, 0x72, 0x74, 0x73, 0x50, 0x72
  .byte 0x6f, 0x70, 0x73, 0x3d, 0x7b, 0x72, 0x65, 0x63, 0x68, 0x61, 0x72, 0x74, 0x73, 0x50, 0x72, 0x6f
  .byte 0x70, 0x73, 0x7d, 0x0a, 0x20, 0x20, 0x20, 0x20, 0x20, 0x20, 0x20, 0x20, 0x20, 0x20, 0x20, 0x20
  .byte 0x3e, 0x0a, 0x20, 0x20, 0x20, 0x20, 0x20, 0x20, 0x20, 0x20, 0x20, 0x20, 0x20, 0x20, 0x20, 0x20
  .byte 0x3c, 0x52, 0x61, 0x64, 0x69, 0x61, 0x6c, 0x42, 0x61, 0x72, 0x43, 0x68, 0x61, 0x72, 0x74, 0x0a
  .byte 0x20, 0x20, 0x20, 0x20, 0x20, 0x20, 0x20, 0x20, 0x20, 0x20, 0x20, 0x20, 0x20, 0x20, 0x20, 0x20
  .byte 0x64, 0x61, 0x74, 0x61, 0x3d, 0x7b, 0x74, 0x72, 0x61, 0x6e, 0x73, 0x66, 0x6f, 0x72, 0x6d, 0x65
  .byte 0x64, 0x44, 0x61, 0x74, 0x61, 0x7d, 0x0a, 0x20, 0x20, 0x20, 0x20, 0x20, 0x20, 0x20, 0x20, 0x20
  .byte 0x20, 0x20, 0x20, 0x20, 0x20, 0x20, 0x20, 0x73, 0x74, 0x61, 0x72, 0x74, 0x41, 0x6e, 0x67, 0x6c
  .byte 0x65, 0x3d, 0x7b, 0x73, 0x74, 0x61, 0x72, 0x74, 0x41, 0x6e, 0x67, 0x6c, 0x65, 0x7d, 0x0a, 0x20
  .byte 0x20, 0x20, 0x20, 0x20, 0x20, 0x20, 0x20, 0x20, 0x20, 0x20, 0x20, 0x20, 0x20, 0x20, 0x20, 0x65
  .byte 0x6e, 0x64, 0x41, 0x6e, 0x67, 0x6c, 0x65, 0x3d, 0x7b, 0x65, 0x6e, 0x64, 0x41, 0x6e, 0x67, 0x6c
  .byte 0x65, 0x7d, 0x0a, 0x20, 0x20, 0x20, 0x20, 0x20, 0x20, 0x20, 0x20, 0x20, 0x20, 0x20, 0x20, 0x20
  .byte 0x20, 0x20, 0x20, 0x69, 0x6e, 0x6e, 0x65, 0x72, 0x52, 0x61, 0x64, 0x69, 0x75, 0x73, 0x3d, 0x7b
  .byte 0x64, 0x69, 0x6d, 0x65, 0x6e, 0x73, 0x69, 0x6f, 0x6e, 0x73, 0x2e, 0x69, 0x6e, 0x6e, 0x65, 0x72
  .byte 0x52, 0x61, 0x64, 0x69, 0x75, 0x73, 0x7d, 0x0a, 0x20, 0x20, 0x20, 0x20, 0x20, 0x20, 0x20, 0x20
  .byte 0x20, 0x20, 0x20, 0x20, 0x20, 0x20, 0x20, 0x20, 0x6f, 0x75, 0x74, 0x65, 0x72, 0x52, 0x61, 0x64
  .byte 0x69, 0x75, 0x73, 0x3d, 0x7b, 0x64, 0x69, 0x6d, 0x65, 0x6e, 0x73, 0x69, 0x6f, 0x6e, 0x73, 0x2e
  .byte 0x6f, 0x75, 0x74, 0x65, 0x72, 0x52, 0x61, 0x64, 0x69, 0x75, 0x73, 0x7d, 0x0a, 0x20, 0x20, 0x20
  .byte 0x20, 0x20, 0x20, 0x20, 0x20, 0x20, 0x20, 0x20, 0x20, 0x20, 0x20, 0x3e, 0x0a, 0x20, 0x20, 0x20
  .byte 0x20, 0x20, 0x20, 0x20, 0x20, 0x20, 0x20, 0x20, 0x20, 0x20, 0x20, 0x20, 0x20, 0x7b, 0x67, 0x72
  .byte 0x69, 0x64, 0x20, 0x26, 0x26, 0x20, 0x3c, 0x50, 0x6f, 0x6c, 0x61, 0x72, 0x47, 0x72, 0x69, 0x64
  .byte 0x20, 0x67, 0x72, 0x69, 0x64, 0x54, 0x79, 0x70, 0x65, 0x3d, 0x22, 0x63, 0x69, 0x72, 0x63, 0x6c
  .byte 0x65, 0x22, 0x20, 0x2f, 0x3e, 0x7d, 0x0a, 0x20, 0x20, 0x20, 0x20, 0x20, 0x20, 0x20, 0x20, 0x20
  .byte 0x20, 0x20, 0x20, 0x20, 0x20, 0x20, 0x20, 0x3c, 0x43, 0x68, 0x61, 0x72, 0x74, 0x54, 0x6f, 0x6f
  .byte 0x6c, 0x74, 0x69, 0x70, 0x0a, 0x20, 0x20, 0x20, 0x20, 0x20, 0x20, 0x20, 0x20, 0x20, 0x20, 0x20
  .byte 0x20, 0x20, 0x20, 0x20, 0x20, 0x20, 0x20, 0x63, 0x75, 0x72, 0x73, 0x6f, 0x72, 0x3d, 0x7b, 0x66
  .byte 0x61, 0x6c, 0x73, 0x65, 0x7d, 0x0a, 0x20, 0x20, 0x20, 0x20, 0x20, 0x20, 0x20, 0x20, 0x20, 0x20
  .byte 0x20, 0x20, 0x20, 0x20, 0x20, 0x20, 0x20, 0x20, 0x63, 0x6f, 0x6e, 0x74, 0x65, 0x6e, 0x74, 0x3d
  .byte 0x7b, 0x0a, 0x20, 0x20, 0x20, 0x20, 0x20, 0x20, 0x20, 0x20, 0x20, 0x20, 0x20, 0x20, 0x20, 0x20
  .byte 0x20, 0x20, 0x20, 0x20, 0x20, 0x20, 0x3c, 0x43, 0x68, 0x61, 0x72, 0x74, 0x54, 0x6f, 0x6f, 0x6c
  .byte 0x74, 0x69, 0x70, 0x43, 0x6f, 0x6e, 0x74, 0x65, 0x6e, 0x74, 0x0a, 0x20, 0x20, 0x20, 0x20, 0x20
  .byte 0x20, 0x20, 0x20, 0x20, 0x20, 0x20, 0x20, 0x20, 0x20, 0x20, 0x20, 0x20, 0x20, 0x20, 0x20, 0x20
  .byte 0x20, 0x73, 0x68, 0x6f, 0x77, 0x50, 0x65, 0x72, 0x63, 0x65, 0x6e, 0x74, 0x61, 0x67, 0x65, 0x3d
  .byte 0x7b, 0x66, 0x6f, 0x72, 0x6d, 0x61, 0x74, 0x20, 0x3d, 0x3d, 0x3d, 0x20, 0x22, 0x70, 0x65, 0x72
  .byte 0x63, 0x65, 0x6e, 0x74, 0x61, 0x67, 0x65, 0x22, 0x7d, 0x0a, 0x20, 0x20, 0x20, 0x20, 0x20, 0x20
  .byte 0x20, 0x20, 0x20, 0x20, 0x20, 0x20, 0x20, 0x20, 0x20, 0x20, 0x20, 0x20, 0x20, 0x20, 0x20, 0x20
  .byte 0x6e, 0x61, 0x6d, 0x65, 0x4b, 0x65, 0x79, 0x3d, 0x7b, 0x63, 0x61, 0x74, 0x65, 0x67, 0x6f, 0x72
  .byte 0x79, 0x4b, 0x65, 0x79, 0x53, 0x74, 0x72, 0x69, 0x6e, 0x67, 0x7d, 0x0a, 0x20, 0x20, 0x20, 0x20
  .byte 0x20, 0x20, 0x20, 0x20, 0x20, 0x20, 0x20, 0x20, 0x20, 0x20, 0x20, 0x20, 0x20, 0x20, 0x20, 0x20
  .byte 0x2f, 0x3e, 0x0a, 0x20, 0x20, 0x20, 0x20, 0x20, 0x20, 0x20, 0x20, 0x20, 0x20, 0x20, 0x20, 0x20
  .byte 0x20, 0x20, 0x20, 0x20, 0x20, 0x7d, 0x0a, 0x20, 0x20, 0x20, 0x20, 0x20, 0x20, 0x20, 0x20, 0x20
  .byte 0x20, 0x20, 0x20, 0x20, 0x20, 0x20, 0x20, 0x2f, 0x3e, 0x0a, 0x20, 0x20, 0x20, 0x20, 0x20, 0x20
  .byte 0x20, 0x20, 0x20, 0x20, 0x20, 0x20, 0x20, 0x20, 0x20, 0x20, 0x3c, 0x52, 0x61, 0x64, 0x69, 0x61
  .byte 0x6c, 0x42, 0x61, 0x72, 0x0a, 0x20, 0x20, 0x20, 0x20, 0x20, 0x20, 0x20, 0x20, 0x20, 0x20, 0x20
  .byte 0x20, 0x20, 0x20, 0x20, 0x20, 0x20, 0x20, 0x64, 0x61, 0x74, 0x61, 0x4b, 0x65, 0x79, 0x3d, 0x7b
  .byte 0x66, 0x6f, 0x72, 0x6d, 0x61, 0x74, 0x4b, 0x65, 0x79, 0x7d, 0x0a, 0x20, 0x20, 0x20, 0x20, 0x20
  .byte 0x20, 0x20, 0x20, 0x20, 0x20, 0x20, 0x20, 0x20, 0x20, 0x20, 0x20, 0x20, 0x20, 0x62, 0x61, 0x63
  .byte 0x6b, 0x67, 0x72, 0x6f, 0x75, 0x6e, 0x64, 0x3d, 0x7b, 0x21, 0x67, 0x72, 0x69, 0x64, 0x7d, 0x0a
  .byte 0x20, 0x20, 0x20, 0x20, 0x20, 0x20, 0x20, 0x20, 0x20, 0x20, 0x20, 0x20, 0x20, 0x20, 0x20, 0x20
  .byte 0x20, 0x20, 0x63, 0x6f, 0x72, 0x6e, 0x65, 0x72, 0x52, 0x61, 0x64, 0x69, 0x75, 0x73, 0x3d, 0x7b
  .byte 0x63, 0x6f, 0x72, 0x6e, 0x65, 0x72, 0x52, 0x61, 0x64, 0x69, 0x75, 0x73, 0x7d, 0x0a, 0x20, 0x20
  .byte 0x20, 0x20, 0x20, 0x20, 0x20, 0x20, 0x20, 0x20, 0x20, 0x20, 0x20, 0x20, 0x20, 0x20, 0x20, 0x20
  .byte 0x7b, 0x2e, 0x2e, 0x2e, 0x61, 0x6e, 0x69, 0x6d, 0x61, 0x74, 0x69, 0x6f, 0x6e, 0x43, 0x6f, 0x6e
  .byte 0x66, 0x69, 0x67, 0x7d, 0x0a, 0x20, 0x20, 0x20, 0x20, 0x20, 0x20, 0x20, 0x20, 0x20, 0x20, 0x20
  .byte 0x20, 0x20, 0x20, 0x20, 0x20, 0x20, 0x20, 0x61, 0x63, 0x74, 0x69, 0x76, 0x65, 0x49, 0x6e, 0x64
  .byte 0x65, 0x78, 0x3d, 0x7b, 0x61, 0x63, 0x74, 0x69, 0x76, 0x65, 0x49, 0x6e, 0x64, 0x65, 0x78, 0x20
  .byte 0x3f, 0x3f, 0x20, 0x75, 0x6e, 0x64, 0x65, 0x66, 0x69, 0x6e, 0x65, 0x64, 0x7d, 0x0a, 0x20, 0x20
  .byte 0x20, 0x20, 0x20, 0x20, 0x20, 0x20, 0x20, 0x20, 0x20, 0x20, 0x20, 0x20, 0x20, 0x20, 0x20, 0x20
  .byte 0x6f, 0x6e, 0x4d, 0x6f, 0x75, 0x73, 0x65, 0x45, 0x6e, 0x74, 0x65, 0x72, 0x3d, 0x7b, 0x68, 0x61
  .byte 0x6e, 0x64, 0x6c, 0x65, 0x43, 0x68, 0x61, 0x72, 0x74, 0x4d, 0x6f, 0x75, 0x73, 0x65, 0x45, 0x6e
  .byte 0x74, 0x65, 0x72, 0x7d, 0x0a, 0x20, 0x20, 0x20, 0x20, 0x20, 0x20, 0x20, 0x20, 0x20, 0x20, 0x20
  .byte 0x20, 0x20, 0x20, 0x20, 0x20, 0x20, 0x20, 0x6f, 0x6e, 0x4d, 0x6f, 0x75, 0x73, 0x65, 0x4c, 0x65
  .byte 0x61, 0x76, 0x65, 0x3d, 0x7b, 0x68, 0x61, 0x6e, 0x64, 0x6c, 0x65, 0x43, 0x68, 0x61, 0x72, 0x74
  .byte 0x4d, 0x6f, 0x75, 0x73, 0x65, 0x4c, 0x65, 0x61, 0x76, 0x65, 0x7d, 0x0a, 0x20, 0x20, 0x20, 0x20
  .byte 0x20, 0x20, 0x20, 0x20, 0x20, 0x20, 0x20, 0x20, 0x20, 0x20, 0x20, 0x20, 0x20, 0x20, 0x6f, 0x6e
  .byte 0x43, 0x6c, 0x69, 0x63, 0x6b, 0x3d, 0x7b, 0x65, 0x76, 0x65, 0x6e, 0x74, 0x48, 0x61, 0x6e, 0x64
  .byte 0x6c, 0x65, 0x72, 0x73, 0x2e, 0x6f, 0x6e, 0x43, 0x6c, 0x69, 0x63, 0x6b, 0x7d, 0x0a, 0x20, 0x20
  .byte 0x20, 0x20, 0x20, 0x20, 0x20, 0x20, 0x20, 0x20, 0x20, 0x20, 0x20, 0x20, 0x20, 0x20, 0x3e, 0x0a
  .byte 0x20, 0x20, 0x20, 0x20, 0x20, 0x20, 0x20, 0x20, 0x20, 0x20, 0x20, 0x20, 0x20, 0x20, 0x20, 0x20
  .byte 0x20, 0x20, 0x7b, 0x74, 0x72, 0x61, 0x6e, 0x73, 0x66, 0x6f, 0x72, 0x6d, 0x65, 0x64, 0x44, 0x61
  .byte 0x74, 0x61, 0x2e, 0x6d, 0x61, 0x70, 0x28, 0x28, 0x65, 0x6e, 0x74, 0x72, 0x79, 0x2c, 0x20, 0x69
  .byte 0x6e, 0x64, 0x65, 0x78, 0x29, 0x20, 0x3d, 0x3e, 0x20, 0x7b, 0x0a, 0x20, 0x20, 0x20, 0x20, 0x20
  .byte 0x20, 0x20, 0x20, 0x20, 0x20, 0x20, 0x20, 0x20, 0x20, 0x20, 0x20, 0x20, 0x20, 0x20, 0x20, 0x63
  .byte 0x6f, 0x6e, 0x73, 0x74, 0x20, 0x63, 0x61, 0x74, 0x65, 0x67, 0x6f, 0x72, 0x79, 0x56, 0x61, 0x6c
  .byte 0x75, 0x65, 0x20, 0x3d, 0x20, 0x53, 0x74, 0x72, 0x69, 0x6e, 0x67, 0x28, 0x65, 0x6e, 0x74, 0x72
  .byte 0x79, 0x5b, 0x63, 0x61, 0x74, 0x65, 0x67, 0x6f, 0x72, 0x79, 0x4b, 0x65, 0x79, 0x20, 0x61, 0x73
  .byte 0x20, 0x6b, 0x65, 0x79, 0x6f, 0x66, 0x20, 0x74, 0x79, 0x70, 0x65, 0x6f, 0x66, 0x20, 0x65, 0x6e
  .byte 0x74, 0x72, 0x79, 0x5d, 0x20, 0x7c, 0x7c, 0x20, 0x22, 0x22, 0x29, 0x3b, 0x0a, 0x20, 0x20, 0x20
  .byte 0x20, 0x20, 0x20, 0x20, 0x20, 0x20, 0x20, 0x20, 0x20, 0x20, 0x20, 0x20, 0x20, 0x20, 0x20, 0x20
  .byte 0x20, 0x63, 0x6f, 0x6e, 0x73, 0x74, 0x20, 0x63, 0x6f, 0x6e, 0x66, 0x69, 0x67, 0x20, 0x3d, 0x20
  .byte 0x63, 0x68, 0x61, 0x72, 0x74, 0x43, 0x6f, 0x6e, 0x66, 0x69, 0x67, 0x5b, 0x63, 0x61, 0x74, 0x65
  .byte 0x67, 0x6f, 0x72, 0x79, 0x56, 0x61, 0x6c, 0x75, 0x65, 0x5d, 0x3b, 0x0a, 0x20, 0x20, 0x20, 0x20
  .byte 0x20, 0x20, 0x20, 0x20, 0x20, 0x20, 0x20, 0x20, 0x20, 0x20, 0x20, 0x20, 0x20, 0x20, 0x20, 0x20
  .byte 0x63, 0x6f, 0x6e, 0x73, 0x74, 0x20, 0x68, 0x6f, 0x76, 0x65, 0x72, 0x53, 0x74, 0x79, 0x6c, 0x65
  .byte 0x73, 0x20, 0x3d, 0x20, 0x67, 0x65, 0x74, 0x52, 0x61, 0x64, 0x69, 0x61, 0x6c, 0x48, 0x6f, 0x76
  .byte 0x65, 0x72, 0x53, 0x74, 0x79, 0x6c, 0x65, 0x73, 0x28, 0x69, 0x6e, 0x64, 0x65, 0x78, 0x2c, 0x20
  .byte 0x61, 0x63, 0x74, 0x69, 0x76, 0x65, 0x49, 0x6e, 0x64, 0x65, 0x78, 0x29, 0x3b, 0x0a, 0x20, 0x20
  .byte 0x20, 0x20, 0x20, 0x20, 0x20, 0x20, 0x20, 0x20, 0x20, 0x20, 0x20, 0x20, 0x20, 0x20, 0x20, 0x20
  .byte 0x20, 0x20, 0x63, 0x6f, 0x6e, 0x73, 0x74, 0x20, 0x66, 0x69, 0x6c, 0x6c, 0x20, 0x3d, 0x20, 0x63
  .byte 0x6f, 0x6e, 0x66, 0x69, 0x67, 0x3f, 0x2e, 0x63, 0x6f, 0x6c, 0x6f, 0x72, 0x20, 0x7c, 0x7c, 0x20
  .byte 0x63, 0x6f, 0x6c, 0x6f, 0x72, 0x73, 0x5b, 0x69, 0x6e, 0x64, 0x65, 0x78, 0x5d, 0x3b, 0x0a, 0x20
  .byte 0x20, 0x20, 0x20, 0x20, 0x20, 0x20, 0x20, 0x20, 0x20, 0x20, 0x20, 0x20, 0x20, 0x20, 0x20, 0x20
  .byte 0x20, 0x20, 0x20, 0x72, 0x65, 0x74, 0x75, 0x72, 0x6e, 0x20, 0x28, 0x0a, 0x20, 0x20, 0x20, 0x20
  .byte 0x20, 0x20, 0x20, 0x20, 0x20, 0x20, 0x20, 0x20, 0x20, 0x20, 0x20, 0x20, 0x20, 0x20, 0x20, 0x20
  .byte 0x20, 0x20, 0x3c, 0x43, 0x65, 0x6c, 0x6c, 0x20, 0x6b, 0x65, 0x79, 0x3d, 0x7b, 0x60, 0x63, 0x65
  .byte 0x6c, 0x6c, 0x2d, 0x24, 0x7b, 0x69, 0x6e, 0x64, 0x65, 0x78, 0x7d, 0x60, 0x7d, 0x20, 0x66, 0x69
  .byte 0x6c, 0x6c, 0x3d, 0x7b, 0x66, 0x69, 0x6c, 0x6c, 0x7d, 0x20, 0x7b, 0x2e, 0x2e, 0x2e, 0x68, 0x6f
  .byte 0x76, 0x65, 0x72, 0x53, 0x74, 0x79, 0x6c, 0x65, 0x73, 0x7d, 0x20, 0x73, 0x74, 0x72, 0x6f, 0x6b
  .byte 0x65, 0x3d, 0x22, 0x6e, 0x6f, 0x6e, 0x65, 0x22, 0x20, 0x2f, 0x3e, 0x0a, 0x20, 0x20, 0x20, 0x20
  .byte 0x20, 0x20, 0x20, 0x20, 0x20, 0x20, 0x20, 0x20, 0x20, 0x20, 0x20, 0x20, 0x20, 0x20, 0x20, 0x20
  .byte 0x29, 0x3b, 0x0a, 0x20, 0x20, 0x20, 0x20, 0x20, 0x20, 0x20, 0x20, 0x20, 0x20, 0x20, 0x20, 0x20
  .byte 0x20, 0x20, 0x20, 0x20, 0x20, 0x7d, 0x29, 0x7d, 0x0a, 0x20, 0x20, 0x20, 0x20, 0x20, 0x20, 0x20
  .byte 0x20, 0x20, 0x20, 0x20, 0x20, 0x20, 0x20, 0x20, 0x20, 0x3c, 0x2f, 0x52, 0x61, 0x64, 0x69, 0x61
  .byte 0x6c, 0x42, 0x61, 0x72, 0x3e, 0x0a, 0x20, 0x20, 0x20, 0x20, 0x20, 0x20, 0x20, 0x20, 0x20, 0x20
  .byte 0x20, 0x20, 0x20, 0x20, 0x3c, 0x2f, 0x52, 0x61, 0x64, 0x69, 0x61, 0x6c, 0x42, 0x61, 0x72, 0x43
  .byte 0x68, 0x61, 0x72, 0x74, 0x3e, 0x0a, 0x20, 0x20, 0x20, 0x20, 0x20, 0x20, 0x20, 0x20, 0x20, 0x20
  .byte 0x20, 0x20, 0x3c, 0x2f, 0x43, 0x68, 0x61, 0x72, 0x74, 0x43, 0x6f, 0x6e, 0x74, 0x61, 0x69, 0x6e
  .byte 0x65, 0x72, 0x3e, 0x0a, 0x20, 0x20, 0x20, 0x20, 0x20, 0x20, 0x20, 0x20, 0x20, 0x20, 0x3c, 0x2f
  .byte 0x64, 0x69, 0x76, 0x3e, 0x0a, 0x20, 0x20, 0x20, 0x20, 0x20, 0x20, 0x20, 0x20, 0x3c, 0x2f, 0x64
  .byte 0x69, 0x76, 0x3e, 0x0a, 0x20, 0x20, 0x20, 0x20, 0x20, 0x20, 0x3c, 0x2f, 0x64, 0x69, 0x76, 0x3e
  .byte 0x0a, 0x20, 0x20, 0x20, 0x20, 0x20, 0x20, 0x7b, 0x72, 0x65, 0x6e, 0x64, 0x65, 0x72, 0x4c, 0x65
  .byte 0x67, 0x65, 0x6e, 0x64, 0x28, 0x29, 0x7d, 0x0a, 0x20, 0x20, 0x20, 0x20, 0x3c, 0x2f, 0x64, 0x69
  .byte 0x76, 0x3e, 0x0a, 0x20, 0x20, 0x29, 0x3b, 0x0a, 0x7d, 0x3b, 0x0a

  .globl openui_full_port_packages_react_ui_src_components_Charts_RadialChart_RadialChart_tsx_80e2effc7daf_pass_4_len
openui_full_port_packages_react_ui_src_components_Charts_RadialChart_RadialChart_tsx_80e2effc7daf_pass_4_len:
  .quad 13227
