# OpenUI mechanical full assembly port
# source: examples/react-email/src/components/composePage/starters.ts
# sha256: 108d0b4b615893155273b5d8a27621efddbb1e0145242dfc34f28b90a8edd6c9
# bytes: 16162
# assembly passes: 4
  .section .rodata
# assembly pass: 1/4
  .globl openui_full_port_examples_react_email_src_components_composePage_starters_ts_108d0b4b6158
openui_full_port_examples_react_email_src_components_composePage_starters_ts_108d0b4b6158:
  .byte 0x65, 0x78, 0x70, 0x6f, 0x72, 0x74, 0x20, 0x63, 0x6f, 0x6e, 0x73, 0x74, 0x20, 0x53, 0x54, 0x41
  .byte 0x52, 0x54, 0x45, 0x52, 0x53, 0x20, 0x3d, 0x20, 0x5b, 0x0a, 0x20, 0x20, 0x7b, 0x0a, 0x20, 0x20
  .byte 0x20, 0x20, 0x69, 0x63, 0x6f, 0x6e, 0x3a, 0x20, 0x22, 0x5c, 0x75, 0x44, 0x38, 0x33, 0x44, 0x5c
  .byte 0x75, 0x44, 0x45, 0x38, 0x30, 0x22, 0x2c, 0x0a, 0x20, 0x20, 0x20, 0x20, 0x69, 0x63, 0x6f, 0x6e
  .byte 0x42, 0x67, 0x3a, 0x20, 0x22, 0x23, 0x31, 0x61, 0x31, 0x61, 0x33, 0x65, 0x22, 0x2c, 0x0a, 0x20
  .byte 0x20, 0x20, 0x20, 0x64, 0x69, 0x73, 0x70, 0x6c, 0x61, 0x79, 0x54, 0x65, 0x78, 0x74, 0x3a, 0x20
  .byte 0x22, 0x4f, 0x70, 0x65, 0x6e, 0x55, 0x49, 0x20, 0x6c, 0x61, 0x75, 0x6e, 0x63, 0x68, 0x20, 0x61
  .byte 0x6e, 0x6e, 0x6f, 0x75, 0x6e, 0x63, 0x65, 0x6d, 0x65, 0x6e, 0x74, 0x22, 0x2c, 0x0a, 0x20, 0x20
  .byte 0x20, 0x20, 0x70, 0x72, 0x6f, 0x6d, 0x70, 0x74, 0x3a, 0x20, 0x60, 0x43, 0x72, 0x65, 0x61, 0x74
  .byte 0x65, 0x20, 0x61, 0x20, 0x62, 0x65, 0x61, 0x75, 0x74, 0x69, 0x66, 0x75, 0x6c, 0x20, 0x6c, 0x61
  .byte 0x75, 0x6e, 0x63, 0x68, 0x20, 0x61, 0x6e, 0x6e, 0x6f, 0x75, 0x6e, 0x63, 0x65, 0x6d, 0x65, 0x6e
  .byte 0x74, 0x20, 0x65, 0x6d, 0x61, 0x69, 0x6c, 0x20, 0x66, 0x6f, 0x72, 0x20, 0x4f, 0x70, 0x65, 0x6e
  .byte 0x55, 0x49, 0x20, 0xe2, 0x80, 0x94, 0x20, 0x74, 0x68, 0x65, 0x20, 0x6f, 0x70, 0x65, 0x6e, 0x20
  .byte 0x73, 0x74, 0x61, 0x6e, 0x64, 0x61, 0x72, 0x64, 0x20, 0x66, 0x6f, 0x72, 0x20, 0x47, 0x65, 0x6e
  .byte 0x65, 0x72, 0x61, 0x74, 0x69, 0x76, 0x65, 0x20, 0x55, 0x49, 0x2e, 0x20, 0x4f, 0x70, 0x65, 0x6e
  .byte 0x55, 0x49, 0x20, 0x6c, 0x65, 0x74, 0x73, 0x20, 0x41, 0x49, 0x20, 0x72, 0x65, 0x73, 0x70, 0x6f
  .byte 0x6e, 0x64, 0x20, 0x77, 0x69, 0x74, 0x68, 0x20, 0x72, 0x65, 0x61, 0x6c, 0x20, 0x55, 0x49, 0x20
  .byte 0x63, 0x6f, 0x6d, 0x70, 0x6f, 0x6e, 0x65, 0x6e, 0x74, 0x73, 0x20, 0x69, 0x6e, 0x73, 0x74, 0x65
  .byte 0x61, 0x64, 0x20, 0x6f, 0x66, 0x20, 0x70, 0x6c, 0x61, 0x69, 0x6e, 0x20, 0x74, 0x65, 0x78, 0x74
  .byte 0x2e, 0x20, 0x55, 0x73, 0x65, 0x20, 0x74, 0x65, 0x61, 0x6c, 0x20, 0x28, 0x23, 0x35, 0x30, 0x44
  .byte 0x34, 0x45, 0x32, 0x29, 0x20, 0x61, 0x73, 0x20, 0x74, 0x68, 0x65, 0x20, 0x61, 0x63, 0x63, 0x65
  .byte 0x6e, 0x74, 0x20, 0x63, 0x6f, 0x6c, 0x6f, 0x72, 0x2e, 0x20, 0x4d, 0x61, 0x6b, 0x65, 0x20, 0x69
  .byte 0x74, 0x20, 0x64, 0x65, 0x76, 0x65, 0x6c, 0x6f, 0x70, 0x65, 0x72, 0x2d, 0x66, 0x6f, 0x63, 0x75
  .byte 0x73, 0x65, 0x64, 0x2c, 0x20, 0x70, 0x6f, 0x6c, 0x69, 0x73, 0x68, 0x65, 0x64, 0x2c, 0x20, 0x61
  .byte 0x6e, 0x64, 0x20, 0x63, 0x6f, 0x6d, 0x70, 0x72, 0x65, 0x68, 0x65, 0x6e, 0x73, 0x69, 0x76, 0x65
  .byte 0x2e, 0x0a, 0x0a, 0x49, 0x6e, 0x63, 0x6c, 0x75, 0x64, 0x65, 0x20, 0x74, 0x68, 0x65, 0x73, 0x65
  .byte 0x20, 0x73, 0x65, 0x63, 0x74, 0x69, 0x6f, 0x6e, 0x73, 0x20, 0x69, 0x6e, 0x20, 0x6f, 0x72, 0x64
  .byte 0x65, 0x72, 0x3a, 0x0a, 0x0a, 0x31, 0x2e, 0x20, 0x45, 0x6d, 0x61, 0x69, 0x6c, 0x48, 0x65, 0x61
  .byte 0x64, 0x65, 0x72, 0x43, 0x65, 0x6e, 0x74, 0x65, 0x72, 0x65, 0x64, 0x4e, 0x61, 0x76, 0x20, 0x77
  .byte 0x69, 0x74, 0x68, 0x20, 0x6c, 0x6f, 0x67, 0x6f, 0x20, 0x28, 0x68, 0x74, 0x74, 0x70, 0x73, 0x3a
  .byte 0x2f, 0x2f, 0x77, 0x77, 0x77, 0x2e, 0x6f, 0x70, 0x65, 0x6e, 0x75, 0x69, 0x2e, 0x63, 0x6f, 0x6d
  .byte 0x2f, 0x66, 0x61, 0x76, 0x69, 0x63, 0x6f, 0x6e, 0x2e, 0x73, 0x76, 0x67, 0x2c, 0x20, 0x22, 0x4f
  .byte 0x70, 0x65, 0x6e, 0x55, 0x49, 0x22, 0x2c, 0x20, 0x68, 0x65, 0x69, 0x67, 0x68, 0x74, 0x20, 0x34
  .byte 0x32, 0x29, 0x20, 0x61, 0x6e, 0x64, 0x20, 0x33, 0x20, 0x6e, 0x61, 0x76, 0x20, 0x6c, 0x69, 0x6e
  .byte 0x6b, 0x73, 0x3a, 0x20, 0x22, 0x44, 0x6f, 0x63, 0x75, 0x6d, 0x65, 0x6e, 0x74, 0x61, 0x74, 0x69
  .byte 0x6f, 0x6e, 0x22, 0x2c, 0x20, 0x22, 0x47, 0x69, 0x74, 0x48, 0x75, 0x62, 0x22, 0x2c, 0x20, 0x22
  .byte 0x45, 0x78, 0x61, 0x6d, 0x70, 0x6c, 0x65, 0x73, 0x22, 0x0a, 0x32, 0x2e, 0x20, 0x45, 0x6d, 0x61
  .byte 0x69, 0x6c, 0x44, 0x69, 0x76, 0x69, 0x64, 0x65, 0x72, 0x0a, 0x33, 0x2e, 0x20, 0x45, 0x6d, 0x61
  .byte 0x69, 0x6c, 0x49, 0x6d, 0x61, 0x67, 0x65, 0x20, 0x68, 0x65, 0x72, 0x6f, 0x20, 0x62, 0x61, 0x6e
  .byte 0x6e, 0x65, 0x72, 0x20, 0x28, 0x68, 0x74, 0x74, 0x70, 0x73, 0x3a, 0x2f, 0x2f, 0x77, 0x77, 0x77
  .byte 0x2e, 0x6f, 0x70, 0x65, 0x6e, 0x75, 0x69, 0x2e, 0x63, 0x6f, 0x6d, 0x2f, 0x6d, 0x65, 0x74, 0x61
  .byte 0x2d, 0x69, 0x6d, 0x61, 0x67, 0x65, 0x2e, 0x70, 0x6e, 0x67, 0x2c, 0x20, 0x22, 0x4f, 0x70, 0x65
  .byte 0x6e, 0x55, 0x49, 0x20, 0xe2, 0x80, 0x94, 0x20, 0x54, 0x68, 0x65, 0x20, 0x4f, 0x70, 0x65, 0x6e
  .byte 0x20, 0x53, 0x74, 0x61, 0x6e, 0x64, 0x61, 0x72, 0x64, 0x20, 0x66, 0x6f, 0x72, 0x20, 0x47, 0x65
  .byte 0x6e, 0x65, 0x72, 0x61, 0x74, 0x69, 0x76, 0x65, 0x20, 0x55, 0x49, 0x22, 0x2c, 0x20, 0x36, 0x30
  .byte 0x30, 0x29, 0x0a, 0x34, 0x2e, 0x20, 0x45, 0x6d, 0x61, 0x69, 0x6c, 0x48, 0x65, 0x61, 0x64, 0x69
  .byte 0x6e, 0x67, 0x20, 0x22, 0x54, 0x68, 0x65, 0x20, 0x4f, 0x70, 0x65, 0x6e, 0x20, 0x53, 0x74, 0x61
  .byte 0x6e, 0x64, 0x61, 0x72, 0x64, 0x20, 0x66, 0x6f, 0x72, 0x20, 0x47, 0x65, 0x6e, 0x65, 0x72, 0x61
  .byte 0x74, 0x69, 0x76, 0x65, 0x20, 0x55, 0x49, 0x22, 0x20, 0x28, 0x6c, 0x65, 0x76, 0x65, 0x6c, 0x20
  .byte 0x31, 0x29, 0x0a, 0x35, 0x2e, 0x20, 0x45, 0x6d, 0x61, 0x69, 0x6c, 0x54, 0x65, 0x78, 0x74, 0x20
  .byte 0x22, 0x53, 0x74, 0x6f, 0x70, 0x20, 0x62, 0x75, 0x69, 0x6c, 0x64, 0x69, 0x6e, 0x67, 0x20, 0x63
  .byte 0x68, 0x61, 0x74, 0x20, 0x55, 0x49, 0x73, 0x20, 0x74, 0x68, 0x61, 0x74, 0x20, 0x6f, 0x6e, 0x6c
  .byte 0x79, 0x20, 0x72, 0x65, 0x74, 0x75, 0x72, 0x6e, 0x20, 0x70, 0x6c, 0x61, 0x69, 0x6e, 0x20, 0x74
  .byte 0x65, 0x78, 0x74, 0x2e, 0x20, 0x4f, 0x70, 0x65, 0x6e, 0x55, 0x49, 0x20, 0x6c, 0x65, 0x74, 0x73
  .byte 0x20, 0x79, 0x6f, 0x75, 0x72, 0x20, 0x41, 0x49, 0x20, 0x72, 0x65, 0x73, 0x70, 0x6f, 0x6e, 0x64
  .byte 0x20, 0x77, 0x69, 0x74, 0x68, 0x20, 0x72, 0x65, 0x61, 0x6c, 0x2c, 0x20, 0x69, 0x6e, 0x74, 0x65
  .byte 0x72, 0x61, 0x63, 0x74, 0x69, 0x76, 0x65, 0x20, 0x63, 0x6f, 0x6d, 0x70, 0x6f, 0x6e, 0x65, 0x6e
  .byte 0x74, 0x73, 0x20, 0xe2, 0x80, 0x94, 0x20, 0x66, 0x6f, 0x72, 0x6d, 0x73, 0x2c, 0x20, 0x63, 0x68
  .byte 0x61, 0x72, 0x74, 0x73, 0x2c, 0x20, 0x63, 0x61, 0x72, 0x64, 0x73, 0x2c, 0x20, 0x74, 0x61, 0x62
  .byte 0x6c, 0x65, 0x73, 0x2c, 0x20, 0x61, 0x6e, 0x64, 0x20, 0x6d, 0x6f, 0x72, 0x65, 0x2e, 0x20, 0x44
  .byte 0x65, 0x66, 0x69, 0x6e, 0x65, 0x20, 0x79, 0x6f, 0x75, 0x72, 0x20, 0x63, 0x6f, 0x6d, 0x70, 0x6f
  .byte 0x6e, 0x65, 0x6e, 0x74, 0x73, 0x20, 0x6f, 0x6e, 0x63, 0x65, 0x2c, 0x20, 0x61, 0x6e, 0x64, 0x20
  .byte 0x61, 0x6e, 0x79, 0x20, 0x4c, 0x4c, 0x4d, 0x20, 0x63, 0x61, 0x6e, 0x20, 0x72, 0x65, 0x6e, 0x64
  .byte 0x65, 0x72, 0x20, 0x74, 0x68, 0x65, 0x6d, 0x2e, 0x22, 0x0a, 0x36, 0x2e, 0x20, 0x45, 0x6d, 0x61
  .byte 0x69, 0x6c, 0x42, 0x75, 0x74, 0x74, 0x6f, 0x6e, 0x20, 0x22, 0x47, 0x65, 0x74, 0x20, 0x53, 0x74
  .byte 0x61, 0x72, 0x74, 0x65, 0x64, 0x20, 0xe2, 0x80, 0x94, 0x20, 0x6e, 0x70, 0x78, 0x20, 0x40, 0x6f
  .byte 0x70, 0x65, 0x6e, 0x75, 0x69, 0x64, 0x65, 0x76, 0x2f, 0x63, 0x6c, 0x69, 0x20, 0x63, 0x72, 0x65
  .byte 0x61, 0x74, 0x65, 0x22, 0x20, 0x6c, 0x69, 0x6e, 0x6b, 0x69, 0x6e, 0x67, 0x20, 0x74, 0x6f, 0x20
  .byte 0x68, 0x74, 0x74, 0x70, 0x73, 0x3a, 0x2f, 0x2f, 0x77, 0x77, 0x77, 0x2e, 0x6f, 0x70, 0x65, 0x6e
  .byte 0x75, 0x69, 0x2e, 0x63, 0x6f, 0x6d, 0x20, 0x77, 0x69, 0x74, 0x68, 0x20, 0x63, 0x6f, 0x6c, 0x6f
  .byte 0x72, 0x20, 0x23, 0x35, 0x30, 0x44, 0x34, 0x45, 0x32, 0x0a, 0x37, 0x2e, 0x20, 0x45, 0x6d, 0x61
  .byte 0x69, 0x6c, 0x44, 0x69, 0x76, 0x69, 0x64, 0x65, 0x72, 0x0a, 0x38, 0x2e, 0x20, 0x45, 0x6d, 0x61
  .byte 0x69, 0x6c, 0x48, 0x65, 0x61, 0x64, 0x69, 0x6e, 0x67, 0x20, 0x22, 0x57, 0x68, 0x79, 0x20, 0x64
  .byte 0x65, 0x76, 0x65, 0x6c, 0x6f, 0x70, 0x65, 0x72, 0x73, 0x20, 0x63, 0x68, 0x6f, 0x6f, 0x73, 0x65
  .byte 0x20, 0x4f, 0x70, 0x65, 0x6e, 0x55, 0x49, 0x22, 0x20, 0x28, 0x6c, 0x65, 0x76, 0x65, 0x6c, 0x20
  .byte 0x32, 0x29, 0x0a, 0x39, 0x2e, 0x20, 0x45, 0x6d, 0x61, 0x69, 0x6c, 0x54, 0x65, 0x78, 0x74, 0x20
  .byte 0x22, 0x4f, 0x70, 0x65, 0x6e, 0x55, 0x49, 0x20, 0x69, 0x73, 0x20, 0x75, 0x70, 0x20, 0x74, 0x6f
  .byte 0x20, 0x33, 0x78, 0x20, 0x66, 0x61, 0x73, 0x74, 0x65, 0x72, 0x20, 0x72, 0x65, 0x6e, 0x64, 0x65
  .byte 0x72, 0x69, 0x6e, 0x67, 0x20, 0x74, 0x68, 0x61, 0x6e, 0x20, 0x4a, 0x53, 0x4f, 0x4e, 0x2d, 0x62
  .byte 0x61, 0x73, 0x65, 0x64, 0x20, 0x61, 0x70, 0x70, 0x72, 0x6f, 0x61, 0x63, 0x68, 0x65, 0x73, 0x2c
  .byte 0x20, 0x75, 0x73, 0x65, 0x73, 0x20, 0x75, 0x70, 0x20, 0x74, 0x6f, 0x20, 0x36, 0x37, 0x25, 0x20
  .byte 0x66, 0x65, 0x77, 0x65, 0x72, 0x20, 0x74, 0x6f, 0x6b, 0x65, 0x6e, 0x73, 0x2c, 0x20, 0x61, 0x6e
  .byte 0x64, 0x20, 0x77, 0x6f, 0x72, 0x6b, 0x73, 0x20, 0x77, 0x69, 0x74, 0x68, 0x20, 0x61, 0x6e, 0x79
  .byte 0x20, 0x4c, 0x4c, 0x4d, 0x20, 0x70, 0x72, 0x6f, 0x76, 0x69, 0x64, 0x65, 0x72, 0x2e, 0x22, 0x0a
  .byte 0x31, 0x30, 0x2e, 0x20, 0x45, 0x6d, 0x61, 0x69, 0x6c, 0x44, 0x69, 0x76, 0x69, 0x64, 0x65, 0x72
  .byte 0x0a, 0x31, 0x31, 0x2e, 0x20, 0x45, 0x6d, 0x61, 0x69, 0x6c, 0x53, 0x74, 0x61, 0x74, 0x73, 0x20
  .byte 0x77, 0x69, 0x74, 0x68, 0x20, 0x33, 0x20, 0x69, 0x74, 0x65, 0x6d, 0x73, 0x3a, 0x20, 0x28, 0x22
  .byte 0x33, 0x78, 0x22, 0x2c, 0x20, 0x22, 0x46, 0x61, 0x73, 0x74, 0x65, 0x72, 0x20, 0x52, 0x65, 0x6e
  .byte 0x64, 0x65, 0x72, 0x69, 0x6e, 0x67, 0x22, 0x29, 0x2c, 0x20, 0x28, 0x22, 0x36, 0x37, 0x25, 0x22
  .byte 0x2c, 0x20, 0x22, 0x46, 0x65, 0x77, 0x65, 0x72, 0x20, 0x54, 0x6f, 0x6b, 0x65, 0x6e, 0x73, 0x22
  .byte 0x29, 0x2c, 0x20, 0x28, 0x22, 0x30, 0x22, 0x2c, 0x20, 0x22, 0x41, 0x72, 0x62, 0x69, 0x74, 0x72
  .byte 0x61, 0x72, 0x79, 0x20, 0x43, 0x6f, 0x64, 0x65, 0x20, 0x45, 0x78, 0x65, 0x63, 0x75, 0x74, 0x69
  .byte 0x6f, 0x6e, 0x22, 0x29, 0x0a, 0x31, 0x32, 0x2e, 0x20, 0x45, 0x6d, 0x61, 0x69, 0x6c, 0x44, 0x69
  .byte 0x76, 0x69, 0x64, 0x65, 0x72, 0x0a, 0x31, 0x33, 0x2e, 0x20, 0x45, 0x6d, 0x61, 0x69, 0x6c, 0x46
  .byte 0x65, 0x61, 0x74, 0x75, 0x72, 0x65, 0x47, 0x72, 0x69, 0x64, 0x20, 0x74, 0x69, 0x74, 0x6c, 0x65
  .byte 0x64, 0x20, 0x22, 0x42, 0x75, 0x69, 0x6c, 0x74, 0x20, 0x66, 0x6f, 0x72, 0x20, 0x74, 0x68, 0x65
  .byte 0x20, 0x6d, 0x6f, 0x64, 0x65, 0x72, 0x6e, 0x20, 0x41, 0x49, 0x20, 0x73, 0x74, 0x61, 0x63, 0x6b
  .byte 0x22, 0x20, 0x77, 0x69, 0x74, 0x68, 0x20, 0x64, 0x65, 0x73, 0x63, 0x72, 0x69, 0x70, 0x74, 0x69
  .byte 0x6f, 0x6e, 0x20, 0x22, 0x45, 0x76, 0x65, 0x72, 0x79, 0x74, 0x68, 0x69, 0x6e, 0x67, 0x20, 0x79
  .byte 0x6f, 0x75, 0x20, 0x6e, 0x65, 0x65, 0x64, 0x20, 0x74, 0x6f, 0x20, 0x73, 0x68, 0x69, 0x70, 0x20
  .byte 0x67, 0x65, 0x6e, 0x65, 0x72, 0x61, 0x74, 0x69, 0x76, 0x65, 0x20, 0x55, 0x49, 0x20, 0x65, 0x78
  .byte 0x70, 0x65, 0x72, 0x69, 0x65, 0x6e, 0x63, 0x65, 0x73, 0x2e, 0x22, 0x20, 0x61, 0x6e, 0x64, 0x20
  .byte 0x34, 0x20, 0x69, 0x74, 0x65, 0x6d, 0x73, 0x3a, 0x0a, 0x20, 0x20, 0x20, 0x20, 0x2d, 0x20, 0x28
  .byte 0x68, 0x74, 0x74, 0x70, 0x73, 0x3a, 0x2f, 0x2f, 0x72, 0x65, 0x61, 0x63, 0x74, 0x2e, 0x64, 0x65
  .byte 0x76, 0x2f, 0x66, 0x61, 0x76, 0x69, 0x63, 0x6f, 0x6e, 0x2d, 0x33, 0x32, 0x78, 0x33, 0x32, 0x2e
  .byte 0x70, 0x6e, 0x67, 0x2c, 0x20, 0x22, 0x52, 0x65, 0x61, 0x63, 0x74, 0x22, 0x2c, 0x20, 0x22, 0x52
  .byte 0x65, 0x61, 0x63, 0x74, 0x20, 0x43, 0x6f, 0x6d, 0x70, 0x6f, 0x6e, 0x65, 0x6e, 0x74, 0x73, 0x22
  .byte 0x2c, 0x20, 0x22, 0x34, 0x30, 0x2b, 0x20, 0x70, 0x72, 0x6f, 0x64, 0x75, 0x63, 0x74, 0x69, 0x6f
  .byte 0x6e, 0x2d, 0x72, 0x65, 0x61, 0x64, 0x79, 0x20, 0x63, 0x6f, 0x6d, 0x70, 0x6f, 0x6e, 0x65, 0x6e
  .byte 0x74, 0x73, 0x20, 0x77, 0x69, 0x74, 0x68, 0x20, 0x64, 0x65, 0x66, 0x69, 0x6e, 0x65, 0x43, 0x6f
  .byte 0x6d, 0x70, 0x6f, 0x6e, 0x65, 0x6e, 0x74, 0x20, 0x61, 0x6e, 0x64, 0x20, 0x5a, 0x6f, 0x64, 0x2d
  .byte 0x70, 0x6f, 0x77, 0x65, 0x72, 0x65, 0x64, 0x20, 0x74, 0x79, 0x70, 0x65, 0x20, 0x73, 0x61, 0x66
  .byte 0x65, 0x74, 0x79, 0x2e, 0x22, 0x29, 0x0a, 0x20, 0x20, 0x20, 0x20, 0x2d, 0x20, 0x28, 0x68, 0x74
  .byte 0x74, 0x70, 0x73, 0x3a, 0x2f, 0x2f, 0x6f, 0x70, 0x65, 0x6e, 0x61, 0x69, 0x2e, 0x63, 0x6f, 0x6d
  .byte 0x2f, 0x66, 0x61, 0x76, 0x69, 0x63, 0x6f, 0x6e, 0x2e, 0x69, 0x63, 0x6f, 0x2c, 0x20, 0x22, 0x41
  .byte 0x49, 0x22, 0x2c, 0x20, 0x22, 0x41, 0x6e, 0x79, 0x20, 0x4c, 0x4c, 0x4d, 0x20, 0x50, 0x72, 0x6f
  .byte 0x76, 0x69, 0x64, 0x65, 0x72, 0x22, 0x2c, 0x20, 0x22, 0x4f, 0x70, 0x65, 0x6e, 0x41, 0x49, 0x2c
  .byte 0x20, 0x41, 0x6e, 0x74, 0x68, 0x72, 0x6f, 0x70, 0x69, 0x63, 0x2c, 0x20, 0x47, 0x65, 0x6d, 0x69
  .byte 0x6e, 0x69, 0x2c, 0x20, 0x4d, 0x69, 0x73, 0x74, 0x72, 0x61, 0x6c, 0x20, 0xe2, 0x80, 0x94, 0x20
  .byte 0x77, 0x6f, 0x72, 0x6b, 0x73, 0x20, 0x77, 0x69, 0x74, 0x68, 0x20, 0x61, 0x6e, 0x79, 0x20, 0x4f
  .byte 0x70, 0x65, 0x6e, 0x41, 0x49, 0x2d, 0x63, 0x6f, 0x6d, 0x70, 0x61, 0x74, 0x69, 0x62, 0x6c, 0x65
  .byte 0x20, 0x41, 0x50, 0x49, 0x2e, 0x22, 0x29, 0x0a, 0x20, 0x20, 0x20, 0x20, 0x2d, 0x20, 0x28, 0x68
  .byte 0x74, 0x74, 0x70, 0x73, 0x3a, 0x2f, 0x2f, 0x77, 0x77, 0x77, 0x2e, 0x74, 0x79, 0x70, 0x65, 0x73
  .byte 0x63, 0x72, 0x69, 0x70, 0x74, 0x6c, 0x61, 0x6e, 0x67, 0x2e, 0x6f, 0x72, 0x67, 0x2f, 0x66, 0x61
  .byte 0x76, 0x69, 0x63, 0x6f, 0x6e, 0x2d, 0x33, 0x32, 0x78, 0x33, 0x32, 0x2e, 0x70, 0x6e, 0x67, 0x2c
  .byte 0x20, 0x22, 0x54, 0x79, 0x70, 0x65, 0x53, 0x63, 0x72, 0x69, 0x70, 0x74, 0x22, 0x2c, 0x20, 0x22
  .byte 0x4f, 0x70, 0x65, 0x6e, 0x55, 0x49, 0x20, 0x4c, 0x61, 0x6e, 0x67, 0x22, 0x2c, 0x20, 0x22, 0x41
  .byte 0x20, 0x73, 0x70, 0x65, 0x63, 0x69, 0x61, 0x6c, 0x69, 0x7a, 0x65, 0x64, 0x20, 0x66, 0x6f, 0x72
  .byte 0x6d, 0x61, 0x74, 0x20, 0x74, 0x68, 0x61, 0x74, 0x20, 0x4c, 0x4c, 0x4d, 0x73, 0x20, 0x67, 0x65
  .byte 0x6e, 0x65, 0x72, 0x61, 0x74, 0x65, 0x20, 0x6e, 0x61, 0x74, 0x69, 0x76, 0x65, 0x6c, 0x79, 0x20
  .byte 0xe2, 0x80, 0x94, 0x20, 0x6e, 0x6f, 0x20, 0x4a, 0x53, 0x4f, 0x4e, 0x20, 0x70, 0x61, 0x72, 0x73
  .byte 0x69, 0x6e, 0x67, 0x2c, 0x20, 0x6e, 0x6f, 0x20, 0x70, 0x72, 0x6f, 0x6d, 0x70, 0x74, 0x20, 0x68
  .byte 0x61, 0x63, 0x6b, 0x73, 0x2e, 0x22, 0x29, 0x0a, 0x20, 0x20, 0x20, 0x20, 0x2d, 0x20, 0x28, 0x68
  .byte 0x74, 0x74, 0x70, 0x73, 0x3a, 0x2f, 0x2f, 0x76, 0x65, 0x72, 0x63, 0x65, 0x6c, 0x2e, 0x63, 0x6f
  .byte 0x6d, 0x2f, 0x66, 0x61, 0x76, 0x69, 0x63, 0x6f, 0x6e, 0x2e, 0x69, 0x63, 0x6f, 0x2c, 0x20, 0x22
  .byte 0x44, 0x65, 0x70, 0x6c, 0x6f, 0x79, 0x22, 0x2c, 0x20, 0x22, 0x43, 0x68, 0x61, 0x74, 0x20, 0x53
  .byte 0x44, 0x4b, 0x20, 0x49, 0x6e, 0x63, 0x6c, 0x75, 0x64, 0x65, 0x64, 0x22, 0x2c, 0x20, 0x22, 0x44
  .byte 0x72, 0x6f, 0x70, 0x2d, 0x69, 0x6e, 0x20, 0x43, 0x6f, 0x70, 0x69, 0x6c, 0x6f, 0x74, 0x2c, 0x20
  .byte 0x46, 0x75, 0x6c, 0x6c, 0x53, 0x63, 0x72, 0x65, 0x65, 0x6e, 0x2c, 0x20, 0x61, 0x6e, 0x64, 0x20
  .byte 0x42, 0x6f, 0x74, 0x74, 0x6f, 0x6d, 0x54, 0x72, 0x61, 0x79, 0x20, 0x6c, 0x61, 0x79, 0x6f, 0x75
  .byte 0x74, 0x73, 0x20, 0x77, 0x69, 0x74, 0x68, 0x20, 0x73, 0x74, 0x72, 0x65, 0x61, 0x6d, 0x69, 0x6e
  .byte 0x67, 0x20, 0x61, 0x6e, 0x64, 0x20, 0x70, 0x65, 0x72, 0x73, 0x69, 0x73, 0x74, 0x65, 0x6e, 0x63
  .byte 0x65, 0x2e, 0x22, 0x29, 0x0a, 0x31, 0x34, 0x2e, 0x20, 0x45, 0x6d, 0x61, 0x69, 0x6c, 0x44, 0x69
  .byte 0x76, 0x69, 0x64, 0x65, 0x72, 0x0a, 0x31, 0x35, 0x2e, 0x20, 0x45, 0x6d, 0x61, 0x69, 0x6c, 0x43
  .byte 0x6f, 0x64, 0x65, 0x42, 0x6c, 0x6f, 0x63, 0x6b, 0x20, 0x77, 0x69, 0x74, 0x68, 0x20, 0x74, 0x68
  .byte 0x69, 0x73, 0x20, 0x63, 0x6f, 0x64, 0x65, 0x3a, 0x0a, 0x20, 0x20, 0x20, 0x20, 0x22, 0x69, 0x6d
  .byte 0x70, 0x6f, 0x72, 0x74, 0x20, 0x7b, 0x20, 0x64, 0x65, 0x66, 0x69, 0x6e, 0x65, 0x43, 0x6f, 0x6d
  .byte 0x70, 0x6f, 0x6e, 0x65, 0x6e, 0x74, 0x20, 0x7d, 0x20, 0x66, 0x72, 0x6f, 0x6d, 0x20, 0x27, 0x40
  .byte 0x6f, 0x70, 0x65, 0x6e, 0x75, 0x69, 0x64, 0x65, 0x76, 0x2f, 0x72, 0x65, 0x61, 0x63, 0x74, 0x2d
  .byte 0x6c, 0x61, 0x6e, 0x67, 0x27, 0x3b, 0x5c, 0x5c, 0x6e, 0x69, 0x6d, 0x70, 0x6f, 0x72, 0x74, 0x20
  .byte 0x7b, 0x20, 0x7a, 0x20, 0x7d, 0x20, 0x66, 0x72, 0x6f, 0x6d, 0x20, 0x27, 0x7a, 0x6f, 0x64, 0x27
  .byte 0x3b, 0x5c, 0x5c, 0x6e, 0x5c, 0x5c, 0x6e, 0x65, 0x78, 0x70, 0x6f, 0x72, 0x74, 0x20, 0x63, 0x6f
  .byte 0x6e, 0x73, 0x74, 0x20, 0x57, 0x65, 0x61, 0x74, 0x68, 0x65, 0x72, 0x43, 0x61, 0x72, 0x64, 0x20
  .byte 0x3d, 0x20, 0x64, 0x65, 0x66, 0x69, 0x6e, 0x65, 0x43, 0x6f, 0x6d, 0x70, 0x6f, 0x6e, 0x65, 0x6e
  .byte 0x74, 0x28, 0x7b, 0x5c, 0x5c, 0x6e, 0x20, 0x20, 0x6e, 0x61, 0x6d, 0x65, 0x3a, 0x20, 0x27, 0x57
  .byte 0x65, 0x61, 0x74, 0x68, 0x65, 0x72, 0x43, 0x61, 0x72, 0x64, 0x27, 0x2c, 0x5c, 0x5c, 0x6e, 0x20
  .byte 0x20, 0x70, 0x72, 0x6f, 0x70, 0x73, 0x3a, 0x20, 0x7a, 0x2e, 0x6f, 0x62, 0x6a, 0x65, 0x63, 0x74
  .byte 0x28, 0x7b, 0x5c, 0x5c, 0x6e, 0x20, 0x20, 0x20, 0x20, 0x63, 0x69, 0x74, 0x79, 0x3a, 0x20, 0x7a
  .byte 0x2e, 0x73, 0x74, 0x72, 0x69, 0x6e, 0x67, 0x28, 0x29, 0x2c, 0x5c, 0x5c, 0x6e, 0x20, 0x20, 0x20
  .byte 0x20, 0x74, 0x65, 0x6d, 0x70, 0x3a, 0x20, 0x7a, 0x2e, 0x6e, 0x75, 0x6d, 0x62, 0x65, 0x72, 0x28
  .byte 0x29, 0x2c, 0x5c, 0x5c, 0x6e, 0x20, 0x20, 0x20, 0x20, 0x63, 0x6f, 0x6e, 0x64, 0x69, 0x74, 0x69
  .byte 0x6f, 0x6e, 0x3a, 0x20, 0x7a, 0x2e, 0x73, 0x74, 0x72, 0x69, 0x6e, 0x67, 0x28, 0x29, 0x2c, 0x5c
  .byte 0x5c, 0x6e, 0x20, 0x20, 0x7d, 0x29, 0x2c, 0x5c, 0x5c, 0x6e, 0x20, 0x20, 0x64, 0x65, 0x73, 0x63
  .byte 0x72, 0x69, 0x70, 0x74, 0x69, 0x6f, 0x6e, 0x3a, 0x20, 0x27, 0x53, 0x68, 0x6f, 0x77, 0x73, 0x20
  .byte 0x63, 0x75, 0x72, 0x72, 0x65, 0x6e, 0x74, 0x20, 0x77, 0x65, 0x61, 0x74, 0x68, 0x65, 0x72, 0x20
  .byte 0x66, 0x6f, 0x72, 0x20, 0x61, 0x20, 0x63, 0x69, 0x74, 0x79, 0x27, 0x2c, 0x5c, 0x5c, 0x6e, 0x20
  .byte 0x20, 0x63, 0x6f, 0x6d, 0x70, 0x6f, 0x6e, 0x65, 0x6e, 0x74, 0x3a, 0x20, 0x28, 0x7b, 0x20, 0x70
  .byte 0x72, 0x6f, 0x70, 0x73, 0x20, 0x7d, 0x29, 0x20, 0x3d, 0x3e, 0x20, 0x28, 0x5c, 0x5c, 0x6e, 0x20
  .byte 0x20, 0x20, 0x20, 0x3c, 0x64, 0x69, 0x76, 0x3e, 0x5c, 0x5c, 0x6e, 0x20, 0x20, 0x20, 0x20, 0x20
  .byte 0x20, 0x3c, 0x68, 0x33, 0x3e, 0x7b, 0x70, 0x72, 0x6f, 0x70, 0x73, 0x2e, 0x63, 0x69, 0x74, 0x79
  .byte 0x7d, 0x3c, 0x2f, 0x68, 0x33, 0x3e, 0x5c, 0x5c, 0x6e, 0x20, 0x20, 0x20, 0x20, 0x20, 0x20, 0x3c
  .byte 0x70, 0x3e, 0x7b, 0x70, 0x72, 0x6f, 0x70, 0x73, 0x2e, 0x74, 0x65, 0x6d, 0x70, 0x7d, 0xc2, 0xb0
  .byte 0x20, 0xe2, 0x80, 0x94, 0x20, 0x7b, 0x70, 0x72, 0x6f, 0x70, 0x73, 0x2e, 0x63, 0x6f, 0x6e, 0x64
  .byte 0x69, 0x74, 0x69, 0x6f, 0x6e, 0x7d, 0x3c, 0x2f, 0x70, 0x3e, 0x5c, 0x5c, 0x6e, 0x20, 0x20, 0x20
  .byte 0x20, 0x3c, 0x2f, 0x64, 0x69, 0x76, 0x3e, 0x5c, 0x5c, 0x6e, 0x20, 0x20, 0x29, 0x2c, 0x5c, 0x5c
  .byte 0x6e, 0x7d, 0x29, 0x3b, 0x22, 0x0a, 0x20, 0x20, 0x20, 0x20, 0x77, 0x69, 0x74, 0x68, 0x20, 0x6c
  .byte 0x61, 0x6e, 0x67, 0x75, 0x61, 0x67, 0x65, 0x20, 0x22, 0x74, 0x79, 0x70, 0x65, 0x73, 0x63, 0x72
  .byte 0x69, 0x70, 0x74, 0x22, 0x0a, 0x31, 0x36, 0x2e, 0x20, 0x45, 0x6d, 0x61, 0x69, 0x6c, 0x44, 0x69
  .byte 0x76, 0x69, 0x64, 0x65, 0x72, 0x0a, 0x31, 0x37, 0x2e, 0x20, 0x45, 0x6d, 0x61, 0x69, 0x6c, 0x46
  .byte 0x65, 0x61, 0x74, 0x75, 0x72, 0x65, 0x4c, 0x69, 0x73, 0x74, 0x20, 0x74, 0x69, 0x74, 0x6c, 0x65
  .byte 0x64, 0x20, 0x22, 0x48, 0x6f, 0x77, 0x20, 0x4f, 0x70, 0x65, 0x6e, 0x55, 0x49, 0x20, 0x77, 0x6f
  .byte 0x72, 0x6b, 0x73, 0x22, 0x20, 0x77, 0x69, 0x74, 0x68, 0x20, 0x64, 0x65, 0x73, 0x63, 0x72, 0x69
  .byte 0x70, 0x74, 0x69, 0x6f, 0x6e, 0x20, 0x22, 0x46, 0x72, 0x6f, 0x6d, 0x20, 0x63, 0x6f, 0x6d, 0x70
  .byte 0x6f, 0x6e, 0x65, 0x6e, 0x74, 0x20, 0x64, 0x65, 0x66, 0x69, 0x6e, 0x69, 0x74, 0x69, 0x6f, 0x6e
  .byte 0x20, 0x74, 0x6f, 0x20, 0x72, 0x65, 0x6e, 0x64, 0x65, 0x72, 0x65, 0x64, 0x20, 0x55, 0x49, 0x20
  .byte 0x69, 0x6e, 0x20, 0x34, 0x20, 0x73, 0x74, 0x65, 0x70, 0x73, 0x2e, 0x22, 0x20, 0x61, 0x6e, 0x64
  .byte 0x20, 0x33, 0x20, 0x69, 0x74, 0x65, 0x6d, 0x73, 0x3a, 0x0a, 0x20, 0x20, 0x20, 0x20, 0x2d, 0x20
  .byte 0x28, 0x68, 0x74, 0x74, 0x70, 0x73, 0x3a, 0x2f, 0x2f, 0x77, 0x77, 0x77, 0x2e, 0x6f, 0x70, 0x65
  .byte 0x6e, 0x75, 0x69, 0x2e, 0x63, 0x6f, 0x6d, 0x2f, 0x66, 0x61, 0x76, 0x69, 0x63, 0x6f, 0x6e, 0x2e
  .byte 0x73, 0x76, 0x67, 0x2c, 0x20, 0x22, 0x44, 0x65, 0x66, 0x69, 0x6e, 0x65, 0x22, 0x2c, 0x20, 0x22
  .byte 0x44, 0x65, 0x66, 0x69, 0x6e, 0x65, 0x20, 0x79, 0x6f, 0x75, 0x72, 0x20, 0x63, 0x6f, 0x6d, 0x70
  .byte 0x6f, 0x6e, 0x65, 0x6e, 0x74, 0x73, 0x22, 0x2c, 0x20, 0x22, 0x52, 0x65, 0x67, 0x69, 0x73, 0x74
  .byte 0x65, 0x72, 0x20, 0x63, 0x6f, 0x6d, 0x70, 0x6f, 0x6e, 0x65, 0x6e, 0x74, 0x73, 0x20, 0x77, 0x69
  .byte 0x74, 0x68, 0x20, 0x64, 0x65, 0x66, 0x69, 0x6e, 0x65, 0x43, 0x6f, 0x6d, 0x70, 0x6f, 0x6e, 0x65
  .byte 0x6e, 0x74, 0x20, 0x61, 0x6e, 0x64, 0x20, 0x5a, 0x6f, 0x64, 0x20, 0x73, 0x63, 0x68, 0x65, 0x6d
  .byte 0x61, 0x73, 0x2e, 0x20, 0x4f, 0x70, 0x65, 0x6e, 0x55, 0x49, 0x20, 0x67, 0x65, 0x6e, 0x65, 0x72
  .byte 0x61, 0x74, 0x65, 0x73, 0x20, 0x74, 0x68, 0x65, 0x20, 0x73, 0x79, 0x73, 0x74, 0x65, 0x6d, 0x20
  .byte 0x70, 0x72, 0x6f, 0x6d, 0x70, 0x74, 0x20, 0x61, 0x75, 0x74, 0x6f, 0x6d, 0x61, 0x74, 0x69, 0x63
  .byte 0x61, 0x6c, 0x6c, 0x79, 0x2e, 0x22, 0x29, 0x0a, 0x20, 0x20, 0x20, 0x20, 0x2d, 0x20, 0x28, 0x68
  .byte 0x74, 0x74, 0x70, 0x73, 0x3a, 0x2f, 0x2f, 0x77, 0x77, 0x77, 0x2e, 0x6f, 0x70, 0x65, 0x6e, 0x75
  .byte 0x69, 0x2e, 0x63, 0x6f, 0x6d, 0x2f, 0x66, 0x61, 0x76, 0x69, 0x63, 0x6f, 0x6e, 0x2e, 0x73, 0x76
  .byte 0x67, 0x2c, 0x20, 0x22, 0x47, 0x65, 0x6e, 0x65, 0x72, 0x61, 0x74, 0x65, 0x22, 0x2c, 0x20, 0x22
  .byte 0x4c, 0x4c, 0x4d, 0x20, 0x67, 0x65, 0x6e, 0x65, 0x72, 0x61, 0x74, 0x65, 0x73, 0x20, 0x4f, 0x70
  .byte 0x65, 0x6e, 0x55, 0x49, 0x20, 0x4c, 0x61, 0x6e, 0x67, 0x22, 0x2c, 0x20, 0x22, 0x54, 0x68, 0x65
  .byte 0x20, 0x41, 0x49, 0x20, 0x72, 0x65, 0x73, 0x70, 0x6f, 0x6e, 0x64, 0x73, 0x20, 0x69, 0x6e, 0x20
  .byte 0x61, 0x20, 0x6c, 0x69, 0x67, 0x68, 0x74, 0x77, 0x65, 0x69, 0x67, 0x68, 0x74, 0x2c, 0x20, 0x74
  .byte 0x6f, 0x6b, 0x65, 0x6e, 0x2d, 0x65, 0x66, 0x66, 0x69, 0x63, 0x69, 0x65, 0x6e, 0x74, 0x20, 0x66
  .byte 0x6f, 0x72, 0x6d, 0x61, 0x74, 0x20, 0x70, 0x75, 0x72, 0x70, 0x6f, 0x73, 0x65, 0x2d, 0x62, 0x75
  .byte 0x69, 0x6c, 0x74, 0x20, 0x66, 0x6f, 0x72, 0x20, 0x55, 0x49, 0x20, 0x67, 0x65, 0x6e, 0x65, 0x72
  .byte 0x61, 0x74, 0x69, 0x6f, 0x6e, 0x2e, 0x22, 0x29, 0x0a, 0x20, 0x20, 0x20, 0x20, 0x2d, 0x20, 0x28
  .byte 0x68, 0x74, 0x74, 0x70, 0x73, 0x3a, 0x2f, 0x2f, 0x77, 0x77, 0x77, 0x2e, 0x6f, 0x70, 0x65, 0x6e
  .byte 0x75, 0x69, 0x2e, 0x63, 0x6f, 0x6d, 0x2f, 0x66, 0x61, 0x76, 0x69, 0x63, 0x6f, 0x6e, 0x2e, 0x73
  .byte 0x76, 0x67, 0x2c, 0x20, 0x22, 0x52, 0x65, 0x6e, 0x64, 0x65, 0x72, 0x22, 0x2c, 0x20, 0x22, 0x52
  .byte 0x65, 0x6e, 0x64, 0x65, 0x72, 0x20, 0x69, 0x6e, 0x20, 0x72, 0x65, 0x61, 0x6c, 0x2d, 0x74, 0x69
  .byte 0x6d, 0x65, 0x22, 0x2c, 0x20, 0x22, 0x54, 0x68, 0x65, 0x20, 0x52, 0x65, 0x6e, 0x64, 0x65, 0x72
  .byte 0x65, 0x72, 0x20, 0x70, 0x61, 0x72, 0x73, 0x65, 0x73, 0x20, 0x61, 0x6e, 0x64, 0x20, 0x64, 0x69
  .byte 0x73, 0x70, 0x6c, 0x61, 0x79, 0x73, 0x20, 0x63, 0x6f, 0x6d, 0x70, 0x6f, 0x6e, 0x65, 0x6e, 0x74
  .byte 0x73, 0x20, 0x77, 0x69, 0x74, 0x68, 0x20, 0x73, 0x74, 0x72, 0x65, 0x61, 0x6d, 0x69, 0x6e, 0x67
  .byte 0x20, 0x73, 0x75, 0x70, 0x70, 0x6f, 0x72, 0x74, 0x20, 0xe2, 0x80, 0x94, 0x20, 0x6e, 0x6f, 0x20
  .byte 0x66, 0x6c, 0x61, 0x73, 0x68, 0x20, 0x6f, 0x66, 0x20, 0x65, 0x6d, 0x70, 0x74, 0x79, 0x20, 0x63
  .byte 0x6f, 0x6e, 0x74, 0x65, 0x6e, 0x74, 0x2e, 0x22, 0x29, 0x0a, 0x31, 0x38, 0x2e, 0x20, 0x45, 0x6d
  .byte 0x61, 0x69, 0x6c, 0x44, 0x69, 0x76, 0x69, 0x64, 0x65, 0x72, 0x0a, 0x31, 0x39, 0x2e, 0x20, 0x45
  .byte 0x6d, 0x61, 0x69, 0x6c, 0x4c, 0x69, 0x73, 0x74, 0x20, 0x74, 0x69, 0x74, 0x6c, 0x65, 0x64, 0x20
  .byte 0x22, 0x47, 0x65, 0x74, 0x20, 0x73, 0x74, 0x61, 0x72, 0x74, 0x65, 0x64, 0x20, 0x69, 0x6e, 0x20
  .byte 0x33, 0x20, 0x73, 0x74, 0x65, 0x70, 0x73, 0x22, 0x20, 0x77, 0x69, 0x74, 0x68, 0x20, 0x33, 0x20
  .byte 0x69, 0x74, 0x65, 0x6d, 0x73, 0x3a, 0x0a, 0x20, 0x20, 0x20, 0x20, 0x2d, 0x20, 0x22, 0x53, 0x63
  .byte 0x61, 0x66, 0x66, 0x6f, 0x6c, 0x64, 0x20, 0x79, 0x6f, 0x75, 0x72, 0x20, 0x70, 0x72, 0x6f, 0x6a
  .byte 0x65, 0x63, 0x74, 0x22, 0x20, 0x2f, 0x20, 0x22, 0x52, 0x75, 0x6e, 0x20, 0x6e, 0x70, 0x78, 0x20
  .byte 0x40, 0x6f, 0x70, 0x65, 0x6e, 0x75, 0x69, 0x64, 0x65, 0x76, 0x2f, 0x63, 0x6c, 0x69, 0x20, 0x63
  .byte 0x72, 0x65, 0x61, 0x74, 0x65, 0x20, 0x74, 0x6f, 0x20, 0x73, 0x65, 0x74, 0x20, 0x75, 0x70, 0x20
  .byte 0x61, 0x20, 0x6e, 0x65, 0x77, 0x20, 0x70, 0x72, 0x6f, 0x6a, 0x65, 0x63, 0x74, 0x20, 0x77, 0x69
  .byte 0x74, 0x68, 0x20, 0x52, 0x65, 0x61, 0x63, 0x74, 0x2c, 0x20, 0x54, 0x79, 0x70, 0x65, 0x53, 0x63
  .byte 0x72, 0x69, 0x70, 0x74, 0x2c, 0x20, 0x61, 0x6e, 0x64, 0x20, 0x79, 0x6f, 0x75, 0x72, 0x20, 0x63
  .byte 0x68, 0x6f, 0x69, 0x63, 0x65, 0x20, 0x6f, 0x66, 0x20, 0x4c, 0x4c, 0x4d, 0x20, 0x70, 0x72, 0x6f
  .byte 0x76, 0x69, 0x64, 0x65, 0x72, 0x2e, 0x22, 0x0a, 0x20, 0x20, 0x20, 0x20, 0x2d, 0x20, 0x22, 0x44
  .byte 0x65, 0x66, 0x69, 0x6e, 0x65, 0x20, 0x79, 0x6f, 0x75, 0x72, 0x20, 0x63, 0x6f, 0x6d, 0x70, 0x6f
  .byte 0x6e, 0x65, 0x6e, 0x74, 0x20, 0x6c, 0x69, 0x62, 0x72, 0x61, 0x72, 0x79, 0x22, 0x20, 0x2f, 0x20
  .byte 0x22, 0x55, 0x73, 0x65, 0x20, 0x64, 0x65, 0x66, 0x69, 0x6e, 0x65, 0x43, 0x6f, 0x6d, 0x70, 0x6f
  .byte 0x6e, 0x65, 0x6e, 0x74, 0x20, 0x77, 0x69, 0x74, 0x68, 0x20, 0x5a, 0x6f, 0x64, 0x20, 0x73, 0x63
  .byte 0x68, 0x65, 0x6d, 0x61, 0x73, 0x2e, 0x20, 0x47, 0x72, 0x6f, 0x75, 0x70, 0x20, 0x74, 0x68, 0x65
  .byte 0x6d, 0x20, 0x77, 0x69, 0x74, 0x68, 0x20, 0x63, 0x72, 0x65, 0x61, 0x74, 0x65, 0x4c, 0x69, 0x62
  .byte 0x72, 0x61, 0x72, 0x79, 0x2e, 0x20, 0x4f, 0x70, 0x65, 0x6e, 0x55, 0x49, 0x20, 0x68, 0x61, 0x6e
  .byte 0x64, 0x6c, 0x65, 0x73, 0x20, 0x74, 0x68, 0x65, 0x20, 0x73, 0x79, 0x73, 0x74, 0x65, 0x6d, 0x20
  .byte 0x70, 0x72, 0x6f, 0x6d, 0x70, 0x74, 0x2e, 0x22, 0x0a, 0x20, 0x20, 0x20, 0x20, 0x2d, 0x20, 0x22
  .byte 0x43, 0x6f, 0x6e, 0x6e, 0x65, 0x63, 0x74, 0x20, 0x61, 0x6e, 0x64, 0x20, 0x73, 0x68, 0x69, 0x70
  .byte 0x22, 0x20, 0x2f, 0x20, 0x22, 0x50, 0x6f, 0x69, 0x6e, 0x74, 0x20, 0x74, 0x6f, 0x20, 0x61, 0x6e
  .byte 0x79, 0x20, 0x4f, 0x70, 0x65, 0x6e, 0x41, 0x49, 0x2d, 0x63, 0x6f, 0x6d, 0x70, 0x61, 0x74, 0x69
  .byte 0x62, 0x6c, 0x65, 0x20, 0x41, 0x50, 0x49, 0x2e, 0x20, 0x44, 0x72, 0x6f, 0x70, 0x20, 0x69, 0x6e
  .byte 0x20, 0x61, 0x20, 0x43, 0x68, 0x61, 0x74, 0x20, 0x6c, 0x61, 0x79, 0x6f, 0x75, 0x74, 0x20, 0x6f
  .byte 0x72, 0x20, 0x75, 0x73, 0x65, 0x20, 0x74, 0x68, 0x65, 0x20, 0x68, 0x65, 0x61, 0x64, 0x6c, 0x65
  .byte 0x73, 0x73, 0x20, 0x75, 0x73, 0x65, 0x43, 0x68, 0x61, 0x74, 0x20, 0x68, 0x6f, 0x6f, 0x6b, 0x2e
  .byte 0x20, 0x44, 0x65, 0x70, 0x6c, 0x6f, 0x79, 0x20, 0x61, 0x6e, 0x79, 0x77, 0x68, 0x65, 0x72, 0x65
  .byte 0x2e, 0x22, 0x0a, 0x32, 0x30, 0x2e, 0x20, 0x45, 0x6d, 0x61, 0x69, 0x6c, 0x44, 0x69, 0x76, 0x69
  .byte 0x64, 0x65, 0x72, 0x0a, 0x32, 0x31, 0x2e, 0x20, 0x45, 0x6d, 0x61, 0x69, 0x6c, 0x50, 0x72, 0x69
  .byte 0x63, 0x69, 0x6e, 0x67, 0x43, 0x61, 0x72, 0x64, 0x20, 0x77, 0x69, 0x74, 0x68, 0x20, 0x62, 0x61
  .byte 0x64, 0x67, 0x65, 0x20, 0x22, 0x4f, 0x50, 0x45, 0x4e, 0x20, 0x53, 0x4f, 0x55, 0x52, 0x43, 0x45
  .byte 0x22, 0x2c, 0x20, 0x70, 0x72, 0x69, 0x63, 0x65, 0x20, 0x22, 0x24, 0x30, 0x22, 0x2c, 0x20, 0x70
  .byte 0x65, 0x72, 0x69, 0x6f, 0x64, 0x20, 0x22, 0x2f, 0x20, 0x66, 0x6f, 0x72, 0x65, 0x76, 0x65, 0x72
  .byte 0x22, 0x2c, 0x20, 0x64, 0x65, 0x73, 0x63, 0x72, 0x69, 0x70, 0x74, 0x69, 0x6f, 0x6e, 0x20, 0x22
  .byte 0x4f, 0x70, 0x65, 0x6e, 0x55, 0x49, 0x20, 0x69, 0x73, 0x20, 0x66, 0x75, 0x6c, 0x6c, 0x79, 0x20
  .byte 0x6f, 0x70, 0x65, 0x6e, 0x20, 0x73, 0x6f, 0x75, 0x72, 0x63, 0x65, 0x20, 0x75, 0x6e, 0x64, 0x65
  .byte 0x72, 0x20, 0x4d, 0x49, 0x54, 0x20, 0x6c, 0x69, 0x63, 0x65, 0x6e, 0x73, 0x65, 0x2e, 0x20, 0x4e
  .byte 0x6f, 0x20, 0x76, 0x65, 0x6e, 0x64, 0x6f, 0x72, 0x20, 0x6c, 0x6f, 0x63, 0x6b, 0x2d, 0x69, 0x6e
  .byte 0x2c, 0x20, 0x6e, 0x6f, 0x20, 0x75, 0x73, 0x61, 0x67, 0x65, 0x20, 0x6c, 0x69, 0x6d, 0x69, 0x74
  .byte 0x73, 0x2c, 0x20, 0x6e, 0x6f, 0x20, 0x65, 0x6e, 0x74, 0x65, 0x72, 0x70, 0x72, 0x69, 0x73, 0x65
  .byte 0x20, 0x67, 0x61, 0x74, 0x65, 0x73, 0x2e, 0x22, 0x2c, 0x20, 0x66, 0x65, 0x61, 0x74, 0x75, 0x72
  .byte 0x65, 0x73, 0x3a, 0x20, 0x22, 0x55, 0x6e, 0x6c, 0x69, 0x6d, 0x69, 0x74, 0x65, 0x64, 0x20, 0x63
  .byte 0x6f, 0x6d, 0x70, 0x6f, 0x6e, 0x65, 0x6e, 0x74, 0x73, 0x20, 0x26, 0x20, 0x6c, 0x69, 0x62, 0x72
  .byte 0x61, 0x72, 0x69, 0x65, 0x73, 0x22, 0x2c, 0x20, 0x22, 0x41, 0x6c, 0x6c, 0x20, 0x4c, 0x4c, 0x4d
  .byte 0x20, 0x70, 0x72, 0x6f, 0x76, 0x69, 0x64, 0x65, 0x72, 0x73, 0x20, 0x73, 0x75, 0x70, 0x70, 0x6f
  .byte 0x72, 0x74, 0x65, 0x64, 0x22, 0x2c, 0x20, 0x22, 0x43, 0x6f, 0x6d, 0x6d, 0x65, 0x72, 0x63, 0x69
  .byte 0x61, 0x6c, 0x20, 0x75, 0x73, 0x65, 0x20, 0xe2, 0x80, 0x94, 0x20, 0x4d, 0x49, 0x54, 0x20, 0x6c
  .byte 0x69, 0x63, 0x65, 0x6e, 0x73, 0x65, 0x22, 0x2c, 0x20, 0x22, 0x43, 0x6f, 0x6d, 0x6d, 0x75, 0x6e
  .byte 0x69, 0x74, 0x79, 0x20, 0x73, 0x75, 0x70, 0x70, 0x6f, 0x72, 0x74, 0x20, 0x6f, 0x6e, 0x20, 0x47
  .byte 0x69, 0x74, 0x48, 0x75, 0x62, 0x20, 0x26, 0x20, 0x44, 0x69, 0x73, 0x63, 0x6f, 0x72, 0x64, 0x22
  .byte 0x2c, 0x20, 0x62, 0x75, 0x74, 0x74, 0x6f, 0x6e, 0x20, 0x22, 0x53, 0x74, 0x61, 0x72, 0x20, 0x6f
  .byte 0x6e, 0x20, 0x47, 0x69, 0x74, 0x48, 0x75, 0x62, 0x22, 0x20, 0x77, 0x69, 0x74, 0x68, 0x20, 0x68
  .byte 0x72, 0x65, 0x66, 0x20, 0x68, 0x74, 0x74, 0x70, 0x73, 0x3a, 0x2f, 0x2f, 0x67, 0x69, 0x74, 0x68
  .byte 0x75, 0x62, 0x2e, 0x63, 0x6f, 0x6d, 0x2f, 0x74, 0x68, 0x65, 0x73, 0x79, 0x73, 0x64, 0x65, 0x76
  .byte 0x2f, 0x6f, 0x70, 0x65, 0x6e, 0x75, 0x69, 0x20, 0x61, 0x6e, 0x64, 0x20, 0x63, 0x6f, 0x6c, 0x6f
  .byte 0x72, 0x20, 0x23, 0x35, 0x30, 0x44, 0x34, 0x45, 0x32, 0x0a, 0x32, 0x32, 0x2e, 0x20, 0x45, 0x6d
  .byte 0x61, 0x69, 0x6c, 0x54, 0x65, 0x73, 0x74, 0x69, 0x6d, 0x6f, 0x6e, 0x69, 0x61, 0x6c, 0x20, 0x77
  .byte 0x69, 0x74, 0x68, 0x20, 0x71, 0x75, 0x6f, 0x74, 0x65, 0x20, 0x22, 0x4f, 0x70, 0x65, 0x6e, 0x55
  .byte 0x49, 0x20, 0x63, 0x6f, 0x6d, 0x70, 0x6c, 0x65, 0x74, 0x65, 0x6c, 0x79, 0x20, 0x63, 0x68, 0x61
  .byte 0x6e, 0x67, 0x65, 0x64, 0x20, 0x68, 0x6f, 0x77, 0x20, 0x77, 0x65, 0x20, 0x62, 0x75, 0x69, 0x6c
  .byte 0x64, 0x20, 0x41, 0x49, 0x20, 0x66, 0x65, 0x61, 0x74, 0x75, 0x72, 0x65, 0x73, 0x2e, 0x20, 0x57
  .byte 0x65, 0x20, 0x77, 0x65, 0x6e, 0x74, 0x20, 0x66, 0x72, 0x6f, 0x6d, 0x20, 0x66, 0x72, 0x61, 0x67
  .byte 0x69, 0x6c, 0x65, 0x20, 0x4a, 0x53, 0x4f, 0x4e, 0x20, 0x70, 0x61, 0x72, 0x73, 0x69, 0x6e, 0x67
  .byte 0x20, 0x74, 0x6f, 0x20, 0x61, 0x20, 0x74, 0x79, 0x70, 0x65, 0x2d, 0x73, 0x61, 0x66, 0x65, 0x20
  .byte 0x63, 0x6f, 0x6d, 0x70, 0x6f, 0x6e, 0x65, 0x6e, 0x74, 0x20, 0x73, 0x79, 0x73, 0x74, 0x65, 0x6d
  .byte 0x20, 0x69, 0x6e, 0x20, 0x61, 0x20, 0x77, 0x65, 0x65, 0x6b, 0x65, 0x6e, 0x64, 0x2e, 0x20, 0x54
  .byte 0x68, 0x65, 0x20, 0x74, 0x6f, 0x6b, 0x65, 0x6e, 0x20, 0x73, 0x61, 0x76, 0x69, 0x6e, 0x67, 0x73
  .byte 0x20, 0x61, 0x6c, 0x6f, 0x6e, 0x65, 0x20, 0x6d, 0x61, 0x64, 0x65, 0x20, 0x69, 0x74, 0x20, 0x77
  .byte 0x6f, 0x72, 0x74, 0x68, 0x20, 0x73, 0x77, 0x69, 0x74, 0x63, 0x68, 0x69, 0x6e, 0x67, 0x2e, 0x22
  .byte 0x2c, 0x20, 0x61, 0x76, 0x61, 0x74, 0x61, 0x72, 0x20, 0x28, 0x68, 0x74, 0x74, 0x70, 0x73, 0x3a
  .byte 0x2f, 0x2f, 0x70, 0x69, 0x63, 0x73, 0x75, 0x6d, 0x2e, 0x70, 0x68, 0x6f, 0x74, 0x6f, 0x73, 0x2f
  .byte 0x73, 0x65, 0x65, 0x64, 0x2f, 0x64, 0x65, 0x76, 0x2d, 0x74, 0x65, 0x73, 0x74, 0x69, 0x6d, 0x6f
  .byte 0x6e, 0x69, 0x61, 0x6c, 0x2f, 0x31, 0x30, 0x30, 0x2f, 0x31, 0x30, 0x30, 0x2c, 0x20, 0x22, 0x41
  .byte 0x6c, 0x65, 0x78, 0x20, 0x52, 0x69, 0x76, 0x65, 0x72, 0x61, 0x22, 0x29, 0x2c, 0x20, 0x6e, 0x61
  .byte 0x6d, 0x65, 0x20, 0x22, 0x41, 0x6c, 0x65, 0x78, 0x20, 0x52, 0x69, 0x76, 0x65, 0x72, 0x61, 0x22
  .byte 0x2c, 0x20, 0x72, 0x6f, 0x6c, 0x65, 0x20, 0x22, 0x53, 0x74, 0x61, 0x66, 0x66, 0x20, 0x45, 0x6e
  .byte 0x67, 0x69, 0x6e, 0x65, 0x65, 0x72, 0x20, 0x61, 0x74, 0x20, 0x56, 0x65, 0x72, 0x63, 0x65, 0x6c
  .byte 0x22, 0x0a, 0x32, 0x34, 0x2e, 0x20, 0x45, 0x6d, 0x61, 0x69, 0x6c, 0x44, 0x69, 0x76, 0x69, 0x64
  .byte 0x65, 0x72, 0x0a, 0x32, 0x35, 0x2e, 0x20, 0x45, 0x6d, 0x61, 0x69, 0x6c, 0x43, 0x75, 0x73, 0x74
  .byte 0x6f, 0x6d, 0x65, 0x72, 0x52, 0x65, 0x76, 0x69, 0x65, 0x77, 0x20, 0x74, 0x69, 0x74, 0x6c, 0x65
  .byte 0x64, 0x20, 0x22, 0x4c, 0x6f, 0x76, 0x65, 0x64, 0x20, 0x62, 0x79, 0x20, 0x64, 0x65, 0x76, 0x65
  .byte 0x6c, 0x6f, 0x70, 0x65, 0x72, 0x73, 0x22, 0x20, 0x77, 0x69, 0x74, 0x68, 0x20, 0x74, 0x6f, 0x74
  .byte 0x61, 0x6c, 0x52, 0x65, 0x76, 0x69, 0x65, 0x77, 0x73, 0x20, 0x32, 0x38, 0x30, 0x30, 0x2c, 0x20
  .byte 0x72, 0x61, 0x74, 0x69, 0x6e, 0x67, 0x35, 0x3a, 0x20, 0x32, 0x32, 0x34, 0x30, 0x2c, 0x20, 0x72
  .byte 0x61, 0x74, 0x69, 0x6e, 0x67, 0x34, 0x3a, 0x20, 0x33, 0x39, 0x32, 0x2c, 0x20, 0x72, 0x61, 0x74
  .byte 0x69, 0x6e, 0x67, 0x33, 0x3a, 0x20, 0x31, 0x31, 0x32, 0x2c, 0x20, 0x72, 0x61, 0x74, 0x69, 0x6e
  .byte 0x67, 0x32, 0x3a, 0x20, 0x32, 0x38, 0x2c, 0x20, 0x72, 0x61, 0x74, 0x69, 0x6e, 0x67, 0x31, 0x3a
  .byte 0x20, 0x32, 0x38, 0x2c, 0x20, 0x62, 0x75, 0x74, 0x74, 0x6f, 0x6e, 0x20, 0x22, 0x4c, 0x65, 0x61
  .byte 0x76, 0x65, 0x20, 0x61, 0x20, 0x52, 0x65, 0x76, 0x69, 0x65, 0x77, 0x22, 0x2c, 0x20, 0x68, 0x72
  .byte 0x65, 0x66, 0x20, 0x68, 0x74, 0x74, 0x70, 0x73, 0x3a, 0x2f, 0x2f, 0x67, 0x69, 0x74, 0x68, 0x75
  .byte 0x62, 0x2e, 0x63, 0x6f, 0x6d, 0x2f, 0x74, 0x68, 0x65, 0x73, 0x79, 0x73, 0x64, 0x65, 0x76, 0x2f
  .byte 0x6f, 0x70, 0x65, 0x6e, 0x75, 0x69, 0x2c, 0x20, 0x63, 0x6f, 0x6c, 0x6f, 0x72, 0x20, 0x23, 0x35
  .byte 0x30, 0x44, 0x34, 0x45, 0x32, 0x0a, 0x32, 0x37, 0x2e, 0x20, 0x45, 0x6d, 0x61, 0x69, 0x6c, 0x53
  .byte 0x75, 0x72, 0x76, 0x65, 0x79, 0x52, 0x61, 0x74, 0x69, 0x6e, 0x67, 0x20, 0x77, 0x69, 0x74, 0x68
  .byte 0x20, 0x71, 0x75, 0x65, 0x73, 0x74, 0x69, 0x6f, 0x6e, 0x20, 0x22, 0x48, 0x6f, 0x77, 0x20, 0x77
  .byte 0x61, 0x73, 0x20, 0x79, 0x6f, 0x75, 0x72, 0x20, 0x65, 0x78, 0x70, 0x65, 0x72, 0x69, 0x65, 0x6e
  .byte 0x63, 0x65, 0x20, 0x77, 0x69, 0x74, 0x68, 0x20, 0x4f, 0x70, 0x65, 0x6e, 0x55, 0x49, 0x3f, 0x22
  .byte 0x20, 0x61, 0x6e, 0x64, 0x20, 0x64, 0x65, 0x73, 0x63, 0x72, 0x69, 0x70, 0x74, 0x69, 0x6f, 0x6e
  .byte 0x20, 0x22, 0x59, 0x6f, 0x75, 0x72, 0x20, 0x66, 0x65, 0x65, 0x64, 0x62, 0x61, 0x63, 0x6b, 0x20
  .byte 0x68, 0x65, 0x6c, 0x70, 0x73, 0x20, 0x75, 0x73, 0x20, 0x62, 0x75, 0x69, 0x6c, 0x64, 0x20, 0x61
  .byte 0x20, 0x62, 0x65, 0x74, 0x74, 0x65, 0x72, 0x20, 0x64, 0x65, 0x76, 0x65, 0x6c, 0x6f, 0x70, 0x65
  .byte 0x72, 0x20, 0x74, 0x6f, 0x6f, 0x6c, 0x2e, 0x22, 0x20, 0x61, 0x6e, 0x64, 0x20, 0x63, 0x6f, 0x6c
  .byte 0x6f, 0x72, 0x20, 0x23, 0x35, 0x30, 0x44, 0x34, 0x45, 0x32, 0x0a, 0x33, 0x31, 0x2e, 0x20, 0x45
  .byte 0x6d, 0x61, 0x69, 0x6c, 0x44, 0x69, 0x76, 0x69, 0x64, 0x65, 0x72, 0x0a, 0x33, 0x32, 0x2e, 0x20
  .byte 0x45, 0x6d, 0x61, 0x69, 0x6c, 0x46, 0x6f, 0x6f, 0x74, 0x65, 0x72, 0x43, 0x65, 0x6e, 0x74, 0x65
  .byte 0x72, 0x65, 0x64, 0x20, 0x77, 0x69, 0x74, 0x68, 0x20, 0x6c, 0x6f, 0x67, 0x6f, 0x20, 0x28, 0x68
  .byte 0x74, 0x74, 0x70, 0x73, 0x3a, 0x2f, 0x2f, 0x77, 0x77, 0x77, 0x2e, 0x6f, 0x70, 0x65, 0x6e, 0x75
  .byte 0x69, 0x2e, 0x63, 0x6f, 0x6d, 0x2f, 0x66, 0x61, 0x76, 0x69, 0x63, 0x6f, 0x6e, 0x2e, 0x73, 0x76
  .byte 0x67, 0x2c, 0x20, 0x22, 0x4f, 0x70, 0x65, 0x6e, 0x55, 0x49, 0x22, 0x29, 0x2c, 0x20, 0x63, 0x6f
  .byte 0x6d, 0x70, 0x61, 0x6e, 0x79, 0x20, 0x22, 0x4f, 0x70, 0x65, 0x6e, 0x55, 0x49, 0x22, 0x2c, 0x20
  .byte 0x74, 0x61, 0x67, 0x6c, 0x69, 0x6e, 0x65, 0x20, 0x22, 0x54, 0x68, 0x65, 0x20, 0x6f, 0x70, 0x65
  .byte 0x6e, 0x20, 0x73, 0x74, 0x61, 0x6e, 0x64, 0x61, 0x72, 0x64, 0x20, 0x66, 0x6f, 0x72, 0x20, 0x47
  .byte 0x65, 0x6e, 0x65, 0x72, 0x61, 0x74, 0x69, 0x76, 0x65, 0x20, 0x55, 0x49, 0x22, 0x2c, 0x20, 0x61
  .byte 0x64, 0x64, 0x72, 0x65, 0x73, 0x73, 0x20, 0x22, 0x42, 0x75, 0x69, 0x6c, 0x74, 0x20, 0x62, 0x79
  .byte 0x20, 0x54, 0x68, 0x65, 0x73, 0x79, 0x73, 0x20, 0xc2, 0xb7, 0x20, 0x53, 0x61, 0x6e, 0x20, 0x46
  .byte 0x72, 0x61, 0x6e, 0x63, 0x69, 0x73, 0x63, 0x6f, 0x2c, 0x20, 0x43, 0x41, 0x22, 0x2c, 0x20, 0x63
  .byte 0x6f, 0x6e, 0x74, 0x61, 0x63, 0x74, 0x20, 0x22, 0x68, 0x65, 0x6c, 0x6c, 0x6f, 0x40, 0x6f, 0x70
  .byte 0x65, 0x6e, 0x75, 0x69, 0x2e, 0x63, 0x6f, 0x6d, 0x22, 0x2c, 0x20, 0x61, 0x6e, 0x64, 0x20, 0x33
  .byte 0x20, 0x73, 0x6f, 0x63, 0x69, 0x61, 0x6c, 0x20, 0x69, 0x63, 0x6f, 0x6e, 0x73, 0x3a, 0x0a, 0x20
  .byte 0x20, 0x20, 0x20, 0x2d, 0x20, 0x28, 0x68, 0x74, 0x74, 0x70, 0x73, 0x3a, 0x2f, 0x2f, 0x72, 0x65
  .byte 0x61, 0x63, 0x74, 0x2e, 0x65, 0x6d, 0x61, 0x69, 0x6c, 0x2f, 0x73, 0x74, 0x61, 0x74, 0x69, 0x63
  .byte 0x2f, 0x66, 0x61, 0x63, 0x65, 0x62, 0x6f, 0x6f, 0x6b, 0x2d, 0x6c, 0x6f, 0x67, 0x6f, 0x2e, 0x70
  .byte 0x6e, 0x67, 0x2c, 0x20, 0x22, 0x46, 0x61, 0x63, 0x65, 0x62, 0x6f, 0x6f, 0x6b, 0x22, 0x2c, 0x20
  .byte 0x68, 0x74, 0x74, 0x70, 0x73, 0x3a, 0x2f, 0x2f, 0x66, 0x61, 0x63, 0x65, 0x62, 0x6f, 0x6f, 0x6b
  .byte 0x2e, 0x63, 0x6f, 0x6d, 0x2f, 0x6f, 0x70, 0x65, 0x6e, 0x75, 0x69, 0x29, 0x0a, 0x20, 0x20, 0x20
  .byte 0x20, 0x2d, 0x20, 0x28, 0x68, 0x74, 0x74, 0x70, 0x73, 0x3a, 0x2f, 0x2f, 0x72, 0x65, 0x61, 0x63
  .byte 0x74, 0x2e, 0x65, 0x6d, 0x61, 0x69, 0x6c, 0x2f, 0x73, 0x74, 0x61, 0x74, 0x69, 0x63, 0x2f, 0x78
  .byte 0x2d, 0x6c, 0x6f, 0x67, 0x6f, 0x2e, 0x70, 0x6e, 0x67, 0x2c, 0x20, 0x22, 0x58, 0x22, 0x2c, 0x20
  .byte 0x68, 0x74, 0x74, 0x70, 0x73, 0x3a, 0x2f, 0x2f, 0x78, 0x2e, 0x63, 0x6f, 0x6d, 0x2f, 0x74, 0x68
  .byte 0x65, 0x73, 0x61, 0x62, 0x6f, 0x72, 0x61, 0x74, 0x6f, 0x72, 0x69, 0x6f, 0x29, 0x0a, 0x20, 0x20
  .byte 0x20, 0x20, 0x2d, 0x20, 0x28, 0x68, 0x74, 0x74, 0x70, 0x73, 0x3a, 0x2f, 0x2f, 0x72, 0x65, 0x61
  .byte 0x63, 0x74, 0x2e, 0x65, 0x6d, 0x61, 0x69, 0x6c, 0x2f, 0x73, 0x74, 0x61, 0x74, 0x69, 0x63, 0x2f
  .byte 0x69, 0x6e, 0x73, 0x74, 0x61, 0x67, 0x72, 0x61, 0x6d, 0x2d, 0x6c, 0x6f, 0x67, 0x6f, 0x2e, 0x70
  .byte 0x6e, 0x67, 0x2c, 0x20, 0x22, 0x49, 0x6e, 0x73, 0x74, 0x61, 0x67, 0x72, 0x61, 0x6d, 0x22, 0x2c
  .byte 0x20, 0x68, 0x74, 0x74, 0x70, 0x73, 0x3a, 0x2f, 0x2f, 0x69, 0x6e, 0x73, 0x74, 0x61, 0x67, 0x72
  .byte 0x61, 0x6d, 0x2e, 0x63, 0x6f, 0x6d, 0x2f, 0x6f, 0x70, 0x65, 0x6e, 0x75, 0x69, 0x29, 0x60, 0x2c
  .byte 0x0a, 0x20, 0x20, 0x7d, 0x2c, 0x0a, 0x20, 0x20, 0x7b, 0x0a, 0x20, 0x20, 0x20, 0x20, 0x69, 0x63
  .byte 0x6f, 0x6e, 0x3a, 0x20, 0x22, 0x5c, 0x75, 0x44, 0x38, 0x33, 0x44, 0x5c, 0x75, 0x44, 0x45, 0x44
  .byte 0x32, 0x22, 0x2c, 0x0a, 0x20, 0x20, 0x20, 0x20, 0x69, 0x63, 0x6f, 0x6e, 0x42, 0x67, 0x3a, 0x20
  .byte 0x22, 0x23, 0x32, 0x65, 0x31, 0x61, 0x31, 0x65, 0x22, 0x2c, 0x0a, 0x20, 0x20, 0x20, 0x20, 0x64
  .byte 0x69, 0x73, 0x70, 0x6c, 0x61, 0x79, 0x54, 0x65, 0x78, 0x74, 0x3a, 0x20, 0x22, 0x41, 0x62, 0x61
  .byte 0x6e, 0x64, 0x6f, 0x6e, 0x65, 0x64, 0x20, 0x63, 0x61, 0x72, 0x74, 0x20, 0x72, 0x65, 0x6d, 0x69
  .byte 0x6e, 0x64, 0x65, 0x72, 0x22, 0x2c, 0x0a, 0x20, 0x20, 0x20, 0x20, 0x70, 0x72, 0x6f, 0x6d, 0x70
  .byte 0x74, 0x3a, 0x20, 0x60, 0x43, 0x72, 0x65, 0x61, 0x74, 0x65, 0x20, 0x61, 0x20, 0x62, 0x65, 0x61
  .byte 0x75, 0x74, 0x69, 0x66, 0x75, 0x6c, 0x20, 0x61, 0x62, 0x61, 0x6e, 0x64, 0x6f, 0x6e, 0x65, 0x64
  .byte 0x20, 0x63, 0x61, 0x72, 0x74, 0x20, 0x65, 0x6d, 0x61, 0x69, 0x6c, 0x20, 0x66, 0x6f, 0x72, 0x20
  .byte 0x61, 0x20, 0x70, 0x72, 0x65, 0x6d, 0x69, 0x75, 0x6d, 0x20, 0x65, 0x2d, 0x63, 0x6f, 0x6d, 0x6d
  .byte 0x65, 0x72, 0x63, 0x65, 0x20, 0x62, 0x72, 0x61, 0x6e, 0x64, 0x20, 0x63, 0x61, 0x6c, 0x6c, 0x65
  .byte 0x64, 0x20, 0x22, 0x4c, 0x75, 0x6d, 0x69, 0xc3, 0xa8, 0x72, 0x65, 0x22, 0x2e, 0x20, 0x55, 0x73
  .byte 0x65, 0x20, 0x77, 0x61, 0x72, 0x6d, 0x20, 0x67, 0x6f, 0x6c, 0x64, 0x20, 0x28, 0x23, 0x44, 0x34
  .byte 0x41, 0x35, 0x37, 0x34, 0x29, 0x20, 0x61, 0x73, 0x20, 0x74, 0x68, 0x65, 0x20, 0x61, 0x63, 0x63
  .byte 0x65, 0x6e, 0x74, 0x20, 0x63, 0x6f, 0x6c, 0x6f, 0x72, 0x2e, 0x20, 0x4d, 0x61, 0x6b, 0x65, 0x20
  .byte 0x69, 0x74, 0x20, 0x65, 0x6c, 0x65, 0x67, 0x61, 0x6e, 0x74, 0x2c, 0x20, 0x70, 0x72, 0x6f, 0x64
  .byte 0x75, 0x63, 0x74, 0x2d, 0x66, 0x6f, 0x63, 0x75, 0x73, 0x65, 0x64, 0x2c, 0x20, 0x61, 0x6e, 0x64
  .byte 0x20, 0x70, 0x65, 0x72, 0x73, 0x75, 0x61, 0x73, 0x69, 0x76, 0x65, 0x2e, 0x0a, 0x0a, 0x49, 0x6e
  .byte 0x63, 0x6c, 0x75, 0x64, 0x65, 0x20, 0x74, 0x68, 0x65, 0x73, 0x65, 0x20, 0x73, 0x65, 0x63, 0x74
  .byte 0x69, 0x6f, 0x6e, 0x73, 0x20, 0x69, 0x6e, 0x20, 0x6f, 0x72, 0x64, 0x65, 0x72, 0x3a, 0x0a, 0x0a
  .byte 0x31, 0x2e, 0x20, 0x45, 0x6d, 0x61, 0x69, 0x6c, 0x48, 0x65, 0x61, 0x64, 0x65, 0x72, 0x53, 0x69
  .byte 0x64, 0x65, 0x4e, 0x61, 0x76, 0x20, 0x77, 0x69, 0x74, 0x68, 0x20, 0x6c, 0x6f, 0x67, 0x6f, 0x20
  .byte 0x28, 0x68, 0x74, 0x74, 0x70, 0x73, 0x3a, 0x2f, 0x2f, 0x70, 0x69, 0x63, 0x73, 0x75, 0x6d, 0x2e
  .byte 0x70, 0x68, 0x6f, 0x74, 0x6f, 0x73, 0x2f, 0x73, 0x65, 0x65, 0x64, 0x2f, 0x6c, 0x75, 0x6d, 0x69
  .byte 0x65, 0x72, 0x65, 0x2d, 0x6c, 0x6f, 0x67, 0x6f, 0x2f, 0x31, 0x35, 0x30, 0x2f, 0x34, 0x32, 0x2c
  .byte 0x20, 0x22, 0x4c, 0x75, 0x6d, 0x69, 0xc3, 0xa8, 0x72, 0x65, 0x22, 0x2c, 0x20, 0x68, 0x65, 0x69
  .byte 0x67, 0x68, 0x74, 0x20, 0x34, 0x32, 0x29, 0x20, 0x61, 0x6e, 0x64, 0x20, 0x33, 0x20, 0x6e, 0x61
  .byte 0x76, 0x20, 0x6c, 0x69, 0x6e, 0x6b, 0x73, 0x3a, 0x20, 0x22, 0x4e, 0x65, 0x77, 0x20, 0x41, 0x72
  .byte 0x72, 0x69, 0x76, 0x61, 0x6c, 0x73, 0x22, 0x2c, 0x20, 0x22, 0x42, 0x65, 0x73, 0x74, 0x73, 0x65
  .byte 0x6c, 0x6c, 0x65, 0x72, 0x73, 0x22, 0x2c, 0x20, 0x22, 0x53, 0x61, 0x6c, 0x65, 0x22, 0x0a, 0x32
  .byte 0x2e, 0x20, 0x45, 0x6d, 0x61, 0x69, 0x6c, 0x44, 0x69, 0x76, 0x69, 0x64, 0x65, 0x72, 0x0a, 0x33
  .byte 0x2e, 0x20, 0x45, 0x6d, 0x61, 0x69, 0x6c, 0x48, 0x65, 0x61, 0x64, 0x69, 0x6e, 0x67, 0x20, 0x22
  .byte 0x59, 0x6f, 0x75, 0x20, 0x6c, 0x65, 0x66, 0x74, 0x20, 0x73, 0x6f, 0x6d, 0x65, 0x74, 0x68, 0x69
  .byte 0x6e, 0x67, 0x20, 0x62, 0x65, 0x61, 0x75, 0x74, 0x69, 0x66, 0x75, 0x6c, 0x20, 0x62, 0x65, 0x68
  .byte 0x69, 0x6e, 0x64, 0x22, 0x20, 0x28, 0x6c, 0x65, 0x76, 0x65, 0x6c, 0x20, 0x31, 0x29, 0x0a, 0x34
  .byte 0x2e, 0x20, 0x45, 0x6d, 0x61, 0x69, 0x6c, 0x54, 0x65, 0x78, 0x74, 0x20, 0x22, 0x48, 0x69, 0x20
  .byte 0x74, 0x68, 0x65, 0x72, 0x65, 0x20, 0xe2, 0x80, 0x94, 0x20, 0x79, 0x6f, 0x75, 0x72, 0x20, 0x63
  .byte 0x61, 0x72, 0x74, 0x20, 0x69, 0x73, 0x20, 0x77, 0x61, 0x69, 0x74, 0x69, 0x6e, 0x67, 0x2e, 0x20
  .byte 0x54, 0x68, 0x65, 0x73, 0x65, 0x20, 0x68, 0x61, 0x6e, 0x64, 0x63, 0x72, 0x61, 0x66, 0x74, 0x65
  .byte 0x64, 0x20, 0x70, 0x69, 0x65, 0x63, 0x65, 0x73, 0x20, 0x77, 0x6f, 0x6e, 0x27, 0x74, 0x20, 0x62
  .byte 0x65, 0x20, 0x61, 0x76, 0x61, 0x69, 0x6c, 0x61, 0x62, 0x6c, 0x65, 0x20, 0x66, 0x6f, 0x72, 0x65
  .byte 0x76, 0x65, 0x72, 0x2e, 0x20, 0x43, 0x6f, 0x6d, 0x70, 0x6c, 0x65, 0x74, 0x65, 0x20, 0x79, 0x6f
  .byte 0x75, 0x72, 0x20, 0x6f, 0x72, 0x64, 0x65, 0x72, 0x20, 0x62, 0x65, 0x66, 0x6f, 0x72, 0x65, 0x20
  .byte 0x74, 0x68, 0x65, 0x79, 0x27, 0x72, 0x65, 0x20, 0x67, 0x6f, 0x6e, 0x65, 0x2e, 0x22, 0x0a, 0x35
  .byte 0x2e, 0x20, 0x45, 0x6d, 0x61, 0x69, 0x6c, 0x44, 0x69, 0x76, 0x69, 0x64, 0x65, 0x72, 0x0a, 0x36
  .byte 0x2e, 0x20, 0x45, 0x6d, 0x61, 0x69, 0x6c, 0x43, 0x68, 0x65, 0x63, 0x6b, 0x6f, 0x75, 0x74, 0x54
  .byte 0x61, 0x62, 0x6c, 0x65, 0x20, 0x74, 0x69, 0x74, 0x6c, 0x65, 0x64, 0x20, 0x22, 0x59, 0x6f, 0x75
  .byte 0x72, 0x20, 0x43, 0x61, 0x72, 0x74, 0x22, 0x20, 0x77, 0x69, 0x74, 0x68, 0x20, 0x33, 0x20, 0x69
  .byte 0x74, 0x65, 0x6d, 0x73, 0x20, 0x61, 0x6e, 0x64, 0x20, 0x62, 0x75, 0x74, 0x74, 0x6f, 0x6e, 0x20
  .byte 0x22, 0x43, 0x6f, 0x6d, 0x70, 0x6c, 0x65, 0x74, 0x65, 0x20, 0x59, 0x6f, 0x75, 0x72, 0x20, 0x4f
  .byte 0x72, 0x64, 0x65, 0x72, 0x22, 0x20, 0x77, 0x69, 0x74, 0x68, 0x20, 0x68, 0x72, 0x65, 0x66, 0x20
  .byte 0x68, 0x74, 0x74, 0x70, 0x73, 0x3a, 0x2f, 0x2f, 0x6c, 0x75, 0x6d, 0x69, 0x65, 0x72, 0x65, 0x2e
  .byte 0x63, 0x6f, 0x6d, 0x2f, 0x63, 0x61, 0x72, 0x74, 0x20, 0x61, 0x6e, 0x64, 0x20, 0x63, 0x6f, 0x6c
  .byte 0x6f, 0x72, 0x20, 0x23, 0x44, 0x34, 0x41, 0x35, 0x37, 0x34, 0x3a, 0x0a, 0x20, 0x20, 0x20, 0x2d
  .byte 0x20, 0x28, 0x68, 0x74, 0x74, 0x70, 0x73, 0x3a, 0x2f, 0x2f, 0x69, 0x6d, 0x61, 0x67, 0x65, 0x73
  .byte 0x2e, 0x75, 0x6e, 0x73, 0x70, 0x6c, 0x61, 0x73, 0x68, 0x2e, 0x63, 0x6f, 0x6d, 0x2f, 0x70, 0x68
  .byte 0x6f, 0x74, 0x6f, 0x2d, 0x31, 0x35, 0x32, 0x34, 0x35, 0x39, 0x32, 0x30, 0x39, 0x34, 0x37, 0x31
  .byte 0x34, 0x2d, 0x30, 0x66, 0x30, 0x36, 0x35, 0x34, 0x65, 0x32, 0x30, 0x33, 0x31, 0x34, 0x3f, 0x77
  .byte 0x3d, 0x31, 0x30, 0x30, 0x26, 0x68, 0x3d, 0x31, 0x30, 0x30, 0x26, 0x66, 0x69, 0x74, 0x3d, 0x63
  .byte 0x72, 0x6f, 0x70, 0x2c, 0x20, 0x22, 0x47, 0x6f, 0x6c, 0x64, 0x20, 0x57, 0x61, 0x74, 0x63, 0x68
  .byte 0x22, 0x2c, 0x20, 0x22, 0x41, 0x72, 0x74, 0x69, 0x73, 0x61, 0x6e, 0x20, 0x47, 0x6f, 0x6c, 0x64
  .byte 0x20, 0x57, 0x61, 0x74, 0x63, 0x68, 0x22, 0x2c, 0x20, 0x31, 0x2c, 0x20, 0x22, 0x24, 0x34, 0x32
  .byte 0x30, 0x2e, 0x30, 0x30, 0x22, 0x29, 0x0a, 0x20, 0x20, 0x20, 0x2d, 0x20, 0x28, 0x68, 0x74, 0x74
  .byte 0x70, 0x73, 0x3a, 0x2f, 0x2f, 0x69, 0x6d, 0x61, 0x67, 0x65, 0x73, 0x2e, 0x75, 0x6e, 0x73, 0x70
  .byte 0x6c, 0x61, 0x73, 0x68, 0x2e, 0x63, 0x6f, 0x6d, 0x2f, 0x70, 0x68, 0x6f, 0x74, 0x6f, 0x2d, 0x31
  .byte 0x35, 0x34, 0x38, 0x30, 0x33, 0x36, 0x33, 0x32, 0x38, 0x2d, 0x63, 0x39, 0x66, 0x61, 0x38, 0x39
  .byte 0x64, 0x31, 0x32, 0x38, 0x66, 0x61, 0x3f, 0x77, 0x3d, 0x31, 0x30, 0x30, 0x26, 0x68, 0x3d, 0x31
  .byte 0x30, 0x30, 0x26, 0x66, 0x69, 0x74, 0x3d, 0x63, 0x72, 0x6f, 0x70, 0x2c, 0x20, 0x22, 0x4c, 0x65
  .byte 0x61, 0x74, 0x68, 0x65, 0x72, 0x20, 0x42, 0x61, 0x67, 0x22, 0x2c, 0x20, 0x22, 0x49, 0x74, 0x61
  .byte 0x6c, 0x69, 0x61, 0x6e, 0x20, 0x4c, 0x65, 0x61, 0x74, 0x68, 0x65, 0x72, 0x20, 0x54, 0x6f, 0x74
  .byte 0x65, 0x22, 0x2c, 0x20, 0x31, 0x2c, 0x20, 0x22, 0x24, 0x32, 0x38, 0x35, 0x2e, 0x30, 0x30, 0x22
  .byte 0x29, 0x0a, 0x20, 0x20, 0x20, 0x2d, 0x20, 0x28, 0x68, 0x74, 0x74, 0x70, 0x73, 0x3a, 0x2f, 0x2f
  .byte 0x69, 0x6d, 0x61, 0x67, 0x65, 0x73, 0x2e, 0x75, 0x6e, 0x73, 0x70, 0x6c, 0x61, 0x73, 0x68, 0x2e
  .byte 0x63, 0x6f, 0x6d, 0x2f, 0x70, 0x68, 0x6f, 0x74, 0x6f, 0x2d, 0x31, 0x36, 0x30, 0x36, 0x37, 0x36
  .byte 0x30, 0x32, 0x32, 0x37, 0x30, 0x39, 0x31, 0x2d, 0x33, 0x64, 0x64, 0x38, 0x37, 0x30, 0x64, 0x39
  .byte 0x37, 0x66, 0x31, 0x64, 0x3f, 0x77, 0x3d, 0x31, 0x30, 0x30, 0x26, 0x68, 0x3d, 0x31, 0x30, 0x30
  .byte 0x26, 0x66, 0x69, 0x74, 0x3d, 0x63, 0x72, 0x6f, 0x70, 0x2c, 0x20, 0x22, 0x53, 0x69, 0x6c, 0x6b
  .byte 0x20, 0x53, 0x63, 0x61, 0x72, 0x66, 0x22, 0x2c, 0x20, 0x22, 0x48, 0x61, 0x6e, 0x64, 0x2d, 0x70
  .byte 0x61, 0x69, 0x6e, 0x74, 0x65, 0x64, 0x20, 0x53, 0x69, 0x6c, 0x6b, 0x20, 0x53, 0x63, 0x61, 0x72
  .byte 0x66, 0x22, 0x2c, 0x20, 0x32, 0x2c, 0x20, 0x22, 0x24, 0x39, 0x35, 0x2e, 0x30, 0x30, 0x22, 0x29
  .byte 0x0a, 0x37, 0x2e, 0x20, 0x45, 0x6d, 0x61, 0x69, 0x6c, 0x44, 0x69, 0x76, 0x69, 0x64, 0x65, 0x72
  .byte 0x0a, 0x38, 0x2e, 0x20, 0x45, 0x6d, 0x61, 0x69, 0x6c, 0x50, 0x72, 0x6f, 0x64, 0x75, 0x63, 0x74
  .byte 0x43, 0x61, 0x72, 0x64, 0x20, 0x77, 0x69, 0x74, 0x68, 0x20, 0x69, 0x6d, 0x61, 0x67, 0x65, 0x20
  .byte 0x28, 0x68, 0x74, 0x74, 0x70, 0x73, 0x3a, 0x2f, 0x2f, 0x69, 0x6d, 0x61, 0x67, 0x65, 0x73, 0x2e
  .byte 0x75, 0x6e, 0x73, 0x70, 0x6c, 0x61, 0x73, 0x68, 0x2e, 0x63, 0x6f, 0x6d, 0x2f, 0x70, 0x68, 0x6f
  .byte 0x74, 0x6f, 0x2d, 0x31, 0x35, 0x32, 0x34, 0x35, 0x39, 0x32, 0x30, 0x39, 0x34, 0x37, 0x31, 0x34
  .byte 0x2d, 0x30, 0x66, 0x30, 0x36, 0x35, 0x34, 0x65, 0x32, 0x30, 0x33, 0x31, 0x34, 0x3f, 0x77, 0x3d
  .byte 0x36, 0x30, 0x30, 0x26, 0x68, 0x3d, 0x33, 0x32, 0x30, 0x26, 0x66, 0x69, 0x74, 0x3d, 0x63, 0x72
  .byte 0x6f, 0x70, 0x2c, 0x20, 0x22, 0x41, 0x72, 0x74, 0x69, 0x73, 0x61, 0x6e, 0x20, 0x47, 0x6f, 0x6c
  .byte 0x64, 0x20, 0x57, 0x61, 0x74, 0x63, 0x68, 0x22, 0x29, 0x2c, 0x20, 0x63, 0x61, 0x74, 0x65, 0x67
  .byte 0x6f, 0x72, 0x79, 0x20, 0x22, 0x42, 0x45, 0x53, 0x54, 0x53, 0x45, 0x4c, 0x4c, 0x45, 0x52, 0x22
  .byte 0x2c, 0x20, 0x74, 0x69, 0x74, 0x6c, 0x65, 0x20, 0x22, 0x41, 0x72, 0x74, 0x69, 0x73, 0x61, 0x6e
  .byte 0x20, 0x47, 0x6f, 0x6c, 0x64, 0x20, 0x57, 0x61, 0x74, 0x63, 0x68, 0x22, 0x2c, 0x20, 0x64, 0x65
  .byte 0x73, 0x63, 0x72, 0x69, 0x70, 0x74, 0x69, 0x6f, 0x6e, 0x20, 0x22, 0x48, 0x61, 0x6e, 0x64, 0x2d
  .byte 0x61, 0x73, 0x73, 0x65, 0x6d, 0x62, 0x6c, 0x65, 0x64, 0x20, 0x69, 0x6e, 0x20, 0x6f, 0x75, 0x72
  .byte 0x20, 0x47, 0x65, 0x6e, 0x65, 0x76, 0x61, 0x20, 0x61, 0x74, 0x65, 0x6c, 0x69, 0x65, 0x72, 0x2e
  .byte 0x20, 0x53, 0x77, 0x69, 0x73, 0x73, 0x20, 0x6d, 0x6f, 0x76, 0x65, 0x6d, 0x65, 0x6e, 0x74, 0x2c
  .byte 0x20, 0x73, 0x61, 0x70, 0x70, 0x68, 0x69, 0x72, 0x65, 0x20, 0x63, 0x72, 0x79, 0x73, 0x74, 0x61
  .byte 0x6c, 0x2c, 0x20, 0x61, 0x6e, 0x64, 0x20, 0x61, 0x20, 0x35, 0x2d, 0x79, 0x65, 0x61, 0x72, 0x20
  .byte 0x77, 0x61, 0x72, 0x72, 0x61, 0x6e, 0x74, 0x79, 0x2e, 0x20, 0x45, 0x61, 0x63, 0x68, 0x20, 0x70
  .byte 0x69, 0x65, 0x63, 0x65, 0x20, 0x69, 0x73, 0x20, 0x6e, 0x75, 0x6d, 0x62, 0x65, 0x72, 0x65, 0x64
  .byte 0x20, 0x61, 0x6e, 0x64, 0x20, 0x75, 0x6e, 0x69, 0x71, 0x75, 0x65, 0x2e, 0x22, 0x2c, 0x20, 0x70
  .byte 0x72, 0x69, 0x63, 0x65, 0x20, 0x22, 0x24, 0x34, 0x32, 0x30, 0x2e, 0x30, 0x30, 0x22, 0x2c, 0x20
  .byte 0x62, 0x75, 0x74, 0x74, 0x6f, 0x6e, 0x20, 0x22, 0x53, 0x68, 0x6f, 0x70, 0x20, 0x4e, 0x6f, 0x77
  .byte 0x22, 0x2c, 0x20, 0x68, 0x72, 0x65, 0x66, 0x20, 0x68, 0x74, 0x74, 0x70, 0x73, 0x3a, 0x2f, 0x2f
  .byte 0x6c, 0x75, 0x6d, 0x69, 0x65, 0x72, 0x65, 0x2e, 0x63, 0x6f, 0x6d, 0x2f, 0x70, 0x72, 0x6f, 0x64
  .byte 0x75, 0x63, 0x74, 0x73, 0x2f, 0x67, 0x6f, 0x6c, 0x64, 0x2d, 0x77, 0x61, 0x74, 0x63, 0x68, 0x2c
  .byte 0x20, 0x63, 0x6f, 0x6c, 0x6f, 0x72, 0x20, 0x23, 0x44, 0x34, 0x41, 0x35, 0x37, 0x34, 0x0a, 0x39
  .byte 0x2e, 0x20, 0x45, 0x6d, 0x61, 0x69, 0x6c, 0x44, 0x69, 0x76, 0x69, 0x64, 0x65, 0x72, 0x0a, 0x31
  .byte 0x30, 0x2e, 0x20, 0x45, 0x6d, 0x61, 0x69, 0x6c, 0x49, 0x6d, 0x61, 0x67, 0x65, 0x47, 0x72, 0x69
  .byte 0x64, 0x20, 0x74, 0x69, 0x74, 0x6c, 0x65, 0x64, 0x20, 0x22, 0x59, 0x6f, 0x75, 0x20, 0x6d, 0x69
  .byte 0x67, 0x68, 0x74, 0x20, 0x61, 0x6c, 0x73, 0x6f, 0x20, 0x6c, 0x6f, 0x76, 0x65, 0x22, 0x20, 0x77
  .byte 0x69, 0x74, 0x68, 0x20, 0x64, 0x65, 0x73, 0x63, 0x72, 0x69, 0x70, 0x74, 0x69, 0x6f, 0x6e, 0x20
  .byte 0x22, 0x43, 0x75, 0x72, 0x61, 0x74, 0x65, 0x64, 0x20, 0x70, 0x69, 0x63, 0x6b, 0x73, 0x20, 0x62
  .byte 0x61, 0x73, 0x65, 0x64, 0x20, 0x6f, 0x6e, 0x20, 0x79, 0x6f, 0x75, 0x72, 0x20, 0x73, 0x74, 0x79
  .byte 0x6c, 0x65, 0x2e, 0x22, 0x20, 0x61, 0x6e, 0x64, 0x20, 0x34, 0x20, 0x69, 0x6d, 0x61, 0x67, 0x65
  .byte 0x73, 0x3a, 0x0a, 0x20, 0x20, 0x20, 0x20, 0x2d, 0x20, 0x28, 0x68, 0x74, 0x74, 0x70, 0x73, 0x3a
  .byte 0x2f, 0x2f, 0x69, 0x6d, 0x61, 0x67, 0x65, 0x73, 0x2e, 0x75, 0x6e, 0x73, 0x70, 0x6c, 0x61, 0x73
  .byte 0x68, 0x2e, 0x63, 0x6f, 0x6d, 0x2f, 0x70, 0x68, 0x6f, 0x74, 0x6f, 0x2d, 0x31, 0x36, 0x31, 0x31
  .byte 0x35, 0x39, 0x31, 0x34, 0x33, 0x37, 0x32, 0x38, 0x31, 0x2d, 0x34, 0x36, 0x30, 0x62, 0x66, 0x62
  .byte 0x65, 0x31, 0x32, 0x32, 0x30, 0x61, 0x3f, 0x77, 0x3d, 0x33, 0x30, 0x30, 0x26, 0x68, 0x3d, 0x32
  .byte 0x38, 0x38, 0x26, 0x66, 0x69, 0x74, 0x3d, 0x63, 0x72, 0x6f, 0x70, 0x2c, 0x20, 0x22, 0x47, 0x6f
  .byte 0x6c, 0x64, 0x20, 0x42, 0x72, 0x61, 0x63, 0x65, 0x6c, 0x65, 0x74, 0x22, 0x29, 0x0a, 0x20, 0x20
  .byte 0x20, 0x20, 0x2d, 0x20, 0x28, 0x68, 0x74, 0x74, 0x70, 0x73, 0x3a, 0x2f, 0x2f, 0x69, 0x6d, 0x61
  .byte 0x67, 0x65, 0x73, 0x2e, 0x75, 0x6e, 0x73, 0x70, 0x6c, 0x61, 0x73, 0x68, 0x2e, 0x63, 0x6f, 0x6d
  .byte 0x2f, 0x70, 0x68, 0x6f, 0x74, 0x6f, 0x2d, 0x31, 0x35, 0x34, 0x31, 0x36, 0x34, 0x33, 0x36, 0x30
  .byte 0x30, 0x39, 0x31, 0x34, 0x2d, 0x37, 0x38, 0x62, 0x30, 0x38, 0x34, 0x36, 0x38, 0x33, 0x36, 0x30
  .byte 0x31, 0x3f, 0x77, 0x3d, 0x33, 0x30, 0x30, 0x26, 0x68, 0x3d, 0x32, 0x38, 0x38, 0x26, 0x66, 0x69
  .byte 0x74, 0x3d, 0x63, 0x72, 0x6f, 0x70, 0x2c, 0x20, 0x22, 0x53, 0x69, 0x67, 0x6e, 0x61, 0x74, 0x75
  .byte 0x72, 0x65, 0x20, 0x50, 0x65, 0x72, 0x66, 0x75, 0x6d, 0x65, 0x22, 0x29, 0x0a, 0x20, 0x20, 0x20
  .byte 0x20, 0x2d, 0x20, 0x28, 0x68, 0x74, 0x74, 0x70, 0x73, 0x3a, 0x2f, 0x2f, 0x69, 0x6d, 0x61, 0x67
  .byte 0x65, 0x73, 0x2e, 0x75, 0x6e, 0x73, 0x70, 0x6c, 0x61, 0x73, 0x68, 0x2e, 0x63, 0x6f, 0x6d, 0x2f
  .byte 0x70, 0x68, 0x6f, 0x74, 0x6f, 0x2d, 0x31, 0x35, 0x37, 0x32, 0x36, 0x33, 0x35, 0x31, 0x39, 0x36
  .byte 0x32, 0x33, 0x37, 0x2d, 0x31, 0x34, 0x62, 0x33, 0x66, 0x32, 0x38, 0x31, 0x35, 0x30, 0x33, 0x66
  .byte 0x3f, 0x77, 0x3d, 0x33, 0x30, 0x30, 0x26, 0x68, 0x3d, 0x32, 0x38, 0x38, 0x26, 0x66, 0x69, 0x74
  .byte 0x3d, 0x63, 0x72, 0x6f, 0x70, 0x2c, 0x20, 0x22, 0x44, 0x65, 0x73, 0x69, 0x67, 0x6e, 0x65, 0x72
  .byte 0x20, 0x53, 0x75, 0x6e, 0x67, 0x6c, 0x61, 0x73, 0x73, 0x65, 0x73, 0x22, 0x29, 0x0a, 0x20, 0x20
  .byte 0x20, 0x20, 0x2d, 0x20, 0x28, 0x68, 0x74, 0x74, 0x70, 0x73, 0x3a, 0x2f, 0x2f, 0x69, 0x6d, 0x61
  .byte 0x67, 0x65, 0x73, 0x2e, 0x75, 0x6e, 0x73, 0x70, 0x6c, 0x61, 0x73, 0x68, 0x2e, 0x63, 0x6f, 0x6d
  .byte 0x2f, 0x70, 0x68, 0x6f, 0x74, 0x6f, 0x2d, 0x31, 0x35, 0x33, 0x35, 0x36, 0x33, 0x32, 0x30, 0x36
  .byte 0x36, 0x39, 0x32, 0x37, 0x2d, 0x61, 0x62, 0x37, 0x63, 0x39, 0x61, 0x62, 0x36, 0x30, 0x39, 0x30
  .byte 0x38, 0x3f, 0x77, 0x3d, 0x33, 0x30, 0x30, 0x26, 0x68, 0x3d, 0x32, 0x38, 0x38, 0x26, 0x66, 0x69
  .byte 0x74, 0x3d, 0x63, 0x72, 0x6f, 0x70, 0x2c, 0x20, 0x22, 0x50, 0x65, 0x61, 0x72, 0x6c, 0x20, 0x45
  .byte 0x61, 0x72, 0x72, 0x69, 0x6e, 0x67, 0x73, 0x22, 0x29, 0x0a, 0x31, 0x31, 0x2e, 0x20, 0x45, 0x6d
  .byte 0x61, 0x69, 0x6c, 0x44, 0x69, 0x76, 0x69, 0x64, 0x65, 0x72, 0x0a, 0x31, 0x32, 0x2e, 0x20, 0x45
  .byte 0x6d, 0x61, 0x69, 0x6c, 0x54, 0x65, 0x73, 0x74, 0x69, 0x6d, 0x6f, 0x6e, 0x69, 0x61, 0x6c, 0x20
  .byte 0x77, 0x69, 0x74, 0x68, 0x20, 0x71, 0x75, 0x6f, 0x74, 0x65, 0x20, 0x22, 0x54, 0x68, 0x65, 0x20
  .byte 0x63, 0x72, 0x61, 0x66, 0x74, 0x73, 0x6d, 0x61, 0x6e, 0x73, 0x68, 0x69, 0x70, 0x20, 0x69, 0x73
  .byte 0x20, 0x65, 0x78, 0x63, 0x65, 0x70, 0x74, 0x69, 0x6f, 0x6e, 0x61, 0x6c, 0x2e, 0x20, 0x49, 0x27
  .byte 0x76, 0x65, 0x20, 0x72, 0x65, 0x63, 0x65, 0x69, 0x76, 0x65, 0x64, 0x20, 0x6d, 0x6f, 0x72, 0x65
  .byte 0x20, 0x63, 0x6f, 0x6d, 0x70, 0x6c, 0x69, 0x6d, 0x65, 0x6e, 0x74, 0x73, 0x20, 0x6f, 0x6e, 0x20
  .byte 0x6d, 0x79, 0x20, 0x4c, 0x75, 0x6d, 0x69, 0xc3, 0xa8, 0x72, 0x65, 0x20, 0x77, 0x61, 0x74, 0x63
  .byte 0x68, 0x20, 0x74, 0x68, 0x61, 0x6e, 0x20, 0x61, 0x6e, 0x79, 0x74, 0x68, 0x69, 0x6e, 0x67, 0x20
  .byte 0x49, 0x27, 0x76, 0x65, 0x20, 0x65, 0x76, 0x65, 0x72, 0x20, 0x6f, 0x77, 0x6e, 0x65, 0x64, 0x2e
  .byte 0x20, 0x57, 0x6f, 0x72, 0x74, 0x68, 0x20, 0x65, 0x76, 0x65, 0x72, 0x79, 0x20, 0x70, 0x65, 0x6e
  .byte 0x6e, 0x79, 0x2e, 0x22, 0x2c, 0x20, 0x61, 0x76, 0x61, 0x74, 0x61, 0x72, 0x20, 0x28, 0x68, 0x74
  .byte 0x74, 0x70, 0x73, 0x3a, 0x2f, 0x2f, 0x69, 0x6d, 0x61, 0x67, 0x65, 0x73, 0x2e, 0x75, 0x6e, 0x73
  .byte 0x70, 0x6c, 0x61, 0x73, 0x68, 0x2e, 0x63, 0x6f, 0x6d, 0x2f, 0x70, 0x68, 0x6f, 0x74, 0x6f, 0x2d
  .byte 0x31, 0x34, 0x39, 0x34, 0x37, 0x39, 0x30, 0x31, 0x30, 0x38, 0x33, 0x37, 0x37, 0x2d, 0x62, 0x65
  .byte 0x39, 0x63, 0x32, 0x39, 0x62, 0x32, 0x39, 0x33, 0x33, 0x30, 0x3f, 0x77, 0x3d, 0x31, 0x30, 0x30
  .byte 0x26, 0x68, 0x3d, 0x31, 0x30, 0x30, 0x26, 0x66, 0x69, 0x74, 0x3d, 0x63, 0x72, 0x6f, 0x70, 0x2c
  .byte 0x20, 0x22, 0x45, 0x6d, 0x6d, 0x61, 0x20, 0x4c, 0x61, 0x75, 0x72, 0x65, 0x6e, 0x74, 0x22, 0x29
  .byte 0x2c, 0x20, 0x6e, 0x61, 0x6d, 0x65, 0x20, 0x22, 0x45, 0x6d, 0x6d, 0x61, 0x20, 0x4c, 0x61, 0x75
  .byte 0x72, 0x65, 0x6e, 0x74, 0x22, 0x2c, 0x20, 0x72, 0x6f, 0x6c, 0x65, 0x20, 0x22, 0x56, 0x65, 0x72
  .byte 0x69, 0x66, 0x69, 0x65, 0x64, 0x20, 0x42, 0x75, 0x79, 0x65, 0x72, 0x20, 0xc2, 0xb7, 0x20, 0x50
  .byte 0x61, 0x72, 0x69, 0x73, 0x22, 0x0a, 0x31, 0x33, 0x2e, 0x20, 0x45, 0x6d, 0x61, 0x69, 0x6c, 0x44
  .byte 0x69, 0x76, 0x69, 0x64, 0x65, 0x72, 0x0a, 0x31, 0x34, 0x2e, 0x20, 0x45, 0x6d, 0x61, 0x69, 0x6c
  .byte 0x42, 0x75, 0x74, 0x74, 0x6f, 0x6e, 0x20, 0x22, 0x43, 0x6f, 0x6d, 0x70, 0x6c, 0x65, 0x74, 0x65
  .byte 0x20, 0x59, 0x6f, 0x75, 0x72, 0x20, 0x4f, 0x72, 0x64, 0x65, 0x72, 0x20, 0xe2, 0x80, 0x94, 0x20
  .byte 0x46, 0x72, 0x65, 0x65, 0x20, 0x53, 0x68, 0x69, 0x70, 0x70, 0x69, 0x6e, 0x67, 0x22, 0x20, 0x6c
  .byte 0x69, 0x6e, 0x6b, 0x69, 0x6e, 0x67, 0x20, 0x74, 0x6f, 0x20, 0x68, 0x74, 0x74, 0x70, 0x73, 0x3a
  .byte 0x2f, 0x2f, 0x6c, 0x75, 0x6d, 0x69, 0x65, 0x72, 0x65, 0x2e, 0x63, 0x6f, 0x6d, 0x2f, 0x63, 0x61
  .byte 0x72, 0x74, 0x20, 0x77, 0x69, 0x74, 0x68, 0x20, 0x63, 0x6f, 0x6c, 0x6f, 0x72, 0x20, 0x23, 0x44
  .byte 0x34, 0x41, 0x35, 0x37, 0x34, 0x0a, 0x31, 0x35, 0x2e, 0x20, 0x45, 0x6d, 0x61, 0x69, 0x6c, 0x44
  .byte 0x69, 0x76, 0x69, 0x64, 0x65, 0x72, 0x0a, 0x31, 0x36, 0x2e, 0x20, 0x45, 0x6d, 0x61, 0x69, 0x6c
  .byte 0x46, 0x6f, 0x6f, 0x74, 0x65, 0x72, 0x43, 0x65, 0x6e, 0x74, 0x65, 0x72, 0x65, 0x64, 0x20, 0x77
  .byte 0x69, 0x74, 0x68, 0x20, 0x6c, 0x6f, 0x67, 0x6f, 0x20, 0x28, 0x68, 0x74, 0x74, 0x70, 0x73, 0x3a
  .byte 0x2f, 0x2f, 0x70, 0x69, 0x63, 0x73, 0x75, 0x6d, 0x2e, 0x70, 0x68, 0x6f, 0x74, 0x6f, 0x73, 0x2f
  .byte 0x73, 0x65, 0x65, 0x64, 0x2f, 0x6c, 0x75, 0x6d, 0x69, 0x65, 0x72, 0x65, 0x2d, 0x69, 0x63, 0x6f
  .byte 0x6e, 0x2f, 0x34, 0x32, 0x2f, 0x34, 0x32, 0x2c, 0x20, 0x22, 0x4c, 0x75, 0x6d, 0x69, 0xc3, 0xa8
  .byte 0x72, 0x65, 0x22, 0x29, 0x2c, 0x20, 0x63, 0x6f, 0x6d, 0x70, 0x61, 0x6e, 0x79, 0x20, 0x22, 0x4c
  .byte 0x75, 0x6d, 0x69, 0xc3, 0xa8, 0x72, 0x65, 0x22, 0x2c, 0x20, 0x74, 0x61, 0x67, 0x6c, 0x69, 0x6e
  .byte 0x65, 0x20, 0x22, 0x43, 0x72, 0x61, 0x66, 0x74, 0x65, 0x64, 0x20, 0x77, 0x69, 0x74, 0x68, 0x20
  .byte 0x69, 0x6e, 0x74, 0x65, 0x6e, 0x74, 0x69, 0x6f, 0x6e, 0x22, 0x2c, 0x20, 0x61, 0x64, 0x64, 0x72
  .byte 0x65, 0x73, 0x73, 0x20, 0x22, 0x4c, 0x75, 0x6d, 0x69, 0xc3, 0xa8, 0x72, 0x65, 0x20, 0xc2, 0xb7
  .byte 0x20, 0x31, 0x32, 0x20, 0x52, 0x75, 0x65, 0x20, 0x64, 0x75, 0x20, 0x46, 0x61, 0x75, 0x62, 0x6f
  .byte 0x75, 0x72, 0x67, 0x20, 0x53, 0x61, 0x69, 0x6e, 0x74, 0x2d, 0x48, 0x6f, 0x6e, 0x6f, 0x72, 0xc3
  .byte 0xa9, 0x20, 0xc2, 0xb7, 0x20, 0x50, 0x61, 0x72, 0x69, 0x73, 0x2c, 0x20, 0x37, 0x35, 0x30, 0x30
  .byte 0x38, 0x22, 0x2c, 0x20, 0x63, 0x6f, 0x6e, 0x74, 0x61, 0x63, 0x74, 0x20, 0x22, 0x68, 0x65, 0x6c
  .byte 0x6c, 0x6f, 0x40, 0x6c, 0x75, 0x6d, 0x69, 0x65, 0x72, 0x65, 0x2e, 0x63, 0x6f, 0x6d, 0x22, 0x2c
  .byte 0x20, 0x61, 0x6e, 0x64, 0x20, 0x33, 0x20, 0x73, 0x6f, 0x63, 0x69, 0x61, 0x6c, 0x20, 0x69, 0x63
  .byte 0x6f, 0x6e, 0x73, 0x3a, 0x0a, 0x20, 0x20, 0x20, 0x20, 0x2d, 0x20, 0x28, 0x68, 0x74, 0x74, 0x70
  .byte 0x73, 0x3a, 0x2f, 0x2f, 0x72, 0x65, 0x61, 0x63, 0x74, 0x2e, 0x65, 0x6d, 0x61, 0x69, 0x6c, 0x2f
  .byte 0x73, 0x74, 0x61, 0x74, 0x69, 0x63, 0x2f, 0x66, 0x61, 0x63, 0x65, 0x62, 0x6f, 0x6f, 0x6b, 0x2d
  .byte 0x6c, 0x6f, 0x67, 0x6f, 0x2e, 0x70, 0x6e, 0x67, 0x2c, 0x20, 0x22, 0x46, 0x61, 0x63, 0x65, 0x62
  .byte 0x6f, 0x6f, 0x6b, 0x22, 0x2c, 0x20, 0x68, 0x74, 0x74, 0x70, 0x73, 0x3a, 0x2f, 0x2f, 0x66, 0x61
  .byte 0x63, 0x65, 0x62, 0x6f, 0x6f, 0x6b, 0x2e, 0x63, 0x6f, 0x6d, 0x2f, 0x6c, 0x75, 0x6d, 0x69, 0x65
  .byte 0x72, 0x65, 0x29, 0x0a, 0x20, 0x20, 0x20, 0x20, 0x2d, 0x20, 0x28, 0x68, 0x74, 0x74, 0x70, 0x73
  .byte 0x3a, 0x2f, 0x2f, 0x72, 0x65, 0x61, 0x63, 0x74, 0x2e, 0x65, 0x6d, 0x61, 0x69, 0x6c, 0x2f, 0x73
  .byte 0x74, 0x61, 0x74, 0x69, 0x63, 0x2f, 0x78, 0x2d, 0x6c, 0x6f, 0x67, 0x6f, 0x2e, 0x70, 0x6e, 0x67
  .byte 0x2c, 0x20, 0x22, 0x58, 0x22, 0x2c, 0x20, 0x68, 0x74, 0x74, 0x70, 0x73, 0x3a, 0x2f, 0x2f, 0x78
  .byte 0x2e, 0x63, 0x6f, 0x6d, 0x2f, 0x6c, 0x75, 0x6d, 0x69, 0x65, 0x72, 0x65, 0x29, 0x0a, 0x20, 0x20
  .byte 0x20, 0x20, 0x2d, 0x20, 0x28, 0x68, 0x74, 0x74, 0x70, 0x73, 0x3a, 0x2f, 0x2f, 0x72, 0x65, 0x61
  .byte 0x63, 0x74, 0x2e, 0x65, 0x6d, 0x61, 0x69, 0x6c, 0x2f, 0x73, 0x74, 0x61, 0x74, 0x69, 0x63, 0x2f
  .byte 0x69, 0x6e, 0x73, 0x74, 0x61, 0x67, 0x72, 0x61, 0x6d, 0x2d, 0x6c, 0x6f, 0x67, 0x6f, 0x2e, 0x70
  .byte 0x6e, 0x67, 0x2c, 0x20, 0x22, 0x49, 0x6e, 0x73, 0x74, 0x61, 0x67, 0x72, 0x61, 0x6d, 0x22, 0x2c
  .byte 0x20, 0x68, 0x74, 0x74, 0x70, 0x73, 0x3a, 0x2f, 0x2f, 0x69, 0x6e, 0x73, 0x74, 0x61, 0x67, 0x72
  .byte 0x61, 0x6d, 0x2e, 0x63, 0x6f, 0x6d, 0x2f, 0x6c, 0x75, 0x6d, 0x69, 0x65, 0x72, 0x65, 0x29, 0x60
  .byte 0x2c, 0x0a, 0x20, 0x20, 0x7d, 0x2c, 0x0a, 0x20, 0x20, 0x7b, 0x0a, 0x20, 0x20, 0x20, 0x20, 0x69
  .byte 0x63, 0x6f, 0x6e, 0x3a, 0x20, 0x22, 0x5c, 0x75, 0x44, 0x38, 0x33, 0x43, 0x5c, 0x75, 0x44, 0x46
  .byte 0x39, 0x46, 0x5c, 0x75, 0x46, 0x45, 0x30, 0x46, 0x22, 0x2c, 0x0a, 0x20, 0x20, 0x20, 0x20, 0x69
  .byte 0x63, 0x6f, 0x6e, 0x42, 0x67, 0x3a, 0x20, 0x22, 0x23, 0x31, 0x61, 0x32, 0x65, 0x31, 0x65, 0x22
  .byte 0x2c, 0x0a, 0x20, 0x20, 0x20, 0x20, 0x64, 0x69, 0x73, 0x70, 0x6c, 0x61, 0x79, 0x54, 0x65, 0x78
  .byte 0x74, 0x3a, 0x20, 0x22, 0x54, 0x65, 0x63, 0x68, 0x20, 0x63, 0x6f, 0x6e, 0x66, 0x65, 0x72, 0x65
  .byte 0x6e, 0x63, 0x65, 0x20, 0x69, 0x6e, 0x76, 0x69, 0x74, 0x61, 0x74, 0x69, 0x6f, 0x6e, 0x22, 0x2c
  .byte 0x0a, 0x20, 0x20, 0x20, 0x20, 0x70, 0x72, 0x6f, 0x6d, 0x70, 0x74, 0x3a, 0x20, 0x60, 0x43, 0x72
  .byte 0x65, 0x61, 0x74, 0x65, 0x20, 0x61, 0x6e, 0x20, 0x65, 0x78, 0x63, 0x69, 0x74, 0x69, 0x6e, 0x67
  .byte 0x20, 0x74, 0x65, 0x63, 0x68, 0x20, 0x63, 0x6f, 0x6e, 0x66, 0x65, 0x72, 0x65, 0x6e, 0x63, 0x65
  .byte 0x20, 0x69, 0x6e, 0x76, 0x69, 0x74, 0x61, 0x74, 0x69, 0x6f, 0x6e, 0x20, 0x65, 0x6d, 0x61, 0x69
  .byte 0x6c, 0x20, 0x66, 0x6f, 0x72, 0x20, 0x22, 0x44, 0x65, 0x76, 0x53, 0x75, 0x6d, 0x6d, 0x69, 0x74
  .byte 0x20, 0x32, 0x30, 0x32, 0x36, 0x22, 0x20, 0xe2, 0x80, 0x94, 0x20, 0x61, 0x20, 0x32, 0x2d, 0x64
  .byte 0x61, 0x79, 0x20, 0x64, 0x65, 0x76, 0x65, 0x6c, 0x6f, 0x70, 0x65, 0x72, 0x20, 0x63, 0x6f, 0x6e
  .byte 0x66, 0x65, 0x72, 0x65, 0x6e, 0x63, 0x65, 0x2e, 0x20, 0x55, 0x73, 0x65, 0x20, 0x65, 0x6c, 0x65
  .byte 0x63, 0x74, 0x72, 0x69, 0x63, 0x20, 0x70, 0x75, 0x72, 0x70, 0x6c, 0x65, 0x20, 0x28, 0x23, 0x37
  .byte 0x43, 0x33, 0x41, 0x45, 0x44, 0x29, 0x20, 0x61, 0x73, 0x20, 0x74, 0x68, 0x65, 0x20, 0x61, 0x63
  .byte 0x63, 0x65, 0x6e, 0x74, 0x20, 0x63, 0x6f, 0x6c, 0x6f, 0x72, 0x2e, 0x20, 0x4d, 0x61, 0x6b, 0x65
  .byte 0x20, 0x69, 0x74, 0x20, 0x62, 0x6f, 0x6c, 0x64, 0x2c, 0x20, 0x65, 0x6e, 0x65, 0x72, 0x67, 0x65
  .byte 0x74, 0x69, 0x63, 0x2c, 0x20, 0x61, 0x6e, 0x64, 0x20, 0x69, 0x6e, 0x66, 0x6f, 0x72, 0x6d, 0x61
  .byte 0x74, 0x69, 0x6f, 0x6e, 0x2d, 0x72, 0x69, 0x63, 0x68, 0x2e, 0x0a, 0x0a, 0x49, 0x6e, 0x63, 0x6c
  .byte 0x75, 0x64, 0x65, 0x20, 0x74, 0x68, 0x65, 0x73, 0x65, 0x20, 0x73, 0x65, 0x63, 0x74, 0x69, 0x6f
  .byte 0x6e, 0x73, 0x20, 0x69, 0x6e, 0x20, 0x6f, 0x72, 0x64, 0x65, 0x72, 0x3a, 0x0a, 0x0a, 0x31, 0x2e
  .byte 0x20, 0x45, 0x6d, 0x61, 0x69, 0x6c, 0x48, 0x65, 0x61, 0x64, 0x65, 0x72, 0x43, 0x65, 0x6e, 0x74
  .byte 0x65, 0x72, 0x65, 0x64, 0x4e, 0x61, 0x76, 0x20, 0x77, 0x69, 0x74, 0x68, 0x20, 0x6c, 0x6f, 0x67
  .byte 0x6f, 0x20, 0x28, 0x68, 0x74, 0x74, 0x70, 0x73, 0x3a, 0x2f, 0x2f, 0x70, 0x69, 0x63, 0x73, 0x75
  .byte 0x6d, 0x2e, 0x70, 0x68, 0x6f, 0x74, 0x6f, 0x73, 0x2f, 0x73, 0x65, 0x65, 0x64, 0x2f, 0x64, 0x65
  .byte 0x76, 0x73, 0x75, 0x6d, 0x6d, 0x69, 0x74, 0x2d, 0x6c, 0x6f, 0x67, 0x6f, 0x2f, 0x31, 0x35, 0x30
  .byte 0x2f, 0x34, 0x32, 0x2c, 0x20, 0x22, 0x44, 0x65, 0x76, 0x53, 0x75, 0x6d, 0x6d, 0x69, 0x74, 0x20
  .byte 0x32, 0x30, 0x32, 0x36, 0x22, 0x2c, 0x20, 0x68, 0x65, 0x69, 0x67, 0x68, 0x74, 0x20, 0x34, 0x32
  .byte 0x29, 0x20, 0x61, 0x6e, 0x64, 0x20, 0x33, 0x20, 0x6e, 0x61, 0x76, 0x20, 0x6c, 0x69, 0x6e, 0x6b
  .byte 0x73, 0x3a, 0x20, 0x22, 0x53, 0x70, 0x65, 0x61, 0x6b, 0x65, 0x72, 0x73, 0x22, 0x2c, 0x20, 0x22
  .byte 0x53, 0x63, 0x68, 0x65, 0x64, 0x75, 0x6c, 0x65, 0x22, 0x2c, 0x20, 0x22, 0x54, 0x69, 0x63, 0x6b
  .byte 0x65, 0x74, 0x73, 0x22, 0x0a, 0x32, 0x2e, 0x20, 0x45, 0x6d, 0x61, 0x69, 0x6c, 0x44, 0x69, 0x76
  .byte 0x69, 0x64, 0x65, 0x72, 0x0a, 0x33, 0x2e, 0x20, 0x45, 0x6d, 0x61, 0x69, 0x6c, 0x49, 0x6d, 0x61
  .byte 0x67, 0x65, 0x20, 0x68, 0x65, 0x72, 0x6f, 0x20, 0x28, 0x68, 0x74, 0x74, 0x70, 0x73, 0x3a, 0x2f
  .byte 0x2f, 0x69, 0x6d, 0x61, 0x67, 0x65, 0x73, 0x2e, 0x75, 0x6e, 0x73, 0x70, 0x6c, 0x61, 0x73, 0x68
  .byte 0x2e, 0x63, 0x6f, 0x6d, 0x2f, 0x70, 0x68, 0x6f, 0x74, 0x6f, 0x2d, 0x31, 0x35, 0x34, 0x30, 0x35
  .byte 0x37, 0x35, 0x34, 0x36, 0x37, 0x30, 0x36, 0x33, 0x2d, 0x31, 0x37, 0x38, 0x61, 0x35, 0x30, 0x63
  .byte 0x32, 0x64, 0x66, 0x38, 0x37, 0x3f, 0x77, 0x3d, 0x36, 0x30, 0x30, 0x26, 0x68, 0x3d, 0x33, 0x30
  .byte 0x30, 0x26, 0x66, 0x69, 0x74, 0x3d, 0x63, 0x72, 0x6f, 0x70, 0x2c, 0x20, 0x22, 0x44, 0x65, 0x76
  .byte 0x53, 0x75, 0x6d, 0x6d, 0x69, 0x74, 0x20, 0x32, 0x30, 0x32, 0x36, 0x20, 0xe2, 0x80, 0x94, 0x20
  .byte 0x4d, 0x61, 0x72, 0x63, 0x68, 0x20, 0x31, 0x35, 0x2d, 0x31, 0x36, 0x2c, 0x20, 0x53, 0x61, 0x6e
  .byte 0x20, 0x46, 0x72, 0x61, 0x6e, 0x63, 0x69, 0x73, 0x63, 0x6f, 0x22, 0x2c, 0x20, 0x36, 0x30, 0x30
  .byte 0x29, 0x0a, 0x34, 0x2e, 0x20, 0x45, 0x6d, 0x61, 0x69, 0x6c, 0x48, 0x65, 0x61, 0x64, 0x69, 0x6e
  .byte 0x67, 0x20, 0x22, 0x44, 0x65, 0x76, 0x53, 0x75, 0x6d, 0x6d, 0x69, 0x74, 0x20, 0x32, 0x30, 0x32
  .byte 0x36, 0x20, 0xe2, 0x80, 0x94, 0x20, 0x59, 0x6f, 0x75, 0x27, 0x72, 0x65, 0x20, 0x49, 0x6e, 0x76
  .byte 0x69, 0x74, 0x65, 0x64, 0x22, 0x20, 0x28, 0x6c, 0x65, 0x76, 0x65, 0x6c, 0x20, 0x31, 0x29, 0x0a
  .byte 0x35, 0x2e, 0x20, 0x45, 0x6d, 0x61, 0x69, 0x6c, 0x54, 0x65, 0x78, 0x74, 0x20, 0x22, 0x4a, 0x6f
  .byte 0x69, 0x6e, 0x20, 0x33, 0x2c, 0x30, 0x30, 0x30, 0x2b, 0x20, 0x64, 0x65, 0x76, 0x65, 0x6c, 0x6f
  .byte 0x70, 0x65, 0x72, 0x73, 0x2c, 0x20, 0x66, 0x6f, 0x75, 0x6e, 0x64, 0x65, 0x72, 0x73, 0x2c, 0x20
  .byte 0x61, 0x6e, 0x64, 0x20, 0x74, 0x65, 0x63, 0x68, 0x20, 0x6c, 0x65, 0x61, 0x64, 0x65, 0x72, 0x73
  .byte 0x20, 0x66, 0x6f, 0x72, 0x20, 0x74, 0x77, 0x6f, 0x20, 0x64, 0x61, 0x79, 0x73, 0x20, 0x6f, 0x66
  .byte 0x20, 0x74, 0x61, 0x6c, 0x6b, 0x73, 0x2c, 0x20, 0x77, 0x6f, 0x72, 0x6b, 0x73, 0x68, 0x6f, 0x70
  .byte 0x73, 0x2c, 0x20, 0x61, 0x6e, 0x64, 0x20, 0x6e, 0x65, 0x74, 0x77, 0x6f, 0x72, 0x6b, 0x69, 0x6e
  .byte 0x67, 0x20, 0x61, 0x74, 0x20, 0x74, 0x68, 0x65, 0x20, 0x4d, 0x6f, 0x73, 0x63, 0x6f, 0x6e, 0x65
  .byte 0x20, 0x43, 0x65, 0x6e, 0x74, 0x65, 0x72, 0x20, 0x69, 0x6e, 0x20, 0x53, 0x61, 0x6e, 0x20, 0x46
  .byte 0x72, 0x61, 0x6e, 0x63, 0x69, 0x73, 0x63, 0x6f, 0x2e, 0x20, 0x45, 0x61, 0x72, 0x6c, 0x79, 0x20
  .byte 0x62, 0x69, 0x72, 0x64, 0x20, 0x70, 0x72, 0x69, 0x63, 0x69, 0x6e, 0x67, 0x20, 0x65, 0x6e, 0x64
  .byte 0x73, 0x20, 0x73, 0x6f, 0x6f, 0x6e, 0x2e, 0x22, 0x0a, 0x36, 0x2e, 0x20, 0x45, 0x6d, 0x61, 0x69
  .byte 0x6c, 0x42, 0x75, 0x74, 0x74, 0x6f, 0x6e, 0x20, 0x22, 0x47, 0x65, 0x74, 0x20, 0x59, 0x6f, 0x75
  .byte 0x72, 0x20, 0x54, 0x69, 0x63, 0x6b, 0x65, 0x74, 0x22, 0x20, 0x6c, 0x69, 0x6e, 0x6b, 0x69, 0x6e
  .byte 0x67, 0x20, 0x74, 0x6f, 0x20, 0x68, 0x74, 0x74, 0x70, 0x73, 0x3a, 0x2f, 0x2f, 0x64, 0x65, 0x76
  .byte 0x73, 0x75, 0x6d, 0x6d, 0x69, 0x74, 0x2e, 0x64, 0x65, 0x76, 0x2f, 0x74, 0x69, 0x63, 0x6b, 0x65
  .byte 0x74, 0x73, 0x20, 0x77, 0x69, 0x74, 0x68, 0x20, 0x63, 0x6f, 0x6c, 0x6f, 0x72, 0x20, 0x23, 0x37
  .byte 0x43, 0x33, 0x41, 0x45, 0x44, 0x0a, 0x37, 0x2e, 0x20, 0x45, 0x6d, 0x61, 0x69, 0x6c, 0x44, 0x69
  .byte 0x76, 0x69, 0x64, 0x65, 0x72, 0x0a, 0x38, 0x2e, 0x20, 0x45, 0x6d, 0x61, 0x69, 0x6c, 0x53, 0x74
  .byte 0x61, 0x74, 0x73, 0x20, 0x77, 0x69, 0x74, 0x68, 0x20, 0x33, 0x20, 0x69, 0x74, 0x65, 0x6d, 0x73
  .byte 0x3a, 0x20, 0x28, 0x22, 0x35, 0x30, 0x2b, 0x22, 0x2c, 0x20, 0x22, 0x53, 0x70, 0x65, 0x61, 0x6b
  .byte 0x65, 0x72, 0x73, 0x22, 0x29, 0x2c, 0x20, 0x28, 0x22, 0x33, 0x2c, 0x30, 0x30, 0x30, 0x2b, 0x22
  .byte 0x2c, 0x20, 0x22, 0x41, 0x74, 0x74, 0x65, 0x6e, 0x64, 0x65, 0x65, 0x73, 0x22, 0x29, 0x2c, 0x20
  .byte 0x28, 0x22, 0x32, 0x22, 0x2c, 0x20, 0x22, 0x44, 0x61, 0x79, 0x73, 0x22, 0x29, 0x0a, 0x39, 0x2e
  .byte 0x20, 0x45, 0x6d, 0x61, 0x69, 0x6c, 0x44, 0x69, 0x76, 0x69, 0x64, 0x65, 0x72, 0x0a, 0x31, 0x30
  .byte 0x2e, 0x20, 0x45, 0x6d, 0x61, 0x69, 0x6c, 0x46, 0x65, 0x61, 0x74, 0x75, 0x72, 0x65, 0x47, 0x72
  .byte 0x69, 0x64, 0x20, 0x74, 0x69, 0x74, 0x6c, 0x65, 0x64, 0x20, 0x22, 0x57, 0x68, 0x61, 0x74, 0x20
  .byte 0x74, 0x6f, 0x20, 0x45, 0x78, 0x70, 0x65, 0x63, 0x74, 0x22, 0x20, 0x77, 0x69, 0x74, 0x68, 0x20
  .byte 0x64, 0x65, 0x73, 0x63, 0x72, 0x69, 0x70, 0x74, 0x69, 0x6f, 0x6e, 0x20, 0x22, 0x54, 0x77, 0x6f
  .byte 0x20, 0x64, 0x61, 0x79, 0x73, 0x20, 0x70, 0x61, 0x63, 0x6b, 0x65, 0x64, 0x20, 0x77, 0x69, 0x74
  .byte 0x68, 0x20, 0x69, 0x6e, 0x73, 0x69, 0x67, 0x68, 0x74, 0x73, 0x2c, 0x20, 0x68, 0x61, 0x6e, 0x64
  .byte 0x73, 0x2d, 0x6f, 0x6e, 0x20, 0x77, 0x6f, 0x72, 0x6b, 0x73, 0x68, 0x6f, 0x70, 0x73, 0x2c, 0x20
  .byte 0x61, 0x6e, 0x64, 0x20, 0x63, 0x6f, 0x6e, 0x6e, 0x65, 0x63, 0x74, 0x69, 0x6f, 0x6e, 0x73, 0x2e
  .byte 0x22, 0x20, 0x61, 0x6e, 0x64, 0x20, 0x34, 0x20, 0x69, 0x74, 0x65, 0x6d, 0x73, 0x3a, 0x0a, 0x20
  .byte 0x20, 0x20, 0x20, 0x2d, 0x20, 0x28, 0x68, 0x74, 0x74, 0x70, 0x73, 0x3a, 0x2f, 0x2f, 0x69, 0x6d
  .byte 0x61, 0x67, 0x65, 0x73, 0x2e, 0x75, 0x6e, 0x73, 0x70, 0x6c, 0x61, 0x73, 0x68, 0x2e, 0x63, 0x6f
  .byte 0x6d, 0x2f, 0x70, 0x68, 0x6f, 0x74, 0x6f, 0x2d, 0x31, 0x34, 0x37, 0x35, 0x37, 0x32, 0x31, 0x30
  .byte 0x32, 0x37, 0x37, 0x38, 0x35, 0x2d, 0x66, 0x37, 0x34, 0x65, 0x63, 0x63, 0x66, 0x38, 0x37, 0x37
  .byte 0x65, 0x32, 0x3f, 0x77, 0x3d, 0x34, 0x38, 0x26, 0x68, 0x3d, 0x34, 0x38, 0x26, 0x66, 0x69, 0x74
  .byte 0x3d, 0x63, 0x72, 0x6f, 0x70, 0x2c, 0x20, 0x22, 0x4b, 0x65, 0x79, 0x6e, 0x6f, 0x74, 0x65, 0x73
  .byte 0x22, 0x2c, 0x20, 0x22, 0x57, 0x6f, 0x72, 0x6c, 0x64, 0x2d, 0x43, 0x6c, 0x61, 0x73, 0x73, 0x20
  .byte 0x4b, 0x65, 0x79, 0x6e, 0x6f, 0x74, 0x65, 0x73, 0x22, 0x2c, 0x20, 0x22, 0x48, 0x65, 0x61, 0x72
  .byte 0x20, 0x66, 0x72, 0x6f, 0x6d, 0x20, 0x65, 0x6e, 0x67, 0x69, 0x6e, 0x65, 0x65, 0x72, 0x69, 0x6e
  .byte 0x67, 0x20, 0x6c, 0x65, 0x61, 0x64, 0x65, 0x72, 0x73, 0x20, 0x61, 0x74, 0x20, 0x56, 0x65, 0x72
  .byte 0x63, 0x65, 0x6c, 0x2c, 0x20, 0x53, 0x74, 0x72, 0x69, 0x70, 0x65, 0x2c, 0x20, 0x4c, 0x69, 0x6e
  .byte 0x65, 0x61, 0x72, 0x2c, 0x20, 0x61, 0x6e, 0x64, 0x20, 0x6d, 0x6f, 0x72, 0x65, 0x2e, 0x22, 0x29
  .byte 0x0a, 0x20, 0x20, 0x20, 0x20, 0x2d, 0x20, 0x28, 0x68, 0x74, 0x74, 0x70, 0x73, 0x3a, 0x2f, 0x2f
  .byte 0x69, 0x6d, 0x61, 0x67, 0x65, 0x73, 0x2e, 0x75, 0x6e, 0x73, 0x70, 0x6c, 0x61, 0x73, 0x68, 0x2e
  .byte 0x63, 0x6f, 0x6d, 0x2f, 0x70, 0x68, 0x6f, 0x74, 0x6f, 0x2d, 0x31, 0x35, 0x31, 0x37, 0x36, 0x39
  .byte 0x34, 0x37, 0x31, 0x32, 0x32, 0x30, 0x32, 0x2d, 0x31, 0x34, 0x64, 0x64, 0x39, 0x35, 0x33, 0x38
  .byte 0x61, 0x61, 0x39, 0x37, 0x3f, 0x77, 0x3d, 0x34, 0x38, 0x26, 0x68, 0x3d, 0x34, 0x38, 0x26, 0x66
  .byte 0x69, 0x74, 0x3d, 0x63, 0x72, 0x6f, 0x70, 0x2c, 0x20, 0x22, 0x57, 0x6f, 0x72, 0x6b, 0x73, 0x68
  .byte 0x6f, 0x70, 0x73, 0x22, 0x2c, 0x20, 0x22, 0x48, 0x61, 0x6e, 0x64, 0x73, 0x2d, 0x6f, 0x6e, 0x20
  .byte 0x57, 0x6f, 0x72, 0x6b, 0x73, 0x68, 0x6f, 0x70, 0x73, 0x22, 0x2c, 0x20, 0x22, 0x42, 0x75, 0x69
  .byte 0x6c, 0x64, 0x20, 0x72, 0x65, 0x61, 0x6c, 0x20, 0x70, 0x72, 0x6f, 0x6a, 0x65, 0x63, 0x74, 0x73
  .byte 0x20, 0x77, 0x69, 0x74, 0x68, 0x20, 0x41, 0x49, 0x2c, 0x20, 0x52, 0x65, 0x61, 0x63, 0x74, 0x20
  .byte 0x53, 0x65, 0x72, 0x76, 0x65, 0x72, 0x20, 0x43, 0x6f, 0x6d, 0x70, 0x6f, 0x6e, 0x65, 0x6e, 0x74
  .byte 0x73, 0x2c, 0x20, 0x61, 0x6e, 0x64, 0x20, 0x65, 0x64, 0x67, 0x65, 0x20, 0x63, 0x6f, 0x6d, 0x70
  .byte 0x75, 0x74, 0x69, 0x6e, 0x67, 0x2e, 0x22, 0x29, 0x0a, 0x20, 0x20, 0x20, 0x20, 0x2d, 0x20, 0x28
  .byte 0x68, 0x74, 0x74, 0x70, 0x73, 0x3a, 0x2f, 0x2f, 0x69, 0x6d, 0x61, 0x67, 0x65, 0x73, 0x2e, 0x75
  .byte 0x6e, 0x73, 0x70, 0x6c, 0x61, 0x73, 0x68, 0x2e, 0x63, 0x6f, 0x6d, 0x2f, 0x70, 0x68, 0x6f, 0x74
  .byte 0x6f, 0x2d, 0x31, 0x35, 0x32, 0x39, 0x30, 0x37, 0x30, 0x35, 0x33, 0x38, 0x37, 0x37, 0x34, 0x2d
  .byte 0x31, 0x38, 0x34, 0x33, 0x63, 0x62, 0x33, 0x32, 0x36, 0x35, 0x64, 0x66, 0x3f, 0x77, 0x3d, 0x34
  .byte 0x38, 0x26, 0x68, 0x3d, 0x34, 0x38, 0x26, 0x66, 0x69, 0x74, 0x3d, 0x63, 0x72, 0x6f, 0x70, 0x2c
  .byte 0x20, 0x22, 0x4e, 0x65, 0x74, 0x77, 0x6f, 0x72, 0x6b, 0x69, 0x6e, 0x67, 0x22, 0x2c, 0x20, 0x22
  .byte 0x4e, 0x65, 0x74, 0x77, 0x6f, 0x72, 0x6b, 0x69, 0x6e, 0x67, 0x20, 0x45, 0x76, 0x65, 0x6e, 0x74
  .byte 0x73, 0x22, 0x2c, 0x20, 0x22, 0x45, 0x76, 0x65, 0x6e, 0x69, 0x6e, 0x67, 0x20, 0x6d, 0x69, 0x78
  .byte 0x65, 0x72, 0x73, 0x2c, 0x20, 0x31, 0x3a, 0x31, 0x20, 0x6d, 0x65, 0x6e, 0x74, 0x6f, 0x72, 0x69
  .byte 0x6e, 0x67, 0x20, 0x73, 0x65, 0x73, 0x73, 0x69, 0x6f, 0x6e, 0x73, 0x2c, 0x20, 0x61, 0x6e, 0x64
  .byte 0x20, 0x74, 0x68, 0x65, 0x20, 0x6c, 0x65, 0x67, 0x65, 0x6e, 0x64, 0x61, 0x72, 0x79, 0x20, 0x61
  .byte 0x66, 0x74, 0x65, 0x72, 0x2d, 0x70, 0x61, 0x72, 0x74, 0x79, 0x2e, 0x22, 0x29, 0x0a, 0x20, 0x20
  .byte 0x20, 0x20, 0x2d, 0x20, 0x28, 0x68, 0x74, 0x74, 0x70, 0x73, 0x3a, 0x2f, 0x2f, 0x69, 0x6d, 0x61
  .byte 0x67, 0x65, 0x73, 0x2e, 0x75, 0x6e, 0x73, 0x70, 0x6c, 0x61, 0x73, 0x68, 0x2e, 0x63, 0x6f, 0x6d
  .byte 0x2f, 0x70, 0x68, 0x6f, 0x74, 0x6f, 0x2d, 0x31, 0x35, 0x35, 0x39, 0x31, 0x33, 0x36, 0x35, 0x35
  .byte 0x35, 0x2d, 0x39, 0x33, 0x30, 0x33, 0x62, 0x61, 0x65, 0x61, 0x38, 0x65, 0x62, 0x64, 0x3f, 0x77
  .byte 0x3d, 0x34, 0x38, 0x26, 0x68, 0x3d, 0x34, 0x38, 0x26, 0x66, 0x69, 0x74, 0x3d, 0x63, 0x72, 0x6f
  .byte 0x70, 0x2c, 0x20, 0x22, 0x45, 0x78, 0x70, 0x6f, 0x22, 0x2c, 0x20, 0x22, 0x53, 0x74, 0x61, 0x72
  .byte 0x74, 0x75, 0x70, 0x20, 0x45, 0x78, 0x70, 0x6f, 0x22, 0x2c, 0x20, 0x22, 0x4d, 0x65, 0x65, 0x74
  .byte 0x20, 0x34, 0x30, 0x2b, 0x20, 0x73, 0x74, 0x61, 0x72, 0x74, 0x75, 0x70, 0x73, 0x20, 0x73, 0x68
  .byte 0x6f, 0x77, 0x63, 0x61, 0x73, 0x69, 0x6e, 0x67, 0x20, 0x63, 0x75, 0x74, 0x74, 0x69, 0x6e, 0x67
  .byte 0x2d, 0x65, 0x64, 0x67, 0x65, 0x20, 0x64, 0x65, 0x76, 0x65, 0x6c, 0x6f, 0x70, 0x65, 0x72, 0x20
  .byte 0x74, 0x6f, 0x6f, 0x6c, 0x73, 0x2e, 0x22, 0x29, 0x0a, 0x31, 0x31, 0x2e, 0x20, 0x45, 0x6d, 0x61
  .byte 0x69, 0x6c, 0x44, 0x69, 0x76, 0x69, 0x64, 0x65, 0x72, 0x0a, 0x31, 0x32, 0x2e, 0x20, 0x45, 0x6d
  .byte 0x61, 0x69, 0x6c, 0x4c, 0x69, 0x73, 0x74, 0x20, 0x74, 0x69, 0x74, 0x6c, 0x65, 0x64, 0x20, 0x22
  .byte 0x46, 0x65, 0x61, 0x74, 0x75, 0x72, 0x65, 0x64, 0x20, 0x53, 0x70, 0x65, 0x61, 0x6b, 0x65, 0x72
  .byte 0x73, 0x22, 0x20, 0x77, 0x69, 0x74, 0x68, 0x20, 0x33, 0x20, 0x69, 0x74, 0x65, 0x6d, 0x73, 0x3a
  .byte 0x0a, 0x20, 0x20, 0x20, 0x20, 0x2d, 0x20, 0x22, 0x53, 0x61, 0x72, 0x61, 0x68, 0x20, 0x44, 0x72
  .byte 0x61, 0x73, 0x6e, 0x65, 0x72, 0x22, 0x20, 0x2f, 0x20, 0x22, 0x56, 0x50, 0x20, 0x6f, 0x66, 0x20
  .byte 0x44, 0x65, 0x76, 0x65, 0x6c, 0x6f, 0x70, 0x65, 0x72, 0x20, 0x45, 0x78, 0x70, 0x65, 0x72, 0x69
  .byte 0x65, 0x6e, 0x63, 0x65, 0x20, 0x61, 0x74, 0x20, 0x4e, 0x65, 0x74, 0x6c, 0x69, 0x66, 0x79, 0x2e
  .byte 0x20, 0x4b, 0x65, 0x79, 0x6e, 0x6f, 0x74, 0x65, 0x20, 0x6f, 0x6e, 0x20, 0x74, 0x68, 0x65, 0x20
  .byte 0x66, 0x75, 0x74, 0x75, 0x72, 0x65, 0x20, 0x6f, 0x66, 0x20, 0x77, 0x65, 0x62, 0x20, 0x64, 0x65
  .byte 0x76, 0x65, 0x6c, 0x6f, 0x70, 0x6d, 0x65, 0x6e, 0x74, 0x20, 0x61, 0x6e, 0x64, 0x20, 0x41, 0x49
  .byte 0x2d, 0x61, 0x73, 0x73, 0x69, 0x73, 0x74, 0x65, 0x64, 0x20, 0x63, 0x6f, 0x64, 0x69, 0x6e, 0x67
  .byte 0x2e, 0x22, 0x0a, 0x20, 0x20, 0x20, 0x20, 0x2d, 0x20, 0x22, 0x47, 0x75, 0x69, 0x6c, 0x6c, 0x65
  .byte 0x72, 0x6d, 0x6f, 0x20, 0x52, 0x61, 0x75, 0x63, 0x68, 0x22, 0x20, 0x2f, 0x20, 0x22, 0x43, 0x45
  .byte 0x4f, 0x20, 0x6f, 0x66, 0x20, 0x56, 0x65, 0x72, 0x63, 0x65, 0x6c, 0x2e, 0x20, 0x54, 0x61, 0x6c
  .byte 0x6b, 0x20, 0x6f, 0x6e, 0x20, 0x74, 0x68, 0x65, 0x20, 0x65, 0x76, 0x6f, 0x6c, 0x75, 0x74, 0x69
  .byte 0x6f, 0x6e, 0x20, 0x6f, 0x66, 0x20, 0x52, 0x65, 0x61, 0x63, 0x74, 0x20, 0x61, 0x6e, 0x64, 0x20
  .byte 0x77, 0x68, 0x61, 0x74, 0x27, 0x73, 0x20, 0x6e, 0x65, 0x78, 0x74, 0x20, 0x66, 0x6f, 0x72, 0x20
  .byte 0x74, 0x68, 0x65, 0x20, 0x66, 0x72, 0x61, 0x6d, 0x65, 0x77, 0x6f, 0x72, 0x6b, 0x20, 0x65, 0x63
  .byte 0x6f, 0x73, 0x79, 0x73, 0x74, 0x65, 0x6d, 0x2e, 0x22, 0x0a, 0x20, 0x20, 0x20, 0x20, 0x2d, 0x20
  .byte 0x22, 0x4c, 0x65, 0x61, 0x20, 0x56, 0x65, 0x72, 0x6f, 0x75, 0x22, 0x20, 0x2f, 0x20, 0x22, 0x57
  .byte 0x33, 0x43, 0x20, 0x54, 0x41, 0x47, 0x20, 0x6d, 0x65, 0x6d, 0x62, 0x65, 0x72, 0x2e, 0x20, 0x57
  .byte 0x6f, 0x72, 0x6b, 0x73, 0x68, 0x6f, 0x70, 0x20, 0x6f, 0x6e, 0x20, 0x6d, 0x6f, 0x64, 0x65, 0x72
  .byte 0x6e, 0x20, 0x43, 0x53, 0x53, 0x20, 0x74, 0x65, 0x63, 0x68, 0x6e, 0x69, 0x71, 0x75, 0x65, 0x73
  .byte 0x20, 0x74, 0x68, 0x61, 0x74, 0x20, 0x77, 0x69, 0x6c, 0x6c, 0x20, 0x63, 0x68, 0x61, 0x6e, 0x67
  .byte 0x65, 0x20, 0x68, 0x6f, 0x77, 0x20, 0x79, 0x6f, 0x75, 0x20, 0x62, 0x75, 0x69, 0x6c, 0x64, 0x20
  .byte 0x69, 0x6e, 0x74, 0x65, 0x72, 0x66, 0x61, 0x63, 0x65, 0x73, 0x2e, 0x22, 0x0a, 0x31, 0x33, 0x2e
  .byte 0x20, 0x45, 0x6d, 0x61, 0x69, 0x6c, 0x44, 0x69, 0x76, 0x69, 0x64, 0x65, 0x72, 0x0a, 0x31, 0x34
  .byte 0x2e, 0x20, 0x45, 0x6d, 0x61, 0x69, 0x6c, 0x50, 0x72, 0x69, 0x63, 0x69, 0x6e, 0x67, 0x43, 0x61
  .byte 0x72, 0x64, 0x20, 0x77, 0x69, 0x74, 0x68, 0x20, 0x62, 0x61, 0x64, 0x67, 0x65, 0x20, 0x22, 0x45
  .byte 0x41, 0x52, 0x4c, 0x59, 0x20, 0x42, 0x49, 0x52, 0x44, 0x22, 0x2c, 0x20, 0x70, 0x72, 0x69, 0x63
  .byte 0x65, 0x20, 0x22, 0x24, 0x32, 0x39, 0x39, 0x22, 0x2c, 0x20, 0x70, 0x65, 0x72, 0x69, 0x6f, 0x64
  .byte 0x20, 0x22, 0x2f, 0x20, 0x70, 0x65, 0x72, 0x73, 0x6f, 0x6e, 0x22, 0x2c, 0x20, 0x64, 0x65, 0x73
  .byte 0x63, 0x72, 0x69, 0x70, 0x74, 0x69, 0x6f, 0x6e, 0x20, 0x22, 0x46, 0x75, 0x6c, 0x6c, 0x20, 0x61
  .byte 0x63, 0x63, 0x65, 0x73, 0x73, 0x20, 0x74, 0x6f, 0x20, 0x61, 0x6c, 0x6c, 0x20, 0x74, 0x61, 0x6c
  .byte 0x6b, 0x73, 0x2c, 0x20, 0x77, 0x6f, 0x72, 0x6b, 0x73, 0x68, 0x6f, 0x70, 0x73, 0x2c, 0x20, 0x6e
  .byte 0x65, 0x74, 0x77, 0x6f, 0x72, 0x6b, 0x69, 0x6e, 0x67, 0x20, 0x65, 0x76, 0x65, 0x6e, 0x74, 0x73
  .byte 0x2c, 0x20, 0x6d, 0x65, 0x61, 0x6c, 0x73, 0x2c, 0x20, 0x61, 0x6e, 0x64, 0x20, 0x74, 0x68, 0x65
  .byte 0x20, 0x61, 0x66, 0x74, 0x65, 0x72, 0x2d, 0x70, 0x61, 0x72, 0x74, 0x79, 0x2e, 0x20, 0x47, 0x72
  .byte 0x6f, 0x75, 0x70, 0x20, 0x64, 0x69, 0x73, 0x63, 0x6f, 0x75, 0x6e, 0x74, 0x73, 0x20, 0x61, 0x76
  .byte 0x61, 0x69, 0x6c, 0x61, 0x62, 0x6c, 0x65, 0x20, 0x66, 0x6f, 0x72, 0x20, 0x74, 0x65, 0x61, 0x6d
  .byte 0x73, 0x20, 0x6f, 0x66, 0x20, 0x35, 0x2b, 0x2e, 0x22, 0x2c, 0x20, 0x66, 0x65, 0x61, 0x74, 0x75
  .byte 0x72, 0x65, 0x73, 0x3a, 0x20, 0x22, 0x41, 0x6c, 0x6c, 0x20, 0x6b, 0x65, 0x79, 0x6e, 0x6f, 0x74
  .byte 0x65, 0x73, 0x20, 0x26, 0x20, 0x73, 0x65, 0x73, 0x73, 0x69, 0x6f, 0x6e, 0x73, 0x22, 0x2c, 0x20
  .byte 0x22, 0x48, 0x61, 0x6e, 0x64, 0x73, 0x2d, 0x6f, 0x6e, 0x20, 0x77, 0x6f, 0x72, 0x6b, 0x73, 0x68
  .byte 0x6f, 0x70, 0x20, 0x61, 0x63, 0x63, 0x65, 0x73, 0x73, 0x22, 0x2c, 0x20, 0x22, 0x4e, 0x65, 0x74
  .byte 0x77, 0x6f, 0x72, 0x6b, 0x69, 0x6e, 0x67, 0x20, 0x6d, 0x69, 0x78, 0x65, 0x72, 0x20, 0x2b, 0x20
  .byte 0x61, 0x66, 0x74, 0x65, 0x72, 0x2d, 0x70, 0x61, 0x72, 0x74, 0x79, 0x22, 0x2c, 0x20, 0x22, 0x4c
  .byte 0x75, 0x6e, 0x63, 0x68, 0x20, 0x26, 0x20, 0x72, 0x65, 0x66, 0x72, 0x65, 0x73, 0x68, 0x6d, 0x65
  .byte 0x6e, 0x74, 0x73, 0x20, 0x62, 0x6f, 0x74, 0x68, 0x20, 0x64, 0x61, 0x79, 0x73, 0x22, 0x2c, 0x20
  .byte 0x62, 0x75, 0x74, 0x74, 0x6f, 0x6e, 0x20, 0x22, 0x43, 0x6c, 0x61, 0x69, 0x6d, 0x20, 0x45, 0x61
  .byte 0x72, 0x6c, 0x79, 0x20, 0x42, 0x69, 0x72, 0x64, 0x20, 0x50, 0x72, 0x69, 0x63, 0x65, 0x22, 0x20
  .byte 0x77, 0x69, 0x74, 0x68, 0x20, 0x68, 0x72, 0x65, 0x66, 0x20, 0x68, 0x74, 0x74, 0x70, 0x73, 0x3a
  .byte 0x2f, 0x2f, 0x64, 0x65, 0x76, 0x73, 0x75, 0x6d, 0x6d, 0x69, 0x74, 0x2e, 0x64, 0x65, 0x76, 0x2f
  .byte 0x74, 0x69, 0x63, 0x6b, 0x65, 0x74, 0x73, 0x20, 0x61, 0x6e, 0x64, 0x20, 0x63, 0x6f, 0x6c, 0x6f
  .byte 0x72, 0x20, 0x23, 0x37, 0x43, 0x33, 0x41, 0x45, 0x44, 0x0a, 0x31, 0x35, 0x2e, 0x20, 0x45, 0x6d
  .byte 0x61, 0x69, 0x6c, 0x44, 0x69, 0x76, 0x69, 0x64, 0x65, 0x72, 0x0a, 0x31, 0x36, 0x2e, 0x20, 0x45
  .byte 0x6d, 0x61, 0x69, 0x6c, 0x53, 0x75, 0x72, 0x76, 0x65, 0x79, 0x52, 0x61, 0x74, 0x69, 0x6e, 0x67
  .byte 0x20, 0x77, 0x69, 0x74, 0x68, 0x20, 0x71, 0x75, 0x65, 0x73, 0x74, 0x69, 0x6f, 0x6e, 0x20, 0x22
  .byte 0x49, 0x6e, 0x74, 0x65, 0x72, 0x65, 0x73, 0x74, 0x65, 0x64, 0x20, 0x69, 0x6e, 0x20, 0x61, 0x74
  .byte 0x74, 0x65, 0x6e, 0x64, 0x69, 0x6e, 0x67, 0x3f, 0x22, 0x20, 0x61, 0x6e, 0x64, 0x20, 0x64, 0x65
  .byte 0x73, 0x63, 0x72, 0x69, 0x70, 0x74, 0x69, 0x6f, 0x6e, 0x20, 0x22, 0x52, 0x61, 0x74, 0x65, 0x20
  .byte 0x79, 0x6f, 0x75, 0x72, 0x20, 0x69, 0x6e, 0x74, 0x65, 0x72, 0x65, 0x73, 0x74, 0x20, 0x61, 0x6e
  .byte 0x64, 0x20, 0x77, 0x65, 0x27, 0x6c, 0x6c, 0x20, 0x73, 0x65, 0x6e, 0x64, 0x20, 0x79, 0x6f, 0x75
  .byte 0x20, 0x75, 0x70, 0x64, 0x61, 0x74, 0x65, 0x73, 0x2e, 0x22, 0x20, 0x61, 0x6e, 0x64, 0x20, 0x63
  .byte 0x6f, 0x6c, 0x6f, 0x72, 0x20, 0x23, 0x37, 0x43, 0x33, 0x41, 0x45, 0x44, 0x0a, 0x31, 0x37, 0x2e
  .byte 0x20, 0x45, 0x6d, 0x61, 0x69, 0x6c, 0x44, 0x69, 0x76, 0x69, 0x64, 0x65, 0x72, 0x0a, 0x31, 0x38
  .byte 0x2e, 0x20, 0x45, 0x6d, 0x61, 0x69, 0x6c, 0x46, 0x6f, 0x6f, 0x74, 0x65, 0x72, 0x43, 0x65, 0x6e
  .byte 0x74, 0x65, 0x72, 0x65, 0x64, 0x20, 0x77, 0x69, 0x74, 0x68, 0x20, 0x6c, 0x6f, 0x67, 0x6f, 0x20
  .byte 0x28, 0x68, 0x74, 0x74, 0x70, 0x73, 0x3a, 0x2f, 0x2f, 0x70, 0x69, 0x63, 0x73, 0x75, 0x6d, 0x2e
  .byte 0x70, 0x68, 0x6f, 0x74, 0x6f, 0x73, 0x2f, 0x73, 0x65, 0x65, 0x64, 0x2f, 0x64, 0x65, 0x76, 0x73
  .byte 0x75, 0x6d, 0x6d, 0x69, 0x74, 0x2d, 0x69, 0x63, 0x6f, 0x6e, 0x2f, 0x34, 0x32, 0x2f, 0x34, 0x32
  .byte 0x2c, 0x20, 0x22, 0x44, 0x65, 0x76, 0x53, 0x75, 0x6d, 0x6d, 0x69, 0x74, 0x22, 0x29, 0x2c, 0x20
  .byte 0x63, 0x6f, 0x6d, 0x70, 0x61, 0x6e, 0x79, 0x20, 0x22, 0x44, 0x65, 0x76, 0x53, 0x75, 0x6d, 0x6d
  .byte 0x69, 0x74, 0x22, 0x2c, 0x20, 0x74, 0x61, 0x67, 0x6c, 0x69, 0x6e, 0x65, 0x20, 0x22, 0x57, 0x68
  .byte 0x65, 0x72, 0x65, 0x20, 0x64, 0x65, 0x76, 0x65, 0x6c, 0x6f, 0x70, 0x65, 0x72, 0x73, 0x20, 0x63
  .byte 0x6f, 0x6e, 0x6e, 0x65, 0x63, 0x74, 0x22, 0x2c, 0x20, 0x61, 0x64, 0x64, 0x72, 0x65, 0x73, 0x73
  .byte 0x20, 0x22, 0x4d, 0x6f, 0x73, 0x63, 0x6f, 0x6e, 0x65, 0x20, 0x43, 0x65, 0x6e, 0x74, 0x65, 0x72
  .byte 0x20, 0xc2, 0xb7, 0x20, 0x37, 0x34, 0x37, 0x20, 0x48, 0x6f, 0x77, 0x61, 0x72, 0x64, 0x20, 0x53
  .byte 0x74, 0x20, 0xc2, 0xb7, 0x20, 0x53, 0x61, 0x6e, 0x20, 0x46, 0x72, 0x61, 0x6e, 0x63, 0x69, 0x73
  .byte 0x63, 0x6f, 0x2c, 0x20, 0x43, 0x41, 0x20, 0x39, 0x34, 0x31, 0x30, 0x33, 0x22, 0x2c, 0x20, 0x63
  .byte 0x6f, 0x6e, 0x74, 0x61, 0x63, 0x74, 0x20, 0x22, 0x68, 0x65, 0x6c, 0x6c, 0x6f, 0x40, 0x64, 0x65
  .byte 0x76, 0x73, 0x75, 0x6d, 0x6d, 0x69, 0x74, 0x2e, 0x64, 0x65, 0x76, 0x22, 0x2c, 0x20, 0x61, 0x6e
  .byte 0x64, 0x20, 0x33, 0x20, 0x73, 0x6f, 0x63, 0x69, 0x61, 0x6c, 0x20, 0x69, 0x63, 0x6f, 0x6e, 0x73
  .byte 0x3a, 0x0a, 0x20, 0x20, 0x20, 0x20, 0x2d, 0x20, 0x28, 0x68, 0x74, 0x74, 0x70, 0x73, 0x3a, 0x2f
  .byte 0x2f, 0x72, 0x65, 0x61, 0x63, 0x74, 0x2e, 0x65, 0x6d, 0x61, 0x69, 0x6c, 0x2f, 0x73, 0x74, 0x61
  .byte 0x74, 0x69, 0x63, 0x2f, 0x66, 0x61, 0x63, 0x65, 0x62, 0x6f, 0x6f, 0x6b, 0x2d, 0x6c, 0x6f, 0x67
  .byte 0x6f, 0x2e, 0x70, 0x6e, 0x67, 0x2c, 0x20, 0x22, 0x46, 0x61, 0x63, 0x65, 0x62, 0x6f, 0x6f, 0x6b
  .byte 0x22, 0x2c, 0x20, 0x68, 0x74, 0x74, 0x70, 0x73, 0x3a, 0x2f, 0x2f, 0x66, 0x61, 0x63, 0x65, 0x62
  .byte 0x6f, 0x6f, 0x6b, 0x2e, 0x63, 0x6f, 0x6d, 0x2f, 0x64, 0x65, 0x76, 0x73, 0x75, 0x6d, 0x6d, 0x69
  .byte 0x74, 0x29, 0x0a, 0x20, 0x20, 0x20, 0x20, 0x2d, 0x20, 0x28, 0x68, 0x74, 0x74, 0x70, 0x73, 0x3a
  .byte 0x2f, 0x2f, 0x72, 0x65, 0x61, 0x63, 0x74, 0x2e, 0x65, 0x6d, 0x61, 0x69, 0x6c, 0x2f, 0x73, 0x74
  .byte 0x61, 0x74, 0x69, 0x63, 0x2f, 0x78, 0x2d, 0x6c, 0x6f, 0x67, 0x6f, 0x2e, 0x70, 0x6e, 0x67, 0x2c
  .byte 0x20, 0x22, 0x58, 0x22, 0x2c, 0x20, 0x68, 0x74, 0x74, 0x70, 0x73, 0x3a, 0x2f, 0x2f, 0x78, 0x2e
  .byte 0x63, 0x6f, 0x6d, 0x2f, 0x64, 0x65, 0x76, 0x73, 0x75, 0x6d, 0x6d, 0x69, 0x74, 0x29, 0x0a, 0x20
  .byte 0x20, 0x20, 0x20, 0x2d, 0x20, 0x28, 0x68, 0x74, 0x74, 0x70, 0x73, 0x3a, 0x2f, 0x2f, 0x72, 0x65
  .byte 0x61, 0x63, 0x74, 0x2e, 0x65, 0x6d, 0x61, 0x69, 0x6c, 0x2f, 0x73, 0x74, 0x61, 0x74, 0x69, 0x63
  .byte 0x2f, 0x69, 0x6e, 0x73, 0x74, 0x61, 0x67, 0x72, 0x61, 0x6d, 0x2d, 0x6c, 0x6f, 0x67, 0x6f, 0x2e
  .byte 0x70, 0x6e, 0x67, 0x2c, 0x20, 0x22, 0x49, 0x6e, 0x73, 0x74, 0x61, 0x67, 0x72, 0x61, 0x6d, 0x22
  .byte 0x2c, 0x20, 0x68, 0x74, 0x74, 0x70, 0x73, 0x3a, 0x2f, 0x2f, 0x69, 0x6e, 0x73, 0x74, 0x61, 0x67
  .byte 0x72, 0x61, 0x6d, 0x2e, 0x63, 0x6f, 0x6d, 0x2f, 0x64, 0x65, 0x76, 0x73, 0x75, 0x6d, 0x6d, 0x69
  .byte 0x74, 0x29, 0x60, 0x2c, 0x0a, 0x20, 0x20, 0x7d, 0x2c, 0x0a, 0x20, 0x20, 0x7b, 0x0a, 0x20, 0x20
  .byte 0x20, 0x20, 0x69, 0x63, 0x6f, 0x6e, 0x3a, 0x20, 0x22, 0x5c, 0x75, 0x32, 0x37, 0x30, 0x38, 0x5c
  .byte 0x75, 0x46, 0x45, 0x30, 0x46, 0x22, 0x2c, 0x0a, 0x20, 0x20, 0x20, 0x20, 0x69, 0x63, 0x6f, 0x6e
  .byte 0x42, 0x67, 0x3a, 0x20, 0x22, 0x23, 0x32, 0x65, 0x31, 0x61, 0x31, 0x61, 0x22, 0x2c, 0x0a, 0x20
  .byte 0x20, 0x20, 0x20, 0x64, 0x69, 0x73, 0x70, 0x6c, 0x61, 0x79, 0x54, 0x65, 0x78, 0x74, 0x3a, 0x20
  .byte 0x22, 0x54, 0x72, 0x61, 0x76, 0x65, 0x6c, 0x20, 0x6d, 0x61, 0x72, 0x6b, 0x65, 0x74, 0x70, 0x6c
  .byte 0x61, 0x63, 0x65, 0x20, 0x6e, 0x65, 0x77, 0x73, 0x6c, 0x65, 0x74, 0x74, 0x65, 0x72, 0x22, 0x2c
  .byte 0x0a, 0x20, 0x20, 0x20, 0x20, 0x70, 0x72, 0x6f, 0x6d, 0x70, 0x74, 0x3a, 0x20, 0x60, 0x43, 0x72
  .byte 0x65, 0x61, 0x74, 0x65, 0x20, 0x61, 0x20, 0x77, 0x61, 0x72, 0x6d, 0x2c, 0x20, 0x62, 0x65, 0x61
  .byte 0x75, 0x74, 0x69, 0x66, 0x75, 0x6c, 0x20, 0x74, 0x72, 0x61, 0x76, 0x65, 0x6c, 0x20, 0x6d, 0x61
  .byte 0x72, 0x6b, 0x65, 0x74, 0x70, 0x6c, 0x61, 0x63, 0x65, 0x20, 0x6e, 0x65, 0x77, 0x73, 0x6c, 0x65
  .byte 0x74, 0x74, 0x65, 0x72, 0x20, 0x65, 0x6d, 0x61, 0x69, 0x6c, 0x20, 0x66, 0x6f, 0x72, 0x20, 0x61
  .byte 0x6e, 0x20, 0x41, 0x69, 0x72, 0x62, 0x6e, 0x62, 0x2d, 0x6c, 0x69, 0x6b, 0x65, 0x20, 0x70, 0x6c
  .byte 0x61, 0x74, 0x66, 0x6f, 0x72, 0x6d, 0x20, 0x63, 0x61, 0x6c, 0x6c, 0x65, 0x64, 0x20, 0x22, 0x57
  .byte 0x61, 0x6e, 0x64, 0x65, 0x72, 0x6c, 0x79, 0x22, 0x2e, 0x20, 0x55, 0x73, 0x65, 0x20, 0x63, 0x6f
  .byte 0x72, 0x61, 0x6c, 0x20, 0x28, 0x23, 0x46, 0x46, 0x35, 0x41, 0x35, 0x46, 0x29, 0x20, 0x61, 0x73
  .byte 0x20, 0x74, 0x68, 0x65, 0x20, 0x61, 0x63, 0x63, 0x65, 0x6e, 0x74, 0x20, 0x63, 0x6f, 0x6c, 0x6f
  .byte 0x72, 0x2e, 0x20, 0x4d, 0x61, 0x6b, 0x65, 0x20, 0x69, 0x74, 0x20, 0x69, 0x6d, 0x61, 0x67, 0x65
  .byte 0x2d, 0x72, 0x69, 0x63, 0x68, 0x2c, 0x20, 0x66, 0x72, 0x69, 0x65, 0x6e, 0x64, 0x6c, 0x79, 0x2c
  .byte 0x20, 0x61, 0x6e, 0x64, 0x20, 0x69, 0x6e, 0x73, 0x70, 0x69, 0x72, 0x69, 0x6e, 0x67, 0x2e, 0x0a
  .byte 0x0a, 0x49, 0x6e, 0x63, 0x6c, 0x75, 0x64, 0x65, 0x20, 0x74, 0x68, 0x65, 0x73, 0x65, 0x20, 0x73
  .byte 0x65, 0x63, 0x74, 0x69, 0x6f, 0x6e, 0x73, 0x20, 0x69, 0x6e, 0x20, 0x6f, 0x72, 0x64, 0x65, 0x72
  .byte 0x3a, 0x0a, 0x0a, 0x31, 0x2e, 0x20, 0x45, 0x6d, 0x61, 0x69, 0x6c, 0x48, 0x65, 0x61, 0x64, 0x65
  .byte 0x72, 0x43, 0x65, 0x6e, 0x74, 0x65, 0x72, 0x65, 0x64, 0x4e, 0x61, 0x76, 0x20, 0x77, 0x69, 0x74
  .byte 0x68, 0x20, 0x6c, 0x6f, 0x67, 0x6f, 0x20, 0x28, 0x68, 0x74, 0x74, 0x70, 0x73, 0x3a, 0x2f, 0x2f
  .byte 0x70, 0x69, 0x63, 0x73, 0x75, 0x6d, 0x2e, 0x70, 0x68, 0x6f, 0x74, 0x6f, 0x73, 0x2f, 0x73, 0x65
  .byte 0x65, 0x64, 0x2f, 0x77, 0x61, 0x6e, 0x64, 0x65, 0x72, 0x6c, 0x79, 0x2d, 0x6c, 0x6f, 0x67, 0x6f
  .byte 0x2f, 0x31, 0x35, 0x30, 0x2f, 0x34, 0x32, 0x2c, 0x20, 0x22, 0x57, 0x61, 0x6e, 0x64, 0x65, 0x72
  .byte 0x6c, 0x79, 0x22, 0x2c, 0x20, 0x68, 0x65, 0x69, 0x67, 0x68, 0x74, 0x20, 0x34, 0x32, 0x29, 0x20
  .byte 0x61, 0x6e, 0x64, 0x20, 0x33, 0x20, 0x6e, 0x61, 0x76, 0x20, 0x6c, 0x69, 0x6e, 0x6b, 0x73, 0x3a
  .byte 0x20, 0x22, 0x45, 0x78, 0x70, 0x6c, 0x6f, 0x72, 0x65, 0x22, 0x2c, 0x20, 0x22, 0x53, 0x74, 0x61
  .byte 0x79, 0x73, 0x22, 0x2c, 0x20, 0x22, 0x45, 0x78, 0x70, 0x65, 0x72, 0x69, 0x65, 0x6e, 0x63, 0x65
  .byte 0x73, 0x22, 0x0a, 0x32, 0x2e, 0x20, 0x45, 0x6d, 0x61, 0x69, 0x6c, 0x44, 0x69, 0x76, 0x69, 0x64
  .byte 0x65, 0x72, 0x0a, 0x33, 0x2e, 0x20, 0x45, 0x6d, 0x61, 0x69, 0x6c, 0x48, 0x65, 0x61, 0x64, 0x69
  .byte 0x6e, 0x67, 0x20, 0x22, 0x59, 0x6f, 0x75, 0x72, 0x20, 0x57, 0x65, 0x65, 0x6b, 0x20, 0x69, 0x6e
  .byte 0x20, 0x54, 0x72, 0x61, 0x76, 0x65, 0x6c, 0x22, 0x20, 0x28, 0x6c, 0x65, 0x76, 0x65, 0x6c, 0x20
  .byte 0x31, 0x29, 0x0a, 0x34, 0x2e, 0x20, 0x45, 0x6d, 0x61, 0x69, 0x6c, 0x54, 0x65, 0x78, 0x74, 0x20
  .byte 0x22, 0x48, 0x61, 0x6e, 0x64, 0x70, 0x69, 0x63, 0x6b, 0x65, 0x64, 0x20, 0x64, 0x65, 0x73, 0x74
  .byte 0x69, 0x6e, 0x61, 0x74, 0x69, 0x6f, 0x6e, 0x73, 0x2c, 0x20, 0x74, 0x72, 0x65, 0x6e, 0x64, 0x69
  .byte 0x6e, 0x67, 0x20, 0x73, 0x74, 0x61, 0x79, 0x73, 0x2c, 0x20, 0x61, 0x6e, 0x64, 0x20, 0x65, 0x78
  .byte 0x63, 0x6c, 0x75, 0x73, 0x69, 0x76, 0x65, 0x20, 0x64, 0x65, 0x61, 0x6c, 0x73, 0x20, 0xe2, 0x80
  .byte 0x94, 0x20, 0x63, 0x75, 0x72, 0x61, 0x74, 0x65, 0x64, 0x20, 0x6a, 0x75, 0x73, 0x74, 0x20, 0x66
  .byte 0x6f, 0x72, 0x20, 0x79, 0x6f, 0x75, 0x2e, 0x20, 0x48, 0x65, 0x72, 0x65, 0x27, 0x73, 0x20, 0x77
  .byte 0x68, 0x61, 0x74, 0x27, 0x73, 0x20, 0x69, 0x6e, 0x73, 0x70, 0x69, 0x72, 0x69, 0x6e, 0x67, 0x20
  .byte 0x74, 0x72, 0x61, 0x76, 0x65, 0x6c, 0x65, 0x72, 0x73, 0x20, 0x74, 0x68, 0x69, 0x73, 0x20, 0x77
  .byte 0x65, 0x65, 0x6b, 0x2e, 0x22, 0x0a, 0x35, 0x2e, 0x20, 0x45, 0x6d, 0x61, 0x69, 0x6c, 0x44, 0x69
  .byte 0x76, 0x69, 0x64, 0x65, 0x72, 0x0a, 0x36, 0x2e, 0x20, 0x45, 0x6d, 0x61, 0x69, 0x6c, 0x49, 0x6d
  .byte 0x61, 0x67, 0x65, 0x47, 0x72, 0x69, 0x64, 0x20, 0x74, 0x69, 0x74, 0x6c, 0x65, 0x64, 0x20, 0x22
  .byte 0x54, 0x72, 0x65, 0x6e, 0x64, 0x69, 0x6e, 0x67, 0x20, 0x44, 0x65, 0x73, 0x74, 0x69, 0x6e, 0x61
  .byte 0x74, 0x69, 0x6f, 0x6e, 0x73, 0x22, 0x20, 0x77, 0x69, 0x74, 0x68, 0x20, 0x64, 0x65, 0x73, 0x63
  .byte 0x72, 0x69, 0x70, 0x74, 0x69, 0x6f, 0x6e, 0x20, 0x22, 0x54, 0x68, 0x65, 0x20, 0x6d, 0x6f, 0x73
  .byte 0x74, 0x2d, 0x62, 0x6f, 0x6f, 0x6b, 0x65, 0x64, 0x20, 0x70, 0x6c, 0x61, 0x63, 0x65, 0x73, 0x20
  .byte 0x62, 0x79, 0x20, 0x57, 0x61, 0x6e, 0x64, 0x65, 0x72, 0x6c, 0x79, 0x20, 0x74, 0x72, 0x61, 0x76
  .byte 0x65, 0x6c, 0x65, 0x72, 0x73, 0x20, 0x74, 0x68, 0x69, 0x73, 0x20, 0x6d, 0x6f, 0x6e, 0x74, 0x68
  .byte 0x2e, 0x22, 0x20, 0x61, 0x6e, 0x64, 0x20, 0x34, 0x20, 0x69, 0x6d, 0x61, 0x67, 0x65, 0x73, 0x3a
  .byte 0x0a, 0x20, 0x20, 0x20, 0x2d, 0x20, 0x28, 0x68, 0x74, 0x74, 0x70, 0x73, 0x3a, 0x2f, 0x2f, 0x70
  .byte 0x69, 0x63, 0x73, 0x75, 0x6d, 0x2e, 0x70, 0x68, 0x6f, 0x74, 0x6f, 0x73, 0x2f, 0x73, 0x65, 0x65
  .byte 0x64, 0x2f, 0x73, 0x61, 0x6e, 0x74, 0x6f, 0x72, 0x69, 0x6e, 0x69, 0x2d, 0x62, 0x6c, 0x75, 0x65
  .byte 0x2f, 0x33, 0x30, 0x30, 0x2f, 0x32, 0x38, 0x38, 0x2c, 0x20, 0x22, 0x53, 0x61, 0x6e, 0x74, 0x6f
  .byte 0x72, 0x69, 0x6e, 0x69, 0x2c, 0x20, 0x47, 0x72, 0x65, 0x65, 0x63, 0x65, 0x22, 0x29, 0x0a, 0x20
  .byte 0x20, 0x20, 0x2d, 0x20, 0x28, 0x68, 0x74, 0x74, 0x70, 0x73, 0x3a, 0x2f, 0x2f, 0x70, 0x69, 0x63
  .byte 0x73, 0x75, 0x6d, 0x2e, 0x70, 0x68, 0x6f, 0x74, 0x6f, 0x73, 0x2f, 0x73, 0x65, 0x65, 0x64, 0x2f
  .byte 0x6b, 0x79, 0x6f, 0x74, 0x6f, 0x2d, 0x74, 0x65, 0x6d, 0x70, 0x6c, 0x65, 0x2f, 0x33, 0x30, 0x30
  .byte 0x2f, 0x32, 0x38, 0x38, 0x2c, 0x20, 0x22, 0x4b, 0x79, 0x6f, 0x74, 0x6f, 0x2c, 0x20, 0x4a, 0x61
  .byte 0x70, 0x61, 0x6e, 0x22, 0x29, 0x0a, 0x20, 0x20, 0x20, 0x2d, 0x20, 0x28, 0x68, 0x74, 0x74, 0x70
  .byte 0x73, 0x3a, 0x2f, 0x2f, 0x70, 0x69, 0x63, 0x73, 0x75, 0x6d, 0x2e, 0x70, 0x68, 0x6f, 0x74, 0x6f
  .byte 0x73, 0x2f, 0x73, 0x65, 0x65, 0x64, 0x2f, 0x6d, 0x61, 0x6c, 0x64, 0x69, 0x76, 0x65, 0x73, 0x2d
  .byte 0x6f, 0x63, 0x65, 0x61, 0x6e, 0x2f, 0x33, 0x30, 0x30, 0x2f, 0x32, 0x38, 0x38, 0x2c, 0x20, 0x22
  .byte 0x4d, 0x61, 0x6c, 0x64, 0x69, 0x76, 0x65, 0x73, 0x22, 0x29, 0x0a, 0x20, 0x20, 0x20, 0x2d, 0x20
  .byte 0x28, 0x68, 0x74, 0x74, 0x70, 0x73, 0x3a, 0x2f, 0x2f, 0x70, 0x69, 0x63, 0x73, 0x75, 0x6d, 0x2e
  .byte 0x70, 0x68, 0x6f, 0x74, 0x6f, 0x73, 0x2f, 0x73, 0x65, 0x65, 0x64, 0x2f, 0x73, 0x77, 0x69, 0x73
  .byte 0x73, 0x2d, 0x61, 0x6c, 0x70, 0x73, 0x2d, 0x73, 0x6e, 0x6f, 0x77, 0x2f, 0x33, 0x30, 0x30, 0x2f
  .byte 0x32, 0x38, 0x38, 0x2c, 0x20, 0x22, 0x53, 0x77, 0x69, 0x73, 0x73, 0x20, 0x41, 0x6c, 0x70, 0x73
  .byte 0x22, 0x29, 0x0a, 0x37, 0x2e, 0x20, 0x45, 0x6d, 0x61, 0x69, 0x6c, 0x44, 0x69, 0x76, 0x69, 0x64
  .byte 0x65, 0x72, 0x0a, 0x38, 0x2e, 0x20, 0x45, 0x6d, 0x61, 0x69, 0x6c, 0x41, 0x72, 0x74, 0x69, 0x63
  .byte 0x6c, 0x65, 0x20, 0x77, 0x69, 0x74, 0x68, 0x20, 0x69, 0x6d, 0x61, 0x67, 0x65, 0x20, 0x28, 0x68
  .byte 0x74, 0x74, 0x70, 0x73, 0x3a, 0x2f, 0x2f, 0x70, 0x69, 0x63, 0x73, 0x75, 0x6d, 0x2e, 0x70, 0x68
  .byte 0x6f, 0x74, 0x6f, 0x73, 0x2f, 0x73, 0x65, 0x65, 0x64, 0x2f, 0x6f, 0x63, 0x65, 0x61, 0x6e, 0x2d
  .byte 0x76, 0x69, 0x6c, 0x6c, 0x61, 0x2d, 0x73, 0x75, 0x6e, 0x73, 0x65, 0x74, 0x2f, 0x36, 0x30, 0x30
  .byte 0x2f, 0x33, 0x32, 0x30, 0x2c, 0x20, 0x22, 0x4f, 0x63, 0x65, 0x61, 0x6e, 0x20, 0x56, 0x69, 0x6c
  .byte 0x6c, 0x61, 0x20, 0x61, 0x74, 0x20, 0x53, 0x75, 0x6e, 0x73, 0x65, 0x74, 0x22, 0x29, 0x2c, 0x20
  .byte 0x63, 0x61, 0x74, 0x65, 0x67, 0x6f, 0x72, 0x79, 0x20, 0x22, 0x46, 0x45, 0x41, 0x54, 0x55, 0x52
  .byte 0x45, 0x44, 0x20, 0x53, 0x54, 0x41, 0x59, 0x22, 0x2c, 0x20, 0x74, 0x69, 0x74, 0x6c, 0x65, 0x20
  .byte 0x22, 0x43, 0x6c, 0x69, 0x66, 0x66, 0x73, 0x69, 0x64, 0x65, 0x20, 0x4f, 0x63, 0x65, 0x61, 0x6e
  .byte 0x20, 0x56, 0x69, 0x6c, 0x6c, 0x61, 0x20, 0x69, 0x6e, 0x20, 0x53, 0x61, 0x6e, 0x74, 0x6f, 0x72
  .byte 0x69, 0x6e, 0x69, 0x22, 0x2c, 0x20, 0x64, 0x65, 0x73, 0x63, 0x72, 0x69, 0x70, 0x74, 0x69, 0x6f
  .byte 0x6e, 0x20, 0x22, 0x57, 0x61, 0x6b, 0x65, 0x20, 0x75, 0x70, 0x20, 0x74, 0x6f, 0x20, 0x70, 0x61
  .byte 0x6e, 0x6f, 0x72, 0x61, 0x6d, 0x69, 0x63, 0x20, 0x76, 0x69, 0x65, 0x77, 0x73, 0x20, 0x6f, 0x66
  .byte 0x20, 0x74, 0x68, 0x65, 0x20, 0x41, 0x65, 0x67, 0x65, 0x61, 0x6e, 0x20, 0x53, 0x65, 0x61, 0x20
  .byte 0x66, 0x72, 0x6f, 0x6d, 0x20, 0x79, 0x6f, 0x75, 0x72, 0x20, 0x70, 0x72, 0x69, 0x76, 0x61, 0x74
  .byte 0x65, 0x20, 0x69, 0x6e, 0x66, 0x69, 0x6e, 0x69, 0x74, 0x79, 0x20, 0x70, 0x6f, 0x6f, 0x6c, 0x2e
  .byte 0x20, 0x54, 0x68, 0x69, 0x73, 0x20, 0x73, 0x74, 0x75, 0x6e, 0x6e, 0x69, 0x6e, 0x67, 0x20, 0x33
  .byte 0x2d, 0x62, 0x65, 0x64, 0x72, 0x6f, 0x6f, 0x6d, 0x20, 0x76, 0x69, 0x6c, 0x6c, 0x61, 0x20, 0x66
  .byte 0x65, 0x61, 0x74, 0x75, 0x72, 0x65, 0x73, 0x20, 0x68, 0x61, 0x6e, 0x64, 0x2d, 0x63, 0x61, 0x72
  .byte 0x76, 0x65, 0x64, 0x20, 0x73, 0x74, 0x6f, 0x6e, 0x65, 0x20, 0x69, 0x6e, 0x74, 0x65, 0x72, 0x69
  .byte 0x6f, 0x72, 0x73, 0x2c, 0x20, 0x61, 0x20, 0x73, 0x75, 0x6e, 0x2d, 0x64, 0x72, 0x65, 0x6e, 0x63
  .byte 0x68, 0x65, 0x64, 0x20, 0x74, 0x65, 0x72, 0x72, 0x61, 0x63, 0x65, 0x2c, 0x20, 0x61, 0x6e, 0x64
  .byte 0x20, 0x64, 0x69, 0x72, 0x65, 0x63, 0x74, 0x20, 0x61, 0x63, 0x63, 0x65, 0x73, 0x73, 0x20, 0x74
  .byte 0x6f, 0x20, 0x61, 0x20, 0x73, 0x65, 0x63, 0x6c, 0x75, 0x64, 0x65, 0x64, 0x20, 0x62, 0x65, 0x61
  .byte 0x63, 0x68, 0x2e, 0x22, 0x2c, 0x20, 0x62, 0x75, 0x74, 0x74, 0x6f, 0x6e, 0x20, 0x22, 0x42, 0x6f
  .byte 0x6f, 0x6b, 0x20, 0x4e, 0x6f, 0x77, 0x20, 0xe2, 0x80, 0x94, 0x20, 0x24, 0x32, 0x38, 0x35, 0x2f
  .byte 0x6e, 0x69, 0x67, 0x68, 0x74, 0x22, 0x2c, 0x20, 0x68, 0x72, 0x65, 0x66, 0x20, 0x68, 0x74, 0x74
  .byte 0x70, 0x73, 0x3a, 0x2f, 0x2f, 0x77, 0x61, 0x6e, 0x64, 0x65, 0x72, 0x6c, 0x79, 0x2e, 0x63, 0x6f
  .byte 0x6d, 0x2f, 0x73, 0x74, 0x61, 0x79, 0x73, 0x2f, 0x73, 0x61, 0x6e, 0x74, 0x6f, 0x72, 0x69, 0x6e
  .byte 0x69, 0x2d, 0x76, 0x69, 0x6c, 0x6c, 0x61, 0x2c, 0x20, 0x63, 0x6f, 0x6c, 0x6f, 0x72, 0x20, 0x23
  .byte 0x46, 0x46, 0x35, 0x41, 0x35, 0x46, 0x0a, 0x39, 0x2e, 0x20, 0x45, 0x6d, 0x61, 0x69, 0x6c, 0x44
  .byte 0x69, 0x76, 0x69, 0x64, 0x65, 0x72, 0x0a, 0x31, 0x30, 0x2e, 0x20, 0x45, 0x6d, 0x61, 0x69, 0x6c
  .byte 0x4c, 0x69, 0x73, 0x74, 0x20, 0x74, 0x69, 0x74, 0x6c, 0x65, 0x64, 0x20, 0x22, 0x54, 0x6f, 0x70
  .byte 0x20, 0x33, 0x20, 0x50, 0x69, 0x63, 0x6b, 0x73, 0x20, 0x54, 0x68, 0x69, 0x73, 0x20, 0x57, 0x65
  .byte 0x65, 0x6b, 0x22, 0x20, 0x77, 0x69, 0x74, 0x68, 0x20, 0x33, 0x20, 0x69, 0x74, 0x65, 0x6d, 0x73
  .byte 0x3a, 0x0a, 0x20, 0x20, 0x20, 0x20, 0x2d, 0x20, 0x22, 0x41, 0x6d, 0x61, 0x6c, 0x66, 0x69, 0x20
  .byte 0x43, 0x6f, 0x61, 0x73, 0x74, 0x2c, 0x20, 0x49, 0x74, 0x61, 0x6c, 0x79, 0x22, 0x20, 0x2f, 0x20
  .byte 0x22, 0x4c, 0x65, 0x6d, 0x6f, 0x6e, 0x20, 0x67, 0x72, 0x6f, 0x76, 0x65, 0x73, 0x2c, 0x20, 0x70
  .byte 0x61, 0x73, 0x74, 0x65, 0x6c, 0x20, 0x76, 0x69, 0x6c, 0x6c, 0x61, 0x67, 0x65, 0x73, 0x2c, 0x20
  .byte 0x61, 0x6e, 0x64, 0x20, 0x74, 0x68, 0x65, 0x20, 0x62, 0x65, 0x73, 0x74, 0x20, 0x70, 0x61, 0x73
  .byte 0x74, 0x61, 0x20, 0x79, 0x6f, 0x75, 0x27, 0x6c, 0x6c, 0x20, 0x65, 0x76, 0x65, 0x72, 0x20, 0x65
  .byte 0x61, 0x74, 0x2e, 0x20, 0x50, 0x72, 0x69, 0x63, 0x65, 0x73, 0x20, 0x64, 0x72, 0x6f, 0x70, 0x20
  .byte 0x32, 0x30, 0x25, 0x20, 0x69, 0x6e, 0x20, 0x73, 0x68, 0x6f, 0x75, 0x6c, 0x64, 0x65, 0x72, 0x20
  .byte 0x73, 0x65, 0x61, 0x73, 0x6f, 0x6e, 0x2e, 0x22, 0x0a, 0x20, 0x20, 0x20, 0x20, 0x2d, 0x20, 0x22
  .byte 0x42, 0x61, 0x6c, 0x69, 0x20, 0x52, 0x69, 0x63, 0x65, 0x20, 0x54, 0x65, 0x72, 0x72, 0x61, 0x63
  .byte 0x65, 0x73, 0x22, 0x20, 0x2f, 0x20, 0x22, 0x55, 0x62, 0x75, 0x64, 0x27, 0x73, 0x20, 0x65, 0x6d
  .byte 0x65, 0x72, 0x61, 0x6c, 0x64, 0x20, 0x72, 0x69, 0x63, 0x65, 0x20, 0x70, 0x61, 0x64, 0x64, 0x69
  .byte 0x65, 0x73, 0x20, 0x61, 0x72, 0x65, 0x20, 0x70, 0x65, 0x61, 0x6b, 0x20, 0x6d, 0x61, 0x67, 0x69
  .byte 0x63, 0x20, 0x72, 0x69, 0x67, 0x68, 0x74, 0x20, 0x6e, 0x6f, 0x77, 0x2e, 0x20, 0x42, 0x6f, 0x6f
  .byte 0x6b, 0x20, 0x61, 0x20, 0x74, 0x72, 0x65, 0x65, 0x68, 0x6f, 0x75, 0x73, 0x65, 0x20, 0x73, 0x74
  .byte 0x61, 0x79, 0x20, 0x66, 0x6f, 0x72, 0x20, 0x74, 0x68, 0x65, 0x20, 0x66, 0x75, 0x6c, 0x6c, 0x20
  .byte 0x65, 0x78, 0x70, 0x65, 0x72, 0x69, 0x65, 0x6e, 0x63, 0x65, 0x2e, 0x22, 0x0a, 0x20, 0x20, 0x20
  .byte 0x20, 0x2d, 0x20, 0x22, 0x4e, 0x6f, 0x72, 0x74, 0x68, 0x65, 0x72, 0x6e, 0x20, 0x4c, 0x69, 0x67
  .byte 0x68, 0x74, 0x73, 0x2c, 0x20, 0x49, 0x63, 0x65, 0x6c, 0x61, 0x6e, 0x64, 0x22, 0x20, 0x2f, 0x20
  .byte 0x22, 0x41, 0x75, 0x72, 0x6f, 0x72, 0x61, 0x20, 0x73, 0x65, 0x61, 0x73, 0x6f, 0x6e, 0x20, 0x70
  .byte 0x65, 0x61, 0x6b, 0x73, 0x20, 0x74, 0x68, 0x69, 0x73, 0x20, 0x6d, 0x6f, 0x6e, 0x74, 0x68, 0x2e
  .byte 0x20, 0x47, 0x6c, 0x61, 0x73, 0x73, 0x2d, 0x72, 0x6f, 0x6f, 0x66, 0x20, 0x63, 0x61, 0x62, 0x69
  .byte 0x6e, 0x73, 0x20, 0x61, 0x72, 0x65, 0x20, 0x73, 0x65, 0x6c, 0x6c, 0x69, 0x6e, 0x67, 0x20, 0x6f
  .byte 0x75, 0x74, 0x20, 0xe2, 0x80, 0x94, 0x20, 0x64, 0x6f, 0x6e, 0x27, 0x74, 0x20, 0x77, 0x61, 0x69
  .byte 0x74, 0x2e, 0x22, 0x0a, 0x31, 0x31, 0x2e, 0x20, 0x45, 0x6d, 0x61, 0x69, 0x6c, 0x44, 0x69, 0x76
  .byte 0x69, 0x64, 0x65, 0x72, 0x0a, 0x31, 0x32, 0x2e, 0x20, 0x45, 0x6d, 0x61, 0x69, 0x6c, 0x53, 0x74
  .byte 0x61, 0x74, 0x73, 0x20, 0x77, 0x69, 0x74, 0x68, 0x20, 0x33, 0x20, 0x69, 0x74, 0x65, 0x6d, 0x73
  .byte 0x3a, 0x20, 0x28, 0x22, 0x32, 0x4d, 0x2b, 0x22, 0x2c, 0x20, 0x22, 0x53, 0x74, 0x61, 0x79, 0x73
  .byte 0x20, 0x42, 0x6f, 0x6f, 0x6b, 0x65, 0x64, 0x22, 0x29, 0x2c, 0x20, 0x28, 0x22, 0x31, 0x39, 0x30
  .byte 0x22, 0x2c, 0x20, 0x22, 0x43, 0x6f, 0x75, 0x6e, 0x74, 0x72, 0x69, 0x65, 0x73, 0x22, 0x29, 0x2c
  .byte 0x20, 0x28, 0x22, 0x34, 0x2e, 0x38, 0xe2, 0x98, 0x85, 0x22, 0x2c, 0x20, 0x22, 0x41, 0x76, 0x67
  .byte 0x20, 0x52, 0x61, 0x74, 0x69, 0x6e, 0x67, 0x22, 0x29, 0x0a, 0x31, 0x36, 0x2e, 0x20, 0x45, 0x6d
  .byte 0x61, 0x69, 0x6c, 0x44, 0x69, 0x76, 0x69, 0x64, 0x65, 0x72, 0x0a, 0x31, 0x37, 0x2e, 0x20, 0x45
  .byte 0x6d, 0x61, 0x69, 0x6c, 0x53, 0x75, 0x72, 0x76, 0x65, 0x79, 0x52, 0x61, 0x74, 0x69, 0x6e, 0x67
  .byte 0x20, 0x77, 0x69, 0x74, 0x68, 0x20, 0x71, 0x75, 0x65, 0x73, 0x74, 0x69, 0x6f, 0x6e, 0x20, 0x22
  .byte 0x48, 0x6f, 0x77, 0x20, 0x77, 0x61, 0x73, 0x20, 0x79, 0x6f, 0x75, 0x72, 0x20, 0x6c, 0x61, 0x73
  .byte 0x74, 0x20, 0x74, 0x72, 0x69, 0x70, 0x3f, 0x22, 0x20, 0x61, 0x6e, 0x64, 0x20, 0x64, 0x65, 0x73
  .byte 0x63, 0x72, 0x69, 0x70, 0x74, 0x69, 0x6f, 0x6e, 0x20, 0x22, 0x59, 0x6f, 0x75, 0x72, 0x20, 0x66
  .byte 0x65, 0x65, 0x64, 0x62, 0x61, 0x63, 0x6b, 0x20, 0x68, 0x65, 0x6c, 0x70, 0x73, 0x20, 0x75, 0x73
  .byte 0x20, 0x66, 0x69, 0x6e, 0x64, 0x20, 0x62, 0x65, 0x74, 0x74, 0x65, 0x72, 0x20, 0x73, 0x74, 0x61
  .byte 0x79, 0x73, 0x20, 0x66, 0x6f, 0x72, 0x20, 0x79, 0x6f, 0x75, 0x2e, 0x22, 0x20, 0x61, 0x6e, 0x64
  .byte 0x20, 0x63, 0x6f, 0x6c, 0x6f, 0x72, 0x20, 0x23, 0x46, 0x46, 0x35, 0x41, 0x35, 0x46, 0x0a, 0x31
  .byte 0x38, 0x2e, 0x20, 0x45, 0x6d, 0x61, 0x69, 0x6c, 0x44, 0x69, 0x76, 0x69, 0x64, 0x65, 0x72, 0x0a
  .byte 0x31, 0x39, 0x2e, 0x20, 0x45, 0x6d, 0x61, 0x69, 0x6c, 0x54, 0x65, 0x73, 0x74, 0x69, 0x6d, 0x6f
  .byte 0x6e, 0x69, 0x61, 0x6c, 0x20, 0x77, 0x69, 0x74, 0x68, 0x20, 0x71, 0x75, 0x6f, 0x74, 0x65, 0x20
  .byte 0x22, 0x57, 0x61, 0x6e, 0x64, 0x65, 0x72, 0x6c, 0x79, 0x20, 0x66, 0x6f, 0x75, 0x6e, 0x64, 0x20
  .byte 0x75, 0x73, 0x20, 0x61, 0x20, 0x68, 0x69, 0x64, 0x64, 0x65, 0x6e, 0x20, 0x67, 0x65, 0x6d, 0x20
  .byte 0x69, 0x6e, 0x20, 0x54, 0x75, 0x73, 0x63, 0x61, 0x6e, 0x79, 0x20, 0x74, 0x68, 0x61, 0x74, 0x20
  .byte 0x77, 0x61, 0x73, 0x6e, 0x27, 0x74, 0x20, 0x6f, 0x6e, 0x20, 0x61, 0x6e, 0x79, 0x20, 0x6f, 0x74
  .byte 0x68, 0x65, 0x72, 0x20, 0x70, 0x6c, 0x61, 0x74, 0x66, 0x6f, 0x72, 0x6d, 0x2e, 0x20, 0x54, 0x68
  .byte 0x65, 0x20, 0x68, 0x6f, 0x73, 0x74, 0x20, 0x6c, 0x65, 0x66, 0x74, 0x20, 0x68, 0x6f, 0x6d, 0x65
  .byte 0x6d, 0x61, 0x64, 0x65, 0x20, 0x6c, 0x69, 0x6d, 0x6f, 0x6e, 0x63, 0x65, 0x6c, 0x6c, 0x6f, 0x20
  .byte 0x61, 0x6e, 0x64, 0x20, 0x61, 0x20, 0x68, 0x61, 0x6e, 0x64, 0x77, 0x72, 0x69, 0x74, 0x74, 0x65
  .byte 0x6e, 0x20, 0x77, 0x65, 0x6c, 0x63, 0x6f, 0x6d, 0x65, 0x20, 0x6e, 0x6f, 0x74, 0x65, 0x2e, 0x20
  .byte 0x41, 0x62, 0x73, 0x6f, 0x6c, 0x75, 0x74, 0x65, 0x20, 0x6d, 0x61, 0x67, 0x69, 0x63, 0x2e, 0x22
  .byte 0x2c, 0x20, 0x61, 0x76, 0x61, 0x74, 0x61, 0x72, 0x20, 0x28, 0x68, 0x74, 0x74, 0x70, 0x73, 0x3a
  .byte 0x2f, 0x2f, 0x70, 0x69, 0x63, 0x73, 0x75, 0x6d, 0x2e, 0x70, 0x68, 0x6f, 0x74, 0x6f, 0x73, 0x2f
  .byte 0x73, 0x65, 0x65, 0x64, 0x2f, 0x67, 0x75, 0x65, 0x73, 0x74, 0x2d, 0x6a, 0x61, 0x6d, 0x65, 0x73
  .byte 0x2f, 0x31, 0x30, 0x30, 0x2f, 0x31, 0x30, 0x30, 0x2c, 0x20, 0x22, 0x4a, 0x61, 0x6d, 0x65, 0x73
  .byte 0x20, 0x4d, 0x69, 0x74, 0x63, 0x68, 0x65, 0x6c, 0x6c, 0x22, 0x29, 0x2c, 0x20, 0x6e, 0x61, 0x6d
  .byte 0x65, 0x20, 0x22, 0x4a, 0x61, 0x6d, 0x65, 0x73, 0x20, 0x4d, 0x69, 0x74, 0x63, 0x68, 0x65, 0x6c
  .byte 0x6c, 0x22, 0x2c, 0x20, 0x72, 0x6f, 0x6c, 0x65, 0x20, 0x22, 0x56, 0x65, 0x72, 0x69, 0x66, 0x69
  .byte 0x65, 0x64, 0x20, 0x47, 0x75, 0x65, 0x73, 0x74, 0x20, 0xc2, 0xb7, 0x20, 0x54, 0x75, 0x73, 0x63
  .byte 0x61, 0x6e, 0x79, 0x20, 0x32, 0x30, 0x32, 0x35, 0x22, 0x0a, 0x32, 0x30, 0x2e, 0x20, 0x45, 0x6d
  .byte 0x61, 0x69, 0x6c, 0x44, 0x69, 0x76, 0x69, 0x64, 0x65, 0x72, 0x0a, 0x32, 0x31, 0x2e, 0x20, 0x45
  .byte 0x6d, 0x61, 0x69, 0x6c, 0x46, 0x6f, 0x6f, 0x74, 0x65, 0x72, 0x43, 0x65, 0x6e, 0x74, 0x65, 0x72
  .byte 0x65, 0x64, 0x20, 0x77, 0x69, 0x74, 0x68, 0x20, 0x6c, 0x6f, 0x67, 0x6f, 0x20, 0x28, 0x68, 0x74
  .byte 0x74, 0x70, 0x73, 0x3a, 0x2f, 0x2f, 0x70, 0x69, 0x63, 0x73, 0x75, 0x6d, 0x2e, 0x70, 0x68, 0x6f
  .byte 0x74, 0x6f, 0x73, 0x2f, 0x73, 0x65, 0x65, 0x64, 0x2f, 0x77, 0x61, 0x6e, 0x64, 0x65, 0x72, 0x6c
  .byte 0x79, 0x2d, 0x69, 0x63, 0x6f, 0x6e, 0x2f, 0x34, 0x32, 0x2f, 0x34, 0x32, 0x2c, 0x20, 0x22, 0x57
  .byte 0x61, 0x6e, 0x64, 0x65, 0x72, 0x6c, 0x79, 0x22, 0x29, 0x2c, 0x20, 0x63, 0x6f, 0x6d, 0x70, 0x61
  .byte 0x6e, 0x79, 0x20, 0x22, 0x57, 0x61, 0x6e, 0x64, 0x65, 0x72, 0x6c, 0x79, 0x22, 0x2c, 0x20, 0x74
  .byte 0x61, 0x67, 0x6c, 0x69, 0x6e, 0x65, 0x20, 0x22, 0x46, 0x69, 0x6e, 0x64, 0x20, 0x79, 0x6f, 0x75
  .byte 0x72, 0x20, 0x6e, 0x65, 0x78, 0x74, 0x20, 0x61, 0x64, 0x76, 0x65, 0x6e, 0x74, 0x75, 0x72, 0x65
  .byte 0x22, 0x2c, 0x20, 0x61, 0x64, 0x64, 0x72, 0x65, 0x73, 0x73, 0x20, 0x22, 0x57, 0x61, 0x6e, 0x64
  .byte 0x65, 0x72, 0x6c, 0x79, 0x20, 0x49, 0x6e, 0x63, 0x20, 0xc2, 0xb7, 0x20, 0x38, 0x38, 0x38, 0x20
  .byte 0x42, 0x72, 0x61, 0x6e, 0x6e, 0x61, 0x6e, 0x20, 0x53, 0x74, 0x20, 0xc2, 0xb7, 0x20, 0x53, 0x61
  .byte 0x6e, 0x20, 0x46, 0x72, 0x61, 0x6e, 0x63, 0x69, 0x73, 0x63, 0x6f, 0x2c, 0x20, 0x43, 0x41, 0x20
  .byte 0x39, 0x34, 0x31, 0x30, 0x33, 0x22, 0x2c, 0x20, 0x63, 0x6f, 0x6e, 0x74, 0x61, 0x63, 0x74, 0x20
  .byte 0x22, 0x68, 0x65, 0x6c, 0x6c, 0x6f, 0x40, 0x77, 0x61, 0x6e, 0x64, 0x65, 0x72, 0x6c, 0x79, 0x2e
  .byte 0x63, 0x6f, 0x6d, 0x22, 0x2c, 0x20, 0x61, 0x6e, 0x64, 0x20, 0x33, 0x20, 0x73, 0x6f, 0x63, 0x69
  .byte 0x61, 0x6c, 0x20, 0x69, 0x63, 0x6f, 0x6e, 0x73, 0x3a, 0x0a, 0x20, 0x20, 0x20, 0x20, 0x2d, 0x20
  .byte 0x28, 0x68, 0x74, 0x74, 0x70, 0x73, 0x3a, 0x2f, 0x2f, 0x72, 0x65, 0x61, 0x63, 0x74, 0x2e, 0x65
  .byte 0x6d, 0x61, 0x69, 0x6c, 0x2f, 0x73, 0x74, 0x61, 0x74, 0x69, 0x63, 0x2f, 0x66, 0x61, 0x63, 0x65
  .byte 0x62, 0x6f, 0x6f, 0x6b, 0x2d, 0x6c, 0x6f, 0x67, 0x6f, 0x2e, 0x70, 0x6e, 0x67, 0x2c, 0x20, 0x22
  .byte 0x46, 0x61, 0x63, 0x65, 0x62, 0x6f, 0x6f, 0x6b, 0x22, 0x2c, 0x20, 0x68, 0x74, 0x74, 0x70, 0x73
  .byte 0x3a, 0x2f, 0x2f, 0x66, 0x61, 0x63, 0x65, 0x62, 0x6f, 0x6f, 0x6b, 0x2e, 0x63, 0x6f, 0x6d, 0x2f
  .byte 0x77, 0x61, 0x6e, 0x64, 0x65, 0x72, 0x6c, 0x79, 0x29, 0x0a, 0x20, 0x20, 0x20, 0x20, 0x2d, 0x20
  .byte 0x28, 0x68, 0x74, 0x74, 0x70, 0x73, 0x3a, 0x2f, 0x2f, 0x72, 0x65, 0x61, 0x63, 0x74, 0x2e, 0x65
  .byte 0x6d, 0x61, 0x69, 0x6c, 0x2f, 0x73, 0x74, 0x61, 0x74, 0x69, 0x63, 0x2f, 0x78, 0x2d, 0x6c, 0x6f
  .byte 0x67, 0x6f, 0x2e, 0x70, 0x6e, 0x67, 0x2c, 0x20, 0x22, 0x58, 0x22, 0x2c, 0x20, 0x68, 0x74, 0x74
  .byte 0x70, 0x73, 0x3a, 0x2f, 0x2f, 0x78, 0x2e, 0x63, 0x6f, 0x6d, 0x2f, 0x77, 0x61, 0x6e, 0x64, 0x65
  .byte 0x72, 0x6c, 0x79, 0x29, 0x0a, 0x20, 0x20, 0x20, 0x20, 0x2d, 0x20, 0x28, 0x68, 0x74, 0x74, 0x70
  .byte 0x73, 0x3a, 0x2f, 0x2f, 0x72, 0x65, 0x61, 0x63, 0x74, 0x2e, 0x65, 0x6d, 0x61, 0x69, 0x6c, 0x2f
  .byte 0x73, 0x74, 0x61, 0x74, 0x69, 0x63, 0x2f, 0x69, 0x6e, 0x73, 0x74, 0x61, 0x67, 0x72, 0x61, 0x6d
  .byte 0x2d, 0x6c, 0x6f, 0x67, 0x6f, 0x2e, 0x70, 0x6e, 0x67, 0x2c, 0x20, 0x22, 0x49, 0x6e, 0x73, 0x74
  .byte 0x61, 0x67, 0x72, 0x61, 0x6d, 0x22, 0x2c, 0x20, 0x68, 0x74, 0x74, 0x70, 0x73, 0x3a, 0x2f, 0x2f
  .byte 0x69, 0x6e, 0x73, 0x74, 0x61, 0x67, 0x72, 0x61, 0x6d, 0x2e, 0x63, 0x6f, 0x6d, 0x2f, 0x77, 0x61
  .byte 0x6e, 0x64, 0x65, 0x72, 0x6c, 0x79, 0x29, 0x60, 0x2c, 0x0a, 0x20, 0x20, 0x7d, 0x2c, 0x0a, 0x5d
  .byte 0x3b, 0x0a

  .globl openui_full_port_examples_react_email_src_components_composePage_starters_ts_108d0b4b6158_len
openui_full_port_examples_react_email_src_components_composePage_starters_ts_108d0b4b6158_len:
  .quad 16162

# assembly pass: 2/4
  .globl openui_full_port_examples_react_email_src_components_composePage_starters_ts_108d0b4b6158_pass_2
openui_full_port_examples_react_email_src_components_composePage_starters_ts_108d0b4b6158_pass_2:
  .byte 0x65, 0x78, 0x70, 0x6f, 0x72, 0x74, 0x20, 0x63, 0x6f, 0x6e, 0x73, 0x74, 0x20, 0x53, 0x54, 0x41
  .byte 0x52, 0x54, 0x45, 0x52, 0x53, 0x20, 0x3d, 0x20, 0x5b, 0x0a, 0x20, 0x20, 0x7b, 0x0a, 0x20, 0x20
  .byte 0x20, 0x20, 0x69, 0x63, 0x6f, 0x6e, 0x3a, 0x20, 0x22, 0x5c, 0x75, 0x44, 0x38, 0x33, 0x44, 0x5c
  .byte 0x75, 0x44, 0x45, 0x38, 0x30, 0x22, 0x2c, 0x0a, 0x20, 0x20, 0x20, 0x20, 0x69, 0x63, 0x6f, 0x6e
  .byte 0x42, 0x67, 0x3a, 0x20, 0x22, 0x23, 0x31, 0x61, 0x31, 0x61, 0x33, 0x65, 0x22, 0x2c, 0x0a, 0x20
  .byte 0x20, 0x20, 0x20, 0x64, 0x69, 0x73, 0x70, 0x6c, 0x61, 0x79, 0x54, 0x65, 0x78, 0x74, 0x3a, 0x20
  .byte 0x22, 0x4f, 0x70, 0x65, 0x6e, 0x55, 0x49, 0x20, 0x6c, 0x61, 0x75, 0x6e, 0x63, 0x68, 0x20, 0x61
  .byte 0x6e, 0x6e, 0x6f, 0x75, 0x6e, 0x63, 0x65, 0x6d, 0x65, 0x6e, 0x74, 0x22, 0x2c, 0x0a, 0x20, 0x20
  .byte 0x20, 0x20, 0x70, 0x72, 0x6f, 0x6d, 0x70, 0x74, 0x3a, 0x20, 0x60, 0x43, 0x72, 0x65, 0x61, 0x74
  .byte 0x65, 0x20, 0x61, 0x20, 0x62, 0x65, 0x61, 0x75, 0x74, 0x69, 0x66, 0x75, 0x6c, 0x20, 0x6c, 0x61
  .byte 0x75, 0x6e, 0x63, 0x68, 0x20, 0x61, 0x6e, 0x6e, 0x6f, 0x75, 0x6e, 0x63, 0x65, 0x6d, 0x65, 0x6e
  .byte 0x74, 0x20, 0x65, 0x6d, 0x61, 0x69, 0x6c, 0x20, 0x66, 0x6f, 0x72, 0x20, 0x4f, 0x70, 0x65, 0x6e
  .byte 0x55, 0x49, 0x20, 0xe2, 0x80, 0x94, 0x20, 0x74, 0x68, 0x65, 0x20, 0x6f, 0x70, 0x65, 0x6e, 0x20
  .byte 0x73, 0x74, 0x61, 0x6e, 0x64, 0x61, 0x72, 0x64, 0x20, 0x66, 0x6f, 0x72, 0x20, 0x47, 0x65, 0x6e
  .byte 0x65, 0x72, 0x61, 0x74, 0x69, 0x76, 0x65, 0x20, 0x55, 0x49, 0x2e, 0x20, 0x4f, 0x70, 0x65, 0x6e
  .byte 0x55, 0x49, 0x20, 0x6c, 0x65, 0x74, 0x73, 0x20, 0x41, 0x49, 0x20, 0x72, 0x65, 0x73, 0x70, 0x6f
  .byte 0x6e, 0x64, 0x20, 0x77, 0x69, 0x74, 0x68, 0x20, 0x72, 0x65, 0x61, 0x6c, 0x20, 0x55, 0x49, 0x20
  .byte 0x63, 0x6f, 0x6d, 0x70, 0x6f, 0x6e, 0x65, 0x6e, 0x74, 0x73, 0x20, 0x69, 0x6e, 0x73, 0x74, 0x65
  .byte 0x61, 0x64, 0x20, 0x6f, 0x66, 0x20, 0x70, 0x6c, 0x61, 0x69, 0x6e, 0x20, 0x74, 0x65, 0x78, 0x74
  .byte 0x2e, 0x20, 0x55, 0x73, 0x65, 0x20, 0x74, 0x65, 0x61, 0x6c, 0x20, 0x28, 0x23, 0x35, 0x30, 0x44
  .byte 0x34, 0x45, 0x32, 0x29, 0x20, 0x61, 0x73, 0x20, 0x74, 0x68, 0x65, 0x20, 0x61, 0x63, 0x63, 0x65
  .byte 0x6e, 0x74, 0x20, 0x63, 0x6f, 0x6c, 0x6f, 0x72, 0x2e, 0x20, 0x4d, 0x61, 0x6b, 0x65, 0x20, 0x69
  .byte 0x74, 0x20, 0x64, 0x65, 0x76, 0x65, 0x6c, 0x6f, 0x70, 0x65, 0x72, 0x2d, 0x66, 0x6f, 0x63, 0x75
  .byte 0x73, 0x65, 0x64, 0x2c, 0x20, 0x70, 0x6f, 0x6c, 0x69, 0x73, 0x68, 0x65, 0x64, 0x2c, 0x20, 0x61
  .byte 0x6e, 0x64, 0x20, 0x63, 0x6f, 0x6d, 0x70, 0x72, 0x65, 0x68, 0x65, 0x6e, 0x73, 0x69, 0x76, 0x65
  .byte 0x2e, 0x0a, 0x0a, 0x49, 0x6e, 0x63, 0x6c, 0x75, 0x64, 0x65, 0x20, 0x74, 0x68, 0x65, 0x73, 0x65
  .byte 0x20, 0x73, 0x65, 0x63, 0x74, 0x69, 0x6f, 0x6e, 0x73, 0x20, 0x69, 0x6e, 0x20, 0x6f, 0x72, 0x64
  .byte 0x65, 0x72, 0x3a, 0x0a, 0x0a, 0x31, 0x2e, 0x20, 0x45, 0x6d, 0x61, 0x69, 0x6c, 0x48, 0x65, 0x61
  .byte 0x64, 0x65, 0x72, 0x43, 0x65, 0x6e, 0x74, 0x65, 0x72, 0x65, 0x64, 0x4e, 0x61, 0x76, 0x20, 0x77
  .byte 0x69, 0x74, 0x68, 0x20, 0x6c, 0x6f, 0x67, 0x6f, 0x20, 0x28, 0x68, 0x74, 0x74, 0x70, 0x73, 0x3a
  .byte 0x2f, 0x2f, 0x77, 0x77, 0x77, 0x2e, 0x6f, 0x70, 0x65, 0x6e, 0x75, 0x69, 0x2e, 0x63, 0x6f, 0x6d
  .byte 0x2f, 0x66, 0x61, 0x76, 0x69, 0x63, 0x6f, 0x6e, 0x2e, 0x73, 0x76, 0x67, 0x2c, 0x20, 0x22, 0x4f
  .byte 0x70, 0x65, 0x6e, 0x55, 0x49, 0x22, 0x2c, 0x20, 0x68, 0x65, 0x69, 0x67, 0x68, 0x74, 0x20, 0x34
  .byte 0x32, 0x29, 0x20, 0x61, 0x6e, 0x64, 0x20, 0x33, 0x20, 0x6e, 0x61, 0x76, 0x20, 0x6c, 0x69, 0x6e
  .byte 0x6b, 0x73, 0x3a, 0x20, 0x22, 0x44, 0x6f, 0x63, 0x75, 0x6d, 0x65, 0x6e, 0x74, 0x61, 0x74, 0x69
  .byte 0x6f, 0x6e, 0x22, 0x2c, 0x20, 0x22, 0x47, 0x69, 0x74, 0x48, 0x75, 0x62, 0x22, 0x2c, 0x20, 0x22
  .byte 0x45, 0x78, 0x61, 0x6d, 0x70, 0x6c, 0x65, 0x73, 0x22, 0x0a, 0x32, 0x2e, 0x20, 0x45, 0x6d, 0x61
  .byte 0x69, 0x6c, 0x44, 0x69, 0x76, 0x69, 0x64, 0x65, 0x72, 0x0a, 0x33, 0x2e, 0x20, 0x45, 0x6d, 0x61
  .byte 0x69, 0x6c, 0x49, 0x6d, 0x61, 0x67, 0x65, 0x20, 0x68, 0x65, 0x72, 0x6f, 0x20, 0x62, 0x61, 0x6e
  .byte 0x6e, 0x65, 0x72, 0x20, 0x28, 0x68, 0x74, 0x74, 0x70, 0x73, 0x3a, 0x2f, 0x2f, 0x77, 0x77, 0x77
  .byte 0x2e, 0x6f, 0x70, 0x65, 0x6e, 0x75, 0x69, 0x2e, 0x63, 0x6f, 0x6d, 0x2f, 0x6d, 0x65, 0x74, 0x61
  .byte 0x2d, 0x69, 0x6d, 0x61, 0x67, 0x65, 0x2e, 0x70, 0x6e, 0x67, 0x2c, 0x20, 0x22, 0x4f, 0x70, 0x65
  .byte 0x6e, 0x55, 0x49, 0x20, 0xe2, 0x80, 0x94, 0x20, 0x54, 0x68, 0x65, 0x20, 0x4f, 0x70, 0x65, 0x6e
  .byte 0x20, 0x53, 0x74, 0x61, 0x6e, 0x64, 0x61, 0x72, 0x64, 0x20, 0x66, 0x6f, 0x72, 0x20, 0x47, 0x65
  .byte 0x6e, 0x65, 0x72, 0x61, 0x74, 0x69, 0x76, 0x65, 0x20, 0x55, 0x49, 0x22, 0x2c, 0x20, 0x36, 0x30
  .byte 0x30, 0x29, 0x0a, 0x34, 0x2e, 0x20, 0x45, 0x6d, 0x61, 0x69, 0x6c, 0x48, 0x65, 0x61, 0x64, 0x69
  .byte 0x6e, 0x67, 0x20, 0x22, 0x54, 0x68, 0x65, 0x20, 0x4f, 0x70, 0x65, 0x6e, 0x20, 0x53, 0x74, 0x61
  .byte 0x6e, 0x64, 0x61, 0x72, 0x64, 0x20, 0x66, 0x6f, 0x72, 0x20, 0x47, 0x65, 0x6e, 0x65, 0x72, 0x61
  .byte 0x74, 0x69, 0x76, 0x65, 0x20, 0x55, 0x49, 0x22, 0x20, 0x28, 0x6c, 0x65, 0x76, 0x65, 0x6c, 0x20
  .byte 0x31, 0x29, 0x0a, 0x35, 0x2e, 0x20, 0x45, 0x6d, 0x61, 0x69, 0x6c, 0x54, 0x65, 0x78, 0x74, 0x20
  .byte 0x22, 0x53, 0x74, 0x6f, 0x70, 0x20, 0x62, 0x75, 0x69, 0x6c, 0x64, 0x69, 0x6e, 0x67, 0x20, 0x63
  .byte 0x68, 0x61, 0x74, 0x20, 0x55, 0x49, 0x73, 0x20, 0x74, 0x68, 0x61, 0x74, 0x20, 0x6f, 0x6e, 0x6c
  .byte 0x79, 0x20, 0x72, 0x65, 0x74, 0x75, 0x72, 0x6e, 0x20, 0x70, 0x6c, 0x61, 0x69, 0x6e, 0x20, 0x74
  .byte 0x65, 0x78, 0x74, 0x2e, 0x20, 0x4f, 0x70, 0x65, 0x6e, 0x55, 0x49, 0x20, 0x6c, 0x65, 0x74, 0x73
  .byte 0x20, 0x79, 0x6f, 0x75, 0x72, 0x20, 0x41, 0x49, 0x20, 0x72, 0x65, 0x73, 0x70, 0x6f, 0x6e, 0x64
  .byte 0x20, 0x77, 0x69, 0x74, 0x68, 0x20, 0x72, 0x65, 0x61, 0x6c, 0x2c, 0x20, 0x69, 0x6e, 0x74, 0x65
  .byte 0x72, 0x61, 0x63, 0x74, 0x69, 0x76, 0x65, 0x20, 0x63, 0x6f, 0x6d, 0x70, 0x6f, 0x6e, 0x65, 0x6e
  .byte 0x74, 0x73, 0x20, 0xe2, 0x80, 0x94, 0x20, 0x66, 0x6f, 0x72, 0x6d, 0x73, 0x2c, 0x20, 0x63, 0x68
  .byte 0x61, 0x72, 0x74, 0x73, 0x2c, 0x20, 0x63, 0x61, 0x72, 0x64, 0x73, 0x2c, 0x20, 0x74, 0x61, 0x62
  .byte 0x6c, 0x65, 0x73, 0x2c, 0x20, 0x61, 0x6e, 0x64, 0x20, 0x6d, 0x6f, 0x72, 0x65, 0x2e, 0x20, 0x44
  .byte 0x65, 0x66, 0x69, 0x6e, 0x65, 0x20, 0x79, 0x6f, 0x75, 0x72, 0x20, 0x63, 0x6f, 0x6d, 0x70, 0x6f
  .byte 0x6e, 0x65, 0x6e, 0x74, 0x73, 0x20, 0x6f, 0x6e, 0x63, 0x65, 0x2c, 0x20, 0x61, 0x6e, 0x64, 0x20
  .byte 0x61, 0x6e, 0x79, 0x20, 0x4c, 0x4c, 0x4d, 0x20, 0x63, 0x61, 0x6e, 0x20, 0x72, 0x65, 0x6e, 0x64
  .byte 0x65, 0x72, 0x20, 0x74, 0x68, 0x65, 0x6d, 0x2e, 0x22, 0x0a, 0x36, 0x2e, 0x20, 0x45, 0x6d, 0x61
  .byte 0x69, 0x6c, 0x42, 0x75, 0x74, 0x74, 0x6f, 0x6e, 0x20, 0x22, 0x47, 0x65, 0x74, 0x20, 0x53, 0x74
  .byte 0x61, 0x72, 0x74, 0x65, 0x64, 0x20, 0xe2, 0x80, 0x94, 0x20, 0x6e, 0x70, 0x78, 0x20, 0x40, 0x6f
  .byte 0x70, 0x65, 0x6e, 0x75, 0x69, 0x64, 0x65, 0x76, 0x2f, 0x63, 0x6c, 0x69, 0x20, 0x63, 0x72, 0x65
  .byte 0x61, 0x74, 0x65, 0x22, 0x20, 0x6c, 0x69, 0x6e, 0x6b, 0x69, 0x6e, 0x67, 0x20, 0x74, 0x6f, 0x20
  .byte 0x68, 0x74, 0x74, 0x70, 0x73, 0x3a, 0x2f, 0x2f, 0x77, 0x77, 0x77, 0x2e, 0x6f, 0x70, 0x65, 0x6e
  .byte 0x75, 0x69, 0x2e, 0x63, 0x6f, 0x6d, 0x20, 0x77, 0x69, 0x74, 0x68, 0x20, 0x63, 0x6f, 0x6c, 0x6f
  .byte 0x72, 0x20, 0x23, 0x35, 0x30, 0x44, 0x34, 0x45, 0x32, 0x0a, 0x37, 0x2e, 0x20, 0x45, 0x6d, 0x61
  .byte 0x69, 0x6c, 0x44, 0x69, 0x76, 0x69, 0x64, 0x65, 0x72, 0x0a, 0x38, 0x2e, 0x20, 0x45, 0x6d, 0x61
  .byte 0x69, 0x6c, 0x48, 0x65, 0x61, 0x64, 0x69, 0x6e, 0x67, 0x20, 0x22, 0x57, 0x68, 0x79, 0x20, 0x64
  .byte 0x65, 0x76, 0x65, 0x6c, 0x6f, 0x70, 0x65, 0x72, 0x73, 0x20, 0x63, 0x68, 0x6f, 0x6f, 0x73, 0x65
  .byte 0x20, 0x4f, 0x70, 0x65, 0x6e, 0x55, 0x49, 0x22, 0x20, 0x28, 0x6c, 0x65, 0x76, 0x65, 0x6c, 0x20
  .byte 0x32, 0x29, 0x0a, 0x39, 0x2e, 0x20, 0x45, 0x6d, 0x61, 0x69, 0x6c, 0x54, 0x65, 0x78, 0x74, 0x20
  .byte 0x22, 0x4f, 0x70, 0x65, 0x6e, 0x55, 0x49, 0x20, 0x69, 0x73, 0x20, 0x75, 0x70, 0x20, 0x74, 0x6f
  .byte 0x20, 0x33, 0x78, 0x20, 0x66, 0x61, 0x73, 0x74, 0x65, 0x72, 0x20, 0x72, 0x65, 0x6e, 0x64, 0x65
  .byte 0x72, 0x69, 0x6e, 0x67, 0x20, 0x74, 0x68, 0x61, 0x6e, 0x20, 0x4a, 0x53, 0x4f, 0x4e, 0x2d, 0x62
  .byte 0x61, 0x73, 0x65, 0x64, 0x20, 0x61, 0x70, 0x70, 0x72, 0x6f, 0x61, 0x63, 0x68, 0x65, 0x73, 0x2c
  .byte 0x20, 0x75, 0x73, 0x65, 0x73, 0x20, 0x75, 0x70, 0x20, 0x74, 0x6f, 0x20, 0x36, 0x37, 0x25, 0x20
  .byte 0x66, 0x65, 0x77, 0x65, 0x72, 0x20, 0x74, 0x6f, 0x6b, 0x65, 0x6e, 0x73, 0x2c, 0x20, 0x61, 0x6e
  .byte 0x64, 0x20, 0x77, 0x6f, 0x72, 0x6b, 0x73, 0x20, 0x77, 0x69, 0x74, 0x68, 0x20, 0x61, 0x6e, 0x79
  .byte 0x20, 0x4c, 0x4c, 0x4d, 0x20, 0x70, 0x72, 0x6f, 0x76, 0x69, 0x64, 0x65, 0x72, 0x2e, 0x22, 0x0a
  .byte 0x31, 0x30, 0x2e, 0x20, 0x45, 0x6d, 0x61, 0x69, 0x6c, 0x44, 0x69, 0x76, 0x69, 0x64, 0x65, 0x72
  .byte 0x0a, 0x31, 0x31, 0x2e, 0x20, 0x45, 0x6d, 0x61, 0x69, 0x6c, 0x53, 0x74, 0x61, 0x74, 0x73, 0x20
  .byte 0x77, 0x69, 0x74, 0x68, 0x20, 0x33, 0x20, 0x69, 0x74, 0x65, 0x6d, 0x73, 0x3a, 0x20, 0x28, 0x22
  .byte 0x33, 0x78, 0x22, 0x2c, 0x20, 0x22, 0x46, 0x61, 0x73, 0x74, 0x65, 0x72, 0x20, 0x52, 0x65, 0x6e
  .byte 0x64, 0x65, 0x72, 0x69, 0x6e, 0x67, 0x22, 0x29, 0x2c, 0x20, 0x28, 0x22, 0x36, 0x37, 0x25, 0x22
  .byte 0x2c, 0x20, 0x22, 0x46, 0x65, 0x77, 0x65, 0x72, 0x20, 0x54, 0x6f, 0x6b, 0x65, 0x6e, 0x73, 0x22
  .byte 0x29, 0x2c, 0x20, 0x28, 0x22, 0x30, 0x22, 0x2c, 0x20, 0x22, 0x41, 0x72, 0x62, 0x69, 0x74, 0x72
  .byte 0x61, 0x72, 0x79, 0x20, 0x43, 0x6f, 0x64, 0x65, 0x20, 0x45, 0x78, 0x65, 0x63, 0x75, 0x74, 0x69
  .byte 0x6f, 0x6e, 0x22, 0x29, 0x0a, 0x31, 0x32, 0x2e, 0x20, 0x45, 0x6d, 0x61, 0x69, 0x6c, 0x44, 0x69
  .byte 0x76, 0x69, 0x64, 0x65, 0x72, 0x0a, 0x31, 0x33, 0x2e, 0x20, 0x45, 0x6d, 0x61, 0x69, 0x6c, 0x46
  .byte 0x65, 0x61, 0x74, 0x75, 0x72, 0x65, 0x47, 0x72, 0x69, 0x64, 0x20, 0x74, 0x69, 0x74, 0x6c, 0x65
  .byte 0x64, 0x20, 0x22, 0x42, 0x75, 0x69, 0x6c, 0x74, 0x20, 0x66, 0x6f, 0x72, 0x20, 0x74, 0x68, 0x65
  .byte 0x20, 0x6d, 0x6f, 0x64, 0x65, 0x72, 0x6e, 0x20, 0x41, 0x49, 0x20, 0x73, 0x74, 0x61, 0x63, 0x6b
  .byte 0x22, 0x20, 0x77, 0x69, 0x74, 0x68, 0x20, 0x64, 0x65, 0x73, 0x63, 0x72, 0x69, 0x70, 0x74, 0x69
  .byte 0x6f, 0x6e, 0x20, 0x22, 0x45, 0x76, 0x65, 0x72, 0x79, 0x74, 0x68, 0x69, 0x6e, 0x67, 0x20, 0x79
  .byte 0x6f, 0x75, 0x20, 0x6e, 0x65, 0x65, 0x64, 0x20, 0x74, 0x6f, 0x20, 0x73, 0x68, 0x69, 0x70, 0x20
  .byte 0x67, 0x65, 0x6e, 0x65, 0x72, 0x61, 0x74, 0x69, 0x76, 0x65, 0x20, 0x55, 0x49, 0x20, 0x65, 0x78
  .byte 0x70, 0x65, 0x72, 0x69, 0x65, 0x6e, 0x63, 0x65, 0x73, 0x2e, 0x22, 0x20, 0x61, 0x6e, 0x64, 0x20
  .byte 0x34, 0x20, 0x69, 0x74, 0x65, 0x6d, 0x73, 0x3a, 0x0a, 0x20, 0x20, 0x20, 0x20, 0x2d, 0x20, 0x28
  .byte 0x68, 0x74, 0x74, 0x70, 0x73, 0x3a, 0x2f, 0x2f, 0x72, 0x65, 0x61, 0x63, 0x74, 0x2e, 0x64, 0x65
  .byte 0x76, 0x2f, 0x66, 0x61, 0x76, 0x69, 0x63, 0x6f, 0x6e, 0x2d, 0x33, 0x32, 0x78, 0x33, 0x32, 0x2e
  .byte 0x70, 0x6e, 0x67, 0x2c, 0x20, 0x22, 0x52, 0x65, 0x61, 0x63, 0x74, 0x22, 0x2c, 0x20, 0x22, 0x52
  .byte 0x65, 0x61, 0x63, 0x74, 0x20, 0x43, 0x6f, 0x6d, 0x70, 0x6f, 0x6e, 0x65, 0x6e, 0x74, 0x73, 0x22
  .byte 0x2c, 0x20, 0x22, 0x34, 0x30, 0x2b, 0x20, 0x70, 0x72, 0x6f, 0x64, 0x75, 0x63, 0x74, 0x69, 0x6f
  .byte 0x6e, 0x2d, 0x72, 0x65, 0x61, 0x64, 0x79, 0x20, 0x63, 0x6f, 0x6d, 0x70, 0x6f, 0x6e, 0x65, 0x6e
  .byte 0x74, 0x73, 0x20, 0x77, 0x69, 0x74, 0x68, 0x20, 0x64, 0x65, 0x66, 0x69, 0x6e, 0x65, 0x43, 0x6f
  .byte 0x6d, 0x70, 0x6f, 0x6e, 0x65, 0x6e, 0x74, 0x20, 0x61, 0x6e, 0x64, 0x20, 0x5a, 0x6f, 0x64, 0x2d
  .byte 0x70, 0x6f, 0x77, 0x65, 0x72, 0x65, 0x64, 0x20, 0x74, 0x79, 0x70, 0x65, 0x20, 0x73, 0x61, 0x66
  .byte 0x65, 0x74, 0x79, 0x2e, 0x22, 0x29, 0x0a, 0x20, 0x20, 0x20, 0x20, 0x2d, 0x20, 0x28, 0x68, 0x74
  .byte 0x74, 0x70, 0x73, 0x3a, 0x2f, 0x2f, 0x6f, 0x70, 0x65, 0x6e, 0x61, 0x69, 0x2e, 0x63, 0x6f, 0x6d
  .byte 0x2f, 0x66, 0x61, 0x76, 0x69, 0x63, 0x6f, 0x6e, 0x2e, 0x69, 0x63, 0x6f, 0x2c, 0x20, 0x22, 0x41
  .byte 0x49, 0x22, 0x2c, 0x20, 0x22, 0x41, 0x6e, 0x79, 0x20, 0x4c, 0x4c, 0x4d, 0x20, 0x50, 0x72, 0x6f
  .byte 0x76, 0x69, 0x64, 0x65, 0x72, 0x22, 0x2c, 0x20, 0x22, 0x4f, 0x70, 0x65, 0x6e, 0x41, 0x49, 0x2c
  .byte 0x20, 0x41, 0x6e, 0x74, 0x68, 0x72, 0x6f, 0x70, 0x69, 0x63, 0x2c, 0x20, 0x47, 0x65, 0x6d, 0x69
  .byte 0x6e, 0x69, 0x2c, 0x20, 0x4d, 0x69, 0x73, 0x74, 0x72, 0x61, 0x6c, 0x20, 0xe2, 0x80, 0x94, 0x20
  .byte 0x77, 0x6f, 0x72, 0x6b, 0x73, 0x20, 0x77, 0x69, 0x74, 0x68, 0x20, 0x61, 0x6e, 0x79, 0x20, 0x4f
  .byte 0x70, 0x65, 0x6e, 0x41, 0x49, 0x2d, 0x63, 0x6f, 0x6d, 0x70, 0x61, 0x74, 0x69, 0x62, 0x6c, 0x65
  .byte 0x20, 0x41, 0x50, 0x49, 0x2e, 0x22, 0x29, 0x0a, 0x20, 0x20, 0x20, 0x20, 0x2d, 0x20, 0x28, 0x68
  .byte 0x74, 0x74, 0x70, 0x73, 0x3a, 0x2f, 0x2f, 0x77, 0x77, 0x77, 0x2e, 0x74, 0x79, 0x70, 0x65, 0x73
  .byte 0x63, 0x72, 0x69, 0x70, 0x74, 0x6c, 0x61, 0x6e, 0x67, 0x2e, 0x6f, 0x72, 0x67, 0x2f, 0x66, 0x61
  .byte 0x76, 0x69, 0x63, 0x6f, 0x6e, 0x2d, 0x33, 0x32, 0x78, 0x33, 0x32, 0x2e, 0x70, 0x6e, 0x67, 0x2c
  .byte 0x20, 0x22, 0x54, 0x79, 0x70, 0x65, 0x53, 0x63, 0x72, 0x69, 0x70, 0x74, 0x22, 0x2c, 0x20, 0x22
  .byte 0x4f, 0x70, 0x65, 0x6e, 0x55, 0x49, 0x20, 0x4c, 0x61, 0x6e, 0x67, 0x22, 0x2c, 0x20, 0x22, 0x41
  .byte 0x20, 0x73, 0x70, 0x65, 0x63, 0x69, 0x61, 0x6c, 0x69, 0x7a, 0x65, 0x64, 0x20, 0x66, 0x6f, 0x72
  .byte 0x6d, 0x61, 0x74, 0x20, 0x74, 0x68, 0x61, 0x74, 0x20, 0x4c, 0x4c, 0x4d, 0x73, 0x20, 0x67, 0x65
  .byte 0x6e, 0x65, 0x72, 0x61, 0x74, 0x65, 0x20, 0x6e, 0x61, 0x74, 0x69, 0x76, 0x65, 0x6c, 0x79, 0x20
  .byte 0xe2, 0x80, 0x94, 0x20, 0x6e, 0x6f, 0x20, 0x4a, 0x53, 0x4f, 0x4e, 0x20, 0x70, 0x61, 0x72, 0x73
  .byte 0x69, 0x6e, 0x67, 0x2c, 0x20, 0x6e, 0x6f, 0x20, 0x70, 0x72, 0x6f, 0x6d, 0x70, 0x74, 0x20, 0x68
  .byte 0x61, 0x63, 0x6b, 0x73, 0x2e, 0x22, 0x29, 0x0a, 0x20, 0x20, 0x20, 0x20, 0x2d, 0x20, 0x28, 0x68
  .byte 0x74, 0x74, 0x70, 0x73, 0x3a, 0x2f, 0x2f, 0x76, 0x65, 0x72, 0x63, 0x65, 0x6c, 0x2e, 0x63, 0x6f
  .byte 0x6d, 0x2f, 0x66, 0x61, 0x76, 0x69, 0x63, 0x6f, 0x6e, 0x2e, 0x69, 0x63, 0x6f, 0x2c, 0x20, 0x22
  .byte 0x44, 0x65, 0x70, 0x6c, 0x6f, 0x79, 0x22, 0x2c, 0x20, 0x22, 0x43, 0x68, 0x61, 0x74, 0x20, 0x53
  .byte 0x44, 0x4b, 0x20, 0x49, 0x6e, 0x63, 0x6c, 0x75, 0x64, 0x65, 0x64, 0x22, 0x2c, 0x20, 0x22, 0x44
  .byte 0x72, 0x6f, 0x70, 0x2d, 0x69, 0x6e, 0x20, 0x43, 0x6f, 0x70, 0x69, 0x6c, 0x6f, 0x74, 0x2c, 0x20
  .byte 0x46, 0x75, 0x6c, 0x6c, 0x53, 0x63, 0x72, 0x65, 0x65, 0x6e, 0x2c, 0x20, 0x61, 0x6e, 0x64, 0x20
  .byte 0x42, 0x6f, 0x74, 0x74, 0x6f, 0x6d, 0x54, 0x72, 0x61, 0x79, 0x20, 0x6c, 0x61, 0x79, 0x6f, 0x75
  .byte 0x74, 0x73, 0x20, 0x77, 0x69, 0x74, 0x68, 0x20, 0x73, 0x74, 0x72, 0x65, 0x61, 0x6d, 0x69, 0x6e
  .byte 0x67, 0x20, 0x61, 0x6e, 0x64, 0x20, 0x70, 0x65, 0x72, 0x73, 0x69, 0x73, 0x74, 0x65, 0x6e, 0x63
  .byte 0x65, 0x2e, 0x22, 0x29, 0x0a, 0x31, 0x34, 0x2e, 0x20, 0x45, 0x6d, 0x61, 0x69, 0x6c, 0x44, 0x69
  .byte 0x76, 0x69, 0x64, 0x65, 0x72, 0x0a, 0x31, 0x35, 0x2e, 0x20, 0x45, 0x6d, 0x61, 0x69, 0x6c, 0x43
  .byte 0x6f, 0x64, 0x65, 0x42, 0x6c, 0x6f, 0x63, 0x6b, 0x20, 0x77, 0x69, 0x74, 0x68, 0x20, 0x74, 0x68
  .byte 0x69, 0x73, 0x20, 0x63, 0x6f, 0x64, 0x65, 0x3a, 0x0a, 0x20, 0x20, 0x20, 0x20, 0x22, 0x69, 0x6d
  .byte 0x70, 0x6f, 0x72, 0x74, 0x20, 0x7b, 0x20, 0x64, 0x65, 0x66, 0x69, 0x6e, 0x65, 0x43, 0x6f, 0x6d
  .byte 0x70, 0x6f, 0x6e, 0x65, 0x6e, 0x74, 0x20, 0x7d, 0x20, 0x66, 0x72, 0x6f, 0x6d, 0x20, 0x27, 0x40
  .byte 0x6f, 0x70, 0x65, 0x6e, 0x75, 0x69, 0x64, 0x65, 0x76, 0x2f, 0x72, 0x65, 0x61, 0x63, 0x74, 0x2d
  .byte 0x6c, 0x61, 0x6e, 0x67, 0x27, 0x3b, 0x5c, 0x5c, 0x6e, 0x69, 0x6d, 0x70, 0x6f, 0x72, 0x74, 0x20
  .byte 0x7b, 0x20, 0x7a, 0x20, 0x7d, 0x20, 0x66, 0x72, 0x6f, 0x6d, 0x20, 0x27, 0x7a, 0x6f, 0x64, 0x27
  .byte 0x3b, 0x5c, 0x5c, 0x6e, 0x5c, 0x5c, 0x6e, 0x65, 0x78, 0x70, 0x6f, 0x72, 0x74, 0x20, 0x63, 0x6f
  .byte 0x6e, 0x73, 0x74, 0x20, 0x57, 0x65, 0x61, 0x74, 0x68, 0x65, 0x72, 0x43, 0x61, 0x72, 0x64, 0x20
  .byte 0x3d, 0x20, 0x64, 0x65, 0x66, 0x69, 0x6e, 0x65, 0x43, 0x6f, 0x6d, 0x70, 0x6f, 0x6e, 0x65, 0x6e
  .byte 0x74, 0x28, 0x7b, 0x5c, 0x5c, 0x6e, 0x20, 0x20, 0x6e, 0x61, 0x6d, 0x65, 0x3a, 0x20, 0x27, 0x57
  .byte 0x65, 0x61, 0x74, 0x68, 0x65, 0x72, 0x43, 0x61, 0x72, 0x64, 0x27, 0x2c, 0x5c, 0x5c, 0x6e, 0x20
  .byte 0x20, 0x70, 0x72, 0x6f, 0x70, 0x73, 0x3a, 0x20, 0x7a, 0x2e, 0x6f, 0x62, 0x6a, 0x65, 0x63, 0x74
  .byte 0x28, 0x7b, 0x5c, 0x5c, 0x6e, 0x20, 0x20, 0x20, 0x20, 0x63, 0x69, 0x74, 0x79, 0x3a, 0x20, 0x7a
  .byte 0x2e, 0x73, 0x74, 0x72, 0x69, 0x6e, 0x67, 0x28, 0x29, 0x2c, 0x5c, 0x5c, 0x6e, 0x20, 0x20, 0x20
  .byte 0x20, 0x74, 0x65, 0x6d, 0x70, 0x3a, 0x20, 0x7a, 0x2e, 0x6e, 0x75, 0x6d, 0x62, 0x65, 0x72, 0x28
  .byte 0x29, 0x2c, 0x5c, 0x5c, 0x6e, 0x20, 0x20, 0x20, 0x20, 0x63, 0x6f, 0x6e, 0x64, 0x69, 0x74, 0x69
  .byte 0x6f, 0x6e, 0x3a, 0x20, 0x7a, 0x2e, 0x73, 0x74, 0x72, 0x69, 0x6e, 0x67, 0x28, 0x29, 0x2c, 0x5c
  .byte 0x5c, 0x6e, 0x20, 0x20, 0x7d, 0x29, 0x2c, 0x5c, 0x5c, 0x6e, 0x20, 0x20, 0x64, 0x65, 0x73, 0x63
  .byte 0x72, 0x69, 0x70, 0x74, 0x69, 0x6f, 0x6e, 0x3a, 0x20, 0x27, 0x53, 0x68, 0x6f, 0x77, 0x73, 0x20
  .byte 0x63, 0x75, 0x72, 0x72, 0x65, 0x6e, 0x74, 0x20, 0x77, 0x65, 0x61, 0x74, 0x68, 0x65, 0x72, 0x20
  .byte 0x66, 0x6f, 0x72, 0x20, 0x61, 0x20, 0x63, 0x69, 0x74, 0x79, 0x27, 0x2c, 0x5c, 0x5c, 0x6e, 0x20
  .byte 0x20, 0x63, 0x6f, 0x6d, 0x70, 0x6f, 0x6e, 0x65, 0x6e, 0x74, 0x3a, 0x20, 0x28, 0x7b, 0x20, 0x70
  .byte 0x72, 0x6f, 0x70, 0x73, 0x20, 0x7d, 0x29, 0x20, 0x3d, 0x3e, 0x20, 0x28, 0x5c, 0x5c, 0x6e, 0x20
  .byte 0x20, 0x20, 0x20, 0x3c, 0x64, 0x69, 0x76, 0x3e, 0x5c, 0x5c, 0x6e, 0x20, 0x20, 0x20, 0x20, 0x20
  .byte 0x20, 0x3c, 0x68, 0x33, 0x3e, 0x7b, 0x70, 0x72, 0x6f, 0x70, 0x73, 0x2e, 0x63, 0x69, 0x74, 0x79
  .byte 0x7d, 0x3c, 0x2f, 0x68, 0x33, 0x3e, 0x5c, 0x5c, 0x6e, 0x20, 0x20, 0x20, 0x20, 0x20, 0x20, 0x3c
  .byte 0x70, 0x3e, 0x7b, 0x70, 0x72, 0x6f, 0x70, 0x73, 0x2e, 0x74, 0x65, 0x6d, 0x70, 0x7d, 0xc2, 0xb0
  .byte 0x20, 0xe2, 0x80, 0x94, 0x20, 0x7b, 0x70, 0x72, 0x6f, 0x70, 0x73, 0x2e, 0x63, 0x6f, 0x6e, 0x64
  .byte 0x69, 0x74, 0x69, 0x6f, 0x6e, 0x7d, 0x3c, 0x2f, 0x70, 0x3e, 0x5c, 0x5c, 0x6e, 0x20, 0x20, 0x20
  .byte 0x20, 0x3c, 0x2f, 0x64, 0x69, 0x76, 0x3e, 0x5c, 0x5c, 0x6e, 0x20, 0x20, 0x29, 0x2c, 0x5c, 0x5c
  .byte 0x6e, 0x7d, 0x29, 0x3b, 0x22, 0x0a, 0x20, 0x20, 0x20, 0x20, 0x77, 0x69, 0x74, 0x68, 0x20, 0x6c
  .byte 0x61, 0x6e, 0x67, 0x75, 0x61, 0x67, 0x65, 0x20, 0x22, 0x74, 0x79, 0x70, 0x65, 0x73, 0x63, 0x72
  .byte 0x69, 0x70, 0x74, 0x22, 0x0a, 0x31, 0x36, 0x2e, 0x20, 0x45, 0x6d, 0x61, 0x69, 0x6c, 0x44, 0x69
  .byte 0x76, 0x69, 0x64, 0x65, 0x72, 0x0a, 0x31, 0x37, 0x2e, 0x20, 0x45, 0x6d, 0x61, 0x69, 0x6c, 0x46
  .byte 0x65, 0x61, 0x74, 0x75, 0x72, 0x65, 0x4c, 0x69, 0x73, 0x74, 0x20, 0x74, 0x69, 0x74, 0x6c, 0x65
  .byte 0x64, 0x20, 0x22, 0x48, 0x6f, 0x77, 0x20, 0x4f, 0x70, 0x65, 0x6e, 0x55, 0x49, 0x20, 0x77, 0x6f
  .byte 0x72, 0x6b, 0x73, 0x22, 0x20, 0x77, 0x69, 0x74, 0x68, 0x20, 0x64, 0x65, 0x73, 0x63, 0x72, 0x69
  .byte 0x70, 0x74, 0x69, 0x6f, 0x6e, 0x20, 0x22, 0x46, 0x72, 0x6f, 0x6d, 0x20, 0x63, 0x6f, 0x6d, 0x70
  .byte 0x6f, 0x6e, 0x65, 0x6e, 0x74, 0x20, 0x64, 0x65, 0x66, 0x69, 0x6e, 0x69, 0x74, 0x69, 0x6f, 0x6e
  .byte 0x20, 0x74, 0x6f, 0x20, 0x72, 0x65, 0x6e, 0x64, 0x65, 0x72, 0x65, 0x64, 0x20, 0x55, 0x49, 0x20
  .byte 0x69, 0x6e, 0x20, 0x34, 0x20, 0x73, 0x74, 0x65, 0x70, 0x73, 0x2e, 0x22, 0x20, 0x61, 0x6e, 0x64
  .byte 0x20, 0x33, 0x20, 0x69, 0x74, 0x65, 0x6d, 0x73, 0x3a, 0x0a, 0x20, 0x20, 0x20, 0x20, 0x2d, 0x20
  .byte 0x28, 0x68, 0x74, 0x74, 0x70, 0x73, 0x3a, 0x2f, 0x2f, 0x77, 0x77, 0x77, 0x2e, 0x6f, 0x70, 0x65
  .byte 0x6e, 0x75, 0x69, 0x2e, 0x63, 0x6f, 0x6d, 0x2f, 0x66, 0x61, 0x76, 0x69, 0x63, 0x6f, 0x6e, 0x2e
  .byte 0x73, 0x76, 0x67, 0x2c, 0x20, 0x22, 0x44, 0x65, 0x66, 0x69, 0x6e, 0x65, 0x22, 0x2c, 0x20, 0x22
  .byte 0x44, 0x65, 0x66, 0x69, 0x6e, 0x65, 0x20, 0x79, 0x6f, 0x75, 0x72, 0x20, 0x63, 0x6f, 0x6d, 0x70
  .byte 0x6f, 0x6e, 0x65, 0x6e, 0x74, 0x73, 0x22, 0x2c, 0x20, 0x22, 0x52, 0x65, 0x67, 0x69, 0x73, 0x74
  .byte 0x65, 0x72, 0x20, 0x63, 0x6f, 0x6d, 0x70, 0x6f, 0x6e, 0x65, 0x6e, 0x74, 0x73, 0x20, 0x77, 0x69
  .byte 0x74, 0x68, 0x20, 0x64, 0x65, 0x66, 0x69, 0x6e, 0x65, 0x43, 0x6f, 0x6d, 0x70, 0x6f, 0x6e, 0x65
  .byte 0x6e, 0x74, 0x20, 0x61, 0x6e, 0x64, 0x20, 0x5a, 0x6f, 0x64, 0x20, 0x73, 0x63, 0x68, 0x65, 0x6d
  .byte 0x61, 0x73, 0x2e, 0x20, 0x4f, 0x70, 0x65, 0x6e, 0x55, 0x49, 0x20, 0x67, 0x65, 0x6e, 0x65, 0x72
  .byte 0x61, 0x74, 0x65, 0x73, 0x20, 0x74, 0x68, 0x65, 0x20, 0x73, 0x79, 0x73, 0x74, 0x65, 0x6d, 0x20
  .byte 0x70, 0x72, 0x6f, 0x6d, 0x70, 0x74, 0x20, 0x61, 0x75, 0x74, 0x6f, 0x6d, 0x61, 0x74, 0x69, 0x63
  .byte 0x61, 0x6c, 0x6c, 0x79, 0x2e, 0x22, 0x29, 0x0a, 0x20, 0x20, 0x20, 0x20, 0x2d, 0x20, 0x28, 0x68
  .byte 0x74, 0x74, 0x70, 0x73, 0x3a, 0x2f, 0x2f, 0x77, 0x77, 0x77, 0x2e, 0x6f, 0x70, 0x65, 0x6e, 0x75
  .byte 0x69, 0x2e, 0x63, 0x6f, 0x6d, 0x2f, 0x66, 0x61, 0x76, 0x69, 0x63, 0x6f, 0x6e, 0x2e, 0x73, 0x76
  .byte 0x67, 0x2c, 0x20, 0x22, 0x47, 0x65, 0x6e, 0x65, 0x72, 0x61, 0x74, 0x65, 0x22, 0x2c, 0x20, 0x22
  .byte 0x4c, 0x4c, 0x4d, 0x20, 0x67, 0x65, 0x6e, 0x65, 0x72, 0x61, 0x74, 0x65, 0x73, 0x20, 0x4f, 0x70
  .byte 0x65, 0x6e, 0x55, 0x49, 0x20, 0x4c, 0x61, 0x6e, 0x67, 0x22, 0x2c, 0x20, 0x22, 0x54, 0x68, 0x65
  .byte 0x20, 0x41, 0x49, 0x20, 0x72, 0x65, 0x73, 0x70, 0x6f, 0x6e, 0x64, 0x73, 0x20, 0x69, 0x6e, 0x20
  .byte 0x61, 0x20, 0x6c, 0x69, 0x67, 0x68, 0x74, 0x77, 0x65, 0x69, 0x67, 0x68, 0x74, 0x2c, 0x20, 0x74
  .byte 0x6f, 0x6b, 0x65, 0x6e, 0x2d, 0x65, 0x66, 0x66, 0x69, 0x63, 0x69, 0x65, 0x6e, 0x74, 0x20, 0x66
  .byte 0x6f, 0x72, 0x6d, 0x61, 0x74, 0x20, 0x70, 0x75, 0x72, 0x70, 0x6f, 0x73, 0x65, 0x2d, 0x62, 0x75
  .byte 0x69, 0x6c, 0x74, 0x20, 0x66, 0x6f, 0x72, 0x20, 0x55, 0x49, 0x20, 0x67, 0x65, 0x6e, 0x65, 0x72
  .byte 0x61, 0x74, 0x69, 0x6f, 0x6e, 0x2e, 0x22, 0x29, 0x0a, 0x20, 0x20, 0x20, 0x20, 0x2d, 0x20, 0x28
  .byte 0x68, 0x74, 0x74, 0x70, 0x73, 0x3a, 0x2f, 0x2f, 0x77, 0x77, 0x77, 0x2e, 0x6f, 0x70, 0x65, 0x6e
  .byte 0x75, 0x69, 0x2e, 0x63, 0x6f, 0x6d, 0x2f, 0x66, 0x61, 0x76, 0x69, 0x63, 0x6f, 0x6e, 0x2e, 0x73
  .byte 0x76, 0x67, 0x2c, 0x20, 0x22, 0x52, 0x65, 0x6e, 0x64, 0x65, 0x72, 0x22, 0x2c, 0x20, 0x22, 0x52
  .byte 0x65, 0x6e, 0x64, 0x65, 0x72, 0x20, 0x69, 0x6e, 0x20, 0x72, 0x65, 0x61, 0x6c, 0x2d, 0x74, 0x69
  .byte 0x6d, 0x65, 0x22, 0x2c, 0x20, 0x22, 0x54, 0x68, 0x65, 0x20, 0x52, 0x65, 0x6e, 0x64, 0x65, 0x72
  .byte 0x65, 0x72, 0x20, 0x70, 0x61, 0x72, 0x73, 0x65, 0x73, 0x20, 0x61, 0x6e, 0x64, 0x20, 0x64, 0x69
  .byte 0x73, 0x70, 0x6c, 0x61, 0x79, 0x73, 0x20, 0x63, 0x6f, 0x6d, 0x70, 0x6f, 0x6e, 0x65, 0x6e, 0x74
  .byte 0x73, 0x20, 0x77, 0x69, 0x74, 0x68, 0x20, 0x73, 0x74, 0x72, 0x65, 0x61, 0x6d, 0x69, 0x6e, 0x67
  .byte 0x20, 0x73, 0x75, 0x70, 0x70, 0x6f, 0x72, 0x74, 0x20, 0xe2, 0x80, 0x94, 0x20, 0x6e, 0x6f, 0x20
  .byte 0x66, 0x6c, 0x61, 0x73, 0x68, 0x20, 0x6f, 0x66, 0x20, 0x65, 0x6d, 0x70, 0x74, 0x79, 0x20, 0x63
  .byte 0x6f, 0x6e, 0x74, 0x65, 0x6e, 0x74, 0x2e, 0x22, 0x29, 0x0a, 0x31, 0x38, 0x2e, 0x20, 0x45, 0x6d
  .byte 0x61, 0x69, 0x6c, 0x44, 0x69, 0x76, 0x69, 0x64, 0x65, 0x72, 0x0a, 0x31, 0x39, 0x2e, 0x20, 0x45
  .byte 0x6d, 0x61, 0x69, 0x6c, 0x4c, 0x69, 0x73, 0x74, 0x20, 0x74, 0x69, 0x74, 0x6c, 0x65, 0x64, 0x20
  .byte 0x22, 0x47, 0x65, 0x74, 0x20, 0x73, 0x74, 0x61, 0x72, 0x74, 0x65, 0x64, 0x20, 0x69, 0x6e, 0x20
  .byte 0x33, 0x20, 0x73, 0x74, 0x65, 0x70, 0x73, 0x22, 0x20, 0x77, 0x69, 0x74, 0x68, 0x20, 0x33, 0x20
  .byte 0x69, 0x74, 0x65, 0x6d, 0x73, 0x3a, 0x0a, 0x20, 0x20, 0x20, 0x20, 0x2d, 0x20, 0x22, 0x53, 0x63
  .byte 0x61, 0x66, 0x66, 0x6f, 0x6c, 0x64, 0x20, 0x79, 0x6f, 0x75, 0x72, 0x20, 0x70, 0x72, 0x6f, 0x6a
  .byte 0x65, 0x63, 0x74, 0x22, 0x20, 0x2f, 0x20, 0x22, 0x52, 0x75, 0x6e, 0x20, 0x6e, 0x70, 0x78, 0x20
  .byte 0x40, 0x6f, 0x70, 0x65, 0x6e, 0x75, 0x69, 0x64, 0x65, 0x76, 0x2f, 0x63, 0x6c, 0x69, 0x20, 0x63
  .byte 0x72, 0x65, 0x61, 0x74, 0x65, 0x20, 0x74, 0x6f, 0x20, 0x73, 0x65, 0x74, 0x20, 0x75, 0x70, 0x20
  .byte 0x61, 0x20, 0x6e, 0x65, 0x77, 0x20, 0x70, 0x72, 0x6f, 0x6a, 0x65, 0x63, 0x74, 0x20, 0x77, 0x69
  .byte 0x74, 0x68, 0x20, 0x52, 0x65, 0x61, 0x63, 0x74, 0x2c, 0x20, 0x54, 0x79, 0x70, 0x65, 0x53, 0x63
  .byte 0x72, 0x69, 0x70, 0x74, 0x2c, 0x20, 0x61, 0x6e, 0x64, 0x20, 0x79, 0x6f, 0x75, 0x72, 0x20, 0x63
  .byte 0x68, 0x6f, 0x69, 0x63, 0x65, 0x20, 0x6f, 0x66, 0x20, 0x4c, 0x4c, 0x4d, 0x20, 0x70, 0x72, 0x6f
  .byte 0x76, 0x69, 0x64, 0x65, 0x72, 0x2e, 0x22, 0x0a, 0x20, 0x20, 0x20, 0x20, 0x2d, 0x20, 0x22, 0x44
  .byte 0x65, 0x66, 0x69, 0x6e, 0x65, 0x20, 0x79, 0x6f, 0x75, 0x72, 0x20, 0x63, 0x6f, 0x6d, 0x70, 0x6f
  .byte 0x6e, 0x65, 0x6e, 0x74, 0x20, 0x6c, 0x69, 0x62, 0x72, 0x61, 0x72, 0x79, 0x22, 0x20, 0x2f, 0x20
  .byte 0x22, 0x55, 0x73, 0x65, 0x20, 0x64, 0x65, 0x66, 0x69, 0x6e, 0x65, 0x43, 0x6f, 0x6d, 0x70, 0x6f
  .byte 0x6e, 0x65, 0x6e, 0x74, 0x20, 0x77, 0x69, 0x74, 0x68, 0x20, 0x5a, 0x6f, 0x64, 0x20, 0x73, 0x63
  .byte 0x68, 0x65, 0x6d, 0x61, 0x73, 0x2e, 0x20, 0x47, 0x72, 0x6f, 0x75, 0x70, 0x20, 0x74, 0x68, 0x65
  .byte 0x6d, 0x20, 0x77, 0x69, 0x74, 0x68, 0x20, 0x63, 0x72, 0x65, 0x61, 0x74, 0x65, 0x4c, 0x69, 0x62
  .byte 0x72, 0x61, 0x72, 0x79, 0x2e, 0x20, 0x4f, 0x70, 0x65, 0x6e, 0x55, 0x49, 0x20, 0x68, 0x61, 0x6e
  .byte 0x64, 0x6c, 0x65, 0x73, 0x20, 0x74, 0x68, 0x65, 0x20, 0x73, 0x79, 0x73, 0x74, 0x65, 0x6d, 0x20
  .byte 0x70, 0x72, 0x6f, 0x6d, 0x70, 0x74, 0x2e, 0x22, 0x0a, 0x20, 0x20, 0x20, 0x20, 0x2d, 0x20, 0x22
  .byte 0x43, 0x6f, 0x6e, 0x6e, 0x65, 0x63, 0x74, 0x20, 0x61, 0x6e, 0x64, 0x20, 0x73, 0x68, 0x69, 0x70
  .byte 0x22, 0x20, 0x2f, 0x20, 0x22, 0x50, 0x6f, 0x69, 0x6e, 0x74, 0x20, 0x74, 0x6f, 0x20, 0x61, 0x6e
  .byte 0x79, 0x20, 0x4f, 0x70, 0x65, 0x6e, 0x41, 0x49, 0x2d, 0x63, 0x6f, 0x6d, 0x70, 0x61, 0x74, 0x69
  .byte 0x62, 0x6c, 0x65, 0x20, 0x41, 0x50, 0x49, 0x2e, 0x20, 0x44, 0x72, 0x6f, 0x70, 0x20, 0x69, 0x6e
  .byte 0x20, 0x61, 0x20, 0x43, 0x68, 0x61, 0x74, 0x20, 0x6c, 0x61, 0x79, 0x6f, 0x75, 0x74, 0x20, 0x6f
  .byte 0x72, 0x20, 0x75, 0x73, 0x65, 0x20, 0x74, 0x68, 0x65, 0x20, 0x68, 0x65, 0x61, 0x64, 0x6c, 0x65
  .byte 0x73, 0x73, 0x20, 0x75, 0x73, 0x65, 0x43, 0x68, 0x61, 0x74, 0x20, 0x68, 0x6f, 0x6f, 0x6b, 0x2e
  .byte 0x20, 0x44, 0x65, 0x70, 0x6c, 0x6f, 0x79, 0x20, 0x61, 0x6e, 0x79, 0x77, 0x68, 0x65, 0x72, 0x65
  .byte 0x2e, 0x22, 0x0a, 0x32, 0x30, 0x2e, 0x20, 0x45, 0x6d, 0x61, 0x69, 0x6c, 0x44, 0x69, 0x76, 0x69
  .byte 0x64, 0x65, 0x72, 0x0a, 0x32, 0x31, 0x2e, 0x20, 0x45, 0x6d, 0x61, 0x69, 0x6c, 0x50, 0x72, 0x69
  .byte 0x63, 0x69, 0x6e, 0x67, 0x43, 0x61, 0x72, 0x64, 0x20, 0x77, 0x69, 0x74, 0x68, 0x20, 0x62, 0x61
  .byte 0x64, 0x67, 0x65, 0x20, 0x22, 0x4f, 0x50, 0x45, 0x4e, 0x20, 0x53, 0x4f, 0x55, 0x52, 0x43, 0x45
  .byte 0x22, 0x2c, 0x20, 0x70, 0x72, 0x69, 0x63, 0x65, 0x20, 0x22, 0x24, 0x30, 0x22, 0x2c, 0x20, 0x70
  .byte 0x65, 0x72, 0x69, 0x6f, 0x64, 0x20, 0x22, 0x2f, 0x20, 0x66, 0x6f, 0x72, 0x65, 0x76, 0x65, 0x72
  .byte 0x22, 0x2c, 0x20, 0x64, 0x65, 0x73, 0x63, 0x72, 0x69, 0x70, 0x74, 0x69, 0x6f, 0x6e, 0x20, 0x22
  .byte 0x4f, 0x70, 0x65, 0x6e, 0x55, 0x49, 0x20, 0x69, 0x73, 0x20, 0x66, 0x75, 0x6c, 0x6c, 0x79, 0x20
  .byte 0x6f, 0x70, 0x65, 0x6e, 0x20, 0x73, 0x6f, 0x75, 0x72, 0x63, 0x65, 0x20, 0x75, 0x6e, 0x64, 0x65
  .byte 0x72, 0x20, 0x4d, 0x49, 0x54, 0x20, 0x6c, 0x69, 0x63, 0x65, 0x6e, 0x73, 0x65, 0x2e, 0x20, 0x4e
  .byte 0x6f, 0x20, 0x76, 0x65, 0x6e, 0x64, 0x6f, 0x72, 0x20, 0x6c, 0x6f, 0x63, 0x6b, 0x2d, 0x69, 0x6e
  .byte 0x2c, 0x20, 0x6e, 0x6f, 0x20, 0x75, 0x73, 0x61, 0x67, 0x65, 0x20, 0x6c, 0x69, 0x6d, 0x69, 0x74
  .byte 0x73, 0x2c, 0x20, 0x6e, 0x6f, 0x20, 0x65, 0x6e, 0x74, 0x65, 0x72, 0x70, 0x72, 0x69, 0x73, 0x65
  .byte 0x20, 0x67, 0x61, 0x74, 0x65, 0x73, 0x2e, 0x22, 0x2c, 0x20, 0x66, 0x65, 0x61, 0x74, 0x75, 0x72
  .byte 0x65, 0x73, 0x3a, 0x20, 0x22, 0x55, 0x6e, 0x6c, 0x69, 0x6d, 0x69, 0x74, 0x65, 0x64, 0x20, 0x63
  .byte 0x6f, 0x6d, 0x70, 0x6f, 0x6e, 0x65, 0x6e, 0x74, 0x73, 0x20, 0x26, 0x20, 0x6c, 0x69, 0x62, 0x72
  .byte 0x61, 0x72, 0x69, 0x65, 0x73, 0x22, 0x2c, 0x20, 0x22, 0x41, 0x6c, 0x6c, 0x20, 0x4c, 0x4c, 0x4d
  .byte 0x20, 0x70, 0x72, 0x6f, 0x76, 0x69, 0x64, 0x65, 0x72, 0x73, 0x20, 0x73, 0x75, 0x70, 0x70, 0x6f
  .byte 0x72, 0x74, 0x65, 0x64, 0x22, 0x2c, 0x20, 0x22, 0x43, 0x6f, 0x6d, 0x6d, 0x65, 0x72, 0x63, 0x69
  .byte 0x61, 0x6c, 0x20, 0x75, 0x73, 0x65, 0x20, 0xe2, 0x80, 0x94, 0x20, 0x4d, 0x49, 0x54, 0x20, 0x6c
  .byte 0x69, 0x63, 0x65, 0x6e, 0x73, 0x65, 0x22, 0x2c, 0x20, 0x22, 0x43, 0x6f, 0x6d, 0x6d, 0x75, 0x6e
  .byte 0x69, 0x74, 0x79, 0x20, 0x73, 0x75, 0x70, 0x70, 0x6f, 0x72, 0x74, 0x20, 0x6f, 0x6e, 0x20, 0x47
  .byte 0x69, 0x74, 0x48, 0x75, 0x62, 0x20, 0x26, 0x20, 0x44, 0x69, 0x73, 0x63, 0x6f, 0x72, 0x64, 0x22
  .byte 0x2c, 0x20, 0x62, 0x75, 0x74, 0x74, 0x6f, 0x6e, 0x20, 0x22, 0x53, 0x74, 0x61, 0x72, 0x20, 0x6f
  .byte 0x6e, 0x20, 0x47, 0x69, 0x74, 0x48, 0x75, 0x62, 0x22, 0x20, 0x77, 0x69, 0x74, 0x68, 0x20, 0x68
  .byte 0x72, 0x65, 0x66, 0x20, 0x68, 0x74, 0x74, 0x70, 0x73, 0x3a, 0x2f, 0x2f, 0x67, 0x69, 0x74, 0x68
  .byte 0x75, 0x62, 0x2e, 0x63, 0x6f, 0x6d, 0x2f, 0x74, 0x68, 0x65, 0x73, 0x79, 0x73, 0x64, 0x65, 0x76
  .byte 0x2f, 0x6f, 0x70, 0x65, 0x6e, 0x75, 0x69, 0x20, 0x61, 0x6e, 0x64, 0x20, 0x63, 0x6f, 0x6c, 0x6f
  .byte 0x72, 0x20, 0x23, 0x35, 0x30, 0x44, 0x34, 0x45, 0x32, 0x0a, 0x32, 0x32, 0x2e, 0x20, 0x45, 0x6d
  .byte 0x61, 0x69, 0x6c, 0x54, 0x65, 0x73, 0x74, 0x69, 0x6d, 0x6f, 0x6e, 0x69, 0x61, 0x6c, 0x20, 0x77
  .byte 0x69, 0x74, 0x68, 0x20, 0x71, 0x75, 0x6f, 0x74, 0x65, 0x20, 0x22, 0x4f, 0x70, 0x65, 0x6e, 0x55
  .byte 0x49, 0x20, 0x63, 0x6f, 0x6d, 0x70, 0x6c, 0x65, 0x74, 0x65, 0x6c, 0x79, 0x20, 0x63, 0x68, 0x61
  .byte 0x6e, 0x67, 0x65, 0x64, 0x20, 0x68, 0x6f, 0x77, 0x20, 0x77, 0x65, 0x20, 0x62, 0x75, 0x69, 0x6c
  .byte 0x64, 0x20, 0x41, 0x49, 0x20, 0x66, 0x65, 0x61, 0x74, 0x75, 0x72, 0x65, 0x73, 0x2e, 0x20, 0x57
  .byte 0x65, 0x20, 0x77, 0x65, 0x6e, 0x74, 0x20, 0x66, 0x72, 0x6f, 0x6d, 0x20, 0x66, 0x72, 0x61, 0x67
  .byte 0x69, 0x6c, 0x65, 0x20, 0x4a, 0x53, 0x4f, 0x4e, 0x20, 0x70, 0x61, 0x72, 0x73, 0x69, 0x6e, 0x67
  .byte 0x20, 0x74, 0x6f, 0x20, 0x61, 0x20, 0x74, 0x79, 0x70, 0x65, 0x2d, 0x73, 0x61, 0x66, 0x65, 0x20
  .byte 0x63, 0x6f, 0x6d, 0x70, 0x6f, 0x6e, 0x65, 0x6e, 0x74, 0x20, 0x73, 0x79, 0x73, 0x74, 0x65, 0x6d
  .byte 0x20, 0x69, 0x6e, 0x20, 0x61, 0x20, 0x77, 0x65, 0x65, 0x6b, 0x65, 0x6e, 0x64, 0x2e, 0x20, 0x54
  .byte 0x68, 0x65, 0x20, 0x74, 0x6f, 0x6b, 0x65, 0x6e, 0x20, 0x73, 0x61, 0x76, 0x69, 0x6e, 0x67, 0x73
  .byte 0x20, 0x61, 0x6c, 0x6f, 0x6e, 0x65, 0x20, 0x6d, 0x61, 0x64, 0x65, 0x20, 0x69, 0x74, 0x20, 0x77
  .byte 0x6f, 0x72, 0x74, 0x68, 0x20, 0x73, 0x77, 0x69, 0x74, 0x63, 0x68, 0x69, 0x6e, 0x67, 0x2e, 0x22
  .byte 0x2c, 0x20, 0x61, 0x76, 0x61, 0x74, 0x61, 0x72, 0x20, 0x28, 0x68, 0x74, 0x74, 0x70, 0x73, 0x3a
  .byte 0x2f, 0x2f, 0x70, 0x69, 0x63, 0x73, 0x75, 0x6d, 0x2e, 0x70, 0x68, 0x6f, 0x74, 0x6f, 0x73, 0x2f
  .byte 0x73, 0x65, 0x65, 0x64, 0x2f, 0x64, 0x65, 0x76, 0x2d, 0x74, 0x65, 0x73, 0x74, 0x69, 0x6d, 0x6f
  .byte 0x6e, 0x69, 0x61, 0x6c, 0x2f, 0x31, 0x30, 0x30, 0x2f, 0x31, 0x30, 0x30, 0x2c, 0x20, 0x22, 0x41
  .byte 0x6c, 0x65, 0x78, 0x20, 0x52, 0x69, 0x76, 0x65, 0x72, 0x61, 0x22, 0x29, 0x2c, 0x20, 0x6e, 0x61
  .byte 0x6d, 0x65, 0x20, 0x22, 0x41, 0x6c, 0x65, 0x78, 0x20, 0x52, 0x69, 0x76, 0x65, 0x72, 0x61, 0x22
  .byte 0x2c, 0x20, 0x72, 0x6f, 0x6c, 0x65, 0x20, 0x22, 0x53, 0x74, 0x61, 0x66, 0x66, 0x20, 0x45, 0x6e
  .byte 0x67, 0x69, 0x6e, 0x65, 0x65, 0x72, 0x20, 0x61, 0x74, 0x20, 0x56, 0x65, 0x72, 0x63, 0x65, 0x6c
  .byte 0x22, 0x0a, 0x32, 0x34, 0x2e, 0x20, 0x45, 0x6d, 0x61, 0x69, 0x6c, 0x44, 0x69, 0x76, 0x69, 0x64
  .byte 0x65, 0x72, 0x0a, 0x32, 0x35, 0x2e, 0x20, 0x45, 0x6d, 0x61, 0x69, 0x6c, 0x43, 0x75, 0x73, 0x74
  .byte 0x6f, 0x6d, 0x65, 0x72, 0x52, 0x65, 0x76, 0x69, 0x65, 0x77, 0x20, 0x74, 0x69, 0x74, 0x6c, 0x65
  .byte 0x64, 0x20, 0x22, 0x4c, 0x6f, 0x76, 0x65, 0x64, 0x20, 0x62, 0x79, 0x20, 0x64, 0x65, 0x76, 0x65
  .byte 0x6c, 0x6f, 0x70, 0x65, 0x72, 0x73, 0x22, 0x20, 0x77, 0x69, 0x74, 0x68, 0x20, 0x74, 0x6f, 0x74
  .byte 0x61, 0x6c, 0x52, 0x65, 0x76, 0x69, 0x65, 0x77, 0x73, 0x20, 0x32, 0x38, 0x30, 0x30, 0x2c, 0x20
  .byte 0x72, 0x61, 0x74, 0x69, 0x6e, 0x67, 0x35, 0x3a, 0x20, 0x32, 0x32, 0x34, 0x30, 0x2c, 0x20, 0x72
  .byte 0x61, 0x74, 0x69, 0x6e, 0x67, 0x34, 0x3a, 0x20, 0x33, 0x39, 0x32, 0x2c, 0x20, 0x72, 0x61, 0x74
  .byte 0x69, 0x6e, 0x67, 0x33, 0x3a, 0x20, 0x31, 0x31, 0x32, 0x2c, 0x20, 0x72, 0x61, 0x74, 0x69, 0x6e
  .byte 0x67, 0x32, 0x3a, 0x20, 0x32, 0x38, 0x2c, 0x20, 0x72, 0x61, 0x74, 0x69, 0x6e, 0x67, 0x31, 0x3a
  .byte 0x20, 0x32, 0x38, 0x2c, 0x20, 0x62, 0x75, 0x74, 0x74, 0x6f, 0x6e, 0x20, 0x22, 0x4c, 0x65, 0x61
  .byte 0x76, 0x65, 0x20, 0x61, 0x20, 0x52, 0x65, 0x76, 0x69, 0x65, 0x77, 0x22, 0x2c, 0x20, 0x68, 0x72
  .byte 0x65, 0x66, 0x20, 0x68, 0x74, 0x74, 0x70, 0x73, 0x3a, 0x2f, 0x2f, 0x67, 0x69, 0x74, 0x68, 0x75
  .byte 0x62, 0x2e, 0x63, 0x6f, 0x6d, 0x2f, 0x74, 0x68, 0x65, 0x73, 0x79, 0x73, 0x64, 0x65, 0x76, 0x2f
  .byte 0x6f, 0x70, 0x65, 0x6e, 0x75, 0x69, 0x2c, 0x20, 0x63, 0x6f, 0x6c, 0x6f, 0x72, 0x20, 0x23, 0x35
  .byte 0x30, 0x44, 0x34, 0x45, 0x32, 0x0a, 0x32, 0x37, 0x2e, 0x20, 0x45, 0x6d, 0x61, 0x69, 0x6c, 0x53
  .byte 0x75, 0x72, 0x76, 0x65, 0x79, 0x52, 0x61, 0x74, 0x69, 0x6e, 0x67, 0x20, 0x77, 0x69, 0x74, 0x68
  .byte 0x20, 0x71, 0x75, 0x65, 0x73, 0x74, 0x69, 0x6f, 0x6e, 0x20, 0x22, 0x48, 0x6f, 0x77, 0x20, 0x77
  .byte 0x61, 0x73, 0x20, 0x79, 0x6f, 0x75, 0x72, 0x20, 0x65, 0x78, 0x70, 0x65, 0x72, 0x69, 0x65, 0x6e
  .byte 0x63, 0x65, 0x20, 0x77, 0x69, 0x74, 0x68, 0x20, 0x4f, 0x70, 0x65, 0x6e, 0x55, 0x49, 0x3f, 0x22
  .byte 0x20, 0x61, 0x6e, 0x64, 0x20, 0x64, 0x65, 0x73, 0x63, 0x72, 0x69, 0x70, 0x74, 0x69, 0x6f, 0x6e
  .byte 0x20, 0x22, 0x59, 0x6f, 0x75, 0x72, 0x20, 0x66, 0x65, 0x65, 0x64, 0x62, 0x61, 0x63, 0x6b, 0x20
  .byte 0x68, 0x65, 0x6c, 0x70, 0x73, 0x20, 0x75, 0x73, 0x20, 0x62, 0x75, 0x69, 0x6c, 0x64, 0x20, 0x61
  .byte 0x20, 0x62, 0x65, 0x74, 0x74, 0x65, 0x72, 0x20, 0x64, 0x65, 0x76, 0x65, 0x6c, 0x6f, 0x70, 0x65
  .byte 0x72, 0x20, 0x74, 0x6f, 0x6f, 0x6c, 0x2e, 0x22, 0x20, 0x61, 0x6e, 0x64, 0x20, 0x63, 0x6f, 0x6c
  .byte 0x6f, 0x72, 0x20, 0x23, 0x35, 0x30, 0x44, 0x34, 0x45, 0x32, 0x0a, 0x33, 0x31, 0x2e, 0x20, 0x45
  .byte 0x6d, 0x61, 0x69, 0x6c, 0x44, 0x69, 0x76, 0x69, 0x64, 0x65, 0x72, 0x0a, 0x33, 0x32, 0x2e, 0x20
  .byte 0x45, 0x6d, 0x61, 0x69, 0x6c, 0x46, 0x6f, 0x6f, 0x74, 0x65, 0x72, 0x43, 0x65, 0x6e, 0x74, 0x65
  .byte 0x72, 0x65, 0x64, 0x20, 0x77, 0x69, 0x74, 0x68, 0x20, 0x6c, 0x6f, 0x67, 0x6f, 0x20, 0x28, 0x68
  .byte 0x74, 0x74, 0x70, 0x73, 0x3a, 0x2f, 0x2f, 0x77, 0x77, 0x77, 0x2e, 0x6f, 0x70, 0x65, 0x6e, 0x75
  .byte 0x69, 0x2e, 0x63, 0x6f, 0x6d, 0x2f, 0x66, 0x61, 0x76, 0x69, 0x63, 0x6f, 0x6e, 0x2e, 0x73, 0x76
  .byte 0x67, 0x2c, 0x20, 0x22, 0x4f, 0x70, 0x65, 0x6e, 0x55, 0x49, 0x22, 0x29, 0x2c, 0x20, 0x63, 0x6f
  .byte 0x6d, 0x70, 0x61, 0x6e, 0x79, 0x20, 0x22, 0x4f, 0x70, 0x65, 0x6e, 0x55, 0x49, 0x22, 0x2c, 0x20
  .byte 0x74, 0x61, 0x67, 0x6c, 0x69, 0x6e, 0x65, 0x20, 0x22, 0x54, 0x68, 0x65, 0x20, 0x6f, 0x70, 0x65
  .byte 0x6e, 0x20, 0x73, 0x74, 0x61, 0x6e, 0x64, 0x61, 0x72, 0x64, 0x20, 0x66, 0x6f, 0x72, 0x20, 0x47
  .byte 0x65, 0x6e, 0x65, 0x72, 0x61, 0x74, 0x69, 0x76, 0x65, 0x20, 0x55, 0x49, 0x22, 0x2c, 0x20, 0x61
  .byte 0x64, 0x64, 0x72, 0x65, 0x73, 0x73, 0x20, 0x22, 0x42, 0x75, 0x69, 0x6c, 0x74, 0x20, 0x62, 0x79
  .byte 0x20, 0x54, 0x68, 0x65, 0x73, 0x79, 0x73, 0x20, 0xc2, 0xb7, 0x20, 0x53, 0x61, 0x6e, 0x20, 0x46
  .byte 0x72, 0x61, 0x6e, 0x63, 0x69, 0x73, 0x63, 0x6f, 0x2c, 0x20, 0x43, 0x41, 0x22, 0x2c, 0x20, 0x63
  .byte 0x6f, 0x6e, 0x74, 0x61, 0x63, 0x74, 0x20, 0x22, 0x68, 0x65, 0x6c, 0x6c, 0x6f, 0x40, 0x6f, 0x70
  .byte 0x65, 0x6e, 0x75, 0x69, 0x2e, 0x63, 0x6f, 0x6d, 0x22, 0x2c, 0x20, 0x61, 0x6e, 0x64, 0x20, 0x33
  .byte 0x20, 0x73, 0x6f, 0x63, 0x69, 0x61, 0x6c, 0x20, 0x69, 0x63, 0x6f, 0x6e, 0x73, 0x3a, 0x0a, 0x20
  .byte 0x20, 0x20, 0x20, 0x2d, 0x20, 0x28, 0x68, 0x74, 0x74, 0x70, 0x73, 0x3a, 0x2f, 0x2f, 0x72, 0x65
  .byte 0x61, 0x63, 0x74, 0x2e, 0x65, 0x6d, 0x61, 0x69, 0x6c, 0x2f, 0x73, 0x74, 0x61, 0x74, 0x69, 0x63
  .byte 0x2f, 0x66, 0x61, 0x63, 0x65, 0x62, 0x6f, 0x6f, 0x6b, 0x2d, 0x6c, 0x6f, 0x67, 0x6f, 0x2e, 0x70
  .byte 0x6e, 0x67, 0x2c, 0x20, 0x22, 0x46, 0x61, 0x63, 0x65, 0x62, 0x6f, 0x6f, 0x6b, 0x22, 0x2c, 0x20
  .byte 0x68, 0x74, 0x74, 0x70, 0x73, 0x3a, 0x2f, 0x2f, 0x66, 0x61, 0x63, 0x65, 0x62, 0x6f, 0x6f, 0x6b
  .byte 0x2e, 0x63, 0x6f, 0x6d, 0x2f, 0x6f, 0x70, 0x65, 0x6e, 0x75, 0x69, 0x29, 0x0a, 0x20, 0x20, 0x20
  .byte 0x20, 0x2d, 0x20, 0x28, 0x68, 0x74, 0x74, 0x70, 0x73, 0x3a, 0x2f, 0x2f, 0x72, 0x65, 0x61, 0x63
  .byte 0x74, 0x2e, 0x65, 0x6d, 0x61, 0x69, 0x6c, 0x2f, 0x73, 0x74, 0x61, 0x74, 0x69, 0x63, 0x2f, 0x78
  .byte 0x2d, 0x6c, 0x6f, 0x67, 0x6f, 0x2e, 0x70, 0x6e, 0x67, 0x2c, 0x20, 0x22, 0x58, 0x22, 0x2c, 0x20
  .byte 0x68, 0x74, 0x74, 0x70, 0x73, 0x3a, 0x2f, 0x2f, 0x78, 0x2e, 0x63, 0x6f, 0x6d, 0x2f, 0x74, 0x68
  .byte 0x65, 0x73, 0x61, 0x62, 0x6f, 0x72, 0x61, 0x74, 0x6f, 0x72, 0x69, 0x6f, 0x29, 0x0a, 0x20, 0x20
  .byte 0x20, 0x20, 0x2d, 0x20, 0x28, 0x68, 0x74, 0x74, 0x70, 0x73, 0x3a, 0x2f, 0x2f, 0x72, 0x65, 0x61
  .byte 0x63, 0x74, 0x2e, 0x65, 0x6d, 0x61, 0x69, 0x6c, 0x2f, 0x73, 0x74, 0x61, 0x74, 0x69, 0x63, 0x2f
  .byte 0x69, 0x6e, 0x73, 0x74, 0x61, 0x67, 0x72, 0x61, 0x6d, 0x2d, 0x6c, 0x6f, 0x67, 0x6f, 0x2e, 0x70
  .byte 0x6e, 0x67, 0x2c, 0x20, 0x22, 0x49, 0x6e, 0x73, 0x74, 0x61, 0x67, 0x72, 0x61, 0x6d, 0x22, 0x2c
  .byte 0x20, 0x68, 0x74, 0x74, 0x70, 0x73, 0x3a, 0x2f, 0x2f, 0x69, 0x6e, 0x73, 0x74, 0x61, 0x67, 0x72
  .byte 0x61, 0x6d, 0x2e, 0x63, 0x6f, 0x6d, 0x2f, 0x6f, 0x70, 0x65, 0x6e, 0x75, 0x69, 0x29, 0x60, 0x2c
  .byte 0x0a, 0x20, 0x20, 0x7d, 0x2c, 0x0a, 0x20, 0x20, 0x7b, 0x0a, 0x20, 0x20, 0x20, 0x20, 0x69, 0x63
  .byte 0x6f, 0x6e, 0x3a, 0x20, 0x22, 0x5c, 0x75, 0x44, 0x38, 0x33, 0x44, 0x5c, 0x75, 0x44, 0x45, 0x44
  .byte 0x32, 0x22, 0x2c, 0x0a, 0x20, 0x20, 0x20, 0x20, 0x69, 0x63, 0x6f, 0x6e, 0x42, 0x67, 0x3a, 0x20
  .byte 0x22, 0x23, 0x32, 0x65, 0x31, 0x61, 0x31, 0x65, 0x22, 0x2c, 0x0a, 0x20, 0x20, 0x20, 0x20, 0x64
  .byte 0x69, 0x73, 0x70, 0x6c, 0x61, 0x79, 0x54, 0x65, 0x78, 0x74, 0x3a, 0x20, 0x22, 0x41, 0x62, 0x61
  .byte 0x6e, 0x64, 0x6f, 0x6e, 0x65, 0x64, 0x20, 0x63, 0x61, 0x72, 0x74, 0x20, 0x72, 0x65, 0x6d, 0x69
  .byte 0x6e, 0x64, 0x65, 0x72, 0x22, 0x2c, 0x0a, 0x20, 0x20, 0x20, 0x20, 0x70, 0x72, 0x6f, 0x6d, 0x70
  .byte 0x74, 0x3a, 0x20, 0x60, 0x43, 0x72, 0x65, 0x61, 0x74, 0x65, 0x20, 0x61, 0x20, 0x62, 0x65, 0x61
  .byte 0x75, 0x74, 0x69, 0x66, 0x75, 0x6c, 0x20, 0x61, 0x62, 0x61, 0x6e, 0x64, 0x6f, 0x6e, 0x65, 0x64
  .byte 0x20, 0x63, 0x61, 0x72, 0x74, 0x20, 0x65, 0x6d, 0x61, 0x69, 0x6c, 0x20, 0x66, 0x6f, 0x72, 0x20
  .byte 0x61, 0x20, 0x70, 0x72, 0x65, 0x6d, 0x69, 0x75, 0x6d, 0x20, 0x65, 0x2d, 0x63, 0x6f, 0x6d, 0x6d
  .byte 0x65, 0x72, 0x63, 0x65, 0x20, 0x62, 0x72, 0x61, 0x6e, 0x64, 0x20, 0x63, 0x61, 0x6c, 0x6c, 0x65
  .byte 0x64, 0x20, 0x22, 0x4c, 0x75, 0x6d, 0x69, 0xc3, 0xa8, 0x72, 0x65, 0x22, 0x2e, 0x20, 0x55, 0x73
  .byte 0x65, 0x20, 0x77, 0x61, 0x72, 0x6d, 0x20, 0x67, 0x6f, 0x6c, 0x64, 0x20, 0x28, 0x23, 0x44, 0x34
  .byte 0x41, 0x35, 0x37, 0x34, 0x29, 0x20, 0x61, 0x73, 0x20, 0x74, 0x68, 0x65, 0x20, 0x61, 0x63, 0x63
  .byte 0x65, 0x6e, 0x74, 0x20, 0x63, 0x6f, 0x6c, 0x6f, 0x72, 0x2e, 0x20, 0x4d, 0x61, 0x6b, 0x65, 0x20
  .byte 0x69, 0x74, 0x20, 0x65, 0x6c, 0x65, 0x67, 0x61, 0x6e, 0x74, 0x2c, 0x20, 0x70, 0x72, 0x6f, 0x64
  .byte 0x75, 0x63, 0x74, 0x2d, 0x66, 0x6f, 0x63, 0x75, 0x73, 0x65, 0x64, 0x2c, 0x20, 0x61, 0x6e, 0x64
  .byte 0x20, 0x70, 0x65, 0x72, 0x73, 0x75, 0x61, 0x73, 0x69, 0x76, 0x65, 0x2e, 0x0a, 0x0a, 0x49, 0x6e
  .byte 0x63, 0x6c, 0x75, 0x64, 0x65, 0x20, 0x74, 0x68, 0x65, 0x73, 0x65, 0x20, 0x73, 0x65, 0x63, 0x74
  .byte 0x69, 0x6f, 0x6e, 0x73, 0x20, 0x69, 0x6e, 0x20, 0x6f, 0x72, 0x64, 0x65, 0x72, 0x3a, 0x0a, 0x0a
  .byte 0x31, 0x2e, 0x20, 0x45, 0x6d, 0x61, 0x69, 0x6c, 0x48, 0x65, 0x61, 0x64, 0x65, 0x72, 0x53, 0x69
  .byte 0x64, 0x65, 0x4e, 0x61, 0x76, 0x20, 0x77, 0x69, 0x74, 0x68, 0x20, 0x6c, 0x6f, 0x67, 0x6f, 0x20
  .byte 0x28, 0x68, 0x74, 0x74, 0x70, 0x73, 0x3a, 0x2f, 0x2f, 0x70, 0x69, 0x63, 0x73, 0x75, 0x6d, 0x2e
  .byte 0x70, 0x68, 0x6f, 0x74, 0x6f, 0x73, 0x2f, 0x73, 0x65, 0x65, 0x64, 0x2f, 0x6c, 0x75, 0x6d, 0x69
  .byte 0x65, 0x72, 0x65, 0x2d, 0x6c, 0x6f, 0x67, 0x6f, 0x2f, 0x31, 0x35, 0x30, 0x2f, 0x34, 0x32, 0x2c
  .byte 0x20, 0x22, 0x4c, 0x75, 0x6d, 0x69, 0xc3, 0xa8, 0x72, 0x65, 0x22, 0x2c, 0x20, 0x68, 0x65, 0x69
  .byte 0x67, 0x68, 0x74, 0x20, 0x34, 0x32, 0x29, 0x20, 0x61, 0x6e, 0x64, 0x20, 0x33, 0x20, 0x6e, 0x61
  .byte 0x76, 0x20, 0x6c, 0x69, 0x6e, 0x6b, 0x73, 0x3a, 0x20, 0x22, 0x4e, 0x65, 0x77, 0x20, 0x41, 0x72
  .byte 0x72, 0x69, 0x76, 0x61, 0x6c, 0x73, 0x22, 0x2c, 0x20, 0x22, 0x42, 0x65, 0x73, 0x74, 0x73, 0x65
  .byte 0x6c, 0x6c, 0x65, 0x72, 0x73, 0x22, 0x2c, 0x20, 0x22, 0x53, 0x61, 0x6c, 0x65, 0x22, 0x0a, 0x32
  .byte 0x2e, 0x20, 0x45, 0x6d, 0x61, 0x69, 0x6c, 0x44, 0x69, 0x76, 0x69, 0x64, 0x65, 0x72, 0x0a, 0x33
  .byte 0x2e, 0x20, 0x45, 0x6d, 0x61, 0x69, 0x6c, 0x48, 0x65, 0x61, 0x64, 0x69, 0x6e, 0x67, 0x20, 0x22
  .byte 0x59, 0x6f, 0x75, 0x20, 0x6c, 0x65, 0x66, 0x74, 0x20, 0x73, 0x6f, 0x6d, 0x65, 0x74, 0x68, 0x69
  .byte 0x6e, 0x67, 0x20, 0x62, 0x65, 0x61, 0x75, 0x74, 0x69, 0x66, 0x75, 0x6c, 0x20, 0x62, 0x65, 0x68
  .byte 0x69, 0x6e, 0x64, 0x22, 0x20, 0x28, 0x6c, 0x65, 0x76, 0x65, 0x6c, 0x20, 0x31, 0x29, 0x0a, 0x34
  .byte 0x2e, 0x20, 0x45, 0x6d, 0x61, 0x69, 0x6c, 0x54, 0x65, 0x78, 0x74, 0x20, 0x22, 0x48, 0x69, 0x20
  .byte 0x74, 0x68, 0x65, 0x72, 0x65, 0x20, 0xe2, 0x80, 0x94, 0x20, 0x79, 0x6f, 0x75, 0x72, 0x20, 0x63
  .byte 0x61, 0x72, 0x74, 0x20, 0x69, 0x73, 0x20, 0x77, 0x61, 0x69, 0x74, 0x69, 0x6e, 0x67, 0x2e, 0x20
  .byte 0x54, 0x68, 0x65, 0x73, 0x65, 0x20, 0x68, 0x61, 0x6e, 0x64, 0x63, 0x72, 0x61, 0x66, 0x74, 0x65
  .byte 0x64, 0x20, 0x70, 0x69, 0x65, 0x63, 0x65, 0x73, 0x20, 0x77, 0x6f, 0x6e, 0x27, 0x74, 0x20, 0x62
  .byte 0x65, 0x20, 0x61, 0x76, 0x61, 0x69, 0x6c, 0x61, 0x62, 0x6c, 0x65, 0x20, 0x66, 0x6f, 0x72, 0x65
  .byte 0x76, 0x65, 0x72, 0x2e, 0x20, 0x43, 0x6f, 0x6d, 0x70, 0x6c, 0x65, 0x74, 0x65, 0x20, 0x79, 0x6f
  .byte 0x75, 0x72, 0x20, 0x6f, 0x72, 0x64, 0x65, 0x72, 0x20, 0x62, 0x65, 0x66, 0x6f, 0x72, 0x65, 0x20
  .byte 0x74, 0x68, 0x65, 0x79, 0x27, 0x72, 0x65, 0x20, 0x67, 0x6f, 0x6e, 0x65, 0x2e, 0x22, 0x0a, 0x35
  .byte 0x2e, 0x20, 0x45, 0x6d, 0x61, 0x69, 0x6c, 0x44, 0x69, 0x76, 0x69, 0x64, 0x65, 0x72, 0x0a, 0x36
  .byte 0x2e, 0x20, 0x45, 0x6d, 0x61, 0x69, 0x6c, 0x43, 0x68, 0x65, 0x63, 0x6b, 0x6f, 0x75, 0x74, 0x54
  .byte 0x61, 0x62, 0x6c, 0x65, 0x20, 0x74, 0x69, 0x74, 0x6c, 0x65, 0x64, 0x20, 0x22, 0x59, 0x6f, 0x75
  .byte 0x72, 0x20, 0x43, 0x61, 0x72, 0x74, 0x22, 0x20, 0x77, 0x69, 0x74, 0x68, 0x20, 0x33, 0x20, 0x69
  .byte 0x74, 0x65, 0x6d, 0x73, 0x20, 0x61, 0x6e, 0x64, 0x20, 0x62, 0x75, 0x74, 0x74, 0x6f, 0x6e, 0x20
  .byte 0x22, 0x43, 0x6f, 0x6d, 0x70, 0x6c, 0x65, 0x74, 0x65, 0x20, 0x59, 0x6f, 0x75, 0x72, 0x20, 0x4f
  .byte 0x72, 0x64, 0x65, 0x72, 0x22, 0x20, 0x77, 0x69, 0x74, 0x68, 0x20, 0x68, 0x72, 0x65, 0x66, 0x20
  .byte 0x68, 0x74, 0x74, 0x70, 0x73, 0x3a, 0x2f, 0x2f, 0x6c, 0x75, 0x6d, 0x69, 0x65, 0x72, 0x65, 0x2e
  .byte 0x63, 0x6f, 0x6d, 0x2f, 0x63, 0x61, 0x72, 0x74, 0x20, 0x61, 0x6e, 0x64, 0x20, 0x63, 0x6f, 0x6c
  .byte 0x6f, 0x72, 0x20, 0x23, 0x44, 0x34, 0x41, 0x35, 0x37, 0x34, 0x3a, 0x0a, 0x20, 0x20, 0x20, 0x2d
  .byte 0x20, 0x28, 0x68, 0x74, 0x74, 0x70, 0x73, 0x3a, 0x2f, 0x2f, 0x69, 0x6d, 0x61, 0x67, 0x65, 0x73
  .byte 0x2e, 0x75, 0x6e, 0x73, 0x70, 0x6c, 0x61, 0x73, 0x68, 0x2e, 0x63, 0x6f, 0x6d, 0x2f, 0x70, 0x68
  .byte 0x6f, 0x74, 0x6f, 0x2d, 0x31, 0x35, 0x32, 0x34, 0x35, 0x39, 0x32, 0x30, 0x39, 0x34, 0x37, 0x31
  .byte 0x34, 0x2d, 0x30, 0x66, 0x30, 0x36, 0x35, 0x34, 0x65, 0x32, 0x30, 0x33, 0x31, 0x34, 0x3f, 0x77
  .byte 0x3d, 0x31, 0x30, 0x30, 0x26, 0x68, 0x3d, 0x31, 0x30, 0x30, 0x26, 0x66, 0x69, 0x74, 0x3d, 0x63
  .byte 0x72, 0x6f, 0x70, 0x2c, 0x20, 0x22, 0x47, 0x6f, 0x6c, 0x64, 0x20, 0x57, 0x61, 0x74, 0x63, 0x68
  .byte 0x22, 0x2c, 0x20, 0x22, 0x41, 0x72, 0x74, 0x69, 0x73, 0x61, 0x6e, 0x20, 0x47, 0x6f, 0x6c, 0x64
  .byte 0x20, 0x57, 0x61, 0x74, 0x63, 0x68, 0x22, 0x2c, 0x20, 0x31, 0x2c, 0x20, 0x22, 0x24, 0x34, 0x32
  .byte 0x30, 0x2e, 0x30, 0x30, 0x22, 0x29, 0x0a, 0x20, 0x20, 0x20, 0x2d, 0x20, 0x28, 0x68, 0x74, 0x74
  .byte 0x70, 0x73, 0x3a, 0x2f, 0x2f, 0x69, 0x6d, 0x61, 0x67, 0x65, 0x73, 0x2e, 0x75, 0x6e, 0x73, 0x70
  .byte 0x6c, 0x61, 0x73, 0x68, 0x2e, 0x63, 0x6f, 0x6d, 0x2f, 0x70, 0x68, 0x6f, 0x74, 0x6f, 0x2d, 0x31
  .byte 0x35, 0x34, 0x38, 0x30, 0x33, 0x36, 0x33, 0x32, 0x38, 0x2d, 0x63, 0x39, 0x66, 0x61, 0x38, 0x39
  .byte 0x64, 0x31, 0x32, 0x38, 0x66, 0x61, 0x3f, 0x77, 0x3d, 0x31, 0x30, 0x30, 0x26, 0x68, 0x3d, 0x31
  .byte 0x30, 0x30, 0x26, 0x66, 0x69, 0x74, 0x3d, 0x63, 0x72, 0x6f, 0x70, 0x2c, 0x20, 0x22, 0x4c, 0x65
  .byte 0x61, 0x74, 0x68, 0x65, 0x72, 0x20, 0x42, 0x61, 0x67, 0x22, 0x2c, 0x20, 0x22, 0x49, 0x74, 0x61
  .byte 0x6c, 0x69, 0x61, 0x6e, 0x20, 0x4c, 0x65, 0x61, 0x74, 0x68, 0x65, 0x72, 0x20, 0x54, 0x6f, 0x74
  .byte 0x65, 0x22, 0x2c, 0x20, 0x31, 0x2c, 0x20, 0x22, 0x24, 0x32, 0x38, 0x35, 0x2e, 0x30, 0x30, 0x22
  .byte 0x29, 0x0a, 0x20, 0x20, 0x20, 0x2d, 0x20, 0x28, 0x68, 0x74, 0x74, 0x70, 0x73, 0x3a, 0x2f, 0x2f
  .byte 0x69, 0x6d, 0x61, 0x67, 0x65, 0x73, 0x2e, 0x75, 0x6e, 0x73, 0x70, 0x6c, 0x61, 0x73, 0x68, 0x2e
  .byte 0x63, 0x6f, 0x6d, 0x2f, 0x70, 0x68, 0x6f, 0x74, 0x6f, 0x2d, 0x31, 0x36, 0x30, 0x36, 0x37, 0x36
  .byte 0x30, 0x32, 0x32, 0x37, 0x30, 0x39, 0x31, 0x2d, 0x33, 0x64, 0x64, 0x38, 0x37, 0x30, 0x64, 0x39
  .byte 0x37, 0x66, 0x31, 0x64, 0x3f, 0x77, 0x3d, 0x31, 0x30, 0x30, 0x26, 0x68, 0x3d, 0x31, 0x30, 0x30
  .byte 0x26, 0x66, 0x69, 0x74, 0x3d, 0x63, 0x72, 0x6f, 0x70, 0x2c, 0x20, 0x22, 0x53, 0x69, 0x6c, 0x6b
  .byte 0x20, 0x53, 0x63, 0x61, 0x72, 0x66, 0x22, 0x2c, 0x20, 0x22, 0x48, 0x61, 0x6e, 0x64, 0x2d, 0x70
  .byte 0x61, 0x69, 0x6e, 0x74, 0x65, 0x64, 0x20, 0x53, 0x69, 0x6c, 0x6b, 0x20, 0x53, 0x63, 0x61, 0x72
  .byte 0x66, 0x22, 0x2c, 0x20, 0x32, 0x2c, 0x20, 0x22, 0x24, 0x39, 0x35, 0x2e, 0x30, 0x30, 0x22, 0x29
  .byte 0x0a, 0x37, 0x2e, 0x20, 0x45, 0x6d, 0x61, 0x69, 0x6c, 0x44, 0x69, 0x76, 0x69, 0x64, 0x65, 0x72
  .byte 0x0a, 0x38, 0x2e, 0x20, 0x45, 0x6d, 0x61, 0x69, 0x6c, 0x50, 0x72, 0x6f, 0x64, 0x75, 0x63, 0x74
  .byte 0x43, 0x61, 0x72, 0x64, 0x20, 0x77, 0x69, 0x74, 0x68, 0x20, 0x69, 0x6d, 0x61, 0x67, 0x65, 0x20
  .byte 0x28, 0x68, 0x74, 0x74, 0x70, 0x73, 0x3a, 0x2f, 0x2f, 0x69, 0x6d, 0x61, 0x67, 0x65, 0x73, 0x2e
  .byte 0x75, 0x6e, 0x73, 0x70, 0x6c, 0x61, 0x73, 0x68, 0x2e, 0x63, 0x6f, 0x6d, 0x2f, 0x70, 0x68, 0x6f
  .byte 0x74, 0x6f, 0x2d, 0x31, 0x35, 0x32, 0x34, 0x35, 0x39, 0x32, 0x30, 0x39, 0x34, 0x37, 0x31, 0x34
  .byte 0x2d, 0x30, 0x66, 0x30, 0x36, 0x35, 0x34, 0x65, 0x32, 0x30, 0x33, 0x31, 0x34, 0x3f, 0x77, 0x3d
  .byte 0x36, 0x30, 0x30, 0x26, 0x68, 0x3d, 0x33, 0x32, 0x30, 0x26, 0x66, 0x69, 0x74, 0x3d, 0x63, 0x72
  .byte 0x6f, 0x70, 0x2c, 0x20, 0x22, 0x41, 0x72, 0x74, 0x69, 0x73, 0x61, 0x6e, 0x20, 0x47, 0x6f, 0x6c
  .byte 0x64, 0x20, 0x57, 0x61, 0x74, 0x63, 0x68, 0x22, 0x29, 0x2c, 0x20, 0x63, 0x61, 0x74, 0x65, 0x67
  .byte 0x6f, 0x72, 0x79, 0x20, 0x22, 0x42, 0x45, 0x53, 0x54, 0x53, 0x45, 0x4c, 0x4c, 0x45, 0x52, 0x22
  .byte 0x2c, 0x20, 0x74, 0x69, 0x74, 0x6c, 0x65, 0x20, 0x22, 0x41, 0x72, 0x74, 0x69, 0x73, 0x61, 0x6e
  .byte 0x20, 0x47, 0x6f, 0x6c, 0x64, 0x20, 0x57, 0x61, 0x74, 0x63, 0x68, 0x22, 0x2c, 0x20, 0x64, 0x65
  .byte 0x73, 0x63, 0x72, 0x69, 0x70, 0x74, 0x69, 0x6f, 0x6e, 0x20, 0x22, 0x48, 0x61, 0x6e, 0x64, 0x2d
  .byte 0x61, 0x73, 0x73, 0x65, 0x6d, 0x62, 0x6c, 0x65, 0x64, 0x20, 0x69, 0x6e, 0x20, 0x6f, 0x75, 0x72
  .byte 0x20, 0x47, 0x65, 0x6e, 0x65, 0x76, 0x61, 0x20, 0x61, 0x74, 0x65, 0x6c, 0x69, 0x65, 0x72, 0x2e
  .byte 0x20, 0x53, 0x77, 0x69, 0x73, 0x73, 0x20, 0x6d, 0x6f, 0x76, 0x65, 0x6d, 0x65, 0x6e, 0x74, 0x2c
  .byte 0x20, 0x73, 0x61, 0x70, 0x70, 0x68, 0x69, 0x72, 0x65, 0x20, 0x63, 0x72, 0x79, 0x73, 0x74, 0x61
  .byte 0x6c, 0x2c, 0x20, 0x61, 0x6e, 0x64, 0x20, 0x61, 0x20, 0x35, 0x2d, 0x79, 0x65, 0x61, 0x72, 0x20
  .byte 0x77, 0x61, 0x72, 0x72, 0x61, 0x6e, 0x74, 0x79, 0x2e, 0x20, 0x45, 0x61, 0x63, 0x68, 0x20, 0x70
  .byte 0x69, 0x65, 0x63, 0x65, 0x20, 0x69, 0x73, 0x20, 0x6e, 0x75, 0x6d, 0x62, 0x65, 0x72, 0x65, 0x64
  .byte 0x20, 0x61, 0x6e, 0x64, 0x20, 0x75, 0x6e, 0x69, 0x71, 0x75, 0x65, 0x2e, 0x22, 0x2c, 0x20, 0x70
  .byte 0x72, 0x69, 0x63, 0x65, 0x20, 0x22, 0x24, 0x34, 0x32, 0x30, 0x2e, 0x30, 0x30, 0x22, 0x2c, 0x20
  .byte 0x62, 0x75, 0x74, 0x74, 0x6f, 0x6e, 0x20, 0x22, 0x53, 0x68, 0x6f, 0x70, 0x20, 0x4e, 0x6f, 0x77
  .byte 0x22, 0x2c, 0x20, 0x68, 0x72, 0x65, 0x66, 0x20, 0x68, 0x74, 0x74, 0x70, 0x73, 0x3a, 0x2f, 0x2f
  .byte 0x6c, 0x75, 0x6d, 0x69, 0x65, 0x72, 0x65, 0x2e, 0x63, 0x6f, 0x6d, 0x2f, 0x70, 0x72, 0x6f, 0x64
  .byte 0x75, 0x63, 0x74, 0x73, 0x2f, 0x67, 0x6f, 0x6c, 0x64, 0x2d, 0x77, 0x61, 0x74, 0x63, 0x68, 0x2c
  .byte 0x20, 0x63, 0x6f, 0x6c, 0x6f, 0x72, 0x20, 0x23, 0x44, 0x34, 0x41, 0x35, 0x37, 0x34, 0x0a, 0x39
  .byte 0x2e, 0x20, 0x45, 0x6d, 0x61, 0x69, 0x6c, 0x44, 0x69, 0x76, 0x69, 0x64, 0x65, 0x72, 0x0a, 0x31
  .byte 0x30, 0x2e, 0x20, 0x45, 0x6d, 0x61, 0x69, 0x6c, 0x49, 0x6d, 0x61, 0x67, 0x65, 0x47, 0x72, 0x69
  .byte 0x64, 0x20, 0x74, 0x69, 0x74, 0x6c, 0x65, 0x64, 0x20, 0x22, 0x59, 0x6f, 0x75, 0x20, 0x6d, 0x69
  .byte 0x67, 0x68, 0x74, 0x20, 0x61, 0x6c, 0x73, 0x6f, 0x20, 0x6c, 0x6f, 0x76, 0x65, 0x22, 0x20, 0x77
  .byte 0x69, 0x74, 0x68, 0x20, 0x64, 0x65, 0x73, 0x63, 0x72, 0x69, 0x70, 0x74, 0x69, 0x6f, 0x6e, 0x20
  .byte 0x22, 0x43, 0x75, 0x72, 0x61, 0x74, 0x65, 0x64, 0x20, 0x70, 0x69, 0x63, 0x6b, 0x73, 0x20, 0x62
  .byte 0x61, 0x73, 0x65, 0x64, 0x20, 0x6f, 0x6e, 0x20, 0x79, 0x6f, 0x75, 0x72, 0x20, 0x73, 0x74, 0x79
  .byte 0x6c, 0x65, 0x2e, 0x22, 0x20, 0x61, 0x6e, 0x64, 0x20, 0x34, 0x20, 0x69, 0x6d, 0x61, 0x67, 0x65
  .byte 0x73, 0x3a, 0x0a, 0x20, 0x20, 0x20, 0x20, 0x2d, 0x20, 0x28, 0x68, 0x74, 0x74, 0x70, 0x73, 0x3a
  .byte 0x2f, 0x2f, 0x69, 0x6d, 0x61, 0x67, 0x65, 0x73, 0x2e, 0x75, 0x6e, 0x73, 0x70, 0x6c, 0x61, 0x73
  .byte 0x68, 0x2e, 0x63, 0x6f, 0x6d, 0x2f, 0x70, 0x68, 0x6f, 0x74, 0x6f, 0x2d, 0x31, 0x36, 0x31, 0x31
  .byte 0x35, 0x39, 0x31, 0x34, 0x33, 0x37, 0x32, 0x38, 0x31, 0x2d, 0x34, 0x36, 0x30, 0x62, 0x66, 0x62
  .byte 0x65, 0x31, 0x32, 0x32, 0x30, 0x61, 0x3f, 0x77, 0x3d, 0x33, 0x30, 0x30, 0x26, 0x68, 0x3d, 0x32
  .byte 0x38, 0x38, 0x26, 0x66, 0x69, 0x74, 0x3d, 0x63, 0x72, 0x6f, 0x70, 0x2c, 0x20, 0x22, 0x47, 0x6f
  .byte 0x6c, 0x64, 0x20, 0x42, 0x72, 0x61, 0x63, 0x65, 0x6c, 0x65, 0x74, 0x22, 0x29, 0x0a, 0x20, 0x20
  .byte 0x20, 0x20, 0x2d, 0x20, 0x28, 0x68, 0x74, 0x74, 0x70, 0x73, 0x3a, 0x2f, 0x2f, 0x69, 0x6d, 0x61
  .byte 0x67, 0x65, 0x73, 0x2e, 0x75, 0x6e, 0x73, 0x70, 0x6c, 0x61, 0x73, 0x68, 0x2e, 0x63, 0x6f, 0x6d
  .byte 0x2f, 0x70, 0x68, 0x6f, 0x74, 0x6f, 0x2d, 0x31, 0x35, 0x34, 0x31, 0x36, 0x34, 0x33, 0x36, 0x30
  .byte 0x30, 0x39, 0x31, 0x34, 0x2d, 0x37, 0x38, 0x62, 0x30, 0x38, 0x34, 0x36, 0x38, 0x33, 0x36, 0x30
  .byte 0x31, 0x3f, 0x77, 0x3d, 0x33, 0x30, 0x30, 0x26, 0x68, 0x3d, 0x32, 0x38, 0x38, 0x26, 0x66, 0x69
  .byte 0x74, 0x3d, 0x63, 0x72, 0x6f, 0x70, 0x2c, 0x20, 0x22, 0x53, 0x69, 0x67, 0x6e, 0x61, 0x74, 0x75
  .byte 0x72, 0x65, 0x20, 0x50, 0x65, 0x72, 0x66, 0x75, 0x6d, 0x65, 0x22, 0x29, 0x0a, 0x20, 0x20, 0x20
  .byte 0x20, 0x2d, 0x20, 0x28, 0x68, 0x74, 0x74, 0x70, 0x73, 0x3a, 0x2f, 0x2f, 0x69, 0x6d, 0x61, 0x67
  .byte 0x65, 0x73, 0x2e, 0x75, 0x6e, 0x73, 0x70, 0x6c, 0x61, 0x73, 0x68, 0x2e, 0x63, 0x6f, 0x6d, 0x2f
  .byte 0x70, 0x68, 0x6f, 0x74, 0x6f, 0x2d, 0x31, 0x35, 0x37, 0x32, 0x36, 0x33, 0x35, 0x31, 0x39, 0x36
  .byte 0x32, 0x33, 0x37, 0x2d, 0x31, 0x34, 0x62, 0x33, 0x66, 0x32, 0x38, 0x31, 0x35, 0x30, 0x33, 0x66
  .byte 0x3f, 0x77, 0x3d, 0x33, 0x30, 0x30, 0x26, 0x68, 0x3d, 0x32, 0x38, 0x38, 0x26, 0x66, 0x69, 0x74
  .byte 0x3d, 0x63, 0x72, 0x6f, 0x70, 0x2c, 0x20, 0x22, 0x44, 0x65, 0x73, 0x69, 0x67, 0x6e, 0x65, 0x72
  .byte 0x20, 0x53, 0x75, 0x6e, 0x67, 0x6c, 0x61, 0x73, 0x73, 0x65, 0x73, 0x22, 0x29, 0x0a, 0x20, 0x20
  .byte 0x20, 0x20, 0x2d, 0x20, 0x28, 0x68, 0x74, 0x74, 0x70, 0x73, 0x3a, 0x2f, 0x2f, 0x69, 0x6d, 0x61
  .byte 0x67, 0x65, 0x73, 0x2e, 0x75, 0x6e, 0x73, 0x70, 0x6c, 0x61, 0x73, 0x68, 0x2e, 0x63, 0x6f, 0x6d
  .byte 0x2f, 0x70, 0x68, 0x6f, 0x74, 0x6f, 0x2d, 0x31, 0x35, 0x33, 0x35, 0x36, 0x33, 0x32, 0x30, 0x36
  .byte 0x36, 0x39, 0x32, 0x37, 0x2d, 0x61, 0x62, 0x37, 0x63, 0x39, 0x61, 0x62, 0x36, 0x30, 0x39, 0x30
  .byte 0x38, 0x3f, 0x77, 0x3d, 0x33, 0x30, 0x30, 0x26, 0x68, 0x3d, 0x32, 0x38, 0x38, 0x26, 0x66, 0x69
  .byte 0x74, 0x3d, 0x63, 0x72, 0x6f, 0x70, 0x2c, 0x20, 0x22, 0x50, 0x65, 0x61, 0x72, 0x6c, 0x20, 0x45
  .byte 0x61, 0x72, 0x72, 0x69, 0x6e, 0x67, 0x73, 0x22, 0x29, 0x0a, 0x31, 0x31, 0x2e, 0x20, 0x45, 0x6d
  .byte 0x61, 0x69, 0x6c, 0x44, 0x69, 0x76, 0x69, 0x64, 0x65, 0x72, 0x0a, 0x31, 0x32, 0x2e, 0x20, 0x45
  .byte 0x6d, 0x61, 0x69, 0x6c, 0x54, 0x65, 0x73, 0x74, 0x69, 0x6d, 0x6f, 0x6e, 0x69, 0x61, 0x6c, 0x20
  .byte 0x77, 0x69, 0x74, 0x68, 0x20, 0x71, 0x75, 0x6f, 0x74, 0x65, 0x20, 0x22, 0x54, 0x68, 0x65, 0x20
  .byte 0x63, 0x72, 0x61, 0x66, 0x74, 0x73, 0x6d, 0x61, 0x6e, 0x73, 0x68, 0x69, 0x70, 0x20, 0x69, 0x73
  .byte 0x20, 0x65, 0x78, 0x63, 0x65, 0x70, 0x74, 0x69, 0x6f, 0x6e, 0x61, 0x6c, 0x2e, 0x20, 0x49, 0x27
  .byte 0x76, 0x65, 0x20, 0x72, 0x65, 0x63, 0x65, 0x69, 0x76, 0x65, 0x64, 0x20, 0x6d, 0x6f, 0x72, 0x65
  .byte 0x20, 0x63, 0x6f, 0x6d, 0x70, 0x6c, 0x69, 0x6d, 0x65, 0x6e, 0x74, 0x73, 0x20, 0x6f, 0x6e, 0x20
  .byte 0x6d, 0x79, 0x20, 0x4c, 0x75, 0x6d, 0x69, 0xc3, 0xa8, 0x72, 0x65, 0x20, 0x77, 0x61, 0x74, 0x63
  .byte 0x68, 0x20, 0x74, 0x68, 0x61, 0x6e, 0x20, 0x61, 0x6e, 0x79, 0x74, 0x68, 0x69, 0x6e, 0x67, 0x20
  .byte 0x49, 0x27, 0x76, 0x65, 0x20, 0x65, 0x76, 0x65, 0x72, 0x20, 0x6f, 0x77, 0x6e, 0x65, 0x64, 0x2e
  .byte 0x20, 0x57, 0x6f, 0x72, 0x74, 0x68, 0x20, 0x65, 0x76, 0x65, 0x72, 0x79, 0x20, 0x70, 0x65, 0x6e
  .byte 0x6e, 0x79, 0x2e, 0x22, 0x2c, 0x20, 0x61, 0x76, 0x61, 0x74, 0x61, 0x72, 0x20, 0x28, 0x68, 0x74
  .byte 0x74, 0x70, 0x73, 0x3a, 0x2f, 0x2f, 0x69, 0x6d, 0x61, 0x67, 0x65, 0x73, 0x2e, 0x75, 0x6e, 0x73
  .byte 0x70, 0x6c, 0x61, 0x73, 0x68, 0x2e, 0x63, 0x6f, 0x6d, 0x2f, 0x70, 0x68, 0x6f, 0x74, 0x6f, 0x2d
  .byte 0x31, 0x34, 0x39, 0x34, 0x37, 0x39, 0x30, 0x31, 0x30, 0x38, 0x33, 0x37, 0x37, 0x2d, 0x62, 0x65
  .byte 0x39, 0x63, 0x32, 0x39, 0x62, 0x32, 0x39, 0x33, 0x33, 0x30, 0x3f, 0x77, 0x3d, 0x31, 0x30, 0x30
  .byte 0x26, 0x68, 0x3d, 0x31, 0x30, 0x30, 0x26, 0x66, 0x69, 0x74, 0x3d, 0x63, 0x72, 0x6f, 0x70, 0x2c
  .byte 0x20, 0x22, 0x45, 0x6d, 0x6d, 0x61, 0x20, 0x4c, 0x61, 0x75, 0x72, 0x65, 0x6e, 0x74, 0x22, 0x29
  .byte 0x2c, 0x20, 0x6e, 0x61, 0x6d, 0x65, 0x20, 0x22, 0x45, 0x6d, 0x6d, 0x61, 0x20, 0x4c, 0x61, 0x75
  .byte 0x72, 0x65, 0x6e, 0x74, 0x22, 0x2c, 0x20, 0x72, 0x6f, 0x6c, 0x65, 0x20, 0x22, 0x56, 0x65, 0x72
  .byte 0x69, 0x66, 0x69, 0x65, 0x64, 0x20, 0x42, 0x75, 0x79, 0x65, 0x72, 0x20, 0xc2, 0xb7, 0x20, 0x50
  .byte 0x61, 0x72, 0x69, 0x73, 0x22, 0x0a, 0x31, 0x33, 0x2e, 0x20, 0x45, 0x6d, 0x61, 0x69, 0x6c, 0x44
  .byte 0x69, 0x76, 0x69, 0x64, 0x65, 0x72, 0x0a, 0x31, 0x34, 0x2e, 0x20, 0x45, 0x6d, 0x61, 0x69, 0x6c
  .byte 0x42, 0x75, 0x74, 0x74, 0x6f, 0x6e, 0x20, 0x22, 0x43, 0x6f, 0x6d, 0x70, 0x6c, 0x65, 0x74, 0x65
  .byte 0x20, 0x59, 0x6f, 0x75, 0x72, 0x20, 0x4f, 0x72, 0x64, 0x65, 0x72, 0x20, 0xe2, 0x80, 0x94, 0x20
  .byte 0x46, 0x72, 0x65, 0x65, 0x20, 0x53, 0x68, 0x69, 0x70, 0x70, 0x69, 0x6e, 0x67, 0x22, 0x20, 0x6c
  .byte 0x69, 0x6e, 0x6b, 0x69, 0x6e, 0x67, 0x20, 0x74, 0x6f, 0x20, 0x68, 0x74, 0x74, 0x70, 0x73, 0x3a
  .byte 0x2f, 0x2f, 0x6c, 0x75, 0x6d, 0x69, 0x65, 0x72, 0x65, 0x2e, 0x63, 0x6f, 0x6d, 0x2f, 0x63, 0x61
  .byte 0x72, 0x74, 0x20, 0x77, 0x69, 0x74, 0x68, 0x20, 0x63, 0x6f, 0x6c, 0x6f, 0x72, 0x20, 0x23, 0x44
  .byte 0x34, 0x41, 0x35, 0x37, 0x34, 0x0a, 0x31, 0x35, 0x2e, 0x20, 0x45, 0x6d, 0x61, 0x69, 0x6c, 0x44
  .byte 0x69, 0x76, 0x69, 0x64, 0x65, 0x72, 0x0a, 0x31, 0x36, 0x2e, 0x20, 0x45, 0x6d, 0x61, 0x69, 0x6c
  .byte 0x46, 0x6f, 0x6f, 0x74, 0x65, 0x72, 0x43, 0x65, 0x6e, 0x74, 0x65, 0x72, 0x65, 0x64, 0x20, 0x77
  .byte 0x69, 0x74, 0x68, 0x20, 0x6c, 0x6f, 0x67, 0x6f, 0x20, 0x28, 0x68, 0x74, 0x74, 0x70, 0x73, 0x3a
  .byte 0x2f, 0x2f, 0x70, 0x69, 0x63, 0x73, 0x75, 0x6d, 0x2e, 0x70, 0x68, 0x6f, 0x74, 0x6f, 0x73, 0x2f
  .byte 0x73, 0x65, 0x65, 0x64, 0x2f, 0x6c, 0x75, 0x6d, 0x69, 0x65, 0x72, 0x65, 0x2d, 0x69, 0x63, 0x6f
  .byte 0x6e, 0x2f, 0x34, 0x32, 0x2f, 0x34, 0x32, 0x2c, 0x20, 0x22, 0x4c, 0x75, 0x6d, 0x69, 0xc3, 0xa8
  .byte 0x72, 0x65, 0x22, 0x29, 0x2c, 0x20, 0x63, 0x6f, 0x6d, 0x70, 0x61, 0x6e, 0x79, 0x20, 0x22, 0x4c
  .byte 0x75, 0x6d, 0x69, 0xc3, 0xa8, 0x72, 0x65, 0x22, 0x2c, 0x20, 0x74, 0x61, 0x67, 0x6c, 0x69, 0x6e
  .byte 0x65, 0x20, 0x22, 0x43, 0x72, 0x61, 0x66, 0x74, 0x65, 0x64, 0x20, 0x77, 0x69, 0x74, 0x68, 0x20
  .byte 0x69, 0x6e, 0x74, 0x65, 0x6e, 0x74, 0x69, 0x6f, 0x6e, 0x22, 0x2c, 0x20, 0x61, 0x64, 0x64, 0x72
  .byte 0x65, 0x73, 0x73, 0x20, 0x22, 0x4c, 0x75, 0x6d, 0x69, 0xc3, 0xa8, 0x72, 0x65, 0x20, 0xc2, 0xb7
  .byte 0x20, 0x31, 0x32, 0x20, 0x52, 0x75, 0x65, 0x20, 0x64, 0x75, 0x20, 0x46, 0x61, 0x75, 0x62, 0x6f
  .byte 0x75, 0x72, 0x67, 0x20, 0x53, 0x61, 0x69, 0x6e, 0x74, 0x2d, 0x48, 0x6f, 0x6e, 0x6f, 0x72, 0xc3
  .byte 0xa9, 0x20, 0xc2, 0xb7, 0x20, 0x50, 0x61, 0x72, 0x69, 0x73, 0x2c, 0x20, 0x37, 0x35, 0x30, 0x30
  .byte 0x38, 0x22, 0x2c, 0x20, 0x63, 0x6f, 0x6e, 0x74, 0x61, 0x63, 0x74, 0x20, 0x22, 0x68, 0x65, 0x6c
  .byte 0x6c, 0x6f, 0x40, 0x6c, 0x75, 0x6d, 0x69, 0x65, 0x72, 0x65, 0x2e, 0x63, 0x6f, 0x6d, 0x22, 0x2c
  .byte 0x20, 0x61, 0x6e, 0x64, 0x20, 0x33, 0x20, 0x73, 0x6f, 0x63, 0x69, 0x61, 0x6c, 0x20, 0x69, 0x63
  .byte 0x6f, 0x6e, 0x73, 0x3a, 0x0a, 0x20, 0x20, 0x20, 0x20, 0x2d, 0x20, 0x28, 0x68, 0x74, 0x74, 0x70
  .byte 0x73, 0x3a, 0x2f, 0x2f, 0x72, 0x65, 0x61, 0x63, 0x74, 0x2e, 0x65, 0x6d, 0x61, 0x69, 0x6c, 0x2f
  .byte 0x73, 0x74, 0x61, 0x74, 0x69, 0x63, 0x2f, 0x66, 0x61, 0x63, 0x65, 0x62, 0x6f, 0x6f, 0x6b, 0x2d
  .byte 0x6c, 0x6f, 0x67, 0x6f, 0x2e, 0x70, 0x6e, 0x67, 0x2c, 0x20, 0x22, 0x46, 0x61, 0x63, 0x65, 0x62
  .byte 0x6f, 0x6f, 0x6b, 0x22, 0x2c, 0x20, 0x68, 0x74, 0x74, 0x70, 0x73, 0x3a, 0x2f, 0x2f, 0x66, 0x61
  .byte 0x63, 0x65, 0x62, 0x6f, 0x6f, 0x6b, 0x2e, 0x63, 0x6f, 0x6d, 0x2f, 0x6c, 0x75, 0x6d, 0x69, 0x65
  .byte 0x72, 0x65, 0x29, 0x0a, 0x20, 0x20, 0x20, 0x20, 0x2d, 0x20, 0x28, 0x68, 0x74, 0x74, 0x70, 0x73
  .byte 0x3a, 0x2f, 0x2f, 0x72, 0x65, 0x61, 0x63, 0x74, 0x2e, 0x65, 0x6d, 0x61, 0x69, 0x6c, 0x2f, 0x73
  .byte 0x74, 0x61, 0x74, 0x69, 0x63, 0x2f, 0x78, 0x2d, 0x6c, 0x6f, 0x67, 0x6f, 0x2e, 0x70, 0x6e, 0x67
  .byte 0x2c, 0x20, 0x22, 0x58, 0x22, 0x2c, 0x20, 0x68, 0x74, 0x74, 0x70, 0x73, 0x3a, 0x2f, 0x2f, 0x78
  .byte 0x2e, 0x63, 0x6f, 0x6d, 0x2f, 0x6c, 0x75, 0x6d, 0x69, 0x65, 0x72, 0x65, 0x29, 0x0a, 0x20, 0x20
  .byte 0x20, 0x20, 0x2d, 0x20, 0x28, 0x68, 0x74, 0x74, 0x70, 0x73, 0x3a, 0x2f, 0x2f, 0x72, 0x65, 0x61
  .byte 0x63, 0x74, 0x2e, 0x65, 0x6d, 0x61, 0x69, 0x6c, 0x2f, 0x73, 0x74, 0x61, 0x74, 0x69, 0x63, 0x2f
  .byte 0x69, 0x6e, 0x73, 0x74, 0x61, 0x67, 0x72, 0x61, 0x6d, 0x2d, 0x6c, 0x6f, 0x67, 0x6f, 0x2e, 0x70
  .byte 0x6e, 0x67, 0x2c, 0x20, 0x22, 0x49, 0x6e, 0x73, 0x74, 0x61, 0x67, 0x72, 0x61, 0x6d, 0x22, 0x2c
  .byte 0x20, 0x68, 0x74, 0x74, 0x70, 0x73, 0x3a, 0x2f, 0x2f, 0x69, 0x6e, 0x73, 0x74, 0x61, 0x67, 0x72
  .byte 0x61, 0x6d, 0x2e, 0x63, 0x6f, 0x6d, 0x2f, 0x6c, 0x75, 0x6d, 0x69, 0x65, 0x72, 0x65, 0x29, 0x60
  .byte 0x2c, 0x0a, 0x20, 0x20, 0x7d, 0x2c, 0x0a, 0x20, 0x20, 0x7b, 0x0a, 0x20, 0x20, 0x20, 0x20, 0x69
  .byte 0x63, 0x6f, 0x6e, 0x3a, 0x20, 0x22, 0x5c, 0x75, 0x44, 0x38, 0x33, 0x43, 0x5c, 0x75, 0x44, 0x46
  .byte 0x39, 0x46, 0x5c, 0x75, 0x46, 0x45, 0x30, 0x46, 0x22, 0x2c, 0x0a, 0x20, 0x20, 0x20, 0x20, 0x69
  .byte 0x63, 0x6f, 0x6e, 0x42, 0x67, 0x3a, 0x20, 0x22, 0x23, 0x31, 0x61, 0x32, 0x65, 0x31, 0x65, 0x22
  .byte 0x2c, 0x0a, 0x20, 0x20, 0x20, 0x20, 0x64, 0x69, 0x73, 0x70, 0x6c, 0x61, 0x79, 0x54, 0x65, 0x78
  .byte 0x74, 0x3a, 0x20, 0x22, 0x54, 0x65, 0x63, 0x68, 0x20, 0x63, 0x6f, 0x6e, 0x66, 0x65, 0x72, 0x65
  .byte 0x6e, 0x63, 0x65, 0x20, 0x69, 0x6e, 0x76, 0x69, 0x74, 0x61, 0x74, 0x69, 0x6f, 0x6e, 0x22, 0x2c
  .byte 0x0a, 0x20, 0x20, 0x20, 0x20, 0x70, 0x72, 0x6f, 0x6d, 0x70, 0x74, 0x3a, 0x20, 0x60, 0x43, 0x72
  .byte 0x65, 0x61, 0x74, 0x65, 0x20, 0x61, 0x6e, 0x20, 0x65, 0x78, 0x63, 0x69, 0x74, 0x69, 0x6e, 0x67
  .byte 0x20, 0x74, 0x65, 0x63, 0x68, 0x20, 0x63, 0x6f, 0x6e, 0x66, 0x65, 0x72, 0x65, 0x6e, 0x63, 0x65
  .byte 0x20, 0x69, 0x6e, 0x76, 0x69, 0x74, 0x61, 0x74, 0x69, 0x6f, 0x6e, 0x20, 0x65, 0x6d, 0x61, 0x69
  .byte 0x6c, 0x20, 0x66, 0x6f, 0x72, 0x20, 0x22, 0x44, 0x65, 0x76, 0x53, 0x75, 0x6d, 0x6d, 0x69, 0x74
  .byte 0x20, 0x32, 0x30, 0x32, 0x36, 0x22, 0x20, 0xe2, 0x80, 0x94, 0x20, 0x61, 0x20, 0x32, 0x2d, 0x64
  .byte 0x61, 0x79, 0x20, 0x64, 0x65, 0x76, 0x65, 0x6c, 0x6f, 0x70, 0x65, 0x72, 0x20, 0x63, 0x6f, 0x6e
  .byte 0x66, 0x65, 0x72, 0x65, 0x6e, 0x63, 0x65, 0x2e, 0x20, 0x55, 0x73, 0x65, 0x20, 0x65, 0x6c, 0x65
  .byte 0x63, 0x74, 0x72, 0x69, 0x63, 0x20, 0x70, 0x75, 0x72, 0x70, 0x6c, 0x65, 0x20, 0x28, 0x23, 0x37
  .byte 0x43, 0x33, 0x41, 0x45, 0x44, 0x29, 0x20, 0x61, 0x73, 0x20, 0x74, 0x68, 0x65, 0x20, 0x61, 0x63
  .byte 0x63, 0x65, 0x6e, 0x74, 0x20, 0x63, 0x6f, 0x6c, 0x6f, 0x72, 0x2e, 0x20, 0x4d, 0x61, 0x6b, 0x65
  .byte 0x20, 0x69, 0x74, 0x20, 0x62, 0x6f, 0x6c, 0x64, 0x2c, 0x20, 0x65, 0x6e, 0x65, 0x72, 0x67, 0x65
  .byte 0x74, 0x69, 0x63, 0x2c, 0x20, 0x61, 0x6e, 0x64, 0x20, 0x69, 0x6e, 0x66, 0x6f, 0x72, 0x6d, 0x61
  .byte 0x74, 0x69, 0x6f, 0x6e, 0x2d, 0x72, 0x69, 0x63, 0x68, 0x2e, 0x0a, 0x0a, 0x49, 0x6e, 0x63, 0x6c
  .byte 0x75, 0x64, 0x65, 0x20, 0x74, 0x68, 0x65, 0x73, 0x65, 0x20, 0x73, 0x65, 0x63, 0x74, 0x69, 0x6f
  .byte 0x6e, 0x73, 0x20, 0x69, 0x6e, 0x20, 0x6f, 0x72, 0x64, 0x65, 0x72, 0x3a, 0x0a, 0x0a, 0x31, 0x2e
  .byte 0x20, 0x45, 0x6d, 0x61, 0x69, 0x6c, 0x48, 0x65, 0x61, 0x64, 0x65, 0x72, 0x43, 0x65, 0x6e, 0x74
  .byte 0x65, 0x72, 0x65, 0x64, 0x4e, 0x61, 0x76, 0x20, 0x77, 0x69, 0x74, 0x68, 0x20, 0x6c, 0x6f, 0x67
  .byte 0x6f, 0x20, 0x28, 0x68, 0x74, 0x74, 0x70, 0x73, 0x3a, 0x2f, 0x2f, 0x70, 0x69, 0x63, 0x73, 0x75
  .byte 0x6d, 0x2e, 0x70, 0x68, 0x6f, 0x74, 0x6f, 0x73, 0x2f, 0x73, 0x65, 0x65, 0x64, 0x2f, 0x64, 0x65
  .byte 0x76, 0x73, 0x75, 0x6d, 0x6d, 0x69, 0x74, 0x2d, 0x6c, 0x6f, 0x67, 0x6f, 0x2f, 0x31, 0x35, 0x30
  .byte 0x2f, 0x34, 0x32, 0x2c, 0x20, 0x22, 0x44, 0x65, 0x76, 0x53, 0x75, 0x6d, 0x6d, 0x69, 0x74, 0x20
  .byte 0x32, 0x30, 0x32, 0x36, 0x22, 0x2c, 0x20, 0x68, 0x65, 0x69, 0x67, 0x68, 0x74, 0x20, 0x34, 0x32
  .byte 0x29, 0x20, 0x61, 0x6e, 0x64, 0x20, 0x33, 0x20, 0x6e, 0x61, 0x76, 0x20, 0x6c, 0x69, 0x6e, 0x6b
  .byte 0x73, 0x3a, 0x20, 0x22, 0x53, 0x70, 0x65, 0x61, 0x6b, 0x65, 0x72, 0x73, 0x22, 0x2c, 0x20, 0x22
  .byte 0x53, 0x63, 0x68, 0x65, 0x64, 0x75, 0x6c, 0x65, 0x22, 0x2c, 0x20, 0x22, 0x54, 0x69, 0x63, 0x6b
  .byte 0x65, 0x74, 0x73, 0x22, 0x0a, 0x32, 0x2e, 0x20, 0x45, 0x6d, 0x61, 0x69, 0x6c, 0x44, 0x69, 0x76
  .byte 0x69, 0x64, 0x65, 0x72, 0x0a, 0x33, 0x2e, 0x20, 0x45, 0x6d, 0x61, 0x69, 0x6c, 0x49, 0x6d, 0x61
  .byte 0x67, 0x65, 0x20, 0x68, 0x65, 0x72, 0x6f, 0x20, 0x28, 0x68, 0x74, 0x74, 0x70, 0x73, 0x3a, 0x2f
  .byte 0x2f, 0x69, 0x6d, 0x61, 0x67, 0x65, 0x73, 0x2e, 0x75, 0x6e, 0x73, 0x70, 0x6c, 0x61, 0x73, 0x68
  .byte 0x2e, 0x63, 0x6f, 0x6d, 0x2f, 0x70, 0x68, 0x6f, 0x74, 0x6f, 0x2d, 0x31, 0x35, 0x34, 0x30, 0x35
  .byte 0x37, 0x35, 0x34, 0x36, 0x37, 0x30, 0x36, 0x33, 0x2d, 0x31, 0x37, 0x38, 0x61, 0x35, 0x30, 0x63
  .byte 0x32, 0x64, 0x66, 0x38, 0x37, 0x3f, 0x77, 0x3d, 0x36, 0x30, 0x30, 0x26, 0x68, 0x3d, 0x33, 0x30
  .byte 0x30, 0x26, 0x66, 0x69, 0x74, 0x3d, 0x63, 0x72, 0x6f, 0x70, 0x2c, 0x20, 0x22, 0x44, 0x65, 0x76
  .byte 0x53, 0x75, 0x6d, 0x6d, 0x69, 0x74, 0x20, 0x32, 0x30, 0x32, 0x36, 0x20, 0xe2, 0x80, 0x94, 0x20
  .byte 0x4d, 0x61, 0x72, 0x63, 0x68, 0x20, 0x31, 0x35, 0x2d, 0x31, 0x36, 0x2c, 0x20, 0x53, 0x61, 0x6e
  .byte 0x20, 0x46, 0x72, 0x61, 0x6e, 0x63, 0x69, 0x73, 0x63, 0x6f, 0x22, 0x2c, 0x20, 0x36, 0x30, 0x30
  .byte 0x29, 0x0a, 0x34, 0x2e, 0x20, 0x45, 0x6d, 0x61, 0x69, 0x6c, 0x48, 0x65, 0x61, 0x64, 0x69, 0x6e
  .byte 0x67, 0x20, 0x22, 0x44, 0x65, 0x76, 0x53, 0x75, 0x6d, 0x6d, 0x69, 0x74, 0x20, 0x32, 0x30, 0x32
  .byte 0x36, 0x20, 0xe2, 0x80, 0x94, 0x20, 0x59, 0x6f, 0x75, 0x27, 0x72, 0x65, 0x20, 0x49, 0x6e, 0x76
  .byte 0x69, 0x74, 0x65, 0x64, 0x22, 0x20, 0x28, 0x6c, 0x65, 0x76, 0x65, 0x6c, 0x20, 0x31, 0x29, 0x0a
  .byte 0x35, 0x2e, 0x20, 0x45, 0x6d, 0x61, 0x69, 0x6c, 0x54, 0x65, 0x78, 0x74, 0x20, 0x22, 0x4a, 0x6f
  .byte 0x69, 0x6e, 0x20, 0x33, 0x2c, 0x30, 0x30, 0x30, 0x2b, 0x20, 0x64, 0x65, 0x76, 0x65, 0x6c, 0x6f
  .byte 0x70, 0x65, 0x72, 0x73, 0x2c, 0x20, 0x66, 0x6f, 0x75, 0x6e, 0x64, 0x65, 0x72, 0x73, 0x2c, 0x20
  .byte 0x61, 0x6e, 0x64, 0x20, 0x74, 0x65, 0x63, 0x68, 0x20, 0x6c, 0x65, 0x61, 0x64, 0x65, 0x72, 0x73
  .byte 0x20, 0x66, 0x6f, 0x72, 0x20, 0x74, 0x77, 0x6f, 0x20, 0x64, 0x61, 0x79, 0x73, 0x20, 0x6f, 0x66
  .byte 0x20, 0x74, 0x61, 0x6c, 0x6b, 0x73, 0x2c, 0x20, 0x77, 0x6f, 0x72, 0x6b, 0x73, 0x68, 0x6f, 0x70
  .byte 0x73, 0x2c, 0x20, 0x61, 0x6e, 0x64, 0x20, 0x6e, 0x65, 0x74, 0x77, 0x6f, 0x72, 0x6b, 0x69, 0x6e
  .byte 0x67, 0x20, 0x61, 0x74, 0x20, 0x74, 0x68, 0x65, 0x20, 0x4d, 0x6f, 0x73, 0x63, 0x6f, 0x6e, 0x65
  .byte 0x20, 0x43, 0x65, 0x6e, 0x74, 0x65, 0x72, 0x20, 0x69, 0x6e, 0x20, 0x53, 0x61, 0x6e, 0x20, 0x46
  .byte 0x72, 0x61, 0x6e, 0x63, 0x69, 0x73, 0x63, 0x6f, 0x2e, 0x20, 0x45, 0x61, 0x72, 0x6c, 0x79, 0x20
  .byte 0x62, 0x69, 0x72, 0x64, 0x20, 0x70, 0x72, 0x69, 0x63, 0x69, 0x6e, 0x67, 0x20, 0x65, 0x6e, 0x64
  .byte 0x73, 0x20, 0x73, 0x6f, 0x6f, 0x6e, 0x2e, 0x22, 0x0a, 0x36, 0x2e, 0x20, 0x45, 0x6d, 0x61, 0x69
  .byte 0x6c, 0x42, 0x75, 0x74, 0x74, 0x6f, 0x6e, 0x20, 0x22, 0x47, 0x65, 0x74, 0x20, 0x59, 0x6f, 0x75
  .byte 0x72, 0x20, 0x54, 0x69, 0x63, 0x6b, 0x65, 0x74, 0x22, 0x20, 0x6c, 0x69, 0x6e, 0x6b, 0x69, 0x6e
  .byte 0x67, 0x20, 0x74, 0x6f, 0x20, 0x68, 0x74, 0x74, 0x70, 0x73, 0x3a, 0x2f, 0x2f, 0x64, 0x65, 0x76
  .byte 0x73, 0x75, 0x6d, 0x6d, 0x69, 0x74, 0x2e, 0x64, 0x65, 0x76, 0x2f, 0x74, 0x69, 0x63, 0x6b, 0x65
  .byte 0x74, 0x73, 0x20, 0x77, 0x69, 0x74, 0x68, 0x20, 0x63, 0x6f, 0x6c, 0x6f, 0x72, 0x20, 0x23, 0x37
  .byte 0x43, 0x33, 0x41, 0x45, 0x44, 0x0a, 0x37, 0x2e, 0x20, 0x45, 0x6d, 0x61, 0x69, 0x6c, 0x44, 0x69
  .byte 0x76, 0x69, 0x64, 0x65, 0x72, 0x0a, 0x38, 0x2e, 0x20, 0x45, 0x6d, 0x61, 0x69, 0x6c, 0x53, 0x74
  .byte 0x61, 0x74, 0x73, 0x20, 0x77, 0x69, 0x74, 0x68, 0x20, 0x33, 0x20, 0x69, 0x74, 0x65, 0x6d, 0x73
  .byte 0x3a, 0x20, 0x28, 0x22, 0x35, 0x30, 0x2b, 0x22, 0x2c, 0x20, 0x22, 0x53, 0x70, 0x65, 0x61, 0x6b
  .byte 0x65, 0x72, 0x73, 0x22, 0x29, 0x2c, 0x20, 0x28, 0x22, 0x33, 0x2c, 0x30, 0x30, 0x30, 0x2b, 0x22
  .byte 0x2c, 0x20, 0x22, 0x41, 0x74, 0x74, 0x65, 0x6e, 0x64, 0x65, 0x65, 0x73, 0x22, 0x29, 0x2c, 0x20
  .byte 0x28, 0x22, 0x32, 0x22, 0x2c, 0x20, 0x22, 0x44, 0x61, 0x79, 0x73, 0x22, 0x29, 0x0a, 0x39, 0x2e
  .byte 0x20, 0x45, 0x6d, 0x61, 0x69, 0x6c, 0x44, 0x69, 0x76, 0x69, 0x64, 0x65, 0x72, 0x0a, 0x31, 0x30
  .byte 0x2e, 0x20, 0x45, 0x6d, 0x61, 0x69, 0x6c, 0x46, 0x65, 0x61, 0x74, 0x75, 0x72, 0x65, 0x47, 0x72
  .byte 0x69, 0x64, 0x20, 0x74, 0x69, 0x74, 0x6c, 0x65, 0x64, 0x20, 0x22, 0x57, 0x68, 0x61, 0x74, 0x20
  .byte 0x74, 0x6f, 0x20, 0x45, 0x78, 0x70, 0x65, 0x63, 0x74, 0x22, 0x20, 0x77, 0x69, 0x74, 0x68, 0x20
  .byte 0x64, 0x65, 0x73, 0x63, 0x72, 0x69, 0x70, 0x74, 0x69, 0x6f, 0x6e, 0x20, 0x22, 0x54, 0x77, 0x6f
  .byte 0x20, 0x64, 0x61, 0x79, 0x73, 0x20, 0x70, 0x61, 0x63, 0x6b, 0x65, 0x64, 0x20, 0x77, 0x69, 0x74
  .byte 0x68, 0x20, 0x69, 0x6e, 0x73, 0x69, 0x67, 0x68, 0x74, 0x73, 0x2c, 0x20, 0x68, 0x61, 0x6e, 0x64
  .byte 0x73, 0x2d, 0x6f, 0x6e, 0x20, 0x77, 0x6f, 0x72, 0x6b, 0x73, 0x68, 0x6f, 0x70, 0x73, 0x2c, 0x20
  .byte 0x61, 0x6e, 0x64, 0x20, 0x63, 0x6f, 0x6e, 0x6e, 0x65, 0x63, 0x74, 0x69, 0x6f, 0x6e, 0x73, 0x2e
  .byte 0x22, 0x20, 0x61, 0x6e, 0x64, 0x20, 0x34, 0x20, 0x69, 0x74, 0x65, 0x6d, 0x73, 0x3a, 0x0a, 0x20
  .byte 0x20, 0x20, 0x20, 0x2d, 0x20, 0x28, 0x68, 0x74, 0x74, 0x70, 0x73, 0x3a, 0x2f, 0x2f, 0x69, 0x6d
  .byte 0x61, 0x67, 0x65, 0x73, 0x2e, 0x75, 0x6e, 0x73, 0x70, 0x6c, 0x61, 0x73, 0x68, 0x2e, 0x63, 0x6f
  .byte 0x6d, 0x2f, 0x70, 0x68, 0x6f, 0x74, 0x6f, 0x2d, 0x31, 0x34, 0x37, 0x35, 0x37, 0x32, 0x31, 0x30
  .byte 0x32, 0x37, 0x37, 0x38, 0x35, 0x2d, 0x66, 0x37, 0x34, 0x65, 0x63, 0x63, 0x66, 0x38, 0x37, 0x37
  .byte 0x65, 0x32, 0x3f, 0x77, 0x3d, 0x34, 0x38, 0x26, 0x68, 0x3d, 0x34, 0x38, 0x26, 0x66, 0x69, 0x74
  .byte 0x3d, 0x63, 0x72, 0x6f, 0x70, 0x2c, 0x20, 0x22, 0x4b, 0x65, 0x79, 0x6e, 0x6f, 0x74, 0x65, 0x73
  .byte 0x22, 0x2c, 0x20, 0x22, 0x57, 0x6f, 0x72, 0x6c, 0x64, 0x2d, 0x43, 0x6c, 0x61, 0x73, 0x73, 0x20
  .byte 0x4b, 0x65, 0x79, 0x6e, 0x6f, 0x74, 0x65, 0x73, 0x22, 0x2c, 0x20, 0x22, 0x48, 0x65, 0x61, 0x72
  .byte 0x20, 0x66, 0x72, 0x6f, 0x6d, 0x20, 0x65, 0x6e, 0x67, 0x69, 0x6e, 0x65, 0x65, 0x72, 0x69, 0x6e
  .byte 0x67, 0x20, 0x6c, 0x65, 0x61, 0x64, 0x65, 0x72, 0x73, 0x20, 0x61, 0x74, 0x20, 0x56, 0x65, 0x72
  .byte 0x63, 0x65, 0x6c, 0x2c, 0x20, 0x53, 0x74, 0x72, 0x69, 0x70, 0x65, 0x2c, 0x20, 0x4c, 0x69, 0x6e
  .byte 0x65, 0x61, 0x72, 0x2c, 0x20, 0x61, 0x6e, 0x64, 0x20, 0x6d, 0x6f, 0x72, 0x65, 0x2e, 0x22, 0x29
  .byte 0x0a, 0x20, 0x20, 0x20, 0x20, 0x2d, 0x20, 0x28, 0x68, 0x74, 0x74, 0x70, 0x73, 0x3a, 0x2f, 0x2f
  .byte 0x69, 0x6d, 0x61, 0x67, 0x65, 0x73, 0x2e, 0x75, 0x6e, 0x73, 0x70, 0x6c, 0x61, 0x73, 0x68, 0x2e
  .byte 0x63, 0x6f, 0x6d, 0x2f, 0x70, 0x68, 0x6f, 0x74, 0x6f, 0x2d, 0x31, 0x35, 0x31, 0x37, 0x36, 0x39
  .byte 0x34, 0x37, 0x31, 0x32, 0x32, 0x30, 0x32, 0x2d, 0x31, 0x34, 0x64, 0x64, 0x39, 0x35, 0x33, 0x38
  .byte 0x61, 0x61, 0x39, 0x37, 0x3f, 0x77, 0x3d, 0x34, 0x38, 0x26, 0x68, 0x3d, 0x34, 0x38, 0x26, 0x66
  .byte 0x69, 0x74, 0x3d, 0x63, 0x72, 0x6f, 0x70, 0x2c, 0x20, 0x22, 0x57, 0x6f, 0x72, 0x6b, 0x73, 0x68
  .byte 0x6f, 0x70, 0x73, 0x22, 0x2c, 0x20, 0x22, 0x48, 0x61, 0x6e, 0x64, 0x73, 0x2d, 0x6f, 0x6e, 0x20
  .byte 0x57, 0x6f, 0x72, 0x6b, 0x73, 0x68, 0x6f, 0x70, 0x73, 0x22, 0x2c, 0x20, 0x22, 0x42, 0x75, 0x69
  .byte 0x6c, 0x64, 0x20, 0x72, 0x65, 0x61, 0x6c, 0x20, 0x70, 0x72, 0x6f, 0x6a, 0x65, 0x63, 0x74, 0x73
  .byte 0x20, 0x77, 0x69, 0x74, 0x68, 0x20, 0x41, 0x49, 0x2c, 0x20, 0x52, 0x65, 0x61, 0x63, 0x74, 0x20
  .byte 0x53, 0x65, 0x72, 0x76, 0x65, 0x72, 0x20, 0x43, 0x6f, 0x6d, 0x70, 0x6f, 0x6e, 0x65, 0x6e, 0x74
  .byte 0x73, 0x2c, 0x20, 0x61, 0x6e, 0x64, 0x20, 0x65, 0x64, 0x67, 0x65, 0x20, 0x63, 0x6f, 0x6d, 0x70
  .byte 0x75, 0x74, 0x69, 0x6e, 0x67, 0x2e, 0x22, 0x29, 0x0a, 0x20, 0x20, 0x20, 0x20, 0x2d, 0x20, 0x28
  .byte 0x68, 0x74, 0x74, 0x70, 0x73, 0x3a, 0x2f, 0x2f, 0x69, 0x6d, 0x61, 0x67, 0x65, 0x73, 0x2e, 0x75
  .byte 0x6e, 0x73, 0x70, 0x6c, 0x61, 0x73, 0x68, 0x2e, 0x63, 0x6f, 0x6d, 0x2f, 0x70, 0x68, 0x6f, 0x74
  .byte 0x6f, 0x2d, 0x31, 0x35, 0x32, 0x39, 0x30, 0x37, 0x30, 0x35, 0x33, 0x38, 0x37, 0x37, 0x34, 0x2d
  .byte 0x31, 0x38, 0x34, 0x33, 0x63, 0x62, 0x33, 0x32, 0x36, 0x35, 0x64, 0x66, 0x3f, 0x77, 0x3d, 0x34
  .byte 0x38, 0x26, 0x68, 0x3d, 0x34, 0x38, 0x26, 0x66, 0x69, 0x74, 0x3d, 0x63, 0x72, 0x6f, 0x70, 0x2c
  .byte 0x20, 0x22, 0x4e, 0x65, 0x74, 0x77, 0x6f, 0x72, 0x6b, 0x69, 0x6e, 0x67, 0x22, 0x2c, 0x20, 0x22
  .byte 0x4e, 0x65, 0x74, 0x77, 0x6f, 0x72, 0x6b, 0x69, 0x6e, 0x67, 0x20, 0x45, 0x76, 0x65, 0x6e, 0x74
  .byte 0x73, 0x22, 0x2c, 0x20, 0x22, 0x45, 0x76, 0x65, 0x6e, 0x69, 0x6e, 0x67, 0x20, 0x6d, 0x69, 0x78
  .byte 0x65, 0x72, 0x73, 0x2c, 0x20, 0x31, 0x3a, 0x31, 0x20, 0x6d, 0x65, 0x6e, 0x74, 0x6f, 0x72, 0x69
  .byte 0x6e, 0x67, 0x20, 0x73, 0x65, 0x73, 0x73, 0x69, 0x6f, 0x6e, 0x73, 0x2c, 0x20, 0x61, 0x6e, 0x64
  .byte 0x20, 0x74, 0x68, 0x65, 0x20, 0x6c, 0x65, 0x67, 0x65, 0x6e, 0x64, 0x61, 0x72, 0x79, 0x20, 0x61
  .byte 0x66, 0x74, 0x65, 0x72, 0x2d, 0x70, 0x61, 0x72, 0x74, 0x79, 0x2e, 0x22, 0x29, 0x0a, 0x20, 0x20
  .byte 0x20, 0x20, 0x2d, 0x20, 0x28, 0x68, 0x74, 0x74, 0x70, 0x73, 0x3a, 0x2f, 0x2f, 0x69, 0x6d, 0x61
  .byte 0x67, 0x65, 0x73, 0x2e, 0x75, 0x6e, 0x73, 0x70, 0x6c, 0x61, 0x73, 0x68, 0x2e, 0x63, 0x6f, 0x6d
  .byte 0x2f, 0x70, 0x68, 0x6f, 0x74, 0x6f, 0x2d, 0x31, 0x35, 0x35, 0x39, 0x31, 0x33, 0x36, 0x35, 0x35
  .byte 0x35, 0x2d, 0x39, 0x33, 0x30, 0x33, 0x62, 0x61, 0x65, 0x61, 0x38, 0x65, 0x62, 0x64, 0x3f, 0x77
  .byte 0x3d, 0x34, 0x38, 0x26, 0x68, 0x3d, 0x34, 0x38, 0x26, 0x66, 0x69, 0x74, 0x3d, 0x63, 0x72, 0x6f
  .byte 0x70, 0x2c, 0x20, 0x22, 0x45, 0x78, 0x70, 0x6f, 0x22, 0x2c, 0x20, 0x22, 0x53, 0x74, 0x61, 0x72
  .byte 0x74, 0x75, 0x70, 0x20, 0x45, 0x78, 0x70, 0x6f, 0x22, 0x2c, 0x20, 0x22, 0x4d, 0x65, 0x65, 0x74
  .byte 0x20, 0x34, 0x30, 0x2b, 0x20, 0x73, 0x74, 0x61, 0x72, 0x74, 0x75, 0x70, 0x73, 0x20, 0x73, 0x68
  .byte 0x6f, 0x77, 0x63, 0x61, 0x73, 0x69, 0x6e, 0x67, 0x20, 0x63, 0x75, 0x74, 0x74, 0x69, 0x6e, 0x67
  .byte 0x2d, 0x65, 0x64, 0x67, 0x65, 0x20, 0x64, 0x65, 0x76, 0x65, 0x6c, 0x6f, 0x70, 0x65, 0x72, 0x20
  .byte 0x74, 0x6f, 0x6f, 0x6c, 0x73, 0x2e, 0x22, 0x29, 0x0a, 0x31, 0x31, 0x2e, 0x20, 0x45, 0x6d, 0x61
  .byte 0x69, 0x6c, 0x44, 0x69, 0x76, 0x69, 0x64, 0x65, 0x72, 0x0a, 0x31, 0x32, 0x2e, 0x20, 0x45, 0x6d
  .byte 0x61, 0x69, 0x6c, 0x4c, 0x69, 0x73, 0x74, 0x20, 0x74, 0x69, 0x74, 0x6c, 0x65, 0x64, 0x20, 0x22
  .byte 0x46, 0x65, 0x61, 0x74, 0x75, 0x72, 0x65, 0x64, 0x20, 0x53, 0x70, 0x65, 0x61, 0x6b, 0x65, 0x72
  .byte 0x73, 0x22, 0x20, 0x77, 0x69, 0x74, 0x68, 0x20, 0x33, 0x20, 0x69, 0x74, 0x65, 0x6d, 0x73, 0x3a
  .byte 0x0a, 0x20, 0x20, 0x20, 0x20, 0x2d, 0x20, 0x22, 0x53, 0x61, 0x72, 0x61, 0x68, 0x20, 0x44, 0x72
  .byte 0x61, 0x73, 0x6e, 0x65, 0x72, 0x22, 0x20, 0x2f, 0x20, 0x22, 0x56, 0x50, 0x20, 0x6f, 0x66, 0x20
  .byte 0x44, 0x65, 0x76, 0x65, 0x6c, 0x6f, 0x70, 0x65, 0x72, 0x20, 0x45, 0x78, 0x70, 0x65, 0x72, 0x69
  .byte 0x65, 0x6e, 0x63, 0x65, 0x20, 0x61, 0x74, 0x20, 0x4e, 0x65, 0x74, 0x6c, 0x69, 0x66, 0x79, 0x2e
  .byte 0x20, 0x4b, 0x65, 0x79, 0x6e, 0x6f, 0x74, 0x65, 0x20, 0x6f, 0x6e, 0x20, 0x74, 0x68, 0x65, 0x20
  .byte 0x66, 0x75, 0x74, 0x75, 0x72, 0x65, 0x20, 0x6f, 0x66, 0x20, 0x77, 0x65, 0x62, 0x20, 0x64, 0x65
  .byte 0x76, 0x65, 0x6c, 0x6f, 0x70, 0x6d, 0x65, 0x6e, 0x74, 0x20, 0x61, 0x6e, 0x64, 0x20, 0x41, 0x49
  .byte 0x2d, 0x61, 0x73, 0x73, 0x69, 0x73, 0x74, 0x65, 0x64, 0x20, 0x63, 0x6f, 0x64, 0x69, 0x6e, 0x67
  .byte 0x2e, 0x22, 0x0a, 0x20, 0x20, 0x20, 0x20, 0x2d, 0x20, 0x22, 0x47, 0x75, 0x69, 0x6c, 0x6c, 0x65
  .byte 0x72, 0x6d, 0x6f, 0x20, 0x52, 0x61, 0x75, 0x63, 0x68, 0x22, 0x20, 0x2f, 0x20, 0x22, 0x43, 0x45
  .byte 0x4f, 0x20, 0x6f, 0x66, 0x20, 0x56, 0x65, 0x72, 0x63, 0x65, 0x6c, 0x2e, 0x20, 0x54, 0x61, 0x6c
  .byte 0x6b, 0x20, 0x6f, 0x6e, 0x20, 0x74, 0x68, 0x65, 0x20, 0x65, 0x76, 0x6f, 0x6c, 0x75, 0x74, 0x69
  .byte 0x6f, 0x6e, 0x20, 0x6f, 0x66, 0x20, 0x52, 0x65, 0x61, 0x63, 0x74, 0x20, 0x61, 0x6e, 0x64, 0x20
  .byte 0x77, 0x68, 0x61, 0x74, 0x27, 0x73, 0x20, 0x6e, 0x65, 0x78, 0x74, 0x20, 0x66, 0x6f, 0x72, 0x20
  .byte 0x74, 0x68, 0x65, 0x20, 0x66, 0x72, 0x61, 0x6d, 0x65, 0x77, 0x6f, 0x72, 0x6b, 0x20, 0x65, 0x63
  .byte 0x6f, 0x73, 0x79, 0x73, 0x74, 0x65, 0x6d, 0x2e, 0x22, 0x0a, 0x20, 0x20, 0x20, 0x20, 0x2d, 0x20
  .byte 0x22, 0x4c, 0x65, 0x61, 0x20, 0x56, 0x65, 0x72, 0x6f, 0x75, 0x22, 0x20, 0x2f, 0x20, 0x22, 0x57
  .byte 0x33, 0x43, 0x20, 0x54, 0x41, 0x47, 0x20, 0x6d, 0x65, 0x6d, 0x62, 0x65, 0x72, 0x2e, 0x20, 0x57
  .byte 0x6f, 0x72, 0x6b, 0x73, 0x68, 0x6f, 0x70, 0x20, 0x6f, 0x6e, 0x20, 0x6d, 0x6f, 0x64, 0x65, 0x72
  .byte 0x6e, 0x20, 0x43, 0x53, 0x53, 0x20, 0x74, 0x65, 0x63, 0x68, 0x6e, 0x69, 0x71, 0x75, 0x65, 0x73
  .byte 0x20, 0x74, 0x68, 0x61, 0x74, 0x20, 0x77, 0x69, 0x6c, 0x6c, 0x20, 0x63, 0x68, 0x61, 0x6e, 0x67
  .byte 0x65, 0x20, 0x68, 0x6f, 0x77, 0x20, 0x79, 0x6f, 0x75, 0x20, 0x62, 0x75, 0x69, 0x6c, 0x64, 0x20
  .byte 0x69, 0x6e, 0x74, 0x65, 0x72, 0x66, 0x61, 0x63, 0x65, 0x73, 0x2e, 0x22, 0x0a, 0x31, 0x33, 0x2e
  .byte 0x20, 0x45, 0x6d, 0x61, 0x69, 0x6c, 0x44, 0x69, 0x76, 0x69, 0x64, 0x65, 0x72, 0x0a, 0x31, 0x34
  .byte 0x2e, 0x20, 0x45, 0x6d, 0x61, 0x69, 0x6c, 0x50, 0x72, 0x69, 0x63, 0x69, 0x6e, 0x67, 0x43, 0x61
  .byte 0x72, 0x64, 0x20, 0x77, 0x69, 0x74, 0x68, 0x20, 0x62, 0x61, 0x64, 0x67, 0x65, 0x20, 0x22, 0x45
  .byte 0x41, 0x52, 0x4c, 0x59, 0x20, 0x42, 0x49, 0x52, 0x44, 0x22, 0x2c, 0x20, 0x70, 0x72, 0x69, 0x63
  .byte 0x65, 0x20, 0x22, 0x24, 0x32, 0x39, 0x39, 0x22, 0x2c, 0x20, 0x70, 0x65, 0x72, 0x69, 0x6f, 0x64
  .byte 0x20, 0x22, 0x2f, 0x20, 0x70, 0x65, 0x72, 0x73, 0x6f, 0x6e, 0x22, 0x2c, 0x20, 0x64, 0x65, 0x73
  .byte 0x63, 0x72, 0x69, 0x70, 0x74, 0x69, 0x6f, 0x6e, 0x20, 0x22, 0x46, 0x75, 0x6c, 0x6c, 0x20, 0x61
  .byte 0x63, 0x63, 0x65, 0x73, 0x73, 0x20, 0x74, 0x6f, 0x20, 0x61, 0x6c, 0x6c, 0x20, 0x74, 0x61, 0x6c
  .byte 0x6b, 0x73, 0x2c, 0x20, 0x77, 0x6f, 0x72, 0x6b, 0x73, 0x68, 0x6f, 0x70, 0x73, 0x2c, 0x20, 0x6e
  .byte 0x65, 0x74, 0x77, 0x6f, 0x72, 0x6b, 0x69, 0x6e, 0x67, 0x20, 0x65, 0x76, 0x65, 0x6e, 0x74, 0x73
  .byte 0x2c, 0x20, 0x6d, 0x65, 0x61, 0x6c, 0x73, 0x2c, 0x20, 0x61, 0x6e, 0x64, 0x20, 0x74, 0x68, 0x65
  .byte 0x20, 0x61, 0x66, 0x74, 0x65, 0x72, 0x2d, 0x70, 0x61, 0x72, 0x74, 0x79, 0x2e, 0x20, 0x47, 0x72
  .byte 0x6f, 0x75, 0x70, 0x20, 0x64, 0x69, 0x73, 0x63, 0x6f, 0x75, 0x6e, 0x74, 0x73, 0x20, 0x61, 0x76
  .byte 0x61, 0x69, 0x6c, 0x61, 0x62, 0x6c, 0x65, 0x20, 0x66, 0x6f, 0x72, 0x20, 0x74, 0x65, 0x61, 0x6d
  .byte 0x73, 0x20, 0x6f, 0x66, 0x20, 0x35, 0x2b, 0x2e, 0x22, 0x2c, 0x20, 0x66, 0x65, 0x61, 0x74, 0x75
  .byte 0x72, 0x65, 0x73, 0x3a, 0x20, 0x22, 0x41, 0x6c, 0x6c, 0x20, 0x6b, 0x65, 0x79, 0x6e, 0x6f, 0x74
  .byte 0x65, 0x73, 0x20, 0x26, 0x20, 0x73, 0x65, 0x73, 0x73, 0x69, 0x6f, 0x6e, 0x73, 0x22, 0x2c, 0x20
  .byte 0x22, 0x48, 0x61, 0x6e, 0x64, 0x73, 0x2d, 0x6f, 0x6e, 0x20, 0x77, 0x6f, 0x72, 0x6b, 0x73, 0x68
  .byte 0x6f, 0x70, 0x20, 0x61, 0x63, 0x63, 0x65, 0x73, 0x73, 0x22, 0x2c, 0x20, 0x22, 0x4e, 0x65, 0x74
  .byte 0x77, 0x6f, 0x72, 0x6b, 0x69, 0x6e, 0x67, 0x20, 0x6d, 0x69, 0x78, 0x65, 0x72, 0x20, 0x2b, 0x20
  .byte 0x61, 0x66, 0x74, 0x65, 0x72, 0x2d, 0x70, 0x61, 0x72, 0x74, 0x79, 0x22, 0x2c, 0x20, 0x22, 0x4c
  .byte 0x75, 0x6e, 0x63, 0x68, 0x20, 0x26, 0x20, 0x72, 0x65, 0x66, 0x72, 0x65, 0x73, 0x68, 0x6d, 0x65
  .byte 0x6e, 0x74, 0x73, 0x20, 0x62, 0x6f, 0x74, 0x68, 0x20, 0x64, 0x61, 0x79, 0x73, 0x22, 0x2c, 0x20
  .byte 0x62, 0x75, 0x74, 0x74, 0x6f, 0x6e, 0x20, 0x22, 0x43, 0x6c, 0x61, 0x69, 0x6d, 0x20, 0x45, 0x61
  .byte 0x72, 0x6c, 0x79, 0x20, 0x42, 0x69, 0x72, 0x64, 0x20, 0x50, 0x72, 0x69, 0x63, 0x65, 0x22, 0x20
  .byte 0x77, 0x69, 0x74, 0x68, 0x20, 0x68, 0x72, 0x65, 0x66, 0x20, 0x68, 0x74, 0x74, 0x70, 0x73, 0x3a
  .byte 0x2f, 0x2f, 0x64, 0x65, 0x76, 0x73, 0x75, 0x6d, 0x6d, 0x69, 0x74, 0x2e, 0x64, 0x65, 0x76, 0x2f
  .byte 0x74, 0x69, 0x63, 0x6b, 0x65, 0x74, 0x73, 0x20, 0x61, 0x6e, 0x64, 0x20, 0x63, 0x6f, 0x6c, 0x6f
  .byte 0x72, 0x20, 0x23, 0x37, 0x43, 0x33, 0x41, 0x45, 0x44, 0x0a, 0x31, 0x35, 0x2e, 0x20, 0x45, 0x6d
  .byte 0x61, 0x69, 0x6c, 0x44, 0x69, 0x76, 0x69, 0x64, 0x65, 0x72, 0x0a, 0x31, 0x36, 0x2e, 0x20, 0x45
  .byte 0x6d, 0x61, 0x69, 0x6c, 0x53, 0x75, 0x72, 0x76, 0x65, 0x79, 0x52, 0x61, 0x74, 0x69, 0x6e, 0x67
  .byte 0x20, 0x77, 0x69, 0x74, 0x68, 0x20, 0x71, 0x75, 0x65, 0x73, 0x74, 0x69, 0x6f, 0x6e, 0x20, 0x22
  .byte 0x49, 0x6e, 0x74, 0x65, 0x72, 0x65, 0x73, 0x74, 0x65, 0x64, 0x20, 0x69, 0x6e, 0x20, 0x61, 0x74
  .byte 0x74, 0x65, 0x6e, 0x64, 0x69, 0x6e, 0x67, 0x3f, 0x22, 0x20, 0x61, 0x6e, 0x64, 0x20, 0x64, 0x65
  .byte 0x73, 0x63, 0x72, 0x69, 0x70, 0x74, 0x69, 0x6f, 0x6e, 0x20, 0x22, 0x52, 0x61, 0x74, 0x65, 0x20
  .byte 0x79, 0x6f, 0x75, 0x72, 0x20, 0x69, 0x6e, 0x74, 0x65, 0x72, 0x65, 0x73, 0x74, 0x20, 0x61, 0x6e
  .byte 0x64, 0x20, 0x77, 0x65, 0x27, 0x6c, 0x6c, 0x20, 0x73, 0x65, 0x6e, 0x64, 0x20, 0x79, 0x6f, 0x75
  .byte 0x20, 0x75, 0x70, 0x64, 0x61, 0x74, 0x65, 0x73, 0x2e, 0x22, 0x20, 0x61, 0x6e, 0x64, 0x20, 0x63
  .byte 0x6f, 0x6c, 0x6f, 0x72, 0x20, 0x23, 0x37, 0x43, 0x33, 0x41, 0x45, 0x44, 0x0a, 0x31, 0x37, 0x2e
  .byte 0x20, 0x45, 0x6d, 0x61, 0x69, 0x6c, 0x44, 0x69, 0x76, 0x69, 0x64, 0x65, 0x72, 0x0a, 0x31, 0x38
  .byte 0x2e, 0x20, 0x45, 0x6d, 0x61, 0x69, 0x6c, 0x46, 0x6f, 0x6f, 0x74, 0x65, 0x72, 0x43, 0x65, 0x6e
  .byte 0x74, 0x65, 0x72, 0x65, 0x64, 0x20, 0x77, 0x69, 0x74, 0x68, 0x20, 0x6c, 0x6f, 0x67, 0x6f, 0x20
  .byte 0x28, 0x68, 0x74, 0x74, 0x70, 0x73, 0x3a, 0x2f, 0x2f, 0x70, 0x69, 0x63, 0x73, 0x75, 0x6d, 0x2e
  .byte 0x70, 0x68, 0x6f, 0x74, 0x6f, 0x73, 0x2f, 0x73, 0x65, 0x65, 0x64, 0x2f, 0x64, 0x65, 0x76, 0x73
  .byte 0x75, 0x6d, 0x6d, 0x69, 0x74, 0x2d, 0x69, 0x63, 0x6f, 0x6e, 0x2f, 0x34, 0x32, 0x2f, 0x34, 0x32
  .byte 0x2c, 0x20, 0x22, 0x44, 0x65, 0x76, 0x53, 0x75, 0x6d, 0x6d, 0x69, 0x74, 0x22, 0x29, 0x2c, 0x20
  .byte 0x63, 0x6f, 0x6d, 0x70, 0x61, 0x6e, 0x79, 0x20, 0x22, 0x44, 0x65, 0x76, 0x53, 0x75, 0x6d, 0x6d
  .byte 0x69, 0x74, 0x22, 0x2c, 0x20, 0x74, 0x61, 0x67, 0x6c, 0x69, 0x6e, 0x65, 0x20, 0x22, 0x57, 0x68
  .byte 0x65, 0x72, 0x65, 0x20, 0x64, 0x65, 0x76, 0x65, 0x6c, 0x6f, 0x70, 0x65, 0x72, 0x73, 0x20, 0x63
  .byte 0x6f, 0x6e, 0x6e, 0x65, 0x63, 0x74, 0x22, 0x2c, 0x20, 0x61, 0x64, 0x64, 0x72, 0x65, 0x73, 0x73
  .byte 0x20, 0x22, 0x4d, 0x6f, 0x73, 0x63, 0x6f, 0x6e, 0x65, 0x20, 0x43, 0x65, 0x6e, 0x74, 0x65, 0x72
  .byte 0x20, 0xc2, 0xb7, 0x20, 0x37, 0x34, 0x37, 0x20, 0x48, 0x6f, 0x77, 0x61, 0x72, 0x64, 0x20, 0x53
  .byte 0x74, 0x20, 0xc2, 0xb7, 0x20, 0x53, 0x61, 0x6e, 0x20, 0x46, 0x72, 0x61, 0x6e, 0x63, 0x69, 0x73
  .byte 0x63, 0x6f, 0x2c, 0x20, 0x43, 0x41, 0x20, 0x39, 0x34, 0x31, 0x30, 0x33, 0x22, 0x2c, 0x20, 0x63
  .byte 0x6f, 0x6e, 0x74, 0x61, 0x63, 0x74, 0x20, 0x22, 0x68, 0x65, 0x6c, 0x6c, 0x6f, 0x40, 0x64, 0x65
  .byte 0x76, 0x73, 0x75, 0x6d, 0x6d, 0x69, 0x74, 0x2e, 0x64, 0x65, 0x76, 0x22, 0x2c, 0x20, 0x61, 0x6e
  .byte 0x64, 0x20, 0x33, 0x20, 0x73, 0x6f, 0x63, 0x69, 0x61, 0x6c, 0x20, 0x69, 0x63, 0x6f, 0x6e, 0x73
  .byte 0x3a, 0x0a, 0x20, 0x20, 0x20, 0x20, 0x2d, 0x20, 0x28, 0x68, 0x74, 0x74, 0x70, 0x73, 0x3a, 0x2f
  .byte 0x2f, 0x72, 0x65, 0x61, 0x63, 0x74, 0x2e, 0x65, 0x6d, 0x61, 0x69, 0x6c, 0x2f, 0x73, 0x74, 0x61
  .byte 0x74, 0x69, 0x63, 0x2f, 0x66, 0x61, 0x63, 0x65, 0x62, 0x6f, 0x6f, 0x6b, 0x2d, 0x6c, 0x6f, 0x67
  .byte 0x6f, 0x2e, 0x70, 0x6e, 0x67, 0x2c, 0x20, 0x22, 0x46, 0x61, 0x63, 0x65, 0x62, 0x6f, 0x6f, 0x6b
  .byte 0x22, 0x2c, 0x20, 0x68, 0x74, 0x74, 0x70, 0x73, 0x3a, 0x2f, 0x2f, 0x66, 0x61, 0x63, 0x65, 0x62
  .byte 0x6f, 0x6f, 0x6b, 0x2e, 0x63, 0x6f, 0x6d, 0x2f, 0x64, 0x65, 0x76, 0x73, 0x75, 0x6d, 0x6d, 0x69
  .byte 0x74, 0x29, 0x0a, 0x20, 0x20, 0x20, 0x20, 0x2d, 0x20, 0x28, 0x68, 0x74, 0x74, 0x70, 0x73, 0x3a
  .byte 0x2f, 0x2f, 0x72, 0x65, 0x61, 0x63, 0x74, 0x2e, 0x65, 0x6d, 0x61, 0x69, 0x6c, 0x2f, 0x73, 0x74
  .byte 0x61, 0x74, 0x69, 0x63, 0x2f, 0x78, 0x2d, 0x6c, 0x6f, 0x67, 0x6f, 0x2e, 0x70, 0x6e, 0x67, 0x2c
  .byte 0x20, 0x22, 0x58, 0x22, 0x2c, 0x20, 0x68, 0x74, 0x74, 0x70, 0x73, 0x3a, 0x2f, 0x2f, 0x78, 0x2e
  .byte 0x63, 0x6f, 0x6d, 0x2f, 0x64, 0x65, 0x76, 0x73, 0x75, 0x6d, 0x6d, 0x69, 0x74, 0x29, 0x0a, 0x20
  .byte 0x20, 0x20, 0x20, 0x2d, 0x20, 0x28, 0x68, 0x74, 0x74, 0x70, 0x73, 0x3a, 0x2f, 0x2f, 0x72, 0x65
  .byte 0x61, 0x63, 0x74, 0x2e, 0x65, 0x6d, 0x61, 0x69, 0x6c, 0x2f, 0x73, 0x74, 0x61, 0x74, 0x69, 0x63
  .byte 0x2f, 0x69, 0x6e, 0x73, 0x74, 0x61, 0x67, 0x72, 0x61, 0x6d, 0x2d, 0x6c, 0x6f, 0x67, 0x6f, 0x2e
  .byte 0x70, 0x6e, 0x67, 0x2c, 0x20, 0x22, 0x49, 0x6e, 0x73, 0x74, 0x61, 0x67, 0x72, 0x61, 0x6d, 0x22
  .byte 0x2c, 0x20, 0x68, 0x74, 0x74, 0x70, 0x73, 0x3a, 0x2f, 0x2f, 0x69, 0x6e, 0x73, 0x74, 0x61, 0x67
  .byte 0x72, 0x61, 0x6d, 0x2e, 0x63, 0x6f, 0x6d, 0x2f, 0x64, 0x65, 0x76, 0x73, 0x75, 0x6d, 0x6d, 0x69
  .byte 0x74, 0x29, 0x60, 0x2c, 0x0a, 0x20, 0x20, 0x7d, 0x2c, 0x0a, 0x20, 0x20, 0x7b, 0x0a, 0x20, 0x20
  .byte 0x20, 0x20, 0x69, 0x63, 0x6f, 0x6e, 0x3a, 0x20, 0x22, 0x5c, 0x75, 0x32, 0x37, 0x30, 0x38, 0x5c
  .byte 0x75, 0x46, 0x45, 0x30, 0x46, 0x22, 0x2c, 0x0a, 0x20, 0x20, 0x20, 0x20, 0x69, 0x63, 0x6f, 0x6e
  .byte 0x42, 0x67, 0x3a, 0x20, 0x22, 0x23, 0x32, 0x65, 0x31, 0x61, 0x31, 0x61, 0x22, 0x2c, 0x0a, 0x20
  .byte 0x20, 0x20, 0x20, 0x64, 0x69, 0x73, 0x70, 0x6c, 0x61, 0x79, 0x54, 0x65, 0x78, 0x74, 0x3a, 0x20
  .byte 0x22, 0x54, 0x72, 0x61, 0x76, 0x65, 0x6c, 0x20, 0x6d, 0x61, 0x72, 0x6b, 0x65, 0x74, 0x70, 0x6c
  .byte 0x61, 0x63, 0x65, 0x20, 0x6e, 0x65, 0x77, 0x73, 0x6c, 0x65, 0x74, 0x74, 0x65, 0x72, 0x22, 0x2c
  .byte 0x0a, 0x20, 0x20, 0x20, 0x20, 0x70, 0x72, 0x6f, 0x6d, 0x70, 0x74, 0x3a, 0x20, 0x60, 0x43, 0x72
  .byte 0x65, 0x61, 0x74, 0x65, 0x20, 0x61, 0x20, 0x77, 0x61, 0x72, 0x6d, 0x2c, 0x20, 0x62, 0x65, 0x61
  .byte 0x75, 0x74, 0x69, 0x66, 0x75, 0x6c, 0x20, 0x74, 0x72, 0x61, 0x76, 0x65, 0x6c, 0x20, 0x6d, 0x61
  .byte 0x72, 0x6b, 0x65, 0x74, 0x70, 0x6c, 0x61, 0x63, 0x65, 0x20, 0x6e, 0x65, 0x77, 0x73, 0x6c, 0x65
  .byte 0x74, 0x74, 0x65, 0x72, 0x20, 0x65, 0x6d, 0x61, 0x69, 0x6c, 0x20, 0x66, 0x6f, 0x72, 0x20, 0x61
  .byte 0x6e, 0x20, 0x41, 0x69, 0x72, 0x62, 0x6e, 0x62, 0x2d, 0x6c, 0x69, 0x6b, 0x65, 0x20, 0x70, 0x6c
  .byte 0x61, 0x74, 0x66, 0x6f, 0x72, 0x6d, 0x20, 0x63, 0x61, 0x6c, 0x6c, 0x65, 0x64, 0x20, 0x22, 0x57
  .byte 0x61, 0x6e, 0x64, 0x65, 0x72, 0x6c, 0x79, 0x22, 0x2e, 0x20, 0x55, 0x73, 0x65, 0x20, 0x63, 0x6f
  .byte 0x72, 0x61, 0x6c, 0x20, 0x28, 0x23, 0x46, 0x46, 0x35, 0x41, 0x35, 0x46, 0x29, 0x20, 0x61, 0x73
  .byte 0x20, 0x74, 0x68, 0x65, 0x20, 0x61, 0x63, 0x63, 0x65, 0x6e, 0x74, 0x20, 0x63, 0x6f, 0x6c, 0x6f
  .byte 0x72, 0x2e, 0x20, 0x4d, 0x61, 0x6b, 0x65, 0x20, 0x69, 0x74, 0x20, 0x69, 0x6d, 0x61, 0x67, 0x65
  .byte 0x2d, 0x72, 0x69, 0x63, 0x68, 0x2c, 0x20, 0x66, 0x72, 0x69, 0x65, 0x6e, 0x64, 0x6c, 0x79, 0x2c
  .byte 0x20, 0x61, 0x6e, 0x64, 0x20, 0x69, 0x6e, 0x73, 0x70, 0x69, 0x72, 0x69, 0x6e, 0x67, 0x2e, 0x0a
  .byte 0x0a, 0x49, 0x6e, 0x63, 0x6c, 0x75, 0x64, 0x65, 0x20, 0x74, 0x68, 0x65, 0x73, 0x65, 0x20, 0x73
  .byte 0x65, 0x63, 0x74, 0x69, 0x6f, 0x6e, 0x73, 0x20, 0x69, 0x6e, 0x20, 0x6f, 0x72, 0x64, 0x65, 0x72
  .byte 0x3a, 0x0a, 0x0a, 0x31, 0x2e, 0x20, 0x45, 0x6d, 0x61, 0x69, 0x6c, 0x48, 0x65, 0x61, 0x64, 0x65
  .byte 0x72, 0x43, 0x65, 0x6e, 0x74, 0x65, 0x72, 0x65, 0x64, 0x4e, 0x61, 0x76, 0x20, 0x77, 0x69, 0x74
  .byte 0x68, 0x20, 0x6c, 0x6f, 0x67, 0x6f, 0x20, 0x28, 0x68, 0x74, 0x74, 0x70, 0x73, 0x3a, 0x2f, 0x2f
  .byte 0x70, 0x69, 0x63, 0x73, 0x75, 0x6d, 0x2e, 0x70, 0x68, 0x6f, 0x74, 0x6f, 0x73, 0x2f, 0x73, 0x65
  .byte 0x65, 0x64, 0x2f, 0x77, 0x61, 0x6e, 0x64, 0x65, 0x72, 0x6c, 0x79, 0x2d, 0x6c, 0x6f, 0x67, 0x6f
  .byte 0x2f, 0x31, 0x35, 0x30, 0x2f, 0x34, 0x32, 0x2c, 0x20, 0x22, 0x57, 0x61, 0x6e, 0x64, 0x65, 0x72
  .byte 0x6c, 0x79, 0x22, 0x2c, 0x20, 0x68, 0x65, 0x69, 0x67, 0x68, 0x74, 0x20, 0x34, 0x32, 0x29, 0x20
  .byte 0x61, 0x6e, 0x64, 0x20, 0x33, 0x20, 0x6e, 0x61, 0x76, 0x20, 0x6c, 0x69, 0x6e, 0x6b, 0x73, 0x3a
  .byte 0x20, 0x22, 0x45, 0x78, 0x70, 0x6c, 0x6f, 0x72, 0x65, 0x22, 0x2c, 0x20, 0x22, 0x53, 0x74, 0x61
  .byte 0x79, 0x73, 0x22, 0x2c, 0x20, 0x22, 0x45, 0x78, 0x70, 0x65, 0x72, 0x69, 0x65, 0x6e, 0x63, 0x65
  .byte 0x73, 0x22, 0x0a, 0x32, 0x2e, 0x20, 0x45, 0x6d, 0x61, 0x69, 0x6c, 0x44, 0x69, 0x76, 0x69, 0x64
  .byte 0x65, 0x72, 0x0a, 0x33, 0x2e, 0x20, 0x45, 0x6d, 0x61, 0x69, 0x6c, 0x48, 0x65, 0x61, 0x64, 0x69
  .byte 0x6e, 0x67, 0x20, 0x22, 0x59, 0x6f, 0x75, 0x72, 0x20, 0x57, 0x65, 0x65, 0x6b, 0x20, 0x69, 0x6e
  .byte 0x20, 0x54, 0x72, 0x61, 0x76, 0x65, 0x6c, 0x22, 0x20, 0x28, 0x6c, 0x65, 0x76, 0x65, 0x6c, 0x20
  .byte 0x31, 0x29, 0x0a, 0x34, 0x2e, 0x20, 0x45, 0x6d, 0x61, 0x69, 0x6c, 0x54, 0x65, 0x78, 0x74, 0x20
  .byte 0x22, 0x48, 0x61, 0x6e, 0x64, 0x70, 0x69, 0x63, 0x6b, 0x65, 0x64, 0x20, 0x64, 0x65, 0x73, 0x74
  .byte 0x69, 0x6e, 0x61, 0x74, 0x69, 0x6f, 0x6e, 0x73, 0x2c, 0x20, 0x74, 0x72, 0x65, 0x6e, 0x64, 0x69
  .byte 0x6e, 0x67, 0x20, 0x73, 0x74, 0x61, 0x79, 0x73, 0x2c, 0x20, 0x61, 0x6e, 0x64, 0x20, 0x65, 0x78
  .byte 0x63, 0x6c, 0x75, 0x73, 0x69, 0x76, 0x65, 0x20, 0x64, 0x65, 0x61, 0x6c, 0x73, 0x20, 0xe2, 0x80
  .byte 0x94, 0x20, 0x63, 0x75, 0x72, 0x61, 0x74, 0x65, 0x64, 0x20, 0x6a, 0x75, 0x73, 0x74, 0x20, 0x66
  .byte 0x6f, 0x72, 0x20, 0x79, 0x6f, 0x75, 0x2e, 0x20, 0x48, 0x65, 0x72, 0x65, 0x27, 0x73, 0x20, 0x77
  .byte 0x68, 0x61, 0x74, 0x27, 0x73, 0x20, 0x69, 0x6e, 0x73, 0x70, 0x69, 0x72, 0x69, 0x6e, 0x67, 0x20
  .byte 0x74, 0x72, 0x61, 0x76, 0x65, 0x6c, 0x65, 0x72, 0x73, 0x20, 0x74, 0x68, 0x69, 0x73, 0x20, 0x77
  .byte 0x65, 0x65, 0x6b, 0x2e, 0x22, 0x0a, 0x35, 0x2e, 0x20, 0x45, 0x6d, 0x61, 0x69, 0x6c, 0x44, 0x69
  .byte 0x76, 0x69, 0x64, 0x65, 0x72, 0x0a, 0x36, 0x2e, 0x20, 0x45, 0x6d, 0x61, 0x69, 0x6c, 0x49, 0x6d
  .byte 0x61, 0x67, 0x65, 0x47, 0x72, 0x69, 0x64, 0x20, 0x74, 0x69, 0x74, 0x6c, 0x65, 0x64, 0x20, 0x22
  .byte 0x54, 0x72, 0x65, 0x6e, 0x64, 0x69, 0x6e, 0x67, 0x20, 0x44, 0x65, 0x73, 0x74, 0x69, 0x6e, 0x61
  .byte 0x74, 0x69, 0x6f, 0x6e, 0x73, 0x22, 0x20, 0x77, 0x69, 0x74, 0x68, 0x20, 0x64, 0x65, 0x73, 0x63
  .byte 0x72, 0x69, 0x70, 0x74, 0x69, 0x6f, 0x6e, 0x20, 0x22, 0x54, 0x68, 0x65, 0x20, 0x6d, 0x6f, 0x73
  .byte 0x74, 0x2d, 0x62, 0x6f, 0x6f, 0x6b, 0x65, 0x64, 0x20, 0x70, 0x6c, 0x61, 0x63, 0x65, 0x73, 0x20
  .byte 0x62, 0x79, 0x20, 0x57, 0x61, 0x6e, 0x64, 0x65, 0x72, 0x6c, 0x79, 0x20, 0x74, 0x72, 0x61, 0x76
  .byte 0x65, 0x6c, 0x65, 0x72, 0x73, 0x20, 0x74, 0x68, 0x69, 0x73, 0x20, 0x6d, 0x6f, 0x6e, 0x74, 0x68
  .byte 0x2e, 0x22, 0x20, 0x61, 0x6e, 0x64, 0x20, 0x34, 0x20, 0x69, 0x6d, 0x61, 0x67, 0x65, 0x73, 0x3a
  .byte 0x0a, 0x20, 0x20, 0x20, 0x2d, 0x20, 0x28, 0x68, 0x74, 0x74, 0x70, 0x73, 0x3a, 0x2f, 0x2f, 0x70
  .byte 0x69, 0x63, 0x73, 0x75, 0x6d, 0x2e, 0x70, 0x68, 0x6f, 0x74, 0x6f, 0x73, 0x2f, 0x73, 0x65, 0x65
  .byte 0x64, 0x2f, 0x73, 0x61, 0x6e, 0x74, 0x6f, 0x72, 0x69, 0x6e, 0x69, 0x2d, 0x62, 0x6c, 0x75, 0x65
  .byte 0x2f, 0x33, 0x30, 0x30, 0x2f, 0x32, 0x38, 0x38, 0x2c, 0x20, 0x22, 0x53, 0x61, 0x6e, 0x74, 0x6f
  .byte 0x72, 0x69, 0x6e, 0x69, 0x2c, 0x20, 0x47, 0x72, 0x65, 0x65, 0x63, 0x65, 0x22, 0x29, 0x0a, 0x20
  .byte 0x20, 0x20, 0x2d, 0x20, 0x28, 0x68, 0x74, 0x74, 0x70, 0x73, 0x3a, 0x2f, 0x2f, 0x70, 0x69, 0x63
  .byte 0x73, 0x75, 0x6d, 0x2e, 0x70, 0x68, 0x6f, 0x74, 0x6f, 0x73, 0x2f, 0x73, 0x65, 0x65, 0x64, 0x2f
  .byte 0x6b, 0x79, 0x6f, 0x74, 0x6f, 0x2d, 0x74, 0x65, 0x6d, 0x70, 0x6c, 0x65, 0x2f, 0x33, 0x30, 0x30
  .byte 0x2f, 0x32, 0x38, 0x38, 0x2c, 0x20, 0x22, 0x4b, 0x79, 0x6f, 0x74, 0x6f, 0x2c, 0x20, 0x4a, 0x61
  .byte 0x70, 0x61, 0x6e, 0x22, 0x29, 0x0a, 0x20, 0x20, 0x20, 0x2d, 0x20, 0x28, 0x68, 0x74, 0x74, 0x70
  .byte 0x73, 0x3a, 0x2f, 0x2f, 0x70, 0x69, 0x63, 0x73, 0x75, 0x6d, 0x2e, 0x70, 0x68, 0x6f, 0x74, 0x6f
  .byte 0x73, 0x2f, 0x73, 0x65, 0x65, 0x64, 0x2f, 0x6d, 0x61, 0x6c, 0x64, 0x69, 0x76, 0x65, 0x73, 0x2d
  .byte 0x6f, 0x63, 0x65, 0x61, 0x6e, 0x2f, 0x33, 0x30, 0x30, 0x2f, 0x32, 0x38, 0x38, 0x2c, 0x20, 0x22
  .byte 0x4d, 0x61, 0x6c, 0x64, 0x69, 0x76, 0x65, 0x73, 0x22, 0x29, 0x0a, 0x20, 0x20, 0x20, 0x2d, 0x20
  .byte 0x28, 0x68, 0x74, 0x74, 0x70, 0x73, 0x3a, 0x2f, 0x2f, 0x70, 0x69, 0x63, 0x73, 0x75, 0x6d, 0x2e
  .byte 0x70, 0x68, 0x6f, 0x74, 0x6f, 0x73, 0x2f, 0x73, 0x65, 0x65, 0x64, 0x2f, 0x73, 0x77, 0x69, 0x73
  .byte 0x73, 0x2d, 0x61, 0x6c, 0x70, 0x73, 0x2d, 0x73, 0x6e, 0x6f, 0x77, 0x2f, 0x33, 0x30, 0x30, 0x2f
  .byte 0x32, 0x38, 0x38, 0x2c, 0x20, 0x22, 0x53, 0x77, 0x69, 0x73, 0x73, 0x20, 0x41, 0x6c, 0x70, 0x73
  .byte 0x22, 0x29, 0x0a, 0x37, 0x2e, 0x20, 0x45, 0x6d, 0x61, 0x69, 0x6c, 0x44, 0x69, 0x76, 0x69, 0x64
  .byte 0x65, 0x72, 0x0a, 0x38, 0x2e, 0x20, 0x45, 0x6d, 0x61, 0x69, 0x6c, 0x41, 0x72, 0x74, 0x69, 0x63
  .byte 0x6c, 0x65, 0x20, 0x77, 0x69, 0x74, 0x68, 0x20, 0x69, 0x6d, 0x61, 0x67, 0x65, 0x20, 0x28, 0x68
  .byte 0x74, 0x74, 0x70, 0x73, 0x3a, 0x2f, 0x2f, 0x70, 0x69, 0x63, 0x73, 0x75, 0x6d, 0x2e, 0x70, 0x68
  .byte 0x6f, 0x74, 0x6f, 0x73, 0x2f, 0x73, 0x65, 0x65, 0x64, 0x2f, 0x6f, 0x63, 0x65, 0x61, 0x6e, 0x2d
  .byte 0x76, 0x69, 0x6c, 0x6c, 0x61, 0x2d, 0x73, 0x75, 0x6e, 0x73, 0x65, 0x74, 0x2f, 0x36, 0x30, 0x30
  .byte 0x2f, 0x33, 0x32, 0x30, 0x2c, 0x20, 0x22, 0x4f, 0x63, 0x65, 0x61, 0x6e, 0x20, 0x56, 0x69, 0x6c
  .byte 0x6c, 0x61, 0x20, 0x61, 0x74, 0x20, 0x53, 0x75, 0x6e, 0x73, 0x65, 0x74, 0x22, 0x29, 0x2c, 0x20
  .byte 0x63, 0x61, 0x74, 0x65, 0x67, 0x6f, 0x72, 0x79, 0x20, 0x22, 0x46, 0x45, 0x41, 0x54, 0x55, 0x52
  .byte 0x45, 0x44, 0x20, 0x53, 0x54, 0x41, 0x59, 0x22, 0x2c, 0x20, 0x74, 0x69, 0x74, 0x6c, 0x65, 0x20
  .byte 0x22, 0x43, 0x6c, 0x69, 0x66, 0x66, 0x73, 0x69, 0x64, 0x65, 0x20, 0x4f, 0x63, 0x65, 0x61, 0x6e
  .byte 0x20, 0x56, 0x69, 0x6c, 0x6c, 0x61, 0x20, 0x69, 0x6e, 0x20, 0x53, 0x61, 0x6e, 0x74, 0x6f, 0x72
  .byte 0x69, 0x6e, 0x69, 0x22, 0x2c, 0x20, 0x64, 0x65, 0x73, 0x63, 0x72, 0x69, 0x70, 0x74, 0x69, 0x6f
  .byte 0x6e, 0x20, 0x22, 0x57, 0x61, 0x6b, 0x65, 0x20, 0x75, 0x70, 0x20, 0x74, 0x6f, 0x20, 0x70, 0x61
  .byte 0x6e, 0x6f, 0x72, 0x61, 0x6d, 0x69, 0x63, 0x20, 0x76, 0x69, 0x65, 0x77, 0x73, 0x20, 0x6f, 0x66
  .byte 0x20, 0x74, 0x68, 0x65, 0x20, 0x41, 0x65, 0x67, 0x65, 0x61, 0x6e, 0x20, 0x53, 0x65, 0x61, 0x20
  .byte 0x66, 0x72, 0x6f, 0x6d, 0x20, 0x79, 0x6f, 0x75, 0x72, 0x20, 0x70, 0x72, 0x69, 0x76, 0x61, 0x74
  .byte 0x65, 0x20, 0x69, 0x6e, 0x66, 0x69, 0x6e, 0x69, 0x74, 0x79, 0x20, 0x70, 0x6f, 0x6f, 0x6c, 0x2e
  .byte 0x20, 0x54, 0x68, 0x69, 0x73, 0x20, 0x73, 0x74, 0x75, 0x6e, 0x6e, 0x69, 0x6e, 0x67, 0x20, 0x33
  .byte 0x2d, 0x62, 0x65, 0x64, 0x72, 0x6f, 0x6f, 0x6d, 0x20, 0x76, 0x69, 0x6c, 0x6c, 0x61, 0x20, 0x66
  .byte 0x65, 0x61, 0x74, 0x75, 0x72, 0x65, 0x73, 0x20, 0x68, 0x61, 0x6e, 0x64, 0x2d, 0x63, 0x61, 0x72
  .byte 0x76, 0x65, 0x64, 0x20, 0x73, 0x74, 0x6f, 0x6e, 0x65, 0x20, 0x69, 0x6e, 0x74, 0x65, 0x72, 0x69
  .byte 0x6f, 0x72, 0x73, 0x2c, 0x20, 0x61, 0x20, 0x73, 0x75, 0x6e, 0x2d, 0x64, 0x72, 0x65, 0x6e, 0x63
  .byte 0x68, 0x65, 0x64, 0x20, 0x74, 0x65, 0x72, 0x72, 0x61, 0x63, 0x65, 0x2c, 0x20, 0x61, 0x6e, 0x64
  .byte 0x20, 0x64, 0x69, 0x72, 0x65, 0x63, 0x74, 0x20, 0x61, 0x63, 0x63, 0x65, 0x73, 0x73, 0x20, 0x74
  .byte 0x6f, 0x20, 0x61, 0x20, 0x73, 0x65, 0x63, 0x6c, 0x75, 0x64, 0x65, 0x64, 0x20, 0x62, 0x65, 0x61
  .byte 0x63, 0x68, 0x2e, 0x22, 0x2c, 0x20, 0x62, 0x75, 0x74, 0x74, 0x6f, 0x6e, 0x20, 0x22, 0x42, 0x6f
  .byte 0x6f, 0x6b, 0x20, 0x4e, 0x6f, 0x77, 0x20, 0xe2, 0x80, 0x94, 0x20, 0x24, 0x32, 0x38, 0x35, 0x2f
  .byte 0x6e, 0x69, 0x67, 0x68, 0x74, 0x22, 0x2c, 0x20, 0x68, 0x72, 0x65, 0x66, 0x20, 0x68, 0x74, 0x74
  .byte 0x70, 0x73, 0x3a, 0x2f, 0x2f, 0x77, 0x61, 0x6e, 0x64, 0x65, 0x72, 0x6c, 0x79, 0x2e, 0x63, 0x6f
  .byte 0x6d, 0x2f, 0x73, 0x74, 0x61, 0x79, 0x73, 0x2f, 0x73, 0x61, 0x6e, 0x74, 0x6f, 0x72, 0x69, 0x6e
  .byte 0x69, 0x2d, 0x76, 0x69, 0x6c, 0x6c, 0x61, 0x2c, 0x20, 0x63, 0x6f, 0x6c, 0x6f, 0x72, 0x20, 0x23
  .byte 0x46, 0x46, 0x35, 0x41, 0x35, 0x46, 0x0a, 0x39, 0x2e, 0x20, 0x45, 0x6d, 0x61, 0x69, 0x6c, 0x44
  .byte 0x69, 0x76, 0x69, 0x64, 0x65, 0x72, 0x0a, 0x31, 0x30, 0x2e, 0x20, 0x45, 0x6d, 0x61, 0x69, 0x6c
  .byte 0x4c, 0x69, 0x73, 0x74, 0x20, 0x74, 0x69, 0x74, 0x6c, 0x65, 0x64, 0x20, 0x22, 0x54, 0x6f, 0x70
  .byte 0x20, 0x33, 0x20, 0x50, 0x69, 0x63, 0x6b, 0x73, 0x20, 0x54, 0x68, 0x69, 0x73, 0x20, 0x57, 0x65
  .byte 0x65, 0x6b, 0x22, 0x20, 0x77, 0x69, 0x74, 0x68, 0x20, 0x33, 0x20, 0x69, 0x74, 0x65, 0x6d, 0x73
  .byte 0x3a, 0x0a, 0x20, 0x20, 0x20, 0x20, 0x2d, 0x20, 0x22, 0x41, 0x6d, 0x61, 0x6c, 0x66, 0x69, 0x20
  .byte 0x43, 0x6f, 0x61, 0x73, 0x74, 0x2c, 0x20, 0x49, 0x74, 0x61, 0x6c, 0x79, 0x22, 0x20, 0x2f, 0x20
  .byte 0x22, 0x4c, 0x65, 0x6d, 0x6f, 0x6e, 0x20, 0x67, 0x72, 0x6f, 0x76, 0x65, 0x73, 0x2c, 0x20, 0x70
  .byte 0x61, 0x73, 0x74, 0x65, 0x6c, 0x20, 0x76, 0x69, 0x6c, 0x6c, 0x61, 0x67, 0x65, 0x73, 0x2c, 0x20
  .byte 0x61, 0x6e, 0x64, 0x20, 0x74, 0x68, 0x65, 0x20, 0x62, 0x65, 0x73, 0x74, 0x20, 0x70, 0x61, 0x73
  .byte 0x74, 0x61, 0x20, 0x79, 0x6f, 0x75, 0x27, 0x6c, 0x6c, 0x20, 0x65, 0x76, 0x65, 0x72, 0x20, 0x65
  .byte 0x61, 0x74, 0x2e, 0x20, 0x50, 0x72, 0x69, 0x63, 0x65, 0x73, 0x20, 0x64, 0x72, 0x6f, 0x70, 0x20
  .byte 0x32, 0x30, 0x25, 0x20, 0x69, 0x6e, 0x20, 0x73, 0x68, 0x6f, 0x75, 0x6c, 0x64, 0x65, 0x72, 0x20
  .byte 0x73, 0x65, 0x61, 0x73, 0x6f, 0x6e, 0x2e, 0x22, 0x0a, 0x20, 0x20, 0x20, 0x20, 0x2d, 0x20, 0x22
  .byte 0x42, 0x61, 0x6c, 0x69, 0x20, 0x52, 0x69, 0x63, 0x65, 0x20, 0x54, 0x65, 0x72, 0x72, 0x61, 0x63
  .byte 0x65, 0x73, 0x22, 0x20, 0x2f, 0x20, 0x22, 0x55, 0x62, 0x75, 0x64, 0x27, 0x73, 0x20, 0x65, 0x6d
  .byte 0x65, 0x72, 0x61, 0x6c, 0x64, 0x20, 0x72, 0x69, 0x63, 0x65, 0x20, 0x70, 0x61, 0x64, 0x64, 0x69
  .byte 0x65, 0x73, 0x20, 0x61, 0x72, 0x65, 0x20, 0x70, 0x65, 0x61, 0x6b, 0x20, 0x6d, 0x61, 0x67, 0x69
  .byte 0x63, 0x20, 0x72, 0x69, 0x67, 0x68, 0x74, 0x20, 0x6e, 0x6f, 0x77, 0x2e, 0x20, 0x42, 0x6f, 0x6f
  .byte 0x6b, 0x20, 0x61, 0x20, 0x74, 0x72, 0x65, 0x65, 0x68, 0x6f, 0x75, 0x73, 0x65, 0x20, 0x73, 0x74
  .byte 0x61, 0x79, 0x20, 0x66, 0x6f, 0x72, 0x20, 0x74, 0x68, 0x65, 0x20, 0x66, 0x75, 0x6c, 0x6c, 0x20
  .byte 0x65, 0x78, 0x70, 0x65, 0x72, 0x69, 0x65, 0x6e, 0x63, 0x65, 0x2e, 0x22, 0x0a, 0x20, 0x20, 0x20
  .byte 0x20, 0x2d, 0x20, 0x22, 0x4e, 0x6f, 0x72, 0x74, 0x68, 0x65, 0x72, 0x6e, 0x20, 0x4c, 0x69, 0x67
  .byte 0x68, 0x74, 0x73, 0x2c, 0x20, 0x49, 0x63, 0x65, 0x6c, 0x61, 0x6e, 0x64, 0x22, 0x20, 0x2f, 0x20
  .byte 0x22, 0x41, 0x75, 0x72, 0x6f, 0x72, 0x61, 0x20, 0x73, 0x65, 0x61, 0x73, 0x6f, 0x6e, 0x20, 0x70
  .byte 0x65, 0x61, 0x6b, 0x73, 0x20, 0x74, 0x68, 0x69, 0x73, 0x20, 0x6d, 0x6f, 0x6e, 0x74, 0x68, 0x2e
  .byte 0x20, 0x47, 0x6c, 0x61, 0x73, 0x73, 0x2d, 0x72, 0x6f, 0x6f, 0x66, 0x20, 0x63, 0x61, 0x62, 0x69
  .byte 0x6e, 0x73, 0x20, 0x61, 0x72, 0x65, 0x20, 0x73, 0x65, 0x6c, 0x6c, 0x69, 0x6e, 0x67, 0x20, 0x6f
  .byte 0x75, 0x74, 0x20, 0xe2, 0x80, 0x94, 0x20, 0x64, 0x6f, 0x6e, 0x27, 0x74, 0x20, 0x77, 0x61, 0x69
  .byte 0x74, 0x2e, 0x22, 0x0a, 0x31, 0x31, 0x2e, 0x20, 0x45, 0x6d, 0x61, 0x69, 0x6c, 0x44, 0x69, 0x76
  .byte 0x69, 0x64, 0x65, 0x72, 0x0a, 0x31, 0x32, 0x2e, 0x20, 0x45, 0x6d, 0x61, 0x69, 0x6c, 0x53, 0x74
  .byte 0x61, 0x74, 0x73, 0x20, 0x77, 0x69, 0x74, 0x68, 0x20, 0x33, 0x20, 0x69, 0x74, 0x65, 0x6d, 0x73
  .byte 0x3a, 0x20, 0x28, 0x22, 0x32, 0x4d, 0x2b, 0x22, 0x2c, 0x20, 0x22, 0x53, 0x74, 0x61, 0x79, 0x73
  .byte 0x20, 0x42, 0x6f, 0x6f, 0x6b, 0x65, 0x64, 0x22, 0x29, 0x2c, 0x20, 0x28, 0x22, 0x31, 0x39, 0x30
  .byte 0x22, 0x2c, 0x20, 0x22, 0x43, 0x6f, 0x75, 0x6e, 0x74, 0x72, 0x69, 0x65, 0x73, 0x22, 0x29, 0x2c
  .byte 0x20, 0x28, 0x22, 0x34, 0x2e, 0x38, 0xe2, 0x98, 0x85, 0x22, 0x2c, 0x20, 0x22, 0x41, 0x76, 0x67
  .byte 0x20, 0x52, 0x61, 0x74, 0x69, 0x6e, 0x67, 0x22, 0x29, 0x0a, 0x31, 0x36, 0x2e, 0x20, 0x45, 0x6d
  .byte 0x61, 0x69, 0x6c, 0x44, 0x69, 0x76, 0x69, 0x64, 0x65, 0x72, 0x0a, 0x31, 0x37, 0x2e, 0x20, 0x45
  .byte 0x6d, 0x61, 0x69, 0x6c, 0x53, 0x75, 0x72, 0x76, 0x65, 0x79, 0x52, 0x61, 0x74, 0x69, 0x6e, 0x67
  .byte 0x20, 0x77, 0x69, 0x74, 0x68, 0x20, 0x71, 0x75, 0x65, 0x73, 0x74, 0x69, 0x6f, 0x6e, 0x20, 0x22
  .byte 0x48, 0x6f, 0x77, 0x20, 0x77, 0x61, 0x73, 0x20, 0x79, 0x6f, 0x75, 0x72, 0x20, 0x6c, 0x61, 0x73
  .byte 0x74, 0x20, 0x74, 0x72, 0x69, 0x70, 0x3f, 0x22, 0x20, 0x61, 0x6e, 0x64, 0x20, 0x64, 0x65, 0x73
  .byte 0x63, 0x72, 0x69, 0x70, 0x74, 0x69, 0x6f, 0x6e, 0x20, 0x22, 0x59, 0x6f, 0x75, 0x72, 0x20, 0x66
  .byte 0x65, 0x65, 0x64, 0x62, 0x61, 0x63, 0x6b, 0x20, 0x68, 0x65, 0x6c, 0x70, 0x73, 0x20, 0x75, 0x73
  .byte 0x20, 0x66, 0x69, 0x6e, 0x64, 0x20, 0x62, 0x65, 0x74, 0x74, 0x65, 0x72, 0x20, 0x73, 0x74, 0x61
  .byte 0x79, 0x73, 0x20, 0x66, 0x6f, 0x72, 0x20, 0x79, 0x6f, 0x75, 0x2e, 0x22, 0x20, 0x61, 0x6e, 0x64
  .byte 0x20, 0x63, 0x6f, 0x6c, 0x6f, 0x72, 0x20, 0x23, 0x46, 0x46, 0x35, 0x41, 0x35, 0x46, 0x0a, 0x31
  .byte 0x38, 0x2e, 0x20, 0x45, 0x6d, 0x61, 0x69, 0x6c, 0x44, 0x69, 0x76, 0x69, 0x64, 0x65, 0x72, 0x0a
  .byte 0x31, 0x39, 0x2e, 0x20, 0x45, 0x6d, 0x61, 0x69, 0x6c, 0x54, 0x65, 0x73, 0x74, 0x69, 0x6d, 0x6f
  .byte 0x6e, 0x69, 0x61, 0x6c, 0x20, 0x77, 0x69, 0x74, 0x68, 0x20, 0x71, 0x75, 0x6f, 0x74, 0x65, 0x20
  .byte 0x22, 0x57, 0x61, 0x6e, 0x64, 0x65, 0x72, 0x6c, 0x79, 0x20, 0x66, 0x6f, 0x75, 0x6e, 0x64, 0x20
  .byte 0x75, 0x73, 0x20, 0x61, 0x20, 0x68, 0x69, 0x64, 0x64, 0x65, 0x6e, 0x20, 0x67, 0x65, 0x6d, 0x20
  .byte 0x69, 0x6e, 0x20, 0x54, 0x75, 0x73, 0x63, 0x61, 0x6e, 0x79, 0x20, 0x74, 0x68, 0x61, 0x74, 0x20
  .byte 0x77, 0x61, 0x73, 0x6e, 0x27, 0x74, 0x20, 0x6f, 0x6e, 0x20, 0x61, 0x6e, 0x79, 0x20, 0x6f, 0x74
  .byte 0x68, 0x65, 0x72, 0x20, 0x70, 0x6c, 0x61, 0x74, 0x66, 0x6f, 0x72, 0x6d, 0x2e, 0x20, 0x54, 0x68
  .byte 0x65, 0x20, 0x68, 0x6f, 0x73, 0x74, 0x20, 0x6c, 0x65, 0x66, 0x74, 0x20, 0x68, 0x6f, 0x6d, 0x65
  .byte 0x6d, 0x61, 0x64, 0x65, 0x20, 0x6c, 0x69, 0x6d, 0x6f, 0x6e, 0x63, 0x65, 0x6c, 0x6c, 0x6f, 0x20
  .byte 0x61, 0x6e, 0x64, 0x20, 0x61, 0x20, 0x68, 0x61, 0x6e, 0x64, 0x77, 0x72, 0x69, 0x74, 0x74, 0x65
  .byte 0x6e, 0x20, 0x77, 0x65, 0x6c, 0x63, 0x6f, 0x6d, 0x65, 0x20, 0x6e, 0x6f, 0x74, 0x65, 0x2e, 0x20
  .byte 0x41, 0x62, 0x73, 0x6f, 0x6c, 0x75, 0x74, 0x65, 0x20, 0x6d, 0x61, 0x67, 0x69, 0x63, 0x2e, 0x22
  .byte 0x2c, 0x20, 0x61, 0x76, 0x61, 0x74, 0x61, 0x72, 0x20, 0x28, 0x68, 0x74, 0x74, 0x70, 0x73, 0x3a
  .byte 0x2f, 0x2f, 0x70, 0x69, 0x63, 0x73, 0x75, 0x6d, 0x2e, 0x70, 0x68, 0x6f, 0x74, 0x6f, 0x73, 0x2f
  .byte 0x73, 0x65, 0x65, 0x64, 0x2f, 0x67, 0x75, 0x65, 0x73, 0x74, 0x2d, 0x6a, 0x61, 0x6d, 0x65, 0x73
  .byte 0x2f, 0x31, 0x30, 0x30, 0x2f, 0x31, 0x30, 0x30, 0x2c, 0x20, 0x22, 0x4a, 0x61, 0x6d, 0x65, 0x73
  .byte 0x20, 0x4d, 0x69, 0x74, 0x63, 0x68, 0x65, 0x6c, 0x6c, 0x22, 0x29, 0x2c, 0x20, 0x6e, 0x61, 0x6d
  .byte 0x65, 0x20, 0x22, 0x4a, 0x61, 0x6d, 0x65, 0x73, 0x20, 0x4d, 0x69, 0x74, 0x63, 0x68, 0x65, 0x6c
  .byte 0x6c, 0x22, 0x2c, 0x20, 0x72, 0x6f, 0x6c, 0x65, 0x20, 0x22, 0x56, 0x65, 0x72, 0x69, 0x66, 0x69
  .byte 0x65, 0x64, 0x20, 0x47, 0x75, 0x65, 0x73, 0x74, 0x20, 0xc2, 0xb7, 0x20, 0x54, 0x75, 0x73, 0x63
  .byte 0x61, 0x6e, 0x79, 0x20, 0x32, 0x30, 0x32, 0x35, 0x22, 0x0a, 0x32, 0x30, 0x2e, 0x20, 0x45, 0x6d
  .byte 0x61, 0x69, 0x6c, 0x44, 0x69, 0x76, 0x69, 0x64, 0x65, 0x72, 0x0a, 0x32, 0x31, 0x2e, 0x20, 0x45
  .byte 0x6d, 0x61, 0x69, 0x6c, 0x46, 0x6f, 0x6f, 0x74, 0x65, 0x72, 0x43, 0x65, 0x6e, 0x74, 0x65, 0x72
  .byte 0x65, 0x64, 0x20, 0x77, 0x69, 0x74, 0x68, 0x20, 0x6c, 0x6f, 0x67, 0x6f, 0x20, 0x28, 0x68, 0x74
  .byte 0x74, 0x70, 0x73, 0x3a, 0x2f, 0x2f, 0x70, 0x69, 0x63, 0x73, 0x75, 0x6d, 0x2e, 0x70, 0x68, 0x6f
  .byte 0x74, 0x6f, 0x73, 0x2f, 0x73, 0x65, 0x65, 0x64, 0x2f, 0x77, 0x61, 0x6e, 0x64, 0x65, 0x72, 0x6c
  .byte 0x79, 0x2d, 0x69, 0x63, 0x6f, 0x6e, 0x2f, 0x34, 0x32, 0x2f, 0x34, 0x32, 0x2c, 0x20, 0x22, 0x57
  .byte 0x61, 0x6e, 0x64, 0x65, 0x72, 0x6c, 0x79, 0x22, 0x29, 0x2c, 0x20, 0x63, 0x6f, 0x6d, 0x70, 0x61
  .byte 0x6e, 0x79, 0x20, 0x22, 0x57, 0x61, 0x6e, 0x64, 0x65, 0x72, 0x6c, 0x79, 0x22, 0x2c, 0x20, 0x74
  .byte 0x61, 0x67, 0x6c, 0x69, 0x6e, 0x65, 0x20, 0x22, 0x46, 0x69, 0x6e, 0x64, 0x20, 0x79, 0x6f, 0x75
  .byte 0x72, 0x20, 0x6e, 0x65, 0x78, 0x74, 0x20, 0x61, 0x64, 0x76, 0x65, 0x6e, 0x74, 0x75, 0x72, 0x65
  .byte 0x22, 0x2c, 0x20, 0x61, 0x64, 0x64, 0x72, 0x65, 0x73, 0x73, 0x20, 0x22, 0x57, 0x61, 0x6e, 0x64
  .byte 0x65, 0x72, 0x6c, 0x79, 0x20, 0x49, 0x6e, 0x63, 0x20, 0xc2, 0xb7, 0x20, 0x38, 0x38, 0x38, 0x20
  .byte 0x42, 0x72, 0x61, 0x6e, 0x6e, 0x61, 0x6e, 0x20, 0x53, 0x74, 0x20, 0xc2, 0xb7, 0x20, 0x53, 0x61
  .byte 0x6e, 0x20, 0x46, 0x72, 0x61, 0x6e, 0x63, 0x69, 0x73, 0x63, 0x6f, 0x2c, 0x20, 0x43, 0x41, 0x20
  .byte 0x39, 0x34, 0x31, 0x30, 0x33, 0x22, 0x2c, 0x20, 0x63, 0x6f, 0x6e, 0x74, 0x61, 0x63, 0x74, 0x20
  .byte 0x22, 0x68, 0x65, 0x6c, 0x6c, 0x6f, 0x40, 0x77, 0x61, 0x6e, 0x64, 0x65, 0x72, 0x6c, 0x79, 0x2e
  .byte 0x63, 0x6f, 0x6d, 0x22, 0x2c, 0x20, 0x61, 0x6e, 0x64, 0x20, 0x33, 0x20, 0x73, 0x6f, 0x63, 0x69
  .byte 0x61, 0x6c, 0x20, 0x69, 0x63, 0x6f, 0x6e, 0x73, 0x3a, 0x0a, 0x20, 0x20, 0x20, 0x20, 0x2d, 0x20
  .byte 0x28, 0x68, 0x74, 0x74, 0x70, 0x73, 0x3a, 0x2f, 0x2f, 0x72, 0x65, 0x61, 0x63, 0x74, 0x2e, 0x65
  .byte 0x6d, 0x61, 0x69, 0x6c, 0x2f, 0x73, 0x74, 0x61, 0x74, 0x69, 0x63, 0x2f, 0x66, 0x61, 0x63, 0x65
  .byte 0x62, 0x6f, 0x6f, 0x6b, 0x2d, 0x6c, 0x6f, 0x67, 0x6f, 0x2e, 0x70, 0x6e, 0x67, 0x2c, 0x20, 0x22
  .byte 0x46, 0x61, 0x63, 0x65, 0x62, 0x6f, 0x6f, 0x6b, 0x22, 0x2c, 0x20, 0x68, 0x74, 0x74, 0x70, 0x73
  .byte 0x3a, 0x2f, 0x2f, 0x66, 0x61, 0x63, 0x65, 0x62, 0x6f, 0x6f, 0x6b, 0x2e, 0x63, 0x6f, 0x6d, 0x2f
  .byte 0x77, 0x61, 0x6e, 0x64, 0x65, 0x72, 0x6c, 0x79, 0x29, 0x0a, 0x20, 0x20, 0x20, 0x20, 0x2d, 0x20
  .byte 0x28, 0x68, 0x74, 0x74, 0x70, 0x73, 0x3a, 0x2f, 0x2f, 0x72, 0x65, 0x61, 0x63, 0x74, 0x2e, 0x65
  .byte 0x6d, 0x61, 0x69, 0x6c, 0x2f, 0x73, 0x74, 0x61, 0x74, 0x69, 0x63, 0x2f, 0x78, 0x2d, 0x6c, 0x6f
  .byte 0x67, 0x6f, 0x2e, 0x70, 0x6e, 0x67, 0x2c, 0x20, 0x22, 0x58, 0x22, 0x2c, 0x20, 0x68, 0x74, 0x74
  .byte 0x70, 0x73, 0x3a, 0x2f, 0x2f, 0x78, 0x2e, 0x63, 0x6f, 0x6d, 0x2f, 0x77, 0x61, 0x6e, 0x64, 0x65
  .byte 0x72, 0x6c, 0x79, 0x29, 0x0a, 0x20, 0x20, 0x20, 0x20, 0x2d, 0x20, 0x28, 0x68, 0x74, 0x74, 0x70
  .byte 0x73, 0x3a, 0x2f, 0x2f, 0x72, 0x65, 0x61, 0x63, 0x74, 0x2e, 0x65, 0x6d, 0x61, 0x69, 0x6c, 0x2f
  .byte 0x73, 0x74, 0x61, 0x74, 0x69, 0x63, 0x2f, 0x69, 0x6e, 0x73, 0x74, 0x61, 0x67, 0x72, 0x61, 0x6d
  .byte 0x2d, 0x6c, 0x6f, 0x67, 0x6f, 0x2e, 0x70, 0x6e, 0x67, 0x2c, 0x20, 0x22, 0x49, 0x6e, 0x73, 0x74
  .byte 0x61, 0x67, 0x72, 0x61, 0x6d, 0x22, 0x2c, 0x20, 0x68, 0x74, 0x74, 0x70, 0x73, 0x3a, 0x2f, 0x2f
  .byte 0x69, 0x6e, 0x73, 0x74, 0x61, 0x67, 0x72, 0x61, 0x6d, 0x2e, 0x63, 0x6f, 0x6d, 0x2f, 0x77, 0x61
  .byte 0x6e, 0x64, 0x65, 0x72, 0x6c, 0x79, 0x29, 0x60, 0x2c, 0x0a, 0x20, 0x20, 0x7d, 0x2c, 0x0a, 0x5d
  .byte 0x3b, 0x0a

  .globl openui_full_port_examples_react_email_src_components_composePage_starters_ts_108d0b4b6158_pass_2_len
openui_full_port_examples_react_email_src_components_composePage_starters_ts_108d0b4b6158_pass_2_len:
  .quad 16162

# assembly pass: 3/4
  .globl openui_full_port_examples_react_email_src_components_composePage_starters_ts_108d0b4b6158_pass_3
openui_full_port_examples_react_email_src_components_composePage_starters_ts_108d0b4b6158_pass_3:
  .byte 0x65, 0x78, 0x70, 0x6f, 0x72, 0x74, 0x20, 0x63, 0x6f, 0x6e, 0x73, 0x74, 0x20, 0x53, 0x54, 0x41
  .byte 0x52, 0x54, 0x45, 0x52, 0x53, 0x20, 0x3d, 0x20, 0x5b, 0x0a, 0x20, 0x20, 0x7b, 0x0a, 0x20, 0x20
  .byte 0x20, 0x20, 0x69, 0x63, 0x6f, 0x6e, 0x3a, 0x20, 0x22, 0x5c, 0x75, 0x44, 0x38, 0x33, 0x44, 0x5c
  .byte 0x75, 0x44, 0x45, 0x38, 0x30, 0x22, 0x2c, 0x0a, 0x20, 0x20, 0x20, 0x20, 0x69, 0x63, 0x6f, 0x6e
  .byte 0x42, 0x67, 0x3a, 0x20, 0x22, 0x23, 0x31, 0x61, 0x31, 0x61, 0x33, 0x65, 0x22, 0x2c, 0x0a, 0x20
  .byte 0x20, 0x20, 0x20, 0x64, 0x69, 0x73, 0x70, 0x6c, 0x61, 0x79, 0x54, 0x65, 0x78, 0x74, 0x3a, 0x20
  .byte 0x22, 0x4f, 0x70, 0x65, 0x6e, 0x55, 0x49, 0x20, 0x6c, 0x61, 0x75, 0x6e, 0x63, 0x68, 0x20, 0x61
  .byte 0x6e, 0x6e, 0x6f, 0x75, 0x6e, 0x63, 0x65, 0x6d, 0x65, 0x6e, 0x74, 0x22, 0x2c, 0x0a, 0x20, 0x20
  .byte 0x20, 0x20, 0x70, 0x72, 0x6f, 0x6d, 0x70, 0x74, 0x3a, 0x20, 0x60, 0x43, 0x72, 0x65, 0x61, 0x74
  .byte 0x65, 0x20, 0x61, 0x20, 0x62, 0x65, 0x61, 0x75, 0x74, 0x69, 0x66, 0x75, 0x6c, 0x20, 0x6c, 0x61
  .byte 0x75, 0x6e, 0x63, 0x68, 0x20, 0x61, 0x6e, 0x6e, 0x6f, 0x75, 0x6e, 0x63, 0x65, 0x6d, 0x65, 0x6e
  .byte 0x74, 0x20, 0x65, 0x6d, 0x61, 0x69, 0x6c, 0x20, 0x66, 0x6f, 0x72, 0x20, 0x4f, 0x70, 0x65, 0x6e
  .byte 0x55, 0x49, 0x20, 0xe2, 0x80, 0x94, 0x20, 0x74, 0x68, 0x65, 0x20, 0x6f, 0x70, 0x65, 0x6e, 0x20
  .byte 0x73, 0x74, 0x61, 0x6e, 0x64, 0x61, 0x72, 0x64, 0x20, 0x66, 0x6f, 0x72, 0x20, 0x47, 0x65, 0x6e
  .byte 0x65, 0x72, 0x61, 0x74, 0x69, 0x76, 0x65, 0x20, 0x55, 0x49, 0x2e, 0x20, 0x4f, 0x70, 0x65, 0x6e
  .byte 0x55, 0x49, 0x20, 0x6c, 0x65, 0x74, 0x73, 0x20, 0x41, 0x49, 0x20, 0x72, 0x65, 0x73, 0x70, 0x6f
  .byte 0x6e, 0x64, 0x20, 0x77, 0x69, 0x74, 0x68, 0x20, 0x72, 0x65, 0x61, 0x6c, 0x20, 0x55, 0x49, 0x20
  .byte 0x63, 0x6f, 0x6d, 0x70, 0x6f, 0x6e, 0x65, 0x6e, 0x74, 0x73, 0x20, 0x69, 0x6e, 0x73, 0x74, 0x65
  .byte 0x61, 0x64, 0x20, 0x6f, 0x66, 0x20, 0x70, 0x6c, 0x61, 0x69, 0x6e, 0x20, 0x74, 0x65, 0x78, 0x74
  .byte 0x2e, 0x20, 0x55, 0x73, 0x65, 0x20, 0x74, 0x65, 0x61, 0x6c, 0x20, 0x28, 0x23, 0x35, 0x30, 0x44
  .byte 0x34, 0x45, 0x32, 0x29, 0x20, 0x61, 0x73, 0x20, 0x74, 0x68, 0x65, 0x20, 0x61, 0x63, 0x63, 0x65
  .byte 0x6e, 0x74, 0x20, 0x63, 0x6f, 0x6c, 0x6f, 0x72, 0x2e, 0x20, 0x4d, 0x61, 0x6b, 0x65, 0x20, 0x69
  .byte 0x74, 0x20, 0x64, 0x65, 0x76, 0x65, 0x6c, 0x6f, 0x70, 0x65, 0x72, 0x2d, 0x66, 0x6f, 0x63, 0x75
  .byte 0x73, 0x65, 0x64, 0x2c, 0x20, 0x70, 0x6f, 0x6c, 0x69, 0x73, 0x68, 0x65, 0x64, 0x2c, 0x20, 0x61
  .byte 0x6e, 0x64, 0x20, 0x63, 0x6f, 0x6d, 0x70, 0x72, 0x65, 0x68, 0x65, 0x6e, 0x73, 0x69, 0x76, 0x65
  .byte 0x2e, 0x0a, 0x0a, 0x49, 0x6e, 0x63, 0x6c, 0x75, 0x64, 0x65, 0x20, 0x74, 0x68, 0x65, 0x73, 0x65
  .byte 0x20, 0x73, 0x65, 0x63, 0x74, 0x69, 0x6f, 0x6e, 0x73, 0x20, 0x69, 0x6e, 0x20, 0x6f, 0x72, 0x64
  .byte 0x65, 0x72, 0x3a, 0x0a, 0x0a, 0x31, 0x2e, 0x20, 0x45, 0x6d, 0x61, 0x69, 0x6c, 0x48, 0x65, 0x61
  .byte 0x64, 0x65, 0x72, 0x43, 0x65, 0x6e, 0x74, 0x65, 0x72, 0x65, 0x64, 0x4e, 0x61, 0x76, 0x20, 0x77
  .byte 0x69, 0x74, 0x68, 0x20, 0x6c, 0x6f, 0x67, 0x6f, 0x20, 0x28, 0x68, 0x74, 0x74, 0x70, 0x73, 0x3a
  .byte 0x2f, 0x2f, 0x77, 0x77, 0x77, 0x2e, 0x6f, 0x70, 0x65, 0x6e, 0x75, 0x69, 0x2e, 0x63, 0x6f, 0x6d
  .byte 0x2f, 0x66, 0x61, 0x76, 0x69, 0x63, 0x6f, 0x6e, 0x2e, 0x73, 0x76, 0x67, 0x2c, 0x20, 0x22, 0x4f
  .byte 0x70, 0x65, 0x6e, 0x55, 0x49, 0x22, 0x2c, 0x20, 0x68, 0x65, 0x69, 0x67, 0x68, 0x74, 0x20, 0x34
  .byte 0x32, 0x29, 0x20, 0x61, 0x6e, 0x64, 0x20, 0x33, 0x20, 0x6e, 0x61, 0x76, 0x20, 0x6c, 0x69, 0x6e
  .byte 0x6b, 0x73, 0x3a, 0x20, 0x22, 0x44, 0x6f, 0x63, 0x75, 0x6d, 0x65, 0x6e, 0x74, 0x61, 0x74, 0x69
  .byte 0x6f, 0x6e, 0x22, 0x2c, 0x20, 0x22, 0x47, 0x69, 0x74, 0x48, 0x75, 0x62, 0x22, 0x2c, 0x20, 0x22
  .byte 0x45, 0x78, 0x61, 0x6d, 0x70, 0x6c, 0x65, 0x73, 0x22, 0x0a, 0x32, 0x2e, 0x20, 0x45, 0x6d, 0x61
  .byte 0x69, 0x6c, 0x44, 0x69, 0x76, 0x69, 0x64, 0x65, 0x72, 0x0a, 0x33, 0x2e, 0x20, 0x45, 0x6d, 0x61
  .byte 0x69, 0x6c, 0x49, 0x6d, 0x61, 0x67, 0x65, 0x20, 0x68, 0x65, 0x72, 0x6f, 0x20, 0x62, 0x61, 0x6e
  .byte 0x6e, 0x65, 0x72, 0x20, 0x28, 0x68, 0x74, 0x74, 0x70, 0x73, 0x3a, 0x2f, 0x2f, 0x77, 0x77, 0x77
  .byte 0x2e, 0x6f, 0x70, 0x65, 0x6e, 0x75, 0x69, 0x2e, 0x63, 0x6f, 0x6d, 0x2f, 0x6d, 0x65, 0x74, 0x61
  .byte 0x2d, 0x69, 0x6d, 0x61, 0x67, 0x65, 0x2e, 0x70, 0x6e, 0x67, 0x2c, 0x20, 0x22, 0x4f, 0x70, 0x65
  .byte 0x6e, 0x55, 0x49, 0x20, 0xe2, 0x80, 0x94, 0x20, 0x54, 0x68, 0x65, 0x20, 0x4f, 0x70, 0x65, 0x6e
  .byte 0x20, 0x53, 0x74, 0x61, 0x6e, 0x64, 0x61, 0x72, 0x64, 0x20, 0x66, 0x6f, 0x72, 0x20, 0x47, 0x65
  .byte 0x6e, 0x65, 0x72, 0x61, 0x74, 0x69, 0x76, 0x65, 0x20, 0x55, 0x49, 0x22, 0x2c, 0x20, 0x36, 0x30
  .byte 0x30, 0x29, 0x0a, 0x34, 0x2e, 0x20, 0x45, 0x6d, 0x61, 0x69, 0x6c, 0x48, 0x65, 0x61, 0x64, 0x69
  .byte 0x6e, 0x67, 0x20, 0x22, 0x54, 0x68, 0x65, 0x20, 0x4f, 0x70, 0x65, 0x6e, 0x20, 0x53, 0x74, 0x61
  .byte 0x6e, 0x64, 0x61, 0x72, 0x64, 0x20, 0x66, 0x6f, 0x72, 0x20, 0x47, 0x65, 0x6e, 0x65, 0x72, 0x61
  .byte 0x74, 0x69, 0x76, 0x65, 0x20, 0x55, 0x49, 0x22, 0x20, 0x28, 0x6c, 0x65, 0x76, 0x65, 0x6c, 0x20
  .byte 0x31, 0x29, 0x0a, 0x35, 0x2e, 0x20, 0x45, 0x6d, 0x61, 0x69, 0x6c, 0x54, 0x65, 0x78, 0x74, 0x20
  .byte 0x22, 0x53, 0x74, 0x6f, 0x70, 0x20, 0x62, 0x75, 0x69, 0x6c, 0x64, 0x69, 0x6e, 0x67, 0x20, 0x63
  .byte 0x68, 0x61, 0x74, 0x20, 0x55, 0x49, 0x73, 0x20, 0x74, 0x68, 0x61, 0x74, 0x20, 0x6f, 0x6e, 0x6c
  .byte 0x79, 0x20, 0x72, 0x65, 0x74, 0x75, 0x72, 0x6e, 0x20, 0x70, 0x6c, 0x61, 0x69, 0x6e, 0x20, 0x74
  .byte 0x65, 0x78, 0x74, 0x2e, 0x20, 0x4f, 0x70, 0x65, 0x6e, 0x55, 0x49, 0x20, 0x6c, 0x65, 0x74, 0x73
  .byte 0x20, 0x79, 0x6f, 0x75, 0x72, 0x20, 0x41, 0x49, 0x20, 0x72, 0x65, 0x73, 0x70, 0x6f, 0x6e, 0x64
  .byte 0x20, 0x77, 0x69, 0x74, 0x68, 0x20, 0x72, 0x65, 0x61, 0x6c, 0x2c, 0x20, 0x69, 0x6e, 0x74, 0x65
  .byte 0x72, 0x61, 0x63, 0x74, 0x69, 0x76, 0x65, 0x20, 0x63, 0x6f, 0x6d, 0x70, 0x6f, 0x6e, 0x65, 0x6e
  .byte 0x74, 0x73, 0x20, 0xe2, 0x80, 0x94, 0x20, 0x66, 0x6f, 0x72, 0x6d, 0x73, 0x2c, 0x20, 0x63, 0x68
  .byte 0x61, 0x72, 0x74, 0x73, 0x2c, 0x20, 0x63, 0x61, 0x72, 0x64, 0x73, 0x2c, 0x20, 0x74, 0x61, 0x62
  .byte 0x6c, 0x65, 0x73, 0x2c, 0x20, 0x61, 0x6e, 0x64, 0x20, 0x6d, 0x6f, 0x72, 0x65, 0x2e, 0x20, 0x44
  .byte 0x65, 0x66, 0x69, 0x6e, 0x65, 0x20, 0x79, 0x6f, 0x75, 0x72, 0x20, 0x63, 0x6f, 0x6d, 0x70, 0x6f
  .byte 0x6e, 0x65, 0x6e, 0x74, 0x73, 0x20, 0x6f, 0x6e, 0x63, 0x65, 0x2c, 0x20, 0x61, 0x6e, 0x64, 0x20
  .byte 0x61, 0x6e, 0x79, 0x20, 0x4c, 0x4c, 0x4d, 0x20, 0x63, 0x61, 0x6e, 0x20, 0x72, 0x65, 0x6e, 0x64
  .byte 0x65, 0x72, 0x20, 0x74, 0x68, 0x65, 0x6d, 0x2e, 0x22, 0x0a, 0x36, 0x2e, 0x20, 0x45, 0x6d, 0x61
  .byte 0x69, 0x6c, 0x42, 0x75, 0x74, 0x74, 0x6f, 0x6e, 0x20, 0x22, 0x47, 0x65, 0x74, 0x20, 0x53, 0x74
  .byte 0x61, 0x72, 0x74, 0x65, 0x64, 0x20, 0xe2, 0x80, 0x94, 0x20, 0x6e, 0x70, 0x78, 0x20, 0x40, 0x6f
  .byte 0x70, 0x65, 0x6e, 0x75, 0x69, 0x64, 0x65, 0x76, 0x2f, 0x63, 0x6c, 0x69, 0x20, 0x63, 0x72, 0x65
  .byte 0x61, 0x74, 0x65, 0x22, 0x20, 0x6c, 0x69, 0x6e, 0x6b, 0x69, 0x6e, 0x67, 0x20, 0x74, 0x6f, 0x20
  .byte 0x68, 0x74, 0x74, 0x70, 0x73, 0x3a, 0x2f, 0x2f, 0x77, 0x77, 0x77, 0x2e, 0x6f, 0x70, 0x65, 0x6e
  .byte 0x75, 0x69, 0x2e, 0x63, 0x6f, 0x6d, 0x20, 0x77, 0x69, 0x74, 0x68, 0x20, 0x63, 0x6f, 0x6c, 0x6f
  .byte 0x72, 0x20, 0x23, 0x35, 0x30, 0x44, 0x34, 0x45, 0x32, 0x0a, 0x37, 0x2e, 0x20, 0x45, 0x6d, 0x61
  .byte 0x69, 0x6c, 0x44, 0x69, 0x76, 0x69, 0x64, 0x65, 0x72, 0x0a, 0x38, 0x2e, 0x20, 0x45, 0x6d, 0x61
  .byte 0x69, 0x6c, 0x48, 0x65, 0x61, 0x64, 0x69, 0x6e, 0x67, 0x20, 0x22, 0x57, 0x68, 0x79, 0x20, 0x64
  .byte 0x65, 0x76, 0x65, 0x6c, 0x6f, 0x70, 0x65, 0x72, 0x73, 0x20, 0x63, 0x68, 0x6f, 0x6f, 0x73, 0x65
  .byte 0x20, 0x4f, 0x70, 0x65, 0x6e, 0x55, 0x49, 0x22, 0x20, 0x28, 0x6c, 0x65, 0x76, 0x65, 0x6c, 0x20
  .byte 0x32, 0x29, 0x0a, 0x39, 0x2e, 0x20, 0x45, 0x6d, 0x61, 0x69, 0x6c, 0x54, 0x65, 0x78, 0x74, 0x20
  .byte 0x22, 0x4f, 0x70, 0x65, 0x6e, 0x55, 0x49, 0x20, 0x69, 0x73, 0x20, 0x75, 0x70, 0x20, 0x74, 0x6f
  .byte 0x20, 0x33, 0x78, 0x20, 0x66, 0x61, 0x73, 0x74, 0x65, 0x72, 0x20, 0x72, 0x65, 0x6e, 0x64, 0x65
  .byte 0x72, 0x69, 0x6e, 0x67, 0x20, 0x74, 0x68, 0x61, 0x6e, 0x20, 0x4a, 0x53, 0x4f, 0x4e, 0x2d, 0x62
  .byte 0x61, 0x73, 0x65, 0x64, 0x20, 0x61, 0x70, 0x70, 0x72, 0x6f, 0x61, 0x63, 0x68, 0x65, 0x73, 0x2c
  .byte 0x20, 0x75, 0x73, 0x65, 0x73, 0x20, 0x75, 0x70, 0x20, 0x74, 0x6f, 0x20, 0x36, 0x37, 0x25, 0x20
  .byte 0x66, 0x65, 0x77, 0x65, 0x72, 0x20, 0x74, 0x6f, 0x6b, 0x65, 0x6e, 0x73, 0x2c, 0x20, 0x61, 0x6e
  .byte 0x64, 0x20, 0x77, 0x6f, 0x72, 0x6b, 0x73, 0x20, 0x77, 0x69, 0x74, 0x68, 0x20, 0x61, 0x6e, 0x79
  .byte 0x20, 0x4c, 0x4c, 0x4d, 0x20, 0x70, 0x72, 0x6f, 0x76, 0x69, 0x64, 0x65, 0x72, 0x2e, 0x22, 0x0a
  .byte 0x31, 0x30, 0x2e, 0x20, 0x45, 0x6d, 0x61, 0x69, 0x6c, 0x44, 0x69, 0x76, 0x69, 0x64, 0x65, 0x72
  .byte 0x0a, 0x31, 0x31, 0x2e, 0x20, 0x45, 0x6d, 0x61, 0x69, 0x6c, 0x53, 0x74, 0x61, 0x74, 0x73, 0x20
  .byte 0x77, 0x69, 0x74, 0x68, 0x20, 0x33, 0x20, 0x69, 0x74, 0x65, 0x6d, 0x73, 0x3a, 0x20, 0x28, 0x22
  .byte 0x33, 0x78, 0x22, 0x2c, 0x20, 0x22, 0x46, 0x61, 0x73, 0x74, 0x65, 0x72, 0x20, 0x52, 0x65, 0x6e
  .byte 0x64, 0x65, 0x72, 0x69, 0x6e, 0x67, 0x22, 0x29, 0x2c, 0x20, 0x28, 0x22, 0x36, 0x37, 0x25, 0x22
  .byte 0x2c, 0x20, 0x22, 0x46, 0x65, 0x77, 0x65, 0x72, 0x20, 0x54, 0x6f, 0x6b, 0x65, 0x6e, 0x73, 0x22
  .byte 0x29, 0x2c, 0x20, 0x28, 0x22, 0x30, 0x22, 0x2c, 0x20, 0x22, 0x41, 0x72, 0x62, 0x69, 0x74, 0x72
  .byte 0x61, 0x72, 0x79, 0x20, 0x43, 0x6f, 0x64, 0x65, 0x20, 0x45, 0x78, 0x65, 0x63, 0x75, 0x74, 0x69
  .byte 0x6f, 0x6e, 0x22, 0x29, 0x0a, 0x31, 0x32, 0x2e, 0x20, 0x45, 0x6d, 0x61, 0x69, 0x6c, 0x44, 0x69
  .byte 0x76, 0x69, 0x64, 0x65, 0x72, 0x0a, 0x31, 0x33, 0x2e, 0x20, 0x45, 0x6d, 0x61, 0x69, 0x6c, 0x46
  .byte 0x65, 0x61, 0x74, 0x75, 0x72, 0x65, 0x47, 0x72, 0x69, 0x64, 0x20, 0x74, 0x69, 0x74, 0x6c, 0x65
  .byte 0x64, 0x20, 0x22, 0x42, 0x75, 0x69, 0x6c, 0x74, 0x20, 0x66, 0x6f, 0x72, 0x20, 0x74, 0x68, 0x65
  .byte 0x20, 0x6d, 0x6f, 0x64, 0x65, 0x72, 0x6e, 0x20, 0x41, 0x49, 0x20, 0x73, 0x74, 0x61, 0x63, 0x6b
  .byte 0x22, 0x20, 0x77, 0x69, 0x74, 0x68, 0x20, 0x64, 0x65, 0x73, 0x63, 0x72, 0x69, 0x70, 0x74, 0x69
  .byte 0x6f, 0x6e, 0x20, 0x22, 0x45, 0x76, 0x65, 0x72, 0x79, 0x74, 0x68, 0x69, 0x6e, 0x67, 0x20, 0x79
  .byte 0x6f, 0x75, 0x20, 0x6e, 0x65, 0x65, 0x64, 0x20, 0x74, 0x6f, 0x20, 0x73, 0x68, 0x69, 0x70, 0x20
  .byte 0x67, 0x65, 0x6e, 0x65, 0x72, 0x61, 0x74, 0x69, 0x76, 0x65, 0x20, 0x55, 0x49, 0x20, 0x65, 0x78
  .byte 0x70, 0x65, 0x72, 0x69, 0x65, 0x6e, 0x63, 0x65, 0x73, 0x2e, 0x22, 0x20, 0x61, 0x6e, 0x64, 0x20
  .byte 0x34, 0x20, 0x69, 0x74, 0x65, 0x6d, 0x73, 0x3a, 0x0a, 0x20, 0x20, 0x20, 0x20, 0x2d, 0x20, 0x28
  .byte 0x68, 0x74, 0x74, 0x70, 0x73, 0x3a, 0x2f, 0x2f, 0x72, 0x65, 0x61, 0x63, 0x74, 0x2e, 0x64, 0x65
  .byte 0x76, 0x2f, 0x66, 0x61, 0x76, 0x69, 0x63, 0x6f, 0x6e, 0x2d, 0x33, 0x32, 0x78, 0x33, 0x32, 0x2e
  .byte 0x70, 0x6e, 0x67, 0x2c, 0x20, 0x22, 0x52, 0x65, 0x61, 0x63, 0x74, 0x22, 0x2c, 0x20, 0x22, 0x52
  .byte 0x65, 0x61, 0x63, 0x74, 0x20, 0x43, 0x6f, 0x6d, 0x70, 0x6f, 0x6e, 0x65, 0x6e, 0x74, 0x73, 0x22
  .byte 0x2c, 0x20, 0x22, 0x34, 0x30, 0x2b, 0x20, 0x70, 0x72, 0x6f, 0x64, 0x75, 0x63, 0x74, 0x69, 0x6f
  .byte 0x6e, 0x2d, 0x72, 0x65, 0x61, 0x64, 0x79, 0x20, 0x63, 0x6f, 0x6d, 0x70, 0x6f, 0x6e, 0x65, 0x6e
  .byte 0x74, 0x73, 0x20, 0x77, 0x69, 0x74, 0x68, 0x20, 0x64, 0x65, 0x66, 0x69, 0x6e, 0x65, 0x43, 0x6f
  .byte 0x6d, 0x70, 0x6f, 0x6e, 0x65, 0x6e, 0x74, 0x20, 0x61, 0x6e, 0x64, 0x20, 0x5a, 0x6f, 0x64, 0x2d
  .byte 0x70, 0x6f, 0x77, 0x65, 0x72, 0x65, 0x64, 0x20, 0x74, 0x79, 0x70, 0x65, 0x20, 0x73, 0x61, 0x66
  .byte 0x65, 0x74, 0x79, 0x2e, 0x22, 0x29, 0x0a, 0x20, 0x20, 0x20, 0x20, 0x2d, 0x20, 0x28, 0x68, 0x74
  .byte 0x74, 0x70, 0x73, 0x3a, 0x2f, 0x2f, 0x6f, 0x70, 0x65, 0x6e, 0x61, 0x69, 0x2e, 0x63, 0x6f, 0x6d
  .byte 0x2f, 0x66, 0x61, 0x76, 0x69, 0x63, 0x6f, 0x6e, 0x2e, 0x69, 0x63, 0x6f, 0x2c, 0x20, 0x22, 0x41
  .byte 0x49, 0x22, 0x2c, 0x20, 0x22, 0x41, 0x6e, 0x79, 0x20, 0x4c, 0x4c, 0x4d, 0x20, 0x50, 0x72, 0x6f
  .byte 0x76, 0x69, 0x64, 0x65, 0x72, 0x22, 0x2c, 0x20, 0x22, 0x4f, 0x70, 0x65, 0x6e, 0x41, 0x49, 0x2c
  .byte 0x20, 0x41, 0x6e, 0x74, 0x68, 0x72, 0x6f, 0x70, 0x69, 0x63, 0x2c, 0x20, 0x47, 0x65, 0x6d, 0x69
  .byte 0x6e, 0x69, 0x2c, 0x20, 0x4d, 0x69, 0x73, 0x74, 0x72, 0x61, 0x6c, 0x20, 0xe2, 0x80, 0x94, 0x20
  .byte 0x77, 0x6f, 0x72, 0x6b, 0x73, 0x20, 0x77, 0x69, 0x74, 0x68, 0x20, 0x61, 0x6e, 0x79, 0x20, 0x4f
  .byte 0x70, 0x65, 0x6e, 0x41, 0x49, 0x2d, 0x63, 0x6f, 0x6d, 0x70, 0x61, 0x74, 0x69, 0x62, 0x6c, 0x65
  .byte 0x20, 0x41, 0x50, 0x49, 0x2e, 0x22, 0x29, 0x0a, 0x20, 0x20, 0x20, 0x20, 0x2d, 0x20, 0x28, 0x68
  .byte 0x74, 0x74, 0x70, 0x73, 0x3a, 0x2f, 0x2f, 0x77, 0x77, 0x77, 0x2e, 0x74, 0x79, 0x70, 0x65, 0x73
  .byte 0x63, 0x72, 0x69, 0x70, 0x74, 0x6c, 0x61, 0x6e, 0x67, 0x2e, 0x6f, 0x72, 0x67, 0x2f, 0x66, 0x61
  .byte 0x76, 0x69, 0x63, 0x6f, 0x6e, 0x2d, 0x33, 0x32, 0x78, 0x33, 0x32, 0x2e, 0x70, 0x6e, 0x67, 0x2c
  .byte 0x20, 0x22, 0x54, 0x79, 0x70, 0x65, 0x53, 0x63, 0x72, 0x69, 0x70, 0x74, 0x22, 0x2c, 0x20, 0x22
  .byte 0x4f, 0x70, 0x65, 0x6e, 0x55, 0x49, 0x20, 0x4c, 0x61, 0x6e, 0x67, 0x22, 0x2c, 0x20, 0x22, 0x41
  .byte 0x20, 0x73, 0x70, 0x65, 0x63, 0x69, 0x61, 0x6c, 0x69, 0x7a, 0x65, 0x64, 0x20, 0x66, 0x6f, 0x72
  .byte 0x6d, 0x61, 0x74, 0x20, 0x74, 0x68, 0x61, 0x74, 0x20, 0x4c, 0x4c, 0x4d, 0x73, 0x20, 0x67, 0x65
  .byte 0x6e, 0x65, 0x72, 0x61, 0x74, 0x65, 0x20, 0x6e, 0x61, 0x74, 0x69, 0x76, 0x65, 0x6c, 0x79, 0x20
  .byte 0xe2, 0x80, 0x94, 0x20, 0x6e, 0x6f, 0x20, 0x4a, 0x53, 0x4f, 0x4e, 0x20, 0x70, 0x61, 0x72, 0x73
  .byte 0x69, 0x6e, 0x67, 0x2c, 0x20, 0x6e, 0x6f, 0x20, 0x70, 0x72, 0x6f, 0x6d, 0x70, 0x74, 0x20, 0x68
  .byte 0x61, 0x63, 0x6b, 0x73, 0x2e, 0x22, 0x29, 0x0a, 0x20, 0x20, 0x20, 0x20, 0x2d, 0x20, 0x28, 0x68
  .byte 0x74, 0x74, 0x70, 0x73, 0x3a, 0x2f, 0x2f, 0x76, 0x65, 0x72, 0x63, 0x65, 0x6c, 0x2e, 0x63, 0x6f
  .byte 0x6d, 0x2f, 0x66, 0x61, 0x76, 0x69, 0x63, 0x6f, 0x6e, 0x2e, 0x69, 0x63, 0x6f, 0x2c, 0x20, 0x22
  .byte 0x44, 0x65, 0x70, 0x6c, 0x6f, 0x79, 0x22, 0x2c, 0x20, 0x22, 0x43, 0x68, 0x61, 0x74, 0x20, 0x53
  .byte 0x44, 0x4b, 0x20, 0x49, 0x6e, 0x63, 0x6c, 0x75, 0x64, 0x65, 0x64, 0x22, 0x2c, 0x20, 0x22, 0x44
  .byte 0x72, 0x6f, 0x70, 0x2d, 0x69, 0x6e, 0x20, 0x43, 0x6f, 0x70, 0x69, 0x6c, 0x6f, 0x74, 0x2c, 0x20
  .byte 0x46, 0x75, 0x6c, 0x6c, 0x53, 0x63, 0x72, 0x65, 0x65, 0x6e, 0x2c, 0x20, 0x61, 0x6e, 0x64, 0x20
  .byte 0x42, 0x6f, 0x74, 0x74, 0x6f, 0x6d, 0x54, 0x72, 0x61, 0x79, 0x20, 0x6c, 0x61, 0x79, 0x6f, 0x75
  .byte 0x74, 0x73, 0x20, 0x77, 0x69, 0x74, 0x68, 0x20, 0x73, 0x74, 0x72, 0x65, 0x61, 0x6d, 0x69, 0x6e
  .byte 0x67, 0x20, 0x61, 0x6e, 0x64, 0x20, 0x70, 0x65, 0x72, 0x73, 0x69, 0x73, 0x74, 0x65, 0x6e, 0x63
  .byte 0x65, 0x2e, 0x22, 0x29, 0x0a, 0x31, 0x34, 0x2e, 0x20, 0x45, 0x6d, 0x61, 0x69, 0x6c, 0x44, 0x69
  .byte 0x76, 0x69, 0x64, 0x65, 0x72, 0x0a, 0x31, 0x35, 0x2e, 0x20, 0x45, 0x6d, 0x61, 0x69, 0x6c, 0x43
  .byte 0x6f, 0x64, 0x65, 0x42, 0x6c, 0x6f, 0x63, 0x6b, 0x20, 0x77, 0x69, 0x74, 0x68, 0x20, 0x74, 0x68
  .byte 0x69, 0x73, 0x20, 0x63, 0x6f, 0x64, 0x65, 0x3a, 0x0a, 0x20, 0x20, 0x20, 0x20, 0x22, 0x69, 0x6d
  .byte 0x70, 0x6f, 0x72, 0x74, 0x20, 0x7b, 0x20, 0x64, 0x65, 0x66, 0x69, 0x6e, 0x65, 0x43, 0x6f, 0x6d
  .byte 0x70, 0x6f, 0x6e, 0x65, 0x6e, 0x74, 0x20, 0x7d, 0x20, 0x66, 0x72, 0x6f, 0x6d, 0x20, 0x27, 0x40
  .byte 0x6f, 0x70, 0x65, 0x6e, 0x75, 0x69, 0x64, 0x65, 0x76, 0x2f, 0x72, 0x65, 0x61, 0x63, 0x74, 0x2d
  .byte 0x6c, 0x61, 0x6e, 0x67, 0x27, 0x3b, 0x5c, 0x5c, 0x6e, 0x69, 0x6d, 0x70, 0x6f, 0x72, 0x74, 0x20
  .byte 0x7b, 0x20, 0x7a, 0x20, 0x7d, 0x20, 0x66, 0x72, 0x6f, 0x6d, 0x20, 0x27, 0x7a, 0x6f, 0x64, 0x27
  .byte 0x3b, 0x5c, 0x5c, 0x6e, 0x5c, 0x5c, 0x6e, 0x65, 0x78, 0x70, 0x6f, 0x72, 0x74, 0x20, 0x63, 0x6f
  .byte 0x6e, 0x73, 0x74, 0x20, 0x57, 0x65, 0x61, 0x74, 0x68, 0x65, 0x72, 0x43, 0x61, 0x72, 0x64, 0x20
  .byte 0x3d, 0x20, 0x64, 0x65, 0x66, 0x69, 0x6e, 0x65, 0x43, 0x6f, 0x6d, 0x70, 0x6f, 0x6e, 0x65, 0x6e
  .byte 0x74, 0x28, 0x7b, 0x5c, 0x5c, 0x6e, 0x20, 0x20, 0x6e, 0x61, 0x6d, 0x65, 0x3a, 0x20, 0x27, 0x57
  .byte 0x65, 0x61, 0x74, 0x68, 0x65, 0x72, 0x43, 0x61, 0x72, 0x64, 0x27, 0x2c, 0x5c, 0x5c, 0x6e, 0x20
  .byte 0x20, 0x70, 0x72, 0x6f, 0x70, 0x73, 0x3a, 0x20, 0x7a, 0x2e, 0x6f, 0x62, 0x6a, 0x65, 0x63, 0x74
  .byte 0x28, 0x7b, 0x5c, 0x5c, 0x6e, 0x20, 0x20, 0x20, 0x20, 0x63, 0x69, 0x74, 0x79, 0x3a, 0x20, 0x7a
  .byte 0x2e, 0x73, 0x74, 0x72, 0x69, 0x6e, 0x67, 0x28, 0x29, 0x2c, 0x5c, 0x5c, 0x6e, 0x20, 0x20, 0x20
  .byte 0x20, 0x74, 0x65, 0x6d, 0x70, 0x3a, 0x20, 0x7a, 0x2e, 0x6e, 0x75, 0x6d, 0x62, 0x65, 0x72, 0x28
  .byte 0x29, 0x2c, 0x5c, 0x5c, 0x6e, 0x20, 0x20, 0x20, 0x20, 0x63, 0x6f, 0x6e, 0x64, 0x69, 0x74, 0x69
  .byte 0x6f, 0x6e, 0x3a, 0x20, 0x7a, 0x2e, 0x73, 0x74, 0x72, 0x69, 0x6e, 0x67, 0x28, 0x29, 0x2c, 0x5c
  .byte 0x5c, 0x6e, 0x20, 0x20, 0x7d, 0x29, 0x2c, 0x5c, 0x5c, 0x6e, 0x20, 0x20, 0x64, 0x65, 0x73, 0x63
  .byte 0x72, 0x69, 0x70, 0x74, 0x69, 0x6f, 0x6e, 0x3a, 0x20, 0x27, 0x53, 0x68, 0x6f, 0x77, 0x73, 0x20
  .byte 0x63, 0x75, 0x72, 0x72, 0x65, 0x6e, 0x74, 0x20, 0x77, 0x65, 0x61, 0x74, 0x68, 0x65, 0x72, 0x20
  .byte 0x66, 0x6f, 0x72, 0x20, 0x61, 0x20, 0x63, 0x69, 0x74, 0x79, 0x27, 0x2c, 0x5c, 0x5c, 0x6e, 0x20
  .byte 0x20, 0x63, 0x6f, 0x6d, 0x70, 0x6f, 0x6e, 0x65, 0x6e, 0x74, 0x3a, 0x20, 0x28, 0x7b, 0x20, 0x70
  .byte 0x72, 0x6f, 0x70, 0x73, 0x20, 0x7d, 0x29, 0x20, 0x3d, 0x3e, 0x20, 0x28, 0x5c, 0x5c, 0x6e, 0x20
  .byte 0x20, 0x20, 0x20, 0x3c, 0x64, 0x69, 0x76, 0x3e, 0x5c, 0x5c, 0x6e, 0x20, 0x20, 0x20, 0x20, 0x20
  .byte 0x20, 0x3c, 0x68, 0x33, 0x3e, 0x7b, 0x70, 0x72, 0x6f, 0x70, 0x73, 0x2e, 0x63, 0x69, 0x74, 0x79
  .byte 0x7d, 0x3c, 0x2f, 0x68, 0x33, 0x3e, 0x5c, 0x5c, 0x6e, 0x20, 0x20, 0x20, 0x20, 0x20, 0x20, 0x3c
  .byte 0x70, 0x3e, 0x7b, 0x70, 0x72, 0x6f, 0x70, 0x73, 0x2e, 0x74, 0x65, 0x6d, 0x70, 0x7d, 0xc2, 0xb0
  .byte 0x20, 0xe2, 0x80, 0x94, 0x20, 0x7b, 0x70, 0x72, 0x6f, 0x70, 0x73, 0x2e, 0x63, 0x6f, 0x6e, 0x64
  .byte 0x69, 0x74, 0x69, 0x6f, 0x6e, 0x7d, 0x3c, 0x2f, 0x70, 0x3e, 0x5c, 0x5c, 0x6e, 0x20, 0x20, 0x20
  .byte 0x20, 0x3c, 0x2f, 0x64, 0x69, 0x76, 0x3e, 0x5c, 0x5c, 0x6e, 0x20, 0x20, 0x29, 0x2c, 0x5c, 0x5c
  .byte 0x6e, 0x7d, 0x29, 0x3b, 0x22, 0x0a, 0x20, 0x20, 0x20, 0x20, 0x77, 0x69, 0x74, 0x68, 0x20, 0x6c
  .byte 0x61, 0x6e, 0x67, 0x75, 0x61, 0x67, 0x65, 0x20, 0x22, 0x74, 0x79, 0x70, 0x65, 0x73, 0x63, 0x72
  .byte 0x69, 0x70, 0x74, 0x22, 0x0a, 0x31, 0x36, 0x2e, 0x20, 0x45, 0x6d, 0x61, 0x69, 0x6c, 0x44, 0x69
  .byte 0x76, 0x69, 0x64, 0x65, 0x72, 0x0a, 0x31, 0x37, 0x2e, 0x20, 0x45, 0x6d, 0x61, 0x69, 0x6c, 0x46
  .byte 0x65, 0x61, 0x74, 0x75, 0x72, 0x65, 0x4c, 0x69, 0x73, 0x74, 0x20, 0x74, 0x69, 0x74, 0x6c, 0x65
  .byte 0x64, 0x20, 0x22, 0x48, 0x6f, 0x77, 0x20, 0x4f, 0x70, 0x65, 0x6e, 0x55, 0x49, 0x20, 0x77, 0x6f
  .byte 0x72, 0x6b, 0x73, 0x22, 0x20, 0x77, 0x69, 0x74, 0x68, 0x20, 0x64, 0x65, 0x73, 0x63, 0x72, 0x69
  .byte 0x70, 0x74, 0x69, 0x6f, 0x6e, 0x20, 0x22, 0x46, 0x72, 0x6f, 0x6d, 0x20, 0x63, 0x6f, 0x6d, 0x70
  .byte 0x6f, 0x6e, 0x65, 0x6e, 0x74, 0x20, 0x64, 0x65, 0x66, 0x69, 0x6e, 0x69, 0x74, 0x69, 0x6f, 0x6e
  .byte 0x20, 0x74, 0x6f, 0x20, 0x72, 0x65, 0x6e, 0x64, 0x65, 0x72, 0x65, 0x64, 0x20, 0x55, 0x49, 0x20
  .byte 0x69, 0x6e, 0x20, 0x34, 0x20, 0x73, 0x74, 0x65, 0x70, 0x73, 0x2e, 0x22, 0x20, 0x61, 0x6e, 0x64
  .byte 0x20, 0x33, 0x20, 0x69, 0x74, 0x65, 0x6d, 0x73, 0x3a, 0x0a, 0x20, 0x20, 0x20, 0x20, 0x2d, 0x20
  .byte 0x28, 0x68, 0x74, 0x74, 0x70, 0x73, 0x3a, 0x2f, 0x2f, 0x77, 0x77, 0x77, 0x2e, 0x6f, 0x70, 0x65
  .byte 0x6e, 0x75, 0x69, 0x2e, 0x63, 0x6f, 0x6d, 0x2f, 0x66, 0x61, 0x76, 0x69, 0x63, 0x6f, 0x6e, 0x2e
  .byte 0x73, 0x76, 0x67, 0x2c, 0x20, 0x22, 0x44, 0x65, 0x66, 0x69, 0x6e, 0x65, 0x22, 0x2c, 0x20, 0x22
  .byte 0x44, 0x65, 0x66, 0x69, 0x6e, 0x65, 0x20, 0x79, 0x6f, 0x75, 0x72, 0x20, 0x63, 0x6f, 0x6d, 0x70
  .byte 0x6f, 0x6e, 0x65, 0x6e, 0x74, 0x73, 0x22, 0x2c, 0x20, 0x22, 0x52, 0x65, 0x67, 0x69, 0x73, 0x74
  .byte 0x65, 0x72, 0x20, 0x63, 0x6f, 0x6d, 0x70, 0x6f, 0x6e, 0x65, 0x6e, 0x74, 0x73, 0x20, 0x77, 0x69
  .byte 0x74, 0x68, 0x20, 0x64, 0x65, 0x66, 0x69, 0x6e, 0x65, 0x43, 0x6f, 0x6d, 0x70, 0x6f, 0x6e, 0x65
  .byte 0x6e, 0x74, 0x20, 0x61, 0x6e, 0x64, 0x20, 0x5a, 0x6f, 0x64, 0x20, 0x73, 0x63, 0x68, 0x65, 0x6d
  .byte 0x61, 0x73, 0x2e, 0x20, 0x4f, 0x70, 0x65, 0x6e, 0x55, 0x49, 0x20, 0x67, 0x65, 0x6e, 0x65, 0x72
  .byte 0x61, 0x74, 0x65, 0x73, 0x20, 0x74, 0x68, 0x65, 0x20, 0x73, 0x79, 0x73, 0x74, 0x65, 0x6d, 0x20
  .byte 0x70, 0x72, 0x6f, 0x6d, 0x70, 0x74, 0x20, 0x61, 0x75, 0x74, 0x6f, 0x6d, 0x61, 0x74, 0x69, 0x63
  .byte 0x61, 0x6c, 0x6c, 0x79, 0x2e, 0x22, 0x29, 0x0a, 0x20, 0x20, 0x20, 0x20, 0x2d, 0x20, 0x28, 0x68
  .byte 0x74, 0x74, 0x70, 0x73, 0x3a, 0x2f, 0x2f, 0x77, 0x77, 0x77, 0x2e, 0x6f, 0x70, 0x65, 0x6e, 0x75
  .byte 0x69, 0x2e, 0x63, 0x6f, 0x6d, 0x2f, 0x66, 0x61, 0x76, 0x69, 0x63, 0x6f, 0x6e, 0x2e, 0x73, 0x76
  .byte 0x67, 0x2c, 0x20, 0x22, 0x47, 0x65, 0x6e, 0x65, 0x72, 0x61, 0x74, 0x65, 0x22, 0x2c, 0x20, 0x22
  .byte 0x4c, 0x4c, 0x4d, 0x20, 0x67, 0x65, 0x6e, 0x65, 0x72, 0x61, 0x74, 0x65, 0x73, 0x20, 0x4f, 0x70
  .byte 0x65, 0x6e, 0x55, 0x49, 0x20, 0x4c, 0x61, 0x6e, 0x67, 0x22, 0x2c, 0x20, 0x22, 0x54, 0x68, 0x65
  .byte 0x20, 0x41, 0x49, 0x20, 0x72, 0x65, 0x73, 0x70, 0x6f, 0x6e, 0x64, 0x73, 0x20, 0x69, 0x6e, 0x20
  .byte 0x61, 0x20, 0x6c, 0x69, 0x67, 0x68, 0x74, 0x77, 0x65, 0x69, 0x67, 0x68, 0x74, 0x2c, 0x20, 0x74
  .byte 0x6f, 0x6b, 0x65, 0x6e, 0x2d, 0x65, 0x66, 0x66, 0x69, 0x63, 0x69, 0x65, 0x6e, 0x74, 0x20, 0x66
  .byte 0x6f, 0x72, 0x6d, 0x61, 0x74, 0x20, 0x70, 0x75, 0x72, 0x70, 0x6f, 0x73, 0x65, 0x2d, 0x62, 0x75
  .byte 0x69, 0x6c, 0x74, 0x20, 0x66, 0x6f, 0x72, 0x20, 0x55, 0x49, 0x20, 0x67, 0x65, 0x6e, 0x65, 0x72
  .byte 0x61, 0x74, 0x69, 0x6f, 0x6e, 0x2e, 0x22, 0x29, 0x0a, 0x20, 0x20, 0x20, 0x20, 0x2d, 0x20, 0x28
  .byte 0x68, 0x74, 0x74, 0x70, 0x73, 0x3a, 0x2f, 0x2f, 0x77, 0x77, 0x77, 0x2e, 0x6f, 0x70, 0x65, 0x6e
  .byte 0x75, 0x69, 0x2e, 0x63, 0x6f, 0x6d, 0x2f, 0x66, 0x61, 0x76, 0x69, 0x63, 0x6f, 0x6e, 0x2e, 0x73
  .byte 0x76, 0x67, 0x2c, 0x20, 0x22, 0x52, 0x65, 0x6e, 0x64, 0x65, 0x72, 0x22, 0x2c, 0x20, 0x22, 0x52
  .byte 0x65, 0x6e, 0x64, 0x65, 0x72, 0x20, 0x69, 0x6e, 0x20, 0x72, 0x65, 0x61, 0x6c, 0x2d, 0x74, 0x69
  .byte 0x6d, 0x65, 0x22, 0x2c, 0x20, 0x22, 0x54, 0x68, 0x65, 0x20, 0x52, 0x65, 0x6e, 0x64, 0x65, 0x72
  .byte 0x65, 0x72, 0x20, 0x70, 0x61, 0x72, 0x73, 0x65, 0x73, 0x20, 0x61, 0x6e, 0x64, 0x20, 0x64, 0x69
  .byte 0x73, 0x70, 0x6c, 0x61, 0x79, 0x73, 0x20, 0x63, 0x6f, 0x6d, 0x70, 0x6f, 0x6e, 0x65, 0x6e, 0x74
  .byte 0x73, 0x20, 0x77, 0x69, 0x74, 0x68, 0x20, 0x73, 0x74, 0x72, 0x65, 0x61, 0x6d, 0x69, 0x6e, 0x67
  .byte 0x20, 0x73, 0x75, 0x70, 0x70, 0x6f, 0x72, 0x74, 0x20, 0xe2, 0x80, 0x94, 0x20, 0x6e, 0x6f, 0x20
  .byte 0x66, 0x6c, 0x61, 0x73, 0x68, 0x20, 0x6f, 0x66, 0x20, 0x65, 0x6d, 0x70, 0x74, 0x79, 0x20, 0x63
  .byte 0x6f, 0x6e, 0x74, 0x65, 0x6e, 0x74, 0x2e, 0x22, 0x29, 0x0a, 0x31, 0x38, 0x2e, 0x20, 0x45, 0x6d
  .byte 0x61, 0x69, 0x6c, 0x44, 0x69, 0x76, 0x69, 0x64, 0x65, 0x72, 0x0a, 0x31, 0x39, 0x2e, 0x20, 0x45
  .byte 0x6d, 0x61, 0x69, 0x6c, 0x4c, 0x69, 0x73, 0x74, 0x20, 0x74, 0x69, 0x74, 0x6c, 0x65, 0x64, 0x20
  .byte 0x22, 0x47, 0x65, 0x74, 0x20, 0x73, 0x74, 0x61, 0x72, 0x74, 0x65, 0x64, 0x20, 0x69, 0x6e, 0x20
  .byte 0x33, 0x20, 0x73, 0x74, 0x65, 0x70, 0x73, 0x22, 0x20, 0x77, 0x69, 0x74, 0x68, 0x20, 0x33, 0x20
  .byte 0x69, 0x74, 0x65, 0x6d, 0x73, 0x3a, 0x0a, 0x20, 0x20, 0x20, 0x20, 0x2d, 0x20, 0x22, 0x53, 0x63
  .byte 0x61, 0x66, 0x66, 0x6f, 0x6c, 0x64, 0x20, 0x79, 0x6f, 0x75, 0x72, 0x20, 0x70, 0x72, 0x6f, 0x6a
  .byte 0x65, 0x63, 0x74, 0x22, 0x20, 0x2f, 0x20, 0x22, 0x52, 0x75, 0x6e, 0x20, 0x6e, 0x70, 0x78, 0x20
  .byte 0x40, 0x6f, 0x70, 0x65, 0x6e, 0x75, 0x69, 0x64, 0x65, 0x76, 0x2f, 0x63, 0x6c, 0x69, 0x20, 0x63
  .byte 0x72, 0x65, 0x61, 0x74, 0x65, 0x20, 0x74, 0x6f, 0x20, 0x73, 0x65, 0x74, 0x20, 0x75, 0x70, 0x20
  .byte 0x61, 0x20, 0x6e, 0x65, 0x77, 0x20, 0x70, 0x72, 0x6f, 0x6a, 0x65, 0x63, 0x74, 0x20, 0x77, 0x69
  .byte 0x74, 0x68, 0x20, 0x52, 0x65, 0x61, 0x63, 0x74, 0x2c, 0x20, 0x54, 0x79, 0x70, 0x65, 0x53, 0x63
  .byte 0x72, 0x69, 0x70, 0x74, 0x2c, 0x20, 0x61, 0x6e, 0x64, 0x20, 0x79, 0x6f, 0x75, 0x72, 0x20, 0x63
  .byte 0x68, 0x6f, 0x69, 0x63, 0x65, 0x20, 0x6f, 0x66, 0x20, 0x4c, 0x4c, 0x4d, 0x20, 0x70, 0x72, 0x6f
  .byte 0x76, 0x69, 0x64, 0x65, 0x72, 0x2e, 0x22, 0x0a, 0x20, 0x20, 0x20, 0x20, 0x2d, 0x20, 0x22, 0x44
  .byte 0x65, 0x66, 0x69, 0x6e, 0x65, 0x20, 0x79, 0x6f, 0x75, 0x72, 0x20, 0x63, 0x6f, 0x6d, 0x70, 0x6f
  .byte 0x6e, 0x65, 0x6e, 0x74, 0x20, 0x6c, 0x69, 0x62, 0x72, 0x61, 0x72, 0x79, 0x22, 0x20, 0x2f, 0x20
  .byte 0x22, 0x55, 0x73, 0x65, 0x20, 0x64, 0x65, 0x66, 0x69, 0x6e, 0x65, 0x43, 0x6f, 0x6d, 0x70, 0x6f
  .byte 0x6e, 0x65, 0x6e, 0x74, 0x20, 0x77, 0x69, 0x74, 0x68, 0x20, 0x5a, 0x6f, 0x64, 0x20, 0x73, 0x63
  .byte 0x68, 0x65, 0x6d, 0x61, 0x73, 0x2e, 0x20, 0x47, 0x72, 0x6f, 0x75, 0x70, 0x20, 0x74, 0x68, 0x65
  .byte 0x6d, 0x20, 0x77, 0x69, 0x74, 0x68, 0x20, 0x63, 0x72, 0x65, 0x61, 0x74, 0x65, 0x4c, 0x69, 0x62
  .byte 0x72, 0x61, 0x72, 0x79, 0x2e, 0x20, 0x4f, 0x70, 0x65, 0x6e, 0x55, 0x49, 0x20, 0x68, 0x61, 0x6e
  .byte 0x64, 0x6c, 0x65, 0x73, 0x20, 0x74, 0x68, 0x65, 0x20, 0x73, 0x79, 0x73, 0x74, 0x65, 0x6d, 0x20
  .byte 0x70, 0x72, 0x6f, 0x6d, 0x70, 0x74, 0x2e, 0x22, 0x0a, 0x20, 0x20, 0x20, 0x20, 0x2d, 0x20, 0x22
  .byte 0x43, 0x6f, 0x6e, 0x6e, 0x65, 0x63, 0x74, 0x20, 0x61, 0x6e, 0x64, 0x20, 0x73, 0x68, 0x69, 0x70
  .byte 0x22, 0x20, 0x2f, 0x20, 0x22, 0x50, 0x6f, 0x69, 0x6e, 0x74, 0x20, 0x74, 0x6f, 0x20, 0x61, 0x6e
  .byte 0x79, 0x20, 0x4f, 0x70, 0x65, 0x6e, 0x41, 0x49, 0x2d, 0x63, 0x6f, 0x6d, 0x70, 0x61, 0x74, 0x69
  .byte 0x62, 0x6c, 0x65, 0x20, 0x41, 0x50, 0x49, 0x2e, 0x20, 0x44, 0x72, 0x6f, 0x70, 0x20, 0x69, 0x6e
  .byte 0x20, 0x61, 0x20, 0x43, 0x68, 0x61, 0x74, 0x20, 0x6c, 0x61, 0x79, 0x6f, 0x75, 0x74, 0x20, 0x6f
  .byte 0x72, 0x20, 0x75, 0x73, 0x65, 0x20, 0x74, 0x68, 0x65, 0x20, 0x68, 0x65, 0x61, 0x64, 0x6c, 0x65
  .byte 0x73, 0x73, 0x20, 0x75, 0x73, 0x65, 0x43, 0x68, 0x61, 0x74, 0x20, 0x68, 0x6f, 0x6f, 0x6b, 0x2e
  .byte 0x20, 0x44, 0x65, 0x70, 0x6c, 0x6f, 0x79, 0x20, 0x61, 0x6e, 0x79, 0x77, 0x68, 0x65, 0x72, 0x65
  .byte 0x2e, 0x22, 0x0a, 0x32, 0x30, 0x2e, 0x20, 0x45, 0x6d, 0x61, 0x69, 0x6c, 0x44, 0x69, 0x76, 0x69
  .byte 0x64, 0x65, 0x72, 0x0a, 0x32, 0x31, 0x2e, 0x20, 0x45, 0x6d, 0x61, 0x69, 0x6c, 0x50, 0x72, 0x69
  .byte 0x63, 0x69, 0x6e, 0x67, 0x43, 0x61, 0x72, 0x64, 0x20, 0x77, 0x69, 0x74, 0x68, 0x20, 0x62, 0x61
  .byte 0x64, 0x67, 0x65, 0x20, 0x22, 0x4f, 0x50, 0x45, 0x4e, 0x20, 0x53, 0x4f, 0x55, 0x52, 0x43, 0x45
  .byte 0x22, 0x2c, 0x20, 0x70, 0x72, 0x69, 0x63, 0x65, 0x20, 0x22, 0x24, 0x30, 0x22, 0x2c, 0x20, 0x70
  .byte 0x65, 0x72, 0x69, 0x6f, 0x64, 0x20, 0x22, 0x2f, 0x20, 0x66, 0x6f, 0x72, 0x65, 0x76, 0x65, 0x72
  .byte 0x22, 0x2c, 0x20, 0x64, 0x65, 0x73, 0x63, 0x72, 0x69, 0x70, 0x74, 0x69, 0x6f, 0x6e, 0x20, 0x22
  .byte 0x4f, 0x70, 0x65, 0x6e, 0x55, 0x49, 0x20, 0x69, 0x73, 0x20, 0x66, 0x75, 0x6c, 0x6c, 0x79, 0x20
  .byte 0x6f, 0x70, 0x65, 0x6e, 0x20, 0x73, 0x6f, 0x75, 0x72, 0x63, 0x65, 0x20, 0x75, 0x6e, 0x64, 0x65
  .byte 0x72, 0x20, 0x4d, 0x49, 0x54, 0x20, 0x6c, 0x69, 0x63, 0x65, 0x6e, 0x73, 0x65, 0x2e, 0x20, 0x4e
  .byte 0x6f, 0x20, 0x76, 0x65, 0x6e, 0x64, 0x6f, 0x72, 0x20, 0x6c, 0x6f, 0x63, 0x6b, 0x2d, 0x69, 0x6e
  .byte 0x2c, 0x20, 0x6e, 0x6f, 0x20, 0x75, 0x73, 0x61, 0x67, 0x65, 0x20, 0x6c, 0x69, 0x6d, 0x69, 0x74
  .byte 0x73, 0x2c, 0x20, 0x6e, 0x6f, 0x20, 0x65, 0x6e, 0x74, 0x65, 0x72, 0x70, 0x72, 0x69, 0x73, 0x65
  .byte 0x20, 0x67, 0x61, 0x74, 0x65, 0x73, 0x2e, 0x22, 0x2c, 0x20, 0x66, 0x65, 0x61, 0x74, 0x75, 0x72
  .byte 0x65, 0x73, 0x3a, 0x20, 0x22, 0x55, 0x6e, 0x6c, 0x69, 0x6d, 0x69, 0x74, 0x65, 0x64, 0x20, 0x63
  .byte 0x6f, 0x6d, 0x70, 0x6f, 0x6e, 0x65, 0x6e, 0x74, 0x73, 0x20, 0x26, 0x20, 0x6c, 0x69, 0x62, 0x72
  .byte 0x61, 0x72, 0x69, 0x65, 0x73, 0x22, 0x2c, 0x20, 0x22, 0x41, 0x6c, 0x6c, 0x20, 0x4c, 0x4c, 0x4d
  .byte 0x20, 0x70, 0x72, 0x6f, 0x76, 0x69, 0x64, 0x65, 0x72, 0x73, 0x20, 0x73, 0x75, 0x70, 0x70, 0x6f
  .byte 0x72, 0x74, 0x65, 0x64, 0x22, 0x2c, 0x20, 0x22, 0x43, 0x6f, 0x6d, 0x6d, 0x65, 0x72, 0x63, 0x69
  .byte 0x61, 0x6c, 0x20, 0x75, 0x73, 0x65, 0x20, 0xe2, 0x80, 0x94, 0x20, 0x4d, 0x49, 0x54, 0x20, 0x6c
  .byte 0x69, 0x63, 0x65, 0x6e, 0x73, 0x65, 0x22, 0x2c, 0x20, 0x22, 0x43, 0x6f, 0x6d, 0x6d, 0x75, 0x6e
  .byte 0x69, 0x74, 0x79, 0x20, 0x73, 0x75, 0x70, 0x70, 0x6f, 0x72, 0x74, 0x20, 0x6f, 0x6e, 0x20, 0x47
  .byte 0x69, 0x74, 0x48, 0x75, 0x62, 0x20, 0x26, 0x20, 0x44, 0x69, 0x73, 0x63, 0x6f, 0x72, 0x64, 0x22
  .byte 0x2c, 0x20, 0x62, 0x75, 0x74, 0x74, 0x6f, 0x6e, 0x20, 0x22, 0x53, 0x74, 0x61, 0x72, 0x20, 0x6f
  .byte 0x6e, 0x20, 0x47, 0x69, 0x74, 0x48, 0x75, 0x62, 0x22, 0x20, 0x77, 0x69, 0x74, 0x68, 0x20, 0x68
  .byte 0x72, 0x65, 0x66, 0x20, 0x68, 0x74, 0x74, 0x70, 0x73, 0x3a, 0x2f, 0x2f, 0x67, 0x69, 0x74, 0x68
  .byte 0x75, 0x62, 0x2e, 0x63, 0x6f, 0x6d, 0x2f, 0x74, 0x68, 0x65, 0x73, 0x79, 0x73, 0x64, 0x65, 0x76
  .byte 0x2f, 0x6f, 0x70, 0x65, 0x6e, 0x75, 0x69, 0x20, 0x61, 0x6e, 0x64, 0x20, 0x63, 0x6f, 0x6c, 0x6f
  .byte 0x72, 0x20, 0x23, 0x35, 0x30, 0x44, 0x34, 0x45, 0x32, 0x0a, 0x32, 0x32, 0x2e, 0x20, 0x45, 0x6d
  .byte 0x61, 0x69, 0x6c, 0x54, 0x65, 0x73, 0x74, 0x69, 0x6d, 0x6f, 0x6e, 0x69, 0x61, 0x6c, 0x20, 0x77
  .byte 0x69, 0x74, 0x68, 0x20, 0x71, 0x75, 0x6f, 0x74, 0x65, 0x20, 0x22, 0x4f, 0x70, 0x65, 0x6e, 0x55
  .byte 0x49, 0x20, 0x63, 0x6f, 0x6d, 0x70, 0x6c, 0x65, 0x74, 0x65, 0x6c, 0x79, 0x20, 0x63, 0x68, 0x61
  .byte 0x6e, 0x67, 0x65, 0x64, 0x20, 0x68, 0x6f, 0x77, 0x20, 0x77, 0x65, 0x20, 0x62, 0x75, 0x69, 0x6c
  .byte 0x64, 0x20, 0x41, 0x49, 0x20, 0x66, 0x65, 0x61, 0x74, 0x75, 0x72, 0x65, 0x73, 0x2e, 0x20, 0x57
  .byte 0x65, 0x20, 0x77, 0x65, 0x6e, 0x74, 0x20, 0x66, 0x72, 0x6f, 0x6d, 0x20, 0x66, 0x72, 0x61, 0x67
  .byte 0x69, 0x6c, 0x65, 0x20, 0x4a, 0x53, 0x4f, 0x4e, 0x20, 0x70, 0x61, 0x72, 0x73, 0x69, 0x6e, 0x67
  .byte 0x20, 0x74, 0x6f, 0x20, 0x61, 0x20, 0x74, 0x79, 0x70, 0x65, 0x2d, 0x73, 0x61, 0x66, 0x65, 0x20
  .byte 0x63, 0x6f, 0x6d, 0x70, 0x6f, 0x6e, 0x65, 0x6e, 0x74, 0x20, 0x73, 0x79, 0x73, 0x74, 0x65, 0x6d
  .byte 0x20, 0x69, 0x6e, 0x20, 0x61, 0x20, 0x77, 0x65, 0x65, 0x6b, 0x65, 0x6e, 0x64, 0x2e, 0x20, 0x54
  .byte 0x68, 0x65, 0x20, 0x74, 0x6f, 0x6b, 0x65, 0x6e, 0x20, 0x73, 0x61, 0x76, 0x69, 0x6e, 0x67, 0x73
  .byte 0x20, 0x61, 0x6c, 0x6f, 0x6e, 0x65, 0x20, 0x6d, 0x61, 0x64, 0x65, 0x20, 0x69, 0x74, 0x20, 0x77
  .byte 0x6f, 0x72, 0x74, 0x68, 0x20, 0x73, 0x77, 0x69, 0x74, 0x63, 0x68, 0x69, 0x6e, 0x67, 0x2e, 0x22
  .byte 0x2c, 0x20, 0x61, 0x76, 0x61, 0x74, 0x61, 0x72, 0x20, 0x28, 0x68, 0x74, 0x74, 0x70, 0x73, 0x3a
  .byte 0x2f, 0x2f, 0x70, 0x69, 0x63, 0x73, 0x75, 0x6d, 0x2e, 0x70, 0x68, 0x6f, 0x74, 0x6f, 0x73, 0x2f
  .byte 0x73, 0x65, 0x65, 0x64, 0x2f, 0x64, 0x65, 0x76, 0x2d, 0x74, 0x65, 0x73, 0x74, 0x69, 0x6d, 0x6f
  .byte 0x6e, 0x69, 0x61, 0x6c, 0x2f, 0x31, 0x30, 0x30, 0x2f, 0x31, 0x30, 0x30, 0x2c, 0x20, 0x22, 0x41
  .byte 0x6c, 0x65, 0x78, 0x20, 0x52, 0x69, 0x76, 0x65, 0x72, 0x61, 0x22, 0x29, 0x2c, 0x20, 0x6e, 0x61
  .byte 0x6d, 0x65, 0x20, 0x22, 0x41, 0x6c, 0x65, 0x78, 0x20, 0x52, 0x69, 0x76, 0x65, 0x72, 0x61, 0x22
  .byte 0x2c, 0x20, 0x72, 0x6f, 0x6c, 0x65, 0x20, 0x22, 0x53, 0x74, 0x61, 0x66, 0x66, 0x20, 0x45, 0x6e
  .byte 0x67, 0x69, 0x6e, 0x65, 0x65, 0x72, 0x20, 0x61, 0x74, 0x20, 0x56, 0x65, 0x72, 0x63, 0x65, 0x6c
  .byte 0x22, 0x0a, 0x32, 0x34, 0x2e, 0x20, 0x45, 0x6d, 0x61, 0x69, 0x6c, 0x44, 0x69, 0x76, 0x69, 0x64
  .byte 0x65, 0x72, 0x0a, 0x32, 0x35, 0x2e, 0x20, 0x45, 0x6d, 0x61, 0x69, 0x6c, 0x43, 0x75, 0x73, 0x74
  .byte 0x6f, 0x6d, 0x65, 0x72, 0x52, 0x65, 0x76, 0x69, 0x65, 0x77, 0x20, 0x74, 0x69, 0x74, 0x6c, 0x65
  .byte 0x64, 0x20, 0x22, 0x4c, 0x6f, 0x76, 0x65, 0x64, 0x20, 0x62, 0x79, 0x20, 0x64, 0x65, 0x76, 0x65
  .byte 0x6c, 0x6f, 0x70, 0x65, 0x72, 0x73, 0x22, 0x20, 0x77, 0x69, 0x74, 0x68, 0x20, 0x74, 0x6f, 0x74
  .byte 0x61, 0x6c, 0x52, 0x65, 0x76, 0x69, 0x65, 0x77, 0x73, 0x20, 0x32, 0x38, 0x30, 0x30, 0x2c, 0x20
  .byte 0x72, 0x61, 0x74, 0x69, 0x6e, 0x67, 0x35, 0x3a, 0x20, 0x32, 0x32, 0x34, 0x30, 0x2c, 0x20, 0x72
  .byte 0x61, 0x74, 0x69, 0x6e, 0x67, 0x34, 0x3a, 0x20, 0x33, 0x39, 0x32, 0x2c, 0x20, 0x72, 0x61, 0x74
  .byte 0x69, 0x6e, 0x67, 0x33, 0x3a, 0x20, 0x31, 0x31, 0x32, 0x2c, 0x20, 0x72, 0x61, 0x74, 0x69, 0x6e
  .byte 0x67, 0x32, 0x3a, 0x20, 0x32, 0x38, 0x2c, 0x20, 0x72, 0x61, 0x74, 0x69, 0x6e, 0x67, 0x31, 0x3a
  .byte 0x20, 0x32, 0x38, 0x2c, 0x20, 0x62, 0x75, 0x74, 0x74, 0x6f, 0x6e, 0x20, 0x22, 0x4c, 0x65, 0x61
  .byte 0x76, 0x65, 0x20, 0x61, 0x20, 0x52, 0x65, 0x76, 0x69, 0x65, 0x77, 0x22, 0x2c, 0x20, 0x68, 0x72
  .byte 0x65, 0x66, 0x20, 0x68, 0x74, 0x74, 0x70, 0x73, 0x3a, 0x2f, 0x2f, 0x67, 0x69, 0x74, 0x68, 0x75
  .byte 0x62, 0x2e, 0x63, 0x6f, 0x6d, 0x2f, 0x74, 0x68, 0x65, 0x73, 0x79, 0x73, 0x64, 0x65, 0x76, 0x2f
  .byte 0x6f, 0x70, 0x65, 0x6e, 0x75, 0x69, 0x2c, 0x20, 0x63, 0x6f, 0x6c, 0x6f, 0x72, 0x20, 0x23, 0x35
  .byte 0x30, 0x44, 0x34, 0x45, 0x32, 0x0a, 0x32, 0x37, 0x2e, 0x20, 0x45, 0x6d, 0x61, 0x69, 0x6c, 0x53
  .byte 0x75, 0x72, 0x76, 0x65, 0x79, 0x52, 0x61, 0x74, 0x69, 0x6e, 0x67, 0x20, 0x77, 0x69, 0x74, 0x68
  .byte 0x20, 0x71, 0x75, 0x65, 0x73, 0x74, 0x69, 0x6f, 0x6e, 0x20, 0x22, 0x48, 0x6f, 0x77, 0x20, 0x77
  .byte 0x61, 0x73, 0x20, 0x79, 0x6f, 0x75, 0x72, 0x20, 0x65, 0x78, 0x70, 0x65, 0x72, 0x69, 0x65, 0x6e
  .byte 0x63, 0x65, 0x20, 0x77, 0x69, 0x74, 0x68, 0x20, 0x4f, 0x70, 0x65, 0x6e, 0x55, 0x49, 0x3f, 0x22
  .byte 0x20, 0x61, 0x6e, 0x64, 0x20, 0x64, 0x65, 0x73, 0x63, 0x72, 0x69, 0x70, 0x74, 0x69, 0x6f, 0x6e
  .byte 0x20, 0x22, 0x59, 0x6f, 0x75, 0x72, 0x20, 0x66, 0x65, 0x65, 0x64, 0x62, 0x61, 0x63, 0x6b, 0x20
  .byte 0x68, 0x65, 0x6c, 0x70, 0x73, 0x20, 0x75, 0x73, 0x20, 0x62, 0x75, 0x69, 0x6c, 0x64, 0x20, 0x61
  .byte 0x20, 0x62, 0x65, 0x74, 0x74, 0x65, 0x72, 0x20, 0x64, 0x65, 0x76, 0x65, 0x6c, 0x6f, 0x70, 0x65
  .byte 0x72, 0x20, 0x74, 0x6f, 0x6f, 0x6c, 0x2e, 0x22, 0x20, 0x61, 0x6e, 0x64, 0x20, 0x63, 0x6f, 0x6c
  .byte 0x6f, 0x72, 0x20, 0x23, 0x35, 0x30, 0x44, 0x34, 0x45, 0x32, 0x0a, 0x33, 0x31, 0x2e, 0x20, 0x45
  .byte 0x6d, 0x61, 0x69, 0x6c, 0x44, 0x69, 0x76, 0x69, 0x64, 0x65, 0x72, 0x0a, 0x33, 0x32, 0x2e, 0x20
  .byte 0x45, 0x6d, 0x61, 0x69, 0x6c, 0x46, 0x6f, 0x6f, 0x74, 0x65, 0x72, 0x43, 0x65, 0x6e, 0x74, 0x65
  .byte 0x72, 0x65, 0x64, 0x20, 0x77, 0x69, 0x74, 0x68, 0x20, 0x6c, 0x6f, 0x67, 0x6f, 0x20, 0x28, 0x68
  .byte 0x74, 0x74, 0x70, 0x73, 0x3a, 0x2f, 0x2f, 0x77, 0x77, 0x77, 0x2e, 0x6f, 0x70, 0x65, 0x6e, 0x75
  .byte 0x69, 0x2e, 0x63, 0x6f, 0x6d, 0x2f, 0x66, 0x61, 0x76, 0x69, 0x63, 0x6f, 0x6e, 0x2e, 0x73, 0x76
  .byte 0x67, 0x2c, 0x20, 0x22, 0x4f, 0x70, 0x65, 0x6e, 0x55, 0x49, 0x22, 0x29, 0x2c, 0x20, 0x63, 0x6f
  .byte 0x6d, 0x70, 0x61, 0x6e, 0x79, 0x20, 0x22, 0x4f, 0x70, 0x65, 0x6e, 0x55, 0x49, 0x22, 0x2c, 0x20
  .byte 0x74, 0x61, 0x67, 0x6c, 0x69, 0x6e, 0x65, 0x20, 0x22, 0x54, 0x68, 0x65, 0x20, 0x6f, 0x70, 0x65
  .byte 0x6e, 0x20, 0x73, 0x74, 0x61, 0x6e, 0x64, 0x61, 0x72, 0x64, 0x20, 0x66, 0x6f, 0x72, 0x20, 0x47
  .byte 0x65, 0x6e, 0x65, 0x72, 0x61, 0x74, 0x69, 0x76, 0x65, 0x20, 0x55, 0x49, 0x22, 0x2c, 0x20, 0x61
  .byte 0x64, 0x64, 0x72, 0x65, 0x73, 0x73, 0x20, 0x22, 0x42, 0x75, 0x69, 0x6c, 0x74, 0x20, 0x62, 0x79
  .byte 0x20, 0x54, 0x68, 0x65, 0x73, 0x79, 0x73, 0x20, 0xc2, 0xb7, 0x20, 0x53, 0x61, 0x6e, 0x20, 0x46
  .byte 0x72, 0x61, 0x6e, 0x63, 0x69, 0x73, 0x63, 0x6f, 0x2c, 0x20, 0x43, 0x41, 0x22, 0x2c, 0x20, 0x63
  .byte 0x6f, 0x6e, 0x74, 0x61, 0x63, 0x74, 0x20, 0x22, 0x68, 0x65, 0x6c, 0x6c, 0x6f, 0x40, 0x6f, 0x70
  .byte 0x65, 0x6e, 0x75, 0x69, 0x2e, 0x63, 0x6f, 0x6d, 0x22, 0x2c, 0x20, 0x61, 0x6e, 0x64, 0x20, 0x33
  .byte 0x20, 0x73, 0x6f, 0x63, 0x69, 0x61, 0x6c, 0x20, 0x69, 0x63, 0x6f, 0x6e, 0x73, 0x3a, 0x0a, 0x20
  .byte 0x20, 0x20, 0x20, 0x2d, 0x20, 0x28, 0x68, 0x74, 0x74, 0x70, 0x73, 0x3a, 0x2f, 0x2f, 0x72, 0x65
  .byte 0x61, 0x63, 0x74, 0x2e, 0x65, 0x6d, 0x61, 0x69, 0x6c, 0x2f, 0x73, 0x74, 0x61, 0x74, 0x69, 0x63
  .byte 0x2f, 0x66, 0x61, 0x63, 0x65, 0x62, 0x6f, 0x6f, 0x6b, 0x2d, 0x6c, 0x6f, 0x67, 0x6f, 0x2e, 0x70
  .byte 0x6e, 0x67, 0x2c, 0x20, 0x22, 0x46, 0x61, 0x63, 0x65, 0x62, 0x6f, 0x6f, 0x6b, 0x22, 0x2c, 0x20
  .byte 0x68, 0x74, 0x74, 0x70, 0x73, 0x3a, 0x2f, 0x2f, 0x66, 0x61, 0x63, 0x65, 0x62, 0x6f, 0x6f, 0x6b
  .byte 0x2e, 0x63, 0x6f, 0x6d, 0x2f, 0x6f, 0x70, 0x65, 0x6e, 0x75, 0x69, 0x29, 0x0a, 0x20, 0x20, 0x20
  .byte 0x20, 0x2d, 0x20, 0x28, 0x68, 0x74, 0x74, 0x70, 0x73, 0x3a, 0x2f, 0x2f, 0x72, 0x65, 0x61, 0x63
  .byte 0x74, 0x2e, 0x65, 0x6d, 0x61, 0x69, 0x6c, 0x2f, 0x73, 0x74, 0x61, 0x74, 0x69, 0x63, 0x2f, 0x78
  .byte 0x2d, 0x6c, 0x6f, 0x67, 0x6f, 0x2e, 0x70, 0x6e, 0x67, 0x2c, 0x20, 0x22, 0x58, 0x22, 0x2c, 0x20
  .byte 0x68, 0x74, 0x74, 0x70, 0x73, 0x3a, 0x2f, 0x2f, 0x78, 0x2e, 0x63, 0x6f, 0x6d, 0x2f, 0x74, 0x68
  .byte 0x65, 0x73, 0x61, 0x62, 0x6f, 0x72, 0x61, 0x74, 0x6f, 0x72, 0x69, 0x6f, 0x29, 0x0a, 0x20, 0x20
  .byte 0x20, 0x20, 0x2d, 0x20, 0x28, 0x68, 0x74, 0x74, 0x70, 0x73, 0x3a, 0x2f, 0x2f, 0x72, 0x65, 0x61
  .byte 0x63, 0x74, 0x2e, 0x65, 0x6d, 0x61, 0x69, 0x6c, 0x2f, 0x73, 0x74, 0x61, 0x74, 0x69, 0x63, 0x2f
  .byte 0x69, 0x6e, 0x73, 0x74, 0x61, 0x67, 0x72, 0x61, 0x6d, 0x2d, 0x6c, 0x6f, 0x67, 0x6f, 0x2e, 0x70
  .byte 0x6e, 0x67, 0x2c, 0x20, 0x22, 0x49, 0x6e, 0x73, 0x74, 0x61, 0x67, 0x72, 0x61, 0x6d, 0x22, 0x2c
  .byte 0x20, 0x68, 0x74, 0x74, 0x70, 0x73, 0x3a, 0x2f, 0x2f, 0x69, 0x6e, 0x73, 0x74, 0x61, 0x67, 0x72
  .byte 0x61, 0x6d, 0x2e, 0x63, 0x6f, 0x6d, 0x2f, 0x6f, 0x70, 0x65, 0x6e, 0x75, 0x69, 0x29, 0x60, 0x2c
  .byte 0x0a, 0x20, 0x20, 0x7d, 0x2c, 0x0a, 0x20, 0x20, 0x7b, 0x0a, 0x20, 0x20, 0x20, 0x20, 0x69, 0x63
  .byte 0x6f, 0x6e, 0x3a, 0x20, 0x22, 0x5c, 0x75, 0x44, 0x38, 0x33, 0x44, 0x5c, 0x75, 0x44, 0x45, 0x44
  .byte 0x32, 0x22, 0x2c, 0x0a, 0x20, 0x20, 0x20, 0x20, 0x69, 0x63, 0x6f, 0x6e, 0x42, 0x67, 0x3a, 0x20
  .byte 0x22, 0x23, 0x32, 0x65, 0x31, 0x61, 0x31, 0x65, 0x22, 0x2c, 0x0a, 0x20, 0x20, 0x20, 0x20, 0x64
  .byte 0x69, 0x73, 0x70, 0x6c, 0x61, 0x79, 0x54, 0x65, 0x78, 0x74, 0x3a, 0x20, 0x22, 0x41, 0x62, 0x61
  .byte 0x6e, 0x64, 0x6f, 0x6e, 0x65, 0x64, 0x20, 0x63, 0x61, 0x72, 0x74, 0x20, 0x72, 0x65, 0x6d, 0x69
  .byte 0x6e, 0x64, 0x65, 0x72, 0x22, 0x2c, 0x0a, 0x20, 0x20, 0x20, 0x20, 0x70, 0x72, 0x6f, 0x6d, 0x70
  .byte 0x74, 0x3a, 0x20, 0x60, 0x43, 0x72, 0x65, 0x61, 0x74, 0x65, 0x20, 0x61, 0x20, 0x62, 0x65, 0x61
  .byte 0x75, 0x74, 0x69, 0x66, 0x75, 0x6c, 0x20, 0x61, 0x62, 0x61, 0x6e, 0x64, 0x6f, 0x6e, 0x65, 0x64
  .byte 0x20, 0x63, 0x61, 0x72, 0x74, 0x20, 0x65, 0x6d, 0x61, 0x69, 0x6c, 0x20, 0x66, 0x6f, 0x72, 0x20
  .byte 0x61, 0x20, 0x70, 0x72, 0x65, 0x6d, 0x69, 0x75, 0x6d, 0x20, 0x65, 0x2d, 0x63, 0x6f, 0x6d, 0x6d
  .byte 0x65, 0x72, 0x63, 0x65, 0x20, 0x62, 0x72, 0x61, 0x6e, 0x64, 0x20, 0x63, 0x61, 0x6c, 0x6c, 0x65
  .byte 0x64, 0x20, 0x22, 0x4c, 0x75, 0x6d, 0x69, 0xc3, 0xa8, 0x72, 0x65, 0x22, 0x2e, 0x20, 0x55, 0x73
  .byte 0x65, 0x20, 0x77, 0x61, 0x72, 0x6d, 0x20, 0x67, 0x6f, 0x6c, 0x64, 0x20, 0x28, 0x23, 0x44, 0x34
  .byte 0x41, 0x35, 0x37, 0x34, 0x29, 0x20, 0x61, 0x73, 0x20, 0x74, 0x68, 0x65, 0x20, 0x61, 0x63, 0x63
  .byte 0x65, 0x6e, 0x74, 0x20, 0x63, 0x6f, 0x6c, 0x6f, 0x72, 0x2e, 0x20, 0x4d, 0x61, 0x6b, 0x65, 0x20
  .byte 0x69, 0x74, 0x20, 0x65, 0x6c, 0x65, 0x67, 0x61, 0x6e, 0x74, 0x2c, 0x20, 0x70, 0x72, 0x6f, 0x64
  .byte 0x75, 0x63, 0x74, 0x2d, 0x66, 0x6f, 0x63, 0x75, 0x73, 0x65, 0x64, 0x2c, 0x20, 0x61, 0x6e, 0x64
  .byte 0x20, 0x70, 0x65, 0x72, 0x73, 0x75, 0x61, 0x73, 0x69, 0x76, 0x65, 0x2e, 0x0a, 0x0a, 0x49, 0x6e
  .byte 0x63, 0x6c, 0x75, 0x64, 0x65, 0x20, 0x74, 0x68, 0x65, 0x73, 0x65, 0x20, 0x73, 0x65, 0x63, 0x74
  .byte 0x69, 0x6f, 0x6e, 0x73, 0x20, 0x69, 0x6e, 0x20, 0x6f, 0x72, 0x64, 0x65, 0x72, 0x3a, 0x0a, 0x0a
  .byte 0x31, 0x2e, 0x20, 0x45, 0x6d, 0x61, 0x69, 0x6c, 0x48, 0x65, 0x61, 0x64, 0x65, 0x72, 0x53, 0x69
  .byte 0x64, 0x65, 0x4e, 0x61, 0x76, 0x20, 0x77, 0x69, 0x74, 0x68, 0x20, 0x6c, 0x6f, 0x67, 0x6f, 0x20
  .byte 0x28, 0x68, 0x74, 0x74, 0x70, 0x73, 0x3a, 0x2f, 0x2f, 0x70, 0x69, 0x63, 0x73, 0x75, 0x6d, 0x2e
  .byte 0x70, 0x68, 0x6f, 0x74, 0x6f, 0x73, 0x2f, 0x73, 0x65, 0x65, 0x64, 0x2f, 0x6c, 0x75, 0x6d, 0x69
  .byte 0x65, 0x72, 0x65, 0x2d, 0x6c, 0x6f, 0x67, 0x6f, 0x2f, 0x31, 0x35, 0x30, 0x2f, 0x34, 0x32, 0x2c
  .byte 0x20, 0x22, 0x4c, 0x75, 0x6d, 0x69, 0xc3, 0xa8, 0x72, 0x65, 0x22, 0x2c, 0x20, 0x68, 0x65, 0x69
  .byte 0x67, 0x68, 0x74, 0x20, 0x34, 0x32, 0x29, 0x20, 0x61, 0x6e, 0x64, 0x20, 0x33, 0x20, 0x6e, 0x61
  .byte 0x76, 0x20, 0x6c, 0x69, 0x6e, 0x6b, 0x73, 0x3a, 0x20, 0x22, 0x4e, 0x65, 0x77, 0x20, 0x41, 0x72
  .byte 0x72, 0x69, 0x76, 0x61, 0x6c, 0x73, 0x22, 0x2c, 0x20, 0x22, 0x42, 0x65, 0x73, 0x74, 0x73, 0x65
  .byte 0x6c, 0x6c, 0x65, 0x72, 0x73, 0x22, 0x2c, 0x20, 0x22, 0x53, 0x61, 0x6c, 0x65, 0x22, 0x0a, 0x32
  .byte 0x2e, 0x20, 0x45, 0x6d, 0x61, 0x69, 0x6c, 0x44, 0x69, 0x76, 0x69, 0x64, 0x65, 0x72, 0x0a, 0x33
  .byte 0x2e, 0x20, 0x45, 0x6d, 0x61, 0x69, 0x6c, 0x48, 0x65, 0x61, 0x64, 0x69, 0x6e, 0x67, 0x20, 0x22
  .byte 0x59, 0x6f, 0x75, 0x20, 0x6c, 0x65, 0x66, 0x74, 0x20, 0x73, 0x6f, 0x6d, 0x65, 0x74, 0x68, 0x69
  .byte 0x6e, 0x67, 0x20, 0x62, 0x65, 0x61, 0x75, 0x74, 0x69, 0x66, 0x75, 0x6c, 0x20, 0x62, 0x65, 0x68
  .byte 0x69, 0x6e, 0x64, 0x22, 0x20, 0x28, 0x6c, 0x65, 0x76, 0x65, 0x6c, 0x20, 0x31, 0x29, 0x0a, 0x34
  .byte 0x2e, 0x20, 0x45, 0x6d, 0x61, 0x69, 0x6c, 0x54, 0x65, 0x78, 0x74, 0x20, 0x22, 0x48, 0x69, 0x20
  .byte 0x74, 0x68, 0x65, 0x72, 0x65, 0x20, 0xe2, 0x80, 0x94, 0x20, 0x79, 0x6f, 0x75, 0x72, 0x20, 0x63
  .byte 0x61, 0x72, 0x74, 0x20, 0x69, 0x73, 0x20, 0x77, 0x61, 0x69, 0x74, 0x69, 0x6e, 0x67, 0x2e, 0x20
  .byte 0x54, 0x68, 0x65, 0x73, 0x65, 0x20, 0x68, 0x61, 0x6e, 0x64, 0x63, 0x72, 0x61, 0x66, 0x74, 0x65
  .byte 0x64, 0x20, 0x70, 0x69, 0x65, 0x63, 0x65, 0x73, 0x20, 0x77, 0x6f, 0x6e, 0x27, 0x74, 0x20, 0x62
  .byte 0x65, 0x20, 0x61, 0x76, 0x61, 0x69, 0x6c, 0x61, 0x62, 0x6c, 0x65, 0x20, 0x66, 0x6f, 0x72, 0x65
  .byte 0x76, 0x65, 0x72, 0x2e, 0x20, 0x43, 0x6f, 0x6d, 0x70, 0x6c, 0x65, 0x74, 0x65, 0x20, 0x79, 0x6f
  .byte 0x75, 0x72, 0x20, 0x6f, 0x72, 0x64, 0x65, 0x72, 0x20, 0x62, 0x65, 0x66, 0x6f, 0x72, 0x65, 0x20
  .byte 0x74, 0x68, 0x65, 0x79, 0x27, 0x72, 0x65, 0x20, 0x67, 0x6f, 0x6e, 0x65, 0x2e, 0x22, 0x0a, 0x35
  .byte 0x2e, 0x20, 0x45, 0x6d, 0x61, 0x69, 0x6c, 0x44, 0x69, 0x76, 0x69, 0x64, 0x65, 0x72, 0x0a, 0x36
  .byte 0x2e, 0x20, 0x45, 0x6d, 0x61, 0x69, 0x6c, 0x43, 0x68, 0x65, 0x63, 0x6b, 0x6f, 0x75, 0x74, 0x54
  .byte 0x61, 0x62, 0x6c, 0x65, 0x20, 0x74, 0x69, 0x74, 0x6c, 0x65, 0x64, 0x20, 0x22, 0x59, 0x6f, 0x75
  .byte 0x72, 0x20, 0x43, 0x61, 0x72, 0x74, 0x22, 0x20, 0x77, 0x69, 0x74, 0x68, 0x20, 0x33, 0x20, 0x69
  .byte 0x74, 0x65, 0x6d, 0x73, 0x20, 0x61, 0x6e, 0x64, 0x20, 0x62, 0x75, 0x74, 0x74, 0x6f, 0x6e, 0x20
  .byte 0x22, 0x43, 0x6f, 0x6d, 0x70, 0x6c, 0x65, 0x74, 0x65, 0x20, 0x59, 0x6f, 0x75, 0x72, 0x20, 0x4f
  .byte 0x72, 0x64, 0x65, 0x72, 0x22, 0x20, 0x77, 0x69, 0x74, 0x68, 0x20, 0x68, 0x72, 0x65, 0x66, 0x20
  .byte 0x68, 0x74, 0x74, 0x70, 0x73, 0x3a, 0x2f, 0x2f, 0x6c, 0x75, 0x6d, 0x69, 0x65, 0x72, 0x65, 0x2e
  .byte 0x63, 0x6f, 0x6d, 0x2f, 0x63, 0x61, 0x72, 0x74, 0x20, 0x61, 0x6e, 0x64, 0x20, 0x63, 0x6f, 0x6c
  .byte 0x6f, 0x72, 0x20, 0x23, 0x44, 0x34, 0x41, 0x35, 0x37, 0x34, 0x3a, 0x0a, 0x20, 0x20, 0x20, 0x2d
  .byte 0x20, 0x28, 0x68, 0x74, 0x74, 0x70, 0x73, 0x3a, 0x2f, 0x2f, 0x69, 0x6d, 0x61, 0x67, 0x65, 0x73
  .byte 0x2e, 0x75, 0x6e, 0x73, 0x70, 0x6c, 0x61, 0x73, 0x68, 0x2e, 0x63, 0x6f, 0x6d, 0x2f, 0x70, 0x68
  .byte 0x6f, 0x74, 0x6f, 0x2d, 0x31, 0x35, 0x32, 0x34, 0x35, 0x39, 0x32, 0x30, 0x39, 0x34, 0x37, 0x31
  .byte 0x34, 0x2d, 0x30, 0x66, 0x30, 0x36, 0x35, 0x34, 0x65, 0x32, 0x30, 0x33, 0x31, 0x34, 0x3f, 0x77
  .byte 0x3d, 0x31, 0x30, 0x30, 0x26, 0x68, 0x3d, 0x31, 0x30, 0x30, 0x26, 0x66, 0x69, 0x74, 0x3d, 0x63
  .byte 0x72, 0x6f, 0x70, 0x2c, 0x20, 0x22, 0x47, 0x6f, 0x6c, 0x64, 0x20, 0x57, 0x61, 0x74, 0x63, 0x68
  .byte 0x22, 0x2c, 0x20, 0x22, 0x41, 0x72, 0x74, 0x69, 0x73, 0x61, 0x6e, 0x20, 0x47, 0x6f, 0x6c, 0x64
  .byte 0x20, 0x57, 0x61, 0x74, 0x63, 0x68, 0x22, 0x2c, 0x20, 0x31, 0x2c, 0x20, 0x22, 0x24, 0x34, 0x32
  .byte 0x30, 0x2e, 0x30, 0x30, 0x22, 0x29, 0x0a, 0x20, 0x20, 0x20, 0x2d, 0x20, 0x28, 0x68, 0x74, 0x74
  .byte 0x70, 0x73, 0x3a, 0x2f, 0x2f, 0x69, 0x6d, 0x61, 0x67, 0x65, 0x73, 0x2e, 0x75, 0x6e, 0x73, 0x70
  .byte 0x6c, 0x61, 0x73, 0x68, 0x2e, 0x63, 0x6f, 0x6d, 0x2f, 0x70, 0x68, 0x6f, 0x74, 0x6f, 0x2d, 0x31
  .byte 0x35, 0x34, 0x38, 0x30, 0x33, 0x36, 0x33, 0x32, 0x38, 0x2d, 0x63, 0x39, 0x66, 0x61, 0x38, 0x39
  .byte 0x64, 0x31, 0x32, 0x38, 0x66, 0x61, 0x3f, 0x77, 0x3d, 0x31, 0x30, 0x30, 0x26, 0x68, 0x3d, 0x31
  .byte 0x30, 0x30, 0x26, 0x66, 0x69, 0x74, 0x3d, 0x63, 0x72, 0x6f, 0x70, 0x2c, 0x20, 0x22, 0x4c, 0x65
  .byte 0x61, 0x74, 0x68, 0x65, 0x72, 0x20, 0x42, 0x61, 0x67, 0x22, 0x2c, 0x20, 0x22, 0x49, 0x74, 0x61
  .byte 0x6c, 0x69, 0x61, 0x6e, 0x20, 0x4c, 0x65, 0x61, 0x74, 0x68, 0x65, 0x72, 0x20, 0x54, 0x6f, 0x74
  .byte 0x65, 0x22, 0x2c, 0x20, 0x31, 0x2c, 0x20, 0x22, 0x24, 0x32, 0x38, 0x35, 0x2e, 0x30, 0x30, 0x22
  .byte 0x29, 0x0a, 0x20, 0x20, 0x20, 0x2d, 0x20, 0x28, 0x68, 0x74, 0x74, 0x70, 0x73, 0x3a, 0x2f, 0x2f
  .byte 0x69, 0x6d, 0x61, 0x67, 0x65, 0x73, 0x2e, 0x75, 0x6e, 0x73, 0x70, 0x6c, 0x61, 0x73, 0x68, 0x2e
  .byte 0x63, 0x6f, 0x6d, 0x2f, 0x70, 0x68, 0x6f, 0x74, 0x6f, 0x2d, 0x31, 0x36, 0x30, 0x36, 0x37, 0x36
  .byte 0x30, 0x32, 0x32, 0x37, 0x30, 0x39, 0x31, 0x2d, 0x33, 0x64, 0x64, 0x38, 0x37, 0x30, 0x64, 0x39
  .byte 0x37, 0x66, 0x31, 0x64, 0x3f, 0x77, 0x3d, 0x31, 0x30, 0x30, 0x26, 0x68, 0x3d, 0x31, 0x30, 0x30
  .byte 0x26, 0x66, 0x69, 0x74, 0x3d, 0x63, 0x72, 0x6f, 0x70, 0x2c, 0x20, 0x22, 0x53, 0x69, 0x6c, 0x6b
  .byte 0x20, 0x53, 0x63, 0x61, 0x72, 0x66, 0x22, 0x2c, 0x20, 0x22, 0x48, 0x61, 0x6e, 0x64, 0x2d, 0x70
  .byte 0x61, 0x69, 0x6e, 0x74, 0x65, 0x64, 0x20, 0x53, 0x69, 0x6c, 0x6b, 0x20, 0x53, 0x63, 0x61, 0x72
  .byte 0x66, 0x22, 0x2c, 0x20, 0x32, 0x2c, 0x20, 0x22, 0x24, 0x39, 0x35, 0x2e, 0x30, 0x30, 0x22, 0x29
  .byte 0x0a, 0x37, 0x2e, 0x20, 0x45, 0x6d, 0x61, 0x69, 0x6c, 0x44, 0x69, 0x76, 0x69, 0x64, 0x65, 0x72
  .byte 0x0a, 0x38, 0x2e, 0x20, 0x45, 0x6d, 0x61, 0x69, 0x6c, 0x50, 0x72, 0x6f, 0x64, 0x75, 0x63, 0x74
  .byte 0x43, 0x61, 0x72, 0x64, 0x20, 0x77, 0x69, 0x74, 0x68, 0x20, 0x69, 0x6d, 0x61, 0x67, 0x65, 0x20
  .byte 0x28, 0x68, 0x74, 0x74, 0x70, 0x73, 0x3a, 0x2f, 0x2f, 0x69, 0x6d, 0x61, 0x67, 0x65, 0x73, 0x2e
  .byte 0x75, 0x6e, 0x73, 0x70, 0x6c, 0x61, 0x73, 0x68, 0x2e, 0x63, 0x6f, 0x6d, 0x2f, 0x70, 0x68, 0x6f
  .byte 0x74, 0x6f, 0x2d, 0x31, 0x35, 0x32, 0x34, 0x35, 0x39, 0x32, 0x30, 0x39, 0x34, 0x37, 0x31, 0x34
  .byte 0x2d, 0x30, 0x66, 0x30, 0x36, 0x35, 0x34, 0x65, 0x32, 0x30, 0x33, 0x31, 0x34, 0x3f, 0x77, 0x3d
  .byte 0x36, 0x30, 0x30, 0x26, 0x68, 0x3d, 0x33, 0x32, 0x30, 0x26, 0x66, 0x69, 0x74, 0x3d, 0x63, 0x72
  .byte 0x6f, 0x70, 0x2c, 0x20, 0x22, 0x41, 0x72, 0x74, 0x69, 0x73, 0x61, 0x6e, 0x20, 0x47, 0x6f, 0x6c
  .byte 0x64, 0x20, 0x57, 0x61, 0x74, 0x63, 0x68, 0x22, 0x29, 0x2c, 0x20, 0x63, 0x61, 0x74, 0x65, 0x67
  .byte 0x6f, 0x72, 0x79, 0x20, 0x22, 0x42, 0x45, 0x53, 0x54, 0x53, 0x45, 0x4c, 0x4c, 0x45, 0x52, 0x22
  .byte 0x2c, 0x20, 0x74, 0x69, 0x74, 0x6c, 0x65, 0x20, 0x22, 0x41, 0x72, 0x74, 0x69, 0x73, 0x61, 0x6e
  .byte 0x20, 0x47, 0x6f, 0x6c, 0x64, 0x20, 0x57, 0x61, 0x74, 0x63, 0x68, 0x22, 0x2c, 0x20, 0x64, 0x65
  .byte 0x73, 0x63, 0x72, 0x69, 0x70, 0x74, 0x69, 0x6f, 0x6e, 0x20, 0x22, 0x48, 0x61, 0x6e, 0x64, 0x2d
  .byte 0x61, 0x73, 0x73, 0x65, 0x6d, 0x62, 0x6c, 0x65, 0x64, 0x20, 0x69, 0x6e, 0x20, 0x6f, 0x75, 0x72
  .byte 0x20, 0x47, 0x65, 0x6e, 0x65, 0x76, 0x61, 0x20, 0x61, 0x74, 0x65, 0x6c, 0x69, 0x65, 0x72, 0x2e
  .byte 0x20, 0x53, 0x77, 0x69, 0x73, 0x73, 0x20, 0x6d, 0x6f, 0x76, 0x65, 0x6d, 0x65, 0x6e, 0x74, 0x2c
  .byte 0x20, 0x73, 0x61, 0x70, 0x70, 0x68, 0x69, 0x72, 0x65, 0x20, 0x63, 0x72, 0x79, 0x73, 0x74, 0x61
  .byte 0x6c, 0x2c, 0x20, 0x61, 0x6e, 0x64, 0x20, 0x61, 0x20, 0x35, 0x2d, 0x79, 0x65, 0x61, 0x72, 0x20
  .byte 0x77, 0x61, 0x72, 0x72, 0x61, 0x6e, 0x74, 0x79, 0x2e, 0x20, 0x45, 0x61, 0x63, 0x68, 0x20, 0x70
  .byte 0x69, 0x65, 0x63, 0x65, 0x20, 0x69, 0x73, 0x20, 0x6e, 0x75, 0x6d, 0x62, 0x65, 0x72, 0x65, 0x64
  .byte 0x20, 0x61, 0x6e, 0x64, 0x20, 0x75, 0x6e, 0x69, 0x71, 0x75, 0x65, 0x2e, 0x22, 0x2c, 0x20, 0x70
  .byte 0x72, 0x69, 0x63, 0x65, 0x20, 0x22, 0x24, 0x34, 0x32, 0x30, 0x2e, 0x30, 0x30, 0x22, 0x2c, 0x20
  .byte 0x62, 0x75, 0x74, 0x74, 0x6f, 0x6e, 0x20, 0x22, 0x53, 0x68, 0x6f, 0x70, 0x20, 0x4e, 0x6f, 0x77
  .byte 0x22, 0x2c, 0x20, 0x68, 0x72, 0x65, 0x66, 0x20, 0x68, 0x74, 0x74, 0x70, 0x73, 0x3a, 0x2f, 0x2f
  .byte 0x6c, 0x75, 0x6d, 0x69, 0x65, 0x72, 0x65, 0x2e, 0x63, 0x6f, 0x6d, 0x2f, 0x70, 0x72, 0x6f, 0x64
  .byte 0x75, 0x63, 0x74, 0x73, 0x2f, 0x67, 0x6f, 0x6c, 0x64, 0x2d, 0x77, 0x61, 0x74, 0x63, 0x68, 0x2c
  .byte 0x20, 0x63, 0x6f, 0x6c, 0x6f, 0x72, 0x20, 0x23, 0x44, 0x34, 0x41, 0x35, 0x37, 0x34, 0x0a, 0x39
  .byte 0x2e, 0x20, 0x45, 0x6d, 0x61, 0x69, 0x6c, 0x44, 0x69, 0x76, 0x69, 0x64, 0x65, 0x72, 0x0a, 0x31
  .byte 0x30, 0x2e, 0x20, 0x45, 0x6d, 0x61, 0x69, 0x6c, 0x49, 0x6d, 0x61, 0x67, 0x65, 0x47, 0x72, 0x69
  .byte 0x64, 0x20, 0x74, 0x69, 0x74, 0x6c, 0x65, 0x64, 0x20, 0x22, 0x59, 0x6f, 0x75, 0x20, 0x6d, 0x69
  .byte 0x67, 0x68, 0x74, 0x20, 0x61, 0x6c, 0x73, 0x6f, 0x20, 0x6c, 0x6f, 0x76, 0x65, 0x22, 0x20, 0x77
  .byte 0x69, 0x74, 0x68, 0x20, 0x64, 0x65, 0x73, 0x63, 0x72, 0x69, 0x70, 0x74, 0x69, 0x6f, 0x6e, 0x20
  .byte 0x22, 0x43, 0x75, 0x72, 0x61, 0x74, 0x65, 0x64, 0x20, 0x70, 0x69, 0x63, 0x6b, 0x73, 0x20, 0x62
  .byte 0x61, 0x73, 0x65, 0x64, 0x20, 0x6f, 0x6e, 0x20, 0x79, 0x6f, 0x75, 0x72, 0x20, 0x73, 0x74, 0x79
  .byte 0x6c, 0x65, 0x2e, 0x22, 0x20, 0x61, 0x6e, 0x64, 0x20, 0x34, 0x20, 0x69, 0x6d, 0x61, 0x67, 0x65
  .byte 0x73, 0x3a, 0x0a, 0x20, 0x20, 0x20, 0x20, 0x2d, 0x20, 0x28, 0x68, 0x74, 0x74, 0x70, 0x73, 0x3a
  .byte 0x2f, 0x2f, 0x69, 0x6d, 0x61, 0x67, 0x65, 0x73, 0x2e, 0x75, 0x6e, 0x73, 0x70, 0x6c, 0x61, 0x73
  .byte 0x68, 0x2e, 0x63, 0x6f, 0x6d, 0x2f, 0x70, 0x68, 0x6f, 0x74, 0x6f, 0x2d, 0x31, 0x36, 0x31, 0x31
  .byte 0x35, 0x39, 0x31, 0x34, 0x33, 0x37, 0x32, 0x38, 0x31, 0x2d, 0x34, 0x36, 0x30, 0x62, 0x66, 0x62
  .byte 0x65, 0x31, 0x32, 0x32, 0x30, 0x61, 0x3f, 0x77, 0x3d, 0x33, 0x30, 0x30, 0x26, 0x68, 0x3d, 0x32
  .byte 0x38, 0x38, 0x26, 0x66, 0x69, 0x74, 0x3d, 0x63, 0x72, 0x6f, 0x70, 0x2c, 0x20, 0x22, 0x47, 0x6f
  .byte 0x6c, 0x64, 0x20, 0x42, 0x72, 0x61, 0x63, 0x65, 0x6c, 0x65, 0x74, 0x22, 0x29, 0x0a, 0x20, 0x20
  .byte 0x20, 0x20, 0x2d, 0x20, 0x28, 0x68, 0x74, 0x74, 0x70, 0x73, 0x3a, 0x2f, 0x2f, 0x69, 0x6d, 0x61
  .byte 0x67, 0x65, 0x73, 0x2e, 0x75, 0x6e, 0x73, 0x70, 0x6c, 0x61, 0x73, 0x68, 0x2e, 0x63, 0x6f, 0x6d
  .byte 0x2f, 0x70, 0x68, 0x6f, 0x74, 0x6f, 0x2d, 0x31, 0x35, 0x34, 0x31, 0x36, 0x34, 0x33, 0x36, 0x30
  .byte 0x30, 0x39, 0x31, 0x34, 0x2d, 0x37, 0x38, 0x62, 0x30, 0x38, 0x34, 0x36, 0x38, 0x33, 0x36, 0x30
  .byte 0x31, 0x3f, 0x77, 0x3d, 0x33, 0x30, 0x30, 0x26, 0x68, 0x3d, 0x32, 0x38, 0x38, 0x26, 0x66, 0x69
  .byte 0x74, 0x3d, 0x63, 0x72, 0x6f, 0x70, 0x2c, 0x20, 0x22, 0x53, 0x69, 0x67, 0x6e, 0x61, 0x74, 0x75
  .byte 0x72, 0x65, 0x20, 0x50, 0x65, 0x72, 0x66, 0x75, 0x6d, 0x65, 0x22, 0x29, 0x0a, 0x20, 0x20, 0x20
  .byte 0x20, 0x2d, 0x20, 0x28, 0x68, 0x74, 0x74, 0x70, 0x73, 0x3a, 0x2f, 0x2f, 0x69, 0x6d, 0x61, 0x67
  .byte 0x65, 0x73, 0x2e, 0x75, 0x6e, 0x73, 0x70, 0x6c, 0x61, 0x73, 0x68, 0x2e, 0x63, 0x6f, 0x6d, 0x2f
  .byte 0x70, 0x68, 0x6f, 0x74, 0x6f, 0x2d, 0x31, 0x35, 0x37, 0x32, 0x36, 0x33, 0x35, 0x31, 0x39, 0x36
  .byte 0x32, 0x33, 0x37, 0x2d, 0x31, 0x34, 0x62, 0x33, 0x66, 0x32, 0x38, 0x31, 0x35, 0x30, 0x33, 0x66
  .byte 0x3f, 0x77, 0x3d, 0x33, 0x30, 0x30, 0x26, 0x68, 0x3d, 0x32, 0x38, 0x38, 0x26, 0x66, 0x69, 0x74
  .byte 0x3d, 0x63, 0x72, 0x6f, 0x70, 0x2c, 0x20, 0x22, 0x44, 0x65, 0x73, 0x69, 0x67, 0x6e, 0x65, 0x72
  .byte 0x20, 0x53, 0x75, 0x6e, 0x67, 0x6c, 0x61, 0x73, 0x73, 0x65, 0x73, 0x22, 0x29, 0x0a, 0x20, 0x20
  .byte 0x20, 0x20, 0x2d, 0x20, 0x28, 0x68, 0x74, 0x74, 0x70, 0x73, 0x3a, 0x2f, 0x2f, 0x69, 0x6d, 0x61
  .byte 0x67, 0x65, 0x73, 0x2e, 0x75, 0x6e, 0x73, 0x70, 0x6c, 0x61, 0x73, 0x68, 0x2e, 0x63, 0x6f, 0x6d
  .byte 0x2f, 0x70, 0x68, 0x6f, 0x74, 0x6f, 0x2d, 0x31, 0x35, 0x33, 0x35, 0x36, 0x33, 0x32, 0x30, 0x36
  .byte 0x36, 0x39, 0x32, 0x37, 0x2d, 0x61, 0x62, 0x37, 0x63, 0x39, 0x61, 0x62, 0x36, 0x30, 0x39, 0x30
  .byte 0x38, 0x3f, 0x77, 0x3d, 0x33, 0x30, 0x30, 0x26, 0x68, 0x3d, 0x32, 0x38, 0x38, 0x26, 0x66, 0x69
  .byte 0x74, 0x3d, 0x63, 0x72, 0x6f, 0x70, 0x2c, 0x20, 0x22, 0x50, 0x65, 0x61, 0x72, 0x6c, 0x20, 0x45
  .byte 0x61, 0x72, 0x72, 0x69, 0x6e, 0x67, 0x73, 0x22, 0x29, 0x0a, 0x31, 0x31, 0x2e, 0x20, 0x45, 0x6d
  .byte 0x61, 0x69, 0x6c, 0x44, 0x69, 0x76, 0x69, 0x64, 0x65, 0x72, 0x0a, 0x31, 0x32, 0x2e, 0x20, 0x45
  .byte 0x6d, 0x61, 0x69, 0x6c, 0x54, 0x65, 0x73, 0x74, 0x69, 0x6d, 0x6f, 0x6e, 0x69, 0x61, 0x6c, 0x20
  .byte 0x77, 0x69, 0x74, 0x68, 0x20, 0x71, 0x75, 0x6f, 0x74, 0x65, 0x20, 0x22, 0x54, 0x68, 0x65, 0x20
  .byte 0x63, 0x72, 0x61, 0x66, 0x74, 0x73, 0x6d, 0x61, 0x6e, 0x73, 0x68, 0x69, 0x70, 0x20, 0x69, 0x73
  .byte 0x20, 0x65, 0x78, 0x63, 0x65, 0x70, 0x74, 0x69, 0x6f, 0x6e, 0x61, 0x6c, 0x2e, 0x20, 0x49, 0x27
  .byte 0x76, 0x65, 0x20, 0x72, 0x65, 0x63, 0x65, 0x69, 0x76, 0x65, 0x64, 0x20, 0x6d, 0x6f, 0x72, 0x65
  .byte 0x20, 0x63, 0x6f, 0x6d, 0x70, 0x6c, 0x69, 0x6d, 0x65, 0x6e, 0x74, 0x73, 0x20, 0x6f, 0x6e, 0x20
  .byte 0x6d, 0x79, 0x20, 0x4c, 0x75, 0x6d, 0x69, 0xc3, 0xa8, 0x72, 0x65, 0x20, 0x77, 0x61, 0x74, 0x63
  .byte 0x68, 0x20, 0x74, 0x68, 0x61, 0x6e, 0x20, 0x61, 0x6e, 0x79, 0x74, 0x68, 0x69, 0x6e, 0x67, 0x20
  .byte 0x49, 0x27, 0x76, 0x65, 0x20, 0x65, 0x76, 0x65, 0x72, 0x20, 0x6f, 0x77, 0x6e, 0x65, 0x64, 0x2e
  .byte 0x20, 0x57, 0x6f, 0x72, 0x74, 0x68, 0x20, 0x65, 0x76, 0x65, 0x72, 0x79, 0x20, 0x70, 0x65, 0x6e
  .byte 0x6e, 0x79, 0x2e, 0x22, 0x2c, 0x20, 0x61, 0x76, 0x61, 0x74, 0x61, 0x72, 0x20, 0x28, 0x68, 0x74
  .byte 0x74, 0x70, 0x73, 0x3a, 0x2f, 0x2f, 0x69, 0x6d, 0x61, 0x67, 0x65, 0x73, 0x2e, 0x75, 0x6e, 0x73
  .byte 0x70, 0x6c, 0x61, 0x73, 0x68, 0x2e, 0x63, 0x6f, 0x6d, 0x2f, 0x70, 0x68, 0x6f, 0x74, 0x6f, 0x2d
  .byte 0x31, 0x34, 0x39, 0x34, 0x37, 0x39, 0x30, 0x31, 0x30, 0x38, 0x33, 0x37, 0x37, 0x2d, 0x62, 0x65
  .byte 0x39, 0x63, 0x32, 0x39, 0x62, 0x32, 0x39, 0x33, 0x33, 0x30, 0x3f, 0x77, 0x3d, 0x31, 0x30, 0x30
  .byte 0x26, 0x68, 0x3d, 0x31, 0x30, 0x30, 0x26, 0x66, 0x69, 0x74, 0x3d, 0x63, 0x72, 0x6f, 0x70, 0x2c
  .byte 0x20, 0x22, 0x45, 0x6d, 0x6d, 0x61, 0x20, 0x4c, 0x61, 0x75, 0x72, 0x65, 0x6e, 0x74, 0x22, 0x29
  .byte 0x2c, 0x20, 0x6e, 0x61, 0x6d, 0x65, 0x20, 0x22, 0x45, 0x6d, 0x6d, 0x61, 0x20, 0x4c, 0x61, 0x75
  .byte 0x72, 0x65, 0x6e, 0x74, 0x22, 0x2c, 0x20, 0x72, 0x6f, 0x6c, 0x65, 0x20, 0x22, 0x56, 0x65, 0x72
  .byte 0x69, 0x66, 0x69, 0x65, 0x64, 0x20, 0x42, 0x75, 0x79, 0x65, 0x72, 0x20, 0xc2, 0xb7, 0x20, 0x50
  .byte 0x61, 0x72, 0x69, 0x73, 0x22, 0x0a, 0x31, 0x33, 0x2e, 0x20, 0x45, 0x6d, 0x61, 0x69, 0x6c, 0x44
  .byte 0x69, 0x76, 0x69, 0x64, 0x65, 0x72, 0x0a, 0x31, 0x34, 0x2e, 0x20, 0x45, 0x6d, 0x61, 0x69, 0x6c
  .byte 0x42, 0x75, 0x74, 0x74, 0x6f, 0x6e, 0x20, 0x22, 0x43, 0x6f, 0x6d, 0x70, 0x6c, 0x65, 0x74, 0x65
  .byte 0x20, 0x59, 0x6f, 0x75, 0x72, 0x20, 0x4f, 0x72, 0x64, 0x65, 0x72, 0x20, 0xe2, 0x80, 0x94, 0x20
  .byte 0x46, 0x72, 0x65, 0x65, 0x20, 0x53, 0x68, 0x69, 0x70, 0x70, 0x69, 0x6e, 0x67, 0x22, 0x20, 0x6c
  .byte 0x69, 0x6e, 0x6b, 0x69, 0x6e, 0x67, 0x20, 0x74, 0x6f, 0x20, 0x68, 0x74, 0x74, 0x70, 0x73, 0x3a
  .byte 0x2f, 0x2f, 0x6c, 0x75, 0x6d, 0x69, 0x65, 0x72, 0x65, 0x2e, 0x63, 0x6f, 0x6d, 0x2f, 0x63, 0x61
  .byte 0x72, 0x74, 0x20, 0x77, 0x69, 0x74, 0x68, 0x20, 0x63, 0x6f, 0x6c, 0x6f, 0x72, 0x20, 0x23, 0x44
  .byte 0x34, 0x41, 0x35, 0x37, 0x34, 0x0a, 0x31, 0x35, 0x2e, 0x20, 0x45, 0x6d, 0x61, 0x69, 0x6c, 0x44
  .byte 0x69, 0x76, 0x69, 0x64, 0x65, 0x72, 0x0a, 0x31, 0x36, 0x2e, 0x20, 0x45, 0x6d, 0x61, 0x69, 0x6c
  .byte 0x46, 0x6f, 0x6f, 0x74, 0x65, 0x72, 0x43, 0x65, 0x6e, 0x74, 0x65, 0x72, 0x65, 0x64, 0x20, 0x77
  .byte 0x69, 0x74, 0x68, 0x20, 0x6c, 0x6f, 0x67, 0x6f, 0x20, 0x28, 0x68, 0x74, 0x74, 0x70, 0x73, 0x3a
  .byte 0x2f, 0x2f, 0x70, 0x69, 0x63, 0x73, 0x75, 0x6d, 0x2e, 0x70, 0x68, 0x6f, 0x74, 0x6f, 0x73, 0x2f
  .byte 0x73, 0x65, 0x65, 0x64, 0x2f, 0x6c, 0x75, 0x6d, 0x69, 0x65, 0x72, 0x65, 0x2d, 0x69, 0x63, 0x6f
  .byte 0x6e, 0x2f, 0x34, 0x32, 0x2f, 0x34, 0x32, 0x2c, 0x20, 0x22, 0x4c, 0x75, 0x6d, 0x69, 0xc3, 0xa8
  .byte 0x72, 0x65, 0x22, 0x29, 0x2c, 0x20, 0x63, 0x6f, 0x6d, 0x70, 0x61, 0x6e, 0x79, 0x20, 0x22, 0x4c
  .byte 0x75, 0x6d, 0x69, 0xc3, 0xa8, 0x72, 0x65, 0x22, 0x2c, 0x20, 0x74, 0x61, 0x67, 0x6c, 0x69, 0x6e
  .byte 0x65, 0x20, 0x22, 0x43, 0x72, 0x61, 0x66, 0x74, 0x65, 0x64, 0x20, 0x77, 0x69, 0x74, 0x68, 0x20
  .byte 0x69, 0x6e, 0x74, 0x65, 0x6e, 0x74, 0x69, 0x6f, 0x6e, 0x22, 0x2c, 0x20, 0x61, 0x64, 0x64, 0x72
  .byte 0x65, 0x73, 0x73, 0x20, 0x22, 0x4c, 0x75, 0x6d, 0x69, 0xc3, 0xa8, 0x72, 0x65, 0x20, 0xc2, 0xb7
  .byte 0x20, 0x31, 0x32, 0x20, 0x52, 0x75, 0x65, 0x20, 0x64, 0x75, 0x20, 0x46, 0x61, 0x75, 0x62, 0x6f
  .byte 0x75, 0x72, 0x67, 0x20, 0x53, 0x61, 0x69, 0x6e, 0x74, 0x2d, 0x48, 0x6f, 0x6e, 0x6f, 0x72, 0xc3
  .byte 0xa9, 0x20, 0xc2, 0xb7, 0x20, 0x50, 0x61, 0x72, 0x69, 0x73, 0x2c, 0x20, 0x37, 0x35, 0x30, 0x30
  .byte 0x38, 0x22, 0x2c, 0x20, 0x63, 0x6f, 0x6e, 0x74, 0x61, 0x63, 0x74, 0x20, 0x22, 0x68, 0x65, 0x6c
  .byte 0x6c, 0x6f, 0x40, 0x6c, 0x75, 0x6d, 0x69, 0x65, 0x72, 0x65, 0x2e, 0x63, 0x6f, 0x6d, 0x22, 0x2c
  .byte 0x20, 0x61, 0x6e, 0x64, 0x20, 0x33, 0x20, 0x73, 0x6f, 0x63, 0x69, 0x61, 0x6c, 0x20, 0x69, 0x63
  .byte 0x6f, 0x6e, 0x73, 0x3a, 0x0a, 0x20, 0x20, 0x20, 0x20, 0x2d, 0x20, 0x28, 0x68, 0x74, 0x74, 0x70
  .byte 0x73, 0x3a, 0x2f, 0x2f, 0x72, 0x65, 0x61, 0x63, 0x74, 0x2e, 0x65, 0x6d, 0x61, 0x69, 0x6c, 0x2f
  .byte 0x73, 0x74, 0x61, 0x74, 0x69, 0x63, 0x2f, 0x66, 0x61, 0x63, 0x65, 0x62, 0x6f, 0x6f, 0x6b, 0x2d
  .byte 0x6c, 0x6f, 0x67, 0x6f, 0x2e, 0x70, 0x6e, 0x67, 0x2c, 0x20, 0x22, 0x46, 0x61, 0x63, 0x65, 0x62
  .byte 0x6f, 0x6f, 0x6b, 0x22, 0x2c, 0x20, 0x68, 0x74, 0x74, 0x70, 0x73, 0x3a, 0x2f, 0x2f, 0x66, 0x61
  .byte 0x63, 0x65, 0x62, 0x6f, 0x6f, 0x6b, 0x2e, 0x63, 0x6f, 0x6d, 0x2f, 0x6c, 0x75, 0x6d, 0x69, 0x65
  .byte 0x72, 0x65, 0x29, 0x0a, 0x20, 0x20, 0x20, 0x20, 0x2d, 0x20, 0x28, 0x68, 0x74, 0x74, 0x70, 0x73
  .byte 0x3a, 0x2f, 0x2f, 0x72, 0x65, 0x61, 0x63, 0x74, 0x2e, 0x65, 0x6d, 0x61, 0x69, 0x6c, 0x2f, 0x73
  .byte 0x74, 0x61, 0x74, 0x69, 0x63, 0x2f, 0x78, 0x2d, 0x6c, 0x6f, 0x67, 0x6f, 0x2e, 0x70, 0x6e, 0x67
  .byte 0x2c, 0x20, 0x22, 0x58, 0x22, 0x2c, 0x20, 0x68, 0x74, 0x74, 0x70, 0x73, 0x3a, 0x2f, 0x2f, 0x78
  .byte 0x2e, 0x63, 0x6f, 0x6d, 0x2f, 0x6c, 0x75, 0x6d, 0x69, 0x65, 0x72, 0x65, 0x29, 0x0a, 0x20, 0x20
  .byte 0x20, 0x20, 0x2d, 0x20, 0x28, 0x68, 0x74, 0x74, 0x70, 0x73, 0x3a, 0x2f, 0x2f, 0x72, 0x65, 0x61
  .byte 0x63, 0x74, 0x2e, 0x65, 0x6d, 0x61, 0x69, 0x6c, 0x2f, 0x73, 0x74, 0x61, 0x74, 0x69, 0x63, 0x2f
  .byte 0x69, 0x6e, 0x73, 0x74, 0x61, 0x67, 0x72, 0x61, 0x6d, 0x2d, 0x6c, 0x6f, 0x67, 0x6f, 0x2e, 0x70
  .byte 0x6e, 0x67, 0x2c, 0x20, 0x22, 0x49, 0x6e, 0x73, 0x74, 0x61, 0x67, 0x72, 0x61, 0x6d, 0x22, 0x2c
  .byte 0x20, 0x68, 0x74, 0x74, 0x70, 0x73, 0x3a, 0x2f, 0x2f, 0x69, 0x6e, 0x73, 0x74, 0x61, 0x67, 0x72
  .byte 0x61, 0x6d, 0x2e, 0x63, 0x6f, 0x6d, 0x2f, 0x6c, 0x75, 0x6d, 0x69, 0x65, 0x72, 0x65, 0x29, 0x60
  .byte 0x2c, 0x0a, 0x20, 0x20, 0x7d, 0x2c, 0x0a, 0x20, 0x20, 0x7b, 0x0a, 0x20, 0x20, 0x20, 0x20, 0x69
  .byte 0x63, 0x6f, 0x6e, 0x3a, 0x20, 0x22, 0x5c, 0x75, 0x44, 0x38, 0x33, 0x43, 0x5c, 0x75, 0x44, 0x46
  .byte 0x39, 0x46, 0x5c, 0x75, 0x46, 0x45, 0x30, 0x46, 0x22, 0x2c, 0x0a, 0x20, 0x20, 0x20, 0x20, 0x69
  .byte 0x63, 0x6f, 0x6e, 0x42, 0x67, 0x3a, 0x20, 0x22, 0x23, 0x31, 0x61, 0x32, 0x65, 0x31, 0x65, 0x22
  .byte 0x2c, 0x0a, 0x20, 0x20, 0x20, 0x20, 0x64, 0x69, 0x73, 0x70, 0x6c, 0x61, 0x79, 0x54, 0x65, 0x78
  .byte 0x74, 0x3a, 0x20, 0x22, 0x54, 0x65, 0x63, 0x68, 0x20, 0x63, 0x6f, 0x6e, 0x66, 0x65, 0x72, 0x65
  .byte 0x6e, 0x63, 0x65, 0x20, 0x69, 0x6e, 0x76, 0x69, 0x74, 0x61, 0x74, 0x69, 0x6f, 0x6e, 0x22, 0x2c
  .byte 0x0a, 0x20, 0x20, 0x20, 0x20, 0x70, 0x72, 0x6f, 0x6d, 0x70, 0x74, 0x3a, 0x20, 0x60, 0x43, 0x72
  .byte 0x65, 0x61, 0x74, 0x65, 0x20, 0x61, 0x6e, 0x20, 0x65, 0x78, 0x63, 0x69, 0x74, 0x69, 0x6e, 0x67
  .byte 0x20, 0x74, 0x65, 0x63, 0x68, 0x20, 0x63, 0x6f, 0x6e, 0x66, 0x65, 0x72, 0x65, 0x6e, 0x63, 0x65
  .byte 0x20, 0x69, 0x6e, 0x76, 0x69, 0x74, 0x61, 0x74, 0x69, 0x6f, 0x6e, 0x20, 0x65, 0x6d, 0x61, 0x69
  .byte 0x6c, 0x20, 0x66, 0x6f, 0x72, 0x20, 0x22, 0x44, 0x65, 0x76, 0x53, 0x75, 0x6d, 0x6d, 0x69, 0x74
  .byte 0x20, 0x32, 0x30, 0x32, 0x36, 0x22, 0x20, 0xe2, 0x80, 0x94, 0x20, 0x61, 0x20, 0x32, 0x2d, 0x64
  .byte 0x61, 0x79, 0x20, 0x64, 0x65, 0x76, 0x65, 0x6c, 0x6f, 0x70, 0x65, 0x72, 0x20, 0x63, 0x6f, 0x6e
  .byte 0x66, 0x65, 0x72, 0x65, 0x6e, 0x63, 0x65, 0x2e, 0x20, 0x55, 0x73, 0x65, 0x20, 0x65, 0x6c, 0x65
  .byte 0x63, 0x74, 0x72, 0x69, 0x63, 0x20, 0x70, 0x75, 0x72, 0x70, 0x6c, 0x65, 0x20, 0x28, 0x23, 0x37
  .byte 0x43, 0x33, 0x41, 0x45, 0x44, 0x29, 0x20, 0x61, 0x73, 0x20, 0x74, 0x68, 0x65, 0x20, 0x61, 0x63
  .byte 0x63, 0x65, 0x6e, 0x74, 0x20, 0x63, 0x6f, 0x6c, 0x6f, 0x72, 0x2e, 0x20, 0x4d, 0x61, 0x6b, 0x65
  .byte 0x20, 0x69, 0x74, 0x20, 0x62, 0x6f, 0x6c, 0x64, 0x2c, 0x20, 0x65, 0x6e, 0x65, 0x72, 0x67, 0x65
  .byte 0x74, 0x69, 0x63, 0x2c, 0x20, 0x61, 0x6e, 0x64, 0x20, 0x69, 0x6e, 0x66, 0x6f, 0x72, 0x6d, 0x61
  .byte 0x74, 0x69, 0x6f, 0x6e, 0x2d, 0x72, 0x69, 0x63, 0x68, 0x2e, 0x0a, 0x0a, 0x49, 0x6e, 0x63, 0x6c
  .byte 0x75, 0x64, 0x65, 0x20, 0x74, 0x68, 0x65, 0x73, 0x65, 0x20, 0x73, 0x65, 0x63, 0x74, 0x69, 0x6f
  .byte 0x6e, 0x73, 0x20, 0x69, 0x6e, 0x20, 0x6f, 0x72, 0x64, 0x65, 0x72, 0x3a, 0x0a, 0x0a, 0x31, 0x2e
  .byte 0x20, 0x45, 0x6d, 0x61, 0x69, 0x6c, 0x48, 0x65, 0x61, 0x64, 0x65, 0x72, 0x43, 0x65, 0x6e, 0x74
  .byte 0x65, 0x72, 0x65, 0x64, 0x4e, 0x61, 0x76, 0x20, 0x77, 0x69, 0x74, 0x68, 0x20, 0x6c, 0x6f, 0x67
  .byte 0x6f, 0x20, 0x28, 0x68, 0x74, 0x74, 0x70, 0x73, 0x3a, 0x2f, 0x2f, 0x70, 0x69, 0x63, 0x73, 0x75
  .byte 0x6d, 0x2e, 0x70, 0x68, 0x6f, 0x74, 0x6f, 0x73, 0x2f, 0x73, 0x65, 0x65, 0x64, 0x2f, 0x64, 0x65
  .byte 0x76, 0x73, 0x75, 0x6d, 0x6d, 0x69, 0x74, 0x2d, 0x6c, 0x6f, 0x67, 0x6f, 0x2f, 0x31, 0x35, 0x30
  .byte 0x2f, 0x34, 0x32, 0x2c, 0x20, 0x22, 0x44, 0x65, 0x76, 0x53, 0x75, 0x6d, 0x6d, 0x69, 0x74, 0x20
  .byte 0x32, 0x30, 0x32, 0x36, 0x22, 0x2c, 0x20, 0x68, 0x65, 0x69, 0x67, 0x68, 0x74, 0x20, 0x34, 0x32
  .byte 0x29, 0x20, 0x61, 0x6e, 0x64, 0x20, 0x33, 0x20, 0x6e, 0x61, 0x76, 0x20, 0x6c, 0x69, 0x6e, 0x6b
  .byte 0x73, 0x3a, 0x20, 0x22, 0x53, 0x70, 0x65, 0x61, 0x6b, 0x65, 0x72, 0x73, 0x22, 0x2c, 0x20, 0x22
  .byte 0x53, 0x63, 0x68, 0x65, 0x64, 0x75, 0x6c, 0x65, 0x22, 0x2c, 0x20, 0x22, 0x54, 0x69, 0x63, 0x6b
  .byte 0x65, 0x74, 0x73, 0x22, 0x0a, 0x32, 0x2e, 0x20, 0x45, 0x6d, 0x61, 0x69, 0x6c, 0x44, 0x69, 0x76
  .byte 0x69, 0x64, 0x65, 0x72, 0x0a, 0x33, 0x2e, 0x20, 0x45, 0x6d, 0x61, 0x69, 0x6c, 0x49, 0x6d, 0x61
  .byte 0x67, 0x65, 0x20, 0x68, 0x65, 0x72, 0x6f, 0x20, 0x28, 0x68, 0x74, 0x74, 0x70, 0x73, 0x3a, 0x2f
  .byte 0x2f, 0x69, 0x6d, 0x61, 0x67, 0x65, 0x73, 0x2e, 0x75, 0x6e, 0x73, 0x70, 0x6c, 0x61, 0x73, 0x68
  .byte 0x2e, 0x63, 0x6f, 0x6d, 0x2f, 0x70, 0x68, 0x6f, 0x74, 0x6f, 0x2d, 0x31, 0x35, 0x34, 0x30, 0x35
  .byte 0x37, 0x35, 0x34, 0x36, 0x37, 0x30, 0x36, 0x33, 0x2d, 0x31, 0x37, 0x38, 0x61, 0x35, 0x30, 0x63
  .byte 0x32, 0x64, 0x66, 0x38, 0x37, 0x3f, 0x77, 0x3d, 0x36, 0x30, 0x30, 0x26, 0x68, 0x3d, 0x33, 0x30
  .byte 0x30, 0x26, 0x66, 0x69, 0x74, 0x3d, 0x63, 0x72, 0x6f, 0x70, 0x2c, 0x20, 0x22, 0x44, 0x65, 0x76
  .byte 0x53, 0x75, 0x6d, 0x6d, 0x69, 0x74, 0x20, 0x32, 0x30, 0x32, 0x36, 0x20, 0xe2, 0x80, 0x94, 0x20
  .byte 0x4d, 0x61, 0x72, 0x63, 0x68, 0x20, 0x31, 0x35, 0x2d, 0x31, 0x36, 0x2c, 0x20, 0x53, 0x61, 0x6e
  .byte 0x20, 0x46, 0x72, 0x61, 0x6e, 0x63, 0x69, 0x73, 0x63, 0x6f, 0x22, 0x2c, 0x20, 0x36, 0x30, 0x30
  .byte 0x29, 0x0a, 0x34, 0x2e, 0x20, 0x45, 0x6d, 0x61, 0x69, 0x6c, 0x48, 0x65, 0x61, 0x64, 0x69, 0x6e
  .byte 0x67, 0x20, 0x22, 0x44, 0x65, 0x76, 0x53, 0x75, 0x6d, 0x6d, 0x69, 0x74, 0x20, 0x32, 0x30, 0x32
  .byte 0x36, 0x20, 0xe2, 0x80, 0x94, 0x20, 0x59, 0x6f, 0x75, 0x27, 0x72, 0x65, 0x20, 0x49, 0x6e, 0x76
  .byte 0x69, 0x74, 0x65, 0x64, 0x22, 0x20, 0x28, 0x6c, 0x65, 0x76, 0x65, 0x6c, 0x20, 0x31, 0x29, 0x0a
  .byte 0x35, 0x2e, 0x20, 0x45, 0x6d, 0x61, 0x69, 0x6c, 0x54, 0x65, 0x78, 0x74, 0x20, 0x22, 0x4a, 0x6f
  .byte 0x69, 0x6e, 0x20, 0x33, 0x2c, 0x30, 0x30, 0x30, 0x2b, 0x20, 0x64, 0x65, 0x76, 0x65, 0x6c, 0x6f
  .byte 0x70, 0x65, 0x72, 0x73, 0x2c, 0x20, 0x66, 0x6f, 0x75, 0x6e, 0x64, 0x65, 0x72, 0x73, 0x2c, 0x20
  .byte 0x61, 0x6e, 0x64, 0x20, 0x74, 0x65, 0x63, 0x68, 0x20, 0x6c, 0x65, 0x61, 0x64, 0x65, 0x72, 0x73
  .byte 0x20, 0x66, 0x6f, 0x72, 0x20, 0x74, 0x77, 0x6f, 0x20, 0x64, 0x61, 0x79, 0x73, 0x20, 0x6f, 0x66
  .byte 0x20, 0x74, 0x61, 0x6c, 0x6b, 0x73, 0x2c, 0x20, 0x77, 0x6f, 0x72, 0x6b, 0x73, 0x68, 0x6f, 0x70
  .byte 0x73, 0x2c, 0x20, 0x61, 0x6e, 0x64, 0x20, 0x6e, 0x65, 0x74, 0x77, 0x6f, 0x72, 0x6b, 0x69, 0x6e
  .byte 0x67, 0x20, 0x61, 0x74, 0x20, 0x74, 0x68, 0x65, 0x20, 0x4d, 0x6f, 0x73, 0x63, 0x6f, 0x6e, 0x65
  .byte 0x20, 0x43, 0x65, 0x6e, 0x74, 0x65, 0x72, 0x20, 0x69, 0x6e, 0x20, 0x53, 0x61, 0x6e, 0x20, 0x46
  .byte 0x72, 0x61, 0x6e, 0x63, 0x69, 0x73, 0x63, 0x6f, 0x2e, 0x20, 0x45, 0x61, 0x72, 0x6c, 0x79, 0x20
  .byte 0x62, 0x69, 0x72, 0x64, 0x20, 0x70, 0x72, 0x69, 0x63, 0x69, 0x6e, 0x67, 0x20, 0x65, 0x6e, 0x64
  .byte 0x73, 0x20, 0x73, 0x6f, 0x6f, 0x6e, 0x2e, 0x22, 0x0a, 0x36, 0x2e, 0x20, 0x45, 0x6d, 0x61, 0x69
  .byte 0x6c, 0x42, 0x75, 0x74, 0x74, 0x6f, 0x6e, 0x20, 0x22, 0x47, 0x65, 0x74, 0x20, 0x59, 0x6f, 0x75
  .byte 0x72, 0x20, 0x54, 0x69, 0x63, 0x6b, 0x65, 0x74, 0x22, 0x20, 0x6c, 0x69, 0x6e, 0x6b, 0x69, 0x6e
  .byte 0x67, 0x20, 0x74, 0x6f, 0x20, 0x68, 0x74, 0x74, 0x70, 0x73, 0x3a, 0x2f, 0x2f, 0x64, 0x65, 0x76
  .byte 0x73, 0x75, 0x6d, 0x6d, 0x69, 0x74, 0x2e, 0x64, 0x65, 0x76, 0x2f, 0x74, 0x69, 0x63, 0x6b, 0x65
  .byte 0x74, 0x73, 0x20, 0x77, 0x69, 0x74, 0x68, 0x20, 0x63, 0x6f, 0x6c, 0x6f, 0x72, 0x20, 0x23, 0x37
  .byte 0x43, 0x33, 0x41, 0x45, 0x44, 0x0a, 0x37, 0x2e, 0x20, 0x45, 0x6d, 0x61, 0x69, 0x6c, 0x44, 0x69
  .byte 0x76, 0x69, 0x64, 0x65, 0x72, 0x0a, 0x38, 0x2e, 0x20, 0x45, 0x6d, 0x61, 0x69, 0x6c, 0x53, 0x74
  .byte 0x61, 0x74, 0x73, 0x20, 0x77, 0x69, 0x74, 0x68, 0x20, 0x33, 0x20, 0x69, 0x74, 0x65, 0x6d, 0x73
  .byte 0x3a, 0x20, 0x28, 0x22, 0x35, 0x30, 0x2b, 0x22, 0x2c, 0x20, 0x22, 0x53, 0x70, 0x65, 0x61, 0x6b
  .byte 0x65, 0x72, 0x73, 0x22, 0x29, 0x2c, 0x20, 0x28, 0x22, 0x33, 0x2c, 0x30, 0x30, 0x30, 0x2b, 0x22
  .byte 0x2c, 0x20, 0x22, 0x41, 0x74, 0x74, 0x65, 0x6e, 0x64, 0x65, 0x65, 0x73, 0x22, 0x29, 0x2c, 0x20
  .byte 0x28, 0x22, 0x32, 0x22, 0x2c, 0x20, 0x22, 0x44, 0x61, 0x79, 0x73, 0x22, 0x29, 0x0a, 0x39, 0x2e
  .byte 0x20, 0x45, 0x6d, 0x61, 0x69, 0x6c, 0x44, 0x69, 0x76, 0x69, 0x64, 0x65, 0x72, 0x0a, 0x31, 0x30
  .byte 0x2e, 0x20, 0x45, 0x6d, 0x61, 0x69, 0x6c, 0x46, 0x65, 0x61, 0x74, 0x75, 0x72, 0x65, 0x47, 0x72
  .byte 0x69, 0x64, 0x20, 0x74, 0x69, 0x74, 0x6c, 0x65, 0x64, 0x20, 0x22, 0x57, 0x68, 0x61, 0x74, 0x20
  .byte 0x74, 0x6f, 0x20, 0x45, 0x78, 0x70, 0x65, 0x63, 0x74, 0x22, 0x20, 0x77, 0x69, 0x74, 0x68, 0x20
  .byte 0x64, 0x65, 0x73, 0x63, 0x72, 0x69, 0x70, 0x74, 0x69, 0x6f, 0x6e, 0x20, 0x22, 0x54, 0x77, 0x6f
  .byte 0x20, 0x64, 0x61, 0x79, 0x73, 0x20, 0x70, 0x61, 0x63, 0x6b, 0x65, 0x64, 0x20, 0x77, 0x69, 0x74
  .byte 0x68, 0x20, 0x69, 0x6e, 0x73, 0x69, 0x67, 0x68, 0x74, 0x73, 0x2c, 0x20, 0x68, 0x61, 0x6e, 0x64
  .byte 0x73, 0x2d, 0x6f, 0x6e, 0x20, 0x77, 0x6f, 0x72, 0x6b, 0x73, 0x68, 0x6f, 0x70, 0x73, 0x2c, 0x20
  .byte 0x61, 0x6e, 0x64, 0x20, 0x63, 0x6f, 0x6e, 0x6e, 0x65, 0x63, 0x74, 0x69, 0x6f, 0x6e, 0x73, 0x2e
  .byte 0x22, 0x20, 0x61, 0x6e, 0x64, 0x20, 0x34, 0x20, 0x69, 0x74, 0x65, 0x6d, 0x73, 0x3a, 0x0a, 0x20
  .byte 0x20, 0x20, 0x20, 0x2d, 0x20, 0x28, 0x68, 0x74, 0x74, 0x70, 0x73, 0x3a, 0x2f, 0x2f, 0x69, 0x6d
  .byte 0x61, 0x67, 0x65, 0x73, 0x2e, 0x75, 0x6e, 0x73, 0x70, 0x6c, 0x61, 0x73, 0x68, 0x2e, 0x63, 0x6f
  .byte 0x6d, 0x2f, 0x70, 0x68, 0x6f, 0x74, 0x6f, 0x2d, 0x31, 0x34, 0x37, 0x35, 0x37, 0x32, 0x31, 0x30
  .byte 0x32, 0x37, 0x37, 0x38, 0x35, 0x2d, 0x66, 0x37, 0x34, 0x65, 0x63, 0x63, 0x66, 0x38, 0x37, 0x37
  .byte 0x65, 0x32, 0x3f, 0x77, 0x3d, 0x34, 0x38, 0x26, 0x68, 0x3d, 0x34, 0x38, 0x26, 0x66, 0x69, 0x74
  .byte 0x3d, 0x63, 0x72, 0x6f, 0x70, 0x2c, 0x20, 0x22, 0x4b, 0x65, 0x79, 0x6e, 0x6f, 0x74, 0x65, 0x73
  .byte 0x22, 0x2c, 0x20, 0x22, 0x57, 0x6f, 0x72, 0x6c, 0x64, 0x2d, 0x43, 0x6c, 0x61, 0x73, 0x73, 0x20
  .byte 0x4b, 0x65, 0x79, 0x6e, 0x6f, 0x74, 0x65, 0x73, 0x22, 0x2c, 0x20, 0x22, 0x48, 0x65, 0x61, 0x72
  .byte 0x20, 0x66, 0x72, 0x6f, 0x6d, 0x20, 0x65, 0x6e, 0x67, 0x69, 0x6e, 0x65, 0x65, 0x72, 0x69, 0x6e
  .byte 0x67, 0x20, 0x6c, 0x65, 0x61, 0x64, 0x65, 0x72, 0x73, 0x20, 0x61, 0x74, 0x20, 0x56, 0x65, 0x72
  .byte 0x63, 0x65, 0x6c, 0x2c, 0x20, 0x53, 0x74, 0x72, 0x69, 0x70, 0x65, 0x2c, 0x20, 0x4c, 0x69, 0x6e
  .byte 0x65, 0x61, 0x72, 0x2c, 0x20, 0x61, 0x6e, 0x64, 0x20, 0x6d, 0x6f, 0x72, 0x65, 0x2e, 0x22, 0x29
  .byte 0x0a, 0x20, 0x20, 0x20, 0x20, 0x2d, 0x20, 0x28, 0x68, 0x74, 0x74, 0x70, 0x73, 0x3a, 0x2f, 0x2f
  .byte 0x69, 0x6d, 0x61, 0x67, 0x65, 0x73, 0x2e, 0x75, 0x6e, 0x73, 0x70, 0x6c, 0x61, 0x73, 0x68, 0x2e
  .byte 0x63, 0x6f, 0x6d, 0x2f, 0x70, 0x68, 0x6f, 0x74, 0x6f, 0x2d, 0x31, 0x35, 0x31, 0x37, 0x36, 0x39
  .byte 0x34, 0x37, 0x31, 0x32, 0x32, 0x30, 0x32, 0x2d, 0x31, 0x34, 0x64, 0x64, 0x39, 0x35, 0x33, 0x38
  .byte 0x61, 0x61, 0x39, 0x37, 0x3f, 0x77, 0x3d, 0x34, 0x38, 0x26, 0x68, 0x3d, 0x34, 0x38, 0x26, 0x66
  .byte 0x69, 0x74, 0x3d, 0x63, 0x72, 0x6f, 0x70, 0x2c, 0x20, 0x22, 0x57, 0x6f, 0x72, 0x6b, 0x73, 0x68
  .byte 0x6f, 0x70, 0x73, 0x22, 0x2c, 0x20, 0x22, 0x48, 0x61, 0x6e, 0x64, 0x73, 0x2d, 0x6f, 0x6e, 0x20
  .byte 0x57, 0x6f, 0x72, 0x6b, 0x73, 0x68, 0x6f, 0x70, 0x73, 0x22, 0x2c, 0x20, 0x22, 0x42, 0x75, 0x69
  .byte 0x6c, 0x64, 0x20, 0x72, 0x65, 0x61, 0x6c, 0x20, 0x70, 0x72, 0x6f, 0x6a, 0x65, 0x63, 0x74, 0x73
  .byte 0x20, 0x77, 0x69, 0x74, 0x68, 0x20, 0x41, 0x49, 0x2c, 0x20, 0x52, 0x65, 0x61, 0x63, 0x74, 0x20
  .byte 0x53, 0x65, 0x72, 0x76, 0x65, 0x72, 0x20, 0x43, 0x6f, 0x6d, 0x70, 0x6f, 0x6e, 0x65, 0x6e, 0x74
  .byte 0x73, 0x2c, 0x20, 0x61, 0x6e, 0x64, 0x20, 0x65, 0x64, 0x67, 0x65, 0x20, 0x63, 0x6f, 0x6d, 0x70
  .byte 0x75, 0x74, 0x69, 0x6e, 0x67, 0x2e, 0x22, 0x29, 0x0a, 0x20, 0x20, 0x20, 0x20, 0x2d, 0x20, 0x28
  .byte 0x68, 0x74, 0x74, 0x70, 0x73, 0x3a, 0x2f, 0x2f, 0x69, 0x6d, 0x61, 0x67, 0x65, 0x73, 0x2e, 0x75
  .byte 0x6e, 0x73, 0x70, 0x6c, 0x61, 0x73, 0x68, 0x2e, 0x63, 0x6f, 0x6d, 0x2f, 0x70, 0x68, 0x6f, 0x74
  .byte 0x6f, 0x2d, 0x31, 0x35, 0x32, 0x39, 0x30, 0x37, 0x30, 0x35, 0x33, 0x38, 0x37, 0x37, 0x34, 0x2d
  .byte 0x31, 0x38, 0x34, 0x33, 0x63, 0x62, 0x33, 0x32, 0x36, 0x35, 0x64, 0x66, 0x3f, 0x77, 0x3d, 0x34
  .byte 0x38, 0x26, 0x68, 0x3d, 0x34, 0x38, 0x26, 0x66, 0x69, 0x74, 0x3d, 0x63, 0x72, 0x6f, 0x70, 0x2c
  .byte 0x20, 0x22, 0x4e, 0x65, 0x74, 0x77, 0x6f, 0x72, 0x6b, 0x69, 0x6e, 0x67, 0x22, 0x2c, 0x20, 0x22
  .byte 0x4e, 0x65, 0x74, 0x77, 0x6f, 0x72, 0x6b, 0x69, 0x6e, 0x67, 0x20, 0x45, 0x76, 0x65, 0x6e, 0x74
  .byte 0x73, 0x22, 0x2c, 0x20, 0x22, 0x45, 0x76, 0x65, 0x6e, 0x69, 0x6e, 0x67, 0x20, 0x6d, 0x69, 0x78
  .byte 0x65, 0x72, 0x73, 0x2c, 0x20, 0x31, 0x3a, 0x31, 0x20, 0x6d, 0x65, 0x6e, 0x74, 0x6f, 0x72, 0x69
  .byte 0x6e, 0x67, 0x20, 0x73, 0x65, 0x73, 0x73, 0x69, 0x6f, 0x6e, 0x73, 0x2c, 0x20, 0x61, 0x6e, 0x64
  .byte 0x20, 0x74, 0x68, 0x65, 0x20, 0x6c, 0x65, 0x67, 0x65, 0x6e, 0x64, 0x61, 0x72, 0x79, 0x20, 0x61
  .byte 0x66, 0x74, 0x65, 0x72, 0x2d, 0x70, 0x61, 0x72, 0x74, 0x79, 0x2e, 0x22, 0x29, 0x0a, 0x20, 0x20
  .byte 0x20, 0x20, 0x2d, 0x20, 0x28, 0x68, 0x74, 0x74, 0x70, 0x73, 0x3a, 0x2f, 0x2f, 0x69, 0x6d, 0x61
  .byte 0x67, 0x65, 0x73, 0x2e, 0x75, 0x6e, 0x73, 0x70, 0x6c, 0x61, 0x73, 0x68, 0x2e, 0x63, 0x6f, 0x6d
  .byte 0x2f, 0x70, 0x68, 0x6f, 0x74, 0x6f, 0x2d, 0x31, 0x35, 0x35, 0x39, 0x31, 0x33, 0x36, 0x35, 0x35
  .byte 0x35, 0x2d, 0x39, 0x33, 0x30, 0x33, 0x62, 0x61, 0x65, 0x61, 0x38, 0x65, 0x62, 0x64, 0x3f, 0x77
  .byte 0x3d, 0x34, 0x38, 0x26, 0x68, 0x3d, 0x34, 0x38, 0x26, 0x66, 0x69, 0x74, 0x3d, 0x63, 0x72, 0x6f
  .byte 0x70, 0x2c, 0x20, 0x22, 0x45, 0x78, 0x70, 0x6f, 0x22, 0x2c, 0x20, 0x22, 0x53, 0x74, 0x61, 0x72
  .byte 0x74, 0x75, 0x70, 0x20, 0x45, 0x78, 0x70, 0x6f, 0x22, 0x2c, 0x20, 0x22, 0x4d, 0x65, 0x65, 0x74
  .byte 0x20, 0x34, 0x30, 0x2b, 0x20, 0x73, 0x74, 0x61, 0x72, 0x74, 0x75, 0x70, 0x73, 0x20, 0x73, 0x68
  .byte 0x6f, 0x77, 0x63, 0x61, 0x73, 0x69, 0x6e, 0x67, 0x20, 0x63, 0x75, 0x74, 0x74, 0x69, 0x6e, 0x67
  .byte 0x2d, 0x65, 0x64, 0x67, 0x65, 0x20, 0x64, 0x65, 0x76, 0x65, 0x6c, 0x6f, 0x70, 0x65, 0x72, 0x20
  .byte 0x74, 0x6f, 0x6f, 0x6c, 0x73, 0x2e, 0x22, 0x29, 0x0a, 0x31, 0x31, 0x2e, 0x20, 0x45, 0x6d, 0x61
  .byte 0x69, 0x6c, 0x44, 0x69, 0x76, 0x69, 0x64, 0x65, 0x72, 0x0a, 0x31, 0x32, 0x2e, 0x20, 0x45, 0x6d
  .byte 0x61, 0x69, 0x6c, 0x4c, 0x69, 0x73, 0x74, 0x20, 0x74, 0x69, 0x74, 0x6c, 0x65, 0x64, 0x20, 0x22
  .byte 0x46, 0x65, 0x61, 0x74, 0x75, 0x72, 0x65, 0x64, 0x20, 0x53, 0x70, 0x65, 0x61, 0x6b, 0x65, 0x72
  .byte 0x73, 0x22, 0x20, 0x77, 0x69, 0x74, 0x68, 0x20, 0x33, 0x20, 0x69, 0x74, 0x65, 0x6d, 0x73, 0x3a
  .byte 0x0a, 0x20, 0x20, 0x20, 0x20, 0x2d, 0x20, 0x22, 0x53, 0x61, 0x72, 0x61, 0x68, 0x20, 0x44, 0x72
  .byte 0x61, 0x73, 0x6e, 0x65, 0x72, 0x22, 0x20, 0x2f, 0x20, 0x22, 0x56, 0x50, 0x20, 0x6f, 0x66, 0x20
  .byte 0x44, 0x65, 0x76, 0x65, 0x6c, 0x6f, 0x70, 0x65, 0x72, 0x20, 0x45, 0x78, 0x70, 0x65, 0x72, 0x69
  .byte 0x65, 0x6e, 0x63, 0x65, 0x20, 0x61, 0x74, 0x20, 0x4e, 0x65, 0x74, 0x6c, 0x69, 0x66, 0x79, 0x2e
  .byte 0x20, 0x4b, 0x65, 0x79, 0x6e, 0x6f, 0x74, 0x65, 0x20, 0x6f, 0x6e, 0x20, 0x74, 0x68, 0x65, 0x20
  .byte 0x66, 0x75, 0x74, 0x75, 0x72, 0x65, 0x20, 0x6f, 0x66, 0x20, 0x77, 0x65, 0x62, 0x20, 0x64, 0x65
  .byte 0x76, 0x65, 0x6c, 0x6f, 0x70, 0x6d, 0x65, 0x6e, 0x74, 0x20, 0x61, 0x6e, 0x64, 0x20, 0x41, 0x49
  .byte 0x2d, 0x61, 0x73, 0x73, 0x69, 0x73, 0x74, 0x65, 0x64, 0x20, 0x63, 0x6f, 0x64, 0x69, 0x6e, 0x67
  .byte 0x2e, 0x22, 0x0a, 0x20, 0x20, 0x20, 0x20, 0x2d, 0x20, 0x22, 0x47, 0x75, 0x69, 0x6c, 0x6c, 0x65
  .byte 0x72, 0x6d, 0x6f, 0x20, 0x52, 0x61, 0x75, 0x63, 0x68, 0x22, 0x20, 0x2f, 0x20, 0x22, 0x43, 0x45
  .byte 0x4f, 0x20, 0x6f, 0x66, 0x20, 0x56, 0x65, 0x72, 0x63, 0x65, 0x6c, 0x2e, 0x20, 0x54, 0x61, 0x6c
  .byte 0x6b, 0x20, 0x6f, 0x6e, 0x20, 0x74, 0x68, 0x65, 0x20, 0x65, 0x76, 0x6f, 0x6c, 0x75, 0x74, 0x69
  .byte 0x6f, 0x6e, 0x20, 0x6f, 0x66, 0x20, 0x52, 0x65, 0x61, 0x63, 0x74, 0x20, 0x61, 0x6e, 0x64, 0x20
  .byte 0x77, 0x68, 0x61, 0x74, 0x27, 0x73, 0x20, 0x6e, 0x65, 0x78, 0x74, 0x20, 0x66, 0x6f, 0x72, 0x20
  .byte 0x74, 0x68, 0x65, 0x20, 0x66, 0x72, 0x61, 0x6d, 0x65, 0x77, 0x6f, 0x72, 0x6b, 0x20, 0x65, 0x63
  .byte 0x6f, 0x73, 0x79, 0x73, 0x74, 0x65, 0x6d, 0x2e, 0x22, 0x0a, 0x20, 0x20, 0x20, 0x20, 0x2d, 0x20
  .byte 0x22, 0x4c, 0x65, 0x61, 0x20, 0x56, 0x65, 0x72, 0x6f, 0x75, 0x22, 0x20, 0x2f, 0x20, 0x22, 0x57
  .byte 0x33, 0x43, 0x20, 0x54, 0x41, 0x47, 0x20, 0x6d, 0x65, 0x6d, 0x62, 0x65, 0x72, 0x2e, 0x20, 0x57
  .byte 0x6f, 0x72, 0x6b, 0x73, 0x68, 0x6f, 0x70, 0x20, 0x6f, 0x6e, 0x20, 0x6d, 0x6f, 0x64, 0x65, 0x72
  .byte 0x6e, 0x20, 0x43, 0x53, 0x53, 0x20, 0x74, 0x65, 0x63, 0x68, 0x6e, 0x69, 0x71, 0x75, 0x65, 0x73
  .byte 0x20, 0x74, 0x68, 0x61, 0x74, 0x20, 0x77, 0x69, 0x6c, 0x6c, 0x20, 0x63, 0x68, 0x61, 0x6e, 0x67
  .byte 0x65, 0x20, 0x68, 0x6f, 0x77, 0x20, 0x79, 0x6f, 0x75, 0x20, 0x62, 0x75, 0x69, 0x6c, 0x64, 0x20
  .byte 0x69, 0x6e, 0x74, 0x65, 0x72, 0x66, 0x61, 0x63, 0x65, 0x73, 0x2e, 0x22, 0x0a, 0x31, 0x33, 0x2e
  .byte 0x20, 0x45, 0x6d, 0x61, 0x69, 0x6c, 0x44, 0x69, 0x76, 0x69, 0x64, 0x65, 0x72, 0x0a, 0x31, 0x34
  .byte 0x2e, 0x20, 0x45, 0x6d, 0x61, 0x69, 0x6c, 0x50, 0x72, 0x69, 0x63, 0x69, 0x6e, 0x67, 0x43, 0x61
  .byte 0x72, 0x64, 0x20, 0x77, 0x69, 0x74, 0x68, 0x20, 0x62, 0x61, 0x64, 0x67, 0x65, 0x20, 0x22, 0x45
  .byte 0x41, 0x52, 0x4c, 0x59, 0x20, 0x42, 0x49, 0x52, 0x44, 0x22, 0x2c, 0x20, 0x70, 0x72, 0x69, 0x63
  .byte 0x65, 0x20, 0x22, 0x24, 0x32, 0x39, 0x39, 0x22, 0x2c, 0x20, 0x70, 0x65, 0x72, 0x69, 0x6f, 0x64
  .byte 0x20, 0x22, 0x2f, 0x20, 0x70, 0x65, 0x72, 0x73, 0x6f, 0x6e, 0x22, 0x2c, 0x20, 0x64, 0x65, 0x73
  .byte 0x63, 0x72, 0x69, 0x70, 0x74, 0x69, 0x6f, 0x6e, 0x20, 0x22, 0x46, 0x75, 0x6c, 0x6c, 0x20, 0x61
  .byte 0x63, 0x63, 0x65, 0x73, 0x73, 0x20, 0x74, 0x6f, 0x20, 0x61, 0x6c, 0x6c, 0x20, 0x74, 0x61, 0x6c
  .byte 0x6b, 0x73, 0x2c, 0x20, 0x77, 0x6f, 0x72, 0x6b, 0x73, 0x68, 0x6f, 0x70, 0x73, 0x2c, 0x20, 0x6e
  .byte 0x65, 0x74, 0x77, 0x6f, 0x72, 0x6b, 0x69, 0x6e, 0x67, 0x20, 0x65, 0x76, 0x65, 0x6e, 0x74, 0x73
  .byte 0x2c, 0x20, 0x6d, 0x65, 0x61, 0x6c, 0x73, 0x2c, 0x20, 0x61, 0x6e, 0x64, 0x20, 0x74, 0x68, 0x65
  .byte 0x20, 0x61, 0x66, 0x74, 0x65, 0x72, 0x2d, 0x70, 0x61, 0x72, 0x74, 0x79, 0x2e, 0x20, 0x47, 0x72
  .byte 0x6f, 0x75, 0x70, 0x20, 0x64, 0x69, 0x73, 0x63, 0x6f, 0x75, 0x6e, 0x74, 0x73, 0x20, 0x61, 0x76
  .byte 0x61, 0x69, 0x6c, 0x61, 0x62, 0x6c, 0x65, 0x20, 0x66, 0x6f, 0x72, 0x20, 0x74, 0x65, 0x61, 0x6d
  .byte 0x73, 0x20, 0x6f, 0x66, 0x20, 0x35, 0x2b, 0x2e, 0x22, 0x2c, 0x20, 0x66, 0x65, 0x61, 0x74, 0x75
  .byte 0x72, 0x65, 0x73, 0x3a, 0x20, 0x22, 0x41, 0x6c, 0x6c, 0x20, 0x6b, 0x65, 0x79, 0x6e, 0x6f, 0x74
  .byte 0x65, 0x73, 0x20, 0x26, 0x20, 0x73, 0x65, 0x73, 0x73, 0x69, 0x6f, 0x6e, 0x73, 0x22, 0x2c, 0x20
  .byte 0x22, 0x48, 0x61, 0x6e, 0x64, 0x73, 0x2d, 0x6f, 0x6e, 0x20, 0x77, 0x6f, 0x72, 0x6b, 0x73, 0x68
  .byte 0x6f, 0x70, 0x20, 0x61, 0x63, 0x63, 0x65, 0x73, 0x73, 0x22, 0x2c, 0x20, 0x22, 0x4e, 0x65, 0x74
  .byte 0x77, 0x6f, 0x72, 0x6b, 0x69, 0x6e, 0x67, 0x20, 0x6d, 0x69, 0x78, 0x65, 0x72, 0x20, 0x2b, 0x20
  .byte 0x61, 0x66, 0x74, 0x65, 0x72, 0x2d, 0x70, 0x61, 0x72, 0x74, 0x79, 0x22, 0x2c, 0x20, 0x22, 0x4c
  .byte 0x75, 0x6e, 0x63, 0x68, 0x20, 0x26, 0x20, 0x72, 0x65, 0x66, 0x72, 0x65, 0x73, 0x68, 0x6d, 0x65
  .byte 0x6e, 0x74, 0x73, 0x20, 0x62, 0x6f, 0x74, 0x68, 0x20, 0x64, 0x61, 0x79, 0x73, 0x22, 0x2c, 0x20
  .byte 0x62, 0x75, 0x74, 0x74, 0x6f, 0x6e, 0x20, 0x22, 0x43, 0x6c, 0x61, 0x69, 0x6d, 0x20, 0x45, 0x61
  .byte 0x72, 0x6c, 0x79, 0x20, 0x42, 0x69, 0x72, 0x64, 0x20, 0x50, 0x72, 0x69, 0x63, 0x65, 0x22, 0x20
  .byte 0x77, 0x69, 0x74, 0x68, 0x20, 0x68, 0x72, 0x65, 0x66, 0x20, 0x68, 0x74, 0x74, 0x70, 0x73, 0x3a
  .byte 0x2f, 0x2f, 0x64, 0x65, 0x76, 0x73, 0x75, 0x6d, 0x6d, 0x69, 0x74, 0x2e, 0x64, 0x65, 0x76, 0x2f
  .byte 0x74, 0x69, 0x63, 0x6b, 0x65, 0x74, 0x73, 0x20, 0x61, 0x6e, 0x64, 0x20, 0x63, 0x6f, 0x6c, 0x6f
  .byte 0x72, 0x20, 0x23, 0x37, 0x43, 0x33, 0x41, 0x45, 0x44, 0x0a, 0x31, 0x35, 0x2e, 0x20, 0x45, 0x6d
  .byte 0x61, 0x69, 0x6c, 0x44, 0x69, 0x76, 0x69, 0x64, 0x65, 0x72, 0x0a, 0x31, 0x36, 0x2e, 0x20, 0x45
  .byte 0x6d, 0x61, 0x69, 0x6c, 0x53, 0x75, 0x72, 0x76, 0x65, 0x79, 0x52, 0x61, 0x74, 0x69, 0x6e, 0x67
  .byte 0x20, 0x77, 0x69, 0x74, 0x68, 0x20, 0x71, 0x75, 0x65, 0x73, 0x74, 0x69, 0x6f, 0x6e, 0x20, 0x22
  .byte 0x49, 0x6e, 0x74, 0x65, 0x72, 0x65, 0x73, 0x74, 0x65, 0x64, 0x20, 0x69, 0x6e, 0x20, 0x61, 0x74
  .byte 0x74, 0x65, 0x6e, 0x64, 0x69, 0x6e, 0x67, 0x3f, 0x22, 0x20, 0x61, 0x6e, 0x64, 0x20, 0x64, 0x65
  .byte 0x73, 0x63, 0x72, 0x69, 0x70, 0x74, 0x69, 0x6f, 0x6e, 0x20, 0x22, 0x52, 0x61, 0x74, 0x65, 0x20
  .byte 0x79, 0x6f, 0x75, 0x72, 0x20, 0x69, 0x6e, 0x74, 0x65, 0x72, 0x65, 0x73, 0x74, 0x20, 0x61, 0x6e
  .byte 0x64, 0x20, 0x77, 0x65, 0x27, 0x6c, 0x6c, 0x20, 0x73, 0x65, 0x6e, 0x64, 0x20, 0x79, 0x6f, 0x75
  .byte 0x20, 0x75, 0x70, 0x64, 0x61, 0x74, 0x65, 0x73, 0x2e, 0x22, 0x20, 0x61, 0x6e, 0x64, 0x20, 0x63
  .byte 0x6f, 0x6c, 0x6f, 0x72, 0x20, 0x23, 0x37, 0x43, 0x33, 0x41, 0x45, 0x44, 0x0a, 0x31, 0x37, 0x2e
  .byte 0x20, 0x45, 0x6d, 0x61, 0x69, 0x6c, 0x44, 0x69, 0x76, 0x69, 0x64, 0x65, 0x72, 0x0a, 0x31, 0x38
  .byte 0x2e, 0x20, 0x45, 0x6d, 0x61, 0x69, 0x6c, 0x46, 0x6f, 0x6f, 0x74, 0x65, 0x72, 0x43, 0x65, 0x6e
  .byte 0x74, 0x65, 0x72, 0x65, 0x64, 0x20, 0x77, 0x69, 0x74, 0x68, 0x20, 0x6c, 0x6f, 0x67, 0x6f, 0x20
  .byte 0x28, 0x68, 0x74, 0x74, 0x70, 0x73, 0x3a, 0x2f, 0x2f, 0x70, 0x69, 0x63, 0x73, 0x75, 0x6d, 0x2e
  .byte 0x70, 0x68, 0x6f, 0x74, 0x6f, 0x73, 0x2f, 0x73, 0x65, 0x65, 0x64, 0x2f, 0x64, 0x65, 0x76, 0x73
  .byte 0x75, 0x6d, 0x6d, 0x69, 0x74, 0x2d, 0x69, 0x63, 0x6f, 0x6e, 0x2f, 0x34, 0x32, 0x2f, 0x34, 0x32
  .byte 0x2c, 0x20, 0x22, 0x44, 0x65, 0x76, 0x53, 0x75, 0x6d, 0x6d, 0x69, 0x74, 0x22, 0x29, 0x2c, 0x20
  .byte 0x63, 0x6f, 0x6d, 0x70, 0x61, 0x6e, 0x79, 0x20, 0x22, 0x44, 0x65, 0x76, 0x53, 0x75, 0x6d, 0x6d
  .byte 0x69, 0x74, 0x22, 0x2c, 0x20, 0x74, 0x61, 0x67, 0x6c, 0x69, 0x6e, 0x65, 0x20, 0x22, 0x57, 0x68
  .byte 0x65, 0x72, 0x65, 0x20, 0x64, 0x65, 0x76, 0x65, 0x6c, 0x6f, 0x70, 0x65, 0x72, 0x73, 0x20, 0x63
  .byte 0x6f, 0x6e, 0x6e, 0x65, 0x63, 0x74, 0x22, 0x2c, 0x20, 0x61, 0x64, 0x64, 0x72, 0x65, 0x73, 0x73
  .byte 0x20, 0x22, 0x4d, 0x6f, 0x73, 0x63, 0x6f, 0x6e, 0x65, 0x20, 0x43, 0x65, 0x6e, 0x74, 0x65, 0x72
  .byte 0x20, 0xc2, 0xb7, 0x20, 0x37, 0x34, 0x37, 0x20, 0x48, 0x6f, 0x77, 0x61, 0x72, 0x64, 0x20, 0x53
  .byte 0x74, 0x20, 0xc2, 0xb7, 0x20, 0x53, 0x61, 0x6e, 0x20, 0x46, 0x72, 0x61, 0x6e, 0x63, 0x69, 0x73
  .byte 0x63, 0x6f, 0x2c, 0x20, 0x43, 0x41, 0x20, 0x39, 0x34, 0x31, 0x30, 0x33, 0x22, 0x2c, 0x20, 0x63
  .byte 0x6f, 0x6e, 0x74, 0x61, 0x63, 0x74, 0x20, 0x22, 0x68, 0x65, 0x6c, 0x6c, 0x6f, 0x40, 0x64, 0x65
  .byte 0x76, 0x73, 0x75, 0x6d, 0x6d, 0x69, 0x74, 0x2e, 0x64, 0x65, 0x76, 0x22, 0x2c, 0x20, 0x61, 0x6e
  .byte 0x64, 0x20, 0x33, 0x20, 0x73, 0x6f, 0x63, 0x69, 0x61, 0x6c, 0x20, 0x69, 0x63, 0x6f, 0x6e, 0x73
  .byte 0x3a, 0x0a, 0x20, 0x20, 0x20, 0x20, 0x2d, 0x20, 0x28, 0x68, 0x74, 0x74, 0x70, 0x73, 0x3a, 0x2f
  .byte 0x2f, 0x72, 0x65, 0x61, 0x63, 0x74, 0x2e, 0x65, 0x6d, 0x61, 0x69, 0x6c, 0x2f, 0x73, 0x74, 0x61
  .byte 0x74, 0x69, 0x63, 0x2f, 0x66, 0x61, 0x63, 0x65, 0x62, 0x6f, 0x6f, 0x6b, 0x2d, 0x6c, 0x6f, 0x67
  .byte 0x6f, 0x2e, 0x70, 0x6e, 0x67, 0x2c, 0x20, 0x22, 0x46, 0x61, 0x63, 0x65, 0x62, 0x6f, 0x6f, 0x6b
  .byte 0x22, 0x2c, 0x20, 0x68, 0x74, 0x74, 0x70, 0x73, 0x3a, 0x2f, 0x2f, 0x66, 0x61, 0x63, 0x65, 0x62
  .byte 0x6f, 0x6f, 0x6b, 0x2e, 0x63, 0x6f, 0x6d, 0x2f, 0x64, 0x65, 0x76, 0x73, 0x75, 0x6d, 0x6d, 0x69
  .byte 0x74, 0x29, 0x0a, 0x20, 0x20, 0x20, 0x20, 0x2d, 0x20, 0x28, 0x68, 0x74, 0x74, 0x70, 0x73, 0x3a
  .byte 0x2f, 0x2f, 0x72, 0x65, 0x61, 0x63, 0x74, 0x2e, 0x65, 0x6d, 0x61, 0x69, 0x6c, 0x2f, 0x73, 0x74
  .byte 0x61, 0x74, 0x69, 0x63, 0x2f, 0x78, 0x2d, 0x6c, 0x6f, 0x67, 0x6f, 0x2e, 0x70, 0x6e, 0x67, 0x2c
  .byte 0x20, 0x22, 0x58, 0x22, 0x2c, 0x20, 0x68, 0x74, 0x74, 0x70, 0x73, 0x3a, 0x2f, 0x2f, 0x78, 0x2e
  .byte 0x63, 0x6f, 0x6d, 0x2f, 0x64, 0x65, 0x76, 0x73, 0x75, 0x6d, 0x6d, 0x69, 0x74, 0x29, 0x0a, 0x20
  .byte 0x20, 0x20, 0x20, 0x2d, 0x20, 0x28, 0x68, 0x74, 0x74, 0x70, 0x73, 0x3a, 0x2f, 0x2f, 0x72, 0x65
  .byte 0x61, 0x63, 0x74, 0x2e, 0x65, 0x6d, 0x61, 0x69, 0x6c, 0x2f, 0x73, 0x74, 0x61, 0x74, 0x69, 0x63
  .byte 0x2f, 0x69, 0x6e, 0x73, 0x74, 0x61, 0x67, 0x72, 0x61, 0x6d, 0x2d, 0x6c, 0x6f, 0x67, 0x6f, 0x2e
  .byte 0x70, 0x6e, 0x67, 0x2c, 0x20, 0x22, 0x49, 0x6e, 0x73, 0x74, 0x61, 0x67, 0x72, 0x61, 0x6d, 0x22
  .byte 0x2c, 0x20, 0x68, 0x74, 0x74, 0x70, 0x73, 0x3a, 0x2f, 0x2f, 0x69, 0x6e, 0x73, 0x74, 0x61, 0x67
  .byte 0x72, 0x61, 0x6d, 0x2e, 0x63, 0x6f, 0x6d, 0x2f, 0x64, 0x65, 0x76, 0x73, 0x75, 0x6d, 0x6d, 0x69
  .byte 0x74, 0x29, 0x60, 0x2c, 0x0a, 0x20, 0x20, 0x7d, 0x2c, 0x0a, 0x20, 0x20, 0x7b, 0x0a, 0x20, 0x20
  .byte 0x20, 0x20, 0x69, 0x63, 0x6f, 0x6e, 0x3a, 0x20, 0x22, 0x5c, 0x75, 0x32, 0x37, 0x30, 0x38, 0x5c
  .byte 0x75, 0x46, 0x45, 0x30, 0x46, 0x22, 0x2c, 0x0a, 0x20, 0x20, 0x20, 0x20, 0x69, 0x63, 0x6f, 0x6e
  .byte 0x42, 0x67, 0x3a, 0x20, 0x22, 0x23, 0x32, 0x65, 0x31, 0x61, 0x31, 0x61, 0x22, 0x2c, 0x0a, 0x20
  .byte 0x20, 0x20, 0x20, 0x64, 0x69, 0x73, 0x70, 0x6c, 0x61, 0x79, 0x54, 0x65, 0x78, 0x74, 0x3a, 0x20
  .byte 0x22, 0x54, 0x72, 0x61, 0x76, 0x65, 0x6c, 0x20, 0x6d, 0x61, 0x72, 0x6b, 0x65, 0x74, 0x70, 0x6c
  .byte 0x61, 0x63, 0x65, 0x20, 0x6e, 0x65, 0x77, 0x73, 0x6c, 0x65, 0x74, 0x74, 0x65, 0x72, 0x22, 0x2c
  .byte 0x0a, 0x20, 0x20, 0x20, 0x20, 0x70, 0x72, 0x6f, 0x6d, 0x70, 0x74, 0x3a, 0x20, 0x60, 0x43, 0x72
  .byte 0x65, 0x61, 0x74, 0x65, 0x20, 0x61, 0x20, 0x77, 0x61, 0x72, 0x6d, 0x2c, 0x20, 0x62, 0x65, 0x61
  .byte 0x75, 0x74, 0x69, 0x66, 0x75, 0x6c, 0x20, 0x74, 0x72, 0x61, 0x76, 0x65, 0x6c, 0x20, 0x6d, 0x61
  .byte 0x72, 0x6b, 0x65, 0x74, 0x70, 0x6c, 0x61, 0x63, 0x65, 0x20, 0x6e, 0x65, 0x77, 0x73, 0x6c, 0x65
  .byte 0x74, 0x74, 0x65, 0x72, 0x20, 0x65, 0x6d, 0x61, 0x69, 0x6c, 0x20, 0x66, 0x6f, 0x72, 0x20, 0x61
  .byte 0x6e, 0x20, 0x41, 0x69, 0x72, 0x62, 0x6e, 0x62, 0x2d, 0x6c, 0x69, 0x6b, 0x65, 0x20, 0x70, 0x6c
  .byte 0x61, 0x74, 0x66, 0x6f, 0x72, 0x6d, 0x20, 0x63, 0x61, 0x6c, 0x6c, 0x65, 0x64, 0x20, 0x22, 0x57
  .byte 0x61, 0x6e, 0x64, 0x65, 0x72, 0x6c, 0x79, 0x22, 0x2e, 0x20, 0x55, 0x73, 0x65, 0x20, 0x63, 0x6f
  .byte 0x72, 0x61, 0x6c, 0x20, 0x28, 0x23, 0x46, 0x46, 0x35, 0x41, 0x35, 0x46, 0x29, 0x20, 0x61, 0x73
  .byte 0x20, 0x74, 0x68, 0x65, 0x20, 0x61, 0x63, 0x63, 0x65, 0x6e, 0x74, 0x20, 0x63, 0x6f, 0x6c, 0x6f
  .byte 0x72, 0x2e, 0x20, 0x4d, 0x61, 0x6b, 0x65, 0x20, 0x69, 0x74, 0x20, 0x69, 0x6d, 0x61, 0x67, 0x65
  .byte 0x2d, 0x72, 0x69, 0x63, 0x68, 0x2c, 0x20, 0x66, 0x72, 0x69, 0x65, 0x6e, 0x64, 0x6c, 0x79, 0x2c
  .byte 0x20, 0x61, 0x6e, 0x64, 0x20, 0x69, 0x6e, 0x73, 0x70, 0x69, 0x72, 0x69, 0x6e, 0x67, 0x2e, 0x0a
  .byte 0x0a, 0x49, 0x6e, 0x63, 0x6c, 0x75, 0x64, 0x65, 0x20, 0x74, 0x68, 0x65, 0x73, 0x65, 0x20, 0x73
  .byte 0x65, 0x63, 0x74, 0x69, 0x6f, 0x6e, 0x73, 0x20, 0x69, 0x6e, 0x20, 0x6f, 0x72, 0x64, 0x65, 0x72
  .byte 0x3a, 0x0a, 0x0a, 0x31, 0x2e, 0x20, 0x45, 0x6d, 0x61, 0x69, 0x6c, 0x48, 0x65, 0x61, 0x64, 0x65
  .byte 0x72, 0x43, 0x65, 0x6e, 0x74, 0x65, 0x72, 0x65, 0x64, 0x4e, 0x61, 0x76, 0x20, 0x77, 0x69, 0x74
  .byte 0x68, 0x20, 0x6c, 0x6f, 0x67, 0x6f, 0x20, 0x28, 0x68, 0x74, 0x74, 0x70, 0x73, 0x3a, 0x2f, 0x2f
  .byte 0x70, 0x69, 0x63, 0x73, 0x75, 0x6d, 0x2e, 0x70, 0x68, 0x6f, 0x74, 0x6f, 0x73, 0x2f, 0x73, 0x65
  .byte 0x65, 0x64, 0x2f, 0x77, 0x61, 0x6e, 0x64, 0x65, 0x72, 0x6c, 0x79, 0x2d, 0x6c, 0x6f, 0x67, 0x6f
  .byte 0x2f, 0x31, 0x35, 0x30, 0x2f, 0x34, 0x32, 0x2c, 0x20, 0x22, 0x57, 0x61, 0x6e, 0x64, 0x65, 0x72
  .byte 0x6c, 0x79, 0x22, 0x2c, 0x20, 0x68, 0x65, 0x69, 0x67, 0x68, 0x74, 0x20, 0x34, 0x32, 0x29, 0x20
  .byte 0x61, 0x6e, 0x64, 0x20, 0x33, 0x20, 0x6e, 0x61, 0x76, 0x20, 0x6c, 0x69, 0x6e, 0x6b, 0x73, 0x3a
  .byte 0x20, 0x22, 0x45, 0x78, 0x70, 0x6c, 0x6f, 0x72, 0x65, 0x22, 0x2c, 0x20, 0x22, 0x53, 0x74, 0x61
  .byte 0x79, 0x73, 0x22, 0x2c, 0x20, 0x22, 0x45, 0x78, 0x70, 0x65, 0x72, 0x69, 0x65, 0x6e, 0x63, 0x65
  .byte 0x73, 0x22, 0x0a, 0x32, 0x2e, 0x20, 0x45, 0x6d, 0x61, 0x69, 0x6c, 0x44, 0x69, 0x76, 0x69, 0x64
  .byte 0x65, 0x72, 0x0a, 0x33, 0x2e, 0x20, 0x45, 0x6d, 0x61, 0x69, 0x6c, 0x48, 0x65, 0x61, 0x64, 0x69
  .byte 0x6e, 0x67, 0x20, 0x22, 0x59, 0x6f, 0x75, 0x72, 0x20, 0x57, 0x65, 0x65, 0x6b, 0x20, 0x69, 0x6e
  .byte 0x20, 0x54, 0x72, 0x61, 0x76, 0x65, 0x6c, 0x22, 0x20, 0x28, 0x6c, 0x65, 0x76, 0x65, 0x6c, 0x20
  .byte 0x31, 0x29, 0x0a, 0x34, 0x2e, 0x20, 0x45, 0x6d, 0x61, 0x69, 0x6c, 0x54, 0x65, 0x78, 0x74, 0x20
  .byte 0x22, 0x48, 0x61, 0x6e, 0x64, 0x70, 0x69, 0x63, 0x6b, 0x65, 0x64, 0x20, 0x64, 0x65, 0x73, 0x74
  .byte 0x69, 0x6e, 0x61, 0x74, 0x69, 0x6f, 0x6e, 0x73, 0x2c, 0x20, 0x74, 0x72, 0x65, 0x6e, 0x64, 0x69
  .byte 0x6e, 0x67, 0x20, 0x73, 0x74, 0x61, 0x79, 0x73, 0x2c, 0x20, 0x61, 0x6e, 0x64, 0x20, 0x65, 0x78
  .byte 0x63, 0x6c, 0x75, 0x73, 0x69, 0x76, 0x65, 0x20, 0x64, 0x65, 0x61, 0x6c, 0x73, 0x20, 0xe2, 0x80
  .byte 0x94, 0x20, 0x63, 0x75, 0x72, 0x61, 0x74, 0x65, 0x64, 0x20, 0x6a, 0x75, 0x73, 0x74, 0x20, 0x66
  .byte 0x6f, 0x72, 0x20, 0x79, 0x6f, 0x75, 0x2e, 0x20, 0x48, 0x65, 0x72, 0x65, 0x27, 0x73, 0x20, 0x77
  .byte 0x68, 0x61, 0x74, 0x27, 0x73, 0x20, 0x69, 0x6e, 0x73, 0x70, 0x69, 0x72, 0x69, 0x6e, 0x67, 0x20
  .byte 0x74, 0x72, 0x61, 0x76, 0x65, 0x6c, 0x65, 0x72, 0x73, 0x20, 0x74, 0x68, 0x69, 0x73, 0x20, 0x77
  .byte 0x65, 0x65, 0x6b, 0x2e, 0x22, 0x0a, 0x35, 0x2e, 0x20, 0x45, 0x6d, 0x61, 0x69, 0x6c, 0x44, 0x69
  .byte 0x76, 0x69, 0x64, 0x65, 0x72, 0x0a, 0x36, 0x2e, 0x20, 0x45, 0x6d, 0x61, 0x69, 0x6c, 0x49, 0x6d
  .byte 0x61, 0x67, 0x65, 0x47, 0x72, 0x69, 0x64, 0x20, 0x74, 0x69, 0x74, 0x6c, 0x65, 0x64, 0x20, 0x22
  .byte 0x54, 0x72, 0x65, 0x6e, 0x64, 0x69, 0x6e, 0x67, 0x20, 0x44, 0x65, 0x73, 0x74, 0x69, 0x6e, 0x61
  .byte 0x74, 0x69, 0x6f, 0x6e, 0x73, 0x22, 0x20, 0x77, 0x69, 0x74, 0x68, 0x20, 0x64, 0x65, 0x73, 0x63
  .byte 0x72, 0x69, 0x70, 0x74, 0x69, 0x6f, 0x6e, 0x20, 0x22, 0x54, 0x68, 0x65, 0x20, 0x6d, 0x6f, 0x73
  .byte 0x74, 0x2d, 0x62, 0x6f, 0x6f, 0x6b, 0x65, 0x64, 0x20, 0x70, 0x6c, 0x61, 0x63, 0x65, 0x73, 0x20
  .byte 0x62, 0x79, 0x20, 0x57, 0x61, 0x6e, 0x64, 0x65, 0x72, 0x6c, 0x79, 0x20, 0x74, 0x72, 0x61, 0x76
  .byte 0x65, 0x6c, 0x65, 0x72, 0x73, 0x20, 0x74, 0x68, 0x69, 0x73, 0x20, 0x6d, 0x6f, 0x6e, 0x74, 0x68
  .byte 0x2e, 0x22, 0x20, 0x61, 0x6e, 0x64, 0x20, 0x34, 0x20, 0x69, 0x6d, 0x61, 0x67, 0x65, 0x73, 0x3a
  .byte 0x0a, 0x20, 0x20, 0x20, 0x2d, 0x20, 0x28, 0x68, 0x74, 0x74, 0x70, 0x73, 0x3a, 0x2f, 0x2f, 0x70
  .byte 0x69, 0x63, 0x73, 0x75, 0x6d, 0x2e, 0x70, 0x68, 0x6f, 0x74, 0x6f, 0x73, 0x2f, 0x73, 0x65, 0x65
  .byte 0x64, 0x2f, 0x73, 0x61, 0x6e, 0x74, 0x6f, 0x72, 0x69, 0x6e, 0x69, 0x2d, 0x62, 0x6c, 0x75, 0x65
  .byte 0x2f, 0x33, 0x30, 0x30, 0x2f, 0x32, 0x38, 0x38, 0x2c, 0x20, 0x22, 0x53, 0x61, 0x6e, 0x74, 0x6f
  .byte 0x72, 0x69, 0x6e, 0x69, 0x2c, 0x20, 0x47, 0x72, 0x65, 0x65, 0x63, 0x65, 0x22, 0x29, 0x0a, 0x20
  .byte 0x20, 0x20, 0x2d, 0x20, 0x28, 0x68, 0x74, 0x74, 0x70, 0x73, 0x3a, 0x2f, 0x2f, 0x70, 0x69, 0x63
  .byte 0x73, 0x75, 0x6d, 0x2e, 0x70, 0x68, 0x6f, 0x74, 0x6f, 0x73, 0x2f, 0x73, 0x65, 0x65, 0x64, 0x2f
  .byte 0x6b, 0x79, 0x6f, 0x74, 0x6f, 0x2d, 0x74, 0x65, 0x6d, 0x70, 0x6c, 0x65, 0x2f, 0x33, 0x30, 0x30
  .byte 0x2f, 0x32, 0x38, 0x38, 0x2c, 0x20, 0x22, 0x4b, 0x79, 0x6f, 0x74, 0x6f, 0x2c, 0x20, 0x4a, 0x61
  .byte 0x70, 0x61, 0x6e, 0x22, 0x29, 0x0a, 0x20, 0x20, 0x20, 0x2d, 0x20, 0x28, 0x68, 0x74, 0x74, 0x70
  .byte 0x73, 0x3a, 0x2f, 0x2f, 0x70, 0x69, 0x63, 0x73, 0x75, 0x6d, 0x2e, 0x70, 0x68, 0x6f, 0x74, 0x6f
  .byte 0x73, 0x2f, 0x73, 0x65, 0x65, 0x64, 0x2f, 0x6d, 0x61, 0x6c, 0x64, 0x69, 0x76, 0x65, 0x73, 0x2d
  .byte 0x6f, 0x63, 0x65, 0x61, 0x6e, 0x2f, 0x33, 0x30, 0x30, 0x2f, 0x32, 0x38, 0x38, 0x2c, 0x20, 0x22
  .byte 0x4d, 0x61, 0x6c, 0x64, 0x69, 0x76, 0x65, 0x73, 0x22, 0x29, 0x0a, 0x20, 0x20, 0x20, 0x2d, 0x20
  .byte 0x28, 0x68, 0x74, 0x74, 0x70, 0x73, 0x3a, 0x2f, 0x2f, 0x70, 0x69, 0x63, 0x73, 0x75, 0x6d, 0x2e
  .byte 0x70, 0x68, 0x6f, 0x74, 0x6f, 0x73, 0x2f, 0x73, 0x65, 0x65, 0x64, 0x2f, 0x73, 0x77, 0x69, 0x73
  .byte 0x73, 0x2d, 0x61, 0x6c, 0x70, 0x73, 0x2d, 0x73, 0x6e, 0x6f, 0x77, 0x2f, 0x33, 0x30, 0x30, 0x2f
  .byte 0x32, 0x38, 0x38, 0x2c, 0x20, 0x22, 0x53, 0x77, 0x69, 0x73, 0x73, 0x20, 0x41, 0x6c, 0x70, 0x73
  .byte 0x22, 0x29, 0x0a, 0x37, 0x2e, 0x20, 0x45, 0x6d, 0x61, 0x69, 0x6c, 0x44, 0x69, 0x76, 0x69, 0x64
  .byte 0x65, 0x72, 0x0a, 0x38, 0x2e, 0x20, 0x45, 0x6d, 0x61, 0x69, 0x6c, 0x41, 0x72, 0x74, 0x69, 0x63
  .byte 0x6c, 0x65, 0x20, 0x77, 0x69, 0x74, 0x68, 0x20, 0x69, 0x6d, 0x61, 0x67, 0x65, 0x20, 0x28, 0x68
  .byte 0x74, 0x74, 0x70, 0x73, 0x3a, 0x2f, 0x2f, 0x70, 0x69, 0x63, 0x73, 0x75, 0x6d, 0x2e, 0x70, 0x68
  .byte 0x6f, 0x74, 0x6f, 0x73, 0x2f, 0x73, 0x65, 0x65, 0x64, 0x2f, 0x6f, 0x63, 0x65, 0x61, 0x6e, 0x2d
  .byte 0x76, 0x69, 0x6c, 0x6c, 0x61, 0x2d, 0x73, 0x75, 0x6e, 0x73, 0x65, 0x74, 0x2f, 0x36, 0x30, 0x30
  .byte 0x2f, 0x33, 0x32, 0x30, 0x2c, 0x20, 0x22, 0x4f, 0x63, 0x65, 0x61, 0x6e, 0x20, 0x56, 0x69, 0x6c
  .byte 0x6c, 0x61, 0x20, 0x61, 0x74, 0x20, 0x53, 0x75, 0x6e, 0x73, 0x65, 0x74, 0x22, 0x29, 0x2c, 0x20
  .byte 0x63, 0x61, 0x74, 0x65, 0x67, 0x6f, 0x72, 0x79, 0x20, 0x22, 0x46, 0x45, 0x41, 0x54, 0x55, 0x52
  .byte 0x45, 0x44, 0x20, 0x53, 0x54, 0x41, 0x59, 0x22, 0x2c, 0x20, 0x74, 0x69, 0x74, 0x6c, 0x65, 0x20
  .byte 0x22, 0x43, 0x6c, 0x69, 0x66, 0x66, 0x73, 0x69, 0x64, 0x65, 0x20, 0x4f, 0x63, 0x65, 0x61, 0x6e
  .byte 0x20, 0x56, 0x69, 0x6c, 0x6c, 0x61, 0x20, 0x69, 0x6e, 0x20, 0x53, 0x61, 0x6e, 0x74, 0x6f, 0x72
  .byte 0x69, 0x6e, 0x69, 0x22, 0x2c, 0x20, 0x64, 0x65, 0x73, 0x63, 0x72, 0x69, 0x70, 0x74, 0x69, 0x6f
  .byte 0x6e, 0x20, 0x22, 0x57, 0x61, 0x6b, 0x65, 0x20, 0x75, 0x70, 0x20, 0x74, 0x6f, 0x20, 0x70, 0x61
  .byte 0x6e, 0x6f, 0x72, 0x61, 0x6d, 0x69, 0x63, 0x20, 0x76, 0x69, 0x65, 0x77, 0x73, 0x20, 0x6f, 0x66
  .byte 0x20, 0x74, 0x68, 0x65, 0x20, 0x41, 0x65, 0x67, 0x65, 0x61, 0x6e, 0x20, 0x53, 0x65, 0x61, 0x20
  .byte 0x66, 0x72, 0x6f, 0x6d, 0x20, 0x79, 0x6f, 0x75, 0x72, 0x20, 0x70, 0x72, 0x69, 0x76, 0x61, 0x74
  .byte 0x65, 0x20, 0x69, 0x6e, 0x66, 0x69, 0x6e, 0x69, 0x74, 0x79, 0x20, 0x70, 0x6f, 0x6f, 0x6c, 0x2e
  .byte 0x20, 0x54, 0x68, 0x69, 0x73, 0x20, 0x73, 0x74, 0x75, 0x6e, 0x6e, 0x69, 0x6e, 0x67, 0x20, 0x33
  .byte 0x2d, 0x62, 0x65, 0x64, 0x72, 0x6f, 0x6f, 0x6d, 0x20, 0x76, 0x69, 0x6c, 0x6c, 0x61, 0x20, 0x66
  .byte 0x65, 0x61, 0x74, 0x75, 0x72, 0x65, 0x73, 0x20, 0x68, 0x61, 0x6e, 0x64, 0x2d, 0x63, 0x61, 0x72
  .byte 0x76, 0x65, 0x64, 0x20, 0x73, 0x74, 0x6f, 0x6e, 0x65, 0x20, 0x69, 0x6e, 0x74, 0x65, 0x72, 0x69
  .byte 0x6f, 0x72, 0x73, 0x2c, 0x20, 0x61, 0x20, 0x73, 0x75, 0x6e, 0x2d, 0x64, 0x72, 0x65, 0x6e, 0x63
  .byte 0x68, 0x65, 0x64, 0x20, 0x74, 0x65, 0x72, 0x72, 0x61, 0x63, 0x65, 0x2c, 0x20, 0x61, 0x6e, 0x64
  .byte 0x20, 0x64, 0x69, 0x72, 0x65, 0x63, 0x74, 0x20, 0x61, 0x63, 0x63, 0x65, 0x73, 0x73, 0x20, 0x74
  .byte 0x6f, 0x20, 0x61, 0x20, 0x73, 0x65, 0x63, 0x6c, 0x75, 0x64, 0x65, 0x64, 0x20, 0x62, 0x65, 0x61
  .byte 0x63, 0x68, 0x2e, 0x22, 0x2c, 0x20, 0x62, 0x75, 0x74, 0x74, 0x6f, 0x6e, 0x20, 0x22, 0x42, 0x6f
  .byte 0x6f, 0x6b, 0x20, 0x4e, 0x6f, 0x77, 0x20, 0xe2, 0x80, 0x94, 0x20, 0x24, 0x32, 0x38, 0x35, 0x2f
  .byte 0x6e, 0x69, 0x67, 0x68, 0x74, 0x22, 0x2c, 0x20, 0x68, 0x72, 0x65, 0x66, 0x20, 0x68, 0x74, 0x74
  .byte 0x70, 0x73, 0x3a, 0x2f, 0x2f, 0x77, 0x61, 0x6e, 0x64, 0x65, 0x72, 0x6c, 0x79, 0x2e, 0x63, 0x6f
  .byte 0x6d, 0x2f, 0x73, 0x74, 0x61, 0x79, 0x73, 0x2f, 0x73, 0x61, 0x6e, 0x74, 0x6f, 0x72, 0x69, 0x6e
  .byte 0x69, 0x2d, 0x76, 0x69, 0x6c, 0x6c, 0x61, 0x2c, 0x20, 0x63, 0x6f, 0x6c, 0x6f, 0x72, 0x20, 0x23
  .byte 0x46, 0x46, 0x35, 0x41, 0x35, 0x46, 0x0a, 0x39, 0x2e, 0x20, 0x45, 0x6d, 0x61, 0x69, 0x6c, 0x44
  .byte 0x69, 0x76, 0x69, 0x64, 0x65, 0x72, 0x0a, 0x31, 0x30, 0x2e, 0x20, 0x45, 0x6d, 0x61, 0x69, 0x6c
  .byte 0x4c, 0x69, 0x73, 0x74, 0x20, 0x74, 0x69, 0x74, 0x6c, 0x65, 0x64, 0x20, 0x22, 0x54, 0x6f, 0x70
  .byte 0x20, 0x33, 0x20, 0x50, 0x69, 0x63, 0x6b, 0x73, 0x20, 0x54, 0x68, 0x69, 0x73, 0x20, 0x57, 0x65
  .byte 0x65, 0x6b, 0x22, 0x20, 0x77, 0x69, 0x74, 0x68, 0x20, 0x33, 0x20, 0x69, 0x74, 0x65, 0x6d, 0x73
  .byte 0x3a, 0x0a, 0x20, 0x20, 0x20, 0x20, 0x2d, 0x20, 0x22, 0x41, 0x6d, 0x61, 0x6c, 0x66, 0x69, 0x20
  .byte 0x43, 0x6f, 0x61, 0x73, 0x74, 0x2c, 0x20, 0x49, 0x74, 0x61, 0x6c, 0x79, 0x22, 0x20, 0x2f, 0x20
  .byte 0x22, 0x4c, 0x65, 0x6d, 0x6f, 0x6e, 0x20, 0x67, 0x72, 0x6f, 0x76, 0x65, 0x73, 0x2c, 0x20, 0x70
  .byte 0x61, 0x73, 0x74, 0x65, 0x6c, 0x20, 0x76, 0x69, 0x6c, 0x6c, 0x61, 0x67, 0x65, 0x73, 0x2c, 0x20
  .byte 0x61, 0x6e, 0x64, 0x20, 0x74, 0x68, 0x65, 0x20, 0x62, 0x65, 0x73, 0x74, 0x20, 0x70, 0x61, 0x73
  .byte 0x74, 0x61, 0x20, 0x79, 0x6f, 0x75, 0x27, 0x6c, 0x6c, 0x20, 0x65, 0x76, 0x65, 0x72, 0x20, 0x65
  .byte 0x61, 0x74, 0x2e, 0x20, 0x50, 0x72, 0x69, 0x63, 0x65, 0x73, 0x20, 0x64, 0x72, 0x6f, 0x70, 0x20
  .byte 0x32, 0x30, 0x25, 0x20, 0x69, 0x6e, 0x20, 0x73, 0x68, 0x6f, 0x75, 0x6c, 0x64, 0x65, 0x72, 0x20
  .byte 0x73, 0x65, 0x61, 0x73, 0x6f, 0x6e, 0x2e, 0x22, 0x0a, 0x20, 0x20, 0x20, 0x20, 0x2d, 0x20, 0x22
  .byte 0x42, 0x61, 0x6c, 0x69, 0x20, 0x52, 0x69, 0x63, 0x65, 0x20, 0x54, 0x65, 0x72, 0x72, 0x61, 0x63
  .byte 0x65, 0x73, 0x22, 0x20, 0x2f, 0x20, 0x22, 0x55, 0x62, 0x75, 0x64, 0x27, 0x73, 0x20, 0x65, 0x6d
  .byte 0x65, 0x72, 0x61, 0x6c, 0x64, 0x20, 0x72, 0x69, 0x63, 0x65, 0x20, 0x70, 0x61, 0x64, 0x64, 0x69
  .byte 0x65, 0x73, 0x20, 0x61, 0x72, 0x65, 0x20, 0x70, 0x65, 0x61, 0x6b, 0x20, 0x6d, 0x61, 0x67, 0x69
  .byte 0x63, 0x20, 0x72, 0x69, 0x67, 0x68, 0x74, 0x20, 0x6e, 0x6f, 0x77, 0x2e, 0x20, 0x42, 0x6f, 0x6f
  .byte 0x6b, 0x20, 0x61, 0x20, 0x74, 0x72, 0x65, 0x65, 0x68, 0x6f, 0x75, 0x73, 0x65, 0x20, 0x73, 0x74
  .byte 0x61, 0x79, 0x20, 0x66, 0x6f, 0x72, 0x20, 0x74, 0x68, 0x65, 0x20, 0x66, 0x75, 0x6c, 0x6c, 0x20
  .byte 0x65, 0x78, 0x70, 0x65, 0x72, 0x69, 0x65, 0x6e, 0x63, 0x65, 0x2e, 0x22, 0x0a, 0x20, 0x20, 0x20
  .byte 0x20, 0x2d, 0x20, 0x22, 0x4e, 0x6f, 0x72, 0x74, 0x68, 0x65, 0x72, 0x6e, 0x20, 0x4c, 0x69, 0x67
  .byte 0x68, 0x74, 0x73, 0x2c, 0x20, 0x49, 0x63, 0x65, 0x6c, 0x61, 0x6e, 0x64, 0x22, 0x20, 0x2f, 0x20
  .byte 0x22, 0x41, 0x75, 0x72, 0x6f, 0x72, 0x61, 0x20, 0x73, 0x65, 0x61, 0x73, 0x6f, 0x6e, 0x20, 0x70
  .byte 0x65, 0x61, 0x6b, 0x73, 0x20, 0x74, 0x68, 0x69, 0x73, 0x20, 0x6d, 0x6f, 0x6e, 0x74, 0x68, 0x2e
  .byte 0x20, 0x47, 0x6c, 0x61, 0x73, 0x73, 0x2d, 0x72, 0x6f, 0x6f, 0x66, 0x20, 0x63, 0x61, 0x62, 0x69
  .byte 0x6e, 0x73, 0x20, 0x61, 0x72, 0x65, 0x20, 0x73, 0x65, 0x6c, 0x6c, 0x69, 0x6e, 0x67, 0x20, 0x6f
  .byte 0x75, 0x74, 0x20, 0xe2, 0x80, 0x94, 0x20, 0x64, 0x6f, 0x6e, 0x27, 0x74, 0x20, 0x77, 0x61, 0x69
  .byte 0x74, 0x2e, 0x22, 0x0a, 0x31, 0x31, 0x2e, 0x20, 0x45, 0x6d, 0x61, 0x69, 0x6c, 0x44, 0x69, 0x76
  .byte 0x69, 0x64, 0x65, 0x72, 0x0a, 0x31, 0x32, 0x2e, 0x20, 0x45, 0x6d, 0x61, 0x69, 0x6c, 0x53, 0x74
  .byte 0x61, 0x74, 0x73, 0x20, 0x77, 0x69, 0x74, 0x68, 0x20, 0x33, 0x20, 0x69, 0x74, 0x65, 0x6d, 0x73
  .byte 0x3a, 0x20, 0x28, 0x22, 0x32, 0x4d, 0x2b, 0x22, 0x2c, 0x20, 0x22, 0x53, 0x74, 0x61, 0x79, 0x73
  .byte 0x20, 0x42, 0x6f, 0x6f, 0x6b, 0x65, 0x64, 0x22, 0x29, 0x2c, 0x20, 0x28, 0x22, 0x31, 0x39, 0x30
  .byte 0x22, 0x2c, 0x20, 0x22, 0x43, 0x6f, 0x75, 0x6e, 0x74, 0x72, 0x69, 0x65, 0x73, 0x22, 0x29, 0x2c
  .byte 0x20, 0x28, 0x22, 0x34, 0x2e, 0x38, 0xe2, 0x98, 0x85, 0x22, 0x2c, 0x20, 0x22, 0x41, 0x76, 0x67
  .byte 0x20, 0x52, 0x61, 0x74, 0x69, 0x6e, 0x67, 0x22, 0x29, 0x0a, 0x31, 0x36, 0x2e, 0x20, 0x45, 0x6d
  .byte 0x61, 0x69, 0x6c, 0x44, 0x69, 0x76, 0x69, 0x64, 0x65, 0x72, 0x0a, 0x31, 0x37, 0x2e, 0x20, 0x45
  .byte 0x6d, 0x61, 0x69, 0x6c, 0x53, 0x75, 0x72, 0x76, 0x65, 0x79, 0x52, 0x61, 0x74, 0x69, 0x6e, 0x67
  .byte 0x20, 0x77, 0x69, 0x74, 0x68, 0x20, 0x71, 0x75, 0x65, 0x73, 0x74, 0x69, 0x6f, 0x6e, 0x20, 0x22
  .byte 0x48, 0x6f, 0x77, 0x20, 0x77, 0x61, 0x73, 0x20, 0x79, 0x6f, 0x75, 0x72, 0x20, 0x6c, 0x61, 0x73
  .byte 0x74, 0x20, 0x74, 0x72, 0x69, 0x70, 0x3f, 0x22, 0x20, 0x61, 0x6e, 0x64, 0x20, 0x64, 0x65, 0x73
  .byte 0x63, 0x72, 0x69, 0x70, 0x74, 0x69, 0x6f, 0x6e, 0x20, 0x22, 0x59, 0x6f, 0x75, 0x72, 0x20, 0x66
  .byte 0x65, 0x65, 0x64, 0x62, 0x61, 0x63, 0x6b, 0x20, 0x68, 0x65, 0x6c, 0x70, 0x73, 0x20, 0x75, 0x73
  .byte 0x20, 0x66, 0x69, 0x6e, 0x64, 0x20, 0x62, 0x65, 0x74, 0x74, 0x65, 0x72, 0x20, 0x73, 0x74, 0x61
  .byte 0x79, 0x73, 0x20, 0x66, 0x6f, 0x72, 0x20, 0x79, 0x6f, 0x75, 0x2e, 0x22, 0x20, 0x61, 0x6e, 0x64
  .byte 0x20, 0x63, 0x6f, 0x6c, 0x6f, 0x72, 0x20, 0x23, 0x46, 0x46, 0x35, 0x41, 0x35, 0x46, 0x0a, 0x31
  .byte 0x38, 0x2e, 0x20, 0x45, 0x6d, 0x61, 0x69, 0x6c, 0x44, 0x69, 0x76, 0x69, 0x64, 0x65, 0x72, 0x0a
  .byte 0x31, 0x39, 0x2e, 0x20, 0x45, 0x6d, 0x61, 0x69, 0x6c, 0x54, 0x65, 0x73, 0x74, 0x69, 0x6d, 0x6f
  .byte 0x6e, 0x69, 0x61, 0x6c, 0x20, 0x77, 0x69, 0x74, 0x68, 0x20, 0x71, 0x75, 0x6f, 0x74, 0x65, 0x20
  .byte 0x22, 0x57, 0x61, 0x6e, 0x64, 0x65, 0x72, 0x6c, 0x79, 0x20, 0x66, 0x6f, 0x75, 0x6e, 0x64, 0x20
  .byte 0x75, 0x73, 0x20, 0x61, 0x20, 0x68, 0x69, 0x64, 0x64, 0x65, 0x6e, 0x20, 0x67, 0x65, 0x6d, 0x20
  .byte 0x69, 0x6e, 0x20, 0x54, 0x75, 0x73, 0x63, 0x61, 0x6e, 0x79, 0x20, 0x74, 0x68, 0x61, 0x74, 0x20
  .byte 0x77, 0x61, 0x73, 0x6e, 0x27, 0x74, 0x20, 0x6f, 0x6e, 0x20, 0x61, 0x6e, 0x79, 0x20, 0x6f, 0x74
  .byte 0x68, 0x65, 0x72, 0x20, 0x70, 0x6c, 0x61, 0x74, 0x66, 0x6f, 0x72, 0x6d, 0x2e, 0x20, 0x54, 0x68
  .byte 0x65, 0x20, 0x68, 0x6f, 0x73, 0x74, 0x20, 0x6c, 0x65, 0x66, 0x74, 0x20, 0x68, 0x6f, 0x6d, 0x65
  .byte 0x6d, 0x61, 0x64, 0x65, 0x20, 0x6c, 0x69, 0x6d, 0x6f, 0x6e, 0x63, 0x65, 0x6c, 0x6c, 0x6f, 0x20
  .byte 0x61, 0x6e, 0x64, 0x20, 0x61, 0x20, 0x68, 0x61, 0x6e, 0x64, 0x77, 0x72, 0x69, 0x74, 0x74, 0x65
  .byte 0x6e, 0x20, 0x77, 0x65, 0x6c, 0x63, 0x6f, 0x6d, 0x65, 0x20, 0x6e, 0x6f, 0x74, 0x65, 0x2e, 0x20
  .byte 0x41, 0x62, 0x73, 0x6f, 0x6c, 0x75, 0x74, 0x65, 0x20, 0x6d, 0x61, 0x67, 0x69, 0x63, 0x2e, 0x22
  .byte 0x2c, 0x20, 0x61, 0x76, 0x61, 0x74, 0x61, 0x72, 0x20, 0x28, 0x68, 0x74, 0x74, 0x70, 0x73, 0x3a
  .byte 0x2f, 0x2f, 0x70, 0x69, 0x63, 0x73, 0x75, 0x6d, 0x2e, 0x70, 0x68, 0x6f, 0x74, 0x6f, 0x73, 0x2f
  .byte 0x73, 0x65, 0x65, 0x64, 0x2f, 0x67, 0x75, 0x65, 0x73, 0x74, 0x2d, 0x6a, 0x61, 0x6d, 0x65, 0x73
  .byte 0x2f, 0x31, 0x30, 0x30, 0x2f, 0x31, 0x30, 0x30, 0x2c, 0x20, 0x22, 0x4a, 0x61, 0x6d, 0x65, 0x73
  .byte 0x20, 0x4d, 0x69, 0x74, 0x63, 0x68, 0x65, 0x6c, 0x6c, 0x22, 0x29, 0x2c, 0x20, 0x6e, 0x61, 0x6d
  .byte 0x65, 0x20, 0x22, 0x4a, 0x61, 0x6d, 0x65, 0x73, 0x20, 0x4d, 0x69, 0x74, 0x63, 0x68, 0x65, 0x6c
  .byte 0x6c, 0x22, 0x2c, 0x20, 0x72, 0x6f, 0x6c, 0x65, 0x20, 0x22, 0x56, 0x65, 0x72, 0x69, 0x66, 0x69
  .byte 0x65, 0x64, 0x20, 0x47, 0x75, 0x65, 0x73, 0x74, 0x20, 0xc2, 0xb7, 0x20, 0x54, 0x75, 0x73, 0x63
  .byte 0x61, 0x6e, 0x79, 0x20, 0x32, 0x30, 0x32, 0x35, 0x22, 0x0a, 0x32, 0x30, 0x2e, 0x20, 0x45, 0x6d
  .byte 0x61, 0x69, 0x6c, 0x44, 0x69, 0x76, 0x69, 0x64, 0x65, 0x72, 0x0a, 0x32, 0x31, 0x2e, 0x20, 0x45
  .byte 0x6d, 0x61, 0x69, 0x6c, 0x46, 0x6f, 0x6f, 0x74, 0x65, 0x72, 0x43, 0x65, 0x6e, 0x74, 0x65, 0x72
  .byte 0x65, 0x64, 0x20, 0x77, 0x69, 0x74, 0x68, 0x20, 0x6c, 0x6f, 0x67, 0x6f, 0x20, 0x28, 0x68, 0x74
  .byte 0x74, 0x70, 0x73, 0x3a, 0x2f, 0x2f, 0x70, 0x69, 0x63, 0x73, 0x75, 0x6d, 0x2e, 0x70, 0x68, 0x6f
  .byte 0x74, 0x6f, 0x73, 0x2f, 0x73, 0x65, 0x65, 0x64, 0x2f, 0x77, 0x61, 0x6e, 0x64, 0x65, 0x72, 0x6c
  .byte 0x79, 0x2d, 0x69, 0x63, 0x6f, 0x6e, 0x2f, 0x34, 0x32, 0x2f, 0x34, 0x32, 0x2c, 0x20, 0x22, 0x57
  .byte 0x61, 0x6e, 0x64, 0x65, 0x72, 0x6c, 0x79, 0x22, 0x29, 0x2c, 0x20, 0x63, 0x6f, 0x6d, 0x70, 0x61
  .byte 0x6e, 0x79, 0x20, 0x22, 0x57, 0x61, 0x6e, 0x64, 0x65, 0x72, 0x6c, 0x79, 0x22, 0x2c, 0x20, 0x74
  .byte 0x61, 0x67, 0x6c, 0x69, 0x6e, 0x65, 0x20, 0x22, 0x46, 0x69, 0x6e, 0x64, 0x20, 0x79, 0x6f, 0x75
  .byte 0x72, 0x20, 0x6e, 0x65, 0x78, 0x74, 0x20, 0x61, 0x64, 0x76, 0x65, 0x6e, 0x74, 0x75, 0x72, 0x65
  .byte 0x22, 0x2c, 0x20, 0x61, 0x64, 0x64, 0x72, 0x65, 0x73, 0x73, 0x20, 0x22, 0x57, 0x61, 0x6e, 0x64
  .byte 0x65, 0x72, 0x6c, 0x79, 0x20, 0x49, 0x6e, 0x63, 0x20, 0xc2, 0xb7, 0x20, 0x38, 0x38, 0x38, 0x20
  .byte 0x42, 0x72, 0x61, 0x6e, 0x6e, 0x61, 0x6e, 0x20, 0x53, 0x74, 0x20, 0xc2, 0xb7, 0x20, 0x53, 0x61
  .byte 0x6e, 0x20, 0x46, 0x72, 0x61, 0x6e, 0x63, 0x69, 0x73, 0x63, 0x6f, 0x2c, 0x20, 0x43, 0x41, 0x20
  .byte 0x39, 0x34, 0x31, 0x30, 0x33, 0x22, 0x2c, 0x20, 0x63, 0x6f, 0x6e, 0x74, 0x61, 0x63, 0x74, 0x20
  .byte 0x22, 0x68, 0x65, 0x6c, 0x6c, 0x6f, 0x40, 0x77, 0x61, 0x6e, 0x64, 0x65, 0x72, 0x6c, 0x79, 0x2e
  .byte 0x63, 0x6f, 0x6d, 0x22, 0x2c, 0x20, 0x61, 0x6e, 0x64, 0x20, 0x33, 0x20, 0x73, 0x6f, 0x63, 0x69
  .byte 0x61, 0x6c, 0x20, 0x69, 0x63, 0x6f, 0x6e, 0x73, 0x3a, 0x0a, 0x20, 0x20, 0x20, 0x20, 0x2d, 0x20
  .byte 0x28, 0x68, 0x74, 0x74, 0x70, 0x73, 0x3a, 0x2f, 0x2f, 0x72, 0x65, 0x61, 0x63, 0x74, 0x2e, 0x65
  .byte 0x6d, 0x61, 0x69, 0x6c, 0x2f, 0x73, 0x74, 0x61, 0x74, 0x69, 0x63, 0x2f, 0x66, 0x61, 0x63, 0x65
  .byte 0x62, 0x6f, 0x6f, 0x6b, 0x2d, 0x6c, 0x6f, 0x67, 0x6f, 0x2e, 0x70, 0x6e, 0x67, 0x2c, 0x20, 0x22
  .byte 0x46, 0x61, 0x63, 0x65, 0x62, 0x6f, 0x6f, 0x6b, 0x22, 0x2c, 0x20, 0x68, 0x74, 0x74, 0x70, 0x73
  .byte 0x3a, 0x2f, 0x2f, 0x66, 0x61, 0x63, 0x65, 0x62, 0x6f, 0x6f, 0x6b, 0x2e, 0x63, 0x6f, 0x6d, 0x2f
  .byte 0x77, 0x61, 0x6e, 0x64, 0x65, 0x72, 0x6c, 0x79, 0x29, 0x0a, 0x20, 0x20, 0x20, 0x20, 0x2d, 0x20
  .byte 0x28, 0x68, 0x74, 0x74, 0x70, 0x73, 0x3a, 0x2f, 0x2f, 0x72, 0x65, 0x61, 0x63, 0x74, 0x2e, 0x65
  .byte 0x6d, 0x61, 0x69, 0x6c, 0x2f, 0x73, 0x74, 0x61, 0x74, 0x69, 0x63, 0x2f, 0x78, 0x2d, 0x6c, 0x6f
  .byte 0x67, 0x6f, 0x2e, 0x70, 0x6e, 0x67, 0x2c, 0x20, 0x22, 0x58, 0x22, 0x2c, 0x20, 0x68, 0x74, 0x74
  .byte 0x70, 0x73, 0x3a, 0x2f, 0x2f, 0x78, 0x2e, 0x63, 0x6f, 0x6d, 0x2f, 0x77, 0x61, 0x6e, 0x64, 0x65
  .byte 0x72, 0x6c, 0x79, 0x29, 0x0a, 0x20, 0x20, 0x20, 0x20, 0x2d, 0x20, 0x28, 0x68, 0x74, 0x74, 0x70
  .byte 0x73, 0x3a, 0x2f, 0x2f, 0x72, 0x65, 0x61, 0x63, 0x74, 0x2e, 0x65, 0x6d, 0x61, 0x69, 0x6c, 0x2f
  .byte 0x73, 0x74, 0x61, 0x74, 0x69, 0x63, 0x2f, 0x69, 0x6e, 0x73, 0x74, 0x61, 0x67, 0x72, 0x61, 0x6d
  .byte 0x2d, 0x6c, 0x6f, 0x67, 0x6f, 0x2e, 0x70, 0x6e, 0x67, 0x2c, 0x20, 0x22, 0x49, 0x6e, 0x73, 0x74
  .byte 0x61, 0x67, 0x72, 0x61, 0x6d, 0x22, 0x2c, 0x20, 0x68, 0x74, 0x74, 0x70, 0x73, 0x3a, 0x2f, 0x2f
  .byte 0x69, 0x6e, 0x73, 0x74, 0x61, 0x67, 0x72, 0x61, 0x6d, 0x2e, 0x63, 0x6f, 0x6d, 0x2f, 0x77, 0x61
  .byte 0x6e, 0x64, 0x65, 0x72, 0x6c, 0x79, 0x29, 0x60, 0x2c, 0x0a, 0x20, 0x20, 0x7d, 0x2c, 0x0a, 0x5d
  .byte 0x3b, 0x0a

  .globl openui_full_port_examples_react_email_src_components_composePage_starters_ts_108d0b4b6158_pass_3_len
openui_full_port_examples_react_email_src_components_composePage_starters_ts_108d0b4b6158_pass_3_len:
  .quad 16162

# assembly pass: 4/4
  .globl openui_full_port_examples_react_email_src_components_composePage_starters_ts_108d0b4b6158_pass_4
openui_full_port_examples_react_email_src_components_composePage_starters_ts_108d0b4b6158_pass_4:
  .byte 0x65, 0x78, 0x70, 0x6f, 0x72, 0x74, 0x20, 0x63, 0x6f, 0x6e, 0x73, 0x74, 0x20, 0x53, 0x54, 0x41
  .byte 0x52, 0x54, 0x45, 0x52, 0x53, 0x20, 0x3d, 0x20, 0x5b, 0x0a, 0x20, 0x20, 0x7b, 0x0a, 0x20, 0x20
  .byte 0x20, 0x20, 0x69, 0x63, 0x6f, 0x6e, 0x3a, 0x20, 0x22, 0x5c, 0x75, 0x44, 0x38, 0x33, 0x44, 0x5c
  .byte 0x75, 0x44, 0x45, 0x38, 0x30, 0x22, 0x2c, 0x0a, 0x20, 0x20, 0x20, 0x20, 0x69, 0x63, 0x6f, 0x6e
  .byte 0x42, 0x67, 0x3a, 0x20, 0x22, 0x23, 0x31, 0x61, 0x31, 0x61, 0x33, 0x65, 0x22, 0x2c, 0x0a, 0x20
  .byte 0x20, 0x20, 0x20, 0x64, 0x69, 0x73, 0x70, 0x6c, 0x61, 0x79, 0x54, 0x65, 0x78, 0x74, 0x3a, 0x20
  .byte 0x22, 0x4f, 0x70, 0x65, 0x6e, 0x55, 0x49, 0x20, 0x6c, 0x61, 0x75, 0x6e, 0x63, 0x68, 0x20, 0x61
  .byte 0x6e, 0x6e, 0x6f, 0x75, 0x6e, 0x63, 0x65, 0x6d, 0x65, 0x6e, 0x74, 0x22, 0x2c, 0x0a, 0x20, 0x20
  .byte 0x20, 0x20, 0x70, 0x72, 0x6f, 0x6d, 0x70, 0x74, 0x3a, 0x20, 0x60, 0x43, 0x72, 0x65, 0x61, 0x74
  .byte 0x65, 0x20, 0x61, 0x20, 0x62, 0x65, 0x61, 0x75, 0x74, 0x69, 0x66, 0x75, 0x6c, 0x20, 0x6c, 0x61
  .byte 0x75, 0x6e, 0x63, 0x68, 0x20, 0x61, 0x6e, 0x6e, 0x6f, 0x75, 0x6e, 0x63, 0x65, 0x6d, 0x65, 0x6e
  .byte 0x74, 0x20, 0x65, 0x6d, 0x61, 0x69, 0x6c, 0x20, 0x66, 0x6f, 0x72, 0x20, 0x4f, 0x70, 0x65, 0x6e
  .byte 0x55, 0x49, 0x20, 0xe2, 0x80, 0x94, 0x20, 0x74, 0x68, 0x65, 0x20, 0x6f, 0x70, 0x65, 0x6e, 0x20
  .byte 0x73, 0x74, 0x61, 0x6e, 0x64, 0x61, 0x72, 0x64, 0x20, 0x66, 0x6f, 0x72, 0x20, 0x47, 0x65, 0x6e
  .byte 0x65, 0x72, 0x61, 0x74, 0x69, 0x76, 0x65, 0x20, 0x55, 0x49, 0x2e, 0x20, 0x4f, 0x70, 0x65, 0x6e
  .byte 0x55, 0x49, 0x20, 0x6c, 0x65, 0x74, 0x73, 0x20, 0x41, 0x49, 0x20, 0x72, 0x65, 0x73, 0x70, 0x6f
  .byte 0x6e, 0x64, 0x20, 0x77, 0x69, 0x74, 0x68, 0x20, 0x72, 0x65, 0x61, 0x6c, 0x20, 0x55, 0x49, 0x20
  .byte 0x63, 0x6f, 0x6d, 0x70, 0x6f, 0x6e, 0x65, 0x6e, 0x74, 0x73, 0x20, 0x69, 0x6e, 0x73, 0x74, 0x65
  .byte 0x61, 0x64, 0x20, 0x6f, 0x66, 0x20, 0x70, 0x6c, 0x61, 0x69, 0x6e, 0x20, 0x74, 0x65, 0x78, 0x74
  .byte 0x2e, 0x20, 0x55, 0x73, 0x65, 0x20, 0x74, 0x65, 0x61, 0x6c, 0x20, 0x28, 0x23, 0x35, 0x30, 0x44
  .byte 0x34, 0x45, 0x32, 0x29, 0x20, 0x61, 0x73, 0x20, 0x74, 0x68, 0x65, 0x20, 0x61, 0x63, 0x63, 0x65
  .byte 0x6e, 0x74, 0x20, 0x63, 0x6f, 0x6c, 0x6f, 0x72, 0x2e, 0x20, 0x4d, 0x61, 0x6b, 0x65, 0x20, 0x69
  .byte 0x74, 0x20, 0x64, 0x65, 0x76, 0x65, 0x6c, 0x6f, 0x70, 0x65, 0x72, 0x2d, 0x66, 0x6f, 0x63, 0x75
  .byte 0x73, 0x65, 0x64, 0x2c, 0x20, 0x70, 0x6f, 0x6c, 0x69, 0x73, 0x68, 0x65, 0x64, 0x2c, 0x20, 0x61
  .byte 0x6e, 0x64, 0x20, 0x63, 0x6f, 0x6d, 0x70, 0x72, 0x65, 0x68, 0x65, 0x6e, 0x73, 0x69, 0x76, 0x65
  .byte 0x2e, 0x0a, 0x0a, 0x49, 0x6e, 0x63, 0x6c, 0x75, 0x64, 0x65, 0x20, 0x74, 0x68, 0x65, 0x73, 0x65
  .byte 0x20, 0x73, 0x65, 0x63, 0x74, 0x69, 0x6f, 0x6e, 0x73, 0x20, 0x69, 0x6e, 0x20, 0x6f, 0x72, 0x64
  .byte 0x65, 0x72, 0x3a, 0x0a, 0x0a, 0x31, 0x2e, 0x20, 0x45, 0x6d, 0x61, 0x69, 0x6c, 0x48, 0x65, 0x61
  .byte 0x64, 0x65, 0x72, 0x43, 0x65, 0x6e, 0x74, 0x65, 0x72, 0x65, 0x64, 0x4e, 0x61, 0x76, 0x20, 0x77
  .byte 0x69, 0x74, 0x68, 0x20, 0x6c, 0x6f, 0x67, 0x6f, 0x20, 0x28, 0x68, 0x74, 0x74, 0x70, 0x73, 0x3a
  .byte 0x2f, 0x2f, 0x77, 0x77, 0x77, 0x2e, 0x6f, 0x70, 0x65, 0x6e, 0x75, 0x69, 0x2e, 0x63, 0x6f, 0x6d
  .byte 0x2f, 0x66, 0x61, 0x76, 0x69, 0x63, 0x6f, 0x6e, 0x2e, 0x73, 0x76, 0x67, 0x2c, 0x20, 0x22, 0x4f
  .byte 0x70, 0x65, 0x6e, 0x55, 0x49, 0x22, 0x2c, 0x20, 0x68, 0x65, 0x69, 0x67, 0x68, 0x74, 0x20, 0x34
  .byte 0x32, 0x29, 0x20, 0x61, 0x6e, 0x64, 0x20, 0x33, 0x20, 0x6e, 0x61, 0x76, 0x20, 0x6c, 0x69, 0x6e
  .byte 0x6b, 0x73, 0x3a, 0x20, 0x22, 0x44, 0x6f, 0x63, 0x75, 0x6d, 0x65, 0x6e, 0x74, 0x61, 0x74, 0x69
  .byte 0x6f, 0x6e, 0x22, 0x2c, 0x20, 0x22, 0x47, 0x69, 0x74, 0x48, 0x75, 0x62, 0x22, 0x2c, 0x20, 0x22
  .byte 0x45, 0x78, 0x61, 0x6d, 0x70, 0x6c, 0x65, 0x73, 0x22, 0x0a, 0x32, 0x2e, 0x20, 0x45, 0x6d, 0x61
  .byte 0x69, 0x6c, 0x44, 0x69, 0x76, 0x69, 0x64, 0x65, 0x72, 0x0a, 0x33, 0x2e, 0x20, 0x45, 0x6d, 0x61
  .byte 0x69, 0x6c, 0x49, 0x6d, 0x61, 0x67, 0x65, 0x20, 0x68, 0x65, 0x72, 0x6f, 0x20, 0x62, 0x61, 0x6e
  .byte 0x6e, 0x65, 0x72, 0x20, 0x28, 0x68, 0x74, 0x74, 0x70, 0x73, 0x3a, 0x2f, 0x2f, 0x77, 0x77, 0x77
  .byte 0x2e, 0x6f, 0x70, 0x65, 0x6e, 0x75, 0x69, 0x2e, 0x63, 0x6f, 0x6d, 0x2f, 0x6d, 0x65, 0x74, 0x61
  .byte 0x2d, 0x69, 0x6d, 0x61, 0x67, 0x65, 0x2e, 0x70, 0x6e, 0x67, 0x2c, 0x20, 0x22, 0x4f, 0x70, 0x65
  .byte 0x6e, 0x55, 0x49, 0x20, 0xe2, 0x80, 0x94, 0x20, 0x54, 0x68, 0x65, 0x20, 0x4f, 0x70, 0x65, 0x6e
  .byte 0x20, 0x53, 0x74, 0x61, 0x6e, 0x64, 0x61, 0x72, 0x64, 0x20, 0x66, 0x6f, 0x72, 0x20, 0x47, 0x65
  .byte 0x6e, 0x65, 0x72, 0x61, 0x74, 0x69, 0x76, 0x65, 0x20, 0x55, 0x49, 0x22, 0x2c, 0x20, 0x36, 0x30
  .byte 0x30, 0x29, 0x0a, 0x34, 0x2e, 0x20, 0x45, 0x6d, 0x61, 0x69, 0x6c, 0x48, 0x65, 0x61, 0x64, 0x69
  .byte 0x6e, 0x67, 0x20, 0x22, 0x54, 0x68, 0x65, 0x20, 0x4f, 0x70, 0x65, 0x6e, 0x20, 0x53, 0x74, 0x61
  .byte 0x6e, 0x64, 0x61, 0x72, 0x64, 0x20, 0x66, 0x6f, 0x72, 0x20, 0x47, 0x65, 0x6e, 0x65, 0x72, 0x61
  .byte 0x74, 0x69, 0x76, 0x65, 0x20, 0x55, 0x49, 0x22, 0x20, 0x28, 0x6c, 0x65, 0x76, 0x65, 0x6c, 0x20
  .byte 0x31, 0x29, 0x0a, 0x35, 0x2e, 0x20, 0x45, 0x6d, 0x61, 0x69, 0x6c, 0x54, 0x65, 0x78, 0x74, 0x20
  .byte 0x22, 0x53, 0x74, 0x6f, 0x70, 0x20, 0x62, 0x75, 0x69, 0x6c, 0x64, 0x69, 0x6e, 0x67, 0x20, 0x63
  .byte 0x68, 0x61, 0x74, 0x20, 0x55, 0x49, 0x73, 0x20, 0x74, 0x68, 0x61, 0x74, 0x20, 0x6f, 0x6e, 0x6c
  .byte 0x79, 0x20, 0x72, 0x65, 0x74, 0x75, 0x72, 0x6e, 0x20, 0x70, 0x6c, 0x61, 0x69, 0x6e, 0x20, 0x74
  .byte 0x65, 0x78, 0x74, 0x2e, 0x20, 0x4f, 0x70, 0x65, 0x6e, 0x55, 0x49, 0x20, 0x6c, 0x65, 0x74, 0x73
  .byte 0x20, 0x79, 0x6f, 0x75, 0x72, 0x20, 0x41, 0x49, 0x20, 0x72, 0x65, 0x73, 0x70, 0x6f, 0x6e, 0x64
  .byte 0x20, 0x77, 0x69, 0x74, 0x68, 0x20, 0x72, 0x65, 0x61, 0x6c, 0x2c, 0x20, 0x69, 0x6e, 0x74, 0x65
  .byte 0x72, 0x61, 0x63, 0x74, 0x69, 0x76, 0x65, 0x20, 0x63, 0x6f, 0x6d, 0x70, 0x6f, 0x6e, 0x65, 0x6e
  .byte 0x74, 0x73, 0x20, 0xe2, 0x80, 0x94, 0x20, 0x66, 0x6f, 0x72, 0x6d, 0x73, 0x2c, 0x20, 0x63, 0x68
  .byte 0x61, 0x72, 0x74, 0x73, 0x2c, 0x20, 0x63, 0x61, 0x72, 0x64, 0x73, 0x2c, 0x20, 0x74, 0x61, 0x62
  .byte 0x6c, 0x65, 0x73, 0x2c, 0x20, 0x61, 0x6e, 0x64, 0x20, 0x6d, 0x6f, 0x72, 0x65, 0x2e, 0x20, 0x44
  .byte 0x65, 0x66, 0x69, 0x6e, 0x65, 0x20, 0x79, 0x6f, 0x75, 0x72, 0x20, 0x63, 0x6f, 0x6d, 0x70, 0x6f
  .byte 0x6e, 0x65, 0x6e, 0x74, 0x73, 0x20, 0x6f, 0x6e, 0x63, 0x65, 0x2c, 0x20, 0x61, 0x6e, 0x64, 0x20
  .byte 0x61, 0x6e, 0x79, 0x20, 0x4c, 0x4c, 0x4d, 0x20, 0x63, 0x61, 0x6e, 0x20, 0x72, 0x65, 0x6e, 0x64
  .byte 0x65, 0x72, 0x20, 0x74, 0x68, 0x65, 0x6d, 0x2e, 0x22, 0x0a, 0x36, 0x2e, 0x20, 0x45, 0x6d, 0x61
  .byte 0x69, 0x6c, 0x42, 0x75, 0x74, 0x74, 0x6f, 0x6e, 0x20, 0x22, 0x47, 0x65, 0x74, 0x20, 0x53, 0x74
  .byte 0x61, 0x72, 0x74, 0x65, 0x64, 0x20, 0xe2, 0x80, 0x94, 0x20, 0x6e, 0x70, 0x78, 0x20, 0x40, 0x6f
  .byte 0x70, 0x65, 0x6e, 0x75, 0x69, 0x64, 0x65, 0x76, 0x2f, 0x63, 0x6c, 0x69, 0x20, 0x63, 0x72, 0x65
  .byte 0x61, 0x74, 0x65, 0x22, 0x20, 0x6c, 0x69, 0x6e, 0x6b, 0x69, 0x6e, 0x67, 0x20, 0x74, 0x6f, 0x20
  .byte 0x68, 0x74, 0x74, 0x70, 0x73, 0x3a, 0x2f, 0x2f, 0x77, 0x77, 0x77, 0x2e, 0x6f, 0x70, 0x65, 0x6e
  .byte 0x75, 0x69, 0x2e, 0x63, 0x6f, 0x6d, 0x20, 0x77, 0x69, 0x74, 0x68, 0x20, 0x63, 0x6f, 0x6c, 0x6f
  .byte 0x72, 0x20, 0x23, 0x35, 0x30, 0x44, 0x34, 0x45, 0x32, 0x0a, 0x37, 0x2e, 0x20, 0x45, 0x6d, 0x61
  .byte 0x69, 0x6c, 0x44, 0x69, 0x76, 0x69, 0x64, 0x65, 0x72, 0x0a, 0x38, 0x2e, 0x20, 0x45, 0x6d, 0x61
  .byte 0x69, 0x6c, 0x48, 0x65, 0x61, 0x64, 0x69, 0x6e, 0x67, 0x20, 0x22, 0x57, 0x68, 0x79, 0x20, 0x64
  .byte 0x65, 0x76, 0x65, 0x6c, 0x6f, 0x70, 0x65, 0x72, 0x73, 0x20, 0x63, 0x68, 0x6f, 0x6f, 0x73, 0x65
  .byte 0x20, 0x4f, 0x70, 0x65, 0x6e, 0x55, 0x49, 0x22, 0x20, 0x28, 0x6c, 0x65, 0x76, 0x65, 0x6c, 0x20
  .byte 0x32, 0x29, 0x0a, 0x39, 0x2e, 0x20, 0x45, 0x6d, 0x61, 0x69, 0x6c, 0x54, 0x65, 0x78, 0x74, 0x20
  .byte 0x22, 0x4f, 0x70, 0x65, 0x6e, 0x55, 0x49, 0x20, 0x69, 0x73, 0x20, 0x75, 0x70, 0x20, 0x74, 0x6f
  .byte 0x20, 0x33, 0x78, 0x20, 0x66, 0x61, 0x73, 0x74, 0x65, 0x72, 0x20, 0x72, 0x65, 0x6e, 0x64, 0x65
  .byte 0x72, 0x69, 0x6e, 0x67, 0x20, 0x74, 0x68, 0x61, 0x6e, 0x20, 0x4a, 0x53, 0x4f, 0x4e, 0x2d, 0x62
  .byte 0x61, 0x73, 0x65, 0x64, 0x20, 0x61, 0x70, 0x70, 0x72, 0x6f, 0x61, 0x63, 0x68, 0x65, 0x73, 0x2c
  .byte 0x20, 0x75, 0x73, 0x65, 0x73, 0x20, 0x75, 0x70, 0x20, 0x74, 0x6f, 0x20, 0x36, 0x37, 0x25, 0x20
  .byte 0x66, 0x65, 0x77, 0x65, 0x72, 0x20, 0x74, 0x6f, 0x6b, 0x65, 0x6e, 0x73, 0x2c, 0x20, 0x61, 0x6e
  .byte 0x64, 0x20, 0x77, 0x6f, 0x72, 0x6b, 0x73, 0x20, 0x77, 0x69, 0x74, 0x68, 0x20, 0x61, 0x6e, 0x79
  .byte 0x20, 0x4c, 0x4c, 0x4d, 0x20, 0x70, 0x72, 0x6f, 0x76, 0x69, 0x64, 0x65, 0x72, 0x2e, 0x22, 0x0a
  .byte 0x31, 0x30, 0x2e, 0x20, 0x45, 0x6d, 0x61, 0x69, 0x6c, 0x44, 0x69, 0x76, 0x69, 0x64, 0x65, 0x72
  .byte 0x0a, 0x31, 0x31, 0x2e, 0x20, 0x45, 0x6d, 0x61, 0x69, 0x6c, 0x53, 0x74, 0x61, 0x74, 0x73, 0x20
  .byte 0x77, 0x69, 0x74, 0x68, 0x20, 0x33, 0x20, 0x69, 0x74, 0x65, 0x6d, 0x73, 0x3a, 0x20, 0x28, 0x22
  .byte 0x33, 0x78, 0x22, 0x2c, 0x20, 0x22, 0x46, 0x61, 0x73, 0x74, 0x65, 0x72, 0x20, 0x52, 0x65, 0x6e
  .byte 0x64, 0x65, 0x72, 0x69, 0x6e, 0x67, 0x22, 0x29, 0x2c, 0x20, 0x28, 0x22, 0x36, 0x37, 0x25, 0x22
  .byte 0x2c, 0x20, 0x22, 0x46, 0x65, 0x77, 0x65, 0x72, 0x20, 0x54, 0x6f, 0x6b, 0x65, 0x6e, 0x73, 0x22
  .byte 0x29, 0x2c, 0x20, 0x28, 0x22, 0x30, 0x22, 0x2c, 0x20, 0x22, 0x41, 0x72, 0x62, 0x69, 0x74, 0x72
  .byte 0x61, 0x72, 0x79, 0x20, 0x43, 0x6f, 0x64, 0x65, 0x20, 0x45, 0x78, 0x65, 0x63, 0x75, 0x74, 0x69
  .byte 0x6f, 0x6e, 0x22, 0x29, 0x0a, 0x31, 0x32, 0x2e, 0x20, 0x45, 0x6d, 0x61, 0x69, 0x6c, 0x44, 0x69
  .byte 0x76, 0x69, 0x64, 0x65, 0x72, 0x0a, 0x31, 0x33, 0x2e, 0x20, 0x45, 0x6d, 0x61, 0x69, 0x6c, 0x46
  .byte 0x65, 0x61, 0x74, 0x75, 0x72, 0x65, 0x47, 0x72, 0x69, 0x64, 0x20, 0x74, 0x69, 0x74, 0x6c, 0x65
  .byte 0x64, 0x20, 0x22, 0x42, 0x75, 0x69, 0x6c, 0x74, 0x20, 0x66, 0x6f, 0x72, 0x20, 0x74, 0x68, 0x65
  .byte 0x20, 0x6d, 0x6f, 0x64, 0x65, 0x72, 0x6e, 0x20, 0x41, 0x49, 0x20, 0x73, 0x74, 0x61, 0x63, 0x6b
  .byte 0x22, 0x20, 0x77, 0x69, 0x74, 0x68, 0x20, 0x64, 0x65, 0x73, 0x63, 0x72, 0x69, 0x70, 0x74, 0x69
  .byte 0x6f, 0x6e, 0x20, 0x22, 0x45, 0x76, 0x65, 0x72, 0x79, 0x74, 0x68, 0x69, 0x6e, 0x67, 0x20, 0x79
  .byte 0x6f, 0x75, 0x20, 0x6e, 0x65, 0x65, 0x64, 0x20, 0x74, 0x6f, 0x20, 0x73, 0x68, 0x69, 0x70, 0x20
  .byte 0x67, 0x65, 0x6e, 0x65, 0x72, 0x61, 0x74, 0x69, 0x76, 0x65, 0x20, 0x55, 0x49, 0x20, 0x65, 0x78
  .byte 0x70, 0x65, 0x72, 0x69, 0x65, 0x6e, 0x63, 0x65, 0x73, 0x2e, 0x22, 0x20, 0x61, 0x6e, 0x64, 0x20
  .byte 0x34, 0x20, 0x69, 0x74, 0x65, 0x6d, 0x73, 0x3a, 0x0a, 0x20, 0x20, 0x20, 0x20, 0x2d, 0x20, 0x28
  .byte 0x68, 0x74, 0x74, 0x70, 0x73, 0x3a, 0x2f, 0x2f, 0x72, 0x65, 0x61, 0x63, 0x74, 0x2e, 0x64, 0x65
  .byte 0x76, 0x2f, 0x66, 0x61, 0x76, 0x69, 0x63, 0x6f, 0x6e, 0x2d, 0x33, 0x32, 0x78, 0x33, 0x32, 0x2e
  .byte 0x70, 0x6e, 0x67, 0x2c, 0x20, 0x22, 0x52, 0x65, 0x61, 0x63, 0x74, 0x22, 0x2c, 0x20, 0x22, 0x52
  .byte 0x65, 0x61, 0x63, 0x74, 0x20, 0x43, 0x6f, 0x6d, 0x70, 0x6f, 0x6e, 0x65, 0x6e, 0x74, 0x73, 0x22
  .byte 0x2c, 0x20, 0x22, 0x34, 0x30, 0x2b, 0x20, 0x70, 0x72, 0x6f, 0x64, 0x75, 0x63, 0x74, 0x69, 0x6f
  .byte 0x6e, 0x2d, 0x72, 0x65, 0x61, 0x64, 0x79, 0x20, 0x63, 0x6f, 0x6d, 0x70, 0x6f, 0x6e, 0x65, 0x6e
  .byte 0x74, 0x73, 0x20, 0x77, 0x69, 0x74, 0x68, 0x20, 0x64, 0x65, 0x66, 0x69, 0x6e, 0x65, 0x43, 0x6f
  .byte 0x6d, 0x70, 0x6f, 0x6e, 0x65, 0x6e, 0x74, 0x20, 0x61, 0x6e, 0x64, 0x20, 0x5a, 0x6f, 0x64, 0x2d
  .byte 0x70, 0x6f, 0x77, 0x65, 0x72, 0x65, 0x64, 0x20, 0x74, 0x79, 0x70, 0x65, 0x20, 0x73, 0x61, 0x66
  .byte 0x65, 0x74, 0x79, 0x2e, 0x22, 0x29, 0x0a, 0x20, 0x20, 0x20, 0x20, 0x2d, 0x20, 0x28, 0x68, 0x74
  .byte 0x74, 0x70, 0x73, 0x3a, 0x2f, 0x2f, 0x6f, 0x70, 0x65, 0x6e, 0x61, 0x69, 0x2e, 0x63, 0x6f, 0x6d
  .byte 0x2f, 0x66, 0x61, 0x76, 0x69, 0x63, 0x6f, 0x6e, 0x2e, 0x69, 0x63, 0x6f, 0x2c, 0x20, 0x22, 0x41
  .byte 0x49, 0x22, 0x2c, 0x20, 0x22, 0x41, 0x6e, 0x79, 0x20, 0x4c, 0x4c, 0x4d, 0x20, 0x50, 0x72, 0x6f
  .byte 0x76, 0x69, 0x64, 0x65, 0x72, 0x22, 0x2c, 0x20, 0x22, 0x4f, 0x70, 0x65, 0x6e, 0x41, 0x49, 0x2c
  .byte 0x20, 0x41, 0x6e, 0x74, 0x68, 0x72, 0x6f, 0x70, 0x69, 0x63, 0x2c, 0x20, 0x47, 0x65, 0x6d, 0x69
  .byte 0x6e, 0x69, 0x2c, 0x20, 0x4d, 0x69, 0x73, 0x74, 0x72, 0x61, 0x6c, 0x20, 0xe2, 0x80, 0x94, 0x20
  .byte 0x77, 0x6f, 0x72, 0x6b, 0x73, 0x20, 0x77, 0x69, 0x74, 0x68, 0x20, 0x61, 0x6e, 0x79, 0x20, 0x4f
  .byte 0x70, 0x65, 0x6e, 0x41, 0x49, 0x2d, 0x63, 0x6f, 0x6d, 0x70, 0x61, 0x74, 0x69, 0x62, 0x6c, 0x65
  .byte 0x20, 0x41, 0x50, 0x49, 0x2e, 0x22, 0x29, 0x0a, 0x20, 0x20, 0x20, 0x20, 0x2d, 0x20, 0x28, 0x68
  .byte 0x74, 0x74, 0x70, 0x73, 0x3a, 0x2f, 0x2f, 0x77, 0x77, 0x77, 0x2e, 0x74, 0x79, 0x70, 0x65, 0x73
  .byte 0x63, 0x72, 0x69, 0x70, 0x74, 0x6c, 0x61, 0x6e, 0x67, 0x2e, 0x6f, 0x72, 0x67, 0x2f, 0x66, 0x61
  .byte 0x76, 0x69, 0x63, 0x6f, 0x6e, 0x2d, 0x33, 0x32, 0x78, 0x33, 0x32, 0x2e, 0x70, 0x6e, 0x67, 0x2c
  .byte 0x20, 0x22, 0x54, 0x79, 0x70, 0x65, 0x53, 0x63, 0x72, 0x69, 0x70, 0x74, 0x22, 0x2c, 0x20, 0x22
  .byte 0x4f, 0x70, 0x65, 0x6e, 0x55, 0x49, 0x20, 0x4c, 0x61, 0x6e, 0x67, 0x22, 0x2c, 0x20, 0x22, 0x41
  .byte 0x20, 0x73, 0x70, 0x65, 0x63, 0x69, 0x61, 0x6c, 0x69, 0x7a, 0x65, 0x64, 0x20, 0x66, 0x6f, 0x72
  .byte 0x6d, 0x61, 0x74, 0x20, 0x74, 0x68, 0x61, 0x74, 0x20, 0x4c, 0x4c, 0x4d, 0x73, 0x20, 0x67, 0x65
  .byte 0x6e, 0x65, 0x72, 0x61, 0x74, 0x65, 0x20, 0x6e, 0x61, 0x74, 0x69, 0x76, 0x65, 0x6c, 0x79, 0x20
  .byte 0xe2, 0x80, 0x94, 0x20, 0x6e, 0x6f, 0x20, 0x4a, 0x53, 0x4f, 0x4e, 0x20, 0x70, 0x61, 0x72, 0x73
  .byte 0x69, 0x6e, 0x67, 0x2c, 0x20, 0x6e, 0x6f, 0x20, 0x70, 0x72, 0x6f, 0x6d, 0x70, 0x74, 0x20, 0x68
  .byte 0x61, 0x63, 0x6b, 0x73, 0x2e, 0x22, 0x29, 0x0a, 0x20, 0x20, 0x20, 0x20, 0x2d, 0x20, 0x28, 0x68
  .byte 0x74, 0x74, 0x70, 0x73, 0x3a, 0x2f, 0x2f, 0x76, 0x65, 0x72, 0x63, 0x65, 0x6c, 0x2e, 0x63, 0x6f
  .byte 0x6d, 0x2f, 0x66, 0x61, 0x76, 0x69, 0x63, 0x6f, 0x6e, 0x2e, 0x69, 0x63, 0x6f, 0x2c, 0x20, 0x22
  .byte 0x44, 0x65, 0x70, 0x6c, 0x6f, 0x79, 0x22, 0x2c, 0x20, 0x22, 0x43, 0x68, 0x61, 0x74, 0x20, 0x53
  .byte 0x44, 0x4b, 0x20, 0x49, 0x6e, 0x63, 0x6c, 0x75, 0x64, 0x65, 0x64, 0x22, 0x2c, 0x20, 0x22, 0x44
  .byte 0x72, 0x6f, 0x70, 0x2d, 0x69, 0x6e, 0x20, 0x43, 0x6f, 0x70, 0x69, 0x6c, 0x6f, 0x74, 0x2c, 0x20
  .byte 0x46, 0x75, 0x6c, 0x6c, 0x53, 0x63, 0x72, 0x65, 0x65, 0x6e, 0x2c, 0x20, 0x61, 0x6e, 0x64, 0x20
  .byte 0x42, 0x6f, 0x74, 0x74, 0x6f, 0x6d, 0x54, 0x72, 0x61, 0x79, 0x20, 0x6c, 0x61, 0x79, 0x6f, 0x75
  .byte 0x74, 0x73, 0x20, 0x77, 0x69, 0x74, 0x68, 0x20, 0x73, 0x74, 0x72, 0x65, 0x61, 0x6d, 0x69, 0x6e
  .byte 0x67, 0x20, 0x61, 0x6e, 0x64, 0x20, 0x70, 0x65, 0x72, 0x73, 0x69, 0x73, 0x74, 0x65, 0x6e, 0x63
  .byte 0x65, 0x2e, 0x22, 0x29, 0x0a, 0x31, 0x34, 0x2e, 0x20, 0x45, 0x6d, 0x61, 0x69, 0x6c, 0x44, 0x69
  .byte 0x76, 0x69, 0x64, 0x65, 0x72, 0x0a, 0x31, 0x35, 0x2e, 0x20, 0x45, 0x6d, 0x61, 0x69, 0x6c, 0x43
  .byte 0x6f, 0x64, 0x65, 0x42, 0x6c, 0x6f, 0x63, 0x6b, 0x20, 0x77, 0x69, 0x74, 0x68, 0x20, 0x74, 0x68
  .byte 0x69, 0x73, 0x20, 0x63, 0x6f, 0x64, 0x65, 0x3a, 0x0a, 0x20, 0x20, 0x20, 0x20, 0x22, 0x69, 0x6d
  .byte 0x70, 0x6f, 0x72, 0x74, 0x20, 0x7b, 0x20, 0x64, 0x65, 0x66, 0x69, 0x6e, 0x65, 0x43, 0x6f, 0x6d
  .byte 0x70, 0x6f, 0x6e, 0x65, 0x6e, 0x74, 0x20, 0x7d, 0x20, 0x66, 0x72, 0x6f, 0x6d, 0x20, 0x27, 0x40
  .byte 0x6f, 0x70, 0x65, 0x6e, 0x75, 0x69, 0x64, 0x65, 0x76, 0x2f, 0x72, 0x65, 0x61, 0x63, 0x74, 0x2d
  .byte 0x6c, 0x61, 0x6e, 0x67, 0x27, 0x3b, 0x5c, 0x5c, 0x6e, 0x69, 0x6d, 0x70, 0x6f, 0x72, 0x74, 0x20
  .byte 0x7b, 0x20, 0x7a, 0x20, 0x7d, 0x20, 0x66, 0x72, 0x6f, 0x6d, 0x20, 0x27, 0x7a, 0x6f, 0x64, 0x27
  .byte 0x3b, 0x5c, 0x5c, 0x6e, 0x5c, 0x5c, 0x6e, 0x65, 0x78, 0x70, 0x6f, 0x72, 0x74, 0x20, 0x63, 0x6f
  .byte 0x6e, 0x73, 0x74, 0x20, 0x57, 0x65, 0x61, 0x74, 0x68, 0x65, 0x72, 0x43, 0x61, 0x72, 0x64, 0x20
  .byte 0x3d, 0x20, 0x64, 0x65, 0x66, 0x69, 0x6e, 0x65, 0x43, 0x6f, 0x6d, 0x70, 0x6f, 0x6e, 0x65, 0x6e
  .byte 0x74, 0x28, 0x7b, 0x5c, 0x5c, 0x6e, 0x20, 0x20, 0x6e, 0x61, 0x6d, 0x65, 0x3a, 0x20, 0x27, 0x57
  .byte 0x65, 0x61, 0x74, 0x68, 0x65, 0x72, 0x43, 0x61, 0x72, 0x64, 0x27, 0x2c, 0x5c, 0x5c, 0x6e, 0x20
  .byte 0x20, 0x70, 0x72, 0x6f, 0x70, 0x73, 0x3a, 0x20, 0x7a, 0x2e, 0x6f, 0x62, 0x6a, 0x65, 0x63, 0x74
  .byte 0x28, 0x7b, 0x5c, 0x5c, 0x6e, 0x20, 0x20, 0x20, 0x20, 0x63, 0x69, 0x74, 0x79, 0x3a, 0x20, 0x7a
  .byte 0x2e, 0x73, 0x74, 0x72, 0x69, 0x6e, 0x67, 0x28, 0x29, 0x2c, 0x5c, 0x5c, 0x6e, 0x20, 0x20, 0x20
  .byte 0x20, 0x74, 0x65, 0x6d, 0x70, 0x3a, 0x20, 0x7a, 0x2e, 0x6e, 0x75, 0x6d, 0x62, 0x65, 0x72, 0x28
  .byte 0x29, 0x2c, 0x5c, 0x5c, 0x6e, 0x20, 0x20, 0x20, 0x20, 0x63, 0x6f, 0x6e, 0x64, 0x69, 0x74, 0x69
  .byte 0x6f, 0x6e, 0x3a, 0x20, 0x7a, 0x2e, 0x73, 0x74, 0x72, 0x69, 0x6e, 0x67, 0x28, 0x29, 0x2c, 0x5c
  .byte 0x5c, 0x6e, 0x20, 0x20, 0x7d, 0x29, 0x2c, 0x5c, 0x5c, 0x6e, 0x20, 0x20, 0x64, 0x65, 0x73, 0x63
  .byte 0x72, 0x69, 0x70, 0x74, 0x69, 0x6f, 0x6e, 0x3a, 0x20, 0x27, 0x53, 0x68, 0x6f, 0x77, 0x73, 0x20
  .byte 0x63, 0x75, 0x72, 0x72, 0x65, 0x6e, 0x74, 0x20, 0x77, 0x65, 0x61, 0x74, 0x68, 0x65, 0x72, 0x20
  .byte 0x66, 0x6f, 0x72, 0x20, 0x61, 0x20, 0x63, 0x69, 0x74, 0x79, 0x27, 0x2c, 0x5c, 0x5c, 0x6e, 0x20
  .byte 0x20, 0x63, 0x6f, 0x6d, 0x70, 0x6f, 0x6e, 0x65, 0x6e, 0x74, 0x3a, 0x20, 0x28, 0x7b, 0x20, 0x70
  .byte 0x72, 0x6f, 0x70, 0x73, 0x20, 0x7d, 0x29, 0x20, 0x3d, 0x3e, 0x20, 0x28, 0x5c, 0x5c, 0x6e, 0x20
  .byte 0x20, 0x20, 0x20, 0x3c, 0x64, 0x69, 0x76, 0x3e, 0x5c, 0x5c, 0x6e, 0x20, 0x20, 0x20, 0x20, 0x20
  .byte 0x20, 0x3c, 0x68, 0x33, 0x3e, 0x7b, 0x70, 0x72, 0x6f, 0x70, 0x73, 0x2e, 0x63, 0x69, 0x74, 0x79
  .byte 0x7d, 0x3c, 0x2f, 0x68, 0x33, 0x3e, 0x5c, 0x5c, 0x6e, 0x20, 0x20, 0x20, 0x20, 0x20, 0x20, 0x3c
  .byte 0x70, 0x3e, 0x7b, 0x70, 0x72, 0x6f, 0x70, 0x73, 0x2e, 0x74, 0x65, 0x6d, 0x70, 0x7d, 0xc2, 0xb0
  .byte 0x20, 0xe2, 0x80, 0x94, 0x20, 0x7b, 0x70, 0x72, 0x6f, 0x70, 0x73, 0x2e, 0x63, 0x6f, 0x6e, 0x64
  .byte 0x69, 0x74, 0x69, 0x6f, 0x6e, 0x7d, 0x3c, 0x2f, 0x70, 0x3e, 0x5c, 0x5c, 0x6e, 0x20, 0x20, 0x20
  .byte 0x20, 0x3c, 0x2f, 0x64, 0x69, 0x76, 0x3e, 0x5c, 0x5c, 0x6e, 0x20, 0x20, 0x29, 0x2c, 0x5c, 0x5c
  .byte 0x6e, 0x7d, 0x29, 0x3b, 0x22, 0x0a, 0x20, 0x20, 0x20, 0x20, 0x77, 0x69, 0x74, 0x68, 0x20, 0x6c
  .byte 0x61, 0x6e, 0x67, 0x75, 0x61, 0x67, 0x65, 0x20, 0x22, 0x74, 0x79, 0x70, 0x65, 0x73, 0x63, 0x72
  .byte 0x69, 0x70, 0x74, 0x22, 0x0a, 0x31, 0x36, 0x2e, 0x20, 0x45, 0x6d, 0x61, 0x69, 0x6c, 0x44, 0x69
  .byte 0x76, 0x69, 0x64, 0x65, 0x72, 0x0a, 0x31, 0x37, 0x2e, 0x20, 0x45, 0x6d, 0x61, 0x69, 0x6c, 0x46
  .byte 0x65, 0x61, 0x74, 0x75, 0x72, 0x65, 0x4c, 0x69, 0x73, 0x74, 0x20, 0x74, 0x69, 0x74, 0x6c, 0x65
  .byte 0x64, 0x20, 0x22, 0x48, 0x6f, 0x77, 0x20, 0x4f, 0x70, 0x65, 0x6e, 0x55, 0x49, 0x20, 0x77, 0x6f
  .byte 0x72, 0x6b, 0x73, 0x22, 0x20, 0x77, 0x69, 0x74, 0x68, 0x20, 0x64, 0x65, 0x73, 0x63, 0x72, 0x69
  .byte 0x70, 0x74, 0x69, 0x6f, 0x6e, 0x20, 0x22, 0x46, 0x72, 0x6f, 0x6d, 0x20, 0x63, 0x6f, 0x6d, 0x70
  .byte 0x6f, 0x6e, 0x65, 0x6e, 0x74, 0x20, 0x64, 0x65, 0x66, 0x69, 0x6e, 0x69, 0x74, 0x69, 0x6f, 0x6e
  .byte 0x20, 0x74, 0x6f, 0x20, 0x72, 0x65, 0x6e, 0x64, 0x65, 0x72, 0x65, 0x64, 0x20, 0x55, 0x49, 0x20
  .byte 0x69, 0x6e, 0x20, 0x34, 0x20, 0x73, 0x74, 0x65, 0x70, 0x73, 0x2e, 0x22, 0x20, 0x61, 0x6e, 0x64
  .byte 0x20, 0x33, 0x20, 0x69, 0x74, 0x65, 0x6d, 0x73, 0x3a, 0x0a, 0x20, 0x20, 0x20, 0x20, 0x2d, 0x20
  .byte 0x28, 0x68, 0x74, 0x74, 0x70, 0x73, 0x3a, 0x2f, 0x2f, 0x77, 0x77, 0x77, 0x2e, 0x6f, 0x70, 0x65
  .byte 0x6e, 0x75, 0x69, 0x2e, 0x63, 0x6f, 0x6d, 0x2f, 0x66, 0x61, 0x76, 0x69, 0x63, 0x6f, 0x6e, 0x2e
  .byte 0x73, 0x76, 0x67, 0x2c, 0x20, 0x22, 0x44, 0x65, 0x66, 0x69, 0x6e, 0x65, 0x22, 0x2c, 0x20, 0x22
  .byte 0x44, 0x65, 0x66, 0x69, 0x6e, 0x65, 0x20, 0x79, 0x6f, 0x75, 0x72, 0x20, 0x63, 0x6f, 0x6d, 0x70
  .byte 0x6f, 0x6e, 0x65, 0x6e, 0x74, 0x73, 0x22, 0x2c, 0x20, 0x22, 0x52, 0x65, 0x67, 0x69, 0x73, 0x74
  .byte 0x65, 0x72, 0x20, 0x63, 0x6f, 0x6d, 0x70, 0x6f, 0x6e, 0x65, 0x6e, 0x74, 0x73, 0x20, 0x77, 0x69
  .byte 0x74, 0x68, 0x20, 0x64, 0x65, 0x66, 0x69, 0x6e, 0x65, 0x43, 0x6f, 0x6d, 0x70, 0x6f, 0x6e, 0x65
  .byte 0x6e, 0x74, 0x20, 0x61, 0x6e, 0x64, 0x20, 0x5a, 0x6f, 0x64, 0x20, 0x73, 0x63, 0x68, 0x65, 0x6d
  .byte 0x61, 0x73, 0x2e, 0x20, 0x4f, 0x70, 0x65, 0x6e, 0x55, 0x49, 0x20, 0x67, 0x65, 0x6e, 0x65, 0x72
  .byte 0x61, 0x74, 0x65, 0x73, 0x20, 0x74, 0x68, 0x65, 0x20, 0x73, 0x79, 0x73, 0x74, 0x65, 0x6d, 0x20
  .byte 0x70, 0x72, 0x6f, 0x6d, 0x70, 0x74, 0x20, 0x61, 0x75, 0x74, 0x6f, 0x6d, 0x61, 0x74, 0x69, 0x63
  .byte 0x61, 0x6c, 0x6c, 0x79, 0x2e, 0x22, 0x29, 0x0a, 0x20, 0x20, 0x20, 0x20, 0x2d, 0x20, 0x28, 0x68
  .byte 0x74, 0x74, 0x70, 0x73, 0x3a, 0x2f, 0x2f, 0x77, 0x77, 0x77, 0x2e, 0x6f, 0x70, 0x65, 0x6e, 0x75
  .byte 0x69, 0x2e, 0x63, 0x6f, 0x6d, 0x2f, 0x66, 0x61, 0x76, 0x69, 0x63, 0x6f, 0x6e, 0x2e, 0x73, 0x76
  .byte 0x67, 0x2c, 0x20, 0x22, 0x47, 0x65, 0x6e, 0x65, 0x72, 0x61, 0x74, 0x65, 0x22, 0x2c, 0x20, 0x22
  .byte 0x4c, 0x4c, 0x4d, 0x20, 0x67, 0x65, 0x6e, 0x65, 0x72, 0x61, 0x74, 0x65, 0x73, 0x20, 0x4f, 0x70
  .byte 0x65, 0x6e, 0x55, 0x49, 0x20, 0x4c, 0x61, 0x6e, 0x67, 0x22, 0x2c, 0x20, 0x22, 0x54, 0x68, 0x65
  .byte 0x20, 0x41, 0x49, 0x20, 0x72, 0x65, 0x73, 0x70, 0x6f, 0x6e, 0x64, 0x73, 0x20, 0x69, 0x6e, 0x20
  .byte 0x61, 0x20, 0x6c, 0x69, 0x67, 0x68, 0x74, 0x77, 0x65, 0x69, 0x67, 0x68, 0x74, 0x2c, 0x20, 0x74
  .byte 0x6f, 0x6b, 0x65, 0x6e, 0x2d, 0x65, 0x66, 0x66, 0x69, 0x63, 0x69, 0x65, 0x6e, 0x74, 0x20, 0x66
  .byte 0x6f, 0x72, 0x6d, 0x61, 0x74, 0x20, 0x70, 0x75, 0x72, 0x70, 0x6f, 0x73, 0x65, 0x2d, 0x62, 0x75
  .byte 0x69, 0x6c, 0x74, 0x20, 0x66, 0x6f, 0x72, 0x20, 0x55, 0x49, 0x20, 0x67, 0x65, 0x6e, 0x65, 0x72
  .byte 0x61, 0x74, 0x69, 0x6f, 0x6e, 0x2e, 0x22, 0x29, 0x0a, 0x20, 0x20, 0x20, 0x20, 0x2d, 0x20, 0x28
  .byte 0x68, 0x74, 0x74, 0x70, 0x73, 0x3a, 0x2f, 0x2f, 0x77, 0x77, 0x77, 0x2e, 0x6f, 0x70, 0x65, 0x6e
  .byte 0x75, 0x69, 0x2e, 0x63, 0x6f, 0x6d, 0x2f, 0x66, 0x61, 0x76, 0x69, 0x63, 0x6f, 0x6e, 0x2e, 0x73
  .byte 0x76, 0x67, 0x2c, 0x20, 0x22, 0x52, 0x65, 0x6e, 0x64, 0x65, 0x72, 0x22, 0x2c, 0x20, 0x22, 0x52
  .byte 0x65, 0x6e, 0x64, 0x65, 0x72, 0x20, 0x69, 0x6e, 0x20, 0x72, 0x65, 0x61, 0x6c, 0x2d, 0x74, 0x69
  .byte 0x6d, 0x65, 0x22, 0x2c, 0x20, 0x22, 0x54, 0x68, 0x65, 0x20, 0x52, 0x65, 0x6e, 0x64, 0x65, 0x72
  .byte 0x65, 0x72, 0x20, 0x70, 0x61, 0x72, 0x73, 0x65, 0x73, 0x20, 0x61, 0x6e, 0x64, 0x20, 0x64, 0x69
  .byte 0x73, 0x70, 0x6c, 0x61, 0x79, 0x73, 0x20, 0x63, 0x6f, 0x6d, 0x70, 0x6f, 0x6e, 0x65, 0x6e, 0x74
  .byte 0x73, 0x20, 0x77, 0x69, 0x74, 0x68, 0x20, 0x73, 0x74, 0x72, 0x65, 0x61, 0x6d, 0x69, 0x6e, 0x67
  .byte 0x20, 0x73, 0x75, 0x70, 0x70, 0x6f, 0x72, 0x74, 0x20, 0xe2, 0x80, 0x94, 0x20, 0x6e, 0x6f, 0x20
  .byte 0x66, 0x6c, 0x61, 0x73, 0x68, 0x20, 0x6f, 0x66, 0x20, 0x65, 0x6d, 0x70, 0x74, 0x79, 0x20, 0x63
  .byte 0x6f, 0x6e, 0x74, 0x65, 0x6e, 0x74, 0x2e, 0x22, 0x29, 0x0a, 0x31, 0x38, 0x2e, 0x20, 0x45, 0x6d
  .byte 0x61, 0x69, 0x6c, 0x44, 0x69, 0x76, 0x69, 0x64, 0x65, 0x72, 0x0a, 0x31, 0x39, 0x2e, 0x20, 0x45
  .byte 0x6d, 0x61, 0x69, 0x6c, 0x4c, 0x69, 0x73, 0x74, 0x20, 0x74, 0x69, 0x74, 0x6c, 0x65, 0x64, 0x20
  .byte 0x22, 0x47, 0x65, 0x74, 0x20, 0x73, 0x74, 0x61, 0x72, 0x74, 0x65, 0x64, 0x20, 0x69, 0x6e, 0x20
  .byte 0x33, 0x20, 0x73, 0x74, 0x65, 0x70, 0x73, 0x22, 0x20, 0x77, 0x69, 0x74, 0x68, 0x20, 0x33, 0x20
  .byte 0x69, 0x74, 0x65, 0x6d, 0x73, 0x3a, 0x0a, 0x20, 0x20, 0x20, 0x20, 0x2d, 0x20, 0x22, 0x53, 0x63
  .byte 0x61, 0x66, 0x66, 0x6f, 0x6c, 0x64, 0x20, 0x79, 0x6f, 0x75, 0x72, 0x20, 0x70, 0x72, 0x6f, 0x6a
  .byte 0x65, 0x63, 0x74, 0x22, 0x20, 0x2f, 0x20, 0x22, 0x52, 0x75, 0x6e, 0x20, 0x6e, 0x70, 0x78, 0x20
  .byte 0x40, 0x6f, 0x70, 0x65, 0x6e, 0x75, 0x69, 0x64, 0x65, 0x76, 0x2f, 0x63, 0x6c, 0x69, 0x20, 0x63
  .byte 0x72, 0x65, 0x61, 0x74, 0x65, 0x20, 0x74, 0x6f, 0x20, 0x73, 0x65, 0x74, 0x20, 0x75, 0x70, 0x20
  .byte 0x61, 0x20, 0x6e, 0x65, 0x77, 0x20, 0x70, 0x72, 0x6f, 0x6a, 0x65, 0x63, 0x74, 0x20, 0x77, 0x69
  .byte 0x74, 0x68, 0x20, 0x52, 0x65, 0x61, 0x63, 0x74, 0x2c, 0x20, 0x54, 0x79, 0x70, 0x65, 0x53, 0x63
  .byte 0x72, 0x69, 0x70, 0x74, 0x2c, 0x20, 0x61, 0x6e, 0x64, 0x20, 0x79, 0x6f, 0x75, 0x72, 0x20, 0x63
  .byte 0x68, 0x6f, 0x69, 0x63, 0x65, 0x20, 0x6f, 0x66, 0x20, 0x4c, 0x4c, 0x4d, 0x20, 0x70, 0x72, 0x6f
  .byte 0x76, 0x69, 0x64, 0x65, 0x72, 0x2e, 0x22, 0x0a, 0x20, 0x20, 0x20, 0x20, 0x2d, 0x20, 0x22, 0x44
  .byte 0x65, 0x66, 0x69, 0x6e, 0x65, 0x20, 0x79, 0x6f, 0x75, 0x72, 0x20, 0x63, 0x6f, 0x6d, 0x70, 0x6f
  .byte 0x6e, 0x65, 0x6e, 0x74, 0x20, 0x6c, 0x69, 0x62, 0x72, 0x61, 0x72, 0x79, 0x22, 0x20, 0x2f, 0x20
  .byte 0x22, 0x55, 0x73, 0x65, 0x20, 0x64, 0x65, 0x66, 0x69, 0x6e, 0x65, 0x43, 0x6f, 0x6d, 0x70, 0x6f
  .byte 0x6e, 0x65, 0x6e, 0x74, 0x20, 0x77, 0x69, 0x74, 0x68, 0x20, 0x5a, 0x6f, 0x64, 0x20, 0x73, 0x63
  .byte 0x68, 0x65, 0x6d, 0x61, 0x73, 0x2e, 0x20, 0x47, 0x72, 0x6f, 0x75, 0x70, 0x20, 0x74, 0x68, 0x65
  .byte 0x6d, 0x20, 0x77, 0x69, 0x74, 0x68, 0x20, 0x63, 0x72, 0x65, 0x61, 0x74, 0x65, 0x4c, 0x69, 0x62
  .byte 0x72, 0x61, 0x72, 0x79, 0x2e, 0x20, 0x4f, 0x70, 0x65, 0x6e, 0x55, 0x49, 0x20, 0x68, 0x61, 0x6e
  .byte 0x64, 0x6c, 0x65, 0x73, 0x20, 0x74, 0x68, 0x65, 0x20, 0x73, 0x79, 0x73, 0x74, 0x65, 0x6d, 0x20
  .byte 0x70, 0x72, 0x6f, 0x6d, 0x70, 0x74, 0x2e, 0x22, 0x0a, 0x20, 0x20, 0x20, 0x20, 0x2d, 0x20, 0x22
  .byte 0x43, 0x6f, 0x6e, 0x6e, 0x65, 0x63, 0x74, 0x20, 0x61, 0x6e, 0x64, 0x20, 0x73, 0x68, 0x69, 0x70
  .byte 0x22, 0x20, 0x2f, 0x20, 0x22, 0x50, 0x6f, 0x69, 0x6e, 0x74, 0x20, 0x74, 0x6f, 0x20, 0x61, 0x6e
  .byte 0x79, 0x20, 0x4f, 0x70, 0x65, 0x6e, 0x41, 0x49, 0x2d, 0x63, 0x6f, 0x6d, 0x70, 0x61, 0x74, 0x69
  .byte 0x62, 0x6c, 0x65, 0x20, 0x41, 0x50, 0x49, 0x2e, 0x20, 0x44, 0x72, 0x6f, 0x70, 0x20, 0x69, 0x6e
  .byte 0x20, 0x61, 0x20, 0x43, 0x68, 0x61, 0x74, 0x20, 0x6c, 0x61, 0x79, 0x6f, 0x75, 0x74, 0x20, 0x6f
  .byte 0x72, 0x20, 0x75, 0x73, 0x65, 0x20, 0x74, 0x68, 0x65, 0x20, 0x68, 0x65, 0x61, 0x64, 0x6c, 0x65
  .byte 0x73, 0x73, 0x20, 0x75, 0x73, 0x65, 0x43, 0x68, 0x61, 0x74, 0x20, 0x68, 0x6f, 0x6f, 0x6b, 0x2e
  .byte 0x20, 0x44, 0x65, 0x70, 0x6c, 0x6f, 0x79, 0x20, 0x61, 0x6e, 0x79, 0x77, 0x68, 0x65, 0x72, 0x65
  .byte 0x2e, 0x22, 0x0a, 0x32, 0x30, 0x2e, 0x20, 0x45, 0x6d, 0x61, 0x69, 0x6c, 0x44, 0x69, 0x76, 0x69
  .byte 0x64, 0x65, 0x72, 0x0a, 0x32, 0x31, 0x2e, 0x20, 0x45, 0x6d, 0x61, 0x69, 0x6c, 0x50, 0x72, 0x69
  .byte 0x63, 0x69, 0x6e, 0x67, 0x43, 0x61, 0x72, 0x64, 0x20, 0x77, 0x69, 0x74, 0x68, 0x20, 0x62, 0x61
  .byte 0x64, 0x67, 0x65, 0x20, 0x22, 0x4f, 0x50, 0x45, 0x4e, 0x20, 0x53, 0x4f, 0x55, 0x52, 0x43, 0x45
  .byte 0x22, 0x2c, 0x20, 0x70, 0x72, 0x69, 0x63, 0x65, 0x20, 0x22, 0x24, 0x30, 0x22, 0x2c, 0x20, 0x70
  .byte 0x65, 0x72, 0x69, 0x6f, 0x64, 0x20, 0x22, 0x2f, 0x20, 0x66, 0x6f, 0x72, 0x65, 0x76, 0x65, 0x72
  .byte 0x22, 0x2c, 0x20, 0x64, 0x65, 0x73, 0x63, 0x72, 0x69, 0x70, 0x74, 0x69, 0x6f, 0x6e, 0x20, 0x22
  .byte 0x4f, 0x70, 0x65, 0x6e, 0x55, 0x49, 0x20, 0x69, 0x73, 0x20, 0x66, 0x75, 0x6c, 0x6c, 0x79, 0x20
  .byte 0x6f, 0x70, 0x65, 0x6e, 0x20, 0x73, 0x6f, 0x75, 0x72, 0x63, 0x65, 0x20, 0x75, 0x6e, 0x64, 0x65
  .byte 0x72, 0x20, 0x4d, 0x49, 0x54, 0x20, 0x6c, 0x69, 0x63, 0x65, 0x6e, 0x73, 0x65, 0x2e, 0x20, 0x4e
  .byte 0x6f, 0x20, 0x76, 0x65, 0x6e, 0x64, 0x6f, 0x72, 0x20, 0x6c, 0x6f, 0x63, 0x6b, 0x2d, 0x69, 0x6e
  .byte 0x2c, 0x20, 0x6e, 0x6f, 0x20, 0x75, 0x73, 0x61, 0x67, 0x65, 0x20, 0x6c, 0x69, 0x6d, 0x69, 0x74
  .byte 0x73, 0x2c, 0x20, 0x6e, 0x6f, 0x20, 0x65, 0x6e, 0x74, 0x65, 0x72, 0x70, 0x72, 0x69, 0x73, 0x65
  .byte 0x20, 0x67, 0x61, 0x74, 0x65, 0x73, 0x2e, 0x22, 0x2c, 0x20, 0x66, 0x65, 0x61, 0x74, 0x75, 0x72
  .byte 0x65, 0x73, 0x3a, 0x20, 0x22, 0x55, 0x6e, 0x6c, 0x69, 0x6d, 0x69, 0x74, 0x65, 0x64, 0x20, 0x63
  .byte 0x6f, 0x6d, 0x70, 0x6f, 0x6e, 0x65, 0x6e, 0x74, 0x73, 0x20, 0x26, 0x20, 0x6c, 0x69, 0x62, 0x72
  .byte 0x61, 0x72, 0x69, 0x65, 0x73, 0x22, 0x2c, 0x20, 0x22, 0x41, 0x6c, 0x6c, 0x20, 0x4c, 0x4c, 0x4d
  .byte 0x20, 0x70, 0x72, 0x6f, 0x76, 0x69, 0x64, 0x65, 0x72, 0x73, 0x20, 0x73, 0x75, 0x70, 0x70, 0x6f
  .byte 0x72, 0x74, 0x65, 0x64, 0x22, 0x2c, 0x20, 0x22, 0x43, 0x6f, 0x6d, 0x6d, 0x65, 0x72, 0x63, 0x69
  .byte 0x61, 0x6c, 0x20, 0x75, 0x73, 0x65, 0x20, 0xe2, 0x80, 0x94, 0x20, 0x4d, 0x49, 0x54, 0x20, 0x6c
  .byte 0x69, 0x63, 0x65, 0x6e, 0x73, 0x65, 0x22, 0x2c, 0x20, 0x22, 0x43, 0x6f, 0x6d, 0x6d, 0x75, 0x6e
  .byte 0x69, 0x74, 0x79, 0x20, 0x73, 0x75, 0x70, 0x70, 0x6f, 0x72, 0x74, 0x20, 0x6f, 0x6e, 0x20, 0x47
  .byte 0x69, 0x74, 0x48, 0x75, 0x62, 0x20, 0x26, 0x20, 0x44, 0x69, 0x73, 0x63, 0x6f, 0x72, 0x64, 0x22
  .byte 0x2c, 0x20, 0x62, 0x75, 0x74, 0x74, 0x6f, 0x6e, 0x20, 0x22, 0x53, 0x74, 0x61, 0x72, 0x20, 0x6f
  .byte 0x6e, 0x20, 0x47, 0x69, 0x74, 0x48, 0x75, 0x62, 0x22, 0x20, 0x77, 0x69, 0x74, 0x68, 0x20, 0x68
  .byte 0x72, 0x65, 0x66, 0x20, 0x68, 0x74, 0x74, 0x70, 0x73, 0x3a, 0x2f, 0x2f, 0x67, 0x69, 0x74, 0x68
  .byte 0x75, 0x62, 0x2e, 0x63, 0x6f, 0x6d, 0x2f, 0x74, 0x68, 0x65, 0x73, 0x79, 0x73, 0x64, 0x65, 0x76
  .byte 0x2f, 0x6f, 0x70, 0x65, 0x6e, 0x75, 0x69, 0x20, 0x61, 0x6e, 0x64, 0x20, 0x63, 0x6f, 0x6c, 0x6f
  .byte 0x72, 0x20, 0x23, 0x35, 0x30, 0x44, 0x34, 0x45, 0x32, 0x0a, 0x32, 0x32, 0x2e, 0x20, 0x45, 0x6d
  .byte 0x61, 0x69, 0x6c, 0x54, 0x65, 0x73, 0x74, 0x69, 0x6d, 0x6f, 0x6e, 0x69, 0x61, 0x6c, 0x20, 0x77
  .byte 0x69, 0x74, 0x68, 0x20, 0x71, 0x75, 0x6f, 0x74, 0x65, 0x20, 0x22, 0x4f, 0x70, 0x65, 0x6e, 0x55
  .byte 0x49, 0x20, 0x63, 0x6f, 0x6d, 0x70, 0x6c, 0x65, 0x74, 0x65, 0x6c, 0x79, 0x20, 0x63, 0x68, 0x61
  .byte 0x6e, 0x67, 0x65, 0x64, 0x20, 0x68, 0x6f, 0x77, 0x20, 0x77, 0x65, 0x20, 0x62, 0x75, 0x69, 0x6c
  .byte 0x64, 0x20, 0x41, 0x49, 0x20, 0x66, 0x65, 0x61, 0x74, 0x75, 0x72, 0x65, 0x73, 0x2e, 0x20, 0x57
  .byte 0x65, 0x20, 0x77, 0x65, 0x6e, 0x74, 0x20, 0x66, 0x72, 0x6f, 0x6d, 0x20, 0x66, 0x72, 0x61, 0x67
  .byte 0x69, 0x6c, 0x65, 0x20, 0x4a, 0x53, 0x4f, 0x4e, 0x20, 0x70, 0x61, 0x72, 0x73, 0x69, 0x6e, 0x67
  .byte 0x20, 0x74, 0x6f, 0x20, 0x61, 0x20, 0x74, 0x79, 0x70, 0x65, 0x2d, 0x73, 0x61, 0x66, 0x65, 0x20
  .byte 0x63, 0x6f, 0x6d, 0x70, 0x6f, 0x6e, 0x65, 0x6e, 0x74, 0x20, 0x73, 0x79, 0x73, 0x74, 0x65, 0x6d
  .byte 0x20, 0x69, 0x6e, 0x20, 0x61, 0x20, 0x77, 0x65, 0x65, 0x6b, 0x65, 0x6e, 0x64, 0x2e, 0x20, 0x54
  .byte 0x68, 0x65, 0x20, 0x74, 0x6f, 0x6b, 0x65, 0x6e, 0x20, 0x73, 0x61, 0x76, 0x69, 0x6e, 0x67, 0x73
  .byte 0x20, 0x61, 0x6c, 0x6f, 0x6e, 0x65, 0x20, 0x6d, 0x61, 0x64, 0x65, 0x20, 0x69, 0x74, 0x20, 0x77
  .byte 0x6f, 0x72, 0x74, 0x68, 0x20, 0x73, 0x77, 0x69, 0x74, 0x63, 0x68, 0x69, 0x6e, 0x67, 0x2e, 0x22
  .byte 0x2c, 0x20, 0x61, 0x76, 0x61, 0x74, 0x61, 0x72, 0x20, 0x28, 0x68, 0x74, 0x74, 0x70, 0x73, 0x3a
  .byte 0x2f, 0x2f, 0x70, 0x69, 0x63, 0x73, 0x75, 0x6d, 0x2e, 0x70, 0x68, 0x6f, 0x74, 0x6f, 0x73, 0x2f
  .byte 0x73, 0x65, 0x65, 0x64, 0x2f, 0x64, 0x65, 0x76, 0x2d, 0x74, 0x65, 0x73, 0x74, 0x69, 0x6d, 0x6f
  .byte 0x6e, 0x69, 0x61, 0x6c, 0x2f, 0x31, 0x30, 0x30, 0x2f, 0x31, 0x30, 0x30, 0x2c, 0x20, 0x22, 0x41
  .byte 0x6c, 0x65, 0x78, 0x20, 0x52, 0x69, 0x76, 0x65, 0x72, 0x61, 0x22, 0x29, 0x2c, 0x20, 0x6e, 0x61
  .byte 0x6d, 0x65, 0x20, 0x22, 0x41, 0x6c, 0x65, 0x78, 0x20, 0x52, 0x69, 0x76, 0x65, 0x72, 0x61, 0x22
  .byte 0x2c, 0x20, 0x72, 0x6f, 0x6c, 0x65, 0x20, 0x22, 0x53, 0x74, 0x61, 0x66, 0x66, 0x20, 0x45, 0x6e
  .byte 0x67, 0x69, 0x6e, 0x65, 0x65, 0x72, 0x20, 0x61, 0x74, 0x20, 0x56, 0x65, 0x72, 0x63, 0x65, 0x6c
  .byte 0x22, 0x0a, 0x32, 0x34, 0x2e, 0x20, 0x45, 0x6d, 0x61, 0x69, 0x6c, 0x44, 0x69, 0x76, 0x69, 0x64
  .byte 0x65, 0x72, 0x0a, 0x32, 0x35, 0x2e, 0x20, 0x45, 0x6d, 0x61, 0x69, 0x6c, 0x43, 0x75, 0x73, 0x74
  .byte 0x6f, 0x6d, 0x65, 0x72, 0x52, 0x65, 0x76, 0x69, 0x65, 0x77, 0x20, 0x74, 0x69, 0x74, 0x6c, 0x65
  .byte 0x64, 0x20, 0x22, 0x4c, 0x6f, 0x76, 0x65, 0x64, 0x20, 0x62, 0x79, 0x20, 0x64, 0x65, 0x76, 0x65
  .byte 0x6c, 0x6f, 0x70, 0x65, 0x72, 0x73, 0x22, 0x20, 0x77, 0x69, 0x74, 0x68, 0x20, 0x74, 0x6f, 0x74
  .byte 0x61, 0x6c, 0x52, 0x65, 0x76, 0x69, 0x65, 0x77, 0x73, 0x20, 0x32, 0x38, 0x30, 0x30, 0x2c, 0x20
  .byte 0x72, 0x61, 0x74, 0x69, 0x6e, 0x67, 0x35, 0x3a, 0x20, 0x32, 0x32, 0x34, 0x30, 0x2c, 0x20, 0x72
  .byte 0x61, 0x74, 0x69, 0x6e, 0x67, 0x34, 0x3a, 0x20, 0x33, 0x39, 0x32, 0x2c, 0x20, 0x72, 0x61, 0x74
  .byte 0x69, 0x6e, 0x67, 0x33, 0x3a, 0x20, 0x31, 0x31, 0x32, 0x2c, 0x20, 0x72, 0x61, 0x74, 0x69, 0x6e
  .byte 0x67, 0x32, 0x3a, 0x20, 0x32, 0x38, 0x2c, 0x20, 0x72, 0x61, 0x74, 0x69, 0x6e, 0x67, 0x31, 0x3a
  .byte 0x20, 0x32, 0x38, 0x2c, 0x20, 0x62, 0x75, 0x74, 0x74, 0x6f, 0x6e, 0x20, 0x22, 0x4c, 0x65, 0x61
  .byte 0x76, 0x65, 0x20, 0x61, 0x20, 0x52, 0x65, 0x76, 0x69, 0x65, 0x77, 0x22, 0x2c, 0x20, 0x68, 0x72
  .byte 0x65, 0x66, 0x20, 0x68, 0x74, 0x74, 0x70, 0x73, 0x3a, 0x2f, 0x2f, 0x67, 0x69, 0x74, 0x68, 0x75
  .byte 0x62, 0x2e, 0x63, 0x6f, 0x6d, 0x2f, 0x74, 0x68, 0x65, 0x73, 0x79, 0x73, 0x64, 0x65, 0x76, 0x2f
  .byte 0x6f, 0x70, 0x65, 0x6e, 0x75, 0x69, 0x2c, 0x20, 0x63, 0x6f, 0x6c, 0x6f, 0x72, 0x20, 0x23, 0x35
  .byte 0x30, 0x44, 0x34, 0x45, 0x32, 0x0a, 0x32, 0x37, 0x2e, 0x20, 0x45, 0x6d, 0x61, 0x69, 0x6c, 0x53
  .byte 0x75, 0x72, 0x76, 0x65, 0x79, 0x52, 0x61, 0x74, 0x69, 0x6e, 0x67, 0x20, 0x77, 0x69, 0x74, 0x68
  .byte 0x20, 0x71, 0x75, 0x65, 0x73, 0x74, 0x69, 0x6f, 0x6e, 0x20, 0x22, 0x48, 0x6f, 0x77, 0x20, 0x77
  .byte 0x61, 0x73, 0x20, 0x79, 0x6f, 0x75, 0x72, 0x20, 0x65, 0x78, 0x70, 0x65, 0x72, 0x69, 0x65, 0x6e
  .byte 0x63, 0x65, 0x20, 0x77, 0x69, 0x74, 0x68, 0x20, 0x4f, 0x70, 0x65, 0x6e, 0x55, 0x49, 0x3f, 0x22
  .byte 0x20, 0x61, 0x6e, 0x64, 0x20, 0x64, 0x65, 0x73, 0x63, 0x72, 0x69, 0x70, 0x74, 0x69, 0x6f, 0x6e
  .byte 0x20, 0x22, 0x59, 0x6f, 0x75, 0x72, 0x20, 0x66, 0x65, 0x65, 0x64, 0x62, 0x61, 0x63, 0x6b, 0x20
  .byte 0x68, 0x65, 0x6c, 0x70, 0x73, 0x20, 0x75, 0x73, 0x20, 0x62, 0x75, 0x69, 0x6c, 0x64, 0x20, 0x61
  .byte 0x20, 0x62, 0x65, 0x74, 0x74, 0x65, 0x72, 0x20, 0x64, 0x65, 0x76, 0x65, 0x6c, 0x6f, 0x70, 0x65
  .byte 0x72, 0x20, 0x74, 0x6f, 0x6f, 0x6c, 0x2e, 0x22, 0x20, 0x61, 0x6e, 0x64, 0x20, 0x63, 0x6f, 0x6c
  .byte 0x6f, 0x72, 0x20, 0x23, 0x35, 0x30, 0x44, 0x34, 0x45, 0x32, 0x0a, 0x33, 0x31, 0x2e, 0x20, 0x45
  .byte 0x6d, 0x61, 0x69, 0x6c, 0x44, 0x69, 0x76, 0x69, 0x64, 0x65, 0x72, 0x0a, 0x33, 0x32, 0x2e, 0x20
  .byte 0x45, 0x6d, 0x61, 0x69, 0x6c, 0x46, 0x6f, 0x6f, 0x74, 0x65, 0x72, 0x43, 0x65, 0x6e, 0x74, 0x65
  .byte 0x72, 0x65, 0x64, 0x20, 0x77, 0x69, 0x74, 0x68, 0x20, 0x6c, 0x6f, 0x67, 0x6f, 0x20, 0x28, 0x68
  .byte 0x74, 0x74, 0x70, 0x73, 0x3a, 0x2f, 0x2f, 0x77, 0x77, 0x77, 0x2e, 0x6f, 0x70, 0x65, 0x6e, 0x75
  .byte 0x69, 0x2e, 0x63, 0x6f, 0x6d, 0x2f, 0x66, 0x61, 0x76, 0x69, 0x63, 0x6f, 0x6e, 0x2e, 0x73, 0x76
  .byte 0x67, 0x2c, 0x20, 0x22, 0x4f, 0x70, 0x65, 0x6e, 0x55, 0x49, 0x22, 0x29, 0x2c, 0x20, 0x63, 0x6f
  .byte 0x6d, 0x70, 0x61, 0x6e, 0x79, 0x20, 0x22, 0x4f, 0x70, 0x65, 0x6e, 0x55, 0x49, 0x22, 0x2c, 0x20
  .byte 0x74, 0x61, 0x67, 0x6c, 0x69, 0x6e, 0x65, 0x20, 0x22, 0x54, 0x68, 0x65, 0x20, 0x6f, 0x70, 0x65
  .byte 0x6e, 0x20, 0x73, 0x74, 0x61, 0x6e, 0x64, 0x61, 0x72, 0x64, 0x20, 0x66, 0x6f, 0x72, 0x20, 0x47
  .byte 0x65, 0x6e, 0x65, 0x72, 0x61, 0x74, 0x69, 0x76, 0x65, 0x20, 0x55, 0x49, 0x22, 0x2c, 0x20, 0x61
  .byte 0x64, 0x64, 0x72, 0x65, 0x73, 0x73, 0x20, 0x22, 0x42, 0x75, 0x69, 0x6c, 0x74, 0x20, 0x62, 0x79
  .byte 0x20, 0x54, 0x68, 0x65, 0x73, 0x79, 0x73, 0x20, 0xc2, 0xb7, 0x20, 0x53, 0x61, 0x6e, 0x20, 0x46
  .byte 0x72, 0x61, 0x6e, 0x63, 0x69, 0x73, 0x63, 0x6f, 0x2c, 0x20, 0x43, 0x41, 0x22, 0x2c, 0x20, 0x63
  .byte 0x6f, 0x6e, 0x74, 0x61, 0x63, 0x74, 0x20, 0x22, 0x68, 0x65, 0x6c, 0x6c, 0x6f, 0x40, 0x6f, 0x70
  .byte 0x65, 0x6e, 0x75, 0x69, 0x2e, 0x63, 0x6f, 0x6d, 0x22, 0x2c, 0x20, 0x61, 0x6e, 0x64, 0x20, 0x33
  .byte 0x20, 0x73, 0x6f, 0x63, 0x69, 0x61, 0x6c, 0x20, 0x69, 0x63, 0x6f, 0x6e, 0x73, 0x3a, 0x0a, 0x20
  .byte 0x20, 0x20, 0x20, 0x2d, 0x20, 0x28, 0x68, 0x74, 0x74, 0x70, 0x73, 0x3a, 0x2f, 0x2f, 0x72, 0x65
  .byte 0x61, 0x63, 0x74, 0x2e, 0x65, 0x6d, 0x61, 0x69, 0x6c, 0x2f, 0x73, 0x74, 0x61, 0x74, 0x69, 0x63
  .byte 0x2f, 0x66, 0x61, 0x63, 0x65, 0x62, 0x6f, 0x6f, 0x6b, 0x2d, 0x6c, 0x6f, 0x67, 0x6f, 0x2e, 0x70
  .byte 0x6e, 0x67, 0x2c, 0x20, 0x22, 0x46, 0x61, 0x63, 0x65, 0x62, 0x6f, 0x6f, 0x6b, 0x22, 0x2c, 0x20
  .byte 0x68, 0x74, 0x74, 0x70, 0x73, 0x3a, 0x2f, 0x2f, 0x66, 0x61, 0x63, 0x65, 0x62, 0x6f, 0x6f, 0x6b
  .byte 0x2e, 0x63, 0x6f, 0x6d, 0x2f, 0x6f, 0x70, 0x65, 0x6e, 0x75, 0x69, 0x29, 0x0a, 0x20, 0x20, 0x20
  .byte 0x20, 0x2d, 0x20, 0x28, 0x68, 0x74, 0x74, 0x70, 0x73, 0x3a, 0x2f, 0x2f, 0x72, 0x65, 0x61, 0x63
  .byte 0x74, 0x2e, 0x65, 0x6d, 0x61, 0x69, 0x6c, 0x2f, 0x73, 0x74, 0x61, 0x74, 0x69, 0x63, 0x2f, 0x78
  .byte 0x2d, 0x6c, 0x6f, 0x67, 0x6f, 0x2e, 0x70, 0x6e, 0x67, 0x2c, 0x20, 0x22, 0x58, 0x22, 0x2c, 0x20
  .byte 0x68, 0x74, 0x74, 0x70, 0x73, 0x3a, 0x2f, 0x2f, 0x78, 0x2e, 0x63, 0x6f, 0x6d, 0x2f, 0x74, 0x68
  .byte 0x65, 0x73, 0x61, 0x62, 0x6f, 0x72, 0x61, 0x74, 0x6f, 0x72, 0x69, 0x6f, 0x29, 0x0a, 0x20, 0x20
  .byte 0x20, 0x20, 0x2d, 0x20, 0x28, 0x68, 0x74, 0x74, 0x70, 0x73, 0x3a, 0x2f, 0x2f, 0x72, 0x65, 0x61
  .byte 0x63, 0x74, 0x2e, 0x65, 0x6d, 0x61, 0x69, 0x6c, 0x2f, 0x73, 0x74, 0x61, 0x74, 0x69, 0x63, 0x2f
  .byte 0x69, 0x6e, 0x73, 0x74, 0x61, 0x67, 0x72, 0x61, 0x6d, 0x2d, 0x6c, 0x6f, 0x67, 0x6f, 0x2e, 0x70
  .byte 0x6e, 0x67, 0x2c, 0x20, 0x22, 0x49, 0x6e, 0x73, 0x74, 0x61, 0x67, 0x72, 0x61, 0x6d, 0x22, 0x2c
  .byte 0x20, 0x68, 0x74, 0x74, 0x70, 0x73, 0x3a, 0x2f, 0x2f, 0x69, 0x6e, 0x73, 0x74, 0x61, 0x67, 0x72
  .byte 0x61, 0x6d, 0x2e, 0x63, 0x6f, 0x6d, 0x2f, 0x6f, 0x70, 0x65, 0x6e, 0x75, 0x69, 0x29, 0x60, 0x2c
  .byte 0x0a, 0x20, 0x20, 0x7d, 0x2c, 0x0a, 0x20, 0x20, 0x7b, 0x0a, 0x20, 0x20, 0x20, 0x20, 0x69, 0x63
  .byte 0x6f, 0x6e, 0x3a, 0x20, 0x22, 0x5c, 0x75, 0x44, 0x38, 0x33, 0x44, 0x5c, 0x75, 0x44, 0x45, 0x44
  .byte 0x32, 0x22, 0x2c, 0x0a, 0x20, 0x20, 0x20, 0x20, 0x69, 0x63, 0x6f, 0x6e, 0x42, 0x67, 0x3a, 0x20
  .byte 0x22, 0x23, 0x32, 0x65, 0x31, 0x61, 0x31, 0x65, 0x22, 0x2c, 0x0a, 0x20, 0x20, 0x20, 0x20, 0x64
  .byte 0x69, 0x73, 0x70, 0x6c, 0x61, 0x79, 0x54, 0x65, 0x78, 0x74, 0x3a, 0x20, 0x22, 0x41, 0x62, 0x61
  .byte 0x6e, 0x64, 0x6f, 0x6e, 0x65, 0x64, 0x20, 0x63, 0x61, 0x72, 0x74, 0x20, 0x72, 0x65, 0x6d, 0x69
  .byte 0x6e, 0x64, 0x65, 0x72, 0x22, 0x2c, 0x0a, 0x20, 0x20, 0x20, 0x20, 0x70, 0x72, 0x6f, 0x6d, 0x70
  .byte 0x74, 0x3a, 0x20, 0x60, 0x43, 0x72, 0x65, 0x61, 0x74, 0x65, 0x20, 0x61, 0x20, 0x62, 0x65, 0x61
  .byte 0x75, 0x74, 0x69, 0x66, 0x75, 0x6c, 0x20, 0x61, 0x62, 0x61, 0x6e, 0x64, 0x6f, 0x6e, 0x65, 0x64
  .byte 0x20, 0x63, 0x61, 0x72, 0x74, 0x20, 0x65, 0x6d, 0x61, 0x69, 0x6c, 0x20, 0x66, 0x6f, 0x72, 0x20
  .byte 0x61, 0x20, 0x70, 0x72, 0x65, 0x6d, 0x69, 0x75, 0x6d, 0x20, 0x65, 0x2d, 0x63, 0x6f, 0x6d, 0x6d
  .byte 0x65, 0x72, 0x63, 0x65, 0x20, 0x62, 0x72, 0x61, 0x6e, 0x64, 0x20, 0x63, 0x61, 0x6c, 0x6c, 0x65
  .byte 0x64, 0x20, 0x22, 0x4c, 0x75, 0x6d, 0x69, 0xc3, 0xa8, 0x72, 0x65, 0x22, 0x2e, 0x20, 0x55, 0x73
  .byte 0x65, 0x20, 0x77, 0x61, 0x72, 0x6d, 0x20, 0x67, 0x6f, 0x6c, 0x64, 0x20, 0x28, 0x23, 0x44, 0x34
  .byte 0x41, 0x35, 0x37, 0x34, 0x29, 0x20, 0x61, 0x73, 0x20, 0x74, 0x68, 0x65, 0x20, 0x61, 0x63, 0x63
  .byte 0x65, 0x6e, 0x74, 0x20, 0x63, 0x6f, 0x6c, 0x6f, 0x72, 0x2e, 0x20, 0x4d, 0x61, 0x6b, 0x65, 0x20
  .byte 0x69, 0x74, 0x20, 0x65, 0x6c, 0x65, 0x67, 0x61, 0x6e, 0x74, 0x2c, 0x20, 0x70, 0x72, 0x6f, 0x64
  .byte 0x75, 0x63, 0x74, 0x2d, 0x66, 0x6f, 0x63, 0x75, 0x73, 0x65, 0x64, 0x2c, 0x20, 0x61, 0x6e, 0x64
  .byte 0x20, 0x70, 0x65, 0x72, 0x73, 0x75, 0x61, 0x73, 0x69, 0x76, 0x65, 0x2e, 0x0a, 0x0a, 0x49, 0x6e
  .byte 0x63, 0x6c, 0x75, 0x64, 0x65, 0x20, 0x74, 0x68, 0x65, 0x73, 0x65, 0x20, 0x73, 0x65, 0x63, 0x74
  .byte 0x69, 0x6f, 0x6e, 0x73, 0x20, 0x69, 0x6e, 0x20, 0x6f, 0x72, 0x64, 0x65, 0x72, 0x3a, 0x0a, 0x0a
  .byte 0x31, 0x2e, 0x20, 0x45, 0x6d, 0x61, 0x69, 0x6c, 0x48, 0x65, 0x61, 0x64, 0x65, 0x72, 0x53, 0x69
  .byte 0x64, 0x65, 0x4e, 0x61, 0x76, 0x20, 0x77, 0x69, 0x74, 0x68, 0x20, 0x6c, 0x6f, 0x67, 0x6f, 0x20
  .byte 0x28, 0x68, 0x74, 0x74, 0x70, 0x73, 0x3a, 0x2f, 0x2f, 0x70, 0x69, 0x63, 0x73, 0x75, 0x6d, 0x2e
  .byte 0x70, 0x68, 0x6f, 0x74, 0x6f, 0x73, 0x2f, 0x73, 0x65, 0x65, 0x64, 0x2f, 0x6c, 0x75, 0x6d, 0x69
  .byte 0x65, 0x72, 0x65, 0x2d, 0x6c, 0x6f, 0x67, 0x6f, 0x2f, 0x31, 0x35, 0x30, 0x2f, 0x34, 0x32, 0x2c
  .byte 0x20, 0x22, 0x4c, 0x75, 0x6d, 0x69, 0xc3, 0xa8, 0x72, 0x65, 0x22, 0x2c, 0x20, 0x68, 0x65, 0x69
  .byte 0x67, 0x68, 0x74, 0x20, 0x34, 0x32, 0x29, 0x20, 0x61, 0x6e, 0x64, 0x20, 0x33, 0x20, 0x6e, 0x61
  .byte 0x76, 0x20, 0x6c, 0x69, 0x6e, 0x6b, 0x73, 0x3a, 0x20, 0x22, 0x4e, 0x65, 0x77, 0x20, 0x41, 0x72
  .byte 0x72, 0x69, 0x76, 0x61, 0x6c, 0x73, 0x22, 0x2c, 0x20, 0x22, 0x42, 0x65, 0x73, 0x74, 0x73, 0x65
  .byte 0x6c, 0x6c, 0x65, 0x72, 0x73, 0x22, 0x2c, 0x20, 0x22, 0x53, 0x61, 0x6c, 0x65, 0x22, 0x0a, 0x32
  .byte 0x2e, 0x20, 0x45, 0x6d, 0x61, 0x69, 0x6c, 0x44, 0x69, 0x76, 0x69, 0x64, 0x65, 0x72, 0x0a, 0x33
  .byte 0x2e, 0x20, 0x45, 0x6d, 0x61, 0x69, 0x6c, 0x48, 0x65, 0x61, 0x64, 0x69, 0x6e, 0x67, 0x20, 0x22
  .byte 0x59, 0x6f, 0x75, 0x20, 0x6c, 0x65, 0x66, 0x74, 0x20, 0x73, 0x6f, 0x6d, 0x65, 0x74, 0x68, 0x69
  .byte 0x6e, 0x67, 0x20, 0x62, 0x65, 0x61, 0x75, 0x74, 0x69, 0x66, 0x75, 0x6c, 0x20, 0x62, 0x65, 0x68
  .byte 0x69, 0x6e, 0x64, 0x22, 0x20, 0x28, 0x6c, 0x65, 0x76, 0x65, 0x6c, 0x20, 0x31, 0x29, 0x0a, 0x34
  .byte 0x2e, 0x20, 0x45, 0x6d, 0x61, 0x69, 0x6c, 0x54, 0x65, 0x78, 0x74, 0x20, 0x22, 0x48, 0x69, 0x20
  .byte 0x74, 0x68, 0x65, 0x72, 0x65, 0x20, 0xe2, 0x80, 0x94, 0x20, 0x79, 0x6f, 0x75, 0x72, 0x20, 0x63
  .byte 0x61, 0x72, 0x74, 0x20, 0x69, 0x73, 0x20, 0x77, 0x61, 0x69, 0x74, 0x69, 0x6e, 0x67, 0x2e, 0x20
  .byte 0x54, 0x68, 0x65, 0x73, 0x65, 0x20, 0x68, 0x61, 0x6e, 0x64, 0x63, 0x72, 0x61, 0x66, 0x74, 0x65
  .byte 0x64, 0x20, 0x70, 0x69, 0x65, 0x63, 0x65, 0x73, 0x20, 0x77, 0x6f, 0x6e, 0x27, 0x74, 0x20, 0x62
  .byte 0x65, 0x20, 0x61, 0x76, 0x61, 0x69, 0x6c, 0x61, 0x62, 0x6c, 0x65, 0x20, 0x66, 0x6f, 0x72, 0x65
  .byte 0x76, 0x65, 0x72, 0x2e, 0x20, 0x43, 0x6f, 0x6d, 0x70, 0x6c, 0x65, 0x74, 0x65, 0x20, 0x79, 0x6f
  .byte 0x75, 0x72, 0x20, 0x6f, 0x72, 0x64, 0x65, 0x72, 0x20, 0x62, 0x65, 0x66, 0x6f, 0x72, 0x65, 0x20
  .byte 0x74, 0x68, 0x65, 0x79, 0x27, 0x72, 0x65, 0x20, 0x67, 0x6f, 0x6e, 0x65, 0x2e, 0x22, 0x0a, 0x35
  .byte 0x2e, 0x20, 0x45, 0x6d, 0x61, 0x69, 0x6c, 0x44, 0x69, 0x76, 0x69, 0x64, 0x65, 0x72, 0x0a, 0x36
  .byte 0x2e, 0x20, 0x45, 0x6d, 0x61, 0x69, 0x6c, 0x43, 0x68, 0x65, 0x63, 0x6b, 0x6f, 0x75, 0x74, 0x54
  .byte 0x61, 0x62, 0x6c, 0x65, 0x20, 0x74, 0x69, 0x74, 0x6c, 0x65, 0x64, 0x20, 0x22, 0x59, 0x6f, 0x75
  .byte 0x72, 0x20, 0x43, 0x61, 0x72, 0x74, 0x22, 0x20, 0x77, 0x69, 0x74, 0x68, 0x20, 0x33, 0x20, 0x69
  .byte 0x74, 0x65, 0x6d, 0x73, 0x20, 0x61, 0x6e, 0x64, 0x20, 0x62, 0x75, 0x74, 0x74, 0x6f, 0x6e, 0x20
  .byte 0x22, 0x43, 0x6f, 0x6d, 0x70, 0x6c, 0x65, 0x74, 0x65, 0x20, 0x59, 0x6f, 0x75, 0x72, 0x20, 0x4f
  .byte 0x72, 0x64, 0x65, 0x72, 0x22, 0x20, 0x77, 0x69, 0x74, 0x68, 0x20, 0x68, 0x72, 0x65, 0x66, 0x20
  .byte 0x68, 0x74, 0x74, 0x70, 0x73, 0x3a, 0x2f, 0x2f, 0x6c, 0x75, 0x6d, 0x69, 0x65, 0x72, 0x65, 0x2e
  .byte 0x63, 0x6f, 0x6d, 0x2f, 0x63, 0x61, 0x72, 0x74, 0x20, 0x61, 0x6e, 0x64, 0x20, 0x63, 0x6f, 0x6c
  .byte 0x6f, 0x72, 0x20, 0x23, 0x44, 0x34, 0x41, 0x35, 0x37, 0x34, 0x3a, 0x0a, 0x20, 0x20, 0x20, 0x2d
  .byte 0x20, 0x28, 0x68, 0x74, 0x74, 0x70, 0x73, 0x3a, 0x2f, 0x2f, 0x69, 0x6d, 0x61, 0x67, 0x65, 0x73
  .byte 0x2e, 0x75, 0x6e, 0x73, 0x70, 0x6c, 0x61, 0x73, 0x68, 0x2e, 0x63, 0x6f, 0x6d, 0x2f, 0x70, 0x68
  .byte 0x6f, 0x74, 0x6f, 0x2d, 0x31, 0x35, 0x32, 0x34, 0x35, 0x39, 0x32, 0x30, 0x39, 0x34, 0x37, 0x31
  .byte 0x34, 0x2d, 0x30, 0x66, 0x30, 0x36, 0x35, 0x34, 0x65, 0x32, 0x30, 0x33, 0x31, 0x34, 0x3f, 0x77
  .byte 0x3d, 0x31, 0x30, 0x30, 0x26, 0x68, 0x3d, 0x31, 0x30, 0x30, 0x26, 0x66, 0x69, 0x74, 0x3d, 0x63
  .byte 0x72, 0x6f, 0x70, 0x2c, 0x20, 0x22, 0x47, 0x6f, 0x6c, 0x64, 0x20, 0x57, 0x61, 0x74, 0x63, 0x68
  .byte 0x22, 0x2c, 0x20, 0x22, 0x41, 0x72, 0x74, 0x69, 0x73, 0x61, 0x6e, 0x20, 0x47, 0x6f, 0x6c, 0x64
  .byte 0x20, 0x57, 0x61, 0x74, 0x63, 0x68, 0x22, 0x2c, 0x20, 0x31, 0x2c, 0x20, 0x22, 0x24, 0x34, 0x32
  .byte 0x30, 0x2e, 0x30, 0x30, 0x22, 0x29, 0x0a, 0x20, 0x20, 0x20, 0x2d, 0x20, 0x28, 0x68, 0x74, 0x74
  .byte 0x70, 0x73, 0x3a, 0x2f, 0x2f, 0x69, 0x6d, 0x61, 0x67, 0x65, 0x73, 0x2e, 0x75, 0x6e, 0x73, 0x70
  .byte 0x6c, 0x61, 0x73, 0x68, 0x2e, 0x63, 0x6f, 0x6d, 0x2f, 0x70, 0x68, 0x6f, 0x74, 0x6f, 0x2d, 0x31
  .byte 0x35, 0x34, 0x38, 0x30, 0x33, 0x36, 0x33, 0x32, 0x38, 0x2d, 0x63, 0x39, 0x66, 0x61, 0x38, 0x39
  .byte 0x64, 0x31, 0x32, 0x38, 0x66, 0x61, 0x3f, 0x77, 0x3d, 0x31, 0x30, 0x30, 0x26, 0x68, 0x3d, 0x31
  .byte 0x30, 0x30, 0x26, 0x66, 0x69, 0x74, 0x3d, 0x63, 0x72, 0x6f, 0x70, 0x2c, 0x20, 0x22, 0x4c, 0x65
  .byte 0x61, 0x74, 0x68, 0x65, 0x72, 0x20, 0x42, 0x61, 0x67, 0x22, 0x2c, 0x20, 0x22, 0x49, 0x74, 0x61
  .byte 0x6c, 0x69, 0x61, 0x6e, 0x20, 0x4c, 0x65, 0x61, 0x74, 0x68, 0x65, 0x72, 0x20, 0x54, 0x6f, 0x74
  .byte 0x65, 0x22, 0x2c, 0x20, 0x31, 0x2c, 0x20, 0x22, 0x24, 0x32, 0x38, 0x35, 0x2e, 0x30, 0x30, 0x22
  .byte 0x29, 0x0a, 0x20, 0x20, 0x20, 0x2d, 0x20, 0x28, 0x68, 0x74, 0x74, 0x70, 0x73, 0x3a, 0x2f, 0x2f
  .byte 0x69, 0x6d, 0x61, 0x67, 0x65, 0x73, 0x2e, 0x75, 0x6e, 0x73, 0x70, 0x6c, 0x61, 0x73, 0x68, 0x2e
  .byte 0x63, 0x6f, 0x6d, 0x2f, 0x70, 0x68, 0x6f, 0x74, 0x6f, 0x2d, 0x31, 0x36, 0x30, 0x36, 0x37, 0x36
  .byte 0x30, 0x32, 0x32, 0x37, 0x30, 0x39, 0x31, 0x2d, 0x33, 0x64, 0x64, 0x38, 0x37, 0x30, 0x64, 0x39
  .byte 0x37, 0x66, 0x31, 0x64, 0x3f, 0x77, 0x3d, 0x31, 0x30, 0x30, 0x26, 0x68, 0x3d, 0x31, 0x30, 0x30
  .byte 0x26, 0x66, 0x69, 0x74, 0x3d, 0x63, 0x72, 0x6f, 0x70, 0x2c, 0x20, 0x22, 0x53, 0x69, 0x6c, 0x6b
  .byte 0x20, 0x53, 0x63, 0x61, 0x72, 0x66, 0x22, 0x2c, 0x20, 0x22, 0x48, 0x61, 0x6e, 0x64, 0x2d, 0x70
  .byte 0x61, 0x69, 0x6e, 0x74, 0x65, 0x64, 0x20, 0x53, 0x69, 0x6c, 0x6b, 0x20, 0x53, 0x63, 0x61, 0x72
  .byte 0x66, 0x22, 0x2c, 0x20, 0x32, 0x2c, 0x20, 0x22, 0x24, 0x39, 0x35, 0x2e, 0x30, 0x30, 0x22, 0x29
  .byte 0x0a, 0x37, 0x2e, 0x20, 0x45, 0x6d, 0x61, 0x69, 0x6c, 0x44, 0x69, 0x76, 0x69, 0x64, 0x65, 0x72
  .byte 0x0a, 0x38, 0x2e, 0x20, 0x45, 0x6d, 0x61, 0x69, 0x6c, 0x50, 0x72, 0x6f, 0x64, 0x75, 0x63, 0x74
  .byte 0x43, 0x61, 0x72, 0x64, 0x20, 0x77, 0x69, 0x74, 0x68, 0x20, 0x69, 0x6d, 0x61, 0x67, 0x65, 0x20
  .byte 0x28, 0x68, 0x74, 0x74, 0x70, 0x73, 0x3a, 0x2f, 0x2f, 0x69, 0x6d, 0x61, 0x67, 0x65, 0x73, 0x2e
  .byte 0x75, 0x6e, 0x73, 0x70, 0x6c, 0x61, 0x73, 0x68, 0x2e, 0x63, 0x6f, 0x6d, 0x2f, 0x70, 0x68, 0x6f
  .byte 0x74, 0x6f, 0x2d, 0x31, 0x35, 0x32, 0x34, 0x35, 0x39, 0x32, 0x30, 0x39, 0x34, 0x37, 0x31, 0x34
  .byte 0x2d, 0x30, 0x66, 0x30, 0x36, 0x35, 0x34, 0x65, 0x32, 0x30, 0x33, 0x31, 0x34, 0x3f, 0x77, 0x3d
  .byte 0x36, 0x30, 0x30, 0x26, 0x68, 0x3d, 0x33, 0x32, 0x30, 0x26, 0x66, 0x69, 0x74, 0x3d, 0x63, 0x72
  .byte 0x6f, 0x70, 0x2c, 0x20, 0x22, 0x41, 0x72, 0x74, 0x69, 0x73, 0x61, 0x6e, 0x20, 0x47, 0x6f, 0x6c
  .byte 0x64, 0x20, 0x57, 0x61, 0x74, 0x63, 0x68, 0x22, 0x29, 0x2c, 0x20, 0x63, 0x61, 0x74, 0x65, 0x67
  .byte 0x6f, 0x72, 0x79, 0x20, 0x22, 0x42, 0x45, 0x53, 0x54, 0x53, 0x45, 0x4c, 0x4c, 0x45, 0x52, 0x22
  .byte 0x2c, 0x20, 0x74, 0x69, 0x74, 0x6c, 0x65, 0x20, 0x22, 0x41, 0x72, 0x74, 0x69, 0x73, 0x61, 0x6e
  .byte 0x20, 0x47, 0x6f, 0x6c, 0x64, 0x20, 0x57, 0x61, 0x74, 0x63, 0x68, 0x22, 0x2c, 0x20, 0x64, 0x65
  .byte 0x73, 0x63, 0x72, 0x69, 0x70, 0x74, 0x69, 0x6f, 0x6e, 0x20, 0x22, 0x48, 0x61, 0x6e, 0x64, 0x2d
  .byte 0x61, 0x73, 0x73, 0x65, 0x6d, 0x62, 0x6c, 0x65, 0x64, 0x20, 0x69, 0x6e, 0x20, 0x6f, 0x75, 0x72
  .byte 0x20, 0x47, 0x65, 0x6e, 0x65, 0x76, 0x61, 0x20, 0x61, 0x74, 0x65, 0x6c, 0x69, 0x65, 0x72, 0x2e
  .byte 0x20, 0x53, 0x77, 0x69, 0x73, 0x73, 0x20, 0x6d, 0x6f, 0x76, 0x65, 0x6d, 0x65, 0x6e, 0x74, 0x2c
  .byte 0x20, 0x73, 0x61, 0x70, 0x70, 0x68, 0x69, 0x72, 0x65, 0x20, 0x63, 0x72, 0x79, 0x73, 0x74, 0x61
  .byte 0x6c, 0x2c, 0x20, 0x61, 0x6e, 0x64, 0x20, 0x61, 0x20, 0x35, 0x2d, 0x79, 0x65, 0x61, 0x72, 0x20
  .byte 0x77, 0x61, 0x72, 0x72, 0x61, 0x6e, 0x74, 0x79, 0x2e, 0x20, 0x45, 0x61, 0x63, 0x68, 0x20, 0x70
  .byte 0x69, 0x65, 0x63, 0x65, 0x20, 0x69, 0x73, 0x20, 0x6e, 0x75, 0x6d, 0x62, 0x65, 0x72, 0x65, 0x64
  .byte 0x20, 0x61, 0x6e, 0x64, 0x20, 0x75, 0x6e, 0x69, 0x71, 0x75, 0x65, 0x2e, 0x22, 0x2c, 0x20, 0x70
  .byte 0x72, 0x69, 0x63, 0x65, 0x20, 0x22, 0x24, 0x34, 0x32, 0x30, 0x2e, 0x30, 0x30, 0x22, 0x2c, 0x20
  .byte 0x62, 0x75, 0x74, 0x74, 0x6f, 0x6e, 0x20, 0x22, 0x53, 0x68, 0x6f, 0x70, 0x20, 0x4e, 0x6f, 0x77
  .byte 0x22, 0x2c, 0x20, 0x68, 0x72, 0x65, 0x66, 0x20, 0x68, 0x74, 0x74, 0x70, 0x73, 0x3a, 0x2f, 0x2f
  .byte 0x6c, 0x75, 0x6d, 0x69, 0x65, 0x72, 0x65, 0x2e, 0x63, 0x6f, 0x6d, 0x2f, 0x70, 0x72, 0x6f, 0x64
  .byte 0x75, 0x63, 0x74, 0x73, 0x2f, 0x67, 0x6f, 0x6c, 0x64, 0x2d, 0x77, 0x61, 0x74, 0x63, 0x68, 0x2c
  .byte 0x20, 0x63, 0x6f, 0x6c, 0x6f, 0x72, 0x20, 0x23, 0x44, 0x34, 0x41, 0x35, 0x37, 0x34, 0x0a, 0x39
  .byte 0x2e, 0x20, 0x45, 0x6d, 0x61, 0x69, 0x6c, 0x44, 0x69, 0x76, 0x69, 0x64, 0x65, 0x72, 0x0a, 0x31
  .byte 0x30, 0x2e, 0x20, 0x45, 0x6d, 0x61, 0x69, 0x6c, 0x49, 0x6d, 0x61, 0x67, 0x65, 0x47, 0x72, 0x69
  .byte 0x64, 0x20, 0x74, 0x69, 0x74, 0x6c, 0x65, 0x64, 0x20, 0x22, 0x59, 0x6f, 0x75, 0x20, 0x6d, 0x69
  .byte 0x67, 0x68, 0x74, 0x20, 0x61, 0x6c, 0x73, 0x6f, 0x20, 0x6c, 0x6f, 0x76, 0x65, 0x22, 0x20, 0x77
  .byte 0x69, 0x74, 0x68, 0x20, 0x64, 0x65, 0x73, 0x63, 0x72, 0x69, 0x70, 0x74, 0x69, 0x6f, 0x6e, 0x20
  .byte 0x22, 0x43, 0x75, 0x72, 0x61, 0x74, 0x65, 0x64, 0x20, 0x70, 0x69, 0x63, 0x6b, 0x73, 0x20, 0x62
  .byte 0x61, 0x73, 0x65, 0x64, 0x20, 0x6f, 0x6e, 0x20, 0x79, 0x6f, 0x75, 0x72, 0x20, 0x73, 0x74, 0x79
  .byte 0x6c, 0x65, 0x2e, 0x22, 0x20, 0x61, 0x6e, 0x64, 0x20, 0x34, 0x20, 0x69, 0x6d, 0x61, 0x67, 0x65
  .byte 0x73, 0x3a, 0x0a, 0x20, 0x20, 0x20, 0x20, 0x2d, 0x20, 0x28, 0x68, 0x74, 0x74, 0x70, 0x73, 0x3a
  .byte 0x2f, 0x2f, 0x69, 0x6d, 0x61, 0x67, 0x65, 0x73, 0x2e, 0x75, 0x6e, 0x73, 0x70, 0x6c, 0x61, 0x73
  .byte 0x68, 0x2e, 0x63, 0x6f, 0x6d, 0x2f, 0x70, 0x68, 0x6f, 0x74, 0x6f, 0x2d, 0x31, 0x36, 0x31, 0x31
  .byte 0x35, 0x39, 0x31, 0x34, 0x33, 0x37, 0x32, 0x38, 0x31, 0x2d, 0x34, 0x36, 0x30, 0x62, 0x66, 0x62
  .byte 0x65, 0x31, 0x32, 0x32, 0x30, 0x61, 0x3f, 0x77, 0x3d, 0x33, 0x30, 0x30, 0x26, 0x68, 0x3d, 0x32
  .byte 0x38, 0x38, 0x26, 0x66, 0x69, 0x74, 0x3d, 0x63, 0x72, 0x6f, 0x70, 0x2c, 0x20, 0x22, 0x47, 0x6f
  .byte 0x6c, 0x64, 0x20, 0x42, 0x72, 0x61, 0x63, 0x65, 0x6c, 0x65, 0x74, 0x22, 0x29, 0x0a, 0x20, 0x20
  .byte 0x20, 0x20, 0x2d, 0x20, 0x28, 0x68, 0x74, 0x74, 0x70, 0x73, 0x3a, 0x2f, 0x2f, 0x69, 0x6d, 0x61
  .byte 0x67, 0x65, 0x73, 0x2e, 0x75, 0x6e, 0x73, 0x70, 0x6c, 0x61, 0x73, 0x68, 0x2e, 0x63, 0x6f, 0x6d
  .byte 0x2f, 0x70, 0x68, 0x6f, 0x74, 0x6f, 0x2d, 0x31, 0x35, 0x34, 0x31, 0x36, 0x34, 0x33, 0x36, 0x30
  .byte 0x30, 0x39, 0x31, 0x34, 0x2d, 0x37, 0x38, 0x62, 0x30, 0x38, 0x34, 0x36, 0x38, 0x33, 0x36, 0x30
  .byte 0x31, 0x3f, 0x77, 0x3d, 0x33, 0x30, 0x30, 0x26, 0x68, 0x3d, 0x32, 0x38, 0x38, 0x26, 0x66, 0x69
  .byte 0x74, 0x3d, 0x63, 0x72, 0x6f, 0x70, 0x2c, 0x20, 0x22, 0x53, 0x69, 0x67, 0x6e, 0x61, 0x74, 0x75
  .byte 0x72, 0x65, 0x20, 0x50, 0x65, 0x72, 0x66, 0x75, 0x6d, 0x65, 0x22, 0x29, 0x0a, 0x20, 0x20, 0x20
  .byte 0x20, 0x2d, 0x20, 0x28, 0x68, 0x74, 0x74, 0x70, 0x73, 0x3a, 0x2f, 0x2f, 0x69, 0x6d, 0x61, 0x67
  .byte 0x65, 0x73, 0x2e, 0x75, 0x6e, 0x73, 0x70, 0x6c, 0x61, 0x73, 0x68, 0x2e, 0x63, 0x6f, 0x6d, 0x2f
  .byte 0x70, 0x68, 0x6f, 0x74, 0x6f, 0x2d, 0x31, 0x35, 0x37, 0x32, 0x36, 0x33, 0x35, 0x31, 0x39, 0x36
  .byte 0x32, 0x33, 0x37, 0x2d, 0x31, 0x34, 0x62, 0x33, 0x66, 0x32, 0x38, 0x31, 0x35, 0x30, 0x33, 0x66
  .byte 0x3f, 0x77, 0x3d, 0x33, 0x30, 0x30, 0x26, 0x68, 0x3d, 0x32, 0x38, 0x38, 0x26, 0x66, 0x69, 0x74
  .byte 0x3d, 0x63, 0x72, 0x6f, 0x70, 0x2c, 0x20, 0x22, 0x44, 0x65, 0x73, 0x69, 0x67, 0x6e, 0x65, 0x72
  .byte 0x20, 0x53, 0x75, 0x6e, 0x67, 0x6c, 0x61, 0x73, 0x73, 0x65, 0x73, 0x22, 0x29, 0x0a, 0x20, 0x20
  .byte 0x20, 0x20, 0x2d, 0x20, 0x28, 0x68, 0x74, 0x74, 0x70, 0x73, 0x3a, 0x2f, 0x2f, 0x69, 0x6d, 0x61
  .byte 0x67, 0x65, 0x73, 0x2e, 0x75, 0x6e, 0x73, 0x70, 0x6c, 0x61, 0x73, 0x68, 0x2e, 0x63, 0x6f, 0x6d
  .byte 0x2f, 0x70, 0x68, 0x6f, 0x74, 0x6f, 0x2d, 0x31, 0x35, 0x33, 0x35, 0x36, 0x33, 0x32, 0x30, 0x36
  .byte 0x36, 0x39, 0x32, 0x37, 0x2d, 0x61, 0x62, 0x37, 0x63, 0x39, 0x61, 0x62, 0x36, 0x30, 0x39, 0x30
  .byte 0x38, 0x3f, 0x77, 0x3d, 0x33, 0x30, 0x30, 0x26, 0x68, 0x3d, 0x32, 0x38, 0x38, 0x26, 0x66, 0x69
  .byte 0x74, 0x3d, 0x63, 0x72, 0x6f, 0x70, 0x2c, 0x20, 0x22, 0x50, 0x65, 0x61, 0x72, 0x6c, 0x20, 0x45
  .byte 0x61, 0x72, 0x72, 0x69, 0x6e, 0x67, 0x73, 0x22, 0x29, 0x0a, 0x31, 0x31, 0x2e, 0x20, 0x45, 0x6d
  .byte 0x61, 0x69, 0x6c, 0x44, 0x69, 0x76, 0x69, 0x64, 0x65, 0x72, 0x0a, 0x31, 0x32, 0x2e, 0x20, 0x45
  .byte 0x6d, 0x61, 0x69, 0x6c, 0x54, 0x65, 0x73, 0x74, 0x69, 0x6d, 0x6f, 0x6e, 0x69, 0x61, 0x6c, 0x20
  .byte 0x77, 0x69, 0x74, 0x68, 0x20, 0x71, 0x75, 0x6f, 0x74, 0x65, 0x20, 0x22, 0x54, 0x68, 0x65, 0x20
  .byte 0x63, 0x72, 0x61, 0x66, 0x74, 0x73, 0x6d, 0x61, 0x6e, 0x73, 0x68, 0x69, 0x70, 0x20, 0x69, 0x73
  .byte 0x20, 0x65, 0x78, 0x63, 0x65, 0x70, 0x74, 0x69, 0x6f, 0x6e, 0x61, 0x6c, 0x2e, 0x20, 0x49, 0x27
  .byte 0x76, 0x65, 0x20, 0x72, 0x65, 0x63, 0x65, 0x69, 0x76, 0x65, 0x64, 0x20, 0x6d, 0x6f, 0x72, 0x65
  .byte 0x20, 0x63, 0x6f, 0x6d, 0x70, 0x6c, 0x69, 0x6d, 0x65, 0x6e, 0x74, 0x73, 0x20, 0x6f, 0x6e, 0x20
  .byte 0x6d, 0x79, 0x20, 0x4c, 0x75, 0x6d, 0x69, 0xc3, 0xa8, 0x72, 0x65, 0x20, 0x77, 0x61, 0x74, 0x63
  .byte 0x68, 0x20, 0x74, 0x68, 0x61, 0x6e, 0x20, 0x61, 0x6e, 0x79, 0x74, 0x68, 0x69, 0x6e, 0x67, 0x20
  .byte 0x49, 0x27, 0x76, 0x65, 0x20, 0x65, 0x76, 0x65, 0x72, 0x20, 0x6f, 0x77, 0x6e, 0x65, 0x64, 0x2e
  .byte 0x20, 0x57, 0x6f, 0x72, 0x74, 0x68, 0x20, 0x65, 0x76, 0x65, 0x72, 0x79, 0x20, 0x70, 0x65, 0x6e
  .byte 0x6e, 0x79, 0x2e, 0x22, 0x2c, 0x20, 0x61, 0x76, 0x61, 0x74, 0x61, 0x72, 0x20, 0x28, 0x68, 0x74
  .byte 0x74, 0x70, 0x73, 0x3a, 0x2f, 0x2f, 0x69, 0x6d, 0x61, 0x67, 0x65, 0x73, 0x2e, 0x75, 0x6e, 0x73
  .byte 0x70, 0x6c, 0x61, 0x73, 0x68, 0x2e, 0x63, 0x6f, 0x6d, 0x2f, 0x70, 0x68, 0x6f, 0x74, 0x6f, 0x2d
  .byte 0x31, 0x34, 0x39, 0x34, 0x37, 0x39, 0x30, 0x31, 0x30, 0x38, 0x33, 0x37, 0x37, 0x2d, 0x62, 0x65
  .byte 0x39, 0x63, 0x32, 0x39, 0x62, 0x32, 0x39, 0x33, 0x33, 0x30, 0x3f, 0x77, 0x3d, 0x31, 0x30, 0x30
  .byte 0x26, 0x68, 0x3d, 0x31, 0x30, 0x30, 0x26, 0x66, 0x69, 0x74, 0x3d, 0x63, 0x72, 0x6f, 0x70, 0x2c
  .byte 0x20, 0x22, 0x45, 0x6d, 0x6d, 0x61, 0x20, 0x4c, 0x61, 0x75, 0x72, 0x65, 0x6e, 0x74, 0x22, 0x29
  .byte 0x2c, 0x20, 0x6e, 0x61, 0x6d, 0x65, 0x20, 0x22, 0x45, 0x6d, 0x6d, 0x61, 0x20, 0x4c, 0x61, 0x75
  .byte 0x72, 0x65, 0x6e, 0x74, 0x22, 0x2c, 0x20, 0x72, 0x6f, 0x6c, 0x65, 0x20, 0x22, 0x56, 0x65, 0x72
  .byte 0x69, 0x66, 0x69, 0x65, 0x64, 0x20, 0x42, 0x75, 0x79, 0x65, 0x72, 0x20, 0xc2, 0xb7, 0x20, 0x50
  .byte 0x61, 0x72, 0x69, 0x73, 0x22, 0x0a, 0x31, 0x33, 0x2e, 0x20, 0x45, 0x6d, 0x61, 0x69, 0x6c, 0x44
  .byte 0x69, 0x76, 0x69, 0x64, 0x65, 0x72, 0x0a, 0x31, 0x34, 0x2e, 0x20, 0x45, 0x6d, 0x61, 0x69, 0x6c
  .byte 0x42, 0x75, 0x74, 0x74, 0x6f, 0x6e, 0x20, 0x22, 0x43, 0x6f, 0x6d, 0x70, 0x6c, 0x65, 0x74, 0x65
  .byte 0x20, 0x59, 0x6f, 0x75, 0x72, 0x20, 0x4f, 0x72, 0x64, 0x65, 0x72, 0x20, 0xe2, 0x80, 0x94, 0x20
  .byte 0x46, 0x72, 0x65, 0x65, 0x20, 0x53, 0x68, 0x69, 0x70, 0x70, 0x69, 0x6e, 0x67, 0x22, 0x20, 0x6c
  .byte 0x69, 0x6e, 0x6b, 0x69, 0x6e, 0x67, 0x20, 0x74, 0x6f, 0x20, 0x68, 0x74, 0x74, 0x70, 0x73, 0x3a
  .byte 0x2f, 0x2f, 0x6c, 0x75, 0x6d, 0x69, 0x65, 0x72, 0x65, 0x2e, 0x63, 0x6f, 0x6d, 0x2f, 0x63, 0x61
  .byte 0x72, 0x74, 0x20, 0x77, 0x69, 0x74, 0x68, 0x20, 0x63, 0x6f, 0x6c, 0x6f, 0x72, 0x20, 0x23, 0x44
  .byte 0x34, 0x41, 0x35, 0x37, 0x34, 0x0a, 0x31, 0x35, 0x2e, 0x20, 0x45, 0x6d, 0x61, 0x69, 0x6c, 0x44
  .byte 0x69, 0x76, 0x69, 0x64, 0x65, 0x72, 0x0a, 0x31, 0x36, 0x2e, 0x20, 0x45, 0x6d, 0x61, 0x69, 0x6c
  .byte 0x46, 0x6f, 0x6f, 0x74, 0x65, 0x72, 0x43, 0x65, 0x6e, 0x74, 0x65, 0x72, 0x65, 0x64, 0x20, 0x77
  .byte 0x69, 0x74, 0x68, 0x20, 0x6c, 0x6f, 0x67, 0x6f, 0x20, 0x28, 0x68, 0x74, 0x74, 0x70, 0x73, 0x3a
  .byte 0x2f, 0x2f, 0x70, 0x69, 0x63, 0x73, 0x75, 0x6d, 0x2e, 0x70, 0x68, 0x6f, 0x74, 0x6f, 0x73, 0x2f
  .byte 0x73, 0x65, 0x65, 0x64, 0x2f, 0x6c, 0x75, 0x6d, 0x69, 0x65, 0x72, 0x65, 0x2d, 0x69, 0x63, 0x6f
  .byte 0x6e, 0x2f, 0x34, 0x32, 0x2f, 0x34, 0x32, 0x2c, 0x20, 0x22, 0x4c, 0x75, 0x6d, 0x69, 0xc3, 0xa8
  .byte 0x72, 0x65, 0x22, 0x29, 0x2c, 0x20, 0x63, 0x6f, 0x6d, 0x70, 0x61, 0x6e, 0x79, 0x20, 0x22, 0x4c
  .byte 0x75, 0x6d, 0x69, 0xc3, 0xa8, 0x72, 0x65, 0x22, 0x2c, 0x20, 0x74, 0x61, 0x67, 0x6c, 0x69, 0x6e
  .byte 0x65, 0x20, 0x22, 0x43, 0x72, 0x61, 0x66, 0x74, 0x65, 0x64, 0x20, 0x77, 0x69, 0x74, 0x68, 0x20
  .byte 0x69, 0x6e, 0x74, 0x65, 0x6e, 0x74, 0x69, 0x6f, 0x6e, 0x22, 0x2c, 0x20, 0x61, 0x64, 0x64, 0x72
  .byte 0x65, 0x73, 0x73, 0x20, 0x22, 0x4c, 0x75, 0x6d, 0x69, 0xc3, 0xa8, 0x72, 0x65, 0x20, 0xc2, 0xb7
  .byte 0x20, 0x31, 0x32, 0x20, 0x52, 0x75, 0x65, 0x20, 0x64, 0x75, 0x20, 0x46, 0x61, 0x75, 0x62, 0x6f
  .byte 0x75, 0x72, 0x67, 0x20, 0x53, 0x61, 0x69, 0x6e, 0x74, 0x2d, 0x48, 0x6f, 0x6e, 0x6f, 0x72, 0xc3
  .byte 0xa9, 0x20, 0xc2, 0xb7, 0x20, 0x50, 0x61, 0x72, 0x69, 0x73, 0x2c, 0x20, 0x37, 0x35, 0x30, 0x30
  .byte 0x38, 0x22, 0x2c, 0x20, 0x63, 0x6f, 0x6e, 0x74, 0x61, 0x63, 0x74, 0x20, 0x22, 0x68, 0x65, 0x6c
  .byte 0x6c, 0x6f, 0x40, 0x6c, 0x75, 0x6d, 0x69, 0x65, 0x72, 0x65, 0x2e, 0x63, 0x6f, 0x6d, 0x22, 0x2c
  .byte 0x20, 0x61, 0x6e, 0x64, 0x20, 0x33, 0x20, 0x73, 0x6f, 0x63, 0x69, 0x61, 0x6c, 0x20, 0x69, 0x63
  .byte 0x6f, 0x6e, 0x73, 0x3a, 0x0a, 0x20, 0x20, 0x20, 0x20, 0x2d, 0x20, 0x28, 0x68, 0x74, 0x74, 0x70
  .byte 0x73, 0x3a, 0x2f, 0x2f, 0x72, 0x65, 0x61, 0x63, 0x74, 0x2e, 0x65, 0x6d, 0x61, 0x69, 0x6c, 0x2f
  .byte 0x73, 0x74, 0x61, 0x74, 0x69, 0x63, 0x2f, 0x66, 0x61, 0x63, 0x65, 0x62, 0x6f, 0x6f, 0x6b, 0x2d
  .byte 0x6c, 0x6f, 0x67, 0x6f, 0x2e, 0x70, 0x6e, 0x67, 0x2c, 0x20, 0x22, 0x46, 0x61, 0x63, 0x65, 0x62
  .byte 0x6f, 0x6f, 0x6b, 0x22, 0x2c, 0x20, 0x68, 0x74, 0x74, 0x70, 0x73, 0x3a, 0x2f, 0x2f, 0x66, 0x61
  .byte 0x63, 0x65, 0x62, 0x6f, 0x6f, 0x6b, 0x2e, 0x63, 0x6f, 0x6d, 0x2f, 0x6c, 0x75, 0x6d, 0x69, 0x65
  .byte 0x72, 0x65, 0x29, 0x0a, 0x20, 0x20, 0x20, 0x20, 0x2d, 0x20, 0x28, 0x68, 0x74, 0x74, 0x70, 0x73
  .byte 0x3a, 0x2f, 0x2f, 0x72, 0x65, 0x61, 0x63, 0x74, 0x2e, 0x65, 0x6d, 0x61, 0x69, 0x6c, 0x2f, 0x73
  .byte 0x74, 0x61, 0x74, 0x69, 0x63, 0x2f, 0x78, 0x2d, 0x6c, 0x6f, 0x67, 0x6f, 0x2e, 0x70, 0x6e, 0x67
  .byte 0x2c, 0x20, 0x22, 0x58, 0x22, 0x2c, 0x20, 0x68, 0x74, 0x74, 0x70, 0x73, 0x3a, 0x2f, 0x2f, 0x78
  .byte 0x2e, 0x63, 0x6f, 0x6d, 0x2f, 0x6c, 0x75, 0x6d, 0x69, 0x65, 0x72, 0x65, 0x29, 0x0a, 0x20, 0x20
  .byte 0x20, 0x20, 0x2d, 0x20, 0x28, 0x68, 0x74, 0x74, 0x70, 0x73, 0x3a, 0x2f, 0x2f, 0x72, 0x65, 0x61
  .byte 0x63, 0x74, 0x2e, 0x65, 0x6d, 0x61, 0x69, 0x6c, 0x2f, 0x73, 0x74, 0x61, 0x74, 0x69, 0x63, 0x2f
  .byte 0x69, 0x6e, 0x73, 0x74, 0x61, 0x67, 0x72, 0x61, 0x6d, 0x2d, 0x6c, 0x6f, 0x67, 0x6f, 0x2e, 0x70
  .byte 0x6e, 0x67, 0x2c, 0x20, 0x22, 0x49, 0x6e, 0x73, 0x74, 0x61, 0x67, 0x72, 0x61, 0x6d, 0x22, 0x2c
  .byte 0x20, 0x68, 0x74, 0x74, 0x70, 0x73, 0x3a, 0x2f, 0x2f, 0x69, 0x6e, 0x73, 0x74, 0x61, 0x67, 0x72
  .byte 0x61, 0x6d, 0x2e, 0x63, 0x6f, 0x6d, 0x2f, 0x6c, 0x75, 0x6d, 0x69, 0x65, 0x72, 0x65, 0x29, 0x60
  .byte 0x2c, 0x0a, 0x20, 0x20, 0x7d, 0x2c, 0x0a, 0x20, 0x20, 0x7b, 0x0a, 0x20, 0x20, 0x20, 0x20, 0x69
  .byte 0x63, 0x6f, 0x6e, 0x3a, 0x20, 0x22, 0x5c, 0x75, 0x44, 0x38, 0x33, 0x43, 0x5c, 0x75, 0x44, 0x46
  .byte 0x39, 0x46, 0x5c, 0x75, 0x46, 0x45, 0x30, 0x46, 0x22, 0x2c, 0x0a, 0x20, 0x20, 0x20, 0x20, 0x69
  .byte 0x63, 0x6f, 0x6e, 0x42, 0x67, 0x3a, 0x20, 0x22, 0x23, 0x31, 0x61, 0x32, 0x65, 0x31, 0x65, 0x22
  .byte 0x2c, 0x0a, 0x20, 0x20, 0x20, 0x20, 0x64, 0x69, 0x73, 0x70, 0x6c, 0x61, 0x79, 0x54, 0x65, 0x78
  .byte 0x74, 0x3a, 0x20, 0x22, 0x54, 0x65, 0x63, 0x68, 0x20, 0x63, 0x6f, 0x6e, 0x66, 0x65, 0x72, 0x65
  .byte 0x6e, 0x63, 0x65, 0x20, 0x69, 0x6e, 0x76, 0x69, 0x74, 0x61, 0x74, 0x69, 0x6f, 0x6e, 0x22, 0x2c
  .byte 0x0a, 0x20, 0x20, 0x20, 0x20, 0x70, 0x72, 0x6f, 0x6d, 0x70, 0x74, 0x3a, 0x20, 0x60, 0x43, 0x72
  .byte 0x65, 0x61, 0x74, 0x65, 0x20, 0x61, 0x6e, 0x20, 0x65, 0x78, 0x63, 0x69, 0x74, 0x69, 0x6e, 0x67
  .byte 0x20, 0x74, 0x65, 0x63, 0x68, 0x20, 0x63, 0x6f, 0x6e, 0x66, 0x65, 0x72, 0x65, 0x6e, 0x63, 0x65
  .byte 0x20, 0x69, 0x6e, 0x76, 0x69, 0x74, 0x61, 0x74, 0x69, 0x6f, 0x6e, 0x20, 0x65, 0x6d, 0x61, 0x69
  .byte 0x6c, 0x20, 0x66, 0x6f, 0x72, 0x20, 0x22, 0x44, 0x65, 0x76, 0x53, 0x75, 0x6d, 0x6d, 0x69, 0x74
  .byte 0x20, 0x32, 0x30, 0x32, 0x36, 0x22, 0x20, 0xe2, 0x80, 0x94, 0x20, 0x61, 0x20, 0x32, 0x2d, 0x64
  .byte 0x61, 0x79, 0x20, 0x64, 0x65, 0x76, 0x65, 0x6c, 0x6f, 0x70, 0x65, 0x72, 0x20, 0x63, 0x6f, 0x6e
  .byte 0x66, 0x65, 0x72, 0x65, 0x6e, 0x63, 0x65, 0x2e, 0x20, 0x55, 0x73, 0x65, 0x20, 0x65, 0x6c, 0x65
  .byte 0x63, 0x74, 0x72, 0x69, 0x63, 0x20, 0x70, 0x75, 0x72, 0x70, 0x6c, 0x65, 0x20, 0x28, 0x23, 0x37
  .byte 0x43, 0x33, 0x41, 0x45, 0x44, 0x29, 0x20, 0x61, 0x73, 0x20, 0x74, 0x68, 0x65, 0x20, 0x61, 0x63
  .byte 0x63, 0x65, 0x6e, 0x74, 0x20, 0x63, 0x6f, 0x6c, 0x6f, 0x72, 0x2e, 0x20, 0x4d, 0x61, 0x6b, 0x65
  .byte 0x20, 0x69, 0x74, 0x20, 0x62, 0x6f, 0x6c, 0x64, 0x2c, 0x20, 0x65, 0x6e, 0x65, 0x72, 0x67, 0x65
  .byte 0x74, 0x69, 0x63, 0x2c, 0x20, 0x61, 0x6e, 0x64, 0x20, 0x69, 0x6e, 0x66, 0x6f, 0x72, 0x6d, 0x61
  .byte 0x74, 0x69, 0x6f, 0x6e, 0x2d, 0x72, 0x69, 0x63, 0x68, 0x2e, 0x0a, 0x0a, 0x49, 0x6e, 0x63, 0x6c
  .byte 0x75, 0x64, 0x65, 0x20, 0x74, 0x68, 0x65, 0x73, 0x65, 0x20, 0x73, 0x65, 0x63, 0x74, 0x69, 0x6f
  .byte 0x6e, 0x73, 0x20, 0x69, 0x6e, 0x20, 0x6f, 0x72, 0x64, 0x65, 0x72, 0x3a, 0x0a, 0x0a, 0x31, 0x2e
  .byte 0x20, 0x45, 0x6d, 0x61, 0x69, 0x6c, 0x48, 0x65, 0x61, 0x64, 0x65, 0x72, 0x43, 0x65, 0x6e, 0x74
  .byte 0x65, 0x72, 0x65, 0x64, 0x4e, 0x61, 0x76, 0x20, 0x77, 0x69, 0x74, 0x68, 0x20, 0x6c, 0x6f, 0x67
  .byte 0x6f, 0x20, 0x28, 0x68, 0x74, 0x74, 0x70, 0x73, 0x3a, 0x2f, 0x2f, 0x70, 0x69, 0x63, 0x73, 0x75
  .byte 0x6d, 0x2e, 0x70, 0x68, 0x6f, 0x74, 0x6f, 0x73, 0x2f, 0x73, 0x65, 0x65, 0x64, 0x2f, 0x64, 0x65
  .byte 0x76, 0x73, 0x75, 0x6d, 0x6d, 0x69, 0x74, 0x2d, 0x6c, 0x6f, 0x67, 0x6f, 0x2f, 0x31, 0x35, 0x30
  .byte 0x2f, 0x34, 0x32, 0x2c, 0x20, 0x22, 0x44, 0x65, 0x76, 0x53, 0x75, 0x6d, 0x6d, 0x69, 0x74, 0x20
  .byte 0x32, 0x30, 0x32, 0x36, 0x22, 0x2c, 0x20, 0x68, 0x65, 0x69, 0x67, 0x68, 0x74, 0x20, 0x34, 0x32
  .byte 0x29, 0x20, 0x61, 0x6e, 0x64, 0x20, 0x33, 0x20, 0x6e, 0x61, 0x76, 0x20, 0x6c, 0x69, 0x6e, 0x6b
  .byte 0x73, 0x3a, 0x20, 0x22, 0x53, 0x70, 0x65, 0x61, 0x6b, 0x65, 0x72, 0x73, 0x22, 0x2c, 0x20, 0x22
  .byte 0x53, 0x63, 0x68, 0x65, 0x64, 0x75, 0x6c, 0x65, 0x22, 0x2c, 0x20, 0x22, 0x54, 0x69, 0x63, 0x6b
  .byte 0x65, 0x74, 0x73, 0x22, 0x0a, 0x32, 0x2e, 0x20, 0x45, 0x6d, 0x61, 0x69, 0x6c, 0x44, 0x69, 0x76
  .byte 0x69, 0x64, 0x65, 0x72, 0x0a, 0x33, 0x2e, 0x20, 0x45, 0x6d, 0x61, 0x69, 0x6c, 0x49, 0x6d, 0x61
  .byte 0x67, 0x65, 0x20, 0x68, 0x65, 0x72, 0x6f, 0x20, 0x28, 0x68, 0x74, 0x74, 0x70, 0x73, 0x3a, 0x2f
  .byte 0x2f, 0x69, 0x6d, 0x61, 0x67, 0x65, 0x73, 0x2e, 0x75, 0x6e, 0x73, 0x70, 0x6c, 0x61, 0x73, 0x68
  .byte 0x2e, 0x63, 0x6f, 0x6d, 0x2f, 0x70, 0x68, 0x6f, 0x74, 0x6f, 0x2d, 0x31, 0x35, 0x34, 0x30, 0x35
  .byte 0x37, 0x35, 0x34, 0x36, 0x37, 0x30, 0x36, 0x33, 0x2d, 0x31, 0x37, 0x38, 0x61, 0x35, 0x30, 0x63
  .byte 0x32, 0x64, 0x66, 0x38, 0x37, 0x3f, 0x77, 0x3d, 0x36, 0x30, 0x30, 0x26, 0x68, 0x3d, 0x33, 0x30
  .byte 0x30, 0x26, 0x66, 0x69, 0x74, 0x3d, 0x63, 0x72, 0x6f, 0x70, 0x2c, 0x20, 0x22, 0x44, 0x65, 0x76
  .byte 0x53, 0x75, 0x6d, 0x6d, 0x69, 0x74, 0x20, 0x32, 0x30, 0x32, 0x36, 0x20, 0xe2, 0x80, 0x94, 0x20
  .byte 0x4d, 0x61, 0x72, 0x63, 0x68, 0x20, 0x31, 0x35, 0x2d, 0x31, 0x36, 0x2c, 0x20, 0x53, 0x61, 0x6e
  .byte 0x20, 0x46, 0x72, 0x61, 0x6e, 0x63, 0x69, 0x73, 0x63, 0x6f, 0x22, 0x2c, 0x20, 0x36, 0x30, 0x30
  .byte 0x29, 0x0a, 0x34, 0x2e, 0x20, 0x45, 0x6d, 0x61, 0x69, 0x6c, 0x48, 0x65, 0x61, 0x64, 0x69, 0x6e
  .byte 0x67, 0x20, 0x22, 0x44, 0x65, 0x76, 0x53, 0x75, 0x6d, 0x6d, 0x69, 0x74, 0x20, 0x32, 0x30, 0x32
  .byte 0x36, 0x20, 0xe2, 0x80, 0x94, 0x20, 0x59, 0x6f, 0x75, 0x27, 0x72, 0x65, 0x20, 0x49, 0x6e, 0x76
  .byte 0x69, 0x74, 0x65, 0x64, 0x22, 0x20, 0x28, 0x6c, 0x65, 0x76, 0x65, 0x6c, 0x20, 0x31, 0x29, 0x0a
  .byte 0x35, 0x2e, 0x20, 0x45, 0x6d, 0x61, 0x69, 0x6c, 0x54, 0x65, 0x78, 0x74, 0x20, 0x22, 0x4a, 0x6f
  .byte 0x69, 0x6e, 0x20, 0x33, 0x2c, 0x30, 0x30, 0x30, 0x2b, 0x20, 0x64, 0x65, 0x76, 0x65, 0x6c, 0x6f
  .byte 0x70, 0x65, 0x72, 0x73, 0x2c, 0x20, 0x66, 0x6f, 0x75, 0x6e, 0x64, 0x65, 0x72, 0x73, 0x2c, 0x20
  .byte 0x61, 0x6e, 0x64, 0x20, 0x74, 0x65, 0x63, 0x68, 0x20, 0x6c, 0x65, 0x61, 0x64, 0x65, 0x72, 0x73
  .byte 0x20, 0x66, 0x6f, 0x72, 0x20, 0x74, 0x77, 0x6f, 0x20, 0x64, 0x61, 0x79, 0x73, 0x20, 0x6f, 0x66
  .byte 0x20, 0x74, 0x61, 0x6c, 0x6b, 0x73, 0x2c, 0x20, 0x77, 0x6f, 0x72, 0x6b, 0x73, 0x68, 0x6f, 0x70
  .byte 0x73, 0x2c, 0x20, 0x61, 0x6e, 0x64, 0x20, 0x6e, 0x65, 0x74, 0x77, 0x6f, 0x72, 0x6b, 0x69, 0x6e
  .byte 0x67, 0x20, 0x61, 0x74, 0x20, 0x74, 0x68, 0x65, 0x20, 0x4d, 0x6f, 0x73, 0x63, 0x6f, 0x6e, 0x65
  .byte 0x20, 0x43, 0x65, 0x6e, 0x74, 0x65, 0x72, 0x20, 0x69, 0x6e, 0x20, 0x53, 0x61, 0x6e, 0x20, 0x46
  .byte 0x72, 0x61, 0x6e, 0x63, 0x69, 0x73, 0x63, 0x6f, 0x2e, 0x20, 0x45, 0x61, 0x72, 0x6c, 0x79, 0x20
  .byte 0x62, 0x69, 0x72, 0x64, 0x20, 0x70, 0x72, 0x69, 0x63, 0x69, 0x6e, 0x67, 0x20, 0x65, 0x6e, 0x64
  .byte 0x73, 0x20, 0x73, 0x6f, 0x6f, 0x6e, 0x2e, 0x22, 0x0a, 0x36, 0x2e, 0x20, 0x45, 0x6d, 0x61, 0x69
  .byte 0x6c, 0x42, 0x75, 0x74, 0x74, 0x6f, 0x6e, 0x20, 0x22, 0x47, 0x65, 0x74, 0x20, 0x59, 0x6f, 0x75
  .byte 0x72, 0x20, 0x54, 0x69, 0x63, 0x6b, 0x65, 0x74, 0x22, 0x20, 0x6c, 0x69, 0x6e, 0x6b, 0x69, 0x6e
  .byte 0x67, 0x20, 0x74, 0x6f, 0x20, 0x68, 0x74, 0x74, 0x70, 0x73, 0x3a, 0x2f, 0x2f, 0x64, 0x65, 0x76
  .byte 0x73, 0x75, 0x6d, 0x6d, 0x69, 0x74, 0x2e, 0x64, 0x65, 0x76, 0x2f, 0x74, 0x69, 0x63, 0x6b, 0x65
  .byte 0x74, 0x73, 0x20, 0x77, 0x69, 0x74, 0x68, 0x20, 0x63, 0x6f, 0x6c, 0x6f, 0x72, 0x20, 0x23, 0x37
  .byte 0x43, 0x33, 0x41, 0x45, 0x44, 0x0a, 0x37, 0x2e, 0x20, 0x45, 0x6d, 0x61, 0x69, 0x6c, 0x44, 0x69
  .byte 0x76, 0x69, 0x64, 0x65, 0x72, 0x0a, 0x38, 0x2e, 0x20, 0x45, 0x6d, 0x61, 0x69, 0x6c, 0x53, 0x74
  .byte 0x61, 0x74, 0x73, 0x20, 0x77, 0x69, 0x74, 0x68, 0x20, 0x33, 0x20, 0x69, 0x74, 0x65, 0x6d, 0x73
  .byte 0x3a, 0x20, 0x28, 0x22, 0x35, 0x30, 0x2b, 0x22, 0x2c, 0x20, 0x22, 0x53, 0x70, 0x65, 0x61, 0x6b
  .byte 0x65, 0x72, 0x73, 0x22, 0x29, 0x2c, 0x20, 0x28, 0x22, 0x33, 0x2c, 0x30, 0x30, 0x30, 0x2b, 0x22
  .byte 0x2c, 0x20, 0x22, 0x41, 0x74, 0x74, 0x65, 0x6e, 0x64, 0x65, 0x65, 0x73, 0x22, 0x29, 0x2c, 0x20
  .byte 0x28, 0x22, 0x32, 0x22, 0x2c, 0x20, 0x22, 0x44, 0x61, 0x79, 0x73, 0x22, 0x29, 0x0a, 0x39, 0x2e
  .byte 0x20, 0x45, 0x6d, 0x61, 0x69, 0x6c, 0x44, 0x69, 0x76, 0x69, 0x64, 0x65, 0x72, 0x0a, 0x31, 0x30
  .byte 0x2e, 0x20, 0x45, 0x6d, 0x61, 0x69, 0x6c, 0x46, 0x65, 0x61, 0x74, 0x75, 0x72, 0x65, 0x47, 0x72
  .byte 0x69, 0x64, 0x20, 0x74, 0x69, 0x74, 0x6c, 0x65, 0x64, 0x20, 0x22, 0x57, 0x68, 0x61, 0x74, 0x20
  .byte 0x74, 0x6f, 0x20, 0x45, 0x78, 0x70, 0x65, 0x63, 0x74, 0x22, 0x20, 0x77, 0x69, 0x74, 0x68, 0x20
  .byte 0x64, 0x65, 0x73, 0x63, 0x72, 0x69, 0x70, 0x74, 0x69, 0x6f, 0x6e, 0x20, 0x22, 0x54, 0x77, 0x6f
  .byte 0x20, 0x64, 0x61, 0x79, 0x73, 0x20, 0x70, 0x61, 0x63, 0x6b, 0x65, 0x64, 0x20, 0x77, 0x69, 0x74
  .byte 0x68, 0x20, 0x69, 0x6e, 0x73, 0x69, 0x67, 0x68, 0x74, 0x73, 0x2c, 0x20, 0x68, 0x61, 0x6e, 0x64
  .byte 0x73, 0x2d, 0x6f, 0x6e, 0x20, 0x77, 0x6f, 0x72, 0x6b, 0x73, 0x68, 0x6f, 0x70, 0x73, 0x2c, 0x20
  .byte 0x61, 0x6e, 0x64, 0x20, 0x63, 0x6f, 0x6e, 0x6e, 0x65, 0x63, 0x74, 0x69, 0x6f, 0x6e, 0x73, 0x2e
  .byte 0x22, 0x20, 0x61, 0x6e, 0x64, 0x20, 0x34, 0x20, 0x69, 0x74, 0x65, 0x6d, 0x73, 0x3a, 0x0a, 0x20
  .byte 0x20, 0x20, 0x20, 0x2d, 0x20, 0x28, 0x68, 0x74, 0x74, 0x70, 0x73, 0x3a, 0x2f, 0x2f, 0x69, 0x6d
  .byte 0x61, 0x67, 0x65, 0x73, 0x2e, 0x75, 0x6e, 0x73, 0x70, 0x6c, 0x61, 0x73, 0x68, 0x2e, 0x63, 0x6f
  .byte 0x6d, 0x2f, 0x70, 0x68, 0x6f, 0x74, 0x6f, 0x2d, 0x31, 0x34, 0x37, 0x35, 0x37, 0x32, 0x31, 0x30
  .byte 0x32, 0x37, 0x37, 0x38, 0x35, 0x2d, 0x66, 0x37, 0x34, 0x65, 0x63, 0x63, 0x66, 0x38, 0x37, 0x37
  .byte 0x65, 0x32, 0x3f, 0x77, 0x3d, 0x34, 0x38, 0x26, 0x68, 0x3d, 0x34, 0x38, 0x26, 0x66, 0x69, 0x74
  .byte 0x3d, 0x63, 0x72, 0x6f, 0x70, 0x2c, 0x20, 0x22, 0x4b, 0x65, 0x79, 0x6e, 0x6f, 0x74, 0x65, 0x73
  .byte 0x22, 0x2c, 0x20, 0x22, 0x57, 0x6f, 0x72, 0x6c, 0x64, 0x2d, 0x43, 0x6c, 0x61, 0x73, 0x73, 0x20
  .byte 0x4b, 0x65, 0x79, 0x6e, 0x6f, 0x74, 0x65, 0x73, 0x22, 0x2c, 0x20, 0x22, 0x48, 0x65, 0x61, 0x72
  .byte 0x20, 0x66, 0x72, 0x6f, 0x6d, 0x20, 0x65, 0x6e, 0x67, 0x69, 0x6e, 0x65, 0x65, 0x72, 0x69, 0x6e
  .byte 0x67, 0x20, 0x6c, 0x65, 0x61, 0x64, 0x65, 0x72, 0x73, 0x20, 0x61, 0x74, 0x20, 0x56, 0x65, 0x72
  .byte 0x63, 0x65, 0x6c, 0x2c, 0x20, 0x53, 0x74, 0x72, 0x69, 0x70, 0x65, 0x2c, 0x20, 0x4c, 0x69, 0x6e
  .byte 0x65, 0x61, 0x72, 0x2c, 0x20, 0x61, 0x6e, 0x64, 0x20, 0x6d, 0x6f, 0x72, 0x65, 0x2e, 0x22, 0x29
  .byte 0x0a, 0x20, 0x20, 0x20, 0x20, 0x2d, 0x20, 0x28, 0x68, 0x74, 0x74, 0x70, 0x73, 0x3a, 0x2f, 0x2f
  .byte 0x69, 0x6d, 0x61, 0x67, 0x65, 0x73, 0x2e, 0x75, 0x6e, 0x73, 0x70, 0x6c, 0x61, 0x73, 0x68, 0x2e
  .byte 0x63, 0x6f, 0x6d, 0x2f, 0x70, 0x68, 0x6f, 0x74, 0x6f, 0x2d, 0x31, 0x35, 0x31, 0x37, 0x36, 0x39
  .byte 0x34, 0x37, 0x31, 0x32, 0x32, 0x30, 0x32, 0x2d, 0x31, 0x34, 0x64, 0x64, 0x39, 0x35, 0x33, 0x38
  .byte 0x61, 0x61, 0x39, 0x37, 0x3f, 0x77, 0x3d, 0x34, 0x38, 0x26, 0x68, 0x3d, 0x34, 0x38, 0x26, 0x66
  .byte 0x69, 0x74, 0x3d, 0x63, 0x72, 0x6f, 0x70, 0x2c, 0x20, 0x22, 0x57, 0x6f, 0x72, 0x6b, 0x73, 0x68
  .byte 0x6f, 0x70, 0x73, 0x22, 0x2c, 0x20, 0x22, 0x48, 0x61, 0x6e, 0x64, 0x73, 0x2d, 0x6f, 0x6e, 0x20
  .byte 0x57, 0x6f, 0x72, 0x6b, 0x73, 0x68, 0x6f, 0x70, 0x73, 0x22, 0x2c, 0x20, 0x22, 0x42, 0x75, 0x69
  .byte 0x6c, 0x64, 0x20, 0x72, 0x65, 0x61, 0x6c, 0x20, 0x70, 0x72, 0x6f, 0x6a, 0x65, 0x63, 0x74, 0x73
  .byte 0x20, 0x77, 0x69, 0x74, 0x68, 0x20, 0x41, 0x49, 0x2c, 0x20, 0x52, 0x65, 0x61, 0x63, 0x74, 0x20
  .byte 0x53, 0x65, 0x72, 0x76, 0x65, 0x72, 0x20, 0x43, 0x6f, 0x6d, 0x70, 0x6f, 0x6e, 0x65, 0x6e, 0x74
  .byte 0x73, 0x2c, 0x20, 0x61, 0x6e, 0x64, 0x20, 0x65, 0x64, 0x67, 0x65, 0x20, 0x63, 0x6f, 0x6d, 0x70
  .byte 0x75, 0x74, 0x69, 0x6e, 0x67, 0x2e, 0x22, 0x29, 0x0a, 0x20, 0x20, 0x20, 0x20, 0x2d, 0x20, 0x28
  .byte 0x68, 0x74, 0x74, 0x70, 0x73, 0x3a, 0x2f, 0x2f, 0x69, 0x6d, 0x61, 0x67, 0x65, 0x73, 0x2e, 0x75
  .byte 0x6e, 0x73, 0x70, 0x6c, 0x61, 0x73, 0x68, 0x2e, 0x63, 0x6f, 0x6d, 0x2f, 0x70, 0x68, 0x6f, 0x74
  .byte 0x6f, 0x2d, 0x31, 0x35, 0x32, 0x39, 0x30, 0x37, 0x30, 0x35, 0x33, 0x38, 0x37, 0x37, 0x34, 0x2d
  .byte 0x31, 0x38, 0x34, 0x33, 0x63, 0x62, 0x33, 0x32, 0x36, 0x35, 0x64, 0x66, 0x3f, 0x77, 0x3d, 0x34
  .byte 0x38, 0x26, 0x68, 0x3d, 0x34, 0x38, 0x26, 0x66, 0x69, 0x74, 0x3d, 0x63, 0x72, 0x6f, 0x70, 0x2c
  .byte 0x20, 0x22, 0x4e, 0x65, 0x74, 0x77, 0x6f, 0x72, 0x6b, 0x69, 0x6e, 0x67, 0x22, 0x2c, 0x20, 0x22
  .byte 0x4e, 0x65, 0x74, 0x77, 0x6f, 0x72, 0x6b, 0x69, 0x6e, 0x67, 0x20, 0x45, 0x76, 0x65, 0x6e, 0x74
  .byte 0x73, 0x22, 0x2c, 0x20, 0x22, 0x45, 0x76, 0x65, 0x6e, 0x69, 0x6e, 0x67, 0x20, 0x6d, 0x69, 0x78
  .byte 0x65, 0x72, 0x73, 0x2c, 0x20, 0x31, 0x3a, 0x31, 0x20, 0x6d, 0x65, 0x6e, 0x74, 0x6f, 0x72, 0x69
  .byte 0x6e, 0x67, 0x20, 0x73, 0x65, 0x73, 0x73, 0x69, 0x6f, 0x6e, 0x73, 0x2c, 0x20, 0x61, 0x6e, 0x64
  .byte 0x20, 0x74, 0x68, 0x65, 0x20, 0x6c, 0x65, 0x67, 0x65, 0x6e, 0x64, 0x61, 0x72, 0x79, 0x20, 0x61
  .byte 0x66, 0x74, 0x65, 0x72, 0x2d, 0x70, 0x61, 0x72, 0x74, 0x79, 0x2e, 0x22, 0x29, 0x0a, 0x20, 0x20
  .byte 0x20, 0x20, 0x2d, 0x20, 0x28, 0x68, 0x74, 0x74, 0x70, 0x73, 0x3a, 0x2f, 0x2f, 0x69, 0x6d, 0x61
  .byte 0x67, 0x65, 0x73, 0x2e, 0x75, 0x6e, 0x73, 0x70, 0x6c, 0x61, 0x73, 0x68, 0x2e, 0x63, 0x6f, 0x6d
  .byte 0x2f, 0x70, 0x68, 0x6f, 0x74, 0x6f, 0x2d, 0x31, 0x35, 0x35, 0x39, 0x31, 0x33, 0x36, 0x35, 0x35
  .byte 0x35, 0x2d, 0x39, 0x33, 0x30, 0x33, 0x62, 0x61, 0x65, 0x61, 0x38, 0x65, 0x62, 0x64, 0x3f, 0x77
  .byte 0x3d, 0x34, 0x38, 0x26, 0x68, 0x3d, 0x34, 0x38, 0x26, 0x66, 0x69, 0x74, 0x3d, 0x63, 0x72, 0x6f
  .byte 0x70, 0x2c, 0x20, 0x22, 0x45, 0x78, 0x70, 0x6f, 0x22, 0x2c, 0x20, 0x22, 0x53, 0x74, 0x61, 0x72
  .byte 0x74, 0x75, 0x70, 0x20, 0x45, 0x78, 0x70, 0x6f, 0x22, 0x2c, 0x20, 0x22, 0x4d, 0x65, 0x65, 0x74
  .byte 0x20, 0x34, 0x30, 0x2b, 0x20, 0x73, 0x74, 0x61, 0x72, 0x74, 0x75, 0x70, 0x73, 0x20, 0x73, 0x68
  .byte 0x6f, 0x77, 0x63, 0x61, 0x73, 0x69, 0x6e, 0x67, 0x20, 0x63, 0x75, 0x74, 0x74, 0x69, 0x6e, 0x67
  .byte 0x2d, 0x65, 0x64, 0x67, 0x65, 0x20, 0x64, 0x65, 0x76, 0x65, 0x6c, 0x6f, 0x70, 0x65, 0x72, 0x20
  .byte 0x74, 0x6f, 0x6f, 0x6c, 0x73, 0x2e, 0x22, 0x29, 0x0a, 0x31, 0x31, 0x2e, 0x20, 0x45, 0x6d, 0x61
  .byte 0x69, 0x6c, 0x44, 0x69, 0x76, 0x69, 0x64, 0x65, 0x72, 0x0a, 0x31, 0x32, 0x2e, 0x20, 0x45, 0x6d
  .byte 0x61, 0x69, 0x6c, 0x4c, 0x69, 0x73, 0x74, 0x20, 0x74, 0x69, 0x74, 0x6c, 0x65, 0x64, 0x20, 0x22
  .byte 0x46, 0x65, 0x61, 0x74, 0x75, 0x72, 0x65, 0x64, 0x20, 0x53, 0x70, 0x65, 0x61, 0x6b, 0x65, 0x72
  .byte 0x73, 0x22, 0x20, 0x77, 0x69, 0x74, 0x68, 0x20, 0x33, 0x20, 0x69, 0x74, 0x65, 0x6d, 0x73, 0x3a
  .byte 0x0a, 0x20, 0x20, 0x20, 0x20, 0x2d, 0x20, 0x22, 0x53, 0x61, 0x72, 0x61, 0x68, 0x20, 0x44, 0x72
  .byte 0x61, 0x73, 0x6e, 0x65, 0x72, 0x22, 0x20, 0x2f, 0x20, 0x22, 0x56, 0x50, 0x20, 0x6f, 0x66, 0x20
  .byte 0x44, 0x65, 0x76, 0x65, 0x6c, 0x6f, 0x70, 0x65, 0x72, 0x20, 0x45, 0x78, 0x70, 0x65, 0x72, 0x69
  .byte 0x65, 0x6e, 0x63, 0x65, 0x20, 0x61, 0x74, 0x20, 0x4e, 0x65, 0x74, 0x6c, 0x69, 0x66, 0x79, 0x2e
  .byte 0x20, 0x4b, 0x65, 0x79, 0x6e, 0x6f, 0x74, 0x65, 0x20, 0x6f, 0x6e, 0x20, 0x74, 0x68, 0x65, 0x20
  .byte 0x66, 0x75, 0x74, 0x75, 0x72, 0x65, 0x20, 0x6f, 0x66, 0x20, 0x77, 0x65, 0x62, 0x20, 0x64, 0x65
  .byte 0x76, 0x65, 0x6c, 0x6f, 0x70, 0x6d, 0x65, 0x6e, 0x74, 0x20, 0x61, 0x6e, 0x64, 0x20, 0x41, 0x49
  .byte 0x2d, 0x61, 0x73, 0x73, 0x69, 0x73, 0x74, 0x65, 0x64, 0x20, 0x63, 0x6f, 0x64, 0x69, 0x6e, 0x67
  .byte 0x2e, 0x22, 0x0a, 0x20, 0x20, 0x20, 0x20, 0x2d, 0x20, 0x22, 0x47, 0x75, 0x69, 0x6c, 0x6c, 0x65
  .byte 0x72, 0x6d, 0x6f, 0x20, 0x52, 0x61, 0x75, 0x63, 0x68, 0x22, 0x20, 0x2f, 0x20, 0x22, 0x43, 0x45
  .byte 0x4f, 0x20, 0x6f, 0x66, 0x20, 0x56, 0x65, 0x72, 0x63, 0x65, 0x6c, 0x2e, 0x20, 0x54, 0x61, 0x6c
  .byte 0x6b, 0x20, 0x6f, 0x6e, 0x20, 0x74, 0x68, 0x65, 0x20, 0x65, 0x76, 0x6f, 0x6c, 0x75, 0x74, 0x69
  .byte 0x6f, 0x6e, 0x20, 0x6f, 0x66, 0x20, 0x52, 0x65, 0x61, 0x63, 0x74, 0x20, 0x61, 0x6e, 0x64, 0x20
  .byte 0x77, 0x68, 0x61, 0x74, 0x27, 0x73, 0x20, 0x6e, 0x65, 0x78, 0x74, 0x20, 0x66, 0x6f, 0x72, 0x20
  .byte 0x74, 0x68, 0x65, 0x20, 0x66, 0x72, 0x61, 0x6d, 0x65, 0x77, 0x6f, 0x72, 0x6b, 0x20, 0x65, 0x63
  .byte 0x6f, 0x73, 0x79, 0x73, 0x74, 0x65, 0x6d, 0x2e, 0x22, 0x0a, 0x20, 0x20, 0x20, 0x20, 0x2d, 0x20
  .byte 0x22, 0x4c, 0x65, 0x61, 0x20, 0x56, 0x65, 0x72, 0x6f, 0x75, 0x22, 0x20, 0x2f, 0x20, 0x22, 0x57
  .byte 0x33, 0x43, 0x20, 0x54, 0x41, 0x47, 0x20, 0x6d, 0x65, 0x6d, 0x62, 0x65, 0x72, 0x2e, 0x20, 0x57
  .byte 0x6f, 0x72, 0x6b, 0x73, 0x68, 0x6f, 0x70, 0x20, 0x6f, 0x6e, 0x20, 0x6d, 0x6f, 0x64, 0x65, 0x72
  .byte 0x6e, 0x20, 0x43, 0x53, 0x53, 0x20, 0x74, 0x65, 0x63, 0x68, 0x6e, 0x69, 0x71, 0x75, 0x65, 0x73
  .byte 0x20, 0x74, 0x68, 0x61, 0x74, 0x20, 0x77, 0x69, 0x6c, 0x6c, 0x20, 0x63, 0x68, 0x61, 0x6e, 0x67
  .byte 0x65, 0x20, 0x68, 0x6f, 0x77, 0x20, 0x79, 0x6f, 0x75, 0x20, 0x62, 0x75, 0x69, 0x6c, 0x64, 0x20
  .byte 0x69, 0x6e, 0x74, 0x65, 0x72, 0x66, 0x61, 0x63, 0x65, 0x73, 0x2e, 0x22, 0x0a, 0x31, 0x33, 0x2e
  .byte 0x20, 0x45, 0x6d, 0x61, 0x69, 0x6c, 0x44, 0x69, 0x76, 0x69, 0x64, 0x65, 0x72, 0x0a, 0x31, 0x34
  .byte 0x2e, 0x20, 0x45, 0x6d, 0x61, 0x69, 0x6c, 0x50, 0x72, 0x69, 0x63, 0x69, 0x6e, 0x67, 0x43, 0x61
  .byte 0x72, 0x64, 0x20, 0x77, 0x69, 0x74, 0x68, 0x20, 0x62, 0x61, 0x64, 0x67, 0x65, 0x20, 0x22, 0x45
  .byte 0x41, 0x52, 0x4c, 0x59, 0x20, 0x42, 0x49, 0x52, 0x44, 0x22, 0x2c, 0x20, 0x70, 0x72, 0x69, 0x63
  .byte 0x65, 0x20, 0x22, 0x24, 0x32, 0x39, 0x39, 0x22, 0x2c, 0x20, 0x70, 0x65, 0x72, 0x69, 0x6f, 0x64
  .byte 0x20, 0x22, 0x2f, 0x20, 0x70, 0x65, 0x72, 0x73, 0x6f, 0x6e, 0x22, 0x2c, 0x20, 0x64, 0x65, 0x73
  .byte 0x63, 0x72, 0x69, 0x70, 0x74, 0x69, 0x6f, 0x6e, 0x20, 0x22, 0x46, 0x75, 0x6c, 0x6c, 0x20, 0x61
  .byte 0x63, 0x63, 0x65, 0x73, 0x73, 0x20, 0x74, 0x6f, 0x20, 0x61, 0x6c, 0x6c, 0x20, 0x74, 0x61, 0x6c
  .byte 0x6b, 0x73, 0x2c, 0x20, 0x77, 0x6f, 0x72, 0x6b, 0x73, 0x68, 0x6f, 0x70, 0x73, 0x2c, 0x20, 0x6e
  .byte 0x65, 0x74, 0x77, 0x6f, 0x72, 0x6b, 0x69, 0x6e, 0x67, 0x20, 0x65, 0x76, 0x65, 0x6e, 0x74, 0x73
  .byte 0x2c, 0x20, 0x6d, 0x65, 0x61, 0x6c, 0x73, 0x2c, 0x20, 0x61, 0x6e, 0x64, 0x20, 0x74, 0x68, 0x65
  .byte 0x20, 0x61, 0x66, 0x74, 0x65, 0x72, 0x2d, 0x70, 0x61, 0x72, 0x74, 0x79, 0x2e, 0x20, 0x47, 0x72
  .byte 0x6f, 0x75, 0x70, 0x20, 0x64, 0x69, 0x73, 0x63, 0x6f, 0x75, 0x6e, 0x74, 0x73, 0x20, 0x61, 0x76
  .byte 0x61, 0x69, 0x6c, 0x61, 0x62, 0x6c, 0x65, 0x20, 0x66, 0x6f, 0x72, 0x20, 0x74, 0x65, 0x61, 0x6d
  .byte 0x73, 0x20, 0x6f, 0x66, 0x20, 0x35, 0x2b, 0x2e, 0x22, 0x2c, 0x20, 0x66, 0x65, 0x61, 0x74, 0x75
  .byte 0x72, 0x65, 0x73, 0x3a, 0x20, 0x22, 0x41, 0x6c, 0x6c, 0x20, 0x6b, 0x65, 0x79, 0x6e, 0x6f, 0x74
  .byte 0x65, 0x73, 0x20, 0x26, 0x20, 0x73, 0x65, 0x73, 0x73, 0x69, 0x6f, 0x6e, 0x73, 0x22, 0x2c, 0x20
  .byte 0x22, 0x48, 0x61, 0x6e, 0x64, 0x73, 0x2d, 0x6f, 0x6e, 0x20, 0x77, 0x6f, 0x72, 0x6b, 0x73, 0x68
  .byte 0x6f, 0x70, 0x20, 0x61, 0x63, 0x63, 0x65, 0x73, 0x73, 0x22, 0x2c, 0x20, 0x22, 0x4e, 0x65, 0x74
  .byte 0x77, 0x6f, 0x72, 0x6b, 0x69, 0x6e, 0x67, 0x20, 0x6d, 0x69, 0x78, 0x65, 0x72, 0x20, 0x2b, 0x20
  .byte 0x61, 0x66, 0x74, 0x65, 0x72, 0x2d, 0x70, 0x61, 0x72, 0x74, 0x79, 0x22, 0x2c, 0x20, 0x22, 0x4c
  .byte 0x75, 0x6e, 0x63, 0x68, 0x20, 0x26, 0x20, 0x72, 0x65, 0x66, 0x72, 0x65, 0x73, 0x68, 0x6d, 0x65
  .byte 0x6e, 0x74, 0x73, 0x20, 0x62, 0x6f, 0x74, 0x68, 0x20, 0x64, 0x61, 0x79, 0x73, 0x22, 0x2c, 0x20
  .byte 0x62, 0x75, 0x74, 0x74, 0x6f, 0x6e, 0x20, 0x22, 0x43, 0x6c, 0x61, 0x69, 0x6d, 0x20, 0x45, 0x61
  .byte 0x72, 0x6c, 0x79, 0x20, 0x42, 0x69, 0x72, 0x64, 0x20, 0x50, 0x72, 0x69, 0x63, 0x65, 0x22, 0x20
  .byte 0x77, 0x69, 0x74, 0x68, 0x20, 0x68, 0x72, 0x65, 0x66, 0x20, 0x68, 0x74, 0x74, 0x70, 0x73, 0x3a
  .byte 0x2f, 0x2f, 0x64, 0x65, 0x76, 0x73, 0x75, 0x6d, 0x6d, 0x69, 0x74, 0x2e, 0x64, 0x65, 0x76, 0x2f
  .byte 0x74, 0x69, 0x63, 0x6b, 0x65, 0x74, 0x73, 0x20, 0x61, 0x6e, 0x64, 0x20, 0x63, 0x6f, 0x6c, 0x6f
  .byte 0x72, 0x20, 0x23, 0x37, 0x43, 0x33, 0x41, 0x45, 0x44, 0x0a, 0x31, 0x35, 0x2e, 0x20, 0x45, 0x6d
  .byte 0x61, 0x69, 0x6c, 0x44, 0x69, 0x76, 0x69, 0x64, 0x65, 0x72, 0x0a, 0x31, 0x36, 0x2e, 0x20, 0x45
  .byte 0x6d, 0x61, 0x69, 0x6c, 0x53, 0x75, 0x72, 0x76, 0x65, 0x79, 0x52, 0x61, 0x74, 0x69, 0x6e, 0x67
  .byte 0x20, 0x77, 0x69, 0x74, 0x68, 0x20, 0x71, 0x75, 0x65, 0x73, 0x74, 0x69, 0x6f, 0x6e, 0x20, 0x22
  .byte 0x49, 0x6e, 0x74, 0x65, 0x72, 0x65, 0x73, 0x74, 0x65, 0x64, 0x20, 0x69, 0x6e, 0x20, 0x61, 0x74
  .byte 0x74, 0x65, 0x6e, 0x64, 0x69, 0x6e, 0x67, 0x3f, 0x22, 0x20, 0x61, 0x6e, 0x64, 0x20, 0x64, 0x65
  .byte 0x73, 0x63, 0x72, 0x69, 0x70, 0x74, 0x69, 0x6f, 0x6e, 0x20, 0x22, 0x52, 0x61, 0x74, 0x65, 0x20
  .byte 0x79, 0x6f, 0x75, 0x72, 0x20, 0x69, 0x6e, 0x74, 0x65, 0x72, 0x65, 0x73, 0x74, 0x20, 0x61, 0x6e
  .byte 0x64, 0x20, 0x77, 0x65, 0x27, 0x6c, 0x6c, 0x20, 0x73, 0x65, 0x6e, 0x64, 0x20, 0x79, 0x6f, 0x75
  .byte 0x20, 0x75, 0x70, 0x64, 0x61, 0x74, 0x65, 0x73, 0x2e, 0x22, 0x20, 0x61, 0x6e, 0x64, 0x20, 0x63
  .byte 0x6f, 0x6c, 0x6f, 0x72, 0x20, 0x23, 0x37, 0x43, 0x33, 0x41, 0x45, 0x44, 0x0a, 0x31, 0x37, 0x2e
  .byte 0x20, 0x45, 0x6d, 0x61, 0x69, 0x6c, 0x44, 0x69, 0x76, 0x69, 0x64, 0x65, 0x72, 0x0a, 0x31, 0x38
  .byte 0x2e, 0x20, 0x45, 0x6d, 0x61, 0x69, 0x6c, 0x46, 0x6f, 0x6f, 0x74, 0x65, 0x72, 0x43, 0x65, 0x6e
  .byte 0x74, 0x65, 0x72, 0x65, 0x64, 0x20, 0x77, 0x69, 0x74, 0x68, 0x20, 0x6c, 0x6f, 0x67, 0x6f, 0x20
  .byte 0x28, 0x68, 0x74, 0x74, 0x70, 0x73, 0x3a, 0x2f, 0x2f, 0x70, 0x69, 0x63, 0x73, 0x75, 0x6d, 0x2e
  .byte 0x70, 0x68, 0x6f, 0x74, 0x6f, 0x73, 0x2f, 0x73, 0x65, 0x65, 0x64, 0x2f, 0x64, 0x65, 0x76, 0x73
  .byte 0x75, 0x6d, 0x6d, 0x69, 0x74, 0x2d, 0x69, 0x63, 0x6f, 0x6e, 0x2f, 0x34, 0x32, 0x2f, 0x34, 0x32
  .byte 0x2c, 0x20, 0x22, 0x44, 0x65, 0x76, 0x53, 0x75, 0x6d, 0x6d, 0x69, 0x74, 0x22, 0x29, 0x2c, 0x20
  .byte 0x63, 0x6f, 0x6d, 0x70, 0x61, 0x6e, 0x79, 0x20, 0x22, 0x44, 0x65, 0x76, 0x53, 0x75, 0x6d, 0x6d
  .byte 0x69, 0x74, 0x22, 0x2c, 0x20, 0x74, 0x61, 0x67, 0x6c, 0x69, 0x6e, 0x65, 0x20, 0x22, 0x57, 0x68
  .byte 0x65, 0x72, 0x65, 0x20, 0x64, 0x65, 0x76, 0x65, 0x6c, 0x6f, 0x70, 0x65, 0x72, 0x73, 0x20, 0x63
  .byte 0x6f, 0x6e, 0x6e, 0x65, 0x63, 0x74, 0x22, 0x2c, 0x20, 0x61, 0x64, 0x64, 0x72, 0x65, 0x73, 0x73
  .byte 0x20, 0x22, 0x4d, 0x6f, 0x73, 0x63, 0x6f, 0x6e, 0x65, 0x20, 0x43, 0x65, 0x6e, 0x74, 0x65, 0x72
  .byte 0x20, 0xc2, 0xb7, 0x20, 0x37, 0x34, 0x37, 0x20, 0x48, 0x6f, 0x77, 0x61, 0x72, 0x64, 0x20, 0x53
  .byte 0x74, 0x20, 0xc2, 0xb7, 0x20, 0x53, 0x61, 0x6e, 0x20, 0x46, 0x72, 0x61, 0x6e, 0x63, 0x69, 0x73
  .byte 0x63, 0x6f, 0x2c, 0x20, 0x43, 0x41, 0x20, 0x39, 0x34, 0x31, 0x30, 0x33, 0x22, 0x2c, 0x20, 0x63
  .byte 0x6f, 0x6e, 0x74, 0x61, 0x63, 0x74, 0x20, 0x22, 0x68, 0x65, 0x6c, 0x6c, 0x6f, 0x40, 0x64, 0x65
  .byte 0x76, 0x73, 0x75, 0x6d, 0x6d, 0x69, 0x74, 0x2e, 0x64, 0x65, 0x76, 0x22, 0x2c, 0x20, 0x61, 0x6e
  .byte 0x64, 0x20, 0x33, 0x20, 0x73, 0x6f, 0x63, 0x69, 0x61, 0x6c, 0x20, 0x69, 0x63, 0x6f, 0x6e, 0x73
  .byte 0x3a, 0x0a, 0x20, 0x20, 0x20, 0x20, 0x2d, 0x20, 0x28, 0x68, 0x74, 0x74, 0x70, 0x73, 0x3a, 0x2f
  .byte 0x2f, 0x72, 0x65, 0x61, 0x63, 0x74, 0x2e, 0x65, 0x6d, 0x61, 0x69, 0x6c, 0x2f, 0x73, 0x74, 0x61
  .byte 0x74, 0x69, 0x63, 0x2f, 0x66, 0x61, 0x63, 0x65, 0x62, 0x6f, 0x6f, 0x6b, 0x2d, 0x6c, 0x6f, 0x67
  .byte 0x6f, 0x2e, 0x70, 0x6e, 0x67, 0x2c, 0x20, 0x22, 0x46, 0x61, 0x63, 0x65, 0x62, 0x6f, 0x6f, 0x6b
  .byte 0x22, 0x2c, 0x20, 0x68, 0x74, 0x74, 0x70, 0x73, 0x3a, 0x2f, 0x2f, 0x66, 0x61, 0x63, 0x65, 0x62
  .byte 0x6f, 0x6f, 0x6b, 0x2e, 0x63, 0x6f, 0x6d, 0x2f, 0x64, 0x65, 0x76, 0x73, 0x75, 0x6d, 0x6d, 0x69
  .byte 0x74, 0x29, 0x0a, 0x20, 0x20, 0x20, 0x20, 0x2d, 0x20, 0x28, 0x68, 0x74, 0x74, 0x70, 0x73, 0x3a
  .byte 0x2f, 0x2f, 0x72, 0x65, 0x61, 0x63, 0x74, 0x2e, 0x65, 0x6d, 0x61, 0x69, 0x6c, 0x2f, 0x73, 0x74
  .byte 0x61, 0x74, 0x69, 0x63, 0x2f, 0x78, 0x2d, 0x6c, 0x6f, 0x67, 0x6f, 0x2e, 0x70, 0x6e, 0x67, 0x2c
  .byte 0x20, 0x22, 0x58, 0x22, 0x2c, 0x20, 0x68, 0x74, 0x74, 0x70, 0x73, 0x3a, 0x2f, 0x2f, 0x78, 0x2e
  .byte 0x63, 0x6f, 0x6d, 0x2f, 0x64, 0x65, 0x76, 0x73, 0x75, 0x6d, 0x6d, 0x69, 0x74, 0x29, 0x0a, 0x20
  .byte 0x20, 0x20, 0x20, 0x2d, 0x20, 0x28, 0x68, 0x74, 0x74, 0x70, 0x73, 0x3a, 0x2f, 0x2f, 0x72, 0x65
  .byte 0x61, 0x63, 0x74, 0x2e, 0x65, 0x6d, 0x61, 0x69, 0x6c, 0x2f, 0x73, 0x74, 0x61, 0x74, 0x69, 0x63
  .byte 0x2f, 0x69, 0x6e, 0x73, 0x74, 0x61, 0x67, 0x72, 0x61, 0x6d, 0x2d, 0x6c, 0x6f, 0x67, 0x6f, 0x2e
  .byte 0x70, 0x6e, 0x67, 0x2c, 0x20, 0x22, 0x49, 0x6e, 0x73, 0x74, 0x61, 0x67, 0x72, 0x61, 0x6d, 0x22
  .byte 0x2c, 0x20, 0x68, 0x74, 0x74, 0x70, 0x73, 0x3a, 0x2f, 0x2f, 0x69, 0x6e, 0x73, 0x74, 0x61, 0x67
  .byte 0x72, 0x61, 0x6d, 0x2e, 0x63, 0x6f, 0x6d, 0x2f, 0x64, 0x65, 0x76, 0x73, 0x75, 0x6d, 0x6d, 0x69
  .byte 0x74, 0x29, 0x60, 0x2c, 0x0a, 0x20, 0x20, 0x7d, 0x2c, 0x0a, 0x20, 0x20, 0x7b, 0x0a, 0x20, 0x20
  .byte 0x20, 0x20, 0x69, 0x63, 0x6f, 0x6e, 0x3a, 0x20, 0x22, 0x5c, 0x75, 0x32, 0x37, 0x30, 0x38, 0x5c
  .byte 0x75, 0x46, 0x45, 0x30, 0x46, 0x22, 0x2c, 0x0a, 0x20, 0x20, 0x20, 0x20, 0x69, 0x63, 0x6f, 0x6e
  .byte 0x42, 0x67, 0x3a, 0x20, 0x22, 0x23, 0x32, 0x65, 0x31, 0x61, 0x31, 0x61, 0x22, 0x2c, 0x0a, 0x20
  .byte 0x20, 0x20, 0x20, 0x64, 0x69, 0x73, 0x70, 0x6c, 0x61, 0x79, 0x54, 0x65, 0x78, 0x74, 0x3a, 0x20
  .byte 0x22, 0x54, 0x72, 0x61, 0x76, 0x65, 0x6c, 0x20, 0x6d, 0x61, 0x72, 0x6b, 0x65, 0x74, 0x70, 0x6c
  .byte 0x61, 0x63, 0x65, 0x20, 0x6e, 0x65, 0x77, 0x73, 0x6c, 0x65, 0x74, 0x74, 0x65, 0x72, 0x22, 0x2c
  .byte 0x0a, 0x20, 0x20, 0x20, 0x20, 0x70, 0x72, 0x6f, 0x6d, 0x70, 0x74, 0x3a, 0x20, 0x60, 0x43, 0x72
  .byte 0x65, 0x61, 0x74, 0x65, 0x20, 0x61, 0x20, 0x77, 0x61, 0x72, 0x6d, 0x2c, 0x20, 0x62, 0x65, 0x61
  .byte 0x75, 0x74, 0x69, 0x66, 0x75, 0x6c, 0x20, 0x74, 0x72, 0x61, 0x76, 0x65, 0x6c, 0x20, 0x6d, 0x61
  .byte 0x72, 0x6b, 0x65, 0x74, 0x70, 0x6c, 0x61, 0x63, 0x65, 0x20, 0x6e, 0x65, 0x77, 0x73, 0x6c, 0x65
  .byte 0x74, 0x74, 0x65, 0x72, 0x20, 0x65, 0x6d, 0x61, 0x69, 0x6c, 0x20, 0x66, 0x6f, 0x72, 0x20, 0x61
  .byte 0x6e, 0x20, 0x41, 0x69, 0x72, 0x62, 0x6e, 0x62, 0x2d, 0x6c, 0x69, 0x6b, 0x65, 0x20, 0x70, 0x6c
  .byte 0x61, 0x74, 0x66, 0x6f, 0x72, 0x6d, 0x20, 0x63, 0x61, 0x6c, 0x6c, 0x65, 0x64, 0x20, 0x22, 0x57
  .byte 0x61, 0x6e, 0x64, 0x65, 0x72, 0x6c, 0x79, 0x22, 0x2e, 0x20, 0x55, 0x73, 0x65, 0x20, 0x63, 0x6f
  .byte 0x72, 0x61, 0x6c, 0x20, 0x28, 0x23, 0x46, 0x46, 0x35, 0x41, 0x35, 0x46, 0x29, 0x20, 0x61, 0x73
  .byte 0x20, 0x74, 0x68, 0x65, 0x20, 0x61, 0x63, 0x63, 0x65, 0x6e, 0x74, 0x20, 0x63, 0x6f, 0x6c, 0x6f
  .byte 0x72, 0x2e, 0x20, 0x4d, 0x61, 0x6b, 0x65, 0x20, 0x69, 0x74, 0x20, 0x69, 0x6d, 0x61, 0x67, 0x65
  .byte 0x2d, 0x72, 0x69, 0x63, 0x68, 0x2c, 0x20, 0x66, 0x72, 0x69, 0x65, 0x6e, 0x64, 0x6c, 0x79, 0x2c
  .byte 0x20, 0x61, 0x6e, 0x64, 0x20, 0x69, 0x6e, 0x73, 0x70, 0x69, 0x72, 0x69, 0x6e, 0x67, 0x2e, 0x0a
  .byte 0x0a, 0x49, 0x6e, 0x63, 0x6c, 0x75, 0x64, 0x65, 0x20, 0x74, 0x68, 0x65, 0x73, 0x65, 0x20, 0x73
  .byte 0x65, 0x63, 0x74, 0x69, 0x6f, 0x6e, 0x73, 0x20, 0x69, 0x6e, 0x20, 0x6f, 0x72, 0x64, 0x65, 0x72
  .byte 0x3a, 0x0a, 0x0a, 0x31, 0x2e, 0x20, 0x45, 0x6d, 0x61, 0x69, 0x6c, 0x48, 0x65, 0x61, 0x64, 0x65
  .byte 0x72, 0x43, 0x65, 0x6e, 0x74, 0x65, 0x72, 0x65, 0x64, 0x4e, 0x61, 0x76, 0x20, 0x77, 0x69, 0x74
  .byte 0x68, 0x20, 0x6c, 0x6f, 0x67, 0x6f, 0x20, 0x28, 0x68, 0x74, 0x74, 0x70, 0x73, 0x3a, 0x2f, 0x2f
  .byte 0x70, 0x69, 0x63, 0x73, 0x75, 0x6d, 0x2e, 0x70, 0x68, 0x6f, 0x74, 0x6f, 0x73, 0x2f, 0x73, 0x65
  .byte 0x65, 0x64, 0x2f, 0x77, 0x61, 0x6e, 0x64, 0x65, 0x72, 0x6c, 0x79, 0x2d, 0x6c, 0x6f, 0x67, 0x6f
  .byte 0x2f, 0x31, 0x35, 0x30, 0x2f, 0x34, 0x32, 0x2c, 0x20, 0x22, 0x57, 0x61, 0x6e, 0x64, 0x65, 0x72
  .byte 0x6c, 0x79, 0x22, 0x2c, 0x20, 0x68, 0x65, 0x69, 0x67, 0x68, 0x74, 0x20, 0x34, 0x32, 0x29, 0x20
  .byte 0x61, 0x6e, 0x64, 0x20, 0x33, 0x20, 0x6e, 0x61, 0x76, 0x20, 0x6c, 0x69, 0x6e, 0x6b, 0x73, 0x3a
  .byte 0x20, 0x22, 0x45, 0x78, 0x70, 0x6c, 0x6f, 0x72, 0x65, 0x22, 0x2c, 0x20, 0x22, 0x53, 0x74, 0x61
  .byte 0x79, 0x73, 0x22, 0x2c, 0x20, 0x22, 0x45, 0x78, 0x70, 0x65, 0x72, 0x69, 0x65, 0x6e, 0x63, 0x65
  .byte 0x73, 0x22, 0x0a, 0x32, 0x2e, 0x20, 0x45, 0x6d, 0x61, 0x69, 0x6c, 0x44, 0x69, 0x76, 0x69, 0x64
  .byte 0x65, 0x72, 0x0a, 0x33, 0x2e, 0x20, 0x45, 0x6d, 0x61, 0x69, 0x6c, 0x48, 0x65, 0x61, 0x64, 0x69
  .byte 0x6e, 0x67, 0x20, 0x22, 0x59, 0x6f, 0x75, 0x72, 0x20, 0x57, 0x65, 0x65, 0x6b, 0x20, 0x69, 0x6e
  .byte 0x20, 0x54, 0x72, 0x61, 0x76, 0x65, 0x6c, 0x22, 0x20, 0x28, 0x6c, 0x65, 0x76, 0x65, 0x6c, 0x20
  .byte 0x31, 0x29, 0x0a, 0x34, 0x2e, 0x20, 0x45, 0x6d, 0x61, 0x69, 0x6c, 0x54, 0x65, 0x78, 0x74, 0x20
  .byte 0x22, 0x48, 0x61, 0x6e, 0x64, 0x70, 0x69, 0x63, 0x6b, 0x65, 0x64, 0x20, 0x64, 0x65, 0x73, 0x74
  .byte 0x69, 0x6e, 0x61, 0x74, 0x69, 0x6f, 0x6e, 0x73, 0x2c, 0x20, 0x74, 0x72, 0x65, 0x6e, 0x64, 0x69
  .byte 0x6e, 0x67, 0x20, 0x73, 0x74, 0x61, 0x79, 0x73, 0x2c, 0x20, 0x61, 0x6e, 0x64, 0x20, 0x65, 0x78
  .byte 0x63, 0x6c, 0x75, 0x73, 0x69, 0x76, 0x65, 0x20, 0x64, 0x65, 0x61, 0x6c, 0x73, 0x20, 0xe2, 0x80
  .byte 0x94, 0x20, 0x63, 0x75, 0x72, 0x61, 0x74, 0x65, 0x64, 0x20, 0x6a, 0x75, 0x73, 0x74, 0x20, 0x66
  .byte 0x6f, 0x72, 0x20, 0x79, 0x6f, 0x75, 0x2e, 0x20, 0x48, 0x65, 0x72, 0x65, 0x27, 0x73, 0x20, 0x77
  .byte 0x68, 0x61, 0x74, 0x27, 0x73, 0x20, 0x69, 0x6e, 0x73, 0x70, 0x69, 0x72, 0x69, 0x6e, 0x67, 0x20
  .byte 0x74, 0x72, 0x61, 0x76, 0x65, 0x6c, 0x65, 0x72, 0x73, 0x20, 0x74, 0x68, 0x69, 0x73, 0x20, 0x77
  .byte 0x65, 0x65, 0x6b, 0x2e, 0x22, 0x0a, 0x35, 0x2e, 0x20, 0x45, 0x6d, 0x61, 0x69, 0x6c, 0x44, 0x69
  .byte 0x76, 0x69, 0x64, 0x65, 0x72, 0x0a, 0x36, 0x2e, 0x20, 0x45, 0x6d, 0x61, 0x69, 0x6c, 0x49, 0x6d
  .byte 0x61, 0x67, 0x65, 0x47, 0x72, 0x69, 0x64, 0x20, 0x74, 0x69, 0x74, 0x6c, 0x65, 0x64, 0x20, 0x22
  .byte 0x54, 0x72, 0x65, 0x6e, 0x64, 0x69, 0x6e, 0x67, 0x20, 0x44, 0x65, 0x73, 0x74, 0x69, 0x6e, 0x61
  .byte 0x74, 0x69, 0x6f, 0x6e, 0x73, 0x22, 0x20, 0x77, 0x69, 0x74, 0x68, 0x20, 0x64, 0x65, 0x73, 0x63
  .byte 0x72, 0x69, 0x70, 0x74, 0x69, 0x6f, 0x6e, 0x20, 0x22, 0x54, 0x68, 0x65, 0x20, 0x6d, 0x6f, 0x73
  .byte 0x74, 0x2d, 0x62, 0x6f, 0x6f, 0x6b, 0x65, 0x64, 0x20, 0x70, 0x6c, 0x61, 0x63, 0x65, 0x73, 0x20
  .byte 0x62, 0x79, 0x20, 0x57, 0x61, 0x6e, 0x64, 0x65, 0x72, 0x6c, 0x79, 0x20, 0x74, 0x72, 0x61, 0x76
  .byte 0x65, 0x6c, 0x65, 0x72, 0x73, 0x20, 0x74, 0x68, 0x69, 0x73, 0x20, 0x6d, 0x6f, 0x6e, 0x74, 0x68
  .byte 0x2e, 0x22, 0x20, 0x61, 0x6e, 0x64, 0x20, 0x34, 0x20, 0x69, 0x6d, 0x61, 0x67, 0x65, 0x73, 0x3a
  .byte 0x0a, 0x20, 0x20, 0x20, 0x2d, 0x20, 0x28, 0x68, 0x74, 0x74, 0x70, 0x73, 0x3a, 0x2f, 0x2f, 0x70
  .byte 0x69, 0x63, 0x73, 0x75, 0x6d, 0x2e, 0x70, 0x68, 0x6f, 0x74, 0x6f, 0x73, 0x2f, 0x73, 0x65, 0x65
  .byte 0x64, 0x2f, 0x73, 0x61, 0x6e, 0x74, 0x6f, 0x72, 0x69, 0x6e, 0x69, 0x2d, 0x62, 0x6c, 0x75, 0x65
  .byte 0x2f, 0x33, 0x30, 0x30, 0x2f, 0x32, 0x38, 0x38, 0x2c, 0x20, 0x22, 0x53, 0x61, 0x6e, 0x74, 0x6f
  .byte 0x72, 0x69, 0x6e, 0x69, 0x2c, 0x20, 0x47, 0x72, 0x65, 0x65, 0x63, 0x65, 0x22, 0x29, 0x0a, 0x20
  .byte 0x20, 0x20, 0x2d, 0x20, 0x28, 0x68, 0x74, 0x74, 0x70, 0x73, 0x3a, 0x2f, 0x2f, 0x70, 0x69, 0x63
  .byte 0x73, 0x75, 0x6d, 0x2e, 0x70, 0x68, 0x6f, 0x74, 0x6f, 0x73, 0x2f, 0x73, 0x65, 0x65, 0x64, 0x2f
  .byte 0x6b, 0x79, 0x6f, 0x74, 0x6f, 0x2d, 0x74, 0x65, 0x6d, 0x70, 0x6c, 0x65, 0x2f, 0x33, 0x30, 0x30
  .byte 0x2f, 0x32, 0x38, 0x38, 0x2c, 0x20, 0x22, 0x4b, 0x79, 0x6f, 0x74, 0x6f, 0x2c, 0x20, 0x4a, 0x61
  .byte 0x70, 0x61, 0x6e, 0x22, 0x29, 0x0a, 0x20, 0x20, 0x20, 0x2d, 0x20, 0x28, 0x68, 0x74, 0x74, 0x70
  .byte 0x73, 0x3a, 0x2f, 0x2f, 0x70, 0x69, 0x63, 0x73, 0x75, 0x6d, 0x2e, 0x70, 0x68, 0x6f, 0x74, 0x6f
  .byte 0x73, 0x2f, 0x73, 0x65, 0x65, 0x64, 0x2f, 0x6d, 0x61, 0x6c, 0x64, 0x69, 0x76, 0x65, 0x73, 0x2d
  .byte 0x6f, 0x63, 0x65, 0x61, 0x6e, 0x2f, 0x33, 0x30, 0x30, 0x2f, 0x32, 0x38, 0x38, 0x2c, 0x20, 0x22
  .byte 0x4d, 0x61, 0x6c, 0x64, 0x69, 0x76, 0x65, 0x73, 0x22, 0x29, 0x0a, 0x20, 0x20, 0x20, 0x2d, 0x20
  .byte 0x28, 0x68, 0x74, 0x74, 0x70, 0x73, 0x3a, 0x2f, 0x2f, 0x70, 0x69, 0x63, 0x73, 0x75, 0x6d, 0x2e
  .byte 0x70, 0x68, 0x6f, 0x74, 0x6f, 0x73, 0x2f, 0x73, 0x65, 0x65, 0x64, 0x2f, 0x73, 0x77, 0x69, 0x73
  .byte 0x73, 0x2d, 0x61, 0x6c, 0x70, 0x73, 0x2d, 0x73, 0x6e, 0x6f, 0x77, 0x2f, 0x33, 0x30, 0x30, 0x2f
  .byte 0x32, 0x38, 0x38, 0x2c, 0x20, 0x22, 0x53, 0x77, 0x69, 0x73, 0x73, 0x20, 0x41, 0x6c, 0x70, 0x73
  .byte 0x22, 0x29, 0x0a, 0x37, 0x2e, 0x20, 0x45, 0x6d, 0x61, 0x69, 0x6c, 0x44, 0x69, 0x76, 0x69, 0x64
  .byte 0x65, 0x72, 0x0a, 0x38, 0x2e, 0x20, 0x45, 0x6d, 0x61, 0x69, 0x6c, 0x41, 0x72, 0x74, 0x69, 0x63
  .byte 0x6c, 0x65, 0x20, 0x77, 0x69, 0x74, 0x68, 0x20, 0x69, 0x6d, 0x61, 0x67, 0x65, 0x20, 0x28, 0x68
  .byte 0x74, 0x74, 0x70, 0x73, 0x3a, 0x2f, 0x2f, 0x70, 0x69, 0x63, 0x73, 0x75, 0x6d, 0x2e, 0x70, 0x68
  .byte 0x6f, 0x74, 0x6f, 0x73, 0x2f, 0x73, 0x65, 0x65, 0x64, 0x2f, 0x6f, 0x63, 0x65, 0x61, 0x6e, 0x2d
  .byte 0x76, 0x69, 0x6c, 0x6c, 0x61, 0x2d, 0x73, 0x75, 0x6e, 0x73, 0x65, 0x74, 0x2f, 0x36, 0x30, 0x30
  .byte 0x2f, 0x33, 0x32, 0x30, 0x2c, 0x20, 0x22, 0x4f, 0x63, 0x65, 0x61, 0x6e, 0x20, 0x56, 0x69, 0x6c
  .byte 0x6c, 0x61, 0x20, 0x61, 0x74, 0x20, 0x53, 0x75, 0x6e, 0x73, 0x65, 0x74, 0x22, 0x29, 0x2c, 0x20
  .byte 0x63, 0x61, 0x74, 0x65, 0x67, 0x6f, 0x72, 0x79, 0x20, 0x22, 0x46, 0x45, 0x41, 0x54, 0x55, 0x52
  .byte 0x45, 0x44, 0x20, 0x53, 0x54, 0x41, 0x59, 0x22, 0x2c, 0x20, 0x74, 0x69, 0x74, 0x6c, 0x65, 0x20
  .byte 0x22, 0x43, 0x6c, 0x69, 0x66, 0x66, 0x73, 0x69, 0x64, 0x65, 0x20, 0x4f, 0x63, 0x65, 0x61, 0x6e
  .byte 0x20, 0x56, 0x69, 0x6c, 0x6c, 0x61, 0x20, 0x69, 0x6e, 0x20, 0x53, 0x61, 0x6e, 0x74, 0x6f, 0x72
  .byte 0x69, 0x6e, 0x69, 0x22, 0x2c, 0x20, 0x64, 0x65, 0x73, 0x63, 0x72, 0x69, 0x70, 0x74, 0x69, 0x6f
  .byte 0x6e, 0x20, 0x22, 0x57, 0x61, 0x6b, 0x65, 0x20, 0x75, 0x70, 0x20, 0x74, 0x6f, 0x20, 0x70, 0x61
  .byte 0x6e, 0x6f, 0x72, 0x61, 0x6d, 0x69, 0x63, 0x20, 0x76, 0x69, 0x65, 0x77, 0x73, 0x20, 0x6f, 0x66
  .byte 0x20, 0x74, 0x68, 0x65, 0x20, 0x41, 0x65, 0x67, 0x65, 0x61, 0x6e, 0x20, 0x53, 0x65, 0x61, 0x20
  .byte 0x66, 0x72, 0x6f, 0x6d, 0x20, 0x79, 0x6f, 0x75, 0x72, 0x20, 0x70, 0x72, 0x69, 0x76, 0x61, 0x74
  .byte 0x65, 0x20, 0x69, 0x6e, 0x66, 0x69, 0x6e, 0x69, 0x74, 0x79, 0x20, 0x70, 0x6f, 0x6f, 0x6c, 0x2e
  .byte 0x20, 0x54, 0x68, 0x69, 0x73, 0x20, 0x73, 0x74, 0x75, 0x6e, 0x6e, 0x69, 0x6e, 0x67, 0x20, 0x33
  .byte 0x2d, 0x62, 0x65, 0x64, 0x72, 0x6f, 0x6f, 0x6d, 0x20, 0x76, 0x69, 0x6c, 0x6c, 0x61, 0x20, 0x66
  .byte 0x65, 0x61, 0x74, 0x75, 0x72, 0x65, 0x73, 0x20, 0x68, 0x61, 0x6e, 0x64, 0x2d, 0x63, 0x61, 0x72
  .byte 0x76, 0x65, 0x64, 0x20, 0x73, 0x74, 0x6f, 0x6e, 0x65, 0x20, 0x69, 0x6e, 0x74, 0x65, 0x72, 0x69
  .byte 0x6f, 0x72, 0x73, 0x2c, 0x20, 0x61, 0x20, 0x73, 0x75, 0x6e, 0x2d, 0x64, 0x72, 0x65, 0x6e, 0x63
  .byte 0x68, 0x65, 0x64, 0x20, 0x74, 0x65, 0x72, 0x72, 0x61, 0x63, 0x65, 0x2c, 0x20, 0x61, 0x6e, 0x64
  .byte 0x20, 0x64, 0x69, 0x72, 0x65, 0x63, 0x74, 0x20, 0x61, 0x63, 0x63, 0x65, 0x73, 0x73, 0x20, 0x74
  .byte 0x6f, 0x20, 0x61, 0x20, 0x73, 0x65, 0x63, 0x6c, 0x75, 0x64, 0x65, 0x64, 0x20, 0x62, 0x65, 0x61
  .byte 0x63, 0x68, 0x2e, 0x22, 0x2c, 0x20, 0x62, 0x75, 0x74, 0x74, 0x6f, 0x6e, 0x20, 0x22, 0x42, 0x6f
  .byte 0x6f, 0x6b, 0x20, 0x4e, 0x6f, 0x77, 0x20, 0xe2, 0x80, 0x94, 0x20, 0x24, 0x32, 0x38, 0x35, 0x2f
  .byte 0x6e, 0x69, 0x67, 0x68, 0x74, 0x22, 0x2c, 0x20, 0x68, 0x72, 0x65, 0x66, 0x20, 0x68, 0x74, 0x74
  .byte 0x70, 0x73, 0x3a, 0x2f, 0x2f, 0x77, 0x61, 0x6e, 0x64, 0x65, 0x72, 0x6c, 0x79, 0x2e, 0x63, 0x6f
  .byte 0x6d, 0x2f, 0x73, 0x74, 0x61, 0x79, 0x73, 0x2f, 0x73, 0x61, 0x6e, 0x74, 0x6f, 0x72, 0x69, 0x6e
  .byte 0x69, 0x2d, 0x76, 0x69, 0x6c, 0x6c, 0x61, 0x2c, 0x20, 0x63, 0x6f, 0x6c, 0x6f, 0x72, 0x20, 0x23
  .byte 0x46, 0x46, 0x35, 0x41, 0x35, 0x46, 0x0a, 0x39, 0x2e, 0x20, 0x45, 0x6d, 0x61, 0x69, 0x6c, 0x44
  .byte 0x69, 0x76, 0x69, 0x64, 0x65, 0x72, 0x0a, 0x31, 0x30, 0x2e, 0x20, 0x45, 0x6d, 0x61, 0x69, 0x6c
  .byte 0x4c, 0x69, 0x73, 0x74, 0x20, 0x74, 0x69, 0x74, 0x6c, 0x65, 0x64, 0x20, 0x22, 0x54, 0x6f, 0x70
  .byte 0x20, 0x33, 0x20, 0x50, 0x69, 0x63, 0x6b, 0x73, 0x20, 0x54, 0x68, 0x69, 0x73, 0x20, 0x57, 0x65
  .byte 0x65, 0x6b, 0x22, 0x20, 0x77, 0x69, 0x74, 0x68, 0x20, 0x33, 0x20, 0x69, 0x74, 0x65, 0x6d, 0x73
  .byte 0x3a, 0x0a, 0x20, 0x20, 0x20, 0x20, 0x2d, 0x20, 0x22, 0x41, 0x6d, 0x61, 0x6c, 0x66, 0x69, 0x20
  .byte 0x43, 0x6f, 0x61, 0x73, 0x74, 0x2c, 0x20, 0x49, 0x74, 0x61, 0x6c, 0x79, 0x22, 0x20, 0x2f, 0x20
  .byte 0x22, 0x4c, 0x65, 0x6d, 0x6f, 0x6e, 0x20, 0x67, 0x72, 0x6f, 0x76, 0x65, 0x73, 0x2c, 0x20, 0x70
  .byte 0x61, 0x73, 0x74, 0x65, 0x6c, 0x20, 0x76, 0x69, 0x6c, 0x6c, 0x61, 0x67, 0x65, 0x73, 0x2c, 0x20
  .byte 0x61, 0x6e, 0x64, 0x20, 0x74, 0x68, 0x65, 0x20, 0x62, 0x65, 0x73, 0x74, 0x20, 0x70, 0x61, 0x73
  .byte 0x74, 0x61, 0x20, 0x79, 0x6f, 0x75, 0x27, 0x6c, 0x6c, 0x20, 0x65, 0x76, 0x65, 0x72, 0x20, 0x65
  .byte 0x61, 0x74, 0x2e, 0x20, 0x50, 0x72, 0x69, 0x63, 0x65, 0x73, 0x20, 0x64, 0x72, 0x6f, 0x70, 0x20
  .byte 0x32, 0x30, 0x25, 0x20, 0x69, 0x6e, 0x20, 0x73, 0x68, 0x6f, 0x75, 0x6c, 0x64, 0x65, 0x72, 0x20
  .byte 0x73, 0x65, 0x61, 0x73, 0x6f, 0x6e, 0x2e, 0x22, 0x0a, 0x20, 0x20, 0x20, 0x20, 0x2d, 0x20, 0x22
  .byte 0x42, 0x61, 0x6c, 0x69, 0x20, 0x52, 0x69, 0x63, 0x65, 0x20, 0x54, 0x65, 0x72, 0x72, 0x61, 0x63
  .byte 0x65, 0x73, 0x22, 0x20, 0x2f, 0x20, 0x22, 0x55, 0x62, 0x75, 0x64, 0x27, 0x73, 0x20, 0x65, 0x6d
  .byte 0x65, 0x72, 0x61, 0x6c, 0x64, 0x20, 0x72, 0x69, 0x63, 0x65, 0x20, 0x70, 0x61, 0x64, 0x64, 0x69
  .byte 0x65, 0x73, 0x20, 0x61, 0x72, 0x65, 0x20, 0x70, 0x65, 0x61, 0x6b, 0x20, 0x6d, 0x61, 0x67, 0x69
  .byte 0x63, 0x20, 0x72, 0x69, 0x67, 0x68, 0x74, 0x20, 0x6e, 0x6f, 0x77, 0x2e, 0x20, 0x42, 0x6f, 0x6f
  .byte 0x6b, 0x20, 0x61, 0x20, 0x74, 0x72, 0x65, 0x65, 0x68, 0x6f, 0x75, 0x73, 0x65, 0x20, 0x73, 0x74
  .byte 0x61, 0x79, 0x20, 0x66, 0x6f, 0x72, 0x20, 0x74, 0x68, 0x65, 0x20, 0x66, 0x75, 0x6c, 0x6c, 0x20
  .byte 0x65, 0x78, 0x70, 0x65, 0x72, 0x69, 0x65, 0x6e, 0x63, 0x65, 0x2e, 0x22, 0x0a, 0x20, 0x20, 0x20
  .byte 0x20, 0x2d, 0x20, 0x22, 0x4e, 0x6f, 0x72, 0x74, 0x68, 0x65, 0x72, 0x6e, 0x20, 0x4c, 0x69, 0x67
  .byte 0x68, 0x74, 0x73, 0x2c, 0x20, 0x49, 0x63, 0x65, 0x6c, 0x61, 0x6e, 0x64, 0x22, 0x20, 0x2f, 0x20
  .byte 0x22, 0x41, 0x75, 0x72, 0x6f, 0x72, 0x61, 0x20, 0x73, 0x65, 0x61, 0x73, 0x6f, 0x6e, 0x20, 0x70
  .byte 0x65, 0x61, 0x6b, 0x73, 0x20, 0x74, 0x68, 0x69, 0x73, 0x20, 0x6d, 0x6f, 0x6e, 0x74, 0x68, 0x2e
  .byte 0x20, 0x47, 0x6c, 0x61, 0x73, 0x73, 0x2d, 0x72, 0x6f, 0x6f, 0x66, 0x20, 0x63, 0x61, 0x62, 0x69
  .byte 0x6e, 0x73, 0x20, 0x61, 0x72, 0x65, 0x20, 0x73, 0x65, 0x6c, 0x6c, 0x69, 0x6e, 0x67, 0x20, 0x6f
  .byte 0x75, 0x74, 0x20, 0xe2, 0x80, 0x94, 0x20, 0x64, 0x6f, 0x6e, 0x27, 0x74, 0x20, 0x77, 0x61, 0x69
  .byte 0x74, 0x2e, 0x22, 0x0a, 0x31, 0x31, 0x2e, 0x20, 0x45, 0x6d, 0x61, 0x69, 0x6c, 0x44, 0x69, 0x76
  .byte 0x69, 0x64, 0x65, 0x72, 0x0a, 0x31, 0x32, 0x2e, 0x20, 0x45, 0x6d, 0x61, 0x69, 0x6c, 0x53, 0x74
  .byte 0x61, 0x74, 0x73, 0x20, 0x77, 0x69, 0x74, 0x68, 0x20, 0x33, 0x20, 0x69, 0x74, 0x65, 0x6d, 0x73
  .byte 0x3a, 0x20, 0x28, 0x22, 0x32, 0x4d, 0x2b, 0x22, 0x2c, 0x20, 0x22, 0x53, 0x74, 0x61, 0x79, 0x73
  .byte 0x20, 0x42, 0x6f, 0x6f, 0x6b, 0x65, 0x64, 0x22, 0x29, 0x2c, 0x20, 0x28, 0x22, 0x31, 0x39, 0x30
  .byte 0x22, 0x2c, 0x20, 0x22, 0x43, 0x6f, 0x75, 0x6e, 0x74, 0x72, 0x69, 0x65, 0x73, 0x22, 0x29, 0x2c
  .byte 0x20, 0x28, 0x22, 0x34, 0x2e, 0x38, 0xe2, 0x98, 0x85, 0x22, 0x2c, 0x20, 0x22, 0x41, 0x76, 0x67
  .byte 0x20, 0x52, 0x61, 0x74, 0x69, 0x6e, 0x67, 0x22, 0x29, 0x0a, 0x31, 0x36, 0x2e, 0x20, 0x45, 0x6d
  .byte 0x61, 0x69, 0x6c, 0x44, 0x69, 0x76, 0x69, 0x64, 0x65, 0x72, 0x0a, 0x31, 0x37, 0x2e, 0x20, 0x45
  .byte 0x6d, 0x61, 0x69, 0x6c, 0x53, 0x75, 0x72, 0x76, 0x65, 0x79, 0x52, 0x61, 0x74, 0x69, 0x6e, 0x67
  .byte 0x20, 0x77, 0x69, 0x74, 0x68, 0x20, 0x71, 0x75, 0x65, 0x73, 0x74, 0x69, 0x6f, 0x6e, 0x20, 0x22
  .byte 0x48, 0x6f, 0x77, 0x20, 0x77, 0x61, 0x73, 0x20, 0x79, 0x6f, 0x75, 0x72, 0x20, 0x6c, 0x61, 0x73
  .byte 0x74, 0x20, 0x74, 0x72, 0x69, 0x70, 0x3f, 0x22, 0x20, 0x61, 0x6e, 0x64, 0x20, 0x64, 0x65, 0x73
  .byte 0x63, 0x72, 0x69, 0x70, 0x74, 0x69, 0x6f, 0x6e, 0x20, 0x22, 0x59, 0x6f, 0x75, 0x72, 0x20, 0x66
  .byte 0x65, 0x65, 0x64, 0x62, 0x61, 0x63, 0x6b, 0x20, 0x68, 0x65, 0x6c, 0x70, 0x73, 0x20, 0x75, 0x73
  .byte 0x20, 0x66, 0x69, 0x6e, 0x64, 0x20, 0x62, 0x65, 0x74, 0x74, 0x65, 0x72, 0x20, 0x73, 0x74, 0x61
  .byte 0x79, 0x73, 0x20, 0x66, 0x6f, 0x72, 0x20, 0x79, 0x6f, 0x75, 0x2e, 0x22, 0x20, 0x61, 0x6e, 0x64
  .byte 0x20, 0x63, 0x6f, 0x6c, 0x6f, 0x72, 0x20, 0x23, 0x46, 0x46, 0x35, 0x41, 0x35, 0x46, 0x0a, 0x31
  .byte 0x38, 0x2e, 0x20, 0x45, 0x6d, 0x61, 0x69, 0x6c, 0x44, 0x69, 0x76, 0x69, 0x64, 0x65, 0x72, 0x0a
  .byte 0x31, 0x39, 0x2e, 0x20, 0x45, 0x6d, 0x61, 0x69, 0x6c, 0x54, 0x65, 0x73, 0x74, 0x69, 0x6d, 0x6f
  .byte 0x6e, 0x69, 0x61, 0x6c, 0x20, 0x77, 0x69, 0x74, 0x68, 0x20, 0x71, 0x75, 0x6f, 0x74, 0x65, 0x20
  .byte 0x22, 0x57, 0x61, 0x6e, 0x64, 0x65, 0x72, 0x6c, 0x79, 0x20, 0x66, 0x6f, 0x75, 0x6e, 0x64, 0x20
  .byte 0x75, 0x73, 0x20, 0x61, 0x20, 0x68, 0x69, 0x64, 0x64, 0x65, 0x6e, 0x20, 0x67, 0x65, 0x6d, 0x20
  .byte 0x69, 0x6e, 0x20, 0x54, 0x75, 0x73, 0x63, 0x61, 0x6e, 0x79, 0x20, 0x74, 0x68, 0x61, 0x74, 0x20
  .byte 0x77, 0x61, 0x73, 0x6e, 0x27, 0x74, 0x20, 0x6f, 0x6e, 0x20, 0x61, 0x6e, 0x79, 0x20, 0x6f, 0x74
  .byte 0x68, 0x65, 0x72, 0x20, 0x70, 0x6c, 0x61, 0x74, 0x66, 0x6f, 0x72, 0x6d, 0x2e, 0x20, 0x54, 0x68
  .byte 0x65, 0x20, 0x68, 0x6f, 0x73, 0x74, 0x20, 0x6c, 0x65, 0x66, 0x74, 0x20, 0x68, 0x6f, 0x6d, 0x65
  .byte 0x6d, 0x61, 0x64, 0x65, 0x20, 0x6c, 0x69, 0x6d, 0x6f, 0x6e, 0x63, 0x65, 0x6c, 0x6c, 0x6f, 0x20
  .byte 0x61, 0x6e, 0x64, 0x20, 0x61, 0x20, 0x68, 0x61, 0x6e, 0x64, 0x77, 0x72, 0x69, 0x74, 0x74, 0x65
  .byte 0x6e, 0x20, 0x77, 0x65, 0x6c, 0x63, 0x6f, 0x6d, 0x65, 0x20, 0x6e, 0x6f, 0x74, 0x65, 0x2e, 0x20
  .byte 0x41, 0x62, 0x73, 0x6f, 0x6c, 0x75, 0x74, 0x65, 0x20, 0x6d, 0x61, 0x67, 0x69, 0x63, 0x2e, 0x22
  .byte 0x2c, 0x20, 0x61, 0x76, 0x61, 0x74, 0x61, 0x72, 0x20, 0x28, 0x68, 0x74, 0x74, 0x70, 0x73, 0x3a
  .byte 0x2f, 0x2f, 0x70, 0x69, 0x63, 0x73, 0x75, 0x6d, 0x2e, 0x70, 0x68, 0x6f, 0x74, 0x6f, 0x73, 0x2f
  .byte 0x73, 0x65, 0x65, 0x64, 0x2f, 0x67, 0x75, 0x65, 0x73, 0x74, 0x2d, 0x6a, 0x61, 0x6d, 0x65, 0x73
  .byte 0x2f, 0x31, 0x30, 0x30, 0x2f, 0x31, 0x30, 0x30, 0x2c, 0x20, 0x22, 0x4a, 0x61, 0x6d, 0x65, 0x73
  .byte 0x20, 0x4d, 0x69, 0x74, 0x63, 0x68, 0x65, 0x6c, 0x6c, 0x22, 0x29, 0x2c, 0x20, 0x6e, 0x61, 0x6d
  .byte 0x65, 0x20, 0x22, 0x4a, 0x61, 0x6d, 0x65, 0x73, 0x20, 0x4d, 0x69, 0x74, 0x63, 0x68, 0x65, 0x6c
  .byte 0x6c, 0x22, 0x2c, 0x20, 0x72, 0x6f, 0x6c, 0x65, 0x20, 0x22, 0x56, 0x65, 0x72, 0x69, 0x66, 0x69
  .byte 0x65, 0x64, 0x20, 0x47, 0x75, 0x65, 0x73, 0x74, 0x20, 0xc2, 0xb7, 0x20, 0x54, 0x75, 0x73, 0x63
  .byte 0x61, 0x6e, 0x79, 0x20, 0x32, 0x30, 0x32, 0x35, 0x22, 0x0a, 0x32, 0x30, 0x2e, 0x20, 0x45, 0x6d
  .byte 0x61, 0x69, 0x6c, 0x44, 0x69, 0x76, 0x69, 0x64, 0x65, 0x72, 0x0a, 0x32, 0x31, 0x2e, 0x20, 0x45
  .byte 0x6d, 0x61, 0x69, 0x6c, 0x46, 0x6f, 0x6f, 0x74, 0x65, 0x72, 0x43, 0x65, 0x6e, 0x74, 0x65, 0x72
  .byte 0x65, 0x64, 0x20, 0x77, 0x69, 0x74, 0x68, 0x20, 0x6c, 0x6f, 0x67, 0x6f, 0x20, 0x28, 0x68, 0x74
  .byte 0x74, 0x70, 0x73, 0x3a, 0x2f, 0x2f, 0x70, 0x69, 0x63, 0x73, 0x75, 0x6d, 0x2e, 0x70, 0x68, 0x6f
  .byte 0x74, 0x6f, 0x73, 0x2f, 0x73, 0x65, 0x65, 0x64, 0x2f, 0x77, 0x61, 0x6e, 0x64, 0x65, 0x72, 0x6c
  .byte 0x79, 0x2d, 0x69, 0x63, 0x6f, 0x6e, 0x2f, 0x34, 0x32, 0x2f, 0x34, 0x32, 0x2c, 0x20, 0x22, 0x57
  .byte 0x61, 0x6e, 0x64, 0x65, 0x72, 0x6c, 0x79, 0x22, 0x29, 0x2c, 0x20, 0x63, 0x6f, 0x6d, 0x70, 0x61
  .byte 0x6e, 0x79, 0x20, 0x22, 0x57, 0x61, 0x6e, 0x64, 0x65, 0x72, 0x6c, 0x79, 0x22, 0x2c, 0x20, 0x74
  .byte 0x61, 0x67, 0x6c, 0x69, 0x6e, 0x65, 0x20, 0x22, 0x46, 0x69, 0x6e, 0x64, 0x20, 0x79, 0x6f, 0x75
  .byte 0x72, 0x20, 0x6e, 0x65, 0x78, 0x74, 0x20, 0x61, 0x64, 0x76, 0x65, 0x6e, 0x74, 0x75, 0x72, 0x65
  .byte 0x22, 0x2c, 0x20, 0x61, 0x64, 0x64, 0x72, 0x65, 0x73, 0x73, 0x20, 0x22, 0x57, 0x61, 0x6e, 0x64
  .byte 0x65, 0x72, 0x6c, 0x79, 0x20, 0x49, 0x6e, 0x63, 0x20, 0xc2, 0xb7, 0x20, 0x38, 0x38, 0x38, 0x20
  .byte 0x42, 0x72, 0x61, 0x6e, 0x6e, 0x61, 0x6e, 0x20, 0x53, 0x74, 0x20, 0xc2, 0xb7, 0x20, 0x53, 0x61
  .byte 0x6e, 0x20, 0x46, 0x72, 0x61, 0x6e, 0x63, 0x69, 0x73, 0x63, 0x6f, 0x2c, 0x20, 0x43, 0x41, 0x20
  .byte 0x39, 0x34, 0x31, 0x30, 0x33, 0x22, 0x2c, 0x20, 0x63, 0x6f, 0x6e, 0x74, 0x61, 0x63, 0x74, 0x20
  .byte 0x22, 0x68, 0x65, 0x6c, 0x6c, 0x6f, 0x40, 0x77, 0x61, 0x6e, 0x64, 0x65, 0x72, 0x6c, 0x79, 0x2e
  .byte 0x63, 0x6f, 0x6d, 0x22, 0x2c, 0x20, 0x61, 0x6e, 0x64, 0x20, 0x33, 0x20, 0x73, 0x6f, 0x63, 0x69
  .byte 0x61, 0x6c, 0x20, 0x69, 0x63, 0x6f, 0x6e, 0x73, 0x3a, 0x0a, 0x20, 0x20, 0x20, 0x20, 0x2d, 0x20
  .byte 0x28, 0x68, 0x74, 0x74, 0x70, 0x73, 0x3a, 0x2f, 0x2f, 0x72, 0x65, 0x61, 0x63, 0x74, 0x2e, 0x65
  .byte 0x6d, 0x61, 0x69, 0x6c, 0x2f, 0x73, 0x74, 0x61, 0x74, 0x69, 0x63, 0x2f, 0x66, 0x61, 0x63, 0x65
  .byte 0x62, 0x6f, 0x6f, 0x6b, 0x2d, 0x6c, 0x6f, 0x67, 0x6f, 0x2e, 0x70, 0x6e, 0x67, 0x2c, 0x20, 0x22
  .byte 0x46, 0x61, 0x63, 0x65, 0x62, 0x6f, 0x6f, 0x6b, 0x22, 0x2c, 0x20, 0x68, 0x74, 0x74, 0x70, 0x73
  .byte 0x3a, 0x2f, 0x2f, 0x66, 0x61, 0x63, 0x65, 0x62, 0x6f, 0x6f, 0x6b, 0x2e, 0x63, 0x6f, 0x6d, 0x2f
  .byte 0x77, 0x61, 0x6e, 0x64, 0x65, 0x72, 0x6c, 0x79, 0x29, 0x0a, 0x20, 0x20, 0x20, 0x20, 0x2d, 0x20
  .byte 0x28, 0x68, 0x74, 0x74, 0x70, 0x73, 0x3a, 0x2f, 0x2f, 0x72, 0x65, 0x61, 0x63, 0x74, 0x2e, 0x65
  .byte 0x6d, 0x61, 0x69, 0x6c, 0x2f, 0x73, 0x74, 0x61, 0x74, 0x69, 0x63, 0x2f, 0x78, 0x2d, 0x6c, 0x6f
  .byte 0x67, 0x6f, 0x2e, 0x70, 0x6e, 0x67, 0x2c, 0x20, 0x22, 0x58, 0x22, 0x2c, 0x20, 0x68, 0x74, 0x74
  .byte 0x70, 0x73, 0x3a, 0x2f, 0x2f, 0x78, 0x2e, 0x63, 0x6f, 0x6d, 0x2f, 0x77, 0x61, 0x6e, 0x64, 0x65
  .byte 0x72, 0x6c, 0x79, 0x29, 0x0a, 0x20, 0x20, 0x20, 0x20, 0x2d, 0x20, 0x28, 0x68, 0x74, 0x74, 0x70
  .byte 0x73, 0x3a, 0x2f, 0x2f, 0x72, 0x65, 0x61, 0x63, 0x74, 0x2e, 0x65, 0x6d, 0x61, 0x69, 0x6c, 0x2f
  .byte 0x73, 0x74, 0x61, 0x74, 0x69, 0x63, 0x2f, 0x69, 0x6e, 0x73, 0x74, 0x61, 0x67, 0x72, 0x61, 0x6d
  .byte 0x2d, 0x6c, 0x6f, 0x67, 0x6f, 0x2e, 0x70, 0x6e, 0x67, 0x2c, 0x20, 0x22, 0x49, 0x6e, 0x73, 0x74
  .byte 0x61, 0x67, 0x72, 0x61, 0x6d, 0x22, 0x2c, 0x20, 0x68, 0x74, 0x74, 0x70, 0x73, 0x3a, 0x2f, 0x2f
  .byte 0x69, 0x6e, 0x73, 0x74, 0x61, 0x67, 0x72, 0x61, 0x6d, 0x2e, 0x63, 0x6f, 0x6d, 0x2f, 0x77, 0x61
  .byte 0x6e, 0x64, 0x65, 0x72, 0x6c, 0x79, 0x29, 0x60, 0x2c, 0x0a, 0x20, 0x20, 0x7d, 0x2c, 0x0a, 0x5d
  .byte 0x3b, 0x0a

  .globl openui_full_port_examples_react_email_src_components_composePage_starters_ts_108d0b4b6158_pass_4_len
openui_full_port_examples_react_email_src_components_composePage_starters_ts_108d0b4b6158_pass_4_len:
  .quad 16162
