# OpenUI mechanical full assembly port
# source: examples/openui-react-native/README.md
# sha256: 6cf101ebb750f227f78f42fcb7a7f29cd1c97cdc206a9cdd8217c2df72723dc9
# bytes: 4918
# assembly passes: 4
  .section .rodata
# assembly pass: 1/4
  .globl openui_full_port_examples_openui_react_native_README_md_6cf101ebb750
openui_full_port_examples_openui_react_native_README_md_6cf101ebb750:
  .byte 0x23, 0x20, 0x4f, 0x70, 0x65, 0x6e, 0x55, 0x49, 0x20, 0x52, 0x65, 0x61, 0x63, 0x74, 0x20, 0x4e
  .byte 0x61, 0x74, 0x69, 0x76, 0x65, 0x20, 0x45, 0x78, 0x61, 0x6d, 0x70, 0x6c, 0x65, 0x0a, 0x0a, 0x41
  .byte 0x20, 0x66, 0x75, 0x6c, 0x6c, 0x2d, 0x73, 0x74, 0x61, 0x63, 0x6b, 0x20, 0x65, 0x78, 0x61, 0x6d
  .byte 0x70, 0x6c, 0x65, 0x20, 0x74, 0x68, 0x61, 0x74, 0x20, 0x64, 0x65, 0x6d, 0x6f, 0x6e, 0x73, 0x74
  .byte 0x72, 0x61, 0x74, 0x65, 0x73, 0x20, 0x75, 0x73, 0x69, 0x6e, 0x67, 0x20, 0x60, 0x40, 0x6f, 0x70
  .byte 0x65, 0x6e, 0x75, 0x69, 0x64, 0x65, 0x76, 0x2f, 0x72, 0x65, 0x61, 0x63, 0x74, 0x2d, 0x6c, 0x61
  .byte 0x6e, 0x67, 0x60, 0x20, 0x69, 0x6e, 0x20, 0x61, 0x20, 0x52, 0x65, 0x61, 0x63, 0x74, 0x20, 0x4e
  .byte 0x61, 0x74, 0x69, 0x76, 0x65, 0x20, 0x28, 0x45, 0x78, 0x70, 0x6f, 0x29, 0x20, 0x61, 0x70, 0x70
  .byte 0x20, 0x77, 0x69, 0x74, 0x68, 0x20, 0x61, 0x20, 0x4e, 0x65, 0x78, 0x74, 0x2e, 0x6a, 0x73, 0x20
  .byte 0x41, 0x50, 0x49, 0x20, 0x62, 0x61, 0x63, 0x6b, 0x65, 0x6e, 0x64, 0x2e, 0x20, 0x54, 0x68, 0x65
  .byte 0x20, 0x4c, 0x4c, 0x4d, 0x20, 0x73, 0x74, 0x72, 0x65, 0x61, 0x6d, 0x73, 0x20, 0x72, 0x65, 0x73
  .byte 0x70, 0x6f, 0x6e, 0x73, 0x65, 0x73, 0x20, 0x69, 0x6e, 0x20, 0x5b, 0x4f, 0x70, 0x65, 0x6e, 0x55
  .byte 0x49, 0x20, 0x4c, 0x61, 0x6e, 0x67, 0x5d, 0x28, 0x68, 0x74, 0x74, 0x70, 0x73, 0x3a, 0x2f, 0x2f
  .byte 0x77, 0x77, 0x77, 0x2e, 0x6f, 0x70, 0x65, 0x6e, 0x75, 0x69, 0x2e, 0x63, 0x6f, 0x6d, 0x2f, 0x64
  .byte 0x6f, 0x63, 0x73, 0x2f, 0x6f, 0x70, 0x65, 0x6e, 0x75, 0x69, 0x2d, 0x6c, 0x61, 0x6e, 0x67, 0x2f
  .byte 0x6f, 0x76, 0x65, 0x72, 0x76, 0x69, 0x65, 0x77, 0x29, 0x20, 0x61, 0x6e, 0x64, 0x20, 0x74, 0x68
  .byte 0x65, 0x20, 0x6d, 0x6f, 0x62, 0x69, 0x6c, 0x65, 0x20, 0x63, 0x6c, 0x69, 0x65, 0x6e, 0x74, 0x20
  .byte 0x72, 0x65, 0x6e, 0x64, 0x65, 0x72, 0x73, 0x20, 0x74, 0x68, 0x65, 0x6d, 0x20, 0x61, 0x73, 0x20
  .byte 0x6e, 0x61, 0x74, 0x69, 0x76, 0x65, 0x20, 0x63, 0x6f, 0x6d, 0x70, 0x6f, 0x6e, 0x65, 0x6e, 0x74
  .byte 0x73, 0x20, 0x69, 0x6e, 0x20, 0x72, 0x65, 0x61, 0x6c, 0x20, 0x74, 0x69, 0x6d, 0x65, 0x2e, 0x0a
  .byte 0x0a, 0x3c, 0x76, 0x69, 0x64, 0x65, 0x6f, 0x20, 0x73, 0x72, 0x63, 0x3d, 0x22, 0x2e, 0x2e, 0x2f
  .byte 0x2e, 0x2e, 0x2f, 0x64, 0x6f, 0x63, 0x73, 0x2f, 0x70, 0x75, 0x62, 0x6c, 0x69, 0x63, 0x2f, 0x76
  .byte 0x69, 0x64, 0x65, 0x6f, 0x73, 0x2f, 0x72, 0x65, 0x61, 0x63, 0x74, 0x2d, 0x6e, 0x61, 0x74, 0x69
  .byte 0x76, 0x65, 0x2d, 0x64, 0x65, 0x6d, 0x6f, 0x2e, 0x6d, 0x70, 0x34, 0x22, 0x20, 0x0a, 0x20, 0x20
  .byte 0x20, 0x20, 0x6e, 0x6f, 0x43, 0x6f, 0x6e, 0x74, 0x72, 0x6f, 0x6c, 0x73, 0x0a, 0x20, 0x20, 0x20
  .byte 0x20, 0x70, 0x6c, 0x61, 0x79, 0x73, 0x49, 0x6e, 0x6c, 0x69, 0x6e, 0x65, 0x0a, 0x20, 0x20, 0x20
  .byte 0x20, 0x6d, 0x75, 0x74, 0x65, 0x64, 0x0a, 0x20, 0x20, 0x20, 0x20, 0x70, 0x72, 0x65, 0x6c, 0x6f
  .byte 0x61, 0x64, 0x3d, 0x22, 0x6d, 0x65, 0x74, 0x61, 0x64, 0x61, 0x74, 0x61, 0x22, 0x0a, 0x20, 0x20
  .byte 0x20, 0x20, 0x63, 0x6c, 0x61, 0x73, 0x73, 0x4e, 0x61, 0x6d, 0x65, 0x3d, 0x22, 0x68, 0x2d, 0x5b
  .byte 0x36, 0x30, 0x30, 0x70, 0x78, 0x5d, 0x20, 0x72, 0x6f, 0x75, 0x6e, 0x64, 0x65, 0x64, 0x2d, 0x6c
  .byte 0x67, 0x20, 0x6d, 0x2d, 0x61, 0x75, 0x74, 0x6f, 0x22, 0x0a, 0x20, 0x20, 0x20, 0x20, 0x61, 0x75
  .byte 0x74, 0x6f, 0x50, 0x6c, 0x61, 0x79, 0x0a, 0x20, 0x20, 0x20, 0x20, 0x6c, 0x6f, 0x6f, 0x70, 0x0a
  .byte 0x2f, 0x3e, 0x0a, 0x0a, 0x23, 0x23, 0x20, 0x41, 0x72, 0x63, 0x68, 0x69, 0x74, 0x65, 0x63, 0x74
  .byte 0x75, 0x72, 0x65, 0x0a, 0x0a, 0x60, 0x60, 0x60, 0x0a, 0xe2, 0x94, 0x8c, 0xe2, 0x94, 0x80, 0xe2
  .byte 0x94, 0x80, 0xe2, 0x94, 0x80, 0xe2, 0x94, 0x80, 0xe2, 0x94, 0x80, 0xe2, 0x94, 0x80, 0xe2, 0x94
  .byte 0x80, 0xe2, 0x94, 0x80, 0xe2, 0x94, 0x80, 0xe2, 0x94, 0x80, 0xe2, 0x94, 0x80, 0xe2, 0x94, 0x80
  .byte 0xe2, 0x94, 0x80, 0xe2, 0x94, 0x80, 0xe2, 0x94, 0x80, 0xe2, 0x94, 0x80, 0xe2, 0x94, 0x80, 0xe2
  .byte 0x94, 0x80, 0xe2, 0x94, 0x80, 0xe2, 0x94, 0x80, 0xe2, 0x94, 0x80, 0xe2, 0x94, 0x80, 0xe2, 0x94
  .byte 0x80, 0xe2, 0x94, 0x80, 0xe2, 0x94, 0x80, 0xe2, 0x94, 0x80, 0xe2, 0x94, 0x80, 0xe2, 0x94, 0x80
  .byte 0xe2, 0x94, 0x80, 0xe2, 0x94, 0x90, 0x20, 0x20, 0x20, 0x20, 0x20, 0x20, 0x20, 0x20, 0xe2, 0x94
  .byte 0x8c, 0xe2, 0x94, 0x80, 0xe2, 0x94, 0x80, 0xe2, 0x94, 0x80, 0xe2, 0x94, 0x80, 0xe2, 0x94, 0x80
  .byte 0xe2, 0x94, 0x80, 0xe2, 0x94, 0x80, 0xe2, 0x94, 0x80, 0xe2, 0x94, 0x80, 0xe2, 0x94, 0x80, 0xe2
  .byte 0x94, 0x80, 0xe2, 0x94, 0x80, 0xe2, 0x94, 0x80, 0xe2, 0x94, 0x80, 0xe2, 0x94, 0x80, 0xe2, 0x94
  .byte 0x80, 0xe2, 0x94, 0x80, 0xe2, 0x94, 0x80, 0xe2, 0x94, 0x80, 0xe2, 0x94, 0x80, 0xe2, 0x94, 0x80
  .byte 0xe2, 0x94, 0x80, 0xe2, 0x94, 0x80, 0xe2, 0x94, 0x80, 0xe2, 0x94, 0x80, 0xe2, 0x94, 0x80, 0xe2
  .byte 0x94, 0x90, 0x0a, 0xe2, 0x94, 0x82, 0x20, 0x20, 0x20, 0x52, 0x65, 0x61, 0x63, 0x74, 0x20, 0x4e
  .byte 0x61, 0x74, 0x69, 0x76, 0x65, 0x20, 0x28, 0x45, 0x78, 0x70, 0x6f, 0x29, 0x20, 0x61, 0x70, 0x70
  .byte 0x20, 0x20, 0x20, 0xe2, 0x94, 0x82, 0x20, 0x20, 0x48, 0x54, 0x54, 0x50, 0x20, 0x20, 0xe2, 0x94
  .byte 0x82, 0x20, 0x20, 0x20, 0x4e, 0x65, 0x78, 0x74, 0x2e, 0x6a, 0x73, 0x20, 0x62, 0x61, 0x63, 0x6b
  .byte 0x65, 0x6e, 0x64, 0x20, 0x28, 0x41, 0x50, 0x49, 0x29, 0x20, 0x20, 0xe2, 0x94, 0x82, 0x0a, 0xe2
  .byte 0x94, 0x82, 0x20, 0x20, 0x20, 0x20, 0x20, 0x20, 0x20, 0x20, 0x20, 0x20, 0x20, 0x20, 0x20, 0x20
  .byte 0x20, 0x20, 0x20, 0x20, 0x20, 0x20, 0x20, 0x20, 0x20, 0x20, 0x20, 0x20, 0x20, 0x20, 0x20, 0xe2
  .byte 0x94, 0x82, 0x20, 0xe2, 0x94, 0x80, 0xe2, 0x94, 0x80, 0xe2, 0x94, 0x80, 0xe2, 0x94, 0x80, 0xe2
  .byte 0x94, 0x80, 0xe2, 0x94, 0x80, 0xe2, 0x96, 0xba, 0xe2, 0x94, 0x82, 0x20, 0x20, 0x20, 0x20, 0x20
  .byte 0x20, 0x20, 0x20, 0x20, 0x20, 0x20, 0x20, 0x20, 0x20, 0x20, 0x20, 0x20, 0x20, 0x20, 0x20, 0x20
  .byte 0x20, 0x20, 0x20, 0x20, 0x20, 0xe2, 0x94, 0x82, 0x0a, 0xe2, 0x94, 0x82, 0x20, 0x20, 0xe2, 0x80
  .byte 0xa2, 0x20, 0x43, 0x68, 0x61, 0x74, 0x20, 0x55, 0x49, 0x20, 0x20, 0x20, 0x20, 0x20, 0x20, 0x20
  .byte 0x20, 0x20, 0x20, 0x20, 0x20, 0x20, 0x20, 0x20, 0x20, 0x20, 0x20, 0xe2, 0x94, 0x82, 0x20, 0x20
  .byte 0x20, 0x20, 0x20, 0x20, 0x20, 0x20, 0xe2, 0x94, 0x82, 0x20, 0x20, 0xe2, 0x80, 0xa2, 0x20, 0x2f
  .byte 0x61, 0x70, 0x69, 0x2f, 0x63, 0x68, 0x61, 0x74, 0x20, 0x20, 0x28, 0x50, 0x4f, 0x53, 0x54, 0x29
  .byte 0x20, 0x20, 0x20, 0x20, 0x20, 0xe2, 0x94, 0x82, 0x0a, 0xe2, 0x94, 0x82, 0x20, 0x20, 0xe2, 0x80
  .byte 0xa2, 0x20, 0x3c, 0x52, 0x65, 0x6e, 0x64, 0x65, 0x72, 0x65, 0x72, 0x20, 0x2f, 0x3e, 0x20, 0x70
  .byte 0x61, 0x72, 0x73, 0x69, 0x6e, 0x67, 0x20, 0x20, 0x20, 0x20, 0x20, 0xe2, 0x94, 0x82, 0xe2, 0x97
  .byte 0x84, 0xe2, 0x94, 0x80, 0xe2, 0x94, 0x80, 0xe2, 0x94, 0x80, 0xe2, 0x94, 0x80, 0xe2, 0x94, 0x80
  .byte 0xe2, 0x94, 0x80, 0x20, 0xe2, 0x94, 0x82, 0x20, 0x20, 0xe2, 0x80, 0xa2, 0x20, 0x53, 0x74, 0x72
  .byte 0x65, 0x61, 0x6d, 0x73, 0x20, 0x4f, 0x70, 0x65, 0x6e, 0x55, 0x49, 0x20, 0x4c, 0x61, 0x6e, 0x67
  .byte 0x20, 0x20, 0x20, 0xe2, 0x94, 0x82, 0x0a, 0xe2, 0x94, 0x82, 0x20, 0x20, 0x20, 0x20, 0x73, 0x74
  .byte 0x72, 0x65, 0x61, 0x6d, 0x65, 0x64, 0x20, 0x4f, 0x70, 0x65, 0x6e, 0x55, 0x49, 0x20, 0x4c, 0x61
  .byte 0x6e, 0x67, 0x20, 0x20, 0x20, 0x20, 0x20, 0x20, 0xe2, 0x94, 0x82, 0x20, 0x20, 0x73, 0x74, 0x72
  .byte 0x65, 0x61, 0x6d, 0xe2, 0x94, 0x82, 0x20, 0x20, 0x20, 0x20, 0x66, 0x72, 0x6f, 0x6d, 0x20, 0x47
  .byte 0x50, 0x54, 0x20, 0x20, 0x20, 0x20, 0x20, 0x20, 0x20, 0x20, 0x20, 0x20, 0x20, 0x20, 0x20, 0x20
  .byte 0xe2, 0x94, 0x82, 0x0a, 0xe2, 0x94, 0x82, 0x20, 0x20, 0xe2, 0x80, 0xa2, 0x20, 0x4e, 0x61, 0x74
  .byte 0x69, 0x76, 0x65, 0x20, 0x63, 0x68, 0x61, 0x72, 0x74, 0x20, 0x63, 0x6f, 0x6d, 0x70, 0x6f, 0x6e
  .byte 0x65, 0x6e, 0x74, 0x73, 0x20, 0x20, 0xe2, 0x94, 0x82, 0x20, 0x20, 0x20, 0x20, 0x20, 0x20, 0x20
  .byte 0x20, 0xe2, 0x94, 0x82, 0x20, 0x20, 0xe2, 0x80, 0xa2, 0x20, 0x43, 0x4f, 0x52, 0x53, 0x20, 0x65
  .byte 0x6e, 0x61, 0x62, 0x6c, 0x65, 0x64, 0x20, 0x20, 0x20, 0x20, 0x20, 0x20, 0x20, 0x20, 0x20, 0x20
  .byte 0xe2, 0x94, 0x82, 0x0a, 0xe2, 0x94, 0x94, 0xe2, 0x94, 0x80, 0xe2, 0x94, 0x80, 0xe2, 0x94, 0x80
  .byte 0xe2, 0x94, 0x80, 0xe2, 0x94, 0x80, 0xe2, 0x94, 0x80, 0xe2, 0x94, 0x80, 0xe2, 0x94, 0x80, 0xe2
  .byte 0x94, 0x80, 0xe2, 0x94, 0x80, 0xe2, 0x94, 0x80, 0xe2, 0x94, 0x80, 0xe2, 0x94, 0x80, 0xe2, 0x94
  .byte 0x80, 0xe2, 0x94, 0x80, 0xe2, 0x94, 0x80, 0xe2, 0x94, 0x80, 0xe2, 0x94, 0x80, 0xe2, 0x94, 0x80
  .byte 0xe2, 0x94, 0x80, 0xe2, 0x94, 0x80, 0xe2, 0x94, 0x80, 0xe2, 0x94, 0x80, 0xe2, 0x94, 0x80, 0xe2
  .byte 0x94, 0x80, 0xe2, 0x94, 0x80, 0xe2, 0x94, 0x80, 0xe2, 0x94, 0x80, 0xe2, 0x94, 0x80, 0xe2, 0x94
  .byte 0x98, 0x20, 0x20, 0x20, 0x20, 0x20, 0x20, 0x20, 0x20, 0xe2, 0x94, 0x94, 0xe2, 0x94, 0x80, 0xe2
  .byte 0x94, 0x80, 0xe2, 0x94, 0x80, 0xe2, 0x94, 0x80, 0xe2, 0x94, 0x80, 0xe2, 0x94, 0x80, 0xe2, 0x94
  .byte 0x80, 0xe2, 0x94, 0x80, 0xe2, 0x94, 0x80, 0xe2, 0x94, 0x80, 0xe2, 0x94, 0x80, 0xe2, 0x94, 0x80
  .byte 0xe2, 0x94, 0x80, 0xe2, 0x94, 0x80, 0xe2, 0x94, 0x80, 0xe2, 0x94, 0x80, 0xe2, 0x94, 0x80, 0xe2
  .byte 0x94, 0x80, 0xe2, 0x94, 0x80, 0xe2, 0x94, 0x80, 0xe2, 0x94, 0x80, 0xe2, 0x94, 0x80, 0xe2, 0x94
  .byte 0x80, 0xe2, 0x94, 0x80, 0xe2, 0x94, 0x80, 0xe2, 0x94, 0x80, 0xe2, 0x94, 0x98, 0x0a, 0x60, 0x60
  .byte 0x60, 0x0a, 0x0a, 0x23, 0x23, 0x20, 0x50, 0x72, 0x6f, 0x6a, 0x65, 0x63, 0x74, 0x20, 0x53, 0x74
  .byte 0x72, 0x75, 0x63, 0x74, 0x75, 0x72, 0x65, 0x0a, 0x0a, 0x60, 0x60, 0x60, 0x0a, 0x6f, 0x70, 0x65
  .byte 0x6e, 0x75, 0x69, 0x2d, 0x72, 0x65, 0x61, 0x63, 0x74, 0x2d, 0x6e, 0x61, 0x74, 0x69, 0x76, 0x65
  .byte 0x2f, 0x0a, 0xe2, 0x94, 0x9c, 0xe2, 0x94, 0x80, 0xe2, 0x94, 0x80, 0x20, 0x70, 0x61, 0x63, 0x6b
  .byte 0x61, 0x67, 0x65, 0x2e, 0x6a, 0x73, 0x6f, 0x6e, 0x20, 0x20, 0x20, 0x20, 0x20, 0x20, 0x20, 0x20
  .byte 0x20, 0x20, 0x20, 0x20, 0x20, 0x20, 0x23, 0x20, 0x52, 0x6f, 0x6f, 0x74, 0x20, 0x77, 0x6f, 0x72
  .byte 0x6b, 0x73, 0x70, 0x61, 0x63, 0x65, 0x20, 0x73, 0x63, 0x72, 0x69, 0x70, 0x74, 0x73, 0x0a, 0xe2
  .byte 0x94, 0x94, 0xe2, 0x94, 0x80, 0xe2, 0x94, 0x80, 0x20, 0x62, 0x61, 0x63, 0x6b, 0x65, 0x6e, 0x64
  .byte 0x2f, 0x20, 0x20, 0x20, 0x20, 0x20, 0x20, 0x20, 0x20, 0x20, 0x20, 0x20, 0x20, 0x20, 0x20, 0x20
  .byte 0x20, 0x20, 0x20, 0x23, 0x20, 0x4e, 0x65, 0x78, 0x74, 0x2e, 0x6a, 0x73, 0x20, 0x41, 0x50, 0x49
  .byte 0x20, 0x73, 0x65, 0x72, 0x76, 0x65, 0x72, 0x0a, 0x20, 0x20, 0x20, 0x20, 0xe2, 0x94, 0x9c, 0xe2
  .byte 0x94, 0x80, 0xe2, 0x94, 0x80, 0x20, 0x73, 0x72, 0x63, 0x2f, 0x0a, 0x20, 0x20, 0x20, 0x20, 0xe2
  .byte 0x94, 0x82, 0x20, 0x20, 0x20, 0xe2, 0x94, 0x9c, 0xe2, 0x94, 0x80, 0xe2, 0x94, 0x80, 0x20, 0x6c
  .byte 0x69, 0x62, 0x72, 0x61, 0x72, 0x79, 0x2e, 0x74, 0x73, 0x20, 0x20, 0x20, 0x20, 0x20, 0x20, 0x20
  .byte 0x20, 0x23, 0x20, 0x43, 0x6f, 0x6d, 0x70, 0x6f, 0x6e, 0x65, 0x6e, 0x74, 0x20, 0x6c, 0x69, 0x62
  .byte 0x72, 0x61, 0x72, 0x79, 0x20, 0x64, 0x65, 0x66, 0x69, 0x6e, 0x69, 0x74, 0x69, 0x6f, 0x6e, 0x20
  .byte 0x28, 0x4e, 0x6f, 0x64, 0x65, 0x2d, 0x63, 0x6f, 0x6d, 0x70, 0x61, 0x74, 0x69, 0x62, 0x6c, 0x65
  .byte 0x29, 0x0a, 0x20, 0x20, 0x20, 0x20, 0xe2, 0x94, 0x82, 0x20, 0x20, 0x20, 0xe2, 0x94, 0x9c, 0xe2
  .byte 0x94, 0x80, 0xe2, 0x94, 0x80, 0x20, 0x73, 0x79, 0x73, 0x74, 0x65, 0x6d, 0x2d, 0x70, 0x72, 0x6f
  .byte 0x6d, 0x70, 0x74, 0x2e, 0x74, 0x78, 0x74, 0x20, 0x23, 0x20, 0x41, 0x75, 0x74, 0x6f, 0x2d, 0x67
  .byte 0x65, 0x6e, 0x65, 0x72, 0x61, 0x74, 0x65, 0x64, 0x20, 0x66, 0x72, 0x6f, 0x6d, 0x20, 0x6c, 0x69
  .byte 0x62, 0x72, 0x61, 0x72, 0x79, 0x2e, 0x74, 0x73, 0x0a, 0x20, 0x20, 0x20, 0x20, 0xe2, 0x94, 0x82
  .byte 0x20, 0x20, 0x20, 0xe2, 0x94, 0x94, 0xe2, 0x94, 0x80, 0xe2, 0x94, 0x80, 0x20, 0x61, 0x70, 0x70
  .byte 0x2f, 0x61, 0x70, 0x69, 0x2f, 0x63, 0x68, 0x61, 0x74, 0x2f, 0x0a, 0x20, 0x20, 0x20, 0x20, 0xe2
  .byte 0x94, 0x82, 0x20, 0x20, 0x20, 0x20, 0x20, 0x20, 0x20, 0xe2, 0x94, 0x94, 0xe2, 0x94, 0x80, 0xe2
  .byte 0x94, 0x80, 0x20, 0x72, 0x6f, 0x75, 0x74, 0x65, 0x2e, 0x74, 0x73, 0x20, 0x20, 0x20, 0x20, 0x20
  .byte 0x20, 0x23, 0x20, 0x53, 0x74, 0x72, 0x65, 0x61, 0x6d, 0x69, 0x6e, 0x67, 0x20, 0x63, 0x68, 0x61
  .byte 0x74, 0x20, 0x65, 0x6e, 0x64, 0x70, 0x6f, 0x69, 0x6e, 0x74, 0x0a, 0x20, 0x20, 0x20, 0x20, 0xe2
  .byte 0x94, 0x94, 0xe2, 0x94, 0x80, 0xe2, 0x94, 0x80, 0x20, 0x65, 0x6e, 0x76, 0x2e, 0x65, 0x78, 0x61
  .byte 0x6d, 0x70, 0x6c, 0x65, 0x0a, 0x60, 0x60, 0x60, 0x0a, 0x0a, 0x3e, 0x20, 0x54, 0x68, 0x65, 0x20
  .byte 0x52, 0x65, 0x61, 0x63, 0x74, 0x20, 0x4e, 0x61, 0x74, 0x69, 0x76, 0x65, 0x20, 0x61, 0x70, 0x70
  .byte 0x20, 0x6c, 0x69, 0x76, 0x65, 0x73, 0x20, 0x69, 0x6e, 0x20, 0x61, 0x20, 0x73, 0x69, 0x62, 0x6c
  .byte 0x69, 0x6e, 0x67, 0x20, 0x60, 0x72, 0x65, 0x61, 0x63, 0x74, 0x2d, 0x6e, 0x61, 0x74, 0x69, 0x76
  .byte 0x65, 0x2d, 0x6f, 0x70, 0x65, 0x6e, 0x75, 0x69, 0x2f, 0x60, 0x20, 0x64, 0x69, 0x72, 0x65, 0x63
  .byte 0x74, 0x6f, 0x72, 0x79, 0x20, 0x28, 0x6e, 0x6f, 0x74, 0x20, 0x63, 0x68, 0x65, 0x63, 0x6b, 0x65
  .byte 0x64, 0x20, 0x69, 0x6e, 0x20, 0x68, 0x65, 0x72, 0x65, 0x29, 0x2e, 0x20, 0x54, 0x68, 0x65, 0x20
  .byte 0x72, 0x6f, 0x6f, 0x74, 0x20, 0x60, 0x70, 0x61, 0x63, 0x6b, 0x61, 0x67, 0x65, 0x2e, 0x6a, 0x73
  .byte 0x6f, 0x6e, 0x60, 0x20, 0x77, 0x69, 0x72, 0x65, 0x73, 0x20, 0x62, 0x6f, 0x74, 0x68, 0x20, 0x74
  .byte 0x6f, 0x67, 0x65, 0x74, 0x68, 0x65, 0x72, 0x20, 0x61, 0x73, 0x20, 0x61, 0x20, 0x70, 0x6e, 0x70
  .byte 0x6d, 0x20, 0x77, 0x6f, 0x72, 0x6b, 0x73, 0x70, 0x61, 0x63, 0x65, 0x2e, 0x0a, 0x0a, 0x23, 0x23
  .byte 0x20, 0x47, 0x65, 0x74, 0x74, 0x69, 0x6e, 0x67, 0x20, 0x53, 0x74, 0x61, 0x72, 0x74, 0x65, 0x64
  .byte 0x0a, 0x0a, 0x23, 0x23, 0x23, 0x20, 0x50, 0x72, 0x65, 0x72, 0x65, 0x71, 0x75, 0x69, 0x73, 0x69
  .byte 0x74, 0x65, 0x73, 0x0a, 0x0a, 0x2d, 0x20, 0x4e, 0x6f, 0x64, 0x65, 0x2e, 0x6a, 0x73, 0x20, 0x31
  .byte 0x38, 0x2b, 0x0a, 0x2d, 0x20, 0x70, 0x6e, 0x70, 0x6d, 0x0a, 0x2d, 0x20, 0x41, 0x6e, 0x20, 0x4f
  .byte 0x70, 0x65, 0x6e, 0x41, 0x49, 0x20, 0x41, 0x50, 0x49, 0x20, 0x6b, 0x65, 0x79, 0x0a, 0x0a, 0x23
  .byte 0x23, 0x23, 0x20, 0x31, 0x2e, 0x20, 0x49, 0x6e, 0x73, 0x74, 0x61, 0x6c, 0x6c, 0x20, 0x64, 0x65
  .byte 0x70, 0x65, 0x6e, 0x64, 0x65, 0x6e, 0x63, 0x69, 0x65, 0x73, 0x0a, 0x0a, 0x60, 0x60, 0x60, 0x62
  .byte 0x61, 0x73, 0x68, 0x0a, 0x70, 0x6e, 0x70, 0x6d, 0x20, 0x69, 0x6e, 0x73, 0x74, 0x61, 0x6c, 0x6c
  .byte 0x0a, 0x60, 0x60, 0x60, 0x0a, 0x0a, 0x23, 0x23, 0x23, 0x20, 0x32, 0x2e, 0x20, 0x43, 0x6f, 0x6e
  .byte 0x66, 0x69, 0x67, 0x75, 0x72, 0x65, 0x20, 0x74, 0x68, 0x65, 0x20, 0x62, 0x61, 0x63, 0x6b, 0x65
  .byte 0x6e, 0x64, 0x0a, 0x0a, 0x60, 0x60, 0x60, 0x62, 0x61, 0x73, 0x68, 0x0a, 0x63, 0x70, 0x20, 0x62
  .byte 0x61, 0x63, 0x6b, 0x65, 0x6e, 0x64, 0x2f, 0x65, 0x6e, 0x76, 0x2e, 0x65, 0x78, 0x61, 0x6d, 0x70
  .byte 0x6c, 0x65, 0x20, 0x62, 0x61, 0x63, 0x6b, 0x65, 0x6e, 0x64, 0x2f, 0x2e, 0x65, 0x6e, 0x76, 0x2e
  .byte 0x6c, 0x6f, 0x63, 0x61, 0x6c, 0x0a, 0x60, 0x60, 0x60, 0x0a, 0x0a, 0x41, 0x64, 0x64, 0x20, 0x79
  .byte 0x6f, 0x75, 0x72, 0x20, 0x6b, 0x65, 0x79, 0x20, 0x74, 0x6f, 0x20, 0x60, 0x62, 0x61, 0x63, 0x6b
  .byte 0x65, 0x6e, 0x64, 0x2f, 0x2e, 0x65, 0x6e, 0x76, 0x2e, 0x6c, 0x6f, 0x63, 0x61, 0x6c, 0x60, 0x3a
  .byte 0x0a, 0x0a, 0x60, 0x60, 0x60, 0x0a, 0x4f, 0x50, 0x45, 0x4e, 0x41, 0x49, 0x5f, 0x41, 0x50, 0x49
  .byte 0x5f, 0x4b, 0x45, 0x59, 0x3d, 0x73, 0x6b, 0x2d, 0x2e, 0x2e, 0x2e, 0x0a, 0x60, 0x60, 0x60, 0x0a
  .byte 0x0a, 0x23, 0x23, 0x23, 0x20, 0x33, 0x2e, 0x20, 0x47, 0x65, 0x6e, 0x65, 0x72, 0x61, 0x74, 0x65
  .byte 0x20, 0x74, 0x68, 0x65, 0x20, 0x73, 0x79, 0x73, 0x74, 0x65, 0x6d, 0x20, 0x70, 0x72, 0x6f, 0x6d
  .byte 0x70, 0x74, 0x0a, 0x0a, 0x54, 0x68, 0x65, 0x20, 0x5b, 0x50, 0x72, 0x6f, 0x6d, 0x70, 0x74, 0x20
  .byte 0x47, 0x65, 0x6e, 0x65, 0x72, 0x61, 0x74, 0x6f, 0x72, 0x5d, 0x28, 0x68, 0x74, 0x74, 0x70, 0x73
  .byte 0x3a, 0x2f, 0x2f, 0x77, 0x77, 0x77, 0x2e, 0x6f, 0x70, 0x65, 0x6e, 0x75, 0x69, 0x2e, 0x63, 0x6f
  .byte 0x6d, 0x2f, 0x64, 0x6f, 0x63, 0x73, 0x2f, 0x6f, 0x70, 0x65, 0x6e, 0x75, 0x69, 0x2d, 0x6c, 0x61
  .byte 0x6e, 0x67, 0x2f, 0x6f, 0x76, 0x65, 0x72, 0x76, 0x69, 0x65, 0x77, 0x29, 0x20, 0x63, 0x6f, 0x6d
  .byte 0x70, 0x69, 0x6c, 0x65, 0x73, 0x20, 0x60, 0x6c, 0x69, 0x62, 0x72, 0x61, 0x72, 0x79, 0x2e, 0x74
  .byte 0x73, 0x60, 0x20, 0x69, 0x6e, 0x74, 0x6f, 0x20, 0x60, 0x73, 0x79, 0x73, 0x74, 0x65, 0x6d, 0x2d
  .byte 0x70, 0x72, 0x6f, 0x6d, 0x70, 0x74, 0x2e, 0x74, 0x78, 0x74, 0x60, 0x20, 0xe2, 0x80, 0x94, 0x20
  .byte 0x63, 0x6f, 0x6e, 0x74, 0x61, 0x69, 0x6e, 0x69, 0x6e, 0x67, 0x20, 0x63, 0x6f, 0x6d, 0x70, 0x6f
  .byte 0x6e, 0x65, 0x6e, 0x74, 0x20, 0x73, 0x69, 0x67, 0x6e, 0x61, 0x74, 0x75, 0x72, 0x65, 0x73, 0x2c
  .byte 0x20, 0x73, 0x79, 0x6e, 0x74, 0x61, 0x78, 0x20, 0x72, 0x75, 0x6c, 0x65, 0x73, 0x2c, 0x20, 0x61
  .byte 0x6e, 0x64, 0x20, 0x73, 0x74, 0x72, 0x65, 0x61, 0x6d, 0x69, 0x6e, 0x67, 0x20, 0x67, 0x75, 0x69
  .byte 0x64, 0x65, 0x6c, 0x69, 0x6e, 0x65, 0x73, 0x20, 0x66, 0x6f, 0x72, 0x20, 0x74, 0x68, 0x65, 0x20
  .byte 0x4c, 0x4c, 0x4d, 0x3a, 0x0a, 0x0a, 0x60, 0x60, 0x60, 0x62, 0x61, 0x73, 0x68, 0x0a, 0x70, 0x6e
  .byte 0x70, 0x6d, 0x20, 0x67, 0x65, 0x6e, 0x65, 0x72, 0x61, 0x74, 0x65, 0x3a, 0x70, 0x72, 0x6f, 0x6d
  .byte 0x70, 0x74, 0x0a, 0x60, 0x60, 0x60, 0x0a, 0x0a, 0x23, 0x23, 0x23, 0x20, 0x34, 0x2e, 0x20, 0x53
  .byte 0x74, 0x61, 0x72, 0x74, 0x20, 0x74, 0x68, 0x65, 0x20, 0x62, 0x61, 0x63, 0x6b, 0x65, 0x6e, 0x64
  .byte 0x0a, 0x0a, 0x60, 0x60, 0x60, 0x62, 0x61, 0x73, 0x68, 0x0a, 0x70, 0x6e, 0x70, 0x6d, 0x20, 0x64
  .byte 0x65, 0x76, 0x3a, 0x62, 0x61, 0x63, 0x6b, 0x65, 0x6e, 0x64, 0x0a, 0x60, 0x60, 0x60, 0x0a, 0x0a
  .byte 0x54, 0x68, 0x65, 0x20, 0x41, 0x50, 0x49, 0x20, 0x77, 0x69, 0x6c, 0x6c, 0x20, 0x62, 0x65, 0x20
  .byte 0x61, 0x76, 0x61, 0x69, 0x6c, 0x61, 0x62, 0x6c, 0x65, 0x20, 0x61, 0x74, 0x20, 0x60, 0x68, 0x74
  .byte 0x74, 0x70, 0x3a, 0x2f, 0x2f, 0x6c, 0x6f, 0x63, 0x61, 0x6c, 0x68, 0x6f, 0x73, 0x74, 0x3a, 0x33
  .byte 0x30, 0x30, 0x30, 0x60, 0x2e, 0x0a, 0x0a, 0x23, 0x23, 0x23, 0x20, 0x35, 0x2e, 0x20, 0x53, 0x74
  .byte 0x61, 0x72, 0x74, 0x20, 0x74, 0x68, 0x65, 0x20, 0x6d, 0x6f, 0x62, 0x69, 0x6c, 0x65, 0x20, 0x61
  .byte 0x70, 0x70, 0x0a, 0x0a, 0x60, 0x60, 0x60, 0x62, 0x61, 0x73, 0x68, 0x0a, 0x70, 0x6e, 0x70, 0x6d
  .byte 0x20, 0x64, 0x65, 0x76, 0x3a, 0x6d, 0x6f, 0x62, 0x69, 0x6c, 0x65, 0x0a, 0x60, 0x60, 0x60, 0x0a
  .byte 0x0a, 0x23, 0x23, 0x20, 0x57, 0x68, 0x61, 0x74, 0x27, 0x73, 0x20, 0x69, 0x6e, 0x20, 0x54, 0x68
  .byte 0x69, 0x73, 0x20, 0x45, 0x78, 0x61, 0x6d, 0x70, 0x6c, 0x65, 0x0a, 0x0a, 0x23, 0x23, 0x23, 0x20
  .byte 0x60, 0x62, 0x61, 0x63, 0x6b, 0x65, 0x6e, 0x64, 0x2f, 0x73, 0x72, 0x63, 0x2f, 0x6c, 0x69, 0x62
  .byte 0x72, 0x61, 0x72, 0x79, 0x2e, 0x74, 0x73, 0x60, 0x0a, 0x0a, 0x44, 0x65, 0x66, 0x69, 0x6e, 0x65
  .byte 0x73, 0x20, 0x74, 0x68, 0x65, 0x20, 0x63, 0x75, 0x73, 0x74, 0x6f, 0x6d, 0x20, 0x63, 0x6f, 0x6d
  .byte 0x70, 0x6f, 0x6e, 0x65, 0x6e, 0x74, 0x20, 0x6c, 0x69, 0x62, 0x72, 0x61, 0x72, 0x79, 0x20, 0x75
  .byte 0x73, 0x69, 0x6e, 0x67, 0x20, 0x5b, 0x60, 0x64, 0x65, 0x66, 0x69, 0x6e, 0x65, 0x43, 0x6f, 0x6d
  .byte 0x70, 0x6f, 0x6e, 0x65, 0x6e, 0x74, 0x60, 0x5d, 0x28, 0x68, 0x74, 0x74, 0x70, 0x73, 0x3a, 0x2f
  .byte 0x2f, 0x77, 0x77, 0x77, 0x2e, 0x6f, 0x70, 0x65, 0x6e, 0x75, 0x69, 0x2e, 0x63, 0x6f, 0x6d, 0x2f
  .byte 0x64, 0x6f, 0x63, 0x73, 0x2f, 0x6f, 0x70, 0x65, 0x6e, 0x75, 0x69, 0x2d, 0x6c, 0x61, 0x6e, 0x67
  .byte 0x2f, 0x6f, 0x76, 0x65, 0x72, 0x76, 0x69, 0x65, 0x77, 0x29, 0x20, 0x61, 0x6e, 0x64, 0x20, 0x60
  .byte 0x63, 0x72, 0x65, 0x61, 0x74, 0x65, 0x4c, 0x69, 0x62, 0x72, 0x61, 0x72, 0x79, 0x60, 0x2e, 0x20
  .byte 0x54, 0x68, 0x69, 0x73, 0x20, 0x69, 0x73, 0x20, 0x61, 0x20, 0x2a, 0x2a, 0x4e, 0x6f, 0x64, 0x65
  .byte 0x2d, 0x63, 0x6f, 0x6d, 0x70, 0x61, 0x74, 0x69, 0x62, 0x6c, 0x65, 0x2a, 0x2a, 0x20, 0x76, 0x65
  .byte 0x72, 0x73, 0x69, 0x6f, 0x6e, 0x20, 0x28, 0x72, 0x65, 0x6e, 0x64, 0x65, 0x72, 0x65, 0x72, 0x73
  .byte 0x20, 0x73, 0x65, 0x74, 0x20, 0x74, 0x6f, 0x20, 0x60, 0x6e, 0x75, 0x6c, 0x6c, 0x60, 0x29, 0x20
  .byte 0x75, 0x73, 0x65, 0x64, 0x20, 0x6f, 0x6e, 0x6c, 0x79, 0x20, 0x62, 0x79, 0x20, 0x74, 0x68, 0x65
  .byte 0x20, 0x43, 0x4c, 0x49, 0x20, 0x74, 0x6f, 0x20, 0x67, 0x65, 0x6e, 0x65, 0x72, 0x61, 0x74, 0x65
  .byte 0x20, 0x74, 0x68, 0x65, 0x20, 0x73, 0x79, 0x73, 0x74, 0x65, 0x6d, 0x20, 0x70, 0x72, 0x6f, 0x6d
  .byte 0x70, 0x74, 0x20, 0xe2, 0x80, 0x94, 0x20, 0x74, 0x68, 0x65, 0x20, 0x62, 0x61, 0x63, 0x6b, 0x65
  .byte 0x6e, 0x64, 0x20, 0x6e, 0x65, 0x76, 0x65, 0x72, 0x20, 0x72, 0x65, 0x6e, 0x64, 0x65, 0x72, 0x73
  .byte 0x20, 0x63, 0x6f, 0x6d, 0x70, 0x6f, 0x6e, 0x65, 0x6e, 0x74, 0x73, 0x20, 0x69, 0x74, 0x73, 0x65
  .byte 0x6c, 0x66, 0x2e, 0x0a, 0x0a, 0x54, 0x68, 0x65, 0x20, 0x6c, 0x69, 0x62, 0x72, 0x61, 0x72, 0x79
  .byte 0x20, 0x65, 0x78, 0x70, 0x6f, 0x73, 0x65, 0x73, 0x20, 0x66, 0x69, 0x76, 0x65, 0x20, 0x63, 0x6f
  .byte 0x6d, 0x70, 0x6f, 0x6e, 0x65, 0x6e, 0x74, 0x73, 0x3a, 0x0a, 0x0a, 0x7c, 0x20, 0x43, 0x6f, 0x6d
  .byte 0x70, 0x6f, 0x6e, 0x65, 0x6e, 0x74, 0x20, 0x20, 0x20, 0x7c, 0x20, 0x44, 0x65, 0x73, 0x63, 0x72
  .byte 0x69, 0x70, 0x74, 0x69, 0x6f, 0x6e, 0x20, 0x20, 0x20, 0x20, 0x20, 0x20, 0x20, 0x20, 0x20, 0x20
  .byte 0x20, 0x20, 0x20, 0x20, 0x20, 0x20, 0x20, 0x20, 0x20, 0x20, 0x20, 0x20, 0x20, 0x20, 0x20, 0x20
  .byte 0x20, 0x20, 0x20, 0x20, 0x20, 0x20, 0x20, 0x20, 0x20, 0x20, 0x20, 0x20, 0x20, 0x20, 0x20, 0x20
  .byte 0x20, 0x20, 0x20, 0x20, 0x20, 0x20, 0x7c, 0x0a, 0x7c, 0x20, 0x2d, 0x2d, 0x2d, 0x2d, 0x2d, 0x2d
  .byte 0x2d, 0x2d, 0x2d, 0x2d, 0x2d, 0x20, 0x7c, 0x20, 0x2d, 0x2d, 0x2d, 0x2d, 0x2d, 0x2d, 0x2d, 0x2d
  .byte 0x2d, 0x2d, 0x2d, 0x2d, 0x2d, 0x2d, 0x2d, 0x2d, 0x2d, 0x2d, 0x2d, 0x2d, 0x2d, 0x2d, 0x2d, 0x2d
  .byte 0x2d, 0x2d, 0x2d, 0x2d, 0x2d, 0x2d, 0x2d, 0x2d, 0x2d, 0x2d, 0x2d, 0x2d, 0x2d, 0x2d, 0x2d, 0x2d
  .byte 0x2d, 0x2d, 0x2d, 0x2d, 0x2d, 0x2d, 0x2d, 0x2d, 0x2d, 0x2d, 0x2d, 0x2d, 0x2d, 0x2d, 0x2d, 0x2d
  .byte 0x2d, 0x2d, 0x20, 0x7c, 0x0a, 0x7c, 0x20, 0x60, 0x43, 0x61, 0x72, 0x64, 0x60, 0x20, 0x20, 0x20
  .byte 0x20, 0x20, 0x20, 0x7c, 0x20, 0x52, 0x6f, 0x6f, 0x74, 0x20, 0x63, 0x6f, 0x6e, 0x74, 0x61, 0x69
  .byte 0x6e, 0x65, 0x72, 0x20, 0xe2, 0x80, 0x94, 0x20, 0x65, 0x76, 0x65, 0x72, 0x79, 0x20, 0x72, 0x65
  .byte 0x73, 0x70, 0x6f, 0x6e, 0x73, 0x65, 0x20, 0x69, 0x73, 0x20, 0x77, 0x72, 0x61, 0x70, 0x70, 0x65
  .byte 0x64, 0x20, 0x69, 0x6e, 0x20, 0x6f, 0x6e, 0x65, 0x20, 0x20, 0x20, 0x20, 0x20, 0x20, 0x20, 0x20
  .byte 0x20, 0x20, 0x7c, 0x0a, 0x7c, 0x20, 0x60, 0x54, 0x65, 0x78, 0x74, 0x60, 0x20, 0x20, 0x20, 0x20
  .byte 0x20, 0x20, 0x7c, 0x20, 0x54, 0x65, 0x78, 0x74, 0x20, 0x77, 0x69, 0x74, 0x68, 0x20, 0x6f, 0x70
  .byte 0x74, 0x69, 0x6f, 0x6e, 0x61, 0x6c, 0x20, 0x60, 0x68, 0x65, 0x61, 0x64, 0x69, 0x6e, 0x67, 0x60
  .byte 0x2c, 0x20, 0x60, 0x62, 0x6f, 0x64, 0x79, 0x60, 0x2c, 0x20, 0x6f, 0x72, 0x20, 0x60, 0x63, 0x61
  .byte 0x70, 0x74, 0x69, 0x6f, 0x6e, 0x60, 0x20, 0x76, 0x61, 0x72, 0x69, 0x61, 0x6e, 0x74, 0x20, 0x7c
  .byte 0x0a, 0x7c, 0x20, 0x60, 0x42, 0x61, 0x72, 0x43, 0x68, 0x61, 0x72, 0x74, 0x60, 0x20, 0x20, 0x7c
  .byte 0x20, 0x56, 0x65, 0x72, 0x74, 0x69, 0x63, 0x61, 0x6c, 0x20, 0x62, 0x61, 0x72, 0x20, 0x63, 0x68
  .byte 0x61, 0x72, 0x74, 0x20, 0x66, 0x6f, 0x72, 0x20, 0x63, 0x6f, 0x6d, 0x70, 0x61, 0x72, 0x69, 0x6e
  .byte 0x67, 0x20, 0x64, 0x69, 0x73, 0x63, 0x72, 0x65, 0x74, 0x65, 0x20, 0x63, 0x61, 0x74, 0x65, 0x67
  .byte 0x6f, 0x72, 0x69, 0x65, 0x73, 0x20, 0x20, 0x20, 0x20, 0x20, 0x20, 0x20, 0x7c, 0x0a, 0x7c, 0x20
  .byte 0x60, 0x4c, 0x69, 0x6e, 0x65, 0x43, 0x68, 0x61, 0x72, 0x74, 0x60, 0x20, 0x7c, 0x20, 0x4c, 0x69
  .byte 0x6e, 0x65, 0x20, 0x63, 0x68, 0x61, 0x72, 0x74, 0x20, 0x66, 0x6f, 0x72, 0x20, 0x74, 0x72, 0x65
  .byte 0x6e, 0x64, 0x73, 0x20, 0x6f, 0x76, 0x65, 0x72, 0x20, 0x74, 0x69, 0x6d, 0x65, 0x20, 0x20, 0x20
  .byte 0x20, 0x20, 0x20, 0x20, 0x20, 0x20, 0x20, 0x20, 0x20, 0x20, 0x20, 0x20, 0x20, 0x20, 0x20, 0x20
  .byte 0x20, 0x20, 0x20, 0x20, 0x20, 0x20, 0x20, 0x20, 0x20, 0x7c, 0x0a, 0x7c, 0x20, 0x60, 0x50, 0x69
  .byte 0x65, 0x43, 0x68, 0x61, 0x72, 0x74, 0x60, 0x20, 0x20, 0x7c, 0x20, 0x50, 0x69, 0x65, 0x20, 0x63
  .byte 0x68, 0x61, 0x72, 0x74, 0x20, 0x66, 0x6f, 0x72, 0x20, 0x70, 0x61, 0x72, 0x74, 0x2d, 0x74, 0x6f
  .byte 0x2d, 0x77, 0x68, 0x6f, 0x6c, 0x65, 0x20, 0x70, 0x72, 0x6f, 0x70, 0x6f, 0x72, 0x74, 0x69, 0x6f
  .byte 0x6e, 0x73, 0x20, 0x20, 0x20, 0x20, 0x20, 0x20, 0x20, 0x20, 0x20, 0x20, 0x20, 0x20, 0x20, 0x20
  .byte 0x20, 0x20, 0x20, 0x20, 0x20, 0x20, 0x7c, 0x0a, 0x0a, 0x23, 0x23, 0x23, 0x20, 0x60, 0x62, 0x61
  .byte 0x63, 0x6b, 0x65, 0x6e, 0x64, 0x2f, 0x73, 0x72, 0x63, 0x2f, 0x61, 0x70, 0x70, 0x2f, 0x61, 0x70
  .byte 0x69, 0x2f, 0x63, 0x68, 0x61, 0x74, 0x2f, 0x72, 0x6f, 0x75, 0x74, 0x65, 0x2e, 0x74, 0x73, 0x60
  .byte 0x0a, 0x0a, 0x41, 0x20, 0x4e, 0x65, 0x78, 0x74, 0x2e, 0x6a, 0x73, 0x20, 0x52, 0x6f, 0x75, 0x74
  .byte 0x65, 0x20, 0x48, 0x61, 0x6e, 0x64, 0x6c, 0x65, 0x72, 0x20, 0x74, 0x68, 0x61, 0x74, 0x3a, 0x0a
  .byte 0x0a, 0x31, 0x2e, 0x20, 0x4c, 0x6f, 0x61, 0x64, 0x73, 0x20, 0x60, 0x73, 0x79, 0x73, 0x74, 0x65
  .byte 0x6d, 0x2d, 0x70, 0x72, 0x6f, 0x6d, 0x70, 0x74, 0x2e, 0x74, 0x78, 0x74, 0x60, 0x20, 0x61, 0x74
  .byte 0x20, 0x73, 0x74, 0x61, 0x72, 0x74, 0x75, 0x70, 0x0a, 0x32, 0x2e, 0x20, 0x46, 0x6f, 0x72, 0x77
  .byte 0x61, 0x72, 0x64, 0x73, 0x20, 0x74, 0x68, 0x65, 0x20, 0x63, 0x6f, 0x6e, 0x76, 0x65, 0x72, 0x73
  .byte 0x61, 0x74, 0x69, 0x6f, 0x6e, 0x20, 0x74, 0x6f, 0x20, 0x74, 0x68, 0x65, 0x20, 0x4f, 0x70, 0x65
  .byte 0x6e, 0x41, 0x49, 0x20, 0x73, 0x74, 0x72, 0x65, 0x61, 0x6d, 0x69, 0x6e, 0x67, 0x20, 0x41, 0x50
  .byte 0x49, 0x0a, 0x33, 0x2e, 0x20, 0x52, 0x65, 0x74, 0x75, 0x72, 0x6e, 0x73, 0x20, 0x72, 0x61, 0x77
  .byte 0x20, 0x60, 0x74, 0x65, 0x78, 0x74, 0x2f, 0x70, 0x6c, 0x61, 0x69, 0x6e, 0x60, 0x20, 0x63, 0x68
  .byte 0x75, 0x6e, 0x6b, 0x73, 0x20, 0xe2, 0x80, 0x94, 0x20, 0x69, 0x6e, 0x74, 0x65, 0x6e, 0x74, 0x69
  .byte 0x6f, 0x6e, 0x61, 0x6c, 0x6c, 0x79, 0x20, 0x73, 0x69, 0x6d, 0x70, 0x6c, 0x65, 0x72, 0x20, 0x74
  .byte 0x68, 0x61, 0x6e, 0x20, 0x53, 0x53, 0x45, 0x20, 0x73, 0x6f, 0x20, 0x52, 0x65, 0x61, 0x63, 0x74
  .byte 0x20, 0x4e, 0x61, 0x74, 0x69, 0x76, 0x65, 0x20, 0x63, 0x61, 0x6e, 0x20, 0x63, 0x6f, 0x6e, 0x73
  .byte 0x75, 0x6d, 0x65, 0x20, 0x74, 0x68, 0x65, 0x20, 0x73, 0x74, 0x72, 0x65, 0x61, 0x6d, 0x20, 0x64
  .byte 0x69, 0x72, 0x65, 0x63, 0x74, 0x6c, 0x79, 0x20, 0x77, 0x69, 0x74, 0x68, 0x6f, 0x75, 0x74, 0x20
  .byte 0x61, 0x20, 0x62, 0x72, 0x6f, 0x77, 0x73, 0x65, 0x72, 0x20, 0x60, 0x45, 0x76, 0x65, 0x6e, 0x74
  .byte 0x53, 0x6f, 0x75, 0x72, 0x63, 0x65, 0x60, 0x0a, 0x0a, 0x23, 0x23, 0x23, 0x20, 0x52, 0x65, 0x61
  .byte 0x63, 0x74, 0x20, 0x4e, 0x61, 0x74, 0x69, 0x76, 0x65, 0x20, 0x61, 0x70, 0x70, 0x20, 0x28, 0x60
  .byte 0x72, 0x65, 0x61, 0x63, 0x74, 0x2d, 0x6e, 0x61, 0x74, 0x69, 0x76, 0x65, 0x2d, 0x6f, 0x70, 0x65
  .byte 0x6e, 0x75, 0x69, 0x2f, 0x60, 0x29, 0x0a, 0x0a, 0x55, 0x73, 0x65, 0x73, 0x20, 0x74, 0x68, 0x65
  .byte 0x20, 0x5b, 0x60, 0x3c, 0x52, 0x65, 0x6e, 0x64, 0x65, 0x72, 0x65, 0x72, 0x20, 0x2f, 0x3e, 0x60
  .byte 0x5d, 0x28, 0x68, 0x74, 0x74, 0x70, 0x73, 0x3a, 0x2f, 0x2f, 0x77, 0x77, 0x77, 0x2e, 0x6f, 0x70
  .byte 0x65, 0x6e, 0x75, 0x69, 0x2e, 0x63, 0x6f, 0x6d, 0x2f, 0x64, 0x6f, 0x63, 0x73, 0x2f, 0x6f, 0x70
  .byte 0x65, 0x6e, 0x75, 0x69, 0x2d, 0x6c, 0x61, 0x6e, 0x67, 0x2f, 0x6f, 0x76, 0x65, 0x72, 0x76, 0x69
  .byte 0x65, 0x77, 0x29, 0x20, 0x63, 0x6f, 0x6d, 0x70, 0x6f, 0x6e, 0x65, 0x6e, 0x74, 0x20, 0x66, 0x72
  .byte 0x6f, 0x6d, 0x20, 0x60, 0x40, 0x6f, 0x70, 0x65, 0x6e, 0x75, 0x69, 0x64, 0x65, 0x76, 0x2f, 0x72
  .byte 0x65, 0x61, 0x63, 0x74, 0x2d, 0x6c, 0x61, 0x6e, 0x67, 0x60, 0x20, 0x74, 0x6f, 0x20, 0x70, 0x72
  .byte 0x6f, 0x67, 0x72, 0x65, 0x73, 0x73, 0x69, 0x76, 0x65, 0x6c, 0x79, 0x20, 0x70, 0x61, 0x72, 0x73
  .byte 0x65, 0x20, 0x61, 0x6e, 0x64, 0x20, 0x72, 0x65, 0x6e, 0x64, 0x65, 0x72, 0x20, 0x74, 0x68, 0x65
  .byte 0x20, 0x73, 0x74, 0x72, 0x65, 0x61, 0x6d, 0x65, 0x64, 0x20, 0x4f, 0x70, 0x65, 0x6e, 0x55, 0x49
  .byte 0x20, 0x4c, 0x61, 0x6e, 0x67, 0x20, 0x6f, 0x75, 0x74, 0x70, 0x75, 0x74, 0x20, 0x61, 0x73, 0x20
  .byte 0x6e, 0x61, 0x74, 0x69, 0x76, 0x65, 0x20, 0x63, 0x6f, 0x6d, 0x70, 0x6f, 0x6e, 0x65, 0x6e, 0x74
  .byte 0x73, 0x2e, 0x0a, 0x0a, 0x23, 0x23, 0x20, 0x53, 0x63, 0x72, 0x69, 0x70, 0x74, 0x73, 0x0a, 0x0a
  .byte 0x7c, 0x20, 0x53, 0x63, 0x72, 0x69, 0x70, 0x74, 0x20, 0x20, 0x20, 0x20, 0x20, 0x20, 0x20, 0x20
  .byte 0x20, 0x20, 0x20, 0x20, 0x20, 0x20, 0x20, 0x20, 0x20, 0x7c, 0x20, 0x44, 0x65, 0x73, 0x63, 0x72
  .byte 0x69, 0x70, 0x74, 0x69, 0x6f, 0x6e, 0x20, 0x20, 0x20, 0x20, 0x20, 0x20, 0x20, 0x20, 0x20, 0x20
  .byte 0x20, 0x20, 0x20, 0x20, 0x20, 0x20, 0x20, 0x20, 0x20, 0x20, 0x20, 0x20, 0x20, 0x20, 0x20, 0x20
  .byte 0x20, 0x20, 0x20, 0x20, 0x20, 0x20, 0x20, 0x20, 0x20, 0x20, 0x20, 0x20, 0x7c, 0x0a, 0x7c, 0x20
  .byte 0x2d, 0x2d, 0x2d, 0x2d, 0x2d, 0x2d, 0x2d, 0x2d, 0x2d, 0x2d, 0x2d, 0x2d, 0x2d, 0x2d, 0x2d, 0x2d
  .byte 0x2d, 0x2d, 0x2d, 0x2d, 0x2d, 0x2d, 0x20, 0x7c, 0x20, 0x2d, 0x2d, 0x2d, 0x2d, 0x2d, 0x2d, 0x2d
  .byte 0x2d, 0x2d, 0x2d, 0x2d, 0x2d, 0x2d, 0x2d, 0x2d, 0x2d, 0x2d, 0x2d, 0x2d, 0x2d, 0x2d, 0x2d, 0x2d
  .byte 0x2d, 0x2d, 0x2d, 0x2d, 0x2d, 0x2d, 0x2d, 0x2d, 0x2d, 0x2d, 0x2d, 0x2d, 0x2d, 0x2d, 0x2d, 0x2d
  .byte 0x2d, 0x2d, 0x2d, 0x2d, 0x2d, 0x2d, 0x2d, 0x2d, 0x2d, 0x20, 0x7c, 0x0a, 0x7c, 0x20, 0x60, 0x70
  .byte 0x6e, 0x70, 0x6d, 0x20, 0x64, 0x65, 0x76, 0x3a, 0x62, 0x61, 0x63, 0x6b, 0x65, 0x6e, 0x64, 0x60
  .byte 0x20, 0x20, 0x20, 0x20, 0x20, 0x7c, 0x20, 0x53, 0x74, 0x61, 0x72, 0x74, 0x20, 0x74, 0x68, 0x65
  .byte 0x20, 0x4e, 0x65, 0x78, 0x74, 0x2e, 0x6a, 0x73, 0x20, 0x41, 0x50, 0x49, 0x20, 0x73, 0x65, 0x72
  .byte 0x76, 0x65, 0x72, 0x20, 0x20, 0x20, 0x20, 0x20, 0x20, 0x20, 0x20, 0x20, 0x20, 0x20, 0x20, 0x20
  .byte 0x20, 0x20, 0x20, 0x20, 0x20, 0x20, 0x20, 0x20, 0x7c, 0x0a, 0x7c, 0x20, 0x60, 0x70, 0x6e, 0x70
  .byte 0x6d, 0x20, 0x64, 0x65, 0x76, 0x3a, 0x6d, 0x6f, 0x62, 0x69, 0x6c, 0x65, 0x60, 0x20, 0x20, 0x20
  .byte 0x20, 0x20, 0x20, 0x7c, 0x20, 0x53, 0x74, 0x61, 0x72, 0x74, 0x20, 0x74, 0x68, 0x65, 0x20, 0x45
  .byte 0x78, 0x70, 0x6f, 0x20, 0x64, 0x65, 0x76, 0x20, 0x73, 0x65, 0x72, 0x76, 0x65, 0x72, 0x20, 0x20
  .byte 0x20, 0x20, 0x20, 0x20, 0x20, 0x20, 0x20, 0x20, 0x20, 0x20, 0x20, 0x20, 0x20, 0x20, 0x20, 0x20
  .byte 0x20, 0x20, 0x20, 0x20, 0x20, 0x20, 0x7c, 0x0a, 0x7c, 0x20, 0x60, 0x70, 0x6e, 0x70, 0x6d, 0x20
  .byte 0x67, 0x65, 0x6e, 0x65, 0x72, 0x61, 0x74, 0x65, 0x3a, 0x70, 0x72, 0x6f, 0x6d, 0x70, 0x74, 0x60
  .byte 0x20, 0x7c, 0x20, 0x52, 0x65, 0x67, 0x65, 0x6e, 0x65, 0x72, 0x61, 0x74, 0x65, 0x20, 0x60, 0x73
  .byte 0x79, 0x73, 0x74, 0x65, 0x6d, 0x2d, 0x70, 0x72, 0x6f, 0x6d, 0x70, 0x74, 0x2e, 0x74, 0x78, 0x74
  .byte 0x60, 0x20, 0x66, 0x72, 0x6f, 0x6d, 0x20, 0x60, 0x6c, 0x69, 0x62, 0x72, 0x61, 0x72, 0x79, 0x2e
  .byte 0x74, 0x73, 0x60, 0x20, 0x7c, 0x0a, 0x0a, 0x23, 0x23, 0x20, 0x4c, 0x65, 0x61, 0x72, 0x6e, 0x20
  .byte 0x4d, 0x6f, 0x72, 0x65, 0x0a, 0x0a, 0x2d, 0x20, 0x5b, 0x4f, 0x70, 0x65, 0x6e, 0x55, 0x49, 0x20
  .byte 0x4c, 0x61, 0x6e, 0x67, 0x20, 0x6f, 0x76, 0x65, 0x72, 0x76, 0x69, 0x65, 0x77, 0x5d, 0x28, 0x68
  .byte 0x74, 0x74, 0x70, 0x73, 0x3a, 0x2f, 0x2f, 0x77, 0x77, 0x77, 0x2e, 0x6f, 0x70, 0x65, 0x6e, 0x75
  .byte 0x69, 0x2e, 0x63, 0x6f, 0x6d, 0x2f, 0x64, 0x6f, 0x63, 0x73, 0x2f, 0x6f, 0x70, 0x65, 0x6e, 0x75
  .byte 0x69, 0x2d, 0x6c, 0x61, 0x6e, 0x67, 0x2f, 0x6f, 0x76, 0x65, 0x72, 0x76, 0x69, 0x65, 0x77, 0x29
  .byte 0x20, 0xe2, 0x80, 0x94, 0x20, 0x63, 0x6f, 0x72, 0x65, 0x20, 0x62, 0x75, 0x69, 0x6c, 0x64, 0x69
  .byte 0x6e, 0x67, 0x20, 0x62, 0x6c, 0x6f, 0x63, 0x6b, 0x73, 0x3a, 0x20, 0x4c, 0x69, 0x62, 0x72, 0x61
  .byte 0x72, 0x79, 0x2c, 0x20, 0x50, 0x72, 0x6f, 0x6d, 0x70, 0x74, 0x20, 0x47, 0x65, 0x6e, 0x65, 0x72
  .byte 0x61, 0x74, 0x6f, 0x72, 0x2c, 0x20, 0x50, 0x61, 0x72, 0x73, 0x65, 0x72, 0x2c, 0x20, 0x52, 0x65
  .byte 0x6e, 0x64, 0x65, 0x72, 0x65, 0x72, 0x0a, 0x2d, 0x20, 0x5b, 0x60, 0x40, 0x6f, 0x70, 0x65, 0x6e
  .byte 0x75, 0x69, 0x64, 0x65, 0x76, 0x2f, 0x72, 0x65, 0x61, 0x63, 0x74, 0x2d, 0x6c, 0x61, 0x6e, 0x67
  .byte 0x60, 0x20, 0x70, 0x61, 0x63, 0x6b, 0x61, 0x67, 0x65, 0x5d, 0x28, 0x2e, 0x2e, 0x2f, 0x2e, 0x2e
  .byte 0x2f, 0x70, 0x61, 0x63, 0x6b, 0x61, 0x67, 0x65, 0x73, 0x2f, 0x72, 0x65, 0x61, 0x63, 0x74, 0x2d
  .byte 0x6c, 0x61, 0x6e, 0x67, 0x29, 0x0a

  .globl openui_full_port_examples_openui_react_native_README_md_6cf101ebb750_len
openui_full_port_examples_openui_react_native_README_md_6cf101ebb750_len:
  .quad 4918

# assembly pass: 2/4
  .globl openui_full_port_examples_openui_react_native_README_md_6cf101ebb750_pass_2
openui_full_port_examples_openui_react_native_README_md_6cf101ebb750_pass_2:
  .byte 0x23, 0x20, 0x4f, 0x70, 0x65, 0x6e, 0x55, 0x49, 0x20, 0x52, 0x65, 0x61, 0x63, 0x74, 0x20, 0x4e
  .byte 0x61, 0x74, 0x69, 0x76, 0x65, 0x20, 0x45, 0x78, 0x61, 0x6d, 0x70, 0x6c, 0x65, 0x0a, 0x0a, 0x41
  .byte 0x20, 0x66, 0x75, 0x6c, 0x6c, 0x2d, 0x73, 0x74, 0x61, 0x63, 0x6b, 0x20, 0x65, 0x78, 0x61, 0x6d
  .byte 0x70, 0x6c, 0x65, 0x20, 0x74, 0x68, 0x61, 0x74, 0x20, 0x64, 0x65, 0x6d, 0x6f, 0x6e, 0x73, 0x74
  .byte 0x72, 0x61, 0x74, 0x65, 0x73, 0x20, 0x75, 0x73, 0x69, 0x6e, 0x67, 0x20, 0x60, 0x40, 0x6f, 0x70
  .byte 0x65, 0x6e, 0x75, 0x69, 0x64, 0x65, 0x76, 0x2f, 0x72, 0x65, 0x61, 0x63, 0x74, 0x2d, 0x6c, 0x61
  .byte 0x6e, 0x67, 0x60, 0x20, 0x69, 0x6e, 0x20, 0x61, 0x20, 0x52, 0x65, 0x61, 0x63, 0x74, 0x20, 0x4e
  .byte 0x61, 0x74, 0x69, 0x76, 0x65, 0x20, 0x28, 0x45, 0x78, 0x70, 0x6f, 0x29, 0x20, 0x61, 0x70, 0x70
  .byte 0x20, 0x77, 0x69, 0x74, 0x68, 0x20, 0x61, 0x20, 0x4e, 0x65, 0x78, 0x74, 0x2e, 0x6a, 0x73, 0x20
  .byte 0x41, 0x50, 0x49, 0x20, 0x62, 0x61, 0x63, 0x6b, 0x65, 0x6e, 0x64, 0x2e, 0x20, 0x54, 0x68, 0x65
  .byte 0x20, 0x4c, 0x4c, 0x4d, 0x20, 0x73, 0x74, 0x72, 0x65, 0x61, 0x6d, 0x73, 0x20, 0x72, 0x65, 0x73
  .byte 0x70, 0x6f, 0x6e, 0x73, 0x65, 0x73, 0x20, 0x69, 0x6e, 0x20, 0x5b, 0x4f, 0x70, 0x65, 0x6e, 0x55
  .byte 0x49, 0x20, 0x4c, 0x61, 0x6e, 0x67, 0x5d, 0x28, 0x68, 0x74, 0x74, 0x70, 0x73, 0x3a, 0x2f, 0x2f
  .byte 0x77, 0x77, 0x77, 0x2e, 0x6f, 0x70, 0x65, 0x6e, 0x75, 0x69, 0x2e, 0x63, 0x6f, 0x6d, 0x2f, 0x64
  .byte 0x6f, 0x63, 0x73, 0x2f, 0x6f, 0x70, 0x65, 0x6e, 0x75, 0x69, 0x2d, 0x6c, 0x61, 0x6e, 0x67, 0x2f
  .byte 0x6f, 0x76, 0x65, 0x72, 0x76, 0x69, 0x65, 0x77, 0x29, 0x20, 0x61, 0x6e, 0x64, 0x20, 0x74, 0x68
  .byte 0x65, 0x20, 0x6d, 0x6f, 0x62, 0x69, 0x6c, 0x65, 0x20, 0x63, 0x6c, 0x69, 0x65, 0x6e, 0x74, 0x20
  .byte 0x72, 0x65, 0x6e, 0x64, 0x65, 0x72, 0x73, 0x20, 0x74, 0x68, 0x65, 0x6d, 0x20, 0x61, 0x73, 0x20
  .byte 0x6e, 0x61, 0x74, 0x69, 0x76, 0x65, 0x20, 0x63, 0x6f, 0x6d, 0x70, 0x6f, 0x6e, 0x65, 0x6e, 0x74
  .byte 0x73, 0x20, 0x69, 0x6e, 0x20, 0x72, 0x65, 0x61, 0x6c, 0x20, 0x74, 0x69, 0x6d, 0x65, 0x2e, 0x0a
  .byte 0x0a, 0x3c, 0x76, 0x69, 0x64, 0x65, 0x6f, 0x20, 0x73, 0x72, 0x63, 0x3d, 0x22, 0x2e, 0x2e, 0x2f
  .byte 0x2e, 0x2e, 0x2f, 0x64, 0x6f, 0x63, 0x73, 0x2f, 0x70, 0x75, 0x62, 0x6c, 0x69, 0x63, 0x2f, 0x76
  .byte 0x69, 0x64, 0x65, 0x6f, 0x73, 0x2f, 0x72, 0x65, 0x61, 0x63, 0x74, 0x2d, 0x6e, 0x61, 0x74, 0x69
  .byte 0x76, 0x65, 0x2d, 0x64, 0x65, 0x6d, 0x6f, 0x2e, 0x6d, 0x70, 0x34, 0x22, 0x20, 0x0a, 0x20, 0x20
  .byte 0x20, 0x20, 0x6e, 0x6f, 0x43, 0x6f, 0x6e, 0x74, 0x72, 0x6f, 0x6c, 0x73, 0x0a, 0x20, 0x20, 0x20
  .byte 0x20, 0x70, 0x6c, 0x61, 0x79, 0x73, 0x49, 0x6e, 0x6c, 0x69, 0x6e, 0x65, 0x0a, 0x20, 0x20, 0x20
  .byte 0x20, 0x6d, 0x75, 0x74, 0x65, 0x64, 0x0a, 0x20, 0x20, 0x20, 0x20, 0x70, 0x72, 0x65, 0x6c, 0x6f
  .byte 0x61, 0x64, 0x3d, 0x22, 0x6d, 0x65, 0x74, 0x61, 0x64, 0x61, 0x74, 0x61, 0x22, 0x0a, 0x20, 0x20
  .byte 0x20, 0x20, 0x63, 0x6c, 0x61, 0x73, 0x73, 0x4e, 0x61, 0x6d, 0x65, 0x3d, 0x22, 0x68, 0x2d, 0x5b
  .byte 0x36, 0x30, 0x30, 0x70, 0x78, 0x5d, 0x20, 0x72, 0x6f, 0x75, 0x6e, 0x64, 0x65, 0x64, 0x2d, 0x6c
  .byte 0x67, 0x20, 0x6d, 0x2d, 0x61, 0x75, 0x74, 0x6f, 0x22, 0x0a, 0x20, 0x20, 0x20, 0x20, 0x61, 0x75
  .byte 0x74, 0x6f, 0x50, 0x6c, 0x61, 0x79, 0x0a, 0x20, 0x20, 0x20, 0x20, 0x6c, 0x6f, 0x6f, 0x70, 0x0a
  .byte 0x2f, 0x3e, 0x0a, 0x0a, 0x23, 0x23, 0x20, 0x41, 0x72, 0x63, 0x68, 0x69, 0x74, 0x65, 0x63, 0x74
  .byte 0x75, 0x72, 0x65, 0x0a, 0x0a, 0x60, 0x60, 0x60, 0x0a, 0xe2, 0x94, 0x8c, 0xe2, 0x94, 0x80, 0xe2
  .byte 0x94, 0x80, 0xe2, 0x94, 0x80, 0xe2, 0x94, 0x80, 0xe2, 0x94, 0x80, 0xe2, 0x94, 0x80, 0xe2, 0x94
  .byte 0x80, 0xe2, 0x94, 0x80, 0xe2, 0x94, 0x80, 0xe2, 0x94, 0x80, 0xe2, 0x94, 0x80, 0xe2, 0x94, 0x80
  .byte 0xe2, 0x94, 0x80, 0xe2, 0x94, 0x80, 0xe2, 0x94, 0x80, 0xe2, 0x94, 0x80, 0xe2, 0x94, 0x80, 0xe2
  .byte 0x94, 0x80, 0xe2, 0x94, 0x80, 0xe2, 0x94, 0x80, 0xe2, 0x94, 0x80, 0xe2, 0x94, 0x80, 0xe2, 0x94
  .byte 0x80, 0xe2, 0x94, 0x80, 0xe2, 0x94, 0x80, 0xe2, 0x94, 0x80, 0xe2, 0x94, 0x80, 0xe2, 0x94, 0x80
  .byte 0xe2, 0x94, 0x80, 0xe2, 0x94, 0x90, 0x20, 0x20, 0x20, 0x20, 0x20, 0x20, 0x20, 0x20, 0xe2, 0x94
  .byte 0x8c, 0xe2, 0x94, 0x80, 0xe2, 0x94, 0x80, 0xe2, 0x94, 0x80, 0xe2, 0x94, 0x80, 0xe2, 0x94, 0x80
  .byte 0xe2, 0x94, 0x80, 0xe2, 0x94, 0x80, 0xe2, 0x94, 0x80, 0xe2, 0x94, 0x80, 0xe2, 0x94, 0x80, 0xe2
  .byte 0x94, 0x80, 0xe2, 0x94, 0x80, 0xe2, 0x94, 0x80, 0xe2, 0x94, 0x80, 0xe2, 0x94, 0x80, 0xe2, 0x94
  .byte 0x80, 0xe2, 0x94, 0x80, 0xe2, 0x94, 0x80, 0xe2, 0x94, 0x80, 0xe2, 0x94, 0x80, 0xe2, 0x94, 0x80
  .byte 0xe2, 0x94, 0x80, 0xe2, 0x94, 0x80, 0xe2, 0x94, 0x80, 0xe2, 0x94, 0x80, 0xe2, 0x94, 0x80, 0xe2
  .byte 0x94, 0x90, 0x0a, 0xe2, 0x94, 0x82, 0x20, 0x20, 0x20, 0x52, 0x65, 0x61, 0x63, 0x74, 0x20, 0x4e
  .byte 0x61, 0x74, 0x69, 0x76, 0x65, 0x20, 0x28, 0x45, 0x78, 0x70, 0x6f, 0x29, 0x20, 0x61, 0x70, 0x70
  .byte 0x20, 0x20, 0x20, 0xe2, 0x94, 0x82, 0x20, 0x20, 0x48, 0x54, 0x54, 0x50, 0x20, 0x20, 0xe2, 0x94
  .byte 0x82, 0x20, 0x20, 0x20, 0x4e, 0x65, 0x78, 0x74, 0x2e, 0x6a, 0x73, 0x20, 0x62, 0x61, 0x63, 0x6b
  .byte 0x65, 0x6e, 0x64, 0x20, 0x28, 0x41, 0x50, 0x49, 0x29, 0x20, 0x20, 0xe2, 0x94, 0x82, 0x0a, 0xe2
  .byte 0x94, 0x82, 0x20, 0x20, 0x20, 0x20, 0x20, 0x20, 0x20, 0x20, 0x20, 0x20, 0x20, 0x20, 0x20, 0x20
  .byte 0x20, 0x20, 0x20, 0x20, 0x20, 0x20, 0x20, 0x20, 0x20, 0x20, 0x20, 0x20, 0x20, 0x20, 0x20, 0xe2
  .byte 0x94, 0x82, 0x20, 0xe2, 0x94, 0x80, 0xe2, 0x94, 0x80, 0xe2, 0x94, 0x80, 0xe2, 0x94, 0x80, 0xe2
  .byte 0x94, 0x80, 0xe2, 0x94, 0x80, 0xe2, 0x96, 0xba, 0xe2, 0x94, 0x82, 0x20, 0x20, 0x20, 0x20, 0x20
  .byte 0x20, 0x20, 0x20, 0x20, 0x20, 0x20, 0x20, 0x20, 0x20, 0x20, 0x20, 0x20, 0x20, 0x20, 0x20, 0x20
  .byte 0x20, 0x20, 0x20, 0x20, 0x20, 0xe2, 0x94, 0x82, 0x0a, 0xe2, 0x94, 0x82, 0x20, 0x20, 0xe2, 0x80
  .byte 0xa2, 0x20, 0x43, 0x68, 0x61, 0x74, 0x20, 0x55, 0x49, 0x20, 0x20, 0x20, 0x20, 0x20, 0x20, 0x20
  .byte 0x20, 0x20, 0x20, 0x20, 0x20, 0x20, 0x20, 0x20, 0x20, 0x20, 0x20, 0xe2, 0x94, 0x82, 0x20, 0x20
  .byte 0x20, 0x20, 0x20, 0x20, 0x20, 0x20, 0xe2, 0x94, 0x82, 0x20, 0x20, 0xe2, 0x80, 0xa2, 0x20, 0x2f
  .byte 0x61, 0x70, 0x69, 0x2f, 0x63, 0x68, 0x61, 0x74, 0x20, 0x20, 0x28, 0x50, 0x4f, 0x53, 0x54, 0x29
  .byte 0x20, 0x20, 0x20, 0x20, 0x20, 0xe2, 0x94, 0x82, 0x0a, 0xe2, 0x94, 0x82, 0x20, 0x20, 0xe2, 0x80
  .byte 0xa2, 0x20, 0x3c, 0x52, 0x65, 0x6e, 0x64, 0x65, 0x72, 0x65, 0x72, 0x20, 0x2f, 0x3e, 0x20, 0x70
  .byte 0x61, 0x72, 0x73, 0x69, 0x6e, 0x67, 0x20, 0x20, 0x20, 0x20, 0x20, 0xe2, 0x94, 0x82, 0xe2, 0x97
  .byte 0x84, 0xe2, 0x94, 0x80, 0xe2, 0x94, 0x80, 0xe2, 0x94, 0x80, 0xe2, 0x94, 0x80, 0xe2, 0x94, 0x80
  .byte 0xe2, 0x94, 0x80, 0x20, 0xe2, 0x94, 0x82, 0x20, 0x20, 0xe2, 0x80, 0xa2, 0x20, 0x53, 0x74, 0x72
  .byte 0x65, 0x61, 0x6d, 0x73, 0x20, 0x4f, 0x70, 0x65, 0x6e, 0x55, 0x49, 0x20, 0x4c, 0x61, 0x6e, 0x67
  .byte 0x20, 0x20, 0x20, 0xe2, 0x94, 0x82, 0x0a, 0xe2, 0x94, 0x82, 0x20, 0x20, 0x20, 0x20, 0x73, 0x74
  .byte 0x72, 0x65, 0x61, 0x6d, 0x65, 0x64, 0x20, 0x4f, 0x70, 0x65, 0x6e, 0x55, 0x49, 0x20, 0x4c, 0x61
  .byte 0x6e, 0x67, 0x20, 0x20, 0x20, 0x20, 0x20, 0x20, 0xe2, 0x94, 0x82, 0x20, 0x20, 0x73, 0x74, 0x72
  .byte 0x65, 0x61, 0x6d, 0xe2, 0x94, 0x82, 0x20, 0x20, 0x20, 0x20, 0x66, 0x72, 0x6f, 0x6d, 0x20, 0x47
  .byte 0x50, 0x54, 0x20, 0x20, 0x20, 0x20, 0x20, 0x20, 0x20, 0x20, 0x20, 0x20, 0x20, 0x20, 0x20, 0x20
  .byte 0xe2, 0x94, 0x82, 0x0a, 0xe2, 0x94, 0x82, 0x20, 0x20, 0xe2, 0x80, 0xa2, 0x20, 0x4e, 0x61, 0x74
  .byte 0x69, 0x76, 0x65, 0x20, 0x63, 0x68, 0x61, 0x72, 0x74, 0x20, 0x63, 0x6f, 0x6d, 0x70, 0x6f, 0x6e
  .byte 0x65, 0x6e, 0x74, 0x73, 0x20, 0x20, 0xe2, 0x94, 0x82, 0x20, 0x20, 0x20, 0x20, 0x20, 0x20, 0x20
  .byte 0x20, 0xe2, 0x94, 0x82, 0x20, 0x20, 0xe2, 0x80, 0xa2, 0x20, 0x43, 0x4f, 0x52, 0x53, 0x20, 0x65
  .byte 0x6e, 0x61, 0x62, 0x6c, 0x65, 0x64, 0x20, 0x20, 0x20, 0x20, 0x20, 0x20, 0x20, 0x20, 0x20, 0x20
  .byte 0xe2, 0x94, 0x82, 0x0a, 0xe2, 0x94, 0x94, 0xe2, 0x94, 0x80, 0xe2, 0x94, 0x80, 0xe2, 0x94, 0x80
  .byte 0xe2, 0x94, 0x80, 0xe2, 0x94, 0x80, 0xe2, 0x94, 0x80, 0xe2, 0x94, 0x80, 0xe2, 0x94, 0x80, 0xe2
  .byte 0x94, 0x80, 0xe2, 0x94, 0x80, 0xe2, 0x94, 0x80, 0xe2, 0x94, 0x80, 0xe2, 0x94, 0x80, 0xe2, 0x94
  .byte 0x80, 0xe2, 0x94, 0x80, 0xe2, 0x94, 0x80, 0xe2, 0x94, 0x80, 0xe2, 0x94, 0x80, 0xe2, 0x94, 0x80
  .byte 0xe2, 0x94, 0x80, 0xe2, 0x94, 0x80, 0xe2, 0x94, 0x80, 0xe2, 0x94, 0x80, 0xe2, 0x94, 0x80, 0xe2
  .byte 0x94, 0x80, 0xe2, 0x94, 0x80, 0xe2, 0x94, 0x80, 0xe2, 0x94, 0x80, 0xe2, 0x94, 0x80, 0xe2, 0x94
  .byte 0x98, 0x20, 0x20, 0x20, 0x20, 0x20, 0x20, 0x20, 0x20, 0xe2, 0x94, 0x94, 0xe2, 0x94, 0x80, 0xe2
  .byte 0x94, 0x80, 0xe2, 0x94, 0x80, 0xe2, 0x94, 0x80, 0xe2, 0x94, 0x80, 0xe2, 0x94, 0x80, 0xe2, 0x94
  .byte 0x80, 0xe2, 0x94, 0x80, 0xe2, 0x94, 0x80, 0xe2, 0x94, 0x80, 0xe2, 0x94, 0x80, 0xe2, 0x94, 0x80
  .byte 0xe2, 0x94, 0x80, 0xe2, 0x94, 0x80, 0xe2, 0x94, 0x80, 0xe2, 0x94, 0x80, 0xe2, 0x94, 0x80, 0xe2
  .byte 0x94, 0x80, 0xe2, 0x94, 0x80, 0xe2, 0x94, 0x80, 0xe2, 0x94, 0x80, 0xe2, 0x94, 0x80, 0xe2, 0x94
  .byte 0x80, 0xe2, 0x94, 0x80, 0xe2, 0x94, 0x80, 0xe2, 0x94, 0x80, 0xe2, 0x94, 0x98, 0x0a, 0x60, 0x60
  .byte 0x60, 0x0a, 0x0a, 0x23, 0x23, 0x20, 0x50, 0x72, 0x6f, 0x6a, 0x65, 0x63, 0x74, 0x20, 0x53, 0x74
  .byte 0x72, 0x75, 0x63, 0x74, 0x75, 0x72, 0x65, 0x0a, 0x0a, 0x60, 0x60, 0x60, 0x0a, 0x6f, 0x70, 0x65
  .byte 0x6e, 0x75, 0x69, 0x2d, 0x72, 0x65, 0x61, 0x63, 0x74, 0x2d, 0x6e, 0x61, 0x74, 0x69, 0x76, 0x65
  .byte 0x2f, 0x0a, 0xe2, 0x94, 0x9c, 0xe2, 0x94, 0x80, 0xe2, 0x94, 0x80, 0x20, 0x70, 0x61, 0x63, 0x6b
  .byte 0x61, 0x67, 0x65, 0x2e, 0x6a, 0x73, 0x6f, 0x6e, 0x20, 0x20, 0x20, 0x20, 0x20, 0x20, 0x20, 0x20
  .byte 0x20, 0x20, 0x20, 0x20, 0x20, 0x20, 0x23, 0x20, 0x52, 0x6f, 0x6f, 0x74, 0x20, 0x77, 0x6f, 0x72
  .byte 0x6b, 0x73, 0x70, 0x61, 0x63, 0x65, 0x20, 0x73, 0x63, 0x72, 0x69, 0x70, 0x74, 0x73, 0x0a, 0xe2
  .byte 0x94, 0x94, 0xe2, 0x94, 0x80, 0xe2, 0x94, 0x80, 0x20, 0x62, 0x61, 0x63, 0x6b, 0x65, 0x6e, 0x64
  .byte 0x2f, 0x20, 0x20, 0x20, 0x20, 0x20, 0x20, 0x20, 0x20, 0x20, 0x20, 0x20, 0x20, 0x20, 0x20, 0x20
  .byte 0x20, 0x20, 0x20, 0x23, 0x20, 0x4e, 0x65, 0x78, 0x74, 0x2e, 0x6a, 0x73, 0x20, 0x41, 0x50, 0x49
  .byte 0x20, 0x73, 0x65, 0x72, 0x76, 0x65, 0x72, 0x0a, 0x20, 0x20, 0x20, 0x20, 0xe2, 0x94, 0x9c, 0xe2
  .byte 0x94, 0x80, 0xe2, 0x94, 0x80, 0x20, 0x73, 0x72, 0x63, 0x2f, 0x0a, 0x20, 0x20, 0x20, 0x20, 0xe2
  .byte 0x94, 0x82, 0x20, 0x20, 0x20, 0xe2, 0x94, 0x9c, 0xe2, 0x94, 0x80, 0xe2, 0x94, 0x80, 0x20, 0x6c
  .byte 0x69, 0x62, 0x72, 0x61, 0x72, 0x79, 0x2e, 0x74, 0x73, 0x20, 0x20, 0x20, 0x20, 0x20, 0x20, 0x20
  .byte 0x20, 0x23, 0x20, 0x43, 0x6f, 0x6d, 0x70, 0x6f, 0x6e, 0x65, 0x6e, 0x74, 0x20, 0x6c, 0x69, 0x62
  .byte 0x72, 0x61, 0x72, 0x79, 0x20, 0x64, 0x65, 0x66, 0x69, 0x6e, 0x69, 0x74, 0x69, 0x6f, 0x6e, 0x20
  .byte 0x28, 0x4e, 0x6f, 0x64, 0x65, 0x2d, 0x63, 0x6f, 0x6d, 0x70, 0x61, 0x74, 0x69, 0x62, 0x6c, 0x65
  .byte 0x29, 0x0a, 0x20, 0x20, 0x20, 0x20, 0xe2, 0x94, 0x82, 0x20, 0x20, 0x20, 0xe2, 0x94, 0x9c, 0xe2
  .byte 0x94, 0x80, 0xe2, 0x94, 0x80, 0x20, 0x73, 0x79, 0x73, 0x74, 0x65, 0x6d, 0x2d, 0x70, 0x72, 0x6f
  .byte 0x6d, 0x70, 0x74, 0x2e, 0x74, 0x78, 0x74, 0x20, 0x23, 0x20, 0x41, 0x75, 0x74, 0x6f, 0x2d, 0x67
  .byte 0x65, 0x6e, 0x65, 0x72, 0x61, 0x74, 0x65, 0x64, 0x20, 0x66, 0x72, 0x6f, 0x6d, 0x20, 0x6c, 0x69
  .byte 0x62, 0x72, 0x61, 0x72, 0x79, 0x2e, 0x74, 0x73, 0x0a, 0x20, 0x20, 0x20, 0x20, 0xe2, 0x94, 0x82
  .byte 0x20, 0x20, 0x20, 0xe2, 0x94, 0x94, 0xe2, 0x94, 0x80, 0xe2, 0x94, 0x80, 0x20, 0x61, 0x70, 0x70
  .byte 0x2f, 0x61, 0x70, 0x69, 0x2f, 0x63, 0x68, 0x61, 0x74, 0x2f, 0x0a, 0x20, 0x20, 0x20, 0x20, 0xe2
  .byte 0x94, 0x82, 0x20, 0x20, 0x20, 0x20, 0x20, 0x20, 0x20, 0xe2, 0x94, 0x94, 0xe2, 0x94, 0x80, 0xe2
  .byte 0x94, 0x80, 0x20, 0x72, 0x6f, 0x75, 0x74, 0x65, 0x2e, 0x74, 0x73, 0x20, 0x20, 0x20, 0x20, 0x20
  .byte 0x20, 0x23, 0x20, 0x53, 0x74, 0x72, 0x65, 0x61, 0x6d, 0x69, 0x6e, 0x67, 0x20, 0x63, 0x68, 0x61
  .byte 0x74, 0x20, 0x65, 0x6e, 0x64, 0x70, 0x6f, 0x69, 0x6e, 0x74, 0x0a, 0x20, 0x20, 0x20, 0x20, 0xe2
  .byte 0x94, 0x94, 0xe2, 0x94, 0x80, 0xe2, 0x94, 0x80, 0x20, 0x65, 0x6e, 0x76, 0x2e, 0x65, 0x78, 0x61
  .byte 0x6d, 0x70, 0x6c, 0x65, 0x0a, 0x60, 0x60, 0x60, 0x0a, 0x0a, 0x3e, 0x20, 0x54, 0x68, 0x65, 0x20
  .byte 0x52, 0x65, 0x61, 0x63, 0x74, 0x20, 0x4e, 0x61, 0x74, 0x69, 0x76, 0x65, 0x20, 0x61, 0x70, 0x70
  .byte 0x20, 0x6c, 0x69, 0x76, 0x65, 0x73, 0x20, 0x69, 0x6e, 0x20, 0x61, 0x20, 0x73, 0x69, 0x62, 0x6c
  .byte 0x69, 0x6e, 0x67, 0x20, 0x60, 0x72, 0x65, 0x61, 0x63, 0x74, 0x2d, 0x6e, 0x61, 0x74, 0x69, 0x76
  .byte 0x65, 0x2d, 0x6f, 0x70, 0x65, 0x6e, 0x75, 0x69, 0x2f, 0x60, 0x20, 0x64, 0x69, 0x72, 0x65, 0x63
  .byte 0x74, 0x6f, 0x72, 0x79, 0x20, 0x28, 0x6e, 0x6f, 0x74, 0x20, 0x63, 0x68, 0x65, 0x63, 0x6b, 0x65
  .byte 0x64, 0x20, 0x69, 0x6e, 0x20, 0x68, 0x65, 0x72, 0x65, 0x29, 0x2e, 0x20, 0x54, 0x68, 0x65, 0x20
  .byte 0x72, 0x6f, 0x6f, 0x74, 0x20, 0x60, 0x70, 0x61, 0x63, 0x6b, 0x61, 0x67, 0x65, 0x2e, 0x6a, 0x73
  .byte 0x6f, 0x6e, 0x60, 0x20, 0x77, 0x69, 0x72, 0x65, 0x73, 0x20, 0x62, 0x6f, 0x74, 0x68, 0x20, 0x74
  .byte 0x6f, 0x67, 0x65, 0x74, 0x68, 0x65, 0x72, 0x20, 0x61, 0x73, 0x20, 0x61, 0x20, 0x70, 0x6e, 0x70
  .byte 0x6d, 0x20, 0x77, 0x6f, 0x72, 0x6b, 0x73, 0x70, 0x61, 0x63, 0x65, 0x2e, 0x0a, 0x0a, 0x23, 0x23
  .byte 0x20, 0x47, 0x65, 0x74, 0x74, 0x69, 0x6e, 0x67, 0x20, 0x53, 0x74, 0x61, 0x72, 0x74, 0x65, 0x64
  .byte 0x0a, 0x0a, 0x23, 0x23, 0x23, 0x20, 0x50, 0x72, 0x65, 0x72, 0x65, 0x71, 0x75, 0x69, 0x73, 0x69
  .byte 0x74, 0x65, 0x73, 0x0a, 0x0a, 0x2d, 0x20, 0x4e, 0x6f, 0x64, 0x65, 0x2e, 0x6a, 0x73, 0x20, 0x31
  .byte 0x38, 0x2b, 0x0a, 0x2d, 0x20, 0x70, 0x6e, 0x70, 0x6d, 0x0a, 0x2d, 0x20, 0x41, 0x6e, 0x20, 0x4f
  .byte 0x70, 0x65, 0x6e, 0x41, 0x49, 0x20, 0x41, 0x50, 0x49, 0x20, 0x6b, 0x65, 0x79, 0x0a, 0x0a, 0x23
  .byte 0x23, 0x23, 0x20, 0x31, 0x2e, 0x20, 0x49, 0x6e, 0x73, 0x74, 0x61, 0x6c, 0x6c, 0x20, 0x64, 0x65
  .byte 0x70, 0x65, 0x6e, 0x64, 0x65, 0x6e, 0x63, 0x69, 0x65, 0x73, 0x0a, 0x0a, 0x60, 0x60, 0x60, 0x62
  .byte 0x61, 0x73, 0x68, 0x0a, 0x70, 0x6e, 0x70, 0x6d, 0x20, 0x69, 0x6e, 0x73, 0x74, 0x61, 0x6c, 0x6c
  .byte 0x0a, 0x60, 0x60, 0x60, 0x0a, 0x0a, 0x23, 0x23, 0x23, 0x20, 0x32, 0x2e, 0x20, 0x43, 0x6f, 0x6e
  .byte 0x66, 0x69, 0x67, 0x75, 0x72, 0x65, 0x20, 0x74, 0x68, 0x65, 0x20, 0x62, 0x61, 0x63, 0x6b, 0x65
  .byte 0x6e, 0x64, 0x0a, 0x0a, 0x60, 0x60, 0x60, 0x62, 0x61, 0x73, 0x68, 0x0a, 0x63, 0x70, 0x20, 0x62
  .byte 0x61, 0x63, 0x6b, 0x65, 0x6e, 0x64, 0x2f, 0x65, 0x6e, 0x76, 0x2e, 0x65, 0x78, 0x61, 0x6d, 0x70
  .byte 0x6c, 0x65, 0x20, 0x62, 0x61, 0x63, 0x6b, 0x65, 0x6e, 0x64, 0x2f, 0x2e, 0x65, 0x6e, 0x76, 0x2e
  .byte 0x6c, 0x6f, 0x63, 0x61, 0x6c, 0x0a, 0x60, 0x60, 0x60, 0x0a, 0x0a, 0x41, 0x64, 0x64, 0x20, 0x79
  .byte 0x6f, 0x75, 0x72, 0x20, 0x6b, 0x65, 0x79, 0x20, 0x74, 0x6f, 0x20, 0x60, 0x62, 0x61, 0x63, 0x6b
  .byte 0x65, 0x6e, 0x64, 0x2f, 0x2e, 0x65, 0x6e, 0x76, 0x2e, 0x6c, 0x6f, 0x63, 0x61, 0x6c, 0x60, 0x3a
  .byte 0x0a, 0x0a, 0x60, 0x60, 0x60, 0x0a, 0x4f, 0x50, 0x45, 0x4e, 0x41, 0x49, 0x5f, 0x41, 0x50, 0x49
  .byte 0x5f, 0x4b, 0x45, 0x59, 0x3d, 0x73, 0x6b, 0x2d, 0x2e, 0x2e, 0x2e, 0x0a, 0x60, 0x60, 0x60, 0x0a
  .byte 0x0a, 0x23, 0x23, 0x23, 0x20, 0x33, 0x2e, 0x20, 0x47, 0x65, 0x6e, 0x65, 0x72, 0x61, 0x74, 0x65
  .byte 0x20, 0x74, 0x68, 0x65, 0x20, 0x73, 0x79, 0x73, 0x74, 0x65, 0x6d, 0x20, 0x70, 0x72, 0x6f, 0x6d
  .byte 0x70, 0x74, 0x0a, 0x0a, 0x54, 0x68, 0x65, 0x20, 0x5b, 0x50, 0x72, 0x6f, 0x6d, 0x70, 0x74, 0x20
  .byte 0x47, 0x65, 0x6e, 0x65, 0x72, 0x61, 0x74, 0x6f, 0x72, 0x5d, 0x28, 0x68, 0x74, 0x74, 0x70, 0x73
  .byte 0x3a, 0x2f, 0x2f, 0x77, 0x77, 0x77, 0x2e, 0x6f, 0x70, 0x65, 0x6e, 0x75, 0x69, 0x2e, 0x63, 0x6f
  .byte 0x6d, 0x2f, 0x64, 0x6f, 0x63, 0x73, 0x2f, 0x6f, 0x70, 0x65, 0x6e, 0x75, 0x69, 0x2d, 0x6c, 0x61
  .byte 0x6e, 0x67, 0x2f, 0x6f, 0x76, 0x65, 0x72, 0x76, 0x69, 0x65, 0x77, 0x29, 0x20, 0x63, 0x6f, 0x6d
  .byte 0x70, 0x69, 0x6c, 0x65, 0x73, 0x20, 0x60, 0x6c, 0x69, 0x62, 0x72, 0x61, 0x72, 0x79, 0x2e, 0x74
  .byte 0x73, 0x60, 0x20, 0x69, 0x6e, 0x74, 0x6f, 0x20, 0x60, 0x73, 0x79, 0x73, 0x74, 0x65, 0x6d, 0x2d
  .byte 0x70, 0x72, 0x6f, 0x6d, 0x70, 0x74, 0x2e, 0x74, 0x78, 0x74, 0x60, 0x20, 0xe2, 0x80, 0x94, 0x20
  .byte 0x63, 0x6f, 0x6e, 0x74, 0x61, 0x69, 0x6e, 0x69, 0x6e, 0x67, 0x20, 0x63, 0x6f, 0x6d, 0x70, 0x6f
  .byte 0x6e, 0x65, 0x6e, 0x74, 0x20, 0x73, 0x69, 0x67, 0x6e, 0x61, 0x74, 0x75, 0x72, 0x65, 0x73, 0x2c
  .byte 0x20, 0x73, 0x79, 0x6e, 0x74, 0x61, 0x78, 0x20, 0x72, 0x75, 0x6c, 0x65, 0x73, 0x2c, 0x20, 0x61
  .byte 0x6e, 0x64, 0x20, 0x73, 0x74, 0x72, 0x65, 0x61, 0x6d, 0x69, 0x6e, 0x67, 0x20, 0x67, 0x75, 0x69
  .byte 0x64, 0x65, 0x6c, 0x69, 0x6e, 0x65, 0x73, 0x20, 0x66, 0x6f, 0x72, 0x20, 0x74, 0x68, 0x65, 0x20
  .byte 0x4c, 0x4c, 0x4d, 0x3a, 0x0a, 0x0a, 0x60, 0x60, 0x60, 0x62, 0x61, 0x73, 0x68, 0x0a, 0x70, 0x6e
  .byte 0x70, 0x6d, 0x20, 0x67, 0x65, 0x6e, 0x65, 0x72, 0x61, 0x74, 0x65, 0x3a, 0x70, 0x72, 0x6f, 0x6d
  .byte 0x70, 0x74, 0x0a, 0x60, 0x60, 0x60, 0x0a, 0x0a, 0x23, 0x23, 0x23, 0x20, 0x34, 0x2e, 0x20, 0x53
  .byte 0x74, 0x61, 0x72, 0x74, 0x20, 0x74, 0x68, 0x65, 0x20, 0x62, 0x61, 0x63, 0x6b, 0x65, 0x6e, 0x64
  .byte 0x0a, 0x0a, 0x60, 0x60, 0x60, 0x62, 0x61, 0x73, 0x68, 0x0a, 0x70, 0x6e, 0x70, 0x6d, 0x20, 0x64
  .byte 0x65, 0x76, 0x3a, 0x62, 0x61, 0x63, 0x6b, 0x65, 0x6e, 0x64, 0x0a, 0x60, 0x60, 0x60, 0x0a, 0x0a
  .byte 0x54, 0x68, 0x65, 0x20, 0x41, 0x50, 0x49, 0x20, 0x77, 0x69, 0x6c, 0x6c, 0x20, 0x62, 0x65, 0x20
  .byte 0x61, 0x76, 0x61, 0x69, 0x6c, 0x61, 0x62, 0x6c, 0x65, 0x20, 0x61, 0x74, 0x20, 0x60, 0x68, 0x74
  .byte 0x74, 0x70, 0x3a, 0x2f, 0x2f, 0x6c, 0x6f, 0x63, 0x61, 0x6c, 0x68, 0x6f, 0x73, 0x74, 0x3a, 0x33
  .byte 0x30, 0x30, 0x30, 0x60, 0x2e, 0x0a, 0x0a, 0x23, 0x23, 0x23, 0x20, 0x35, 0x2e, 0x20, 0x53, 0x74
  .byte 0x61, 0x72, 0x74, 0x20, 0x74, 0x68, 0x65, 0x20, 0x6d, 0x6f, 0x62, 0x69, 0x6c, 0x65, 0x20, 0x61
  .byte 0x70, 0x70, 0x0a, 0x0a, 0x60, 0x60, 0x60, 0x62, 0x61, 0x73, 0x68, 0x0a, 0x70, 0x6e, 0x70, 0x6d
  .byte 0x20, 0x64, 0x65, 0x76, 0x3a, 0x6d, 0x6f, 0x62, 0x69, 0x6c, 0x65, 0x0a, 0x60, 0x60, 0x60, 0x0a
  .byte 0x0a, 0x23, 0x23, 0x20, 0x57, 0x68, 0x61, 0x74, 0x27, 0x73, 0x20, 0x69, 0x6e, 0x20, 0x54, 0x68
  .byte 0x69, 0x73, 0x20, 0x45, 0x78, 0x61, 0x6d, 0x70, 0x6c, 0x65, 0x0a, 0x0a, 0x23, 0x23, 0x23, 0x20
  .byte 0x60, 0x62, 0x61, 0x63, 0x6b, 0x65, 0x6e, 0x64, 0x2f, 0x73, 0x72, 0x63, 0x2f, 0x6c, 0x69, 0x62
  .byte 0x72, 0x61, 0x72, 0x79, 0x2e, 0x74, 0x73, 0x60, 0x0a, 0x0a, 0x44, 0x65, 0x66, 0x69, 0x6e, 0x65
  .byte 0x73, 0x20, 0x74, 0x68, 0x65, 0x20, 0x63, 0x75, 0x73, 0x74, 0x6f, 0x6d, 0x20, 0x63, 0x6f, 0x6d
  .byte 0x70, 0x6f, 0x6e, 0x65, 0x6e, 0x74, 0x20, 0x6c, 0x69, 0x62, 0x72, 0x61, 0x72, 0x79, 0x20, 0x75
  .byte 0x73, 0x69, 0x6e, 0x67, 0x20, 0x5b, 0x60, 0x64, 0x65, 0x66, 0x69, 0x6e, 0x65, 0x43, 0x6f, 0x6d
  .byte 0x70, 0x6f, 0x6e, 0x65, 0x6e, 0x74, 0x60, 0x5d, 0x28, 0x68, 0x74, 0x74, 0x70, 0x73, 0x3a, 0x2f
  .byte 0x2f, 0x77, 0x77, 0x77, 0x2e, 0x6f, 0x70, 0x65, 0x6e, 0x75, 0x69, 0x2e, 0x63, 0x6f, 0x6d, 0x2f
  .byte 0x64, 0x6f, 0x63, 0x73, 0x2f, 0x6f, 0x70, 0x65, 0x6e, 0x75, 0x69, 0x2d, 0x6c, 0x61, 0x6e, 0x67
  .byte 0x2f, 0x6f, 0x76, 0x65, 0x72, 0x76, 0x69, 0x65, 0x77, 0x29, 0x20, 0x61, 0x6e, 0x64, 0x20, 0x60
  .byte 0x63, 0x72, 0x65, 0x61, 0x74, 0x65, 0x4c, 0x69, 0x62, 0x72, 0x61, 0x72, 0x79, 0x60, 0x2e, 0x20
  .byte 0x54, 0x68, 0x69, 0x73, 0x20, 0x69, 0x73, 0x20, 0x61, 0x20, 0x2a, 0x2a, 0x4e, 0x6f, 0x64, 0x65
  .byte 0x2d, 0x63, 0x6f, 0x6d, 0x70, 0x61, 0x74, 0x69, 0x62, 0x6c, 0x65, 0x2a, 0x2a, 0x20, 0x76, 0x65
  .byte 0x72, 0x73, 0x69, 0x6f, 0x6e, 0x20, 0x28, 0x72, 0x65, 0x6e, 0x64, 0x65, 0x72, 0x65, 0x72, 0x73
  .byte 0x20, 0x73, 0x65, 0x74, 0x20, 0x74, 0x6f, 0x20, 0x60, 0x6e, 0x75, 0x6c, 0x6c, 0x60, 0x29, 0x20
  .byte 0x75, 0x73, 0x65, 0x64, 0x20, 0x6f, 0x6e, 0x6c, 0x79, 0x20, 0x62, 0x79, 0x20, 0x74, 0x68, 0x65
  .byte 0x20, 0x43, 0x4c, 0x49, 0x20, 0x74, 0x6f, 0x20, 0x67, 0x65, 0x6e, 0x65, 0x72, 0x61, 0x74, 0x65
  .byte 0x20, 0x74, 0x68, 0x65, 0x20, 0x73, 0x79, 0x73, 0x74, 0x65, 0x6d, 0x20, 0x70, 0x72, 0x6f, 0x6d
  .byte 0x70, 0x74, 0x20, 0xe2, 0x80, 0x94, 0x20, 0x74, 0x68, 0x65, 0x20, 0x62, 0x61, 0x63, 0x6b, 0x65
  .byte 0x6e, 0x64, 0x20, 0x6e, 0x65, 0x76, 0x65, 0x72, 0x20, 0x72, 0x65, 0x6e, 0x64, 0x65, 0x72, 0x73
  .byte 0x20, 0x63, 0x6f, 0x6d, 0x70, 0x6f, 0x6e, 0x65, 0x6e, 0x74, 0x73, 0x20, 0x69, 0x74, 0x73, 0x65
  .byte 0x6c, 0x66, 0x2e, 0x0a, 0x0a, 0x54, 0x68, 0x65, 0x20, 0x6c, 0x69, 0x62, 0x72, 0x61, 0x72, 0x79
  .byte 0x20, 0x65, 0x78, 0x70, 0x6f, 0x73, 0x65, 0x73, 0x20, 0x66, 0x69, 0x76, 0x65, 0x20, 0x63, 0x6f
  .byte 0x6d, 0x70, 0x6f, 0x6e, 0x65, 0x6e, 0x74, 0x73, 0x3a, 0x0a, 0x0a, 0x7c, 0x20, 0x43, 0x6f, 0x6d
  .byte 0x70, 0x6f, 0x6e, 0x65, 0x6e, 0x74, 0x20, 0x20, 0x20, 0x7c, 0x20, 0x44, 0x65, 0x73, 0x63, 0x72
  .byte 0x69, 0x70, 0x74, 0x69, 0x6f, 0x6e, 0x20, 0x20, 0x20, 0x20, 0x20, 0x20, 0x20, 0x20, 0x20, 0x20
  .byte 0x20, 0x20, 0x20, 0x20, 0x20, 0x20, 0x20, 0x20, 0x20, 0x20, 0x20, 0x20, 0x20, 0x20, 0x20, 0x20
  .byte 0x20, 0x20, 0x20, 0x20, 0x20, 0x20, 0x20, 0x20, 0x20, 0x20, 0x20, 0x20, 0x20, 0x20, 0x20, 0x20
  .byte 0x20, 0x20, 0x20, 0x20, 0x20, 0x20, 0x7c, 0x0a, 0x7c, 0x20, 0x2d, 0x2d, 0x2d, 0x2d, 0x2d, 0x2d
  .byte 0x2d, 0x2d, 0x2d, 0x2d, 0x2d, 0x20, 0x7c, 0x20, 0x2d, 0x2d, 0x2d, 0x2d, 0x2d, 0x2d, 0x2d, 0x2d
  .byte 0x2d, 0x2d, 0x2d, 0x2d, 0x2d, 0x2d, 0x2d, 0x2d, 0x2d, 0x2d, 0x2d, 0x2d, 0x2d, 0x2d, 0x2d, 0x2d
  .byte 0x2d, 0x2d, 0x2d, 0x2d, 0x2d, 0x2d, 0x2d, 0x2d, 0x2d, 0x2d, 0x2d, 0x2d, 0x2d, 0x2d, 0x2d, 0x2d
  .byte 0x2d, 0x2d, 0x2d, 0x2d, 0x2d, 0x2d, 0x2d, 0x2d, 0x2d, 0x2d, 0x2d, 0x2d, 0x2d, 0x2d, 0x2d, 0x2d
  .byte 0x2d, 0x2d, 0x20, 0x7c, 0x0a, 0x7c, 0x20, 0x60, 0x43, 0x61, 0x72, 0x64, 0x60, 0x20, 0x20, 0x20
  .byte 0x20, 0x20, 0x20, 0x7c, 0x20, 0x52, 0x6f, 0x6f, 0x74, 0x20, 0x63, 0x6f, 0x6e, 0x74, 0x61, 0x69
  .byte 0x6e, 0x65, 0x72, 0x20, 0xe2, 0x80, 0x94, 0x20, 0x65, 0x76, 0x65, 0x72, 0x79, 0x20, 0x72, 0x65
  .byte 0x73, 0x70, 0x6f, 0x6e, 0x73, 0x65, 0x20, 0x69, 0x73, 0x20, 0x77, 0x72, 0x61, 0x70, 0x70, 0x65
  .byte 0x64, 0x20, 0x69, 0x6e, 0x20, 0x6f, 0x6e, 0x65, 0x20, 0x20, 0x20, 0x20, 0x20, 0x20, 0x20, 0x20
  .byte 0x20, 0x20, 0x7c, 0x0a, 0x7c, 0x20, 0x60, 0x54, 0x65, 0x78, 0x74, 0x60, 0x20, 0x20, 0x20, 0x20
  .byte 0x20, 0x20, 0x7c, 0x20, 0x54, 0x65, 0x78, 0x74, 0x20, 0x77, 0x69, 0x74, 0x68, 0x20, 0x6f, 0x70
  .byte 0x74, 0x69, 0x6f, 0x6e, 0x61, 0x6c, 0x20, 0x60, 0x68, 0x65, 0x61, 0x64, 0x69, 0x6e, 0x67, 0x60
  .byte 0x2c, 0x20, 0x60, 0x62, 0x6f, 0x64, 0x79, 0x60, 0x2c, 0x20, 0x6f, 0x72, 0x20, 0x60, 0x63, 0x61
  .byte 0x70, 0x74, 0x69, 0x6f, 0x6e, 0x60, 0x20, 0x76, 0x61, 0x72, 0x69, 0x61, 0x6e, 0x74, 0x20, 0x7c
  .byte 0x0a, 0x7c, 0x20, 0x60, 0x42, 0x61, 0x72, 0x43, 0x68, 0x61, 0x72, 0x74, 0x60, 0x20, 0x20, 0x7c
  .byte 0x20, 0x56, 0x65, 0x72, 0x74, 0x69, 0x63, 0x61, 0x6c, 0x20, 0x62, 0x61, 0x72, 0x20, 0x63, 0x68
  .byte 0x61, 0x72, 0x74, 0x20, 0x66, 0x6f, 0x72, 0x20, 0x63, 0x6f, 0x6d, 0x70, 0x61, 0x72, 0x69, 0x6e
  .byte 0x67, 0x20, 0x64, 0x69, 0x73, 0x63, 0x72, 0x65, 0x74, 0x65, 0x20, 0x63, 0x61, 0x74, 0x65, 0x67
  .byte 0x6f, 0x72, 0x69, 0x65, 0x73, 0x20, 0x20, 0x20, 0x20, 0x20, 0x20, 0x20, 0x7c, 0x0a, 0x7c, 0x20
  .byte 0x60, 0x4c, 0x69, 0x6e, 0x65, 0x43, 0x68, 0x61, 0x72, 0x74, 0x60, 0x20, 0x7c, 0x20, 0x4c, 0x69
  .byte 0x6e, 0x65, 0x20, 0x63, 0x68, 0x61, 0x72, 0x74, 0x20, 0x66, 0x6f, 0x72, 0x20, 0x74, 0x72, 0x65
  .byte 0x6e, 0x64, 0x73, 0x20, 0x6f, 0x76, 0x65, 0x72, 0x20, 0x74, 0x69, 0x6d, 0x65, 0x20, 0x20, 0x20
  .byte 0x20, 0x20, 0x20, 0x20, 0x20, 0x20, 0x20, 0x20, 0x20, 0x20, 0x20, 0x20, 0x20, 0x20, 0x20, 0x20
  .byte 0x20, 0x20, 0x20, 0x20, 0x20, 0x20, 0x20, 0x20, 0x20, 0x7c, 0x0a, 0x7c, 0x20, 0x60, 0x50, 0x69
  .byte 0x65, 0x43, 0x68, 0x61, 0x72, 0x74, 0x60, 0x20, 0x20, 0x7c, 0x20, 0x50, 0x69, 0x65, 0x20, 0x63
  .byte 0x68, 0x61, 0x72, 0x74, 0x20, 0x66, 0x6f, 0x72, 0x20, 0x70, 0x61, 0x72, 0x74, 0x2d, 0x74, 0x6f
  .byte 0x2d, 0x77, 0x68, 0x6f, 0x6c, 0x65, 0x20, 0x70, 0x72, 0x6f, 0x70, 0x6f, 0x72, 0x74, 0x69, 0x6f
  .byte 0x6e, 0x73, 0x20, 0x20, 0x20, 0x20, 0x20, 0x20, 0x20, 0x20, 0x20, 0x20, 0x20, 0x20, 0x20, 0x20
  .byte 0x20, 0x20, 0x20, 0x20, 0x20, 0x20, 0x7c, 0x0a, 0x0a, 0x23, 0x23, 0x23, 0x20, 0x60, 0x62, 0x61
  .byte 0x63, 0x6b, 0x65, 0x6e, 0x64, 0x2f, 0x73, 0x72, 0x63, 0x2f, 0x61, 0x70, 0x70, 0x2f, 0x61, 0x70
  .byte 0x69, 0x2f, 0x63, 0x68, 0x61, 0x74, 0x2f, 0x72, 0x6f, 0x75, 0x74, 0x65, 0x2e, 0x74, 0x73, 0x60
  .byte 0x0a, 0x0a, 0x41, 0x20, 0x4e, 0x65, 0x78, 0x74, 0x2e, 0x6a, 0x73, 0x20, 0x52, 0x6f, 0x75, 0x74
  .byte 0x65, 0x20, 0x48, 0x61, 0x6e, 0x64, 0x6c, 0x65, 0x72, 0x20, 0x74, 0x68, 0x61, 0x74, 0x3a, 0x0a
  .byte 0x0a, 0x31, 0x2e, 0x20, 0x4c, 0x6f, 0x61, 0x64, 0x73, 0x20, 0x60, 0x73, 0x79, 0x73, 0x74, 0x65
  .byte 0x6d, 0x2d, 0x70, 0x72, 0x6f, 0x6d, 0x70, 0x74, 0x2e, 0x74, 0x78, 0x74, 0x60, 0x20, 0x61, 0x74
  .byte 0x20, 0x73, 0x74, 0x61, 0x72, 0x74, 0x75, 0x70, 0x0a, 0x32, 0x2e, 0x20, 0x46, 0x6f, 0x72, 0x77
  .byte 0x61, 0x72, 0x64, 0x73, 0x20, 0x74, 0x68, 0x65, 0x20, 0x63, 0x6f, 0x6e, 0x76, 0x65, 0x72, 0x73
  .byte 0x61, 0x74, 0x69, 0x6f, 0x6e, 0x20, 0x74, 0x6f, 0x20, 0x74, 0x68, 0x65, 0x20, 0x4f, 0x70, 0x65
  .byte 0x6e, 0x41, 0x49, 0x20, 0x73, 0x74, 0x72, 0x65, 0x61, 0x6d, 0x69, 0x6e, 0x67, 0x20, 0x41, 0x50
  .byte 0x49, 0x0a, 0x33, 0x2e, 0x20, 0x52, 0x65, 0x74, 0x75, 0x72, 0x6e, 0x73, 0x20, 0x72, 0x61, 0x77
  .byte 0x20, 0x60, 0x74, 0x65, 0x78, 0x74, 0x2f, 0x70, 0x6c, 0x61, 0x69, 0x6e, 0x60, 0x20, 0x63, 0x68
  .byte 0x75, 0x6e, 0x6b, 0x73, 0x20, 0xe2, 0x80, 0x94, 0x20, 0x69, 0x6e, 0x74, 0x65, 0x6e, 0x74, 0x69
  .byte 0x6f, 0x6e, 0x61, 0x6c, 0x6c, 0x79, 0x20, 0x73, 0x69, 0x6d, 0x70, 0x6c, 0x65, 0x72, 0x20, 0x74
  .byte 0x68, 0x61, 0x6e, 0x20, 0x53, 0x53, 0x45, 0x20, 0x73, 0x6f, 0x20, 0x52, 0x65, 0x61, 0x63, 0x74
  .byte 0x20, 0x4e, 0x61, 0x74, 0x69, 0x76, 0x65, 0x20, 0x63, 0x61, 0x6e, 0x20, 0x63, 0x6f, 0x6e, 0x73
  .byte 0x75, 0x6d, 0x65, 0x20, 0x74, 0x68, 0x65, 0x20, 0x73, 0x74, 0x72, 0x65, 0x61, 0x6d, 0x20, 0x64
  .byte 0x69, 0x72, 0x65, 0x63, 0x74, 0x6c, 0x79, 0x20, 0x77, 0x69, 0x74, 0x68, 0x6f, 0x75, 0x74, 0x20
  .byte 0x61, 0x20, 0x62, 0x72, 0x6f, 0x77, 0x73, 0x65, 0x72, 0x20, 0x60, 0x45, 0x76, 0x65, 0x6e, 0x74
  .byte 0x53, 0x6f, 0x75, 0x72, 0x63, 0x65, 0x60, 0x0a, 0x0a, 0x23, 0x23, 0x23, 0x20, 0x52, 0x65, 0x61
  .byte 0x63, 0x74, 0x20, 0x4e, 0x61, 0x74, 0x69, 0x76, 0x65, 0x20, 0x61, 0x70, 0x70, 0x20, 0x28, 0x60
  .byte 0x72, 0x65, 0x61, 0x63, 0x74, 0x2d, 0x6e, 0x61, 0x74, 0x69, 0x76, 0x65, 0x2d, 0x6f, 0x70, 0x65
  .byte 0x6e, 0x75, 0x69, 0x2f, 0x60, 0x29, 0x0a, 0x0a, 0x55, 0x73, 0x65, 0x73, 0x20, 0x74, 0x68, 0x65
  .byte 0x20, 0x5b, 0x60, 0x3c, 0x52, 0x65, 0x6e, 0x64, 0x65, 0x72, 0x65, 0x72, 0x20, 0x2f, 0x3e, 0x60
  .byte 0x5d, 0x28, 0x68, 0x74, 0x74, 0x70, 0x73, 0x3a, 0x2f, 0x2f, 0x77, 0x77, 0x77, 0x2e, 0x6f, 0x70
  .byte 0x65, 0x6e, 0x75, 0x69, 0x2e, 0x63, 0x6f, 0x6d, 0x2f, 0x64, 0x6f, 0x63, 0x73, 0x2f, 0x6f, 0x70
  .byte 0x65, 0x6e, 0x75, 0x69, 0x2d, 0x6c, 0x61, 0x6e, 0x67, 0x2f, 0x6f, 0x76, 0x65, 0x72, 0x76, 0x69
  .byte 0x65, 0x77, 0x29, 0x20, 0x63, 0x6f, 0x6d, 0x70, 0x6f, 0x6e, 0x65, 0x6e, 0x74, 0x20, 0x66, 0x72
  .byte 0x6f, 0x6d, 0x20, 0x60, 0x40, 0x6f, 0x70, 0x65, 0x6e, 0x75, 0x69, 0x64, 0x65, 0x76, 0x2f, 0x72
  .byte 0x65, 0x61, 0x63, 0x74, 0x2d, 0x6c, 0x61, 0x6e, 0x67, 0x60, 0x20, 0x74, 0x6f, 0x20, 0x70, 0x72
  .byte 0x6f, 0x67, 0x72, 0x65, 0x73, 0x73, 0x69, 0x76, 0x65, 0x6c, 0x79, 0x20, 0x70, 0x61, 0x72, 0x73
  .byte 0x65, 0x20, 0x61, 0x6e, 0x64, 0x20, 0x72, 0x65, 0x6e, 0x64, 0x65, 0x72, 0x20, 0x74, 0x68, 0x65
  .byte 0x20, 0x73, 0x74, 0x72, 0x65, 0x61, 0x6d, 0x65, 0x64, 0x20, 0x4f, 0x70, 0x65, 0x6e, 0x55, 0x49
  .byte 0x20, 0x4c, 0x61, 0x6e, 0x67, 0x20, 0x6f, 0x75, 0x74, 0x70, 0x75, 0x74, 0x20, 0x61, 0x73, 0x20
  .byte 0x6e, 0x61, 0x74, 0x69, 0x76, 0x65, 0x20, 0x63, 0x6f, 0x6d, 0x70, 0x6f, 0x6e, 0x65, 0x6e, 0x74
  .byte 0x73, 0x2e, 0x0a, 0x0a, 0x23, 0x23, 0x20, 0x53, 0x63, 0x72, 0x69, 0x70, 0x74, 0x73, 0x0a, 0x0a
  .byte 0x7c, 0x20, 0x53, 0x63, 0x72, 0x69, 0x70, 0x74, 0x20, 0x20, 0x20, 0x20, 0x20, 0x20, 0x20, 0x20
  .byte 0x20, 0x20, 0x20, 0x20, 0x20, 0x20, 0x20, 0x20, 0x20, 0x7c, 0x20, 0x44, 0x65, 0x73, 0x63, 0x72
  .byte 0x69, 0x70, 0x74, 0x69, 0x6f, 0x6e, 0x20, 0x20, 0x20, 0x20, 0x20, 0x20, 0x20, 0x20, 0x20, 0x20
  .byte 0x20, 0x20, 0x20, 0x20, 0x20, 0x20, 0x20, 0x20, 0x20, 0x20, 0x20, 0x20, 0x20, 0x20, 0x20, 0x20
  .byte 0x20, 0x20, 0x20, 0x20, 0x20, 0x20, 0x20, 0x20, 0x20, 0x20, 0x20, 0x20, 0x7c, 0x0a, 0x7c, 0x20
  .byte 0x2d, 0x2d, 0x2d, 0x2d, 0x2d, 0x2d, 0x2d, 0x2d, 0x2d, 0x2d, 0x2d, 0x2d, 0x2d, 0x2d, 0x2d, 0x2d
  .byte 0x2d, 0x2d, 0x2d, 0x2d, 0x2d, 0x2d, 0x20, 0x7c, 0x20, 0x2d, 0x2d, 0x2d, 0x2d, 0x2d, 0x2d, 0x2d
  .byte 0x2d, 0x2d, 0x2d, 0x2d, 0x2d, 0x2d, 0x2d, 0x2d, 0x2d, 0x2d, 0x2d, 0x2d, 0x2d, 0x2d, 0x2d, 0x2d
  .byte 0x2d, 0x2d, 0x2d, 0x2d, 0x2d, 0x2d, 0x2d, 0x2d, 0x2d, 0x2d, 0x2d, 0x2d, 0x2d, 0x2d, 0x2d, 0x2d
  .byte 0x2d, 0x2d, 0x2d, 0x2d, 0x2d, 0x2d, 0x2d, 0x2d, 0x2d, 0x20, 0x7c, 0x0a, 0x7c, 0x20, 0x60, 0x70
  .byte 0x6e, 0x70, 0x6d, 0x20, 0x64, 0x65, 0x76, 0x3a, 0x62, 0x61, 0x63, 0x6b, 0x65, 0x6e, 0x64, 0x60
  .byte 0x20, 0x20, 0x20, 0x20, 0x20, 0x7c, 0x20, 0x53, 0x74, 0x61, 0x72, 0x74, 0x20, 0x74, 0x68, 0x65
  .byte 0x20, 0x4e, 0x65, 0x78, 0x74, 0x2e, 0x6a, 0x73, 0x20, 0x41, 0x50, 0x49, 0x20, 0x73, 0x65, 0x72
  .byte 0x76, 0x65, 0x72, 0x20, 0x20, 0x20, 0x20, 0x20, 0x20, 0x20, 0x20, 0x20, 0x20, 0x20, 0x20, 0x20
  .byte 0x20, 0x20, 0x20, 0x20, 0x20, 0x20, 0x20, 0x20, 0x7c, 0x0a, 0x7c, 0x20, 0x60, 0x70, 0x6e, 0x70
  .byte 0x6d, 0x20, 0x64, 0x65, 0x76, 0x3a, 0x6d, 0x6f, 0x62, 0x69, 0x6c, 0x65, 0x60, 0x20, 0x20, 0x20
  .byte 0x20, 0x20, 0x20, 0x7c, 0x20, 0x53, 0x74, 0x61, 0x72, 0x74, 0x20, 0x74, 0x68, 0x65, 0x20, 0x45
  .byte 0x78, 0x70, 0x6f, 0x20, 0x64, 0x65, 0x76, 0x20, 0x73, 0x65, 0x72, 0x76, 0x65, 0x72, 0x20, 0x20
  .byte 0x20, 0x20, 0x20, 0x20, 0x20, 0x20, 0x20, 0x20, 0x20, 0x20, 0x20, 0x20, 0x20, 0x20, 0x20, 0x20
  .byte 0x20, 0x20, 0x20, 0x20, 0x20, 0x20, 0x7c, 0x0a, 0x7c, 0x20, 0x60, 0x70, 0x6e, 0x70, 0x6d, 0x20
  .byte 0x67, 0x65, 0x6e, 0x65, 0x72, 0x61, 0x74, 0x65, 0x3a, 0x70, 0x72, 0x6f, 0x6d, 0x70, 0x74, 0x60
  .byte 0x20, 0x7c, 0x20, 0x52, 0x65, 0x67, 0x65, 0x6e, 0x65, 0x72, 0x61, 0x74, 0x65, 0x20, 0x60, 0x73
  .byte 0x79, 0x73, 0x74, 0x65, 0x6d, 0x2d, 0x70, 0x72, 0x6f, 0x6d, 0x70, 0x74, 0x2e, 0x74, 0x78, 0x74
  .byte 0x60, 0x20, 0x66, 0x72, 0x6f, 0x6d, 0x20, 0x60, 0x6c, 0x69, 0x62, 0x72, 0x61, 0x72, 0x79, 0x2e
  .byte 0x74, 0x73, 0x60, 0x20, 0x7c, 0x0a, 0x0a, 0x23, 0x23, 0x20, 0x4c, 0x65, 0x61, 0x72, 0x6e, 0x20
  .byte 0x4d, 0x6f, 0x72, 0x65, 0x0a, 0x0a, 0x2d, 0x20, 0x5b, 0x4f, 0x70, 0x65, 0x6e, 0x55, 0x49, 0x20
  .byte 0x4c, 0x61, 0x6e, 0x67, 0x20, 0x6f, 0x76, 0x65, 0x72, 0x76, 0x69, 0x65, 0x77, 0x5d, 0x28, 0x68
  .byte 0x74, 0x74, 0x70, 0x73, 0x3a, 0x2f, 0x2f, 0x77, 0x77, 0x77, 0x2e, 0x6f, 0x70, 0x65, 0x6e, 0x75
  .byte 0x69, 0x2e, 0x63, 0x6f, 0x6d, 0x2f, 0x64, 0x6f, 0x63, 0x73, 0x2f, 0x6f, 0x70, 0x65, 0x6e, 0x75
  .byte 0x69, 0x2d, 0x6c, 0x61, 0x6e, 0x67, 0x2f, 0x6f, 0x76, 0x65, 0x72, 0x76, 0x69, 0x65, 0x77, 0x29
  .byte 0x20, 0xe2, 0x80, 0x94, 0x20, 0x63, 0x6f, 0x72, 0x65, 0x20, 0x62, 0x75, 0x69, 0x6c, 0x64, 0x69
  .byte 0x6e, 0x67, 0x20, 0x62, 0x6c, 0x6f, 0x63, 0x6b, 0x73, 0x3a, 0x20, 0x4c, 0x69, 0x62, 0x72, 0x61
  .byte 0x72, 0x79, 0x2c, 0x20, 0x50, 0x72, 0x6f, 0x6d, 0x70, 0x74, 0x20, 0x47, 0x65, 0x6e, 0x65, 0x72
  .byte 0x61, 0x74, 0x6f, 0x72, 0x2c, 0x20, 0x50, 0x61, 0x72, 0x73, 0x65, 0x72, 0x2c, 0x20, 0x52, 0x65
  .byte 0x6e, 0x64, 0x65, 0x72, 0x65, 0x72, 0x0a, 0x2d, 0x20, 0x5b, 0x60, 0x40, 0x6f, 0x70, 0x65, 0x6e
  .byte 0x75, 0x69, 0x64, 0x65, 0x76, 0x2f, 0x72, 0x65, 0x61, 0x63, 0x74, 0x2d, 0x6c, 0x61, 0x6e, 0x67
  .byte 0x60, 0x20, 0x70, 0x61, 0x63, 0x6b, 0x61, 0x67, 0x65, 0x5d, 0x28, 0x2e, 0x2e, 0x2f, 0x2e, 0x2e
  .byte 0x2f, 0x70, 0x61, 0x63, 0x6b, 0x61, 0x67, 0x65, 0x73, 0x2f, 0x72, 0x65, 0x61, 0x63, 0x74, 0x2d
  .byte 0x6c, 0x61, 0x6e, 0x67, 0x29, 0x0a

  .globl openui_full_port_examples_openui_react_native_README_md_6cf101ebb750_pass_2_len
openui_full_port_examples_openui_react_native_README_md_6cf101ebb750_pass_2_len:
  .quad 4918

# assembly pass: 3/4
  .globl openui_full_port_examples_openui_react_native_README_md_6cf101ebb750_pass_3
openui_full_port_examples_openui_react_native_README_md_6cf101ebb750_pass_3:
  .byte 0x23, 0x20, 0x4f, 0x70, 0x65, 0x6e, 0x55, 0x49, 0x20, 0x52, 0x65, 0x61, 0x63, 0x74, 0x20, 0x4e
  .byte 0x61, 0x74, 0x69, 0x76, 0x65, 0x20, 0x45, 0x78, 0x61, 0x6d, 0x70, 0x6c, 0x65, 0x0a, 0x0a, 0x41
  .byte 0x20, 0x66, 0x75, 0x6c, 0x6c, 0x2d, 0x73, 0x74, 0x61, 0x63, 0x6b, 0x20, 0x65, 0x78, 0x61, 0x6d
  .byte 0x70, 0x6c, 0x65, 0x20, 0x74, 0x68, 0x61, 0x74, 0x20, 0x64, 0x65, 0x6d, 0x6f, 0x6e, 0x73, 0x74
  .byte 0x72, 0x61, 0x74, 0x65, 0x73, 0x20, 0x75, 0x73, 0x69, 0x6e, 0x67, 0x20, 0x60, 0x40, 0x6f, 0x70
  .byte 0x65, 0x6e, 0x75, 0x69, 0x64, 0x65, 0x76, 0x2f, 0x72, 0x65, 0x61, 0x63, 0x74, 0x2d, 0x6c, 0x61
  .byte 0x6e, 0x67, 0x60, 0x20, 0x69, 0x6e, 0x20, 0x61, 0x20, 0x52, 0x65, 0x61, 0x63, 0x74, 0x20, 0x4e
  .byte 0x61, 0x74, 0x69, 0x76, 0x65, 0x20, 0x28, 0x45, 0x78, 0x70, 0x6f, 0x29, 0x20, 0x61, 0x70, 0x70
  .byte 0x20, 0x77, 0x69, 0x74, 0x68, 0x20, 0x61, 0x20, 0x4e, 0x65, 0x78, 0x74, 0x2e, 0x6a, 0x73, 0x20
  .byte 0x41, 0x50, 0x49, 0x20, 0x62, 0x61, 0x63, 0x6b, 0x65, 0x6e, 0x64, 0x2e, 0x20, 0x54, 0x68, 0x65
  .byte 0x20, 0x4c, 0x4c, 0x4d, 0x20, 0x73, 0x74, 0x72, 0x65, 0x61, 0x6d, 0x73, 0x20, 0x72, 0x65, 0x73
  .byte 0x70, 0x6f, 0x6e, 0x73, 0x65, 0x73, 0x20, 0x69, 0x6e, 0x20, 0x5b, 0x4f, 0x70, 0x65, 0x6e, 0x55
  .byte 0x49, 0x20, 0x4c, 0x61, 0x6e, 0x67, 0x5d, 0x28, 0x68, 0x74, 0x74, 0x70, 0x73, 0x3a, 0x2f, 0x2f
  .byte 0x77, 0x77, 0x77, 0x2e, 0x6f, 0x70, 0x65, 0x6e, 0x75, 0x69, 0x2e, 0x63, 0x6f, 0x6d, 0x2f, 0x64
  .byte 0x6f, 0x63, 0x73, 0x2f, 0x6f, 0x70, 0x65, 0x6e, 0x75, 0x69, 0x2d, 0x6c, 0x61, 0x6e, 0x67, 0x2f
  .byte 0x6f, 0x76, 0x65, 0x72, 0x76, 0x69, 0x65, 0x77, 0x29, 0x20, 0x61, 0x6e, 0x64, 0x20, 0x74, 0x68
  .byte 0x65, 0x20, 0x6d, 0x6f, 0x62, 0x69, 0x6c, 0x65, 0x20, 0x63, 0x6c, 0x69, 0x65, 0x6e, 0x74, 0x20
  .byte 0x72, 0x65, 0x6e, 0x64, 0x65, 0x72, 0x73, 0x20, 0x74, 0x68, 0x65, 0x6d, 0x20, 0x61, 0x73, 0x20
  .byte 0x6e, 0x61, 0x74, 0x69, 0x76, 0x65, 0x20, 0x63, 0x6f, 0x6d, 0x70, 0x6f, 0x6e, 0x65, 0x6e, 0x74
  .byte 0x73, 0x20, 0x69, 0x6e, 0x20, 0x72, 0x65, 0x61, 0x6c, 0x20, 0x74, 0x69, 0x6d, 0x65, 0x2e, 0x0a
  .byte 0x0a, 0x3c, 0x76, 0x69, 0x64, 0x65, 0x6f, 0x20, 0x73, 0x72, 0x63, 0x3d, 0x22, 0x2e, 0x2e, 0x2f
  .byte 0x2e, 0x2e, 0x2f, 0x64, 0x6f, 0x63, 0x73, 0x2f, 0x70, 0x75, 0x62, 0x6c, 0x69, 0x63, 0x2f, 0x76
  .byte 0x69, 0x64, 0x65, 0x6f, 0x73, 0x2f, 0x72, 0x65, 0x61, 0x63, 0x74, 0x2d, 0x6e, 0x61, 0x74, 0x69
  .byte 0x76, 0x65, 0x2d, 0x64, 0x65, 0x6d, 0x6f, 0x2e, 0x6d, 0x70, 0x34, 0x22, 0x20, 0x0a, 0x20, 0x20
  .byte 0x20, 0x20, 0x6e, 0x6f, 0x43, 0x6f, 0x6e, 0x74, 0x72, 0x6f, 0x6c, 0x73, 0x0a, 0x20, 0x20, 0x20
  .byte 0x20, 0x70, 0x6c, 0x61, 0x79, 0x73, 0x49, 0x6e, 0x6c, 0x69, 0x6e, 0x65, 0x0a, 0x20, 0x20, 0x20
  .byte 0x20, 0x6d, 0x75, 0x74, 0x65, 0x64, 0x0a, 0x20, 0x20, 0x20, 0x20, 0x70, 0x72, 0x65, 0x6c, 0x6f
  .byte 0x61, 0x64, 0x3d, 0x22, 0x6d, 0x65, 0x74, 0x61, 0x64, 0x61, 0x74, 0x61, 0x22, 0x0a, 0x20, 0x20
  .byte 0x20, 0x20, 0x63, 0x6c, 0x61, 0x73, 0x73, 0x4e, 0x61, 0x6d, 0x65, 0x3d, 0x22, 0x68, 0x2d, 0x5b
  .byte 0x36, 0x30, 0x30, 0x70, 0x78, 0x5d, 0x20, 0x72, 0x6f, 0x75, 0x6e, 0x64, 0x65, 0x64, 0x2d, 0x6c
  .byte 0x67, 0x20, 0x6d, 0x2d, 0x61, 0x75, 0x74, 0x6f, 0x22, 0x0a, 0x20, 0x20, 0x20, 0x20, 0x61, 0x75
  .byte 0x74, 0x6f, 0x50, 0x6c, 0x61, 0x79, 0x0a, 0x20, 0x20, 0x20, 0x20, 0x6c, 0x6f, 0x6f, 0x70, 0x0a
  .byte 0x2f, 0x3e, 0x0a, 0x0a, 0x23, 0x23, 0x20, 0x41, 0x72, 0x63, 0x68, 0x69, 0x74, 0x65, 0x63, 0x74
  .byte 0x75, 0x72, 0x65, 0x0a, 0x0a, 0x60, 0x60, 0x60, 0x0a, 0xe2, 0x94, 0x8c, 0xe2, 0x94, 0x80, 0xe2
  .byte 0x94, 0x80, 0xe2, 0x94, 0x80, 0xe2, 0x94, 0x80, 0xe2, 0x94, 0x80, 0xe2, 0x94, 0x80, 0xe2, 0x94
  .byte 0x80, 0xe2, 0x94, 0x80, 0xe2, 0x94, 0x80, 0xe2, 0x94, 0x80, 0xe2, 0x94, 0x80, 0xe2, 0x94, 0x80
  .byte 0xe2, 0x94, 0x80, 0xe2, 0x94, 0x80, 0xe2, 0x94, 0x80, 0xe2, 0x94, 0x80, 0xe2, 0x94, 0x80, 0xe2
  .byte 0x94, 0x80, 0xe2, 0x94, 0x80, 0xe2, 0x94, 0x80, 0xe2, 0x94, 0x80, 0xe2, 0x94, 0x80, 0xe2, 0x94
  .byte 0x80, 0xe2, 0x94, 0x80, 0xe2, 0x94, 0x80, 0xe2, 0x94, 0x80, 0xe2, 0x94, 0x80, 0xe2, 0x94, 0x80
  .byte 0xe2, 0x94, 0x80, 0xe2, 0x94, 0x90, 0x20, 0x20, 0x20, 0x20, 0x20, 0x20, 0x20, 0x20, 0xe2, 0x94
  .byte 0x8c, 0xe2, 0x94, 0x80, 0xe2, 0x94, 0x80, 0xe2, 0x94, 0x80, 0xe2, 0x94, 0x80, 0xe2, 0x94, 0x80
  .byte 0xe2, 0x94, 0x80, 0xe2, 0x94, 0x80, 0xe2, 0x94, 0x80, 0xe2, 0x94, 0x80, 0xe2, 0x94, 0x80, 0xe2
  .byte 0x94, 0x80, 0xe2, 0x94, 0x80, 0xe2, 0x94, 0x80, 0xe2, 0x94, 0x80, 0xe2, 0x94, 0x80, 0xe2, 0x94
  .byte 0x80, 0xe2, 0x94, 0x80, 0xe2, 0x94, 0x80, 0xe2, 0x94, 0x80, 0xe2, 0x94, 0x80, 0xe2, 0x94, 0x80
  .byte 0xe2, 0x94, 0x80, 0xe2, 0x94, 0x80, 0xe2, 0x94, 0x80, 0xe2, 0x94, 0x80, 0xe2, 0x94, 0x80, 0xe2
  .byte 0x94, 0x90, 0x0a, 0xe2, 0x94, 0x82, 0x20, 0x20, 0x20, 0x52, 0x65, 0x61, 0x63, 0x74, 0x20, 0x4e
  .byte 0x61, 0x74, 0x69, 0x76, 0x65, 0x20, 0x28, 0x45, 0x78, 0x70, 0x6f, 0x29, 0x20, 0x61, 0x70, 0x70
  .byte 0x20, 0x20, 0x20, 0xe2, 0x94, 0x82, 0x20, 0x20, 0x48, 0x54, 0x54, 0x50, 0x20, 0x20, 0xe2, 0x94
  .byte 0x82, 0x20, 0x20, 0x20, 0x4e, 0x65, 0x78, 0x74, 0x2e, 0x6a, 0x73, 0x20, 0x62, 0x61, 0x63, 0x6b
  .byte 0x65, 0x6e, 0x64, 0x20, 0x28, 0x41, 0x50, 0x49, 0x29, 0x20, 0x20, 0xe2, 0x94, 0x82, 0x0a, 0xe2
  .byte 0x94, 0x82, 0x20, 0x20, 0x20, 0x20, 0x20, 0x20, 0x20, 0x20, 0x20, 0x20, 0x20, 0x20, 0x20, 0x20
  .byte 0x20, 0x20, 0x20, 0x20, 0x20, 0x20, 0x20, 0x20, 0x20, 0x20, 0x20, 0x20, 0x20, 0x20, 0x20, 0xe2
  .byte 0x94, 0x82, 0x20, 0xe2, 0x94, 0x80, 0xe2, 0x94, 0x80, 0xe2, 0x94, 0x80, 0xe2, 0x94, 0x80, 0xe2
  .byte 0x94, 0x80, 0xe2, 0x94, 0x80, 0xe2, 0x96, 0xba, 0xe2, 0x94, 0x82, 0x20, 0x20, 0x20, 0x20, 0x20
  .byte 0x20, 0x20, 0x20, 0x20, 0x20, 0x20, 0x20, 0x20, 0x20, 0x20, 0x20, 0x20, 0x20, 0x20, 0x20, 0x20
  .byte 0x20, 0x20, 0x20, 0x20, 0x20, 0xe2, 0x94, 0x82, 0x0a, 0xe2, 0x94, 0x82, 0x20, 0x20, 0xe2, 0x80
  .byte 0xa2, 0x20, 0x43, 0x68, 0x61, 0x74, 0x20, 0x55, 0x49, 0x20, 0x20, 0x20, 0x20, 0x20, 0x20, 0x20
  .byte 0x20, 0x20, 0x20, 0x20, 0x20, 0x20, 0x20, 0x20, 0x20, 0x20, 0x20, 0xe2, 0x94, 0x82, 0x20, 0x20
  .byte 0x20, 0x20, 0x20, 0x20, 0x20, 0x20, 0xe2, 0x94, 0x82, 0x20, 0x20, 0xe2, 0x80, 0xa2, 0x20, 0x2f
  .byte 0x61, 0x70, 0x69, 0x2f, 0x63, 0x68, 0x61, 0x74, 0x20, 0x20, 0x28, 0x50, 0x4f, 0x53, 0x54, 0x29
  .byte 0x20, 0x20, 0x20, 0x20, 0x20, 0xe2, 0x94, 0x82, 0x0a, 0xe2, 0x94, 0x82, 0x20, 0x20, 0xe2, 0x80
  .byte 0xa2, 0x20, 0x3c, 0x52, 0x65, 0x6e, 0x64, 0x65, 0x72, 0x65, 0x72, 0x20, 0x2f, 0x3e, 0x20, 0x70
  .byte 0x61, 0x72, 0x73, 0x69, 0x6e, 0x67, 0x20, 0x20, 0x20, 0x20, 0x20, 0xe2, 0x94, 0x82, 0xe2, 0x97
  .byte 0x84, 0xe2, 0x94, 0x80, 0xe2, 0x94, 0x80, 0xe2, 0x94, 0x80, 0xe2, 0x94, 0x80, 0xe2, 0x94, 0x80
  .byte 0xe2, 0x94, 0x80, 0x20, 0xe2, 0x94, 0x82, 0x20, 0x20, 0xe2, 0x80, 0xa2, 0x20, 0x53, 0x74, 0x72
  .byte 0x65, 0x61, 0x6d, 0x73, 0x20, 0x4f, 0x70, 0x65, 0x6e, 0x55, 0x49, 0x20, 0x4c, 0x61, 0x6e, 0x67
  .byte 0x20, 0x20, 0x20, 0xe2, 0x94, 0x82, 0x0a, 0xe2, 0x94, 0x82, 0x20, 0x20, 0x20, 0x20, 0x73, 0x74
  .byte 0x72, 0x65, 0x61, 0x6d, 0x65, 0x64, 0x20, 0x4f, 0x70, 0x65, 0x6e, 0x55, 0x49, 0x20, 0x4c, 0x61
  .byte 0x6e, 0x67, 0x20, 0x20, 0x20, 0x20, 0x20, 0x20, 0xe2, 0x94, 0x82, 0x20, 0x20, 0x73, 0x74, 0x72
  .byte 0x65, 0x61, 0x6d, 0xe2, 0x94, 0x82, 0x20, 0x20, 0x20, 0x20, 0x66, 0x72, 0x6f, 0x6d, 0x20, 0x47
  .byte 0x50, 0x54, 0x20, 0x20, 0x20, 0x20, 0x20, 0x20, 0x20, 0x20, 0x20, 0x20, 0x20, 0x20, 0x20, 0x20
  .byte 0xe2, 0x94, 0x82, 0x0a, 0xe2, 0x94, 0x82, 0x20, 0x20, 0xe2, 0x80, 0xa2, 0x20, 0x4e, 0x61, 0x74
  .byte 0x69, 0x76, 0x65, 0x20, 0x63, 0x68, 0x61, 0x72, 0x74, 0x20, 0x63, 0x6f, 0x6d, 0x70, 0x6f, 0x6e
  .byte 0x65, 0x6e, 0x74, 0x73, 0x20, 0x20, 0xe2, 0x94, 0x82, 0x20, 0x20, 0x20, 0x20, 0x20, 0x20, 0x20
  .byte 0x20, 0xe2, 0x94, 0x82, 0x20, 0x20, 0xe2, 0x80, 0xa2, 0x20, 0x43, 0x4f, 0x52, 0x53, 0x20, 0x65
  .byte 0x6e, 0x61, 0x62, 0x6c, 0x65, 0x64, 0x20, 0x20, 0x20, 0x20, 0x20, 0x20, 0x20, 0x20, 0x20, 0x20
  .byte 0xe2, 0x94, 0x82, 0x0a, 0xe2, 0x94, 0x94, 0xe2, 0x94, 0x80, 0xe2, 0x94, 0x80, 0xe2, 0x94, 0x80
  .byte 0xe2, 0x94, 0x80, 0xe2, 0x94, 0x80, 0xe2, 0x94, 0x80, 0xe2, 0x94, 0x80, 0xe2, 0x94, 0x80, 0xe2
  .byte 0x94, 0x80, 0xe2, 0x94, 0x80, 0xe2, 0x94, 0x80, 0xe2, 0x94, 0x80, 0xe2, 0x94, 0x80, 0xe2, 0x94
  .byte 0x80, 0xe2, 0x94, 0x80, 0xe2, 0x94, 0x80, 0xe2, 0x94, 0x80, 0xe2, 0x94, 0x80, 0xe2, 0x94, 0x80
  .byte 0xe2, 0x94, 0x80, 0xe2, 0x94, 0x80, 0xe2, 0x94, 0x80, 0xe2, 0x94, 0x80, 0xe2, 0x94, 0x80, 0xe2
  .byte 0x94, 0x80, 0xe2, 0x94, 0x80, 0xe2, 0x94, 0x80, 0xe2, 0x94, 0x80, 0xe2, 0x94, 0x80, 0xe2, 0x94
  .byte 0x98, 0x20, 0x20, 0x20, 0x20, 0x20, 0x20, 0x20, 0x20, 0xe2, 0x94, 0x94, 0xe2, 0x94, 0x80, 0xe2
  .byte 0x94, 0x80, 0xe2, 0x94, 0x80, 0xe2, 0x94, 0x80, 0xe2, 0x94, 0x80, 0xe2, 0x94, 0x80, 0xe2, 0x94
  .byte 0x80, 0xe2, 0x94, 0x80, 0xe2, 0x94, 0x80, 0xe2, 0x94, 0x80, 0xe2, 0x94, 0x80, 0xe2, 0x94, 0x80
  .byte 0xe2, 0x94, 0x80, 0xe2, 0x94, 0x80, 0xe2, 0x94, 0x80, 0xe2, 0x94, 0x80, 0xe2, 0x94, 0x80, 0xe2
  .byte 0x94, 0x80, 0xe2, 0x94, 0x80, 0xe2, 0x94, 0x80, 0xe2, 0x94, 0x80, 0xe2, 0x94, 0x80, 0xe2, 0x94
  .byte 0x80, 0xe2, 0x94, 0x80, 0xe2, 0x94, 0x80, 0xe2, 0x94, 0x80, 0xe2, 0x94, 0x98, 0x0a, 0x60, 0x60
  .byte 0x60, 0x0a, 0x0a, 0x23, 0x23, 0x20, 0x50, 0x72, 0x6f, 0x6a, 0x65, 0x63, 0x74, 0x20, 0x53, 0x74
  .byte 0x72, 0x75, 0x63, 0x74, 0x75, 0x72, 0x65, 0x0a, 0x0a, 0x60, 0x60, 0x60, 0x0a, 0x6f, 0x70, 0x65
  .byte 0x6e, 0x75, 0x69, 0x2d, 0x72, 0x65, 0x61, 0x63, 0x74, 0x2d, 0x6e, 0x61, 0x74, 0x69, 0x76, 0x65
  .byte 0x2f, 0x0a, 0xe2, 0x94, 0x9c, 0xe2, 0x94, 0x80, 0xe2, 0x94, 0x80, 0x20, 0x70, 0x61, 0x63, 0x6b
  .byte 0x61, 0x67, 0x65, 0x2e, 0x6a, 0x73, 0x6f, 0x6e, 0x20, 0x20, 0x20, 0x20, 0x20, 0x20, 0x20, 0x20
  .byte 0x20, 0x20, 0x20, 0x20, 0x20, 0x20, 0x23, 0x20, 0x52, 0x6f, 0x6f, 0x74, 0x20, 0x77, 0x6f, 0x72
  .byte 0x6b, 0x73, 0x70, 0x61, 0x63, 0x65, 0x20, 0x73, 0x63, 0x72, 0x69, 0x70, 0x74, 0x73, 0x0a, 0xe2
  .byte 0x94, 0x94, 0xe2, 0x94, 0x80, 0xe2, 0x94, 0x80, 0x20, 0x62, 0x61, 0x63, 0x6b, 0x65, 0x6e, 0x64
  .byte 0x2f, 0x20, 0x20, 0x20, 0x20, 0x20, 0x20, 0x20, 0x20, 0x20, 0x20, 0x20, 0x20, 0x20, 0x20, 0x20
  .byte 0x20, 0x20, 0x20, 0x23, 0x20, 0x4e, 0x65, 0x78, 0x74, 0x2e, 0x6a, 0x73, 0x20, 0x41, 0x50, 0x49
  .byte 0x20, 0x73, 0x65, 0x72, 0x76, 0x65, 0x72, 0x0a, 0x20, 0x20, 0x20, 0x20, 0xe2, 0x94, 0x9c, 0xe2
  .byte 0x94, 0x80, 0xe2, 0x94, 0x80, 0x20, 0x73, 0x72, 0x63, 0x2f, 0x0a, 0x20, 0x20, 0x20, 0x20, 0xe2
  .byte 0x94, 0x82, 0x20, 0x20, 0x20, 0xe2, 0x94, 0x9c, 0xe2, 0x94, 0x80, 0xe2, 0x94, 0x80, 0x20, 0x6c
  .byte 0x69, 0x62, 0x72, 0x61, 0x72, 0x79, 0x2e, 0x74, 0x73, 0x20, 0x20, 0x20, 0x20, 0x20, 0x20, 0x20
  .byte 0x20, 0x23, 0x20, 0x43, 0x6f, 0x6d, 0x70, 0x6f, 0x6e, 0x65, 0x6e, 0x74, 0x20, 0x6c, 0x69, 0x62
  .byte 0x72, 0x61, 0x72, 0x79, 0x20, 0x64, 0x65, 0x66, 0x69, 0x6e, 0x69, 0x74, 0x69, 0x6f, 0x6e, 0x20
  .byte 0x28, 0x4e, 0x6f, 0x64, 0x65, 0x2d, 0x63, 0x6f, 0x6d, 0x70, 0x61, 0x74, 0x69, 0x62, 0x6c, 0x65
  .byte 0x29, 0x0a, 0x20, 0x20, 0x20, 0x20, 0xe2, 0x94, 0x82, 0x20, 0x20, 0x20, 0xe2, 0x94, 0x9c, 0xe2
  .byte 0x94, 0x80, 0xe2, 0x94, 0x80, 0x20, 0x73, 0x79, 0x73, 0x74, 0x65, 0x6d, 0x2d, 0x70, 0x72, 0x6f
  .byte 0x6d, 0x70, 0x74, 0x2e, 0x74, 0x78, 0x74, 0x20, 0x23, 0x20, 0x41, 0x75, 0x74, 0x6f, 0x2d, 0x67
  .byte 0x65, 0x6e, 0x65, 0x72, 0x61, 0x74, 0x65, 0x64, 0x20, 0x66, 0x72, 0x6f, 0x6d, 0x20, 0x6c, 0x69
  .byte 0x62, 0x72, 0x61, 0x72, 0x79, 0x2e, 0x74, 0x73, 0x0a, 0x20, 0x20, 0x20, 0x20, 0xe2, 0x94, 0x82
  .byte 0x20, 0x20, 0x20, 0xe2, 0x94, 0x94, 0xe2, 0x94, 0x80, 0xe2, 0x94, 0x80, 0x20, 0x61, 0x70, 0x70
  .byte 0x2f, 0x61, 0x70, 0x69, 0x2f, 0x63, 0x68, 0x61, 0x74, 0x2f, 0x0a, 0x20, 0x20, 0x20, 0x20, 0xe2
  .byte 0x94, 0x82, 0x20, 0x20, 0x20, 0x20, 0x20, 0x20, 0x20, 0xe2, 0x94, 0x94, 0xe2, 0x94, 0x80, 0xe2
  .byte 0x94, 0x80, 0x20, 0x72, 0x6f, 0x75, 0x74, 0x65, 0x2e, 0x74, 0x73, 0x20, 0x20, 0x20, 0x20, 0x20
  .byte 0x20, 0x23, 0x20, 0x53, 0x74, 0x72, 0x65, 0x61, 0x6d, 0x69, 0x6e, 0x67, 0x20, 0x63, 0x68, 0x61
  .byte 0x74, 0x20, 0x65, 0x6e, 0x64, 0x70, 0x6f, 0x69, 0x6e, 0x74, 0x0a, 0x20, 0x20, 0x20, 0x20, 0xe2
  .byte 0x94, 0x94, 0xe2, 0x94, 0x80, 0xe2, 0x94, 0x80, 0x20, 0x65, 0x6e, 0x76, 0x2e, 0x65, 0x78, 0x61
  .byte 0x6d, 0x70, 0x6c, 0x65, 0x0a, 0x60, 0x60, 0x60, 0x0a, 0x0a, 0x3e, 0x20, 0x54, 0x68, 0x65, 0x20
  .byte 0x52, 0x65, 0x61, 0x63, 0x74, 0x20, 0x4e, 0x61, 0x74, 0x69, 0x76, 0x65, 0x20, 0x61, 0x70, 0x70
  .byte 0x20, 0x6c, 0x69, 0x76, 0x65, 0x73, 0x20, 0x69, 0x6e, 0x20, 0x61, 0x20, 0x73, 0x69, 0x62, 0x6c
  .byte 0x69, 0x6e, 0x67, 0x20, 0x60, 0x72, 0x65, 0x61, 0x63, 0x74, 0x2d, 0x6e, 0x61, 0x74, 0x69, 0x76
  .byte 0x65, 0x2d, 0x6f, 0x70, 0x65, 0x6e, 0x75, 0x69, 0x2f, 0x60, 0x20, 0x64, 0x69, 0x72, 0x65, 0x63
  .byte 0x74, 0x6f, 0x72, 0x79, 0x20, 0x28, 0x6e, 0x6f, 0x74, 0x20, 0x63, 0x68, 0x65, 0x63, 0x6b, 0x65
  .byte 0x64, 0x20, 0x69, 0x6e, 0x20, 0x68, 0x65, 0x72, 0x65, 0x29, 0x2e, 0x20, 0x54, 0x68, 0x65, 0x20
  .byte 0x72, 0x6f, 0x6f, 0x74, 0x20, 0x60, 0x70, 0x61, 0x63, 0x6b, 0x61, 0x67, 0x65, 0x2e, 0x6a, 0x73
  .byte 0x6f, 0x6e, 0x60, 0x20, 0x77, 0x69, 0x72, 0x65, 0x73, 0x20, 0x62, 0x6f, 0x74, 0x68, 0x20, 0x74
  .byte 0x6f, 0x67, 0x65, 0x74, 0x68, 0x65, 0x72, 0x20, 0x61, 0x73, 0x20, 0x61, 0x20, 0x70, 0x6e, 0x70
  .byte 0x6d, 0x20, 0x77, 0x6f, 0x72, 0x6b, 0x73, 0x70, 0x61, 0x63, 0x65, 0x2e, 0x0a, 0x0a, 0x23, 0x23
  .byte 0x20, 0x47, 0x65, 0x74, 0x74, 0x69, 0x6e, 0x67, 0x20, 0x53, 0x74, 0x61, 0x72, 0x74, 0x65, 0x64
  .byte 0x0a, 0x0a, 0x23, 0x23, 0x23, 0x20, 0x50, 0x72, 0x65, 0x72, 0x65, 0x71, 0x75, 0x69, 0x73, 0x69
  .byte 0x74, 0x65, 0x73, 0x0a, 0x0a, 0x2d, 0x20, 0x4e, 0x6f, 0x64, 0x65, 0x2e, 0x6a, 0x73, 0x20, 0x31
  .byte 0x38, 0x2b, 0x0a, 0x2d, 0x20, 0x70, 0x6e, 0x70, 0x6d, 0x0a, 0x2d, 0x20, 0x41, 0x6e, 0x20, 0x4f
  .byte 0x70, 0x65, 0x6e, 0x41, 0x49, 0x20, 0x41, 0x50, 0x49, 0x20, 0x6b, 0x65, 0x79, 0x0a, 0x0a, 0x23
  .byte 0x23, 0x23, 0x20, 0x31, 0x2e, 0x20, 0x49, 0x6e, 0x73, 0x74, 0x61, 0x6c, 0x6c, 0x20, 0x64, 0x65
  .byte 0x70, 0x65, 0x6e, 0x64, 0x65, 0x6e, 0x63, 0x69, 0x65, 0x73, 0x0a, 0x0a, 0x60, 0x60, 0x60, 0x62
  .byte 0x61, 0x73, 0x68, 0x0a, 0x70, 0x6e, 0x70, 0x6d, 0x20, 0x69, 0x6e, 0x73, 0x74, 0x61, 0x6c, 0x6c
  .byte 0x0a, 0x60, 0x60, 0x60, 0x0a, 0x0a, 0x23, 0x23, 0x23, 0x20, 0x32, 0x2e, 0x20, 0x43, 0x6f, 0x6e
  .byte 0x66, 0x69, 0x67, 0x75, 0x72, 0x65, 0x20, 0x74, 0x68, 0x65, 0x20, 0x62, 0x61, 0x63, 0x6b, 0x65
  .byte 0x6e, 0x64, 0x0a, 0x0a, 0x60, 0x60, 0x60, 0x62, 0x61, 0x73, 0x68, 0x0a, 0x63, 0x70, 0x20, 0x62
  .byte 0x61, 0x63, 0x6b, 0x65, 0x6e, 0x64, 0x2f, 0x65, 0x6e, 0x76, 0x2e, 0x65, 0x78, 0x61, 0x6d, 0x70
  .byte 0x6c, 0x65, 0x20, 0x62, 0x61, 0x63, 0x6b, 0x65, 0x6e, 0x64, 0x2f, 0x2e, 0x65, 0x6e, 0x76, 0x2e
  .byte 0x6c, 0x6f, 0x63, 0x61, 0x6c, 0x0a, 0x60, 0x60, 0x60, 0x0a, 0x0a, 0x41, 0x64, 0x64, 0x20, 0x79
  .byte 0x6f, 0x75, 0x72, 0x20, 0x6b, 0x65, 0x79, 0x20, 0x74, 0x6f, 0x20, 0x60, 0x62, 0x61, 0x63, 0x6b
  .byte 0x65, 0x6e, 0x64, 0x2f, 0x2e, 0x65, 0x6e, 0x76, 0x2e, 0x6c, 0x6f, 0x63, 0x61, 0x6c, 0x60, 0x3a
  .byte 0x0a, 0x0a, 0x60, 0x60, 0x60, 0x0a, 0x4f, 0x50, 0x45, 0x4e, 0x41, 0x49, 0x5f, 0x41, 0x50, 0x49
  .byte 0x5f, 0x4b, 0x45, 0x59, 0x3d, 0x73, 0x6b, 0x2d, 0x2e, 0x2e, 0x2e, 0x0a, 0x60, 0x60, 0x60, 0x0a
  .byte 0x0a, 0x23, 0x23, 0x23, 0x20, 0x33, 0x2e, 0x20, 0x47, 0x65, 0x6e, 0x65, 0x72, 0x61, 0x74, 0x65
  .byte 0x20, 0x74, 0x68, 0x65, 0x20, 0x73, 0x79, 0x73, 0x74, 0x65, 0x6d, 0x20, 0x70, 0x72, 0x6f, 0x6d
  .byte 0x70, 0x74, 0x0a, 0x0a, 0x54, 0x68, 0x65, 0x20, 0x5b, 0x50, 0x72, 0x6f, 0x6d, 0x70, 0x74, 0x20
  .byte 0x47, 0x65, 0x6e, 0x65, 0x72, 0x61, 0x74, 0x6f, 0x72, 0x5d, 0x28, 0x68, 0x74, 0x74, 0x70, 0x73
  .byte 0x3a, 0x2f, 0x2f, 0x77, 0x77, 0x77, 0x2e, 0x6f, 0x70, 0x65, 0x6e, 0x75, 0x69, 0x2e, 0x63, 0x6f
  .byte 0x6d, 0x2f, 0x64, 0x6f, 0x63, 0x73, 0x2f, 0x6f, 0x70, 0x65, 0x6e, 0x75, 0x69, 0x2d, 0x6c, 0x61
  .byte 0x6e, 0x67, 0x2f, 0x6f, 0x76, 0x65, 0x72, 0x76, 0x69, 0x65, 0x77, 0x29, 0x20, 0x63, 0x6f, 0x6d
  .byte 0x70, 0x69, 0x6c, 0x65, 0x73, 0x20, 0x60, 0x6c, 0x69, 0x62, 0x72, 0x61, 0x72, 0x79, 0x2e, 0x74
  .byte 0x73, 0x60, 0x20, 0x69, 0x6e, 0x74, 0x6f, 0x20, 0x60, 0x73, 0x79, 0x73, 0x74, 0x65, 0x6d, 0x2d
  .byte 0x70, 0x72, 0x6f, 0x6d, 0x70, 0x74, 0x2e, 0x74, 0x78, 0x74, 0x60, 0x20, 0xe2, 0x80, 0x94, 0x20
  .byte 0x63, 0x6f, 0x6e, 0x74, 0x61, 0x69, 0x6e, 0x69, 0x6e, 0x67, 0x20, 0x63, 0x6f, 0x6d, 0x70, 0x6f
  .byte 0x6e, 0x65, 0x6e, 0x74, 0x20, 0x73, 0x69, 0x67, 0x6e, 0x61, 0x74, 0x75, 0x72, 0x65, 0x73, 0x2c
  .byte 0x20, 0x73, 0x79, 0x6e, 0x74, 0x61, 0x78, 0x20, 0x72, 0x75, 0x6c, 0x65, 0x73, 0x2c, 0x20, 0x61
  .byte 0x6e, 0x64, 0x20, 0x73, 0x74, 0x72, 0x65, 0x61, 0x6d, 0x69, 0x6e, 0x67, 0x20, 0x67, 0x75, 0x69
  .byte 0x64, 0x65, 0x6c, 0x69, 0x6e, 0x65, 0x73, 0x20, 0x66, 0x6f, 0x72, 0x20, 0x74, 0x68, 0x65, 0x20
  .byte 0x4c, 0x4c, 0x4d, 0x3a, 0x0a, 0x0a, 0x60, 0x60, 0x60, 0x62, 0x61, 0x73, 0x68, 0x0a, 0x70, 0x6e
  .byte 0x70, 0x6d, 0x20, 0x67, 0x65, 0x6e, 0x65, 0x72, 0x61, 0x74, 0x65, 0x3a, 0x70, 0x72, 0x6f, 0x6d
  .byte 0x70, 0x74, 0x0a, 0x60, 0x60, 0x60, 0x0a, 0x0a, 0x23, 0x23, 0x23, 0x20, 0x34, 0x2e, 0x20, 0x53
  .byte 0x74, 0x61, 0x72, 0x74, 0x20, 0x74, 0x68, 0x65, 0x20, 0x62, 0x61, 0x63, 0x6b, 0x65, 0x6e, 0x64
  .byte 0x0a, 0x0a, 0x60, 0x60, 0x60, 0x62, 0x61, 0x73, 0x68, 0x0a, 0x70, 0x6e, 0x70, 0x6d, 0x20, 0x64
  .byte 0x65, 0x76, 0x3a, 0x62, 0x61, 0x63, 0x6b, 0x65, 0x6e, 0x64, 0x0a, 0x60, 0x60, 0x60, 0x0a, 0x0a
  .byte 0x54, 0x68, 0x65, 0x20, 0x41, 0x50, 0x49, 0x20, 0x77, 0x69, 0x6c, 0x6c, 0x20, 0x62, 0x65, 0x20
  .byte 0x61, 0x76, 0x61, 0x69, 0x6c, 0x61, 0x62, 0x6c, 0x65, 0x20, 0x61, 0x74, 0x20, 0x60, 0x68, 0x74
  .byte 0x74, 0x70, 0x3a, 0x2f, 0x2f, 0x6c, 0x6f, 0x63, 0x61, 0x6c, 0x68, 0x6f, 0x73, 0x74, 0x3a, 0x33
  .byte 0x30, 0x30, 0x30, 0x60, 0x2e, 0x0a, 0x0a, 0x23, 0x23, 0x23, 0x20, 0x35, 0x2e, 0x20, 0x53, 0x74
  .byte 0x61, 0x72, 0x74, 0x20, 0x74, 0x68, 0x65, 0x20, 0x6d, 0x6f, 0x62, 0x69, 0x6c, 0x65, 0x20, 0x61
  .byte 0x70, 0x70, 0x0a, 0x0a, 0x60, 0x60, 0x60, 0x62, 0x61, 0x73, 0x68, 0x0a, 0x70, 0x6e, 0x70, 0x6d
  .byte 0x20, 0x64, 0x65, 0x76, 0x3a, 0x6d, 0x6f, 0x62, 0x69, 0x6c, 0x65, 0x0a, 0x60, 0x60, 0x60, 0x0a
  .byte 0x0a, 0x23, 0x23, 0x20, 0x57, 0x68, 0x61, 0x74, 0x27, 0x73, 0x20, 0x69, 0x6e, 0x20, 0x54, 0x68
  .byte 0x69, 0x73, 0x20, 0x45, 0x78, 0x61, 0x6d, 0x70, 0x6c, 0x65, 0x0a, 0x0a, 0x23, 0x23, 0x23, 0x20
  .byte 0x60, 0x62, 0x61, 0x63, 0x6b, 0x65, 0x6e, 0x64, 0x2f, 0x73, 0x72, 0x63, 0x2f, 0x6c, 0x69, 0x62
  .byte 0x72, 0x61, 0x72, 0x79, 0x2e, 0x74, 0x73, 0x60, 0x0a, 0x0a, 0x44, 0x65, 0x66, 0x69, 0x6e, 0x65
  .byte 0x73, 0x20, 0x74, 0x68, 0x65, 0x20, 0x63, 0x75, 0x73, 0x74, 0x6f, 0x6d, 0x20, 0x63, 0x6f, 0x6d
  .byte 0x70, 0x6f, 0x6e, 0x65, 0x6e, 0x74, 0x20, 0x6c, 0x69, 0x62, 0x72, 0x61, 0x72, 0x79, 0x20, 0x75
  .byte 0x73, 0x69, 0x6e, 0x67, 0x20, 0x5b, 0x60, 0x64, 0x65, 0x66, 0x69, 0x6e, 0x65, 0x43, 0x6f, 0x6d
  .byte 0x70, 0x6f, 0x6e, 0x65, 0x6e, 0x74, 0x60, 0x5d, 0x28, 0x68, 0x74, 0x74, 0x70, 0x73, 0x3a, 0x2f
  .byte 0x2f, 0x77, 0x77, 0x77, 0x2e, 0x6f, 0x70, 0x65, 0x6e, 0x75, 0x69, 0x2e, 0x63, 0x6f, 0x6d, 0x2f
  .byte 0x64, 0x6f, 0x63, 0x73, 0x2f, 0x6f, 0x70, 0x65, 0x6e, 0x75, 0x69, 0x2d, 0x6c, 0x61, 0x6e, 0x67
  .byte 0x2f, 0x6f, 0x76, 0x65, 0x72, 0x76, 0x69, 0x65, 0x77, 0x29, 0x20, 0x61, 0x6e, 0x64, 0x20, 0x60
  .byte 0x63, 0x72, 0x65, 0x61, 0x74, 0x65, 0x4c, 0x69, 0x62, 0x72, 0x61, 0x72, 0x79, 0x60, 0x2e, 0x20
  .byte 0x54, 0x68, 0x69, 0x73, 0x20, 0x69, 0x73, 0x20, 0x61, 0x20, 0x2a, 0x2a, 0x4e, 0x6f, 0x64, 0x65
  .byte 0x2d, 0x63, 0x6f, 0x6d, 0x70, 0x61, 0x74, 0x69, 0x62, 0x6c, 0x65, 0x2a, 0x2a, 0x20, 0x76, 0x65
  .byte 0x72, 0x73, 0x69, 0x6f, 0x6e, 0x20, 0x28, 0x72, 0x65, 0x6e, 0x64, 0x65, 0x72, 0x65, 0x72, 0x73
  .byte 0x20, 0x73, 0x65, 0x74, 0x20, 0x74, 0x6f, 0x20, 0x60, 0x6e, 0x75, 0x6c, 0x6c, 0x60, 0x29, 0x20
  .byte 0x75, 0x73, 0x65, 0x64, 0x20, 0x6f, 0x6e, 0x6c, 0x79, 0x20, 0x62, 0x79, 0x20, 0x74, 0x68, 0x65
  .byte 0x20, 0x43, 0x4c, 0x49, 0x20, 0x74, 0x6f, 0x20, 0x67, 0x65, 0x6e, 0x65, 0x72, 0x61, 0x74, 0x65
  .byte 0x20, 0x74, 0x68, 0x65, 0x20, 0x73, 0x79, 0x73, 0x74, 0x65, 0x6d, 0x20, 0x70, 0x72, 0x6f, 0x6d
  .byte 0x70, 0x74, 0x20, 0xe2, 0x80, 0x94, 0x20, 0x74, 0x68, 0x65, 0x20, 0x62, 0x61, 0x63, 0x6b, 0x65
  .byte 0x6e, 0x64, 0x20, 0x6e, 0x65, 0x76, 0x65, 0x72, 0x20, 0x72, 0x65, 0x6e, 0x64, 0x65, 0x72, 0x73
  .byte 0x20, 0x63, 0x6f, 0x6d, 0x70, 0x6f, 0x6e, 0x65, 0x6e, 0x74, 0x73, 0x20, 0x69, 0x74, 0x73, 0x65
  .byte 0x6c, 0x66, 0x2e, 0x0a, 0x0a, 0x54, 0x68, 0x65, 0x20, 0x6c, 0x69, 0x62, 0x72, 0x61, 0x72, 0x79
  .byte 0x20, 0x65, 0x78, 0x70, 0x6f, 0x73, 0x65, 0x73, 0x20, 0x66, 0x69, 0x76, 0x65, 0x20, 0x63, 0x6f
  .byte 0x6d, 0x70, 0x6f, 0x6e, 0x65, 0x6e, 0x74, 0x73, 0x3a, 0x0a, 0x0a, 0x7c, 0x20, 0x43, 0x6f, 0x6d
  .byte 0x70, 0x6f, 0x6e, 0x65, 0x6e, 0x74, 0x20, 0x20, 0x20, 0x7c, 0x20, 0x44, 0x65, 0x73, 0x63, 0x72
  .byte 0x69, 0x70, 0x74, 0x69, 0x6f, 0x6e, 0x20, 0x20, 0x20, 0x20, 0x20, 0x20, 0x20, 0x20, 0x20, 0x20
  .byte 0x20, 0x20, 0x20, 0x20, 0x20, 0x20, 0x20, 0x20, 0x20, 0x20, 0x20, 0x20, 0x20, 0x20, 0x20, 0x20
  .byte 0x20, 0x20, 0x20, 0x20, 0x20, 0x20, 0x20, 0x20, 0x20, 0x20, 0x20, 0x20, 0x20, 0x20, 0x20, 0x20
  .byte 0x20, 0x20, 0x20, 0x20, 0x20, 0x20, 0x7c, 0x0a, 0x7c, 0x20, 0x2d, 0x2d, 0x2d, 0x2d, 0x2d, 0x2d
  .byte 0x2d, 0x2d, 0x2d, 0x2d, 0x2d, 0x20, 0x7c, 0x20, 0x2d, 0x2d, 0x2d, 0x2d, 0x2d, 0x2d, 0x2d, 0x2d
  .byte 0x2d, 0x2d, 0x2d, 0x2d, 0x2d, 0x2d, 0x2d, 0x2d, 0x2d, 0x2d, 0x2d, 0x2d, 0x2d, 0x2d, 0x2d, 0x2d
  .byte 0x2d, 0x2d, 0x2d, 0x2d, 0x2d, 0x2d, 0x2d, 0x2d, 0x2d, 0x2d, 0x2d, 0x2d, 0x2d, 0x2d, 0x2d, 0x2d
  .byte 0x2d, 0x2d, 0x2d, 0x2d, 0x2d, 0x2d, 0x2d, 0x2d, 0x2d, 0x2d, 0x2d, 0x2d, 0x2d, 0x2d, 0x2d, 0x2d
  .byte 0x2d, 0x2d, 0x20, 0x7c, 0x0a, 0x7c, 0x20, 0x60, 0x43, 0x61, 0x72, 0x64, 0x60, 0x20, 0x20, 0x20
  .byte 0x20, 0x20, 0x20, 0x7c, 0x20, 0x52, 0x6f, 0x6f, 0x74, 0x20, 0x63, 0x6f, 0x6e, 0x74, 0x61, 0x69
  .byte 0x6e, 0x65, 0x72, 0x20, 0xe2, 0x80, 0x94, 0x20, 0x65, 0x76, 0x65, 0x72, 0x79, 0x20, 0x72, 0x65
  .byte 0x73, 0x70, 0x6f, 0x6e, 0x73, 0x65, 0x20, 0x69, 0x73, 0x20, 0x77, 0x72, 0x61, 0x70, 0x70, 0x65
  .byte 0x64, 0x20, 0x69, 0x6e, 0x20, 0x6f, 0x6e, 0x65, 0x20, 0x20, 0x20, 0x20, 0x20, 0x20, 0x20, 0x20
  .byte 0x20, 0x20, 0x7c, 0x0a, 0x7c, 0x20, 0x60, 0x54, 0x65, 0x78, 0x74, 0x60, 0x20, 0x20, 0x20, 0x20
  .byte 0x20, 0x20, 0x7c, 0x20, 0x54, 0x65, 0x78, 0x74, 0x20, 0x77, 0x69, 0x74, 0x68, 0x20, 0x6f, 0x70
  .byte 0x74, 0x69, 0x6f, 0x6e, 0x61, 0x6c, 0x20, 0x60, 0x68, 0x65, 0x61, 0x64, 0x69, 0x6e, 0x67, 0x60
  .byte 0x2c, 0x20, 0x60, 0x62, 0x6f, 0x64, 0x79, 0x60, 0x2c, 0x20, 0x6f, 0x72, 0x20, 0x60, 0x63, 0x61
  .byte 0x70, 0x74, 0x69, 0x6f, 0x6e, 0x60, 0x20, 0x76, 0x61, 0x72, 0x69, 0x61, 0x6e, 0x74, 0x20, 0x7c
  .byte 0x0a, 0x7c, 0x20, 0x60, 0x42, 0x61, 0x72, 0x43, 0x68, 0x61, 0x72, 0x74, 0x60, 0x20, 0x20, 0x7c
  .byte 0x20, 0x56, 0x65, 0x72, 0x74, 0x69, 0x63, 0x61, 0x6c, 0x20, 0x62, 0x61, 0x72, 0x20, 0x63, 0x68
  .byte 0x61, 0x72, 0x74, 0x20, 0x66, 0x6f, 0x72, 0x20, 0x63, 0x6f, 0x6d, 0x70, 0x61, 0x72, 0x69, 0x6e
  .byte 0x67, 0x20, 0x64, 0x69, 0x73, 0x63, 0x72, 0x65, 0x74, 0x65, 0x20, 0x63, 0x61, 0x74, 0x65, 0x67
  .byte 0x6f, 0x72, 0x69, 0x65, 0x73, 0x20, 0x20, 0x20, 0x20, 0x20, 0x20, 0x20, 0x7c, 0x0a, 0x7c, 0x20
  .byte 0x60, 0x4c, 0x69, 0x6e, 0x65, 0x43, 0x68, 0x61, 0x72, 0x74, 0x60, 0x20, 0x7c, 0x20, 0x4c, 0x69
  .byte 0x6e, 0x65, 0x20, 0x63, 0x68, 0x61, 0x72, 0x74, 0x20, 0x66, 0x6f, 0x72, 0x20, 0x74, 0x72, 0x65
  .byte 0x6e, 0x64, 0x73, 0x20, 0x6f, 0x76, 0x65, 0x72, 0x20, 0x74, 0x69, 0x6d, 0x65, 0x20, 0x20, 0x20
  .byte 0x20, 0x20, 0x20, 0x20, 0x20, 0x20, 0x20, 0x20, 0x20, 0x20, 0x20, 0x20, 0x20, 0x20, 0x20, 0x20
  .byte 0x20, 0x20, 0x20, 0x20, 0x20, 0x20, 0x20, 0x20, 0x20, 0x7c, 0x0a, 0x7c, 0x20, 0x60, 0x50, 0x69
  .byte 0x65, 0x43, 0x68, 0x61, 0x72, 0x74, 0x60, 0x20, 0x20, 0x7c, 0x20, 0x50, 0x69, 0x65, 0x20, 0x63
  .byte 0x68, 0x61, 0x72, 0x74, 0x20, 0x66, 0x6f, 0x72, 0x20, 0x70, 0x61, 0x72, 0x74, 0x2d, 0x74, 0x6f
  .byte 0x2d, 0x77, 0x68, 0x6f, 0x6c, 0x65, 0x20, 0x70, 0x72, 0x6f, 0x70, 0x6f, 0x72, 0x74, 0x69, 0x6f
  .byte 0x6e, 0x73, 0x20, 0x20, 0x20, 0x20, 0x20, 0x20, 0x20, 0x20, 0x20, 0x20, 0x20, 0x20, 0x20, 0x20
  .byte 0x20, 0x20, 0x20, 0x20, 0x20, 0x20, 0x7c, 0x0a, 0x0a, 0x23, 0x23, 0x23, 0x20, 0x60, 0x62, 0x61
  .byte 0x63, 0x6b, 0x65, 0x6e, 0x64, 0x2f, 0x73, 0x72, 0x63, 0x2f, 0x61, 0x70, 0x70, 0x2f, 0x61, 0x70
  .byte 0x69, 0x2f, 0x63, 0x68, 0x61, 0x74, 0x2f, 0x72, 0x6f, 0x75, 0x74, 0x65, 0x2e, 0x74, 0x73, 0x60
  .byte 0x0a, 0x0a, 0x41, 0x20, 0x4e, 0x65, 0x78, 0x74, 0x2e, 0x6a, 0x73, 0x20, 0x52, 0x6f, 0x75, 0x74
  .byte 0x65, 0x20, 0x48, 0x61, 0x6e, 0x64, 0x6c, 0x65, 0x72, 0x20, 0x74, 0x68, 0x61, 0x74, 0x3a, 0x0a
  .byte 0x0a, 0x31, 0x2e, 0x20, 0x4c, 0x6f, 0x61, 0x64, 0x73, 0x20, 0x60, 0x73, 0x79, 0x73, 0x74, 0x65
  .byte 0x6d, 0x2d, 0x70, 0x72, 0x6f, 0x6d, 0x70, 0x74, 0x2e, 0x74, 0x78, 0x74, 0x60, 0x20, 0x61, 0x74
  .byte 0x20, 0x73, 0x74, 0x61, 0x72, 0x74, 0x75, 0x70, 0x0a, 0x32, 0x2e, 0x20, 0x46, 0x6f, 0x72, 0x77
  .byte 0x61, 0x72, 0x64, 0x73, 0x20, 0x74, 0x68, 0x65, 0x20, 0x63, 0x6f, 0x6e, 0x76, 0x65, 0x72, 0x73
  .byte 0x61, 0x74, 0x69, 0x6f, 0x6e, 0x20, 0x74, 0x6f, 0x20, 0x74, 0x68, 0x65, 0x20, 0x4f, 0x70, 0x65
  .byte 0x6e, 0x41, 0x49, 0x20, 0x73, 0x74, 0x72, 0x65, 0x61, 0x6d, 0x69, 0x6e, 0x67, 0x20, 0x41, 0x50
  .byte 0x49, 0x0a, 0x33, 0x2e, 0x20, 0x52, 0x65, 0x74, 0x75, 0x72, 0x6e, 0x73, 0x20, 0x72, 0x61, 0x77
  .byte 0x20, 0x60, 0x74, 0x65, 0x78, 0x74, 0x2f, 0x70, 0x6c, 0x61, 0x69, 0x6e, 0x60, 0x20, 0x63, 0x68
  .byte 0x75, 0x6e, 0x6b, 0x73, 0x20, 0xe2, 0x80, 0x94, 0x20, 0x69, 0x6e, 0x74, 0x65, 0x6e, 0x74, 0x69
  .byte 0x6f, 0x6e, 0x61, 0x6c, 0x6c, 0x79, 0x20, 0x73, 0x69, 0x6d, 0x70, 0x6c, 0x65, 0x72, 0x20, 0x74
  .byte 0x68, 0x61, 0x6e, 0x20, 0x53, 0x53, 0x45, 0x20, 0x73, 0x6f, 0x20, 0x52, 0x65, 0x61, 0x63, 0x74
  .byte 0x20, 0x4e, 0x61, 0x74, 0x69, 0x76, 0x65, 0x20, 0x63, 0x61, 0x6e, 0x20, 0x63, 0x6f, 0x6e, 0x73
  .byte 0x75, 0x6d, 0x65, 0x20, 0x74, 0x68, 0x65, 0x20, 0x73, 0x74, 0x72, 0x65, 0x61, 0x6d, 0x20, 0x64
  .byte 0x69, 0x72, 0x65, 0x63, 0x74, 0x6c, 0x79, 0x20, 0x77, 0x69, 0x74, 0x68, 0x6f, 0x75, 0x74, 0x20
  .byte 0x61, 0x20, 0x62, 0x72, 0x6f, 0x77, 0x73, 0x65, 0x72, 0x20, 0x60, 0x45, 0x76, 0x65, 0x6e, 0x74
  .byte 0x53, 0x6f, 0x75, 0x72, 0x63, 0x65, 0x60, 0x0a, 0x0a, 0x23, 0x23, 0x23, 0x20, 0x52, 0x65, 0x61
  .byte 0x63, 0x74, 0x20, 0x4e, 0x61, 0x74, 0x69, 0x76, 0x65, 0x20, 0x61, 0x70, 0x70, 0x20, 0x28, 0x60
  .byte 0x72, 0x65, 0x61, 0x63, 0x74, 0x2d, 0x6e, 0x61, 0x74, 0x69, 0x76, 0x65, 0x2d, 0x6f, 0x70, 0x65
  .byte 0x6e, 0x75, 0x69, 0x2f, 0x60, 0x29, 0x0a, 0x0a, 0x55, 0x73, 0x65, 0x73, 0x20, 0x74, 0x68, 0x65
  .byte 0x20, 0x5b, 0x60, 0x3c, 0x52, 0x65, 0x6e, 0x64, 0x65, 0x72, 0x65, 0x72, 0x20, 0x2f, 0x3e, 0x60
  .byte 0x5d, 0x28, 0x68, 0x74, 0x74, 0x70, 0x73, 0x3a, 0x2f, 0x2f, 0x77, 0x77, 0x77, 0x2e, 0x6f, 0x70
  .byte 0x65, 0x6e, 0x75, 0x69, 0x2e, 0x63, 0x6f, 0x6d, 0x2f, 0x64, 0x6f, 0x63, 0x73, 0x2f, 0x6f, 0x70
  .byte 0x65, 0x6e, 0x75, 0x69, 0x2d, 0x6c, 0x61, 0x6e, 0x67, 0x2f, 0x6f, 0x76, 0x65, 0x72, 0x76, 0x69
  .byte 0x65, 0x77, 0x29, 0x20, 0x63, 0x6f, 0x6d, 0x70, 0x6f, 0x6e, 0x65, 0x6e, 0x74, 0x20, 0x66, 0x72
  .byte 0x6f, 0x6d, 0x20, 0x60, 0x40, 0x6f, 0x70, 0x65, 0x6e, 0x75, 0x69, 0x64, 0x65, 0x76, 0x2f, 0x72
  .byte 0x65, 0x61, 0x63, 0x74, 0x2d, 0x6c, 0x61, 0x6e, 0x67, 0x60, 0x20, 0x74, 0x6f, 0x20, 0x70, 0x72
  .byte 0x6f, 0x67, 0x72, 0x65, 0x73, 0x73, 0x69, 0x76, 0x65, 0x6c, 0x79, 0x20, 0x70, 0x61, 0x72, 0x73
  .byte 0x65, 0x20, 0x61, 0x6e, 0x64, 0x20, 0x72, 0x65, 0x6e, 0x64, 0x65, 0x72, 0x20, 0x74, 0x68, 0x65
  .byte 0x20, 0x73, 0x74, 0x72, 0x65, 0x61, 0x6d, 0x65, 0x64, 0x20, 0x4f, 0x70, 0x65, 0x6e, 0x55, 0x49
  .byte 0x20, 0x4c, 0x61, 0x6e, 0x67, 0x20, 0x6f, 0x75, 0x74, 0x70, 0x75, 0x74, 0x20, 0x61, 0x73, 0x20
  .byte 0x6e, 0x61, 0x74, 0x69, 0x76, 0x65, 0x20, 0x63, 0x6f, 0x6d, 0x70, 0x6f, 0x6e, 0x65, 0x6e, 0x74
  .byte 0x73, 0x2e, 0x0a, 0x0a, 0x23, 0x23, 0x20, 0x53, 0x63, 0x72, 0x69, 0x70, 0x74, 0x73, 0x0a, 0x0a
  .byte 0x7c, 0x20, 0x53, 0x63, 0x72, 0x69, 0x70, 0x74, 0x20, 0x20, 0x20, 0x20, 0x20, 0x20, 0x20, 0x20
  .byte 0x20, 0x20, 0x20, 0x20, 0x20, 0x20, 0x20, 0x20, 0x20, 0x7c, 0x20, 0x44, 0x65, 0x73, 0x63, 0x72
  .byte 0x69, 0x70, 0x74, 0x69, 0x6f, 0x6e, 0x20, 0x20, 0x20, 0x20, 0x20, 0x20, 0x20, 0x20, 0x20, 0x20
  .byte 0x20, 0x20, 0x20, 0x20, 0x20, 0x20, 0x20, 0x20, 0x20, 0x20, 0x20, 0x20, 0x20, 0x20, 0x20, 0x20
  .byte 0x20, 0x20, 0x20, 0x20, 0x20, 0x20, 0x20, 0x20, 0x20, 0x20, 0x20, 0x20, 0x7c, 0x0a, 0x7c, 0x20
  .byte 0x2d, 0x2d, 0x2d, 0x2d, 0x2d, 0x2d, 0x2d, 0x2d, 0x2d, 0x2d, 0x2d, 0x2d, 0x2d, 0x2d, 0x2d, 0x2d
  .byte 0x2d, 0x2d, 0x2d, 0x2d, 0x2d, 0x2d, 0x20, 0x7c, 0x20, 0x2d, 0x2d, 0x2d, 0x2d, 0x2d, 0x2d, 0x2d
  .byte 0x2d, 0x2d, 0x2d, 0x2d, 0x2d, 0x2d, 0x2d, 0x2d, 0x2d, 0x2d, 0x2d, 0x2d, 0x2d, 0x2d, 0x2d, 0x2d
  .byte 0x2d, 0x2d, 0x2d, 0x2d, 0x2d, 0x2d, 0x2d, 0x2d, 0x2d, 0x2d, 0x2d, 0x2d, 0x2d, 0x2d, 0x2d, 0x2d
  .byte 0x2d, 0x2d, 0x2d, 0x2d, 0x2d, 0x2d, 0x2d, 0x2d, 0x2d, 0x20, 0x7c, 0x0a, 0x7c, 0x20, 0x60, 0x70
  .byte 0x6e, 0x70, 0x6d, 0x20, 0x64, 0x65, 0x76, 0x3a, 0x62, 0x61, 0x63, 0x6b, 0x65, 0x6e, 0x64, 0x60
  .byte 0x20, 0x20, 0x20, 0x20, 0x20, 0x7c, 0x20, 0x53, 0x74, 0x61, 0x72, 0x74, 0x20, 0x74, 0x68, 0x65
  .byte 0x20, 0x4e, 0x65, 0x78, 0x74, 0x2e, 0x6a, 0x73, 0x20, 0x41, 0x50, 0x49, 0x20, 0x73, 0x65, 0x72
  .byte 0x76, 0x65, 0x72, 0x20, 0x20, 0x20, 0x20, 0x20, 0x20, 0x20, 0x20, 0x20, 0x20, 0x20, 0x20, 0x20
  .byte 0x20, 0x20, 0x20, 0x20, 0x20, 0x20, 0x20, 0x20, 0x7c, 0x0a, 0x7c, 0x20, 0x60, 0x70, 0x6e, 0x70
  .byte 0x6d, 0x20, 0x64, 0x65, 0x76, 0x3a, 0x6d, 0x6f, 0x62, 0x69, 0x6c, 0x65, 0x60, 0x20, 0x20, 0x20
  .byte 0x20, 0x20, 0x20, 0x7c, 0x20, 0x53, 0x74, 0x61, 0x72, 0x74, 0x20, 0x74, 0x68, 0x65, 0x20, 0x45
  .byte 0x78, 0x70, 0x6f, 0x20, 0x64, 0x65, 0x76, 0x20, 0x73, 0x65, 0x72, 0x76, 0x65, 0x72, 0x20, 0x20
  .byte 0x20, 0x20, 0x20, 0x20, 0x20, 0x20, 0x20, 0x20, 0x20, 0x20, 0x20, 0x20, 0x20, 0x20, 0x20, 0x20
  .byte 0x20, 0x20, 0x20, 0x20, 0x20, 0x20, 0x7c, 0x0a, 0x7c, 0x20, 0x60, 0x70, 0x6e, 0x70, 0x6d, 0x20
  .byte 0x67, 0x65, 0x6e, 0x65, 0x72, 0x61, 0x74, 0x65, 0x3a, 0x70, 0x72, 0x6f, 0x6d, 0x70, 0x74, 0x60
  .byte 0x20, 0x7c, 0x20, 0x52, 0x65, 0x67, 0x65, 0x6e, 0x65, 0x72, 0x61, 0x74, 0x65, 0x20, 0x60, 0x73
  .byte 0x79, 0x73, 0x74, 0x65, 0x6d, 0x2d, 0x70, 0x72, 0x6f, 0x6d, 0x70, 0x74, 0x2e, 0x74, 0x78, 0x74
  .byte 0x60, 0x20, 0x66, 0x72, 0x6f, 0x6d, 0x20, 0x60, 0x6c, 0x69, 0x62, 0x72, 0x61, 0x72, 0x79, 0x2e
  .byte 0x74, 0x73, 0x60, 0x20, 0x7c, 0x0a, 0x0a, 0x23, 0x23, 0x20, 0x4c, 0x65, 0x61, 0x72, 0x6e, 0x20
  .byte 0x4d, 0x6f, 0x72, 0x65, 0x0a, 0x0a, 0x2d, 0x20, 0x5b, 0x4f, 0x70, 0x65, 0x6e, 0x55, 0x49, 0x20
  .byte 0x4c, 0x61, 0x6e, 0x67, 0x20, 0x6f, 0x76, 0x65, 0x72, 0x76, 0x69, 0x65, 0x77, 0x5d, 0x28, 0x68
  .byte 0x74, 0x74, 0x70, 0x73, 0x3a, 0x2f, 0x2f, 0x77, 0x77, 0x77, 0x2e, 0x6f, 0x70, 0x65, 0x6e, 0x75
  .byte 0x69, 0x2e, 0x63, 0x6f, 0x6d, 0x2f, 0x64, 0x6f, 0x63, 0x73, 0x2f, 0x6f, 0x70, 0x65, 0x6e, 0x75
  .byte 0x69, 0x2d, 0x6c, 0x61, 0x6e, 0x67, 0x2f, 0x6f, 0x76, 0x65, 0x72, 0x76, 0x69, 0x65, 0x77, 0x29
  .byte 0x20, 0xe2, 0x80, 0x94, 0x20, 0x63, 0x6f, 0x72, 0x65, 0x20, 0x62, 0x75, 0x69, 0x6c, 0x64, 0x69
  .byte 0x6e, 0x67, 0x20, 0x62, 0x6c, 0x6f, 0x63, 0x6b, 0x73, 0x3a, 0x20, 0x4c, 0x69, 0x62, 0x72, 0x61
  .byte 0x72, 0x79, 0x2c, 0x20, 0x50, 0x72, 0x6f, 0x6d, 0x70, 0x74, 0x20, 0x47, 0x65, 0x6e, 0x65, 0x72
  .byte 0x61, 0x74, 0x6f, 0x72, 0x2c, 0x20, 0x50, 0x61, 0x72, 0x73, 0x65, 0x72, 0x2c, 0x20, 0x52, 0x65
  .byte 0x6e, 0x64, 0x65, 0x72, 0x65, 0x72, 0x0a, 0x2d, 0x20, 0x5b, 0x60, 0x40, 0x6f, 0x70, 0x65, 0x6e
  .byte 0x75, 0x69, 0x64, 0x65, 0x76, 0x2f, 0x72, 0x65, 0x61, 0x63, 0x74, 0x2d, 0x6c, 0x61, 0x6e, 0x67
  .byte 0x60, 0x20, 0x70, 0x61, 0x63, 0x6b, 0x61, 0x67, 0x65, 0x5d, 0x28, 0x2e, 0x2e, 0x2f, 0x2e, 0x2e
  .byte 0x2f, 0x70, 0x61, 0x63, 0x6b, 0x61, 0x67, 0x65, 0x73, 0x2f, 0x72, 0x65, 0x61, 0x63, 0x74, 0x2d
  .byte 0x6c, 0x61, 0x6e, 0x67, 0x29, 0x0a

  .globl openui_full_port_examples_openui_react_native_README_md_6cf101ebb750_pass_3_len
openui_full_port_examples_openui_react_native_README_md_6cf101ebb750_pass_3_len:
  .quad 4918

# assembly pass: 4/4
  .globl openui_full_port_examples_openui_react_native_README_md_6cf101ebb750_pass_4
openui_full_port_examples_openui_react_native_README_md_6cf101ebb750_pass_4:
  .byte 0x23, 0x20, 0x4f, 0x70, 0x65, 0x6e, 0x55, 0x49, 0x20, 0x52, 0x65, 0x61, 0x63, 0x74, 0x20, 0x4e
  .byte 0x61, 0x74, 0x69, 0x76, 0x65, 0x20, 0x45, 0x78, 0x61, 0x6d, 0x70, 0x6c, 0x65, 0x0a, 0x0a, 0x41
  .byte 0x20, 0x66, 0x75, 0x6c, 0x6c, 0x2d, 0x73, 0x74, 0x61, 0x63, 0x6b, 0x20, 0x65, 0x78, 0x61, 0x6d
  .byte 0x70, 0x6c, 0x65, 0x20, 0x74, 0x68, 0x61, 0x74, 0x20, 0x64, 0x65, 0x6d, 0x6f, 0x6e, 0x73, 0x74
  .byte 0x72, 0x61, 0x74, 0x65, 0x73, 0x20, 0x75, 0x73, 0x69, 0x6e, 0x67, 0x20, 0x60, 0x40, 0x6f, 0x70
  .byte 0x65, 0x6e, 0x75, 0x69, 0x64, 0x65, 0x76, 0x2f, 0x72, 0x65, 0x61, 0x63, 0x74, 0x2d, 0x6c, 0x61
  .byte 0x6e, 0x67, 0x60, 0x20, 0x69, 0x6e, 0x20, 0x61, 0x20, 0x52, 0x65, 0x61, 0x63, 0x74, 0x20, 0x4e
  .byte 0x61, 0x74, 0x69, 0x76, 0x65, 0x20, 0x28, 0x45, 0x78, 0x70, 0x6f, 0x29, 0x20, 0x61, 0x70, 0x70
  .byte 0x20, 0x77, 0x69, 0x74, 0x68, 0x20, 0x61, 0x20, 0x4e, 0x65, 0x78, 0x74, 0x2e, 0x6a, 0x73, 0x20
  .byte 0x41, 0x50, 0x49, 0x20, 0x62, 0x61, 0x63, 0x6b, 0x65, 0x6e, 0x64, 0x2e, 0x20, 0x54, 0x68, 0x65
  .byte 0x20, 0x4c, 0x4c, 0x4d, 0x20, 0x73, 0x74, 0x72, 0x65, 0x61, 0x6d, 0x73, 0x20, 0x72, 0x65, 0x73
  .byte 0x70, 0x6f, 0x6e, 0x73, 0x65, 0x73, 0x20, 0x69, 0x6e, 0x20, 0x5b, 0x4f, 0x70, 0x65, 0x6e, 0x55
  .byte 0x49, 0x20, 0x4c, 0x61, 0x6e, 0x67, 0x5d, 0x28, 0x68, 0x74, 0x74, 0x70, 0x73, 0x3a, 0x2f, 0x2f
  .byte 0x77, 0x77, 0x77, 0x2e, 0x6f, 0x70, 0x65, 0x6e, 0x75, 0x69, 0x2e, 0x63, 0x6f, 0x6d, 0x2f, 0x64
  .byte 0x6f, 0x63, 0x73, 0x2f, 0x6f, 0x70, 0x65, 0x6e, 0x75, 0x69, 0x2d, 0x6c, 0x61, 0x6e, 0x67, 0x2f
  .byte 0x6f, 0x76, 0x65, 0x72, 0x76, 0x69, 0x65, 0x77, 0x29, 0x20, 0x61, 0x6e, 0x64, 0x20, 0x74, 0x68
  .byte 0x65, 0x20, 0x6d, 0x6f, 0x62, 0x69, 0x6c, 0x65, 0x20, 0x63, 0x6c, 0x69, 0x65, 0x6e, 0x74, 0x20
  .byte 0x72, 0x65, 0x6e, 0x64, 0x65, 0x72, 0x73, 0x20, 0x74, 0x68, 0x65, 0x6d, 0x20, 0x61, 0x73, 0x20
  .byte 0x6e, 0x61, 0x74, 0x69, 0x76, 0x65, 0x20, 0x63, 0x6f, 0x6d, 0x70, 0x6f, 0x6e, 0x65, 0x6e, 0x74
  .byte 0x73, 0x20, 0x69, 0x6e, 0x20, 0x72, 0x65, 0x61, 0x6c, 0x20, 0x74, 0x69, 0x6d, 0x65, 0x2e, 0x0a
  .byte 0x0a, 0x3c, 0x76, 0x69, 0x64, 0x65, 0x6f, 0x20, 0x73, 0x72, 0x63, 0x3d, 0x22, 0x2e, 0x2e, 0x2f
  .byte 0x2e, 0x2e, 0x2f, 0x64, 0x6f, 0x63, 0x73, 0x2f, 0x70, 0x75, 0x62, 0x6c, 0x69, 0x63, 0x2f, 0x76
  .byte 0x69, 0x64, 0x65, 0x6f, 0x73, 0x2f, 0x72, 0x65, 0x61, 0x63, 0x74, 0x2d, 0x6e, 0x61, 0x74, 0x69
  .byte 0x76, 0x65, 0x2d, 0x64, 0x65, 0x6d, 0x6f, 0x2e, 0x6d, 0x70, 0x34, 0x22, 0x20, 0x0a, 0x20, 0x20
  .byte 0x20, 0x20, 0x6e, 0x6f, 0x43, 0x6f, 0x6e, 0x74, 0x72, 0x6f, 0x6c, 0x73, 0x0a, 0x20, 0x20, 0x20
  .byte 0x20, 0x70, 0x6c, 0x61, 0x79, 0x73, 0x49, 0x6e, 0x6c, 0x69, 0x6e, 0x65, 0x0a, 0x20, 0x20, 0x20
  .byte 0x20, 0x6d, 0x75, 0x74, 0x65, 0x64, 0x0a, 0x20, 0x20, 0x20, 0x20, 0x70, 0x72, 0x65, 0x6c, 0x6f
  .byte 0x61, 0x64, 0x3d, 0x22, 0x6d, 0x65, 0x74, 0x61, 0x64, 0x61, 0x74, 0x61, 0x22, 0x0a, 0x20, 0x20
  .byte 0x20, 0x20, 0x63, 0x6c, 0x61, 0x73, 0x73, 0x4e, 0x61, 0x6d, 0x65, 0x3d, 0x22, 0x68, 0x2d, 0x5b
  .byte 0x36, 0x30, 0x30, 0x70, 0x78, 0x5d, 0x20, 0x72, 0x6f, 0x75, 0x6e, 0x64, 0x65, 0x64, 0x2d, 0x6c
  .byte 0x67, 0x20, 0x6d, 0x2d, 0x61, 0x75, 0x74, 0x6f, 0x22, 0x0a, 0x20, 0x20, 0x20, 0x20, 0x61, 0x75
  .byte 0x74, 0x6f, 0x50, 0x6c, 0x61, 0x79, 0x0a, 0x20, 0x20, 0x20, 0x20, 0x6c, 0x6f, 0x6f, 0x70, 0x0a
  .byte 0x2f, 0x3e, 0x0a, 0x0a, 0x23, 0x23, 0x20, 0x41, 0x72, 0x63, 0x68, 0x69, 0x74, 0x65, 0x63, 0x74
  .byte 0x75, 0x72, 0x65, 0x0a, 0x0a, 0x60, 0x60, 0x60, 0x0a, 0xe2, 0x94, 0x8c, 0xe2, 0x94, 0x80, 0xe2
  .byte 0x94, 0x80, 0xe2, 0x94, 0x80, 0xe2, 0x94, 0x80, 0xe2, 0x94, 0x80, 0xe2, 0x94, 0x80, 0xe2, 0x94
  .byte 0x80, 0xe2, 0x94, 0x80, 0xe2, 0x94, 0x80, 0xe2, 0x94, 0x80, 0xe2, 0x94, 0x80, 0xe2, 0x94, 0x80
  .byte 0xe2, 0x94, 0x80, 0xe2, 0x94, 0x80, 0xe2, 0x94, 0x80, 0xe2, 0x94, 0x80, 0xe2, 0x94, 0x80, 0xe2
  .byte 0x94, 0x80, 0xe2, 0x94, 0x80, 0xe2, 0x94, 0x80, 0xe2, 0x94, 0x80, 0xe2, 0x94, 0x80, 0xe2, 0x94
  .byte 0x80, 0xe2, 0x94, 0x80, 0xe2, 0x94, 0x80, 0xe2, 0x94, 0x80, 0xe2, 0x94, 0x80, 0xe2, 0x94, 0x80
  .byte 0xe2, 0x94, 0x80, 0xe2, 0x94, 0x90, 0x20, 0x20, 0x20, 0x20, 0x20, 0x20, 0x20, 0x20, 0xe2, 0x94
  .byte 0x8c, 0xe2, 0x94, 0x80, 0xe2, 0x94, 0x80, 0xe2, 0x94, 0x80, 0xe2, 0x94, 0x80, 0xe2, 0x94, 0x80
  .byte 0xe2, 0x94, 0x80, 0xe2, 0x94, 0x80, 0xe2, 0x94, 0x80, 0xe2, 0x94, 0x80, 0xe2, 0x94, 0x80, 0xe2
  .byte 0x94, 0x80, 0xe2, 0x94, 0x80, 0xe2, 0x94, 0x80, 0xe2, 0x94, 0x80, 0xe2, 0x94, 0x80, 0xe2, 0x94
  .byte 0x80, 0xe2, 0x94, 0x80, 0xe2, 0x94, 0x80, 0xe2, 0x94, 0x80, 0xe2, 0x94, 0x80, 0xe2, 0x94, 0x80
  .byte 0xe2, 0x94, 0x80, 0xe2, 0x94, 0x80, 0xe2, 0x94, 0x80, 0xe2, 0x94, 0x80, 0xe2, 0x94, 0x80, 0xe2
  .byte 0x94, 0x90, 0x0a, 0xe2, 0x94, 0x82, 0x20, 0x20, 0x20, 0x52, 0x65, 0x61, 0x63, 0x74, 0x20, 0x4e
  .byte 0x61, 0x74, 0x69, 0x76, 0x65, 0x20, 0x28, 0x45, 0x78, 0x70, 0x6f, 0x29, 0x20, 0x61, 0x70, 0x70
  .byte 0x20, 0x20, 0x20, 0xe2, 0x94, 0x82, 0x20, 0x20, 0x48, 0x54, 0x54, 0x50, 0x20, 0x20, 0xe2, 0x94
  .byte 0x82, 0x20, 0x20, 0x20, 0x4e, 0x65, 0x78, 0x74, 0x2e, 0x6a, 0x73, 0x20, 0x62, 0x61, 0x63, 0x6b
  .byte 0x65, 0x6e, 0x64, 0x20, 0x28, 0x41, 0x50, 0x49, 0x29, 0x20, 0x20, 0xe2, 0x94, 0x82, 0x0a, 0xe2
  .byte 0x94, 0x82, 0x20, 0x20, 0x20, 0x20, 0x20, 0x20, 0x20, 0x20, 0x20, 0x20, 0x20, 0x20, 0x20, 0x20
  .byte 0x20, 0x20, 0x20, 0x20, 0x20, 0x20, 0x20, 0x20, 0x20, 0x20, 0x20, 0x20, 0x20, 0x20, 0x20, 0xe2
  .byte 0x94, 0x82, 0x20, 0xe2, 0x94, 0x80, 0xe2, 0x94, 0x80, 0xe2, 0x94, 0x80, 0xe2, 0x94, 0x80, 0xe2
  .byte 0x94, 0x80, 0xe2, 0x94, 0x80, 0xe2, 0x96, 0xba, 0xe2, 0x94, 0x82, 0x20, 0x20, 0x20, 0x20, 0x20
  .byte 0x20, 0x20, 0x20, 0x20, 0x20, 0x20, 0x20, 0x20, 0x20, 0x20, 0x20, 0x20, 0x20, 0x20, 0x20, 0x20
  .byte 0x20, 0x20, 0x20, 0x20, 0x20, 0xe2, 0x94, 0x82, 0x0a, 0xe2, 0x94, 0x82, 0x20, 0x20, 0xe2, 0x80
  .byte 0xa2, 0x20, 0x43, 0x68, 0x61, 0x74, 0x20, 0x55, 0x49, 0x20, 0x20, 0x20, 0x20, 0x20, 0x20, 0x20
  .byte 0x20, 0x20, 0x20, 0x20, 0x20, 0x20, 0x20, 0x20, 0x20, 0x20, 0x20, 0xe2, 0x94, 0x82, 0x20, 0x20
  .byte 0x20, 0x20, 0x20, 0x20, 0x20, 0x20, 0xe2, 0x94, 0x82, 0x20, 0x20, 0xe2, 0x80, 0xa2, 0x20, 0x2f
  .byte 0x61, 0x70, 0x69, 0x2f, 0x63, 0x68, 0x61, 0x74, 0x20, 0x20, 0x28, 0x50, 0x4f, 0x53, 0x54, 0x29
  .byte 0x20, 0x20, 0x20, 0x20, 0x20, 0xe2, 0x94, 0x82, 0x0a, 0xe2, 0x94, 0x82, 0x20, 0x20, 0xe2, 0x80
  .byte 0xa2, 0x20, 0x3c, 0x52, 0x65, 0x6e, 0x64, 0x65, 0x72, 0x65, 0x72, 0x20, 0x2f, 0x3e, 0x20, 0x70
  .byte 0x61, 0x72, 0x73, 0x69, 0x6e, 0x67, 0x20, 0x20, 0x20, 0x20, 0x20, 0xe2, 0x94, 0x82, 0xe2, 0x97
  .byte 0x84, 0xe2, 0x94, 0x80, 0xe2, 0x94, 0x80, 0xe2, 0x94, 0x80, 0xe2, 0x94, 0x80, 0xe2, 0x94, 0x80
  .byte 0xe2, 0x94, 0x80, 0x20, 0xe2, 0x94, 0x82, 0x20, 0x20, 0xe2, 0x80, 0xa2, 0x20, 0x53, 0x74, 0x72
  .byte 0x65, 0x61, 0x6d, 0x73, 0x20, 0x4f, 0x70, 0x65, 0x6e, 0x55, 0x49, 0x20, 0x4c, 0x61, 0x6e, 0x67
  .byte 0x20, 0x20, 0x20, 0xe2, 0x94, 0x82, 0x0a, 0xe2, 0x94, 0x82, 0x20, 0x20, 0x20, 0x20, 0x73, 0x74
  .byte 0x72, 0x65, 0x61, 0x6d, 0x65, 0x64, 0x20, 0x4f, 0x70, 0x65, 0x6e, 0x55, 0x49, 0x20, 0x4c, 0x61
  .byte 0x6e, 0x67, 0x20, 0x20, 0x20, 0x20, 0x20, 0x20, 0xe2, 0x94, 0x82, 0x20, 0x20, 0x73, 0x74, 0x72
  .byte 0x65, 0x61, 0x6d, 0xe2, 0x94, 0x82, 0x20, 0x20, 0x20, 0x20, 0x66, 0x72, 0x6f, 0x6d, 0x20, 0x47
  .byte 0x50, 0x54, 0x20, 0x20, 0x20, 0x20, 0x20, 0x20, 0x20, 0x20, 0x20, 0x20, 0x20, 0x20, 0x20, 0x20
  .byte 0xe2, 0x94, 0x82, 0x0a, 0xe2, 0x94, 0x82, 0x20, 0x20, 0xe2, 0x80, 0xa2, 0x20, 0x4e, 0x61, 0x74
  .byte 0x69, 0x76, 0x65, 0x20, 0x63, 0x68, 0x61, 0x72, 0x74, 0x20, 0x63, 0x6f, 0x6d, 0x70, 0x6f, 0x6e
  .byte 0x65, 0x6e, 0x74, 0x73, 0x20, 0x20, 0xe2, 0x94, 0x82, 0x20, 0x20, 0x20, 0x20, 0x20, 0x20, 0x20
  .byte 0x20, 0xe2, 0x94, 0x82, 0x20, 0x20, 0xe2, 0x80, 0xa2, 0x20, 0x43, 0x4f, 0x52, 0x53, 0x20, 0x65
  .byte 0x6e, 0x61, 0x62, 0x6c, 0x65, 0x64, 0x20, 0x20, 0x20, 0x20, 0x20, 0x20, 0x20, 0x20, 0x20, 0x20
  .byte 0xe2, 0x94, 0x82, 0x0a, 0xe2, 0x94, 0x94, 0xe2, 0x94, 0x80, 0xe2, 0x94, 0x80, 0xe2, 0x94, 0x80
  .byte 0xe2, 0x94, 0x80, 0xe2, 0x94, 0x80, 0xe2, 0x94, 0x80, 0xe2, 0x94, 0x80, 0xe2, 0x94, 0x80, 0xe2
  .byte 0x94, 0x80, 0xe2, 0x94, 0x80, 0xe2, 0x94, 0x80, 0xe2, 0x94, 0x80, 0xe2, 0x94, 0x80, 0xe2, 0x94
  .byte 0x80, 0xe2, 0x94, 0x80, 0xe2, 0x94, 0x80, 0xe2, 0x94, 0x80, 0xe2, 0x94, 0x80, 0xe2, 0x94, 0x80
  .byte 0xe2, 0x94, 0x80, 0xe2, 0x94, 0x80, 0xe2, 0x94, 0x80, 0xe2, 0x94, 0x80, 0xe2, 0x94, 0x80, 0xe2
  .byte 0x94, 0x80, 0xe2, 0x94, 0x80, 0xe2, 0x94, 0x80, 0xe2, 0x94, 0x80, 0xe2, 0x94, 0x80, 0xe2, 0x94
  .byte 0x98, 0x20, 0x20, 0x20, 0x20, 0x20, 0x20, 0x20, 0x20, 0xe2, 0x94, 0x94, 0xe2, 0x94, 0x80, 0xe2
  .byte 0x94, 0x80, 0xe2, 0x94, 0x80, 0xe2, 0x94, 0x80, 0xe2, 0x94, 0x80, 0xe2, 0x94, 0x80, 0xe2, 0x94
  .byte 0x80, 0xe2, 0x94, 0x80, 0xe2, 0x94, 0x80, 0xe2, 0x94, 0x80, 0xe2, 0x94, 0x80, 0xe2, 0x94, 0x80
  .byte 0xe2, 0x94, 0x80, 0xe2, 0x94, 0x80, 0xe2, 0x94, 0x80, 0xe2, 0x94, 0x80, 0xe2, 0x94, 0x80, 0xe2
  .byte 0x94, 0x80, 0xe2, 0x94, 0x80, 0xe2, 0x94, 0x80, 0xe2, 0x94, 0x80, 0xe2, 0x94, 0x80, 0xe2, 0x94
  .byte 0x80, 0xe2, 0x94, 0x80, 0xe2, 0x94, 0x80, 0xe2, 0x94, 0x80, 0xe2, 0x94, 0x98, 0x0a, 0x60, 0x60
  .byte 0x60, 0x0a, 0x0a, 0x23, 0x23, 0x20, 0x50, 0x72, 0x6f, 0x6a, 0x65, 0x63, 0x74, 0x20, 0x53, 0x74
  .byte 0x72, 0x75, 0x63, 0x74, 0x75, 0x72, 0x65, 0x0a, 0x0a, 0x60, 0x60, 0x60, 0x0a, 0x6f, 0x70, 0x65
  .byte 0x6e, 0x75, 0x69, 0x2d, 0x72, 0x65, 0x61, 0x63, 0x74, 0x2d, 0x6e, 0x61, 0x74, 0x69, 0x76, 0x65
  .byte 0x2f, 0x0a, 0xe2, 0x94, 0x9c, 0xe2, 0x94, 0x80, 0xe2, 0x94, 0x80, 0x20, 0x70, 0x61, 0x63, 0x6b
  .byte 0x61, 0x67, 0x65, 0x2e, 0x6a, 0x73, 0x6f, 0x6e, 0x20, 0x20, 0x20, 0x20, 0x20, 0x20, 0x20, 0x20
  .byte 0x20, 0x20, 0x20, 0x20, 0x20, 0x20, 0x23, 0x20, 0x52, 0x6f, 0x6f, 0x74, 0x20, 0x77, 0x6f, 0x72
  .byte 0x6b, 0x73, 0x70, 0x61, 0x63, 0x65, 0x20, 0x73, 0x63, 0x72, 0x69, 0x70, 0x74, 0x73, 0x0a, 0xe2
  .byte 0x94, 0x94, 0xe2, 0x94, 0x80, 0xe2, 0x94, 0x80, 0x20, 0x62, 0x61, 0x63, 0x6b, 0x65, 0x6e, 0x64
  .byte 0x2f, 0x20, 0x20, 0x20, 0x20, 0x20, 0x20, 0x20, 0x20, 0x20, 0x20, 0x20, 0x20, 0x20, 0x20, 0x20
  .byte 0x20, 0x20, 0x20, 0x23, 0x20, 0x4e, 0x65, 0x78, 0x74, 0x2e, 0x6a, 0x73, 0x20, 0x41, 0x50, 0x49
  .byte 0x20, 0x73, 0x65, 0x72, 0x76, 0x65, 0x72, 0x0a, 0x20, 0x20, 0x20, 0x20, 0xe2, 0x94, 0x9c, 0xe2
  .byte 0x94, 0x80, 0xe2, 0x94, 0x80, 0x20, 0x73, 0x72, 0x63, 0x2f, 0x0a, 0x20, 0x20, 0x20, 0x20, 0xe2
  .byte 0x94, 0x82, 0x20, 0x20, 0x20, 0xe2, 0x94, 0x9c, 0xe2, 0x94, 0x80, 0xe2, 0x94, 0x80, 0x20, 0x6c
  .byte 0x69, 0x62, 0x72, 0x61, 0x72, 0x79, 0x2e, 0x74, 0x73, 0x20, 0x20, 0x20, 0x20, 0x20, 0x20, 0x20
  .byte 0x20, 0x23, 0x20, 0x43, 0x6f, 0x6d, 0x70, 0x6f, 0x6e, 0x65, 0x6e, 0x74, 0x20, 0x6c, 0x69, 0x62
  .byte 0x72, 0x61, 0x72, 0x79, 0x20, 0x64, 0x65, 0x66, 0x69, 0x6e, 0x69, 0x74, 0x69, 0x6f, 0x6e, 0x20
  .byte 0x28, 0x4e, 0x6f, 0x64, 0x65, 0x2d, 0x63, 0x6f, 0x6d, 0x70, 0x61, 0x74, 0x69, 0x62, 0x6c, 0x65
  .byte 0x29, 0x0a, 0x20, 0x20, 0x20, 0x20, 0xe2, 0x94, 0x82, 0x20, 0x20, 0x20, 0xe2, 0x94, 0x9c, 0xe2
  .byte 0x94, 0x80, 0xe2, 0x94, 0x80, 0x20, 0x73, 0x79, 0x73, 0x74, 0x65, 0x6d, 0x2d, 0x70, 0x72, 0x6f
  .byte 0x6d, 0x70, 0x74, 0x2e, 0x74, 0x78, 0x74, 0x20, 0x23, 0x20, 0x41, 0x75, 0x74, 0x6f, 0x2d, 0x67
  .byte 0x65, 0x6e, 0x65, 0x72, 0x61, 0x74, 0x65, 0x64, 0x20, 0x66, 0x72, 0x6f, 0x6d, 0x20, 0x6c, 0x69
  .byte 0x62, 0x72, 0x61, 0x72, 0x79, 0x2e, 0x74, 0x73, 0x0a, 0x20, 0x20, 0x20, 0x20, 0xe2, 0x94, 0x82
  .byte 0x20, 0x20, 0x20, 0xe2, 0x94, 0x94, 0xe2, 0x94, 0x80, 0xe2, 0x94, 0x80, 0x20, 0x61, 0x70, 0x70
  .byte 0x2f, 0x61, 0x70, 0x69, 0x2f, 0x63, 0x68, 0x61, 0x74, 0x2f, 0x0a, 0x20, 0x20, 0x20, 0x20, 0xe2
  .byte 0x94, 0x82, 0x20, 0x20, 0x20, 0x20, 0x20, 0x20, 0x20, 0xe2, 0x94, 0x94, 0xe2, 0x94, 0x80, 0xe2
  .byte 0x94, 0x80, 0x20, 0x72, 0x6f, 0x75, 0x74, 0x65, 0x2e, 0x74, 0x73, 0x20, 0x20, 0x20, 0x20, 0x20
  .byte 0x20, 0x23, 0x20, 0x53, 0x74, 0x72, 0x65, 0x61, 0x6d, 0x69, 0x6e, 0x67, 0x20, 0x63, 0x68, 0x61
  .byte 0x74, 0x20, 0x65, 0x6e, 0x64, 0x70, 0x6f, 0x69, 0x6e, 0x74, 0x0a, 0x20, 0x20, 0x20, 0x20, 0xe2
  .byte 0x94, 0x94, 0xe2, 0x94, 0x80, 0xe2, 0x94, 0x80, 0x20, 0x65, 0x6e, 0x76, 0x2e, 0x65, 0x78, 0x61
  .byte 0x6d, 0x70, 0x6c, 0x65, 0x0a, 0x60, 0x60, 0x60, 0x0a, 0x0a, 0x3e, 0x20, 0x54, 0x68, 0x65, 0x20
  .byte 0x52, 0x65, 0x61, 0x63, 0x74, 0x20, 0x4e, 0x61, 0x74, 0x69, 0x76, 0x65, 0x20, 0x61, 0x70, 0x70
  .byte 0x20, 0x6c, 0x69, 0x76, 0x65, 0x73, 0x20, 0x69, 0x6e, 0x20, 0x61, 0x20, 0x73, 0x69, 0x62, 0x6c
  .byte 0x69, 0x6e, 0x67, 0x20, 0x60, 0x72, 0x65, 0x61, 0x63, 0x74, 0x2d, 0x6e, 0x61, 0x74, 0x69, 0x76
  .byte 0x65, 0x2d, 0x6f, 0x70, 0x65, 0x6e, 0x75, 0x69, 0x2f, 0x60, 0x20, 0x64, 0x69, 0x72, 0x65, 0x63
  .byte 0x74, 0x6f, 0x72, 0x79, 0x20, 0x28, 0x6e, 0x6f, 0x74, 0x20, 0x63, 0x68, 0x65, 0x63, 0x6b, 0x65
  .byte 0x64, 0x20, 0x69, 0x6e, 0x20, 0x68, 0x65, 0x72, 0x65, 0x29, 0x2e, 0x20, 0x54, 0x68, 0x65, 0x20
  .byte 0x72, 0x6f, 0x6f, 0x74, 0x20, 0x60, 0x70, 0x61, 0x63, 0x6b, 0x61, 0x67, 0x65, 0x2e, 0x6a, 0x73
  .byte 0x6f, 0x6e, 0x60, 0x20, 0x77, 0x69, 0x72, 0x65, 0x73, 0x20, 0x62, 0x6f, 0x74, 0x68, 0x20, 0x74
  .byte 0x6f, 0x67, 0x65, 0x74, 0x68, 0x65, 0x72, 0x20, 0x61, 0x73, 0x20, 0x61, 0x20, 0x70, 0x6e, 0x70
  .byte 0x6d, 0x20, 0x77, 0x6f, 0x72, 0x6b, 0x73, 0x70, 0x61, 0x63, 0x65, 0x2e, 0x0a, 0x0a, 0x23, 0x23
  .byte 0x20, 0x47, 0x65, 0x74, 0x74, 0x69, 0x6e, 0x67, 0x20, 0x53, 0x74, 0x61, 0x72, 0x74, 0x65, 0x64
  .byte 0x0a, 0x0a, 0x23, 0x23, 0x23, 0x20, 0x50, 0x72, 0x65, 0x72, 0x65, 0x71, 0x75, 0x69, 0x73, 0x69
  .byte 0x74, 0x65, 0x73, 0x0a, 0x0a, 0x2d, 0x20, 0x4e, 0x6f, 0x64, 0x65, 0x2e, 0x6a, 0x73, 0x20, 0x31
  .byte 0x38, 0x2b, 0x0a, 0x2d, 0x20, 0x70, 0x6e, 0x70, 0x6d, 0x0a, 0x2d, 0x20, 0x41, 0x6e, 0x20, 0x4f
  .byte 0x70, 0x65, 0x6e, 0x41, 0x49, 0x20, 0x41, 0x50, 0x49, 0x20, 0x6b, 0x65, 0x79, 0x0a, 0x0a, 0x23
  .byte 0x23, 0x23, 0x20, 0x31, 0x2e, 0x20, 0x49, 0x6e, 0x73, 0x74, 0x61, 0x6c, 0x6c, 0x20, 0x64, 0x65
  .byte 0x70, 0x65, 0x6e, 0x64, 0x65, 0x6e, 0x63, 0x69, 0x65, 0x73, 0x0a, 0x0a, 0x60, 0x60, 0x60, 0x62
  .byte 0x61, 0x73, 0x68, 0x0a, 0x70, 0x6e, 0x70, 0x6d, 0x20, 0x69, 0x6e, 0x73, 0x74, 0x61, 0x6c, 0x6c
  .byte 0x0a, 0x60, 0x60, 0x60, 0x0a, 0x0a, 0x23, 0x23, 0x23, 0x20, 0x32, 0x2e, 0x20, 0x43, 0x6f, 0x6e
  .byte 0x66, 0x69, 0x67, 0x75, 0x72, 0x65, 0x20, 0x74, 0x68, 0x65, 0x20, 0x62, 0x61, 0x63, 0x6b, 0x65
  .byte 0x6e, 0x64, 0x0a, 0x0a, 0x60, 0x60, 0x60, 0x62, 0x61, 0x73, 0x68, 0x0a, 0x63, 0x70, 0x20, 0x62
  .byte 0x61, 0x63, 0x6b, 0x65, 0x6e, 0x64, 0x2f, 0x65, 0x6e, 0x76, 0x2e, 0x65, 0x78, 0x61, 0x6d, 0x70
  .byte 0x6c, 0x65, 0x20, 0x62, 0x61, 0x63, 0x6b, 0x65, 0x6e, 0x64, 0x2f, 0x2e, 0x65, 0x6e, 0x76, 0x2e
  .byte 0x6c, 0x6f, 0x63, 0x61, 0x6c, 0x0a, 0x60, 0x60, 0x60, 0x0a, 0x0a, 0x41, 0x64, 0x64, 0x20, 0x79
  .byte 0x6f, 0x75, 0x72, 0x20, 0x6b, 0x65, 0x79, 0x20, 0x74, 0x6f, 0x20, 0x60, 0x62, 0x61, 0x63, 0x6b
  .byte 0x65, 0x6e, 0x64, 0x2f, 0x2e, 0x65, 0x6e, 0x76, 0x2e, 0x6c, 0x6f, 0x63, 0x61, 0x6c, 0x60, 0x3a
  .byte 0x0a, 0x0a, 0x60, 0x60, 0x60, 0x0a, 0x4f, 0x50, 0x45, 0x4e, 0x41, 0x49, 0x5f, 0x41, 0x50, 0x49
  .byte 0x5f, 0x4b, 0x45, 0x59, 0x3d, 0x73, 0x6b, 0x2d, 0x2e, 0x2e, 0x2e, 0x0a, 0x60, 0x60, 0x60, 0x0a
  .byte 0x0a, 0x23, 0x23, 0x23, 0x20, 0x33, 0x2e, 0x20, 0x47, 0x65, 0x6e, 0x65, 0x72, 0x61, 0x74, 0x65
  .byte 0x20, 0x74, 0x68, 0x65, 0x20, 0x73, 0x79, 0x73, 0x74, 0x65, 0x6d, 0x20, 0x70, 0x72, 0x6f, 0x6d
  .byte 0x70, 0x74, 0x0a, 0x0a, 0x54, 0x68, 0x65, 0x20, 0x5b, 0x50, 0x72, 0x6f, 0x6d, 0x70, 0x74, 0x20
  .byte 0x47, 0x65, 0x6e, 0x65, 0x72, 0x61, 0x74, 0x6f, 0x72, 0x5d, 0x28, 0x68, 0x74, 0x74, 0x70, 0x73
  .byte 0x3a, 0x2f, 0x2f, 0x77, 0x77, 0x77, 0x2e, 0x6f, 0x70, 0x65, 0x6e, 0x75, 0x69, 0x2e, 0x63, 0x6f
  .byte 0x6d, 0x2f, 0x64, 0x6f, 0x63, 0x73, 0x2f, 0x6f, 0x70, 0x65, 0x6e, 0x75, 0x69, 0x2d, 0x6c, 0x61
  .byte 0x6e, 0x67, 0x2f, 0x6f, 0x76, 0x65, 0x72, 0x76, 0x69, 0x65, 0x77, 0x29, 0x20, 0x63, 0x6f, 0x6d
  .byte 0x70, 0x69, 0x6c, 0x65, 0x73, 0x20, 0x60, 0x6c, 0x69, 0x62, 0x72, 0x61, 0x72, 0x79, 0x2e, 0x74
  .byte 0x73, 0x60, 0x20, 0x69, 0x6e, 0x74, 0x6f, 0x20, 0x60, 0x73, 0x79, 0x73, 0x74, 0x65, 0x6d, 0x2d
  .byte 0x70, 0x72, 0x6f, 0x6d, 0x70, 0x74, 0x2e, 0x74, 0x78, 0x74, 0x60, 0x20, 0xe2, 0x80, 0x94, 0x20
  .byte 0x63, 0x6f, 0x6e, 0x74, 0x61, 0x69, 0x6e, 0x69, 0x6e, 0x67, 0x20, 0x63, 0x6f, 0x6d, 0x70, 0x6f
  .byte 0x6e, 0x65, 0x6e, 0x74, 0x20, 0x73, 0x69, 0x67, 0x6e, 0x61, 0x74, 0x75, 0x72, 0x65, 0x73, 0x2c
  .byte 0x20, 0x73, 0x79, 0x6e, 0x74, 0x61, 0x78, 0x20, 0x72, 0x75, 0x6c, 0x65, 0x73, 0x2c, 0x20, 0x61
  .byte 0x6e, 0x64, 0x20, 0x73, 0x74, 0x72, 0x65, 0x61, 0x6d, 0x69, 0x6e, 0x67, 0x20, 0x67, 0x75, 0x69
  .byte 0x64, 0x65, 0x6c, 0x69, 0x6e, 0x65, 0x73, 0x20, 0x66, 0x6f, 0x72, 0x20, 0x74, 0x68, 0x65, 0x20
  .byte 0x4c, 0x4c, 0x4d, 0x3a, 0x0a, 0x0a, 0x60, 0x60, 0x60, 0x62, 0x61, 0x73, 0x68, 0x0a, 0x70, 0x6e
  .byte 0x70, 0x6d, 0x20, 0x67, 0x65, 0x6e, 0x65, 0x72, 0x61, 0x74, 0x65, 0x3a, 0x70, 0x72, 0x6f, 0x6d
  .byte 0x70, 0x74, 0x0a, 0x60, 0x60, 0x60, 0x0a, 0x0a, 0x23, 0x23, 0x23, 0x20, 0x34, 0x2e, 0x20, 0x53
  .byte 0x74, 0x61, 0x72, 0x74, 0x20, 0x74, 0x68, 0x65, 0x20, 0x62, 0x61, 0x63, 0x6b, 0x65, 0x6e, 0x64
  .byte 0x0a, 0x0a, 0x60, 0x60, 0x60, 0x62, 0x61, 0x73, 0x68, 0x0a, 0x70, 0x6e, 0x70, 0x6d, 0x20, 0x64
  .byte 0x65, 0x76, 0x3a, 0x62, 0x61, 0x63, 0x6b, 0x65, 0x6e, 0x64, 0x0a, 0x60, 0x60, 0x60, 0x0a, 0x0a
  .byte 0x54, 0x68, 0x65, 0x20, 0x41, 0x50, 0x49, 0x20, 0x77, 0x69, 0x6c, 0x6c, 0x20, 0x62, 0x65, 0x20
  .byte 0x61, 0x76, 0x61, 0x69, 0x6c, 0x61, 0x62, 0x6c, 0x65, 0x20, 0x61, 0x74, 0x20, 0x60, 0x68, 0x74
  .byte 0x74, 0x70, 0x3a, 0x2f, 0x2f, 0x6c, 0x6f, 0x63, 0x61, 0x6c, 0x68, 0x6f, 0x73, 0x74, 0x3a, 0x33
  .byte 0x30, 0x30, 0x30, 0x60, 0x2e, 0x0a, 0x0a, 0x23, 0x23, 0x23, 0x20, 0x35, 0x2e, 0x20, 0x53, 0x74
  .byte 0x61, 0x72, 0x74, 0x20, 0x74, 0x68, 0x65, 0x20, 0x6d, 0x6f, 0x62, 0x69, 0x6c, 0x65, 0x20, 0x61
  .byte 0x70, 0x70, 0x0a, 0x0a, 0x60, 0x60, 0x60, 0x62, 0x61, 0x73, 0x68, 0x0a, 0x70, 0x6e, 0x70, 0x6d
  .byte 0x20, 0x64, 0x65, 0x76, 0x3a, 0x6d, 0x6f, 0x62, 0x69, 0x6c, 0x65, 0x0a, 0x60, 0x60, 0x60, 0x0a
  .byte 0x0a, 0x23, 0x23, 0x20, 0x57, 0x68, 0x61, 0x74, 0x27, 0x73, 0x20, 0x69, 0x6e, 0x20, 0x54, 0x68
  .byte 0x69, 0x73, 0x20, 0x45, 0x78, 0x61, 0x6d, 0x70, 0x6c, 0x65, 0x0a, 0x0a, 0x23, 0x23, 0x23, 0x20
  .byte 0x60, 0x62, 0x61, 0x63, 0x6b, 0x65, 0x6e, 0x64, 0x2f, 0x73, 0x72, 0x63, 0x2f, 0x6c, 0x69, 0x62
  .byte 0x72, 0x61, 0x72, 0x79, 0x2e, 0x74, 0x73, 0x60, 0x0a, 0x0a, 0x44, 0x65, 0x66, 0x69, 0x6e, 0x65
  .byte 0x73, 0x20, 0x74, 0x68, 0x65, 0x20, 0x63, 0x75, 0x73, 0x74, 0x6f, 0x6d, 0x20, 0x63, 0x6f, 0x6d
  .byte 0x70, 0x6f, 0x6e, 0x65, 0x6e, 0x74, 0x20, 0x6c, 0x69, 0x62, 0x72, 0x61, 0x72, 0x79, 0x20, 0x75
  .byte 0x73, 0x69, 0x6e, 0x67, 0x20, 0x5b, 0x60, 0x64, 0x65, 0x66, 0x69, 0x6e, 0x65, 0x43, 0x6f, 0x6d
  .byte 0x70, 0x6f, 0x6e, 0x65, 0x6e, 0x74, 0x60, 0x5d, 0x28, 0x68, 0x74, 0x74, 0x70, 0x73, 0x3a, 0x2f
  .byte 0x2f, 0x77, 0x77, 0x77, 0x2e, 0x6f, 0x70, 0x65, 0x6e, 0x75, 0x69, 0x2e, 0x63, 0x6f, 0x6d, 0x2f
  .byte 0x64, 0x6f, 0x63, 0x73, 0x2f, 0x6f, 0x70, 0x65, 0x6e, 0x75, 0x69, 0x2d, 0x6c, 0x61, 0x6e, 0x67
  .byte 0x2f, 0x6f, 0x76, 0x65, 0x72, 0x76, 0x69, 0x65, 0x77, 0x29, 0x20, 0x61, 0x6e, 0x64, 0x20, 0x60
  .byte 0x63, 0x72, 0x65, 0x61, 0x74, 0x65, 0x4c, 0x69, 0x62, 0x72, 0x61, 0x72, 0x79, 0x60, 0x2e, 0x20
  .byte 0x54, 0x68, 0x69, 0x73, 0x20, 0x69, 0x73, 0x20, 0x61, 0x20, 0x2a, 0x2a, 0x4e, 0x6f, 0x64, 0x65
  .byte 0x2d, 0x63, 0x6f, 0x6d, 0x70, 0x61, 0x74, 0x69, 0x62, 0x6c, 0x65, 0x2a, 0x2a, 0x20, 0x76, 0x65
  .byte 0x72, 0x73, 0x69, 0x6f, 0x6e, 0x20, 0x28, 0x72, 0x65, 0x6e, 0x64, 0x65, 0x72, 0x65, 0x72, 0x73
  .byte 0x20, 0x73, 0x65, 0x74, 0x20, 0x74, 0x6f, 0x20, 0x60, 0x6e, 0x75, 0x6c, 0x6c, 0x60, 0x29, 0x20
  .byte 0x75, 0x73, 0x65, 0x64, 0x20, 0x6f, 0x6e, 0x6c, 0x79, 0x20, 0x62, 0x79, 0x20, 0x74, 0x68, 0x65
  .byte 0x20, 0x43, 0x4c, 0x49, 0x20, 0x74, 0x6f, 0x20, 0x67, 0x65, 0x6e, 0x65, 0x72, 0x61, 0x74, 0x65
  .byte 0x20, 0x74, 0x68, 0x65, 0x20, 0x73, 0x79, 0x73, 0x74, 0x65, 0x6d, 0x20, 0x70, 0x72, 0x6f, 0x6d
  .byte 0x70, 0x74, 0x20, 0xe2, 0x80, 0x94, 0x20, 0x74, 0x68, 0x65, 0x20, 0x62, 0x61, 0x63, 0x6b, 0x65
  .byte 0x6e, 0x64, 0x20, 0x6e, 0x65, 0x76, 0x65, 0x72, 0x20, 0x72, 0x65, 0x6e, 0x64, 0x65, 0x72, 0x73
  .byte 0x20, 0x63, 0x6f, 0x6d, 0x70, 0x6f, 0x6e, 0x65, 0x6e, 0x74, 0x73, 0x20, 0x69, 0x74, 0x73, 0x65
  .byte 0x6c, 0x66, 0x2e, 0x0a, 0x0a, 0x54, 0x68, 0x65, 0x20, 0x6c, 0x69, 0x62, 0x72, 0x61, 0x72, 0x79
  .byte 0x20, 0x65, 0x78, 0x70, 0x6f, 0x73, 0x65, 0x73, 0x20, 0x66, 0x69, 0x76, 0x65, 0x20, 0x63, 0x6f
  .byte 0x6d, 0x70, 0x6f, 0x6e, 0x65, 0x6e, 0x74, 0x73, 0x3a, 0x0a, 0x0a, 0x7c, 0x20, 0x43, 0x6f, 0x6d
  .byte 0x70, 0x6f, 0x6e, 0x65, 0x6e, 0x74, 0x20, 0x20, 0x20, 0x7c, 0x20, 0x44, 0x65, 0x73, 0x63, 0x72
  .byte 0x69, 0x70, 0x74, 0x69, 0x6f, 0x6e, 0x20, 0x20, 0x20, 0x20, 0x20, 0x20, 0x20, 0x20, 0x20, 0x20
  .byte 0x20, 0x20, 0x20, 0x20, 0x20, 0x20, 0x20, 0x20, 0x20, 0x20, 0x20, 0x20, 0x20, 0x20, 0x20, 0x20
  .byte 0x20, 0x20, 0x20, 0x20, 0x20, 0x20, 0x20, 0x20, 0x20, 0x20, 0x20, 0x20, 0x20, 0x20, 0x20, 0x20
  .byte 0x20, 0x20, 0x20, 0x20, 0x20, 0x20, 0x7c, 0x0a, 0x7c, 0x20, 0x2d, 0x2d, 0x2d, 0x2d, 0x2d, 0x2d
  .byte 0x2d, 0x2d, 0x2d, 0x2d, 0x2d, 0x20, 0x7c, 0x20, 0x2d, 0x2d, 0x2d, 0x2d, 0x2d, 0x2d, 0x2d, 0x2d
  .byte 0x2d, 0x2d, 0x2d, 0x2d, 0x2d, 0x2d, 0x2d, 0x2d, 0x2d, 0x2d, 0x2d, 0x2d, 0x2d, 0x2d, 0x2d, 0x2d
  .byte 0x2d, 0x2d, 0x2d, 0x2d, 0x2d, 0x2d, 0x2d, 0x2d, 0x2d, 0x2d, 0x2d, 0x2d, 0x2d, 0x2d, 0x2d, 0x2d
  .byte 0x2d, 0x2d, 0x2d, 0x2d, 0x2d, 0x2d, 0x2d, 0x2d, 0x2d, 0x2d, 0x2d, 0x2d, 0x2d, 0x2d, 0x2d, 0x2d
  .byte 0x2d, 0x2d, 0x20, 0x7c, 0x0a, 0x7c, 0x20, 0x60, 0x43, 0x61, 0x72, 0x64, 0x60, 0x20, 0x20, 0x20
  .byte 0x20, 0x20, 0x20, 0x7c, 0x20, 0x52, 0x6f, 0x6f, 0x74, 0x20, 0x63, 0x6f, 0x6e, 0x74, 0x61, 0x69
  .byte 0x6e, 0x65, 0x72, 0x20, 0xe2, 0x80, 0x94, 0x20, 0x65, 0x76, 0x65, 0x72, 0x79, 0x20, 0x72, 0x65
  .byte 0x73, 0x70, 0x6f, 0x6e, 0x73, 0x65, 0x20, 0x69, 0x73, 0x20, 0x77, 0x72, 0x61, 0x70, 0x70, 0x65
  .byte 0x64, 0x20, 0x69, 0x6e, 0x20, 0x6f, 0x6e, 0x65, 0x20, 0x20, 0x20, 0x20, 0x20, 0x20, 0x20, 0x20
  .byte 0x20, 0x20, 0x7c, 0x0a, 0x7c, 0x20, 0x60, 0x54, 0x65, 0x78, 0x74, 0x60, 0x20, 0x20, 0x20, 0x20
  .byte 0x20, 0x20, 0x7c, 0x20, 0x54, 0x65, 0x78, 0x74, 0x20, 0x77, 0x69, 0x74, 0x68, 0x20, 0x6f, 0x70
  .byte 0x74, 0x69, 0x6f, 0x6e, 0x61, 0x6c, 0x20, 0x60, 0x68, 0x65, 0x61, 0x64, 0x69, 0x6e, 0x67, 0x60
  .byte 0x2c, 0x20, 0x60, 0x62, 0x6f, 0x64, 0x79, 0x60, 0x2c, 0x20, 0x6f, 0x72, 0x20, 0x60, 0x63, 0x61
  .byte 0x70, 0x74, 0x69, 0x6f, 0x6e, 0x60, 0x20, 0x76, 0x61, 0x72, 0x69, 0x61, 0x6e, 0x74, 0x20, 0x7c
  .byte 0x0a, 0x7c, 0x20, 0x60, 0x42, 0x61, 0x72, 0x43, 0x68, 0x61, 0x72, 0x74, 0x60, 0x20, 0x20, 0x7c
  .byte 0x20, 0x56, 0x65, 0x72, 0x74, 0x69, 0x63, 0x61, 0x6c, 0x20, 0x62, 0x61, 0x72, 0x20, 0x63, 0x68
  .byte 0x61, 0x72, 0x74, 0x20, 0x66, 0x6f, 0x72, 0x20, 0x63, 0x6f, 0x6d, 0x70, 0x61, 0x72, 0x69, 0x6e
  .byte 0x67, 0x20, 0x64, 0x69, 0x73, 0x63, 0x72, 0x65, 0x74, 0x65, 0x20, 0x63, 0x61, 0x74, 0x65, 0x67
  .byte 0x6f, 0x72, 0x69, 0x65, 0x73, 0x20, 0x20, 0x20, 0x20, 0x20, 0x20, 0x20, 0x7c, 0x0a, 0x7c, 0x20
  .byte 0x60, 0x4c, 0x69, 0x6e, 0x65, 0x43, 0x68, 0x61, 0x72, 0x74, 0x60, 0x20, 0x7c, 0x20, 0x4c, 0x69
  .byte 0x6e, 0x65, 0x20, 0x63, 0x68, 0x61, 0x72, 0x74, 0x20, 0x66, 0x6f, 0x72, 0x20, 0x74, 0x72, 0x65
  .byte 0x6e, 0x64, 0x73, 0x20, 0x6f, 0x76, 0x65, 0x72, 0x20, 0x74, 0x69, 0x6d, 0x65, 0x20, 0x20, 0x20
  .byte 0x20, 0x20, 0x20, 0x20, 0x20, 0x20, 0x20, 0x20, 0x20, 0x20, 0x20, 0x20, 0x20, 0x20, 0x20, 0x20
  .byte 0x20, 0x20, 0x20, 0x20, 0x20, 0x20, 0x20, 0x20, 0x20, 0x7c, 0x0a, 0x7c, 0x20, 0x60, 0x50, 0x69
  .byte 0x65, 0x43, 0x68, 0x61, 0x72, 0x74, 0x60, 0x20, 0x20, 0x7c, 0x20, 0x50, 0x69, 0x65, 0x20, 0x63
  .byte 0x68, 0x61, 0x72, 0x74, 0x20, 0x66, 0x6f, 0x72, 0x20, 0x70, 0x61, 0x72, 0x74, 0x2d, 0x74, 0x6f
  .byte 0x2d, 0x77, 0x68, 0x6f, 0x6c, 0x65, 0x20, 0x70, 0x72, 0x6f, 0x70, 0x6f, 0x72, 0x74, 0x69, 0x6f
  .byte 0x6e, 0x73, 0x20, 0x20, 0x20, 0x20, 0x20, 0x20, 0x20, 0x20, 0x20, 0x20, 0x20, 0x20, 0x20, 0x20
  .byte 0x20, 0x20, 0x20, 0x20, 0x20, 0x20, 0x7c, 0x0a, 0x0a, 0x23, 0x23, 0x23, 0x20, 0x60, 0x62, 0x61
  .byte 0x63, 0x6b, 0x65, 0x6e, 0x64, 0x2f, 0x73, 0x72, 0x63, 0x2f, 0x61, 0x70, 0x70, 0x2f, 0x61, 0x70
  .byte 0x69, 0x2f, 0x63, 0x68, 0x61, 0x74, 0x2f, 0x72, 0x6f, 0x75, 0x74, 0x65, 0x2e, 0x74, 0x73, 0x60
  .byte 0x0a, 0x0a, 0x41, 0x20, 0x4e, 0x65, 0x78, 0x74, 0x2e, 0x6a, 0x73, 0x20, 0x52, 0x6f, 0x75, 0x74
  .byte 0x65, 0x20, 0x48, 0x61, 0x6e, 0x64, 0x6c, 0x65, 0x72, 0x20, 0x74, 0x68, 0x61, 0x74, 0x3a, 0x0a
  .byte 0x0a, 0x31, 0x2e, 0x20, 0x4c, 0x6f, 0x61, 0x64, 0x73, 0x20, 0x60, 0x73, 0x79, 0x73, 0x74, 0x65
  .byte 0x6d, 0x2d, 0x70, 0x72, 0x6f, 0x6d, 0x70, 0x74, 0x2e, 0x74, 0x78, 0x74, 0x60, 0x20, 0x61, 0x74
  .byte 0x20, 0x73, 0x74, 0x61, 0x72, 0x74, 0x75, 0x70, 0x0a, 0x32, 0x2e, 0x20, 0x46, 0x6f, 0x72, 0x77
  .byte 0x61, 0x72, 0x64, 0x73, 0x20, 0x74, 0x68, 0x65, 0x20, 0x63, 0x6f, 0x6e, 0x76, 0x65, 0x72, 0x73
  .byte 0x61, 0x74, 0x69, 0x6f, 0x6e, 0x20, 0x74, 0x6f, 0x20, 0x74, 0x68, 0x65, 0x20, 0x4f, 0x70, 0x65
  .byte 0x6e, 0x41, 0x49, 0x20, 0x73, 0x74, 0x72, 0x65, 0x61, 0x6d, 0x69, 0x6e, 0x67, 0x20, 0x41, 0x50
  .byte 0x49, 0x0a, 0x33, 0x2e, 0x20, 0x52, 0x65, 0x74, 0x75, 0x72, 0x6e, 0x73, 0x20, 0x72, 0x61, 0x77
  .byte 0x20, 0x60, 0x74, 0x65, 0x78, 0x74, 0x2f, 0x70, 0x6c, 0x61, 0x69, 0x6e, 0x60, 0x20, 0x63, 0x68
  .byte 0x75, 0x6e, 0x6b, 0x73, 0x20, 0xe2, 0x80, 0x94, 0x20, 0x69, 0x6e, 0x74, 0x65, 0x6e, 0x74, 0x69
  .byte 0x6f, 0x6e, 0x61, 0x6c, 0x6c, 0x79, 0x20, 0x73, 0x69, 0x6d, 0x70, 0x6c, 0x65, 0x72, 0x20, 0x74
  .byte 0x68, 0x61, 0x6e, 0x20, 0x53, 0x53, 0x45, 0x20, 0x73, 0x6f, 0x20, 0x52, 0x65, 0x61, 0x63, 0x74
  .byte 0x20, 0x4e, 0x61, 0x74, 0x69, 0x76, 0x65, 0x20, 0x63, 0x61, 0x6e, 0x20, 0x63, 0x6f, 0x6e, 0x73
  .byte 0x75, 0x6d, 0x65, 0x20, 0x74, 0x68, 0x65, 0x20, 0x73, 0x74, 0x72, 0x65, 0x61, 0x6d, 0x20, 0x64
  .byte 0x69, 0x72, 0x65, 0x63, 0x74, 0x6c, 0x79, 0x20, 0x77, 0x69, 0x74, 0x68, 0x6f, 0x75, 0x74, 0x20
  .byte 0x61, 0x20, 0x62, 0x72, 0x6f, 0x77, 0x73, 0x65, 0x72, 0x20, 0x60, 0x45, 0x76, 0x65, 0x6e, 0x74
  .byte 0x53, 0x6f, 0x75, 0x72, 0x63, 0x65, 0x60, 0x0a, 0x0a, 0x23, 0x23, 0x23, 0x20, 0x52, 0x65, 0x61
  .byte 0x63, 0x74, 0x20, 0x4e, 0x61, 0x74, 0x69, 0x76, 0x65, 0x20, 0x61, 0x70, 0x70, 0x20, 0x28, 0x60
  .byte 0x72, 0x65, 0x61, 0x63, 0x74, 0x2d, 0x6e, 0x61, 0x74, 0x69, 0x76, 0x65, 0x2d, 0x6f, 0x70, 0x65
  .byte 0x6e, 0x75, 0x69, 0x2f, 0x60, 0x29, 0x0a, 0x0a, 0x55, 0x73, 0x65, 0x73, 0x20, 0x74, 0x68, 0x65
  .byte 0x20, 0x5b, 0x60, 0x3c, 0x52, 0x65, 0x6e, 0x64, 0x65, 0x72, 0x65, 0x72, 0x20, 0x2f, 0x3e, 0x60
  .byte 0x5d, 0x28, 0x68, 0x74, 0x74, 0x70, 0x73, 0x3a, 0x2f, 0x2f, 0x77, 0x77, 0x77, 0x2e, 0x6f, 0x70
  .byte 0x65, 0x6e, 0x75, 0x69, 0x2e, 0x63, 0x6f, 0x6d, 0x2f, 0x64, 0x6f, 0x63, 0x73, 0x2f, 0x6f, 0x70
  .byte 0x65, 0x6e, 0x75, 0x69, 0x2d, 0x6c, 0x61, 0x6e, 0x67, 0x2f, 0x6f, 0x76, 0x65, 0x72, 0x76, 0x69
  .byte 0x65, 0x77, 0x29, 0x20, 0x63, 0x6f, 0x6d, 0x70, 0x6f, 0x6e, 0x65, 0x6e, 0x74, 0x20, 0x66, 0x72
  .byte 0x6f, 0x6d, 0x20, 0x60, 0x40, 0x6f, 0x70, 0x65, 0x6e, 0x75, 0x69, 0x64, 0x65, 0x76, 0x2f, 0x72
  .byte 0x65, 0x61, 0x63, 0x74, 0x2d, 0x6c, 0x61, 0x6e, 0x67, 0x60, 0x20, 0x74, 0x6f, 0x20, 0x70, 0x72
  .byte 0x6f, 0x67, 0x72, 0x65, 0x73, 0x73, 0x69, 0x76, 0x65, 0x6c, 0x79, 0x20, 0x70, 0x61, 0x72, 0x73
  .byte 0x65, 0x20, 0x61, 0x6e, 0x64, 0x20, 0x72, 0x65, 0x6e, 0x64, 0x65, 0x72, 0x20, 0x74, 0x68, 0x65
  .byte 0x20, 0x73, 0x74, 0x72, 0x65, 0x61, 0x6d, 0x65, 0x64, 0x20, 0x4f, 0x70, 0x65, 0x6e, 0x55, 0x49
  .byte 0x20, 0x4c, 0x61, 0x6e, 0x67, 0x20, 0x6f, 0x75, 0x74, 0x70, 0x75, 0x74, 0x20, 0x61, 0x73, 0x20
  .byte 0x6e, 0x61, 0x74, 0x69, 0x76, 0x65, 0x20, 0x63, 0x6f, 0x6d, 0x70, 0x6f, 0x6e, 0x65, 0x6e, 0x74
  .byte 0x73, 0x2e, 0x0a, 0x0a, 0x23, 0x23, 0x20, 0x53, 0x63, 0x72, 0x69, 0x70, 0x74, 0x73, 0x0a, 0x0a
  .byte 0x7c, 0x20, 0x53, 0x63, 0x72, 0x69, 0x70, 0x74, 0x20, 0x20, 0x20, 0x20, 0x20, 0x20, 0x20, 0x20
  .byte 0x20, 0x20, 0x20, 0x20, 0x20, 0x20, 0x20, 0x20, 0x20, 0x7c, 0x20, 0x44, 0x65, 0x73, 0x63, 0x72
  .byte 0x69, 0x70, 0x74, 0x69, 0x6f, 0x6e, 0x20, 0x20, 0x20, 0x20, 0x20, 0x20, 0x20, 0x20, 0x20, 0x20
  .byte 0x20, 0x20, 0x20, 0x20, 0x20, 0x20, 0x20, 0x20, 0x20, 0x20, 0x20, 0x20, 0x20, 0x20, 0x20, 0x20
  .byte 0x20, 0x20, 0x20, 0x20, 0x20, 0x20, 0x20, 0x20, 0x20, 0x20, 0x20, 0x20, 0x7c, 0x0a, 0x7c, 0x20
  .byte 0x2d, 0x2d, 0x2d, 0x2d, 0x2d, 0x2d, 0x2d, 0x2d, 0x2d, 0x2d, 0x2d, 0x2d, 0x2d, 0x2d, 0x2d, 0x2d
  .byte 0x2d, 0x2d, 0x2d, 0x2d, 0x2d, 0x2d, 0x20, 0x7c, 0x20, 0x2d, 0x2d, 0x2d, 0x2d, 0x2d, 0x2d, 0x2d
  .byte 0x2d, 0x2d, 0x2d, 0x2d, 0x2d, 0x2d, 0x2d, 0x2d, 0x2d, 0x2d, 0x2d, 0x2d, 0x2d, 0x2d, 0x2d, 0x2d
  .byte 0x2d, 0x2d, 0x2d, 0x2d, 0x2d, 0x2d, 0x2d, 0x2d, 0x2d, 0x2d, 0x2d, 0x2d, 0x2d, 0x2d, 0x2d, 0x2d
  .byte 0x2d, 0x2d, 0x2d, 0x2d, 0x2d, 0x2d, 0x2d, 0x2d, 0x2d, 0x20, 0x7c, 0x0a, 0x7c, 0x20, 0x60, 0x70
  .byte 0x6e, 0x70, 0x6d, 0x20, 0x64, 0x65, 0x76, 0x3a, 0x62, 0x61, 0x63, 0x6b, 0x65, 0x6e, 0x64, 0x60
  .byte 0x20, 0x20, 0x20, 0x20, 0x20, 0x7c, 0x20, 0x53, 0x74, 0x61, 0x72, 0x74, 0x20, 0x74, 0x68, 0x65
  .byte 0x20, 0x4e, 0x65, 0x78, 0x74, 0x2e, 0x6a, 0x73, 0x20, 0x41, 0x50, 0x49, 0x20, 0x73, 0x65, 0x72
  .byte 0x76, 0x65, 0x72, 0x20, 0x20, 0x20, 0x20, 0x20, 0x20, 0x20, 0x20, 0x20, 0x20, 0x20, 0x20, 0x20
  .byte 0x20, 0x20, 0x20, 0x20, 0x20, 0x20, 0x20, 0x20, 0x7c, 0x0a, 0x7c, 0x20, 0x60, 0x70, 0x6e, 0x70
  .byte 0x6d, 0x20, 0x64, 0x65, 0x76, 0x3a, 0x6d, 0x6f, 0x62, 0x69, 0x6c, 0x65, 0x60, 0x20, 0x20, 0x20
  .byte 0x20, 0x20, 0x20, 0x7c, 0x20, 0x53, 0x74, 0x61, 0x72, 0x74, 0x20, 0x74, 0x68, 0x65, 0x20, 0x45
  .byte 0x78, 0x70, 0x6f, 0x20, 0x64, 0x65, 0x76, 0x20, 0x73, 0x65, 0x72, 0x76, 0x65, 0x72, 0x20, 0x20
  .byte 0x20, 0x20, 0x20, 0x20, 0x20, 0x20, 0x20, 0x20, 0x20, 0x20, 0x20, 0x20, 0x20, 0x20, 0x20, 0x20
  .byte 0x20, 0x20, 0x20, 0x20, 0x20, 0x20, 0x7c, 0x0a, 0x7c, 0x20, 0x60, 0x70, 0x6e, 0x70, 0x6d, 0x20
  .byte 0x67, 0x65, 0x6e, 0x65, 0x72, 0x61, 0x74, 0x65, 0x3a, 0x70, 0x72, 0x6f, 0x6d, 0x70, 0x74, 0x60
  .byte 0x20, 0x7c, 0x20, 0x52, 0x65, 0x67, 0x65, 0x6e, 0x65, 0x72, 0x61, 0x74, 0x65, 0x20, 0x60, 0x73
  .byte 0x79, 0x73, 0x74, 0x65, 0x6d, 0x2d, 0x70, 0x72, 0x6f, 0x6d, 0x70, 0x74, 0x2e, 0x74, 0x78, 0x74
  .byte 0x60, 0x20, 0x66, 0x72, 0x6f, 0x6d, 0x20, 0x60, 0x6c, 0x69, 0x62, 0x72, 0x61, 0x72, 0x79, 0x2e
  .byte 0x74, 0x73, 0x60, 0x20, 0x7c, 0x0a, 0x0a, 0x23, 0x23, 0x20, 0x4c, 0x65, 0x61, 0x72, 0x6e, 0x20
  .byte 0x4d, 0x6f, 0x72, 0x65, 0x0a, 0x0a, 0x2d, 0x20, 0x5b, 0x4f, 0x70, 0x65, 0x6e, 0x55, 0x49, 0x20
  .byte 0x4c, 0x61, 0x6e, 0x67, 0x20, 0x6f, 0x76, 0x65, 0x72, 0x76, 0x69, 0x65, 0x77, 0x5d, 0x28, 0x68
  .byte 0x74, 0x74, 0x70, 0x73, 0x3a, 0x2f, 0x2f, 0x77, 0x77, 0x77, 0x2e, 0x6f, 0x70, 0x65, 0x6e, 0x75
  .byte 0x69, 0x2e, 0x63, 0x6f, 0x6d, 0x2f, 0x64, 0x6f, 0x63, 0x73, 0x2f, 0x6f, 0x70, 0x65, 0x6e, 0x75
  .byte 0x69, 0x2d, 0x6c, 0x61, 0x6e, 0x67, 0x2f, 0x6f, 0x76, 0x65, 0x72, 0x76, 0x69, 0x65, 0x77, 0x29
  .byte 0x20, 0xe2, 0x80, 0x94, 0x20, 0x63, 0x6f, 0x72, 0x65, 0x20, 0x62, 0x75, 0x69, 0x6c, 0x64, 0x69
  .byte 0x6e, 0x67, 0x20, 0x62, 0x6c, 0x6f, 0x63, 0x6b, 0x73, 0x3a, 0x20, 0x4c, 0x69, 0x62, 0x72, 0x61
  .byte 0x72, 0x79, 0x2c, 0x20, 0x50, 0x72, 0x6f, 0x6d, 0x70, 0x74, 0x20, 0x47, 0x65, 0x6e, 0x65, 0x72
  .byte 0x61, 0x74, 0x6f, 0x72, 0x2c, 0x20, 0x50, 0x61, 0x72, 0x73, 0x65, 0x72, 0x2c, 0x20, 0x52, 0x65
  .byte 0x6e, 0x64, 0x65, 0x72, 0x65, 0x72, 0x0a, 0x2d, 0x20, 0x5b, 0x60, 0x40, 0x6f, 0x70, 0x65, 0x6e
  .byte 0x75, 0x69, 0x64, 0x65, 0x76, 0x2f, 0x72, 0x65, 0x61, 0x63, 0x74, 0x2d, 0x6c, 0x61, 0x6e, 0x67
  .byte 0x60, 0x20, 0x70, 0x61, 0x63, 0x6b, 0x61, 0x67, 0x65, 0x5d, 0x28, 0x2e, 0x2e, 0x2f, 0x2e, 0x2e
  .byte 0x2f, 0x70, 0x61, 0x63, 0x6b, 0x61, 0x67, 0x65, 0x73, 0x2f, 0x72, 0x65, 0x61, 0x63, 0x74, 0x2d
  .byte 0x6c, 0x61, 0x6e, 0x67, 0x29, 0x0a

  .globl openui_full_port_examples_openui_react_native_README_md_6cf101ebb750_pass_4_len
openui_full_port_examples_openui_react_native_README_md_6cf101ebb750_pass_4_len:
  .quad 4918
