# OpenUI mechanical full assembly port
# source: docs/app/components/blocks/lists/page.tsx
# sha256: cdd86388bdf2944f1ee2b01ed139f2482744c8e629979af58dfd589004285d4b
# bytes: 5716
# assembly passes: 4
  .section .rodata
# assembly pass: 1/4
  .globl openui_full_port_docs_app_components_blocks_lists_page_tsx_cdd86388bdf2
openui_full_port_docs_app_components_blocks_lists_page_tsx_cdd86388bdf2:
  .byte 0x22, 0x75, 0x73, 0x65, 0x20, 0x63, 0x6c, 0x69, 0x65, 0x6e, 0x74, 0x22, 0x3b, 0x0a, 0x0a, 0x69
  .byte 0x6d, 0x70, 0x6f, 0x72, 0x74, 0x20, 0x7b, 0x0a, 0x20, 0x20, 0x42, 0x6c, 0x6f, 0x63, 0x6b, 0x56
  .byte 0x61, 0x72, 0x69, 0x61, 0x6e, 0x74, 0x50, 0x72, 0x65, 0x76, 0x69, 0x65, 0x77, 0x2c, 0x0a, 0x20
  .byte 0x20, 0x50, 0x72, 0x65, 0x76, 0x69, 0x65, 0x77, 0x50, 0x61, 0x67, 0x65, 0x2c, 0x0a, 0x20, 0x20
  .byte 0x50, 0x72, 0x65, 0x76, 0x69, 0x65, 0x77, 0x53, 0x65, 0x63, 0x74, 0x69, 0x6f, 0x6e, 0x2c, 0x0a
  .byte 0x20, 0x20, 0x53, 0x65, 0x67, 0x6d, 0x65, 0x6e, 0x74, 0x65, 0x64, 0x54, 0x6f, 0x67, 0x67, 0x6c
  .byte 0x65, 0x2c, 0x0a, 0x7d, 0x20, 0x66, 0x72, 0x6f, 0x6d, 0x20, 0x22, 0x40, 0x63, 0x6f, 0x6d, 0x70
  .byte 0x6f, 0x6e, 0x65, 0x6e, 0x74, 0x73, 0x2f, 0x63, 0x6f, 0x6d, 0x70, 0x6f, 0x6e, 0x65, 0x6e, 0x74
  .byte 0x73, 0x2f, 0x70, 0x72, 0x65, 0x76, 0x69, 0x65, 0x77, 0x22, 0x3b, 0x0a, 0x69, 0x6d, 0x70, 0x6f
  .byte 0x72, 0x74, 0x20, 0x7b, 0x20, 0x4c, 0x69, 0x73, 0x74, 0x42, 0x6c, 0x6f, 0x63, 0x6b, 0x2c, 0x20
  .byte 0x4c, 0x69, 0x73, 0x74, 0x49, 0x74, 0x65, 0x6d, 0x20, 0x7d, 0x20, 0x66, 0x72, 0x6f, 0x6d, 0x20
  .byte 0x22, 0x40, 0x6f, 0x70, 0x65, 0x6e, 0x75, 0x69, 0x64, 0x65, 0x76, 0x2f, 0x72, 0x65, 0x61, 0x63
  .byte 0x74, 0x2d, 0x75, 0x69, 0x22, 0x3b, 0x0a, 0x69, 0x6d, 0x70, 0x6f, 0x72, 0x74, 0x20, 0x7b, 0x20
  .byte 0x43, 0x68, 0x65, 0x76, 0x72, 0x6f, 0x6e, 0x52, 0x69, 0x67, 0x68, 0x74, 0x2c, 0x20, 0x46, 0x69
  .byte 0x6c, 0x65, 0x54, 0x65, 0x78, 0x74, 0x2c, 0x20, 0x47, 0x6c, 0x6f, 0x62, 0x65, 0x2c, 0x20, 0x4c
  .byte 0x61, 0x79, 0x6f, 0x75, 0x74, 0x50, 0x61, 0x6e, 0x65, 0x6c, 0x54, 0x6f, 0x70, 0x20, 0x7d, 0x20
  .byte 0x66, 0x72, 0x6f, 0x6d, 0x20, 0x22, 0x6c, 0x75, 0x63, 0x69, 0x64, 0x65, 0x2d, 0x72, 0x65, 0x61
  .byte 0x63, 0x74, 0x22, 0x3b, 0x0a, 0x69, 0x6d, 0x70, 0x6f, 0x72, 0x74, 0x20, 0x7b, 0x20, 0x75, 0x73
  .byte 0x65, 0x4d, 0x65, 0x6d, 0x6f, 0x2c, 0x20, 0x75, 0x73, 0x65, 0x53, 0x74, 0x61, 0x74, 0x65, 0x20
  .byte 0x7d, 0x20, 0x66, 0x72, 0x6f, 0x6d, 0x20, 0x22, 0x72, 0x65, 0x61, 0x63, 0x74, 0x22, 0x3b, 0x0a
  .byte 0x69, 0x6d, 0x70, 0x6f, 0x72, 0x74, 0x20, 0x73, 0x74, 0x79, 0x6c, 0x65, 0x73, 0x20, 0x66, 0x72
  .byte 0x6f, 0x6d, 0x20, 0x22, 0x2e, 0x2f, 0x70, 0x61, 0x67, 0x65, 0x2e, 0x6d, 0x6f, 0x64, 0x75, 0x6c
  .byte 0x65, 0x2e, 0x63, 0x73, 0x73, 0x22, 0x3b, 0x0a, 0x0a, 0x74, 0x79, 0x70, 0x65, 0x20, 0x4c, 0x69
  .byte 0x73, 0x74, 0x56, 0x61, 0x72, 0x69, 0x61, 0x6e, 0x74, 0x20, 0x3d, 0x20, 0x22, 0x6e, 0x75, 0x6d
  .byte 0x62, 0x65, 0x72, 0x22, 0x20, 0x7c, 0x20, 0x22, 0x69, 0x63, 0x6f, 0x6e, 0x22, 0x20, 0x7c, 0x20
  .byte 0x22, 0x69, 0x6d, 0x61, 0x67, 0x65, 0x22, 0x3b, 0x0a, 0x74, 0x79, 0x70, 0x65, 0x20, 0x4c, 0x69
  .byte 0x73, 0x74, 0x49, 0x6e, 0x74, 0x65, 0x72, 0x61, 0x63, 0x74, 0x69, 0x6f, 0x6e, 0x4d, 0x6f, 0x64
  .byte 0x65, 0x20, 0x3d, 0x20, 0x22, 0x73, 0x74, 0x61, 0x74, 0x69, 0x63, 0x22, 0x20, 0x7c, 0x20, 0x22
  .byte 0x63, 0x6c, 0x69, 0x63, 0x6b, 0x61, 0x62, 0x6c, 0x65, 0x22, 0x3b, 0x0a, 0x0a, 0x66, 0x75, 0x6e
  .byte 0x63, 0x74, 0x69, 0x6f, 0x6e, 0x20, 0x4c, 0x69, 0x73, 0x74, 0x73, 0x50, 0x72, 0x65, 0x76, 0x69
  .byte 0x65, 0x77, 0x28, 0x7b, 0x0a, 0x20, 0x20, 0x76, 0x61, 0x72, 0x69, 0x61, 0x6e, 0x74, 0x2c, 0x0a
  .byte 0x20, 0x20, 0x73, 0x68, 0x6f, 0x77, 0x44, 0x65, 0x73, 0x63, 0x72, 0x69, 0x70, 0x74, 0x69, 0x6f
  .byte 0x6e, 0x2c, 0x0a, 0x20, 0x20, 0x69, 0x6e, 0x74, 0x65, 0x72, 0x61, 0x63, 0x74, 0x69, 0x6f, 0x6e
  .byte 0x4d, 0x6f, 0x64, 0x65, 0x2c, 0x0a, 0x7d, 0x3a, 0x20, 0x7b, 0x0a, 0x20, 0x20, 0x76, 0x61, 0x72
  .byte 0x69, 0x61, 0x6e, 0x74, 0x3a, 0x20, 0x4c, 0x69, 0x73, 0x74, 0x56, 0x61, 0x72, 0x69, 0x61, 0x6e
  .byte 0x74, 0x3b, 0x0a, 0x20, 0x20, 0x73, 0x68, 0x6f, 0x77, 0x44, 0x65, 0x73, 0x63, 0x72, 0x69, 0x70
  .byte 0x74, 0x69, 0x6f, 0x6e, 0x3a, 0x20, 0x62, 0x6f, 0x6f, 0x6c, 0x65, 0x61, 0x6e, 0x3b, 0x0a, 0x20
  .byte 0x20, 0x69, 0x6e, 0x74, 0x65, 0x72, 0x61, 0x63, 0x74, 0x69, 0x6f, 0x6e, 0x4d, 0x6f, 0x64, 0x65
  .byte 0x3a, 0x20, 0x4c, 0x69, 0x73, 0x74, 0x49, 0x6e, 0x74, 0x65, 0x72, 0x61, 0x63, 0x74, 0x69, 0x6f
  .byte 0x6e, 0x4d, 0x6f, 0x64, 0x65, 0x3b, 0x0a, 0x7d, 0x29, 0x20, 0x7b, 0x0a, 0x20, 0x20, 0x63, 0x6f
  .byte 0x6e, 0x73, 0x74, 0x20, 0x64, 0x65, 0x73, 0x63, 0x72, 0x69, 0x70, 0x74, 0x69, 0x6f, 0x6e, 0x46
  .byte 0x6f, 0x72, 0x20, 0x3d, 0x20, 0x28, 0x74, 0x65, 0x78, 0x74, 0x3a, 0x20, 0x73, 0x74, 0x72, 0x69
  .byte 0x6e, 0x67, 0x29, 0x20, 0x3d, 0x3e, 0x20, 0x28, 0x73, 0x68, 0x6f, 0x77, 0x44, 0x65, 0x73, 0x63
  .byte 0x72, 0x69, 0x70, 0x74, 0x69, 0x6f, 0x6e, 0x20, 0x3f, 0x20, 0x74, 0x65, 0x78, 0x74, 0x20, 0x3a
  .byte 0x20, 0x75, 0x6e, 0x64, 0x65, 0x66, 0x69, 0x6e, 0x65, 0x64, 0x29, 0x3b, 0x0a, 0x0a, 0x20, 0x20
  .byte 0x63, 0x6f, 0x6e, 0x73, 0x74, 0x20, 0x63, 0x6f, 0x6d, 0x6d, 0x6f, 0x6e, 0x41, 0x63, 0x74, 0x69
  .byte 0x6f, 0x6e, 0x50, 0x72, 0x6f, 0x70, 0x73, 0x20, 0x3d, 0x20, 0x75, 0x73, 0x65, 0x4d, 0x65, 0x6d
  .byte 0x6f, 0x28, 0x28, 0x29, 0x20, 0x3d, 0x3e, 0x20, 0x7b, 0x0a, 0x20, 0x20, 0x20, 0x20, 0x69, 0x66
  .byte 0x20, 0x28, 0x69, 0x6e, 0x74, 0x65, 0x72, 0x61, 0x63, 0x74, 0x69, 0x6f, 0x6e, 0x4d, 0x6f, 0x64
  .byte 0x65, 0x20, 0x3d, 0x3d, 0x3d, 0x20, 0x22, 0x73, 0x74, 0x61, 0x74, 0x69, 0x63, 0x22, 0x29, 0x20
  .byte 0x7b, 0x0a, 0x20, 0x20, 0x20, 0x20, 0x20, 0x20, 0x72, 0x65, 0x74, 0x75, 0x72, 0x6e, 0x20, 0x7b
  .byte 0x7d, 0x3b, 0x0a, 0x20, 0x20, 0x20, 0x20, 0x7d, 0x0a, 0x20, 0x20, 0x20, 0x20, 0x72, 0x65, 0x74
  .byte 0x75, 0x72, 0x6e, 0x20, 0x7b, 0x0a, 0x20, 0x20, 0x20, 0x20, 0x20, 0x20, 0x61, 0x63, 0x74, 0x69
  .byte 0x6f, 0x6e, 0x49, 0x63, 0x6f, 0x6e, 0x3a, 0x20, 0x3c, 0x43, 0x68, 0x65, 0x76, 0x72, 0x6f, 0x6e
  .byte 0x52, 0x69, 0x67, 0x68, 0x74, 0x20, 0x73, 0x69, 0x7a, 0x65, 0x3d, 0x7b, 0x31, 0x36, 0x7d, 0x20
  .byte 0x2f, 0x3e, 0x2c, 0x0a, 0x20, 0x20, 0x20, 0x20, 0x20, 0x20, 0x6f, 0x6e, 0x43, 0x6c, 0x69, 0x63
  .byte 0x6b, 0x3a, 0x20, 0x28, 0x29, 0x20, 0x3d, 0x3e, 0x20, 0x75, 0x6e, 0x64, 0x65, 0x66, 0x69, 0x6e
  .byte 0x65, 0x64, 0x2c, 0x0a, 0x20, 0x20, 0x20, 0x20, 0x7d, 0x3b, 0x0a, 0x20, 0x20, 0x7d, 0x2c, 0x20
  .byte 0x5b, 0x69, 0x6e, 0x74, 0x65, 0x72, 0x61, 0x63, 0x74, 0x69, 0x6f, 0x6e, 0x4d, 0x6f, 0x64, 0x65
  .byte 0x5d, 0x29, 0x3b, 0x0a, 0x0a, 0x20, 0x20, 0x72, 0x65, 0x74, 0x75, 0x72, 0x6e, 0x20, 0x28, 0x0a
  .byte 0x20, 0x20, 0x20, 0x20, 0x3c, 0x64, 0x69, 0x76, 0x20, 0x63, 0x6c, 0x61, 0x73, 0x73, 0x4e, 0x61
  .byte 0x6d, 0x65, 0x3d, 0x7b, 0x73, 0x74, 0x79, 0x6c, 0x65, 0x73, 0x2e, 0x70, 0x72, 0x65, 0x76, 0x69
  .byte 0x65, 0x77, 0x57, 0x72, 0x61, 0x70, 0x70, 0x65, 0x72, 0x7d, 0x3e, 0x0a, 0x20, 0x20, 0x20, 0x20
  .byte 0x20, 0x20, 0x3c, 0x64, 0x69, 0x76, 0x20, 0x63, 0x6c, 0x61, 0x73, 0x73, 0x4e, 0x61, 0x6d, 0x65
  .byte 0x3d, 0x7b, 0x73, 0x74, 0x79, 0x6c, 0x65, 0x73, 0x2e, 0x70, 0x72, 0x65, 0x76, 0x69, 0x65, 0x77
  .byte 0x49, 0x6e, 0x6e, 0x65, 0x72, 0x7d, 0x3e, 0x0a, 0x20, 0x20, 0x20, 0x20, 0x20, 0x20, 0x20, 0x20
  .byte 0x3c, 0x4c, 0x69, 0x73, 0x74, 0x42, 0x6c, 0x6f, 0x63, 0x6b, 0x20, 0x76, 0x61, 0x72, 0x69, 0x61
  .byte 0x6e, 0x74, 0x3d, 0x7b, 0x76, 0x61, 0x72, 0x69, 0x61, 0x6e, 0x74, 0x7d, 0x3e, 0x0a, 0x20, 0x20
  .byte 0x20, 0x20, 0x20, 0x20, 0x20, 0x20, 0x20, 0x20, 0x3c, 0x4c, 0x69, 0x73, 0x74, 0x49, 0x74, 0x65
  .byte 0x6d, 0x0a, 0x20, 0x20, 0x20, 0x20, 0x20, 0x20, 0x20, 0x20, 0x20, 0x20, 0x20, 0x20, 0x76, 0x61
  .byte 0x72, 0x69, 0x61, 0x6e, 0x74, 0x3d, 0x7b, 0x76, 0x61, 0x72, 0x69, 0x61, 0x6e, 0x74, 0x7d, 0x0a
  .byte 0x20, 0x20, 0x20, 0x20, 0x20, 0x20, 0x20, 0x20, 0x20, 0x20, 0x20, 0x20, 0x69, 0x6e, 0x64, 0x65
  .byte 0x78, 0x3d, 0x7b, 0x30, 0x7d, 0x0a, 0x20, 0x20, 0x20, 0x20, 0x20, 0x20, 0x20, 0x20, 0x20, 0x20
  .byte 0x20, 0x20, 0x6c, 0x69, 0x73, 0x74, 0x48, 0x61, 0x73, 0x53, 0x75, 0x62, 0x74, 0x69, 0x74, 0x6c
  .byte 0x65, 0x3d, 0x7b, 0x73, 0x68, 0x6f, 0x77, 0x44, 0x65, 0x73, 0x63, 0x72, 0x69, 0x70, 0x74, 0x69
  .byte 0x6f, 0x6e, 0x7d, 0x0a, 0x20, 0x20, 0x20, 0x20, 0x20, 0x20, 0x20, 0x20, 0x20, 0x20, 0x20, 0x20
  .byte 0x69, 0x63, 0x6f, 0x6e, 0x3d, 0x7b, 0x76, 0x61, 0x72, 0x69, 0x61, 0x6e, 0x74, 0x20, 0x3d, 0x3d
  .byte 0x3d, 0x20, 0x22, 0x69, 0x63, 0x6f, 0x6e, 0x22, 0x20, 0x3f, 0x20, 0x3c, 0x46, 0x69, 0x6c, 0x65
  .byte 0x54, 0x65, 0x78, 0x74, 0x20, 0x73, 0x69, 0x7a, 0x65, 0x3d, 0x7b, 0x31, 0x36, 0x7d, 0x20, 0x2f
  .byte 0x3e, 0x20, 0x3a, 0x20, 0x75, 0x6e, 0x64, 0x65, 0x66, 0x69, 0x6e, 0x65, 0x64, 0x7d, 0x0a, 0x20
  .byte 0x20, 0x20, 0x20, 0x20, 0x20, 0x20, 0x20, 0x20, 0x20, 0x20, 0x20, 0x69, 0x6d, 0x61, 0x67, 0x65
  .byte 0x3d, 0x7b, 0x76, 0x61, 0x72, 0x69, 0x61, 0x6e, 0x74, 0x20, 0x3d, 0x3d, 0x3d, 0x20, 0x22, 0x69
  .byte 0x6d, 0x61, 0x67, 0x65, 0x22, 0x20, 0x3f, 0x20, 0x7b, 0x20, 0x73, 0x72, 0x63, 0x3a, 0x20, 0x22
  .byte 0x2f, 0x66, 0x69, 0x6c, 0x65, 0x2e, 0x73, 0x76, 0x67, 0x22, 0x2c, 0x20, 0x61, 0x6c, 0x74, 0x3a
  .byte 0x20, 0x22, 0x46, 0x69, 0x6c, 0x65, 0x22, 0x20, 0x7d, 0x20, 0x3a, 0x20, 0x75, 0x6e, 0x64, 0x65
  .byte 0x66, 0x69, 0x6e, 0x65, 0x64, 0x7d, 0x0a, 0x20, 0x20, 0x20, 0x20, 0x20, 0x20, 0x20, 0x20, 0x20
  .byte 0x20, 0x20, 0x20, 0x74, 0x69, 0x74, 0x6c, 0x65, 0x3d, 0x22, 0x43, 0x6f, 0x6e, 0x6e, 0x65, 0x63
  .byte 0x74, 0x20, 0x79, 0x6f, 0x75, 0x72, 0x20, 0x64, 0x61, 0x74, 0x61, 0x22, 0x0a, 0x20, 0x20, 0x20
  .byte 0x20, 0x20, 0x20, 0x20, 0x20, 0x20, 0x20, 0x20, 0x20, 0x73, 0x75, 0x62, 0x74, 0x69, 0x74, 0x6c
  .byte 0x65, 0x3d, 0x7b, 0x64, 0x65, 0x73, 0x63, 0x72, 0x69, 0x70, 0x74, 0x69, 0x6f, 0x6e, 0x46, 0x6f
  .byte 0x72, 0x28, 0x22, 0x4c, 0x69, 0x6e, 0x6b, 0x20, 0x79, 0x6f, 0x75, 0x72, 0x20, 0x64, 0x61, 0x74
  .byte 0x61, 0x62, 0x61, 0x73, 0x65, 0x20, 0x6f, 0x72, 0x20, 0x75, 0x70, 0x6c, 0x6f, 0x61, 0x64, 0x20
  .byte 0x61, 0x20, 0x43, 0x53, 0x56, 0x20, 0x74, 0x6f, 0x20, 0x67, 0x65, 0x74, 0x20, 0x73, 0x74, 0x61
  .byte 0x72, 0x74, 0x65, 0x64, 0x2e, 0x22, 0x29, 0x7d, 0x0a, 0x20, 0x20, 0x20, 0x20, 0x20, 0x20, 0x20
  .byte 0x20, 0x20, 0x20, 0x20, 0x20, 0x7b, 0x2e, 0x2e, 0x2e, 0x63, 0x6f, 0x6d, 0x6d, 0x6f, 0x6e, 0x41
  .byte 0x63, 0x74, 0x69, 0x6f, 0x6e, 0x50, 0x72, 0x6f, 0x70, 0x73, 0x7d, 0x0a, 0x20, 0x20, 0x20, 0x20
  .byte 0x20, 0x20, 0x20, 0x20, 0x20, 0x20, 0x2f, 0x3e, 0x0a, 0x20, 0x20, 0x20, 0x20, 0x20, 0x20, 0x20
  .byte 0x20, 0x20, 0x20, 0x3c, 0x4c, 0x69, 0x73, 0x74, 0x49, 0x74, 0x65, 0x6d, 0x0a, 0x20, 0x20, 0x20
  .byte 0x20, 0x20, 0x20, 0x20, 0x20, 0x20, 0x20, 0x20, 0x20, 0x76, 0x61, 0x72, 0x69, 0x61, 0x6e, 0x74
  .byte 0x3d, 0x7b, 0x76, 0x61, 0x72, 0x69, 0x61, 0x6e, 0x74, 0x7d, 0x0a, 0x20, 0x20, 0x20, 0x20, 0x20
  .byte 0x20, 0x20, 0x20, 0x20, 0x20, 0x20, 0x20, 0x69, 0x6e, 0x64, 0x65, 0x78, 0x3d, 0x7b, 0x31, 0x7d
  .byte 0x0a, 0x20, 0x20, 0x20, 0x20, 0x20, 0x20, 0x20, 0x20, 0x20, 0x20, 0x20, 0x20, 0x6c, 0x69, 0x73
  .byte 0x74, 0x48, 0x61, 0x73, 0x53, 0x75, 0x62, 0x74, 0x69, 0x74, 0x6c, 0x65, 0x3d, 0x7b, 0x73, 0x68
  .byte 0x6f, 0x77, 0x44, 0x65, 0x73, 0x63, 0x72, 0x69, 0x70, 0x74, 0x69, 0x6f, 0x6e, 0x7d, 0x0a, 0x20
  .byte 0x20, 0x20, 0x20, 0x20, 0x20, 0x20, 0x20, 0x20, 0x20, 0x20, 0x20, 0x69, 0x63, 0x6f, 0x6e, 0x3d
  .byte 0x7b, 0x76, 0x61, 0x72, 0x69, 0x61, 0x6e, 0x74, 0x20, 0x3d, 0x3d, 0x3d, 0x20, 0x22, 0x69, 0x63
  .byte 0x6f, 0x6e, 0x22, 0x20, 0x3f, 0x20, 0x3c, 0x47, 0x6c, 0x6f, 0x62, 0x65, 0x20, 0x73, 0x69, 0x7a
  .byte 0x65, 0x3d, 0x7b, 0x31, 0x36, 0x7d, 0x20, 0x2f, 0x3e, 0x20, 0x3a, 0x20, 0x75, 0x6e, 0x64, 0x65
  .byte 0x66, 0x69, 0x6e, 0x65, 0x64, 0x7d, 0x0a, 0x20, 0x20, 0x20, 0x20, 0x20, 0x20, 0x20, 0x20, 0x20
  .byte 0x20, 0x20, 0x20, 0x69, 0x6d, 0x61, 0x67, 0x65, 0x3d, 0x7b, 0x76, 0x61, 0x72, 0x69, 0x61, 0x6e
  .byte 0x74, 0x20, 0x3d, 0x3d, 0x3d, 0x20, 0x22, 0x69, 0x6d, 0x61, 0x67, 0x65, 0x22, 0x20, 0x3f, 0x20
  .byte 0x7b, 0x20, 0x73, 0x72, 0x63, 0x3a, 0x20, 0x22, 0x2f, 0x67, 0x6c, 0x6f, 0x62, 0x65, 0x2e, 0x73
  .byte 0x76, 0x67, 0x22, 0x2c, 0x20, 0x61, 0x6c, 0x74, 0x3a, 0x20, 0x22, 0x47, 0x6c, 0x6f, 0x62, 0x65
  .byte 0x22, 0x20, 0x7d, 0x20, 0x3a, 0x20, 0x75, 0x6e, 0x64, 0x65, 0x66, 0x69, 0x6e, 0x65, 0x64, 0x7d
  .byte 0x0a, 0x20, 0x20, 0x20, 0x20, 0x20, 0x20, 0x20, 0x20, 0x20, 0x20, 0x20, 0x20, 0x74, 0x69, 0x74
  .byte 0x6c, 0x65, 0x3d, 0x22, 0x43, 0x68, 0x6f, 0x6f, 0x73, 0x65, 0x20, 0x61, 0x20, 0x67, 0x6f, 0x61
  .byte 0x6c, 0x22, 0x0a, 0x20, 0x20, 0x20, 0x20, 0x20, 0x20, 0x20, 0x20, 0x20, 0x20, 0x20, 0x20, 0x73
  .byte 0x75, 0x62, 0x74, 0x69, 0x74, 0x6c, 0x65, 0x3d, 0x7b, 0x64, 0x65, 0x73, 0x63, 0x72, 0x69, 0x70
  .byte 0x74, 0x69, 0x6f, 0x6e, 0x46, 0x6f, 0x72, 0x28, 0x22, 0x53, 0x75, 0x6d, 0x6d, 0x61, 0x72, 0x69
  .byte 0x7a, 0x65, 0x2c, 0x20, 0x63, 0x6c, 0x61, 0x73, 0x73, 0x69, 0x66, 0x79, 0x2c, 0x20, 0x65, 0x78
  .byte 0x74, 0x72, 0x61, 0x63, 0x74, 0x2c, 0x20, 0x6f, 0x72, 0x20, 0x67, 0x65, 0x6e, 0x65, 0x72, 0x61
  .byte 0x74, 0x65, 0x20, 0x55, 0x49, 0x20, 0x66, 0x72, 0x6f, 0x6d, 0x20, 0x70, 0x72, 0x6f, 0x6d, 0x70
  .byte 0x74, 0x73, 0x2e, 0x22, 0x29, 0x7d, 0x0a, 0x20, 0x20, 0x20, 0x20, 0x20, 0x20, 0x20, 0x20, 0x20
  .byte 0x20, 0x20, 0x20, 0x7b, 0x2e, 0x2e, 0x2e, 0x63, 0x6f, 0x6d, 0x6d, 0x6f, 0x6e, 0x41, 0x63, 0x74
  .byte 0x69, 0x6f, 0x6e, 0x50, 0x72, 0x6f, 0x70, 0x73, 0x7d, 0x0a, 0x20, 0x20, 0x20, 0x20, 0x20, 0x20
  .byte 0x20, 0x20, 0x20, 0x20, 0x2f, 0x3e, 0x0a, 0x20, 0x20, 0x20, 0x20, 0x20, 0x20, 0x20, 0x20, 0x20
  .byte 0x20, 0x3c, 0x4c, 0x69, 0x73, 0x74, 0x49, 0x74, 0x65, 0x6d, 0x0a, 0x20, 0x20, 0x20, 0x20, 0x20
  .byte 0x20, 0x20, 0x20, 0x20, 0x20, 0x20, 0x20, 0x76, 0x61, 0x72, 0x69, 0x61, 0x6e, 0x74, 0x3d, 0x7b
  .byte 0x76, 0x61, 0x72, 0x69, 0x61, 0x6e, 0x74, 0x7d, 0x0a, 0x20, 0x20, 0x20, 0x20, 0x20, 0x20, 0x20
  .byte 0x20, 0x20, 0x20, 0x20, 0x20, 0x69, 0x6e, 0x64, 0x65, 0x78, 0x3d, 0x7b, 0x32, 0x7d, 0x0a, 0x20
  .byte 0x20, 0x20, 0x20, 0x20, 0x20, 0x20, 0x20, 0x20, 0x20, 0x20, 0x20, 0x6c, 0x69, 0x73, 0x74, 0x48
  .byte 0x61, 0x73, 0x53, 0x75, 0x62, 0x74, 0x69, 0x74, 0x6c, 0x65, 0x3d, 0x7b, 0x73, 0x68, 0x6f, 0x77
  .byte 0x44, 0x65, 0x73, 0x63, 0x72, 0x69, 0x70, 0x74, 0x69, 0x6f, 0x6e, 0x7d, 0x0a, 0x20, 0x20, 0x20
  .byte 0x20, 0x20, 0x20, 0x20, 0x20, 0x20, 0x20, 0x20, 0x20, 0x69, 0x63, 0x6f, 0x6e, 0x3d, 0x7b, 0x76
  .byte 0x61, 0x72, 0x69, 0x61, 0x6e, 0x74, 0x20, 0x3d, 0x3d, 0x3d, 0x20, 0x22, 0x69, 0x63, 0x6f, 0x6e
  .byte 0x22, 0x20, 0x3f, 0x20, 0x3c, 0x4c, 0x61, 0x79, 0x6f, 0x75, 0x74, 0x50, 0x61, 0x6e, 0x65, 0x6c
  .byte 0x54, 0x6f, 0x70, 0x20, 0x73, 0x69, 0x7a, 0x65, 0x3d, 0x7b, 0x31, 0x36, 0x7d, 0x20, 0x2f, 0x3e
  .byte 0x20, 0x3a, 0x20, 0x75, 0x6e, 0x64, 0x65, 0x66, 0x69, 0x6e, 0x65, 0x64, 0x7d, 0x0a, 0x20, 0x20
  .byte 0x20, 0x20, 0x20, 0x20, 0x20, 0x20, 0x20, 0x20, 0x20, 0x20, 0x69, 0x6d, 0x61, 0x67, 0x65, 0x3d
  .byte 0x7b, 0x76, 0x61, 0x72, 0x69, 0x61, 0x6e, 0x74, 0x20, 0x3d, 0x3d, 0x3d, 0x20, 0x22, 0x69, 0x6d
  .byte 0x61, 0x67, 0x65, 0x22, 0x20, 0x3f, 0x20, 0x7b, 0x20, 0x73, 0x72, 0x63, 0x3a, 0x20, 0x22, 0x2f
  .byte 0x77, 0x69, 0x6e, 0x64, 0x6f, 0x77, 0x2e, 0x73, 0x76, 0x67, 0x22, 0x2c, 0x20, 0x61, 0x6c, 0x74
  .byte 0x3a, 0x20, 0x22, 0x57, 0x69, 0x6e, 0x64, 0x6f, 0x77, 0x22, 0x20, 0x7d, 0x20, 0x3a, 0x20, 0x75
  .byte 0x6e, 0x64, 0x65, 0x66, 0x69, 0x6e, 0x65, 0x64, 0x7d, 0x0a, 0x20, 0x20, 0x20, 0x20, 0x20, 0x20
  .byte 0x20, 0x20, 0x20, 0x20, 0x20, 0x20, 0x74, 0x69, 0x74, 0x6c, 0x65, 0x3d, 0x22, 0x52, 0x65, 0x76
  .byte 0x69, 0x65, 0x77, 0x20, 0x61, 0x6e, 0x64, 0x20, 0x72, 0x65, 0x66, 0x69, 0x6e, 0x65, 0x22, 0x0a
  .byte 0x20, 0x20, 0x20, 0x20, 0x20, 0x20, 0x20, 0x20, 0x20, 0x20, 0x20, 0x20, 0x73, 0x75, 0x62, 0x74
  .byte 0x69, 0x74, 0x6c, 0x65, 0x3d, 0x7b, 0x64, 0x65, 0x73, 0x63, 0x72, 0x69, 0x70, 0x74, 0x69, 0x6f
  .byte 0x6e, 0x46, 0x6f, 0x72, 0x28, 0x22, 0x45, 0x64, 0x69, 0x74, 0x20, 0x74, 0x68, 0x65, 0x20, 0x72
  .byte 0x65, 0x73, 0x75, 0x6c, 0x74, 0x20, 0x61, 0x6e, 0x64, 0x20, 0x72, 0x65, 0x72, 0x75, 0x6e, 0x20
  .byte 0x77, 0x69, 0x74, 0x68, 0x20, 0x74, 0x69, 0x67, 0x68, 0x74, 0x65, 0x72, 0x20, 0x69, 0x6e, 0x73
  .byte 0x74, 0x72, 0x75, 0x63, 0x74, 0x69, 0x6f, 0x6e, 0x73, 0x2e, 0x22, 0x29, 0x7d, 0x0a, 0x20, 0x20
  .byte 0x20, 0x20, 0x20, 0x20, 0x20, 0x20, 0x20, 0x20, 0x20, 0x20, 0x7b, 0x2e, 0x2e, 0x2e, 0x63, 0x6f
  .byte 0x6d, 0x6d, 0x6f, 0x6e, 0x41, 0x63, 0x74, 0x69, 0x6f, 0x6e, 0x50, 0x72, 0x6f, 0x70, 0x73, 0x7d
  .byte 0x0a, 0x20, 0x20, 0x20, 0x20, 0x20, 0x20, 0x20, 0x20, 0x20, 0x20, 0x2f, 0x3e, 0x0a, 0x20, 0x20
  .byte 0x20, 0x20, 0x20, 0x20, 0x20, 0x20, 0x3c, 0x2f, 0x4c, 0x69, 0x73, 0x74, 0x42, 0x6c, 0x6f, 0x63
  .byte 0x6b, 0x3e, 0x0a, 0x20, 0x20, 0x20, 0x20, 0x20, 0x20, 0x3c, 0x2f, 0x64, 0x69, 0x76, 0x3e, 0x0a
  .byte 0x20, 0x20, 0x20, 0x20, 0x3c, 0x2f, 0x64, 0x69, 0x76, 0x3e, 0x0a, 0x20, 0x20, 0x29, 0x3b, 0x0a
  .byte 0x7d, 0x0a, 0x0a, 0x65, 0x78, 0x70, 0x6f, 0x72, 0x74, 0x20, 0x64, 0x65, 0x66, 0x61, 0x75, 0x6c
  .byte 0x74, 0x20, 0x66, 0x75, 0x6e, 0x63, 0x74, 0x69, 0x6f, 0x6e, 0x20, 0x42, 0x6c, 0x6f, 0x63, 0x6b
  .byte 0x73, 0x4c, 0x69, 0x73, 0x74, 0x73, 0x50, 0x61, 0x67, 0x65, 0x28, 0x29, 0x20, 0x7b, 0x0a, 0x20
  .byte 0x20, 0x63, 0x6f, 0x6e, 0x73, 0x74, 0x20, 0x5b, 0x76, 0x61, 0x72, 0x69, 0x61, 0x6e, 0x74, 0x2c
  .byte 0x20, 0x73, 0x65, 0x74, 0x56, 0x61, 0x72, 0x69, 0x61, 0x6e, 0x74, 0x5d, 0x20, 0x3d, 0x20, 0x75
  .byte 0x73, 0x65, 0x53, 0x74, 0x61, 0x74, 0x65, 0x3c, 0x4c, 0x69, 0x73, 0x74, 0x56, 0x61, 0x72, 0x69
  .byte 0x61, 0x6e, 0x74, 0x3e, 0x28, 0x22, 0x6e, 0x75, 0x6d, 0x62, 0x65, 0x72, 0x22, 0x29, 0x3b, 0x0a
  .byte 0x20, 0x20, 0x63, 0x6f, 0x6e, 0x73, 0x74, 0x20, 0x5b, 0x64, 0x65, 0x73, 0x63, 0x72, 0x69, 0x70
  .byte 0x74, 0x69, 0x6f, 0x6e, 0x2c, 0x20, 0x73, 0x65, 0x74, 0x44, 0x65, 0x73, 0x63, 0x72, 0x69, 0x70
  .byte 0x74, 0x69, 0x6f, 0x6e, 0x5d, 0x20, 0x3d, 0x20, 0x75, 0x73, 0x65, 0x53, 0x74, 0x61, 0x74, 0x65
  .byte 0x3c, 0x22, 0x73, 0x68, 0x6f, 0x77, 0x22, 0x20, 0x7c, 0x20, 0x22, 0x68, 0x69, 0x64, 0x65, 0x22
  .byte 0x3e, 0x28, 0x22, 0x73, 0x68, 0x6f, 0x77, 0x22, 0x29, 0x3b, 0x0a, 0x20, 0x20, 0x63, 0x6f, 0x6e
  .byte 0x73, 0x74, 0x20, 0x5b, 0x69, 0x6e, 0x74, 0x65, 0x72, 0x61, 0x63, 0x74, 0x69, 0x6f, 0x6e, 0x4d
  .byte 0x6f, 0x64, 0x65, 0x2c, 0x20, 0x73, 0x65, 0x74, 0x49, 0x6e, 0x74, 0x65, 0x72, 0x61, 0x63, 0x74
  .byte 0x69, 0x6f, 0x6e, 0x4d, 0x6f, 0x64, 0x65, 0x5d, 0x20, 0x3d, 0x20, 0x75, 0x73, 0x65, 0x53, 0x74
  .byte 0x61, 0x74, 0x65, 0x3c, 0x4c, 0x69, 0x73, 0x74, 0x49, 0x6e, 0x74, 0x65, 0x72, 0x61, 0x63, 0x74
  .byte 0x69, 0x6f, 0x6e, 0x4d, 0x6f, 0x64, 0x65, 0x3e, 0x28, 0x22, 0x73, 0x74, 0x61, 0x74, 0x69, 0x63
  .byte 0x22, 0x29, 0x3b, 0x0a, 0x0a, 0x20, 0x20, 0x63, 0x6f, 0x6e, 0x73, 0x74, 0x20, 0x73, 0x68, 0x6f
  .byte 0x77, 0x44, 0x65, 0x73, 0x63, 0x72, 0x69, 0x70, 0x74, 0x69, 0x6f, 0x6e, 0x20, 0x3d, 0x20, 0x64
  .byte 0x65, 0x73, 0x63, 0x72, 0x69, 0x70, 0x74, 0x69, 0x6f, 0x6e, 0x20, 0x3d, 0x3d, 0x3d, 0x20, 0x22
  .byte 0x73, 0x68, 0x6f, 0x77, 0x22, 0x3b, 0x0a, 0x0a, 0x20, 0x20, 0x72, 0x65, 0x74, 0x75, 0x72, 0x6e
  .byte 0x20, 0x28, 0x0a, 0x20, 0x20, 0x20, 0x20, 0x3c, 0x50, 0x72, 0x65, 0x76, 0x69, 0x65, 0x77, 0x50
  .byte 0x61, 0x67, 0x65, 0x3e, 0x0a, 0x20, 0x20, 0x20, 0x20, 0x20, 0x20, 0x3c, 0x50, 0x72, 0x65, 0x76
  .byte 0x69, 0x65, 0x77, 0x53, 0x65, 0x63, 0x74, 0x69, 0x6f, 0x6e, 0x0a, 0x20, 0x20, 0x20, 0x20, 0x20
  .byte 0x20, 0x20, 0x20, 0x74, 0x69, 0x74, 0x6c, 0x65, 0x3d, 0x22, 0x4c, 0x69, 0x73, 0x74, 0x73, 0x22
  .byte 0x0a, 0x20, 0x20, 0x20, 0x20, 0x20, 0x20, 0x20, 0x20, 0x68, 0x65, 0x61, 0x64, 0x69, 0x6e, 0x67
  .byte 0x4c, 0x65, 0x76, 0x65, 0x6c, 0x3d, 0x22, 0x68, 0x31, 0x22, 0x0a, 0x20, 0x20, 0x20, 0x20, 0x20
  .byte 0x20, 0x20, 0x20, 0x64, 0x65, 0x73, 0x63, 0x72, 0x69, 0x70, 0x74, 0x69, 0x6f, 0x6e, 0x3d, 0x22
  .byte 0x50, 0x72, 0x65, 0x73, 0x65, 0x6e, 0x74, 0x73, 0x20, 0x6f, 0x72, 0x64, 0x65, 0x72, 0x65, 0x64
  .byte 0x20, 0x6f, 0x72, 0x20, 0x73, 0x74, 0x72, 0x75, 0x63, 0x74, 0x75, 0x72, 0x65, 0x64, 0x20, 0x69
  .byte 0x74, 0x65, 0x6d, 0x73, 0x20, 0x69, 0x6e, 0x20, 0x61, 0x20, 0x76, 0x65, 0x72, 0x74, 0x69, 0x63
  .byte 0x61, 0x6c, 0x2c, 0x20, 0x65, 0x61, 0x73, 0x79, 0x2d, 0x74, 0x6f, 0x2d, 0x73, 0x63, 0x61, 0x6e
  .byte 0x20, 0x66, 0x6f, 0x72, 0x6d, 0x61, 0x74, 0x2e, 0x20, 0x47, 0x72, 0x65, 0x61, 0x74, 0x20, 0x66
  .byte 0x6f, 0x72, 0x20, 0x73, 0x74, 0x65, 0x70, 0x73, 0x2c, 0x20, 0x74, 0x61, 0x73, 0x6b, 0x73, 0x2c
  .byte 0x20, 0x6f, 0x72, 0x20, 0x67, 0x72, 0x6f, 0x75, 0x70, 0x65, 0x64, 0x20, 0x69, 0x6e, 0x66, 0x6f
  .byte 0x72, 0x6d, 0x61, 0x74, 0x69, 0x6f, 0x6e, 0x2e, 0x22, 0x0a, 0x20, 0x20, 0x20, 0x20, 0x20, 0x20
  .byte 0x3e, 0x0a, 0x20, 0x20, 0x20, 0x20, 0x20, 0x20, 0x20, 0x20, 0x3c, 0x42, 0x6c, 0x6f, 0x63, 0x6b
  .byte 0x56, 0x61, 0x72, 0x69, 0x61, 0x6e, 0x74, 0x50, 0x72, 0x65, 0x76, 0x69, 0x65, 0x77, 0x0a, 0x20
  .byte 0x20, 0x20, 0x20, 0x20, 0x20, 0x20, 0x20, 0x20, 0x20, 0x70, 0x72, 0x65, 0x76, 0x69, 0x65, 0x77
  .byte 0x3d, 0x7b, 0x3c, 0x4c, 0x69, 0x73, 0x74, 0x73, 0x50, 0x72, 0x65, 0x76, 0x69, 0x65, 0x77, 0x20
  .byte 0x76, 0x61, 0x72, 0x69, 0x61, 0x6e, 0x74, 0x3d, 0x22, 0x6e, 0x75, 0x6d, 0x62, 0x65, 0x72, 0x22
  .byte 0x20, 0x73, 0x68, 0x6f, 0x77, 0x44, 0x65, 0x73, 0x63, 0x72, 0x69, 0x70, 0x74, 0x69, 0x6f, 0x6e
  .byte 0x20, 0x69, 0x6e, 0x74, 0x65, 0x72, 0x61, 0x63, 0x74, 0x69, 0x6f, 0x6e, 0x4d, 0x6f, 0x64, 0x65
  .byte 0x3d, 0x22, 0x73, 0x74, 0x61, 0x74, 0x69, 0x63, 0x22, 0x20, 0x2f, 0x3e, 0x7d, 0x0a, 0x20, 0x20
  .byte 0x20, 0x20, 0x20, 0x20, 0x20, 0x20, 0x20, 0x20, 0x70, 0x72, 0x6f, 0x6d, 0x70, 0x74, 0x3d, 0x22
  .byte 0x55, 0x73, 0x65, 0x20, 0x6e, 0x75, 0x6d, 0x62, 0x65, 0x72, 0x65, 0x64, 0x20, 0x6c, 0x69, 0x73
  .byte 0x74, 0x20, 0x77, 0x69, 0x74, 0x68, 0x20, 0x64, 0x65, 0x73, 0x63, 0x72, 0x69, 0x70, 0x74, 0x69
  .byte 0x6f, 0x6e, 0x20, 0x74, 0x6f, 0x20, 0x64, 0x69, 0x73, 0x70, 0x6c, 0x61, 0x79, 0x20, 0x6f, 0x72
  .byte 0x64, 0x65, 0x72, 0x65, 0x64, 0x20, 0x69, 0x74, 0x65, 0x6d, 0x73, 0x20, 0x77, 0x68, 0x65, 0x6e
  .byte 0x20, 0x3c, 0x65, 0x6e, 0x74, 0x65, 0x72, 0x20, 0x75, 0x73, 0x65, 0x20, 0x63, 0x61, 0x73, 0x65
  .byte 0x3e, 0x2e, 0x22, 0x0a, 0x20, 0x20, 0x20, 0x20, 0x20, 0x20, 0x20, 0x20, 0x2f, 0x3e, 0x0a, 0x0a
  .byte 0x20, 0x20, 0x20, 0x20, 0x20, 0x20, 0x20, 0x20, 0x3c, 0x42, 0x6c, 0x6f, 0x63, 0x6b, 0x56, 0x61
  .byte 0x72, 0x69, 0x61, 0x6e, 0x74, 0x50, 0x72, 0x65, 0x76, 0x69, 0x65, 0x77, 0x0a, 0x20, 0x20, 0x20
  .byte 0x20, 0x20, 0x20, 0x20, 0x20, 0x20, 0x20, 0x74, 0x69, 0x74, 0x6c, 0x65, 0x3d, 0x22, 0x43, 0x6f
  .byte 0x6e, 0x66, 0x69, 0x67, 0x75, 0x72, 0x61, 0x74, 0x69, 0x6f, 0x6e, 0x73, 0x22, 0x0a, 0x20, 0x20
  .byte 0x20, 0x20, 0x20, 0x20, 0x20, 0x20, 0x20, 0x20, 0x64, 0x65, 0x73, 0x63, 0x72, 0x69, 0x70, 0x74
  .byte 0x69, 0x6f, 0x6e, 0x3d, 0x22, 0x54, 0x6f, 0x67, 0x67, 0x6c, 0x65, 0x20, 0x6c, 0x69, 0x73, 0x74
  .byte 0x20, 0x76, 0x61, 0x72, 0x69, 0x61, 0x6e, 0x74, 0x2c, 0x20, 0x64, 0x65, 0x73, 0x63, 0x72, 0x69
  .byte 0x70, 0x74, 0x69, 0x6f, 0x6e, 0x2c, 0x20, 0x61, 0x6e, 0x64, 0x20, 0x69, 0x6e, 0x74, 0x65, 0x72
  .byte 0x61, 0x63, 0x74, 0x69, 0x6f, 0x6e, 0x2e, 0x22, 0x0a, 0x20, 0x20, 0x20, 0x20, 0x20, 0x20, 0x20
  .byte 0x20, 0x20, 0x20, 0x70, 0x72, 0x65, 0x76, 0x69, 0x65, 0x77, 0x3d, 0x7b, 0x0a, 0x20, 0x20, 0x20
  .byte 0x20, 0x20, 0x20, 0x20, 0x20, 0x20, 0x20, 0x20, 0x20, 0x3c, 0x4c, 0x69, 0x73, 0x74, 0x73, 0x50
  .byte 0x72, 0x65, 0x76, 0x69, 0x65, 0x77, 0x0a, 0x20, 0x20, 0x20, 0x20, 0x20, 0x20, 0x20, 0x20, 0x20
  .byte 0x20, 0x20, 0x20, 0x20, 0x20, 0x76, 0x61, 0x72, 0x69, 0x61, 0x6e, 0x74, 0x3d, 0x7b, 0x76, 0x61
  .byte 0x72, 0x69, 0x61, 0x6e, 0x74, 0x7d, 0x0a, 0x20, 0x20, 0x20, 0x20, 0x20, 0x20, 0x20, 0x20, 0x20
  .byte 0x20, 0x20, 0x20, 0x20, 0x20, 0x73, 0x68, 0x6f, 0x77, 0x44, 0x65, 0x73, 0x63, 0x72, 0x69, 0x70
  .byte 0x74, 0x69, 0x6f, 0x6e, 0x3d, 0x7b, 0x73, 0x68, 0x6f, 0x77, 0x44, 0x65, 0x73, 0x63, 0x72, 0x69
  .byte 0x70, 0x74, 0x69, 0x6f, 0x6e, 0x7d, 0x0a, 0x20, 0x20, 0x20, 0x20, 0x20, 0x20, 0x20, 0x20, 0x20
  .byte 0x20, 0x20, 0x20, 0x20, 0x20, 0x69, 0x6e, 0x74, 0x65, 0x72, 0x61, 0x63, 0x74, 0x69, 0x6f, 0x6e
  .byte 0x4d, 0x6f, 0x64, 0x65, 0x3d, 0x7b, 0x69, 0x6e, 0x74, 0x65, 0x72, 0x61, 0x63, 0x74, 0x69, 0x6f
  .byte 0x6e, 0x4d, 0x6f, 0x64, 0x65, 0x7d, 0x0a, 0x20, 0x20, 0x20, 0x20, 0x20, 0x20, 0x20, 0x20, 0x20
  .byte 0x20, 0x20, 0x20, 0x2f, 0x3e, 0x0a, 0x20, 0x20, 0x20, 0x20, 0x20, 0x20, 0x20, 0x20, 0x20, 0x20
  .byte 0x7d, 0x0a, 0x20, 0x20, 0x20, 0x20, 0x20, 0x20, 0x20, 0x20, 0x20, 0x20, 0x70, 0x72, 0x6f, 0x6d
  .byte 0x70, 0x74, 0x3d, 0x7b, 0x60, 0x55, 0x73, 0x65, 0x20, 0x24, 0x7b, 0x76, 0x61, 0x72, 0x69, 0x61
  .byte 0x6e, 0x74, 0x7d, 0x20, 0x6c, 0x69, 0x73, 0x74, 0x24, 0x7b, 0x73, 0x68, 0x6f, 0x77, 0x44, 0x65
  .byte 0x73, 0x63, 0x72, 0x69, 0x70, 0x74, 0x69, 0x6f, 0x6e, 0x20, 0x3f, 0x20, 0x22, 0x20, 0x77, 0x69
  .byte 0x74, 0x68, 0x20, 0x64, 0x65, 0x73, 0x63, 0x72, 0x69, 0x70, 0x74, 0x69, 0x6f, 0x6e, 0x22, 0x20
  .byte 0x3a, 0x20, 0x22, 0x22, 0x7d, 0x24, 0x7b, 0x69, 0x6e, 0x74, 0x65, 0x72, 0x61, 0x63, 0x74, 0x69
  .byte 0x6f, 0x6e, 0x4d, 0x6f, 0x64, 0x65, 0x20, 0x3d, 0x3d, 0x3d, 0x20, 0x22, 0x63, 0x6c, 0x69, 0x63
  .byte 0x6b, 0x61, 0x62, 0x6c, 0x65, 0x22, 0x20, 0x3f, 0x20, 0x22, 0x20, 0x61, 0x6e, 0x64, 0x20, 0x63
  .byte 0x6c, 0x69, 0x63, 0x6b, 0x61, 0x62, 0x6c, 0x65, 0x20, 0x69, 0x74, 0x65, 0x6d, 0x73, 0x22, 0x20
  .byte 0x3a, 0x20, 0x22, 0x22, 0x7d, 0x20, 0x74, 0x6f, 0x20, 0x64, 0x69, 0x73, 0x70, 0x6c, 0x61, 0x79
  .byte 0x20, 0x73, 0x74, 0x72, 0x75, 0x63, 0x74, 0x75, 0x72, 0x65, 0x64, 0x20, 0x69, 0x74, 0x65, 0x6d
  .byte 0x73, 0x20, 0x77, 0x68, 0x65, 0x6e, 0x20, 0x3c, 0x65, 0x6e, 0x74, 0x65, 0x72, 0x20, 0x75, 0x73
  .byte 0x65, 0x20, 0x63, 0x61, 0x73, 0x65, 0x3e, 0x2e, 0x60, 0x7d, 0x0a, 0x20, 0x20, 0x20, 0x20, 0x20
  .byte 0x20, 0x20, 0x20, 0x20, 0x20, 0x72, 0x69, 0x67, 0x68, 0x74, 0x43, 0x6f, 0x6e, 0x74, 0x72, 0x6f
  .byte 0x6c, 0x73, 0x3d, 0x7b, 0x0a, 0x20, 0x20, 0x20, 0x20, 0x20, 0x20, 0x20, 0x20, 0x20, 0x20, 0x20
  .byte 0x20, 0x3c, 0x64, 0x69, 0x76, 0x20, 0x63, 0x6c, 0x61, 0x73, 0x73, 0x4e, 0x61, 0x6d, 0x65, 0x3d
  .byte 0x7b, 0x73, 0x74, 0x79, 0x6c, 0x65, 0x73, 0x2e, 0x63, 0x6f, 0x6e, 0x74, 0x72, 0x6f, 0x6c, 0x73
  .byte 0x50, 0x61, 0x6e, 0x65, 0x6c, 0x7d, 0x3e, 0x0a, 0x20, 0x20, 0x20, 0x20, 0x20, 0x20, 0x20, 0x20
  .byte 0x20, 0x20, 0x20, 0x20, 0x20, 0x20, 0x3c, 0x64, 0x69, 0x76, 0x20, 0x63, 0x6c, 0x61, 0x73, 0x73
  .byte 0x4e, 0x61, 0x6d, 0x65, 0x3d, 0x7b, 0x73, 0x74, 0x79, 0x6c, 0x65, 0x73, 0x2e, 0x63, 0x6f, 0x6e
  .byte 0x74, 0x72, 0x6f, 0x6c, 0x53, 0x65, 0x63, 0x74, 0x69, 0x6f, 0x6e, 0x7d, 0x3e, 0x0a, 0x20, 0x20
  .byte 0x20, 0x20, 0x20, 0x20, 0x20, 0x20, 0x20, 0x20, 0x20, 0x20, 0x20, 0x20, 0x20, 0x20, 0x3c, 0x70
  .byte 0x20, 0x63, 0x6c, 0x61, 0x73, 0x73, 0x4e, 0x61, 0x6d, 0x65, 0x3d, 0x7b, 0x73, 0x74, 0x79, 0x6c
  .byte 0x65, 0x73, 0x2e, 0x73, 0x65, 0x63, 0x74, 0x69, 0x6f, 0x6e, 0x54, 0x69, 0x74, 0x6c, 0x65, 0x7d
  .byte 0x3e, 0x56, 0x61, 0x72, 0x69, 0x61, 0x6e, 0x74, 0x3c, 0x2f, 0x70, 0x3e, 0x0a, 0x20, 0x20, 0x20
  .byte 0x20, 0x20, 0x20, 0x20, 0x20, 0x20, 0x20, 0x20, 0x20, 0x20, 0x20, 0x20, 0x20, 0x3c, 0x53, 0x65
  .byte 0x67, 0x6d, 0x65, 0x6e, 0x74, 0x65, 0x64, 0x54, 0x6f, 0x67, 0x67, 0x6c, 0x65, 0x0a, 0x20, 0x20
  .byte 0x20, 0x20, 0x20, 0x20, 0x20, 0x20, 0x20, 0x20, 0x20, 0x20, 0x20, 0x20, 0x20, 0x20, 0x20, 0x20
  .byte 0x61, 0x72, 0x69, 0x61, 0x4c, 0x61, 0x62, 0x65, 0x6c, 0x3d, 0x22, 0x54, 0x6f, 0x67, 0x67, 0x6c
  .byte 0x65, 0x20, 0x6c, 0x69, 0x73, 0x74, 0x20, 0x69, 0x6e, 0x64, 0x69, 0x63, 0x61, 0x74, 0x6f, 0x72
  .byte 0x20, 0x76, 0x61, 0x72, 0x69, 0x61, 0x6e, 0x74, 0x22, 0x0a, 0x20, 0x20, 0x20, 0x20, 0x20, 0x20
  .byte 0x20, 0x20, 0x20, 0x20, 0x20, 0x20, 0x20, 0x20, 0x20, 0x20, 0x20, 0x20, 0x76, 0x61, 0x6c, 0x75
  .byte 0x65, 0x3d, 0x7b, 0x76, 0x61, 0x72, 0x69, 0x61, 0x6e, 0x74, 0x7d, 0x0a, 0x20, 0x20, 0x20, 0x20
  .byte 0x20, 0x20, 0x20, 0x20, 0x20, 0x20, 0x20, 0x20, 0x20, 0x20, 0x20, 0x20, 0x20, 0x20, 0x6f, 0x6e
  .byte 0x43, 0x68, 0x61, 0x6e, 0x67, 0x65, 0x3d, 0x7b, 0x28, 0x76, 0x61, 0x6c, 0x75, 0x65, 0x29, 0x20
  .byte 0x3d, 0x3e, 0x20, 0x73, 0x65, 0x74, 0x56, 0x61, 0x72, 0x69, 0x61, 0x6e, 0x74, 0x28, 0x76, 0x61
  .byte 0x6c, 0x75, 0x65, 0x20, 0x61, 0x73, 0x20, 0x4c, 0x69, 0x73, 0x74, 0x56, 0x61, 0x72, 0x69, 0x61
  .byte 0x6e, 0x74, 0x29, 0x7d, 0x0a, 0x20, 0x20, 0x20, 0x20, 0x20, 0x20, 0x20, 0x20, 0x20, 0x20, 0x20
  .byte 0x20, 0x20, 0x20, 0x20, 0x20, 0x20, 0x20, 0x6f, 0x70, 0x74, 0x69, 0x6f, 0x6e, 0x73, 0x3d, 0x7b
  .byte 0x5b, 0x0a, 0x20, 0x20, 0x20, 0x20, 0x20, 0x20, 0x20, 0x20, 0x20, 0x20, 0x20, 0x20, 0x20, 0x20
  .byte 0x20, 0x20, 0x20, 0x20, 0x20, 0x20, 0x7b, 0x20, 0x6c, 0x61, 0x62, 0x65, 0x6c, 0x3a, 0x20, 0x22
  .byte 0x4e, 0x75, 0x6d, 0x62, 0x65, 0x72, 0x22, 0x2c, 0x20, 0x76, 0x61, 0x6c, 0x75, 0x65, 0x3a, 0x20
  .byte 0x22, 0x6e, 0x75, 0x6d, 0x62, 0x65, 0x72, 0x22, 0x20, 0x7d, 0x2c, 0x0a, 0x20, 0x20, 0x20, 0x20
  .byte 0x20, 0x20, 0x20, 0x20, 0x20, 0x20, 0x20, 0x20, 0x20, 0x20, 0x20, 0x20, 0x20, 0x20, 0x20, 0x20
  .byte 0x7b, 0x20, 0x6c, 0x61, 0x62, 0x65, 0x6c, 0x3a, 0x20, 0x22, 0x49, 0x63, 0x6f, 0x6e, 0x22, 0x2c
  .byte 0x20, 0x76, 0x61, 0x6c, 0x75, 0x65, 0x3a, 0x20, 0x22, 0x69, 0x63, 0x6f, 0x6e, 0x22, 0x20, 0x7d
  .byte 0x2c, 0x0a, 0x20, 0x20, 0x20, 0x20, 0x20, 0x20, 0x20, 0x20, 0x20, 0x20, 0x20, 0x20, 0x20, 0x20
  .byte 0x20, 0x20, 0x20, 0x20, 0x20, 0x20, 0x7b, 0x20, 0x6c, 0x61, 0x62, 0x65, 0x6c, 0x3a, 0x20, 0x22
  .byte 0x49, 0x6d, 0x61, 0x67, 0x65, 0x22, 0x2c, 0x20, 0x76, 0x61, 0x6c, 0x75, 0x65, 0x3a, 0x20, 0x22
  .byte 0x69, 0x6d, 0x61, 0x67, 0x65, 0x22, 0x20, 0x7d, 0x2c, 0x0a, 0x20, 0x20, 0x20, 0x20, 0x20, 0x20
  .byte 0x20, 0x20, 0x20, 0x20, 0x20, 0x20, 0x20, 0x20, 0x20, 0x20, 0x20, 0x20, 0x5d, 0x7d, 0x0a, 0x20
  .byte 0x20, 0x20, 0x20, 0x20, 0x20, 0x20, 0x20, 0x20, 0x20, 0x20, 0x20, 0x20, 0x20, 0x20, 0x20, 0x2f
  .byte 0x3e, 0x0a, 0x20, 0x20, 0x20, 0x20, 0x20, 0x20, 0x20, 0x20, 0x20, 0x20, 0x20, 0x20, 0x20, 0x20
  .byte 0x3c, 0x2f, 0x64, 0x69, 0x76, 0x3e, 0x0a, 0x0a, 0x20, 0x20, 0x20, 0x20, 0x20, 0x20, 0x20, 0x20
  .byte 0x20, 0x20, 0x20, 0x20, 0x20, 0x20, 0x3c, 0x64, 0x69, 0x76, 0x20, 0x63, 0x6c, 0x61, 0x73, 0x73
  .byte 0x4e, 0x61, 0x6d, 0x65, 0x3d, 0x7b, 0x73, 0x74, 0x79, 0x6c, 0x65, 0x73, 0x2e, 0x63, 0x6f, 0x6e
  .byte 0x74, 0x72, 0x6f, 0x6c, 0x53, 0x65, 0x63, 0x74, 0x69, 0x6f, 0x6e, 0x7d, 0x3e, 0x0a, 0x20, 0x20
  .byte 0x20, 0x20, 0x20, 0x20, 0x20, 0x20, 0x20, 0x20, 0x20, 0x20, 0x20, 0x20, 0x20, 0x20, 0x3c, 0x70
  .byte 0x20, 0x63, 0x6c, 0x61, 0x73, 0x73, 0x4e, 0x61, 0x6d, 0x65, 0x3d, 0x7b, 0x73, 0x74, 0x79, 0x6c
  .byte 0x65, 0x73, 0x2e, 0x73, 0x65, 0x63, 0x74, 0x69, 0x6f, 0x6e, 0x54, 0x69, 0x74, 0x6c, 0x65, 0x7d
  .byte 0x3e, 0x44, 0x65, 0x73, 0x63, 0x72, 0x69, 0x70, 0x74, 0x69, 0x6f, 0x6e, 0x3c, 0x2f, 0x70, 0x3e
  .byte 0x0a, 0x20, 0x20, 0x20, 0x20, 0x20, 0x20, 0x20, 0x20, 0x20, 0x20, 0x20, 0x20, 0x20, 0x20, 0x20
  .byte 0x20, 0x3c, 0x53, 0x65, 0x67, 0x6d, 0x65, 0x6e, 0x74, 0x65, 0x64, 0x54, 0x6f, 0x67, 0x67, 0x6c
  .byte 0x65, 0x0a, 0x20, 0x20, 0x20, 0x20, 0x20, 0x20, 0x20, 0x20, 0x20, 0x20, 0x20, 0x20, 0x20, 0x20
  .byte 0x20, 0x20, 0x20, 0x20, 0x61, 0x72, 0x69, 0x61, 0x4c, 0x61, 0x62, 0x65, 0x6c, 0x3d, 0x22, 0x54
  .byte 0x6f, 0x67, 0x67, 0x6c, 0x65, 0x20, 0x64, 0x65, 0x73, 0x63, 0x72, 0x69, 0x70, 0x74, 0x69, 0x6f
  .byte 0x6e, 0x20, 0x76, 0x69, 0x73, 0x69, 0x62, 0x69, 0x6c, 0x69, 0x74, 0x79, 0x22, 0x0a, 0x20, 0x20
  .byte 0x20, 0x20, 0x20, 0x20, 0x20, 0x20, 0x20, 0x20, 0x20, 0x20, 0x20, 0x20, 0x20, 0x20, 0x20, 0x20
  .byte 0x76, 0x61, 0x6c, 0x75, 0x65, 0x3d, 0x7b, 0x64, 0x65, 0x73, 0x63, 0x72, 0x69, 0x70, 0x74, 0x69
  .byte 0x6f, 0x6e, 0x7d, 0x0a, 0x20, 0x20, 0x20, 0x20, 0x20, 0x20, 0x20, 0x20, 0x20, 0x20, 0x20, 0x20
  .byte 0x20, 0x20, 0x20, 0x20, 0x20, 0x20, 0x6f, 0x6e, 0x43, 0x68, 0x61, 0x6e, 0x67, 0x65, 0x3d, 0x7b
  .byte 0x28, 0x76, 0x61, 0x6c, 0x75, 0x65, 0x29, 0x20, 0x3d, 0x3e, 0x20, 0x73, 0x65, 0x74, 0x44, 0x65
  .byte 0x73, 0x63, 0x72, 0x69, 0x70, 0x74, 0x69, 0x6f, 0x6e, 0x28, 0x76, 0x61, 0x6c, 0x75, 0x65, 0x20
  .byte 0x61, 0x73, 0x20, 0x22, 0x73, 0x68, 0x6f, 0x77, 0x22, 0x20, 0x7c, 0x20, 0x22, 0x68, 0x69, 0x64
  .byte 0x65, 0x22, 0x29, 0x7d, 0x0a, 0x20, 0x20, 0x20, 0x20, 0x20, 0x20, 0x20, 0x20, 0x20, 0x20, 0x20
  .byte 0x20, 0x20, 0x20, 0x20, 0x20, 0x20, 0x20, 0x6f, 0x70, 0x74, 0x69, 0x6f, 0x6e, 0x73, 0x3d, 0x7b
  .byte 0x5b, 0x0a, 0x20, 0x20, 0x20, 0x20, 0x20, 0x20, 0x20, 0x20, 0x20, 0x20, 0x20, 0x20, 0x20, 0x20
  .byte 0x20, 0x20, 0x20, 0x20, 0x20, 0x20, 0x7b, 0x20, 0x6c, 0x61, 0x62, 0x65, 0x6c, 0x3a, 0x20, 0x22
  .byte 0x53, 0x68, 0x6f, 0x77, 0x22, 0x2c, 0x20, 0x76, 0x61, 0x6c, 0x75, 0x65, 0x3a, 0x20, 0x22, 0x73
  .byte 0x68, 0x6f, 0x77, 0x22, 0x20, 0x7d, 0x2c, 0x0a, 0x20, 0x20, 0x20, 0x20, 0x20, 0x20, 0x20, 0x20
  .byte 0x20, 0x20, 0x20, 0x20, 0x20, 0x20, 0x20, 0x20, 0x20, 0x20, 0x20, 0x20, 0x7b, 0x20, 0x6c, 0x61
  .byte 0x62, 0x65, 0x6c, 0x3a, 0x20, 0x22, 0x48, 0x69, 0x64, 0x65, 0x22, 0x2c, 0x20, 0x76, 0x61, 0x6c
  .byte 0x75, 0x65, 0x3a, 0x20, 0x22, 0x68, 0x69, 0x64, 0x65, 0x22, 0x20, 0x7d, 0x2c, 0x0a, 0x20, 0x20
  .byte 0x20, 0x20, 0x20, 0x20, 0x20, 0x20, 0x20, 0x20, 0x20, 0x20, 0x20, 0x20, 0x20, 0x20, 0x20, 0x20
  .byte 0x5d, 0x7d, 0x0a, 0x20, 0x20, 0x20, 0x20, 0x20, 0x20, 0x20, 0x20, 0x20, 0x20, 0x20, 0x20, 0x20
  .byte 0x20, 0x20, 0x20, 0x2f, 0x3e, 0x0a, 0x20, 0x20, 0x20, 0x20, 0x20, 0x20, 0x20, 0x20, 0x20, 0x20
  .byte 0x20, 0x20, 0x20, 0x20, 0x3c, 0x2f, 0x64, 0x69, 0x76, 0x3e, 0x0a, 0x0a, 0x20, 0x20, 0x20, 0x20
  .byte 0x20, 0x20, 0x20, 0x20, 0x20, 0x20, 0x20, 0x20, 0x20, 0x20, 0x3c, 0x64, 0x69, 0x76, 0x20, 0x63
  .byte 0x6c, 0x61, 0x73, 0x73, 0x4e, 0x61, 0x6d, 0x65, 0x3d, 0x7b, 0x73, 0x74, 0x79, 0x6c, 0x65, 0x73
  .byte 0x2e, 0x63, 0x6f, 0x6e, 0x74, 0x72, 0x6f, 0x6c, 0x53, 0x65, 0x63, 0x74, 0x69, 0x6f, 0x6e, 0x7d
  .byte 0x3e, 0x0a, 0x20, 0x20, 0x20, 0x20, 0x20, 0x20, 0x20, 0x20, 0x20, 0x20, 0x20, 0x20, 0x20, 0x20
  .byte 0x20, 0x20, 0x3c, 0x70, 0x20, 0x63, 0x6c, 0x61, 0x73, 0x73, 0x4e, 0x61, 0x6d, 0x65, 0x3d, 0x7b
  .byte 0x73, 0x74, 0x79, 0x6c, 0x65, 0x73, 0x2e, 0x73, 0x65, 0x63, 0x74, 0x69, 0x6f, 0x6e, 0x54, 0x69
  .byte 0x74, 0x6c, 0x65, 0x7d, 0x3e, 0x49, 0x6e, 0x74, 0x65, 0x72, 0x61, 0x63, 0x74, 0x69, 0x6f, 0x6e
  .byte 0x3c, 0x2f, 0x70, 0x3e, 0x0a, 0x20, 0x20, 0x20, 0x20, 0x20, 0x20, 0x20, 0x20, 0x20, 0x20, 0x20
  .byte 0x20, 0x20, 0x20, 0x20, 0x20, 0x3c, 0x53, 0x65, 0x67, 0x6d, 0x65, 0x6e, 0x74, 0x65, 0x64, 0x54
  .byte 0x6f, 0x67, 0x67, 0x6c, 0x65, 0x0a, 0x20, 0x20, 0x20, 0x20, 0x20, 0x20, 0x20, 0x20, 0x20, 0x20
  .byte 0x20, 0x20, 0x20, 0x20, 0x20, 0x20, 0x20, 0x20, 0x61, 0x72, 0x69, 0x61, 0x4c, 0x61, 0x62, 0x65
  .byte 0x6c, 0x3d, 0x22, 0x54, 0x6f, 0x67, 0x67, 0x6c, 0x65, 0x20, 0x6c, 0x69, 0x73, 0x74, 0x20, 0x69
  .byte 0x6e, 0x74, 0x65, 0x72, 0x61, 0x63, 0x74, 0x69, 0x6f, 0x6e, 0x20, 0x6d, 0x6f, 0x64, 0x65, 0x22
  .byte 0x0a, 0x20, 0x20, 0x20, 0x20, 0x20, 0x20, 0x20, 0x20, 0x20, 0x20, 0x20, 0x20, 0x20, 0x20, 0x20
  .byte 0x20, 0x20, 0x20, 0x76, 0x61, 0x6c, 0x75, 0x65, 0x3d, 0x7b, 0x69, 0x6e, 0x74, 0x65, 0x72, 0x61
  .byte 0x63, 0x74, 0x69, 0x6f, 0x6e, 0x4d, 0x6f, 0x64, 0x65, 0x7d, 0x0a, 0x20, 0x20, 0x20, 0x20, 0x20
  .byte 0x20, 0x20, 0x20, 0x20, 0x20, 0x20, 0x20, 0x20, 0x20, 0x20, 0x20, 0x20, 0x20, 0x6f, 0x6e, 0x43
  .byte 0x68, 0x61, 0x6e, 0x67, 0x65, 0x3d, 0x7b, 0x28, 0x76, 0x61, 0x6c, 0x75, 0x65, 0x29, 0x20, 0x3d
  .byte 0x3e, 0x20, 0x73, 0x65, 0x74, 0x49, 0x6e, 0x74, 0x65, 0x72, 0x61, 0x63, 0x74, 0x69, 0x6f, 0x6e
  .byte 0x4d, 0x6f, 0x64, 0x65, 0x28, 0x76, 0x61, 0x6c, 0x75, 0x65, 0x20, 0x61, 0x73, 0x20, 0x4c, 0x69
  .byte 0x73, 0x74, 0x49, 0x6e, 0x74, 0x65, 0x72, 0x61, 0x63, 0x74, 0x69, 0x6f, 0x6e, 0x4d, 0x6f, 0x64
  .byte 0x65, 0x29, 0x7d, 0x0a, 0x20, 0x20, 0x20, 0x20, 0x20, 0x20, 0x20, 0x20, 0x20, 0x20, 0x20, 0x20
  .byte 0x20, 0x20, 0x20, 0x20, 0x20, 0x20, 0x6f, 0x70, 0x74, 0x69, 0x6f, 0x6e, 0x73, 0x3d, 0x7b, 0x5b
  .byte 0x0a, 0x20, 0x20, 0x20, 0x20, 0x20, 0x20, 0x20, 0x20, 0x20, 0x20, 0x20, 0x20, 0x20, 0x20, 0x20
  .byte 0x20, 0x20, 0x20, 0x20, 0x20, 0x7b, 0x20, 0x6c, 0x61, 0x62, 0x65, 0x6c, 0x3a, 0x20, 0x22, 0x53
  .byte 0x74, 0x61, 0x74, 0x69, 0x63, 0x22, 0x2c, 0x20, 0x76, 0x61, 0x6c, 0x75, 0x65, 0x3a, 0x20, 0x22
  .byte 0x73, 0x74, 0x61, 0x74, 0x69, 0x63, 0x22, 0x20, 0x7d, 0x2c, 0x0a, 0x20, 0x20, 0x20, 0x20, 0x20
  .byte 0x20, 0x20, 0x20, 0x20, 0x20, 0x20, 0x20, 0x20, 0x20, 0x20, 0x20, 0x20, 0x20, 0x20, 0x20, 0x7b
  .byte 0x20, 0x6c, 0x61, 0x62, 0x65, 0x6c, 0x3a, 0x20, 0x22, 0x43, 0x6c, 0x69, 0x63, 0x6b, 0x61, 0x62
  .byte 0x6c, 0x65, 0x22, 0x2c, 0x20, 0x76, 0x61, 0x6c, 0x75, 0x65, 0x3a, 0x20, 0x22, 0x63, 0x6c, 0x69
  .byte 0x63, 0x6b, 0x61, 0x62, 0x6c, 0x65, 0x22, 0x20, 0x7d, 0x2c, 0x0a, 0x20, 0x20, 0x20, 0x20, 0x20
  .byte 0x20, 0x20, 0x20, 0x20, 0x20, 0x20, 0x20, 0x20, 0x20, 0x20, 0x20, 0x20, 0x20, 0x5d, 0x7d, 0x0a
  .byte 0x20, 0x20, 0x20, 0x20, 0x20, 0x20, 0x20, 0x20, 0x20, 0x20, 0x20, 0x20, 0x20, 0x20, 0x20, 0x20
  .byte 0x2f, 0x3e, 0x0a, 0x20, 0x20, 0x20, 0x20, 0x20, 0x20, 0x20, 0x20, 0x20, 0x20, 0x20, 0x20, 0x20
  .byte 0x20, 0x3c, 0x2f, 0x64, 0x69, 0x76, 0x3e, 0x0a, 0x20, 0x20, 0x20, 0x20, 0x20, 0x20, 0x20, 0x20
  .byte 0x20, 0x20, 0x20, 0x20, 0x3c, 0x2f, 0x64, 0x69, 0x76, 0x3e, 0x0a, 0x20, 0x20, 0x20, 0x20, 0x20
  .byte 0x20, 0x20, 0x20, 0x20, 0x20, 0x7d, 0x0a, 0x20, 0x20, 0x20, 0x20, 0x20, 0x20, 0x20, 0x20, 0x2f
  .byte 0x3e, 0x0a, 0x20, 0x20, 0x20, 0x20, 0x20, 0x20, 0x3c, 0x2f, 0x50, 0x72, 0x65, 0x76, 0x69, 0x65
  .byte 0x77, 0x53, 0x65, 0x63, 0x74, 0x69, 0x6f, 0x6e, 0x3e, 0x0a, 0x20, 0x20, 0x20, 0x20, 0x3c, 0x2f
  .byte 0x50, 0x72, 0x65, 0x76, 0x69, 0x65, 0x77, 0x50, 0x61, 0x67, 0x65, 0x3e, 0x0a, 0x20, 0x20, 0x29
  .byte 0x3b, 0x0a, 0x7d, 0x0a

  .globl openui_full_port_docs_app_components_blocks_lists_page_tsx_cdd86388bdf2_len
openui_full_port_docs_app_components_blocks_lists_page_tsx_cdd86388bdf2_len:
  .quad 5716

# assembly pass: 2/4
  .globl openui_full_port_docs_app_components_blocks_lists_page_tsx_cdd86388bdf2_pass_2
openui_full_port_docs_app_components_blocks_lists_page_tsx_cdd86388bdf2_pass_2:
  .byte 0x22, 0x75, 0x73, 0x65, 0x20, 0x63, 0x6c, 0x69, 0x65, 0x6e, 0x74, 0x22, 0x3b, 0x0a, 0x0a, 0x69
  .byte 0x6d, 0x70, 0x6f, 0x72, 0x74, 0x20, 0x7b, 0x0a, 0x20, 0x20, 0x42, 0x6c, 0x6f, 0x63, 0x6b, 0x56
  .byte 0x61, 0x72, 0x69, 0x61, 0x6e, 0x74, 0x50, 0x72, 0x65, 0x76, 0x69, 0x65, 0x77, 0x2c, 0x0a, 0x20
  .byte 0x20, 0x50, 0x72, 0x65, 0x76, 0x69, 0x65, 0x77, 0x50, 0x61, 0x67, 0x65, 0x2c, 0x0a, 0x20, 0x20
  .byte 0x50, 0x72, 0x65, 0x76, 0x69, 0x65, 0x77, 0x53, 0x65, 0x63, 0x74, 0x69, 0x6f, 0x6e, 0x2c, 0x0a
  .byte 0x20, 0x20, 0x53, 0x65, 0x67, 0x6d, 0x65, 0x6e, 0x74, 0x65, 0x64, 0x54, 0x6f, 0x67, 0x67, 0x6c
  .byte 0x65, 0x2c, 0x0a, 0x7d, 0x20, 0x66, 0x72, 0x6f, 0x6d, 0x20, 0x22, 0x40, 0x63, 0x6f, 0x6d, 0x70
  .byte 0x6f, 0x6e, 0x65, 0x6e, 0x74, 0x73, 0x2f, 0x63, 0x6f, 0x6d, 0x70, 0x6f, 0x6e, 0x65, 0x6e, 0x74
  .byte 0x73, 0x2f, 0x70, 0x72, 0x65, 0x76, 0x69, 0x65, 0x77, 0x22, 0x3b, 0x0a, 0x69, 0x6d, 0x70, 0x6f
  .byte 0x72, 0x74, 0x20, 0x7b, 0x20, 0x4c, 0x69, 0x73, 0x74, 0x42, 0x6c, 0x6f, 0x63, 0x6b, 0x2c, 0x20
  .byte 0x4c, 0x69, 0x73, 0x74, 0x49, 0x74, 0x65, 0x6d, 0x20, 0x7d, 0x20, 0x66, 0x72, 0x6f, 0x6d, 0x20
  .byte 0x22, 0x40, 0x6f, 0x70, 0x65, 0x6e, 0x75, 0x69, 0x64, 0x65, 0x76, 0x2f, 0x72, 0x65, 0x61, 0x63
  .byte 0x74, 0x2d, 0x75, 0x69, 0x22, 0x3b, 0x0a, 0x69, 0x6d, 0x70, 0x6f, 0x72, 0x74, 0x20, 0x7b, 0x20
  .byte 0x43, 0x68, 0x65, 0x76, 0x72, 0x6f, 0x6e, 0x52, 0x69, 0x67, 0x68, 0x74, 0x2c, 0x20, 0x46, 0x69
  .byte 0x6c, 0x65, 0x54, 0x65, 0x78, 0x74, 0x2c, 0x20, 0x47, 0x6c, 0x6f, 0x62, 0x65, 0x2c, 0x20, 0x4c
  .byte 0x61, 0x79, 0x6f, 0x75, 0x74, 0x50, 0x61, 0x6e, 0x65, 0x6c, 0x54, 0x6f, 0x70, 0x20, 0x7d, 0x20
  .byte 0x66, 0x72, 0x6f, 0x6d, 0x20, 0x22, 0x6c, 0x75, 0x63, 0x69, 0x64, 0x65, 0x2d, 0x72, 0x65, 0x61
  .byte 0x63, 0x74, 0x22, 0x3b, 0x0a, 0x69, 0x6d, 0x70, 0x6f, 0x72, 0x74, 0x20, 0x7b, 0x20, 0x75, 0x73
  .byte 0x65, 0x4d, 0x65, 0x6d, 0x6f, 0x2c, 0x20, 0x75, 0x73, 0x65, 0x53, 0x74, 0x61, 0x74, 0x65, 0x20
  .byte 0x7d, 0x20, 0x66, 0x72, 0x6f, 0x6d, 0x20, 0x22, 0x72, 0x65, 0x61, 0x63, 0x74, 0x22, 0x3b, 0x0a
  .byte 0x69, 0x6d, 0x70, 0x6f, 0x72, 0x74, 0x20, 0x73, 0x74, 0x79, 0x6c, 0x65, 0x73, 0x20, 0x66, 0x72
  .byte 0x6f, 0x6d, 0x20, 0x22, 0x2e, 0x2f, 0x70, 0x61, 0x67, 0x65, 0x2e, 0x6d, 0x6f, 0x64, 0x75, 0x6c
  .byte 0x65, 0x2e, 0x63, 0x73, 0x73, 0x22, 0x3b, 0x0a, 0x0a, 0x74, 0x79, 0x70, 0x65, 0x20, 0x4c, 0x69
  .byte 0x73, 0x74, 0x56, 0x61, 0x72, 0x69, 0x61, 0x6e, 0x74, 0x20, 0x3d, 0x20, 0x22, 0x6e, 0x75, 0x6d
  .byte 0x62, 0x65, 0x72, 0x22, 0x20, 0x7c, 0x20, 0x22, 0x69, 0x63, 0x6f, 0x6e, 0x22, 0x20, 0x7c, 0x20
  .byte 0x22, 0x69, 0x6d, 0x61, 0x67, 0x65, 0x22, 0x3b, 0x0a, 0x74, 0x79, 0x70, 0x65, 0x20, 0x4c, 0x69
  .byte 0x73, 0x74, 0x49, 0x6e, 0x74, 0x65, 0x72, 0x61, 0x63, 0x74, 0x69, 0x6f, 0x6e, 0x4d, 0x6f, 0x64
  .byte 0x65, 0x20, 0x3d, 0x20, 0x22, 0x73, 0x74, 0x61, 0x74, 0x69, 0x63, 0x22, 0x20, 0x7c, 0x20, 0x22
  .byte 0x63, 0x6c, 0x69, 0x63, 0x6b, 0x61, 0x62, 0x6c, 0x65, 0x22, 0x3b, 0x0a, 0x0a, 0x66, 0x75, 0x6e
  .byte 0x63, 0x74, 0x69, 0x6f, 0x6e, 0x20, 0x4c, 0x69, 0x73, 0x74, 0x73, 0x50, 0x72, 0x65, 0x76, 0x69
  .byte 0x65, 0x77, 0x28, 0x7b, 0x0a, 0x20, 0x20, 0x76, 0x61, 0x72, 0x69, 0x61, 0x6e, 0x74, 0x2c, 0x0a
  .byte 0x20, 0x20, 0x73, 0x68, 0x6f, 0x77, 0x44, 0x65, 0x73, 0x63, 0x72, 0x69, 0x70, 0x74, 0x69, 0x6f
  .byte 0x6e, 0x2c, 0x0a, 0x20, 0x20, 0x69, 0x6e, 0x74, 0x65, 0x72, 0x61, 0x63, 0x74, 0x69, 0x6f, 0x6e
  .byte 0x4d, 0x6f, 0x64, 0x65, 0x2c, 0x0a, 0x7d, 0x3a, 0x20, 0x7b, 0x0a, 0x20, 0x20, 0x76, 0x61, 0x72
  .byte 0x69, 0x61, 0x6e, 0x74, 0x3a, 0x20, 0x4c, 0x69, 0x73, 0x74, 0x56, 0x61, 0x72, 0x69, 0x61, 0x6e
  .byte 0x74, 0x3b, 0x0a, 0x20, 0x20, 0x73, 0x68, 0x6f, 0x77, 0x44, 0x65, 0x73, 0x63, 0x72, 0x69, 0x70
  .byte 0x74, 0x69, 0x6f, 0x6e, 0x3a, 0x20, 0x62, 0x6f, 0x6f, 0x6c, 0x65, 0x61, 0x6e, 0x3b, 0x0a, 0x20
  .byte 0x20, 0x69, 0x6e, 0x74, 0x65, 0x72, 0x61, 0x63, 0x74, 0x69, 0x6f, 0x6e, 0x4d, 0x6f, 0x64, 0x65
  .byte 0x3a, 0x20, 0x4c, 0x69, 0x73, 0x74, 0x49, 0x6e, 0x74, 0x65, 0x72, 0x61, 0x63, 0x74, 0x69, 0x6f
  .byte 0x6e, 0x4d, 0x6f, 0x64, 0x65, 0x3b, 0x0a, 0x7d, 0x29, 0x20, 0x7b, 0x0a, 0x20, 0x20, 0x63, 0x6f
  .byte 0x6e, 0x73, 0x74, 0x20, 0x64, 0x65, 0x73, 0x63, 0x72, 0x69, 0x70, 0x74, 0x69, 0x6f, 0x6e, 0x46
  .byte 0x6f, 0x72, 0x20, 0x3d, 0x20, 0x28, 0x74, 0x65, 0x78, 0x74, 0x3a, 0x20, 0x73, 0x74, 0x72, 0x69
  .byte 0x6e, 0x67, 0x29, 0x20, 0x3d, 0x3e, 0x20, 0x28, 0x73, 0x68, 0x6f, 0x77, 0x44, 0x65, 0x73, 0x63
  .byte 0x72, 0x69, 0x70, 0x74, 0x69, 0x6f, 0x6e, 0x20, 0x3f, 0x20, 0x74, 0x65, 0x78, 0x74, 0x20, 0x3a
  .byte 0x20, 0x75, 0x6e, 0x64, 0x65, 0x66, 0x69, 0x6e, 0x65, 0x64, 0x29, 0x3b, 0x0a, 0x0a, 0x20, 0x20
  .byte 0x63, 0x6f, 0x6e, 0x73, 0x74, 0x20, 0x63, 0x6f, 0x6d, 0x6d, 0x6f, 0x6e, 0x41, 0x63, 0x74, 0x69
  .byte 0x6f, 0x6e, 0x50, 0x72, 0x6f, 0x70, 0x73, 0x20, 0x3d, 0x20, 0x75, 0x73, 0x65, 0x4d, 0x65, 0x6d
  .byte 0x6f, 0x28, 0x28, 0x29, 0x20, 0x3d, 0x3e, 0x20, 0x7b, 0x0a, 0x20, 0x20, 0x20, 0x20, 0x69, 0x66
  .byte 0x20, 0x28, 0x69, 0x6e, 0x74, 0x65, 0x72, 0x61, 0x63, 0x74, 0x69, 0x6f, 0x6e, 0x4d, 0x6f, 0x64
  .byte 0x65, 0x20, 0x3d, 0x3d, 0x3d, 0x20, 0x22, 0x73, 0x74, 0x61, 0x74, 0x69, 0x63, 0x22, 0x29, 0x20
  .byte 0x7b, 0x0a, 0x20, 0x20, 0x20, 0x20, 0x20, 0x20, 0x72, 0x65, 0x74, 0x75, 0x72, 0x6e, 0x20, 0x7b
  .byte 0x7d, 0x3b, 0x0a, 0x20, 0x20, 0x20, 0x20, 0x7d, 0x0a, 0x20, 0x20, 0x20, 0x20, 0x72, 0x65, 0x74
  .byte 0x75, 0x72, 0x6e, 0x20, 0x7b, 0x0a, 0x20, 0x20, 0x20, 0x20, 0x20, 0x20, 0x61, 0x63, 0x74, 0x69
  .byte 0x6f, 0x6e, 0x49, 0x63, 0x6f, 0x6e, 0x3a, 0x20, 0x3c, 0x43, 0x68, 0x65, 0x76, 0x72, 0x6f, 0x6e
  .byte 0x52, 0x69, 0x67, 0x68, 0x74, 0x20, 0x73, 0x69, 0x7a, 0x65, 0x3d, 0x7b, 0x31, 0x36, 0x7d, 0x20
  .byte 0x2f, 0x3e, 0x2c, 0x0a, 0x20, 0x20, 0x20, 0x20, 0x20, 0x20, 0x6f, 0x6e, 0x43, 0x6c, 0x69, 0x63
  .byte 0x6b, 0x3a, 0x20, 0x28, 0x29, 0x20, 0x3d, 0x3e, 0x20, 0x75, 0x6e, 0x64, 0x65, 0x66, 0x69, 0x6e
  .byte 0x65, 0x64, 0x2c, 0x0a, 0x20, 0x20, 0x20, 0x20, 0x7d, 0x3b, 0x0a, 0x20, 0x20, 0x7d, 0x2c, 0x20
  .byte 0x5b, 0x69, 0x6e, 0x74, 0x65, 0x72, 0x61, 0x63, 0x74, 0x69, 0x6f, 0x6e, 0x4d, 0x6f, 0x64, 0x65
  .byte 0x5d, 0x29, 0x3b, 0x0a, 0x0a, 0x20, 0x20, 0x72, 0x65, 0x74, 0x75, 0x72, 0x6e, 0x20, 0x28, 0x0a
  .byte 0x20, 0x20, 0x20, 0x20, 0x3c, 0x64, 0x69, 0x76, 0x20, 0x63, 0x6c, 0x61, 0x73, 0x73, 0x4e, 0x61
  .byte 0x6d, 0x65, 0x3d, 0x7b, 0x73, 0x74, 0x79, 0x6c, 0x65, 0x73, 0x2e, 0x70, 0x72, 0x65, 0x76, 0x69
  .byte 0x65, 0x77, 0x57, 0x72, 0x61, 0x70, 0x70, 0x65, 0x72, 0x7d, 0x3e, 0x0a, 0x20, 0x20, 0x20, 0x20
  .byte 0x20, 0x20, 0x3c, 0x64, 0x69, 0x76, 0x20, 0x63, 0x6c, 0x61, 0x73, 0x73, 0x4e, 0x61, 0x6d, 0x65
  .byte 0x3d, 0x7b, 0x73, 0x74, 0x79, 0x6c, 0x65, 0x73, 0x2e, 0x70, 0x72, 0x65, 0x76, 0x69, 0x65, 0x77
  .byte 0x49, 0x6e, 0x6e, 0x65, 0x72, 0x7d, 0x3e, 0x0a, 0x20, 0x20, 0x20, 0x20, 0x20, 0x20, 0x20, 0x20
  .byte 0x3c, 0x4c, 0x69, 0x73, 0x74, 0x42, 0x6c, 0x6f, 0x63, 0x6b, 0x20, 0x76, 0x61, 0x72, 0x69, 0x61
  .byte 0x6e, 0x74, 0x3d, 0x7b, 0x76, 0x61, 0x72, 0x69, 0x61, 0x6e, 0x74, 0x7d, 0x3e, 0x0a, 0x20, 0x20
  .byte 0x20, 0x20, 0x20, 0x20, 0x20, 0x20, 0x20, 0x20, 0x3c, 0x4c, 0x69, 0x73, 0x74, 0x49, 0x74, 0x65
  .byte 0x6d, 0x0a, 0x20, 0x20, 0x20, 0x20, 0x20, 0x20, 0x20, 0x20, 0x20, 0x20, 0x20, 0x20, 0x76, 0x61
  .byte 0x72, 0x69, 0x61, 0x6e, 0x74, 0x3d, 0x7b, 0x76, 0x61, 0x72, 0x69, 0x61, 0x6e, 0x74, 0x7d, 0x0a
  .byte 0x20, 0x20, 0x20, 0x20, 0x20, 0x20, 0x20, 0x20, 0x20, 0x20, 0x20, 0x20, 0x69, 0x6e, 0x64, 0x65
  .byte 0x78, 0x3d, 0x7b, 0x30, 0x7d, 0x0a, 0x20, 0x20, 0x20, 0x20, 0x20, 0x20, 0x20, 0x20, 0x20, 0x20
  .byte 0x20, 0x20, 0x6c, 0x69, 0x73, 0x74, 0x48, 0x61, 0x73, 0x53, 0x75, 0x62, 0x74, 0x69, 0x74, 0x6c
  .byte 0x65, 0x3d, 0x7b, 0x73, 0x68, 0x6f, 0x77, 0x44, 0x65, 0x73, 0x63, 0x72, 0x69, 0x70, 0x74, 0x69
  .byte 0x6f, 0x6e, 0x7d, 0x0a, 0x20, 0x20, 0x20, 0x20, 0x20, 0x20, 0x20, 0x20, 0x20, 0x20, 0x20, 0x20
  .byte 0x69, 0x63, 0x6f, 0x6e, 0x3d, 0x7b, 0x76, 0x61, 0x72, 0x69, 0x61, 0x6e, 0x74, 0x20, 0x3d, 0x3d
  .byte 0x3d, 0x20, 0x22, 0x69, 0x63, 0x6f, 0x6e, 0x22, 0x20, 0x3f, 0x20, 0x3c, 0x46, 0x69, 0x6c, 0x65
  .byte 0x54, 0x65, 0x78, 0x74, 0x20, 0x73, 0x69, 0x7a, 0x65, 0x3d, 0x7b, 0x31, 0x36, 0x7d, 0x20, 0x2f
  .byte 0x3e, 0x20, 0x3a, 0x20, 0x75, 0x6e, 0x64, 0x65, 0x66, 0x69, 0x6e, 0x65, 0x64, 0x7d, 0x0a, 0x20
  .byte 0x20, 0x20, 0x20, 0x20, 0x20, 0x20, 0x20, 0x20, 0x20, 0x20, 0x20, 0x69, 0x6d, 0x61, 0x67, 0x65
  .byte 0x3d, 0x7b, 0x76, 0x61, 0x72, 0x69, 0x61, 0x6e, 0x74, 0x20, 0x3d, 0x3d, 0x3d, 0x20, 0x22, 0x69
  .byte 0x6d, 0x61, 0x67, 0x65, 0x22, 0x20, 0x3f, 0x20, 0x7b, 0x20, 0x73, 0x72, 0x63, 0x3a, 0x20, 0x22
  .byte 0x2f, 0x66, 0x69, 0x6c, 0x65, 0x2e, 0x73, 0x76, 0x67, 0x22, 0x2c, 0x20, 0x61, 0x6c, 0x74, 0x3a
  .byte 0x20, 0x22, 0x46, 0x69, 0x6c, 0x65, 0x22, 0x20, 0x7d, 0x20, 0x3a, 0x20, 0x75, 0x6e, 0x64, 0x65
  .byte 0x66, 0x69, 0x6e, 0x65, 0x64, 0x7d, 0x0a, 0x20, 0x20, 0x20, 0x20, 0x20, 0x20, 0x20, 0x20, 0x20
  .byte 0x20, 0x20, 0x20, 0x74, 0x69, 0x74, 0x6c, 0x65, 0x3d, 0x22, 0x43, 0x6f, 0x6e, 0x6e, 0x65, 0x63
  .byte 0x74, 0x20, 0x79, 0x6f, 0x75, 0x72, 0x20, 0x64, 0x61, 0x74, 0x61, 0x22, 0x0a, 0x20, 0x20, 0x20
  .byte 0x20, 0x20, 0x20, 0x20, 0x20, 0x20, 0x20, 0x20, 0x20, 0x73, 0x75, 0x62, 0x74, 0x69, 0x74, 0x6c
  .byte 0x65, 0x3d, 0x7b, 0x64, 0x65, 0x73, 0x63, 0x72, 0x69, 0x70, 0x74, 0x69, 0x6f, 0x6e, 0x46, 0x6f
  .byte 0x72, 0x28, 0x22, 0x4c, 0x69, 0x6e, 0x6b, 0x20, 0x79, 0x6f, 0x75, 0x72, 0x20, 0x64, 0x61, 0x74
  .byte 0x61, 0x62, 0x61, 0x73, 0x65, 0x20, 0x6f, 0x72, 0x20, 0x75, 0x70, 0x6c, 0x6f, 0x61, 0x64, 0x20
  .byte 0x61, 0x20, 0x43, 0x53, 0x56, 0x20, 0x74, 0x6f, 0x20, 0x67, 0x65, 0x74, 0x20, 0x73, 0x74, 0x61
  .byte 0x72, 0x74, 0x65, 0x64, 0x2e, 0x22, 0x29, 0x7d, 0x0a, 0x20, 0x20, 0x20, 0x20, 0x20, 0x20, 0x20
  .byte 0x20, 0x20, 0x20, 0x20, 0x20, 0x7b, 0x2e, 0x2e, 0x2e, 0x63, 0x6f, 0x6d, 0x6d, 0x6f, 0x6e, 0x41
  .byte 0x63, 0x74, 0x69, 0x6f, 0x6e, 0x50, 0x72, 0x6f, 0x70, 0x73, 0x7d, 0x0a, 0x20, 0x20, 0x20, 0x20
  .byte 0x20, 0x20, 0x20, 0x20, 0x20, 0x20, 0x2f, 0x3e, 0x0a, 0x20, 0x20, 0x20, 0x20, 0x20, 0x20, 0x20
  .byte 0x20, 0x20, 0x20, 0x3c, 0x4c, 0x69, 0x73, 0x74, 0x49, 0x74, 0x65, 0x6d, 0x0a, 0x20, 0x20, 0x20
  .byte 0x20, 0x20, 0x20, 0x20, 0x20, 0x20, 0x20, 0x20, 0x20, 0x76, 0x61, 0x72, 0x69, 0x61, 0x6e, 0x74
  .byte 0x3d, 0x7b, 0x76, 0x61, 0x72, 0x69, 0x61, 0x6e, 0x74, 0x7d, 0x0a, 0x20, 0x20, 0x20, 0x20, 0x20
  .byte 0x20, 0x20, 0x20, 0x20, 0x20, 0x20, 0x20, 0x69, 0x6e, 0x64, 0x65, 0x78, 0x3d, 0x7b, 0x31, 0x7d
  .byte 0x0a, 0x20, 0x20, 0x20, 0x20, 0x20, 0x20, 0x20, 0x20, 0x20, 0x20, 0x20, 0x20, 0x6c, 0x69, 0x73
  .byte 0x74, 0x48, 0x61, 0x73, 0x53, 0x75, 0x62, 0x74, 0x69, 0x74, 0x6c, 0x65, 0x3d, 0x7b, 0x73, 0x68
  .byte 0x6f, 0x77, 0x44, 0x65, 0x73, 0x63, 0x72, 0x69, 0x70, 0x74, 0x69, 0x6f, 0x6e, 0x7d, 0x0a, 0x20
  .byte 0x20, 0x20, 0x20, 0x20, 0x20, 0x20, 0x20, 0x20, 0x20, 0x20, 0x20, 0x69, 0x63, 0x6f, 0x6e, 0x3d
  .byte 0x7b, 0x76, 0x61, 0x72, 0x69, 0x61, 0x6e, 0x74, 0x20, 0x3d, 0x3d, 0x3d, 0x20, 0x22, 0x69, 0x63
  .byte 0x6f, 0x6e, 0x22, 0x20, 0x3f, 0x20, 0x3c, 0x47, 0x6c, 0x6f, 0x62, 0x65, 0x20, 0x73, 0x69, 0x7a
  .byte 0x65, 0x3d, 0x7b, 0x31, 0x36, 0x7d, 0x20, 0x2f, 0x3e, 0x20, 0x3a, 0x20, 0x75, 0x6e, 0x64, 0x65
  .byte 0x66, 0x69, 0x6e, 0x65, 0x64, 0x7d, 0x0a, 0x20, 0x20, 0x20, 0x20, 0x20, 0x20, 0x20, 0x20, 0x20
  .byte 0x20, 0x20, 0x20, 0x69, 0x6d, 0x61, 0x67, 0x65, 0x3d, 0x7b, 0x76, 0x61, 0x72, 0x69, 0x61, 0x6e
  .byte 0x74, 0x20, 0x3d, 0x3d, 0x3d, 0x20, 0x22, 0x69, 0x6d, 0x61, 0x67, 0x65, 0x22, 0x20, 0x3f, 0x20
  .byte 0x7b, 0x20, 0x73, 0x72, 0x63, 0x3a, 0x20, 0x22, 0x2f, 0x67, 0x6c, 0x6f, 0x62, 0x65, 0x2e, 0x73
  .byte 0x76, 0x67, 0x22, 0x2c, 0x20, 0x61, 0x6c, 0x74, 0x3a, 0x20, 0x22, 0x47, 0x6c, 0x6f, 0x62, 0x65
  .byte 0x22, 0x20, 0x7d, 0x20, 0x3a, 0x20, 0x75, 0x6e, 0x64, 0x65, 0x66, 0x69, 0x6e, 0x65, 0x64, 0x7d
  .byte 0x0a, 0x20, 0x20, 0x20, 0x20, 0x20, 0x20, 0x20, 0x20, 0x20, 0x20, 0x20, 0x20, 0x74, 0x69, 0x74
  .byte 0x6c, 0x65, 0x3d, 0x22, 0x43, 0x68, 0x6f, 0x6f, 0x73, 0x65, 0x20, 0x61, 0x20, 0x67, 0x6f, 0x61
  .byte 0x6c, 0x22, 0x0a, 0x20, 0x20, 0x20, 0x20, 0x20, 0x20, 0x20, 0x20, 0x20, 0x20, 0x20, 0x20, 0x73
  .byte 0x75, 0x62, 0x74, 0x69, 0x74, 0x6c, 0x65, 0x3d, 0x7b, 0x64, 0x65, 0x73, 0x63, 0x72, 0x69, 0x70
  .byte 0x74, 0x69, 0x6f, 0x6e, 0x46, 0x6f, 0x72, 0x28, 0x22, 0x53, 0x75, 0x6d, 0x6d, 0x61, 0x72, 0x69
  .byte 0x7a, 0x65, 0x2c, 0x20, 0x63, 0x6c, 0x61, 0x73, 0x73, 0x69, 0x66, 0x79, 0x2c, 0x20, 0x65, 0x78
  .byte 0x74, 0x72, 0x61, 0x63, 0x74, 0x2c, 0x20, 0x6f, 0x72, 0x20, 0x67, 0x65, 0x6e, 0x65, 0x72, 0x61
  .byte 0x74, 0x65, 0x20, 0x55, 0x49, 0x20, 0x66, 0x72, 0x6f, 0x6d, 0x20, 0x70, 0x72, 0x6f, 0x6d, 0x70
  .byte 0x74, 0x73, 0x2e, 0x22, 0x29, 0x7d, 0x0a, 0x20, 0x20, 0x20, 0x20, 0x20, 0x20, 0x20, 0x20, 0x20
  .byte 0x20, 0x20, 0x20, 0x7b, 0x2e, 0x2e, 0x2e, 0x63, 0x6f, 0x6d, 0x6d, 0x6f, 0x6e, 0x41, 0x63, 0x74
  .byte 0x69, 0x6f, 0x6e, 0x50, 0x72, 0x6f, 0x70, 0x73, 0x7d, 0x0a, 0x20, 0x20, 0x20, 0x20, 0x20, 0x20
  .byte 0x20, 0x20, 0x20, 0x20, 0x2f, 0x3e, 0x0a, 0x20, 0x20, 0x20, 0x20, 0x20, 0x20, 0x20, 0x20, 0x20
  .byte 0x20, 0x3c, 0x4c, 0x69, 0x73, 0x74, 0x49, 0x74, 0x65, 0x6d, 0x0a, 0x20, 0x20, 0x20, 0x20, 0x20
  .byte 0x20, 0x20, 0x20, 0x20, 0x20, 0x20, 0x20, 0x76, 0x61, 0x72, 0x69, 0x61, 0x6e, 0x74, 0x3d, 0x7b
  .byte 0x76, 0x61, 0x72, 0x69, 0x61, 0x6e, 0x74, 0x7d, 0x0a, 0x20, 0x20, 0x20, 0x20, 0x20, 0x20, 0x20
  .byte 0x20, 0x20, 0x20, 0x20, 0x20, 0x69, 0x6e, 0x64, 0x65, 0x78, 0x3d, 0x7b, 0x32, 0x7d, 0x0a, 0x20
  .byte 0x20, 0x20, 0x20, 0x20, 0x20, 0x20, 0x20, 0x20, 0x20, 0x20, 0x20, 0x6c, 0x69, 0x73, 0x74, 0x48
  .byte 0x61, 0x73, 0x53, 0x75, 0x62, 0x74, 0x69, 0x74, 0x6c, 0x65, 0x3d, 0x7b, 0x73, 0x68, 0x6f, 0x77
  .byte 0x44, 0x65, 0x73, 0x63, 0x72, 0x69, 0x70, 0x74, 0x69, 0x6f, 0x6e, 0x7d, 0x0a, 0x20, 0x20, 0x20
  .byte 0x20, 0x20, 0x20, 0x20, 0x20, 0x20, 0x20, 0x20, 0x20, 0x69, 0x63, 0x6f, 0x6e, 0x3d, 0x7b, 0x76
  .byte 0x61, 0x72, 0x69, 0x61, 0x6e, 0x74, 0x20, 0x3d, 0x3d, 0x3d, 0x20, 0x22, 0x69, 0x63, 0x6f, 0x6e
  .byte 0x22, 0x20, 0x3f, 0x20, 0x3c, 0x4c, 0x61, 0x79, 0x6f, 0x75, 0x74, 0x50, 0x61, 0x6e, 0x65, 0x6c
  .byte 0x54, 0x6f, 0x70, 0x20, 0x73, 0x69, 0x7a, 0x65, 0x3d, 0x7b, 0x31, 0x36, 0x7d, 0x20, 0x2f, 0x3e
  .byte 0x20, 0x3a, 0x20, 0x75, 0x6e, 0x64, 0x65, 0x66, 0x69, 0x6e, 0x65, 0x64, 0x7d, 0x0a, 0x20, 0x20
  .byte 0x20, 0x20, 0x20, 0x20, 0x20, 0x20, 0x20, 0x20, 0x20, 0x20, 0x69, 0x6d, 0x61, 0x67, 0x65, 0x3d
  .byte 0x7b, 0x76, 0x61, 0x72, 0x69, 0x61, 0x6e, 0x74, 0x20, 0x3d, 0x3d, 0x3d, 0x20, 0x22, 0x69, 0x6d
  .byte 0x61, 0x67, 0x65, 0x22, 0x20, 0x3f, 0x20, 0x7b, 0x20, 0x73, 0x72, 0x63, 0x3a, 0x20, 0x22, 0x2f
  .byte 0x77, 0x69, 0x6e, 0x64, 0x6f, 0x77, 0x2e, 0x73, 0x76, 0x67, 0x22, 0x2c, 0x20, 0x61, 0x6c, 0x74
  .byte 0x3a, 0x20, 0x22, 0x57, 0x69, 0x6e, 0x64, 0x6f, 0x77, 0x22, 0x20, 0x7d, 0x20, 0x3a, 0x20, 0x75
  .byte 0x6e, 0x64, 0x65, 0x66, 0x69, 0x6e, 0x65, 0x64, 0x7d, 0x0a, 0x20, 0x20, 0x20, 0x20, 0x20, 0x20
  .byte 0x20, 0x20, 0x20, 0x20, 0x20, 0x20, 0x74, 0x69, 0x74, 0x6c, 0x65, 0x3d, 0x22, 0x52, 0x65, 0x76
  .byte 0x69, 0x65, 0x77, 0x20, 0x61, 0x6e, 0x64, 0x20, 0x72, 0x65, 0x66, 0x69, 0x6e, 0x65, 0x22, 0x0a
  .byte 0x20, 0x20, 0x20, 0x20, 0x20, 0x20, 0x20, 0x20, 0x20, 0x20, 0x20, 0x20, 0x73, 0x75, 0x62, 0x74
  .byte 0x69, 0x74, 0x6c, 0x65, 0x3d, 0x7b, 0x64, 0x65, 0x73, 0x63, 0x72, 0x69, 0x70, 0x74, 0x69, 0x6f
  .byte 0x6e, 0x46, 0x6f, 0x72, 0x28, 0x22, 0x45, 0x64, 0x69, 0x74, 0x20, 0x74, 0x68, 0x65, 0x20, 0x72
  .byte 0x65, 0x73, 0x75, 0x6c, 0x74, 0x20, 0x61, 0x6e, 0x64, 0x20, 0x72, 0x65, 0x72, 0x75, 0x6e, 0x20
  .byte 0x77, 0x69, 0x74, 0x68, 0x20, 0x74, 0x69, 0x67, 0x68, 0x74, 0x65, 0x72, 0x20, 0x69, 0x6e, 0x73
  .byte 0x74, 0x72, 0x75, 0x63, 0x74, 0x69, 0x6f, 0x6e, 0x73, 0x2e, 0x22, 0x29, 0x7d, 0x0a, 0x20, 0x20
  .byte 0x20, 0x20, 0x20, 0x20, 0x20, 0x20, 0x20, 0x20, 0x20, 0x20, 0x7b, 0x2e, 0x2e, 0x2e, 0x63, 0x6f
  .byte 0x6d, 0x6d, 0x6f, 0x6e, 0x41, 0x63, 0x74, 0x69, 0x6f, 0x6e, 0x50, 0x72, 0x6f, 0x70, 0x73, 0x7d
  .byte 0x0a, 0x20, 0x20, 0x20, 0x20, 0x20, 0x20, 0x20, 0x20, 0x20, 0x20, 0x2f, 0x3e, 0x0a, 0x20, 0x20
  .byte 0x20, 0x20, 0x20, 0x20, 0x20, 0x20, 0x3c, 0x2f, 0x4c, 0x69, 0x73, 0x74, 0x42, 0x6c, 0x6f, 0x63
  .byte 0x6b, 0x3e, 0x0a, 0x20, 0x20, 0x20, 0x20, 0x20, 0x20, 0x3c, 0x2f, 0x64, 0x69, 0x76, 0x3e, 0x0a
  .byte 0x20, 0x20, 0x20, 0x20, 0x3c, 0x2f, 0x64, 0x69, 0x76, 0x3e, 0x0a, 0x20, 0x20, 0x29, 0x3b, 0x0a
  .byte 0x7d, 0x0a, 0x0a, 0x65, 0x78, 0x70, 0x6f, 0x72, 0x74, 0x20, 0x64, 0x65, 0x66, 0x61, 0x75, 0x6c
  .byte 0x74, 0x20, 0x66, 0x75, 0x6e, 0x63, 0x74, 0x69, 0x6f, 0x6e, 0x20, 0x42, 0x6c, 0x6f, 0x63, 0x6b
  .byte 0x73, 0x4c, 0x69, 0x73, 0x74, 0x73, 0x50, 0x61, 0x67, 0x65, 0x28, 0x29, 0x20, 0x7b, 0x0a, 0x20
  .byte 0x20, 0x63, 0x6f, 0x6e, 0x73, 0x74, 0x20, 0x5b, 0x76, 0x61, 0x72, 0x69, 0x61, 0x6e, 0x74, 0x2c
  .byte 0x20, 0x73, 0x65, 0x74, 0x56, 0x61, 0x72, 0x69, 0x61, 0x6e, 0x74, 0x5d, 0x20, 0x3d, 0x20, 0x75
  .byte 0x73, 0x65, 0x53, 0x74, 0x61, 0x74, 0x65, 0x3c, 0x4c, 0x69, 0x73, 0x74, 0x56, 0x61, 0x72, 0x69
  .byte 0x61, 0x6e, 0x74, 0x3e, 0x28, 0x22, 0x6e, 0x75, 0x6d, 0x62, 0x65, 0x72, 0x22, 0x29, 0x3b, 0x0a
  .byte 0x20, 0x20, 0x63, 0x6f, 0x6e, 0x73, 0x74, 0x20, 0x5b, 0x64, 0x65, 0x73, 0x63, 0x72, 0x69, 0x70
  .byte 0x74, 0x69, 0x6f, 0x6e, 0x2c, 0x20, 0x73, 0x65, 0x74, 0x44, 0x65, 0x73, 0x63, 0x72, 0x69, 0x70
  .byte 0x74, 0x69, 0x6f, 0x6e, 0x5d, 0x20, 0x3d, 0x20, 0x75, 0x73, 0x65, 0x53, 0x74, 0x61, 0x74, 0x65
  .byte 0x3c, 0x22, 0x73, 0x68, 0x6f, 0x77, 0x22, 0x20, 0x7c, 0x20, 0x22, 0x68, 0x69, 0x64, 0x65, 0x22
  .byte 0x3e, 0x28, 0x22, 0x73, 0x68, 0x6f, 0x77, 0x22, 0x29, 0x3b, 0x0a, 0x20, 0x20, 0x63, 0x6f, 0x6e
  .byte 0x73, 0x74, 0x20, 0x5b, 0x69, 0x6e, 0x74, 0x65, 0x72, 0x61, 0x63, 0x74, 0x69, 0x6f, 0x6e, 0x4d
  .byte 0x6f, 0x64, 0x65, 0x2c, 0x20, 0x73, 0x65, 0x74, 0x49, 0x6e, 0x74, 0x65, 0x72, 0x61, 0x63, 0x74
  .byte 0x69, 0x6f, 0x6e, 0x4d, 0x6f, 0x64, 0x65, 0x5d, 0x20, 0x3d, 0x20, 0x75, 0x73, 0x65, 0x53, 0x74
  .byte 0x61, 0x74, 0x65, 0x3c, 0x4c, 0x69, 0x73, 0x74, 0x49, 0x6e, 0x74, 0x65, 0x72, 0x61, 0x63, 0x74
  .byte 0x69, 0x6f, 0x6e, 0x4d, 0x6f, 0x64, 0x65, 0x3e, 0x28, 0x22, 0x73, 0x74, 0x61, 0x74, 0x69, 0x63
  .byte 0x22, 0x29, 0x3b, 0x0a, 0x0a, 0x20, 0x20, 0x63, 0x6f, 0x6e, 0x73, 0x74, 0x20, 0x73, 0x68, 0x6f
  .byte 0x77, 0x44, 0x65, 0x73, 0x63, 0x72, 0x69, 0x70, 0x74, 0x69, 0x6f, 0x6e, 0x20, 0x3d, 0x20, 0x64
  .byte 0x65, 0x73, 0x63, 0x72, 0x69, 0x70, 0x74, 0x69, 0x6f, 0x6e, 0x20, 0x3d, 0x3d, 0x3d, 0x20, 0x22
  .byte 0x73, 0x68, 0x6f, 0x77, 0x22, 0x3b, 0x0a, 0x0a, 0x20, 0x20, 0x72, 0x65, 0x74, 0x75, 0x72, 0x6e
  .byte 0x20, 0x28, 0x0a, 0x20, 0x20, 0x20, 0x20, 0x3c, 0x50, 0x72, 0x65, 0x76, 0x69, 0x65, 0x77, 0x50
  .byte 0x61, 0x67, 0x65, 0x3e, 0x0a, 0x20, 0x20, 0x20, 0x20, 0x20, 0x20, 0x3c, 0x50, 0x72, 0x65, 0x76
  .byte 0x69, 0x65, 0x77, 0x53, 0x65, 0x63, 0x74, 0x69, 0x6f, 0x6e, 0x0a, 0x20, 0x20, 0x20, 0x20, 0x20
  .byte 0x20, 0x20, 0x20, 0x74, 0x69, 0x74, 0x6c, 0x65, 0x3d, 0x22, 0x4c, 0x69, 0x73, 0x74, 0x73, 0x22
  .byte 0x0a, 0x20, 0x20, 0x20, 0x20, 0x20, 0x20, 0x20, 0x20, 0x68, 0x65, 0x61, 0x64, 0x69, 0x6e, 0x67
  .byte 0x4c, 0x65, 0x76, 0x65, 0x6c, 0x3d, 0x22, 0x68, 0x31, 0x22, 0x0a, 0x20, 0x20, 0x20, 0x20, 0x20
  .byte 0x20, 0x20, 0x20, 0x64, 0x65, 0x73, 0x63, 0x72, 0x69, 0x70, 0x74, 0x69, 0x6f, 0x6e, 0x3d, 0x22
  .byte 0x50, 0x72, 0x65, 0x73, 0x65, 0x6e, 0x74, 0x73, 0x20, 0x6f, 0x72, 0x64, 0x65, 0x72, 0x65, 0x64
  .byte 0x20, 0x6f, 0x72, 0x20, 0x73, 0x74, 0x72, 0x75, 0x63, 0x74, 0x75, 0x72, 0x65, 0x64, 0x20, 0x69
  .byte 0x74, 0x65, 0x6d, 0x73, 0x20, 0x69, 0x6e, 0x20, 0x61, 0x20, 0x76, 0x65, 0x72, 0x74, 0x69, 0x63
  .byte 0x61, 0x6c, 0x2c, 0x20, 0x65, 0x61, 0x73, 0x79, 0x2d, 0x74, 0x6f, 0x2d, 0x73, 0x63, 0x61, 0x6e
  .byte 0x20, 0x66, 0x6f, 0x72, 0x6d, 0x61, 0x74, 0x2e, 0x20, 0x47, 0x72, 0x65, 0x61, 0x74, 0x20, 0x66
  .byte 0x6f, 0x72, 0x20, 0x73, 0x74, 0x65, 0x70, 0x73, 0x2c, 0x20, 0x74, 0x61, 0x73, 0x6b, 0x73, 0x2c
  .byte 0x20, 0x6f, 0x72, 0x20, 0x67, 0x72, 0x6f, 0x75, 0x70, 0x65, 0x64, 0x20, 0x69, 0x6e, 0x66, 0x6f
  .byte 0x72, 0x6d, 0x61, 0x74, 0x69, 0x6f, 0x6e, 0x2e, 0x22, 0x0a, 0x20, 0x20, 0x20, 0x20, 0x20, 0x20
  .byte 0x3e, 0x0a, 0x20, 0x20, 0x20, 0x20, 0x20, 0x20, 0x20, 0x20, 0x3c, 0x42, 0x6c, 0x6f, 0x63, 0x6b
  .byte 0x56, 0x61, 0x72, 0x69, 0x61, 0x6e, 0x74, 0x50, 0x72, 0x65, 0x76, 0x69, 0x65, 0x77, 0x0a, 0x20
  .byte 0x20, 0x20, 0x20, 0x20, 0x20, 0x20, 0x20, 0x20, 0x20, 0x70, 0x72, 0x65, 0x76, 0x69, 0x65, 0x77
  .byte 0x3d, 0x7b, 0x3c, 0x4c, 0x69, 0x73, 0x74, 0x73, 0x50, 0x72, 0x65, 0x76, 0x69, 0x65, 0x77, 0x20
  .byte 0x76, 0x61, 0x72, 0x69, 0x61, 0x6e, 0x74, 0x3d, 0x22, 0x6e, 0x75, 0x6d, 0x62, 0x65, 0x72, 0x22
  .byte 0x20, 0x73, 0x68, 0x6f, 0x77, 0x44, 0x65, 0x73, 0x63, 0x72, 0x69, 0x70, 0x74, 0x69, 0x6f, 0x6e
  .byte 0x20, 0x69, 0x6e, 0x74, 0x65, 0x72, 0x61, 0x63, 0x74, 0x69, 0x6f, 0x6e, 0x4d, 0x6f, 0x64, 0x65
  .byte 0x3d, 0x22, 0x73, 0x74, 0x61, 0x74, 0x69, 0x63, 0x22, 0x20, 0x2f, 0x3e, 0x7d, 0x0a, 0x20, 0x20
  .byte 0x20, 0x20, 0x20, 0x20, 0x20, 0x20, 0x20, 0x20, 0x70, 0x72, 0x6f, 0x6d, 0x70, 0x74, 0x3d, 0x22
  .byte 0x55, 0x73, 0x65, 0x20, 0x6e, 0x75, 0x6d, 0x62, 0x65, 0x72, 0x65, 0x64, 0x20, 0x6c, 0x69, 0x73
  .byte 0x74, 0x20, 0x77, 0x69, 0x74, 0x68, 0x20, 0x64, 0x65, 0x73, 0x63, 0x72, 0x69, 0x70, 0x74, 0x69
  .byte 0x6f, 0x6e, 0x20, 0x74, 0x6f, 0x20, 0x64, 0x69, 0x73, 0x70, 0x6c, 0x61, 0x79, 0x20, 0x6f, 0x72
  .byte 0x64, 0x65, 0x72, 0x65, 0x64, 0x20, 0x69, 0x74, 0x65, 0x6d, 0x73, 0x20, 0x77, 0x68, 0x65, 0x6e
  .byte 0x20, 0x3c, 0x65, 0x6e, 0x74, 0x65, 0x72, 0x20, 0x75, 0x73, 0x65, 0x20, 0x63, 0x61, 0x73, 0x65
  .byte 0x3e, 0x2e, 0x22, 0x0a, 0x20, 0x20, 0x20, 0x20, 0x20, 0x20, 0x20, 0x20, 0x2f, 0x3e, 0x0a, 0x0a
  .byte 0x20, 0x20, 0x20, 0x20, 0x20, 0x20, 0x20, 0x20, 0x3c, 0x42, 0x6c, 0x6f, 0x63, 0x6b, 0x56, 0x61
  .byte 0x72, 0x69, 0x61, 0x6e, 0x74, 0x50, 0x72, 0x65, 0x76, 0x69, 0x65, 0x77, 0x0a, 0x20, 0x20, 0x20
  .byte 0x20, 0x20, 0x20, 0x20, 0x20, 0x20, 0x20, 0x74, 0x69, 0x74, 0x6c, 0x65, 0x3d, 0x22, 0x43, 0x6f
  .byte 0x6e, 0x66, 0x69, 0x67, 0x75, 0x72, 0x61, 0x74, 0x69, 0x6f, 0x6e, 0x73, 0x22, 0x0a, 0x20, 0x20
  .byte 0x20, 0x20, 0x20, 0x20, 0x20, 0x20, 0x20, 0x20, 0x64, 0x65, 0x73, 0x63, 0x72, 0x69, 0x70, 0x74
  .byte 0x69, 0x6f, 0x6e, 0x3d, 0x22, 0x54, 0x6f, 0x67, 0x67, 0x6c, 0x65, 0x20, 0x6c, 0x69, 0x73, 0x74
  .byte 0x20, 0x76, 0x61, 0x72, 0x69, 0x61, 0x6e, 0x74, 0x2c, 0x20, 0x64, 0x65, 0x73, 0x63, 0x72, 0x69
  .byte 0x70, 0x74, 0x69, 0x6f, 0x6e, 0x2c, 0x20, 0x61, 0x6e, 0x64, 0x20, 0x69, 0x6e, 0x74, 0x65, 0x72
  .byte 0x61, 0x63, 0x74, 0x69, 0x6f, 0x6e, 0x2e, 0x22, 0x0a, 0x20, 0x20, 0x20, 0x20, 0x20, 0x20, 0x20
  .byte 0x20, 0x20, 0x20, 0x70, 0x72, 0x65, 0x76, 0x69, 0x65, 0x77, 0x3d, 0x7b, 0x0a, 0x20, 0x20, 0x20
  .byte 0x20, 0x20, 0x20, 0x20, 0x20, 0x20, 0x20, 0x20, 0x20, 0x3c, 0x4c, 0x69, 0x73, 0x74, 0x73, 0x50
  .byte 0x72, 0x65, 0x76, 0x69, 0x65, 0x77, 0x0a, 0x20, 0x20, 0x20, 0x20, 0x20, 0x20, 0x20, 0x20, 0x20
  .byte 0x20, 0x20, 0x20, 0x20, 0x20, 0x76, 0x61, 0x72, 0x69, 0x61, 0x6e, 0x74, 0x3d, 0x7b, 0x76, 0x61
  .byte 0x72, 0x69, 0x61, 0x6e, 0x74, 0x7d, 0x0a, 0x20, 0x20, 0x20, 0x20, 0x20, 0x20, 0x20, 0x20, 0x20
  .byte 0x20, 0x20, 0x20, 0x20, 0x20, 0x73, 0x68, 0x6f, 0x77, 0x44, 0x65, 0x73, 0x63, 0x72, 0x69, 0x70
  .byte 0x74, 0x69, 0x6f, 0x6e, 0x3d, 0x7b, 0x73, 0x68, 0x6f, 0x77, 0x44, 0x65, 0x73, 0x63, 0x72, 0x69
  .byte 0x70, 0x74, 0x69, 0x6f, 0x6e, 0x7d, 0x0a, 0x20, 0x20, 0x20, 0x20, 0x20, 0x20, 0x20, 0x20, 0x20
  .byte 0x20, 0x20, 0x20, 0x20, 0x20, 0x69, 0x6e, 0x74, 0x65, 0x72, 0x61, 0x63, 0x74, 0x69, 0x6f, 0x6e
  .byte 0x4d, 0x6f, 0x64, 0x65, 0x3d, 0x7b, 0x69, 0x6e, 0x74, 0x65, 0x72, 0x61, 0x63, 0x74, 0x69, 0x6f
  .byte 0x6e, 0x4d, 0x6f, 0x64, 0x65, 0x7d, 0x0a, 0x20, 0x20, 0x20, 0x20, 0x20, 0x20, 0x20, 0x20, 0x20
  .byte 0x20, 0x20, 0x20, 0x2f, 0x3e, 0x0a, 0x20, 0x20, 0x20, 0x20, 0x20, 0x20, 0x20, 0x20, 0x20, 0x20
  .byte 0x7d, 0x0a, 0x20, 0x20, 0x20, 0x20, 0x20, 0x20, 0x20, 0x20, 0x20, 0x20, 0x70, 0x72, 0x6f, 0x6d
  .byte 0x70, 0x74, 0x3d, 0x7b, 0x60, 0x55, 0x73, 0x65, 0x20, 0x24, 0x7b, 0x76, 0x61, 0x72, 0x69, 0x61
  .byte 0x6e, 0x74, 0x7d, 0x20, 0x6c, 0x69, 0x73, 0x74, 0x24, 0x7b, 0x73, 0x68, 0x6f, 0x77, 0x44, 0x65
  .byte 0x73, 0x63, 0x72, 0x69, 0x70, 0x74, 0x69, 0x6f, 0x6e, 0x20, 0x3f, 0x20, 0x22, 0x20, 0x77, 0x69
  .byte 0x74, 0x68, 0x20, 0x64, 0x65, 0x73, 0x63, 0x72, 0x69, 0x70, 0x74, 0x69, 0x6f, 0x6e, 0x22, 0x20
  .byte 0x3a, 0x20, 0x22, 0x22, 0x7d, 0x24, 0x7b, 0x69, 0x6e, 0x74, 0x65, 0x72, 0x61, 0x63, 0x74, 0x69
  .byte 0x6f, 0x6e, 0x4d, 0x6f, 0x64, 0x65, 0x20, 0x3d, 0x3d, 0x3d, 0x20, 0x22, 0x63, 0x6c, 0x69, 0x63
  .byte 0x6b, 0x61, 0x62, 0x6c, 0x65, 0x22, 0x20, 0x3f, 0x20, 0x22, 0x20, 0x61, 0x6e, 0x64, 0x20, 0x63
  .byte 0x6c, 0x69, 0x63, 0x6b, 0x61, 0x62, 0x6c, 0x65, 0x20, 0x69, 0x74, 0x65, 0x6d, 0x73, 0x22, 0x20
  .byte 0x3a, 0x20, 0x22, 0x22, 0x7d, 0x20, 0x74, 0x6f, 0x20, 0x64, 0x69, 0x73, 0x70, 0x6c, 0x61, 0x79
  .byte 0x20, 0x73, 0x74, 0x72, 0x75, 0x63, 0x74, 0x75, 0x72, 0x65, 0x64, 0x20, 0x69, 0x74, 0x65, 0x6d
  .byte 0x73, 0x20, 0x77, 0x68, 0x65, 0x6e, 0x20, 0x3c, 0x65, 0x6e, 0x74, 0x65, 0x72, 0x20, 0x75, 0x73
  .byte 0x65, 0x20, 0x63, 0x61, 0x73, 0x65, 0x3e, 0x2e, 0x60, 0x7d, 0x0a, 0x20, 0x20, 0x20, 0x20, 0x20
  .byte 0x20, 0x20, 0x20, 0x20, 0x20, 0x72, 0x69, 0x67, 0x68, 0x74, 0x43, 0x6f, 0x6e, 0x74, 0x72, 0x6f
  .byte 0x6c, 0x73, 0x3d, 0x7b, 0x0a, 0x20, 0x20, 0x20, 0x20, 0x20, 0x20, 0x20, 0x20, 0x20, 0x20, 0x20
  .byte 0x20, 0x3c, 0x64, 0x69, 0x76, 0x20, 0x63, 0x6c, 0x61, 0x73, 0x73, 0x4e, 0x61, 0x6d, 0x65, 0x3d
  .byte 0x7b, 0x73, 0x74, 0x79, 0x6c, 0x65, 0x73, 0x2e, 0x63, 0x6f, 0x6e, 0x74, 0x72, 0x6f, 0x6c, 0x73
  .byte 0x50, 0x61, 0x6e, 0x65, 0x6c, 0x7d, 0x3e, 0x0a, 0x20, 0x20, 0x20, 0x20, 0x20, 0x20, 0x20, 0x20
  .byte 0x20, 0x20, 0x20, 0x20, 0x20, 0x20, 0x3c, 0x64, 0x69, 0x76, 0x20, 0x63, 0x6c, 0x61, 0x73, 0x73
  .byte 0x4e, 0x61, 0x6d, 0x65, 0x3d, 0x7b, 0x73, 0x74, 0x79, 0x6c, 0x65, 0x73, 0x2e, 0x63, 0x6f, 0x6e
  .byte 0x74, 0x72, 0x6f, 0x6c, 0x53, 0x65, 0x63, 0x74, 0x69, 0x6f, 0x6e, 0x7d, 0x3e, 0x0a, 0x20, 0x20
  .byte 0x20, 0x20, 0x20, 0x20, 0x20, 0x20, 0x20, 0x20, 0x20, 0x20, 0x20, 0x20, 0x20, 0x20, 0x3c, 0x70
  .byte 0x20, 0x63, 0x6c, 0x61, 0x73, 0x73, 0x4e, 0x61, 0x6d, 0x65, 0x3d, 0x7b, 0x73, 0x74, 0x79, 0x6c
  .byte 0x65, 0x73, 0x2e, 0x73, 0x65, 0x63, 0x74, 0x69, 0x6f, 0x6e, 0x54, 0x69, 0x74, 0x6c, 0x65, 0x7d
  .byte 0x3e, 0x56, 0x61, 0x72, 0x69, 0x61, 0x6e, 0x74, 0x3c, 0x2f, 0x70, 0x3e, 0x0a, 0x20, 0x20, 0x20
  .byte 0x20, 0x20, 0x20, 0x20, 0x20, 0x20, 0x20, 0x20, 0x20, 0x20, 0x20, 0x20, 0x20, 0x3c, 0x53, 0x65
  .byte 0x67, 0x6d, 0x65, 0x6e, 0x74, 0x65, 0x64, 0x54, 0x6f, 0x67, 0x67, 0x6c, 0x65, 0x0a, 0x20, 0x20
  .byte 0x20, 0x20, 0x20, 0x20, 0x20, 0x20, 0x20, 0x20, 0x20, 0x20, 0x20, 0x20, 0x20, 0x20, 0x20, 0x20
  .byte 0x61, 0x72, 0x69, 0x61, 0x4c, 0x61, 0x62, 0x65, 0x6c, 0x3d, 0x22, 0x54, 0x6f, 0x67, 0x67, 0x6c
  .byte 0x65, 0x20, 0x6c, 0x69, 0x73, 0x74, 0x20, 0x69, 0x6e, 0x64, 0x69, 0x63, 0x61, 0x74, 0x6f, 0x72
  .byte 0x20, 0x76, 0x61, 0x72, 0x69, 0x61, 0x6e, 0x74, 0x22, 0x0a, 0x20, 0x20, 0x20, 0x20, 0x20, 0x20
  .byte 0x20, 0x20, 0x20, 0x20, 0x20, 0x20, 0x20, 0x20, 0x20, 0x20, 0x20, 0x20, 0x76, 0x61, 0x6c, 0x75
  .byte 0x65, 0x3d, 0x7b, 0x76, 0x61, 0x72, 0x69, 0x61, 0x6e, 0x74, 0x7d, 0x0a, 0x20, 0x20, 0x20, 0x20
  .byte 0x20, 0x20, 0x20, 0x20, 0x20, 0x20, 0x20, 0x20, 0x20, 0x20, 0x20, 0x20, 0x20, 0x20, 0x6f, 0x6e
  .byte 0x43, 0x68, 0x61, 0x6e, 0x67, 0x65, 0x3d, 0x7b, 0x28, 0x76, 0x61, 0x6c, 0x75, 0x65, 0x29, 0x20
  .byte 0x3d, 0x3e, 0x20, 0x73, 0x65, 0x74, 0x56, 0x61, 0x72, 0x69, 0x61, 0x6e, 0x74, 0x28, 0x76, 0x61
  .byte 0x6c, 0x75, 0x65, 0x20, 0x61, 0x73, 0x20, 0x4c, 0x69, 0x73, 0x74, 0x56, 0x61, 0x72, 0x69, 0x61
  .byte 0x6e, 0x74, 0x29, 0x7d, 0x0a, 0x20, 0x20, 0x20, 0x20, 0x20, 0x20, 0x20, 0x20, 0x20, 0x20, 0x20
  .byte 0x20, 0x20, 0x20, 0x20, 0x20, 0x20, 0x20, 0x6f, 0x70, 0x74, 0x69, 0x6f, 0x6e, 0x73, 0x3d, 0x7b
  .byte 0x5b, 0x0a, 0x20, 0x20, 0x20, 0x20, 0x20, 0x20, 0x20, 0x20, 0x20, 0x20, 0x20, 0x20, 0x20, 0x20
  .byte 0x20, 0x20, 0x20, 0x20, 0x20, 0x20, 0x7b, 0x20, 0x6c, 0x61, 0x62, 0x65, 0x6c, 0x3a, 0x20, 0x22
  .byte 0x4e, 0x75, 0x6d, 0x62, 0x65, 0x72, 0x22, 0x2c, 0x20, 0x76, 0x61, 0x6c, 0x75, 0x65, 0x3a, 0x20
  .byte 0x22, 0x6e, 0x75, 0x6d, 0x62, 0x65, 0x72, 0x22, 0x20, 0x7d, 0x2c, 0x0a, 0x20, 0x20, 0x20, 0x20
  .byte 0x20, 0x20, 0x20, 0x20, 0x20, 0x20, 0x20, 0x20, 0x20, 0x20, 0x20, 0x20, 0x20, 0x20, 0x20, 0x20
  .byte 0x7b, 0x20, 0x6c, 0x61, 0x62, 0x65, 0x6c, 0x3a, 0x20, 0x22, 0x49, 0x63, 0x6f, 0x6e, 0x22, 0x2c
  .byte 0x20, 0x76, 0x61, 0x6c, 0x75, 0x65, 0x3a, 0x20, 0x22, 0x69, 0x63, 0x6f, 0x6e, 0x22, 0x20, 0x7d
  .byte 0x2c, 0x0a, 0x20, 0x20, 0x20, 0x20, 0x20, 0x20, 0x20, 0x20, 0x20, 0x20, 0x20, 0x20, 0x20, 0x20
  .byte 0x20, 0x20, 0x20, 0x20, 0x20, 0x20, 0x7b, 0x20, 0x6c, 0x61, 0x62, 0x65, 0x6c, 0x3a, 0x20, 0x22
  .byte 0x49, 0x6d, 0x61, 0x67, 0x65, 0x22, 0x2c, 0x20, 0x76, 0x61, 0x6c, 0x75, 0x65, 0x3a, 0x20, 0x22
  .byte 0x69, 0x6d, 0x61, 0x67, 0x65, 0x22, 0x20, 0x7d, 0x2c, 0x0a, 0x20, 0x20, 0x20, 0x20, 0x20, 0x20
  .byte 0x20, 0x20, 0x20, 0x20, 0x20, 0x20, 0x20, 0x20, 0x20, 0x20, 0x20, 0x20, 0x5d, 0x7d, 0x0a, 0x20
  .byte 0x20, 0x20, 0x20, 0x20, 0x20, 0x20, 0x20, 0x20, 0x20, 0x20, 0x20, 0x20, 0x20, 0x20, 0x20, 0x2f
  .byte 0x3e, 0x0a, 0x20, 0x20, 0x20, 0x20, 0x20, 0x20, 0x20, 0x20, 0x20, 0x20, 0x20, 0x20, 0x20, 0x20
  .byte 0x3c, 0x2f, 0x64, 0x69, 0x76, 0x3e, 0x0a, 0x0a, 0x20, 0x20, 0x20, 0x20, 0x20, 0x20, 0x20, 0x20
  .byte 0x20, 0x20, 0x20, 0x20, 0x20, 0x20, 0x3c, 0x64, 0x69, 0x76, 0x20, 0x63, 0x6c, 0x61, 0x73, 0x73
  .byte 0x4e, 0x61, 0x6d, 0x65, 0x3d, 0x7b, 0x73, 0x74, 0x79, 0x6c, 0x65, 0x73, 0x2e, 0x63, 0x6f, 0x6e
  .byte 0x74, 0x72, 0x6f, 0x6c, 0x53, 0x65, 0x63, 0x74, 0x69, 0x6f, 0x6e, 0x7d, 0x3e, 0x0a, 0x20, 0x20
  .byte 0x20, 0x20, 0x20, 0x20, 0x20, 0x20, 0x20, 0x20, 0x20, 0x20, 0x20, 0x20, 0x20, 0x20, 0x3c, 0x70
  .byte 0x20, 0x63, 0x6c, 0x61, 0x73, 0x73, 0x4e, 0x61, 0x6d, 0x65, 0x3d, 0x7b, 0x73, 0x74, 0x79, 0x6c
  .byte 0x65, 0x73, 0x2e, 0x73, 0x65, 0x63, 0x74, 0x69, 0x6f, 0x6e, 0x54, 0x69, 0x74, 0x6c, 0x65, 0x7d
  .byte 0x3e, 0x44, 0x65, 0x73, 0x63, 0x72, 0x69, 0x70, 0x74, 0x69, 0x6f, 0x6e, 0x3c, 0x2f, 0x70, 0x3e
  .byte 0x0a, 0x20, 0x20, 0x20, 0x20, 0x20, 0x20, 0x20, 0x20, 0x20, 0x20, 0x20, 0x20, 0x20, 0x20, 0x20
  .byte 0x20, 0x3c, 0x53, 0x65, 0x67, 0x6d, 0x65, 0x6e, 0x74, 0x65, 0x64, 0x54, 0x6f, 0x67, 0x67, 0x6c
  .byte 0x65, 0x0a, 0x20, 0x20, 0x20, 0x20, 0x20, 0x20, 0x20, 0x20, 0x20, 0x20, 0x20, 0x20, 0x20, 0x20
  .byte 0x20, 0x20, 0x20, 0x20, 0x61, 0x72, 0x69, 0x61, 0x4c, 0x61, 0x62, 0x65, 0x6c, 0x3d, 0x22, 0x54
  .byte 0x6f, 0x67, 0x67, 0x6c, 0x65, 0x20, 0x64, 0x65, 0x73, 0x63, 0x72, 0x69, 0x70, 0x74, 0x69, 0x6f
  .byte 0x6e, 0x20, 0x76, 0x69, 0x73, 0x69, 0x62, 0x69, 0x6c, 0x69, 0x74, 0x79, 0x22, 0x0a, 0x20, 0x20
  .byte 0x20, 0x20, 0x20, 0x20, 0x20, 0x20, 0x20, 0x20, 0x20, 0x20, 0x20, 0x20, 0x20, 0x20, 0x20, 0x20
  .byte 0x76, 0x61, 0x6c, 0x75, 0x65, 0x3d, 0x7b, 0x64, 0x65, 0x73, 0x63, 0x72, 0x69, 0x70, 0x74, 0x69
  .byte 0x6f, 0x6e, 0x7d, 0x0a, 0x20, 0x20, 0x20, 0x20, 0x20, 0x20, 0x20, 0x20, 0x20, 0x20, 0x20, 0x20
  .byte 0x20, 0x20, 0x20, 0x20, 0x20, 0x20, 0x6f, 0x6e, 0x43, 0x68, 0x61, 0x6e, 0x67, 0x65, 0x3d, 0x7b
  .byte 0x28, 0x76, 0x61, 0x6c, 0x75, 0x65, 0x29, 0x20, 0x3d, 0x3e, 0x20, 0x73, 0x65, 0x74, 0x44, 0x65
  .byte 0x73, 0x63, 0x72, 0x69, 0x70, 0x74, 0x69, 0x6f, 0x6e, 0x28, 0x76, 0x61, 0x6c, 0x75, 0x65, 0x20
  .byte 0x61, 0x73, 0x20, 0x22, 0x73, 0x68, 0x6f, 0x77, 0x22, 0x20, 0x7c, 0x20, 0x22, 0x68, 0x69, 0x64
  .byte 0x65, 0x22, 0x29, 0x7d, 0x0a, 0x20, 0x20, 0x20, 0x20, 0x20, 0x20, 0x20, 0x20, 0x20, 0x20, 0x20
  .byte 0x20, 0x20, 0x20, 0x20, 0x20, 0x20, 0x20, 0x6f, 0x70, 0x74, 0x69, 0x6f, 0x6e, 0x73, 0x3d, 0x7b
  .byte 0x5b, 0x0a, 0x20, 0x20, 0x20, 0x20, 0x20, 0x20, 0x20, 0x20, 0x20, 0x20, 0x20, 0x20, 0x20, 0x20
  .byte 0x20, 0x20, 0x20, 0x20, 0x20, 0x20, 0x7b, 0x20, 0x6c, 0x61, 0x62, 0x65, 0x6c, 0x3a, 0x20, 0x22
  .byte 0x53, 0x68, 0x6f, 0x77, 0x22, 0x2c, 0x20, 0x76, 0x61, 0x6c, 0x75, 0x65, 0x3a, 0x20, 0x22, 0x73
  .byte 0x68, 0x6f, 0x77, 0x22, 0x20, 0x7d, 0x2c, 0x0a, 0x20, 0x20, 0x20, 0x20, 0x20, 0x20, 0x20, 0x20
  .byte 0x20, 0x20, 0x20, 0x20, 0x20, 0x20, 0x20, 0x20, 0x20, 0x20, 0x20, 0x20, 0x7b, 0x20, 0x6c, 0x61
  .byte 0x62, 0x65, 0x6c, 0x3a, 0x20, 0x22, 0x48, 0x69, 0x64, 0x65, 0x22, 0x2c, 0x20, 0x76, 0x61, 0x6c
  .byte 0x75, 0x65, 0x3a, 0x20, 0x22, 0x68, 0x69, 0x64, 0x65, 0x22, 0x20, 0x7d, 0x2c, 0x0a, 0x20, 0x20
  .byte 0x20, 0x20, 0x20, 0x20, 0x20, 0x20, 0x20, 0x20, 0x20, 0x20, 0x20, 0x20, 0x20, 0x20, 0x20, 0x20
  .byte 0x5d, 0x7d, 0x0a, 0x20, 0x20, 0x20, 0x20, 0x20, 0x20, 0x20, 0x20, 0x20, 0x20, 0x20, 0x20, 0x20
  .byte 0x20, 0x20, 0x20, 0x2f, 0x3e, 0x0a, 0x20, 0x20, 0x20, 0x20, 0x20, 0x20, 0x20, 0x20, 0x20, 0x20
  .byte 0x20, 0x20, 0x20, 0x20, 0x3c, 0x2f, 0x64, 0x69, 0x76, 0x3e, 0x0a, 0x0a, 0x20, 0x20, 0x20, 0x20
  .byte 0x20, 0x20, 0x20, 0x20, 0x20, 0x20, 0x20, 0x20, 0x20, 0x20, 0x3c, 0x64, 0x69, 0x76, 0x20, 0x63
  .byte 0x6c, 0x61, 0x73, 0x73, 0x4e, 0x61, 0x6d, 0x65, 0x3d, 0x7b, 0x73, 0x74, 0x79, 0x6c, 0x65, 0x73
  .byte 0x2e, 0x63, 0x6f, 0x6e, 0x74, 0x72, 0x6f, 0x6c, 0x53, 0x65, 0x63, 0x74, 0x69, 0x6f, 0x6e, 0x7d
  .byte 0x3e, 0x0a, 0x20, 0x20, 0x20, 0x20, 0x20, 0x20, 0x20, 0x20, 0x20, 0x20, 0x20, 0x20, 0x20, 0x20
  .byte 0x20, 0x20, 0x3c, 0x70, 0x20, 0x63, 0x6c, 0x61, 0x73, 0x73, 0x4e, 0x61, 0x6d, 0x65, 0x3d, 0x7b
  .byte 0x73, 0x74, 0x79, 0x6c, 0x65, 0x73, 0x2e, 0x73, 0x65, 0x63, 0x74, 0x69, 0x6f, 0x6e, 0x54, 0x69
  .byte 0x74, 0x6c, 0x65, 0x7d, 0x3e, 0x49, 0x6e, 0x74, 0x65, 0x72, 0x61, 0x63, 0x74, 0x69, 0x6f, 0x6e
  .byte 0x3c, 0x2f, 0x70, 0x3e, 0x0a, 0x20, 0x20, 0x20, 0x20, 0x20, 0x20, 0x20, 0x20, 0x20, 0x20, 0x20
  .byte 0x20, 0x20, 0x20, 0x20, 0x20, 0x3c, 0x53, 0x65, 0x67, 0x6d, 0x65, 0x6e, 0x74, 0x65, 0x64, 0x54
  .byte 0x6f, 0x67, 0x67, 0x6c, 0x65, 0x0a, 0x20, 0x20, 0x20, 0x20, 0x20, 0x20, 0x20, 0x20, 0x20, 0x20
  .byte 0x20, 0x20, 0x20, 0x20, 0x20, 0x20, 0x20, 0x20, 0x61, 0x72, 0x69, 0x61, 0x4c, 0x61, 0x62, 0x65
  .byte 0x6c, 0x3d, 0x22, 0x54, 0x6f, 0x67, 0x67, 0x6c, 0x65, 0x20, 0x6c, 0x69, 0x73, 0x74, 0x20, 0x69
  .byte 0x6e, 0x74, 0x65, 0x72, 0x61, 0x63, 0x74, 0x69, 0x6f, 0x6e, 0x20, 0x6d, 0x6f, 0x64, 0x65, 0x22
  .byte 0x0a, 0x20, 0x20, 0x20, 0x20, 0x20, 0x20, 0x20, 0x20, 0x20, 0x20, 0x20, 0x20, 0x20, 0x20, 0x20
  .byte 0x20, 0x20, 0x20, 0x76, 0x61, 0x6c, 0x75, 0x65, 0x3d, 0x7b, 0x69, 0x6e, 0x74, 0x65, 0x72, 0x61
  .byte 0x63, 0x74, 0x69, 0x6f, 0x6e, 0x4d, 0x6f, 0x64, 0x65, 0x7d, 0x0a, 0x20, 0x20, 0x20, 0x20, 0x20
  .byte 0x20, 0x20, 0x20, 0x20, 0x20, 0x20, 0x20, 0x20, 0x20, 0x20, 0x20, 0x20, 0x20, 0x6f, 0x6e, 0x43
  .byte 0x68, 0x61, 0x6e, 0x67, 0x65, 0x3d, 0x7b, 0x28, 0x76, 0x61, 0x6c, 0x75, 0x65, 0x29, 0x20, 0x3d
  .byte 0x3e, 0x20, 0x73, 0x65, 0x74, 0x49, 0x6e, 0x74, 0x65, 0x72, 0x61, 0x63, 0x74, 0x69, 0x6f, 0x6e
  .byte 0x4d, 0x6f, 0x64, 0x65, 0x28, 0x76, 0x61, 0x6c, 0x75, 0x65, 0x20, 0x61, 0x73, 0x20, 0x4c, 0x69
  .byte 0x73, 0x74, 0x49, 0x6e, 0x74, 0x65, 0x72, 0x61, 0x63, 0x74, 0x69, 0x6f, 0x6e, 0x4d, 0x6f, 0x64
  .byte 0x65, 0x29, 0x7d, 0x0a, 0x20, 0x20, 0x20, 0x20, 0x20, 0x20, 0x20, 0x20, 0x20, 0x20, 0x20, 0x20
  .byte 0x20, 0x20, 0x20, 0x20, 0x20, 0x20, 0x6f, 0x70, 0x74, 0x69, 0x6f, 0x6e, 0x73, 0x3d, 0x7b, 0x5b
  .byte 0x0a, 0x20, 0x20, 0x20, 0x20, 0x20, 0x20, 0x20, 0x20, 0x20, 0x20, 0x20, 0x20, 0x20, 0x20, 0x20
  .byte 0x20, 0x20, 0x20, 0x20, 0x20, 0x7b, 0x20, 0x6c, 0x61, 0x62, 0x65, 0x6c, 0x3a, 0x20, 0x22, 0x53
  .byte 0x74, 0x61, 0x74, 0x69, 0x63, 0x22, 0x2c, 0x20, 0x76, 0x61, 0x6c, 0x75, 0x65, 0x3a, 0x20, 0x22
  .byte 0x73, 0x74, 0x61, 0x74, 0x69, 0x63, 0x22, 0x20, 0x7d, 0x2c, 0x0a, 0x20, 0x20, 0x20, 0x20, 0x20
  .byte 0x20, 0x20, 0x20, 0x20, 0x20, 0x20, 0x20, 0x20, 0x20, 0x20, 0x20, 0x20, 0x20, 0x20, 0x20, 0x7b
  .byte 0x20, 0x6c, 0x61, 0x62, 0x65, 0x6c, 0x3a, 0x20, 0x22, 0x43, 0x6c, 0x69, 0x63, 0x6b, 0x61, 0x62
  .byte 0x6c, 0x65, 0x22, 0x2c, 0x20, 0x76, 0x61, 0x6c, 0x75, 0x65, 0x3a, 0x20, 0x22, 0x63, 0x6c, 0x69
  .byte 0x63, 0x6b, 0x61, 0x62, 0x6c, 0x65, 0x22, 0x20, 0x7d, 0x2c, 0x0a, 0x20, 0x20, 0x20, 0x20, 0x20
  .byte 0x20, 0x20, 0x20, 0x20, 0x20, 0x20, 0x20, 0x20, 0x20, 0x20, 0x20, 0x20, 0x20, 0x5d, 0x7d, 0x0a
  .byte 0x20, 0x20, 0x20, 0x20, 0x20, 0x20, 0x20, 0x20, 0x20, 0x20, 0x20, 0x20, 0x20, 0x20, 0x20, 0x20
  .byte 0x2f, 0x3e, 0x0a, 0x20, 0x20, 0x20, 0x20, 0x20, 0x20, 0x20, 0x20, 0x20, 0x20, 0x20, 0x20, 0x20
  .byte 0x20, 0x3c, 0x2f, 0x64, 0x69, 0x76, 0x3e, 0x0a, 0x20, 0x20, 0x20, 0x20, 0x20, 0x20, 0x20, 0x20
  .byte 0x20, 0x20, 0x20, 0x20, 0x3c, 0x2f, 0x64, 0x69, 0x76, 0x3e, 0x0a, 0x20, 0x20, 0x20, 0x20, 0x20
  .byte 0x20, 0x20, 0x20, 0x20, 0x20, 0x7d, 0x0a, 0x20, 0x20, 0x20, 0x20, 0x20, 0x20, 0x20, 0x20, 0x2f
  .byte 0x3e, 0x0a, 0x20, 0x20, 0x20, 0x20, 0x20, 0x20, 0x3c, 0x2f, 0x50, 0x72, 0x65, 0x76, 0x69, 0x65
  .byte 0x77, 0x53, 0x65, 0x63, 0x74, 0x69, 0x6f, 0x6e, 0x3e, 0x0a, 0x20, 0x20, 0x20, 0x20, 0x3c, 0x2f
  .byte 0x50, 0x72, 0x65, 0x76, 0x69, 0x65, 0x77, 0x50, 0x61, 0x67, 0x65, 0x3e, 0x0a, 0x20, 0x20, 0x29
  .byte 0x3b, 0x0a, 0x7d, 0x0a

  .globl openui_full_port_docs_app_components_blocks_lists_page_tsx_cdd86388bdf2_pass_2_len
openui_full_port_docs_app_components_blocks_lists_page_tsx_cdd86388bdf2_pass_2_len:
  .quad 5716

# assembly pass: 3/4
  .globl openui_full_port_docs_app_components_blocks_lists_page_tsx_cdd86388bdf2_pass_3
openui_full_port_docs_app_components_blocks_lists_page_tsx_cdd86388bdf2_pass_3:
  .byte 0x22, 0x75, 0x73, 0x65, 0x20, 0x63, 0x6c, 0x69, 0x65, 0x6e, 0x74, 0x22, 0x3b, 0x0a, 0x0a, 0x69
  .byte 0x6d, 0x70, 0x6f, 0x72, 0x74, 0x20, 0x7b, 0x0a, 0x20, 0x20, 0x42, 0x6c, 0x6f, 0x63, 0x6b, 0x56
  .byte 0x61, 0x72, 0x69, 0x61, 0x6e, 0x74, 0x50, 0x72, 0x65, 0x76, 0x69, 0x65, 0x77, 0x2c, 0x0a, 0x20
  .byte 0x20, 0x50, 0x72, 0x65, 0x76, 0x69, 0x65, 0x77, 0x50, 0x61, 0x67, 0x65, 0x2c, 0x0a, 0x20, 0x20
  .byte 0x50, 0x72, 0x65, 0x76, 0x69, 0x65, 0x77, 0x53, 0x65, 0x63, 0x74, 0x69, 0x6f, 0x6e, 0x2c, 0x0a
  .byte 0x20, 0x20, 0x53, 0x65, 0x67, 0x6d, 0x65, 0x6e, 0x74, 0x65, 0x64, 0x54, 0x6f, 0x67, 0x67, 0x6c
  .byte 0x65, 0x2c, 0x0a, 0x7d, 0x20, 0x66, 0x72, 0x6f, 0x6d, 0x20, 0x22, 0x40, 0x63, 0x6f, 0x6d, 0x70
  .byte 0x6f, 0x6e, 0x65, 0x6e, 0x74, 0x73, 0x2f, 0x63, 0x6f, 0x6d, 0x70, 0x6f, 0x6e, 0x65, 0x6e, 0x74
  .byte 0x73, 0x2f, 0x70, 0x72, 0x65, 0x76, 0x69, 0x65, 0x77, 0x22, 0x3b, 0x0a, 0x69, 0x6d, 0x70, 0x6f
  .byte 0x72, 0x74, 0x20, 0x7b, 0x20, 0x4c, 0x69, 0x73, 0x74, 0x42, 0x6c, 0x6f, 0x63, 0x6b, 0x2c, 0x20
  .byte 0x4c, 0x69, 0x73, 0x74, 0x49, 0x74, 0x65, 0x6d, 0x20, 0x7d, 0x20, 0x66, 0x72, 0x6f, 0x6d, 0x20
  .byte 0x22, 0x40, 0x6f, 0x70, 0x65, 0x6e, 0x75, 0x69, 0x64, 0x65, 0x76, 0x2f, 0x72, 0x65, 0x61, 0x63
  .byte 0x74, 0x2d, 0x75, 0x69, 0x22, 0x3b, 0x0a, 0x69, 0x6d, 0x70, 0x6f, 0x72, 0x74, 0x20, 0x7b, 0x20
  .byte 0x43, 0x68, 0x65, 0x76, 0x72, 0x6f, 0x6e, 0x52, 0x69, 0x67, 0x68, 0x74, 0x2c, 0x20, 0x46, 0x69
  .byte 0x6c, 0x65, 0x54, 0x65, 0x78, 0x74, 0x2c, 0x20, 0x47, 0x6c, 0x6f, 0x62, 0x65, 0x2c, 0x20, 0x4c
  .byte 0x61, 0x79, 0x6f, 0x75, 0x74, 0x50, 0x61, 0x6e, 0x65, 0x6c, 0x54, 0x6f, 0x70, 0x20, 0x7d, 0x20
  .byte 0x66, 0x72, 0x6f, 0x6d, 0x20, 0x22, 0x6c, 0x75, 0x63, 0x69, 0x64, 0x65, 0x2d, 0x72, 0x65, 0x61
  .byte 0x63, 0x74, 0x22, 0x3b, 0x0a, 0x69, 0x6d, 0x70, 0x6f, 0x72, 0x74, 0x20, 0x7b, 0x20, 0x75, 0x73
  .byte 0x65, 0x4d, 0x65, 0x6d, 0x6f, 0x2c, 0x20, 0x75, 0x73, 0x65, 0x53, 0x74, 0x61, 0x74, 0x65, 0x20
  .byte 0x7d, 0x20, 0x66, 0x72, 0x6f, 0x6d, 0x20, 0x22, 0x72, 0x65, 0x61, 0x63, 0x74, 0x22, 0x3b, 0x0a
  .byte 0x69, 0x6d, 0x70, 0x6f, 0x72, 0x74, 0x20, 0x73, 0x74, 0x79, 0x6c, 0x65, 0x73, 0x20, 0x66, 0x72
  .byte 0x6f, 0x6d, 0x20, 0x22, 0x2e, 0x2f, 0x70, 0x61, 0x67, 0x65, 0x2e, 0x6d, 0x6f, 0x64, 0x75, 0x6c
  .byte 0x65, 0x2e, 0x63, 0x73, 0x73, 0x22, 0x3b, 0x0a, 0x0a, 0x74, 0x79, 0x70, 0x65, 0x20, 0x4c, 0x69
  .byte 0x73, 0x74, 0x56, 0x61, 0x72, 0x69, 0x61, 0x6e, 0x74, 0x20, 0x3d, 0x20, 0x22, 0x6e, 0x75, 0x6d
  .byte 0x62, 0x65, 0x72, 0x22, 0x20, 0x7c, 0x20, 0x22, 0x69, 0x63, 0x6f, 0x6e, 0x22, 0x20, 0x7c, 0x20
  .byte 0x22, 0x69, 0x6d, 0x61, 0x67, 0x65, 0x22, 0x3b, 0x0a, 0x74, 0x79, 0x70, 0x65, 0x20, 0x4c, 0x69
  .byte 0x73, 0x74, 0x49, 0x6e, 0x74, 0x65, 0x72, 0x61, 0x63, 0x74, 0x69, 0x6f, 0x6e, 0x4d, 0x6f, 0x64
  .byte 0x65, 0x20, 0x3d, 0x20, 0x22, 0x73, 0x74, 0x61, 0x74, 0x69, 0x63, 0x22, 0x20, 0x7c, 0x20, 0x22
  .byte 0x63, 0x6c, 0x69, 0x63, 0x6b, 0x61, 0x62, 0x6c, 0x65, 0x22, 0x3b, 0x0a, 0x0a, 0x66, 0x75, 0x6e
  .byte 0x63, 0x74, 0x69, 0x6f, 0x6e, 0x20, 0x4c, 0x69, 0x73, 0x74, 0x73, 0x50, 0x72, 0x65, 0x76, 0x69
  .byte 0x65, 0x77, 0x28, 0x7b, 0x0a, 0x20, 0x20, 0x76, 0x61, 0x72, 0x69, 0x61, 0x6e, 0x74, 0x2c, 0x0a
  .byte 0x20, 0x20, 0x73, 0x68, 0x6f, 0x77, 0x44, 0x65, 0x73, 0x63, 0x72, 0x69, 0x70, 0x74, 0x69, 0x6f
  .byte 0x6e, 0x2c, 0x0a, 0x20, 0x20, 0x69, 0x6e, 0x74, 0x65, 0x72, 0x61, 0x63, 0x74, 0x69, 0x6f, 0x6e
  .byte 0x4d, 0x6f, 0x64, 0x65, 0x2c, 0x0a, 0x7d, 0x3a, 0x20, 0x7b, 0x0a, 0x20, 0x20, 0x76, 0x61, 0x72
  .byte 0x69, 0x61, 0x6e, 0x74, 0x3a, 0x20, 0x4c, 0x69, 0x73, 0x74, 0x56, 0x61, 0x72, 0x69, 0x61, 0x6e
  .byte 0x74, 0x3b, 0x0a, 0x20, 0x20, 0x73, 0x68, 0x6f, 0x77, 0x44, 0x65, 0x73, 0x63, 0x72, 0x69, 0x70
  .byte 0x74, 0x69, 0x6f, 0x6e, 0x3a, 0x20, 0x62, 0x6f, 0x6f, 0x6c, 0x65, 0x61, 0x6e, 0x3b, 0x0a, 0x20
  .byte 0x20, 0x69, 0x6e, 0x74, 0x65, 0x72, 0x61, 0x63, 0x74, 0x69, 0x6f, 0x6e, 0x4d, 0x6f, 0x64, 0x65
  .byte 0x3a, 0x20, 0x4c, 0x69, 0x73, 0x74, 0x49, 0x6e, 0x74, 0x65, 0x72, 0x61, 0x63, 0x74, 0x69, 0x6f
  .byte 0x6e, 0x4d, 0x6f, 0x64, 0x65, 0x3b, 0x0a, 0x7d, 0x29, 0x20, 0x7b, 0x0a, 0x20, 0x20, 0x63, 0x6f
  .byte 0x6e, 0x73, 0x74, 0x20, 0x64, 0x65, 0x73, 0x63, 0x72, 0x69, 0x70, 0x74, 0x69, 0x6f, 0x6e, 0x46
  .byte 0x6f, 0x72, 0x20, 0x3d, 0x20, 0x28, 0x74, 0x65, 0x78, 0x74, 0x3a, 0x20, 0x73, 0x74, 0x72, 0x69
  .byte 0x6e, 0x67, 0x29, 0x20, 0x3d, 0x3e, 0x20, 0x28, 0x73, 0x68, 0x6f, 0x77, 0x44, 0x65, 0x73, 0x63
  .byte 0x72, 0x69, 0x70, 0x74, 0x69, 0x6f, 0x6e, 0x20, 0x3f, 0x20, 0x74, 0x65, 0x78, 0x74, 0x20, 0x3a
  .byte 0x20, 0x75, 0x6e, 0x64, 0x65, 0x66, 0x69, 0x6e, 0x65, 0x64, 0x29, 0x3b, 0x0a, 0x0a, 0x20, 0x20
  .byte 0x63, 0x6f, 0x6e, 0x73, 0x74, 0x20, 0x63, 0x6f, 0x6d, 0x6d, 0x6f, 0x6e, 0x41, 0x63, 0x74, 0x69
  .byte 0x6f, 0x6e, 0x50, 0x72, 0x6f, 0x70, 0x73, 0x20, 0x3d, 0x20, 0x75, 0x73, 0x65, 0x4d, 0x65, 0x6d
  .byte 0x6f, 0x28, 0x28, 0x29, 0x20, 0x3d, 0x3e, 0x20, 0x7b, 0x0a, 0x20, 0x20, 0x20, 0x20, 0x69, 0x66
  .byte 0x20, 0x28, 0x69, 0x6e, 0x74, 0x65, 0x72, 0x61, 0x63, 0x74, 0x69, 0x6f, 0x6e, 0x4d, 0x6f, 0x64
  .byte 0x65, 0x20, 0x3d, 0x3d, 0x3d, 0x20, 0x22, 0x73, 0x74, 0x61, 0x74, 0x69, 0x63, 0x22, 0x29, 0x20
  .byte 0x7b, 0x0a, 0x20, 0x20, 0x20, 0x20, 0x20, 0x20, 0x72, 0x65, 0x74, 0x75, 0x72, 0x6e, 0x20, 0x7b
  .byte 0x7d, 0x3b, 0x0a, 0x20, 0x20, 0x20, 0x20, 0x7d, 0x0a, 0x20, 0x20, 0x20, 0x20, 0x72, 0x65, 0x74
  .byte 0x75, 0x72, 0x6e, 0x20, 0x7b, 0x0a, 0x20, 0x20, 0x20, 0x20, 0x20, 0x20, 0x61, 0x63, 0x74, 0x69
  .byte 0x6f, 0x6e, 0x49, 0x63, 0x6f, 0x6e, 0x3a, 0x20, 0x3c, 0x43, 0x68, 0x65, 0x76, 0x72, 0x6f, 0x6e
  .byte 0x52, 0x69, 0x67, 0x68, 0x74, 0x20, 0x73, 0x69, 0x7a, 0x65, 0x3d, 0x7b, 0x31, 0x36, 0x7d, 0x20
  .byte 0x2f, 0x3e, 0x2c, 0x0a, 0x20, 0x20, 0x20, 0x20, 0x20, 0x20, 0x6f, 0x6e, 0x43, 0x6c, 0x69, 0x63
  .byte 0x6b, 0x3a, 0x20, 0x28, 0x29, 0x20, 0x3d, 0x3e, 0x20, 0x75, 0x6e, 0x64, 0x65, 0x66, 0x69, 0x6e
  .byte 0x65, 0x64, 0x2c, 0x0a, 0x20, 0x20, 0x20, 0x20, 0x7d, 0x3b, 0x0a, 0x20, 0x20, 0x7d, 0x2c, 0x20
  .byte 0x5b, 0x69, 0x6e, 0x74, 0x65, 0x72, 0x61, 0x63, 0x74, 0x69, 0x6f, 0x6e, 0x4d, 0x6f, 0x64, 0x65
  .byte 0x5d, 0x29, 0x3b, 0x0a, 0x0a, 0x20, 0x20, 0x72, 0x65, 0x74, 0x75, 0x72, 0x6e, 0x20, 0x28, 0x0a
  .byte 0x20, 0x20, 0x20, 0x20, 0x3c, 0x64, 0x69, 0x76, 0x20, 0x63, 0x6c, 0x61, 0x73, 0x73, 0x4e, 0x61
  .byte 0x6d, 0x65, 0x3d, 0x7b, 0x73, 0x74, 0x79, 0x6c, 0x65, 0x73, 0x2e, 0x70, 0x72, 0x65, 0x76, 0x69
  .byte 0x65, 0x77, 0x57, 0x72, 0x61, 0x70, 0x70, 0x65, 0x72, 0x7d, 0x3e, 0x0a, 0x20, 0x20, 0x20, 0x20
  .byte 0x20, 0x20, 0x3c, 0x64, 0x69, 0x76, 0x20, 0x63, 0x6c, 0x61, 0x73, 0x73, 0x4e, 0x61, 0x6d, 0x65
  .byte 0x3d, 0x7b, 0x73, 0x74, 0x79, 0x6c, 0x65, 0x73, 0x2e, 0x70, 0x72, 0x65, 0x76, 0x69, 0x65, 0x77
  .byte 0x49, 0x6e, 0x6e, 0x65, 0x72, 0x7d, 0x3e, 0x0a, 0x20, 0x20, 0x20, 0x20, 0x20, 0x20, 0x20, 0x20
  .byte 0x3c, 0x4c, 0x69, 0x73, 0x74, 0x42, 0x6c, 0x6f, 0x63, 0x6b, 0x20, 0x76, 0x61, 0x72, 0x69, 0x61
  .byte 0x6e, 0x74, 0x3d, 0x7b, 0x76, 0x61, 0x72, 0x69, 0x61, 0x6e, 0x74, 0x7d, 0x3e, 0x0a, 0x20, 0x20
  .byte 0x20, 0x20, 0x20, 0x20, 0x20, 0x20, 0x20, 0x20, 0x3c, 0x4c, 0x69, 0x73, 0x74, 0x49, 0x74, 0x65
  .byte 0x6d, 0x0a, 0x20, 0x20, 0x20, 0x20, 0x20, 0x20, 0x20, 0x20, 0x20, 0x20, 0x20, 0x20, 0x76, 0x61
  .byte 0x72, 0x69, 0x61, 0x6e, 0x74, 0x3d, 0x7b, 0x76, 0x61, 0x72, 0x69, 0x61, 0x6e, 0x74, 0x7d, 0x0a
  .byte 0x20, 0x20, 0x20, 0x20, 0x20, 0x20, 0x20, 0x20, 0x20, 0x20, 0x20, 0x20, 0x69, 0x6e, 0x64, 0x65
  .byte 0x78, 0x3d, 0x7b, 0x30, 0x7d, 0x0a, 0x20, 0x20, 0x20, 0x20, 0x20, 0x20, 0x20, 0x20, 0x20, 0x20
  .byte 0x20, 0x20, 0x6c, 0x69, 0x73, 0x74, 0x48, 0x61, 0x73, 0x53, 0x75, 0x62, 0x74, 0x69, 0x74, 0x6c
  .byte 0x65, 0x3d, 0x7b, 0x73, 0x68, 0x6f, 0x77, 0x44, 0x65, 0x73, 0x63, 0x72, 0x69, 0x70, 0x74, 0x69
  .byte 0x6f, 0x6e, 0x7d, 0x0a, 0x20, 0x20, 0x20, 0x20, 0x20, 0x20, 0x20, 0x20, 0x20, 0x20, 0x20, 0x20
  .byte 0x69, 0x63, 0x6f, 0x6e, 0x3d, 0x7b, 0x76, 0x61, 0x72, 0x69, 0x61, 0x6e, 0x74, 0x20, 0x3d, 0x3d
  .byte 0x3d, 0x20, 0x22, 0x69, 0x63, 0x6f, 0x6e, 0x22, 0x20, 0x3f, 0x20, 0x3c, 0x46, 0x69, 0x6c, 0x65
  .byte 0x54, 0x65, 0x78, 0x74, 0x20, 0x73, 0x69, 0x7a, 0x65, 0x3d, 0x7b, 0x31, 0x36, 0x7d, 0x20, 0x2f
  .byte 0x3e, 0x20, 0x3a, 0x20, 0x75, 0x6e, 0x64, 0x65, 0x66, 0x69, 0x6e, 0x65, 0x64, 0x7d, 0x0a, 0x20
  .byte 0x20, 0x20, 0x20, 0x20, 0x20, 0x20, 0x20, 0x20, 0x20, 0x20, 0x20, 0x69, 0x6d, 0x61, 0x67, 0x65
  .byte 0x3d, 0x7b, 0x76, 0x61, 0x72, 0x69, 0x61, 0x6e, 0x74, 0x20, 0x3d, 0x3d, 0x3d, 0x20, 0x22, 0x69
  .byte 0x6d, 0x61, 0x67, 0x65, 0x22, 0x20, 0x3f, 0x20, 0x7b, 0x20, 0x73, 0x72, 0x63, 0x3a, 0x20, 0x22
  .byte 0x2f, 0x66, 0x69, 0x6c, 0x65, 0x2e, 0x73, 0x76, 0x67, 0x22, 0x2c, 0x20, 0x61, 0x6c, 0x74, 0x3a
  .byte 0x20, 0x22, 0x46, 0x69, 0x6c, 0x65, 0x22, 0x20, 0x7d, 0x20, 0x3a, 0x20, 0x75, 0x6e, 0x64, 0x65
  .byte 0x66, 0x69, 0x6e, 0x65, 0x64, 0x7d, 0x0a, 0x20, 0x20, 0x20, 0x20, 0x20, 0x20, 0x20, 0x20, 0x20
  .byte 0x20, 0x20, 0x20, 0x74, 0x69, 0x74, 0x6c, 0x65, 0x3d, 0x22, 0x43, 0x6f, 0x6e, 0x6e, 0x65, 0x63
  .byte 0x74, 0x20, 0x79, 0x6f, 0x75, 0x72, 0x20, 0x64, 0x61, 0x74, 0x61, 0x22, 0x0a, 0x20, 0x20, 0x20
  .byte 0x20, 0x20, 0x20, 0x20, 0x20, 0x20, 0x20, 0x20, 0x20, 0x73, 0x75, 0x62, 0x74, 0x69, 0x74, 0x6c
  .byte 0x65, 0x3d, 0x7b, 0x64, 0x65, 0x73, 0x63, 0x72, 0x69, 0x70, 0x74, 0x69, 0x6f, 0x6e, 0x46, 0x6f
  .byte 0x72, 0x28, 0x22, 0x4c, 0x69, 0x6e, 0x6b, 0x20, 0x79, 0x6f, 0x75, 0x72, 0x20, 0x64, 0x61, 0x74
  .byte 0x61, 0x62, 0x61, 0x73, 0x65, 0x20, 0x6f, 0x72, 0x20, 0x75, 0x70, 0x6c, 0x6f, 0x61, 0x64, 0x20
  .byte 0x61, 0x20, 0x43, 0x53, 0x56, 0x20, 0x74, 0x6f, 0x20, 0x67, 0x65, 0x74, 0x20, 0x73, 0x74, 0x61
  .byte 0x72, 0x74, 0x65, 0x64, 0x2e, 0x22, 0x29, 0x7d, 0x0a, 0x20, 0x20, 0x20, 0x20, 0x20, 0x20, 0x20
  .byte 0x20, 0x20, 0x20, 0x20, 0x20, 0x7b, 0x2e, 0x2e, 0x2e, 0x63, 0x6f, 0x6d, 0x6d, 0x6f, 0x6e, 0x41
  .byte 0x63, 0x74, 0x69, 0x6f, 0x6e, 0x50, 0x72, 0x6f, 0x70, 0x73, 0x7d, 0x0a, 0x20, 0x20, 0x20, 0x20
  .byte 0x20, 0x20, 0x20, 0x20, 0x20, 0x20, 0x2f, 0x3e, 0x0a, 0x20, 0x20, 0x20, 0x20, 0x20, 0x20, 0x20
  .byte 0x20, 0x20, 0x20, 0x3c, 0x4c, 0x69, 0x73, 0x74, 0x49, 0x74, 0x65, 0x6d, 0x0a, 0x20, 0x20, 0x20
  .byte 0x20, 0x20, 0x20, 0x20, 0x20, 0x20, 0x20, 0x20, 0x20, 0x76, 0x61, 0x72, 0x69, 0x61, 0x6e, 0x74
  .byte 0x3d, 0x7b, 0x76, 0x61, 0x72, 0x69, 0x61, 0x6e, 0x74, 0x7d, 0x0a, 0x20, 0x20, 0x20, 0x20, 0x20
  .byte 0x20, 0x20, 0x20, 0x20, 0x20, 0x20, 0x20, 0x69, 0x6e, 0x64, 0x65, 0x78, 0x3d, 0x7b, 0x31, 0x7d
  .byte 0x0a, 0x20, 0x20, 0x20, 0x20, 0x20, 0x20, 0x20, 0x20, 0x20, 0x20, 0x20, 0x20, 0x6c, 0x69, 0x73
  .byte 0x74, 0x48, 0x61, 0x73, 0x53, 0x75, 0x62, 0x74, 0x69, 0x74, 0x6c, 0x65, 0x3d, 0x7b, 0x73, 0x68
  .byte 0x6f, 0x77, 0x44, 0x65, 0x73, 0x63, 0x72, 0x69, 0x70, 0x74, 0x69, 0x6f, 0x6e, 0x7d, 0x0a, 0x20
  .byte 0x20, 0x20, 0x20, 0x20, 0x20, 0x20, 0x20, 0x20, 0x20, 0x20, 0x20, 0x69, 0x63, 0x6f, 0x6e, 0x3d
  .byte 0x7b, 0x76, 0x61, 0x72, 0x69, 0x61, 0x6e, 0x74, 0x20, 0x3d, 0x3d, 0x3d, 0x20, 0x22, 0x69, 0x63
  .byte 0x6f, 0x6e, 0x22, 0x20, 0x3f, 0x20, 0x3c, 0x47, 0x6c, 0x6f, 0x62, 0x65, 0x20, 0x73, 0x69, 0x7a
  .byte 0x65, 0x3d, 0x7b, 0x31, 0x36, 0x7d, 0x20, 0x2f, 0x3e, 0x20, 0x3a, 0x20, 0x75, 0x6e, 0x64, 0x65
  .byte 0x66, 0x69, 0x6e, 0x65, 0x64, 0x7d, 0x0a, 0x20, 0x20, 0x20, 0x20, 0x20, 0x20, 0x20, 0x20, 0x20
  .byte 0x20, 0x20, 0x20, 0x69, 0x6d, 0x61, 0x67, 0x65, 0x3d, 0x7b, 0x76, 0x61, 0x72, 0x69, 0x61, 0x6e
  .byte 0x74, 0x20, 0x3d, 0x3d, 0x3d, 0x20, 0x22, 0x69, 0x6d, 0x61, 0x67, 0x65, 0x22, 0x20, 0x3f, 0x20
  .byte 0x7b, 0x20, 0x73, 0x72, 0x63, 0x3a, 0x20, 0x22, 0x2f, 0x67, 0x6c, 0x6f, 0x62, 0x65, 0x2e, 0x73
  .byte 0x76, 0x67, 0x22, 0x2c, 0x20, 0x61, 0x6c, 0x74, 0x3a, 0x20, 0x22, 0x47, 0x6c, 0x6f, 0x62, 0x65
  .byte 0x22, 0x20, 0x7d, 0x20, 0x3a, 0x20, 0x75, 0x6e, 0x64, 0x65, 0x66, 0x69, 0x6e, 0x65, 0x64, 0x7d
  .byte 0x0a, 0x20, 0x20, 0x20, 0x20, 0x20, 0x20, 0x20, 0x20, 0x20, 0x20, 0x20, 0x20, 0x74, 0x69, 0x74
  .byte 0x6c, 0x65, 0x3d, 0x22, 0x43, 0x68, 0x6f, 0x6f, 0x73, 0x65, 0x20, 0x61, 0x20, 0x67, 0x6f, 0x61
  .byte 0x6c, 0x22, 0x0a, 0x20, 0x20, 0x20, 0x20, 0x20, 0x20, 0x20, 0x20, 0x20, 0x20, 0x20, 0x20, 0x73
  .byte 0x75, 0x62, 0x74, 0x69, 0x74, 0x6c, 0x65, 0x3d, 0x7b, 0x64, 0x65, 0x73, 0x63, 0x72, 0x69, 0x70
  .byte 0x74, 0x69, 0x6f, 0x6e, 0x46, 0x6f, 0x72, 0x28, 0x22, 0x53, 0x75, 0x6d, 0x6d, 0x61, 0x72, 0x69
  .byte 0x7a, 0x65, 0x2c, 0x20, 0x63, 0x6c, 0x61, 0x73, 0x73, 0x69, 0x66, 0x79, 0x2c, 0x20, 0x65, 0x78
  .byte 0x74, 0x72, 0x61, 0x63, 0x74, 0x2c, 0x20, 0x6f, 0x72, 0x20, 0x67, 0x65, 0x6e, 0x65, 0x72, 0x61
  .byte 0x74, 0x65, 0x20, 0x55, 0x49, 0x20, 0x66, 0x72, 0x6f, 0x6d, 0x20, 0x70, 0x72, 0x6f, 0x6d, 0x70
  .byte 0x74, 0x73, 0x2e, 0x22, 0x29, 0x7d, 0x0a, 0x20, 0x20, 0x20, 0x20, 0x20, 0x20, 0x20, 0x20, 0x20
  .byte 0x20, 0x20, 0x20, 0x7b, 0x2e, 0x2e, 0x2e, 0x63, 0x6f, 0x6d, 0x6d, 0x6f, 0x6e, 0x41, 0x63, 0x74
  .byte 0x69, 0x6f, 0x6e, 0x50, 0x72, 0x6f, 0x70, 0x73, 0x7d, 0x0a, 0x20, 0x20, 0x20, 0x20, 0x20, 0x20
  .byte 0x20, 0x20, 0x20, 0x20, 0x2f, 0x3e, 0x0a, 0x20, 0x20, 0x20, 0x20, 0x20, 0x20, 0x20, 0x20, 0x20
  .byte 0x20, 0x3c, 0x4c, 0x69, 0x73, 0x74, 0x49, 0x74, 0x65, 0x6d, 0x0a, 0x20, 0x20, 0x20, 0x20, 0x20
  .byte 0x20, 0x20, 0x20, 0x20, 0x20, 0x20, 0x20, 0x76, 0x61, 0x72, 0x69, 0x61, 0x6e, 0x74, 0x3d, 0x7b
  .byte 0x76, 0x61, 0x72, 0x69, 0x61, 0x6e, 0x74, 0x7d, 0x0a, 0x20, 0x20, 0x20, 0x20, 0x20, 0x20, 0x20
  .byte 0x20, 0x20, 0x20, 0x20, 0x20, 0x69, 0x6e, 0x64, 0x65, 0x78, 0x3d, 0x7b, 0x32, 0x7d, 0x0a, 0x20
  .byte 0x20, 0x20, 0x20, 0x20, 0x20, 0x20, 0x20, 0x20, 0x20, 0x20, 0x20, 0x6c, 0x69, 0x73, 0x74, 0x48
  .byte 0x61, 0x73, 0x53, 0x75, 0x62, 0x74, 0x69, 0x74, 0x6c, 0x65, 0x3d, 0x7b, 0x73, 0x68, 0x6f, 0x77
  .byte 0x44, 0x65, 0x73, 0x63, 0x72, 0x69, 0x70, 0x74, 0x69, 0x6f, 0x6e, 0x7d, 0x0a, 0x20, 0x20, 0x20
  .byte 0x20, 0x20, 0x20, 0x20, 0x20, 0x20, 0x20, 0x20, 0x20, 0x69, 0x63, 0x6f, 0x6e, 0x3d, 0x7b, 0x76
  .byte 0x61, 0x72, 0x69, 0x61, 0x6e, 0x74, 0x20, 0x3d, 0x3d, 0x3d, 0x20, 0x22, 0x69, 0x63, 0x6f, 0x6e
  .byte 0x22, 0x20, 0x3f, 0x20, 0x3c, 0x4c, 0x61, 0x79, 0x6f, 0x75, 0x74, 0x50, 0x61, 0x6e, 0x65, 0x6c
  .byte 0x54, 0x6f, 0x70, 0x20, 0x73, 0x69, 0x7a, 0x65, 0x3d, 0x7b, 0x31, 0x36, 0x7d, 0x20, 0x2f, 0x3e
  .byte 0x20, 0x3a, 0x20, 0x75, 0x6e, 0x64, 0x65, 0x66, 0x69, 0x6e, 0x65, 0x64, 0x7d, 0x0a, 0x20, 0x20
  .byte 0x20, 0x20, 0x20, 0x20, 0x20, 0x20, 0x20, 0x20, 0x20, 0x20, 0x69, 0x6d, 0x61, 0x67, 0x65, 0x3d
  .byte 0x7b, 0x76, 0x61, 0x72, 0x69, 0x61, 0x6e, 0x74, 0x20, 0x3d, 0x3d, 0x3d, 0x20, 0x22, 0x69, 0x6d
  .byte 0x61, 0x67, 0x65, 0x22, 0x20, 0x3f, 0x20, 0x7b, 0x20, 0x73, 0x72, 0x63, 0x3a, 0x20, 0x22, 0x2f
  .byte 0x77, 0x69, 0x6e, 0x64, 0x6f, 0x77, 0x2e, 0x73, 0x76, 0x67, 0x22, 0x2c, 0x20, 0x61, 0x6c, 0x74
  .byte 0x3a, 0x20, 0x22, 0x57, 0x69, 0x6e, 0x64, 0x6f, 0x77, 0x22, 0x20, 0x7d, 0x20, 0x3a, 0x20, 0x75
  .byte 0x6e, 0x64, 0x65, 0x66, 0x69, 0x6e, 0x65, 0x64, 0x7d, 0x0a, 0x20, 0x20, 0x20, 0x20, 0x20, 0x20
  .byte 0x20, 0x20, 0x20, 0x20, 0x20, 0x20, 0x74, 0x69, 0x74, 0x6c, 0x65, 0x3d, 0x22, 0x52, 0x65, 0x76
  .byte 0x69, 0x65, 0x77, 0x20, 0x61, 0x6e, 0x64, 0x20, 0x72, 0x65, 0x66, 0x69, 0x6e, 0x65, 0x22, 0x0a
  .byte 0x20, 0x20, 0x20, 0x20, 0x20, 0x20, 0x20, 0x20, 0x20, 0x20, 0x20, 0x20, 0x73, 0x75, 0x62, 0x74
  .byte 0x69, 0x74, 0x6c, 0x65, 0x3d, 0x7b, 0x64, 0x65, 0x73, 0x63, 0x72, 0x69, 0x70, 0x74, 0x69, 0x6f
  .byte 0x6e, 0x46, 0x6f, 0x72, 0x28, 0x22, 0x45, 0x64, 0x69, 0x74, 0x20, 0x74, 0x68, 0x65, 0x20, 0x72
  .byte 0x65, 0x73, 0x75, 0x6c, 0x74, 0x20, 0x61, 0x6e, 0x64, 0x20, 0x72, 0x65, 0x72, 0x75, 0x6e, 0x20
  .byte 0x77, 0x69, 0x74, 0x68, 0x20, 0x74, 0x69, 0x67, 0x68, 0x74, 0x65, 0x72, 0x20, 0x69, 0x6e, 0x73
  .byte 0x74, 0x72, 0x75, 0x63, 0x74, 0x69, 0x6f, 0x6e, 0x73, 0x2e, 0x22, 0x29, 0x7d, 0x0a, 0x20, 0x20
  .byte 0x20, 0x20, 0x20, 0x20, 0x20, 0x20, 0x20, 0x20, 0x20, 0x20, 0x7b, 0x2e, 0x2e, 0x2e, 0x63, 0x6f
  .byte 0x6d, 0x6d, 0x6f, 0x6e, 0x41, 0x63, 0x74, 0x69, 0x6f, 0x6e, 0x50, 0x72, 0x6f, 0x70, 0x73, 0x7d
  .byte 0x0a, 0x20, 0x20, 0x20, 0x20, 0x20, 0x20, 0x20, 0x20, 0x20, 0x20, 0x2f, 0x3e, 0x0a, 0x20, 0x20
  .byte 0x20, 0x20, 0x20, 0x20, 0x20, 0x20, 0x3c, 0x2f, 0x4c, 0x69, 0x73, 0x74, 0x42, 0x6c, 0x6f, 0x63
  .byte 0x6b, 0x3e, 0x0a, 0x20, 0x20, 0x20, 0x20, 0x20, 0x20, 0x3c, 0x2f, 0x64, 0x69, 0x76, 0x3e, 0x0a
  .byte 0x20, 0x20, 0x20, 0x20, 0x3c, 0x2f, 0x64, 0x69, 0x76, 0x3e, 0x0a, 0x20, 0x20, 0x29, 0x3b, 0x0a
  .byte 0x7d, 0x0a, 0x0a, 0x65, 0x78, 0x70, 0x6f, 0x72, 0x74, 0x20, 0x64, 0x65, 0x66, 0x61, 0x75, 0x6c
  .byte 0x74, 0x20, 0x66, 0x75, 0x6e, 0x63, 0x74, 0x69, 0x6f, 0x6e, 0x20, 0x42, 0x6c, 0x6f, 0x63, 0x6b
  .byte 0x73, 0x4c, 0x69, 0x73, 0x74, 0x73, 0x50, 0x61, 0x67, 0x65, 0x28, 0x29, 0x20, 0x7b, 0x0a, 0x20
  .byte 0x20, 0x63, 0x6f, 0x6e, 0x73, 0x74, 0x20, 0x5b, 0x76, 0x61, 0x72, 0x69, 0x61, 0x6e, 0x74, 0x2c
  .byte 0x20, 0x73, 0x65, 0x74, 0x56, 0x61, 0x72, 0x69, 0x61, 0x6e, 0x74, 0x5d, 0x20, 0x3d, 0x20, 0x75
  .byte 0x73, 0x65, 0x53, 0x74, 0x61, 0x74, 0x65, 0x3c, 0x4c, 0x69, 0x73, 0x74, 0x56, 0x61, 0x72, 0x69
  .byte 0x61, 0x6e, 0x74, 0x3e, 0x28, 0x22, 0x6e, 0x75, 0x6d, 0x62, 0x65, 0x72, 0x22, 0x29, 0x3b, 0x0a
  .byte 0x20, 0x20, 0x63, 0x6f, 0x6e, 0x73, 0x74, 0x20, 0x5b, 0x64, 0x65, 0x73, 0x63, 0x72, 0x69, 0x70
  .byte 0x74, 0x69, 0x6f, 0x6e, 0x2c, 0x20, 0x73, 0x65, 0x74, 0x44, 0x65, 0x73, 0x63, 0x72, 0x69, 0x70
  .byte 0x74, 0x69, 0x6f, 0x6e, 0x5d, 0x20, 0x3d, 0x20, 0x75, 0x73, 0x65, 0x53, 0x74, 0x61, 0x74, 0x65
  .byte 0x3c, 0x22, 0x73, 0x68, 0x6f, 0x77, 0x22, 0x20, 0x7c, 0x20, 0x22, 0x68, 0x69, 0x64, 0x65, 0x22
  .byte 0x3e, 0x28, 0x22, 0x73, 0x68, 0x6f, 0x77, 0x22, 0x29, 0x3b, 0x0a, 0x20, 0x20, 0x63, 0x6f, 0x6e
  .byte 0x73, 0x74, 0x20, 0x5b, 0x69, 0x6e, 0x74, 0x65, 0x72, 0x61, 0x63, 0x74, 0x69, 0x6f, 0x6e, 0x4d
  .byte 0x6f, 0x64, 0x65, 0x2c, 0x20, 0x73, 0x65, 0x74, 0x49, 0x6e, 0x74, 0x65, 0x72, 0x61, 0x63, 0x74
  .byte 0x69, 0x6f, 0x6e, 0x4d, 0x6f, 0x64, 0x65, 0x5d, 0x20, 0x3d, 0x20, 0x75, 0x73, 0x65, 0x53, 0x74
  .byte 0x61, 0x74, 0x65, 0x3c, 0x4c, 0x69, 0x73, 0x74, 0x49, 0x6e, 0x74, 0x65, 0x72, 0x61, 0x63, 0x74
  .byte 0x69, 0x6f, 0x6e, 0x4d, 0x6f, 0x64, 0x65, 0x3e, 0x28, 0x22, 0x73, 0x74, 0x61, 0x74, 0x69, 0x63
  .byte 0x22, 0x29, 0x3b, 0x0a, 0x0a, 0x20, 0x20, 0x63, 0x6f, 0x6e, 0x73, 0x74, 0x20, 0x73, 0x68, 0x6f
  .byte 0x77, 0x44, 0x65, 0x73, 0x63, 0x72, 0x69, 0x70, 0x74, 0x69, 0x6f, 0x6e, 0x20, 0x3d, 0x20, 0x64
  .byte 0x65, 0x73, 0x63, 0x72, 0x69, 0x70, 0x74, 0x69, 0x6f, 0x6e, 0x20, 0x3d, 0x3d, 0x3d, 0x20, 0x22
  .byte 0x73, 0x68, 0x6f, 0x77, 0x22, 0x3b, 0x0a, 0x0a, 0x20, 0x20, 0x72, 0x65, 0x74, 0x75, 0x72, 0x6e
  .byte 0x20, 0x28, 0x0a, 0x20, 0x20, 0x20, 0x20, 0x3c, 0x50, 0x72, 0x65, 0x76, 0x69, 0x65, 0x77, 0x50
  .byte 0x61, 0x67, 0x65, 0x3e, 0x0a, 0x20, 0x20, 0x20, 0x20, 0x20, 0x20, 0x3c, 0x50, 0x72, 0x65, 0x76
  .byte 0x69, 0x65, 0x77, 0x53, 0x65, 0x63, 0x74, 0x69, 0x6f, 0x6e, 0x0a, 0x20, 0x20, 0x20, 0x20, 0x20
  .byte 0x20, 0x20, 0x20, 0x74, 0x69, 0x74, 0x6c, 0x65, 0x3d, 0x22, 0x4c, 0x69, 0x73, 0x74, 0x73, 0x22
  .byte 0x0a, 0x20, 0x20, 0x20, 0x20, 0x20, 0x20, 0x20, 0x20, 0x68, 0x65, 0x61, 0x64, 0x69, 0x6e, 0x67
  .byte 0x4c, 0x65, 0x76, 0x65, 0x6c, 0x3d, 0x22, 0x68, 0x31, 0x22, 0x0a, 0x20, 0x20, 0x20, 0x20, 0x20
  .byte 0x20, 0x20, 0x20, 0x64, 0x65, 0x73, 0x63, 0x72, 0x69, 0x70, 0x74, 0x69, 0x6f, 0x6e, 0x3d, 0x22
  .byte 0x50, 0x72, 0x65, 0x73, 0x65, 0x6e, 0x74, 0x73, 0x20, 0x6f, 0x72, 0x64, 0x65, 0x72, 0x65, 0x64
  .byte 0x20, 0x6f, 0x72, 0x20, 0x73, 0x74, 0x72, 0x75, 0x63, 0x74, 0x75, 0x72, 0x65, 0x64, 0x20, 0x69
  .byte 0x74, 0x65, 0x6d, 0x73, 0x20, 0x69, 0x6e, 0x20, 0x61, 0x20, 0x76, 0x65, 0x72, 0x74, 0x69, 0x63
  .byte 0x61, 0x6c, 0x2c, 0x20, 0x65, 0x61, 0x73, 0x79, 0x2d, 0x74, 0x6f, 0x2d, 0x73, 0x63, 0x61, 0x6e
  .byte 0x20, 0x66, 0x6f, 0x72, 0x6d, 0x61, 0x74, 0x2e, 0x20, 0x47, 0x72, 0x65, 0x61, 0x74, 0x20, 0x66
  .byte 0x6f, 0x72, 0x20, 0x73, 0x74, 0x65, 0x70, 0x73, 0x2c, 0x20, 0x74, 0x61, 0x73, 0x6b, 0x73, 0x2c
  .byte 0x20, 0x6f, 0x72, 0x20, 0x67, 0x72, 0x6f, 0x75, 0x70, 0x65, 0x64, 0x20, 0x69, 0x6e, 0x66, 0x6f
  .byte 0x72, 0x6d, 0x61, 0x74, 0x69, 0x6f, 0x6e, 0x2e, 0x22, 0x0a, 0x20, 0x20, 0x20, 0x20, 0x20, 0x20
  .byte 0x3e, 0x0a, 0x20, 0x20, 0x20, 0x20, 0x20, 0x20, 0x20, 0x20, 0x3c, 0x42, 0x6c, 0x6f, 0x63, 0x6b
  .byte 0x56, 0x61, 0x72, 0x69, 0x61, 0x6e, 0x74, 0x50, 0x72, 0x65, 0x76, 0x69, 0x65, 0x77, 0x0a, 0x20
  .byte 0x20, 0x20, 0x20, 0x20, 0x20, 0x20, 0x20, 0x20, 0x20, 0x70, 0x72, 0x65, 0x76, 0x69, 0x65, 0x77
  .byte 0x3d, 0x7b, 0x3c, 0x4c, 0x69, 0x73, 0x74, 0x73, 0x50, 0x72, 0x65, 0x76, 0x69, 0x65, 0x77, 0x20
  .byte 0x76, 0x61, 0x72, 0x69, 0x61, 0x6e, 0x74, 0x3d, 0x22, 0x6e, 0x75, 0x6d, 0x62, 0x65, 0x72, 0x22
  .byte 0x20, 0x73, 0x68, 0x6f, 0x77, 0x44, 0x65, 0x73, 0x63, 0x72, 0x69, 0x70, 0x74, 0x69, 0x6f, 0x6e
  .byte 0x20, 0x69, 0x6e, 0x74, 0x65, 0x72, 0x61, 0x63, 0x74, 0x69, 0x6f, 0x6e, 0x4d, 0x6f, 0x64, 0x65
  .byte 0x3d, 0x22, 0x73, 0x74, 0x61, 0x74, 0x69, 0x63, 0x22, 0x20, 0x2f, 0x3e, 0x7d, 0x0a, 0x20, 0x20
  .byte 0x20, 0x20, 0x20, 0x20, 0x20, 0x20, 0x20, 0x20, 0x70, 0x72, 0x6f, 0x6d, 0x70, 0x74, 0x3d, 0x22
  .byte 0x55, 0x73, 0x65, 0x20, 0x6e, 0x75, 0x6d, 0x62, 0x65, 0x72, 0x65, 0x64, 0x20, 0x6c, 0x69, 0x73
  .byte 0x74, 0x20, 0x77, 0x69, 0x74, 0x68, 0x20, 0x64, 0x65, 0x73, 0x63, 0x72, 0x69, 0x70, 0x74, 0x69
  .byte 0x6f, 0x6e, 0x20, 0x74, 0x6f, 0x20, 0x64, 0x69, 0x73, 0x70, 0x6c, 0x61, 0x79, 0x20, 0x6f, 0x72
  .byte 0x64, 0x65, 0x72, 0x65, 0x64, 0x20, 0x69, 0x74, 0x65, 0x6d, 0x73, 0x20, 0x77, 0x68, 0x65, 0x6e
  .byte 0x20, 0x3c, 0x65, 0x6e, 0x74, 0x65, 0x72, 0x20, 0x75, 0x73, 0x65, 0x20, 0x63, 0x61, 0x73, 0x65
  .byte 0x3e, 0x2e, 0x22, 0x0a, 0x20, 0x20, 0x20, 0x20, 0x20, 0x20, 0x20, 0x20, 0x2f, 0x3e, 0x0a, 0x0a
  .byte 0x20, 0x20, 0x20, 0x20, 0x20, 0x20, 0x20, 0x20, 0x3c, 0x42, 0x6c, 0x6f, 0x63, 0x6b, 0x56, 0x61
  .byte 0x72, 0x69, 0x61, 0x6e, 0x74, 0x50, 0x72, 0x65, 0x76, 0x69, 0x65, 0x77, 0x0a, 0x20, 0x20, 0x20
  .byte 0x20, 0x20, 0x20, 0x20, 0x20, 0x20, 0x20, 0x74, 0x69, 0x74, 0x6c, 0x65, 0x3d, 0x22, 0x43, 0x6f
  .byte 0x6e, 0x66, 0x69, 0x67, 0x75, 0x72, 0x61, 0x74, 0x69, 0x6f, 0x6e, 0x73, 0x22, 0x0a, 0x20, 0x20
  .byte 0x20, 0x20, 0x20, 0x20, 0x20, 0x20, 0x20, 0x20, 0x64, 0x65, 0x73, 0x63, 0x72, 0x69, 0x70, 0x74
  .byte 0x69, 0x6f, 0x6e, 0x3d, 0x22, 0x54, 0x6f, 0x67, 0x67, 0x6c, 0x65, 0x20, 0x6c, 0x69, 0x73, 0x74
  .byte 0x20, 0x76, 0x61, 0x72, 0x69, 0x61, 0x6e, 0x74, 0x2c, 0x20, 0x64, 0x65, 0x73, 0x63, 0x72, 0x69
  .byte 0x70, 0x74, 0x69, 0x6f, 0x6e, 0x2c, 0x20, 0x61, 0x6e, 0x64, 0x20, 0x69, 0x6e, 0x74, 0x65, 0x72
  .byte 0x61, 0x63, 0x74, 0x69, 0x6f, 0x6e, 0x2e, 0x22, 0x0a, 0x20, 0x20, 0x20, 0x20, 0x20, 0x20, 0x20
  .byte 0x20, 0x20, 0x20, 0x70, 0x72, 0x65, 0x76, 0x69, 0x65, 0x77, 0x3d, 0x7b, 0x0a, 0x20, 0x20, 0x20
  .byte 0x20, 0x20, 0x20, 0x20, 0x20, 0x20, 0x20, 0x20, 0x20, 0x3c, 0x4c, 0x69, 0x73, 0x74, 0x73, 0x50
  .byte 0x72, 0x65, 0x76, 0x69, 0x65, 0x77, 0x0a, 0x20, 0x20, 0x20, 0x20, 0x20, 0x20, 0x20, 0x20, 0x20
  .byte 0x20, 0x20, 0x20, 0x20, 0x20, 0x76, 0x61, 0x72, 0x69, 0x61, 0x6e, 0x74, 0x3d, 0x7b, 0x76, 0x61
  .byte 0x72, 0x69, 0x61, 0x6e, 0x74, 0x7d, 0x0a, 0x20, 0x20, 0x20, 0x20, 0x20, 0x20, 0x20, 0x20, 0x20
  .byte 0x20, 0x20, 0x20, 0x20, 0x20, 0x73, 0x68, 0x6f, 0x77, 0x44, 0x65, 0x73, 0x63, 0x72, 0x69, 0x70
  .byte 0x74, 0x69, 0x6f, 0x6e, 0x3d, 0x7b, 0x73, 0x68, 0x6f, 0x77, 0x44, 0x65, 0x73, 0x63, 0x72, 0x69
  .byte 0x70, 0x74, 0x69, 0x6f, 0x6e, 0x7d, 0x0a, 0x20, 0x20, 0x20, 0x20, 0x20, 0x20, 0x20, 0x20, 0x20
  .byte 0x20, 0x20, 0x20, 0x20, 0x20, 0x69, 0x6e, 0x74, 0x65, 0x72, 0x61, 0x63, 0x74, 0x69, 0x6f, 0x6e
  .byte 0x4d, 0x6f, 0x64, 0x65, 0x3d, 0x7b, 0x69, 0x6e, 0x74, 0x65, 0x72, 0x61, 0x63, 0x74, 0x69, 0x6f
  .byte 0x6e, 0x4d, 0x6f, 0x64, 0x65, 0x7d, 0x0a, 0x20, 0x20, 0x20, 0x20, 0x20, 0x20, 0x20, 0x20, 0x20
  .byte 0x20, 0x20, 0x20, 0x2f, 0x3e, 0x0a, 0x20, 0x20, 0x20, 0x20, 0x20, 0x20, 0x20, 0x20, 0x20, 0x20
  .byte 0x7d, 0x0a, 0x20, 0x20, 0x20, 0x20, 0x20, 0x20, 0x20, 0x20, 0x20, 0x20, 0x70, 0x72, 0x6f, 0x6d
  .byte 0x70, 0x74, 0x3d, 0x7b, 0x60, 0x55, 0x73, 0x65, 0x20, 0x24, 0x7b, 0x76, 0x61, 0x72, 0x69, 0x61
  .byte 0x6e, 0x74, 0x7d, 0x20, 0x6c, 0x69, 0x73, 0x74, 0x24, 0x7b, 0x73, 0x68, 0x6f, 0x77, 0x44, 0x65
  .byte 0x73, 0x63, 0x72, 0x69, 0x70, 0x74, 0x69, 0x6f, 0x6e, 0x20, 0x3f, 0x20, 0x22, 0x20, 0x77, 0x69
  .byte 0x74, 0x68, 0x20, 0x64, 0x65, 0x73, 0x63, 0x72, 0x69, 0x70, 0x74, 0x69, 0x6f, 0x6e, 0x22, 0x20
  .byte 0x3a, 0x20, 0x22, 0x22, 0x7d, 0x24, 0x7b, 0x69, 0x6e, 0x74, 0x65, 0x72, 0x61, 0x63, 0x74, 0x69
  .byte 0x6f, 0x6e, 0x4d, 0x6f, 0x64, 0x65, 0x20, 0x3d, 0x3d, 0x3d, 0x20, 0x22, 0x63, 0x6c, 0x69, 0x63
  .byte 0x6b, 0x61, 0x62, 0x6c, 0x65, 0x22, 0x20, 0x3f, 0x20, 0x22, 0x20, 0x61, 0x6e, 0x64, 0x20, 0x63
  .byte 0x6c, 0x69, 0x63, 0x6b, 0x61, 0x62, 0x6c, 0x65, 0x20, 0x69, 0x74, 0x65, 0x6d, 0x73, 0x22, 0x20
  .byte 0x3a, 0x20, 0x22, 0x22, 0x7d, 0x20, 0x74, 0x6f, 0x20, 0x64, 0x69, 0x73, 0x70, 0x6c, 0x61, 0x79
  .byte 0x20, 0x73, 0x74, 0x72, 0x75, 0x63, 0x74, 0x75, 0x72, 0x65, 0x64, 0x20, 0x69, 0x74, 0x65, 0x6d
  .byte 0x73, 0x20, 0x77, 0x68, 0x65, 0x6e, 0x20, 0x3c, 0x65, 0x6e, 0x74, 0x65, 0x72, 0x20, 0x75, 0x73
  .byte 0x65, 0x20, 0x63, 0x61, 0x73, 0x65, 0x3e, 0x2e, 0x60, 0x7d, 0x0a, 0x20, 0x20, 0x20, 0x20, 0x20
  .byte 0x20, 0x20, 0x20, 0x20, 0x20, 0x72, 0x69, 0x67, 0x68, 0x74, 0x43, 0x6f, 0x6e, 0x74, 0x72, 0x6f
  .byte 0x6c, 0x73, 0x3d, 0x7b, 0x0a, 0x20, 0x20, 0x20, 0x20, 0x20, 0x20, 0x20, 0x20, 0x20, 0x20, 0x20
  .byte 0x20, 0x3c, 0x64, 0x69, 0x76, 0x20, 0x63, 0x6c, 0x61, 0x73, 0x73, 0x4e, 0x61, 0x6d, 0x65, 0x3d
  .byte 0x7b, 0x73, 0x74, 0x79, 0x6c, 0x65, 0x73, 0x2e, 0x63, 0x6f, 0x6e, 0x74, 0x72, 0x6f, 0x6c, 0x73
  .byte 0x50, 0x61, 0x6e, 0x65, 0x6c, 0x7d, 0x3e, 0x0a, 0x20, 0x20, 0x20, 0x20, 0x20, 0x20, 0x20, 0x20
  .byte 0x20, 0x20, 0x20, 0x20, 0x20, 0x20, 0x3c, 0x64, 0x69, 0x76, 0x20, 0x63, 0x6c, 0x61, 0x73, 0x73
  .byte 0x4e, 0x61, 0x6d, 0x65, 0x3d, 0x7b, 0x73, 0x74, 0x79, 0x6c, 0x65, 0x73, 0x2e, 0x63, 0x6f, 0x6e
  .byte 0x74, 0x72, 0x6f, 0x6c, 0x53, 0x65, 0x63, 0x74, 0x69, 0x6f, 0x6e, 0x7d, 0x3e, 0x0a, 0x20, 0x20
  .byte 0x20, 0x20, 0x20, 0x20, 0x20, 0x20, 0x20, 0x20, 0x20, 0x20, 0x20, 0x20, 0x20, 0x20, 0x3c, 0x70
  .byte 0x20, 0x63, 0x6c, 0x61, 0x73, 0x73, 0x4e, 0x61, 0x6d, 0x65, 0x3d, 0x7b, 0x73, 0x74, 0x79, 0x6c
  .byte 0x65, 0x73, 0x2e, 0x73, 0x65, 0x63, 0x74, 0x69, 0x6f, 0x6e, 0x54, 0x69, 0x74, 0x6c, 0x65, 0x7d
  .byte 0x3e, 0x56, 0x61, 0x72, 0x69, 0x61, 0x6e, 0x74, 0x3c, 0x2f, 0x70, 0x3e, 0x0a, 0x20, 0x20, 0x20
  .byte 0x20, 0x20, 0x20, 0x20, 0x20, 0x20, 0x20, 0x20, 0x20, 0x20, 0x20, 0x20, 0x20, 0x3c, 0x53, 0x65
  .byte 0x67, 0x6d, 0x65, 0x6e, 0x74, 0x65, 0x64, 0x54, 0x6f, 0x67, 0x67, 0x6c, 0x65, 0x0a, 0x20, 0x20
  .byte 0x20, 0x20, 0x20, 0x20, 0x20, 0x20, 0x20, 0x20, 0x20, 0x20, 0x20, 0x20, 0x20, 0x20, 0x20, 0x20
  .byte 0x61, 0x72, 0x69, 0x61, 0x4c, 0x61, 0x62, 0x65, 0x6c, 0x3d, 0x22, 0x54, 0x6f, 0x67, 0x67, 0x6c
  .byte 0x65, 0x20, 0x6c, 0x69, 0x73, 0x74, 0x20, 0x69, 0x6e, 0x64, 0x69, 0x63, 0x61, 0x74, 0x6f, 0x72
  .byte 0x20, 0x76, 0x61, 0x72, 0x69, 0x61, 0x6e, 0x74, 0x22, 0x0a, 0x20, 0x20, 0x20, 0x20, 0x20, 0x20
  .byte 0x20, 0x20, 0x20, 0x20, 0x20, 0x20, 0x20, 0x20, 0x20, 0x20, 0x20, 0x20, 0x76, 0x61, 0x6c, 0x75
  .byte 0x65, 0x3d, 0x7b, 0x76, 0x61, 0x72, 0x69, 0x61, 0x6e, 0x74, 0x7d, 0x0a, 0x20, 0x20, 0x20, 0x20
  .byte 0x20, 0x20, 0x20, 0x20, 0x20, 0x20, 0x20, 0x20, 0x20, 0x20, 0x20, 0x20, 0x20, 0x20, 0x6f, 0x6e
  .byte 0x43, 0x68, 0x61, 0x6e, 0x67, 0x65, 0x3d, 0x7b, 0x28, 0x76, 0x61, 0x6c, 0x75, 0x65, 0x29, 0x20
  .byte 0x3d, 0x3e, 0x20, 0x73, 0x65, 0x74, 0x56, 0x61, 0x72, 0x69, 0x61, 0x6e, 0x74, 0x28, 0x76, 0x61
  .byte 0x6c, 0x75, 0x65, 0x20, 0x61, 0x73, 0x20, 0x4c, 0x69, 0x73, 0x74, 0x56, 0x61, 0x72, 0x69, 0x61
  .byte 0x6e, 0x74, 0x29, 0x7d, 0x0a, 0x20, 0x20, 0x20, 0x20, 0x20, 0x20, 0x20, 0x20, 0x20, 0x20, 0x20
  .byte 0x20, 0x20, 0x20, 0x20, 0x20, 0x20, 0x20, 0x6f, 0x70, 0x74, 0x69, 0x6f, 0x6e, 0x73, 0x3d, 0x7b
  .byte 0x5b, 0x0a, 0x20, 0x20, 0x20, 0x20, 0x20, 0x20, 0x20, 0x20, 0x20, 0x20, 0x20, 0x20, 0x20, 0x20
  .byte 0x20, 0x20, 0x20, 0x20, 0x20, 0x20, 0x7b, 0x20, 0x6c, 0x61, 0x62, 0x65, 0x6c, 0x3a, 0x20, 0x22
  .byte 0x4e, 0x75, 0x6d, 0x62, 0x65, 0x72, 0x22, 0x2c, 0x20, 0x76, 0x61, 0x6c, 0x75, 0x65, 0x3a, 0x20
  .byte 0x22, 0x6e, 0x75, 0x6d, 0x62, 0x65, 0x72, 0x22, 0x20, 0x7d, 0x2c, 0x0a, 0x20, 0x20, 0x20, 0x20
  .byte 0x20, 0x20, 0x20, 0x20, 0x20, 0x20, 0x20, 0x20, 0x20, 0x20, 0x20, 0x20, 0x20, 0x20, 0x20, 0x20
  .byte 0x7b, 0x20, 0x6c, 0x61, 0x62, 0x65, 0x6c, 0x3a, 0x20, 0x22, 0x49, 0x63, 0x6f, 0x6e, 0x22, 0x2c
  .byte 0x20, 0x76, 0x61, 0x6c, 0x75, 0x65, 0x3a, 0x20, 0x22, 0x69, 0x63, 0x6f, 0x6e, 0x22, 0x20, 0x7d
  .byte 0x2c, 0x0a, 0x20, 0x20, 0x20, 0x20, 0x20, 0x20, 0x20, 0x20, 0x20, 0x20, 0x20, 0x20, 0x20, 0x20
  .byte 0x20, 0x20, 0x20, 0x20, 0x20, 0x20, 0x7b, 0x20, 0x6c, 0x61, 0x62, 0x65, 0x6c, 0x3a, 0x20, 0x22
  .byte 0x49, 0x6d, 0x61, 0x67, 0x65, 0x22, 0x2c, 0x20, 0x76, 0x61, 0x6c, 0x75, 0x65, 0x3a, 0x20, 0x22
  .byte 0x69, 0x6d, 0x61, 0x67, 0x65, 0x22, 0x20, 0x7d, 0x2c, 0x0a, 0x20, 0x20, 0x20, 0x20, 0x20, 0x20
  .byte 0x20, 0x20, 0x20, 0x20, 0x20, 0x20, 0x20, 0x20, 0x20, 0x20, 0x20, 0x20, 0x5d, 0x7d, 0x0a, 0x20
  .byte 0x20, 0x20, 0x20, 0x20, 0x20, 0x20, 0x20, 0x20, 0x20, 0x20, 0x20, 0x20, 0x20, 0x20, 0x20, 0x2f
  .byte 0x3e, 0x0a, 0x20, 0x20, 0x20, 0x20, 0x20, 0x20, 0x20, 0x20, 0x20, 0x20, 0x20, 0x20, 0x20, 0x20
  .byte 0x3c, 0x2f, 0x64, 0x69, 0x76, 0x3e, 0x0a, 0x0a, 0x20, 0x20, 0x20, 0x20, 0x20, 0x20, 0x20, 0x20
  .byte 0x20, 0x20, 0x20, 0x20, 0x20, 0x20, 0x3c, 0x64, 0x69, 0x76, 0x20, 0x63, 0x6c, 0x61, 0x73, 0x73
  .byte 0x4e, 0x61, 0x6d, 0x65, 0x3d, 0x7b, 0x73, 0x74, 0x79, 0x6c, 0x65, 0x73, 0x2e, 0x63, 0x6f, 0x6e
  .byte 0x74, 0x72, 0x6f, 0x6c, 0x53, 0x65, 0x63, 0x74, 0x69, 0x6f, 0x6e, 0x7d, 0x3e, 0x0a, 0x20, 0x20
  .byte 0x20, 0x20, 0x20, 0x20, 0x20, 0x20, 0x20, 0x20, 0x20, 0x20, 0x20, 0x20, 0x20, 0x20, 0x3c, 0x70
  .byte 0x20, 0x63, 0x6c, 0x61, 0x73, 0x73, 0x4e, 0x61, 0x6d, 0x65, 0x3d, 0x7b, 0x73, 0x74, 0x79, 0x6c
  .byte 0x65, 0x73, 0x2e, 0x73, 0x65, 0x63, 0x74, 0x69, 0x6f, 0x6e, 0x54, 0x69, 0x74, 0x6c, 0x65, 0x7d
  .byte 0x3e, 0x44, 0x65, 0x73, 0x63, 0x72, 0x69, 0x70, 0x74, 0x69, 0x6f, 0x6e, 0x3c, 0x2f, 0x70, 0x3e
  .byte 0x0a, 0x20, 0x20, 0x20, 0x20, 0x20, 0x20, 0x20, 0x20, 0x20, 0x20, 0x20, 0x20, 0x20, 0x20, 0x20
  .byte 0x20, 0x3c, 0x53, 0x65, 0x67, 0x6d, 0x65, 0x6e, 0x74, 0x65, 0x64, 0x54, 0x6f, 0x67, 0x67, 0x6c
  .byte 0x65, 0x0a, 0x20, 0x20, 0x20, 0x20, 0x20, 0x20, 0x20, 0x20, 0x20, 0x20, 0x20, 0x20, 0x20, 0x20
  .byte 0x20, 0x20, 0x20, 0x20, 0x61, 0x72, 0x69, 0x61, 0x4c, 0x61, 0x62, 0x65, 0x6c, 0x3d, 0x22, 0x54
  .byte 0x6f, 0x67, 0x67, 0x6c, 0x65, 0x20, 0x64, 0x65, 0x73, 0x63, 0x72, 0x69, 0x70, 0x74, 0x69, 0x6f
  .byte 0x6e, 0x20, 0x76, 0x69, 0x73, 0x69, 0x62, 0x69, 0x6c, 0x69, 0x74, 0x79, 0x22, 0x0a, 0x20, 0x20
  .byte 0x20, 0x20, 0x20, 0x20, 0x20, 0x20, 0x20, 0x20, 0x20, 0x20, 0x20, 0x20, 0x20, 0x20, 0x20, 0x20
  .byte 0x76, 0x61, 0x6c, 0x75, 0x65, 0x3d, 0x7b, 0x64, 0x65, 0x73, 0x63, 0x72, 0x69, 0x70, 0x74, 0x69
  .byte 0x6f, 0x6e, 0x7d, 0x0a, 0x20, 0x20, 0x20, 0x20, 0x20, 0x20, 0x20, 0x20, 0x20, 0x20, 0x20, 0x20
  .byte 0x20, 0x20, 0x20, 0x20, 0x20, 0x20, 0x6f, 0x6e, 0x43, 0x68, 0x61, 0x6e, 0x67, 0x65, 0x3d, 0x7b
  .byte 0x28, 0x76, 0x61, 0x6c, 0x75, 0x65, 0x29, 0x20, 0x3d, 0x3e, 0x20, 0x73, 0x65, 0x74, 0x44, 0x65
  .byte 0x73, 0x63, 0x72, 0x69, 0x70, 0x74, 0x69, 0x6f, 0x6e, 0x28, 0x76, 0x61, 0x6c, 0x75, 0x65, 0x20
  .byte 0x61, 0x73, 0x20, 0x22, 0x73, 0x68, 0x6f, 0x77, 0x22, 0x20, 0x7c, 0x20, 0x22, 0x68, 0x69, 0x64
  .byte 0x65, 0x22, 0x29, 0x7d, 0x0a, 0x20, 0x20, 0x20, 0x20, 0x20, 0x20, 0x20, 0x20, 0x20, 0x20, 0x20
  .byte 0x20, 0x20, 0x20, 0x20, 0x20, 0x20, 0x20, 0x6f, 0x70, 0x74, 0x69, 0x6f, 0x6e, 0x73, 0x3d, 0x7b
  .byte 0x5b, 0x0a, 0x20, 0x20, 0x20, 0x20, 0x20, 0x20, 0x20, 0x20, 0x20, 0x20, 0x20, 0x20, 0x20, 0x20
  .byte 0x20, 0x20, 0x20, 0x20, 0x20, 0x20, 0x7b, 0x20, 0x6c, 0x61, 0x62, 0x65, 0x6c, 0x3a, 0x20, 0x22
  .byte 0x53, 0x68, 0x6f, 0x77, 0x22, 0x2c, 0x20, 0x76, 0x61, 0x6c, 0x75, 0x65, 0x3a, 0x20, 0x22, 0x73
  .byte 0x68, 0x6f, 0x77, 0x22, 0x20, 0x7d, 0x2c, 0x0a, 0x20, 0x20, 0x20, 0x20, 0x20, 0x20, 0x20, 0x20
  .byte 0x20, 0x20, 0x20, 0x20, 0x20, 0x20, 0x20, 0x20, 0x20, 0x20, 0x20, 0x20, 0x7b, 0x20, 0x6c, 0x61
  .byte 0x62, 0x65, 0x6c, 0x3a, 0x20, 0x22, 0x48, 0x69, 0x64, 0x65, 0x22, 0x2c, 0x20, 0x76, 0x61, 0x6c
  .byte 0x75, 0x65, 0x3a, 0x20, 0x22, 0x68, 0x69, 0x64, 0x65, 0x22, 0x20, 0x7d, 0x2c, 0x0a, 0x20, 0x20
  .byte 0x20, 0x20, 0x20, 0x20, 0x20, 0x20, 0x20, 0x20, 0x20, 0x20, 0x20, 0x20, 0x20, 0x20, 0x20, 0x20
  .byte 0x5d, 0x7d, 0x0a, 0x20, 0x20, 0x20, 0x20, 0x20, 0x20, 0x20, 0x20, 0x20, 0x20, 0x20, 0x20, 0x20
  .byte 0x20, 0x20, 0x20, 0x2f, 0x3e, 0x0a, 0x20, 0x20, 0x20, 0x20, 0x20, 0x20, 0x20, 0x20, 0x20, 0x20
  .byte 0x20, 0x20, 0x20, 0x20, 0x3c, 0x2f, 0x64, 0x69, 0x76, 0x3e, 0x0a, 0x0a, 0x20, 0x20, 0x20, 0x20
  .byte 0x20, 0x20, 0x20, 0x20, 0x20, 0x20, 0x20, 0x20, 0x20, 0x20, 0x3c, 0x64, 0x69, 0x76, 0x20, 0x63
  .byte 0x6c, 0x61, 0x73, 0x73, 0x4e, 0x61, 0x6d, 0x65, 0x3d, 0x7b, 0x73, 0x74, 0x79, 0x6c, 0x65, 0x73
  .byte 0x2e, 0x63, 0x6f, 0x6e, 0x74, 0x72, 0x6f, 0x6c, 0x53, 0x65, 0x63, 0x74, 0x69, 0x6f, 0x6e, 0x7d
  .byte 0x3e, 0x0a, 0x20, 0x20, 0x20, 0x20, 0x20, 0x20, 0x20, 0x20, 0x20, 0x20, 0x20, 0x20, 0x20, 0x20
  .byte 0x20, 0x20, 0x3c, 0x70, 0x20, 0x63, 0x6c, 0x61, 0x73, 0x73, 0x4e, 0x61, 0x6d, 0x65, 0x3d, 0x7b
  .byte 0x73, 0x74, 0x79, 0x6c, 0x65, 0x73, 0x2e, 0x73, 0x65, 0x63, 0x74, 0x69, 0x6f, 0x6e, 0x54, 0x69
  .byte 0x74, 0x6c, 0x65, 0x7d, 0x3e, 0x49, 0x6e, 0x74, 0x65, 0x72, 0x61, 0x63, 0x74, 0x69, 0x6f, 0x6e
  .byte 0x3c, 0x2f, 0x70, 0x3e, 0x0a, 0x20, 0x20, 0x20, 0x20, 0x20, 0x20, 0x20, 0x20, 0x20, 0x20, 0x20
  .byte 0x20, 0x20, 0x20, 0x20, 0x20, 0x3c, 0x53, 0x65, 0x67, 0x6d, 0x65, 0x6e, 0x74, 0x65, 0x64, 0x54
  .byte 0x6f, 0x67, 0x67, 0x6c, 0x65, 0x0a, 0x20, 0x20, 0x20, 0x20, 0x20, 0x20, 0x20, 0x20, 0x20, 0x20
  .byte 0x20, 0x20, 0x20, 0x20, 0x20, 0x20, 0x20, 0x20, 0x61, 0x72, 0x69, 0x61, 0x4c, 0x61, 0x62, 0x65
  .byte 0x6c, 0x3d, 0x22, 0x54, 0x6f, 0x67, 0x67, 0x6c, 0x65, 0x20, 0x6c, 0x69, 0x73, 0x74, 0x20, 0x69
  .byte 0x6e, 0x74, 0x65, 0x72, 0x61, 0x63, 0x74, 0x69, 0x6f, 0x6e, 0x20, 0x6d, 0x6f, 0x64, 0x65, 0x22
  .byte 0x0a, 0x20, 0x20, 0x20, 0x20, 0x20, 0x20, 0x20, 0x20, 0x20, 0x20, 0x20, 0x20, 0x20, 0x20, 0x20
  .byte 0x20, 0x20, 0x20, 0x76, 0x61, 0x6c, 0x75, 0x65, 0x3d, 0x7b, 0x69, 0x6e, 0x74, 0x65, 0x72, 0x61
  .byte 0x63, 0x74, 0x69, 0x6f, 0x6e, 0x4d, 0x6f, 0x64, 0x65, 0x7d, 0x0a, 0x20, 0x20, 0x20, 0x20, 0x20
  .byte 0x20, 0x20, 0x20, 0x20, 0x20, 0x20, 0x20, 0x20, 0x20, 0x20, 0x20, 0x20, 0x20, 0x6f, 0x6e, 0x43
  .byte 0x68, 0x61, 0x6e, 0x67, 0x65, 0x3d, 0x7b, 0x28, 0x76, 0x61, 0x6c, 0x75, 0x65, 0x29, 0x20, 0x3d
  .byte 0x3e, 0x20, 0x73, 0x65, 0x74, 0x49, 0x6e, 0x74, 0x65, 0x72, 0x61, 0x63, 0x74, 0x69, 0x6f, 0x6e
  .byte 0x4d, 0x6f, 0x64, 0x65, 0x28, 0x76, 0x61, 0x6c, 0x75, 0x65, 0x20, 0x61, 0x73, 0x20, 0x4c, 0x69
  .byte 0x73, 0x74, 0x49, 0x6e, 0x74, 0x65, 0x72, 0x61, 0x63, 0x74, 0x69, 0x6f, 0x6e, 0x4d, 0x6f, 0x64
  .byte 0x65, 0x29, 0x7d, 0x0a, 0x20, 0x20, 0x20, 0x20, 0x20, 0x20, 0x20, 0x20, 0x20, 0x20, 0x20, 0x20
  .byte 0x20, 0x20, 0x20, 0x20, 0x20, 0x20, 0x6f, 0x70, 0x74, 0x69, 0x6f, 0x6e, 0x73, 0x3d, 0x7b, 0x5b
  .byte 0x0a, 0x20, 0x20, 0x20, 0x20, 0x20, 0x20, 0x20, 0x20, 0x20, 0x20, 0x20, 0x20, 0x20, 0x20, 0x20
  .byte 0x20, 0x20, 0x20, 0x20, 0x20, 0x7b, 0x20, 0x6c, 0x61, 0x62, 0x65, 0x6c, 0x3a, 0x20, 0x22, 0x53
  .byte 0x74, 0x61, 0x74, 0x69, 0x63, 0x22, 0x2c, 0x20, 0x76, 0x61, 0x6c, 0x75, 0x65, 0x3a, 0x20, 0x22
  .byte 0x73, 0x74, 0x61, 0x74, 0x69, 0x63, 0x22, 0x20, 0x7d, 0x2c, 0x0a, 0x20, 0x20, 0x20, 0x20, 0x20
  .byte 0x20, 0x20, 0x20, 0x20, 0x20, 0x20, 0x20, 0x20, 0x20, 0x20, 0x20, 0x20, 0x20, 0x20, 0x20, 0x7b
  .byte 0x20, 0x6c, 0x61, 0x62, 0x65, 0x6c, 0x3a, 0x20, 0x22, 0x43, 0x6c, 0x69, 0x63, 0x6b, 0x61, 0x62
  .byte 0x6c, 0x65, 0x22, 0x2c, 0x20, 0x76, 0x61, 0x6c, 0x75, 0x65, 0x3a, 0x20, 0x22, 0x63, 0x6c, 0x69
  .byte 0x63, 0x6b, 0x61, 0x62, 0x6c, 0x65, 0x22, 0x20, 0x7d, 0x2c, 0x0a, 0x20, 0x20, 0x20, 0x20, 0x20
  .byte 0x20, 0x20, 0x20, 0x20, 0x20, 0x20, 0x20, 0x20, 0x20, 0x20, 0x20, 0x20, 0x20, 0x5d, 0x7d, 0x0a
  .byte 0x20, 0x20, 0x20, 0x20, 0x20, 0x20, 0x20, 0x20, 0x20, 0x20, 0x20, 0x20, 0x20, 0x20, 0x20, 0x20
  .byte 0x2f, 0x3e, 0x0a, 0x20, 0x20, 0x20, 0x20, 0x20, 0x20, 0x20, 0x20, 0x20, 0x20, 0x20, 0x20, 0x20
  .byte 0x20, 0x3c, 0x2f, 0x64, 0x69, 0x76, 0x3e, 0x0a, 0x20, 0x20, 0x20, 0x20, 0x20, 0x20, 0x20, 0x20
  .byte 0x20, 0x20, 0x20, 0x20, 0x3c, 0x2f, 0x64, 0x69, 0x76, 0x3e, 0x0a, 0x20, 0x20, 0x20, 0x20, 0x20
  .byte 0x20, 0x20, 0x20, 0x20, 0x20, 0x7d, 0x0a, 0x20, 0x20, 0x20, 0x20, 0x20, 0x20, 0x20, 0x20, 0x2f
  .byte 0x3e, 0x0a, 0x20, 0x20, 0x20, 0x20, 0x20, 0x20, 0x3c, 0x2f, 0x50, 0x72, 0x65, 0x76, 0x69, 0x65
  .byte 0x77, 0x53, 0x65, 0x63, 0x74, 0x69, 0x6f, 0x6e, 0x3e, 0x0a, 0x20, 0x20, 0x20, 0x20, 0x3c, 0x2f
  .byte 0x50, 0x72, 0x65, 0x76, 0x69, 0x65, 0x77, 0x50, 0x61, 0x67, 0x65, 0x3e, 0x0a, 0x20, 0x20, 0x29
  .byte 0x3b, 0x0a, 0x7d, 0x0a

  .globl openui_full_port_docs_app_components_blocks_lists_page_tsx_cdd86388bdf2_pass_3_len
openui_full_port_docs_app_components_blocks_lists_page_tsx_cdd86388bdf2_pass_3_len:
  .quad 5716

# assembly pass: 4/4
  .globl openui_full_port_docs_app_components_blocks_lists_page_tsx_cdd86388bdf2_pass_4
openui_full_port_docs_app_components_blocks_lists_page_tsx_cdd86388bdf2_pass_4:
  .byte 0x22, 0x75, 0x73, 0x65, 0x20, 0x63, 0x6c, 0x69, 0x65, 0x6e, 0x74, 0x22, 0x3b, 0x0a, 0x0a, 0x69
  .byte 0x6d, 0x70, 0x6f, 0x72, 0x74, 0x20, 0x7b, 0x0a, 0x20, 0x20, 0x42, 0x6c, 0x6f, 0x63, 0x6b, 0x56
  .byte 0x61, 0x72, 0x69, 0x61, 0x6e, 0x74, 0x50, 0x72, 0x65, 0x76, 0x69, 0x65, 0x77, 0x2c, 0x0a, 0x20
  .byte 0x20, 0x50, 0x72, 0x65, 0x76, 0x69, 0x65, 0x77, 0x50, 0x61, 0x67, 0x65, 0x2c, 0x0a, 0x20, 0x20
  .byte 0x50, 0x72, 0x65, 0x76, 0x69, 0x65, 0x77, 0x53, 0x65, 0x63, 0x74, 0x69, 0x6f, 0x6e, 0x2c, 0x0a
  .byte 0x20, 0x20, 0x53, 0x65, 0x67, 0x6d, 0x65, 0x6e, 0x74, 0x65, 0x64, 0x54, 0x6f, 0x67, 0x67, 0x6c
  .byte 0x65, 0x2c, 0x0a, 0x7d, 0x20, 0x66, 0x72, 0x6f, 0x6d, 0x20, 0x22, 0x40, 0x63, 0x6f, 0x6d, 0x70
  .byte 0x6f, 0x6e, 0x65, 0x6e, 0x74, 0x73, 0x2f, 0x63, 0x6f, 0x6d, 0x70, 0x6f, 0x6e, 0x65, 0x6e, 0x74
  .byte 0x73, 0x2f, 0x70, 0x72, 0x65, 0x76, 0x69, 0x65, 0x77, 0x22, 0x3b, 0x0a, 0x69, 0x6d, 0x70, 0x6f
  .byte 0x72, 0x74, 0x20, 0x7b, 0x20, 0x4c, 0x69, 0x73, 0x74, 0x42, 0x6c, 0x6f, 0x63, 0x6b, 0x2c, 0x20
  .byte 0x4c, 0x69, 0x73, 0x74, 0x49, 0x74, 0x65, 0x6d, 0x20, 0x7d, 0x20, 0x66, 0x72, 0x6f, 0x6d, 0x20
  .byte 0x22, 0x40, 0x6f, 0x70, 0x65, 0x6e, 0x75, 0x69, 0x64, 0x65, 0x76, 0x2f, 0x72, 0x65, 0x61, 0x63
  .byte 0x74, 0x2d, 0x75, 0x69, 0x22, 0x3b, 0x0a, 0x69, 0x6d, 0x70, 0x6f, 0x72, 0x74, 0x20, 0x7b, 0x20
  .byte 0x43, 0x68, 0x65, 0x76, 0x72, 0x6f, 0x6e, 0x52, 0x69, 0x67, 0x68, 0x74, 0x2c, 0x20, 0x46, 0x69
  .byte 0x6c, 0x65, 0x54, 0x65, 0x78, 0x74, 0x2c, 0x20, 0x47, 0x6c, 0x6f, 0x62, 0x65, 0x2c, 0x20, 0x4c
  .byte 0x61, 0x79, 0x6f, 0x75, 0x74, 0x50, 0x61, 0x6e, 0x65, 0x6c, 0x54, 0x6f, 0x70, 0x20, 0x7d, 0x20
  .byte 0x66, 0x72, 0x6f, 0x6d, 0x20, 0x22, 0x6c, 0x75, 0x63, 0x69, 0x64, 0x65, 0x2d, 0x72, 0x65, 0x61
  .byte 0x63, 0x74, 0x22, 0x3b, 0x0a, 0x69, 0x6d, 0x70, 0x6f, 0x72, 0x74, 0x20, 0x7b, 0x20, 0x75, 0x73
  .byte 0x65, 0x4d, 0x65, 0x6d, 0x6f, 0x2c, 0x20, 0x75, 0x73, 0x65, 0x53, 0x74, 0x61, 0x74, 0x65, 0x20
  .byte 0x7d, 0x20, 0x66, 0x72, 0x6f, 0x6d, 0x20, 0x22, 0x72, 0x65, 0x61, 0x63, 0x74, 0x22, 0x3b, 0x0a
  .byte 0x69, 0x6d, 0x70, 0x6f, 0x72, 0x74, 0x20, 0x73, 0x74, 0x79, 0x6c, 0x65, 0x73, 0x20, 0x66, 0x72
  .byte 0x6f, 0x6d, 0x20, 0x22, 0x2e, 0x2f, 0x70, 0x61, 0x67, 0x65, 0x2e, 0x6d, 0x6f, 0x64, 0x75, 0x6c
  .byte 0x65, 0x2e, 0x63, 0x73, 0x73, 0x22, 0x3b, 0x0a, 0x0a, 0x74, 0x79, 0x70, 0x65, 0x20, 0x4c, 0x69
  .byte 0x73, 0x74, 0x56, 0x61, 0x72, 0x69, 0x61, 0x6e, 0x74, 0x20, 0x3d, 0x20, 0x22, 0x6e, 0x75, 0x6d
  .byte 0x62, 0x65, 0x72, 0x22, 0x20, 0x7c, 0x20, 0x22, 0x69, 0x63, 0x6f, 0x6e, 0x22, 0x20, 0x7c, 0x20
  .byte 0x22, 0x69, 0x6d, 0x61, 0x67, 0x65, 0x22, 0x3b, 0x0a, 0x74, 0x79, 0x70, 0x65, 0x20, 0x4c, 0x69
  .byte 0x73, 0x74, 0x49, 0x6e, 0x74, 0x65, 0x72, 0x61, 0x63, 0x74, 0x69, 0x6f, 0x6e, 0x4d, 0x6f, 0x64
  .byte 0x65, 0x20, 0x3d, 0x20, 0x22, 0x73, 0x74, 0x61, 0x74, 0x69, 0x63, 0x22, 0x20, 0x7c, 0x20, 0x22
  .byte 0x63, 0x6c, 0x69, 0x63, 0x6b, 0x61, 0x62, 0x6c, 0x65, 0x22, 0x3b, 0x0a, 0x0a, 0x66, 0x75, 0x6e
  .byte 0x63, 0x74, 0x69, 0x6f, 0x6e, 0x20, 0x4c, 0x69, 0x73, 0x74, 0x73, 0x50, 0x72, 0x65, 0x76, 0x69
  .byte 0x65, 0x77, 0x28, 0x7b, 0x0a, 0x20, 0x20, 0x76, 0x61, 0x72, 0x69, 0x61, 0x6e, 0x74, 0x2c, 0x0a
  .byte 0x20, 0x20, 0x73, 0x68, 0x6f, 0x77, 0x44, 0x65, 0x73, 0x63, 0x72, 0x69, 0x70, 0x74, 0x69, 0x6f
  .byte 0x6e, 0x2c, 0x0a, 0x20, 0x20, 0x69, 0x6e, 0x74, 0x65, 0x72, 0x61, 0x63, 0x74, 0x69, 0x6f, 0x6e
  .byte 0x4d, 0x6f, 0x64, 0x65, 0x2c, 0x0a, 0x7d, 0x3a, 0x20, 0x7b, 0x0a, 0x20, 0x20, 0x76, 0x61, 0x72
  .byte 0x69, 0x61, 0x6e, 0x74, 0x3a, 0x20, 0x4c, 0x69, 0x73, 0x74, 0x56, 0x61, 0x72, 0x69, 0x61, 0x6e
  .byte 0x74, 0x3b, 0x0a, 0x20, 0x20, 0x73, 0x68, 0x6f, 0x77, 0x44, 0x65, 0x73, 0x63, 0x72, 0x69, 0x70
  .byte 0x74, 0x69, 0x6f, 0x6e, 0x3a, 0x20, 0x62, 0x6f, 0x6f, 0x6c, 0x65, 0x61, 0x6e, 0x3b, 0x0a, 0x20
  .byte 0x20, 0x69, 0x6e, 0x74, 0x65, 0x72, 0x61, 0x63, 0x74, 0x69, 0x6f, 0x6e, 0x4d, 0x6f, 0x64, 0x65
  .byte 0x3a, 0x20, 0x4c, 0x69, 0x73, 0x74, 0x49, 0x6e, 0x74, 0x65, 0x72, 0x61, 0x63, 0x74, 0x69, 0x6f
  .byte 0x6e, 0x4d, 0x6f, 0x64, 0x65, 0x3b, 0x0a, 0x7d, 0x29, 0x20, 0x7b, 0x0a, 0x20, 0x20, 0x63, 0x6f
  .byte 0x6e, 0x73, 0x74, 0x20, 0x64, 0x65, 0x73, 0x63, 0x72, 0x69, 0x70, 0x74, 0x69, 0x6f, 0x6e, 0x46
  .byte 0x6f, 0x72, 0x20, 0x3d, 0x20, 0x28, 0x74, 0x65, 0x78, 0x74, 0x3a, 0x20, 0x73, 0x74, 0x72, 0x69
  .byte 0x6e, 0x67, 0x29, 0x20, 0x3d, 0x3e, 0x20, 0x28, 0x73, 0x68, 0x6f, 0x77, 0x44, 0x65, 0x73, 0x63
  .byte 0x72, 0x69, 0x70, 0x74, 0x69, 0x6f, 0x6e, 0x20, 0x3f, 0x20, 0x74, 0x65, 0x78, 0x74, 0x20, 0x3a
  .byte 0x20, 0x75, 0x6e, 0x64, 0x65, 0x66, 0x69, 0x6e, 0x65, 0x64, 0x29, 0x3b, 0x0a, 0x0a, 0x20, 0x20
  .byte 0x63, 0x6f, 0x6e, 0x73, 0x74, 0x20, 0x63, 0x6f, 0x6d, 0x6d, 0x6f, 0x6e, 0x41, 0x63, 0x74, 0x69
  .byte 0x6f, 0x6e, 0x50, 0x72, 0x6f, 0x70, 0x73, 0x20, 0x3d, 0x20, 0x75, 0x73, 0x65, 0x4d, 0x65, 0x6d
  .byte 0x6f, 0x28, 0x28, 0x29, 0x20, 0x3d, 0x3e, 0x20, 0x7b, 0x0a, 0x20, 0x20, 0x20, 0x20, 0x69, 0x66
  .byte 0x20, 0x28, 0x69, 0x6e, 0x74, 0x65, 0x72, 0x61, 0x63, 0x74, 0x69, 0x6f, 0x6e, 0x4d, 0x6f, 0x64
  .byte 0x65, 0x20, 0x3d, 0x3d, 0x3d, 0x20, 0x22, 0x73, 0x74, 0x61, 0x74, 0x69, 0x63, 0x22, 0x29, 0x20
  .byte 0x7b, 0x0a, 0x20, 0x20, 0x20, 0x20, 0x20, 0x20, 0x72, 0x65, 0x74, 0x75, 0x72, 0x6e, 0x20, 0x7b
  .byte 0x7d, 0x3b, 0x0a, 0x20, 0x20, 0x20, 0x20, 0x7d, 0x0a, 0x20, 0x20, 0x20, 0x20, 0x72, 0x65, 0x74
  .byte 0x75, 0x72, 0x6e, 0x20, 0x7b, 0x0a, 0x20, 0x20, 0x20, 0x20, 0x20, 0x20, 0x61, 0x63, 0x74, 0x69
  .byte 0x6f, 0x6e, 0x49, 0x63, 0x6f, 0x6e, 0x3a, 0x20, 0x3c, 0x43, 0x68, 0x65, 0x76, 0x72, 0x6f, 0x6e
  .byte 0x52, 0x69, 0x67, 0x68, 0x74, 0x20, 0x73, 0x69, 0x7a, 0x65, 0x3d, 0x7b, 0x31, 0x36, 0x7d, 0x20
  .byte 0x2f, 0x3e, 0x2c, 0x0a, 0x20, 0x20, 0x20, 0x20, 0x20, 0x20, 0x6f, 0x6e, 0x43, 0x6c, 0x69, 0x63
  .byte 0x6b, 0x3a, 0x20, 0x28, 0x29, 0x20, 0x3d, 0x3e, 0x20, 0x75, 0x6e, 0x64, 0x65, 0x66, 0x69, 0x6e
  .byte 0x65, 0x64, 0x2c, 0x0a, 0x20, 0x20, 0x20, 0x20, 0x7d, 0x3b, 0x0a, 0x20, 0x20, 0x7d, 0x2c, 0x20
  .byte 0x5b, 0x69, 0x6e, 0x74, 0x65, 0x72, 0x61, 0x63, 0x74, 0x69, 0x6f, 0x6e, 0x4d, 0x6f, 0x64, 0x65
  .byte 0x5d, 0x29, 0x3b, 0x0a, 0x0a, 0x20, 0x20, 0x72, 0x65, 0x74, 0x75, 0x72, 0x6e, 0x20, 0x28, 0x0a
  .byte 0x20, 0x20, 0x20, 0x20, 0x3c, 0x64, 0x69, 0x76, 0x20, 0x63, 0x6c, 0x61, 0x73, 0x73, 0x4e, 0x61
  .byte 0x6d, 0x65, 0x3d, 0x7b, 0x73, 0x74, 0x79, 0x6c, 0x65, 0x73, 0x2e, 0x70, 0x72, 0x65, 0x76, 0x69
  .byte 0x65, 0x77, 0x57, 0x72, 0x61, 0x70, 0x70, 0x65, 0x72, 0x7d, 0x3e, 0x0a, 0x20, 0x20, 0x20, 0x20
  .byte 0x20, 0x20, 0x3c, 0x64, 0x69, 0x76, 0x20, 0x63, 0x6c, 0x61, 0x73, 0x73, 0x4e, 0x61, 0x6d, 0x65
  .byte 0x3d, 0x7b, 0x73, 0x74, 0x79, 0x6c, 0x65, 0x73, 0x2e, 0x70, 0x72, 0x65, 0x76, 0x69, 0x65, 0x77
  .byte 0x49, 0x6e, 0x6e, 0x65, 0x72, 0x7d, 0x3e, 0x0a, 0x20, 0x20, 0x20, 0x20, 0x20, 0x20, 0x20, 0x20
  .byte 0x3c, 0x4c, 0x69, 0x73, 0x74, 0x42, 0x6c, 0x6f, 0x63, 0x6b, 0x20, 0x76, 0x61, 0x72, 0x69, 0x61
  .byte 0x6e, 0x74, 0x3d, 0x7b, 0x76, 0x61, 0x72, 0x69, 0x61, 0x6e, 0x74, 0x7d, 0x3e, 0x0a, 0x20, 0x20
  .byte 0x20, 0x20, 0x20, 0x20, 0x20, 0x20, 0x20, 0x20, 0x3c, 0x4c, 0x69, 0x73, 0x74, 0x49, 0x74, 0x65
  .byte 0x6d, 0x0a, 0x20, 0x20, 0x20, 0x20, 0x20, 0x20, 0x20, 0x20, 0x20, 0x20, 0x20, 0x20, 0x76, 0x61
  .byte 0x72, 0x69, 0x61, 0x6e, 0x74, 0x3d, 0x7b, 0x76, 0x61, 0x72, 0x69, 0x61, 0x6e, 0x74, 0x7d, 0x0a
  .byte 0x20, 0x20, 0x20, 0x20, 0x20, 0x20, 0x20, 0x20, 0x20, 0x20, 0x20, 0x20, 0x69, 0x6e, 0x64, 0x65
  .byte 0x78, 0x3d, 0x7b, 0x30, 0x7d, 0x0a, 0x20, 0x20, 0x20, 0x20, 0x20, 0x20, 0x20, 0x20, 0x20, 0x20
  .byte 0x20, 0x20, 0x6c, 0x69, 0x73, 0x74, 0x48, 0x61, 0x73, 0x53, 0x75, 0x62, 0x74, 0x69, 0x74, 0x6c
  .byte 0x65, 0x3d, 0x7b, 0x73, 0x68, 0x6f, 0x77, 0x44, 0x65, 0x73, 0x63, 0x72, 0x69, 0x70, 0x74, 0x69
  .byte 0x6f, 0x6e, 0x7d, 0x0a, 0x20, 0x20, 0x20, 0x20, 0x20, 0x20, 0x20, 0x20, 0x20, 0x20, 0x20, 0x20
  .byte 0x69, 0x63, 0x6f, 0x6e, 0x3d, 0x7b, 0x76, 0x61, 0x72, 0x69, 0x61, 0x6e, 0x74, 0x20, 0x3d, 0x3d
  .byte 0x3d, 0x20, 0x22, 0x69, 0x63, 0x6f, 0x6e, 0x22, 0x20, 0x3f, 0x20, 0x3c, 0x46, 0x69, 0x6c, 0x65
  .byte 0x54, 0x65, 0x78, 0x74, 0x20, 0x73, 0x69, 0x7a, 0x65, 0x3d, 0x7b, 0x31, 0x36, 0x7d, 0x20, 0x2f
  .byte 0x3e, 0x20, 0x3a, 0x20, 0x75, 0x6e, 0x64, 0x65, 0x66, 0x69, 0x6e, 0x65, 0x64, 0x7d, 0x0a, 0x20
  .byte 0x20, 0x20, 0x20, 0x20, 0x20, 0x20, 0x20, 0x20, 0x20, 0x20, 0x20, 0x69, 0x6d, 0x61, 0x67, 0x65
  .byte 0x3d, 0x7b, 0x76, 0x61, 0x72, 0x69, 0x61, 0x6e, 0x74, 0x20, 0x3d, 0x3d, 0x3d, 0x20, 0x22, 0x69
  .byte 0x6d, 0x61, 0x67, 0x65, 0x22, 0x20, 0x3f, 0x20, 0x7b, 0x20, 0x73, 0x72, 0x63, 0x3a, 0x20, 0x22
  .byte 0x2f, 0x66, 0x69, 0x6c, 0x65, 0x2e, 0x73, 0x76, 0x67, 0x22, 0x2c, 0x20, 0x61, 0x6c, 0x74, 0x3a
  .byte 0x20, 0x22, 0x46, 0x69, 0x6c, 0x65, 0x22, 0x20, 0x7d, 0x20, 0x3a, 0x20, 0x75, 0x6e, 0x64, 0x65
  .byte 0x66, 0x69, 0x6e, 0x65, 0x64, 0x7d, 0x0a, 0x20, 0x20, 0x20, 0x20, 0x20, 0x20, 0x20, 0x20, 0x20
  .byte 0x20, 0x20, 0x20, 0x74, 0x69, 0x74, 0x6c, 0x65, 0x3d, 0x22, 0x43, 0x6f, 0x6e, 0x6e, 0x65, 0x63
  .byte 0x74, 0x20, 0x79, 0x6f, 0x75, 0x72, 0x20, 0x64, 0x61, 0x74, 0x61, 0x22, 0x0a, 0x20, 0x20, 0x20
  .byte 0x20, 0x20, 0x20, 0x20, 0x20, 0x20, 0x20, 0x20, 0x20, 0x73, 0x75, 0x62, 0x74, 0x69, 0x74, 0x6c
  .byte 0x65, 0x3d, 0x7b, 0x64, 0x65, 0x73, 0x63, 0x72, 0x69, 0x70, 0x74, 0x69, 0x6f, 0x6e, 0x46, 0x6f
  .byte 0x72, 0x28, 0x22, 0x4c, 0x69, 0x6e, 0x6b, 0x20, 0x79, 0x6f, 0x75, 0x72, 0x20, 0x64, 0x61, 0x74
  .byte 0x61, 0x62, 0x61, 0x73, 0x65, 0x20, 0x6f, 0x72, 0x20, 0x75, 0x70, 0x6c, 0x6f, 0x61, 0x64, 0x20
  .byte 0x61, 0x20, 0x43, 0x53, 0x56, 0x20, 0x74, 0x6f, 0x20, 0x67, 0x65, 0x74, 0x20, 0x73, 0x74, 0x61
  .byte 0x72, 0x74, 0x65, 0x64, 0x2e, 0x22, 0x29, 0x7d, 0x0a, 0x20, 0x20, 0x20, 0x20, 0x20, 0x20, 0x20
  .byte 0x20, 0x20, 0x20, 0x20, 0x20, 0x7b, 0x2e, 0x2e, 0x2e, 0x63, 0x6f, 0x6d, 0x6d, 0x6f, 0x6e, 0x41
  .byte 0x63, 0x74, 0x69, 0x6f, 0x6e, 0x50, 0x72, 0x6f, 0x70, 0x73, 0x7d, 0x0a, 0x20, 0x20, 0x20, 0x20
  .byte 0x20, 0x20, 0x20, 0x20, 0x20, 0x20, 0x2f, 0x3e, 0x0a, 0x20, 0x20, 0x20, 0x20, 0x20, 0x20, 0x20
  .byte 0x20, 0x20, 0x20, 0x3c, 0x4c, 0x69, 0x73, 0x74, 0x49, 0x74, 0x65, 0x6d, 0x0a, 0x20, 0x20, 0x20
  .byte 0x20, 0x20, 0x20, 0x20, 0x20, 0x20, 0x20, 0x20, 0x20, 0x76, 0x61, 0x72, 0x69, 0x61, 0x6e, 0x74
  .byte 0x3d, 0x7b, 0x76, 0x61, 0x72, 0x69, 0x61, 0x6e, 0x74, 0x7d, 0x0a, 0x20, 0x20, 0x20, 0x20, 0x20
  .byte 0x20, 0x20, 0x20, 0x20, 0x20, 0x20, 0x20, 0x69, 0x6e, 0x64, 0x65, 0x78, 0x3d, 0x7b, 0x31, 0x7d
  .byte 0x0a, 0x20, 0x20, 0x20, 0x20, 0x20, 0x20, 0x20, 0x20, 0x20, 0x20, 0x20, 0x20, 0x6c, 0x69, 0x73
  .byte 0x74, 0x48, 0x61, 0x73, 0x53, 0x75, 0x62, 0x74, 0x69, 0x74, 0x6c, 0x65, 0x3d, 0x7b, 0x73, 0x68
  .byte 0x6f, 0x77, 0x44, 0x65, 0x73, 0x63, 0x72, 0x69, 0x70, 0x74, 0x69, 0x6f, 0x6e, 0x7d, 0x0a, 0x20
  .byte 0x20, 0x20, 0x20, 0x20, 0x20, 0x20, 0x20, 0x20, 0x20, 0x20, 0x20, 0x69, 0x63, 0x6f, 0x6e, 0x3d
  .byte 0x7b, 0x76, 0x61, 0x72, 0x69, 0x61, 0x6e, 0x74, 0x20, 0x3d, 0x3d, 0x3d, 0x20, 0x22, 0x69, 0x63
  .byte 0x6f, 0x6e, 0x22, 0x20, 0x3f, 0x20, 0x3c, 0x47, 0x6c, 0x6f, 0x62, 0x65, 0x20, 0x73, 0x69, 0x7a
  .byte 0x65, 0x3d, 0x7b, 0x31, 0x36, 0x7d, 0x20, 0x2f, 0x3e, 0x20, 0x3a, 0x20, 0x75, 0x6e, 0x64, 0x65
  .byte 0x66, 0x69, 0x6e, 0x65, 0x64, 0x7d, 0x0a, 0x20, 0x20, 0x20, 0x20, 0x20, 0x20, 0x20, 0x20, 0x20
  .byte 0x20, 0x20, 0x20, 0x69, 0x6d, 0x61, 0x67, 0x65, 0x3d, 0x7b, 0x76, 0x61, 0x72, 0x69, 0x61, 0x6e
  .byte 0x74, 0x20, 0x3d, 0x3d, 0x3d, 0x20, 0x22, 0x69, 0x6d, 0x61, 0x67, 0x65, 0x22, 0x20, 0x3f, 0x20
  .byte 0x7b, 0x20, 0x73, 0x72, 0x63, 0x3a, 0x20, 0x22, 0x2f, 0x67, 0x6c, 0x6f, 0x62, 0x65, 0x2e, 0x73
  .byte 0x76, 0x67, 0x22, 0x2c, 0x20, 0x61, 0x6c, 0x74, 0x3a, 0x20, 0x22, 0x47, 0x6c, 0x6f, 0x62, 0x65
  .byte 0x22, 0x20, 0x7d, 0x20, 0x3a, 0x20, 0x75, 0x6e, 0x64, 0x65, 0x66, 0x69, 0x6e, 0x65, 0x64, 0x7d
  .byte 0x0a, 0x20, 0x20, 0x20, 0x20, 0x20, 0x20, 0x20, 0x20, 0x20, 0x20, 0x20, 0x20, 0x74, 0x69, 0x74
  .byte 0x6c, 0x65, 0x3d, 0x22, 0x43, 0x68, 0x6f, 0x6f, 0x73, 0x65, 0x20, 0x61, 0x20, 0x67, 0x6f, 0x61
  .byte 0x6c, 0x22, 0x0a, 0x20, 0x20, 0x20, 0x20, 0x20, 0x20, 0x20, 0x20, 0x20, 0x20, 0x20, 0x20, 0x73
  .byte 0x75, 0x62, 0x74, 0x69, 0x74, 0x6c, 0x65, 0x3d, 0x7b, 0x64, 0x65, 0x73, 0x63, 0x72, 0x69, 0x70
  .byte 0x74, 0x69, 0x6f, 0x6e, 0x46, 0x6f, 0x72, 0x28, 0x22, 0x53, 0x75, 0x6d, 0x6d, 0x61, 0x72, 0x69
  .byte 0x7a, 0x65, 0x2c, 0x20, 0x63, 0x6c, 0x61, 0x73, 0x73, 0x69, 0x66, 0x79, 0x2c, 0x20, 0x65, 0x78
  .byte 0x74, 0x72, 0x61, 0x63, 0x74, 0x2c, 0x20, 0x6f, 0x72, 0x20, 0x67, 0x65, 0x6e, 0x65, 0x72, 0x61
  .byte 0x74, 0x65, 0x20, 0x55, 0x49, 0x20, 0x66, 0x72, 0x6f, 0x6d, 0x20, 0x70, 0x72, 0x6f, 0x6d, 0x70
  .byte 0x74, 0x73, 0x2e, 0x22, 0x29, 0x7d, 0x0a, 0x20, 0x20, 0x20, 0x20, 0x20, 0x20, 0x20, 0x20, 0x20
  .byte 0x20, 0x20, 0x20, 0x7b, 0x2e, 0x2e, 0x2e, 0x63, 0x6f, 0x6d, 0x6d, 0x6f, 0x6e, 0x41, 0x63, 0x74
  .byte 0x69, 0x6f, 0x6e, 0x50, 0x72, 0x6f, 0x70, 0x73, 0x7d, 0x0a, 0x20, 0x20, 0x20, 0x20, 0x20, 0x20
  .byte 0x20, 0x20, 0x20, 0x20, 0x2f, 0x3e, 0x0a, 0x20, 0x20, 0x20, 0x20, 0x20, 0x20, 0x20, 0x20, 0x20
  .byte 0x20, 0x3c, 0x4c, 0x69, 0x73, 0x74, 0x49, 0x74, 0x65, 0x6d, 0x0a, 0x20, 0x20, 0x20, 0x20, 0x20
  .byte 0x20, 0x20, 0x20, 0x20, 0x20, 0x20, 0x20, 0x76, 0x61, 0x72, 0x69, 0x61, 0x6e, 0x74, 0x3d, 0x7b
  .byte 0x76, 0x61, 0x72, 0x69, 0x61, 0x6e, 0x74, 0x7d, 0x0a, 0x20, 0x20, 0x20, 0x20, 0x20, 0x20, 0x20
  .byte 0x20, 0x20, 0x20, 0x20, 0x20, 0x69, 0x6e, 0x64, 0x65, 0x78, 0x3d, 0x7b, 0x32, 0x7d, 0x0a, 0x20
  .byte 0x20, 0x20, 0x20, 0x20, 0x20, 0x20, 0x20, 0x20, 0x20, 0x20, 0x20, 0x6c, 0x69, 0x73, 0x74, 0x48
  .byte 0x61, 0x73, 0x53, 0x75, 0x62, 0x74, 0x69, 0x74, 0x6c, 0x65, 0x3d, 0x7b, 0x73, 0x68, 0x6f, 0x77
  .byte 0x44, 0x65, 0x73, 0x63, 0x72, 0x69, 0x70, 0x74, 0x69, 0x6f, 0x6e, 0x7d, 0x0a, 0x20, 0x20, 0x20
  .byte 0x20, 0x20, 0x20, 0x20, 0x20, 0x20, 0x20, 0x20, 0x20, 0x69, 0x63, 0x6f, 0x6e, 0x3d, 0x7b, 0x76
  .byte 0x61, 0x72, 0x69, 0x61, 0x6e, 0x74, 0x20, 0x3d, 0x3d, 0x3d, 0x20, 0x22, 0x69, 0x63, 0x6f, 0x6e
  .byte 0x22, 0x20, 0x3f, 0x20, 0x3c, 0x4c, 0x61, 0x79, 0x6f, 0x75, 0x74, 0x50, 0x61, 0x6e, 0x65, 0x6c
  .byte 0x54, 0x6f, 0x70, 0x20, 0x73, 0x69, 0x7a, 0x65, 0x3d, 0x7b, 0x31, 0x36, 0x7d, 0x20, 0x2f, 0x3e
  .byte 0x20, 0x3a, 0x20, 0x75, 0x6e, 0x64, 0x65, 0x66, 0x69, 0x6e, 0x65, 0x64, 0x7d, 0x0a, 0x20, 0x20
  .byte 0x20, 0x20, 0x20, 0x20, 0x20, 0x20, 0x20, 0x20, 0x20, 0x20, 0x69, 0x6d, 0x61, 0x67, 0x65, 0x3d
  .byte 0x7b, 0x76, 0x61, 0x72, 0x69, 0x61, 0x6e, 0x74, 0x20, 0x3d, 0x3d, 0x3d, 0x20, 0x22, 0x69, 0x6d
  .byte 0x61, 0x67, 0x65, 0x22, 0x20, 0x3f, 0x20, 0x7b, 0x20, 0x73, 0x72, 0x63, 0x3a, 0x20, 0x22, 0x2f
  .byte 0x77, 0x69, 0x6e, 0x64, 0x6f, 0x77, 0x2e, 0x73, 0x76, 0x67, 0x22, 0x2c, 0x20, 0x61, 0x6c, 0x74
  .byte 0x3a, 0x20, 0x22, 0x57, 0x69, 0x6e, 0x64, 0x6f, 0x77, 0x22, 0x20, 0x7d, 0x20, 0x3a, 0x20, 0x75
  .byte 0x6e, 0x64, 0x65, 0x66, 0x69, 0x6e, 0x65, 0x64, 0x7d, 0x0a, 0x20, 0x20, 0x20, 0x20, 0x20, 0x20
  .byte 0x20, 0x20, 0x20, 0x20, 0x20, 0x20, 0x74, 0x69, 0x74, 0x6c, 0x65, 0x3d, 0x22, 0x52, 0x65, 0x76
  .byte 0x69, 0x65, 0x77, 0x20, 0x61, 0x6e, 0x64, 0x20, 0x72, 0x65, 0x66, 0x69, 0x6e, 0x65, 0x22, 0x0a
  .byte 0x20, 0x20, 0x20, 0x20, 0x20, 0x20, 0x20, 0x20, 0x20, 0x20, 0x20, 0x20, 0x73, 0x75, 0x62, 0x74
  .byte 0x69, 0x74, 0x6c, 0x65, 0x3d, 0x7b, 0x64, 0x65, 0x73, 0x63, 0x72, 0x69, 0x70, 0x74, 0x69, 0x6f
  .byte 0x6e, 0x46, 0x6f, 0x72, 0x28, 0x22, 0x45, 0x64, 0x69, 0x74, 0x20, 0x74, 0x68, 0x65, 0x20, 0x72
  .byte 0x65, 0x73, 0x75, 0x6c, 0x74, 0x20, 0x61, 0x6e, 0x64, 0x20, 0x72, 0x65, 0x72, 0x75, 0x6e, 0x20
  .byte 0x77, 0x69, 0x74, 0x68, 0x20, 0x74, 0x69, 0x67, 0x68, 0x74, 0x65, 0x72, 0x20, 0x69, 0x6e, 0x73
  .byte 0x74, 0x72, 0x75, 0x63, 0x74, 0x69, 0x6f, 0x6e, 0x73, 0x2e, 0x22, 0x29, 0x7d, 0x0a, 0x20, 0x20
  .byte 0x20, 0x20, 0x20, 0x20, 0x20, 0x20, 0x20, 0x20, 0x20, 0x20, 0x7b, 0x2e, 0x2e, 0x2e, 0x63, 0x6f
  .byte 0x6d, 0x6d, 0x6f, 0x6e, 0x41, 0x63, 0x74, 0x69, 0x6f, 0x6e, 0x50, 0x72, 0x6f, 0x70, 0x73, 0x7d
  .byte 0x0a, 0x20, 0x20, 0x20, 0x20, 0x20, 0x20, 0x20, 0x20, 0x20, 0x20, 0x2f, 0x3e, 0x0a, 0x20, 0x20
  .byte 0x20, 0x20, 0x20, 0x20, 0x20, 0x20, 0x3c, 0x2f, 0x4c, 0x69, 0x73, 0x74, 0x42, 0x6c, 0x6f, 0x63
  .byte 0x6b, 0x3e, 0x0a, 0x20, 0x20, 0x20, 0x20, 0x20, 0x20, 0x3c, 0x2f, 0x64, 0x69, 0x76, 0x3e, 0x0a
  .byte 0x20, 0x20, 0x20, 0x20, 0x3c, 0x2f, 0x64, 0x69, 0x76, 0x3e, 0x0a, 0x20, 0x20, 0x29, 0x3b, 0x0a
  .byte 0x7d, 0x0a, 0x0a, 0x65, 0x78, 0x70, 0x6f, 0x72, 0x74, 0x20, 0x64, 0x65, 0x66, 0x61, 0x75, 0x6c
  .byte 0x74, 0x20, 0x66, 0x75, 0x6e, 0x63, 0x74, 0x69, 0x6f, 0x6e, 0x20, 0x42, 0x6c, 0x6f, 0x63, 0x6b
  .byte 0x73, 0x4c, 0x69, 0x73, 0x74, 0x73, 0x50, 0x61, 0x67, 0x65, 0x28, 0x29, 0x20, 0x7b, 0x0a, 0x20
  .byte 0x20, 0x63, 0x6f, 0x6e, 0x73, 0x74, 0x20, 0x5b, 0x76, 0x61, 0x72, 0x69, 0x61, 0x6e, 0x74, 0x2c
  .byte 0x20, 0x73, 0x65, 0x74, 0x56, 0x61, 0x72, 0x69, 0x61, 0x6e, 0x74, 0x5d, 0x20, 0x3d, 0x20, 0x75
  .byte 0x73, 0x65, 0x53, 0x74, 0x61, 0x74, 0x65, 0x3c, 0x4c, 0x69, 0x73, 0x74, 0x56, 0x61, 0x72, 0x69
  .byte 0x61, 0x6e, 0x74, 0x3e, 0x28, 0x22, 0x6e, 0x75, 0x6d, 0x62, 0x65, 0x72, 0x22, 0x29, 0x3b, 0x0a
  .byte 0x20, 0x20, 0x63, 0x6f, 0x6e, 0x73, 0x74, 0x20, 0x5b, 0x64, 0x65, 0x73, 0x63, 0x72, 0x69, 0x70
  .byte 0x74, 0x69, 0x6f, 0x6e, 0x2c, 0x20, 0x73, 0x65, 0x74, 0x44, 0x65, 0x73, 0x63, 0x72, 0x69, 0x70
  .byte 0x74, 0x69, 0x6f, 0x6e, 0x5d, 0x20, 0x3d, 0x20, 0x75, 0x73, 0x65, 0x53, 0x74, 0x61, 0x74, 0x65
  .byte 0x3c, 0x22, 0x73, 0x68, 0x6f, 0x77, 0x22, 0x20, 0x7c, 0x20, 0x22, 0x68, 0x69, 0x64, 0x65, 0x22
  .byte 0x3e, 0x28, 0x22, 0x73, 0x68, 0x6f, 0x77, 0x22, 0x29, 0x3b, 0x0a, 0x20, 0x20, 0x63, 0x6f, 0x6e
  .byte 0x73, 0x74, 0x20, 0x5b, 0x69, 0x6e, 0x74, 0x65, 0x72, 0x61, 0x63, 0x74, 0x69, 0x6f, 0x6e, 0x4d
  .byte 0x6f, 0x64, 0x65, 0x2c, 0x20, 0x73, 0x65, 0x74, 0x49, 0x6e, 0x74, 0x65, 0x72, 0x61, 0x63, 0x74
  .byte 0x69, 0x6f, 0x6e, 0x4d, 0x6f, 0x64, 0x65, 0x5d, 0x20, 0x3d, 0x20, 0x75, 0x73, 0x65, 0x53, 0x74
  .byte 0x61, 0x74, 0x65, 0x3c, 0x4c, 0x69, 0x73, 0x74, 0x49, 0x6e, 0x74, 0x65, 0x72, 0x61, 0x63, 0x74
  .byte 0x69, 0x6f, 0x6e, 0x4d, 0x6f, 0x64, 0x65, 0x3e, 0x28, 0x22, 0x73, 0x74, 0x61, 0x74, 0x69, 0x63
  .byte 0x22, 0x29, 0x3b, 0x0a, 0x0a, 0x20, 0x20, 0x63, 0x6f, 0x6e, 0x73, 0x74, 0x20, 0x73, 0x68, 0x6f
  .byte 0x77, 0x44, 0x65, 0x73, 0x63, 0x72, 0x69, 0x70, 0x74, 0x69, 0x6f, 0x6e, 0x20, 0x3d, 0x20, 0x64
  .byte 0x65, 0x73, 0x63, 0x72, 0x69, 0x70, 0x74, 0x69, 0x6f, 0x6e, 0x20, 0x3d, 0x3d, 0x3d, 0x20, 0x22
  .byte 0x73, 0x68, 0x6f, 0x77, 0x22, 0x3b, 0x0a, 0x0a, 0x20, 0x20, 0x72, 0x65, 0x74, 0x75, 0x72, 0x6e
  .byte 0x20, 0x28, 0x0a, 0x20, 0x20, 0x20, 0x20, 0x3c, 0x50, 0x72, 0x65, 0x76, 0x69, 0x65, 0x77, 0x50
  .byte 0x61, 0x67, 0x65, 0x3e, 0x0a, 0x20, 0x20, 0x20, 0x20, 0x20, 0x20, 0x3c, 0x50, 0x72, 0x65, 0x76
  .byte 0x69, 0x65, 0x77, 0x53, 0x65, 0x63, 0x74, 0x69, 0x6f, 0x6e, 0x0a, 0x20, 0x20, 0x20, 0x20, 0x20
  .byte 0x20, 0x20, 0x20, 0x74, 0x69, 0x74, 0x6c, 0x65, 0x3d, 0x22, 0x4c, 0x69, 0x73, 0x74, 0x73, 0x22
  .byte 0x0a, 0x20, 0x20, 0x20, 0x20, 0x20, 0x20, 0x20, 0x20, 0x68, 0x65, 0x61, 0x64, 0x69, 0x6e, 0x67
  .byte 0x4c, 0x65, 0x76, 0x65, 0x6c, 0x3d, 0x22, 0x68, 0x31, 0x22, 0x0a, 0x20, 0x20, 0x20, 0x20, 0x20
  .byte 0x20, 0x20, 0x20, 0x64, 0x65, 0x73, 0x63, 0x72, 0x69, 0x70, 0x74, 0x69, 0x6f, 0x6e, 0x3d, 0x22
  .byte 0x50, 0x72, 0x65, 0x73, 0x65, 0x6e, 0x74, 0x73, 0x20, 0x6f, 0x72, 0x64, 0x65, 0x72, 0x65, 0x64
  .byte 0x20, 0x6f, 0x72, 0x20, 0x73, 0x74, 0x72, 0x75, 0x63, 0x74, 0x75, 0x72, 0x65, 0x64, 0x20, 0x69
  .byte 0x74, 0x65, 0x6d, 0x73, 0x20, 0x69, 0x6e, 0x20, 0x61, 0x20, 0x76, 0x65, 0x72, 0x74, 0x69, 0x63
  .byte 0x61, 0x6c, 0x2c, 0x20, 0x65, 0x61, 0x73, 0x79, 0x2d, 0x74, 0x6f, 0x2d, 0x73, 0x63, 0x61, 0x6e
  .byte 0x20, 0x66, 0x6f, 0x72, 0x6d, 0x61, 0x74, 0x2e, 0x20, 0x47, 0x72, 0x65, 0x61, 0x74, 0x20, 0x66
  .byte 0x6f, 0x72, 0x20, 0x73, 0x74, 0x65, 0x70, 0x73, 0x2c, 0x20, 0x74, 0x61, 0x73, 0x6b, 0x73, 0x2c
  .byte 0x20, 0x6f, 0x72, 0x20, 0x67, 0x72, 0x6f, 0x75, 0x70, 0x65, 0x64, 0x20, 0x69, 0x6e, 0x66, 0x6f
  .byte 0x72, 0x6d, 0x61, 0x74, 0x69, 0x6f, 0x6e, 0x2e, 0x22, 0x0a, 0x20, 0x20, 0x20, 0x20, 0x20, 0x20
  .byte 0x3e, 0x0a, 0x20, 0x20, 0x20, 0x20, 0x20, 0x20, 0x20, 0x20, 0x3c, 0x42, 0x6c, 0x6f, 0x63, 0x6b
  .byte 0x56, 0x61, 0x72, 0x69, 0x61, 0x6e, 0x74, 0x50, 0x72, 0x65, 0x76, 0x69, 0x65, 0x77, 0x0a, 0x20
  .byte 0x20, 0x20, 0x20, 0x20, 0x20, 0x20, 0x20, 0x20, 0x20, 0x70, 0x72, 0x65, 0x76, 0x69, 0x65, 0x77
  .byte 0x3d, 0x7b, 0x3c, 0x4c, 0x69, 0x73, 0x74, 0x73, 0x50, 0x72, 0x65, 0x76, 0x69, 0x65, 0x77, 0x20
  .byte 0x76, 0x61, 0x72, 0x69, 0x61, 0x6e, 0x74, 0x3d, 0x22, 0x6e, 0x75, 0x6d, 0x62, 0x65, 0x72, 0x22
  .byte 0x20, 0x73, 0x68, 0x6f, 0x77, 0x44, 0x65, 0x73, 0x63, 0x72, 0x69, 0x70, 0x74, 0x69, 0x6f, 0x6e
  .byte 0x20, 0x69, 0x6e, 0x74, 0x65, 0x72, 0x61, 0x63, 0x74, 0x69, 0x6f, 0x6e, 0x4d, 0x6f, 0x64, 0x65
  .byte 0x3d, 0x22, 0x73, 0x74, 0x61, 0x74, 0x69, 0x63, 0x22, 0x20, 0x2f, 0x3e, 0x7d, 0x0a, 0x20, 0x20
  .byte 0x20, 0x20, 0x20, 0x20, 0x20, 0x20, 0x20, 0x20, 0x70, 0x72, 0x6f, 0x6d, 0x70, 0x74, 0x3d, 0x22
  .byte 0x55, 0x73, 0x65, 0x20, 0x6e, 0x75, 0x6d, 0x62, 0x65, 0x72, 0x65, 0x64, 0x20, 0x6c, 0x69, 0x73
  .byte 0x74, 0x20, 0x77, 0x69, 0x74, 0x68, 0x20, 0x64, 0x65, 0x73, 0x63, 0x72, 0x69, 0x70, 0x74, 0x69
  .byte 0x6f, 0x6e, 0x20, 0x74, 0x6f, 0x20, 0x64, 0x69, 0x73, 0x70, 0x6c, 0x61, 0x79, 0x20, 0x6f, 0x72
  .byte 0x64, 0x65, 0x72, 0x65, 0x64, 0x20, 0x69, 0x74, 0x65, 0x6d, 0x73, 0x20, 0x77, 0x68, 0x65, 0x6e
  .byte 0x20, 0x3c, 0x65, 0x6e, 0x74, 0x65, 0x72, 0x20, 0x75, 0x73, 0x65, 0x20, 0x63, 0x61, 0x73, 0x65
  .byte 0x3e, 0x2e, 0x22, 0x0a, 0x20, 0x20, 0x20, 0x20, 0x20, 0x20, 0x20, 0x20, 0x2f, 0x3e, 0x0a, 0x0a
  .byte 0x20, 0x20, 0x20, 0x20, 0x20, 0x20, 0x20, 0x20, 0x3c, 0x42, 0x6c, 0x6f, 0x63, 0x6b, 0x56, 0x61
  .byte 0x72, 0x69, 0x61, 0x6e, 0x74, 0x50, 0x72, 0x65, 0x76, 0x69, 0x65, 0x77, 0x0a, 0x20, 0x20, 0x20
  .byte 0x20, 0x20, 0x20, 0x20, 0x20, 0x20, 0x20, 0x74, 0x69, 0x74, 0x6c, 0x65, 0x3d, 0x22, 0x43, 0x6f
  .byte 0x6e, 0x66, 0x69, 0x67, 0x75, 0x72, 0x61, 0x74, 0x69, 0x6f, 0x6e, 0x73, 0x22, 0x0a, 0x20, 0x20
  .byte 0x20, 0x20, 0x20, 0x20, 0x20, 0x20, 0x20, 0x20, 0x64, 0x65, 0x73, 0x63, 0x72, 0x69, 0x70, 0x74
  .byte 0x69, 0x6f, 0x6e, 0x3d, 0x22, 0x54, 0x6f, 0x67, 0x67, 0x6c, 0x65, 0x20, 0x6c, 0x69, 0x73, 0x74
  .byte 0x20, 0x76, 0x61, 0x72, 0x69, 0x61, 0x6e, 0x74, 0x2c, 0x20, 0x64, 0x65, 0x73, 0x63, 0x72, 0x69
  .byte 0x70, 0x74, 0x69, 0x6f, 0x6e, 0x2c, 0x20, 0x61, 0x6e, 0x64, 0x20, 0x69, 0x6e, 0x74, 0x65, 0x72
  .byte 0x61, 0x63, 0x74, 0x69, 0x6f, 0x6e, 0x2e, 0x22, 0x0a, 0x20, 0x20, 0x20, 0x20, 0x20, 0x20, 0x20
  .byte 0x20, 0x20, 0x20, 0x70, 0x72, 0x65, 0x76, 0x69, 0x65, 0x77, 0x3d, 0x7b, 0x0a, 0x20, 0x20, 0x20
  .byte 0x20, 0x20, 0x20, 0x20, 0x20, 0x20, 0x20, 0x20, 0x20, 0x3c, 0x4c, 0x69, 0x73, 0x74, 0x73, 0x50
  .byte 0x72, 0x65, 0x76, 0x69, 0x65, 0x77, 0x0a, 0x20, 0x20, 0x20, 0x20, 0x20, 0x20, 0x20, 0x20, 0x20
  .byte 0x20, 0x20, 0x20, 0x20, 0x20, 0x76, 0x61, 0x72, 0x69, 0x61, 0x6e, 0x74, 0x3d, 0x7b, 0x76, 0x61
  .byte 0x72, 0x69, 0x61, 0x6e, 0x74, 0x7d, 0x0a, 0x20, 0x20, 0x20, 0x20, 0x20, 0x20, 0x20, 0x20, 0x20
  .byte 0x20, 0x20, 0x20, 0x20, 0x20, 0x73, 0x68, 0x6f, 0x77, 0x44, 0x65, 0x73, 0x63, 0x72, 0x69, 0x70
  .byte 0x74, 0x69, 0x6f, 0x6e, 0x3d, 0x7b, 0x73, 0x68, 0x6f, 0x77, 0x44, 0x65, 0x73, 0x63, 0x72, 0x69
  .byte 0x70, 0x74, 0x69, 0x6f, 0x6e, 0x7d, 0x0a, 0x20, 0x20, 0x20, 0x20, 0x20, 0x20, 0x20, 0x20, 0x20
  .byte 0x20, 0x20, 0x20, 0x20, 0x20, 0x69, 0x6e, 0x74, 0x65, 0x72, 0x61, 0x63, 0x74, 0x69, 0x6f, 0x6e
  .byte 0x4d, 0x6f, 0x64, 0x65, 0x3d, 0x7b, 0x69, 0x6e, 0x74, 0x65, 0x72, 0x61, 0x63, 0x74, 0x69, 0x6f
  .byte 0x6e, 0x4d, 0x6f, 0x64, 0x65, 0x7d, 0x0a, 0x20, 0x20, 0x20, 0x20, 0x20, 0x20, 0x20, 0x20, 0x20
  .byte 0x20, 0x20, 0x20, 0x2f, 0x3e, 0x0a, 0x20, 0x20, 0x20, 0x20, 0x20, 0x20, 0x20, 0x20, 0x20, 0x20
  .byte 0x7d, 0x0a, 0x20, 0x20, 0x20, 0x20, 0x20, 0x20, 0x20, 0x20, 0x20, 0x20, 0x70, 0x72, 0x6f, 0x6d
  .byte 0x70, 0x74, 0x3d, 0x7b, 0x60, 0x55, 0x73, 0x65, 0x20, 0x24, 0x7b, 0x76, 0x61, 0x72, 0x69, 0x61
  .byte 0x6e, 0x74, 0x7d, 0x20, 0x6c, 0x69, 0x73, 0x74, 0x24, 0x7b, 0x73, 0x68, 0x6f, 0x77, 0x44, 0x65
  .byte 0x73, 0x63, 0x72, 0x69, 0x70, 0x74, 0x69, 0x6f, 0x6e, 0x20, 0x3f, 0x20, 0x22, 0x20, 0x77, 0x69
  .byte 0x74, 0x68, 0x20, 0x64, 0x65, 0x73, 0x63, 0x72, 0x69, 0x70, 0x74, 0x69, 0x6f, 0x6e, 0x22, 0x20
  .byte 0x3a, 0x20, 0x22, 0x22, 0x7d, 0x24, 0x7b, 0x69, 0x6e, 0x74, 0x65, 0x72, 0x61, 0x63, 0x74, 0x69
  .byte 0x6f, 0x6e, 0x4d, 0x6f, 0x64, 0x65, 0x20, 0x3d, 0x3d, 0x3d, 0x20, 0x22, 0x63, 0x6c, 0x69, 0x63
  .byte 0x6b, 0x61, 0x62, 0x6c, 0x65, 0x22, 0x20, 0x3f, 0x20, 0x22, 0x20, 0x61, 0x6e, 0x64, 0x20, 0x63
  .byte 0x6c, 0x69, 0x63, 0x6b, 0x61, 0x62, 0x6c, 0x65, 0x20, 0x69, 0x74, 0x65, 0x6d, 0x73, 0x22, 0x20
  .byte 0x3a, 0x20, 0x22, 0x22, 0x7d, 0x20, 0x74, 0x6f, 0x20, 0x64, 0x69, 0x73, 0x70, 0x6c, 0x61, 0x79
  .byte 0x20, 0x73, 0x74, 0x72, 0x75, 0x63, 0x74, 0x75, 0x72, 0x65, 0x64, 0x20, 0x69, 0x74, 0x65, 0x6d
  .byte 0x73, 0x20, 0x77, 0x68, 0x65, 0x6e, 0x20, 0x3c, 0x65, 0x6e, 0x74, 0x65, 0x72, 0x20, 0x75, 0x73
  .byte 0x65, 0x20, 0x63, 0x61, 0x73, 0x65, 0x3e, 0x2e, 0x60, 0x7d, 0x0a, 0x20, 0x20, 0x20, 0x20, 0x20
  .byte 0x20, 0x20, 0x20, 0x20, 0x20, 0x72, 0x69, 0x67, 0x68, 0x74, 0x43, 0x6f, 0x6e, 0x74, 0x72, 0x6f
  .byte 0x6c, 0x73, 0x3d, 0x7b, 0x0a, 0x20, 0x20, 0x20, 0x20, 0x20, 0x20, 0x20, 0x20, 0x20, 0x20, 0x20
  .byte 0x20, 0x3c, 0x64, 0x69, 0x76, 0x20, 0x63, 0x6c, 0x61, 0x73, 0x73, 0x4e, 0x61, 0x6d, 0x65, 0x3d
  .byte 0x7b, 0x73, 0x74, 0x79, 0x6c, 0x65, 0x73, 0x2e, 0x63, 0x6f, 0x6e, 0x74, 0x72, 0x6f, 0x6c, 0x73
  .byte 0x50, 0x61, 0x6e, 0x65, 0x6c, 0x7d, 0x3e, 0x0a, 0x20, 0x20, 0x20, 0x20, 0x20, 0x20, 0x20, 0x20
  .byte 0x20, 0x20, 0x20, 0x20, 0x20, 0x20, 0x3c, 0x64, 0x69, 0x76, 0x20, 0x63, 0x6c, 0x61, 0x73, 0x73
  .byte 0x4e, 0x61, 0x6d, 0x65, 0x3d, 0x7b, 0x73, 0x74, 0x79, 0x6c, 0x65, 0x73, 0x2e, 0x63, 0x6f, 0x6e
  .byte 0x74, 0x72, 0x6f, 0x6c, 0x53, 0x65, 0x63, 0x74, 0x69, 0x6f, 0x6e, 0x7d, 0x3e, 0x0a, 0x20, 0x20
  .byte 0x20, 0x20, 0x20, 0x20, 0x20, 0x20, 0x20, 0x20, 0x20, 0x20, 0x20, 0x20, 0x20, 0x20, 0x3c, 0x70
  .byte 0x20, 0x63, 0x6c, 0x61, 0x73, 0x73, 0x4e, 0x61, 0x6d, 0x65, 0x3d, 0x7b, 0x73, 0x74, 0x79, 0x6c
  .byte 0x65, 0x73, 0x2e, 0x73, 0x65, 0x63, 0x74, 0x69, 0x6f, 0x6e, 0x54, 0x69, 0x74, 0x6c, 0x65, 0x7d
  .byte 0x3e, 0x56, 0x61, 0x72, 0x69, 0x61, 0x6e, 0x74, 0x3c, 0x2f, 0x70, 0x3e, 0x0a, 0x20, 0x20, 0x20
  .byte 0x20, 0x20, 0x20, 0x20, 0x20, 0x20, 0x20, 0x20, 0x20, 0x20, 0x20, 0x20, 0x20, 0x3c, 0x53, 0x65
  .byte 0x67, 0x6d, 0x65, 0x6e, 0x74, 0x65, 0x64, 0x54, 0x6f, 0x67, 0x67, 0x6c, 0x65, 0x0a, 0x20, 0x20
  .byte 0x20, 0x20, 0x20, 0x20, 0x20, 0x20, 0x20, 0x20, 0x20, 0x20, 0x20, 0x20, 0x20, 0x20, 0x20, 0x20
  .byte 0x61, 0x72, 0x69, 0x61, 0x4c, 0x61, 0x62, 0x65, 0x6c, 0x3d, 0x22, 0x54, 0x6f, 0x67, 0x67, 0x6c
  .byte 0x65, 0x20, 0x6c, 0x69, 0x73, 0x74, 0x20, 0x69, 0x6e, 0x64, 0x69, 0x63, 0x61, 0x74, 0x6f, 0x72
  .byte 0x20, 0x76, 0x61, 0x72, 0x69, 0x61, 0x6e, 0x74, 0x22, 0x0a, 0x20, 0x20, 0x20, 0x20, 0x20, 0x20
  .byte 0x20, 0x20, 0x20, 0x20, 0x20, 0x20, 0x20, 0x20, 0x20, 0x20, 0x20, 0x20, 0x76, 0x61, 0x6c, 0x75
  .byte 0x65, 0x3d, 0x7b, 0x76, 0x61, 0x72, 0x69, 0x61, 0x6e, 0x74, 0x7d, 0x0a, 0x20, 0x20, 0x20, 0x20
  .byte 0x20, 0x20, 0x20, 0x20, 0x20, 0x20, 0x20, 0x20, 0x20, 0x20, 0x20, 0x20, 0x20, 0x20, 0x6f, 0x6e
  .byte 0x43, 0x68, 0x61, 0x6e, 0x67, 0x65, 0x3d, 0x7b, 0x28, 0x76, 0x61, 0x6c, 0x75, 0x65, 0x29, 0x20
  .byte 0x3d, 0x3e, 0x20, 0x73, 0x65, 0x74, 0x56, 0x61, 0x72, 0x69, 0x61, 0x6e, 0x74, 0x28, 0x76, 0x61
  .byte 0x6c, 0x75, 0x65, 0x20, 0x61, 0x73, 0x20, 0x4c, 0x69, 0x73, 0x74, 0x56, 0x61, 0x72, 0x69, 0x61
  .byte 0x6e, 0x74, 0x29, 0x7d, 0x0a, 0x20, 0x20, 0x20, 0x20, 0x20, 0x20, 0x20, 0x20, 0x20, 0x20, 0x20
  .byte 0x20, 0x20, 0x20, 0x20, 0x20, 0x20, 0x20, 0x6f, 0x70, 0x74, 0x69, 0x6f, 0x6e, 0x73, 0x3d, 0x7b
  .byte 0x5b, 0x0a, 0x20, 0x20, 0x20, 0x20, 0x20, 0x20, 0x20, 0x20, 0x20, 0x20, 0x20, 0x20, 0x20, 0x20
  .byte 0x20, 0x20, 0x20, 0x20, 0x20, 0x20, 0x7b, 0x20, 0x6c, 0x61, 0x62, 0x65, 0x6c, 0x3a, 0x20, 0x22
  .byte 0x4e, 0x75, 0x6d, 0x62, 0x65, 0x72, 0x22, 0x2c, 0x20, 0x76, 0x61, 0x6c, 0x75, 0x65, 0x3a, 0x20
  .byte 0x22, 0x6e, 0x75, 0x6d, 0x62, 0x65, 0x72, 0x22, 0x20, 0x7d, 0x2c, 0x0a, 0x20, 0x20, 0x20, 0x20
  .byte 0x20, 0x20, 0x20, 0x20, 0x20, 0x20, 0x20, 0x20, 0x20, 0x20, 0x20, 0x20, 0x20, 0x20, 0x20, 0x20
  .byte 0x7b, 0x20, 0x6c, 0x61, 0x62, 0x65, 0x6c, 0x3a, 0x20, 0x22, 0x49, 0x63, 0x6f, 0x6e, 0x22, 0x2c
  .byte 0x20, 0x76, 0x61, 0x6c, 0x75, 0x65, 0x3a, 0x20, 0x22, 0x69, 0x63, 0x6f, 0x6e, 0x22, 0x20, 0x7d
  .byte 0x2c, 0x0a, 0x20, 0x20, 0x20, 0x20, 0x20, 0x20, 0x20, 0x20, 0x20, 0x20, 0x20, 0x20, 0x20, 0x20
  .byte 0x20, 0x20, 0x20, 0x20, 0x20, 0x20, 0x7b, 0x20, 0x6c, 0x61, 0x62, 0x65, 0x6c, 0x3a, 0x20, 0x22
  .byte 0x49, 0x6d, 0x61, 0x67, 0x65, 0x22, 0x2c, 0x20, 0x76, 0x61, 0x6c, 0x75, 0x65, 0x3a, 0x20, 0x22
  .byte 0x69, 0x6d, 0x61, 0x67, 0x65, 0x22, 0x20, 0x7d, 0x2c, 0x0a, 0x20, 0x20, 0x20, 0x20, 0x20, 0x20
  .byte 0x20, 0x20, 0x20, 0x20, 0x20, 0x20, 0x20, 0x20, 0x20, 0x20, 0x20, 0x20, 0x5d, 0x7d, 0x0a, 0x20
  .byte 0x20, 0x20, 0x20, 0x20, 0x20, 0x20, 0x20, 0x20, 0x20, 0x20, 0x20, 0x20, 0x20, 0x20, 0x20, 0x2f
  .byte 0x3e, 0x0a, 0x20, 0x20, 0x20, 0x20, 0x20, 0x20, 0x20, 0x20, 0x20, 0x20, 0x20, 0x20, 0x20, 0x20
  .byte 0x3c, 0x2f, 0x64, 0x69, 0x76, 0x3e, 0x0a, 0x0a, 0x20, 0x20, 0x20, 0x20, 0x20, 0x20, 0x20, 0x20
  .byte 0x20, 0x20, 0x20, 0x20, 0x20, 0x20, 0x3c, 0x64, 0x69, 0x76, 0x20, 0x63, 0x6c, 0x61, 0x73, 0x73
  .byte 0x4e, 0x61, 0x6d, 0x65, 0x3d, 0x7b, 0x73, 0x74, 0x79, 0x6c, 0x65, 0x73, 0x2e, 0x63, 0x6f, 0x6e
  .byte 0x74, 0x72, 0x6f, 0x6c, 0x53, 0x65, 0x63, 0x74, 0x69, 0x6f, 0x6e, 0x7d, 0x3e, 0x0a, 0x20, 0x20
  .byte 0x20, 0x20, 0x20, 0x20, 0x20, 0x20, 0x20, 0x20, 0x20, 0x20, 0x20, 0x20, 0x20, 0x20, 0x3c, 0x70
  .byte 0x20, 0x63, 0x6c, 0x61, 0x73, 0x73, 0x4e, 0x61, 0x6d, 0x65, 0x3d, 0x7b, 0x73, 0x74, 0x79, 0x6c
  .byte 0x65, 0x73, 0x2e, 0x73, 0x65, 0x63, 0x74, 0x69, 0x6f, 0x6e, 0x54, 0x69, 0x74, 0x6c, 0x65, 0x7d
  .byte 0x3e, 0x44, 0x65, 0x73, 0x63, 0x72, 0x69, 0x70, 0x74, 0x69, 0x6f, 0x6e, 0x3c, 0x2f, 0x70, 0x3e
  .byte 0x0a, 0x20, 0x20, 0x20, 0x20, 0x20, 0x20, 0x20, 0x20, 0x20, 0x20, 0x20, 0x20, 0x20, 0x20, 0x20
  .byte 0x20, 0x3c, 0x53, 0x65, 0x67, 0x6d, 0x65, 0x6e, 0x74, 0x65, 0x64, 0x54, 0x6f, 0x67, 0x67, 0x6c
  .byte 0x65, 0x0a, 0x20, 0x20, 0x20, 0x20, 0x20, 0x20, 0x20, 0x20, 0x20, 0x20, 0x20, 0x20, 0x20, 0x20
  .byte 0x20, 0x20, 0x20, 0x20, 0x61, 0x72, 0x69, 0x61, 0x4c, 0x61, 0x62, 0x65, 0x6c, 0x3d, 0x22, 0x54
  .byte 0x6f, 0x67, 0x67, 0x6c, 0x65, 0x20, 0x64, 0x65, 0x73, 0x63, 0x72, 0x69, 0x70, 0x74, 0x69, 0x6f
  .byte 0x6e, 0x20, 0x76, 0x69, 0x73, 0x69, 0x62, 0x69, 0x6c, 0x69, 0x74, 0x79, 0x22, 0x0a, 0x20, 0x20
  .byte 0x20, 0x20, 0x20, 0x20, 0x20, 0x20, 0x20, 0x20, 0x20, 0x20, 0x20, 0x20, 0x20, 0x20, 0x20, 0x20
  .byte 0x76, 0x61, 0x6c, 0x75, 0x65, 0x3d, 0x7b, 0x64, 0x65, 0x73, 0x63, 0x72, 0x69, 0x70, 0x74, 0x69
  .byte 0x6f, 0x6e, 0x7d, 0x0a, 0x20, 0x20, 0x20, 0x20, 0x20, 0x20, 0x20, 0x20, 0x20, 0x20, 0x20, 0x20
  .byte 0x20, 0x20, 0x20, 0x20, 0x20, 0x20, 0x6f, 0x6e, 0x43, 0x68, 0x61, 0x6e, 0x67, 0x65, 0x3d, 0x7b
  .byte 0x28, 0x76, 0x61, 0x6c, 0x75, 0x65, 0x29, 0x20, 0x3d, 0x3e, 0x20, 0x73, 0x65, 0x74, 0x44, 0x65
  .byte 0x73, 0x63, 0x72, 0x69, 0x70, 0x74, 0x69, 0x6f, 0x6e, 0x28, 0x76, 0x61, 0x6c, 0x75, 0x65, 0x20
  .byte 0x61, 0x73, 0x20, 0x22, 0x73, 0x68, 0x6f, 0x77, 0x22, 0x20, 0x7c, 0x20, 0x22, 0x68, 0x69, 0x64
  .byte 0x65, 0x22, 0x29, 0x7d, 0x0a, 0x20, 0x20, 0x20, 0x20, 0x20, 0x20, 0x20, 0x20, 0x20, 0x20, 0x20
  .byte 0x20, 0x20, 0x20, 0x20, 0x20, 0x20, 0x20, 0x6f, 0x70, 0x74, 0x69, 0x6f, 0x6e, 0x73, 0x3d, 0x7b
  .byte 0x5b, 0x0a, 0x20, 0x20, 0x20, 0x20, 0x20, 0x20, 0x20, 0x20, 0x20, 0x20, 0x20, 0x20, 0x20, 0x20
  .byte 0x20, 0x20, 0x20, 0x20, 0x20, 0x20, 0x7b, 0x20, 0x6c, 0x61, 0x62, 0x65, 0x6c, 0x3a, 0x20, 0x22
  .byte 0x53, 0x68, 0x6f, 0x77, 0x22, 0x2c, 0x20, 0x76, 0x61, 0x6c, 0x75, 0x65, 0x3a, 0x20, 0x22, 0x73
  .byte 0x68, 0x6f, 0x77, 0x22, 0x20, 0x7d, 0x2c, 0x0a, 0x20, 0x20, 0x20, 0x20, 0x20, 0x20, 0x20, 0x20
  .byte 0x20, 0x20, 0x20, 0x20, 0x20, 0x20, 0x20, 0x20, 0x20, 0x20, 0x20, 0x20, 0x7b, 0x20, 0x6c, 0x61
  .byte 0x62, 0x65, 0x6c, 0x3a, 0x20, 0x22, 0x48, 0x69, 0x64, 0x65, 0x22, 0x2c, 0x20, 0x76, 0x61, 0x6c
  .byte 0x75, 0x65, 0x3a, 0x20, 0x22, 0x68, 0x69, 0x64, 0x65, 0x22, 0x20, 0x7d, 0x2c, 0x0a, 0x20, 0x20
  .byte 0x20, 0x20, 0x20, 0x20, 0x20, 0x20, 0x20, 0x20, 0x20, 0x20, 0x20, 0x20, 0x20, 0x20, 0x20, 0x20
  .byte 0x5d, 0x7d, 0x0a, 0x20, 0x20, 0x20, 0x20, 0x20, 0x20, 0x20, 0x20, 0x20, 0x20, 0x20, 0x20, 0x20
  .byte 0x20, 0x20, 0x20, 0x2f, 0x3e, 0x0a, 0x20, 0x20, 0x20, 0x20, 0x20, 0x20, 0x20, 0x20, 0x20, 0x20
  .byte 0x20, 0x20, 0x20, 0x20, 0x3c, 0x2f, 0x64, 0x69, 0x76, 0x3e, 0x0a, 0x0a, 0x20, 0x20, 0x20, 0x20
  .byte 0x20, 0x20, 0x20, 0x20, 0x20, 0x20, 0x20, 0x20, 0x20, 0x20, 0x3c, 0x64, 0x69, 0x76, 0x20, 0x63
  .byte 0x6c, 0x61, 0x73, 0x73, 0x4e, 0x61, 0x6d, 0x65, 0x3d, 0x7b, 0x73, 0x74, 0x79, 0x6c, 0x65, 0x73
  .byte 0x2e, 0x63, 0x6f, 0x6e, 0x74, 0x72, 0x6f, 0x6c, 0x53, 0x65, 0x63, 0x74, 0x69, 0x6f, 0x6e, 0x7d
  .byte 0x3e, 0x0a, 0x20, 0x20, 0x20, 0x20, 0x20, 0x20, 0x20, 0x20, 0x20, 0x20, 0x20, 0x20, 0x20, 0x20
  .byte 0x20, 0x20, 0x3c, 0x70, 0x20, 0x63, 0x6c, 0x61, 0x73, 0x73, 0x4e, 0x61, 0x6d, 0x65, 0x3d, 0x7b
  .byte 0x73, 0x74, 0x79, 0x6c, 0x65, 0x73, 0x2e, 0x73, 0x65, 0x63, 0x74, 0x69, 0x6f, 0x6e, 0x54, 0x69
  .byte 0x74, 0x6c, 0x65, 0x7d, 0x3e, 0x49, 0x6e, 0x74, 0x65, 0x72, 0x61, 0x63, 0x74, 0x69, 0x6f, 0x6e
  .byte 0x3c, 0x2f, 0x70, 0x3e, 0x0a, 0x20, 0x20, 0x20, 0x20, 0x20, 0x20, 0x20, 0x20, 0x20, 0x20, 0x20
  .byte 0x20, 0x20, 0x20, 0x20, 0x20, 0x3c, 0x53, 0x65, 0x67, 0x6d, 0x65, 0x6e, 0x74, 0x65, 0x64, 0x54
  .byte 0x6f, 0x67, 0x67, 0x6c, 0x65, 0x0a, 0x20, 0x20, 0x20, 0x20, 0x20, 0x20, 0x20, 0x20, 0x20, 0x20
  .byte 0x20, 0x20, 0x20, 0x20, 0x20, 0x20, 0x20, 0x20, 0x61, 0x72, 0x69, 0x61, 0x4c, 0x61, 0x62, 0x65
  .byte 0x6c, 0x3d, 0x22, 0x54, 0x6f, 0x67, 0x67, 0x6c, 0x65, 0x20, 0x6c, 0x69, 0x73, 0x74, 0x20, 0x69
  .byte 0x6e, 0x74, 0x65, 0x72, 0x61, 0x63, 0x74, 0x69, 0x6f, 0x6e, 0x20, 0x6d, 0x6f, 0x64, 0x65, 0x22
  .byte 0x0a, 0x20, 0x20, 0x20, 0x20, 0x20, 0x20, 0x20, 0x20, 0x20, 0x20, 0x20, 0x20, 0x20, 0x20, 0x20
  .byte 0x20, 0x20, 0x20, 0x76, 0x61, 0x6c, 0x75, 0x65, 0x3d, 0x7b, 0x69, 0x6e, 0x74, 0x65, 0x72, 0x61
  .byte 0x63, 0x74, 0x69, 0x6f, 0x6e, 0x4d, 0x6f, 0x64, 0x65, 0x7d, 0x0a, 0x20, 0x20, 0x20, 0x20, 0x20
  .byte 0x20, 0x20, 0x20, 0x20, 0x20, 0x20, 0x20, 0x20, 0x20, 0x20, 0x20, 0x20, 0x20, 0x6f, 0x6e, 0x43
  .byte 0x68, 0x61, 0x6e, 0x67, 0x65, 0x3d, 0x7b, 0x28, 0x76, 0x61, 0x6c, 0x75, 0x65, 0x29, 0x20, 0x3d
  .byte 0x3e, 0x20, 0x73, 0x65, 0x74, 0x49, 0x6e, 0x74, 0x65, 0x72, 0x61, 0x63, 0x74, 0x69, 0x6f, 0x6e
  .byte 0x4d, 0x6f, 0x64, 0x65, 0x28, 0x76, 0x61, 0x6c, 0x75, 0x65, 0x20, 0x61, 0x73, 0x20, 0x4c, 0x69
  .byte 0x73, 0x74, 0x49, 0x6e, 0x74, 0x65, 0x72, 0x61, 0x63, 0x74, 0x69, 0x6f, 0x6e, 0x4d, 0x6f, 0x64
  .byte 0x65, 0x29, 0x7d, 0x0a, 0x20, 0x20, 0x20, 0x20, 0x20, 0x20, 0x20, 0x20, 0x20, 0x20, 0x20, 0x20
  .byte 0x20, 0x20, 0x20, 0x20, 0x20, 0x20, 0x6f, 0x70, 0x74, 0x69, 0x6f, 0x6e, 0x73, 0x3d, 0x7b, 0x5b
  .byte 0x0a, 0x20, 0x20, 0x20, 0x20, 0x20, 0x20, 0x20, 0x20, 0x20, 0x20, 0x20, 0x20, 0x20, 0x20, 0x20
  .byte 0x20, 0x20, 0x20, 0x20, 0x20, 0x7b, 0x20, 0x6c, 0x61, 0x62, 0x65, 0x6c, 0x3a, 0x20, 0x22, 0x53
  .byte 0x74, 0x61, 0x74, 0x69, 0x63, 0x22, 0x2c, 0x20, 0x76, 0x61, 0x6c, 0x75, 0x65, 0x3a, 0x20, 0x22
  .byte 0x73, 0x74, 0x61, 0x74, 0x69, 0x63, 0x22, 0x20, 0x7d, 0x2c, 0x0a, 0x20, 0x20, 0x20, 0x20, 0x20
  .byte 0x20, 0x20, 0x20, 0x20, 0x20, 0x20, 0x20, 0x20, 0x20, 0x20, 0x20, 0x20, 0x20, 0x20, 0x20, 0x7b
  .byte 0x20, 0x6c, 0x61, 0x62, 0x65, 0x6c, 0x3a, 0x20, 0x22, 0x43, 0x6c, 0x69, 0x63, 0x6b, 0x61, 0x62
  .byte 0x6c, 0x65, 0x22, 0x2c, 0x20, 0x76, 0x61, 0x6c, 0x75, 0x65, 0x3a, 0x20, 0x22, 0x63, 0x6c, 0x69
  .byte 0x63, 0x6b, 0x61, 0x62, 0x6c, 0x65, 0x22, 0x20, 0x7d, 0x2c, 0x0a, 0x20, 0x20, 0x20, 0x20, 0x20
  .byte 0x20, 0x20, 0x20, 0x20, 0x20, 0x20, 0x20, 0x20, 0x20, 0x20, 0x20, 0x20, 0x20, 0x5d, 0x7d, 0x0a
  .byte 0x20, 0x20, 0x20, 0x20, 0x20, 0x20, 0x20, 0x20, 0x20, 0x20, 0x20, 0x20, 0x20, 0x20, 0x20, 0x20
  .byte 0x2f, 0x3e, 0x0a, 0x20, 0x20, 0x20, 0x20, 0x20, 0x20, 0x20, 0x20, 0x20, 0x20, 0x20, 0x20, 0x20
  .byte 0x20, 0x3c, 0x2f, 0x64, 0x69, 0x76, 0x3e, 0x0a, 0x20, 0x20, 0x20, 0x20, 0x20, 0x20, 0x20, 0x20
  .byte 0x20, 0x20, 0x20, 0x20, 0x3c, 0x2f, 0x64, 0x69, 0x76, 0x3e, 0x0a, 0x20, 0x20, 0x20, 0x20, 0x20
  .byte 0x20, 0x20, 0x20, 0x20, 0x20, 0x7d, 0x0a, 0x20, 0x20, 0x20, 0x20, 0x20, 0x20, 0x20, 0x20, 0x2f
  .byte 0x3e, 0x0a, 0x20, 0x20, 0x20, 0x20, 0x20, 0x20, 0x3c, 0x2f, 0x50, 0x72, 0x65, 0x76, 0x69, 0x65
  .byte 0x77, 0x53, 0x65, 0x63, 0x74, 0x69, 0x6f, 0x6e, 0x3e, 0x0a, 0x20, 0x20, 0x20, 0x20, 0x3c, 0x2f
  .byte 0x50, 0x72, 0x65, 0x76, 0x69, 0x65, 0x77, 0x50, 0x61, 0x67, 0x65, 0x3e, 0x0a, 0x20, 0x20, 0x29
  .byte 0x3b, 0x0a, 0x7d, 0x0a

  .globl openui_full_port_docs_app_components_blocks_lists_page_tsx_cdd86388bdf2_pass_4_len
openui_full_port_docs_app_components_blocks_lists_page_tsx_cdd86388bdf2_pass_4_len:
  .quad 5716
