# OpenUI mechanical full assembly port
# source: docs/app/(home)/sections/Footer/Footer.tsx
# sha256: be6ef76be01b406ba856a8c5a38ea43a33f2898a7feb625045d71e2acbcdf47c
# bytes: 7730
# assembly passes: 4
  .section .rodata
# assembly pass: 1/4
  .globl openui_full_port_docs_app__home__sections_Footer_Footer_tsx_be6ef76be01b
openui_full_port_docs_app__home__sections_Footer_Footer_tsx_be6ef76be01b:
  .byte 0x22, 0x75, 0x73, 0x65, 0x20, 0x63, 0x6c, 0x69, 0x65, 0x6e, 0x74, 0x22, 0x3b, 0x0a, 0x69, 0x6d
  .byte 0x70, 0x6f, 0x72, 0x74, 0x20, 0x6d, 0x61, 0x73, 0x63, 0x6f, 0x74, 0x44, 0x61, 0x72, 0x6b, 0x53
  .byte 0x76, 0x67, 0x50, 0x61, 0x74, 0x68, 0x73, 0x20, 0x66, 0x72, 0x6f, 0x6d, 0x20, 0x22, 0x40, 0x2f
  .byte 0x69, 0x6d, 0x70, 0x6f, 0x72, 0x74, 0x73, 0x2f, 0x73, 0x76, 0x67, 0x2d, 0x6d, 0x61, 0x73, 0x63
  .byte 0x6f, 0x74, 0x2d, 0x64, 0x61, 0x72, 0x6b, 0x22, 0x3b, 0x0a, 0x69, 0x6d, 0x70, 0x6f, 0x72, 0x74
  .byte 0x20, 0x73, 0x76, 0x67, 0x50, 0x61, 0x74, 0x68, 0x73, 0x20, 0x66, 0x72, 0x6f, 0x6d, 0x20, 0x22
  .byte 0x40, 0x2f, 0x69, 0x6d, 0x70, 0x6f, 0x72, 0x74, 0x73, 0x2f, 0x73, 0x76, 0x67, 0x2d, 0x75, 0x72
  .byte 0x72, 0x75, 0x76, 0x6f, 0x68, 0x32, 0x62, 0x65, 0x22, 0x3b, 0x0a, 0x69, 0x6d, 0x70, 0x6f, 0x72
  .byte 0x74, 0x20, 0x6d, 0x61, 0x73, 0x63, 0x6f, 0x74, 0x53, 0x76, 0x67, 0x50, 0x61, 0x74, 0x68, 0x73
  .byte 0x20, 0x66, 0x72, 0x6f, 0x6d, 0x20, 0x22, 0x40, 0x2f, 0x69, 0x6d, 0x70, 0x6f, 0x72, 0x74, 0x73
  .byte 0x2f, 0x73, 0x76, 0x67, 0x2d, 0x78, 0x65, 0x75, 0x72, 0x71, 0x6e, 0x33, 0x6a, 0x31, 0x72, 0x22
  .byte 0x3b, 0x0a, 0x69, 0x6d, 0x70, 0x6f, 0x72, 0x74, 0x20, 0x7b, 0x20, 0x75, 0x73, 0x65, 0x49, 0x64
  .byte 0x20, 0x7d, 0x20, 0x66, 0x72, 0x6f, 0x6d, 0x20, 0x22, 0x72, 0x65, 0x61, 0x63, 0x74, 0x22, 0x3b
  .byte 0x0a, 0x69, 0x6d, 0x70, 0x6f, 0x72, 0x74, 0x20, 0x73, 0x74, 0x79, 0x6c, 0x65, 0x73, 0x20, 0x66
  .byte 0x72, 0x6f, 0x6d, 0x20, 0x22, 0x2e, 0x2f, 0x46, 0x6f, 0x6f, 0x74, 0x65, 0x72, 0x2e, 0x6d, 0x6f
  .byte 0x64, 0x75, 0x6c, 0x65, 0x2e, 0x63, 0x73, 0x73, 0x22, 0x3b, 0x0a, 0x0a, 0x2f, 0x2f, 0x20, 0x2d
  .byte 0x2d, 0x2d, 0x2d, 0x2d, 0x2d, 0x2d, 0x2d, 0x2d, 0x2d, 0x2d, 0x2d, 0x2d, 0x2d, 0x2d, 0x2d, 0x2d
  .byte 0x2d, 0x2d, 0x2d, 0x2d, 0x2d, 0x2d, 0x2d, 0x2d, 0x2d, 0x2d, 0x2d, 0x2d, 0x2d, 0x2d, 0x2d, 0x2d
  .byte 0x2d, 0x2d, 0x2d, 0x2d, 0x2d, 0x2d, 0x2d, 0x2d, 0x2d, 0x2d, 0x2d, 0x2d, 0x2d, 0x2d, 0x2d, 0x2d
  .byte 0x2d, 0x2d, 0x2d, 0x2d, 0x2d, 0x2d, 0x2d, 0x2d, 0x2d, 0x2d, 0x2d, 0x2d, 0x2d, 0x2d, 0x2d, 0x2d
  .byte 0x2d, 0x2d, 0x2d, 0x2d, 0x2d, 0x2d, 0x2d, 0x2d, 0x2d, 0x2d, 0x0a, 0x2f, 0x2f, 0x20, 0x44, 0x61
  .byte 0x74, 0x61, 0x0a, 0x2f, 0x2f, 0x20, 0x2d, 0x2d, 0x2d, 0x2d, 0x2d, 0x2d, 0x2d, 0x2d, 0x2d, 0x2d
  .byte 0x2d, 0x2d, 0x2d, 0x2d, 0x2d, 0x2d, 0x2d, 0x2d, 0x2d, 0x2d, 0x2d, 0x2d, 0x2d, 0x2d, 0x2d, 0x2d
  .byte 0x2d, 0x2d, 0x2d, 0x2d, 0x2d, 0x2d, 0x2d, 0x2d, 0x2d, 0x2d, 0x2d, 0x2d, 0x2d, 0x2d, 0x2d, 0x2d
  .byte 0x2d, 0x2d, 0x2d, 0x2d, 0x2d, 0x2d, 0x2d, 0x2d, 0x2d, 0x2d, 0x2d, 0x2d, 0x2d, 0x2d, 0x2d, 0x2d
  .byte 0x2d, 0x2d, 0x2d, 0x2d, 0x2d, 0x2d, 0x2d, 0x2d, 0x2d, 0x2d, 0x2d, 0x2d, 0x2d, 0x2d, 0x2d, 0x2d
  .byte 0x2d, 0x0a, 0x0a, 0x69, 0x6e, 0x74, 0x65, 0x72, 0x66, 0x61, 0x63, 0x65, 0x20, 0x53, 0x6f, 0x63
  .byte 0x69, 0x61, 0x6c, 0x4c, 0x69, 0x6e, 0x6b, 0x20, 0x7b, 0x0a, 0x20, 0x20, 0x6c, 0x61, 0x62, 0x65
  .byte 0x6c, 0x3a, 0x20, 0x73, 0x74, 0x72, 0x69, 0x6e, 0x67, 0x3b, 0x0a, 0x20, 0x20, 0x68, 0x72, 0x65
  .byte 0x66, 0x3a, 0x20, 0x73, 0x74, 0x72, 0x69, 0x6e, 0x67, 0x3b, 0x0a, 0x20, 0x20, 0x76, 0x69, 0x65
  .byte 0x77, 0x42, 0x6f, 0x78, 0x3a, 0x20, 0x73, 0x74, 0x72, 0x69, 0x6e, 0x67, 0x3b, 0x0a, 0x20, 0x20
  .byte 0x70, 0x61, 0x74, 0x68, 0x3a, 0x20, 0x73, 0x74, 0x72, 0x69, 0x6e, 0x67, 0x3b, 0x0a, 0x20, 0x20
  .byte 0x77, 0x72, 0x61, 0x70, 0x70, 0x65, 0x72, 0x43, 0x6c, 0x61, 0x73, 0x73, 0x4e, 0x61, 0x6d, 0x65
  .byte 0x3f, 0x3a, 0x20, 0x73, 0x74, 0x72, 0x69, 0x6e, 0x67, 0x3b, 0x0a, 0x20, 0x20, 0x63, 0x6c, 0x69
  .byte 0x70, 0x49, 0x64, 0x3f, 0x3a, 0x20, 0x73, 0x74, 0x72, 0x69, 0x6e, 0x67, 0x3b, 0x0a, 0x20, 0x20
  .byte 0x63, 0x6c, 0x69, 0x70, 0x53, 0x69, 0x7a, 0x65, 0x3f, 0x3a, 0x20, 0x7b, 0x20, 0x77, 0x69, 0x64
  .byte 0x74, 0x68, 0x3a, 0x20, 0x73, 0x74, 0x72, 0x69, 0x6e, 0x67, 0x3b, 0x20, 0x68, 0x65, 0x69, 0x67
  .byte 0x68, 0x74, 0x3a, 0x20, 0x73, 0x74, 0x72, 0x69, 0x6e, 0x67, 0x20, 0x7d, 0x3b, 0x0a, 0x7d, 0x0a
  .byte 0x0a, 0x63, 0x6f, 0x6e, 0x73, 0x74, 0x20, 0x53, 0x4f, 0x43, 0x49, 0x41, 0x4c, 0x5f, 0x4c, 0x49
  .byte 0x4e, 0x4b, 0x53, 0x3a, 0x20, 0x53, 0x6f, 0x63, 0x69, 0x61, 0x6c, 0x4c, 0x69, 0x6e, 0x6b, 0x5b
  .byte 0x5d, 0x20, 0x3d, 0x20, 0x5b, 0x0a, 0x20, 0x20, 0x7b, 0x0a, 0x20, 0x20, 0x20, 0x20, 0x6c, 0x61
  .byte 0x62, 0x65, 0x6c, 0x3a, 0x20, 0x22, 0x54, 0x77, 0x69, 0x74, 0x74, 0x65, 0x72, 0x22, 0x2c, 0x0a
  .byte 0x20, 0x20, 0x20, 0x20, 0x68, 0x72, 0x65, 0x66, 0x3a, 0x20, 0x22, 0x68, 0x74, 0x74, 0x70, 0x73
  .byte 0x3a, 0x2f, 0x2f, 0x78, 0x2e, 0x63, 0x6f, 0x6d, 0x2f, 0x74, 0x68, 0x65, 0x73, 0x79, 0x73, 0x64
  .byte 0x65, 0x76, 0x22, 0x2c, 0x0a, 0x20, 0x20, 0x20, 0x20, 0x76, 0x69, 0x65, 0x77, 0x42, 0x6f, 0x78
  .byte 0x3a, 0x20, 0x22, 0x30, 0x20, 0x30, 0x20, 0x32, 0x34, 0x20, 0x32, 0x34, 0x22, 0x2c, 0x0a, 0x20
  .byte 0x20, 0x20, 0x20, 0x70, 0x61, 0x74, 0x68, 0x3a, 0x20, 0x73, 0x76, 0x67, 0x50, 0x61, 0x74, 0x68
  .byte 0x73, 0x2e, 0x70, 0x61, 0x31, 0x65, 0x37, 0x31, 0x30, 0x30, 0x2c, 0x0a, 0x20, 0x20, 0x20, 0x20
  .byte 0x77, 0x72, 0x61, 0x70, 0x70, 0x65, 0x72, 0x43, 0x6c, 0x61, 0x73, 0x73, 0x4e, 0x61, 0x6d, 0x65
  .byte 0x3a, 0x20, 0x73, 0x74, 0x79, 0x6c, 0x65, 0x73, 0x2e, 0x73, 0x6f, 0x63, 0x69, 0x61, 0x6c, 0x49
  .byte 0x63, 0x6f, 0x6e, 0x54, 0x77, 0x69, 0x74, 0x74, 0x65, 0x72, 0x2c, 0x0a, 0x20, 0x20, 0x7d, 0x2c
  .byte 0x0a, 0x20, 0x20, 0x7b, 0x0a, 0x20, 0x20, 0x20, 0x20, 0x6c, 0x61, 0x62, 0x65, 0x6c, 0x3a, 0x20
  .byte 0x22, 0x44, 0x69, 0x73, 0x63, 0x6f, 0x72, 0x64, 0x22, 0x2c, 0x0a, 0x20, 0x20, 0x20, 0x20, 0x68
  .byte 0x72, 0x65, 0x66, 0x3a, 0x20, 0x22, 0x68, 0x74, 0x74, 0x70, 0x73, 0x3a, 0x2f, 0x2f, 0x64, 0x69
  .byte 0x73, 0x63, 0x6f, 0x72, 0x64, 0x2e, 0x63, 0x6f, 0x6d, 0x2f, 0x69, 0x6e, 0x76, 0x69, 0x74, 0x65
  .byte 0x2f, 0x50, 0x62, 0x76, 0x35, 0x50, 0x73, 0x71, 0x55, 0x53, 0x76, 0x22, 0x2c, 0x0a, 0x20, 0x20
  .byte 0x20, 0x20, 0x76, 0x69, 0x65, 0x77, 0x42, 0x6f, 0x78, 0x3a, 0x20, 0x22, 0x30, 0x20, 0x30, 0x20
  .byte 0x32, 0x31, 0x2e, 0x39, 0x36, 0x31, 0x31, 0x20, 0x31, 0x37, 0x22, 0x2c, 0x0a, 0x20, 0x20, 0x20
  .byte 0x20, 0x70, 0x61, 0x74, 0x68, 0x3a, 0x20, 0x73, 0x76, 0x67, 0x50, 0x61, 0x74, 0x68, 0x73, 0x2e
  .byte 0x70, 0x33, 0x38, 0x38, 0x35, 0x63, 0x64, 0x30, 0x30, 0x2c, 0x0a, 0x20, 0x20, 0x7d, 0x2c, 0x0a
  .byte 0x20, 0x20, 0x7b, 0x0a, 0x20, 0x20, 0x20, 0x20, 0x6c, 0x61, 0x62, 0x65, 0x6c, 0x3a, 0x20, 0x22
  .byte 0x59, 0x6f, 0x75, 0x54, 0x75, 0x62, 0x65, 0x22, 0x2c, 0x0a, 0x20, 0x20, 0x20, 0x20, 0x68, 0x72
  .byte 0x65, 0x66, 0x3a, 0x20, 0x22, 0x68, 0x74, 0x74, 0x70, 0x73, 0x3a, 0x2f, 0x2f, 0x77, 0x77, 0x77
  .byte 0x2e, 0x79, 0x6f, 0x75, 0x74, 0x75, 0x62, 0x65, 0x2e, 0x63, 0x6f, 0x6d, 0x2f, 0x40, 0x74, 0x68
  .byte 0x65, 0x73, 0x79, 0x73, 0x64, 0x65, 0x76, 0x22, 0x2c, 0x0a, 0x20, 0x20, 0x20, 0x20, 0x76, 0x69
  .byte 0x65, 0x77, 0x42, 0x6f, 0x78, 0x3a, 0x20, 0x22, 0x30, 0x20, 0x30, 0x20, 0x32, 0x32, 0x20, 0x31
  .byte 0x35, 0x2e, 0x34, 0x36, 0x38, 0x38, 0x22, 0x2c, 0x0a, 0x20, 0x20, 0x20, 0x20, 0x70, 0x61, 0x74
  .byte 0x68, 0x3a, 0x20, 0x73, 0x76, 0x67, 0x50, 0x61, 0x74, 0x68, 0x73, 0x2e, 0x70, 0x32, 0x33, 0x64
  .byte 0x62, 0x62, 0x64, 0x30, 0x30, 0x2c, 0x0a, 0x20, 0x20, 0x20, 0x20, 0x77, 0x72, 0x61, 0x70, 0x70
  .byte 0x65, 0x72, 0x43, 0x6c, 0x61, 0x73, 0x73, 0x4e, 0x61, 0x6d, 0x65, 0x3a, 0x20, 0x73, 0x74, 0x79
  .byte 0x6c, 0x65, 0x73, 0x2e, 0x73, 0x6f, 0x63, 0x69, 0x61, 0x6c, 0x49, 0x63, 0x6f, 0x6e, 0x59, 0x6f
  .byte 0x75, 0x74, 0x75, 0x62, 0x65, 0x2c, 0x0a, 0x20, 0x20, 0x20, 0x20, 0x63, 0x6c, 0x69, 0x70, 0x49
  .byte 0x64, 0x3a, 0x20, 0x22, 0x63, 0x6c, 0x69, 0x70, 0x5f, 0x79, 0x74, 0x22, 0x2c, 0x0a, 0x20, 0x20
  .byte 0x20, 0x20, 0x63, 0x6c, 0x69, 0x70, 0x53, 0x69, 0x7a, 0x65, 0x3a, 0x20, 0x7b, 0x20, 0x77, 0x69
  .byte 0x64, 0x74, 0x68, 0x3a, 0x20, 0x22, 0x32, 0x32, 0x22, 0x2c, 0x20, 0x68, 0x65, 0x69, 0x67, 0x68
  .byte 0x74, 0x3a, 0x20, 0x22, 0x31, 0x35, 0x2e, 0x34, 0x36, 0x38, 0x38, 0x22, 0x20, 0x7d, 0x2c, 0x0a
  .byte 0x20, 0x20, 0x7d, 0x2c, 0x0a, 0x20, 0x20, 0x7b, 0x0a, 0x20, 0x20, 0x20, 0x20, 0x6c, 0x61, 0x62
  .byte 0x65, 0x6c, 0x3a, 0x20, 0x22, 0x4c, 0x69, 0x6e, 0x6b, 0x65, 0x64, 0x49, 0x6e, 0x22, 0x2c, 0x0a
  .byte 0x20, 0x20, 0x20, 0x20, 0x68, 0x72, 0x65, 0x66, 0x3a, 0x20, 0x22, 0x68, 0x74, 0x74, 0x70, 0x73
  .byte 0x3a, 0x2f, 0x2f, 0x77, 0x77, 0x77, 0x2e, 0x6c, 0x69, 0x6e, 0x6b, 0x65, 0x64, 0x69, 0x6e, 0x2e
  .byte 0x63, 0x6f, 0x6d, 0x2f, 0x63, 0x6f, 0x6d, 0x70, 0x61, 0x6e, 0x79, 0x2f, 0x74, 0x68, 0x65, 0x73
  .byte 0x79, 0x73, 0x64, 0x65, 0x76, 0x2f, 0x22, 0x2c, 0x0a, 0x20, 0x20, 0x20, 0x20, 0x76, 0x69, 0x65
  .byte 0x77, 0x42, 0x6f, 0x78, 0x3a, 0x20, 0x22, 0x30, 0x20, 0x30, 0x20, 0x31, 0x39, 0x20, 0x31, 0x39
  .byte 0x22, 0x2c, 0x0a, 0x20, 0x20, 0x20, 0x20, 0x70, 0x61, 0x74, 0x68, 0x3a, 0x20, 0x73, 0x76, 0x67
  .byte 0x50, 0x61, 0x74, 0x68, 0x73, 0x2e, 0x70, 0x32, 0x36, 0x66, 0x63, 0x33, 0x31, 0x30, 0x30, 0x2c
  .byte 0x0a, 0x20, 0x20, 0x20, 0x20, 0x77, 0x72, 0x61, 0x70, 0x70, 0x65, 0x72, 0x43, 0x6c, 0x61, 0x73
  .byte 0x73, 0x4e, 0x61, 0x6d, 0x65, 0x3a, 0x20, 0x73, 0x74, 0x79, 0x6c, 0x65, 0x73, 0x2e, 0x73, 0x6f
  .byte 0x63, 0x69, 0x61, 0x6c, 0x49, 0x63, 0x6f, 0x6e, 0x4c, 0x69, 0x6e, 0x6b, 0x65, 0x64, 0x49, 0x6e
  .byte 0x2c, 0x0a, 0x20, 0x20, 0x20, 0x20, 0x63, 0x6c, 0x69, 0x70, 0x49, 0x64, 0x3a, 0x20, 0x22, 0x63
  .byte 0x6c, 0x69, 0x70, 0x5f, 0x6c, 0x69, 0x22, 0x2c, 0x0a, 0x20, 0x20, 0x20, 0x20, 0x63, 0x6c, 0x69
  .byte 0x70, 0x53, 0x69, 0x7a, 0x65, 0x3a, 0x20, 0x7b, 0x20, 0x77, 0x69, 0x64, 0x74, 0x68, 0x3a, 0x20
  .byte 0x22, 0x31, 0x39, 0x22, 0x2c, 0x20, 0x68, 0x65, 0x69, 0x67, 0x68, 0x74, 0x3a, 0x20, 0x22, 0x31
  .byte 0x39, 0x22, 0x20, 0x7d, 0x2c, 0x0a, 0x20, 0x20, 0x7d, 0x2c, 0x0a, 0x5d, 0x3b, 0x0a, 0x0a, 0x2f
  .byte 0x2f, 0x20, 0x2d, 0x2d, 0x2d, 0x2d, 0x2d, 0x2d, 0x2d, 0x2d, 0x2d, 0x2d, 0x2d, 0x2d, 0x2d, 0x2d
  .byte 0x2d, 0x2d, 0x2d, 0x2d, 0x2d, 0x2d, 0x2d, 0x2d, 0x2d, 0x2d, 0x2d, 0x2d, 0x2d, 0x2d, 0x2d, 0x2d
  .byte 0x2d, 0x2d, 0x2d, 0x2d, 0x2d, 0x2d, 0x2d, 0x2d, 0x2d, 0x2d, 0x2d, 0x2d, 0x2d, 0x2d, 0x2d, 0x2d
  .byte 0x2d, 0x2d, 0x2d, 0x2d, 0x2d, 0x2d, 0x2d, 0x2d, 0x2d, 0x2d, 0x2d, 0x2d, 0x2d, 0x2d, 0x2d, 0x2d
  .byte 0x2d, 0x2d, 0x2d, 0x2d, 0x2d, 0x2d, 0x2d, 0x2d, 0x2d, 0x2d, 0x2d, 0x2d, 0x2d, 0x0a, 0x2f, 0x2f
  .byte 0x20, 0x53, 0x75, 0x62, 0x2d, 0x63, 0x6f, 0x6d, 0x70, 0x6f, 0x6e, 0x65, 0x6e, 0x74, 0x73, 0x0a
  .byte 0x2f, 0x2f, 0x20, 0x2d, 0x2d, 0x2d, 0x2d, 0x2d, 0x2d, 0x2d, 0x2d, 0x2d, 0x2d, 0x2d, 0x2d, 0x2d
  .byte 0x2d, 0x2d, 0x2d, 0x2d, 0x2d, 0x2d, 0x2d, 0x2d, 0x2d, 0x2d, 0x2d, 0x2d, 0x2d, 0x2d, 0x2d, 0x2d
  .byte 0x2d, 0x2d, 0x2d, 0x2d, 0x2d, 0x2d, 0x2d, 0x2d, 0x2d, 0x2d, 0x2d, 0x2d, 0x2d, 0x2d, 0x2d, 0x2d
  .byte 0x2d, 0x2d, 0x2d, 0x2d, 0x2d, 0x2d, 0x2d, 0x2d, 0x2d, 0x2d, 0x2d, 0x2d, 0x2d, 0x2d, 0x2d, 0x2d
  .byte 0x2d, 0x2d, 0x2d, 0x2d, 0x2d, 0x2d, 0x2d, 0x2d, 0x2d, 0x2d, 0x2d, 0x2d, 0x2d, 0x2d, 0x0a, 0x0a
  .byte 0x66, 0x75, 0x6e, 0x63, 0x74, 0x69, 0x6f, 0x6e, 0x20, 0x53, 0x6f, 0x63, 0x69, 0x61, 0x6c, 0x49
  .byte 0x63, 0x6f, 0x6e, 0x28, 0x7b, 0x20, 0x6c, 0x69, 0x6e, 0x6b, 0x20, 0x7d, 0x3a, 0x20, 0x7b, 0x20
  .byte 0x6c, 0x69, 0x6e, 0x6b, 0x3a, 0x20, 0x53, 0x6f, 0x63, 0x69, 0x61, 0x6c, 0x4c, 0x69, 0x6e, 0x6b
  .byte 0x20, 0x7d, 0x29, 0x20, 0x7b, 0x0a, 0x20, 0x20, 0x63, 0x6f, 0x6e, 0x73, 0x74, 0x20, 0x75, 0x6e
  .byte 0x69, 0x71, 0x75, 0x65, 0x49, 0x64, 0x20, 0x3d, 0x20, 0x75, 0x73, 0x65, 0x49, 0x64, 0x28, 0x29
  .byte 0x3b, 0x0a, 0x20, 0x20, 0x63, 0x6f, 0x6e, 0x73, 0x74, 0x20, 0x63, 0x6c, 0x69, 0x70, 0x50, 0x61
  .byte 0x74, 0x68, 0x49, 0x64, 0x20, 0x3d, 0x20, 0x6c, 0x69, 0x6e, 0x6b, 0x2e, 0x63, 0x6c, 0x69, 0x70
  .byte 0x49, 0x64, 0x20, 0x3f, 0x20, 0x60, 0x24, 0x7b, 0x6c, 0x69, 0x6e, 0x6b, 0x2e, 0x63, 0x6c, 0x69
  .byte 0x70, 0x49, 0x64, 0x7d, 0x2d, 0x24, 0x7b, 0x75, 0x6e, 0x69, 0x71, 0x75, 0x65, 0x49, 0x64, 0x7d
  .byte 0x60, 0x20, 0x3a, 0x20, 0x75, 0x6e, 0x64, 0x65, 0x66, 0x69, 0x6e, 0x65, 0x64, 0x3b, 0x0a, 0x0a
  .byte 0x20, 0x20, 0x63, 0x6f, 0x6e, 0x73, 0x74, 0x20, 0x73, 0x76, 0x67, 0x43, 0x6f, 0x6e, 0x74, 0x65
  .byte 0x6e, 0x74, 0x20, 0x3d, 0x20, 0x63, 0x6c, 0x69, 0x70, 0x50, 0x61, 0x74, 0x68, 0x49, 0x64, 0x20
  .byte 0x3f, 0x20, 0x28, 0x0a, 0x20, 0x20, 0x20, 0x20, 0x3c, 0x73, 0x76, 0x67, 0x20, 0x63, 0x6c, 0x61
  .byte 0x73, 0x73, 0x4e, 0x61, 0x6d, 0x65, 0x3d, 0x7b, 0x73, 0x74, 0x79, 0x6c, 0x65, 0x73, 0x2e, 0x61
  .byte 0x62, 0x73, 0x6f, 0x6c, 0x75, 0x74, 0x65, 0x53, 0x76, 0x67, 0x7d, 0x20, 0x66, 0x69, 0x6c, 0x6c
  .byte 0x3d, 0x22, 0x6e, 0x6f, 0x6e, 0x65, 0x22, 0x20, 0x76, 0x69, 0x65, 0x77, 0x42, 0x6f, 0x78, 0x3d
  .byte 0x7b, 0x6c, 0x69, 0x6e, 0x6b, 0x2e, 0x76, 0x69, 0x65, 0x77, 0x42, 0x6f, 0x78, 0x7d, 0x3e, 0x0a
  .byte 0x20, 0x20, 0x20, 0x20, 0x20, 0x20, 0x3c, 0x67, 0x20, 0x63, 0x6c, 0x69, 0x70, 0x50, 0x61, 0x74
  .byte 0x68, 0x3d, 0x7b, 0x60, 0x75, 0x72, 0x6c, 0x28, 0x23, 0x24, 0x7b, 0x63, 0x6c, 0x69, 0x70, 0x50
  .byte 0x61, 0x74, 0x68, 0x49, 0x64, 0x7d, 0x29, 0x60, 0x7d, 0x3e, 0x0a, 0x20, 0x20, 0x20, 0x20, 0x20
  .byte 0x20, 0x20, 0x20, 0x3c, 0x70, 0x61, 0x74, 0x68, 0x20, 0x64, 0x3d, 0x7b, 0x6c, 0x69, 0x6e, 0x6b
  .byte 0x2e, 0x70, 0x61, 0x74, 0x68, 0x7d, 0x20, 0x66, 0x69, 0x6c, 0x6c, 0x3d, 0x22, 0x63, 0x75, 0x72
  .byte 0x72, 0x65, 0x6e, 0x74, 0x43, 0x6f, 0x6c, 0x6f, 0x72, 0x22, 0x20, 0x2f, 0x3e, 0x0a, 0x20, 0x20
  .byte 0x20, 0x20, 0x20, 0x20, 0x3c, 0x2f, 0x67, 0x3e, 0x0a, 0x20, 0x20, 0x20, 0x20, 0x20, 0x20, 0x3c
  .byte 0x64, 0x65, 0x66, 0x73, 0x3e, 0x0a, 0x20, 0x20, 0x20, 0x20, 0x20, 0x20, 0x20, 0x20, 0x3c, 0x63
  .byte 0x6c, 0x69, 0x70, 0x50, 0x61, 0x74, 0x68, 0x20, 0x69, 0x64, 0x3d, 0x7b, 0x63, 0x6c, 0x69, 0x70
  .byte 0x50, 0x61, 0x74, 0x68, 0x49, 0x64, 0x7d, 0x3e, 0x0a, 0x20, 0x20, 0x20, 0x20, 0x20, 0x20, 0x20
  .byte 0x20, 0x20, 0x20, 0x3c, 0x72, 0x65, 0x63, 0x74, 0x20, 0x66, 0x69, 0x6c, 0x6c, 0x3d, 0x22, 0x77
  .byte 0x68, 0x69, 0x74, 0x65, 0x22, 0x20, 0x68, 0x65, 0x69, 0x67, 0x68, 0x74, 0x3d, 0x7b, 0x6c, 0x69
  .byte 0x6e, 0x6b, 0x2e, 0x63, 0x6c, 0x69, 0x70, 0x53, 0x69, 0x7a, 0x65, 0x21, 0x2e, 0x68, 0x65, 0x69
  .byte 0x67, 0x68, 0x74, 0x7d, 0x20, 0x77, 0x69, 0x64, 0x74, 0x68, 0x3d, 0x7b, 0x6c, 0x69, 0x6e, 0x6b
  .byte 0x2e, 0x63, 0x6c, 0x69, 0x70, 0x53, 0x69, 0x7a, 0x65, 0x21, 0x2e, 0x77, 0x69, 0x64, 0x74, 0x68
  .byte 0x7d, 0x20, 0x2f, 0x3e, 0x0a, 0x20, 0x20, 0x20, 0x20, 0x20, 0x20, 0x20, 0x20, 0x3c, 0x2f, 0x63
  .byte 0x6c, 0x69, 0x70, 0x50, 0x61, 0x74, 0x68, 0x3e, 0x0a, 0x20, 0x20, 0x20, 0x20, 0x20, 0x20, 0x3c
  .byte 0x2f, 0x64, 0x65, 0x66, 0x73, 0x3e, 0x0a, 0x20, 0x20, 0x20, 0x20, 0x3c, 0x2f, 0x73, 0x76, 0x67
  .byte 0x3e, 0x0a, 0x20, 0x20, 0x29, 0x20, 0x3a, 0x20, 0x28, 0x0a, 0x20, 0x20, 0x20, 0x20, 0x3c, 0x73
  .byte 0x76, 0x67, 0x20, 0x63, 0x6c, 0x61, 0x73, 0x73, 0x4e, 0x61, 0x6d, 0x65, 0x3d, 0x7b, 0x73, 0x74
  .byte 0x79, 0x6c, 0x65, 0x73, 0x2e, 0x61, 0x62, 0x73, 0x6f, 0x6c, 0x75, 0x74, 0x65, 0x53, 0x76, 0x67
  .byte 0x7d, 0x20, 0x66, 0x69, 0x6c, 0x6c, 0x3d, 0x22, 0x6e, 0x6f, 0x6e, 0x65, 0x22, 0x20, 0x76, 0x69
  .byte 0x65, 0x77, 0x42, 0x6f, 0x78, 0x3d, 0x7b, 0x6c, 0x69, 0x6e, 0x6b, 0x2e, 0x76, 0x69, 0x65, 0x77
  .byte 0x42, 0x6f, 0x78, 0x7d, 0x3e, 0x0a, 0x20, 0x20, 0x20, 0x20, 0x20, 0x20, 0x3c, 0x70, 0x61, 0x74
  .byte 0x68, 0x20, 0x64, 0x3d, 0x7b, 0x6c, 0x69, 0x6e, 0x6b, 0x2e, 0x70, 0x61, 0x74, 0x68, 0x7d, 0x20
  .byte 0x66, 0x69, 0x6c, 0x6c, 0x3d, 0x22, 0x63, 0x75, 0x72, 0x72, 0x65, 0x6e, 0x74, 0x43, 0x6f, 0x6c
  .byte 0x6f, 0x72, 0x22, 0x20, 0x2f, 0x3e, 0x0a, 0x20, 0x20, 0x20, 0x20, 0x3c, 0x2f, 0x73, 0x76, 0x67
  .byte 0x3e, 0x0a, 0x20, 0x20, 0x29, 0x3b, 0x0a, 0x0a, 0x20, 0x20, 0x72, 0x65, 0x74, 0x75, 0x72, 0x6e
  .byte 0x20, 0x28, 0x0a, 0x20, 0x20, 0x20, 0x20, 0x3c, 0x61, 0x0a, 0x20, 0x20, 0x20, 0x20, 0x20, 0x20
  .byte 0x68, 0x72, 0x65, 0x66, 0x3d, 0x7b, 0x6c, 0x69, 0x6e, 0x6b, 0x2e, 0x68, 0x72, 0x65, 0x66, 0x7d
  .byte 0x0a, 0x20, 0x20, 0x20, 0x20, 0x20, 0x20, 0x74, 0x61, 0x72, 0x67, 0x65, 0x74, 0x3d, 0x22, 0x5f
  .byte 0x62, 0x6c, 0x61, 0x6e, 0x6b, 0x22, 0x0a, 0x20, 0x20, 0x20, 0x20, 0x20, 0x20, 0x72, 0x65, 0x6c
  .byte 0x3d, 0x22, 0x6e, 0x6f, 0x6f, 0x70, 0x65, 0x6e, 0x65, 0x72, 0x20, 0x6e, 0x6f, 0x72, 0x65, 0x66
  .byte 0x65, 0x72, 0x72, 0x65, 0x72, 0x22, 0x0a, 0x20, 0x20, 0x20, 0x20, 0x20, 0x20, 0x63, 0x6c, 0x61
  .byte 0x73, 0x73, 0x4e, 0x61, 0x6d, 0x65, 0x3d, 0x7b, 0x73, 0x74, 0x79, 0x6c, 0x65, 0x73, 0x2e, 0x73
  .byte 0x6f, 0x63, 0x69, 0x61, 0x6c, 0x4c, 0x69, 0x6e, 0x6b, 0x7d, 0x0a, 0x20, 0x20, 0x20, 0x20, 0x20
  .byte 0x20, 0x61, 0x72, 0x69, 0x61, 0x2d, 0x6c, 0x61, 0x62, 0x65, 0x6c, 0x3d, 0x7b, 0x6c, 0x69, 0x6e
  .byte 0x6b, 0x2e, 0x6c, 0x61, 0x62, 0x65, 0x6c, 0x7d, 0x0a, 0x20, 0x20, 0x20, 0x20, 0x3e, 0x0a, 0x20
  .byte 0x20, 0x20, 0x20, 0x20, 0x20, 0x7b, 0x6c, 0x69, 0x6e, 0x6b, 0x2e, 0x77, 0x72, 0x61, 0x70, 0x70
  .byte 0x65, 0x72, 0x43, 0x6c, 0x61, 0x73, 0x73, 0x4e, 0x61, 0x6d, 0x65, 0x20, 0x3f, 0x20, 0x28, 0x0a
  .byte 0x20, 0x20, 0x20, 0x20, 0x20, 0x20, 0x20, 0x20, 0x3c, 0x64, 0x69, 0x76, 0x20, 0x63, 0x6c, 0x61
  .byte 0x73, 0x73, 0x4e, 0x61, 0x6d, 0x65, 0x3d, 0x7b, 0x60, 0x24, 0x7b, 0x73, 0x74, 0x79, 0x6c, 0x65
  .byte 0x73, 0x2e, 0x73, 0x6f, 0x63, 0x69, 0x61, 0x6c, 0x49, 0x63, 0x6f, 0x6e, 0x57, 0x72, 0x61, 0x70
  .byte 0x7d, 0x20, 0x24, 0x7b, 0x6c, 0x69, 0x6e, 0x6b, 0x2e, 0x77, 0x72, 0x61, 0x70, 0x70, 0x65, 0x72
  .byte 0x43, 0x6c, 0x61, 0x73, 0x73, 0x4e, 0x61, 0x6d, 0x65, 0x7d, 0x60, 0x2e, 0x74, 0x72, 0x69, 0x6d
  .byte 0x28, 0x29, 0x7d, 0x3e, 0x0a, 0x20, 0x20, 0x20, 0x20, 0x20, 0x20, 0x20, 0x20, 0x20, 0x20, 0x7b
  .byte 0x73, 0x76, 0x67, 0x43, 0x6f, 0x6e, 0x74, 0x65, 0x6e, 0x74, 0x7d, 0x0a, 0x20, 0x20, 0x20, 0x20
  .byte 0x20, 0x20, 0x20, 0x20, 0x3c, 0x2f, 0x64, 0x69, 0x76, 0x3e, 0x0a, 0x20, 0x20, 0x20, 0x20, 0x20
  .byte 0x20, 0x29, 0x20, 0x3a, 0x20, 0x28, 0x0a, 0x20, 0x20, 0x20, 0x20, 0x20, 0x20, 0x20, 0x20, 0x73
  .byte 0x76, 0x67, 0x43, 0x6f, 0x6e, 0x74, 0x65, 0x6e, 0x74, 0x0a, 0x20, 0x20, 0x20, 0x20, 0x20, 0x20
  .byte 0x29, 0x7d, 0x0a, 0x20, 0x20, 0x20, 0x20, 0x3c, 0x2f, 0x61, 0x3e, 0x0a, 0x20, 0x20, 0x29, 0x3b
  .byte 0x0a, 0x7d, 0x0a, 0x0a, 0x66, 0x75, 0x6e, 0x63, 0x74, 0x69, 0x6f, 0x6e, 0x20, 0x53, 0x6f, 0x63
  .byte 0x69, 0x61, 0x6c, 0x49, 0x63, 0x6f, 0x6e, 0x73, 0x28, 0x29, 0x20, 0x7b, 0x0a, 0x20, 0x20, 0x72
  .byte 0x65, 0x74, 0x75, 0x72, 0x6e, 0x20, 0x28, 0x0a, 0x20, 0x20, 0x20, 0x20, 0x3c, 0x64, 0x69, 0x76
  .byte 0x20, 0x63, 0x6c, 0x61, 0x73, 0x73, 0x4e, 0x61, 0x6d, 0x65, 0x3d, 0x7b, 0x73, 0x74, 0x79, 0x6c
  .byte 0x65, 0x73, 0x2e, 0x73, 0x6f, 0x63, 0x69, 0x61, 0x6c, 0x49, 0x63, 0x6f, 0x6e, 0x73, 0x7d, 0x3e
  .byte 0x0a, 0x20, 0x20, 0x20, 0x20, 0x20, 0x20, 0x7b, 0x53, 0x4f, 0x43, 0x49, 0x41, 0x4c, 0x5f, 0x4c
  .byte 0x49, 0x4e, 0x4b, 0x53, 0x2e, 0x6d, 0x61, 0x70, 0x28, 0x28, 0x6c, 0x69, 0x6e, 0x6b, 0x29, 0x20
  .byte 0x3d, 0x3e, 0x20, 0x28, 0x0a, 0x20, 0x20, 0x20, 0x20, 0x20, 0x20, 0x20, 0x20, 0x3c, 0x53, 0x6f
  .byte 0x63, 0x69, 0x61, 0x6c, 0x49, 0x63, 0x6f, 0x6e, 0x20, 0x6b, 0x65, 0x79, 0x3d, 0x7b, 0x6c, 0x69
  .byte 0x6e, 0x6b, 0x2e, 0x6c, 0x61, 0x62, 0x65, 0x6c, 0x7d, 0x20, 0x6c, 0x69, 0x6e, 0x6b, 0x3d, 0x7b
  .byte 0x6c, 0x69, 0x6e, 0x6b, 0x7d, 0x20, 0x2f, 0x3e, 0x0a, 0x20, 0x20, 0x20, 0x20, 0x20, 0x20, 0x29
  .byte 0x29, 0x7d, 0x0a, 0x20, 0x20, 0x20, 0x20, 0x3c, 0x2f, 0x64, 0x69, 0x76, 0x3e, 0x0a, 0x20, 0x20
  .byte 0x29, 0x3b, 0x0a, 0x7d, 0x0a, 0x0a, 0x66, 0x75, 0x6e, 0x63, 0x74, 0x69, 0x6f, 0x6e, 0x20, 0x54
  .byte 0x68, 0x65, 0x73, 0x79, 0x73, 0x4c, 0x6f, 0x67, 0x6f, 0x28, 0x29, 0x20, 0x7b, 0x0a, 0x20, 0x20
  .byte 0x72, 0x65, 0x74, 0x75, 0x72, 0x6e, 0x20, 0x28, 0x0a, 0x20, 0x20, 0x20, 0x20, 0x3c, 0x64, 0x69
  .byte 0x76, 0x20, 0x63, 0x6c, 0x61, 0x73, 0x73, 0x4e, 0x61, 0x6d, 0x65, 0x3d, 0x7b, 0x73, 0x74, 0x79
  .byte 0x6c, 0x65, 0x73, 0x2e, 0x6c, 0x6f, 0x67, 0x6f, 0x57, 0x72, 0x61, 0x70, 0x7d, 0x3e, 0x0a, 0x20
  .byte 0x20, 0x20, 0x20, 0x20, 0x20, 0x3c, 0x73, 0x76, 0x67, 0x20, 0x63, 0x6c, 0x61, 0x73, 0x73, 0x4e
  .byte 0x61, 0x6d, 0x65, 0x3d, 0x7b, 0x73, 0x74, 0x79, 0x6c, 0x65, 0x73, 0x2e, 0x61, 0x62, 0x73, 0x6f
  .byte 0x6c, 0x75, 0x74, 0x65, 0x53, 0x76, 0x67, 0x7d, 0x20, 0x66, 0x69, 0x6c, 0x6c, 0x3d, 0x22, 0x6e
  .byte 0x6f, 0x6e, 0x65, 0x22, 0x20, 0x76, 0x69, 0x65, 0x77, 0x42, 0x6f, 0x78, 0x3d, 0x22, 0x30, 0x20
  .byte 0x30, 0x20, 0x31, 0x32, 0x33, 0x2e, 0x38, 0x37, 0x31, 0x20, 0x34, 0x39, 0x2e, 0x35, 0x34, 0x38
  .byte 0x34, 0x22, 0x3e, 0x0a, 0x20, 0x20, 0x20, 0x20, 0x20, 0x20, 0x20, 0x20, 0x3c, 0x70, 0x61, 0x74
  .byte 0x68, 0x20, 0x64, 0x3d, 0x7b, 0x73, 0x76, 0x67, 0x50, 0x61, 0x74, 0x68, 0x73, 0x2e, 0x70, 0x31
  .byte 0x36, 0x37, 0x37, 0x35, 0x32, 0x30, 0x30, 0x7d, 0x20, 0x66, 0x69, 0x6c, 0x6c, 0x3d, 0x22, 0x63
  .byte 0x75, 0x72, 0x72, 0x65, 0x6e, 0x74, 0x43, 0x6f, 0x6c, 0x6f, 0x72, 0x22, 0x20, 0x2f, 0x3e, 0x0a
  .byte 0x20, 0x20, 0x20, 0x20, 0x20, 0x20, 0x20, 0x20, 0x3c, 0x70, 0x61, 0x74, 0x68, 0x20, 0x63, 0x6c
  .byte 0x69, 0x70, 0x52, 0x75, 0x6c, 0x65, 0x3d, 0x22, 0x65, 0x76, 0x65, 0x6e, 0x6f, 0x64, 0x64, 0x22
  .byte 0x20, 0x64, 0x3d, 0x7b, 0x73, 0x76, 0x67, 0x50, 0x61, 0x74, 0x68, 0x73, 0x2e, 0x70, 0x32, 0x39
  .byte 0x61, 0x62, 0x61, 0x65, 0x33, 0x30, 0x7d, 0x20, 0x66, 0x69, 0x6c, 0x6c, 0x3d, 0x22, 0x63, 0x75
  .byte 0x72, 0x72, 0x65, 0x6e, 0x74, 0x43, 0x6f, 0x6c, 0x6f, 0x72, 0x22, 0x20, 0x66, 0x69, 0x6c, 0x6c
  .byte 0x52, 0x75, 0x6c, 0x65, 0x3d, 0x22, 0x65, 0x76, 0x65, 0x6e, 0x6f, 0x64, 0x64, 0x22, 0x20, 0x2f
  .byte 0x3e, 0x0a, 0x20, 0x20, 0x20, 0x20, 0x20, 0x20, 0x20, 0x20, 0x3c, 0x70, 0x61, 0x74, 0x68, 0x20
  .byte 0x64, 0x3d, 0x7b, 0x73, 0x76, 0x67, 0x50, 0x61, 0x74, 0x68, 0x73, 0x2e, 0x70, 0x33, 0x31, 0x38
  .byte 0x61, 0x61, 0x66, 0x38, 0x30, 0x7d, 0x20, 0x66, 0x69, 0x6c, 0x6c, 0x3d, 0x22, 0x63, 0x75, 0x72
  .byte 0x72, 0x65, 0x6e, 0x74, 0x43, 0x6f, 0x6c, 0x6f, 0x72, 0x22, 0x20, 0x2f, 0x3e, 0x0a, 0x20, 0x20
  .byte 0x20, 0x20, 0x20, 0x20, 0x20, 0x20, 0x3c, 0x70, 0x61, 0x74, 0x68, 0x20, 0x64, 0x3d, 0x7b, 0x73
  .byte 0x76, 0x67, 0x50, 0x61, 0x74, 0x68, 0x73, 0x2e, 0x70, 0x33, 0x66, 0x32, 0x32, 0x63, 0x66, 0x30
  .byte 0x30, 0x7d, 0x20, 0x66, 0x69, 0x6c, 0x6c, 0x3d, 0x22, 0x63, 0x75, 0x72, 0x72, 0x65, 0x6e, 0x74
  .byte 0x43, 0x6f, 0x6c, 0x6f, 0x72, 0x22, 0x20, 0x2f, 0x3e, 0x0a, 0x20, 0x20, 0x20, 0x20, 0x20, 0x20
  .byte 0x20, 0x20, 0x3c, 0x70, 0x61, 0x74, 0x68, 0x20, 0x64, 0x3d, 0x7b, 0x73, 0x76, 0x67, 0x50, 0x61
  .byte 0x74, 0x68, 0x73, 0x2e, 0x70, 0x32, 0x37, 0x30, 0x31, 0x33, 0x39, 0x38, 0x30, 0x7d, 0x20, 0x66
  .byte 0x69, 0x6c, 0x6c, 0x3d, 0x22, 0x63, 0x75, 0x72, 0x72, 0x65, 0x6e, 0x74, 0x43, 0x6f, 0x6c, 0x6f
  .byte 0x72, 0x22, 0x20, 0x2f, 0x3e, 0x0a, 0x20, 0x20, 0x20, 0x20, 0x20, 0x20, 0x20, 0x20, 0x3c, 0x70
  .byte 0x61, 0x74, 0x68, 0x20, 0x64, 0x3d, 0x7b, 0x73, 0x76, 0x67, 0x50, 0x61, 0x74, 0x68, 0x73, 0x2e
  .byte 0x70, 0x32, 0x31, 0x62, 0x37, 0x66, 0x33, 0x30, 0x30, 0x7d, 0x20, 0x66, 0x69, 0x6c, 0x6c, 0x3d
  .byte 0x22, 0x63, 0x75, 0x72, 0x72, 0x65, 0x6e, 0x74, 0x43, 0x6f, 0x6c, 0x6f, 0x72, 0x22, 0x20, 0x2f
  .byte 0x3e, 0x0a, 0x20, 0x20, 0x20, 0x20, 0x20, 0x20, 0x3c, 0x2f, 0x73, 0x76, 0x67, 0x3e, 0x0a, 0x20
  .byte 0x20, 0x20, 0x20, 0x3c, 0x2f, 0x64, 0x69, 0x76, 0x3e, 0x0a, 0x20, 0x20, 0x29, 0x3b, 0x0a, 0x7d
  .byte 0x0a, 0x0a, 0x66, 0x75, 0x6e, 0x63, 0x74, 0x69, 0x6f, 0x6e, 0x20, 0x48, 0x61, 0x6e, 0x64, 0x63
  .byte 0x72, 0x61, 0x66, 0x74, 0x65, 0x64, 0x4d, 0x61, 0x73, 0x63, 0x6f, 0x74, 0x28, 0x7b, 0x20, 0x69
  .byte 0x73, 0x44, 0x61, 0x72, 0x6b, 0x20, 0x7d, 0x3a, 0x20, 0x7b, 0x20, 0x69, 0x73, 0x44, 0x61, 0x72
  .byte 0x6b, 0x3a, 0x20, 0x62, 0x6f, 0x6f, 0x6c, 0x65, 0x61, 0x6e, 0x20, 0x7d, 0x29, 0x20, 0x7b, 0x0a
  .byte 0x20, 0x20, 0x69, 0x66, 0x20, 0x28, 0x69, 0x73, 0x44, 0x61, 0x72, 0x6b, 0x29, 0x20, 0x7b, 0x0a
  .byte 0x20, 0x20, 0x20, 0x20, 0x72, 0x65, 0x74, 0x75, 0x72, 0x6e, 0x20, 0x28, 0x0a, 0x20, 0x20, 0x20
  .byte 0x20, 0x20, 0x20, 0x3c, 0x73, 0x76, 0x67, 0x0a, 0x20, 0x20, 0x20, 0x20, 0x20, 0x20, 0x20, 0x20
  .byte 0x63, 0x6c, 0x61, 0x73, 0x73, 0x4e, 0x61, 0x6d, 0x65, 0x3d, 0x7b, 0x60, 0x24, 0x7b, 0x73, 0x74
  .byte 0x79, 0x6c, 0x65, 0x73, 0x2e, 0x68, 0x61, 0x6e, 0x64, 0x63, 0x72, 0x61, 0x66, 0x74, 0x65, 0x64
  .byte 0x4d, 0x61, 0x73, 0x63, 0x6f, 0x74, 0x7d, 0x20, 0x24, 0x7b, 0x73, 0x74, 0x79, 0x6c, 0x65, 0x73
  .byte 0x2e, 0x68, 0x61, 0x6e, 0x64, 0x63, 0x72, 0x61, 0x66, 0x74, 0x65, 0x64, 0x4d, 0x61, 0x73, 0x63
  .byte 0x6f, 0x74, 0x44, 0x61, 0x72, 0x6b, 0x7d, 0x60, 0x2e, 0x74, 0x72, 0x69, 0x6d, 0x28, 0x29, 0x7d
  .byte 0x0a, 0x20, 0x20, 0x20, 0x20, 0x20, 0x20, 0x20, 0x20, 0x66, 0x69, 0x6c, 0x6c, 0x3d, 0x22, 0x6e
  .byte 0x6f, 0x6e, 0x65, 0x22, 0x0a, 0x20, 0x20, 0x20, 0x20, 0x20, 0x20, 0x20, 0x20, 0x70, 0x72, 0x65
  .byte 0x73, 0x65, 0x72, 0x76, 0x65, 0x41, 0x73, 0x70, 0x65, 0x63, 0x74, 0x52, 0x61, 0x74, 0x69, 0x6f
  .byte 0x3d, 0x22, 0x78, 0x4d, 0x69, 0x64, 0x59, 0x4d, 0x69, 0x64, 0x20, 0x6d, 0x65, 0x65, 0x74, 0x22
  .byte 0x0a, 0x20, 0x20, 0x20, 0x20, 0x20, 0x20, 0x20, 0x20, 0x76, 0x69, 0x65, 0x77, 0x42, 0x6f, 0x78
  .byte 0x3d, 0x22, 0x30, 0x20, 0x30, 0x20, 0x33, 0x33, 0x20, 0x33, 0x32, 0x22, 0x0a, 0x20, 0x20, 0x20
  .byte 0x20, 0x20, 0x20, 0x3e, 0x0a, 0x20, 0x20, 0x20, 0x20, 0x20, 0x20, 0x20, 0x20, 0x3c, 0x70, 0x61
  .byte 0x74, 0x68, 0x20, 0x64, 0x3d, 0x7b, 0x6d, 0x61, 0x73, 0x63, 0x6f, 0x74, 0x44, 0x61, 0x72, 0x6b
  .byte 0x53, 0x76, 0x67, 0x50, 0x61, 0x74, 0x68, 0x73, 0x2e, 0x70, 0x42, 0x6f, 0x64, 0x79, 0x7d, 0x20
  .byte 0x66, 0x69, 0x6c, 0x6c, 0x3d, 0x22, 0x77, 0x68, 0x69, 0x74, 0x65, 0x22, 0x20, 0x2f, 0x3e, 0x0a
  .byte 0x20, 0x20, 0x20, 0x20, 0x20, 0x20, 0x20, 0x20, 0x3c, 0x70, 0x61, 0x74, 0x68, 0x20, 0x64, 0x3d
  .byte 0x7b, 0x6d, 0x61, 0x73, 0x63, 0x6f, 0x74, 0x44, 0x61, 0x72, 0x6b, 0x53, 0x76, 0x67, 0x50, 0x61
  .byte 0x74, 0x68, 0x73, 0x2e, 0x70, 0x4f, 0x75, 0x74, 0x6c, 0x69, 0x6e, 0x65, 0x7d, 0x20, 0x66, 0x69
  .byte 0x6c, 0x6c, 0x3d, 0x22, 0x23, 0x34, 0x36, 0x34, 0x36, 0x34, 0x36, 0x22, 0x20, 0x73, 0x74, 0x72
  .byte 0x6f, 0x6b, 0x65, 0x3d, 0x22, 0x23, 0x34, 0x36, 0x34, 0x36, 0x34, 0x36, 0x22, 0x20, 0x73, 0x74
  .byte 0x72, 0x6f, 0x6b, 0x65, 0x57, 0x69, 0x64, 0x74, 0x68, 0x3d, 0x22, 0x30, 0x2e, 0x33, 0x22, 0x20
  .byte 0x2f, 0x3e, 0x0a, 0x20, 0x20, 0x20, 0x20, 0x20, 0x20, 0x20, 0x20, 0x3c, 0x70, 0x61, 0x74, 0x68
  .byte 0x20, 0x64, 0x3d, 0x7b, 0x6d, 0x61, 0x73, 0x63, 0x6f, 0x74, 0x44, 0x61, 0x72, 0x6b, 0x53, 0x76
  .byte 0x67, 0x50, 0x61, 0x74, 0x68, 0x73, 0x2e, 0x70, 0x4d, 0x6f, 0x75, 0x74, 0x68, 0x7d, 0x20, 0x66
  .byte 0x69, 0x6c, 0x6c, 0x3d, 0x22, 0x23, 0x34, 0x36, 0x34, 0x36, 0x34, 0x36, 0x22, 0x20, 0x2f, 0x3e
  .byte 0x0a, 0x20, 0x20, 0x20, 0x20, 0x20, 0x20, 0x20, 0x20, 0x3c, 0x70, 0x61, 0x74, 0x68, 0x20, 0x64
  .byte 0x3d, 0x7b, 0x6d, 0x61, 0x73, 0x63, 0x6f, 0x74, 0x44, 0x61, 0x72, 0x6b, 0x53, 0x76, 0x67, 0x50
  .byte 0x61, 0x74, 0x68, 0x73, 0x2e, 0x70, 0x45, 0x61, 0x72, 0x4c, 0x65, 0x66, 0x74, 0x7d, 0x20, 0x66
  .byte 0x69, 0x6c, 0x6c, 0x3d, 0x22, 0x23, 0x34, 0x36, 0x34, 0x36, 0x34, 0x36, 0x22, 0x20, 0x73, 0x74
  .byte 0x72, 0x6f, 0x6b, 0x65, 0x3d, 0x22, 0x23, 0x34, 0x36, 0x34, 0x36, 0x34, 0x36, 0x22, 0x20, 0x73
  .byte 0x74, 0x72, 0x6f, 0x6b, 0x65, 0x57, 0x69, 0x64, 0x74, 0x68, 0x3d, 0x22, 0x30, 0x2e, 0x33, 0x22
  .byte 0x20, 0x2f, 0x3e, 0x0a, 0x20, 0x20, 0x20, 0x20, 0x20, 0x20, 0x20, 0x20, 0x3c, 0x70, 0x61, 0x74
  .byte 0x68, 0x20, 0x64, 0x3d, 0x7b, 0x6d, 0x61, 0x73, 0x63, 0x6f, 0x74, 0x44, 0x61, 0x72, 0x6b, 0x53
  .byte 0x76, 0x67, 0x50, 0x61, 0x74, 0x68, 0x73, 0x2e, 0x70, 0x45, 0x61, 0x72, 0x52, 0x69, 0x67, 0x68
  .byte 0x74, 0x7d, 0x20, 0x66, 0x69, 0x6c, 0x6c, 0x3d, 0x22, 0x23, 0x34, 0x36, 0x34, 0x36, 0x34, 0x36
  .byte 0x22, 0x20, 0x73, 0x74, 0x72, 0x6f, 0x6b, 0x65, 0x3d, 0x22, 0x23, 0x34, 0x36, 0x34, 0x36, 0x34
  .byte 0x36, 0x22, 0x20, 0x73, 0x74, 0x72, 0x6f, 0x6b, 0x65, 0x57, 0x69, 0x64, 0x74, 0x68, 0x3d, 0x22
  .byte 0x30, 0x2e, 0x33, 0x22, 0x20, 0x2f, 0x3e, 0x0a, 0x20, 0x20, 0x20, 0x20, 0x20, 0x20, 0x20, 0x20
  .byte 0x3c, 0x70, 0x61, 0x74, 0x68, 0x20, 0x64, 0x3d, 0x7b, 0x6d, 0x61, 0x73, 0x63, 0x6f, 0x74, 0x44
  .byte 0x61, 0x72, 0x6b, 0x53, 0x76, 0x67, 0x50, 0x61, 0x74, 0x68, 0x73, 0x2e, 0x70, 0x45, 0x79, 0x65
  .byte 0x4c, 0x65, 0x66, 0x74, 0x7d, 0x20, 0x66, 0x69, 0x6c, 0x6c, 0x3d, 0x22, 0x23, 0x34, 0x36, 0x34
  .byte 0x36, 0x34, 0x36, 0x22, 0x20, 0x2f, 0x3e, 0x0a, 0x20, 0x20, 0x20, 0x20, 0x20, 0x20, 0x20, 0x20
  .byte 0x3c, 0x70, 0x61, 0x74, 0x68, 0x20, 0x64, 0x3d, 0x7b, 0x6d, 0x61, 0x73, 0x63, 0x6f, 0x74, 0x44
  .byte 0x61, 0x72, 0x6b, 0x53, 0x76, 0x67, 0x50, 0x61, 0x74, 0x68, 0x73, 0x2e, 0x70, 0x45, 0x79, 0x65
  .byte 0x52, 0x69, 0x67, 0x68, 0x74, 0x7d, 0x20, 0x66, 0x69, 0x6c, 0x6c, 0x3d, 0x22, 0x23, 0x34, 0x36
  .byte 0x34, 0x36, 0x34, 0x36, 0x22, 0x20, 0x2f, 0x3e, 0x0a, 0x20, 0x20, 0x20, 0x20, 0x20, 0x20, 0x20
  .byte 0x20, 0x3c, 0x70, 0x61, 0x74, 0x68, 0x20, 0x64, 0x3d, 0x7b, 0x6d, 0x61, 0x73, 0x63, 0x6f, 0x74
  .byte 0x44, 0x61, 0x72, 0x6b, 0x53, 0x76, 0x67, 0x50, 0x61, 0x74, 0x68, 0x73, 0x2e, 0x70, 0x48, 0x6f
  .byte 0x72, 0x6e, 0x4c, 0x65, 0x66, 0x74, 0x7d, 0x20, 0x66, 0x69, 0x6c, 0x6c, 0x3d, 0x22, 0x23, 0x34
  .byte 0x36, 0x34, 0x36, 0x34, 0x36, 0x22, 0x20, 0x73, 0x74, 0x72, 0x6f, 0x6b, 0x65, 0x3d, 0x22, 0x23
  .byte 0x34, 0x36, 0x34, 0x36, 0x34, 0x36, 0x22, 0x20, 0x73, 0x74, 0x72, 0x6f, 0x6b, 0x65, 0x57, 0x69
  .byte 0x64, 0x74, 0x68, 0x3d, 0x22, 0x30, 0x2e, 0x33, 0x22, 0x20, 0x2f, 0x3e, 0x0a, 0x20, 0x20, 0x20
  .byte 0x20, 0x20, 0x20, 0x20, 0x20, 0x3c, 0x70, 0x61, 0x74, 0x68, 0x20, 0x64, 0x3d, 0x7b, 0x6d, 0x61
  .byte 0x73, 0x63, 0x6f, 0x74, 0x44, 0x61, 0x72, 0x6b, 0x53, 0x76, 0x67, 0x50, 0x61, 0x74, 0x68, 0x73
  .byte 0x2e, 0x70, 0x48, 0x6f, 0x72, 0x6e, 0x52, 0x69, 0x67, 0x68, 0x74, 0x7d, 0x20, 0x66, 0x69, 0x6c
  .byte 0x6c, 0x3d, 0x22, 0x23, 0x34, 0x36, 0x34, 0x36, 0x34, 0x36, 0x22, 0x20, 0x73, 0x74, 0x72, 0x6f
  .byte 0x6b, 0x65, 0x3d, 0x22, 0x23, 0x34, 0x36, 0x34, 0x36, 0x34, 0x36, 0x22, 0x20, 0x73, 0x74, 0x72
  .byte 0x6f, 0x6b, 0x65, 0x57, 0x69, 0x64, 0x74, 0x68, 0x3d, 0x22, 0x30, 0x2e, 0x33, 0x22, 0x20, 0x2f
  .byte 0x3e, 0x0a, 0x20, 0x20, 0x20, 0x20, 0x20, 0x20, 0x3c, 0x2f, 0x73, 0x76, 0x67, 0x3e, 0x0a, 0x20
  .byte 0x20, 0x20, 0x20, 0x29, 0x3b, 0x0a, 0x20, 0x20, 0x7d, 0x0a, 0x0a, 0x20, 0x20, 0x72, 0x65, 0x74
  .byte 0x75, 0x72, 0x6e, 0x20, 0x28, 0x0a, 0x20, 0x20, 0x20, 0x20, 0x3c, 0x73, 0x76, 0x67, 0x0a, 0x20
  .byte 0x20, 0x20, 0x20, 0x20, 0x20, 0x63, 0x6c, 0x61, 0x73, 0x73, 0x4e, 0x61, 0x6d, 0x65, 0x3d, 0x7b
  .byte 0x73, 0x74, 0x79, 0x6c, 0x65, 0x73, 0x2e, 0x68, 0x61, 0x6e, 0x64, 0x63, 0x72, 0x61, 0x66, 0x74
  .byte 0x65, 0x64, 0x4d, 0x61, 0x73, 0x63, 0x6f, 0x74, 0x7d, 0x0a, 0x20, 0x20, 0x20, 0x20, 0x20, 0x20
  .byte 0x66, 0x69, 0x6c, 0x6c, 0x3d, 0x22, 0x6e, 0x6f, 0x6e, 0x65, 0x22, 0x0a, 0x20, 0x20, 0x20, 0x20
  .byte 0x20, 0x20, 0x70, 0x72, 0x65, 0x73, 0x65, 0x72, 0x76, 0x65, 0x41, 0x73, 0x70, 0x65, 0x63, 0x74
  .byte 0x52, 0x61, 0x74, 0x69, 0x6f, 0x3d, 0x22, 0x78, 0x4d, 0x69, 0x64, 0x59, 0x4d, 0x69, 0x64, 0x20
  .byte 0x6d, 0x65, 0x65, 0x74, 0x22, 0x0a, 0x20, 0x20, 0x20, 0x20, 0x20, 0x20, 0x76, 0x69, 0x65, 0x77
  .byte 0x42, 0x6f, 0x78, 0x3d, 0x22, 0x30, 0x20, 0x30, 0x20, 0x31, 0x34, 0x31, 0x2e, 0x32, 0x20, 0x31
  .byte 0x31, 0x34, 0x2e, 0x32, 0x22, 0x0a, 0x20, 0x20, 0x20, 0x20, 0x3e, 0x0a, 0x20, 0x20, 0x20, 0x20
  .byte 0x20, 0x20, 0x3c, 0x70, 0x61, 0x74, 0x68, 0x0a, 0x20, 0x20, 0x20, 0x20, 0x20, 0x20, 0x20, 0x20
  .byte 0x64, 0x3d, 0x7b, 0x6d, 0x61, 0x73, 0x63, 0x6f, 0x74, 0x53, 0x76, 0x67, 0x50, 0x61, 0x74, 0x68
  .byte 0x73, 0x2e, 0x70, 0x33, 0x39, 0x35, 0x62, 0x33, 0x63, 0x30, 0x30, 0x7d, 0x0a, 0x20, 0x20, 0x20
  .byte 0x20, 0x20, 0x20, 0x20, 0x20, 0x66, 0x69, 0x6c, 0x6c, 0x3d, 0x22, 0x63, 0x75, 0x72, 0x72, 0x65
  .byte 0x6e, 0x74, 0x43, 0x6f, 0x6c, 0x6f, 0x72, 0x22, 0x0a, 0x20, 0x20, 0x20, 0x20, 0x20, 0x20, 0x20
  .byte 0x20, 0x73, 0x74, 0x72, 0x6f, 0x6b, 0x65, 0x3d, 0x22, 0x63, 0x75, 0x72, 0x72, 0x65, 0x6e, 0x74
  .byte 0x43, 0x6f, 0x6c, 0x6f, 0x72, 0x22, 0x0a, 0x20, 0x20, 0x20, 0x20, 0x20, 0x20, 0x20, 0x20, 0x73
  .byte 0x74, 0x72, 0x6f, 0x6b, 0x65, 0x57, 0x69, 0x64, 0x74, 0x68, 0x3d, 0x22, 0x30, 0x2e, 0x36, 0x22
  .byte 0x0a, 0x20, 0x20, 0x20, 0x20, 0x20, 0x20, 0x2f, 0x3e, 0x0a, 0x20, 0x20, 0x20, 0x20, 0x20, 0x20
  .byte 0x3c, 0x70, 0x61, 0x74, 0x68, 0x20, 0x64, 0x3d, 0x7b, 0x6d, 0x61, 0x73, 0x63, 0x6f, 0x74, 0x53
  .byte 0x76, 0x67, 0x50, 0x61, 0x74, 0x68, 0x73, 0x2e, 0x70, 0x33, 0x62, 0x32, 0x35, 0x31, 0x65, 0x38
  .byte 0x30, 0x7d, 0x20, 0x66, 0x69, 0x6c, 0x6c, 0x3d, 0x22, 0x63, 0x75, 0x72, 0x72, 0x65, 0x6e, 0x74
  .byte 0x43, 0x6f, 0x6c, 0x6f, 0x72, 0x22, 0x20, 0x2f, 0x3e, 0x0a, 0x20, 0x20, 0x20, 0x20, 0x20, 0x20
  .byte 0x3c, 0x70, 0x61, 0x74, 0x68, 0x0a, 0x20, 0x20, 0x20, 0x20, 0x20, 0x20, 0x20, 0x20, 0x64, 0x3d
  .byte 0x7b, 0x6d, 0x61, 0x73, 0x63, 0x6f, 0x74, 0x53, 0x76, 0x67, 0x50, 0x61, 0x74, 0x68, 0x73, 0x2e
  .byte 0x70, 0x32, 0x37, 0x31, 0x38, 0x62, 0x63, 0x38, 0x30, 0x7d, 0x0a, 0x20, 0x20, 0x20, 0x20, 0x20
  .byte 0x20, 0x20, 0x20, 0x66, 0x69, 0x6c, 0x6c, 0x3d, 0x22, 0x63, 0x75, 0x72, 0x72, 0x65, 0x6e, 0x74
  .byte 0x43, 0x6f, 0x6c, 0x6f, 0x72, 0x22, 0x0a, 0x20, 0x20, 0x20, 0x20, 0x20, 0x20, 0x20, 0x20, 0x73
  .byte 0x74, 0x72, 0x6f, 0x6b, 0x65, 0x3d, 0x22, 0x63, 0x75, 0x72, 0x72, 0x65, 0x6e, 0x74, 0x43, 0x6f
  .byte 0x6c, 0x6f, 0x72, 0x22, 0x0a, 0x20, 0x20, 0x20, 0x20, 0x20, 0x20, 0x20, 0x20, 0x73, 0x74, 0x72
  .byte 0x6f, 0x6b, 0x65, 0x57, 0x69, 0x64, 0x74, 0x68, 0x3d, 0x22, 0x30, 0x2e, 0x36, 0x22, 0x0a, 0x20
  .byte 0x20, 0x20, 0x20, 0x20, 0x20, 0x2f, 0x3e, 0x0a, 0x20, 0x20, 0x20, 0x20, 0x20, 0x20, 0x3c, 0x70
  .byte 0x61, 0x74, 0x68, 0x0a, 0x20, 0x20, 0x20, 0x20, 0x20, 0x20, 0x20, 0x20, 0x64, 0x3d, 0x7b, 0x6d
  .byte 0x61, 0x73, 0x63, 0x6f, 0x74, 0x53, 0x76, 0x67, 0x50, 0x61, 0x74, 0x68, 0x73, 0x2e, 0x70, 0x33
  .byte 0x37, 0x61, 0x62, 0x35, 0x62, 0x30, 0x7d, 0x0a, 0x20, 0x20, 0x20, 0x20, 0x20, 0x20, 0x20, 0x20
  .byte 0x66, 0x69, 0x6c, 0x6c, 0x3d, 0x22, 0x63, 0x75, 0x72, 0x72, 0x65, 0x6e, 0x74, 0x43, 0x6f, 0x6c
  .byte 0x6f, 0x72, 0x22, 0x0a, 0x20, 0x20, 0x20, 0x20, 0x20, 0x20, 0x20, 0x20, 0x73, 0x74, 0x72, 0x6f
  .byte 0x6b, 0x65, 0x3d, 0x22, 0x63, 0x75, 0x72, 0x72, 0x65, 0x6e, 0x74, 0x43, 0x6f, 0x6c, 0x6f, 0x72
  .byte 0x22, 0x0a, 0x20, 0x20, 0x20, 0x20, 0x20, 0x20, 0x20, 0x20, 0x73, 0x74, 0x72, 0x6f, 0x6b, 0x65
  .byte 0x57, 0x69, 0x64, 0x74, 0x68, 0x3d, 0x22, 0x30, 0x2e, 0x36, 0x22, 0x0a, 0x20, 0x20, 0x20, 0x20
  .byte 0x20, 0x20, 0x2f, 0x3e, 0x0a, 0x20, 0x20, 0x20, 0x20, 0x20, 0x20, 0x3c, 0x70, 0x61, 0x74, 0x68
  .byte 0x20, 0x64, 0x3d, 0x7b, 0x6d, 0x61, 0x73, 0x63, 0x6f, 0x74, 0x53, 0x76, 0x67, 0x50, 0x61, 0x74
  .byte 0x68, 0x73, 0x2e, 0x70, 0x32, 0x61, 0x63, 0x38, 0x39, 0x33, 0x30, 0x30, 0x7d, 0x20, 0x66, 0x69
  .byte 0x6c, 0x6c, 0x3d, 0x22, 0x63, 0x75, 0x72, 0x72, 0x65, 0x6e, 0x74, 0x43, 0x6f, 0x6c, 0x6f, 0x72
  .byte 0x22, 0x20, 0x2f, 0x3e, 0x0a, 0x20, 0x20, 0x20, 0x20, 0x20, 0x20, 0x3c, 0x70, 0x61, 0x74, 0x68
  .byte 0x20, 0x64, 0x3d, 0x7b, 0x6d, 0x61, 0x73, 0x63, 0x6f, 0x74, 0x53, 0x76, 0x67, 0x50, 0x61, 0x74
  .byte 0x68, 0x73, 0x2e, 0x70, 0x32, 0x62, 0x38, 0x62, 0x34, 0x33, 0x38, 0x30, 0x7d, 0x20, 0x66, 0x69
  .byte 0x6c, 0x6c, 0x3d, 0x22, 0x63, 0x75, 0x72, 0x72, 0x65, 0x6e, 0x74, 0x43, 0x6f, 0x6c, 0x6f, 0x72
  .byte 0x22, 0x20, 0x2f, 0x3e, 0x0a, 0x20, 0x20, 0x20, 0x20, 0x20, 0x20, 0x3c, 0x70, 0x61, 0x74, 0x68
  .byte 0x0a, 0x20, 0x20, 0x20, 0x20, 0x20, 0x20, 0x20, 0x20, 0x64, 0x3d, 0x7b, 0x6d, 0x61, 0x73, 0x63
  .byte 0x6f, 0x74, 0x53, 0x76, 0x67, 0x50, 0x61, 0x74, 0x68, 0x73, 0x2e, 0x70, 0x31, 0x35, 0x63, 0x31
  .byte 0x34, 0x65, 0x30, 0x30, 0x7d, 0x0a, 0x20, 0x20, 0x20, 0x20, 0x20, 0x20, 0x20, 0x20, 0x66, 0x69
  .byte 0x6c, 0x6c, 0x3d, 0x22, 0x63, 0x75, 0x72, 0x72, 0x65, 0x6e, 0x74, 0x43, 0x6f, 0x6c, 0x6f, 0x72
  .byte 0x22, 0x0a, 0x20, 0x20, 0x20, 0x20, 0x20, 0x20, 0x20, 0x20, 0x73, 0x74, 0x72, 0x6f, 0x6b, 0x65
  .byte 0x3d, 0x22, 0x63, 0x75, 0x72, 0x72, 0x65, 0x6e, 0x74, 0x43, 0x6f, 0x6c, 0x6f, 0x72, 0x22, 0x0a
  .byte 0x20, 0x20, 0x20, 0x20, 0x20, 0x20, 0x20, 0x20, 0x73, 0x74, 0x72, 0x6f, 0x6b, 0x65, 0x57, 0x69
  .byte 0x64, 0x74, 0x68, 0x3d, 0x22, 0x30, 0x2e, 0x36, 0x22, 0x0a, 0x20, 0x20, 0x20, 0x20, 0x20, 0x20
  .byte 0x2f, 0x3e, 0x0a, 0x20, 0x20, 0x20, 0x20, 0x20, 0x20, 0x3c, 0x70, 0x61, 0x74, 0x68, 0x0a, 0x20
  .byte 0x20, 0x20, 0x20, 0x20, 0x20, 0x20, 0x20, 0x64, 0x3d, 0x7b, 0x6d, 0x61, 0x73, 0x63, 0x6f, 0x74
  .byte 0x53, 0x76, 0x67, 0x50, 0x61, 0x74, 0x68, 0x73, 0x2e, 0x70, 0x34, 0x30, 0x37, 0x36, 0x32, 0x30
  .byte 0x30, 0x7d, 0x0a, 0x20, 0x20, 0x20, 0x20, 0x20, 0x20, 0x20, 0x20, 0x66, 0x69, 0x6c, 0x6c, 0x3d
  .byte 0x22, 0x63, 0x75, 0x72, 0x72, 0x65, 0x6e, 0x74, 0x43, 0x6f, 0x6c, 0x6f, 0x72, 0x22, 0x0a, 0x20
  .byte 0x20, 0x20, 0x20, 0x20, 0x20, 0x20, 0x20, 0x73, 0x74, 0x72, 0x6f, 0x6b, 0x65, 0x3d, 0x22, 0x63
  .byte 0x75, 0x72, 0x72, 0x65, 0x6e, 0x74, 0x43, 0x6f, 0x6c, 0x6f, 0x72, 0x22, 0x0a, 0x20, 0x20, 0x20
  .byte 0x20, 0x20, 0x20, 0x20, 0x20, 0x73, 0x74, 0x72, 0x6f, 0x6b, 0x65, 0x57, 0x69, 0x64, 0x74, 0x68
  .byte 0x3d, 0x22, 0x30, 0x2e, 0x36, 0x22, 0x0a, 0x20, 0x20, 0x20, 0x20, 0x20, 0x20, 0x2f, 0x3e, 0x0a
  .byte 0x20, 0x20, 0x20, 0x20, 0x3c, 0x2f, 0x73, 0x76, 0x67, 0x3e, 0x0a, 0x20, 0x20, 0x29, 0x3b, 0x0a
  .byte 0x7d, 0x0a, 0x0a, 0x2f, 0x2f, 0x20, 0x2d, 0x2d, 0x2d, 0x2d, 0x2d, 0x2d, 0x2d, 0x2d, 0x2d, 0x2d
  .byte 0x2d, 0x2d, 0x2d, 0x2d, 0x2d, 0x2d, 0x2d, 0x2d, 0x2d, 0x2d, 0x2d, 0x2d, 0x2d, 0x2d, 0x2d, 0x2d
  .byte 0x2d, 0x2d, 0x2d, 0x2d, 0x2d, 0x2d, 0x2d, 0x2d, 0x2d, 0x2d, 0x2d, 0x2d, 0x2d, 0x2d, 0x2d, 0x2d
  .byte 0x2d, 0x2d, 0x2d, 0x2d, 0x2d, 0x2d, 0x2d, 0x2d, 0x2d, 0x2d, 0x2d, 0x2d, 0x2d, 0x2d, 0x2d, 0x2d
  .byte 0x2d, 0x2d, 0x2d, 0x2d, 0x2d, 0x2d, 0x2d, 0x2d, 0x2d, 0x2d, 0x2d, 0x2d, 0x2d, 0x2d, 0x2d, 0x2d
  .byte 0x2d, 0x0a, 0x2f, 0x2f, 0x20, 0x4d, 0x61, 0x69, 0x6e, 0x20, 0x63, 0x6f, 0x6d, 0x70, 0x6f, 0x6e
  .byte 0x65, 0x6e, 0x74, 0x0a, 0x2f, 0x2f, 0x20, 0x2d, 0x2d, 0x2d, 0x2d, 0x2d, 0x2d, 0x2d, 0x2d, 0x2d
  .byte 0x2d, 0x2d, 0x2d, 0x2d, 0x2d, 0x2d, 0x2d, 0x2d, 0x2d, 0x2d, 0x2d, 0x2d, 0x2d, 0x2d, 0x2d, 0x2d
  .byte 0x2d, 0x2d, 0x2d, 0x2d, 0x2d, 0x2d, 0x2d, 0x2d, 0x2d, 0x2d, 0x2d, 0x2d, 0x2d, 0x2d, 0x2d, 0x2d
  .byte 0x2d, 0x2d, 0x2d, 0x2d, 0x2d, 0x2d, 0x2d, 0x2d, 0x2d, 0x2d, 0x2d, 0x2d, 0x2d, 0x2d, 0x2d, 0x2d
  .byte 0x2d, 0x2d, 0x2d, 0x2d, 0x2d, 0x2d, 0x2d, 0x2d, 0x2d, 0x2d, 0x2d, 0x2d, 0x2d, 0x2d, 0x2d, 0x2d
  .byte 0x2d, 0x2d, 0x0a, 0x0a, 0x65, 0x78, 0x70, 0x6f, 0x72, 0x74, 0x20, 0x66, 0x75, 0x6e, 0x63, 0x74
  .byte 0x69, 0x6f, 0x6e, 0x20, 0x46, 0x6f, 0x6f, 0x74, 0x65, 0x72, 0x28, 0x29, 0x20, 0x7b, 0x0a, 0x20
  .byte 0x20, 0x63, 0x6f, 0x6e, 0x73, 0x74, 0x20, 0x69, 0x73, 0x44, 0x61, 0x72, 0x6b, 0x20, 0x3d, 0x20
  .byte 0x66, 0x61, 0x6c, 0x73, 0x65, 0x3b, 0x0a, 0x0a, 0x20, 0x20, 0x72, 0x65, 0x74, 0x75, 0x72, 0x6e
  .byte 0x20, 0x28, 0x0a, 0x20, 0x20, 0x20, 0x20, 0x3c, 0x66, 0x6f, 0x6f, 0x74, 0x65, 0x72, 0x20, 0x63
  .byte 0x6c, 0x61, 0x73, 0x73, 0x4e, 0x61, 0x6d, 0x65, 0x3d, 0x7b, 0x73, 0x74, 0x79, 0x6c, 0x65, 0x73
  .byte 0x2e, 0x66, 0x6f, 0x6f, 0x74, 0x65, 0x72, 0x7d, 0x3e, 0x0a, 0x20, 0x20, 0x20, 0x20, 0x20, 0x20
  .byte 0x7b, 0x2f, 0x2a, 0x20, 0x48, 0x61, 0x6e, 0x64, 0x63, 0x72, 0x61, 0x66, 0x74, 0x65, 0x64, 0x20
  .byte 0x2a, 0x2f, 0x7d, 0x0a, 0x20, 0x20, 0x20, 0x20, 0x20, 0x20, 0x3c, 0x64, 0x69, 0x76, 0x20, 0x63
  .byte 0x6c, 0x61, 0x73, 0x73, 0x4e, 0x61, 0x6d, 0x65, 0x3d, 0x7b, 0x73, 0x74, 0x79, 0x6c, 0x65, 0x73
  .byte 0x2e, 0x68, 0x61, 0x6e, 0x64, 0x63, 0x72, 0x61, 0x66, 0x74, 0x65, 0x64, 0x53, 0x65, 0x63, 0x74
  .byte 0x69, 0x6f, 0x6e, 0x7d, 0x3e, 0x0a, 0x20, 0x20, 0x20, 0x20, 0x20, 0x20, 0x20, 0x20, 0x3c, 0x64
  .byte 0x69, 0x76, 0x20, 0x63, 0x6c, 0x61, 0x73, 0x73, 0x4e, 0x61, 0x6d, 0x65, 0x3d, 0x7b, 0x73, 0x74
  .byte 0x79, 0x6c, 0x65, 0x73, 0x2e, 0x68, 0x61, 0x6e, 0x64, 0x63, 0x72, 0x61, 0x66, 0x74, 0x65, 0x64
  .byte 0x43, 0x6f, 0x6e, 0x74, 0x61, 0x69, 0x6e, 0x65, 0x72, 0x7d, 0x3e, 0x0a, 0x20, 0x20, 0x20, 0x20
  .byte 0x20, 0x20, 0x20, 0x20, 0x20, 0x20, 0x3c, 0x64, 0x69, 0x76, 0x20, 0x63, 0x6c, 0x61, 0x73, 0x73
  .byte 0x4e, 0x61, 0x6d, 0x65, 0x3d, 0x7b, 0x73, 0x74, 0x79, 0x6c, 0x65, 0x73, 0x2e, 0x6d, 0x61, 0x73
  .byte 0x63, 0x6f, 0x74, 0x57, 0x72, 0x61, 0x70, 0x7d, 0x3e, 0x0a, 0x20, 0x20, 0x20, 0x20, 0x20, 0x20
  .byte 0x20, 0x20, 0x20, 0x20, 0x20, 0x20, 0x3c, 0x48, 0x61, 0x6e, 0x64, 0x63, 0x72, 0x61, 0x66, 0x74
  .byte 0x65, 0x64, 0x4d, 0x61, 0x73, 0x63, 0x6f, 0x74, 0x20, 0x69, 0x73, 0x44, 0x61, 0x72, 0x6b, 0x3d
  .byte 0x7b, 0x69, 0x73, 0x44, 0x61, 0x72, 0x6b, 0x7d, 0x20, 0x2f, 0x3e, 0x0a, 0x20, 0x20, 0x20, 0x20
  .byte 0x20, 0x20, 0x20, 0x20, 0x20, 0x20, 0x3c, 0x2f, 0x64, 0x69, 0x76, 0x3e, 0x0a, 0x20, 0x20, 0x20
  .byte 0x20, 0x20, 0x20, 0x20, 0x20, 0x20, 0x20, 0x3c, 0x70, 0x20, 0x63, 0x6c, 0x61, 0x73, 0x73, 0x4e
  .byte 0x61, 0x6d, 0x65, 0x3d, 0x7b, 0x73, 0x74, 0x79, 0x6c, 0x65, 0x73, 0x2e, 0x68, 0x61, 0x6e, 0x64
  .byte 0x63, 0x72, 0x61, 0x66, 0x74, 0x65, 0x64, 0x43, 0x6f, 0x70, 0x79, 0x7d, 0x3e, 0x0a, 0x20, 0x20
  .byte 0x20, 0x20, 0x20, 0x20, 0x20, 0x20, 0x20, 0x20, 0x20, 0x20, 0x48, 0x61, 0x6e, 0x64, 0x63, 0x72
  .byte 0x61, 0x66, 0x74, 0x65, 0x64, 0x20, 0x77, 0x69, 0x74, 0x68, 0x20, 0x61, 0x20, 0x6c, 0x6f, 0x74
  .byte 0x20, 0x6f, 0x66, 0x20, 0x6c, 0x6f, 0x76, 0x65, 0x0a, 0x20, 0x20, 0x20, 0x20, 0x20, 0x20, 0x20
  .byte 0x20, 0x20, 0x20, 0x20, 0x20, 0x3c, 0x73, 0x70, 0x61, 0x6e, 0x20, 0x61, 0x72, 0x69, 0x61, 0x2d
  .byte 0x68, 0x69, 0x64, 0x64, 0x65, 0x6e, 0x3d, 0x22, 0x74, 0x72, 0x75, 0x65, 0x22, 0x20, 0x63, 0x6c
  .byte 0x61, 0x73, 0x73, 0x4e, 0x61, 0x6d, 0x65, 0x3d, 0x7b, 0x73, 0x74, 0x79, 0x6c, 0x65, 0x73, 0x2e
  .byte 0x68, 0x61, 0x6e, 0x64, 0x63, 0x72, 0x61, 0x66, 0x74, 0x65, 0x64, 0x43, 0x75, 0x72, 0x73, 0x6f
  .byte 0x72, 0x7d, 0x3e, 0x0a, 0x20, 0x20, 0x20, 0x20, 0x20, 0x20, 0x20, 0x20, 0x20, 0x20, 0x20, 0x20
  .byte 0x20, 0x20, 0x5f, 0x0a, 0x20, 0x20, 0x20, 0x20, 0x20, 0x20, 0x20, 0x20, 0x20, 0x20, 0x20, 0x20
  .byte 0x3c, 0x2f, 0x73, 0x70, 0x61, 0x6e, 0x3e, 0x0a, 0x20, 0x20, 0x20, 0x20, 0x20, 0x20, 0x20, 0x20
  .byte 0x20, 0x20, 0x3c, 0x2f, 0x70, 0x3e, 0x0a, 0x20, 0x20, 0x20, 0x20, 0x20, 0x20, 0x20, 0x20, 0x3c
  .byte 0x2f, 0x64, 0x69, 0x76, 0x3e, 0x0a, 0x20, 0x20, 0x20, 0x20, 0x20, 0x20, 0x3c, 0x2f, 0x64, 0x69
  .byte 0x76, 0x3e, 0x0a, 0x0a, 0x20, 0x20, 0x20, 0x20, 0x20, 0x20, 0x7b, 0x2f, 0x2a, 0x20, 0x46, 0x6f
  .byte 0x6f, 0x74, 0x65, 0x72, 0x20, 0x63, 0x6f, 0x6e, 0x74, 0x65, 0x6e, 0x74, 0x20, 0x2a, 0x2f, 0x7d
  .byte 0x0a, 0x20, 0x20, 0x20, 0x20, 0x20, 0x20, 0x3c, 0x64, 0x69, 0x76, 0x20, 0x63, 0x6c, 0x61, 0x73
  .byte 0x73, 0x4e, 0x61, 0x6d, 0x65, 0x3d, 0x7b, 0x73, 0x74, 0x79, 0x6c, 0x65, 0x73, 0x2e, 0x63, 0x6f
  .byte 0x6e, 0x74, 0x65, 0x6e, 0x74, 0x53, 0x65, 0x63, 0x74, 0x69, 0x6f, 0x6e, 0x7d, 0x3e, 0x0a, 0x20
  .byte 0x20, 0x20, 0x20, 0x20, 0x20, 0x20, 0x20, 0x3c, 0x64, 0x69, 0x76, 0x20, 0x63, 0x6c, 0x61, 0x73
  .byte 0x73, 0x4e, 0x61, 0x6d, 0x65, 0x3d, 0x7b, 0x73, 0x74, 0x79, 0x6c, 0x65, 0x73, 0x2e, 0x63, 0x6f
  .byte 0x6e, 0x74, 0x65, 0x6e, 0x74, 0x43, 0x6f, 0x6e, 0x74, 0x61, 0x69, 0x6e, 0x65, 0x72, 0x7d, 0x3e
  .byte 0x0a, 0x20, 0x20, 0x20, 0x20, 0x20, 0x20, 0x20, 0x20, 0x20, 0x20, 0x7b, 0x2f, 0x2a, 0x20, 0x44
  .byte 0x65, 0x73, 0x6b, 0x74, 0x6f, 0x70, 0x20, 0x2a, 0x2f, 0x7d, 0x0a, 0x20, 0x20, 0x20, 0x20, 0x20
  .byte 0x20, 0x20, 0x20, 0x20, 0x20, 0x3c, 0x64, 0x69, 0x76, 0x20, 0x63, 0x6c, 0x61, 0x73, 0x73, 0x4e
  .byte 0x61, 0x6d, 0x65, 0x3d, 0x7b, 0x73, 0x74, 0x79, 0x6c, 0x65, 0x73, 0x2e, 0x64, 0x65, 0x73, 0x6b
  .byte 0x74, 0x6f, 0x70, 0x4c, 0x6f, 0x67, 0x6f, 0x52, 0x6f, 0x77, 0x7d, 0x3e, 0x0a, 0x20, 0x20, 0x20
  .byte 0x20, 0x20, 0x20, 0x20, 0x20, 0x20, 0x20, 0x20, 0x20, 0x3c, 0x54, 0x68, 0x65, 0x73, 0x79, 0x73
  .byte 0x4c, 0x6f, 0x67, 0x6f, 0x20, 0x2f, 0x3e, 0x0a, 0x20, 0x20, 0x20, 0x20, 0x20, 0x20, 0x20, 0x20
  .byte 0x20, 0x20, 0x3c, 0x2f, 0x64, 0x69, 0x76, 0x3e, 0x0a, 0x20, 0x20, 0x20, 0x20, 0x20, 0x20, 0x20
  .byte 0x20, 0x20, 0x20, 0x7b, 0x2f, 0x2a, 0x20, 0x4d, 0x6f, 0x62, 0x69, 0x6c, 0x65, 0x20, 0x2a, 0x2f
  .byte 0x7d, 0x0a, 0x20, 0x20, 0x20, 0x20, 0x20, 0x20, 0x20, 0x20, 0x20, 0x20, 0x3c, 0x64, 0x69, 0x76
  .byte 0x20, 0x63, 0x6c, 0x61, 0x73, 0x73, 0x4e, 0x61, 0x6d, 0x65, 0x3d, 0x7b, 0x73, 0x74, 0x79, 0x6c
  .byte 0x65, 0x73, 0x2e, 0x6d, 0x6f, 0x62, 0x69, 0x6c, 0x65, 0x4c, 0x6f, 0x67, 0x6f, 0x52, 0x6f, 0x77
  .byte 0x7d, 0x3e, 0x0a, 0x20, 0x20, 0x20, 0x20, 0x20, 0x20, 0x20, 0x20, 0x20, 0x20, 0x20, 0x20, 0x3c
  .byte 0x54, 0x68, 0x65, 0x73, 0x79, 0x73, 0x4c, 0x6f, 0x67, 0x6f, 0x20, 0x2f, 0x3e, 0x0a, 0x20, 0x20
  .byte 0x20, 0x20, 0x20, 0x20, 0x20, 0x20, 0x20, 0x20, 0x3c, 0x2f, 0x64, 0x69, 0x76, 0x3e, 0x0a, 0x0a
  .byte 0x20, 0x20, 0x20, 0x20, 0x20, 0x20, 0x20, 0x20, 0x20, 0x20, 0x7b, 0x2f, 0x2a, 0x20, 0x42, 0x6f
  .byte 0x74, 0x74, 0x6f, 0x6d, 0x20, 0x62, 0x61, 0x72, 0x20, 0x2a, 0x2f, 0x7d, 0x0a, 0x20, 0x20, 0x20
  .byte 0x20, 0x20, 0x20, 0x20, 0x20, 0x20, 0x20, 0x3c, 0x64, 0x69, 0x76, 0x20, 0x63, 0x6c, 0x61, 0x73
  .byte 0x73, 0x4e, 0x61, 0x6d, 0x65, 0x3d, 0x7b, 0x73, 0x74, 0x79, 0x6c, 0x65, 0x73, 0x2e, 0x62, 0x6f
  .byte 0x74, 0x74, 0x6f, 0x6d, 0x42, 0x61, 0x72, 0x7d, 0x3e, 0x0a, 0x20, 0x20, 0x20, 0x20, 0x20, 0x20
  .byte 0x20, 0x20, 0x20, 0x20, 0x20, 0x20, 0x3c, 0x64, 0x69, 0x76, 0x20, 0x63, 0x6c, 0x61, 0x73, 0x73
  .byte 0x4e, 0x61, 0x6d, 0x65, 0x3d, 0x7b, 0x73, 0x74, 0x79, 0x6c, 0x65, 0x73, 0x2e, 0x64, 0x65, 0x73
  .byte 0x6b, 0x74, 0x6f, 0x70, 0x42, 0x6f, 0x74, 0x74, 0x6f, 0x6d, 0x42, 0x61, 0x72, 0x7d, 0x3e, 0x0a
  .byte 0x20, 0x20, 0x20, 0x20, 0x20, 0x20, 0x20, 0x20, 0x20, 0x20, 0x20, 0x20, 0x20, 0x20, 0x3c, 0x70
  .byte 0x20, 0x63, 0x6c, 0x61, 0x73, 0x73, 0x4e, 0x61, 0x6d, 0x65, 0x3d, 0x7b, 0x73, 0x74, 0x79, 0x6c
  .byte 0x65, 0x73, 0x2e, 0x64, 0x65, 0x73, 0x6b, 0x74, 0x6f, 0x70, 0x4d, 0x65, 0x74, 0x61, 0x4c, 0x65
  .byte 0x66, 0x74, 0x7d, 0x3e, 0x33, 0x35, 0x35, 0x20, 0x42, 0x72, 0x79, 0x61, 0x6e, 0x74, 0x20, 0x53
  .byte 0x74, 0x2c, 0x20, 0x53, 0x61, 0x6e, 0x20, 0x46, 0x72, 0x61, 0x6e, 0x63, 0x69, 0x73, 0x63, 0x6f
  .byte 0x2c, 0x20, 0x43, 0x41, 0x20, 0x39, 0x34, 0x31, 0x30, 0x37, 0x3c, 0x2f, 0x70, 0x3e, 0x0a, 0x20
  .byte 0x20, 0x20, 0x20, 0x20, 0x20, 0x20, 0x20, 0x20, 0x20, 0x20, 0x20, 0x20, 0x20, 0x3c, 0x53, 0x6f
  .byte 0x63, 0x69, 0x61, 0x6c, 0x49, 0x63, 0x6f, 0x6e, 0x73, 0x20, 0x2f, 0x3e, 0x0a, 0x20, 0x20, 0x20
  .byte 0x20, 0x20, 0x20, 0x20, 0x20, 0x20, 0x20, 0x20, 0x20, 0x20, 0x20, 0x3c, 0x70, 0x20, 0x63, 0x6c
  .byte 0x61, 0x73, 0x73, 0x4e, 0x61, 0x6d, 0x65, 0x3d, 0x7b, 0x73, 0x74, 0x79, 0x6c, 0x65, 0x73, 0x2e
  .byte 0x64, 0x65, 0x73, 0x6b, 0x74, 0x6f, 0x70, 0x4d, 0x65, 0x74, 0x61, 0x52, 0x69, 0x67, 0x68, 0x74
  .byte 0x7d, 0x3e, 0x0a, 0x20, 0x20, 0x20, 0x20, 0x20, 0x20, 0x20, 0x20, 0x20, 0x20, 0x20, 0x20, 0x20
  .byte 0x20, 0x20, 0x20, 0xc2, 0xa9, 0x20, 0x7b, 0x6e, 0x65, 0x77, 0x20, 0x44, 0x61, 0x74, 0x65, 0x28
  .byte 0x29, 0x2e, 0x67, 0x65, 0x74, 0x46, 0x75, 0x6c, 0x6c, 0x59, 0x65, 0x61, 0x72, 0x28, 0x29, 0x7d
  .byte 0x20, 0x54, 0x68, 0x65, 0x73, 0x79, 0x73, 0x20, 0x49, 0x6e, 0x63, 0x2e, 0x20, 0x41, 0x6c, 0x6c
  .byte 0x20, 0x52, 0x69, 0x67, 0x68, 0x74, 0x73, 0x20, 0x52, 0x65, 0x73, 0x65, 0x72, 0x76, 0x65, 0x64
  .byte 0x0a, 0x20, 0x20, 0x20, 0x20, 0x20, 0x20, 0x20, 0x20, 0x20, 0x20, 0x20, 0x20, 0x20, 0x20, 0x3c
  .byte 0x2f, 0x70, 0x3e, 0x0a, 0x20, 0x20, 0x20, 0x20, 0x20, 0x20, 0x20, 0x20, 0x20, 0x20, 0x20, 0x20
  .byte 0x3c, 0x2f, 0x64, 0x69, 0x76, 0x3e, 0x0a, 0x0a, 0x20, 0x20, 0x20, 0x20, 0x20, 0x20, 0x20, 0x20
  .byte 0x20, 0x20, 0x20, 0x20, 0x3c, 0x64, 0x69, 0x76, 0x20, 0x63, 0x6c, 0x61, 0x73, 0x73, 0x4e, 0x61
  .byte 0x6d, 0x65, 0x3d, 0x7b, 0x73, 0x74, 0x79, 0x6c, 0x65, 0x73, 0x2e, 0x6d, 0x6f, 0x62, 0x69, 0x6c
  .byte 0x65, 0x42, 0x6f, 0x74, 0x74, 0x6f, 0x6d, 0x42, 0x61, 0x72, 0x7d, 0x3e, 0x0a, 0x20, 0x20, 0x20
  .byte 0x20, 0x20, 0x20, 0x20, 0x20, 0x20, 0x20, 0x20, 0x20, 0x20, 0x20, 0x3c, 0x53, 0x6f, 0x63, 0x69
  .byte 0x61, 0x6c, 0x49, 0x63, 0x6f, 0x6e, 0x73, 0x20, 0x2f, 0x3e, 0x0a, 0x20, 0x20, 0x20, 0x20, 0x20
  .byte 0x20, 0x20, 0x20, 0x20, 0x20, 0x20, 0x20, 0x20, 0x20, 0x3c, 0x64, 0x69, 0x76, 0x20, 0x63, 0x6c
  .byte 0x61, 0x73, 0x73, 0x4e, 0x61, 0x6d, 0x65, 0x3d, 0x7b, 0x73, 0x74, 0x79, 0x6c, 0x65, 0x73, 0x2e
  .byte 0x6d, 0x6f, 0x62, 0x69, 0x6c, 0x65, 0x4d, 0x65, 0x74, 0x61, 0x7d, 0x3e, 0x0a, 0x20, 0x20, 0x20
  .byte 0x20, 0x20, 0x20, 0x20, 0x20, 0x20, 0x20, 0x20, 0x20, 0x20, 0x20, 0x20, 0x20, 0x3c, 0x70, 0x20
  .byte 0x63, 0x6c, 0x61, 0x73, 0x73, 0x4e, 0x61, 0x6d, 0x65, 0x3d, 0x7b, 0x73, 0x74, 0x79, 0x6c, 0x65
  .byte 0x73, 0x2e, 0x6d, 0x6f, 0x62, 0x69, 0x6c, 0x65, 0x4d, 0x65, 0x74, 0x61, 0x54, 0x65, 0x78, 0x74
  .byte 0x7d, 0x3e, 0x0a, 0x20, 0x20, 0x20, 0x20, 0x20, 0x20, 0x20, 0x20, 0x20, 0x20, 0x20, 0x20, 0x20
  .byte 0x20, 0x20, 0x20, 0x20, 0x20, 0xc2, 0xa9, 0x20, 0x7b, 0x6e, 0x65, 0x77, 0x20, 0x44, 0x61, 0x74
  .byte 0x65, 0x28, 0x29, 0x2e, 0x67, 0x65, 0x74, 0x46, 0x75, 0x6c, 0x6c, 0x59, 0x65, 0x61, 0x72, 0x28
  .byte 0x29, 0x7d, 0x20, 0x54, 0x68, 0x65, 0x73, 0x79, 0x73, 0x20, 0x49, 0x6e, 0x63, 0x2e, 0x20, 0x41
  .byte 0x6c, 0x6c, 0x20, 0x52, 0x69, 0x67, 0x68, 0x74, 0x73, 0x20, 0x52, 0x65, 0x73, 0x65, 0x72, 0x76
  .byte 0x65, 0x64, 0x0a, 0x20, 0x20, 0x20, 0x20, 0x20, 0x20, 0x20, 0x20, 0x20, 0x20, 0x20, 0x20, 0x20
  .byte 0x20, 0x20, 0x20, 0x3c, 0x2f, 0x70, 0x3e, 0x0a, 0x20, 0x20, 0x20, 0x20, 0x20, 0x20, 0x20, 0x20
  .byte 0x20, 0x20, 0x20, 0x20, 0x20, 0x20, 0x20, 0x20, 0x3c, 0x70, 0x20, 0x63, 0x6c, 0x61, 0x73, 0x73
  .byte 0x4e, 0x61, 0x6d, 0x65, 0x3d, 0x7b, 0x73, 0x74, 0x79, 0x6c, 0x65, 0x73, 0x2e, 0x6d, 0x6f, 0x62
  .byte 0x69, 0x6c, 0x65, 0x4d, 0x65, 0x74, 0x61, 0x54, 0x65, 0x78, 0x74, 0x7d, 0x3e, 0x33, 0x35, 0x35
  .byte 0x20, 0x42, 0x72, 0x79, 0x61, 0x6e, 0x74, 0x20, 0x53, 0x74, 0x2c, 0x20, 0x53, 0x61, 0x6e, 0x20
  .byte 0x46, 0x72, 0x61, 0x6e, 0x63, 0x69, 0x73, 0x63, 0x6f, 0x2c, 0x20, 0x43, 0x41, 0x20, 0x39, 0x34
  .byte 0x31, 0x30, 0x37, 0x3c, 0x2f, 0x70, 0x3e, 0x0a, 0x20, 0x20, 0x20, 0x20, 0x20, 0x20, 0x20, 0x20
  .byte 0x20, 0x20, 0x20, 0x20, 0x20, 0x20, 0x3c, 0x2f, 0x64, 0x69, 0x76, 0x3e, 0x0a, 0x20, 0x20, 0x20
  .byte 0x20, 0x20, 0x20, 0x20, 0x20, 0x20, 0x20, 0x20, 0x20, 0x3c, 0x2f, 0x64, 0x69, 0x76, 0x3e, 0x0a
  .byte 0x20, 0x20, 0x20, 0x20, 0x20, 0x20, 0x20, 0x20, 0x20, 0x20, 0x3c, 0x2f, 0x64, 0x69, 0x76, 0x3e
  .byte 0x0a, 0x20, 0x20, 0x20, 0x20, 0x20, 0x20, 0x20, 0x20, 0x3c, 0x2f, 0x64, 0x69, 0x76, 0x3e, 0x0a
  .byte 0x20, 0x20, 0x20, 0x20, 0x20, 0x20, 0x3c, 0x2f, 0x64, 0x69, 0x76, 0x3e, 0x0a, 0x20, 0x20, 0x20
  .byte 0x20, 0x3c, 0x2f, 0x66, 0x6f, 0x6f, 0x74, 0x65, 0x72, 0x3e, 0x0a, 0x20, 0x20, 0x29, 0x3b, 0x0a
  .byte 0x7d, 0x0a

  .globl openui_full_port_docs_app__home__sections_Footer_Footer_tsx_be6ef76be01b_len
openui_full_port_docs_app__home__sections_Footer_Footer_tsx_be6ef76be01b_len:
  .quad 7730

# assembly pass: 2/4
  .globl openui_full_port_docs_app__home__sections_Footer_Footer_tsx_be6ef76be01b_pass_2
openui_full_port_docs_app__home__sections_Footer_Footer_tsx_be6ef76be01b_pass_2:
  .byte 0x22, 0x75, 0x73, 0x65, 0x20, 0x63, 0x6c, 0x69, 0x65, 0x6e, 0x74, 0x22, 0x3b, 0x0a, 0x69, 0x6d
  .byte 0x70, 0x6f, 0x72, 0x74, 0x20, 0x6d, 0x61, 0x73, 0x63, 0x6f, 0x74, 0x44, 0x61, 0x72, 0x6b, 0x53
  .byte 0x76, 0x67, 0x50, 0x61, 0x74, 0x68, 0x73, 0x20, 0x66, 0x72, 0x6f, 0x6d, 0x20, 0x22, 0x40, 0x2f
  .byte 0x69, 0x6d, 0x70, 0x6f, 0x72, 0x74, 0x73, 0x2f, 0x73, 0x76, 0x67, 0x2d, 0x6d, 0x61, 0x73, 0x63
  .byte 0x6f, 0x74, 0x2d, 0x64, 0x61, 0x72, 0x6b, 0x22, 0x3b, 0x0a, 0x69, 0x6d, 0x70, 0x6f, 0x72, 0x74
  .byte 0x20, 0x73, 0x76, 0x67, 0x50, 0x61, 0x74, 0x68, 0x73, 0x20, 0x66, 0x72, 0x6f, 0x6d, 0x20, 0x22
  .byte 0x40, 0x2f, 0x69, 0x6d, 0x70, 0x6f, 0x72, 0x74, 0x73, 0x2f, 0x73, 0x76, 0x67, 0x2d, 0x75, 0x72
  .byte 0x72, 0x75, 0x76, 0x6f, 0x68, 0x32, 0x62, 0x65, 0x22, 0x3b, 0x0a, 0x69, 0x6d, 0x70, 0x6f, 0x72
  .byte 0x74, 0x20, 0x6d, 0x61, 0x73, 0x63, 0x6f, 0x74, 0x53, 0x76, 0x67, 0x50, 0x61, 0x74, 0x68, 0x73
  .byte 0x20, 0x66, 0x72, 0x6f, 0x6d, 0x20, 0x22, 0x40, 0x2f, 0x69, 0x6d, 0x70, 0x6f, 0x72, 0x74, 0x73
  .byte 0x2f, 0x73, 0x76, 0x67, 0x2d, 0x78, 0x65, 0x75, 0x72, 0x71, 0x6e, 0x33, 0x6a, 0x31, 0x72, 0x22
  .byte 0x3b, 0x0a, 0x69, 0x6d, 0x70, 0x6f, 0x72, 0x74, 0x20, 0x7b, 0x20, 0x75, 0x73, 0x65, 0x49, 0x64
  .byte 0x20, 0x7d, 0x20, 0x66, 0x72, 0x6f, 0x6d, 0x20, 0x22, 0x72, 0x65, 0x61, 0x63, 0x74, 0x22, 0x3b
  .byte 0x0a, 0x69, 0x6d, 0x70, 0x6f, 0x72, 0x74, 0x20, 0x73, 0x74, 0x79, 0x6c, 0x65, 0x73, 0x20, 0x66
  .byte 0x72, 0x6f, 0x6d, 0x20, 0x22, 0x2e, 0x2f, 0x46, 0x6f, 0x6f, 0x74, 0x65, 0x72, 0x2e, 0x6d, 0x6f
  .byte 0x64, 0x75, 0x6c, 0x65, 0x2e, 0x63, 0x73, 0x73, 0x22, 0x3b, 0x0a, 0x0a, 0x2f, 0x2f, 0x20, 0x2d
  .byte 0x2d, 0x2d, 0x2d, 0x2d, 0x2d, 0x2d, 0x2d, 0x2d, 0x2d, 0x2d, 0x2d, 0x2d, 0x2d, 0x2d, 0x2d, 0x2d
  .byte 0x2d, 0x2d, 0x2d, 0x2d, 0x2d, 0x2d, 0x2d, 0x2d, 0x2d, 0x2d, 0x2d, 0x2d, 0x2d, 0x2d, 0x2d, 0x2d
  .byte 0x2d, 0x2d, 0x2d, 0x2d, 0x2d, 0x2d, 0x2d, 0x2d, 0x2d, 0x2d, 0x2d, 0x2d, 0x2d, 0x2d, 0x2d, 0x2d
  .byte 0x2d, 0x2d, 0x2d, 0x2d, 0x2d, 0x2d, 0x2d, 0x2d, 0x2d, 0x2d, 0x2d, 0x2d, 0x2d, 0x2d, 0x2d, 0x2d
  .byte 0x2d, 0x2d, 0x2d, 0x2d, 0x2d, 0x2d, 0x2d, 0x2d, 0x2d, 0x2d, 0x0a, 0x2f, 0x2f, 0x20, 0x44, 0x61
  .byte 0x74, 0x61, 0x0a, 0x2f, 0x2f, 0x20, 0x2d, 0x2d, 0x2d, 0x2d, 0x2d, 0x2d, 0x2d, 0x2d, 0x2d, 0x2d
  .byte 0x2d, 0x2d, 0x2d, 0x2d, 0x2d, 0x2d, 0x2d, 0x2d, 0x2d, 0x2d, 0x2d, 0x2d, 0x2d, 0x2d, 0x2d, 0x2d
  .byte 0x2d, 0x2d, 0x2d, 0x2d, 0x2d, 0x2d, 0x2d, 0x2d, 0x2d, 0x2d, 0x2d, 0x2d, 0x2d, 0x2d, 0x2d, 0x2d
  .byte 0x2d, 0x2d, 0x2d, 0x2d, 0x2d, 0x2d, 0x2d, 0x2d, 0x2d, 0x2d, 0x2d, 0x2d, 0x2d, 0x2d, 0x2d, 0x2d
  .byte 0x2d, 0x2d, 0x2d, 0x2d, 0x2d, 0x2d, 0x2d, 0x2d, 0x2d, 0x2d, 0x2d, 0x2d, 0x2d, 0x2d, 0x2d, 0x2d
  .byte 0x2d, 0x0a, 0x0a, 0x69, 0x6e, 0x74, 0x65, 0x72, 0x66, 0x61, 0x63, 0x65, 0x20, 0x53, 0x6f, 0x63
  .byte 0x69, 0x61, 0x6c, 0x4c, 0x69, 0x6e, 0x6b, 0x20, 0x7b, 0x0a, 0x20, 0x20, 0x6c, 0x61, 0x62, 0x65
  .byte 0x6c, 0x3a, 0x20, 0x73, 0x74, 0x72, 0x69, 0x6e, 0x67, 0x3b, 0x0a, 0x20, 0x20, 0x68, 0x72, 0x65
  .byte 0x66, 0x3a, 0x20, 0x73, 0x74, 0x72, 0x69, 0x6e, 0x67, 0x3b, 0x0a, 0x20, 0x20, 0x76, 0x69, 0x65
  .byte 0x77, 0x42, 0x6f, 0x78, 0x3a, 0x20, 0x73, 0x74, 0x72, 0x69, 0x6e, 0x67, 0x3b, 0x0a, 0x20, 0x20
  .byte 0x70, 0x61, 0x74, 0x68, 0x3a, 0x20, 0x73, 0x74, 0x72, 0x69, 0x6e, 0x67, 0x3b, 0x0a, 0x20, 0x20
  .byte 0x77, 0x72, 0x61, 0x70, 0x70, 0x65, 0x72, 0x43, 0x6c, 0x61, 0x73, 0x73, 0x4e, 0x61, 0x6d, 0x65
  .byte 0x3f, 0x3a, 0x20, 0x73, 0x74, 0x72, 0x69, 0x6e, 0x67, 0x3b, 0x0a, 0x20, 0x20, 0x63, 0x6c, 0x69
  .byte 0x70, 0x49, 0x64, 0x3f, 0x3a, 0x20, 0x73, 0x74, 0x72, 0x69, 0x6e, 0x67, 0x3b, 0x0a, 0x20, 0x20
  .byte 0x63, 0x6c, 0x69, 0x70, 0x53, 0x69, 0x7a, 0x65, 0x3f, 0x3a, 0x20, 0x7b, 0x20, 0x77, 0x69, 0x64
  .byte 0x74, 0x68, 0x3a, 0x20, 0x73, 0x74, 0x72, 0x69, 0x6e, 0x67, 0x3b, 0x20, 0x68, 0x65, 0x69, 0x67
  .byte 0x68, 0x74, 0x3a, 0x20, 0x73, 0x74, 0x72, 0x69, 0x6e, 0x67, 0x20, 0x7d, 0x3b, 0x0a, 0x7d, 0x0a
  .byte 0x0a, 0x63, 0x6f, 0x6e, 0x73, 0x74, 0x20, 0x53, 0x4f, 0x43, 0x49, 0x41, 0x4c, 0x5f, 0x4c, 0x49
  .byte 0x4e, 0x4b, 0x53, 0x3a, 0x20, 0x53, 0x6f, 0x63, 0x69, 0x61, 0x6c, 0x4c, 0x69, 0x6e, 0x6b, 0x5b
  .byte 0x5d, 0x20, 0x3d, 0x20, 0x5b, 0x0a, 0x20, 0x20, 0x7b, 0x0a, 0x20, 0x20, 0x20, 0x20, 0x6c, 0x61
  .byte 0x62, 0x65, 0x6c, 0x3a, 0x20, 0x22, 0x54, 0x77, 0x69, 0x74, 0x74, 0x65, 0x72, 0x22, 0x2c, 0x0a
  .byte 0x20, 0x20, 0x20, 0x20, 0x68, 0x72, 0x65, 0x66, 0x3a, 0x20, 0x22, 0x68, 0x74, 0x74, 0x70, 0x73
  .byte 0x3a, 0x2f, 0x2f, 0x78, 0x2e, 0x63, 0x6f, 0x6d, 0x2f, 0x74, 0x68, 0x65, 0x73, 0x79, 0x73, 0x64
  .byte 0x65, 0x76, 0x22, 0x2c, 0x0a, 0x20, 0x20, 0x20, 0x20, 0x76, 0x69, 0x65, 0x77, 0x42, 0x6f, 0x78
  .byte 0x3a, 0x20, 0x22, 0x30, 0x20, 0x30, 0x20, 0x32, 0x34, 0x20, 0x32, 0x34, 0x22, 0x2c, 0x0a, 0x20
  .byte 0x20, 0x20, 0x20, 0x70, 0x61, 0x74, 0x68, 0x3a, 0x20, 0x73, 0x76, 0x67, 0x50, 0x61, 0x74, 0x68
  .byte 0x73, 0x2e, 0x70, 0x61, 0x31, 0x65, 0x37, 0x31, 0x30, 0x30, 0x2c, 0x0a, 0x20, 0x20, 0x20, 0x20
  .byte 0x77, 0x72, 0x61, 0x70, 0x70, 0x65, 0x72, 0x43, 0x6c, 0x61, 0x73, 0x73, 0x4e, 0x61, 0x6d, 0x65
  .byte 0x3a, 0x20, 0x73, 0x74, 0x79, 0x6c, 0x65, 0x73, 0x2e, 0x73, 0x6f, 0x63, 0x69, 0x61, 0x6c, 0x49
  .byte 0x63, 0x6f, 0x6e, 0x54, 0x77, 0x69, 0x74, 0x74, 0x65, 0x72, 0x2c, 0x0a, 0x20, 0x20, 0x7d, 0x2c
  .byte 0x0a, 0x20, 0x20, 0x7b, 0x0a, 0x20, 0x20, 0x20, 0x20, 0x6c, 0x61, 0x62, 0x65, 0x6c, 0x3a, 0x20
  .byte 0x22, 0x44, 0x69, 0x73, 0x63, 0x6f, 0x72, 0x64, 0x22, 0x2c, 0x0a, 0x20, 0x20, 0x20, 0x20, 0x68
  .byte 0x72, 0x65, 0x66, 0x3a, 0x20, 0x22, 0x68, 0x74, 0x74, 0x70, 0x73, 0x3a, 0x2f, 0x2f, 0x64, 0x69
  .byte 0x73, 0x63, 0x6f, 0x72, 0x64, 0x2e, 0x63, 0x6f, 0x6d, 0x2f, 0x69, 0x6e, 0x76, 0x69, 0x74, 0x65
  .byte 0x2f, 0x50, 0x62, 0x76, 0x35, 0x50, 0x73, 0x71, 0x55, 0x53, 0x76, 0x22, 0x2c, 0x0a, 0x20, 0x20
  .byte 0x20, 0x20, 0x76, 0x69, 0x65, 0x77, 0x42, 0x6f, 0x78, 0x3a, 0x20, 0x22, 0x30, 0x20, 0x30, 0x20
  .byte 0x32, 0x31, 0x2e, 0x39, 0x36, 0x31, 0x31, 0x20, 0x31, 0x37, 0x22, 0x2c, 0x0a, 0x20, 0x20, 0x20
  .byte 0x20, 0x70, 0x61, 0x74, 0x68, 0x3a, 0x20, 0x73, 0x76, 0x67, 0x50, 0x61, 0x74, 0x68, 0x73, 0x2e
  .byte 0x70, 0x33, 0x38, 0x38, 0x35, 0x63, 0x64, 0x30, 0x30, 0x2c, 0x0a, 0x20, 0x20, 0x7d, 0x2c, 0x0a
  .byte 0x20, 0x20, 0x7b, 0x0a, 0x20, 0x20, 0x20, 0x20, 0x6c, 0x61, 0x62, 0x65, 0x6c, 0x3a, 0x20, 0x22
  .byte 0x59, 0x6f, 0x75, 0x54, 0x75, 0x62, 0x65, 0x22, 0x2c, 0x0a, 0x20, 0x20, 0x20, 0x20, 0x68, 0x72
  .byte 0x65, 0x66, 0x3a, 0x20, 0x22, 0x68, 0x74, 0x74, 0x70, 0x73, 0x3a, 0x2f, 0x2f, 0x77, 0x77, 0x77
  .byte 0x2e, 0x79, 0x6f, 0x75, 0x74, 0x75, 0x62, 0x65, 0x2e, 0x63, 0x6f, 0x6d, 0x2f, 0x40, 0x74, 0x68
  .byte 0x65, 0x73, 0x79, 0x73, 0x64, 0x65, 0x76, 0x22, 0x2c, 0x0a, 0x20, 0x20, 0x20, 0x20, 0x76, 0x69
  .byte 0x65, 0x77, 0x42, 0x6f, 0x78, 0x3a, 0x20, 0x22, 0x30, 0x20, 0x30, 0x20, 0x32, 0x32, 0x20, 0x31
  .byte 0x35, 0x2e, 0x34, 0x36, 0x38, 0x38, 0x22, 0x2c, 0x0a, 0x20, 0x20, 0x20, 0x20, 0x70, 0x61, 0x74
  .byte 0x68, 0x3a, 0x20, 0x73, 0x76, 0x67, 0x50, 0x61, 0x74, 0x68, 0x73, 0x2e, 0x70, 0x32, 0x33, 0x64
  .byte 0x62, 0x62, 0x64, 0x30, 0x30, 0x2c, 0x0a, 0x20, 0x20, 0x20, 0x20, 0x77, 0x72, 0x61, 0x70, 0x70
  .byte 0x65, 0x72, 0x43, 0x6c, 0x61, 0x73, 0x73, 0x4e, 0x61, 0x6d, 0x65, 0x3a, 0x20, 0x73, 0x74, 0x79
  .byte 0x6c, 0x65, 0x73, 0x2e, 0x73, 0x6f, 0x63, 0x69, 0x61, 0x6c, 0x49, 0x63, 0x6f, 0x6e, 0x59, 0x6f
  .byte 0x75, 0x74, 0x75, 0x62, 0x65, 0x2c, 0x0a, 0x20, 0x20, 0x20, 0x20, 0x63, 0x6c, 0x69, 0x70, 0x49
  .byte 0x64, 0x3a, 0x20, 0x22, 0x63, 0x6c, 0x69, 0x70, 0x5f, 0x79, 0x74, 0x22, 0x2c, 0x0a, 0x20, 0x20
  .byte 0x20, 0x20, 0x63, 0x6c, 0x69, 0x70, 0x53, 0x69, 0x7a, 0x65, 0x3a, 0x20, 0x7b, 0x20, 0x77, 0x69
  .byte 0x64, 0x74, 0x68, 0x3a, 0x20, 0x22, 0x32, 0x32, 0x22, 0x2c, 0x20, 0x68, 0x65, 0x69, 0x67, 0x68
  .byte 0x74, 0x3a, 0x20, 0x22, 0x31, 0x35, 0x2e, 0x34, 0x36, 0x38, 0x38, 0x22, 0x20, 0x7d, 0x2c, 0x0a
  .byte 0x20, 0x20, 0x7d, 0x2c, 0x0a, 0x20, 0x20, 0x7b, 0x0a, 0x20, 0x20, 0x20, 0x20, 0x6c, 0x61, 0x62
  .byte 0x65, 0x6c, 0x3a, 0x20, 0x22, 0x4c, 0x69, 0x6e, 0x6b, 0x65, 0x64, 0x49, 0x6e, 0x22, 0x2c, 0x0a
  .byte 0x20, 0x20, 0x20, 0x20, 0x68, 0x72, 0x65, 0x66, 0x3a, 0x20, 0x22, 0x68, 0x74, 0x74, 0x70, 0x73
  .byte 0x3a, 0x2f, 0x2f, 0x77, 0x77, 0x77, 0x2e, 0x6c, 0x69, 0x6e, 0x6b, 0x65, 0x64, 0x69, 0x6e, 0x2e
  .byte 0x63, 0x6f, 0x6d, 0x2f, 0x63, 0x6f, 0x6d, 0x70, 0x61, 0x6e, 0x79, 0x2f, 0x74, 0x68, 0x65, 0x73
  .byte 0x79, 0x73, 0x64, 0x65, 0x76, 0x2f, 0x22, 0x2c, 0x0a, 0x20, 0x20, 0x20, 0x20, 0x76, 0x69, 0x65
  .byte 0x77, 0x42, 0x6f, 0x78, 0x3a, 0x20, 0x22, 0x30, 0x20, 0x30, 0x20, 0x31, 0x39, 0x20, 0x31, 0x39
  .byte 0x22, 0x2c, 0x0a, 0x20, 0x20, 0x20, 0x20, 0x70, 0x61, 0x74, 0x68, 0x3a, 0x20, 0x73, 0x76, 0x67
  .byte 0x50, 0x61, 0x74, 0x68, 0x73, 0x2e, 0x70, 0x32, 0x36, 0x66, 0x63, 0x33, 0x31, 0x30, 0x30, 0x2c
  .byte 0x0a, 0x20, 0x20, 0x20, 0x20, 0x77, 0x72, 0x61, 0x70, 0x70, 0x65, 0x72, 0x43, 0x6c, 0x61, 0x73
  .byte 0x73, 0x4e, 0x61, 0x6d, 0x65, 0x3a, 0x20, 0x73, 0x74, 0x79, 0x6c, 0x65, 0x73, 0x2e, 0x73, 0x6f
  .byte 0x63, 0x69, 0x61, 0x6c, 0x49, 0x63, 0x6f, 0x6e, 0x4c, 0x69, 0x6e, 0x6b, 0x65, 0x64, 0x49, 0x6e
  .byte 0x2c, 0x0a, 0x20, 0x20, 0x20, 0x20, 0x63, 0x6c, 0x69, 0x70, 0x49, 0x64, 0x3a, 0x20, 0x22, 0x63
  .byte 0x6c, 0x69, 0x70, 0x5f, 0x6c, 0x69, 0x22, 0x2c, 0x0a, 0x20, 0x20, 0x20, 0x20, 0x63, 0x6c, 0x69
  .byte 0x70, 0x53, 0x69, 0x7a, 0x65, 0x3a, 0x20, 0x7b, 0x20, 0x77, 0x69, 0x64, 0x74, 0x68, 0x3a, 0x20
  .byte 0x22, 0x31, 0x39, 0x22, 0x2c, 0x20, 0x68, 0x65, 0x69, 0x67, 0x68, 0x74, 0x3a, 0x20, 0x22, 0x31
  .byte 0x39, 0x22, 0x20, 0x7d, 0x2c, 0x0a, 0x20, 0x20, 0x7d, 0x2c, 0x0a, 0x5d, 0x3b, 0x0a, 0x0a, 0x2f
  .byte 0x2f, 0x20, 0x2d, 0x2d, 0x2d, 0x2d, 0x2d, 0x2d, 0x2d, 0x2d, 0x2d, 0x2d, 0x2d, 0x2d, 0x2d, 0x2d
  .byte 0x2d, 0x2d, 0x2d, 0x2d, 0x2d, 0x2d, 0x2d, 0x2d, 0x2d, 0x2d, 0x2d, 0x2d, 0x2d, 0x2d, 0x2d, 0x2d
  .byte 0x2d, 0x2d, 0x2d, 0x2d, 0x2d, 0x2d, 0x2d, 0x2d, 0x2d, 0x2d, 0x2d, 0x2d, 0x2d, 0x2d, 0x2d, 0x2d
  .byte 0x2d, 0x2d, 0x2d, 0x2d, 0x2d, 0x2d, 0x2d, 0x2d, 0x2d, 0x2d, 0x2d, 0x2d, 0x2d, 0x2d, 0x2d, 0x2d
  .byte 0x2d, 0x2d, 0x2d, 0x2d, 0x2d, 0x2d, 0x2d, 0x2d, 0x2d, 0x2d, 0x2d, 0x2d, 0x2d, 0x0a, 0x2f, 0x2f
  .byte 0x20, 0x53, 0x75, 0x62, 0x2d, 0x63, 0x6f, 0x6d, 0x70, 0x6f, 0x6e, 0x65, 0x6e, 0x74, 0x73, 0x0a
  .byte 0x2f, 0x2f, 0x20, 0x2d, 0x2d, 0x2d, 0x2d, 0x2d, 0x2d, 0x2d, 0x2d, 0x2d, 0x2d, 0x2d, 0x2d, 0x2d
  .byte 0x2d, 0x2d, 0x2d, 0x2d, 0x2d, 0x2d, 0x2d, 0x2d, 0x2d, 0x2d, 0x2d, 0x2d, 0x2d, 0x2d, 0x2d, 0x2d
  .byte 0x2d, 0x2d, 0x2d, 0x2d, 0x2d, 0x2d, 0x2d, 0x2d, 0x2d, 0x2d, 0x2d, 0x2d, 0x2d, 0x2d, 0x2d, 0x2d
  .byte 0x2d, 0x2d, 0x2d, 0x2d, 0x2d, 0x2d, 0x2d, 0x2d, 0x2d, 0x2d, 0x2d, 0x2d, 0x2d, 0x2d, 0x2d, 0x2d
  .byte 0x2d, 0x2d, 0x2d, 0x2d, 0x2d, 0x2d, 0x2d, 0x2d, 0x2d, 0x2d, 0x2d, 0x2d, 0x2d, 0x2d, 0x0a, 0x0a
  .byte 0x66, 0x75, 0x6e, 0x63, 0x74, 0x69, 0x6f, 0x6e, 0x20, 0x53, 0x6f, 0x63, 0x69, 0x61, 0x6c, 0x49
  .byte 0x63, 0x6f, 0x6e, 0x28, 0x7b, 0x20, 0x6c, 0x69, 0x6e, 0x6b, 0x20, 0x7d, 0x3a, 0x20, 0x7b, 0x20
  .byte 0x6c, 0x69, 0x6e, 0x6b, 0x3a, 0x20, 0x53, 0x6f, 0x63, 0x69, 0x61, 0x6c, 0x4c, 0x69, 0x6e, 0x6b
  .byte 0x20, 0x7d, 0x29, 0x20, 0x7b, 0x0a, 0x20, 0x20, 0x63, 0x6f, 0x6e, 0x73, 0x74, 0x20, 0x75, 0x6e
  .byte 0x69, 0x71, 0x75, 0x65, 0x49, 0x64, 0x20, 0x3d, 0x20, 0x75, 0x73, 0x65, 0x49, 0x64, 0x28, 0x29
  .byte 0x3b, 0x0a, 0x20, 0x20, 0x63, 0x6f, 0x6e, 0x73, 0x74, 0x20, 0x63, 0x6c, 0x69, 0x70, 0x50, 0x61
  .byte 0x74, 0x68, 0x49, 0x64, 0x20, 0x3d, 0x20, 0x6c, 0x69, 0x6e, 0x6b, 0x2e, 0x63, 0x6c, 0x69, 0x70
  .byte 0x49, 0x64, 0x20, 0x3f, 0x20, 0x60, 0x24, 0x7b, 0x6c, 0x69, 0x6e, 0x6b, 0x2e, 0x63, 0x6c, 0x69
  .byte 0x70, 0x49, 0x64, 0x7d, 0x2d, 0x24, 0x7b, 0x75, 0x6e, 0x69, 0x71, 0x75, 0x65, 0x49, 0x64, 0x7d
  .byte 0x60, 0x20, 0x3a, 0x20, 0x75, 0x6e, 0x64, 0x65, 0x66, 0x69, 0x6e, 0x65, 0x64, 0x3b, 0x0a, 0x0a
  .byte 0x20, 0x20, 0x63, 0x6f, 0x6e, 0x73, 0x74, 0x20, 0x73, 0x76, 0x67, 0x43, 0x6f, 0x6e, 0x74, 0x65
  .byte 0x6e, 0x74, 0x20, 0x3d, 0x20, 0x63, 0x6c, 0x69, 0x70, 0x50, 0x61, 0x74, 0x68, 0x49, 0x64, 0x20
  .byte 0x3f, 0x20, 0x28, 0x0a, 0x20, 0x20, 0x20, 0x20, 0x3c, 0x73, 0x76, 0x67, 0x20, 0x63, 0x6c, 0x61
  .byte 0x73, 0x73, 0x4e, 0x61, 0x6d, 0x65, 0x3d, 0x7b, 0x73, 0x74, 0x79, 0x6c, 0x65, 0x73, 0x2e, 0x61
  .byte 0x62, 0x73, 0x6f, 0x6c, 0x75, 0x74, 0x65, 0x53, 0x76, 0x67, 0x7d, 0x20, 0x66, 0x69, 0x6c, 0x6c
  .byte 0x3d, 0x22, 0x6e, 0x6f, 0x6e, 0x65, 0x22, 0x20, 0x76, 0x69, 0x65, 0x77, 0x42, 0x6f, 0x78, 0x3d
  .byte 0x7b, 0x6c, 0x69, 0x6e, 0x6b, 0x2e, 0x76, 0x69, 0x65, 0x77, 0x42, 0x6f, 0x78, 0x7d, 0x3e, 0x0a
  .byte 0x20, 0x20, 0x20, 0x20, 0x20, 0x20, 0x3c, 0x67, 0x20, 0x63, 0x6c, 0x69, 0x70, 0x50, 0x61, 0x74
  .byte 0x68, 0x3d, 0x7b, 0x60, 0x75, 0x72, 0x6c, 0x28, 0x23, 0x24, 0x7b, 0x63, 0x6c, 0x69, 0x70, 0x50
  .byte 0x61, 0x74, 0x68, 0x49, 0x64, 0x7d, 0x29, 0x60, 0x7d, 0x3e, 0x0a, 0x20, 0x20, 0x20, 0x20, 0x20
  .byte 0x20, 0x20, 0x20, 0x3c, 0x70, 0x61, 0x74, 0x68, 0x20, 0x64, 0x3d, 0x7b, 0x6c, 0x69, 0x6e, 0x6b
  .byte 0x2e, 0x70, 0x61, 0x74, 0x68, 0x7d, 0x20, 0x66, 0x69, 0x6c, 0x6c, 0x3d, 0x22, 0x63, 0x75, 0x72
  .byte 0x72, 0x65, 0x6e, 0x74, 0x43, 0x6f, 0x6c, 0x6f, 0x72, 0x22, 0x20, 0x2f, 0x3e, 0x0a, 0x20, 0x20
  .byte 0x20, 0x20, 0x20, 0x20, 0x3c, 0x2f, 0x67, 0x3e, 0x0a, 0x20, 0x20, 0x20, 0x20, 0x20, 0x20, 0x3c
  .byte 0x64, 0x65, 0x66, 0x73, 0x3e, 0x0a, 0x20, 0x20, 0x20, 0x20, 0x20, 0x20, 0x20, 0x20, 0x3c, 0x63
  .byte 0x6c, 0x69, 0x70, 0x50, 0x61, 0x74, 0x68, 0x20, 0x69, 0x64, 0x3d, 0x7b, 0x63, 0x6c, 0x69, 0x70
  .byte 0x50, 0x61, 0x74, 0x68, 0x49, 0x64, 0x7d, 0x3e, 0x0a, 0x20, 0x20, 0x20, 0x20, 0x20, 0x20, 0x20
  .byte 0x20, 0x20, 0x20, 0x3c, 0x72, 0x65, 0x63, 0x74, 0x20, 0x66, 0x69, 0x6c, 0x6c, 0x3d, 0x22, 0x77
  .byte 0x68, 0x69, 0x74, 0x65, 0x22, 0x20, 0x68, 0x65, 0x69, 0x67, 0x68, 0x74, 0x3d, 0x7b, 0x6c, 0x69
  .byte 0x6e, 0x6b, 0x2e, 0x63, 0x6c, 0x69, 0x70, 0x53, 0x69, 0x7a, 0x65, 0x21, 0x2e, 0x68, 0x65, 0x69
  .byte 0x67, 0x68, 0x74, 0x7d, 0x20, 0x77, 0x69, 0x64, 0x74, 0x68, 0x3d, 0x7b, 0x6c, 0x69, 0x6e, 0x6b
  .byte 0x2e, 0x63, 0x6c, 0x69, 0x70, 0x53, 0x69, 0x7a, 0x65, 0x21, 0x2e, 0x77, 0x69, 0x64, 0x74, 0x68
  .byte 0x7d, 0x20, 0x2f, 0x3e, 0x0a, 0x20, 0x20, 0x20, 0x20, 0x20, 0x20, 0x20, 0x20, 0x3c, 0x2f, 0x63
  .byte 0x6c, 0x69, 0x70, 0x50, 0x61, 0x74, 0x68, 0x3e, 0x0a, 0x20, 0x20, 0x20, 0x20, 0x20, 0x20, 0x3c
  .byte 0x2f, 0x64, 0x65, 0x66, 0x73, 0x3e, 0x0a, 0x20, 0x20, 0x20, 0x20, 0x3c, 0x2f, 0x73, 0x76, 0x67
  .byte 0x3e, 0x0a, 0x20, 0x20, 0x29, 0x20, 0x3a, 0x20, 0x28, 0x0a, 0x20, 0x20, 0x20, 0x20, 0x3c, 0x73
  .byte 0x76, 0x67, 0x20, 0x63, 0x6c, 0x61, 0x73, 0x73, 0x4e, 0x61, 0x6d, 0x65, 0x3d, 0x7b, 0x73, 0x74
  .byte 0x79, 0x6c, 0x65, 0x73, 0x2e, 0x61, 0x62, 0x73, 0x6f, 0x6c, 0x75, 0x74, 0x65, 0x53, 0x76, 0x67
  .byte 0x7d, 0x20, 0x66, 0x69, 0x6c, 0x6c, 0x3d, 0x22, 0x6e, 0x6f, 0x6e, 0x65, 0x22, 0x20, 0x76, 0x69
  .byte 0x65, 0x77, 0x42, 0x6f, 0x78, 0x3d, 0x7b, 0x6c, 0x69, 0x6e, 0x6b, 0x2e, 0x76, 0x69, 0x65, 0x77
  .byte 0x42, 0x6f, 0x78, 0x7d, 0x3e, 0x0a, 0x20, 0x20, 0x20, 0x20, 0x20, 0x20, 0x3c, 0x70, 0x61, 0x74
  .byte 0x68, 0x20, 0x64, 0x3d, 0x7b, 0x6c, 0x69, 0x6e, 0x6b, 0x2e, 0x70, 0x61, 0x74, 0x68, 0x7d, 0x20
  .byte 0x66, 0x69, 0x6c, 0x6c, 0x3d, 0x22, 0x63, 0x75, 0x72, 0x72, 0x65, 0x6e, 0x74, 0x43, 0x6f, 0x6c
  .byte 0x6f, 0x72, 0x22, 0x20, 0x2f, 0x3e, 0x0a, 0x20, 0x20, 0x20, 0x20, 0x3c, 0x2f, 0x73, 0x76, 0x67
  .byte 0x3e, 0x0a, 0x20, 0x20, 0x29, 0x3b, 0x0a, 0x0a, 0x20, 0x20, 0x72, 0x65, 0x74, 0x75, 0x72, 0x6e
  .byte 0x20, 0x28, 0x0a, 0x20, 0x20, 0x20, 0x20, 0x3c, 0x61, 0x0a, 0x20, 0x20, 0x20, 0x20, 0x20, 0x20
  .byte 0x68, 0x72, 0x65, 0x66, 0x3d, 0x7b, 0x6c, 0x69, 0x6e, 0x6b, 0x2e, 0x68, 0x72, 0x65, 0x66, 0x7d
  .byte 0x0a, 0x20, 0x20, 0x20, 0x20, 0x20, 0x20, 0x74, 0x61, 0x72, 0x67, 0x65, 0x74, 0x3d, 0x22, 0x5f
  .byte 0x62, 0x6c, 0x61, 0x6e, 0x6b, 0x22, 0x0a, 0x20, 0x20, 0x20, 0x20, 0x20, 0x20, 0x72, 0x65, 0x6c
  .byte 0x3d, 0x22, 0x6e, 0x6f, 0x6f, 0x70, 0x65, 0x6e, 0x65, 0x72, 0x20, 0x6e, 0x6f, 0x72, 0x65, 0x66
  .byte 0x65, 0x72, 0x72, 0x65, 0x72, 0x22, 0x0a, 0x20, 0x20, 0x20, 0x20, 0x20, 0x20, 0x63, 0x6c, 0x61
  .byte 0x73, 0x73, 0x4e, 0x61, 0x6d, 0x65, 0x3d, 0x7b, 0x73, 0x74, 0x79, 0x6c, 0x65, 0x73, 0x2e, 0x73
  .byte 0x6f, 0x63, 0x69, 0x61, 0x6c, 0x4c, 0x69, 0x6e, 0x6b, 0x7d, 0x0a, 0x20, 0x20, 0x20, 0x20, 0x20
  .byte 0x20, 0x61, 0x72, 0x69, 0x61, 0x2d, 0x6c, 0x61, 0x62, 0x65, 0x6c, 0x3d, 0x7b, 0x6c, 0x69, 0x6e
  .byte 0x6b, 0x2e, 0x6c, 0x61, 0x62, 0x65, 0x6c, 0x7d, 0x0a, 0x20, 0x20, 0x20, 0x20, 0x3e, 0x0a, 0x20
  .byte 0x20, 0x20, 0x20, 0x20, 0x20, 0x7b, 0x6c, 0x69, 0x6e, 0x6b, 0x2e, 0x77, 0x72, 0x61, 0x70, 0x70
  .byte 0x65, 0x72, 0x43, 0x6c, 0x61, 0x73, 0x73, 0x4e, 0x61, 0x6d, 0x65, 0x20, 0x3f, 0x20, 0x28, 0x0a
  .byte 0x20, 0x20, 0x20, 0x20, 0x20, 0x20, 0x20, 0x20, 0x3c, 0x64, 0x69, 0x76, 0x20, 0x63, 0x6c, 0x61
  .byte 0x73, 0x73, 0x4e, 0x61, 0x6d, 0x65, 0x3d, 0x7b, 0x60, 0x24, 0x7b, 0x73, 0x74, 0x79, 0x6c, 0x65
  .byte 0x73, 0x2e, 0x73, 0x6f, 0x63, 0x69, 0x61, 0x6c, 0x49, 0x63, 0x6f, 0x6e, 0x57, 0x72, 0x61, 0x70
  .byte 0x7d, 0x20, 0x24, 0x7b, 0x6c, 0x69, 0x6e, 0x6b, 0x2e, 0x77, 0x72, 0x61, 0x70, 0x70, 0x65, 0x72
  .byte 0x43, 0x6c, 0x61, 0x73, 0x73, 0x4e, 0x61, 0x6d, 0x65, 0x7d, 0x60, 0x2e, 0x74, 0x72, 0x69, 0x6d
  .byte 0x28, 0x29, 0x7d, 0x3e, 0x0a, 0x20, 0x20, 0x20, 0x20, 0x20, 0x20, 0x20, 0x20, 0x20, 0x20, 0x7b
  .byte 0x73, 0x76, 0x67, 0x43, 0x6f, 0x6e, 0x74, 0x65, 0x6e, 0x74, 0x7d, 0x0a, 0x20, 0x20, 0x20, 0x20
  .byte 0x20, 0x20, 0x20, 0x20, 0x3c, 0x2f, 0x64, 0x69, 0x76, 0x3e, 0x0a, 0x20, 0x20, 0x20, 0x20, 0x20
  .byte 0x20, 0x29, 0x20, 0x3a, 0x20, 0x28, 0x0a, 0x20, 0x20, 0x20, 0x20, 0x20, 0x20, 0x20, 0x20, 0x73
  .byte 0x76, 0x67, 0x43, 0x6f, 0x6e, 0x74, 0x65, 0x6e, 0x74, 0x0a, 0x20, 0x20, 0x20, 0x20, 0x20, 0x20
  .byte 0x29, 0x7d, 0x0a, 0x20, 0x20, 0x20, 0x20, 0x3c, 0x2f, 0x61, 0x3e, 0x0a, 0x20, 0x20, 0x29, 0x3b
  .byte 0x0a, 0x7d, 0x0a, 0x0a, 0x66, 0x75, 0x6e, 0x63, 0x74, 0x69, 0x6f, 0x6e, 0x20, 0x53, 0x6f, 0x63
  .byte 0x69, 0x61, 0x6c, 0x49, 0x63, 0x6f, 0x6e, 0x73, 0x28, 0x29, 0x20, 0x7b, 0x0a, 0x20, 0x20, 0x72
  .byte 0x65, 0x74, 0x75, 0x72, 0x6e, 0x20, 0x28, 0x0a, 0x20, 0x20, 0x20, 0x20, 0x3c, 0x64, 0x69, 0x76
  .byte 0x20, 0x63, 0x6c, 0x61, 0x73, 0x73, 0x4e, 0x61, 0x6d, 0x65, 0x3d, 0x7b, 0x73, 0x74, 0x79, 0x6c
  .byte 0x65, 0x73, 0x2e, 0x73, 0x6f, 0x63, 0x69, 0x61, 0x6c, 0x49, 0x63, 0x6f, 0x6e, 0x73, 0x7d, 0x3e
  .byte 0x0a, 0x20, 0x20, 0x20, 0x20, 0x20, 0x20, 0x7b, 0x53, 0x4f, 0x43, 0x49, 0x41, 0x4c, 0x5f, 0x4c
  .byte 0x49, 0x4e, 0x4b, 0x53, 0x2e, 0x6d, 0x61, 0x70, 0x28, 0x28, 0x6c, 0x69, 0x6e, 0x6b, 0x29, 0x20
  .byte 0x3d, 0x3e, 0x20, 0x28, 0x0a, 0x20, 0x20, 0x20, 0x20, 0x20, 0x20, 0x20, 0x20, 0x3c, 0x53, 0x6f
  .byte 0x63, 0x69, 0x61, 0x6c, 0x49, 0x63, 0x6f, 0x6e, 0x20, 0x6b, 0x65, 0x79, 0x3d, 0x7b, 0x6c, 0x69
  .byte 0x6e, 0x6b, 0x2e, 0x6c, 0x61, 0x62, 0x65, 0x6c, 0x7d, 0x20, 0x6c, 0x69, 0x6e, 0x6b, 0x3d, 0x7b
  .byte 0x6c, 0x69, 0x6e, 0x6b, 0x7d, 0x20, 0x2f, 0x3e, 0x0a, 0x20, 0x20, 0x20, 0x20, 0x20, 0x20, 0x29
  .byte 0x29, 0x7d, 0x0a, 0x20, 0x20, 0x20, 0x20, 0x3c, 0x2f, 0x64, 0x69, 0x76, 0x3e, 0x0a, 0x20, 0x20
  .byte 0x29, 0x3b, 0x0a, 0x7d, 0x0a, 0x0a, 0x66, 0x75, 0x6e, 0x63, 0x74, 0x69, 0x6f, 0x6e, 0x20, 0x54
  .byte 0x68, 0x65, 0x73, 0x79, 0x73, 0x4c, 0x6f, 0x67, 0x6f, 0x28, 0x29, 0x20, 0x7b, 0x0a, 0x20, 0x20
  .byte 0x72, 0x65, 0x74, 0x75, 0x72, 0x6e, 0x20, 0x28, 0x0a, 0x20, 0x20, 0x20, 0x20, 0x3c, 0x64, 0x69
  .byte 0x76, 0x20, 0x63, 0x6c, 0x61, 0x73, 0x73, 0x4e, 0x61, 0x6d, 0x65, 0x3d, 0x7b, 0x73, 0x74, 0x79
  .byte 0x6c, 0x65, 0x73, 0x2e, 0x6c, 0x6f, 0x67, 0x6f, 0x57, 0x72, 0x61, 0x70, 0x7d, 0x3e, 0x0a, 0x20
  .byte 0x20, 0x20, 0x20, 0x20, 0x20, 0x3c, 0x73, 0x76, 0x67, 0x20, 0x63, 0x6c, 0x61, 0x73, 0x73, 0x4e
  .byte 0x61, 0x6d, 0x65, 0x3d, 0x7b, 0x73, 0x74, 0x79, 0x6c, 0x65, 0x73, 0x2e, 0x61, 0x62, 0x73, 0x6f
  .byte 0x6c, 0x75, 0x74, 0x65, 0x53, 0x76, 0x67, 0x7d, 0x20, 0x66, 0x69, 0x6c, 0x6c, 0x3d, 0x22, 0x6e
  .byte 0x6f, 0x6e, 0x65, 0x22, 0x20, 0x76, 0x69, 0x65, 0x77, 0x42, 0x6f, 0x78, 0x3d, 0x22, 0x30, 0x20
  .byte 0x30, 0x20, 0x31, 0x32, 0x33, 0x2e, 0x38, 0x37, 0x31, 0x20, 0x34, 0x39, 0x2e, 0x35, 0x34, 0x38
  .byte 0x34, 0x22, 0x3e, 0x0a, 0x20, 0x20, 0x20, 0x20, 0x20, 0x20, 0x20, 0x20, 0x3c, 0x70, 0x61, 0x74
  .byte 0x68, 0x20, 0x64, 0x3d, 0x7b, 0x73, 0x76, 0x67, 0x50, 0x61, 0x74, 0x68, 0x73, 0x2e, 0x70, 0x31
  .byte 0x36, 0x37, 0x37, 0x35, 0x32, 0x30, 0x30, 0x7d, 0x20, 0x66, 0x69, 0x6c, 0x6c, 0x3d, 0x22, 0x63
  .byte 0x75, 0x72, 0x72, 0x65, 0x6e, 0x74, 0x43, 0x6f, 0x6c, 0x6f, 0x72, 0x22, 0x20, 0x2f, 0x3e, 0x0a
  .byte 0x20, 0x20, 0x20, 0x20, 0x20, 0x20, 0x20, 0x20, 0x3c, 0x70, 0x61, 0x74, 0x68, 0x20, 0x63, 0x6c
  .byte 0x69, 0x70, 0x52, 0x75, 0x6c, 0x65, 0x3d, 0x22, 0x65, 0x76, 0x65, 0x6e, 0x6f, 0x64, 0x64, 0x22
  .byte 0x20, 0x64, 0x3d, 0x7b, 0x73, 0x76, 0x67, 0x50, 0x61, 0x74, 0x68, 0x73, 0x2e, 0x70, 0x32, 0x39
  .byte 0x61, 0x62, 0x61, 0x65, 0x33, 0x30, 0x7d, 0x20, 0x66, 0x69, 0x6c, 0x6c, 0x3d, 0x22, 0x63, 0x75
  .byte 0x72, 0x72, 0x65, 0x6e, 0x74, 0x43, 0x6f, 0x6c, 0x6f, 0x72, 0x22, 0x20, 0x66, 0x69, 0x6c, 0x6c
  .byte 0x52, 0x75, 0x6c, 0x65, 0x3d, 0x22, 0x65, 0x76, 0x65, 0x6e, 0x6f, 0x64, 0x64, 0x22, 0x20, 0x2f
  .byte 0x3e, 0x0a, 0x20, 0x20, 0x20, 0x20, 0x20, 0x20, 0x20, 0x20, 0x3c, 0x70, 0x61, 0x74, 0x68, 0x20
  .byte 0x64, 0x3d, 0x7b, 0x73, 0x76, 0x67, 0x50, 0x61, 0x74, 0x68, 0x73, 0x2e, 0x70, 0x33, 0x31, 0x38
  .byte 0x61, 0x61, 0x66, 0x38, 0x30, 0x7d, 0x20, 0x66, 0x69, 0x6c, 0x6c, 0x3d, 0x22, 0x63, 0x75, 0x72
  .byte 0x72, 0x65, 0x6e, 0x74, 0x43, 0x6f, 0x6c, 0x6f, 0x72, 0x22, 0x20, 0x2f, 0x3e, 0x0a, 0x20, 0x20
  .byte 0x20, 0x20, 0x20, 0x20, 0x20, 0x20, 0x3c, 0x70, 0x61, 0x74, 0x68, 0x20, 0x64, 0x3d, 0x7b, 0x73
  .byte 0x76, 0x67, 0x50, 0x61, 0x74, 0x68, 0x73, 0x2e, 0x70, 0x33, 0x66, 0x32, 0x32, 0x63, 0x66, 0x30
  .byte 0x30, 0x7d, 0x20, 0x66, 0x69, 0x6c, 0x6c, 0x3d, 0x22, 0x63, 0x75, 0x72, 0x72, 0x65, 0x6e, 0x74
  .byte 0x43, 0x6f, 0x6c, 0x6f, 0x72, 0x22, 0x20, 0x2f, 0x3e, 0x0a, 0x20, 0x20, 0x20, 0x20, 0x20, 0x20
  .byte 0x20, 0x20, 0x3c, 0x70, 0x61, 0x74, 0x68, 0x20, 0x64, 0x3d, 0x7b, 0x73, 0x76, 0x67, 0x50, 0x61
  .byte 0x74, 0x68, 0x73, 0x2e, 0x70, 0x32, 0x37, 0x30, 0x31, 0x33, 0x39, 0x38, 0x30, 0x7d, 0x20, 0x66
  .byte 0x69, 0x6c, 0x6c, 0x3d, 0x22, 0x63, 0x75, 0x72, 0x72, 0x65, 0x6e, 0x74, 0x43, 0x6f, 0x6c, 0x6f
  .byte 0x72, 0x22, 0x20, 0x2f, 0x3e, 0x0a, 0x20, 0x20, 0x20, 0x20, 0x20, 0x20, 0x20, 0x20, 0x3c, 0x70
  .byte 0x61, 0x74, 0x68, 0x20, 0x64, 0x3d, 0x7b, 0x73, 0x76, 0x67, 0x50, 0x61, 0x74, 0x68, 0x73, 0x2e
  .byte 0x70, 0x32, 0x31, 0x62, 0x37, 0x66, 0x33, 0x30, 0x30, 0x7d, 0x20, 0x66, 0x69, 0x6c, 0x6c, 0x3d
  .byte 0x22, 0x63, 0x75, 0x72, 0x72, 0x65, 0x6e, 0x74, 0x43, 0x6f, 0x6c, 0x6f, 0x72, 0x22, 0x20, 0x2f
  .byte 0x3e, 0x0a, 0x20, 0x20, 0x20, 0x20, 0x20, 0x20, 0x3c, 0x2f, 0x73, 0x76, 0x67, 0x3e, 0x0a, 0x20
  .byte 0x20, 0x20, 0x20, 0x3c, 0x2f, 0x64, 0x69, 0x76, 0x3e, 0x0a, 0x20, 0x20, 0x29, 0x3b, 0x0a, 0x7d
  .byte 0x0a, 0x0a, 0x66, 0x75, 0x6e, 0x63, 0x74, 0x69, 0x6f, 0x6e, 0x20, 0x48, 0x61, 0x6e, 0x64, 0x63
  .byte 0x72, 0x61, 0x66, 0x74, 0x65, 0x64, 0x4d, 0x61, 0x73, 0x63, 0x6f, 0x74, 0x28, 0x7b, 0x20, 0x69
  .byte 0x73, 0x44, 0x61, 0x72, 0x6b, 0x20, 0x7d, 0x3a, 0x20, 0x7b, 0x20, 0x69, 0x73, 0x44, 0x61, 0x72
  .byte 0x6b, 0x3a, 0x20, 0x62, 0x6f, 0x6f, 0x6c, 0x65, 0x61, 0x6e, 0x20, 0x7d, 0x29, 0x20, 0x7b, 0x0a
  .byte 0x20, 0x20, 0x69, 0x66, 0x20, 0x28, 0x69, 0x73, 0x44, 0x61, 0x72, 0x6b, 0x29, 0x20, 0x7b, 0x0a
  .byte 0x20, 0x20, 0x20, 0x20, 0x72, 0x65, 0x74, 0x75, 0x72, 0x6e, 0x20, 0x28, 0x0a, 0x20, 0x20, 0x20
  .byte 0x20, 0x20, 0x20, 0x3c, 0x73, 0x76, 0x67, 0x0a, 0x20, 0x20, 0x20, 0x20, 0x20, 0x20, 0x20, 0x20
  .byte 0x63, 0x6c, 0x61, 0x73, 0x73, 0x4e, 0x61, 0x6d, 0x65, 0x3d, 0x7b, 0x60, 0x24, 0x7b, 0x73, 0x74
  .byte 0x79, 0x6c, 0x65, 0x73, 0x2e, 0x68, 0x61, 0x6e, 0x64, 0x63, 0x72, 0x61, 0x66, 0x74, 0x65, 0x64
  .byte 0x4d, 0x61, 0x73, 0x63, 0x6f, 0x74, 0x7d, 0x20, 0x24, 0x7b, 0x73, 0x74, 0x79, 0x6c, 0x65, 0x73
  .byte 0x2e, 0x68, 0x61, 0x6e, 0x64, 0x63, 0x72, 0x61, 0x66, 0x74, 0x65, 0x64, 0x4d, 0x61, 0x73, 0x63
  .byte 0x6f, 0x74, 0x44, 0x61, 0x72, 0x6b, 0x7d, 0x60, 0x2e, 0x74, 0x72, 0x69, 0x6d, 0x28, 0x29, 0x7d
  .byte 0x0a, 0x20, 0x20, 0x20, 0x20, 0x20, 0x20, 0x20, 0x20, 0x66, 0x69, 0x6c, 0x6c, 0x3d, 0x22, 0x6e
  .byte 0x6f, 0x6e, 0x65, 0x22, 0x0a, 0x20, 0x20, 0x20, 0x20, 0x20, 0x20, 0x20, 0x20, 0x70, 0x72, 0x65
  .byte 0x73, 0x65, 0x72, 0x76, 0x65, 0x41, 0x73, 0x70, 0x65, 0x63, 0x74, 0x52, 0x61, 0x74, 0x69, 0x6f
  .byte 0x3d, 0x22, 0x78, 0x4d, 0x69, 0x64, 0x59, 0x4d, 0x69, 0x64, 0x20, 0x6d, 0x65, 0x65, 0x74, 0x22
  .byte 0x0a, 0x20, 0x20, 0x20, 0x20, 0x20, 0x20, 0x20, 0x20, 0x76, 0x69, 0x65, 0x77, 0x42, 0x6f, 0x78
  .byte 0x3d, 0x22, 0x30, 0x20, 0x30, 0x20, 0x33, 0x33, 0x20, 0x33, 0x32, 0x22, 0x0a, 0x20, 0x20, 0x20
  .byte 0x20, 0x20, 0x20, 0x3e, 0x0a, 0x20, 0x20, 0x20, 0x20, 0x20, 0x20, 0x20, 0x20, 0x3c, 0x70, 0x61
  .byte 0x74, 0x68, 0x20, 0x64, 0x3d, 0x7b, 0x6d, 0x61, 0x73, 0x63, 0x6f, 0x74, 0x44, 0x61, 0x72, 0x6b
  .byte 0x53, 0x76, 0x67, 0x50, 0x61, 0x74, 0x68, 0x73, 0x2e, 0x70, 0x42, 0x6f, 0x64, 0x79, 0x7d, 0x20
  .byte 0x66, 0x69, 0x6c, 0x6c, 0x3d, 0x22, 0x77, 0x68, 0x69, 0x74, 0x65, 0x22, 0x20, 0x2f, 0x3e, 0x0a
  .byte 0x20, 0x20, 0x20, 0x20, 0x20, 0x20, 0x20, 0x20, 0x3c, 0x70, 0x61, 0x74, 0x68, 0x20, 0x64, 0x3d
  .byte 0x7b, 0x6d, 0x61, 0x73, 0x63, 0x6f, 0x74, 0x44, 0x61, 0x72, 0x6b, 0x53, 0x76, 0x67, 0x50, 0x61
  .byte 0x74, 0x68, 0x73, 0x2e, 0x70, 0x4f, 0x75, 0x74, 0x6c, 0x69, 0x6e, 0x65, 0x7d, 0x20, 0x66, 0x69
  .byte 0x6c, 0x6c, 0x3d, 0x22, 0x23, 0x34, 0x36, 0x34, 0x36, 0x34, 0x36, 0x22, 0x20, 0x73, 0x74, 0x72
  .byte 0x6f, 0x6b, 0x65, 0x3d, 0x22, 0x23, 0x34, 0x36, 0x34, 0x36, 0x34, 0x36, 0x22, 0x20, 0x73, 0x74
  .byte 0x72, 0x6f, 0x6b, 0x65, 0x57, 0x69, 0x64, 0x74, 0x68, 0x3d, 0x22, 0x30, 0x2e, 0x33, 0x22, 0x20
  .byte 0x2f, 0x3e, 0x0a, 0x20, 0x20, 0x20, 0x20, 0x20, 0x20, 0x20, 0x20, 0x3c, 0x70, 0x61, 0x74, 0x68
  .byte 0x20, 0x64, 0x3d, 0x7b, 0x6d, 0x61, 0x73, 0x63, 0x6f, 0x74, 0x44, 0x61, 0x72, 0x6b, 0x53, 0x76
  .byte 0x67, 0x50, 0x61, 0x74, 0x68, 0x73, 0x2e, 0x70, 0x4d, 0x6f, 0x75, 0x74, 0x68, 0x7d, 0x20, 0x66
  .byte 0x69, 0x6c, 0x6c, 0x3d, 0x22, 0x23, 0x34, 0x36, 0x34, 0x36, 0x34, 0x36, 0x22, 0x20, 0x2f, 0x3e
  .byte 0x0a, 0x20, 0x20, 0x20, 0x20, 0x20, 0x20, 0x20, 0x20, 0x3c, 0x70, 0x61, 0x74, 0x68, 0x20, 0x64
  .byte 0x3d, 0x7b, 0x6d, 0x61, 0x73, 0x63, 0x6f, 0x74, 0x44, 0x61, 0x72, 0x6b, 0x53, 0x76, 0x67, 0x50
  .byte 0x61, 0x74, 0x68, 0x73, 0x2e, 0x70, 0x45, 0x61, 0x72, 0x4c, 0x65, 0x66, 0x74, 0x7d, 0x20, 0x66
  .byte 0x69, 0x6c, 0x6c, 0x3d, 0x22, 0x23, 0x34, 0x36, 0x34, 0x36, 0x34, 0x36, 0x22, 0x20, 0x73, 0x74
  .byte 0x72, 0x6f, 0x6b, 0x65, 0x3d, 0x22, 0x23, 0x34, 0x36, 0x34, 0x36, 0x34, 0x36, 0x22, 0x20, 0x73
  .byte 0x74, 0x72, 0x6f, 0x6b, 0x65, 0x57, 0x69, 0x64, 0x74, 0x68, 0x3d, 0x22, 0x30, 0x2e, 0x33, 0x22
  .byte 0x20, 0x2f, 0x3e, 0x0a, 0x20, 0x20, 0x20, 0x20, 0x20, 0x20, 0x20, 0x20, 0x3c, 0x70, 0x61, 0x74
  .byte 0x68, 0x20, 0x64, 0x3d, 0x7b, 0x6d, 0x61, 0x73, 0x63, 0x6f, 0x74, 0x44, 0x61, 0x72, 0x6b, 0x53
  .byte 0x76, 0x67, 0x50, 0x61, 0x74, 0x68, 0x73, 0x2e, 0x70, 0x45, 0x61, 0x72, 0x52, 0x69, 0x67, 0x68
  .byte 0x74, 0x7d, 0x20, 0x66, 0x69, 0x6c, 0x6c, 0x3d, 0x22, 0x23, 0x34, 0x36, 0x34, 0x36, 0x34, 0x36
  .byte 0x22, 0x20, 0x73, 0x74, 0x72, 0x6f, 0x6b, 0x65, 0x3d, 0x22, 0x23, 0x34, 0x36, 0x34, 0x36, 0x34
  .byte 0x36, 0x22, 0x20, 0x73, 0x74, 0x72, 0x6f, 0x6b, 0x65, 0x57, 0x69, 0x64, 0x74, 0x68, 0x3d, 0x22
  .byte 0x30, 0x2e, 0x33, 0x22, 0x20, 0x2f, 0x3e, 0x0a, 0x20, 0x20, 0x20, 0x20, 0x20, 0x20, 0x20, 0x20
  .byte 0x3c, 0x70, 0x61, 0x74, 0x68, 0x20, 0x64, 0x3d, 0x7b, 0x6d, 0x61, 0x73, 0x63, 0x6f, 0x74, 0x44
  .byte 0x61, 0x72, 0x6b, 0x53, 0x76, 0x67, 0x50, 0x61, 0x74, 0x68, 0x73, 0x2e, 0x70, 0x45, 0x79, 0x65
  .byte 0x4c, 0x65, 0x66, 0x74, 0x7d, 0x20, 0x66, 0x69, 0x6c, 0x6c, 0x3d, 0x22, 0x23, 0x34, 0x36, 0x34
  .byte 0x36, 0x34, 0x36, 0x22, 0x20, 0x2f, 0x3e, 0x0a, 0x20, 0x20, 0x20, 0x20, 0x20, 0x20, 0x20, 0x20
  .byte 0x3c, 0x70, 0x61, 0x74, 0x68, 0x20, 0x64, 0x3d, 0x7b, 0x6d, 0x61, 0x73, 0x63, 0x6f, 0x74, 0x44
  .byte 0x61, 0x72, 0x6b, 0x53, 0x76, 0x67, 0x50, 0x61, 0x74, 0x68, 0x73, 0x2e, 0x70, 0x45, 0x79, 0x65
  .byte 0x52, 0x69, 0x67, 0x68, 0x74, 0x7d, 0x20, 0x66, 0x69, 0x6c, 0x6c, 0x3d, 0x22, 0x23, 0x34, 0x36
  .byte 0x34, 0x36, 0x34, 0x36, 0x22, 0x20, 0x2f, 0x3e, 0x0a, 0x20, 0x20, 0x20, 0x20, 0x20, 0x20, 0x20
  .byte 0x20, 0x3c, 0x70, 0x61, 0x74, 0x68, 0x20, 0x64, 0x3d, 0x7b, 0x6d, 0x61, 0x73, 0x63, 0x6f, 0x74
  .byte 0x44, 0x61, 0x72, 0x6b, 0x53, 0x76, 0x67, 0x50, 0x61, 0x74, 0x68, 0x73, 0x2e, 0x70, 0x48, 0x6f
  .byte 0x72, 0x6e, 0x4c, 0x65, 0x66, 0x74, 0x7d, 0x20, 0x66, 0x69, 0x6c, 0x6c, 0x3d, 0x22, 0x23, 0x34
  .byte 0x36, 0x34, 0x36, 0x34, 0x36, 0x22, 0x20, 0x73, 0x74, 0x72, 0x6f, 0x6b, 0x65, 0x3d, 0x22, 0x23
  .byte 0x34, 0x36, 0x34, 0x36, 0x34, 0x36, 0x22, 0x20, 0x73, 0x74, 0x72, 0x6f, 0x6b, 0x65, 0x57, 0x69
  .byte 0x64, 0x74, 0x68, 0x3d, 0x22, 0x30, 0x2e, 0x33, 0x22, 0x20, 0x2f, 0x3e, 0x0a, 0x20, 0x20, 0x20
  .byte 0x20, 0x20, 0x20, 0x20, 0x20, 0x3c, 0x70, 0x61, 0x74, 0x68, 0x20, 0x64, 0x3d, 0x7b, 0x6d, 0x61
  .byte 0x73, 0x63, 0x6f, 0x74, 0x44, 0x61, 0x72, 0x6b, 0x53, 0x76, 0x67, 0x50, 0x61, 0x74, 0x68, 0x73
  .byte 0x2e, 0x70, 0x48, 0x6f, 0x72, 0x6e, 0x52, 0x69, 0x67, 0x68, 0x74, 0x7d, 0x20, 0x66, 0x69, 0x6c
  .byte 0x6c, 0x3d, 0x22, 0x23, 0x34, 0x36, 0x34, 0x36, 0x34, 0x36, 0x22, 0x20, 0x73, 0x74, 0x72, 0x6f
  .byte 0x6b, 0x65, 0x3d, 0x22, 0x23, 0x34, 0x36, 0x34, 0x36, 0x34, 0x36, 0x22, 0x20, 0x73, 0x74, 0x72
  .byte 0x6f, 0x6b, 0x65, 0x57, 0x69, 0x64, 0x74, 0x68, 0x3d, 0x22, 0x30, 0x2e, 0x33, 0x22, 0x20, 0x2f
  .byte 0x3e, 0x0a, 0x20, 0x20, 0x20, 0x20, 0x20, 0x20, 0x3c, 0x2f, 0x73, 0x76, 0x67, 0x3e, 0x0a, 0x20
  .byte 0x20, 0x20, 0x20, 0x29, 0x3b, 0x0a, 0x20, 0x20, 0x7d, 0x0a, 0x0a, 0x20, 0x20, 0x72, 0x65, 0x74
  .byte 0x75, 0x72, 0x6e, 0x20, 0x28, 0x0a, 0x20, 0x20, 0x20, 0x20, 0x3c, 0x73, 0x76, 0x67, 0x0a, 0x20
  .byte 0x20, 0x20, 0x20, 0x20, 0x20, 0x63, 0x6c, 0x61, 0x73, 0x73, 0x4e, 0x61, 0x6d, 0x65, 0x3d, 0x7b
  .byte 0x73, 0x74, 0x79, 0x6c, 0x65, 0x73, 0x2e, 0x68, 0x61, 0x6e, 0x64, 0x63, 0x72, 0x61, 0x66, 0x74
  .byte 0x65, 0x64, 0x4d, 0x61, 0x73, 0x63, 0x6f, 0x74, 0x7d, 0x0a, 0x20, 0x20, 0x20, 0x20, 0x20, 0x20
  .byte 0x66, 0x69, 0x6c, 0x6c, 0x3d, 0x22, 0x6e, 0x6f, 0x6e, 0x65, 0x22, 0x0a, 0x20, 0x20, 0x20, 0x20
  .byte 0x20, 0x20, 0x70, 0x72, 0x65, 0x73, 0x65, 0x72, 0x76, 0x65, 0x41, 0x73, 0x70, 0x65, 0x63, 0x74
  .byte 0x52, 0x61, 0x74, 0x69, 0x6f, 0x3d, 0x22, 0x78, 0x4d, 0x69, 0x64, 0x59, 0x4d, 0x69, 0x64, 0x20
  .byte 0x6d, 0x65, 0x65, 0x74, 0x22, 0x0a, 0x20, 0x20, 0x20, 0x20, 0x20, 0x20, 0x76, 0x69, 0x65, 0x77
  .byte 0x42, 0x6f, 0x78, 0x3d, 0x22, 0x30, 0x20, 0x30, 0x20, 0x31, 0x34, 0x31, 0x2e, 0x32, 0x20, 0x31
  .byte 0x31, 0x34, 0x2e, 0x32, 0x22, 0x0a, 0x20, 0x20, 0x20, 0x20, 0x3e, 0x0a, 0x20, 0x20, 0x20, 0x20
  .byte 0x20, 0x20, 0x3c, 0x70, 0x61, 0x74, 0x68, 0x0a, 0x20, 0x20, 0x20, 0x20, 0x20, 0x20, 0x20, 0x20
  .byte 0x64, 0x3d, 0x7b, 0x6d, 0x61, 0x73, 0x63, 0x6f, 0x74, 0x53, 0x76, 0x67, 0x50, 0x61, 0x74, 0x68
  .byte 0x73, 0x2e, 0x70, 0x33, 0x39, 0x35, 0x62, 0x33, 0x63, 0x30, 0x30, 0x7d, 0x0a, 0x20, 0x20, 0x20
  .byte 0x20, 0x20, 0x20, 0x20, 0x20, 0x66, 0x69, 0x6c, 0x6c, 0x3d, 0x22, 0x63, 0x75, 0x72, 0x72, 0x65
  .byte 0x6e, 0x74, 0x43, 0x6f, 0x6c, 0x6f, 0x72, 0x22, 0x0a, 0x20, 0x20, 0x20, 0x20, 0x20, 0x20, 0x20
  .byte 0x20, 0x73, 0x74, 0x72, 0x6f, 0x6b, 0x65, 0x3d, 0x22, 0x63, 0x75, 0x72, 0x72, 0x65, 0x6e, 0x74
  .byte 0x43, 0x6f, 0x6c, 0x6f, 0x72, 0x22, 0x0a, 0x20, 0x20, 0x20, 0x20, 0x20, 0x20, 0x20, 0x20, 0x73
  .byte 0x74, 0x72, 0x6f, 0x6b, 0x65, 0x57, 0x69, 0x64, 0x74, 0x68, 0x3d, 0x22, 0x30, 0x2e, 0x36, 0x22
  .byte 0x0a, 0x20, 0x20, 0x20, 0x20, 0x20, 0x20, 0x2f, 0x3e, 0x0a, 0x20, 0x20, 0x20, 0x20, 0x20, 0x20
  .byte 0x3c, 0x70, 0x61, 0x74, 0x68, 0x20, 0x64, 0x3d, 0x7b, 0x6d, 0x61, 0x73, 0x63, 0x6f, 0x74, 0x53
  .byte 0x76, 0x67, 0x50, 0x61, 0x74, 0x68, 0x73, 0x2e, 0x70, 0x33, 0x62, 0x32, 0x35, 0x31, 0x65, 0x38
  .byte 0x30, 0x7d, 0x20, 0x66, 0x69, 0x6c, 0x6c, 0x3d, 0x22, 0x63, 0x75, 0x72, 0x72, 0x65, 0x6e, 0x74
  .byte 0x43, 0x6f, 0x6c, 0x6f, 0x72, 0x22, 0x20, 0x2f, 0x3e, 0x0a, 0x20, 0x20, 0x20, 0x20, 0x20, 0x20
  .byte 0x3c, 0x70, 0x61, 0x74, 0x68, 0x0a, 0x20, 0x20, 0x20, 0x20, 0x20, 0x20, 0x20, 0x20, 0x64, 0x3d
  .byte 0x7b, 0x6d, 0x61, 0x73, 0x63, 0x6f, 0x74, 0x53, 0x76, 0x67, 0x50, 0x61, 0x74, 0x68, 0x73, 0x2e
  .byte 0x70, 0x32, 0x37, 0x31, 0x38, 0x62, 0x63, 0x38, 0x30, 0x7d, 0x0a, 0x20, 0x20, 0x20, 0x20, 0x20
  .byte 0x20, 0x20, 0x20, 0x66, 0x69, 0x6c, 0x6c, 0x3d, 0x22, 0x63, 0x75, 0x72, 0x72, 0x65, 0x6e, 0x74
  .byte 0x43, 0x6f, 0x6c, 0x6f, 0x72, 0x22, 0x0a, 0x20, 0x20, 0x20, 0x20, 0x20, 0x20, 0x20, 0x20, 0x73
  .byte 0x74, 0x72, 0x6f, 0x6b, 0x65, 0x3d, 0x22, 0x63, 0x75, 0x72, 0x72, 0x65, 0x6e, 0x74, 0x43, 0x6f
  .byte 0x6c, 0x6f, 0x72, 0x22, 0x0a, 0x20, 0x20, 0x20, 0x20, 0x20, 0x20, 0x20, 0x20, 0x73, 0x74, 0x72
  .byte 0x6f, 0x6b, 0x65, 0x57, 0x69, 0x64, 0x74, 0x68, 0x3d, 0x22, 0x30, 0x2e, 0x36, 0x22, 0x0a, 0x20
  .byte 0x20, 0x20, 0x20, 0x20, 0x20, 0x2f, 0x3e, 0x0a, 0x20, 0x20, 0x20, 0x20, 0x20, 0x20, 0x3c, 0x70
  .byte 0x61, 0x74, 0x68, 0x0a, 0x20, 0x20, 0x20, 0x20, 0x20, 0x20, 0x20, 0x20, 0x64, 0x3d, 0x7b, 0x6d
  .byte 0x61, 0x73, 0x63, 0x6f, 0x74, 0x53, 0x76, 0x67, 0x50, 0x61, 0x74, 0x68, 0x73, 0x2e, 0x70, 0x33
  .byte 0x37, 0x61, 0x62, 0x35, 0x62, 0x30, 0x7d, 0x0a, 0x20, 0x20, 0x20, 0x20, 0x20, 0x20, 0x20, 0x20
  .byte 0x66, 0x69, 0x6c, 0x6c, 0x3d, 0x22, 0x63, 0x75, 0x72, 0x72, 0x65, 0x6e, 0x74, 0x43, 0x6f, 0x6c
  .byte 0x6f, 0x72, 0x22, 0x0a, 0x20, 0x20, 0x20, 0x20, 0x20, 0x20, 0x20, 0x20, 0x73, 0x74, 0x72, 0x6f
  .byte 0x6b, 0x65, 0x3d, 0x22, 0x63, 0x75, 0x72, 0x72, 0x65, 0x6e, 0x74, 0x43, 0x6f, 0x6c, 0x6f, 0x72
  .byte 0x22, 0x0a, 0x20, 0x20, 0x20, 0x20, 0x20, 0x20, 0x20, 0x20, 0x73, 0x74, 0x72, 0x6f, 0x6b, 0x65
  .byte 0x57, 0x69, 0x64, 0x74, 0x68, 0x3d, 0x22, 0x30, 0x2e, 0x36, 0x22, 0x0a, 0x20, 0x20, 0x20, 0x20
  .byte 0x20, 0x20, 0x2f, 0x3e, 0x0a, 0x20, 0x20, 0x20, 0x20, 0x20, 0x20, 0x3c, 0x70, 0x61, 0x74, 0x68
  .byte 0x20, 0x64, 0x3d, 0x7b, 0x6d, 0x61, 0x73, 0x63, 0x6f, 0x74, 0x53, 0x76, 0x67, 0x50, 0x61, 0x74
  .byte 0x68, 0x73, 0x2e, 0x70, 0x32, 0x61, 0x63, 0x38, 0x39, 0x33, 0x30, 0x30, 0x7d, 0x20, 0x66, 0x69
  .byte 0x6c, 0x6c, 0x3d, 0x22, 0x63, 0x75, 0x72, 0x72, 0x65, 0x6e, 0x74, 0x43, 0x6f, 0x6c, 0x6f, 0x72
  .byte 0x22, 0x20, 0x2f, 0x3e, 0x0a, 0x20, 0x20, 0x20, 0x20, 0x20, 0x20, 0x3c, 0x70, 0x61, 0x74, 0x68
  .byte 0x20, 0x64, 0x3d, 0x7b, 0x6d, 0x61, 0x73, 0x63, 0x6f, 0x74, 0x53, 0x76, 0x67, 0x50, 0x61, 0x74
  .byte 0x68, 0x73, 0x2e, 0x70, 0x32, 0x62, 0x38, 0x62, 0x34, 0x33, 0x38, 0x30, 0x7d, 0x20, 0x66, 0x69
  .byte 0x6c, 0x6c, 0x3d, 0x22, 0x63, 0x75, 0x72, 0x72, 0x65, 0x6e, 0x74, 0x43, 0x6f, 0x6c, 0x6f, 0x72
  .byte 0x22, 0x20, 0x2f, 0x3e, 0x0a, 0x20, 0x20, 0x20, 0x20, 0x20, 0x20, 0x3c, 0x70, 0x61, 0x74, 0x68
  .byte 0x0a, 0x20, 0x20, 0x20, 0x20, 0x20, 0x20, 0x20, 0x20, 0x64, 0x3d, 0x7b, 0x6d, 0x61, 0x73, 0x63
  .byte 0x6f, 0x74, 0x53, 0x76, 0x67, 0x50, 0x61, 0x74, 0x68, 0x73, 0x2e, 0x70, 0x31, 0x35, 0x63, 0x31
  .byte 0x34, 0x65, 0x30, 0x30, 0x7d, 0x0a, 0x20, 0x20, 0x20, 0x20, 0x20, 0x20, 0x20, 0x20, 0x66, 0x69
  .byte 0x6c, 0x6c, 0x3d, 0x22, 0x63, 0x75, 0x72, 0x72, 0x65, 0x6e, 0x74, 0x43, 0x6f, 0x6c, 0x6f, 0x72
  .byte 0x22, 0x0a, 0x20, 0x20, 0x20, 0x20, 0x20, 0x20, 0x20, 0x20, 0x73, 0x74, 0x72, 0x6f, 0x6b, 0x65
  .byte 0x3d, 0x22, 0x63, 0x75, 0x72, 0x72, 0x65, 0x6e, 0x74, 0x43, 0x6f, 0x6c, 0x6f, 0x72, 0x22, 0x0a
  .byte 0x20, 0x20, 0x20, 0x20, 0x20, 0x20, 0x20, 0x20, 0x73, 0x74, 0x72, 0x6f, 0x6b, 0x65, 0x57, 0x69
  .byte 0x64, 0x74, 0x68, 0x3d, 0x22, 0x30, 0x2e, 0x36, 0x22, 0x0a, 0x20, 0x20, 0x20, 0x20, 0x20, 0x20
  .byte 0x2f, 0x3e, 0x0a, 0x20, 0x20, 0x20, 0x20, 0x20, 0x20, 0x3c, 0x70, 0x61, 0x74, 0x68, 0x0a, 0x20
  .byte 0x20, 0x20, 0x20, 0x20, 0x20, 0x20, 0x20, 0x64, 0x3d, 0x7b, 0x6d, 0x61, 0x73, 0x63, 0x6f, 0x74
  .byte 0x53, 0x76, 0x67, 0x50, 0x61, 0x74, 0x68, 0x73, 0x2e, 0x70, 0x34, 0x30, 0x37, 0x36, 0x32, 0x30
  .byte 0x30, 0x7d, 0x0a, 0x20, 0x20, 0x20, 0x20, 0x20, 0x20, 0x20, 0x20, 0x66, 0x69, 0x6c, 0x6c, 0x3d
  .byte 0x22, 0x63, 0x75, 0x72, 0x72, 0x65, 0x6e, 0x74, 0x43, 0x6f, 0x6c, 0x6f, 0x72, 0x22, 0x0a, 0x20
  .byte 0x20, 0x20, 0x20, 0x20, 0x20, 0x20, 0x20, 0x73, 0x74, 0x72, 0x6f, 0x6b, 0x65, 0x3d, 0x22, 0x63
  .byte 0x75, 0x72, 0x72, 0x65, 0x6e, 0x74, 0x43, 0x6f, 0x6c, 0x6f, 0x72, 0x22, 0x0a, 0x20, 0x20, 0x20
  .byte 0x20, 0x20, 0x20, 0x20, 0x20, 0x73, 0x74, 0x72, 0x6f, 0x6b, 0x65, 0x57, 0x69, 0x64, 0x74, 0x68
  .byte 0x3d, 0x22, 0x30, 0x2e, 0x36, 0x22, 0x0a, 0x20, 0x20, 0x20, 0x20, 0x20, 0x20, 0x2f, 0x3e, 0x0a
  .byte 0x20, 0x20, 0x20, 0x20, 0x3c, 0x2f, 0x73, 0x76, 0x67, 0x3e, 0x0a, 0x20, 0x20, 0x29, 0x3b, 0x0a
  .byte 0x7d, 0x0a, 0x0a, 0x2f, 0x2f, 0x20, 0x2d, 0x2d, 0x2d, 0x2d, 0x2d, 0x2d, 0x2d, 0x2d, 0x2d, 0x2d
  .byte 0x2d, 0x2d, 0x2d, 0x2d, 0x2d, 0x2d, 0x2d, 0x2d, 0x2d, 0x2d, 0x2d, 0x2d, 0x2d, 0x2d, 0x2d, 0x2d
  .byte 0x2d, 0x2d, 0x2d, 0x2d, 0x2d, 0x2d, 0x2d, 0x2d, 0x2d, 0x2d, 0x2d, 0x2d, 0x2d, 0x2d, 0x2d, 0x2d
  .byte 0x2d, 0x2d, 0x2d, 0x2d, 0x2d, 0x2d, 0x2d, 0x2d, 0x2d, 0x2d, 0x2d, 0x2d, 0x2d, 0x2d, 0x2d, 0x2d
  .byte 0x2d, 0x2d, 0x2d, 0x2d, 0x2d, 0x2d, 0x2d, 0x2d, 0x2d, 0x2d, 0x2d, 0x2d, 0x2d, 0x2d, 0x2d, 0x2d
  .byte 0x2d, 0x0a, 0x2f, 0x2f, 0x20, 0x4d, 0x61, 0x69, 0x6e, 0x20, 0x63, 0x6f, 0x6d, 0x70, 0x6f, 0x6e
  .byte 0x65, 0x6e, 0x74, 0x0a, 0x2f, 0x2f, 0x20, 0x2d, 0x2d, 0x2d, 0x2d, 0x2d, 0x2d, 0x2d, 0x2d, 0x2d
  .byte 0x2d, 0x2d, 0x2d, 0x2d, 0x2d, 0x2d, 0x2d, 0x2d, 0x2d, 0x2d, 0x2d, 0x2d, 0x2d, 0x2d, 0x2d, 0x2d
  .byte 0x2d, 0x2d, 0x2d, 0x2d, 0x2d, 0x2d, 0x2d, 0x2d, 0x2d, 0x2d, 0x2d, 0x2d, 0x2d, 0x2d, 0x2d, 0x2d
  .byte 0x2d, 0x2d, 0x2d, 0x2d, 0x2d, 0x2d, 0x2d, 0x2d, 0x2d, 0x2d, 0x2d, 0x2d, 0x2d, 0x2d, 0x2d, 0x2d
  .byte 0x2d, 0x2d, 0x2d, 0x2d, 0x2d, 0x2d, 0x2d, 0x2d, 0x2d, 0x2d, 0x2d, 0x2d, 0x2d, 0x2d, 0x2d, 0x2d
  .byte 0x2d, 0x2d, 0x0a, 0x0a, 0x65, 0x78, 0x70, 0x6f, 0x72, 0x74, 0x20, 0x66, 0x75, 0x6e, 0x63, 0x74
  .byte 0x69, 0x6f, 0x6e, 0x20, 0x46, 0x6f, 0x6f, 0x74, 0x65, 0x72, 0x28, 0x29, 0x20, 0x7b, 0x0a, 0x20
  .byte 0x20, 0x63, 0x6f, 0x6e, 0x73, 0x74, 0x20, 0x69, 0x73, 0x44, 0x61, 0x72, 0x6b, 0x20, 0x3d, 0x20
  .byte 0x66, 0x61, 0x6c, 0x73, 0x65, 0x3b, 0x0a, 0x0a, 0x20, 0x20, 0x72, 0x65, 0x74, 0x75, 0x72, 0x6e
  .byte 0x20, 0x28, 0x0a, 0x20, 0x20, 0x20, 0x20, 0x3c, 0x66, 0x6f, 0x6f, 0x74, 0x65, 0x72, 0x20, 0x63
  .byte 0x6c, 0x61, 0x73, 0x73, 0x4e, 0x61, 0x6d, 0x65, 0x3d, 0x7b, 0x73, 0x74, 0x79, 0x6c, 0x65, 0x73
  .byte 0x2e, 0x66, 0x6f, 0x6f, 0x74, 0x65, 0x72, 0x7d, 0x3e, 0x0a, 0x20, 0x20, 0x20, 0x20, 0x20, 0x20
  .byte 0x7b, 0x2f, 0x2a, 0x20, 0x48, 0x61, 0x6e, 0x64, 0x63, 0x72, 0x61, 0x66, 0x74, 0x65, 0x64, 0x20
  .byte 0x2a, 0x2f, 0x7d, 0x0a, 0x20, 0x20, 0x20, 0x20, 0x20, 0x20, 0x3c, 0x64, 0x69, 0x76, 0x20, 0x63
  .byte 0x6c, 0x61, 0x73, 0x73, 0x4e, 0x61, 0x6d, 0x65, 0x3d, 0x7b, 0x73, 0x74, 0x79, 0x6c, 0x65, 0x73
  .byte 0x2e, 0x68, 0x61, 0x6e, 0x64, 0x63, 0x72, 0x61, 0x66, 0x74, 0x65, 0x64, 0x53, 0x65, 0x63, 0x74
  .byte 0x69, 0x6f, 0x6e, 0x7d, 0x3e, 0x0a, 0x20, 0x20, 0x20, 0x20, 0x20, 0x20, 0x20, 0x20, 0x3c, 0x64
  .byte 0x69, 0x76, 0x20, 0x63, 0x6c, 0x61, 0x73, 0x73, 0x4e, 0x61, 0x6d, 0x65, 0x3d, 0x7b, 0x73, 0x74
  .byte 0x79, 0x6c, 0x65, 0x73, 0x2e, 0x68, 0x61, 0x6e, 0x64, 0x63, 0x72, 0x61, 0x66, 0x74, 0x65, 0x64
  .byte 0x43, 0x6f, 0x6e, 0x74, 0x61, 0x69, 0x6e, 0x65, 0x72, 0x7d, 0x3e, 0x0a, 0x20, 0x20, 0x20, 0x20
  .byte 0x20, 0x20, 0x20, 0x20, 0x20, 0x20, 0x3c, 0x64, 0x69, 0x76, 0x20, 0x63, 0x6c, 0x61, 0x73, 0x73
  .byte 0x4e, 0x61, 0x6d, 0x65, 0x3d, 0x7b, 0x73, 0x74, 0x79, 0x6c, 0x65, 0x73, 0x2e, 0x6d, 0x61, 0x73
  .byte 0x63, 0x6f, 0x74, 0x57, 0x72, 0x61, 0x70, 0x7d, 0x3e, 0x0a, 0x20, 0x20, 0x20, 0x20, 0x20, 0x20
  .byte 0x20, 0x20, 0x20, 0x20, 0x20, 0x20, 0x3c, 0x48, 0x61, 0x6e, 0x64, 0x63, 0x72, 0x61, 0x66, 0x74
  .byte 0x65, 0x64, 0x4d, 0x61, 0x73, 0x63, 0x6f, 0x74, 0x20, 0x69, 0x73, 0x44, 0x61, 0x72, 0x6b, 0x3d
  .byte 0x7b, 0x69, 0x73, 0x44, 0x61, 0x72, 0x6b, 0x7d, 0x20, 0x2f, 0x3e, 0x0a, 0x20, 0x20, 0x20, 0x20
  .byte 0x20, 0x20, 0x20, 0x20, 0x20, 0x20, 0x3c, 0x2f, 0x64, 0x69, 0x76, 0x3e, 0x0a, 0x20, 0x20, 0x20
  .byte 0x20, 0x20, 0x20, 0x20, 0x20, 0x20, 0x20, 0x3c, 0x70, 0x20, 0x63, 0x6c, 0x61, 0x73, 0x73, 0x4e
  .byte 0x61, 0x6d, 0x65, 0x3d, 0x7b, 0x73, 0x74, 0x79, 0x6c, 0x65, 0x73, 0x2e, 0x68, 0x61, 0x6e, 0x64
  .byte 0x63, 0x72, 0x61, 0x66, 0x74, 0x65, 0x64, 0x43, 0x6f, 0x70, 0x79, 0x7d, 0x3e, 0x0a, 0x20, 0x20
  .byte 0x20, 0x20, 0x20, 0x20, 0x20, 0x20, 0x20, 0x20, 0x20, 0x20, 0x48, 0x61, 0x6e, 0x64, 0x63, 0x72
  .byte 0x61, 0x66, 0x74, 0x65, 0x64, 0x20, 0x77, 0x69, 0x74, 0x68, 0x20, 0x61, 0x20, 0x6c, 0x6f, 0x74
  .byte 0x20, 0x6f, 0x66, 0x20, 0x6c, 0x6f, 0x76, 0x65, 0x0a, 0x20, 0x20, 0x20, 0x20, 0x20, 0x20, 0x20
  .byte 0x20, 0x20, 0x20, 0x20, 0x20, 0x3c, 0x73, 0x70, 0x61, 0x6e, 0x20, 0x61, 0x72, 0x69, 0x61, 0x2d
  .byte 0x68, 0x69, 0x64, 0x64, 0x65, 0x6e, 0x3d, 0x22, 0x74, 0x72, 0x75, 0x65, 0x22, 0x20, 0x63, 0x6c
  .byte 0x61, 0x73, 0x73, 0x4e, 0x61, 0x6d, 0x65, 0x3d, 0x7b, 0x73, 0x74, 0x79, 0x6c, 0x65, 0x73, 0x2e
  .byte 0x68, 0x61, 0x6e, 0x64, 0x63, 0x72, 0x61, 0x66, 0x74, 0x65, 0x64, 0x43, 0x75, 0x72, 0x73, 0x6f
  .byte 0x72, 0x7d, 0x3e, 0x0a, 0x20, 0x20, 0x20, 0x20, 0x20, 0x20, 0x20, 0x20, 0x20, 0x20, 0x20, 0x20
  .byte 0x20, 0x20, 0x5f, 0x0a, 0x20, 0x20, 0x20, 0x20, 0x20, 0x20, 0x20, 0x20, 0x20, 0x20, 0x20, 0x20
  .byte 0x3c, 0x2f, 0x73, 0x70, 0x61, 0x6e, 0x3e, 0x0a, 0x20, 0x20, 0x20, 0x20, 0x20, 0x20, 0x20, 0x20
  .byte 0x20, 0x20, 0x3c, 0x2f, 0x70, 0x3e, 0x0a, 0x20, 0x20, 0x20, 0x20, 0x20, 0x20, 0x20, 0x20, 0x3c
  .byte 0x2f, 0x64, 0x69, 0x76, 0x3e, 0x0a, 0x20, 0x20, 0x20, 0x20, 0x20, 0x20, 0x3c, 0x2f, 0x64, 0x69
  .byte 0x76, 0x3e, 0x0a, 0x0a, 0x20, 0x20, 0x20, 0x20, 0x20, 0x20, 0x7b, 0x2f, 0x2a, 0x20, 0x46, 0x6f
  .byte 0x6f, 0x74, 0x65, 0x72, 0x20, 0x63, 0x6f, 0x6e, 0x74, 0x65, 0x6e, 0x74, 0x20, 0x2a, 0x2f, 0x7d
  .byte 0x0a, 0x20, 0x20, 0x20, 0x20, 0x20, 0x20, 0x3c, 0x64, 0x69, 0x76, 0x20, 0x63, 0x6c, 0x61, 0x73
  .byte 0x73, 0x4e, 0x61, 0x6d, 0x65, 0x3d, 0x7b, 0x73, 0x74, 0x79, 0x6c, 0x65, 0x73, 0x2e, 0x63, 0x6f
  .byte 0x6e, 0x74, 0x65, 0x6e, 0x74, 0x53, 0x65, 0x63, 0x74, 0x69, 0x6f, 0x6e, 0x7d, 0x3e, 0x0a, 0x20
  .byte 0x20, 0x20, 0x20, 0x20, 0x20, 0x20, 0x20, 0x3c, 0x64, 0x69, 0x76, 0x20, 0x63, 0x6c, 0x61, 0x73
  .byte 0x73, 0x4e, 0x61, 0x6d, 0x65, 0x3d, 0x7b, 0x73, 0x74, 0x79, 0x6c, 0x65, 0x73, 0x2e, 0x63, 0x6f
  .byte 0x6e, 0x74, 0x65, 0x6e, 0x74, 0x43, 0x6f, 0x6e, 0x74, 0x61, 0x69, 0x6e, 0x65, 0x72, 0x7d, 0x3e
  .byte 0x0a, 0x20, 0x20, 0x20, 0x20, 0x20, 0x20, 0x20, 0x20, 0x20, 0x20, 0x7b, 0x2f, 0x2a, 0x20, 0x44
  .byte 0x65, 0x73, 0x6b, 0x74, 0x6f, 0x70, 0x20, 0x2a, 0x2f, 0x7d, 0x0a, 0x20, 0x20, 0x20, 0x20, 0x20
  .byte 0x20, 0x20, 0x20, 0x20, 0x20, 0x3c, 0x64, 0x69, 0x76, 0x20, 0x63, 0x6c, 0x61, 0x73, 0x73, 0x4e
  .byte 0x61, 0x6d, 0x65, 0x3d, 0x7b, 0x73, 0x74, 0x79, 0x6c, 0x65, 0x73, 0x2e, 0x64, 0x65, 0x73, 0x6b
  .byte 0x74, 0x6f, 0x70, 0x4c, 0x6f, 0x67, 0x6f, 0x52, 0x6f, 0x77, 0x7d, 0x3e, 0x0a, 0x20, 0x20, 0x20
  .byte 0x20, 0x20, 0x20, 0x20, 0x20, 0x20, 0x20, 0x20, 0x20, 0x3c, 0x54, 0x68, 0x65, 0x73, 0x79, 0x73
  .byte 0x4c, 0x6f, 0x67, 0x6f, 0x20, 0x2f, 0x3e, 0x0a, 0x20, 0x20, 0x20, 0x20, 0x20, 0x20, 0x20, 0x20
  .byte 0x20, 0x20, 0x3c, 0x2f, 0x64, 0x69, 0x76, 0x3e, 0x0a, 0x20, 0x20, 0x20, 0x20, 0x20, 0x20, 0x20
  .byte 0x20, 0x20, 0x20, 0x7b, 0x2f, 0x2a, 0x20, 0x4d, 0x6f, 0x62, 0x69, 0x6c, 0x65, 0x20, 0x2a, 0x2f
  .byte 0x7d, 0x0a, 0x20, 0x20, 0x20, 0x20, 0x20, 0x20, 0x20, 0x20, 0x20, 0x20, 0x3c, 0x64, 0x69, 0x76
  .byte 0x20, 0x63, 0x6c, 0x61, 0x73, 0x73, 0x4e, 0x61, 0x6d, 0x65, 0x3d, 0x7b, 0x73, 0x74, 0x79, 0x6c
  .byte 0x65, 0x73, 0x2e, 0x6d, 0x6f, 0x62, 0x69, 0x6c, 0x65, 0x4c, 0x6f, 0x67, 0x6f, 0x52, 0x6f, 0x77
  .byte 0x7d, 0x3e, 0x0a, 0x20, 0x20, 0x20, 0x20, 0x20, 0x20, 0x20, 0x20, 0x20, 0x20, 0x20, 0x20, 0x3c
  .byte 0x54, 0x68, 0x65, 0x73, 0x79, 0x73, 0x4c, 0x6f, 0x67, 0x6f, 0x20, 0x2f, 0x3e, 0x0a, 0x20, 0x20
  .byte 0x20, 0x20, 0x20, 0x20, 0x20, 0x20, 0x20, 0x20, 0x3c, 0x2f, 0x64, 0x69, 0x76, 0x3e, 0x0a, 0x0a
  .byte 0x20, 0x20, 0x20, 0x20, 0x20, 0x20, 0x20, 0x20, 0x20, 0x20, 0x7b, 0x2f, 0x2a, 0x20, 0x42, 0x6f
  .byte 0x74, 0x74, 0x6f, 0x6d, 0x20, 0x62, 0x61, 0x72, 0x20, 0x2a, 0x2f, 0x7d, 0x0a, 0x20, 0x20, 0x20
  .byte 0x20, 0x20, 0x20, 0x20, 0x20, 0x20, 0x20, 0x3c, 0x64, 0x69, 0x76, 0x20, 0x63, 0x6c, 0x61, 0x73
  .byte 0x73, 0x4e, 0x61, 0x6d, 0x65, 0x3d, 0x7b, 0x73, 0x74, 0x79, 0x6c, 0x65, 0x73, 0x2e, 0x62, 0x6f
  .byte 0x74, 0x74, 0x6f, 0x6d, 0x42, 0x61, 0x72, 0x7d, 0x3e, 0x0a, 0x20, 0x20, 0x20, 0x20, 0x20, 0x20
  .byte 0x20, 0x20, 0x20, 0x20, 0x20, 0x20, 0x3c, 0x64, 0x69, 0x76, 0x20, 0x63, 0x6c, 0x61, 0x73, 0x73
  .byte 0x4e, 0x61, 0x6d, 0x65, 0x3d, 0x7b, 0x73, 0x74, 0x79, 0x6c, 0x65, 0x73, 0x2e, 0x64, 0x65, 0x73
  .byte 0x6b, 0x74, 0x6f, 0x70, 0x42, 0x6f, 0x74, 0x74, 0x6f, 0x6d, 0x42, 0x61, 0x72, 0x7d, 0x3e, 0x0a
  .byte 0x20, 0x20, 0x20, 0x20, 0x20, 0x20, 0x20, 0x20, 0x20, 0x20, 0x20, 0x20, 0x20, 0x20, 0x3c, 0x70
  .byte 0x20, 0x63, 0x6c, 0x61, 0x73, 0x73, 0x4e, 0x61, 0x6d, 0x65, 0x3d, 0x7b, 0x73, 0x74, 0x79, 0x6c
  .byte 0x65, 0x73, 0x2e, 0x64, 0x65, 0x73, 0x6b, 0x74, 0x6f, 0x70, 0x4d, 0x65, 0x74, 0x61, 0x4c, 0x65
  .byte 0x66, 0x74, 0x7d, 0x3e, 0x33, 0x35, 0x35, 0x20, 0x42, 0x72, 0x79, 0x61, 0x6e, 0x74, 0x20, 0x53
  .byte 0x74, 0x2c, 0x20, 0x53, 0x61, 0x6e, 0x20, 0x46, 0x72, 0x61, 0x6e, 0x63, 0x69, 0x73, 0x63, 0x6f
  .byte 0x2c, 0x20, 0x43, 0x41, 0x20, 0x39, 0x34, 0x31, 0x30, 0x37, 0x3c, 0x2f, 0x70, 0x3e, 0x0a, 0x20
  .byte 0x20, 0x20, 0x20, 0x20, 0x20, 0x20, 0x20, 0x20, 0x20, 0x20, 0x20, 0x20, 0x20, 0x3c, 0x53, 0x6f
  .byte 0x63, 0x69, 0x61, 0x6c, 0x49, 0x63, 0x6f, 0x6e, 0x73, 0x20, 0x2f, 0x3e, 0x0a, 0x20, 0x20, 0x20
  .byte 0x20, 0x20, 0x20, 0x20, 0x20, 0x20, 0x20, 0x20, 0x20, 0x20, 0x20, 0x3c, 0x70, 0x20, 0x63, 0x6c
  .byte 0x61, 0x73, 0x73, 0x4e, 0x61, 0x6d, 0x65, 0x3d, 0x7b, 0x73, 0x74, 0x79, 0x6c, 0x65, 0x73, 0x2e
  .byte 0x64, 0x65, 0x73, 0x6b, 0x74, 0x6f, 0x70, 0x4d, 0x65, 0x74, 0x61, 0x52, 0x69, 0x67, 0x68, 0x74
  .byte 0x7d, 0x3e, 0x0a, 0x20, 0x20, 0x20, 0x20, 0x20, 0x20, 0x20, 0x20, 0x20, 0x20, 0x20, 0x20, 0x20
  .byte 0x20, 0x20, 0x20, 0xc2, 0xa9, 0x20, 0x7b, 0x6e, 0x65, 0x77, 0x20, 0x44, 0x61, 0x74, 0x65, 0x28
  .byte 0x29, 0x2e, 0x67, 0x65, 0x74, 0x46, 0x75, 0x6c, 0x6c, 0x59, 0x65, 0x61, 0x72, 0x28, 0x29, 0x7d
  .byte 0x20, 0x54, 0x68, 0x65, 0x73, 0x79, 0x73, 0x20, 0x49, 0x6e, 0x63, 0x2e, 0x20, 0x41, 0x6c, 0x6c
  .byte 0x20, 0x52, 0x69, 0x67, 0x68, 0x74, 0x73, 0x20, 0x52, 0x65, 0x73, 0x65, 0x72, 0x76, 0x65, 0x64
  .byte 0x0a, 0x20, 0x20, 0x20, 0x20, 0x20, 0x20, 0x20, 0x20, 0x20, 0x20, 0x20, 0x20, 0x20, 0x20, 0x3c
  .byte 0x2f, 0x70, 0x3e, 0x0a, 0x20, 0x20, 0x20, 0x20, 0x20, 0x20, 0x20, 0x20, 0x20, 0x20, 0x20, 0x20
  .byte 0x3c, 0x2f, 0x64, 0x69, 0x76, 0x3e, 0x0a, 0x0a, 0x20, 0x20, 0x20, 0x20, 0x20, 0x20, 0x20, 0x20
  .byte 0x20, 0x20, 0x20, 0x20, 0x3c, 0x64, 0x69, 0x76, 0x20, 0x63, 0x6c, 0x61, 0x73, 0x73, 0x4e, 0x61
  .byte 0x6d, 0x65, 0x3d, 0x7b, 0x73, 0x74, 0x79, 0x6c, 0x65, 0x73, 0x2e, 0x6d, 0x6f, 0x62, 0x69, 0x6c
  .byte 0x65, 0x42, 0x6f, 0x74, 0x74, 0x6f, 0x6d, 0x42, 0x61, 0x72, 0x7d, 0x3e, 0x0a, 0x20, 0x20, 0x20
  .byte 0x20, 0x20, 0x20, 0x20, 0x20, 0x20, 0x20, 0x20, 0x20, 0x20, 0x20, 0x3c, 0x53, 0x6f, 0x63, 0x69
  .byte 0x61, 0x6c, 0x49, 0x63, 0x6f, 0x6e, 0x73, 0x20, 0x2f, 0x3e, 0x0a, 0x20, 0x20, 0x20, 0x20, 0x20
  .byte 0x20, 0x20, 0x20, 0x20, 0x20, 0x20, 0x20, 0x20, 0x20, 0x3c, 0x64, 0x69, 0x76, 0x20, 0x63, 0x6c
  .byte 0x61, 0x73, 0x73, 0x4e, 0x61, 0x6d, 0x65, 0x3d, 0x7b, 0x73, 0x74, 0x79, 0x6c, 0x65, 0x73, 0x2e
  .byte 0x6d, 0x6f, 0x62, 0x69, 0x6c, 0x65, 0x4d, 0x65, 0x74, 0x61, 0x7d, 0x3e, 0x0a, 0x20, 0x20, 0x20
  .byte 0x20, 0x20, 0x20, 0x20, 0x20, 0x20, 0x20, 0x20, 0x20, 0x20, 0x20, 0x20, 0x20, 0x3c, 0x70, 0x20
  .byte 0x63, 0x6c, 0x61, 0x73, 0x73, 0x4e, 0x61, 0x6d, 0x65, 0x3d, 0x7b, 0x73, 0x74, 0x79, 0x6c, 0x65
  .byte 0x73, 0x2e, 0x6d, 0x6f, 0x62, 0x69, 0x6c, 0x65, 0x4d, 0x65, 0x74, 0x61, 0x54, 0x65, 0x78, 0x74
  .byte 0x7d, 0x3e, 0x0a, 0x20, 0x20, 0x20, 0x20, 0x20, 0x20, 0x20, 0x20, 0x20, 0x20, 0x20, 0x20, 0x20
  .byte 0x20, 0x20, 0x20, 0x20, 0x20, 0xc2, 0xa9, 0x20, 0x7b, 0x6e, 0x65, 0x77, 0x20, 0x44, 0x61, 0x74
  .byte 0x65, 0x28, 0x29, 0x2e, 0x67, 0x65, 0x74, 0x46, 0x75, 0x6c, 0x6c, 0x59, 0x65, 0x61, 0x72, 0x28
  .byte 0x29, 0x7d, 0x20, 0x54, 0x68, 0x65, 0x73, 0x79, 0x73, 0x20, 0x49, 0x6e, 0x63, 0x2e, 0x20, 0x41
  .byte 0x6c, 0x6c, 0x20, 0x52, 0x69, 0x67, 0x68, 0x74, 0x73, 0x20, 0x52, 0x65, 0x73, 0x65, 0x72, 0x76
  .byte 0x65, 0x64, 0x0a, 0x20, 0x20, 0x20, 0x20, 0x20, 0x20, 0x20, 0x20, 0x20, 0x20, 0x20, 0x20, 0x20
  .byte 0x20, 0x20, 0x20, 0x3c, 0x2f, 0x70, 0x3e, 0x0a, 0x20, 0x20, 0x20, 0x20, 0x20, 0x20, 0x20, 0x20
  .byte 0x20, 0x20, 0x20, 0x20, 0x20, 0x20, 0x20, 0x20, 0x3c, 0x70, 0x20, 0x63, 0x6c, 0x61, 0x73, 0x73
  .byte 0x4e, 0x61, 0x6d, 0x65, 0x3d, 0x7b, 0x73, 0x74, 0x79, 0x6c, 0x65, 0x73, 0x2e, 0x6d, 0x6f, 0x62
  .byte 0x69, 0x6c, 0x65, 0x4d, 0x65, 0x74, 0x61, 0x54, 0x65, 0x78, 0x74, 0x7d, 0x3e, 0x33, 0x35, 0x35
  .byte 0x20, 0x42, 0x72, 0x79, 0x61, 0x6e, 0x74, 0x20, 0x53, 0x74, 0x2c, 0x20, 0x53, 0x61, 0x6e, 0x20
  .byte 0x46, 0x72, 0x61, 0x6e, 0x63, 0x69, 0x73, 0x63, 0x6f, 0x2c, 0x20, 0x43, 0x41, 0x20, 0x39, 0x34
  .byte 0x31, 0x30, 0x37, 0x3c, 0x2f, 0x70, 0x3e, 0x0a, 0x20, 0x20, 0x20, 0x20, 0x20, 0x20, 0x20, 0x20
  .byte 0x20, 0x20, 0x20, 0x20, 0x20, 0x20, 0x3c, 0x2f, 0x64, 0x69, 0x76, 0x3e, 0x0a, 0x20, 0x20, 0x20
  .byte 0x20, 0x20, 0x20, 0x20, 0x20, 0x20, 0x20, 0x20, 0x20, 0x3c, 0x2f, 0x64, 0x69, 0x76, 0x3e, 0x0a
  .byte 0x20, 0x20, 0x20, 0x20, 0x20, 0x20, 0x20, 0x20, 0x20, 0x20, 0x3c, 0x2f, 0x64, 0x69, 0x76, 0x3e
  .byte 0x0a, 0x20, 0x20, 0x20, 0x20, 0x20, 0x20, 0x20, 0x20, 0x3c, 0x2f, 0x64, 0x69, 0x76, 0x3e, 0x0a
  .byte 0x20, 0x20, 0x20, 0x20, 0x20, 0x20, 0x3c, 0x2f, 0x64, 0x69, 0x76, 0x3e, 0x0a, 0x20, 0x20, 0x20
  .byte 0x20, 0x3c, 0x2f, 0x66, 0x6f, 0x6f, 0x74, 0x65, 0x72, 0x3e, 0x0a, 0x20, 0x20, 0x29, 0x3b, 0x0a
  .byte 0x7d, 0x0a

  .globl openui_full_port_docs_app__home__sections_Footer_Footer_tsx_be6ef76be01b_pass_2_len
openui_full_port_docs_app__home__sections_Footer_Footer_tsx_be6ef76be01b_pass_2_len:
  .quad 7730

# assembly pass: 3/4
  .globl openui_full_port_docs_app__home__sections_Footer_Footer_tsx_be6ef76be01b_pass_3
openui_full_port_docs_app__home__sections_Footer_Footer_tsx_be6ef76be01b_pass_3:
  .byte 0x22, 0x75, 0x73, 0x65, 0x20, 0x63, 0x6c, 0x69, 0x65, 0x6e, 0x74, 0x22, 0x3b, 0x0a, 0x69, 0x6d
  .byte 0x70, 0x6f, 0x72, 0x74, 0x20, 0x6d, 0x61, 0x73, 0x63, 0x6f, 0x74, 0x44, 0x61, 0x72, 0x6b, 0x53
  .byte 0x76, 0x67, 0x50, 0x61, 0x74, 0x68, 0x73, 0x20, 0x66, 0x72, 0x6f, 0x6d, 0x20, 0x22, 0x40, 0x2f
  .byte 0x69, 0x6d, 0x70, 0x6f, 0x72, 0x74, 0x73, 0x2f, 0x73, 0x76, 0x67, 0x2d, 0x6d, 0x61, 0x73, 0x63
  .byte 0x6f, 0x74, 0x2d, 0x64, 0x61, 0x72, 0x6b, 0x22, 0x3b, 0x0a, 0x69, 0x6d, 0x70, 0x6f, 0x72, 0x74
  .byte 0x20, 0x73, 0x76, 0x67, 0x50, 0x61, 0x74, 0x68, 0x73, 0x20, 0x66, 0x72, 0x6f, 0x6d, 0x20, 0x22
  .byte 0x40, 0x2f, 0x69, 0x6d, 0x70, 0x6f, 0x72, 0x74, 0x73, 0x2f, 0x73, 0x76, 0x67, 0x2d, 0x75, 0x72
  .byte 0x72, 0x75, 0x76, 0x6f, 0x68, 0x32, 0x62, 0x65, 0x22, 0x3b, 0x0a, 0x69, 0x6d, 0x70, 0x6f, 0x72
  .byte 0x74, 0x20, 0x6d, 0x61, 0x73, 0x63, 0x6f, 0x74, 0x53, 0x76, 0x67, 0x50, 0x61, 0x74, 0x68, 0x73
  .byte 0x20, 0x66, 0x72, 0x6f, 0x6d, 0x20, 0x22, 0x40, 0x2f, 0x69, 0x6d, 0x70, 0x6f, 0x72, 0x74, 0x73
  .byte 0x2f, 0x73, 0x76, 0x67, 0x2d, 0x78, 0x65, 0x75, 0x72, 0x71, 0x6e, 0x33, 0x6a, 0x31, 0x72, 0x22
  .byte 0x3b, 0x0a, 0x69, 0x6d, 0x70, 0x6f, 0x72, 0x74, 0x20, 0x7b, 0x20, 0x75, 0x73, 0x65, 0x49, 0x64
  .byte 0x20, 0x7d, 0x20, 0x66, 0x72, 0x6f, 0x6d, 0x20, 0x22, 0x72, 0x65, 0x61, 0x63, 0x74, 0x22, 0x3b
  .byte 0x0a, 0x69, 0x6d, 0x70, 0x6f, 0x72, 0x74, 0x20, 0x73, 0x74, 0x79, 0x6c, 0x65, 0x73, 0x20, 0x66
  .byte 0x72, 0x6f, 0x6d, 0x20, 0x22, 0x2e, 0x2f, 0x46, 0x6f, 0x6f, 0x74, 0x65, 0x72, 0x2e, 0x6d, 0x6f
  .byte 0x64, 0x75, 0x6c, 0x65, 0x2e, 0x63, 0x73, 0x73, 0x22, 0x3b, 0x0a, 0x0a, 0x2f, 0x2f, 0x20, 0x2d
  .byte 0x2d, 0x2d, 0x2d, 0x2d, 0x2d, 0x2d, 0x2d, 0x2d, 0x2d, 0x2d, 0x2d, 0x2d, 0x2d, 0x2d, 0x2d, 0x2d
  .byte 0x2d, 0x2d, 0x2d, 0x2d, 0x2d, 0x2d, 0x2d, 0x2d, 0x2d, 0x2d, 0x2d, 0x2d, 0x2d, 0x2d, 0x2d, 0x2d
  .byte 0x2d, 0x2d, 0x2d, 0x2d, 0x2d, 0x2d, 0x2d, 0x2d, 0x2d, 0x2d, 0x2d, 0x2d, 0x2d, 0x2d, 0x2d, 0x2d
  .byte 0x2d, 0x2d, 0x2d, 0x2d, 0x2d, 0x2d, 0x2d, 0x2d, 0x2d, 0x2d, 0x2d, 0x2d, 0x2d, 0x2d, 0x2d, 0x2d
  .byte 0x2d, 0x2d, 0x2d, 0x2d, 0x2d, 0x2d, 0x2d, 0x2d, 0x2d, 0x2d, 0x0a, 0x2f, 0x2f, 0x20, 0x44, 0x61
  .byte 0x74, 0x61, 0x0a, 0x2f, 0x2f, 0x20, 0x2d, 0x2d, 0x2d, 0x2d, 0x2d, 0x2d, 0x2d, 0x2d, 0x2d, 0x2d
  .byte 0x2d, 0x2d, 0x2d, 0x2d, 0x2d, 0x2d, 0x2d, 0x2d, 0x2d, 0x2d, 0x2d, 0x2d, 0x2d, 0x2d, 0x2d, 0x2d
  .byte 0x2d, 0x2d, 0x2d, 0x2d, 0x2d, 0x2d, 0x2d, 0x2d, 0x2d, 0x2d, 0x2d, 0x2d, 0x2d, 0x2d, 0x2d, 0x2d
  .byte 0x2d, 0x2d, 0x2d, 0x2d, 0x2d, 0x2d, 0x2d, 0x2d, 0x2d, 0x2d, 0x2d, 0x2d, 0x2d, 0x2d, 0x2d, 0x2d
  .byte 0x2d, 0x2d, 0x2d, 0x2d, 0x2d, 0x2d, 0x2d, 0x2d, 0x2d, 0x2d, 0x2d, 0x2d, 0x2d, 0x2d, 0x2d, 0x2d
  .byte 0x2d, 0x0a, 0x0a, 0x69, 0x6e, 0x74, 0x65, 0x72, 0x66, 0x61, 0x63, 0x65, 0x20, 0x53, 0x6f, 0x63
  .byte 0x69, 0x61, 0x6c, 0x4c, 0x69, 0x6e, 0x6b, 0x20, 0x7b, 0x0a, 0x20, 0x20, 0x6c, 0x61, 0x62, 0x65
  .byte 0x6c, 0x3a, 0x20, 0x73, 0x74, 0x72, 0x69, 0x6e, 0x67, 0x3b, 0x0a, 0x20, 0x20, 0x68, 0x72, 0x65
  .byte 0x66, 0x3a, 0x20, 0x73, 0x74, 0x72, 0x69, 0x6e, 0x67, 0x3b, 0x0a, 0x20, 0x20, 0x76, 0x69, 0x65
  .byte 0x77, 0x42, 0x6f, 0x78, 0x3a, 0x20, 0x73, 0x74, 0x72, 0x69, 0x6e, 0x67, 0x3b, 0x0a, 0x20, 0x20
  .byte 0x70, 0x61, 0x74, 0x68, 0x3a, 0x20, 0x73, 0x74, 0x72, 0x69, 0x6e, 0x67, 0x3b, 0x0a, 0x20, 0x20
  .byte 0x77, 0x72, 0x61, 0x70, 0x70, 0x65, 0x72, 0x43, 0x6c, 0x61, 0x73, 0x73, 0x4e, 0x61, 0x6d, 0x65
  .byte 0x3f, 0x3a, 0x20, 0x73, 0x74, 0x72, 0x69, 0x6e, 0x67, 0x3b, 0x0a, 0x20, 0x20, 0x63, 0x6c, 0x69
  .byte 0x70, 0x49, 0x64, 0x3f, 0x3a, 0x20, 0x73, 0x74, 0x72, 0x69, 0x6e, 0x67, 0x3b, 0x0a, 0x20, 0x20
  .byte 0x63, 0x6c, 0x69, 0x70, 0x53, 0x69, 0x7a, 0x65, 0x3f, 0x3a, 0x20, 0x7b, 0x20, 0x77, 0x69, 0x64
  .byte 0x74, 0x68, 0x3a, 0x20, 0x73, 0x74, 0x72, 0x69, 0x6e, 0x67, 0x3b, 0x20, 0x68, 0x65, 0x69, 0x67
  .byte 0x68, 0x74, 0x3a, 0x20, 0x73, 0x74, 0x72, 0x69, 0x6e, 0x67, 0x20, 0x7d, 0x3b, 0x0a, 0x7d, 0x0a
  .byte 0x0a, 0x63, 0x6f, 0x6e, 0x73, 0x74, 0x20, 0x53, 0x4f, 0x43, 0x49, 0x41, 0x4c, 0x5f, 0x4c, 0x49
  .byte 0x4e, 0x4b, 0x53, 0x3a, 0x20, 0x53, 0x6f, 0x63, 0x69, 0x61, 0x6c, 0x4c, 0x69, 0x6e, 0x6b, 0x5b
  .byte 0x5d, 0x20, 0x3d, 0x20, 0x5b, 0x0a, 0x20, 0x20, 0x7b, 0x0a, 0x20, 0x20, 0x20, 0x20, 0x6c, 0x61
  .byte 0x62, 0x65, 0x6c, 0x3a, 0x20, 0x22, 0x54, 0x77, 0x69, 0x74, 0x74, 0x65, 0x72, 0x22, 0x2c, 0x0a
  .byte 0x20, 0x20, 0x20, 0x20, 0x68, 0x72, 0x65, 0x66, 0x3a, 0x20, 0x22, 0x68, 0x74, 0x74, 0x70, 0x73
  .byte 0x3a, 0x2f, 0x2f, 0x78, 0x2e, 0x63, 0x6f, 0x6d, 0x2f, 0x74, 0x68, 0x65, 0x73, 0x79, 0x73, 0x64
  .byte 0x65, 0x76, 0x22, 0x2c, 0x0a, 0x20, 0x20, 0x20, 0x20, 0x76, 0x69, 0x65, 0x77, 0x42, 0x6f, 0x78
  .byte 0x3a, 0x20, 0x22, 0x30, 0x20, 0x30, 0x20, 0x32, 0x34, 0x20, 0x32, 0x34, 0x22, 0x2c, 0x0a, 0x20
  .byte 0x20, 0x20, 0x20, 0x70, 0x61, 0x74, 0x68, 0x3a, 0x20, 0x73, 0x76, 0x67, 0x50, 0x61, 0x74, 0x68
  .byte 0x73, 0x2e, 0x70, 0x61, 0x31, 0x65, 0x37, 0x31, 0x30, 0x30, 0x2c, 0x0a, 0x20, 0x20, 0x20, 0x20
  .byte 0x77, 0x72, 0x61, 0x70, 0x70, 0x65, 0x72, 0x43, 0x6c, 0x61, 0x73, 0x73, 0x4e, 0x61, 0x6d, 0x65
  .byte 0x3a, 0x20, 0x73, 0x74, 0x79, 0x6c, 0x65, 0x73, 0x2e, 0x73, 0x6f, 0x63, 0x69, 0x61, 0x6c, 0x49
  .byte 0x63, 0x6f, 0x6e, 0x54, 0x77, 0x69, 0x74, 0x74, 0x65, 0x72, 0x2c, 0x0a, 0x20, 0x20, 0x7d, 0x2c
  .byte 0x0a, 0x20, 0x20, 0x7b, 0x0a, 0x20, 0x20, 0x20, 0x20, 0x6c, 0x61, 0x62, 0x65, 0x6c, 0x3a, 0x20
  .byte 0x22, 0x44, 0x69, 0x73, 0x63, 0x6f, 0x72, 0x64, 0x22, 0x2c, 0x0a, 0x20, 0x20, 0x20, 0x20, 0x68
  .byte 0x72, 0x65, 0x66, 0x3a, 0x20, 0x22, 0x68, 0x74, 0x74, 0x70, 0x73, 0x3a, 0x2f, 0x2f, 0x64, 0x69
  .byte 0x73, 0x63, 0x6f, 0x72, 0x64, 0x2e, 0x63, 0x6f, 0x6d, 0x2f, 0x69, 0x6e, 0x76, 0x69, 0x74, 0x65
  .byte 0x2f, 0x50, 0x62, 0x76, 0x35, 0x50, 0x73, 0x71, 0x55, 0x53, 0x76, 0x22, 0x2c, 0x0a, 0x20, 0x20
  .byte 0x20, 0x20, 0x76, 0x69, 0x65, 0x77, 0x42, 0x6f, 0x78, 0x3a, 0x20, 0x22, 0x30, 0x20, 0x30, 0x20
  .byte 0x32, 0x31, 0x2e, 0x39, 0x36, 0x31, 0x31, 0x20, 0x31, 0x37, 0x22, 0x2c, 0x0a, 0x20, 0x20, 0x20
  .byte 0x20, 0x70, 0x61, 0x74, 0x68, 0x3a, 0x20, 0x73, 0x76, 0x67, 0x50, 0x61, 0x74, 0x68, 0x73, 0x2e
  .byte 0x70, 0x33, 0x38, 0x38, 0x35, 0x63, 0x64, 0x30, 0x30, 0x2c, 0x0a, 0x20, 0x20, 0x7d, 0x2c, 0x0a
  .byte 0x20, 0x20, 0x7b, 0x0a, 0x20, 0x20, 0x20, 0x20, 0x6c, 0x61, 0x62, 0x65, 0x6c, 0x3a, 0x20, 0x22
  .byte 0x59, 0x6f, 0x75, 0x54, 0x75, 0x62, 0x65, 0x22, 0x2c, 0x0a, 0x20, 0x20, 0x20, 0x20, 0x68, 0x72
  .byte 0x65, 0x66, 0x3a, 0x20, 0x22, 0x68, 0x74, 0x74, 0x70, 0x73, 0x3a, 0x2f, 0x2f, 0x77, 0x77, 0x77
  .byte 0x2e, 0x79, 0x6f, 0x75, 0x74, 0x75, 0x62, 0x65, 0x2e, 0x63, 0x6f, 0x6d, 0x2f, 0x40, 0x74, 0x68
  .byte 0x65, 0x73, 0x79, 0x73, 0x64, 0x65, 0x76, 0x22, 0x2c, 0x0a, 0x20, 0x20, 0x20, 0x20, 0x76, 0x69
  .byte 0x65, 0x77, 0x42, 0x6f, 0x78, 0x3a, 0x20, 0x22, 0x30, 0x20, 0x30, 0x20, 0x32, 0x32, 0x20, 0x31
  .byte 0x35, 0x2e, 0x34, 0x36, 0x38, 0x38, 0x22, 0x2c, 0x0a, 0x20, 0x20, 0x20, 0x20, 0x70, 0x61, 0x74
  .byte 0x68, 0x3a, 0x20, 0x73, 0x76, 0x67, 0x50, 0x61, 0x74, 0x68, 0x73, 0x2e, 0x70, 0x32, 0x33, 0x64
  .byte 0x62, 0x62, 0x64, 0x30, 0x30, 0x2c, 0x0a, 0x20, 0x20, 0x20, 0x20, 0x77, 0x72, 0x61, 0x70, 0x70
  .byte 0x65, 0x72, 0x43, 0x6c, 0x61, 0x73, 0x73, 0x4e, 0x61, 0x6d, 0x65, 0x3a, 0x20, 0x73, 0x74, 0x79
  .byte 0x6c, 0x65, 0x73, 0x2e, 0x73, 0x6f, 0x63, 0x69, 0x61, 0x6c, 0x49, 0x63, 0x6f, 0x6e, 0x59, 0x6f
  .byte 0x75, 0x74, 0x75, 0x62, 0x65, 0x2c, 0x0a, 0x20, 0x20, 0x20, 0x20, 0x63, 0x6c, 0x69, 0x70, 0x49
  .byte 0x64, 0x3a, 0x20, 0x22, 0x63, 0x6c, 0x69, 0x70, 0x5f, 0x79, 0x74, 0x22, 0x2c, 0x0a, 0x20, 0x20
  .byte 0x20, 0x20, 0x63, 0x6c, 0x69, 0x70, 0x53, 0x69, 0x7a, 0x65, 0x3a, 0x20, 0x7b, 0x20, 0x77, 0x69
  .byte 0x64, 0x74, 0x68, 0x3a, 0x20, 0x22, 0x32, 0x32, 0x22, 0x2c, 0x20, 0x68, 0x65, 0x69, 0x67, 0x68
  .byte 0x74, 0x3a, 0x20, 0x22, 0x31, 0x35, 0x2e, 0x34, 0x36, 0x38, 0x38, 0x22, 0x20, 0x7d, 0x2c, 0x0a
  .byte 0x20, 0x20, 0x7d, 0x2c, 0x0a, 0x20, 0x20, 0x7b, 0x0a, 0x20, 0x20, 0x20, 0x20, 0x6c, 0x61, 0x62
  .byte 0x65, 0x6c, 0x3a, 0x20, 0x22, 0x4c, 0x69, 0x6e, 0x6b, 0x65, 0x64, 0x49, 0x6e, 0x22, 0x2c, 0x0a
  .byte 0x20, 0x20, 0x20, 0x20, 0x68, 0x72, 0x65, 0x66, 0x3a, 0x20, 0x22, 0x68, 0x74, 0x74, 0x70, 0x73
  .byte 0x3a, 0x2f, 0x2f, 0x77, 0x77, 0x77, 0x2e, 0x6c, 0x69, 0x6e, 0x6b, 0x65, 0x64, 0x69, 0x6e, 0x2e
  .byte 0x63, 0x6f, 0x6d, 0x2f, 0x63, 0x6f, 0x6d, 0x70, 0x61, 0x6e, 0x79, 0x2f, 0x74, 0x68, 0x65, 0x73
  .byte 0x79, 0x73, 0x64, 0x65, 0x76, 0x2f, 0x22, 0x2c, 0x0a, 0x20, 0x20, 0x20, 0x20, 0x76, 0x69, 0x65
  .byte 0x77, 0x42, 0x6f, 0x78, 0x3a, 0x20, 0x22, 0x30, 0x20, 0x30, 0x20, 0x31, 0x39, 0x20, 0x31, 0x39
  .byte 0x22, 0x2c, 0x0a, 0x20, 0x20, 0x20, 0x20, 0x70, 0x61, 0x74, 0x68, 0x3a, 0x20, 0x73, 0x76, 0x67
  .byte 0x50, 0x61, 0x74, 0x68, 0x73, 0x2e, 0x70, 0x32, 0x36, 0x66, 0x63, 0x33, 0x31, 0x30, 0x30, 0x2c
  .byte 0x0a, 0x20, 0x20, 0x20, 0x20, 0x77, 0x72, 0x61, 0x70, 0x70, 0x65, 0x72, 0x43, 0x6c, 0x61, 0x73
  .byte 0x73, 0x4e, 0x61, 0x6d, 0x65, 0x3a, 0x20, 0x73, 0x74, 0x79, 0x6c, 0x65, 0x73, 0x2e, 0x73, 0x6f
  .byte 0x63, 0x69, 0x61, 0x6c, 0x49, 0x63, 0x6f, 0x6e, 0x4c, 0x69, 0x6e, 0x6b, 0x65, 0x64, 0x49, 0x6e
  .byte 0x2c, 0x0a, 0x20, 0x20, 0x20, 0x20, 0x63, 0x6c, 0x69, 0x70, 0x49, 0x64, 0x3a, 0x20, 0x22, 0x63
  .byte 0x6c, 0x69, 0x70, 0x5f, 0x6c, 0x69, 0x22, 0x2c, 0x0a, 0x20, 0x20, 0x20, 0x20, 0x63, 0x6c, 0x69
  .byte 0x70, 0x53, 0x69, 0x7a, 0x65, 0x3a, 0x20, 0x7b, 0x20, 0x77, 0x69, 0x64, 0x74, 0x68, 0x3a, 0x20
  .byte 0x22, 0x31, 0x39, 0x22, 0x2c, 0x20, 0x68, 0x65, 0x69, 0x67, 0x68, 0x74, 0x3a, 0x20, 0x22, 0x31
  .byte 0x39, 0x22, 0x20, 0x7d, 0x2c, 0x0a, 0x20, 0x20, 0x7d, 0x2c, 0x0a, 0x5d, 0x3b, 0x0a, 0x0a, 0x2f
  .byte 0x2f, 0x20, 0x2d, 0x2d, 0x2d, 0x2d, 0x2d, 0x2d, 0x2d, 0x2d, 0x2d, 0x2d, 0x2d, 0x2d, 0x2d, 0x2d
  .byte 0x2d, 0x2d, 0x2d, 0x2d, 0x2d, 0x2d, 0x2d, 0x2d, 0x2d, 0x2d, 0x2d, 0x2d, 0x2d, 0x2d, 0x2d, 0x2d
  .byte 0x2d, 0x2d, 0x2d, 0x2d, 0x2d, 0x2d, 0x2d, 0x2d, 0x2d, 0x2d, 0x2d, 0x2d, 0x2d, 0x2d, 0x2d, 0x2d
  .byte 0x2d, 0x2d, 0x2d, 0x2d, 0x2d, 0x2d, 0x2d, 0x2d, 0x2d, 0x2d, 0x2d, 0x2d, 0x2d, 0x2d, 0x2d, 0x2d
  .byte 0x2d, 0x2d, 0x2d, 0x2d, 0x2d, 0x2d, 0x2d, 0x2d, 0x2d, 0x2d, 0x2d, 0x2d, 0x2d, 0x0a, 0x2f, 0x2f
  .byte 0x20, 0x53, 0x75, 0x62, 0x2d, 0x63, 0x6f, 0x6d, 0x70, 0x6f, 0x6e, 0x65, 0x6e, 0x74, 0x73, 0x0a
  .byte 0x2f, 0x2f, 0x20, 0x2d, 0x2d, 0x2d, 0x2d, 0x2d, 0x2d, 0x2d, 0x2d, 0x2d, 0x2d, 0x2d, 0x2d, 0x2d
  .byte 0x2d, 0x2d, 0x2d, 0x2d, 0x2d, 0x2d, 0x2d, 0x2d, 0x2d, 0x2d, 0x2d, 0x2d, 0x2d, 0x2d, 0x2d, 0x2d
  .byte 0x2d, 0x2d, 0x2d, 0x2d, 0x2d, 0x2d, 0x2d, 0x2d, 0x2d, 0x2d, 0x2d, 0x2d, 0x2d, 0x2d, 0x2d, 0x2d
  .byte 0x2d, 0x2d, 0x2d, 0x2d, 0x2d, 0x2d, 0x2d, 0x2d, 0x2d, 0x2d, 0x2d, 0x2d, 0x2d, 0x2d, 0x2d, 0x2d
  .byte 0x2d, 0x2d, 0x2d, 0x2d, 0x2d, 0x2d, 0x2d, 0x2d, 0x2d, 0x2d, 0x2d, 0x2d, 0x2d, 0x2d, 0x0a, 0x0a
  .byte 0x66, 0x75, 0x6e, 0x63, 0x74, 0x69, 0x6f, 0x6e, 0x20, 0x53, 0x6f, 0x63, 0x69, 0x61, 0x6c, 0x49
  .byte 0x63, 0x6f, 0x6e, 0x28, 0x7b, 0x20, 0x6c, 0x69, 0x6e, 0x6b, 0x20, 0x7d, 0x3a, 0x20, 0x7b, 0x20
  .byte 0x6c, 0x69, 0x6e, 0x6b, 0x3a, 0x20, 0x53, 0x6f, 0x63, 0x69, 0x61, 0x6c, 0x4c, 0x69, 0x6e, 0x6b
  .byte 0x20, 0x7d, 0x29, 0x20, 0x7b, 0x0a, 0x20, 0x20, 0x63, 0x6f, 0x6e, 0x73, 0x74, 0x20, 0x75, 0x6e
  .byte 0x69, 0x71, 0x75, 0x65, 0x49, 0x64, 0x20, 0x3d, 0x20, 0x75, 0x73, 0x65, 0x49, 0x64, 0x28, 0x29
  .byte 0x3b, 0x0a, 0x20, 0x20, 0x63, 0x6f, 0x6e, 0x73, 0x74, 0x20, 0x63, 0x6c, 0x69, 0x70, 0x50, 0x61
  .byte 0x74, 0x68, 0x49, 0x64, 0x20, 0x3d, 0x20, 0x6c, 0x69, 0x6e, 0x6b, 0x2e, 0x63, 0x6c, 0x69, 0x70
  .byte 0x49, 0x64, 0x20, 0x3f, 0x20, 0x60, 0x24, 0x7b, 0x6c, 0x69, 0x6e, 0x6b, 0x2e, 0x63, 0x6c, 0x69
  .byte 0x70, 0x49, 0x64, 0x7d, 0x2d, 0x24, 0x7b, 0x75, 0x6e, 0x69, 0x71, 0x75, 0x65, 0x49, 0x64, 0x7d
  .byte 0x60, 0x20, 0x3a, 0x20, 0x75, 0x6e, 0x64, 0x65, 0x66, 0x69, 0x6e, 0x65, 0x64, 0x3b, 0x0a, 0x0a
  .byte 0x20, 0x20, 0x63, 0x6f, 0x6e, 0x73, 0x74, 0x20, 0x73, 0x76, 0x67, 0x43, 0x6f, 0x6e, 0x74, 0x65
  .byte 0x6e, 0x74, 0x20, 0x3d, 0x20, 0x63, 0x6c, 0x69, 0x70, 0x50, 0x61, 0x74, 0x68, 0x49, 0x64, 0x20
  .byte 0x3f, 0x20, 0x28, 0x0a, 0x20, 0x20, 0x20, 0x20, 0x3c, 0x73, 0x76, 0x67, 0x20, 0x63, 0x6c, 0x61
  .byte 0x73, 0x73, 0x4e, 0x61, 0x6d, 0x65, 0x3d, 0x7b, 0x73, 0x74, 0x79, 0x6c, 0x65, 0x73, 0x2e, 0x61
  .byte 0x62, 0x73, 0x6f, 0x6c, 0x75, 0x74, 0x65, 0x53, 0x76, 0x67, 0x7d, 0x20, 0x66, 0x69, 0x6c, 0x6c
  .byte 0x3d, 0x22, 0x6e, 0x6f, 0x6e, 0x65, 0x22, 0x20, 0x76, 0x69, 0x65, 0x77, 0x42, 0x6f, 0x78, 0x3d
  .byte 0x7b, 0x6c, 0x69, 0x6e, 0x6b, 0x2e, 0x76, 0x69, 0x65, 0x77, 0x42, 0x6f, 0x78, 0x7d, 0x3e, 0x0a
  .byte 0x20, 0x20, 0x20, 0x20, 0x20, 0x20, 0x3c, 0x67, 0x20, 0x63, 0x6c, 0x69, 0x70, 0x50, 0x61, 0x74
  .byte 0x68, 0x3d, 0x7b, 0x60, 0x75, 0x72, 0x6c, 0x28, 0x23, 0x24, 0x7b, 0x63, 0x6c, 0x69, 0x70, 0x50
  .byte 0x61, 0x74, 0x68, 0x49, 0x64, 0x7d, 0x29, 0x60, 0x7d, 0x3e, 0x0a, 0x20, 0x20, 0x20, 0x20, 0x20
  .byte 0x20, 0x20, 0x20, 0x3c, 0x70, 0x61, 0x74, 0x68, 0x20, 0x64, 0x3d, 0x7b, 0x6c, 0x69, 0x6e, 0x6b
  .byte 0x2e, 0x70, 0x61, 0x74, 0x68, 0x7d, 0x20, 0x66, 0x69, 0x6c, 0x6c, 0x3d, 0x22, 0x63, 0x75, 0x72
  .byte 0x72, 0x65, 0x6e, 0x74, 0x43, 0x6f, 0x6c, 0x6f, 0x72, 0x22, 0x20, 0x2f, 0x3e, 0x0a, 0x20, 0x20
  .byte 0x20, 0x20, 0x20, 0x20, 0x3c, 0x2f, 0x67, 0x3e, 0x0a, 0x20, 0x20, 0x20, 0x20, 0x20, 0x20, 0x3c
  .byte 0x64, 0x65, 0x66, 0x73, 0x3e, 0x0a, 0x20, 0x20, 0x20, 0x20, 0x20, 0x20, 0x20, 0x20, 0x3c, 0x63
  .byte 0x6c, 0x69, 0x70, 0x50, 0x61, 0x74, 0x68, 0x20, 0x69, 0x64, 0x3d, 0x7b, 0x63, 0x6c, 0x69, 0x70
  .byte 0x50, 0x61, 0x74, 0x68, 0x49, 0x64, 0x7d, 0x3e, 0x0a, 0x20, 0x20, 0x20, 0x20, 0x20, 0x20, 0x20
  .byte 0x20, 0x20, 0x20, 0x3c, 0x72, 0x65, 0x63, 0x74, 0x20, 0x66, 0x69, 0x6c, 0x6c, 0x3d, 0x22, 0x77
  .byte 0x68, 0x69, 0x74, 0x65, 0x22, 0x20, 0x68, 0x65, 0x69, 0x67, 0x68, 0x74, 0x3d, 0x7b, 0x6c, 0x69
  .byte 0x6e, 0x6b, 0x2e, 0x63, 0x6c, 0x69, 0x70, 0x53, 0x69, 0x7a, 0x65, 0x21, 0x2e, 0x68, 0x65, 0x69
  .byte 0x67, 0x68, 0x74, 0x7d, 0x20, 0x77, 0x69, 0x64, 0x74, 0x68, 0x3d, 0x7b, 0x6c, 0x69, 0x6e, 0x6b
  .byte 0x2e, 0x63, 0x6c, 0x69, 0x70, 0x53, 0x69, 0x7a, 0x65, 0x21, 0x2e, 0x77, 0x69, 0x64, 0x74, 0x68
  .byte 0x7d, 0x20, 0x2f, 0x3e, 0x0a, 0x20, 0x20, 0x20, 0x20, 0x20, 0x20, 0x20, 0x20, 0x3c, 0x2f, 0x63
  .byte 0x6c, 0x69, 0x70, 0x50, 0x61, 0x74, 0x68, 0x3e, 0x0a, 0x20, 0x20, 0x20, 0x20, 0x20, 0x20, 0x3c
  .byte 0x2f, 0x64, 0x65, 0x66, 0x73, 0x3e, 0x0a, 0x20, 0x20, 0x20, 0x20, 0x3c, 0x2f, 0x73, 0x76, 0x67
  .byte 0x3e, 0x0a, 0x20, 0x20, 0x29, 0x20, 0x3a, 0x20, 0x28, 0x0a, 0x20, 0x20, 0x20, 0x20, 0x3c, 0x73
  .byte 0x76, 0x67, 0x20, 0x63, 0x6c, 0x61, 0x73, 0x73, 0x4e, 0x61, 0x6d, 0x65, 0x3d, 0x7b, 0x73, 0x74
  .byte 0x79, 0x6c, 0x65, 0x73, 0x2e, 0x61, 0x62, 0x73, 0x6f, 0x6c, 0x75, 0x74, 0x65, 0x53, 0x76, 0x67
  .byte 0x7d, 0x20, 0x66, 0x69, 0x6c, 0x6c, 0x3d, 0x22, 0x6e, 0x6f, 0x6e, 0x65, 0x22, 0x20, 0x76, 0x69
  .byte 0x65, 0x77, 0x42, 0x6f, 0x78, 0x3d, 0x7b, 0x6c, 0x69, 0x6e, 0x6b, 0x2e, 0x76, 0x69, 0x65, 0x77
  .byte 0x42, 0x6f, 0x78, 0x7d, 0x3e, 0x0a, 0x20, 0x20, 0x20, 0x20, 0x20, 0x20, 0x3c, 0x70, 0x61, 0x74
  .byte 0x68, 0x20, 0x64, 0x3d, 0x7b, 0x6c, 0x69, 0x6e, 0x6b, 0x2e, 0x70, 0x61, 0x74, 0x68, 0x7d, 0x20
  .byte 0x66, 0x69, 0x6c, 0x6c, 0x3d, 0x22, 0x63, 0x75, 0x72, 0x72, 0x65, 0x6e, 0x74, 0x43, 0x6f, 0x6c
  .byte 0x6f, 0x72, 0x22, 0x20, 0x2f, 0x3e, 0x0a, 0x20, 0x20, 0x20, 0x20, 0x3c, 0x2f, 0x73, 0x76, 0x67
  .byte 0x3e, 0x0a, 0x20, 0x20, 0x29, 0x3b, 0x0a, 0x0a, 0x20, 0x20, 0x72, 0x65, 0x74, 0x75, 0x72, 0x6e
  .byte 0x20, 0x28, 0x0a, 0x20, 0x20, 0x20, 0x20, 0x3c, 0x61, 0x0a, 0x20, 0x20, 0x20, 0x20, 0x20, 0x20
  .byte 0x68, 0x72, 0x65, 0x66, 0x3d, 0x7b, 0x6c, 0x69, 0x6e, 0x6b, 0x2e, 0x68, 0x72, 0x65, 0x66, 0x7d
  .byte 0x0a, 0x20, 0x20, 0x20, 0x20, 0x20, 0x20, 0x74, 0x61, 0x72, 0x67, 0x65, 0x74, 0x3d, 0x22, 0x5f
  .byte 0x62, 0x6c, 0x61, 0x6e, 0x6b, 0x22, 0x0a, 0x20, 0x20, 0x20, 0x20, 0x20, 0x20, 0x72, 0x65, 0x6c
  .byte 0x3d, 0x22, 0x6e, 0x6f, 0x6f, 0x70, 0x65, 0x6e, 0x65, 0x72, 0x20, 0x6e, 0x6f, 0x72, 0x65, 0x66
  .byte 0x65, 0x72, 0x72, 0x65, 0x72, 0x22, 0x0a, 0x20, 0x20, 0x20, 0x20, 0x20, 0x20, 0x63, 0x6c, 0x61
  .byte 0x73, 0x73, 0x4e, 0x61, 0x6d, 0x65, 0x3d, 0x7b, 0x73, 0x74, 0x79, 0x6c, 0x65, 0x73, 0x2e, 0x73
  .byte 0x6f, 0x63, 0x69, 0x61, 0x6c, 0x4c, 0x69, 0x6e, 0x6b, 0x7d, 0x0a, 0x20, 0x20, 0x20, 0x20, 0x20
  .byte 0x20, 0x61, 0x72, 0x69, 0x61, 0x2d, 0x6c, 0x61, 0x62, 0x65, 0x6c, 0x3d, 0x7b, 0x6c, 0x69, 0x6e
  .byte 0x6b, 0x2e, 0x6c, 0x61, 0x62, 0x65, 0x6c, 0x7d, 0x0a, 0x20, 0x20, 0x20, 0x20, 0x3e, 0x0a, 0x20
  .byte 0x20, 0x20, 0x20, 0x20, 0x20, 0x7b, 0x6c, 0x69, 0x6e, 0x6b, 0x2e, 0x77, 0x72, 0x61, 0x70, 0x70
  .byte 0x65, 0x72, 0x43, 0x6c, 0x61, 0x73, 0x73, 0x4e, 0x61, 0x6d, 0x65, 0x20, 0x3f, 0x20, 0x28, 0x0a
  .byte 0x20, 0x20, 0x20, 0x20, 0x20, 0x20, 0x20, 0x20, 0x3c, 0x64, 0x69, 0x76, 0x20, 0x63, 0x6c, 0x61
  .byte 0x73, 0x73, 0x4e, 0x61, 0x6d, 0x65, 0x3d, 0x7b, 0x60, 0x24, 0x7b, 0x73, 0x74, 0x79, 0x6c, 0x65
  .byte 0x73, 0x2e, 0x73, 0x6f, 0x63, 0x69, 0x61, 0x6c, 0x49, 0x63, 0x6f, 0x6e, 0x57, 0x72, 0x61, 0x70
  .byte 0x7d, 0x20, 0x24, 0x7b, 0x6c, 0x69, 0x6e, 0x6b, 0x2e, 0x77, 0x72, 0x61, 0x70, 0x70, 0x65, 0x72
  .byte 0x43, 0x6c, 0x61, 0x73, 0x73, 0x4e, 0x61, 0x6d, 0x65, 0x7d, 0x60, 0x2e, 0x74, 0x72, 0x69, 0x6d
  .byte 0x28, 0x29, 0x7d, 0x3e, 0x0a, 0x20, 0x20, 0x20, 0x20, 0x20, 0x20, 0x20, 0x20, 0x20, 0x20, 0x7b
  .byte 0x73, 0x76, 0x67, 0x43, 0x6f, 0x6e, 0x74, 0x65, 0x6e, 0x74, 0x7d, 0x0a, 0x20, 0x20, 0x20, 0x20
  .byte 0x20, 0x20, 0x20, 0x20, 0x3c, 0x2f, 0x64, 0x69, 0x76, 0x3e, 0x0a, 0x20, 0x20, 0x20, 0x20, 0x20
  .byte 0x20, 0x29, 0x20, 0x3a, 0x20, 0x28, 0x0a, 0x20, 0x20, 0x20, 0x20, 0x20, 0x20, 0x20, 0x20, 0x73
  .byte 0x76, 0x67, 0x43, 0x6f, 0x6e, 0x74, 0x65, 0x6e, 0x74, 0x0a, 0x20, 0x20, 0x20, 0x20, 0x20, 0x20
  .byte 0x29, 0x7d, 0x0a, 0x20, 0x20, 0x20, 0x20, 0x3c, 0x2f, 0x61, 0x3e, 0x0a, 0x20, 0x20, 0x29, 0x3b
  .byte 0x0a, 0x7d, 0x0a, 0x0a, 0x66, 0x75, 0x6e, 0x63, 0x74, 0x69, 0x6f, 0x6e, 0x20, 0x53, 0x6f, 0x63
  .byte 0x69, 0x61, 0x6c, 0x49, 0x63, 0x6f, 0x6e, 0x73, 0x28, 0x29, 0x20, 0x7b, 0x0a, 0x20, 0x20, 0x72
  .byte 0x65, 0x74, 0x75, 0x72, 0x6e, 0x20, 0x28, 0x0a, 0x20, 0x20, 0x20, 0x20, 0x3c, 0x64, 0x69, 0x76
  .byte 0x20, 0x63, 0x6c, 0x61, 0x73, 0x73, 0x4e, 0x61, 0x6d, 0x65, 0x3d, 0x7b, 0x73, 0x74, 0x79, 0x6c
  .byte 0x65, 0x73, 0x2e, 0x73, 0x6f, 0x63, 0x69, 0x61, 0x6c, 0x49, 0x63, 0x6f, 0x6e, 0x73, 0x7d, 0x3e
  .byte 0x0a, 0x20, 0x20, 0x20, 0x20, 0x20, 0x20, 0x7b, 0x53, 0x4f, 0x43, 0x49, 0x41, 0x4c, 0x5f, 0x4c
  .byte 0x49, 0x4e, 0x4b, 0x53, 0x2e, 0x6d, 0x61, 0x70, 0x28, 0x28, 0x6c, 0x69, 0x6e, 0x6b, 0x29, 0x20
  .byte 0x3d, 0x3e, 0x20, 0x28, 0x0a, 0x20, 0x20, 0x20, 0x20, 0x20, 0x20, 0x20, 0x20, 0x3c, 0x53, 0x6f
  .byte 0x63, 0x69, 0x61, 0x6c, 0x49, 0x63, 0x6f, 0x6e, 0x20, 0x6b, 0x65, 0x79, 0x3d, 0x7b, 0x6c, 0x69
  .byte 0x6e, 0x6b, 0x2e, 0x6c, 0x61, 0x62, 0x65, 0x6c, 0x7d, 0x20, 0x6c, 0x69, 0x6e, 0x6b, 0x3d, 0x7b
  .byte 0x6c, 0x69, 0x6e, 0x6b, 0x7d, 0x20, 0x2f, 0x3e, 0x0a, 0x20, 0x20, 0x20, 0x20, 0x20, 0x20, 0x29
  .byte 0x29, 0x7d, 0x0a, 0x20, 0x20, 0x20, 0x20, 0x3c, 0x2f, 0x64, 0x69, 0x76, 0x3e, 0x0a, 0x20, 0x20
  .byte 0x29, 0x3b, 0x0a, 0x7d, 0x0a, 0x0a, 0x66, 0x75, 0x6e, 0x63, 0x74, 0x69, 0x6f, 0x6e, 0x20, 0x54
  .byte 0x68, 0x65, 0x73, 0x79, 0x73, 0x4c, 0x6f, 0x67, 0x6f, 0x28, 0x29, 0x20, 0x7b, 0x0a, 0x20, 0x20
  .byte 0x72, 0x65, 0x74, 0x75, 0x72, 0x6e, 0x20, 0x28, 0x0a, 0x20, 0x20, 0x20, 0x20, 0x3c, 0x64, 0x69
  .byte 0x76, 0x20, 0x63, 0x6c, 0x61, 0x73, 0x73, 0x4e, 0x61, 0x6d, 0x65, 0x3d, 0x7b, 0x73, 0x74, 0x79
  .byte 0x6c, 0x65, 0x73, 0x2e, 0x6c, 0x6f, 0x67, 0x6f, 0x57, 0x72, 0x61, 0x70, 0x7d, 0x3e, 0x0a, 0x20
  .byte 0x20, 0x20, 0x20, 0x20, 0x20, 0x3c, 0x73, 0x76, 0x67, 0x20, 0x63, 0x6c, 0x61, 0x73, 0x73, 0x4e
  .byte 0x61, 0x6d, 0x65, 0x3d, 0x7b, 0x73, 0x74, 0x79, 0x6c, 0x65, 0x73, 0x2e, 0x61, 0x62, 0x73, 0x6f
  .byte 0x6c, 0x75, 0x74, 0x65, 0x53, 0x76, 0x67, 0x7d, 0x20, 0x66, 0x69, 0x6c, 0x6c, 0x3d, 0x22, 0x6e
  .byte 0x6f, 0x6e, 0x65, 0x22, 0x20, 0x76, 0x69, 0x65, 0x77, 0x42, 0x6f, 0x78, 0x3d, 0x22, 0x30, 0x20
  .byte 0x30, 0x20, 0x31, 0x32, 0x33, 0x2e, 0x38, 0x37, 0x31, 0x20, 0x34, 0x39, 0x2e, 0x35, 0x34, 0x38
  .byte 0x34, 0x22, 0x3e, 0x0a, 0x20, 0x20, 0x20, 0x20, 0x20, 0x20, 0x20, 0x20, 0x3c, 0x70, 0x61, 0x74
  .byte 0x68, 0x20, 0x64, 0x3d, 0x7b, 0x73, 0x76, 0x67, 0x50, 0x61, 0x74, 0x68, 0x73, 0x2e, 0x70, 0x31
  .byte 0x36, 0x37, 0x37, 0x35, 0x32, 0x30, 0x30, 0x7d, 0x20, 0x66, 0x69, 0x6c, 0x6c, 0x3d, 0x22, 0x63
  .byte 0x75, 0x72, 0x72, 0x65, 0x6e, 0x74, 0x43, 0x6f, 0x6c, 0x6f, 0x72, 0x22, 0x20, 0x2f, 0x3e, 0x0a
  .byte 0x20, 0x20, 0x20, 0x20, 0x20, 0x20, 0x20, 0x20, 0x3c, 0x70, 0x61, 0x74, 0x68, 0x20, 0x63, 0x6c
  .byte 0x69, 0x70, 0x52, 0x75, 0x6c, 0x65, 0x3d, 0x22, 0x65, 0x76, 0x65, 0x6e, 0x6f, 0x64, 0x64, 0x22
  .byte 0x20, 0x64, 0x3d, 0x7b, 0x73, 0x76, 0x67, 0x50, 0x61, 0x74, 0x68, 0x73, 0x2e, 0x70, 0x32, 0x39
  .byte 0x61, 0x62, 0x61, 0x65, 0x33, 0x30, 0x7d, 0x20, 0x66, 0x69, 0x6c, 0x6c, 0x3d, 0x22, 0x63, 0x75
  .byte 0x72, 0x72, 0x65, 0x6e, 0x74, 0x43, 0x6f, 0x6c, 0x6f, 0x72, 0x22, 0x20, 0x66, 0x69, 0x6c, 0x6c
  .byte 0x52, 0x75, 0x6c, 0x65, 0x3d, 0x22, 0x65, 0x76, 0x65, 0x6e, 0x6f, 0x64, 0x64, 0x22, 0x20, 0x2f
  .byte 0x3e, 0x0a, 0x20, 0x20, 0x20, 0x20, 0x20, 0x20, 0x20, 0x20, 0x3c, 0x70, 0x61, 0x74, 0x68, 0x20
  .byte 0x64, 0x3d, 0x7b, 0x73, 0x76, 0x67, 0x50, 0x61, 0x74, 0x68, 0x73, 0x2e, 0x70, 0x33, 0x31, 0x38
  .byte 0x61, 0x61, 0x66, 0x38, 0x30, 0x7d, 0x20, 0x66, 0x69, 0x6c, 0x6c, 0x3d, 0x22, 0x63, 0x75, 0x72
  .byte 0x72, 0x65, 0x6e, 0x74, 0x43, 0x6f, 0x6c, 0x6f, 0x72, 0x22, 0x20, 0x2f, 0x3e, 0x0a, 0x20, 0x20
  .byte 0x20, 0x20, 0x20, 0x20, 0x20, 0x20, 0x3c, 0x70, 0x61, 0x74, 0x68, 0x20, 0x64, 0x3d, 0x7b, 0x73
  .byte 0x76, 0x67, 0x50, 0x61, 0x74, 0x68, 0x73, 0x2e, 0x70, 0x33, 0x66, 0x32, 0x32, 0x63, 0x66, 0x30
  .byte 0x30, 0x7d, 0x20, 0x66, 0x69, 0x6c, 0x6c, 0x3d, 0x22, 0x63, 0x75, 0x72, 0x72, 0x65, 0x6e, 0x74
  .byte 0x43, 0x6f, 0x6c, 0x6f, 0x72, 0x22, 0x20, 0x2f, 0x3e, 0x0a, 0x20, 0x20, 0x20, 0x20, 0x20, 0x20
  .byte 0x20, 0x20, 0x3c, 0x70, 0x61, 0x74, 0x68, 0x20, 0x64, 0x3d, 0x7b, 0x73, 0x76, 0x67, 0x50, 0x61
  .byte 0x74, 0x68, 0x73, 0x2e, 0x70, 0x32, 0x37, 0x30, 0x31, 0x33, 0x39, 0x38, 0x30, 0x7d, 0x20, 0x66
  .byte 0x69, 0x6c, 0x6c, 0x3d, 0x22, 0x63, 0x75, 0x72, 0x72, 0x65, 0x6e, 0x74, 0x43, 0x6f, 0x6c, 0x6f
  .byte 0x72, 0x22, 0x20, 0x2f, 0x3e, 0x0a, 0x20, 0x20, 0x20, 0x20, 0x20, 0x20, 0x20, 0x20, 0x3c, 0x70
  .byte 0x61, 0x74, 0x68, 0x20, 0x64, 0x3d, 0x7b, 0x73, 0x76, 0x67, 0x50, 0x61, 0x74, 0x68, 0x73, 0x2e
  .byte 0x70, 0x32, 0x31, 0x62, 0x37, 0x66, 0x33, 0x30, 0x30, 0x7d, 0x20, 0x66, 0x69, 0x6c, 0x6c, 0x3d
  .byte 0x22, 0x63, 0x75, 0x72, 0x72, 0x65, 0x6e, 0x74, 0x43, 0x6f, 0x6c, 0x6f, 0x72, 0x22, 0x20, 0x2f
  .byte 0x3e, 0x0a, 0x20, 0x20, 0x20, 0x20, 0x20, 0x20, 0x3c, 0x2f, 0x73, 0x76, 0x67, 0x3e, 0x0a, 0x20
  .byte 0x20, 0x20, 0x20, 0x3c, 0x2f, 0x64, 0x69, 0x76, 0x3e, 0x0a, 0x20, 0x20, 0x29, 0x3b, 0x0a, 0x7d
  .byte 0x0a, 0x0a, 0x66, 0x75, 0x6e, 0x63, 0x74, 0x69, 0x6f, 0x6e, 0x20, 0x48, 0x61, 0x6e, 0x64, 0x63
  .byte 0x72, 0x61, 0x66, 0x74, 0x65, 0x64, 0x4d, 0x61, 0x73, 0x63, 0x6f, 0x74, 0x28, 0x7b, 0x20, 0x69
  .byte 0x73, 0x44, 0x61, 0x72, 0x6b, 0x20, 0x7d, 0x3a, 0x20, 0x7b, 0x20, 0x69, 0x73, 0x44, 0x61, 0x72
  .byte 0x6b, 0x3a, 0x20, 0x62, 0x6f, 0x6f, 0x6c, 0x65, 0x61, 0x6e, 0x20, 0x7d, 0x29, 0x20, 0x7b, 0x0a
  .byte 0x20, 0x20, 0x69, 0x66, 0x20, 0x28, 0x69, 0x73, 0x44, 0x61, 0x72, 0x6b, 0x29, 0x20, 0x7b, 0x0a
  .byte 0x20, 0x20, 0x20, 0x20, 0x72, 0x65, 0x74, 0x75, 0x72, 0x6e, 0x20, 0x28, 0x0a, 0x20, 0x20, 0x20
  .byte 0x20, 0x20, 0x20, 0x3c, 0x73, 0x76, 0x67, 0x0a, 0x20, 0x20, 0x20, 0x20, 0x20, 0x20, 0x20, 0x20
  .byte 0x63, 0x6c, 0x61, 0x73, 0x73, 0x4e, 0x61, 0x6d, 0x65, 0x3d, 0x7b, 0x60, 0x24, 0x7b, 0x73, 0x74
  .byte 0x79, 0x6c, 0x65, 0x73, 0x2e, 0x68, 0x61, 0x6e, 0x64, 0x63, 0x72, 0x61, 0x66, 0x74, 0x65, 0x64
  .byte 0x4d, 0x61, 0x73, 0x63, 0x6f, 0x74, 0x7d, 0x20, 0x24, 0x7b, 0x73, 0x74, 0x79, 0x6c, 0x65, 0x73
  .byte 0x2e, 0x68, 0x61, 0x6e, 0x64, 0x63, 0x72, 0x61, 0x66, 0x74, 0x65, 0x64, 0x4d, 0x61, 0x73, 0x63
  .byte 0x6f, 0x74, 0x44, 0x61, 0x72, 0x6b, 0x7d, 0x60, 0x2e, 0x74, 0x72, 0x69, 0x6d, 0x28, 0x29, 0x7d
  .byte 0x0a, 0x20, 0x20, 0x20, 0x20, 0x20, 0x20, 0x20, 0x20, 0x66, 0x69, 0x6c, 0x6c, 0x3d, 0x22, 0x6e
  .byte 0x6f, 0x6e, 0x65, 0x22, 0x0a, 0x20, 0x20, 0x20, 0x20, 0x20, 0x20, 0x20, 0x20, 0x70, 0x72, 0x65
  .byte 0x73, 0x65, 0x72, 0x76, 0x65, 0x41, 0x73, 0x70, 0x65, 0x63, 0x74, 0x52, 0x61, 0x74, 0x69, 0x6f
  .byte 0x3d, 0x22, 0x78, 0x4d, 0x69, 0x64, 0x59, 0x4d, 0x69, 0x64, 0x20, 0x6d, 0x65, 0x65, 0x74, 0x22
  .byte 0x0a, 0x20, 0x20, 0x20, 0x20, 0x20, 0x20, 0x20, 0x20, 0x76, 0x69, 0x65, 0x77, 0x42, 0x6f, 0x78
  .byte 0x3d, 0x22, 0x30, 0x20, 0x30, 0x20, 0x33, 0x33, 0x20, 0x33, 0x32, 0x22, 0x0a, 0x20, 0x20, 0x20
  .byte 0x20, 0x20, 0x20, 0x3e, 0x0a, 0x20, 0x20, 0x20, 0x20, 0x20, 0x20, 0x20, 0x20, 0x3c, 0x70, 0x61
  .byte 0x74, 0x68, 0x20, 0x64, 0x3d, 0x7b, 0x6d, 0x61, 0x73, 0x63, 0x6f, 0x74, 0x44, 0x61, 0x72, 0x6b
  .byte 0x53, 0x76, 0x67, 0x50, 0x61, 0x74, 0x68, 0x73, 0x2e, 0x70, 0x42, 0x6f, 0x64, 0x79, 0x7d, 0x20
  .byte 0x66, 0x69, 0x6c, 0x6c, 0x3d, 0x22, 0x77, 0x68, 0x69, 0x74, 0x65, 0x22, 0x20, 0x2f, 0x3e, 0x0a
  .byte 0x20, 0x20, 0x20, 0x20, 0x20, 0x20, 0x20, 0x20, 0x3c, 0x70, 0x61, 0x74, 0x68, 0x20, 0x64, 0x3d
  .byte 0x7b, 0x6d, 0x61, 0x73, 0x63, 0x6f, 0x74, 0x44, 0x61, 0x72, 0x6b, 0x53, 0x76, 0x67, 0x50, 0x61
  .byte 0x74, 0x68, 0x73, 0x2e, 0x70, 0x4f, 0x75, 0x74, 0x6c, 0x69, 0x6e, 0x65, 0x7d, 0x20, 0x66, 0x69
  .byte 0x6c, 0x6c, 0x3d, 0x22, 0x23, 0x34, 0x36, 0x34, 0x36, 0x34, 0x36, 0x22, 0x20, 0x73, 0x74, 0x72
  .byte 0x6f, 0x6b, 0x65, 0x3d, 0x22, 0x23, 0x34, 0x36, 0x34, 0x36, 0x34, 0x36, 0x22, 0x20, 0x73, 0x74
  .byte 0x72, 0x6f, 0x6b, 0x65, 0x57, 0x69, 0x64, 0x74, 0x68, 0x3d, 0x22, 0x30, 0x2e, 0x33, 0x22, 0x20
  .byte 0x2f, 0x3e, 0x0a, 0x20, 0x20, 0x20, 0x20, 0x20, 0x20, 0x20, 0x20, 0x3c, 0x70, 0x61, 0x74, 0x68
  .byte 0x20, 0x64, 0x3d, 0x7b, 0x6d, 0x61, 0x73, 0x63, 0x6f, 0x74, 0x44, 0x61, 0x72, 0x6b, 0x53, 0x76
  .byte 0x67, 0x50, 0x61, 0x74, 0x68, 0x73, 0x2e, 0x70, 0x4d, 0x6f, 0x75, 0x74, 0x68, 0x7d, 0x20, 0x66
  .byte 0x69, 0x6c, 0x6c, 0x3d, 0x22, 0x23, 0x34, 0x36, 0x34, 0x36, 0x34, 0x36, 0x22, 0x20, 0x2f, 0x3e
  .byte 0x0a, 0x20, 0x20, 0x20, 0x20, 0x20, 0x20, 0x20, 0x20, 0x3c, 0x70, 0x61, 0x74, 0x68, 0x20, 0x64
  .byte 0x3d, 0x7b, 0x6d, 0x61, 0x73, 0x63, 0x6f, 0x74, 0x44, 0x61, 0x72, 0x6b, 0x53, 0x76, 0x67, 0x50
  .byte 0x61, 0x74, 0x68, 0x73, 0x2e, 0x70, 0x45, 0x61, 0x72, 0x4c, 0x65, 0x66, 0x74, 0x7d, 0x20, 0x66
  .byte 0x69, 0x6c, 0x6c, 0x3d, 0x22, 0x23, 0x34, 0x36, 0x34, 0x36, 0x34, 0x36, 0x22, 0x20, 0x73, 0x74
  .byte 0x72, 0x6f, 0x6b, 0x65, 0x3d, 0x22, 0x23, 0x34, 0x36, 0x34, 0x36, 0x34, 0x36, 0x22, 0x20, 0x73
  .byte 0x74, 0x72, 0x6f, 0x6b, 0x65, 0x57, 0x69, 0x64, 0x74, 0x68, 0x3d, 0x22, 0x30, 0x2e, 0x33, 0x22
  .byte 0x20, 0x2f, 0x3e, 0x0a, 0x20, 0x20, 0x20, 0x20, 0x20, 0x20, 0x20, 0x20, 0x3c, 0x70, 0x61, 0x74
  .byte 0x68, 0x20, 0x64, 0x3d, 0x7b, 0x6d, 0x61, 0x73, 0x63, 0x6f, 0x74, 0x44, 0x61, 0x72, 0x6b, 0x53
  .byte 0x76, 0x67, 0x50, 0x61, 0x74, 0x68, 0x73, 0x2e, 0x70, 0x45, 0x61, 0x72, 0x52, 0x69, 0x67, 0x68
  .byte 0x74, 0x7d, 0x20, 0x66, 0x69, 0x6c, 0x6c, 0x3d, 0x22, 0x23, 0x34, 0x36, 0x34, 0x36, 0x34, 0x36
  .byte 0x22, 0x20, 0x73, 0x74, 0x72, 0x6f, 0x6b, 0x65, 0x3d, 0x22, 0x23, 0x34, 0x36, 0x34, 0x36, 0x34
  .byte 0x36, 0x22, 0x20, 0x73, 0x74, 0x72, 0x6f, 0x6b, 0x65, 0x57, 0x69, 0x64, 0x74, 0x68, 0x3d, 0x22
  .byte 0x30, 0x2e, 0x33, 0x22, 0x20, 0x2f, 0x3e, 0x0a, 0x20, 0x20, 0x20, 0x20, 0x20, 0x20, 0x20, 0x20
  .byte 0x3c, 0x70, 0x61, 0x74, 0x68, 0x20, 0x64, 0x3d, 0x7b, 0x6d, 0x61, 0x73, 0x63, 0x6f, 0x74, 0x44
  .byte 0x61, 0x72, 0x6b, 0x53, 0x76, 0x67, 0x50, 0x61, 0x74, 0x68, 0x73, 0x2e, 0x70, 0x45, 0x79, 0x65
  .byte 0x4c, 0x65, 0x66, 0x74, 0x7d, 0x20, 0x66, 0x69, 0x6c, 0x6c, 0x3d, 0x22, 0x23, 0x34, 0x36, 0x34
  .byte 0x36, 0x34, 0x36, 0x22, 0x20, 0x2f, 0x3e, 0x0a, 0x20, 0x20, 0x20, 0x20, 0x20, 0x20, 0x20, 0x20
  .byte 0x3c, 0x70, 0x61, 0x74, 0x68, 0x20, 0x64, 0x3d, 0x7b, 0x6d, 0x61, 0x73, 0x63, 0x6f, 0x74, 0x44
  .byte 0x61, 0x72, 0x6b, 0x53, 0x76, 0x67, 0x50, 0x61, 0x74, 0x68, 0x73, 0x2e, 0x70, 0x45, 0x79, 0x65
  .byte 0x52, 0x69, 0x67, 0x68, 0x74, 0x7d, 0x20, 0x66, 0x69, 0x6c, 0x6c, 0x3d, 0x22, 0x23, 0x34, 0x36
  .byte 0x34, 0x36, 0x34, 0x36, 0x22, 0x20, 0x2f, 0x3e, 0x0a, 0x20, 0x20, 0x20, 0x20, 0x20, 0x20, 0x20
  .byte 0x20, 0x3c, 0x70, 0x61, 0x74, 0x68, 0x20, 0x64, 0x3d, 0x7b, 0x6d, 0x61, 0x73, 0x63, 0x6f, 0x74
  .byte 0x44, 0x61, 0x72, 0x6b, 0x53, 0x76, 0x67, 0x50, 0x61, 0x74, 0x68, 0x73, 0x2e, 0x70, 0x48, 0x6f
  .byte 0x72, 0x6e, 0x4c, 0x65, 0x66, 0x74, 0x7d, 0x20, 0x66, 0x69, 0x6c, 0x6c, 0x3d, 0x22, 0x23, 0x34
  .byte 0x36, 0x34, 0x36, 0x34, 0x36, 0x22, 0x20, 0x73, 0x74, 0x72, 0x6f, 0x6b, 0x65, 0x3d, 0x22, 0x23
  .byte 0x34, 0x36, 0x34, 0x36, 0x34, 0x36, 0x22, 0x20, 0x73, 0x74, 0x72, 0x6f, 0x6b, 0x65, 0x57, 0x69
  .byte 0x64, 0x74, 0x68, 0x3d, 0x22, 0x30, 0x2e, 0x33, 0x22, 0x20, 0x2f, 0x3e, 0x0a, 0x20, 0x20, 0x20
  .byte 0x20, 0x20, 0x20, 0x20, 0x20, 0x3c, 0x70, 0x61, 0x74, 0x68, 0x20, 0x64, 0x3d, 0x7b, 0x6d, 0x61
  .byte 0x73, 0x63, 0x6f, 0x74, 0x44, 0x61, 0x72, 0x6b, 0x53, 0x76, 0x67, 0x50, 0x61, 0x74, 0x68, 0x73
  .byte 0x2e, 0x70, 0x48, 0x6f, 0x72, 0x6e, 0x52, 0x69, 0x67, 0x68, 0x74, 0x7d, 0x20, 0x66, 0x69, 0x6c
  .byte 0x6c, 0x3d, 0x22, 0x23, 0x34, 0x36, 0x34, 0x36, 0x34, 0x36, 0x22, 0x20, 0x73, 0x74, 0x72, 0x6f
  .byte 0x6b, 0x65, 0x3d, 0x22, 0x23, 0x34, 0x36, 0x34, 0x36, 0x34, 0x36, 0x22, 0x20, 0x73, 0x74, 0x72
  .byte 0x6f, 0x6b, 0x65, 0x57, 0x69, 0x64, 0x74, 0x68, 0x3d, 0x22, 0x30, 0x2e, 0x33, 0x22, 0x20, 0x2f
  .byte 0x3e, 0x0a, 0x20, 0x20, 0x20, 0x20, 0x20, 0x20, 0x3c, 0x2f, 0x73, 0x76, 0x67, 0x3e, 0x0a, 0x20
  .byte 0x20, 0x20, 0x20, 0x29, 0x3b, 0x0a, 0x20, 0x20, 0x7d, 0x0a, 0x0a, 0x20, 0x20, 0x72, 0x65, 0x74
  .byte 0x75, 0x72, 0x6e, 0x20, 0x28, 0x0a, 0x20, 0x20, 0x20, 0x20, 0x3c, 0x73, 0x76, 0x67, 0x0a, 0x20
  .byte 0x20, 0x20, 0x20, 0x20, 0x20, 0x63, 0x6c, 0x61, 0x73, 0x73, 0x4e, 0x61, 0x6d, 0x65, 0x3d, 0x7b
  .byte 0x73, 0x74, 0x79, 0x6c, 0x65, 0x73, 0x2e, 0x68, 0x61, 0x6e, 0x64, 0x63, 0x72, 0x61, 0x66, 0x74
  .byte 0x65, 0x64, 0x4d, 0x61, 0x73, 0x63, 0x6f, 0x74, 0x7d, 0x0a, 0x20, 0x20, 0x20, 0x20, 0x20, 0x20
  .byte 0x66, 0x69, 0x6c, 0x6c, 0x3d, 0x22, 0x6e, 0x6f, 0x6e, 0x65, 0x22, 0x0a, 0x20, 0x20, 0x20, 0x20
  .byte 0x20, 0x20, 0x70, 0x72, 0x65, 0x73, 0x65, 0x72, 0x76, 0x65, 0x41, 0x73, 0x70, 0x65, 0x63, 0x74
  .byte 0x52, 0x61, 0x74, 0x69, 0x6f, 0x3d, 0x22, 0x78, 0x4d, 0x69, 0x64, 0x59, 0x4d, 0x69, 0x64, 0x20
  .byte 0x6d, 0x65, 0x65, 0x74, 0x22, 0x0a, 0x20, 0x20, 0x20, 0x20, 0x20, 0x20, 0x76, 0x69, 0x65, 0x77
  .byte 0x42, 0x6f, 0x78, 0x3d, 0x22, 0x30, 0x20, 0x30, 0x20, 0x31, 0x34, 0x31, 0x2e, 0x32, 0x20, 0x31
  .byte 0x31, 0x34, 0x2e, 0x32, 0x22, 0x0a, 0x20, 0x20, 0x20, 0x20, 0x3e, 0x0a, 0x20, 0x20, 0x20, 0x20
  .byte 0x20, 0x20, 0x3c, 0x70, 0x61, 0x74, 0x68, 0x0a, 0x20, 0x20, 0x20, 0x20, 0x20, 0x20, 0x20, 0x20
  .byte 0x64, 0x3d, 0x7b, 0x6d, 0x61, 0x73, 0x63, 0x6f, 0x74, 0x53, 0x76, 0x67, 0x50, 0x61, 0x74, 0x68
  .byte 0x73, 0x2e, 0x70, 0x33, 0x39, 0x35, 0x62, 0x33, 0x63, 0x30, 0x30, 0x7d, 0x0a, 0x20, 0x20, 0x20
  .byte 0x20, 0x20, 0x20, 0x20, 0x20, 0x66, 0x69, 0x6c, 0x6c, 0x3d, 0x22, 0x63, 0x75, 0x72, 0x72, 0x65
  .byte 0x6e, 0x74, 0x43, 0x6f, 0x6c, 0x6f, 0x72, 0x22, 0x0a, 0x20, 0x20, 0x20, 0x20, 0x20, 0x20, 0x20
  .byte 0x20, 0x73, 0x74, 0x72, 0x6f, 0x6b, 0x65, 0x3d, 0x22, 0x63, 0x75, 0x72, 0x72, 0x65, 0x6e, 0x74
  .byte 0x43, 0x6f, 0x6c, 0x6f, 0x72, 0x22, 0x0a, 0x20, 0x20, 0x20, 0x20, 0x20, 0x20, 0x20, 0x20, 0x73
  .byte 0x74, 0x72, 0x6f, 0x6b, 0x65, 0x57, 0x69, 0x64, 0x74, 0x68, 0x3d, 0x22, 0x30, 0x2e, 0x36, 0x22
  .byte 0x0a, 0x20, 0x20, 0x20, 0x20, 0x20, 0x20, 0x2f, 0x3e, 0x0a, 0x20, 0x20, 0x20, 0x20, 0x20, 0x20
  .byte 0x3c, 0x70, 0x61, 0x74, 0x68, 0x20, 0x64, 0x3d, 0x7b, 0x6d, 0x61, 0x73, 0x63, 0x6f, 0x74, 0x53
  .byte 0x76, 0x67, 0x50, 0x61, 0x74, 0x68, 0x73, 0x2e, 0x70, 0x33, 0x62, 0x32, 0x35, 0x31, 0x65, 0x38
  .byte 0x30, 0x7d, 0x20, 0x66, 0x69, 0x6c, 0x6c, 0x3d, 0x22, 0x63, 0x75, 0x72, 0x72, 0x65, 0x6e, 0x74
  .byte 0x43, 0x6f, 0x6c, 0x6f, 0x72, 0x22, 0x20, 0x2f, 0x3e, 0x0a, 0x20, 0x20, 0x20, 0x20, 0x20, 0x20
  .byte 0x3c, 0x70, 0x61, 0x74, 0x68, 0x0a, 0x20, 0x20, 0x20, 0x20, 0x20, 0x20, 0x20, 0x20, 0x64, 0x3d
  .byte 0x7b, 0x6d, 0x61, 0x73, 0x63, 0x6f, 0x74, 0x53, 0x76, 0x67, 0x50, 0x61, 0x74, 0x68, 0x73, 0x2e
  .byte 0x70, 0x32, 0x37, 0x31, 0x38, 0x62, 0x63, 0x38, 0x30, 0x7d, 0x0a, 0x20, 0x20, 0x20, 0x20, 0x20
  .byte 0x20, 0x20, 0x20, 0x66, 0x69, 0x6c, 0x6c, 0x3d, 0x22, 0x63, 0x75, 0x72, 0x72, 0x65, 0x6e, 0x74
  .byte 0x43, 0x6f, 0x6c, 0x6f, 0x72, 0x22, 0x0a, 0x20, 0x20, 0x20, 0x20, 0x20, 0x20, 0x20, 0x20, 0x73
  .byte 0x74, 0x72, 0x6f, 0x6b, 0x65, 0x3d, 0x22, 0x63, 0x75, 0x72, 0x72, 0x65, 0x6e, 0x74, 0x43, 0x6f
  .byte 0x6c, 0x6f, 0x72, 0x22, 0x0a, 0x20, 0x20, 0x20, 0x20, 0x20, 0x20, 0x20, 0x20, 0x73, 0x74, 0x72
  .byte 0x6f, 0x6b, 0x65, 0x57, 0x69, 0x64, 0x74, 0x68, 0x3d, 0x22, 0x30, 0x2e, 0x36, 0x22, 0x0a, 0x20
  .byte 0x20, 0x20, 0x20, 0x20, 0x20, 0x2f, 0x3e, 0x0a, 0x20, 0x20, 0x20, 0x20, 0x20, 0x20, 0x3c, 0x70
  .byte 0x61, 0x74, 0x68, 0x0a, 0x20, 0x20, 0x20, 0x20, 0x20, 0x20, 0x20, 0x20, 0x64, 0x3d, 0x7b, 0x6d
  .byte 0x61, 0x73, 0x63, 0x6f, 0x74, 0x53, 0x76, 0x67, 0x50, 0x61, 0x74, 0x68, 0x73, 0x2e, 0x70, 0x33
  .byte 0x37, 0x61, 0x62, 0x35, 0x62, 0x30, 0x7d, 0x0a, 0x20, 0x20, 0x20, 0x20, 0x20, 0x20, 0x20, 0x20
  .byte 0x66, 0x69, 0x6c, 0x6c, 0x3d, 0x22, 0x63, 0x75, 0x72, 0x72, 0x65, 0x6e, 0x74, 0x43, 0x6f, 0x6c
  .byte 0x6f, 0x72, 0x22, 0x0a, 0x20, 0x20, 0x20, 0x20, 0x20, 0x20, 0x20, 0x20, 0x73, 0x74, 0x72, 0x6f
  .byte 0x6b, 0x65, 0x3d, 0x22, 0x63, 0x75, 0x72, 0x72, 0x65, 0x6e, 0x74, 0x43, 0x6f, 0x6c, 0x6f, 0x72
  .byte 0x22, 0x0a, 0x20, 0x20, 0x20, 0x20, 0x20, 0x20, 0x20, 0x20, 0x73, 0x74, 0x72, 0x6f, 0x6b, 0x65
  .byte 0x57, 0x69, 0x64, 0x74, 0x68, 0x3d, 0x22, 0x30, 0x2e, 0x36, 0x22, 0x0a, 0x20, 0x20, 0x20, 0x20
  .byte 0x20, 0x20, 0x2f, 0x3e, 0x0a, 0x20, 0x20, 0x20, 0x20, 0x20, 0x20, 0x3c, 0x70, 0x61, 0x74, 0x68
  .byte 0x20, 0x64, 0x3d, 0x7b, 0x6d, 0x61, 0x73, 0x63, 0x6f, 0x74, 0x53, 0x76, 0x67, 0x50, 0x61, 0x74
  .byte 0x68, 0x73, 0x2e, 0x70, 0x32, 0x61, 0x63, 0x38, 0x39, 0x33, 0x30, 0x30, 0x7d, 0x20, 0x66, 0x69
  .byte 0x6c, 0x6c, 0x3d, 0x22, 0x63, 0x75, 0x72, 0x72, 0x65, 0x6e, 0x74, 0x43, 0x6f, 0x6c, 0x6f, 0x72
  .byte 0x22, 0x20, 0x2f, 0x3e, 0x0a, 0x20, 0x20, 0x20, 0x20, 0x20, 0x20, 0x3c, 0x70, 0x61, 0x74, 0x68
  .byte 0x20, 0x64, 0x3d, 0x7b, 0x6d, 0x61, 0x73, 0x63, 0x6f, 0x74, 0x53, 0x76, 0x67, 0x50, 0x61, 0x74
  .byte 0x68, 0x73, 0x2e, 0x70, 0x32, 0x62, 0x38, 0x62, 0x34, 0x33, 0x38, 0x30, 0x7d, 0x20, 0x66, 0x69
  .byte 0x6c, 0x6c, 0x3d, 0x22, 0x63, 0x75, 0x72, 0x72, 0x65, 0x6e, 0x74, 0x43, 0x6f, 0x6c, 0x6f, 0x72
  .byte 0x22, 0x20, 0x2f, 0x3e, 0x0a, 0x20, 0x20, 0x20, 0x20, 0x20, 0x20, 0x3c, 0x70, 0x61, 0x74, 0x68
  .byte 0x0a, 0x20, 0x20, 0x20, 0x20, 0x20, 0x20, 0x20, 0x20, 0x64, 0x3d, 0x7b, 0x6d, 0x61, 0x73, 0x63
  .byte 0x6f, 0x74, 0x53, 0x76, 0x67, 0x50, 0x61, 0x74, 0x68, 0x73, 0x2e, 0x70, 0x31, 0x35, 0x63, 0x31
  .byte 0x34, 0x65, 0x30, 0x30, 0x7d, 0x0a, 0x20, 0x20, 0x20, 0x20, 0x20, 0x20, 0x20, 0x20, 0x66, 0x69
  .byte 0x6c, 0x6c, 0x3d, 0x22, 0x63, 0x75, 0x72, 0x72, 0x65, 0x6e, 0x74, 0x43, 0x6f, 0x6c, 0x6f, 0x72
  .byte 0x22, 0x0a, 0x20, 0x20, 0x20, 0x20, 0x20, 0x20, 0x20, 0x20, 0x73, 0x74, 0x72, 0x6f, 0x6b, 0x65
  .byte 0x3d, 0x22, 0x63, 0x75, 0x72, 0x72, 0x65, 0x6e, 0x74, 0x43, 0x6f, 0x6c, 0x6f, 0x72, 0x22, 0x0a
  .byte 0x20, 0x20, 0x20, 0x20, 0x20, 0x20, 0x20, 0x20, 0x73, 0x74, 0x72, 0x6f, 0x6b, 0x65, 0x57, 0x69
  .byte 0x64, 0x74, 0x68, 0x3d, 0x22, 0x30, 0x2e, 0x36, 0x22, 0x0a, 0x20, 0x20, 0x20, 0x20, 0x20, 0x20
  .byte 0x2f, 0x3e, 0x0a, 0x20, 0x20, 0x20, 0x20, 0x20, 0x20, 0x3c, 0x70, 0x61, 0x74, 0x68, 0x0a, 0x20
  .byte 0x20, 0x20, 0x20, 0x20, 0x20, 0x20, 0x20, 0x64, 0x3d, 0x7b, 0x6d, 0x61, 0x73, 0x63, 0x6f, 0x74
  .byte 0x53, 0x76, 0x67, 0x50, 0x61, 0x74, 0x68, 0x73, 0x2e, 0x70, 0x34, 0x30, 0x37, 0x36, 0x32, 0x30
  .byte 0x30, 0x7d, 0x0a, 0x20, 0x20, 0x20, 0x20, 0x20, 0x20, 0x20, 0x20, 0x66, 0x69, 0x6c, 0x6c, 0x3d
  .byte 0x22, 0x63, 0x75, 0x72, 0x72, 0x65, 0x6e, 0x74, 0x43, 0x6f, 0x6c, 0x6f, 0x72, 0x22, 0x0a, 0x20
  .byte 0x20, 0x20, 0x20, 0x20, 0x20, 0x20, 0x20, 0x73, 0x74, 0x72, 0x6f, 0x6b, 0x65, 0x3d, 0x22, 0x63
  .byte 0x75, 0x72, 0x72, 0x65, 0x6e, 0x74, 0x43, 0x6f, 0x6c, 0x6f, 0x72, 0x22, 0x0a, 0x20, 0x20, 0x20
  .byte 0x20, 0x20, 0x20, 0x20, 0x20, 0x73, 0x74, 0x72, 0x6f, 0x6b, 0x65, 0x57, 0x69, 0x64, 0x74, 0x68
  .byte 0x3d, 0x22, 0x30, 0x2e, 0x36, 0x22, 0x0a, 0x20, 0x20, 0x20, 0x20, 0x20, 0x20, 0x2f, 0x3e, 0x0a
  .byte 0x20, 0x20, 0x20, 0x20, 0x3c, 0x2f, 0x73, 0x76, 0x67, 0x3e, 0x0a, 0x20, 0x20, 0x29, 0x3b, 0x0a
  .byte 0x7d, 0x0a, 0x0a, 0x2f, 0x2f, 0x20, 0x2d, 0x2d, 0x2d, 0x2d, 0x2d, 0x2d, 0x2d, 0x2d, 0x2d, 0x2d
  .byte 0x2d, 0x2d, 0x2d, 0x2d, 0x2d, 0x2d, 0x2d, 0x2d, 0x2d, 0x2d, 0x2d, 0x2d, 0x2d, 0x2d, 0x2d, 0x2d
  .byte 0x2d, 0x2d, 0x2d, 0x2d, 0x2d, 0x2d, 0x2d, 0x2d, 0x2d, 0x2d, 0x2d, 0x2d, 0x2d, 0x2d, 0x2d, 0x2d
  .byte 0x2d, 0x2d, 0x2d, 0x2d, 0x2d, 0x2d, 0x2d, 0x2d, 0x2d, 0x2d, 0x2d, 0x2d, 0x2d, 0x2d, 0x2d, 0x2d
  .byte 0x2d, 0x2d, 0x2d, 0x2d, 0x2d, 0x2d, 0x2d, 0x2d, 0x2d, 0x2d, 0x2d, 0x2d, 0x2d, 0x2d, 0x2d, 0x2d
  .byte 0x2d, 0x0a, 0x2f, 0x2f, 0x20, 0x4d, 0x61, 0x69, 0x6e, 0x20, 0x63, 0x6f, 0x6d, 0x70, 0x6f, 0x6e
  .byte 0x65, 0x6e, 0x74, 0x0a, 0x2f, 0x2f, 0x20, 0x2d, 0x2d, 0x2d, 0x2d, 0x2d, 0x2d, 0x2d, 0x2d, 0x2d
  .byte 0x2d, 0x2d, 0x2d, 0x2d, 0x2d, 0x2d, 0x2d, 0x2d, 0x2d, 0x2d, 0x2d, 0x2d, 0x2d, 0x2d, 0x2d, 0x2d
  .byte 0x2d, 0x2d, 0x2d, 0x2d, 0x2d, 0x2d, 0x2d, 0x2d, 0x2d, 0x2d, 0x2d, 0x2d, 0x2d, 0x2d, 0x2d, 0x2d
  .byte 0x2d, 0x2d, 0x2d, 0x2d, 0x2d, 0x2d, 0x2d, 0x2d, 0x2d, 0x2d, 0x2d, 0x2d, 0x2d, 0x2d, 0x2d, 0x2d
  .byte 0x2d, 0x2d, 0x2d, 0x2d, 0x2d, 0x2d, 0x2d, 0x2d, 0x2d, 0x2d, 0x2d, 0x2d, 0x2d, 0x2d, 0x2d, 0x2d
  .byte 0x2d, 0x2d, 0x0a, 0x0a, 0x65, 0x78, 0x70, 0x6f, 0x72, 0x74, 0x20, 0x66, 0x75, 0x6e, 0x63, 0x74
  .byte 0x69, 0x6f, 0x6e, 0x20, 0x46, 0x6f, 0x6f, 0x74, 0x65, 0x72, 0x28, 0x29, 0x20, 0x7b, 0x0a, 0x20
  .byte 0x20, 0x63, 0x6f, 0x6e, 0x73, 0x74, 0x20, 0x69, 0x73, 0x44, 0x61, 0x72, 0x6b, 0x20, 0x3d, 0x20
  .byte 0x66, 0x61, 0x6c, 0x73, 0x65, 0x3b, 0x0a, 0x0a, 0x20, 0x20, 0x72, 0x65, 0x74, 0x75, 0x72, 0x6e
  .byte 0x20, 0x28, 0x0a, 0x20, 0x20, 0x20, 0x20, 0x3c, 0x66, 0x6f, 0x6f, 0x74, 0x65, 0x72, 0x20, 0x63
  .byte 0x6c, 0x61, 0x73, 0x73, 0x4e, 0x61, 0x6d, 0x65, 0x3d, 0x7b, 0x73, 0x74, 0x79, 0x6c, 0x65, 0x73
  .byte 0x2e, 0x66, 0x6f, 0x6f, 0x74, 0x65, 0x72, 0x7d, 0x3e, 0x0a, 0x20, 0x20, 0x20, 0x20, 0x20, 0x20
  .byte 0x7b, 0x2f, 0x2a, 0x20, 0x48, 0x61, 0x6e, 0x64, 0x63, 0x72, 0x61, 0x66, 0x74, 0x65, 0x64, 0x20
  .byte 0x2a, 0x2f, 0x7d, 0x0a, 0x20, 0x20, 0x20, 0x20, 0x20, 0x20, 0x3c, 0x64, 0x69, 0x76, 0x20, 0x63
  .byte 0x6c, 0x61, 0x73, 0x73, 0x4e, 0x61, 0x6d, 0x65, 0x3d, 0x7b, 0x73, 0x74, 0x79, 0x6c, 0x65, 0x73
  .byte 0x2e, 0x68, 0x61, 0x6e, 0x64, 0x63, 0x72, 0x61, 0x66, 0x74, 0x65, 0x64, 0x53, 0x65, 0x63, 0x74
  .byte 0x69, 0x6f, 0x6e, 0x7d, 0x3e, 0x0a, 0x20, 0x20, 0x20, 0x20, 0x20, 0x20, 0x20, 0x20, 0x3c, 0x64
  .byte 0x69, 0x76, 0x20, 0x63, 0x6c, 0x61, 0x73, 0x73, 0x4e, 0x61, 0x6d, 0x65, 0x3d, 0x7b, 0x73, 0x74
  .byte 0x79, 0x6c, 0x65, 0x73, 0x2e, 0x68, 0x61, 0x6e, 0x64, 0x63, 0x72, 0x61, 0x66, 0x74, 0x65, 0x64
  .byte 0x43, 0x6f, 0x6e, 0x74, 0x61, 0x69, 0x6e, 0x65, 0x72, 0x7d, 0x3e, 0x0a, 0x20, 0x20, 0x20, 0x20
  .byte 0x20, 0x20, 0x20, 0x20, 0x20, 0x20, 0x3c, 0x64, 0x69, 0x76, 0x20, 0x63, 0x6c, 0x61, 0x73, 0x73
  .byte 0x4e, 0x61, 0x6d, 0x65, 0x3d, 0x7b, 0x73, 0x74, 0x79, 0x6c, 0x65, 0x73, 0x2e, 0x6d, 0x61, 0x73
  .byte 0x63, 0x6f, 0x74, 0x57, 0x72, 0x61, 0x70, 0x7d, 0x3e, 0x0a, 0x20, 0x20, 0x20, 0x20, 0x20, 0x20
  .byte 0x20, 0x20, 0x20, 0x20, 0x20, 0x20, 0x3c, 0x48, 0x61, 0x6e, 0x64, 0x63, 0x72, 0x61, 0x66, 0x74
  .byte 0x65, 0x64, 0x4d, 0x61, 0x73, 0x63, 0x6f, 0x74, 0x20, 0x69, 0x73, 0x44, 0x61, 0x72, 0x6b, 0x3d
  .byte 0x7b, 0x69, 0x73, 0x44, 0x61, 0x72, 0x6b, 0x7d, 0x20, 0x2f, 0x3e, 0x0a, 0x20, 0x20, 0x20, 0x20
  .byte 0x20, 0x20, 0x20, 0x20, 0x20, 0x20, 0x3c, 0x2f, 0x64, 0x69, 0x76, 0x3e, 0x0a, 0x20, 0x20, 0x20
  .byte 0x20, 0x20, 0x20, 0x20, 0x20, 0x20, 0x20, 0x3c, 0x70, 0x20, 0x63, 0x6c, 0x61, 0x73, 0x73, 0x4e
  .byte 0x61, 0x6d, 0x65, 0x3d, 0x7b, 0x73, 0x74, 0x79, 0x6c, 0x65, 0x73, 0x2e, 0x68, 0x61, 0x6e, 0x64
  .byte 0x63, 0x72, 0x61, 0x66, 0x74, 0x65, 0x64, 0x43, 0x6f, 0x70, 0x79, 0x7d, 0x3e, 0x0a, 0x20, 0x20
  .byte 0x20, 0x20, 0x20, 0x20, 0x20, 0x20, 0x20, 0x20, 0x20, 0x20, 0x48, 0x61, 0x6e, 0x64, 0x63, 0x72
  .byte 0x61, 0x66, 0x74, 0x65, 0x64, 0x20, 0x77, 0x69, 0x74, 0x68, 0x20, 0x61, 0x20, 0x6c, 0x6f, 0x74
  .byte 0x20, 0x6f, 0x66, 0x20, 0x6c, 0x6f, 0x76, 0x65, 0x0a, 0x20, 0x20, 0x20, 0x20, 0x20, 0x20, 0x20
  .byte 0x20, 0x20, 0x20, 0x20, 0x20, 0x3c, 0x73, 0x70, 0x61, 0x6e, 0x20, 0x61, 0x72, 0x69, 0x61, 0x2d
  .byte 0x68, 0x69, 0x64, 0x64, 0x65, 0x6e, 0x3d, 0x22, 0x74, 0x72, 0x75, 0x65, 0x22, 0x20, 0x63, 0x6c
  .byte 0x61, 0x73, 0x73, 0x4e, 0x61, 0x6d, 0x65, 0x3d, 0x7b, 0x73, 0x74, 0x79, 0x6c, 0x65, 0x73, 0x2e
  .byte 0x68, 0x61, 0x6e, 0x64, 0x63, 0x72, 0x61, 0x66, 0x74, 0x65, 0x64, 0x43, 0x75, 0x72, 0x73, 0x6f
  .byte 0x72, 0x7d, 0x3e, 0x0a, 0x20, 0x20, 0x20, 0x20, 0x20, 0x20, 0x20, 0x20, 0x20, 0x20, 0x20, 0x20
  .byte 0x20, 0x20, 0x5f, 0x0a, 0x20, 0x20, 0x20, 0x20, 0x20, 0x20, 0x20, 0x20, 0x20, 0x20, 0x20, 0x20
  .byte 0x3c, 0x2f, 0x73, 0x70, 0x61, 0x6e, 0x3e, 0x0a, 0x20, 0x20, 0x20, 0x20, 0x20, 0x20, 0x20, 0x20
  .byte 0x20, 0x20, 0x3c, 0x2f, 0x70, 0x3e, 0x0a, 0x20, 0x20, 0x20, 0x20, 0x20, 0x20, 0x20, 0x20, 0x3c
  .byte 0x2f, 0x64, 0x69, 0x76, 0x3e, 0x0a, 0x20, 0x20, 0x20, 0x20, 0x20, 0x20, 0x3c, 0x2f, 0x64, 0x69
  .byte 0x76, 0x3e, 0x0a, 0x0a, 0x20, 0x20, 0x20, 0x20, 0x20, 0x20, 0x7b, 0x2f, 0x2a, 0x20, 0x46, 0x6f
  .byte 0x6f, 0x74, 0x65, 0x72, 0x20, 0x63, 0x6f, 0x6e, 0x74, 0x65, 0x6e, 0x74, 0x20, 0x2a, 0x2f, 0x7d
  .byte 0x0a, 0x20, 0x20, 0x20, 0x20, 0x20, 0x20, 0x3c, 0x64, 0x69, 0x76, 0x20, 0x63, 0x6c, 0x61, 0x73
  .byte 0x73, 0x4e, 0x61, 0x6d, 0x65, 0x3d, 0x7b, 0x73, 0x74, 0x79, 0x6c, 0x65, 0x73, 0x2e, 0x63, 0x6f
  .byte 0x6e, 0x74, 0x65, 0x6e, 0x74, 0x53, 0x65, 0x63, 0x74, 0x69, 0x6f, 0x6e, 0x7d, 0x3e, 0x0a, 0x20
  .byte 0x20, 0x20, 0x20, 0x20, 0x20, 0x20, 0x20, 0x3c, 0x64, 0x69, 0x76, 0x20, 0x63, 0x6c, 0x61, 0x73
  .byte 0x73, 0x4e, 0x61, 0x6d, 0x65, 0x3d, 0x7b, 0x73, 0x74, 0x79, 0x6c, 0x65, 0x73, 0x2e, 0x63, 0x6f
  .byte 0x6e, 0x74, 0x65, 0x6e, 0x74, 0x43, 0x6f, 0x6e, 0x74, 0x61, 0x69, 0x6e, 0x65, 0x72, 0x7d, 0x3e
  .byte 0x0a, 0x20, 0x20, 0x20, 0x20, 0x20, 0x20, 0x20, 0x20, 0x20, 0x20, 0x7b, 0x2f, 0x2a, 0x20, 0x44
  .byte 0x65, 0x73, 0x6b, 0x74, 0x6f, 0x70, 0x20, 0x2a, 0x2f, 0x7d, 0x0a, 0x20, 0x20, 0x20, 0x20, 0x20
  .byte 0x20, 0x20, 0x20, 0x20, 0x20, 0x3c, 0x64, 0x69, 0x76, 0x20, 0x63, 0x6c, 0x61, 0x73, 0x73, 0x4e
  .byte 0x61, 0x6d, 0x65, 0x3d, 0x7b, 0x73, 0x74, 0x79, 0x6c, 0x65, 0x73, 0x2e, 0x64, 0x65, 0x73, 0x6b
  .byte 0x74, 0x6f, 0x70, 0x4c, 0x6f, 0x67, 0x6f, 0x52, 0x6f, 0x77, 0x7d, 0x3e, 0x0a, 0x20, 0x20, 0x20
  .byte 0x20, 0x20, 0x20, 0x20, 0x20, 0x20, 0x20, 0x20, 0x20, 0x3c, 0x54, 0x68, 0x65, 0x73, 0x79, 0x73
  .byte 0x4c, 0x6f, 0x67, 0x6f, 0x20, 0x2f, 0x3e, 0x0a, 0x20, 0x20, 0x20, 0x20, 0x20, 0x20, 0x20, 0x20
  .byte 0x20, 0x20, 0x3c, 0x2f, 0x64, 0x69, 0x76, 0x3e, 0x0a, 0x20, 0x20, 0x20, 0x20, 0x20, 0x20, 0x20
  .byte 0x20, 0x20, 0x20, 0x7b, 0x2f, 0x2a, 0x20, 0x4d, 0x6f, 0x62, 0x69, 0x6c, 0x65, 0x20, 0x2a, 0x2f
  .byte 0x7d, 0x0a, 0x20, 0x20, 0x20, 0x20, 0x20, 0x20, 0x20, 0x20, 0x20, 0x20, 0x3c, 0x64, 0x69, 0x76
  .byte 0x20, 0x63, 0x6c, 0x61, 0x73, 0x73, 0x4e, 0x61, 0x6d, 0x65, 0x3d, 0x7b, 0x73, 0x74, 0x79, 0x6c
  .byte 0x65, 0x73, 0x2e, 0x6d, 0x6f, 0x62, 0x69, 0x6c, 0x65, 0x4c, 0x6f, 0x67, 0x6f, 0x52, 0x6f, 0x77
  .byte 0x7d, 0x3e, 0x0a, 0x20, 0x20, 0x20, 0x20, 0x20, 0x20, 0x20, 0x20, 0x20, 0x20, 0x20, 0x20, 0x3c
  .byte 0x54, 0x68, 0x65, 0x73, 0x79, 0x73, 0x4c, 0x6f, 0x67, 0x6f, 0x20, 0x2f, 0x3e, 0x0a, 0x20, 0x20
  .byte 0x20, 0x20, 0x20, 0x20, 0x20, 0x20, 0x20, 0x20, 0x3c, 0x2f, 0x64, 0x69, 0x76, 0x3e, 0x0a, 0x0a
  .byte 0x20, 0x20, 0x20, 0x20, 0x20, 0x20, 0x20, 0x20, 0x20, 0x20, 0x7b, 0x2f, 0x2a, 0x20, 0x42, 0x6f
  .byte 0x74, 0x74, 0x6f, 0x6d, 0x20, 0x62, 0x61, 0x72, 0x20, 0x2a, 0x2f, 0x7d, 0x0a, 0x20, 0x20, 0x20
  .byte 0x20, 0x20, 0x20, 0x20, 0x20, 0x20, 0x20, 0x3c, 0x64, 0x69, 0x76, 0x20, 0x63, 0x6c, 0x61, 0x73
  .byte 0x73, 0x4e, 0x61, 0x6d, 0x65, 0x3d, 0x7b, 0x73, 0x74, 0x79, 0x6c, 0x65, 0x73, 0x2e, 0x62, 0x6f
  .byte 0x74, 0x74, 0x6f, 0x6d, 0x42, 0x61, 0x72, 0x7d, 0x3e, 0x0a, 0x20, 0x20, 0x20, 0x20, 0x20, 0x20
  .byte 0x20, 0x20, 0x20, 0x20, 0x20, 0x20, 0x3c, 0x64, 0x69, 0x76, 0x20, 0x63, 0x6c, 0x61, 0x73, 0x73
  .byte 0x4e, 0x61, 0x6d, 0x65, 0x3d, 0x7b, 0x73, 0x74, 0x79, 0x6c, 0x65, 0x73, 0x2e, 0x64, 0x65, 0x73
  .byte 0x6b, 0x74, 0x6f, 0x70, 0x42, 0x6f, 0x74, 0x74, 0x6f, 0x6d, 0x42, 0x61, 0x72, 0x7d, 0x3e, 0x0a
  .byte 0x20, 0x20, 0x20, 0x20, 0x20, 0x20, 0x20, 0x20, 0x20, 0x20, 0x20, 0x20, 0x20, 0x20, 0x3c, 0x70
  .byte 0x20, 0x63, 0x6c, 0x61, 0x73, 0x73, 0x4e, 0x61, 0x6d, 0x65, 0x3d, 0x7b, 0x73, 0x74, 0x79, 0x6c
  .byte 0x65, 0x73, 0x2e, 0x64, 0x65, 0x73, 0x6b, 0x74, 0x6f, 0x70, 0x4d, 0x65, 0x74, 0x61, 0x4c, 0x65
  .byte 0x66, 0x74, 0x7d, 0x3e, 0x33, 0x35, 0x35, 0x20, 0x42, 0x72, 0x79, 0x61, 0x6e, 0x74, 0x20, 0x53
  .byte 0x74, 0x2c, 0x20, 0x53, 0x61, 0x6e, 0x20, 0x46, 0x72, 0x61, 0x6e, 0x63, 0x69, 0x73, 0x63, 0x6f
  .byte 0x2c, 0x20, 0x43, 0x41, 0x20, 0x39, 0x34, 0x31, 0x30, 0x37, 0x3c, 0x2f, 0x70, 0x3e, 0x0a, 0x20
  .byte 0x20, 0x20, 0x20, 0x20, 0x20, 0x20, 0x20, 0x20, 0x20, 0x20, 0x20, 0x20, 0x20, 0x3c, 0x53, 0x6f
  .byte 0x63, 0x69, 0x61, 0x6c, 0x49, 0x63, 0x6f, 0x6e, 0x73, 0x20, 0x2f, 0x3e, 0x0a, 0x20, 0x20, 0x20
  .byte 0x20, 0x20, 0x20, 0x20, 0x20, 0x20, 0x20, 0x20, 0x20, 0x20, 0x20, 0x3c, 0x70, 0x20, 0x63, 0x6c
  .byte 0x61, 0x73, 0x73, 0x4e, 0x61, 0x6d, 0x65, 0x3d, 0x7b, 0x73, 0x74, 0x79, 0x6c, 0x65, 0x73, 0x2e
  .byte 0x64, 0x65, 0x73, 0x6b, 0x74, 0x6f, 0x70, 0x4d, 0x65, 0x74, 0x61, 0x52, 0x69, 0x67, 0x68, 0x74
  .byte 0x7d, 0x3e, 0x0a, 0x20, 0x20, 0x20, 0x20, 0x20, 0x20, 0x20, 0x20, 0x20, 0x20, 0x20, 0x20, 0x20
  .byte 0x20, 0x20, 0x20, 0xc2, 0xa9, 0x20, 0x7b, 0x6e, 0x65, 0x77, 0x20, 0x44, 0x61, 0x74, 0x65, 0x28
  .byte 0x29, 0x2e, 0x67, 0x65, 0x74, 0x46, 0x75, 0x6c, 0x6c, 0x59, 0x65, 0x61, 0x72, 0x28, 0x29, 0x7d
  .byte 0x20, 0x54, 0x68, 0x65, 0x73, 0x79, 0x73, 0x20, 0x49, 0x6e, 0x63, 0x2e, 0x20, 0x41, 0x6c, 0x6c
  .byte 0x20, 0x52, 0x69, 0x67, 0x68, 0x74, 0x73, 0x20, 0x52, 0x65, 0x73, 0x65, 0x72, 0x76, 0x65, 0x64
  .byte 0x0a, 0x20, 0x20, 0x20, 0x20, 0x20, 0x20, 0x20, 0x20, 0x20, 0x20, 0x20, 0x20, 0x20, 0x20, 0x3c
  .byte 0x2f, 0x70, 0x3e, 0x0a, 0x20, 0x20, 0x20, 0x20, 0x20, 0x20, 0x20, 0x20, 0x20, 0x20, 0x20, 0x20
  .byte 0x3c, 0x2f, 0x64, 0x69, 0x76, 0x3e, 0x0a, 0x0a, 0x20, 0x20, 0x20, 0x20, 0x20, 0x20, 0x20, 0x20
  .byte 0x20, 0x20, 0x20, 0x20, 0x3c, 0x64, 0x69, 0x76, 0x20, 0x63, 0x6c, 0x61, 0x73, 0x73, 0x4e, 0x61
  .byte 0x6d, 0x65, 0x3d, 0x7b, 0x73, 0x74, 0x79, 0x6c, 0x65, 0x73, 0x2e, 0x6d, 0x6f, 0x62, 0x69, 0x6c
  .byte 0x65, 0x42, 0x6f, 0x74, 0x74, 0x6f, 0x6d, 0x42, 0x61, 0x72, 0x7d, 0x3e, 0x0a, 0x20, 0x20, 0x20
  .byte 0x20, 0x20, 0x20, 0x20, 0x20, 0x20, 0x20, 0x20, 0x20, 0x20, 0x20, 0x3c, 0x53, 0x6f, 0x63, 0x69
  .byte 0x61, 0x6c, 0x49, 0x63, 0x6f, 0x6e, 0x73, 0x20, 0x2f, 0x3e, 0x0a, 0x20, 0x20, 0x20, 0x20, 0x20
  .byte 0x20, 0x20, 0x20, 0x20, 0x20, 0x20, 0x20, 0x20, 0x20, 0x3c, 0x64, 0x69, 0x76, 0x20, 0x63, 0x6c
  .byte 0x61, 0x73, 0x73, 0x4e, 0x61, 0x6d, 0x65, 0x3d, 0x7b, 0x73, 0x74, 0x79, 0x6c, 0x65, 0x73, 0x2e
  .byte 0x6d, 0x6f, 0x62, 0x69, 0x6c, 0x65, 0x4d, 0x65, 0x74, 0x61, 0x7d, 0x3e, 0x0a, 0x20, 0x20, 0x20
  .byte 0x20, 0x20, 0x20, 0x20, 0x20, 0x20, 0x20, 0x20, 0x20, 0x20, 0x20, 0x20, 0x20, 0x3c, 0x70, 0x20
  .byte 0x63, 0x6c, 0x61, 0x73, 0x73, 0x4e, 0x61, 0x6d, 0x65, 0x3d, 0x7b, 0x73, 0x74, 0x79, 0x6c, 0x65
  .byte 0x73, 0x2e, 0x6d, 0x6f, 0x62, 0x69, 0x6c, 0x65, 0x4d, 0x65, 0x74, 0x61, 0x54, 0x65, 0x78, 0x74
  .byte 0x7d, 0x3e, 0x0a, 0x20, 0x20, 0x20, 0x20, 0x20, 0x20, 0x20, 0x20, 0x20, 0x20, 0x20, 0x20, 0x20
  .byte 0x20, 0x20, 0x20, 0x20, 0x20, 0xc2, 0xa9, 0x20, 0x7b, 0x6e, 0x65, 0x77, 0x20, 0x44, 0x61, 0x74
  .byte 0x65, 0x28, 0x29, 0x2e, 0x67, 0x65, 0x74, 0x46, 0x75, 0x6c, 0x6c, 0x59, 0x65, 0x61, 0x72, 0x28
  .byte 0x29, 0x7d, 0x20, 0x54, 0x68, 0x65, 0x73, 0x79, 0x73, 0x20, 0x49, 0x6e, 0x63, 0x2e, 0x20, 0x41
  .byte 0x6c, 0x6c, 0x20, 0x52, 0x69, 0x67, 0x68, 0x74, 0x73, 0x20, 0x52, 0x65, 0x73, 0x65, 0x72, 0x76
  .byte 0x65, 0x64, 0x0a, 0x20, 0x20, 0x20, 0x20, 0x20, 0x20, 0x20, 0x20, 0x20, 0x20, 0x20, 0x20, 0x20
  .byte 0x20, 0x20, 0x20, 0x3c, 0x2f, 0x70, 0x3e, 0x0a, 0x20, 0x20, 0x20, 0x20, 0x20, 0x20, 0x20, 0x20
  .byte 0x20, 0x20, 0x20, 0x20, 0x20, 0x20, 0x20, 0x20, 0x3c, 0x70, 0x20, 0x63, 0x6c, 0x61, 0x73, 0x73
  .byte 0x4e, 0x61, 0x6d, 0x65, 0x3d, 0x7b, 0x73, 0x74, 0x79, 0x6c, 0x65, 0x73, 0x2e, 0x6d, 0x6f, 0x62
  .byte 0x69, 0x6c, 0x65, 0x4d, 0x65, 0x74, 0x61, 0x54, 0x65, 0x78, 0x74, 0x7d, 0x3e, 0x33, 0x35, 0x35
  .byte 0x20, 0x42, 0x72, 0x79, 0x61, 0x6e, 0x74, 0x20, 0x53, 0x74, 0x2c, 0x20, 0x53, 0x61, 0x6e, 0x20
  .byte 0x46, 0x72, 0x61, 0x6e, 0x63, 0x69, 0x73, 0x63, 0x6f, 0x2c, 0x20, 0x43, 0x41, 0x20, 0x39, 0x34
  .byte 0x31, 0x30, 0x37, 0x3c, 0x2f, 0x70, 0x3e, 0x0a, 0x20, 0x20, 0x20, 0x20, 0x20, 0x20, 0x20, 0x20
  .byte 0x20, 0x20, 0x20, 0x20, 0x20, 0x20, 0x3c, 0x2f, 0x64, 0x69, 0x76, 0x3e, 0x0a, 0x20, 0x20, 0x20
  .byte 0x20, 0x20, 0x20, 0x20, 0x20, 0x20, 0x20, 0x20, 0x20, 0x3c, 0x2f, 0x64, 0x69, 0x76, 0x3e, 0x0a
  .byte 0x20, 0x20, 0x20, 0x20, 0x20, 0x20, 0x20, 0x20, 0x20, 0x20, 0x3c, 0x2f, 0x64, 0x69, 0x76, 0x3e
  .byte 0x0a, 0x20, 0x20, 0x20, 0x20, 0x20, 0x20, 0x20, 0x20, 0x3c, 0x2f, 0x64, 0x69, 0x76, 0x3e, 0x0a
  .byte 0x20, 0x20, 0x20, 0x20, 0x20, 0x20, 0x3c, 0x2f, 0x64, 0x69, 0x76, 0x3e, 0x0a, 0x20, 0x20, 0x20
  .byte 0x20, 0x3c, 0x2f, 0x66, 0x6f, 0x6f, 0x74, 0x65, 0x72, 0x3e, 0x0a, 0x20, 0x20, 0x29, 0x3b, 0x0a
  .byte 0x7d, 0x0a

  .globl openui_full_port_docs_app__home__sections_Footer_Footer_tsx_be6ef76be01b_pass_3_len
openui_full_port_docs_app__home__sections_Footer_Footer_tsx_be6ef76be01b_pass_3_len:
  .quad 7730

# assembly pass: 4/4
  .globl openui_full_port_docs_app__home__sections_Footer_Footer_tsx_be6ef76be01b_pass_4
openui_full_port_docs_app__home__sections_Footer_Footer_tsx_be6ef76be01b_pass_4:
  .byte 0x22, 0x75, 0x73, 0x65, 0x20, 0x63, 0x6c, 0x69, 0x65, 0x6e, 0x74, 0x22, 0x3b, 0x0a, 0x69, 0x6d
  .byte 0x70, 0x6f, 0x72, 0x74, 0x20, 0x6d, 0x61, 0x73, 0x63, 0x6f, 0x74, 0x44, 0x61, 0x72, 0x6b, 0x53
  .byte 0x76, 0x67, 0x50, 0x61, 0x74, 0x68, 0x73, 0x20, 0x66, 0x72, 0x6f, 0x6d, 0x20, 0x22, 0x40, 0x2f
  .byte 0x69, 0x6d, 0x70, 0x6f, 0x72, 0x74, 0x73, 0x2f, 0x73, 0x76, 0x67, 0x2d, 0x6d, 0x61, 0x73, 0x63
  .byte 0x6f, 0x74, 0x2d, 0x64, 0x61, 0x72, 0x6b, 0x22, 0x3b, 0x0a, 0x69, 0x6d, 0x70, 0x6f, 0x72, 0x74
  .byte 0x20, 0x73, 0x76, 0x67, 0x50, 0x61, 0x74, 0x68, 0x73, 0x20, 0x66, 0x72, 0x6f, 0x6d, 0x20, 0x22
  .byte 0x40, 0x2f, 0x69, 0x6d, 0x70, 0x6f, 0x72, 0x74, 0x73, 0x2f, 0x73, 0x76, 0x67, 0x2d, 0x75, 0x72
  .byte 0x72, 0x75, 0x76, 0x6f, 0x68, 0x32, 0x62, 0x65, 0x22, 0x3b, 0x0a, 0x69, 0x6d, 0x70, 0x6f, 0x72
  .byte 0x74, 0x20, 0x6d, 0x61, 0x73, 0x63, 0x6f, 0x74, 0x53, 0x76, 0x67, 0x50, 0x61, 0x74, 0x68, 0x73
  .byte 0x20, 0x66, 0x72, 0x6f, 0x6d, 0x20, 0x22, 0x40, 0x2f, 0x69, 0x6d, 0x70, 0x6f, 0x72, 0x74, 0x73
  .byte 0x2f, 0x73, 0x76, 0x67, 0x2d, 0x78, 0x65, 0x75, 0x72, 0x71, 0x6e, 0x33, 0x6a, 0x31, 0x72, 0x22
  .byte 0x3b, 0x0a, 0x69, 0x6d, 0x70, 0x6f, 0x72, 0x74, 0x20, 0x7b, 0x20, 0x75, 0x73, 0x65, 0x49, 0x64
  .byte 0x20, 0x7d, 0x20, 0x66, 0x72, 0x6f, 0x6d, 0x20, 0x22, 0x72, 0x65, 0x61, 0x63, 0x74, 0x22, 0x3b
  .byte 0x0a, 0x69, 0x6d, 0x70, 0x6f, 0x72, 0x74, 0x20, 0x73, 0x74, 0x79, 0x6c, 0x65, 0x73, 0x20, 0x66
  .byte 0x72, 0x6f, 0x6d, 0x20, 0x22, 0x2e, 0x2f, 0x46, 0x6f, 0x6f, 0x74, 0x65, 0x72, 0x2e, 0x6d, 0x6f
  .byte 0x64, 0x75, 0x6c, 0x65, 0x2e, 0x63, 0x73, 0x73, 0x22, 0x3b, 0x0a, 0x0a, 0x2f, 0x2f, 0x20, 0x2d
  .byte 0x2d, 0x2d, 0x2d, 0x2d, 0x2d, 0x2d, 0x2d, 0x2d, 0x2d, 0x2d, 0x2d, 0x2d, 0x2d, 0x2d, 0x2d, 0x2d
  .byte 0x2d, 0x2d, 0x2d, 0x2d, 0x2d, 0x2d, 0x2d, 0x2d, 0x2d, 0x2d, 0x2d, 0x2d, 0x2d, 0x2d, 0x2d, 0x2d
  .byte 0x2d, 0x2d, 0x2d, 0x2d, 0x2d, 0x2d, 0x2d, 0x2d, 0x2d, 0x2d, 0x2d, 0x2d, 0x2d, 0x2d, 0x2d, 0x2d
  .byte 0x2d, 0x2d, 0x2d, 0x2d, 0x2d, 0x2d, 0x2d, 0x2d, 0x2d, 0x2d, 0x2d, 0x2d, 0x2d, 0x2d, 0x2d, 0x2d
  .byte 0x2d, 0x2d, 0x2d, 0x2d, 0x2d, 0x2d, 0x2d, 0x2d, 0x2d, 0x2d, 0x0a, 0x2f, 0x2f, 0x20, 0x44, 0x61
  .byte 0x74, 0x61, 0x0a, 0x2f, 0x2f, 0x20, 0x2d, 0x2d, 0x2d, 0x2d, 0x2d, 0x2d, 0x2d, 0x2d, 0x2d, 0x2d
  .byte 0x2d, 0x2d, 0x2d, 0x2d, 0x2d, 0x2d, 0x2d, 0x2d, 0x2d, 0x2d, 0x2d, 0x2d, 0x2d, 0x2d, 0x2d, 0x2d
  .byte 0x2d, 0x2d, 0x2d, 0x2d, 0x2d, 0x2d, 0x2d, 0x2d, 0x2d, 0x2d, 0x2d, 0x2d, 0x2d, 0x2d, 0x2d, 0x2d
  .byte 0x2d, 0x2d, 0x2d, 0x2d, 0x2d, 0x2d, 0x2d, 0x2d, 0x2d, 0x2d, 0x2d, 0x2d, 0x2d, 0x2d, 0x2d, 0x2d
  .byte 0x2d, 0x2d, 0x2d, 0x2d, 0x2d, 0x2d, 0x2d, 0x2d, 0x2d, 0x2d, 0x2d, 0x2d, 0x2d, 0x2d, 0x2d, 0x2d
  .byte 0x2d, 0x0a, 0x0a, 0x69, 0x6e, 0x74, 0x65, 0x72, 0x66, 0x61, 0x63, 0x65, 0x20, 0x53, 0x6f, 0x63
  .byte 0x69, 0x61, 0x6c, 0x4c, 0x69, 0x6e, 0x6b, 0x20, 0x7b, 0x0a, 0x20, 0x20, 0x6c, 0x61, 0x62, 0x65
  .byte 0x6c, 0x3a, 0x20, 0x73, 0x74, 0x72, 0x69, 0x6e, 0x67, 0x3b, 0x0a, 0x20, 0x20, 0x68, 0x72, 0x65
  .byte 0x66, 0x3a, 0x20, 0x73, 0x74, 0x72, 0x69, 0x6e, 0x67, 0x3b, 0x0a, 0x20, 0x20, 0x76, 0x69, 0x65
  .byte 0x77, 0x42, 0x6f, 0x78, 0x3a, 0x20, 0x73, 0x74, 0x72, 0x69, 0x6e, 0x67, 0x3b, 0x0a, 0x20, 0x20
  .byte 0x70, 0x61, 0x74, 0x68, 0x3a, 0x20, 0x73, 0x74, 0x72, 0x69, 0x6e, 0x67, 0x3b, 0x0a, 0x20, 0x20
  .byte 0x77, 0x72, 0x61, 0x70, 0x70, 0x65, 0x72, 0x43, 0x6c, 0x61, 0x73, 0x73, 0x4e, 0x61, 0x6d, 0x65
  .byte 0x3f, 0x3a, 0x20, 0x73, 0x74, 0x72, 0x69, 0x6e, 0x67, 0x3b, 0x0a, 0x20, 0x20, 0x63, 0x6c, 0x69
  .byte 0x70, 0x49, 0x64, 0x3f, 0x3a, 0x20, 0x73, 0x74, 0x72, 0x69, 0x6e, 0x67, 0x3b, 0x0a, 0x20, 0x20
  .byte 0x63, 0x6c, 0x69, 0x70, 0x53, 0x69, 0x7a, 0x65, 0x3f, 0x3a, 0x20, 0x7b, 0x20, 0x77, 0x69, 0x64
  .byte 0x74, 0x68, 0x3a, 0x20, 0x73, 0x74, 0x72, 0x69, 0x6e, 0x67, 0x3b, 0x20, 0x68, 0x65, 0x69, 0x67
  .byte 0x68, 0x74, 0x3a, 0x20, 0x73, 0x74, 0x72, 0x69, 0x6e, 0x67, 0x20, 0x7d, 0x3b, 0x0a, 0x7d, 0x0a
  .byte 0x0a, 0x63, 0x6f, 0x6e, 0x73, 0x74, 0x20, 0x53, 0x4f, 0x43, 0x49, 0x41, 0x4c, 0x5f, 0x4c, 0x49
  .byte 0x4e, 0x4b, 0x53, 0x3a, 0x20, 0x53, 0x6f, 0x63, 0x69, 0x61, 0x6c, 0x4c, 0x69, 0x6e, 0x6b, 0x5b
  .byte 0x5d, 0x20, 0x3d, 0x20, 0x5b, 0x0a, 0x20, 0x20, 0x7b, 0x0a, 0x20, 0x20, 0x20, 0x20, 0x6c, 0x61
  .byte 0x62, 0x65, 0x6c, 0x3a, 0x20, 0x22, 0x54, 0x77, 0x69, 0x74, 0x74, 0x65, 0x72, 0x22, 0x2c, 0x0a
  .byte 0x20, 0x20, 0x20, 0x20, 0x68, 0x72, 0x65, 0x66, 0x3a, 0x20, 0x22, 0x68, 0x74, 0x74, 0x70, 0x73
  .byte 0x3a, 0x2f, 0x2f, 0x78, 0x2e, 0x63, 0x6f, 0x6d, 0x2f, 0x74, 0x68, 0x65, 0x73, 0x79, 0x73, 0x64
  .byte 0x65, 0x76, 0x22, 0x2c, 0x0a, 0x20, 0x20, 0x20, 0x20, 0x76, 0x69, 0x65, 0x77, 0x42, 0x6f, 0x78
  .byte 0x3a, 0x20, 0x22, 0x30, 0x20, 0x30, 0x20, 0x32, 0x34, 0x20, 0x32, 0x34, 0x22, 0x2c, 0x0a, 0x20
  .byte 0x20, 0x20, 0x20, 0x70, 0x61, 0x74, 0x68, 0x3a, 0x20, 0x73, 0x76, 0x67, 0x50, 0x61, 0x74, 0x68
  .byte 0x73, 0x2e, 0x70, 0x61, 0x31, 0x65, 0x37, 0x31, 0x30, 0x30, 0x2c, 0x0a, 0x20, 0x20, 0x20, 0x20
  .byte 0x77, 0x72, 0x61, 0x70, 0x70, 0x65, 0x72, 0x43, 0x6c, 0x61, 0x73, 0x73, 0x4e, 0x61, 0x6d, 0x65
  .byte 0x3a, 0x20, 0x73, 0x74, 0x79, 0x6c, 0x65, 0x73, 0x2e, 0x73, 0x6f, 0x63, 0x69, 0x61, 0x6c, 0x49
  .byte 0x63, 0x6f, 0x6e, 0x54, 0x77, 0x69, 0x74, 0x74, 0x65, 0x72, 0x2c, 0x0a, 0x20, 0x20, 0x7d, 0x2c
  .byte 0x0a, 0x20, 0x20, 0x7b, 0x0a, 0x20, 0x20, 0x20, 0x20, 0x6c, 0x61, 0x62, 0x65, 0x6c, 0x3a, 0x20
  .byte 0x22, 0x44, 0x69, 0x73, 0x63, 0x6f, 0x72, 0x64, 0x22, 0x2c, 0x0a, 0x20, 0x20, 0x20, 0x20, 0x68
  .byte 0x72, 0x65, 0x66, 0x3a, 0x20, 0x22, 0x68, 0x74, 0x74, 0x70, 0x73, 0x3a, 0x2f, 0x2f, 0x64, 0x69
  .byte 0x73, 0x63, 0x6f, 0x72, 0x64, 0x2e, 0x63, 0x6f, 0x6d, 0x2f, 0x69, 0x6e, 0x76, 0x69, 0x74, 0x65
  .byte 0x2f, 0x50, 0x62, 0x76, 0x35, 0x50, 0x73, 0x71, 0x55, 0x53, 0x76, 0x22, 0x2c, 0x0a, 0x20, 0x20
  .byte 0x20, 0x20, 0x76, 0x69, 0x65, 0x77, 0x42, 0x6f, 0x78, 0x3a, 0x20, 0x22, 0x30, 0x20, 0x30, 0x20
  .byte 0x32, 0x31, 0x2e, 0x39, 0x36, 0x31, 0x31, 0x20, 0x31, 0x37, 0x22, 0x2c, 0x0a, 0x20, 0x20, 0x20
  .byte 0x20, 0x70, 0x61, 0x74, 0x68, 0x3a, 0x20, 0x73, 0x76, 0x67, 0x50, 0x61, 0x74, 0x68, 0x73, 0x2e
  .byte 0x70, 0x33, 0x38, 0x38, 0x35, 0x63, 0x64, 0x30, 0x30, 0x2c, 0x0a, 0x20, 0x20, 0x7d, 0x2c, 0x0a
  .byte 0x20, 0x20, 0x7b, 0x0a, 0x20, 0x20, 0x20, 0x20, 0x6c, 0x61, 0x62, 0x65, 0x6c, 0x3a, 0x20, 0x22
  .byte 0x59, 0x6f, 0x75, 0x54, 0x75, 0x62, 0x65, 0x22, 0x2c, 0x0a, 0x20, 0x20, 0x20, 0x20, 0x68, 0x72
  .byte 0x65, 0x66, 0x3a, 0x20, 0x22, 0x68, 0x74, 0x74, 0x70, 0x73, 0x3a, 0x2f, 0x2f, 0x77, 0x77, 0x77
  .byte 0x2e, 0x79, 0x6f, 0x75, 0x74, 0x75, 0x62, 0x65, 0x2e, 0x63, 0x6f, 0x6d, 0x2f, 0x40, 0x74, 0x68
  .byte 0x65, 0x73, 0x79, 0x73, 0x64, 0x65, 0x76, 0x22, 0x2c, 0x0a, 0x20, 0x20, 0x20, 0x20, 0x76, 0x69
  .byte 0x65, 0x77, 0x42, 0x6f, 0x78, 0x3a, 0x20, 0x22, 0x30, 0x20, 0x30, 0x20, 0x32, 0x32, 0x20, 0x31
  .byte 0x35, 0x2e, 0x34, 0x36, 0x38, 0x38, 0x22, 0x2c, 0x0a, 0x20, 0x20, 0x20, 0x20, 0x70, 0x61, 0x74
  .byte 0x68, 0x3a, 0x20, 0x73, 0x76, 0x67, 0x50, 0x61, 0x74, 0x68, 0x73, 0x2e, 0x70, 0x32, 0x33, 0x64
  .byte 0x62, 0x62, 0x64, 0x30, 0x30, 0x2c, 0x0a, 0x20, 0x20, 0x20, 0x20, 0x77, 0x72, 0x61, 0x70, 0x70
  .byte 0x65, 0x72, 0x43, 0x6c, 0x61, 0x73, 0x73, 0x4e, 0x61, 0x6d, 0x65, 0x3a, 0x20, 0x73, 0x74, 0x79
  .byte 0x6c, 0x65, 0x73, 0x2e, 0x73, 0x6f, 0x63, 0x69, 0x61, 0x6c, 0x49, 0x63, 0x6f, 0x6e, 0x59, 0x6f
  .byte 0x75, 0x74, 0x75, 0x62, 0x65, 0x2c, 0x0a, 0x20, 0x20, 0x20, 0x20, 0x63, 0x6c, 0x69, 0x70, 0x49
  .byte 0x64, 0x3a, 0x20, 0x22, 0x63, 0x6c, 0x69, 0x70, 0x5f, 0x79, 0x74, 0x22, 0x2c, 0x0a, 0x20, 0x20
  .byte 0x20, 0x20, 0x63, 0x6c, 0x69, 0x70, 0x53, 0x69, 0x7a, 0x65, 0x3a, 0x20, 0x7b, 0x20, 0x77, 0x69
  .byte 0x64, 0x74, 0x68, 0x3a, 0x20, 0x22, 0x32, 0x32, 0x22, 0x2c, 0x20, 0x68, 0x65, 0x69, 0x67, 0x68
  .byte 0x74, 0x3a, 0x20, 0x22, 0x31, 0x35, 0x2e, 0x34, 0x36, 0x38, 0x38, 0x22, 0x20, 0x7d, 0x2c, 0x0a
  .byte 0x20, 0x20, 0x7d, 0x2c, 0x0a, 0x20, 0x20, 0x7b, 0x0a, 0x20, 0x20, 0x20, 0x20, 0x6c, 0x61, 0x62
  .byte 0x65, 0x6c, 0x3a, 0x20, 0x22, 0x4c, 0x69, 0x6e, 0x6b, 0x65, 0x64, 0x49, 0x6e, 0x22, 0x2c, 0x0a
  .byte 0x20, 0x20, 0x20, 0x20, 0x68, 0x72, 0x65, 0x66, 0x3a, 0x20, 0x22, 0x68, 0x74, 0x74, 0x70, 0x73
  .byte 0x3a, 0x2f, 0x2f, 0x77, 0x77, 0x77, 0x2e, 0x6c, 0x69, 0x6e, 0x6b, 0x65, 0x64, 0x69, 0x6e, 0x2e
  .byte 0x63, 0x6f, 0x6d, 0x2f, 0x63, 0x6f, 0x6d, 0x70, 0x61, 0x6e, 0x79, 0x2f, 0x74, 0x68, 0x65, 0x73
  .byte 0x79, 0x73, 0x64, 0x65, 0x76, 0x2f, 0x22, 0x2c, 0x0a, 0x20, 0x20, 0x20, 0x20, 0x76, 0x69, 0x65
  .byte 0x77, 0x42, 0x6f, 0x78, 0x3a, 0x20, 0x22, 0x30, 0x20, 0x30, 0x20, 0x31, 0x39, 0x20, 0x31, 0x39
  .byte 0x22, 0x2c, 0x0a, 0x20, 0x20, 0x20, 0x20, 0x70, 0x61, 0x74, 0x68, 0x3a, 0x20, 0x73, 0x76, 0x67
  .byte 0x50, 0x61, 0x74, 0x68, 0x73, 0x2e, 0x70, 0x32, 0x36, 0x66, 0x63, 0x33, 0x31, 0x30, 0x30, 0x2c
  .byte 0x0a, 0x20, 0x20, 0x20, 0x20, 0x77, 0x72, 0x61, 0x70, 0x70, 0x65, 0x72, 0x43, 0x6c, 0x61, 0x73
  .byte 0x73, 0x4e, 0x61, 0x6d, 0x65, 0x3a, 0x20, 0x73, 0x74, 0x79, 0x6c, 0x65, 0x73, 0x2e, 0x73, 0x6f
  .byte 0x63, 0x69, 0x61, 0x6c, 0x49, 0x63, 0x6f, 0x6e, 0x4c, 0x69, 0x6e, 0x6b, 0x65, 0x64, 0x49, 0x6e
  .byte 0x2c, 0x0a, 0x20, 0x20, 0x20, 0x20, 0x63, 0x6c, 0x69, 0x70, 0x49, 0x64, 0x3a, 0x20, 0x22, 0x63
  .byte 0x6c, 0x69, 0x70, 0x5f, 0x6c, 0x69, 0x22, 0x2c, 0x0a, 0x20, 0x20, 0x20, 0x20, 0x63, 0x6c, 0x69
  .byte 0x70, 0x53, 0x69, 0x7a, 0x65, 0x3a, 0x20, 0x7b, 0x20, 0x77, 0x69, 0x64, 0x74, 0x68, 0x3a, 0x20
  .byte 0x22, 0x31, 0x39, 0x22, 0x2c, 0x20, 0x68, 0x65, 0x69, 0x67, 0x68, 0x74, 0x3a, 0x20, 0x22, 0x31
  .byte 0x39, 0x22, 0x20, 0x7d, 0x2c, 0x0a, 0x20, 0x20, 0x7d, 0x2c, 0x0a, 0x5d, 0x3b, 0x0a, 0x0a, 0x2f
  .byte 0x2f, 0x20, 0x2d, 0x2d, 0x2d, 0x2d, 0x2d, 0x2d, 0x2d, 0x2d, 0x2d, 0x2d, 0x2d, 0x2d, 0x2d, 0x2d
  .byte 0x2d, 0x2d, 0x2d, 0x2d, 0x2d, 0x2d, 0x2d, 0x2d, 0x2d, 0x2d, 0x2d, 0x2d, 0x2d, 0x2d, 0x2d, 0x2d
  .byte 0x2d, 0x2d, 0x2d, 0x2d, 0x2d, 0x2d, 0x2d, 0x2d, 0x2d, 0x2d, 0x2d, 0x2d, 0x2d, 0x2d, 0x2d, 0x2d
  .byte 0x2d, 0x2d, 0x2d, 0x2d, 0x2d, 0x2d, 0x2d, 0x2d, 0x2d, 0x2d, 0x2d, 0x2d, 0x2d, 0x2d, 0x2d, 0x2d
  .byte 0x2d, 0x2d, 0x2d, 0x2d, 0x2d, 0x2d, 0x2d, 0x2d, 0x2d, 0x2d, 0x2d, 0x2d, 0x2d, 0x0a, 0x2f, 0x2f
  .byte 0x20, 0x53, 0x75, 0x62, 0x2d, 0x63, 0x6f, 0x6d, 0x70, 0x6f, 0x6e, 0x65, 0x6e, 0x74, 0x73, 0x0a
  .byte 0x2f, 0x2f, 0x20, 0x2d, 0x2d, 0x2d, 0x2d, 0x2d, 0x2d, 0x2d, 0x2d, 0x2d, 0x2d, 0x2d, 0x2d, 0x2d
  .byte 0x2d, 0x2d, 0x2d, 0x2d, 0x2d, 0x2d, 0x2d, 0x2d, 0x2d, 0x2d, 0x2d, 0x2d, 0x2d, 0x2d, 0x2d, 0x2d
  .byte 0x2d, 0x2d, 0x2d, 0x2d, 0x2d, 0x2d, 0x2d, 0x2d, 0x2d, 0x2d, 0x2d, 0x2d, 0x2d, 0x2d, 0x2d, 0x2d
  .byte 0x2d, 0x2d, 0x2d, 0x2d, 0x2d, 0x2d, 0x2d, 0x2d, 0x2d, 0x2d, 0x2d, 0x2d, 0x2d, 0x2d, 0x2d, 0x2d
  .byte 0x2d, 0x2d, 0x2d, 0x2d, 0x2d, 0x2d, 0x2d, 0x2d, 0x2d, 0x2d, 0x2d, 0x2d, 0x2d, 0x2d, 0x0a, 0x0a
  .byte 0x66, 0x75, 0x6e, 0x63, 0x74, 0x69, 0x6f, 0x6e, 0x20, 0x53, 0x6f, 0x63, 0x69, 0x61, 0x6c, 0x49
  .byte 0x63, 0x6f, 0x6e, 0x28, 0x7b, 0x20, 0x6c, 0x69, 0x6e, 0x6b, 0x20, 0x7d, 0x3a, 0x20, 0x7b, 0x20
  .byte 0x6c, 0x69, 0x6e, 0x6b, 0x3a, 0x20, 0x53, 0x6f, 0x63, 0x69, 0x61, 0x6c, 0x4c, 0x69, 0x6e, 0x6b
  .byte 0x20, 0x7d, 0x29, 0x20, 0x7b, 0x0a, 0x20, 0x20, 0x63, 0x6f, 0x6e, 0x73, 0x74, 0x20, 0x75, 0x6e
  .byte 0x69, 0x71, 0x75, 0x65, 0x49, 0x64, 0x20, 0x3d, 0x20, 0x75, 0x73, 0x65, 0x49, 0x64, 0x28, 0x29
  .byte 0x3b, 0x0a, 0x20, 0x20, 0x63, 0x6f, 0x6e, 0x73, 0x74, 0x20, 0x63, 0x6c, 0x69, 0x70, 0x50, 0x61
  .byte 0x74, 0x68, 0x49, 0x64, 0x20, 0x3d, 0x20, 0x6c, 0x69, 0x6e, 0x6b, 0x2e, 0x63, 0x6c, 0x69, 0x70
  .byte 0x49, 0x64, 0x20, 0x3f, 0x20, 0x60, 0x24, 0x7b, 0x6c, 0x69, 0x6e, 0x6b, 0x2e, 0x63, 0x6c, 0x69
  .byte 0x70, 0x49, 0x64, 0x7d, 0x2d, 0x24, 0x7b, 0x75, 0x6e, 0x69, 0x71, 0x75, 0x65, 0x49, 0x64, 0x7d
  .byte 0x60, 0x20, 0x3a, 0x20, 0x75, 0x6e, 0x64, 0x65, 0x66, 0x69, 0x6e, 0x65, 0x64, 0x3b, 0x0a, 0x0a
  .byte 0x20, 0x20, 0x63, 0x6f, 0x6e, 0x73, 0x74, 0x20, 0x73, 0x76, 0x67, 0x43, 0x6f, 0x6e, 0x74, 0x65
  .byte 0x6e, 0x74, 0x20, 0x3d, 0x20, 0x63, 0x6c, 0x69, 0x70, 0x50, 0x61, 0x74, 0x68, 0x49, 0x64, 0x20
  .byte 0x3f, 0x20, 0x28, 0x0a, 0x20, 0x20, 0x20, 0x20, 0x3c, 0x73, 0x76, 0x67, 0x20, 0x63, 0x6c, 0x61
  .byte 0x73, 0x73, 0x4e, 0x61, 0x6d, 0x65, 0x3d, 0x7b, 0x73, 0x74, 0x79, 0x6c, 0x65, 0x73, 0x2e, 0x61
  .byte 0x62, 0x73, 0x6f, 0x6c, 0x75, 0x74, 0x65, 0x53, 0x76, 0x67, 0x7d, 0x20, 0x66, 0x69, 0x6c, 0x6c
  .byte 0x3d, 0x22, 0x6e, 0x6f, 0x6e, 0x65, 0x22, 0x20, 0x76, 0x69, 0x65, 0x77, 0x42, 0x6f, 0x78, 0x3d
  .byte 0x7b, 0x6c, 0x69, 0x6e, 0x6b, 0x2e, 0x76, 0x69, 0x65, 0x77, 0x42, 0x6f, 0x78, 0x7d, 0x3e, 0x0a
  .byte 0x20, 0x20, 0x20, 0x20, 0x20, 0x20, 0x3c, 0x67, 0x20, 0x63, 0x6c, 0x69, 0x70, 0x50, 0x61, 0x74
  .byte 0x68, 0x3d, 0x7b, 0x60, 0x75, 0x72, 0x6c, 0x28, 0x23, 0x24, 0x7b, 0x63, 0x6c, 0x69, 0x70, 0x50
  .byte 0x61, 0x74, 0x68, 0x49, 0x64, 0x7d, 0x29, 0x60, 0x7d, 0x3e, 0x0a, 0x20, 0x20, 0x20, 0x20, 0x20
  .byte 0x20, 0x20, 0x20, 0x3c, 0x70, 0x61, 0x74, 0x68, 0x20, 0x64, 0x3d, 0x7b, 0x6c, 0x69, 0x6e, 0x6b
  .byte 0x2e, 0x70, 0x61, 0x74, 0x68, 0x7d, 0x20, 0x66, 0x69, 0x6c, 0x6c, 0x3d, 0x22, 0x63, 0x75, 0x72
  .byte 0x72, 0x65, 0x6e, 0x74, 0x43, 0x6f, 0x6c, 0x6f, 0x72, 0x22, 0x20, 0x2f, 0x3e, 0x0a, 0x20, 0x20
  .byte 0x20, 0x20, 0x20, 0x20, 0x3c, 0x2f, 0x67, 0x3e, 0x0a, 0x20, 0x20, 0x20, 0x20, 0x20, 0x20, 0x3c
  .byte 0x64, 0x65, 0x66, 0x73, 0x3e, 0x0a, 0x20, 0x20, 0x20, 0x20, 0x20, 0x20, 0x20, 0x20, 0x3c, 0x63
  .byte 0x6c, 0x69, 0x70, 0x50, 0x61, 0x74, 0x68, 0x20, 0x69, 0x64, 0x3d, 0x7b, 0x63, 0x6c, 0x69, 0x70
  .byte 0x50, 0x61, 0x74, 0x68, 0x49, 0x64, 0x7d, 0x3e, 0x0a, 0x20, 0x20, 0x20, 0x20, 0x20, 0x20, 0x20
  .byte 0x20, 0x20, 0x20, 0x3c, 0x72, 0x65, 0x63, 0x74, 0x20, 0x66, 0x69, 0x6c, 0x6c, 0x3d, 0x22, 0x77
  .byte 0x68, 0x69, 0x74, 0x65, 0x22, 0x20, 0x68, 0x65, 0x69, 0x67, 0x68, 0x74, 0x3d, 0x7b, 0x6c, 0x69
  .byte 0x6e, 0x6b, 0x2e, 0x63, 0x6c, 0x69, 0x70, 0x53, 0x69, 0x7a, 0x65, 0x21, 0x2e, 0x68, 0x65, 0x69
  .byte 0x67, 0x68, 0x74, 0x7d, 0x20, 0x77, 0x69, 0x64, 0x74, 0x68, 0x3d, 0x7b, 0x6c, 0x69, 0x6e, 0x6b
  .byte 0x2e, 0x63, 0x6c, 0x69, 0x70, 0x53, 0x69, 0x7a, 0x65, 0x21, 0x2e, 0x77, 0x69, 0x64, 0x74, 0x68
  .byte 0x7d, 0x20, 0x2f, 0x3e, 0x0a, 0x20, 0x20, 0x20, 0x20, 0x20, 0x20, 0x20, 0x20, 0x3c, 0x2f, 0x63
  .byte 0x6c, 0x69, 0x70, 0x50, 0x61, 0x74, 0x68, 0x3e, 0x0a, 0x20, 0x20, 0x20, 0x20, 0x20, 0x20, 0x3c
  .byte 0x2f, 0x64, 0x65, 0x66, 0x73, 0x3e, 0x0a, 0x20, 0x20, 0x20, 0x20, 0x3c, 0x2f, 0x73, 0x76, 0x67
  .byte 0x3e, 0x0a, 0x20, 0x20, 0x29, 0x20, 0x3a, 0x20, 0x28, 0x0a, 0x20, 0x20, 0x20, 0x20, 0x3c, 0x73
  .byte 0x76, 0x67, 0x20, 0x63, 0x6c, 0x61, 0x73, 0x73, 0x4e, 0x61, 0x6d, 0x65, 0x3d, 0x7b, 0x73, 0x74
  .byte 0x79, 0x6c, 0x65, 0x73, 0x2e, 0x61, 0x62, 0x73, 0x6f, 0x6c, 0x75, 0x74, 0x65, 0x53, 0x76, 0x67
  .byte 0x7d, 0x20, 0x66, 0x69, 0x6c, 0x6c, 0x3d, 0x22, 0x6e, 0x6f, 0x6e, 0x65, 0x22, 0x20, 0x76, 0x69
  .byte 0x65, 0x77, 0x42, 0x6f, 0x78, 0x3d, 0x7b, 0x6c, 0x69, 0x6e, 0x6b, 0x2e, 0x76, 0x69, 0x65, 0x77
  .byte 0x42, 0x6f, 0x78, 0x7d, 0x3e, 0x0a, 0x20, 0x20, 0x20, 0x20, 0x20, 0x20, 0x3c, 0x70, 0x61, 0x74
  .byte 0x68, 0x20, 0x64, 0x3d, 0x7b, 0x6c, 0x69, 0x6e, 0x6b, 0x2e, 0x70, 0x61, 0x74, 0x68, 0x7d, 0x20
  .byte 0x66, 0x69, 0x6c, 0x6c, 0x3d, 0x22, 0x63, 0x75, 0x72, 0x72, 0x65, 0x6e, 0x74, 0x43, 0x6f, 0x6c
  .byte 0x6f, 0x72, 0x22, 0x20, 0x2f, 0x3e, 0x0a, 0x20, 0x20, 0x20, 0x20, 0x3c, 0x2f, 0x73, 0x76, 0x67
  .byte 0x3e, 0x0a, 0x20, 0x20, 0x29, 0x3b, 0x0a, 0x0a, 0x20, 0x20, 0x72, 0x65, 0x74, 0x75, 0x72, 0x6e
  .byte 0x20, 0x28, 0x0a, 0x20, 0x20, 0x20, 0x20, 0x3c, 0x61, 0x0a, 0x20, 0x20, 0x20, 0x20, 0x20, 0x20
  .byte 0x68, 0x72, 0x65, 0x66, 0x3d, 0x7b, 0x6c, 0x69, 0x6e, 0x6b, 0x2e, 0x68, 0x72, 0x65, 0x66, 0x7d
  .byte 0x0a, 0x20, 0x20, 0x20, 0x20, 0x20, 0x20, 0x74, 0x61, 0x72, 0x67, 0x65, 0x74, 0x3d, 0x22, 0x5f
  .byte 0x62, 0x6c, 0x61, 0x6e, 0x6b, 0x22, 0x0a, 0x20, 0x20, 0x20, 0x20, 0x20, 0x20, 0x72, 0x65, 0x6c
  .byte 0x3d, 0x22, 0x6e, 0x6f, 0x6f, 0x70, 0x65, 0x6e, 0x65, 0x72, 0x20, 0x6e, 0x6f, 0x72, 0x65, 0x66
  .byte 0x65, 0x72, 0x72, 0x65, 0x72, 0x22, 0x0a, 0x20, 0x20, 0x20, 0x20, 0x20, 0x20, 0x63, 0x6c, 0x61
  .byte 0x73, 0x73, 0x4e, 0x61, 0x6d, 0x65, 0x3d, 0x7b, 0x73, 0x74, 0x79, 0x6c, 0x65, 0x73, 0x2e, 0x73
  .byte 0x6f, 0x63, 0x69, 0x61, 0x6c, 0x4c, 0x69, 0x6e, 0x6b, 0x7d, 0x0a, 0x20, 0x20, 0x20, 0x20, 0x20
  .byte 0x20, 0x61, 0x72, 0x69, 0x61, 0x2d, 0x6c, 0x61, 0x62, 0x65, 0x6c, 0x3d, 0x7b, 0x6c, 0x69, 0x6e
  .byte 0x6b, 0x2e, 0x6c, 0x61, 0x62, 0x65, 0x6c, 0x7d, 0x0a, 0x20, 0x20, 0x20, 0x20, 0x3e, 0x0a, 0x20
  .byte 0x20, 0x20, 0x20, 0x20, 0x20, 0x7b, 0x6c, 0x69, 0x6e, 0x6b, 0x2e, 0x77, 0x72, 0x61, 0x70, 0x70
  .byte 0x65, 0x72, 0x43, 0x6c, 0x61, 0x73, 0x73, 0x4e, 0x61, 0x6d, 0x65, 0x20, 0x3f, 0x20, 0x28, 0x0a
  .byte 0x20, 0x20, 0x20, 0x20, 0x20, 0x20, 0x20, 0x20, 0x3c, 0x64, 0x69, 0x76, 0x20, 0x63, 0x6c, 0x61
  .byte 0x73, 0x73, 0x4e, 0x61, 0x6d, 0x65, 0x3d, 0x7b, 0x60, 0x24, 0x7b, 0x73, 0x74, 0x79, 0x6c, 0x65
  .byte 0x73, 0x2e, 0x73, 0x6f, 0x63, 0x69, 0x61, 0x6c, 0x49, 0x63, 0x6f, 0x6e, 0x57, 0x72, 0x61, 0x70
  .byte 0x7d, 0x20, 0x24, 0x7b, 0x6c, 0x69, 0x6e, 0x6b, 0x2e, 0x77, 0x72, 0x61, 0x70, 0x70, 0x65, 0x72
  .byte 0x43, 0x6c, 0x61, 0x73, 0x73, 0x4e, 0x61, 0x6d, 0x65, 0x7d, 0x60, 0x2e, 0x74, 0x72, 0x69, 0x6d
  .byte 0x28, 0x29, 0x7d, 0x3e, 0x0a, 0x20, 0x20, 0x20, 0x20, 0x20, 0x20, 0x20, 0x20, 0x20, 0x20, 0x7b
  .byte 0x73, 0x76, 0x67, 0x43, 0x6f, 0x6e, 0x74, 0x65, 0x6e, 0x74, 0x7d, 0x0a, 0x20, 0x20, 0x20, 0x20
  .byte 0x20, 0x20, 0x20, 0x20, 0x3c, 0x2f, 0x64, 0x69, 0x76, 0x3e, 0x0a, 0x20, 0x20, 0x20, 0x20, 0x20
  .byte 0x20, 0x29, 0x20, 0x3a, 0x20, 0x28, 0x0a, 0x20, 0x20, 0x20, 0x20, 0x20, 0x20, 0x20, 0x20, 0x73
  .byte 0x76, 0x67, 0x43, 0x6f, 0x6e, 0x74, 0x65, 0x6e, 0x74, 0x0a, 0x20, 0x20, 0x20, 0x20, 0x20, 0x20
  .byte 0x29, 0x7d, 0x0a, 0x20, 0x20, 0x20, 0x20, 0x3c, 0x2f, 0x61, 0x3e, 0x0a, 0x20, 0x20, 0x29, 0x3b
  .byte 0x0a, 0x7d, 0x0a, 0x0a, 0x66, 0x75, 0x6e, 0x63, 0x74, 0x69, 0x6f, 0x6e, 0x20, 0x53, 0x6f, 0x63
  .byte 0x69, 0x61, 0x6c, 0x49, 0x63, 0x6f, 0x6e, 0x73, 0x28, 0x29, 0x20, 0x7b, 0x0a, 0x20, 0x20, 0x72
  .byte 0x65, 0x74, 0x75, 0x72, 0x6e, 0x20, 0x28, 0x0a, 0x20, 0x20, 0x20, 0x20, 0x3c, 0x64, 0x69, 0x76
  .byte 0x20, 0x63, 0x6c, 0x61, 0x73, 0x73, 0x4e, 0x61, 0x6d, 0x65, 0x3d, 0x7b, 0x73, 0x74, 0x79, 0x6c
  .byte 0x65, 0x73, 0x2e, 0x73, 0x6f, 0x63, 0x69, 0x61, 0x6c, 0x49, 0x63, 0x6f, 0x6e, 0x73, 0x7d, 0x3e
  .byte 0x0a, 0x20, 0x20, 0x20, 0x20, 0x20, 0x20, 0x7b, 0x53, 0x4f, 0x43, 0x49, 0x41, 0x4c, 0x5f, 0x4c
  .byte 0x49, 0x4e, 0x4b, 0x53, 0x2e, 0x6d, 0x61, 0x70, 0x28, 0x28, 0x6c, 0x69, 0x6e, 0x6b, 0x29, 0x20
  .byte 0x3d, 0x3e, 0x20, 0x28, 0x0a, 0x20, 0x20, 0x20, 0x20, 0x20, 0x20, 0x20, 0x20, 0x3c, 0x53, 0x6f
  .byte 0x63, 0x69, 0x61, 0x6c, 0x49, 0x63, 0x6f, 0x6e, 0x20, 0x6b, 0x65, 0x79, 0x3d, 0x7b, 0x6c, 0x69
  .byte 0x6e, 0x6b, 0x2e, 0x6c, 0x61, 0x62, 0x65, 0x6c, 0x7d, 0x20, 0x6c, 0x69, 0x6e, 0x6b, 0x3d, 0x7b
  .byte 0x6c, 0x69, 0x6e, 0x6b, 0x7d, 0x20, 0x2f, 0x3e, 0x0a, 0x20, 0x20, 0x20, 0x20, 0x20, 0x20, 0x29
  .byte 0x29, 0x7d, 0x0a, 0x20, 0x20, 0x20, 0x20, 0x3c, 0x2f, 0x64, 0x69, 0x76, 0x3e, 0x0a, 0x20, 0x20
  .byte 0x29, 0x3b, 0x0a, 0x7d, 0x0a, 0x0a, 0x66, 0x75, 0x6e, 0x63, 0x74, 0x69, 0x6f, 0x6e, 0x20, 0x54
  .byte 0x68, 0x65, 0x73, 0x79, 0x73, 0x4c, 0x6f, 0x67, 0x6f, 0x28, 0x29, 0x20, 0x7b, 0x0a, 0x20, 0x20
  .byte 0x72, 0x65, 0x74, 0x75, 0x72, 0x6e, 0x20, 0x28, 0x0a, 0x20, 0x20, 0x20, 0x20, 0x3c, 0x64, 0x69
  .byte 0x76, 0x20, 0x63, 0x6c, 0x61, 0x73, 0x73, 0x4e, 0x61, 0x6d, 0x65, 0x3d, 0x7b, 0x73, 0x74, 0x79
  .byte 0x6c, 0x65, 0x73, 0x2e, 0x6c, 0x6f, 0x67, 0x6f, 0x57, 0x72, 0x61, 0x70, 0x7d, 0x3e, 0x0a, 0x20
  .byte 0x20, 0x20, 0x20, 0x20, 0x20, 0x3c, 0x73, 0x76, 0x67, 0x20, 0x63, 0x6c, 0x61, 0x73, 0x73, 0x4e
  .byte 0x61, 0x6d, 0x65, 0x3d, 0x7b, 0x73, 0x74, 0x79, 0x6c, 0x65, 0x73, 0x2e, 0x61, 0x62, 0x73, 0x6f
  .byte 0x6c, 0x75, 0x74, 0x65, 0x53, 0x76, 0x67, 0x7d, 0x20, 0x66, 0x69, 0x6c, 0x6c, 0x3d, 0x22, 0x6e
  .byte 0x6f, 0x6e, 0x65, 0x22, 0x20, 0x76, 0x69, 0x65, 0x77, 0x42, 0x6f, 0x78, 0x3d, 0x22, 0x30, 0x20
  .byte 0x30, 0x20, 0x31, 0x32, 0x33, 0x2e, 0x38, 0x37, 0x31, 0x20, 0x34, 0x39, 0x2e, 0x35, 0x34, 0x38
  .byte 0x34, 0x22, 0x3e, 0x0a, 0x20, 0x20, 0x20, 0x20, 0x20, 0x20, 0x20, 0x20, 0x3c, 0x70, 0x61, 0x74
  .byte 0x68, 0x20, 0x64, 0x3d, 0x7b, 0x73, 0x76, 0x67, 0x50, 0x61, 0x74, 0x68, 0x73, 0x2e, 0x70, 0x31
  .byte 0x36, 0x37, 0x37, 0x35, 0x32, 0x30, 0x30, 0x7d, 0x20, 0x66, 0x69, 0x6c, 0x6c, 0x3d, 0x22, 0x63
  .byte 0x75, 0x72, 0x72, 0x65, 0x6e, 0x74, 0x43, 0x6f, 0x6c, 0x6f, 0x72, 0x22, 0x20, 0x2f, 0x3e, 0x0a
  .byte 0x20, 0x20, 0x20, 0x20, 0x20, 0x20, 0x20, 0x20, 0x3c, 0x70, 0x61, 0x74, 0x68, 0x20, 0x63, 0x6c
  .byte 0x69, 0x70, 0x52, 0x75, 0x6c, 0x65, 0x3d, 0x22, 0x65, 0x76, 0x65, 0x6e, 0x6f, 0x64, 0x64, 0x22
  .byte 0x20, 0x64, 0x3d, 0x7b, 0x73, 0x76, 0x67, 0x50, 0x61, 0x74, 0x68, 0x73, 0x2e, 0x70, 0x32, 0x39
  .byte 0x61, 0x62, 0x61, 0x65, 0x33, 0x30, 0x7d, 0x20, 0x66, 0x69, 0x6c, 0x6c, 0x3d, 0x22, 0x63, 0x75
  .byte 0x72, 0x72, 0x65, 0x6e, 0x74, 0x43, 0x6f, 0x6c, 0x6f, 0x72, 0x22, 0x20, 0x66, 0x69, 0x6c, 0x6c
  .byte 0x52, 0x75, 0x6c, 0x65, 0x3d, 0x22, 0x65, 0x76, 0x65, 0x6e, 0x6f, 0x64, 0x64, 0x22, 0x20, 0x2f
  .byte 0x3e, 0x0a, 0x20, 0x20, 0x20, 0x20, 0x20, 0x20, 0x20, 0x20, 0x3c, 0x70, 0x61, 0x74, 0x68, 0x20
  .byte 0x64, 0x3d, 0x7b, 0x73, 0x76, 0x67, 0x50, 0x61, 0x74, 0x68, 0x73, 0x2e, 0x70, 0x33, 0x31, 0x38
  .byte 0x61, 0x61, 0x66, 0x38, 0x30, 0x7d, 0x20, 0x66, 0x69, 0x6c, 0x6c, 0x3d, 0x22, 0x63, 0x75, 0x72
  .byte 0x72, 0x65, 0x6e, 0x74, 0x43, 0x6f, 0x6c, 0x6f, 0x72, 0x22, 0x20, 0x2f, 0x3e, 0x0a, 0x20, 0x20
  .byte 0x20, 0x20, 0x20, 0x20, 0x20, 0x20, 0x3c, 0x70, 0x61, 0x74, 0x68, 0x20, 0x64, 0x3d, 0x7b, 0x73
  .byte 0x76, 0x67, 0x50, 0x61, 0x74, 0x68, 0x73, 0x2e, 0x70, 0x33, 0x66, 0x32, 0x32, 0x63, 0x66, 0x30
  .byte 0x30, 0x7d, 0x20, 0x66, 0x69, 0x6c, 0x6c, 0x3d, 0x22, 0x63, 0x75, 0x72, 0x72, 0x65, 0x6e, 0x74
  .byte 0x43, 0x6f, 0x6c, 0x6f, 0x72, 0x22, 0x20, 0x2f, 0x3e, 0x0a, 0x20, 0x20, 0x20, 0x20, 0x20, 0x20
  .byte 0x20, 0x20, 0x3c, 0x70, 0x61, 0x74, 0x68, 0x20, 0x64, 0x3d, 0x7b, 0x73, 0x76, 0x67, 0x50, 0x61
  .byte 0x74, 0x68, 0x73, 0x2e, 0x70, 0x32, 0x37, 0x30, 0x31, 0x33, 0x39, 0x38, 0x30, 0x7d, 0x20, 0x66
  .byte 0x69, 0x6c, 0x6c, 0x3d, 0x22, 0x63, 0x75, 0x72, 0x72, 0x65, 0x6e, 0x74, 0x43, 0x6f, 0x6c, 0x6f
  .byte 0x72, 0x22, 0x20, 0x2f, 0x3e, 0x0a, 0x20, 0x20, 0x20, 0x20, 0x20, 0x20, 0x20, 0x20, 0x3c, 0x70
  .byte 0x61, 0x74, 0x68, 0x20, 0x64, 0x3d, 0x7b, 0x73, 0x76, 0x67, 0x50, 0x61, 0x74, 0x68, 0x73, 0x2e
  .byte 0x70, 0x32, 0x31, 0x62, 0x37, 0x66, 0x33, 0x30, 0x30, 0x7d, 0x20, 0x66, 0x69, 0x6c, 0x6c, 0x3d
  .byte 0x22, 0x63, 0x75, 0x72, 0x72, 0x65, 0x6e, 0x74, 0x43, 0x6f, 0x6c, 0x6f, 0x72, 0x22, 0x20, 0x2f
  .byte 0x3e, 0x0a, 0x20, 0x20, 0x20, 0x20, 0x20, 0x20, 0x3c, 0x2f, 0x73, 0x76, 0x67, 0x3e, 0x0a, 0x20
  .byte 0x20, 0x20, 0x20, 0x3c, 0x2f, 0x64, 0x69, 0x76, 0x3e, 0x0a, 0x20, 0x20, 0x29, 0x3b, 0x0a, 0x7d
  .byte 0x0a, 0x0a, 0x66, 0x75, 0x6e, 0x63, 0x74, 0x69, 0x6f, 0x6e, 0x20, 0x48, 0x61, 0x6e, 0x64, 0x63
  .byte 0x72, 0x61, 0x66, 0x74, 0x65, 0x64, 0x4d, 0x61, 0x73, 0x63, 0x6f, 0x74, 0x28, 0x7b, 0x20, 0x69
  .byte 0x73, 0x44, 0x61, 0x72, 0x6b, 0x20, 0x7d, 0x3a, 0x20, 0x7b, 0x20, 0x69, 0x73, 0x44, 0x61, 0x72
  .byte 0x6b, 0x3a, 0x20, 0x62, 0x6f, 0x6f, 0x6c, 0x65, 0x61, 0x6e, 0x20, 0x7d, 0x29, 0x20, 0x7b, 0x0a
  .byte 0x20, 0x20, 0x69, 0x66, 0x20, 0x28, 0x69, 0x73, 0x44, 0x61, 0x72, 0x6b, 0x29, 0x20, 0x7b, 0x0a
  .byte 0x20, 0x20, 0x20, 0x20, 0x72, 0x65, 0x74, 0x75, 0x72, 0x6e, 0x20, 0x28, 0x0a, 0x20, 0x20, 0x20
  .byte 0x20, 0x20, 0x20, 0x3c, 0x73, 0x76, 0x67, 0x0a, 0x20, 0x20, 0x20, 0x20, 0x20, 0x20, 0x20, 0x20
  .byte 0x63, 0x6c, 0x61, 0x73, 0x73, 0x4e, 0x61, 0x6d, 0x65, 0x3d, 0x7b, 0x60, 0x24, 0x7b, 0x73, 0x74
  .byte 0x79, 0x6c, 0x65, 0x73, 0x2e, 0x68, 0x61, 0x6e, 0x64, 0x63, 0x72, 0x61, 0x66, 0x74, 0x65, 0x64
  .byte 0x4d, 0x61, 0x73, 0x63, 0x6f, 0x74, 0x7d, 0x20, 0x24, 0x7b, 0x73, 0x74, 0x79, 0x6c, 0x65, 0x73
  .byte 0x2e, 0x68, 0x61, 0x6e, 0x64, 0x63, 0x72, 0x61, 0x66, 0x74, 0x65, 0x64, 0x4d, 0x61, 0x73, 0x63
  .byte 0x6f, 0x74, 0x44, 0x61, 0x72, 0x6b, 0x7d, 0x60, 0x2e, 0x74, 0x72, 0x69, 0x6d, 0x28, 0x29, 0x7d
  .byte 0x0a, 0x20, 0x20, 0x20, 0x20, 0x20, 0x20, 0x20, 0x20, 0x66, 0x69, 0x6c, 0x6c, 0x3d, 0x22, 0x6e
  .byte 0x6f, 0x6e, 0x65, 0x22, 0x0a, 0x20, 0x20, 0x20, 0x20, 0x20, 0x20, 0x20, 0x20, 0x70, 0x72, 0x65
  .byte 0x73, 0x65, 0x72, 0x76, 0x65, 0x41, 0x73, 0x70, 0x65, 0x63, 0x74, 0x52, 0x61, 0x74, 0x69, 0x6f
  .byte 0x3d, 0x22, 0x78, 0x4d, 0x69, 0x64, 0x59, 0x4d, 0x69, 0x64, 0x20, 0x6d, 0x65, 0x65, 0x74, 0x22
  .byte 0x0a, 0x20, 0x20, 0x20, 0x20, 0x20, 0x20, 0x20, 0x20, 0x76, 0x69, 0x65, 0x77, 0x42, 0x6f, 0x78
  .byte 0x3d, 0x22, 0x30, 0x20, 0x30, 0x20, 0x33, 0x33, 0x20, 0x33, 0x32, 0x22, 0x0a, 0x20, 0x20, 0x20
  .byte 0x20, 0x20, 0x20, 0x3e, 0x0a, 0x20, 0x20, 0x20, 0x20, 0x20, 0x20, 0x20, 0x20, 0x3c, 0x70, 0x61
  .byte 0x74, 0x68, 0x20, 0x64, 0x3d, 0x7b, 0x6d, 0x61, 0x73, 0x63, 0x6f, 0x74, 0x44, 0x61, 0x72, 0x6b
  .byte 0x53, 0x76, 0x67, 0x50, 0x61, 0x74, 0x68, 0x73, 0x2e, 0x70, 0x42, 0x6f, 0x64, 0x79, 0x7d, 0x20
  .byte 0x66, 0x69, 0x6c, 0x6c, 0x3d, 0x22, 0x77, 0x68, 0x69, 0x74, 0x65, 0x22, 0x20, 0x2f, 0x3e, 0x0a
  .byte 0x20, 0x20, 0x20, 0x20, 0x20, 0x20, 0x20, 0x20, 0x3c, 0x70, 0x61, 0x74, 0x68, 0x20, 0x64, 0x3d
  .byte 0x7b, 0x6d, 0x61, 0x73, 0x63, 0x6f, 0x74, 0x44, 0x61, 0x72, 0x6b, 0x53, 0x76, 0x67, 0x50, 0x61
  .byte 0x74, 0x68, 0x73, 0x2e, 0x70, 0x4f, 0x75, 0x74, 0x6c, 0x69, 0x6e, 0x65, 0x7d, 0x20, 0x66, 0x69
  .byte 0x6c, 0x6c, 0x3d, 0x22, 0x23, 0x34, 0x36, 0x34, 0x36, 0x34, 0x36, 0x22, 0x20, 0x73, 0x74, 0x72
  .byte 0x6f, 0x6b, 0x65, 0x3d, 0x22, 0x23, 0x34, 0x36, 0x34, 0x36, 0x34, 0x36, 0x22, 0x20, 0x73, 0x74
  .byte 0x72, 0x6f, 0x6b, 0x65, 0x57, 0x69, 0x64, 0x74, 0x68, 0x3d, 0x22, 0x30, 0x2e, 0x33, 0x22, 0x20
  .byte 0x2f, 0x3e, 0x0a, 0x20, 0x20, 0x20, 0x20, 0x20, 0x20, 0x20, 0x20, 0x3c, 0x70, 0x61, 0x74, 0x68
  .byte 0x20, 0x64, 0x3d, 0x7b, 0x6d, 0x61, 0x73, 0x63, 0x6f, 0x74, 0x44, 0x61, 0x72, 0x6b, 0x53, 0x76
  .byte 0x67, 0x50, 0x61, 0x74, 0x68, 0x73, 0x2e, 0x70, 0x4d, 0x6f, 0x75, 0x74, 0x68, 0x7d, 0x20, 0x66
  .byte 0x69, 0x6c, 0x6c, 0x3d, 0x22, 0x23, 0x34, 0x36, 0x34, 0x36, 0x34, 0x36, 0x22, 0x20, 0x2f, 0x3e
  .byte 0x0a, 0x20, 0x20, 0x20, 0x20, 0x20, 0x20, 0x20, 0x20, 0x3c, 0x70, 0x61, 0x74, 0x68, 0x20, 0x64
  .byte 0x3d, 0x7b, 0x6d, 0x61, 0x73, 0x63, 0x6f, 0x74, 0x44, 0x61, 0x72, 0x6b, 0x53, 0x76, 0x67, 0x50
  .byte 0x61, 0x74, 0x68, 0x73, 0x2e, 0x70, 0x45, 0x61, 0x72, 0x4c, 0x65, 0x66, 0x74, 0x7d, 0x20, 0x66
  .byte 0x69, 0x6c, 0x6c, 0x3d, 0x22, 0x23, 0x34, 0x36, 0x34, 0x36, 0x34, 0x36, 0x22, 0x20, 0x73, 0x74
  .byte 0x72, 0x6f, 0x6b, 0x65, 0x3d, 0x22, 0x23, 0x34, 0x36, 0x34, 0x36, 0x34, 0x36, 0x22, 0x20, 0x73
  .byte 0x74, 0x72, 0x6f, 0x6b, 0x65, 0x57, 0x69, 0x64, 0x74, 0x68, 0x3d, 0x22, 0x30, 0x2e, 0x33, 0x22
  .byte 0x20, 0x2f, 0x3e, 0x0a, 0x20, 0x20, 0x20, 0x20, 0x20, 0x20, 0x20, 0x20, 0x3c, 0x70, 0x61, 0x74
  .byte 0x68, 0x20, 0x64, 0x3d, 0x7b, 0x6d, 0x61, 0x73, 0x63, 0x6f, 0x74, 0x44, 0x61, 0x72, 0x6b, 0x53
  .byte 0x76, 0x67, 0x50, 0x61, 0x74, 0x68, 0x73, 0x2e, 0x70, 0x45, 0x61, 0x72, 0x52, 0x69, 0x67, 0x68
  .byte 0x74, 0x7d, 0x20, 0x66, 0x69, 0x6c, 0x6c, 0x3d, 0x22, 0x23, 0x34, 0x36, 0x34, 0x36, 0x34, 0x36
  .byte 0x22, 0x20, 0x73, 0x74, 0x72, 0x6f, 0x6b, 0x65, 0x3d, 0x22, 0x23, 0x34, 0x36, 0x34, 0x36, 0x34
  .byte 0x36, 0x22, 0x20, 0x73, 0x74, 0x72, 0x6f, 0x6b, 0x65, 0x57, 0x69, 0x64, 0x74, 0x68, 0x3d, 0x22
  .byte 0x30, 0x2e, 0x33, 0x22, 0x20, 0x2f, 0x3e, 0x0a, 0x20, 0x20, 0x20, 0x20, 0x20, 0x20, 0x20, 0x20
  .byte 0x3c, 0x70, 0x61, 0x74, 0x68, 0x20, 0x64, 0x3d, 0x7b, 0x6d, 0x61, 0x73, 0x63, 0x6f, 0x74, 0x44
  .byte 0x61, 0x72, 0x6b, 0x53, 0x76, 0x67, 0x50, 0x61, 0x74, 0x68, 0x73, 0x2e, 0x70, 0x45, 0x79, 0x65
  .byte 0x4c, 0x65, 0x66, 0x74, 0x7d, 0x20, 0x66, 0x69, 0x6c, 0x6c, 0x3d, 0x22, 0x23, 0x34, 0x36, 0x34
  .byte 0x36, 0x34, 0x36, 0x22, 0x20, 0x2f, 0x3e, 0x0a, 0x20, 0x20, 0x20, 0x20, 0x20, 0x20, 0x20, 0x20
  .byte 0x3c, 0x70, 0x61, 0x74, 0x68, 0x20, 0x64, 0x3d, 0x7b, 0x6d, 0x61, 0x73, 0x63, 0x6f, 0x74, 0x44
  .byte 0x61, 0x72, 0x6b, 0x53, 0x76, 0x67, 0x50, 0x61, 0x74, 0x68, 0x73, 0x2e, 0x70, 0x45, 0x79, 0x65
  .byte 0x52, 0x69, 0x67, 0x68, 0x74, 0x7d, 0x20, 0x66, 0x69, 0x6c, 0x6c, 0x3d, 0x22, 0x23, 0x34, 0x36
  .byte 0x34, 0x36, 0x34, 0x36, 0x22, 0x20, 0x2f, 0x3e, 0x0a, 0x20, 0x20, 0x20, 0x20, 0x20, 0x20, 0x20
  .byte 0x20, 0x3c, 0x70, 0x61, 0x74, 0x68, 0x20, 0x64, 0x3d, 0x7b, 0x6d, 0x61, 0x73, 0x63, 0x6f, 0x74
  .byte 0x44, 0x61, 0x72, 0x6b, 0x53, 0x76, 0x67, 0x50, 0x61, 0x74, 0x68, 0x73, 0x2e, 0x70, 0x48, 0x6f
  .byte 0x72, 0x6e, 0x4c, 0x65, 0x66, 0x74, 0x7d, 0x20, 0x66, 0x69, 0x6c, 0x6c, 0x3d, 0x22, 0x23, 0x34
  .byte 0x36, 0x34, 0x36, 0x34, 0x36, 0x22, 0x20, 0x73, 0x74, 0x72, 0x6f, 0x6b, 0x65, 0x3d, 0x22, 0x23
  .byte 0x34, 0x36, 0x34, 0x36, 0x34, 0x36, 0x22, 0x20, 0x73, 0x74, 0x72, 0x6f, 0x6b, 0x65, 0x57, 0x69
  .byte 0x64, 0x74, 0x68, 0x3d, 0x22, 0x30, 0x2e, 0x33, 0x22, 0x20, 0x2f, 0x3e, 0x0a, 0x20, 0x20, 0x20
  .byte 0x20, 0x20, 0x20, 0x20, 0x20, 0x3c, 0x70, 0x61, 0x74, 0x68, 0x20, 0x64, 0x3d, 0x7b, 0x6d, 0x61
  .byte 0x73, 0x63, 0x6f, 0x74, 0x44, 0x61, 0x72, 0x6b, 0x53, 0x76, 0x67, 0x50, 0x61, 0x74, 0x68, 0x73
  .byte 0x2e, 0x70, 0x48, 0x6f, 0x72, 0x6e, 0x52, 0x69, 0x67, 0x68, 0x74, 0x7d, 0x20, 0x66, 0x69, 0x6c
  .byte 0x6c, 0x3d, 0x22, 0x23, 0x34, 0x36, 0x34, 0x36, 0x34, 0x36, 0x22, 0x20, 0x73, 0x74, 0x72, 0x6f
  .byte 0x6b, 0x65, 0x3d, 0x22, 0x23, 0x34, 0x36, 0x34, 0x36, 0x34, 0x36, 0x22, 0x20, 0x73, 0x74, 0x72
  .byte 0x6f, 0x6b, 0x65, 0x57, 0x69, 0x64, 0x74, 0x68, 0x3d, 0x22, 0x30, 0x2e, 0x33, 0x22, 0x20, 0x2f
  .byte 0x3e, 0x0a, 0x20, 0x20, 0x20, 0x20, 0x20, 0x20, 0x3c, 0x2f, 0x73, 0x76, 0x67, 0x3e, 0x0a, 0x20
  .byte 0x20, 0x20, 0x20, 0x29, 0x3b, 0x0a, 0x20, 0x20, 0x7d, 0x0a, 0x0a, 0x20, 0x20, 0x72, 0x65, 0x74
  .byte 0x75, 0x72, 0x6e, 0x20, 0x28, 0x0a, 0x20, 0x20, 0x20, 0x20, 0x3c, 0x73, 0x76, 0x67, 0x0a, 0x20
  .byte 0x20, 0x20, 0x20, 0x20, 0x20, 0x63, 0x6c, 0x61, 0x73, 0x73, 0x4e, 0x61, 0x6d, 0x65, 0x3d, 0x7b
  .byte 0x73, 0x74, 0x79, 0x6c, 0x65, 0x73, 0x2e, 0x68, 0x61, 0x6e, 0x64, 0x63, 0x72, 0x61, 0x66, 0x74
  .byte 0x65, 0x64, 0x4d, 0x61, 0x73, 0x63, 0x6f, 0x74, 0x7d, 0x0a, 0x20, 0x20, 0x20, 0x20, 0x20, 0x20
  .byte 0x66, 0x69, 0x6c, 0x6c, 0x3d, 0x22, 0x6e, 0x6f, 0x6e, 0x65, 0x22, 0x0a, 0x20, 0x20, 0x20, 0x20
  .byte 0x20, 0x20, 0x70, 0x72, 0x65, 0x73, 0x65, 0x72, 0x76, 0x65, 0x41, 0x73, 0x70, 0x65, 0x63, 0x74
  .byte 0x52, 0x61, 0x74, 0x69, 0x6f, 0x3d, 0x22, 0x78, 0x4d, 0x69, 0x64, 0x59, 0x4d, 0x69, 0x64, 0x20
  .byte 0x6d, 0x65, 0x65, 0x74, 0x22, 0x0a, 0x20, 0x20, 0x20, 0x20, 0x20, 0x20, 0x76, 0x69, 0x65, 0x77
  .byte 0x42, 0x6f, 0x78, 0x3d, 0x22, 0x30, 0x20, 0x30, 0x20, 0x31, 0x34, 0x31, 0x2e, 0x32, 0x20, 0x31
  .byte 0x31, 0x34, 0x2e, 0x32, 0x22, 0x0a, 0x20, 0x20, 0x20, 0x20, 0x3e, 0x0a, 0x20, 0x20, 0x20, 0x20
  .byte 0x20, 0x20, 0x3c, 0x70, 0x61, 0x74, 0x68, 0x0a, 0x20, 0x20, 0x20, 0x20, 0x20, 0x20, 0x20, 0x20
  .byte 0x64, 0x3d, 0x7b, 0x6d, 0x61, 0x73, 0x63, 0x6f, 0x74, 0x53, 0x76, 0x67, 0x50, 0x61, 0x74, 0x68
  .byte 0x73, 0x2e, 0x70, 0x33, 0x39, 0x35, 0x62, 0x33, 0x63, 0x30, 0x30, 0x7d, 0x0a, 0x20, 0x20, 0x20
  .byte 0x20, 0x20, 0x20, 0x20, 0x20, 0x66, 0x69, 0x6c, 0x6c, 0x3d, 0x22, 0x63, 0x75, 0x72, 0x72, 0x65
  .byte 0x6e, 0x74, 0x43, 0x6f, 0x6c, 0x6f, 0x72, 0x22, 0x0a, 0x20, 0x20, 0x20, 0x20, 0x20, 0x20, 0x20
  .byte 0x20, 0x73, 0x74, 0x72, 0x6f, 0x6b, 0x65, 0x3d, 0x22, 0x63, 0x75, 0x72, 0x72, 0x65, 0x6e, 0x74
  .byte 0x43, 0x6f, 0x6c, 0x6f, 0x72, 0x22, 0x0a, 0x20, 0x20, 0x20, 0x20, 0x20, 0x20, 0x20, 0x20, 0x73
  .byte 0x74, 0x72, 0x6f, 0x6b, 0x65, 0x57, 0x69, 0x64, 0x74, 0x68, 0x3d, 0x22, 0x30, 0x2e, 0x36, 0x22
  .byte 0x0a, 0x20, 0x20, 0x20, 0x20, 0x20, 0x20, 0x2f, 0x3e, 0x0a, 0x20, 0x20, 0x20, 0x20, 0x20, 0x20
  .byte 0x3c, 0x70, 0x61, 0x74, 0x68, 0x20, 0x64, 0x3d, 0x7b, 0x6d, 0x61, 0x73, 0x63, 0x6f, 0x74, 0x53
  .byte 0x76, 0x67, 0x50, 0x61, 0x74, 0x68, 0x73, 0x2e, 0x70, 0x33, 0x62, 0x32, 0x35, 0x31, 0x65, 0x38
  .byte 0x30, 0x7d, 0x20, 0x66, 0x69, 0x6c, 0x6c, 0x3d, 0x22, 0x63, 0x75, 0x72, 0x72, 0x65, 0x6e, 0x74
  .byte 0x43, 0x6f, 0x6c, 0x6f, 0x72, 0x22, 0x20, 0x2f, 0x3e, 0x0a, 0x20, 0x20, 0x20, 0x20, 0x20, 0x20
  .byte 0x3c, 0x70, 0x61, 0x74, 0x68, 0x0a, 0x20, 0x20, 0x20, 0x20, 0x20, 0x20, 0x20, 0x20, 0x64, 0x3d
  .byte 0x7b, 0x6d, 0x61, 0x73, 0x63, 0x6f, 0x74, 0x53, 0x76, 0x67, 0x50, 0x61, 0x74, 0x68, 0x73, 0x2e
  .byte 0x70, 0x32, 0x37, 0x31, 0x38, 0x62, 0x63, 0x38, 0x30, 0x7d, 0x0a, 0x20, 0x20, 0x20, 0x20, 0x20
  .byte 0x20, 0x20, 0x20, 0x66, 0x69, 0x6c, 0x6c, 0x3d, 0x22, 0x63, 0x75, 0x72, 0x72, 0x65, 0x6e, 0x74
  .byte 0x43, 0x6f, 0x6c, 0x6f, 0x72, 0x22, 0x0a, 0x20, 0x20, 0x20, 0x20, 0x20, 0x20, 0x20, 0x20, 0x73
  .byte 0x74, 0x72, 0x6f, 0x6b, 0x65, 0x3d, 0x22, 0x63, 0x75, 0x72, 0x72, 0x65, 0x6e, 0x74, 0x43, 0x6f
  .byte 0x6c, 0x6f, 0x72, 0x22, 0x0a, 0x20, 0x20, 0x20, 0x20, 0x20, 0x20, 0x20, 0x20, 0x73, 0x74, 0x72
  .byte 0x6f, 0x6b, 0x65, 0x57, 0x69, 0x64, 0x74, 0x68, 0x3d, 0x22, 0x30, 0x2e, 0x36, 0x22, 0x0a, 0x20
  .byte 0x20, 0x20, 0x20, 0x20, 0x20, 0x2f, 0x3e, 0x0a, 0x20, 0x20, 0x20, 0x20, 0x20, 0x20, 0x3c, 0x70
  .byte 0x61, 0x74, 0x68, 0x0a, 0x20, 0x20, 0x20, 0x20, 0x20, 0x20, 0x20, 0x20, 0x64, 0x3d, 0x7b, 0x6d
  .byte 0x61, 0x73, 0x63, 0x6f, 0x74, 0x53, 0x76, 0x67, 0x50, 0x61, 0x74, 0x68, 0x73, 0x2e, 0x70, 0x33
  .byte 0x37, 0x61, 0x62, 0x35, 0x62, 0x30, 0x7d, 0x0a, 0x20, 0x20, 0x20, 0x20, 0x20, 0x20, 0x20, 0x20
  .byte 0x66, 0x69, 0x6c, 0x6c, 0x3d, 0x22, 0x63, 0x75, 0x72, 0x72, 0x65, 0x6e, 0x74, 0x43, 0x6f, 0x6c
  .byte 0x6f, 0x72, 0x22, 0x0a, 0x20, 0x20, 0x20, 0x20, 0x20, 0x20, 0x20, 0x20, 0x73, 0x74, 0x72, 0x6f
  .byte 0x6b, 0x65, 0x3d, 0x22, 0x63, 0x75, 0x72, 0x72, 0x65, 0x6e, 0x74, 0x43, 0x6f, 0x6c, 0x6f, 0x72
  .byte 0x22, 0x0a, 0x20, 0x20, 0x20, 0x20, 0x20, 0x20, 0x20, 0x20, 0x73, 0x74, 0x72, 0x6f, 0x6b, 0x65
  .byte 0x57, 0x69, 0x64, 0x74, 0x68, 0x3d, 0x22, 0x30, 0x2e, 0x36, 0x22, 0x0a, 0x20, 0x20, 0x20, 0x20
  .byte 0x20, 0x20, 0x2f, 0x3e, 0x0a, 0x20, 0x20, 0x20, 0x20, 0x20, 0x20, 0x3c, 0x70, 0x61, 0x74, 0x68
  .byte 0x20, 0x64, 0x3d, 0x7b, 0x6d, 0x61, 0x73, 0x63, 0x6f, 0x74, 0x53, 0x76, 0x67, 0x50, 0x61, 0x74
  .byte 0x68, 0x73, 0x2e, 0x70, 0x32, 0x61, 0x63, 0x38, 0x39, 0x33, 0x30, 0x30, 0x7d, 0x20, 0x66, 0x69
  .byte 0x6c, 0x6c, 0x3d, 0x22, 0x63, 0x75, 0x72, 0x72, 0x65, 0x6e, 0x74, 0x43, 0x6f, 0x6c, 0x6f, 0x72
  .byte 0x22, 0x20, 0x2f, 0x3e, 0x0a, 0x20, 0x20, 0x20, 0x20, 0x20, 0x20, 0x3c, 0x70, 0x61, 0x74, 0x68
  .byte 0x20, 0x64, 0x3d, 0x7b, 0x6d, 0x61, 0x73, 0x63, 0x6f, 0x74, 0x53, 0x76, 0x67, 0x50, 0x61, 0x74
  .byte 0x68, 0x73, 0x2e, 0x70, 0x32, 0x62, 0x38, 0x62, 0x34, 0x33, 0x38, 0x30, 0x7d, 0x20, 0x66, 0x69
  .byte 0x6c, 0x6c, 0x3d, 0x22, 0x63, 0x75, 0x72, 0x72, 0x65, 0x6e, 0x74, 0x43, 0x6f, 0x6c, 0x6f, 0x72
  .byte 0x22, 0x20, 0x2f, 0x3e, 0x0a, 0x20, 0x20, 0x20, 0x20, 0x20, 0x20, 0x3c, 0x70, 0x61, 0x74, 0x68
  .byte 0x0a, 0x20, 0x20, 0x20, 0x20, 0x20, 0x20, 0x20, 0x20, 0x64, 0x3d, 0x7b, 0x6d, 0x61, 0x73, 0x63
  .byte 0x6f, 0x74, 0x53, 0x76, 0x67, 0x50, 0x61, 0x74, 0x68, 0x73, 0x2e, 0x70, 0x31, 0x35, 0x63, 0x31
  .byte 0x34, 0x65, 0x30, 0x30, 0x7d, 0x0a, 0x20, 0x20, 0x20, 0x20, 0x20, 0x20, 0x20, 0x20, 0x66, 0x69
  .byte 0x6c, 0x6c, 0x3d, 0x22, 0x63, 0x75, 0x72, 0x72, 0x65, 0x6e, 0x74, 0x43, 0x6f, 0x6c, 0x6f, 0x72
  .byte 0x22, 0x0a, 0x20, 0x20, 0x20, 0x20, 0x20, 0x20, 0x20, 0x20, 0x73, 0x74, 0x72, 0x6f, 0x6b, 0x65
  .byte 0x3d, 0x22, 0x63, 0x75, 0x72, 0x72, 0x65, 0x6e, 0x74, 0x43, 0x6f, 0x6c, 0x6f, 0x72, 0x22, 0x0a
  .byte 0x20, 0x20, 0x20, 0x20, 0x20, 0x20, 0x20, 0x20, 0x73, 0x74, 0x72, 0x6f, 0x6b, 0x65, 0x57, 0x69
  .byte 0x64, 0x74, 0x68, 0x3d, 0x22, 0x30, 0x2e, 0x36, 0x22, 0x0a, 0x20, 0x20, 0x20, 0x20, 0x20, 0x20
  .byte 0x2f, 0x3e, 0x0a, 0x20, 0x20, 0x20, 0x20, 0x20, 0x20, 0x3c, 0x70, 0x61, 0x74, 0x68, 0x0a, 0x20
  .byte 0x20, 0x20, 0x20, 0x20, 0x20, 0x20, 0x20, 0x64, 0x3d, 0x7b, 0x6d, 0x61, 0x73, 0x63, 0x6f, 0x74
  .byte 0x53, 0x76, 0x67, 0x50, 0x61, 0x74, 0x68, 0x73, 0x2e, 0x70, 0x34, 0x30, 0x37, 0x36, 0x32, 0x30
  .byte 0x30, 0x7d, 0x0a, 0x20, 0x20, 0x20, 0x20, 0x20, 0x20, 0x20, 0x20, 0x66, 0x69, 0x6c, 0x6c, 0x3d
  .byte 0x22, 0x63, 0x75, 0x72, 0x72, 0x65, 0x6e, 0x74, 0x43, 0x6f, 0x6c, 0x6f, 0x72, 0x22, 0x0a, 0x20
  .byte 0x20, 0x20, 0x20, 0x20, 0x20, 0x20, 0x20, 0x73, 0x74, 0x72, 0x6f, 0x6b, 0x65, 0x3d, 0x22, 0x63
  .byte 0x75, 0x72, 0x72, 0x65, 0x6e, 0x74, 0x43, 0x6f, 0x6c, 0x6f, 0x72, 0x22, 0x0a, 0x20, 0x20, 0x20
  .byte 0x20, 0x20, 0x20, 0x20, 0x20, 0x73, 0x74, 0x72, 0x6f, 0x6b, 0x65, 0x57, 0x69, 0x64, 0x74, 0x68
  .byte 0x3d, 0x22, 0x30, 0x2e, 0x36, 0x22, 0x0a, 0x20, 0x20, 0x20, 0x20, 0x20, 0x20, 0x2f, 0x3e, 0x0a
  .byte 0x20, 0x20, 0x20, 0x20, 0x3c, 0x2f, 0x73, 0x76, 0x67, 0x3e, 0x0a, 0x20, 0x20, 0x29, 0x3b, 0x0a
  .byte 0x7d, 0x0a, 0x0a, 0x2f, 0x2f, 0x20, 0x2d, 0x2d, 0x2d, 0x2d, 0x2d, 0x2d, 0x2d, 0x2d, 0x2d, 0x2d
  .byte 0x2d, 0x2d, 0x2d, 0x2d, 0x2d, 0x2d, 0x2d, 0x2d, 0x2d, 0x2d, 0x2d, 0x2d, 0x2d, 0x2d, 0x2d, 0x2d
  .byte 0x2d, 0x2d, 0x2d, 0x2d, 0x2d, 0x2d, 0x2d, 0x2d, 0x2d, 0x2d, 0x2d, 0x2d, 0x2d, 0x2d, 0x2d, 0x2d
  .byte 0x2d, 0x2d, 0x2d, 0x2d, 0x2d, 0x2d, 0x2d, 0x2d, 0x2d, 0x2d, 0x2d, 0x2d, 0x2d, 0x2d, 0x2d, 0x2d
  .byte 0x2d, 0x2d, 0x2d, 0x2d, 0x2d, 0x2d, 0x2d, 0x2d, 0x2d, 0x2d, 0x2d, 0x2d, 0x2d, 0x2d, 0x2d, 0x2d
  .byte 0x2d, 0x0a, 0x2f, 0x2f, 0x20, 0x4d, 0x61, 0x69, 0x6e, 0x20, 0x63, 0x6f, 0x6d, 0x70, 0x6f, 0x6e
  .byte 0x65, 0x6e, 0x74, 0x0a, 0x2f, 0x2f, 0x20, 0x2d, 0x2d, 0x2d, 0x2d, 0x2d, 0x2d, 0x2d, 0x2d, 0x2d
  .byte 0x2d, 0x2d, 0x2d, 0x2d, 0x2d, 0x2d, 0x2d, 0x2d, 0x2d, 0x2d, 0x2d, 0x2d, 0x2d, 0x2d, 0x2d, 0x2d
  .byte 0x2d, 0x2d, 0x2d, 0x2d, 0x2d, 0x2d, 0x2d, 0x2d, 0x2d, 0x2d, 0x2d, 0x2d, 0x2d, 0x2d, 0x2d, 0x2d
  .byte 0x2d, 0x2d, 0x2d, 0x2d, 0x2d, 0x2d, 0x2d, 0x2d, 0x2d, 0x2d, 0x2d, 0x2d, 0x2d, 0x2d, 0x2d, 0x2d
  .byte 0x2d, 0x2d, 0x2d, 0x2d, 0x2d, 0x2d, 0x2d, 0x2d, 0x2d, 0x2d, 0x2d, 0x2d, 0x2d, 0x2d, 0x2d, 0x2d
  .byte 0x2d, 0x2d, 0x0a, 0x0a, 0x65, 0x78, 0x70, 0x6f, 0x72, 0x74, 0x20, 0x66, 0x75, 0x6e, 0x63, 0x74
  .byte 0x69, 0x6f, 0x6e, 0x20, 0x46, 0x6f, 0x6f, 0x74, 0x65, 0x72, 0x28, 0x29, 0x20, 0x7b, 0x0a, 0x20
  .byte 0x20, 0x63, 0x6f, 0x6e, 0x73, 0x74, 0x20, 0x69, 0x73, 0x44, 0x61, 0x72, 0x6b, 0x20, 0x3d, 0x20
  .byte 0x66, 0x61, 0x6c, 0x73, 0x65, 0x3b, 0x0a, 0x0a, 0x20, 0x20, 0x72, 0x65, 0x74, 0x75, 0x72, 0x6e
  .byte 0x20, 0x28, 0x0a, 0x20, 0x20, 0x20, 0x20, 0x3c, 0x66, 0x6f, 0x6f, 0x74, 0x65, 0x72, 0x20, 0x63
  .byte 0x6c, 0x61, 0x73, 0x73, 0x4e, 0x61, 0x6d, 0x65, 0x3d, 0x7b, 0x73, 0x74, 0x79, 0x6c, 0x65, 0x73
  .byte 0x2e, 0x66, 0x6f, 0x6f, 0x74, 0x65, 0x72, 0x7d, 0x3e, 0x0a, 0x20, 0x20, 0x20, 0x20, 0x20, 0x20
  .byte 0x7b, 0x2f, 0x2a, 0x20, 0x48, 0x61, 0x6e, 0x64, 0x63, 0x72, 0x61, 0x66, 0x74, 0x65, 0x64, 0x20
  .byte 0x2a, 0x2f, 0x7d, 0x0a, 0x20, 0x20, 0x20, 0x20, 0x20, 0x20, 0x3c, 0x64, 0x69, 0x76, 0x20, 0x63
  .byte 0x6c, 0x61, 0x73, 0x73, 0x4e, 0x61, 0x6d, 0x65, 0x3d, 0x7b, 0x73, 0x74, 0x79, 0x6c, 0x65, 0x73
  .byte 0x2e, 0x68, 0x61, 0x6e, 0x64, 0x63, 0x72, 0x61, 0x66, 0x74, 0x65, 0x64, 0x53, 0x65, 0x63, 0x74
  .byte 0x69, 0x6f, 0x6e, 0x7d, 0x3e, 0x0a, 0x20, 0x20, 0x20, 0x20, 0x20, 0x20, 0x20, 0x20, 0x3c, 0x64
  .byte 0x69, 0x76, 0x20, 0x63, 0x6c, 0x61, 0x73, 0x73, 0x4e, 0x61, 0x6d, 0x65, 0x3d, 0x7b, 0x73, 0x74
  .byte 0x79, 0x6c, 0x65, 0x73, 0x2e, 0x68, 0x61, 0x6e, 0x64, 0x63, 0x72, 0x61, 0x66, 0x74, 0x65, 0x64
  .byte 0x43, 0x6f, 0x6e, 0x74, 0x61, 0x69, 0x6e, 0x65, 0x72, 0x7d, 0x3e, 0x0a, 0x20, 0x20, 0x20, 0x20
  .byte 0x20, 0x20, 0x20, 0x20, 0x20, 0x20, 0x3c, 0x64, 0x69, 0x76, 0x20, 0x63, 0x6c, 0x61, 0x73, 0x73
  .byte 0x4e, 0x61, 0x6d, 0x65, 0x3d, 0x7b, 0x73, 0x74, 0x79, 0x6c, 0x65, 0x73, 0x2e, 0x6d, 0x61, 0x73
  .byte 0x63, 0x6f, 0x74, 0x57, 0x72, 0x61, 0x70, 0x7d, 0x3e, 0x0a, 0x20, 0x20, 0x20, 0x20, 0x20, 0x20
  .byte 0x20, 0x20, 0x20, 0x20, 0x20, 0x20, 0x3c, 0x48, 0x61, 0x6e, 0x64, 0x63, 0x72, 0x61, 0x66, 0x74
  .byte 0x65, 0x64, 0x4d, 0x61, 0x73, 0x63, 0x6f, 0x74, 0x20, 0x69, 0x73, 0x44, 0x61, 0x72, 0x6b, 0x3d
  .byte 0x7b, 0x69, 0x73, 0x44, 0x61, 0x72, 0x6b, 0x7d, 0x20, 0x2f, 0x3e, 0x0a, 0x20, 0x20, 0x20, 0x20
  .byte 0x20, 0x20, 0x20, 0x20, 0x20, 0x20, 0x3c, 0x2f, 0x64, 0x69, 0x76, 0x3e, 0x0a, 0x20, 0x20, 0x20
  .byte 0x20, 0x20, 0x20, 0x20, 0x20, 0x20, 0x20, 0x3c, 0x70, 0x20, 0x63, 0x6c, 0x61, 0x73, 0x73, 0x4e
  .byte 0x61, 0x6d, 0x65, 0x3d, 0x7b, 0x73, 0x74, 0x79, 0x6c, 0x65, 0x73, 0x2e, 0x68, 0x61, 0x6e, 0x64
  .byte 0x63, 0x72, 0x61, 0x66, 0x74, 0x65, 0x64, 0x43, 0x6f, 0x70, 0x79, 0x7d, 0x3e, 0x0a, 0x20, 0x20
  .byte 0x20, 0x20, 0x20, 0x20, 0x20, 0x20, 0x20, 0x20, 0x20, 0x20, 0x48, 0x61, 0x6e, 0x64, 0x63, 0x72
  .byte 0x61, 0x66, 0x74, 0x65, 0x64, 0x20, 0x77, 0x69, 0x74, 0x68, 0x20, 0x61, 0x20, 0x6c, 0x6f, 0x74
  .byte 0x20, 0x6f, 0x66, 0x20, 0x6c, 0x6f, 0x76, 0x65, 0x0a, 0x20, 0x20, 0x20, 0x20, 0x20, 0x20, 0x20
  .byte 0x20, 0x20, 0x20, 0x20, 0x20, 0x3c, 0x73, 0x70, 0x61, 0x6e, 0x20, 0x61, 0x72, 0x69, 0x61, 0x2d
  .byte 0x68, 0x69, 0x64, 0x64, 0x65, 0x6e, 0x3d, 0x22, 0x74, 0x72, 0x75, 0x65, 0x22, 0x20, 0x63, 0x6c
  .byte 0x61, 0x73, 0x73, 0x4e, 0x61, 0x6d, 0x65, 0x3d, 0x7b, 0x73, 0x74, 0x79, 0x6c, 0x65, 0x73, 0x2e
  .byte 0x68, 0x61, 0x6e, 0x64, 0x63, 0x72, 0x61, 0x66, 0x74, 0x65, 0x64, 0x43, 0x75, 0x72, 0x73, 0x6f
  .byte 0x72, 0x7d, 0x3e, 0x0a, 0x20, 0x20, 0x20, 0x20, 0x20, 0x20, 0x20, 0x20, 0x20, 0x20, 0x20, 0x20
  .byte 0x20, 0x20, 0x5f, 0x0a, 0x20, 0x20, 0x20, 0x20, 0x20, 0x20, 0x20, 0x20, 0x20, 0x20, 0x20, 0x20
  .byte 0x3c, 0x2f, 0x73, 0x70, 0x61, 0x6e, 0x3e, 0x0a, 0x20, 0x20, 0x20, 0x20, 0x20, 0x20, 0x20, 0x20
  .byte 0x20, 0x20, 0x3c, 0x2f, 0x70, 0x3e, 0x0a, 0x20, 0x20, 0x20, 0x20, 0x20, 0x20, 0x20, 0x20, 0x3c
  .byte 0x2f, 0x64, 0x69, 0x76, 0x3e, 0x0a, 0x20, 0x20, 0x20, 0x20, 0x20, 0x20, 0x3c, 0x2f, 0x64, 0x69
  .byte 0x76, 0x3e, 0x0a, 0x0a, 0x20, 0x20, 0x20, 0x20, 0x20, 0x20, 0x7b, 0x2f, 0x2a, 0x20, 0x46, 0x6f
  .byte 0x6f, 0x74, 0x65, 0x72, 0x20, 0x63, 0x6f, 0x6e, 0x74, 0x65, 0x6e, 0x74, 0x20, 0x2a, 0x2f, 0x7d
  .byte 0x0a, 0x20, 0x20, 0x20, 0x20, 0x20, 0x20, 0x3c, 0x64, 0x69, 0x76, 0x20, 0x63, 0x6c, 0x61, 0x73
  .byte 0x73, 0x4e, 0x61, 0x6d, 0x65, 0x3d, 0x7b, 0x73, 0x74, 0x79, 0x6c, 0x65, 0x73, 0x2e, 0x63, 0x6f
  .byte 0x6e, 0x74, 0x65, 0x6e, 0x74, 0x53, 0x65, 0x63, 0x74, 0x69, 0x6f, 0x6e, 0x7d, 0x3e, 0x0a, 0x20
  .byte 0x20, 0x20, 0x20, 0x20, 0x20, 0x20, 0x20, 0x3c, 0x64, 0x69, 0x76, 0x20, 0x63, 0x6c, 0x61, 0x73
  .byte 0x73, 0x4e, 0x61, 0x6d, 0x65, 0x3d, 0x7b, 0x73, 0x74, 0x79, 0x6c, 0x65, 0x73, 0x2e, 0x63, 0x6f
  .byte 0x6e, 0x74, 0x65, 0x6e, 0x74, 0x43, 0x6f, 0x6e, 0x74, 0x61, 0x69, 0x6e, 0x65, 0x72, 0x7d, 0x3e
  .byte 0x0a, 0x20, 0x20, 0x20, 0x20, 0x20, 0x20, 0x20, 0x20, 0x20, 0x20, 0x7b, 0x2f, 0x2a, 0x20, 0x44
  .byte 0x65, 0x73, 0x6b, 0x74, 0x6f, 0x70, 0x20, 0x2a, 0x2f, 0x7d, 0x0a, 0x20, 0x20, 0x20, 0x20, 0x20
  .byte 0x20, 0x20, 0x20, 0x20, 0x20, 0x3c, 0x64, 0x69, 0x76, 0x20, 0x63, 0x6c, 0x61, 0x73, 0x73, 0x4e
  .byte 0x61, 0x6d, 0x65, 0x3d, 0x7b, 0x73, 0x74, 0x79, 0x6c, 0x65, 0x73, 0x2e, 0x64, 0x65, 0x73, 0x6b
  .byte 0x74, 0x6f, 0x70, 0x4c, 0x6f, 0x67, 0x6f, 0x52, 0x6f, 0x77, 0x7d, 0x3e, 0x0a, 0x20, 0x20, 0x20
  .byte 0x20, 0x20, 0x20, 0x20, 0x20, 0x20, 0x20, 0x20, 0x20, 0x3c, 0x54, 0x68, 0x65, 0x73, 0x79, 0x73
  .byte 0x4c, 0x6f, 0x67, 0x6f, 0x20, 0x2f, 0x3e, 0x0a, 0x20, 0x20, 0x20, 0x20, 0x20, 0x20, 0x20, 0x20
  .byte 0x20, 0x20, 0x3c, 0x2f, 0x64, 0x69, 0x76, 0x3e, 0x0a, 0x20, 0x20, 0x20, 0x20, 0x20, 0x20, 0x20
  .byte 0x20, 0x20, 0x20, 0x7b, 0x2f, 0x2a, 0x20, 0x4d, 0x6f, 0x62, 0x69, 0x6c, 0x65, 0x20, 0x2a, 0x2f
  .byte 0x7d, 0x0a, 0x20, 0x20, 0x20, 0x20, 0x20, 0x20, 0x20, 0x20, 0x20, 0x20, 0x3c, 0x64, 0x69, 0x76
  .byte 0x20, 0x63, 0x6c, 0x61, 0x73, 0x73, 0x4e, 0x61, 0x6d, 0x65, 0x3d, 0x7b, 0x73, 0x74, 0x79, 0x6c
  .byte 0x65, 0x73, 0x2e, 0x6d, 0x6f, 0x62, 0x69, 0x6c, 0x65, 0x4c, 0x6f, 0x67, 0x6f, 0x52, 0x6f, 0x77
  .byte 0x7d, 0x3e, 0x0a, 0x20, 0x20, 0x20, 0x20, 0x20, 0x20, 0x20, 0x20, 0x20, 0x20, 0x20, 0x20, 0x3c
  .byte 0x54, 0x68, 0x65, 0x73, 0x79, 0x73, 0x4c, 0x6f, 0x67, 0x6f, 0x20, 0x2f, 0x3e, 0x0a, 0x20, 0x20
  .byte 0x20, 0x20, 0x20, 0x20, 0x20, 0x20, 0x20, 0x20, 0x3c, 0x2f, 0x64, 0x69, 0x76, 0x3e, 0x0a, 0x0a
  .byte 0x20, 0x20, 0x20, 0x20, 0x20, 0x20, 0x20, 0x20, 0x20, 0x20, 0x7b, 0x2f, 0x2a, 0x20, 0x42, 0x6f
  .byte 0x74, 0x74, 0x6f, 0x6d, 0x20, 0x62, 0x61, 0x72, 0x20, 0x2a, 0x2f, 0x7d, 0x0a, 0x20, 0x20, 0x20
  .byte 0x20, 0x20, 0x20, 0x20, 0x20, 0x20, 0x20, 0x3c, 0x64, 0x69, 0x76, 0x20, 0x63, 0x6c, 0x61, 0x73
  .byte 0x73, 0x4e, 0x61, 0x6d, 0x65, 0x3d, 0x7b, 0x73, 0x74, 0x79, 0x6c, 0x65, 0x73, 0x2e, 0x62, 0x6f
  .byte 0x74, 0x74, 0x6f, 0x6d, 0x42, 0x61, 0x72, 0x7d, 0x3e, 0x0a, 0x20, 0x20, 0x20, 0x20, 0x20, 0x20
  .byte 0x20, 0x20, 0x20, 0x20, 0x20, 0x20, 0x3c, 0x64, 0x69, 0x76, 0x20, 0x63, 0x6c, 0x61, 0x73, 0x73
  .byte 0x4e, 0x61, 0x6d, 0x65, 0x3d, 0x7b, 0x73, 0x74, 0x79, 0x6c, 0x65, 0x73, 0x2e, 0x64, 0x65, 0x73
  .byte 0x6b, 0x74, 0x6f, 0x70, 0x42, 0x6f, 0x74, 0x74, 0x6f, 0x6d, 0x42, 0x61, 0x72, 0x7d, 0x3e, 0x0a
  .byte 0x20, 0x20, 0x20, 0x20, 0x20, 0x20, 0x20, 0x20, 0x20, 0x20, 0x20, 0x20, 0x20, 0x20, 0x3c, 0x70
  .byte 0x20, 0x63, 0x6c, 0x61, 0x73, 0x73, 0x4e, 0x61, 0x6d, 0x65, 0x3d, 0x7b, 0x73, 0x74, 0x79, 0x6c
  .byte 0x65, 0x73, 0x2e, 0x64, 0x65, 0x73, 0x6b, 0x74, 0x6f, 0x70, 0x4d, 0x65, 0x74, 0x61, 0x4c, 0x65
  .byte 0x66, 0x74, 0x7d, 0x3e, 0x33, 0x35, 0x35, 0x20, 0x42, 0x72, 0x79, 0x61, 0x6e, 0x74, 0x20, 0x53
  .byte 0x74, 0x2c, 0x20, 0x53, 0x61, 0x6e, 0x20, 0x46, 0x72, 0x61, 0x6e, 0x63, 0x69, 0x73, 0x63, 0x6f
  .byte 0x2c, 0x20, 0x43, 0x41, 0x20, 0x39, 0x34, 0x31, 0x30, 0x37, 0x3c, 0x2f, 0x70, 0x3e, 0x0a, 0x20
  .byte 0x20, 0x20, 0x20, 0x20, 0x20, 0x20, 0x20, 0x20, 0x20, 0x20, 0x20, 0x20, 0x20, 0x3c, 0x53, 0x6f
  .byte 0x63, 0x69, 0x61, 0x6c, 0x49, 0x63, 0x6f, 0x6e, 0x73, 0x20, 0x2f, 0x3e, 0x0a, 0x20, 0x20, 0x20
  .byte 0x20, 0x20, 0x20, 0x20, 0x20, 0x20, 0x20, 0x20, 0x20, 0x20, 0x20, 0x3c, 0x70, 0x20, 0x63, 0x6c
  .byte 0x61, 0x73, 0x73, 0x4e, 0x61, 0x6d, 0x65, 0x3d, 0x7b, 0x73, 0x74, 0x79, 0x6c, 0x65, 0x73, 0x2e
  .byte 0x64, 0x65, 0x73, 0x6b, 0x74, 0x6f, 0x70, 0x4d, 0x65, 0x74, 0x61, 0x52, 0x69, 0x67, 0x68, 0x74
  .byte 0x7d, 0x3e, 0x0a, 0x20, 0x20, 0x20, 0x20, 0x20, 0x20, 0x20, 0x20, 0x20, 0x20, 0x20, 0x20, 0x20
  .byte 0x20, 0x20, 0x20, 0xc2, 0xa9, 0x20, 0x7b, 0x6e, 0x65, 0x77, 0x20, 0x44, 0x61, 0x74, 0x65, 0x28
  .byte 0x29, 0x2e, 0x67, 0x65, 0x74, 0x46, 0x75, 0x6c, 0x6c, 0x59, 0x65, 0x61, 0x72, 0x28, 0x29, 0x7d
  .byte 0x20, 0x54, 0x68, 0x65, 0x73, 0x79, 0x73, 0x20, 0x49, 0x6e, 0x63, 0x2e, 0x20, 0x41, 0x6c, 0x6c
  .byte 0x20, 0x52, 0x69, 0x67, 0x68, 0x74, 0x73, 0x20, 0x52, 0x65, 0x73, 0x65, 0x72, 0x76, 0x65, 0x64
  .byte 0x0a, 0x20, 0x20, 0x20, 0x20, 0x20, 0x20, 0x20, 0x20, 0x20, 0x20, 0x20, 0x20, 0x20, 0x20, 0x3c
  .byte 0x2f, 0x70, 0x3e, 0x0a, 0x20, 0x20, 0x20, 0x20, 0x20, 0x20, 0x20, 0x20, 0x20, 0x20, 0x20, 0x20
  .byte 0x3c, 0x2f, 0x64, 0x69, 0x76, 0x3e, 0x0a, 0x0a, 0x20, 0x20, 0x20, 0x20, 0x20, 0x20, 0x20, 0x20
  .byte 0x20, 0x20, 0x20, 0x20, 0x3c, 0x64, 0x69, 0x76, 0x20, 0x63, 0x6c, 0x61, 0x73, 0x73, 0x4e, 0x61
  .byte 0x6d, 0x65, 0x3d, 0x7b, 0x73, 0x74, 0x79, 0x6c, 0x65, 0x73, 0x2e, 0x6d, 0x6f, 0x62, 0x69, 0x6c
  .byte 0x65, 0x42, 0x6f, 0x74, 0x74, 0x6f, 0x6d, 0x42, 0x61, 0x72, 0x7d, 0x3e, 0x0a, 0x20, 0x20, 0x20
  .byte 0x20, 0x20, 0x20, 0x20, 0x20, 0x20, 0x20, 0x20, 0x20, 0x20, 0x20, 0x3c, 0x53, 0x6f, 0x63, 0x69
  .byte 0x61, 0x6c, 0x49, 0x63, 0x6f, 0x6e, 0x73, 0x20, 0x2f, 0x3e, 0x0a, 0x20, 0x20, 0x20, 0x20, 0x20
  .byte 0x20, 0x20, 0x20, 0x20, 0x20, 0x20, 0x20, 0x20, 0x20, 0x3c, 0x64, 0x69, 0x76, 0x20, 0x63, 0x6c
  .byte 0x61, 0x73, 0x73, 0x4e, 0x61, 0x6d, 0x65, 0x3d, 0x7b, 0x73, 0x74, 0x79, 0x6c, 0x65, 0x73, 0x2e
  .byte 0x6d, 0x6f, 0x62, 0x69, 0x6c, 0x65, 0x4d, 0x65, 0x74, 0x61, 0x7d, 0x3e, 0x0a, 0x20, 0x20, 0x20
  .byte 0x20, 0x20, 0x20, 0x20, 0x20, 0x20, 0x20, 0x20, 0x20, 0x20, 0x20, 0x20, 0x20, 0x3c, 0x70, 0x20
  .byte 0x63, 0x6c, 0x61, 0x73, 0x73, 0x4e, 0x61, 0x6d, 0x65, 0x3d, 0x7b, 0x73, 0x74, 0x79, 0x6c, 0x65
  .byte 0x73, 0x2e, 0x6d, 0x6f, 0x62, 0x69, 0x6c, 0x65, 0x4d, 0x65, 0x74, 0x61, 0x54, 0x65, 0x78, 0x74
  .byte 0x7d, 0x3e, 0x0a, 0x20, 0x20, 0x20, 0x20, 0x20, 0x20, 0x20, 0x20, 0x20, 0x20, 0x20, 0x20, 0x20
  .byte 0x20, 0x20, 0x20, 0x20, 0x20, 0xc2, 0xa9, 0x20, 0x7b, 0x6e, 0x65, 0x77, 0x20, 0x44, 0x61, 0x74
  .byte 0x65, 0x28, 0x29, 0x2e, 0x67, 0x65, 0x74, 0x46, 0x75, 0x6c, 0x6c, 0x59, 0x65, 0x61, 0x72, 0x28
  .byte 0x29, 0x7d, 0x20, 0x54, 0x68, 0x65, 0x73, 0x79, 0x73, 0x20, 0x49, 0x6e, 0x63, 0x2e, 0x20, 0x41
  .byte 0x6c, 0x6c, 0x20, 0x52, 0x69, 0x67, 0x68, 0x74, 0x73, 0x20, 0x52, 0x65, 0x73, 0x65, 0x72, 0x76
  .byte 0x65, 0x64, 0x0a, 0x20, 0x20, 0x20, 0x20, 0x20, 0x20, 0x20, 0x20, 0x20, 0x20, 0x20, 0x20, 0x20
  .byte 0x20, 0x20, 0x20, 0x3c, 0x2f, 0x70, 0x3e, 0x0a, 0x20, 0x20, 0x20, 0x20, 0x20, 0x20, 0x20, 0x20
  .byte 0x20, 0x20, 0x20, 0x20, 0x20, 0x20, 0x20, 0x20, 0x3c, 0x70, 0x20, 0x63, 0x6c, 0x61, 0x73, 0x73
  .byte 0x4e, 0x61, 0x6d, 0x65, 0x3d, 0x7b, 0x73, 0x74, 0x79, 0x6c, 0x65, 0x73, 0x2e, 0x6d, 0x6f, 0x62
  .byte 0x69, 0x6c, 0x65, 0x4d, 0x65, 0x74, 0x61, 0x54, 0x65, 0x78, 0x74, 0x7d, 0x3e, 0x33, 0x35, 0x35
  .byte 0x20, 0x42, 0x72, 0x79, 0x61, 0x6e, 0x74, 0x20, 0x53, 0x74, 0x2c, 0x20, 0x53, 0x61, 0x6e, 0x20
  .byte 0x46, 0x72, 0x61, 0x6e, 0x63, 0x69, 0x73, 0x63, 0x6f, 0x2c, 0x20, 0x43, 0x41, 0x20, 0x39, 0x34
  .byte 0x31, 0x30, 0x37, 0x3c, 0x2f, 0x70, 0x3e, 0x0a, 0x20, 0x20, 0x20, 0x20, 0x20, 0x20, 0x20, 0x20
  .byte 0x20, 0x20, 0x20, 0x20, 0x20, 0x20, 0x3c, 0x2f, 0x64, 0x69, 0x76, 0x3e, 0x0a, 0x20, 0x20, 0x20
  .byte 0x20, 0x20, 0x20, 0x20, 0x20, 0x20, 0x20, 0x20, 0x20, 0x3c, 0x2f, 0x64, 0x69, 0x76, 0x3e, 0x0a
  .byte 0x20, 0x20, 0x20, 0x20, 0x20, 0x20, 0x20, 0x20, 0x20, 0x20, 0x3c, 0x2f, 0x64, 0x69, 0x76, 0x3e
  .byte 0x0a, 0x20, 0x20, 0x20, 0x20, 0x20, 0x20, 0x20, 0x20, 0x3c, 0x2f, 0x64, 0x69, 0x76, 0x3e, 0x0a
  .byte 0x20, 0x20, 0x20, 0x20, 0x20, 0x20, 0x3c, 0x2f, 0x64, 0x69, 0x76, 0x3e, 0x0a, 0x20, 0x20, 0x20
  .byte 0x20, 0x3c, 0x2f, 0x66, 0x6f, 0x6f, 0x74, 0x65, 0x72, 0x3e, 0x0a, 0x20, 0x20, 0x29, 0x3b, 0x0a
  .byte 0x7d, 0x0a

  .globl openui_full_port_docs_app__home__sections_Footer_Footer_tsx_be6ef76be01b_pass_4_len
openui_full_port_docs_app__home__sections_Footer_Footer_tsx_be6ef76be01b_pass_4_len:
  .quad 7730
