# OpenUI mechanical full assembly port
# source: packages/react-ui/src/components/Tabs/stories/tabs.stories.tsx
# sha256: d16ed9c6f1f210bd06bcaa6adfae7556bac4ebd6bbc4a8009f3d89ad920e6091
# bytes: 9716
# assembly passes: 4
  .section .rodata
# assembly pass: 1/4
  .globl openui_full_port_packages_react_ui_src_components_Tabs_stories_tabs_stories_tsx_d16ed9c6f1f2
openui_full_port_packages_react_ui_src_components_Tabs_stories_tabs_stories_tsx_d16ed9c6f1f2:
  .byte 0x69, 0x6d, 0x70, 0x6f, 0x72, 0x74, 0x20, 0x74, 0x79, 0x70, 0x65, 0x20, 0x7b, 0x20, 0x4d, 0x65
  .byte 0x74, 0x61, 0x2c, 0x20, 0x53, 0x74, 0x6f, 0x72, 0x79, 0x4f, 0x62, 0x6a, 0x20, 0x7d, 0x20, 0x66
  .byte 0x72, 0x6f, 0x6d, 0x20, 0x22, 0x40, 0x73, 0x74, 0x6f, 0x72, 0x79, 0x62, 0x6f, 0x6f, 0x6b, 0x2f
  .byte 0x72, 0x65, 0x61, 0x63, 0x74, 0x22, 0x3b, 0x0a, 0x69, 0x6d, 0x70, 0x6f, 0x72, 0x74, 0x20, 0x7b
  .byte 0x20, 0x42, 0x75, 0x73, 0x46, 0x72, 0x6f, 0x6e, 0x74, 0x2c, 0x20, 0x50, 0x6c, 0x61, 0x6e, 0x65
  .byte 0x54, 0x61, 0x6b, 0x65, 0x6f, 0x66, 0x66, 0x2c, 0x20, 0x53, 0x68, 0x69, 0x70, 0x20, 0x7d, 0x20
  .byte 0x66, 0x72, 0x6f, 0x6d, 0x20, 0x22, 0x6c, 0x75, 0x63, 0x69, 0x64, 0x65, 0x2d, 0x72, 0x65, 0x61
  .byte 0x63, 0x74, 0x22, 0x3b, 0x0a, 0x69, 0x6d, 0x70, 0x6f, 0x72, 0x74, 0x20, 0x7b, 0x20, 0x43, 0x61
  .byte 0x72, 0x64, 0x20, 0x7d, 0x20, 0x66, 0x72, 0x6f, 0x6d, 0x20, 0x22, 0x2e, 0x2e, 0x2f, 0x2e, 0x2e
  .byte 0x2f, 0x43, 0x61, 0x72, 0x64, 0x2f, 0x43, 0x61, 0x72, 0x64, 0x22, 0x3b, 0x0a, 0x69, 0x6d, 0x70
  .byte 0x6f, 0x72, 0x74, 0x20, 0x7b, 0x20, 0x43, 0x61, 0x72, 0x64, 0x48, 0x65, 0x61, 0x64, 0x65, 0x72
  .byte 0x20, 0x7d, 0x20, 0x66, 0x72, 0x6f, 0x6d, 0x20, 0x22, 0x2e, 0x2e, 0x2f, 0x2e, 0x2e, 0x2f, 0x43
  .byte 0x61, 0x72, 0x64, 0x48, 0x65, 0x61, 0x64, 0x65, 0x72, 0x22, 0x3b, 0x0a, 0x69, 0x6d, 0x70, 0x6f
  .byte 0x72, 0x74, 0x20, 0x7b, 0x20, 0x49, 0x63, 0x6f, 0x6e, 0x42, 0x75, 0x74, 0x74, 0x6f, 0x6e, 0x20
  .byte 0x7d, 0x20, 0x66, 0x72, 0x6f, 0x6d, 0x20, 0x22, 0x2e, 0x2e, 0x2f, 0x2e, 0x2e, 0x2f, 0x49, 0x63
  .byte 0x6f, 0x6e, 0x42, 0x75, 0x74, 0x74, 0x6f, 0x6e, 0x22, 0x3b, 0x0a, 0x69, 0x6d, 0x70, 0x6f, 0x72
  .byte 0x74, 0x20, 0x7b, 0x20, 0x49, 0x6d, 0x61, 0x67, 0x65, 0x20, 0x7d, 0x20, 0x66, 0x72, 0x6f, 0x6d
  .byte 0x20, 0x22, 0x2e, 0x2e, 0x2f, 0x2e, 0x2e, 0x2f, 0x49, 0x6d, 0x61, 0x67, 0x65, 0x22, 0x3b, 0x0a
  .byte 0x69, 0x6d, 0x70, 0x6f, 0x72, 0x74, 0x20, 0x7b, 0x20, 0x54, 0x61, 0x62, 0x73, 0x2c, 0x20, 0x54
  .byte 0x61, 0x62, 0x73, 0x43, 0x6f, 0x6e, 0x74, 0x65, 0x6e, 0x74, 0x2c, 0x20, 0x54, 0x61, 0x62, 0x73
  .byte 0x4c, 0x69, 0x73, 0x74, 0x2c, 0x20, 0x54, 0x61, 0x62, 0x73, 0x54, 0x72, 0x69, 0x67, 0x67, 0x65
  .byte 0x72, 0x20, 0x7d, 0x20, 0x66, 0x72, 0x6f, 0x6d, 0x20, 0x22, 0x2e, 0x2e, 0x2f, 0x54, 0x61, 0x62
  .byte 0x73, 0x22, 0x3b, 0x0a, 0x0a, 0x63, 0x6f, 0x6e, 0x73, 0x74, 0x20, 0x6d, 0x65, 0x74, 0x61, 0x3a
  .byte 0x20, 0x4d, 0x65, 0x74, 0x61, 0x3c, 0x74, 0x79, 0x70, 0x65, 0x6f, 0x66, 0x20, 0x54, 0x61, 0x62
  .byte 0x73, 0x3e, 0x20, 0x3d, 0x20, 0x7b, 0x0a, 0x20, 0x20, 0x74, 0x69, 0x74, 0x6c, 0x65, 0x3a, 0x20
  .byte 0x22, 0x43, 0x6f, 0x6d, 0x70, 0x6f, 0x6e, 0x65, 0x6e, 0x74, 0x73, 0x2f, 0x54, 0x61, 0x62, 0x73
  .byte 0x22, 0x2c, 0x0a, 0x20, 0x20, 0x63, 0x6f, 0x6d, 0x70, 0x6f, 0x6e, 0x65, 0x6e, 0x74, 0x3a, 0x20
  .byte 0x54, 0x61, 0x62, 0x73, 0x2c, 0x0a, 0x20, 0x20, 0x74, 0x61, 0x67, 0x73, 0x3a, 0x20, 0x5b, 0x22
  .byte 0x21, 0x64, 0x65, 0x76, 0x22, 0x2c, 0x20, 0x22, 0x61, 0x75, 0x74, 0x6f, 0x64, 0x6f, 0x63, 0x73
  .byte 0x22, 0x5d, 0x2c, 0x0a, 0x20, 0x20, 0x70, 0x61, 0x72, 0x61, 0x6d, 0x65, 0x74, 0x65, 0x72, 0x73
  .byte 0x3a, 0x20, 0x7b, 0x0a, 0x20, 0x20, 0x20, 0x20, 0x6c, 0x61, 0x79, 0x6f, 0x75, 0x74, 0x3a, 0x20
  .byte 0x22, 0x63, 0x65, 0x6e, 0x74, 0x65, 0x72, 0x65, 0x64, 0x22, 0x2c, 0x0a, 0x20, 0x20, 0x20, 0x20
  .byte 0x64, 0x6f, 0x63, 0x73, 0x3a, 0x20, 0x7b, 0x0a, 0x20, 0x20, 0x20, 0x20, 0x20, 0x20, 0x64, 0x65
  .byte 0x73, 0x63, 0x72, 0x69, 0x70, 0x74, 0x69, 0x6f, 0x6e, 0x3a, 0x20, 0x7b, 0x0a, 0x20, 0x20, 0x20
  .byte 0x20, 0x20, 0x20, 0x20, 0x20, 0x63, 0x6f, 0x6d, 0x70, 0x6f, 0x6e, 0x65, 0x6e, 0x74, 0x3a, 0x0a
  .byte 0x20, 0x20, 0x20, 0x20, 0x20, 0x20, 0x20, 0x20, 0x20, 0x20, 0x22, 0x60, 0x60, 0x60, 0x74, 0x73
  .byte 0x78, 0x5c, 0x6e, 0x69, 0x6d, 0x70, 0x6f, 0x72, 0x74, 0x20, 0x7b, 0x20, 0x54, 0x61, 0x62, 0x73
  .byte 0x2c, 0x20, 0x54, 0x61, 0x62, 0x73, 0x43, 0x6f, 0x6e, 0x74, 0x65, 0x6e, 0x74, 0x2c, 0x20, 0x54
  .byte 0x61, 0x62, 0x73, 0x4c, 0x69, 0x73, 0x74, 0x2c, 0x20, 0x54, 0x61, 0x62, 0x73, 0x54, 0x72, 0x69
  .byte 0x67, 0x67, 0x65, 0x72, 0x20, 0x7d, 0x20, 0x66, 0x72, 0x6f, 0x6d, 0x20, 0x27, 0x40, 0x6f, 0x70
  .byte 0x65, 0x6e, 0x75, 0x69, 0x2d, 0x75, 0x69, 0x2f, 0x72, 0x65, 0x61, 0x63, 0x74, 0x2d, 0x75, 0x69
  .byte 0x27, 0x3b, 0x5c, 0x6e, 0x60, 0x60, 0x60, 0x22, 0x2c, 0x0a, 0x20, 0x20, 0x20, 0x20, 0x20, 0x20
  .byte 0x7d, 0x2c, 0x0a, 0x20, 0x20, 0x20, 0x20, 0x7d, 0x2c, 0x0a, 0x20, 0x20, 0x7d, 0x2c, 0x0a, 0x20
  .byte 0x20, 0x64, 0x65, 0x63, 0x6f, 0x72, 0x61, 0x74, 0x6f, 0x72, 0x73, 0x3a, 0x20, 0x5b, 0x0a, 0x20
  .byte 0x20, 0x20, 0x20, 0x28, 0x53, 0x74, 0x6f, 0x72, 0x79, 0x29, 0x20, 0x3d, 0x3e, 0x20, 0x28, 0x0a
  .byte 0x20, 0x20, 0x20, 0x20, 0x20, 0x20, 0x3c, 0x64, 0x69, 0x76, 0x20, 0x73, 0x74, 0x79, 0x6c, 0x65
  .byte 0x3d, 0x7b, 0x7b, 0x20, 0x77, 0x69, 0x64, 0x74, 0x68, 0x3a, 0x20, 0x22, 0x34, 0x30, 0x30, 0x70
  .byte 0x78, 0x22, 0x2c, 0x20, 0x6d, 0x61, 0x72, 0x67, 0x69, 0x6e, 0x3a, 0x20, 0x22, 0x32, 0x72, 0x65
  .byte 0x6d, 0x22, 0x20, 0x7d, 0x7d, 0x3e, 0x0a, 0x20, 0x20, 0x20, 0x20, 0x20, 0x20, 0x20, 0x20, 0x3c
  .byte 0x53, 0x74, 0x6f, 0x72, 0x79, 0x20, 0x2f, 0x3e, 0x0a, 0x20, 0x20, 0x20, 0x20, 0x20, 0x20, 0x3c
  .byte 0x2f, 0x64, 0x69, 0x76, 0x3e, 0x0a, 0x20, 0x20, 0x20, 0x20, 0x29, 0x2c, 0x0a, 0x20, 0x20, 0x5d
  .byte 0x2c, 0x0a, 0x20, 0x20, 0x61, 0x72, 0x67, 0x54, 0x79, 0x70, 0x65, 0x73, 0x3a, 0x20, 0x7b, 0x0a
  .byte 0x20, 0x20, 0x20, 0x20, 0x76, 0x61, 0x72, 0x69, 0x61, 0x6e, 0x74, 0x3a, 0x20, 0x7b, 0x0a, 0x20
  .byte 0x20, 0x20, 0x20, 0x20, 0x20, 0x63, 0x6f, 0x6e, 0x74, 0x72, 0x6f, 0x6c, 0x3a, 0x20, 0x7b, 0x0a
  .byte 0x20, 0x20, 0x20, 0x20, 0x20, 0x20, 0x20, 0x20, 0x74, 0x79, 0x70, 0x65, 0x3a, 0x20, 0x22, 0x73
  .byte 0x65, 0x6c, 0x65, 0x63, 0x74, 0x22, 0x2c, 0x0a, 0x20, 0x20, 0x20, 0x20, 0x20, 0x20, 0x20, 0x20
  .byte 0x6f, 0x70, 0x74, 0x69, 0x6f, 0x6e, 0x73, 0x3a, 0x20, 0x5b, 0x22, 0x63, 0x6c, 0x65, 0x61, 0x72
  .byte 0x22, 0x5d, 0x2c, 0x0a, 0x20, 0x20, 0x20, 0x20, 0x20, 0x20, 0x7d, 0x2c, 0x0a, 0x20, 0x20, 0x20
  .byte 0x20, 0x20, 0x20, 0x64, 0x65, 0x73, 0x63, 0x72, 0x69, 0x70, 0x74, 0x69, 0x6f, 0x6e, 0x3a, 0x20
  .byte 0x22, 0x54, 0x68, 0x65, 0x20, 0x76, 0x61, 0x72, 0x69, 0x61, 0x6e, 0x74, 0x20, 0x6f, 0x66, 0x20
  .byte 0x74, 0x68, 0x65, 0x20, 0x74, 0x61, 0x62, 0x73, 0x22, 0x2c, 0x0a, 0x20, 0x20, 0x20, 0x20, 0x20
  .byte 0x20, 0x74, 0x61, 0x62, 0x6c, 0x65, 0x3a, 0x20, 0x7b, 0x0a, 0x20, 0x20, 0x20, 0x20, 0x20, 0x20
  .byte 0x20, 0x20, 0x74, 0x79, 0x70, 0x65, 0x3a, 0x20, 0x7b, 0x0a, 0x20, 0x20, 0x20, 0x20, 0x20, 0x20
  .byte 0x20, 0x20, 0x20, 0x20, 0x73, 0x75, 0x6d, 0x6d, 0x61, 0x72, 0x79, 0x3a, 0x20, 0x22, 0x63, 0x6c
  .byte 0x65, 0x61, 0x72, 0x22, 0x2c, 0x0a, 0x20, 0x20, 0x20, 0x20, 0x20, 0x20, 0x20, 0x20, 0x7d, 0x2c
  .byte 0x0a, 0x20, 0x20, 0x20, 0x20, 0x20, 0x20, 0x20, 0x20, 0x64, 0x65, 0x66, 0x61, 0x75, 0x6c, 0x74
  .byte 0x56, 0x61, 0x6c, 0x75, 0x65, 0x3a, 0x20, 0x7b, 0x20, 0x73, 0x75, 0x6d, 0x6d, 0x61, 0x72, 0x79
  .byte 0x3a, 0x20, 0x22, 0x63, 0x6c, 0x65, 0x61, 0x72, 0x22, 0x20, 0x7d, 0x2c, 0x0a, 0x20, 0x20, 0x20
  .byte 0x20, 0x20, 0x20, 0x20, 0x20, 0x63, 0x61, 0x74, 0x65, 0x67, 0x6f, 0x72, 0x79, 0x3a, 0x20, 0x22
  .byte 0x41, 0x70, 0x70, 0x65, 0x61, 0x72, 0x61, 0x6e, 0x63, 0x65, 0x22, 0x2c, 0x0a, 0x20, 0x20, 0x20
  .byte 0x20, 0x20, 0x20, 0x7d, 0x2c, 0x0a, 0x20, 0x20, 0x20, 0x20, 0x7d, 0x2c, 0x0a, 0x20, 0x20, 0x20
  .byte 0x20, 0x64, 0x65, 0x66, 0x61, 0x75, 0x6c, 0x74, 0x56, 0x61, 0x6c, 0x75, 0x65, 0x3a, 0x20, 0x7b
  .byte 0x0a, 0x20, 0x20, 0x20, 0x20, 0x20, 0x20, 0x63, 0x6f, 0x6e, 0x74, 0x72, 0x6f, 0x6c, 0x3a, 0x20
  .byte 0x66, 0x61, 0x6c, 0x73, 0x65, 0x2c, 0x0a, 0x20, 0x20, 0x20, 0x20, 0x20, 0x20, 0x64, 0x65, 0x73
  .byte 0x63, 0x72, 0x69, 0x70, 0x74, 0x69, 0x6f, 0x6e, 0x3a, 0x20, 0x22, 0x54, 0x68, 0x65, 0x20, 0x64
  .byte 0x65, 0x66, 0x61, 0x75, 0x6c, 0x74, 0x20, 0x76, 0x61, 0x6c, 0x75, 0x65, 0x20, 0x6f, 0x66, 0x20
  .byte 0x74, 0x68, 0x65, 0x20, 0x74, 0x61, 0x62, 0x73, 0x20, 0x77, 0x68, 0x69, 0x63, 0x68, 0x20, 0x69
  .byte 0x73, 0x20, 0x75, 0x73, 0x65, 0x64, 0x20, 0x74, 0x6f, 0x20, 0x64, 0x65, 0x74, 0x65, 0x72, 0x6d
  .byte 0x69, 0x6e, 0x65, 0x20, 0x77, 0x68, 0x69, 0x63, 0x68, 0x20, 0x74, 0x61, 0x62, 0x20, 0x69, 0x73
  .byte 0x20, 0x73, 0x65, 0x6c, 0x65, 0x63, 0x74, 0x65, 0x64, 0x22, 0x2c, 0x0a, 0x20, 0x20, 0x20, 0x20
  .byte 0x20, 0x20, 0x74, 0x61, 0x62, 0x6c, 0x65, 0x3a, 0x20, 0x7b, 0x0a, 0x20, 0x20, 0x20, 0x20, 0x20
  .byte 0x20, 0x20, 0x20, 0x63, 0x61, 0x74, 0x65, 0x67, 0x6f, 0x72, 0x79, 0x3a, 0x20, 0x22, 0x42, 0x65
  .byte 0x68, 0x61, 0x76, 0x69, 0x6f, 0x72, 0x22, 0x2c, 0x0a, 0x20, 0x20, 0x20, 0x20, 0x20, 0x20, 0x7d
  .byte 0x2c, 0x0a, 0x20, 0x20, 0x20, 0x20, 0x7d, 0x2c, 0x0a, 0x20, 0x20, 0x20, 0x20, 0x63, 0x6c, 0x61
  .byte 0x73, 0x73, 0x4e, 0x61, 0x6d, 0x65, 0x3a, 0x20, 0x7b, 0x0a, 0x20, 0x20, 0x20, 0x20, 0x20, 0x20
  .byte 0x63, 0x6f, 0x6e, 0x74, 0x72, 0x6f, 0x6c, 0x3a, 0x20, 0x66, 0x61, 0x6c, 0x73, 0x65, 0x2c, 0x0a
  .byte 0x20, 0x20, 0x20, 0x20, 0x20, 0x20, 0x64, 0x65, 0x73, 0x63, 0x72, 0x69, 0x70, 0x74, 0x69, 0x6f
  .byte 0x6e, 0x3a, 0x20, 0x22, 0x41, 0x64, 0x64, 0x69, 0x74, 0x69, 0x6f, 0x6e, 0x61, 0x6c, 0x20, 0x63
  .byte 0x6c, 0x61, 0x73, 0x73, 0x20, 0x6e, 0x61, 0x6d, 0x65, 0x20, 0x66, 0x6f, 0x72, 0x20, 0x74, 0x68
  .byte 0x65, 0x20, 0x74, 0x61, 0x62, 0x73, 0x22, 0x2c, 0x0a, 0x20, 0x20, 0x20, 0x20, 0x20, 0x20, 0x74
  .byte 0x61, 0x62, 0x6c, 0x65, 0x3a, 0x20, 0x7b, 0x0a, 0x20, 0x20, 0x20, 0x20, 0x20, 0x20, 0x20, 0x20
  .byte 0x63, 0x61, 0x74, 0x65, 0x67, 0x6f, 0x72, 0x79, 0x3a, 0x20, 0x22, 0x53, 0x74, 0x79, 0x6c, 0x69
  .byte 0x6e, 0x67, 0x22, 0x2c, 0x0a, 0x20, 0x20, 0x20, 0x20, 0x20, 0x20, 0x7d, 0x2c, 0x0a, 0x20, 0x20
  .byte 0x20, 0x20, 0x7d, 0x2c, 0x0a, 0x20, 0x20, 0x20, 0x20, 0x73, 0x74, 0x79, 0x6c, 0x65, 0x3a, 0x20
  .byte 0x7b, 0x0a, 0x20, 0x20, 0x20, 0x20, 0x20, 0x20, 0x63, 0x6f, 0x6e, 0x74, 0x72, 0x6f, 0x6c, 0x3a
  .byte 0x20, 0x66, 0x61, 0x6c, 0x73, 0x65, 0x2c, 0x0a, 0x20, 0x20, 0x20, 0x20, 0x20, 0x20, 0x64, 0x65
  .byte 0x73, 0x63, 0x72, 0x69, 0x70, 0x74, 0x69, 0x6f, 0x6e, 0x3a, 0x20, 0x22, 0x41, 0x64, 0x64, 0x69
  .byte 0x74, 0x69, 0x6f, 0x6e, 0x61, 0x6c, 0x20, 0x73, 0x74, 0x79, 0x6c, 0x65, 0x20, 0x66, 0x6f, 0x72
  .byte 0x20, 0x74, 0x68, 0x65, 0x20, 0x74, 0x61, 0x62, 0x73, 0x22, 0x2c, 0x0a, 0x20, 0x20, 0x20, 0x20
  .byte 0x20, 0x20, 0x74, 0x61, 0x62, 0x6c, 0x65, 0x3a, 0x20, 0x7b, 0x0a, 0x20, 0x20, 0x20, 0x20, 0x20
  .byte 0x20, 0x20, 0x20, 0x63, 0x61, 0x74, 0x65, 0x67, 0x6f, 0x72, 0x79, 0x3a, 0x20, 0x22, 0x53, 0x74
  .byte 0x79, 0x6c, 0x69, 0x6e, 0x67, 0x22, 0x2c, 0x0a, 0x20, 0x20, 0x20, 0x20, 0x20, 0x20, 0x7d, 0x2c
  .byte 0x0a, 0x20, 0x20, 0x20, 0x20, 0x7d, 0x2c, 0x0a, 0x20, 0x20, 0x7d, 0x2c, 0x0a, 0x7d, 0x3b, 0x0a
  .byte 0x0a, 0x65, 0x78, 0x70, 0x6f, 0x72, 0x74, 0x20, 0x64, 0x65, 0x66, 0x61, 0x75, 0x6c, 0x74, 0x20
  .byte 0x6d, 0x65, 0x74, 0x61, 0x3b, 0x0a, 0x74, 0x79, 0x70, 0x65, 0x20, 0x53, 0x74, 0x6f, 0x72, 0x79
  .byte 0x20, 0x3d, 0x20, 0x53, 0x74, 0x6f, 0x72, 0x79, 0x4f, 0x62, 0x6a, 0x3c, 0x74, 0x79, 0x70, 0x65
  .byte 0x6f, 0x66, 0x20, 0x54, 0x61, 0x62, 0x73, 0x3e, 0x3b, 0x0a, 0x0a, 0x65, 0x78, 0x70, 0x6f, 0x72
  .byte 0x74, 0x20, 0x63, 0x6f, 0x6e, 0x73, 0x74, 0x20, 0x54, 0x69, 0x74, 0x6c, 0x65, 0x3a, 0x20, 0x53
  .byte 0x74, 0x6f, 0x72, 0x79, 0x20, 0x3d, 0x20, 0x7b, 0x0a, 0x20, 0x20, 0x61, 0x72, 0x67, 0x73, 0x3a
  .byte 0x20, 0x7b, 0x0a, 0x20, 0x20, 0x20, 0x20, 0x76, 0x61, 0x72, 0x69, 0x61, 0x6e, 0x74, 0x3a, 0x20
  .byte 0x22, 0x63, 0x6c, 0x65, 0x61, 0x72, 0x22, 0x2c, 0x0a, 0x20, 0x20, 0x20, 0x20, 0x64, 0x65, 0x66
  .byte 0x61, 0x75, 0x6c, 0x74, 0x56, 0x61, 0x6c, 0x75, 0x65, 0x3a, 0x20, 0x22, 0x74, 0x61, 0x62, 0x31
  .byte 0x22, 0x2c, 0x0a, 0x20, 0x20, 0x7d, 0x2c, 0x0a, 0x20, 0x20, 0x72, 0x65, 0x6e, 0x64, 0x65, 0x72
  .byte 0x3a, 0x20, 0x28, 0x61, 0x72, 0x67, 0x73, 0x29, 0x20, 0x3d, 0x3e, 0x20, 0x28, 0x0a, 0x20, 0x20
  .byte 0x20, 0x20, 0x3c, 0x43, 0x61, 0x72, 0x64, 0x3e, 0x0a, 0x20, 0x20, 0x20, 0x20, 0x20, 0x20, 0x3c
  .byte 0x54, 0x61, 0x62, 0x73, 0x20, 0x7b, 0x2e, 0x2e, 0x2e, 0x61, 0x72, 0x67, 0x73, 0x7d, 0x3e, 0x0a
  .byte 0x20, 0x20, 0x20, 0x20, 0x20, 0x20, 0x20, 0x20, 0x3c, 0x54, 0x61, 0x62, 0x73, 0x4c, 0x69, 0x73
  .byte 0x74, 0x20, 0x76, 0x61, 0x72, 0x69, 0x61, 0x6e, 0x74, 0x3d, 0x22, 0x74, 0x69, 0x74, 0x6c, 0x65
  .byte 0x22, 0x3e, 0x0a, 0x20, 0x20, 0x20, 0x20, 0x20, 0x20, 0x20, 0x20, 0x20, 0x20, 0x3c, 0x54, 0x61
  .byte 0x62, 0x73, 0x54, 0x72, 0x69, 0x67, 0x67, 0x65, 0x72, 0x20, 0x76, 0x61, 0x6c, 0x75, 0x65, 0x3d
  .byte 0x22, 0x74, 0x61, 0x62, 0x31, 0x22, 0x20, 0x74, 0x65, 0x78, 0x74, 0x3d, 0x22, 0x50, 0x61, 0x72
  .byte 0x69, 0x73, 0x22, 0x20, 0x2f, 0x3e, 0x0a, 0x20, 0x20, 0x20, 0x20, 0x20, 0x20, 0x20, 0x20, 0x20
  .byte 0x20, 0x3c, 0x54, 0x61, 0x62, 0x73, 0x54, 0x72, 0x69, 0x67, 0x67, 0x65, 0x72, 0x20, 0x76, 0x61
  .byte 0x6c, 0x75, 0x65, 0x3d, 0x22, 0x74, 0x61, 0x62, 0x32, 0x22, 0x20, 0x74, 0x65, 0x78, 0x74, 0x3d
  .byte 0x22, 0x54, 0x6f, 0x6b, 0x79, 0x6f, 0x22, 0x20, 0x2f, 0x3e, 0x0a, 0x20, 0x20, 0x20, 0x20, 0x20
  .byte 0x20, 0x20, 0x20, 0x20, 0x20, 0x3c, 0x54, 0x61, 0x62, 0x73, 0x54, 0x72, 0x69, 0x67, 0x67, 0x65
  .byte 0x72, 0x20, 0x76, 0x61, 0x6c, 0x75, 0x65, 0x3d, 0x22, 0x74, 0x61, 0x62, 0x33, 0x22, 0x20, 0x74
  .byte 0x65, 0x78, 0x74, 0x3d, 0x22, 0x4e, 0x65, 0x77, 0x20, 0x59, 0x6f, 0x72, 0x6b, 0x22, 0x20, 0x2f
  .byte 0x3e, 0x0a, 0x20, 0x20, 0x20, 0x20, 0x20, 0x20, 0x20, 0x20, 0x3c, 0x2f, 0x54, 0x61, 0x62, 0x73
  .byte 0x4c, 0x69, 0x73, 0x74, 0x3e, 0x0a, 0x20, 0x20, 0x20, 0x20, 0x20, 0x20, 0x20, 0x20, 0x3c, 0x54
  .byte 0x61, 0x62, 0x73, 0x43, 0x6f, 0x6e, 0x74, 0x65, 0x6e, 0x74, 0x20, 0x76, 0x61, 0x6c, 0x75, 0x65
  .byte 0x3d, 0x22, 0x74, 0x61, 0x62, 0x31, 0x22, 0x3e, 0x0a, 0x20, 0x20, 0x20, 0x20, 0x20, 0x20, 0x20
  .byte 0x20, 0x20, 0x20, 0x3c, 0x43, 0x61, 0x72, 0x64, 0x48, 0x65, 0x61, 0x64, 0x65, 0x72, 0x0a, 0x20
  .byte 0x20, 0x20, 0x20, 0x20, 0x20, 0x20, 0x20, 0x20, 0x20, 0x20, 0x20, 0x74, 0x69, 0x74, 0x6c, 0x65
  .byte 0x3d, 0x22, 0x50, 0x61, 0x72, 0x69, 0x73, 0x2c, 0x20, 0x46, 0x72, 0x61, 0x6e, 0x63, 0x65, 0x22
  .byte 0x0a, 0x20, 0x20, 0x20, 0x20, 0x20, 0x20, 0x20, 0x20, 0x20, 0x20, 0x20, 0x20, 0x73, 0x75, 0x62
  .byte 0x74, 0x69, 0x74, 0x6c, 0x65, 0x3d, 0x22, 0x54, 0x68, 0x65, 0x20, 0x43, 0x69, 0x74, 0x79, 0x20
  .byte 0x6f, 0x66, 0x20, 0x4c, 0x69, 0x67, 0x68, 0x74, 0x22, 0x0a, 0x20, 0x20, 0x20, 0x20, 0x20, 0x20
  .byte 0x20, 0x20, 0x20, 0x20, 0x20, 0x20, 0x61, 0x63, 0x74, 0x69, 0x6f, 0x6e, 0x73, 0x3d, 0x7b, 0x5b
  .byte 0x3c, 0x49, 0x63, 0x6f, 0x6e, 0x42, 0x75, 0x74, 0x74, 0x6f, 0x6e, 0x20, 0x76, 0x61, 0x72, 0x69
  .byte 0x61, 0x6e, 0x74, 0x3d, 0x22, 0x74, 0x65, 0x72, 0x74, 0x69, 0x61, 0x72, 0x79, 0x22, 0x20, 0x73
  .byte 0x69, 0x7a, 0x65, 0x3d, 0x22, 0x73, 0x6d, 0x61, 0x6c, 0x6c, 0x22, 0x20, 0x69, 0x63, 0x6f, 0x6e
  .byte 0x3d, 0x7b, 0x3c, 0x50, 0x6c, 0x61, 0x6e, 0x65, 0x54, 0x61, 0x6b, 0x65, 0x6f, 0x66, 0x66, 0x20
  .byte 0x2f, 0x3e, 0x7d, 0x20, 0x2f, 0x3e, 0x5d, 0x7d, 0x0a, 0x20, 0x20, 0x20, 0x20, 0x20, 0x20, 0x20
  .byte 0x20, 0x20, 0x20, 0x2f, 0x3e, 0x0a, 0x20, 0x20, 0x20, 0x20, 0x20, 0x20, 0x20, 0x20, 0x20, 0x20
  .byte 0x3c, 0x49, 0x6d, 0x61, 0x67, 0x65, 0x0a, 0x20, 0x20, 0x20, 0x20, 0x20, 0x20, 0x20, 0x20, 0x20
  .byte 0x20, 0x20, 0x20, 0x73, 0x72, 0x63, 0x3d, 0x22, 0x68, 0x74, 0x74, 0x70, 0x73, 0x3a, 0x2f, 0x2f
  .byte 0x69, 0x6d, 0x61, 0x67, 0x65, 0x73, 0x2e, 0x75, 0x6e, 0x73, 0x70, 0x6c, 0x61, 0x73, 0x68, 0x2e
  .byte 0x63, 0x6f, 0x6d, 0x2f, 0x70, 0x68, 0x6f, 0x74, 0x6f, 0x2d, 0x31, 0x35, 0x30, 0x32, 0x36, 0x30
  .byte 0x32, 0x38, 0x39, 0x38, 0x36, 0x35, 0x37, 0x2d, 0x33, 0x65, 0x39, 0x31, 0x37, 0x36, 0x30, 0x63
  .byte 0x62, 0x62, 0x33, 0x34, 0x22, 0x0a, 0x20, 0x20, 0x20, 0x20, 0x20, 0x20, 0x20, 0x20, 0x20, 0x20
  .byte 0x20, 0x20, 0x61, 0x6c, 0x74, 0x3d, 0x22, 0x45, 0x69, 0x66, 0x66, 0x65, 0x6c, 0x20, 0x54, 0x6f
  .byte 0x77, 0x65, 0x72, 0x20, 0x69, 0x6e, 0x20, 0x50, 0x61, 0x72, 0x69, 0x73, 0x22, 0x0a, 0x20, 0x20
  .byte 0x20, 0x20, 0x20, 0x20, 0x20, 0x20, 0x20, 0x20, 0x20, 0x20, 0x73, 0x63, 0x61, 0x6c, 0x65, 0x3d
  .byte 0x22, 0x66, 0x69, 0x6c, 0x6c, 0x22, 0x0a, 0x20, 0x20, 0x20, 0x20, 0x20, 0x20, 0x20, 0x20, 0x20
  .byte 0x20, 0x2f, 0x3e, 0x0a, 0x20, 0x20, 0x20, 0x20, 0x20, 0x20, 0x20, 0x20, 0x3c, 0x2f, 0x54, 0x61
  .byte 0x62, 0x73, 0x43, 0x6f, 0x6e, 0x74, 0x65, 0x6e, 0x74, 0x3e, 0x0a, 0x20, 0x20, 0x20, 0x20, 0x20
  .byte 0x20, 0x20, 0x20, 0x3c, 0x54, 0x61, 0x62, 0x73, 0x43, 0x6f, 0x6e, 0x74, 0x65, 0x6e, 0x74, 0x20
  .byte 0x76, 0x61, 0x6c, 0x75, 0x65, 0x3d, 0x22, 0x74, 0x61, 0x62, 0x32, 0x22, 0x3e, 0x0a, 0x20, 0x20
  .byte 0x20, 0x20, 0x20, 0x20, 0x20, 0x20, 0x20, 0x20, 0x3c, 0x43, 0x61, 0x72, 0x64, 0x48, 0x65, 0x61
  .byte 0x64, 0x65, 0x72, 0x0a, 0x20, 0x20, 0x20, 0x20, 0x20, 0x20, 0x20, 0x20, 0x20, 0x20, 0x20, 0x20
  .byte 0x74, 0x69, 0x74, 0x6c, 0x65, 0x3d, 0x22, 0x54, 0x6f, 0x6b, 0x79, 0x6f, 0x2c, 0x20, 0x4a, 0x61
  .byte 0x70, 0x61, 0x6e, 0x22, 0x0a, 0x20, 0x20, 0x20, 0x20, 0x20, 0x20, 0x20, 0x20, 0x20, 0x20, 0x20
  .byte 0x20, 0x73, 0x75, 0x62, 0x74, 0x69, 0x74, 0x6c, 0x65, 0x3d, 0x22, 0x57, 0x68, 0x65, 0x72, 0x65
  .byte 0x20, 0x54, 0x72, 0x61, 0x64, 0x69, 0x74, 0x69, 0x6f, 0x6e, 0x20, 0x4d, 0x65, 0x65, 0x74, 0x73
  .byte 0x20, 0x46, 0x75, 0x74, 0x75, 0x72, 0x65, 0x22, 0x0a, 0x20, 0x20, 0x20, 0x20, 0x20, 0x20, 0x20
  .byte 0x20, 0x20, 0x20, 0x20, 0x20, 0x61, 0x63, 0x74, 0x69, 0x6f, 0x6e, 0x73, 0x3d, 0x7b, 0x5b, 0x3c
  .byte 0x49, 0x63, 0x6f, 0x6e, 0x42, 0x75, 0x74, 0x74, 0x6f, 0x6e, 0x20, 0x76, 0x61, 0x72, 0x69, 0x61
  .byte 0x6e, 0x74, 0x3d, 0x22, 0x74, 0x65, 0x72, 0x74, 0x69, 0x61, 0x72, 0x79, 0x22, 0x20, 0x73, 0x69
  .byte 0x7a, 0x65, 0x3d, 0x22, 0x73, 0x6d, 0x61, 0x6c, 0x6c, 0x22, 0x20, 0x69, 0x63, 0x6f, 0x6e, 0x3d
  .byte 0x7b, 0x3c, 0x53, 0x68, 0x69, 0x70, 0x20, 0x2f, 0x3e, 0x7d, 0x20, 0x2f, 0x3e, 0x5d, 0x7d, 0x0a
  .byte 0x20, 0x20, 0x20, 0x20, 0x20, 0x20, 0x20, 0x20, 0x20, 0x20, 0x2f, 0x3e, 0x0a, 0x20, 0x20, 0x20
  .byte 0x20, 0x20, 0x20, 0x20, 0x20, 0x20, 0x20, 0x3c, 0x49, 0x6d, 0x61, 0x67, 0x65, 0x0a, 0x20, 0x20
  .byte 0x20, 0x20, 0x20, 0x20, 0x20, 0x20, 0x20, 0x20, 0x20, 0x20, 0x73, 0x72, 0x63, 0x3d, 0x22, 0x68
  .byte 0x74, 0x74, 0x70, 0x73, 0x3a, 0x2f, 0x2f, 0x69, 0x6d, 0x61, 0x67, 0x65, 0x73, 0x2e, 0x75, 0x6e
  .byte 0x73, 0x70, 0x6c, 0x61, 0x73, 0x68, 0x2e, 0x63, 0x6f, 0x6d, 0x2f, 0x70, 0x68, 0x6f, 0x74, 0x6f
  .byte 0x2d, 0x31, 0x35, 0x33, 0x36, 0x30, 0x39, 0x38, 0x35, 0x36, 0x31, 0x37, 0x34, 0x32, 0x2d, 0x63
  .byte 0x61, 0x39, 0x39, 0x38, 0x65, 0x34, 0x38, 0x63, 0x62, 0x63, 0x63, 0x22, 0x0a, 0x20, 0x20, 0x20
  .byte 0x20, 0x20, 0x20, 0x20, 0x20, 0x20, 0x20, 0x20, 0x20, 0x61, 0x6c, 0x74, 0x3d, 0x22, 0x54, 0x6f
  .byte 0x6b, 0x79, 0x6f, 0x20, 0x63, 0x69, 0x74, 0x79, 0x73, 0x63, 0x61, 0x70, 0x65, 0x20, 0x77, 0x69
  .byte 0x74, 0x68, 0x20, 0x4d, 0x6f, 0x75, 0x6e, 0x74, 0x20, 0x46, 0x75, 0x6a, 0x69, 0x22, 0x0a, 0x20
  .byte 0x20, 0x20, 0x20, 0x20, 0x20, 0x20, 0x20, 0x20, 0x20, 0x20, 0x20, 0x73, 0x63, 0x61, 0x6c, 0x65
  .byte 0x3d, 0x22, 0x66, 0x69, 0x6c, 0x6c, 0x22, 0x0a, 0x20, 0x20, 0x20, 0x20, 0x20, 0x20, 0x20, 0x20
  .byte 0x20, 0x20, 0x2f, 0x3e, 0x0a, 0x20, 0x20, 0x20, 0x20, 0x20, 0x20, 0x20, 0x20, 0x3c, 0x2f, 0x54
  .byte 0x61, 0x62, 0x73, 0x43, 0x6f, 0x6e, 0x74, 0x65, 0x6e, 0x74, 0x3e, 0x0a, 0x20, 0x20, 0x20, 0x20
  .byte 0x20, 0x20, 0x20, 0x20, 0x3c, 0x54, 0x61, 0x62, 0x73, 0x43, 0x6f, 0x6e, 0x74, 0x65, 0x6e, 0x74
  .byte 0x20, 0x76, 0x61, 0x6c, 0x75, 0x65, 0x3d, 0x22, 0x74, 0x61, 0x62, 0x33, 0x22, 0x3e, 0x0a, 0x20
  .byte 0x20, 0x20, 0x20, 0x20, 0x20, 0x20, 0x20, 0x20, 0x20, 0x3c, 0x43, 0x61, 0x72, 0x64, 0x48, 0x65
  .byte 0x61, 0x64, 0x65, 0x72, 0x0a, 0x20, 0x20, 0x20, 0x20, 0x20, 0x20, 0x20, 0x20, 0x20, 0x20, 0x20
  .byte 0x20, 0x74, 0x69, 0x74, 0x6c, 0x65, 0x3d, 0x22, 0x4e, 0x65, 0x77, 0x20, 0x59, 0x6f, 0x72, 0x6b
  .byte 0x20, 0x43, 0x69, 0x74, 0x79, 0x2c, 0x20, 0x55, 0x53, 0x41, 0x22, 0x0a, 0x20, 0x20, 0x20, 0x20
  .byte 0x20, 0x20, 0x20, 0x20, 0x20, 0x20, 0x20, 0x20, 0x73, 0x75, 0x62, 0x74, 0x69, 0x74, 0x6c, 0x65
  .byte 0x3d, 0x22, 0x54, 0x68, 0x65, 0x20, 0x43, 0x69, 0x74, 0x79, 0x20, 0x54, 0x68, 0x61, 0x74, 0x20
  .byte 0x4e, 0x65, 0x76, 0x65, 0x72, 0x20, 0x53, 0x6c, 0x65, 0x65, 0x70, 0x73, 0x22, 0x0a, 0x20, 0x20
  .byte 0x20, 0x20, 0x20, 0x20, 0x20, 0x20, 0x20, 0x20, 0x20, 0x20, 0x61, 0x63, 0x74, 0x69, 0x6f, 0x6e
  .byte 0x73, 0x3d, 0x7b, 0x5b, 0x3c, 0x49, 0x63, 0x6f, 0x6e, 0x42, 0x75, 0x74, 0x74, 0x6f, 0x6e, 0x20
  .byte 0x76, 0x61, 0x72, 0x69, 0x61, 0x6e, 0x74, 0x3d, 0x22, 0x74, 0x65, 0x72, 0x74, 0x69, 0x61, 0x72
  .byte 0x79, 0x22, 0x20, 0x73, 0x69, 0x7a, 0x65, 0x3d, 0x22, 0x73, 0x6d, 0x61, 0x6c, 0x6c, 0x22, 0x20
  .byte 0x69, 0x63, 0x6f, 0x6e, 0x3d, 0x7b, 0x3c, 0x42, 0x75, 0x73, 0x46, 0x72, 0x6f, 0x6e, 0x74, 0x20
  .byte 0x2f, 0x3e, 0x7d, 0x20, 0x2f, 0x3e, 0x5d, 0x7d, 0x0a, 0x20, 0x20, 0x20, 0x20, 0x20, 0x20, 0x20
  .byte 0x20, 0x20, 0x20, 0x2f, 0x3e, 0x0a, 0x20, 0x20, 0x20, 0x20, 0x20, 0x20, 0x20, 0x20, 0x20, 0x20
  .byte 0x3c, 0x49, 0x6d, 0x61, 0x67, 0x65, 0x0a, 0x20, 0x20, 0x20, 0x20, 0x20, 0x20, 0x20, 0x20, 0x20
  .byte 0x20, 0x20, 0x20, 0x73, 0x72, 0x63, 0x3d, 0x22, 0x68, 0x74, 0x74, 0x70, 0x73, 0x3a, 0x2f, 0x2f
  .byte 0x69, 0x6d, 0x61, 0x67, 0x65, 0x73, 0x2e, 0x75, 0x6e, 0x73, 0x70, 0x6c, 0x61, 0x73, 0x68, 0x2e
  .byte 0x63, 0x6f, 0x6d, 0x2f, 0x70, 0x68, 0x6f, 0x74, 0x6f, 0x2d, 0x31, 0x34, 0x39, 0x36, 0x34, 0x34
  .byte 0x32, 0x32, 0x32, 0x36, 0x36, 0x36, 0x36, 0x2d, 0x38, 0x64, 0x34, 0x64, 0x30, 0x65, 0x36, 0x32
  .byte 0x65, 0x36, 0x65, 0x39, 0x22, 0x0a, 0x20, 0x20, 0x20, 0x20, 0x20, 0x20, 0x20, 0x20, 0x20, 0x20
  .byte 0x20, 0x20, 0x61, 0x6c, 0x74, 0x3d, 0x22, 0x4e, 0x65, 0x77, 0x20, 0x59, 0x6f, 0x72, 0x6b, 0x20
  .byte 0x43, 0x69, 0x74, 0x79, 0x20, 0x73, 0x6b, 0x79, 0x6c, 0x69, 0x6e, 0x65, 0x22, 0x0a, 0x20, 0x20
  .byte 0x20, 0x20, 0x20, 0x20, 0x20, 0x20, 0x20, 0x20, 0x20, 0x20, 0x73, 0x63, 0x61, 0x6c, 0x65, 0x3d
  .byte 0x22, 0x66, 0x69, 0x6c, 0x6c, 0x22, 0x0a, 0x20, 0x20, 0x20, 0x20, 0x20, 0x20, 0x20, 0x20, 0x20
  .byte 0x20, 0x2f, 0x3e, 0x0a, 0x20, 0x20, 0x20, 0x20, 0x20, 0x20, 0x20, 0x20, 0x3c, 0x2f, 0x54, 0x61
  .byte 0x62, 0x73, 0x43, 0x6f, 0x6e, 0x74, 0x65, 0x6e, 0x74, 0x3e, 0x0a, 0x20, 0x20, 0x20, 0x20, 0x20
  .byte 0x20, 0x3c, 0x2f, 0x54, 0x61, 0x62, 0x73, 0x3e, 0x0a, 0x20, 0x20, 0x20, 0x20, 0x3c, 0x2f, 0x43
  .byte 0x61, 0x72, 0x64, 0x3e, 0x0a, 0x20, 0x20, 0x29, 0x2c, 0x0a, 0x7d, 0x3b, 0x0a, 0x0a, 0x65, 0x78
  .byte 0x70, 0x6f, 0x72, 0x74, 0x20, 0x63, 0x6f, 0x6e, 0x73, 0x74, 0x20, 0x49, 0x63, 0x6f, 0x6e, 0x54
  .byte 0x69, 0x74, 0x6c, 0x65, 0x3a, 0x20, 0x53, 0x74, 0x6f, 0x72, 0x79, 0x20, 0x3d, 0x20, 0x7b, 0x0a
  .byte 0x20, 0x20, 0x61, 0x72, 0x67, 0x73, 0x3a, 0x20, 0x7b, 0x0a, 0x20, 0x20, 0x20, 0x20, 0x76, 0x61
  .byte 0x72, 0x69, 0x61, 0x6e, 0x74, 0x3a, 0x20, 0x22, 0x63, 0x6c, 0x65, 0x61, 0x72, 0x22, 0x2c, 0x0a
  .byte 0x20, 0x20, 0x20, 0x20, 0x64, 0x65, 0x66, 0x61, 0x75, 0x6c, 0x74, 0x56, 0x61, 0x6c, 0x75, 0x65
  .byte 0x3a, 0x20, 0x22, 0x74, 0x61, 0x62, 0x31, 0x22, 0x2c, 0x0a, 0x20, 0x20, 0x7d, 0x2c, 0x0a, 0x20
  .byte 0x20, 0x72, 0x65, 0x6e, 0x64, 0x65, 0x72, 0x3a, 0x20, 0x28, 0x61, 0x72, 0x67, 0x73, 0x29, 0x20
  .byte 0x3d, 0x3e, 0x20, 0x28, 0x0a, 0x20, 0x20, 0x20, 0x20, 0x3c, 0x54, 0x61, 0x62, 0x73, 0x20, 0x7b
  .byte 0x2e, 0x2e, 0x2e, 0x61, 0x72, 0x67, 0x73, 0x7d, 0x3e, 0x0a, 0x20, 0x20, 0x20, 0x20, 0x20, 0x20
  .byte 0x3c, 0x54, 0x61, 0x62, 0x73, 0x4c, 0x69, 0x73, 0x74, 0x20, 0x76, 0x61, 0x72, 0x69, 0x61, 0x6e
  .byte 0x74, 0x3d, 0x22, 0x69, 0x63, 0x6f, 0x6e, 0x54, 0x69, 0x74, 0x6c, 0x65, 0x22, 0x3e, 0x0a, 0x20
  .byte 0x20, 0x20, 0x20, 0x20, 0x20, 0x20, 0x20, 0x3c, 0x54, 0x61, 0x62, 0x73, 0x54, 0x72, 0x69, 0x67
  .byte 0x67, 0x65, 0x72, 0x20, 0x76, 0x61, 0x6c, 0x75, 0x65, 0x3d, 0x22, 0x74, 0x61, 0x62, 0x31, 0x22
  .byte 0x20, 0x74, 0x65, 0x78, 0x74, 0x3d, 0x22, 0x56, 0x65, 0x6e, 0x69, 0x63, 0x65, 0x22, 0x20, 0x69
  .byte 0x63, 0x6f, 0x6e, 0x3d, 0x7b, 0x3c, 0x50, 0x6c, 0x61, 0x6e, 0x65, 0x54, 0x61, 0x6b, 0x65, 0x6f
  .byte 0x66, 0x66, 0x20, 0x2f, 0x3e, 0x7d, 0x20, 0x2f, 0x3e, 0x0a, 0x20, 0x20, 0x20, 0x20, 0x20, 0x20
  .byte 0x20, 0x20, 0x3c, 0x54, 0x61, 0x62, 0x73, 0x54, 0x72, 0x69, 0x67, 0x67, 0x65, 0x72, 0x20, 0x76
  .byte 0x61, 0x6c, 0x75, 0x65, 0x3d, 0x22, 0x74, 0x61, 0x62, 0x32, 0x22, 0x20, 0x74, 0x65, 0x78, 0x74
  .byte 0x3d, 0x22, 0x4b, 0x79, 0x6f, 0x74, 0x6f, 0x22, 0x20, 0x69, 0x63, 0x6f, 0x6e, 0x3d, 0x7b, 0x3c
  .byte 0x53, 0x68, 0x69, 0x70, 0x20, 0x2f, 0x3e, 0x7d, 0x20, 0x2f, 0x3e, 0x0a, 0x20, 0x20, 0x20, 0x20
  .byte 0x20, 0x20, 0x20, 0x20, 0x3c, 0x54, 0x61, 0x62, 0x73, 0x54, 0x72, 0x69, 0x67, 0x67, 0x65, 0x72
  .byte 0x20, 0x76, 0x61, 0x6c, 0x75, 0x65, 0x3d, 0x22, 0x74, 0x61, 0x62, 0x33, 0x22, 0x20, 0x74, 0x65
  .byte 0x78, 0x74, 0x3d, 0x22, 0x44, 0x75, 0x62, 0x61, 0x69, 0x22, 0x20, 0x69, 0x63, 0x6f, 0x6e, 0x3d
  .byte 0x7b, 0x3c, 0x42, 0x75, 0x73, 0x46, 0x72, 0x6f, 0x6e, 0x74, 0x20, 0x2f, 0x3e, 0x7d, 0x20, 0x2f
  .byte 0x3e, 0x0a, 0x20, 0x20, 0x20, 0x20, 0x20, 0x20, 0x3c, 0x2f, 0x54, 0x61, 0x62, 0x73, 0x4c, 0x69
  .byte 0x73, 0x74, 0x3e, 0x0a, 0x20, 0x20, 0x20, 0x20, 0x20, 0x20, 0x3c, 0x54, 0x61, 0x62, 0x73, 0x43
  .byte 0x6f, 0x6e, 0x74, 0x65, 0x6e, 0x74, 0x20, 0x76, 0x61, 0x6c, 0x75, 0x65, 0x3d, 0x22, 0x74, 0x61
  .byte 0x62, 0x31, 0x22, 0x3e, 0x0a, 0x20, 0x20, 0x20, 0x20, 0x20, 0x20, 0x20, 0x20, 0x3c, 0x43, 0x61
  .byte 0x72, 0x64, 0x48, 0x65, 0x61, 0x64, 0x65, 0x72, 0x20, 0x74, 0x69, 0x74, 0x6c, 0x65, 0x3d, 0x22
  .byte 0x56, 0x65, 0x6e, 0x69, 0x63, 0x65, 0x2c, 0x20, 0x49, 0x74, 0x61, 0x6c, 0x79, 0x22, 0x20, 0x73
  .byte 0x75, 0x62, 0x74, 0x69, 0x74, 0x6c, 0x65, 0x3d, 0x22, 0x54, 0x68, 0x65, 0x20, 0x46, 0x6c, 0x6f
  .byte 0x61, 0x74, 0x69, 0x6e, 0x67, 0x20, 0x43, 0x69, 0x74, 0x79, 0x22, 0x20, 0x2f, 0x3e, 0x0a, 0x20
  .byte 0x20, 0x20, 0x20, 0x20, 0x20, 0x3c, 0x2f, 0x54, 0x61, 0x62, 0x73, 0x43, 0x6f, 0x6e, 0x74, 0x65
  .byte 0x6e, 0x74, 0x3e, 0x0a, 0x20, 0x20, 0x20, 0x20, 0x20, 0x20, 0x3c, 0x54, 0x61, 0x62, 0x73, 0x43
  .byte 0x6f, 0x6e, 0x74, 0x65, 0x6e, 0x74, 0x20, 0x76, 0x61, 0x6c, 0x75, 0x65, 0x3d, 0x22, 0x74, 0x61
  .byte 0x62, 0x32, 0x22, 0x3e, 0x0a, 0x20, 0x20, 0x20, 0x20, 0x20, 0x20, 0x20, 0x20, 0x3c, 0x43, 0x61
  .byte 0x72, 0x64, 0x48, 0x65, 0x61, 0x64, 0x65, 0x72, 0x20, 0x74, 0x69, 0x74, 0x6c, 0x65, 0x3d, 0x22
  .byte 0x4b, 0x79, 0x6f, 0x74, 0x6f, 0x2c, 0x20, 0x4a, 0x61, 0x70, 0x61, 0x6e, 0x22, 0x20, 0x73, 0x75
  .byte 0x62, 0x74, 0x69, 0x74, 0x6c, 0x65, 0x3d, 0x22, 0x54, 0x68, 0x65, 0x20, 0x43, 0x75, 0x6c, 0x74
  .byte 0x75, 0x72, 0x61, 0x6c, 0x20, 0x48, 0x65, 0x61, 0x72, 0x74, 0x20, 0x6f, 0x66, 0x20, 0x4a, 0x61
  .byte 0x70, 0x61, 0x6e, 0x22, 0x20, 0x2f, 0x3e, 0x0a, 0x20, 0x20, 0x20, 0x20, 0x20, 0x20, 0x3c, 0x2f
  .byte 0x54, 0x61, 0x62, 0x73, 0x43, 0x6f, 0x6e, 0x74, 0x65, 0x6e, 0x74, 0x3e, 0x0a, 0x20, 0x20, 0x20
  .byte 0x20, 0x20, 0x20, 0x3c, 0x54, 0x61, 0x62, 0x73, 0x43, 0x6f, 0x6e, 0x74, 0x65, 0x6e, 0x74, 0x20
  .byte 0x76, 0x61, 0x6c, 0x75, 0x65, 0x3d, 0x22, 0x74, 0x61, 0x62, 0x33, 0x22, 0x3e, 0x0a, 0x20, 0x20
  .byte 0x20, 0x20, 0x20, 0x20, 0x20, 0x20, 0x3c, 0x43, 0x61, 0x72, 0x64, 0x48, 0x65, 0x61, 0x64, 0x65
  .byte 0x72, 0x20, 0x74, 0x69, 0x74, 0x6c, 0x65, 0x3d, 0x22, 0x44, 0x75, 0x62, 0x61, 0x69, 0x2c, 0x20
  .byte 0x55, 0x41, 0x45, 0x22, 0x20, 0x73, 0x75, 0x62, 0x74, 0x69, 0x74, 0x6c, 0x65, 0x3d, 0x22, 0x43
  .byte 0x69, 0x74, 0x79, 0x20, 0x6f, 0x66, 0x20, 0x74, 0x68, 0x65, 0x20, 0x46, 0x75, 0x74, 0x75, 0x72
  .byte 0x65, 0x22, 0x20, 0x2f, 0x3e, 0x0a, 0x20, 0x20, 0x20, 0x20, 0x20, 0x20, 0x3c, 0x2f, 0x54, 0x61
  .byte 0x62, 0x73, 0x43, 0x6f, 0x6e, 0x74, 0x65, 0x6e, 0x74, 0x3e, 0x0a, 0x20, 0x20, 0x20, 0x20, 0x3c
  .byte 0x2f, 0x54, 0x61, 0x62, 0x73, 0x3e, 0x0a, 0x20, 0x20, 0x29, 0x2c, 0x0a, 0x7d, 0x3b, 0x0a, 0x0a
  .byte 0x65, 0x78, 0x70, 0x6f, 0x72, 0x74, 0x20, 0x63, 0x6f, 0x6e, 0x73, 0x74, 0x20, 0x49, 0x63, 0x6f
  .byte 0x6e, 0x54, 0x69, 0x74, 0x6c, 0x65, 0x53, 0x75, 0x62, 0x74, 0x65, 0x78, 0x74, 0x3a, 0x20, 0x53
  .byte 0x74, 0x6f, 0x72, 0x79, 0x20, 0x3d, 0x20, 0x7b, 0x0a, 0x20, 0x20, 0x61, 0x72, 0x67, 0x73, 0x3a
  .byte 0x20, 0x7b, 0x0a, 0x20, 0x20, 0x20, 0x20, 0x76, 0x61, 0x72, 0x69, 0x61, 0x6e, 0x74, 0x3a, 0x20
  .byte 0x22, 0x63, 0x6c, 0x65, 0x61, 0x72, 0x22, 0x2c, 0x0a, 0x20, 0x20, 0x20, 0x20, 0x64, 0x65, 0x66
  .byte 0x61, 0x75, 0x6c, 0x74, 0x56, 0x61, 0x6c, 0x75, 0x65, 0x3a, 0x20, 0x22, 0x74, 0x61, 0x62, 0x31
  .byte 0x22, 0x2c, 0x0a, 0x20, 0x20, 0x7d, 0x2c, 0x0a, 0x20, 0x20, 0x72, 0x65, 0x6e, 0x64, 0x65, 0x72
  .byte 0x3a, 0x20, 0x28, 0x61, 0x72, 0x67, 0x73, 0x29, 0x20, 0x3d, 0x3e, 0x20, 0x28, 0x0a, 0x20, 0x20
  .byte 0x20, 0x20, 0x3c, 0x54, 0x61, 0x62, 0x73, 0x20, 0x7b, 0x2e, 0x2e, 0x2e, 0x61, 0x72, 0x67, 0x73
  .byte 0x7d, 0x3e, 0x0a, 0x20, 0x20, 0x20, 0x20, 0x20, 0x20, 0x3c, 0x54, 0x61, 0x62, 0x73, 0x4c, 0x69
  .byte 0x73, 0x74, 0x20, 0x76, 0x61, 0x72, 0x69, 0x61, 0x6e, 0x74, 0x3d, 0x22, 0x69, 0x63, 0x6f, 0x6e
  .byte 0x54, 0x69, 0x74, 0x6c, 0x65, 0x53, 0x75, 0x62, 0x74, 0x65, 0x78, 0x74, 0x22, 0x3e, 0x0a, 0x20
  .byte 0x20, 0x20, 0x20, 0x20, 0x20, 0x20, 0x20, 0x3c, 0x54, 0x61, 0x62, 0x73, 0x54, 0x72, 0x69, 0x67
  .byte 0x67, 0x65, 0x72, 0x20, 0x76, 0x61, 0x6c, 0x75, 0x65, 0x3d, 0x22, 0x74, 0x61, 0x62, 0x31, 0x22
  .byte 0x20, 0x74, 0x65, 0x78, 0x74, 0x3d, 0x22, 0x56, 0x65, 0x6e, 0x69, 0x63, 0x65, 0x22, 0x20, 0x73
  .byte 0x75, 0x62, 0x74, 0x65, 0x78, 0x74, 0x3d, 0x22, 0x49, 0x74, 0x61, 0x6c, 0x79, 0x22, 0x20, 0x69
  .byte 0x63, 0x6f, 0x6e, 0x3d, 0x7b, 0x3c, 0x50, 0x6c, 0x61, 0x6e, 0x65, 0x54, 0x61, 0x6b, 0x65, 0x6f
  .byte 0x66, 0x66, 0x20, 0x2f, 0x3e, 0x7d, 0x20, 0x2f, 0x3e, 0x0a, 0x20, 0x20, 0x20, 0x20, 0x20, 0x20
  .byte 0x20, 0x20, 0x3c, 0x54, 0x61, 0x62, 0x73, 0x54, 0x72, 0x69, 0x67, 0x67, 0x65, 0x72, 0x20, 0x76
  .byte 0x61, 0x6c, 0x75, 0x65, 0x3d, 0x22, 0x74, 0x61, 0x62, 0x32, 0x22, 0x20, 0x74, 0x65, 0x78, 0x74
  .byte 0x3d, 0x22, 0x4b, 0x79, 0x6f, 0x74, 0x6f, 0x22, 0x20, 0x73, 0x75, 0x62, 0x74, 0x65, 0x78, 0x74
  .byte 0x3d, 0x22, 0x4a, 0x61, 0x70, 0x61, 0x6e, 0x22, 0x20, 0x69, 0x63, 0x6f, 0x6e, 0x3d, 0x7b, 0x3c
  .byte 0x53, 0x68, 0x69, 0x70, 0x20, 0x2f, 0x3e, 0x7d, 0x20, 0x2f, 0x3e, 0x0a, 0x20, 0x20, 0x20, 0x20
  .byte 0x20, 0x20, 0x20, 0x20, 0x3c, 0x54, 0x61, 0x62, 0x73, 0x54, 0x72, 0x69, 0x67, 0x67, 0x65, 0x72
  .byte 0x20, 0x76, 0x61, 0x6c, 0x75, 0x65, 0x3d, 0x22, 0x74, 0x61, 0x62, 0x33, 0x22, 0x20, 0x74, 0x65
  .byte 0x78, 0x74, 0x3d, 0x22, 0x44, 0x75, 0x62, 0x61, 0x69, 0x22, 0x20, 0x73, 0x75, 0x62, 0x74, 0x65
  .byte 0x78, 0x74, 0x3d, 0x22, 0x55, 0x41, 0x45, 0x22, 0x20, 0x69, 0x63, 0x6f, 0x6e, 0x3d, 0x7b, 0x3c
  .byte 0x42, 0x75, 0x73, 0x46, 0x72, 0x6f, 0x6e, 0x74, 0x20, 0x2f, 0x3e, 0x7d, 0x20, 0x2f, 0x3e, 0x0a
  .byte 0x20, 0x20, 0x20, 0x20, 0x20, 0x20, 0x3c, 0x2f, 0x54, 0x61, 0x62, 0x73, 0x4c, 0x69, 0x73, 0x74
  .byte 0x3e, 0x0a, 0x20, 0x20, 0x20, 0x20, 0x20, 0x20, 0x3c, 0x54, 0x61, 0x62, 0x73, 0x43, 0x6f, 0x6e
  .byte 0x74, 0x65, 0x6e, 0x74, 0x20, 0x76, 0x61, 0x6c, 0x75, 0x65, 0x3d, 0x22, 0x74, 0x61, 0x62, 0x31
  .byte 0x22, 0x3e, 0x0a, 0x20, 0x20, 0x20, 0x20, 0x20, 0x20, 0x20, 0x20, 0x3c, 0x43, 0x61, 0x72, 0x64
  .byte 0x48, 0x65, 0x61, 0x64, 0x65, 0x72, 0x20, 0x74, 0x69, 0x74, 0x6c, 0x65, 0x3d, 0x22, 0x56, 0x65
  .byte 0x6e, 0x69, 0x63, 0x65, 0x2c, 0x20, 0x49, 0x74, 0x61, 0x6c, 0x79, 0x22, 0x20, 0x73, 0x75, 0x62
  .byte 0x74, 0x69, 0x74, 0x6c, 0x65, 0x3d, 0x22, 0x54, 0x68, 0x65, 0x20, 0x46, 0x6c, 0x6f, 0x61, 0x74
  .byte 0x69, 0x6e, 0x67, 0x20, 0x43, 0x69, 0x74, 0x79, 0x22, 0x20, 0x2f, 0x3e, 0x0a, 0x20, 0x20, 0x20
  .byte 0x20, 0x20, 0x20, 0x3c, 0x2f, 0x54, 0x61, 0x62, 0x73, 0x43, 0x6f, 0x6e, 0x74, 0x65, 0x6e, 0x74
  .byte 0x3e, 0x0a, 0x20, 0x20, 0x20, 0x20, 0x20, 0x20, 0x3c, 0x54, 0x61, 0x62, 0x73, 0x43, 0x6f, 0x6e
  .byte 0x74, 0x65, 0x6e, 0x74, 0x20, 0x76, 0x61, 0x6c, 0x75, 0x65, 0x3d, 0x22, 0x74, 0x61, 0x62, 0x32
  .byte 0x22, 0x3e, 0x0a, 0x20, 0x20, 0x20, 0x20, 0x20, 0x20, 0x20, 0x20, 0x3c, 0x43, 0x61, 0x72, 0x64
  .byte 0x48, 0x65, 0x61, 0x64, 0x65, 0x72, 0x20, 0x74, 0x69, 0x74, 0x6c, 0x65, 0x3d, 0x22, 0x4b, 0x79
  .byte 0x6f, 0x74, 0x6f, 0x2c, 0x20, 0x4a, 0x61, 0x70, 0x61, 0x6e, 0x22, 0x20, 0x73, 0x75, 0x62, 0x74
  .byte 0x69, 0x74, 0x6c, 0x65, 0x3d, 0x22, 0x54, 0x68, 0x65, 0x20, 0x43, 0x75, 0x6c, 0x74, 0x75, 0x72
  .byte 0x61, 0x6c, 0x20, 0x48, 0x65, 0x61, 0x72, 0x74, 0x20, 0x6f, 0x66, 0x20, 0x4a, 0x61, 0x70, 0x61
  .byte 0x6e, 0x22, 0x20, 0x2f, 0x3e, 0x0a, 0x20, 0x20, 0x20, 0x20, 0x20, 0x20, 0x3c, 0x2f, 0x54, 0x61
  .byte 0x62, 0x73, 0x43, 0x6f, 0x6e, 0x74, 0x65, 0x6e, 0x74, 0x3e, 0x0a, 0x20, 0x20, 0x20, 0x20, 0x20
  .byte 0x20, 0x3c, 0x54, 0x61, 0x62, 0x73, 0x43, 0x6f, 0x6e, 0x74, 0x65, 0x6e, 0x74, 0x20, 0x76, 0x61
  .byte 0x6c, 0x75, 0x65, 0x3d, 0x22, 0x74, 0x61, 0x62, 0x33, 0x22, 0x3e, 0x0a, 0x20, 0x20, 0x20, 0x20
  .byte 0x20, 0x20, 0x20, 0x20, 0x3c, 0x43, 0x61, 0x72, 0x64, 0x48, 0x65, 0x61, 0x64, 0x65, 0x72, 0x20
  .byte 0x74, 0x69, 0x74, 0x6c, 0x65, 0x3d, 0x22, 0x44, 0x75, 0x62, 0x61, 0x69, 0x2c, 0x20, 0x55, 0x41
  .byte 0x45, 0x22, 0x20, 0x73, 0x75, 0x62, 0x74, 0x69, 0x74, 0x6c, 0x65, 0x3d, 0x22, 0x43, 0x69, 0x74
  .byte 0x79, 0x20, 0x6f, 0x66, 0x20, 0x74, 0x68, 0x65, 0x20, 0x46, 0x75, 0x74, 0x75, 0x72, 0x65, 0x22
  .byte 0x20, 0x2f, 0x3e, 0x0a, 0x20, 0x20, 0x20, 0x20, 0x20, 0x20, 0x3c, 0x2f, 0x54, 0x61, 0x62, 0x73
  .byte 0x43, 0x6f, 0x6e, 0x74, 0x65, 0x6e, 0x74, 0x3e, 0x0a, 0x20, 0x20, 0x20, 0x20, 0x3c, 0x2f, 0x54
  .byte 0x61, 0x62, 0x73, 0x3e, 0x0a, 0x20, 0x20, 0x29, 0x2c, 0x0a, 0x7d, 0x3b, 0x0a, 0x0a, 0x65, 0x78
  .byte 0x70, 0x6f, 0x72, 0x74, 0x20, 0x63, 0x6f, 0x6e, 0x73, 0x74, 0x20, 0x49, 0x6d, 0x61, 0x67, 0x65
  .byte 0x54, 0x69, 0x74, 0x6c, 0x65, 0x3a, 0x20, 0x53, 0x74, 0x6f, 0x72, 0x79, 0x20, 0x3d, 0x20, 0x7b
  .byte 0x0a, 0x20, 0x20, 0x61, 0x72, 0x67, 0x73, 0x3a, 0x20, 0x7b, 0x0a, 0x20, 0x20, 0x20, 0x20, 0x76
  .byte 0x61, 0x72, 0x69, 0x61, 0x6e, 0x74, 0x3a, 0x20, 0x22, 0x63, 0x6c, 0x65, 0x61, 0x72, 0x22, 0x2c
  .byte 0x0a, 0x20, 0x20, 0x20, 0x20, 0x64, 0x65, 0x66, 0x61, 0x75, 0x6c, 0x74, 0x56, 0x61, 0x6c, 0x75
  .byte 0x65, 0x3a, 0x20, 0x22, 0x74, 0x61, 0x62, 0x31, 0x22, 0x2c, 0x0a, 0x20, 0x20, 0x7d, 0x2c, 0x0a
  .byte 0x20, 0x20, 0x72, 0x65, 0x6e, 0x64, 0x65, 0x72, 0x3a, 0x20, 0x28, 0x61, 0x72, 0x67, 0x73, 0x29
  .byte 0x20, 0x3d, 0x3e, 0x20, 0x28, 0x0a, 0x20, 0x20, 0x20, 0x20, 0x3c, 0x54, 0x61, 0x62, 0x73, 0x20
  .byte 0x7b, 0x2e, 0x2e, 0x2e, 0x61, 0x72, 0x67, 0x73, 0x7d, 0x3e, 0x0a, 0x20, 0x20, 0x20, 0x20, 0x20
  .byte 0x20, 0x3c, 0x54, 0x61, 0x62, 0x73, 0x4c, 0x69, 0x73, 0x74, 0x20, 0x76, 0x61, 0x72, 0x69, 0x61
  .byte 0x6e, 0x74, 0x3d, 0x22, 0x69, 0x6d, 0x61, 0x67, 0x65, 0x54, 0x69, 0x74, 0x6c, 0x65, 0x22, 0x3e
  .byte 0x0a, 0x20, 0x20, 0x20, 0x20, 0x20, 0x20, 0x20, 0x20, 0x3c, 0x54, 0x61, 0x62, 0x73, 0x54, 0x72
  .byte 0x69, 0x67, 0x67, 0x65, 0x72, 0x0a, 0x20, 0x20, 0x20, 0x20, 0x20, 0x20, 0x20, 0x20, 0x20, 0x20
  .byte 0x76, 0x61, 0x6c, 0x75, 0x65, 0x3d, 0x22, 0x74, 0x61, 0x62, 0x31, 0x22, 0x0a, 0x20, 0x20, 0x20
  .byte 0x20, 0x20, 0x20, 0x20, 0x20, 0x20, 0x20, 0x74, 0x65, 0x78, 0x74, 0x3d, 0x22, 0x50, 0x61, 0x72
  .byte 0x69, 0x73, 0x22, 0x0a, 0x20, 0x20, 0x20, 0x20, 0x20, 0x20, 0x20, 0x20, 0x20, 0x20, 0x69, 0x6d
  .byte 0x61, 0x67, 0x65, 0x3d, 0x22, 0x68, 0x74, 0x74, 0x70, 0x73, 0x3a, 0x2f, 0x2f, 0x69, 0x6d, 0x61
  .byte 0x67, 0x65, 0x73, 0x2e, 0x75, 0x6e, 0x73, 0x70, 0x6c, 0x61, 0x73, 0x68, 0x2e, 0x63, 0x6f, 0x6d
  .byte 0x2f, 0x70, 0x68, 0x6f, 0x74, 0x6f, 0x2d, 0x31, 0x35, 0x30, 0x32, 0x36, 0x30, 0x32, 0x38, 0x39
  .byte 0x38, 0x36, 0x35, 0x37, 0x2d, 0x33, 0x65, 0x39, 0x31, 0x37, 0x36, 0x30, 0x63, 0x62, 0x62, 0x33
  .byte 0x34, 0x3f, 0x77, 0x3d, 0x36, 0x34, 0x22, 0x0a, 0x20, 0x20, 0x20, 0x20, 0x20, 0x20, 0x20, 0x20
  .byte 0x2f, 0x3e, 0x0a, 0x20, 0x20, 0x20, 0x20, 0x20, 0x20, 0x20, 0x20, 0x3c, 0x54, 0x61, 0x62, 0x73
  .byte 0x54, 0x72, 0x69, 0x67, 0x67, 0x65, 0x72, 0x0a, 0x20, 0x20, 0x20, 0x20, 0x20, 0x20, 0x20, 0x20
  .byte 0x20, 0x20, 0x76, 0x61, 0x6c, 0x75, 0x65, 0x3d, 0x22, 0x74, 0x61, 0x62, 0x32, 0x22, 0x0a, 0x20
  .byte 0x20, 0x20, 0x20, 0x20, 0x20, 0x20, 0x20, 0x20, 0x20, 0x74, 0x65, 0x78, 0x74, 0x3d, 0x22, 0x54
  .byte 0x6f, 0x6b, 0x79, 0x6f, 0x22, 0x0a, 0x20, 0x20, 0x20, 0x20, 0x20, 0x20, 0x20, 0x20, 0x20, 0x20
  .byte 0x69, 0x6d, 0x61, 0x67, 0x65, 0x3d, 0x22, 0x68, 0x74, 0x74, 0x70, 0x73, 0x3a, 0x2f, 0x2f, 0x69
  .byte 0x6d, 0x61, 0x67, 0x65, 0x73, 0x2e, 0x75, 0x6e, 0x73, 0x70, 0x6c, 0x61, 0x73, 0x68, 0x2e, 0x63
  .byte 0x6f, 0x6d, 0x2f, 0x70, 0x68, 0x6f, 0x74, 0x6f, 0x2d, 0x31, 0x35, 0x33, 0x36, 0x30, 0x39, 0x38
  .byte 0x35, 0x36, 0x31, 0x37, 0x34, 0x32, 0x2d, 0x63, 0x61, 0x39, 0x39, 0x38, 0x65, 0x34, 0x38, 0x63
  .byte 0x62, 0x63, 0x63, 0x3f, 0x77, 0x3d, 0x36, 0x34, 0x22, 0x0a, 0x20, 0x20, 0x20, 0x20, 0x20, 0x20
  .byte 0x20, 0x20, 0x2f, 0x3e, 0x0a, 0x20, 0x20, 0x20, 0x20, 0x20, 0x20, 0x20, 0x20, 0x3c, 0x54, 0x61
  .byte 0x62, 0x73, 0x54, 0x72, 0x69, 0x67, 0x67, 0x65, 0x72, 0x0a, 0x20, 0x20, 0x20, 0x20, 0x20, 0x20
  .byte 0x20, 0x20, 0x20, 0x20, 0x76, 0x61, 0x6c, 0x75, 0x65, 0x3d, 0x22, 0x74, 0x61, 0x62, 0x33, 0x22
  .byte 0x0a, 0x20, 0x20, 0x20, 0x20, 0x20, 0x20, 0x20, 0x20, 0x20, 0x20, 0x74, 0x65, 0x78, 0x74, 0x3d
  .byte 0x22, 0x4e, 0x65, 0x77, 0x20, 0x59, 0x6f, 0x72, 0x6b, 0x22, 0x0a, 0x20, 0x20, 0x20, 0x20, 0x20
  .byte 0x20, 0x20, 0x20, 0x20, 0x20, 0x69, 0x6d, 0x61, 0x67, 0x65, 0x3d, 0x22, 0x68, 0x74, 0x74, 0x70
  .byte 0x73, 0x3a, 0x2f, 0x2f, 0x69, 0x6d, 0x61, 0x67, 0x65, 0x73, 0x2e, 0x75, 0x6e, 0x73, 0x70, 0x6c
  .byte 0x61, 0x73, 0x68, 0x2e, 0x63, 0x6f, 0x6d, 0x2f, 0x70, 0x68, 0x6f, 0x74, 0x6f, 0x2d, 0x31, 0x34
  .byte 0x39, 0x36, 0x34, 0x34, 0x32, 0x32, 0x32, 0x36, 0x36, 0x36, 0x36, 0x2d, 0x38, 0x64, 0x34, 0x64
  .byte 0x30, 0x65, 0x36, 0x32, 0x65, 0x36, 0x65, 0x39, 0x3f, 0x77, 0x3d, 0x36, 0x34, 0x22, 0x0a, 0x20
  .byte 0x20, 0x20, 0x20, 0x20, 0x20, 0x20, 0x20, 0x2f, 0x3e, 0x0a, 0x20, 0x20, 0x20, 0x20, 0x20, 0x20
  .byte 0x3c, 0x2f, 0x54, 0x61, 0x62, 0x73, 0x4c, 0x69, 0x73, 0x74, 0x3e, 0x0a, 0x20, 0x20, 0x20, 0x20
  .byte 0x20, 0x20, 0x3c, 0x54, 0x61, 0x62, 0x73, 0x43, 0x6f, 0x6e, 0x74, 0x65, 0x6e, 0x74, 0x20, 0x76
  .byte 0x61, 0x6c, 0x75, 0x65, 0x3d, 0x22, 0x74, 0x61, 0x62, 0x31, 0x22, 0x3e, 0x0a, 0x20, 0x20, 0x20
  .byte 0x20, 0x20, 0x20, 0x20, 0x20, 0x3c, 0x43, 0x61, 0x72, 0x64, 0x48, 0x65, 0x61, 0x64, 0x65, 0x72
  .byte 0x20, 0x74, 0x69, 0x74, 0x6c, 0x65, 0x3d, 0x22, 0x50, 0x61, 0x72, 0x69, 0x73, 0x2c, 0x20, 0x46
  .byte 0x72, 0x61, 0x6e, 0x63, 0x65, 0x22, 0x20, 0x73, 0x75, 0x62, 0x74, 0x69, 0x74, 0x6c, 0x65, 0x3d
  .byte 0x22, 0x54, 0x68, 0x65, 0x20, 0x43, 0x69, 0x74, 0x79, 0x20, 0x6f, 0x66, 0x20, 0x4c, 0x69, 0x67
  .byte 0x68, 0x74, 0x22, 0x20, 0x2f, 0x3e, 0x0a, 0x20, 0x20, 0x20, 0x20, 0x20, 0x20, 0x3c, 0x2f, 0x54
  .byte 0x61, 0x62, 0x73, 0x43, 0x6f, 0x6e, 0x74, 0x65, 0x6e, 0x74, 0x3e, 0x0a, 0x20, 0x20, 0x20, 0x20
  .byte 0x20, 0x20, 0x3c, 0x54, 0x61, 0x62, 0x73, 0x43, 0x6f, 0x6e, 0x74, 0x65, 0x6e, 0x74, 0x20, 0x76
  .byte 0x61, 0x6c, 0x75, 0x65, 0x3d, 0x22, 0x74, 0x61, 0x62, 0x32, 0x22, 0x3e, 0x0a, 0x20, 0x20, 0x20
  .byte 0x20, 0x20, 0x20, 0x20, 0x20, 0x3c, 0x43, 0x61, 0x72, 0x64, 0x48, 0x65, 0x61, 0x64, 0x65, 0x72
  .byte 0x20, 0x74, 0x69, 0x74, 0x6c, 0x65, 0x3d, 0x22, 0x54, 0x6f, 0x6b, 0x79, 0x6f, 0x2c, 0x20, 0x4a
  .byte 0x61, 0x70, 0x61, 0x6e, 0x22, 0x20, 0x73, 0x75, 0x62, 0x74, 0x69, 0x74, 0x6c, 0x65, 0x3d, 0x22
  .byte 0x57, 0x68, 0x65, 0x72, 0x65, 0x20, 0x54, 0x72, 0x61, 0x64, 0x69, 0x74, 0x69, 0x6f, 0x6e, 0x20
  .byte 0x4d, 0x65, 0x65, 0x74, 0x73, 0x20, 0x46, 0x75, 0x74, 0x75, 0x72, 0x65, 0x22, 0x20, 0x2f, 0x3e
  .byte 0x0a, 0x20, 0x20, 0x20, 0x20, 0x20, 0x20, 0x3c, 0x2f, 0x54, 0x61, 0x62, 0x73, 0x43, 0x6f, 0x6e
  .byte 0x74, 0x65, 0x6e, 0x74, 0x3e, 0x0a, 0x20, 0x20, 0x20, 0x20, 0x20, 0x20, 0x3c, 0x54, 0x61, 0x62
  .byte 0x73, 0x43, 0x6f, 0x6e, 0x74, 0x65, 0x6e, 0x74, 0x20, 0x76, 0x61, 0x6c, 0x75, 0x65, 0x3d, 0x22
  .byte 0x74, 0x61, 0x62, 0x33, 0x22, 0x3e, 0x0a, 0x20, 0x20, 0x20, 0x20, 0x20, 0x20, 0x20, 0x20, 0x3c
  .byte 0x43, 0x61, 0x72, 0x64, 0x48, 0x65, 0x61, 0x64, 0x65, 0x72, 0x20, 0x74, 0x69, 0x74, 0x6c, 0x65
  .byte 0x3d, 0x22, 0x4e, 0x65, 0x77, 0x20, 0x59, 0x6f, 0x72, 0x6b, 0x20, 0x43, 0x69, 0x74, 0x79, 0x2c
  .byte 0x20, 0x55, 0x53, 0x41, 0x22, 0x20, 0x73, 0x75, 0x62, 0x74, 0x69, 0x74, 0x6c, 0x65, 0x3d, 0x22
  .byte 0x54, 0x68, 0x65, 0x20, 0x43, 0x69, 0x74, 0x79, 0x20, 0x54, 0x68, 0x61, 0x74, 0x20, 0x4e, 0x65
  .byte 0x76, 0x65, 0x72, 0x20, 0x53, 0x6c, 0x65, 0x65, 0x70, 0x73, 0x22, 0x20, 0x2f, 0x3e, 0x0a, 0x20
  .byte 0x20, 0x20, 0x20, 0x20, 0x20, 0x3c, 0x2f, 0x54, 0x61, 0x62, 0x73, 0x43, 0x6f, 0x6e, 0x74, 0x65
  .byte 0x6e, 0x74, 0x3e, 0x0a, 0x20, 0x20, 0x20, 0x20, 0x3c, 0x2f, 0x54, 0x61, 0x62, 0x73, 0x3e, 0x0a
  .byte 0x20, 0x20, 0x29, 0x2c, 0x0a, 0x7d, 0x3b, 0x0a, 0x0a, 0x65, 0x78, 0x70, 0x6f, 0x72, 0x74, 0x20
  .byte 0x63, 0x6f, 0x6e, 0x73, 0x74, 0x20, 0x49, 0x6d, 0x61, 0x67, 0x65, 0x54, 0x69, 0x74, 0x6c, 0x65
  .byte 0x53, 0x75, 0x62, 0x74, 0x65, 0x78, 0x74, 0x3a, 0x20, 0x53, 0x74, 0x6f, 0x72, 0x79, 0x20, 0x3d
  .byte 0x20, 0x7b, 0x0a, 0x20, 0x20, 0x61, 0x72, 0x67, 0x73, 0x3a, 0x20, 0x7b, 0x0a, 0x20, 0x20, 0x20
  .byte 0x20, 0x76, 0x61, 0x72, 0x69, 0x61, 0x6e, 0x74, 0x3a, 0x20, 0x22, 0x63, 0x6c, 0x65, 0x61, 0x72
  .byte 0x22, 0x2c, 0x0a, 0x20, 0x20, 0x20, 0x20, 0x64, 0x65, 0x66, 0x61, 0x75, 0x6c, 0x74, 0x56, 0x61
  .byte 0x6c, 0x75, 0x65, 0x3a, 0x20, 0x22, 0x74, 0x61, 0x62, 0x31, 0x22, 0x2c, 0x0a, 0x20, 0x20, 0x7d
  .byte 0x2c, 0x0a, 0x20, 0x20, 0x72, 0x65, 0x6e, 0x64, 0x65, 0x72, 0x3a, 0x20, 0x28, 0x61, 0x72, 0x67
  .byte 0x73, 0x29, 0x20, 0x3d, 0x3e, 0x20, 0x28, 0x0a, 0x20, 0x20, 0x20, 0x20, 0x3c, 0x54, 0x61, 0x62
  .byte 0x73, 0x20, 0x7b, 0x2e, 0x2e, 0x2e, 0x61, 0x72, 0x67, 0x73, 0x7d, 0x3e, 0x0a, 0x20, 0x20, 0x20
  .byte 0x20, 0x20, 0x20, 0x3c, 0x54, 0x61, 0x62, 0x73, 0x4c, 0x69, 0x73, 0x74, 0x20, 0x76, 0x61, 0x72
  .byte 0x69, 0x61, 0x6e, 0x74, 0x3d, 0x22, 0x69, 0x6d, 0x61, 0x67, 0x65, 0x54, 0x69, 0x74, 0x6c, 0x65
  .byte 0x53, 0x75, 0x62, 0x74, 0x65, 0x78, 0x74, 0x22, 0x3e, 0x0a, 0x20, 0x20, 0x20, 0x20, 0x20, 0x20
  .byte 0x20, 0x20, 0x3c, 0x54, 0x61, 0x62, 0x73, 0x54, 0x72, 0x69, 0x67, 0x67, 0x65, 0x72, 0x0a, 0x20
  .byte 0x20, 0x20, 0x20, 0x20, 0x20, 0x20, 0x20, 0x20, 0x20, 0x76, 0x61, 0x6c, 0x75, 0x65, 0x3d, 0x22
  .byte 0x74, 0x61, 0x62, 0x31, 0x22, 0x0a, 0x20, 0x20, 0x20, 0x20, 0x20, 0x20, 0x20, 0x20, 0x20, 0x20
  .byte 0x74, 0x65, 0x78, 0x74, 0x3d, 0x22, 0x50, 0x61, 0x72, 0x69, 0x73, 0x22, 0x0a, 0x20, 0x20, 0x20
  .byte 0x20, 0x20, 0x20, 0x20, 0x20, 0x20, 0x20, 0x73, 0x75, 0x62, 0x74, 0x65, 0x78, 0x74, 0x3d, 0x22
  .byte 0x46, 0x72, 0x61, 0x6e, 0x63, 0x65, 0x22, 0x0a, 0x20, 0x20, 0x20, 0x20, 0x20, 0x20, 0x20, 0x20
  .byte 0x20, 0x20, 0x69, 0x6d, 0x61, 0x67, 0x65, 0x3d, 0x22, 0x68, 0x74, 0x74, 0x70, 0x73, 0x3a, 0x2f
  .byte 0x2f, 0x69, 0x6d, 0x61, 0x67, 0x65, 0x73, 0x2e, 0x75, 0x6e, 0x73, 0x70, 0x6c, 0x61, 0x73, 0x68
  .byte 0x2e, 0x63, 0x6f, 0x6d, 0x2f, 0x70, 0x68, 0x6f, 0x74, 0x6f, 0x2d, 0x31, 0x35, 0x30, 0x32, 0x36
  .byte 0x30, 0x32, 0x38, 0x39, 0x38, 0x36, 0x35, 0x37, 0x2d, 0x33, 0x65, 0x39, 0x31, 0x37, 0x36, 0x30
  .byte 0x63, 0x62, 0x62, 0x33, 0x34, 0x3f, 0x77, 0x3d, 0x36, 0x34, 0x22, 0x0a, 0x20, 0x20, 0x20, 0x20
  .byte 0x20, 0x20, 0x20, 0x20, 0x2f, 0x3e, 0x0a, 0x20, 0x20, 0x20, 0x20, 0x20, 0x20, 0x20, 0x20, 0x3c
  .byte 0x54, 0x61, 0x62, 0x73, 0x54, 0x72, 0x69, 0x67, 0x67, 0x65, 0x72, 0x0a, 0x20, 0x20, 0x20, 0x20
  .byte 0x20, 0x20, 0x20, 0x20, 0x20, 0x20, 0x76, 0x61, 0x6c, 0x75, 0x65, 0x3d, 0x22, 0x74, 0x61, 0x62
  .byte 0x32, 0x22, 0x0a, 0x20, 0x20, 0x20, 0x20, 0x20, 0x20, 0x20, 0x20, 0x20, 0x20, 0x74, 0x65, 0x78
  .byte 0x74, 0x3d, 0x22, 0x54, 0x6f, 0x6b, 0x79, 0x6f, 0x22, 0x0a, 0x20, 0x20, 0x20, 0x20, 0x20, 0x20
  .byte 0x20, 0x20, 0x20, 0x20, 0x73, 0x75, 0x62, 0x74, 0x65, 0x78, 0x74, 0x3d, 0x22, 0x4a, 0x61, 0x70
  .byte 0x61, 0x6e, 0x22, 0x0a, 0x20, 0x20, 0x20, 0x20, 0x20, 0x20, 0x20, 0x20, 0x20, 0x20, 0x69, 0x6d
  .byte 0x61, 0x67, 0x65, 0x3d, 0x22, 0x68, 0x74, 0x74, 0x70, 0x73, 0x3a, 0x2f, 0x2f, 0x69, 0x6d, 0x61
  .byte 0x67, 0x65, 0x73, 0x2e, 0x75, 0x6e, 0x73, 0x70, 0x6c, 0x61, 0x73, 0x68, 0x2e, 0x63, 0x6f, 0x6d
  .byte 0x2f, 0x70, 0x68, 0x6f, 0x74, 0x6f, 0x2d, 0x31, 0x35, 0x33, 0x36, 0x30, 0x39, 0x38, 0x35, 0x36
  .byte 0x31, 0x37, 0x34, 0x32, 0x2d, 0x63, 0x61, 0x39, 0x39, 0x38, 0x65, 0x34, 0x38, 0x63, 0x62, 0x63
  .byte 0x63, 0x3f, 0x77, 0x3d, 0x36, 0x34, 0x22, 0x0a, 0x20, 0x20, 0x20, 0x20, 0x20, 0x20, 0x20, 0x20
  .byte 0x2f, 0x3e, 0x0a, 0x20, 0x20, 0x20, 0x20, 0x20, 0x20, 0x20, 0x20, 0x3c, 0x54, 0x61, 0x62, 0x73
  .byte 0x54, 0x72, 0x69, 0x67, 0x67, 0x65, 0x72, 0x0a, 0x20, 0x20, 0x20, 0x20, 0x20, 0x20, 0x20, 0x20
  .byte 0x20, 0x20, 0x76, 0x61, 0x6c, 0x75, 0x65, 0x3d, 0x22, 0x74, 0x61, 0x62, 0x33, 0x22, 0x0a, 0x20
  .byte 0x20, 0x20, 0x20, 0x20, 0x20, 0x20, 0x20, 0x20, 0x20, 0x74, 0x65, 0x78, 0x74, 0x3d, 0x22, 0x4e
  .byte 0x65, 0x77, 0x20, 0x59, 0x6f, 0x72, 0x6b, 0x22, 0x0a, 0x20, 0x20, 0x20, 0x20, 0x20, 0x20, 0x20
  .byte 0x20, 0x20, 0x20, 0x73, 0x75, 0x62, 0x74, 0x65, 0x78, 0x74, 0x3d, 0x22, 0x55, 0x53, 0x41, 0x22
  .byte 0x0a, 0x20, 0x20, 0x20, 0x20, 0x20, 0x20, 0x20, 0x20, 0x20, 0x20, 0x69, 0x6d, 0x61, 0x67, 0x65
  .byte 0x3d, 0x22, 0x68, 0x74, 0x74, 0x70, 0x73, 0x3a, 0x2f, 0x2f, 0x69, 0x6d, 0x61, 0x67, 0x65, 0x73
  .byte 0x2e, 0x75, 0x6e, 0x73, 0x70, 0x6c, 0x61, 0x73, 0x68, 0x2e, 0x63, 0x6f, 0x6d, 0x2f, 0x70, 0x68
  .byte 0x6f, 0x74, 0x6f, 0x2d, 0x31, 0x34, 0x39, 0x36, 0x34, 0x34, 0x32, 0x32, 0x32, 0x36, 0x36, 0x36
  .byte 0x36, 0x2d, 0x38, 0x64, 0x34, 0x64, 0x30, 0x65, 0x36, 0x32, 0x65, 0x36, 0x65, 0x39, 0x3f, 0x77
  .byte 0x3d, 0x36, 0x34, 0x22, 0x0a, 0x20, 0x20, 0x20, 0x20, 0x20, 0x20, 0x20, 0x20, 0x2f, 0x3e, 0x0a
  .byte 0x20, 0x20, 0x20, 0x20, 0x20, 0x20, 0x20, 0x20, 0x3c, 0x54, 0x61, 0x62, 0x73, 0x54, 0x72, 0x69
  .byte 0x67, 0x67, 0x65, 0x72, 0x0a, 0x20, 0x20, 0x20, 0x20, 0x20, 0x20, 0x20, 0x20, 0x20, 0x20, 0x76
  .byte 0x61, 0x6c, 0x75, 0x65, 0x3d, 0x22, 0x74, 0x61, 0x62, 0x34, 0x22, 0x0a, 0x20, 0x20, 0x20, 0x20
  .byte 0x20, 0x20, 0x20, 0x20, 0x20, 0x20, 0x74, 0x65, 0x78, 0x74, 0x3d, 0x22, 0x4c, 0x6f, 0x6e, 0x64
  .byte 0x6f, 0x6e, 0x22, 0x0a, 0x20, 0x20, 0x20, 0x20, 0x20, 0x20, 0x20, 0x20, 0x20, 0x20, 0x73, 0x75
  .byte 0x62, 0x74, 0x65, 0x78, 0x74, 0x3d, 0x22, 0x55, 0x4b, 0x22, 0x0a, 0x20, 0x20, 0x20, 0x20, 0x20
  .byte 0x20, 0x20, 0x20, 0x20, 0x20, 0x69, 0x6d, 0x61, 0x67, 0x65, 0x3d, 0x22, 0x68, 0x74, 0x74, 0x70
  .byte 0x73, 0x3a, 0x2f, 0x2f, 0x69, 0x6d, 0x61, 0x67, 0x65, 0x73, 0x2e, 0x75, 0x6e, 0x73, 0x70, 0x6c
  .byte 0x61, 0x73, 0x68, 0x2e, 0x63, 0x6f, 0x6d, 0x2f, 0x70, 0x68, 0x6f, 0x74, 0x6f, 0x2d, 0x31, 0x35
  .byte 0x31, 0x33, 0x36, 0x33, 0x35, 0x32, 0x36, 0x39, 0x39, 0x37, 0x35, 0x2d, 0x35, 0x39, 0x36, 0x36
  .byte 0x33, 0x65, 0x30, 0x61, 0x63, 0x31, 0x61, 0x64, 0x3f, 0x77, 0x3d, 0x36, 0x34, 0x22, 0x0a, 0x20
  .byte 0x20, 0x20, 0x20, 0x20, 0x20, 0x20, 0x20, 0x2f, 0x3e, 0x0a, 0x20, 0x20, 0x20, 0x20, 0x20, 0x20
  .byte 0x20, 0x20, 0x3c, 0x54, 0x61, 0x62, 0x73, 0x54, 0x72, 0x69, 0x67, 0x67, 0x65, 0x72, 0x0a, 0x20
  .byte 0x20, 0x20, 0x20, 0x20, 0x20, 0x20, 0x20, 0x20, 0x20, 0x76, 0x61, 0x6c, 0x75, 0x65, 0x3d, 0x22
  .byte 0x74, 0x61, 0x62, 0x35, 0x22, 0x0a, 0x20, 0x20, 0x20, 0x20, 0x20, 0x20, 0x20, 0x20, 0x20, 0x20
  .byte 0x74, 0x65, 0x78, 0x74, 0x3d, 0x22, 0x53, 0x79, 0x64, 0x6e, 0x65, 0x79, 0x22, 0x0a, 0x20, 0x20
  .byte 0x20, 0x20, 0x20, 0x20, 0x20, 0x20, 0x20, 0x20, 0x73, 0x75, 0x62, 0x74, 0x65, 0x78, 0x74, 0x3d
  .byte 0x22, 0x41, 0x75, 0x73, 0x74, 0x72, 0x61, 0x6c, 0x69, 0x61, 0x22, 0x0a, 0x20, 0x20, 0x20, 0x20
  .byte 0x20, 0x20, 0x20, 0x20, 0x20, 0x20, 0x69, 0x6d, 0x61, 0x67, 0x65, 0x3d, 0x22, 0x68, 0x74, 0x74
  .byte 0x70, 0x73, 0x3a, 0x2f, 0x2f, 0x69, 0x6d, 0x61, 0x67, 0x65, 0x73, 0x2e, 0x75, 0x6e, 0x73, 0x70
  .byte 0x6c, 0x61, 0x73, 0x68, 0x2e, 0x63, 0x6f, 0x6d, 0x2f, 0x70, 0x68, 0x6f, 0x74, 0x6f, 0x2d, 0x31
  .byte 0x35, 0x30, 0x36, 0x39, 0x37, 0x33, 0x30, 0x33, 0x35, 0x38, 0x37, 0x32, 0x2d, 0x61, 0x34, 0x65
  .byte 0x63, 0x31, 0x36, 0x62, 0x38, 0x65, 0x38, 0x64, 0x39, 0x3f, 0x77, 0x3d, 0x36, 0x34, 0x22, 0x0a
  .byte 0x20, 0x20, 0x20, 0x20, 0x20, 0x20, 0x20, 0x20, 0x2f, 0x3e, 0x0a, 0x20, 0x20, 0x20, 0x20, 0x20
  .byte 0x20, 0x20, 0x20, 0x3c, 0x54, 0x61, 0x62, 0x73, 0x54, 0x72, 0x69, 0x67, 0x67, 0x65, 0x72, 0x0a
  .byte 0x20, 0x20, 0x20, 0x20, 0x20, 0x20, 0x20, 0x20, 0x20, 0x20, 0x76, 0x61, 0x6c, 0x75, 0x65, 0x3d
  .byte 0x22, 0x74, 0x61, 0x62, 0x36, 0x22, 0x0a, 0x20, 0x20, 0x20, 0x20, 0x20, 0x20, 0x20, 0x20, 0x20
  .byte 0x20, 0x74, 0x65, 0x78, 0x74, 0x3d, 0x22, 0x52, 0x6f, 0x6d, 0x65, 0x22, 0x0a, 0x20, 0x20, 0x20
  .byte 0x20, 0x20, 0x20, 0x20, 0x20, 0x20, 0x20, 0x73, 0x75, 0x62, 0x74, 0x65, 0x78, 0x74, 0x3d, 0x22
  .byte 0x49, 0x74, 0x61, 0x6c, 0x79, 0x22, 0x0a, 0x20, 0x20, 0x20, 0x20, 0x20, 0x20, 0x20, 0x20, 0x20
  .byte 0x20, 0x69, 0x6d, 0x61, 0x67, 0x65, 0x3d, 0x22, 0x68, 0x74, 0x74, 0x70, 0x73, 0x3a, 0x2f, 0x2f
  .byte 0x69, 0x6d, 0x61, 0x67, 0x65, 0x73, 0x2e, 0x75, 0x6e, 0x73, 0x70, 0x6c, 0x61, 0x73, 0x68, 0x2e
  .byte 0x63, 0x6f, 0x6d, 0x2f, 0x70, 0x68, 0x6f, 0x74, 0x6f, 0x2d, 0x31, 0x35, 0x35, 0x32, 0x38, 0x33
  .byte 0x32, 0x32, 0x33, 0x30, 0x2d, 0x63, 0x30, 0x31, 0x39, 0x37, 0x64, 0x64, 0x33, 0x31, 0x31, 0x62
  .byte 0x35, 0x3f, 0x77, 0x3d, 0x36, 0x34, 0x22, 0x0a, 0x20, 0x20, 0x20, 0x20, 0x20, 0x20, 0x20, 0x20
  .byte 0x2f, 0x3e, 0x0a, 0x20, 0x20, 0x20, 0x20, 0x20, 0x20, 0x20, 0x20, 0x3c, 0x54, 0x61, 0x62, 0x73
  .byte 0x54, 0x72, 0x69, 0x67, 0x67, 0x65, 0x72, 0x0a, 0x20, 0x20, 0x20, 0x20, 0x20, 0x20, 0x20, 0x20
  .byte 0x20, 0x20, 0x76, 0x61, 0x6c, 0x75, 0x65, 0x3d, 0x22, 0x74, 0x61, 0x62, 0x37, 0x22, 0x0a, 0x20
  .byte 0x20, 0x20, 0x20, 0x20, 0x20, 0x20, 0x20, 0x20, 0x20, 0x74, 0x65, 0x78, 0x74, 0x3d, 0x22, 0x42
  .byte 0x61, 0x72, 0x63, 0x65, 0x6c, 0x6f, 0x6e, 0x61, 0x22, 0x0a, 0x20, 0x20, 0x20, 0x20, 0x20, 0x20
  .byte 0x20, 0x20, 0x20, 0x20, 0x73, 0x75, 0x62, 0x74, 0x65, 0x78, 0x74, 0x3d, 0x22, 0x53, 0x70, 0x61
  .byte 0x69, 0x6e, 0x22, 0x0a, 0x20, 0x20, 0x20, 0x20, 0x20, 0x20, 0x20, 0x20, 0x20, 0x20, 0x69, 0x6d
  .byte 0x61, 0x67, 0x65, 0x3d, 0x22, 0x68, 0x74, 0x74, 0x70, 0x73, 0x3a, 0x2f, 0x2f, 0x69, 0x6d, 0x61
  .byte 0x67, 0x65, 0x73, 0x2e, 0x75, 0x6e, 0x73, 0x70, 0x6c, 0x61, 0x73, 0x68, 0x2e, 0x63, 0x6f, 0x6d
  .byte 0x2f, 0x70, 0x68, 0x6f, 0x74, 0x6f, 0x2d, 0x31, 0x35, 0x38, 0x33, 0x34, 0x32, 0x32, 0x34, 0x30
  .byte 0x39, 0x35, 0x31, 0x36, 0x2d, 0x32, 0x38, 0x39, 0x35, 0x61, 0x37, 0x37, 0x65, 0x66, 0x64, 0x65
  .byte 0x64, 0x3f, 0x77, 0x3d, 0x36, 0x34, 0x22, 0x0a, 0x20, 0x20, 0x20, 0x20, 0x20, 0x20, 0x20, 0x20
  .byte 0x2f, 0x3e, 0x0a, 0x20, 0x20, 0x20, 0x20, 0x20, 0x20, 0x20, 0x20, 0x3c, 0x54, 0x61, 0x62, 0x73
  .byte 0x54, 0x72, 0x69, 0x67, 0x67, 0x65, 0x72, 0x0a, 0x20, 0x20, 0x20, 0x20, 0x20, 0x20, 0x20, 0x20
  .byte 0x20, 0x20, 0x76, 0x61, 0x6c, 0x75, 0x65, 0x3d, 0x22, 0x74, 0x61, 0x62, 0x38, 0x22, 0x0a, 0x20
  .byte 0x20, 0x20, 0x20, 0x20, 0x20, 0x20, 0x20, 0x20, 0x20, 0x74, 0x65, 0x78, 0x74, 0x3d, 0x22, 0x42
  .byte 0x61, 0x6e, 0x67, 0x6b, 0x6f, 0x6b, 0x22, 0x0a, 0x20, 0x20, 0x20, 0x20, 0x20, 0x20, 0x20, 0x20
  .byte 0x20, 0x20, 0x73, 0x75, 0x62, 0x74, 0x65, 0x78, 0x74, 0x3d, 0x22, 0x54, 0x68, 0x61, 0x69, 0x6c
  .byte 0x61, 0x6e, 0x64, 0x22, 0x0a, 0x20, 0x20, 0x20, 0x20, 0x20, 0x20, 0x20, 0x20, 0x20, 0x20, 0x69
  .byte 0x6d, 0x61, 0x67, 0x65, 0x3d, 0x22, 0x68, 0x74, 0x74, 0x70, 0x73, 0x3a, 0x2f, 0x2f, 0x69, 0x6d
  .byte 0x61, 0x67, 0x65, 0x73, 0x2e, 0x75, 0x6e, 0x73, 0x70, 0x6c, 0x61, 0x73, 0x68, 0x2e, 0x63, 0x6f
  .byte 0x6d, 0x2f, 0x70, 0x68, 0x6f, 0x74, 0x6f, 0x2d, 0x31, 0x35, 0x30, 0x38, 0x30, 0x30, 0x39, 0x36
  .byte 0x30, 0x33, 0x38, 0x38, 0x35, 0x2d, 0x35, 0x30, 0x63, 0x66, 0x37, 0x63, 0x35, 0x37, 0x39, 0x33
  .byte 0x36, 0x35, 0x3f, 0x77, 0x3d, 0x36, 0x34, 0x22, 0x0a, 0x20, 0x20, 0x20, 0x20, 0x20, 0x20, 0x20
  .byte 0x20, 0x2f, 0x3e, 0x0a, 0x20, 0x20, 0x20, 0x20, 0x20, 0x20, 0x20, 0x20, 0x3c, 0x54, 0x61, 0x62
  .byte 0x73, 0x54, 0x72, 0x69, 0x67, 0x67, 0x65, 0x72, 0x0a, 0x20, 0x20, 0x20, 0x20, 0x20, 0x20, 0x20
  .byte 0x20, 0x20, 0x20, 0x76, 0x61, 0x6c, 0x75, 0x65, 0x3d, 0x22, 0x74, 0x61, 0x62, 0x39, 0x22, 0x0a
  .byte 0x20, 0x20, 0x20, 0x20, 0x20, 0x20, 0x20, 0x20, 0x20, 0x20, 0x74, 0x65, 0x78, 0x74, 0x3d, 0x22
  .byte 0x43, 0x61, 0x70, 0x65, 0x20, 0x54, 0x6f, 0x77, 0x6e, 0x22, 0x0a, 0x20, 0x20, 0x20, 0x20, 0x20
  .byte 0x20, 0x20, 0x20, 0x20, 0x20, 0x73, 0x75, 0x62, 0x74, 0x65, 0x78, 0x74, 0x3d, 0x22, 0x53, 0x6f
  .byte 0x75, 0x74, 0x68, 0x20, 0x41, 0x66, 0x72, 0x69, 0x63, 0x61, 0x22, 0x0a, 0x20, 0x20, 0x20, 0x20
  .byte 0x20, 0x20, 0x20, 0x20, 0x20, 0x20, 0x69, 0x6d, 0x61, 0x67, 0x65, 0x3d, 0x22, 0x68, 0x74, 0x74
  .byte 0x70, 0x73, 0x3a, 0x2f, 0x2f, 0x69, 0x6d, 0x61, 0x67, 0x65, 0x73, 0x2e, 0x75, 0x6e, 0x73, 0x70
  .byte 0x6c, 0x61, 0x73, 0x68, 0x2e, 0x63, 0x6f, 0x6d, 0x2f, 0x70, 0x68, 0x6f, 0x74, 0x6f, 0x2d, 0x31
  .byte 0x35, 0x38, 0x30, 0x30, 0x36, 0x30, 0x38, 0x33, 0x39, 0x31, 0x33, 0x34, 0x2d, 0x37, 0x35, 0x61
  .byte 0x35, 0x65, 0x64, 0x63, 0x61, 0x32, 0x65, 0x39, 0x39, 0x3f, 0x77, 0x3d, 0x36, 0x34, 0x22, 0x0a
  .byte 0x20, 0x20, 0x20, 0x20, 0x20, 0x20, 0x20, 0x20, 0x2f, 0x3e, 0x0a, 0x20, 0x20, 0x20, 0x20, 0x20
  .byte 0x20, 0x20, 0x20, 0x3c, 0x54, 0x61, 0x62, 0x73, 0x54, 0x72, 0x69, 0x67, 0x67, 0x65, 0x72, 0x0a
  .byte 0x20, 0x20, 0x20, 0x20, 0x20, 0x20, 0x20, 0x20, 0x20, 0x20, 0x76, 0x61, 0x6c, 0x75, 0x65, 0x3d
  .byte 0x22, 0x74, 0x61, 0x62, 0x31, 0x30, 0x22, 0x0a, 0x20, 0x20, 0x20, 0x20, 0x20, 0x20, 0x20, 0x20
  .byte 0x20, 0x20, 0x74, 0x65, 0x78, 0x74, 0x3d, 0x22, 0x41, 0x6d, 0x73, 0x74, 0x65, 0x72, 0x64, 0x61
  .byte 0x6d, 0x22, 0x0a, 0x20, 0x20, 0x20, 0x20, 0x20, 0x20, 0x20, 0x20, 0x20, 0x20, 0x73, 0x75, 0x62
  .byte 0x74, 0x65, 0x78, 0x74, 0x3d, 0x22, 0x4e, 0x65, 0x74, 0x68, 0x65, 0x72, 0x6c, 0x61, 0x6e, 0x64
  .byte 0x73, 0x22, 0x0a, 0x20, 0x20, 0x20, 0x20, 0x20, 0x20, 0x20, 0x20, 0x20, 0x20, 0x69, 0x6d, 0x61
  .byte 0x67, 0x65, 0x3d, 0x22, 0x68, 0x74, 0x74, 0x70, 0x73, 0x3a, 0x2f, 0x2f, 0x69, 0x6d, 0x61, 0x67
  .byte 0x65, 0x73, 0x2e, 0x75, 0x6e, 0x73, 0x70, 0x6c, 0x61, 0x73, 0x68, 0x2e, 0x63, 0x6f, 0x6d, 0x2f
  .byte 0x70, 0x68, 0x6f, 0x74, 0x6f, 0x2d, 0x31, 0x35, 0x31, 0x32, 0x34, 0x37, 0x30, 0x38, 0x37, 0x36
  .byte 0x33, 0x30, 0x32, 0x2d, 0x39, 0x37, 0x32, 0x66, 0x61, 0x61, 0x32, 0x61, 0x61, 0x39, 0x61, 0x34
  .byte 0x3f, 0x77, 0x3d, 0x36, 0x34, 0x22, 0x0a, 0x20, 0x20, 0x20, 0x20, 0x20, 0x20, 0x20, 0x20, 0x2f
  .byte 0x3e, 0x0a, 0x20, 0x20, 0x20, 0x20, 0x20, 0x20, 0x3c, 0x2f, 0x54, 0x61, 0x62, 0x73, 0x4c, 0x69
  .byte 0x73, 0x74, 0x3e, 0x0a, 0x20, 0x20, 0x20, 0x20, 0x20, 0x20, 0x3c, 0x54, 0x61, 0x62, 0x73, 0x43
  .byte 0x6f, 0x6e, 0x74, 0x65, 0x6e, 0x74, 0x20, 0x76, 0x61, 0x6c, 0x75, 0x65, 0x3d, 0x22, 0x74, 0x61
  .byte 0x62, 0x31, 0x22, 0x3e, 0x0a, 0x20, 0x20, 0x20, 0x20, 0x20, 0x20, 0x20, 0x20, 0x3c, 0x43, 0x61
  .byte 0x72, 0x64, 0x48, 0x65, 0x61, 0x64, 0x65, 0x72, 0x20, 0x74, 0x69, 0x74, 0x6c, 0x65, 0x3d, 0x22
  .byte 0x50, 0x61, 0x72, 0x69, 0x73, 0x2c, 0x20, 0x46, 0x72, 0x61, 0x6e, 0x63, 0x65, 0x22, 0x20, 0x73
  .byte 0x75, 0x62, 0x74, 0x69, 0x74, 0x6c, 0x65, 0x3d, 0x22, 0x54, 0x68, 0x65, 0x20, 0x43, 0x69, 0x74
  .byte 0x79, 0x20, 0x6f, 0x66, 0x20, 0x4c, 0x69, 0x67, 0x68, 0x74, 0x22, 0x20, 0x2f, 0x3e, 0x0a, 0x20
  .byte 0x20, 0x20, 0x20, 0x20, 0x20, 0x3c, 0x2f, 0x54, 0x61, 0x62, 0x73, 0x43, 0x6f, 0x6e, 0x74, 0x65
  .byte 0x6e, 0x74, 0x3e, 0x0a, 0x20, 0x20, 0x20, 0x20, 0x20, 0x20, 0x3c, 0x54, 0x61, 0x62, 0x73, 0x43
  .byte 0x6f, 0x6e, 0x74, 0x65, 0x6e, 0x74, 0x20, 0x76, 0x61, 0x6c, 0x75, 0x65, 0x3d, 0x22, 0x74, 0x61
  .byte 0x62, 0x32, 0x22, 0x3e, 0x0a, 0x20, 0x20, 0x20, 0x20, 0x20, 0x20, 0x20, 0x20, 0x3c, 0x43, 0x61
  .byte 0x72, 0x64, 0x48, 0x65, 0x61, 0x64, 0x65, 0x72, 0x20, 0x74, 0x69, 0x74, 0x6c, 0x65, 0x3d, 0x22
  .byte 0x54, 0x6f, 0x6b, 0x79, 0x6f, 0x2c, 0x20, 0x4a, 0x61, 0x70, 0x61, 0x6e, 0x22, 0x20, 0x73, 0x75
  .byte 0x62, 0x74, 0x69, 0x74, 0x6c, 0x65, 0x3d, 0x22, 0x57, 0x68, 0x65, 0x72, 0x65, 0x20, 0x54, 0x72
  .byte 0x61, 0x64, 0x69, 0x74, 0x69, 0x6f, 0x6e, 0x20, 0x4d, 0x65, 0x65, 0x74, 0x73, 0x20, 0x46, 0x75
  .byte 0x74, 0x75, 0x72, 0x65, 0x22, 0x20, 0x2f, 0x3e, 0x0a, 0x20, 0x20, 0x20, 0x20, 0x20, 0x20, 0x3c
  .byte 0x2f, 0x54, 0x61, 0x62, 0x73, 0x43, 0x6f, 0x6e, 0x74, 0x65, 0x6e, 0x74, 0x3e, 0x0a, 0x20, 0x20
  .byte 0x20, 0x20, 0x20, 0x20, 0x3c, 0x54, 0x61, 0x62, 0x73, 0x43, 0x6f, 0x6e, 0x74, 0x65, 0x6e, 0x74
  .byte 0x20, 0x76, 0x61, 0x6c, 0x75, 0x65, 0x3d, 0x22, 0x74, 0x61, 0x62, 0x33, 0x22, 0x3e, 0x0a, 0x20
  .byte 0x20, 0x20, 0x20, 0x20, 0x20, 0x20, 0x20, 0x3c, 0x43, 0x61, 0x72, 0x64, 0x48, 0x65, 0x61, 0x64
  .byte 0x65, 0x72, 0x20, 0x74, 0x69, 0x74, 0x6c, 0x65, 0x3d, 0x22, 0x4e, 0x65, 0x77, 0x20, 0x59, 0x6f
  .byte 0x72, 0x6b, 0x20, 0x43, 0x69, 0x74, 0x79, 0x2c, 0x20, 0x55, 0x53, 0x41, 0x22, 0x20, 0x73, 0x75
  .byte 0x62, 0x74, 0x69, 0x74, 0x6c, 0x65, 0x3d, 0x22, 0x54, 0x68, 0x65, 0x20, 0x43, 0x69, 0x74, 0x79
  .byte 0x20, 0x54, 0x68, 0x61, 0x74, 0x20, 0x4e, 0x65, 0x76, 0x65, 0x72, 0x20, 0x53, 0x6c, 0x65, 0x65
  .byte 0x70, 0x73, 0x22, 0x20, 0x2f, 0x3e, 0x0a, 0x20, 0x20, 0x20, 0x20, 0x20, 0x20, 0x3c, 0x2f, 0x54
  .byte 0x61, 0x62, 0x73, 0x43, 0x6f, 0x6e, 0x74, 0x65, 0x6e, 0x74, 0x3e, 0x0a, 0x20, 0x20, 0x20, 0x20
  .byte 0x20, 0x20, 0x3c, 0x54, 0x61, 0x62, 0x73, 0x43, 0x6f, 0x6e, 0x74, 0x65, 0x6e, 0x74, 0x20, 0x76
  .byte 0x61, 0x6c, 0x75, 0x65, 0x3d, 0x22, 0x74, 0x61, 0x62, 0x34, 0x22, 0x3e, 0x0a, 0x20, 0x20, 0x20
  .byte 0x20, 0x20, 0x20, 0x20, 0x20, 0x3c, 0x43, 0x61, 0x72, 0x64, 0x48, 0x65, 0x61, 0x64, 0x65, 0x72
  .byte 0x20, 0x74, 0x69, 0x74, 0x6c, 0x65, 0x3d, 0x22, 0x4c, 0x6f, 0x6e, 0x64, 0x6f, 0x6e, 0x2c, 0x20
  .byte 0x55, 0x4b, 0x22, 0x20, 0x73, 0x75, 0x62, 0x74, 0x69, 0x74, 0x6c, 0x65, 0x3d, 0x22, 0x54, 0x68
  .byte 0x65, 0x20, 0x43, 0x69, 0x74, 0x79, 0x20, 0x6f, 0x66, 0x20, 0x48, 0x69, 0x73, 0x74, 0x6f, 0x72
  .byte 0x79, 0x22, 0x20, 0x2f, 0x3e, 0x0a, 0x20, 0x20, 0x20, 0x20, 0x20, 0x20, 0x3c, 0x2f, 0x54, 0x61
  .byte 0x62, 0x73, 0x43, 0x6f, 0x6e, 0x74, 0x65, 0x6e, 0x74, 0x3e, 0x0a, 0x20, 0x20, 0x20, 0x20, 0x20
  .byte 0x20, 0x3c, 0x54, 0x61, 0x62, 0x73, 0x43, 0x6f, 0x6e, 0x74, 0x65, 0x6e, 0x74, 0x20, 0x76, 0x61
  .byte 0x6c, 0x75, 0x65, 0x3d, 0x22, 0x74, 0x61, 0x62, 0x35, 0x22, 0x3e, 0x0a, 0x20, 0x20, 0x20, 0x20
  .byte 0x20, 0x20, 0x20, 0x20, 0x3c, 0x43, 0x61, 0x72, 0x64, 0x48, 0x65, 0x61, 0x64, 0x65, 0x72, 0x20
  .byte 0x74, 0x69, 0x74, 0x6c, 0x65, 0x3d, 0x22, 0x53, 0x79, 0x64, 0x6e, 0x65, 0x79, 0x2c, 0x20, 0x41
  .byte 0x75, 0x73, 0x74, 0x72, 0x61, 0x6c, 0x69, 0x61, 0x22, 0x20, 0x73, 0x75, 0x62, 0x74, 0x69, 0x74
  .byte 0x6c, 0x65, 0x3d, 0x22, 0x54, 0x68, 0x65, 0x20, 0x48, 0x61, 0x72, 0x62, 0x6f, 0x75, 0x72, 0x20
  .byte 0x43, 0x69, 0x74, 0x79, 0x22, 0x20, 0x2f, 0x3e, 0x0a, 0x20, 0x20, 0x20, 0x20, 0x20, 0x20, 0x3c
  .byte 0x2f, 0x54, 0x61, 0x62, 0x73, 0x43, 0x6f, 0x6e, 0x74, 0x65, 0x6e, 0x74, 0x3e, 0x0a, 0x20, 0x20
  .byte 0x20, 0x20, 0x20, 0x20, 0x3c, 0x54, 0x61, 0x62, 0x73, 0x43, 0x6f, 0x6e, 0x74, 0x65, 0x6e, 0x74
  .byte 0x20, 0x76, 0x61, 0x6c, 0x75, 0x65, 0x3d, 0x22, 0x74, 0x61, 0x62, 0x36, 0x22, 0x3e, 0x0a, 0x20
  .byte 0x20, 0x20, 0x20, 0x20, 0x20, 0x20, 0x20, 0x3c, 0x43, 0x61, 0x72, 0x64, 0x48, 0x65, 0x61, 0x64
  .byte 0x65, 0x72, 0x20, 0x74, 0x69, 0x74, 0x6c, 0x65, 0x3d, 0x22, 0x52, 0x6f, 0x6d, 0x65, 0x2c, 0x20
  .byte 0x49, 0x74, 0x61, 0x6c, 0x79, 0x22, 0x20, 0x73, 0x75, 0x62, 0x74, 0x69, 0x74, 0x6c, 0x65, 0x3d
  .byte 0x22, 0x54, 0x68, 0x65, 0x20, 0x45, 0x74, 0x65, 0x72, 0x6e, 0x61, 0x6c, 0x20, 0x43, 0x69, 0x74
  .byte 0x79, 0x22, 0x20, 0x2f, 0x3e, 0x0a, 0x20, 0x20, 0x20, 0x20, 0x20, 0x20, 0x3c, 0x2f, 0x54, 0x61
  .byte 0x62, 0x73, 0x43, 0x6f, 0x6e, 0x74, 0x65, 0x6e, 0x74, 0x3e, 0x0a, 0x20, 0x20, 0x20, 0x20, 0x20
  .byte 0x20, 0x3c, 0x54, 0x61, 0x62, 0x73, 0x43, 0x6f, 0x6e, 0x74, 0x65, 0x6e, 0x74, 0x20, 0x76, 0x61
  .byte 0x6c, 0x75, 0x65, 0x3d, 0x22, 0x74, 0x61, 0x62, 0x37, 0x22, 0x3e, 0x0a, 0x20, 0x20, 0x20, 0x20
  .byte 0x20, 0x20, 0x20, 0x20, 0x3c, 0x43, 0x61, 0x72, 0x64, 0x48, 0x65, 0x61, 0x64, 0x65, 0x72, 0x20
  .byte 0x74, 0x69, 0x74, 0x6c, 0x65, 0x3d, 0x22, 0x42, 0x61, 0x72, 0x63, 0x65, 0x6c, 0x6f, 0x6e, 0x61
  .byte 0x2c, 0x20, 0x53, 0x70, 0x61, 0x69, 0x6e, 0x22, 0x20, 0x73, 0x75, 0x62, 0x74, 0x69, 0x74, 0x6c
  .byte 0x65, 0x3d, 0x22, 0x43, 0x69, 0x74, 0x79, 0x20, 0x6f, 0x66, 0x20, 0x47, 0x61, 0x75, 0x64, 0xc3
  .byte 0xad, 0x22, 0x20, 0x2f, 0x3e, 0x0a, 0x20, 0x20, 0x20, 0x20, 0x20, 0x20, 0x3c, 0x2f, 0x54, 0x61
  .byte 0x62, 0x73, 0x43, 0x6f, 0x6e, 0x74, 0x65, 0x6e, 0x74, 0x3e, 0x0a, 0x20, 0x20, 0x20, 0x20, 0x20
  .byte 0x20, 0x3c, 0x54, 0x61, 0x62, 0x73, 0x43, 0x6f, 0x6e, 0x74, 0x65, 0x6e, 0x74, 0x20, 0x76, 0x61
  .byte 0x6c, 0x75, 0x65, 0x3d, 0x22, 0x74, 0x61, 0x62, 0x38, 0x22, 0x3e, 0x0a, 0x20, 0x20, 0x20, 0x20
  .byte 0x20, 0x20, 0x20, 0x20, 0x3c, 0x43, 0x61, 0x72, 0x64, 0x48, 0x65, 0x61, 0x64, 0x65, 0x72, 0x20
  .byte 0x74, 0x69, 0x74, 0x6c, 0x65, 0x3d, 0x22, 0x42, 0x61, 0x6e, 0x67, 0x6b, 0x6f, 0x6b, 0x2c, 0x20
  .byte 0x54, 0x68, 0x61, 0x69, 0x6c, 0x61, 0x6e, 0x64, 0x22, 0x20, 0x73, 0x75, 0x62, 0x74, 0x69, 0x74
  .byte 0x6c, 0x65, 0x3d, 0x22, 0x43, 0x69, 0x74, 0x79, 0x20, 0x6f, 0x66, 0x20, 0x41, 0x6e, 0x67, 0x65
  .byte 0x6c, 0x73, 0x22, 0x20, 0x2f, 0x3e, 0x0a, 0x20, 0x20, 0x20, 0x20, 0x20, 0x20, 0x3c, 0x2f, 0x54
  .byte 0x61, 0x62, 0x73, 0x43, 0x6f, 0x6e, 0x74, 0x65, 0x6e, 0x74, 0x3e, 0x0a, 0x20, 0x20, 0x20, 0x20
  .byte 0x20, 0x20, 0x3c, 0x54, 0x61, 0x62, 0x73, 0x43, 0x6f, 0x6e, 0x74, 0x65, 0x6e, 0x74, 0x20, 0x76
  .byte 0x61, 0x6c, 0x75, 0x65, 0x3d, 0x22, 0x74, 0x61, 0x62, 0x39, 0x22, 0x3e, 0x0a, 0x20, 0x20, 0x20
  .byte 0x20, 0x20, 0x20, 0x20, 0x20, 0x3c, 0x43, 0x61, 0x72, 0x64, 0x48, 0x65, 0x61, 0x64, 0x65, 0x72
  .byte 0x20, 0x74, 0x69, 0x74, 0x6c, 0x65, 0x3d, 0x22, 0x43, 0x61, 0x70, 0x65, 0x20, 0x54, 0x6f, 0x77
  .byte 0x6e, 0x2c, 0x20, 0x53, 0x6f, 0x75, 0x74, 0x68, 0x20, 0x41, 0x66, 0x72, 0x69, 0x63, 0x61, 0x22
  .byte 0x20, 0x73, 0x75, 0x62, 0x74, 0x69, 0x74, 0x6c, 0x65, 0x3d, 0x22, 0x54, 0x68, 0x65, 0x20, 0x4d
  .byte 0x6f, 0x74, 0x68, 0x65, 0x72, 0x20, 0x43, 0x69, 0x74, 0x79, 0x22, 0x20, 0x2f, 0x3e, 0x0a, 0x20
  .byte 0x20, 0x20, 0x20, 0x20, 0x20, 0x3c, 0x2f, 0x54, 0x61, 0x62, 0x73, 0x43, 0x6f, 0x6e, 0x74, 0x65
  .byte 0x6e, 0x74, 0x3e, 0x0a, 0x20, 0x20, 0x20, 0x20, 0x20, 0x20, 0x3c, 0x54, 0x61, 0x62, 0x73, 0x43
  .byte 0x6f, 0x6e, 0x74, 0x65, 0x6e, 0x74, 0x20, 0x76, 0x61, 0x6c, 0x75, 0x65, 0x3d, 0x22, 0x74, 0x61
  .byte 0x62, 0x31, 0x30, 0x22, 0x3e, 0x0a, 0x20, 0x20, 0x20, 0x20, 0x20, 0x20, 0x20, 0x20, 0x3c, 0x43
  .byte 0x61, 0x72, 0x64, 0x48, 0x65, 0x61, 0x64, 0x65, 0x72, 0x20, 0x74, 0x69, 0x74, 0x6c, 0x65, 0x3d
  .byte 0x22, 0x41, 0x6d, 0x73, 0x74, 0x65, 0x72, 0x64, 0x61, 0x6d, 0x2c, 0x20, 0x4e, 0x65, 0x74, 0x68
  .byte 0x65, 0x72, 0x6c, 0x61, 0x6e, 0x64, 0x73, 0x22, 0x20, 0x73, 0x75, 0x62, 0x74, 0x69, 0x74, 0x6c
  .byte 0x65, 0x3d, 0x22, 0x56, 0x65, 0x6e, 0x69, 0x63, 0x65, 0x20, 0x6f, 0x66, 0x20, 0x74, 0x68, 0x65
  .byte 0x20, 0x4e, 0x6f, 0x72, 0x74, 0x68, 0x22, 0x20, 0x2f, 0x3e, 0x0a, 0x20, 0x20, 0x20, 0x20, 0x20
  .byte 0x20, 0x3c, 0x2f, 0x54, 0x61, 0x62, 0x73, 0x43, 0x6f, 0x6e, 0x74, 0x65, 0x6e, 0x74, 0x3e, 0x0a
  .byte 0x20, 0x20, 0x20, 0x20, 0x3c, 0x2f, 0x54, 0x61, 0x62, 0x73, 0x3e, 0x0a, 0x20, 0x20, 0x29, 0x2c
  .byte 0x0a, 0x7d, 0x3b, 0x0a

  .globl openui_full_port_packages_react_ui_src_components_Tabs_stories_tabs_stories_tsx_d16ed9c6f1f2_len
openui_full_port_packages_react_ui_src_components_Tabs_stories_tabs_stories_tsx_d16ed9c6f1f2_len:
  .quad 9716

# assembly pass: 2/4
  .globl openui_full_port_packages_react_ui_src_components_Tabs_stories_tabs_stories_tsx_d16ed9c6f1f2_pass_2
openui_full_port_packages_react_ui_src_components_Tabs_stories_tabs_stories_tsx_d16ed9c6f1f2_pass_2:
  .byte 0x69, 0x6d, 0x70, 0x6f, 0x72, 0x74, 0x20, 0x74, 0x79, 0x70, 0x65, 0x20, 0x7b, 0x20, 0x4d, 0x65
  .byte 0x74, 0x61, 0x2c, 0x20, 0x53, 0x74, 0x6f, 0x72, 0x79, 0x4f, 0x62, 0x6a, 0x20, 0x7d, 0x20, 0x66
  .byte 0x72, 0x6f, 0x6d, 0x20, 0x22, 0x40, 0x73, 0x74, 0x6f, 0x72, 0x79, 0x62, 0x6f, 0x6f, 0x6b, 0x2f
  .byte 0x72, 0x65, 0x61, 0x63, 0x74, 0x22, 0x3b, 0x0a, 0x69, 0x6d, 0x70, 0x6f, 0x72, 0x74, 0x20, 0x7b
  .byte 0x20, 0x42, 0x75, 0x73, 0x46, 0x72, 0x6f, 0x6e, 0x74, 0x2c, 0x20, 0x50, 0x6c, 0x61, 0x6e, 0x65
  .byte 0x54, 0x61, 0x6b, 0x65, 0x6f, 0x66, 0x66, 0x2c, 0x20, 0x53, 0x68, 0x69, 0x70, 0x20, 0x7d, 0x20
  .byte 0x66, 0x72, 0x6f, 0x6d, 0x20, 0x22, 0x6c, 0x75, 0x63, 0x69, 0x64, 0x65, 0x2d, 0x72, 0x65, 0x61
  .byte 0x63, 0x74, 0x22, 0x3b, 0x0a, 0x69, 0x6d, 0x70, 0x6f, 0x72, 0x74, 0x20, 0x7b, 0x20, 0x43, 0x61
  .byte 0x72, 0x64, 0x20, 0x7d, 0x20, 0x66, 0x72, 0x6f, 0x6d, 0x20, 0x22, 0x2e, 0x2e, 0x2f, 0x2e, 0x2e
  .byte 0x2f, 0x43, 0x61, 0x72, 0x64, 0x2f, 0x43, 0x61, 0x72, 0x64, 0x22, 0x3b, 0x0a, 0x69, 0x6d, 0x70
  .byte 0x6f, 0x72, 0x74, 0x20, 0x7b, 0x20, 0x43, 0x61, 0x72, 0x64, 0x48, 0x65, 0x61, 0x64, 0x65, 0x72
  .byte 0x20, 0x7d, 0x20, 0x66, 0x72, 0x6f, 0x6d, 0x20, 0x22, 0x2e, 0x2e, 0x2f, 0x2e, 0x2e, 0x2f, 0x43
  .byte 0x61, 0x72, 0x64, 0x48, 0x65, 0x61, 0x64, 0x65, 0x72, 0x22, 0x3b, 0x0a, 0x69, 0x6d, 0x70, 0x6f
  .byte 0x72, 0x74, 0x20, 0x7b, 0x20, 0x49, 0x63, 0x6f, 0x6e, 0x42, 0x75, 0x74, 0x74, 0x6f, 0x6e, 0x20
  .byte 0x7d, 0x20, 0x66, 0x72, 0x6f, 0x6d, 0x20, 0x22, 0x2e, 0x2e, 0x2f, 0x2e, 0x2e, 0x2f, 0x49, 0x63
  .byte 0x6f, 0x6e, 0x42, 0x75, 0x74, 0x74, 0x6f, 0x6e, 0x22, 0x3b, 0x0a, 0x69, 0x6d, 0x70, 0x6f, 0x72
  .byte 0x74, 0x20, 0x7b, 0x20, 0x49, 0x6d, 0x61, 0x67, 0x65, 0x20, 0x7d, 0x20, 0x66, 0x72, 0x6f, 0x6d
  .byte 0x20, 0x22, 0x2e, 0x2e, 0x2f, 0x2e, 0x2e, 0x2f, 0x49, 0x6d, 0x61, 0x67, 0x65, 0x22, 0x3b, 0x0a
  .byte 0x69, 0x6d, 0x70, 0x6f, 0x72, 0x74, 0x20, 0x7b, 0x20, 0x54, 0x61, 0x62, 0x73, 0x2c, 0x20, 0x54
  .byte 0x61, 0x62, 0x73, 0x43, 0x6f, 0x6e, 0x74, 0x65, 0x6e, 0x74, 0x2c, 0x20, 0x54, 0x61, 0x62, 0x73
  .byte 0x4c, 0x69, 0x73, 0x74, 0x2c, 0x20, 0x54, 0x61, 0x62, 0x73, 0x54, 0x72, 0x69, 0x67, 0x67, 0x65
  .byte 0x72, 0x20, 0x7d, 0x20, 0x66, 0x72, 0x6f, 0x6d, 0x20, 0x22, 0x2e, 0x2e, 0x2f, 0x54, 0x61, 0x62
  .byte 0x73, 0x22, 0x3b, 0x0a, 0x0a, 0x63, 0x6f, 0x6e, 0x73, 0x74, 0x20, 0x6d, 0x65, 0x74, 0x61, 0x3a
  .byte 0x20, 0x4d, 0x65, 0x74, 0x61, 0x3c, 0x74, 0x79, 0x70, 0x65, 0x6f, 0x66, 0x20, 0x54, 0x61, 0x62
  .byte 0x73, 0x3e, 0x20, 0x3d, 0x20, 0x7b, 0x0a, 0x20, 0x20, 0x74, 0x69, 0x74, 0x6c, 0x65, 0x3a, 0x20
  .byte 0x22, 0x43, 0x6f, 0x6d, 0x70, 0x6f, 0x6e, 0x65, 0x6e, 0x74, 0x73, 0x2f, 0x54, 0x61, 0x62, 0x73
  .byte 0x22, 0x2c, 0x0a, 0x20, 0x20, 0x63, 0x6f, 0x6d, 0x70, 0x6f, 0x6e, 0x65, 0x6e, 0x74, 0x3a, 0x20
  .byte 0x54, 0x61, 0x62, 0x73, 0x2c, 0x0a, 0x20, 0x20, 0x74, 0x61, 0x67, 0x73, 0x3a, 0x20, 0x5b, 0x22
  .byte 0x21, 0x64, 0x65, 0x76, 0x22, 0x2c, 0x20, 0x22, 0x61, 0x75, 0x74, 0x6f, 0x64, 0x6f, 0x63, 0x73
  .byte 0x22, 0x5d, 0x2c, 0x0a, 0x20, 0x20, 0x70, 0x61, 0x72, 0x61, 0x6d, 0x65, 0x74, 0x65, 0x72, 0x73
  .byte 0x3a, 0x20, 0x7b, 0x0a, 0x20, 0x20, 0x20, 0x20, 0x6c, 0x61, 0x79, 0x6f, 0x75, 0x74, 0x3a, 0x20
  .byte 0x22, 0x63, 0x65, 0x6e, 0x74, 0x65, 0x72, 0x65, 0x64, 0x22, 0x2c, 0x0a, 0x20, 0x20, 0x20, 0x20
  .byte 0x64, 0x6f, 0x63, 0x73, 0x3a, 0x20, 0x7b, 0x0a, 0x20, 0x20, 0x20, 0x20, 0x20, 0x20, 0x64, 0x65
  .byte 0x73, 0x63, 0x72, 0x69, 0x70, 0x74, 0x69, 0x6f, 0x6e, 0x3a, 0x20, 0x7b, 0x0a, 0x20, 0x20, 0x20
  .byte 0x20, 0x20, 0x20, 0x20, 0x20, 0x63, 0x6f, 0x6d, 0x70, 0x6f, 0x6e, 0x65, 0x6e, 0x74, 0x3a, 0x0a
  .byte 0x20, 0x20, 0x20, 0x20, 0x20, 0x20, 0x20, 0x20, 0x20, 0x20, 0x22, 0x60, 0x60, 0x60, 0x74, 0x73
  .byte 0x78, 0x5c, 0x6e, 0x69, 0x6d, 0x70, 0x6f, 0x72, 0x74, 0x20, 0x7b, 0x20, 0x54, 0x61, 0x62, 0x73
  .byte 0x2c, 0x20, 0x54, 0x61, 0x62, 0x73, 0x43, 0x6f, 0x6e, 0x74, 0x65, 0x6e, 0x74, 0x2c, 0x20, 0x54
  .byte 0x61, 0x62, 0x73, 0x4c, 0x69, 0x73, 0x74, 0x2c, 0x20, 0x54, 0x61, 0x62, 0x73, 0x54, 0x72, 0x69
  .byte 0x67, 0x67, 0x65, 0x72, 0x20, 0x7d, 0x20, 0x66, 0x72, 0x6f, 0x6d, 0x20, 0x27, 0x40, 0x6f, 0x70
  .byte 0x65, 0x6e, 0x75, 0x69, 0x2d, 0x75, 0x69, 0x2f, 0x72, 0x65, 0x61, 0x63, 0x74, 0x2d, 0x75, 0x69
  .byte 0x27, 0x3b, 0x5c, 0x6e, 0x60, 0x60, 0x60, 0x22, 0x2c, 0x0a, 0x20, 0x20, 0x20, 0x20, 0x20, 0x20
  .byte 0x7d, 0x2c, 0x0a, 0x20, 0x20, 0x20, 0x20, 0x7d, 0x2c, 0x0a, 0x20, 0x20, 0x7d, 0x2c, 0x0a, 0x20
  .byte 0x20, 0x64, 0x65, 0x63, 0x6f, 0x72, 0x61, 0x74, 0x6f, 0x72, 0x73, 0x3a, 0x20, 0x5b, 0x0a, 0x20
  .byte 0x20, 0x20, 0x20, 0x28, 0x53, 0x74, 0x6f, 0x72, 0x79, 0x29, 0x20, 0x3d, 0x3e, 0x20, 0x28, 0x0a
  .byte 0x20, 0x20, 0x20, 0x20, 0x20, 0x20, 0x3c, 0x64, 0x69, 0x76, 0x20, 0x73, 0x74, 0x79, 0x6c, 0x65
  .byte 0x3d, 0x7b, 0x7b, 0x20, 0x77, 0x69, 0x64, 0x74, 0x68, 0x3a, 0x20, 0x22, 0x34, 0x30, 0x30, 0x70
  .byte 0x78, 0x22, 0x2c, 0x20, 0x6d, 0x61, 0x72, 0x67, 0x69, 0x6e, 0x3a, 0x20, 0x22, 0x32, 0x72, 0x65
  .byte 0x6d, 0x22, 0x20, 0x7d, 0x7d, 0x3e, 0x0a, 0x20, 0x20, 0x20, 0x20, 0x20, 0x20, 0x20, 0x20, 0x3c
  .byte 0x53, 0x74, 0x6f, 0x72, 0x79, 0x20, 0x2f, 0x3e, 0x0a, 0x20, 0x20, 0x20, 0x20, 0x20, 0x20, 0x3c
  .byte 0x2f, 0x64, 0x69, 0x76, 0x3e, 0x0a, 0x20, 0x20, 0x20, 0x20, 0x29, 0x2c, 0x0a, 0x20, 0x20, 0x5d
  .byte 0x2c, 0x0a, 0x20, 0x20, 0x61, 0x72, 0x67, 0x54, 0x79, 0x70, 0x65, 0x73, 0x3a, 0x20, 0x7b, 0x0a
  .byte 0x20, 0x20, 0x20, 0x20, 0x76, 0x61, 0x72, 0x69, 0x61, 0x6e, 0x74, 0x3a, 0x20, 0x7b, 0x0a, 0x20
  .byte 0x20, 0x20, 0x20, 0x20, 0x20, 0x63, 0x6f, 0x6e, 0x74, 0x72, 0x6f, 0x6c, 0x3a, 0x20, 0x7b, 0x0a
  .byte 0x20, 0x20, 0x20, 0x20, 0x20, 0x20, 0x20, 0x20, 0x74, 0x79, 0x70, 0x65, 0x3a, 0x20, 0x22, 0x73
  .byte 0x65, 0x6c, 0x65, 0x63, 0x74, 0x22, 0x2c, 0x0a, 0x20, 0x20, 0x20, 0x20, 0x20, 0x20, 0x20, 0x20
  .byte 0x6f, 0x70, 0x74, 0x69, 0x6f, 0x6e, 0x73, 0x3a, 0x20, 0x5b, 0x22, 0x63, 0x6c, 0x65, 0x61, 0x72
  .byte 0x22, 0x5d, 0x2c, 0x0a, 0x20, 0x20, 0x20, 0x20, 0x20, 0x20, 0x7d, 0x2c, 0x0a, 0x20, 0x20, 0x20
  .byte 0x20, 0x20, 0x20, 0x64, 0x65, 0x73, 0x63, 0x72, 0x69, 0x70, 0x74, 0x69, 0x6f, 0x6e, 0x3a, 0x20
  .byte 0x22, 0x54, 0x68, 0x65, 0x20, 0x76, 0x61, 0x72, 0x69, 0x61, 0x6e, 0x74, 0x20, 0x6f, 0x66, 0x20
  .byte 0x74, 0x68, 0x65, 0x20, 0x74, 0x61, 0x62, 0x73, 0x22, 0x2c, 0x0a, 0x20, 0x20, 0x20, 0x20, 0x20
  .byte 0x20, 0x74, 0x61, 0x62, 0x6c, 0x65, 0x3a, 0x20, 0x7b, 0x0a, 0x20, 0x20, 0x20, 0x20, 0x20, 0x20
  .byte 0x20, 0x20, 0x74, 0x79, 0x70, 0x65, 0x3a, 0x20, 0x7b, 0x0a, 0x20, 0x20, 0x20, 0x20, 0x20, 0x20
  .byte 0x20, 0x20, 0x20, 0x20, 0x73, 0x75, 0x6d, 0x6d, 0x61, 0x72, 0x79, 0x3a, 0x20, 0x22, 0x63, 0x6c
  .byte 0x65, 0x61, 0x72, 0x22, 0x2c, 0x0a, 0x20, 0x20, 0x20, 0x20, 0x20, 0x20, 0x20, 0x20, 0x7d, 0x2c
  .byte 0x0a, 0x20, 0x20, 0x20, 0x20, 0x20, 0x20, 0x20, 0x20, 0x64, 0x65, 0x66, 0x61, 0x75, 0x6c, 0x74
  .byte 0x56, 0x61, 0x6c, 0x75, 0x65, 0x3a, 0x20, 0x7b, 0x20, 0x73, 0x75, 0x6d, 0x6d, 0x61, 0x72, 0x79
  .byte 0x3a, 0x20, 0x22, 0x63, 0x6c, 0x65, 0x61, 0x72, 0x22, 0x20, 0x7d, 0x2c, 0x0a, 0x20, 0x20, 0x20
  .byte 0x20, 0x20, 0x20, 0x20, 0x20, 0x63, 0x61, 0x74, 0x65, 0x67, 0x6f, 0x72, 0x79, 0x3a, 0x20, 0x22
  .byte 0x41, 0x70, 0x70, 0x65, 0x61, 0x72, 0x61, 0x6e, 0x63, 0x65, 0x22, 0x2c, 0x0a, 0x20, 0x20, 0x20
  .byte 0x20, 0x20, 0x20, 0x7d, 0x2c, 0x0a, 0x20, 0x20, 0x20, 0x20, 0x7d, 0x2c, 0x0a, 0x20, 0x20, 0x20
  .byte 0x20, 0x64, 0x65, 0x66, 0x61, 0x75, 0x6c, 0x74, 0x56, 0x61, 0x6c, 0x75, 0x65, 0x3a, 0x20, 0x7b
  .byte 0x0a, 0x20, 0x20, 0x20, 0x20, 0x20, 0x20, 0x63, 0x6f, 0x6e, 0x74, 0x72, 0x6f, 0x6c, 0x3a, 0x20
  .byte 0x66, 0x61, 0x6c, 0x73, 0x65, 0x2c, 0x0a, 0x20, 0x20, 0x20, 0x20, 0x20, 0x20, 0x64, 0x65, 0x73
  .byte 0x63, 0x72, 0x69, 0x70, 0x74, 0x69, 0x6f, 0x6e, 0x3a, 0x20, 0x22, 0x54, 0x68, 0x65, 0x20, 0x64
  .byte 0x65, 0x66, 0x61, 0x75, 0x6c, 0x74, 0x20, 0x76, 0x61, 0x6c, 0x75, 0x65, 0x20, 0x6f, 0x66, 0x20
  .byte 0x74, 0x68, 0x65, 0x20, 0x74, 0x61, 0x62, 0x73, 0x20, 0x77, 0x68, 0x69, 0x63, 0x68, 0x20, 0x69
  .byte 0x73, 0x20, 0x75, 0x73, 0x65, 0x64, 0x20, 0x74, 0x6f, 0x20, 0x64, 0x65, 0x74, 0x65, 0x72, 0x6d
  .byte 0x69, 0x6e, 0x65, 0x20, 0x77, 0x68, 0x69, 0x63, 0x68, 0x20, 0x74, 0x61, 0x62, 0x20, 0x69, 0x73
  .byte 0x20, 0x73, 0x65, 0x6c, 0x65, 0x63, 0x74, 0x65, 0x64, 0x22, 0x2c, 0x0a, 0x20, 0x20, 0x20, 0x20
  .byte 0x20, 0x20, 0x74, 0x61, 0x62, 0x6c, 0x65, 0x3a, 0x20, 0x7b, 0x0a, 0x20, 0x20, 0x20, 0x20, 0x20
  .byte 0x20, 0x20, 0x20, 0x63, 0x61, 0x74, 0x65, 0x67, 0x6f, 0x72, 0x79, 0x3a, 0x20, 0x22, 0x42, 0x65
  .byte 0x68, 0x61, 0x76, 0x69, 0x6f, 0x72, 0x22, 0x2c, 0x0a, 0x20, 0x20, 0x20, 0x20, 0x20, 0x20, 0x7d
  .byte 0x2c, 0x0a, 0x20, 0x20, 0x20, 0x20, 0x7d, 0x2c, 0x0a, 0x20, 0x20, 0x20, 0x20, 0x63, 0x6c, 0x61
  .byte 0x73, 0x73, 0x4e, 0x61, 0x6d, 0x65, 0x3a, 0x20, 0x7b, 0x0a, 0x20, 0x20, 0x20, 0x20, 0x20, 0x20
  .byte 0x63, 0x6f, 0x6e, 0x74, 0x72, 0x6f, 0x6c, 0x3a, 0x20, 0x66, 0x61, 0x6c, 0x73, 0x65, 0x2c, 0x0a
  .byte 0x20, 0x20, 0x20, 0x20, 0x20, 0x20, 0x64, 0x65, 0x73, 0x63, 0x72, 0x69, 0x70, 0x74, 0x69, 0x6f
  .byte 0x6e, 0x3a, 0x20, 0x22, 0x41, 0x64, 0x64, 0x69, 0x74, 0x69, 0x6f, 0x6e, 0x61, 0x6c, 0x20, 0x63
  .byte 0x6c, 0x61, 0x73, 0x73, 0x20, 0x6e, 0x61, 0x6d, 0x65, 0x20, 0x66, 0x6f, 0x72, 0x20, 0x74, 0x68
  .byte 0x65, 0x20, 0x74, 0x61, 0x62, 0x73, 0x22, 0x2c, 0x0a, 0x20, 0x20, 0x20, 0x20, 0x20, 0x20, 0x74
  .byte 0x61, 0x62, 0x6c, 0x65, 0x3a, 0x20, 0x7b, 0x0a, 0x20, 0x20, 0x20, 0x20, 0x20, 0x20, 0x20, 0x20
  .byte 0x63, 0x61, 0x74, 0x65, 0x67, 0x6f, 0x72, 0x79, 0x3a, 0x20, 0x22, 0x53, 0x74, 0x79, 0x6c, 0x69
  .byte 0x6e, 0x67, 0x22, 0x2c, 0x0a, 0x20, 0x20, 0x20, 0x20, 0x20, 0x20, 0x7d, 0x2c, 0x0a, 0x20, 0x20
  .byte 0x20, 0x20, 0x7d, 0x2c, 0x0a, 0x20, 0x20, 0x20, 0x20, 0x73, 0x74, 0x79, 0x6c, 0x65, 0x3a, 0x20
  .byte 0x7b, 0x0a, 0x20, 0x20, 0x20, 0x20, 0x20, 0x20, 0x63, 0x6f, 0x6e, 0x74, 0x72, 0x6f, 0x6c, 0x3a
  .byte 0x20, 0x66, 0x61, 0x6c, 0x73, 0x65, 0x2c, 0x0a, 0x20, 0x20, 0x20, 0x20, 0x20, 0x20, 0x64, 0x65
  .byte 0x73, 0x63, 0x72, 0x69, 0x70, 0x74, 0x69, 0x6f, 0x6e, 0x3a, 0x20, 0x22, 0x41, 0x64, 0x64, 0x69
  .byte 0x74, 0x69, 0x6f, 0x6e, 0x61, 0x6c, 0x20, 0x73, 0x74, 0x79, 0x6c, 0x65, 0x20, 0x66, 0x6f, 0x72
  .byte 0x20, 0x74, 0x68, 0x65, 0x20, 0x74, 0x61, 0x62, 0x73, 0x22, 0x2c, 0x0a, 0x20, 0x20, 0x20, 0x20
  .byte 0x20, 0x20, 0x74, 0x61, 0x62, 0x6c, 0x65, 0x3a, 0x20, 0x7b, 0x0a, 0x20, 0x20, 0x20, 0x20, 0x20
  .byte 0x20, 0x20, 0x20, 0x63, 0x61, 0x74, 0x65, 0x67, 0x6f, 0x72, 0x79, 0x3a, 0x20, 0x22, 0x53, 0x74
  .byte 0x79, 0x6c, 0x69, 0x6e, 0x67, 0x22, 0x2c, 0x0a, 0x20, 0x20, 0x20, 0x20, 0x20, 0x20, 0x7d, 0x2c
  .byte 0x0a, 0x20, 0x20, 0x20, 0x20, 0x7d, 0x2c, 0x0a, 0x20, 0x20, 0x7d, 0x2c, 0x0a, 0x7d, 0x3b, 0x0a
  .byte 0x0a, 0x65, 0x78, 0x70, 0x6f, 0x72, 0x74, 0x20, 0x64, 0x65, 0x66, 0x61, 0x75, 0x6c, 0x74, 0x20
  .byte 0x6d, 0x65, 0x74, 0x61, 0x3b, 0x0a, 0x74, 0x79, 0x70, 0x65, 0x20, 0x53, 0x74, 0x6f, 0x72, 0x79
  .byte 0x20, 0x3d, 0x20, 0x53, 0x74, 0x6f, 0x72, 0x79, 0x4f, 0x62, 0x6a, 0x3c, 0x74, 0x79, 0x70, 0x65
  .byte 0x6f, 0x66, 0x20, 0x54, 0x61, 0x62, 0x73, 0x3e, 0x3b, 0x0a, 0x0a, 0x65, 0x78, 0x70, 0x6f, 0x72
  .byte 0x74, 0x20, 0x63, 0x6f, 0x6e, 0x73, 0x74, 0x20, 0x54, 0x69, 0x74, 0x6c, 0x65, 0x3a, 0x20, 0x53
  .byte 0x74, 0x6f, 0x72, 0x79, 0x20, 0x3d, 0x20, 0x7b, 0x0a, 0x20, 0x20, 0x61, 0x72, 0x67, 0x73, 0x3a
  .byte 0x20, 0x7b, 0x0a, 0x20, 0x20, 0x20, 0x20, 0x76, 0x61, 0x72, 0x69, 0x61, 0x6e, 0x74, 0x3a, 0x20
  .byte 0x22, 0x63, 0x6c, 0x65, 0x61, 0x72, 0x22, 0x2c, 0x0a, 0x20, 0x20, 0x20, 0x20, 0x64, 0x65, 0x66
  .byte 0x61, 0x75, 0x6c, 0x74, 0x56, 0x61, 0x6c, 0x75, 0x65, 0x3a, 0x20, 0x22, 0x74, 0x61, 0x62, 0x31
  .byte 0x22, 0x2c, 0x0a, 0x20, 0x20, 0x7d, 0x2c, 0x0a, 0x20, 0x20, 0x72, 0x65, 0x6e, 0x64, 0x65, 0x72
  .byte 0x3a, 0x20, 0x28, 0x61, 0x72, 0x67, 0x73, 0x29, 0x20, 0x3d, 0x3e, 0x20, 0x28, 0x0a, 0x20, 0x20
  .byte 0x20, 0x20, 0x3c, 0x43, 0x61, 0x72, 0x64, 0x3e, 0x0a, 0x20, 0x20, 0x20, 0x20, 0x20, 0x20, 0x3c
  .byte 0x54, 0x61, 0x62, 0x73, 0x20, 0x7b, 0x2e, 0x2e, 0x2e, 0x61, 0x72, 0x67, 0x73, 0x7d, 0x3e, 0x0a
  .byte 0x20, 0x20, 0x20, 0x20, 0x20, 0x20, 0x20, 0x20, 0x3c, 0x54, 0x61, 0x62, 0x73, 0x4c, 0x69, 0x73
  .byte 0x74, 0x20, 0x76, 0x61, 0x72, 0x69, 0x61, 0x6e, 0x74, 0x3d, 0x22, 0x74, 0x69, 0x74, 0x6c, 0x65
  .byte 0x22, 0x3e, 0x0a, 0x20, 0x20, 0x20, 0x20, 0x20, 0x20, 0x20, 0x20, 0x20, 0x20, 0x3c, 0x54, 0x61
  .byte 0x62, 0x73, 0x54, 0x72, 0x69, 0x67, 0x67, 0x65, 0x72, 0x20, 0x76, 0x61, 0x6c, 0x75, 0x65, 0x3d
  .byte 0x22, 0x74, 0x61, 0x62, 0x31, 0x22, 0x20, 0x74, 0x65, 0x78, 0x74, 0x3d, 0x22, 0x50, 0x61, 0x72
  .byte 0x69, 0x73, 0x22, 0x20, 0x2f, 0x3e, 0x0a, 0x20, 0x20, 0x20, 0x20, 0x20, 0x20, 0x20, 0x20, 0x20
  .byte 0x20, 0x3c, 0x54, 0x61, 0x62, 0x73, 0x54, 0x72, 0x69, 0x67, 0x67, 0x65, 0x72, 0x20, 0x76, 0x61
  .byte 0x6c, 0x75, 0x65, 0x3d, 0x22, 0x74, 0x61, 0x62, 0x32, 0x22, 0x20, 0x74, 0x65, 0x78, 0x74, 0x3d
  .byte 0x22, 0x54, 0x6f, 0x6b, 0x79, 0x6f, 0x22, 0x20, 0x2f, 0x3e, 0x0a, 0x20, 0x20, 0x20, 0x20, 0x20
  .byte 0x20, 0x20, 0x20, 0x20, 0x20, 0x3c, 0x54, 0x61, 0x62, 0x73, 0x54, 0x72, 0x69, 0x67, 0x67, 0x65
  .byte 0x72, 0x20, 0x76, 0x61, 0x6c, 0x75, 0x65, 0x3d, 0x22, 0x74, 0x61, 0x62, 0x33, 0x22, 0x20, 0x74
  .byte 0x65, 0x78, 0x74, 0x3d, 0x22, 0x4e, 0x65, 0x77, 0x20, 0x59, 0x6f, 0x72, 0x6b, 0x22, 0x20, 0x2f
  .byte 0x3e, 0x0a, 0x20, 0x20, 0x20, 0x20, 0x20, 0x20, 0x20, 0x20, 0x3c, 0x2f, 0x54, 0x61, 0x62, 0x73
  .byte 0x4c, 0x69, 0x73, 0x74, 0x3e, 0x0a, 0x20, 0x20, 0x20, 0x20, 0x20, 0x20, 0x20, 0x20, 0x3c, 0x54
  .byte 0x61, 0x62, 0x73, 0x43, 0x6f, 0x6e, 0x74, 0x65, 0x6e, 0x74, 0x20, 0x76, 0x61, 0x6c, 0x75, 0x65
  .byte 0x3d, 0x22, 0x74, 0x61, 0x62, 0x31, 0x22, 0x3e, 0x0a, 0x20, 0x20, 0x20, 0x20, 0x20, 0x20, 0x20
  .byte 0x20, 0x20, 0x20, 0x3c, 0x43, 0x61, 0x72, 0x64, 0x48, 0x65, 0x61, 0x64, 0x65, 0x72, 0x0a, 0x20
  .byte 0x20, 0x20, 0x20, 0x20, 0x20, 0x20, 0x20, 0x20, 0x20, 0x20, 0x20, 0x74, 0x69, 0x74, 0x6c, 0x65
  .byte 0x3d, 0x22, 0x50, 0x61, 0x72, 0x69, 0x73, 0x2c, 0x20, 0x46, 0x72, 0x61, 0x6e, 0x63, 0x65, 0x22
  .byte 0x0a, 0x20, 0x20, 0x20, 0x20, 0x20, 0x20, 0x20, 0x20, 0x20, 0x20, 0x20, 0x20, 0x73, 0x75, 0x62
  .byte 0x74, 0x69, 0x74, 0x6c, 0x65, 0x3d, 0x22, 0x54, 0x68, 0x65, 0x20, 0x43, 0x69, 0x74, 0x79, 0x20
  .byte 0x6f, 0x66, 0x20, 0x4c, 0x69, 0x67, 0x68, 0x74, 0x22, 0x0a, 0x20, 0x20, 0x20, 0x20, 0x20, 0x20
  .byte 0x20, 0x20, 0x20, 0x20, 0x20, 0x20, 0x61, 0x63, 0x74, 0x69, 0x6f, 0x6e, 0x73, 0x3d, 0x7b, 0x5b
  .byte 0x3c, 0x49, 0x63, 0x6f, 0x6e, 0x42, 0x75, 0x74, 0x74, 0x6f, 0x6e, 0x20, 0x76, 0x61, 0x72, 0x69
  .byte 0x61, 0x6e, 0x74, 0x3d, 0x22, 0x74, 0x65, 0x72, 0x74, 0x69, 0x61, 0x72, 0x79, 0x22, 0x20, 0x73
  .byte 0x69, 0x7a, 0x65, 0x3d, 0x22, 0x73, 0x6d, 0x61, 0x6c, 0x6c, 0x22, 0x20, 0x69, 0x63, 0x6f, 0x6e
  .byte 0x3d, 0x7b, 0x3c, 0x50, 0x6c, 0x61, 0x6e, 0x65, 0x54, 0x61, 0x6b, 0x65, 0x6f, 0x66, 0x66, 0x20
  .byte 0x2f, 0x3e, 0x7d, 0x20, 0x2f, 0x3e, 0x5d, 0x7d, 0x0a, 0x20, 0x20, 0x20, 0x20, 0x20, 0x20, 0x20
  .byte 0x20, 0x20, 0x20, 0x2f, 0x3e, 0x0a, 0x20, 0x20, 0x20, 0x20, 0x20, 0x20, 0x20, 0x20, 0x20, 0x20
  .byte 0x3c, 0x49, 0x6d, 0x61, 0x67, 0x65, 0x0a, 0x20, 0x20, 0x20, 0x20, 0x20, 0x20, 0x20, 0x20, 0x20
  .byte 0x20, 0x20, 0x20, 0x73, 0x72, 0x63, 0x3d, 0x22, 0x68, 0x74, 0x74, 0x70, 0x73, 0x3a, 0x2f, 0x2f
  .byte 0x69, 0x6d, 0x61, 0x67, 0x65, 0x73, 0x2e, 0x75, 0x6e, 0x73, 0x70, 0x6c, 0x61, 0x73, 0x68, 0x2e
  .byte 0x63, 0x6f, 0x6d, 0x2f, 0x70, 0x68, 0x6f, 0x74, 0x6f, 0x2d, 0x31, 0x35, 0x30, 0x32, 0x36, 0x30
  .byte 0x32, 0x38, 0x39, 0x38, 0x36, 0x35, 0x37, 0x2d, 0x33, 0x65, 0x39, 0x31, 0x37, 0x36, 0x30, 0x63
  .byte 0x62, 0x62, 0x33, 0x34, 0x22, 0x0a, 0x20, 0x20, 0x20, 0x20, 0x20, 0x20, 0x20, 0x20, 0x20, 0x20
  .byte 0x20, 0x20, 0x61, 0x6c, 0x74, 0x3d, 0x22, 0x45, 0x69, 0x66, 0x66, 0x65, 0x6c, 0x20, 0x54, 0x6f
  .byte 0x77, 0x65, 0x72, 0x20, 0x69, 0x6e, 0x20, 0x50, 0x61, 0x72, 0x69, 0x73, 0x22, 0x0a, 0x20, 0x20
  .byte 0x20, 0x20, 0x20, 0x20, 0x20, 0x20, 0x20, 0x20, 0x20, 0x20, 0x73, 0x63, 0x61, 0x6c, 0x65, 0x3d
  .byte 0x22, 0x66, 0x69, 0x6c, 0x6c, 0x22, 0x0a, 0x20, 0x20, 0x20, 0x20, 0x20, 0x20, 0x20, 0x20, 0x20
  .byte 0x20, 0x2f, 0x3e, 0x0a, 0x20, 0x20, 0x20, 0x20, 0x20, 0x20, 0x20, 0x20, 0x3c, 0x2f, 0x54, 0x61
  .byte 0x62, 0x73, 0x43, 0x6f, 0x6e, 0x74, 0x65, 0x6e, 0x74, 0x3e, 0x0a, 0x20, 0x20, 0x20, 0x20, 0x20
  .byte 0x20, 0x20, 0x20, 0x3c, 0x54, 0x61, 0x62, 0x73, 0x43, 0x6f, 0x6e, 0x74, 0x65, 0x6e, 0x74, 0x20
  .byte 0x76, 0x61, 0x6c, 0x75, 0x65, 0x3d, 0x22, 0x74, 0x61, 0x62, 0x32, 0x22, 0x3e, 0x0a, 0x20, 0x20
  .byte 0x20, 0x20, 0x20, 0x20, 0x20, 0x20, 0x20, 0x20, 0x3c, 0x43, 0x61, 0x72, 0x64, 0x48, 0x65, 0x61
  .byte 0x64, 0x65, 0x72, 0x0a, 0x20, 0x20, 0x20, 0x20, 0x20, 0x20, 0x20, 0x20, 0x20, 0x20, 0x20, 0x20
  .byte 0x74, 0x69, 0x74, 0x6c, 0x65, 0x3d, 0x22, 0x54, 0x6f, 0x6b, 0x79, 0x6f, 0x2c, 0x20, 0x4a, 0x61
  .byte 0x70, 0x61, 0x6e, 0x22, 0x0a, 0x20, 0x20, 0x20, 0x20, 0x20, 0x20, 0x20, 0x20, 0x20, 0x20, 0x20
  .byte 0x20, 0x73, 0x75, 0x62, 0x74, 0x69, 0x74, 0x6c, 0x65, 0x3d, 0x22, 0x57, 0x68, 0x65, 0x72, 0x65
  .byte 0x20, 0x54, 0x72, 0x61, 0x64, 0x69, 0x74, 0x69, 0x6f, 0x6e, 0x20, 0x4d, 0x65, 0x65, 0x74, 0x73
  .byte 0x20, 0x46, 0x75, 0x74, 0x75, 0x72, 0x65, 0x22, 0x0a, 0x20, 0x20, 0x20, 0x20, 0x20, 0x20, 0x20
  .byte 0x20, 0x20, 0x20, 0x20, 0x20, 0x61, 0x63, 0x74, 0x69, 0x6f, 0x6e, 0x73, 0x3d, 0x7b, 0x5b, 0x3c
  .byte 0x49, 0x63, 0x6f, 0x6e, 0x42, 0x75, 0x74, 0x74, 0x6f, 0x6e, 0x20, 0x76, 0x61, 0x72, 0x69, 0x61
  .byte 0x6e, 0x74, 0x3d, 0x22, 0x74, 0x65, 0x72, 0x74, 0x69, 0x61, 0x72, 0x79, 0x22, 0x20, 0x73, 0x69
  .byte 0x7a, 0x65, 0x3d, 0x22, 0x73, 0x6d, 0x61, 0x6c, 0x6c, 0x22, 0x20, 0x69, 0x63, 0x6f, 0x6e, 0x3d
  .byte 0x7b, 0x3c, 0x53, 0x68, 0x69, 0x70, 0x20, 0x2f, 0x3e, 0x7d, 0x20, 0x2f, 0x3e, 0x5d, 0x7d, 0x0a
  .byte 0x20, 0x20, 0x20, 0x20, 0x20, 0x20, 0x20, 0x20, 0x20, 0x20, 0x2f, 0x3e, 0x0a, 0x20, 0x20, 0x20
  .byte 0x20, 0x20, 0x20, 0x20, 0x20, 0x20, 0x20, 0x3c, 0x49, 0x6d, 0x61, 0x67, 0x65, 0x0a, 0x20, 0x20
  .byte 0x20, 0x20, 0x20, 0x20, 0x20, 0x20, 0x20, 0x20, 0x20, 0x20, 0x73, 0x72, 0x63, 0x3d, 0x22, 0x68
  .byte 0x74, 0x74, 0x70, 0x73, 0x3a, 0x2f, 0x2f, 0x69, 0x6d, 0x61, 0x67, 0x65, 0x73, 0x2e, 0x75, 0x6e
  .byte 0x73, 0x70, 0x6c, 0x61, 0x73, 0x68, 0x2e, 0x63, 0x6f, 0x6d, 0x2f, 0x70, 0x68, 0x6f, 0x74, 0x6f
  .byte 0x2d, 0x31, 0x35, 0x33, 0x36, 0x30, 0x39, 0x38, 0x35, 0x36, 0x31, 0x37, 0x34, 0x32, 0x2d, 0x63
  .byte 0x61, 0x39, 0x39, 0x38, 0x65, 0x34, 0x38, 0x63, 0x62, 0x63, 0x63, 0x22, 0x0a, 0x20, 0x20, 0x20
  .byte 0x20, 0x20, 0x20, 0x20, 0x20, 0x20, 0x20, 0x20, 0x20, 0x61, 0x6c, 0x74, 0x3d, 0x22, 0x54, 0x6f
  .byte 0x6b, 0x79, 0x6f, 0x20, 0x63, 0x69, 0x74, 0x79, 0x73, 0x63, 0x61, 0x70, 0x65, 0x20, 0x77, 0x69
  .byte 0x74, 0x68, 0x20, 0x4d, 0x6f, 0x75, 0x6e, 0x74, 0x20, 0x46, 0x75, 0x6a, 0x69, 0x22, 0x0a, 0x20
  .byte 0x20, 0x20, 0x20, 0x20, 0x20, 0x20, 0x20, 0x20, 0x20, 0x20, 0x20, 0x73, 0x63, 0x61, 0x6c, 0x65
  .byte 0x3d, 0x22, 0x66, 0x69, 0x6c, 0x6c, 0x22, 0x0a, 0x20, 0x20, 0x20, 0x20, 0x20, 0x20, 0x20, 0x20
  .byte 0x20, 0x20, 0x2f, 0x3e, 0x0a, 0x20, 0x20, 0x20, 0x20, 0x20, 0x20, 0x20, 0x20, 0x3c, 0x2f, 0x54
  .byte 0x61, 0x62, 0x73, 0x43, 0x6f, 0x6e, 0x74, 0x65, 0x6e, 0x74, 0x3e, 0x0a, 0x20, 0x20, 0x20, 0x20
  .byte 0x20, 0x20, 0x20, 0x20, 0x3c, 0x54, 0x61, 0x62, 0x73, 0x43, 0x6f, 0x6e, 0x74, 0x65, 0x6e, 0x74
  .byte 0x20, 0x76, 0x61, 0x6c, 0x75, 0x65, 0x3d, 0x22, 0x74, 0x61, 0x62, 0x33, 0x22, 0x3e, 0x0a, 0x20
  .byte 0x20, 0x20, 0x20, 0x20, 0x20, 0x20, 0x20, 0x20, 0x20, 0x3c, 0x43, 0x61, 0x72, 0x64, 0x48, 0x65
  .byte 0x61, 0x64, 0x65, 0x72, 0x0a, 0x20, 0x20, 0x20, 0x20, 0x20, 0x20, 0x20, 0x20, 0x20, 0x20, 0x20
  .byte 0x20, 0x74, 0x69, 0x74, 0x6c, 0x65, 0x3d, 0x22, 0x4e, 0x65, 0x77, 0x20, 0x59, 0x6f, 0x72, 0x6b
  .byte 0x20, 0x43, 0x69, 0x74, 0x79, 0x2c, 0x20, 0x55, 0x53, 0x41, 0x22, 0x0a, 0x20, 0x20, 0x20, 0x20
  .byte 0x20, 0x20, 0x20, 0x20, 0x20, 0x20, 0x20, 0x20, 0x73, 0x75, 0x62, 0x74, 0x69, 0x74, 0x6c, 0x65
  .byte 0x3d, 0x22, 0x54, 0x68, 0x65, 0x20, 0x43, 0x69, 0x74, 0x79, 0x20, 0x54, 0x68, 0x61, 0x74, 0x20
  .byte 0x4e, 0x65, 0x76, 0x65, 0x72, 0x20, 0x53, 0x6c, 0x65, 0x65, 0x70, 0x73, 0x22, 0x0a, 0x20, 0x20
  .byte 0x20, 0x20, 0x20, 0x20, 0x20, 0x20, 0x20, 0x20, 0x20, 0x20, 0x61, 0x63, 0x74, 0x69, 0x6f, 0x6e
  .byte 0x73, 0x3d, 0x7b, 0x5b, 0x3c, 0x49, 0x63, 0x6f, 0x6e, 0x42, 0x75, 0x74, 0x74, 0x6f, 0x6e, 0x20
  .byte 0x76, 0x61, 0x72, 0x69, 0x61, 0x6e, 0x74, 0x3d, 0x22, 0x74, 0x65, 0x72, 0x74, 0x69, 0x61, 0x72
  .byte 0x79, 0x22, 0x20, 0x73, 0x69, 0x7a, 0x65, 0x3d, 0x22, 0x73, 0x6d, 0x61, 0x6c, 0x6c, 0x22, 0x20
  .byte 0x69, 0x63, 0x6f, 0x6e, 0x3d, 0x7b, 0x3c, 0x42, 0x75, 0x73, 0x46, 0x72, 0x6f, 0x6e, 0x74, 0x20
  .byte 0x2f, 0x3e, 0x7d, 0x20, 0x2f, 0x3e, 0x5d, 0x7d, 0x0a, 0x20, 0x20, 0x20, 0x20, 0x20, 0x20, 0x20
  .byte 0x20, 0x20, 0x20, 0x2f, 0x3e, 0x0a, 0x20, 0x20, 0x20, 0x20, 0x20, 0x20, 0x20, 0x20, 0x20, 0x20
  .byte 0x3c, 0x49, 0x6d, 0x61, 0x67, 0x65, 0x0a, 0x20, 0x20, 0x20, 0x20, 0x20, 0x20, 0x20, 0x20, 0x20
  .byte 0x20, 0x20, 0x20, 0x73, 0x72, 0x63, 0x3d, 0x22, 0x68, 0x74, 0x74, 0x70, 0x73, 0x3a, 0x2f, 0x2f
  .byte 0x69, 0x6d, 0x61, 0x67, 0x65, 0x73, 0x2e, 0x75, 0x6e, 0x73, 0x70, 0x6c, 0x61, 0x73, 0x68, 0x2e
  .byte 0x63, 0x6f, 0x6d, 0x2f, 0x70, 0x68, 0x6f, 0x74, 0x6f, 0x2d, 0x31, 0x34, 0x39, 0x36, 0x34, 0x34
  .byte 0x32, 0x32, 0x32, 0x36, 0x36, 0x36, 0x36, 0x2d, 0x38, 0x64, 0x34, 0x64, 0x30, 0x65, 0x36, 0x32
  .byte 0x65, 0x36, 0x65, 0x39, 0x22, 0x0a, 0x20, 0x20, 0x20, 0x20, 0x20, 0x20, 0x20, 0x20, 0x20, 0x20
  .byte 0x20, 0x20, 0x61, 0x6c, 0x74, 0x3d, 0x22, 0x4e, 0x65, 0x77, 0x20, 0x59, 0x6f, 0x72, 0x6b, 0x20
  .byte 0x43, 0x69, 0x74, 0x79, 0x20, 0x73, 0x6b, 0x79, 0x6c, 0x69, 0x6e, 0x65, 0x22, 0x0a, 0x20, 0x20
  .byte 0x20, 0x20, 0x20, 0x20, 0x20, 0x20, 0x20, 0x20, 0x20, 0x20, 0x73, 0x63, 0x61, 0x6c, 0x65, 0x3d
  .byte 0x22, 0x66, 0x69, 0x6c, 0x6c, 0x22, 0x0a, 0x20, 0x20, 0x20, 0x20, 0x20, 0x20, 0x20, 0x20, 0x20
  .byte 0x20, 0x2f, 0x3e, 0x0a, 0x20, 0x20, 0x20, 0x20, 0x20, 0x20, 0x20, 0x20, 0x3c, 0x2f, 0x54, 0x61
  .byte 0x62, 0x73, 0x43, 0x6f, 0x6e, 0x74, 0x65, 0x6e, 0x74, 0x3e, 0x0a, 0x20, 0x20, 0x20, 0x20, 0x20
  .byte 0x20, 0x3c, 0x2f, 0x54, 0x61, 0x62, 0x73, 0x3e, 0x0a, 0x20, 0x20, 0x20, 0x20, 0x3c, 0x2f, 0x43
  .byte 0x61, 0x72, 0x64, 0x3e, 0x0a, 0x20, 0x20, 0x29, 0x2c, 0x0a, 0x7d, 0x3b, 0x0a, 0x0a, 0x65, 0x78
  .byte 0x70, 0x6f, 0x72, 0x74, 0x20, 0x63, 0x6f, 0x6e, 0x73, 0x74, 0x20, 0x49, 0x63, 0x6f, 0x6e, 0x54
  .byte 0x69, 0x74, 0x6c, 0x65, 0x3a, 0x20, 0x53, 0x74, 0x6f, 0x72, 0x79, 0x20, 0x3d, 0x20, 0x7b, 0x0a
  .byte 0x20, 0x20, 0x61, 0x72, 0x67, 0x73, 0x3a, 0x20, 0x7b, 0x0a, 0x20, 0x20, 0x20, 0x20, 0x76, 0x61
  .byte 0x72, 0x69, 0x61, 0x6e, 0x74, 0x3a, 0x20, 0x22, 0x63, 0x6c, 0x65, 0x61, 0x72, 0x22, 0x2c, 0x0a
  .byte 0x20, 0x20, 0x20, 0x20, 0x64, 0x65, 0x66, 0x61, 0x75, 0x6c, 0x74, 0x56, 0x61, 0x6c, 0x75, 0x65
  .byte 0x3a, 0x20, 0x22, 0x74, 0x61, 0x62, 0x31, 0x22, 0x2c, 0x0a, 0x20, 0x20, 0x7d, 0x2c, 0x0a, 0x20
  .byte 0x20, 0x72, 0x65, 0x6e, 0x64, 0x65, 0x72, 0x3a, 0x20, 0x28, 0x61, 0x72, 0x67, 0x73, 0x29, 0x20
  .byte 0x3d, 0x3e, 0x20, 0x28, 0x0a, 0x20, 0x20, 0x20, 0x20, 0x3c, 0x54, 0x61, 0x62, 0x73, 0x20, 0x7b
  .byte 0x2e, 0x2e, 0x2e, 0x61, 0x72, 0x67, 0x73, 0x7d, 0x3e, 0x0a, 0x20, 0x20, 0x20, 0x20, 0x20, 0x20
  .byte 0x3c, 0x54, 0x61, 0x62, 0x73, 0x4c, 0x69, 0x73, 0x74, 0x20, 0x76, 0x61, 0x72, 0x69, 0x61, 0x6e
  .byte 0x74, 0x3d, 0x22, 0x69, 0x63, 0x6f, 0x6e, 0x54, 0x69, 0x74, 0x6c, 0x65, 0x22, 0x3e, 0x0a, 0x20
  .byte 0x20, 0x20, 0x20, 0x20, 0x20, 0x20, 0x20, 0x3c, 0x54, 0x61, 0x62, 0x73, 0x54, 0x72, 0x69, 0x67
  .byte 0x67, 0x65, 0x72, 0x20, 0x76, 0x61, 0x6c, 0x75, 0x65, 0x3d, 0x22, 0x74, 0x61, 0x62, 0x31, 0x22
  .byte 0x20, 0x74, 0x65, 0x78, 0x74, 0x3d, 0x22, 0x56, 0x65, 0x6e, 0x69, 0x63, 0x65, 0x22, 0x20, 0x69
  .byte 0x63, 0x6f, 0x6e, 0x3d, 0x7b, 0x3c, 0x50, 0x6c, 0x61, 0x6e, 0x65, 0x54, 0x61, 0x6b, 0x65, 0x6f
  .byte 0x66, 0x66, 0x20, 0x2f, 0x3e, 0x7d, 0x20, 0x2f, 0x3e, 0x0a, 0x20, 0x20, 0x20, 0x20, 0x20, 0x20
  .byte 0x20, 0x20, 0x3c, 0x54, 0x61, 0x62, 0x73, 0x54, 0x72, 0x69, 0x67, 0x67, 0x65, 0x72, 0x20, 0x76
  .byte 0x61, 0x6c, 0x75, 0x65, 0x3d, 0x22, 0x74, 0x61, 0x62, 0x32, 0x22, 0x20, 0x74, 0x65, 0x78, 0x74
  .byte 0x3d, 0x22, 0x4b, 0x79, 0x6f, 0x74, 0x6f, 0x22, 0x20, 0x69, 0x63, 0x6f, 0x6e, 0x3d, 0x7b, 0x3c
  .byte 0x53, 0x68, 0x69, 0x70, 0x20, 0x2f, 0x3e, 0x7d, 0x20, 0x2f, 0x3e, 0x0a, 0x20, 0x20, 0x20, 0x20
  .byte 0x20, 0x20, 0x20, 0x20, 0x3c, 0x54, 0x61, 0x62, 0x73, 0x54, 0x72, 0x69, 0x67, 0x67, 0x65, 0x72
  .byte 0x20, 0x76, 0x61, 0x6c, 0x75, 0x65, 0x3d, 0x22, 0x74, 0x61, 0x62, 0x33, 0x22, 0x20, 0x74, 0x65
  .byte 0x78, 0x74, 0x3d, 0x22, 0x44, 0x75, 0x62, 0x61, 0x69, 0x22, 0x20, 0x69, 0x63, 0x6f, 0x6e, 0x3d
  .byte 0x7b, 0x3c, 0x42, 0x75, 0x73, 0x46, 0x72, 0x6f, 0x6e, 0x74, 0x20, 0x2f, 0x3e, 0x7d, 0x20, 0x2f
  .byte 0x3e, 0x0a, 0x20, 0x20, 0x20, 0x20, 0x20, 0x20, 0x3c, 0x2f, 0x54, 0x61, 0x62, 0x73, 0x4c, 0x69
  .byte 0x73, 0x74, 0x3e, 0x0a, 0x20, 0x20, 0x20, 0x20, 0x20, 0x20, 0x3c, 0x54, 0x61, 0x62, 0x73, 0x43
  .byte 0x6f, 0x6e, 0x74, 0x65, 0x6e, 0x74, 0x20, 0x76, 0x61, 0x6c, 0x75, 0x65, 0x3d, 0x22, 0x74, 0x61
  .byte 0x62, 0x31, 0x22, 0x3e, 0x0a, 0x20, 0x20, 0x20, 0x20, 0x20, 0x20, 0x20, 0x20, 0x3c, 0x43, 0x61
  .byte 0x72, 0x64, 0x48, 0x65, 0x61, 0x64, 0x65, 0x72, 0x20, 0x74, 0x69, 0x74, 0x6c, 0x65, 0x3d, 0x22
  .byte 0x56, 0x65, 0x6e, 0x69, 0x63, 0x65, 0x2c, 0x20, 0x49, 0x74, 0x61, 0x6c, 0x79, 0x22, 0x20, 0x73
  .byte 0x75, 0x62, 0x74, 0x69, 0x74, 0x6c, 0x65, 0x3d, 0x22, 0x54, 0x68, 0x65, 0x20, 0x46, 0x6c, 0x6f
  .byte 0x61, 0x74, 0x69, 0x6e, 0x67, 0x20, 0x43, 0x69, 0x74, 0x79, 0x22, 0x20, 0x2f, 0x3e, 0x0a, 0x20
  .byte 0x20, 0x20, 0x20, 0x20, 0x20, 0x3c, 0x2f, 0x54, 0x61, 0x62, 0x73, 0x43, 0x6f, 0x6e, 0x74, 0x65
  .byte 0x6e, 0x74, 0x3e, 0x0a, 0x20, 0x20, 0x20, 0x20, 0x20, 0x20, 0x3c, 0x54, 0x61, 0x62, 0x73, 0x43
  .byte 0x6f, 0x6e, 0x74, 0x65, 0x6e, 0x74, 0x20, 0x76, 0x61, 0x6c, 0x75, 0x65, 0x3d, 0x22, 0x74, 0x61
  .byte 0x62, 0x32, 0x22, 0x3e, 0x0a, 0x20, 0x20, 0x20, 0x20, 0x20, 0x20, 0x20, 0x20, 0x3c, 0x43, 0x61
  .byte 0x72, 0x64, 0x48, 0x65, 0x61, 0x64, 0x65, 0x72, 0x20, 0x74, 0x69, 0x74, 0x6c, 0x65, 0x3d, 0x22
  .byte 0x4b, 0x79, 0x6f, 0x74, 0x6f, 0x2c, 0x20, 0x4a, 0x61, 0x70, 0x61, 0x6e, 0x22, 0x20, 0x73, 0x75
  .byte 0x62, 0x74, 0x69, 0x74, 0x6c, 0x65, 0x3d, 0x22, 0x54, 0x68, 0x65, 0x20, 0x43, 0x75, 0x6c, 0x74
  .byte 0x75, 0x72, 0x61, 0x6c, 0x20, 0x48, 0x65, 0x61, 0x72, 0x74, 0x20, 0x6f, 0x66, 0x20, 0x4a, 0x61
  .byte 0x70, 0x61, 0x6e, 0x22, 0x20, 0x2f, 0x3e, 0x0a, 0x20, 0x20, 0x20, 0x20, 0x20, 0x20, 0x3c, 0x2f
  .byte 0x54, 0x61, 0x62, 0x73, 0x43, 0x6f, 0x6e, 0x74, 0x65, 0x6e, 0x74, 0x3e, 0x0a, 0x20, 0x20, 0x20
  .byte 0x20, 0x20, 0x20, 0x3c, 0x54, 0x61, 0x62, 0x73, 0x43, 0x6f, 0x6e, 0x74, 0x65, 0x6e, 0x74, 0x20
  .byte 0x76, 0x61, 0x6c, 0x75, 0x65, 0x3d, 0x22, 0x74, 0x61, 0x62, 0x33, 0x22, 0x3e, 0x0a, 0x20, 0x20
  .byte 0x20, 0x20, 0x20, 0x20, 0x20, 0x20, 0x3c, 0x43, 0x61, 0x72, 0x64, 0x48, 0x65, 0x61, 0x64, 0x65
  .byte 0x72, 0x20, 0x74, 0x69, 0x74, 0x6c, 0x65, 0x3d, 0x22, 0x44, 0x75, 0x62, 0x61, 0x69, 0x2c, 0x20
  .byte 0x55, 0x41, 0x45, 0x22, 0x20, 0x73, 0x75, 0x62, 0x74, 0x69, 0x74, 0x6c, 0x65, 0x3d, 0x22, 0x43
  .byte 0x69, 0x74, 0x79, 0x20, 0x6f, 0x66, 0x20, 0x74, 0x68, 0x65, 0x20, 0x46, 0x75, 0x74, 0x75, 0x72
  .byte 0x65, 0x22, 0x20, 0x2f, 0x3e, 0x0a, 0x20, 0x20, 0x20, 0x20, 0x20, 0x20, 0x3c, 0x2f, 0x54, 0x61
  .byte 0x62, 0x73, 0x43, 0x6f, 0x6e, 0x74, 0x65, 0x6e, 0x74, 0x3e, 0x0a, 0x20, 0x20, 0x20, 0x20, 0x3c
  .byte 0x2f, 0x54, 0x61, 0x62, 0x73, 0x3e, 0x0a, 0x20, 0x20, 0x29, 0x2c, 0x0a, 0x7d, 0x3b, 0x0a, 0x0a
  .byte 0x65, 0x78, 0x70, 0x6f, 0x72, 0x74, 0x20, 0x63, 0x6f, 0x6e, 0x73, 0x74, 0x20, 0x49, 0x63, 0x6f
  .byte 0x6e, 0x54, 0x69, 0x74, 0x6c, 0x65, 0x53, 0x75, 0x62, 0x74, 0x65, 0x78, 0x74, 0x3a, 0x20, 0x53
  .byte 0x74, 0x6f, 0x72, 0x79, 0x20, 0x3d, 0x20, 0x7b, 0x0a, 0x20, 0x20, 0x61, 0x72, 0x67, 0x73, 0x3a
  .byte 0x20, 0x7b, 0x0a, 0x20, 0x20, 0x20, 0x20, 0x76, 0x61, 0x72, 0x69, 0x61, 0x6e, 0x74, 0x3a, 0x20
  .byte 0x22, 0x63, 0x6c, 0x65, 0x61, 0x72, 0x22, 0x2c, 0x0a, 0x20, 0x20, 0x20, 0x20, 0x64, 0x65, 0x66
  .byte 0x61, 0x75, 0x6c, 0x74, 0x56, 0x61, 0x6c, 0x75, 0x65, 0x3a, 0x20, 0x22, 0x74, 0x61, 0x62, 0x31
  .byte 0x22, 0x2c, 0x0a, 0x20, 0x20, 0x7d, 0x2c, 0x0a, 0x20, 0x20, 0x72, 0x65, 0x6e, 0x64, 0x65, 0x72
  .byte 0x3a, 0x20, 0x28, 0x61, 0x72, 0x67, 0x73, 0x29, 0x20, 0x3d, 0x3e, 0x20, 0x28, 0x0a, 0x20, 0x20
  .byte 0x20, 0x20, 0x3c, 0x54, 0x61, 0x62, 0x73, 0x20, 0x7b, 0x2e, 0x2e, 0x2e, 0x61, 0x72, 0x67, 0x73
  .byte 0x7d, 0x3e, 0x0a, 0x20, 0x20, 0x20, 0x20, 0x20, 0x20, 0x3c, 0x54, 0x61, 0x62, 0x73, 0x4c, 0x69
  .byte 0x73, 0x74, 0x20, 0x76, 0x61, 0x72, 0x69, 0x61, 0x6e, 0x74, 0x3d, 0x22, 0x69, 0x63, 0x6f, 0x6e
  .byte 0x54, 0x69, 0x74, 0x6c, 0x65, 0x53, 0x75, 0x62, 0x74, 0x65, 0x78, 0x74, 0x22, 0x3e, 0x0a, 0x20
  .byte 0x20, 0x20, 0x20, 0x20, 0x20, 0x20, 0x20, 0x3c, 0x54, 0x61, 0x62, 0x73, 0x54, 0x72, 0x69, 0x67
  .byte 0x67, 0x65, 0x72, 0x20, 0x76, 0x61, 0x6c, 0x75, 0x65, 0x3d, 0x22, 0x74, 0x61, 0x62, 0x31, 0x22
  .byte 0x20, 0x74, 0x65, 0x78, 0x74, 0x3d, 0x22, 0x56, 0x65, 0x6e, 0x69, 0x63, 0x65, 0x22, 0x20, 0x73
  .byte 0x75, 0x62, 0x74, 0x65, 0x78, 0x74, 0x3d, 0x22, 0x49, 0x74, 0x61, 0x6c, 0x79, 0x22, 0x20, 0x69
  .byte 0x63, 0x6f, 0x6e, 0x3d, 0x7b, 0x3c, 0x50, 0x6c, 0x61, 0x6e, 0x65, 0x54, 0x61, 0x6b, 0x65, 0x6f
  .byte 0x66, 0x66, 0x20, 0x2f, 0x3e, 0x7d, 0x20, 0x2f, 0x3e, 0x0a, 0x20, 0x20, 0x20, 0x20, 0x20, 0x20
  .byte 0x20, 0x20, 0x3c, 0x54, 0x61, 0x62, 0x73, 0x54, 0x72, 0x69, 0x67, 0x67, 0x65, 0x72, 0x20, 0x76
  .byte 0x61, 0x6c, 0x75, 0x65, 0x3d, 0x22, 0x74, 0x61, 0x62, 0x32, 0x22, 0x20, 0x74, 0x65, 0x78, 0x74
  .byte 0x3d, 0x22, 0x4b, 0x79, 0x6f, 0x74, 0x6f, 0x22, 0x20, 0x73, 0x75, 0x62, 0x74, 0x65, 0x78, 0x74
  .byte 0x3d, 0x22, 0x4a, 0x61, 0x70, 0x61, 0x6e, 0x22, 0x20, 0x69, 0x63, 0x6f, 0x6e, 0x3d, 0x7b, 0x3c
  .byte 0x53, 0x68, 0x69, 0x70, 0x20, 0x2f, 0x3e, 0x7d, 0x20, 0x2f, 0x3e, 0x0a, 0x20, 0x20, 0x20, 0x20
  .byte 0x20, 0x20, 0x20, 0x20, 0x3c, 0x54, 0x61, 0x62, 0x73, 0x54, 0x72, 0x69, 0x67, 0x67, 0x65, 0x72
  .byte 0x20, 0x76, 0x61, 0x6c, 0x75, 0x65, 0x3d, 0x22, 0x74, 0x61, 0x62, 0x33, 0x22, 0x20, 0x74, 0x65
  .byte 0x78, 0x74, 0x3d, 0x22, 0x44, 0x75, 0x62, 0x61, 0x69, 0x22, 0x20, 0x73, 0x75, 0x62, 0x74, 0x65
  .byte 0x78, 0x74, 0x3d, 0x22, 0x55, 0x41, 0x45, 0x22, 0x20, 0x69, 0x63, 0x6f, 0x6e, 0x3d, 0x7b, 0x3c
  .byte 0x42, 0x75, 0x73, 0x46, 0x72, 0x6f, 0x6e, 0x74, 0x20, 0x2f, 0x3e, 0x7d, 0x20, 0x2f, 0x3e, 0x0a
  .byte 0x20, 0x20, 0x20, 0x20, 0x20, 0x20, 0x3c, 0x2f, 0x54, 0x61, 0x62, 0x73, 0x4c, 0x69, 0x73, 0x74
  .byte 0x3e, 0x0a, 0x20, 0x20, 0x20, 0x20, 0x20, 0x20, 0x3c, 0x54, 0x61, 0x62, 0x73, 0x43, 0x6f, 0x6e
  .byte 0x74, 0x65, 0x6e, 0x74, 0x20, 0x76, 0x61, 0x6c, 0x75, 0x65, 0x3d, 0x22, 0x74, 0x61, 0x62, 0x31
  .byte 0x22, 0x3e, 0x0a, 0x20, 0x20, 0x20, 0x20, 0x20, 0x20, 0x20, 0x20, 0x3c, 0x43, 0x61, 0x72, 0x64
  .byte 0x48, 0x65, 0x61, 0x64, 0x65, 0x72, 0x20, 0x74, 0x69, 0x74, 0x6c, 0x65, 0x3d, 0x22, 0x56, 0x65
  .byte 0x6e, 0x69, 0x63, 0x65, 0x2c, 0x20, 0x49, 0x74, 0x61, 0x6c, 0x79, 0x22, 0x20, 0x73, 0x75, 0x62
  .byte 0x74, 0x69, 0x74, 0x6c, 0x65, 0x3d, 0x22, 0x54, 0x68, 0x65, 0x20, 0x46, 0x6c, 0x6f, 0x61, 0x74
  .byte 0x69, 0x6e, 0x67, 0x20, 0x43, 0x69, 0x74, 0x79, 0x22, 0x20, 0x2f, 0x3e, 0x0a, 0x20, 0x20, 0x20
  .byte 0x20, 0x20, 0x20, 0x3c, 0x2f, 0x54, 0x61, 0x62, 0x73, 0x43, 0x6f, 0x6e, 0x74, 0x65, 0x6e, 0x74
  .byte 0x3e, 0x0a, 0x20, 0x20, 0x20, 0x20, 0x20, 0x20, 0x3c, 0x54, 0x61, 0x62, 0x73, 0x43, 0x6f, 0x6e
  .byte 0x74, 0x65, 0x6e, 0x74, 0x20, 0x76, 0x61, 0x6c, 0x75, 0x65, 0x3d, 0x22, 0x74, 0x61, 0x62, 0x32
  .byte 0x22, 0x3e, 0x0a, 0x20, 0x20, 0x20, 0x20, 0x20, 0x20, 0x20, 0x20, 0x3c, 0x43, 0x61, 0x72, 0x64
  .byte 0x48, 0x65, 0x61, 0x64, 0x65, 0x72, 0x20, 0x74, 0x69, 0x74, 0x6c, 0x65, 0x3d, 0x22, 0x4b, 0x79
  .byte 0x6f, 0x74, 0x6f, 0x2c, 0x20, 0x4a, 0x61, 0x70, 0x61, 0x6e, 0x22, 0x20, 0x73, 0x75, 0x62, 0x74
  .byte 0x69, 0x74, 0x6c, 0x65, 0x3d, 0x22, 0x54, 0x68, 0x65, 0x20, 0x43, 0x75, 0x6c, 0x74, 0x75, 0x72
  .byte 0x61, 0x6c, 0x20, 0x48, 0x65, 0x61, 0x72, 0x74, 0x20, 0x6f, 0x66, 0x20, 0x4a, 0x61, 0x70, 0x61
  .byte 0x6e, 0x22, 0x20, 0x2f, 0x3e, 0x0a, 0x20, 0x20, 0x20, 0x20, 0x20, 0x20, 0x3c, 0x2f, 0x54, 0x61
  .byte 0x62, 0x73, 0x43, 0x6f, 0x6e, 0x74, 0x65, 0x6e, 0x74, 0x3e, 0x0a, 0x20, 0x20, 0x20, 0x20, 0x20
  .byte 0x20, 0x3c, 0x54, 0x61, 0x62, 0x73, 0x43, 0x6f, 0x6e, 0x74, 0x65, 0x6e, 0x74, 0x20, 0x76, 0x61
  .byte 0x6c, 0x75, 0x65, 0x3d, 0x22, 0x74, 0x61, 0x62, 0x33, 0x22, 0x3e, 0x0a, 0x20, 0x20, 0x20, 0x20
  .byte 0x20, 0x20, 0x20, 0x20, 0x3c, 0x43, 0x61, 0x72, 0x64, 0x48, 0x65, 0x61, 0x64, 0x65, 0x72, 0x20
  .byte 0x74, 0x69, 0x74, 0x6c, 0x65, 0x3d, 0x22, 0x44, 0x75, 0x62, 0x61, 0x69, 0x2c, 0x20, 0x55, 0x41
  .byte 0x45, 0x22, 0x20, 0x73, 0x75, 0x62, 0x74, 0x69, 0x74, 0x6c, 0x65, 0x3d, 0x22, 0x43, 0x69, 0x74
  .byte 0x79, 0x20, 0x6f, 0x66, 0x20, 0x74, 0x68, 0x65, 0x20, 0x46, 0x75, 0x74, 0x75, 0x72, 0x65, 0x22
  .byte 0x20, 0x2f, 0x3e, 0x0a, 0x20, 0x20, 0x20, 0x20, 0x20, 0x20, 0x3c, 0x2f, 0x54, 0x61, 0x62, 0x73
  .byte 0x43, 0x6f, 0x6e, 0x74, 0x65, 0x6e, 0x74, 0x3e, 0x0a, 0x20, 0x20, 0x20, 0x20, 0x3c, 0x2f, 0x54
  .byte 0x61, 0x62, 0x73, 0x3e, 0x0a, 0x20, 0x20, 0x29, 0x2c, 0x0a, 0x7d, 0x3b, 0x0a, 0x0a, 0x65, 0x78
  .byte 0x70, 0x6f, 0x72, 0x74, 0x20, 0x63, 0x6f, 0x6e, 0x73, 0x74, 0x20, 0x49, 0x6d, 0x61, 0x67, 0x65
  .byte 0x54, 0x69, 0x74, 0x6c, 0x65, 0x3a, 0x20, 0x53, 0x74, 0x6f, 0x72, 0x79, 0x20, 0x3d, 0x20, 0x7b
  .byte 0x0a, 0x20, 0x20, 0x61, 0x72, 0x67, 0x73, 0x3a, 0x20, 0x7b, 0x0a, 0x20, 0x20, 0x20, 0x20, 0x76
  .byte 0x61, 0x72, 0x69, 0x61, 0x6e, 0x74, 0x3a, 0x20, 0x22, 0x63, 0x6c, 0x65, 0x61, 0x72, 0x22, 0x2c
  .byte 0x0a, 0x20, 0x20, 0x20, 0x20, 0x64, 0x65, 0x66, 0x61, 0x75, 0x6c, 0x74, 0x56, 0x61, 0x6c, 0x75
  .byte 0x65, 0x3a, 0x20, 0x22, 0x74, 0x61, 0x62, 0x31, 0x22, 0x2c, 0x0a, 0x20, 0x20, 0x7d, 0x2c, 0x0a
  .byte 0x20, 0x20, 0x72, 0x65, 0x6e, 0x64, 0x65, 0x72, 0x3a, 0x20, 0x28, 0x61, 0x72, 0x67, 0x73, 0x29
  .byte 0x20, 0x3d, 0x3e, 0x20, 0x28, 0x0a, 0x20, 0x20, 0x20, 0x20, 0x3c, 0x54, 0x61, 0x62, 0x73, 0x20
  .byte 0x7b, 0x2e, 0x2e, 0x2e, 0x61, 0x72, 0x67, 0x73, 0x7d, 0x3e, 0x0a, 0x20, 0x20, 0x20, 0x20, 0x20
  .byte 0x20, 0x3c, 0x54, 0x61, 0x62, 0x73, 0x4c, 0x69, 0x73, 0x74, 0x20, 0x76, 0x61, 0x72, 0x69, 0x61
  .byte 0x6e, 0x74, 0x3d, 0x22, 0x69, 0x6d, 0x61, 0x67, 0x65, 0x54, 0x69, 0x74, 0x6c, 0x65, 0x22, 0x3e
  .byte 0x0a, 0x20, 0x20, 0x20, 0x20, 0x20, 0x20, 0x20, 0x20, 0x3c, 0x54, 0x61, 0x62, 0x73, 0x54, 0x72
  .byte 0x69, 0x67, 0x67, 0x65, 0x72, 0x0a, 0x20, 0x20, 0x20, 0x20, 0x20, 0x20, 0x20, 0x20, 0x20, 0x20
  .byte 0x76, 0x61, 0x6c, 0x75, 0x65, 0x3d, 0x22, 0x74, 0x61, 0x62, 0x31, 0x22, 0x0a, 0x20, 0x20, 0x20
  .byte 0x20, 0x20, 0x20, 0x20, 0x20, 0x20, 0x20, 0x74, 0x65, 0x78, 0x74, 0x3d, 0x22, 0x50, 0x61, 0x72
  .byte 0x69, 0x73, 0x22, 0x0a, 0x20, 0x20, 0x20, 0x20, 0x20, 0x20, 0x20, 0x20, 0x20, 0x20, 0x69, 0x6d
  .byte 0x61, 0x67, 0x65, 0x3d, 0x22, 0x68, 0x74, 0x74, 0x70, 0x73, 0x3a, 0x2f, 0x2f, 0x69, 0x6d, 0x61
  .byte 0x67, 0x65, 0x73, 0x2e, 0x75, 0x6e, 0x73, 0x70, 0x6c, 0x61, 0x73, 0x68, 0x2e, 0x63, 0x6f, 0x6d
  .byte 0x2f, 0x70, 0x68, 0x6f, 0x74, 0x6f, 0x2d, 0x31, 0x35, 0x30, 0x32, 0x36, 0x30, 0x32, 0x38, 0x39
  .byte 0x38, 0x36, 0x35, 0x37, 0x2d, 0x33, 0x65, 0x39, 0x31, 0x37, 0x36, 0x30, 0x63, 0x62, 0x62, 0x33
  .byte 0x34, 0x3f, 0x77, 0x3d, 0x36, 0x34, 0x22, 0x0a, 0x20, 0x20, 0x20, 0x20, 0x20, 0x20, 0x20, 0x20
  .byte 0x2f, 0x3e, 0x0a, 0x20, 0x20, 0x20, 0x20, 0x20, 0x20, 0x20, 0x20, 0x3c, 0x54, 0x61, 0x62, 0x73
  .byte 0x54, 0x72, 0x69, 0x67, 0x67, 0x65, 0x72, 0x0a, 0x20, 0x20, 0x20, 0x20, 0x20, 0x20, 0x20, 0x20
  .byte 0x20, 0x20, 0x76, 0x61, 0x6c, 0x75, 0x65, 0x3d, 0x22, 0x74, 0x61, 0x62, 0x32, 0x22, 0x0a, 0x20
  .byte 0x20, 0x20, 0x20, 0x20, 0x20, 0x20, 0x20, 0x20, 0x20, 0x74, 0x65, 0x78, 0x74, 0x3d, 0x22, 0x54
  .byte 0x6f, 0x6b, 0x79, 0x6f, 0x22, 0x0a, 0x20, 0x20, 0x20, 0x20, 0x20, 0x20, 0x20, 0x20, 0x20, 0x20
  .byte 0x69, 0x6d, 0x61, 0x67, 0x65, 0x3d, 0x22, 0x68, 0x74, 0x74, 0x70, 0x73, 0x3a, 0x2f, 0x2f, 0x69
  .byte 0x6d, 0x61, 0x67, 0x65, 0x73, 0x2e, 0x75, 0x6e, 0x73, 0x70, 0x6c, 0x61, 0x73, 0x68, 0x2e, 0x63
  .byte 0x6f, 0x6d, 0x2f, 0x70, 0x68, 0x6f, 0x74, 0x6f, 0x2d, 0x31, 0x35, 0x33, 0x36, 0x30, 0x39, 0x38
  .byte 0x35, 0x36, 0x31, 0x37, 0x34, 0x32, 0x2d, 0x63, 0x61, 0x39, 0x39, 0x38, 0x65, 0x34, 0x38, 0x63
  .byte 0x62, 0x63, 0x63, 0x3f, 0x77, 0x3d, 0x36, 0x34, 0x22, 0x0a, 0x20, 0x20, 0x20, 0x20, 0x20, 0x20
  .byte 0x20, 0x20, 0x2f, 0x3e, 0x0a, 0x20, 0x20, 0x20, 0x20, 0x20, 0x20, 0x20, 0x20, 0x3c, 0x54, 0x61
  .byte 0x62, 0x73, 0x54, 0x72, 0x69, 0x67, 0x67, 0x65, 0x72, 0x0a, 0x20, 0x20, 0x20, 0x20, 0x20, 0x20
  .byte 0x20, 0x20, 0x20, 0x20, 0x76, 0x61, 0x6c, 0x75, 0x65, 0x3d, 0x22, 0x74, 0x61, 0x62, 0x33, 0x22
  .byte 0x0a, 0x20, 0x20, 0x20, 0x20, 0x20, 0x20, 0x20, 0x20, 0x20, 0x20, 0x74, 0x65, 0x78, 0x74, 0x3d
  .byte 0x22, 0x4e, 0x65, 0x77, 0x20, 0x59, 0x6f, 0x72, 0x6b, 0x22, 0x0a, 0x20, 0x20, 0x20, 0x20, 0x20
  .byte 0x20, 0x20, 0x20, 0x20, 0x20, 0x69, 0x6d, 0x61, 0x67, 0x65, 0x3d, 0x22, 0x68, 0x74, 0x74, 0x70
  .byte 0x73, 0x3a, 0x2f, 0x2f, 0x69, 0x6d, 0x61, 0x67, 0x65, 0x73, 0x2e, 0x75, 0x6e, 0x73, 0x70, 0x6c
  .byte 0x61, 0x73, 0x68, 0x2e, 0x63, 0x6f, 0x6d, 0x2f, 0x70, 0x68, 0x6f, 0x74, 0x6f, 0x2d, 0x31, 0x34
  .byte 0x39, 0x36, 0x34, 0x34, 0x32, 0x32, 0x32, 0x36, 0x36, 0x36, 0x36, 0x2d, 0x38, 0x64, 0x34, 0x64
  .byte 0x30, 0x65, 0x36, 0x32, 0x65, 0x36, 0x65, 0x39, 0x3f, 0x77, 0x3d, 0x36, 0x34, 0x22, 0x0a, 0x20
  .byte 0x20, 0x20, 0x20, 0x20, 0x20, 0x20, 0x20, 0x2f, 0x3e, 0x0a, 0x20, 0x20, 0x20, 0x20, 0x20, 0x20
  .byte 0x3c, 0x2f, 0x54, 0x61, 0x62, 0x73, 0x4c, 0x69, 0x73, 0x74, 0x3e, 0x0a, 0x20, 0x20, 0x20, 0x20
  .byte 0x20, 0x20, 0x3c, 0x54, 0x61, 0x62, 0x73, 0x43, 0x6f, 0x6e, 0x74, 0x65, 0x6e, 0x74, 0x20, 0x76
  .byte 0x61, 0x6c, 0x75, 0x65, 0x3d, 0x22, 0x74, 0x61, 0x62, 0x31, 0x22, 0x3e, 0x0a, 0x20, 0x20, 0x20
  .byte 0x20, 0x20, 0x20, 0x20, 0x20, 0x3c, 0x43, 0x61, 0x72, 0x64, 0x48, 0x65, 0x61, 0x64, 0x65, 0x72
  .byte 0x20, 0x74, 0x69, 0x74, 0x6c, 0x65, 0x3d, 0x22, 0x50, 0x61, 0x72, 0x69, 0x73, 0x2c, 0x20, 0x46
  .byte 0x72, 0x61, 0x6e, 0x63, 0x65, 0x22, 0x20, 0x73, 0x75, 0x62, 0x74, 0x69, 0x74, 0x6c, 0x65, 0x3d
  .byte 0x22, 0x54, 0x68, 0x65, 0x20, 0x43, 0x69, 0x74, 0x79, 0x20, 0x6f, 0x66, 0x20, 0x4c, 0x69, 0x67
  .byte 0x68, 0x74, 0x22, 0x20, 0x2f, 0x3e, 0x0a, 0x20, 0x20, 0x20, 0x20, 0x20, 0x20, 0x3c, 0x2f, 0x54
  .byte 0x61, 0x62, 0x73, 0x43, 0x6f, 0x6e, 0x74, 0x65, 0x6e, 0x74, 0x3e, 0x0a, 0x20, 0x20, 0x20, 0x20
  .byte 0x20, 0x20, 0x3c, 0x54, 0x61, 0x62, 0x73, 0x43, 0x6f, 0x6e, 0x74, 0x65, 0x6e, 0x74, 0x20, 0x76
  .byte 0x61, 0x6c, 0x75, 0x65, 0x3d, 0x22, 0x74, 0x61, 0x62, 0x32, 0x22, 0x3e, 0x0a, 0x20, 0x20, 0x20
  .byte 0x20, 0x20, 0x20, 0x20, 0x20, 0x3c, 0x43, 0x61, 0x72, 0x64, 0x48, 0x65, 0x61, 0x64, 0x65, 0x72
  .byte 0x20, 0x74, 0x69, 0x74, 0x6c, 0x65, 0x3d, 0x22, 0x54, 0x6f, 0x6b, 0x79, 0x6f, 0x2c, 0x20, 0x4a
  .byte 0x61, 0x70, 0x61, 0x6e, 0x22, 0x20, 0x73, 0x75, 0x62, 0x74, 0x69, 0x74, 0x6c, 0x65, 0x3d, 0x22
  .byte 0x57, 0x68, 0x65, 0x72, 0x65, 0x20, 0x54, 0x72, 0x61, 0x64, 0x69, 0x74, 0x69, 0x6f, 0x6e, 0x20
  .byte 0x4d, 0x65, 0x65, 0x74, 0x73, 0x20, 0x46, 0x75, 0x74, 0x75, 0x72, 0x65, 0x22, 0x20, 0x2f, 0x3e
  .byte 0x0a, 0x20, 0x20, 0x20, 0x20, 0x20, 0x20, 0x3c, 0x2f, 0x54, 0x61, 0x62, 0x73, 0x43, 0x6f, 0x6e
  .byte 0x74, 0x65, 0x6e, 0x74, 0x3e, 0x0a, 0x20, 0x20, 0x20, 0x20, 0x20, 0x20, 0x3c, 0x54, 0x61, 0x62
  .byte 0x73, 0x43, 0x6f, 0x6e, 0x74, 0x65, 0x6e, 0x74, 0x20, 0x76, 0x61, 0x6c, 0x75, 0x65, 0x3d, 0x22
  .byte 0x74, 0x61, 0x62, 0x33, 0x22, 0x3e, 0x0a, 0x20, 0x20, 0x20, 0x20, 0x20, 0x20, 0x20, 0x20, 0x3c
  .byte 0x43, 0x61, 0x72, 0x64, 0x48, 0x65, 0x61, 0x64, 0x65, 0x72, 0x20, 0x74, 0x69, 0x74, 0x6c, 0x65
  .byte 0x3d, 0x22, 0x4e, 0x65, 0x77, 0x20, 0x59, 0x6f, 0x72, 0x6b, 0x20, 0x43, 0x69, 0x74, 0x79, 0x2c
  .byte 0x20, 0x55, 0x53, 0x41, 0x22, 0x20, 0x73, 0x75, 0x62, 0x74, 0x69, 0x74, 0x6c, 0x65, 0x3d, 0x22
  .byte 0x54, 0x68, 0x65, 0x20, 0x43, 0x69, 0x74, 0x79, 0x20, 0x54, 0x68, 0x61, 0x74, 0x20, 0x4e, 0x65
  .byte 0x76, 0x65, 0x72, 0x20, 0x53, 0x6c, 0x65, 0x65, 0x70, 0x73, 0x22, 0x20, 0x2f, 0x3e, 0x0a, 0x20
  .byte 0x20, 0x20, 0x20, 0x20, 0x20, 0x3c, 0x2f, 0x54, 0x61, 0x62, 0x73, 0x43, 0x6f, 0x6e, 0x74, 0x65
  .byte 0x6e, 0x74, 0x3e, 0x0a, 0x20, 0x20, 0x20, 0x20, 0x3c, 0x2f, 0x54, 0x61, 0x62, 0x73, 0x3e, 0x0a
  .byte 0x20, 0x20, 0x29, 0x2c, 0x0a, 0x7d, 0x3b, 0x0a, 0x0a, 0x65, 0x78, 0x70, 0x6f, 0x72, 0x74, 0x20
  .byte 0x63, 0x6f, 0x6e, 0x73, 0x74, 0x20, 0x49, 0x6d, 0x61, 0x67, 0x65, 0x54, 0x69, 0x74, 0x6c, 0x65
  .byte 0x53, 0x75, 0x62, 0x74, 0x65, 0x78, 0x74, 0x3a, 0x20, 0x53, 0x74, 0x6f, 0x72, 0x79, 0x20, 0x3d
  .byte 0x20, 0x7b, 0x0a, 0x20, 0x20, 0x61, 0x72, 0x67, 0x73, 0x3a, 0x20, 0x7b, 0x0a, 0x20, 0x20, 0x20
  .byte 0x20, 0x76, 0x61, 0x72, 0x69, 0x61, 0x6e, 0x74, 0x3a, 0x20, 0x22, 0x63, 0x6c, 0x65, 0x61, 0x72
  .byte 0x22, 0x2c, 0x0a, 0x20, 0x20, 0x20, 0x20, 0x64, 0x65, 0x66, 0x61, 0x75, 0x6c, 0x74, 0x56, 0x61
  .byte 0x6c, 0x75, 0x65, 0x3a, 0x20, 0x22, 0x74, 0x61, 0x62, 0x31, 0x22, 0x2c, 0x0a, 0x20, 0x20, 0x7d
  .byte 0x2c, 0x0a, 0x20, 0x20, 0x72, 0x65, 0x6e, 0x64, 0x65, 0x72, 0x3a, 0x20, 0x28, 0x61, 0x72, 0x67
  .byte 0x73, 0x29, 0x20, 0x3d, 0x3e, 0x20, 0x28, 0x0a, 0x20, 0x20, 0x20, 0x20, 0x3c, 0x54, 0x61, 0x62
  .byte 0x73, 0x20, 0x7b, 0x2e, 0x2e, 0x2e, 0x61, 0x72, 0x67, 0x73, 0x7d, 0x3e, 0x0a, 0x20, 0x20, 0x20
  .byte 0x20, 0x20, 0x20, 0x3c, 0x54, 0x61, 0x62, 0x73, 0x4c, 0x69, 0x73, 0x74, 0x20, 0x76, 0x61, 0x72
  .byte 0x69, 0x61, 0x6e, 0x74, 0x3d, 0x22, 0x69, 0x6d, 0x61, 0x67, 0x65, 0x54, 0x69, 0x74, 0x6c, 0x65
  .byte 0x53, 0x75, 0x62, 0x74, 0x65, 0x78, 0x74, 0x22, 0x3e, 0x0a, 0x20, 0x20, 0x20, 0x20, 0x20, 0x20
  .byte 0x20, 0x20, 0x3c, 0x54, 0x61, 0x62, 0x73, 0x54, 0x72, 0x69, 0x67, 0x67, 0x65, 0x72, 0x0a, 0x20
  .byte 0x20, 0x20, 0x20, 0x20, 0x20, 0x20, 0x20, 0x20, 0x20, 0x76, 0x61, 0x6c, 0x75, 0x65, 0x3d, 0x22
  .byte 0x74, 0x61, 0x62, 0x31, 0x22, 0x0a, 0x20, 0x20, 0x20, 0x20, 0x20, 0x20, 0x20, 0x20, 0x20, 0x20
  .byte 0x74, 0x65, 0x78, 0x74, 0x3d, 0x22, 0x50, 0x61, 0x72, 0x69, 0x73, 0x22, 0x0a, 0x20, 0x20, 0x20
  .byte 0x20, 0x20, 0x20, 0x20, 0x20, 0x20, 0x20, 0x73, 0x75, 0x62, 0x74, 0x65, 0x78, 0x74, 0x3d, 0x22
  .byte 0x46, 0x72, 0x61, 0x6e, 0x63, 0x65, 0x22, 0x0a, 0x20, 0x20, 0x20, 0x20, 0x20, 0x20, 0x20, 0x20
  .byte 0x20, 0x20, 0x69, 0x6d, 0x61, 0x67, 0x65, 0x3d, 0x22, 0x68, 0x74, 0x74, 0x70, 0x73, 0x3a, 0x2f
  .byte 0x2f, 0x69, 0x6d, 0x61, 0x67, 0x65, 0x73, 0x2e, 0x75, 0x6e, 0x73, 0x70, 0x6c, 0x61, 0x73, 0x68
  .byte 0x2e, 0x63, 0x6f, 0x6d, 0x2f, 0x70, 0x68, 0x6f, 0x74, 0x6f, 0x2d, 0x31, 0x35, 0x30, 0x32, 0x36
  .byte 0x30, 0x32, 0x38, 0x39, 0x38, 0x36, 0x35, 0x37, 0x2d, 0x33, 0x65, 0x39, 0x31, 0x37, 0x36, 0x30
  .byte 0x63, 0x62, 0x62, 0x33, 0x34, 0x3f, 0x77, 0x3d, 0x36, 0x34, 0x22, 0x0a, 0x20, 0x20, 0x20, 0x20
  .byte 0x20, 0x20, 0x20, 0x20, 0x2f, 0x3e, 0x0a, 0x20, 0x20, 0x20, 0x20, 0x20, 0x20, 0x20, 0x20, 0x3c
  .byte 0x54, 0x61, 0x62, 0x73, 0x54, 0x72, 0x69, 0x67, 0x67, 0x65, 0x72, 0x0a, 0x20, 0x20, 0x20, 0x20
  .byte 0x20, 0x20, 0x20, 0x20, 0x20, 0x20, 0x76, 0x61, 0x6c, 0x75, 0x65, 0x3d, 0x22, 0x74, 0x61, 0x62
  .byte 0x32, 0x22, 0x0a, 0x20, 0x20, 0x20, 0x20, 0x20, 0x20, 0x20, 0x20, 0x20, 0x20, 0x74, 0x65, 0x78
  .byte 0x74, 0x3d, 0x22, 0x54, 0x6f, 0x6b, 0x79, 0x6f, 0x22, 0x0a, 0x20, 0x20, 0x20, 0x20, 0x20, 0x20
  .byte 0x20, 0x20, 0x20, 0x20, 0x73, 0x75, 0x62, 0x74, 0x65, 0x78, 0x74, 0x3d, 0x22, 0x4a, 0x61, 0x70
  .byte 0x61, 0x6e, 0x22, 0x0a, 0x20, 0x20, 0x20, 0x20, 0x20, 0x20, 0x20, 0x20, 0x20, 0x20, 0x69, 0x6d
  .byte 0x61, 0x67, 0x65, 0x3d, 0x22, 0x68, 0x74, 0x74, 0x70, 0x73, 0x3a, 0x2f, 0x2f, 0x69, 0x6d, 0x61
  .byte 0x67, 0x65, 0x73, 0x2e, 0x75, 0x6e, 0x73, 0x70, 0x6c, 0x61, 0x73, 0x68, 0x2e, 0x63, 0x6f, 0x6d
  .byte 0x2f, 0x70, 0x68, 0x6f, 0x74, 0x6f, 0x2d, 0x31, 0x35, 0x33, 0x36, 0x30, 0x39, 0x38, 0x35, 0x36
  .byte 0x31, 0x37, 0x34, 0x32, 0x2d, 0x63, 0x61, 0x39, 0x39, 0x38, 0x65, 0x34, 0x38, 0x63, 0x62, 0x63
  .byte 0x63, 0x3f, 0x77, 0x3d, 0x36, 0x34, 0x22, 0x0a, 0x20, 0x20, 0x20, 0x20, 0x20, 0x20, 0x20, 0x20
  .byte 0x2f, 0x3e, 0x0a, 0x20, 0x20, 0x20, 0x20, 0x20, 0x20, 0x20, 0x20, 0x3c, 0x54, 0x61, 0x62, 0x73
  .byte 0x54, 0x72, 0x69, 0x67, 0x67, 0x65, 0x72, 0x0a, 0x20, 0x20, 0x20, 0x20, 0x20, 0x20, 0x20, 0x20
  .byte 0x20, 0x20, 0x76, 0x61, 0x6c, 0x75, 0x65, 0x3d, 0x22, 0x74, 0x61, 0x62, 0x33, 0x22, 0x0a, 0x20
  .byte 0x20, 0x20, 0x20, 0x20, 0x20, 0x20, 0x20, 0x20, 0x20, 0x74, 0x65, 0x78, 0x74, 0x3d, 0x22, 0x4e
  .byte 0x65, 0x77, 0x20, 0x59, 0x6f, 0x72, 0x6b, 0x22, 0x0a, 0x20, 0x20, 0x20, 0x20, 0x20, 0x20, 0x20
  .byte 0x20, 0x20, 0x20, 0x73, 0x75, 0x62, 0x74, 0x65, 0x78, 0x74, 0x3d, 0x22, 0x55, 0x53, 0x41, 0x22
  .byte 0x0a, 0x20, 0x20, 0x20, 0x20, 0x20, 0x20, 0x20, 0x20, 0x20, 0x20, 0x69, 0x6d, 0x61, 0x67, 0x65
  .byte 0x3d, 0x22, 0x68, 0x74, 0x74, 0x70, 0x73, 0x3a, 0x2f, 0x2f, 0x69, 0x6d, 0x61, 0x67, 0x65, 0x73
  .byte 0x2e, 0x75, 0x6e, 0x73, 0x70, 0x6c, 0x61, 0x73, 0x68, 0x2e, 0x63, 0x6f, 0x6d, 0x2f, 0x70, 0x68
  .byte 0x6f, 0x74, 0x6f, 0x2d, 0x31, 0x34, 0x39, 0x36, 0x34, 0x34, 0x32, 0x32, 0x32, 0x36, 0x36, 0x36
  .byte 0x36, 0x2d, 0x38, 0x64, 0x34, 0x64, 0x30, 0x65, 0x36, 0x32, 0x65, 0x36, 0x65, 0x39, 0x3f, 0x77
  .byte 0x3d, 0x36, 0x34, 0x22, 0x0a, 0x20, 0x20, 0x20, 0x20, 0x20, 0x20, 0x20, 0x20, 0x2f, 0x3e, 0x0a
  .byte 0x20, 0x20, 0x20, 0x20, 0x20, 0x20, 0x20, 0x20, 0x3c, 0x54, 0x61, 0x62, 0x73, 0x54, 0x72, 0x69
  .byte 0x67, 0x67, 0x65, 0x72, 0x0a, 0x20, 0x20, 0x20, 0x20, 0x20, 0x20, 0x20, 0x20, 0x20, 0x20, 0x76
  .byte 0x61, 0x6c, 0x75, 0x65, 0x3d, 0x22, 0x74, 0x61, 0x62, 0x34, 0x22, 0x0a, 0x20, 0x20, 0x20, 0x20
  .byte 0x20, 0x20, 0x20, 0x20, 0x20, 0x20, 0x74, 0x65, 0x78, 0x74, 0x3d, 0x22, 0x4c, 0x6f, 0x6e, 0x64
  .byte 0x6f, 0x6e, 0x22, 0x0a, 0x20, 0x20, 0x20, 0x20, 0x20, 0x20, 0x20, 0x20, 0x20, 0x20, 0x73, 0x75
  .byte 0x62, 0x74, 0x65, 0x78, 0x74, 0x3d, 0x22, 0x55, 0x4b, 0x22, 0x0a, 0x20, 0x20, 0x20, 0x20, 0x20
  .byte 0x20, 0x20, 0x20, 0x20, 0x20, 0x69, 0x6d, 0x61, 0x67, 0x65, 0x3d, 0x22, 0x68, 0x74, 0x74, 0x70
  .byte 0x73, 0x3a, 0x2f, 0x2f, 0x69, 0x6d, 0x61, 0x67, 0x65, 0x73, 0x2e, 0x75, 0x6e, 0x73, 0x70, 0x6c
  .byte 0x61, 0x73, 0x68, 0x2e, 0x63, 0x6f, 0x6d, 0x2f, 0x70, 0x68, 0x6f, 0x74, 0x6f, 0x2d, 0x31, 0x35
  .byte 0x31, 0x33, 0x36, 0x33, 0x35, 0x32, 0x36, 0x39, 0x39, 0x37, 0x35, 0x2d, 0x35, 0x39, 0x36, 0x36
  .byte 0x33, 0x65, 0x30, 0x61, 0x63, 0x31, 0x61, 0x64, 0x3f, 0x77, 0x3d, 0x36, 0x34, 0x22, 0x0a, 0x20
  .byte 0x20, 0x20, 0x20, 0x20, 0x20, 0x20, 0x20, 0x2f, 0x3e, 0x0a, 0x20, 0x20, 0x20, 0x20, 0x20, 0x20
  .byte 0x20, 0x20, 0x3c, 0x54, 0x61, 0x62, 0x73, 0x54, 0x72, 0x69, 0x67, 0x67, 0x65, 0x72, 0x0a, 0x20
  .byte 0x20, 0x20, 0x20, 0x20, 0x20, 0x20, 0x20, 0x20, 0x20, 0x76, 0x61, 0x6c, 0x75, 0x65, 0x3d, 0x22
  .byte 0x74, 0x61, 0x62, 0x35, 0x22, 0x0a, 0x20, 0x20, 0x20, 0x20, 0x20, 0x20, 0x20, 0x20, 0x20, 0x20
  .byte 0x74, 0x65, 0x78, 0x74, 0x3d, 0x22, 0x53, 0x79, 0x64, 0x6e, 0x65, 0x79, 0x22, 0x0a, 0x20, 0x20
  .byte 0x20, 0x20, 0x20, 0x20, 0x20, 0x20, 0x20, 0x20, 0x73, 0x75, 0x62, 0x74, 0x65, 0x78, 0x74, 0x3d
  .byte 0x22, 0x41, 0x75, 0x73, 0x74, 0x72, 0x61, 0x6c, 0x69, 0x61, 0x22, 0x0a, 0x20, 0x20, 0x20, 0x20
  .byte 0x20, 0x20, 0x20, 0x20, 0x20, 0x20, 0x69, 0x6d, 0x61, 0x67, 0x65, 0x3d, 0x22, 0x68, 0x74, 0x74
  .byte 0x70, 0x73, 0x3a, 0x2f, 0x2f, 0x69, 0x6d, 0x61, 0x67, 0x65, 0x73, 0x2e, 0x75, 0x6e, 0x73, 0x70
  .byte 0x6c, 0x61, 0x73, 0x68, 0x2e, 0x63, 0x6f, 0x6d, 0x2f, 0x70, 0x68, 0x6f, 0x74, 0x6f, 0x2d, 0x31
  .byte 0x35, 0x30, 0x36, 0x39, 0x37, 0x33, 0x30, 0x33, 0x35, 0x38, 0x37, 0x32, 0x2d, 0x61, 0x34, 0x65
  .byte 0x63, 0x31, 0x36, 0x62, 0x38, 0x65, 0x38, 0x64, 0x39, 0x3f, 0x77, 0x3d, 0x36, 0x34, 0x22, 0x0a
  .byte 0x20, 0x20, 0x20, 0x20, 0x20, 0x20, 0x20, 0x20, 0x2f, 0x3e, 0x0a, 0x20, 0x20, 0x20, 0x20, 0x20
  .byte 0x20, 0x20, 0x20, 0x3c, 0x54, 0x61, 0x62, 0x73, 0x54, 0x72, 0x69, 0x67, 0x67, 0x65, 0x72, 0x0a
  .byte 0x20, 0x20, 0x20, 0x20, 0x20, 0x20, 0x20, 0x20, 0x20, 0x20, 0x76, 0x61, 0x6c, 0x75, 0x65, 0x3d
  .byte 0x22, 0x74, 0x61, 0x62, 0x36, 0x22, 0x0a, 0x20, 0x20, 0x20, 0x20, 0x20, 0x20, 0x20, 0x20, 0x20
  .byte 0x20, 0x74, 0x65, 0x78, 0x74, 0x3d, 0x22, 0x52, 0x6f, 0x6d, 0x65, 0x22, 0x0a, 0x20, 0x20, 0x20
  .byte 0x20, 0x20, 0x20, 0x20, 0x20, 0x20, 0x20, 0x73, 0x75, 0x62, 0x74, 0x65, 0x78, 0x74, 0x3d, 0x22
  .byte 0x49, 0x74, 0x61, 0x6c, 0x79, 0x22, 0x0a, 0x20, 0x20, 0x20, 0x20, 0x20, 0x20, 0x20, 0x20, 0x20
  .byte 0x20, 0x69, 0x6d, 0x61, 0x67, 0x65, 0x3d, 0x22, 0x68, 0x74, 0x74, 0x70, 0x73, 0x3a, 0x2f, 0x2f
  .byte 0x69, 0x6d, 0x61, 0x67, 0x65, 0x73, 0x2e, 0x75, 0x6e, 0x73, 0x70, 0x6c, 0x61, 0x73, 0x68, 0x2e
  .byte 0x63, 0x6f, 0x6d, 0x2f, 0x70, 0x68, 0x6f, 0x74, 0x6f, 0x2d, 0x31, 0x35, 0x35, 0x32, 0x38, 0x33
  .byte 0x32, 0x32, 0x33, 0x30, 0x2d, 0x63, 0x30, 0x31, 0x39, 0x37, 0x64, 0x64, 0x33, 0x31, 0x31, 0x62
  .byte 0x35, 0x3f, 0x77, 0x3d, 0x36, 0x34, 0x22, 0x0a, 0x20, 0x20, 0x20, 0x20, 0x20, 0x20, 0x20, 0x20
  .byte 0x2f, 0x3e, 0x0a, 0x20, 0x20, 0x20, 0x20, 0x20, 0x20, 0x20, 0x20, 0x3c, 0x54, 0x61, 0x62, 0x73
  .byte 0x54, 0x72, 0x69, 0x67, 0x67, 0x65, 0x72, 0x0a, 0x20, 0x20, 0x20, 0x20, 0x20, 0x20, 0x20, 0x20
  .byte 0x20, 0x20, 0x76, 0x61, 0x6c, 0x75, 0x65, 0x3d, 0x22, 0x74, 0x61, 0x62, 0x37, 0x22, 0x0a, 0x20
  .byte 0x20, 0x20, 0x20, 0x20, 0x20, 0x20, 0x20, 0x20, 0x20, 0x74, 0x65, 0x78, 0x74, 0x3d, 0x22, 0x42
  .byte 0x61, 0x72, 0x63, 0x65, 0x6c, 0x6f, 0x6e, 0x61, 0x22, 0x0a, 0x20, 0x20, 0x20, 0x20, 0x20, 0x20
  .byte 0x20, 0x20, 0x20, 0x20, 0x73, 0x75, 0x62, 0x74, 0x65, 0x78, 0x74, 0x3d, 0x22, 0x53, 0x70, 0x61
  .byte 0x69, 0x6e, 0x22, 0x0a, 0x20, 0x20, 0x20, 0x20, 0x20, 0x20, 0x20, 0x20, 0x20, 0x20, 0x69, 0x6d
  .byte 0x61, 0x67, 0x65, 0x3d, 0x22, 0x68, 0x74, 0x74, 0x70, 0x73, 0x3a, 0x2f, 0x2f, 0x69, 0x6d, 0x61
  .byte 0x67, 0x65, 0x73, 0x2e, 0x75, 0x6e, 0x73, 0x70, 0x6c, 0x61, 0x73, 0x68, 0x2e, 0x63, 0x6f, 0x6d
  .byte 0x2f, 0x70, 0x68, 0x6f, 0x74, 0x6f, 0x2d, 0x31, 0x35, 0x38, 0x33, 0x34, 0x32, 0x32, 0x34, 0x30
  .byte 0x39, 0x35, 0x31, 0x36, 0x2d, 0x32, 0x38, 0x39, 0x35, 0x61, 0x37, 0x37, 0x65, 0x66, 0x64, 0x65
  .byte 0x64, 0x3f, 0x77, 0x3d, 0x36, 0x34, 0x22, 0x0a, 0x20, 0x20, 0x20, 0x20, 0x20, 0x20, 0x20, 0x20
  .byte 0x2f, 0x3e, 0x0a, 0x20, 0x20, 0x20, 0x20, 0x20, 0x20, 0x20, 0x20, 0x3c, 0x54, 0x61, 0x62, 0x73
  .byte 0x54, 0x72, 0x69, 0x67, 0x67, 0x65, 0x72, 0x0a, 0x20, 0x20, 0x20, 0x20, 0x20, 0x20, 0x20, 0x20
  .byte 0x20, 0x20, 0x76, 0x61, 0x6c, 0x75, 0x65, 0x3d, 0x22, 0x74, 0x61, 0x62, 0x38, 0x22, 0x0a, 0x20
  .byte 0x20, 0x20, 0x20, 0x20, 0x20, 0x20, 0x20, 0x20, 0x20, 0x74, 0x65, 0x78, 0x74, 0x3d, 0x22, 0x42
  .byte 0x61, 0x6e, 0x67, 0x6b, 0x6f, 0x6b, 0x22, 0x0a, 0x20, 0x20, 0x20, 0x20, 0x20, 0x20, 0x20, 0x20
  .byte 0x20, 0x20, 0x73, 0x75, 0x62, 0x74, 0x65, 0x78, 0x74, 0x3d, 0x22, 0x54, 0x68, 0x61, 0x69, 0x6c
  .byte 0x61, 0x6e, 0x64, 0x22, 0x0a, 0x20, 0x20, 0x20, 0x20, 0x20, 0x20, 0x20, 0x20, 0x20, 0x20, 0x69
  .byte 0x6d, 0x61, 0x67, 0x65, 0x3d, 0x22, 0x68, 0x74, 0x74, 0x70, 0x73, 0x3a, 0x2f, 0x2f, 0x69, 0x6d
  .byte 0x61, 0x67, 0x65, 0x73, 0x2e, 0x75, 0x6e, 0x73, 0x70, 0x6c, 0x61, 0x73, 0x68, 0x2e, 0x63, 0x6f
  .byte 0x6d, 0x2f, 0x70, 0x68, 0x6f, 0x74, 0x6f, 0x2d, 0x31, 0x35, 0x30, 0x38, 0x30, 0x30, 0x39, 0x36
  .byte 0x30, 0x33, 0x38, 0x38, 0x35, 0x2d, 0x35, 0x30, 0x63, 0x66, 0x37, 0x63, 0x35, 0x37, 0x39, 0x33
  .byte 0x36, 0x35, 0x3f, 0x77, 0x3d, 0x36, 0x34, 0x22, 0x0a, 0x20, 0x20, 0x20, 0x20, 0x20, 0x20, 0x20
  .byte 0x20, 0x2f, 0x3e, 0x0a, 0x20, 0x20, 0x20, 0x20, 0x20, 0x20, 0x20, 0x20, 0x3c, 0x54, 0x61, 0x62
  .byte 0x73, 0x54, 0x72, 0x69, 0x67, 0x67, 0x65, 0x72, 0x0a, 0x20, 0x20, 0x20, 0x20, 0x20, 0x20, 0x20
  .byte 0x20, 0x20, 0x20, 0x76, 0x61, 0x6c, 0x75, 0x65, 0x3d, 0x22, 0x74, 0x61, 0x62, 0x39, 0x22, 0x0a
  .byte 0x20, 0x20, 0x20, 0x20, 0x20, 0x20, 0x20, 0x20, 0x20, 0x20, 0x74, 0x65, 0x78, 0x74, 0x3d, 0x22
  .byte 0x43, 0x61, 0x70, 0x65, 0x20, 0x54, 0x6f, 0x77, 0x6e, 0x22, 0x0a, 0x20, 0x20, 0x20, 0x20, 0x20
  .byte 0x20, 0x20, 0x20, 0x20, 0x20, 0x73, 0x75, 0x62, 0x74, 0x65, 0x78, 0x74, 0x3d, 0x22, 0x53, 0x6f
  .byte 0x75, 0x74, 0x68, 0x20, 0x41, 0x66, 0x72, 0x69, 0x63, 0x61, 0x22, 0x0a, 0x20, 0x20, 0x20, 0x20
  .byte 0x20, 0x20, 0x20, 0x20, 0x20, 0x20, 0x69, 0x6d, 0x61, 0x67, 0x65, 0x3d, 0x22, 0x68, 0x74, 0x74
  .byte 0x70, 0x73, 0x3a, 0x2f, 0x2f, 0x69, 0x6d, 0x61, 0x67, 0x65, 0x73, 0x2e, 0x75, 0x6e, 0x73, 0x70
  .byte 0x6c, 0x61, 0x73, 0x68, 0x2e, 0x63, 0x6f, 0x6d, 0x2f, 0x70, 0x68, 0x6f, 0x74, 0x6f, 0x2d, 0x31
  .byte 0x35, 0x38, 0x30, 0x30, 0x36, 0x30, 0x38, 0x33, 0x39, 0x31, 0x33, 0x34, 0x2d, 0x37, 0x35, 0x61
  .byte 0x35, 0x65, 0x64, 0x63, 0x61, 0x32, 0x65, 0x39, 0x39, 0x3f, 0x77, 0x3d, 0x36, 0x34, 0x22, 0x0a
  .byte 0x20, 0x20, 0x20, 0x20, 0x20, 0x20, 0x20, 0x20, 0x2f, 0x3e, 0x0a, 0x20, 0x20, 0x20, 0x20, 0x20
  .byte 0x20, 0x20, 0x20, 0x3c, 0x54, 0x61, 0x62, 0x73, 0x54, 0x72, 0x69, 0x67, 0x67, 0x65, 0x72, 0x0a
  .byte 0x20, 0x20, 0x20, 0x20, 0x20, 0x20, 0x20, 0x20, 0x20, 0x20, 0x76, 0x61, 0x6c, 0x75, 0x65, 0x3d
  .byte 0x22, 0x74, 0x61, 0x62, 0x31, 0x30, 0x22, 0x0a, 0x20, 0x20, 0x20, 0x20, 0x20, 0x20, 0x20, 0x20
  .byte 0x20, 0x20, 0x74, 0x65, 0x78, 0x74, 0x3d, 0x22, 0x41, 0x6d, 0x73, 0x74, 0x65, 0x72, 0x64, 0x61
  .byte 0x6d, 0x22, 0x0a, 0x20, 0x20, 0x20, 0x20, 0x20, 0x20, 0x20, 0x20, 0x20, 0x20, 0x73, 0x75, 0x62
  .byte 0x74, 0x65, 0x78, 0x74, 0x3d, 0x22, 0x4e, 0x65, 0x74, 0x68, 0x65, 0x72, 0x6c, 0x61, 0x6e, 0x64
  .byte 0x73, 0x22, 0x0a, 0x20, 0x20, 0x20, 0x20, 0x20, 0x20, 0x20, 0x20, 0x20, 0x20, 0x69, 0x6d, 0x61
  .byte 0x67, 0x65, 0x3d, 0x22, 0x68, 0x74, 0x74, 0x70, 0x73, 0x3a, 0x2f, 0x2f, 0x69, 0x6d, 0x61, 0x67
  .byte 0x65, 0x73, 0x2e, 0x75, 0x6e, 0x73, 0x70, 0x6c, 0x61, 0x73, 0x68, 0x2e, 0x63, 0x6f, 0x6d, 0x2f
  .byte 0x70, 0x68, 0x6f, 0x74, 0x6f, 0x2d, 0x31, 0x35, 0x31, 0x32, 0x34, 0x37, 0x30, 0x38, 0x37, 0x36
  .byte 0x33, 0x30, 0x32, 0x2d, 0x39, 0x37, 0x32, 0x66, 0x61, 0x61, 0x32, 0x61, 0x61, 0x39, 0x61, 0x34
  .byte 0x3f, 0x77, 0x3d, 0x36, 0x34, 0x22, 0x0a, 0x20, 0x20, 0x20, 0x20, 0x20, 0x20, 0x20, 0x20, 0x2f
  .byte 0x3e, 0x0a, 0x20, 0x20, 0x20, 0x20, 0x20, 0x20, 0x3c, 0x2f, 0x54, 0x61, 0x62, 0x73, 0x4c, 0x69
  .byte 0x73, 0x74, 0x3e, 0x0a, 0x20, 0x20, 0x20, 0x20, 0x20, 0x20, 0x3c, 0x54, 0x61, 0x62, 0x73, 0x43
  .byte 0x6f, 0x6e, 0x74, 0x65, 0x6e, 0x74, 0x20, 0x76, 0x61, 0x6c, 0x75, 0x65, 0x3d, 0x22, 0x74, 0x61
  .byte 0x62, 0x31, 0x22, 0x3e, 0x0a, 0x20, 0x20, 0x20, 0x20, 0x20, 0x20, 0x20, 0x20, 0x3c, 0x43, 0x61
  .byte 0x72, 0x64, 0x48, 0x65, 0x61, 0x64, 0x65, 0x72, 0x20, 0x74, 0x69, 0x74, 0x6c, 0x65, 0x3d, 0x22
  .byte 0x50, 0x61, 0x72, 0x69, 0x73, 0x2c, 0x20, 0x46, 0x72, 0x61, 0x6e, 0x63, 0x65, 0x22, 0x20, 0x73
  .byte 0x75, 0x62, 0x74, 0x69, 0x74, 0x6c, 0x65, 0x3d, 0x22, 0x54, 0x68, 0x65, 0x20, 0x43, 0x69, 0x74
  .byte 0x79, 0x20, 0x6f, 0x66, 0x20, 0x4c, 0x69, 0x67, 0x68, 0x74, 0x22, 0x20, 0x2f, 0x3e, 0x0a, 0x20
  .byte 0x20, 0x20, 0x20, 0x20, 0x20, 0x3c, 0x2f, 0x54, 0x61, 0x62, 0x73, 0x43, 0x6f, 0x6e, 0x74, 0x65
  .byte 0x6e, 0x74, 0x3e, 0x0a, 0x20, 0x20, 0x20, 0x20, 0x20, 0x20, 0x3c, 0x54, 0x61, 0x62, 0x73, 0x43
  .byte 0x6f, 0x6e, 0x74, 0x65, 0x6e, 0x74, 0x20, 0x76, 0x61, 0x6c, 0x75, 0x65, 0x3d, 0x22, 0x74, 0x61
  .byte 0x62, 0x32, 0x22, 0x3e, 0x0a, 0x20, 0x20, 0x20, 0x20, 0x20, 0x20, 0x20, 0x20, 0x3c, 0x43, 0x61
  .byte 0x72, 0x64, 0x48, 0x65, 0x61, 0x64, 0x65, 0x72, 0x20, 0x74, 0x69, 0x74, 0x6c, 0x65, 0x3d, 0x22
  .byte 0x54, 0x6f, 0x6b, 0x79, 0x6f, 0x2c, 0x20, 0x4a, 0x61, 0x70, 0x61, 0x6e, 0x22, 0x20, 0x73, 0x75
  .byte 0x62, 0x74, 0x69, 0x74, 0x6c, 0x65, 0x3d, 0x22, 0x57, 0x68, 0x65, 0x72, 0x65, 0x20, 0x54, 0x72
  .byte 0x61, 0x64, 0x69, 0x74, 0x69, 0x6f, 0x6e, 0x20, 0x4d, 0x65, 0x65, 0x74, 0x73, 0x20, 0x46, 0x75
  .byte 0x74, 0x75, 0x72, 0x65, 0x22, 0x20, 0x2f, 0x3e, 0x0a, 0x20, 0x20, 0x20, 0x20, 0x20, 0x20, 0x3c
  .byte 0x2f, 0x54, 0x61, 0x62, 0x73, 0x43, 0x6f, 0x6e, 0x74, 0x65, 0x6e, 0x74, 0x3e, 0x0a, 0x20, 0x20
  .byte 0x20, 0x20, 0x20, 0x20, 0x3c, 0x54, 0x61, 0x62, 0x73, 0x43, 0x6f, 0x6e, 0x74, 0x65, 0x6e, 0x74
  .byte 0x20, 0x76, 0x61, 0x6c, 0x75, 0x65, 0x3d, 0x22, 0x74, 0x61, 0x62, 0x33, 0x22, 0x3e, 0x0a, 0x20
  .byte 0x20, 0x20, 0x20, 0x20, 0x20, 0x20, 0x20, 0x3c, 0x43, 0x61, 0x72, 0x64, 0x48, 0x65, 0x61, 0x64
  .byte 0x65, 0x72, 0x20, 0x74, 0x69, 0x74, 0x6c, 0x65, 0x3d, 0x22, 0x4e, 0x65, 0x77, 0x20, 0x59, 0x6f
  .byte 0x72, 0x6b, 0x20, 0x43, 0x69, 0x74, 0x79, 0x2c, 0x20, 0x55, 0x53, 0x41, 0x22, 0x20, 0x73, 0x75
  .byte 0x62, 0x74, 0x69, 0x74, 0x6c, 0x65, 0x3d, 0x22, 0x54, 0x68, 0x65, 0x20, 0x43, 0x69, 0x74, 0x79
  .byte 0x20, 0x54, 0x68, 0x61, 0x74, 0x20, 0x4e, 0x65, 0x76, 0x65, 0x72, 0x20, 0x53, 0x6c, 0x65, 0x65
  .byte 0x70, 0x73, 0x22, 0x20, 0x2f, 0x3e, 0x0a, 0x20, 0x20, 0x20, 0x20, 0x20, 0x20, 0x3c, 0x2f, 0x54
  .byte 0x61, 0x62, 0x73, 0x43, 0x6f, 0x6e, 0x74, 0x65, 0x6e, 0x74, 0x3e, 0x0a, 0x20, 0x20, 0x20, 0x20
  .byte 0x20, 0x20, 0x3c, 0x54, 0x61, 0x62, 0x73, 0x43, 0x6f, 0x6e, 0x74, 0x65, 0x6e, 0x74, 0x20, 0x76
  .byte 0x61, 0x6c, 0x75, 0x65, 0x3d, 0x22, 0x74, 0x61, 0x62, 0x34, 0x22, 0x3e, 0x0a, 0x20, 0x20, 0x20
  .byte 0x20, 0x20, 0x20, 0x20, 0x20, 0x3c, 0x43, 0x61, 0x72, 0x64, 0x48, 0x65, 0x61, 0x64, 0x65, 0x72
  .byte 0x20, 0x74, 0x69, 0x74, 0x6c, 0x65, 0x3d, 0x22, 0x4c, 0x6f, 0x6e, 0x64, 0x6f, 0x6e, 0x2c, 0x20
  .byte 0x55, 0x4b, 0x22, 0x20, 0x73, 0x75, 0x62, 0x74, 0x69, 0x74, 0x6c, 0x65, 0x3d, 0x22, 0x54, 0x68
  .byte 0x65, 0x20, 0x43, 0x69, 0x74, 0x79, 0x20, 0x6f, 0x66, 0x20, 0x48, 0x69, 0x73, 0x74, 0x6f, 0x72
  .byte 0x79, 0x22, 0x20, 0x2f, 0x3e, 0x0a, 0x20, 0x20, 0x20, 0x20, 0x20, 0x20, 0x3c, 0x2f, 0x54, 0x61
  .byte 0x62, 0x73, 0x43, 0x6f, 0x6e, 0x74, 0x65, 0x6e, 0x74, 0x3e, 0x0a, 0x20, 0x20, 0x20, 0x20, 0x20
  .byte 0x20, 0x3c, 0x54, 0x61, 0x62, 0x73, 0x43, 0x6f, 0x6e, 0x74, 0x65, 0x6e, 0x74, 0x20, 0x76, 0x61
  .byte 0x6c, 0x75, 0x65, 0x3d, 0x22, 0x74, 0x61, 0x62, 0x35, 0x22, 0x3e, 0x0a, 0x20, 0x20, 0x20, 0x20
  .byte 0x20, 0x20, 0x20, 0x20, 0x3c, 0x43, 0x61, 0x72, 0x64, 0x48, 0x65, 0x61, 0x64, 0x65, 0x72, 0x20
  .byte 0x74, 0x69, 0x74, 0x6c, 0x65, 0x3d, 0x22, 0x53, 0x79, 0x64, 0x6e, 0x65, 0x79, 0x2c, 0x20, 0x41
  .byte 0x75, 0x73, 0x74, 0x72, 0x61, 0x6c, 0x69, 0x61, 0x22, 0x20, 0x73, 0x75, 0x62, 0x74, 0x69, 0x74
  .byte 0x6c, 0x65, 0x3d, 0x22, 0x54, 0x68, 0x65, 0x20, 0x48, 0x61, 0x72, 0x62, 0x6f, 0x75, 0x72, 0x20
  .byte 0x43, 0x69, 0x74, 0x79, 0x22, 0x20, 0x2f, 0x3e, 0x0a, 0x20, 0x20, 0x20, 0x20, 0x20, 0x20, 0x3c
  .byte 0x2f, 0x54, 0x61, 0x62, 0x73, 0x43, 0x6f, 0x6e, 0x74, 0x65, 0x6e, 0x74, 0x3e, 0x0a, 0x20, 0x20
  .byte 0x20, 0x20, 0x20, 0x20, 0x3c, 0x54, 0x61, 0x62, 0x73, 0x43, 0x6f, 0x6e, 0x74, 0x65, 0x6e, 0x74
  .byte 0x20, 0x76, 0x61, 0x6c, 0x75, 0x65, 0x3d, 0x22, 0x74, 0x61, 0x62, 0x36, 0x22, 0x3e, 0x0a, 0x20
  .byte 0x20, 0x20, 0x20, 0x20, 0x20, 0x20, 0x20, 0x3c, 0x43, 0x61, 0x72, 0x64, 0x48, 0x65, 0x61, 0x64
  .byte 0x65, 0x72, 0x20, 0x74, 0x69, 0x74, 0x6c, 0x65, 0x3d, 0x22, 0x52, 0x6f, 0x6d, 0x65, 0x2c, 0x20
  .byte 0x49, 0x74, 0x61, 0x6c, 0x79, 0x22, 0x20, 0x73, 0x75, 0x62, 0x74, 0x69, 0x74, 0x6c, 0x65, 0x3d
  .byte 0x22, 0x54, 0x68, 0x65, 0x20, 0x45, 0x74, 0x65, 0x72, 0x6e, 0x61, 0x6c, 0x20, 0x43, 0x69, 0x74
  .byte 0x79, 0x22, 0x20, 0x2f, 0x3e, 0x0a, 0x20, 0x20, 0x20, 0x20, 0x20, 0x20, 0x3c, 0x2f, 0x54, 0x61
  .byte 0x62, 0x73, 0x43, 0x6f, 0x6e, 0x74, 0x65, 0x6e, 0x74, 0x3e, 0x0a, 0x20, 0x20, 0x20, 0x20, 0x20
  .byte 0x20, 0x3c, 0x54, 0x61, 0x62, 0x73, 0x43, 0x6f, 0x6e, 0x74, 0x65, 0x6e, 0x74, 0x20, 0x76, 0x61
  .byte 0x6c, 0x75, 0x65, 0x3d, 0x22, 0x74, 0x61, 0x62, 0x37, 0x22, 0x3e, 0x0a, 0x20, 0x20, 0x20, 0x20
  .byte 0x20, 0x20, 0x20, 0x20, 0x3c, 0x43, 0x61, 0x72, 0x64, 0x48, 0x65, 0x61, 0x64, 0x65, 0x72, 0x20
  .byte 0x74, 0x69, 0x74, 0x6c, 0x65, 0x3d, 0x22, 0x42, 0x61, 0x72, 0x63, 0x65, 0x6c, 0x6f, 0x6e, 0x61
  .byte 0x2c, 0x20, 0x53, 0x70, 0x61, 0x69, 0x6e, 0x22, 0x20, 0x73, 0x75, 0x62, 0x74, 0x69, 0x74, 0x6c
  .byte 0x65, 0x3d, 0x22, 0x43, 0x69, 0x74, 0x79, 0x20, 0x6f, 0x66, 0x20, 0x47, 0x61, 0x75, 0x64, 0xc3
  .byte 0xad, 0x22, 0x20, 0x2f, 0x3e, 0x0a, 0x20, 0x20, 0x20, 0x20, 0x20, 0x20, 0x3c, 0x2f, 0x54, 0x61
  .byte 0x62, 0x73, 0x43, 0x6f, 0x6e, 0x74, 0x65, 0x6e, 0x74, 0x3e, 0x0a, 0x20, 0x20, 0x20, 0x20, 0x20
  .byte 0x20, 0x3c, 0x54, 0x61, 0x62, 0x73, 0x43, 0x6f, 0x6e, 0x74, 0x65, 0x6e, 0x74, 0x20, 0x76, 0x61
  .byte 0x6c, 0x75, 0x65, 0x3d, 0x22, 0x74, 0x61, 0x62, 0x38, 0x22, 0x3e, 0x0a, 0x20, 0x20, 0x20, 0x20
  .byte 0x20, 0x20, 0x20, 0x20, 0x3c, 0x43, 0x61, 0x72, 0x64, 0x48, 0x65, 0x61, 0x64, 0x65, 0x72, 0x20
  .byte 0x74, 0x69, 0x74, 0x6c, 0x65, 0x3d, 0x22, 0x42, 0x61, 0x6e, 0x67, 0x6b, 0x6f, 0x6b, 0x2c, 0x20
  .byte 0x54, 0x68, 0x61, 0x69, 0x6c, 0x61, 0x6e, 0x64, 0x22, 0x20, 0x73, 0x75, 0x62, 0x74, 0x69, 0x74
  .byte 0x6c, 0x65, 0x3d, 0x22, 0x43, 0x69, 0x74, 0x79, 0x20, 0x6f, 0x66, 0x20, 0x41, 0x6e, 0x67, 0x65
  .byte 0x6c, 0x73, 0x22, 0x20, 0x2f, 0x3e, 0x0a, 0x20, 0x20, 0x20, 0x20, 0x20, 0x20, 0x3c, 0x2f, 0x54
  .byte 0x61, 0x62, 0x73, 0x43, 0x6f, 0x6e, 0x74, 0x65, 0x6e, 0x74, 0x3e, 0x0a, 0x20, 0x20, 0x20, 0x20
  .byte 0x20, 0x20, 0x3c, 0x54, 0x61, 0x62, 0x73, 0x43, 0x6f, 0x6e, 0x74, 0x65, 0x6e, 0x74, 0x20, 0x76
  .byte 0x61, 0x6c, 0x75, 0x65, 0x3d, 0x22, 0x74, 0x61, 0x62, 0x39, 0x22, 0x3e, 0x0a, 0x20, 0x20, 0x20
  .byte 0x20, 0x20, 0x20, 0x20, 0x20, 0x3c, 0x43, 0x61, 0x72, 0x64, 0x48, 0x65, 0x61, 0x64, 0x65, 0x72
  .byte 0x20, 0x74, 0x69, 0x74, 0x6c, 0x65, 0x3d, 0x22, 0x43, 0x61, 0x70, 0x65, 0x20, 0x54, 0x6f, 0x77
  .byte 0x6e, 0x2c, 0x20, 0x53, 0x6f, 0x75, 0x74, 0x68, 0x20, 0x41, 0x66, 0x72, 0x69, 0x63, 0x61, 0x22
  .byte 0x20, 0x73, 0x75, 0x62, 0x74, 0x69, 0x74, 0x6c, 0x65, 0x3d, 0x22, 0x54, 0x68, 0x65, 0x20, 0x4d
  .byte 0x6f, 0x74, 0x68, 0x65, 0x72, 0x20, 0x43, 0x69, 0x74, 0x79, 0x22, 0x20, 0x2f, 0x3e, 0x0a, 0x20
  .byte 0x20, 0x20, 0x20, 0x20, 0x20, 0x3c, 0x2f, 0x54, 0x61, 0x62, 0x73, 0x43, 0x6f, 0x6e, 0x74, 0x65
  .byte 0x6e, 0x74, 0x3e, 0x0a, 0x20, 0x20, 0x20, 0x20, 0x20, 0x20, 0x3c, 0x54, 0x61, 0x62, 0x73, 0x43
  .byte 0x6f, 0x6e, 0x74, 0x65, 0x6e, 0x74, 0x20, 0x76, 0x61, 0x6c, 0x75, 0x65, 0x3d, 0x22, 0x74, 0x61
  .byte 0x62, 0x31, 0x30, 0x22, 0x3e, 0x0a, 0x20, 0x20, 0x20, 0x20, 0x20, 0x20, 0x20, 0x20, 0x3c, 0x43
  .byte 0x61, 0x72, 0x64, 0x48, 0x65, 0x61, 0x64, 0x65, 0x72, 0x20, 0x74, 0x69, 0x74, 0x6c, 0x65, 0x3d
  .byte 0x22, 0x41, 0x6d, 0x73, 0x74, 0x65, 0x72, 0x64, 0x61, 0x6d, 0x2c, 0x20, 0x4e, 0x65, 0x74, 0x68
  .byte 0x65, 0x72, 0x6c, 0x61, 0x6e, 0x64, 0x73, 0x22, 0x20, 0x73, 0x75, 0x62, 0x74, 0x69, 0x74, 0x6c
  .byte 0x65, 0x3d, 0x22, 0x56, 0x65, 0x6e, 0x69, 0x63, 0x65, 0x20, 0x6f, 0x66, 0x20, 0x74, 0x68, 0x65
  .byte 0x20, 0x4e, 0x6f, 0x72, 0x74, 0x68, 0x22, 0x20, 0x2f, 0x3e, 0x0a, 0x20, 0x20, 0x20, 0x20, 0x20
  .byte 0x20, 0x3c, 0x2f, 0x54, 0x61, 0x62, 0x73, 0x43, 0x6f, 0x6e, 0x74, 0x65, 0x6e, 0x74, 0x3e, 0x0a
  .byte 0x20, 0x20, 0x20, 0x20, 0x3c, 0x2f, 0x54, 0x61, 0x62, 0x73, 0x3e, 0x0a, 0x20, 0x20, 0x29, 0x2c
  .byte 0x0a, 0x7d, 0x3b, 0x0a

  .globl openui_full_port_packages_react_ui_src_components_Tabs_stories_tabs_stories_tsx_d16ed9c6f1f2_pass_2_len
openui_full_port_packages_react_ui_src_components_Tabs_stories_tabs_stories_tsx_d16ed9c6f1f2_pass_2_len:
  .quad 9716

# assembly pass: 3/4
  .globl openui_full_port_packages_react_ui_src_components_Tabs_stories_tabs_stories_tsx_d16ed9c6f1f2_pass_3
openui_full_port_packages_react_ui_src_components_Tabs_stories_tabs_stories_tsx_d16ed9c6f1f2_pass_3:
  .byte 0x69, 0x6d, 0x70, 0x6f, 0x72, 0x74, 0x20, 0x74, 0x79, 0x70, 0x65, 0x20, 0x7b, 0x20, 0x4d, 0x65
  .byte 0x74, 0x61, 0x2c, 0x20, 0x53, 0x74, 0x6f, 0x72, 0x79, 0x4f, 0x62, 0x6a, 0x20, 0x7d, 0x20, 0x66
  .byte 0x72, 0x6f, 0x6d, 0x20, 0x22, 0x40, 0x73, 0x74, 0x6f, 0x72, 0x79, 0x62, 0x6f, 0x6f, 0x6b, 0x2f
  .byte 0x72, 0x65, 0x61, 0x63, 0x74, 0x22, 0x3b, 0x0a, 0x69, 0x6d, 0x70, 0x6f, 0x72, 0x74, 0x20, 0x7b
  .byte 0x20, 0x42, 0x75, 0x73, 0x46, 0x72, 0x6f, 0x6e, 0x74, 0x2c, 0x20, 0x50, 0x6c, 0x61, 0x6e, 0x65
  .byte 0x54, 0x61, 0x6b, 0x65, 0x6f, 0x66, 0x66, 0x2c, 0x20, 0x53, 0x68, 0x69, 0x70, 0x20, 0x7d, 0x20
  .byte 0x66, 0x72, 0x6f, 0x6d, 0x20, 0x22, 0x6c, 0x75, 0x63, 0x69, 0x64, 0x65, 0x2d, 0x72, 0x65, 0x61
  .byte 0x63, 0x74, 0x22, 0x3b, 0x0a, 0x69, 0x6d, 0x70, 0x6f, 0x72, 0x74, 0x20, 0x7b, 0x20, 0x43, 0x61
  .byte 0x72, 0x64, 0x20, 0x7d, 0x20, 0x66, 0x72, 0x6f, 0x6d, 0x20, 0x22, 0x2e, 0x2e, 0x2f, 0x2e, 0x2e
  .byte 0x2f, 0x43, 0x61, 0x72, 0x64, 0x2f, 0x43, 0x61, 0x72, 0x64, 0x22, 0x3b, 0x0a, 0x69, 0x6d, 0x70
  .byte 0x6f, 0x72, 0x74, 0x20, 0x7b, 0x20, 0x43, 0x61, 0x72, 0x64, 0x48, 0x65, 0x61, 0x64, 0x65, 0x72
  .byte 0x20, 0x7d, 0x20, 0x66, 0x72, 0x6f, 0x6d, 0x20, 0x22, 0x2e, 0x2e, 0x2f, 0x2e, 0x2e, 0x2f, 0x43
  .byte 0x61, 0x72, 0x64, 0x48, 0x65, 0x61, 0x64, 0x65, 0x72, 0x22, 0x3b, 0x0a, 0x69, 0x6d, 0x70, 0x6f
  .byte 0x72, 0x74, 0x20, 0x7b, 0x20, 0x49, 0x63, 0x6f, 0x6e, 0x42, 0x75, 0x74, 0x74, 0x6f, 0x6e, 0x20
  .byte 0x7d, 0x20, 0x66, 0x72, 0x6f, 0x6d, 0x20, 0x22, 0x2e, 0x2e, 0x2f, 0x2e, 0x2e, 0x2f, 0x49, 0x63
  .byte 0x6f, 0x6e, 0x42, 0x75, 0x74, 0x74, 0x6f, 0x6e, 0x22, 0x3b, 0x0a, 0x69, 0x6d, 0x70, 0x6f, 0x72
  .byte 0x74, 0x20, 0x7b, 0x20, 0x49, 0x6d, 0x61, 0x67, 0x65, 0x20, 0x7d, 0x20, 0x66, 0x72, 0x6f, 0x6d
  .byte 0x20, 0x22, 0x2e, 0x2e, 0x2f, 0x2e, 0x2e, 0x2f, 0x49, 0x6d, 0x61, 0x67, 0x65, 0x22, 0x3b, 0x0a
  .byte 0x69, 0x6d, 0x70, 0x6f, 0x72, 0x74, 0x20, 0x7b, 0x20, 0x54, 0x61, 0x62, 0x73, 0x2c, 0x20, 0x54
  .byte 0x61, 0x62, 0x73, 0x43, 0x6f, 0x6e, 0x74, 0x65, 0x6e, 0x74, 0x2c, 0x20, 0x54, 0x61, 0x62, 0x73
  .byte 0x4c, 0x69, 0x73, 0x74, 0x2c, 0x20, 0x54, 0x61, 0x62, 0x73, 0x54, 0x72, 0x69, 0x67, 0x67, 0x65
  .byte 0x72, 0x20, 0x7d, 0x20, 0x66, 0x72, 0x6f, 0x6d, 0x20, 0x22, 0x2e, 0x2e, 0x2f, 0x54, 0x61, 0x62
  .byte 0x73, 0x22, 0x3b, 0x0a, 0x0a, 0x63, 0x6f, 0x6e, 0x73, 0x74, 0x20, 0x6d, 0x65, 0x74, 0x61, 0x3a
  .byte 0x20, 0x4d, 0x65, 0x74, 0x61, 0x3c, 0x74, 0x79, 0x70, 0x65, 0x6f, 0x66, 0x20, 0x54, 0x61, 0x62
  .byte 0x73, 0x3e, 0x20, 0x3d, 0x20, 0x7b, 0x0a, 0x20, 0x20, 0x74, 0x69, 0x74, 0x6c, 0x65, 0x3a, 0x20
  .byte 0x22, 0x43, 0x6f, 0x6d, 0x70, 0x6f, 0x6e, 0x65, 0x6e, 0x74, 0x73, 0x2f, 0x54, 0x61, 0x62, 0x73
  .byte 0x22, 0x2c, 0x0a, 0x20, 0x20, 0x63, 0x6f, 0x6d, 0x70, 0x6f, 0x6e, 0x65, 0x6e, 0x74, 0x3a, 0x20
  .byte 0x54, 0x61, 0x62, 0x73, 0x2c, 0x0a, 0x20, 0x20, 0x74, 0x61, 0x67, 0x73, 0x3a, 0x20, 0x5b, 0x22
  .byte 0x21, 0x64, 0x65, 0x76, 0x22, 0x2c, 0x20, 0x22, 0x61, 0x75, 0x74, 0x6f, 0x64, 0x6f, 0x63, 0x73
  .byte 0x22, 0x5d, 0x2c, 0x0a, 0x20, 0x20, 0x70, 0x61, 0x72, 0x61, 0x6d, 0x65, 0x74, 0x65, 0x72, 0x73
  .byte 0x3a, 0x20, 0x7b, 0x0a, 0x20, 0x20, 0x20, 0x20, 0x6c, 0x61, 0x79, 0x6f, 0x75, 0x74, 0x3a, 0x20
  .byte 0x22, 0x63, 0x65, 0x6e, 0x74, 0x65, 0x72, 0x65, 0x64, 0x22, 0x2c, 0x0a, 0x20, 0x20, 0x20, 0x20
  .byte 0x64, 0x6f, 0x63, 0x73, 0x3a, 0x20, 0x7b, 0x0a, 0x20, 0x20, 0x20, 0x20, 0x20, 0x20, 0x64, 0x65
  .byte 0x73, 0x63, 0x72, 0x69, 0x70, 0x74, 0x69, 0x6f, 0x6e, 0x3a, 0x20, 0x7b, 0x0a, 0x20, 0x20, 0x20
  .byte 0x20, 0x20, 0x20, 0x20, 0x20, 0x63, 0x6f, 0x6d, 0x70, 0x6f, 0x6e, 0x65, 0x6e, 0x74, 0x3a, 0x0a
  .byte 0x20, 0x20, 0x20, 0x20, 0x20, 0x20, 0x20, 0x20, 0x20, 0x20, 0x22, 0x60, 0x60, 0x60, 0x74, 0x73
  .byte 0x78, 0x5c, 0x6e, 0x69, 0x6d, 0x70, 0x6f, 0x72, 0x74, 0x20, 0x7b, 0x20, 0x54, 0x61, 0x62, 0x73
  .byte 0x2c, 0x20, 0x54, 0x61, 0x62, 0x73, 0x43, 0x6f, 0x6e, 0x74, 0x65, 0x6e, 0x74, 0x2c, 0x20, 0x54
  .byte 0x61, 0x62, 0x73, 0x4c, 0x69, 0x73, 0x74, 0x2c, 0x20, 0x54, 0x61, 0x62, 0x73, 0x54, 0x72, 0x69
  .byte 0x67, 0x67, 0x65, 0x72, 0x20, 0x7d, 0x20, 0x66, 0x72, 0x6f, 0x6d, 0x20, 0x27, 0x40, 0x6f, 0x70
  .byte 0x65, 0x6e, 0x75, 0x69, 0x2d, 0x75, 0x69, 0x2f, 0x72, 0x65, 0x61, 0x63, 0x74, 0x2d, 0x75, 0x69
  .byte 0x27, 0x3b, 0x5c, 0x6e, 0x60, 0x60, 0x60, 0x22, 0x2c, 0x0a, 0x20, 0x20, 0x20, 0x20, 0x20, 0x20
  .byte 0x7d, 0x2c, 0x0a, 0x20, 0x20, 0x20, 0x20, 0x7d, 0x2c, 0x0a, 0x20, 0x20, 0x7d, 0x2c, 0x0a, 0x20
  .byte 0x20, 0x64, 0x65, 0x63, 0x6f, 0x72, 0x61, 0x74, 0x6f, 0x72, 0x73, 0x3a, 0x20, 0x5b, 0x0a, 0x20
  .byte 0x20, 0x20, 0x20, 0x28, 0x53, 0x74, 0x6f, 0x72, 0x79, 0x29, 0x20, 0x3d, 0x3e, 0x20, 0x28, 0x0a
  .byte 0x20, 0x20, 0x20, 0x20, 0x20, 0x20, 0x3c, 0x64, 0x69, 0x76, 0x20, 0x73, 0x74, 0x79, 0x6c, 0x65
  .byte 0x3d, 0x7b, 0x7b, 0x20, 0x77, 0x69, 0x64, 0x74, 0x68, 0x3a, 0x20, 0x22, 0x34, 0x30, 0x30, 0x70
  .byte 0x78, 0x22, 0x2c, 0x20, 0x6d, 0x61, 0x72, 0x67, 0x69, 0x6e, 0x3a, 0x20, 0x22, 0x32, 0x72, 0x65
  .byte 0x6d, 0x22, 0x20, 0x7d, 0x7d, 0x3e, 0x0a, 0x20, 0x20, 0x20, 0x20, 0x20, 0x20, 0x20, 0x20, 0x3c
  .byte 0x53, 0x74, 0x6f, 0x72, 0x79, 0x20, 0x2f, 0x3e, 0x0a, 0x20, 0x20, 0x20, 0x20, 0x20, 0x20, 0x3c
  .byte 0x2f, 0x64, 0x69, 0x76, 0x3e, 0x0a, 0x20, 0x20, 0x20, 0x20, 0x29, 0x2c, 0x0a, 0x20, 0x20, 0x5d
  .byte 0x2c, 0x0a, 0x20, 0x20, 0x61, 0x72, 0x67, 0x54, 0x79, 0x70, 0x65, 0x73, 0x3a, 0x20, 0x7b, 0x0a
  .byte 0x20, 0x20, 0x20, 0x20, 0x76, 0x61, 0x72, 0x69, 0x61, 0x6e, 0x74, 0x3a, 0x20, 0x7b, 0x0a, 0x20
  .byte 0x20, 0x20, 0x20, 0x20, 0x20, 0x63, 0x6f, 0x6e, 0x74, 0x72, 0x6f, 0x6c, 0x3a, 0x20, 0x7b, 0x0a
  .byte 0x20, 0x20, 0x20, 0x20, 0x20, 0x20, 0x20, 0x20, 0x74, 0x79, 0x70, 0x65, 0x3a, 0x20, 0x22, 0x73
  .byte 0x65, 0x6c, 0x65, 0x63, 0x74, 0x22, 0x2c, 0x0a, 0x20, 0x20, 0x20, 0x20, 0x20, 0x20, 0x20, 0x20
  .byte 0x6f, 0x70, 0x74, 0x69, 0x6f, 0x6e, 0x73, 0x3a, 0x20, 0x5b, 0x22, 0x63, 0x6c, 0x65, 0x61, 0x72
  .byte 0x22, 0x5d, 0x2c, 0x0a, 0x20, 0x20, 0x20, 0x20, 0x20, 0x20, 0x7d, 0x2c, 0x0a, 0x20, 0x20, 0x20
  .byte 0x20, 0x20, 0x20, 0x64, 0x65, 0x73, 0x63, 0x72, 0x69, 0x70, 0x74, 0x69, 0x6f, 0x6e, 0x3a, 0x20
  .byte 0x22, 0x54, 0x68, 0x65, 0x20, 0x76, 0x61, 0x72, 0x69, 0x61, 0x6e, 0x74, 0x20, 0x6f, 0x66, 0x20
  .byte 0x74, 0x68, 0x65, 0x20, 0x74, 0x61, 0x62, 0x73, 0x22, 0x2c, 0x0a, 0x20, 0x20, 0x20, 0x20, 0x20
  .byte 0x20, 0x74, 0x61, 0x62, 0x6c, 0x65, 0x3a, 0x20, 0x7b, 0x0a, 0x20, 0x20, 0x20, 0x20, 0x20, 0x20
  .byte 0x20, 0x20, 0x74, 0x79, 0x70, 0x65, 0x3a, 0x20, 0x7b, 0x0a, 0x20, 0x20, 0x20, 0x20, 0x20, 0x20
  .byte 0x20, 0x20, 0x20, 0x20, 0x73, 0x75, 0x6d, 0x6d, 0x61, 0x72, 0x79, 0x3a, 0x20, 0x22, 0x63, 0x6c
  .byte 0x65, 0x61, 0x72, 0x22, 0x2c, 0x0a, 0x20, 0x20, 0x20, 0x20, 0x20, 0x20, 0x20, 0x20, 0x7d, 0x2c
  .byte 0x0a, 0x20, 0x20, 0x20, 0x20, 0x20, 0x20, 0x20, 0x20, 0x64, 0x65, 0x66, 0x61, 0x75, 0x6c, 0x74
  .byte 0x56, 0x61, 0x6c, 0x75, 0x65, 0x3a, 0x20, 0x7b, 0x20, 0x73, 0x75, 0x6d, 0x6d, 0x61, 0x72, 0x79
  .byte 0x3a, 0x20, 0x22, 0x63, 0x6c, 0x65, 0x61, 0x72, 0x22, 0x20, 0x7d, 0x2c, 0x0a, 0x20, 0x20, 0x20
  .byte 0x20, 0x20, 0x20, 0x20, 0x20, 0x63, 0x61, 0x74, 0x65, 0x67, 0x6f, 0x72, 0x79, 0x3a, 0x20, 0x22
  .byte 0x41, 0x70, 0x70, 0x65, 0x61, 0x72, 0x61, 0x6e, 0x63, 0x65, 0x22, 0x2c, 0x0a, 0x20, 0x20, 0x20
  .byte 0x20, 0x20, 0x20, 0x7d, 0x2c, 0x0a, 0x20, 0x20, 0x20, 0x20, 0x7d, 0x2c, 0x0a, 0x20, 0x20, 0x20
  .byte 0x20, 0x64, 0x65, 0x66, 0x61, 0x75, 0x6c, 0x74, 0x56, 0x61, 0x6c, 0x75, 0x65, 0x3a, 0x20, 0x7b
  .byte 0x0a, 0x20, 0x20, 0x20, 0x20, 0x20, 0x20, 0x63, 0x6f, 0x6e, 0x74, 0x72, 0x6f, 0x6c, 0x3a, 0x20
  .byte 0x66, 0x61, 0x6c, 0x73, 0x65, 0x2c, 0x0a, 0x20, 0x20, 0x20, 0x20, 0x20, 0x20, 0x64, 0x65, 0x73
  .byte 0x63, 0x72, 0x69, 0x70, 0x74, 0x69, 0x6f, 0x6e, 0x3a, 0x20, 0x22, 0x54, 0x68, 0x65, 0x20, 0x64
  .byte 0x65, 0x66, 0x61, 0x75, 0x6c, 0x74, 0x20, 0x76, 0x61, 0x6c, 0x75, 0x65, 0x20, 0x6f, 0x66, 0x20
  .byte 0x74, 0x68, 0x65, 0x20, 0x74, 0x61, 0x62, 0x73, 0x20, 0x77, 0x68, 0x69, 0x63, 0x68, 0x20, 0x69
  .byte 0x73, 0x20, 0x75, 0x73, 0x65, 0x64, 0x20, 0x74, 0x6f, 0x20, 0x64, 0x65, 0x74, 0x65, 0x72, 0x6d
  .byte 0x69, 0x6e, 0x65, 0x20, 0x77, 0x68, 0x69, 0x63, 0x68, 0x20, 0x74, 0x61, 0x62, 0x20, 0x69, 0x73
  .byte 0x20, 0x73, 0x65, 0x6c, 0x65, 0x63, 0x74, 0x65, 0x64, 0x22, 0x2c, 0x0a, 0x20, 0x20, 0x20, 0x20
  .byte 0x20, 0x20, 0x74, 0x61, 0x62, 0x6c, 0x65, 0x3a, 0x20, 0x7b, 0x0a, 0x20, 0x20, 0x20, 0x20, 0x20
  .byte 0x20, 0x20, 0x20, 0x63, 0x61, 0x74, 0x65, 0x67, 0x6f, 0x72, 0x79, 0x3a, 0x20, 0x22, 0x42, 0x65
  .byte 0x68, 0x61, 0x76, 0x69, 0x6f, 0x72, 0x22, 0x2c, 0x0a, 0x20, 0x20, 0x20, 0x20, 0x20, 0x20, 0x7d
  .byte 0x2c, 0x0a, 0x20, 0x20, 0x20, 0x20, 0x7d, 0x2c, 0x0a, 0x20, 0x20, 0x20, 0x20, 0x63, 0x6c, 0x61
  .byte 0x73, 0x73, 0x4e, 0x61, 0x6d, 0x65, 0x3a, 0x20, 0x7b, 0x0a, 0x20, 0x20, 0x20, 0x20, 0x20, 0x20
  .byte 0x63, 0x6f, 0x6e, 0x74, 0x72, 0x6f, 0x6c, 0x3a, 0x20, 0x66, 0x61, 0x6c, 0x73, 0x65, 0x2c, 0x0a
  .byte 0x20, 0x20, 0x20, 0x20, 0x20, 0x20, 0x64, 0x65, 0x73, 0x63, 0x72, 0x69, 0x70, 0x74, 0x69, 0x6f
  .byte 0x6e, 0x3a, 0x20, 0x22, 0x41, 0x64, 0x64, 0x69, 0x74, 0x69, 0x6f, 0x6e, 0x61, 0x6c, 0x20, 0x63
  .byte 0x6c, 0x61, 0x73, 0x73, 0x20, 0x6e, 0x61, 0x6d, 0x65, 0x20, 0x66, 0x6f, 0x72, 0x20, 0x74, 0x68
  .byte 0x65, 0x20, 0x74, 0x61, 0x62, 0x73, 0x22, 0x2c, 0x0a, 0x20, 0x20, 0x20, 0x20, 0x20, 0x20, 0x74
  .byte 0x61, 0x62, 0x6c, 0x65, 0x3a, 0x20, 0x7b, 0x0a, 0x20, 0x20, 0x20, 0x20, 0x20, 0x20, 0x20, 0x20
  .byte 0x63, 0x61, 0x74, 0x65, 0x67, 0x6f, 0x72, 0x79, 0x3a, 0x20, 0x22, 0x53, 0x74, 0x79, 0x6c, 0x69
  .byte 0x6e, 0x67, 0x22, 0x2c, 0x0a, 0x20, 0x20, 0x20, 0x20, 0x20, 0x20, 0x7d, 0x2c, 0x0a, 0x20, 0x20
  .byte 0x20, 0x20, 0x7d, 0x2c, 0x0a, 0x20, 0x20, 0x20, 0x20, 0x73, 0x74, 0x79, 0x6c, 0x65, 0x3a, 0x20
  .byte 0x7b, 0x0a, 0x20, 0x20, 0x20, 0x20, 0x20, 0x20, 0x63, 0x6f, 0x6e, 0x74, 0x72, 0x6f, 0x6c, 0x3a
  .byte 0x20, 0x66, 0x61, 0x6c, 0x73, 0x65, 0x2c, 0x0a, 0x20, 0x20, 0x20, 0x20, 0x20, 0x20, 0x64, 0x65
  .byte 0x73, 0x63, 0x72, 0x69, 0x70, 0x74, 0x69, 0x6f, 0x6e, 0x3a, 0x20, 0x22, 0x41, 0x64, 0x64, 0x69
  .byte 0x74, 0x69, 0x6f, 0x6e, 0x61, 0x6c, 0x20, 0x73, 0x74, 0x79, 0x6c, 0x65, 0x20, 0x66, 0x6f, 0x72
  .byte 0x20, 0x74, 0x68, 0x65, 0x20, 0x74, 0x61, 0x62, 0x73, 0x22, 0x2c, 0x0a, 0x20, 0x20, 0x20, 0x20
  .byte 0x20, 0x20, 0x74, 0x61, 0x62, 0x6c, 0x65, 0x3a, 0x20, 0x7b, 0x0a, 0x20, 0x20, 0x20, 0x20, 0x20
  .byte 0x20, 0x20, 0x20, 0x63, 0x61, 0x74, 0x65, 0x67, 0x6f, 0x72, 0x79, 0x3a, 0x20, 0x22, 0x53, 0x74
  .byte 0x79, 0x6c, 0x69, 0x6e, 0x67, 0x22, 0x2c, 0x0a, 0x20, 0x20, 0x20, 0x20, 0x20, 0x20, 0x7d, 0x2c
  .byte 0x0a, 0x20, 0x20, 0x20, 0x20, 0x7d, 0x2c, 0x0a, 0x20, 0x20, 0x7d, 0x2c, 0x0a, 0x7d, 0x3b, 0x0a
  .byte 0x0a, 0x65, 0x78, 0x70, 0x6f, 0x72, 0x74, 0x20, 0x64, 0x65, 0x66, 0x61, 0x75, 0x6c, 0x74, 0x20
  .byte 0x6d, 0x65, 0x74, 0x61, 0x3b, 0x0a, 0x74, 0x79, 0x70, 0x65, 0x20, 0x53, 0x74, 0x6f, 0x72, 0x79
  .byte 0x20, 0x3d, 0x20, 0x53, 0x74, 0x6f, 0x72, 0x79, 0x4f, 0x62, 0x6a, 0x3c, 0x74, 0x79, 0x70, 0x65
  .byte 0x6f, 0x66, 0x20, 0x54, 0x61, 0x62, 0x73, 0x3e, 0x3b, 0x0a, 0x0a, 0x65, 0x78, 0x70, 0x6f, 0x72
  .byte 0x74, 0x20, 0x63, 0x6f, 0x6e, 0x73, 0x74, 0x20, 0x54, 0x69, 0x74, 0x6c, 0x65, 0x3a, 0x20, 0x53
  .byte 0x74, 0x6f, 0x72, 0x79, 0x20, 0x3d, 0x20, 0x7b, 0x0a, 0x20, 0x20, 0x61, 0x72, 0x67, 0x73, 0x3a
  .byte 0x20, 0x7b, 0x0a, 0x20, 0x20, 0x20, 0x20, 0x76, 0x61, 0x72, 0x69, 0x61, 0x6e, 0x74, 0x3a, 0x20
  .byte 0x22, 0x63, 0x6c, 0x65, 0x61, 0x72, 0x22, 0x2c, 0x0a, 0x20, 0x20, 0x20, 0x20, 0x64, 0x65, 0x66
  .byte 0x61, 0x75, 0x6c, 0x74, 0x56, 0x61, 0x6c, 0x75, 0x65, 0x3a, 0x20, 0x22, 0x74, 0x61, 0x62, 0x31
  .byte 0x22, 0x2c, 0x0a, 0x20, 0x20, 0x7d, 0x2c, 0x0a, 0x20, 0x20, 0x72, 0x65, 0x6e, 0x64, 0x65, 0x72
  .byte 0x3a, 0x20, 0x28, 0x61, 0x72, 0x67, 0x73, 0x29, 0x20, 0x3d, 0x3e, 0x20, 0x28, 0x0a, 0x20, 0x20
  .byte 0x20, 0x20, 0x3c, 0x43, 0x61, 0x72, 0x64, 0x3e, 0x0a, 0x20, 0x20, 0x20, 0x20, 0x20, 0x20, 0x3c
  .byte 0x54, 0x61, 0x62, 0x73, 0x20, 0x7b, 0x2e, 0x2e, 0x2e, 0x61, 0x72, 0x67, 0x73, 0x7d, 0x3e, 0x0a
  .byte 0x20, 0x20, 0x20, 0x20, 0x20, 0x20, 0x20, 0x20, 0x3c, 0x54, 0x61, 0x62, 0x73, 0x4c, 0x69, 0x73
  .byte 0x74, 0x20, 0x76, 0x61, 0x72, 0x69, 0x61, 0x6e, 0x74, 0x3d, 0x22, 0x74, 0x69, 0x74, 0x6c, 0x65
  .byte 0x22, 0x3e, 0x0a, 0x20, 0x20, 0x20, 0x20, 0x20, 0x20, 0x20, 0x20, 0x20, 0x20, 0x3c, 0x54, 0x61
  .byte 0x62, 0x73, 0x54, 0x72, 0x69, 0x67, 0x67, 0x65, 0x72, 0x20, 0x76, 0x61, 0x6c, 0x75, 0x65, 0x3d
  .byte 0x22, 0x74, 0x61, 0x62, 0x31, 0x22, 0x20, 0x74, 0x65, 0x78, 0x74, 0x3d, 0x22, 0x50, 0x61, 0x72
  .byte 0x69, 0x73, 0x22, 0x20, 0x2f, 0x3e, 0x0a, 0x20, 0x20, 0x20, 0x20, 0x20, 0x20, 0x20, 0x20, 0x20
  .byte 0x20, 0x3c, 0x54, 0x61, 0x62, 0x73, 0x54, 0x72, 0x69, 0x67, 0x67, 0x65, 0x72, 0x20, 0x76, 0x61
  .byte 0x6c, 0x75, 0x65, 0x3d, 0x22, 0x74, 0x61, 0x62, 0x32, 0x22, 0x20, 0x74, 0x65, 0x78, 0x74, 0x3d
  .byte 0x22, 0x54, 0x6f, 0x6b, 0x79, 0x6f, 0x22, 0x20, 0x2f, 0x3e, 0x0a, 0x20, 0x20, 0x20, 0x20, 0x20
  .byte 0x20, 0x20, 0x20, 0x20, 0x20, 0x3c, 0x54, 0x61, 0x62, 0x73, 0x54, 0x72, 0x69, 0x67, 0x67, 0x65
  .byte 0x72, 0x20, 0x76, 0x61, 0x6c, 0x75, 0x65, 0x3d, 0x22, 0x74, 0x61, 0x62, 0x33, 0x22, 0x20, 0x74
  .byte 0x65, 0x78, 0x74, 0x3d, 0x22, 0x4e, 0x65, 0x77, 0x20, 0x59, 0x6f, 0x72, 0x6b, 0x22, 0x20, 0x2f
  .byte 0x3e, 0x0a, 0x20, 0x20, 0x20, 0x20, 0x20, 0x20, 0x20, 0x20, 0x3c, 0x2f, 0x54, 0x61, 0x62, 0x73
  .byte 0x4c, 0x69, 0x73, 0x74, 0x3e, 0x0a, 0x20, 0x20, 0x20, 0x20, 0x20, 0x20, 0x20, 0x20, 0x3c, 0x54
  .byte 0x61, 0x62, 0x73, 0x43, 0x6f, 0x6e, 0x74, 0x65, 0x6e, 0x74, 0x20, 0x76, 0x61, 0x6c, 0x75, 0x65
  .byte 0x3d, 0x22, 0x74, 0x61, 0x62, 0x31, 0x22, 0x3e, 0x0a, 0x20, 0x20, 0x20, 0x20, 0x20, 0x20, 0x20
  .byte 0x20, 0x20, 0x20, 0x3c, 0x43, 0x61, 0x72, 0x64, 0x48, 0x65, 0x61, 0x64, 0x65, 0x72, 0x0a, 0x20
  .byte 0x20, 0x20, 0x20, 0x20, 0x20, 0x20, 0x20, 0x20, 0x20, 0x20, 0x20, 0x74, 0x69, 0x74, 0x6c, 0x65
  .byte 0x3d, 0x22, 0x50, 0x61, 0x72, 0x69, 0x73, 0x2c, 0x20, 0x46, 0x72, 0x61, 0x6e, 0x63, 0x65, 0x22
  .byte 0x0a, 0x20, 0x20, 0x20, 0x20, 0x20, 0x20, 0x20, 0x20, 0x20, 0x20, 0x20, 0x20, 0x73, 0x75, 0x62
  .byte 0x74, 0x69, 0x74, 0x6c, 0x65, 0x3d, 0x22, 0x54, 0x68, 0x65, 0x20, 0x43, 0x69, 0x74, 0x79, 0x20
  .byte 0x6f, 0x66, 0x20, 0x4c, 0x69, 0x67, 0x68, 0x74, 0x22, 0x0a, 0x20, 0x20, 0x20, 0x20, 0x20, 0x20
  .byte 0x20, 0x20, 0x20, 0x20, 0x20, 0x20, 0x61, 0x63, 0x74, 0x69, 0x6f, 0x6e, 0x73, 0x3d, 0x7b, 0x5b
  .byte 0x3c, 0x49, 0x63, 0x6f, 0x6e, 0x42, 0x75, 0x74, 0x74, 0x6f, 0x6e, 0x20, 0x76, 0x61, 0x72, 0x69
  .byte 0x61, 0x6e, 0x74, 0x3d, 0x22, 0x74, 0x65, 0x72, 0x74, 0x69, 0x61, 0x72, 0x79, 0x22, 0x20, 0x73
  .byte 0x69, 0x7a, 0x65, 0x3d, 0x22, 0x73, 0x6d, 0x61, 0x6c, 0x6c, 0x22, 0x20, 0x69, 0x63, 0x6f, 0x6e
  .byte 0x3d, 0x7b, 0x3c, 0x50, 0x6c, 0x61, 0x6e, 0x65, 0x54, 0x61, 0x6b, 0x65, 0x6f, 0x66, 0x66, 0x20
  .byte 0x2f, 0x3e, 0x7d, 0x20, 0x2f, 0x3e, 0x5d, 0x7d, 0x0a, 0x20, 0x20, 0x20, 0x20, 0x20, 0x20, 0x20
  .byte 0x20, 0x20, 0x20, 0x2f, 0x3e, 0x0a, 0x20, 0x20, 0x20, 0x20, 0x20, 0x20, 0x20, 0x20, 0x20, 0x20
  .byte 0x3c, 0x49, 0x6d, 0x61, 0x67, 0x65, 0x0a, 0x20, 0x20, 0x20, 0x20, 0x20, 0x20, 0x20, 0x20, 0x20
  .byte 0x20, 0x20, 0x20, 0x73, 0x72, 0x63, 0x3d, 0x22, 0x68, 0x74, 0x74, 0x70, 0x73, 0x3a, 0x2f, 0x2f
  .byte 0x69, 0x6d, 0x61, 0x67, 0x65, 0x73, 0x2e, 0x75, 0x6e, 0x73, 0x70, 0x6c, 0x61, 0x73, 0x68, 0x2e
  .byte 0x63, 0x6f, 0x6d, 0x2f, 0x70, 0x68, 0x6f, 0x74, 0x6f, 0x2d, 0x31, 0x35, 0x30, 0x32, 0x36, 0x30
  .byte 0x32, 0x38, 0x39, 0x38, 0x36, 0x35, 0x37, 0x2d, 0x33, 0x65, 0x39, 0x31, 0x37, 0x36, 0x30, 0x63
  .byte 0x62, 0x62, 0x33, 0x34, 0x22, 0x0a, 0x20, 0x20, 0x20, 0x20, 0x20, 0x20, 0x20, 0x20, 0x20, 0x20
  .byte 0x20, 0x20, 0x61, 0x6c, 0x74, 0x3d, 0x22, 0x45, 0x69, 0x66, 0x66, 0x65, 0x6c, 0x20, 0x54, 0x6f
  .byte 0x77, 0x65, 0x72, 0x20, 0x69, 0x6e, 0x20, 0x50, 0x61, 0x72, 0x69, 0x73, 0x22, 0x0a, 0x20, 0x20
  .byte 0x20, 0x20, 0x20, 0x20, 0x20, 0x20, 0x20, 0x20, 0x20, 0x20, 0x73, 0x63, 0x61, 0x6c, 0x65, 0x3d
  .byte 0x22, 0x66, 0x69, 0x6c, 0x6c, 0x22, 0x0a, 0x20, 0x20, 0x20, 0x20, 0x20, 0x20, 0x20, 0x20, 0x20
  .byte 0x20, 0x2f, 0x3e, 0x0a, 0x20, 0x20, 0x20, 0x20, 0x20, 0x20, 0x20, 0x20, 0x3c, 0x2f, 0x54, 0x61
  .byte 0x62, 0x73, 0x43, 0x6f, 0x6e, 0x74, 0x65, 0x6e, 0x74, 0x3e, 0x0a, 0x20, 0x20, 0x20, 0x20, 0x20
  .byte 0x20, 0x20, 0x20, 0x3c, 0x54, 0x61, 0x62, 0x73, 0x43, 0x6f, 0x6e, 0x74, 0x65, 0x6e, 0x74, 0x20
  .byte 0x76, 0x61, 0x6c, 0x75, 0x65, 0x3d, 0x22, 0x74, 0x61, 0x62, 0x32, 0x22, 0x3e, 0x0a, 0x20, 0x20
  .byte 0x20, 0x20, 0x20, 0x20, 0x20, 0x20, 0x20, 0x20, 0x3c, 0x43, 0x61, 0x72, 0x64, 0x48, 0x65, 0x61
  .byte 0x64, 0x65, 0x72, 0x0a, 0x20, 0x20, 0x20, 0x20, 0x20, 0x20, 0x20, 0x20, 0x20, 0x20, 0x20, 0x20
  .byte 0x74, 0x69, 0x74, 0x6c, 0x65, 0x3d, 0x22, 0x54, 0x6f, 0x6b, 0x79, 0x6f, 0x2c, 0x20, 0x4a, 0x61
  .byte 0x70, 0x61, 0x6e, 0x22, 0x0a, 0x20, 0x20, 0x20, 0x20, 0x20, 0x20, 0x20, 0x20, 0x20, 0x20, 0x20
  .byte 0x20, 0x73, 0x75, 0x62, 0x74, 0x69, 0x74, 0x6c, 0x65, 0x3d, 0x22, 0x57, 0x68, 0x65, 0x72, 0x65
  .byte 0x20, 0x54, 0x72, 0x61, 0x64, 0x69, 0x74, 0x69, 0x6f, 0x6e, 0x20, 0x4d, 0x65, 0x65, 0x74, 0x73
  .byte 0x20, 0x46, 0x75, 0x74, 0x75, 0x72, 0x65, 0x22, 0x0a, 0x20, 0x20, 0x20, 0x20, 0x20, 0x20, 0x20
  .byte 0x20, 0x20, 0x20, 0x20, 0x20, 0x61, 0x63, 0x74, 0x69, 0x6f, 0x6e, 0x73, 0x3d, 0x7b, 0x5b, 0x3c
  .byte 0x49, 0x63, 0x6f, 0x6e, 0x42, 0x75, 0x74, 0x74, 0x6f, 0x6e, 0x20, 0x76, 0x61, 0x72, 0x69, 0x61
  .byte 0x6e, 0x74, 0x3d, 0x22, 0x74, 0x65, 0x72, 0x74, 0x69, 0x61, 0x72, 0x79, 0x22, 0x20, 0x73, 0x69
  .byte 0x7a, 0x65, 0x3d, 0x22, 0x73, 0x6d, 0x61, 0x6c, 0x6c, 0x22, 0x20, 0x69, 0x63, 0x6f, 0x6e, 0x3d
  .byte 0x7b, 0x3c, 0x53, 0x68, 0x69, 0x70, 0x20, 0x2f, 0x3e, 0x7d, 0x20, 0x2f, 0x3e, 0x5d, 0x7d, 0x0a
  .byte 0x20, 0x20, 0x20, 0x20, 0x20, 0x20, 0x20, 0x20, 0x20, 0x20, 0x2f, 0x3e, 0x0a, 0x20, 0x20, 0x20
  .byte 0x20, 0x20, 0x20, 0x20, 0x20, 0x20, 0x20, 0x3c, 0x49, 0x6d, 0x61, 0x67, 0x65, 0x0a, 0x20, 0x20
  .byte 0x20, 0x20, 0x20, 0x20, 0x20, 0x20, 0x20, 0x20, 0x20, 0x20, 0x73, 0x72, 0x63, 0x3d, 0x22, 0x68
  .byte 0x74, 0x74, 0x70, 0x73, 0x3a, 0x2f, 0x2f, 0x69, 0x6d, 0x61, 0x67, 0x65, 0x73, 0x2e, 0x75, 0x6e
  .byte 0x73, 0x70, 0x6c, 0x61, 0x73, 0x68, 0x2e, 0x63, 0x6f, 0x6d, 0x2f, 0x70, 0x68, 0x6f, 0x74, 0x6f
  .byte 0x2d, 0x31, 0x35, 0x33, 0x36, 0x30, 0x39, 0x38, 0x35, 0x36, 0x31, 0x37, 0x34, 0x32, 0x2d, 0x63
  .byte 0x61, 0x39, 0x39, 0x38, 0x65, 0x34, 0x38, 0x63, 0x62, 0x63, 0x63, 0x22, 0x0a, 0x20, 0x20, 0x20
  .byte 0x20, 0x20, 0x20, 0x20, 0x20, 0x20, 0x20, 0x20, 0x20, 0x61, 0x6c, 0x74, 0x3d, 0x22, 0x54, 0x6f
  .byte 0x6b, 0x79, 0x6f, 0x20, 0x63, 0x69, 0x74, 0x79, 0x73, 0x63, 0x61, 0x70, 0x65, 0x20, 0x77, 0x69
  .byte 0x74, 0x68, 0x20, 0x4d, 0x6f, 0x75, 0x6e, 0x74, 0x20, 0x46, 0x75, 0x6a, 0x69, 0x22, 0x0a, 0x20
  .byte 0x20, 0x20, 0x20, 0x20, 0x20, 0x20, 0x20, 0x20, 0x20, 0x20, 0x20, 0x73, 0x63, 0x61, 0x6c, 0x65
  .byte 0x3d, 0x22, 0x66, 0x69, 0x6c, 0x6c, 0x22, 0x0a, 0x20, 0x20, 0x20, 0x20, 0x20, 0x20, 0x20, 0x20
  .byte 0x20, 0x20, 0x2f, 0x3e, 0x0a, 0x20, 0x20, 0x20, 0x20, 0x20, 0x20, 0x20, 0x20, 0x3c, 0x2f, 0x54
  .byte 0x61, 0x62, 0x73, 0x43, 0x6f, 0x6e, 0x74, 0x65, 0x6e, 0x74, 0x3e, 0x0a, 0x20, 0x20, 0x20, 0x20
  .byte 0x20, 0x20, 0x20, 0x20, 0x3c, 0x54, 0x61, 0x62, 0x73, 0x43, 0x6f, 0x6e, 0x74, 0x65, 0x6e, 0x74
  .byte 0x20, 0x76, 0x61, 0x6c, 0x75, 0x65, 0x3d, 0x22, 0x74, 0x61, 0x62, 0x33, 0x22, 0x3e, 0x0a, 0x20
  .byte 0x20, 0x20, 0x20, 0x20, 0x20, 0x20, 0x20, 0x20, 0x20, 0x3c, 0x43, 0x61, 0x72, 0x64, 0x48, 0x65
  .byte 0x61, 0x64, 0x65, 0x72, 0x0a, 0x20, 0x20, 0x20, 0x20, 0x20, 0x20, 0x20, 0x20, 0x20, 0x20, 0x20
  .byte 0x20, 0x74, 0x69, 0x74, 0x6c, 0x65, 0x3d, 0x22, 0x4e, 0x65, 0x77, 0x20, 0x59, 0x6f, 0x72, 0x6b
  .byte 0x20, 0x43, 0x69, 0x74, 0x79, 0x2c, 0x20, 0x55, 0x53, 0x41, 0x22, 0x0a, 0x20, 0x20, 0x20, 0x20
  .byte 0x20, 0x20, 0x20, 0x20, 0x20, 0x20, 0x20, 0x20, 0x73, 0x75, 0x62, 0x74, 0x69, 0x74, 0x6c, 0x65
  .byte 0x3d, 0x22, 0x54, 0x68, 0x65, 0x20, 0x43, 0x69, 0x74, 0x79, 0x20, 0x54, 0x68, 0x61, 0x74, 0x20
  .byte 0x4e, 0x65, 0x76, 0x65, 0x72, 0x20, 0x53, 0x6c, 0x65, 0x65, 0x70, 0x73, 0x22, 0x0a, 0x20, 0x20
  .byte 0x20, 0x20, 0x20, 0x20, 0x20, 0x20, 0x20, 0x20, 0x20, 0x20, 0x61, 0x63, 0x74, 0x69, 0x6f, 0x6e
  .byte 0x73, 0x3d, 0x7b, 0x5b, 0x3c, 0x49, 0x63, 0x6f, 0x6e, 0x42, 0x75, 0x74, 0x74, 0x6f, 0x6e, 0x20
  .byte 0x76, 0x61, 0x72, 0x69, 0x61, 0x6e, 0x74, 0x3d, 0x22, 0x74, 0x65, 0x72, 0x74, 0x69, 0x61, 0x72
  .byte 0x79, 0x22, 0x20, 0x73, 0x69, 0x7a, 0x65, 0x3d, 0x22, 0x73, 0x6d, 0x61, 0x6c, 0x6c, 0x22, 0x20
  .byte 0x69, 0x63, 0x6f, 0x6e, 0x3d, 0x7b, 0x3c, 0x42, 0x75, 0x73, 0x46, 0x72, 0x6f, 0x6e, 0x74, 0x20
  .byte 0x2f, 0x3e, 0x7d, 0x20, 0x2f, 0x3e, 0x5d, 0x7d, 0x0a, 0x20, 0x20, 0x20, 0x20, 0x20, 0x20, 0x20
  .byte 0x20, 0x20, 0x20, 0x2f, 0x3e, 0x0a, 0x20, 0x20, 0x20, 0x20, 0x20, 0x20, 0x20, 0x20, 0x20, 0x20
  .byte 0x3c, 0x49, 0x6d, 0x61, 0x67, 0x65, 0x0a, 0x20, 0x20, 0x20, 0x20, 0x20, 0x20, 0x20, 0x20, 0x20
  .byte 0x20, 0x20, 0x20, 0x73, 0x72, 0x63, 0x3d, 0x22, 0x68, 0x74, 0x74, 0x70, 0x73, 0x3a, 0x2f, 0x2f
  .byte 0x69, 0x6d, 0x61, 0x67, 0x65, 0x73, 0x2e, 0x75, 0x6e, 0x73, 0x70, 0x6c, 0x61, 0x73, 0x68, 0x2e
  .byte 0x63, 0x6f, 0x6d, 0x2f, 0x70, 0x68, 0x6f, 0x74, 0x6f, 0x2d, 0x31, 0x34, 0x39, 0x36, 0x34, 0x34
  .byte 0x32, 0x32, 0x32, 0x36, 0x36, 0x36, 0x36, 0x2d, 0x38, 0x64, 0x34, 0x64, 0x30, 0x65, 0x36, 0x32
  .byte 0x65, 0x36, 0x65, 0x39, 0x22, 0x0a, 0x20, 0x20, 0x20, 0x20, 0x20, 0x20, 0x20, 0x20, 0x20, 0x20
  .byte 0x20, 0x20, 0x61, 0x6c, 0x74, 0x3d, 0x22, 0x4e, 0x65, 0x77, 0x20, 0x59, 0x6f, 0x72, 0x6b, 0x20
  .byte 0x43, 0x69, 0x74, 0x79, 0x20, 0x73, 0x6b, 0x79, 0x6c, 0x69, 0x6e, 0x65, 0x22, 0x0a, 0x20, 0x20
  .byte 0x20, 0x20, 0x20, 0x20, 0x20, 0x20, 0x20, 0x20, 0x20, 0x20, 0x73, 0x63, 0x61, 0x6c, 0x65, 0x3d
  .byte 0x22, 0x66, 0x69, 0x6c, 0x6c, 0x22, 0x0a, 0x20, 0x20, 0x20, 0x20, 0x20, 0x20, 0x20, 0x20, 0x20
  .byte 0x20, 0x2f, 0x3e, 0x0a, 0x20, 0x20, 0x20, 0x20, 0x20, 0x20, 0x20, 0x20, 0x3c, 0x2f, 0x54, 0x61
  .byte 0x62, 0x73, 0x43, 0x6f, 0x6e, 0x74, 0x65, 0x6e, 0x74, 0x3e, 0x0a, 0x20, 0x20, 0x20, 0x20, 0x20
  .byte 0x20, 0x3c, 0x2f, 0x54, 0x61, 0x62, 0x73, 0x3e, 0x0a, 0x20, 0x20, 0x20, 0x20, 0x3c, 0x2f, 0x43
  .byte 0x61, 0x72, 0x64, 0x3e, 0x0a, 0x20, 0x20, 0x29, 0x2c, 0x0a, 0x7d, 0x3b, 0x0a, 0x0a, 0x65, 0x78
  .byte 0x70, 0x6f, 0x72, 0x74, 0x20, 0x63, 0x6f, 0x6e, 0x73, 0x74, 0x20, 0x49, 0x63, 0x6f, 0x6e, 0x54
  .byte 0x69, 0x74, 0x6c, 0x65, 0x3a, 0x20, 0x53, 0x74, 0x6f, 0x72, 0x79, 0x20, 0x3d, 0x20, 0x7b, 0x0a
  .byte 0x20, 0x20, 0x61, 0x72, 0x67, 0x73, 0x3a, 0x20, 0x7b, 0x0a, 0x20, 0x20, 0x20, 0x20, 0x76, 0x61
  .byte 0x72, 0x69, 0x61, 0x6e, 0x74, 0x3a, 0x20, 0x22, 0x63, 0x6c, 0x65, 0x61, 0x72, 0x22, 0x2c, 0x0a
  .byte 0x20, 0x20, 0x20, 0x20, 0x64, 0x65, 0x66, 0x61, 0x75, 0x6c, 0x74, 0x56, 0x61, 0x6c, 0x75, 0x65
  .byte 0x3a, 0x20, 0x22, 0x74, 0x61, 0x62, 0x31, 0x22, 0x2c, 0x0a, 0x20, 0x20, 0x7d, 0x2c, 0x0a, 0x20
  .byte 0x20, 0x72, 0x65, 0x6e, 0x64, 0x65, 0x72, 0x3a, 0x20, 0x28, 0x61, 0x72, 0x67, 0x73, 0x29, 0x20
  .byte 0x3d, 0x3e, 0x20, 0x28, 0x0a, 0x20, 0x20, 0x20, 0x20, 0x3c, 0x54, 0x61, 0x62, 0x73, 0x20, 0x7b
  .byte 0x2e, 0x2e, 0x2e, 0x61, 0x72, 0x67, 0x73, 0x7d, 0x3e, 0x0a, 0x20, 0x20, 0x20, 0x20, 0x20, 0x20
  .byte 0x3c, 0x54, 0x61, 0x62, 0x73, 0x4c, 0x69, 0x73, 0x74, 0x20, 0x76, 0x61, 0x72, 0x69, 0x61, 0x6e
  .byte 0x74, 0x3d, 0x22, 0x69, 0x63, 0x6f, 0x6e, 0x54, 0x69, 0x74, 0x6c, 0x65, 0x22, 0x3e, 0x0a, 0x20
  .byte 0x20, 0x20, 0x20, 0x20, 0x20, 0x20, 0x20, 0x3c, 0x54, 0x61, 0x62, 0x73, 0x54, 0x72, 0x69, 0x67
  .byte 0x67, 0x65, 0x72, 0x20, 0x76, 0x61, 0x6c, 0x75, 0x65, 0x3d, 0x22, 0x74, 0x61, 0x62, 0x31, 0x22
  .byte 0x20, 0x74, 0x65, 0x78, 0x74, 0x3d, 0x22, 0x56, 0x65, 0x6e, 0x69, 0x63, 0x65, 0x22, 0x20, 0x69
  .byte 0x63, 0x6f, 0x6e, 0x3d, 0x7b, 0x3c, 0x50, 0x6c, 0x61, 0x6e, 0x65, 0x54, 0x61, 0x6b, 0x65, 0x6f
  .byte 0x66, 0x66, 0x20, 0x2f, 0x3e, 0x7d, 0x20, 0x2f, 0x3e, 0x0a, 0x20, 0x20, 0x20, 0x20, 0x20, 0x20
  .byte 0x20, 0x20, 0x3c, 0x54, 0x61, 0x62, 0x73, 0x54, 0x72, 0x69, 0x67, 0x67, 0x65, 0x72, 0x20, 0x76
  .byte 0x61, 0x6c, 0x75, 0x65, 0x3d, 0x22, 0x74, 0x61, 0x62, 0x32, 0x22, 0x20, 0x74, 0x65, 0x78, 0x74
  .byte 0x3d, 0x22, 0x4b, 0x79, 0x6f, 0x74, 0x6f, 0x22, 0x20, 0x69, 0x63, 0x6f, 0x6e, 0x3d, 0x7b, 0x3c
  .byte 0x53, 0x68, 0x69, 0x70, 0x20, 0x2f, 0x3e, 0x7d, 0x20, 0x2f, 0x3e, 0x0a, 0x20, 0x20, 0x20, 0x20
  .byte 0x20, 0x20, 0x20, 0x20, 0x3c, 0x54, 0x61, 0x62, 0x73, 0x54, 0x72, 0x69, 0x67, 0x67, 0x65, 0x72
  .byte 0x20, 0x76, 0x61, 0x6c, 0x75, 0x65, 0x3d, 0x22, 0x74, 0x61, 0x62, 0x33, 0x22, 0x20, 0x74, 0x65
  .byte 0x78, 0x74, 0x3d, 0x22, 0x44, 0x75, 0x62, 0x61, 0x69, 0x22, 0x20, 0x69, 0x63, 0x6f, 0x6e, 0x3d
  .byte 0x7b, 0x3c, 0x42, 0x75, 0x73, 0x46, 0x72, 0x6f, 0x6e, 0x74, 0x20, 0x2f, 0x3e, 0x7d, 0x20, 0x2f
  .byte 0x3e, 0x0a, 0x20, 0x20, 0x20, 0x20, 0x20, 0x20, 0x3c, 0x2f, 0x54, 0x61, 0x62, 0x73, 0x4c, 0x69
  .byte 0x73, 0x74, 0x3e, 0x0a, 0x20, 0x20, 0x20, 0x20, 0x20, 0x20, 0x3c, 0x54, 0x61, 0x62, 0x73, 0x43
  .byte 0x6f, 0x6e, 0x74, 0x65, 0x6e, 0x74, 0x20, 0x76, 0x61, 0x6c, 0x75, 0x65, 0x3d, 0x22, 0x74, 0x61
  .byte 0x62, 0x31, 0x22, 0x3e, 0x0a, 0x20, 0x20, 0x20, 0x20, 0x20, 0x20, 0x20, 0x20, 0x3c, 0x43, 0x61
  .byte 0x72, 0x64, 0x48, 0x65, 0x61, 0x64, 0x65, 0x72, 0x20, 0x74, 0x69, 0x74, 0x6c, 0x65, 0x3d, 0x22
  .byte 0x56, 0x65, 0x6e, 0x69, 0x63, 0x65, 0x2c, 0x20, 0x49, 0x74, 0x61, 0x6c, 0x79, 0x22, 0x20, 0x73
  .byte 0x75, 0x62, 0x74, 0x69, 0x74, 0x6c, 0x65, 0x3d, 0x22, 0x54, 0x68, 0x65, 0x20, 0x46, 0x6c, 0x6f
  .byte 0x61, 0x74, 0x69, 0x6e, 0x67, 0x20, 0x43, 0x69, 0x74, 0x79, 0x22, 0x20, 0x2f, 0x3e, 0x0a, 0x20
  .byte 0x20, 0x20, 0x20, 0x20, 0x20, 0x3c, 0x2f, 0x54, 0x61, 0x62, 0x73, 0x43, 0x6f, 0x6e, 0x74, 0x65
  .byte 0x6e, 0x74, 0x3e, 0x0a, 0x20, 0x20, 0x20, 0x20, 0x20, 0x20, 0x3c, 0x54, 0x61, 0x62, 0x73, 0x43
  .byte 0x6f, 0x6e, 0x74, 0x65, 0x6e, 0x74, 0x20, 0x76, 0x61, 0x6c, 0x75, 0x65, 0x3d, 0x22, 0x74, 0x61
  .byte 0x62, 0x32, 0x22, 0x3e, 0x0a, 0x20, 0x20, 0x20, 0x20, 0x20, 0x20, 0x20, 0x20, 0x3c, 0x43, 0x61
  .byte 0x72, 0x64, 0x48, 0x65, 0x61, 0x64, 0x65, 0x72, 0x20, 0x74, 0x69, 0x74, 0x6c, 0x65, 0x3d, 0x22
  .byte 0x4b, 0x79, 0x6f, 0x74, 0x6f, 0x2c, 0x20, 0x4a, 0x61, 0x70, 0x61, 0x6e, 0x22, 0x20, 0x73, 0x75
  .byte 0x62, 0x74, 0x69, 0x74, 0x6c, 0x65, 0x3d, 0x22, 0x54, 0x68, 0x65, 0x20, 0x43, 0x75, 0x6c, 0x74
  .byte 0x75, 0x72, 0x61, 0x6c, 0x20, 0x48, 0x65, 0x61, 0x72, 0x74, 0x20, 0x6f, 0x66, 0x20, 0x4a, 0x61
  .byte 0x70, 0x61, 0x6e, 0x22, 0x20, 0x2f, 0x3e, 0x0a, 0x20, 0x20, 0x20, 0x20, 0x20, 0x20, 0x3c, 0x2f
  .byte 0x54, 0x61, 0x62, 0x73, 0x43, 0x6f, 0x6e, 0x74, 0x65, 0x6e, 0x74, 0x3e, 0x0a, 0x20, 0x20, 0x20
  .byte 0x20, 0x20, 0x20, 0x3c, 0x54, 0x61, 0x62, 0x73, 0x43, 0x6f, 0x6e, 0x74, 0x65, 0x6e, 0x74, 0x20
  .byte 0x76, 0x61, 0x6c, 0x75, 0x65, 0x3d, 0x22, 0x74, 0x61, 0x62, 0x33, 0x22, 0x3e, 0x0a, 0x20, 0x20
  .byte 0x20, 0x20, 0x20, 0x20, 0x20, 0x20, 0x3c, 0x43, 0x61, 0x72, 0x64, 0x48, 0x65, 0x61, 0x64, 0x65
  .byte 0x72, 0x20, 0x74, 0x69, 0x74, 0x6c, 0x65, 0x3d, 0x22, 0x44, 0x75, 0x62, 0x61, 0x69, 0x2c, 0x20
  .byte 0x55, 0x41, 0x45, 0x22, 0x20, 0x73, 0x75, 0x62, 0x74, 0x69, 0x74, 0x6c, 0x65, 0x3d, 0x22, 0x43
  .byte 0x69, 0x74, 0x79, 0x20, 0x6f, 0x66, 0x20, 0x74, 0x68, 0x65, 0x20, 0x46, 0x75, 0x74, 0x75, 0x72
  .byte 0x65, 0x22, 0x20, 0x2f, 0x3e, 0x0a, 0x20, 0x20, 0x20, 0x20, 0x20, 0x20, 0x3c, 0x2f, 0x54, 0x61
  .byte 0x62, 0x73, 0x43, 0x6f, 0x6e, 0x74, 0x65, 0x6e, 0x74, 0x3e, 0x0a, 0x20, 0x20, 0x20, 0x20, 0x3c
  .byte 0x2f, 0x54, 0x61, 0x62, 0x73, 0x3e, 0x0a, 0x20, 0x20, 0x29, 0x2c, 0x0a, 0x7d, 0x3b, 0x0a, 0x0a
  .byte 0x65, 0x78, 0x70, 0x6f, 0x72, 0x74, 0x20, 0x63, 0x6f, 0x6e, 0x73, 0x74, 0x20, 0x49, 0x63, 0x6f
  .byte 0x6e, 0x54, 0x69, 0x74, 0x6c, 0x65, 0x53, 0x75, 0x62, 0x74, 0x65, 0x78, 0x74, 0x3a, 0x20, 0x53
  .byte 0x74, 0x6f, 0x72, 0x79, 0x20, 0x3d, 0x20, 0x7b, 0x0a, 0x20, 0x20, 0x61, 0x72, 0x67, 0x73, 0x3a
  .byte 0x20, 0x7b, 0x0a, 0x20, 0x20, 0x20, 0x20, 0x76, 0x61, 0x72, 0x69, 0x61, 0x6e, 0x74, 0x3a, 0x20
  .byte 0x22, 0x63, 0x6c, 0x65, 0x61, 0x72, 0x22, 0x2c, 0x0a, 0x20, 0x20, 0x20, 0x20, 0x64, 0x65, 0x66
  .byte 0x61, 0x75, 0x6c, 0x74, 0x56, 0x61, 0x6c, 0x75, 0x65, 0x3a, 0x20, 0x22, 0x74, 0x61, 0x62, 0x31
  .byte 0x22, 0x2c, 0x0a, 0x20, 0x20, 0x7d, 0x2c, 0x0a, 0x20, 0x20, 0x72, 0x65, 0x6e, 0x64, 0x65, 0x72
  .byte 0x3a, 0x20, 0x28, 0x61, 0x72, 0x67, 0x73, 0x29, 0x20, 0x3d, 0x3e, 0x20, 0x28, 0x0a, 0x20, 0x20
  .byte 0x20, 0x20, 0x3c, 0x54, 0x61, 0x62, 0x73, 0x20, 0x7b, 0x2e, 0x2e, 0x2e, 0x61, 0x72, 0x67, 0x73
  .byte 0x7d, 0x3e, 0x0a, 0x20, 0x20, 0x20, 0x20, 0x20, 0x20, 0x3c, 0x54, 0x61, 0x62, 0x73, 0x4c, 0x69
  .byte 0x73, 0x74, 0x20, 0x76, 0x61, 0x72, 0x69, 0x61, 0x6e, 0x74, 0x3d, 0x22, 0x69, 0x63, 0x6f, 0x6e
  .byte 0x54, 0x69, 0x74, 0x6c, 0x65, 0x53, 0x75, 0x62, 0x74, 0x65, 0x78, 0x74, 0x22, 0x3e, 0x0a, 0x20
  .byte 0x20, 0x20, 0x20, 0x20, 0x20, 0x20, 0x20, 0x3c, 0x54, 0x61, 0x62, 0x73, 0x54, 0x72, 0x69, 0x67
  .byte 0x67, 0x65, 0x72, 0x20, 0x76, 0x61, 0x6c, 0x75, 0x65, 0x3d, 0x22, 0x74, 0x61, 0x62, 0x31, 0x22
  .byte 0x20, 0x74, 0x65, 0x78, 0x74, 0x3d, 0x22, 0x56, 0x65, 0x6e, 0x69, 0x63, 0x65, 0x22, 0x20, 0x73
  .byte 0x75, 0x62, 0x74, 0x65, 0x78, 0x74, 0x3d, 0x22, 0x49, 0x74, 0x61, 0x6c, 0x79, 0x22, 0x20, 0x69
  .byte 0x63, 0x6f, 0x6e, 0x3d, 0x7b, 0x3c, 0x50, 0x6c, 0x61, 0x6e, 0x65, 0x54, 0x61, 0x6b, 0x65, 0x6f
  .byte 0x66, 0x66, 0x20, 0x2f, 0x3e, 0x7d, 0x20, 0x2f, 0x3e, 0x0a, 0x20, 0x20, 0x20, 0x20, 0x20, 0x20
  .byte 0x20, 0x20, 0x3c, 0x54, 0x61, 0x62, 0x73, 0x54, 0x72, 0x69, 0x67, 0x67, 0x65, 0x72, 0x20, 0x76
  .byte 0x61, 0x6c, 0x75, 0x65, 0x3d, 0x22, 0x74, 0x61, 0x62, 0x32, 0x22, 0x20, 0x74, 0x65, 0x78, 0x74
  .byte 0x3d, 0x22, 0x4b, 0x79, 0x6f, 0x74, 0x6f, 0x22, 0x20, 0x73, 0x75, 0x62, 0x74, 0x65, 0x78, 0x74
  .byte 0x3d, 0x22, 0x4a, 0x61, 0x70, 0x61, 0x6e, 0x22, 0x20, 0x69, 0x63, 0x6f, 0x6e, 0x3d, 0x7b, 0x3c
  .byte 0x53, 0x68, 0x69, 0x70, 0x20, 0x2f, 0x3e, 0x7d, 0x20, 0x2f, 0x3e, 0x0a, 0x20, 0x20, 0x20, 0x20
  .byte 0x20, 0x20, 0x20, 0x20, 0x3c, 0x54, 0x61, 0x62, 0x73, 0x54, 0x72, 0x69, 0x67, 0x67, 0x65, 0x72
  .byte 0x20, 0x76, 0x61, 0x6c, 0x75, 0x65, 0x3d, 0x22, 0x74, 0x61, 0x62, 0x33, 0x22, 0x20, 0x74, 0x65
  .byte 0x78, 0x74, 0x3d, 0x22, 0x44, 0x75, 0x62, 0x61, 0x69, 0x22, 0x20, 0x73, 0x75, 0x62, 0x74, 0x65
  .byte 0x78, 0x74, 0x3d, 0x22, 0x55, 0x41, 0x45, 0x22, 0x20, 0x69, 0x63, 0x6f, 0x6e, 0x3d, 0x7b, 0x3c
  .byte 0x42, 0x75, 0x73, 0x46, 0x72, 0x6f, 0x6e, 0x74, 0x20, 0x2f, 0x3e, 0x7d, 0x20, 0x2f, 0x3e, 0x0a
  .byte 0x20, 0x20, 0x20, 0x20, 0x20, 0x20, 0x3c, 0x2f, 0x54, 0x61, 0x62, 0x73, 0x4c, 0x69, 0x73, 0x74
  .byte 0x3e, 0x0a, 0x20, 0x20, 0x20, 0x20, 0x20, 0x20, 0x3c, 0x54, 0x61, 0x62, 0x73, 0x43, 0x6f, 0x6e
  .byte 0x74, 0x65, 0x6e, 0x74, 0x20, 0x76, 0x61, 0x6c, 0x75, 0x65, 0x3d, 0x22, 0x74, 0x61, 0x62, 0x31
  .byte 0x22, 0x3e, 0x0a, 0x20, 0x20, 0x20, 0x20, 0x20, 0x20, 0x20, 0x20, 0x3c, 0x43, 0x61, 0x72, 0x64
  .byte 0x48, 0x65, 0x61, 0x64, 0x65, 0x72, 0x20, 0x74, 0x69, 0x74, 0x6c, 0x65, 0x3d, 0x22, 0x56, 0x65
  .byte 0x6e, 0x69, 0x63, 0x65, 0x2c, 0x20, 0x49, 0x74, 0x61, 0x6c, 0x79, 0x22, 0x20, 0x73, 0x75, 0x62
  .byte 0x74, 0x69, 0x74, 0x6c, 0x65, 0x3d, 0x22, 0x54, 0x68, 0x65, 0x20, 0x46, 0x6c, 0x6f, 0x61, 0x74
  .byte 0x69, 0x6e, 0x67, 0x20, 0x43, 0x69, 0x74, 0x79, 0x22, 0x20, 0x2f, 0x3e, 0x0a, 0x20, 0x20, 0x20
  .byte 0x20, 0x20, 0x20, 0x3c, 0x2f, 0x54, 0x61, 0x62, 0x73, 0x43, 0x6f, 0x6e, 0x74, 0x65, 0x6e, 0x74
  .byte 0x3e, 0x0a, 0x20, 0x20, 0x20, 0x20, 0x20, 0x20, 0x3c, 0x54, 0x61, 0x62, 0x73, 0x43, 0x6f, 0x6e
  .byte 0x74, 0x65, 0x6e, 0x74, 0x20, 0x76, 0x61, 0x6c, 0x75, 0x65, 0x3d, 0x22, 0x74, 0x61, 0x62, 0x32
  .byte 0x22, 0x3e, 0x0a, 0x20, 0x20, 0x20, 0x20, 0x20, 0x20, 0x20, 0x20, 0x3c, 0x43, 0x61, 0x72, 0x64
  .byte 0x48, 0x65, 0x61, 0x64, 0x65, 0x72, 0x20, 0x74, 0x69, 0x74, 0x6c, 0x65, 0x3d, 0x22, 0x4b, 0x79
  .byte 0x6f, 0x74, 0x6f, 0x2c, 0x20, 0x4a, 0x61, 0x70, 0x61, 0x6e, 0x22, 0x20, 0x73, 0x75, 0x62, 0x74
  .byte 0x69, 0x74, 0x6c, 0x65, 0x3d, 0x22, 0x54, 0x68, 0x65, 0x20, 0x43, 0x75, 0x6c, 0x74, 0x75, 0x72
  .byte 0x61, 0x6c, 0x20, 0x48, 0x65, 0x61, 0x72, 0x74, 0x20, 0x6f, 0x66, 0x20, 0x4a, 0x61, 0x70, 0x61
  .byte 0x6e, 0x22, 0x20, 0x2f, 0x3e, 0x0a, 0x20, 0x20, 0x20, 0x20, 0x20, 0x20, 0x3c, 0x2f, 0x54, 0x61
  .byte 0x62, 0x73, 0x43, 0x6f, 0x6e, 0x74, 0x65, 0x6e, 0x74, 0x3e, 0x0a, 0x20, 0x20, 0x20, 0x20, 0x20
  .byte 0x20, 0x3c, 0x54, 0x61, 0x62, 0x73, 0x43, 0x6f, 0x6e, 0x74, 0x65, 0x6e, 0x74, 0x20, 0x76, 0x61
  .byte 0x6c, 0x75, 0x65, 0x3d, 0x22, 0x74, 0x61, 0x62, 0x33, 0x22, 0x3e, 0x0a, 0x20, 0x20, 0x20, 0x20
  .byte 0x20, 0x20, 0x20, 0x20, 0x3c, 0x43, 0x61, 0x72, 0x64, 0x48, 0x65, 0x61, 0x64, 0x65, 0x72, 0x20
  .byte 0x74, 0x69, 0x74, 0x6c, 0x65, 0x3d, 0x22, 0x44, 0x75, 0x62, 0x61, 0x69, 0x2c, 0x20, 0x55, 0x41
  .byte 0x45, 0x22, 0x20, 0x73, 0x75, 0x62, 0x74, 0x69, 0x74, 0x6c, 0x65, 0x3d, 0x22, 0x43, 0x69, 0x74
  .byte 0x79, 0x20, 0x6f, 0x66, 0x20, 0x74, 0x68, 0x65, 0x20, 0x46, 0x75, 0x74, 0x75, 0x72, 0x65, 0x22
  .byte 0x20, 0x2f, 0x3e, 0x0a, 0x20, 0x20, 0x20, 0x20, 0x20, 0x20, 0x3c, 0x2f, 0x54, 0x61, 0x62, 0x73
  .byte 0x43, 0x6f, 0x6e, 0x74, 0x65, 0x6e, 0x74, 0x3e, 0x0a, 0x20, 0x20, 0x20, 0x20, 0x3c, 0x2f, 0x54
  .byte 0x61, 0x62, 0x73, 0x3e, 0x0a, 0x20, 0x20, 0x29, 0x2c, 0x0a, 0x7d, 0x3b, 0x0a, 0x0a, 0x65, 0x78
  .byte 0x70, 0x6f, 0x72, 0x74, 0x20, 0x63, 0x6f, 0x6e, 0x73, 0x74, 0x20, 0x49, 0x6d, 0x61, 0x67, 0x65
  .byte 0x54, 0x69, 0x74, 0x6c, 0x65, 0x3a, 0x20, 0x53, 0x74, 0x6f, 0x72, 0x79, 0x20, 0x3d, 0x20, 0x7b
  .byte 0x0a, 0x20, 0x20, 0x61, 0x72, 0x67, 0x73, 0x3a, 0x20, 0x7b, 0x0a, 0x20, 0x20, 0x20, 0x20, 0x76
  .byte 0x61, 0x72, 0x69, 0x61, 0x6e, 0x74, 0x3a, 0x20, 0x22, 0x63, 0x6c, 0x65, 0x61, 0x72, 0x22, 0x2c
  .byte 0x0a, 0x20, 0x20, 0x20, 0x20, 0x64, 0x65, 0x66, 0x61, 0x75, 0x6c, 0x74, 0x56, 0x61, 0x6c, 0x75
  .byte 0x65, 0x3a, 0x20, 0x22, 0x74, 0x61, 0x62, 0x31, 0x22, 0x2c, 0x0a, 0x20, 0x20, 0x7d, 0x2c, 0x0a
  .byte 0x20, 0x20, 0x72, 0x65, 0x6e, 0x64, 0x65, 0x72, 0x3a, 0x20, 0x28, 0x61, 0x72, 0x67, 0x73, 0x29
  .byte 0x20, 0x3d, 0x3e, 0x20, 0x28, 0x0a, 0x20, 0x20, 0x20, 0x20, 0x3c, 0x54, 0x61, 0x62, 0x73, 0x20
  .byte 0x7b, 0x2e, 0x2e, 0x2e, 0x61, 0x72, 0x67, 0x73, 0x7d, 0x3e, 0x0a, 0x20, 0x20, 0x20, 0x20, 0x20
  .byte 0x20, 0x3c, 0x54, 0x61, 0x62, 0x73, 0x4c, 0x69, 0x73, 0x74, 0x20, 0x76, 0x61, 0x72, 0x69, 0x61
  .byte 0x6e, 0x74, 0x3d, 0x22, 0x69, 0x6d, 0x61, 0x67, 0x65, 0x54, 0x69, 0x74, 0x6c, 0x65, 0x22, 0x3e
  .byte 0x0a, 0x20, 0x20, 0x20, 0x20, 0x20, 0x20, 0x20, 0x20, 0x3c, 0x54, 0x61, 0x62, 0x73, 0x54, 0x72
  .byte 0x69, 0x67, 0x67, 0x65, 0x72, 0x0a, 0x20, 0x20, 0x20, 0x20, 0x20, 0x20, 0x20, 0x20, 0x20, 0x20
  .byte 0x76, 0x61, 0x6c, 0x75, 0x65, 0x3d, 0x22, 0x74, 0x61, 0x62, 0x31, 0x22, 0x0a, 0x20, 0x20, 0x20
  .byte 0x20, 0x20, 0x20, 0x20, 0x20, 0x20, 0x20, 0x74, 0x65, 0x78, 0x74, 0x3d, 0x22, 0x50, 0x61, 0x72
  .byte 0x69, 0x73, 0x22, 0x0a, 0x20, 0x20, 0x20, 0x20, 0x20, 0x20, 0x20, 0x20, 0x20, 0x20, 0x69, 0x6d
  .byte 0x61, 0x67, 0x65, 0x3d, 0x22, 0x68, 0x74, 0x74, 0x70, 0x73, 0x3a, 0x2f, 0x2f, 0x69, 0x6d, 0x61
  .byte 0x67, 0x65, 0x73, 0x2e, 0x75, 0x6e, 0x73, 0x70, 0x6c, 0x61, 0x73, 0x68, 0x2e, 0x63, 0x6f, 0x6d
  .byte 0x2f, 0x70, 0x68, 0x6f, 0x74, 0x6f, 0x2d, 0x31, 0x35, 0x30, 0x32, 0x36, 0x30, 0x32, 0x38, 0x39
  .byte 0x38, 0x36, 0x35, 0x37, 0x2d, 0x33, 0x65, 0x39, 0x31, 0x37, 0x36, 0x30, 0x63, 0x62, 0x62, 0x33
  .byte 0x34, 0x3f, 0x77, 0x3d, 0x36, 0x34, 0x22, 0x0a, 0x20, 0x20, 0x20, 0x20, 0x20, 0x20, 0x20, 0x20
  .byte 0x2f, 0x3e, 0x0a, 0x20, 0x20, 0x20, 0x20, 0x20, 0x20, 0x20, 0x20, 0x3c, 0x54, 0x61, 0x62, 0x73
  .byte 0x54, 0x72, 0x69, 0x67, 0x67, 0x65, 0x72, 0x0a, 0x20, 0x20, 0x20, 0x20, 0x20, 0x20, 0x20, 0x20
  .byte 0x20, 0x20, 0x76, 0x61, 0x6c, 0x75, 0x65, 0x3d, 0x22, 0x74, 0x61, 0x62, 0x32, 0x22, 0x0a, 0x20
  .byte 0x20, 0x20, 0x20, 0x20, 0x20, 0x20, 0x20, 0x20, 0x20, 0x74, 0x65, 0x78, 0x74, 0x3d, 0x22, 0x54
  .byte 0x6f, 0x6b, 0x79, 0x6f, 0x22, 0x0a, 0x20, 0x20, 0x20, 0x20, 0x20, 0x20, 0x20, 0x20, 0x20, 0x20
  .byte 0x69, 0x6d, 0x61, 0x67, 0x65, 0x3d, 0x22, 0x68, 0x74, 0x74, 0x70, 0x73, 0x3a, 0x2f, 0x2f, 0x69
  .byte 0x6d, 0x61, 0x67, 0x65, 0x73, 0x2e, 0x75, 0x6e, 0x73, 0x70, 0x6c, 0x61, 0x73, 0x68, 0x2e, 0x63
  .byte 0x6f, 0x6d, 0x2f, 0x70, 0x68, 0x6f, 0x74, 0x6f, 0x2d, 0x31, 0x35, 0x33, 0x36, 0x30, 0x39, 0x38
  .byte 0x35, 0x36, 0x31, 0x37, 0x34, 0x32, 0x2d, 0x63, 0x61, 0x39, 0x39, 0x38, 0x65, 0x34, 0x38, 0x63
  .byte 0x62, 0x63, 0x63, 0x3f, 0x77, 0x3d, 0x36, 0x34, 0x22, 0x0a, 0x20, 0x20, 0x20, 0x20, 0x20, 0x20
  .byte 0x20, 0x20, 0x2f, 0x3e, 0x0a, 0x20, 0x20, 0x20, 0x20, 0x20, 0x20, 0x20, 0x20, 0x3c, 0x54, 0x61
  .byte 0x62, 0x73, 0x54, 0x72, 0x69, 0x67, 0x67, 0x65, 0x72, 0x0a, 0x20, 0x20, 0x20, 0x20, 0x20, 0x20
  .byte 0x20, 0x20, 0x20, 0x20, 0x76, 0x61, 0x6c, 0x75, 0x65, 0x3d, 0x22, 0x74, 0x61, 0x62, 0x33, 0x22
  .byte 0x0a, 0x20, 0x20, 0x20, 0x20, 0x20, 0x20, 0x20, 0x20, 0x20, 0x20, 0x74, 0x65, 0x78, 0x74, 0x3d
  .byte 0x22, 0x4e, 0x65, 0x77, 0x20, 0x59, 0x6f, 0x72, 0x6b, 0x22, 0x0a, 0x20, 0x20, 0x20, 0x20, 0x20
  .byte 0x20, 0x20, 0x20, 0x20, 0x20, 0x69, 0x6d, 0x61, 0x67, 0x65, 0x3d, 0x22, 0x68, 0x74, 0x74, 0x70
  .byte 0x73, 0x3a, 0x2f, 0x2f, 0x69, 0x6d, 0x61, 0x67, 0x65, 0x73, 0x2e, 0x75, 0x6e, 0x73, 0x70, 0x6c
  .byte 0x61, 0x73, 0x68, 0x2e, 0x63, 0x6f, 0x6d, 0x2f, 0x70, 0x68, 0x6f, 0x74, 0x6f, 0x2d, 0x31, 0x34
  .byte 0x39, 0x36, 0x34, 0x34, 0x32, 0x32, 0x32, 0x36, 0x36, 0x36, 0x36, 0x2d, 0x38, 0x64, 0x34, 0x64
  .byte 0x30, 0x65, 0x36, 0x32, 0x65, 0x36, 0x65, 0x39, 0x3f, 0x77, 0x3d, 0x36, 0x34, 0x22, 0x0a, 0x20
  .byte 0x20, 0x20, 0x20, 0x20, 0x20, 0x20, 0x20, 0x2f, 0x3e, 0x0a, 0x20, 0x20, 0x20, 0x20, 0x20, 0x20
  .byte 0x3c, 0x2f, 0x54, 0x61, 0x62, 0x73, 0x4c, 0x69, 0x73, 0x74, 0x3e, 0x0a, 0x20, 0x20, 0x20, 0x20
  .byte 0x20, 0x20, 0x3c, 0x54, 0x61, 0x62, 0x73, 0x43, 0x6f, 0x6e, 0x74, 0x65, 0x6e, 0x74, 0x20, 0x76
  .byte 0x61, 0x6c, 0x75, 0x65, 0x3d, 0x22, 0x74, 0x61, 0x62, 0x31, 0x22, 0x3e, 0x0a, 0x20, 0x20, 0x20
  .byte 0x20, 0x20, 0x20, 0x20, 0x20, 0x3c, 0x43, 0x61, 0x72, 0x64, 0x48, 0x65, 0x61, 0x64, 0x65, 0x72
  .byte 0x20, 0x74, 0x69, 0x74, 0x6c, 0x65, 0x3d, 0x22, 0x50, 0x61, 0x72, 0x69, 0x73, 0x2c, 0x20, 0x46
  .byte 0x72, 0x61, 0x6e, 0x63, 0x65, 0x22, 0x20, 0x73, 0x75, 0x62, 0x74, 0x69, 0x74, 0x6c, 0x65, 0x3d
  .byte 0x22, 0x54, 0x68, 0x65, 0x20, 0x43, 0x69, 0x74, 0x79, 0x20, 0x6f, 0x66, 0x20, 0x4c, 0x69, 0x67
  .byte 0x68, 0x74, 0x22, 0x20, 0x2f, 0x3e, 0x0a, 0x20, 0x20, 0x20, 0x20, 0x20, 0x20, 0x3c, 0x2f, 0x54
  .byte 0x61, 0x62, 0x73, 0x43, 0x6f, 0x6e, 0x74, 0x65, 0x6e, 0x74, 0x3e, 0x0a, 0x20, 0x20, 0x20, 0x20
  .byte 0x20, 0x20, 0x3c, 0x54, 0x61, 0x62, 0x73, 0x43, 0x6f, 0x6e, 0x74, 0x65, 0x6e, 0x74, 0x20, 0x76
  .byte 0x61, 0x6c, 0x75, 0x65, 0x3d, 0x22, 0x74, 0x61, 0x62, 0x32, 0x22, 0x3e, 0x0a, 0x20, 0x20, 0x20
  .byte 0x20, 0x20, 0x20, 0x20, 0x20, 0x3c, 0x43, 0x61, 0x72, 0x64, 0x48, 0x65, 0x61, 0x64, 0x65, 0x72
  .byte 0x20, 0x74, 0x69, 0x74, 0x6c, 0x65, 0x3d, 0x22, 0x54, 0x6f, 0x6b, 0x79, 0x6f, 0x2c, 0x20, 0x4a
  .byte 0x61, 0x70, 0x61, 0x6e, 0x22, 0x20, 0x73, 0x75, 0x62, 0x74, 0x69, 0x74, 0x6c, 0x65, 0x3d, 0x22
  .byte 0x57, 0x68, 0x65, 0x72, 0x65, 0x20, 0x54, 0x72, 0x61, 0x64, 0x69, 0x74, 0x69, 0x6f, 0x6e, 0x20
  .byte 0x4d, 0x65, 0x65, 0x74, 0x73, 0x20, 0x46, 0x75, 0x74, 0x75, 0x72, 0x65, 0x22, 0x20, 0x2f, 0x3e
  .byte 0x0a, 0x20, 0x20, 0x20, 0x20, 0x20, 0x20, 0x3c, 0x2f, 0x54, 0x61, 0x62, 0x73, 0x43, 0x6f, 0x6e
  .byte 0x74, 0x65, 0x6e, 0x74, 0x3e, 0x0a, 0x20, 0x20, 0x20, 0x20, 0x20, 0x20, 0x3c, 0x54, 0x61, 0x62
  .byte 0x73, 0x43, 0x6f, 0x6e, 0x74, 0x65, 0x6e, 0x74, 0x20, 0x76, 0x61, 0x6c, 0x75, 0x65, 0x3d, 0x22
  .byte 0x74, 0x61, 0x62, 0x33, 0x22, 0x3e, 0x0a, 0x20, 0x20, 0x20, 0x20, 0x20, 0x20, 0x20, 0x20, 0x3c
  .byte 0x43, 0x61, 0x72, 0x64, 0x48, 0x65, 0x61, 0x64, 0x65, 0x72, 0x20, 0x74, 0x69, 0x74, 0x6c, 0x65
  .byte 0x3d, 0x22, 0x4e, 0x65, 0x77, 0x20, 0x59, 0x6f, 0x72, 0x6b, 0x20, 0x43, 0x69, 0x74, 0x79, 0x2c
  .byte 0x20, 0x55, 0x53, 0x41, 0x22, 0x20, 0x73, 0x75, 0x62, 0x74, 0x69, 0x74, 0x6c, 0x65, 0x3d, 0x22
  .byte 0x54, 0x68, 0x65, 0x20, 0x43, 0x69, 0x74, 0x79, 0x20, 0x54, 0x68, 0x61, 0x74, 0x20, 0x4e, 0x65
  .byte 0x76, 0x65, 0x72, 0x20, 0x53, 0x6c, 0x65, 0x65, 0x70, 0x73, 0x22, 0x20, 0x2f, 0x3e, 0x0a, 0x20
  .byte 0x20, 0x20, 0x20, 0x20, 0x20, 0x3c, 0x2f, 0x54, 0x61, 0x62, 0x73, 0x43, 0x6f, 0x6e, 0x74, 0x65
  .byte 0x6e, 0x74, 0x3e, 0x0a, 0x20, 0x20, 0x20, 0x20, 0x3c, 0x2f, 0x54, 0x61, 0x62, 0x73, 0x3e, 0x0a
  .byte 0x20, 0x20, 0x29, 0x2c, 0x0a, 0x7d, 0x3b, 0x0a, 0x0a, 0x65, 0x78, 0x70, 0x6f, 0x72, 0x74, 0x20
  .byte 0x63, 0x6f, 0x6e, 0x73, 0x74, 0x20, 0x49, 0x6d, 0x61, 0x67, 0x65, 0x54, 0x69, 0x74, 0x6c, 0x65
  .byte 0x53, 0x75, 0x62, 0x74, 0x65, 0x78, 0x74, 0x3a, 0x20, 0x53, 0x74, 0x6f, 0x72, 0x79, 0x20, 0x3d
  .byte 0x20, 0x7b, 0x0a, 0x20, 0x20, 0x61, 0x72, 0x67, 0x73, 0x3a, 0x20, 0x7b, 0x0a, 0x20, 0x20, 0x20
  .byte 0x20, 0x76, 0x61, 0x72, 0x69, 0x61, 0x6e, 0x74, 0x3a, 0x20, 0x22, 0x63, 0x6c, 0x65, 0x61, 0x72
  .byte 0x22, 0x2c, 0x0a, 0x20, 0x20, 0x20, 0x20, 0x64, 0x65, 0x66, 0x61, 0x75, 0x6c, 0x74, 0x56, 0x61
  .byte 0x6c, 0x75, 0x65, 0x3a, 0x20, 0x22, 0x74, 0x61, 0x62, 0x31, 0x22, 0x2c, 0x0a, 0x20, 0x20, 0x7d
  .byte 0x2c, 0x0a, 0x20, 0x20, 0x72, 0x65, 0x6e, 0x64, 0x65, 0x72, 0x3a, 0x20, 0x28, 0x61, 0x72, 0x67
  .byte 0x73, 0x29, 0x20, 0x3d, 0x3e, 0x20, 0x28, 0x0a, 0x20, 0x20, 0x20, 0x20, 0x3c, 0x54, 0x61, 0x62
  .byte 0x73, 0x20, 0x7b, 0x2e, 0x2e, 0x2e, 0x61, 0x72, 0x67, 0x73, 0x7d, 0x3e, 0x0a, 0x20, 0x20, 0x20
  .byte 0x20, 0x20, 0x20, 0x3c, 0x54, 0x61, 0x62, 0x73, 0x4c, 0x69, 0x73, 0x74, 0x20, 0x76, 0x61, 0x72
  .byte 0x69, 0x61, 0x6e, 0x74, 0x3d, 0x22, 0x69, 0x6d, 0x61, 0x67, 0x65, 0x54, 0x69, 0x74, 0x6c, 0x65
  .byte 0x53, 0x75, 0x62, 0x74, 0x65, 0x78, 0x74, 0x22, 0x3e, 0x0a, 0x20, 0x20, 0x20, 0x20, 0x20, 0x20
  .byte 0x20, 0x20, 0x3c, 0x54, 0x61, 0x62, 0x73, 0x54, 0x72, 0x69, 0x67, 0x67, 0x65, 0x72, 0x0a, 0x20
  .byte 0x20, 0x20, 0x20, 0x20, 0x20, 0x20, 0x20, 0x20, 0x20, 0x76, 0x61, 0x6c, 0x75, 0x65, 0x3d, 0x22
  .byte 0x74, 0x61, 0x62, 0x31, 0x22, 0x0a, 0x20, 0x20, 0x20, 0x20, 0x20, 0x20, 0x20, 0x20, 0x20, 0x20
  .byte 0x74, 0x65, 0x78, 0x74, 0x3d, 0x22, 0x50, 0x61, 0x72, 0x69, 0x73, 0x22, 0x0a, 0x20, 0x20, 0x20
  .byte 0x20, 0x20, 0x20, 0x20, 0x20, 0x20, 0x20, 0x73, 0x75, 0x62, 0x74, 0x65, 0x78, 0x74, 0x3d, 0x22
  .byte 0x46, 0x72, 0x61, 0x6e, 0x63, 0x65, 0x22, 0x0a, 0x20, 0x20, 0x20, 0x20, 0x20, 0x20, 0x20, 0x20
  .byte 0x20, 0x20, 0x69, 0x6d, 0x61, 0x67, 0x65, 0x3d, 0x22, 0x68, 0x74, 0x74, 0x70, 0x73, 0x3a, 0x2f
  .byte 0x2f, 0x69, 0x6d, 0x61, 0x67, 0x65, 0x73, 0x2e, 0x75, 0x6e, 0x73, 0x70, 0x6c, 0x61, 0x73, 0x68
  .byte 0x2e, 0x63, 0x6f, 0x6d, 0x2f, 0x70, 0x68, 0x6f, 0x74, 0x6f, 0x2d, 0x31, 0x35, 0x30, 0x32, 0x36
  .byte 0x30, 0x32, 0x38, 0x39, 0x38, 0x36, 0x35, 0x37, 0x2d, 0x33, 0x65, 0x39, 0x31, 0x37, 0x36, 0x30
  .byte 0x63, 0x62, 0x62, 0x33, 0x34, 0x3f, 0x77, 0x3d, 0x36, 0x34, 0x22, 0x0a, 0x20, 0x20, 0x20, 0x20
  .byte 0x20, 0x20, 0x20, 0x20, 0x2f, 0x3e, 0x0a, 0x20, 0x20, 0x20, 0x20, 0x20, 0x20, 0x20, 0x20, 0x3c
  .byte 0x54, 0x61, 0x62, 0x73, 0x54, 0x72, 0x69, 0x67, 0x67, 0x65, 0x72, 0x0a, 0x20, 0x20, 0x20, 0x20
  .byte 0x20, 0x20, 0x20, 0x20, 0x20, 0x20, 0x76, 0x61, 0x6c, 0x75, 0x65, 0x3d, 0x22, 0x74, 0x61, 0x62
  .byte 0x32, 0x22, 0x0a, 0x20, 0x20, 0x20, 0x20, 0x20, 0x20, 0x20, 0x20, 0x20, 0x20, 0x74, 0x65, 0x78
  .byte 0x74, 0x3d, 0x22, 0x54, 0x6f, 0x6b, 0x79, 0x6f, 0x22, 0x0a, 0x20, 0x20, 0x20, 0x20, 0x20, 0x20
  .byte 0x20, 0x20, 0x20, 0x20, 0x73, 0x75, 0x62, 0x74, 0x65, 0x78, 0x74, 0x3d, 0x22, 0x4a, 0x61, 0x70
  .byte 0x61, 0x6e, 0x22, 0x0a, 0x20, 0x20, 0x20, 0x20, 0x20, 0x20, 0x20, 0x20, 0x20, 0x20, 0x69, 0x6d
  .byte 0x61, 0x67, 0x65, 0x3d, 0x22, 0x68, 0x74, 0x74, 0x70, 0x73, 0x3a, 0x2f, 0x2f, 0x69, 0x6d, 0x61
  .byte 0x67, 0x65, 0x73, 0x2e, 0x75, 0x6e, 0x73, 0x70, 0x6c, 0x61, 0x73, 0x68, 0x2e, 0x63, 0x6f, 0x6d
  .byte 0x2f, 0x70, 0x68, 0x6f, 0x74, 0x6f, 0x2d, 0x31, 0x35, 0x33, 0x36, 0x30, 0x39, 0x38, 0x35, 0x36
  .byte 0x31, 0x37, 0x34, 0x32, 0x2d, 0x63, 0x61, 0x39, 0x39, 0x38, 0x65, 0x34, 0x38, 0x63, 0x62, 0x63
  .byte 0x63, 0x3f, 0x77, 0x3d, 0x36, 0x34, 0x22, 0x0a, 0x20, 0x20, 0x20, 0x20, 0x20, 0x20, 0x20, 0x20
  .byte 0x2f, 0x3e, 0x0a, 0x20, 0x20, 0x20, 0x20, 0x20, 0x20, 0x20, 0x20, 0x3c, 0x54, 0x61, 0x62, 0x73
  .byte 0x54, 0x72, 0x69, 0x67, 0x67, 0x65, 0x72, 0x0a, 0x20, 0x20, 0x20, 0x20, 0x20, 0x20, 0x20, 0x20
  .byte 0x20, 0x20, 0x76, 0x61, 0x6c, 0x75, 0x65, 0x3d, 0x22, 0x74, 0x61, 0x62, 0x33, 0x22, 0x0a, 0x20
  .byte 0x20, 0x20, 0x20, 0x20, 0x20, 0x20, 0x20, 0x20, 0x20, 0x74, 0x65, 0x78, 0x74, 0x3d, 0x22, 0x4e
  .byte 0x65, 0x77, 0x20, 0x59, 0x6f, 0x72, 0x6b, 0x22, 0x0a, 0x20, 0x20, 0x20, 0x20, 0x20, 0x20, 0x20
  .byte 0x20, 0x20, 0x20, 0x73, 0x75, 0x62, 0x74, 0x65, 0x78, 0x74, 0x3d, 0x22, 0x55, 0x53, 0x41, 0x22
  .byte 0x0a, 0x20, 0x20, 0x20, 0x20, 0x20, 0x20, 0x20, 0x20, 0x20, 0x20, 0x69, 0x6d, 0x61, 0x67, 0x65
  .byte 0x3d, 0x22, 0x68, 0x74, 0x74, 0x70, 0x73, 0x3a, 0x2f, 0x2f, 0x69, 0x6d, 0x61, 0x67, 0x65, 0x73
  .byte 0x2e, 0x75, 0x6e, 0x73, 0x70, 0x6c, 0x61, 0x73, 0x68, 0x2e, 0x63, 0x6f, 0x6d, 0x2f, 0x70, 0x68
  .byte 0x6f, 0x74, 0x6f, 0x2d, 0x31, 0x34, 0x39, 0x36, 0x34, 0x34, 0x32, 0x32, 0x32, 0x36, 0x36, 0x36
  .byte 0x36, 0x2d, 0x38, 0x64, 0x34, 0x64, 0x30, 0x65, 0x36, 0x32, 0x65, 0x36, 0x65, 0x39, 0x3f, 0x77
  .byte 0x3d, 0x36, 0x34, 0x22, 0x0a, 0x20, 0x20, 0x20, 0x20, 0x20, 0x20, 0x20, 0x20, 0x2f, 0x3e, 0x0a
  .byte 0x20, 0x20, 0x20, 0x20, 0x20, 0x20, 0x20, 0x20, 0x3c, 0x54, 0x61, 0x62, 0x73, 0x54, 0x72, 0x69
  .byte 0x67, 0x67, 0x65, 0x72, 0x0a, 0x20, 0x20, 0x20, 0x20, 0x20, 0x20, 0x20, 0x20, 0x20, 0x20, 0x76
  .byte 0x61, 0x6c, 0x75, 0x65, 0x3d, 0x22, 0x74, 0x61, 0x62, 0x34, 0x22, 0x0a, 0x20, 0x20, 0x20, 0x20
  .byte 0x20, 0x20, 0x20, 0x20, 0x20, 0x20, 0x74, 0x65, 0x78, 0x74, 0x3d, 0x22, 0x4c, 0x6f, 0x6e, 0x64
  .byte 0x6f, 0x6e, 0x22, 0x0a, 0x20, 0x20, 0x20, 0x20, 0x20, 0x20, 0x20, 0x20, 0x20, 0x20, 0x73, 0x75
  .byte 0x62, 0x74, 0x65, 0x78, 0x74, 0x3d, 0x22, 0x55, 0x4b, 0x22, 0x0a, 0x20, 0x20, 0x20, 0x20, 0x20
  .byte 0x20, 0x20, 0x20, 0x20, 0x20, 0x69, 0x6d, 0x61, 0x67, 0x65, 0x3d, 0x22, 0x68, 0x74, 0x74, 0x70
  .byte 0x73, 0x3a, 0x2f, 0x2f, 0x69, 0x6d, 0x61, 0x67, 0x65, 0x73, 0x2e, 0x75, 0x6e, 0x73, 0x70, 0x6c
  .byte 0x61, 0x73, 0x68, 0x2e, 0x63, 0x6f, 0x6d, 0x2f, 0x70, 0x68, 0x6f, 0x74, 0x6f, 0x2d, 0x31, 0x35
  .byte 0x31, 0x33, 0x36, 0x33, 0x35, 0x32, 0x36, 0x39, 0x39, 0x37, 0x35, 0x2d, 0x35, 0x39, 0x36, 0x36
  .byte 0x33, 0x65, 0x30, 0x61, 0x63, 0x31, 0x61, 0x64, 0x3f, 0x77, 0x3d, 0x36, 0x34, 0x22, 0x0a, 0x20
  .byte 0x20, 0x20, 0x20, 0x20, 0x20, 0x20, 0x20, 0x2f, 0x3e, 0x0a, 0x20, 0x20, 0x20, 0x20, 0x20, 0x20
  .byte 0x20, 0x20, 0x3c, 0x54, 0x61, 0x62, 0x73, 0x54, 0x72, 0x69, 0x67, 0x67, 0x65, 0x72, 0x0a, 0x20
  .byte 0x20, 0x20, 0x20, 0x20, 0x20, 0x20, 0x20, 0x20, 0x20, 0x76, 0x61, 0x6c, 0x75, 0x65, 0x3d, 0x22
  .byte 0x74, 0x61, 0x62, 0x35, 0x22, 0x0a, 0x20, 0x20, 0x20, 0x20, 0x20, 0x20, 0x20, 0x20, 0x20, 0x20
  .byte 0x74, 0x65, 0x78, 0x74, 0x3d, 0x22, 0x53, 0x79, 0x64, 0x6e, 0x65, 0x79, 0x22, 0x0a, 0x20, 0x20
  .byte 0x20, 0x20, 0x20, 0x20, 0x20, 0x20, 0x20, 0x20, 0x73, 0x75, 0x62, 0x74, 0x65, 0x78, 0x74, 0x3d
  .byte 0x22, 0x41, 0x75, 0x73, 0x74, 0x72, 0x61, 0x6c, 0x69, 0x61, 0x22, 0x0a, 0x20, 0x20, 0x20, 0x20
  .byte 0x20, 0x20, 0x20, 0x20, 0x20, 0x20, 0x69, 0x6d, 0x61, 0x67, 0x65, 0x3d, 0x22, 0x68, 0x74, 0x74
  .byte 0x70, 0x73, 0x3a, 0x2f, 0x2f, 0x69, 0x6d, 0x61, 0x67, 0x65, 0x73, 0x2e, 0x75, 0x6e, 0x73, 0x70
  .byte 0x6c, 0x61, 0x73, 0x68, 0x2e, 0x63, 0x6f, 0x6d, 0x2f, 0x70, 0x68, 0x6f, 0x74, 0x6f, 0x2d, 0x31
  .byte 0x35, 0x30, 0x36, 0x39, 0x37, 0x33, 0x30, 0x33, 0x35, 0x38, 0x37, 0x32, 0x2d, 0x61, 0x34, 0x65
  .byte 0x63, 0x31, 0x36, 0x62, 0x38, 0x65, 0x38, 0x64, 0x39, 0x3f, 0x77, 0x3d, 0x36, 0x34, 0x22, 0x0a
  .byte 0x20, 0x20, 0x20, 0x20, 0x20, 0x20, 0x20, 0x20, 0x2f, 0x3e, 0x0a, 0x20, 0x20, 0x20, 0x20, 0x20
  .byte 0x20, 0x20, 0x20, 0x3c, 0x54, 0x61, 0x62, 0x73, 0x54, 0x72, 0x69, 0x67, 0x67, 0x65, 0x72, 0x0a
  .byte 0x20, 0x20, 0x20, 0x20, 0x20, 0x20, 0x20, 0x20, 0x20, 0x20, 0x76, 0x61, 0x6c, 0x75, 0x65, 0x3d
  .byte 0x22, 0x74, 0x61, 0x62, 0x36, 0x22, 0x0a, 0x20, 0x20, 0x20, 0x20, 0x20, 0x20, 0x20, 0x20, 0x20
  .byte 0x20, 0x74, 0x65, 0x78, 0x74, 0x3d, 0x22, 0x52, 0x6f, 0x6d, 0x65, 0x22, 0x0a, 0x20, 0x20, 0x20
  .byte 0x20, 0x20, 0x20, 0x20, 0x20, 0x20, 0x20, 0x73, 0x75, 0x62, 0x74, 0x65, 0x78, 0x74, 0x3d, 0x22
  .byte 0x49, 0x74, 0x61, 0x6c, 0x79, 0x22, 0x0a, 0x20, 0x20, 0x20, 0x20, 0x20, 0x20, 0x20, 0x20, 0x20
  .byte 0x20, 0x69, 0x6d, 0x61, 0x67, 0x65, 0x3d, 0x22, 0x68, 0x74, 0x74, 0x70, 0x73, 0x3a, 0x2f, 0x2f
  .byte 0x69, 0x6d, 0x61, 0x67, 0x65, 0x73, 0x2e, 0x75, 0x6e, 0x73, 0x70, 0x6c, 0x61, 0x73, 0x68, 0x2e
  .byte 0x63, 0x6f, 0x6d, 0x2f, 0x70, 0x68, 0x6f, 0x74, 0x6f, 0x2d, 0x31, 0x35, 0x35, 0x32, 0x38, 0x33
  .byte 0x32, 0x32, 0x33, 0x30, 0x2d, 0x63, 0x30, 0x31, 0x39, 0x37, 0x64, 0x64, 0x33, 0x31, 0x31, 0x62
  .byte 0x35, 0x3f, 0x77, 0x3d, 0x36, 0x34, 0x22, 0x0a, 0x20, 0x20, 0x20, 0x20, 0x20, 0x20, 0x20, 0x20
  .byte 0x2f, 0x3e, 0x0a, 0x20, 0x20, 0x20, 0x20, 0x20, 0x20, 0x20, 0x20, 0x3c, 0x54, 0x61, 0x62, 0x73
  .byte 0x54, 0x72, 0x69, 0x67, 0x67, 0x65, 0x72, 0x0a, 0x20, 0x20, 0x20, 0x20, 0x20, 0x20, 0x20, 0x20
  .byte 0x20, 0x20, 0x76, 0x61, 0x6c, 0x75, 0x65, 0x3d, 0x22, 0x74, 0x61, 0x62, 0x37, 0x22, 0x0a, 0x20
  .byte 0x20, 0x20, 0x20, 0x20, 0x20, 0x20, 0x20, 0x20, 0x20, 0x74, 0x65, 0x78, 0x74, 0x3d, 0x22, 0x42
  .byte 0x61, 0x72, 0x63, 0x65, 0x6c, 0x6f, 0x6e, 0x61, 0x22, 0x0a, 0x20, 0x20, 0x20, 0x20, 0x20, 0x20
  .byte 0x20, 0x20, 0x20, 0x20, 0x73, 0x75, 0x62, 0x74, 0x65, 0x78, 0x74, 0x3d, 0x22, 0x53, 0x70, 0x61
  .byte 0x69, 0x6e, 0x22, 0x0a, 0x20, 0x20, 0x20, 0x20, 0x20, 0x20, 0x20, 0x20, 0x20, 0x20, 0x69, 0x6d
  .byte 0x61, 0x67, 0x65, 0x3d, 0x22, 0x68, 0x74, 0x74, 0x70, 0x73, 0x3a, 0x2f, 0x2f, 0x69, 0x6d, 0x61
  .byte 0x67, 0x65, 0x73, 0x2e, 0x75, 0x6e, 0x73, 0x70, 0x6c, 0x61, 0x73, 0x68, 0x2e, 0x63, 0x6f, 0x6d
  .byte 0x2f, 0x70, 0x68, 0x6f, 0x74, 0x6f, 0x2d, 0x31, 0x35, 0x38, 0x33, 0x34, 0x32, 0x32, 0x34, 0x30
  .byte 0x39, 0x35, 0x31, 0x36, 0x2d, 0x32, 0x38, 0x39, 0x35, 0x61, 0x37, 0x37, 0x65, 0x66, 0x64, 0x65
  .byte 0x64, 0x3f, 0x77, 0x3d, 0x36, 0x34, 0x22, 0x0a, 0x20, 0x20, 0x20, 0x20, 0x20, 0x20, 0x20, 0x20
  .byte 0x2f, 0x3e, 0x0a, 0x20, 0x20, 0x20, 0x20, 0x20, 0x20, 0x20, 0x20, 0x3c, 0x54, 0x61, 0x62, 0x73
  .byte 0x54, 0x72, 0x69, 0x67, 0x67, 0x65, 0x72, 0x0a, 0x20, 0x20, 0x20, 0x20, 0x20, 0x20, 0x20, 0x20
  .byte 0x20, 0x20, 0x76, 0x61, 0x6c, 0x75, 0x65, 0x3d, 0x22, 0x74, 0x61, 0x62, 0x38, 0x22, 0x0a, 0x20
  .byte 0x20, 0x20, 0x20, 0x20, 0x20, 0x20, 0x20, 0x20, 0x20, 0x74, 0x65, 0x78, 0x74, 0x3d, 0x22, 0x42
  .byte 0x61, 0x6e, 0x67, 0x6b, 0x6f, 0x6b, 0x22, 0x0a, 0x20, 0x20, 0x20, 0x20, 0x20, 0x20, 0x20, 0x20
  .byte 0x20, 0x20, 0x73, 0x75, 0x62, 0x74, 0x65, 0x78, 0x74, 0x3d, 0x22, 0x54, 0x68, 0x61, 0x69, 0x6c
  .byte 0x61, 0x6e, 0x64, 0x22, 0x0a, 0x20, 0x20, 0x20, 0x20, 0x20, 0x20, 0x20, 0x20, 0x20, 0x20, 0x69
  .byte 0x6d, 0x61, 0x67, 0x65, 0x3d, 0x22, 0x68, 0x74, 0x74, 0x70, 0x73, 0x3a, 0x2f, 0x2f, 0x69, 0x6d
  .byte 0x61, 0x67, 0x65, 0x73, 0x2e, 0x75, 0x6e, 0x73, 0x70, 0x6c, 0x61, 0x73, 0x68, 0x2e, 0x63, 0x6f
  .byte 0x6d, 0x2f, 0x70, 0x68, 0x6f, 0x74, 0x6f, 0x2d, 0x31, 0x35, 0x30, 0x38, 0x30, 0x30, 0x39, 0x36
  .byte 0x30, 0x33, 0x38, 0x38, 0x35, 0x2d, 0x35, 0x30, 0x63, 0x66, 0x37, 0x63, 0x35, 0x37, 0x39, 0x33
  .byte 0x36, 0x35, 0x3f, 0x77, 0x3d, 0x36, 0x34, 0x22, 0x0a, 0x20, 0x20, 0x20, 0x20, 0x20, 0x20, 0x20
  .byte 0x20, 0x2f, 0x3e, 0x0a, 0x20, 0x20, 0x20, 0x20, 0x20, 0x20, 0x20, 0x20, 0x3c, 0x54, 0x61, 0x62
  .byte 0x73, 0x54, 0x72, 0x69, 0x67, 0x67, 0x65, 0x72, 0x0a, 0x20, 0x20, 0x20, 0x20, 0x20, 0x20, 0x20
  .byte 0x20, 0x20, 0x20, 0x76, 0x61, 0x6c, 0x75, 0x65, 0x3d, 0x22, 0x74, 0x61, 0x62, 0x39, 0x22, 0x0a
  .byte 0x20, 0x20, 0x20, 0x20, 0x20, 0x20, 0x20, 0x20, 0x20, 0x20, 0x74, 0x65, 0x78, 0x74, 0x3d, 0x22
  .byte 0x43, 0x61, 0x70, 0x65, 0x20, 0x54, 0x6f, 0x77, 0x6e, 0x22, 0x0a, 0x20, 0x20, 0x20, 0x20, 0x20
  .byte 0x20, 0x20, 0x20, 0x20, 0x20, 0x73, 0x75, 0x62, 0x74, 0x65, 0x78, 0x74, 0x3d, 0x22, 0x53, 0x6f
  .byte 0x75, 0x74, 0x68, 0x20, 0x41, 0x66, 0x72, 0x69, 0x63, 0x61, 0x22, 0x0a, 0x20, 0x20, 0x20, 0x20
  .byte 0x20, 0x20, 0x20, 0x20, 0x20, 0x20, 0x69, 0x6d, 0x61, 0x67, 0x65, 0x3d, 0x22, 0x68, 0x74, 0x74
  .byte 0x70, 0x73, 0x3a, 0x2f, 0x2f, 0x69, 0x6d, 0x61, 0x67, 0x65, 0x73, 0x2e, 0x75, 0x6e, 0x73, 0x70
  .byte 0x6c, 0x61, 0x73, 0x68, 0x2e, 0x63, 0x6f, 0x6d, 0x2f, 0x70, 0x68, 0x6f, 0x74, 0x6f, 0x2d, 0x31
  .byte 0x35, 0x38, 0x30, 0x30, 0x36, 0x30, 0x38, 0x33, 0x39, 0x31, 0x33, 0x34, 0x2d, 0x37, 0x35, 0x61
  .byte 0x35, 0x65, 0x64, 0x63, 0x61, 0x32, 0x65, 0x39, 0x39, 0x3f, 0x77, 0x3d, 0x36, 0x34, 0x22, 0x0a
  .byte 0x20, 0x20, 0x20, 0x20, 0x20, 0x20, 0x20, 0x20, 0x2f, 0x3e, 0x0a, 0x20, 0x20, 0x20, 0x20, 0x20
  .byte 0x20, 0x20, 0x20, 0x3c, 0x54, 0x61, 0x62, 0x73, 0x54, 0x72, 0x69, 0x67, 0x67, 0x65, 0x72, 0x0a
  .byte 0x20, 0x20, 0x20, 0x20, 0x20, 0x20, 0x20, 0x20, 0x20, 0x20, 0x76, 0x61, 0x6c, 0x75, 0x65, 0x3d
  .byte 0x22, 0x74, 0x61, 0x62, 0x31, 0x30, 0x22, 0x0a, 0x20, 0x20, 0x20, 0x20, 0x20, 0x20, 0x20, 0x20
  .byte 0x20, 0x20, 0x74, 0x65, 0x78, 0x74, 0x3d, 0x22, 0x41, 0x6d, 0x73, 0x74, 0x65, 0x72, 0x64, 0x61
  .byte 0x6d, 0x22, 0x0a, 0x20, 0x20, 0x20, 0x20, 0x20, 0x20, 0x20, 0x20, 0x20, 0x20, 0x73, 0x75, 0x62
  .byte 0x74, 0x65, 0x78, 0x74, 0x3d, 0x22, 0x4e, 0x65, 0x74, 0x68, 0x65, 0x72, 0x6c, 0x61, 0x6e, 0x64
  .byte 0x73, 0x22, 0x0a, 0x20, 0x20, 0x20, 0x20, 0x20, 0x20, 0x20, 0x20, 0x20, 0x20, 0x69, 0x6d, 0x61
  .byte 0x67, 0x65, 0x3d, 0x22, 0x68, 0x74, 0x74, 0x70, 0x73, 0x3a, 0x2f, 0x2f, 0x69, 0x6d, 0x61, 0x67
  .byte 0x65, 0x73, 0x2e, 0x75, 0x6e, 0x73, 0x70, 0x6c, 0x61, 0x73, 0x68, 0x2e, 0x63, 0x6f, 0x6d, 0x2f
  .byte 0x70, 0x68, 0x6f, 0x74, 0x6f, 0x2d, 0x31, 0x35, 0x31, 0x32, 0x34, 0x37, 0x30, 0x38, 0x37, 0x36
  .byte 0x33, 0x30, 0x32, 0x2d, 0x39, 0x37, 0x32, 0x66, 0x61, 0x61, 0x32, 0x61, 0x61, 0x39, 0x61, 0x34
  .byte 0x3f, 0x77, 0x3d, 0x36, 0x34, 0x22, 0x0a, 0x20, 0x20, 0x20, 0x20, 0x20, 0x20, 0x20, 0x20, 0x2f
  .byte 0x3e, 0x0a, 0x20, 0x20, 0x20, 0x20, 0x20, 0x20, 0x3c, 0x2f, 0x54, 0x61, 0x62, 0x73, 0x4c, 0x69
  .byte 0x73, 0x74, 0x3e, 0x0a, 0x20, 0x20, 0x20, 0x20, 0x20, 0x20, 0x3c, 0x54, 0x61, 0x62, 0x73, 0x43
  .byte 0x6f, 0x6e, 0x74, 0x65, 0x6e, 0x74, 0x20, 0x76, 0x61, 0x6c, 0x75, 0x65, 0x3d, 0x22, 0x74, 0x61
  .byte 0x62, 0x31, 0x22, 0x3e, 0x0a, 0x20, 0x20, 0x20, 0x20, 0x20, 0x20, 0x20, 0x20, 0x3c, 0x43, 0x61
  .byte 0x72, 0x64, 0x48, 0x65, 0x61, 0x64, 0x65, 0x72, 0x20, 0x74, 0x69, 0x74, 0x6c, 0x65, 0x3d, 0x22
  .byte 0x50, 0x61, 0x72, 0x69, 0x73, 0x2c, 0x20, 0x46, 0x72, 0x61, 0x6e, 0x63, 0x65, 0x22, 0x20, 0x73
  .byte 0x75, 0x62, 0x74, 0x69, 0x74, 0x6c, 0x65, 0x3d, 0x22, 0x54, 0x68, 0x65, 0x20, 0x43, 0x69, 0x74
  .byte 0x79, 0x20, 0x6f, 0x66, 0x20, 0x4c, 0x69, 0x67, 0x68, 0x74, 0x22, 0x20, 0x2f, 0x3e, 0x0a, 0x20
  .byte 0x20, 0x20, 0x20, 0x20, 0x20, 0x3c, 0x2f, 0x54, 0x61, 0x62, 0x73, 0x43, 0x6f, 0x6e, 0x74, 0x65
  .byte 0x6e, 0x74, 0x3e, 0x0a, 0x20, 0x20, 0x20, 0x20, 0x20, 0x20, 0x3c, 0x54, 0x61, 0x62, 0x73, 0x43
  .byte 0x6f, 0x6e, 0x74, 0x65, 0x6e, 0x74, 0x20, 0x76, 0x61, 0x6c, 0x75, 0x65, 0x3d, 0x22, 0x74, 0x61
  .byte 0x62, 0x32, 0x22, 0x3e, 0x0a, 0x20, 0x20, 0x20, 0x20, 0x20, 0x20, 0x20, 0x20, 0x3c, 0x43, 0x61
  .byte 0x72, 0x64, 0x48, 0x65, 0x61, 0x64, 0x65, 0x72, 0x20, 0x74, 0x69, 0x74, 0x6c, 0x65, 0x3d, 0x22
  .byte 0x54, 0x6f, 0x6b, 0x79, 0x6f, 0x2c, 0x20, 0x4a, 0x61, 0x70, 0x61, 0x6e, 0x22, 0x20, 0x73, 0x75
  .byte 0x62, 0x74, 0x69, 0x74, 0x6c, 0x65, 0x3d, 0x22, 0x57, 0x68, 0x65, 0x72, 0x65, 0x20, 0x54, 0x72
  .byte 0x61, 0x64, 0x69, 0x74, 0x69, 0x6f, 0x6e, 0x20, 0x4d, 0x65, 0x65, 0x74, 0x73, 0x20, 0x46, 0x75
  .byte 0x74, 0x75, 0x72, 0x65, 0x22, 0x20, 0x2f, 0x3e, 0x0a, 0x20, 0x20, 0x20, 0x20, 0x20, 0x20, 0x3c
  .byte 0x2f, 0x54, 0x61, 0x62, 0x73, 0x43, 0x6f, 0x6e, 0x74, 0x65, 0x6e, 0x74, 0x3e, 0x0a, 0x20, 0x20
  .byte 0x20, 0x20, 0x20, 0x20, 0x3c, 0x54, 0x61, 0x62, 0x73, 0x43, 0x6f, 0x6e, 0x74, 0x65, 0x6e, 0x74
  .byte 0x20, 0x76, 0x61, 0x6c, 0x75, 0x65, 0x3d, 0x22, 0x74, 0x61, 0x62, 0x33, 0x22, 0x3e, 0x0a, 0x20
  .byte 0x20, 0x20, 0x20, 0x20, 0x20, 0x20, 0x20, 0x3c, 0x43, 0x61, 0x72, 0x64, 0x48, 0x65, 0x61, 0x64
  .byte 0x65, 0x72, 0x20, 0x74, 0x69, 0x74, 0x6c, 0x65, 0x3d, 0x22, 0x4e, 0x65, 0x77, 0x20, 0x59, 0x6f
  .byte 0x72, 0x6b, 0x20, 0x43, 0x69, 0x74, 0x79, 0x2c, 0x20, 0x55, 0x53, 0x41, 0x22, 0x20, 0x73, 0x75
  .byte 0x62, 0x74, 0x69, 0x74, 0x6c, 0x65, 0x3d, 0x22, 0x54, 0x68, 0x65, 0x20, 0x43, 0x69, 0x74, 0x79
  .byte 0x20, 0x54, 0x68, 0x61, 0x74, 0x20, 0x4e, 0x65, 0x76, 0x65, 0x72, 0x20, 0x53, 0x6c, 0x65, 0x65
  .byte 0x70, 0x73, 0x22, 0x20, 0x2f, 0x3e, 0x0a, 0x20, 0x20, 0x20, 0x20, 0x20, 0x20, 0x3c, 0x2f, 0x54
  .byte 0x61, 0x62, 0x73, 0x43, 0x6f, 0x6e, 0x74, 0x65, 0x6e, 0x74, 0x3e, 0x0a, 0x20, 0x20, 0x20, 0x20
  .byte 0x20, 0x20, 0x3c, 0x54, 0x61, 0x62, 0x73, 0x43, 0x6f, 0x6e, 0x74, 0x65, 0x6e, 0x74, 0x20, 0x76
  .byte 0x61, 0x6c, 0x75, 0x65, 0x3d, 0x22, 0x74, 0x61, 0x62, 0x34, 0x22, 0x3e, 0x0a, 0x20, 0x20, 0x20
  .byte 0x20, 0x20, 0x20, 0x20, 0x20, 0x3c, 0x43, 0x61, 0x72, 0x64, 0x48, 0x65, 0x61, 0x64, 0x65, 0x72
  .byte 0x20, 0x74, 0x69, 0x74, 0x6c, 0x65, 0x3d, 0x22, 0x4c, 0x6f, 0x6e, 0x64, 0x6f, 0x6e, 0x2c, 0x20
  .byte 0x55, 0x4b, 0x22, 0x20, 0x73, 0x75, 0x62, 0x74, 0x69, 0x74, 0x6c, 0x65, 0x3d, 0x22, 0x54, 0x68
  .byte 0x65, 0x20, 0x43, 0x69, 0x74, 0x79, 0x20, 0x6f, 0x66, 0x20, 0x48, 0x69, 0x73, 0x74, 0x6f, 0x72
  .byte 0x79, 0x22, 0x20, 0x2f, 0x3e, 0x0a, 0x20, 0x20, 0x20, 0x20, 0x20, 0x20, 0x3c, 0x2f, 0x54, 0x61
  .byte 0x62, 0x73, 0x43, 0x6f, 0x6e, 0x74, 0x65, 0x6e, 0x74, 0x3e, 0x0a, 0x20, 0x20, 0x20, 0x20, 0x20
  .byte 0x20, 0x3c, 0x54, 0x61, 0x62, 0x73, 0x43, 0x6f, 0x6e, 0x74, 0x65, 0x6e, 0x74, 0x20, 0x76, 0x61
  .byte 0x6c, 0x75, 0x65, 0x3d, 0x22, 0x74, 0x61, 0x62, 0x35, 0x22, 0x3e, 0x0a, 0x20, 0x20, 0x20, 0x20
  .byte 0x20, 0x20, 0x20, 0x20, 0x3c, 0x43, 0x61, 0x72, 0x64, 0x48, 0x65, 0x61, 0x64, 0x65, 0x72, 0x20
  .byte 0x74, 0x69, 0x74, 0x6c, 0x65, 0x3d, 0x22, 0x53, 0x79, 0x64, 0x6e, 0x65, 0x79, 0x2c, 0x20, 0x41
  .byte 0x75, 0x73, 0x74, 0x72, 0x61, 0x6c, 0x69, 0x61, 0x22, 0x20, 0x73, 0x75, 0x62, 0x74, 0x69, 0x74
  .byte 0x6c, 0x65, 0x3d, 0x22, 0x54, 0x68, 0x65, 0x20, 0x48, 0x61, 0x72, 0x62, 0x6f, 0x75, 0x72, 0x20
  .byte 0x43, 0x69, 0x74, 0x79, 0x22, 0x20, 0x2f, 0x3e, 0x0a, 0x20, 0x20, 0x20, 0x20, 0x20, 0x20, 0x3c
  .byte 0x2f, 0x54, 0x61, 0x62, 0x73, 0x43, 0x6f, 0x6e, 0x74, 0x65, 0x6e, 0x74, 0x3e, 0x0a, 0x20, 0x20
  .byte 0x20, 0x20, 0x20, 0x20, 0x3c, 0x54, 0x61, 0x62, 0x73, 0x43, 0x6f, 0x6e, 0x74, 0x65, 0x6e, 0x74
  .byte 0x20, 0x76, 0x61, 0x6c, 0x75, 0x65, 0x3d, 0x22, 0x74, 0x61, 0x62, 0x36, 0x22, 0x3e, 0x0a, 0x20
  .byte 0x20, 0x20, 0x20, 0x20, 0x20, 0x20, 0x20, 0x3c, 0x43, 0x61, 0x72, 0x64, 0x48, 0x65, 0x61, 0x64
  .byte 0x65, 0x72, 0x20, 0x74, 0x69, 0x74, 0x6c, 0x65, 0x3d, 0x22, 0x52, 0x6f, 0x6d, 0x65, 0x2c, 0x20
  .byte 0x49, 0x74, 0x61, 0x6c, 0x79, 0x22, 0x20, 0x73, 0x75, 0x62, 0x74, 0x69, 0x74, 0x6c, 0x65, 0x3d
  .byte 0x22, 0x54, 0x68, 0x65, 0x20, 0x45, 0x74, 0x65, 0x72, 0x6e, 0x61, 0x6c, 0x20, 0x43, 0x69, 0x74
  .byte 0x79, 0x22, 0x20, 0x2f, 0x3e, 0x0a, 0x20, 0x20, 0x20, 0x20, 0x20, 0x20, 0x3c, 0x2f, 0x54, 0x61
  .byte 0x62, 0x73, 0x43, 0x6f, 0x6e, 0x74, 0x65, 0x6e, 0x74, 0x3e, 0x0a, 0x20, 0x20, 0x20, 0x20, 0x20
  .byte 0x20, 0x3c, 0x54, 0x61, 0x62, 0x73, 0x43, 0x6f, 0x6e, 0x74, 0x65, 0x6e, 0x74, 0x20, 0x76, 0x61
  .byte 0x6c, 0x75, 0x65, 0x3d, 0x22, 0x74, 0x61, 0x62, 0x37, 0x22, 0x3e, 0x0a, 0x20, 0x20, 0x20, 0x20
  .byte 0x20, 0x20, 0x20, 0x20, 0x3c, 0x43, 0x61, 0x72, 0x64, 0x48, 0x65, 0x61, 0x64, 0x65, 0x72, 0x20
  .byte 0x74, 0x69, 0x74, 0x6c, 0x65, 0x3d, 0x22, 0x42, 0x61, 0x72, 0x63, 0x65, 0x6c, 0x6f, 0x6e, 0x61
  .byte 0x2c, 0x20, 0x53, 0x70, 0x61, 0x69, 0x6e, 0x22, 0x20, 0x73, 0x75, 0x62, 0x74, 0x69, 0x74, 0x6c
  .byte 0x65, 0x3d, 0x22, 0x43, 0x69, 0x74, 0x79, 0x20, 0x6f, 0x66, 0x20, 0x47, 0x61, 0x75, 0x64, 0xc3
  .byte 0xad, 0x22, 0x20, 0x2f, 0x3e, 0x0a, 0x20, 0x20, 0x20, 0x20, 0x20, 0x20, 0x3c, 0x2f, 0x54, 0x61
  .byte 0x62, 0x73, 0x43, 0x6f, 0x6e, 0x74, 0x65, 0x6e, 0x74, 0x3e, 0x0a, 0x20, 0x20, 0x20, 0x20, 0x20
  .byte 0x20, 0x3c, 0x54, 0x61, 0x62, 0x73, 0x43, 0x6f, 0x6e, 0x74, 0x65, 0x6e, 0x74, 0x20, 0x76, 0x61
  .byte 0x6c, 0x75, 0x65, 0x3d, 0x22, 0x74, 0x61, 0x62, 0x38, 0x22, 0x3e, 0x0a, 0x20, 0x20, 0x20, 0x20
  .byte 0x20, 0x20, 0x20, 0x20, 0x3c, 0x43, 0x61, 0x72, 0x64, 0x48, 0x65, 0x61, 0x64, 0x65, 0x72, 0x20
  .byte 0x74, 0x69, 0x74, 0x6c, 0x65, 0x3d, 0x22, 0x42, 0x61, 0x6e, 0x67, 0x6b, 0x6f, 0x6b, 0x2c, 0x20
  .byte 0x54, 0x68, 0x61, 0x69, 0x6c, 0x61, 0x6e, 0x64, 0x22, 0x20, 0x73, 0x75, 0x62, 0x74, 0x69, 0x74
  .byte 0x6c, 0x65, 0x3d, 0x22, 0x43, 0x69, 0x74, 0x79, 0x20, 0x6f, 0x66, 0x20, 0x41, 0x6e, 0x67, 0x65
  .byte 0x6c, 0x73, 0x22, 0x20, 0x2f, 0x3e, 0x0a, 0x20, 0x20, 0x20, 0x20, 0x20, 0x20, 0x3c, 0x2f, 0x54
  .byte 0x61, 0x62, 0x73, 0x43, 0x6f, 0x6e, 0x74, 0x65, 0x6e, 0x74, 0x3e, 0x0a, 0x20, 0x20, 0x20, 0x20
  .byte 0x20, 0x20, 0x3c, 0x54, 0x61, 0x62, 0x73, 0x43, 0x6f, 0x6e, 0x74, 0x65, 0x6e, 0x74, 0x20, 0x76
  .byte 0x61, 0x6c, 0x75, 0x65, 0x3d, 0x22, 0x74, 0x61, 0x62, 0x39, 0x22, 0x3e, 0x0a, 0x20, 0x20, 0x20
  .byte 0x20, 0x20, 0x20, 0x20, 0x20, 0x3c, 0x43, 0x61, 0x72, 0x64, 0x48, 0x65, 0x61, 0x64, 0x65, 0x72
  .byte 0x20, 0x74, 0x69, 0x74, 0x6c, 0x65, 0x3d, 0x22, 0x43, 0x61, 0x70, 0x65, 0x20, 0x54, 0x6f, 0x77
  .byte 0x6e, 0x2c, 0x20, 0x53, 0x6f, 0x75, 0x74, 0x68, 0x20, 0x41, 0x66, 0x72, 0x69, 0x63, 0x61, 0x22
  .byte 0x20, 0x73, 0x75, 0x62, 0x74, 0x69, 0x74, 0x6c, 0x65, 0x3d, 0x22, 0x54, 0x68, 0x65, 0x20, 0x4d
  .byte 0x6f, 0x74, 0x68, 0x65, 0x72, 0x20, 0x43, 0x69, 0x74, 0x79, 0x22, 0x20, 0x2f, 0x3e, 0x0a, 0x20
  .byte 0x20, 0x20, 0x20, 0x20, 0x20, 0x3c, 0x2f, 0x54, 0x61, 0x62, 0x73, 0x43, 0x6f, 0x6e, 0x74, 0x65
  .byte 0x6e, 0x74, 0x3e, 0x0a, 0x20, 0x20, 0x20, 0x20, 0x20, 0x20, 0x3c, 0x54, 0x61, 0x62, 0x73, 0x43
  .byte 0x6f, 0x6e, 0x74, 0x65, 0x6e, 0x74, 0x20, 0x76, 0x61, 0x6c, 0x75, 0x65, 0x3d, 0x22, 0x74, 0x61
  .byte 0x62, 0x31, 0x30, 0x22, 0x3e, 0x0a, 0x20, 0x20, 0x20, 0x20, 0x20, 0x20, 0x20, 0x20, 0x3c, 0x43
  .byte 0x61, 0x72, 0x64, 0x48, 0x65, 0x61, 0x64, 0x65, 0x72, 0x20, 0x74, 0x69, 0x74, 0x6c, 0x65, 0x3d
  .byte 0x22, 0x41, 0x6d, 0x73, 0x74, 0x65, 0x72, 0x64, 0x61, 0x6d, 0x2c, 0x20, 0x4e, 0x65, 0x74, 0x68
  .byte 0x65, 0x72, 0x6c, 0x61, 0x6e, 0x64, 0x73, 0x22, 0x20, 0x73, 0x75, 0x62, 0x74, 0x69, 0x74, 0x6c
  .byte 0x65, 0x3d, 0x22, 0x56, 0x65, 0x6e, 0x69, 0x63, 0x65, 0x20, 0x6f, 0x66, 0x20, 0x74, 0x68, 0x65
  .byte 0x20, 0x4e, 0x6f, 0x72, 0x74, 0x68, 0x22, 0x20, 0x2f, 0x3e, 0x0a, 0x20, 0x20, 0x20, 0x20, 0x20
  .byte 0x20, 0x3c, 0x2f, 0x54, 0x61, 0x62, 0x73, 0x43, 0x6f, 0x6e, 0x74, 0x65, 0x6e, 0x74, 0x3e, 0x0a
  .byte 0x20, 0x20, 0x20, 0x20, 0x3c, 0x2f, 0x54, 0x61, 0x62, 0x73, 0x3e, 0x0a, 0x20, 0x20, 0x29, 0x2c
  .byte 0x0a, 0x7d, 0x3b, 0x0a

  .globl openui_full_port_packages_react_ui_src_components_Tabs_stories_tabs_stories_tsx_d16ed9c6f1f2_pass_3_len
openui_full_port_packages_react_ui_src_components_Tabs_stories_tabs_stories_tsx_d16ed9c6f1f2_pass_3_len:
  .quad 9716

# assembly pass: 4/4
  .globl openui_full_port_packages_react_ui_src_components_Tabs_stories_tabs_stories_tsx_d16ed9c6f1f2_pass_4
openui_full_port_packages_react_ui_src_components_Tabs_stories_tabs_stories_tsx_d16ed9c6f1f2_pass_4:
  .byte 0x69, 0x6d, 0x70, 0x6f, 0x72, 0x74, 0x20, 0x74, 0x79, 0x70, 0x65, 0x20, 0x7b, 0x20, 0x4d, 0x65
  .byte 0x74, 0x61, 0x2c, 0x20, 0x53, 0x74, 0x6f, 0x72, 0x79, 0x4f, 0x62, 0x6a, 0x20, 0x7d, 0x20, 0x66
  .byte 0x72, 0x6f, 0x6d, 0x20, 0x22, 0x40, 0x73, 0x74, 0x6f, 0x72, 0x79, 0x62, 0x6f, 0x6f, 0x6b, 0x2f
  .byte 0x72, 0x65, 0x61, 0x63, 0x74, 0x22, 0x3b, 0x0a, 0x69, 0x6d, 0x70, 0x6f, 0x72, 0x74, 0x20, 0x7b
  .byte 0x20, 0x42, 0x75, 0x73, 0x46, 0x72, 0x6f, 0x6e, 0x74, 0x2c, 0x20, 0x50, 0x6c, 0x61, 0x6e, 0x65
  .byte 0x54, 0x61, 0x6b, 0x65, 0x6f, 0x66, 0x66, 0x2c, 0x20, 0x53, 0x68, 0x69, 0x70, 0x20, 0x7d, 0x20
  .byte 0x66, 0x72, 0x6f, 0x6d, 0x20, 0x22, 0x6c, 0x75, 0x63, 0x69, 0x64, 0x65, 0x2d, 0x72, 0x65, 0x61
  .byte 0x63, 0x74, 0x22, 0x3b, 0x0a, 0x69, 0x6d, 0x70, 0x6f, 0x72, 0x74, 0x20, 0x7b, 0x20, 0x43, 0x61
  .byte 0x72, 0x64, 0x20, 0x7d, 0x20, 0x66, 0x72, 0x6f, 0x6d, 0x20, 0x22, 0x2e, 0x2e, 0x2f, 0x2e, 0x2e
  .byte 0x2f, 0x43, 0x61, 0x72, 0x64, 0x2f, 0x43, 0x61, 0x72, 0x64, 0x22, 0x3b, 0x0a, 0x69, 0x6d, 0x70
  .byte 0x6f, 0x72, 0x74, 0x20, 0x7b, 0x20, 0x43, 0x61, 0x72, 0x64, 0x48, 0x65, 0x61, 0x64, 0x65, 0x72
  .byte 0x20, 0x7d, 0x20, 0x66, 0x72, 0x6f, 0x6d, 0x20, 0x22, 0x2e, 0x2e, 0x2f, 0x2e, 0x2e, 0x2f, 0x43
  .byte 0x61, 0x72, 0x64, 0x48, 0x65, 0x61, 0x64, 0x65, 0x72, 0x22, 0x3b, 0x0a, 0x69, 0x6d, 0x70, 0x6f
  .byte 0x72, 0x74, 0x20, 0x7b, 0x20, 0x49, 0x63, 0x6f, 0x6e, 0x42, 0x75, 0x74, 0x74, 0x6f, 0x6e, 0x20
  .byte 0x7d, 0x20, 0x66, 0x72, 0x6f, 0x6d, 0x20, 0x22, 0x2e, 0x2e, 0x2f, 0x2e, 0x2e, 0x2f, 0x49, 0x63
  .byte 0x6f, 0x6e, 0x42, 0x75, 0x74, 0x74, 0x6f, 0x6e, 0x22, 0x3b, 0x0a, 0x69, 0x6d, 0x70, 0x6f, 0x72
  .byte 0x74, 0x20, 0x7b, 0x20, 0x49, 0x6d, 0x61, 0x67, 0x65, 0x20, 0x7d, 0x20, 0x66, 0x72, 0x6f, 0x6d
  .byte 0x20, 0x22, 0x2e, 0x2e, 0x2f, 0x2e, 0x2e, 0x2f, 0x49, 0x6d, 0x61, 0x67, 0x65, 0x22, 0x3b, 0x0a
  .byte 0x69, 0x6d, 0x70, 0x6f, 0x72, 0x74, 0x20, 0x7b, 0x20, 0x54, 0x61, 0x62, 0x73, 0x2c, 0x20, 0x54
  .byte 0x61, 0x62, 0x73, 0x43, 0x6f, 0x6e, 0x74, 0x65, 0x6e, 0x74, 0x2c, 0x20, 0x54, 0x61, 0x62, 0x73
  .byte 0x4c, 0x69, 0x73, 0x74, 0x2c, 0x20, 0x54, 0x61, 0x62, 0x73, 0x54, 0x72, 0x69, 0x67, 0x67, 0x65
  .byte 0x72, 0x20, 0x7d, 0x20, 0x66, 0x72, 0x6f, 0x6d, 0x20, 0x22, 0x2e, 0x2e, 0x2f, 0x54, 0x61, 0x62
  .byte 0x73, 0x22, 0x3b, 0x0a, 0x0a, 0x63, 0x6f, 0x6e, 0x73, 0x74, 0x20, 0x6d, 0x65, 0x74, 0x61, 0x3a
  .byte 0x20, 0x4d, 0x65, 0x74, 0x61, 0x3c, 0x74, 0x79, 0x70, 0x65, 0x6f, 0x66, 0x20, 0x54, 0x61, 0x62
  .byte 0x73, 0x3e, 0x20, 0x3d, 0x20, 0x7b, 0x0a, 0x20, 0x20, 0x74, 0x69, 0x74, 0x6c, 0x65, 0x3a, 0x20
  .byte 0x22, 0x43, 0x6f, 0x6d, 0x70, 0x6f, 0x6e, 0x65, 0x6e, 0x74, 0x73, 0x2f, 0x54, 0x61, 0x62, 0x73
  .byte 0x22, 0x2c, 0x0a, 0x20, 0x20, 0x63, 0x6f, 0x6d, 0x70, 0x6f, 0x6e, 0x65, 0x6e, 0x74, 0x3a, 0x20
  .byte 0x54, 0x61, 0x62, 0x73, 0x2c, 0x0a, 0x20, 0x20, 0x74, 0x61, 0x67, 0x73, 0x3a, 0x20, 0x5b, 0x22
  .byte 0x21, 0x64, 0x65, 0x76, 0x22, 0x2c, 0x20, 0x22, 0x61, 0x75, 0x74, 0x6f, 0x64, 0x6f, 0x63, 0x73
  .byte 0x22, 0x5d, 0x2c, 0x0a, 0x20, 0x20, 0x70, 0x61, 0x72, 0x61, 0x6d, 0x65, 0x74, 0x65, 0x72, 0x73
  .byte 0x3a, 0x20, 0x7b, 0x0a, 0x20, 0x20, 0x20, 0x20, 0x6c, 0x61, 0x79, 0x6f, 0x75, 0x74, 0x3a, 0x20
  .byte 0x22, 0x63, 0x65, 0x6e, 0x74, 0x65, 0x72, 0x65, 0x64, 0x22, 0x2c, 0x0a, 0x20, 0x20, 0x20, 0x20
  .byte 0x64, 0x6f, 0x63, 0x73, 0x3a, 0x20, 0x7b, 0x0a, 0x20, 0x20, 0x20, 0x20, 0x20, 0x20, 0x64, 0x65
  .byte 0x73, 0x63, 0x72, 0x69, 0x70, 0x74, 0x69, 0x6f, 0x6e, 0x3a, 0x20, 0x7b, 0x0a, 0x20, 0x20, 0x20
  .byte 0x20, 0x20, 0x20, 0x20, 0x20, 0x63, 0x6f, 0x6d, 0x70, 0x6f, 0x6e, 0x65, 0x6e, 0x74, 0x3a, 0x0a
  .byte 0x20, 0x20, 0x20, 0x20, 0x20, 0x20, 0x20, 0x20, 0x20, 0x20, 0x22, 0x60, 0x60, 0x60, 0x74, 0x73
  .byte 0x78, 0x5c, 0x6e, 0x69, 0x6d, 0x70, 0x6f, 0x72, 0x74, 0x20, 0x7b, 0x20, 0x54, 0x61, 0x62, 0x73
  .byte 0x2c, 0x20, 0x54, 0x61, 0x62, 0x73, 0x43, 0x6f, 0x6e, 0x74, 0x65, 0x6e, 0x74, 0x2c, 0x20, 0x54
  .byte 0x61, 0x62, 0x73, 0x4c, 0x69, 0x73, 0x74, 0x2c, 0x20, 0x54, 0x61, 0x62, 0x73, 0x54, 0x72, 0x69
  .byte 0x67, 0x67, 0x65, 0x72, 0x20, 0x7d, 0x20, 0x66, 0x72, 0x6f, 0x6d, 0x20, 0x27, 0x40, 0x6f, 0x70
  .byte 0x65, 0x6e, 0x75, 0x69, 0x2d, 0x75, 0x69, 0x2f, 0x72, 0x65, 0x61, 0x63, 0x74, 0x2d, 0x75, 0x69
  .byte 0x27, 0x3b, 0x5c, 0x6e, 0x60, 0x60, 0x60, 0x22, 0x2c, 0x0a, 0x20, 0x20, 0x20, 0x20, 0x20, 0x20
  .byte 0x7d, 0x2c, 0x0a, 0x20, 0x20, 0x20, 0x20, 0x7d, 0x2c, 0x0a, 0x20, 0x20, 0x7d, 0x2c, 0x0a, 0x20
  .byte 0x20, 0x64, 0x65, 0x63, 0x6f, 0x72, 0x61, 0x74, 0x6f, 0x72, 0x73, 0x3a, 0x20, 0x5b, 0x0a, 0x20
  .byte 0x20, 0x20, 0x20, 0x28, 0x53, 0x74, 0x6f, 0x72, 0x79, 0x29, 0x20, 0x3d, 0x3e, 0x20, 0x28, 0x0a
  .byte 0x20, 0x20, 0x20, 0x20, 0x20, 0x20, 0x3c, 0x64, 0x69, 0x76, 0x20, 0x73, 0x74, 0x79, 0x6c, 0x65
  .byte 0x3d, 0x7b, 0x7b, 0x20, 0x77, 0x69, 0x64, 0x74, 0x68, 0x3a, 0x20, 0x22, 0x34, 0x30, 0x30, 0x70
  .byte 0x78, 0x22, 0x2c, 0x20, 0x6d, 0x61, 0x72, 0x67, 0x69, 0x6e, 0x3a, 0x20, 0x22, 0x32, 0x72, 0x65
  .byte 0x6d, 0x22, 0x20, 0x7d, 0x7d, 0x3e, 0x0a, 0x20, 0x20, 0x20, 0x20, 0x20, 0x20, 0x20, 0x20, 0x3c
  .byte 0x53, 0x74, 0x6f, 0x72, 0x79, 0x20, 0x2f, 0x3e, 0x0a, 0x20, 0x20, 0x20, 0x20, 0x20, 0x20, 0x3c
  .byte 0x2f, 0x64, 0x69, 0x76, 0x3e, 0x0a, 0x20, 0x20, 0x20, 0x20, 0x29, 0x2c, 0x0a, 0x20, 0x20, 0x5d
  .byte 0x2c, 0x0a, 0x20, 0x20, 0x61, 0x72, 0x67, 0x54, 0x79, 0x70, 0x65, 0x73, 0x3a, 0x20, 0x7b, 0x0a
  .byte 0x20, 0x20, 0x20, 0x20, 0x76, 0x61, 0x72, 0x69, 0x61, 0x6e, 0x74, 0x3a, 0x20, 0x7b, 0x0a, 0x20
  .byte 0x20, 0x20, 0x20, 0x20, 0x20, 0x63, 0x6f, 0x6e, 0x74, 0x72, 0x6f, 0x6c, 0x3a, 0x20, 0x7b, 0x0a
  .byte 0x20, 0x20, 0x20, 0x20, 0x20, 0x20, 0x20, 0x20, 0x74, 0x79, 0x70, 0x65, 0x3a, 0x20, 0x22, 0x73
  .byte 0x65, 0x6c, 0x65, 0x63, 0x74, 0x22, 0x2c, 0x0a, 0x20, 0x20, 0x20, 0x20, 0x20, 0x20, 0x20, 0x20
  .byte 0x6f, 0x70, 0x74, 0x69, 0x6f, 0x6e, 0x73, 0x3a, 0x20, 0x5b, 0x22, 0x63, 0x6c, 0x65, 0x61, 0x72
  .byte 0x22, 0x5d, 0x2c, 0x0a, 0x20, 0x20, 0x20, 0x20, 0x20, 0x20, 0x7d, 0x2c, 0x0a, 0x20, 0x20, 0x20
  .byte 0x20, 0x20, 0x20, 0x64, 0x65, 0x73, 0x63, 0x72, 0x69, 0x70, 0x74, 0x69, 0x6f, 0x6e, 0x3a, 0x20
  .byte 0x22, 0x54, 0x68, 0x65, 0x20, 0x76, 0x61, 0x72, 0x69, 0x61, 0x6e, 0x74, 0x20, 0x6f, 0x66, 0x20
  .byte 0x74, 0x68, 0x65, 0x20, 0x74, 0x61, 0x62, 0x73, 0x22, 0x2c, 0x0a, 0x20, 0x20, 0x20, 0x20, 0x20
  .byte 0x20, 0x74, 0x61, 0x62, 0x6c, 0x65, 0x3a, 0x20, 0x7b, 0x0a, 0x20, 0x20, 0x20, 0x20, 0x20, 0x20
  .byte 0x20, 0x20, 0x74, 0x79, 0x70, 0x65, 0x3a, 0x20, 0x7b, 0x0a, 0x20, 0x20, 0x20, 0x20, 0x20, 0x20
  .byte 0x20, 0x20, 0x20, 0x20, 0x73, 0x75, 0x6d, 0x6d, 0x61, 0x72, 0x79, 0x3a, 0x20, 0x22, 0x63, 0x6c
  .byte 0x65, 0x61, 0x72, 0x22, 0x2c, 0x0a, 0x20, 0x20, 0x20, 0x20, 0x20, 0x20, 0x20, 0x20, 0x7d, 0x2c
  .byte 0x0a, 0x20, 0x20, 0x20, 0x20, 0x20, 0x20, 0x20, 0x20, 0x64, 0x65, 0x66, 0x61, 0x75, 0x6c, 0x74
  .byte 0x56, 0x61, 0x6c, 0x75, 0x65, 0x3a, 0x20, 0x7b, 0x20, 0x73, 0x75, 0x6d, 0x6d, 0x61, 0x72, 0x79
  .byte 0x3a, 0x20, 0x22, 0x63, 0x6c, 0x65, 0x61, 0x72, 0x22, 0x20, 0x7d, 0x2c, 0x0a, 0x20, 0x20, 0x20
  .byte 0x20, 0x20, 0x20, 0x20, 0x20, 0x63, 0x61, 0x74, 0x65, 0x67, 0x6f, 0x72, 0x79, 0x3a, 0x20, 0x22
  .byte 0x41, 0x70, 0x70, 0x65, 0x61, 0x72, 0x61, 0x6e, 0x63, 0x65, 0x22, 0x2c, 0x0a, 0x20, 0x20, 0x20
  .byte 0x20, 0x20, 0x20, 0x7d, 0x2c, 0x0a, 0x20, 0x20, 0x20, 0x20, 0x7d, 0x2c, 0x0a, 0x20, 0x20, 0x20
  .byte 0x20, 0x64, 0x65, 0x66, 0x61, 0x75, 0x6c, 0x74, 0x56, 0x61, 0x6c, 0x75, 0x65, 0x3a, 0x20, 0x7b
  .byte 0x0a, 0x20, 0x20, 0x20, 0x20, 0x20, 0x20, 0x63, 0x6f, 0x6e, 0x74, 0x72, 0x6f, 0x6c, 0x3a, 0x20
  .byte 0x66, 0x61, 0x6c, 0x73, 0x65, 0x2c, 0x0a, 0x20, 0x20, 0x20, 0x20, 0x20, 0x20, 0x64, 0x65, 0x73
  .byte 0x63, 0x72, 0x69, 0x70, 0x74, 0x69, 0x6f, 0x6e, 0x3a, 0x20, 0x22, 0x54, 0x68, 0x65, 0x20, 0x64
  .byte 0x65, 0x66, 0x61, 0x75, 0x6c, 0x74, 0x20, 0x76, 0x61, 0x6c, 0x75, 0x65, 0x20, 0x6f, 0x66, 0x20
  .byte 0x74, 0x68, 0x65, 0x20, 0x74, 0x61, 0x62, 0x73, 0x20, 0x77, 0x68, 0x69, 0x63, 0x68, 0x20, 0x69
  .byte 0x73, 0x20, 0x75, 0x73, 0x65, 0x64, 0x20, 0x74, 0x6f, 0x20, 0x64, 0x65, 0x74, 0x65, 0x72, 0x6d
  .byte 0x69, 0x6e, 0x65, 0x20, 0x77, 0x68, 0x69, 0x63, 0x68, 0x20, 0x74, 0x61, 0x62, 0x20, 0x69, 0x73
  .byte 0x20, 0x73, 0x65, 0x6c, 0x65, 0x63, 0x74, 0x65, 0x64, 0x22, 0x2c, 0x0a, 0x20, 0x20, 0x20, 0x20
  .byte 0x20, 0x20, 0x74, 0x61, 0x62, 0x6c, 0x65, 0x3a, 0x20, 0x7b, 0x0a, 0x20, 0x20, 0x20, 0x20, 0x20
  .byte 0x20, 0x20, 0x20, 0x63, 0x61, 0x74, 0x65, 0x67, 0x6f, 0x72, 0x79, 0x3a, 0x20, 0x22, 0x42, 0x65
  .byte 0x68, 0x61, 0x76, 0x69, 0x6f, 0x72, 0x22, 0x2c, 0x0a, 0x20, 0x20, 0x20, 0x20, 0x20, 0x20, 0x7d
  .byte 0x2c, 0x0a, 0x20, 0x20, 0x20, 0x20, 0x7d, 0x2c, 0x0a, 0x20, 0x20, 0x20, 0x20, 0x63, 0x6c, 0x61
  .byte 0x73, 0x73, 0x4e, 0x61, 0x6d, 0x65, 0x3a, 0x20, 0x7b, 0x0a, 0x20, 0x20, 0x20, 0x20, 0x20, 0x20
  .byte 0x63, 0x6f, 0x6e, 0x74, 0x72, 0x6f, 0x6c, 0x3a, 0x20, 0x66, 0x61, 0x6c, 0x73, 0x65, 0x2c, 0x0a
  .byte 0x20, 0x20, 0x20, 0x20, 0x20, 0x20, 0x64, 0x65, 0x73, 0x63, 0x72, 0x69, 0x70, 0x74, 0x69, 0x6f
  .byte 0x6e, 0x3a, 0x20, 0x22, 0x41, 0x64, 0x64, 0x69, 0x74, 0x69, 0x6f, 0x6e, 0x61, 0x6c, 0x20, 0x63
  .byte 0x6c, 0x61, 0x73, 0x73, 0x20, 0x6e, 0x61, 0x6d, 0x65, 0x20, 0x66, 0x6f, 0x72, 0x20, 0x74, 0x68
  .byte 0x65, 0x20, 0x74, 0x61, 0x62, 0x73, 0x22, 0x2c, 0x0a, 0x20, 0x20, 0x20, 0x20, 0x20, 0x20, 0x74
  .byte 0x61, 0x62, 0x6c, 0x65, 0x3a, 0x20, 0x7b, 0x0a, 0x20, 0x20, 0x20, 0x20, 0x20, 0x20, 0x20, 0x20
  .byte 0x63, 0x61, 0x74, 0x65, 0x67, 0x6f, 0x72, 0x79, 0x3a, 0x20, 0x22, 0x53, 0x74, 0x79, 0x6c, 0x69
  .byte 0x6e, 0x67, 0x22, 0x2c, 0x0a, 0x20, 0x20, 0x20, 0x20, 0x20, 0x20, 0x7d, 0x2c, 0x0a, 0x20, 0x20
  .byte 0x20, 0x20, 0x7d, 0x2c, 0x0a, 0x20, 0x20, 0x20, 0x20, 0x73, 0x74, 0x79, 0x6c, 0x65, 0x3a, 0x20
  .byte 0x7b, 0x0a, 0x20, 0x20, 0x20, 0x20, 0x20, 0x20, 0x63, 0x6f, 0x6e, 0x74, 0x72, 0x6f, 0x6c, 0x3a
  .byte 0x20, 0x66, 0x61, 0x6c, 0x73, 0x65, 0x2c, 0x0a, 0x20, 0x20, 0x20, 0x20, 0x20, 0x20, 0x64, 0x65
  .byte 0x73, 0x63, 0x72, 0x69, 0x70, 0x74, 0x69, 0x6f, 0x6e, 0x3a, 0x20, 0x22, 0x41, 0x64, 0x64, 0x69
  .byte 0x74, 0x69, 0x6f, 0x6e, 0x61, 0x6c, 0x20, 0x73, 0x74, 0x79, 0x6c, 0x65, 0x20, 0x66, 0x6f, 0x72
  .byte 0x20, 0x74, 0x68, 0x65, 0x20, 0x74, 0x61, 0x62, 0x73, 0x22, 0x2c, 0x0a, 0x20, 0x20, 0x20, 0x20
  .byte 0x20, 0x20, 0x74, 0x61, 0x62, 0x6c, 0x65, 0x3a, 0x20, 0x7b, 0x0a, 0x20, 0x20, 0x20, 0x20, 0x20
  .byte 0x20, 0x20, 0x20, 0x63, 0x61, 0x74, 0x65, 0x67, 0x6f, 0x72, 0x79, 0x3a, 0x20, 0x22, 0x53, 0x74
  .byte 0x79, 0x6c, 0x69, 0x6e, 0x67, 0x22, 0x2c, 0x0a, 0x20, 0x20, 0x20, 0x20, 0x20, 0x20, 0x7d, 0x2c
  .byte 0x0a, 0x20, 0x20, 0x20, 0x20, 0x7d, 0x2c, 0x0a, 0x20, 0x20, 0x7d, 0x2c, 0x0a, 0x7d, 0x3b, 0x0a
  .byte 0x0a, 0x65, 0x78, 0x70, 0x6f, 0x72, 0x74, 0x20, 0x64, 0x65, 0x66, 0x61, 0x75, 0x6c, 0x74, 0x20
  .byte 0x6d, 0x65, 0x74, 0x61, 0x3b, 0x0a, 0x74, 0x79, 0x70, 0x65, 0x20, 0x53, 0x74, 0x6f, 0x72, 0x79
  .byte 0x20, 0x3d, 0x20, 0x53, 0x74, 0x6f, 0x72, 0x79, 0x4f, 0x62, 0x6a, 0x3c, 0x74, 0x79, 0x70, 0x65
  .byte 0x6f, 0x66, 0x20, 0x54, 0x61, 0x62, 0x73, 0x3e, 0x3b, 0x0a, 0x0a, 0x65, 0x78, 0x70, 0x6f, 0x72
  .byte 0x74, 0x20, 0x63, 0x6f, 0x6e, 0x73, 0x74, 0x20, 0x54, 0x69, 0x74, 0x6c, 0x65, 0x3a, 0x20, 0x53
  .byte 0x74, 0x6f, 0x72, 0x79, 0x20, 0x3d, 0x20, 0x7b, 0x0a, 0x20, 0x20, 0x61, 0x72, 0x67, 0x73, 0x3a
  .byte 0x20, 0x7b, 0x0a, 0x20, 0x20, 0x20, 0x20, 0x76, 0x61, 0x72, 0x69, 0x61, 0x6e, 0x74, 0x3a, 0x20
  .byte 0x22, 0x63, 0x6c, 0x65, 0x61, 0x72, 0x22, 0x2c, 0x0a, 0x20, 0x20, 0x20, 0x20, 0x64, 0x65, 0x66
  .byte 0x61, 0x75, 0x6c, 0x74, 0x56, 0x61, 0x6c, 0x75, 0x65, 0x3a, 0x20, 0x22, 0x74, 0x61, 0x62, 0x31
  .byte 0x22, 0x2c, 0x0a, 0x20, 0x20, 0x7d, 0x2c, 0x0a, 0x20, 0x20, 0x72, 0x65, 0x6e, 0x64, 0x65, 0x72
  .byte 0x3a, 0x20, 0x28, 0x61, 0x72, 0x67, 0x73, 0x29, 0x20, 0x3d, 0x3e, 0x20, 0x28, 0x0a, 0x20, 0x20
  .byte 0x20, 0x20, 0x3c, 0x43, 0x61, 0x72, 0x64, 0x3e, 0x0a, 0x20, 0x20, 0x20, 0x20, 0x20, 0x20, 0x3c
  .byte 0x54, 0x61, 0x62, 0x73, 0x20, 0x7b, 0x2e, 0x2e, 0x2e, 0x61, 0x72, 0x67, 0x73, 0x7d, 0x3e, 0x0a
  .byte 0x20, 0x20, 0x20, 0x20, 0x20, 0x20, 0x20, 0x20, 0x3c, 0x54, 0x61, 0x62, 0x73, 0x4c, 0x69, 0x73
  .byte 0x74, 0x20, 0x76, 0x61, 0x72, 0x69, 0x61, 0x6e, 0x74, 0x3d, 0x22, 0x74, 0x69, 0x74, 0x6c, 0x65
  .byte 0x22, 0x3e, 0x0a, 0x20, 0x20, 0x20, 0x20, 0x20, 0x20, 0x20, 0x20, 0x20, 0x20, 0x3c, 0x54, 0x61
  .byte 0x62, 0x73, 0x54, 0x72, 0x69, 0x67, 0x67, 0x65, 0x72, 0x20, 0x76, 0x61, 0x6c, 0x75, 0x65, 0x3d
  .byte 0x22, 0x74, 0x61, 0x62, 0x31, 0x22, 0x20, 0x74, 0x65, 0x78, 0x74, 0x3d, 0x22, 0x50, 0x61, 0x72
  .byte 0x69, 0x73, 0x22, 0x20, 0x2f, 0x3e, 0x0a, 0x20, 0x20, 0x20, 0x20, 0x20, 0x20, 0x20, 0x20, 0x20
  .byte 0x20, 0x3c, 0x54, 0x61, 0x62, 0x73, 0x54, 0x72, 0x69, 0x67, 0x67, 0x65, 0x72, 0x20, 0x76, 0x61
  .byte 0x6c, 0x75, 0x65, 0x3d, 0x22, 0x74, 0x61, 0x62, 0x32, 0x22, 0x20, 0x74, 0x65, 0x78, 0x74, 0x3d
  .byte 0x22, 0x54, 0x6f, 0x6b, 0x79, 0x6f, 0x22, 0x20, 0x2f, 0x3e, 0x0a, 0x20, 0x20, 0x20, 0x20, 0x20
  .byte 0x20, 0x20, 0x20, 0x20, 0x20, 0x3c, 0x54, 0x61, 0x62, 0x73, 0x54, 0x72, 0x69, 0x67, 0x67, 0x65
  .byte 0x72, 0x20, 0x76, 0x61, 0x6c, 0x75, 0x65, 0x3d, 0x22, 0x74, 0x61, 0x62, 0x33, 0x22, 0x20, 0x74
  .byte 0x65, 0x78, 0x74, 0x3d, 0x22, 0x4e, 0x65, 0x77, 0x20, 0x59, 0x6f, 0x72, 0x6b, 0x22, 0x20, 0x2f
  .byte 0x3e, 0x0a, 0x20, 0x20, 0x20, 0x20, 0x20, 0x20, 0x20, 0x20, 0x3c, 0x2f, 0x54, 0x61, 0x62, 0x73
  .byte 0x4c, 0x69, 0x73, 0x74, 0x3e, 0x0a, 0x20, 0x20, 0x20, 0x20, 0x20, 0x20, 0x20, 0x20, 0x3c, 0x54
  .byte 0x61, 0x62, 0x73, 0x43, 0x6f, 0x6e, 0x74, 0x65, 0x6e, 0x74, 0x20, 0x76, 0x61, 0x6c, 0x75, 0x65
  .byte 0x3d, 0x22, 0x74, 0x61, 0x62, 0x31, 0x22, 0x3e, 0x0a, 0x20, 0x20, 0x20, 0x20, 0x20, 0x20, 0x20
  .byte 0x20, 0x20, 0x20, 0x3c, 0x43, 0x61, 0x72, 0x64, 0x48, 0x65, 0x61, 0x64, 0x65, 0x72, 0x0a, 0x20
  .byte 0x20, 0x20, 0x20, 0x20, 0x20, 0x20, 0x20, 0x20, 0x20, 0x20, 0x20, 0x74, 0x69, 0x74, 0x6c, 0x65
  .byte 0x3d, 0x22, 0x50, 0x61, 0x72, 0x69, 0x73, 0x2c, 0x20, 0x46, 0x72, 0x61, 0x6e, 0x63, 0x65, 0x22
  .byte 0x0a, 0x20, 0x20, 0x20, 0x20, 0x20, 0x20, 0x20, 0x20, 0x20, 0x20, 0x20, 0x20, 0x73, 0x75, 0x62
  .byte 0x74, 0x69, 0x74, 0x6c, 0x65, 0x3d, 0x22, 0x54, 0x68, 0x65, 0x20, 0x43, 0x69, 0x74, 0x79, 0x20
  .byte 0x6f, 0x66, 0x20, 0x4c, 0x69, 0x67, 0x68, 0x74, 0x22, 0x0a, 0x20, 0x20, 0x20, 0x20, 0x20, 0x20
  .byte 0x20, 0x20, 0x20, 0x20, 0x20, 0x20, 0x61, 0x63, 0x74, 0x69, 0x6f, 0x6e, 0x73, 0x3d, 0x7b, 0x5b
  .byte 0x3c, 0x49, 0x63, 0x6f, 0x6e, 0x42, 0x75, 0x74, 0x74, 0x6f, 0x6e, 0x20, 0x76, 0x61, 0x72, 0x69
  .byte 0x61, 0x6e, 0x74, 0x3d, 0x22, 0x74, 0x65, 0x72, 0x74, 0x69, 0x61, 0x72, 0x79, 0x22, 0x20, 0x73
  .byte 0x69, 0x7a, 0x65, 0x3d, 0x22, 0x73, 0x6d, 0x61, 0x6c, 0x6c, 0x22, 0x20, 0x69, 0x63, 0x6f, 0x6e
  .byte 0x3d, 0x7b, 0x3c, 0x50, 0x6c, 0x61, 0x6e, 0x65, 0x54, 0x61, 0x6b, 0x65, 0x6f, 0x66, 0x66, 0x20
  .byte 0x2f, 0x3e, 0x7d, 0x20, 0x2f, 0x3e, 0x5d, 0x7d, 0x0a, 0x20, 0x20, 0x20, 0x20, 0x20, 0x20, 0x20
  .byte 0x20, 0x20, 0x20, 0x2f, 0x3e, 0x0a, 0x20, 0x20, 0x20, 0x20, 0x20, 0x20, 0x20, 0x20, 0x20, 0x20
  .byte 0x3c, 0x49, 0x6d, 0x61, 0x67, 0x65, 0x0a, 0x20, 0x20, 0x20, 0x20, 0x20, 0x20, 0x20, 0x20, 0x20
  .byte 0x20, 0x20, 0x20, 0x73, 0x72, 0x63, 0x3d, 0x22, 0x68, 0x74, 0x74, 0x70, 0x73, 0x3a, 0x2f, 0x2f
  .byte 0x69, 0x6d, 0x61, 0x67, 0x65, 0x73, 0x2e, 0x75, 0x6e, 0x73, 0x70, 0x6c, 0x61, 0x73, 0x68, 0x2e
  .byte 0x63, 0x6f, 0x6d, 0x2f, 0x70, 0x68, 0x6f, 0x74, 0x6f, 0x2d, 0x31, 0x35, 0x30, 0x32, 0x36, 0x30
  .byte 0x32, 0x38, 0x39, 0x38, 0x36, 0x35, 0x37, 0x2d, 0x33, 0x65, 0x39, 0x31, 0x37, 0x36, 0x30, 0x63
  .byte 0x62, 0x62, 0x33, 0x34, 0x22, 0x0a, 0x20, 0x20, 0x20, 0x20, 0x20, 0x20, 0x20, 0x20, 0x20, 0x20
  .byte 0x20, 0x20, 0x61, 0x6c, 0x74, 0x3d, 0x22, 0x45, 0x69, 0x66, 0x66, 0x65, 0x6c, 0x20, 0x54, 0x6f
  .byte 0x77, 0x65, 0x72, 0x20, 0x69, 0x6e, 0x20, 0x50, 0x61, 0x72, 0x69, 0x73, 0x22, 0x0a, 0x20, 0x20
  .byte 0x20, 0x20, 0x20, 0x20, 0x20, 0x20, 0x20, 0x20, 0x20, 0x20, 0x73, 0x63, 0x61, 0x6c, 0x65, 0x3d
  .byte 0x22, 0x66, 0x69, 0x6c, 0x6c, 0x22, 0x0a, 0x20, 0x20, 0x20, 0x20, 0x20, 0x20, 0x20, 0x20, 0x20
  .byte 0x20, 0x2f, 0x3e, 0x0a, 0x20, 0x20, 0x20, 0x20, 0x20, 0x20, 0x20, 0x20, 0x3c, 0x2f, 0x54, 0x61
  .byte 0x62, 0x73, 0x43, 0x6f, 0x6e, 0x74, 0x65, 0x6e, 0x74, 0x3e, 0x0a, 0x20, 0x20, 0x20, 0x20, 0x20
  .byte 0x20, 0x20, 0x20, 0x3c, 0x54, 0x61, 0x62, 0x73, 0x43, 0x6f, 0x6e, 0x74, 0x65, 0x6e, 0x74, 0x20
  .byte 0x76, 0x61, 0x6c, 0x75, 0x65, 0x3d, 0x22, 0x74, 0x61, 0x62, 0x32, 0x22, 0x3e, 0x0a, 0x20, 0x20
  .byte 0x20, 0x20, 0x20, 0x20, 0x20, 0x20, 0x20, 0x20, 0x3c, 0x43, 0x61, 0x72, 0x64, 0x48, 0x65, 0x61
  .byte 0x64, 0x65, 0x72, 0x0a, 0x20, 0x20, 0x20, 0x20, 0x20, 0x20, 0x20, 0x20, 0x20, 0x20, 0x20, 0x20
  .byte 0x74, 0x69, 0x74, 0x6c, 0x65, 0x3d, 0x22, 0x54, 0x6f, 0x6b, 0x79, 0x6f, 0x2c, 0x20, 0x4a, 0x61
  .byte 0x70, 0x61, 0x6e, 0x22, 0x0a, 0x20, 0x20, 0x20, 0x20, 0x20, 0x20, 0x20, 0x20, 0x20, 0x20, 0x20
  .byte 0x20, 0x73, 0x75, 0x62, 0x74, 0x69, 0x74, 0x6c, 0x65, 0x3d, 0x22, 0x57, 0x68, 0x65, 0x72, 0x65
  .byte 0x20, 0x54, 0x72, 0x61, 0x64, 0x69, 0x74, 0x69, 0x6f, 0x6e, 0x20, 0x4d, 0x65, 0x65, 0x74, 0x73
  .byte 0x20, 0x46, 0x75, 0x74, 0x75, 0x72, 0x65, 0x22, 0x0a, 0x20, 0x20, 0x20, 0x20, 0x20, 0x20, 0x20
  .byte 0x20, 0x20, 0x20, 0x20, 0x20, 0x61, 0x63, 0x74, 0x69, 0x6f, 0x6e, 0x73, 0x3d, 0x7b, 0x5b, 0x3c
  .byte 0x49, 0x63, 0x6f, 0x6e, 0x42, 0x75, 0x74, 0x74, 0x6f, 0x6e, 0x20, 0x76, 0x61, 0x72, 0x69, 0x61
  .byte 0x6e, 0x74, 0x3d, 0x22, 0x74, 0x65, 0x72, 0x74, 0x69, 0x61, 0x72, 0x79, 0x22, 0x20, 0x73, 0x69
  .byte 0x7a, 0x65, 0x3d, 0x22, 0x73, 0x6d, 0x61, 0x6c, 0x6c, 0x22, 0x20, 0x69, 0x63, 0x6f, 0x6e, 0x3d
  .byte 0x7b, 0x3c, 0x53, 0x68, 0x69, 0x70, 0x20, 0x2f, 0x3e, 0x7d, 0x20, 0x2f, 0x3e, 0x5d, 0x7d, 0x0a
  .byte 0x20, 0x20, 0x20, 0x20, 0x20, 0x20, 0x20, 0x20, 0x20, 0x20, 0x2f, 0x3e, 0x0a, 0x20, 0x20, 0x20
  .byte 0x20, 0x20, 0x20, 0x20, 0x20, 0x20, 0x20, 0x3c, 0x49, 0x6d, 0x61, 0x67, 0x65, 0x0a, 0x20, 0x20
  .byte 0x20, 0x20, 0x20, 0x20, 0x20, 0x20, 0x20, 0x20, 0x20, 0x20, 0x73, 0x72, 0x63, 0x3d, 0x22, 0x68
  .byte 0x74, 0x74, 0x70, 0x73, 0x3a, 0x2f, 0x2f, 0x69, 0x6d, 0x61, 0x67, 0x65, 0x73, 0x2e, 0x75, 0x6e
  .byte 0x73, 0x70, 0x6c, 0x61, 0x73, 0x68, 0x2e, 0x63, 0x6f, 0x6d, 0x2f, 0x70, 0x68, 0x6f, 0x74, 0x6f
  .byte 0x2d, 0x31, 0x35, 0x33, 0x36, 0x30, 0x39, 0x38, 0x35, 0x36, 0x31, 0x37, 0x34, 0x32, 0x2d, 0x63
  .byte 0x61, 0x39, 0x39, 0x38, 0x65, 0x34, 0x38, 0x63, 0x62, 0x63, 0x63, 0x22, 0x0a, 0x20, 0x20, 0x20
  .byte 0x20, 0x20, 0x20, 0x20, 0x20, 0x20, 0x20, 0x20, 0x20, 0x61, 0x6c, 0x74, 0x3d, 0x22, 0x54, 0x6f
  .byte 0x6b, 0x79, 0x6f, 0x20, 0x63, 0x69, 0x74, 0x79, 0x73, 0x63, 0x61, 0x70, 0x65, 0x20, 0x77, 0x69
  .byte 0x74, 0x68, 0x20, 0x4d, 0x6f, 0x75, 0x6e, 0x74, 0x20, 0x46, 0x75, 0x6a, 0x69, 0x22, 0x0a, 0x20
  .byte 0x20, 0x20, 0x20, 0x20, 0x20, 0x20, 0x20, 0x20, 0x20, 0x20, 0x20, 0x73, 0x63, 0x61, 0x6c, 0x65
  .byte 0x3d, 0x22, 0x66, 0x69, 0x6c, 0x6c, 0x22, 0x0a, 0x20, 0x20, 0x20, 0x20, 0x20, 0x20, 0x20, 0x20
  .byte 0x20, 0x20, 0x2f, 0x3e, 0x0a, 0x20, 0x20, 0x20, 0x20, 0x20, 0x20, 0x20, 0x20, 0x3c, 0x2f, 0x54
  .byte 0x61, 0x62, 0x73, 0x43, 0x6f, 0x6e, 0x74, 0x65, 0x6e, 0x74, 0x3e, 0x0a, 0x20, 0x20, 0x20, 0x20
  .byte 0x20, 0x20, 0x20, 0x20, 0x3c, 0x54, 0x61, 0x62, 0x73, 0x43, 0x6f, 0x6e, 0x74, 0x65, 0x6e, 0x74
  .byte 0x20, 0x76, 0x61, 0x6c, 0x75, 0x65, 0x3d, 0x22, 0x74, 0x61, 0x62, 0x33, 0x22, 0x3e, 0x0a, 0x20
  .byte 0x20, 0x20, 0x20, 0x20, 0x20, 0x20, 0x20, 0x20, 0x20, 0x3c, 0x43, 0x61, 0x72, 0x64, 0x48, 0x65
  .byte 0x61, 0x64, 0x65, 0x72, 0x0a, 0x20, 0x20, 0x20, 0x20, 0x20, 0x20, 0x20, 0x20, 0x20, 0x20, 0x20
  .byte 0x20, 0x74, 0x69, 0x74, 0x6c, 0x65, 0x3d, 0x22, 0x4e, 0x65, 0x77, 0x20, 0x59, 0x6f, 0x72, 0x6b
  .byte 0x20, 0x43, 0x69, 0x74, 0x79, 0x2c, 0x20, 0x55, 0x53, 0x41, 0x22, 0x0a, 0x20, 0x20, 0x20, 0x20
  .byte 0x20, 0x20, 0x20, 0x20, 0x20, 0x20, 0x20, 0x20, 0x73, 0x75, 0x62, 0x74, 0x69, 0x74, 0x6c, 0x65
  .byte 0x3d, 0x22, 0x54, 0x68, 0x65, 0x20, 0x43, 0x69, 0x74, 0x79, 0x20, 0x54, 0x68, 0x61, 0x74, 0x20
  .byte 0x4e, 0x65, 0x76, 0x65, 0x72, 0x20, 0x53, 0x6c, 0x65, 0x65, 0x70, 0x73, 0x22, 0x0a, 0x20, 0x20
  .byte 0x20, 0x20, 0x20, 0x20, 0x20, 0x20, 0x20, 0x20, 0x20, 0x20, 0x61, 0x63, 0x74, 0x69, 0x6f, 0x6e
  .byte 0x73, 0x3d, 0x7b, 0x5b, 0x3c, 0x49, 0x63, 0x6f, 0x6e, 0x42, 0x75, 0x74, 0x74, 0x6f, 0x6e, 0x20
  .byte 0x76, 0x61, 0x72, 0x69, 0x61, 0x6e, 0x74, 0x3d, 0x22, 0x74, 0x65, 0x72, 0x74, 0x69, 0x61, 0x72
  .byte 0x79, 0x22, 0x20, 0x73, 0x69, 0x7a, 0x65, 0x3d, 0x22, 0x73, 0x6d, 0x61, 0x6c, 0x6c, 0x22, 0x20
  .byte 0x69, 0x63, 0x6f, 0x6e, 0x3d, 0x7b, 0x3c, 0x42, 0x75, 0x73, 0x46, 0x72, 0x6f, 0x6e, 0x74, 0x20
  .byte 0x2f, 0x3e, 0x7d, 0x20, 0x2f, 0x3e, 0x5d, 0x7d, 0x0a, 0x20, 0x20, 0x20, 0x20, 0x20, 0x20, 0x20
  .byte 0x20, 0x20, 0x20, 0x2f, 0x3e, 0x0a, 0x20, 0x20, 0x20, 0x20, 0x20, 0x20, 0x20, 0x20, 0x20, 0x20
  .byte 0x3c, 0x49, 0x6d, 0x61, 0x67, 0x65, 0x0a, 0x20, 0x20, 0x20, 0x20, 0x20, 0x20, 0x20, 0x20, 0x20
  .byte 0x20, 0x20, 0x20, 0x73, 0x72, 0x63, 0x3d, 0x22, 0x68, 0x74, 0x74, 0x70, 0x73, 0x3a, 0x2f, 0x2f
  .byte 0x69, 0x6d, 0x61, 0x67, 0x65, 0x73, 0x2e, 0x75, 0x6e, 0x73, 0x70, 0x6c, 0x61, 0x73, 0x68, 0x2e
  .byte 0x63, 0x6f, 0x6d, 0x2f, 0x70, 0x68, 0x6f, 0x74, 0x6f, 0x2d, 0x31, 0x34, 0x39, 0x36, 0x34, 0x34
  .byte 0x32, 0x32, 0x32, 0x36, 0x36, 0x36, 0x36, 0x2d, 0x38, 0x64, 0x34, 0x64, 0x30, 0x65, 0x36, 0x32
  .byte 0x65, 0x36, 0x65, 0x39, 0x22, 0x0a, 0x20, 0x20, 0x20, 0x20, 0x20, 0x20, 0x20, 0x20, 0x20, 0x20
  .byte 0x20, 0x20, 0x61, 0x6c, 0x74, 0x3d, 0x22, 0x4e, 0x65, 0x77, 0x20, 0x59, 0x6f, 0x72, 0x6b, 0x20
  .byte 0x43, 0x69, 0x74, 0x79, 0x20, 0x73, 0x6b, 0x79, 0x6c, 0x69, 0x6e, 0x65, 0x22, 0x0a, 0x20, 0x20
  .byte 0x20, 0x20, 0x20, 0x20, 0x20, 0x20, 0x20, 0x20, 0x20, 0x20, 0x73, 0x63, 0x61, 0x6c, 0x65, 0x3d
  .byte 0x22, 0x66, 0x69, 0x6c, 0x6c, 0x22, 0x0a, 0x20, 0x20, 0x20, 0x20, 0x20, 0x20, 0x20, 0x20, 0x20
  .byte 0x20, 0x2f, 0x3e, 0x0a, 0x20, 0x20, 0x20, 0x20, 0x20, 0x20, 0x20, 0x20, 0x3c, 0x2f, 0x54, 0x61
  .byte 0x62, 0x73, 0x43, 0x6f, 0x6e, 0x74, 0x65, 0x6e, 0x74, 0x3e, 0x0a, 0x20, 0x20, 0x20, 0x20, 0x20
  .byte 0x20, 0x3c, 0x2f, 0x54, 0x61, 0x62, 0x73, 0x3e, 0x0a, 0x20, 0x20, 0x20, 0x20, 0x3c, 0x2f, 0x43
  .byte 0x61, 0x72, 0x64, 0x3e, 0x0a, 0x20, 0x20, 0x29, 0x2c, 0x0a, 0x7d, 0x3b, 0x0a, 0x0a, 0x65, 0x78
  .byte 0x70, 0x6f, 0x72, 0x74, 0x20, 0x63, 0x6f, 0x6e, 0x73, 0x74, 0x20, 0x49, 0x63, 0x6f, 0x6e, 0x54
  .byte 0x69, 0x74, 0x6c, 0x65, 0x3a, 0x20, 0x53, 0x74, 0x6f, 0x72, 0x79, 0x20, 0x3d, 0x20, 0x7b, 0x0a
  .byte 0x20, 0x20, 0x61, 0x72, 0x67, 0x73, 0x3a, 0x20, 0x7b, 0x0a, 0x20, 0x20, 0x20, 0x20, 0x76, 0x61
  .byte 0x72, 0x69, 0x61, 0x6e, 0x74, 0x3a, 0x20, 0x22, 0x63, 0x6c, 0x65, 0x61, 0x72, 0x22, 0x2c, 0x0a
  .byte 0x20, 0x20, 0x20, 0x20, 0x64, 0x65, 0x66, 0x61, 0x75, 0x6c, 0x74, 0x56, 0x61, 0x6c, 0x75, 0x65
  .byte 0x3a, 0x20, 0x22, 0x74, 0x61, 0x62, 0x31, 0x22, 0x2c, 0x0a, 0x20, 0x20, 0x7d, 0x2c, 0x0a, 0x20
  .byte 0x20, 0x72, 0x65, 0x6e, 0x64, 0x65, 0x72, 0x3a, 0x20, 0x28, 0x61, 0x72, 0x67, 0x73, 0x29, 0x20
  .byte 0x3d, 0x3e, 0x20, 0x28, 0x0a, 0x20, 0x20, 0x20, 0x20, 0x3c, 0x54, 0x61, 0x62, 0x73, 0x20, 0x7b
  .byte 0x2e, 0x2e, 0x2e, 0x61, 0x72, 0x67, 0x73, 0x7d, 0x3e, 0x0a, 0x20, 0x20, 0x20, 0x20, 0x20, 0x20
  .byte 0x3c, 0x54, 0x61, 0x62, 0x73, 0x4c, 0x69, 0x73, 0x74, 0x20, 0x76, 0x61, 0x72, 0x69, 0x61, 0x6e
  .byte 0x74, 0x3d, 0x22, 0x69, 0x63, 0x6f, 0x6e, 0x54, 0x69, 0x74, 0x6c, 0x65, 0x22, 0x3e, 0x0a, 0x20
  .byte 0x20, 0x20, 0x20, 0x20, 0x20, 0x20, 0x20, 0x3c, 0x54, 0x61, 0x62, 0x73, 0x54, 0x72, 0x69, 0x67
  .byte 0x67, 0x65, 0x72, 0x20, 0x76, 0x61, 0x6c, 0x75, 0x65, 0x3d, 0x22, 0x74, 0x61, 0x62, 0x31, 0x22
  .byte 0x20, 0x74, 0x65, 0x78, 0x74, 0x3d, 0x22, 0x56, 0x65, 0x6e, 0x69, 0x63, 0x65, 0x22, 0x20, 0x69
  .byte 0x63, 0x6f, 0x6e, 0x3d, 0x7b, 0x3c, 0x50, 0x6c, 0x61, 0x6e, 0x65, 0x54, 0x61, 0x6b, 0x65, 0x6f
  .byte 0x66, 0x66, 0x20, 0x2f, 0x3e, 0x7d, 0x20, 0x2f, 0x3e, 0x0a, 0x20, 0x20, 0x20, 0x20, 0x20, 0x20
  .byte 0x20, 0x20, 0x3c, 0x54, 0x61, 0x62, 0x73, 0x54, 0x72, 0x69, 0x67, 0x67, 0x65, 0x72, 0x20, 0x76
  .byte 0x61, 0x6c, 0x75, 0x65, 0x3d, 0x22, 0x74, 0x61, 0x62, 0x32, 0x22, 0x20, 0x74, 0x65, 0x78, 0x74
  .byte 0x3d, 0x22, 0x4b, 0x79, 0x6f, 0x74, 0x6f, 0x22, 0x20, 0x69, 0x63, 0x6f, 0x6e, 0x3d, 0x7b, 0x3c
  .byte 0x53, 0x68, 0x69, 0x70, 0x20, 0x2f, 0x3e, 0x7d, 0x20, 0x2f, 0x3e, 0x0a, 0x20, 0x20, 0x20, 0x20
  .byte 0x20, 0x20, 0x20, 0x20, 0x3c, 0x54, 0x61, 0x62, 0x73, 0x54, 0x72, 0x69, 0x67, 0x67, 0x65, 0x72
  .byte 0x20, 0x76, 0x61, 0x6c, 0x75, 0x65, 0x3d, 0x22, 0x74, 0x61, 0x62, 0x33, 0x22, 0x20, 0x74, 0x65
  .byte 0x78, 0x74, 0x3d, 0x22, 0x44, 0x75, 0x62, 0x61, 0x69, 0x22, 0x20, 0x69, 0x63, 0x6f, 0x6e, 0x3d
  .byte 0x7b, 0x3c, 0x42, 0x75, 0x73, 0x46, 0x72, 0x6f, 0x6e, 0x74, 0x20, 0x2f, 0x3e, 0x7d, 0x20, 0x2f
  .byte 0x3e, 0x0a, 0x20, 0x20, 0x20, 0x20, 0x20, 0x20, 0x3c, 0x2f, 0x54, 0x61, 0x62, 0x73, 0x4c, 0x69
  .byte 0x73, 0x74, 0x3e, 0x0a, 0x20, 0x20, 0x20, 0x20, 0x20, 0x20, 0x3c, 0x54, 0x61, 0x62, 0x73, 0x43
  .byte 0x6f, 0x6e, 0x74, 0x65, 0x6e, 0x74, 0x20, 0x76, 0x61, 0x6c, 0x75, 0x65, 0x3d, 0x22, 0x74, 0x61
  .byte 0x62, 0x31, 0x22, 0x3e, 0x0a, 0x20, 0x20, 0x20, 0x20, 0x20, 0x20, 0x20, 0x20, 0x3c, 0x43, 0x61
  .byte 0x72, 0x64, 0x48, 0x65, 0x61, 0x64, 0x65, 0x72, 0x20, 0x74, 0x69, 0x74, 0x6c, 0x65, 0x3d, 0x22
  .byte 0x56, 0x65, 0x6e, 0x69, 0x63, 0x65, 0x2c, 0x20, 0x49, 0x74, 0x61, 0x6c, 0x79, 0x22, 0x20, 0x73
  .byte 0x75, 0x62, 0x74, 0x69, 0x74, 0x6c, 0x65, 0x3d, 0x22, 0x54, 0x68, 0x65, 0x20, 0x46, 0x6c, 0x6f
  .byte 0x61, 0x74, 0x69, 0x6e, 0x67, 0x20, 0x43, 0x69, 0x74, 0x79, 0x22, 0x20, 0x2f, 0x3e, 0x0a, 0x20
  .byte 0x20, 0x20, 0x20, 0x20, 0x20, 0x3c, 0x2f, 0x54, 0x61, 0x62, 0x73, 0x43, 0x6f, 0x6e, 0x74, 0x65
  .byte 0x6e, 0x74, 0x3e, 0x0a, 0x20, 0x20, 0x20, 0x20, 0x20, 0x20, 0x3c, 0x54, 0x61, 0x62, 0x73, 0x43
  .byte 0x6f, 0x6e, 0x74, 0x65, 0x6e, 0x74, 0x20, 0x76, 0x61, 0x6c, 0x75, 0x65, 0x3d, 0x22, 0x74, 0x61
  .byte 0x62, 0x32, 0x22, 0x3e, 0x0a, 0x20, 0x20, 0x20, 0x20, 0x20, 0x20, 0x20, 0x20, 0x3c, 0x43, 0x61
  .byte 0x72, 0x64, 0x48, 0x65, 0x61, 0x64, 0x65, 0x72, 0x20, 0x74, 0x69, 0x74, 0x6c, 0x65, 0x3d, 0x22
  .byte 0x4b, 0x79, 0x6f, 0x74, 0x6f, 0x2c, 0x20, 0x4a, 0x61, 0x70, 0x61, 0x6e, 0x22, 0x20, 0x73, 0x75
  .byte 0x62, 0x74, 0x69, 0x74, 0x6c, 0x65, 0x3d, 0x22, 0x54, 0x68, 0x65, 0x20, 0x43, 0x75, 0x6c, 0x74
  .byte 0x75, 0x72, 0x61, 0x6c, 0x20, 0x48, 0x65, 0x61, 0x72, 0x74, 0x20, 0x6f, 0x66, 0x20, 0x4a, 0x61
  .byte 0x70, 0x61, 0x6e, 0x22, 0x20, 0x2f, 0x3e, 0x0a, 0x20, 0x20, 0x20, 0x20, 0x20, 0x20, 0x3c, 0x2f
  .byte 0x54, 0x61, 0x62, 0x73, 0x43, 0x6f, 0x6e, 0x74, 0x65, 0x6e, 0x74, 0x3e, 0x0a, 0x20, 0x20, 0x20
  .byte 0x20, 0x20, 0x20, 0x3c, 0x54, 0x61, 0x62, 0x73, 0x43, 0x6f, 0x6e, 0x74, 0x65, 0x6e, 0x74, 0x20
  .byte 0x76, 0x61, 0x6c, 0x75, 0x65, 0x3d, 0x22, 0x74, 0x61, 0x62, 0x33, 0x22, 0x3e, 0x0a, 0x20, 0x20
  .byte 0x20, 0x20, 0x20, 0x20, 0x20, 0x20, 0x3c, 0x43, 0x61, 0x72, 0x64, 0x48, 0x65, 0x61, 0x64, 0x65
  .byte 0x72, 0x20, 0x74, 0x69, 0x74, 0x6c, 0x65, 0x3d, 0x22, 0x44, 0x75, 0x62, 0x61, 0x69, 0x2c, 0x20
  .byte 0x55, 0x41, 0x45, 0x22, 0x20, 0x73, 0x75, 0x62, 0x74, 0x69, 0x74, 0x6c, 0x65, 0x3d, 0x22, 0x43
  .byte 0x69, 0x74, 0x79, 0x20, 0x6f, 0x66, 0x20, 0x74, 0x68, 0x65, 0x20, 0x46, 0x75, 0x74, 0x75, 0x72
  .byte 0x65, 0x22, 0x20, 0x2f, 0x3e, 0x0a, 0x20, 0x20, 0x20, 0x20, 0x20, 0x20, 0x3c, 0x2f, 0x54, 0x61
  .byte 0x62, 0x73, 0x43, 0x6f, 0x6e, 0x74, 0x65, 0x6e, 0x74, 0x3e, 0x0a, 0x20, 0x20, 0x20, 0x20, 0x3c
  .byte 0x2f, 0x54, 0x61, 0x62, 0x73, 0x3e, 0x0a, 0x20, 0x20, 0x29, 0x2c, 0x0a, 0x7d, 0x3b, 0x0a, 0x0a
  .byte 0x65, 0x78, 0x70, 0x6f, 0x72, 0x74, 0x20, 0x63, 0x6f, 0x6e, 0x73, 0x74, 0x20, 0x49, 0x63, 0x6f
  .byte 0x6e, 0x54, 0x69, 0x74, 0x6c, 0x65, 0x53, 0x75, 0x62, 0x74, 0x65, 0x78, 0x74, 0x3a, 0x20, 0x53
  .byte 0x74, 0x6f, 0x72, 0x79, 0x20, 0x3d, 0x20, 0x7b, 0x0a, 0x20, 0x20, 0x61, 0x72, 0x67, 0x73, 0x3a
  .byte 0x20, 0x7b, 0x0a, 0x20, 0x20, 0x20, 0x20, 0x76, 0x61, 0x72, 0x69, 0x61, 0x6e, 0x74, 0x3a, 0x20
  .byte 0x22, 0x63, 0x6c, 0x65, 0x61, 0x72, 0x22, 0x2c, 0x0a, 0x20, 0x20, 0x20, 0x20, 0x64, 0x65, 0x66
  .byte 0x61, 0x75, 0x6c, 0x74, 0x56, 0x61, 0x6c, 0x75, 0x65, 0x3a, 0x20, 0x22, 0x74, 0x61, 0x62, 0x31
  .byte 0x22, 0x2c, 0x0a, 0x20, 0x20, 0x7d, 0x2c, 0x0a, 0x20, 0x20, 0x72, 0x65, 0x6e, 0x64, 0x65, 0x72
  .byte 0x3a, 0x20, 0x28, 0x61, 0x72, 0x67, 0x73, 0x29, 0x20, 0x3d, 0x3e, 0x20, 0x28, 0x0a, 0x20, 0x20
  .byte 0x20, 0x20, 0x3c, 0x54, 0x61, 0x62, 0x73, 0x20, 0x7b, 0x2e, 0x2e, 0x2e, 0x61, 0x72, 0x67, 0x73
  .byte 0x7d, 0x3e, 0x0a, 0x20, 0x20, 0x20, 0x20, 0x20, 0x20, 0x3c, 0x54, 0x61, 0x62, 0x73, 0x4c, 0x69
  .byte 0x73, 0x74, 0x20, 0x76, 0x61, 0x72, 0x69, 0x61, 0x6e, 0x74, 0x3d, 0x22, 0x69, 0x63, 0x6f, 0x6e
  .byte 0x54, 0x69, 0x74, 0x6c, 0x65, 0x53, 0x75, 0x62, 0x74, 0x65, 0x78, 0x74, 0x22, 0x3e, 0x0a, 0x20
  .byte 0x20, 0x20, 0x20, 0x20, 0x20, 0x20, 0x20, 0x3c, 0x54, 0x61, 0x62, 0x73, 0x54, 0x72, 0x69, 0x67
  .byte 0x67, 0x65, 0x72, 0x20, 0x76, 0x61, 0x6c, 0x75, 0x65, 0x3d, 0x22, 0x74, 0x61, 0x62, 0x31, 0x22
  .byte 0x20, 0x74, 0x65, 0x78, 0x74, 0x3d, 0x22, 0x56, 0x65, 0x6e, 0x69, 0x63, 0x65, 0x22, 0x20, 0x73
  .byte 0x75, 0x62, 0x74, 0x65, 0x78, 0x74, 0x3d, 0x22, 0x49, 0x74, 0x61, 0x6c, 0x79, 0x22, 0x20, 0x69
  .byte 0x63, 0x6f, 0x6e, 0x3d, 0x7b, 0x3c, 0x50, 0x6c, 0x61, 0x6e, 0x65, 0x54, 0x61, 0x6b, 0x65, 0x6f
  .byte 0x66, 0x66, 0x20, 0x2f, 0x3e, 0x7d, 0x20, 0x2f, 0x3e, 0x0a, 0x20, 0x20, 0x20, 0x20, 0x20, 0x20
  .byte 0x20, 0x20, 0x3c, 0x54, 0x61, 0x62, 0x73, 0x54, 0x72, 0x69, 0x67, 0x67, 0x65, 0x72, 0x20, 0x76
  .byte 0x61, 0x6c, 0x75, 0x65, 0x3d, 0x22, 0x74, 0x61, 0x62, 0x32, 0x22, 0x20, 0x74, 0x65, 0x78, 0x74
  .byte 0x3d, 0x22, 0x4b, 0x79, 0x6f, 0x74, 0x6f, 0x22, 0x20, 0x73, 0x75, 0x62, 0x74, 0x65, 0x78, 0x74
  .byte 0x3d, 0x22, 0x4a, 0x61, 0x70, 0x61, 0x6e, 0x22, 0x20, 0x69, 0x63, 0x6f, 0x6e, 0x3d, 0x7b, 0x3c
  .byte 0x53, 0x68, 0x69, 0x70, 0x20, 0x2f, 0x3e, 0x7d, 0x20, 0x2f, 0x3e, 0x0a, 0x20, 0x20, 0x20, 0x20
  .byte 0x20, 0x20, 0x20, 0x20, 0x3c, 0x54, 0x61, 0x62, 0x73, 0x54, 0x72, 0x69, 0x67, 0x67, 0x65, 0x72
  .byte 0x20, 0x76, 0x61, 0x6c, 0x75, 0x65, 0x3d, 0x22, 0x74, 0x61, 0x62, 0x33, 0x22, 0x20, 0x74, 0x65
  .byte 0x78, 0x74, 0x3d, 0x22, 0x44, 0x75, 0x62, 0x61, 0x69, 0x22, 0x20, 0x73, 0x75, 0x62, 0x74, 0x65
  .byte 0x78, 0x74, 0x3d, 0x22, 0x55, 0x41, 0x45, 0x22, 0x20, 0x69, 0x63, 0x6f, 0x6e, 0x3d, 0x7b, 0x3c
  .byte 0x42, 0x75, 0x73, 0x46, 0x72, 0x6f, 0x6e, 0x74, 0x20, 0x2f, 0x3e, 0x7d, 0x20, 0x2f, 0x3e, 0x0a
  .byte 0x20, 0x20, 0x20, 0x20, 0x20, 0x20, 0x3c, 0x2f, 0x54, 0x61, 0x62, 0x73, 0x4c, 0x69, 0x73, 0x74
  .byte 0x3e, 0x0a, 0x20, 0x20, 0x20, 0x20, 0x20, 0x20, 0x3c, 0x54, 0x61, 0x62, 0x73, 0x43, 0x6f, 0x6e
  .byte 0x74, 0x65, 0x6e, 0x74, 0x20, 0x76, 0x61, 0x6c, 0x75, 0x65, 0x3d, 0x22, 0x74, 0x61, 0x62, 0x31
  .byte 0x22, 0x3e, 0x0a, 0x20, 0x20, 0x20, 0x20, 0x20, 0x20, 0x20, 0x20, 0x3c, 0x43, 0x61, 0x72, 0x64
  .byte 0x48, 0x65, 0x61, 0x64, 0x65, 0x72, 0x20, 0x74, 0x69, 0x74, 0x6c, 0x65, 0x3d, 0x22, 0x56, 0x65
  .byte 0x6e, 0x69, 0x63, 0x65, 0x2c, 0x20, 0x49, 0x74, 0x61, 0x6c, 0x79, 0x22, 0x20, 0x73, 0x75, 0x62
  .byte 0x74, 0x69, 0x74, 0x6c, 0x65, 0x3d, 0x22, 0x54, 0x68, 0x65, 0x20, 0x46, 0x6c, 0x6f, 0x61, 0x74
  .byte 0x69, 0x6e, 0x67, 0x20, 0x43, 0x69, 0x74, 0x79, 0x22, 0x20, 0x2f, 0x3e, 0x0a, 0x20, 0x20, 0x20
  .byte 0x20, 0x20, 0x20, 0x3c, 0x2f, 0x54, 0x61, 0x62, 0x73, 0x43, 0x6f, 0x6e, 0x74, 0x65, 0x6e, 0x74
  .byte 0x3e, 0x0a, 0x20, 0x20, 0x20, 0x20, 0x20, 0x20, 0x3c, 0x54, 0x61, 0x62, 0x73, 0x43, 0x6f, 0x6e
  .byte 0x74, 0x65, 0x6e, 0x74, 0x20, 0x76, 0x61, 0x6c, 0x75, 0x65, 0x3d, 0x22, 0x74, 0x61, 0x62, 0x32
  .byte 0x22, 0x3e, 0x0a, 0x20, 0x20, 0x20, 0x20, 0x20, 0x20, 0x20, 0x20, 0x3c, 0x43, 0x61, 0x72, 0x64
  .byte 0x48, 0x65, 0x61, 0x64, 0x65, 0x72, 0x20, 0x74, 0x69, 0x74, 0x6c, 0x65, 0x3d, 0x22, 0x4b, 0x79
  .byte 0x6f, 0x74, 0x6f, 0x2c, 0x20, 0x4a, 0x61, 0x70, 0x61, 0x6e, 0x22, 0x20, 0x73, 0x75, 0x62, 0x74
  .byte 0x69, 0x74, 0x6c, 0x65, 0x3d, 0x22, 0x54, 0x68, 0x65, 0x20, 0x43, 0x75, 0x6c, 0x74, 0x75, 0x72
  .byte 0x61, 0x6c, 0x20, 0x48, 0x65, 0x61, 0x72, 0x74, 0x20, 0x6f, 0x66, 0x20, 0x4a, 0x61, 0x70, 0x61
  .byte 0x6e, 0x22, 0x20, 0x2f, 0x3e, 0x0a, 0x20, 0x20, 0x20, 0x20, 0x20, 0x20, 0x3c, 0x2f, 0x54, 0x61
  .byte 0x62, 0x73, 0x43, 0x6f, 0x6e, 0x74, 0x65, 0x6e, 0x74, 0x3e, 0x0a, 0x20, 0x20, 0x20, 0x20, 0x20
  .byte 0x20, 0x3c, 0x54, 0x61, 0x62, 0x73, 0x43, 0x6f, 0x6e, 0x74, 0x65, 0x6e, 0x74, 0x20, 0x76, 0x61
  .byte 0x6c, 0x75, 0x65, 0x3d, 0x22, 0x74, 0x61, 0x62, 0x33, 0x22, 0x3e, 0x0a, 0x20, 0x20, 0x20, 0x20
  .byte 0x20, 0x20, 0x20, 0x20, 0x3c, 0x43, 0x61, 0x72, 0x64, 0x48, 0x65, 0x61, 0x64, 0x65, 0x72, 0x20
  .byte 0x74, 0x69, 0x74, 0x6c, 0x65, 0x3d, 0x22, 0x44, 0x75, 0x62, 0x61, 0x69, 0x2c, 0x20, 0x55, 0x41
  .byte 0x45, 0x22, 0x20, 0x73, 0x75, 0x62, 0x74, 0x69, 0x74, 0x6c, 0x65, 0x3d, 0x22, 0x43, 0x69, 0x74
  .byte 0x79, 0x20, 0x6f, 0x66, 0x20, 0x74, 0x68, 0x65, 0x20, 0x46, 0x75, 0x74, 0x75, 0x72, 0x65, 0x22
  .byte 0x20, 0x2f, 0x3e, 0x0a, 0x20, 0x20, 0x20, 0x20, 0x20, 0x20, 0x3c, 0x2f, 0x54, 0x61, 0x62, 0x73
  .byte 0x43, 0x6f, 0x6e, 0x74, 0x65, 0x6e, 0x74, 0x3e, 0x0a, 0x20, 0x20, 0x20, 0x20, 0x3c, 0x2f, 0x54
  .byte 0x61, 0x62, 0x73, 0x3e, 0x0a, 0x20, 0x20, 0x29, 0x2c, 0x0a, 0x7d, 0x3b, 0x0a, 0x0a, 0x65, 0x78
  .byte 0x70, 0x6f, 0x72, 0x74, 0x20, 0x63, 0x6f, 0x6e, 0x73, 0x74, 0x20, 0x49, 0x6d, 0x61, 0x67, 0x65
  .byte 0x54, 0x69, 0x74, 0x6c, 0x65, 0x3a, 0x20, 0x53, 0x74, 0x6f, 0x72, 0x79, 0x20, 0x3d, 0x20, 0x7b
  .byte 0x0a, 0x20, 0x20, 0x61, 0x72, 0x67, 0x73, 0x3a, 0x20, 0x7b, 0x0a, 0x20, 0x20, 0x20, 0x20, 0x76
  .byte 0x61, 0x72, 0x69, 0x61, 0x6e, 0x74, 0x3a, 0x20, 0x22, 0x63, 0x6c, 0x65, 0x61, 0x72, 0x22, 0x2c
  .byte 0x0a, 0x20, 0x20, 0x20, 0x20, 0x64, 0x65, 0x66, 0x61, 0x75, 0x6c, 0x74, 0x56, 0x61, 0x6c, 0x75
  .byte 0x65, 0x3a, 0x20, 0x22, 0x74, 0x61, 0x62, 0x31, 0x22, 0x2c, 0x0a, 0x20, 0x20, 0x7d, 0x2c, 0x0a
  .byte 0x20, 0x20, 0x72, 0x65, 0x6e, 0x64, 0x65, 0x72, 0x3a, 0x20, 0x28, 0x61, 0x72, 0x67, 0x73, 0x29
  .byte 0x20, 0x3d, 0x3e, 0x20, 0x28, 0x0a, 0x20, 0x20, 0x20, 0x20, 0x3c, 0x54, 0x61, 0x62, 0x73, 0x20
  .byte 0x7b, 0x2e, 0x2e, 0x2e, 0x61, 0x72, 0x67, 0x73, 0x7d, 0x3e, 0x0a, 0x20, 0x20, 0x20, 0x20, 0x20
  .byte 0x20, 0x3c, 0x54, 0x61, 0x62, 0x73, 0x4c, 0x69, 0x73, 0x74, 0x20, 0x76, 0x61, 0x72, 0x69, 0x61
  .byte 0x6e, 0x74, 0x3d, 0x22, 0x69, 0x6d, 0x61, 0x67, 0x65, 0x54, 0x69, 0x74, 0x6c, 0x65, 0x22, 0x3e
  .byte 0x0a, 0x20, 0x20, 0x20, 0x20, 0x20, 0x20, 0x20, 0x20, 0x3c, 0x54, 0x61, 0x62, 0x73, 0x54, 0x72
  .byte 0x69, 0x67, 0x67, 0x65, 0x72, 0x0a, 0x20, 0x20, 0x20, 0x20, 0x20, 0x20, 0x20, 0x20, 0x20, 0x20
  .byte 0x76, 0x61, 0x6c, 0x75, 0x65, 0x3d, 0x22, 0x74, 0x61, 0x62, 0x31, 0x22, 0x0a, 0x20, 0x20, 0x20
  .byte 0x20, 0x20, 0x20, 0x20, 0x20, 0x20, 0x20, 0x74, 0x65, 0x78, 0x74, 0x3d, 0x22, 0x50, 0x61, 0x72
  .byte 0x69, 0x73, 0x22, 0x0a, 0x20, 0x20, 0x20, 0x20, 0x20, 0x20, 0x20, 0x20, 0x20, 0x20, 0x69, 0x6d
  .byte 0x61, 0x67, 0x65, 0x3d, 0x22, 0x68, 0x74, 0x74, 0x70, 0x73, 0x3a, 0x2f, 0x2f, 0x69, 0x6d, 0x61
  .byte 0x67, 0x65, 0x73, 0x2e, 0x75, 0x6e, 0x73, 0x70, 0x6c, 0x61, 0x73, 0x68, 0x2e, 0x63, 0x6f, 0x6d
  .byte 0x2f, 0x70, 0x68, 0x6f, 0x74, 0x6f, 0x2d, 0x31, 0x35, 0x30, 0x32, 0x36, 0x30, 0x32, 0x38, 0x39
  .byte 0x38, 0x36, 0x35, 0x37, 0x2d, 0x33, 0x65, 0x39, 0x31, 0x37, 0x36, 0x30, 0x63, 0x62, 0x62, 0x33
  .byte 0x34, 0x3f, 0x77, 0x3d, 0x36, 0x34, 0x22, 0x0a, 0x20, 0x20, 0x20, 0x20, 0x20, 0x20, 0x20, 0x20
  .byte 0x2f, 0x3e, 0x0a, 0x20, 0x20, 0x20, 0x20, 0x20, 0x20, 0x20, 0x20, 0x3c, 0x54, 0x61, 0x62, 0x73
  .byte 0x54, 0x72, 0x69, 0x67, 0x67, 0x65, 0x72, 0x0a, 0x20, 0x20, 0x20, 0x20, 0x20, 0x20, 0x20, 0x20
  .byte 0x20, 0x20, 0x76, 0x61, 0x6c, 0x75, 0x65, 0x3d, 0x22, 0x74, 0x61, 0x62, 0x32, 0x22, 0x0a, 0x20
  .byte 0x20, 0x20, 0x20, 0x20, 0x20, 0x20, 0x20, 0x20, 0x20, 0x74, 0x65, 0x78, 0x74, 0x3d, 0x22, 0x54
  .byte 0x6f, 0x6b, 0x79, 0x6f, 0x22, 0x0a, 0x20, 0x20, 0x20, 0x20, 0x20, 0x20, 0x20, 0x20, 0x20, 0x20
  .byte 0x69, 0x6d, 0x61, 0x67, 0x65, 0x3d, 0x22, 0x68, 0x74, 0x74, 0x70, 0x73, 0x3a, 0x2f, 0x2f, 0x69
  .byte 0x6d, 0x61, 0x67, 0x65, 0x73, 0x2e, 0x75, 0x6e, 0x73, 0x70, 0x6c, 0x61, 0x73, 0x68, 0x2e, 0x63
  .byte 0x6f, 0x6d, 0x2f, 0x70, 0x68, 0x6f, 0x74, 0x6f, 0x2d, 0x31, 0x35, 0x33, 0x36, 0x30, 0x39, 0x38
  .byte 0x35, 0x36, 0x31, 0x37, 0x34, 0x32, 0x2d, 0x63, 0x61, 0x39, 0x39, 0x38, 0x65, 0x34, 0x38, 0x63
  .byte 0x62, 0x63, 0x63, 0x3f, 0x77, 0x3d, 0x36, 0x34, 0x22, 0x0a, 0x20, 0x20, 0x20, 0x20, 0x20, 0x20
  .byte 0x20, 0x20, 0x2f, 0x3e, 0x0a, 0x20, 0x20, 0x20, 0x20, 0x20, 0x20, 0x20, 0x20, 0x3c, 0x54, 0x61
  .byte 0x62, 0x73, 0x54, 0x72, 0x69, 0x67, 0x67, 0x65, 0x72, 0x0a, 0x20, 0x20, 0x20, 0x20, 0x20, 0x20
  .byte 0x20, 0x20, 0x20, 0x20, 0x76, 0x61, 0x6c, 0x75, 0x65, 0x3d, 0x22, 0x74, 0x61, 0x62, 0x33, 0x22
  .byte 0x0a, 0x20, 0x20, 0x20, 0x20, 0x20, 0x20, 0x20, 0x20, 0x20, 0x20, 0x74, 0x65, 0x78, 0x74, 0x3d
  .byte 0x22, 0x4e, 0x65, 0x77, 0x20, 0x59, 0x6f, 0x72, 0x6b, 0x22, 0x0a, 0x20, 0x20, 0x20, 0x20, 0x20
  .byte 0x20, 0x20, 0x20, 0x20, 0x20, 0x69, 0x6d, 0x61, 0x67, 0x65, 0x3d, 0x22, 0x68, 0x74, 0x74, 0x70
  .byte 0x73, 0x3a, 0x2f, 0x2f, 0x69, 0x6d, 0x61, 0x67, 0x65, 0x73, 0x2e, 0x75, 0x6e, 0x73, 0x70, 0x6c
  .byte 0x61, 0x73, 0x68, 0x2e, 0x63, 0x6f, 0x6d, 0x2f, 0x70, 0x68, 0x6f, 0x74, 0x6f, 0x2d, 0x31, 0x34
  .byte 0x39, 0x36, 0x34, 0x34, 0x32, 0x32, 0x32, 0x36, 0x36, 0x36, 0x36, 0x2d, 0x38, 0x64, 0x34, 0x64
  .byte 0x30, 0x65, 0x36, 0x32, 0x65, 0x36, 0x65, 0x39, 0x3f, 0x77, 0x3d, 0x36, 0x34, 0x22, 0x0a, 0x20
  .byte 0x20, 0x20, 0x20, 0x20, 0x20, 0x20, 0x20, 0x2f, 0x3e, 0x0a, 0x20, 0x20, 0x20, 0x20, 0x20, 0x20
  .byte 0x3c, 0x2f, 0x54, 0x61, 0x62, 0x73, 0x4c, 0x69, 0x73, 0x74, 0x3e, 0x0a, 0x20, 0x20, 0x20, 0x20
  .byte 0x20, 0x20, 0x3c, 0x54, 0x61, 0x62, 0x73, 0x43, 0x6f, 0x6e, 0x74, 0x65, 0x6e, 0x74, 0x20, 0x76
  .byte 0x61, 0x6c, 0x75, 0x65, 0x3d, 0x22, 0x74, 0x61, 0x62, 0x31, 0x22, 0x3e, 0x0a, 0x20, 0x20, 0x20
  .byte 0x20, 0x20, 0x20, 0x20, 0x20, 0x3c, 0x43, 0x61, 0x72, 0x64, 0x48, 0x65, 0x61, 0x64, 0x65, 0x72
  .byte 0x20, 0x74, 0x69, 0x74, 0x6c, 0x65, 0x3d, 0x22, 0x50, 0x61, 0x72, 0x69, 0x73, 0x2c, 0x20, 0x46
  .byte 0x72, 0x61, 0x6e, 0x63, 0x65, 0x22, 0x20, 0x73, 0x75, 0x62, 0x74, 0x69, 0x74, 0x6c, 0x65, 0x3d
  .byte 0x22, 0x54, 0x68, 0x65, 0x20, 0x43, 0x69, 0x74, 0x79, 0x20, 0x6f, 0x66, 0x20, 0x4c, 0x69, 0x67
  .byte 0x68, 0x74, 0x22, 0x20, 0x2f, 0x3e, 0x0a, 0x20, 0x20, 0x20, 0x20, 0x20, 0x20, 0x3c, 0x2f, 0x54
  .byte 0x61, 0x62, 0x73, 0x43, 0x6f, 0x6e, 0x74, 0x65, 0x6e, 0x74, 0x3e, 0x0a, 0x20, 0x20, 0x20, 0x20
  .byte 0x20, 0x20, 0x3c, 0x54, 0x61, 0x62, 0x73, 0x43, 0x6f, 0x6e, 0x74, 0x65, 0x6e, 0x74, 0x20, 0x76
  .byte 0x61, 0x6c, 0x75, 0x65, 0x3d, 0x22, 0x74, 0x61, 0x62, 0x32, 0x22, 0x3e, 0x0a, 0x20, 0x20, 0x20
  .byte 0x20, 0x20, 0x20, 0x20, 0x20, 0x3c, 0x43, 0x61, 0x72, 0x64, 0x48, 0x65, 0x61, 0x64, 0x65, 0x72
  .byte 0x20, 0x74, 0x69, 0x74, 0x6c, 0x65, 0x3d, 0x22, 0x54, 0x6f, 0x6b, 0x79, 0x6f, 0x2c, 0x20, 0x4a
  .byte 0x61, 0x70, 0x61, 0x6e, 0x22, 0x20, 0x73, 0x75, 0x62, 0x74, 0x69, 0x74, 0x6c, 0x65, 0x3d, 0x22
  .byte 0x57, 0x68, 0x65, 0x72, 0x65, 0x20, 0x54, 0x72, 0x61, 0x64, 0x69, 0x74, 0x69, 0x6f, 0x6e, 0x20
  .byte 0x4d, 0x65, 0x65, 0x74, 0x73, 0x20, 0x46, 0x75, 0x74, 0x75, 0x72, 0x65, 0x22, 0x20, 0x2f, 0x3e
  .byte 0x0a, 0x20, 0x20, 0x20, 0x20, 0x20, 0x20, 0x3c, 0x2f, 0x54, 0x61, 0x62, 0x73, 0x43, 0x6f, 0x6e
  .byte 0x74, 0x65, 0x6e, 0x74, 0x3e, 0x0a, 0x20, 0x20, 0x20, 0x20, 0x20, 0x20, 0x3c, 0x54, 0x61, 0x62
  .byte 0x73, 0x43, 0x6f, 0x6e, 0x74, 0x65, 0x6e, 0x74, 0x20, 0x76, 0x61, 0x6c, 0x75, 0x65, 0x3d, 0x22
  .byte 0x74, 0x61, 0x62, 0x33, 0x22, 0x3e, 0x0a, 0x20, 0x20, 0x20, 0x20, 0x20, 0x20, 0x20, 0x20, 0x3c
  .byte 0x43, 0x61, 0x72, 0x64, 0x48, 0x65, 0x61, 0x64, 0x65, 0x72, 0x20, 0x74, 0x69, 0x74, 0x6c, 0x65
  .byte 0x3d, 0x22, 0x4e, 0x65, 0x77, 0x20, 0x59, 0x6f, 0x72, 0x6b, 0x20, 0x43, 0x69, 0x74, 0x79, 0x2c
  .byte 0x20, 0x55, 0x53, 0x41, 0x22, 0x20, 0x73, 0x75, 0x62, 0x74, 0x69, 0x74, 0x6c, 0x65, 0x3d, 0x22
  .byte 0x54, 0x68, 0x65, 0x20, 0x43, 0x69, 0x74, 0x79, 0x20, 0x54, 0x68, 0x61, 0x74, 0x20, 0x4e, 0x65
  .byte 0x76, 0x65, 0x72, 0x20, 0x53, 0x6c, 0x65, 0x65, 0x70, 0x73, 0x22, 0x20, 0x2f, 0x3e, 0x0a, 0x20
  .byte 0x20, 0x20, 0x20, 0x20, 0x20, 0x3c, 0x2f, 0x54, 0x61, 0x62, 0x73, 0x43, 0x6f, 0x6e, 0x74, 0x65
  .byte 0x6e, 0x74, 0x3e, 0x0a, 0x20, 0x20, 0x20, 0x20, 0x3c, 0x2f, 0x54, 0x61, 0x62, 0x73, 0x3e, 0x0a
  .byte 0x20, 0x20, 0x29, 0x2c, 0x0a, 0x7d, 0x3b, 0x0a, 0x0a, 0x65, 0x78, 0x70, 0x6f, 0x72, 0x74, 0x20
  .byte 0x63, 0x6f, 0x6e, 0x73, 0x74, 0x20, 0x49, 0x6d, 0x61, 0x67, 0x65, 0x54, 0x69, 0x74, 0x6c, 0x65
  .byte 0x53, 0x75, 0x62, 0x74, 0x65, 0x78, 0x74, 0x3a, 0x20, 0x53, 0x74, 0x6f, 0x72, 0x79, 0x20, 0x3d
  .byte 0x20, 0x7b, 0x0a, 0x20, 0x20, 0x61, 0x72, 0x67, 0x73, 0x3a, 0x20, 0x7b, 0x0a, 0x20, 0x20, 0x20
  .byte 0x20, 0x76, 0x61, 0x72, 0x69, 0x61, 0x6e, 0x74, 0x3a, 0x20, 0x22, 0x63, 0x6c, 0x65, 0x61, 0x72
  .byte 0x22, 0x2c, 0x0a, 0x20, 0x20, 0x20, 0x20, 0x64, 0x65, 0x66, 0x61, 0x75, 0x6c, 0x74, 0x56, 0x61
  .byte 0x6c, 0x75, 0x65, 0x3a, 0x20, 0x22, 0x74, 0x61, 0x62, 0x31, 0x22, 0x2c, 0x0a, 0x20, 0x20, 0x7d
  .byte 0x2c, 0x0a, 0x20, 0x20, 0x72, 0x65, 0x6e, 0x64, 0x65, 0x72, 0x3a, 0x20, 0x28, 0x61, 0x72, 0x67
  .byte 0x73, 0x29, 0x20, 0x3d, 0x3e, 0x20, 0x28, 0x0a, 0x20, 0x20, 0x20, 0x20, 0x3c, 0x54, 0x61, 0x62
  .byte 0x73, 0x20, 0x7b, 0x2e, 0x2e, 0x2e, 0x61, 0x72, 0x67, 0x73, 0x7d, 0x3e, 0x0a, 0x20, 0x20, 0x20
  .byte 0x20, 0x20, 0x20, 0x3c, 0x54, 0x61, 0x62, 0x73, 0x4c, 0x69, 0x73, 0x74, 0x20, 0x76, 0x61, 0x72
  .byte 0x69, 0x61, 0x6e, 0x74, 0x3d, 0x22, 0x69, 0x6d, 0x61, 0x67, 0x65, 0x54, 0x69, 0x74, 0x6c, 0x65
  .byte 0x53, 0x75, 0x62, 0x74, 0x65, 0x78, 0x74, 0x22, 0x3e, 0x0a, 0x20, 0x20, 0x20, 0x20, 0x20, 0x20
  .byte 0x20, 0x20, 0x3c, 0x54, 0x61, 0x62, 0x73, 0x54, 0x72, 0x69, 0x67, 0x67, 0x65, 0x72, 0x0a, 0x20
  .byte 0x20, 0x20, 0x20, 0x20, 0x20, 0x20, 0x20, 0x20, 0x20, 0x76, 0x61, 0x6c, 0x75, 0x65, 0x3d, 0x22
  .byte 0x74, 0x61, 0x62, 0x31, 0x22, 0x0a, 0x20, 0x20, 0x20, 0x20, 0x20, 0x20, 0x20, 0x20, 0x20, 0x20
  .byte 0x74, 0x65, 0x78, 0x74, 0x3d, 0x22, 0x50, 0x61, 0x72, 0x69, 0x73, 0x22, 0x0a, 0x20, 0x20, 0x20
  .byte 0x20, 0x20, 0x20, 0x20, 0x20, 0x20, 0x20, 0x73, 0x75, 0x62, 0x74, 0x65, 0x78, 0x74, 0x3d, 0x22
  .byte 0x46, 0x72, 0x61, 0x6e, 0x63, 0x65, 0x22, 0x0a, 0x20, 0x20, 0x20, 0x20, 0x20, 0x20, 0x20, 0x20
  .byte 0x20, 0x20, 0x69, 0x6d, 0x61, 0x67, 0x65, 0x3d, 0x22, 0x68, 0x74, 0x74, 0x70, 0x73, 0x3a, 0x2f
  .byte 0x2f, 0x69, 0x6d, 0x61, 0x67, 0x65, 0x73, 0x2e, 0x75, 0x6e, 0x73, 0x70, 0x6c, 0x61, 0x73, 0x68
  .byte 0x2e, 0x63, 0x6f, 0x6d, 0x2f, 0x70, 0x68, 0x6f, 0x74, 0x6f, 0x2d, 0x31, 0x35, 0x30, 0x32, 0x36
  .byte 0x30, 0x32, 0x38, 0x39, 0x38, 0x36, 0x35, 0x37, 0x2d, 0x33, 0x65, 0x39, 0x31, 0x37, 0x36, 0x30
  .byte 0x63, 0x62, 0x62, 0x33, 0x34, 0x3f, 0x77, 0x3d, 0x36, 0x34, 0x22, 0x0a, 0x20, 0x20, 0x20, 0x20
  .byte 0x20, 0x20, 0x20, 0x20, 0x2f, 0x3e, 0x0a, 0x20, 0x20, 0x20, 0x20, 0x20, 0x20, 0x20, 0x20, 0x3c
  .byte 0x54, 0x61, 0x62, 0x73, 0x54, 0x72, 0x69, 0x67, 0x67, 0x65, 0x72, 0x0a, 0x20, 0x20, 0x20, 0x20
  .byte 0x20, 0x20, 0x20, 0x20, 0x20, 0x20, 0x76, 0x61, 0x6c, 0x75, 0x65, 0x3d, 0x22, 0x74, 0x61, 0x62
  .byte 0x32, 0x22, 0x0a, 0x20, 0x20, 0x20, 0x20, 0x20, 0x20, 0x20, 0x20, 0x20, 0x20, 0x74, 0x65, 0x78
  .byte 0x74, 0x3d, 0x22, 0x54, 0x6f, 0x6b, 0x79, 0x6f, 0x22, 0x0a, 0x20, 0x20, 0x20, 0x20, 0x20, 0x20
  .byte 0x20, 0x20, 0x20, 0x20, 0x73, 0x75, 0x62, 0x74, 0x65, 0x78, 0x74, 0x3d, 0x22, 0x4a, 0x61, 0x70
  .byte 0x61, 0x6e, 0x22, 0x0a, 0x20, 0x20, 0x20, 0x20, 0x20, 0x20, 0x20, 0x20, 0x20, 0x20, 0x69, 0x6d
  .byte 0x61, 0x67, 0x65, 0x3d, 0x22, 0x68, 0x74, 0x74, 0x70, 0x73, 0x3a, 0x2f, 0x2f, 0x69, 0x6d, 0x61
  .byte 0x67, 0x65, 0x73, 0x2e, 0x75, 0x6e, 0x73, 0x70, 0x6c, 0x61, 0x73, 0x68, 0x2e, 0x63, 0x6f, 0x6d
  .byte 0x2f, 0x70, 0x68, 0x6f, 0x74, 0x6f, 0x2d, 0x31, 0x35, 0x33, 0x36, 0x30, 0x39, 0x38, 0x35, 0x36
  .byte 0x31, 0x37, 0x34, 0x32, 0x2d, 0x63, 0x61, 0x39, 0x39, 0x38, 0x65, 0x34, 0x38, 0x63, 0x62, 0x63
  .byte 0x63, 0x3f, 0x77, 0x3d, 0x36, 0x34, 0x22, 0x0a, 0x20, 0x20, 0x20, 0x20, 0x20, 0x20, 0x20, 0x20
  .byte 0x2f, 0x3e, 0x0a, 0x20, 0x20, 0x20, 0x20, 0x20, 0x20, 0x20, 0x20, 0x3c, 0x54, 0x61, 0x62, 0x73
  .byte 0x54, 0x72, 0x69, 0x67, 0x67, 0x65, 0x72, 0x0a, 0x20, 0x20, 0x20, 0x20, 0x20, 0x20, 0x20, 0x20
  .byte 0x20, 0x20, 0x76, 0x61, 0x6c, 0x75, 0x65, 0x3d, 0x22, 0x74, 0x61, 0x62, 0x33, 0x22, 0x0a, 0x20
  .byte 0x20, 0x20, 0x20, 0x20, 0x20, 0x20, 0x20, 0x20, 0x20, 0x74, 0x65, 0x78, 0x74, 0x3d, 0x22, 0x4e
  .byte 0x65, 0x77, 0x20, 0x59, 0x6f, 0x72, 0x6b, 0x22, 0x0a, 0x20, 0x20, 0x20, 0x20, 0x20, 0x20, 0x20
  .byte 0x20, 0x20, 0x20, 0x73, 0x75, 0x62, 0x74, 0x65, 0x78, 0x74, 0x3d, 0x22, 0x55, 0x53, 0x41, 0x22
  .byte 0x0a, 0x20, 0x20, 0x20, 0x20, 0x20, 0x20, 0x20, 0x20, 0x20, 0x20, 0x69, 0x6d, 0x61, 0x67, 0x65
  .byte 0x3d, 0x22, 0x68, 0x74, 0x74, 0x70, 0x73, 0x3a, 0x2f, 0x2f, 0x69, 0x6d, 0x61, 0x67, 0x65, 0x73
  .byte 0x2e, 0x75, 0x6e, 0x73, 0x70, 0x6c, 0x61, 0x73, 0x68, 0x2e, 0x63, 0x6f, 0x6d, 0x2f, 0x70, 0x68
  .byte 0x6f, 0x74, 0x6f, 0x2d, 0x31, 0x34, 0x39, 0x36, 0x34, 0x34, 0x32, 0x32, 0x32, 0x36, 0x36, 0x36
  .byte 0x36, 0x2d, 0x38, 0x64, 0x34, 0x64, 0x30, 0x65, 0x36, 0x32, 0x65, 0x36, 0x65, 0x39, 0x3f, 0x77
  .byte 0x3d, 0x36, 0x34, 0x22, 0x0a, 0x20, 0x20, 0x20, 0x20, 0x20, 0x20, 0x20, 0x20, 0x2f, 0x3e, 0x0a
  .byte 0x20, 0x20, 0x20, 0x20, 0x20, 0x20, 0x20, 0x20, 0x3c, 0x54, 0x61, 0x62, 0x73, 0x54, 0x72, 0x69
  .byte 0x67, 0x67, 0x65, 0x72, 0x0a, 0x20, 0x20, 0x20, 0x20, 0x20, 0x20, 0x20, 0x20, 0x20, 0x20, 0x76
  .byte 0x61, 0x6c, 0x75, 0x65, 0x3d, 0x22, 0x74, 0x61, 0x62, 0x34, 0x22, 0x0a, 0x20, 0x20, 0x20, 0x20
  .byte 0x20, 0x20, 0x20, 0x20, 0x20, 0x20, 0x74, 0x65, 0x78, 0x74, 0x3d, 0x22, 0x4c, 0x6f, 0x6e, 0x64
  .byte 0x6f, 0x6e, 0x22, 0x0a, 0x20, 0x20, 0x20, 0x20, 0x20, 0x20, 0x20, 0x20, 0x20, 0x20, 0x73, 0x75
  .byte 0x62, 0x74, 0x65, 0x78, 0x74, 0x3d, 0x22, 0x55, 0x4b, 0x22, 0x0a, 0x20, 0x20, 0x20, 0x20, 0x20
  .byte 0x20, 0x20, 0x20, 0x20, 0x20, 0x69, 0x6d, 0x61, 0x67, 0x65, 0x3d, 0x22, 0x68, 0x74, 0x74, 0x70
  .byte 0x73, 0x3a, 0x2f, 0x2f, 0x69, 0x6d, 0x61, 0x67, 0x65, 0x73, 0x2e, 0x75, 0x6e, 0x73, 0x70, 0x6c
  .byte 0x61, 0x73, 0x68, 0x2e, 0x63, 0x6f, 0x6d, 0x2f, 0x70, 0x68, 0x6f, 0x74, 0x6f, 0x2d, 0x31, 0x35
  .byte 0x31, 0x33, 0x36, 0x33, 0x35, 0x32, 0x36, 0x39, 0x39, 0x37, 0x35, 0x2d, 0x35, 0x39, 0x36, 0x36
  .byte 0x33, 0x65, 0x30, 0x61, 0x63, 0x31, 0x61, 0x64, 0x3f, 0x77, 0x3d, 0x36, 0x34, 0x22, 0x0a, 0x20
  .byte 0x20, 0x20, 0x20, 0x20, 0x20, 0x20, 0x20, 0x2f, 0x3e, 0x0a, 0x20, 0x20, 0x20, 0x20, 0x20, 0x20
  .byte 0x20, 0x20, 0x3c, 0x54, 0x61, 0x62, 0x73, 0x54, 0x72, 0x69, 0x67, 0x67, 0x65, 0x72, 0x0a, 0x20
  .byte 0x20, 0x20, 0x20, 0x20, 0x20, 0x20, 0x20, 0x20, 0x20, 0x76, 0x61, 0x6c, 0x75, 0x65, 0x3d, 0x22
  .byte 0x74, 0x61, 0x62, 0x35, 0x22, 0x0a, 0x20, 0x20, 0x20, 0x20, 0x20, 0x20, 0x20, 0x20, 0x20, 0x20
  .byte 0x74, 0x65, 0x78, 0x74, 0x3d, 0x22, 0x53, 0x79, 0x64, 0x6e, 0x65, 0x79, 0x22, 0x0a, 0x20, 0x20
  .byte 0x20, 0x20, 0x20, 0x20, 0x20, 0x20, 0x20, 0x20, 0x73, 0x75, 0x62, 0x74, 0x65, 0x78, 0x74, 0x3d
  .byte 0x22, 0x41, 0x75, 0x73, 0x74, 0x72, 0x61, 0x6c, 0x69, 0x61, 0x22, 0x0a, 0x20, 0x20, 0x20, 0x20
  .byte 0x20, 0x20, 0x20, 0x20, 0x20, 0x20, 0x69, 0x6d, 0x61, 0x67, 0x65, 0x3d, 0x22, 0x68, 0x74, 0x74
  .byte 0x70, 0x73, 0x3a, 0x2f, 0x2f, 0x69, 0x6d, 0x61, 0x67, 0x65, 0x73, 0x2e, 0x75, 0x6e, 0x73, 0x70
  .byte 0x6c, 0x61, 0x73, 0x68, 0x2e, 0x63, 0x6f, 0x6d, 0x2f, 0x70, 0x68, 0x6f, 0x74, 0x6f, 0x2d, 0x31
  .byte 0x35, 0x30, 0x36, 0x39, 0x37, 0x33, 0x30, 0x33, 0x35, 0x38, 0x37, 0x32, 0x2d, 0x61, 0x34, 0x65
  .byte 0x63, 0x31, 0x36, 0x62, 0x38, 0x65, 0x38, 0x64, 0x39, 0x3f, 0x77, 0x3d, 0x36, 0x34, 0x22, 0x0a
  .byte 0x20, 0x20, 0x20, 0x20, 0x20, 0x20, 0x20, 0x20, 0x2f, 0x3e, 0x0a, 0x20, 0x20, 0x20, 0x20, 0x20
  .byte 0x20, 0x20, 0x20, 0x3c, 0x54, 0x61, 0x62, 0x73, 0x54, 0x72, 0x69, 0x67, 0x67, 0x65, 0x72, 0x0a
  .byte 0x20, 0x20, 0x20, 0x20, 0x20, 0x20, 0x20, 0x20, 0x20, 0x20, 0x76, 0x61, 0x6c, 0x75, 0x65, 0x3d
  .byte 0x22, 0x74, 0x61, 0x62, 0x36, 0x22, 0x0a, 0x20, 0x20, 0x20, 0x20, 0x20, 0x20, 0x20, 0x20, 0x20
  .byte 0x20, 0x74, 0x65, 0x78, 0x74, 0x3d, 0x22, 0x52, 0x6f, 0x6d, 0x65, 0x22, 0x0a, 0x20, 0x20, 0x20
  .byte 0x20, 0x20, 0x20, 0x20, 0x20, 0x20, 0x20, 0x73, 0x75, 0x62, 0x74, 0x65, 0x78, 0x74, 0x3d, 0x22
  .byte 0x49, 0x74, 0x61, 0x6c, 0x79, 0x22, 0x0a, 0x20, 0x20, 0x20, 0x20, 0x20, 0x20, 0x20, 0x20, 0x20
  .byte 0x20, 0x69, 0x6d, 0x61, 0x67, 0x65, 0x3d, 0x22, 0x68, 0x74, 0x74, 0x70, 0x73, 0x3a, 0x2f, 0x2f
  .byte 0x69, 0x6d, 0x61, 0x67, 0x65, 0x73, 0x2e, 0x75, 0x6e, 0x73, 0x70, 0x6c, 0x61, 0x73, 0x68, 0x2e
  .byte 0x63, 0x6f, 0x6d, 0x2f, 0x70, 0x68, 0x6f, 0x74, 0x6f, 0x2d, 0x31, 0x35, 0x35, 0x32, 0x38, 0x33
  .byte 0x32, 0x32, 0x33, 0x30, 0x2d, 0x63, 0x30, 0x31, 0x39, 0x37, 0x64, 0x64, 0x33, 0x31, 0x31, 0x62
  .byte 0x35, 0x3f, 0x77, 0x3d, 0x36, 0x34, 0x22, 0x0a, 0x20, 0x20, 0x20, 0x20, 0x20, 0x20, 0x20, 0x20
  .byte 0x2f, 0x3e, 0x0a, 0x20, 0x20, 0x20, 0x20, 0x20, 0x20, 0x20, 0x20, 0x3c, 0x54, 0x61, 0x62, 0x73
  .byte 0x54, 0x72, 0x69, 0x67, 0x67, 0x65, 0x72, 0x0a, 0x20, 0x20, 0x20, 0x20, 0x20, 0x20, 0x20, 0x20
  .byte 0x20, 0x20, 0x76, 0x61, 0x6c, 0x75, 0x65, 0x3d, 0x22, 0x74, 0x61, 0x62, 0x37, 0x22, 0x0a, 0x20
  .byte 0x20, 0x20, 0x20, 0x20, 0x20, 0x20, 0x20, 0x20, 0x20, 0x74, 0x65, 0x78, 0x74, 0x3d, 0x22, 0x42
  .byte 0x61, 0x72, 0x63, 0x65, 0x6c, 0x6f, 0x6e, 0x61, 0x22, 0x0a, 0x20, 0x20, 0x20, 0x20, 0x20, 0x20
  .byte 0x20, 0x20, 0x20, 0x20, 0x73, 0x75, 0x62, 0x74, 0x65, 0x78, 0x74, 0x3d, 0x22, 0x53, 0x70, 0x61
  .byte 0x69, 0x6e, 0x22, 0x0a, 0x20, 0x20, 0x20, 0x20, 0x20, 0x20, 0x20, 0x20, 0x20, 0x20, 0x69, 0x6d
  .byte 0x61, 0x67, 0x65, 0x3d, 0x22, 0x68, 0x74, 0x74, 0x70, 0x73, 0x3a, 0x2f, 0x2f, 0x69, 0x6d, 0x61
  .byte 0x67, 0x65, 0x73, 0x2e, 0x75, 0x6e, 0x73, 0x70, 0x6c, 0x61, 0x73, 0x68, 0x2e, 0x63, 0x6f, 0x6d
  .byte 0x2f, 0x70, 0x68, 0x6f, 0x74, 0x6f, 0x2d, 0x31, 0x35, 0x38, 0x33, 0x34, 0x32, 0x32, 0x34, 0x30
  .byte 0x39, 0x35, 0x31, 0x36, 0x2d, 0x32, 0x38, 0x39, 0x35, 0x61, 0x37, 0x37, 0x65, 0x66, 0x64, 0x65
  .byte 0x64, 0x3f, 0x77, 0x3d, 0x36, 0x34, 0x22, 0x0a, 0x20, 0x20, 0x20, 0x20, 0x20, 0x20, 0x20, 0x20
  .byte 0x2f, 0x3e, 0x0a, 0x20, 0x20, 0x20, 0x20, 0x20, 0x20, 0x20, 0x20, 0x3c, 0x54, 0x61, 0x62, 0x73
  .byte 0x54, 0x72, 0x69, 0x67, 0x67, 0x65, 0x72, 0x0a, 0x20, 0x20, 0x20, 0x20, 0x20, 0x20, 0x20, 0x20
  .byte 0x20, 0x20, 0x76, 0x61, 0x6c, 0x75, 0x65, 0x3d, 0x22, 0x74, 0x61, 0x62, 0x38, 0x22, 0x0a, 0x20
  .byte 0x20, 0x20, 0x20, 0x20, 0x20, 0x20, 0x20, 0x20, 0x20, 0x74, 0x65, 0x78, 0x74, 0x3d, 0x22, 0x42
  .byte 0x61, 0x6e, 0x67, 0x6b, 0x6f, 0x6b, 0x22, 0x0a, 0x20, 0x20, 0x20, 0x20, 0x20, 0x20, 0x20, 0x20
  .byte 0x20, 0x20, 0x73, 0x75, 0x62, 0x74, 0x65, 0x78, 0x74, 0x3d, 0x22, 0x54, 0x68, 0x61, 0x69, 0x6c
  .byte 0x61, 0x6e, 0x64, 0x22, 0x0a, 0x20, 0x20, 0x20, 0x20, 0x20, 0x20, 0x20, 0x20, 0x20, 0x20, 0x69
  .byte 0x6d, 0x61, 0x67, 0x65, 0x3d, 0x22, 0x68, 0x74, 0x74, 0x70, 0x73, 0x3a, 0x2f, 0x2f, 0x69, 0x6d
  .byte 0x61, 0x67, 0x65, 0x73, 0x2e, 0x75, 0x6e, 0x73, 0x70, 0x6c, 0x61, 0x73, 0x68, 0x2e, 0x63, 0x6f
  .byte 0x6d, 0x2f, 0x70, 0x68, 0x6f, 0x74, 0x6f, 0x2d, 0x31, 0x35, 0x30, 0x38, 0x30, 0x30, 0x39, 0x36
  .byte 0x30, 0x33, 0x38, 0x38, 0x35, 0x2d, 0x35, 0x30, 0x63, 0x66, 0x37, 0x63, 0x35, 0x37, 0x39, 0x33
  .byte 0x36, 0x35, 0x3f, 0x77, 0x3d, 0x36, 0x34, 0x22, 0x0a, 0x20, 0x20, 0x20, 0x20, 0x20, 0x20, 0x20
  .byte 0x20, 0x2f, 0x3e, 0x0a, 0x20, 0x20, 0x20, 0x20, 0x20, 0x20, 0x20, 0x20, 0x3c, 0x54, 0x61, 0x62
  .byte 0x73, 0x54, 0x72, 0x69, 0x67, 0x67, 0x65, 0x72, 0x0a, 0x20, 0x20, 0x20, 0x20, 0x20, 0x20, 0x20
  .byte 0x20, 0x20, 0x20, 0x76, 0x61, 0x6c, 0x75, 0x65, 0x3d, 0x22, 0x74, 0x61, 0x62, 0x39, 0x22, 0x0a
  .byte 0x20, 0x20, 0x20, 0x20, 0x20, 0x20, 0x20, 0x20, 0x20, 0x20, 0x74, 0x65, 0x78, 0x74, 0x3d, 0x22
  .byte 0x43, 0x61, 0x70, 0x65, 0x20, 0x54, 0x6f, 0x77, 0x6e, 0x22, 0x0a, 0x20, 0x20, 0x20, 0x20, 0x20
  .byte 0x20, 0x20, 0x20, 0x20, 0x20, 0x73, 0x75, 0x62, 0x74, 0x65, 0x78, 0x74, 0x3d, 0x22, 0x53, 0x6f
  .byte 0x75, 0x74, 0x68, 0x20, 0x41, 0x66, 0x72, 0x69, 0x63, 0x61, 0x22, 0x0a, 0x20, 0x20, 0x20, 0x20
  .byte 0x20, 0x20, 0x20, 0x20, 0x20, 0x20, 0x69, 0x6d, 0x61, 0x67, 0x65, 0x3d, 0x22, 0x68, 0x74, 0x74
  .byte 0x70, 0x73, 0x3a, 0x2f, 0x2f, 0x69, 0x6d, 0x61, 0x67, 0x65, 0x73, 0x2e, 0x75, 0x6e, 0x73, 0x70
  .byte 0x6c, 0x61, 0x73, 0x68, 0x2e, 0x63, 0x6f, 0x6d, 0x2f, 0x70, 0x68, 0x6f, 0x74, 0x6f, 0x2d, 0x31
  .byte 0x35, 0x38, 0x30, 0x30, 0x36, 0x30, 0x38, 0x33, 0x39, 0x31, 0x33, 0x34, 0x2d, 0x37, 0x35, 0x61
  .byte 0x35, 0x65, 0x64, 0x63, 0x61, 0x32, 0x65, 0x39, 0x39, 0x3f, 0x77, 0x3d, 0x36, 0x34, 0x22, 0x0a
  .byte 0x20, 0x20, 0x20, 0x20, 0x20, 0x20, 0x20, 0x20, 0x2f, 0x3e, 0x0a, 0x20, 0x20, 0x20, 0x20, 0x20
  .byte 0x20, 0x20, 0x20, 0x3c, 0x54, 0x61, 0x62, 0x73, 0x54, 0x72, 0x69, 0x67, 0x67, 0x65, 0x72, 0x0a
  .byte 0x20, 0x20, 0x20, 0x20, 0x20, 0x20, 0x20, 0x20, 0x20, 0x20, 0x76, 0x61, 0x6c, 0x75, 0x65, 0x3d
  .byte 0x22, 0x74, 0x61, 0x62, 0x31, 0x30, 0x22, 0x0a, 0x20, 0x20, 0x20, 0x20, 0x20, 0x20, 0x20, 0x20
  .byte 0x20, 0x20, 0x74, 0x65, 0x78, 0x74, 0x3d, 0x22, 0x41, 0x6d, 0x73, 0x74, 0x65, 0x72, 0x64, 0x61
  .byte 0x6d, 0x22, 0x0a, 0x20, 0x20, 0x20, 0x20, 0x20, 0x20, 0x20, 0x20, 0x20, 0x20, 0x73, 0x75, 0x62
  .byte 0x74, 0x65, 0x78, 0x74, 0x3d, 0x22, 0x4e, 0x65, 0x74, 0x68, 0x65, 0x72, 0x6c, 0x61, 0x6e, 0x64
  .byte 0x73, 0x22, 0x0a, 0x20, 0x20, 0x20, 0x20, 0x20, 0x20, 0x20, 0x20, 0x20, 0x20, 0x69, 0x6d, 0x61
  .byte 0x67, 0x65, 0x3d, 0x22, 0x68, 0x74, 0x74, 0x70, 0x73, 0x3a, 0x2f, 0x2f, 0x69, 0x6d, 0x61, 0x67
  .byte 0x65, 0x73, 0x2e, 0x75, 0x6e, 0x73, 0x70, 0x6c, 0x61, 0x73, 0x68, 0x2e, 0x63, 0x6f, 0x6d, 0x2f
  .byte 0x70, 0x68, 0x6f, 0x74, 0x6f, 0x2d, 0x31, 0x35, 0x31, 0x32, 0x34, 0x37, 0x30, 0x38, 0x37, 0x36
  .byte 0x33, 0x30, 0x32, 0x2d, 0x39, 0x37, 0x32, 0x66, 0x61, 0x61, 0x32, 0x61, 0x61, 0x39, 0x61, 0x34
  .byte 0x3f, 0x77, 0x3d, 0x36, 0x34, 0x22, 0x0a, 0x20, 0x20, 0x20, 0x20, 0x20, 0x20, 0x20, 0x20, 0x2f
  .byte 0x3e, 0x0a, 0x20, 0x20, 0x20, 0x20, 0x20, 0x20, 0x3c, 0x2f, 0x54, 0x61, 0x62, 0x73, 0x4c, 0x69
  .byte 0x73, 0x74, 0x3e, 0x0a, 0x20, 0x20, 0x20, 0x20, 0x20, 0x20, 0x3c, 0x54, 0x61, 0x62, 0x73, 0x43
  .byte 0x6f, 0x6e, 0x74, 0x65, 0x6e, 0x74, 0x20, 0x76, 0x61, 0x6c, 0x75, 0x65, 0x3d, 0x22, 0x74, 0x61
  .byte 0x62, 0x31, 0x22, 0x3e, 0x0a, 0x20, 0x20, 0x20, 0x20, 0x20, 0x20, 0x20, 0x20, 0x3c, 0x43, 0x61
  .byte 0x72, 0x64, 0x48, 0x65, 0x61, 0x64, 0x65, 0x72, 0x20, 0x74, 0x69, 0x74, 0x6c, 0x65, 0x3d, 0x22
  .byte 0x50, 0x61, 0x72, 0x69, 0x73, 0x2c, 0x20, 0x46, 0x72, 0x61, 0x6e, 0x63, 0x65, 0x22, 0x20, 0x73
  .byte 0x75, 0x62, 0x74, 0x69, 0x74, 0x6c, 0x65, 0x3d, 0x22, 0x54, 0x68, 0x65, 0x20, 0x43, 0x69, 0x74
  .byte 0x79, 0x20, 0x6f, 0x66, 0x20, 0x4c, 0x69, 0x67, 0x68, 0x74, 0x22, 0x20, 0x2f, 0x3e, 0x0a, 0x20
  .byte 0x20, 0x20, 0x20, 0x20, 0x20, 0x3c, 0x2f, 0x54, 0x61, 0x62, 0x73, 0x43, 0x6f, 0x6e, 0x74, 0x65
  .byte 0x6e, 0x74, 0x3e, 0x0a, 0x20, 0x20, 0x20, 0x20, 0x20, 0x20, 0x3c, 0x54, 0x61, 0x62, 0x73, 0x43
  .byte 0x6f, 0x6e, 0x74, 0x65, 0x6e, 0x74, 0x20, 0x76, 0x61, 0x6c, 0x75, 0x65, 0x3d, 0x22, 0x74, 0x61
  .byte 0x62, 0x32, 0x22, 0x3e, 0x0a, 0x20, 0x20, 0x20, 0x20, 0x20, 0x20, 0x20, 0x20, 0x3c, 0x43, 0x61
  .byte 0x72, 0x64, 0x48, 0x65, 0x61, 0x64, 0x65, 0x72, 0x20, 0x74, 0x69, 0x74, 0x6c, 0x65, 0x3d, 0x22
  .byte 0x54, 0x6f, 0x6b, 0x79, 0x6f, 0x2c, 0x20, 0x4a, 0x61, 0x70, 0x61, 0x6e, 0x22, 0x20, 0x73, 0x75
  .byte 0x62, 0x74, 0x69, 0x74, 0x6c, 0x65, 0x3d, 0x22, 0x57, 0x68, 0x65, 0x72, 0x65, 0x20, 0x54, 0x72
  .byte 0x61, 0x64, 0x69, 0x74, 0x69, 0x6f, 0x6e, 0x20, 0x4d, 0x65, 0x65, 0x74, 0x73, 0x20, 0x46, 0x75
  .byte 0x74, 0x75, 0x72, 0x65, 0x22, 0x20, 0x2f, 0x3e, 0x0a, 0x20, 0x20, 0x20, 0x20, 0x20, 0x20, 0x3c
  .byte 0x2f, 0x54, 0x61, 0x62, 0x73, 0x43, 0x6f, 0x6e, 0x74, 0x65, 0x6e, 0x74, 0x3e, 0x0a, 0x20, 0x20
  .byte 0x20, 0x20, 0x20, 0x20, 0x3c, 0x54, 0x61, 0x62, 0x73, 0x43, 0x6f, 0x6e, 0x74, 0x65, 0x6e, 0x74
  .byte 0x20, 0x76, 0x61, 0x6c, 0x75, 0x65, 0x3d, 0x22, 0x74, 0x61, 0x62, 0x33, 0x22, 0x3e, 0x0a, 0x20
  .byte 0x20, 0x20, 0x20, 0x20, 0x20, 0x20, 0x20, 0x3c, 0x43, 0x61, 0x72, 0x64, 0x48, 0x65, 0x61, 0x64
  .byte 0x65, 0x72, 0x20, 0x74, 0x69, 0x74, 0x6c, 0x65, 0x3d, 0x22, 0x4e, 0x65, 0x77, 0x20, 0x59, 0x6f
  .byte 0x72, 0x6b, 0x20, 0x43, 0x69, 0x74, 0x79, 0x2c, 0x20, 0x55, 0x53, 0x41, 0x22, 0x20, 0x73, 0x75
  .byte 0x62, 0x74, 0x69, 0x74, 0x6c, 0x65, 0x3d, 0x22, 0x54, 0x68, 0x65, 0x20, 0x43, 0x69, 0x74, 0x79
  .byte 0x20, 0x54, 0x68, 0x61, 0x74, 0x20, 0x4e, 0x65, 0x76, 0x65, 0x72, 0x20, 0x53, 0x6c, 0x65, 0x65
  .byte 0x70, 0x73, 0x22, 0x20, 0x2f, 0x3e, 0x0a, 0x20, 0x20, 0x20, 0x20, 0x20, 0x20, 0x3c, 0x2f, 0x54
  .byte 0x61, 0x62, 0x73, 0x43, 0x6f, 0x6e, 0x74, 0x65, 0x6e, 0x74, 0x3e, 0x0a, 0x20, 0x20, 0x20, 0x20
  .byte 0x20, 0x20, 0x3c, 0x54, 0x61, 0x62, 0x73, 0x43, 0x6f, 0x6e, 0x74, 0x65, 0x6e, 0x74, 0x20, 0x76
  .byte 0x61, 0x6c, 0x75, 0x65, 0x3d, 0x22, 0x74, 0x61, 0x62, 0x34, 0x22, 0x3e, 0x0a, 0x20, 0x20, 0x20
  .byte 0x20, 0x20, 0x20, 0x20, 0x20, 0x3c, 0x43, 0x61, 0x72, 0x64, 0x48, 0x65, 0x61, 0x64, 0x65, 0x72
  .byte 0x20, 0x74, 0x69, 0x74, 0x6c, 0x65, 0x3d, 0x22, 0x4c, 0x6f, 0x6e, 0x64, 0x6f, 0x6e, 0x2c, 0x20
  .byte 0x55, 0x4b, 0x22, 0x20, 0x73, 0x75, 0x62, 0x74, 0x69, 0x74, 0x6c, 0x65, 0x3d, 0x22, 0x54, 0x68
  .byte 0x65, 0x20, 0x43, 0x69, 0x74, 0x79, 0x20, 0x6f, 0x66, 0x20, 0x48, 0x69, 0x73, 0x74, 0x6f, 0x72
  .byte 0x79, 0x22, 0x20, 0x2f, 0x3e, 0x0a, 0x20, 0x20, 0x20, 0x20, 0x20, 0x20, 0x3c, 0x2f, 0x54, 0x61
  .byte 0x62, 0x73, 0x43, 0x6f, 0x6e, 0x74, 0x65, 0x6e, 0x74, 0x3e, 0x0a, 0x20, 0x20, 0x20, 0x20, 0x20
  .byte 0x20, 0x3c, 0x54, 0x61, 0x62, 0x73, 0x43, 0x6f, 0x6e, 0x74, 0x65, 0x6e, 0x74, 0x20, 0x76, 0x61
  .byte 0x6c, 0x75, 0x65, 0x3d, 0x22, 0x74, 0x61, 0x62, 0x35, 0x22, 0x3e, 0x0a, 0x20, 0x20, 0x20, 0x20
  .byte 0x20, 0x20, 0x20, 0x20, 0x3c, 0x43, 0x61, 0x72, 0x64, 0x48, 0x65, 0x61, 0x64, 0x65, 0x72, 0x20
  .byte 0x74, 0x69, 0x74, 0x6c, 0x65, 0x3d, 0x22, 0x53, 0x79, 0x64, 0x6e, 0x65, 0x79, 0x2c, 0x20, 0x41
  .byte 0x75, 0x73, 0x74, 0x72, 0x61, 0x6c, 0x69, 0x61, 0x22, 0x20, 0x73, 0x75, 0x62, 0x74, 0x69, 0x74
  .byte 0x6c, 0x65, 0x3d, 0x22, 0x54, 0x68, 0x65, 0x20, 0x48, 0x61, 0x72, 0x62, 0x6f, 0x75, 0x72, 0x20
  .byte 0x43, 0x69, 0x74, 0x79, 0x22, 0x20, 0x2f, 0x3e, 0x0a, 0x20, 0x20, 0x20, 0x20, 0x20, 0x20, 0x3c
  .byte 0x2f, 0x54, 0x61, 0x62, 0x73, 0x43, 0x6f, 0x6e, 0x74, 0x65, 0x6e, 0x74, 0x3e, 0x0a, 0x20, 0x20
  .byte 0x20, 0x20, 0x20, 0x20, 0x3c, 0x54, 0x61, 0x62, 0x73, 0x43, 0x6f, 0x6e, 0x74, 0x65, 0x6e, 0x74
  .byte 0x20, 0x76, 0x61, 0x6c, 0x75, 0x65, 0x3d, 0x22, 0x74, 0x61, 0x62, 0x36, 0x22, 0x3e, 0x0a, 0x20
  .byte 0x20, 0x20, 0x20, 0x20, 0x20, 0x20, 0x20, 0x3c, 0x43, 0x61, 0x72, 0x64, 0x48, 0x65, 0x61, 0x64
  .byte 0x65, 0x72, 0x20, 0x74, 0x69, 0x74, 0x6c, 0x65, 0x3d, 0x22, 0x52, 0x6f, 0x6d, 0x65, 0x2c, 0x20
  .byte 0x49, 0x74, 0x61, 0x6c, 0x79, 0x22, 0x20, 0x73, 0x75, 0x62, 0x74, 0x69, 0x74, 0x6c, 0x65, 0x3d
  .byte 0x22, 0x54, 0x68, 0x65, 0x20, 0x45, 0x74, 0x65, 0x72, 0x6e, 0x61, 0x6c, 0x20, 0x43, 0x69, 0x74
  .byte 0x79, 0x22, 0x20, 0x2f, 0x3e, 0x0a, 0x20, 0x20, 0x20, 0x20, 0x20, 0x20, 0x3c, 0x2f, 0x54, 0x61
  .byte 0x62, 0x73, 0x43, 0x6f, 0x6e, 0x74, 0x65, 0x6e, 0x74, 0x3e, 0x0a, 0x20, 0x20, 0x20, 0x20, 0x20
  .byte 0x20, 0x3c, 0x54, 0x61, 0x62, 0x73, 0x43, 0x6f, 0x6e, 0x74, 0x65, 0x6e, 0x74, 0x20, 0x76, 0x61
  .byte 0x6c, 0x75, 0x65, 0x3d, 0x22, 0x74, 0x61, 0x62, 0x37, 0x22, 0x3e, 0x0a, 0x20, 0x20, 0x20, 0x20
  .byte 0x20, 0x20, 0x20, 0x20, 0x3c, 0x43, 0x61, 0x72, 0x64, 0x48, 0x65, 0x61, 0x64, 0x65, 0x72, 0x20
  .byte 0x74, 0x69, 0x74, 0x6c, 0x65, 0x3d, 0x22, 0x42, 0x61, 0x72, 0x63, 0x65, 0x6c, 0x6f, 0x6e, 0x61
  .byte 0x2c, 0x20, 0x53, 0x70, 0x61, 0x69, 0x6e, 0x22, 0x20, 0x73, 0x75, 0x62, 0x74, 0x69, 0x74, 0x6c
  .byte 0x65, 0x3d, 0x22, 0x43, 0x69, 0x74, 0x79, 0x20, 0x6f, 0x66, 0x20, 0x47, 0x61, 0x75, 0x64, 0xc3
  .byte 0xad, 0x22, 0x20, 0x2f, 0x3e, 0x0a, 0x20, 0x20, 0x20, 0x20, 0x20, 0x20, 0x3c, 0x2f, 0x54, 0x61
  .byte 0x62, 0x73, 0x43, 0x6f, 0x6e, 0x74, 0x65, 0x6e, 0x74, 0x3e, 0x0a, 0x20, 0x20, 0x20, 0x20, 0x20
  .byte 0x20, 0x3c, 0x54, 0x61, 0x62, 0x73, 0x43, 0x6f, 0x6e, 0x74, 0x65, 0x6e, 0x74, 0x20, 0x76, 0x61
  .byte 0x6c, 0x75, 0x65, 0x3d, 0x22, 0x74, 0x61, 0x62, 0x38, 0x22, 0x3e, 0x0a, 0x20, 0x20, 0x20, 0x20
  .byte 0x20, 0x20, 0x20, 0x20, 0x3c, 0x43, 0x61, 0x72, 0x64, 0x48, 0x65, 0x61, 0x64, 0x65, 0x72, 0x20
  .byte 0x74, 0x69, 0x74, 0x6c, 0x65, 0x3d, 0x22, 0x42, 0x61, 0x6e, 0x67, 0x6b, 0x6f, 0x6b, 0x2c, 0x20
  .byte 0x54, 0x68, 0x61, 0x69, 0x6c, 0x61, 0x6e, 0x64, 0x22, 0x20, 0x73, 0x75, 0x62, 0x74, 0x69, 0x74
  .byte 0x6c, 0x65, 0x3d, 0x22, 0x43, 0x69, 0x74, 0x79, 0x20, 0x6f, 0x66, 0x20, 0x41, 0x6e, 0x67, 0x65
  .byte 0x6c, 0x73, 0x22, 0x20, 0x2f, 0x3e, 0x0a, 0x20, 0x20, 0x20, 0x20, 0x20, 0x20, 0x3c, 0x2f, 0x54
  .byte 0x61, 0x62, 0x73, 0x43, 0x6f, 0x6e, 0x74, 0x65, 0x6e, 0x74, 0x3e, 0x0a, 0x20, 0x20, 0x20, 0x20
  .byte 0x20, 0x20, 0x3c, 0x54, 0x61, 0x62, 0x73, 0x43, 0x6f, 0x6e, 0x74, 0x65, 0x6e, 0x74, 0x20, 0x76
  .byte 0x61, 0x6c, 0x75, 0x65, 0x3d, 0x22, 0x74, 0x61, 0x62, 0x39, 0x22, 0x3e, 0x0a, 0x20, 0x20, 0x20
  .byte 0x20, 0x20, 0x20, 0x20, 0x20, 0x3c, 0x43, 0x61, 0x72, 0x64, 0x48, 0x65, 0x61, 0x64, 0x65, 0x72
  .byte 0x20, 0x74, 0x69, 0x74, 0x6c, 0x65, 0x3d, 0x22, 0x43, 0x61, 0x70, 0x65, 0x20, 0x54, 0x6f, 0x77
  .byte 0x6e, 0x2c, 0x20, 0x53, 0x6f, 0x75, 0x74, 0x68, 0x20, 0x41, 0x66, 0x72, 0x69, 0x63, 0x61, 0x22
  .byte 0x20, 0x73, 0x75, 0x62, 0x74, 0x69, 0x74, 0x6c, 0x65, 0x3d, 0x22, 0x54, 0x68, 0x65, 0x20, 0x4d
  .byte 0x6f, 0x74, 0x68, 0x65, 0x72, 0x20, 0x43, 0x69, 0x74, 0x79, 0x22, 0x20, 0x2f, 0x3e, 0x0a, 0x20
  .byte 0x20, 0x20, 0x20, 0x20, 0x20, 0x3c, 0x2f, 0x54, 0x61, 0x62, 0x73, 0x43, 0x6f, 0x6e, 0x74, 0x65
  .byte 0x6e, 0x74, 0x3e, 0x0a, 0x20, 0x20, 0x20, 0x20, 0x20, 0x20, 0x3c, 0x54, 0x61, 0x62, 0x73, 0x43
  .byte 0x6f, 0x6e, 0x74, 0x65, 0x6e, 0x74, 0x20, 0x76, 0x61, 0x6c, 0x75, 0x65, 0x3d, 0x22, 0x74, 0x61
  .byte 0x62, 0x31, 0x30, 0x22, 0x3e, 0x0a, 0x20, 0x20, 0x20, 0x20, 0x20, 0x20, 0x20, 0x20, 0x3c, 0x43
  .byte 0x61, 0x72, 0x64, 0x48, 0x65, 0x61, 0x64, 0x65, 0x72, 0x20, 0x74, 0x69, 0x74, 0x6c, 0x65, 0x3d
  .byte 0x22, 0x41, 0x6d, 0x73, 0x74, 0x65, 0x72, 0x64, 0x61, 0x6d, 0x2c, 0x20, 0x4e, 0x65, 0x74, 0x68
  .byte 0x65, 0x72, 0x6c, 0x61, 0x6e, 0x64, 0x73, 0x22, 0x20, 0x73, 0x75, 0x62, 0x74, 0x69, 0x74, 0x6c
  .byte 0x65, 0x3d, 0x22, 0x56, 0x65, 0x6e, 0x69, 0x63, 0x65, 0x20, 0x6f, 0x66, 0x20, 0x74, 0x68, 0x65
  .byte 0x20, 0x4e, 0x6f, 0x72, 0x74, 0x68, 0x22, 0x20, 0x2f, 0x3e, 0x0a, 0x20, 0x20, 0x20, 0x20, 0x20
  .byte 0x20, 0x3c, 0x2f, 0x54, 0x61, 0x62, 0x73, 0x43, 0x6f, 0x6e, 0x74, 0x65, 0x6e, 0x74, 0x3e, 0x0a
  .byte 0x20, 0x20, 0x20, 0x20, 0x3c, 0x2f, 0x54, 0x61, 0x62, 0x73, 0x3e, 0x0a, 0x20, 0x20, 0x29, 0x2c
  .byte 0x0a, 0x7d, 0x3b, 0x0a

  .globl openui_full_port_packages_react_ui_src_components_Tabs_stories_tabs_stories_tsx_d16ed9c6f1f2_pass_4_len
openui_full_port_packages_react_ui_src_components_Tabs_stories_tabs_stories_tsx_d16ed9c6f1f2_pass_4_len:
  .quad 9716
