# OpenUI mechanical full assembly port
# source: docs/shared/design-system/styles/variables/colors.css
# sha256: 4bfa92141275fd531a7ddc4af9a584687330a53ed37a09c7477c3f9ed6995f85
# bytes: 8213
# assembly passes: 4
  .section .rodata
# assembly pass: 1/4
  .globl openui_full_port_docs_shared_design_system_styles_variables_colors_css_4bfa92141275
openui_full_port_docs_shared_design_system_styles_variables_colors_css_4bfa92141275:
  .byte 0x3a, 0x72, 0x6f, 0x6f, 0x74, 0x20, 0x7b, 0x0a, 0x20, 0x20, 0x2f, 0x2a, 0x20, 0x53, 0x75, 0x72
  .byte 0x66, 0x61, 0x63, 0x65, 0x20, 0x63, 0x6f, 0x6c, 0x6f, 0x72, 0x73, 0x20, 0x2a, 0x2f, 0x0a, 0x20
  .byte 0x20, 0x2d, 0x2d, 0x62, 0x61, 0x63, 0x6b, 0x67, 0x72, 0x6f, 0x75, 0x6e, 0x64, 0x3a, 0x20, 0x76
  .byte 0x61, 0x72, 0x28, 0x2d, 0x2d, 0x73, 0x77, 0x61, 0x74, 0x63, 0x68, 0x2d, 0x6e, 0x65, 0x75, 0x74
  .byte 0x72, 0x61, 0x6c, 0x2d, 0x31, 0x30, 0x30, 0x29, 0x3b, 0x0a, 0x20, 0x20, 0x2d, 0x2d, 0x66, 0x6f
  .byte 0x72, 0x65, 0x67, 0x72, 0x6f, 0x75, 0x6e, 0x64, 0x3a, 0x20, 0x76, 0x61, 0x72, 0x28, 0x2d, 0x2d
  .byte 0x73, 0x77, 0x61, 0x74, 0x63, 0x68, 0x2d, 0x77, 0x68, 0x69, 0x74, 0x65, 0x29, 0x3b, 0x0a, 0x20
  .byte 0x20, 0x2d, 0x2d, 0x70, 0x6f, 0x70, 0x6f, 0x76, 0x65, 0x72, 0x2d, 0x62, 0x61, 0x63, 0x6b, 0x67
  .byte 0x72, 0x6f, 0x75, 0x6e, 0x64, 0x3a, 0x20, 0x76, 0x61, 0x72, 0x28, 0x2d, 0x2d, 0x73, 0x77, 0x61
  .byte 0x74, 0x63, 0x68, 0x2d, 0x77, 0x68, 0x69, 0x74, 0x65, 0x29, 0x3b, 0x0a, 0x20, 0x20, 0x2d, 0x2d
  .byte 0x73, 0x75, 0x6e, 0x6b, 0x2d, 0x6c, 0x69, 0x67, 0x68, 0x74, 0x3a, 0x20, 0x76, 0x61, 0x72, 0x28
  .byte 0x2d, 0x2d, 0x73, 0x77, 0x61, 0x74, 0x63, 0x68, 0x2d, 0x62, 0x6c, 0x61, 0x63, 0x6b, 0x2d, 0x61
  .byte 0x30, 0x32, 0x29, 0x3b, 0x0a, 0x20, 0x20, 0x2d, 0x2d, 0x73, 0x75, 0x6e, 0x6b, 0x3a, 0x20, 0x76
  .byte 0x61, 0x72, 0x28, 0x2d, 0x2d, 0x73, 0x77, 0x61, 0x74, 0x63, 0x68, 0x2d, 0x62, 0x6c, 0x61, 0x63
  .byte 0x6b, 0x2d, 0x61, 0x30, 0x34, 0x29, 0x3b, 0x0a, 0x20, 0x20, 0x2d, 0x2d, 0x73, 0x75, 0x6e, 0x6b
  .byte 0x2d, 0x64, 0x65, 0x65, 0x70, 0x3a, 0x20, 0x76, 0x61, 0x72, 0x28, 0x2d, 0x2d, 0x73, 0x77, 0x61
  .byte 0x74, 0x63, 0x68, 0x2d, 0x62, 0x6c, 0x61, 0x63, 0x6b, 0x2d, 0x61, 0x30, 0x38, 0x29, 0x3b, 0x0a
  .byte 0x20, 0x20, 0x2d, 0x2d, 0x65, 0x6c, 0x65, 0x76, 0x61, 0x74, 0x65, 0x64, 0x2d, 0x6c, 0x69, 0x67
  .byte 0x68, 0x74, 0x3a, 0x20, 0x76, 0x61, 0x72, 0x28, 0x2d, 0x2d, 0x73, 0x77, 0x61, 0x74, 0x63, 0x68
  .byte 0x2d, 0x62, 0x6c, 0x61, 0x63, 0x6b, 0x2d, 0x61, 0x30, 0x34, 0x29, 0x3b, 0x0a, 0x20, 0x20, 0x2d
  .byte 0x2d, 0x65, 0x6c, 0x65, 0x76, 0x61, 0x74, 0x65, 0x64, 0x3a, 0x20, 0x76, 0x61, 0x72, 0x28, 0x2d
  .byte 0x2d, 0x73, 0x77, 0x61, 0x74, 0x63, 0x68, 0x2d, 0x62, 0x6c, 0x61, 0x63, 0x6b, 0x2d, 0x61, 0x30
  .byte 0x38, 0x29, 0x3b, 0x0a, 0x20, 0x20, 0x2d, 0x2d, 0x65, 0x6c, 0x65, 0x76, 0x61, 0x74, 0x65, 0x64
  .byte 0x2d, 0x73, 0x74, 0x72, 0x6f, 0x6e, 0x67, 0x3a, 0x20, 0x76, 0x61, 0x72, 0x28, 0x2d, 0x2d, 0x73
  .byte 0x77, 0x61, 0x74, 0x63, 0x68, 0x2d, 0x62, 0x6c, 0x61, 0x63, 0x6b, 0x2d, 0x61, 0x31, 0x36, 0x29
  .byte 0x3b, 0x0a, 0x20, 0x20, 0x2d, 0x2d, 0x65, 0x6c, 0x65, 0x76, 0x61, 0x74, 0x65, 0x64, 0x2d, 0x69
  .byte 0x6e, 0x74, 0x65, 0x6e, 0x73, 0x65, 0x3a, 0x20, 0x76, 0x61, 0x72, 0x28, 0x2d, 0x2d, 0x73, 0x77
  .byte 0x61, 0x74, 0x63, 0x68, 0x2d, 0x62, 0x6c, 0x61, 0x63, 0x6b, 0x2d, 0x61, 0x33, 0x32, 0x29, 0x3b
  .byte 0x0a, 0x20, 0x20, 0x2d, 0x2d, 0x6f, 0x76, 0x65, 0x72, 0x6c, 0x61, 0x79, 0x3a, 0x20, 0x76, 0x61
  .byte 0x72, 0x28, 0x2d, 0x2d, 0x73, 0x77, 0x61, 0x74, 0x63, 0x68, 0x2d, 0x62, 0x6c, 0x61, 0x63, 0x6b
  .byte 0x2d, 0x61, 0x32, 0x34, 0x29, 0x3b, 0x0a, 0x20, 0x20, 0x2d, 0x2d, 0x68, 0x69, 0x67, 0x68, 0x6c
  .byte 0x69, 0x67, 0x68, 0x74, 0x2d, 0x73, 0x75, 0x62, 0x74, 0x6c, 0x65, 0x3a, 0x20, 0x76, 0x61, 0x72
  .byte 0x28, 0x2d, 0x2d, 0x73, 0x77, 0x61, 0x74, 0x63, 0x68, 0x2d, 0x62, 0x6c, 0x61, 0x63, 0x6b, 0x2d
  .byte 0x61, 0x30, 0x34, 0x29, 0x3b, 0x0a, 0x20, 0x20, 0x2d, 0x2d, 0x68, 0x69, 0x67, 0x68, 0x6c, 0x69
  .byte 0x67, 0x68, 0x74, 0x3a, 0x20, 0x76, 0x61, 0x72, 0x28, 0x2d, 0x2d, 0x73, 0x77, 0x61, 0x74, 0x63
  .byte 0x68, 0x2d, 0x62, 0x6c, 0x61, 0x63, 0x6b, 0x2d, 0x61, 0x30, 0x38, 0x29, 0x3b, 0x0a, 0x20, 0x20
  .byte 0x2d, 0x2d, 0x68, 0x69, 0x67, 0x68, 0x6c, 0x69, 0x67, 0x68, 0x74, 0x2d, 0x73, 0x74, 0x72, 0x6f
  .byte 0x6e, 0x67, 0x3a, 0x20, 0x76, 0x61, 0x72, 0x28, 0x2d, 0x2d, 0x73, 0x77, 0x61, 0x74, 0x63, 0x68
  .byte 0x2d, 0x62, 0x6c, 0x61, 0x63, 0x6b, 0x2d, 0x61, 0x31, 0x36, 0x29, 0x3b, 0x0a, 0x20, 0x20, 0x2d
  .byte 0x2d, 0x68, 0x69, 0x67, 0x68, 0x6c, 0x69, 0x67, 0x68, 0x74, 0x2d, 0x69, 0x6e, 0x74, 0x65, 0x6e
  .byte 0x73, 0x65, 0x3a, 0x20, 0x76, 0x61, 0x72, 0x28, 0x2d, 0x2d, 0x73, 0x77, 0x61, 0x74, 0x63, 0x68
  .byte 0x2d, 0x62, 0x6c, 0x61, 0x63, 0x6b, 0x2d, 0x61, 0x33, 0x32, 0x29, 0x3b, 0x0a, 0x20, 0x20, 0x2d
  .byte 0x2d, 0x69, 0x6e, 0x76, 0x65, 0x72, 0x74, 0x65, 0x64, 0x2d, 0x62, 0x61, 0x63, 0x6b, 0x67, 0x72
  .byte 0x6f, 0x75, 0x6e, 0x64, 0x3a, 0x20, 0x76, 0x61, 0x72, 0x28, 0x2d, 0x2d, 0x73, 0x77, 0x61, 0x74
  .byte 0x63, 0x68, 0x2d, 0x6e, 0x65, 0x75, 0x74, 0x72, 0x61, 0x6c, 0x2d, 0x39, 0x30, 0x30, 0x29, 0x3b
  .byte 0x0a, 0x20, 0x20, 0x2d, 0x2d, 0x69, 0x6e, 0x66, 0x6f, 0x2d, 0x62, 0x61, 0x63, 0x6b, 0x67, 0x72
  .byte 0x6f, 0x75, 0x6e, 0x64, 0x3a, 0x20, 0x76, 0x61, 0x72, 0x28, 0x2d, 0x2d, 0x73, 0x77, 0x61, 0x74
  .byte 0x63, 0x68, 0x2d, 0x62, 0x6c, 0x75, 0x65, 0x2d, 0x35, 0x30, 0x30, 0x29, 0x3b, 0x0a, 0x20, 0x20
  .byte 0x2d, 0x2d, 0x73, 0x75, 0x63, 0x63, 0x65, 0x73, 0x73, 0x2d, 0x62, 0x61, 0x63, 0x6b, 0x67, 0x72
  .byte 0x6f, 0x75, 0x6e, 0x64, 0x3a, 0x20, 0x76, 0x61, 0x72, 0x28, 0x2d, 0x2d, 0x73, 0x77, 0x61, 0x74
  .byte 0x63, 0x68, 0x2d, 0x67, 0x72, 0x65, 0x65, 0x6e, 0x2d, 0x36, 0x30, 0x30, 0x29, 0x3b, 0x0a, 0x20
  .byte 0x20, 0x2d, 0x2d, 0x61, 0x6c, 0x65, 0x72, 0x74, 0x2d, 0x62, 0x61, 0x63, 0x6b, 0x67, 0x72, 0x6f
  .byte 0x75, 0x6e, 0x64, 0x3a, 0x20, 0x76, 0x61, 0x72, 0x28, 0x2d, 0x2d, 0x73, 0x77, 0x61, 0x74, 0x63
  .byte 0x68, 0x2d, 0x79, 0x65, 0x6c, 0x6c, 0x6f, 0x77, 0x2d, 0x34, 0x30, 0x30, 0x29, 0x3b, 0x0a, 0x20
  .byte 0x20, 0x2d, 0x2d, 0x64, 0x61, 0x6e, 0x67, 0x65, 0x72, 0x2d, 0x62, 0x61, 0x63, 0x6b, 0x67, 0x72
  .byte 0x6f, 0x75, 0x6e, 0x64, 0x3a, 0x20, 0x76, 0x61, 0x72, 0x28, 0x2d, 0x2d, 0x73, 0x77, 0x61, 0x74
  .byte 0x63, 0x68, 0x2d, 0x72, 0x65, 0x64, 0x2d, 0x36, 0x30, 0x30, 0x29, 0x3b, 0x0a, 0x20, 0x20, 0x2d
  .byte 0x2d, 0x70, 0x75, 0x72, 0x70, 0x6c, 0x65, 0x2d, 0x62, 0x61, 0x63, 0x6b, 0x67, 0x72, 0x6f, 0x75
  .byte 0x6e, 0x64, 0x3a, 0x20, 0x76, 0x61, 0x72, 0x28, 0x2d, 0x2d, 0x73, 0x77, 0x61, 0x74, 0x63, 0x68
  .byte 0x2d, 0x70, 0x75, 0x72, 0x70, 0x6c, 0x65, 0x2d, 0x35, 0x30, 0x30, 0x29, 0x3b, 0x0a, 0x20, 0x20
  .byte 0x2d, 0x2d, 0x70, 0x69, 0x6e, 0x6b, 0x2d, 0x62, 0x61, 0x63, 0x6b, 0x67, 0x72, 0x6f, 0x75, 0x6e
  .byte 0x64, 0x3a, 0x20, 0x76, 0x61, 0x72, 0x28, 0x2d, 0x2d, 0x73, 0x77, 0x61, 0x74, 0x63, 0x68, 0x2d
  .byte 0x70, 0x69, 0x6e, 0x6b, 0x2d, 0x35, 0x30, 0x30, 0x29, 0x3b, 0x0a, 0x0a, 0x20, 0x20, 0x2f, 0x2a
  .byte 0x20, 0x54, 0x65, 0x78, 0x74, 0x20, 0x2f, 0x20, 0x4e, 0x65, 0x75, 0x74, 0x72, 0x61, 0x6c, 0x20
  .byte 0x2a, 0x2f, 0x0a, 0x20, 0x20, 0x2d, 0x2d, 0x74, 0x65, 0x78, 0x74, 0x2d, 0x6e, 0x65, 0x75, 0x74
  .byte 0x72, 0x61, 0x6c, 0x2d, 0x70, 0x72, 0x69, 0x6d, 0x61, 0x72, 0x79, 0x3a, 0x20, 0x76, 0x61, 0x72
  .byte 0x28, 0x2d, 0x2d, 0x73, 0x77, 0x61, 0x74, 0x63, 0x68, 0x2d, 0x62, 0x6c, 0x61, 0x63, 0x6b, 0x29
  .byte 0x3b, 0x0a, 0x20, 0x20, 0x2d, 0x2d, 0x74, 0x65, 0x78, 0x74, 0x2d, 0x6e, 0x65, 0x75, 0x74, 0x72
  .byte 0x61, 0x6c, 0x2d, 0x73, 0x65, 0x63, 0x6f, 0x6e, 0x64, 0x61, 0x72, 0x79, 0x3a, 0x20, 0x76, 0x61
  .byte 0x72, 0x28, 0x2d, 0x2d, 0x73, 0x77, 0x61, 0x74, 0x63, 0x68, 0x2d, 0x62, 0x6c, 0x61, 0x63, 0x6b
  .byte 0x2d, 0x61, 0x35, 0x30, 0x29, 0x3b, 0x0a, 0x20, 0x20, 0x2d, 0x2d, 0x74, 0x65, 0x78, 0x74, 0x2d
  .byte 0x6e, 0x65, 0x75, 0x74, 0x72, 0x61, 0x6c, 0x2d, 0x74, 0x65, 0x72, 0x74, 0x69, 0x61, 0x72, 0x79
  .byte 0x3a, 0x20, 0x76, 0x61, 0x72, 0x28, 0x2d, 0x2d, 0x73, 0x77, 0x61, 0x74, 0x63, 0x68, 0x2d, 0x62
  .byte 0x6c, 0x61, 0x63, 0x6b, 0x2d, 0x61, 0x32, 0x30, 0x29, 0x3b, 0x0a, 0x20, 0x20, 0x2d, 0x2d, 0x74
  .byte 0x65, 0x78, 0x74, 0x2d, 0x6e, 0x65, 0x75, 0x74, 0x72, 0x61, 0x6c, 0x2d, 0x6c, 0x69, 0x6e, 0x6b
  .byte 0x3a, 0x20, 0x76, 0x61, 0x72, 0x28, 0x2d, 0x2d, 0x73, 0x77, 0x61, 0x74, 0x63, 0x68, 0x2d, 0x62
  .byte 0x6c, 0x61, 0x63, 0x6b, 0x29, 0x3b, 0x0a, 0x0a, 0x20, 0x20, 0x2d, 0x2d, 0x74, 0x65, 0x78, 0x74
  .byte 0x2d, 0x62, 0x72, 0x61, 0x6e, 0x64, 0x3a, 0x20, 0x76, 0x61, 0x72, 0x28, 0x2d, 0x2d, 0x73, 0x77
  .byte 0x61, 0x74, 0x63, 0x68, 0x2d, 0x62, 0x6c, 0x61, 0x63, 0x6b, 0x29, 0x3b, 0x0a, 0x0a, 0x20, 0x20
  .byte 0x2d, 0x2d, 0x74, 0x65, 0x78, 0x74, 0x2d, 0x77, 0x68, 0x69, 0x74, 0x65, 0x3a, 0x20, 0x76, 0x61
  .byte 0x72, 0x28, 0x2d, 0x2d, 0x73, 0x77, 0x61, 0x74, 0x63, 0x68, 0x2d, 0x77, 0x68, 0x69, 0x74, 0x65
  .byte 0x29, 0x3b, 0x0a, 0x20, 0x20, 0x2d, 0x2d, 0x74, 0x65, 0x78, 0x74, 0x2d, 0x62, 0x6c, 0x61, 0x63
  .byte 0x6b, 0x3a, 0x20, 0x76, 0x61, 0x72, 0x28, 0x2d, 0x2d, 0x73, 0x77, 0x61, 0x74, 0x63, 0x68, 0x2d
  .byte 0x62, 0x6c, 0x61, 0x63, 0x6b, 0x29, 0x3b, 0x0a, 0x0a, 0x20, 0x20, 0x2f, 0x2a, 0x20, 0x54, 0x65
  .byte 0x78, 0x74, 0x20, 0x2f, 0x20, 0x41, 0x63, 0x63, 0x65, 0x6e, 0x74, 0x20, 0x2a, 0x2f, 0x0a, 0x20
  .byte 0x20, 0x2d, 0x2d, 0x74, 0x65, 0x78, 0x74, 0x2d, 0x61, 0x63, 0x63, 0x65, 0x6e, 0x74, 0x2d, 0x70
  .byte 0x72, 0x69, 0x6d, 0x61, 0x72, 0x79, 0x3a, 0x20, 0x76, 0x61, 0x72, 0x28, 0x2d, 0x2d, 0x73, 0x77
  .byte 0x61, 0x74, 0x63, 0x68, 0x2d, 0x77, 0x68, 0x69, 0x74, 0x65, 0x29, 0x3b, 0x0a, 0x20, 0x20, 0x2d
  .byte 0x2d, 0x74, 0x65, 0x78, 0x74, 0x2d, 0x61, 0x63, 0x63, 0x65, 0x6e, 0x74, 0x2d, 0x73, 0x65, 0x63
  .byte 0x6f, 0x6e, 0x64, 0x61, 0x72, 0x79, 0x3a, 0x20, 0x76, 0x61, 0x72, 0x28, 0x2d, 0x2d, 0x73, 0x77
  .byte 0x61, 0x74, 0x63, 0x68, 0x2d, 0x77, 0x68, 0x69, 0x74, 0x65, 0x2d, 0x61, 0x35, 0x30, 0x29, 0x3b
  .byte 0x0a, 0x20, 0x20, 0x2d, 0x2d, 0x74, 0x65, 0x78, 0x74, 0x2d, 0x61, 0x63, 0x63, 0x65, 0x6e, 0x74
  .byte 0x2d, 0x74, 0x65, 0x72, 0x74, 0x69, 0x61, 0x72, 0x79, 0x3a, 0x20, 0x76, 0x61, 0x72, 0x28, 0x2d
  .byte 0x2d, 0x73, 0x77, 0x61, 0x74, 0x63, 0x68, 0x2d, 0x77, 0x68, 0x69, 0x74, 0x65, 0x2d, 0x61, 0x32
  .byte 0x30, 0x29, 0x3b, 0x0a, 0x0a, 0x20, 0x20, 0x2f, 0x2a, 0x20, 0x54, 0x65, 0x78, 0x74, 0x20, 0x2f
  .byte 0x20, 0x53, 0x75, 0x63, 0x63, 0x65, 0x73, 0x73, 0x20, 0x2a, 0x2f, 0x0a, 0x20, 0x20, 0x2d, 0x2d
  .byte 0x74, 0x65, 0x78, 0x74, 0x2d, 0x73, 0x75, 0x63, 0x63, 0x65, 0x73, 0x73, 0x2d, 0x70, 0x72, 0x69
  .byte 0x6d, 0x61, 0x72, 0x79, 0x3a, 0x20, 0x76, 0x61, 0x72, 0x28, 0x2d, 0x2d, 0x73, 0x77, 0x61, 0x74
  .byte 0x63, 0x68, 0x2d, 0x67, 0x72, 0x65, 0x65, 0x6e, 0x2d, 0x37, 0x30, 0x30, 0x29, 0x3b, 0x0a, 0x20
  .byte 0x20, 0x2d, 0x2d, 0x74, 0x65, 0x78, 0x74, 0x2d, 0x73, 0x75, 0x63, 0x63, 0x65, 0x73, 0x73, 0x2d
  .byte 0x69, 0x6e, 0x76, 0x65, 0x72, 0x74, 0x65, 0x64, 0x3a, 0x20, 0x76, 0x61, 0x72, 0x28, 0x2d, 0x2d
  .byte 0x73, 0x77, 0x61, 0x74, 0x63, 0x68, 0x2d, 0x67, 0x72, 0x65, 0x65, 0x6e, 0x2d, 0x31, 0x30, 0x30
  .byte 0x29, 0x3b, 0x0a, 0x0a, 0x20, 0x20, 0x2f, 0x2a, 0x20, 0x54, 0x65, 0x78, 0x74, 0x20, 0x2f, 0x20
  .byte 0x41, 0x6c, 0x65, 0x72, 0x74, 0x20, 0x2a, 0x2f, 0x0a, 0x20, 0x20, 0x2d, 0x2d, 0x74, 0x65, 0x78
  .byte 0x74, 0x2d, 0x61, 0x6c, 0x65, 0x72, 0x74, 0x2d, 0x70, 0x72, 0x69, 0x6d, 0x61, 0x72, 0x79, 0x3a
  .byte 0x20, 0x76, 0x61, 0x72, 0x28, 0x2d, 0x2d, 0x73, 0x77, 0x61, 0x74, 0x63, 0x68, 0x2d, 0x79, 0x65
  .byte 0x6c, 0x6c, 0x6f, 0x77, 0x2d, 0x38, 0x30, 0x30, 0x29, 0x3b, 0x0a, 0x20, 0x20, 0x2d, 0x2d, 0x74
  .byte 0x65, 0x78, 0x74, 0x2d, 0x61, 0x6c, 0x65, 0x72, 0x74, 0x2d, 0x69, 0x6e, 0x76, 0x65, 0x72, 0x74
  .byte 0x65, 0x64, 0x3a, 0x20, 0x76, 0x61, 0x72, 0x28, 0x2d, 0x2d, 0x73, 0x77, 0x61, 0x74, 0x63, 0x68
  .byte 0x2d, 0x79, 0x65, 0x6c, 0x6c, 0x6f, 0x77, 0x2d, 0x31, 0x30, 0x30, 0x29, 0x3b, 0x0a, 0x0a, 0x20
  .byte 0x20, 0x2f, 0x2a, 0x20, 0x54, 0x65, 0x78, 0x74, 0x20, 0x2f, 0x20, 0x44, 0x61, 0x6e, 0x67, 0x65
  .byte 0x72, 0x20, 0x2a, 0x2f, 0x0a, 0x20, 0x20, 0x2d, 0x2d, 0x74, 0x65, 0x78, 0x74, 0x2d, 0x64, 0x61
  .byte 0x6e, 0x67, 0x65, 0x72, 0x2d, 0x70, 0x72, 0x69, 0x6d, 0x61, 0x72, 0x79, 0x3a, 0x20, 0x76, 0x61
  .byte 0x72, 0x28, 0x2d, 0x2d, 0x73, 0x77, 0x61, 0x74, 0x63, 0x68, 0x2d, 0x72, 0x65, 0x64, 0x2d, 0x37
  .byte 0x30, 0x30, 0x29, 0x3b, 0x0a, 0x20, 0x20, 0x2d, 0x2d, 0x74, 0x65, 0x78, 0x74, 0x2d, 0x64, 0x61
  .byte 0x6e, 0x67, 0x65, 0x72, 0x2d, 0x73, 0x65, 0x63, 0x6f, 0x6e, 0x64, 0x61, 0x72, 0x79, 0x3a, 0x20
  .byte 0x76, 0x61, 0x72, 0x28, 0x2d, 0x2d, 0x73, 0x77, 0x61, 0x74, 0x63, 0x68, 0x2d, 0x72, 0x65, 0x64
  .byte 0x2d, 0x34, 0x30, 0x30, 0x29, 0x3b, 0x0a, 0x20, 0x20, 0x2d, 0x2d, 0x74, 0x65, 0x78, 0x74, 0x2d
  .byte 0x64, 0x61, 0x6e, 0x67, 0x65, 0x72, 0x2d, 0x74, 0x65, 0x72, 0x74, 0x69, 0x61, 0x72, 0x79, 0x3a
  .byte 0x20, 0x76, 0x61, 0x72, 0x28, 0x2d, 0x2d, 0x73, 0x77, 0x61, 0x74, 0x63, 0x68, 0x2d, 0x72, 0x65
  .byte 0x64, 0x2d, 0x33, 0x30, 0x30, 0x29, 0x3b, 0x0a, 0x0a, 0x20, 0x20, 0x2f, 0x2a, 0x20, 0x54, 0x65
  .byte 0x78, 0x74, 0x20, 0x2f, 0x20, 0x44, 0x61, 0x6e, 0x67, 0x65, 0x72, 0x20, 0x2f, 0x20, 0x49, 0x6e
  .byte 0x76, 0x65, 0x72, 0x74, 0x65, 0x64, 0x20, 0x2a, 0x2f, 0x0a, 0x20, 0x20, 0x2d, 0x2d, 0x74, 0x65
  .byte 0x78, 0x74, 0x2d, 0x64, 0x61, 0x6e, 0x67, 0x65, 0x72, 0x2d, 0x69, 0x6e, 0x76, 0x65, 0x72, 0x74
  .byte 0x65, 0x64, 0x2d, 0x70, 0x72, 0x69, 0x6d, 0x61, 0x72, 0x79, 0x3a, 0x20, 0x76, 0x61, 0x72, 0x28
  .byte 0x2d, 0x2d, 0x73, 0x77, 0x61, 0x74, 0x63, 0x68, 0x2d, 0x77, 0x68, 0x69, 0x74, 0x65, 0x29, 0x3b
  .byte 0x0a, 0x20, 0x20, 0x2d, 0x2d, 0x74, 0x65, 0x78, 0x74, 0x2d, 0x64, 0x61, 0x6e, 0x67, 0x65, 0x72
  .byte 0x2d, 0x69, 0x6e, 0x76, 0x65, 0x72, 0x74, 0x65, 0x64, 0x2d, 0x73, 0x65, 0x63, 0x6f, 0x6e, 0x64
  .byte 0x61, 0x72, 0x79, 0x3a, 0x20, 0x76, 0x61, 0x72, 0x28, 0x2d, 0x2d, 0x73, 0x77, 0x61, 0x74, 0x63
  .byte 0x68, 0x2d, 0x77, 0x68, 0x69, 0x74, 0x65, 0x2d, 0x61, 0x34, 0x30, 0x29, 0x3b, 0x0a, 0x20, 0x20
  .byte 0x2d, 0x2d, 0x74, 0x65, 0x78, 0x74, 0x2d, 0x64, 0x61, 0x6e, 0x67, 0x65, 0x72, 0x2d, 0x69, 0x6e
  .byte 0x76, 0x65, 0x72, 0x74, 0x65, 0x64, 0x2d, 0x74, 0x65, 0x72, 0x74, 0x69, 0x61, 0x72, 0x79, 0x3a
  .byte 0x20, 0x76, 0x61, 0x72, 0x28, 0x2d, 0x2d, 0x73, 0x77, 0x61, 0x74, 0x63, 0x68, 0x2d, 0x77, 0x68
  .byte 0x69, 0x74, 0x65, 0x2d, 0x61, 0x32, 0x30, 0x29, 0x3b, 0x0a, 0x0a, 0x20, 0x20, 0x2f, 0x2a, 0x20
  .byte 0x54, 0x65, 0x78, 0x74, 0x20, 0x2f, 0x20, 0x49, 0x6e, 0x66, 0x6f, 0x20, 0x2a, 0x2f, 0x0a, 0x20
  .byte 0x20, 0x2d, 0x2d, 0x74, 0x65, 0x78, 0x74, 0x2d, 0x69, 0x6e, 0x66, 0x6f, 0x2d, 0x70, 0x72, 0x69
  .byte 0x6d, 0x61, 0x72, 0x79, 0x3a, 0x20, 0x76, 0x61, 0x72, 0x28, 0x2d, 0x2d, 0x73, 0x77, 0x61, 0x74
  .byte 0x63, 0x68, 0x2d, 0x62, 0x6c, 0x75, 0x65, 0x2d, 0x38, 0x30, 0x30, 0x29, 0x3b, 0x0a, 0x20, 0x20
  .byte 0x2d, 0x2d, 0x74, 0x65, 0x78, 0x74, 0x2d, 0x69, 0x6e, 0x66, 0x6f, 0x2d, 0x69, 0x6e, 0x76, 0x65
  .byte 0x72, 0x74, 0x65, 0x64, 0x3a, 0x20, 0x76, 0x61, 0x72, 0x28, 0x2d, 0x2d, 0x73, 0x77, 0x61, 0x74
  .byte 0x63, 0x68, 0x2d, 0x62, 0x6c, 0x75, 0x65, 0x2d, 0x31, 0x30, 0x30, 0x29, 0x3b, 0x0a, 0x0a, 0x20
  .byte 0x20, 0x2f, 0x2a, 0x20, 0x54, 0x65, 0x78, 0x74, 0x20, 0x2f, 0x20, 0x50, 0x69, 0x6e, 0x6b, 0x20
  .byte 0x2a, 0x2f, 0x0a, 0x20, 0x20, 0x2d, 0x2d, 0x74, 0x65, 0x78, 0x74, 0x2d, 0x70, 0x69, 0x6e, 0x6b
  .byte 0x2d, 0x70, 0x72, 0x69, 0x6d, 0x61, 0x72, 0x79, 0x3a, 0x20, 0x76, 0x61, 0x72, 0x28, 0x2d, 0x2d
  .byte 0x73, 0x77, 0x61, 0x74, 0x63, 0x68, 0x2d, 0x70, 0x69, 0x6e, 0x6b, 0x2d, 0x38, 0x30, 0x30, 0x29
  .byte 0x3b, 0x0a, 0x20, 0x20, 0x2d, 0x2d, 0x74, 0x65, 0x78, 0x74, 0x2d, 0x70, 0x69, 0x6e, 0x6b, 0x2d
  .byte 0x69, 0x6e, 0x76, 0x65, 0x72, 0x74, 0x65, 0x64, 0x3a, 0x20, 0x76, 0x61, 0x72, 0x28, 0x2d, 0x2d
  .byte 0x73, 0x77, 0x61, 0x74, 0x63, 0x68, 0x2d, 0x70, 0x69, 0x6e, 0x6b, 0x2d, 0x31, 0x30, 0x30, 0x29
  .byte 0x3b, 0x0a, 0x0a, 0x20, 0x20, 0x2f, 0x2a, 0x20, 0x54, 0x65, 0x78, 0x74, 0x20, 0x2f, 0x20, 0x50
  .byte 0x75, 0x72, 0x70, 0x6c, 0x65, 0x20, 0x2a, 0x2f, 0x0a, 0x20, 0x20, 0x2d, 0x2d, 0x74, 0x65, 0x78
  .byte 0x74, 0x2d, 0x70, 0x75, 0x72, 0x70, 0x6c, 0x65, 0x2d, 0x70, 0x72, 0x69, 0x6d, 0x61, 0x72, 0x79
  .byte 0x3a, 0x20, 0x76, 0x61, 0x72, 0x28, 0x2d, 0x2d, 0x73, 0x77, 0x61, 0x74, 0x63, 0x68, 0x2d, 0x70
  .byte 0x75, 0x72, 0x70, 0x6c, 0x65, 0x2d, 0x38, 0x30, 0x30, 0x29, 0x3b, 0x0a, 0x20, 0x20, 0x2d, 0x2d
  .byte 0x74, 0x65, 0x78, 0x74, 0x2d, 0x70, 0x75, 0x72, 0x70, 0x6c, 0x65, 0x2d, 0x69, 0x6e, 0x76, 0x65
  .byte 0x72, 0x74, 0x65, 0x64, 0x3a, 0x20, 0x76, 0x61, 0x72, 0x28, 0x2d, 0x2d, 0x73, 0x77, 0x61, 0x74
  .byte 0x63, 0x68, 0x2d, 0x70, 0x75, 0x72, 0x70, 0x6c, 0x65, 0x2d, 0x31, 0x30, 0x30, 0x29, 0x3b, 0x0a
  .byte 0x0a, 0x20, 0x20, 0x2f, 0x2a, 0x20, 0x49, 0x6e, 0x74, 0x65, 0x72, 0x61, 0x63, 0x74, 0x69, 0x76
  .byte 0x65, 0x20, 0x2f, 0x20, 0x42, 0x72, 0x61, 0x6e, 0x64, 0x20, 0x2a, 0x2f, 0x0a, 0x20, 0x20, 0x2d
  .byte 0x2d, 0x69, 0x6e, 0x74, 0x65, 0x72, 0x61, 0x63, 0x74, 0x69, 0x76, 0x65, 0x2d, 0x61, 0x63, 0x63
  .byte 0x65, 0x6e, 0x74, 0x2d, 0x64, 0x65, 0x66, 0x61, 0x75, 0x6c, 0x74, 0x3a, 0x20, 0x76, 0x61, 0x72
  .byte 0x28, 0x2d, 0x2d, 0x73, 0x77, 0x61, 0x74, 0x63, 0x68, 0x2d, 0x62, 0x6c, 0x61, 0x63, 0x6b, 0x29
  .byte 0x3b, 0x0a, 0x20, 0x20, 0x2d, 0x2d, 0x69, 0x6e, 0x74, 0x65, 0x72, 0x61, 0x63, 0x74, 0x69, 0x76
  .byte 0x65, 0x2d, 0x61, 0x63, 0x63, 0x65, 0x6e, 0x74, 0x2d, 0x68, 0x6f, 0x76, 0x65, 0x72, 0x3a, 0x20
  .byte 0x76, 0x61, 0x72, 0x28, 0x2d, 0x2d, 0x73, 0x77, 0x61, 0x74, 0x63, 0x68, 0x2d, 0x62, 0x6c, 0x61
  .byte 0x63, 0x6b, 0x2d, 0x61, 0x38, 0x30, 0x29, 0x3b, 0x0a, 0x20, 0x20, 0x2d, 0x2d, 0x69, 0x6e, 0x74
  .byte 0x65, 0x72, 0x61, 0x63, 0x74, 0x69, 0x76, 0x65, 0x2d, 0x61, 0x63, 0x63, 0x65, 0x6e, 0x74, 0x2d
  .byte 0x64, 0x69, 0x73, 0x61, 0x62, 0x6c, 0x65, 0x64, 0x3a, 0x20, 0x76, 0x61, 0x72, 0x28, 0x2d, 0x2d
  .byte 0x73, 0x77, 0x61, 0x74, 0x63, 0x68, 0x2d, 0x62, 0x6c, 0x61, 0x63, 0x6b, 0x2d, 0x61, 0x34, 0x30
  .byte 0x29, 0x3b, 0x0a, 0x20, 0x20, 0x2d, 0x2d, 0x69, 0x6e, 0x74, 0x65, 0x72, 0x61, 0x63, 0x74, 0x69
  .byte 0x76, 0x65, 0x2d, 0x61, 0x63, 0x63, 0x65, 0x6e, 0x74, 0x2d, 0x70, 0x72, 0x65, 0x73, 0x73, 0x65
  .byte 0x64, 0x3a, 0x20, 0x76, 0x61, 0x72, 0x28, 0x2d, 0x2d, 0x73, 0x77, 0x61, 0x74, 0x63, 0x68, 0x2d
  .byte 0x62, 0x6c, 0x61, 0x63, 0x6b, 0x29, 0x3b, 0x0a, 0x0a, 0x20, 0x20, 0x2f, 0x2a, 0x20, 0x49, 0x6e
  .byte 0x74, 0x65, 0x72, 0x61, 0x63, 0x74, 0x69, 0x76, 0x65, 0x20, 0x2f, 0x20, 0x44, 0x65, 0x73, 0x74
  .byte 0x72, 0x75, 0x63, 0x74, 0x69, 0x76, 0x65, 0x20, 0x2a, 0x2f, 0x0a, 0x20, 0x20, 0x2d, 0x2d, 0x69
  .byte 0x6e, 0x74, 0x65, 0x72, 0x61, 0x63, 0x74, 0x69, 0x76, 0x65, 0x2d, 0x64, 0x65, 0x73, 0x74, 0x72
  .byte 0x75, 0x63, 0x74, 0x69, 0x76, 0x65, 0x2d, 0x64, 0x65, 0x66, 0x61, 0x75, 0x6c, 0x74, 0x3a, 0x20
  .byte 0x76, 0x61, 0x72, 0x28, 0x2d, 0x2d, 0x73, 0x77, 0x61, 0x74, 0x63, 0x68, 0x2d, 0x72, 0x65, 0x64
  .byte 0x2d, 0x36, 0x30, 0x30, 0x2d, 0x61, 0x30, 0x32, 0x29, 0x3b, 0x0a, 0x20, 0x20, 0x2d, 0x2d, 0x69
  .byte 0x6e, 0x74, 0x65, 0x72, 0x61, 0x63, 0x74, 0x69, 0x76, 0x65, 0x2d, 0x64, 0x65, 0x73, 0x74, 0x72
  .byte 0x75, 0x63, 0x74, 0x69, 0x76, 0x65, 0x2d, 0x68, 0x6f, 0x76, 0x65, 0x72, 0x3a, 0x20, 0x76, 0x61
  .byte 0x72, 0x28, 0x2d, 0x2d, 0x73, 0x77, 0x61, 0x74, 0x63, 0x68, 0x2d, 0x72, 0x65, 0x64, 0x2d, 0x36
  .byte 0x30, 0x30, 0x2d, 0x61, 0x30, 0x38, 0x29, 0x3b, 0x0a, 0x20, 0x20, 0x2d, 0x2d, 0x69, 0x6e, 0x74
  .byte 0x65, 0x72, 0x61, 0x63, 0x74, 0x69, 0x76, 0x65, 0x2d, 0x64, 0x65, 0x73, 0x74, 0x72, 0x75, 0x63
  .byte 0x74, 0x69, 0x76, 0x65, 0x2d, 0x64, 0x69, 0x73, 0x61, 0x62, 0x6c, 0x65, 0x64, 0x3a, 0x20, 0x76
  .byte 0x61, 0x72, 0x28, 0x2d, 0x2d, 0x73, 0x77, 0x61, 0x74, 0x63, 0x68, 0x2d, 0x72, 0x65, 0x64, 0x2d
  .byte 0x36, 0x30, 0x30, 0x2d, 0x61, 0x30, 0x32, 0x29, 0x3b, 0x0a, 0x20, 0x20, 0x2d, 0x2d, 0x69, 0x6e
  .byte 0x74, 0x65, 0x72, 0x61, 0x63, 0x74, 0x69, 0x76, 0x65, 0x2d, 0x64, 0x65, 0x73, 0x74, 0x72, 0x75
  .byte 0x63, 0x74, 0x69, 0x76, 0x65, 0x2d, 0x70, 0x72, 0x65, 0x73, 0x73, 0x65, 0x64, 0x3a, 0x20, 0x76
  .byte 0x61, 0x72, 0x28, 0x2d, 0x2d, 0x73, 0x77, 0x61, 0x74, 0x63, 0x68, 0x2d, 0x72, 0x65, 0x64, 0x2d
  .byte 0x36, 0x30, 0x30, 0x2d, 0x61, 0x31, 0x30, 0x29, 0x3b, 0x0a, 0x0a, 0x20, 0x20, 0x2f, 0x2a, 0x20
  .byte 0x49, 0x6e, 0x74, 0x65, 0x72, 0x61, 0x63, 0x74, 0x69, 0x76, 0x65, 0x20, 0x2f, 0x20, 0x44, 0x65
  .byte 0x73, 0x74, 0x72, 0x75, 0x63, 0x74, 0x69, 0x76, 0x65, 0x20, 0x2f, 0x20, 0x41, 0x63, 0x63, 0x65
  .byte 0x6e, 0x74, 0x20, 0x2a, 0x2f, 0x0a, 0x20, 0x20, 0x2d, 0x2d, 0x69, 0x6e, 0x74, 0x65, 0x72, 0x61
  .byte 0x63, 0x74, 0x69, 0x76, 0x65, 0x2d, 0x64, 0x65, 0x73, 0x74, 0x72, 0x75, 0x63, 0x74, 0x69, 0x76
  .byte 0x65, 0x2d, 0x61, 0x63, 0x63, 0x65, 0x6e, 0x74, 0x2d, 0x64, 0x65, 0x66, 0x61, 0x75, 0x6c, 0x74
  .byte 0x3a, 0x20, 0x76, 0x61, 0x72, 0x28, 0x2d, 0x2d, 0x73, 0x77, 0x61, 0x74, 0x63, 0x68, 0x2d, 0x72
  .byte 0x65, 0x64, 0x2d, 0x36, 0x30, 0x30, 0x29, 0x3b, 0x0a, 0x20, 0x20, 0x2d, 0x2d, 0x69, 0x6e, 0x74
  .byte 0x65, 0x72, 0x61, 0x63, 0x74, 0x69, 0x76, 0x65, 0x2d, 0x64, 0x65, 0x73, 0x74, 0x72, 0x75, 0x63
  .byte 0x74, 0x69, 0x76, 0x65, 0x2d, 0x61, 0x63, 0x63, 0x65, 0x6e, 0x74, 0x2d, 0x68, 0x6f, 0x76, 0x65
  .byte 0x72, 0x3a, 0x20, 0x76, 0x61, 0x72, 0x28, 0x2d, 0x2d, 0x73, 0x77, 0x61, 0x74, 0x63, 0x68, 0x2d
  .byte 0x72, 0x65, 0x64, 0x2d, 0x35, 0x30, 0x30, 0x29, 0x3b, 0x0a, 0x20, 0x20, 0x2d, 0x2d, 0x69, 0x6e
  .byte 0x74, 0x65, 0x72, 0x61, 0x63, 0x74, 0x69, 0x76, 0x65, 0x2d, 0x64, 0x65, 0x73, 0x74, 0x72, 0x75
  .byte 0x63, 0x74, 0x69, 0x76, 0x65, 0x2d, 0x61, 0x63, 0x63, 0x65, 0x6e, 0x74, 0x2d, 0x70, 0x72, 0x65
  .byte 0x73, 0x73, 0x65, 0x64, 0x3a, 0x20, 0x76, 0x61, 0x72, 0x28, 0x2d, 0x2d, 0x73, 0x77, 0x61, 0x74
  .byte 0x63, 0x68, 0x2d, 0x72, 0x65, 0x64, 0x2d, 0x37, 0x30, 0x30, 0x29, 0x3b, 0x0a, 0x20, 0x20, 0x2d
  .byte 0x2d, 0x69, 0x6e, 0x74, 0x65, 0x72, 0x61, 0x63, 0x74, 0x69, 0x76, 0x65, 0x2d, 0x64, 0x65, 0x73
  .byte 0x74, 0x72, 0x75, 0x63, 0x74, 0x69, 0x76, 0x65, 0x2d, 0x61, 0x63, 0x63, 0x65, 0x6e, 0x74, 0x2d
  .byte 0x64, 0x69, 0x73, 0x61, 0x62, 0x6c, 0x65, 0x64, 0x3a, 0x20, 0x76, 0x61, 0x72, 0x28, 0x2d, 0x2d
  .byte 0x73, 0x77, 0x61, 0x74, 0x63, 0x68, 0x2d, 0x72, 0x65, 0x64, 0x2d, 0x36, 0x30, 0x30, 0x2d, 0x61
  .byte 0x34, 0x30, 0x29, 0x3b, 0x0a, 0x0a, 0x20, 0x20, 0x2f, 0x2a, 0x20, 0x42, 0x6f, 0x72, 0x64, 0x65
  .byte 0x72, 0x20, 0x2a, 0x2f, 0x0a, 0x20, 0x20, 0x2d, 0x2d, 0x62, 0x6f, 0x72, 0x64, 0x65, 0x72, 0x2d
  .byte 0x64, 0x65, 0x66, 0x61, 0x75, 0x6c, 0x74, 0x3a, 0x20, 0x76, 0x61, 0x72, 0x28, 0x2d, 0x2d, 0x73
  .byte 0x77, 0x61, 0x74, 0x63, 0x68, 0x2d, 0x62, 0x6c, 0x61, 0x63, 0x6b, 0x2d, 0x61, 0x30, 0x36, 0x29
  .byte 0x3b, 0x0a, 0x20, 0x20, 0x2d, 0x2d, 0x62, 0x6f, 0x72, 0x64, 0x65, 0x72, 0x2d, 0x69, 0x6e, 0x74
  .byte 0x65, 0x72, 0x61, 0x63, 0x74, 0x69, 0x76, 0x65, 0x3a, 0x20, 0x76, 0x61, 0x72, 0x28, 0x2d, 0x2d
  .byte 0x73, 0x77, 0x61, 0x74, 0x63, 0x68, 0x2d, 0x62, 0x6c, 0x61, 0x63, 0x6b, 0x2d, 0x61, 0x31, 0x30
  .byte 0x29, 0x3b, 0x0a, 0x20, 0x20, 0x2d, 0x2d, 0x62, 0x6f, 0x72, 0x64, 0x65, 0x72, 0x2d, 0x69, 0x6e
  .byte 0x74, 0x65, 0x72, 0x61, 0x63, 0x74, 0x69, 0x76, 0x65, 0x2d, 0x65, 0x6d, 0x70, 0x68, 0x61, 0x73
  .byte 0x69, 0x73, 0x3a, 0x20, 0x76, 0x61, 0x72, 0x28, 0x2d, 0x2d, 0x73, 0x77, 0x61, 0x74, 0x63, 0x68
  .byte 0x2d, 0x62, 0x6c, 0x61, 0x63, 0x6b, 0x2d, 0x61, 0x33, 0x30, 0x29, 0x3b, 0x0a, 0x20, 0x20, 0x2d
  .byte 0x2d, 0x62, 0x6f, 0x72, 0x64, 0x65, 0x72, 0x2d, 0x69, 0x6e, 0x74, 0x65, 0x72, 0x61, 0x63, 0x74
  .byte 0x69, 0x76, 0x65, 0x2d, 0x73, 0x65, 0x6c, 0x65, 0x63, 0x74, 0x65, 0x64, 0x3a, 0x20, 0x76, 0x61
  .byte 0x72, 0x28, 0x2d, 0x2d, 0x73, 0x77, 0x61, 0x74, 0x63, 0x68, 0x2d, 0x6e, 0x65, 0x75, 0x74, 0x72
  .byte 0x61, 0x6c, 0x2d, 0x39, 0x35, 0x30, 0x29, 0x3b, 0x0a, 0x20, 0x20, 0x2d, 0x2d, 0x62, 0x6f, 0x72
  .byte 0x64, 0x65, 0x72, 0x2d, 0x61, 0x63, 0x63, 0x65, 0x6e, 0x74, 0x3a, 0x20, 0x76, 0x61, 0x72, 0x28
  .byte 0x2d, 0x2d, 0x73, 0x77, 0x61, 0x74, 0x63, 0x68, 0x2d, 0x77, 0x68, 0x69, 0x74, 0x65, 0x2d, 0x61
  .byte 0x30, 0x38, 0x29, 0x3b, 0x0a, 0x20, 0x20, 0x2d, 0x2d, 0x62, 0x6f, 0x72, 0x64, 0x65, 0x72, 0x2d
  .byte 0x61, 0x63, 0x63, 0x65, 0x6e, 0x74, 0x2d, 0x65, 0x6d, 0x70, 0x68, 0x61, 0x73, 0x69, 0x73, 0x3a
  .byte 0x20, 0x76, 0x61, 0x72, 0x28, 0x2d, 0x2d, 0x73, 0x77, 0x61, 0x74, 0x63, 0x68, 0x2d, 0x77, 0x68
  .byte 0x69, 0x74, 0x65, 0x2d, 0x61, 0x33, 0x30, 0x29, 0x3b, 0x0a, 0x20, 0x20, 0x2d, 0x2d, 0x62, 0x6f
  .byte 0x72, 0x64, 0x65, 0x72, 0x2d, 0x61, 0x63, 0x63, 0x65, 0x6e, 0x74, 0x2d, 0x73, 0x65, 0x6c, 0x65
  .byte 0x63, 0x74, 0x65, 0x64, 0x3a, 0x20, 0x76, 0x61, 0x72, 0x28, 0x2d, 0x2d, 0x73, 0x77, 0x61, 0x74
  .byte 0x63, 0x68, 0x2d, 0x77, 0x68, 0x69, 0x74, 0x65, 0x29, 0x3b, 0x0a, 0x20, 0x20, 0x2d, 0x2d, 0x62
  .byte 0x6f, 0x72, 0x64, 0x65, 0x72, 0x2d, 0x69, 0x6e, 0x66, 0x6f, 0x3a, 0x20, 0x76, 0x61, 0x72, 0x28
  .byte 0x2d, 0x2d, 0x73, 0x77, 0x61, 0x74, 0x63, 0x68, 0x2d, 0x62, 0x6c, 0x75, 0x65, 0x2d, 0x35, 0x30
  .byte 0x30, 0x2d, 0x61, 0x30, 0x38, 0x29, 0x3b, 0x0a, 0x20, 0x20, 0x2d, 0x2d, 0x62, 0x6f, 0x72, 0x64
  .byte 0x65, 0x72, 0x2d, 0x69, 0x6e, 0x66, 0x6f, 0x2d, 0x65, 0x6d, 0x70, 0x68, 0x61, 0x73, 0x69, 0x73
  .byte 0x3a, 0x20, 0x76, 0x61, 0x72, 0x28, 0x2d, 0x2d, 0x73, 0x77, 0x61, 0x74, 0x63, 0x68, 0x2d, 0x62
  .byte 0x6c, 0x75, 0x65, 0x2d, 0x36, 0x30, 0x30, 0x29, 0x3b, 0x0a, 0x20, 0x20, 0x2d, 0x2d, 0x62, 0x6f
  .byte 0x72, 0x64, 0x65, 0x72, 0x2d, 0x61, 0x6c, 0x65, 0x72, 0x74, 0x3a, 0x20, 0x76, 0x61, 0x72, 0x28
  .byte 0x2d, 0x2d, 0x73, 0x77, 0x61, 0x74, 0x63, 0x68, 0x2d, 0x79, 0x65, 0x6c, 0x6c, 0x6f, 0x77, 0x2d
  .byte 0x34, 0x30, 0x30, 0x2d, 0x61, 0x30, 0x38, 0x29, 0x3b, 0x0a, 0x20, 0x20, 0x2d, 0x2d, 0x62, 0x6f
  .byte 0x72, 0x64, 0x65, 0x72, 0x2d, 0x61, 0x6c, 0x65, 0x72, 0x74, 0x2d, 0x65, 0x6d, 0x70, 0x68, 0x61
  .byte 0x73, 0x69, 0x73, 0x3a, 0x20, 0x76, 0x61, 0x72, 0x28, 0x2d, 0x2d, 0x73, 0x77, 0x61, 0x74, 0x63
  .byte 0x68, 0x2d, 0x79, 0x65, 0x6c, 0x6c, 0x6f, 0x77, 0x2d, 0x36, 0x30, 0x30, 0x29, 0x3b, 0x0a, 0x20
  .byte 0x20, 0x2d, 0x2d, 0x62, 0x6f, 0x72, 0x64, 0x65, 0x72, 0x2d, 0x73, 0x75, 0x63, 0x63, 0x65, 0x73
  .byte 0x73, 0x3a, 0x20, 0x76, 0x61, 0x72, 0x28, 0x2d, 0x2d, 0x73, 0x77, 0x61, 0x74, 0x63, 0x68, 0x2d
  .byte 0x67, 0x72, 0x65, 0x65, 0x6e, 0x2d, 0x36, 0x30, 0x30, 0x2d, 0x61, 0x30, 0x38, 0x29, 0x3b, 0x0a
  .byte 0x20, 0x20, 0x2d, 0x2d, 0x62, 0x6f, 0x72, 0x64, 0x65, 0x72, 0x2d, 0x73, 0x75, 0x63, 0x63, 0x65
  .byte 0x73, 0x73, 0x2d, 0x65, 0x6d, 0x70, 0x68, 0x61, 0x73, 0x69, 0x73, 0x3a, 0x20, 0x76, 0x61, 0x72
  .byte 0x28, 0x2d, 0x2d, 0x73, 0x77, 0x61, 0x74, 0x63, 0x68, 0x2d, 0x67, 0x72, 0x65, 0x65, 0x6e, 0x2d
  .byte 0x36, 0x30, 0x30, 0x29, 0x3b, 0x0a, 0x20, 0x20, 0x2d, 0x2d, 0x62, 0x6f, 0x72, 0x64, 0x65, 0x72
  .byte 0x2d, 0x64, 0x61, 0x6e, 0x67, 0x65, 0x72, 0x3a, 0x20, 0x76, 0x61, 0x72, 0x28, 0x2d, 0x2d, 0x73
  .byte 0x77, 0x61, 0x74, 0x63, 0x68, 0x2d, 0x72, 0x65, 0x64, 0x2d, 0x36, 0x30, 0x30, 0x2d, 0x61, 0x30
  .byte 0x38, 0x29, 0x3b, 0x0a, 0x20, 0x20, 0x2d, 0x2d, 0x62, 0x6f, 0x72, 0x64, 0x65, 0x72, 0x2d, 0x64
  .byte 0x61, 0x6e, 0x67, 0x65, 0x72, 0x2d, 0x65, 0x6d, 0x70, 0x68, 0x61, 0x73, 0x69, 0x73, 0x3a, 0x20
  .byte 0x76, 0x61, 0x72, 0x28, 0x2d, 0x2d, 0x73, 0x77, 0x61, 0x74, 0x63, 0x68, 0x2d, 0x72, 0x65, 0x64
  .byte 0x2d, 0x36, 0x30, 0x30, 0x29, 0x3b, 0x0a, 0x7d, 0x0a, 0x0a, 0x3a, 0x72, 0x6f, 0x6f, 0x74, 0x5b
  .byte 0x64, 0x61, 0x74, 0x61, 0x2d, 0x74, 0x68, 0x65, 0x6d, 0x65, 0x3d, 0x22, 0x64, 0x61, 0x72, 0x6b
  .byte 0x22, 0x5d, 0x20, 0x7b, 0x0a, 0x20, 0x20, 0x2f, 0x2a, 0x20, 0x53, 0x75, 0x72, 0x66, 0x61, 0x63
  .byte 0x65, 0x20, 0x63, 0x6f, 0x6c, 0x6f, 0x72, 0x73, 0x20, 0x2a, 0x2f, 0x0a, 0x20, 0x20, 0x2d, 0x2d
  .byte 0x62, 0x61, 0x63, 0x6b, 0x67, 0x72, 0x6f, 0x75, 0x6e, 0x64, 0x3a, 0x20, 0x23, 0x30, 0x62, 0x30
  .byte 0x62, 0x30, 0x66, 0x3b, 0x0a, 0x20, 0x20, 0x2d, 0x2d, 0x66, 0x6f, 0x72, 0x65, 0x67, 0x72, 0x6f
  .byte 0x75, 0x6e, 0x64, 0x3a, 0x20, 0x76, 0x61, 0x72, 0x28, 0x2d, 0x2d, 0x73, 0x77, 0x61, 0x74, 0x63
  .byte 0x68, 0x2d, 0x6e, 0x65, 0x75, 0x74, 0x72, 0x61, 0x6c, 0x2d, 0x38, 0x30, 0x30, 0x29, 0x3b, 0x0a
  .byte 0x20, 0x20, 0x2d, 0x2d, 0x70, 0x6f, 0x70, 0x6f, 0x76, 0x65, 0x72, 0x2d, 0x62, 0x61, 0x63, 0x6b
  .byte 0x67, 0x72, 0x6f, 0x75, 0x6e, 0x64, 0x3a, 0x20, 0x76, 0x61, 0x72, 0x28, 0x2d, 0x2d, 0x73, 0x77
  .byte 0x61, 0x74, 0x63, 0x68, 0x2d, 0x6e, 0x65, 0x75, 0x74, 0x72, 0x61, 0x6c, 0x2d, 0x38, 0x30, 0x30
  .byte 0x29, 0x3b, 0x0a, 0x20, 0x20, 0x2d, 0x2d, 0x73, 0x75, 0x6e, 0x6b, 0x2d, 0x6c, 0x69, 0x67, 0x68
  .byte 0x74, 0x3a, 0x20, 0x76, 0x61, 0x72, 0x28, 0x2d, 0x2d, 0x73, 0x77, 0x61, 0x74, 0x63, 0x68, 0x2d
  .byte 0x77, 0x68, 0x69, 0x74, 0x65, 0x2d, 0x61, 0x30, 0x32, 0x29, 0x3b, 0x0a, 0x20, 0x20, 0x2d, 0x2d
  .byte 0x73, 0x75, 0x6e, 0x6b, 0x3a, 0x20, 0x76, 0x61, 0x72, 0x28, 0x2d, 0x2d, 0x73, 0x77, 0x61, 0x74
  .byte 0x63, 0x68, 0x2d, 0x77, 0x68, 0x69, 0x74, 0x65, 0x2d, 0x61, 0x30, 0x34, 0x29, 0x3b, 0x0a, 0x20
  .byte 0x20, 0x2d, 0x2d, 0x73, 0x75, 0x6e, 0x6b, 0x2d, 0x64, 0x65, 0x65, 0x70, 0x3a, 0x20, 0x76, 0x61
  .byte 0x72, 0x28, 0x2d, 0x2d, 0x73, 0x77, 0x61, 0x74, 0x63, 0x68, 0x2d, 0x77, 0x68, 0x69, 0x74, 0x65
  .byte 0x2d, 0x61, 0x30, 0x38, 0x29, 0x3b, 0x0a, 0x20, 0x20, 0x2d, 0x2d, 0x65, 0x6c, 0x65, 0x76, 0x61
  .byte 0x74, 0x65, 0x64, 0x2d, 0x6c, 0x69, 0x67, 0x68, 0x74, 0x3a, 0x20, 0x76, 0x61, 0x72, 0x28, 0x2d
  .byte 0x2d, 0x73, 0x77, 0x61, 0x74, 0x63, 0x68, 0x2d, 0x77, 0x68, 0x69, 0x74, 0x65, 0x2d, 0x61, 0x30
  .byte 0x34, 0x29, 0x3b, 0x0a, 0x20, 0x20, 0x2d, 0x2d, 0x65, 0x6c, 0x65, 0x76, 0x61, 0x74, 0x65, 0x64
  .byte 0x3a, 0x20, 0x76, 0x61, 0x72, 0x28, 0x2d, 0x2d, 0x73, 0x77, 0x61, 0x74, 0x63, 0x68, 0x2d, 0x77
  .byte 0x68, 0x69, 0x74, 0x65, 0x2d, 0x61, 0x30, 0x38, 0x29, 0x3b, 0x0a, 0x20, 0x20, 0x2d, 0x2d, 0x65
  .byte 0x6c, 0x65, 0x76, 0x61, 0x74, 0x65, 0x64, 0x2d, 0x73, 0x74, 0x72, 0x6f, 0x6e, 0x67, 0x3a, 0x20
  .byte 0x76, 0x61, 0x72, 0x28, 0x2d, 0x2d, 0x73, 0x77, 0x61, 0x74, 0x63, 0x68, 0x2d, 0x77, 0x68, 0x69
  .byte 0x74, 0x65, 0x2d, 0x61, 0x31, 0x36, 0x29, 0x3b, 0x0a, 0x20, 0x20, 0x2d, 0x2d, 0x65, 0x6c, 0x65
  .byte 0x76, 0x61, 0x74, 0x65, 0x64, 0x2d, 0x69, 0x6e, 0x74, 0x65, 0x6e, 0x73, 0x65, 0x3a, 0x20, 0x76
  .byte 0x61, 0x72, 0x28, 0x2d, 0x2d, 0x73, 0x77, 0x61, 0x74, 0x63, 0x68, 0x2d, 0x77, 0x68, 0x69, 0x74
  .byte 0x65, 0x2d, 0x61, 0x33, 0x32, 0x29, 0x3b, 0x0a, 0x20, 0x20, 0x2d, 0x2d, 0x6f, 0x76, 0x65, 0x72
  .byte 0x6c, 0x61, 0x79, 0x3a, 0x20, 0x76, 0x61, 0x72, 0x28, 0x2d, 0x2d, 0x73, 0x77, 0x61, 0x74, 0x63
  .byte 0x68, 0x2d, 0x62, 0x6c, 0x61, 0x63, 0x6b, 0x2d, 0x61, 0x35, 0x30, 0x29, 0x3b, 0x0a, 0x20, 0x20
  .byte 0x2d, 0x2d, 0x68, 0x69, 0x67, 0x68, 0x6c, 0x69, 0x67, 0x68, 0x74, 0x2d, 0x73, 0x75, 0x62, 0x74
  .byte 0x6c, 0x65, 0x3a, 0x20, 0x76, 0x61, 0x72, 0x28, 0x2d, 0x2d, 0x73, 0x77, 0x61, 0x74, 0x63, 0x68
  .byte 0x2d, 0x77, 0x68, 0x69, 0x74, 0x65, 0x2d, 0x61, 0x30, 0x34, 0x29, 0x3b, 0x0a, 0x20, 0x20, 0x2d
  .byte 0x2d, 0x68, 0x69, 0x67, 0x68, 0x6c, 0x69, 0x67, 0x68, 0x74, 0x3a, 0x20, 0x76, 0x61, 0x72, 0x28
  .byte 0x2d, 0x2d, 0x73, 0x77, 0x61, 0x74, 0x63, 0x68, 0x2d, 0x77, 0x68, 0x69, 0x74, 0x65, 0x2d, 0x61
  .byte 0x30, 0x38, 0x29, 0x3b, 0x0a, 0x20, 0x20, 0x2d, 0x2d, 0x68, 0x69, 0x67, 0x68, 0x6c, 0x69, 0x67
  .byte 0x68, 0x74, 0x2d, 0x73, 0x74, 0x72, 0x6f, 0x6e, 0x67, 0x3a, 0x20, 0x76, 0x61, 0x72, 0x28, 0x2d
  .byte 0x2d, 0x73, 0x77, 0x61, 0x74, 0x63, 0x68, 0x2d, 0x77, 0x68, 0x69, 0x74, 0x65, 0x2d, 0x61, 0x31
  .byte 0x36, 0x29, 0x3b, 0x0a, 0x20, 0x20, 0x2d, 0x2d, 0x68, 0x69, 0x67, 0x68, 0x6c, 0x69, 0x67, 0x68
  .byte 0x74, 0x2d, 0x69, 0x6e, 0x74, 0x65, 0x6e, 0x73, 0x65, 0x3a, 0x20, 0x76, 0x61, 0x72, 0x28, 0x2d
  .byte 0x2d, 0x73, 0x77, 0x61, 0x74, 0x63, 0x68, 0x2d, 0x77, 0x68, 0x69, 0x74, 0x65, 0x2d, 0x61, 0x33
  .byte 0x30, 0x29, 0x3b, 0x0a, 0x20, 0x20, 0x2d, 0x2d, 0x69, 0x6e, 0x76, 0x65, 0x72, 0x74, 0x65, 0x64
  .byte 0x2d, 0x62, 0x61, 0x63, 0x6b, 0x67, 0x72, 0x6f, 0x75, 0x6e, 0x64, 0x3a, 0x20, 0x76, 0x61, 0x72
  .byte 0x28, 0x2d, 0x2d, 0x73, 0x77, 0x61, 0x74, 0x63, 0x68, 0x2d, 0x6e, 0x65, 0x75, 0x74, 0x72, 0x61
  .byte 0x6c, 0x2d, 0x35, 0x30, 0x29, 0x3b, 0x0a, 0x20, 0x20, 0x2d, 0x2d, 0x69, 0x6e, 0x66, 0x6f, 0x2d
  .byte 0x62, 0x61, 0x63, 0x6b, 0x67, 0x72, 0x6f, 0x75, 0x6e, 0x64, 0x3a, 0x20, 0x76, 0x61, 0x72, 0x28
  .byte 0x2d, 0x2d, 0x73, 0x77, 0x61, 0x74, 0x63, 0x68, 0x2d, 0x62, 0x6c, 0x75, 0x65, 0x2d, 0x35, 0x30
  .byte 0x30, 0x29, 0x3b, 0x0a, 0x20, 0x20, 0x2d, 0x2d, 0x73, 0x75, 0x63, 0x63, 0x65, 0x73, 0x73, 0x2d
  .byte 0x62, 0x61, 0x63, 0x6b, 0x67, 0x72, 0x6f, 0x75, 0x6e, 0x64, 0x3a, 0x20, 0x76, 0x61, 0x72, 0x28
  .byte 0x2d, 0x2d, 0x73, 0x77, 0x61, 0x74, 0x63, 0x68, 0x2d, 0x67, 0x72, 0x65, 0x65, 0x6e, 0x2d, 0x36
  .byte 0x30, 0x30, 0x29, 0x3b, 0x0a, 0x20, 0x20, 0x2d, 0x2d, 0x61, 0x6c, 0x65, 0x72, 0x74, 0x2d, 0x62
  .byte 0x61, 0x63, 0x6b, 0x67, 0x72, 0x6f, 0x75, 0x6e, 0x64, 0x3a, 0x20, 0x76, 0x61, 0x72, 0x28, 0x2d
  .byte 0x2d, 0x73, 0x77, 0x61, 0x74, 0x63, 0x68, 0x2d, 0x79, 0x65, 0x6c, 0x6c, 0x6f, 0x77, 0x2d, 0x34
  .byte 0x30, 0x30, 0x29, 0x3b, 0x0a, 0x20, 0x20, 0x2d, 0x2d, 0x64, 0x61, 0x6e, 0x67, 0x65, 0x72, 0x2d
  .byte 0x62, 0x61, 0x63, 0x6b, 0x67, 0x72, 0x6f, 0x75, 0x6e, 0x64, 0x3a, 0x20, 0x76, 0x61, 0x72, 0x28
  .byte 0x2d, 0x2d, 0x73, 0x77, 0x61, 0x74, 0x63, 0x68, 0x2d, 0x72, 0x65, 0x64, 0x2d, 0x36, 0x30, 0x30
  .byte 0x29, 0x3b, 0x0a, 0x20, 0x20, 0x2d, 0x2d, 0x70, 0x75, 0x72, 0x70, 0x6c, 0x65, 0x2d, 0x62, 0x61
  .byte 0x63, 0x6b, 0x67, 0x72, 0x6f, 0x75, 0x6e, 0x64, 0x3a, 0x20, 0x76, 0x61, 0x72, 0x28, 0x2d, 0x2d
  .byte 0x73, 0x77, 0x61, 0x74, 0x63, 0x68, 0x2d, 0x70, 0x75, 0x72, 0x70, 0x6c, 0x65, 0x2d, 0x35, 0x30
  .byte 0x30, 0x29, 0x3b, 0x0a, 0x20, 0x20, 0x2d, 0x2d, 0x70, 0x69, 0x6e, 0x6b, 0x2d, 0x62, 0x61, 0x63
  .byte 0x6b, 0x67, 0x72, 0x6f, 0x75, 0x6e, 0x64, 0x3a, 0x20, 0x76, 0x61, 0x72, 0x28, 0x2d, 0x2d, 0x73
  .byte 0x77, 0x61, 0x74, 0x63, 0x68, 0x2d, 0x70, 0x69, 0x6e, 0x6b, 0x2d, 0x35, 0x30, 0x30, 0x29, 0x3b
  .byte 0x0a, 0x0a, 0x20, 0x20, 0x2f, 0x2a, 0x20, 0x54, 0x65, 0x78, 0x74, 0x20, 0x2f, 0x20, 0x4e, 0x65
  .byte 0x75, 0x74, 0x72, 0x61, 0x6c, 0x20, 0x2a, 0x2f, 0x0a, 0x20, 0x20, 0x2d, 0x2d, 0x74, 0x65, 0x78
  .byte 0x74, 0x2d, 0x6e, 0x65, 0x75, 0x74, 0x72, 0x61, 0x6c, 0x2d, 0x70, 0x72, 0x69, 0x6d, 0x61, 0x72
  .byte 0x79, 0x3a, 0x20, 0x23, 0x65, 0x32, 0x65, 0x31, 0x65, 0x36, 0x3b, 0x0a, 0x20, 0x20, 0x2d, 0x2d
  .byte 0x74, 0x65, 0x78, 0x74, 0x2d, 0x6e, 0x65, 0x75, 0x74, 0x72, 0x61, 0x6c, 0x2d, 0x73, 0x65, 0x63
  .byte 0x6f, 0x6e, 0x64, 0x61, 0x72, 0x79, 0x3a, 0x20, 0x76, 0x61, 0x72, 0x28, 0x2d, 0x2d, 0x73, 0x77
  .byte 0x61, 0x74, 0x63, 0x68, 0x2d, 0x77, 0x68, 0x69, 0x74, 0x65, 0x2d, 0x61, 0x35, 0x30, 0x29, 0x3b
  .byte 0x0a, 0x20, 0x20, 0x2d, 0x2d, 0x74, 0x65, 0x78, 0x74, 0x2d, 0x6e, 0x65, 0x75, 0x74, 0x72, 0x61
  .byte 0x6c, 0x2d, 0x74, 0x65, 0x72, 0x74, 0x69, 0x61, 0x72, 0x79, 0x3a, 0x20, 0x76, 0x61, 0x72, 0x28
  .byte 0x2d, 0x2d, 0x73, 0x77, 0x61, 0x74, 0x63, 0x68, 0x2d, 0x77, 0x68, 0x69, 0x74, 0x65, 0x2d, 0x61
  .byte 0x32, 0x30, 0x29, 0x3b, 0x0a, 0x20, 0x20, 0x2d, 0x2d, 0x74, 0x65, 0x78, 0x74, 0x2d, 0x6e, 0x65
  .byte 0x75, 0x74, 0x72, 0x61, 0x6c, 0x2d, 0x6c, 0x69, 0x6e, 0x6b, 0x3a, 0x20, 0x23, 0x65, 0x32, 0x65
  .byte 0x31, 0x65, 0x36, 0x3b, 0x0a, 0x0a, 0x20, 0x20, 0x2d, 0x2d, 0x74, 0x65, 0x78, 0x74, 0x2d, 0x62
  .byte 0x72, 0x61, 0x6e, 0x64, 0x3a, 0x20, 0x23, 0x65, 0x32, 0x65, 0x31, 0x65, 0x36, 0x3b, 0x0a, 0x0a
  .byte 0x20, 0x20, 0x2d, 0x2d, 0x74, 0x65, 0x78, 0x74, 0x2d, 0x77, 0x68, 0x69, 0x74, 0x65, 0x3a, 0x20
  .byte 0x76, 0x61, 0x72, 0x28, 0x2d, 0x2d, 0x73, 0x77, 0x61, 0x74, 0x63, 0x68, 0x2d, 0x77, 0x68, 0x69
  .byte 0x74, 0x65, 0x29, 0x3b, 0x0a, 0x20, 0x20, 0x2d, 0x2d, 0x74, 0x65, 0x78, 0x74, 0x2d, 0x62, 0x6c
  .byte 0x61, 0x63, 0x6b, 0x3a, 0x20, 0x76, 0x61, 0x72, 0x28, 0x2d, 0x2d, 0x73, 0x77, 0x61, 0x74, 0x63
  .byte 0x68, 0x2d, 0x62, 0x6c, 0x61, 0x63, 0x6b, 0x29, 0x3b, 0x0a, 0x0a, 0x20, 0x20, 0x2f, 0x2a, 0x20
  .byte 0x54, 0x65, 0x78, 0x74, 0x20, 0x2f, 0x20, 0x41, 0x63, 0x63, 0x65, 0x6e, 0x74, 0x20, 0x2a, 0x2f
  .byte 0x0a, 0x20, 0x20, 0x2d, 0x2d, 0x74, 0x65, 0x78, 0x74, 0x2d, 0x61, 0x63, 0x63, 0x65, 0x6e, 0x74
  .byte 0x2d, 0x70, 0x72, 0x69, 0x6d, 0x61, 0x72, 0x79, 0x3a, 0x20, 0x76, 0x61, 0x72, 0x28, 0x2d, 0x2d
  .byte 0x73, 0x77, 0x61, 0x74, 0x63, 0x68, 0x2d, 0x62, 0x6c, 0x61, 0x63, 0x6b, 0x29, 0x3b, 0x0a, 0x20
  .byte 0x20, 0x2d, 0x2d, 0x74, 0x65, 0x78, 0x74, 0x2d, 0x61, 0x63, 0x63, 0x65, 0x6e, 0x74, 0x2d, 0x73
  .byte 0x65, 0x63, 0x6f, 0x6e, 0x64, 0x61, 0x72, 0x79, 0x3a, 0x20, 0x76, 0x61, 0x72, 0x28, 0x2d, 0x2d
  .byte 0x73, 0x77, 0x61, 0x74, 0x63, 0x68, 0x2d, 0x62, 0x6c, 0x61, 0x63, 0x6b, 0x2d, 0x61, 0x35, 0x30
  .byte 0x29, 0x3b, 0x0a, 0x20, 0x20, 0x2d, 0x2d, 0x74, 0x65, 0x78, 0x74, 0x2d, 0x61, 0x63, 0x63, 0x65
  .byte 0x6e, 0x74, 0x2d, 0x74, 0x65, 0x72, 0x74, 0x69, 0x61, 0x72, 0x79, 0x3a, 0x20, 0x76, 0x61, 0x72
  .byte 0x28, 0x2d, 0x2d, 0x73, 0x77, 0x61, 0x74, 0x63, 0x68, 0x2d, 0x62, 0x6c, 0x61, 0x63, 0x6b, 0x2d
  .byte 0x61, 0x32, 0x30, 0x29, 0x3b, 0x0a, 0x0a, 0x20, 0x20, 0x2f, 0x2a, 0x20, 0x54, 0x65, 0x78, 0x74
  .byte 0x20, 0x2f, 0x20, 0x53, 0x75, 0x63, 0x63, 0x65, 0x73, 0x73, 0x20, 0x2a, 0x2f, 0x0a, 0x20, 0x20
  .byte 0x2d, 0x2d, 0x74, 0x65, 0x78, 0x74, 0x2d, 0x73, 0x75, 0x63, 0x63, 0x65, 0x73, 0x73, 0x2d, 0x70
  .byte 0x72, 0x69, 0x6d, 0x61, 0x72, 0x79, 0x3a, 0x20, 0x76, 0x61, 0x72, 0x28, 0x2d, 0x2d, 0x73, 0x77
  .byte 0x61, 0x74, 0x63, 0x68, 0x2d, 0x67, 0x72, 0x65, 0x65, 0x6e, 0x2d, 0x37, 0x30, 0x30, 0x29, 0x3b
  .byte 0x0a, 0x20, 0x20, 0x2d, 0x2d, 0x74, 0x65, 0x78, 0x74, 0x2d, 0x73, 0x75, 0x63, 0x63, 0x65, 0x73
  .byte 0x73, 0x2d, 0x69, 0x6e, 0x76, 0x65, 0x72, 0x74, 0x65, 0x64, 0x3a, 0x20, 0x76, 0x61, 0x72, 0x28
  .byte 0x2d, 0x2d, 0x73, 0x77, 0x61, 0x74, 0x63, 0x68, 0x2d, 0x67, 0x72, 0x65, 0x65, 0x6e, 0x2d, 0x31
  .byte 0x30, 0x30, 0x29, 0x3b, 0x0a, 0x0a, 0x20, 0x20, 0x2f, 0x2a, 0x20, 0x54, 0x65, 0x78, 0x74, 0x20
  .byte 0x2f, 0x20, 0x41, 0x6c, 0x65, 0x72, 0x74, 0x20, 0x2a, 0x2f, 0x0a, 0x20, 0x20, 0x2d, 0x2d, 0x74
  .byte 0x65, 0x78, 0x74, 0x2d, 0x61, 0x6c, 0x65, 0x72, 0x74, 0x2d, 0x70, 0x72, 0x69, 0x6d, 0x61, 0x72
  .byte 0x79, 0x3a, 0x20, 0x76, 0x61, 0x72, 0x28, 0x2d, 0x2d, 0x73, 0x77, 0x61, 0x74, 0x63, 0x68, 0x2d
  .byte 0x79, 0x65, 0x6c, 0x6c, 0x6f, 0x77, 0x2d, 0x38, 0x30, 0x30, 0x29, 0x3b, 0x0a, 0x20, 0x20, 0x2d
  .byte 0x2d, 0x74, 0x65, 0x78, 0x74, 0x2d, 0x61, 0x6c, 0x65, 0x72, 0x74, 0x2d, 0x69, 0x6e, 0x76, 0x65
  .byte 0x72, 0x74, 0x65, 0x64, 0x3a, 0x20, 0x76, 0x61, 0x72, 0x28, 0x2d, 0x2d, 0x73, 0x77, 0x61, 0x74
  .byte 0x63, 0x68, 0x2d, 0x79, 0x65, 0x6c, 0x6c, 0x6f, 0x77, 0x2d, 0x31, 0x30, 0x30, 0x29, 0x3b, 0x0a
  .byte 0x0a, 0x20, 0x20, 0x2f, 0x2a, 0x20, 0x54, 0x65, 0x78, 0x74, 0x20, 0x2f, 0x20, 0x44, 0x61, 0x6e
  .byte 0x67, 0x65, 0x72, 0x20, 0x2a, 0x2f, 0x0a, 0x20, 0x20, 0x2d, 0x2d, 0x74, 0x65, 0x78, 0x74, 0x2d
  .byte 0x64, 0x61, 0x6e, 0x67, 0x65, 0x72, 0x2d, 0x70, 0x72, 0x69, 0x6d, 0x61, 0x72, 0x79, 0x3a, 0x20
  .byte 0x76, 0x61, 0x72, 0x28, 0x2d, 0x2d, 0x73, 0x77, 0x61, 0x74, 0x63, 0x68, 0x2d, 0x72, 0x65, 0x64
  .byte 0x2d, 0x37, 0x30, 0x30, 0x29, 0x3b, 0x0a, 0x20, 0x20, 0x2d, 0x2d, 0x74, 0x65, 0x78, 0x74, 0x2d
  .byte 0x64, 0x61, 0x6e, 0x67, 0x65, 0x72, 0x2d, 0x73, 0x65, 0x63, 0x6f, 0x6e, 0x64, 0x61, 0x72, 0x79
  .byte 0x3a, 0x20, 0x76, 0x61, 0x72, 0x28, 0x2d, 0x2d, 0x73, 0x77, 0x61, 0x74, 0x63, 0x68, 0x2d, 0x72
  .byte 0x65, 0x64, 0x2d, 0x34, 0x30, 0x30, 0x29, 0x3b, 0x0a, 0x20, 0x20, 0x2d, 0x2d, 0x74, 0x65, 0x78
  .byte 0x74, 0x2d, 0x64, 0x61, 0x6e, 0x67, 0x65, 0x72, 0x2d, 0x74, 0x65, 0x72, 0x74, 0x69, 0x61, 0x72
  .byte 0x79, 0x3a, 0x20, 0x76, 0x61, 0x72, 0x28, 0x2d, 0x2d, 0x73, 0x77, 0x61, 0x74, 0x63, 0x68, 0x2d
  .byte 0x72, 0x65, 0x64, 0x2d, 0x33, 0x30, 0x30, 0x29, 0x3b, 0x0a, 0x0a, 0x20, 0x20, 0x2f, 0x2a, 0x20
  .byte 0x54, 0x65, 0x78, 0x74, 0x20, 0x2f, 0x20, 0x44, 0x61, 0x6e, 0x67, 0x65, 0x72, 0x20, 0x2f, 0x20
  .byte 0x49, 0x6e, 0x76, 0x65, 0x72, 0x74, 0x65, 0x64, 0x20, 0x2a, 0x2f, 0x0a, 0x20, 0x20, 0x2d, 0x2d
  .byte 0x74, 0x65, 0x78, 0x74, 0x2d, 0x64, 0x61, 0x6e, 0x67, 0x65, 0x72, 0x2d, 0x69, 0x6e, 0x76, 0x65
  .byte 0x72, 0x74, 0x65, 0x64, 0x2d, 0x70, 0x72, 0x69, 0x6d, 0x61, 0x72, 0x79, 0x3a, 0x20, 0x76, 0x61
  .byte 0x72, 0x28, 0x2d, 0x2d, 0x73, 0x77, 0x61, 0x74, 0x63, 0x68, 0x2d, 0x77, 0x68, 0x69, 0x74, 0x65
  .byte 0x29, 0x3b, 0x0a, 0x20, 0x20, 0x2d, 0x2d, 0x74, 0x65, 0x78, 0x74, 0x2d, 0x64, 0x61, 0x6e, 0x67
  .byte 0x65, 0x72, 0x2d, 0x69, 0x6e, 0x76, 0x65, 0x72, 0x74, 0x65, 0x64, 0x2d, 0x73, 0x65, 0x63, 0x6f
  .byte 0x6e, 0x64, 0x61, 0x72, 0x79, 0x3a, 0x20, 0x76, 0x61, 0x72, 0x28, 0x2d, 0x2d, 0x73, 0x77, 0x61
  .byte 0x74, 0x63, 0x68, 0x2d, 0x77, 0x68, 0x69, 0x74, 0x65, 0x2d, 0x61, 0x34, 0x30, 0x29, 0x3b, 0x0a
  .byte 0x20, 0x20, 0x2d, 0x2d, 0x74, 0x65, 0x78, 0x74, 0x2d, 0x64, 0x61, 0x6e, 0x67, 0x65, 0x72, 0x2d
  .byte 0x69, 0x6e, 0x76, 0x65, 0x72, 0x74, 0x65, 0x64, 0x2d, 0x74, 0x65, 0x72, 0x74, 0x69, 0x61, 0x72
  .byte 0x79, 0x3a, 0x20, 0x76, 0x61, 0x72, 0x28, 0x2d, 0x2d, 0x73, 0x77, 0x61, 0x74, 0x63, 0x68, 0x2d
  .byte 0x77, 0x68, 0x69, 0x74, 0x65, 0x2d, 0x61, 0x32, 0x30, 0x29, 0x3b, 0x0a, 0x0a, 0x20, 0x20, 0x2f
  .byte 0x2a, 0x20, 0x54, 0x65, 0x78, 0x74, 0x20, 0x2f, 0x20, 0x49, 0x6e, 0x66, 0x6f, 0x20, 0x2a, 0x2f
  .byte 0x0a, 0x20, 0x20, 0x2d, 0x2d, 0x74, 0x65, 0x78, 0x74, 0x2d, 0x69, 0x6e, 0x66, 0x6f, 0x2d, 0x70
  .byte 0x72, 0x69, 0x6d, 0x61, 0x72, 0x79, 0x3a, 0x20, 0x76, 0x61, 0x72, 0x28, 0x2d, 0x2d, 0x73, 0x77
  .byte 0x61, 0x74, 0x63, 0x68, 0x2d, 0x62, 0x6c, 0x75, 0x65, 0x2d, 0x38, 0x30, 0x30, 0x29, 0x3b, 0x0a
  .byte 0x20, 0x20, 0x2d, 0x2d, 0x74, 0x65, 0x78, 0x74, 0x2d, 0x69, 0x6e, 0x66, 0x6f, 0x2d, 0x69, 0x6e
  .byte 0x76, 0x65, 0x72, 0x74, 0x65, 0x64, 0x3a, 0x20, 0x76, 0x61, 0x72, 0x28, 0x2d, 0x2d, 0x73, 0x77
  .byte 0x61, 0x74, 0x63, 0x68, 0x2d, 0x62, 0x6c, 0x75, 0x65, 0x2d, 0x31, 0x30, 0x30, 0x29, 0x3b, 0x0a
  .byte 0x0a, 0x20, 0x20, 0x2f, 0x2a, 0x20, 0x54, 0x65, 0x78, 0x74, 0x20, 0x2f, 0x20, 0x50, 0x69, 0x6e
  .byte 0x6b, 0x20, 0x2a, 0x2f, 0x0a, 0x20, 0x20, 0x2d, 0x2d, 0x74, 0x65, 0x78, 0x74, 0x2d, 0x70, 0x69
  .byte 0x6e, 0x6b, 0x2d, 0x70, 0x72, 0x69, 0x6d, 0x61, 0x72, 0x79, 0x3a, 0x20, 0x76, 0x61, 0x72, 0x28
  .byte 0x2d, 0x2d, 0x73, 0x77, 0x61, 0x74, 0x63, 0x68, 0x2d, 0x70, 0x69, 0x6e, 0x6b, 0x2d, 0x38, 0x30
  .byte 0x30, 0x29, 0x3b, 0x0a, 0x20, 0x20, 0x2d, 0x2d, 0x74, 0x65, 0x78, 0x74, 0x2d, 0x70, 0x69, 0x6e
  .byte 0x6b, 0x2d, 0x69, 0x6e, 0x76, 0x65, 0x72, 0x74, 0x65, 0x64, 0x3a, 0x20, 0x76, 0x61, 0x72, 0x28
  .byte 0x2d, 0x2d, 0x73, 0x77, 0x61, 0x74, 0x63, 0x68, 0x2d, 0x70, 0x69, 0x6e, 0x6b, 0x2d, 0x31, 0x30
  .byte 0x30, 0x29, 0x3b, 0x0a, 0x0a, 0x20, 0x20, 0x2f, 0x2a, 0x20, 0x54, 0x65, 0x78, 0x74, 0x20, 0x2f
  .byte 0x20, 0x50, 0x75, 0x72, 0x70, 0x6c, 0x65, 0x20, 0x2a, 0x2f, 0x0a, 0x20, 0x20, 0x2d, 0x2d, 0x74
  .byte 0x65, 0x78, 0x74, 0x2d, 0x70, 0x75, 0x72, 0x70, 0x6c, 0x65, 0x2d, 0x70, 0x72, 0x69, 0x6d, 0x61
  .byte 0x72, 0x79, 0x3a, 0x20, 0x76, 0x61, 0x72, 0x28, 0x2d, 0x2d, 0x73, 0x77, 0x61, 0x74, 0x63, 0x68
  .byte 0x2d, 0x70, 0x75, 0x72, 0x70, 0x6c, 0x65, 0x2d, 0x38, 0x30, 0x30, 0x29, 0x3b, 0x0a, 0x20, 0x20
  .byte 0x2d, 0x2d, 0x74, 0x65, 0x78, 0x74, 0x2d, 0x70, 0x75, 0x72, 0x70, 0x6c, 0x65, 0x2d, 0x69, 0x6e
  .byte 0x76, 0x65, 0x72, 0x74, 0x65, 0x64, 0x3a, 0x20, 0x76, 0x61, 0x72, 0x28, 0x2d, 0x2d, 0x73, 0x77
  .byte 0x61, 0x74, 0x63, 0x68, 0x2d, 0x70, 0x75, 0x72, 0x70, 0x6c, 0x65, 0x2d, 0x31, 0x30, 0x30, 0x29
  .byte 0x3b, 0x0a, 0x0a, 0x20, 0x20, 0x2f, 0x2a, 0x20, 0x49, 0x6e, 0x74, 0x65, 0x72, 0x61, 0x63, 0x74
  .byte 0x69, 0x76, 0x65, 0x20, 0x2f, 0x20, 0x42, 0x72, 0x61, 0x6e, 0x64, 0x20, 0x2a, 0x2f, 0x0a, 0x20
  .byte 0x20, 0x2d, 0x2d, 0x69, 0x6e, 0x74, 0x65, 0x72, 0x61, 0x63, 0x74, 0x69, 0x76, 0x65, 0x2d, 0x61
  .byte 0x63, 0x63, 0x65, 0x6e, 0x74, 0x2d, 0x64, 0x65, 0x66, 0x61, 0x75, 0x6c, 0x74, 0x3a, 0x20, 0x76
  .byte 0x61, 0x72, 0x28, 0x2d, 0x2d, 0x73, 0x77, 0x61, 0x74, 0x63, 0x68, 0x2d, 0x77, 0x68, 0x69, 0x74
  .byte 0x65, 0x29, 0x3b, 0x0a, 0x20, 0x20, 0x2d, 0x2d, 0x69, 0x6e, 0x74, 0x65, 0x72, 0x61, 0x63, 0x74
  .byte 0x69, 0x76, 0x65, 0x2d, 0x61, 0x63, 0x63, 0x65, 0x6e, 0x74, 0x2d, 0x68, 0x6f, 0x76, 0x65, 0x72
  .byte 0x3a, 0x20, 0x76, 0x61, 0x72, 0x28, 0x2d, 0x2d, 0x73, 0x77, 0x61, 0x74, 0x63, 0x68, 0x2d, 0x77
  .byte 0x68, 0x69, 0x74, 0x65, 0x2d, 0x61, 0x38, 0x30, 0x29, 0x3b, 0x0a, 0x20, 0x20, 0x2d, 0x2d, 0x69
  .byte 0x6e, 0x74, 0x65, 0x72, 0x61, 0x63, 0x74, 0x69, 0x76, 0x65, 0x2d, 0x61, 0x63, 0x63, 0x65, 0x6e
  .byte 0x74, 0x2d, 0x64, 0x69, 0x73, 0x61, 0x62, 0x6c, 0x65, 0x64, 0x3a, 0x20, 0x76, 0x61, 0x72, 0x28
  .byte 0x2d, 0x2d, 0x73, 0x77, 0x61, 0x74, 0x63, 0x68, 0x2d, 0x77, 0x68, 0x69, 0x74, 0x65, 0x2d, 0x61
  .byte 0x34, 0x30, 0x29, 0x3b, 0x0a, 0x20, 0x20, 0x2d, 0x2d, 0x69, 0x6e, 0x74, 0x65, 0x72, 0x61, 0x63
  .byte 0x74, 0x69, 0x76, 0x65, 0x2d, 0x61, 0x63, 0x63, 0x65, 0x6e, 0x74, 0x2d, 0x70, 0x72, 0x65, 0x73
  .byte 0x73, 0x65, 0x64, 0x3a, 0x20, 0x76, 0x61, 0x72, 0x28, 0x2d, 0x2d, 0x73, 0x77, 0x61, 0x74, 0x63
  .byte 0x68, 0x2d, 0x77, 0x68, 0x69, 0x74, 0x65, 0x29, 0x3b, 0x0a, 0x0a, 0x20, 0x20, 0x2f, 0x2a, 0x20
  .byte 0x49, 0x6e, 0x74, 0x65, 0x72, 0x61, 0x63, 0x74, 0x69, 0x76, 0x65, 0x20, 0x2f, 0x20, 0x44, 0x65
  .byte 0x73, 0x74, 0x72, 0x75, 0x63, 0x74, 0x69, 0x76, 0x65, 0x20, 0x2a, 0x2f, 0x0a, 0x20, 0x20, 0x2d
  .byte 0x2d, 0x69, 0x6e, 0x74, 0x65, 0x72, 0x61, 0x63, 0x74, 0x69, 0x76, 0x65, 0x2d, 0x64, 0x65, 0x73
  .byte 0x74, 0x72, 0x75, 0x63, 0x74, 0x69, 0x76, 0x65, 0x2d, 0x64, 0x65, 0x66, 0x61, 0x75, 0x6c, 0x74
  .byte 0x3a, 0x20, 0x76, 0x61, 0x72, 0x28, 0x2d, 0x2d, 0x73, 0x77, 0x61, 0x74, 0x63, 0x68, 0x2d, 0x72
  .byte 0x65, 0x64, 0x2d, 0x36, 0x30, 0x30, 0x2d, 0x61, 0x30, 0x32, 0x29, 0x3b, 0x0a, 0x20, 0x20, 0x2d
  .byte 0x2d, 0x69, 0x6e, 0x74, 0x65, 0x72, 0x61, 0x63, 0x74, 0x69, 0x76, 0x65, 0x2d, 0x64, 0x65, 0x73
  .byte 0x74, 0x72, 0x75, 0x63, 0x74, 0x69, 0x76, 0x65, 0x2d, 0x68, 0x6f, 0x76, 0x65, 0x72, 0x3a, 0x20
  .byte 0x76, 0x61, 0x72, 0x28, 0x2d, 0x2d, 0x73, 0x77, 0x61, 0x74, 0x63, 0x68, 0x2d, 0x72, 0x65, 0x64
  .byte 0x2d, 0x36, 0x30, 0x30, 0x2d, 0x61, 0x30, 0x38, 0x29, 0x3b, 0x0a, 0x20, 0x20, 0x2d, 0x2d, 0x69
  .byte 0x6e, 0x74, 0x65, 0x72, 0x61, 0x63, 0x74, 0x69, 0x76, 0x65, 0x2d, 0x64, 0x65, 0x73, 0x74, 0x72
  .byte 0x75, 0x63, 0x74, 0x69, 0x76, 0x65, 0x2d, 0x64, 0x69, 0x73, 0x61, 0x62, 0x6c, 0x65, 0x64, 0x3a
  .byte 0x20, 0x76, 0x61, 0x72, 0x28, 0x2d, 0x2d, 0x73, 0x77, 0x61, 0x74, 0x63, 0x68, 0x2d, 0x72, 0x65
  .byte 0x64, 0x2d, 0x36, 0x30, 0x30, 0x2d, 0x61, 0x30, 0x32, 0x29, 0x3b, 0x0a, 0x20, 0x20, 0x2d, 0x2d
  .byte 0x69, 0x6e, 0x74, 0x65, 0x72, 0x61, 0x63, 0x74, 0x69, 0x76, 0x65, 0x2d, 0x64, 0x65, 0x73, 0x74
  .byte 0x72, 0x75, 0x63, 0x74, 0x69, 0x76, 0x65, 0x2d, 0x70, 0x72, 0x65, 0x73, 0x73, 0x65, 0x64, 0x3a
  .byte 0x20, 0x76, 0x61, 0x72, 0x28, 0x2d, 0x2d, 0x73, 0x77, 0x61, 0x74, 0x63, 0x68, 0x2d, 0x72, 0x65
  .byte 0x64, 0x2d, 0x36, 0x30, 0x30, 0x2d, 0x61, 0x31, 0x30, 0x29, 0x3b, 0x0a, 0x0a, 0x20, 0x20, 0x2f
  .byte 0x2a, 0x20, 0x49, 0x6e, 0x74, 0x65, 0x72, 0x61, 0x63, 0x74, 0x69, 0x76, 0x65, 0x20, 0x2f, 0x20
  .byte 0x44, 0x65, 0x73, 0x74, 0x72, 0x75, 0x63, 0x74, 0x69, 0x76, 0x65, 0x20, 0x2f, 0x20, 0x41, 0x63
  .byte 0x63, 0x65, 0x6e, 0x74, 0x20, 0x2a, 0x2f, 0x0a, 0x20, 0x20, 0x2d, 0x2d, 0x69, 0x6e, 0x74, 0x65
  .byte 0x72, 0x61, 0x63, 0x74, 0x69, 0x76, 0x65, 0x2d, 0x64, 0x65, 0x73, 0x74, 0x72, 0x75, 0x63, 0x74
  .byte 0x69, 0x76, 0x65, 0x2d, 0x61, 0x63, 0x63, 0x65, 0x6e, 0x74, 0x2d, 0x64, 0x65, 0x66, 0x61, 0x75
  .byte 0x6c, 0x74, 0x3a, 0x20, 0x76, 0x61, 0x72, 0x28, 0x2d, 0x2d, 0x73, 0x77, 0x61, 0x74, 0x63, 0x68
  .byte 0x2d, 0x72, 0x65, 0x64, 0x2d, 0x36, 0x30, 0x30, 0x29, 0x3b, 0x0a, 0x20, 0x20, 0x2d, 0x2d, 0x69
  .byte 0x6e, 0x74, 0x65, 0x72, 0x61, 0x63, 0x74, 0x69, 0x76, 0x65, 0x2d, 0x64, 0x65, 0x73, 0x74, 0x72
  .byte 0x75, 0x63, 0x74, 0x69, 0x76, 0x65, 0x2d, 0x61, 0x63, 0x63, 0x65, 0x6e, 0x74, 0x2d, 0x68, 0x6f
  .byte 0x76, 0x65, 0x72, 0x3a, 0x20, 0x76, 0x61, 0x72, 0x28, 0x2d, 0x2d, 0x73, 0x77, 0x61, 0x74, 0x63
  .byte 0x68, 0x2d, 0x72, 0x65, 0x64, 0x2d, 0x35, 0x30, 0x30, 0x29, 0x3b, 0x0a, 0x20, 0x20, 0x2d, 0x2d
  .byte 0x69, 0x6e, 0x74, 0x65, 0x72, 0x61, 0x63, 0x74, 0x69, 0x76, 0x65, 0x2d, 0x64, 0x65, 0x73, 0x74
  .byte 0x72, 0x75, 0x63, 0x74, 0x69, 0x76, 0x65, 0x2d, 0x61, 0x63, 0x63, 0x65, 0x6e, 0x74, 0x2d, 0x70
  .byte 0x72, 0x65, 0x73, 0x73, 0x65, 0x64, 0x3a, 0x20, 0x76, 0x61, 0x72, 0x28, 0x2d, 0x2d, 0x73, 0x77
  .byte 0x61, 0x74, 0x63, 0x68, 0x2d, 0x72, 0x65, 0x64, 0x2d, 0x37, 0x30, 0x30, 0x29, 0x3b, 0x0a, 0x20
  .byte 0x20, 0x2d, 0x2d, 0x69, 0x6e, 0x74, 0x65, 0x72, 0x61, 0x63, 0x74, 0x69, 0x76, 0x65, 0x2d, 0x64
  .byte 0x65, 0x73, 0x74, 0x72, 0x75, 0x63, 0x74, 0x69, 0x76, 0x65, 0x2d, 0x61, 0x63, 0x63, 0x65, 0x6e
  .byte 0x74, 0x2d, 0x64, 0x69, 0x73, 0x61, 0x62, 0x6c, 0x65, 0x64, 0x3a, 0x20, 0x76, 0x61, 0x72, 0x28
  .byte 0x2d, 0x2d, 0x73, 0x77, 0x61, 0x74, 0x63, 0x68, 0x2d, 0x72, 0x65, 0x64, 0x2d, 0x36, 0x30, 0x30
  .byte 0x2d, 0x61, 0x34, 0x30, 0x29, 0x3b, 0x0a, 0x0a, 0x20, 0x20, 0x2f, 0x2a, 0x20, 0x42, 0x6f, 0x72
  .byte 0x64, 0x65, 0x72, 0x20, 0x2a, 0x2f, 0x0a, 0x20, 0x20, 0x2d, 0x2d, 0x62, 0x6f, 0x72, 0x64, 0x65
  .byte 0x72, 0x2d, 0x64, 0x65, 0x66, 0x61, 0x75, 0x6c, 0x74, 0x3a, 0x20, 0x76, 0x61, 0x72, 0x28, 0x2d
  .byte 0x2d, 0x73, 0x77, 0x61, 0x74, 0x63, 0x68, 0x2d, 0x77, 0x68, 0x69, 0x74, 0x65, 0x2d, 0x61, 0x31
  .byte 0x32, 0x29, 0x3b, 0x0a, 0x20, 0x20, 0x2d, 0x2d, 0x62, 0x6f, 0x72, 0x64, 0x65, 0x72, 0x2d, 0x69
  .byte 0x6e, 0x74, 0x65, 0x72, 0x61, 0x63, 0x74, 0x69, 0x76, 0x65, 0x3a, 0x20, 0x76, 0x61, 0x72, 0x28
  .byte 0x2d, 0x2d, 0x73, 0x77, 0x61, 0x74, 0x63, 0x68, 0x2d, 0x77, 0x68, 0x69, 0x74, 0x65, 0x2d, 0x61
  .byte 0x32, 0x30, 0x29, 0x3b, 0x0a, 0x20, 0x20, 0x2d, 0x2d, 0x62, 0x6f, 0x72, 0x64, 0x65, 0x72, 0x2d
  .byte 0x69, 0x6e, 0x74, 0x65, 0x72, 0x61, 0x63, 0x74, 0x69, 0x76, 0x65, 0x2d, 0x65, 0x6d, 0x70, 0x68
  .byte 0x61, 0x73, 0x69, 0x73, 0x3a, 0x20, 0x76, 0x61, 0x72, 0x28, 0x2d, 0x2d, 0x73, 0x77, 0x61, 0x74
  .byte 0x63, 0x68, 0x2d, 0x77, 0x68, 0x69, 0x74, 0x65, 0x2d, 0x61, 0x34, 0x30, 0x29, 0x3b, 0x0a, 0x20
  .byte 0x20, 0x2d, 0x2d, 0x62, 0x6f, 0x72, 0x64, 0x65, 0x72, 0x2d, 0x69, 0x6e, 0x74, 0x65, 0x72, 0x61
  .byte 0x63, 0x74, 0x69, 0x76, 0x65, 0x2d, 0x73, 0x65, 0x6c, 0x65, 0x63, 0x74, 0x65, 0x64, 0x3a, 0x20
  .byte 0x76, 0x61, 0x72, 0x28, 0x2d, 0x2d, 0x73, 0x77, 0x61, 0x74, 0x63, 0x68, 0x2d, 0x77, 0x68, 0x69
  .byte 0x74, 0x65, 0x29, 0x3b, 0x0a, 0x20, 0x20, 0x2d, 0x2d, 0x62, 0x6f, 0x72, 0x64, 0x65, 0x72, 0x2d
  .byte 0x61, 0x63, 0x63, 0x65, 0x6e, 0x74, 0x3a, 0x20, 0x76, 0x61, 0x72, 0x28, 0x2d, 0x2d, 0x73, 0x77
  .byte 0x61, 0x74, 0x63, 0x68, 0x2d, 0x77, 0x68, 0x69, 0x74, 0x65, 0x2d, 0x61, 0x32, 0x30, 0x29, 0x3b
  .byte 0x0a, 0x20, 0x20, 0x2d, 0x2d, 0x62, 0x6f, 0x72, 0x64, 0x65, 0x72, 0x2d, 0x61, 0x63, 0x63, 0x65
  .byte 0x6e, 0x74, 0x2d, 0x65, 0x6d, 0x70, 0x68, 0x61, 0x73, 0x69, 0x73, 0x3a, 0x20, 0x76, 0x61, 0x72
  .byte 0x28, 0x2d, 0x2d, 0x73, 0x77, 0x61, 0x74, 0x63, 0x68, 0x2d, 0x77, 0x68, 0x69, 0x74, 0x65, 0x2d
  .byte 0x61, 0x34, 0x30, 0x29, 0x3b, 0x0a, 0x20, 0x20, 0x2d, 0x2d, 0x62, 0x6f, 0x72, 0x64, 0x65, 0x72
  .byte 0x2d, 0x61, 0x63, 0x63, 0x65, 0x6e, 0x74, 0x2d, 0x73, 0x65, 0x6c, 0x65, 0x63, 0x74, 0x65, 0x64
  .byte 0x3a, 0x20, 0x76, 0x61, 0x72, 0x28, 0x2d, 0x2d, 0x73, 0x77, 0x61, 0x74, 0x63, 0x68, 0x2d, 0x77
  .byte 0x68, 0x69, 0x74, 0x65, 0x29, 0x3b, 0x0a, 0x20, 0x20, 0x2d, 0x2d, 0x62, 0x6f, 0x72, 0x64, 0x65
  .byte 0x72, 0x2d, 0x69, 0x6e, 0x66, 0x6f, 0x3a, 0x20, 0x76, 0x61, 0x72, 0x28, 0x2d, 0x2d, 0x73, 0x77
  .byte 0x61, 0x74, 0x63, 0x68, 0x2d, 0x62, 0x6c, 0x75, 0x65, 0x2d, 0x35, 0x30, 0x30, 0x2d, 0x61, 0x30
  .byte 0x38, 0x29, 0x3b, 0x0a, 0x20, 0x20, 0x2d, 0x2d, 0x62, 0x6f, 0x72, 0x64, 0x65, 0x72, 0x2d, 0x69
  .byte 0x6e, 0x66, 0x6f, 0x2d, 0x65, 0x6d, 0x70, 0x68, 0x61, 0x73, 0x69, 0x73, 0x3a, 0x20, 0x76, 0x61
  .byte 0x72, 0x28, 0x2d, 0x2d, 0x73, 0x77, 0x61, 0x74, 0x63, 0x68, 0x2d, 0x62, 0x6c, 0x75, 0x65, 0x2d
  .byte 0x36, 0x30, 0x30, 0x29, 0x3b, 0x0a, 0x20, 0x20, 0x2d, 0x2d, 0x62, 0x6f, 0x72, 0x64, 0x65, 0x72
  .byte 0x2d, 0x61, 0x6c, 0x65, 0x72, 0x74, 0x3a, 0x20, 0x76, 0x61, 0x72, 0x28, 0x2d, 0x2d, 0x73, 0x77
  .byte 0x61, 0x74, 0x63, 0x68, 0x2d, 0x79, 0x65, 0x6c, 0x6c, 0x6f, 0x77, 0x2d, 0x34, 0x30, 0x30, 0x2d
  .byte 0x61, 0x30, 0x38, 0x29, 0x3b, 0x0a, 0x20, 0x20, 0x2d, 0x2d, 0x62, 0x6f, 0x72, 0x64, 0x65, 0x72
  .byte 0x2d, 0x61, 0x6c, 0x65, 0x72, 0x74, 0x2d, 0x65, 0x6d, 0x70, 0x68, 0x61, 0x73, 0x69, 0x73, 0x3a
  .byte 0x20, 0x76, 0x61, 0x72, 0x28, 0x2d, 0x2d, 0x73, 0x77, 0x61, 0x74, 0x63, 0x68, 0x2d, 0x79, 0x65
  .byte 0x6c, 0x6c, 0x6f, 0x77, 0x2d, 0x36, 0x30, 0x30, 0x29, 0x3b, 0x0a, 0x20, 0x20, 0x2d, 0x2d, 0x62
  .byte 0x6f, 0x72, 0x64, 0x65, 0x72, 0x2d, 0x73, 0x75, 0x63, 0x63, 0x65, 0x73, 0x73, 0x3a, 0x20, 0x76
  .byte 0x61, 0x72, 0x28, 0x2d, 0x2d, 0x73, 0x77, 0x61, 0x74, 0x63, 0x68, 0x2d, 0x67, 0x72, 0x65, 0x65
  .byte 0x6e, 0x2d, 0x36, 0x30, 0x30, 0x2d, 0x61, 0x30, 0x38, 0x29, 0x3b, 0x0a, 0x20, 0x20, 0x2d, 0x2d
  .byte 0x62, 0x6f, 0x72, 0x64, 0x65, 0x72, 0x2d, 0x73, 0x75, 0x63, 0x63, 0x65, 0x73, 0x73, 0x2d, 0x65
  .byte 0x6d, 0x70, 0x68, 0x61, 0x73, 0x69, 0x73, 0x3a, 0x20, 0x76, 0x61, 0x72, 0x28, 0x2d, 0x2d, 0x73
  .byte 0x77, 0x61, 0x74, 0x63, 0x68, 0x2d, 0x67, 0x72, 0x65, 0x65, 0x6e, 0x2d, 0x36, 0x30, 0x30, 0x29
  .byte 0x3b, 0x0a, 0x20, 0x20, 0x2d, 0x2d, 0x62, 0x6f, 0x72, 0x64, 0x65, 0x72, 0x2d, 0x64, 0x61, 0x6e
  .byte 0x67, 0x65, 0x72, 0x3a, 0x20, 0x76, 0x61, 0x72, 0x28, 0x2d, 0x2d, 0x73, 0x77, 0x61, 0x74, 0x63
  .byte 0x68, 0x2d, 0x72, 0x65, 0x64, 0x2d, 0x36, 0x30, 0x30, 0x2d, 0x61, 0x30, 0x38, 0x29, 0x3b, 0x0a
  .byte 0x20, 0x20, 0x2d, 0x2d, 0x62, 0x6f, 0x72, 0x64, 0x65, 0x72, 0x2d, 0x64, 0x61, 0x6e, 0x67, 0x65
  .byte 0x72, 0x2d, 0x65, 0x6d, 0x70, 0x68, 0x61, 0x73, 0x69, 0x73, 0x3a, 0x20, 0x76, 0x61, 0x72, 0x28
  .byte 0x2d, 0x2d, 0x73, 0x77, 0x61, 0x74, 0x63, 0x68, 0x2d, 0x72, 0x65, 0x64, 0x2d, 0x36, 0x30, 0x30
  .byte 0x29, 0x3b, 0x0a, 0x7d, 0x0a

  .globl openui_full_port_docs_shared_design_system_styles_variables_colors_css_4bfa92141275_len
openui_full_port_docs_shared_design_system_styles_variables_colors_css_4bfa92141275_len:
  .quad 8213

# assembly pass: 2/4
  .globl openui_full_port_docs_shared_design_system_styles_variables_colors_css_4bfa92141275_pass_2
openui_full_port_docs_shared_design_system_styles_variables_colors_css_4bfa92141275_pass_2:
  .byte 0x3a, 0x72, 0x6f, 0x6f, 0x74, 0x20, 0x7b, 0x0a, 0x20, 0x20, 0x2f, 0x2a, 0x20, 0x53, 0x75, 0x72
  .byte 0x66, 0x61, 0x63, 0x65, 0x20, 0x63, 0x6f, 0x6c, 0x6f, 0x72, 0x73, 0x20, 0x2a, 0x2f, 0x0a, 0x20
  .byte 0x20, 0x2d, 0x2d, 0x62, 0x61, 0x63, 0x6b, 0x67, 0x72, 0x6f, 0x75, 0x6e, 0x64, 0x3a, 0x20, 0x76
  .byte 0x61, 0x72, 0x28, 0x2d, 0x2d, 0x73, 0x77, 0x61, 0x74, 0x63, 0x68, 0x2d, 0x6e, 0x65, 0x75, 0x74
  .byte 0x72, 0x61, 0x6c, 0x2d, 0x31, 0x30, 0x30, 0x29, 0x3b, 0x0a, 0x20, 0x20, 0x2d, 0x2d, 0x66, 0x6f
  .byte 0x72, 0x65, 0x67, 0x72, 0x6f, 0x75, 0x6e, 0x64, 0x3a, 0x20, 0x76, 0x61, 0x72, 0x28, 0x2d, 0x2d
  .byte 0x73, 0x77, 0x61, 0x74, 0x63, 0x68, 0x2d, 0x77, 0x68, 0x69, 0x74, 0x65, 0x29, 0x3b, 0x0a, 0x20
  .byte 0x20, 0x2d, 0x2d, 0x70, 0x6f, 0x70, 0x6f, 0x76, 0x65, 0x72, 0x2d, 0x62, 0x61, 0x63, 0x6b, 0x67
  .byte 0x72, 0x6f, 0x75, 0x6e, 0x64, 0x3a, 0x20, 0x76, 0x61, 0x72, 0x28, 0x2d, 0x2d, 0x73, 0x77, 0x61
  .byte 0x74, 0x63, 0x68, 0x2d, 0x77, 0x68, 0x69, 0x74, 0x65, 0x29, 0x3b, 0x0a, 0x20, 0x20, 0x2d, 0x2d
  .byte 0x73, 0x75, 0x6e, 0x6b, 0x2d, 0x6c, 0x69, 0x67, 0x68, 0x74, 0x3a, 0x20, 0x76, 0x61, 0x72, 0x28
  .byte 0x2d, 0x2d, 0x73, 0x77, 0x61, 0x74, 0x63, 0x68, 0x2d, 0x62, 0x6c, 0x61, 0x63, 0x6b, 0x2d, 0x61
  .byte 0x30, 0x32, 0x29, 0x3b, 0x0a, 0x20, 0x20, 0x2d, 0x2d, 0x73, 0x75, 0x6e, 0x6b, 0x3a, 0x20, 0x76
  .byte 0x61, 0x72, 0x28, 0x2d, 0x2d, 0x73, 0x77, 0x61, 0x74, 0x63, 0x68, 0x2d, 0x62, 0x6c, 0x61, 0x63
  .byte 0x6b, 0x2d, 0x61, 0x30, 0x34, 0x29, 0x3b, 0x0a, 0x20, 0x20, 0x2d, 0x2d, 0x73, 0x75, 0x6e, 0x6b
  .byte 0x2d, 0x64, 0x65, 0x65, 0x70, 0x3a, 0x20, 0x76, 0x61, 0x72, 0x28, 0x2d, 0x2d, 0x73, 0x77, 0x61
  .byte 0x74, 0x63, 0x68, 0x2d, 0x62, 0x6c, 0x61, 0x63, 0x6b, 0x2d, 0x61, 0x30, 0x38, 0x29, 0x3b, 0x0a
  .byte 0x20, 0x20, 0x2d, 0x2d, 0x65, 0x6c, 0x65, 0x76, 0x61, 0x74, 0x65, 0x64, 0x2d, 0x6c, 0x69, 0x67
  .byte 0x68, 0x74, 0x3a, 0x20, 0x76, 0x61, 0x72, 0x28, 0x2d, 0x2d, 0x73, 0x77, 0x61, 0x74, 0x63, 0x68
  .byte 0x2d, 0x62, 0x6c, 0x61, 0x63, 0x6b, 0x2d, 0x61, 0x30, 0x34, 0x29, 0x3b, 0x0a, 0x20, 0x20, 0x2d
  .byte 0x2d, 0x65, 0x6c, 0x65, 0x76, 0x61, 0x74, 0x65, 0x64, 0x3a, 0x20, 0x76, 0x61, 0x72, 0x28, 0x2d
  .byte 0x2d, 0x73, 0x77, 0x61, 0x74, 0x63, 0x68, 0x2d, 0x62, 0x6c, 0x61, 0x63, 0x6b, 0x2d, 0x61, 0x30
  .byte 0x38, 0x29, 0x3b, 0x0a, 0x20, 0x20, 0x2d, 0x2d, 0x65, 0x6c, 0x65, 0x76, 0x61, 0x74, 0x65, 0x64
  .byte 0x2d, 0x73, 0x74, 0x72, 0x6f, 0x6e, 0x67, 0x3a, 0x20, 0x76, 0x61, 0x72, 0x28, 0x2d, 0x2d, 0x73
  .byte 0x77, 0x61, 0x74, 0x63, 0x68, 0x2d, 0x62, 0x6c, 0x61, 0x63, 0x6b, 0x2d, 0x61, 0x31, 0x36, 0x29
  .byte 0x3b, 0x0a, 0x20, 0x20, 0x2d, 0x2d, 0x65, 0x6c, 0x65, 0x76, 0x61, 0x74, 0x65, 0x64, 0x2d, 0x69
  .byte 0x6e, 0x74, 0x65, 0x6e, 0x73, 0x65, 0x3a, 0x20, 0x76, 0x61, 0x72, 0x28, 0x2d, 0x2d, 0x73, 0x77
  .byte 0x61, 0x74, 0x63, 0x68, 0x2d, 0x62, 0x6c, 0x61, 0x63, 0x6b, 0x2d, 0x61, 0x33, 0x32, 0x29, 0x3b
  .byte 0x0a, 0x20, 0x20, 0x2d, 0x2d, 0x6f, 0x76, 0x65, 0x72, 0x6c, 0x61, 0x79, 0x3a, 0x20, 0x76, 0x61
  .byte 0x72, 0x28, 0x2d, 0x2d, 0x73, 0x77, 0x61, 0x74, 0x63, 0x68, 0x2d, 0x62, 0x6c, 0x61, 0x63, 0x6b
  .byte 0x2d, 0x61, 0x32, 0x34, 0x29, 0x3b, 0x0a, 0x20, 0x20, 0x2d, 0x2d, 0x68, 0x69, 0x67, 0x68, 0x6c
  .byte 0x69, 0x67, 0x68, 0x74, 0x2d, 0x73, 0x75, 0x62, 0x74, 0x6c, 0x65, 0x3a, 0x20, 0x76, 0x61, 0x72
  .byte 0x28, 0x2d, 0x2d, 0x73, 0x77, 0x61, 0x74, 0x63, 0x68, 0x2d, 0x62, 0x6c, 0x61, 0x63, 0x6b, 0x2d
  .byte 0x61, 0x30, 0x34, 0x29, 0x3b, 0x0a, 0x20, 0x20, 0x2d, 0x2d, 0x68, 0x69, 0x67, 0x68, 0x6c, 0x69
  .byte 0x67, 0x68, 0x74, 0x3a, 0x20, 0x76, 0x61, 0x72, 0x28, 0x2d, 0x2d, 0x73, 0x77, 0x61, 0x74, 0x63
  .byte 0x68, 0x2d, 0x62, 0x6c, 0x61, 0x63, 0x6b, 0x2d, 0x61, 0x30, 0x38, 0x29, 0x3b, 0x0a, 0x20, 0x20
  .byte 0x2d, 0x2d, 0x68, 0x69, 0x67, 0x68, 0x6c, 0x69, 0x67, 0x68, 0x74, 0x2d, 0x73, 0x74, 0x72, 0x6f
  .byte 0x6e, 0x67, 0x3a, 0x20, 0x76, 0x61, 0x72, 0x28, 0x2d, 0x2d, 0x73, 0x77, 0x61, 0x74, 0x63, 0x68
  .byte 0x2d, 0x62, 0x6c, 0x61, 0x63, 0x6b, 0x2d, 0x61, 0x31, 0x36, 0x29, 0x3b, 0x0a, 0x20, 0x20, 0x2d
  .byte 0x2d, 0x68, 0x69, 0x67, 0x68, 0x6c, 0x69, 0x67, 0x68, 0x74, 0x2d, 0x69, 0x6e, 0x74, 0x65, 0x6e
  .byte 0x73, 0x65, 0x3a, 0x20, 0x76, 0x61, 0x72, 0x28, 0x2d, 0x2d, 0x73, 0x77, 0x61, 0x74, 0x63, 0x68
  .byte 0x2d, 0x62, 0x6c, 0x61, 0x63, 0x6b, 0x2d, 0x61, 0x33, 0x32, 0x29, 0x3b, 0x0a, 0x20, 0x20, 0x2d
  .byte 0x2d, 0x69, 0x6e, 0x76, 0x65, 0x72, 0x74, 0x65, 0x64, 0x2d, 0x62, 0x61, 0x63, 0x6b, 0x67, 0x72
  .byte 0x6f, 0x75, 0x6e, 0x64, 0x3a, 0x20, 0x76, 0x61, 0x72, 0x28, 0x2d, 0x2d, 0x73, 0x77, 0x61, 0x74
  .byte 0x63, 0x68, 0x2d, 0x6e, 0x65, 0x75, 0x74, 0x72, 0x61, 0x6c, 0x2d, 0x39, 0x30, 0x30, 0x29, 0x3b
  .byte 0x0a, 0x20, 0x20, 0x2d, 0x2d, 0x69, 0x6e, 0x66, 0x6f, 0x2d, 0x62, 0x61, 0x63, 0x6b, 0x67, 0x72
  .byte 0x6f, 0x75, 0x6e, 0x64, 0x3a, 0x20, 0x76, 0x61, 0x72, 0x28, 0x2d, 0x2d, 0x73, 0x77, 0x61, 0x74
  .byte 0x63, 0x68, 0x2d, 0x62, 0x6c, 0x75, 0x65, 0x2d, 0x35, 0x30, 0x30, 0x29, 0x3b, 0x0a, 0x20, 0x20
  .byte 0x2d, 0x2d, 0x73, 0x75, 0x63, 0x63, 0x65, 0x73, 0x73, 0x2d, 0x62, 0x61, 0x63, 0x6b, 0x67, 0x72
  .byte 0x6f, 0x75, 0x6e, 0x64, 0x3a, 0x20, 0x76, 0x61, 0x72, 0x28, 0x2d, 0x2d, 0x73, 0x77, 0x61, 0x74
  .byte 0x63, 0x68, 0x2d, 0x67, 0x72, 0x65, 0x65, 0x6e, 0x2d, 0x36, 0x30, 0x30, 0x29, 0x3b, 0x0a, 0x20
  .byte 0x20, 0x2d, 0x2d, 0x61, 0x6c, 0x65, 0x72, 0x74, 0x2d, 0x62, 0x61, 0x63, 0x6b, 0x67, 0x72, 0x6f
  .byte 0x75, 0x6e, 0x64, 0x3a, 0x20, 0x76, 0x61, 0x72, 0x28, 0x2d, 0x2d, 0x73, 0x77, 0x61, 0x74, 0x63
  .byte 0x68, 0x2d, 0x79, 0x65, 0x6c, 0x6c, 0x6f, 0x77, 0x2d, 0x34, 0x30, 0x30, 0x29, 0x3b, 0x0a, 0x20
  .byte 0x20, 0x2d, 0x2d, 0x64, 0x61, 0x6e, 0x67, 0x65, 0x72, 0x2d, 0x62, 0x61, 0x63, 0x6b, 0x67, 0x72
  .byte 0x6f, 0x75, 0x6e, 0x64, 0x3a, 0x20, 0x76, 0x61, 0x72, 0x28, 0x2d, 0x2d, 0x73, 0x77, 0x61, 0x74
  .byte 0x63, 0x68, 0x2d, 0x72, 0x65, 0x64, 0x2d, 0x36, 0x30, 0x30, 0x29, 0x3b, 0x0a, 0x20, 0x20, 0x2d
  .byte 0x2d, 0x70, 0x75, 0x72, 0x70, 0x6c, 0x65, 0x2d, 0x62, 0x61, 0x63, 0x6b, 0x67, 0x72, 0x6f, 0x75
  .byte 0x6e, 0x64, 0x3a, 0x20, 0x76, 0x61, 0x72, 0x28, 0x2d, 0x2d, 0x73, 0x77, 0x61, 0x74, 0x63, 0x68
  .byte 0x2d, 0x70, 0x75, 0x72, 0x70, 0x6c, 0x65, 0x2d, 0x35, 0x30, 0x30, 0x29, 0x3b, 0x0a, 0x20, 0x20
  .byte 0x2d, 0x2d, 0x70, 0x69, 0x6e, 0x6b, 0x2d, 0x62, 0x61, 0x63, 0x6b, 0x67, 0x72, 0x6f, 0x75, 0x6e
  .byte 0x64, 0x3a, 0x20, 0x76, 0x61, 0x72, 0x28, 0x2d, 0x2d, 0x73, 0x77, 0x61, 0x74, 0x63, 0x68, 0x2d
  .byte 0x70, 0x69, 0x6e, 0x6b, 0x2d, 0x35, 0x30, 0x30, 0x29, 0x3b, 0x0a, 0x0a, 0x20, 0x20, 0x2f, 0x2a
  .byte 0x20, 0x54, 0x65, 0x78, 0x74, 0x20, 0x2f, 0x20, 0x4e, 0x65, 0x75, 0x74, 0x72, 0x61, 0x6c, 0x20
  .byte 0x2a, 0x2f, 0x0a, 0x20, 0x20, 0x2d, 0x2d, 0x74, 0x65, 0x78, 0x74, 0x2d, 0x6e, 0x65, 0x75, 0x74
  .byte 0x72, 0x61, 0x6c, 0x2d, 0x70, 0x72, 0x69, 0x6d, 0x61, 0x72, 0x79, 0x3a, 0x20, 0x76, 0x61, 0x72
  .byte 0x28, 0x2d, 0x2d, 0x73, 0x77, 0x61, 0x74, 0x63, 0x68, 0x2d, 0x62, 0x6c, 0x61, 0x63, 0x6b, 0x29
  .byte 0x3b, 0x0a, 0x20, 0x20, 0x2d, 0x2d, 0x74, 0x65, 0x78, 0x74, 0x2d, 0x6e, 0x65, 0x75, 0x74, 0x72
  .byte 0x61, 0x6c, 0x2d, 0x73, 0x65, 0x63, 0x6f, 0x6e, 0x64, 0x61, 0x72, 0x79, 0x3a, 0x20, 0x76, 0x61
  .byte 0x72, 0x28, 0x2d, 0x2d, 0x73, 0x77, 0x61, 0x74, 0x63, 0x68, 0x2d, 0x62, 0x6c, 0x61, 0x63, 0x6b
  .byte 0x2d, 0x61, 0x35, 0x30, 0x29, 0x3b, 0x0a, 0x20, 0x20, 0x2d, 0x2d, 0x74, 0x65, 0x78, 0x74, 0x2d
  .byte 0x6e, 0x65, 0x75, 0x74, 0x72, 0x61, 0x6c, 0x2d, 0x74, 0x65, 0x72, 0x74, 0x69, 0x61, 0x72, 0x79
  .byte 0x3a, 0x20, 0x76, 0x61, 0x72, 0x28, 0x2d, 0x2d, 0x73, 0x77, 0x61, 0x74, 0x63, 0x68, 0x2d, 0x62
  .byte 0x6c, 0x61, 0x63, 0x6b, 0x2d, 0x61, 0x32, 0x30, 0x29, 0x3b, 0x0a, 0x20, 0x20, 0x2d, 0x2d, 0x74
  .byte 0x65, 0x78, 0x74, 0x2d, 0x6e, 0x65, 0x75, 0x74, 0x72, 0x61, 0x6c, 0x2d, 0x6c, 0x69, 0x6e, 0x6b
  .byte 0x3a, 0x20, 0x76, 0x61, 0x72, 0x28, 0x2d, 0x2d, 0x73, 0x77, 0x61, 0x74, 0x63, 0x68, 0x2d, 0x62
  .byte 0x6c, 0x61, 0x63, 0x6b, 0x29, 0x3b, 0x0a, 0x0a, 0x20, 0x20, 0x2d, 0x2d, 0x74, 0x65, 0x78, 0x74
  .byte 0x2d, 0x62, 0x72, 0x61, 0x6e, 0x64, 0x3a, 0x20, 0x76, 0x61, 0x72, 0x28, 0x2d, 0x2d, 0x73, 0x77
  .byte 0x61, 0x74, 0x63, 0x68, 0x2d, 0x62, 0x6c, 0x61, 0x63, 0x6b, 0x29, 0x3b, 0x0a, 0x0a, 0x20, 0x20
  .byte 0x2d, 0x2d, 0x74, 0x65, 0x78, 0x74, 0x2d, 0x77, 0x68, 0x69, 0x74, 0x65, 0x3a, 0x20, 0x76, 0x61
  .byte 0x72, 0x28, 0x2d, 0x2d, 0x73, 0x77, 0x61, 0x74, 0x63, 0x68, 0x2d, 0x77, 0x68, 0x69, 0x74, 0x65
  .byte 0x29, 0x3b, 0x0a, 0x20, 0x20, 0x2d, 0x2d, 0x74, 0x65, 0x78, 0x74, 0x2d, 0x62, 0x6c, 0x61, 0x63
  .byte 0x6b, 0x3a, 0x20, 0x76, 0x61, 0x72, 0x28, 0x2d, 0x2d, 0x73, 0x77, 0x61, 0x74, 0x63, 0x68, 0x2d
  .byte 0x62, 0x6c, 0x61, 0x63, 0x6b, 0x29, 0x3b, 0x0a, 0x0a, 0x20, 0x20, 0x2f, 0x2a, 0x20, 0x54, 0x65
  .byte 0x78, 0x74, 0x20, 0x2f, 0x20, 0x41, 0x63, 0x63, 0x65, 0x6e, 0x74, 0x20, 0x2a, 0x2f, 0x0a, 0x20
  .byte 0x20, 0x2d, 0x2d, 0x74, 0x65, 0x78, 0x74, 0x2d, 0x61, 0x63, 0x63, 0x65, 0x6e, 0x74, 0x2d, 0x70
  .byte 0x72, 0x69, 0x6d, 0x61, 0x72, 0x79, 0x3a, 0x20, 0x76, 0x61, 0x72, 0x28, 0x2d, 0x2d, 0x73, 0x77
  .byte 0x61, 0x74, 0x63, 0x68, 0x2d, 0x77, 0x68, 0x69, 0x74, 0x65, 0x29, 0x3b, 0x0a, 0x20, 0x20, 0x2d
  .byte 0x2d, 0x74, 0x65, 0x78, 0x74, 0x2d, 0x61, 0x63, 0x63, 0x65, 0x6e, 0x74, 0x2d, 0x73, 0x65, 0x63
  .byte 0x6f, 0x6e, 0x64, 0x61, 0x72, 0x79, 0x3a, 0x20, 0x76, 0x61, 0x72, 0x28, 0x2d, 0x2d, 0x73, 0x77
  .byte 0x61, 0x74, 0x63, 0x68, 0x2d, 0x77, 0x68, 0x69, 0x74, 0x65, 0x2d, 0x61, 0x35, 0x30, 0x29, 0x3b
  .byte 0x0a, 0x20, 0x20, 0x2d, 0x2d, 0x74, 0x65, 0x78, 0x74, 0x2d, 0x61, 0x63, 0x63, 0x65, 0x6e, 0x74
  .byte 0x2d, 0x74, 0x65, 0x72, 0x74, 0x69, 0x61, 0x72, 0x79, 0x3a, 0x20, 0x76, 0x61, 0x72, 0x28, 0x2d
  .byte 0x2d, 0x73, 0x77, 0x61, 0x74, 0x63, 0x68, 0x2d, 0x77, 0x68, 0x69, 0x74, 0x65, 0x2d, 0x61, 0x32
  .byte 0x30, 0x29, 0x3b, 0x0a, 0x0a, 0x20, 0x20, 0x2f, 0x2a, 0x20, 0x54, 0x65, 0x78, 0x74, 0x20, 0x2f
  .byte 0x20, 0x53, 0x75, 0x63, 0x63, 0x65, 0x73, 0x73, 0x20, 0x2a, 0x2f, 0x0a, 0x20, 0x20, 0x2d, 0x2d
  .byte 0x74, 0x65, 0x78, 0x74, 0x2d, 0x73, 0x75, 0x63, 0x63, 0x65, 0x73, 0x73, 0x2d, 0x70, 0x72, 0x69
  .byte 0x6d, 0x61, 0x72, 0x79, 0x3a, 0x20, 0x76, 0x61, 0x72, 0x28, 0x2d, 0x2d, 0x73, 0x77, 0x61, 0x74
  .byte 0x63, 0x68, 0x2d, 0x67, 0x72, 0x65, 0x65, 0x6e, 0x2d, 0x37, 0x30, 0x30, 0x29, 0x3b, 0x0a, 0x20
  .byte 0x20, 0x2d, 0x2d, 0x74, 0x65, 0x78, 0x74, 0x2d, 0x73, 0x75, 0x63, 0x63, 0x65, 0x73, 0x73, 0x2d
  .byte 0x69, 0x6e, 0x76, 0x65, 0x72, 0x74, 0x65, 0x64, 0x3a, 0x20, 0x76, 0x61, 0x72, 0x28, 0x2d, 0x2d
  .byte 0x73, 0x77, 0x61, 0x74, 0x63, 0x68, 0x2d, 0x67, 0x72, 0x65, 0x65, 0x6e, 0x2d, 0x31, 0x30, 0x30
  .byte 0x29, 0x3b, 0x0a, 0x0a, 0x20, 0x20, 0x2f, 0x2a, 0x20, 0x54, 0x65, 0x78, 0x74, 0x20, 0x2f, 0x20
  .byte 0x41, 0x6c, 0x65, 0x72, 0x74, 0x20, 0x2a, 0x2f, 0x0a, 0x20, 0x20, 0x2d, 0x2d, 0x74, 0x65, 0x78
  .byte 0x74, 0x2d, 0x61, 0x6c, 0x65, 0x72, 0x74, 0x2d, 0x70, 0x72, 0x69, 0x6d, 0x61, 0x72, 0x79, 0x3a
  .byte 0x20, 0x76, 0x61, 0x72, 0x28, 0x2d, 0x2d, 0x73, 0x77, 0x61, 0x74, 0x63, 0x68, 0x2d, 0x79, 0x65
  .byte 0x6c, 0x6c, 0x6f, 0x77, 0x2d, 0x38, 0x30, 0x30, 0x29, 0x3b, 0x0a, 0x20, 0x20, 0x2d, 0x2d, 0x74
  .byte 0x65, 0x78, 0x74, 0x2d, 0x61, 0x6c, 0x65, 0x72, 0x74, 0x2d, 0x69, 0x6e, 0x76, 0x65, 0x72, 0x74
  .byte 0x65, 0x64, 0x3a, 0x20, 0x76, 0x61, 0x72, 0x28, 0x2d, 0x2d, 0x73, 0x77, 0x61, 0x74, 0x63, 0x68
  .byte 0x2d, 0x79, 0x65, 0x6c, 0x6c, 0x6f, 0x77, 0x2d, 0x31, 0x30, 0x30, 0x29, 0x3b, 0x0a, 0x0a, 0x20
  .byte 0x20, 0x2f, 0x2a, 0x20, 0x54, 0x65, 0x78, 0x74, 0x20, 0x2f, 0x20, 0x44, 0x61, 0x6e, 0x67, 0x65
  .byte 0x72, 0x20, 0x2a, 0x2f, 0x0a, 0x20, 0x20, 0x2d, 0x2d, 0x74, 0x65, 0x78, 0x74, 0x2d, 0x64, 0x61
  .byte 0x6e, 0x67, 0x65, 0x72, 0x2d, 0x70, 0x72, 0x69, 0x6d, 0x61, 0x72, 0x79, 0x3a, 0x20, 0x76, 0x61
  .byte 0x72, 0x28, 0x2d, 0x2d, 0x73, 0x77, 0x61, 0x74, 0x63, 0x68, 0x2d, 0x72, 0x65, 0x64, 0x2d, 0x37
  .byte 0x30, 0x30, 0x29, 0x3b, 0x0a, 0x20, 0x20, 0x2d, 0x2d, 0x74, 0x65, 0x78, 0x74, 0x2d, 0x64, 0x61
  .byte 0x6e, 0x67, 0x65, 0x72, 0x2d, 0x73, 0x65, 0x63, 0x6f, 0x6e, 0x64, 0x61, 0x72, 0x79, 0x3a, 0x20
  .byte 0x76, 0x61, 0x72, 0x28, 0x2d, 0x2d, 0x73, 0x77, 0x61, 0x74, 0x63, 0x68, 0x2d, 0x72, 0x65, 0x64
  .byte 0x2d, 0x34, 0x30, 0x30, 0x29, 0x3b, 0x0a, 0x20, 0x20, 0x2d, 0x2d, 0x74, 0x65, 0x78, 0x74, 0x2d
  .byte 0x64, 0x61, 0x6e, 0x67, 0x65, 0x72, 0x2d, 0x74, 0x65, 0x72, 0x74, 0x69, 0x61, 0x72, 0x79, 0x3a
  .byte 0x20, 0x76, 0x61, 0x72, 0x28, 0x2d, 0x2d, 0x73, 0x77, 0x61, 0x74, 0x63, 0x68, 0x2d, 0x72, 0x65
  .byte 0x64, 0x2d, 0x33, 0x30, 0x30, 0x29, 0x3b, 0x0a, 0x0a, 0x20, 0x20, 0x2f, 0x2a, 0x20, 0x54, 0x65
  .byte 0x78, 0x74, 0x20, 0x2f, 0x20, 0x44, 0x61, 0x6e, 0x67, 0x65, 0x72, 0x20, 0x2f, 0x20, 0x49, 0x6e
  .byte 0x76, 0x65, 0x72, 0x74, 0x65, 0x64, 0x20, 0x2a, 0x2f, 0x0a, 0x20, 0x20, 0x2d, 0x2d, 0x74, 0x65
  .byte 0x78, 0x74, 0x2d, 0x64, 0x61, 0x6e, 0x67, 0x65, 0x72, 0x2d, 0x69, 0x6e, 0x76, 0x65, 0x72, 0x74
  .byte 0x65, 0x64, 0x2d, 0x70, 0x72, 0x69, 0x6d, 0x61, 0x72, 0x79, 0x3a, 0x20, 0x76, 0x61, 0x72, 0x28
  .byte 0x2d, 0x2d, 0x73, 0x77, 0x61, 0x74, 0x63, 0x68, 0x2d, 0x77, 0x68, 0x69, 0x74, 0x65, 0x29, 0x3b
  .byte 0x0a, 0x20, 0x20, 0x2d, 0x2d, 0x74, 0x65, 0x78, 0x74, 0x2d, 0x64, 0x61, 0x6e, 0x67, 0x65, 0x72
  .byte 0x2d, 0x69, 0x6e, 0x76, 0x65, 0x72, 0x74, 0x65, 0x64, 0x2d, 0x73, 0x65, 0x63, 0x6f, 0x6e, 0x64
  .byte 0x61, 0x72, 0x79, 0x3a, 0x20, 0x76, 0x61, 0x72, 0x28, 0x2d, 0x2d, 0x73, 0x77, 0x61, 0x74, 0x63
  .byte 0x68, 0x2d, 0x77, 0x68, 0x69, 0x74, 0x65, 0x2d, 0x61, 0x34, 0x30, 0x29, 0x3b, 0x0a, 0x20, 0x20
  .byte 0x2d, 0x2d, 0x74, 0x65, 0x78, 0x74, 0x2d, 0x64, 0x61, 0x6e, 0x67, 0x65, 0x72, 0x2d, 0x69, 0x6e
  .byte 0x76, 0x65, 0x72, 0x74, 0x65, 0x64, 0x2d, 0x74, 0x65, 0x72, 0x74, 0x69, 0x61, 0x72, 0x79, 0x3a
  .byte 0x20, 0x76, 0x61, 0x72, 0x28, 0x2d, 0x2d, 0x73, 0x77, 0x61, 0x74, 0x63, 0x68, 0x2d, 0x77, 0x68
  .byte 0x69, 0x74, 0x65, 0x2d, 0x61, 0x32, 0x30, 0x29, 0x3b, 0x0a, 0x0a, 0x20, 0x20, 0x2f, 0x2a, 0x20
  .byte 0x54, 0x65, 0x78, 0x74, 0x20, 0x2f, 0x20, 0x49, 0x6e, 0x66, 0x6f, 0x20, 0x2a, 0x2f, 0x0a, 0x20
  .byte 0x20, 0x2d, 0x2d, 0x74, 0x65, 0x78, 0x74, 0x2d, 0x69, 0x6e, 0x66, 0x6f, 0x2d, 0x70, 0x72, 0x69
  .byte 0x6d, 0x61, 0x72, 0x79, 0x3a, 0x20, 0x76, 0x61, 0x72, 0x28, 0x2d, 0x2d, 0x73, 0x77, 0x61, 0x74
  .byte 0x63, 0x68, 0x2d, 0x62, 0x6c, 0x75, 0x65, 0x2d, 0x38, 0x30, 0x30, 0x29, 0x3b, 0x0a, 0x20, 0x20
  .byte 0x2d, 0x2d, 0x74, 0x65, 0x78, 0x74, 0x2d, 0x69, 0x6e, 0x66, 0x6f, 0x2d, 0x69, 0x6e, 0x76, 0x65
  .byte 0x72, 0x74, 0x65, 0x64, 0x3a, 0x20, 0x76, 0x61, 0x72, 0x28, 0x2d, 0x2d, 0x73, 0x77, 0x61, 0x74
  .byte 0x63, 0x68, 0x2d, 0x62, 0x6c, 0x75, 0x65, 0x2d, 0x31, 0x30, 0x30, 0x29, 0x3b, 0x0a, 0x0a, 0x20
  .byte 0x20, 0x2f, 0x2a, 0x20, 0x54, 0x65, 0x78, 0x74, 0x20, 0x2f, 0x20, 0x50, 0x69, 0x6e, 0x6b, 0x20
  .byte 0x2a, 0x2f, 0x0a, 0x20, 0x20, 0x2d, 0x2d, 0x74, 0x65, 0x78, 0x74, 0x2d, 0x70, 0x69, 0x6e, 0x6b
  .byte 0x2d, 0x70, 0x72, 0x69, 0x6d, 0x61, 0x72, 0x79, 0x3a, 0x20, 0x76, 0x61, 0x72, 0x28, 0x2d, 0x2d
  .byte 0x73, 0x77, 0x61, 0x74, 0x63, 0x68, 0x2d, 0x70, 0x69, 0x6e, 0x6b, 0x2d, 0x38, 0x30, 0x30, 0x29
  .byte 0x3b, 0x0a, 0x20, 0x20, 0x2d, 0x2d, 0x74, 0x65, 0x78, 0x74, 0x2d, 0x70, 0x69, 0x6e, 0x6b, 0x2d
  .byte 0x69, 0x6e, 0x76, 0x65, 0x72, 0x74, 0x65, 0x64, 0x3a, 0x20, 0x76, 0x61, 0x72, 0x28, 0x2d, 0x2d
  .byte 0x73, 0x77, 0x61, 0x74, 0x63, 0x68, 0x2d, 0x70, 0x69, 0x6e, 0x6b, 0x2d, 0x31, 0x30, 0x30, 0x29
  .byte 0x3b, 0x0a, 0x0a, 0x20, 0x20, 0x2f, 0x2a, 0x20, 0x54, 0x65, 0x78, 0x74, 0x20, 0x2f, 0x20, 0x50
  .byte 0x75, 0x72, 0x70, 0x6c, 0x65, 0x20, 0x2a, 0x2f, 0x0a, 0x20, 0x20, 0x2d, 0x2d, 0x74, 0x65, 0x78
  .byte 0x74, 0x2d, 0x70, 0x75, 0x72, 0x70, 0x6c, 0x65, 0x2d, 0x70, 0x72, 0x69, 0x6d, 0x61, 0x72, 0x79
  .byte 0x3a, 0x20, 0x76, 0x61, 0x72, 0x28, 0x2d, 0x2d, 0x73, 0x77, 0x61, 0x74, 0x63, 0x68, 0x2d, 0x70
  .byte 0x75, 0x72, 0x70, 0x6c, 0x65, 0x2d, 0x38, 0x30, 0x30, 0x29, 0x3b, 0x0a, 0x20, 0x20, 0x2d, 0x2d
  .byte 0x74, 0x65, 0x78, 0x74, 0x2d, 0x70, 0x75, 0x72, 0x70, 0x6c, 0x65, 0x2d, 0x69, 0x6e, 0x76, 0x65
  .byte 0x72, 0x74, 0x65, 0x64, 0x3a, 0x20, 0x76, 0x61, 0x72, 0x28, 0x2d, 0x2d, 0x73, 0x77, 0x61, 0x74
  .byte 0x63, 0x68, 0x2d, 0x70, 0x75, 0x72, 0x70, 0x6c, 0x65, 0x2d, 0x31, 0x30, 0x30, 0x29, 0x3b, 0x0a
  .byte 0x0a, 0x20, 0x20, 0x2f, 0x2a, 0x20, 0x49, 0x6e, 0x74, 0x65, 0x72, 0x61, 0x63, 0x74, 0x69, 0x76
  .byte 0x65, 0x20, 0x2f, 0x20, 0x42, 0x72, 0x61, 0x6e, 0x64, 0x20, 0x2a, 0x2f, 0x0a, 0x20, 0x20, 0x2d
  .byte 0x2d, 0x69, 0x6e, 0x74, 0x65, 0x72, 0x61, 0x63, 0x74, 0x69, 0x76, 0x65, 0x2d, 0x61, 0x63, 0x63
  .byte 0x65, 0x6e, 0x74, 0x2d, 0x64, 0x65, 0x66, 0x61, 0x75, 0x6c, 0x74, 0x3a, 0x20, 0x76, 0x61, 0x72
  .byte 0x28, 0x2d, 0x2d, 0x73, 0x77, 0x61, 0x74, 0x63, 0x68, 0x2d, 0x62, 0x6c, 0x61, 0x63, 0x6b, 0x29
  .byte 0x3b, 0x0a, 0x20, 0x20, 0x2d, 0x2d, 0x69, 0x6e, 0x74, 0x65, 0x72, 0x61, 0x63, 0x74, 0x69, 0x76
  .byte 0x65, 0x2d, 0x61, 0x63, 0x63, 0x65, 0x6e, 0x74, 0x2d, 0x68, 0x6f, 0x76, 0x65, 0x72, 0x3a, 0x20
  .byte 0x76, 0x61, 0x72, 0x28, 0x2d, 0x2d, 0x73, 0x77, 0x61, 0x74, 0x63, 0x68, 0x2d, 0x62, 0x6c, 0x61
  .byte 0x63, 0x6b, 0x2d, 0x61, 0x38, 0x30, 0x29, 0x3b, 0x0a, 0x20, 0x20, 0x2d, 0x2d, 0x69, 0x6e, 0x74
  .byte 0x65, 0x72, 0x61, 0x63, 0x74, 0x69, 0x76, 0x65, 0x2d, 0x61, 0x63, 0x63, 0x65, 0x6e, 0x74, 0x2d
  .byte 0x64, 0x69, 0x73, 0x61, 0x62, 0x6c, 0x65, 0x64, 0x3a, 0x20, 0x76, 0x61, 0x72, 0x28, 0x2d, 0x2d
  .byte 0x73, 0x77, 0x61, 0x74, 0x63, 0x68, 0x2d, 0x62, 0x6c, 0x61, 0x63, 0x6b, 0x2d, 0x61, 0x34, 0x30
  .byte 0x29, 0x3b, 0x0a, 0x20, 0x20, 0x2d, 0x2d, 0x69, 0x6e, 0x74, 0x65, 0x72, 0x61, 0x63, 0x74, 0x69
  .byte 0x76, 0x65, 0x2d, 0x61, 0x63, 0x63, 0x65, 0x6e, 0x74, 0x2d, 0x70, 0x72, 0x65, 0x73, 0x73, 0x65
  .byte 0x64, 0x3a, 0x20, 0x76, 0x61, 0x72, 0x28, 0x2d, 0x2d, 0x73, 0x77, 0x61, 0x74, 0x63, 0x68, 0x2d
  .byte 0x62, 0x6c, 0x61, 0x63, 0x6b, 0x29, 0x3b, 0x0a, 0x0a, 0x20, 0x20, 0x2f, 0x2a, 0x20, 0x49, 0x6e
  .byte 0x74, 0x65, 0x72, 0x61, 0x63, 0x74, 0x69, 0x76, 0x65, 0x20, 0x2f, 0x20, 0x44, 0x65, 0x73, 0x74
  .byte 0x72, 0x75, 0x63, 0x74, 0x69, 0x76, 0x65, 0x20, 0x2a, 0x2f, 0x0a, 0x20, 0x20, 0x2d, 0x2d, 0x69
  .byte 0x6e, 0x74, 0x65, 0x72, 0x61, 0x63, 0x74, 0x69, 0x76, 0x65, 0x2d, 0x64, 0x65, 0x73, 0x74, 0x72
  .byte 0x75, 0x63, 0x74, 0x69, 0x76, 0x65, 0x2d, 0x64, 0x65, 0x66, 0x61, 0x75, 0x6c, 0x74, 0x3a, 0x20
  .byte 0x76, 0x61, 0x72, 0x28, 0x2d, 0x2d, 0x73, 0x77, 0x61, 0x74, 0x63, 0x68, 0x2d, 0x72, 0x65, 0x64
  .byte 0x2d, 0x36, 0x30, 0x30, 0x2d, 0x61, 0x30, 0x32, 0x29, 0x3b, 0x0a, 0x20, 0x20, 0x2d, 0x2d, 0x69
  .byte 0x6e, 0x74, 0x65, 0x72, 0x61, 0x63, 0x74, 0x69, 0x76, 0x65, 0x2d, 0x64, 0x65, 0x73, 0x74, 0x72
  .byte 0x75, 0x63, 0x74, 0x69, 0x76, 0x65, 0x2d, 0x68, 0x6f, 0x76, 0x65, 0x72, 0x3a, 0x20, 0x76, 0x61
  .byte 0x72, 0x28, 0x2d, 0x2d, 0x73, 0x77, 0x61, 0x74, 0x63, 0x68, 0x2d, 0x72, 0x65, 0x64, 0x2d, 0x36
  .byte 0x30, 0x30, 0x2d, 0x61, 0x30, 0x38, 0x29, 0x3b, 0x0a, 0x20, 0x20, 0x2d, 0x2d, 0x69, 0x6e, 0x74
  .byte 0x65, 0x72, 0x61, 0x63, 0x74, 0x69, 0x76, 0x65, 0x2d, 0x64, 0x65, 0x73, 0x74, 0x72, 0x75, 0x63
  .byte 0x74, 0x69, 0x76, 0x65, 0x2d, 0x64, 0x69, 0x73, 0x61, 0x62, 0x6c, 0x65, 0x64, 0x3a, 0x20, 0x76
  .byte 0x61, 0x72, 0x28, 0x2d, 0x2d, 0x73, 0x77, 0x61, 0x74, 0x63, 0x68, 0x2d, 0x72, 0x65, 0x64, 0x2d
  .byte 0x36, 0x30, 0x30, 0x2d, 0x61, 0x30, 0x32, 0x29, 0x3b, 0x0a, 0x20, 0x20, 0x2d, 0x2d, 0x69, 0x6e
  .byte 0x74, 0x65, 0x72, 0x61, 0x63, 0x74, 0x69, 0x76, 0x65, 0x2d, 0x64, 0x65, 0x73, 0x74, 0x72, 0x75
  .byte 0x63, 0x74, 0x69, 0x76, 0x65, 0x2d, 0x70, 0x72, 0x65, 0x73, 0x73, 0x65, 0x64, 0x3a, 0x20, 0x76
  .byte 0x61, 0x72, 0x28, 0x2d, 0x2d, 0x73, 0x77, 0x61, 0x74, 0x63, 0x68, 0x2d, 0x72, 0x65, 0x64, 0x2d
  .byte 0x36, 0x30, 0x30, 0x2d, 0x61, 0x31, 0x30, 0x29, 0x3b, 0x0a, 0x0a, 0x20, 0x20, 0x2f, 0x2a, 0x20
  .byte 0x49, 0x6e, 0x74, 0x65, 0x72, 0x61, 0x63, 0x74, 0x69, 0x76, 0x65, 0x20, 0x2f, 0x20, 0x44, 0x65
  .byte 0x73, 0x74, 0x72, 0x75, 0x63, 0x74, 0x69, 0x76, 0x65, 0x20, 0x2f, 0x20, 0x41, 0x63, 0x63, 0x65
  .byte 0x6e, 0x74, 0x20, 0x2a, 0x2f, 0x0a, 0x20, 0x20, 0x2d, 0x2d, 0x69, 0x6e, 0x74, 0x65, 0x72, 0x61
  .byte 0x63, 0x74, 0x69, 0x76, 0x65, 0x2d, 0x64, 0x65, 0x73, 0x74, 0x72, 0x75, 0x63, 0x74, 0x69, 0x76
  .byte 0x65, 0x2d, 0x61, 0x63, 0x63, 0x65, 0x6e, 0x74, 0x2d, 0x64, 0x65, 0x66, 0x61, 0x75, 0x6c, 0x74
  .byte 0x3a, 0x20, 0x76, 0x61, 0x72, 0x28, 0x2d, 0x2d, 0x73, 0x77, 0x61, 0x74, 0x63, 0x68, 0x2d, 0x72
  .byte 0x65, 0x64, 0x2d, 0x36, 0x30, 0x30, 0x29, 0x3b, 0x0a, 0x20, 0x20, 0x2d, 0x2d, 0x69, 0x6e, 0x74
  .byte 0x65, 0x72, 0x61, 0x63, 0x74, 0x69, 0x76, 0x65, 0x2d, 0x64, 0x65, 0x73, 0x74, 0x72, 0x75, 0x63
  .byte 0x74, 0x69, 0x76, 0x65, 0x2d, 0x61, 0x63, 0x63, 0x65, 0x6e, 0x74, 0x2d, 0x68, 0x6f, 0x76, 0x65
  .byte 0x72, 0x3a, 0x20, 0x76, 0x61, 0x72, 0x28, 0x2d, 0x2d, 0x73, 0x77, 0x61, 0x74, 0x63, 0x68, 0x2d
  .byte 0x72, 0x65, 0x64, 0x2d, 0x35, 0x30, 0x30, 0x29, 0x3b, 0x0a, 0x20, 0x20, 0x2d, 0x2d, 0x69, 0x6e
  .byte 0x74, 0x65, 0x72, 0x61, 0x63, 0x74, 0x69, 0x76, 0x65, 0x2d, 0x64, 0x65, 0x73, 0x74, 0x72, 0x75
  .byte 0x63, 0x74, 0x69, 0x76, 0x65, 0x2d, 0x61, 0x63, 0x63, 0x65, 0x6e, 0x74, 0x2d, 0x70, 0x72, 0x65
  .byte 0x73, 0x73, 0x65, 0x64, 0x3a, 0x20, 0x76, 0x61, 0x72, 0x28, 0x2d, 0x2d, 0x73, 0x77, 0x61, 0x74
  .byte 0x63, 0x68, 0x2d, 0x72, 0x65, 0x64, 0x2d, 0x37, 0x30, 0x30, 0x29, 0x3b, 0x0a, 0x20, 0x20, 0x2d
  .byte 0x2d, 0x69, 0x6e, 0x74, 0x65, 0x72, 0x61, 0x63, 0x74, 0x69, 0x76, 0x65, 0x2d, 0x64, 0x65, 0x73
  .byte 0x74, 0x72, 0x75, 0x63, 0x74, 0x69, 0x76, 0x65, 0x2d, 0x61, 0x63, 0x63, 0x65, 0x6e, 0x74, 0x2d
  .byte 0x64, 0x69, 0x73, 0x61, 0x62, 0x6c, 0x65, 0x64, 0x3a, 0x20, 0x76, 0x61, 0x72, 0x28, 0x2d, 0x2d
  .byte 0x73, 0x77, 0x61, 0x74, 0x63, 0x68, 0x2d, 0x72, 0x65, 0x64, 0x2d, 0x36, 0x30, 0x30, 0x2d, 0x61
  .byte 0x34, 0x30, 0x29, 0x3b, 0x0a, 0x0a, 0x20, 0x20, 0x2f, 0x2a, 0x20, 0x42, 0x6f, 0x72, 0x64, 0x65
  .byte 0x72, 0x20, 0x2a, 0x2f, 0x0a, 0x20, 0x20, 0x2d, 0x2d, 0x62, 0x6f, 0x72, 0x64, 0x65, 0x72, 0x2d
  .byte 0x64, 0x65, 0x66, 0x61, 0x75, 0x6c, 0x74, 0x3a, 0x20, 0x76, 0x61, 0x72, 0x28, 0x2d, 0x2d, 0x73
  .byte 0x77, 0x61, 0x74, 0x63, 0x68, 0x2d, 0x62, 0x6c, 0x61, 0x63, 0x6b, 0x2d, 0x61, 0x30, 0x36, 0x29
  .byte 0x3b, 0x0a, 0x20, 0x20, 0x2d, 0x2d, 0x62, 0x6f, 0x72, 0x64, 0x65, 0x72, 0x2d, 0x69, 0x6e, 0x74
  .byte 0x65, 0x72, 0x61, 0x63, 0x74, 0x69, 0x76, 0x65, 0x3a, 0x20, 0x76, 0x61, 0x72, 0x28, 0x2d, 0x2d
  .byte 0x73, 0x77, 0x61, 0x74, 0x63, 0x68, 0x2d, 0x62, 0x6c, 0x61, 0x63, 0x6b, 0x2d, 0x61, 0x31, 0x30
  .byte 0x29, 0x3b, 0x0a, 0x20, 0x20, 0x2d, 0x2d, 0x62, 0x6f, 0x72, 0x64, 0x65, 0x72, 0x2d, 0x69, 0x6e
  .byte 0x74, 0x65, 0x72, 0x61, 0x63, 0x74, 0x69, 0x76, 0x65, 0x2d, 0x65, 0x6d, 0x70, 0x68, 0x61, 0x73
  .byte 0x69, 0x73, 0x3a, 0x20, 0x76, 0x61, 0x72, 0x28, 0x2d, 0x2d, 0x73, 0x77, 0x61, 0x74, 0x63, 0x68
  .byte 0x2d, 0x62, 0x6c, 0x61, 0x63, 0x6b, 0x2d, 0x61, 0x33, 0x30, 0x29, 0x3b, 0x0a, 0x20, 0x20, 0x2d
  .byte 0x2d, 0x62, 0x6f, 0x72, 0x64, 0x65, 0x72, 0x2d, 0x69, 0x6e, 0x74, 0x65, 0x72, 0x61, 0x63, 0x74
  .byte 0x69, 0x76, 0x65, 0x2d, 0x73, 0x65, 0x6c, 0x65, 0x63, 0x74, 0x65, 0x64, 0x3a, 0x20, 0x76, 0x61
  .byte 0x72, 0x28, 0x2d, 0x2d, 0x73, 0x77, 0x61, 0x74, 0x63, 0x68, 0x2d, 0x6e, 0x65, 0x75, 0x74, 0x72
  .byte 0x61, 0x6c, 0x2d, 0x39, 0x35, 0x30, 0x29, 0x3b, 0x0a, 0x20, 0x20, 0x2d, 0x2d, 0x62, 0x6f, 0x72
  .byte 0x64, 0x65, 0x72, 0x2d, 0x61, 0x63, 0x63, 0x65, 0x6e, 0x74, 0x3a, 0x20, 0x76, 0x61, 0x72, 0x28
  .byte 0x2d, 0x2d, 0x73, 0x77, 0x61, 0x74, 0x63, 0x68, 0x2d, 0x77, 0x68, 0x69, 0x74, 0x65, 0x2d, 0x61
  .byte 0x30, 0x38, 0x29, 0x3b, 0x0a, 0x20, 0x20, 0x2d, 0x2d, 0x62, 0x6f, 0x72, 0x64, 0x65, 0x72, 0x2d
  .byte 0x61, 0x63, 0x63, 0x65, 0x6e, 0x74, 0x2d, 0x65, 0x6d, 0x70, 0x68, 0x61, 0x73, 0x69, 0x73, 0x3a
  .byte 0x20, 0x76, 0x61, 0x72, 0x28, 0x2d, 0x2d, 0x73, 0x77, 0x61, 0x74, 0x63, 0x68, 0x2d, 0x77, 0x68
  .byte 0x69, 0x74, 0x65, 0x2d, 0x61, 0x33, 0x30, 0x29, 0x3b, 0x0a, 0x20, 0x20, 0x2d, 0x2d, 0x62, 0x6f
  .byte 0x72, 0x64, 0x65, 0x72, 0x2d, 0x61, 0x63, 0x63, 0x65, 0x6e, 0x74, 0x2d, 0x73, 0x65, 0x6c, 0x65
  .byte 0x63, 0x74, 0x65, 0x64, 0x3a, 0x20, 0x76, 0x61, 0x72, 0x28, 0x2d, 0x2d, 0x73, 0x77, 0x61, 0x74
  .byte 0x63, 0x68, 0x2d, 0x77, 0x68, 0x69, 0x74, 0x65, 0x29, 0x3b, 0x0a, 0x20, 0x20, 0x2d, 0x2d, 0x62
  .byte 0x6f, 0x72, 0x64, 0x65, 0x72, 0x2d, 0x69, 0x6e, 0x66, 0x6f, 0x3a, 0x20, 0x76, 0x61, 0x72, 0x28
  .byte 0x2d, 0x2d, 0x73, 0x77, 0x61, 0x74, 0x63, 0x68, 0x2d, 0x62, 0x6c, 0x75, 0x65, 0x2d, 0x35, 0x30
  .byte 0x30, 0x2d, 0x61, 0x30, 0x38, 0x29, 0x3b, 0x0a, 0x20, 0x20, 0x2d, 0x2d, 0x62, 0x6f, 0x72, 0x64
  .byte 0x65, 0x72, 0x2d, 0x69, 0x6e, 0x66, 0x6f, 0x2d, 0x65, 0x6d, 0x70, 0x68, 0x61, 0x73, 0x69, 0x73
  .byte 0x3a, 0x20, 0x76, 0x61, 0x72, 0x28, 0x2d, 0x2d, 0x73, 0x77, 0x61, 0x74, 0x63, 0x68, 0x2d, 0x62
  .byte 0x6c, 0x75, 0x65, 0x2d, 0x36, 0x30, 0x30, 0x29, 0x3b, 0x0a, 0x20, 0x20, 0x2d, 0x2d, 0x62, 0x6f
  .byte 0x72, 0x64, 0x65, 0x72, 0x2d, 0x61, 0x6c, 0x65, 0x72, 0x74, 0x3a, 0x20, 0x76, 0x61, 0x72, 0x28
  .byte 0x2d, 0x2d, 0x73, 0x77, 0x61, 0x74, 0x63, 0x68, 0x2d, 0x79, 0x65, 0x6c, 0x6c, 0x6f, 0x77, 0x2d
  .byte 0x34, 0x30, 0x30, 0x2d, 0x61, 0x30, 0x38, 0x29, 0x3b, 0x0a, 0x20, 0x20, 0x2d, 0x2d, 0x62, 0x6f
  .byte 0x72, 0x64, 0x65, 0x72, 0x2d, 0x61, 0x6c, 0x65, 0x72, 0x74, 0x2d, 0x65, 0x6d, 0x70, 0x68, 0x61
  .byte 0x73, 0x69, 0x73, 0x3a, 0x20, 0x76, 0x61, 0x72, 0x28, 0x2d, 0x2d, 0x73, 0x77, 0x61, 0x74, 0x63
  .byte 0x68, 0x2d, 0x79, 0x65, 0x6c, 0x6c, 0x6f, 0x77, 0x2d, 0x36, 0x30, 0x30, 0x29, 0x3b, 0x0a, 0x20
  .byte 0x20, 0x2d, 0x2d, 0x62, 0x6f, 0x72, 0x64, 0x65, 0x72, 0x2d, 0x73, 0x75, 0x63, 0x63, 0x65, 0x73
  .byte 0x73, 0x3a, 0x20, 0x76, 0x61, 0x72, 0x28, 0x2d, 0x2d, 0x73, 0x77, 0x61, 0x74, 0x63, 0x68, 0x2d
  .byte 0x67, 0x72, 0x65, 0x65, 0x6e, 0x2d, 0x36, 0x30, 0x30, 0x2d, 0x61, 0x30, 0x38, 0x29, 0x3b, 0x0a
  .byte 0x20, 0x20, 0x2d, 0x2d, 0x62, 0x6f, 0x72, 0x64, 0x65, 0x72, 0x2d, 0x73, 0x75, 0x63, 0x63, 0x65
  .byte 0x73, 0x73, 0x2d, 0x65, 0x6d, 0x70, 0x68, 0x61, 0x73, 0x69, 0x73, 0x3a, 0x20, 0x76, 0x61, 0x72
  .byte 0x28, 0x2d, 0x2d, 0x73, 0x77, 0x61, 0x74, 0x63, 0x68, 0x2d, 0x67, 0x72, 0x65, 0x65, 0x6e, 0x2d
  .byte 0x36, 0x30, 0x30, 0x29, 0x3b, 0x0a, 0x20, 0x20, 0x2d, 0x2d, 0x62, 0x6f, 0x72, 0x64, 0x65, 0x72
  .byte 0x2d, 0x64, 0x61, 0x6e, 0x67, 0x65, 0x72, 0x3a, 0x20, 0x76, 0x61, 0x72, 0x28, 0x2d, 0x2d, 0x73
  .byte 0x77, 0x61, 0x74, 0x63, 0x68, 0x2d, 0x72, 0x65, 0x64, 0x2d, 0x36, 0x30, 0x30, 0x2d, 0x61, 0x30
  .byte 0x38, 0x29, 0x3b, 0x0a, 0x20, 0x20, 0x2d, 0x2d, 0x62, 0x6f, 0x72, 0x64, 0x65, 0x72, 0x2d, 0x64
  .byte 0x61, 0x6e, 0x67, 0x65, 0x72, 0x2d, 0x65, 0x6d, 0x70, 0x68, 0x61, 0x73, 0x69, 0x73, 0x3a, 0x20
  .byte 0x76, 0x61, 0x72, 0x28, 0x2d, 0x2d, 0x73, 0x77, 0x61, 0x74, 0x63, 0x68, 0x2d, 0x72, 0x65, 0x64
  .byte 0x2d, 0x36, 0x30, 0x30, 0x29, 0x3b, 0x0a, 0x7d, 0x0a, 0x0a, 0x3a, 0x72, 0x6f, 0x6f, 0x74, 0x5b
  .byte 0x64, 0x61, 0x74, 0x61, 0x2d, 0x74, 0x68, 0x65, 0x6d, 0x65, 0x3d, 0x22, 0x64, 0x61, 0x72, 0x6b
  .byte 0x22, 0x5d, 0x20, 0x7b, 0x0a, 0x20, 0x20, 0x2f, 0x2a, 0x20, 0x53, 0x75, 0x72, 0x66, 0x61, 0x63
  .byte 0x65, 0x20, 0x63, 0x6f, 0x6c, 0x6f, 0x72, 0x73, 0x20, 0x2a, 0x2f, 0x0a, 0x20, 0x20, 0x2d, 0x2d
  .byte 0x62, 0x61, 0x63, 0x6b, 0x67, 0x72, 0x6f, 0x75, 0x6e, 0x64, 0x3a, 0x20, 0x23, 0x30, 0x62, 0x30
  .byte 0x62, 0x30, 0x66, 0x3b, 0x0a, 0x20, 0x20, 0x2d, 0x2d, 0x66, 0x6f, 0x72, 0x65, 0x67, 0x72, 0x6f
  .byte 0x75, 0x6e, 0x64, 0x3a, 0x20, 0x76, 0x61, 0x72, 0x28, 0x2d, 0x2d, 0x73, 0x77, 0x61, 0x74, 0x63
  .byte 0x68, 0x2d, 0x6e, 0x65, 0x75, 0x74, 0x72, 0x61, 0x6c, 0x2d, 0x38, 0x30, 0x30, 0x29, 0x3b, 0x0a
  .byte 0x20, 0x20, 0x2d, 0x2d, 0x70, 0x6f, 0x70, 0x6f, 0x76, 0x65, 0x72, 0x2d, 0x62, 0x61, 0x63, 0x6b
  .byte 0x67, 0x72, 0x6f, 0x75, 0x6e, 0x64, 0x3a, 0x20, 0x76, 0x61, 0x72, 0x28, 0x2d, 0x2d, 0x73, 0x77
  .byte 0x61, 0x74, 0x63, 0x68, 0x2d, 0x6e, 0x65, 0x75, 0x74, 0x72, 0x61, 0x6c, 0x2d, 0x38, 0x30, 0x30
  .byte 0x29, 0x3b, 0x0a, 0x20, 0x20, 0x2d, 0x2d, 0x73, 0x75, 0x6e, 0x6b, 0x2d, 0x6c, 0x69, 0x67, 0x68
  .byte 0x74, 0x3a, 0x20, 0x76, 0x61, 0x72, 0x28, 0x2d, 0x2d, 0x73, 0x77, 0x61, 0x74, 0x63, 0x68, 0x2d
  .byte 0x77, 0x68, 0x69, 0x74, 0x65, 0x2d, 0x61, 0x30, 0x32, 0x29, 0x3b, 0x0a, 0x20, 0x20, 0x2d, 0x2d
  .byte 0x73, 0x75, 0x6e, 0x6b, 0x3a, 0x20, 0x76, 0x61, 0x72, 0x28, 0x2d, 0x2d, 0x73, 0x77, 0x61, 0x74
  .byte 0x63, 0x68, 0x2d, 0x77, 0x68, 0x69, 0x74, 0x65, 0x2d, 0x61, 0x30, 0x34, 0x29, 0x3b, 0x0a, 0x20
  .byte 0x20, 0x2d, 0x2d, 0x73, 0x75, 0x6e, 0x6b, 0x2d, 0x64, 0x65, 0x65, 0x70, 0x3a, 0x20, 0x76, 0x61
  .byte 0x72, 0x28, 0x2d, 0x2d, 0x73, 0x77, 0x61, 0x74, 0x63, 0x68, 0x2d, 0x77, 0x68, 0x69, 0x74, 0x65
  .byte 0x2d, 0x61, 0x30, 0x38, 0x29, 0x3b, 0x0a, 0x20, 0x20, 0x2d, 0x2d, 0x65, 0x6c, 0x65, 0x76, 0x61
  .byte 0x74, 0x65, 0x64, 0x2d, 0x6c, 0x69, 0x67, 0x68, 0x74, 0x3a, 0x20, 0x76, 0x61, 0x72, 0x28, 0x2d
  .byte 0x2d, 0x73, 0x77, 0x61, 0x74, 0x63, 0x68, 0x2d, 0x77, 0x68, 0x69, 0x74, 0x65, 0x2d, 0x61, 0x30
  .byte 0x34, 0x29, 0x3b, 0x0a, 0x20, 0x20, 0x2d, 0x2d, 0x65, 0x6c, 0x65, 0x76, 0x61, 0x74, 0x65, 0x64
  .byte 0x3a, 0x20, 0x76, 0x61, 0x72, 0x28, 0x2d, 0x2d, 0x73, 0x77, 0x61, 0x74, 0x63, 0x68, 0x2d, 0x77
  .byte 0x68, 0x69, 0x74, 0x65, 0x2d, 0x61, 0x30, 0x38, 0x29, 0x3b, 0x0a, 0x20, 0x20, 0x2d, 0x2d, 0x65
  .byte 0x6c, 0x65, 0x76, 0x61, 0x74, 0x65, 0x64, 0x2d, 0x73, 0x74, 0x72, 0x6f, 0x6e, 0x67, 0x3a, 0x20
  .byte 0x76, 0x61, 0x72, 0x28, 0x2d, 0x2d, 0x73, 0x77, 0x61, 0x74, 0x63, 0x68, 0x2d, 0x77, 0x68, 0x69
  .byte 0x74, 0x65, 0x2d, 0x61, 0x31, 0x36, 0x29, 0x3b, 0x0a, 0x20, 0x20, 0x2d, 0x2d, 0x65, 0x6c, 0x65
  .byte 0x76, 0x61, 0x74, 0x65, 0x64, 0x2d, 0x69, 0x6e, 0x74, 0x65, 0x6e, 0x73, 0x65, 0x3a, 0x20, 0x76
  .byte 0x61, 0x72, 0x28, 0x2d, 0x2d, 0x73, 0x77, 0x61, 0x74, 0x63, 0x68, 0x2d, 0x77, 0x68, 0x69, 0x74
  .byte 0x65, 0x2d, 0x61, 0x33, 0x32, 0x29, 0x3b, 0x0a, 0x20, 0x20, 0x2d, 0x2d, 0x6f, 0x76, 0x65, 0x72
  .byte 0x6c, 0x61, 0x79, 0x3a, 0x20, 0x76, 0x61, 0x72, 0x28, 0x2d, 0x2d, 0x73, 0x77, 0x61, 0x74, 0x63
  .byte 0x68, 0x2d, 0x62, 0x6c, 0x61, 0x63, 0x6b, 0x2d, 0x61, 0x35, 0x30, 0x29, 0x3b, 0x0a, 0x20, 0x20
  .byte 0x2d, 0x2d, 0x68, 0x69, 0x67, 0x68, 0x6c, 0x69, 0x67, 0x68, 0x74, 0x2d, 0x73, 0x75, 0x62, 0x74
  .byte 0x6c, 0x65, 0x3a, 0x20, 0x76, 0x61, 0x72, 0x28, 0x2d, 0x2d, 0x73, 0x77, 0x61, 0x74, 0x63, 0x68
  .byte 0x2d, 0x77, 0x68, 0x69, 0x74, 0x65, 0x2d, 0x61, 0x30, 0x34, 0x29, 0x3b, 0x0a, 0x20, 0x20, 0x2d
  .byte 0x2d, 0x68, 0x69, 0x67, 0x68, 0x6c, 0x69, 0x67, 0x68, 0x74, 0x3a, 0x20, 0x76, 0x61, 0x72, 0x28
  .byte 0x2d, 0x2d, 0x73, 0x77, 0x61, 0x74, 0x63, 0x68, 0x2d, 0x77, 0x68, 0x69, 0x74, 0x65, 0x2d, 0x61
  .byte 0x30, 0x38, 0x29, 0x3b, 0x0a, 0x20, 0x20, 0x2d, 0x2d, 0x68, 0x69, 0x67, 0x68, 0x6c, 0x69, 0x67
  .byte 0x68, 0x74, 0x2d, 0x73, 0x74, 0x72, 0x6f, 0x6e, 0x67, 0x3a, 0x20, 0x76, 0x61, 0x72, 0x28, 0x2d
  .byte 0x2d, 0x73, 0x77, 0x61, 0x74, 0x63, 0x68, 0x2d, 0x77, 0x68, 0x69, 0x74, 0x65, 0x2d, 0x61, 0x31
  .byte 0x36, 0x29, 0x3b, 0x0a, 0x20, 0x20, 0x2d, 0x2d, 0x68, 0x69, 0x67, 0x68, 0x6c, 0x69, 0x67, 0x68
  .byte 0x74, 0x2d, 0x69, 0x6e, 0x74, 0x65, 0x6e, 0x73, 0x65, 0x3a, 0x20, 0x76, 0x61, 0x72, 0x28, 0x2d
  .byte 0x2d, 0x73, 0x77, 0x61, 0x74, 0x63, 0x68, 0x2d, 0x77, 0x68, 0x69, 0x74, 0x65, 0x2d, 0x61, 0x33
  .byte 0x30, 0x29, 0x3b, 0x0a, 0x20, 0x20, 0x2d, 0x2d, 0x69, 0x6e, 0x76, 0x65, 0x72, 0x74, 0x65, 0x64
  .byte 0x2d, 0x62, 0x61, 0x63, 0x6b, 0x67, 0x72, 0x6f, 0x75, 0x6e, 0x64, 0x3a, 0x20, 0x76, 0x61, 0x72
  .byte 0x28, 0x2d, 0x2d, 0x73, 0x77, 0x61, 0x74, 0x63, 0x68, 0x2d, 0x6e, 0x65, 0x75, 0x74, 0x72, 0x61
  .byte 0x6c, 0x2d, 0x35, 0x30, 0x29, 0x3b, 0x0a, 0x20, 0x20, 0x2d, 0x2d, 0x69, 0x6e, 0x66, 0x6f, 0x2d
  .byte 0x62, 0x61, 0x63, 0x6b, 0x67, 0x72, 0x6f, 0x75, 0x6e, 0x64, 0x3a, 0x20, 0x76, 0x61, 0x72, 0x28
  .byte 0x2d, 0x2d, 0x73, 0x77, 0x61, 0x74, 0x63, 0x68, 0x2d, 0x62, 0x6c, 0x75, 0x65, 0x2d, 0x35, 0x30
  .byte 0x30, 0x29, 0x3b, 0x0a, 0x20, 0x20, 0x2d, 0x2d, 0x73, 0x75, 0x63, 0x63, 0x65, 0x73, 0x73, 0x2d
  .byte 0x62, 0x61, 0x63, 0x6b, 0x67, 0x72, 0x6f, 0x75, 0x6e, 0x64, 0x3a, 0x20, 0x76, 0x61, 0x72, 0x28
  .byte 0x2d, 0x2d, 0x73, 0x77, 0x61, 0x74, 0x63, 0x68, 0x2d, 0x67, 0x72, 0x65, 0x65, 0x6e, 0x2d, 0x36
  .byte 0x30, 0x30, 0x29, 0x3b, 0x0a, 0x20, 0x20, 0x2d, 0x2d, 0x61, 0x6c, 0x65, 0x72, 0x74, 0x2d, 0x62
  .byte 0x61, 0x63, 0x6b, 0x67, 0x72, 0x6f, 0x75, 0x6e, 0x64, 0x3a, 0x20, 0x76, 0x61, 0x72, 0x28, 0x2d
  .byte 0x2d, 0x73, 0x77, 0x61, 0x74, 0x63, 0x68, 0x2d, 0x79, 0x65, 0x6c, 0x6c, 0x6f, 0x77, 0x2d, 0x34
  .byte 0x30, 0x30, 0x29, 0x3b, 0x0a, 0x20, 0x20, 0x2d, 0x2d, 0x64, 0x61, 0x6e, 0x67, 0x65, 0x72, 0x2d
  .byte 0x62, 0x61, 0x63, 0x6b, 0x67, 0x72, 0x6f, 0x75, 0x6e, 0x64, 0x3a, 0x20, 0x76, 0x61, 0x72, 0x28
  .byte 0x2d, 0x2d, 0x73, 0x77, 0x61, 0x74, 0x63, 0x68, 0x2d, 0x72, 0x65, 0x64, 0x2d, 0x36, 0x30, 0x30
  .byte 0x29, 0x3b, 0x0a, 0x20, 0x20, 0x2d, 0x2d, 0x70, 0x75, 0x72, 0x70, 0x6c, 0x65, 0x2d, 0x62, 0x61
  .byte 0x63, 0x6b, 0x67, 0x72, 0x6f, 0x75, 0x6e, 0x64, 0x3a, 0x20, 0x76, 0x61, 0x72, 0x28, 0x2d, 0x2d
  .byte 0x73, 0x77, 0x61, 0x74, 0x63, 0x68, 0x2d, 0x70, 0x75, 0x72, 0x70, 0x6c, 0x65, 0x2d, 0x35, 0x30
  .byte 0x30, 0x29, 0x3b, 0x0a, 0x20, 0x20, 0x2d, 0x2d, 0x70, 0x69, 0x6e, 0x6b, 0x2d, 0x62, 0x61, 0x63
  .byte 0x6b, 0x67, 0x72, 0x6f, 0x75, 0x6e, 0x64, 0x3a, 0x20, 0x76, 0x61, 0x72, 0x28, 0x2d, 0x2d, 0x73
  .byte 0x77, 0x61, 0x74, 0x63, 0x68, 0x2d, 0x70, 0x69, 0x6e, 0x6b, 0x2d, 0x35, 0x30, 0x30, 0x29, 0x3b
  .byte 0x0a, 0x0a, 0x20, 0x20, 0x2f, 0x2a, 0x20, 0x54, 0x65, 0x78, 0x74, 0x20, 0x2f, 0x20, 0x4e, 0x65
  .byte 0x75, 0x74, 0x72, 0x61, 0x6c, 0x20, 0x2a, 0x2f, 0x0a, 0x20, 0x20, 0x2d, 0x2d, 0x74, 0x65, 0x78
  .byte 0x74, 0x2d, 0x6e, 0x65, 0x75, 0x74, 0x72, 0x61, 0x6c, 0x2d, 0x70, 0x72, 0x69, 0x6d, 0x61, 0x72
  .byte 0x79, 0x3a, 0x20, 0x23, 0x65, 0x32, 0x65, 0x31, 0x65, 0x36, 0x3b, 0x0a, 0x20, 0x20, 0x2d, 0x2d
  .byte 0x74, 0x65, 0x78, 0x74, 0x2d, 0x6e, 0x65, 0x75, 0x74, 0x72, 0x61, 0x6c, 0x2d, 0x73, 0x65, 0x63
  .byte 0x6f, 0x6e, 0x64, 0x61, 0x72, 0x79, 0x3a, 0x20, 0x76, 0x61, 0x72, 0x28, 0x2d, 0x2d, 0x73, 0x77
  .byte 0x61, 0x74, 0x63, 0x68, 0x2d, 0x77, 0x68, 0x69, 0x74, 0x65, 0x2d, 0x61, 0x35, 0x30, 0x29, 0x3b
  .byte 0x0a, 0x20, 0x20, 0x2d, 0x2d, 0x74, 0x65, 0x78, 0x74, 0x2d, 0x6e, 0x65, 0x75, 0x74, 0x72, 0x61
  .byte 0x6c, 0x2d, 0x74, 0x65, 0x72, 0x74, 0x69, 0x61, 0x72, 0x79, 0x3a, 0x20, 0x76, 0x61, 0x72, 0x28
  .byte 0x2d, 0x2d, 0x73, 0x77, 0x61, 0x74, 0x63, 0x68, 0x2d, 0x77, 0x68, 0x69, 0x74, 0x65, 0x2d, 0x61
  .byte 0x32, 0x30, 0x29, 0x3b, 0x0a, 0x20, 0x20, 0x2d, 0x2d, 0x74, 0x65, 0x78, 0x74, 0x2d, 0x6e, 0x65
  .byte 0x75, 0x74, 0x72, 0x61, 0x6c, 0x2d, 0x6c, 0x69, 0x6e, 0x6b, 0x3a, 0x20, 0x23, 0x65, 0x32, 0x65
  .byte 0x31, 0x65, 0x36, 0x3b, 0x0a, 0x0a, 0x20, 0x20, 0x2d, 0x2d, 0x74, 0x65, 0x78, 0x74, 0x2d, 0x62
  .byte 0x72, 0x61, 0x6e, 0x64, 0x3a, 0x20, 0x23, 0x65, 0x32, 0x65, 0x31, 0x65, 0x36, 0x3b, 0x0a, 0x0a
  .byte 0x20, 0x20, 0x2d, 0x2d, 0x74, 0x65, 0x78, 0x74, 0x2d, 0x77, 0x68, 0x69, 0x74, 0x65, 0x3a, 0x20
  .byte 0x76, 0x61, 0x72, 0x28, 0x2d, 0x2d, 0x73, 0x77, 0x61, 0x74, 0x63, 0x68, 0x2d, 0x77, 0x68, 0x69
  .byte 0x74, 0x65, 0x29, 0x3b, 0x0a, 0x20, 0x20, 0x2d, 0x2d, 0x74, 0x65, 0x78, 0x74, 0x2d, 0x62, 0x6c
  .byte 0x61, 0x63, 0x6b, 0x3a, 0x20, 0x76, 0x61, 0x72, 0x28, 0x2d, 0x2d, 0x73, 0x77, 0x61, 0x74, 0x63
  .byte 0x68, 0x2d, 0x62, 0x6c, 0x61, 0x63, 0x6b, 0x29, 0x3b, 0x0a, 0x0a, 0x20, 0x20, 0x2f, 0x2a, 0x20
  .byte 0x54, 0x65, 0x78, 0x74, 0x20, 0x2f, 0x20, 0x41, 0x63, 0x63, 0x65, 0x6e, 0x74, 0x20, 0x2a, 0x2f
  .byte 0x0a, 0x20, 0x20, 0x2d, 0x2d, 0x74, 0x65, 0x78, 0x74, 0x2d, 0x61, 0x63, 0x63, 0x65, 0x6e, 0x74
  .byte 0x2d, 0x70, 0x72, 0x69, 0x6d, 0x61, 0x72, 0x79, 0x3a, 0x20, 0x76, 0x61, 0x72, 0x28, 0x2d, 0x2d
  .byte 0x73, 0x77, 0x61, 0x74, 0x63, 0x68, 0x2d, 0x62, 0x6c, 0x61, 0x63, 0x6b, 0x29, 0x3b, 0x0a, 0x20
  .byte 0x20, 0x2d, 0x2d, 0x74, 0x65, 0x78, 0x74, 0x2d, 0x61, 0x63, 0x63, 0x65, 0x6e, 0x74, 0x2d, 0x73
  .byte 0x65, 0x63, 0x6f, 0x6e, 0x64, 0x61, 0x72, 0x79, 0x3a, 0x20, 0x76, 0x61, 0x72, 0x28, 0x2d, 0x2d
  .byte 0x73, 0x77, 0x61, 0x74, 0x63, 0x68, 0x2d, 0x62, 0x6c, 0x61, 0x63, 0x6b, 0x2d, 0x61, 0x35, 0x30
  .byte 0x29, 0x3b, 0x0a, 0x20, 0x20, 0x2d, 0x2d, 0x74, 0x65, 0x78, 0x74, 0x2d, 0x61, 0x63, 0x63, 0x65
  .byte 0x6e, 0x74, 0x2d, 0x74, 0x65, 0x72, 0x74, 0x69, 0x61, 0x72, 0x79, 0x3a, 0x20, 0x76, 0x61, 0x72
  .byte 0x28, 0x2d, 0x2d, 0x73, 0x77, 0x61, 0x74, 0x63, 0x68, 0x2d, 0x62, 0x6c, 0x61, 0x63, 0x6b, 0x2d
  .byte 0x61, 0x32, 0x30, 0x29, 0x3b, 0x0a, 0x0a, 0x20, 0x20, 0x2f, 0x2a, 0x20, 0x54, 0x65, 0x78, 0x74
  .byte 0x20, 0x2f, 0x20, 0x53, 0x75, 0x63, 0x63, 0x65, 0x73, 0x73, 0x20, 0x2a, 0x2f, 0x0a, 0x20, 0x20
  .byte 0x2d, 0x2d, 0x74, 0x65, 0x78, 0x74, 0x2d, 0x73, 0x75, 0x63, 0x63, 0x65, 0x73, 0x73, 0x2d, 0x70
  .byte 0x72, 0x69, 0x6d, 0x61, 0x72, 0x79, 0x3a, 0x20, 0x76, 0x61, 0x72, 0x28, 0x2d, 0x2d, 0x73, 0x77
  .byte 0x61, 0x74, 0x63, 0x68, 0x2d, 0x67, 0x72, 0x65, 0x65, 0x6e, 0x2d, 0x37, 0x30, 0x30, 0x29, 0x3b
  .byte 0x0a, 0x20, 0x20, 0x2d, 0x2d, 0x74, 0x65, 0x78, 0x74, 0x2d, 0x73, 0x75, 0x63, 0x63, 0x65, 0x73
  .byte 0x73, 0x2d, 0x69, 0x6e, 0x76, 0x65, 0x72, 0x74, 0x65, 0x64, 0x3a, 0x20, 0x76, 0x61, 0x72, 0x28
  .byte 0x2d, 0x2d, 0x73, 0x77, 0x61, 0x74, 0x63, 0x68, 0x2d, 0x67, 0x72, 0x65, 0x65, 0x6e, 0x2d, 0x31
  .byte 0x30, 0x30, 0x29, 0x3b, 0x0a, 0x0a, 0x20, 0x20, 0x2f, 0x2a, 0x20, 0x54, 0x65, 0x78, 0x74, 0x20
  .byte 0x2f, 0x20, 0x41, 0x6c, 0x65, 0x72, 0x74, 0x20, 0x2a, 0x2f, 0x0a, 0x20, 0x20, 0x2d, 0x2d, 0x74
  .byte 0x65, 0x78, 0x74, 0x2d, 0x61, 0x6c, 0x65, 0x72, 0x74, 0x2d, 0x70, 0x72, 0x69, 0x6d, 0x61, 0x72
  .byte 0x79, 0x3a, 0x20, 0x76, 0x61, 0x72, 0x28, 0x2d, 0x2d, 0x73, 0x77, 0x61, 0x74, 0x63, 0x68, 0x2d
  .byte 0x79, 0x65, 0x6c, 0x6c, 0x6f, 0x77, 0x2d, 0x38, 0x30, 0x30, 0x29, 0x3b, 0x0a, 0x20, 0x20, 0x2d
  .byte 0x2d, 0x74, 0x65, 0x78, 0x74, 0x2d, 0x61, 0x6c, 0x65, 0x72, 0x74, 0x2d, 0x69, 0x6e, 0x76, 0x65
  .byte 0x72, 0x74, 0x65, 0x64, 0x3a, 0x20, 0x76, 0x61, 0x72, 0x28, 0x2d, 0x2d, 0x73, 0x77, 0x61, 0x74
  .byte 0x63, 0x68, 0x2d, 0x79, 0x65, 0x6c, 0x6c, 0x6f, 0x77, 0x2d, 0x31, 0x30, 0x30, 0x29, 0x3b, 0x0a
  .byte 0x0a, 0x20, 0x20, 0x2f, 0x2a, 0x20, 0x54, 0x65, 0x78, 0x74, 0x20, 0x2f, 0x20, 0x44, 0x61, 0x6e
  .byte 0x67, 0x65, 0x72, 0x20, 0x2a, 0x2f, 0x0a, 0x20, 0x20, 0x2d, 0x2d, 0x74, 0x65, 0x78, 0x74, 0x2d
  .byte 0x64, 0x61, 0x6e, 0x67, 0x65, 0x72, 0x2d, 0x70, 0x72, 0x69, 0x6d, 0x61, 0x72, 0x79, 0x3a, 0x20
  .byte 0x76, 0x61, 0x72, 0x28, 0x2d, 0x2d, 0x73, 0x77, 0x61, 0x74, 0x63, 0x68, 0x2d, 0x72, 0x65, 0x64
  .byte 0x2d, 0x37, 0x30, 0x30, 0x29, 0x3b, 0x0a, 0x20, 0x20, 0x2d, 0x2d, 0x74, 0x65, 0x78, 0x74, 0x2d
  .byte 0x64, 0x61, 0x6e, 0x67, 0x65, 0x72, 0x2d, 0x73, 0x65, 0x63, 0x6f, 0x6e, 0x64, 0x61, 0x72, 0x79
  .byte 0x3a, 0x20, 0x76, 0x61, 0x72, 0x28, 0x2d, 0x2d, 0x73, 0x77, 0x61, 0x74, 0x63, 0x68, 0x2d, 0x72
  .byte 0x65, 0x64, 0x2d, 0x34, 0x30, 0x30, 0x29, 0x3b, 0x0a, 0x20, 0x20, 0x2d, 0x2d, 0x74, 0x65, 0x78
  .byte 0x74, 0x2d, 0x64, 0x61, 0x6e, 0x67, 0x65, 0x72, 0x2d, 0x74, 0x65, 0x72, 0x74, 0x69, 0x61, 0x72
  .byte 0x79, 0x3a, 0x20, 0x76, 0x61, 0x72, 0x28, 0x2d, 0x2d, 0x73, 0x77, 0x61, 0x74, 0x63, 0x68, 0x2d
  .byte 0x72, 0x65, 0x64, 0x2d, 0x33, 0x30, 0x30, 0x29, 0x3b, 0x0a, 0x0a, 0x20, 0x20, 0x2f, 0x2a, 0x20
  .byte 0x54, 0x65, 0x78, 0x74, 0x20, 0x2f, 0x20, 0x44, 0x61, 0x6e, 0x67, 0x65, 0x72, 0x20, 0x2f, 0x20
  .byte 0x49, 0x6e, 0x76, 0x65, 0x72, 0x74, 0x65, 0x64, 0x20, 0x2a, 0x2f, 0x0a, 0x20, 0x20, 0x2d, 0x2d
  .byte 0x74, 0x65, 0x78, 0x74, 0x2d, 0x64, 0x61, 0x6e, 0x67, 0x65, 0x72, 0x2d, 0x69, 0x6e, 0x76, 0x65
  .byte 0x72, 0x74, 0x65, 0x64, 0x2d, 0x70, 0x72, 0x69, 0x6d, 0x61, 0x72, 0x79, 0x3a, 0x20, 0x76, 0x61
  .byte 0x72, 0x28, 0x2d, 0x2d, 0x73, 0x77, 0x61, 0x74, 0x63, 0x68, 0x2d, 0x77, 0x68, 0x69, 0x74, 0x65
  .byte 0x29, 0x3b, 0x0a, 0x20, 0x20, 0x2d, 0x2d, 0x74, 0x65, 0x78, 0x74, 0x2d, 0x64, 0x61, 0x6e, 0x67
  .byte 0x65, 0x72, 0x2d, 0x69, 0x6e, 0x76, 0x65, 0x72, 0x74, 0x65, 0x64, 0x2d, 0x73, 0x65, 0x63, 0x6f
  .byte 0x6e, 0x64, 0x61, 0x72, 0x79, 0x3a, 0x20, 0x76, 0x61, 0x72, 0x28, 0x2d, 0x2d, 0x73, 0x77, 0x61
  .byte 0x74, 0x63, 0x68, 0x2d, 0x77, 0x68, 0x69, 0x74, 0x65, 0x2d, 0x61, 0x34, 0x30, 0x29, 0x3b, 0x0a
  .byte 0x20, 0x20, 0x2d, 0x2d, 0x74, 0x65, 0x78, 0x74, 0x2d, 0x64, 0x61, 0x6e, 0x67, 0x65, 0x72, 0x2d
  .byte 0x69, 0x6e, 0x76, 0x65, 0x72, 0x74, 0x65, 0x64, 0x2d, 0x74, 0x65, 0x72, 0x74, 0x69, 0x61, 0x72
  .byte 0x79, 0x3a, 0x20, 0x76, 0x61, 0x72, 0x28, 0x2d, 0x2d, 0x73, 0x77, 0x61, 0x74, 0x63, 0x68, 0x2d
  .byte 0x77, 0x68, 0x69, 0x74, 0x65, 0x2d, 0x61, 0x32, 0x30, 0x29, 0x3b, 0x0a, 0x0a, 0x20, 0x20, 0x2f
  .byte 0x2a, 0x20, 0x54, 0x65, 0x78, 0x74, 0x20, 0x2f, 0x20, 0x49, 0x6e, 0x66, 0x6f, 0x20, 0x2a, 0x2f
  .byte 0x0a, 0x20, 0x20, 0x2d, 0x2d, 0x74, 0x65, 0x78, 0x74, 0x2d, 0x69, 0x6e, 0x66, 0x6f, 0x2d, 0x70
  .byte 0x72, 0x69, 0x6d, 0x61, 0x72, 0x79, 0x3a, 0x20, 0x76, 0x61, 0x72, 0x28, 0x2d, 0x2d, 0x73, 0x77
  .byte 0x61, 0x74, 0x63, 0x68, 0x2d, 0x62, 0x6c, 0x75, 0x65, 0x2d, 0x38, 0x30, 0x30, 0x29, 0x3b, 0x0a
  .byte 0x20, 0x20, 0x2d, 0x2d, 0x74, 0x65, 0x78, 0x74, 0x2d, 0x69, 0x6e, 0x66, 0x6f, 0x2d, 0x69, 0x6e
  .byte 0x76, 0x65, 0x72, 0x74, 0x65, 0x64, 0x3a, 0x20, 0x76, 0x61, 0x72, 0x28, 0x2d, 0x2d, 0x73, 0x77
  .byte 0x61, 0x74, 0x63, 0x68, 0x2d, 0x62, 0x6c, 0x75, 0x65, 0x2d, 0x31, 0x30, 0x30, 0x29, 0x3b, 0x0a
  .byte 0x0a, 0x20, 0x20, 0x2f, 0x2a, 0x20, 0x54, 0x65, 0x78, 0x74, 0x20, 0x2f, 0x20, 0x50, 0x69, 0x6e
  .byte 0x6b, 0x20, 0x2a, 0x2f, 0x0a, 0x20, 0x20, 0x2d, 0x2d, 0x74, 0x65, 0x78, 0x74, 0x2d, 0x70, 0x69
  .byte 0x6e, 0x6b, 0x2d, 0x70, 0x72, 0x69, 0x6d, 0x61, 0x72, 0x79, 0x3a, 0x20, 0x76, 0x61, 0x72, 0x28
  .byte 0x2d, 0x2d, 0x73, 0x77, 0x61, 0x74, 0x63, 0x68, 0x2d, 0x70, 0x69, 0x6e, 0x6b, 0x2d, 0x38, 0x30
  .byte 0x30, 0x29, 0x3b, 0x0a, 0x20, 0x20, 0x2d, 0x2d, 0x74, 0x65, 0x78, 0x74, 0x2d, 0x70, 0x69, 0x6e
  .byte 0x6b, 0x2d, 0x69, 0x6e, 0x76, 0x65, 0x72, 0x74, 0x65, 0x64, 0x3a, 0x20, 0x76, 0x61, 0x72, 0x28
  .byte 0x2d, 0x2d, 0x73, 0x77, 0x61, 0x74, 0x63, 0x68, 0x2d, 0x70, 0x69, 0x6e, 0x6b, 0x2d, 0x31, 0x30
  .byte 0x30, 0x29, 0x3b, 0x0a, 0x0a, 0x20, 0x20, 0x2f, 0x2a, 0x20, 0x54, 0x65, 0x78, 0x74, 0x20, 0x2f
  .byte 0x20, 0x50, 0x75, 0x72, 0x70, 0x6c, 0x65, 0x20, 0x2a, 0x2f, 0x0a, 0x20, 0x20, 0x2d, 0x2d, 0x74
  .byte 0x65, 0x78, 0x74, 0x2d, 0x70, 0x75, 0x72, 0x70, 0x6c, 0x65, 0x2d, 0x70, 0x72, 0x69, 0x6d, 0x61
  .byte 0x72, 0x79, 0x3a, 0x20, 0x76, 0x61, 0x72, 0x28, 0x2d, 0x2d, 0x73, 0x77, 0x61, 0x74, 0x63, 0x68
  .byte 0x2d, 0x70, 0x75, 0x72, 0x70, 0x6c, 0x65, 0x2d, 0x38, 0x30, 0x30, 0x29, 0x3b, 0x0a, 0x20, 0x20
  .byte 0x2d, 0x2d, 0x74, 0x65, 0x78, 0x74, 0x2d, 0x70, 0x75, 0x72, 0x70, 0x6c, 0x65, 0x2d, 0x69, 0x6e
  .byte 0x76, 0x65, 0x72, 0x74, 0x65, 0x64, 0x3a, 0x20, 0x76, 0x61, 0x72, 0x28, 0x2d, 0x2d, 0x73, 0x77
  .byte 0x61, 0x74, 0x63, 0x68, 0x2d, 0x70, 0x75, 0x72, 0x70, 0x6c, 0x65, 0x2d, 0x31, 0x30, 0x30, 0x29
  .byte 0x3b, 0x0a, 0x0a, 0x20, 0x20, 0x2f, 0x2a, 0x20, 0x49, 0x6e, 0x74, 0x65, 0x72, 0x61, 0x63, 0x74
  .byte 0x69, 0x76, 0x65, 0x20, 0x2f, 0x20, 0x42, 0x72, 0x61, 0x6e, 0x64, 0x20, 0x2a, 0x2f, 0x0a, 0x20
  .byte 0x20, 0x2d, 0x2d, 0x69, 0x6e, 0x74, 0x65, 0x72, 0x61, 0x63, 0x74, 0x69, 0x76, 0x65, 0x2d, 0x61
  .byte 0x63, 0x63, 0x65, 0x6e, 0x74, 0x2d, 0x64, 0x65, 0x66, 0x61, 0x75, 0x6c, 0x74, 0x3a, 0x20, 0x76
  .byte 0x61, 0x72, 0x28, 0x2d, 0x2d, 0x73, 0x77, 0x61, 0x74, 0x63, 0x68, 0x2d, 0x77, 0x68, 0x69, 0x74
  .byte 0x65, 0x29, 0x3b, 0x0a, 0x20, 0x20, 0x2d, 0x2d, 0x69, 0x6e, 0x74, 0x65, 0x72, 0x61, 0x63, 0x74
  .byte 0x69, 0x76, 0x65, 0x2d, 0x61, 0x63, 0x63, 0x65, 0x6e, 0x74, 0x2d, 0x68, 0x6f, 0x76, 0x65, 0x72
  .byte 0x3a, 0x20, 0x76, 0x61, 0x72, 0x28, 0x2d, 0x2d, 0x73, 0x77, 0x61, 0x74, 0x63, 0x68, 0x2d, 0x77
  .byte 0x68, 0x69, 0x74, 0x65, 0x2d, 0x61, 0x38, 0x30, 0x29, 0x3b, 0x0a, 0x20, 0x20, 0x2d, 0x2d, 0x69
  .byte 0x6e, 0x74, 0x65, 0x72, 0x61, 0x63, 0x74, 0x69, 0x76, 0x65, 0x2d, 0x61, 0x63, 0x63, 0x65, 0x6e
  .byte 0x74, 0x2d, 0x64, 0x69, 0x73, 0x61, 0x62, 0x6c, 0x65, 0x64, 0x3a, 0x20, 0x76, 0x61, 0x72, 0x28
  .byte 0x2d, 0x2d, 0x73, 0x77, 0x61, 0x74, 0x63, 0x68, 0x2d, 0x77, 0x68, 0x69, 0x74, 0x65, 0x2d, 0x61
  .byte 0x34, 0x30, 0x29, 0x3b, 0x0a, 0x20, 0x20, 0x2d, 0x2d, 0x69, 0x6e, 0x74, 0x65, 0x72, 0x61, 0x63
  .byte 0x74, 0x69, 0x76, 0x65, 0x2d, 0x61, 0x63, 0x63, 0x65, 0x6e, 0x74, 0x2d, 0x70, 0x72, 0x65, 0x73
  .byte 0x73, 0x65, 0x64, 0x3a, 0x20, 0x76, 0x61, 0x72, 0x28, 0x2d, 0x2d, 0x73, 0x77, 0x61, 0x74, 0x63
  .byte 0x68, 0x2d, 0x77, 0x68, 0x69, 0x74, 0x65, 0x29, 0x3b, 0x0a, 0x0a, 0x20, 0x20, 0x2f, 0x2a, 0x20
  .byte 0x49, 0x6e, 0x74, 0x65, 0x72, 0x61, 0x63, 0x74, 0x69, 0x76, 0x65, 0x20, 0x2f, 0x20, 0x44, 0x65
  .byte 0x73, 0x74, 0x72, 0x75, 0x63, 0x74, 0x69, 0x76, 0x65, 0x20, 0x2a, 0x2f, 0x0a, 0x20, 0x20, 0x2d
  .byte 0x2d, 0x69, 0x6e, 0x74, 0x65, 0x72, 0x61, 0x63, 0x74, 0x69, 0x76, 0x65, 0x2d, 0x64, 0x65, 0x73
  .byte 0x74, 0x72, 0x75, 0x63, 0x74, 0x69, 0x76, 0x65, 0x2d, 0x64, 0x65, 0x66, 0x61, 0x75, 0x6c, 0x74
  .byte 0x3a, 0x20, 0x76, 0x61, 0x72, 0x28, 0x2d, 0x2d, 0x73, 0x77, 0x61, 0x74, 0x63, 0x68, 0x2d, 0x72
  .byte 0x65, 0x64, 0x2d, 0x36, 0x30, 0x30, 0x2d, 0x61, 0x30, 0x32, 0x29, 0x3b, 0x0a, 0x20, 0x20, 0x2d
  .byte 0x2d, 0x69, 0x6e, 0x74, 0x65, 0x72, 0x61, 0x63, 0x74, 0x69, 0x76, 0x65, 0x2d, 0x64, 0x65, 0x73
  .byte 0x74, 0x72, 0x75, 0x63, 0x74, 0x69, 0x76, 0x65, 0x2d, 0x68, 0x6f, 0x76, 0x65, 0x72, 0x3a, 0x20
  .byte 0x76, 0x61, 0x72, 0x28, 0x2d, 0x2d, 0x73, 0x77, 0x61, 0x74, 0x63, 0x68, 0x2d, 0x72, 0x65, 0x64
  .byte 0x2d, 0x36, 0x30, 0x30, 0x2d, 0x61, 0x30, 0x38, 0x29, 0x3b, 0x0a, 0x20, 0x20, 0x2d, 0x2d, 0x69
  .byte 0x6e, 0x74, 0x65, 0x72, 0x61, 0x63, 0x74, 0x69, 0x76, 0x65, 0x2d, 0x64, 0x65, 0x73, 0x74, 0x72
  .byte 0x75, 0x63, 0x74, 0x69, 0x76, 0x65, 0x2d, 0x64, 0x69, 0x73, 0x61, 0x62, 0x6c, 0x65, 0x64, 0x3a
  .byte 0x20, 0x76, 0x61, 0x72, 0x28, 0x2d, 0x2d, 0x73, 0x77, 0x61, 0x74, 0x63, 0x68, 0x2d, 0x72, 0x65
  .byte 0x64, 0x2d, 0x36, 0x30, 0x30, 0x2d, 0x61, 0x30, 0x32, 0x29, 0x3b, 0x0a, 0x20, 0x20, 0x2d, 0x2d
  .byte 0x69, 0x6e, 0x74, 0x65, 0x72, 0x61, 0x63, 0x74, 0x69, 0x76, 0x65, 0x2d, 0x64, 0x65, 0x73, 0x74
  .byte 0x72, 0x75, 0x63, 0x74, 0x69, 0x76, 0x65, 0x2d, 0x70, 0x72, 0x65, 0x73, 0x73, 0x65, 0x64, 0x3a
  .byte 0x20, 0x76, 0x61, 0x72, 0x28, 0x2d, 0x2d, 0x73, 0x77, 0x61, 0x74, 0x63, 0x68, 0x2d, 0x72, 0x65
  .byte 0x64, 0x2d, 0x36, 0x30, 0x30, 0x2d, 0x61, 0x31, 0x30, 0x29, 0x3b, 0x0a, 0x0a, 0x20, 0x20, 0x2f
  .byte 0x2a, 0x20, 0x49, 0x6e, 0x74, 0x65, 0x72, 0x61, 0x63, 0x74, 0x69, 0x76, 0x65, 0x20, 0x2f, 0x20
  .byte 0x44, 0x65, 0x73, 0x74, 0x72, 0x75, 0x63, 0x74, 0x69, 0x76, 0x65, 0x20, 0x2f, 0x20, 0x41, 0x63
  .byte 0x63, 0x65, 0x6e, 0x74, 0x20, 0x2a, 0x2f, 0x0a, 0x20, 0x20, 0x2d, 0x2d, 0x69, 0x6e, 0x74, 0x65
  .byte 0x72, 0x61, 0x63, 0x74, 0x69, 0x76, 0x65, 0x2d, 0x64, 0x65, 0x73, 0x74, 0x72, 0x75, 0x63, 0x74
  .byte 0x69, 0x76, 0x65, 0x2d, 0x61, 0x63, 0x63, 0x65, 0x6e, 0x74, 0x2d, 0x64, 0x65, 0x66, 0x61, 0x75
  .byte 0x6c, 0x74, 0x3a, 0x20, 0x76, 0x61, 0x72, 0x28, 0x2d, 0x2d, 0x73, 0x77, 0x61, 0x74, 0x63, 0x68
  .byte 0x2d, 0x72, 0x65, 0x64, 0x2d, 0x36, 0x30, 0x30, 0x29, 0x3b, 0x0a, 0x20, 0x20, 0x2d, 0x2d, 0x69
  .byte 0x6e, 0x74, 0x65, 0x72, 0x61, 0x63, 0x74, 0x69, 0x76, 0x65, 0x2d, 0x64, 0x65, 0x73, 0x74, 0x72
  .byte 0x75, 0x63, 0x74, 0x69, 0x76, 0x65, 0x2d, 0x61, 0x63, 0x63, 0x65, 0x6e, 0x74, 0x2d, 0x68, 0x6f
  .byte 0x76, 0x65, 0x72, 0x3a, 0x20, 0x76, 0x61, 0x72, 0x28, 0x2d, 0x2d, 0x73, 0x77, 0x61, 0x74, 0x63
  .byte 0x68, 0x2d, 0x72, 0x65, 0x64, 0x2d, 0x35, 0x30, 0x30, 0x29, 0x3b, 0x0a, 0x20, 0x20, 0x2d, 0x2d
  .byte 0x69, 0x6e, 0x74, 0x65, 0x72, 0x61, 0x63, 0x74, 0x69, 0x76, 0x65, 0x2d, 0x64, 0x65, 0x73, 0x74
  .byte 0x72, 0x75, 0x63, 0x74, 0x69, 0x76, 0x65, 0x2d, 0x61, 0x63, 0x63, 0x65, 0x6e, 0x74, 0x2d, 0x70
  .byte 0x72, 0x65, 0x73, 0x73, 0x65, 0x64, 0x3a, 0x20, 0x76, 0x61, 0x72, 0x28, 0x2d, 0x2d, 0x73, 0x77
  .byte 0x61, 0x74, 0x63, 0x68, 0x2d, 0x72, 0x65, 0x64, 0x2d, 0x37, 0x30, 0x30, 0x29, 0x3b, 0x0a, 0x20
  .byte 0x20, 0x2d, 0x2d, 0x69, 0x6e, 0x74, 0x65, 0x72, 0x61, 0x63, 0x74, 0x69, 0x76, 0x65, 0x2d, 0x64
  .byte 0x65, 0x73, 0x74, 0x72, 0x75, 0x63, 0x74, 0x69, 0x76, 0x65, 0x2d, 0x61, 0x63, 0x63, 0x65, 0x6e
  .byte 0x74, 0x2d, 0x64, 0x69, 0x73, 0x61, 0x62, 0x6c, 0x65, 0x64, 0x3a, 0x20, 0x76, 0x61, 0x72, 0x28
  .byte 0x2d, 0x2d, 0x73, 0x77, 0x61, 0x74, 0x63, 0x68, 0x2d, 0x72, 0x65, 0x64, 0x2d, 0x36, 0x30, 0x30
  .byte 0x2d, 0x61, 0x34, 0x30, 0x29, 0x3b, 0x0a, 0x0a, 0x20, 0x20, 0x2f, 0x2a, 0x20, 0x42, 0x6f, 0x72
  .byte 0x64, 0x65, 0x72, 0x20, 0x2a, 0x2f, 0x0a, 0x20, 0x20, 0x2d, 0x2d, 0x62, 0x6f, 0x72, 0x64, 0x65
  .byte 0x72, 0x2d, 0x64, 0x65, 0x66, 0x61, 0x75, 0x6c, 0x74, 0x3a, 0x20, 0x76, 0x61, 0x72, 0x28, 0x2d
  .byte 0x2d, 0x73, 0x77, 0x61, 0x74, 0x63, 0x68, 0x2d, 0x77, 0x68, 0x69, 0x74, 0x65, 0x2d, 0x61, 0x31
  .byte 0x32, 0x29, 0x3b, 0x0a, 0x20, 0x20, 0x2d, 0x2d, 0x62, 0x6f, 0x72, 0x64, 0x65, 0x72, 0x2d, 0x69
  .byte 0x6e, 0x74, 0x65, 0x72, 0x61, 0x63, 0x74, 0x69, 0x76, 0x65, 0x3a, 0x20, 0x76, 0x61, 0x72, 0x28
  .byte 0x2d, 0x2d, 0x73, 0x77, 0x61, 0x74, 0x63, 0x68, 0x2d, 0x77, 0x68, 0x69, 0x74, 0x65, 0x2d, 0x61
  .byte 0x32, 0x30, 0x29, 0x3b, 0x0a, 0x20, 0x20, 0x2d, 0x2d, 0x62, 0x6f, 0x72, 0x64, 0x65, 0x72, 0x2d
  .byte 0x69, 0x6e, 0x74, 0x65, 0x72, 0x61, 0x63, 0x74, 0x69, 0x76, 0x65, 0x2d, 0x65, 0x6d, 0x70, 0x68
  .byte 0x61, 0x73, 0x69, 0x73, 0x3a, 0x20, 0x76, 0x61, 0x72, 0x28, 0x2d, 0x2d, 0x73, 0x77, 0x61, 0x74
  .byte 0x63, 0x68, 0x2d, 0x77, 0x68, 0x69, 0x74, 0x65, 0x2d, 0x61, 0x34, 0x30, 0x29, 0x3b, 0x0a, 0x20
  .byte 0x20, 0x2d, 0x2d, 0x62, 0x6f, 0x72, 0x64, 0x65, 0x72, 0x2d, 0x69, 0x6e, 0x74, 0x65, 0x72, 0x61
  .byte 0x63, 0x74, 0x69, 0x76, 0x65, 0x2d, 0x73, 0x65, 0x6c, 0x65, 0x63, 0x74, 0x65, 0x64, 0x3a, 0x20
  .byte 0x76, 0x61, 0x72, 0x28, 0x2d, 0x2d, 0x73, 0x77, 0x61, 0x74, 0x63, 0x68, 0x2d, 0x77, 0x68, 0x69
  .byte 0x74, 0x65, 0x29, 0x3b, 0x0a, 0x20, 0x20, 0x2d, 0x2d, 0x62, 0x6f, 0x72, 0x64, 0x65, 0x72, 0x2d
  .byte 0x61, 0x63, 0x63, 0x65, 0x6e, 0x74, 0x3a, 0x20, 0x76, 0x61, 0x72, 0x28, 0x2d, 0x2d, 0x73, 0x77
  .byte 0x61, 0x74, 0x63, 0x68, 0x2d, 0x77, 0x68, 0x69, 0x74, 0x65, 0x2d, 0x61, 0x32, 0x30, 0x29, 0x3b
  .byte 0x0a, 0x20, 0x20, 0x2d, 0x2d, 0x62, 0x6f, 0x72, 0x64, 0x65, 0x72, 0x2d, 0x61, 0x63, 0x63, 0x65
  .byte 0x6e, 0x74, 0x2d, 0x65, 0x6d, 0x70, 0x68, 0x61, 0x73, 0x69, 0x73, 0x3a, 0x20, 0x76, 0x61, 0x72
  .byte 0x28, 0x2d, 0x2d, 0x73, 0x77, 0x61, 0x74, 0x63, 0x68, 0x2d, 0x77, 0x68, 0x69, 0x74, 0x65, 0x2d
  .byte 0x61, 0x34, 0x30, 0x29, 0x3b, 0x0a, 0x20, 0x20, 0x2d, 0x2d, 0x62, 0x6f, 0x72, 0x64, 0x65, 0x72
  .byte 0x2d, 0x61, 0x63, 0x63, 0x65, 0x6e, 0x74, 0x2d, 0x73, 0x65, 0x6c, 0x65, 0x63, 0x74, 0x65, 0x64
  .byte 0x3a, 0x20, 0x76, 0x61, 0x72, 0x28, 0x2d, 0x2d, 0x73, 0x77, 0x61, 0x74, 0x63, 0x68, 0x2d, 0x77
  .byte 0x68, 0x69, 0x74, 0x65, 0x29, 0x3b, 0x0a, 0x20, 0x20, 0x2d, 0x2d, 0x62, 0x6f, 0x72, 0x64, 0x65
  .byte 0x72, 0x2d, 0x69, 0x6e, 0x66, 0x6f, 0x3a, 0x20, 0x76, 0x61, 0x72, 0x28, 0x2d, 0x2d, 0x73, 0x77
  .byte 0x61, 0x74, 0x63, 0x68, 0x2d, 0x62, 0x6c, 0x75, 0x65, 0x2d, 0x35, 0x30, 0x30, 0x2d, 0x61, 0x30
  .byte 0x38, 0x29, 0x3b, 0x0a, 0x20, 0x20, 0x2d, 0x2d, 0x62, 0x6f, 0x72, 0x64, 0x65, 0x72, 0x2d, 0x69
  .byte 0x6e, 0x66, 0x6f, 0x2d, 0x65, 0x6d, 0x70, 0x68, 0x61, 0x73, 0x69, 0x73, 0x3a, 0x20, 0x76, 0x61
  .byte 0x72, 0x28, 0x2d, 0x2d, 0x73, 0x77, 0x61, 0x74, 0x63, 0x68, 0x2d, 0x62, 0x6c, 0x75, 0x65, 0x2d
  .byte 0x36, 0x30, 0x30, 0x29, 0x3b, 0x0a, 0x20, 0x20, 0x2d, 0x2d, 0x62, 0x6f, 0x72, 0x64, 0x65, 0x72
  .byte 0x2d, 0x61, 0x6c, 0x65, 0x72, 0x74, 0x3a, 0x20, 0x76, 0x61, 0x72, 0x28, 0x2d, 0x2d, 0x73, 0x77
  .byte 0x61, 0x74, 0x63, 0x68, 0x2d, 0x79, 0x65, 0x6c, 0x6c, 0x6f, 0x77, 0x2d, 0x34, 0x30, 0x30, 0x2d
  .byte 0x61, 0x30, 0x38, 0x29, 0x3b, 0x0a, 0x20, 0x20, 0x2d, 0x2d, 0x62, 0x6f, 0x72, 0x64, 0x65, 0x72
  .byte 0x2d, 0x61, 0x6c, 0x65, 0x72, 0x74, 0x2d, 0x65, 0x6d, 0x70, 0x68, 0x61, 0x73, 0x69, 0x73, 0x3a
  .byte 0x20, 0x76, 0x61, 0x72, 0x28, 0x2d, 0x2d, 0x73, 0x77, 0x61, 0x74, 0x63, 0x68, 0x2d, 0x79, 0x65
  .byte 0x6c, 0x6c, 0x6f, 0x77, 0x2d, 0x36, 0x30, 0x30, 0x29, 0x3b, 0x0a, 0x20, 0x20, 0x2d, 0x2d, 0x62
  .byte 0x6f, 0x72, 0x64, 0x65, 0x72, 0x2d, 0x73, 0x75, 0x63, 0x63, 0x65, 0x73, 0x73, 0x3a, 0x20, 0x76
  .byte 0x61, 0x72, 0x28, 0x2d, 0x2d, 0x73, 0x77, 0x61, 0x74, 0x63, 0x68, 0x2d, 0x67, 0x72, 0x65, 0x65
  .byte 0x6e, 0x2d, 0x36, 0x30, 0x30, 0x2d, 0x61, 0x30, 0x38, 0x29, 0x3b, 0x0a, 0x20, 0x20, 0x2d, 0x2d
  .byte 0x62, 0x6f, 0x72, 0x64, 0x65, 0x72, 0x2d, 0x73, 0x75, 0x63, 0x63, 0x65, 0x73, 0x73, 0x2d, 0x65
  .byte 0x6d, 0x70, 0x68, 0x61, 0x73, 0x69, 0x73, 0x3a, 0x20, 0x76, 0x61, 0x72, 0x28, 0x2d, 0x2d, 0x73
  .byte 0x77, 0x61, 0x74, 0x63, 0x68, 0x2d, 0x67, 0x72, 0x65, 0x65, 0x6e, 0x2d, 0x36, 0x30, 0x30, 0x29
  .byte 0x3b, 0x0a, 0x20, 0x20, 0x2d, 0x2d, 0x62, 0x6f, 0x72, 0x64, 0x65, 0x72, 0x2d, 0x64, 0x61, 0x6e
  .byte 0x67, 0x65, 0x72, 0x3a, 0x20, 0x76, 0x61, 0x72, 0x28, 0x2d, 0x2d, 0x73, 0x77, 0x61, 0x74, 0x63
  .byte 0x68, 0x2d, 0x72, 0x65, 0x64, 0x2d, 0x36, 0x30, 0x30, 0x2d, 0x61, 0x30, 0x38, 0x29, 0x3b, 0x0a
  .byte 0x20, 0x20, 0x2d, 0x2d, 0x62, 0x6f, 0x72, 0x64, 0x65, 0x72, 0x2d, 0x64, 0x61, 0x6e, 0x67, 0x65
  .byte 0x72, 0x2d, 0x65, 0x6d, 0x70, 0x68, 0x61, 0x73, 0x69, 0x73, 0x3a, 0x20, 0x76, 0x61, 0x72, 0x28
  .byte 0x2d, 0x2d, 0x73, 0x77, 0x61, 0x74, 0x63, 0x68, 0x2d, 0x72, 0x65, 0x64, 0x2d, 0x36, 0x30, 0x30
  .byte 0x29, 0x3b, 0x0a, 0x7d, 0x0a

  .globl openui_full_port_docs_shared_design_system_styles_variables_colors_css_4bfa92141275_pass_2_len
openui_full_port_docs_shared_design_system_styles_variables_colors_css_4bfa92141275_pass_2_len:
  .quad 8213

# assembly pass: 3/4
  .globl openui_full_port_docs_shared_design_system_styles_variables_colors_css_4bfa92141275_pass_3
openui_full_port_docs_shared_design_system_styles_variables_colors_css_4bfa92141275_pass_3:
  .byte 0x3a, 0x72, 0x6f, 0x6f, 0x74, 0x20, 0x7b, 0x0a, 0x20, 0x20, 0x2f, 0x2a, 0x20, 0x53, 0x75, 0x72
  .byte 0x66, 0x61, 0x63, 0x65, 0x20, 0x63, 0x6f, 0x6c, 0x6f, 0x72, 0x73, 0x20, 0x2a, 0x2f, 0x0a, 0x20
  .byte 0x20, 0x2d, 0x2d, 0x62, 0x61, 0x63, 0x6b, 0x67, 0x72, 0x6f, 0x75, 0x6e, 0x64, 0x3a, 0x20, 0x76
  .byte 0x61, 0x72, 0x28, 0x2d, 0x2d, 0x73, 0x77, 0x61, 0x74, 0x63, 0x68, 0x2d, 0x6e, 0x65, 0x75, 0x74
  .byte 0x72, 0x61, 0x6c, 0x2d, 0x31, 0x30, 0x30, 0x29, 0x3b, 0x0a, 0x20, 0x20, 0x2d, 0x2d, 0x66, 0x6f
  .byte 0x72, 0x65, 0x67, 0x72, 0x6f, 0x75, 0x6e, 0x64, 0x3a, 0x20, 0x76, 0x61, 0x72, 0x28, 0x2d, 0x2d
  .byte 0x73, 0x77, 0x61, 0x74, 0x63, 0x68, 0x2d, 0x77, 0x68, 0x69, 0x74, 0x65, 0x29, 0x3b, 0x0a, 0x20
  .byte 0x20, 0x2d, 0x2d, 0x70, 0x6f, 0x70, 0x6f, 0x76, 0x65, 0x72, 0x2d, 0x62, 0x61, 0x63, 0x6b, 0x67
  .byte 0x72, 0x6f, 0x75, 0x6e, 0x64, 0x3a, 0x20, 0x76, 0x61, 0x72, 0x28, 0x2d, 0x2d, 0x73, 0x77, 0x61
  .byte 0x74, 0x63, 0x68, 0x2d, 0x77, 0x68, 0x69, 0x74, 0x65, 0x29, 0x3b, 0x0a, 0x20, 0x20, 0x2d, 0x2d
  .byte 0x73, 0x75, 0x6e, 0x6b, 0x2d, 0x6c, 0x69, 0x67, 0x68, 0x74, 0x3a, 0x20, 0x76, 0x61, 0x72, 0x28
  .byte 0x2d, 0x2d, 0x73, 0x77, 0x61, 0x74, 0x63, 0x68, 0x2d, 0x62, 0x6c, 0x61, 0x63, 0x6b, 0x2d, 0x61
  .byte 0x30, 0x32, 0x29, 0x3b, 0x0a, 0x20, 0x20, 0x2d, 0x2d, 0x73, 0x75, 0x6e, 0x6b, 0x3a, 0x20, 0x76
  .byte 0x61, 0x72, 0x28, 0x2d, 0x2d, 0x73, 0x77, 0x61, 0x74, 0x63, 0x68, 0x2d, 0x62, 0x6c, 0x61, 0x63
  .byte 0x6b, 0x2d, 0x61, 0x30, 0x34, 0x29, 0x3b, 0x0a, 0x20, 0x20, 0x2d, 0x2d, 0x73, 0x75, 0x6e, 0x6b
  .byte 0x2d, 0x64, 0x65, 0x65, 0x70, 0x3a, 0x20, 0x76, 0x61, 0x72, 0x28, 0x2d, 0x2d, 0x73, 0x77, 0x61
  .byte 0x74, 0x63, 0x68, 0x2d, 0x62, 0x6c, 0x61, 0x63, 0x6b, 0x2d, 0x61, 0x30, 0x38, 0x29, 0x3b, 0x0a
  .byte 0x20, 0x20, 0x2d, 0x2d, 0x65, 0x6c, 0x65, 0x76, 0x61, 0x74, 0x65, 0x64, 0x2d, 0x6c, 0x69, 0x67
  .byte 0x68, 0x74, 0x3a, 0x20, 0x76, 0x61, 0x72, 0x28, 0x2d, 0x2d, 0x73, 0x77, 0x61, 0x74, 0x63, 0x68
  .byte 0x2d, 0x62, 0x6c, 0x61, 0x63, 0x6b, 0x2d, 0x61, 0x30, 0x34, 0x29, 0x3b, 0x0a, 0x20, 0x20, 0x2d
  .byte 0x2d, 0x65, 0x6c, 0x65, 0x76, 0x61, 0x74, 0x65, 0x64, 0x3a, 0x20, 0x76, 0x61, 0x72, 0x28, 0x2d
  .byte 0x2d, 0x73, 0x77, 0x61, 0x74, 0x63, 0x68, 0x2d, 0x62, 0x6c, 0x61, 0x63, 0x6b, 0x2d, 0x61, 0x30
  .byte 0x38, 0x29, 0x3b, 0x0a, 0x20, 0x20, 0x2d, 0x2d, 0x65, 0x6c, 0x65, 0x76, 0x61, 0x74, 0x65, 0x64
  .byte 0x2d, 0x73, 0x74, 0x72, 0x6f, 0x6e, 0x67, 0x3a, 0x20, 0x76, 0x61, 0x72, 0x28, 0x2d, 0x2d, 0x73
  .byte 0x77, 0x61, 0x74, 0x63, 0x68, 0x2d, 0x62, 0x6c, 0x61, 0x63, 0x6b, 0x2d, 0x61, 0x31, 0x36, 0x29
  .byte 0x3b, 0x0a, 0x20, 0x20, 0x2d, 0x2d, 0x65, 0x6c, 0x65, 0x76, 0x61, 0x74, 0x65, 0x64, 0x2d, 0x69
  .byte 0x6e, 0x74, 0x65, 0x6e, 0x73, 0x65, 0x3a, 0x20, 0x76, 0x61, 0x72, 0x28, 0x2d, 0x2d, 0x73, 0x77
  .byte 0x61, 0x74, 0x63, 0x68, 0x2d, 0x62, 0x6c, 0x61, 0x63, 0x6b, 0x2d, 0x61, 0x33, 0x32, 0x29, 0x3b
  .byte 0x0a, 0x20, 0x20, 0x2d, 0x2d, 0x6f, 0x76, 0x65, 0x72, 0x6c, 0x61, 0x79, 0x3a, 0x20, 0x76, 0x61
  .byte 0x72, 0x28, 0x2d, 0x2d, 0x73, 0x77, 0x61, 0x74, 0x63, 0x68, 0x2d, 0x62, 0x6c, 0x61, 0x63, 0x6b
  .byte 0x2d, 0x61, 0x32, 0x34, 0x29, 0x3b, 0x0a, 0x20, 0x20, 0x2d, 0x2d, 0x68, 0x69, 0x67, 0x68, 0x6c
  .byte 0x69, 0x67, 0x68, 0x74, 0x2d, 0x73, 0x75, 0x62, 0x74, 0x6c, 0x65, 0x3a, 0x20, 0x76, 0x61, 0x72
  .byte 0x28, 0x2d, 0x2d, 0x73, 0x77, 0x61, 0x74, 0x63, 0x68, 0x2d, 0x62, 0x6c, 0x61, 0x63, 0x6b, 0x2d
  .byte 0x61, 0x30, 0x34, 0x29, 0x3b, 0x0a, 0x20, 0x20, 0x2d, 0x2d, 0x68, 0x69, 0x67, 0x68, 0x6c, 0x69
  .byte 0x67, 0x68, 0x74, 0x3a, 0x20, 0x76, 0x61, 0x72, 0x28, 0x2d, 0x2d, 0x73, 0x77, 0x61, 0x74, 0x63
  .byte 0x68, 0x2d, 0x62, 0x6c, 0x61, 0x63, 0x6b, 0x2d, 0x61, 0x30, 0x38, 0x29, 0x3b, 0x0a, 0x20, 0x20
  .byte 0x2d, 0x2d, 0x68, 0x69, 0x67, 0x68, 0x6c, 0x69, 0x67, 0x68, 0x74, 0x2d, 0x73, 0x74, 0x72, 0x6f
  .byte 0x6e, 0x67, 0x3a, 0x20, 0x76, 0x61, 0x72, 0x28, 0x2d, 0x2d, 0x73, 0x77, 0x61, 0x74, 0x63, 0x68
  .byte 0x2d, 0x62, 0x6c, 0x61, 0x63, 0x6b, 0x2d, 0x61, 0x31, 0x36, 0x29, 0x3b, 0x0a, 0x20, 0x20, 0x2d
  .byte 0x2d, 0x68, 0x69, 0x67, 0x68, 0x6c, 0x69, 0x67, 0x68, 0x74, 0x2d, 0x69, 0x6e, 0x74, 0x65, 0x6e
  .byte 0x73, 0x65, 0x3a, 0x20, 0x76, 0x61, 0x72, 0x28, 0x2d, 0x2d, 0x73, 0x77, 0x61, 0x74, 0x63, 0x68
  .byte 0x2d, 0x62, 0x6c, 0x61, 0x63, 0x6b, 0x2d, 0x61, 0x33, 0x32, 0x29, 0x3b, 0x0a, 0x20, 0x20, 0x2d
  .byte 0x2d, 0x69, 0x6e, 0x76, 0x65, 0x72, 0x74, 0x65, 0x64, 0x2d, 0x62, 0x61, 0x63, 0x6b, 0x67, 0x72
  .byte 0x6f, 0x75, 0x6e, 0x64, 0x3a, 0x20, 0x76, 0x61, 0x72, 0x28, 0x2d, 0x2d, 0x73, 0x77, 0x61, 0x74
  .byte 0x63, 0x68, 0x2d, 0x6e, 0x65, 0x75, 0x74, 0x72, 0x61, 0x6c, 0x2d, 0x39, 0x30, 0x30, 0x29, 0x3b
  .byte 0x0a, 0x20, 0x20, 0x2d, 0x2d, 0x69, 0x6e, 0x66, 0x6f, 0x2d, 0x62, 0x61, 0x63, 0x6b, 0x67, 0x72
  .byte 0x6f, 0x75, 0x6e, 0x64, 0x3a, 0x20, 0x76, 0x61, 0x72, 0x28, 0x2d, 0x2d, 0x73, 0x77, 0x61, 0x74
  .byte 0x63, 0x68, 0x2d, 0x62, 0x6c, 0x75, 0x65, 0x2d, 0x35, 0x30, 0x30, 0x29, 0x3b, 0x0a, 0x20, 0x20
  .byte 0x2d, 0x2d, 0x73, 0x75, 0x63, 0x63, 0x65, 0x73, 0x73, 0x2d, 0x62, 0x61, 0x63, 0x6b, 0x67, 0x72
  .byte 0x6f, 0x75, 0x6e, 0x64, 0x3a, 0x20, 0x76, 0x61, 0x72, 0x28, 0x2d, 0x2d, 0x73, 0x77, 0x61, 0x74
  .byte 0x63, 0x68, 0x2d, 0x67, 0x72, 0x65, 0x65, 0x6e, 0x2d, 0x36, 0x30, 0x30, 0x29, 0x3b, 0x0a, 0x20
  .byte 0x20, 0x2d, 0x2d, 0x61, 0x6c, 0x65, 0x72, 0x74, 0x2d, 0x62, 0x61, 0x63, 0x6b, 0x67, 0x72, 0x6f
  .byte 0x75, 0x6e, 0x64, 0x3a, 0x20, 0x76, 0x61, 0x72, 0x28, 0x2d, 0x2d, 0x73, 0x77, 0x61, 0x74, 0x63
  .byte 0x68, 0x2d, 0x79, 0x65, 0x6c, 0x6c, 0x6f, 0x77, 0x2d, 0x34, 0x30, 0x30, 0x29, 0x3b, 0x0a, 0x20
  .byte 0x20, 0x2d, 0x2d, 0x64, 0x61, 0x6e, 0x67, 0x65, 0x72, 0x2d, 0x62, 0x61, 0x63, 0x6b, 0x67, 0x72
  .byte 0x6f, 0x75, 0x6e, 0x64, 0x3a, 0x20, 0x76, 0x61, 0x72, 0x28, 0x2d, 0x2d, 0x73, 0x77, 0x61, 0x74
  .byte 0x63, 0x68, 0x2d, 0x72, 0x65, 0x64, 0x2d, 0x36, 0x30, 0x30, 0x29, 0x3b, 0x0a, 0x20, 0x20, 0x2d
  .byte 0x2d, 0x70, 0x75, 0x72, 0x70, 0x6c, 0x65, 0x2d, 0x62, 0x61, 0x63, 0x6b, 0x67, 0x72, 0x6f, 0x75
  .byte 0x6e, 0x64, 0x3a, 0x20, 0x76, 0x61, 0x72, 0x28, 0x2d, 0x2d, 0x73, 0x77, 0x61, 0x74, 0x63, 0x68
  .byte 0x2d, 0x70, 0x75, 0x72, 0x70, 0x6c, 0x65, 0x2d, 0x35, 0x30, 0x30, 0x29, 0x3b, 0x0a, 0x20, 0x20
  .byte 0x2d, 0x2d, 0x70, 0x69, 0x6e, 0x6b, 0x2d, 0x62, 0x61, 0x63, 0x6b, 0x67, 0x72, 0x6f, 0x75, 0x6e
  .byte 0x64, 0x3a, 0x20, 0x76, 0x61, 0x72, 0x28, 0x2d, 0x2d, 0x73, 0x77, 0x61, 0x74, 0x63, 0x68, 0x2d
  .byte 0x70, 0x69, 0x6e, 0x6b, 0x2d, 0x35, 0x30, 0x30, 0x29, 0x3b, 0x0a, 0x0a, 0x20, 0x20, 0x2f, 0x2a
  .byte 0x20, 0x54, 0x65, 0x78, 0x74, 0x20, 0x2f, 0x20, 0x4e, 0x65, 0x75, 0x74, 0x72, 0x61, 0x6c, 0x20
  .byte 0x2a, 0x2f, 0x0a, 0x20, 0x20, 0x2d, 0x2d, 0x74, 0x65, 0x78, 0x74, 0x2d, 0x6e, 0x65, 0x75, 0x74
  .byte 0x72, 0x61, 0x6c, 0x2d, 0x70, 0x72, 0x69, 0x6d, 0x61, 0x72, 0x79, 0x3a, 0x20, 0x76, 0x61, 0x72
  .byte 0x28, 0x2d, 0x2d, 0x73, 0x77, 0x61, 0x74, 0x63, 0x68, 0x2d, 0x62, 0x6c, 0x61, 0x63, 0x6b, 0x29
  .byte 0x3b, 0x0a, 0x20, 0x20, 0x2d, 0x2d, 0x74, 0x65, 0x78, 0x74, 0x2d, 0x6e, 0x65, 0x75, 0x74, 0x72
  .byte 0x61, 0x6c, 0x2d, 0x73, 0x65, 0x63, 0x6f, 0x6e, 0x64, 0x61, 0x72, 0x79, 0x3a, 0x20, 0x76, 0x61
  .byte 0x72, 0x28, 0x2d, 0x2d, 0x73, 0x77, 0x61, 0x74, 0x63, 0x68, 0x2d, 0x62, 0x6c, 0x61, 0x63, 0x6b
  .byte 0x2d, 0x61, 0x35, 0x30, 0x29, 0x3b, 0x0a, 0x20, 0x20, 0x2d, 0x2d, 0x74, 0x65, 0x78, 0x74, 0x2d
  .byte 0x6e, 0x65, 0x75, 0x74, 0x72, 0x61, 0x6c, 0x2d, 0x74, 0x65, 0x72, 0x74, 0x69, 0x61, 0x72, 0x79
  .byte 0x3a, 0x20, 0x76, 0x61, 0x72, 0x28, 0x2d, 0x2d, 0x73, 0x77, 0x61, 0x74, 0x63, 0x68, 0x2d, 0x62
  .byte 0x6c, 0x61, 0x63, 0x6b, 0x2d, 0x61, 0x32, 0x30, 0x29, 0x3b, 0x0a, 0x20, 0x20, 0x2d, 0x2d, 0x74
  .byte 0x65, 0x78, 0x74, 0x2d, 0x6e, 0x65, 0x75, 0x74, 0x72, 0x61, 0x6c, 0x2d, 0x6c, 0x69, 0x6e, 0x6b
  .byte 0x3a, 0x20, 0x76, 0x61, 0x72, 0x28, 0x2d, 0x2d, 0x73, 0x77, 0x61, 0x74, 0x63, 0x68, 0x2d, 0x62
  .byte 0x6c, 0x61, 0x63, 0x6b, 0x29, 0x3b, 0x0a, 0x0a, 0x20, 0x20, 0x2d, 0x2d, 0x74, 0x65, 0x78, 0x74
  .byte 0x2d, 0x62, 0x72, 0x61, 0x6e, 0x64, 0x3a, 0x20, 0x76, 0x61, 0x72, 0x28, 0x2d, 0x2d, 0x73, 0x77
  .byte 0x61, 0x74, 0x63, 0x68, 0x2d, 0x62, 0x6c, 0x61, 0x63, 0x6b, 0x29, 0x3b, 0x0a, 0x0a, 0x20, 0x20
  .byte 0x2d, 0x2d, 0x74, 0x65, 0x78, 0x74, 0x2d, 0x77, 0x68, 0x69, 0x74, 0x65, 0x3a, 0x20, 0x76, 0x61
  .byte 0x72, 0x28, 0x2d, 0x2d, 0x73, 0x77, 0x61, 0x74, 0x63, 0x68, 0x2d, 0x77, 0x68, 0x69, 0x74, 0x65
  .byte 0x29, 0x3b, 0x0a, 0x20, 0x20, 0x2d, 0x2d, 0x74, 0x65, 0x78, 0x74, 0x2d, 0x62, 0x6c, 0x61, 0x63
  .byte 0x6b, 0x3a, 0x20, 0x76, 0x61, 0x72, 0x28, 0x2d, 0x2d, 0x73, 0x77, 0x61, 0x74, 0x63, 0x68, 0x2d
  .byte 0x62, 0x6c, 0x61, 0x63, 0x6b, 0x29, 0x3b, 0x0a, 0x0a, 0x20, 0x20, 0x2f, 0x2a, 0x20, 0x54, 0x65
  .byte 0x78, 0x74, 0x20, 0x2f, 0x20, 0x41, 0x63, 0x63, 0x65, 0x6e, 0x74, 0x20, 0x2a, 0x2f, 0x0a, 0x20
  .byte 0x20, 0x2d, 0x2d, 0x74, 0x65, 0x78, 0x74, 0x2d, 0x61, 0x63, 0x63, 0x65, 0x6e, 0x74, 0x2d, 0x70
  .byte 0x72, 0x69, 0x6d, 0x61, 0x72, 0x79, 0x3a, 0x20, 0x76, 0x61, 0x72, 0x28, 0x2d, 0x2d, 0x73, 0x77
  .byte 0x61, 0x74, 0x63, 0x68, 0x2d, 0x77, 0x68, 0x69, 0x74, 0x65, 0x29, 0x3b, 0x0a, 0x20, 0x20, 0x2d
  .byte 0x2d, 0x74, 0x65, 0x78, 0x74, 0x2d, 0x61, 0x63, 0x63, 0x65, 0x6e, 0x74, 0x2d, 0x73, 0x65, 0x63
  .byte 0x6f, 0x6e, 0x64, 0x61, 0x72, 0x79, 0x3a, 0x20, 0x76, 0x61, 0x72, 0x28, 0x2d, 0x2d, 0x73, 0x77
  .byte 0x61, 0x74, 0x63, 0x68, 0x2d, 0x77, 0x68, 0x69, 0x74, 0x65, 0x2d, 0x61, 0x35, 0x30, 0x29, 0x3b
  .byte 0x0a, 0x20, 0x20, 0x2d, 0x2d, 0x74, 0x65, 0x78, 0x74, 0x2d, 0x61, 0x63, 0x63, 0x65, 0x6e, 0x74
  .byte 0x2d, 0x74, 0x65, 0x72, 0x74, 0x69, 0x61, 0x72, 0x79, 0x3a, 0x20, 0x76, 0x61, 0x72, 0x28, 0x2d
  .byte 0x2d, 0x73, 0x77, 0x61, 0x74, 0x63, 0x68, 0x2d, 0x77, 0x68, 0x69, 0x74, 0x65, 0x2d, 0x61, 0x32
  .byte 0x30, 0x29, 0x3b, 0x0a, 0x0a, 0x20, 0x20, 0x2f, 0x2a, 0x20, 0x54, 0x65, 0x78, 0x74, 0x20, 0x2f
  .byte 0x20, 0x53, 0x75, 0x63, 0x63, 0x65, 0x73, 0x73, 0x20, 0x2a, 0x2f, 0x0a, 0x20, 0x20, 0x2d, 0x2d
  .byte 0x74, 0x65, 0x78, 0x74, 0x2d, 0x73, 0x75, 0x63, 0x63, 0x65, 0x73, 0x73, 0x2d, 0x70, 0x72, 0x69
  .byte 0x6d, 0x61, 0x72, 0x79, 0x3a, 0x20, 0x76, 0x61, 0x72, 0x28, 0x2d, 0x2d, 0x73, 0x77, 0x61, 0x74
  .byte 0x63, 0x68, 0x2d, 0x67, 0x72, 0x65, 0x65, 0x6e, 0x2d, 0x37, 0x30, 0x30, 0x29, 0x3b, 0x0a, 0x20
  .byte 0x20, 0x2d, 0x2d, 0x74, 0x65, 0x78, 0x74, 0x2d, 0x73, 0x75, 0x63, 0x63, 0x65, 0x73, 0x73, 0x2d
  .byte 0x69, 0x6e, 0x76, 0x65, 0x72, 0x74, 0x65, 0x64, 0x3a, 0x20, 0x76, 0x61, 0x72, 0x28, 0x2d, 0x2d
  .byte 0x73, 0x77, 0x61, 0x74, 0x63, 0x68, 0x2d, 0x67, 0x72, 0x65, 0x65, 0x6e, 0x2d, 0x31, 0x30, 0x30
  .byte 0x29, 0x3b, 0x0a, 0x0a, 0x20, 0x20, 0x2f, 0x2a, 0x20, 0x54, 0x65, 0x78, 0x74, 0x20, 0x2f, 0x20
  .byte 0x41, 0x6c, 0x65, 0x72, 0x74, 0x20, 0x2a, 0x2f, 0x0a, 0x20, 0x20, 0x2d, 0x2d, 0x74, 0x65, 0x78
  .byte 0x74, 0x2d, 0x61, 0x6c, 0x65, 0x72, 0x74, 0x2d, 0x70, 0x72, 0x69, 0x6d, 0x61, 0x72, 0x79, 0x3a
  .byte 0x20, 0x76, 0x61, 0x72, 0x28, 0x2d, 0x2d, 0x73, 0x77, 0x61, 0x74, 0x63, 0x68, 0x2d, 0x79, 0x65
  .byte 0x6c, 0x6c, 0x6f, 0x77, 0x2d, 0x38, 0x30, 0x30, 0x29, 0x3b, 0x0a, 0x20, 0x20, 0x2d, 0x2d, 0x74
  .byte 0x65, 0x78, 0x74, 0x2d, 0x61, 0x6c, 0x65, 0x72, 0x74, 0x2d, 0x69, 0x6e, 0x76, 0x65, 0x72, 0x74
  .byte 0x65, 0x64, 0x3a, 0x20, 0x76, 0x61, 0x72, 0x28, 0x2d, 0x2d, 0x73, 0x77, 0x61, 0x74, 0x63, 0x68
  .byte 0x2d, 0x79, 0x65, 0x6c, 0x6c, 0x6f, 0x77, 0x2d, 0x31, 0x30, 0x30, 0x29, 0x3b, 0x0a, 0x0a, 0x20
  .byte 0x20, 0x2f, 0x2a, 0x20, 0x54, 0x65, 0x78, 0x74, 0x20, 0x2f, 0x20, 0x44, 0x61, 0x6e, 0x67, 0x65
  .byte 0x72, 0x20, 0x2a, 0x2f, 0x0a, 0x20, 0x20, 0x2d, 0x2d, 0x74, 0x65, 0x78, 0x74, 0x2d, 0x64, 0x61
  .byte 0x6e, 0x67, 0x65, 0x72, 0x2d, 0x70, 0x72, 0x69, 0x6d, 0x61, 0x72, 0x79, 0x3a, 0x20, 0x76, 0x61
  .byte 0x72, 0x28, 0x2d, 0x2d, 0x73, 0x77, 0x61, 0x74, 0x63, 0x68, 0x2d, 0x72, 0x65, 0x64, 0x2d, 0x37
  .byte 0x30, 0x30, 0x29, 0x3b, 0x0a, 0x20, 0x20, 0x2d, 0x2d, 0x74, 0x65, 0x78, 0x74, 0x2d, 0x64, 0x61
  .byte 0x6e, 0x67, 0x65, 0x72, 0x2d, 0x73, 0x65, 0x63, 0x6f, 0x6e, 0x64, 0x61, 0x72, 0x79, 0x3a, 0x20
  .byte 0x76, 0x61, 0x72, 0x28, 0x2d, 0x2d, 0x73, 0x77, 0x61, 0x74, 0x63, 0x68, 0x2d, 0x72, 0x65, 0x64
  .byte 0x2d, 0x34, 0x30, 0x30, 0x29, 0x3b, 0x0a, 0x20, 0x20, 0x2d, 0x2d, 0x74, 0x65, 0x78, 0x74, 0x2d
  .byte 0x64, 0x61, 0x6e, 0x67, 0x65, 0x72, 0x2d, 0x74, 0x65, 0x72, 0x74, 0x69, 0x61, 0x72, 0x79, 0x3a
  .byte 0x20, 0x76, 0x61, 0x72, 0x28, 0x2d, 0x2d, 0x73, 0x77, 0x61, 0x74, 0x63, 0x68, 0x2d, 0x72, 0x65
  .byte 0x64, 0x2d, 0x33, 0x30, 0x30, 0x29, 0x3b, 0x0a, 0x0a, 0x20, 0x20, 0x2f, 0x2a, 0x20, 0x54, 0x65
  .byte 0x78, 0x74, 0x20, 0x2f, 0x20, 0x44, 0x61, 0x6e, 0x67, 0x65, 0x72, 0x20, 0x2f, 0x20, 0x49, 0x6e
  .byte 0x76, 0x65, 0x72, 0x74, 0x65, 0x64, 0x20, 0x2a, 0x2f, 0x0a, 0x20, 0x20, 0x2d, 0x2d, 0x74, 0x65
  .byte 0x78, 0x74, 0x2d, 0x64, 0x61, 0x6e, 0x67, 0x65, 0x72, 0x2d, 0x69, 0x6e, 0x76, 0x65, 0x72, 0x74
  .byte 0x65, 0x64, 0x2d, 0x70, 0x72, 0x69, 0x6d, 0x61, 0x72, 0x79, 0x3a, 0x20, 0x76, 0x61, 0x72, 0x28
  .byte 0x2d, 0x2d, 0x73, 0x77, 0x61, 0x74, 0x63, 0x68, 0x2d, 0x77, 0x68, 0x69, 0x74, 0x65, 0x29, 0x3b
  .byte 0x0a, 0x20, 0x20, 0x2d, 0x2d, 0x74, 0x65, 0x78, 0x74, 0x2d, 0x64, 0x61, 0x6e, 0x67, 0x65, 0x72
  .byte 0x2d, 0x69, 0x6e, 0x76, 0x65, 0x72, 0x74, 0x65, 0x64, 0x2d, 0x73, 0x65, 0x63, 0x6f, 0x6e, 0x64
  .byte 0x61, 0x72, 0x79, 0x3a, 0x20, 0x76, 0x61, 0x72, 0x28, 0x2d, 0x2d, 0x73, 0x77, 0x61, 0x74, 0x63
  .byte 0x68, 0x2d, 0x77, 0x68, 0x69, 0x74, 0x65, 0x2d, 0x61, 0x34, 0x30, 0x29, 0x3b, 0x0a, 0x20, 0x20
  .byte 0x2d, 0x2d, 0x74, 0x65, 0x78, 0x74, 0x2d, 0x64, 0x61, 0x6e, 0x67, 0x65, 0x72, 0x2d, 0x69, 0x6e
  .byte 0x76, 0x65, 0x72, 0x74, 0x65, 0x64, 0x2d, 0x74, 0x65, 0x72, 0x74, 0x69, 0x61, 0x72, 0x79, 0x3a
  .byte 0x20, 0x76, 0x61, 0x72, 0x28, 0x2d, 0x2d, 0x73, 0x77, 0x61, 0x74, 0x63, 0x68, 0x2d, 0x77, 0x68
  .byte 0x69, 0x74, 0x65, 0x2d, 0x61, 0x32, 0x30, 0x29, 0x3b, 0x0a, 0x0a, 0x20, 0x20, 0x2f, 0x2a, 0x20
  .byte 0x54, 0x65, 0x78, 0x74, 0x20, 0x2f, 0x20, 0x49, 0x6e, 0x66, 0x6f, 0x20, 0x2a, 0x2f, 0x0a, 0x20
  .byte 0x20, 0x2d, 0x2d, 0x74, 0x65, 0x78, 0x74, 0x2d, 0x69, 0x6e, 0x66, 0x6f, 0x2d, 0x70, 0x72, 0x69
  .byte 0x6d, 0x61, 0x72, 0x79, 0x3a, 0x20, 0x76, 0x61, 0x72, 0x28, 0x2d, 0x2d, 0x73, 0x77, 0x61, 0x74
  .byte 0x63, 0x68, 0x2d, 0x62, 0x6c, 0x75, 0x65, 0x2d, 0x38, 0x30, 0x30, 0x29, 0x3b, 0x0a, 0x20, 0x20
  .byte 0x2d, 0x2d, 0x74, 0x65, 0x78, 0x74, 0x2d, 0x69, 0x6e, 0x66, 0x6f, 0x2d, 0x69, 0x6e, 0x76, 0x65
  .byte 0x72, 0x74, 0x65, 0x64, 0x3a, 0x20, 0x76, 0x61, 0x72, 0x28, 0x2d, 0x2d, 0x73, 0x77, 0x61, 0x74
  .byte 0x63, 0x68, 0x2d, 0x62, 0x6c, 0x75, 0x65, 0x2d, 0x31, 0x30, 0x30, 0x29, 0x3b, 0x0a, 0x0a, 0x20
  .byte 0x20, 0x2f, 0x2a, 0x20, 0x54, 0x65, 0x78, 0x74, 0x20, 0x2f, 0x20, 0x50, 0x69, 0x6e, 0x6b, 0x20
  .byte 0x2a, 0x2f, 0x0a, 0x20, 0x20, 0x2d, 0x2d, 0x74, 0x65, 0x78, 0x74, 0x2d, 0x70, 0x69, 0x6e, 0x6b
  .byte 0x2d, 0x70, 0x72, 0x69, 0x6d, 0x61, 0x72, 0x79, 0x3a, 0x20, 0x76, 0x61, 0x72, 0x28, 0x2d, 0x2d
  .byte 0x73, 0x77, 0x61, 0x74, 0x63, 0x68, 0x2d, 0x70, 0x69, 0x6e, 0x6b, 0x2d, 0x38, 0x30, 0x30, 0x29
  .byte 0x3b, 0x0a, 0x20, 0x20, 0x2d, 0x2d, 0x74, 0x65, 0x78, 0x74, 0x2d, 0x70, 0x69, 0x6e, 0x6b, 0x2d
  .byte 0x69, 0x6e, 0x76, 0x65, 0x72, 0x74, 0x65, 0x64, 0x3a, 0x20, 0x76, 0x61, 0x72, 0x28, 0x2d, 0x2d
  .byte 0x73, 0x77, 0x61, 0x74, 0x63, 0x68, 0x2d, 0x70, 0x69, 0x6e, 0x6b, 0x2d, 0x31, 0x30, 0x30, 0x29
  .byte 0x3b, 0x0a, 0x0a, 0x20, 0x20, 0x2f, 0x2a, 0x20, 0x54, 0x65, 0x78, 0x74, 0x20, 0x2f, 0x20, 0x50
  .byte 0x75, 0x72, 0x70, 0x6c, 0x65, 0x20, 0x2a, 0x2f, 0x0a, 0x20, 0x20, 0x2d, 0x2d, 0x74, 0x65, 0x78
  .byte 0x74, 0x2d, 0x70, 0x75, 0x72, 0x70, 0x6c, 0x65, 0x2d, 0x70, 0x72, 0x69, 0x6d, 0x61, 0x72, 0x79
  .byte 0x3a, 0x20, 0x76, 0x61, 0x72, 0x28, 0x2d, 0x2d, 0x73, 0x77, 0x61, 0x74, 0x63, 0x68, 0x2d, 0x70
  .byte 0x75, 0x72, 0x70, 0x6c, 0x65, 0x2d, 0x38, 0x30, 0x30, 0x29, 0x3b, 0x0a, 0x20, 0x20, 0x2d, 0x2d
  .byte 0x74, 0x65, 0x78, 0x74, 0x2d, 0x70, 0x75, 0x72, 0x70, 0x6c, 0x65, 0x2d, 0x69, 0x6e, 0x76, 0x65
  .byte 0x72, 0x74, 0x65, 0x64, 0x3a, 0x20, 0x76, 0x61, 0x72, 0x28, 0x2d, 0x2d, 0x73, 0x77, 0x61, 0x74
  .byte 0x63, 0x68, 0x2d, 0x70, 0x75, 0x72, 0x70, 0x6c, 0x65, 0x2d, 0x31, 0x30, 0x30, 0x29, 0x3b, 0x0a
  .byte 0x0a, 0x20, 0x20, 0x2f, 0x2a, 0x20, 0x49, 0x6e, 0x74, 0x65, 0x72, 0x61, 0x63, 0x74, 0x69, 0x76
  .byte 0x65, 0x20, 0x2f, 0x20, 0x42, 0x72, 0x61, 0x6e, 0x64, 0x20, 0x2a, 0x2f, 0x0a, 0x20, 0x20, 0x2d
  .byte 0x2d, 0x69, 0x6e, 0x74, 0x65, 0x72, 0x61, 0x63, 0x74, 0x69, 0x76, 0x65, 0x2d, 0x61, 0x63, 0x63
  .byte 0x65, 0x6e, 0x74, 0x2d, 0x64, 0x65, 0x66, 0x61, 0x75, 0x6c, 0x74, 0x3a, 0x20, 0x76, 0x61, 0x72
  .byte 0x28, 0x2d, 0x2d, 0x73, 0x77, 0x61, 0x74, 0x63, 0x68, 0x2d, 0x62, 0x6c, 0x61, 0x63, 0x6b, 0x29
  .byte 0x3b, 0x0a, 0x20, 0x20, 0x2d, 0x2d, 0x69, 0x6e, 0x74, 0x65, 0x72, 0x61, 0x63, 0x74, 0x69, 0x76
  .byte 0x65, 0x2d, 0x61, 0x63, 0x63, 0x65, 0x6e, 0x74, 0x2d, 0x68, 0x6f, 0x76, 0x65, 0x72, 0x3a, 0x20
  .byte 0x76, 0x61, 0x72, 0x28, 0x2d, 0x2d, 0x73, 0x77, 0x61, 0x74, 0x63, 0x68, 0x2d, 0x62, 0x6c, 0x61
  .byte 0x63, 0x6b, 0x2d, 0x61, 0x38, 0x30, 0x29, 0x3b, 0x0a, 0x20, 0x20, 0x2d, 0x2d, 0x69, 0x6e, 0x74
  .byte 0x65, 0x72, 0x61, 0x63, 0x74, 0x69, 0x76, 0x65, 0x2d, 0x61, 0x63, 0x63, 0x65, 0x6e, 0x74, 0x2d
  .byte 0x64, 0x69, 0x73, 0x61, 0x62, 0x6c, 0x65, 0x64, 0x3a, 0x20, 0x76, 0x61, 0x72, 0x28, 0x2d, 0x2d
  .byte 0x73, 0x77, 0x61, 0x74, 0x63, 0x68, 0x2d, 0x62, 0x6c, 0x61, 0x63, 0x6b, 0x2d, 0x61, 0x34, 0x30
  .byte 0x29, 0x3b, 0x0a, 0x20, 0x20, 0x2d, 0x2d, 0x69, 0x6e, 0x74, 0x65, 0x72, 0x61, 0x63, 0x74, 0x69
  .byte 0x76, 0x65, 0x2d, 0x61, 0x63, 0x63, 0x65, 0x6e, 0x74, 0x2d, 0x70, 0x72, 0x65, 0x73, 0x73, 0x65
  .byte 0x64, 0x3a, 0x20, 0x76, 0x61, 0x72, 0x28, 0x2d, 0x2d, 0x73, 0x77, 0x61, 0x74, 0x63, 0x68, 0x2d
  .byte 0x62, 0x6c, 0x61, 0x63, 0x6b, 0x29, 0x3b, 0x0a, 0x0a, 0x20, 0x20, 0x2f, 0x2a, 0x20, 0x49, 0x6e
  .byte 0x74, 0x65, 0x72, 0x61, 0x63, 0x74, 0x69, 0x76, 0x65, 0x20, 0x2f, 0x20, 0x44, 0x65, 0x73, 0x74
  .byte 0x72, 0x75, 0x63, 0x74, 0x69, 0x76, 0x65, 0x20, 0x2a, 0x2f, 0x0a, 0x20, 0x20, 0x2d, 0x2d, 0x69
  .byte 0x6e, 0x74, 0x65, 0x72, 0x61, 0x63, 0x74, 0x69, 0x76, 0x65, 0x2d, 0x64, 0x65, 0x73, 0x74, 0x72
  .byte 0x75, 0x63, 0x74, 0x69, 0x76, 0x65, 0x2d, 0x64, 0x65, 0x66, 0x61, 0x75, 0x6c, 0x74, 0x3a, 0x20
  .byte 0x76, 0x61, 0x72, 0x28, 0x2d, 0x2d, 0x73, 0x77, 0x61, 0x74, 0x63, 0x68, 0x2d, 0x72, 0x65, 0x64
  .byte 0x2d, 0x36, 0x30, 0x30, 0x2d, 0x61, 0x30, 0x32, 0x29, 0x3b, 0x0a, 0x20, 0x20, 0x2d, 0x2d, 0x69
  .byte 0x6e, 0x74, 0x65, 0x72, 0x61, 0x63, 0x74, 0x69, 0x76, 0x65, 0x2d, 0x64, 0x65, 0x73, 0x74, 0x72
  .byte 0x75, 0x63, 0x74, 0x69, 0x76, 0x65, 0x2d, 0x68, 0x6f, 0x76, 0x65, 0x72, 0x3a, 0x20, 0x76, 0x61
  .byte 0x72, 0x28, 0x2d, 0x2d, 0x73, 0x77, 0x61, 0x74, 0x63, 0x68, 0x2d, 0x72, 0x65, 0x64, 0x2d, 0x36
  .byte 0x30, 0x30, 0x2d, 0x61, 0x30, 0x38, 0x29, 0x3b, 0x0a, 0x20, 0x20, 0x2d, 0x2d, 0x69, 0x6e, 0x74
  .byte 0x65, 0x72, 0x61, 0x63, 0x74, 0x69, 0x76, 0x65, 0x2d, 0x64, 0x65, 0x73, 0x74, 0x72, 0x75, 0x63
  .byte 0x74, 0x69, 0x76, 0x65, 0x2d, 0x64, 0x69, 0x73, 0x61, 0x62, 0x6c, 0x65, 0x64, 0x3a, 0x20, 0x76
  .byte 0x61, 0x72, 0x28, 0x2d, 0x2d, 0x73, 0x77, 0x61, 0x74, 0x63, 0x68, 0x2d, 0x72, 0x65, 0x64, 0x2d
  .byte 0x36, 0x30, 0x30, 0x2d, 0x61, 0x30, 0x32, 0x29, 0x3b, 0x0a, 0x20, 0x20, 0x2d, 0x2d, 0x69, 0x6e
  .byte 0x74, 0x65, 0x72, 0x61, 0x63, 0x74, 0x69, 0x76, 0x65, 0x2d, 0x64, 0x65, 0x73, 0x74, 0x72, 0x75
  .byte 0x63, 0x74, 0x69, 0x76, 0x65, 0x2d, 0x70, 0x72, 0x65, 0x73, 0x73, 0x65, 0x64, 0x3a, 0x20, 0x76
  .byte 0x61, 0x72, 0x28, 0x2d, 0x2d, 0x73, 0x77, 0x61, 0x74, 0x63, 0x68, 0x2d, 0x72, 0x65, 0x64, 0x2d
  .byte 0x36, 0x30, 0x30, 0x2d, 0x61, 0x31, 0x30, 0x29, 0x3b, 0x0a, 0x0a, 0x20, 0x20, 0x2f, 0x2a, 0x20
  .byte 0x49, 0x6e, 0x74, 0x65, 0x72, 0x61, 0x63, 0x74, 0x69, 0x76, 0x65, 0x20, 0x2f, 0x20, 0x44, 0x65
  .byte 0x73, 0x74, 0x72, 0x75, 0x63, 0x74, 0x69, 0x76, 0x65, 0x20, 0x2f, 0x20, 0x41, 0x63, 0x63, 0x65
  .byte 0x6e, 0x74, 0x20, 0x2a, 0x2f, 0x0a, 0x20, 0x20, 0x2d, 0x2d, 0x69, 0x6e, 0x74, 0x65, 0x72, 0x61
  .byte 0x63, 0x74, 0x69, 0x76, 0x65, 0x2d, 0x64, 0x65, 0x73, 0x74, 0x72, 0x75, 0x63, 0x74, 0x69, 0x76
  .byte 0x65, 0x2d, 0x61, 0x63, 0x63, 0x65, 0x6e, 0x74, 0x2d, 0x64, 0x65, 0x66, 0x61, 0x75, 0x6c, 0x74
  .byte 0x3a, 0x20, 0x76, 0x61, 0x72, 0x28, 0x2d, 0x2d, 0x73, 0x77, 0x61, 0x74, 0x63, 0x68, 0x2d, 0x72
  .byte 0x65, 0x64, 0x2d, 0x36, 0x30, 0x30, 0x29, 0x3b, 0x0a, 0x20, 0x20, 0x2d, 0x2d, 0x69, 0x6e, 0x74
  .byte 0x65, 0x72, 0x61, 0x63, 0x74, 0x69, 0x76, 0x65, 0x2d, 0x64, 0x65, 0x73, 0x74, 0x72, 0x75, 0x63
  .byte 0x74, 0x69, 0x76, 0x65, 0x2d, 0x61, 0x63, 0x63, 0x65, 0x6e, 0x74, 0x2d, 0x68, 0x6f, 0x76, 0x65
  .byte 0x72, 0x3a, 0x20, 0x76, 0x61, 0x72, 0x28, 0x2d, 0x2d, 0x73, 0x77, 0x61, 0x74, 0x63, 0x68, 0x2d
  .byte 0x72, 0x65, 0x64, 0x2d, 0x35, 0x30, 0x30, 0x29, 0x3b, 0x0a, 0x20, 0x20, 0x2d, 0x2d, 0x69, 0x6e
  .byte 0x74, 0x65, 0x72, 0x61, 0x63, 0x74, 0x69, 0x76, 0x65, 0x2d, 0x64, 0x65, 0x73, 0x74, 0x72, 0x75
  .byte 0x63, 0x74, 0x69, 0x76, 0x65, 0x2d, 0x61, 0x63, 0x63, 0x65, 0x6e, 0x74, 0x2d, 0x70, 0x72, 0x65
  .byte 0x73, 0x73, 0x65, 0x64, 0x3a, 0x20, 0x76, 0x61, 0x72, 0x28, 0x2d, 0x2d, 0x73, 0x77, 0x61, 0x74
  .byte 0x63, 0x68, 0x2d, 0x72, 0x65, 0x64, 0x2d, 0x37, 0x30, 0x30, 0x29, 0x3b, 0x0a, 0x20, 0x20, 0x2d
  .byte 0x2d, 0x69, 0x6e, 0x74, 0x65, 0x72, 0x61, 0x63, 0x74, 0x69, 0x76, 0x65, 0x2d, 0x64, 0x65, 0x73
  .byte 0x74, 0x72, 0x75, 0x63, 0x74, 0x69, 0x76, 0x65, 0x2d, 0x61, 0x63, 0x63, 0x65, 0x6e, 0x74, 0x2d
  .byte 0x64, 0x69, 0x73, 0x61, 0x62, 0x6c, 0x65, 0x64, 0x3a, 0x20, 0x76, 0x61, 0x72, 0x28, 0x2d, 0x2d
  .byte 0x73, 0x77, 0x61, 0x74, 0x63, 0x68, 0x2d, 0x72, 0x65, 0x64, 0x2d, 0x36, 0x30, 0x30, 0x2d, 0x61
  .byte 0x34, 0x30, 0x29, 0x3b, 0x0a, 0x0a, 0x20, 0x20, 0x2f, 0x2a, 0x20, 0x42, 0x6f, 0x72, 0x64, 0x65
  .byte 0x72, 0x20, 0x2a, 0x2f, 0x0a, 0x20, 0x20, 0x2d, 0x2d, 0x62, 0x6f, 0x72, 0x64, 0x65, 0x72, 0x2d
  .byte 0x64, 0x65, 0x66, 0x61, 0x75, 0x6c, 0x74, 0x3a, 0x20, 0x76, 0x61, 0x72, 0x28, 0x2d, 0x2d, 0x73
  .byte 0x77, 0x61, 0x74, 0x63, 0x68, 0x2d, 0x62, 0x6c, 0x61, 0x63, 0x6b, 0x2d, 0x61, 0x30, 0x36, 0x29
  .byte 0x3b, 0x0a, 0x20, 0x20, 0x2d, 0x2d, 0x62, 0x6f, 0x72, 0x64, 0x65, 0x72, 0x2d, 0x69, 0x6e, 0x74
  .byte 0x65, 0x72, 0x61, 0x63, 0x74, 0x69, 0x76, 0x65, 0x3a, 0x20, 0x76, 0x61, 0x72, 0x28, 0x2d, 0x2d
  .byte 0x73, 0x77, 0x61, 0x74, 0x63, 0x68, 0x2d, 0x62, 0x6c, 0x61, 0x63, 0x6b, 0x2d, 0x61, 0x31, 0x30
  .byte 0x29, 0x3b, 0x0a, 0x20, 0x20, 0x2d, 0x2d, 0x62, 0x6f, 0x72, 0x64, 0x65, 0x72, 0x2d, 0x69, 0x6e
  .byte 0x74, 0x65, 0x72, 0x61, 0x63, 0x74, 0x69, 0x76, 0x65, 0x2d, 0x65, 0x6d, 0x70, 0x68, 0x61, 0x73
  .byte 0x69, 0x73, 0x3a, 0x20, 0x76, 0x61, 0x72, 0x28, 0x2d, 0x2d, 0x73, 0x77, 0x61, 0x74, 0x63, 0x68
  .byte 0x2d, 0x62, 0x6c, 0x61, 0x63, 0x6b, 0x2d, 0x61, 0x33, 0x30, 0x29, 0x3b, 0x0a, 0x20, 0x20, 0x2d
  .byte 0x2d, 0x62, 0x6f, 0x72, 0x64, 0x65, 0x72, 0x2d, 0x69, 0x6e, 0x74, 0x65, 0x72, 0x61, 0x63, 0x74
  .byte 0x69, 0x76, 0x65, 0x2d, 0x73, 0x65, 0x6c, 0x65, 0x63, 0x74, 0x65, 0x64, 0x3a, 0x20, 0x76, 0x61
  .byte 0x72, 0x28, 0x2d, 0x2d, 0x73, 0x77, 0x61, 0x74, 0x63, 0x68, 0x2d, 0x6e, 0x65, 0x75, 0x74, 0x72
  .byte 0x61, 0x6c, 0x2d, 0x39, 0x35, 0x30, 0x29, 0x3b, 0x0a, 0x20, 0x20, 0x2d, 0x2d, 0x62, 0x6f, 0x72
  .byte 0x64, 0x65, 0x72, 0x2d, 0x61, 0x63, 0x63, 0x65, 0x6e, 0x74, 0x3a, 0x20, 0x76, 0x61, 0x72, 0x28
  .byte 0x2d, 0x2d, 0x73, 0x77, 0x61, 0x74, 0x63, 0x68, 0x2d, 0x77, 0x68, 0x69, 0x74, 0x65, 0x2d, 0x61
  .byte 0x30, 0x38, 0x29, 0x3b, 0x0a, 0x20, 0x20, 0x2d, 0x2d, 0x62, 0x6f, 0x72, 0x64, 0x65, 0x72, 0x2d
  .byte 0x61, 0x63, 0x63, 0x65, 0x6e, 0x74, 0x2d, 0x65, 0x6d, 0x70, 0x68, 0x61, 0x73, 0x69, 0x73, 0x3a
  .byte 0x20, 0x76, 0x61, 0x72, 0x28, 0x2d, 0x2d, 0x73, 0x77, 0x61, 0x74, 0x63, 0x68, 0x2d, 0x77, 0x68
  .byte 0x69, 0x74, 0x65, 0x2d, 0x61, 0x33, 0x30, 0x29, 0x3b, 0x0a, 0x20, 0x20, 0x2d, 0x2d, 0x62, 0x6f
  .byte 0x72, 0x64, 0x65, 0x72, 0x2d, 0x61, 0x63, 0x63, 0x65, 0x6e, 0x74, 0x2d, 0x73, 0x65, 0x6c, 0x65
  .byte 0x63, 0x74, 0x65, 0x64, 0x3a, 0x20, 0x76, 0x61, 0x72, 0x28, 0x2d, 0x2d, 0x73, 0x77, 0x61, 0x74
  .byte 0x63, 0x68, 0x2d, 0x77, 0x68, 0x69, 0x74, 0x65, 0x29, 0x3b, 0x0a, 0x20, 0x20, 0x2d, 0x2d, 0x62
  .byte 0x6f, 0x72, 0x64, 0x65, 0x72, 0x2d, 0x69, 0x6e, 0x66, 0x6f, 0x3a, 0x20, 0x76, 0x61, 0x72, 0x28
  .byte 0x2d, 0x2d, 0x73, 0x77, 0x61, 0x74, 0x63, 0x68, 0x2d, 0x62, 0x6c, 0x75, 0x65, 0x2d, 0x35, 0x30
  .byte 0x30, 0x2d, 0x61, 0x30, 0x38, 0x29, 0x3b, 0x0a, 0x20, 0x20, 0x2d, 0x2d, 0x62, 0x6f, 0x72, 0x64
  .byte 0x65, 0x72, 0x2d, 0x69, 0x6e, 0x66, 0x6f, 0x2d, 0x65, 0x6d, 0x70, 0x68, 0x61, 0x73, 0x69, 0x73
  .byte 0x3a, 0x20, 0x76, 0x61, 0x72, 0x28, 0x2d, 0x2d, 0x73, 0x77, 0x61, 0x74, 0x63, 0x68, 0x2d, 0x62
  .byte 0x6c, 0x75, 0x65, 0x2d, 0x36, 0x30, 0x30, 0x29, 0x3b, 0x0a, 0x20, 0x20, 0x2d, 0x2d, 0x62, 0x6f
  .byte 0x72, 0x64, 0x65, 0x72, 0x2d, 0x61, 0x6c, 0x65, 0x72, 0x74, 0x3a, 0x20, 0x76, 0x61, 0x72, 0x28
  .byte 0x2d, 0x2d, 0x73, 0x77, 0x61, 0x74, 0x63, 0x68, 0x2d, 0x79, 0x65, 0x6c, 0x6c, 0x6f, 0x77, 0x2d
  .byte 0x34, 0x30, 0x30, 0x2d, 0x61, 0x30, 0x38, 0x29, 0x3b, 0x0a, 0x20, 0x20, 0x2d, 0x2d, 0x62, 0x6f
  .byte 0x72, 0x64, 0x65, 0x72, 0x2d, 0x61, 0x6c, 0x65, 0x72, 0x74, 0x2d, 0x65, 0x6d, 0x70, 0x68, 0x61
  .byte 0x73, 0x69, 0x73, 0x3a, 0x20, 0x76, 0x61, 0x72, 0x28, 0x2d, 0x2d, 0x73, 0x77, 0x61, 0x74, 0x63
  .byte 0x68, 0x2d, 0x79, 0x65, 0x6c, 0x6c, 0x6f, 0x77, 0x2d, 0x36, 0x30, 0x30, 0x29, 0x3b, 0x0a, 0x20
  .byte 0x20, 0x2d, 0x2d, 0x62, 0x6f, 0x72, 0x64, 0x65, 0x72, 0x2d, 0x73, 0x75, 0x63, 0x63, 0x65, 0x73
  .byte 0x73, 0x3a, 0x20, 0x76, 0x61, 0x72, 0x28, 0x2d, 0x2d, 0x73, 0x77, 0x61, 0x74, 0x63, 0x68, 0x2d
  .byte 0x67, 0x72, 0x65, 0x65, 0x6e, 0x2d, 0x36, 0x30, 0x30, 0x2d, 0x61, 0x30, 0x38, 0x29, 0x3b, 0x0a
  .byte 0x20, 0x20, 0x2d, 0x2d, 0x62, 0x6f, 0x72, 0x64, 0x65, 0x72, 0x2d, 0x73, 0x75, 0x63, 0x63, 0x65
  .byte 0x73, 0x73, 0x2d, 0x65, 0x6d, 0x70, 0x68, 0x61, 0x73, 0x69, 0x73, 0x3a, 0x20, 0x76, 0x61, 0x72
  .byte 0x28, 0x2d, 0x2d, 0x73, 0x77, 0x61, 0x74, 0x63, 0x68, 0x2d, 0x67, 0x72, 0x65, 0x65, 0x6e, 0x2d
  .byte 0x36, 0x30, 0x30, 0x29, 0x3b, 0x0a, 0x20, 0x20, 0x2d, 0x2d, 0x62, 0x6f, 0x72, 0x64, 0x65, 0x72
  .byte 0x2d, 0x64, 0x61, 0x6e, 0x67, 0x65, 0x72, 0x3a, 0x20, 0x76, 0x61, 0x72, 0x28, 0x2d, 0x2d, 0x73
  .byte 0x77, 0x61, 0x74, 0x63, 0x68, 0x2d, 0x72, 0x65, 0x64, 0x2d, 0x36, 0x30, 0x30, 0x2d, 0x61, 0x30
  .byte 0x38, 0x29, 0x3b, 0x0a, 0x20, 0x20, 0x2d, 0x2d, 0x62, 0x6f, 0x72, 0x64, 0x65, 0x72, 0x2d, 0x64
  .byte 0x61, 0x6e, 0x67, 0x65, 0x72, 0x2d, 0x65, 0x6d, 0x70, 0x68, 0x61, 0x73, 0x69, 0x73, 0x3a, 0x20
  .byte 0x76, 0x61, 0x72, 0x28, 0x2d, 0x2d, 0x73, 0x77, 0x61, 0x74, 0x63, 0x68, 0x2d, 0x72, 0x65, 0x64
  .byte 0x2d, 0x36, 0x30, 0x30, 0x29, 0x3b, 0x0a, 0x7d, 0x0a, 0x0a, 0x3a, 0x72, 0x6f, 0x6f, 0x74, 0x5b
  .byte 0x64, 0x61, 0x74, 0x61, 0x2d, 0x74, 0x68, 0x65, 0x6d, 0x65, 0x3d, 0x22, 0x64, 0x61, 0x72, 0x6b
  .byte 0x22, 0x5d, 0x20, 0x7b, 0x0a, 0x20, 0x20, 0x2f, 0x2a, 0x20, 0x53, 0x75, 0x72, 0x66, 0x61, 0x63
  .byte 0x65, 0x20, 0x63, 0x6f, 0x6c, 0x6f, 0x72, 0x73, 0x20, 0x2a, 0x2f, 0x0a, 0x20, 0x20, 0x2d, 0x2d
  .byte 0x62, 0x61, 0x63, 0x6b, 0x67, 0x72, 0x6f, 0x75, 0x6e, 0x64, 0x3a, 0x20, 0x23, 0x30, 0x62, 0x30
  .byte 0x62, 0x30, 0x66, 0x3b, 0x0a, 0x20, 0x20, 0x2d, 0x2d, 0x66, 0x6f, 0x72, 0x65, 0x67, 0x72, 0x6f
  .byte 0x75, 0x6e, 0x64, 0x3a, 0x20, 0x76, 0x61, 0x72, 0x28, 0x2d, 0x2d, 0x73, 0x77, 0x61, 0x74, 0x63
  .byte 0x68, 0x2d, 0x6e, 0x65, 0x75, 0x74, 0x72, 0x61, 0x6c, 0x2d, 0x38, 0x30, 0x30, 0x29, 0x3b, 0x0a
  .byte 0x20, 0x20, 0x2d, 0x2d, 0x70, 0x6f, 0x70, 0x6f, 0x76, 0x65, 0x72, 0x2d, 0x62, 0x61, 0x63, 0x6b
  .byte 0x67, 0x72, 0x6f, 0x75, 0x6e, 0x64, 0x3a, 0x20, 0x76, 0x61, 0x72, 0x28, 0x2d, 0x2d, 0x73, 0x77
  .byte 0x61, 0x74, 0x63, 0x68, 0x2d, 0x6e, 0x65, 0x75, 0x74, 0x72, 0x61, 0x6c, 0x2d, 0x38, 0x30, 0x30
  .byte 0x29, 0x3b, 0x0a, 0x20, 0x20, 0x2d, 0x2d, 0x73, 0x75, 0x6e, 0x6b, 0x2d, 0x6c, 0x69, 0x67, 0x68
  .byte 0x74, 0x3a, 0x20, 0x76, 0x61, 0x72, 0x28, 0x2d, 0x2d, 0x73, 0x77, 0x61, 0x74, 0x63, 0x68, 0x2d
  .byte 0x77, 0x68, 0x69, 0x74, 0x65, 0x2d, 0x61, 0x30, 0x32, 0x29, 0x3b, 0x0a, 0x20, 0x20, 0x2d, 0x2d
  .byte 0x73, 0x75, 0x6e, 0x6b, 0x3a, 0x20, 0x76, 0x61, 0x72, 0x28, 0x2d, 0x2d, 0x73, 0x77, 0x61, 0x74
  .byte 0x63, 0x68, 0x2d, 0x77, 0x68, 0x69, 0x74, 0x65, 0x2d, 0x61, 0x30, 0x34, 0x29, 0x3b, 0x0a, 0x20
  .byte 0x20, 0x2d, 0x2d, 0x73, 0x75, 0x6e, 0x6b, 0x2d, 0x64, 0x65, 0x65, 0x70, 0x3a, 0x20, 0x76, 0x61
  .byte 0x72, 0x28, 0x2d, 0x2d, 0x73, 0x77, 0x61, 0x74, 0x63, 0x68, 0x2d, 0x77, 0x68, 0x69, 0x74, 0x65
  .byte 0x2d, 0x61, 0x30, 0x38, 0x29, 0x3b, 0x0a, 0x20, 0x20, 0x2d, 0x2d, 0x65, 0x6c, 0x65, 0x76, 0x61
  .byte 0x74, 0x65, 0x64, 0x2d, 0x6c, 0x69, 0x67, 0x68, 0x74, 0x3a, 0x20, 0x76, 0x61, 0x72, 0x28, 0x2d
  .byte 0x2d, 0x73, 0x77, 0x61, 0x74, 0x63, 0x68, 0x2d, 0x77, 0x68, 0x69, 0x74, 0x65, 0x2d, 0x61, 0x30
  .byte 0x34, 0x29, 0x3b, 0x0a, 0x20, 0x20, 0x2d, 0x2d, 0x65, 0x6c, 0x65, 0x76, 0x61, 0x74, 0x65, 0x64
  .byte 0x3a, 0x20, 0x76, 0x61, 0x72, 0x28, 0x2d, 0x2d, 0x73, 0x77, 0x61, 0x74, 0x63, 0x68, 0x2d, 0x77
  .byte 0x68, 0x69, 0x74, 0x65, 0x2d, 0x61, 0x30, 0x38, 0x29, 0x3b, 0x0a, 0x20, 0x20, 0x2d, 0x2d, 0x65
  .byte 0x6c, 0x65, 0x76, 0x61, 0x74, 0x65, 0x64, 0x2d, 0x73, 0x74, 0x72, 0x6f, 0x6e, 0x67, 0x3a, 0x20
  .byte 0x76, 0x61, 0x72, 0x28, 0x2d, 0x2d, 0x73, 0x77, 0x61, 0x74, 0x63, 0x68, 0x2d, 0x77, 0x68, 0x69
  .byte 0x74, 0x65, 0x2d, 0x61, 0x31, 0x36, 0x29, 0x3b, 0x0a, 0x20, 0x20, 0x2d, 0x2d, 0x65, 0x6c, 0x65
  .byte 0x76, 0x61, 0x74, 0x65, 0x64, 0x2d, 0x69, 0x6e, 0x74, 0x65, 0x6e, 0x73, 0x65, 0x3a, 0x20, 0x76
  .byte 0x61, 0x72, 0x28, 0x2d, 0x2d, 0x73, 0x77, 0x61, 0x74, 0x63, 0x68, 0x2d, 0x77, 0x68, 0x69, 0x74
  .byte 0x65, 0x2d, 0x61, 0x33, 0x32, 0x29, 0x3b, 0x0a, 0x20, 0x20, 0x2d, 0x2d, 0x6f, 0x76, 0x65, 0x72
  .byte 0x6c, 0x61, 0x79, 0x3a, 0x20, 0x76, 0x61, 0x72, 0x28, 0x2d, 0x2d, 0x73, 0x77, 0x61, 0x74, 0x63
  .byte 0x68, 0x2d, 0x62, 0x6c, 0x61, 0x63, 0x6b, 0x2d, 0x61, 0x35, 0x30, 0x29, 0x3b, 0x0a, 0x20, 0x20
  .byte 0x2d, 0x2d, 0x68, 0x69, 0x67, 0x68, 0x6c, 0x69, 0x67, 0x68, 0x74, 0x2d, 0x73, 0x75, 0x62, 0x74
  .byte 0x6c, 0x65, 0x3a, 0x20, 0x76, 0x61, 0x72, 0x28, 0x2d, 0x2d, 0x73, 0x77, 0x61, 0x74, 0x63, 0x68
  .byte 0x2d, 0x77, 0x68, 0x69, 0x74, 0x65, 0x2d, 0x61, 0x30, 0x34, 0x29, 0x3b, 0x0a, 0x20, 0x20, 0x2d
  .byte 0x2d, 0x68, 0x69, 0x67, 0x68, 0x6c, 0x69, 0x67, 0x68, 0x74, 0x3a, 0x20, 0x76, 0x61, 0x72, 0x28
  .byte 0x2d, 0x2d, 0x73, 0x77, 0x61, 0x74, 0x63, 0x68, 0x2d, 0x77, 0x68, 0x69, 0x74, 0x65, 0x2d, 0x61
  .byte 0x30, 0x38, 0x29, 0x3b, 0x0a, 0x20, 0x20, 0x2d, 0x2d, 0x68, 0x69, 0x67, 0x68, 0x6c, 0x69, 0x67
  .byte 0x68, 0x74, 0x2d, 0x73, 0x74, 0x72, 0x6f, 0x6e, 0x67, 0x3a, 0x20, 0x76, 0x61, 0x72, 0x28, 0x2d
  .byte 0x2d, 0x73, 0x77, 0x61, 0x74, 0x63, 0x68, 0x2d, 0x77, 0x68, 0x69, 0x74, 0x65, 0x2d, 0x61, 0x31
  .byte 0x36, 0x29, 0x3b, 0x0a, 0x20, 0x20, 0x2d, 0x2d, 0x68, 0x69, 0x67, 0x68, 0x6c, 0x69, 0x67, 0x68
  .byte 0x74, 0x2d, 0x69, 0x6e, 0x74, 0x65, 0x6e, 0x73, 0x65, 0x3a, 0x20, 0x76, 0x61, 0x72, 0x28, 0x2d
  .byte 0x2d, 0x73, 0x77, 0x61, 0x74, 0x63, 0x68, 0x2d, 0x77, 0x68, 0x69, 0x74, 0x65, 0x2d, 0x61, 0x33
  .byte 0x30, 0x29, 0x3b, 0x0a, 0x20, 0x20, 0x2d, 0x2d, 0x69, 0x6e, 0x76, 0x65, 0x72, 0x74, 0x65, 0x64
  .byte 0x2d, 0x62, 0x61, 0x63, 0x6b, 0x67, 0x72, 0x6f, 0x75, 0x6e, 0x64, 0x3a, 0x20, 0x76, 0x61, 0x72
  .byte 0x28, 0x2d, 0x2d, 0x73, 0x77, 0x61, 0x74, 0x63, 0x68, 0x2d, 0x6e, 0x65, 0x75, 0x74, 0x72, 0x61
  .byte 0x6c, 0x2d, 0x35, 0x30, 0x29, 0x3b, 0x0a, 0x20, 0x20, 0x2d, 0x2d, 0x69, 0x6e, 0x66, 0x6f, 0x2d
  .byte 0x62, 0x61, 0x63, 0x6b, 0x67, 0x72, 0x6f, 0x75, 0x6e, 0x64, 0x3a, 0x20, 0x76, 0x61, 0x72, 0x28
  .byte 0x2d, 0x2d, 0x73, 0x77, 0x61, 0x74, 0x63, 0x68, 0x2d, 0x62, 0x6c, 0x75, 0x65, 0x2d, 0x35, 0x30
  .byte 0x30, 0x29, 0x3b, 0x0a, 0x20, 0x20, 0x2d, 0x2d, 0x73, 0x75, 0x63, 0x63, 0x65, 0x73, 0x73, 0x2d
  .byte 0x62, 0x61, 0x63, 0x6b, 0x67, 0x72, 0x6f, 0x75, 0x6e, 0x64, 0x3a, 0x20, 0x76, 0x61, 0x72, 0x28
  .byte 0x2d, 0x2d, 0x73, 0x77, 0x61, 0x74, 0x63, 0x68, 0x2d, 0x67, 0x72, 0x65, 0x65, 0x6e, 0x2d, 0x36
  .byte 0x30, 0x30, 0x29, 0x3b, 0x0a, 0x20, 0x20, 0x2d, 0x2d, 0x61, 0x6c, 0x65, 0x72, 0x74, 0x2d, 0x62
  .byte 0x61, 0x63, 0x6b, 0x67, 0x72, 0x6f, 0x75, 0x6e, 0x64, 0x3a, 0x20, 0x76, 0x61, 0x72, 0x28, 0x2d
  .byte 0x2d, 0x73, 0x77, 0x61, 0x74, 0x63, 0x68, 0x2d, 0x79, 0x65, 0x6c, 0x6c, 0x6f, 0x77, 0x2d, 0x34
  .byte 0x30, 0x30, 0x29, 0x3b, 0x0a, 0x20, 0x20, 0x2d, 0x2d, 0x64, 0x61, 0x6e, 0x67, 0x65, 0x72, 0x2d
  .byte 0x62, 0x61, 0x63, 0x6b, 0x67, 0x72, 0x6f, 0x75, 0x6e, 0x64, 0x3a, 0x20, 0x76, 0x61, 0x72, 0x28
  .byte 0x2d, 0x2d, 0x73, 0x77, 0x61, 0x74, 0x63, 0x68, 0x2d, 0x72, 0x65, 0x64, 0x2d, 0x36, 0x30, 0x30
  .byte 0x29, 0x3b, 0x0a, 0x20, 0x20, 0x2d, 0x2d, 0x70, 0x75, 0x72, 0x70, 0x6c, 0x65, 0x2d, 0x62, 0x61
  .byte 0x63, 0x6b, 0x67, 0x72, 0x6f, 0x75, 0x6e, 0x64, 0x3a, 0x20, 0x76, 0x61, 0x72, 0x28, 0x2d, 0x2d
  .byte 0x73, 0x77, 0x61, 0x74, 0x63, 0x68, 0x2d, 0x70, 0x75, 0x72, 0x70, 0x6c, 0x65, 0x2d, 0x35, 0x30
  .byte 0x30, 0x29, 0x3b, 0x0a, 0x20, 0x20, 0x2d, 0x2d, 0x70, 0x69, 0x6e, 0x6b, 0x2d, 0x62, 0x61, 0x63
  .byte 0x6b, 0x67, 0x72, 0x6f, 0x75, 0x6e, 0x64, 0x3a, 0x20, 0x76, 0x61, 0x72, 0x28, 0x2d, 0x2d, 0x73
  .byte 0x77, 0x61, 0x74, 0x63, 0x68, 0x2d, 0x70, 0x69, 0x6e, 0x6b, 0x2d, 0x35, 0x30, 0x30, 0x29, 0x3b
  .byte 0x0a, 0x0a, 0x20, 0x20, 0x2f, 0x2a, 0x20, 0x54, 0x65, 0x78, 0x74, 0x20, 0x2f, 0x20, 0x4e, 0x65
  .byte 0x75, 0x74, 0x72, 0x61, 0x6c, 0x20, 0x2a, 0x2f, 0x0a, 0x20, 0x20, 0x2d, 0x2d, 0x74, 0x65, 0x78
  .byte 0x74, 0x2d, 0x6e, 0x65, 0x75, 0x74, 0x72, 0x61, 0x6c, 0x2d, 0x70, 0x72, 0x69, 0x6d, 0x61, 0x72
  .byte 0x79, 0x3a, 0x20, 0x23, 0x65, 0x32, 0x65, 0x31, 0x65, 0x36, 0x3b, 0x0a, 0x20, 0x20, 0x2d, 0x2d
  .byte 0x74, 0x65, 0x78, 0x74, 0x2d, 0x6e, 0x65, 0x75, 0x74, 0x72, 0x61, 0x6c, 0x2d, 0x73, 0x65, 0x63
  .byte 0x6f, 0x6e, 0x64, 0x61, 0x72, 0x79, 0x3a, 0x20, 0x76, 0x61, 0x72, 0x28, 0x2d, 0x2d, 0x73, 0x77
  .byte 0x61, 0x74, 0x63, 0x68, 0x2d, 0x77, 0x68, 0x69, 0x74, 0x65, 0x2d, 0x61, 0x35, 0x30, 0x29, 0x3b
  .byte 0x0a, 0x20, 0x20, 0x2d, 0x2d, 0x74, 0x65, 0x78, 0x74, 0x2d, 0x6e, 0x65, 0x75, 0x74, 0x72, 0x61
  .byte 0x6c, 0x2d, 0x74, 0x65, 0x72, 0x74, 0x69, 0x61, 0x72, 0x79, 0x3a, 0x20, 0x76, 0x61, 0x72, 0x28
  .byte 0x2d, 0x2d, 0x73, 0x77, 0x61, 0x74, 0x63, 0x68, 0x2d, 0x77, 0x68, 0x69, 0x74, 0x65, 0x2d, 0x61
  .byte 0x32, 0x30, 0x29, 0x3b, 0x0a, 0x20, 0x20, 0x2d, 0x2d, 0x74, 0x65, 0x78, 0x74, 0x2d, 0x6e, 0x65
  .byte 0x75, 0x74, 0x72, 0x61, 0x6c, 0x2d, 0x6c, 0x69, 0x6e, 0x6b, 0x3a, 0x20, 0x23, 0x65, 0x32, 0x65
  .byte 0x31, 0x65, 0x36, 0x3b, 0x0a, 0x0a, 0x20, 0x20, 0x2d, 0x2d, 0x74, 0x65, 0x78, 0x74, 0x2d, 0x62
  .byte 0x72, 0x61, 0x6e, 0x64, 0x3a, 0x20, 0x23, 0x65, 0x32, 0x65, 0x31, 0x65, 0x36, 0x3b, 0x0a, 0x0a
  .byte 0x20, 0x20, 0x2d, 0x2d, 0x74, 0x65, 0x78, 0x74, 0x2d, 0x77, 0x68, 0x69, 0x74, 0x65, 0x3a, 0x20
  .byte 0x76, 0x61, 0x72, 0x28, 0x2d, 0x2d, 0x73, 0x77, 0x61, 0x74, 0x63, 0x68, 0x2d, 0x77, 0x68, 0x69
  .byte 0x74, 0x65, 0x29, 0x3b, 0x0a, 0x20, 0x20, 0x2d, 0x2d, 0x74, 0x65, 0x78, 0x74, 0x2d, 0x62, 0x6c
  .byte 0x61, 0x63, 0x6b, 0x3a, 0x20, 0x76, 0x61, 0x72, 0x28, 0x2d, 0x2d, 0x73, 0x77, 0x61, 0x74, 0x63
  .byte 0x68, 0x2d, 0x62, 0x6c, 0x61, 0x63, 0x6b, 0x29, 0x3b, 0x0a, 0x0a, 0x20, 0x20, 0x2f, 0x2a, 0x20
  .byte 0x54, 0x65, 0x78, 0x74, 0x20, 0x2f, 0x20, 0x41, 0x63, 0x63, 0x65, 0x6e, 0x74, 0x20, 0x2a, 0x2f
  .byte 0x0a, 0x20, 0x20, 0x2d, 0x2d, 0x74, 0x65, 0x78, 0x74, 0x2d, 0x61, 0x63, 0x63, 0x65, 0x6e, 0x74
  .byte 0x2d, 0x70, 0x72, 0x69, 0x6d, 0x61, 0x72, 0x79, 0x3a, 0x20, 0x76, 0x61, 0x72, 0x28, 0x2d, 0x2d
  .byte 0x73, 0x77, 0x61, 0x74, 0x63, 0x68, 0x2d, 0x62, 0x6c, 0x61, 0x63, 0x6b, 0x29, 0x3b, 0x0a, 0x20
  .byte 0x20, 0x2d, 0x2d, 0x74, 0x65, 0x78, 0x74, 0x2d, 0x61, 0x63, 0x63, 0x65, 0x6e, 0x74, 0x2d, 0x73
  .byte 0x65, 0x63, 0x6f, 0x6e, 0x64, 0x61, 0x72, 0x79, 0x3a, 0x20, 0x76, 0x61, 0x72, 0x28, 0x2d, 0x2d
  .byte 0x73, 0x77, 0x61, 0x74, 0x63, 0x68, 0x2d, 0x62, 0x6c, 0x61, 0x63, 0x6b, 0x2d, 0x61, 0x35, 0x30
  .byte 0x29, 0x3b, 0x0a, 0x20, 0x20, 0x2d, 0x2d, 0x74, 0x65, 0x78, 0x74, 0x2d, 0x61, 0x63, 0x63, 0x65
  .byte 0x6e, 0x74, 0x2d, 0x74, 0x65, 0x72, 0x74, 0x69, 0x61, 0x72, 0x79, 0x3a, 0x20, 0x76, 0x61, 0x72
  .byte 0x28, 0x2d, 0x2d, 0x73, 0x77, 0x61, 0x74, 0x63, 0x68, 0x2d, 0x62, 0x6c, 0x61, 0x63, 0x6b, 0x2d
  .byte 0x61, 0x32, 0x30, 0x29, 0x3b, 0x0a, 0x0a, 0x20, 0x20, 0x2f, 0x2a, 0x20, 0x54, 0x65, 0x78, 0x74
  .byte 0x20, 0x2f, 0x20, 0x53, 0x75, 0x63, 0x63, 0x65, 0x73, 0x73, 0x20, 0x2a, 0x2f, 0x0a, 0x20, 0x20
  .byte 0x2d, 0x2d, 0x74, 0x65, 0x78, 0x74, 0x2d, 0x73, 0x75, 0x63, 0x63, 0x65, 0x73, 0x73, 0x2d, 0x70
  .byte 0x72, 0x69, 0x6d, 0x61, 0x72, 0x79, 0x3a, 0x20, 0x76, 0x61, 0x72, 0x28, 0x2d, 0x2d, 0x73, 0x77
  .byte 0x61, 0x74, 0x63, 0x68, 0x2d, 0x67, 0x72, 0x65, 0x65, 0x6e, 0x2d, 0x37, 0x30, 0x30, 0x29, 0x3b
  .byte 0x0a, 0x20, 0x20, 0x2d, 0x2d, 0x74, 0x65, 0x78, 0x74, 0x2d, 0x73, 0x75, 0x63, 0x63, 0x65, 0x73
  .byte 0x73, 0x2d, 0x69, 0x6e, 0x76, 0x65, 0x72, 0x74, 0x65, 0x64, 0x3a, 0x20, 0x76, 0x61, 0x72, 0x28
  .byte 0x2d, 0x2d, 0x73, 0x77, 0x61, 0x74, 0x63, 0x68, 0x2d, 0x67, 0x72, 0x65, 0x65, 0x6e, 0x2d, 0x31
  .byte 0x30, 0x30, 0x29, 0x3b, 0x0a, 0x0a, 0x20, 0x20, 0x2f, 0x2a, 0x20, 0x54, 0x65, 0x78, 0x74, 0x20
  .byte 0x2f, 0x20, 0x41, 0x6c, 0x65, 0x72, 0x74, 0x20, 0x2a, 0x2f, 0x0a, 0x20, 0x20, 0x2d, 0x2d, 0x74
  .byte 0x65, 0x78, 0x74, 0x2d, 0x61, 0x6c, 0x65, 0x72, 0x74, 0x2d, 0x70, 0x72, 0x69, 0x6d, 0x61, 0x72
  .byte 0x79, 0x3a, 0x20, 0x76, 0x61, 0x72, 0x28, 0x2d, 0x2d, 0x73, 0x77, 0x61, 0x74, 0x63, 0x68, 0x2d
  .byte 0x79, 0x65, 0x6c, 0x6c, 0x6f, 0x77, 0x2d, 0x38, 0x30, 0x30, 0x29, 0x3b, 0x0a, 0x20, 0x20, 0x2d
  .byte 0x2d, 0x74, 0x65, 0x78, 0x74, 0x2d, 0x61, 0x6c, 0x65, 0x72, 0x74, 0x2d, 0x69, 0x6e, 0x76, 0x65
  .byte 0x72, 0x74, 0x65, 0x64, 0x3a, 0x20, 0x76, 0x61, 0x72, 0x28, 0x2d, 0x2d, 0x73, 0x77, 0x61, 0x74
  .byte 0x63, 0x68, 0x2d, 0x79, 0x65, 0x6c, 0x6c, 0x6f, 0x77, 0x2d, 0x31, 0x30, 0x30, 0x29, 0x3b, 0x0a
  .byte 0x0a, 0x20, 0x20, 0x2f, 0x2a, 0x20, 0x54, 0x65, 0x78, 0x74, 0x20, 0x2f, 0x20, 0x44, 0x61, 0x6e
  .byte 0x67, 0x65, 0x72, 0x20, 0x2a, 0x2f, 0x0a, 0x20, 0x20, 0x2d, 0x2d, 0x74, 0x65, 0x78, 0x74, 0x2d
  .byte 0x64, 0x61, 0x6e, 0x67, 0x65, 0x72, 0x2d, 0x70, 0x72, 0x69, 0x6d, 0x61, 0x72, 0x79, 0x3a, 0x20
  .byte 0x76, 0x61, 0x72, 0x28, 0x2d, 0x2d, 0x73, 0x77, 0x61, 0x74, 0x63, 0x68, 0x2d, 0x72, 0x65, 0x64
  .byte 0x2d, 0x37, 0x30, 0x30, 0x29, 0x3b, 0x0a, 0x20, 0x20, 0x2d, 0x2d, 0x74, 0x65, 0x78, 0x74, 0x2d
  .byte 0x64, 0x61, 0x6e, 0x67, 0x65, 0x72, 0x2d, 0x73, 0x65, 0x63, 0x6f, 0x6e, 0x64, 0x61, 0x72, 0x79
  .byte 0x3a, 0x20, 0x76, 0x61, 0x72, 0x28, 0x2d, 0x2d, 0x73, 0x77, 0x61, 0x74, 0x63, 0x68, 0x2d, 0x72
  .byte 0x65, 0x64, 0x2d, 0x34, 0x30, 0x30, 0x29, 0x3b, 0x0a, 0x20, 0x20, 0x2d, 0x2d, 0x74, 0x65, 0x78
  .byte 0x74, 0x2d, 0x64, 0x61, 0x6e, 0x67, 0x65, 0x72, 0x2d, 0x74, 0x65, 0x72, 0x74, 0x69, 0x61, 0x72
  .byte 0x79, 0x3a, 0x20, 0x76, 0x61, 0x72, 0x28, 0x2d, 0x2d, 0x73, 0x77, 0x61, 0x74, 0x63, 0x68, 0x2d
  .byte 0x72, 0x65, 0x64, 0x2d, 0x33, 0x30, 0x30, 0x29, 0x3b, 0x0a, 0x0a, 0x20, 0x20, 0x2f, 0x2a, 0x20
  .byte 0x54, 0x65, 0x78, 0x74, 0x20, 0x2f, 0x20, 0x44, 0x61, 0x6e, 0x67, 0x65, 0x72, 0x20, 0x2f, 0x20
  .byte 0x49, 0x6e, 0x76, 0x65, 0x72, 0x74, 0x65, 0x64, 0x20, 0x2a, 0x2f, 0x0a, 0x20, 0x20, 0x2d, 0x2d
  .byte 0x74, 0x65, 0x78, 0x74, 0x2d, 0x64, 0x61, 0x6e, 0x67, 0x65, 0x72, 0x2d, 0x69, 0x6e, 0x76, 0x65
  .byte 0x72, 0x74, 0x65, 0x64, 0x2d, 0x70, 0x72, 0x69, 0x6d, 0x61, 0x72, 0x79, 0x3a, 0x20, 0x76, 0x61
  .byte 0x72, 0x28, 0x2d, 0x2d, 0x73, 0x77, 0x61, 0x74, 0x63, 0x68, 0x2d, 0x77, 0x68, 0x69, 0x74, 0x65
  .byte 0x29, 0x3b, 0x0a, 0x20, 0x20, 0x2d, 0x2d, 0x74, 0x65, 0x78, 0x74, 0x2d, 0x64, 0x61, 0x6e, 0x67
  .byte 0x65, 0x72, 0x2d, 0x69, 0x6e, 0x76, 0x65, 0x72, 0x74, 0x65, 0x64, 0x2d, 0x73, 0x65, 0x63, 0x6f
  .byte 0x6e, 0x64, 0x61, 0x72, 0x79, 0x3a, 0x20, 0x76, 0x61, 0x72, 0x28, 0x2d, 0x2d, 0x73, 0x77, 0x61
  .byte 0x74, 0x63, 0x68, 0x2d, 0x77, 0x68, 0x69, 0x74, 0x65, 0x2d, 0x61, 0x34, 0x30, 0x29, 0x3b, 0x0a
  .byte 0x20, 0x20, 0x2d, 0x2d, 0x74, 0x65, 0x78, 0x74, 0x2d, 0x64, 0x61, 0x6e, 0x67, 0x65, 0x72, 0x2d
  .byte 0x69, 0x6e, 0x76, 0x65, 0x72, 0x74, 0x65, 0x64, 0x2d, 0x74, 0x65, 0x72, 0x74, 0x69, 0x61, 0x72
  .byte 0x79, 0x3a, 0x20, 0x76, 0x61, 0x72, 0x28, 0x2d, 0x2d, 0x73, 0x77, 0x61, 0x74, 0x63, 0x68, 0x2d
  .byte 0x77, 0x68, 0x69, 0x74, 0x65, 0x2d, 0x61, 0x32, 0x30, 0x29, 0x3b, 0x0a, 0x0a, 0x20, 0x20, 0x2f
  .byte 0x2a, 0x20, 0x54, 0x65, 0x78, 0x74, 0x20, 0x2f, 0x20, 0x49, 0x6e, 0x66, 0x6f, 0x20, 0x2a, 0x2f
  .byte 0x0a, 0x20, 0x20, 0x2d, 0x2d, 0x74, 0x65, 0x78, 0x74, 0x2d, 0x69, 0x6e, 0x66, 0x6f, 0x2d, 0x70
  .byte 0x72, 0x69, 0x6d, 0x61, 0x72, 0x79, 0x3a, 0x20, 0x76, 0x61, 0x72, 0x28, 0x2d, 0x2d, 0x73, 0x77
  .byte 0x61, 0x74, 0x63, 0x68, 0x2d, 0x62, 0x6c, 0x75, 0x65, 0x2d, 0x38, 0x30, 0x30, 0x29, 0x3b, 0x0a
  .byte 0x20, 0x20, 0x2d, 0x2d, 0x74, 0x65, 0x78, 0x74, 0x2d, 0x69, 0x6e, 0x66, 0x6f, 0x2d, 0x69, 0x6e
  .byte 0x76, 0x65, 0x72, 0x74, 0x65, 0x64, 0x3a, 0x20, 0x76, 0x61, 0x72, 0x28, 0x2d, 0x2d, 0x73, 0x77
  .byte 0x61, 0x74, 0x63, 0x68, 0x2d, 0x62, 0x6c, 0x75, 0x65, 0x2d, 0x31, 0x30, 0x30, 0x29, 0x3b, 0x0a
  .byte 0x0a, 0x20, 0x20, 0x2f, 0x2a, 0x20, 0x54, 0x65, 0x78, 0x74, 0x20, 0x2f, 0x20, 0x50, 0x69, 0x6e
  .byte 0x6b, 0x20, 0x2a, 0x2f, 0x0a, 0x20, 0x20, 0x2d, 0x2d, 0x74, 0x65, 0x78, 0x74, 0x2d, 0x70, 0x69
  .byte 0x6e, 0x6b, 0x2d, 0x70, 0x72, 0x69, 0x6d, 0x61, 0x72, 0x79, 0x3a, 0x20, 0x76, 0x61, 0x72, 0x28
  .byte 0x2d, 0x2d, 0x73, 0x77, 0x61, 0x74, 0x63, 0x68, 0x2d, 0x70, 0x69, 0x6e, 0x6b, 0x2d, 0x38, 0x30
  .byte 0x30, 0x29, 0x3b, 0x0a, 0x20, 0x20, 0x2d, 0x2d, 0x74, 0x65, 0x78, 0x74, 0x2d, 0x70, 0x69, 0x6e
  .byte 0x6b, 0x2d, 0x69, 0x6e, 0x76, 0x65, 0x72, 0x74, 0x65, 0x64, 0x3a, 0x20, 0x76, 0x61, 0x72, 0x28
  .byte 0x2d, 0x2d, 0x73, 0x77, 0x61, 0x74, 0x63, 0x68, 0x2d, 0x70, 0x69, 0x6e, 0x6b, 0x2d, 0x31, 0x30
  .byte 0x30, 0x29, 0x3b, 0x0a, 0x0a, 0x20, 0x20, 0x2f, 0x2a, 0x20, 0x54, 0x65, 0x78, 0x74, 0x20, 0x2f
  .byte 0x20, 0x50, 0x75, 0x72, 0x70, 0x6c, 0x65, 0x20, 0x2a, 0x2f, 0x0a, 0x20, 0x20, 0x2d, 0x2d, 0x74
  .byte 0x65, 0x78, 0x74, 0x2d, 0x70, 0x75, 0x72, 0x70, 0x6c, 0x65, 0x2d, 0x70, 0x72, 0x69, 0x6d, 0x61
  .byte 0x72, 0x79, 0x3a, 0x20, 0x76, 0x61, 0x72, 0x28, 0x2d, 0x2d, 0x73, 0x77, 0x61, 0x74, 0x63, 0x68
  .byte 0x2d, 0x70, 0x75, 0x72, 0x70, 0x6c, 0x65, 0x2d, 0x38, 0x30, 0x30, 0x29, 0x3b, 0x0a, 0x20, 0x20
  .byte 0x2d, 0x2d, 0x74, 0x65, 0x78, 0x74, 0x2d, 0x70, 0x75, 0x72, 0x70, 0x6c, 0x65, 0x2d, 0x69, 0x6e
  .byte 0x76, 0x65, 0x72, 0x74, 0x65, 0x64, 0x3a, 0x20, 0x76, 0x61, 0x72, 0x28, 0x2d, 0x2d, 0x73, 0x77
  .byte 0x61, 0x74, 0x63, 0x68, 0x2d, 0x70, 0x75, 0x72, 0x70, 0x6c, 0x65, 0x2d, 0x31, 0x30, 0x30, 0x29
  .byte 0x3b, 0x0a, 0x0a, 0x20, 0x20, 0x2f, 0x2a, 0x20, 0x49, 0x6e, 0x74, 0x65, 0x72, 0x61, 0x63, 0x74
  .byte 0x69, 0x76, 0x65, 0x20, 0x2f, 0x20, 0x42, 0x72, 0x61, 0x6e, 0x64, 0x20, 0x2a, 0x2f, 0x0a, 0x20
  .byte 0x20, 0x2d, 0x2d, 0x69, 0x6e, 0x74, 0x65, 0x72, 0x61, 0x63, 0x74, 0x69, 0x76, 0x65, 0x2d, 0x61
  .byte 0x63, 0x63, 0x65, 0x6e, 0x74, 0x2d, 0x64, 0x65, 0x66, 0x61, 0x75, 0x6c, 0x74, 0x3a, 0x20, 0x76
  .byte 0x61, 0x72, 0x28, 0x2d, 0x2d, 0x73, 0x77, 0x61, 0x74, 0x63, 0x68, 0x2d, 0x77, 0x68, 0x69, 0x74
  .byte 0x65, 0x29, 0x3b, 0x0a, 0x20, 0x20, 0x2d, 0x2d, 0x69, 0x6e, 0x74, 0x65, 0x72, 0x61, 0x63, 0x74
  .byte 0x69, 0x76, 0x65, 0x2d, 0x61, 0x63, 0x63, 0x65, 0x6e, 0x74, 0x2d, 0x68, 0x6f, 0x76, 0x65, 0x72
  .byte 0x3a, 0x20, 0x76, 0x61, 0x72, 0x28, 0x2d, 0x2d, 0x73, 0x77, 0x61, 0x74, 0x63, 0x68, 0x2d, 0x77
  .byte 0x68, 0x69, 0x74, 0x65, 0x2d, 0x61, 0x38, 0x30, 0x29, 0x3b, 0x0a, 0x20, 0x20, 0x2d, 0x2d, 0x69
  .byte 0x6e, 0x74, 0x65, 0x72, 0x61, 0x63, 0x74, 0x69, 0x76, 0x65, 0x2d, 0x61, 0x63, 0x63, 0x65, 0x6e
  .byte 0x74, 0x2d, 0x64, 0x69, 0x73, 0x61, 0x62, 0x6c, 0x65, 0x64, 0x3a, 0x20, 0x76, 0x61, 0x72, 0x28
  .byte 0x2d, 0x2d, 0x73, 0x77, 0x61, 0x74, 0x63, 0x68, 0x2d, 0x77, 0x68, 0x69, 0x74, 0x65, 0x2d, 0x61
  .byte 0x34, 0x30, 0x29, 0x3b, 0x0a, 0x20, 0x20, 0x2d, 0x2d, 0x69, 0x6e, 0x74, 0x65, 0x72, 0x61, 0x63
  .byte 0x74, 0x69, 0x76, 0x65, 0x2d, 0x61, 0x63, 0x63, 0x65, 0x6e, 0x74, 0x2d, 0x70, 0x72, 0x65, 0x73
  .byte 0x73, 0x65, 0x64, 0x3a, 0x20, 0x76, 0x61, 0x72, 0x28, 0x2d, 0x2d, 0x73, 0x77, 0x61, 0x74, 0x63
  .byte 0x68, 0x2d, 0x77, 0x68, 0x69, 0x74, 0x65, 0x29, 0x3b, 0x0a, 0x0a, 0x20, 0x20, 0x2f, 0x2a, 0x20
  .byte 0x49, 0x6e, 0x74, 0x65, 0x72, 0x61, 0x63, 0x74, 0x69, 0x76, 0x65, 0x20, 0x2f, 0x20, 0x44, 0x65
  .byte 0x73, 0x74, 0x72, 0x75, 0x63, 0x74, 0x69, 0x76, 0x65, 0x20, 0x2a, 0x2f, 0x0a, 0x20, 0x20, 0x2d
  .byte 0x2d, 0x69, 0x6e, 0x74, 0x65, 0x72, 0x61, 0x63, 0x74, 0x69, 0x76, 0x65, 0x2d, 0x64, 0x65, 0x73
  .byte 0x74, 0x72, 0x75, 0x63, 0x74, 0x69, 0x76, 0x65, 0x2d, 0x64, 0x65, 0x66, 0x61, 0x75, 0x6c, 0x74
  .byte 0x3a, 0x20, 0x76, 0x61, 0x72, 0x28, 0x2d, 0x2d, 0x73, 0x77, 0x61, 0x74, 0x63, 0x68, 0x2d, 0x72
  .byte 0x65, 0x64, 0x2d, 0x36, 0x30, 0x30, 0x2d, 0x61, 0x30, 0x32, 0x29, 0x3b, 0x0a, 0x20, 0x20, 0x2d
  .byte 0x2d, 0x69, 0x6e, 0x74, 0x65, 0x72, 0x61, 0x63, 0x74, 0x69, 0x76, 0x65, 0x2d, 0x64, 0x65, 0x73
  .byte 0x74, 0x72, 0x75, 0x63, 0x74, 0x69, 0x76, 0x65, 0x2d, 0x68, 0x6f, 0x76, 0x65, 0x72, 0x3a, 0x20
  .byte 0x76, 0x61, 0x72, 0x28, 0x2d, 0x2d, 0x73, 0x77, 0x61, 0x74, 0x63, 0x68, 0x2d, 0x72, 0x65, 0x64
  .byte 0x2d, 0x36, 0x30, 0x30, 0x2d, 0x61, 0x30, 0x38, 0x29, 0x3b, 0x0a, 0x20, 0x20, 0x2d, 0x2d, 0x69
  .byte 0x6e, 0x74, 0x65, 0x72, 0x61, 0x63, 0x74, 0x69, 0x76, 0x65, 0x2d, 0x64, 0x65, 0x73, 0x74, 0x72
  .byte 0x75, 0x63, 0x74, 0x69, 0x76, 0x65, 0x2d, 0x64, 0x69, 0x73, 0x61, 0x62, 0x6c, 0x65, 0x64, 0x3a
  .byte 0x20, 0x76, 0x61, 0x72, 0x28, 0x2d, 0x2d, 0x73, 0x77, 0x61, 0x74, 0x63, 0x68, 0x2d, 0x72, 0x65
  .byte 0x64, 0x2d, 0x36, 0x30, 0x30, 0x2d, 0x61, 0x30, 0x32, 0x29, 0x3b, 0x0a, 0x20, 0x20, 0x2d, 0x2d
  .byte 0x69, 0x6e, 0x74, 0x65, 0x72, 0x61, 0x63, 0x74, 0x69, 0x76, 0x65, 0x2d, 0x64, 0x65, 0x73, 0x74
  .byte 0x72, 0x75, 0x63, 0x74, 0x69, 0x76, 0x65, 0x2d, 0x70, 0x72, 0x65, 0x73, 0x73, 0x65, 0x64, 0x3a
  .byte 0x20, 0x76, 0x61, 0x72, 0x28, 0x2d, 0x2d, 0x73, 0x77, 0x61, 0x74, 0x63, 0x68, 0x2d, 0x72, 0x65
  .byte 0x64, 0x2d, 0x36, 0x30, 0x30, 0x2d, 0x61, 0x31, 0x30, 0x29, 0x3b, 0x0a, 0x0a, 0x20, 0x20, 0x2f
  .byte 0x2a, 0x20, 0x49, 0x6e, 0x74, 0x65, 0x72, 0x61, 0x63, 0x74, 0x69, 0x76, 0x65, 0x20, 0x2f, 0x20
  .byte 0x44, 0x65, 0x73, 0x74, 0x72, 0x75, 0x63, 0x74, 0x69, 0x76, 0x65, 0x20, 0x2f, 0x20, 0x41, 0x63
  .byte 0x63, 0x65, 0x6e, 0x74, 0x20, 0x2a, 0x2f, 0x0a, 0x20, 0x20, 0x2d, 0x2d, 0x69, 0x6e, 0x74, 0x65
  .byte 0x72, 0x61, 0x63, 0x74, 0x69, 0x76, 0x65, 0x2d, 0x64, 0x65, 0x73, 0x74, 0x72, 0x75, 0x63, 0x74
  .byte 0x69, 0x76, 0x65, 0x2d, 0x61, 0x63, 0x63, 0x65, 0x6e, 0x74, 0x2d, 0x64, 0x65, 0x66, 0x61, 0x75
  .byte 0x6c, 0x74, 0x3a, 0x20, 0x76, 0x61, 0x72, 0x28, 0x2d, 0x2d, 0x73, 0x77, 0x61, 0x74, 0x63, 0x68
  .byte 0x2d, 0x72, 0x65, 0x64, 0x2d, 0x36, 0x30, 0x30, 0x29, 0x3b, 0x0a, 0x20, 0x20, 0x2d, 0x2d, 0x69
  .byte 0x6e, 0x74, 0x65, 0x72, 0x61, 0x63, 0x74, 0x69, 0x76, 0x65, 0x2d, 0x64, 0x65, 0x73, 0x74, 0x72
  .byte 0x75, 0x63, 0x74, 0x69, 0x76, 0x65, 0x2d, 0x61, 0x63, 0x63, 0x65, 0x6e, 0x74, 0x2d, 0x68, 0x6f
  .byte 0x76, 0x65, 0x72, 0x3a, 0x20, 0x76, 0x61, 0x72, 0x28, 0x2d, 0x2d, 0x73, 0x77, 0x61, 0x74, 0x63
  .byte 0x68, 0x2d, 0x72, 0x65, 0x64, 0x2d, 0x35, 0x30, 0x30, 0x29, 0x3b, 0x0a, 0x20, 0x20, 0x2d, 0x2d
  .byte 0x69, 0x6e, 0x74, 0x65, 0x72, 0x61, 0x63, 0x74, 0x69, 0x76, 0x65, 0x2d, 0x64, 0x65, 0x73, 0x74
  .byte 0x72, 0x75, 0x63, 0x74, 0x69, 0x76, 0x65, 0x2d, 0x61, 0x63, 0x63, 0x65, 0x6e, 0x74, 0x2d, 0x70
  .byte 0x72, 0x65, 0x73, 0x73, 0x65, 0x64, 0x3a, 0x20, 0x76, 0x61, 0x72, 0x28, 0x2d, 0x2d, 0x73, 0x77
  .byte 0x61, 0x74, 0x63, 0x68, 0x2d, 0x72, 0x65, 0x64, 0x2d, 0x37, 0x30, 0x30, 0x29, 0x3b, 0x0a, 0x20
  .byte 0x20, 0x2d, 0x2d, 0x69, 0x6e, 0x74, 0x65, 0x72, 0x61, 0x63, 0x74, 0x69, 0x76, 0x65, 0x2d, 0x64
  .byte 0x65, 0x73, 0x74, 0x72, 0x75, 0x63, 0x74, 0x69, 0x76, 0x65, 0x2d, 0x61, 0x63, 0x63, 0x65, 0x6e
  .byte 0x74, 0x2d, 0x64, 0x69, 0x73, 0x61, 0x62, 0x6c, 0x65, 0x64, 0x3a, 0x20, 0x76, 0x61, 0x72, 0x28
  .byte 0x2d, 0x2d, 0x73, 0x77, 0x61, 0x74, 0x63, 0x68, 0x2d, 0x72, 0x65, 0x64, 0x2d, 0x36, 0x30, 0x30
  .byte 0x2d, 0x61, 0x34, 0x30, 0x29, 0x3b, 0x0a, 0x0a, 0x20, 0x20, 0x2f, 0x2a, 0x20, 0x42, 0x6f, 0x72
  .byte 0x64, 0x65, 0x72, 0x20, 0x2a, 0x2f, 0x0a, 0x20, 0x20, 0x2d, 0x2d, 0x62, 0x6f, 0x72, 0x64, 0x65
  .byte 0x72, 0x2d, 0x64, 0x65, 0x66, 0x61, 0x75, 0x6c, 0x74, 0x3a, 0x20, 0x76, 0x61, 0x72, 0x28, 0x2d
  .byte 0x2d, 0x73, 0x77, 0x61, 0x74, 0x63, 0x68, 0x2d, 0x77, 0x68, 0x69, 0x74, 0x65, 0x2d, 0x61, 0x31
  .byte 0x32, 0x29, 0x3b, 0x0a, 0x20, 0x20, 0x2d, 0x2d, 0x62, 0x6f, 0x72, 0x64, 0x65, 0x72, 0x2d, 0x69
  .byte 0x6e, 0x74, 0x65, 0x72, 0x61, 0x63, 0x74, 0x69, 0x76, 0x65, 0x3a, 0x20, 0x76, 0x61, 0x72, 0x28
  .byte 0x2d, 0x2d, 0x73, 0x77, 0x61, 0x74, 0x63, 0x68, 0x2d, 0x77, 0x68, 0x69, 0x74, 0x65, 0x2d, 0x61
  .byte 0x32, 0x30, 0x29, 0x3b, 0x0a, 0x20, 0x20, 0x2d, 0x2d, 0x62, 0x6f, 0x72, 0x64, 0x65, 0x72, 0x2d
  .byte 0x69, 0x6e, 0x74, 0x65, 0x72, 0x61, 0x63, 0x74, 0x69, 0x76, 0x65, 0x2d, 0x65, 0x6d, 0x70, 0x68
  .byte 0x61, 0x73, 0x69, 0x73, 0x3a, 0x20, 0x76, 0x61, 0x72, 0x28, 0x2d, 0x2d, 0x73, 0x77, 0x61, 0x74
  .byte 0x63, 0x68, 0x2d, 0x77, 0x68, 0x69, 0x74, 0x65, 0x2d, 0x61, 0x34, 0x30, 0x29, 0x3b, 0x0a, 0x20
  .byte 0x20, 0x2d, 0x2d, 0x62, 0x6f, 0x72, 0x64, 0x65, 0x72, 0x2d, 0x69, 0x6e, 0x74, 0x65, 0x72, 0x61
  .byte 0x63, 0x74, 0x69, 0x76, 0x65, 0x2d, 0x73, 0x65, 0x6c, 0x65, 0x63, 0x74, 0x65, 0x64, 0x3a, 0x20
  .byte 0x76, 0x61, 0x72, 0x28, 0x2d, 0x2d, 0x73, 0x77, 0x61, 0x74, 0x63, 0x68, 0x2d, 0x77, 0x68, 0x69
  .byte 0x74, 0x65, 0x29, 0x3b, 0x0a, 0x20, 0x20, 0x2d, 0x2d, 0x62, 0x6f, 0x72, 0x64, 0x65, 0x72, 0x2d
  .byte 0x61, 0x63, 0x63, 0x65, 0x6e, 0x74, 0x3a, 0x20, 0x76, 0x61, 0x72, 0x28, 0x2d, 0x2d, 0x73, 0x77
  .byte 0x61, 0x74, 0x63, 0x68, 0x2d, 0x77, 0x68, 0x69, 0x74, 0x65, 0x2d, 0x61, 0x32, 0x30, 0x29, 0x3b
  .byte 0x0a, 0x20, 0x20, 0x2d, 0x2d, 0x62, 0x6f, 0x72, 0x64, 0x65, 0x72, 0x2d, 0x61, 0x63, 0x63, 0x65
  .byte 0x6e, 0x74, 0x2d, 0x65, 0x6d, 0x70, 0x68, 0x61, 0x73, 0x69, 0x73, 0x3a, 0x20, 0x76, 0x61, 0x72
  .byte 0x28, 0x2d, 0x2d, 0x73, 0x77, 0x61, 0x74, 0x63, 0x68, 0x2d, 0x77, 0x68, 0x69, 0x74, 0x65, 0x2d
  .byte 0x61, 0x34, 0x30, 0x29, 0x3b, 0x0a, 0x20, 0x20, 0x2d, 0x2d, 0x62, 0x6f, 0x72, 0x64, 0x65, 0x72
  .byte 0x2d, 0x61, 0x63, 0x63, 0x65, 0x6e, 0x74, 0x2d, 0x73, 0x65, 0x6c, 0x65, 0x63, 0x74, 0x65, 0x64
  .byte 0x3a, 0x20, 0x76, 0x61, 0x72, 0x28, 0x2d, 0x2d, 0x73, 0x77, 0x61, 0x74, 0x63, 0x68, 0x2d, 0x77
  .byte 0x68, 0x69, 0x74, 0x65, 0x29, 0x3b, 0x0a, 0x20, 0x20, 0x2d, 0x2d, 0x62, 0x6f, 0x72, 0x64, 0x65
  .byte 0x72, 0x2d, 0x69, 0x6e, 0x66, 0x6f, 0x3a, 0x20, 0x76, 0x61, 0x72, 0x28, 0x2d, 0x2d, 0x73, 0x77
  .byte 0x61, 0x74, 0x63, 0x68, 0x2d, 0x62, 0x6c, 0x75, 0x65, 0x2d, 0x35, 0x30, 0x30, 0x2d, 0x61, 0x30
  .byte 0x38, 0x29, 0x3b, 0x0a, 0x20, 0x20, 0x2d, 0x2d, 0x62, 0x6f, 0x72, 0x64, 0x65, 0x72, 0x2d, 0x69
  .byte 0x6e, 0x66, 0x6f, 0x2d, 0x65, 0x6d, 0x70, 0x68, 0x61, 0x73, 0x69, 0x73, 0x3a, 0x20, 0x76, 0x61
  .byte 0x72, 0x28, 0x2d, 0x2d, 0x73, 0x77, 0x61, 0x74, 0x63, 0x68, 0x2d, 0x62, 0x6c, 0x75, 0x65, 0x2d
  .byte 0x36, 0x30, 0x30, 0x29, 0x3b, 0x0a, 0x20, 0x20, 0x2d, 0x2d, 0x62, 0x6f, 0x72, 0x64, 0x65, 0x72
  .byte 0x2d, 0x61, 0x6c, 0x65, 0x72, 0x74, 0x3a, 0x20, 0x76, 0x61, 0x72, 0x28, 0x2d, 0x2d, 0x73, 0x77
  .byte 0x61, 0x74, 0x63, 0x68, 0x2d, 0x79, 0x65, 0x6c, 0x6c, 0x6f, 0x77, 0x2d, 0x34, 0x30, 0x30, 0x2d
  .byte 0x61, 0x30, 0x38, 0x29, 0x3b, 0x0a, 0x20, 0x20, 0x2d, 0x2d, 0x62, 0x6f, 0x72, 0x64, 0x65, 0x72
  .byte 0x2d, 0x61, 0x6c, 0x65, 0x72, 0x74, 0x2d, 0x65, 0x6d, 0x70, 0x68, 0x61, 0x73, 0x69, 0x73, 0x3a
  .byte 0x20, 0x76, 0x61, 0x72, 0x28, 0x2d, 0x2d, 0x73, 0x77, 0x61, 0x74, 0x63, 0x68, 0x2d, 0x79, 0x65
  .byte 0x6c, 0x6c, 0x6f, 0x77, 0x2d, 0x36, 0x30, 0x30, 0x29, 0x3b, 0x0a, 0x20, 0x20, 0x2d, 0x2d, 0x62
  .byte 0x6f, 0x72, 0x64, 0x65, 0x72, 0x2d, 0x73, 0x75, 0x63, 0x63, 0x65, 0x73, 0x73, 0x3a, 0x20, 0x76
  .byte 0x61, 0x72, 0x28, 0x2d, 0x2d, 0x73, 0x77, 0x61, 0x74, 0x63, 0x68, 0x2d, 0x67, 0x72, 0x65, 0x65
  .byte 0x6e, 0x2d, 0x36, 0x30, 0x30, 0x2d, 0x61, 0x30, 0x38, 0x29, 0x3b, 0x0a, 0x20, 0x20, 0x2d, 0x2d
  .byte 0x62, 0x6f, 0x72, 0x64, 0x65, 0x72, 0x2d, 0x73, 0x75, 0x63, 0x63, 0x65, 0x73, 0x73, 0x2d, 0x65
  .byte 0x6d, 0x70, 0x68, 0x61, 0x73, 0x69, 0x73, 0x3a, 0x20, 0x76, 0x61, 0x72, 0x28, 0x2d, 0x2d, 0x73
  .byte 0x77, 0x61, 0x74, 0x63, 0x68, 0x2d, 0x67, 0x72, 0x65, 0x65, 0x6e, 0x2d, 0x36, 0x30, 0x30, 0x29
  .byte 0x3b, 0x0a, 0x20, 0x20, 0x2d, 0x2d, 0x62, 0x6f, 0x72, 0x64, 0x65, 0x72, 0x2d, 0x64, 0x61, 0x6e
  .byte 0x67, 0x65, 0x72, 0x3a, 0x20, 0x76, 0x61, 0x72, 0x28, 0x2d, 0x2d, 0x73, 0x77, 0x61, 0x74, 0x63
  .byte 0x68, 0x2d, 0x72, 0x65, 0x64, 0x2d, 0x36, 0x30, 0x30, 0x2d, 0x61, 0x30, 0x38, 0x29, 0x3b, 0x0a
  .byte 0x20, 0x20, 0x2d, 0x2d, 0x62, 0x6f, 0x72, 0x64, 0x65, 0x72, 0x2d, 0x64, 0x61, 0x6e, 0x67, 0x65
  .byte 0x72, 0x2d, 0x65, 0x6d, 0x70, 0x68, 0x61, 0x73, 0x69, 0x73, 0x3a, 0x20, 0x76, 0x61, 0x72, 0x28
  .byte 0x2d, 0x2d, 0x73, 0x77, 0x61, 0x74, 0x63, 0x68, 0x2d, 0x72, 0x65, 0x64, 0x2d, 0x36, 0x30, 0x30
  .byte 0x29, 0x3b, 0x0a, 0x7d, 0x0a

  .globl openui_full_port_docs_shared_design_system_styles_variables_colors_css_4bfa92141275_pass_3_len
openui_full_port_docs_shared_design_system_styles_variables_colors_css_4bfa92141275_pass_3_len:
  .quad 8213

# assembly pass: 4/4
  .globl openui_full_port_docs_shared_design_system_styles_variables_colors_css_4bfa92141275_pass_4
openui_full_port_docs_shared_design_system_styles_variables_colors_css_4bfa92141275_pass_4:
  .byte 0x3a, 0x72, 0x6f, 0x6f, 0x74, 0x20, 0x7b, 0x0a, 0x20, 0x20, 0x2f, 0x2a, 0x20, 0x53, 0x75, 0x72
  .byte 0x66, 0x61, 0x63, 0x65, 0x20, 0x63, 0x6f, 0x6c, 0x6f, 0x72, 0x73, 0x20, 0x2a, 0x2f, 0x0a, 0x20
  .byte 0x20, 0x2d, 0x2d, 0x62, 0x61, 0x63, 0x6b, 0x67, 0x72, 0x6f, 0x75, 0x6e, 0x64, 0x3a, 0x20, 0x76
  .byte 0x61, 0x72, 0x28, 0x2d, 0x2d, 0x73, 0x77, 0x61, 0x74, 0x63, 0x68, 0x2d, 0x6e, 0x65, 0x75, 0x74
  .byte 0x72, 0x61, 0x6c, 0x2d, 0x31, 0x30, 0x30, 0x29, 0x3b, 0x0a, 0x20, 0x20, 0x2d, 0x2d, 0x66, 0x6f
  .byte 0x72, 0x65, 0x67, 0x72, 0x6f, 0x75, 0x6e, 0x64, 0x3a, 0x20, 0x76, 0x61, 0x72, 0x28, 0x2d, 0x2d
  .byte 0x73, 0x77, 0x61, 0x74, 0x63, 0x68, 0x2d, 0x77, 0x68, 0x69, 0x74, 0x65, 0x29, 0x3b, 0x0a, 0x20
  .byte 0x20, 0x2d, 0x2d, 0x70, 0x6f, 0x70, 0x6f, 0x76, 0x65, 0x72, 0x2d, 0x62, 0x61, 0x63, 0x6b, 0x67
  .byte 0x72, 0x6f, 0x75, 0x6e, 0x64, 0x3a, 0x20, 0x76, 0x61, 0x72, 0x28, 0x2d, 0x2d, 0x73, 0x77, 0x61
  .byte 0x74, 0x63, 0x68, 0x2d, 0x77, 0x68, 0x69, 0x74, 0x65, 0x29, 0x3b, 0x0a, 0x20, 0x20, 0x2d, 0x2d
  .byte 0x73, 0x75, 0x6e, 0x6b, 0x2d, 0x6c, 0x69, 0x67, 0x68, 0x74, 0x3a, 0x20, 0x76, 0x61, 0x72, 0x28
  .byte 0x2d, 0x2d, 0x73, 0x77, 0x61, 0x74, 0x63, 0x68, 0x2d, 0x62, 0x6c, 0x61, 0x63, 0x6b, 0x2d, 0x61
  .byte 0x30, 0x32, 0x29, 0x3b, 0x0a, 0x20, 0x20, 0x2d, 0x2d, 0x73, 0x75, 0x6e, 0x6b, 0x3a, 0x20, 0x76
  .byte 0x61, 0x72, 0x28, 0x2d, 0x2d, 0x73, 0x77, 0x61, 0x74, 0x63, 0x68, 0x2d, 0x62, 0x6c, 0x61, 0x63
  .byte 0x6b, 0x2d, 0x61, 0x30, 0x34, 0x29, 0x3b, 0x0a, 0x20, 0x20, 0x2d, 0x2d, 0x73, 0x75, 0x6e, 0x6b
  .byte 0x2d, 0x64, 0x65, 0x65, 0x70, 0x3a, 0x20, 0x76, 0x61, 0x72, 0x28, 0x2d, 0x2d, 0x73, 0x77, 0x61
  .byte 0x74, 0x63, 0x68, 0x2d, 0x62, 0x6c, 0x61, 0x63, 0x6b, 0x2d, 0x61, 0x30, 0x38, 0x29, 0x3b, 0x0a
  .byte 0x20, 0x20, 0x2d, 0x2d, 0x65, 0x6c, 0x65, 0x76, 0x61, 0x74, 0x65, 0x64, 0x2d, 0x6c, 0x69, 0x67
  .byte 0x68, 0x74, 0x3a, 0x20, 0x76, 0x61, 0x72, 0x28, 0x2d, 0x2d, 0x73, 0x77, 0x61, 0x74, 0x63, 0x68
  .byte 0x2d, 0x62, 0x6c, 0x61, 0x63, 0x6b, 0x2d, 0x61, 0x30, 0x34, 0x29, 0x3b, 0x0a, 0x20, 0x20, 0x2d
  .byte 0x2d, 0x65, 0x6c, 0x65, 0x76, 0x61, 0x74, 0x65, 0x64, 0x3a, 0x20, 0x76, 0x61, 0x72, 0x28, 0x2d
  .byte 0x2d, 0x73, 0x77, 0x61, 0x74, 0x63, 0x68, 0x2d, 0x62, 0x6c, 0x61, 0x63, 0x6b, 0x2d, 0x61, 0x30
  .byte 0x38, 0x29, 0x3b, 0x0a, 0x20, 0x20, 0x2d, 0x2d, 0x65, 0x6c, 0x65, 0x76, 0x61, 0x74, 0x65, 0x64
  .byte 0x2d, 0x73, 0x74, 0x72, 0x6f, 0x6e, 0x67, 0x3a, 0x20, 0x76, 0x61, 0x72, 0x28, 0x2d, 0x2d, 0x73
  .byte 0x77, 0x61, 0x74, 0x63, 0x68, 0x2d, 0x62, 0x6c, 0x61, 0x63, 0x6b, 0x2d, 0x61, 0x31, 0x36, 0x29
  .byte 0x3b, 0x0a, 0x20, 0x20, 0x2d, 0x2d, 0x65, 0x6c, 0x65, 0x76, 0x61, 0x74, 0x65, 0x64, 0x2d, 0x69
  .byte 0x6e, 0x74, 0x65, 0x6e, 0x73, 0x65, 0x3a, 0x20, 0x76, 0x61, 0x72, 0x28, 0x2d, 0x2d, 0x73, 0x77
  .byte 0x61, 0x74, 0x63, 0x68, 0x2d, 0x62, 0x6c, 0x61, 0x63, 0x6b, 0x2d, 0x61, 0x33, 0x32, 0x29, 0x3b
  .byte 0x0a, 0x20, 0x20, 0x2d, 0x2d, 0x6f, 0x76, 0x65, 0x72, 0x6c, 0x61, 0x79, 0x3a, 0x20, 0x76, 0x61
  .byte 0x72, 0x28, 0x2d, 0x2d, 0x73, 0x77, 0x61, 0x74, 0x63, 0x68, 0x2d, 0x62, 0x6c, 0x61, 0x63, 0x6b
  .byte 0x2d, 0x61, 0x32, 0x34, 0x29, 0x3b, 0x0a, 0x20, 0x20, 0x2d, 0x2d, 0x68, 0x69, 0x67, 0x68, 0x6c
  .byte 0x69, 0x67, 0x68, 0x74, 0x2d, 0x73, 0x75, 0x62, 0x74, 0x6c, 0x65, 0x3a, 0x20, 0x76, 0x61, 0x72
  .byte 0x28, 0x2d, 0x2d, 0x73, 0x77, 0x61, 0x74, 0x63, 0x68, 0x2d, 0x62, 0x6c, 0x61, 0x63, 0x6b, 0x2d
  .byte 0x61, 0x30, 0x34, 0x29, 0x3b, 0x0a, 0x20, 0x20, 0x2d, 0x2d, 0x68, 0x69, 0x67, 0x68, 0x6c, 0x69
  .byte 0x67, 0x68, 0x74, 0x3a, 0x20, 0x76, 0x61, 0x72, 0x28, 0x2d, 0x2d, 0x73, 0x77, 0x61, 0x74, 0x63
  .byte 0x68, 0x2d, 0x62, 0x6c, 0x61, 0x63, 0x6b, 0x2d, 0x61, 0x30, 0x38, 0x29, 0x3b, 0x0a, 0x20, 0x20
  .byte 0x2d, 0x2d, 0x68, 0x69, 0x67, 0x68, 0x6c, 0x69, 0x67, 0x68, 0x74, 0x2d, 0x73, 0x74, 0x72, 0x6f
  .byte 0x6e, 0x67, 0x3a, 0x20, 0x76, 0x61, 0x72, 0x28, 0x2d, 0x2d, 0x73, 0x77, 0x61, 0x74, 0x63, 0x68
  .byte 0x2d, 0x62, 0x6c, 0x61, 0x63, 0x6b, 0x2d, 0x61, 0x31, 0x36, 0x29, 0x3b, 0x0a, 0x20, 0x20, 0x2d
  .byte 0x2d, 0x68, 0x69, 0x67, 0x68, 0x6c, 0x69, 0x67, 0x68, 0x74, 0x2d, 0x69, 0x6e, 0x74, 0x65, 0x6e
  .byte 0x73, 0x65, 0x3a, 0x20, 0x76, 0x61, 0x72, 0x28, 0x2d, 0x2d, 0x73, 0x77, 0x61, 0x74, 0x63, 0x68
  .byte 0x2d, 0x62, 0x6c, 0x61, 0x63, 0x6b, 0x2d, 0x61, 0x33, 0x32, 0x29, 0x3b, 0x0a, 0x20, 0x20, 0x2d
  .byte 0x2d, 0x69, 0x6e, 0x76, 0x65, 0x72, 0x74, 0x65, 0x64, 0x2d, 0x62, 0x61, 0x63, 0x6b, 0x67, 0x72
  .byte 0x6f, 0x75, 0x6e, 0x64, 0x3a, 0x20, 0x76, 0x61, 0x72, 0x28, 0x2d, 0x2d, 0x73, 0x77, 0x61, 0x74
  .byte 0x63, 0x68, 0x2d, 0x6e, 0x65, 0x75, 0x74, 0x72, 0x61, 0x6c, 0x2d, 0x39, 0x30, 0x30, 0x29, 0x3b
  .byte 0x0a, 0x20, 0x20, 0x2d, 0x2d, 0x69, 0x6e, 0x66, 0x6f, 0x2d, 0x62, 0x61, 0x63, 0x6b, 0x67, 0x72
  .byte 0x6f, 0x75, 0x6e, 0x64, 0x3a, 0x20, 0x76, 0x61, 0x72, 0x28, 0x2d, 0x2d, 0x73, 0x77, 0x61, 0x74
  .byte 0x63, 0x68, 0x2d, 0x62, 0x6c, 0x75, 0x65, 0x2d, 0x35, 0x30, 0x30, 0x29, 0x3b, 0x0a, 0x20, 0x20
  .byte 0x2d, 0x2d, 0x73, 0x75, 0x63, 0x63, 0x65, 0x73, 0x73, 0x2d, 0x62, 0x61, 0x63, 0x6b, 0x67, 0x72
  .byte 0x6f, 0x75, 0x6e, 0x64, 0x3a, 0x20, 0x76, 0x61, 0x72, 0x28, 0x2d, 0x2d, 0x73, 0x77, 0x61, 0x74
  .byte 0x63, 0x68, 0x2d, 0x67, 0x72, 0x65, 0x65, 0x6e, 0x2d, 0x36, 0x30, 0x30, 0x29, 0x3b, 0x0a, 0x20
  .byte 0x20, 0x2d, 0x2d, 0x61, 0x6c, 0x65, 0x72, 0x74, 0x2d, 0x62, 0x61, 0x63, 0x6b, 0x67, 0x72, 0x6f
  .byte 0x75, 0x6e, 0x64, 0x3a, 0x20, 0x76, 0x61, 0x72, 0x28, 0x2d, 0x2d, 0x73, 0x77, 0x61, 0x74, 0x63
  .byte 0x68, 0x2d, 0x79, 0x65, 0x6c, 0x6c, 0x6f, 0x77, 0x2d, 0x34, 0x30, 0x30, 0x29, 0x3b, 0x0a, 0x20
  .byte 0x20, 0x2d, 0x2d, 0x64, 0x61, 0x6e, 0x67, 0x65, 0x72, 0x2d, 0x62, 0x61, 0x63, 0x6b, 0x67, 0x72
  .byte 0x6f, 0x75, 0x6e, 0x64, 0x3a, 0x20, 0x76, 0x61, 0x72, 0x28, 0x2d, 0x2d, 0x73, 0x77, 0x61, 0x74
  .byte 0x63, 0x68, 0x2d, 0x72, 0x65, 0x64, 0x2d, 0x36, 0x30, 0x30, 0x29, 0x3b, 0x0a, 0x20, 0x20, 0x2d
  .byte 0x2d, 0x70, 0x75, 0x72, 0x70, 0x6c, 0x65, 0x2d, 0x62, 0x61, 0x63, 0x6b, 0x67, 0x72, 0x6f, 0x75
  .byte 0x6e, 0x64, 0x3a, 0x20, 0x76, 0x61, 0x72, 0x28, 0x2d, 0x2d, 0x73, 0x77, 0x61, 0x74, 0x63, 0x68
  .byte 0x2d, 0x70, 0x75, 0x72, 0x70, 0x6c, 0x65, 0x2d, 0x35, 0x30, 0x30, 0x29, 0x3b, 0x0a, 0x20, 0x20
  .byte 0x2d, 0x2d, 0x70, 0x69, 0x6e, 0x6b, 0x2d, 0x62, 0x61, 0x63, 0x6b, 0x67, 0x72, 0x6f, 0x75, 0x6e
  .byte 0x64, 0x3a, 0x20, 0x76, 0x61, 0x72, 0x28, 0x2d, 0x2d, 0x73, 0x77, 0x61, 0x74, 0x63, 0x68, 0x2d
  .byte 0x70, 0x69, 0x6e, 0x6b, 0x2d, 0x35, 0x30, 0x30, 0x29, 0x3b, 0x0a, 0x0a, 0x20, 0x20, 0x2f, 0x2a
  .byte 0x20, 0x54, 0x65, 0x78, 0x74, 0x20, 0x2f, 0x20, 0x4e, 0x65, 0x75, 0x74, 0x72, 0x61, 0x6c, 0x20
  .byte 0x2a, 0x2f, 0x0a, 0x20, 0x20, 0x2d, 0x2d, 0x74, 0x65, 0x78, 0x74, 0x2d, 0x6e, 0x65, 0x75, 0x74
  .byte 0x72, 0x61, 0x6c, 0x2d, 0x70, 0x72, 0x69, 0x6d, 0x61, 0x72, 0x79, 0x3a, 0x20, 0x76, 0x61, 0x72
  .byte 0x28, 0x2d, 0x2d, 0x73, 0x77, 0x61, 0x74, 0x63, 0x68, 0x2d, 0x62, 0x6c, 0x61, 0x63, 0x6b, 0x29
  .byte 0x3b, 0x0a, 0x20, 0x20, 0x2d, 0x2d, 0x74, 0x65, 0x78, 0x74, 0x2d, 0x6e, 0x65, 0x75, 0x74, 0x72
  .byte 0x61, 0x6c, 0x2d, 0x73, 0x65, 0x63, 0x6f, 0x6e, 0x64, 0x61, 0x72, 0x79, 0x3a, 0x20, 0x76, 0x61
  .byte 0x72, 0x28, 0x2d, 0x2d, 0x73, 0x77, 0x61, 0x74, 0x63, 0x68, 0x2d, 0x62, 0x6c, 0x61, 0x63, 0x6b
  .byte 0x2d, 0x61, 0x35, 0x30, 0x29, 0x3b, 0x0a, 0x20, 0x20, 0x2d, 0x2d, 0x74, 0x65, 0x78, 0x74, 0x2d
  .byte 0x6e, 0x65, 0x75, 0x74, 0x72, 0x61, 0x6c, 0x2d, 0x74, 0x65, 0x72, 0x74, 0x69, 0x61, 0x72, 0x79
  .byte 0x3a, 0x20, 0x76, 0x61, 0x72, 0x28, 0x2d, 0x2d, 0x73, 0x77, 0x61, 0x74, 0x63, 0x68, 0x2d, 0x62
  .byte 0x6c, 0x61, 0x63, 0x6b, 0x2d, 0x61, 0x32, 0x30, 0x29, 0x3b, 0x0a, 0x20, 0x20, 0x2d, 0x2d, 0x74
  .byte 0x65, 0x78, 0x74, 0x2d, 0x6e, 0x65, 0x75, 0x74, 0x72, 0x61, 0x6c, 0x2d, 0x6c, 0x69, 0x6e, 0x6b
  .byte 0x3a, 0x20, 0x76, 0x61, 0x72, 0x28, 0x2d, 0x2d, 0x73, 0x77, 0x61, 0x74, 0x63, 0x68, 0x2d, 0x62
  .byte 0x6c, 0x61, 0x63, 0x6b, 0x29, 0x3b, 0x0a, 0x0a, 0x20, 0x20, 0x2d, 0x2d, 0x74, 0x65, 0x78, 0x74
  .byte 0x2d, 0x62, 0x72, 0x61, 0x6e, 0x64, 0x3a, 0x20, 0x76, 0x61, 0x72, 0x28, 0x2d, 0x2d, 0x73, 0x77
  .byte 0x61, 0x74, 0x63, 0x68, 0x2d, 0x62, 0x6c, 0x61, 0x63, 0x6b, 0x29, 0x3b, 0x0a, 0x0a, 0x20, 0x20
  .byte 0x2d, 0x2d, 0x74, 0x65, 0x78, 0x74, 0x2d, 0x77, 0x68, 0x69, 0x74, 0x65, 0x3a, 0x20, 0x76, 0x61
  .byte 0x72, 0x28, 0x2d, 0x2d, 0x73, 0x77, 0x61, 0x74, 0x63, 0x68, 0x2d, 0x77, 0x68, 0x69, 0x74, 0x65
  .byte 0x29, 0x3b, 0x0a, 0x20, 0x20, 0x2d, 0x2d, 0x74, 0x65, 0x78, 0x74, 0x2d, 0x62, 0x6c, 0x61, 0x63
  .byte 0x6b, 0x3a, 0x20, 0x76, 0x61, 0x72, 0x28, 0x2d, 0x2d, 0x73, 0x77, 0x61, 0x74, 0x63, 0x68, 0x2d
  .byte 0x62, 0x6c, 0x61, 0x63, 0x6b, 0x29, 0x3b, 0x0a, 0x0a, 0x20, 0x20, 0x2f, 0x2a, 0x20, 0x54, 0x65
  .byte 0x78, 0x74, 0x20, 0x2f, 0x20, 0x41, 0x63, 0x63, 0x65, 0x6e, 0x74, 0x20, 0x2a, 0x2f, 0x0a, 0x20
  .byte 0x20, 0x2d, 0x2d, 0x74, 0x65, 0x78, 0x74, 0x2d, 0x61, 0x63, 0x63, 0x65, 0x6e, 0x74, 0x2d, 0x70
  .byte 0x72, 0x69, 0x6d, 0x61, 0x72, 0x79, 0x3a, 0x20, 0x76, 0x61, 0x72, 0x28, 0x2d, 0x2d, 0x73, 0x77
  .byte 0x61, 0x74, 0x63, 0x68, 0x2d, 0x77, 0x68, 0x69, 0x74, 0x65, 0x29, 0x3b, 0x0a, 0x20, 0x20, 0x2d
  .byte 0x2d, 0x74, 0x65, 0x78, 0x74, 0x2d, 0x61, 0x63, 0x63, 0x65, 0x6e, 0x74, 0x2d, 0x73, 0x65, 0x63
  .byte 0x6f, 0x6e, 0x64, 0x61, 0x72, 0x79, 0x3a, 0x20, 0x76, 0x61, 0x72, 0x28, 0x2d, 0x2d, 0x73, 0x77
  .byte 0x61, 0x74, 0x63, 0x68, 0x2d, 0x77, 0x68, 0x69, 0x74, 0x65, 0x2d, 0x61, 0x35, 0x30, 0x29, 0x3b
  .byte 0x0a, 0x20, 0x20, 0x2d, 0x2d, 0x74, 0x65, 0x78, 0x74, 0x2d, 0x61, 0x63, 0x63, 0x65, 0x6e, 0x74
  .byte 0x2d, 0x74, 0x65, 0x72, 0x74, 0x69, 0x61, 0x72, 0x79, 0x3a, 0x20, 0x76, 0x61, 0x72, 0x28, 0x2d
  .byte 0x2d, 0x73, 0x77, 0x61, 0x74, 0x63, 0x68, 0x2d, 0x77, 0x68, 0x69, 0x74, 0x65, 0x2d, 0x61, 0x32
  .byte 0x30, 0x29, 0x3b, 0x0a, 0x0a, 0x20, 0x20, 0x2f, 0x2a, 0x20, 0x54, 0x65, 0x78, 0x74, 0x20, 0x2f
  .byte 0x20, 0x53, 0x75, 0x63, 0x63, 0x65, 0x73, 0x73, 0x20, 0x2a, 0x2f, 0x0a, 0x20, 0x20, 0x2d, 0x2d
  .byte 0x74, 0x65, 0x78, 0x74, 0x2d, 0x73, 0x75, 0x63, 0x63, 0x65, 0x73, 0x73, 0x2d, 0x70, 0x72, 0x69
  .byte 0x6d, 0x61, 0x72, 0x79, 0x3a, 0x20, 0x76, 0x61, 0x72, 0x28, 0x2d, 0x2d, 0x73, 0x77, 0x61, 0x74
  .byte 0x63, 0x68, 0x2d, 0x67, 0x72, 0x65, 0x65, 0x6e, 0x2d, 0x37, 0x30, 0x30, 0x29, 0x3b, 0x0a, 0x20
  .byte 0x20, 0x2d, 0x2d, 0x74, 0x65, 0x78, 0x74, 0x2d, 0x73, 0x75, 0x63, 0x63, 0x65, 0x73, 0x73, 0x2d
  .byte 0x69, 0x6e, 0x76, 0x65, 0x72, 0x74, 0x65, 0x64, 0x3a, 0x20, 0x76, 0x61, 0x72, 0x28, 0x2d, 0x2d
  .byte 0x73, 0x77, 0x61, 0x74, 0x63, 0x68, 0x2d, 0x67, 0x72, 0x65, 0x65, 0x6e, 0x2d, 0x31, 0x30, 0x30
  .byte 0x29, 0x3b, 0x0a, 0x0a, 0x20, 0x20, 0x2f, 0x2a, 0x20, 0x54, 0x65, 0x78, 0x74, 0x20, 0x2f, 0x20
  .byte 0x41, 0x6c, 0x65, 0x72, 0x74, 0x20, 0x2a, 0x2f, 0x0a, 0x20, 0x20, 0x2d, 0x2d, 0x74, 0x65, 0x78
  .byte 0x74, 0x2d, 0x61, 0x6c, 0x65, 0x72, 0x74, 0x2d, 0x70, 0x72, 0x69, 0x6d, 0x61, 0x72, 0x79, 0x3a
  .byte 0x20, 0x76, 0x61, 0x72, 0x28, 0x2d, 0x2d, 0x73, 0x77, 0x61, 0x74, 0x63, 0x68, 0x2d, 0x79, 0x65
  .byte 0x6c, 0x6c, 0x6f, 0x77, 0x2d, 0x38, 0x30, 0x30, 0x29, 0x3b, 0x0a, 0x20, 0x20, 0x2d, 0x2d, 0x74
  .byte 0x65, 0x78, 0x74, 0x2d, 0x61, 0x6c, 0x65, 0x72, 0x74, 0x2d, 0x69, 0x6e, 0x76, 0x65, 0x72, 0x74
  .byte 0x65, 0x64, 0x3a, 0x20, 0x76, 0x61, 0x72, 0x28, 0x2d, 0x2d, 0x73, 0x77, 0x61, 0x74, 0x63, 0x68
  .byte 0x2d, 0x79, 0x65, 0x6c, 0x6c, 0x6f, 0x77, 0x2d, 0x31, 0x30, 0x30, 0x29, 0x3b, 0x0a, 0x0a, 0x20
  .byte 0x20, 0x2f, 0x2a, 0x20, 0x54, 0x65, 0x78, 0x74, 0x20, 0x2f, 0x20, 0x44, 0x61, 0x6e, 0x67, 0x65
  .byte 0x72, 0x20, 0x2a, 0x2f, 0x0a, 0x20, 0x20, 0x2d, 0x2d, 0x74, 0x65, 0x78, 0x74, 0x2d, 0x64, 0x61
  .byte 0x6e, 0x67, 0x65, 0x72, 0x2d, 0x70, 0x72, 0x69, 0x6d, 0x61, 0x72, 0x79, 0x3a, 0x20, 0x76, 0x61
  .byte 0x72, 0x28, 0x2d, 0x2d, 0x73, 0x77, 0x61, 0x74, 0x63, 0x68, 0x2d, 0x72, 0x65, 0x64, 0x2d, 0x37
  .byte 0x30, 0x30, 0x29, 0x3b, 0x0a, 0x20, 0x20, 0x2d, 0x2d, 0x74, 0x65, 0x78, 0x74, 0x2d, 0x64, 0x61
  .byte 0x6e, 0x67, 0x65, 0x72, 0x2d, 0x73, 0x65, 0x63, 0x6f, 0x6e, 0x64, 0x61, 0x72, 0x79, 0x3a, 0x20
  .byte 0x76, 0x61, 0x72, 0x28, 0x2d, 0x2d, 0x73, 0x77, 0x61, 0x74, 0x63, 0x68, 0x2d, 0x72, 0x65, 0x64
  .byte 0x2d, 0x34, 0x30, 0x30, 0x29, 0x3b, 0x0a, 0x20, 0x20, 0x2d, 0x2d, 0x74, 0x65, 0x78, 0x74, 0x2d
  .byte 0x64, 0x61, 0x6e, 0x67, 0x65, 0x72, 0x2d, 0x74, 0x65, 0x72, 0x74, 0x69, 0x61, 0x72, 0x79, 0x3a
  .byte 0x20, 0x76, 0x61, 0x72, 0x28, 0x2d, 0x2d, 0x73, 0x77, 0x61, 0x74, 0x63, 0x68, 0x2d, 0x72, 0x65
  .byte 0x64, 0x2d, 0x33, 0x30, 0x30, 0x29, 0x3b, 0x0a, 0x0a, 0x20, 0x20, 0x2f, 0x2a, 0x20, 0x54, 0x65
  .byte 0x78, 0x74, 0x20, 0x2f, 0x20, 0x44, 0x61, 0x6e, 0x67, 0x65, 0x72, 0x20, 0x2f, 0x20, 0x49, 0x6e
  .byte 0x76, 0x65, 0x72, 0x74, 0x65, 0x64, 0x20, 0x2a, 0x2f, 0x0a, 0x20, 0x20, 0x2d, 0x2d, 0x74, 0x65
  .byte 0x78, 0x74, 0x2d, 0x64, 0x61, 0x6e, 0x67, 0x65, 0x72, 0x2d, 0x69, 0x6e, 0x76, 0x65, 0x72, 0x74
  .byte 0x65, 0x64, 0x2d, 0x70, 0x72, 0x69, 0x6d, 0x61, 0x72, 0x79, 0x3a, 0x20, 0x76, 0x61, 0x72, 0x28
  .byte 0x2d, 0x2d, 0x73, 0x77, 0x61, 0x74, 0x63, 0x68, 0x2d, 0x77, 0x68, 0x69, 0x74, 0x65, 0x29, 0x3b
  .byte 0x0a, 0x20, 0x20, 0x2d, 0x2d, 0x74, 0x65, 0x78, 0x74, 0x2d, 0x64, 0x61, 0x6e, 0x67, 0x65, 0x72
  .byte 0x2d, 0x69, 0x6e, 0x76, 0x65, 0x72, 0x74, 0x65, 0x64, 0x2d, 0x73, 0x65, 0x63, 0x6f, 0x6e, 0x64
  .byte 0x61, 0x72, 0x79, 0x3a, 0x20, 0x76, 0x61, 0x72, 0x28, 0x2d, 0x2d, 0x73, 0x77, 0x61, 0x74, 0x63
  .byte 0x68, 0x2d, 0x77, 0x68, 0x69, 0x74, 0x65, 0x2d, 0x61, 0x34, 0x30, 0x29, 0x3b, 0x0a, 0x20, 0x20
  .byte 0x2d, 0x2d, 0x74, 0x65, 0x78, 0x74, 0x2d, 0x64, 0x61, 0x6e, 0x67, 0x65, 0x72, 0x2d, 0x69, 0x6e
  .byte 0x76, 0x65, 0x72, 0x74, 0x65, 0x64, 0x2d, 0x74, 0x65, 0x72, 0x74, 0x69, 0x61, 0x72, 0x79, 0x3a
  .byte 0x20, 0x76, 0x61, 0x72, 0x28, 0x2d, 0x2d, 0x73, 0x77, 0x61, 0x74, 0x63, 0x68, 0x2d, 0x77, 0x68
  .byte 0x69, 0x74, 0x65, 0x2d, 0x61, 0x32, 0x30, 0x29, 0x3b, 0x0a, 0x0a, 0x20, 0x20, 0x2f, 0x2a, 0x20
  .byte 0x54, 0x65, 0x78, 0x74, 0x20, 0x2f, 0x20, 0x49, 0x6e, 0x66, 0x6f, 0x20, 0x2a, 0x2f, 0x0a, 0x20
  .byte 0x20, 0x2d, 0x2d, 0x74, 0x65, 0x78, 0x74, 0x2d, 0x69, 0x6e, 0x66, 0x6f, 0x2d, 0x70, 0x72, 0x69
  .byte 0x6d, 0x61, 0x72, 0x79, 0x3a, 0x20, 0x76, 0x61, 0x72, 0x28, 0x2d, 0x2d, 0x73, 0x77, 0x61, 0x74
  .byte 0x63, 0x68, 0x2d, 0x62, 0x6c, 0x75, 0x65, 0x2d, 0x38, 0x30, 0x30, 0x29, 0x3b, 0x0a, 0x20, 0x20
  .byte 0x2d, 0x2d, 0x74, 0x65, 0x78, 0x74, 0x2d, 0x69, 0x6e, 0x66, 0x6f, 0x2d, 0x69, 0x6e, 0x76, 0x65
  .byte 0x72, 0x74, 0x65, 0x64, 0x3a, 0x20, 0x76, 0x61, 0x72, 0x28, 0x2d, 0x2d, 0x73, 0x77, 0x61, 0x74
  .byte 0x63, 0x68, 0x2d, 0x62, 0x6c, 0x75, 0x65, 0x2d, 0x31, 0x30, 0x30, 0x29, 0x3b, 0x0a, 0x0a, 0x20
  .byte 0x20, 0x2f, 0x2a, 0x20, 0x54, 0x65, 0x78, 0x74, 0x20, 0x2f, 0x20, 0x50, 0x69, 0x6e, 0x6b, 0x20
  .byte 0x2a, 0x2f, 0x0a, 0x20, 0x20, 0x2d, 0x2d, 0x74, 0x65, 0x78, 0x74, 0x2d, 0x70, 0x69, 0x6e, 0x6b
  .byte 0x2d, 0x70, 0x72, 0x69, 0x6d, 0x61, 0x72, 0x79, 0x3a, 0x20, 0x76, 0x61, 0x72, 0x28, 0x2d, 0x2d
  .byte 0x73, 0x77, 0x61, 0x74, 0x63, 0x68, 0x2d, 0x70, 0x69, 0x6e, 0x6b, 0x2d, 0x38, 0x30, 0x30, 0x29
  .byte 0x3b, 0x0a, 0x20, 0x20, 0x2d, 0x2d, 0x74, 0x65, 0x78, 0x74, 0x2d, 0x70, 0x69, 0x6e, 0x6b, 0x2d
  .byte 0x69, 0x6e, 0x76, 0x65, 0x72, 0x74, 0x65, 0x64, 0x3a, 0x20, 0x76, 0x61, 0x72, 0x28, 0x2d, 0x2d
  .byte 0x73, 0x77, 0x61, 0x74, 0x63, 0x68, 0x2d, 0x70, 0x69, 0x6e, 0x6b, 0x2d, 0x31, 0x30, 0x30, 0x29
  .byte 0x3b, 0x0a, 0x0a, 0x20, 0x20, 0x2f, 0x2a, 0x20, 0x54, 0x65, 0x78, 0x74, 0x20, 0x2f, 0x20, 0x50
  .byte 0x75, 0x72, 0x70, 0x6c, 0x65, 0x20, 0x2a, 0x2f, 0x0a, 0x20, 0x20, 0x2d, 0x2d, 0x74, 0x65, 0x78
  .byte 0x74, 0x2d, 0x70, 0x75, 0x72, 0x70, 0x6c, 0x65, 0x2d, 0x70, 0x72, 0x69, 0x6d, 0x61, 0x72, 0x79
  .byte 0x3a, 0x20, 0x76, 0x61, 0x72, 0x28, 0x2d, 0x2d, 0x73, 0x77, 0x61, 0x74, 0x63, 0x68, 0x2d, 0x70
  .byte 0x75, 0x72, 0x70, 0x6c, 0x65, 0x2d, 0x38, 0x30, 0x30, 0x29, 0x3b, 0x0a, 0x20, 0x20, 0x2d, 0x2d
  .byte 0x74, 0x65, 0x78, 0x74, 0x2d, 0x70, 0x75, 0x72, 0x70, 0x6c, 0x65, 0x2d, 0x69, 0x6e, 0x76, 0x65
  .byte 0x72, 0x74, 0x65, 0x64, 0x3a, 0x20, 0x76, 0x61, 0x72, 0x28, 0x2d, 0x2d, 0x73, 0x77, 0x61, 0x74
  .byte 0x63, 0x68, 0x2d, 0x70, 0x75, 0x72, 0x70, 0x6c, 0x65, 0x2d, 0x31, 0x30, 0x30, 0x29, 0x3b, 0x0a
  .byte 0x0a, 0x20, 0x20, 0x2f, 0x2a, 0x20, 0x49, 0x6e, 0x74, 0x65, 0x72, 0x61, 0x63, 0x74, 0x69, 0x76
  .byte 0x65, 0x20, 0x2f, 0x20, 0x42, 0x72, 0x61, 0x6e, 0x64, 0x20, 0x2a, 0x2f, 0x0a, 0x20, 0x20, 0x2d
  .byte 0x2d, 0x69, 0x6e, 0x74, 0x65, 0x72, 0x61, 0x63, 0x74, 0x69, 0x76, 0x65, 0x2d, 0x61, 0x63, 0x63
  .byte 0x65, 0x6e, 0x74, 0x2d, 0x64, 0x65, 0x66, 0x61, 0x75, 0x6c, 0x74, 0x3a, 0x20, 0x76, 0x61, 0x72
  .byte 0x28, 0x2d, 0x2d, 0x73, 0x77, 0x61, 0x74, 0x63, 0x68, 0x2d, 0x62, 0x6c, 0x61, 0x63, 0x6b, 0x29
  .byte 0x3b, 0x0a, 0x20, 0x20, 0x2d, 0x2d, 0x69, 0x6e, 0x74, 0x65, 0x72, 0x61, 0x63, 0x74, 0x69, 0x76
  .byte 0x65, 0x2d, 0x61, 0x63, 0x63, 0x65, 0x6e, 0x74, 0x2d, 0x68, 0x6f, 0x76, 0x65, 0x72, 0x3a, 0x20
  .byte 0x76, 0x61, 0x72, 0x28, 0x2d, 0x2d, 0x73, 0x77, 0x61, 0x74, 0x63, 0x68, 0x2d, 0x62, 0x6c, 0x61
  .byte 0x63, 0x6b, 0x2d, 0x61, 0x38, 0x30, 0x29, 0x3b, 0x0a, 0x20, 0x20, 0x2d, 0x2d, 0x69, 0x6e, 0x74
  .byte 0x65, 0x72, 0x61, 0x63, 0x74, 0x69, 0x76, 0x65, 0x2d, 0x61, 0x63, 0x63, 0x65, 0x6e, 0x74, 0x2d
  .byte 0x64, 0x69, 0x73, 0x61, 0x62, 0x6c, 0x65, 0x64, 0x3a, 0x20, 0x76, 0x61, 0x72, 0x28, 0x2d, 0x2d
  .byte 0x73, 0x77, 0x61, 0x74, 0x63, 0x68, 0x2d, 0x62, 0x6c, 0x61, 0x63, 0x6b, 0x2d, 0x61, 0x34, 0x30
  .byte 0x29, 0x3b, 0x0a, 0x20, 0x20, 0x2d, 0x2d, 0x69, 0x6e, 0x74, 0x65, 0x72, 0x61, 0x63, 0x74, 0x69
  .byte 0x76, 0x65, 0x2d, 0x61, 0x63, 0x63, 0x65, 0x6e, 0x74, 0x2d, 0x70, 0x72, 0x65, 0x73, 0x73, 0x65
  .byte 0x64, 0x3a, 0x20, 0x76, 0x61, 0x72, 0x28, 0x2d, 0x2d, 0x73, 0x77, 0x61, 0x74, 0x63, 0x68, 0x2d
  .byte 0x62, 0x6c, 0x61, 0x63, 0x6b, 0x29, 0x3b, 0x0a, 0x0a, 0x20, 0x20, 0x2f, 0x2a, 0x20, 0x49, 0x6e
  .byte 0x74, 0x65, 0x72, 0x61, 0x63, 0x74, 0x69, 0x76, 0x65, 0x20, 0x2f, 0x20, 0x44, 0x65, 0x73, 0x74
  .byte 0x72, 0x75, 0x63, 0x74, 0x69, 0x76, 0x65, 0x20, 0x2a, 0x2f, 0x0a, 0x20, 0x20, 0x2d, 0x2d, 0x69
  .byte 0x6e, 0x74, 0x65, 0x72, 0x61, 0x63, 0x74, 0x69, 0x76, 0x65, 0x2d, 0x64, 0x65, 0x73, 0x74, 0x72
  .byte 0x75, 0x63, 0x74, 0x69, 0x76, 0x65, 0x2d, 0x64, 0x65, 0x66, 0x61, 0x75, 0x6c, 0x74, 0x3a, 0x20
  .byte 0x76, 0x61, 0x72, 0x28, 0x2d, 0x2d, 0x73, 0x77, 0x61, 0x74, 0x63, 0x68, 0x2d, 0x72, 0x65, 0x64
  .byte 0x2d, 0x36, 0x30, 0x30, 0x2d, 0x61, 0x30, 0x32, 0x29, 0x3b, 0x0a, 0x20, 0x20, 0x2d, 0x2d, 0x69
  .byte 0x6e, 0x74, 0x65, 0x72, 0x61, 0x63, 0x74, 0x69, 0x76, 0x65, 0x2d, 0x64, 0x65, 0x73, 0x74, 0x72
  .byte 0x75, 0x63, 0x74, 0x69, 0x76, 0x65, 0x2d, 0x68, 0x6f, 0x76, 0x65, 0x72, 0x3a, 0x20, 0x76, 0x61
  .byte 0x72, 0x28, 0x2d, 0x2d, 0x73, 0x77, 0x61, 0x74, 0x63, 0x68, 0x2d, 0x72, 0x65, 0x64, 0x2d, 0x36
  .byte 0x30, 0x30, 0x2d, 0x61, 0x30, 0x38, 0x29, 0x3b, 0x0a, 0x20, 0x20, 0x2d, 0x2d, 0x69, 0x6e, 0x74
  .byte 0x65, 0x72, 0x61, 0x63, 0x74, 0x69, 0x76, 0x65, 0x2d, 0x64, 0x65, 0x73, 0x74, 0x72, 0x75, 0x63
  .byte 0x74, 0x69, 0x76, 0x65, 0x2d, 0x64, 0x69, 0x73, 0x61, 0x62, 0x6c, 0x65, 0x64, 0x3a, 0x20, 0x76
  .byte 0x61, 0x72, 0x28, 0x2d, 0x2d, 0x73, 0x77, 0x61, 0x74, 0x63, 0x68, 0x2d, 0x72, 0x65, 0x64, 0x2d
  .byte 0x36, 0x30, 0x30, 0x2d, 0x61, 0x30, 0x32, 0x29, 0x3b, 0x0a, 0x20, 0x20, 0x2d, 0x2d, 0x69, 0x6e
  .byte 0x74, 0x65, 0x72, 0x61, 0x63, 0x74, 0x69, 0x76, 0x65, 0x2d, 0x64, 0x65, 0x73, 0x74, 0x72, 0x75
  .byte 0x63, 0x74, 0x69, 0x76, 0x65, 0x2d, 0x70, 0x72, 0x65, 0x73, 0x73, 0x65, 0x64, 0x3a, 0x20, 0x76
  .byte 0x61, 0x72, 0x28, 0x2d, 0x2d, 0x73, 0x77, 0x61, 0x74, 0x63, 0x68, 0x2d, 0x72, 0x65, 0x64, 0x2d
  .byte 0x36, 0x30, 0x30, 0x2d, 0x61, 0x31, 0x30, 0x29, 0x3b, 0x0a, 0x0a, 0x20, 0x20, 0x2f, 0x2a, 0x20
  .byte 0x49, 0x6e, 0x74, 0x65, 0x72, 0x61, 0x63, 0x74, 0x69, 0x76, 0x65, 0x20, 0x2f, 0x20, 0x44, 0x65
  .byte 0x73, 0x74, 0x72, 0x75, 0x63, 0x74, 0x69, 0x76, 0x65, 0x20, 0x2f, 0x20, 0x41, 0x63, 0x63, 0x65
  .byte 0x6e, 0x74, 0x20, 0x2a, 0x2f, 0x0a, 0x20, 0x20, 0x2d, 0x2d, 0x69, 0x6e, 0x74, 0x65, 0x72, 0x61
  .byte 0x63, 0x74, 0x69, 0x76, 0x65, 0x2d, 0x64, 0x65, 0x73, 0x74, 0x72, 0x75, 0x63, 0x74, 0x69, 0x76
  .byte 0x65, 0x2d, 0x61, 0x63, 0x63, 0x65, 0x6e, 0x74, 0x2d, 0x64, 0x65, 0x66, 0x61, 0x75, 0x6c, 0x74
  .byte 0x3a, 0x20, 0x76, 0x61, 0x72, 0x28, 0x2d, 0x2d, 0x73, 0x77, 0x61, 0x74, 0x63, 0x68, 0x2d, 0x72
  .byte 0x65, 0x64, 0x2d, 0x36, 0x30, 0x30, 0x29, 0x3b, 0x0a, 0x20, 0x20, 0x2d, 0x2d, 0x69, 0x6e, 0x74
  .byte 0x65, 0x72, 0x61, 0x63, 0x74, 0x69, 0x76, 0x65, 0x2d, 0x64, 0x65, 0x73, 0x74, 0x72, 0x75, 0x63
  .byte 0x74, 0x69, 0x76, 0x65, 0x2d, 0x61, 0x63, 0x63, 0x65, 0x6e, 0x74, 0x2d, 0x68, 0x6f, 0x76, 0x65
  .byte 0x72, 0x3a, 0x20, 0x76, 0x61, 0x72, 0x28, 0x2d, 0x2d, 0x73, 0x77, 0x61, 0x74, 0x63, 0x68, 0x2d
  .byte 0x72, 0x65, 0x64, 0x2d, 0x35, 0x30, 0x30, 0x29, 0x3b, 0x0a, 0x20, 0x20, 0x2d, 0x2d, 0x69, 0x6e
  .byte 0x74, 0x65, 0x72, 0x61, 0x63, 0x74, 0x69, 0x76, 0x65, 0x2d, 0x64, 0x65, 0x73, 0x74, 0x72, 0x75
  .byte 0x63, 0x74, 0x69, 0x76, 0x65, 0x2d, 0x61, 0x63, 0x63, 0x65, 0x6e, 0x74, 0x2d, 0x70, 0x72, 0x65
  .byte 0x73, 0x73, 0x65, 0x64, 0x3a, 0x20, 0x76, 0x61, 0x72, 0x28, 0x2d, 0x2d, 0x73, 0x77, 0x61, 0x74
  .byte 0x63, 0x68, 0x2d, 0x72, 0x65, 0x64, 0x2d, 0x37, 0x30, 0x30, 0x29, 0x3b, 0x0a, 0x20, 0x20, 0x2d
  .byte 0x2d, 0x69, 0x6e, 0x74, 0x65, 0x72, 0x61, 0x63, 0x74, 0x69, 0x76, 0x65, 0x2d, 0x64, 0x65, 0x73
  .byte 0x74, 0x72, 0x75, 0x63, 0x74, 0x69, 0x76, 0x65, 0x2d, 0x61, 0x63, 0x63, 0x65, 0x6e, 0x74, 0x2d
  .byte 0x64, 0x69, 0x73, 0x61, 0x62, 0x6c, 0x65, 0x64, 0x3a, 0x20, 0x76, 0x61, 0x72, 0x28, 0x2d, 0x2d
  .byte 0x73, 0x77, 0x61, 0x74, 0x63, 0x68, 0x2d, 0x72, 0x65, 0x64, 0x2d, 0x36, 0x30, 0x30, 0x2d, 0x61
  .byte 0x34, 0x30, 0x29, 0x3b, 0x0a, 0x0a, 0x20, 0x20, 0x2f, 0x2a, 0x20, 0x42, 0x6f, 0x72, 0x64, 0x65
  .byte 0x72, 0x20, 0x2a, 0x2f, 0x0a, 0x20, 0x20, 0x2d, 0x2d, 0x62, 0x6f, 0x72, 0x64, 0x65, 0x72, 0x2d
  .byte 0x64, 0x65, 0x66, 0x61, 0x75, 0x6c, 0x74, 0x3a, 0x20, 0x76, 0x61, 0x72, 0x28, 0x2d, 0x2d, 0x73
  .byte 0x77, 0x61, 0x74, 0x63, 0x68, 0x2d, 0x62, 0x6c, 0x61, 0x63, 0x6b, 0x2d, 0x61, 0x30, 0x36, 0x29
  .byte 0x3b, 0x0a, 0x20, 0x20, 0x2d, 0x2d, 0x62, 0x6f, 0x72, 0x64, 0x65, 0x72, 0x2d, 0x69, 0x6e, 0x74
  .byte 0x65, 0x72, 0x61, 0x63, 0x74, 0x69, 0x76, 0x65, 0x3a, 0x20, 0x76, 0x61, 0x72, 0x28, 0x2d, 0x2d
  .byte 0x73, 0x77, 0x61, 0x74, 0x63, 0x68, 0x2d, 0x62, 0x6c, 0x61, 0x63, 0x6b, 0x2d, 0x61, 0x31, 0x30
  .byte 0x29, 0x3b, 0x0a, 0x20, 0x20, 0x2d, 0x2d, 0x62, 0x6f, 0x72, 0x64, 0x65, 0x72, 0x2d, 0x69, 0x6e
  .byte 0x74, 0x65, 0x72, 0x61, 0x63, 0x74, 0x69, 0x76, 0x65, 0x2d, 0x65, 0x6d, 0x70, 0x68, 0x61, 0x73
  .byte 0x69, 0x73, 0x3a, 0x20, 0x76, 0x61, 0x72, 0x28, 0x2d, 0x2d, 0x73, 0x77, 0x61, 0x74, 0x63, 0x68
  .byte 0x2d, 0x62, 0x6c, 0x61, 0x63, 0x6b, 0x2d, 0x61, 0x33, 0x30, 0x29, 0x3b, 0x0a, 0x20, 0x20, 0x2d
  .byte 0x2d, 0x62, 0x6f, 0x72, 0x64, 0x65, 0x72, 0x2d, 0x69, 0x6e, 0x74, 0x65, 0x72, 0x61, 0x63, 0x74
  .byte 0x69, 0x76, 0x65, 0x2d, 0x73, 0x65, 0x6c, 0x65, 0x63, 0x74, 0x65, 0x64, 0x3a, 0x20, 0x76, 0x61
  .byte 0x72, 0x28, 0x2d, 0x2d, 0x73, 0x77, 0x61, 0x74, 0x63, 0x68, 0x2d, 0x6e, 0x65, 0x75, 0x74, 0x72
  .byte 0x61, 0x6c, 0x2d, 0x39, 0x35, 0x30, 0x29, 0x3b, 0x0a, 0x20, 0x20, 0x2d, 0x2d, 0x62, 0x6f, 0x72
  .byte 0x64, 0x65, 0x72, 0x2d, 0x61, 0x63, 0x63, 0x65, 0x6e, 0x74, 0x3a, 0x20, 0x76, 0x61, 0x72, 0x28
  .byte 0x2d, 0x2d, 0x73, 0x77, 0x61, 0x74, 0x63, 0x68, 0x2d, 0x77, 0x68, 0x69, 0x74, 0x65, 0x2d, 0x61
  .byte 0x30, 0x38, 0x29, 0x3b, 0x0a, 0x20, 0x20, 0x2d, 0x2d, 0x62, 0x6f, 0x72, 0x64, 0x65, 0x72, 0x2d
  .byte 0x61, 0x63, 0x63, 0x65, 0x6e, 0x74, 0x2d, 0x65, 0x6d, 0x70, 0x68, 0x61, 0x73, 0x69, 0x73, 0x3a
  .byte 0x20, 0x76, 0x61, 0x72, 0x28, 0x2d, 0x2d, 0x73, 0x77, 0x61, 0x74, 0x63, 0x68, 0x2d, 0x77, 0x68
  .byte 0x69, 0x74, 0x65, 0x2d, 0x61, 0x33, 0x30, 0x29, 0x3b, 0x0a, 0x20, 0x20, 0x2d, 0x2d, 0x62, 0x6f
  .byte 0x72, 0x64, 0x65, 0x72, 0x2d, 0x61, 0x63, 0x63, 0x65, 0x6e, 0x74, 0x2d, 0x73, 0x65, 0x6c, 0x65
  .byte 0x63, 0x74, 0x65, 0x64, 0x3a, 0x20, 0x76, 0x61, 0x72, 0x28, 0x2d, 0x2d, 0x73, 0x77, 0x61, 0x74
  .byte 0x63, 0x68, 0x2d, 0x77, 0x68, 0x69, 0x74, 0x65, 0x29, 0x3b, 0x0a, 0x20, 0x20, 0x2d, 0x2d, 0x62
  .byte 0x6f, 0x72, 0x64, 0x65, 0x72, 0x2d, 0x69, 0x6e, 0x66, 0x6f, 0x3a, 0x20, 0x76, 0x61, 0x72, 0x28
  .byte 0x2d, 0x2d, 0x73, 0x77, 0x61, 0x74, 0x63, 0x68, 0x2d, 0x62, 0x6c, 0x75, 0x65, 0x2d, 0x35, 0x30
  .byte 0x30, 0x2d, 0x61, 0x30, 0x38, 0x29, 0x3b, 0x0a, 0x20, 0x20, 0x2d, 0x2d, 0x62, 0x6f, 0x72, 0x64
  .byte 0x65, 0x72, 0x2d, 0x69, 0x6e, 0x66, 0x6f, 0x2d, 0x65, 0x6d, 0x70, 0x68, 0x61, 0x73, 0x69, 0x73
  .byte 0x3a, 0x20, 0x76, 0x61, 0x72, 0x28, 0x2d, 0x2d, 0x73, 0x77, 0x61, 0x74, 0x63, 0x68, 0x2d, 0x62
  .byte 0x6c, 0x75, 0x65, 0x2d, 0x36, 0x30, 0x30, 0x29, 0x3b, 0x0a, 0x20, 0x20, 0x2d, 0x2d, 0x62, 0x6f
  .byte 0x72, 0x64, 0x65, 0x72, 0x2d, 0x61, 0x6c, 0x65, 0x72, 0x74, 0x3a, 0x20, 0x76, 0x61, 0x72, 0x28
  .byte 0x2d, 0x2d, 0x73, 0x77, 0x61, 0x74, 0x63, 0x68, 0x2d, 0x79, 0x65, 0x6c, 0x6c, 0x6f, 0x77, 0x2d
  .byte 0x34, 0x30, 0x30, 0x2d, 0x61, 0x30, 0x38, 0x29, 0x3b, 0x0a, 0x20, 0x20, 0x2d, 0x2d, 0x62, 0x6f
  .byte 0x72, 0x64, 0x65, 0x72, 0x2d, 0x61, 0x6c, 0x65, 0x72, 0x74, 0x2d, 0x65, 0x6d, 0x70, 0x68, 0x61
  .byte 0x73, 0x69, 0x73, 0x3a, 0x20, 0x76, 0x61, 0x72, 0x28, 0x2d, 0x2d, 0x73, 0x77, 0x61, 0x74, 0x63
  .byte 0x68, 0x2d, 0x79, 0x65, 0x6c, 0x6c, 0x6f, 0x77, 0x2d, 0x36, 0x30, 0x30, 0x29, 0x3b, 0x0a, 0x20
  .byte 0x20, 0x2d, 0x2d, 0x62, 0x6f, 0x72, 0x64, 0x65, 0x72, 0x2d, 0x73, 0x75, 0x63, 0x63, 0x65, 0x73
  .byte 0x73, 0x3a, 0x20, 0x76, 0x61, 0x72, 0x28, 0x2d, 0x2d, 0x73, 0x77, 0x61, 0x74, 0x63, 0x68, 0x2d
  .byte 0x67, 0x72, 0x65, 0x65, 0x6e, 0x2d, 0x36, 0x30, 0x30, 0x2d, 0x61, 0x30, 0x38, 0x29, 0x3b, 0x0a
  .byte 0x20, 0x20, 0x2d, 0x2d, 0x62, 0x6f, 0x72, 0x64, 0x65, 0x72, 0x2d, 0x73, 0x75, 0x63, 0x63, 0x65
  .byte 0x73, 0x73, 0x2d, 0x65, 0x6d, 0x70, 0x68, 0x61, 0x73, 0x69, 0x73, 0x3a, 0x20, 0x76, 0x61, 0x72
  .byte 0x28, 0x2d, 0x2d, 0x73, 0x77, 0x61, 0x74, 0x63, 0x68, 0x2d, 0x67, 0x72, 0x65, 0x65, 0x6e, 0x2d
  .byte 0x36, 0x30, 0x30, 0x29, 0x3b, 0x0a, 0x20, 0x20, 0x2d, 0x2d, 0x62, 0x6f, 0x72, 0x64, 0x65, 0x72
  .byte 0x2d, 0x64, 0x61, 0x6e, 0x67, 0x65, 0x72, 0x3a, 0x20, 0x76, 0x61, 0x72, 0x28, 0x2d, 0x2d, 0x73
  .byte 0x77, 0x61, 0x74, 0x63, 0x68, 0x2d, 0x72, 0x65, 0x64, 0x2d, 0x36, 0x30, 0x30, 0x2d, 0x61, 0x30
  .byte 0x38, 0x29, 0x3b, 0x0a, 0x20, 0x20, 0x2d, 0x2d, 0x62, 0x6f, 0x72, 0x64, 0x65, 0x72, 0x2d, 0x64
  .byte 0x61, 0x6e, 0x67, 0x65, 0x72, 0x2d, 0x65, 0x6d, 0x70, 0x68, 0x61, 0x73, 0x69, 0x73, 0x3a, 0x20
  .byte 0x76, 0x61, 0x72, 0x28, 0x2d, 0x2d, 0x73, 0x77, 0x61, 0x74, 0x63, 0x68, 0x2d, 0x72, 0x65, 0x64
  .byte 0x2d, 0x36, 0x30, 0x30, 0x29, 0x3b, 0x0a, 0x7d, 0x0a, 0x0a, 0x3a, 0x72, 0x6f, 0x6f, 0x74, 0x5b
  .byte 0x64, 0x61, 0x74, 0x61, 0x2d, 0x74, 0x68, 0x65, 0x6d, 0x65, 0x3d, 0x22, 0x64, 0x61, 0x72, 0x6b
  .byte 0x22, 0x5d, 0x20, 0x7b, 0x0a, 0x20, 0x20, 0x2f, 0x2a, 0x20, 0x53, 0x75, 0x72, 0x66, 0x61, 0x63
  .byte 0x65, 0x20, 0x63, 0x6f, 0x6c, 0x6f, 0x72, 0x73, 0x20, 0x2a, 0x2f, 0x0a, 0x20, 0x20, 0x2d, 0x2d
  .byte 0x62, 0x61, 0x63, 0x6b, 0x67, 0x72, 0x6f, 0x75, 0x6e, 0x64, 0x3a, 0x20, 0x23, 0x30, 0x62, 0x30
  .byte 0x62, 0x30, 0x66, 0x3b, 0x0a, 0x20, 0x20, 0x2d, 0x2d, 0x66, 0x6f, 0x72, 0x65, 0x67, 0x72, 0x6f
  .byte 0x75, 0x6e, 0x64, 0x3a, 0x20, 0x76, 0x61, 0x72, 0x28, 0x2d, 0x2d, 0x73, 0x77, 0x61, 0x74, 0x63
  .byte 0x68, 0x2d, 0x6e, 0x65, 0x75, 0x74, 0x72, 0x61, 0x6c, 0x2d, 0x38, 0x30, 0x30, 0x29, 0x3b, 0x0a
  .byte 0x20, 0x20, 0x2d, 0x2d, 0x70, 0x6f, 0x70, 0x6f, 0x76, 0x65, 0x72, 0x2d, 0x62, 0x61, 0x63, 0x6b
  .byte 0x67, 0x72, 0x6f, 0x75, 0x6e, 0x64, 0x3a, 0x20, 0x76, 0x61, 0x72, 0x28, 0x2d, 0x2d, 0x73, 0x77
  .byte 0x61, 0x74, 0x63, 0x68, 0x2d, 0x6e, 0x65, 0x75, 0x74, 0x72, 0x61, 0x6c, 0x2d, 0x38, 0x30, 0x30
  .byte 0x29, 0x3b, 0x0a, 0x20, 0x20, 0x2d, 0x2d, 0x73, 0x75, 0x6e, 0x6b, 0x2d, 0x6c, 0x69, 0x67, 0x68
  .byte 0x74, 0x3a, 0x20, 0x76, 0x61, 0x72, 0x28, 0x2d, 0x2d, 0x73, 0x77, 0x61, 0x74, 0x63, 0x68, 0x2d
  .byte 0x77, 0x68, 0x69, 0x74, 0x65, 0x2d, 0x61, 0x30, 0x32, 0x29, 0x3b, 0x0a, 0x20, 0x20, 0x2d, 0x2d
  .byte 0x73, 0x75, 0x6e, 0x6b, 0x3a, 0x20, 0x76, 0x61, 0x72, 0x28, 0x2d, 0x2d, 0x73, 0x77, 0x61, 0x74
  .byte 0x63, 0x68, 0x2d, 0x77, 0x68, 0x69, 0x74, 0x65, 0x2d, 0x61, 0x30, 0x34, 0x29, 0x3b, 0x0a, 0x20
  .byte 0x20, 0x2d, 0x2d, 0x73, 0x75, 0x6e, 0x6b, 0x2d, 0x64, 0x65, 0x65, 0x70, 0x3a, 0x20, 0x76, 0x61
  .byte 0x72, 0x28, 0x2d, 0x2d, 0x73, 0x77, 0x61, 0x74, 0x63, 0x68, 0x2d, 0x77, 0x68, 0x69, 0x74, 0x65
  .byte 0x2d, 0x61, 0x30, 0x38, 0x29, 0x3b, 0x0a, 0x20, 0x20, 0x2d, 0x2d, 0x65, 0x6c, 0x65, 0x76, 0x61
  .byte 0x74, 0x65, 0x64, 0x2d, 0x6c, 0x69, 0x67, 0x68, 0x74, 0x3a, 0x20, 0x76, 0x61, 0x72, 0x28, 0x2d
  .byte 0x2d, 0x73, 0x77, 0x61, 0x74, 0x63, 0x68, 0x2d, 0x77, 0x68, 0x69, 0x74, 0x65, 0x2d, 0x61, 0x30
  .byte 0x34, 0x29, 0x3b, 0x0a, 0x20, 0x20, 0x2d, 0x2d, 0x65, 0x6c, 0x65, 0x76, 0x61, 0x74, 0x65, 0x64
  .byte 0x3a, 0x20, 0x76, 0x61, 0x72, 0x28, 0x2d, 0x2d, 0x73, 0x77, 0x61, 0x74, 0x63, 0x68, 0x2d, 0x77
  .byte 0x68, 0x69, 0x74, 0x65, 0x2d, 0x61, 0x30, 0x38, 0x29, 0x3b, 0x0a, 0x20, 0x20, 0x2d, 0x2d, 0x65
  .byte 0x6c, 0x65, 0x76, 0x61, 0x74, 0x65, 0x64, 0x2d, 0x73, 0x74, 0x72, 0x6f, 0x6e, 0x67, 0x3a, 0x20
  .byte 0x76, 0x61, 0x72, 0x28, 0x2d, 0x2d, 0x73, 0x77, 0x61, 0x74, 0x63, 0x68, 0x2d, 0x77, 0x68, 0x69
  .byte 0x74, 0x65, 0x2d, 0x61, 0x31, 0x36, 0x29, 0x3b, 0x0a, 0x20, 0x20, 0x2d, 0x2d, 0x65, 0x6c, 0x65
  .byte 0x76, 0x61, 0x74, 0x65, 0x64, 0x2d, 0x69, 0x6e, 0x74, 0x65, 0x6e, 0x73, 0x65, 0x3a, 0x20, 0x76
  .byte 0x61, 0x72, 0x28, 0x2d, 0x2d, 0x73, 0x77, 0x61, 0x74, 0x63, 0x68, 0x2d, 0x77, 0x68, 0x69, 0x74
  .byte 0x65, 0x2d, 0x61, 0x33, 0x32, 0x29, 0x3b, 0x0a, 0x20, 0x20, 0x2d, 0x2d, 0x6f, 0x76, 0x65, 0x72
  .byte 0x6c, 0x61, 0x79, 0x3a, 0x20, 0x76, 0x61, 0x72, 0x28, 0x2d, 0x2d, 0x73, 0x77, 0x61, 0x74, 0x63
  .byte 0x68, 0x2d, 0x62, 0x6c, 0x61, 0x63, 0x6b, 0x2d, 0x61, 0x35, 0x30, 0x29, 0x3b, 0x0a, 0x20, 0x20
  .byte 0x2d, 0x2d, 0x68, 0x69, 0x67, 0x68, 0x6c, 0x69, 0x67, 0x68, 0x74, 0x2d, 0x73, 0x75, 0x62, 0x74
  .byte 0x6c, 0x65, 0x3a, 0x20, 0x76, 0x61, 0x72, 0x28, 0x2d, 0x2d, 0x73, 0x77, 0x61, 0x74, 0x63, 0x68
  .byte 0x2d, 0x77, 0x68, 0x69, 0x74, 0x65, 0x2d, 0x61, 0x30, 0x34, 0x29, 0x3b, 0x0a, 0x20, 0x20, 0x2d
  .byte 0x2d, 0x68, 0x69, 0x67, 0x68, 0x6c, 0x69, 0x67, 0x68, 0x74, 0x3a, 0x20, 0x76, 0x61, 0x72, 0x28
  .byte 0x2d, 0x2d, 0x73, 0x77, 0x61, 0x74, 0x63, 0x68, 0x2d, 0x77, 0x68, 0x69, 0x74, 0x65, 0x2d, 0x61
  .byte 0x30, 0x38, 0x29, 0x3b, 0x0a, 0x20, 0x20, 0x2d, 0x2d, 0x68, 0x69, 0x67, 0x68, 0x6c, 0x69, 0x67
  .byte 0x68, 0x74, 0x2d, 0x73, 0x74, 0x72, 0x6f, 0x6e, 0x67, 0x3a, 0x20, 0x76, 0x61, 0x72, 0x28, 0x2d
  .byte 0x2d, 0x73, 0x77, 0x61, 0x74, 0x63, 0x68, 0x2d, 0x77, 0x68, 0x69, 0x74, 0x65, 0x2d, 0x61, 0x31
  .byte 0x36, 0x29, 0x3b, 0x0a, 0x20, 0x20, 0x2d, 0x2d, 0x68, 0x69, 0x67, 0x68, 0x6c, 0x69, 0x67, 0x68
  .byte 0x74, 0x2d, 0x69, 0x6e, 0x74, 0x65, 0x6e, 0x73, 0x65, 0x3a, 0x20, 0x76, 0x61, 0x72, 0x28, 0x2d
  .byte 0x2d, 0x73, 0x77, 0x61, 0x74, 0x63, 0x68, 0x2d, 0x77, 0x68, 0x69, 0x74, 0x65, 0x2d, 0x61, 0x33
  .byte 0x30, 0x29, 0x3b, 0x0a, 0x20, 0x20, 0x2d, 0x2d, 0x69, 0x6e, 0x76, 0x65, 0x72, 0x74, 0x65, 0x64
  .byte 0x2d, 0x62, 0x61, 0x63, 0x6b, 0x67, 0x72, 0x6f, 0x75, 0x6e, 0x64, 0x3a, 0x20, 0x76, 0x61, 0x72
  .byte 0x28, 0x2d, 0x2d, 0x73, 0x77, 0x61, 0x74, 0x63, 0x68, 0x2d, 0x6e, 0x65, 0x75, 0x74, 0x72, 0x61
  .byte 0x6c, 0x2d, 0x35, 0x30, 0x29, 0x3b, 0x0a, 0x20, 0x20, 0x2d, 0x2d, 0x69, 0x6e, 0x66, 0x6f, 0x2d
  .byte 0x62, 0x61, 0x63, 0x6b, 0x67, 0x72, 0x6f, 0x75, 0x6e, 0x64, 0x3a, 0x20, 0x76, 0x61, 0x72, 0x28
  .byte 0x2d, 0x2d, 0x73, 0x77, 0x61, 0x74, 0x63, 0x68, 0x2d, 0x62, 0x6c, 0x75, 0x65, 0x2d, 0x35, 0x30
  .byte 0x30, 0x29, 0x3b, 0x0a, 0x20, 0x20, 0x2d, 0x2d, 0x73, 0x75, 0x63, 0x63, 0x65, 0x73, 0x73, 0x2d
  .byte 0x62, 0x61, 0x63, 0x6b, 0x67, 0x72, 0x6f, 0x75, 0x6e, 0x64, 0x3a, 0x20, 0x76, 0x61, 0x72, 0x28
  .byte 0x2d, 0x2d, 0x73, 0x77, 0x61, 0x74, 0x63, 0x68, 0x2d, 0x67, 0x72, 0x65, 0x65, 0x6e, 0x2d, 0x36
  .byte 0x30, 0x30, 0x29, 0x3b, 0x0a, 0x20, 0x20, 0x2d, 0x2d, 0x61, 0x6c, 0x65, 0x72, 0x74, 0x2d, 0x62
  .byte 0x61, 0x63, 0x6b, 0x67, 0x72, 0x6f, 0x75, 0x6e, 0x64, 0x3a, 0x20, 0x76, 0x61, 0x72, 0x28, 0x2d
  .byte 0x2d, 0x73, 0x77, 0x61, 0x74, 0x63, 0x68, 0x2d, 0x79, 0x65, 0x6c, 0x6c, 0x6f, 0x77, 0x2d, 0x34
  .byte 0x30, 0x30, 0x29, 0x3b, 0x0a, 0x20, 0x20, 0x2d, 0x2d, 0x64, 0x61, 0x6e, 0x67, 0x65, 0x72, 0x2d
  .byte 0x62, 0x61, 0x63, 0x6b, 0x67, 0x72, 0x6f, 0x75, 0x6e, 0x64, 0x3a, 0x20, 0x76, 0x61, 0x72, 0x28
  .byte 0x2d, 0x2d, 0x73, 0x77, 0x61, 0x74, 0x63, 0x68, 0x2d, 0x72, 0x65, 0x64, 0x2d, 0x36, 0x30, 0x30
  .byte 0x29, 0x3b, 0x0a, 0x20, 0x20, 0x2d, 0x2d, 0x70, 0x75, 0x72, 0x70, 0x6c, 0x65, 0x2d, 0x62, 0x61
  .byte 0x63, 0x6b, 0x67, 0x72, 0x6f, 0x75, 0x6e, 0x64, 0x3a, 0x20, 0x76, 0x61, 0x72, 0x28, 0x2d, 0x2d
  .byte 0x73, 0x77, 0x61, 0x74, 0x63, 0x68, 0x2d, 0x70, 0x75, 0x72, 0x70, 0x6c, 0x65, 0x2d, 0x35, 0x30
  .byte 0x30, 0x29, 0x3b, 0x0a, 0x20, 0x20, 0x2d, 0x2d, 0x70, 0x69, 0x6e, 0x6b, 0x2d, 0x62, 0x61, 0x63
  .byte 0x6b, 0x67, 0x72, 0x6f, 0x75, 0x6e, 0x64, 0x3a, 0x20, 0x76, 0x61, 0x72, 0x28, 0x2d, 0x2d, 0x73
  .byte 0x77, 0x61, 0x74, 0x63, 0x68, 0x2d, 0x70, 0x69, 0x6e, 0x6b, 0x2d, 0x35, 0x30, 0x30, 0x29, 0x3b
  .byte 0x0a, 0x0a, 0x20, 0x20, 0x2f, 0x2a, 0x20, 0x54, 0x65, 0x78, 0x74, 0x20, 0x2f, 0x20, 0x4e, 0x65
  .byte 0x75, 0x74, 0x72, 0x61, 0x6c, 0x20, 0x2a, 0x2f, 0x0a, 0x20, 0x20, 0x2d, 0x2d, 0x74, 0x65, 0x78
  .byte 0x74, 0x2d, 0x6e, 0x65, 0x75, 0x74, 0x72, 0x61, 0x6c, 0x2d, 0x70, 0x72, 0x69, 0x6d, 0x61, 0x72
  .byte 0x79, 0x3a, 0x20, 0x23, 0x65, 0x32, 0x65, 0x31, 0x65, 0x36, 0x3b, 0x0a, 0x20, 0x20, 0x2d, 0x2d
  .byte 0x74, 0x65, 0x78, 0x74, 0x2d, 0x6e, 0x65, 0x75, 0x74, 0x72, 0x61, 0x6c, 0x2d, 0x73, 0x65, 0x63
  .byte 0x6f, 0x6e, 0x64, 0x61, 0x72, 0x79, 0x3a, 0x20, 0x76, 0x61, 0x72, 0x28, 0x2d, 0x2d, 0x73, 0x77
  .byte 0x61, 0x74, 0x63, 0x68, 0x2d, 0x77, 0x68, 0x69, 0x74, 0x65, 0x2d, 0x61, 0x35, 0x30, 0x29, 0x3b
  .byte 0x0a, 0x20, 0x20, 0x2d, 0x2d, 0x74, 0x65, 0x78, 0x74, 0x2d, 0x6e, 0x65, 0x75, 0x74, 0x72, 0x61
  .byte 0x6c, 0x2d, 0x74, 0x65, 0x72, 0x74, 0x69, 0x61, 0x72, 0x79, 0x3a, 0x20, 0x76, 0x61, 0x72, 0x28
  .byte 0x2d, 0x2d, 0x73, 0x77, 0x61, 0x74, 0x63, 0x68, 0x2d, 0x77, 0x68, 0x69, 0x74, 0x65, 0x2d, 0x61
  .byte 0x32, 0x30, 0x29, 0x3b, 0x0a, 0x20, 0x20, 0x2d, 0x2d, 0x74, 0x65, 0x78, 0x74, 0x2d, 0x6e, 0x65
  .byte 0x75, 0x74, 0x72, 0x61, 0x6c, 0x2d, 0x6c, 0x69, 0x6e, 0x6b, 0x3a, 0x20, 0x23, 0x65, 0x32, 0x65
  .byte 0x31, 0x65, 0x36, 0x3b, 0x0a, 0x0a, 0x20, 0x20, 0x2d, 0x2d, 0x74, 0x65, 0x78, 0x74, 0x2d, 0x62
  .byte 0x72, 0x61, 0x6e, 0x64, 0x3a, 0x20, 0x23, 0x65, 0x32, 0x65, 0x31, 0x65, 0x36, 0x3b, 0x0a, 0x0a
  .byte 0x20, 0x20, 0x2d, 0x2d, 0x74, 0x65, 0x78, 0x74, 0x2d, 0x77, 0x68, 0x69, 0x74, 0x65, 0x3a, 0x20
  .byte 0x76, 0x61, 0x72, 0x28, 0x2d, 0x2d, 0x73, 0x77, 0x61, 0x74, 0x63, 0x68, 0x2d, 0x77, 0x68, 0x69
  .byte 0x74, 0x65, 0x29, 0x3b, 0x0a, 0x20, 0x20, 0x2d, 0x2d, 0x74, 0x65, 0x78, 0x74, 0x2d, 0x62, 0x6c
  .byte 0x61, 0x63, 0x6b, 0x3a, 0x20, 0x76, 0x61, 0x72, 0x28, 0x2d, 0x2d, 0x73, 0x77, 0x61, 0x74, 0x63
  .byte 0x68, 0x2d, 0x62, 0x6c, 0x61, 0x63, 0x6b, 0x29, 0x3b, 0x0a, 0x0a, 0x20, 0x20, 0x2f, 0x2a, 0x20
  .byte 0x54, 0x65, 0x78, 0x74, 0x20, 0x2f, 0x20, 0x41, 0x63, 0x63, 0x65, 0x6e, 0x74, 0x20, 0x2a, 0x2f
  .byte 0x0a, 0x20, 0x20, 0x2d, 0x2d, 0x74, 0x65, 0x78, 0x74, 0x2d, 0x61, 0x63, 0x63, 0x65, 0x6e, 0x74
  .byte 0x2d, 0x70, 0x72, 0x69, 0x6d, 0x61, 0x72, 0x79, 0x3a, 0x20, 0x76, 0x61, 0x72, 0x28, 0x2d, 0x2d
  .byte 0x73, 0x77, 0x61, 0x74, 0x63, 0x68, 0x2d, 0x62, 0x6c, 0x61, 0x63, 0x6b, 0x29, 0x3b, 0x0a, 0x20
  .byte 0x20, 0x2d, 0x2d, 0x74, 0x65, 0x78, 0x74, 0x2d, 0x61, 0x63, 0x63, 0x65, 0x6e, 0x74, 0x2d, 0x73
  .byte 0x65, 0x63, 0x6f, 0x6e, 0x64, 0x61, 0x72, 0x79, 0x3a, 0x20, 0x76, 0x61, 0x72, 0x28, 0x2d, 0x2d
  .byte 0x73, 0x77, 0x61, 0x74, 0x63, 0x68, 0x2d, 0x62, 0x6c, 0x61, 0x63, 0x6b, 0x2d, 0x61, 0x35, 0x30
  .byte 0x29, 0x3b, 0x0a, 0x20, 0x20, 0x2d, 0x2d, 0x74, 0x65, 0x78, 0x74, 0x2d, 0x61, 0x63, 0x63, 0x65
  .byte 0x6e, 0x74, 0x2d, 0x74, 0x65, 0x72, 0x74, 0x69, 0x61, 0x72, 0x79, 0x3a, 0x20, 0x76, 0x61, 0x72
  .byte 0x28, 0x2d, 0x2d, 0x73, 0x77, 0x61, 0x74, 0x63, 0x68, 0x2d, 0x62, 0x6c, 0x61, 0x63, 0x6b, 0x2d
  .byte 0x61, 0x32, 0x30, 0x29, 0x3b, 0x0a, 0x0a, 0x20, 0x20, 0x2f, 0x2a, 0x20, 0x54, 0x65, 0x78, 0x74
  .byte 0x20, 0x2f, 0x20, 0x53, 0x75, 0x63, 0x63, 0x65, 0x73, 0x73, 0x20, 0x2a, 0x2f, 0x0a, 0x20, 0x20
  .byte 0x2d, 0x2d, 0x74, 0x65, 0x78, 0x74, 0x2d, 0x73, 0x75, 0x63, 0x63, 0x65, 0x73, 0x73, 0x2d, 0x70
  .byte 0x72, 0x69, 0x6d, 0x61, 0x72, 0x79, 0x3a, 0x20, 0x76, 0x61, 0x72, 0x28, 0x2d, 0x2d, 0x73, 0x77
  .byte 0x61, 0x74, 0x63, 0x68, 0x2d, 0x67, 0x72, 0x65, 0x65, 0x6e, 0x2d, 0x37, 0x30, 0x30, 0x29, 0x3b
  .byte 0x0a, 0x20, 0x20, 0x2d, 0x2d, 0x74, 0x65, 0x78, 0x74, 0x2d, 0x73, 0x75, 0x63, 0x63, 0x65, 0x73
  .byte 0x73, 0x2d, 0x69, 0x6e, 0x76, 0x65, 0x72, 0x74, 0x65, 0x64, 0x3a, 0x20, 0x76, 0x61, 0x72, 0x28
  .byte 0x2d, 0x2d, 0x73, 0x77, 0x61, 0x74, 0x63, 0x68, 0x2d, 0x67, 0x72, 0x65, 0x65, 0x6e, 0x2d, 0x31
  .byte 0x30, 0x30, 0x29, 0x3b, 0x0a, 0x0a, 0x20, 0x20, 0x2f, 0x2a, 0x20, 0x54, 0x65, 0x78, 0x74, 0x20
  .byte 0x2f, 0x20, 0x41, 0x6c, 0x65, 0x72, 0x74, 0x20, 0x2a, 0x2f, 0x0a, 0x20, 0x20, 0x2d, 0x2d, 0x74
  .byte 0x65, 0x78, 0x74, 0x2d, 0x61, 0x6c, 0x65, 0x72, 0x74, 0x2d, 0x70, 0x72, 0x69, 0x6d, 0x61, 0x72
  .byte 0x79, 0x3a, 0x20, 0x76, 0x61, 0x72, 0x28, 0x2d, 0x2d, 0x73, 0x77, 0x61, 0x74, 0x63, 0x68, 0x2d
  .byte 0x79, 0x65, 0x6c, 0x6c, 0x6f, 0x77, 0x2d, 0x38, 0x30, 0x30, 0x29, 0x3b, 0x0a, 0x20, 0x20, 0x2d
  .byte 0x2d, 0x74, 0x65, 0x78, 0x74, 0x2d, 0x61, 0x6c, 0x65, 0x72, 0x74, 0x2d, 0x69, 0x6e, 0x76, 0x65
  .byte 0x72, 0x74, 0x65, 0x64, 0x3a, 0x20, 0x76, 0x61, 0x72, 0x28, 0x2d, 0x2d, 0x73, 0x77, 0x61, 0x74
  .byte 0x63, 0x68, 0x2d, 0x79, 0x65, 0x6c, 0x6c, 0x6f, 0x77, 0x2d, 0x31, 0x30, 0x30, 0x29, 0x3b, 0x0a
  .byte 0x0a, 0x20, 0x20, 0x2f, 0x2a, 0x20, 0x54, 0x65, 0x78, 0x74, 0x20, 0x2f, 0x20, 0x44, 0x61, 0x6e
  .byte 0x67, 0x65, 0x72, 0x20, 0x2a, 0x2f, 0x0a, 0x20, 0x20, 0x2d, 0x2d, 0x74, 0x65, 0x78, 0x74, 0x2d
  .byte 0x64, 0x61, 0x6e, 0x67, 0x65, 0x72, 0x2d, 0x70, 0x72, 0x69, 0x6d, 0x61, 0x72, 0x79, 0x3a, 0x20
  .byte 0x76, 0x61, 0x72, 0x28, 0x2d, 0x2d, 0x73, 0x77, 0x61, 0x74, 0x63, 0x68, 0x2d, 0x72, 0x65, 0x64
  .byte 0x2d, 0x37, 0x30, 0x30, 0x29, 0x3b, 0x0a, 0x20, 0x20, 0x2d, 0x2d, 0x74, 0x65, 0x78, 0x74, 0x2d
  .byte 0x64, 0x61, 0x6e, 0x67, 0x65, 0x72, 0x2d, 0x73, 0x65, 0x63, 0x6f, 0x6e, 0x64, 0x61, 0x72, 0x79
  .byte 0x3a, 0x20, 0x76, 0x61, 0x72, 0x28, 0x2d, 0x2d, 0x73, 0x77, 0x61, 0x74, 0x63, 0x68, 0x2d, 0x72
  .byte 0x65, 0x64, 0x2d, 0x34, 0x30, 0x30, 0x29, 0x3b, 0x0a, 0x20, 0x20, 0x2d, 0x2d, 0x74, 0x65, 0x78
  .byte 0x74, 0x2d, 0x64, 0x61, 0x6e, 0x67, 0x65, 0x72, 0x2d, 0x74, 0x65, 0x72, 0x74, 0x69, 0x61, 0x72
  .byte 0x79, 0x3a, 0x20, 0x76, 0x61, 0x72, 0x28, 0x2d, 0x2d, 0x73, 0x77, 0x61, 0x74, 0x63, 0x68, 0x2d
  .byte 0x72, 0x65, 0x64, 0x2d, 0x33, 0x30, 0x30, 0x29, 0x3b, 0x0a, 0x0a, 0x20, 0x20, 0x2f, 0x2a, 0x20
  .byte 0x54, 0x65, 0x78, 0x74, 0x20, 0x2f, 0x20, 0x44, 0x61, 0x6e, 0x67, 0x65, 0x72, 0x20, 0x2f, 0x20
  .byte 0x49, 0x6e, 0x76, 0x65, 0x72, 0x74, 0x65, 0x64, 0x20, 0x2a, 0x2f, 0x0a, 0x20, 0x20, 0x2d, 0x2d
  .byte 0x74, 0x65, 0x78, 0x74, 0x2d, 0x64, 0x61, 0x6e, 0x67, 0x65, 0x72, 0x2d, 0x69, 0x6e, 0x76, 0x65
  .byte 0x72, 0x74, 0x65, 0x64, 0x2d, 0x70, 0x72, 0x69, 0x6d, 0x61, 0x72, 0x79, 0x3a, 0x20, 0x76, 0x61
  .byte 0x72, 0x28, 0x2d, 0x2d, 0x73, 0x77, 0x61, 0x74, 0x63, 0x68, 0x2d, 0x77, 0x68, 0x69, 0x74, 0x65
  .byte 0x29, 0x3b, 0x0a, 0x20, 0x20, 0x2d, 0x2d, 0x74, 0x65, 0x78, 0x74, 0x2d, 0x64, 0x61, 0x6e, 0x67
  .byte 0x65, 0x72, 0x2d, 0x69, 0x6e, 0x76, 0x65, 0x72, 0x74, 0x65, 0x64, 0x2d, 0x73, 0x65, 0x63, 0x6f
  .byte 0x6e, 0x64, 0x61, 0x72, 0x79, 0x3a, 0x20, 0x76, 0x61, 0x72, 0x28, 0x2d, 0x2d, 0x73, 0x77, 0x61
  .byte 0x74, 0x63, 0x68, 0x2d, 0x77, 0x68, 0x69, 0x74, 0x65, 0x2d, 0x61, 0x34, 0x30, 0x29, 0x3b, 0x0a
  .byte 0x20, 0x20, 0x2d, 0x2d, 0x74, 0x65, 0x78, 0x74, 0x2d, 0x64, 0x61, 0x6e, 0x67, 0x65, 0x72, 0x2d
  .byte 0x69, 0x6e, 0x76, 0x65, 0x72, 0x74, 0x65, 0x64, 0x2d, 0x74, 0x65, 0x72, 0x74, 0x69, 0x61, 0x72
  .byte 0x79, 0x3a, 0x20, 0x76, 0x61, 0x72, 0x28, 0x2d, 0x2d, 0x73, 0x77, 0x61, 0x74, 0x63, 0x68, 0x2d
  .byte 0x77, 0x68, 0x69, 0x74, 0x65, 0x2d, 0x61, 0x32, 0x30, 0x29, 0x3b, 0x0a, 0x0a, 0x20, 0x20, 0x2f
  .byte 0x2a, 0x20, 0x54, 0x65, 0x78, 0x74, 0x20, 0x2f, 0x20, 0x49, 0x6e, 0x66, 0x6f, 0x20, 0x2a, 0x2f
  .byte 0x0a, 0x20, 0x20, 0x2d, 0x2d, 0x74, 0x65, 0x78, 0x74, 0x2d, 0x69, 0x6e, 0x66, 0x6f, 0x2d, 0x70
  .byte 0x72, 0x69, 0x6d, 0x61, 0x72, 0x79, 0x3a, 0x20, 0x76, 0x61, 0x72, 0x28, 0x2d, 0x2d, 0x73, 0x77
  .byte 0x61, 0x74, 0x63, 0x68, 0x2d, 0x62, 0x6c, 0x75, 0x65, 0x2d, 0x38, 0x30, 0x30, 0x29, 0x3b, 0x0a
  .byte 0x20, 0x20, 0x2d, 0x2d, 0x74, 0x65, 0x78, 0x74, 0x2d, 0x69, 0x6e, 0x66, 0x6f, 0x2d, 0x69, 0x6e
  .byte 0x76, 0x65, 0x72, 0x74, 0x65, 0x64, 0x3a, 0x20, 0x76, 0x61, 0x72, 0x28, 0x2d, 0x2d, 0x73, 0x77
  .byte 0x61, 0x74, 0x63, 0x68, 0x2d, 0x62, 0x6c, 0x75, 0x65, 0x2d, 0x31, 0x30, 0x30, 0x29, 0x3b, 0x0a
  .byte 0x0a, 0x20, 0x20, 0x2f, 0x2a, 0x20, 0x54, 0x65, 0x78, 0x74, 0x20, 0x2f, 0x20, 0x50, 0x69, 0x6e
  .byte 0x6b, 0x20, 0x2a, 0x2f, 0x0a, 0x20, 0x20, 0x2d, 0x2d, 0x74, 0x65, 0x78, 0x74, 0x2d, 0x70, 0x69
  .byte 0x6e, 0x6b, 0x2d, 0x70, 0x72, 0x69, 0x6d, 0x61, 0x72, 0x79, 0x3a, 0x20, 0x76, 0x61, 0x72, 0x28
  .byte 0x2d, 0x2d, 0x73, 0x77, 0x61, 0x74, 0x63, 0x68, 0x2d, 0x70, 0x69, 0x6e, 0x6b, 0x2d, 0x38, 0x30
  .byte 0x30, 0x29, 0x3b, 0x0a, 0x20, 0x20, 0x2d, 0x2d, 0x74, 0x65, 0x78, 0x74, 0x2d, 0x70, 0x69, 0x6e
  .byte 0x6b, 0x2d, 0x69, 0x6e, 0x76, 0x65, 0x72, 0x74, 0x65, 0x64, 0x3a, 0x20, 0x76, 0x61, 0x72, 0x28
  .byte 0x2d, 0x2d, 0x73, 0x77, 0x61, 0x74, 0x63, 0x68, 0x2d, 0x70, 0x69, 0x6e, 0x6b, 0x2d, 0x31, 0x30
  .byte 0x30, 0x29, 0x3b, 0x0a, 0x0a, 0x20, 0x20, 0x2f, 0x2a, 0x20, 0x54, 0x65, 0x78, 0x74, 0x20, 0x2f
  .byte 0x20, 0x50, 0x75, 0x72, 0x70, 0x6c, 0x65, 0x20, 0x2a, 0x2f, 0x0a, 0x20, 0x20, 0x2d, 0x2d, 0x74
  .byte 0x65, 0x78, 0x74, 0x2d, 0x70, 0x75, 0x72, 0x70, 0x6c, 0x65, 0x2d, 0x70, 0x72, 0x69, 0x6d, 0x61
  .byte 0x72, 0x79, 0x3a, 0x20, 0x76, 0x61, 0x72, 0x28, 0x2d, 0x2d, 0x73, 0x77, 0x61, 0x74, 0x63, 0x68
  .byte 0x2d, 0x70, 0x75, 0x72, 0x70, 0x6c, 0x65, 0x2d, 0x38, 0x30, 0x30, 0x29, 0x3b, 0x0a, 0x20, 0x20
  .byte 0x2d, 0x2d, 0x74, 0x65, 0x78, 0x74, 0x2d, 0x70, 0x75, 0x72, 0x70, 0x6c, 0x65, 0x2d, 0x69, 0x6e
  .byte 0x76, 0x65, 0x72, 0x74, 0x65, 0x64, 0x3a, 0x20, 0x76, 0x61, 0x72, 0x28, 0x2d, 0x2d, 0x73, 0x77
  .byte 0x61, 0x74, 0x63, 0x68, 0x2d, 0x70, 0x75, 0x72, 0x70, 0x6c, 0x65, 0x2d, 0x31, 0x30, 0x30, 0x29
  .byte 0x3b, 0x0a, 0x0a, 0x20, 0x20, 0x2f, 0x2a, 0x20, 0x49, 0x6e, 0x74, 0x65, 0x72, 0x61, 0x63, 0x74
  .byte 0x69, 0x76, 0x65, 0x20, 0x2f, 0x20, 0x42, 0x72, 0x61, 0x6e, 0x64, 0x20, 0x2a, 0x2f, 0x0a, 0x20
  .byte 0x20, 0x2d, 0x2d, 0x69, 0x6e, 0x74, 0x65, 0x72, 0x61, 0x63, 0x74, 0x69, 0x76, 0x65, 0x2d, 0x61
  .byte 0x63, 0x63, 0x65, 0x6e, 0x74, 0x2d, 0x64, 0x65, 0x66, 0x61, 0x75, 0x6c, 0x74, 0x3a, 0x20, 0x76
  .byte 0x61, 0x72, 0x28, 0x2d, 0x2d, 0x73, 0x77, 0x61, 0x74, 0x63, 0x68, 0x2d, 0x77, 0x68, 0x69, 0x74
  .byte 0x65, 0x29, 0x3b, 0x0a, 0x20, 0x20, 0x2d, 0x2d, 0x69, 0x6e, 0x74, 0x65, 0x72, 0x61, 0x63, 0x74
  .byte 0x69, 0x76, 0x65, 0x2d, 0x61, 0x63, 0x63, 0x65, 0x6e, 0x74, 0x2d, 0x68, 0x6f, 0x76, 0x65, 0x72
  .byte 0x3a, 0x20, 0x76, 0x61, 0x72, 0x28, 0x2d, 0x2d, 0x73, 0x77, 0x61, 0x74, 0x63, 0x68, 0x2d, 0x77
  .byte 0x68, 0x69, 0x74, 0x65, 0x2d, 0x61, 0x38, 0x30, 0x29, 0x3b, 0x0a, 0x20, 0x20, 0x2d, 0x2d, 0x69
  .byte 0x6e, 0x74, 0x65, 0x72, 0x61, 0x63, 0x74, 0x69, 0x76, 0x65, 0x2d, 0x61, 0x63, 0x63, 0x65, 0x6e
  .byte 0x74, 0x2d, 0x64, 0x69, 0x73, 0x61, 0x62, 0x6c, 0x65, 0x64, 0x3a, 0x20, 0x76, 0x61, 0x72, 0x28
  .byte 0x2d, 0x2d, 0x73, 0x77, 0x61, 0x74, 0x63, 0x68, 0x2d, 0x77, 0x68, 0x69, 0x74, 0x65, 0x2d, 0x61
  .byte 0x34, 0x30, 0x29, 0x3b, 0x0a, 0x20, 0x20, 0x2d, 0x2d, 0x69, 0x6e, 0x74, 0x65, 0x72, 0x61, 0x63
  .byte 0x74, 0x69, 0x76, 0x65, 0x2d, 0x61, 0x63, 0x63, 0x65, 0x6e, 0x74, 0x2d, 0x70, 0x72, 0x65, 0x73
  .byte 0x73, 0x65, 0x64, 0x3a, 0x20, 0x76, 0x61, 0x72, 0x28, 0x2d, 0x2d, 0x73, 0x77, 0x61, 0x74, 0x63
  .byte 0x68, 0x2d, 0x77, 0x68, 0x69, 0x74, 0x65, 0x29, 0x3b, 0x0a, 0x0a, 0x20, 0x20, 0x2f, 0x2a, 0x20
  .byte 0x49, 0x6e, 0x74, 0x65, 0x72, 0x61, 0x63, 0x74, 0x69, 0x76, 0x65, 0x20, 0x2f, 0x20, 0x44, 0x65
  .byte 0x73, 0x74, 0x72, 0x75, 0x63, 0x74, 0x69, 0x76, 0x65, 0x20, 0x2a, 0x2f, 0x0a, 0x20, 0x20, 0x2d
  .byte 0x2d, 0x69, 0x6e, 0x74, 0x65, 0x72, 0x61, 0x63, 0x74, 0x69, 0x76, 0x65, 0x2d, 0x64, 0x65, 0x73
  .byte 0x74, 0x72, 0x75, 0x63, 0x74, 0x69, 0x76, 0x65, 0x2d, 0x64, 0x65, 0x66, 0x61, 0x75, 0x6c, 0x74
  .byte 0x3a, 0x20, 0x76, 0x61, 0x72, 0x28, 0x2d, 0x2d, 0x73, 0x77, 0x61, 0x74, 0x63, 0x68, 0x2d, 0x72
  .byte 0x65, 0x64, 0x2d, 0x36, 0x30, 0x30, 0x2d, 0x61, 0x30, 0x32, 0x29, 0x3b, 0x0a, 0x20, 0x20, 0x2d
  .byte 0x2d, 0x69, 0x6e, 0x74, 0x65, 0x72, 0x61, 0x63, 0x74, 0x69, 0x76, 0x65, 0x2d, 0x64, 0x65, 0x73
  .byte 0x74, 0x72, 0x75, 0x63, 0x74, 0x69, 0x76, 0x65, 0x2d, 0x68, 0x6f, 0x76, 0x65, 0x72, 0x3a, 0x20
  .byte 0x76, 0x61, 0x72, 0x28, 0x2d, 0x2d, 0x73, 0x77, 0x61, 0x74, 0x63, 0x68, 0x2d, 0x72, 0x65, 0x64
  .byte 0x2d, 0x36, 0x30, 0x30, 0x2d, 0x61, 0x30, 0x38, 0x29, 0x3b, 0x0a, 0x20, 0x20, 0x2d, 0x2d, 0x69
  .byte 0x6e, 0x74, 0x65, 0x72, 0x61, 0x63, 0x74, 0x69, 0x76, 0x65, 0x2d, 0x64, 0x65, 0x73, 0x74, 0x72
  .byte 0x75, 0x63, 0x74, 0x69, 0x76, 0x65, 0x2d, 0x64, 0x69, 0x73, 0x61, 0x62, 0x6c, 0x65, 0x64, 0x3a
  .byte 0x20, 0x76, 0x61, 0x72, 0x28, 0x2d, 0x2d, 0x73, 0x77, 0x61, 0x74, 0x63, 0x68, 0x2d, 0x72, 0x65
  .byte 0x64, 0x2d, 0x36, 0x30, 0x30, 0x2d, 0x61, 0x30, 0x32, 0x29, 0x3b, 0x0a, 0x20, 0x20, 0x2d, 0x2d
  .byte 0x69, 0x6e, 0x74, 0x65, 0x72, 0x61, 0x63, 0x74, 0x69, 0x76, 0x65, 0x2d, 0x64, 0x65, 0x73, 0x74
  .byte 0x72, 0x75, 0x63, 0x74, 0x69, 0x76, 0x65, 0x2d, 0x70, 0x72, 0x65, 0x73, 0x73, 0x65, 0x64, 0x3a
  .byte 0x20, 0x76, 0x61, 0x72, 0x28, 0x2d, 0x2d, 0x73, 0x77, 0x61, 0x74, 0x63, 0x68, 0x2d, 0x72, 0x65
  .byte 0x64, 0x2d, 0x36, 0x30, 0x30, 0x2d, 0x61, 0x31, 0x30, 0x29, 0x3b, 0x0a, 0x0a, 0x20, 0x20, 0x2f
  .byte 0x2a, 0x20, 0x49, 0x6e, 0x74, 0x65, 0x72, 0x61, 0x63, 0x74, 0x69, 0x76, 0x65, 0x20, 0x2f, 0x20
  .byte 0x44, 0x65, 0x73, 0x74, 0x72, 0x75, 0x63, 0x74, 0x69, 0x76, 0x65, 0x20, 0x2f, 0x20, 0x41, 0x63
  .byte 0x63, 0x65, 0x6e, 0x74, 0x20, 0x2a, 0x2f, 0x0a, 0x20, 0x20, 0x2d, 0x2d, 0x69, 0x6e, 0x74, 0x65
  .byte 0x72, 0x61, 0x63, 0x74, 0x69, 0x76, 0x65, 0x2d, 0x64, 0x65, 0x73, 0x74, 0x72, 0x75, 0x63, 0x74
  .byte 0x69, 0x76, 0x65, 0x2d, 0x61, 0x63, 0x63, 0x65, 0x6e, 0x74, 0x2d, 0x64, 0x65, 0x66, 0x61, 0x75
  .byte 0x6c, 0x74, 0x3a, 0x20, 0x76, 0x61, 0x72, 0x28, 0x2d, 0x2d, 0x73, 0x77, 0x61, 0x74, 0x63, 0x68
  .byte 0x2d, 0x72, 0x65, 0x64, 0x2d, 0x36, 0x30, 0x30, 0x29, 0x3b, 0x0a, 0x20, 0x20, 0x2d, 0x2d, 0x69
  .byte 0x6e, 0x74, 0x65, 0x72, 0x61, 0x63, 0x74, 0x69, 0x76, 0x65, 0x2d, 0x64, 0x65, 0x73, 0x74, 0x72
  .byte 0x75, 0x63, 0x74, 0x69, 0x76, 0x65, 0x2d, 0x61, 0x63, 0x63, 0x65, 0x6e, 0x74, 0x2d, 0x68, 0x6f
  .byte 0x76, 0x65, 0x72, 0x3a, 0x20, 0x76, 0x61, 0x72, 0x28, 0x2d, 0x2d, 0x73, 0x77, 0x61, 0x74, 0x63
  .byte 0x68, 0x2d, 0x72, 0x65, 0x64, 0x2d, 0x35, 0x30, 0x30, 0x29, 0x3b, 0x0a, 0x20, 0x20, 0x2d, 0x2d
  .byte 0x69, 0x6e, 0x74, 0x65, 0x72, 0x61, 0x63, 0x74, 0x69, 0x76, 0x65, 0x2d, 0x64, 0x65, 0x73, 0x74
  .byte 0x72, 0x75, 0x63, 0x74, 0x69, 0x76, 0x65, 0x2d, 0x61, 0x63, 0x63, 0x65, 0x6e, 0x74, 0x2d, 0x70
  .byte 0x72, 0x65, 0x73, 0x73, 0x65, 0x64, 0x3a, 0x20, 0x76, 0x61, 0x72, 0x28, 0x2d, 0x2d, 0x73, 0x77
  .byte 0x61, 0x74, 0x63, 0x68, 0x2d, 0x72, 0x65, 0x64, 0x2d, 0x37, 0x30, 0x30, 0x29, 0x3b, 0x0a, 0x20
  .byte 0x20, 0x2d, 0x2d, 0x69, 0x6e, 0x74, 0x65, 0x72, 0x61, 0x63, 0x74, 0x69, 0x76, 0x65, 0x2d, 0x64
  .byte 0x65, 0x73, 0x74, 0x72, 0x75, 0x63, 0x74, 0x69, 0x76, 0x65, 0x2d, 0x61, 0x63, 0x63, 0x65, 0x6e
  .byte 0x74, 0x2d, 0x64, 0x69, 0x73, 0x61, 0x62, 0x6c, 0x65, 0x64, 0x3a, 0x20, 0x76, 0x61, 0x72, 0x28
  .byte 0x2d, 0x2d, 0x73, 0x77, 0x61, 0x74, 0x63, 0x68, 0x2d, 0x72, 0x65, 0x64, 0x2d, 0x36, 0x30, 0x30
  .byte 0x2d, 0x61, 0x34, 0x30, 0x29, 0x3b, 0x0a, 0x0a, 0x20, 0x20, 0x2f, 0x2a, 0x20, 0x42, 0x6f, 0x72
  .byte 0x64, 0x65, 0x72, 0x20, 0x2a, 0x2f, 0x0a, 0x20, 0x20, 0x2d, 0x2d, 0x62, 0x6f, 0x72, 0x64, 0x65
  .byte 0x72, 0x2d, 0x64, 0x65, 0x66, 0x61, 0x75, 0x6c, 0x74, 0x3a, 0x20, 0x76, 0x61, 0x72, 0x28, 0x2d
  .byte 0x2d, 0x73, 0x77, 0x61, 0x74, 0x63, 0x68, 0x2d, 0x77, 0x68, 0x69, 0x74, 0x65, 0x2d, 0x61, 0x31
  .byte 0x32, 0x29, 0x3b, 0x0a, 0x20, 0x20, 0x2d, 0x2d, 0x62, 0x6f, 0x72, 0x64, 0x65, 0x72, 0x2d, 0x69
  .byte 0x6e, 0x74, 0x65, 0x72, 0x61, 0x63, 0x74, 0x69, 0x76, 0x65, 0x3a, 0x20, 0x76, 0x61, 0x72, 0x28
  .byte 0x2d, 0x2d, 0x73, 0x77, 0x61, 0x74, 0x63, 0x68, 0x2d, 0x77, 0x68, 0x69, 0x74, 0x65, 0x2d, 0x61
  .byte 0x32, 0x30, 0x29, 0x3b, 0x0a, 0x20, 0x20, 0x2d, 0x2d, 0x62, 0x6f, 0x72, 0x64, 0x65, 0x72, 0x2d
  .byte 0x69, 0x6e, 0x74, 0x65, 0x72, 0x61, 0x63, 0x74, 0x69, 0x76, 0x65, 0x2d, 0x65, 0x6d, 0x70, 0x68
  .byte 0x61, 0x73, 0x69, 0x73, 0x3a, 0x20, 0x76, 0x61, 0x72, 0x28, 0x2d, 0x2d, 0x73, 0x77, 0x61, 0x74
  .byte 0x63, 0x68, 0x2d, 0x77, 0x68, 0x69, 0x74, 0x65, 0x2d, 0x61, 0x34, 0x30, 0x29, 0x3b, 0x0a, 0x20
  .byte 0x20, 0x2d, 0x2d, 0x62, 0x6f, 0x72, 0x64, 0x65, 0x72, 0x2d, 0x69, 0x6e, 0x74, 0x65, 0x72, 0x61
  .byte 0x63, 0x74, 0x69, 0x76, 0x65, 0x2d, 0x73, 0x65, 0x6c, 0x65, 0x63, 0x74, 0x65, 0x64, 0x3a, 0x20
  .byte 0x76, 0x61, 0x72, 0x28, 0x2d, 0x2d, 0x73, 0x77, 0x61, 0x74, 0x63, 0x68, 0x2d, 0x77, 0x68, 0x69
  .byte 0x74, 0x65, 0x29, 0x3b, 0x0a, 0x20, 0x20, 0x2d, 0x2d, 0x62, 0x6f, 0x72, 0x64, 0x65, 0x72, 0x2d
  .byte 0x61, 0x63, 0x63, 0x65, 0x6e, 0x74, 0x3a, 0x20, 0x76, 0x61, 0x72, 0x28, 0x2d, 0x2d, 0x73, 0x77
  .byte 0x61, 0x74, 0x63, 0x68, 0x2d, 0x77, 0x68, 0x69, 0x74, 0x65, 0x2d, 0x61, 0x32, 0x30, 0x29, 0x3b
  .byte 0x0a, 0x20, 0x20, 0x2d, 0x2d, 0x62, 0x6f, 0x72, 0x64, 0x65, 0x72, 0x2d, 0x61, 0x63, 0x63, 0x65
  .byte 0x6e, 0x74, 0x2d, 0x65, 0x6d, 0x70, 0x68, 0x61, 0x73, 0x69, 0x73, 0x3a, 0x20, 0x76, 0x61, 0x72
  .byte 0x28, 0x2d, 0x2d, 0x73, 0x77, 0x61, 0x74, 0x63, 0x68, 0x2d, 0x77, 0x68, 0x69, 0x74, 0x65, 0x2d
  .byte 0x61, 0x34, 0x30, 0x29, 0x3b, 0x0a, 0x20, 0x20, 0x2d, 0x2d, 0x62, 0x6f, 0x72, 0x64, 0x65, 0x72
  .byte 0x2d, 0x61, 0x63, 0x63, 0x65, 0x6e, 0x74, 0x2d, 0x73, 0x65, 0x6c, 0x65, 0x63, 0x74, 0x65, 0x64
  .byte 0x3a, 0x20, 0x76, 0x61, 0x72, 0x28, 0x2d, 0x2d, 0x73, 0x77, 0x61, 0x74, 0x63, 0x68, 0x2d, 0x77
  .byte 0x68, 0x69, 0x74, 0x65, 0x29, 0x3b, 0x0a, 0x20, 0x20, 0x2d, 0x2d, 0x62, 0x6f, 0x72, 0x64, 0x65
  .byte 0x72, 0x2d, 0x69, 0x6e, 0x66, 0x6f, 0x3a, 0x20, 0x76, 0x61, 0x72, 0x28, 0x2d, 0x2d, 0x73, 0x77
  .byte 0x61, 0x74, 0x63, 0x68, 0x2d, 0x62, 0x6c, 0x75, 0x65, 0x2d, 0x35, 0x30, 0x30, 0x2d, 0x61, 0x30
  .byte 0x38, 0x29, 0x3b, 0x0a, 0x20, 0x20, 0x2d, 0x2d, 0x62, 0x6f, 0x72, 0x64, 0x65, 0x72, 0x2d, 0x69
  .byte 0x6e, 0x66, 0x6f, 0x2d, 0x65, 0x6d, 0x70, 0x68, 0x61, 0x73, 0x69, 0x73, 0x3a, 0x20, 0x76, 0x61
  .byte 0x72, 0x28, 0x2d, 0x2d, 0x73, 0x77, 0x61, 0x74, 0x63, 0x68, 0x2d, 0x62, 0x6c, 0x75, 0x65, 0x2d
  .byte 0x36, 0x30, 0x30, 0x29, 0x3b, 0x0a, 0x20, 0x20, 0x2d, 0x2d, 0x62, 0x6f, 0x72, 0x64, 0x65, 0x72
  .byte 0x2d, 0x61, 0x6c, 0x65, 0x72, 0x74, 0x3a, 0x20, 0x76, 0x61, 0x72, 0x28, 0x2d, 0x2d, 0x73, 0x77
  .byte 0x61, 0x74, 0x63, 0x68, 0x2d, 0x79, 0x65, 0x6c, 0x6c, 0x6f, 0x77, 0x2d, 0x34, 0x30, 0x30, 0x2d
  .byte 0x61, 0x30, 0x38, 0x29, 0x3b, 0x0a, 0x20, 0x20, 0x2d, 0x2d, 0x62, 0x6f, 0x72, 0x64, 0x65, 0x72
  .byte 0x2d, 0x61, 0x6c, 0x65, 0x72, 0x74, 0x2d, 0x65, 0x6d, 0x70, 0x68, 0x61, 0x73, 0x69, 0x73, 0x3a
  .byte 0x20, 0x76, 0x61, 0x72, 0x28, 0x2d, 0x2d, 0x73, 0x77, 0x61, 0x74, 0x63, 0x68, 0x2d, 0x79, 0x65
  .byte 0x6c, 0x6c, 0x6f, 0x77, 0x2d, 0x36, 0x30, 0x30, 0x29, 0x3b, 0x0a, 0x20, 0x20, 0x2d, 0x2d, 0x62
  .byte 0x6f, 0x72, 0x64, 0x65, 0x72, 0x2d, 0x73, 0x75, 0x63, 0x63, 0x65, 0x73, 0x73, 0x3a, 0x20, 0x76
  .byte 0x61, 0x72, 0x28, 0x2d, 0x2d, 0x73, 0x77, 0x61, 0x74, 0x63, 0x68, 0x2d, 0x67, 0x72, 0x65, 0x65
  .byte 0x6e, 0x2d, 0x36, 0x30, 0x30, 0x2d, 0x61, 0x30, 0x38, 0x29, 0x3b, 0x0a, 0x20, 0x20, 0x2d, 0x2d
  .byte 0x62, 0x6f, 0x72, 0x64, 0x65, 0x72, 0x2d, 0x73, 0x75, 0x63, 0x63, 0x65, 0x73, 0x73, 0x2d, 0x65
  .byte 0x6d, 0x70, 0x68, 0x61, 0x73, 0x69, 0x73, 0x3a, 0x20, 0x76, 0x61, 0x72, 0x28, 0x2d, 0x2d, 0x73
  .byte 0x77, 0x61, 0x74, 0x63, 0x68, 0x2d, 0x67, 0x72, 0x65, 0x65, 0x6e, 0x2d, 0x36, 0x30, 0x30, 0x29
  .byte 0x3b, 0x0a, 0x20, 0x20, 0x2d, 0x2d, 0x62, 0x6f, 0x72, 0x64, 0x65, 0x72, 0x2d, 0x64, 0x61, 0x6e
  .byte 0x67, 0x65, 0x72, 0x3a, 0x20, 0x76, 0x61, 0x72, 0x28, 0x2d, 0x2d, 0x73, 0x77, 0x61, 0x74, 0x63
  .byte 0x68, 0x2d, 0x72, 0x65, 0x64, 0x2d, 0x36, 0x30, 0x30, 0x2d, 0x61, 0x30, 0x38, 0x29, 0x3b, 0x0a
  .byte 0x20, 0x20, 0x2d, 0x2d, 0x62, 0x6f, 0x72, 0x64, 0x65, 0x72, 0x2d, 0x64, 0x61, 0x6e, 0x67, 0x65
  .byte 0x72, 0x2d, 0x65, 0x6d, 0x70, 0x68, 0x61, 0x73, 0x69, 0x73, 0x3a, 0x20, 0x76, 0x61, 0x72, 0x28
  .byte 0x2d, 0x2d, 0x73, 0x77, 0x61, 0x74, 0x63, 0x68, 0x2d, 0x72, 0x65, 0x64, 0x2d, 0x36, 0x30, 0x30
  .byte 0x29, 0x3b, 0x0a, 0x7d, 0x0a

  .globl openui_full_port_docs_shared_design_system_styles_variables_colors_css_4bfa92141275_pass_4_len
openui_full_port_docs_shared_design_system_styles_variables_colors_css_4bfa92141275_pass_4_len:
  .quad 8213
