# OpenUI mechanical full assembly port
# source: docs/shared/design-system/styles/variables/typography.css
# sha256: 3b23ce843fd5036bb160c653c2f544badf50916d045f496043feec1d88a67179
# bytes: 8124
# assembly passes: 4
  .section .rodata
# assembly pass: 1/4
  .globl openui_full_port_docs_shared_design_system_styles_variables_typography_css_3b23ce843fd5
openui_full_port_docs_shared_design_system_styles_variables_typography_css_3b23ce843fd5:
  .byte 0x3a, 0x72, 0x6f, 0x6f, 0x74, 0x20, 0x7b, 0x0a, 0x20, 0x20, 0x2f, 0x2a, 0x20, 0x46, 0x6f, 0x6e
  .byte 0x74, 0x20, 0x66, 0x61, 0x6d, 0x69, 0x6c, 0x69, 0x65, 0x73, 0x20, 0x2a, 0x2f, 0x0a, 0x20, 0x20
  .byte 0x2d, 0x2d, 0x66, 0x6f, 0x6e, 0x74, 0x2d, 0x62, 0x6f, 0x64, 0x79, 0x3a, 0x20, 0x22, 0x49, 0x6e
  .byte 0x74, 0x65, 0x72, 0x22, 0x2c, 0x20, 0x22, 0x53, 0x65, 0x67, 0x6f, 0x65, 0x20, 0x55, 0x49, 0x22
  .byte 0x2c, 0x20, 0x41, 0x72, 0x69, 0x61, 0x6c, 0x2c, 0x20, 0x73, 0x61, 0x6e, 0x73, 0x2d, 0x73, 0x65
  .byte 0x72, 0x69, 0x66, 0x3b, 0x0a, 0x20, 0x20, 0x2d, 0x2d, 0x66, 0x6f, 0x6e, 0x74, 0x2d, 0x63, 0x6f
  .byte 0x64, 0x65, 0x3a, 0x20, 0x76, 0x61, 0x72, 0x28, 0x2d, 0x2d, 0x66, 0x6f, 0x6e, 0x74, 0x2d, 0x67
  .byte 0x65, 0x69, 0x73, 0x74, 0x2d, 0x6d, 0x6f, 0x6e, 0x6f, 0x29, 0x2c, 0x20, 0x22, 0x53, 0x46, 0x4d
  .byte 0x6f, 0x6e, 0x6f, 0x2d, 0x52, 0x65, 0x67, 0x75, 0x6c, 0x61, 0x72, 0x22, 0x2c, 0x20, 0x4d, 0x65
  .byte 0x6e, 0x6c, 0x6f, 0x2c, 0x20, 0x6d, 0x6f, 0x6e, 0x6f, 0x73, 0x70, 0x61, 0x63, 0x65, 0x3b, 0x0a
  .byte 0x20, 0x20, 0x2d, 0x2d, 0x66, 0x6f, 0x6e, 0x74, 0x2d, 0x68, 0x65, 0x61, 0x64, 0x69, 0x6e, 0x67
  .byte 0x3a, 0x20, 0x22, 0x49, 0x6e, 0x74, 0x65, 0x72, 0x22, 0x2c, 0x20, 0x22, 0x53, 0x65, 0x67, 0x6f
  .byte 0x65, 0x20, 0x55, 0x49, 0x22, 0x2c, 0x20, 0x41, 0x72, 0x69, 0x61, 0x6c, 0x2c, 0x20, 0x73, 0x61
  .byte 0x6e, 0x73, 0x2d, 0x73, 0x65, 0x72, 0x69, 0x66, 0x3b, 0x0a, 0x20, 0x20, 0x2d, 0x2d, 0x66, 0x6f
  .byte 0x6e, 0x74, 0x2d, 0x6c, 0x61, 0x62, 0x65, 0x6c, 0x3a, 0x20, 0x22, 0x49, 0x6e, 0x74, 0x65, 0x72
  .byte 0x22, 0x2c, 0x20, 0x22, 0x53, 0x65, 0x67, 0x6f, 0x65, 0x20, 0x55, 0x49, 0x22, 0x2c, 0x20, 0x41
  .byte 0x72, 0x69, 0x61, 0x6c, 0x2c, 0x20, 0x73, 0x61, 0x6e, 0x73, 0x2d, 0x73, 0x65, 0x72, 0x69, 0x66
  .byte 0x3b, 0x0a, 0x20, 0x20, 0x2d, 0x2d, 0x66, 0x6f, 0x6e, 0x74, 0x2d, 0x6e, 0x75, 0x6d, 0x62, 0x65
  .byte 0x72, 0x73, 0x3a, 0x20, 0x76, 0x61, 0x72, 0x28, 0x2d, 0x2d, 0x66, 0x6f, 0x6e, 0x74, 0x2d, 0x67
  .byte 0x65, 0x69, 0x73, 0x74, 0x2d, 0x6d, 0x6f, 0x6e, 0x6f, 0x29, 0x2c, 0x20, 0x22, 0x49, 0x6e, 0x74
  .byte 0x65, 0x72, 0x22, 0x2c, 0x20, 0x22, 0x53, 0x65, 0x67, 0x6f, 0x65, 0x20, 0x55, 0x49, 0x22, 0x2c
  .byte 0x20, 0x41, 0x72, 0x69, 0x61, 0x6c, 0x2c, 0x20, 0x73, 0x61, 0x6e, 0x73, 0x2d, 0x73, 0x65, 0x72
  .byte 0x69, 0x66, 0x3b, 0x0a, 0x0a, 0x20, 0x20, 0x2f, 0x2a, 0x20, 0x46, 0x6f, 0x6e, 0x74, 0x20, 0x73
  .byte 0x69, 0x7a, 0x65, 0x73, 0x20, 0x2a, 0x2f, 0x0a, 0x20, 0x20, 0x2d, 0x2d, 0x66, 0x6f, 0x6e, 0x74
  .byte 0x2d, 0x73, 0x69, 0x7a, 0x65, 0x2d, 0x32, 0x78, 0x73, 0x3a, 0x20, 0x31, 0x30, 0x70, 0x78, 0x3b
  .byte 0x0a, 0x20, 0x20, 0x2d, 0x2d, 0x66, 0x6f, 0x6e, 0x74, 0x2d, 0x73, 0x69, 0x7a, 0x65, 0x2d, 0x78
  .byte 0x73, 0x3a, 0x20, 0x31, 0x32, 0x70, 0x78, 0x3b, 0x0a, 0x20, 0x20, 0x2d, 0x2d, 0x66, 0x6f, 0x6e
  .byte 0x74, 0x2d, 0x73, 0x69, 0x7a, 0x65, 0x2d, 0x73, 0x6d, 0x3a, 0x20, 0x31, 0x34, 0x70, 0x78, 0x3b
  .byte 0x0a, 0x20, 0x20, 0x2d, 0x2d, 0x66, 0x6f, 0x6e, 0x74, 0x2d, 0x73, 0x69, 0x7a, 0x65, 0x2d, 0x6d
  .byte 0x64, 0x3a, 0x20, 0x31, 0x36, 0x70, 0x78, 0x3b, 0x0a, 0x20, 0x20, 0x2d, 0x2d, 0x66, 0x6f, 0x6e
  .byte 0x74, 0x2d, 0x73, 0x69, 0x7a, 0x65, 0x2d, 0x6c, 0x67, 0x3a, 0x20, 0x31, 0x38, 0x70, 0x78, 0x3b
  .byte 0x0a, 0x20, 0x20, 0x2d, 0x2d, 0x66, 0x6f, 0x6e, 0x74, 0x2d, 0x73, 0x69, 0x7a, 0x65, 0x2d, 0x78
  .byte 0x6c, 0x3a, 0x20, 0x32, 0x30, 0x70, 0x78, 0x3b, 0x0a, 0x20, 0x20, 0x2d, 0x2d, 0x66, 0x6f, 0x6e
  .byte 0x74, 0x2d, 0x73, 0x69, 0x7a, 0x65, 0x2d, 0x32, 0x78, 0x6c, 0x3a, 0x20, 0x32, 0x34, 0x70, 0x78
  .byte 0x3b, 0x0a, 0x20, 0x20, 0x2d, 0x2d, 0x66, 0x6f, 0x6e, 0x74, 0x2d, 0x73, 0x69, 0x7a, 0x65, 0x2d
  .byte 0x33, 0x78, 0x6c, 0x3a, 0x20, 0x32, 0x38, 0x70, 0x78, 0x3b, 0x0a, 0x20, 0x20, 0x2d, 0x2d, 0x66
  .byte 0x6f, 0x6e, 0x74, 0x2d, 0x73, 0x69, 0x7a, 0x65, 0x2d, 0x34, 0x78, 0x6c, 0x3a, 0x20, 0x33, 0x32
  .byte 0x70, 0x78, 0x3b, 0x0a, 0x20, 0x20, 0x2d, 0x2d, 0x66, 0x6f, 0x6e, 0x74, 0x2d, 0x73, 0x69, 0x7a
  .byte 0x65, 0x2d, 0x35, 0x78, 0x6c, 0x3a, 0x20, 0x33, 0x36, 0x70, 0x78, 0x3b, 0x0a, 0x0a, 0x20, 0x20
  .byte 0x2f, 0x2a, 0x20, 0x46, 0x6f, 0x6e, 0x74, 0x20, 0x77, 0x65, 0x69, 0x67, 0x68, 0x74, 0x73, 0x20
  .byte 0x2a, 0x2f, 0x0a, 0x20, 0x20, 0x2d, 0x2d, 0x66, 0x6f, 0x6e, 0x74, 0x2d, 0x77, 0x65, 0x69, 0x67
  .byte 0x68, 0x74, 0x2d, 0x72, 0x65, 0x67, 0x75, 0x6c, 0x61, 0x72, 0x3a, 0x20, 0x34, 0x30, 0x30, 0x3b
  .byte 0x0a, 0x20, 0x20, 0x2d, 0x2d, 0x66, 0x6f, 0x6e, 0x74, 0x2d, 0x77, 0x65, 0x69, 0x67, 0x68, 0x74
  .byte 0x2d, 0x6d, 0x65, 0x64, 0x69, 0x75, 0x6d, 0x3a, 0x20, 0x35, 0x30, 0x30, 0x3b, 0x0a, 0x20, 0x20
  .byte 0x2d, 0x2d, 0x66, 0x6f, 0x6e, 0x74, 0x2d, 0x77, 0x65, 0x69, 0x67, 0x68, 0x74, 0x2d, 0x62, 0x6f
  .byte 0x6c, 0x64, 0x3a, 0x20, 0x36, 0x30, 0x30, 0x3b, 0x0a, 0x20, 0x20, 0x2d, 0x2d, 0x66, 0x6f, 0x6e
  .byte 0x74, 0x2d, 0x77, 0x65, 0x69, 0x67, 0x68, 0x74, 0x2d, 0x68, 0x65, 0x61, 0x76, 0x79, 0x3a, 0x20
  .byte 0x37, 0x30, 0x30, 0x3b, 0x0a, 0x0a, 0x20, 0x20, 0x2f, 0x2a, 0x20, 0x4c, 0x69, 0x6e, 0x65, 0x20
  .byte 0x68, 0x65, 0x69, 0x67, 0x68, 0x74, 0x73, 0x20, 0x2a, 0x2f, 0x0a, 0x20, 0x20, 0x2d, 0x2d, 0x6c
  .byte 0x69, 0x6e, 0x65, 0x2d, 0x68, 0x65, 0x69, 0x67, 0x68, 0x74, 0x2d, 0x62, 0x6f, 0x64, 0x79, 0x3a
  .byte 0x20, 0x31, 0x2e, 0x35, 0x3b, 0x0a, 0x20, 0x20, 0x2d, 0x2d, 0x6c, 0x69, 0x6e, 0x65, 0x2d, 0x68
  .byte 0x65, 0x69, 0x67, 0x68, 0x74, 0x2d, 0x68, 0x65, 0x61, 0x64, 0x69, 0x6e, 0x67, 0x3a, 0x20, 0x31
  .byte 0x2e, 0x32, 0x35, 0x3b, 0x0a, 0x20, 0x20, 0x2d, 0x2d, 0x6c, 0x69, 0x6e, 0x65, 0x2d, 0x68, 0x65
  .byte 0x69, 0x67, 0x68, 0x74, 0x2d, 0x68, 0x65, 0x61, 0x64, 0x69, 0x6e, 0x67, 0x2d, 0x6c, 0x61, 0x72
  .byte 0x67, 0x65, 0x3a, 0x20, 0x31, 0x2e, 0x31, 0x3b, 0x0a, 0x20, 0x20, 0x2d, 0x2d, 0x6c, 0x69, 0x6e
  .byte 0x65, 0x2d, 0x68, 0x65, 0x69, 0x67, 0x68, 0x74, 0x2d, 0x6c, 0x61, 0x62, 0x65, 0x6c, 0x3a, 0x20
  .byte 0x31, 0x2e, 0x32, 0x35, 0x3b, 0x0a, 0x20, 0x20, 0x2d, 0x2d, 0x6c, 0x69, 0x6e, 0x65, 0x2d, 0x68
  .byte 0x65, 0x69, 0x67, 0x68, 0x74, 0x2d, 0x63, 0x6f, 0x64, 0x65, 0x3a, 0x20, 0x31, 0x2e, 0x35, 0x3b
  .byte 0x0a, 0x0a, 0x20, 0x20, 0x2f, 0x2a, 0x20, 0x4c, 0x65, 0x74, 0x74, 0x65, 0x72, 0x20, 0x73, 0x70
  .byte 0x61, 0x63, 0x69, 0x6e, 0x67, 0x20, 0x2a, 0x2f, 0x0a, 0x20, 0x20, 0x2d, 0x2d, 0x6c, 0x65, 0x74
  .byte 0x74, 0x65, 0x72, 0x2d, 0x73, 0x70, 0x61, 0x63, 0x69, 0x6e, 0x67, 0x2d, 0x6e, 0x6f, 0x72, 0x6d
  .byte 0x61, 0x6c, 0x3a, 0x20, 0x30, 0x3b, 0x0a, 0x20, 0x20, 0x2d, 0x2d, 0x6c, 0x65, 0x74, 0x74, 0x65
  .byte 0x72, 0x2d, 0x73, 0x70, 0x61, 0x63, 0x69, 0x6e, 0x67, 0x2d, 0x74, 0x69, 0x67, 0x68, 0x74, 0x3a
  .byte 0x20, 0x2d, 0x30, 0x2e, 0x31, 0x70, 0x78, 0x3b, 0x0a, 0x20, 0x20, 0x2d, 0x2d, 0x6c, 0x65, 0x74
  .byte 0x74, 0x65, 0x72, 0x2d, 0x73, 0x70, 0x61, 0x63, 0x69, 0x6e, 0x67, 0x2d, 0x74, 0x69, 0x67, 0x68
  .byte 0x74, 0x65, 0x72, 0x3a, 0x20, 0x2d, 0x30, 0x2e, 0x32, 0x70, 0x78, 0x3b, 0x0a, 0x0a, 0x20, 0x20
  .byte 0x2f, 0x2a, 0x20, 0x43, 0x6f, 0x6d, 0x70, 0x6f, 0x75, 0x6e, 0x64, 0x20, 0x74, 0x79, 0x70, 0x6f
  .byte 0x67, 0x72, 0x61, 0x70, 0x68, 0x79, 0x3a, 0x20, 0x62, 0x6f, 0x64, 0x79, 0x20, 0x2a, 0x2f, 0x0a
  .byte 0x20, 0x20, 0x2f, 0x2a, 0x20, 0x42, 0x6f, 0x64, 0x79, 0x3a, 0x20, 0x65, 0x78, 0x74, 0x72, 0x61
  .byte 0x20, 0x73, 0x6d, 0x61, 0x6c, 0x6c, 0x20, 0x2a, 0x2f, 0x0a, 0x20, 0x20, 0x2d, 0x2d, 0x74, 0x65
  .byte 0x78, 0x74, 0x2d, 0x62, 0x6f, 0x64, 0x79, 0x2d, 0x78, 0x73, 0x3a, 0x20, 0x76, 0x61, 0x72, 0x28
  .byte 0x2d, 0x2d, 0x66, 0x6f, 0x6e, 0x74, 0x2d, 0x77, 0x65, 0x69, 0x67, 0x68, 0x74, 0x2d, 0x72, 0x65
  .byte 0x67, 0x75, 0x6c, 0x61, 0x72, 0x29, 0x20, 0x76, 0x61, 0x72, 0x28, 0x2d, 0x2d, 0x66, 0x6f, 0x6e
  .byte 0x74, 0x2d, 0x73, 0x69, 0x7a, 0x65, 0x2d, 0x78, 0x73, 0x29, 0x20, 0x2f, 0x20, 0x76, 0x61, 0x72
  .byte 0x28, 0x2d, 0x2d, 0x6c, 0x69, 0x6e, 0x65, 0x2d, 0x68, 0x65, 0x69, 0x67, 0x68, 0x74, 0x2d, 0x62
  .byte 0x6f, 0x64, 0x79, 0x29, 0x0a, 0x20, 0x20, 0x20, 0x20, 0x76, 0x61, 0x72, 0x28, 0x2d, 0x2d, 0x66
  .byte 0x6f, 0x6e, 0x74, 0x2d, 0x62, 0x6f, 0x64, 0x79, 0x29, 0x3b, 0x0a, 0x20, 0x20, 0x2d, 0x2d, 0x74
  .byte 0x65, 0x78, 0x74, 0x2d, 0x62, 0x6f, 0x64, 0x79, 0x2d, 0x78, 0x73, 0x2d, 0x6c, 0x65, 0x74, 0x74
  .byte 0x65, 0x72, 0x2d, 0x73, 0x70, 0x61, 0x63, 0x69, 0x6e, 0x67, 0x3a, 0x20, 0x76, 0x61, 0x72, 0x28
  .byte 0x2d, 0x2d, 0x6c, 0x65, 0x74, 0x74, 0x65, 0x72, 0x2d, 0x73, 0x70, 0x61, 0x63, 0x69, 0x6e, 0x67
  .byte 0x2d, 0x6e, 0x6f, 0x72, 0x6d, 0x61, 0x6c, 0x29, 0x3b, 0x0a, 0x20, 0x20, 0x2d, 0x2d, 0x74, 0x65
  .byte 0x78, 0x74, 0x2d, 0x62, 0x6f, 0x64, 0x79, 0x2d, 0x78, 0x73, 0x2d, 0x68, 0x65, 0x61, 0x76, 0x79
  .byte 0x3a, 0x20, 0x76, 0x61, 0x72, 0x28, 0x2d, 0x2d, 0x66, 0x6f, 0x6e, 0x74, 0x2d, 0x77, 0x65, 0x69
  .byte 0x67, 0x68, 0x74, 0x2d, 0x6d, 0x65, 0x64, 0x69, 0x75, 0x6d, 0x29, 0x20, 0x76, 0x61, 0x72, 0x28
  .byte 0x2d, 0x2d, 0x66, 0x6f, 0x6e, 0x74, 0x2d, 0x73, 0x69, 0x7a, 0x65, 0x2d, 0x78, 0x73, 0x29, 0x20
  .byte 0x2f, 0x20, 0x76, 0x61, 0x72, 0x28, 0x2d, 0x2d, 0x6c, 0x69, 0x6e, 0x65, 0x2d, 0x68, 0x65, 0x69
  .byte 0x67, 0x68, 0x74, 0x2d, 0x62, 0x6f, 0x64, 0x79, 0x29, 0x0a, 0x20, 0x20, 0x20, 0x20, 0x76, 0x61
  .byte 0x72, 0x28, 0x2d, 0x2d, 0x66, 0x6f, 0x6e, 0x74, 0x2d, 0x62, 0x6f, 0x64, 0x79, 0x29, 0x3b, 0x0a
  .byte 0x20, 0x20, 0x2d, 0x2d, 0x74, 0x65, 0x78, 0x74, 0x2d, 0x62, 0x6f, 0x64, 0x79, 0x2d, 0x78, 0x73
  .byte 0x2d, 0x68, 0x65, 0x61, 0x76, 0x79, 0x2d, 0x6c, 0x65, 0x74, 0x74, 0x65, 0x72, 0x2d, 0x73, 0x70
  .byte 0x61, 0x63, 0x69, 0x6e, 0x67, 0x3a, 0x20, 0x76, 0x61, 0x72, 0x28, 0x2d, 0x2d, 0x6c, 0x65, 0x74
  .byte 0x74, 0x65, 0x72, 0x2d, 0x73, 0x70, 0x61, 0x63, 0x69, 0x6e, 0x67, 0x2d, 0x6e, 0x6f, 0x72, 0x6d
  .byte 0x61, 0x6c, 0x29, 0x3b, 0x0a, 0x20, 0x20, 0x2f, 0x2a, 0x20, 0x42, 0x6f, 0x64, 0x79, 0x3a, 0x20
  .byte 0x73, 0x6d, 0x61, 0x6c, 0x6c, 0x20, 0x2a, 0x2f, 0x0a, 0x20, 0x20, 0x2d, 0x2d, 0x74, 0x65, 0x78
  .byte 0x74, 0x2d, 0x62, 0x6f, 0x64, 0x79, 0x2d, 0x73, 0x6d, 0x3a, 0x20, 0x76, 0x61, 0x72, 0x28, 0x2d
  .byte 0x2d, 0x66, 0x6f, 0x6e, 0x74, 0x2d, 0x77, 0x65, 0x69, 0x67, 0x68, 0x74, 0x2d, 0x72, 0x65, 0x67
  .byte 0x75, 0x6c, 0x61, 0x72, 0x29, 0x20, 0x76, 0x61, 0x72, 0x28, 0x2d, 0x2d, 0x66, 0x6f, 0x6e, 0x74
  .byte 0x2d, 0x73, 0x69, 0x7a, 0x65, 0x2d, 0x73, 0x6d, 0x29, 0x20, 0x2f, 0x20, 0x76, 0x61, 0x72, 0x28
  .byte 0x2d, 0x2d, 0x6c, 0x69, 0x6e, 0x65, 0x2d, 0x68, 0x65, 0x69, 0x67, 0x68, 0x74, 0x2d, 0x62, 0x6f
  .byte 0x64, 0x79, 0x29, 0x0a, 0x20, 0x20, 0x20, 0x20, 0x76, 0x61, 0x72, 0x28, 0x2d, 0x2d, 0x66, 0x6f
  .byte 0x6e, 0x74, 0x2d, 0x62, 0x6f, 0x64, 0x79, 0x29, 0x3b, 0x0a, 0x20, 0x20, 0x2d, 0x2d, 0x74, 0x65
  .byte 0x78, 0x74, 0x2d, 0x62, 0x6f, 0x64, 0x79, 0x2d, 0x73, 0x6d, 0x2d, 0x6c, 0x65, 0x74, 0x74, 0x65
  .byte 0x72, 0x2d, 0x73, 0x70, 0x61, 0x63, 0x69, 0x6e, 0x67, 0x3a, 0x20, 0x76, 0x61, 0x72, 0x28, 0x2d
  .byte 0x2d, 0x6c, 0x65, 0x74, 0x74, 0x65, 0x72, 0x2d, 0x73, 0x70, 0x61, 0x63, 0x69, 0x6e, 0x67, 0x2d
  .byte 0x6e, 0x6f, 0x72, 0x6d, 0x61, 0x6c, 0x29, 0x3b, 0x0a, 0x20, 0x20, 0x2d, 0x2d, 0x74, 0x65, 0x78
  .byte 0x74, 0x2d, 0x62, 0x6f, 0x64, 0x79, 0x2d, 0x73, 0x6d, 0x2d, 0x68, 0x65, 0x61, 0x76, 0x79, 0x3a
  .byte 0x20, 0x76, 0x61, 0x72, 0x28, 0x2d, 0x2d, 0x66, 0x6f, 0x6e, 0x74, 0x2d, 0x77, 0x65, 0x69, 0x67
  .byte 0x68, 0x74, 0x2d, 0x6d, 0x65, 0x64, 0x69, 0x75, 0x6d, 0x29, 0x20, 0x76, 0x61, 0x72, 0x28, 0x2d
  .byte 0x2d, 0x66, 0x6f, 0x6e, 0x74, 0x2d, 0x73, 0x69, 0x7a, 0x65, 0x2d, 0x73, 0x6d, 0x29, 0x20, 0x2f
  .byte 0x20, 0x76, 0x61, 0x72, 0x28, 0x2d, 0x2d, 0x6c, 0x69, 0x6e, 0x65, 0x2d, 0x68, 0x65, 0x69, 0x67
  .byte 0x68, 0x74, 0x2d, 0x62, 0x6f, 0x64, 0x79, 0x29, 0x0a, 0x20, 0x20, 0x20, 0x20, 0x76, 0x61, 0x72
  .byte 0x28, 0x2d, 0x2d, 0x66, 0x6f, 0x6e, 0x74, 0x2d, 0x62, 0x6f, 0x64, 0x79, 0x29, 0x3b, 0x0a, 0x20
  .byte 0x20, 0x2d, 0x2d, 0x74, 0x65, 0x78, 0x74, 0x2d, 0x62, 0x6f, 0x64, 0x79, 0x2d, 0x73, 0x6d, 0x2d
  .byte 0x68, 0x65, 0x61, 0x76, 0x79, 0x2d, 0x6c, 0x65, 0x74, 0x74, 0x65, 0x72, 0x2d, 0x73, 0x70, 0x61
  .byte 0x63, 0x69, 0x6e, 0x67, 0x3a, 0x20, 0x76, 0x61, 0x72, 0x28, 0x2d, 0x2d, 0x6c, 0x65, 0x74, 0x74
  .byte 0x65, 0x72, 0x2d, 0x73, 0x70, 0x61, 0x63, 0x69, 0x6e, 0x67, 0x2d, 0x6e, 0x6f, 0x72, 0x6d, 0x61
  .byte 0x6c, 0x29, 0x3b, 0x0a, 0x20, 0x20, 0x2f, 0x2a, 0x20, 0x42, 0x6f, 0x64, 0x79, 0x3a, 0x20, 0x64
  .byte 0x65, 0x66, 0x61, 0x75, 0x6c, 0x74, 0x20, 0x2a, 0x2f, 0x0a, 0x20, 0x20, 0x2d, 0x2d, 0x74, 0x65
  .byte 0x78, 0x74, 0x2d, 0x62, 0x6f, 0x64, 0x79, 0x2d, 0x64, 0x65, 0x66, 0x61, 0x75, 0x6c, 0x74, 0x3a
  .byte 0x20, 0x76, 0x61, 0x72, 0x28, 0x2d, 0x2d, 0x66, 0x6f, 0x6e, 0x74, 0x2d, 0x77, 0x65, 0x69, 0x67
  .byte 0x68, 0x74, 0x2d, 0x72, 0x65, 0x67, 0x75, 0x6c, 0x61, 0x72, 0x29, 0x20, 0x76, 0x61, 0x72, 0x28
  .byte 0x2d, 0x2d, 0x66, 0x6f, 0x6e, 0x74, 0x2d, 0x73, 0x69, 0x7a, 0x65, 0x2d, 0x6d, 0x64, 0x29, 0x20
  .byte 0x2f, 0x20, 0x76, 0x61, 0x72, 0x28, 0x2d, 0x2d, 0x6c, 0x69, 0x6e, 0x65, 0x2d, 0x68, 0x65, 0x69
  .byte 0x67, 0x68, 0x74, 0x2d, 0x62, 0x6f, 0x64, 0x79, 0x29, 0x0a, 0x20, 0x20, 0x20, 0x20, 0x76, 0x61
  .byte 0x72, 0x28, 0x2d, 0x2d, 0x66, 0x6f, 0x6e, 0x74, 0x2d, 0x62, 0x6f, 0x64, 0x79, 0x29, 0x3b, 0x0a
  .byte 0x20, 0x20, 0x2d, 0x2d, 0x74, 0x65, 0x78, 0x74, 0x2d, 0x62, 0x6f, 0x64, 0x79, 0x2d, 0x64, 0x65
  .byte 0x66, 0x61, 0x75, 0x6c, 0x74, 0x2d, 0x6c, 0x65, 0x74, 0x74, 0x65, 0x72, 0x2d, 0x73, 0x70, 0x61
  .byte 0x63, 0x69, 0x6e, 0x67, 0x3a, 0x20, 0x76, 0x61, 0x72, 0x28, 0x2d, 0x2d, 0x6c, 0x65, 0x74, 0x74
  .byte 0x65, 0x72, 0x2d, 0x73, 0x70, 0x61, 0x63, 0x69, 0x6e, 0x67, 0x2d, 0x6e, 0x6f, 0x72, 0x6d, 0x61
  .byte 0x6c, 0x29, 0x3b, 0x0a, 0x20, 0x20, 0x2d, 0x2d, 0x74, 0x65, 0x78, 0x74, 0x2d, 0x62, 0x6f, 0x64
  .byte 0x79, 0x2d, 0x64, 0x65, 0x66, 0x61, 0x75, 0x6c, 0x74, 0x2d, 0x68, 0x65, 0x61, 0x76, 0x79, 0x3a
  .byte 0x20, 0x76, 0x61, 0x72, 0x28, 0x2d, 0x2d, 0x66, 0x6f, 0x6e, 0x74, 0x2d, 0x77, 0x65, 0x69, 0x67
  .byte 0x68, 0x74, 0x2d, 0x6d, 0x65, 0x64, 0x69, 0x75, 0x6d, 0x29, 0x20, 0x76, 0x61, 0x72, 0x28, 0x2d
  .byte 0x2d, 0x66, 0x6f, 0x6e, 0x74, 0x2d, 0x73, 0x69, 0x7a, 0x65, 0x2d, 0x6d, 0x64, 0x29, 0x20, 0x2f
  .byte 0x20, 0x76, 0x61, 0x72, 0x28, 0x2d, 0x2d, 0x6c, 0x69, 0x6e, 0x65, 0x2d, 0x68, 0x65, 0x69, 0x67
  .byte 0x68, 0x74, 0x2d, 0x62, 0x6f, 0x64, 0x79, 0x29, 0x0a, 0x20, 0x20, 0x20, 0x20, 0x76, 0x61, 0x72
  .byte 0x28, 0x2d, 0x2d, 0x66, 0x6f, 0x6e, 0x74, 0x2d, 0x62, 0x6f, 0x64, 0x79, 0x29, 0x3b, 0x0a, 0x20
  .byte 0x20, 0x2d, 0x2d, 0x74, 0x65, 0x78, 0x74, 0x2d, 0x62, 0x6f, 0x64, 0x79, 0x2d, 0x64, 0x65, 0x66
  .byte 0x61, 0x75, 0x6c, 0x74, 0x2d, 0x68, 0x65, 0x61, 0x76, 0x79, 0x2d, 0x6c, 0x65, 0x74, 0x74, 0x65
  .byte 0x72, 0x2d, 0x73, 0x70, 0x61, 0x63, 0x69, 0x6e, 0x67, 0x3a, 0x20, 0x76, 0x61, 0x72, 0x28, 0x2d
  .byte 0x2d, 0x6c, 0x65, 0x74, 0x74, 0x65, 0x72, 0x2d, 0x73, 0x70, 0x61, 0x63, 0x69, 0x6e, 0x67, 0x2d
  .byte 0x6e, 0x6f, 0x72, 0x6d, 0x61, 0x6c, 0x29, 0x3b, 0x0a, 0x20, 0x20, 0x2f, 0x2a, 0x20, 0x42, 0x6f
  .byte 0x64, 0x79, 0x3a, 0x20, 0x6c, 0x61, 0x72, 0x67, 0x65, 0x20, 0x2a, 0x2f, 0x0a, 0x20, 0x20, 0x2d
  .byte 0x2d, 0x74, 0x65, 0x78, 0x74, 0x2d, 0x62, 0x6f, 0x64, 0x79, 0x2d, 0x6c, 0x67, 0x3a, 0x20, 0x76
  .byte 0x61, 0x72, 0x28, 0x2d, 0x2d, 0x66, 0x6f, 0x6e, 0x74, 0x2d, 0x77, 0x65, 0x69, 0x67, 0x68, 0x74
  .byte 0x2d, 0x72, 0x65, 0x67, 0x75, 0x6c, 0x61, 0x72, 0x29, 0x20, 0x76, 0x61, 0x72, 0x28, 0x2d, 0x2d
  .byte 0x66, 0x6f, 0x6e, 0x74, 0x2d, 0x73, 0x69, 0x7a, 0x65, 0x2d, 0x6c, 0x67, 0x29, 0x20, 0x2f, 0x20
  .byte 0x76, 0x61, 0x72, 0x28, 0x2d, 0x2d, 0x6c, 0x69, 0x6e, 0x65, 0x2d, 0x68, 0x65, 0x69, 0x67, 0x68
  .byte 0x74, 0x2d, 0x62, 0x6f, 0x64, 0x79, 0x29, 0x0a, 0x20, 0x20, 0x20, 0x20, 0x76, 0x61, 0x72, 0x28
  .byte 0x2d, 0x2d, 0x66, 0x6f, 0x6e, 0x74, 0x2d, 0x62, 0x6f, 0x64, 0x79, 0x29, 0x3b, 0x0a, 0x20, 0x20
  .byte 0x2d, 0x2d, 0x74, 0x65, 0x78, 0x74, 0x2d, 0x62, 0x6f, 0x64, 0x79, 0x2d, 0x6c, 0x67, 0x2d, 0x6c
  .byte 0x65, 0x74, 0x74, 0x65, 0x72, 0x2d, 0x73, 0x70, 0x61, 0x63, 0x69, 0x6e, 0x67, 0x3a, 0x20, 0x76
  .byte 0x61, 0x72, 0x28, 0x2d, 0x2d, 0x6c, 0x65, 0x74, 0x74, 0x65, 0x72, 0x2d, 0x73, 0x70, 0x61, 0x63
  .byte 0x69, 0x6e, 0x67, 0x2d, 0x6e, 0x6f, 0x72, 0x6d, 0x61, 0x6c, 0x29, 0x3b, 0x0a, 0x20, 0x20, 0x2d
  .byte 0x2d, 0x74, 0x65, 0x78, 0x74, 0x2d, 0x62, 0x6f, 0x64, 0x79, 0x2d, 0x6c, 0x67, 0x2d, 0x68, 0x65
  .byte 0x61, 0x76, 0x79, 0x3a, 0x20, 0x76, 0x61, 0x72, 0x28, 0x2d, 0x2d, 0x66, 0x6f, 0x6e, 0x74, 0x2d
  .byte 0x77, 0x65, 0x69, 0x67, 0x68, 0x74, 0x2d, 0x6d, 0x65, 0x64, 0x69, 0x75, 0x6d, 0x29, 0x20, 0x76
  .byte 0x61, 0x72, 0x28, 0x2d, 0x2d, 0x66, 0x6f, 0x6e, 0x74, 0x2d, 0x73, 0x69, 0x7a, 0x65, 0x2d, 0x6c
  .byte 0x67, 0x29, 0x20, 0x2f, 0x20, 0x76, 0x61, 0x72, 0x28, 0x2d, 0x2d, 0x6c, 0x69, 0x6e, 0x65, 0x2d
  .byte 0x68, 0x65, 0x69, 0x67, 0x68, 0x74, 0x2d, 0x62, 0x6f, 0x64, 0x79, 0x29, 0x0a, 0x20, 0x20, 0x20
  .byte 0x20, 0x76, 0x61, 0x72, 0x28, 0x2d, 0x2d, 0x66, 0x6f, 0x6e, 0x74, 0x2d, 0x62, 0x6f, 0x64, 0x79
  .byte 0x29, 0x3b, 0x0a, 0x20, 0x20, 0x2d, 0x2d, 0x74, 0x65, 0x78, 0x74, 0x2d, 0x62, 0x6f, 0x64, 0x79
  .byte 0x2d, 0x6c, 0x67, 0x2d, 0x68, 0x65, 0x61, 0x76, 0x79, 0x2d, 0x6c, 0x65, 0x74, 0x74, 0x65, 0x72
  .byte 0x2d, 0x73, 0x70, 0x61, 0x63, 0x69, 0x6e, 0x67, 0x3a, 0x20, 0x76, 0x61, 0x72, 0x28, 0x2d, 0x2d
  .byte 0x6c, 0x65, 0x74, 0x74, 0x65, 0x72, 0x2d, 0x73, 0x70, 0x61, 0x63, 0x69, 0x6e, 0x67, 0x2d, 0x6e
  .byte 0x6f, 0x72, 0x6d, 0x61, 0x6c, 0x29, 0x3b, 0x0a, 0x0a, 0x20, 0x20, 0x2f, 0x2a, 0x20, 0x43, 0x6f
  .byte 0x6d, 0x70, 0x6f, 0x75, 0x6e, 0x64, 0x20, 0x74, 0x79, 0x70, 0x6f, 0x67, 0x72, 0x61, 0x70, 0x68
  .byte 0x79, 0x3a, 0x20, 0x68, 0x65, 0x61, 0x64, 0x69, 0x6e, 0x67, 0x20, 0x2a, 0x2f, 0x0a, 0x20, 0x20
  .byte 0x2f, 0x2a, 0x20, 0x48, 0x65, 0x61, 0x64, 0x69, 0x6e, 0x67, 0x3a, 0x20, 0x65, 0x78, 0x74, 0x72
  .byte 0x61, 0x20, 0x73, 0x6d, 0x61, 0x6c, 0x6c, 0x20, 0x2a, 0x2f, 0x0a, 0x20, 0x20, 0x2d, 0x2d, 0x74
  .byte 0x65, 0x78, 0x74, 0x2d, 0x68, 0x65, 0x61, 0x64, 0x69, 0x6e, 0x67, 0x2d, 0x78, 0x73, 0x3a, 0x20
  .byte 0x76, 0x61, 0x72, 0x28, 0x2d, 0x2d, 0x66, 0x6f, 0x6e, 0x74, 0x2d, 0x77, 0x65, 0x69, 0x67, 0x68
  .byte 0x74, 0x2d, 0x62, 0x6f, 0x6c, 0x64, 0x29, 0x20, 0x76, 0x61, 0x72, 0x28, 0x2d, 0x2d, 0x66, 0x6f
  .byte 0x6e, 0x74, 0x2d, 0x73, 0x69, 0x7a, 0x65, 0x2d, 0x6d, 0x64, 0x29, 0x20, 0x2f, 0x20, 0x76, 0x61
  .byte 0x72, 0x28, 0x2d, 0x2d, 0x6c, 0x69, 0x6e, 0x65, 0x2d, 0x68, 0x65, 0x69, 0x67, 0x68, 0x74, 0x2d
  .byte 0x68, 0x65, 0x61, 0x64, 0x69, 0x6e, 0x67, 0x29, 0x0a, 0x20, 0x20, 0x20, 0x20, 0x76, 0x61, 0x72
  .byte 0x28, 0x2d, 0x2d, 0x66, 0x6f, 0x6e, 0x74, 0x2d, 0x68, 0x65, 0x61, 0x64, 0x69, 0x6e, 0x67, 0x29
  .byte 0x3b, 0x0a, 0x20, 0x20, 0x2d, 0x2d, 0x74, 0x65, 0x78, 0x74, 0x2d, 0x68, 0x65, 0x61, 0x64, 0x69
  .byte 0x6e, 0x67, 0x2d, 0x78, 0x73, 0x2d, 0x6c, 0x65, 0x74, 0x74, 0x65, 0x72, 0x2d, 0x73, 0x70, 0x61
  .byte 0x63, 0x69, 0x6e, 0x67, 0x3a, 0x20, 0x76, 0x61, 0x72, 0x28, 0x2d, 0x2d, 0x6c, 0x65, 0x74, 0x74
  .byte 0x65, 0x72, 0x2d, 0x73, 0x70, 0x61, 0x63, 0x69, 0x6e, 0x67, 0x2d, 0x6e, 0x6f, 0x72, 0x6d, 0x61
  .byte 0x6c, 0x29, 0x3b, 0x0a, 0x20, 0x20, 0x2f, 0x2a, 0x20, 0x48, 0x65, 0x61, 0x64, 0x69, 0x6e, 0x67
  .byte 0x3a, 0x20, 0x73, 0x6d, 0x61, 0x6c, 0x6c, 0x20, 0x2a, 0x2f, 0x0a, 0x20, 0x20, 0x2d, 0x2d, 0x74
  .byte 0x65, 0x78, 0x74, 0x2d, 0x68, 0x65, 0x61, 0x64, 0x69, 0x6e, 0x67, 0x2d, 0x73, 0x6d, 0x3a, 0x20
  .byte 0x76, 0x61, 0x72, 0x28, 0x2d, 0x2d, 0x66, 0x6f, 0x6e, 0x74, 0x2d, 0x77, 0x65, 0x69, 0x67, 0x68
  .byte 0x74, 0x2d, 0x62, 0x6f, 0x6c, 0x64, 0x29, 0x20, 0x76, 0x61, 0x72, 0x28, 0x2d, 0x2d, 0x66, 0x6f
  .byte 0x6e, 0x74, 0x2d, 0x73, 0x69, 0x7a, 0x65, 0x2d, 0x6c, 0x67, 0x29, 0x20, 0x2f, 0x20, 0x76, 0x61
  .byte 0x72, 0x28, 0x2d, 0x2d, 0x6c, 0x69, 0x6e, 0x65, 0x2d, 0x68, 0x65, 0x69, 0x67, 0x68, 0x74, 0x2d
  .byte 0x68, 0x65, 0x61, 0x64, 0x69, 0x6e, 0x67, 0x29, 0x0a, 0x20, 0x20, 0x20, 0x20, 0x76, 0x61, 0x72
  .byte 0x28, 0x2d, 0x2d, 0x66, 0x6f, 0x6e, 0x74, 0x2d, 0x68, 0x65, 0x61, 0x64, 0x69, 0x6e, 0x67, 0x29
  .byte 0x3b, 0x0a, 0x20, 0x20, 0x2d, 0x2d, 0x74, 0x65, 0x78, 0x74, 0x2d, 0x68, 0x65, 0x61, 0x64, 0x69
  .byte 0x6e, 0x67, 0x2d, 0x73, 0x6d, 0x2d, 0x6c, 0x65, 0x74, 0x74, 0x65, 0x72, 0x2d, 0x73, 0x70, 0x61
  .byte 0x63, 0x69, 0x6e, 0x67, 0x3a, 0x20, 0x76, 0x61, 0x72, 0x28, 0x2d, 0x2d, 0x6c, 0x65, 0x74, 0x74
  .byte 0x65, 0x72, 0x2d, 0x73, 0x70, 0x61, 0x63, 0x69, 0x6e, 0x67, 0x2d, 0x6e, 0x6f, 0x72, 0x6d, 0x61
  .byte 0x6c, 0x29, 0x3b, 0x0a, 0x20, 0x20, 0x2f, 0x2a, 0x20, 0x48, 0x65, 0x61, 0x64, 0x69, 0x6e, 0x67
  .byte 0x3a, 0x20, 0x6d, 0x65, 0x64, 0x69, 0x75, 0x6d, 0x20, 0x2a, 0x2f, 0x0a, 0x20, 0x20, 0x2d, 0x2d
  .byte 0x74, 0x65, 0x78, 0x74, 0x2d, 0x68, 0x65, 0x61, 0x64, 0x69, 0x6e, 0x67, 0x2d, 0x6d, 0x64, 0x3a
  .byte 0x20, 0x76, 0x61, 0x72, 0x28, 0x2d, 0x2d, 0x66, 0x6f, 0x6e, 0x74, 0x2d, 0x77, 0x65, 0x69, 0x67
  .byte 0x68, 0x74, 0x2d, 0x62, 0x6f, 0x6c, 0x64, 0x29, 0x20, 0x76, 0x61, 0x72, 0x28, 0x2d, 0x2d, 0x66
  .byte 0x6f, 0x6e, 0x74, 0x2d, 0x73, 0x69, 0x7a, 0x65, 0x2d, 0x32, 0x78, 0x6c, 0x29, 0x20, 0x2f, 0x20
  .byte 0x76, 0x61, 0x72, 0x28, 0x2d, 0x2d, 0x6c, 0x69, 0x6e, 0x65, 0x2d, 0x68, 0x65, 0x69, 0x67, 0x68
  .byte 0x74, 0x2d, 0x68, 0x65, 0x61, 0x64, 0x69, 0x6e, 0x67, 0x2d, 0x6c, 0x61, 0x72, 0x67, 0x65, 0x29
  .byte 0x0a, 0x20, 0x20, 0x20, 0x20, 0x76, 0x61, 0x72, 0x28, 0x2d, 0x2d, 0x66, 0x6f, 0x6e, 0x74, 0x2d
  .byte 0x68, 0x65, 0x61, 0x64, 0x69, 0x6e, 0x67, 0x29, 0x3b, 0x0a, 0x20, 0x20, 0x2d, 0x2d, 0x74, 0x65
  .byte 0x78, 0x74, 0x2d, 0x68, 0x65, 0x61, 0x64, 0x69, 0x6e, 0x67, 0x2d, 0x6d, 0x64, 0x2d, 0x6c, 0x65
  .byte 0x74, 0x74, 0x65, 0x72, 0x2d, 0x73, 0x70, 0x61, 0x63, 0x69, 0x6e, 0x67, 0x3a, 0x20, 0x76, 0x61
  .byte 0x72, 0x28, 0x2d, 0x2d, 0x6c, 0x65, 0x74, 0x74, 0x65, 0x72, 0x2d, 0x73, 0x70, 0x61, 0x63, 0x69
  .byte 0x6e, 0x67, 0x2d, 0x6e, 0x6f, 0x72, 0x6d, 0x61, 0x6c, 0x29, 0x3b, 0x0a, 0x20, 0x20, 0x2f, 0x2a
  .byte 0x20, 0x48, 0x65, 0x61, 0x64, 0x69, 0x6e, 0x67, 0x3a, 0x20, 0x6c, 0x61, 0x72, 0x67, 0x65, 0x20
  .byte 0x2a, 0x2f, 0x0a, 0x20, 0x20, 0x2d, 0x2d, 0x74, 0x65, 0x78, 0x74, 0x2d, 0x68, 0x65, 0x61, 0x64
  .byte 0x69, 0x6e, 0x67, 0x2d, 0x6c, 0x67, 0x3a, 0x20, 0x76, 0x61, 0x72, 0x28, 0x2d, 0x2d, 0x66, 0x6f
  .byte 0x6e, 0x74, 0x2d, 0x77, 0x65, 0x69, 0x67, 0x68, 0x74, 0x2d, 0x62, 0x6f, 0x6c, 0x64, 0x29, 0x20
  .byte 0x76, 0x61, 0x72, 0x28, 0x2d, 0x2d, 0x66, 0x6f, 0x6e, 0x74, 0x2d, 0x73, 0x69, 0x7a, 0x65, 0x2d
  .byte 0x33, 0x78, 0x6c, 0x29, 0x20, 0x2f, 0x20, 0x76, 0x61, 0x72, 0x28, 0x2d, 0x2d, 0x6c, 0x69, 0x6e
  .byte 0x65, 0x2d, 0x68, 0x65, 0x69, 0x67, 0x68, 0x74, 0x2d, 0x68, 0x65, 0x61, 0x64, 0x69, 0x6e, 0x67
  .byte 0x2d, 0x6c, 0x61, 0x72, 0x67, 0x65, 0x29, 0x0a, 0x20, 0x20, 0x20, 0x20, 0x76, 0x61, 0x72, 0x28
  .byte 0x2d, 0x2d, 0x66, 0x6f, 0x6e, 0x74, 0x2d, 0x68, 0x65, 0x61, 0x64, 0x69, 0x6e, 0x67, 0x29, 0x3b
  .byte 0x0a, 0x20, 0x20, 0x2d, 0x2d, 0x74, 0x65, 0x78, 0x74, 0x2d, 0x68, 0x65, 0x61, 0x64, 0x69, 0x6e
  .byte 0x67, 0x2d, 0x6c, 0x67, 0x2d, 0x6c, 0x65, 0x74, 0x74, 0x65, 0x72, 0x2d, 0x73, 0x70, 0x61, 0x63
  .byte 0x69, 0x6e, 0x67, 0x3a, 0x20, 0x76, 0x61, 0x72, 0x28, 0x2d, 0x2d, 0x6c, 0x65, 0x74, 0x74, 0x65
  .byte 0x72, 0x2d, 0x73, 0x70, 0x61, 0x63, 0x69, 0x6e, 0x67, 0x2d, 0x74, 0x69, 0x67, 0x68, 0x74, 0x29
  .byte 0x3b, 0x0a, 0x20, 0x20, 0x2f, 0x2a, 0x20, 0x48, 0x65, 0x61, 0x64, 0x69, 0x6e, 0x67, 0x3a, 0x20
  .byte 0x65, 0x78, 0x74, 0x72, 0x61, 0x20, 0x6c, 0x61, 0x72, 0x67, 0x65, 0x20, 0x2a, 0x2f, 0x0a, 0x20
  .byte 0x20, 0x2d, 0x2d, 0x74, 0x65, 0x78, 0x74, 0x2d, 0x68, 0x65, 0x61, 0x64, 0x69, 0x6e, 0x67, 0x2d
  .byte 0x78, 0x6c, 0x3a, 0x20, 0x76, 0x61, 0x72, 0x28, 0x2d, 0x2d, 0x66, 0x6f, 0x6e, 0x74, 0x2d, 0x77
  .byte 0x65, 0x69, 0x67, 0x68, 0x74, 0x2d, 0x68, 0x65, 0x61, 0x76, 0x79, 0x29, 0x20, 0x76, 0x61, 0x72
  .byte 0x28, 0x2d, 0x2d, 0x66, 0x6f, 0x6e, 0x74, 0x2d, 0x73, 0x69, 0x7a, 0x65, 0x2d, 0x34, 0x78, 0x6c
  .byte 0x29, 0x20, 0x2f, 0x0a, 0x20, 0x20, 0x20, 0x20, 0x76, 0x61, 0x72, 0x28, 0x2d, 0x2d, 0x6c, 0x69
  .byte 0x6e, 0x65, 0x2d, 0x68, 0x65, 0x69, 0x67, 0x68, 0x74, 0x2d, 0x68, 0x65, 0x61, 0x64, 0x69, 0x6e
  .byte 0x67, 0x2d, 0x6c, 0x61, 0x72, 0x67, 0x65, 0x29, 0x20, 0x76, 0x61, 0x72, 0x28, 0x2d, 0x2d, 0x66
  .byte 0x6f, 0x6e, 0x74, 0x2d, 0x68, 0x65, 0x61, 0x64, 0x69, 0x6e, 0x67, 0x29, 0x3b, 0x0a, 0x20, 0x20
  .byte 0x2d, 0x2d, 0x74, 0x65, 0x78, 0x74, 0x2d, 0x68, 0x65, 0x61, 0x64, 0x69, 0x6e, 0x67, 0x2d, 0x78
  .byte 0x6c, 0x2d, 0x6c, 0x65, 0x74, 0x74, 0x65, 0x72, 0x2d, 0x73, 0x70, 0x61, 0x63, 0x69, 0x6e, 0x67
  .byte 0x3a, 0x20, 0x76, 0x61, 0x72, 0x28, 0x2d, 0x2d, 0x6c, 0x65, 0x74, 0x74, 0x65, 0x72, 0x2d, 0x73
  .byte 0x70, 0x61, 0x63, 0x69, 0x6e, 0x67, 0x2d, 0x74, 0x69, 0x67, 0x68, 0x74, 0x29, 0x3b, 0x0a, 0x0a
  .byte 0x20, 0x20, 0x2f, 0x2a, 0x20, 0x43, 0x6f, 0x6d, 0x70, 0x6f, 0x75, 0x6e, 0x64, 0x20, 0x74, 0x79
  .byte 0x70, 0x6f, 0x67, 0x72, 0x61, 0x70, 0x68, 0x79, 0x3a, 0x20, 0x6c, 0x61, 0x62, 0x65, 0x6c, 0x20
  .byte 0x2a, 0x2f, 0x0a, 0x20, 0x20, 0x2f, 0x2a, 0x20, 0x4c, 0x61, 0x62, 0x65, 0x6c, 0x3a, 0x20, 0x65
  .byte 0x78, 0x74, 0x72, 0x61, 0x20, 0x73, 0x6d, 0x61, 0x6c, 0x6c, 0x20, 0x2a, 0x2f, 0x0a, 0x20, 0x20
  .byte 0x2d, 0x2d, 0x74, 0x65, 0x78, 0x74, 0x2d, 0x6c, 0x61, 0x62, 0x65, 0x6c, 0x2d, 0x78, 0x73, 0x3a
  .byte 0x20, 0x76, 0x61, 0x72, 0x28, 0x2d, 0x2d, 0x66, 0x6f, 0x6e, 0x74, 0x2d, 0x77, 0x65, 0x69, 0x67
  .byte 0x68, 0x74, 0x2d, 0x72, 0x65, 0x67, 0x75, 0x6c, 0x61, 0x72, 0x29, 0x20, 0x76, 0x61, 0x72, 0x28
  .byte 0x2d, 0x2d, 0x66, 0x6f, 0x6e, 0x74, 0x2d, 0x73, 0x69, 0x7a, 0x65, 0x2d, 0x78, 0x73, 0x29, 0x20
  .byte 0x2f, 0x20, 0x76, 0x61, 0x72, 0x28, 0x2d, 0x2d, 0x6c, 0x69, 0x6e, 0x65, 0x2d, 0x68, 0x65, 0x69
  .byte 0x67, 0x68, 0x74, 0x2d, 0x6c, 0x61, 0x62, 0x65, 0x6c, 0x29, 0x0a, 0x20, 0x20, 0x20, 0x20, 0x76
  .byte 0x61, 0x72, 0x28, 0x2d, 0x2d, 0x66, 0x6f, 0x6e, 0x74, 0x2d, 0x6c, 0x61, 0x62, 0x65, 0x6c, 0x29
  .byte 0x3b, 0x0a, 0x20, 0x20, 0x2d, 0x2d, 0x74, 0x65, 0x78, 0x74, 0x2d, 0x6c, 0x61, 0x62, 0x65, 0x6c
  .byte 0x2d, 0x78, 0x73, 0x2d, 0x6c, 0x65, 0x74, 0x74, 0x65, 0x72, 0x2d, 0x73, 0x70, 0x61, 0x63, 0x69
  .byte 0x6e, 0x67, 0x3a, 0x20, 0x76, 0x61, 0x72, 0x28, 0x2d, 0x2d, 0x6c, 0x65, 0x74, 0x74, 0x65, 0x72
  .byte 0x2d, 0x73, 0x70, 0x61, 0x63, 0x69, 0x6e, 0x67, 0x2d, 0x6e, 0x6f, 0x72, 0x6d, 0x61, 0x6c, 0x29
  .byte 0x3b, 0x0a, 0x20, 0x20, 0x2d, 0x2d, 0x74, 0x65, 0x78, 0x74, 0x2d, 0x6c, 0x61, 0x62, 0x65, 0x6c
  .byte 0x2d, 0x78, 0x73, 0x2d, 0x68, 0x65, 0x61, 0x76, 0x79, 0x3a, 0x20, 0x76, 0x61, 0x72, 0x28, 0x2d
  .byte 0x2d, 0x66, 0x6f, 0x6e, 0x74, 0x2d, 0x77, 0x65, 0x69, 0x67, 0x68, 0x74, 0x2d, 0x6d, 0x65, 0x64
  .byte 0x69, 0x75, 0x6d, 0x29, 0x20, 0x76, 0x61, 0x72, 0x28, 0x2d, 0x2d, 0x66, 0x6f, 0x6e, 0x74, 0x2d
  .byte 0x73, 0x69, 0x7a, 0x65, 0x2d, 0x78, 0x73, 0x29, 0x20, 0x2f, 0x20, 0x76, 0x61, 0x72, 0x28, 0x2d
  .byte 0x2d, 0x6c, 0x69, 0x6e, 0x65, 0x2d, 0x68, 0x65, 0x69, 0x67, 0x68, 0x74, 0x2d, 0x6c, 0x61, 0x62
  .byte 0x65, 0x6c, 0x29, 0x0a, 0x20, 0x20, 0x20, 0x20, 0x76, 0x61, 0x72, 0x28, 0x2d, 0x2d, 0x66, 0x6f
  .byte 0x6e, 0x74, 0x2d, 0x6c, 0x61, 0x62, 0x65, 0x6c, 0x29, 0x3b, 0x0a, 0x20, 0x20, 0x2d, 0x2d, 0x74
  .byte 0x65, 0x78, 0x74, 0x2d, 0x6c, 0x61, 0x62, 0x65, 0x6c, 0x2d, 0x78, 0x73, 0x2d, 0x68, 0x65, 0x61
  .byte 0x76, 0x79, 0x2d, 0x6c, 0x65, 0x74, 0x74, 0x65, 0x72, 0x2d, 0x73, 0x70, 0x61, 0x63, 0x69, 0x6e
  .byte 0x67, 0x3a, 0x20, 0x76, 0x61, 0x72, 0x28, 0x2d, 0x2d, 0x6c, 0x65, 0x74, 0x74, 0x65, 0x72, 0x2d
  .byte 0x73, 0x70, 0x61, 0x63, 0x69, 0x6e, 0x67, 0x2d, 0x6e, 0x6f, 0x72, 0x6d, 0x61, 0x6c, 0x29, 0x3b
  .byte 0x0a, 0x20, 0x20, 0x2f, 0x2a, 0x20, 0x4c, 0x61, 0x62, 0x65, 0x6c, 0x3a, 0x20, 0x73, 0x6d, 0x61
  .byte 0x6c, 0x6c, 0x20, 0x2a, 0x2f, 0x0a, 0x20, 0x20, 0x2d, 0x2d, 0x74, 0x65, 0x78, 0x74, 0x2d, 0x6c
  .byte 0x61, 0x62, 0x65, 0x6c, 0x2d, 0x73, 0x6d, 0x3a, 0x20, 0x76, 0x61, 0x72, 0x28, 0x2d, 0x2d, 0x66
  .byte 0x6f, 0x6e, 0x74, 0x2d, 0x77, 0x65, 0x69, 0x67, 0x68, 0x74, 0x2d, 0x72, 0x65, 0x67, 0x75, 0x6c
  .byte 0x61, 0x72, 0x29, 0x20, 0x76, 0x61, 0x72, 0x28, 0x2d, 0x2d, 0x66, 0x6f, 0x6e, 0x74, 0x2d, 0x73
  .byte 0x69, 0x7a, 0x65, 0x2d, 0x73, 0x6d, 0x29, 0x20, 0x2f, 0x20, 0x76, 0x61, 0x72, 0x28, 0x2d, 0x2d
  .byte 0x6c, 0x69, 0x6e, 0x65, 0x2d, 0x68, 0x65, 0x69, 0x67, 0x68, 0x74, 0x2d, 0x6c, 0x61, 0x62, 0x65
  .byte 0x6c, 0x29, 0x0a, 0x20, 0x20, 0x20, 0x20, 0x76, 0x61, 0x72, 0x28, 0x2d, 0x2d, 0x66, 0x6f, 0x6e
  .byte 0x74, 0x2d, 0x6c, 0x61, 0x62, 0x65, 0x6c, 0x29, 0x3b, 0x0a, 0x20, 0x20, 0x2d, 0x2d, 0x74, 0x65
  .byte 0x78, 0x74, 0x2d, 0x6c, 0x61, 0x62, 0x65, 0x6c, 0x2d, 0x73, 0x6d, 0x2d, 0x6c, 0x65, 0x74, 0x74
  .byte 0x65, 0x72, 0x2d, 0x73, 0x70, 0x61, 0x63, 0x69, 0x6e, 0x67, 0x3a, 0x20, 0x76, 0x61, 0x72, 0x28
  .byte 0x2d, 0x2d, 0x6c, 0x65, 0x74, 0x74, 0x65, 0x72, 0x2d, 0x73, 0x70, 0x61, 0x63, 0x69, 0x6e, 0x67
  .byte 0x2d, 0x6e, 0x6f, 0x72, 0x6d, 0x61, 0x6c, 0x29, 0x3b, 0x0a, 0x20, 0x20, 0x2d, 0x2d, 0x74, 0x65
  .byte 0x78, 0x74, 0x2d, 0x6c, 0x61, 0x62, 0x65, 0x6c, 0x2d, 0x73, 0x6d, 0x2d, 0x68, 0x65, 0x61, 0x76
  .byte 0x79, 0x3a, 0x20, 0x76, 0x61, 0x72, 0x28, 0x2d, 0x2d, 0x66, 0x6f, 0x6e, 0x74, 0x2d, 0x77, 0x65
  .byte 0x69, 0x67, 0x68, 0x74, 0x2d, 0x6d, 0x65, 0x64, 0x69, 0x75, 0x6d, 0x29, 0x20, 0x76, 0x61, 0x72
  .byte 0x28, 0x2d, 0x2d, 0x66, 0x6f, 0x6e, 0x74, 0x2d, 0x73, 0x69, 0x7a, 0x65, 0x2d, 0x73, 0x6d, 0x29
  .byte 0x20, 0x2f, 0x20, 0x76, 0x61, 0x72, 0x28, 0x2d, 0x2d, 0x6c, 0x69, 0x6e, 0x65, 0x2d, 0x68, 0x65
  .byte 0x69, 0x67, 0x68, 0x74, 0x2d, 0x6c, 0x61, 0x62, 0x65, 0x6c, 0x29, 0x0a, 0x20, 0x20, 0x20, 0x20
  .byte 0x76, 0x61, 0x72, 0x28, 0x2d, 0x2d, 0x66, 0x6f, 0x6e, 0x74, 0x2d, 0x6c, 0x61, 0x62, 0x65, 0x6c
  .byte 0x29, 0x3b, 0x0a, 0x20, 0x20, 0x2d, 0x2d, 0x74, 0x65, 0x78, 0x74, 0x2d, 0x6c, 0x61, 0x62, 0x65
  .byte 0x6c, 0x2d, 0x73, 0x6d, 0x2d, 0x68, 0x65, 0x61, 0x76, 0x79, 0x2d, 0x6c, 0x65, 0x74, 0x74, 0x65
  .byte 0x72, 0x2d, 0x73, 0x70, 0x61, 0x63, 0x69, 0x6e, 0x67, 0x3a, 0x20, 0x76, 0x61, 0x72, 0x28, 0x2d
  .byte 0x2d, 0x6c, 0x65, 0x74, 0x74, 0x65, 0x72, 0x2d, 0x73, 0x70, 0x61, 0x63, 0x69, 0x6e, 0x67, 0x2d
  .byte 0x6e, 0x6f, 0x72, 0x6d, 0x61, 0x6c, 0x29, 0x3b, 0x0a, 0x20, 0x20, 0x2f, 0x2a, 0x20, 0x4c, 0x61
  .byte 0x62, 0x65, 0x6c, 0x3a, 0x20, 0x64, 0x65, 0x66, 0x61, 0x75, 0x6c, 0x74, 0x20, 0x2a, 0x2f, 0x0a
  .byte 0x20, 0x20, 0x2d, 0x2d, 0x74, 0x65, 0x78, 0x74, 0x2d, 0x6c, 0x61, 0x62, 0x65, 0x6c, 0x2d, 0x64
  .byte 0x65, 0x66, 0x61, 0x75, 0x6c, 0x74, 0x3a, 0x20, 0x76, 0x61, 0x72, 0x28, 0x2d, 0x2d, 0x66, 0x6f
  .byte 0x6e, 0x74, 0x2d, 0x77, 0x65, 0x69, 0x67, 0x68, 0x74, 0x2d, 0x72, 0x65, 0x67, 0x75, 0x6c, 0x61
  .byte 0x72, 0x29, 0x20, 0x76, 0x61, 0x72, 0x28, 0x2d, 0x2d, 0x66, 0x6f, 0x6e, 0x74, 0x2d, 0x73, 0x69
  .byte 0x7a, 0x65, 0x2d, 0x6d, 0x64, 0x29, 0x20, 0x2f, 0x20, 0x76, 0x61, 0x72, 0x28, 0x2d, 0x2d, 0x6c
  .byte 0x69, 0x6e, 0x65, 0x2d, 0x68, 0x65, 0x69, 0x67, 0x68, 0x74, 0x2d, 0x6c, 0x61, 0x62, 0x65, 0x6c
  .byte 0x29, 0x0a, 0x20, 0x20, 0x20, 0x20, 0x76, 0x61, 0x72, 0x28, 0x2d, 0x2d, 0x66, 0x6f, 0x6e, 0x74
  .byte 0x2d, 0x6c, 0x61, 0x62, 0x65, 0x6c, 0x29, 0x3b, 0x0a, 0x20, 0x20, 0x2d, 0x2d, 0x74, 0x65, 0x78
  .byte 0x74, 0x2d, 0x6c, 0x61, 0x62, 0x65, 0x6c, 0x2d, 0x64, 0x65, 0x66, 0x61, 0x75, 0x6c, 0x74, 0x2d
  .byte 0x6c, 0x65, 0x74, 0x74, 0x65, 0x72, 0x2d, 0x73, 0x70, 0x61, 0x63, 0x69, 0x6e, 0x67, 0x3a, 0x20
  .byte 0x76, 0x61, 0x72, 0x28, 0x2d, 0x2d, 0x6c, 0x65, 0x74, 0x74, 0x65, 0x72, 0x2d, 0x73, 0x70, 0x61
  .byte 0x63, 0x69, 0x6e, 0x67, 0x2d, 0x6e, 0x6f, 0x72, 0x6d, 0x61, 0x6c, 0x29, 0x3b, 0x0a, 0x20, 0x20
  .byte 0x2d, 0x2d, 0x74, 0x65, 0x78, 0x74, 0x2d, 0x6c, 0x61, 0x62, 0x65, 0x6c, 0x2d, 0x64, 0x65, 0x66
  .byte 0x61, 0x75, 0x6c, 0x74, 0x2d, 0x68, 0x65, 0x61, 0x76, 0x79, 0x3a, 0x20, 0x76, 0x61, 0x72, 0x28
  .byte 0x2d, 0x2d, 0x66, 0x6f, 0x6e, 0x74, 0x2d, 0x77, 0x65, 0x69, 0x67, 0x68, 0x74, 0x2d, 0x6d, 0x65
  .byte 0x64, 0x69, 0x75, 0x6d, 0x29, 0x20, 0x76, 0x61, 0x72, 0x28, 0x2d, 0x2d, 0x66, 0x6f, 0x6e, 0x74
  .byte 0x2d, 0x73, 0x69, 0x7a, 0x65, 0x2d, 0x6d, 0x64, 0x29, 0x20, 0x2f, 0x0a, 0x20, 0x20, 0x20, 0x20
  .byte 0x76, 0x61, 0x72, 0x28, 0x2d, 0x2d, 0x6c, 0x69, 0x6e, 0x65, 0x2d, 0x68, 0x65, 0x69, 0x67, 0x68
  .byte 0x74, 0x2d, 0x6c, 0x61, 0x62, 0x65, 0x6c, 0x29, 0x20, 0x76, 0x61, 0x72, 0x28, 0x2d, 0x2d, 0x66
  .byte 0x6f, 0x6e, 0x74, 0x2d, 0x6c, 0x61, 0x62, 0x65, 0x6c, 0x29, 0x3b, 0x0a, 0x20, 0x20, 0x2d, 0x2d
  .byte 0x74, 0x65, 0x78, 0x74, 0x2d, 0x6c, 0x61, 0x62, 0x65, 0x6c, 0x2d, 0x64, 0x65, 0x66, 0x61, 0x75
  .byte 0x6c, 0x74, 0x2d, 0x68, 0x65, 0x61, 0x76, 0x79, 0x2d, 0x6c, 0x65, 0x74, 0x74, 0x65, 0x72, 0x2d
  .byte 0x73, 0x70, 0x61, 0x63, 0x69, 0x6e, 0x67, 0x3a, 0x20, 0x76, 0x61, 0x72, 0x28, 0x2d, 0x2d, 0x6c
  .byte 0x65, 0x74, 0x74, 0x65, 0x72, 0x2d, 0x73, 0x70, 0x61, 0x63, 0x69, 0x6e, 0x67, 0x2d, 0x6e, 0x6f
  .byte 0x72, 0x6d, 0x61, 0x6c, 0x29, 0x3b, 0x0a, 0x20, 0x20, 0x2f, 0x2a, 0x20, 0x4c, 0x61, 0x62, 0x65
  .byte 0x6c, 0x3a, 0x20, 0x6c, 0x61, 0x72, 0x67, 0x65, 0x20, 0x2a, 0x2f, 0x0a, 0x20, 0x20, 0x2d, 0x2d
  .byte 0x74, 0x65, 0x78, 0x74, 0x2d, 0x6c, 0x61, 0x62, 0x65, 0x6c, 0x2d, 0x6c, 0x67, 0x3a, 0x20, 0x76
  .byte 0x61, 0x72, 0x28, 0x2d, 0x2d, 0x66, 0x6f, 0x6e, 0x74, 0x2d, 0x77, 0x65, 0x69, 0x67, 0x68, 0x74
  .byte 0x2d, 0x72, 0x65, 0x67, 0x75, 0x6c, 0x61, 0x72, 0x29, 0x20, 0x76, 0x61, 0x72, 0x28, 0x2d, 0x2d
  .byte 0x66, 0x6f, 0x6e, 0x74, 0x2d, 0x73, 0x69, 0x7a, 0x65, 0x2d, 0x6c, 0x67, 0x29, 0x20, 0x2f, 0x20
  .byte 0x76, 0x61, 0x72, 0x28, 0x2d, 0x2d, 0x6c, 0x69, 0x6e, 0x65, 0x2d, 0x68, 0x65, 0x69, 0x67, 0x68
  .byte 0x74, 0x2d, 0x6c, 0x61, 0x62, 0x65, 0x6c, 0x29, 0x0a, 0x20, 0x20, 0x20, 0x20, 0x76, 0x61, 0x72
  .byte 0x28, 0x2d, 0x2d, 0x66, 0x6f, 0x6e, 0x74, 0x2d, 0x6c, 0x61, 0x62, 0x65, 0x6c, 0x29, 0x3b, 0x0a
  .byte 0x20, 0x20, 0x2d, 0x2d, 0x74, 0x65, 0x78, 0x74, 0x2d, 0x6c, 0x61, 0x62, 0x65, 0x6c, 0x2d, 0x6c
  .byte 0x67, 0x2d, 0x6c, 0x65, 0x74, 0x74, 0x65, 0x72, 0x2d, 0x73, 0x70, 0x61, 0x63, 0x69, 0x6e, 0x67
  .byte 0x3a, 0x20, 0x76, 0x61, 0x72, 0x28, 0x2d, 0x2d, 0x6c, 0x65, 0x74, 0x74, 0x65, 0x72, 0x2d, 0x73
  .byte 0x70, 0x61, 0x63, 0x69, 0x6e, 0x67, 0x2d, 0x6e, 0x6f, 0x72, 0x6d, 0x61, 0x6c, 0x29, 0x3b, 0x0a
  .byte 0x20, 0x20, 0x2d, 0x2d, 0x74, 0x65, 0x78, 0x74, 0x2d, 0x6c, 0x61, 0x62, 0x65, 0x6c, 0x2d, 0x6c
  .byte 0x67, 0x2d, 0x68, 0x65, 0x61, 0x76, 0x79, 0x3a, 0x20, 0x76, 0x61, 0x72, 0x28, 0x2d, 0x2d, 0x66
  .byte 0x6f, 0x6e, 0x74, 0x2d, 0x77, 0x65, 0x69, 0x67, 0x68, 0x74, 0x2d, 0x6d, 0x65, 0x64, 0x69, 0x75
  .byte 0x6d, 0x29, 0x20, 0x76, 0x61, 0x72, 0x28, 0x2d, 0x2d, 0x66, 0x6f, 0x6e, 0x74, 0x2d, 0x73, 0x69
  .byte 0x7a, 0x65, 0x2d, 0x6c, 0x67, 0x29, 0x20, 0x2f, 0x20, 0x76, 0x61, 0x72, 0x28, 0x2d, 0x2d, 0x6c
  .byte 0x69, 0x6e, 0x65, 0x2d, 0x68, 0x65, 0x69, 0x67, 0x68, 0x74, 0x2d, 0x6c, 0x61, 0x62, 0x65, 0x6c
  .byte 0x29, 0x0a, 0x20, 0x20, 0x20, 0x20, 0x76, 0x61, 0x72, 0x28, 0x2d, 0x2d, 0x66, 0x6f, 0x6e, 0x74
  .byte 0x2d, 0x6c, 0x61, 0x62, 0x65, 0x6c, 0x29, 0x3b, 0x0a, 0x20, 0x20, 0x2d, 0x2d, 0x74, 0x65, 0x78
  .byte 0x74, 0x2d, 0x6c, 0x61, 0x62, 0x65, 0x6c, 0x2d, 0x6c, 0x67, 0x2d, 0x68, 0x65, 0x61, 0x76, 0x79
  .byte 0x2d, 0x6c, 0x65, 0x74, 0x74, 0x65, 0x72, 0x2d, 0x73, 0x70, 0x61, 0x63, 0x69, 0x6e, 0x67, 0x3a
  .byte 0x20, 0x76, 0x61, 0x72, 0x28, 0x2d, 0x2d, 0x6c, 0x65, 0x74, 0x74, 0x65, 0x72, 0x2d, 0x73, 0x70
  .byte 0x61, 0x63, 0x69, 0x6e, 0x67, 0x2d, 0x6e, 0x6f, 0x72, 0x6d, 0x61, 0x6c, 0x29, 0x3b, 0x0a, 0x0a
  .byte 0x20, 0x20, 0x2f, 0x2a, 0x20, 0x43, 0x6f, 0x6d, 0x70, 0x6f, 0x75, 0x6e, 0x64, 0x20, 0x74, 0x79
  .byte 0x70, 0x6f, 0x67, 0x72, 0x61, 0x70, 0x68, 0x79, 0x3a, 0x20, 0x6e, 0x75, 0x6d, 0x62, 0x65, 0x72
  .byte 0x73, 0x20, 0x2a, 0x2f, 0x0a, 0x20, 0x20, 0x2f, 0x2a, 0x20, 0x4e, 0x75, 0x6d, 0x62, 0x65, 0x72
  .byte 0x20, 0x76, 0x61, 0x72, 0x69, 0x61, 0x62, 0x6c, 0x65, 0x73, 0x3a, 0x0a, 0x20, 0x20, 0x20, 0x20
  .byte 0x20, 0x2d, 0x2d, 0x74, 0x65, 0x78, 0x74, 0x2d, 0x6e, 0x75, 0x6d, 0x62, 0x65, 0x72, 0x73, 0x2d
  .byte 0x78, 0x73, 0x2c, 0x20, 0x2d, 0x2d, 0x74, 0x65, 0x78, 0x74, 0x2d, 0x6e, 0x75, 0x6d, 0x62, 0x65
  .byte 0x72, 0x73, 0x2d, 0x78, 0x73, 0x2d, 0x68, 0x65, 0x61, 0x76, 0x79, 0x0a, 0x20, 0x20, 0x20, 0x20
  .byte 0x20, 0x2d, 0x2d, 0x74, 0x65, 0x78, 0x74, 0x2d, 0x6e, 0x75, 0x6d, 0x62, 0x65, 0x72, 0x73, 0x2d
  .byte 0x73, 0x6d, 0x2c, 0x20, 0x2d, 0x2d, 0x74, 0x65, 0x78, 0x74, 0x2d, 0x6e, 0x75, 0x6d, 0x62, 0x65
  .byte 0x72, 0x73, 0x2d, 0x73, 0x6d, 0x2d, 0x68, 0x65, 0x61, 0x76, 0x79, 0x0a, 0x20, 0x20, 0x20, 0x20
  .byte 0x20, 0x2d, 0x2d, 0x74, 0x65, 0x78, 0x74, 0x2d, 0x6e, 0x75, 0x6d, 0x62, 0x65, 0x72, 0x73, 0x2d
  .byte 0x64, 0x65, 0x66, 0x61, 0x75, 0x6c, 0x74, 0x2c, 0x20, 0x2d, 0x2d, 0x74, 0x65, 0x78, 0x74, 0x2d
  .byte 0x6e, 0x75, 0x6d, 0x62, 0x65, 0x72, 0x73, 0x2d, 0x64, 0x65, 0x66, 0x61, 0x75, 0x6c, 0x74, 0x2d
  .byte 0x68, 0x65, 0x61, 0x76, 0x79, 0x0a, 0x20, 0x20, 0x20, 0x20, 0x20, 0x2d, 0x2d, 0x74, 0x65, 0x78
  .byte 0x74, 0x2d, 0x6e, 0x75, 0x6d, 0x62, 0x65, 0x72, 0x73, 0x2d, 0x6c, 0x67, 0x2c, 0x20, 0x2d, 0x2d
  .byte 0x74, 0x65, 0x78, 0x74, 0x2d, 0x6e, 0x75, 0x6d, 0x62, 0x65, 0x72, 0x73, 0x2d, 0x6c, 0x67, 0x2d
  .byte 0x68, 0x65, 0x61, 0x76, 0x79, 0x20, 0x2a, 0x2f, 0x0a, 0x20, 0x20, 0x2f, 0x2a, 0x20, 0x4e, 0x75
  .byte 0x6d, 0x62, 0x65, 0x72, 0x73, 0x3a, 0x20, 0x65, 0x78, 0x74, 0x72, 0x61, 0x20, 0x73, 0x6d, 0x61
  .byte 0x6c, 0x6c, 0x20, 0x2a, 0x2f, 0x0a, 0x20, 0x20, 0x2d, 0x2d, 0x74, 0x65, 0x78, 0x74, 0x2d, 0x6e
  .byte 0x75, 0x6d, 0x62, 0x65, 0x72, 0x73, 0x2d, 0x78, 0x73, 0x3a, 0x20, 0x76, 0x61, 0x72, 0x28, 0x2d
  .byte 0x2d, 0x66, 0x6f, 0x6e, 0x74, 0x2d, 0x77, 0x65, 0x69, 0x67, 0x68, 0x74, 0x2d, 0x72, 0x65, 0x67
  .byte 0x75, 0x6c, 0x61, 0x72, 0x29, 0x20, 0x76, 0x61, 0x72, 0x28, 0x2d, 0x2d, 0x66, 0x6f, 0x6e, 0x74
  .byte 0x2d, 0x73, 0x69, 0x7a, 0x65, 0x2d, 0x78, 0x73, 0x29, 0x20, 0x2f, 0x20, 0x76, 0x61, 0x72, 0x28
  .byte 0x2d, 0x2d, 0x6c, 0x69, 0x6e, 0x65, 0x2d, 0x68, 0x65, 0x69, 0x67, 0x68, 0x74, 0x2d, 0x62, 0x6f
  .byte 0x64, 0x79, 0x29, 0x0a, 0x20, 0x20, 0x20, 0x20, 0x76, 0x61, 0x72, 0x28, 0x2d, 0x2d, 0x66, 0x6f
  .byte 0x6e, 0x74, 0x2d, 0x6e, 0x75, 0x6d, 0x62, 0x65, 0x72, 0x73, 0x29, 0x3b, 0x0a, 0x20, 0x20, 0x2d
  .byte 0x2d, 0x74, 0x65, 0x78, 0x74, 0x2d, 0x6e, 0x75, 0x6d, 0x62, 0x65, 0x72, 0x73, 0x2d, 0x78, 0x73
  .byte 0x2d, 0x6c, 0x65, 0x74, 0x74, 0x65, 0x72, 0x2d, 0x73, 0x70, 0x61, 0x63, 0x69, 0x6e, 0x67, 0x3a
  .byte 0x20, 0x76, 0x61, 0x72, 0x28, 0x2d, 0x2d, 0x6c, 0x65, 0x74, 0x74, 0x65, 0x72, 0x2d, 0x73, 0x70
  .byte 0x61, 0x63, 0x69, 0x6e, 0x67, 0x2d, 0x6e, 0x6f, 0x72, 0x6d, 0x61, 0x6c, 0x29, 0x3b, 0x0a, 0x20
  .byte 0x20, 0x2d, 0x2d, 0x74, 0x65, 0x78, 0x74, 0x2d, 0x6e, 0x75, 0x6d, 0x62, 0x65, 0x72, 0x73, 0x2d
  .byte 0x78, 0x73, 0x2d, 0x68, 0x65, 0x61, 0x76, 0x79, 0x3a, 0x20, 0x76, 0x61, 0x72, 0x28, 0x2d, 0x2d
  .byte 0x66, 0x6f, 0x6e, 0x74, 0x2d, 0x77, 0x65, 0x69, 0x67, 0x68, 0x74, 0x2d, 0x6d, 0x65, 0x64, 0x69
  .byte 0x75, 0x6d, 0x29, 0x20, 0x76, 0x61, 0x72, 0x28, 0x2d, 0x2d, 0x66, 0x6f, 0x6e, 0x74, 0x2d, 0x73
  .byte 0x69, 0x7a, 0x65, 0x2d, 0x78, 0x73, 0x29, 0x20, 0x2f, 0x20, 0x76, 0x61, 0x72, 0x28, 0x2d, 0x2d
  .byte 0x6c, 0x69, 0x6e, 0x65, 0x2d, 0x68, 0x65, 0x69, 0x67, 0x68, 0x74, 0x2d, 0x62, 0x6f, 0x64, 0x79
  .byte 0x29, 0x0a, 0x20, 0x20, 0x20, 0x20, 0x76, 0x61, 0x72, 0x28, 0x2d, 0x2d, 0x66, 0x6f, 0x6e, 0x74
  .byte 0x2d, 0x6e, 0x75, 0x6d, 0x62, 0x65, 0x72, 0x73, 0x29, 0x3b, 0x0a, 0x20, 0x20, 0x2d, 0x2d, 0x74
  .byte 0x65, 0x78, 0x74, 0x2d, 0x6e, 0x75, 0x6d, 0x62, 0x65, 0x72, 0x73, 0x2d, 0x78, 0x73, 0x2d, 0x68
  .byte 0x65, 0x61, 0x76, 0x79, 0x2d, 0x6c, 0x65, 0x74, 0x74, 0x65, 0x72, 0x2d, 0x73, 0x70, 0x61, 0x63
  .byte 0x69, 0x6e, 0x67, 0x3a, 0x20, 0x76, 0x61, 0x72, 0x28, 0x2d, 0x2d, 0x6c, 0x65, 0x74, 0x74, 0x65
  .byte 0x72, 0x2d, 0x73, 0x70, 0x61, 0x63, 0x69, 0x6e, 0x67, 0x2d, 0x6e, 0x6f, 0x72, 0x6d, 0x61, 0x6c
  .byte 0x29, 0x3b, 0x0a, 0x20, 0x20, 0x2f, 0x2a, 0x20, 0x4e, 0x75, 0x6d, 0x62, 0x65, 0x72, 0x73, 0x3a
  .byte 0x20, 0x73, 0x6d, 0x61, 0x6c, 0x6c, 0x20, 0x2a, 0x2f, 0x0a, 0x20, 0x20, 0x2d, 0x2d, 0x74, 0x65
  .byte 0x78, 0x74, 0x2d, 0x6e, 0x75, 0x6d, 0x62, 0x65, 0x72, 0x73, 0x2d, 0x73, 0x6d, 0x3a, 0x20, 0x76
  .byte 0x61, 0x72, 0x28, 0x2d, 0x2d, 0x66, 0x6f, 0x6e, 0x74, 0x2d, 0x77, 0x65, 0x69, 0x67, 0x68, 0x74
  .byte 0x2d, 0x72, 0x65, 0x67, 0x75, 0x6c, 0x61, 0x72, 0x29, 0x20, 0x76, 0x61, 0x72, 0x28, 0x2d, 0x2d
  .byte 0x66, 0x6f, 0x6e, 0x74, 0x2d, 0x73, 0x69, 0x7a, 0x65, 0x2d, 0x73, 0x6d, 0x29, 0x20, 0x2f, 0x20
  .byte 0x76, 0x61, 0x72, 0x28, 0x2d, 0x2d, 0x6c, 0x69, 0x6e, 0x65, 0x2d, 0x68, 0x65, 0x69, 0x67, 0x68
  .byte 0x74, 0x2d, 0x62, 0x6f, 0x64, 0x79, 0x29, 0x0a, 0x20, 0x20, 0x20, 0x20, 0x76, 0x61, 0x72, 0x28
  .byte 0x2d, 0x2d, 0x66, 0x6f, 0x6e, 0x74, 0x2d, 0x6e, 0x75, 0x6d, 0x62, 0x65, 0x72, 0x73, 0x29, 0x3b
  .byte 0x0a, 0x20, 0x20, 0x2d, 0x2d, 0x74, 0x65, 0x78, 0x74, 0x2d, 0x6e, 0x75, 0x6d, 0x62, 0x65, 0x72
  .byte 0x73, 0x2d, 0x73, 0x6d, 0x2d, 0x6c, 0x65, 0x74, 0x74, 0x65, 0x72, 0x2d, 0x73, 0x70, 0x61, 0x63
  .byte 0x69, 0x6e, 0x67, 0x3a, 0x20, 0x76, 0x61, 0x72, 0x28, 0x2d, 0x2d, 0x6c, 0x65, 0x74, 0x74, 0x65
  .byte 0x72, 0x2d, 0x73, 0x70, 0x61, 0x63, 0x69, 0x6e, 0x67, 0x2d, 0x6e, 0x6f, 0x72, 0x6d, 0x61, 0x6c
  .byte 0x29, 0x3b, 0x0a, 0x20, 0x20, 0x2d, 0x2d, 0x74, 0x65, 0x78, 0x74, 0x2d, 0x6e, 0x75, 0x6d, 0x62
  .byte 0x65, 0x72, 0x73, 0x2d, 0x73, 0x6d, 0x2d, 0x68, 0x65, 0x61, 0x76, 0x79, 0x3a, 0x20, 0x76, 0x61
  .byte 0x72, 0x28, 0x2d, 0x2d, 0x66, 0x6f, 0x6e, 0x74, 0x2d, 0x77, 0x65, 0x69, 0x67, 0x68, 0x74, 0x2d
  .byte 0x6d, 0x65, 0x64, 0x69, 0x75, 0x6d, 0x29, 0x20, 0x76, 0x61, 0x72, 0x28, 0x2d, 0x2d, 0x66, 0x6f
  .byte 0x6e, 0x74, 0x2d, 0x73, 0x69, 0x7a, 0x65, 0x2d, 0x73, 0x6d, 0x29, 0x20, 0x2f, 0x20, 0x76, 0x61
  .byte 0x72, 0x28, 0x2d, 0x2d, 0x6c, 0x69, 0x6e, 0x65, 0x2d, 0x68, 0x65, 0x69, 0x67, 0x68, 0x74, 0x2d
  .byte 0x62, 0x6f, 0x64, 0x79, 0x29, 0x0a, 0x20, 0x20, 0x20, 0x20, 0x76, 0x61, 0x72, 0x28, 0x2d, 0x2d
  .byte 0x66, 0x6f, 0x6e, 0x74, 0x2d, 0x6e, 0x75, 0x6d, 0x62, 0x65, 0x72, 0x73, 0x29, 0x3b, 0x0a, 0x20
  .byte 0x20, 0x2d, 0x2d, 0x74, 0x65, 0x78, 0x74, 0x2d, 0x6e, 0x75, 0x6d, 0x62, 0x65, 0x72, 0x73, 0x2d
  .byte 0x73, 0x6d, 0x2d, 0x68, 0x65, 0x61, 0x76, 0x79, 0x2d, 0x6c, 0x65, 0x74, 0x74, 0x65, 0x72, 0x2d
  .byte 0x73, 0x70, 0x61, 0x63, 0x69, 0x6e, 0x67, 0x3a, 0x20, 0x76, 0x61, 0x72, 0x28, 0x2d, 0x2d, 0x6c
  .byte 0x65, 0x74, 0x74, 0x65, 0x72, 0x2d, 0x73, 0x70, 0x61, 0x63, 0x69, 0x6e, 0x67, 0x2d, 0x6e, 0x6f
  .byte 0x72, 0x6d, 0x61, 0x6c, 0x29, 0x3b, 0x0a, 0x20, 0x20, 0x2f, 0x2a, 0x20, 0x4e, 0x75, 0x6d, 0x62
  .byte 0x65, 0x72, 0x73, 0x3a, 0x20, 0x64, 0x65, 0x66, 0x61, 0x75, 0x6c, 0x74, 0x20, 0x2a, 0x2f, 0x0a
  .byte 0x20, 0x20, 0x2d, 0x2d, 0x74, 0x65, 0x78, 0x74, 0x2d, 0x6e, 0x75, 0x6d, 0x62, 0x65, 0x72, 0x73
  .byte 0x2d, 0x64, 0x65, 0x66, 0x61, 0x75, 0x6c, 0x74, 0x3a, 0x20, 0x76, 0x61, 0x72, 0x28, 0x2d, 0x2d
  .byte 0x66, 0x6f, 0x6e, 0x74, 0x2d, 0x77, 0x65, 0x69, 0x67, 0x68, 0x74, 0x2d, 0x72, 0x65, 0x67, 0x75
  .byte 0x6c, 0x61, 0x72, 0x29, 0x20, 0x76, 0x61, 0x72, 0x28, 0x2d, 0x2d, 0x66, 0x6f, 0x6e, 0x74, 0x2d
  .byte 0x73, 0x69, 0x7a, 0x65, 0x2d, 0x6d, 0x64, 0x29, 0x20, 0x2f, 0x20, 0x76, 0x61, 0x72, 0x28, 0x2d
  .byte 0x2d, 0x6c, 0x69, 0x6e, 0x65, 0x2d, 0x68, 0x65, 0x69, 0x67, 0x68, 0x74, 0x2d, 0x62, 0x6f, 0x64
  .byte 0x79, 0x29, 0x0a, 0x20, 0x20, 0x20, 0x20, 0x76, 0x61, 0x72, 0x28, 0x2d, 0x2d, 0x66, 0x6f, 0x6e
  .byte 0x74, 0x2d, 0x6e, 0x75, 0x6d, 0x62, 0x65, 0x72, 0x73, 0x29, 0x3b, 0x0a, 0x20, 0x20, 0x2d, 0x2d
  .byte 0x74, 0x65, 0x78, 0x74, 0x2d, 0x6e, 0x75, 0x6d, 0x62, 0x65, 0x72, 0x73, 0x2d, 0x64, 0x65, 0x66
  .byte 0x61, 0x75, 0x6c, 0x74, 0x2d, 0x6c, 0x65, 0x74, 0x74, 0x65, 0x72, 0x2d, 0x73, 0x70, 0x61, 0x63
  .byte 0x69, 0x6e, 0x67, 0x3a, 0x20, 0x76, 0x61, 0x72, 0x28, 0x2d, 0x2d, 0x6c, 0x65, 0x74, 0x74, 0x65
  .byte 0x72, 0x2d, 0x73, 0x70, 0x61, 0x63, 0x69, 0x6e, 0x67, 0x2d, 0x6e, 0x6f, 0x72, 0x6d, 0x61, 0x6c
  .byte 0x29, 0x3b, 0x0a, 0x20, 0x20, 0x2d, 0x2d, 0x74, 0x65, 0x78, 0x74, 0x2d, 0x6e, 0x75, 0x6d, 0x62
  .byte 0x65, 0x72, 0x73, 0x2d, 0x64, 0x65, 0x66, 0x61, 0x75, 0x6c, 0x74, 0x2d, 0x68, 0x65, 0x61, 0x76
  .byte 0x79, 0x3a, 0x20, 0x76, 0x61, 0x72, 0x28, 0x2d, 0x2d, 0x66, 0x6f, 0x6e, 0x74, 0x2d, 0x77, 0x65
  .byte 0x69, 0x67, 0x68, 0x74, 0x2d, 0x6d, 0x65, 0x64, 0x69, 0x75, 0x6d, 0x29, 0x20, 0x76, 0x61, 0x72
  .byte 0x28, 0x2d, 0x2d, 0x66, 0x6f, 0x6e, 0x74, 0x2d, 0x73, 0x69, 0x7a, 0x65, 0x2d, 0x6d, 0x64, 0x29
  .byte 0x20, 0x2f, 0x0a, 0x20, 0x20, 0x20, 0x20, 0x76, 0x61, 0x72, 0x28, 0x2d, 0x2d, 0x6c, 0x69, 0x6e
  .byte 0x65, 0x2d, 0x68, 0x65, 0x69, 0x67, 0x68, 0x74, 0x2d, 0x62, 0x6f, 0x64, 0x79, 0x29, 0x20, 0x76
  .byte 0x61, 0x72, 0x28, 0x2d, 0x2d, 0x66, 0x6f, 0x6e, 0x74, 0x2d, 0x6e, 0x75, 0x6d, 0x62, 0x65, 0x72
  .byte 0x73, 0x29, 0x3b, 0x0a, 0x20, 0x20, 0x2d, 0x2d, 0x74, 0x65, 0x78, 0x74, 0x2d, 0x6e, 0x75, 0x6d
  .byte 0x62, 0x65, 0x72, 0x73, 0x2d, 0x64, 0x65, 0x66, 0x61, 0x75, 0x6c, 0x74, 0x2d, 0x68, 0x65, 0x61
  .byte 0x76, 0x79, 0x2d, 0x6c, 0x65, 0x74, 0x74, 0x65, 0x72, 0x2d, 0x73, 0x70, 0x61, 0x63, 0x69, 0x6e
  .byte 0x67, 0x3a, 0x20, 0x76, 0x61, 0x72, 0x28, 0x2d, 0x2d, 0x6c, 0x65, 0x74, 0x74, 0x65, 0x72, 0x2d
  .byte 0x73, 0x70, 0x61, 0x63, 0x69, 0x6e, 0x67, 0x2d, 0x6e, 0x6f, 0x72, 0x6d, 0x61, 0x6c, 0x29, 0x3b
  .byte 0x0a, 0x20, 0x20, 0x2f, 0x2a, 0x20, 0x4e, 0x75, 0x6d, 0x62, 0x65, 0x72, 0x73, 0x3a, 0x20, 0x6c
  .byte 0x61, 0x72, 0x67, 0x65, 0x20, 0x2a, 0x2f, 0x0a, 0x20, 0x20, 0x2d, 0x2d, 0x74, 0x65, 0x78, 0x74
  .byte 0x2d, 0x6e, 0x75, 0x6d, 0x62, 0x65, 0x72, 0x73, 0x2d, 0x6c, 0x67, 0x3a, 0x20, 0x76, 0x61, 0x72
  .byte 0x28, 0x2d, 0x2d, 0x66, 0x6f, 0x6e, 0x74, 0x2d, 0x77, 0x65, 0x69, 0x67, 0x68, 0x74, 0x2d, 0x72
  .byte 0x65, 0x67, 0x75, 0x6c, 0x61, 0x72, 0x29, 0x20, 0x76, 0x61, 0x72, 0x28, 0x2d, 0x2d, 0x66, 0x6f
  .byte 0x6e, 0x74, 0x2d, 0x73, 0x69, 0x7a, 0x65, 0x2d, 0x6c, 0x67, 0x29, 0x20, 0x2f, 0x20, 0x76, 0x61
  .byte 0x72, 0x28, 0x2d, 0x2d, 0x6c, 0x69, 0x6e, 0x65, 0x2d, 0x68, 0x65, 0x69, 0x67, 0x68, 0x74, 0x2d
  .byte 0x62, 0x6f, 0x64, 0x79, 0x29, 0x0a, 0x20, 0x20, 0x20, 0x20, 0x76, 0x61, 0x72, 0x28, 0x2d, 0x2d
  .byte 0x66, 0x6f, 0x6e, 0x74, 0x2d, 0x6e, 0x75, 0x6d, 0x62, 0x65, 0x72, 0x73, 0x29, 0x3b, 0x0a, 0x20
  .byte 0x20, 0x2d, 0x2d, 0x74, 0x65, 0x78, 0x74, 0x2d, 0x6e, 0x75, 0x6d, 0x62, 0x65, 0x72, 0x73, 0x2d
  .byte 0x6c, 0x67, 0x2d, 0x6c, 0x65, 0x74, 0x74, 0x65, 0x72, 0x2d, 0x73, 0x70, 0x61, 0x63, 0x69, 0x6e
  .byte 0x67, 0x3a, 0x20, 0x76, 0x61, 0x72, 0x28, 0x2d, 0x2d, 0x6c, 0x65, 0x74, 0x74, 0x65, 0x72, 0x2d
  .byte 0x73, 0x70, 0x61, 0x63, 0x69, 0x6e, 0x67, 0x2d, 0x6e, 0x6f, 0x72, 0x6d, 0x61, 0x6c, 0x29, 0x3b
  .byte 0x0a, 0x20, 0x20, 0x2d, 0x2d, 0x74, 0x65, 0x78, 0x74, 0x2d, 0x6e, 0x75, 0x6d, 0x62, 0x65, 0x72
  .byte 0x73, 0x2d, 0x6c, 0x67, 0x2d, 0x68, 0x65, 0x61, 0x76, 0x79, 0x3a, 0x20, 0x76, 0x61, 0x72, 0x28
  .byte 0x2d, 0x2d, 0x66, 0x6f, 0x6e, 0x74, 0x2d, 0x77, 0x65, 0x69, 0x67, 0x68, 0x74, 0x2d, 0x6d, 0x65
  .byte 0x64, 0x69, 0x75, 0x6d, 0x29, 0x20, 0x76, 0x61, 0x72, 0x28, 0x2d, 0x2d, 0x66, 0x6f, 0x6e, 0x74
  .byte 0x2d, 0x73, 0x69, 0x7a, 0x65, 0x2d, 0x6c, 0x67, 0x29, 0x20, 0x2f, 0x20, 0x76, 0x61, 0x72, 0x28
  .byte 0x2d, 0x2d, 0x6c, 0x69, 0x6e, 0x65, 0x2d, 0x68, 0x65, 0x69, 0x67, 0x68, 0x74, 0x2d, 0x62, 0x6f
  .byte 0x64, 0x79, 0x29, 0x0a, 0x20, 0x20, 0x20, 0x20, 0x76, 0x61, 0x72, 0x28, 0x2d, 0x2d, 0x66, 0x6f
  .byte 0x6e, 0x74, 0x2d, 0x6e, 0x75, 0x6d, 0x62, 0x65, 0x72, 0x73, 0x29, 0x3b, 0x0a, 0x20, 0x20, 0x2d
  .byte 0x2d, 0x74, 0x65, 0x78, 0x74, 0x2d, 0x6e, 0x75, 0x6d, 0x62, 0x65, 0x72, 0x73, 0x2d, 0x6c, 0x67
  .byte 0x2d, 0x68, 0x65, 0x61, 0x76, 0x79, 0x2d, 0x6c, 0x65, 0x74, 0x74, 0x65, 0x72, 0x2d, 0x73, 0x70
  .byte 0x61, 0x63, 0x69, 0x6e, 0x67, 0x3a, 0x20, 0x76, 0x61, 0x72, 0x28, 0x2d, 0x2d, 0x6c, 0x65, 0x74
  .byte 0x74, 0x65, 0x72, 0x2d, 0x73, 0x70, 0x61, 0x63, 0x69, 0x6e, 0x67, 0x2d, 0x6e, 0x6f, 0x72, 0x6d
  .byte 0x61, 0x6c, 0x29, 0x3b, 0x0a, 0x0a, 0x20, 0x20, 0x2f, 0x2a, 0x20, 0x43, 0x6f, 0x6d, 0x70, 0x6f
  .byte 0x75, 0x6e, 0x64, 0x20, 0x74, 0x79, 0x70, 0x6f, 0x67, 0x72, 0x61, 0x70, 0x68, 0x79, 0x3a, 0x20
  .byte 0x63, 0x6f, 0x64, 0x65, 0x20, 0x2a, 0x2f, 0x0a, 0x20, 0x20, 0x2f, 0x2a, 0x20, 0x43, 0x6f, 0x64
  .byte 0x65, 0x3a, 0x20, 0x73, 0x6d, 0x61, 0x6c, 0x6c, 0x20, 0x2a, 0x2f, 0x0a, 0x20, 0x20, 0x2d, 0x2d
  .byte 0x74, 0x65, 0x78, 0x74, 0x2d, 0x63, 0x6f, 0x64, 0x65, 0x2d, 0x73, 0x6d, 0x3a, 0x20, 0x76, 0x61
  .byte 0x72, 0x28, 0x2d, 0x2d, 0x66, 0x6f, 0x6e, 0x74, 0x2d, 0x77, 0x65, 0x69, 0x67, 0x68, 0x74, 0x2d
  .byte 0x72, 0x65, 0x67, 0x75, 0x6c, 0x61, 0x72, 0x29, 0x20, 0x76, 0x61, 0x72, 0x28, 0x2d, 0x2d, 0x66
  .byte 0x6f, 0x6e, 0x74, 0x2d, 0x73, 0x69, 0x7a, 0x65, 0x2d, 0x78, 0x73, 0x29, 0x20, 0x2f, 0x20, 0x76
  .byte 0x61, 0x72, 0x28, 0x2d, 0x2d, 0x6c, 0x69, 0x6e, 0x65, 0x2d, 0x68, 0x65, 0x69, 0x67, 0x68, 0x74
  .byte 0x2d, 0x63, 0x6f, 0x64, 0x65, 0x29, 0x0a, 0x20, 0x20, 0x20, 0x20, 0x76, 0x61, 0x72, 0x28, 0x2d
  .byte 0x2d, 0x66, 0x6f, 0x6e, 0x74, 0x2d, 0x63, 0x6f, 0x64, 0x65, 0x29, 0x3b, 0x0a, 0x20, 0x20, 0x2d
  .byte 0x2d, 0x74, 0x65, 0x78, 0x74, 0x2d, 0x63, 0x6f, 0x64, 0x65, 0x2d, 0x73, 0x6d, 0x2d, 0x6c, 0x65
  .byte 0x74, 0x74, 0x65, 0x72, 0x2d, 0x73, 0x70, 0x61, 0x63, 0x69, 0x6e, 0x67, 0x3a, 0x20, 0x76, 0x61
  .byte 0x72, 0x28, 0x2d, 0x2d, 0x6c, 0x65, 0x74, 0x74, 0x65, 0x72, 0x2d, 0x73, 0x70, 0x61, 0x63, 0x69
  .byte 0x6e, 0x67, 0x2d, 0x6e, 0x6f, 0x72, 0x6d, 0x61, 0x6c, 0x29, 0x3b, 0x0a, 0x20, 0x20, 0x2d, 0x2d
  .byte 0x74, 0x65, 0x78, 0x74, 0x2d, 0x63, 0x6f, 0x64, 0x65, 0x2d, 0x73, 0x6d, 0x2d, 0x68, 0x65, 0x61
  .byte 0x76, 0x79, 0x3a, 0x20, 0x76, 0x61, 0x72, 0x28, 0x2d, 0x2d, 0x66, 0x6f, 0x6e, 0x74, 0x2d, 0x77
  .byte 0x65, 0x69, 0x67, 0x68, 0x74, 0x2d, 0x68, 0x65, 0x61, 0x76, 0x79, 0x29, 0x20, 0x76, 0x61, 0x72
  .byte 0x28, 0x2d, 0x2d, 0x66, 0x6f, 0x6e, 0x74, 0x2d, 0x73, 0x69, 0x7a, 0x65, 0x2d, 0x78, 0x73, 0x29
  .byte 0x20, 0x2f, 0x20, 0x76, 0x61, 0x72, 0x28, 0x2d, 0x2d, 0x6c, 0x69, 0x6e, 0x65, 0x2d, 0x68, 0x65
  .byte 0x69, 0x67, 0x68, 0x74, 0x2d, 0x63, 0x6f, 0x64, 0x65, 0x29, 0x0a, 0x20, 0x20, 0x20, 0x20, 0x76
  .byte 0x61, 0x72, 0x28, 0x2d, 0x2d, 0x66, 0x6f, 0x6e, 0x74, 0x2d, 0x63, 0x6f, 0x64, 0x65, 0x29, 0x3b
  .byte 0x0a, 0x20, 0x20, 0x2d, 0x2d, 0x74, 0x65, 0x78, 0x74, 0x2d, 0x63, 0x6f, 0x64, 0x65, 0x2d, 0x73
  .byte 0x6d, 0x2d, 0x68, 0x65, 0x61, 0x76, 0x79, 0x2d, 0x6c, 0x65, 0x74, 0x74, 0x65, 0x72, 0x2d, 0x73
  .byte 0x70, 0x61, 0x63, 0x69, 0x6e, 0x67, 0x3a, 0x20, 0x76, 0x61, 0x72, 0x28, 0x2d, 0x2d, 0x6c, 0x65
  .byte 0x74, 0x74, 0x65, 0x72, 0x2d, 0x73, 0x70, 0x61, 0x63, 0x69, 0x6e, 0x67, 0x2d, 0x6e, 0x6f, 0x72
  .byte 0x6d, 0x61, 0x6c, 0x29, 0x3b, 0x0a, 0x20, 0x20, 0x2f, 0x2a, 0x20, 0x43, 0x6f, 0x64, 0x65, 0x3a
  .byte 0x20, 0x64, 0x65, 0x66, 0x61, 0x75, 0x6c, 0x74, 0x20, 0x2a, 0x2f, 0x0a, 0x20, 0x20, 0x2d, 0x2d
  .byte 0x74, 0x65, 0x78, 0x74, 0x2d, 0x63, 0x6f, 0x64, 0x65, 0x2d, 0x64, 0x65, 0x66, 0x61, 0x75, 0x6c
  .byte 0x74, 0x3a, 0x20, 0x76, 0x61, 0x72, 0x28, 0x2d, 0x2d, 0x66, 0x6f, 0x6e, 0x74, 0x2d, 0x77, 0x65
  .byte 0x69, 0x67, 0x68, 0x74, 0x2d, 0x72, 0x65, 0x67, 0x75, 0x6c, 0x61, 0x72, 0x29, 0x20, 0x76, 0x61
  .byte 0x72, 0x28, 0x2d, 0x2d, 0x66, 0x6f, 0x6e, 0x74, 0x2d, 0x73, 0x69, 0x7a, 0x65, 0x2d, 0x73, 0x6d
  .byte 0x29, 0x20, 0x2f, 0x20, 0x76, 0x61, 0x72, 0x28, 0x2d, 0x2d, 0x6c, 0x69, 0x6e, 0x65, 0x2d, 0x68
  .byte 0x65, 0x69, 0x67, 0x68, 0x74, 0x2d, 0x63, 0x6f, 0x64, 0x65, 0x29, 0x0a, 0x20, 0x20, 0x20, 0x20
  .byte 0x76, 0x61, 0x72, 0x28, 0x2d, 0x2d, 0x66, 0x6f, 0x6e, 0x74, 0x2d, 0x63, 0x6f, 0x64, 0x65, 0x29
  .byte 0x3b, 0x0a, 0x20, 0x20, 0x2d, 0x2d, 0x74, 0x65, 0x78, 0x74, 0x2d, 0x63, 0x6f, 0x64, 0x65, 0x2d
  .byte 0x64, 0x65, 0x66, 0x61, 0x75, 0x6c, 0x74, 0x2d, 0x6c, 0x65, 0x74, 0x74, 0x65, 0x72, 0x2d, 0x73
  .byte 0x70, 0x61, 0x63, 0x69, 0x6e, 0x67, 0x3a, 0x20, 0x76, 0x61, 0x72, 0x28, 0x2d, 0x2d, 0x6c, 0x65
  .byte 0x74, 0x74, 0x65, 0x72, 0x2d, 0x73, 0x70, 0x61, 0x63, 0x69, 0x6e, 0x67, 0x2d, 0x6e, 0x6f, 0x72
  .byte 0x6d, 0x61, 0x6c, 0x29, 0x3b, 0x0a, 0x20, 0x20, 0x2d, 0x2d, 0x74, 0x65, 0x78, 0x74, 0x2d, 0x63
  .byte 0x6f, 0x64, 0x65, 0x2d, 0x64, 0x65, 0x66, 0x61, 0x75, 0x6c, 0x74, 0x2d, 0x68, 0x65, 0x61, 0x76
  .byte 0x79, 0x3a, 0x20, 0x76, 0x61, 0x72, 0x28, 0x2d, 0x2d, 0x66, 0x6f, 0x6e, 0x74, 0x2d, 0x77, 0x65
  .byte 0x69, 0x67, 0x68, 0x74, 0x2d, 0x68, 0x65, 0x61, 0x76, 0x79, 0x29, 0x20, 0x76, 0x61, 0x72, 0x28
  .byte 0x2d, 0x2d, 0x66, 0x6f, 0x6e, 0x74, 0x2d, 0x73, 0x69, 0x7a, 0x65, 0x2d, 0x73, 0x6d, 0x29, 0x20
  .byte 0x2f, 0x20, 0x76, 0x61, 0x72, 0x28, 0x2d, 0x2d, 0x6c, 0x69, 0x6e, 0x65, 0x2d, 0x68, 0x65, 0x69
  .byte 0x67, 0x68, 0x74, 0x2d, 0x63, 0x6f, 0x64, 0x65, 0x29, 0x0a, 0x20, 0x20, 0x20, 0x20, 0x76, 0x61
  .byte 0x72, 0x28, 0x2d, 0x2d, 0x66, 0x6f, 0x6e, 0x74, 0x2d, 0x63, 0x6f, 0x64, 0x65, 0x29, 0x3b, 0x0a
  .byte 0x20, 0x20, 0x2d, 0x2d, 0x74, 0x65, 0x78, 0x74, 0x2d, 0x63, 0x6f, 0x64, 0x65, 0x2d, 0x64, 0x65
  .byte 0x66, 0x61, 0x75, 0x6c, 0x74, 0x2d, 0x68, 0x65, 0x61, 0x76, 0x79, 0x2d, 0x6c, 0x65, 0x74, 0x74
  .byte 0x65, 0x72, 0x2d, 0x73, 0x70, 0x61, 0x63, 0x69, 0x6e, 0x67, 0x3a, 0x20, 0x76, 0x61, 0x72, 0x28
  .byte 0x2d, 0x2d, 0x6c, 0x65, 0x74, 0x74, 0x65, 0x72, 0x2d, 0x73, 0x70, 0x61, 0x63, 0x69, 0x6e, 0x67
  .byte 0x2d, 0x6e, 0x6f, 0x72, 0x6d, 0x61, 0x6c, 0x29, 0x3b, 0x0a, 0x7d, 0x0a

  .globl openui_full_port_docs_shared_design_system_styles_variables_typography_css_3b23ce843fd5_len
openui_full_port_docs_shared_design_system_styles_variables_typography_css_3b23ce843fd5_len:
  .quad 8124

# assembly pass: 2/4
  .globl openui_full_port_docs_shared_design_system_styles_variables_typography_css_3b23ce843fd5_pass_2
openui_full_port_docs_shared_design_system_styles_variables_typography_css_3b23ce843fd5_pass_2:
  .byte 0x3a, 0x72, 0x6f, 0x6f, 0x74, 0x20, 0x7b, 0x0a, 0x20, 0x20, 0x2f, 0x2a, 0x20, 0x46, 0x6f, 0x6e
  .byte 0x74, 0x20, 0x66, 0x61, 0x6d, 0x69, 0x6c, 0x69, 0x65, 0x73, 0x20, 0x2a, 0x2f, 0x0a, 0x20, 0x20
  .byte 0x2d, 0x2d, 0x66, 0x6f, 0x6e, 0x74, 0x2d, 0x62, 0x6f, 0x64, 0x79, 0x3a, 0x20, 0x22, 0x49, 0x6e
  .byte 0x74, 0x65, 0x72, 0x22, 0x2c, 0x20, 0x22, 0x53, 0x65, 0x67, 0x6f, 0x65, 0x20, 0x55, 0x49, 0x22
  .byte 0x2c, 0x20, 0x41, 0x72, 0x69, 0x61, 0x6c, 0x2c, 0x20, 0x73, 0x61, 0x6e, 0x73, 0x2d, 0x73, 0x65
  .byte 0x72, 0x69, 0x66, 0x3b, 0x0a, 0x20, 0x20, 0x2d, 0x2d, 0x66, 0x6f, 0x6e, 0x74, 0x2d, 0x63, 0x6f
  .byte 0x64, 0x65, 0x3a, 0x20, 0x76, 0x61, 0x72, 0x28, 0x2d, 0x2d, 0x66, 0x6f, 0x6e, 0x74, 0x2d, 0x67
  .byte 0x65, 0x69, 0x73, 0x74, 0x2d, 0x6d, 0x6f, 0x6e, 0x6f, 0x29, 0x2c, 0x20, 0x22, 0x53, 0x46, 0x4d
  .byte 0x6f, 0x6e, 0x6f, 0x2d, 0x52, 0x65, 0x67, 0x75, 0x6c, 0x61, 0x72, 0x22, 0x2c, 0x20, 0x4d, 0x65
  .byte 0x6e, 0x6c, 0x6f, 0x2c, 0x20, 0x6d, 0x6f, 0x6e, 0x6f, 0x73, 0x70, 0x61, 0x63, 0x65, 0x3b, 0x0a
  .byte 0x20, 0x20, 0x2d, 0x2d, 0x66, 0x6f, 0x6e, 0x74, 0x2d, 0x68, 0x65, 0x61, 0x64, 0x69, 0x6e, 0x67
  .byte 0x3a, 0x20, 0x22, 0x49, 0x6e, 0x74, 0x65, 0x72, 0x22, 0x2c, 0x20, 0x22, 0x53, 0x65, 0x67, 0x6f
  .byte 0x65, 0x20, 0x55, 0x49, 0x22, 0x2c, 0x20, 0x41, 0x72, 0x69, 0x61, 0x6c, 0x2c, 0x20, 0x73, 0x61
  .byte 0x6e, 0x73, 0x2d, 0x73, 0x65, 0x72, 0x69, 0x66, 0x3b, 0x0a, 0x20, 0x20, 0x2d, 0x2d, 0x66, 0x6f
  .byte 0x6e, 0x74, 0x2d, 0x6c, 0x61, 0x62, 0x65, 0x6c, 0x3a, 0x20, 0x22, 0x49, 0x6e, 0x74, 0x65, 0x72
  .byte 0x22, 0x2c, 0x20, 0x22, 0x53, 0x65, 0x67, 0x6f, 0x65, 0x20, 0x55, 0x49, 0x22, 0x2c, 0x20, 0x41
  .byte 0x72, 0x69, 0x61, 0x6c, 0x2c, 0x20, 0x73, 0x61, 0x6e, 0x73, 0x2d, 0x73, 0x65, 0x72, 0x69, 0x66
  .byte 0x3b, 0x0a, 0x20, 0x20, 0x2d, 0x2d, 0x66, 0x6f, 0x6e, 0x74, 0x2d, 0x6e, 0x75, 0x6d, 0x62, 0x65
  .byte 0x72, 0x73, 0x3a, 0x20, 0x76, 0x61, 0x72, 0x28, 0x2d, 0x2d, 0x66, 0x6f, 0x6e, 0x74, 0x2d, 0x67
  .byte 0x65, 0x69, 0x73, 0x74, 0x2d, 0x6d, 0x6f, 0x6e, 0x6f, 0x29, 0x2c, 0x20, 0x22, 0x49, 0x6e, 0x74
  .byte 0x65, 0x72, 0x22, 0x2c, 0x20, 0x22, 0x53, 0x65, 0x67, 0x6f, 0x65, 0x20, 0x55, 0x49, 0x22, 0x2c
  .byte 0x20, 0x41, 0x72, 0x69, 0x61, 0x6c, 0x2c, 0x20, 0x73, 0x61, 0x6e, 0x73, 0x2d, 0x73, 0x65, 0x72
  .byte 0x69, 0x66, 0x3b, 0x0a, 0x0a, 0x20, 0x20, 0x2f, 0x2a, 0x20, 0x46, 0x6f, 0x6e, 0x74, 0x20, 0x73
  .byte 0x69, 0x7a, 0x65, 0x73, 0x20, 0x2a, 0x2f, 0x0a, 0x20, 0x20, 0x2d, 0x2d, 0x66, 0x6f, 0x6e, 0x74
  .byte 0x2d, 0x73, 0x69, 0x7a, 0x65, 0x2d, 0x32, 0x78, 0x73, 0x3a, 0x20, 0x31, 0x30, 0x70, 0x78, 0x3b
  .byte 0x0a, 0x20, 0x20, 0x2d, 0x2d, 0x66, 0x6f, 0x6e, 0x74, 0x2d, 0x73, 0x69, 0x7a, 0x65, 0x2d, 0x78
  .byte 0x73, 0x3a, 0x20, 0x31, 0x32, 0x70, 0x78, 0x3b, 0x0a, 0x20, 0x20, 0x2d, 0x2d, 0x66, 0x6f, 0x6e
  .byte 0x74, 0x2d, 0x73, 0x69, 0x7a, 0x65, 0x2d, 0x73, 0x6d, 0x3a, 0x20, 0x31, 0x34, 0x70, 0x78, 0x3b
  .byte 0x0a, 0x20, 0x20, 0x2d, 0x2d, 0x66, 0x6f, 0x6e, 0x74, 0x2d, 0x73, 0x69, 0x7a, 0x65, 0x2d, 0x6d
  .byte 0x64, 0x3a, 0x20, 0x31, 0x36, 0x70, 0x78, 0x3b, 0x0a, 0x20, 0x20, 0x2d, 0x2d, 0x66, 0x6f, 0x6e
  .byte 0x74, 0x2d, 0x73, 0x69, 0x7a, 0x65, 0x2d, 0x6c, 0x67, 0x3a, 0x20, 0x31, 0x38, 0x70, 0x78, 0x3b
  .byte 0x0a, 0x20, 0x20, 0x2d, 0x2d, 0x66, 0x6f, 0x6e, 0x74, 0x2d, 0x73, 0x69, 0x7a, 0x65, 0x2d, 0x78
  .byte 0x6c, 0x3a, 0x20, 0x32, 0x30, 0x70, 0x78, 0x3b, 0x0a, 0x20, 0x20, 0x2d, 0x2d, 0x66, 0x6f, 0x6e
  .byte 0x74, 0x2d, 0x73, 0x69, 0x7a, 0x65, 0x2d, 0x32, 0x78, 0x6c, 0x3a, 0x20, 0x32, 0x34, 0x70, 0x78
  .byte 0x3b, 0x0a, 0x20, 0x20, 0x2d, 0x2d, 0x66, 0x6f, 0x6e, 0x74, 0x2d, 0x73, 0x69, 0x7a, 0x65, 0x2d
  .byte 0x33, 0x78, 0x6c, 0x3a, 0x20, 0x32, 0x38, 0x70, 0x78, 0x3b, 0x0a, 0x20, 0x20, 0x2d, 0x2d, 0x66
  .byte 0x6f, 0x6e, 0x74, 0x2d, 0x73, 0x69, 0x7a, 0x65, 0x2d, 0x34, 0x78, 0x6c, 0x3a, 0x20, 0x33, 0x32
  .byte 0x70, 0x78, 0x3b, 0x0a, 0x20, 0x20, 0x2d, 0x2d, 0x66, 0x6f, 0x6e, 0x74, 0x2d, 0x73, 0x69, 0x7a
  .byte 0x65, 0x2d, 0x35, 0x78, 0x6c, 0x3a, 0x20, 0x33, 0x36, 0x70, 0x78, 0x3b, 0x0a, 0x0a, 0x20, 0x20
  .byte 0x2f, 0x2a, 0x20, 0x46, 0x6f, 0x6e, 0x74, 0x20, 0x77, 0x65, 0x69, 0x67, 0x68, 0x74, 0x73, 0x20
  .byte 0x2a, 0x2f, 0x0a, 0x20, 0x20, 0x2d, 0x2d, 0x66, 0x6f, 0x6e, 0x74, 0x2d, 0x77, 0x65, 0x69, 0x67
  .byte 0x68, 0x74, 0x2d, 0x72, 0x65, 0x67, 0x75, 0x6c, 0x61, 0x72, 0x3a, 0x20, 0x34, 0x30, 0x30, 0x3b
  .byte 0x0a, 0x20, 0x20, 0x2d, 0x2d, 0x66, 0x6f, 0x6e, 0x74, 0x2d, 0x77, 0x65, 0x69, 0x67, 0x68, 0x74
  .byte 0x2d, 0x6d, 0x65, 0x64, 0x69, 0x75, 0x6d, 0x3a, 0x20, 0x35, 0x30, 0x30, 0x3b, 0x0a, 0x20, 0x20
  .byte 0x2d, 0x2d, 0x66, 0x6f, 0x6e, 0x74, 0x2d, 0x77, 0x65, 0x69, 0x67, 0x68, 0x74, 0x2d, 0x62, 0x6f
  .byte 0x6c, 0x64, 0x3a, 0x20, 0x36, 0x30, 0x30, 0x3b, 0x0a, 0x20, 0x20, 0x2d, 0x2d, 0x66, 0x6f, 0x6e
  .byte 0x74, 0x2d, 0x77, 0x65, 0x69, 0x67, 0x68, 0x74, 0x2d, 0x68, 0x65, 0x61, 0x76, 0x79, 0x3a, 0x20
  .byte 0x37, 0x30, 0x30, 0x3b, 0x0a, 0x0a, 0x20, 0x20, 0x2f, 0x2a, 0x20, 0x4c, 0x69, 0x6e, 0x65, 0x20
  .byte 0x68, 0x65, 0x69, 0x67, 0x68, 0x74, 0x73, 0x20, 0x2a, 0x2f, 0x0a, 0x20, 0x20, 0x2d, 0x2d, 0x6c
  .byte 0x69, 0x6e, 0x65, 0x2d, 0x68, 0x65, 0x69, 0x67, 0x68, 0x74, 0x2d, 0x62, 0x6f, 0x64, 0x79, 0x3a
  .byte 0x20, 0x31, 0x2e, 0x35, 0x3b, 0x0a, 0x20, 0x20, 0x2d, 0x2d, 0x6c, 0x69, 0x6e, 0x65, 0x2d, 0x68
  .byte 0x65, 0x69, 0x67, 0x68, 0x74, 0x2d, 0x68, 0x65, 0x61, 0x64, 0x69, 0x6e, 0x67, 0x3a, 0x20, 0x31
  .byte 0x2e, 0x32, 0x35, 0x3b, 0x0a, 0x20, 0x20, 0x2d, 0x2d, 0x6c, 0x69, 0x6e, 0x65, 0x2d, 0x68, 0x65
  .byte 0x69, 0x67, 0x68, 0x74, 0x2d, 0x68, 0x65, 0x61, 0x64, 0x69, 0x6e, 0x67, 0x2d, 0x6c, 0x61, 0x72
  .byte 0x67, 0x65, 0x3a, 0x20, 0x31, 0x2e, 0x31, 0x3b, 0x0a, 0x20, 0x20, 0x2d, 0x2d, 0x6c, 0x69, 0x6e
  .byte 0x65, 0x2d, 0x68, 0x65, 0x69, 0x67, 0x68, 0x74, 0x2d, 0x6c, 0x61, 0x62, 0x65, 0x6c, 0x3a, 0x20
  .byte 0x31, 0x2e, 0x32, 0x35, 0x3b, 0x0a, 0x20, 0x20, 0x2d, 0x2d, 0x6c, 0x69, 0x6e, 0x65, 0x2d, 0x68
  .byte 0x65, 0x69, 0x67, 0x68, 0x74, 0x2d, 0x63, 0x6f, 0x64, 0x65, 0x3a, 0x20, 0x31, 0x2e, 0x35, 0x3b
  .byte 0x0a, 0x0a, 0x20, 0x20, 0x2f, 0x2a, 0x20, 0x4c, 0x65, 0x74, 0x74, 0x65, 0x72, 0x20, 0x73, 0x70
  .byte 0x61, 0x63, 0x69, 0x6e, 0x67, 0x20, 0x2a, 0x2f, 0x0a, 0x20, 0x20, 0x2d, 0x2d, 0x6c, 0x65, 0x74
  .byte 0x74, 0x65, 0x72, 0x2d, 0x73, 0x70, 0x61, 0x63, 0x69, 0x6e, 0x67, 0x2d, 0x6e, 0x6f, 0x72, 0x6d
  .byte 0x61, 0x6c, 0x3a, 0x20, 0x30, 0x3b, 0x0a, 0x20, 0x20, 0x2d, 0x2d, 0x6c, 0x65, 0x74, 0x74, 0x65
  .byte 0x72, 0x2d, 0x73, 0x70, 0x61, 0x63, 0x69, 0x6e, 0x67, 0x2d, 0x74, 0x69, 0x67, 0x68, 0x74, 0x3a
  .byte 0x20, 0x2d, 0x30, 0x2e, 0x31, 0x70, 0x78, 0x3b, 0x0a, 0x20, 0x20, 0x2d, 0x2d, 0x6c, 0x65, 0x74
  .byte 0x74, 0x65, 0x72, 0x2d, 0x73, 0x70, 0x61, 0x63, 0x69, 0x6e, 0x67, 0x2d, 0x74, 0x69, 0x67, 0x68
  .byte 0x74, 0x65, 0x72, 0x3a, 0x20, 0x2d, 0x30, 0x2e, 0x32, 0x70, 0x78, 0x3b, 0x0a, 0x0a, 0x20, 0x20
  .byte 0x2f, 0x2a, 0x20, 0x43, 0x6f, 0x6d, 0x70, 0x6f, 0x75, 0x6e, 0x64, 0x20, 0x74, 0x79, 0x70, 0x6f
  .byte 0x67, 0x72, 0x61, 0x70, 0x68, 0x79, 0x3a, 0x20, 0x62, 0x6f, 0x64, 0x79, 0x20, 0x2a, 0x2f, 0x0a
  .byte 0x20, 0x20, 0x2f, 0x2a, 0x20, 0x42, 0x6f, 0x64, 0x79, 0x3a, 0x20, 0x65, 0x78, 0x74, 0x72, 0x61
  .byte 0x20, 0x73, 0x6d, 0x61, 0x6c, 0x6c, 0x20, 0x2a, 0x2f, 0x0a, 0x20, 0x20, 0x2d, 0x2d, 0x74, 0x65
  .byte 0x78, 0x74, 0x2d, 0x62, 0x6f, 0x64, 0x79, 0x2d, 0x78, 0x73, 0x3a, 0x20, 0x76, 0x61, 0x72, 0x28
  .byte 0x2d, 0x2d, 0x66, 0x6f, 0x6e, 0x74, 0x2d, 0x77, 0x65, 0x69, 0x67, 0x68, 0x74, 0x2d, 0x72, 0x65
  .byte 0x67, 0x75, 0x6c, 0x61, 0x72, 0x29, 0x20, 0x76, 0x61, 0x72, 0x28, 0x2d, 0x2d, 0x66, 0x6f, 0x6e
  .byte 0x74, 0x2d, 0x73, 0x69, 0x7a, 0x65, 0x2d, 0x78, 0x73, 0x29, 0x20, 0x2f, 0x20, 0x76, 0x61, 0x72
  .byte 0x28, 0x2d, 0x2d, 0x6c, 0x69, 0x6e, 0x65, 0x2d, 0x68, 0x65, 0x69, 0x67, 0x68, 0x74, 0x2d, 0x62
  .byte 0x6f, 0x64, 0x79, 0x29, 0x0a, 0x20, 0x20, 0x20, 0x20, 0x76, 0x61, 0x72, 0x28, 0x2d, 0x2d, 0x66
  .byte 0x6f, 0x6e, 0x74, 0x2d, 0x62, 0x6f, 0x64, 0x79, 0x29, 0x3b, 0x0a, 0x20, 0x20, 0x2d, 0x2d, 0x74
  .byte 0x65, 0x78, 0x74, 0x2d, 0x62, 0x6f, 0x64, 0x79, 0x2d, 0x78, 0x73, 0x2d, 0x6c, 0x65, 0x74, 0x74
  .byte 0x65, 0x72, 0x2d, 0x73, 0x70, 0x61, 0x63, 0x69, 0x6e, 0x67, 0x3a, 0x20, 0x76, 0x61, 0x72, 0x28
  .byte 0x2d, 0x2d, 0x6c, 0x65, 0x74, 0x74, 0x65, 0x72, 0x2d, 0x73, 0x70, 0x61, 0x63, 0x69, 0x6e, 0x67
  .byte 0x2d, 0x6e, 0x6f, 0x72, 0x6d, 0x61, 0x6c, 0x29, 0x3b, 0x0a, 0x20, 0x20, 0x2d, 0x2d, 0x74, 0x65
  .byte 0x78, 0x74, 0x2d, 0x62, 0x6f, 0x64, 0x79, 0x2d, 0x78, 0x73, 0x2d, 0x68, 0x65, 0x61, 0x76, 0x79
  .byte 0x3a, 0x20, 0x76, 0x61, 0x72, 0x28, 0x2d, 0x2d, 0x66, 0x6f, 0x6e, 0x74, 0x2d, 0x77, 0x65, 0x69
  .byte 0x67, 0x68, 0x74, 0x2d, 0x6d, 0x65, 0x64, 0x69, 0x75, 0x6d, 0x29, 0x20, 0x76, 0x61, 0x72, 0x28
  .byte 0x2d, 0x2d, 0x66, 0x6f, 0x6e, 0x74, 0x2d, 0x73, 0x69, 0x7a, 0x65, 0x2d, 0x78, 0x73, 0x29, 0x20
  .byte 0x2f, 0x20, 0x76, 0x61, 0x72, 0x28, 0x2d, 0x2d, 0x6c, 0x69, 0x6e, 0x65, 0x2d, 0x68, 0x65, 0x69
  .byte 0x67, 0x68, 0x74, 0x2d, 0x62, 0x6f, 0x64, 0x79, 0x29, 0x0a, 0x20, 0x20, 0x20, 0x20, 0x76, 0x61
  .byte 0x72, 0x28, 0x2d, 0x2d, 0x66, 0x6f, 0x6e, 0x74, 0x2d, 0x62, 0x6f, 0x64, 0x79, 0x29, 0x3b, 0x0a
  .byte 0x20, 0x20, 0x2d, 0x2d, 0x74, 0x65, 0x78, 0x74, 0x2d, 0x62, 0x6f, 0x64, 0x79, 0x2d, 0x78, 0x73
  .byte 0x2d, 0x68, 0x65, 0x61, 0x76, 0x79, 0x2d, 0x6c, 0x65, 0x74, 0x74, 0x65, 0x72, 0x2d, 0x73, 0x70
  .byte 0x61, 0x63, 0x69, 0x6e, 0x67, 0x3a, 0x20, 0x76, 0x61, 0x72, 0x28, 0x2d, 0x2d, 0x6c, 0x65, 0x74
  .byte 0x74, 0x65, 0x72, 0x2d, 0x73, 0x70, 0x61, 0x63, 0x69, 0x6e, 0x67, 0x2d, 0x6e, 0x6f, 0x72, 0x6d
  .byte 0x61, 0x6c, 0x29, 0x3b, 0x0a, 0x20, 0x20, 0x2f, 0x2a, 0x20, 0x42, 0x6f, 0x64, 0x79, 0x3a, 0x20
  .byte 0x73, 0x6d, 0x61, 0x6c, 0x6c, 0x20, 0x2a, 0x2f, 0x0a, 0x20, 0x20, 0x2d, 0x2d, 0x74, 0x65, 0x78
  .byte 0x74, 0x2d, 0x62, 0x6f, 0x64, 0x79, 0x2d, 0x73, 0x6d, 0x3a, 0x20, 0x76, 0x61, 0x72, 0x28, 0x2d
  .byte 0x2d, 0x66, 0x6f, 0x6e, 0x74, 0x2d, 0x77, 0x65, 0x69, 0x67, 0x68, 0x74, 0x2d, 0x72, 0x65, 0x67
  .byte 0x75, 0x6c, 0x61, 0x72, 0x29, 0x20, 0x76, 0x61, 0x72, 0x28, 0x2d, 0x2d, 0x66, 0x6f, 0x6e, 0x74
  .byte 0x2d, 0x73, 0x69, 0x7a, 0x65, 0x2d, 0x73, 0x6d, 0x29, 0x20, 0x2f, 0x20, 0x76, 0x61, 0x72, 0x28
  .byte 0x2d, 0x2d, 0x6c, 0x69, 0x6e, 0x65, 0x2d, 0x68, 0x65, 0x69, 0x67, 0x68, 0x74, 0x2d, 0x62, 0x6f
  .byte 0x64, 0x79, 0x29, 0x0a, 0x20, 0x20, 0x20, 0x20, 0x76, 0x61, 0x72, 0x28, 0x2d, 0x2d, 0x66, 0x6f
  .byte 0x6e, 0x74, 0x2d, 0x62, 0x6f, 0x64, 0x79, 0x29, 0x3b, 0x0a, 0x20, 0x20, 0x2d, 0x2d, 0x74, 0x65
  .byte 0x78, 0x74, 0x2d, 0x62, 0x6f, 0x64, 0x79, 0x2d, 0x73, 0x6d, 0x2d, 0x6c, 0x65, 0x74, 0x74, 0x65
  .byte 0x72, 0x2d, 0x73, 0x70, 0x61, 0x63, 0x69, 0x6e, 0x67, 0x3a, 0x20, 0x76, 0x61, 0x72, 0x28, 0x2d
  .byte 0x2d, 0x6c, 0x65, 0x74, 0x74, 0x65, 0x72, 0x2d, 0x73, 0x70, 0x61, 0x63, 0x69, 0x6e, 0x67, 0x2d
  .byte 0x6e, 0x6f, 0x72, 0x6d, 0x61, 0x6c, 0x29, 0x3b, 0x0a, 0x20, 0x20, 0x2d, 0x2d, 0x74, 0x65, 0x78
  .byte 0x74, 0x2d, 0x62, 0x6f, 0x64, 0x79, 0x2d, 0x73, 0x6d, 0x2d, 0x68, 0x65, 0x61, 0x76, 0x79, 0x3a
  .byte 0x20, 0x76, 0x61, 0x72, 0x28, 0x2d, 0x2d, 0x66, 0x6f, 0x6e, 0x74, 0x2d, 0x77, 0x65, 0x69, 0x67
  .byte 0x68, 0x74, 0x2d, 0x6d, 0x65, 0x64, 0x69, 0x75, 0x6d, 0x29, 0x20, 0x76, 0x61, 0x72, 0x28, 0x2d
  .byte 0x2d, 0x66, 0x6f, 0x6e, 0x74, 0x2d, 0x73, 0x69, 0x7a, 0x65, 0x2d, 0x73, 0x6d, 0x29, 0x20, 0x2f
  .byte 0x20, 0x76, 0x61, 0x72, 0x28, 0x2d, 0x2d, 0x6c, 0x69, 0x6e, 0x65, 0x2d, 0x68, 0x65, 0x69, 0x67
  .byte 0x68, 0x74, 0x2d, 0x62, 0x6f, 0x64, 0x79, 0x29, 0x0a, 0x20, 0x20, 0x20, 0x20, 0x76, 0x61, 0x72
  .byte 0x28, 0x2d, 0x2d, 0x66, 0x6f, 0x6e, 0x74, 0x2d, 0x62, 0x6f, 0x64, 0x79, 0x29, 0x3b, 0x0a, 0x20
  .byte 0x20, 0x2d, 0x2d, 0x74, 0x65, 0x78, 0x74, 0x2d, 0x62, 0x6f, 0x64, 0x79, 0x2d, 0x73, 0x6d, 0x2d
  .byte 0x68, 0x65, 0x61, 0x76, 0x79, 0x2d, 0x6c, 0x65, 0x74, 0x74, 0x65, 0x72, 0x2d, 0x73, 0x70, 0x61
  .byte 0x63, 0x69, 0x6e, 0x67, 0x3a, 0x20, 0x76, 0x61, 0x72, 0x28, 0x2d, 0x2d, 0x6c, 0x65, 0x74, 0x74
  .byte 0x65, 0x72, 0x2d, 0x73, 0x70, 0x61, 0x63, 0x69, 0x6e, 0x67, 0x2d, 0x6e, 0x6f, 0x72, 0x6d, 0x61
  .byte 0x6c, 0x29, 0x3b, 0x0a, 0x20, 0x20, 0x2f, 0x2a, 0x20, 0x42, 0x6f, 0x64, 0x79, 0x3a, 0x20, 0x64
  .byte 0x65, 0x66, 0x61, 0x75, 0x6c, 0x74, 0x20, 0x2a, 0x2f, 0x0a, 0x20, 0x20, 0x2d, 0x2d, 0x74, 0x65
  .byte 0x78, 0x74, 0x2d, 0x62, 0x6f, 0x64, 0x79, 0x2d, 0x64, 0x65, 0x66, 0x61, 0x75, 0x6c, 0x74, 0x3a
  .byte 0x20, 0x76, 0x61, 0x72, 0x28, 0x2d, 0x2d, 0x66, 0x6f, 0x6e, 0x74, 0x2d, 0x77, 0x65, 0x69, 0x67
  .byte 0x68, 0x74, 0x2d, 0x72, 0x65, 0x67, 0x75, 0x6c, 0x61, 0x72, 0x29, 0x20, 0x76, 0x61, 0x72, 0x28
  .byte 0x2d, 0x2d, 0x66, 0x6f, 0x6e, 0x74, 0x2d, 0x73, 0x69, 0x7a, 0x65, 0x2d, 0x6d, 0x64, 0x29, 0x20
  .byte 0x2f, 0x20, 0x76, 0x61, 0x72, 0x28, 0x2d, 0x2d, 0x6c, 0x69, 0x6e, 0x65, 0x2d, 0x68, 0x65, 0x69
  .byte 0x67, 0x68, 0x74, 0x2d, 0x62, 0x6f, 0x64, 0x79, 0x29, 0x0a, 0x20, 0x20, 0x20, 0x20, 0x76, 0x61
  .byte 0x72, 0x28, 0x2d, 0x2d, 0x66, 0x6f, 0x6e, 0x74, 0x2d, 0x62, 0x6f, 0x64, 0x79, 0x29, 0x3b, 0x0a
  .byte 0x20, 0x20, 0x2d, 0x2d, 0x74, 0x65, 0x78, 0x74, 0x2d, 0x62, 0x6f, 0x64, 0x79, 0x2d, 0x64, 0x65
  .byte 0x66, 0x61, 0x75, 0x6c, 0x74, 0x2d, 0x6c, 0x65, 0x74, 0x74, 0x65, 0x72, 0x2d, 0x73, 0x70, 0x61
  .byte 0x63, 0x69, 0x6e, 0x67, 0x3a, 0x20, 0x76, 0x61, 0x72, 0x28, 0x2d, 0x2d, 0x6c, 0x65, 0x74, 0x74
  .byte 0x65, 0x72, 0x2d, 0x73, 0x70, 0x61, 0x63, 0x69, 0x6e, 0x67, 0x2d, 0x6e, 0x6f, 0x72, 0x6d, 0x61
  .byte 0x6c, 0x29, 0x3b, 0x0a, 0x20, 0x20, 0x2d, 0x2d, 0x74, 0x65, 0x78, 0x74, 0x2d, 0x62, 0x6f, 0x64
  .byte 0x79, 0x2d, 0x64, 0x65, 0x66, 0x61, 0x75, 0x6c, 0x74, 0x2d, 0x68, 0x65, 0x61, 0x76, 0x79, 0x3a
  .byte 0x20, 0x76, 0x61, 0x72, 0x28, 0x2d, 0x2d, 0x66, 0x6f, 0x6e, 0x74, 0x2d, 0x77, 0x65, 0x69, 0x67
  .byte 0x68, 0x74, 0x2d, 0x6d, 0x65, 0x64, 0x69, 0x75, 0x6d, 0x29, 0x20, 0x76, 0x61, 0x72, 0x28, 0x2d
  .byte 0x2d, 0x66, 0x6f, 0x6e, 0x74, 0x2d, 0x73, 0x69, 0x7a, 0x65, 0x2d, 0x6d, 0x64, 0x29, 0x20, 0x2f
  .byte 0x20, 0x76, 0x61, 0x72, 0x28, 0x2d, 0x2d, 0x6c, 0x69, 0x6e, 0x65, 0x2d, 0x68, 0x65, 0x69, 0x67
  .byte 0x68, 0x74, 0x2d, 0x62, 0x6f, 0x64, 0x79, 0x29, 0x0a, 0x20, 0x20, 0x20, 0x20, 0x76, 0x61, 0x72
  .byte 0x28, 0x2d, 0x2d, 0x66, 0x6f, 0x6e, 0x74, 0x2d, 0x62, 0x6f, 0x64, 0x79, 0x29, 0x3b, 0x0a, 0x20
  .byte 0x20, 0x2d, 0x2d, 0x74, 0x65, 0x78, 0x74, 0x2d, 0x62, 0x6f, 0x64, 0x79, 0x2d, 0x64, 0x65, 0x66
  .byte 0x61, 0x75, 0x6c, 0x74, 0x2d, 0x68, 0x65, 0x61, 0x76, 0x79, 0x2d, 0x6c, 0x65, 0x74, 0x74, 0x65
  .byte 0x72, 0x2d, 0x73, 0x70, 0x61, 0x63, 0x69, 0x6e, 0x67, 0x3a, 0x20, 0x76, 0x61, 0x72, 0x28, 0x2d
  .byte 0x2d, 0x6c, 0x65, 0x74, 0x74, 0x65, 0x72, 0x2d, 0x73, 0x70, 0x61, 0x63, 0x69, 0x6e, 0x67, 0x2d
  .byte 0x6e, 0x6f, 0x72, 0x6d, 0x61, 0x6c, 0x29, 0x3b, 0x0a, 0x20, 0x20, 0x2f, 0x2a, 0x20, 0x42, 0x6f
  .byte 0x64, 0x79, 0x3a, 0x20, 0x6c, 0x61, 0x72, 0x67, 0x65, 0x20, 0x2a, 0x2f, 0x0a, 0x20, 0x20, 0x2d
  .byte 0x2d, 0x74, 0x65, 0x78, 0x74, 0x2d, 0x62, 0x6f, 0x64, 0x79, 0x2d, 0x6c, 0x67, 0x3a, 0x20, 0x76
  .byte 0x61, 0x72, 0x28, 0x2d, 0x2d, 0x66, 0x6f, 0x6e, 0x74, 0x2d, 0x77, 0x65, 0x69, 0x67, 0x68, 0x74
  .byte 0x2d, 0x72, 0x65, 0x67, 0x75, 0x6c, 0x61, 0x72, 0x29, 0x20, 0x76, 0x61, 0x72, 0x28, 0x2d, 0x2d
  .byte 0x66, 0x6f, 0x6e, 0x74, 0x2d, 0x73, 0x69, 0x7a, 0x65, 0x2d, 0x6c, 0x67, 0x29, 0x20, 0x2f, 0x20
  .byte 0x76, 0x61, 0x72, 0x28, 0x2d, 0x2d, 0x6c, 0x69, 0x6e, 0x65, 0x2d, 0x68, 0x65, 0x69, 0x67, 0x68
  .byte 0x74, 0x2d, 0x62, 0x6f, 0x64, 0x79, 0x29, 0x0a, 0x20, 0x20, 0x20, 0x20, 0x76, 0x61, 0x72, 0x28
  .byte 0x2d, 0x2d, 0x66, 0x6f, 0x6e, 0x74, 0x2d, 0x62, 0x6f, 0x64, 0x79, 0x29, 0x3b, 0x0a, 0x20, 0x20
  .byte 0x2d, 0x2d, 0x74, 0x65, 0x78, 0x74, 0x2d, 0x62, 0x6f, 0x64, 0x79, 0x2d, 0x6c, 0x67, 0x2d, 0x6c
  .byte 0x65, 0x74, 0x74, 0x65, 0x72, 0x2d, 0x73, 0x70, 0x61, 0x63, 0x69, 0x6e, 0x67, 0x3a, 0x20, 0x76
  .byte 0x61, 0x72, 0x28, 0x2d, 0x2d, 0x6c, 0x65, 0x74, 0x74, 0x65, 0x72, 0x2d, 0x73, 0x70, 0x61, 0x63
  .byte 0x69, 0x6e, 0x67, 0x2d, 0x6e, 0x6f, 0x72, 0x6d, 0x61, 0x6c, 0x29, 0x3b, 0x0a, 0x20, 0x20, 0x2d
  .byte 0x2d, 0x74, 0x65, 0x78, 0x74, 0x2d, 0x62, 0x6f, 0x64, 0x79, 0x2d, 0x6c, 0x67, 0x2d, 0x68, 0x65
  .byte 0x61, 0x76, 0x79, 0x3a, 0x20, 0x76, 0x61, 0x72, 0x28, 0x2d, 0x2d, 0x66, 0x6f, 0x6e, 0x74, 0x2d
  .byte 0x77, 0x65, 0x69, 0x67, 0x68, 0x74, 0x2d, 0x6d, 0x65, 0x64, 0x69, 0x75, 0x6d, 0x29, 0x20, 0x76
  .byte 0x61, 0x72, 0x28, 0x2d, 0x2d, 0x66, 0x6f, 0x6e, 0x74, 0x2d, 0x73, 0x69, 0x7a, 0x65, 0x2d, 0x6c
  .byte 0x67, 0x29, 0x20, 0x2f, 0x20, 0x76, 0x61, 0x72, 0x28, 0x2d, 0x2d, 0x6c, 0x69, 0x6e, 0x65, 0x2d
  .byte 0x68, 0x65, 0x69, 0x67, 0x68, 0x74, 0x2d, 0x62, 0x6f, 0x64, 0x79, 0x29, 0x0a, 0x20, 0x20, 0x20
  .byte 0x20, 0x76, 0x61, 0x72, 0x28, 0x2d, 0x2d, 0x66, 0x6f, 0x6e, 0x74, 0x2d, 0x62, 0x6f, 0x64, 0x79
  .byte 0x29, 0x3b, 0x0a, 0x20, 0x20, 0x2d, 0x2d, 0x74, 0x65, 0x78, 0x74, 0x2d, 0x62, 0x6f, 0x64, 0x79
  .byte 0x2d, 0x6c, 0x67, 0x2d, 0x68, 0x65, 0x61, 0x76, 0x79, 0x2d, 0x6c, 0x65, 0x74, 0x74, 0x65, 0x72
  .byte 0x2d, 0x73, 0x70, 0x61, 0x63, 0x69, 0x6e, 0x67, 0x3a, 0x20, 0x76, 0x61, 0x72, 0x28, 0x2d, 0x2d
  .byte 0x6c, 0x65, 0x74, 0x74, 0x65, 0x72, 0x2d, 0x73, 0x70, 0x61, 0x63, 0x69, 0x6e, 0x67, 0x2d, 0x6e
  .byte 0x6f, 0x72, 0x6d, 0x61, 0x6c, 0x29, 0x3b, 0x0a, 0x0a, 0x20, 0x20, 0x2f, 0x2a, 0x20, 0x43, 0x6f
  .byte 0x6d, 0x70, 0x6f, 0x75, 0x6e, 0x64, 0x20, 0x74, 0x79, 0x70, 0x6f, 0x67, 0x72, 0x61, 0x70, 0x68
  .byte 0x79, 0x3a, 0x20, 0x68, 0x65, 0x61, 0x64, 0x69, 0x6e, 0x67, 0x20, 0x2a, 0x2f, 0x0a, 0x20, 0x20
  .byte 0x2f, 0x2a, 0x20, 0x48, 0x65, 0x61, 0x64, 0x69, 0x6e, 0x67, 0x3a, 0x20, 0x65, 0x78, 0x74, 0x72
  .byte 0x61, 0x20, 0x73, 0x6d, 0x61, 0x6c, 0x6c, 0x20, 0x2a, 0x2f, 0x0a, 0x20, 0x20, 0x2d, 0x2d, 0x74
  .byte 0x65, 0x78, 0x74, 0x2d, 0x68, 0x65, 0x61, 0x64, 0x69, 0x6e, 0x67, 0x2d, 0x78, 0x73, 0x3a, 0x20
  .byte 0x76, 0x61, 0x72, 0x28, 0x2d, 0x2d, 0x66, 0x6f, 0x6e, 0x74, 0x2d, 0x77, 0x65, 0x69, 0x67, 0x68
  .byte 0x74, 0x2d, 0x62, 0x6f, 0x6c, 0x64, 0x29, 0x20, 0x76, 0x61, 0x72, 0x28, 0x2d, 0x2d, 0x66, 0x6f
  .byte 0x6e, 0x74, 0x2d, 0x73, 0x69, 0x7a, 0x65, 0x2d, 0x6d, 0x64, 0x29, 0x20, 0x2f, 0x20, 0x76, 0x61
  .byte 0x72, 0x28, 0x2d, 0x2d, 0x6c, 0x69, 0x6e, 0x65, 0x2d, 0x68, 0x65, 0x69, 0x67, 0x68, 0x74, 0x2d
  .byte 0x68, 0x65, 0x61, 0x64, 0x69, 0x6e, 0x67, 0x29, 0x0a, 0x20, 0x20, 0x20, 0x20, 0x76, 0x61, 0x72
  .byte 0x28, 0x2d, 0x2d, 0x66, 0x6f, 0x6e, 0x74, 0x2d, 0x68, 0x65, 0x61, 0x64, 0x69, 0x6e, 0x67, 0x29
  .byte 0x3b, 0x0a, 0x20, 0x20, 0x2d, 0x2d, 0x74, 0x65, 0x78, 0x74, 0x2d, 0x68, 0x65, 0x61, 0x64, 0x69
  .byte 0x6e, 0x67, 0x2d, 0x78, 0x73, 0x2d, 0x6c, 0x65, 0x74, 0x74, 0x65, 0x72, 0x2d, 0x73, 0x70, 0x61
  .byte 0x63, 0x69, 0x6e, 0x67, 0x3a, 0x20, 0x76, 0x61, 0x72, 0x28, 0x2d, 0x2d, 0x6c, 0x65, 0x74, 0x74
  .byte 0x65, 0x72, 0x2d, 0x73, 0x70, 0x61, 0x63, 0x69, 0x6e, 0x67, 0x2d, 0x6e, 0x6f, 0x72, 0x6d, 0x61
  .byte 0x6c, 0x29, 0x3b, 0x0a, 0x20, 0x20, 0x2f, 0x2a, 0x20, 0x48, 0x65, 0x61, 0x64, 0x69, 0x6e, 0x67
  .byte 0x3a, 0x20, 0x73, 0x6d, 0x61, 0x6c, 0x6c, 0x20, 0x2a, 0x2f, 0x0a, 0x20, 0x20, 0x2d, 0x2d, 0x74
  .byte 0x65, 0x78, 0x74, 0x2d, 0x68, 0x65, 0x61, 0x64, 0x69, 0x6e, 0x67, 0x2d, 0x73, 0x6d, 0x3a, 0x20
  .byte 0x76, 0x61, 0x72, 0x28, 0x2d, 0x2d, 0x66, 0x6f, 0x6e, 0x74, 0x2d, 0x77, 0x65, 0x69, 0x67, 0x68
  .byte 0x74, 0x2d, 0x62, 0x6f, 0x6c, 0x64, 0x29, 0x20, 0x76, 0x61, 0x72, 0x28, 0x2d, 0x2d, 0x66, 0x6f
  .byte 0x6e, 0x74, 0x2d, 0x73, 0x69, 0x7a, 0x65, 0x2d, 0x6c, 0x67, 0x29, 0x20, 0x2f, 0x20, 0x76, 0x61
  .byte 0x72, 0x28, 0x2d, 0x2d, 0x6c, 0x69, 0x6e, 0x65, 0x2d, 0x68, 0x65, 0x69, 0x67, 0x68, 0x74, 0x2d
  .byte 0x68, 0x65, 0x61, 0x64, 0x69, 0x6e, 0x67, 0x29, 0x0a, 0x20, 0x20, 0x20, 0x20, 0x76, 0x61, 0x72
  .byte 0x28, 0x2d, 0x2d, 0x66, 0x6f, 0x6e, 0x74, 0x2d, 0x68, 0x65, 0x61, 0x64, 0x69, 0x6e, 0x67, 0x29
  .byte 0x3b, 0x0a, 0x20, 0x20, 0x2d, 0x2d, 0x74, 0x65, 0x78, 0x74, 0x2d, 0x68, 0x65, 0x61, 0x64, 0x69
  .byte 0x6e, 0x67, 0x2d, 0x73, 0x6d, 0x2d, 0x6c, 0x65, 0x74, 0x74, 0x65, 0x72, 0x2d, 0x73, 0x70, 0x61
  .byte 0x63, 0x69, 0x6e, 0x67, 0x3a, 0x20, 0x76, 0x61, 0x72, 0x28, 0x2d, 0x2d, 0x6c, 0x65, 0x74, 0x74
  .byte 0x65, 0x72, 0x2d, 0x73, 0x70, 0x61, 0x63, 0x69, 0x6e, 0x67, 0x2d, 0x6e, 0x6f, 0x72, 0x6d, 0x61
  .byte 0x6c, 0x29, 0x3b, 0x0a, 0x20, 0x20, 0x2f, 0x2a, 0x20, 0x48, 0x65, 0x61, 0x64, 0x69, 0x6e, 0x67
  .byte 0x3a, 0x20, 0x6d, 0x65, 0x64, 0x69, 0x75, 0x6d, 0x20, 0x2a, 0x2f, 0x0a, 0x20, 0x20, 0x2d, 0x2d
  .byte 0x74, 0x65, 0x78, 0x74, 0x2d, 0x68, 0x65, 0x61, 0x64, 0x69, 0x6e, 0x67, 0x2d, 0x6d, 0x64, 0x3a
  .byte 0x20, 0x76, 0x61, 0x72, 0x28, 0x2d, 0x2d, 0x66, 0x6f, 0x6e, 0x74, 0x2d, 0x77, 0x65, 0x69, 0x67
  .byte 0x68, 0x74, 0x2d, 0x62, 0x6f, 0x6c, 0x64, 0x29, 0x20, 0x76, 0x61, 0x72, 0x28, 0x2d, 0x2d, 0x66
  .byte 0x6f, 0x6e, 0x74, 0x2d, 0x73, 0x69, 0x7a, 0x65, 0x2d, 0x32, 0x78, 0x6c, 0x29, 0x20, 0x2f, 0x20
  .byte 0x76, 0x61, 0x72, 0x28, 0x2d, 0x2d, 0x6c, 0x69, 0x6e, 0x65, 0x2d, 0x68, 0x65, 0x69, 0x67, 0x68
  .byte 0x74, 0x2d, 0x68, 0x65, 0x61, 0x64, 0x69, 0x6e, 0x67, 0x2d, 0x6c, 0x61, 0x72, 0x67, 0x65, 0x29
  .byte 0x0a, 0x20, 0x20, 0x20, 0x20, 0x76, 0x61, 0x72, 0x28, 0x2d, 0x2d, 0x66, 0x6f, 0x6e, 0x74, 0x2d
  .byte 0x68, 0x65, 0x61, 0x64, 0x69, 0x6e, 0x67, 0x29, 0x3b, 0x0a, 0x20, 0x20, 0x2d, 0x2d, 0x74, 0x65
  .byte 0x78, 0x74, 0x2d, 0x68, 0x65, 0x61, 0x64, 0x69, 0x6e, 0x67, 0x2d, 0x6d, 0x64, 0x2d, 0x6c, 0x65
  .byte 0x74, 0x74, 0x65, 0x72, 0x2d, 0x73, 0x70, 0x61, 0x63, 0x69, 0x6e, 0x67, 0x3a, 0x20, 0x76, 0x61
  .byte 0x72, 0x28, 0x2d, 0x2d, 0x6c, 0x65, 0x74, 0x74, 0x65, 0x72, 0x2d, 0x73, 0x70, 0x61, 0x63, 0x69
  .byte 0x6e, 0x67, 0x2d, 0x6e, 0x6f, 0x72, 0x6d, 0x61, 0x6c, 0x29, 0x3b, 0x0a, 0x20, 0x20, 0x2f, 0x2a
  .byte 0x20, 0x48, 0x65, 0x61, 0x64, 0x69, 0x6e, 0x67, 0x3a, 0x20, 0x6c, 0x61, 0x72, 0x67, 0x65, 0x20
  .byte 0x2a, 0x2f, 0x0a, 0x20, 0x20, 0x2d, 0x2d, 0x74, 0x65, 0x78, 0x74, 0x2d, 0x68, 0x65, 0x61, 0x64
  .byte 0x69, 0x6e, 0x67, 0x2d, 0x6c, 0x67, 0x3a, 0x20, 0x76, 0x61, 0x72, 0x28, 0x2d, 0x2d, 0x66, 0x6f
  .byte 0x6e, 0x74, 0x2d, 0x77, 0x65, 0x69, 0x67, 0x68, 0x74, 0x2d, 0x62, 0x6f, 0x6c, 0x64, 0x29, 0x20
  .byte 0x76, 0x61, 0x72, 0x28, 0x2d, 0x2d, 0x66, 0x6f, 0x6e, 0x74, 0x2d, 0x73, 0x69, 0x7a, 0x65, 0x2d
  .byte 0x33, 0x78, 0x6c, 0x29, 0x20, 0x2f, 0x20, 0x76, 0x61, 0x72, 0x28, 0x2d, 0x2d, 0x6c, 0x69, 0x6e
  .byte 0x65, 0x2d, 0x68, 0x65, 0x69, 0x67, 0x68, 0x74, 0x2d, 0x68, 0x65, 0x61, 0x64, 0x69, 0x6e, 0x67
  .byte 0x2d, 0x6c, 0x61, 0x72, 0x67, 0x65, 0x29, 0x0a, 0x20, 0x20, 0x20, 0x20, 0x76, 0x61, 0x72, 0x28
  .byte 0x2d, 0x2d, 0x66, 0x6f, 0x6e, 0x74, 0x2d, 0x68, 0x65, 0x61, 0x64, 0x69, 0x6e, 0x67, 0x29, 0x3b
  .byte 0x0a, 0x20, 0x20, 0x2d, 0x2d, 0x74, 0x65, 0x78, 0x74, 0x2d, 0x68, 0x65, 0x61, 0x64, 0x69, 0x6e
  .byte 0x67, 0x2d, 0x6c, 0x67, 0x2d, 0x6c, 0x65, 0x74, 0x74, 0x65, 0x72, 0x2d, 0x73, 0x70, 0x61, 0x63
  .byte 0x69, 0x6e, 0x67, 0x3a, 0x20, 0x76, 0x61, 0x72, 0x28, 0x2d, 0x2d, 0x6c, 0x65, 0x74, 0x74, 0x65
  .byte 0x72, 0x2d, 0x73, 0x70, 0x61, 0x63, 0x69, 0x6e, 0x67, 0x2d, 0x74, 0x69, 0x67, 0x68, 0x74, 0x29
  .byte 0x3b, 0x0a, 0x20, 0x20, 0x2f, 0x2a, 0x20, 0x48, 0x65, 0x61, 0x64, 0x69, 0x6e, 0x67, 0x3a, 0x20
  .byte 0x65, 0x78, 0x74, 0x72, 0x61, 0x20, 0x6c, 0x61, 0x72, 0x67, 0x65, 0x20, 0x2a, 0x2f, 0x0a, 0x20
  .byte 0x20, 0x2d, 0x2d, 0x74, 0x65, 0x78, 0x74, 0x2d, 0x68, 0x65, 0x61, 0x64, 0x69, 0x6e, 0x67, 0x2d
  .byte 0x78, 0x6c, 0x3a, 0x20, 0x76, 0x61, 0x72, 0x28, 0x2d, 0x2d, 0x66, 0x6f, 0x6e, 0x74, 0x2d, 0x77
  .byte 0x65, 0x69, 0x67, 0x68, 0x74, 0x2d, 0x68, 0x65, 0x61, 0x76, 0x79, 0x29, 0x20, 0x76, 0x61, 0x72
  .byte 0x28, 0x2d, 0x2d, 0x66, 0x6f, 0x6e, 0x74, 0x2d, 0x73, 0x69, 0x7a, 0x65, 0x2d, 0x34, 0x78, 0x6c
  .byte 0x29, 0x20, 0x2f, 0x0a, 0x20, 0x20, 0x20, 0x20, 0x76, 0x61, 0x72, 0x28, 0x2d, 0x2d, 0x6c, 0x69
  .byte 0x6e, 0x65, 0x2d, 0x68, 0x65, 0x69, 0x67, 0x68, 0x74, 0x2d, 0x68, 0x65, 0x61, 0x64, 0x69, 0x6e
  .byte 0x67, 0x2d, 0x6c, 0x61, 0x72, 0x67, 0x65, 0x29, 0x20, 0x76, 0x61, 0x72, 0x28, 0x2d, 0x2d, 0x66
  .byte 0x6f, 0x6e, 0x74, 0x2d, 0x68, 0x65, 0x61, 0x64, 0x69, 0x6e, 0x67, 0x29, 0x3b, 0x0a, 0x20, 0x20
  .byte 0x2d, 0x2d, 0x74, 0x65, 0x78, 0x74, 0x2d, 0x68, 0x65, 0x61, 0x64, 0x69, 0x6e, 0x67, 0x2d, 0x78
  .byte 0x6c, 0x2d, 0x6c, 0x65, 0x74, 0x74, 0x65, 0x72, 0x2d, 0x73, 0x70, 0x61, 0x63, 0x69, 0x6e, 0x67
  .byte 0x3a, 0x20, 0x76, 0x61, 0x72, 0x28, 0x2d, 0x2d, 0x6c, 0x65, 0x74, 0x74, 0x65, 0x72, 0x2d, 0x73
  .byte 0x70, 0x61, 0x63, 0x69, 0x6e, 0x67, 0x2d, 0x74, 0x69, 0x67, 0x68, 0x74, 0x29, 0x3b, 0x0a, 0x0a
  .byte 0x20, 0x20, 0x2f, 0x2a, 0x20, 0x43, 0x6f, 0x6d, 0x70, 0x6f, 0x75, 0x6e, 0x64, 0x20, 0x74, 0x79
  .byte 0x70, 0x6f, 0x67, 0x72, 0x61, 0x70, 0x68, 0x79, 0x3a, 0x20, 0x6c, 0x61, 0x62, 0x65, 0x6c, 0x20
  .byte 0x2a, 0x2f, 0x0a, 0x20, 0x20, 0x2f, 0x2a, 0x20, 0x4c, 0x61, 0x62, 0x65, 0x6c, 0x3a, 0x20, 0x65
  .byte 0x78, 0x74, 0x72, 0x61, 0x20, 0x73, 0x6d, 0x61, 0x6c, 0x6c, 0x20, 0x2a, 0x2f, 0x0a, 0x20, 0x20
  .byte 0x2d, 0x2d, 0x74, 0x65, 0x78, 0x74, 0x2d, 0x6c, 0x61, 0x62, 0x65, 0x6c, 0x2d, 0x78, 0x73, 0x3a
  .byte 0x20, 0x76, 0x61, 0x72, 0x28, 0x2d, 0x2d, 0x66, 0x6f, 0x6e, 0x74, 0x2d, 0x77, 0x65, 0x69, 0x67
  .byte 0x68, 0x74, 0x2d, 0x72, 0x65, 0x67, 0x75, 0x6c, 0x61, 0x72, 0x29, 0x20, 0x76, 0x61, 0x72, 0x28
  .byte 0x2d, 0x2d, 0x66, 0x6f, 0x6e, 0x74, 0x2d, 0x73, 0x69, 0x7a, 0x65, 0x2d, 0x78, 0x73, 0x29, 0x20
  .byte 0x2f, 0x20, 0x76, 0x61, 0x72, 0x28, 0x2d, 0x2d, 0x6c, 0x69, 0x6e, 0x65, 0x2d, 0x68, 0x65, 0x69
  .byte 0x67, 0x68, 0x74, 0x2d, 0x6c, 0x61, 0x62, 0x65, 0x6c, 0x29, 0x0a, 0x20, 0x20, 0x20, 0x20, 0x76
  .byte 0x61, 0x72, 0x28, 0x2d, 0x2d, 0x66, 0x6f, 0x6e, 0x74, 0x2d, 0x6c, 0x61, 0x62, 0x65, 0x6c, 0x29
  .byte 0x3b, 0x0a, 0x20, 0x20, 0x2d, 0x2d, 0x74, 0x65, 0x78, 0x74, 0x2d, 0x6c, 0x61, 0x62, 0x65, 0x6c
  .byte 0x2d, 0x78, 0x73, 0x2d, 0x6c, 0x65, 0x74, 0x74, 0x65, 0x72, 0x2d, 0x73, 0x70, 0x61, 0x63, 0x69
  .byte 0x6e, 0x67, 0x3a, 0x20, 0x76, 0x61, 0x72, 0x28, 0x2d, 0x2d, 0x6c, 0x65, 0x74, 0x74, 0x65, 0x72
  .byte 0x2d, 0x73, 0x70, 0x61, 0x63, 0x69, 0x6e, 0x67, 0x2d, 0x6e, 0x6f, 0x72, 0x6d, 0x61, 0x6c, 0x29
  .byte 0x3b, 0x0a, 0x20, 0x20, 0x2d, 0x2d, 0x74, 0x65, 0x78, 0x74, 0x2d, 0x6c, 0x61, 0x62, 0x65, 0x6c
  .byte 0x2d, 0x78, 0x73, 0x2d, 0x68, 0x65, 0x61, 0x76, 0x79, 0x3a, 0x20, 0x76, 0x61, 0x72, 0x28, 0x2d
  .byte 0x2d, 0x66, 0x6f, 0x6e, 0x74, 0x2d, 0x77, 0x65, 0x69, 0x67, 0x68, 0x74, 0x2d, 0x6d, 0x65, 0x64
  .byte 0x69, 0x75, 0x6d, 0x29, 0x20, 0x76, 0x61, 0x72, 0x28, 0x2d, 0x2d, 0x66, 0x6f, 0x6e, 0x74, 0x2d
  .byte 0x73, 0x69, 0x7a, 0x65, 0x2d, 0x78, 0x73, 0x29, 0x20, 0x2f, 0x20, 0x76, 0x61, 0x72, 0x28, 0x2d
  .byte 0x2d, 0x6c, 0x69, 0x6e, 0x65, 0x2d, 0x68, 0x65, 0x69, 0x67, 0x68, 0x74, 0x2d, 0x6c, 0x61, 0x62
  .byte 0x65, 0x6c, 0x29, 0x0a, 0x20, 0x20, 0x20, 0x20, 0x76, 0x61, 0x72, 0x28, 0x2d, 0x2d, 0x66, 0x6f
  .byte 0x6e, 0x74, 0x2d, 0x6c, 0x61, 0x62, 0x65, 0x6c, 0x29, 0x3b, 0x0a, 0x20, 0x20, 0x2d, 0x2d, 0x74
  .byte 0x65, 0x78, 0x74, 0x2d, 0x6c, 0x61, 0x62, 0x65, 0x6c, 0x2d, 0x78, 0x73, 0x2d, 0x68, 0x65, 0x61
  .byte 0x76, 0x79, 0x2d, 0x6c, 0x65, 0x74, 0x74, 0x65, 0x72, 0x2d, 0x73, 0x70, 0x61, 0x63, 0x69, 0x6e
  .byte 0x67, 0x3a, 0x20, 0x76, 0x61, 0x72, 0x28, 0x2d, 0x2d, 0x6c, 0x65, 0x74, 0x74, 0x65, 0x72, 0x2d
  .byte 0x73, 0x70, 0x61, 0x63, 0x69, 0x6e, 0x67, 0x2d, 0x6e, 0x6f, 0x72, 0x6d, 0x61, 0x6c, 0x29, 0x3b
  .byte 0x0a, 0x20, 0x20, 0x2f, 0x2a, 0x20, 0x4c, 0x61, 0x62, 0x65, 0x6c, 0x3a, 0x20, 0x73, 0x6d, 0x61
  .byte 0x6c, 0x6c, 0x20, 0x2a, 0x2f, 0x0a, 0x20, 0x20, 0x2d, 0x2d, 0x74, 0x65, 0x78, 0x74, 0x2d, 0x6c
  .byte 0x61, 0x62, 0x65, 0x6c, 0x2d, 0x73, 0x6d, 0x3a, 0x20, 0x76, 0x61, 0x72, 0x28, 0x2d, 0x2d, 0x66
  .byte 0x6f, 0x6e, 0x74, 0x2d, 0x77, 0x65, 0x69, 0x67, 0x68, 0x74, 0x2d, 0x72, 0x65, 0x67, 0x75, 0x6c
  .byte 0x61, 0x72, 0x29, 0x20, 0x76, 0x61, 0x72, 0x28, 0x2d, 0x2d, 0x66, 0x6f, 0x6e, 0x74, 0x2d, 0x73
  .byte 0x69, 0x7a, 0x65, 0x2d, 0x73, 0x6d, 0x29, 0x20, 0x2f, 0x20, 0x76, 0x61, 0x72, 0x28, 0x2d, 0x2d
  .byte 0x6c, 0x69, 0x6e, 0x65, 0x2d, 0x68, 0x65, 0x69, 0x67, 0x68, 0x74, 0x2d, 0x6c, 0x61, 0x62, 0x65
  .byte 0x6c, 0x29, 0x0a, 0x20, 0x20, 0x20, 0x20, 0x76, 0x61, 0x72, 0x28, 0x2d, 0x2d, 0x66, 0x6f, 0x6e
  .byte 0x74, 0x2d, 0x6c, 0x61, 0x62, 0x65, 0x6c, 0x29, 0x3b, 0x0a, 0x20, 0x20, 0x2d, 0x2d, 0x74, 0x65
  .byte 0x78, 0x74, 0x2d, 0x6c, 0x61, 0x62, 0x65, 0x6c, 0x2d, 0x73, 0x6d, 0x2d, 0x6c, 0x65, 0x74, 0x74
  .byte 0x65, 0x72, 0x2d, 0x73, 0x70, 0x61, 0x63, 0x69, 0x6e, 0x67, 0x3a, 0x20, 0x76, 0x61, 0x72, 0x28
  .byte 0x2d, 0x2d, 0x6c, 0x65, 0x74, 0x74, 0x65, 0x72, 0x2d, 0x73, 0x70, 0x61, 0x63, 0x69, 0x6e, 0x67
  .byte 0x2d, 0x6e, 0x6f, 0x72, 0x6d, 0x61, 0x6c, 0x29, 0x3b, 0x0a, 0x20, 0x20, 0x2d, 0x2d, 0x74, 0x65
  .byte 0x78, 0x74, 0x2d, 0x6c, 0x61, 0x62, 0x65, 0x6c, 0x2d, 0x73, 0x6d, 0x2d, 0x68, 0x65, 0x61, 0x76
  .byte 0x79, 0x3a, 0x20, 0x76, 0x61, 0x72, 0x28, 0x2d, 0x2d, 0x66, 0x6f, 0x6e, 0x74, 0x2d, 0x77, 0x65
  .byte 0x69, 0x67, 0x68, 0x74, 0x2d, 0x6d, 0x65, 0x64, 0x69, 0x75, 0x6d, 0x29, 0x20, 0x76, 0x61, 0x72
  .byte 0x28, 0x2d, 0x2d, 0x66, 0x6f, 0x6e, 0x74, 0x2d, 0x73, 0x69, 0x7a, 0x65, 0x2d, 0x73, 0x6d, 0x29
  .byte 0x20, 0x2f, 0x20, 0x76, 0x61, 0x72, 0x28, 0x2d, 0x2d, 0x6c, 0x69, 0x6e, 0x65, 0x2d, 0x68, 0x65
  .byte 0x69, 0x67, 0x68, 0x74, 0x2d, 0x6c, 0x61, 0x62, 0x65, 0x6c, 0x29, 0x0a, 0x20, 0x20, 0x20, 0x20
  .byte 0x76, 0x61, 0x72, 0x28, 0x2d, 0x2d, 0x66, 0x6f, 0x6e, 0x74, 0x2d, 0x6c, 0x61, 0x62, 0x65, 0x6c
  .byte 0x29, 0x3b, 0x0a, 0x20, 0x20, 0x2d, 0x2d, 0x74, 0x65, 0x78, 0x74, 0x2d, 0x6c, 0x61, 0x62, 0x65
  .byte 0x6c, 0x2d, 0x73, 0x6d, 0x2d, 0x68, 0x65, 0x61, 0x76, 0x79, 0x2d, 0x6c, 0x65, 0x74, 0x74, 0x65
  .byte 0x72, 0x2d, 0x73, 0x70, 0x61, 0x63, 0x69, 0x6e, 0x67, 0x3a, 0x20, 0x76, 0x61, 0x72, 0x28, 0x2d
  .byte 0x2d, 0x6c, 0x65, 0x74, 0x74, 0x65, 0x72, 0x2d, 0x73, 0x70, 0x61, 0x63, 0x69, 0x6e, 0x67, 0x2d
  .byte 0x6e, 0x6f, 0x72, 0x6d, 0x61, 0x6c, 0x29, 0x3b, 0x0a, 0x20, 0x20, 0x2f, 0x2a, 0x20, 0x4c, 0x61
  .byte 0x62, 0x65, 0x6c, 0x3a, 0x20, 0x64, 0x65, 0x66, 0x61, 0x75, 0x6c, 0x74, 0x20, 0x2a, 0x2f, 0x0a
  .byte 0x20, 0x20, 0x2d, 0x2d, 0x74, 0x65, 0x78, 0x74, 0x2d, 0x6c, 0x61, 0x62, 0x65, 0x6c, 0x2d, 0x64
  .byte 0x65, 0x66, 0x61, 0x75, 0x6c, 0x74, 0x3a, 0x20, 0x76, 0x61, 0x72, 0x28, 0x2d, 0x2d, 0x66, 0x6f
  .byte 0x6e, 0x74, 0x2d, 0x77, 0x65, 0x69, 0x67, 0x68, 0x74, 0x2d, 0x72, 0x65, 0x67, 0x75, 0x6c, 0x61
  .byte 0x72, 0x29, 0x20, 0x76, 0x61, 0x72, 0x28, 0x2d, 0x2d, 0x66, 0x6f, 0x6e, 0x74, 0x2d, 0x73, 0x69
  .byte 0x7a, 0x65, 0x2d, 0x6d, 0x64, 0x29, 0x20, 0x2f, 0x20, 0x76, 0x61, 0x72, 0x28, 0x2d, 0x2d, 0x6c
  .byte 0x69, 0x6e, 0x65, 0x2d, 0x68, 0x65, 0x69, 0x67, 0x68, 0x74, 0x2d, 0x6c, 0x61, 0x62, 0x65, 0x6c
  .byte 0x29, 0x0a, 0x20, 0x20, 0x20, 0x20, 0x76, 0x61, 0x72, 0x28, 0x2d, 0x2d, 0x66, 0x6f, 0x6e, 0x74
  .byte 0x2d, 0x6c, 0x61, 0x62, 0x65, 0x6c, 0x29, 0x3b, 0x0a, 0x20, 0x20, 0x2d, 0x2d, 0x74, 0x65, 0x78
  .byte 0x74, 0x2d, 0x6c, 0x61, 0x62, 0x65, 0x6c, 0x2d, 0x64, 0x65, 0x66, 0x61, 0x75, 0x6c, 0x74, 0x2d
  .byte 0x6c, 0x65, 0x74, 0x74, 0x65, 0x72, 0x2d, 0x73, 0x70, 0x61, 0x63, 0x69, 0x6e, 0x67, 0x3a, 0x20
  .byte 0x76, 0x61, 0x72, 0x28, 0x2d, 0x2d, 0x6c, 0x65, 0x74, 0x74, 0x65, 0x72, 0x2d, 0x73, 0x70, 0x61
  .byte 0x63, 0x69, 0x6e, 0x67, 0x2d, 0x6e, 0x6f, 0x72, 0x6d, 0x61, 0x6c, 0x29, 0x3b, 0x0a, 0x20, 0x20
  .byte 0x2d, 0x2d, 0x74, 0x65, 0x78, 0x74, 0x2d, 0x6c, 0x61, 0x62, 0x65, 0x6c, 0x2d, 0x64, 0x65, 0x66
  .byte 0x61, 0x75, 0x6c, 0x74, 0x2d, 0x68, 0x65, 0x61, 0x76, 0x79, 0x3a, 0x20, 0x76, 0x61, 0x72, 0x28
  .byte 0x2d, 0x2d, 0x66, 0x6f, 0x6e, 0x74, 0x2d, 0x77, 0x65, 0x69, 0x67, 0x68, 0x74, 0x2d, 0x6d, 0x65
  .byte 0x64, 0x69, 0x75, 0x6d, 0x29, 0x20, 0x76, 0x61, 0x72, 0x28, 0x2d, 0x2d, 0x66, 0x6f, 0x6e, 0x74
  .byte 0x2d, 0x73, 0x69, 0x7a, 0x65, 0x2d, 0x6d, 0x64, 0x29, 0x20, 0x2f, 0x0a, 0x20, 0x20, 0x20, 0x20
  .byte 0x76, 0x61, 0x72, 0x28, 0x2d, 0x2d, 0x6c, 0x69, 0x6e, 0x65, 0x2d, 0x68, 0x65, 0x69, 0x67, 0x68
  .byte 0x74, 0x2d, 0x6c, 0x61, 0x62, 0x65, 0x6c, 0x29, 0x20, 0x76, 0x61, 0x72, 0x28, 0x2d, 0x2d, 0x66
  .byte 0x6f, 0x6e, 0x74, 0x2d, 0x6c, 0x61, 0x62, 0x65, 0x6c, 0x29, 0x3b, 0x0a, 0x20, 0x20, 0x2d, 0x2d
  .byte 0x74, 0x65, 0x78, 0x74, 0x2d, 0x6c, 0x61, 0x62, 0x65, 0x6c, 0x2d, 0x64, 0x65, 0x66, 0x61, 0x75
  .byte 0x6c, 0x74, 0x2d, 0x68, 0x65, 0x61, 0x76, 0x79, 0x2d, 0x6c, 0x65, 0x74, 0x74, 0x65, 0x72, 0x2d
  .byte 0x73, 0x70, 0x61, 0x63, 0x69, 0x6e, 0x67, 0x3a, 0x20, 0x76, 0x61, 0x72, 0x28, 0x2d, 0x2d, 0x6c
  .byte 0x65, 0x74, 0x74, 0x65, 0x72, 0x2d, 0x73, 0x70, 0x61, 0x63, 0x69, 0x6e, 0x67, 0x2d, 0x6e, 0x6f
  .byte 0x72, 0x6d, 0x61, 0x6c, 0x29, 0x3b, 0x0a, 0x20, 0x20, 0x2f, 0x2a, 0x20, 0x4c, 0x61, 0x62, 0x65
  .byte 0x6c, 0x3a, 0x20, 0x6c, 0x61, 0x72, 0x67, 0x65, 0x20, 0x2a, 0x2f, 0x0a, 0x20, 0x20, 0x2d, 0x2d
  .byte 0x74, 0x65, 0x78, 0x74, 0x2d, 0x6c, 0x61, 0x62, 0x65, 0x6c, 0x2d, 0x6c, 0x67, 0x3a, 0x20, 0x76
  .byte 0x61, 0x72, 0x28, 0x2d, 0x2d, 0x66, 0x6f, 0x6e, 0x74, 0x2d, 0x77, 0x65, 0x69, 0x67, 0x68, 0x74
  .byte 0x2d, 0x72, 0x65, 0x67, 0x75, 0x6c, 0x61, 0x72, 0x29, 0x20, 0x76, 0x61, 0x72, 0x28, 0x2d, 0x2d
  .byte 0x66, 0x6f, 0x6e, 0x74, 0x2d, 0x73, 0x69, 0x7a, 0x65, 0x2d, 0x6c, 0x67, 0x29, 0x20, 0x2f, 0x20
  .byte 0x76, 0x61, 0x72, 0x28, 0x2d, 0x2d, 0x6c, 0x69, 0x6e, 0x65, 0x2d, 0x68, 0x65, 0x69, 0x67, 0x68
  .byte 0x74, 0x2d, 0x6c, 0x61, 0x62, 0x65, 0x6c, 0x29, 0x0a, 0x20, 0x20, 0x20, 0x20, 0x76, 0x61, 0x72
  .byte 0x28, 0x2d, 0x2d, 0x66, 0x6f, 0x6e, 0x74, 0x2d, 0x6c, 0x61, 0x62, 0x65, 0x6c, 0x29, 0x3b, 0x0a
  .byte 0x20, 0x20, 0x2d, 0x2d, 0x74, 0x65, 0x78, 0x74, 0x2d, 0x6c, 0x61, 0x62, 0x65, 0x6c, 0x2d, 0x6c
  .byte 0x67, 0x2d, 0x6c, 0x65, 0x74, 0x74, 0x65, 0x72, 0x2d, 0x73, 0x70, 0x61, 0x63, 0x69, 0x6e, 0x67
  .byte 0x3a, 0x20, 0x76, 0x61, 0x72, 0x28, 0x2d, 0x2d, 0x6c, 0x65, 0x74, 0x74, 0x65, 0x72, 0x2d, 0x73
  .byte 0x70, 0x61, 0x63, 0x69, 0x6e, 0x67, 0x2d, 0x6e, 0x6f, 0x72, 0x6d, 0x61, 0x6c, 0x29, 0x3b, 0x0a
  .byte 0x20, 0x20, 0x2d, 0x2d, 0x74, 0x65, 0x78, 0x74, 0x2d, 0x6c, 0x61, 0x62, 0x65, 0x6c, 0x2d, 0x6c
  .byte 0x67, 0x2d, 0x68, 0x65, 0x61, 0x76, 0x79, 0x3a, 0x20, 0x76, 0x61, 0x72, 0x28, 0x2d, 0x2d, 0x66
  .byte 0x6f, 0x6e, 0x74, 0x2d, 0x77, 0x65, 0x69, 0x67, 0x68, 0x74, 0x2d, 0x6d, 0x65, 0x64, 0x69, 0x75
  .byte 0x6d, 0x29, 0x20, 0x76, 0x61, 0x72, 0x28, 0x2d, 0x2d, 0x66, 0x6f, 0x6e, 0x74, 0x2d, 0x73, 0x69
  .byte 0x7a, 0x65, 0x2d, 0x6c, 0x67, 0x29, 0x20, 0x2f, 0x20, 0x76, 0x61, 0x72, 0x28, 0x2d, 0x2d, 0x6c
  .byte 0x69, 0x6e, 0x65, 0x2d, 0x68, 0x65, 0x69, 0x67, 0x68, 0x74, 0x2d, 0x6c, 0x61, 0x62, 0x65, 0x6c
  .byte 0x29, 0x0a, 0x20, 0x20, 0x20, 0x20, 0x76, 0x61, 0x72, 0x28, 0x2d, 0x2d, 0x66, 0x6f, 0x6e, 0x74
  .byte 0x2d, 0x6c, 0x61, 0x62, 0x65, 0x6c, 0x29, 0x3b, 0x0a, 0x20, 0x20, 0x2d, 0x2d, 0x74, 0x65, 0x78
  .byte 0x74, 0x2d, 0x6c, 0x61, 0x62, 0x65, 0x6c, 0x2d, 0x6c, 0x67, 0x2d, 0x68, 0x65, 0x61, 0x76, 0x79
  .byte 0x2d, 0x6c, 0x65, 0x74, 0x74, 0x65, 0x72, 0x2d, 0x73, 0x70, 0x61, 0x63, 0x69, 0x6e, 0x67, 0x3a
  .byte 0x20, 0x76, 0x61, 0x72, 0x28, 0x2d, 0x2d, 0x6c, 0x65, 0x74, 0x74, 0x65, 0x72, 0x2d, 0x73, 0x70
  .byte 0x61, 0x63, 0x69, 0x6e, 0x67, 0x2d, 0x6e, 0x6f, 0x72, 0x6d, 0x61, 0x6c, 0x29, 0x3b, 0x0a, 0x0a
  .byte 0x20, 0x20, 0x2f, 0x2a, 0x20, 0x43, 0x6f, 0x6d, 0x70, 0x6f, 0x75, 0x6e, 0x64, 0x20, 0x74, 0x79
  .byte 0x70, 0x6f, 0x67, 0x72, 0x61, 0x70, 0x68, 0x79, 0x3a, 0x20, 0x6e, 0x75, 0x6d, 0x62, 0x65, 0x72
  .byte 0x73, 0x20, 0x2a, 0x2f, 0x0a, 0x20, 0x20, 0x2f, 0x2a, 0x20, 0x4e, 0x75, 0x6d, 0x62, 0x65, 0x72
  .byte 0x20, 0x76, 0x61, 0x72, 0x69, 0x61, 0x62, 0x6c, 0x65, 0x73, 0x3a, 0x0a, 0x20, 0x20, 0x20, 0x20
  .byte 0x20, 0x2d, 0x2d, 0x74, 0x65, 0x78, 0x74, 0x2d, 0x6e, 0x75, 0x6d, 0x62, 0x65, 0x72, 0x73, 0x2d
  .byte 0x78, 0x73, 0x2c, 0x20, 0x2d, 0x2d, 0x74, 0x65, 0x78, 0x74, 0x2d, 0x6e, 0x75, 0x6d, 0x62, 0x65
  .byte 0x72, 0x73, 0x2d, 0x78, 0x73, 0x2d, 0x68, 0x65, 0x61, 0x76, 0x79, 0x0a, 0x20, 0x20, 0x20, 0x20
  .byte 0x20, 0x2d, 0x2d, 0x74, 0x65, 0x78, 0x74, 0x2d, 0x6e, 0x75, 0x6d, 0x62, 0x65, 0x72, 0x73, 0x2d
  .byte 0x73, 0x6d, 0x2c, 0x20, 0x2d, 0x2d, 0x74, 0x65, 0x78, 0x74, 0x2d, 0x6e, 0x75, 0x6d, 0x62, 0x65
  .byte 0x72, 0x73, 0x2d, 0x73, 0x6d, 0x2d, 0x68, 0x65, 0x61, 0x76, 0x79, 0x0a, 0x20, 0x20, 0x20, 0x20
  .byte 0x20, 0x2d, 0x2d, 0x74, 0x65, 0x78, 0x74, 0x2d, 0x6e, 0x75, 0x6d, 0x62, 0x65, 0x72, 0x73, 0x2d
  .byte 0x64, 0x65, 0x66, 0x61, 0x75, 0x6c, 0x74, 0x2c, 0x20, 0x2d, 0x2d, 0x74, 0x65, 0x78, 0x74, 0x2d
  .byte 0x6e, 0x75, 0x6d, 0x62, 0x65, 0x72, 0x73, 0x2d, 0x64, 0x65, 0x66, 0x61, 0x75, 0x6c, 0x74, 0x2d
  .byte 0x68, 0x65, 0x61, 0x76, 0x79, 0x0a, 0x20, 0x20, 0x20, 0x20, 0x20, 0x2d, 0x2d, 0x74, 0x65, 0x78
  .byte 0x74, 0x2d, 0x6e, 0x75, 0x6d, 0x62, 0x65, 0x72, 0x73, 0x2d, 0x6c, 0x67, 0x2c, 0x20, 0x2d, 0x2d
  .byte 0x74, 0x65, 0x78, 0x74, 0x2d, 0x6e, 0x75, 0x6d, 0x62, 0x65, 0x72, 0x73, 0x2d, 0x6c, 0x67, 0x2d
  .byte 0x68, 0x65, 0x61, 0x76, 0x79, 0x20, 0x2a, 0x2f, 0x0a, 0x20, 0x20, 0x2f, 0x2a, 0x20, 0x4e, 0x75
  .byte 0x6d, 0x62, 0x65, 0x72, 0x73, 0x3a, 0x20, 0x65, 0x78, 0x74, 0x72, 0x61, 0x20, 0x73, 0x6d, 0x61
  .byte 0x6c, 0x6c, 0x20, 0x2a, 0x2f, 0x0a, 0x20, 0x20, 0x2d, 0x2d, 0x74, 0x65, 0x78, 0x74, 0x2d, 0x6e
  .byte 0x75, 0x6d, 0x62, 0x65, 0x72, 0x73, 0x2d, 0x78, 0x73, 0x3a, 0x20, 0x76, 0x61, 0x72, 0x28, 0x2d
  .byte 0x2d, 0x66, 0x6f, 0x6e, 0x74, 0x2d, 0x77, 0x65, 0x69, 0x67, 0x68, 0x74, 0x2d, 0x72, 0x65, 0x67
  .byte 0x75, 0x6c, 0x61, 0x72, 0x29, 0x20, 0x76, 0x61, 0x72, 0x28, 0x2d, 0x2d, 0x66, 0x6f, 0x6e, 0x74
  .byte 0x2d, 0x73, 0x69, 0x7a, 0x65, 0x2d, 0x78, 0x73, 0x29, 0x20, 0x2f, 0x20, 0x76, 0x61, 0x72, 0x28
  .byte 0x2d, 0x2d, 0x6c, 0x69, 0x6e, 0x65, 0x2d, 0x68, 0x65, 0x69, 0x67, 0x68, 0x74, 0x2d, 0x62, 0x6f
  .byte 0x64, 0x79, 0x29, 0x0a, 0x20, 0x20, 0x20, 0x20, 0x76, 0x61, 0x72, 0x28, 0x2d, 0x2d, 0x66, 0x6f
  .byte 0x6e, 0x74, 0x2d, 0x6e, 0x75, 0x6d, 0x62, 0x65, 0x72, 0x73, 0x29, 0x3b, 0x0a, 0x20, 0x20, 0x2d
  .byte 0x2d, 0x74, 0x65, 0x78, 0x74, 0x2d, 0x6e, 0x75, 0x6d, 0x62, 0x65, 0x72, 0x73, 0x2d, 0x78, 0x73
  .byte 0x2d, 0x6c, 0x65, 0x74, 0x74, 0x65, 0x72, 0x2d, 0x73, 0x70, 0x61, 0x63, 0x69, 0x6e, 0x67, 0x3a
  .byte 0x20, 0x76, 0x61, 0x72, 0x28, 0x2d, 0x2d, 0x6c, 0x65, 0x74, 0x74, 0x65, 0x72, 0x2d, 0x73, 0x70
  .byte 0x61, 0x63, 0x69, 0x6e, 0x67, 0x2d, 0x6e, 0x6f, 0x72, 0x6d, 0x61, 0x6c, 0x29, 0x3b, 0x0a, 0x20
  .byte 0x20, 0x2d, 0x2d, 0x74, 0x65, 0x78, 0x74, 0x2d, 0x6e, 0x75, 0x6d, 0x62, 0x65, 0x72, 0x73, 0x2d
  .byte 0x78, 0x73, 0x2d, 0x68, 0x65, 0x61, 0x76, 0x79, 0x3a, 0x20, 0x76, 0x61, 0x72, 0x28, 0x2d, 0x2d
  .byte 0x66, 0x6f, 0x6e, 0x74, 0x2d, 0x77, 0x65, 0x69, 0x67, 0x68, 0x74, 0x2d, 0x6d, 0x65, 0x64, 0x69
  .byte 0x75, 0x6d, 0x29, 0x20, 0x76, 0x61, 0x72, 0x28, 0x2d, 0x2d, 0x66, 0x6f, 0x6e, 0x74, 0x2d, 0x73
  .byte 0x69, 0x7a, 0x65, 0x2d, 0x78, 0x73, 0x29, 0x20, 0x2f, 0x20, 0x76, 0x61, 0x72, 0x28, 0x2d, 0x2d
  .byte 0x6c, 0x69, 0x6e, 0x65, 0x2d, 0x68, 0x65, 0x69, 0x67, 0x68, 0x74, 0x2d, 0x62, 0x6f, 0x64, 0x79
  .byte 0x29, 0x0a, 0x20, 0x20, 0x20, 0x20, 0x76, 0x61, 0x72, 0x28, 0x2d, 0x2d, 0x66, 0x6f, 0x6e, 0x74
  .byte 0x2d, 0x6e, 0x75, 0x6d, 0x62, 0x65, 0x72, 0x73, 0x29, 0x3b, 0x0a, 0x20, 0x20, 0x2d, 0x2d, 0x74
  .byte 0x65, 0x78, 0x74, 0x2d, 0x6e, 0x75, 0x6d, 0x62, 0x65, 0x72, 0x73, 0x2d, 0x78, 0x73, 0x2d, 0x68
  .byte 0x65, 0x61, 0x76, 0x79, 0x2d, 0x6c, 0x65, 0x74, 0x74, 0x65, 0x72, 0x2d, 0x73, 0x70, 0x61, 0x63
  .byte 0x69, 0x6e, 0x67, 0x3a, 0x20, 0x76, 0x61, 0x72, 0x28, 0x2d, 0x2d, 0x6c, 0x65, 0x74, 0x74, 0x65
  .byte 0x72, 0x2d, 0x73, 0x70, 0x61, 0x63, 0x69, 0x6e, 0x67, 0x2d, 0x6e, 0x6f, 0x72, 0x6d, 0x61, 0x6c
  .byte 0x29, 0x3b, 0x0a, 0x20, 0x20, 0x2f, 0x2a, 0x20, 0x4e, 0x75, 0x6d, 0x62, 0x65, 0x72, 0x73, 0x3a
  .byte 0x20, 0x73, 0x6d, 0x61, 0x6c, 0x6c, 0x20, 0x2a, 0x2f, 0x0a, 0x20, 0x20, 0x2d, 0x2d, 0x74, 0x65
  .byte 0x78, 0x74, 0x2d, 0x6e, 0x75, 0x6d, 0x62, 0x65, 0x72, 0x73, 0x2d, 0x73, 0x6d, 0x3a, 0x20, 0x76
  .byte 0x61, 0x72, 0x28, 0x2d, 0x2d, 0x66, 0x6f, 0x6e, 0x74, 0x2d, 0x77, 0x65, 0x69, 0x67, 0x68, 0x74
  .byte 0x2d, 0x72, 0x65, 0x67, 0x75, 0x6c, 0x61, 0x72, 0x29, 0x20, 0x76, 0x61, 0x72, 0x28, 0x2d, 0x2d
  .byte 0x66, 0x6f, 0x6e, 0x74, 0x2d, 0x73, 0x69, 0x7a, 0x65, 0x2d, 0x73, 0x6d, 0x29, 0x20, 0x2f, 0x20
  .byte 0x76, 0x61, 0x72, 0x28, 0x2d, 0x2d, 0x6c, 0x69, 0x6e, 0x65, 0x2d, 0x68, 0x65, 0x69, 0x67, 0x68
  .byte 0x74, 0x2d, 0x62, 0x6f, 0x64, 0x79, 0x29, 0x0a, 0x20, 0x20, 0x20, 0x20, 0x76, 0x61, 0x72, 0x28
  .byte 0x2d, 0x2d, 0x66, 0x6f, 0x6e, 0x74, 0x2d, 0x6e, 0x75, 0x6d, 0x62, 0x65, 0x72, 0x73, 0x29, 0x3b
  .byte 0x0a, 0x20, 0x20, 0x2d, 0x2d, 0x74, 0x65, 0x78, 0x74, 0x2d, 0x6e, 0x75, 0x6d, 0x62, 0x65, 0x72
  .byte 0x73, 0x2d, 0x73, 0x6d, 0x2d, 0x6c, 0x65, 0x74, 0x74, 0x65, 0x72, 0x2d, 0x73, 0x70, 0x61, 0x63
  .byte 0x69, 0x6e, 0x67, 0x3a, 0x20, 0x76, 0x61, 0x72, 0x28, 0x2d, 0x2d, 0x6c, 0x65, 0x74, 0x74, 0x65
  .byte 0x72, 0x2d, 0x73, 0x70, 0x61, 0x63, 0x69, 0x6e, 0x67, 0x2d, 0x6e, 0x6f, 0x72, 0x6d, 0x61, 0x6c
  .byte 0x29, 0x3b, 0x0a, 0x20, 0x20, 0x2d, 0x2d, 0x74, 0x65, 0x78, 0x74, 0x2d, 0x6e, 0x75, 0x6d, 0x62
  .byte 0x65, 0x72, 0x73, 0x2d, 0x73, 0x6d, 0x2d, 0x68, 0x65, 0x61, 0x76, 0x79, 0x3a, 0x20, 0x76, 0x61
  .byte 0x72, 0x28, 0x2d, 0x2d, 0x66, 0x6f, 0x6e, 0x74, 0x2d, 0x77, 0x65, 0x69, 0x67, 0x68, 0x74, 0x2d
  .byte 0x6d, 0x65, 0x64, 0x69, 0x75, 0x6d, 0x29, 0x20, 0x76, 0x61, 0x72, 0x28, 0x2d, 0x2d, 0x66, 0x6f
  .byte 0x6e, 0x74, 0x2d, 0x73, 0x69, 0x7a, 0x65, 0x2d, 0x73, 0x6d, 0x29, 0x20, 0x2f, 0x20, 0x76, 0x61
  .byte 0x72, 0x28, 0x2d, 0x2d, 0x6c, 0x69, 0x6e, 0x65, 0x2d, 0x68, 0x65, 0x69, 0x67, 0x68, 0x74, 0x2d
  .byte 0x62, 0x6f, 0x64, 0x79, 0x29, 0x0a, 0x20, 0x20, 0x20, 0x20, 0x76, 0x61, 0x72, 0x28, 0x2d, 0x2d
  .byte 0x66, 0x6f, 0x6e, 0x74, 0x2d, 0x6e, 0x75, 0x6d, 0x62, 0x65, 0x72, 0x73, 0x29, 0x3b, 0x0a, 0x20
  .byte 0x20, 0x2d, 0x2d, 0x74, 0x65, 0x78, 0x74, 0x2d, 0x6e, 0x75, 0x6d, 0x62, 0x65, 0x72, 0x73, 0x2d
  .byte 0x73, 0x6d, 0x2d, 0x68, 0x65, 0x61, 0x76, 0x79, 0x2d, 0x6c, 0x65, 0x74, 0x74, 0x65, 0x72, 0x2d
  .byte 0x73, 0x70, 0x61, 0x63, 0x69, 0x6e, 0x67, 0x3a, 0x20, 0x76, 0x61, 0x72, 0x28, 0x2d, 0x2d, 0x6c
  .byte 0x65, 0x74, 0x74, 0x65, 0x72, 0x2d, 0x73, 0x70, 0x61, 0x63, 0x69, 0x6e, 0x67, 0x2d, 0x6e, 0x6f
  .byte 0x72, 0x6d, 0x61, 0x6c, 0x29, 0x3b, 0x0a, 0x20, 0x20, 0x2f, 0x2a, 0x20, 0x4e, 0x75, 0x6d, 0x62
  .byte 0x65, 0x72, 0x73, 0x3a, 0x20, 0x64, 0x65, 0x66, 0x61, 0x75, 0x6c, 0x74, 0x20, 0x2a, 0x2f, 0x0a
  .byte 0x20, 0x20, 0x2d, 0x2d, 0x74, 0x65, 0x78, 0x74, 0x2d, 0x6e, 0x75, 0x6d, 0x62, 0x65, 0x72, 0x73
  .byte 0x2d, 0x64, 0x65, 0x66, 0x61, 0x75, 0x6c, 0x74, 0x3a, 0x20, 0x76, 0x61, 0x72, 0x28, 0x2d, 0x2d
  .byte 0x66, 0x6f, 0x6e, 0x74, 0x2d, 0x77, 0x65, 0x69, 0x67, 0x68, 0x74, 0x2d, 0x72, 0x65, 0x67, 0x75
  .byte 0x6c, 0x61, 0x72, 0x29, 0x20, 0x76, 0x61, 0x72, 0x28, 0x2d, 0x2d, 0x66, 0x6f, 0x6e, 0x74, 0x2d
  .byte 0x73, 0x69, 0x7a, 0x65, 0x2d, 0x6d, 0x64, 0x29, 0x20, 0x2f, 0x20, 0x76, 0x61, 0x72, 0x28, 0x2d
  .byte 0x2d, 0x6c, 0x69, 0x6e, 0x65, 0x2d, 0x68, 0x65, 0x69, 0x67, 0x68, 0x74, 0x2d, 0x62, 0x6f, 0x64
  .byte 0x79, 0x29, 0x0a, 0x20, 0x20, 0x20, 0x20, 0x76, 0x61, 0x72, 0x28, 0x2d, 0x2d, 0x66, 0x6f, 0x6e
  .byte 0x74, 0x2d, 0x6e, 0x75, 0x6d, 0x62, 0x65, 0x72, 0x73, 0x29, 0x3b, 0x0a, 0x20, 0x20, 0x2d, 0x2d
  .byte 0x74, 0x65, 0x78, 0x74, 0x2d, 0x6e, 0x75, 0x6d, 0x62, 0x65, 0x72, 0x73, 0x2d, 0x64, 0x65, 0x66
  .byte 0x61, 0x75, 0x6c, 0x74, 0x2d, 0x6c, 0x65, 0x74, 0x74, 0x65, 0x72, 0x2d, 0x73, 0x70, 0x61, 0x63
  .byte 0x69, 0x6e, 0x67, 0x3a, 0x20, 0x76, 0x61, 0x72, 0x28, 0x2d, 0x2d, 0x6c, 0x65, 0x74, 0x74, 0x65
  .byte 0x72, 0x2d, 0x73, 0x70, 0x61, 0x63, 0x69, 0x6e, 0x67, 0x2d, 0x6e, 0x6f, 0x72, 0x6d, 0x61, 0x6c
  .byte 0x29, 0x3b, 0x0a, 0x20, 0x20, 0x2d, 0x2d, 0x74, 0x65, 0x78, 0x74, 0x2d, 0x6e, 0x75, 0x6d, 0x62
  .byte 0x65, 0x72, 0x73, 0x2d, 0x64, 0x65, 0x66, 0x61, 0x75, 0x6c, 0x74, 0x2d, 0x68, 0x65, 0x61, 0x76
  .byte 0x79, 0x3a, 0x20, 0x76, 0x61, 0x72, 0x28, 0x2d, 0x2d, 0x66, 0x6f, 0x6e, 0x74, 0x2d, 0x77, 0x65
  .byte 0x69, 0x67, 0x68, 0x74, 0x2d, 0x6d, 0x65, 0x64, 0x69, 0x75, 0x6d, 0x29, 0x20, 0x76, 0x61, 0x72
  .byte 0x28, 0x2d, 0x2d, 0x66, 0x6f, 0x6e, 0x74, 0x2d, 0x73, 0x69, 0x7a, 0x65, 0x2d, 0x6d, 0x64, 0x29
  .byte 0x20, 0x2f, 0x0a, 0x20, 0x20, 0x20, 0x20, 0x76, 0x61, 0x72, 0x28, 0x2d, 0x2d, 0x6c, 0x69, 0x6e
  .byte 0x65, 0x2d, 0x68, 0x65, 0x69, 0x67, 0x68, 0x74, 0x2d, 0x62, 0x6f, 0x64, 0x79, 0x29, 0x20, 0x76
  .byte 0x61, 0x72, 0x28, 0x2d, 0x2d, 0x66, 0x6f, 0x6e, 0x74, 0x2d, 0x6e, 0x75, 0x6d, 0x62, 0x65, 0x72
  .byte 0x73, 0x29, 0x3b, 0x0a, 0x20, 0x20, 0x2d, 0x2d, 0x74, 0x65, 0x78, 0x74, 0x2d, 0x6e, 0x75, 0x6d
  .byte 0x62, 0x65, 0x72, 0x73, 0x2d, 0x64, 0x65, 0x66, 0x61, 0x75, 0x6c, 0x74, 0x2d, 0x68, 0x65, 0x61
  .byte 0x76, 0x79, 0x2d, 0x6c, 0x65, 0x74, 0x74, 0x65, 0x72, 0x2d, 0x73, 0x70, 0x61, 0x63, 0x69, 0x6e
  .byte 0x67, 0x3a, 0x20, 0x76, 0x61, 0x72, 0x28, 0x2d, 0x2d, 0x6c, 0x65, 0x74, 0x74, 0x65, 0x72, 0x2d
  .byte 0x73, 0x70, 0x61, 0x63, 0x69, 0x6e, 0x67, 0x2d, 0x6e, 0x6f, 0x72, 0x6d, 0x61, 0x6c, 0x29, 0x3b
  .byte 0x0a, 0x20, 0x20, 0x2f, 0x2a, 0x20, 0x4e, 0x75, 0x6d, 0x62, 0x65, 0x72, 0x73, 0x3a, 0x20, 0x6c
  .byte 0x61, 0x72, 0x67, 0x65, 0x20, 0x2a, 0x2f, 0x0a, 0x20, 0x20, 0x2d, 0x2d, 0x74, 0x65, 0x78, 0x74
  .byte 0x2d, 0x6e, 0x75, 0x6d, 0x62, 0x65, 0x72, 0x73, 0x2d, 0x6c, 0x67, 0x3a, 0x20, 0x76, 0x61, 0x72
  .byte 0x28, 0x2d, 0x2d, 0x66, 0x6f, 0x6e, 0x74, 0x2d, 0x77, 0x65, 0x69, 0x67, 0x68, 0x74, 0x2d, 0x72
  .byte 0x65, 0x67, 0x75, 0x6c, 0x61, 0x72, 0x29, 0x20, 0x76, 0x61, 0x72, 0x28, 0x2d, 0x2d, 0x66, 0x6f
  .byte 0x6e, 0x74, 0x2d, 0x73, 0x69, 0x7a, 0x65, 0x2d, 0x6c, 0x67, 0x29, 0x20, 0x2f, 0x20, 0x76, 0x61
  .byte 0x72, 0x28, 0x2d, 0x2d, 0x6c, 0x69, 0x6e, 0x65, 0x2d, 0x68, 0x65, 0x69, 0x67, 0x68, 0x74, 0x2d
  .byte 0x62, 0x6f, 0x64, 0x79, 0x29, 0x0a, 0x20, 0x20, 0x20, 0x20, 0x76, 0x61, 0x72, 0x28, 0x2d, 0x2d
  .byte 0x66, 0x6f, 0x6e, 0x74, 0x2d, 0x6e, 0x75, 0x6d, 0x62, 0x65, 0x72, 0x73, 0x29, 0x3b, 0x0a, 0x20
  .byte 0x20, 0x2d, 0x2d, 0x74, 0x65, 0x78, 0x74, 0x2d, 0x6e, 0x75, 0x6d, 0x62, 0x65, 0x72, 0x73, 0x2d
  .byte 0x6c, 0x67, 0x2d, 0x6c, 0x65, 0x74, 0x74, 0x65, 0x72, 0x2d, 0x73, 0x70, 0x61, 0x63, 0x69, 0x6e
  .byte 0x67, 0x3a, 0x20, 0x76, 0x61, 0x72, 0x28, 0x2d, 0x2d, 0x6c, 0x65, 0x74, 0x74, 0x65, 0x72, 0x2d
  .byte 0x73, 0x70, 0x61, 0x63, 0x69, 0x6e, 0x67, 0x2d, 0x6e, 0x6f, 0x72, 0x6d, 0x61, 0x6c, 0x29, 0x3b
  .byte 0x0a, 0x20, 0x20, 0x2d, 0x2d, 0x74, 0x65, 0x78, 0x74, 0x2d, 0x6e, 0x75, 0x6d, 0x62, 0x65, 0x72
  .byte 0x73, 0x2d, 0x6c, 0x67, 0x2d, 0x68, 0x65, 0x61, 0x76, 0x79, 0x3a, 0x20, 0x76, 0x61, 0x72, 0x28
  .byte 0x2d, 0x2d, 0x66, 0x6f, 0x6e, 0x74, 0x2d, 0x77, 0x65, 0x69, 0x67, 0x68, 0x74, 0x2d, 0x6d, 0x65
  .byte 0x64, 0x69, 0x75, 0x6d, 0x29, 0x20, 0x76, 0x61, 0x72, 0x28, 0x2d, 0x2d, 0x66, 0x6f, 0x6e, 0x74
  .byte 0x2d, 0x73, 0x69, 0x7a, 0x65, 0x2d, 0x6c, 0x67, 0x29, 0x20, 0x2f, 0x20, 0x76, 0x61, 0x72, 0x28
  .byte 0x2d, 0x2d, 0x6c, 0x69, 0x6e, 0x65, 0x2d, 0x68, 0x65, 0x69, 0x67, 0x68, 0x74, 0x2d, 0x62, 0x6f
  .byte 0x64, 0x79, 0x29, 0x0a, 0x20, 0x20, 0x20, 0x20, 0x76, 0x61, 0x72, 0x28, 0x2d, 0x2d, 0x66, 0x6f
  .byte 0x6e, 0x74, 0x2d, 0x6e, 0x75, 0x6d, 0x62, 0x65, 0x72, 0x73, 0x29, 0x3b, 0x0a, 0x20, 0x20, 0x2d
  .byte 0x2d, 0x74, 0x65, 0x78, 0x74, 0x2d, 0x6e, 0x75, 0x6d, 0x62, 0x65, 0x72, 0x73, 0x2d, 0x6c, 0x67
  .byte 0x2d, 0x68, 0x65, 0x61, 0x76, 0x79, 0x2d, 0x6c, 0x65, 0x74, 0x74, 0x65, 0x72, 0x2d, 0x73, 0x70
  .byte 0x61, 0x63, 0x69, 0x6e, 0x67, 0x3a, 0x20, 0x76, 0x61, 0x72, 0x28, 0x2d, 0x2d, 0x6c, 0x65, 0x74
  .byte 0x74, 0x65, 0x72, 0x2d, 0x73, 0x70, 0x61, 0x63, 0x69, 0x6e, 0x67, 0x2d, 0x6e, 0x6f, 0x72, 0x6d
  .byte 0x61, 0x6c, 0x29, 0x3b, 0x0a, 0x0a, 0x20, 0x20, 0x2f, 0x2a, 0x20, 0x43, 0x6f, 0x6d, 0x70, 0x6f
  .byte 0x75, 0x6e, 0x64, 0x20, 0x74, 0x79, 0x70, 0x6f, 0x67, 0x72, 0x61, 0x70, 0x68, 0x79, 0x3a, 0x20
  .byte 0x63, 0x6f, 0x64, 0x65, 0x20, 0x2a, 0x2f, 0x0a, 0x20, 0x20, 0x2f, 0x2a, 0x20, 0x43, 0x6f, 0x64
  .byte 0x65, 0x3a, 0x20, 0x73, 0x6d, 0x61, 0x6c, 0x6c, 0x20, 0x2a, 0x2f, 0x0a, 0x20, 0x20, 0x2d, 0x2d
  .byte 0x74, 0x65, 0x78, 0x74, 0x2d, 0x63, 0x6f, 0x64, 0x65, 0x2d, 0x73, 0x6d, 0x3a, 0x20, 0x76, 0x61
  .byte 0x72, 0x28, 0x2d, 0x2d, 0x66, 0x6f, 0x6e, 0x74, 0x2d, 0x77, 0x65, 0x69, 0x67, 0x68, 0x74, 0x2d
  .byte 0x72, 0x65, 0x67, 0x75, 0x6c, 0x61, 0x72, 0x29, 0x20, 0x76, 0x61, 0x72, 0x28, 0x2d, 0x2d, 0x66
  .byte 0x6f, 0x6e, 0x74, 0x2d, 0x73, 0x69, 0x7a, 0x65, 0x2d, 0x78, 0x73, 0x29, 0x20, 0x2f, 0x20, 0x76
  .byte 0x61, 0x72, 0x28, 0x2d, 0x2d, 0x6c, 0x69, 0x6e, 0x65, 0x2d, 0x68, 0x65, 0x69, 0x67, 0x68, 0x74
  .byte 0x2d, 0x63, 0x6f, 0x64, 0x65, 0x29, 0x0a, 0x20, 0x20, 0x20, 0x20, 0x76, 0x61, 0x72, 0x28, 0x2d
  .byte 0x2d, 0x66, 0x6f, 0x6e, 0x74, 0x2d, 0x63, 0x6f, 0x64, 0x65, 0x29, 0x3b, 0x0a, 0x20, 0x20, 0x2d
  .byte 0x2d, 0x74, 0x65, 0x78, 0x74, 0x2d, 0x63, 0x6f, 0x64, 0x65, 0x2d, 0x73, 0x6d, 0x2d, 0x6c, 0x65
  .byte 0x74, 0x74, 0x65, 0x72, 0x2d, 0x73, 0x70, 0x61, 0x63, 0x69, 0x6e, 0x67, 0x3a, 0x20, 0x76, 0x61
  .byte 0x72, 0x28, 0x2d, 0x2d, 0x6c, 0x65, 0x74, 0x74, 0x65, 0x72, 0x2d, 0x73, 0x70, 0x61, 0x63, 0x69
  .byte 0x6e, 0x67, 0x2d, 0x6e, 0x6f, 0x72, 0x6d, 0x61, 0x6c, 0x29, 0x3b, 0x0a, 0x20, 0x20, 0x2d, 0x2d
  .byte 0x74, 0x65, 0x78, 0x74, 0x2d, 0x63, 0x6f, 0x64, 0x65, 0x2d, 0x73, 0x6d, 0x2d, 0x68, 0x65, 0x61
  .byte 0x76, 0x79, 0x3a, 0x20, 0x76, 0x61, 0x72, 0x28, 0x2d, 0x2d, 0x66, 0x6f, 0x6e, 0x74, 0x2d, 0x77
  .byte 0x65, 0x69, 0x67, 0x68, 0x74, 0x2d, 0x68, 0x65, 0x61, 0x76, 0x79, 0x29, 0x20, 0x76, 0x61, 0x72
  .byte 0x28, 0x2d, 0x2d, 0x66, 0x6f, 0x6e, 0x74, 0x2d, 0x73, 0x69, 0x7a, 0x65, 0x2d, 0x78, 0x73, 0x29
  .byte 0x20, 0x2f, 0x20, 0x76, 0x61, 0x72, 0x28, 0x2d, 0x2d, 0x6c, 0x69, 0x6e, 0x65, 0x2d, 0x68, 0x65
  .byte 0x69, 0x67, 0x68, 0x74, 0x2d, 0x63, 0x6f, 0x64, 0x65, 0x29, 0x0a, 0x20, 0x20, 0x20, 0x20, 0x76
  .byte 0x61, 0x72, 0x28, 0x2d, 0x2d, 0x66, 0x6f, 0x6e, 0x74, 0x2d, 0x63, 0x6f, 0x64, 0x65, 0x29, 0x3b
  .byte 0x0a, 0x20, 0x20, 0x2d, 0x2d, 0x74, 0x65, 0x78, 0x74, 0x2d, 0x63, 0x6f, 0x64, 0x65, 0x2d, 0x73
  .byte 0x6d, 0x2d, 0x68, 0x65, 0x61, 0x76, 0x79, 0x2d, 0x6c, 0x65, 0x74, 0x74, 0x65, 0x72, 0x2d, 0x73
  .byte 0x70, 0x61, 0x63, 0x69, 0x6e, 0x67, 0x3a, 0x20, 0x76, 0x61, 0x72, 0x28, 0x2d, 0x2d, 0x6c, 0x65
  .byte 0x74, 0x74, 0x65, 0x72, 0x2d, 0x73, 0x70, 0x61, 0x63, 0x69, 0x6e, 0x67, 0x2d, 0x6e, 0x6f, 0x72
  .byte 0x6d, 0x61, 0x6c, 0x29, 0x3b, 0x0a, 0x20, 0x20, 0x2f, 0x2a, 0x20, 0x43, 0x6f, 0x64, 0x65, 0x3a
  .byte 0x20, 0x64, 0x65, 0x66, 0x61, 0x75, 0x6c, 0x74, 0x20, 0x2a, 0x2f, 0x0a, 0x20, 0x20, 0x2d, 0x2d
  .byte 0x74, 0x65, 0x78, 0x74, 0x2d, 0x63, 0x6f, 0x64, 0x65, 0x2d, 0x64, 0x65, 0x66, 0x61, 0x75, 0x6c
  .byte 0x74, 0x3a, 0x20, 0x76, 0x61, 0x72, 0x28, 0x2d, 0x2d, 0x66, 0x6f, 0x6e, 0x74, 0x2d, 0x77, 0x65
  .byte 0x69, 0x67, 0x68, 0x74, 0x2d, 0x72, 0x65, 0x67, 0x75, 0x6c, 0x61, 0x72, 0x29, 0x20, 0x76, 0x61
  .byte 0x72, 0x28, 0x2d, 0x2d, 0x66, 0x6f, 0x6e, 0x74, 0x2d, 0x73, 0x69, 0x7a, 0x65, 0x2d, 0x73, 0x6d
  .byte 0x29, 0x20, 0x2f, 0x20, 0x76, 0x61, 0x72, 0x28, 0x2d, 0x2d, 0x6c, 0x69, 0x6e, 0x65, 0x2d, 0x68
  .byte 0x65, 0x69, 0x67, 0x68, 0x74, 0x2d, 0x63, 0x6f, 0x64, 0x65, 0x29, 0x0a, 0x20, 0x20, 0x20, 0x20
  .byte 0x76, 0x61, 0x72, 0x28, 0x2d, 0x2d, 0x66, 0x6f, 0x6e, 0x74, 0x2d, 0x63, 0x6f, 0x64, 0x65, 0x29
  .byte 0x3b, 0x0a, 0x20, 0x20, 0x2d, 0x2d, 0x74, 0x65, 0x78, 0x74, 0x2d, 0x63, 0x6f, 0x64, 0x65, 0x2d
  .byte 0x64, 0x65, 0x66, 0x61, 0x75, 0x6c, 0x74, 0x2d, 0x6c, 0x65, 0x74, 0x74, 0x65, 0x72, 0x2d, 0x73
  .byte 0x70, 0x61, 0x63, 0x69, 0x6e, 0x67, 0x3a, 0x20, 0x76, 0x61, 0x72, 0x28, 0x2d, 0x2d, 0x6c, 0x65
  .byte 0x74, 0x74, 0x65, 0x72, 0x2d, 0x73, 0x70, 0x61, 0x63, 0x69, 0x6e, 0x67, 0x2d, 0x6e, 0x6f, 0x72
  .byte 0x6d, 0x61, 0x6c, 0x29, 0x3b, 0x0a, 0x20, 0x20, 0x2d, 0x2d, 0x74, 0x65, 0x78, 0x74, 0x2d, 0x63
  .byte 0x6f, 0x64, 0x65, 0x2d, 0x64, 0x65, 0x66, 0x61, 0x75, 0x6c, 0x74, 0x2d, 0x68, 0x65, 0x61, 0x76
  .byte 0x79, 0x3a, 0x20, 0x76, 0x61, 0x72, 0x28, 0x2d, 0x2d, 0x66, 0x6f, 0x6e, 0x74, 0x2d, 0x77, 0x65
  .byte 0x69, 0x67, 0x68, 0x74, 0x2d, 0x68, 0x65, 0x61, 0x76, 0x79, 0x29, 0x20, 0x76, 0x61, 0x72, 0x28
  .byte 0x2d, 0x2d, 0x66, 0x6f, 0x6e, 0x74, 0x2d, 0x73, 0x69, 0x7a, 0x65, 0x2d, 0x73, 0x6d, 0x29, 0x20
  .byte 0x2f, 0x20, 0x76, 0x61, 0x72, 0x28, 0x2d, 0x2d, 0x6c, 0x69, 0x6e, 0x65, 0x2d, 0x68, 0x65, 0x69
  .byte 0x67, 0x68, 0x74, 0x2d, 0x63, 0x6f, 0x64, 0x65, 0x29, 0x0a, 0x20, 0x20, 0x20, 0x20, 0x76, 0x61
  .byte 0x72, 0x28, 0x2d, 0x2d, 0x66, 0x6f, 0x6e, 0x74, 0x2d, 0x63, 0x6f, 0x64, 0x65, 0x29, 0x3b, 0x0a
  .byte 0x20, 0x20, 0x2d, 0x2d, 0x74, 0x65, 0x78, 0x74, 0x2d, 0x63, 0x6f, 0x64, 0x65, 0x2d, 0x64, 0x65
  .byte 0x66, 0x61, 0x75, 0x6c, 0x74, 0x2d, 0x68, 0x65, 0x61, 0x76, 0x79, 0x2d, 0x6c, 0x65, 0x74, 0x74
  .byte 0x65, 0x72, 0x2d, 0x73, 0x70, 0x61, 0x63, 0x69, 0x6e, 0x67, 0x3a, 0x20, 0x76, 0x61, 0x72, 0x28
  .byte 0x2d, 0x2d, 0x6c, 0x65, 0x74, 0x74, 0x65, 0x72, 0x2d, 0x73, 0x70, 0x61, 0x63, 0x69, 0x6e, 0x67
  .byte 0x2d, 0x6e, 0x6f, 0x72, 0x6d, 0x61, 0x6c, 0x29, 0x3b, 0x0a, 0x7d, 0x0a

  .globl openui_full_port_docs_shared_design_system_styles_variables_typography_css_3b23ce843fd5_pass_2_len
openui_full_port_docs_shared_design_system_styles_variables_typography_css_3b23ce843fd5_pass_2_len:
  .quad 8124

# assembly pass: 3/4
  .globl openui_full_port_docs_shared_design_system_styles_variables_typography_css_3b23ce843fd5_pass_3
openui_full_port_docs_shared_design_system_styles_variables_typography_css_3b23ce843fd5_pass_3:
  .byte 0x3a, 0x72, 0x6f, 0x6f, 0x74, 0x20, 0x7b, 0x0a, 0x20, 0x20, 0x2f, 0x2a, 0x20, 0x46, 0x6f, 0x6e
  .byte 0x74, 0x20, 0x66, 0x61, 0x6d, 0x69, 0x6c, 0x69, 0x65, 0x73, 0x20, 0x2a, 0x2f, 0x0a, 0x20, 0x20
  .byte 0x2d, 0x2d, 0x66, 0x6f, 0x6e, 0x74, 0x2d, 0x62, 0x6f, 0x64, 0x79, 0x3a, 0x20, 0x22, 0x49, 0x6e
  .byte 0x74, 0x65, 0x72, 0x22, 0x2c, 0x20, 0x22, 0x53, 0x65, 0x67, 0x6f, 0x65, 0x20, 0x55, 0x49, 0x22
  .byte 0x2c, 0x20, 0x41, 0x72, 0x69, 0x61, 0x6c, 0x2c, 0x20, 0x73, 0x61, 0x6e, 0x73, 0x2d, 0x73, 0x65
  .byte 0x72, 0x69, 0x66, 0x3b, 0x0a, 0x20, 0x20, 0x2d, 0x2d, 0x66, 0x6f, 0x6e, 0x74, 0x2d, 0x63, 0x6f
  .byte 0x64, 0x65, 0x3a, 0x20, 0x76, 0x61, 0x72, 0x28, 0x2d, 0x2d, 0x66, 0x6f, 0x6e, 0x74, 0x2d, 0x67
  .byte 0x65, 0x69, 0x73, 0x74, 0x2d, 0x6d, 0x6f, 0x6e, 0x6f, 0x29, 0x2c, 0x20, 0x22, 0x53, 0x46, 0x4d
  .byte 0x6f, 0x6e, 0x6f, 0x2d, 0x52, 0x65, 0x67, 0x75, 0x6c, 0x61, 0x72, 0x22, 0x2c, 0x20, 0x4d, 0x65
  .byte 0x6e, 0x6c, 0x6f, 0x2c, 0x20, 0x6d, 0x6f, 0x6e, 0x6f, 0x73, 0x70, 0x61, 0x63, 0x65, 0x3b, 0x0a
  .byte 0x20, 0x20, 0x2d, 0x2d, 0x66, 0x6f, 0x6e, 0x74, 0x2d, 0x68, 0x65, 0x61, 0x64, 0x69, 0x6e, 0x67
  .byte 0x3a, 0x20, 0x22, 0x49, 0x6e, 0x74, 0x65, 0x72, 0x22, 0x2c, 0x20, 0x22, 0x53, 0x65, 0x67, 0x6f
  .byte 0x65, 0x20, 0x55, 0x49, 0x22, 0x2c, 0x20, 0x41, 0x72, 0x69, 0x61, 0x6c, 0x2c, 0x20, 0x73, 0x61
  .byte 0x6e, 0x73, 0x2d, 0x73, 0x65, 0x72, 0x69, 0x66, 0x3b, 0x0a, 0x20, 0x20, 0x2d, 0x2d, 0x66, 0x6f
  .byte 0x6e, 0x74, 0x2d, 0x6c, 0x61, 0x62, 0x65, 0x6c, 0x3a, 0x20, 0x22, 0x49, 0x6e, 0x74, 0x65, 0x72
  .byte 0x22, 0x2c, 0x20, 0x22, 0x53, 0x65, 0x67, 0x6f, 0x65, 0x20, 0x55, 0x49, 0x22, 0x2c, 0x20, 0x41
  .byte 0x72, 0x69, 0x61, 0x6c, 0x2c, 0x20, 0x73, 0x61, 0x6e, 0x73, 0x2d, 0x73, 0x65, 0x72, 0x69, 0x66
  .byte 0x3b, 0x0a, 0x20, 0x20, 0x2d, 0x2d, 0x66, 0x6f, 0x6e, 0x74, 0x2d, 0x6e, 0x75, 0x6d, 0x62, 0x65
  .byte 0x72, 0x73, 0x3a, 0x20, 0x76, 0x61, 0x72, 0x28, 0x2d, 0x2d, 0x66, 0x6f, 0x6e, 0x74, 0x2d, 0x67
  .byte 0x65, 0x69, 0x73, 0x74, 0x2d, 0x6d, 0x6f, 0x6e, 0x6f, 0x29, 0x2c, 0x20, 0x22, 0x49, 0x6e, 0x74
  .byte 0x65, 0x72, 0x22, 0x2c, 0x20, 0x22, 0x53, 0x65, 0x67, 0x6f, 0x65, 0x20, 0x55, 0x49, 0x22, 0x2c
  .byte 0x20, 0x41, 0x72, 0x69, 0x61, 0x6c, 0x2c, 0x20, 0x73, 0x61, 0x6e, 0x73, 0x2d, 0x73, 0x65, 0x72
  .byte 0x69, 0x66, 0x3b, 0x0a, 0x0a, 0x20, 0x20, 0x2f, 0x2a, 0x20, 0x46, 0x6f, 0x6e, 0x74, 0x20, 0x73
  .byte 0x69, 0x7a, 0x65, 0x73, 0x20, 0x2a, 0x2f, 0x0a, 0x20, 0x20, 0x2d, 0x2d, 0x66, 0x6f, 0x6e, 0x74
  .byte 0x2d, 0x73, 0x69, 0x7a, 0x65, 0x2d, 0x32, 0x78, 0x73, 0x3a, 0x20, 0x31, 0x30, 0x70, 0x78, 0x3b
  .byte 0x0a, 0x20, 0x20, 0x2d, 0x2d, 0x66, 0x6f, 0x6e, 0x74, 0x2d, 0x73, 0x69, 0x7a, 0x65, 0x2d, 0x78
  .byte 0x73, 0x3a, 0x20, 0x31, 0x32, 0x70, 0x78, 0x3b, 0x0a, 0x20, 0x20, 0x2d, 0x2d, 0x66, 0x6f, 0x6e
  .byte 0x74, 0x2d, 0x73, 0x69, 0x7a, 0x65, 0x2d, 0x73, 0x6d, 0x3a, 0x20, 0x31, 0x34, 0x70, 0x78, 0x3b
  .byte 0x0a, 0x20, 0x20, 0x2d, 0x2d, 0x66, 0x6f, 0x6e, 0x74, 0x2d, 0x73, 0x69, 0x7a, 0x65, 0x2d, 0x6d
  .byte 0x64, 0x3a, 0x20, 0x31, 0x36, 0x70, 0x78, 0x3b, 0x0a, 0x20, 0x20, 0x2d, 0x2d, 0x66, 0x6f, 0x6e
  .byte 0x74, 0x2d, 0x73, 0x69, 0x7a, 0x65, 0x2d, 0x6c, 0x67, 0x3a, 0x20, 0x31, 0x38, 0x70, 0x78, 0x3b
  .byte 0x0a, 0x20, 0x20, 0x2d, 0x2d, 0x66, 0x6f, 0x6e, 0x74, 0x2d, 0x73, 0x69, 0x7a, 0x65, 0x2d, 0x78
  .byte 0x6c, 0x3a, 0x20, 0x32, 0x30, 0x70, 0x78, 0x3b, 0x0a, 0x20, 0x20, 0x2d, 0x2d, 0x66, 0x6f, 0x6e
  .byte 0x74, 0x2d, 0x73, 0x69, 0x7a, 0x65, 0x2d, 0x32, 0x78, 0x6c, 0x3a, 0x20, 0x32, 0x34, 0x70, 0x78
  .byte 0x3b, 0x0a, 0x20, 0x20, 0x2d, 0x2d, 0x66, 0x6f, 0x6e, 0x74, 0x2d, 0x73, 0x69, 0x7a, 0x65, 0x2d
  .byte 0x33, 0x78, 0x6c, 0x3a, 0x20, 0x32, 0x38, 0x70, 0x78, 0x3b, 0x0a, 0x20, 0x20, 0x2d, 0x2d, 0x66
  .byte 0x6f, 0x6e, 0x74, 0x2d, 0x73, 0x69, 0x7a, 0x65, 0x2d, 0x34, 0x78, 0x6c, 0x3a, 0x20, 0x33, 0x32
  .byte 0x70, 0x78, 0x3b, 0x0a, 0x20, 0x20, 0x2d, 0x2d, 0x66, 0x6f, 0x6e, 0x74, 0x2d, 0x73, 0x69, 0x7a
  .byte 0x65, 0x2d, 0x35, 0x78, 0x6c, 0x3a, 0x20, 0x33, 0x36, 0x70, 0x78, 0x3b, 0x0a, 0x0a, 0x20, 0x20
  .byte 0x2f, 0x2a, 0x20, 0x46, 0x6f, 0x6e, 0x74, 0x20, 0x77, 0x65, 0x69, 0x67, 0x68, 0x74, 0x73, 0x20
  .byte 0x2a, 0x2f, 0x0a, 0x20, 0x20, 0x2d, 0x2d, 0x66, 0x6f, 0x6e, 0x74, 0x2d, 0x77, 0x65, 0x69, 0x67
  .byte 0x68, 0x74, 0x2d, 0x72, 0x65, 0x67, 0x75, 0x6c, 0x61, 0x72, 0x3a, 0x20, 0x34, 0x30, 0x30, 0x3b
  .byte 0x0a, 0x20, 0x20, 0x2d, 0x2d, 0x66, 0x6f, 0x6e, 0x74, 0x2d, 0x77, 0x65, 0x69, 0x67, 0x68, 0x74
  .byte 0x2d, 0x6d, 0x65, 0x64, 0x69, 0x75, 0x6d, 0x3a, 0x20, 0x35, 0x30, 0x30, 0x3b, 0x0a, 0x20, 0x20
  .byte 0x2d, 0x2d, 0x66, 0x6f, 0x6e, 0x74, 0x2d, 0x77, 0x65, 0x69, 0x67, 0x68, 0x74, 0x2d, 0x62, 0x6f
  .byte 0x6c, 0x64, 0x3a, 0x20, 0x36, 0x30, 0x30, 0x3b, 0x0a, 0x20, 0x20, 0x2d, 0x2d, 0x66, 0x6f, 0x6e
  .byte 0x74, 0x2d, 0x77, 0x65, 0x69, 0x67, 0x68, 0x74, 0x2d, 0x68, 0x65, 0x61, 0x76, 0x79, 0x3a, 0x20
  .byte 0x37, 0x30, 0x30, 0x3b, 0x0a, 0x0a, 0x20, 0x20, 0x2f, 0x2a, 0x20, 0x4c, 0x69, 0x6e, 0x65, 0x20
  .byte 0x68, 0x65, 0x69, 0x67, 0x68, 0x74, 0x73, 0x20, 0x2a, 0x2f, 0x0a, 0x20, 0x20, 0x2d, 0x2d, 0x6c
  .byte 0x69, 0x6e, 0x65, 0x2d, 0x68, 0x65, 0x69, 0x67, 0x68, 0x74, 0x2d, 0x62, 0x6f, 0x64, 0x79, 0x3a
  .byte 0x20, 0x31, 0x2e, 0x35, 0x3b, 0x0a, 0x20, 0x20, 0x2d, 0x2d, 0x6c, 0x69, 0x6e, 0x65, 0x2d, 0x68
  .byte 0x65, 0x69, 0x67, 0x68, 0x74, 0x2d, 0x68, 0x65, 0x61, 0x64, 0x69, 0x6e, 0x67, 0x3a, 0x20, 0x31
  .byte 0x2e, 0x32, 0x35, 0x3b, 0x0a, 0x20, 0x20, 0x2d, 0x2d, 0x6c, 0x69, 0x6e, 0x65, 0x2d, 0x68, 0x65
  .byte 0x69, 0x67, 0x68, 0x74, 0x2d, 0x68, 0x65, 0x61, 0x64, 0x69, 0x6e, 0x67, 0x2d, 0x6c, 0x61, 0x72
  .byte 0x67, 0x65, 0x3a, 0x20, 0x31, 0x2e, 0x31, 0x3b, 0x0a, 0x20, 0x20, 0x2d, 0x2d, 0x6c, 0x69, 0x6e
  .byte 0x65, 0x2d, 0x68, 0x65, 0x69, 0x67, 0x68, 0x74, 0x2d, 0x6c, 0x61, 0x62, 0x65, 0x6c, 0x3a, 0x20
  .byte 0x31, 0x2e, 0x32, 0x35, 0x3b, 0x0a, 0x20, 0x20, 0x2d, 0x2d, 0x6c, 0x69, 0x6e, 0x65, 0x2d, 0x68
  .byte 0x65, 0x69, 0x67, 0x68, 0x74, 0x2d, 0x63, 0x6f, 0x64, 0x65, 0x3a, 0x20, 0x31, 0x2e, 0x35, 0x3b
  .byte 0x0a, 0x0a, 0x20, 0x20, 0x2f, 0x2a, 0x20, 0x4c, 0x65, 0x74, 0x74, 0x65, 0x72, 0x20, 0x73, 0x70
  .byte 0x61, 0x63, 0x69, 0x6e, 0x67, 0x20, 0x2a, 0x2f, 0x0a, 0x20, 0x20, 0x2d, 0x2d, 0x6c, 0x65, 0x74
  .byte 0x74, 0x65, 0x72, 0x2d, 0x73, 0x70, 0x61, 0x63, 0x69, 0x6e, 0x67, 0x2d, 0x6e, 0x6f, 0x72, 0x6d
  .byte 0x61, 0x6c, 0x3a, 0x20, 0x30, 0x3b, 0x0a, 0x20, 0x20, 0x2d, 0x2d, 0x6c, 0x65, 0x74, 0x74, 0x65
  .byte 0x72, 0x2d, 0x73, 0x70, 0x61, 0x63, 0x69, 0x6e, 0x67, 0x2d, 0x74, 0x69, 0x67, 0x68, 0x74, 0x3a
  .byte 0x20, 0x2d, 0x30, 0x2e, 0x31, 0x70, 0x78, 0x3b, 0x0a, 0x20, 0x20, 0x2d, 0x2d, 0x6c, 0x65, 0x74
  .byte 0x74, 0x65, 0x72, 0x2d, 0x73, 0x70, 0x61, 0x63, 0x69, 0x6e, 0x67, 0x2d, 0x74, 0x69, 0x67, 0x68
  .byte 0x74, 0x65, 0x72, 0x3a, 0x20, 0x2d, 0x30, 0x2e, 0x32, 0x70, 0x78, 0x3b, 0x0a, 0x0a, 0x20, 0x20
  .byte 0x2f, 0x2a, 0x20, 0x43, 0x6f, 0x6d, 0x70, 0x6f, 0x75, 0x6e, 0x64, 0x20, 0x74, 0x79, 0x70, 0x6f
  .byte 0x67, 0x72, 0x61, 0x70, 0x68, 0x79, 0x3a, 0x20, 0x62, 0x6f, 0x64, 0x79, 0x20, 0x2a, 0x2f, 0x0a
  .byte 0x20, 0x20, 0x2f, 0x2a, 0x20, 0x42, 0x6f, 0x64, 0x79, 0x3a, 0x20, 0x65, 0x78, 0x74, 0x72, 0x61
  .byte 0x20, 0x73, 0x6d, 0x61, 0x6c, 0x6c, 0x20, 0x2a, 0x2f, 0x0a, 0x20, 0x20, 0x2d, 0x2d, 0x74, 0x65
  .byte 0x78, 0x74, 0x2d, 0x62, 0x6f, 0x64, 0x79, 0x2d, 0x78, 0x73, 0x3a, 0x20, 0x76, 0x61, 0x72, 0x28
  .byte 0x2d, 0x2d, 0x66, 0x6f, 0x6e, 0x74, 0x2d, 0x77, 0x65, 0x69, 0x67, 0x68, 0x74, 0x2d, 0x72, 0x65
  .byte 0x67, 0x75, 0x6c, 0x61, 0x72, 0x29, 0x20, 0x76, 0x61, 0x72, 0x28, 0x2d, 0x2d, 0x66, 0x6f, 0x6e
  .byte 0x74, 0x2d, 0x73, 0x69, 0x7a, 0x65, 0x2d, 0x78, 0x73, 0x29, 0x20, 0x2f, 0x20, 0x76, 0x61, 0x72
  .byte 0x28, 0x2d, 0x2d, 0x6c, 0x69, 0x6e, 0x65, 0x2d, 0x68, 0x65, 0x69, 0x67, 0x68, 0x74, 0x2d, 0x62
  .byte 0x6f, 0x64, 0x79, 0x29, 0x0a, 0x20, 0x20, 0x20, 0x20, 0x76, 0x61, 0x72, 0x28, 0x2d, 0x2d, 0x66
  .byte 0x6f, 0x6e, 0x74, 0x2d, 0x62, 0x6f, 0x64, 0x79, 0x29, 0x3b, 0x0a, 0x20, 0x20, 0x2d, 0x2d, 0x74
  .byte 0x65, 0x78, 0x74, 0x2d, 0x62, 0x6f, 0x64, 0x79, 0x2d, 0x78, 0x73, 0x2d, 0x6c, 0x65, 0x74, 0x74
  .byte 0x65, 0x72, 0x2d, 0x73, 0x70, 0x61, 0x63, 0x69, 0x6e, 0x67, 0x3a, 0x20, 0x76, 0x61, 0x72, 0x28
  .byte 0x2d, 0x2d, 0x6c, 0x65, 0x74, 0x74, 0x65, 0x72, 0x2d, 0x73, 0x70, 0x61, 0x63, 0x69, 0x6e, 0x67
  .byte 0x2d, 0x6e, 0x6f, 0x72, 0x6d, 0x61, 0x6c, 0x29, 0x3b, 0x0a, 0x20, 0x20, 0x2d, 0x2d, 0x74, 0x65
  .byte 0x78, 0x74, 0x2d, 0x62, 0x6f, 0x64, 0x79, 0x2d, 0x78, 0x73, 0x2d, 0x68, 0x65, 0x61, 0x76, 0x79
  .byte 0x3a, 0x20, 0x76, 0x61, 0x72, 0x28, 0x2d, 0x2d, 0x66, 0x6f, 0x6e, 0x74, 0x2d, 0x77, 0x65, 0x69
  .byte 0x67, 0x68, 0x74, 0x2d, 0x6d, 0x65, 0x64, 0x69, 0x75, 0x6d, 0x29, 0x20, 0x76, 0x61, 0x72, 0x28
  .byte 0x2d, 0x2d, 0x66, 0x6f, 0x6e, 0x74, 0x2d, 0x73, 0x69, 0x7a, 0x65, 0x2d, 0x78, 0x73, 0x29, 0x20
  .byte 0x2f, 0x20, 0x76, 0x61, 0x72, 0x28, 0x2d, 0x2d, 0x6c, 0x69, 0x6e, 0x65, 0x2d, 0x68, 0x65, 0x69
  .byte 0x67, 0x68, 0x74, 0x2d, 0x62, 0x6f, 0x64, 0x79, 0x29, 0x0a, 0x20, 0x20, 0x20, 0x20, 0x76, 0x61
  .byte 0x72, 0x28, 0x2d, 0x2d, 0x66, 0x6f, 0x6e, 0x74, 0x2d, 0x62, 0x6f, 0x64, 0x79, 0x29, 0x3b, 0x0a
  .byte 0x20, 0x20, 0x2d, 0x2d, 0x74, 0x65, 0x78, 0x74, 0x2d, 0x62, 0x6f, 0x64, 0x79, 0x2d, 0x78, 0x73
  .byte 0x2d, 0x68, 0x65, 0x61, 0x76, 0x79, 0x2d, 0x6c, 0x65, 0x74, 0x74, 0x65, 0x72, 0x2d, 0x73, 0x70
  .byte 0x61, 0x63, 0x69, 0x6e, 0x67, 0x3a, 0x20, 0x76, 0x61, 0x72, 0x28, 0x2d, 0x2d, 0x6c, 0x65, 0x74
  .byte 0x74, 0x65, 0x72, 0x2d, 0x73, 0x70, 0x61, 0x63, 0x69, 0x6e, 0x67, 0x2d, 0x6e, 0x6f, 0x72, 0x6d
  .byte 0x61, 0x6c, 0x29, 0x3b, 0x0a, 0x20, 0x20, 0x2f, 0x2a, 0x20, 0x42, 0x6f, 0x64, 0x79, 0x3a, 0x20
  .byte 0x73, 0x6d, 0x61, 0x6c, 0x6c, 0x20, 0x2a, 0x2f, 0x0a, 0x20, 0x20, 0x2d, 0x2d, 0x74, 0x65, 0x78
  .byte 0x74, 0x2d, 0x62, 0x6f, 0x64, 0x79, 0x2d, 0x73, 0x6d, 0x3a, 0x20, 0x76, 0x61, 0x72, 0x28, 0x2d
  .byte 0x2d, 0x66, 0x6f, 0x6e, 0x74, 0x2d, 0x77, 0x65, 0x69, 0x67, 0x68, 0x74, 0x2d, 0x72, 0x65, 0x67
  .byte 0x75, 0x6c, 0x61, 0x72, 0x29, 0x20, 0x76, 0x61, 0x72, 0x28, 0x2d, 0x2d, 0x66, 0x6f, 0x6e, 0x74
  .byte 0x2d, 0x73, 0x69, 0x7a, 0x65, 0x2d, 0x73, 0x6d, 0x29, 0x20, 0x2f, 0x20, 0x76, 0x61, 0x72, 0x28
  .byte 0x2d, 0x2d, 0x6c, 0x69, 0x6e, 0x65, 0x2d, 0x68, 0x65, 0x69, 0x67, 0x68, 0x74, 0x2d, 0x62, 0x6f
  .byte 0x64, 0x79, 0x29, 0x0a, 0x20, 0x20, 0x20, 0x20, 0x76, 0x61, 0x72, 0x28, 0x2d, 0x2d, 0x66, 0x6f
  .byte 0x6e, 0x74, 0x2d, 0x62, 0x6f, 0x64, 0x79, 0x29, 0x3b, 0x0a, 0x20, 0x20, 0x2d, 0x2d, 0x74, 0x65
  .byte 0x78, 0x74, 0x2d, 0x62, 0x6f, 0x64, 0x79, 0x2d, 0x73, 0x6d, 0x2d, 0x6c, 0x65, 0x74, 0x74, 0x65
  .byte 0x72, 0x2d, 0x73, 0x70, 0x61, 0x63, 0x69, 0x6e, 0x67, 0x3a, 0x20, 0x76, 0x61, 0x72, 0x28, 0x2d
  .byte 0x2d, 0x6c, 0x65, 0x74, 0x74, 0x65, 0x72, 0x2d, 0x73, 0x70, 0x61, 0x63, 0x69, 0x6e, 0x67, 0x2d
  .byte 0x6e, 0x6f, 0x72, 0x6d, 0x61, 0x6c, 0x29, 0x3b, 0x0a, 0x20, 0x20, 0x2d, 0x2d, 0x74, 0x65, 0x78
  .byte 0x74, 0x2d, 0x62, 0x6f, 0x64, 0x79, 0x2d, 0x73, 0x6d, 0x2d, 0x68, 0x65, 0x61, 0x76, 0x79, 0x3a
  .byte 0x20, 0x76, 0x61, 0x72, 0x28, 0x2d, 0x2d, 0x66, 0x6f, 0x6e, 0x74, 0x2d, 0x77, 0x65, 0x69, 0x67
  .byte 0x68, 0x74, 0x2d, 0x6d, 0x65, 0x64, 0x69, 0x75, 0x6d, 0x29, 0x20, 0x76, 0x61, 0x72, 0x28, 0x2d
  .byte 0x2d, 0x66, 0x6f, 0x6e, 0x74, 0x2d, 0x73, 0x69, 0x7a, 0x65, 0x2d, 0x73, 0x6d, 0x29, 0x20, 0x2f
  .byte 0x20, 0x76, 0x61, 0x72, 0x28, 0x2d, 0x2d, 0x6c, 0x69, 0x6e, 0x65, 0x2d, 0x68, 0x65, 0x69, 0x67
  .byte 0x68, 0x74, 0x2d, 0x62, 0x6f, 0x64, 0x79, 0x29, 0x0a, 0x20, 0x20, 0x20, 0x20, 0x76, 0x61, 0x72
  .byte 0x28, 0x2d, 0x2d, 0x66, 0x6f, 0x6e, 0x74, 0x2d, 0x62, 0x6f, 0x64, 0x79, 0x29, 0x3b, 0x0a, 0x20
  .byte 0x20, 0x2d, 0x2d, 0x74, 0x65, 0x78, 0x74, 0x2d, 0x62, 0x6f, 0x64, 0x79, 0x2d, 0x73, 0x6d, 0x2d
  .byte 0x68, 0x65, 0x61, 0x76, 0x79, 0x2d, 0x6c, 0x65, 0x74, 0x74, 0x65, 0x72, 0x2d, 0x73, 0x70, 0x61
  .byte 0x63, 0x69, 0x6e, 0x67, 0x3a, 0x20, 0x76, 0x61, 0x72, 0x28, 0x2d, 0x2d, 0x6c, 0x65, 0x74, 0x74
  .byte 0x65, 0x72, 0x2d, 0x73, 0x70, 0x61, 0x63, 0x69, 0x6e, 0x67, 0x2d, 0x6e, 0x6f, 0x72, 0x6d, 0x61
  .byte 0x6c, 0x29, 0x3b, 0x0a, 0x20, 0x20, 0x2f, 0x2a, 0x20, 0x42, 0x6f, 0x64, 0x79, 0x3a, 0x20, 0x64
  .byte 0x65, 0x66, 0x61, 0x75, 0x6c, 0x74, 0x20, 0x2a, 0x2f, 0x0a, 0x20, 0x20, 0x2d, 0x2d, 0x74, 0x65
  .byte 0x78, 0x74, 0x2d, 0x62, 0x6f, 0x64, 0x79, 0x2d, 0x64, 0x65, 0x66, 0x61, 0x75, 0x6c, 0x74, 0x3a
  .byte 0x20, 0x76, 0x61, 0x72, 0x28, 0x2d, 0x2d, 0x66, 0x6f, 0x6e, 0x74, 0x2d, 0x77, 0x65, 0x69, 0x67
  .byte 0x68, 0x74, 0x2d, 0x72, 0x65, 0x67, 0x75, 0x6c, 0x61, 0x72, 0x29, 0x20, 0x76, 0x61, 0x72, 0x28
  .byte 0x2d, 0x2d, 0x66, 0x6f, 0x6e, 0x74, 0x2d, 0x73, 0x69, 0x7a, 0x65, 0x2d, 0x6d, 0x64, 0x29, 0x20
  .byte 0x2f, 0x20, 0x76, 0x61, 0x72, 0x28, 0x2d, 0x2d, 0x6c, 0x69, 0x6e, 0x65, 0x2d, 0x68, 0x65, 0x69
  .byte 0x67, 0x68, 0x74, 0x2d, 0x62, 0x6f, 0x64, 0x79, 0x29, 0x0a, 0x20, 0x20, 0x20, 0x20, 0x76, 0x61
  .byte 0x72, 0x28, 0x2d, 0x2d, 0x66, 0x6f, 0x6e, 0x74, 0x2d, 0x62, 0x6f, 0x64, 0x79, 0x29, 0x3b, 0x0a
  .byte 0x20, 0x20, 0x2d, 0x2d, 0x74, 0x65, 0x78, 0x74, 0x2d, 0x62, 0x6f, 0x64, 0x79, 0x2d, 0x64, 0x65
  .byte 0x66, 0x61, 0x75, 0x6c, 0x74, 0x2d, 0x6c, 0x65, 0x74, 0x74, 0x65, 0x72, 0x2d, 0x73, 0x70, 0x61
  .byte 0x63, 0x69, 0x6e, 0x67, 0x3a, 0x20, 0x76, 0x61, 0x72, 0x28, 0x2d, 0x2d, 0x6c, 0x65, 0x74, 0x74
  .byte 0x65, 0x72, 0x2d, 0x73, 0x70, 0x61, 0x63, 0x69, 0x6e, 0x67, 0x2d, 0x6e, 0x6f, 0x72, 0x6d, 0x61
  .byte 0x6c, 0x29, 0x3b, 0x0a, 0x20, 0x20, 0x2d, 0x2d, 0x74, 0x65, 0x78, 0x74, 0x2d, 0x62, 0x6f, 0x64
  .byte 0x79, 0x2d, 0x64, 0x65, 0x66, 0x61, 0x75, 0x6c, 0x74, 0x2d, 0x68, 0x65, 0x61, 0x76, 0x79, 0x3a
  .byte 0x20, 0x76, 0x61, 0x72, 0x28, 0x2d, 0x2d, 0x66, 0x6f, 0x6e, 0x74, 0x2d, 0x77, 0x65, 0x69, 0x67
  .byte 0x68, 0x74, 0x2d, 0x6d, 0x65, 0x64, 0x69, 0x75, 0x6d, 0x29, 0x20, 0x76, 0x61, 0x72, 0x28, 0x2d
  .byte 0x2d, 0x66, 0x6f, 0x6e, 0x74, 0x2d, 0x73, 0x69, 0x7a, 0x65, 0x2d, 0x6d, 0x64, 0x29, 0x20, 0x2f
  .byte 0x20, 0x76, 0x61, 0x72, 0x28, 0x2d, 0x2d, 0x6c, 0x69, 0x6e, 0x65, 0x2d, 0x68, 0x65, 0x69, 0x67
  .byte 0x68, 0x74, 0x2d, 0x62, 0x6f, 0x64, 0x79, 0x29, 0x0a, 0x20, 0x20, 0x20, 0x20, 0x76, 0x61, 0x72
  .byte 0x28, 0x2d, 0x2d, 0x66, 0x6f, 0x6e, 0x74, 0x2d, 0x62, 0x6f, 0x64, 0x79, 0x29, 0x3b, 0x0a, 0x20
  .byte 0x20, 0x2d, 0x2d, 0x74, 0x65, 0x78, 0x74, 0x2d, 0x62, 0x6f, 0x64, 0x79, 0x2d, 0x64, 0x65, 0x66
  .byte 0x61, 0x75, 0x6c, 0x74, 0x2d, 0x68, 0x65, 0x61, 0x76, 0x79, 0x2d, 0x6c, 0x65, 0x74, 0x74, 0x65
  .byte 0x72, 0x2d, 0x73, 0x70, 0x61, 0x63, 0x69, 0x6e, 0x67, 0x3a, 0x20, 0x76, 0x61, 0x72, 0x28, 0x2d
  .byte 0x2d, 0x6c, 0x65, 0x74, 0x74, 0x65, 0x72, 0x2d, 0x73, 0x70, 0x61, 0x63, 0x69, 0x6e, 0x67, 0x2d
  .byte 0x6e, 0x6f, 0x72, 0x6d, 0x61, 0x6c, 0x29, 0x3b, 0x0a, 0x20, 0x20, 0x2f, 0x2a, 0x20, 0x42, 0x6f
  .byte 0x64, 0x79, 0x3a, 0x20, 0x6c, 0x61, 0x72, 0x67, 0x65, 0x20, 0x2a, 0x2f, 0x0a, 0x20, 0x20, 0x2d
  .byte 0x2d, 0x74, 0x65, 0x78, 0x74, 0x2d, 0x62, 0x6f, 0x64, 0x79, 0x2d, 0x6c, 0x67, 0x3a, 0x20, 0x76
  .byte 0x61, 0x72, 0x28, 0x2d, 0x2d, 0x66, 0x6f, 0x6e, 0x74, 0x2d, 0x77, 0x65, 0x69, 0x67, 0x68, 0x74
  .byte 0x2d, 0x72, 0x65, 0x67, 0x75, 0x6c, 0x61, 0x72, 0x29, 0x20, 0x76, 0x61, 0x72, 0x28, 0x2d, 0x2d
  .byte 0x66, 0x6f, 0x6e, 0x74, 0x2d, 0x73, 0x69, 0x7a, 0x65, 0x2d, 0x6c, 0x67, 0x29, 0x20, 0x2f, 0x20
  .byte 0x76, 0x61, 0x72, 0x28, 0x2d, 0x2d, 0x6c, 0x69, 0x6e, 0x65, 0x2d, 0x68, 0x65, 0x69, 0x67, 0x68
  .byte 0x74, 0x2d, 0x62, 0x6f, 0x64, 0x79, 0x29, 0x0a, 0x20, 0x20, 0x20, 0x20, 0x76, 0x61, 0x72, 0x28
  .byte 0x2d, 0x2d, 0x66, 0x6f, 0x6e, 0x74, 0x2d, 0x62, 0x6f, 0x64, 0x79, 0x29, 0x3b, 0x0a, 0x20, 0x20
  .byte 0x2d, 0x2d, 0x74, 0x65, 0x78, 0x74, 0x2d, 0x62, 0x6f, 0x64, 0x79, 0x2d, 0x6c, 0x67, 0x2d, 0x6c
  .byte 0x65, 0x74, 0x74, 0x65, 0x72, 0x2d, 0x73, 0x70, 0x61, 0x63, 0x69, 0x6e, 0x67, 0x3a, 0x20, 0x76
  .byte 0x61, 0x72, 0x28, 0x2d, 0x2d, 0x6c, 0x65, 0x74, 0x74, 0x65, 0x72, 0x2d, 0x73, 0x70, 0x61, 0x63
  .byte 0x69, 0x6e, 0x67, 0x2d, 0x6e, 0x6f, 0x72, 0x6d, 0x61, 0x6c, 0x29, 0x3b, 0x0a, 0x20, 0x20, 0x2d
  .byte 0x2d, 0x74, 0x65, 0x78, 0x74, 0x2d, 0x62, 0x6f, 0x64, 0x79, 0x2d, 0x6c, 0x67, 0x2d, 0x68, 0x65
  .byte 0x61, 0x76, 0x79, 0x3a, 0x20, 0x76, 0x61, 0x72, 0x28, 0x2d, 0x2d, 0x66, 0x6f, 0x6e, 0x74, 0x2d
  .byte 0x77, 0x65, 0x69, 0x67, 0x68, 0x74, 0x2d, 0x6d, 0x65, 0x64, 0x69, 0x75, 0x6d, 0x29, 0x20, 0x76
  .byte 0x61, 0x72, 0x28, 0x2d, 0x2d, 0x66, 0x6f, 0x6e, 0x74, 0x2d, 0x73, 0x69, 0x7a, 0x65, 0x2d, 0x6c
  .byte 0x67, 0x29, 0x20, 0x2f, 0x20, 0x76, 0x61, 0x72, 0x28, 0x2d, 0x2d, 0x6c, 0x69, 0x6e, 0x65, 0x2d
  .byte 0x68, 0x65, 0x69, 0x67, 0x68, 0x74, 0x2d, 0x62, 0x6f, 0x64, 0x79, 0x29, 0x0a, 0x20, 0x20, 0x20
  .byte 0x20, 0x76, 0x61, 0x72, 0x28, 0x2d, 0x2d, 0x66, 0x6f, 0x6e, 0x74, 0x2d, 0x62, 0x6f, 0x64, 0x79
  .byte 0x29, 0x3b, 0x0a, 0x20, 0x20, 0x2d, 0x2d, 0x74, 0x65, 0x78, 0x74, 0x2d, 0x62, 0x6f, 0x64, 0x79
  .byte 0x2d, 0x6c, 0x67, 0x2d, 0x68, 0x65, 0x61, 0x76, 0x79, 0x2d, 0x6c, 0x65, 0x74, 0x74, 0x65, 0x72
  .byte 0x2d, 0x73, 0x70, 0x61, 0x63, 0x69, 0x6e, 0x67, 0x3a, 0x20, 0x76, 0x61, 0x72, 0x28, 0x2d, 0x2d
  .byte 0x6c, 0x65, 0x74, 0x74, 0x65, 0x72, 0x2d, 0x73, 0x70, 0x61, 0x63, 0x69, 0x6e, 0x67, 0x2d, 0x6e
  .byte 0x6f, 0x72, 0x6d, 0x61, 0x6c, 0x29, 0x3b, 0x0a, 0x0a, 0x20, 0x20, 0x2f, 0x2a, 0x20, 0x43, 0x6f
  .byte 0x6d, 0x70, 0x6f, 0x75, 0x6e, 0x64, 0x20, 0x74, 0x79, 0x70, 0x6f, 0x67, 0x72, 0x61, 0x70, 0x68
  .byte 0x79, 0x3a, 0x20, 0x68, 0x65, 0x61, 0x64, 0x69, 0x6e, 0x67, 0x20, 0x2a, 0x2f, 0x0a, 0x20, 0x20
  .byte 0x2f, 0x2a, 0x20, 0x48, 0x65, 0x61, 0x64, 0x69, 0x6e, 0x67, 0x3a, 0x20, 0x65, 0x78, 0x74, 0x72
  .byte 0x61, 0x20, 0x73, 0x6d, 0x61, 0x6c, 0x6c, 0x20, 0x2a, 0x2f, 0x0a, 0x20, 0x20, 0x2d, 0x2d, 0x74
  .byte 0x65, 0x78, 0x74, 0x2d, 0x68, 0x65, 0x61, 0x64, 0x69, 0x6e, 0x67, 0x2d, 0x78, 0x73, 0x3a, 0x20
  .byte 0x76, 0x61, 0x72, 0x28, 0x2d, 0x2d, 0x66, 0x6f, 0x6e, 0x74, 0x2d, 0x77, 0x65, 0x69, 0x67, 0x68
  .byte 0x74, 0x2d, 0x62, 0x6f, 0x6c, 0x64, 0x29, 0x20, 0x76, 0x61, 0x72, 0x28, 0x2d, 0x2d, 0x66, 0x6f
  .byte 0x6e, 0x74, 0x2d, 0x73, 0x69, 0x7a, 0x65, 0x2d, 0x6d, 0x64, 0x29, 0x20, 0x2f, 0x20, 0x76, 0x61
  .byte 0x72, 0x28, 0x2d, 0x2d, 0x6c, 0x69, 0x6e, 0x65, 0x2d, 0x68, 0x65, 0x69, 0x67, 0x68, 0x74, 0x2d
  .byte 0x68, 0x65, 0x61, 0x64, 0x69, 0x6e, 0x67, 0x29, 0x0a, 0x20, 0x20, 0x20, 0x20, 0x76, 0x61, 0x72
  .byte 0x28, 0x2d, 0x2d, 0x66, 0x6f, 0x6e, 0x74, 0x2d, 0x68, 0x65, 0x61, 0x64, 0x69, 0x6e, 0x67, 0x29
  .byte 0x3b, 0x0a, 0x20, 0x20, 0x2d, 0x2d, 0x74, 0x65, 0x78, 0x74, 0x2d, 0x68, 0x65, 0x61, 0x64, 0x69
  .byte 0x6e, 0x67, 0x2d, 0x78, 0x73, 0x2d, 0x6c, 0x65, 0x74, 0x74, 0x65, 0x72, 0x2d, 0x73, 0x70, 0x61
  .byte 0x63, 0x69, 0x6e, 0x67, 0x3a, 0x20, 0x76, 0x61, 0x72, 0x28, 0x2d, 0x2d, 0x6c, 0x65, 0x74, 0x74
  .byte 0x65, 0x72, 0x2d, 0x73, 0x70, 0x61, 0x63, 0x69, 0x6e, 0x67, 0x2d, 0x6e, 0x6f, 0x72, 0x6d, 0x61
  .byte 0x6c, 0x29, 0x3b, 0x0a, 0x20, 0x20, 0x2f, 0x2a, 0x20, 0x48, 0x65, 0x61, 0x64, 0x69, 0x6e, 0x67
  .byte 0x3a, 0x20, 0x73, 0x6d, 0x61, 0x6c, 0x6c, 0x20, 0x2a, 0x2f, 0x0a, 0x20, 0x20, 0x2d, 0x2d, 0x74
  .byte 0x65, 0x78, 0x74, 0x2d, 0x68, 0x65, 0x61, 0x64, 0x69, 0x6e, 0x67, 0x2d, 0x73, 0x6d, 0x3a, 0x20
  .byte 0x76, 0x61, 0x72, 0x28, 0x2d, 0x2d, 0x66, 0x6f, 0x6e, 0x74, 0x2d, 0x77, 0x65, 0x69, 0x67, 0x68
  .byte 0x74, 0x2d, 0x62, 0x6f, 0x6c, 0x64, 0x29, 0x20, 0x76, 0x61, 0x72, 0x28, 0x2d, 0x2d, 0x66, 0x6f
  .byte 0x6e, 0x74, 0x2d, 0x73, 0x69, 0x7a, 0x65, 0x2d, 0x6c, 0x67, 0x29, 0x20, 0x2f, 0x20, 0x76, 0x61
  .byte 0x72, 0x28, 0x2d, 0x2d, 0x6c, 0x69, 0x6e, 0x65, 0x2d, 0x68, 0x65, 0x69, 0x67, 0x68, 0x74, 0x2d
  .byte 0x68, 0x65, 0x61, 0x64, 0x69, 0x6e, 0x67, 0x29, 0x0a, 0x20, 0x20, 0x20, 0x20, 0x76, 0x61, 0x72
  .byte 0x28, 0x2d, 0x2d, 0x66, 0x6f, 0x6e, 0x74, 0x2d, 0x68, 0x65, 0x61, 0x64, 0x69, 0x6e, 0x67, 0x29
  .byte 0x3b, 0x0a, 0x20, 0x20, 0x2d, 0x2d, 0x74, 0x65, 0x78, 0x74, 0x2d, 0x68, 0x65, 0x61, 0x64, 0x69
  .byte 0x6e, 0x67, 0x2d, 0x73, 0x6d, 0x2d, 0x6c, 0x65, 0x74, 0x74, 0x65, 0x72, 0x2d, 0x73, 0x70, 0x61
  .byte 0x63, 0x69, 0x6e, 0x67, 0x3a, 0x20, 0x76, 0x61, 0x72, 0x28, 0x2d, 0x2d, 0x6c, 0x65, 0x74, 0x74
  .byte 0x65, 0x72, 0x2d, 0x73, 0x70, 0x61, 0x63, 0x69, 0x6e, 0x67, 0x2d, 0x6e, 0x6f, 0x72, 0x6d, 0x61
  .byte 0x6c, 0x29, 0x3b, 0x0a, 0x20, 0x20, 0x2f, 0x2a, 0x20, 0x48, 0x65, 0x61, 0x64, 0x69, 0x6e, 0x67
  .byte 0x3a, 0x20, 0x6d, 0x65, 0x64, 0x69, 0x75, 0x6d, 0x20, 0x2a, 0x2f, 0x0a, 0x20, 0x20, 0x2d, 0x2d
  .byte 0x74, 0x65, 0x78, 0x74, 0x2d, 0x68, 0x65, 0x61, 0x64, 0x69, 0x6e, 0x67, 0x2d, 0x6d, 0x64, 0x3a
  .byte 0x20, 0x76, 0x61, 0x72, 0x28, 0x2d, 0x2d, 0x66, 0x6f, 0x6e, 0x74, 0x2d, 0x77, 0x65, 0x69, 0x67
  .byte 0x68, 0x74, 0x2d, 0x62, 0x6f, 0x6c, 0x64, 0x29, 0x20, 0x76, 0x61, 0x72, 0x28, 0x2d, 0x2d, 0x66
  .byte 0x6f, 0x6e, 0x74, 0x2d, 0x73, 0x69, 0x7a, 0x65, 0x2d, 0x32, 0x78, 0x6c, 0x29, 0x20, 0x2f, 0x20
  .byte 0x76, 0x61, 0x72, 0x28, 0x2d, 0x2d, 0x6c, 0x69, 0x6e, 0x65, 0x2d, 0x68, 0x65, 0x69, 0x67, 0x68
  .byte 0x74, 0x2d, 0x68, 0x65, 0x61, 0x64, 0x69, 0x6e, 0x67, 0x2d, 0x6c, 0x61, 0x72, 0x67, 0x65, 0x29
  .byte 0x0a, 0x20, 0x20, 0x20, 0x20, 0x76, 0x61, 0x72, 0x28, 0x2d, 0x2d, 0x66, 0x6f, 0x6e, 0x74, 0x2d
  .byte 0x68, 0x65, 0x61, 0x64, 0x69, 0x6e, 0x67, 0x29, 0x3b, 0x0a, 0x20, 0x20, 0x2d, 0x2d, 0x74, 0x65
  .byte 0x78, 0x74, 0x2d, 0x68, 0x65, 0x61, 0x64, 0x69, 0x6e, 0x67, 0x2d, 0x6d, 0x64, 0x2d, 0x6c, 0x65
  .byte 0x74, 0x74, 0x65, 0x72, 0x2d, 0x73, 0x70, 0x61, 0x63, 0x69, 0x6e, 0x67, 0x3a, 0x20, 0x76, 0x61
  .byte 0x72, 0x28, 0x2d, 0x2d, 0x6c, 0x65, 0x74, 0x74, 0x65, 0x72, 0x2d, 0x73, 0x70, 0x61, 0x63, 0x69
  .byte 0x6e, 0x67, 0x2d, 0x6e, 0x6f, 0x72, 0x6d, 0x61, 0x6c, 0x29, 0x3b, 0x0a, 0x20, 0x20, 0x2f, 0x2a
  .byte 0x20, 0x48, 0x65, 0x61, 0x64, 0x69, 0x6e, 0x67, 0x3a, 0x20, 0x6c, 0x61, 0x72, 0x67, 0x65, 0x20
  .byte 0x2a, 0x2f, 0x0a, 0x20, 0x20, 0x2d, 0x2d, 0x74, 0x65, 0x78, 0x74, 0x2d, 0x68, 0x65, 0x61, 0x64
  .byte 0x69, 0x6e, 0x67, 0x2d, 0x6c, 0x67, 0x3a, 0x20, 0x76, 0x61, 0x72, 0x28, 0x2d, 0x2d, 0x66, 0x6f
  .byte 0x6e, 0x74, 0x2d, 0x77, 0x65, 0x69, 0x67, 0x68, 0x74, 0x2d, 0x62, 0x6f, 0x6c, 0x64, 0x29, 0x20
  .byte 0x76, 0x61, 0x72, 0x28, 0x2d, 0x2d, 0x66, 0x6f, 0x6e, 0x74, 0x2d, 0x73, 0x69, 0x7a, 0x65, 0x2d
  .byte 0x33, 0x78, 0x6c, 0x29, 0x20, 0x2f, 0x20, 0x76, 0x61, 0x72, 0x28, 0x2d, 0x2d, 0x6c, 0x69, 0x6e
  .byte 0x65, 0x2d, 0x68, 0x65, 0x69, 0x67, 0x68, 0x74, 0x2d, 0x68, 0x65, 0x61, 0x64, 0x69, 0x6e, 0x67
  .byte 0x2d, 0x6c, 0x61, 0x72, 0x67, 0x65, 0x29, 0x0a, 0x20, 0x20, 0x20, 0x20, 0x76, 0x61, 0x72, 0x28
  .byte 0x2d, 0x2d, 0x66, 0x6f, 0x6e, 0x74, 0x2d, 0x68, 0x65, 0x61, 0x64, 0x69, 0x6e, 0x67, 0x29, 0x3b
  .byte 0x0a, 0x20, 0x20, 0x2d, 0x2d, 0x74, 0x65, 0x78, 0x74, 0x2d, 0x68, 0x65, 0x61, 0x64, 0x69, 0x6e
  .byte 0x67, 0x2d, 0x6c, 0x67, 0x2d, 0x6c, 0x65, 0x74, 0x74, 0x65, 0x72, 0x2d, 0x73, 0x70, 0x61, 0x63
  .byte 0x69, 0x6e, 0x67, 0x3a, 0x20, 0x76, 0x61, 0x72, 0x28, 0x2d, 0x2d, 0x6c, 0x65, 0x74, 0x74, 0x65
  .byte 0x72, 0x2d, 0x73, 0x70, 0x61, 0x63, 0x69, 0x6e, 0x67, 0x2d, 0x74, 0x69, 0x67, 0x68, 0x74, 0x29
  .byte 0x3b, 0x0a, 0x20, 0x20, 0x2f, 0x2a, 0x20, 0x48, 0x65, 0x61, 0x64, 0x69, 0x6e, 0x67, 0x3a, 0x20
  .byte 0x65, 0x78, 0x74, 0x72, 0x61, 0x20, 0x6c, 0x61, 0x72, 0x67, 0x65, 0x20, 0x2a, 0x2f, 0x0a, 0x20
  .byte 0x20, 0x2d, 0x2d, 0x74, 0x65, 0x78, 0x74, 0x2d, 0x68, 0x65, 0x61, 0x64, 0x69, 0x6e, 0x67, 0x2d
  .byte 0x78, 0x6c, 0x3a, 0x20, 0x76, 0x61, 0x72, 0x28, 0x2d, 0x2d, 0x66, 0x6f, 0x6e, 0x74, 0x2d, 0x77
  .byte 0x65, 0x69, 0x67, 0x68, 0x74, 0x2d, 0x68, 0x65, 0x61, 0x76, 0x79, 0x29, 0x20, 0x76, 0x61, 0x72
  .byte 0x28, 0x2d, 0x2d, 0x66, 0x6f, 0x6e, 0x74, 0x2d, 0x73, 0x69, 0x7a, 0x65, 0x2d, 0x34, 0x78, 0x6c
  .byte 0x29, 0x20, 0x2f, 0x0a, 0x20, 0x20, 0x20, 0x20, 0x76, 0x61, 0x72, 0x28, 0x2d, 0x2d, 0x6c, 0x69
  .byte 0x6e, 0x65, 0x2d, 0x68, 0x65, 0x69, 0x67, 0x68, 0x74, 0x2d, 0x68, 0x65, 0x61, 0x64, 0x69, 0x6e
  .byte 0x67, 0x2d, 0x6c, 0x61, 0x72, 0x67, 0x65, 0x29, 0x20, 0x76, 0x61, 0x72, 0x28, 0x2d, 0x2d, 0x66
  .byte 0x6f, 0x6e, 0x74, 0x2d, 0x68, 0x65, 0x61, 0x64, 0x69, 0x6e, 0x67, 0x29, 0x3b, 0x0a, 0x20, 0x20
  .byte 0x2d, 0x2d, 0x74, 0x65, 0x78, 0x74, 0x2d, 0x68, 0x65, 0x61, 0x64, 0x69, 0x6e, 0x67, 0x2d, 0x78
  .byte 0x6c, 0x2d, 0x6c, 0x65, 0x74, 0x74, 0x65, 0x72, 0x2d, 0x73, 0x70, 0x61, 0x63, 0x69, 0x6e, 0x67
  .byte 0x3a, 0x20, 0x76, 0x61, 0x72, 0x28, 0x2d, 0x2d, 0x6c, 0x65, 0x74, 0x74, 0x65, 0x72, 0x2d, 0x73
  .byte 0x70, 0x61, 0x63, 0x69, 0x6e, 0x67, 0x2d, 0x74, 0x69, 0x67, 0x68, 0x74, 0x29, 0x3b, 0x0a, 0x0a
  .byte 0x20, 0x20, 0x2f, 0x2a, 0x20, 0x43, 0x6f, 0x6d, 0x70, 0x6f, 0x75, 0x6e, 0x64, 0x20, 0x74, 0x79
  .byte 0x70, 0x6f, 0x67, 0x72, 0x61, 0x70, 0x68, 0x79, 0x3a, 0x20, 0x6c, 0x61, 0x62, 0x65, 0x6c, 0x20
  .byte 0x2a, 0x2f, 0x0a, 0x20, 0x20, 0x2f, 0x2a, 0x20, 0x4c, 0x61, 0x62, 0x65, 0x6c, 0x3a, 0x20, 0x65
  .byte 0x78, 0x74, 0x72, 0x61, 0x20, 0x73, 0x6d, 0x61, 0x6c, 0x6c, 0x20, 0x2a, 0x2f, 0x0a, 0x20, 0x20
  .byte 0x2d, 0x2d, 0x74, 0x65, 0x78, 0x74, 0x2d, 0x6c, 0x61, 0x62, 0x65, 0x6c, 0x2d, 0x78, 0x73, 0x3a
  .byte 0x20, 0x76, 0x61, 0x72, 0x28, 0x2d, 0x2d, 0x66, 0x6f, 0x6e, 0x74, 0x2d, 0x77, 0x65, 0x69, 0x67
  .byte 0x68, 0x74, 0x2d, 0x72, 0x65, 0x67, 0x75, 0x6c, 0x61, 0x72, 0x29, 0x20, 0x76, 0x61, 0x72, 0x28
  .byte 0x2d, 0x2d, 0x66, 0x6f, 0x6e, 0x74, 0x2d, 0x73, 0x69, 0x7a, 0x65, 0x2d, 0x78, 0x73, 0x29, 0x20
  .byte 0x2f, 0x20, 0x76, 0x61, 0x72, 0x28, 0x2d, 0x2d, 0x6c, 0x69, 0x6e, 0x65, 0x2d, 0x68, 0x65, 0x69
  .byte 0x67, 0x68, 0x74, 0x2d, 0x6c, 0x61, 0x62, 0x65, 0x6c, 0x29, 0x0a, 0x20, 0x20, 0x20, 0x20, 0x76
  .byte 0x61, 0x72, 0x28, 0x2d, 0x2d, 0x66, 0x6f, 0x6e, 0x74, 0x2d, 0x6c, 0x61, 0x62, 0x65, 0x6c, 0x29
  .byte 0x3b, 0x0a, 0x20, 0x20, 0x2d, 0x2d, 0x74, 0x65, 0x78, 0x74, 0x2d, 0x6c, 0x61, 0x62, 0x65, 0x6c
  .byte 0x2d, 0x78, 0x73, 0x2d, 0x6c, 0x65, 0x74, 0x74, 0x65, 0x72, 0x2d, 0x73, 0x70, 0x61, 0x63, 0x69
  .byte 0x6e, 0x67, 0x3a, 0x20, 0x76, 0x61, 0x72, 0x28, 0x2d, 0x2d, 0x6c, 0x65, 0x74, 0x74, 0x65, 0x72
  .byte 0x2d, 0x73, 0x70, 0x61, 0x63, 0x69, 0x6e, 0x67, 0x2d, 0x6e, 0x6f, 0x72, 0x6d, 0x61, 0x6c, 0x29
  .byte 0x3b, 0x0a, 0x20, 0x20, 0x2d, 0x2d, 0x74, 0x65, 0x78, 0x74, 0x2d, 0x6c, 0x61, 0x62, 0x65, 0x6c
  .byte 0x2d, 0x78, 0x73, 0x2d, 0x68, 0x65, 0x61, 0x76, 0x79, 0x3a, 0x20, 0x76, 0x61, 0x72, 0x28, 0x2d
  .byte 0x2d, 0x66, 0x6f, 0x6e, 0x74, 0x2d, 0x77, 0x65, 0x69, 0x67, 0x68, 0x74, 0x2d, 0x6d, 0x65, 0x64
  .byte 0x69, 0x75, 0x6d, 0x29, 0x20, 0x76, 0x61, 0x72, 0x28, 0x2d, 0x2d, 0x66, 0x6f, 0x6e, 0x74, 0x2d
  .byte 0x73, 0x69, 0x7a, 0x65, 0x2d, 0x78, 0x73, 0x29, 0x20, 0x2f, 0x20, 0x76, 0x61, 0x72, 0x28, 0x2d
  .byte 0x2d, 0x6c, 0x69, 0x6e, 0x65, 0x2d, 0x68, 0x65, 0x69, 0x67, 0x68, 0x74, 0x2d, 0x6c, 0x61, 0x62
  .byte 0x65, 0x6c, 0x29, 0x0a, 0x20, 0x20, 0x20, 0x20, 0x76, 0x61, 0x72, 0x28, 0x2d, 0x2d, 0x66, 0x6f
  .byte 0x6e, 0x74, 0x2d, 0x6c, 0x61, 0x62, 0x65, 0x6c, 0x29, 0x3b, 0x0a, 0x20, 0x20, 0x2d, 0x2d, 0x74
  .byte 0x65, 0x78, 0x74, 0x2d, 0x6c, 0x61, 0x62, 0x65, 0x6c, 0x2d, 0x78, 0x73, 0x2d, 0x68, 0x65, 0x61
  .byte 0x76, 0x79, 0x2d, 0x6c, 0x65, 0x74, 0x74, 0x65, 0x72, 0x2d, 0x73, 0x70, 0x61, 0x63, 0x69, 0x6e
  .byte 0x67, 0x3a, 0x20, 0x76, 0x61, 0x72, 0x28, 0x2d, 0x2d, 0x6c, 0x65, 0x74, 0x74, 0x65, 0x72, 0x2d
  .byte 0x73, 0x70, 0x61, 0x63, 0x69, 0x6e, 0x67, 0x2d, 0x6e, 0x6f, 0x72, 0x6d, 0x61, 0x6c, 0x29, 0x3b
  .byte 0x0a, 0x20, 0x20, 0x2f, 0x2a, 0x20, 0x4c, 0x61, 0x62, 0x65, 0x6c, 0x3a, 0x20, 0x73, 0x6d, 0x61
  .byte 0x6c, 0x6c, 0x20, 0x2a, 0x2f, 0x0a, 0x20, 0x20, 0x2d, 0x2d, 0x74, 0x65, 0x78, 0x74, 0x2d, 0x6c
  .byte 0x61, 0x62, 0x65, 0x6c, 0x2d, 0x73, 0x6d, 0x3a, 0x20, 0x76, 0x61, 0x72, 0x28, 0x2d, 0x2d, 0x66
  .byte 0x6f, 0x6e, 0x74, 0x2d, 0x77, 0x65, 0x69, 0x67, 0x68, 0x74, 0x2d, 0x72, 0x65, 0x67, 0x75, 0x6c
  .byte 0x61, 0x72, 0x29, 0x20, 0x76, 0x61, 0x72, 0x28, 0x2d, 0x2d, 0x66, 0x6f, 0x6e, 0x74, 0x2d, 0x73
  .byte 0x69, 0x7a, 0x65, 0x2d, 0x73, 0x6d, 0x29, 0x20, 0x2f, 0x20, 0x76, 0x61, 0x72, 0x28, 0x2d, 0x2d
  .byte 0x6c, 0x69, 0x6e, 0x65, 0x2d, 0x68, 0x65, 0x69, 0x67, 0x68, 0x74, 0x2d, 0x6c, 0x61, 0x62, 0x65
  .byte 0x6c, 0x29, 0x0a, 0x20, 0x20, 0x20, 0x20, 0x76, 0x61, 0x72, 0x28, 0x2d, 0x2d, 0x66, 0x6f, 0x6e
  .byte 0x74, 0x2d, 0x6c, 0x61, 0x62, 0x65, 0x6c, 0x29, 0x3b, 0x0a, 0x20, 0x20, 0x2d, 0x2d, 0x74, 0x65
  .byte 0x78, 0x74, 0x2d, 0x6c, 0x61, 0x62, 0x65, 0x6c, 0x2d, 0x73, 0x6d, 0x2d, 0x6c, 0x65, 0x74, 0x74
  .byte 0x65, 0x72, 0x2d, 0x73, 0x70, 0x61, 0x63, 0x69, 0x6e, 0x67, 0x3a, 0x20, 0x76, 0x61, 0x72, 0x28
  .byte 0x2d, 0x2d, 0x6c, 0x65, 0x74, 0x74, 0x65, 0x72, 0x2d, 0x73, 0x70, 0x61, 0x63, 0x69, 0x6e, 0x67
  .byte 0x2d, 0x6e, 0x6f, 0x72, 0x6d, 0x61, 0x6c, 0x29, 0x3b, 0x0a, 0x20, 0x20, 0x2d, 0x2d, 0x74, 0x65
  .byte 0x78, 0x74, 0x2d, 0x6c, 0x61, 0x62, 0x65, 0x6c, 0x2d, 0x73, 0x6d, 0x2d, 0x68, 0x65, 0x61, 0x76
  .byte 0x79, 0x3a, 0x20, 0x76, 0x61, 0x72, 0x28, 0x2d, 0x2d, 0x66, 0x6f, 0x6e, 0x74, 0x2d, 0x77, 0x65
  .byte 0x69, 0x67, 0x68, 0x74, 0x2d, 0x6d, 0x65, 0x64, 0x69, 0x75, 0x6d, 0x29, 0x20, 0x76, 0x61, 0x72
  .byte 0x28, 0x2d, 0x2d, 0x66, 0x6f, 0x6e, 0x74, 0x2d, 0x73, 0x69, 0x7a, 0x65, 0x2d, 0x73, 0x6d, 0x29
  .byte 0x20, 0x2f, 0x20, 0x76, 0x61, 0x72, 0x28, 0x2d, 0x2d, 0x6c, 0x69, 0x6e, 0x65, 0x2d, 0x68, 0x65
  .byte 0x69, 0x67, 0x68, 0x74, 0x2d, 0x6c, 0x61, 0x62, 0x65, 0x6c, 0x29, 0x0a, 0x20, 0x20, 0x20, 0x20
  .byte 0x76, 0x61, 0x72, 0x28, 0x2d, 0x2d, 0x66, 0x6f, 0x6e, 0x74, 0x2d, 0x6c, 0x61, 0x62, 0x65, 0x6c
  .byte 0x29, 0x3b, 0x0a, 0x20, 0x20, 0x2d, 0x2d, 0x74, 0x65, 0x78, 0x74, 0x2d, 0x6c, 0x61, 0x62, 0x65
  .byte 0x6c, 0x2d, 0x73, 0x6d, 0x2d, 0x68, 0x65, 0x61, 0x76, 0x79, 0x2d, 0x6c, 0x65, 0x74, 0x74, 0x65
  .byte 0x72, 0x2d, 0x73, 0x70, 0x61, 0x63, 0x69, 0x6e, 0x67, 0x3a, 0x20, 0x76, 0x61, 0x72, 0x28, 0x2d
  .byte 0x2d, 0x6c, 0x65, 0x74, 0x74, 0x65, 0x72, 0x2d, 0x73, 0x70, 0x61, 0x63, 0x69, 0x6e, 0x67, 0x2d
  .byte 0x6e, 0x6f, 0x72, 0x6d, 0x61, 0x6c, 0x29, 0x3b, 0x0a, 0x20, 0x20, 0x2f, 0x2a, 0x20, 0x4c, 0x61
  .byte 0x62, 0x65, 0x6c, 0x3a, 0x20, 0x64, 0x65, 0x66, 0x61, 0x75, 0x6c, 0x74, 0x20, 0x2a, 0x2f, 0x0a
  .byte 0x20, 0x20, 0x2d, 0x2d, 0x74, 0x65, 0x78, 0x74, 0x2d, 0x6c, 0x61, 0x62, 0x65, 0x6c, 0x2d, 0x64
  .byte 0x65, 0x66, 0x61, 0x75, 0x6c, 0x74, 0x3a, 0x20, 0x76, 0x61, 0x72, 0x28, 0x2d, 0x2d, 0x66, 0x6f
  .byte 0x6e, 0x74, 0x2d, 0x77, 0x65, 0x69, 0x67, 0x68, 0x74, 0x2d, 0x72, 0x65, 0x67, 0x75, 0x6c, 0x61
  .byte 0x72, 0x29, 0x20, 0x76, 0x61, 0x72, 0x28, 0x2d, 0x2d, 0x66, 0x6f, 0x6e, 0x74, 0x2d, 0x73, 0x69
  .byte 0x7a, 0x65, 0x2d, 0x6d, 0x64, 0x29, 0x20, 0x2f, 0x20, 0x76, 0x61, 0x72, 0x28, 0x2d, 0x2d, 0x6c
  .byte 0x69, 0x6e, 0x65, 0x2d, 0x68, 0x65, 0x69, 0x67, 0x68, 0x74, 0x2d, 0x6c, 0x61, 0x62, 0x65, 0x6c
  .byte 0x29, 0x0a, 0x20, 0x20, 0x20, 0x20, 0x76, 0x61, 0x72, 0x28, 0x2d, 0x2d, 0x66, 0x6f, 0x6e, 0x74
  .byte 0x2d, 0x6c, 0x61, 0x62, 0x65, 0x6c, 0x29, 0x3b, 0x0a, 0x20, 0x20, 0x2d, 0x2d, 0x74, 0x65, 0x78
  .byte 0x74, 0x2d, 0x6c, 0x61, 0x62, 0x65, 0x6c, 0x2d, 0x64, 0x65, 0x66, 0x61, 0x75, 0x6c, 0x74, 0x2d
  .byte 0x6c, 0x65, 0x74, 0x74, 0x65, 0x72, 0x2d, 0x73, 0x70, 0x61, 0x63, 0x69, 0x6e, 0x67, 0x3a, 0x20
  .byte 0x76, 0x61, 0x72, 0x28, 0x2d, 0x2d, 0x6c, 0x65, 0x74, 0x74, 0x65, 0x72, 0x2d, 0x73, 0x70, 0x61
  .byte 0x63, 0x69, 0x6e, 0x67, 0x2d, 0x6e, 0x6f, 0x72, 0x6d, 0x61, 0x6c, 0x29, 0x3b, 0x0a, 0x20, 0x20
  .byte 0x2d, 0x2d, 0x74, 0x65, 0x78, 0x74, 0x2d, 0x6c, 0x61, 0x62, 0x65, 0x6c, 0x2d, 0x64, 0x65, 0x66
  .byte 0x61, 0x75, 0x6c, 0x74, 0x2d, 0x68, 0x65, 0x61, 0x76, 0x79, 0x3a, 0x20, 0x76, 0x61, 0x72, 0x28
  .byte 0x2d, 0x2d, 0x66, 0x6f, 0x6e, 0x74, 0x2d, 0x77, 0x65, 0x69, 0x67, 0x68, 0x74, 0x2d, 0x6d, 0x65
  .byte 0x64, 0x69, 0x75, 0x6d, 0x29, 0x20, 0x76, 0x61, 0x72, 0x28, 0x2d, 0x2d, 0x66, 0x6f, 0x6e, 0x74
  .byte 0x2d, 0x73, 0x69, 0x7a, 0x65, 0x2d, 0x6d, 0x64, 0x29, 0x20, 0x2f, 0x0a, 0x20, 0x20, 0x20, 0x20
  .byte 0x76, 0x61, 0x72, 0x28, 0x2d, 0x2d, 0x6c, 0x69, 0x6e, 0x65, 0x2d, 0x68, 0x65, 0x69, 0x67, 0x68
  .byte 0x74, 0x2d, 0x6c, 0x61, 0x62, 0x65, 0x6c, 0x29, 0x20, 0x76, 0x61, 0x72, 0x28, 0x2d, 0x2d, 0x66
  .byte 0x6f, 0x6e, 0x74, 0x2d, 0x6c, 0x61, 0x62, 0x65, 0x6c, 0x29, 0x3b, 0x0a, 0x20, 0x20, 0x2d, 0x2d
  .byte 0x74, 0x65, 0x78, 0x74, 0x2d, 0x6c, 0x61, 0x62, 0x65, 0x6c, 0x2d, 0x64, 0x65, 0x66, 0x61, 0x75
  .byte 0x6c, 0x74, 0x2d, 0x68, 0x65, 0x61, 0x76, 0x79, 0x2d, 0x6c, 0x65, 0x74, 0x74, 0x65, 0x72, 0x2d
  .byte 0x73, 0x70, 0x61, 0x63, 0x69, 0x6e, 0x67, 0x3a, 0x20, 0x76, 0x61, 0x72, 0x28, 0x2d, 0x2d, 0x6c
  .byte 0x65, 0x74, 0x74, 0x65, 0x72, 0x2d, 0x73, 0x70, 0x61, 0x63, 0x69, 0x6e, 0x67, 0x2d, 0x6e, 0x6f
  .byte 0x72, 0x6d, 0x61, 0x6c, 0x29, 0x3b, 0x0a, 0x20, 0x20, 0x2f, 0x2a, 0x20, 0x4c, 0x61, 0x62, 0x65
  .byte 0x6c, 0x3a, 0x20, 0x6c, 0x61, 0x72, 0x67, 0x65, 0x20, 0x2a, 0x2f, 0x0a, 0x20, 0x20, 0x2d, 0x2d
  .byte 0x74, 0x65, 0x78, 0x74, 0x2d, 0x6c, 0x61, 0x62, 0x65, 0x6c, 0x2d, 0x6c, 0x67, 0x3a, 0x20, 0x76
  .byte 0x61, 0x72, 0x28, 0x2d, 0x2d, 0x66, 0x6f, 0x6e, 0x74, 0x2d, 0x77, 0x65, 0x69, 0x67, 0x68, 0x74
  .byte 0x2d, 0x72, 0x65, 0x67, 0x75, 0x6c, 0x61, 0x72, 0x29, 0x20, 0x76, 0x61, 0x72, 0x28, 0x2d, 0x2d
  .byte 0x66, 0x6f, 0x6e, 0x74, 0x2d, 0x73, 0x69, 0x7a, 0x65, 0x2d, 0x6c, 0x67, 0x29, 0x20, 0x2f, 0x20
  .byte 0x76, 0x61, 0x72, 0x28, 0x2d, 0x2d, 0x6c, 0x69, 0x6e, 0x65, 0x2d, 0x68, 0x65, 0x69, 0x67, 0x68
  .byte 0x74, 0x2d, 0x6c, 0x61, 0x62, 0x65, 0x6c, 0x29, 0x0a, 0x20, 0x20, 0x20, 0x20, 0x76, 0x61, 0x72
  .byte 0x28, 0x2d, 0x2d, 0x66, 0x6f, 0x6e, 0x74, 0x2d, 0x6c, 0x61, 0x62, 0x65, 0x6c, 0x29, 0x3b, 0x0a
  .byte 0x20, 0x20, 0x2d, 0x2d, 0x74, 0x65, 0x78, 0x74, 0x2d, 0x6c, 0x61, 0x62, 0x65, 0x6c, 0x2d, 0x6c
  .byte 0x67, 0x2d, 0x6c, 0x65, 0x74, 0x74, 0x65, 0x72, 0x2d, 0x73, 0x70, 0x61, 0x63, 0x69, 0x6e, 0x67
  .byte 0x3a, 0x20, 0x76, 0x61, 0x72, 0x28, 0x2d, 0x2d, 0x6c, 0x65, 0x74, 0x74, 0x65, 0x72, 0x2d, 0x73
  .byte 0x70, 0x61, 0x63, 0x69, 0x6e, 0x67, 0x2d, 0x6e, 0x6f, 0x72, 0x6d, 0x61, 0x6c, 0x29, 0x3b, 0x0a
  .byte 0x20, 0x20, 0x2d, 0x2d, 0x74, 0x65, 0x78, 0x74, 0x2d, 0x6c, 0x61, 0x62, 0x65, 0x6c, 0x2d, 0x6c
  .byte 0x67, 0x2d, 0x68, 0x65, 0x61, 0x76, 0x79, 0x3a, 0x20, 0x76, 0x61, 0x72, 0x28, 0x2d, 0x2d, 0x66
  .byte 0x6f, 0x6e, 0x74, 0x2d, 0x77, 0x65, 0x69, 0x67, 0x68, 0x74, 0x2d, 0x6d, 0x65, 0x64, 0x69, 0x75
  .byte 0x6d, 0x29, 0x20, 0x76, 0x61, 0x72, 0x28, 0x2d, 0x2d, 0x66, 0x6f, 0x6e, 0x74, 0x2d, 0x73, 0x69
  .byte 0x7a, 0x65, 0x2d, 0x6c, 0x67, 0x29, 0x20, 0x2f, 0x20, 0x76, 0x61, 0x72, 0x28, 0x2d, 0x2d, 0x6c
  .byte 0x69, 0x6e, 0x65, 0x2d, 0x68, 0x65, 0x69, 0x67, 0x68, 0x74, 0x2d, 0x6c, 0x61, 0x62, 0x65, 0x6c
  .byte 0x29, 0x0a, 0x20, 0x20, 0x20, 0x20, 0x76, 0x61, 0x72, 0x28, 0x2d, 0x2d, 0x66, 0x6f, 0x6e, 0x74
  .byte 0x2d, 0x6c, 0x61, 0x62, 0x65, 0x6c, 0x29, 0x3b, 0x0a, 0x20, 0x20, 0x2d, 0x2d, 0x74, 0x65, 0x78
  .byte 0x74, 0x2d, 0x6c, 0x61, 0x62, 0x65, 0x6c, 0x2d, 0x6c, 0x67, 0x2d, 0x68, 0x65, 0x61, 0x76, 0x79
  .byte 0x2d, 0x6c, 0x65, 0x74, 0x74, 0x65, 0x72, 0x2d, 0x73, 0x70, 0x61, 0x63, 0x69, 0x6e, 0x67, 0x3a
  .byte 0x20, 0x76, 0x61, 0x72, 0x28, 0x2d, 0x2d, 0x6c, 0x65, 0x74, 0x74, 0x65, 0x72, 0x2d, 0x73, 0x70
  .byte 0x61, 0x63, 0x69, 0x6e, 0x67, 0x2d, 0x6e, 0x6f, 0x72, 0x6d, 0x61, 0x6c, 0x29, 0x3b, 0x0a, 0x0a
  .byte 0x20, 0x20, 0x2f, 0x2a, 0x20, 0x43, 0x6f, 0x6d, 0x70, 0x6f, 0x75, 0x6e, 0x64, 0x20, 0x74, 0x79
  .byte 0x70, 0x6f, 0x67, 0x72, 0x61, 0x70, 0x68, 0x79, 0x3a, 0x20, 0x6e, 0x75, 0x6d, 0x62, 0x65, 0x72
  .byte 0x73, 0x20, 0x2a, 0x2f, 0x0a, 0x20, 0x20, 0x2f, 0x2a, 0x20, 0x4e, 0x75, 0x6d, 0x62, 0x65, 0x72
  .byte 0x20, 0x76, 0x61, 0x72, 0x69, 0x61, 0x62, 0x6c, 0x65, 0x73, 0x3a, 0x0a, 0x20, 0x20, 0x20, 0x20
  .byte 0x20, 0x2d, 0x2d, 0x74, 0x65, 0x78, 0x74, 0x2d, 0x6e, 0x75, 0x6d, 0x62, 0x65, 0x72, 0x73, 0x2d
  .byte 0x78, 0x73, 0x2c, 0x20, 0x2d, 0x2d, 0x74, 0x65, 0x78, 0x74, 0x2d, 0x6e, 0x75, 0x6d, 0x62, 0x65
  .byte 0x72, 0x73, 0x2d, 0x78, 0x73, 0x2d, 0x68, 0x65, 0x61, 0x76, 0x79, 0x0a, 0x20, 0x20, 0x20, 0x20
  .byte 0x20, 0x2d, 0x2d, 0x74, 0x65, 0x78, 0x74, 0x2d, 0x6e, 0x75, 0x6d, 0x62, 0x65, 0x72, 0x73, 0x2d
  .byte 0x73, 0x6d, 0x2c, 0x20, 0x2d, 0x2d, 0x74, 0x65, 0x78, 0x74, 0x2d, 0x6e, 0x75, 0x6d, 0x62, 0x65
  .byte 0x72, 0x73, 0x2d, 0x73, 0x6d, 0x2d, 0x68, 0x65, 0x61, 0x76, 0x79, 0x0a, 0x20, 0x20, 0x20, 0x20
  .byte 0x20, 0x2d, 0x2d, 0x74, 0x65, 0x78, 0x74, 0x2d, 0x6e, 0x75, 0x6d, 0x62, 0x65, 0x72, 0x73, 0x2d
  .byte 0x64, 0x65, 0x66, 0x61, 0x75, 0x6c, 0x74, 0x2c, 0x20, 0x2d, 0x2d, 0x74, 0x65, 0x78, 0x74, 0x2d
  .byte 0x6e, 0x75, 0x6d, 0x62, 0x65, 0x72, 0x73, 0x2d, 0x64, 0x65, 0x66, 0x61, 0x75, 0x6c, 0x74, 0x2d
  .byte 0x68, 0x65, 0x61, 0x76, 0x79, 0x0a, 0x20, 0x20, 0x20, 0x20, 0x20, 0x2d, 0x2d, 0x74, 0x65, 0x78
  .byte 0x74, 0x2d, 0x6e, 0x75, 0x6d, 0x62, 0x65, 0x72, 0x73, 0x2d, 0x6c, 0x67, 0x2c, 0x20, 0x2d, 0x2d
  .byte 0x74, 0x65, 0x78, 0x74, 0x2d, 0x6e, 0x75, 0x6d, 0x62, 0x65, 0x72, 0x73, 0x2d, 0x6c, 0x67, 0x2d
  .byte 0x68, 0x65, 0x61, 0x76, 0x79, 0x20, 0x2a, 0x2f, 0x0a, 0x20, 0x20, 0x2f, 0x2a, 0x20, 0x4e, 0x75
  .byte 0x6d, 0x62, 0x65, 0x72, 0x73, 0x3a, 0x20, 0x65, 0x78, 0x74, 0x72, 0x61, 0x20, 0x73, 0x6d, 0x61
  .byte 0x6c, 0x6c, 0x20, 0x2a, 0x2f, 0x0a, 0x20, 0x20, 0x2d, 0x2d, 0x74, 0x65, 0x78, 0x74, 0x2d, 0x6e
  .byte 0x75, 0x6d, 0x62, 0x65, 0x72, 0x73, 0x2d, 0x78, 0x73, 0x3a, 0x20, 0x76, 0x61, 0x72, 0x28, 0x2d
  .byte 0x2d, 0x66, 0x6f, 0x6e, 0x74, 0x2d, 0x77, 0x65, 0x69, 0x67, 0x68, 0x74, 0x2d, 0x72, 0x65, 0x67
  .byte 0x75, 0x6c, 0x61, 0x72, 0x29, 0x20, 0x76, 0x61, 0x72, 0x28, 0x2d, 0x2d, 0x66, 0x6f, 0x6e, 0x74
  .byte 0x2d, 0x73, 0x69, 0x7a, 0x65, 0x2d, 0x78, 0x73, 0x29, 0x20, 0x2f, 0x20, 0x76, 0x61, 0x72, 0x28
  .byte 0x2d, 0x2d, 0x6c, 0x69, 0x6e, 0x65, 0x2d, 0x68, 0x65, 0x69, 0x67, 0x68, 0x74, 0x2d, 0x62, 0x6f
  .byte 0x64, 0x79, 0x29, 0x0a, 0x20, 0x20, 0x20, 0x20, 0x76, 0x61, 0x72, 0x28, 0x2d, 0x2d, 0x66, 0x6f
  .byte 0x6e, 0x74, 0x2d, 0x6e, 0x75, 0x6d, 0x62, 0x65, 0x72, 0x73, 0x29, 0x3b, 0x0a, 0x20, 0x20, 0x2d
  .byte 0x2d, 0x74, 0x65, 0x78, 0x74, 0x2d, 0x6e, 0x75, 0x6d, 0x62, 0x65, 0x72, 0x73, 0x2d, 0x78, 0x73
  .byte 0x2d, 0x6c, 0x65, 0x74, 0x74, 0x65, 0x72, 0x2d, 0x73, 0x70, 0x61, 0x63, 0x69, 0x6e, 0x67, 0x3a
  .byte 0x20, 0x76, 0x61, 0x72, 0x28, 0x2d, 0x2d, 0x6c, 0x65, 0x74, 0x74, 0x65, 0x72, 0x2d, 0x73, 0x70
  .byte 0x61, 0x63, 0x69, 0x6e, 0x67, 0x2d, 0x6e, 0x6f, 0x72, 0x6d, 0x61, 0x6c, 0x29, 0x3b, 0x0a, 0x20
  .byte 0x20, 0x2d, 0x2d, 0x74, 0x65, 0x78, 0x74, 0x2d, 0x6e, 0x75, 0x6d, 0x62, 0x65, 0x72, 0x73, 0x2d
  .byte 0x78, 0x73, 0x2d, 0x68, 0x65, 0x61, 0x76, 0x79, 0x3a, 0x20, 0x76, 0x61, 0x72, 0x28, 0x2d, 0x2d
  .byte 0x66, 0x6f, 0x6e, 0x74, 0x2d, 0x77, 0x65, 0x69, 0x67, 0x68, 0x74, 0x2d, 0x6d, 0x65, 0x64, 0x69
  .byte 0x75, 0x6d, 0x29, 0x20, 0x76, 0x61, 0x72, 0x28, 0x2d, 0x2d, 0x66, 0x6f, 0x6e, 0x74, 0x2d, 0x73
  .byte 0x69, 0x7a, 0x65, 0x2d, 0x78, 0x73, 0x29, 0x20, 0x2f, 0x20, 0x76, 0x61, 0x72, 0x28, 0x2d, 0x2d
  .byte 0x6c, 0x69, 0x6e, 0x65, 0x2d, 0x68, 0x65, 0x69, 0x67, 0x68, 0x74, 0x2d, 0x62, 0x6f, 0x64, 0x79
  .byte 0x29, 0x0a, 0x20, 0x20, 0x20, 0x20, 0x76, 0x61, 0x72, 0x28, 0x2d, 0x2d, 0x66, 0x6f, 0x6e, 0x74
  .byte 0x2d, 0x6e, 0x75, 0x6d, 0x62, 0x65, 0x72, 0x73, 0x29, 0x3b, 0x0a, 0x20, 0x20, 0x2d, 0x2d, 0x74
  .byte 0x65, 0x78, 0x74, 0x2d, 0x6e, 0x75, 0x6d, 0x62, 0x65, 0x72, 0x73, 0x2d, 0x78, 0x73, 0x2d, 0x68
  .byte 0x65, 0x61, 0x76, 0x79, 0x2d, 0x6c, 0x65, 0x74, 0x74, 0x65, 0x72, 0x2d, 0x73, 0x70, 0x61, 0x63
  .byte 0x69, 0x6e, 0x67, 0x3a, 0x20, 0x76, 0x61, 0x72, 0x28, 0x2d, 0x2d, 0x6c, 0x65, 0x74, 0x74, 0x65
  .byte 0x72, 0x2d, 0x73, 0x70, 0x61, 0x63, 0x69, 0x6e, 0x67, 0x2d, 0x6e, 0x6f, 0x72, 0x6d, 0x61, 0x6c
  .byte 0x29, 0x3b, 0x0a, 0x20, 0x20, 0x2f, 0x2a, 0x20, 0x4e, 0x75, 0x6d, 0x62, 0x65, 0x72, 0x73, 0x3a
  .byte 0x20, 0x73, 0x6d, 0x61, 0x6c, 0x6c, 0x20, 0x2a, 0x2f, 0x0a, 0x20, 0x20, 0x2d, 0x2d, 0x74, 0x65
  .byte 0x78, 0x74, 0x2d, 0x6e, 0x75, 0x6d, 0x62, 0x65, 0x72, 0x73, 0x2d, 0x73, 0x6d, 0x3a, 0x20, 0x76
  .byte 0x61, 0x72, 0x28, 0x2d, 0x2d, 0x66, 0x6f, 0x6e, 0x74, 0x2d, 0x77, 0x65, 0x69, 0x67, 0x68, 0x74
  .byte 0x2d, 0x72, 0x65, 0x67, 0x75, 0x6c, 0x61, 0x72, 0x29, 0x20, 0x76, 0x61, 0x72, 0x28, 0x2d, 0x2d
  .byte 0x66, 0x6f, 0x6e, 0x74, 0x2d, 0x73, 0x69, 0x7a, 0x65, 0x2d, 0x73, 0x6d, 0x29, 0x20, 0x2f, 0x20
  .byte 0x76, 0x61, 0x72, 0x28, 0x2d, 0x2d, 0x6c, 0x69, 0x6e, 0x65, 0x2d, 0x68, 0x65, 0x69, 0x67, 0x68
  .byte 0x74, 0x2d, 0x62, 0x6f, 0x64, 0x79, 0x29, 0x0a, 0x20, 0x20, 0x20, 0x20, 0x76, 0x61, 0x72, 0x28
  .byte 0x2d, 0x2d, 0x66, 0x6f, 0x6e, 0x74, 0x2d, 0x6e, 0x75, 0x6d, 0x62, 0x65, 0x72, 0x73, 0x29, 0x3b
  .byte 0x0a, 0x20, 0x20, 0x2d, 0x2d, 0x74, 0x65, 0x78, 0x74, 0x2d, 0x6e, 0x75, 0x6d, 0x62, 0x65, 0x72
  .byte 0x73, 0x2d, 0x73, 0x6d, 0x2d, 0x6c, 0x65, 0x74, 0x74, 0x65, 0x72, 0x2d, 0x73, 0x70, 0x61, 0x63
  .byte 0x69, 0x6e, 0x67, 0x3a, 0x20, 0x76, 0x61, 0x72, 0x28, 0x2d, 0x2d, 0x6c, 0x65, 0x74, 0x74, 0x65
  .byte 0x72, 0x2d, 0x73, 0x70, 0x61, 0x63, 0x69, 0x6e, 0x67, 0x2d, 0x6e, 0x6f, 0x72, 0x6d, 0x61, 0x6c
  .byte 0x29, 0x3b, 0x0a, 0x20, 0x20, 0x2d, 0x2d, 0x74, 0x65, 0x78, 0x74, 0x2d, 0x6e, 0x75, 0x6d, 0x62
  .byte 0x65, 0x72, 0x73, 0x2d, 0x73, 0x6d, 0x2d, 0x68, 0x65, 0x61, 0x76, 0x79, 0x3a, 0x20, 0x76, 0x61
  .byte 0x72, 0x28, 0x2d, 0x2d, 0x66, 0x6f, 0x6e, 0x74, 0x2d, 0x77, 0x65, 0x69, 0x67, 0x68, 0x74, 0x2d
  .byte 0x6d, 0x65, 0x64, 0x69, 0x75, 0x6d, 0x29, 0x20, 0x76, 0x61, 0x72, 0x28, 0x2d, 0x2d, 0x66, 0x6f
  .byte 0x6e, 0x74, 0x2d, 0x73, 0x69, 0x7a, 0x65, 0x2d, 0x73, 0x6d, 0x29, 0x20, 0x2f, 0x20, 0x76, 0x61
  .byte 0x72, 0x28, 0x2d, 0x2d, 0x6c, 0x69, 0x6e, 0x65, 0x2d, 0x68, 0x65, 0x69, 0x67, 0x68, 0x74, 0x2d
  .byte 0x62, 0x6f, 0x64, 0x79, 0x29, 0x0a, 0x20, 0x20, 0x20, 0x20, 0x76, 0x61, 0x72, 0x28, 0x2d, 0x2d
  .byte 0x66, 0x6f, 0x6e, 0x74, 0x2d, 0x6e, 0x75, 0x6d, 0x62, 0x65, 0x72, 0x73, 0x29, 0x3b, 0x0a, 0x20
  .byte 0x20, 0x2d, 0x2d, 0x74, 0x65, 0x78, 0x74, 0x2d, 0x6e, 0x75, 0x6d, 0x62, 0x65, 0x72, 0x73, 0x2d
  .byte 0x73, 0x6d, 0x2d, 0x68, 0x65, 0x61, 0x76, 0x79, 0x2d, 0x6c, 0x65, 0x74, 0x74, 0x65, 0x72, 0x2d
  .byte 0x73, 0x70, 0x61, 0x63, 0x69, 0x6e, 0x67, 0x3a, 0x20, 0x76, 0x61, 0x72, 0x28, 0x2d, 0x2d, 0x6c
  .byte 0x65, 0x74, 0x74, 0x65, 0x72, 0x2d, 0x73, 0x70, 0x61, 0x63, 0x69, 0x6e, 0x67, 0x2d, 0x6e, 0x6f
  .byte 0x72, 0x6d, 0x61, 0x6c, 0x29, 0x3b, 0x0a, 0x20, 0x20, 0x2f, 0x2a, 0x20, 0x4e, 0x75, 0x6d, 0x62
  .byte 0x65, 0x72, 0x73, 0x3a, 0x20, 0x64, 0x65, 0x66, 0x61, 0x75, 0x6c, 0x74, 0x20, 0x2a, 0x2f, 0x0a
  .byte 0x20, 0x20, 0x2d, 0x2d, 0x74, 0x65, 0x78, 0x74, 0x2d, 0x6e, 0x75, 0x6d, 0x62, 0x65, 0x72, 0x73
  .byte 0x2d, 0x64, 0x65, 0x66, 0x61, 0x75, 0x6c, 0x74, 0x3a, 0x20, 0x76, 0x61, 0x72, 0x28, 0x2d, 0x2d
  .byte 0x66, 0x6f, 0x6e, 0x74, 0x2d, 0x77, 0x65, 0x69, 0x67, 0x68, 0x74, 0x2d, 0x72, 0x65, 0x67, 0x75
  .byte 0x6c, 0x61, 0x72, 0x29, 0x20, 0x76, 0x61, 0x72, 0x28, 0x2d, 0x2d, 0x66, 0x6f, 0x6e, 0x74, 0x2d
  .byte 0x73, 0x69, 0x7a, 0x65, 0x2d, 0x6d, 0x64, 0x29, 0x20, 0x2f, 0x20, 0x76, 0x61, 0x72, 0x28, 0x2d
  .byte 0x2d, 0x6c, 0x69, 0x6e, 0x65, 0x2d, 0x68, 0x65, 0x69, 0x67, 0x68, 0x74, 0x2d, 0x62, 0x6f, 0x64
  .byte 0x79, 0x29, 0x0a, 0x20, 0x20, 0x20, 0x20, 0x76, 0x61, 0x72, 0x28, 0x2d, 0x2d, 0x66, 0x6f, 0x6e
  .byte 0x74, 0x2d, 0x6e, 0x75, 0x6d, 0x62, 0x65, 0x72, 0x73, 0x29, 0x3b, 0x0a, 0x20, 0x20, 0x2d, 0x2d
  .byte 0x74, 0x65, 0x78, 0x74, 0x2d, 0x6e, 0x75, 0x6d, 0x62, 0x65, 0x72, 0x73, 0x2d, 0x64, 0x65, 0x66
  .byte 0x61, 0x75, 0x6c, 0x74, 0x2d, 0x6c, 0x65, 0x74, 0x74, 0x65, 0x72, 0x2d, 0x73, 0x70, 0x61, 0x63
  .byte 0x69, 0x6e, 0x67, 0x3a, 0x20, 0x76, 0x61, 0x72, 0x28, 0x2d, 0x2d, 0x6c, 0x65, 0x74, 0x74, 0x65
  .byte 0x72, 0x2d, 0x73, 0x70, 0x61, 0x63, 0x69, 0x6e, 0x67, 0x2d, 0x6e, 0x6f, 0x72, 0x6d, 0x61, 0x6c
  .byte 0x29, 0x3b, 0x0a, 0x20, 0x20, 0x2d, 0x2d, 0x74, 0x65, 0x78, 0x74, 0x2d, 0x6e, 0x75, 0x6d, 0x62
  .byte 0x65, 0x72, 0x73, 0x2d, 0x64, 0x65, 0x66, 0x61, 0x75, 0x6c, 0x74, 0x2d, 0x68, 0x65, 0x61, 0x76
  .byte 0x79, 0x3a, 0x20, 0x76, 0x61, 0x72, 0x28, 0x2d, 0x2d, 0x66, 0x6f, 0x6e, 0x74, 0x2d, 0x77, 0x65
  .byte 0x69, 0x67, 0x68, 0x74, 0x2d, 0x6d, 0x65, 0x64, 0x69, 0x75, 0x6d, 0x29, 0x20, 0x76, 0x61, 0x72
  .byte 0x28, 0x2d, 0x2d, 0x66, 0x6f, 0x6e, 0x74, 0x2d, 0x73, 0x69, 0x7a, 0x65, 0x2d, 0x6d, 0x64, 0x29
  .byte 0x20, 0x2f, 0x0a, 0x20, 0x20, 0x20, 0x20, 0x76, 0x61, 0x72, 0x28, 0x2d, 0x2d, 0x6c, 0x69, 0x6e
  .byte 0x65, 0x2d, 0x68, 0x65, 0x69, 0x67, 0x68, 0x74, 0x2d, 0x62, 0x6f, 0x64, 0x79, 0x29, 0x20, 0x76
  .byte 0x61, 0x72, 0x28, 0x2d, 0x2d, 0x66, 0x6f, 0x6e, 0x74, 0x2d, 0x6e, 0x75, 0x6d, 0x62, 0x65, 0x72
  .byte 0x73, 0x29, 0x3b, 0x0a, 0x20, 0x20, 0x2d, 0x2d, 0x74, 0x65, 0x78, 0x74, 0x2d, 0x6e, 0x75, 0x6d
  .byte 0x62, 0x65, 0x72, 0x73, 0x2d, 0x64, 0x65, 0x66, 0x61, 0x75, 0x6c, 0x74, 0x2d, 0x68, 0x65, 0x61
  .byte 0x76, 0x79, 0x2d, 0x6c, 0x65, 0x74, 0x74, 0x65, 0x72, 0x2d, 0x73, 0x70, 0x61, 0x63, 0x69, 0x6e
  .byte 0x67, 0x3a, 0x20, 0x76, 0x61, 0x72, 0x28, 0x2d, 0x2d, 0x6c, 0x65, 0x74, 0x74, 0x65, 0x72, 0x2d
  .byte 0x73, 0x70, 0x61, 0x63, 0x69, 0x6e, 0x67, 0x2d, 0x6e, 0x6f, 0x72, 0x6d, 0x61, 0x6c, 0x29, 0x3b
  .byte 0x0a, 0x20, 0x20, 0x2f, 0x2a, 0x20, 0x4e, 0x75, 0x6d, 0x62, 0x65, 0x72, 0x73, 0x3a, 0x20, 0x6c
  .byte 0x61, 0x72, 0x67, 0x65, 0x20, 0x2a, 0x2f, 0x0a, 0x20, 0x20, 0x2d, 0x2d, 0x74, 0x65, 0x78, 0x74
  .byte 0x2d, 0x6e, 0x75, 0x6d, 0x62, 0x65, 0x72, 0x73, 0x2d, 0x6c, 0x67, 0x3a, 0x20, 0x76, 0x61, 0x72
  .byte 0x28, 0x2d, 0x2d, 0x66, 0x6f, 0x6e, 0x74, 0x2d, 0x77, 0x65, 0x69, 0x67, 0x68, 0x74, 0x2d, 0x72
  .byte 0x65, 0x67, 0x75, 0x6c, 0x61, 0x72, 0x29, 0x20, 0x76, 0x61, 0x72, 0x28, 0x2d, 0x2d, 0x66, 0x6f
  .byte 0x6e, 0x74, 0x2d, 0x73, 0x69, 0x7a, 0x65, 0x2d, 0x6c, 0x67, 0x29, 0x20, 0x2f, 0x20, 0x76, 0x61
  .byte 0x72, 0x28, 0x2d, 0x2d, 0x6c, 0x69, 0x6e, 0x65, 0x2d, 0x68, 0x65, 0x69, 0x67, 0x68, 0x74, 0x2d
  .byte 0x62, 0x6f, 0x64, 0x79, 0x29, 0x0a, 0x20, 0x20, 0x20, 0x20, 0x76, 0x61, 0x72, 0x28, 0x2d, 0x2d
  .byte 0x66, 0x6f, 0x6e, 0x74, 0x2d, 0x6e, 0x75, 0x6d, 0x62, 0x65, 0x72, 0x73, 0x29, 0x3b, 0x0a, 0x20
  .byte 0x20, 0x2d, 0x2d, 0x74, 0x65, 0x78, 0x74, 0x2d, 0x6e, 0x75, 0x6d, 0x62, 0x65, 0x72, 0x73, 0x2d
  .byte 0x6c, 0x67, 0x2d, 0x6c, 0x65, 0x74, 0x74, 0x65, 0x72, 0x2d, 0x73, 0x70, 0x61, 0x63, 0x69, 0x6e
  .byte 0x67, 0x3a, 0x20, 0x76, 0x61, 0x72, 0x28, 0x2d, 0x2d, 0x6c, 0x65, 0x74, 0x74, 0x65, 0x72, 0x2d
  .byte 0x73, 0x70, 0x61, 0x63, 0x69, 0x6e, 0x67, 0x2d, 0x6e, 0x6f, 0x72, 0x6d, 0x61, 0x6c, 0x29, 0x3b
  .byte 0x0a, 0x20, 0x20, 0x2d, 0x2d, 0x74, 0x65, 0x78, 0x74, 0x2d, 0x6e, 0x75, 0x6d, 0x62, 0x65, 0x72
  .byte 0x73, 0x2d, 0x6c, 0x67, 0x2d, 0x68, 0x65, 0x61, 0x76, 0x79, 0x3a, 0x20, 0x76, 0x61, 0x72, 0x28
  .byte 0x2d, 0x2d, 0x66, 0x6f, 0x6e, 0x74, 0x2d, 0x77, 0x65, 0x69, 0x67, 0x68, 0x74, 0x2d, 0x6d, 0x65
  .byte 0x64, 0x69, 0x75, 0x6d, 0x29, 0x20, 0x76, 0x61, 0x72, 0x28, 0x2d, 0x2d, 0x66, 0x6f, 0x6e, 0x74
  .byte 0x2d, 0x73, 0x69, 0x7a, 0x65, 0x2d, 0x6c, 0x67, 0x29, 0x20, 0x2f, 0x20, 0x76, 0x61, 0x72, 0x28
  .byte 0x2d, 0x2d, 0x6c, 0x69, 0x6e, 0x65, 0x2d, 0x68, 0x65, 0x69, 0x67, 0x68, 0x74, 0x2d, 0x62, 0x6f
  .byte 0x64, 0x79, 0x29, 0x0a, 0x20, 0x20, 0x20, 0x20, 0x76, 0x61, 0x72, 0x28, 0x2d, 0x2d, 0x66, 0x6f
  .byte 0x6e, 0x74, 0x2d, 0x6e, 0x75, 0x6d, 0x62, 0x65, 0x72, 0x73, 0x29, 0x3b, 0x0a, 0x20, 0x20, 0x2d
  .byte 0x2d, 0x74, 0x65, 0x78, 0x74, 0x2d, 0x6e, 0x75, 0x6d, 0x62, 0x65, 0x72, 0x73, 0x2d, 0x6c, 0x67
  .byte 0x2d, 0x68, 0x65, 0x61, 0x76, 0x79, 0x2d, 0x6c, 0x65, 0x74, 0x74, 0x65, 0x72, 0x2d, 0x73, 0x70
  .byte 0x61, 0x63, 0x69, 0x6e, 0x67, 0x3a, 0x20, 0x76, 0x61, 0x72, 0x28, 0x2d, 0x2d, 0x6c, 0x65, 0x74
  .byte 0x74, 0x65, 0x72, 0x2d, 0x73, 0x70, 0x61, 0x63, 0x69, 0x6e, 0x67, 0x2d, 0x6e, 0x6f, 0x72, 0x6d
  .byte 0x61, 0x6c, 0x29, 0x3b, 0x0a, 0x0a, 0x20, 0x20, 0x2f, 0x2a, 0x20, 0x43, 0x6f, 0x6d, 0x70, 0x6f
  .byte 0x75, 0x6e, 0x64, 0x20, 0x74, 0x79, 0x70, 0x6f, 0x67, 0x72, 0x61, 0x70, 0x68, 0x79, 0x3a, 0x20
  .byte 0x63, 0x6f, 0x64, 0x65, 0x20, 0x2a, 0x2f, 0x0a, 0x20, 0x20, 0x2f, 0x2a, 0x20, 0x43, 0x6f, 0x64
  .byte 0x65, 0x3a, 0x20, 0x73, 0x6d, 0x61, 0x6c, 0x6c, 0x20, 0x2a, 0x2f, 0x0a, 0x20, 0x20, 0x2d, 0x2d
  .byte 0x74, 0x65, 0x78, 0x74, 0x2d, 0x63, 0x6f, 0x64, 0x65, 0x2d, 0x73, 0x6d, 0x3a, 0x20, 0x76, 0x61
  .byte 0x72, 0x28, 0x2d, 0x2d, 0x66, 0x6f, 0x6e, 0x74, 0x2d, 0x77, 0x65, 0x69, 0x67, 0x68, 0x74, 0x2d
  .byte 0x72, 0x65, 0x67, 0x75, 0x6c, 0x61, 0x72, 0x29, 0x20, 0x76, 0x61, 0x72, 0x28, 0x2d, 0x2d, 0x66
  .byte 0x6f, 0x6e, 0x74, 0x2d, 0x73, 0x69, 0x7a, 0x65, 0x2d, 0x78, 0x73, 0x29, 0x20, 0x2f, 0x20, 0x76
  .byte 0x61, 0x72, 0x28, 0x2d, 0x2d, 0x6c, 0x69, 0x6e, 0x65, 0x2d, 0x68, 0x65, 0x69, 0x67, 0x68, 0x74
  .byte 0x2d, 0x63, 0x6f, 0x64, 0x65, 0x29, 0x0a, 0x20, 0x20, 0x20, 0x20, 0x76, 0x61, 0x72, 0x28, 0x2d
  .byte 0x2d, 0x66, 0x6f, 0x6e, 0x74, 0x2d, 0x63, 0x6f, 0x64, 0x65, 0x29, 0x3b, 0x0a, 0x20, 0x20, 0x2d
  .byte 0x2d, 0x74, 0x65, 0x78, 0x74, 0x2d, 0x63, 0x6f, 0x64, 0x65, 0x2d, 0x73, 0x6d, 0x2d, 0x6c, 0x65
  .byte 0x74, 0x74, 0x65, 0x72, 0x2d, 0x73, 0x70, 0x61, 0x63, 0x69, 0x6e, 0x67, 0x3a, 0x20, 0x76, 0x61
  .byte 0x72, 0x28, 0x2d, 0x2d, 0x6c, 0x65, 0x74, 0x74, 0x65, 0x72, 0x2d, 0x73, 0x70, 0x61, 0x63, 0x69
  .byte 0x6e, 0x67, 0x2d, 0x6e, 0x6f, 0x72, 0x6d, 0x61, 0x6c, 0x29, 0x3b, 0x0a, 0x20, 0x20, 0x2d, 0x2d
  .byte 0x74, 0x65, 0x78, 0x74, 0x2d, 0x63, 0x6f, 0x64, 0x65, 0x2d, 0x73, 0x6d, 0x2d, 0x68, 0x65, 0x61
  .byte 0x76, 0x79, 0x3a, 0x20, 0x76, 0x61, 0x72, 0x28, 0x2d, 0x2d, 0x66, 0x6f, 0x6e, 0x74, 0x2d, 0x77
  .byte 0x65, 0x69, 0x67, 0x68, 0x74, 0x2d, 0x68, 0x65, 0x61, 0x76, 0x79, 0x29, 0x20, 0x76, 0x61, 0x72
  .byte 0x28, 0x2d, 0x2d, 0x66, 0x6f, 0x6e, 0x74, 0x2d, 0x73, 0x69, 0x7a, 0x65, 0x2d, 0x78, 0x73, 0x29
  .byte 0x20, 0x2f, 0x20, 0x76, 0x61, 0x72, 0x28, 0x2d, 0x2d, 0x6c, 0x69, 0x6e, 0x65, 0x2d, 0x68, 0x65
  .byte 0x69, 0x67, 0x68, 0x74, 0x2d, 0x63, 0x6f, 0x64, 0x65, 0x29, 0x0a, 0x20, 0x20, 0x20, 0x20, 0x76
  .byte 0x61, 0x72, 0x28, 0x2d, 0x2d, 0x66, 0x6f, 0x6e, 0x74, 0x2d, 0x63, 0x6f, 0x64, 0x65, 0x29, 0x3b
  .byte 0x0a, 0x20, 0x20, 0x2d, 0x2d, 0x74, 0x65, 0x78, 0x74, 0x2d, 0x63, 0x6f, 0x64, 0x65, 0x2d, 0x73
  .byte 0x6d, 0x2d, 0x68, 0x65, 0x61, 0x76, 0x79, 0x2d, 0x6c, 0x65, 0x74, 0x74, 0x65, 0x72, 0x2d, 0x73
  .byte 0x70, 0x61, 0x63, 0x69, 0x6e, 0x67, 0x3a, 0x20, 0x76, 0x61, 0x72, 0x28, 0x2d, 0x2d, 0x6c, 0x65
  .byte 0x74, 0x74, 0x65, 0x72, 0x2d, 0x73, 0x70, 0x61, 0x63, 0x69, 0x6e, 0x67, 0x2d, 0x6e, 0x6f, 0x72
  .byte 0x6d, 0x61, 0x6c, 0x29, 0x3b, 0x0a, 0x20, 0x20, 0x2f, 0x2a, 0x20, 0x43, 0x6f, 0x64, 0x65, 0x3a
  .byte 0x20, 0x64, 0x65, 0x66, 0x61, 0x75, 0x6c, 0x74, 0x20, 0x2a, 0x2f, 0x0a, 0x20, 0x20, 0x2d, 0x2d
  .byte 0x74, 0x65, 0x78, 0x74, 0x2d, 0x63, 0x6f, 0x64, 0x65, 0x2d, 0x64, 0x65, 0x66, 0x61, 0x75, 0x6c
  .byte 0x74, 0x3a, 0x20, 0x76, 0x61, 0x72, 0x28, 0x2d, 0x2d, 0x66, 0x6f, 0x6e, 0x74, 0x2d, 0x77, 0x65
  .byte 0x69, 0x67, 0x68, 0x74, 0x2d, 0x72, 0x65, 0x67, 0x75, 0x6c, 0x61, 0x72, 0x29, 0x20, 0x76, 0x61
  .byte 0x72, 0x28, 0x2d, 0x2d, 0x66, 0x6f, 0x6e, 0x74, 0x2d, 0x73, 0x69, 0x7a, 0x65, 0x2d, 0x73, 0x6d
  .byte 0x29, 0x20, 0x2f, 0x20, 0x76, 0x61, 0x72, 0x28, 0x2d, 0x2d, 0x6c, 0x69, 0x6e, 0x65, 0x2d, 0x68
  .byte 0x65, 0x69, 0x67, 0x68, 0x74, 0x2d, 0x63, 0x6f, 0x64, 0x65, 0x29, 0x0a, 0x20, 0x20, 0x20, 0x20
  .byte 0x76, 0x61, 0x72, 0x28, 0x2d, 0x2d, 0x66, 0x6f, 0x6e, 0x74, 0x2d, 0x63, 0x6f, 0x64, 0x65, 0x29
  .byte 0x3b, 0x0a, 0x20, 0x20, 0x2d, 0x2d, 0x74, 0x65, 0x78, 0x74, 0x2d, 0x63, 0x6f, 0x64, 0x65, 0x2d
  .byte 0x64, 0x65, 0x66, 0x61, 0x75, 0x6c, 0x74, 0x2d, 0x6c, 0x65, 0x74, 0x74, 0x65, 0x72, 0x2d, 0x73
  .byte 0x70, 0x61, 0x63, 0x69, 0x6e, 0x67, 0x3a, 0x20, 0x76, 0x61, 0x72, 0x28, 0x2d, 0x2d, 0x6c, 0x65
  .byte 0x74, 0x74, 0x65, 0x72, 0x2d, 0x73, 0x70, 0x61, 0x63, 0x69, 0x6e, 0x67, 0x2d, 0x6e, 0x6f, 0x72
  .byte 0x6d, 0x61, 0x6c, 0x29, 0x3b, 0x0a, 0x20, 0x20, 0x2d, 0x2d, 0x74, 0x65, 0x78, 0x74, 0x2d, 0x63
  .byte 0x6f, 0x64, 0x65, 0x2d, 0x64, 0x65, 0x66, 0x61, 0x75, 0x6c, 0x74, 0x2d, 0x68, 0x65, 0x61, 0x76
  .byte 0x79, 0x3a, 0x20, 0x76, 0x61, 0x72, 0x28, 0x2d, 0x2d, 0x66, 0x6f, 0x6e, 0x74, 0x2d, 0x77, 0x65
  .byte 0x69, 0x67, 0x68, 0x74, 0x2d, 0x68, 0x65, 0x61, 0x76, 0x79, 0x29, 0x20, 0x76, 0x61, 0x72, 0x28
  .byte 0x2d, 0x2d, 0x66, 0x6f, 0x6e, 0x74, 0x2d, 0x73, 0x69, 0x7a, 0x65, 0x2d, 0x73, 0x6d, 0x29, 0x20
  .byte 0x2f, 0x20, 0x76, 0x61, 0x72, 0x28, 0x2d, 0x2d, 0x6c, 0x69, 0x6e, 0x65, 0x2d, 0x68, 0x65, 0x69
  .byte 0x67, 0x68, 0x74, 0x2d, 0x63, 0x6f, 0x64, 0x65, 0x29, 0x0a, 0x20, 0x20, 0x20, 0x20, 0x76, 0x61
  .byte 0x72, 0x28, 0x2d, 0x2d, 0x66, 0x6f, 0x6e, 0x74, 0x2d, 0x63, 0x6f, 0x64, 0x65, 0x29, 0x3b, 0x0a
  .byte 0x20, 0x20, 0x2d, 0x2d, 0x74, 0x65, 0x78, 0x74, 0x2d, 0x63, 0x6f, 0x64, 0x65, 0x2d, 0x64, 0x65
  .byte 0x66, 0x61, 0x75, 0x6c, 0x74, 0x2d, 0x68, 0x65, 0x61, 0x76, 0x79, 0x2d, 0x6c, 0x65, 0x74, 0x74
  .byte 0x65, 0x72, 0x2d, 0x73, 0x70, 0x61, 0x63, 0x69, 0x6e, 0x67, 0x3a, 0x20, 0x76, 0x61, 0x72, 0x28
  .byte 0x2d, 0x2d, 0x6c, 0x65, 0x74, 0x74, 0x65, 0x72, 0x2d, 0x73, 0x70, 0x61, 0x63, 0x69, 0x6e, 0x67
  .byte 0x2d, 0x6e, 0x6f, 0x72, 0x6d, 0x61, 0x6c, 0x29, 0x3b, 0x0a, 0x7d, 0x0a

  .globl openui_full_port_docs_shared_design_system_styles_variables_typography_css_3b23ce843fd5_pass_3_len
openui_full_port_docs_shared_design_system_styles_variables_typography_css_3b23ce843fd5_pass_3_len:
  .quad 8124

# assembly pass: 4/4
  .globl openui_full_port_docs_shared_design_system_styles_variables_typography_css_3b23ce843fd5_pass_4
openui_full_port_docs_shared_design_system_styles_variables_typography_css_3b23ce843fd5_pass_4:
  .byte 0x3a, 0x72, 0x6f, 0x6f, 0x74, 0x20, 0x7b, 0x0a, 0x20, 0x20, 0x2f, 0x2a, 0x20, 0x46, 0x6f, 0x6e
  .byte 0x74, 0x20, 0x66, 0x61, 0x6d, 0x69, 0x6c, 0x69, 0x65, 0x73, 0x20, 0x2a, 0x2f, 0x0a, 0x20, 0x20
  .byte 0x2d, 0x2d, 0x66, 0x6f, 0x6e, 0x74, 0x2d, 0x62, 0x6f, 0x64, 0x79, 0x3a, 0x20, 0x22, 0x49, 0x6e
  .byte 0x74, 0x65, 0x72, 0x22, 0x2c, 0x20, 0x22, 0x53, 0x65, 0x67, 0x6f, 0x65, 0x20, 0x55, 0x49, 0x22
  .byte 0x2c, 0x20, 0x41, 0x72, 0x69, 0x61, 0x6c, 0x2c, 0x20, 0x73, 0x61, 0x6e, 0x73, 0x2d, 0x73, 0x65
  .byte 0x72, 0x69, 0x66, 0x3b, 0x0a, 0x20, 0x20, 0x2d, 0x2d, 0x66, 0x6f, 0x6e, 0x74, 0x2d, 0x63, 0x6f
  .byte 0x64, 0x65, 0x3a, 0x20, 0x76, 0x61, 0x72, 0x28, 0x2d, 0x2d, 0x66, 0x6f, 0x6e, 0x74, 0x2d, 0x67
  .byte 0x65, 0x69, 0x73, 0x74, 0x2d, 0x6d, 0x6f, 0x6e, 0x6f, 0x29, 0x2c, 0x20, 0x22, 0x53, 0x46, 0x4d
  .byte 0x6f, 0x6e, 0x6f, 0x2d, 0x52, 0x65, 0x67, 0x75, 0x6c, 0x61, 0x72, 0x22, 0x2c, 0x20, 0x4d, 0x65
  .byte 0x6e, 0x6c, 0x6f, 0x2c, 0x20, 0x6d, 0x6f, 0x6e, 0x6f, 0x73, 0x70, 0x61, 0x63, 0x65, 0x3b, 0x0a
  .byte 0x20, 0x20, 0x2d, 0x2d, 0x66, 0x6f, 0x6e, 0x74, 0x2d, 0x68, 0x65, 0x61, 0x64, 0x69, 0x6e, 0x67
  .byte 0x3a, 0x20, 0x22, 0x49, 0x6e, 0x74, 0x65, 0x72, 0x22, 0x2c, 0x20, 0x22, 0x53, 0x65, 0x67, 0x6f
  .byte 0x65, 0x20, 0x55, 0x49, 0x22, 0x2c, 0x20, 0x41, 0x72, 0x69, 0x61, 0x6c, 0x2c, 0x20, 0x73, 0x61
  .byte 0x6e, 0x73, 0x2d, 0x73, 0x65, 0x72, 0x69, 0x66, 0x3b, 0x0a, 0x20, 0x20, 0x2d, 0x2d, 0x66, 0x6f
  .byte 0x6e, 0x74, 0x2d, 0x6c, 0x61, 0x62, 0x65, 0x6c, 0x3a, 0x20, 0x22, 0x49, 0x6e, 0x74, 0x65, 0x72
  .byte 0x22, 0x2c, 0x20, 0x22, 0x53, 0x65, 0x67, 0x6f, 0x65, 0x20, 0x55, 0x49, 0x22, 0x2c, 0x20, 0x41
  .byte 0x72, 0x69, 0x61, 0x6c, 0x2c, 0x20, 0x73, 0x61, 0x6e, 0x73, 0x2d, 0x73, 0x65, 0x72, 0x69, 0x66
  .byte 0x3b, 0x0a, 0x20, 0x20, 0x2d, 0x2d, 0x66, 0x6f, 0x6e, 0x74, 0x2d, 0x6e, 0x75, 0x6d, 0x62, 0x65
  .byte 0x72, 0x73, 0x3a, 0x20, 0x76, 0x61, 0x72, 0x28, 0x2d, 0x2d, 0x66, 0x6f, 0x6e, 0x74, 0x2d, 0x67
  .byte 0x65, 0x69, 0x73, 0x74, 0x2d, 0x6d, 0x6f, 0x6e, 0x6f, 0x29, 0x2c, 0x20, 0x22, 0x49, 0x6e, 0x74
  .byte 0x65, 0x72, 0x22, 0x2c, 0x20, 0x22, 0x53, 0x65, 0x67, 0x6f, 0x65, 0x20, 0x55, 0x49, 0x22, 0x2c
  .byte 0x20, 0x41, 0x72, 0x69, 0x61, 0x6c, 0x2c, 0x20, 0x73, 0x61, 0x6e, 0x73, 0x2d, 0x73, 0x65, 0x72
  .byte 0x69, 0x66, 0x3b, 0x0a, 0x0a, 0x20, 0x20, 0x2f, 0x2a, 0x20, 0x46, 0x6f, 0x6e, 0x74, 0x20, 0x73
  .byte 0x69, 0x7a, 0x65, 0x73, 0x20, 0x2a, 0x2f, 0x0a, 0x20, 0x20, 0x2d, 0x2d, 0x66, 0x6f, 0x6e, 0x74
  .byte 0x2d, 0x73, 0x69, 0x7a, 0x65, 0x2d, 0x32, 0x78, 0x73, 0x3a, 0x20, 0x31, 0x30, 0x70, 0x78, 0x3b
  .byte 0x0a, 0x20, 0x20, 0x2d, 0x2d, 0x66, 0x6f, 0x6e, 0x74, 0x2d, 0x73, 0x69, 0x7a, 0x65, 0x2d, 0x78
  .byte 0x73, 0x3a, 0x20, 0x31, 0x32, 0x70, 0x78, 0x3b, 0x0a, 0x20, 0x20, 0x2d, 0x2d, 0x66, 0x6f, 0x6e
  .byte 0x74, 0x2d, 0x73, 0x69, 0x7a, 0x65, 0x2d, 0x73, 0x6d, 0x3a, 0x20, 0x31, 0x34, 0x70, 0x78, 0x3b
  .byte 0x0a, 0x20, 0x20, 0x2d, 0x2d, 0x66, 0x6f, 0x6e, 0x74, 0x2d, 0x73, 0x69, 0x7a, 0x65, 0x2d, 0x6d
  .byte 0x64, 0x3a, 0x20, 0x31, 0x36, 0x70, 0x78, 0x3b, 0x0a, 0x20, 0x20, 0x2d, 0x2d, 0x66, 0x6f, 0x6e
  .byte 0x74, 0x2d, 0x73, 0x69, 0x7a, 0x65, 0x2d, 0x6c, 0x67, 0x3a, 0x20, 0x31, 0x38, 0x70, 0x78, 0x3b
  .byte 0x0a, 0x20, 0x20, 0x2d, 0x2d, 0x66, 0x6f, 0x6e, 0x74, 0x2d, 0x73, 0x69, 0x7a, 0x65, 0x2d, 0x78
  .byte 0x6c, 0x3a, 0x20, 0x32, 0x30, 0x70, 0x78, 0x3b, 0x0a, 0x20, 0x20, 0x2d, 0x2d, 0x66, 0x6f, 0x6e
  .byte 0x74, 0x2d, 0x73, 0x69, 0x7a, 0x65, 0x2d, 0x32, 0x78, 0x6c, 0x3a, 0x20, 0x32, 0x34, 0x70, 0x78
  .byte 0x3b, 0x0a, 0x20, 0x20, 0x2d, 0x2d, 0x66, 0x6f, 0x6e, 0x74, 0x2d, 0x73, 0x69, 0x7a, 0x65, 0x2d
  .byte 0x33, 0x78, 0x6c, 0x3a, 0x20, 0x32, 0x38, 0x70, 0x78, 0x3b, 0x0a, 0x20, 0x20, 0x2d, 0x2d, 0x66
  .byte 0x6f, 0x6e, 0x74, 0x2d, 0x73, 0x69, 0x7a, 0x65, 0x2d, 0x34, 0x78, 0x6c, 0x3a, 0x20, 0x33, 0x32
  .byte 0x70, 0x78, 0x3b, 0x0a, 0x20, 0x20, 0x2d, 0x2d, 0x66, 0x6f, 0x6e, 0x74, 0x2d, 0x73, 0x69, 0x7a
  .byte 0x65, 0x2d, 0x35, 0x78, 0x6c, 0x3a, 0x20, 0x33, 0x36, 0x70, 0x78, 0x3b, 0x0a, 0x0a, 0x20, 0x20
  .byte 0x2f, 0x2a, 0x20, 0x46, 0x6f, 0x6e, 0x74, 0x20, 0x77, 0x65, 0x69, 0x67, 0x68, 0x74, 0x73, 0x20
  .byte 0x2a, 0x2f, 0x0a, 0x20, 0x20, 0x2d, 0x2d, 0x66, 0x6f, 0x6e, 0x74, 0x2d, 0x77, 0x65, 0x69, 0x67
  .byte 0x68, 0x74, 0x2d, 0x72, 0x65, 0x67, 0x75, 0x6c, 0x61, 0x72, 0x3a, 0x20, 0x34, 0x30, 0x30, 0x3b
  .byte 0x0a, 0x20, 0x20, 0x2d, 0x2d, 0x66, 0x6f, 0x6e, 0x74, 0x2d, 0x77, 0x65, 0x69, 0x67, 0x68, 0x74
  .byte 0x2d, 0x6d, 0x65, 0x64, 0x69, 0x75, 0x6d, 0x3a, 0x20, 0x35, 0x30, 0x30, 0x3b, 0x0a, 0x20, 0x20
  .byte 0x2d, 0x2d, 0x66, 0x6f, 0x6e, 0x74, 0x2d, 0x77, 0x65, 0x69, 0x67, 0x68, 0x74, 0x2d, 0x62, 0x6f
  .byte 0x6c, 0x64, 0x3a, 0x20, 0x36, 0x30, 0x30, 0x3b, 0x0a, 0x20, 0x20, 0x2d, 0x2d, 0x66, 0x6f, 0x6e
  .byte 0x74, 0x2d, 0x77, 0x65, 0x69, 0x67, 0x68, 0x74, 0x2d, 0x68, 0x65, 0x61, 0x76, 0x79, 0x3a, 0x20
  .byte 0x37, 0x30, 0x30, 0x3b, 0x0a, 0x0a, 0x20, 0x20, 0x2f, 0x2a, 0x20, 0x4c, 0x69, 0x6e, 0x65, 0x20
  .byte 0x68, 0x65, 0x69, 0x67, 0x68, 0x74, 0x73, 0x20, 0x2a, 0x2f, 0x0a, 0x20, 0x20, 0x2d, 0x2d, 0x6c
  .byte 0x69, 0x6e, 0x65, 0x2d, 0x68, 0x65, 0x69, 0x67, 0x68, 0x74, 0x2d, 0x62, 0x6f, 0x64, 0x79, 0x3a
  .byte 0x20, 0x31, 0x2e, 0x35, 0x3b, 0x0a, 0x20, 0x20, 0x2d, 0x2d, 0x6c, 0x69, 0x6e, 0x65, 0x2d, 0x68
  .byte 0x65, 0x69, 0x67, 0x68, 0x74, 0x2d, 0x68, 0x65, 0x61, 0x64, 0x69, 0x6e, 0x67, 0x3a, 0x20, 0x31
  .byte 0x2e, 0x32, 0x35, 0x3b, 0x0a, 0x20, 0x20, 0x2d, 0x2d, 0x6c, 0x69, 0x6e, 0x65, 0x2d, 0x68, 0x65
  .byte 0x69, 0x67, 0x68, 0x74, 0x2d, 0x68, 0x65, 0x61, 0x64, 0x69, 0x6e, 0x67, 0x2d, 0x6c, 0x61, 0x72
  .byte 0x67, 0x65, 0x3a, 0x20, 0x31, 0x2e, 0x31, 0x3b, 0x0a, 0x20, 0x20, 0x2d, 0x2d, 0x6c, 0x69, 0x6e
  .byte 0x65, 0x2d, 0x68, 0x65, 0x69, 0x67, 0x68, 0x74, 0x2d, 0x6c, 0x61, 0x62, 0x65, 0x6c, 0x3a, 0x20
  .byte 0x31, 0x2e, 0x32, 0x35, 0x3b, 0x0a, 0x20, 0x20, 0x2d, 0x2d, 0x6c, 0x69, 0x6e, 0x65, 0x2d, 0x68
  .byte 0x65, 0x69, 0x67, 0x68, 0x74, 0x2d, 0x63, 0x6f, 0x64, 0x65, 0x3a, 0x20, 0x31, 0x2e, 0x35, 0x3b
  .byte 0x0a, 0x0a, 0x20, 0x20, 0x2f, 0x2a, 0x20, 0x4c, 0x65, 0x74, 0x74, 0x65, 0x72, 0x20, 0x73, 0x70
  .byte 0x61, 0x63, 0x69, 0x6e, 0x67, 0x20, 0x2a, 0x2f, 0x0a, 0x20, 0x20, 0x2d, 0x2d, 0x6c, 0x65, 0x74
  .byte 0x74, 0x65, 0x72, 0x2d, 0x73, 0x70, 0x61, 0x63, 0x69, 0x6e, 0x67, 0x2d, 0x6e, 0x6f, 0x72, 0x6d
  .byte 0x61, 0x6c, 0x3a, 0x20, 0x30, 0x3b, 0x0a, 0x20, 0x20, 0x2d, 0x2d, 0x6c, 0x65, 0x74, 0x74, 0x65
  .byte 0x72, 0x2d, 0x73, 0x70, 0x61, 0x63, 0x69, 0x6e, 0x67, 0x2d, 0x74, 0x69, 0x67, 0x68, 0x74, 0x3a
  .byte 0x20, 0x2d, 0x30, 0x2e, 0x31, 0x70, 0x78, 0x3b, 0x0a, 0x20, 0x20, 0x2d, 0x2d, 0x6c, 0x65, 0x74
  .byte 0x74, 0x65, 0x72, 0x2d, 0x73, 0x70, 0x61, 0x63, 0x69, 0x6e, 0x67, 0x2d, 0x74, 0x69, 0x67, 0x68
  .byte 0x74, 0x65, 0x72, 0x3a, 0x20, 0x2d, 0x30, 0x2e, 0x32, 0x70, 0x78, 0x3b, 0x0a, 0x0a, 0x20, 0x20
  .byte 0x2f, 0x2a, 0x20, 0x43, 0x6f, 0x6d, 0x70, 0x6f, 0x75, 0x6e, 0x64, 0x20, 0x74, 0x79, 0x70, 0x6f
  .byte 0x67, 0x72, 0x61, 0x70, 0x68, 0x79, 0x3a, 0x20, 0x62, 0x6f, 0x64, 0x79, 0x20, 0x2a, 0x2f, 0x0a
  .byte 0x20, 0x20, 0x2f, 0x2a, 0x20, 0x42, 0x6f, 0x64, 0x79, 0x3a, 0x20, 0x65, 0x78, 0x74, 0x72, 0x61
  .byte 0x20, 0x73, 0x6d, 0x61, 0x6c, 0x6c, 0x20, 0x2a, 0x2f, 0x0a, 0x20, 0x20, 0x2d, 0x2d, 0x74, 0x65
  .byte 0x78, 0x74, 0x2d, 0x62, 0x6f, 0x64, 0x79, 0x2d, 0x78, 0x73, 0x3a, 0x20, 0x76, 0x61, 0x72, 0x28
  .byte 0x2d, 0x2d, 0x66, 0x6f, 0x6e, 0x74, 0x2d, 0x77, 0x65, 0x69, 0x67, 0x68, 0x74, 0x2d, 0x72, 0x65
  .byte 0x67, 0x75, 0x6c, 0x61, 0x72, 0x29, 0x20, 0x76, 0x61, 0x72, 0x28, 0x2d, 0x2d, 0x66, 0x6f, 0x6e
  .byte 0x74, 0x2d, 0x73, 0x69, 0x7a, 0x65, 0x2d, 0x78, 0x73, 0x29, 0x20, 0x2f, 0x20, 0x76, 0x61, 0x72
  .byte 0x28, 0x2d, 0x2d, 0x6c, 0x69, 0x6e, 0x65, 0x2d, 0x68, 0x65, 0x69, 0x67, 0x68, 0x74, 0x2d, 0x62
  .byte 0x6f, 0x64, 0x79, 0x29, 0x0a, 0x20, 0x20, 0x20, 0x20, 0x76, 0x61, 0x72, 0x28, 0x2d, 0x2d, 0x66
  .byte 0x6f, 0x6e, 0x74, 0x2d, 0x62, 0x6f, 0x64, 0x79, 0x29, 0x3b, 0x0a, 0x20, 0x20, 0x2d, 0x2d, 0x74
  .byte 0x65, 0x78, 0x74, 0x2d, 0x62, 0x6f, 0x64, 0x79, 0x2d, 0x78, 0x73, 0x2d, 0x6c, 0x65, 0x74, 0x74
  .byte 0x65, 0x72, 0x2d, 0x73, 0x70, 0x61, 0x63, 0x69, 0x6e, 0x67, 0x3a, 0x20, 0x76, 0x61, 0x72, 0x28
  .byte 0x2d, 0x2d, 0x6c, 0x65, 0x74, 0x74, 0x65, 0x72, 0x2d, 0x73, 0x70, 0x61, 0x63, 0x69, 0x6e, 0x67
  .byte 0x2d, 0x6e, 0x6f, 0x72, 0x6d, 0x61, 0x6c, 0x29, 0x3b, 0x0a, 0x20, 0x20, 0x2d, 0x2d, 0x74, 0x65
  .byte 0x78, 0x74, 0x2d, 0x62, 0x6f, 0x64, 0x79, 0x2d, 0x78, 0x73, 0x2d, 0x68, 0x65, 0x61, 0x76, 0x79
  .byte 0x3a, 0x20, 0x76, 0x61, 0x72, 0x28, 0x2d, 0x2d, 0x66, 0x6f, 0x6e, 0x74, 0x2d, 0x77, 0x65, 0x69
  .byte 0x67, 0x68, 0x74, 0x2d, 0x6d, 0x65, 0x64, 0x69, 0x75, 0x6d, 0x29, 0x20, 0x76, 0x61, 0x72, 0x28
  .byte 0x2d, 0x2d, 0x66, 0x6f, 0x6e, 0x74, 0x2d, 0x73, 0x69, 0x7a, 0x65, 0x2d, 0x78, 0x73, 0x29, 0x20
  .byte 0x2f, 0x20, 0x76, 0x61, 0x72, 0x28, 0x2d, 0x2d, 0x6c, 0x69, 0x6e, 0x65, 0x2d, 0x68, 0x65, 0x69
  .byte 0x67, 0x68, 0x74, 0x2d, 0x62, 0x6f, 0x64, 0x79, 0x29, 0x0a, 0x20, 0x20, 0x20, 0x20, 0x76, 0x61
  .byte 0x72, 0x28, 0x2d, 0x2d, 0x66, 0x6f, 0x6e, 0x74, 0x2d, 0x62, 0x6f, 0x64, 0x79, 0x29, 0x3b, 0x0a
  .byte 0x20, 0x20, 0x2d, 0x2d, 0x74, 0x65, 0x78, 0x74, 0x2d, 0x62, 0x6f, 0x64, 0x79, 0x2d, 0x78, 0x73
  .byte 0x2d, 0x68, 0x65, 0x61, 0x76, 0x79, 0x2d, 0x6c, 0x65, 0x74, 0x74, 0x65, 0x72, 0x2d, 0x73, 0x70
  .byte 0x61, 0x63, 0x69, 0x6e, 0x67, 0x3a, 0x20, 0x76, 0x61, 0x72, 0x28, 0x2d, 0x2d, 0x6c, 0x65, 0x74
  .byte 0x74, 0x65, 0x72, 0x2d, 0x73, 0x70, 0x61, 0x63, 0x69, 0x6e, 0x67, 0x2d, 0x6e, 0x6f, 0x72, 0x6d
  .byte 0x61, 0x6c, 0x29, 0x3b, 0x0a, 0x20, 0x20, 0x2f, 0x2a, 0x20, 0x42, 0x6f, 0x64, 0x79, 0x3a, 0x20
  .byte 0x73, 0x6d, 0x61, 0x6c, 0x6c, 0x20, 0x2a, 0x2f, 0x0a, 0x20, 0x20, 0x2d, 0x2d, 0x74, 0x65, 0x78
  .byte 0x74, 0x2d, 0x62, 0x6f, 0x64, 0x79, 0x2d, 0x73, 0x6d, 0x3a, 0x20, 0x76, 0x61, 0x72, 0x28, 0x2d
  .byte 0x2d, 0x66, 0x6f, 0x6e, 0x74, 0x2d, 0x77, 0x65, 0x69, 0x67, 0x68, 0x74, 0x2d, 0x72, 0x65, 0x67
  .byte 0x75, 0x6c, 0x61, 0x72, 0x29, 0x20, 0x76, 0x61, 0x72, 0x28, 0x2d, 0x2d, 0x66, 0x6f, 0x6e, 0x74
  .byte 0x2d, 0x73, 0x69, 0x7a, 0x65, 0x2d, 0x73, 0x6d, 0x29, 0x20, 0x2f, 0x20, 0x76, 0x61, 0x72, 0x28
  .byte 0x2d, 0x2d, 0x6c, 0x69, 0x6e, 0x65, 0x2d, 0x68, 0x65, 0x69, 0x67, 0x68, 0x74, 0x2d, 0x62, 0x6f
  .byte 0x64, 0x79, 0x29, 0x0a, 0x20, 0x20, 0x20, 0x20, 0x76, 0x61, 0x72, 0x28, 0x2d, 0x2d, 0x66, 0x6f
  .byte 0x6e, 0x74, 0x2d, 0x62, 0x6f, 0x64, 0x79, 0x29, 0x3b, 0x0a, 0x20, 0x20, 0x2d, 0x2d, 0x74, 0x65
  .byte 0x78, 0x74, 0x2d, 0x62, 0x6f, 0x64, 0x79, 0x2d, 0x73, 0x6d, 0x2d, 0x6c, 0x65, 0x74, 0x74, 0x65
  .byte 0x72, 0x2d, 0x73, 0x70, 0x61, 0x63, 0x69, 0x6e, 0x67, 0x3a, 0x20, 0x76, 0x61, 0x72, 0x28, 0x2d
  .byte 0x2d, 0x6c, 0x65, 0x74, 0x74, 0x65, 0x72, 0x2d, 0x73, 0x70, 0x61, 0x63, 0x69, 0x6e, 0x67, 0x2d
  .byte 0x6e, 0x6f, 0x72, 0x6d, 0x61, 0x6c, 0x29, 0x3b, 0x0a, 0x20, 0x20, 0x2d, 0x2d, 0x74, 0x65, 0x78
  .byte 0x74, 0x2d, 0x62, 0x6f, 0x64, 0x79, 0x2d, 0x73, 0x6d, 0x2d, 0x68, 0x65, 0x61, 0x76, 0x79, 0x3a
  .byte 0x20, 0x76, 0x61, 0x72, 0x28, 0x2d, 0x2d, 0x66, 0x6f, 0x6e, 0x74, 0x2d, 0x77, 0x65, 0x69, 0x67
  .byte 0x68, 0x74, 0x2d, 0x6d, 0x65, 0x64, 0x69, 0x75, 0x6d, 0x29, 0x20, 0x76, 0x61, 0x72, 0x28, 0x2d
  .byte 0x2d, 0x66, 0x6f, 0x6e, 0x74, 0x2d, 0x73, 0x69, 0x7a, 0x65, 0x2d, 0x73, 0x6d, 0x29, 0x20, 0x2f
  .byte 0x20, 0x76, 0x61, 0x72, 0x28, 0x2d, 0x2d, 0x6c, 0x69, 0x6e, 0x65, 0x2d, 0x68, 0x65, 0x69, 0x67
  .byte 0x68, 0x74, 0x2d, 0x62, 0x6f, 0x64, 0x79, 0x29, 0x0a, 0x20, 0x20, 0x20, 0x20, 0x76, 0x61, 0x72
  .byte 0x28, 0x2d, 0x2d, 0x66, 0x6f, 0x6e, 0x74, 0x2d, 0x62, 0x6f, 0x64, 0x79, 0x29, 0x3b, 0x0a, 0x20
  .byte 0x20, 0x2d, 0x2d, 0x74, 0x65, 0x78, 0x74, 0x2d, 0x62, 0x6f, 0x64, 0x79, 0x2d, 0x73, 0x6d, 0x2d
  .byte 0x68, 0x65, 0x61, 0x76, 0x79, 0x2d, 0x6c, 0x65, 0x74, 0x74, 0x65, 0x72, 0x2d, 0x73, 0x70, 0x61
  .byte 0x63, 0x69, 0x6e, 0x67, 0x3a, 0x20, 0x76, 0x61, 0x72, 0x28, 0x2d, 0x2d, 0x6c, 0x65, 0x74, 0x74
  .byte 0x65, 0x72, 0x2d, 0x73, 0x70, 0x61, 0x63, 0x69, 0x6e, 0x67, 0x2d, 0x6e, 0x6f, 0x72, 0x6d, 0x61
  .byte 0x6c, 0x29, 0x3b, 0x0a, 0x20, 0x20, 0x2f, 0x2a, 0x20, 0x42, 0x6f, 0x64, 0x79, 0x3a, 0x20, 0x64
  .byte 0x65, 0x66, 0x61, 0x75, 0x6c, 0x74, 0x20, 0x2a, 0x2f, 0x0a, 0x20, 0x20, 0x2d, 0x2d, 0x74, 0x65
  .byte 0x78, 0x74, 0x2d, 0x62, 0x6f, 0x64, 0x79, 0x2d, 0x64, 0x65, 0x66, 0x61, 0x75, 0x6c, 0x74, 0x3a
  .byte 0x20, 0x76, 0x61, 0x72, 0x28, 0x2d, 0x2d, 0x66, 0x6f, 0x6e, 0x74, 0x2d, 0x77, 0x65, 0x69, 0x67
  .byte 0x68, 0x74, 0x2d, 0x72, 0x65, 0x67, 0x75, 0x6c, 0x61, 0x72, 0x29, 0x20, 0x76, 0x61, 0x72, 0x28
  .byte 0x2d, 0x2d, 0x66, 0x6f, 0x6e, 0x74, 0x2d, 0x73, 0x69, 0x7a, 0x65, 0x2d, 0x6d, 0x64, 0x29, 0x20
  .byte 0x2f, 0x20, 0x76, 0x61, 0x72, 0x28, 0x2d, 0x2d, 0x6c, 0x69, 0x6e, 0x65, 0x2d, 0x68, 0x65, 0x69
  .byte 0x67, 0x68, 0x74, 0x2d, 0x62, 0x6f, 0x64, 0x79, 0x29, 0x0a, 0x20, 0x20, 0x20, 0x20, 0x76, 0x61
  .byte 0x72, 0x28, 0x2d, 0x2d, 0x66, 0x6f, 0x6e, 0x74, 0x2d, 0x62, 0x6f, 0x64, 0x79, 0x29, 0x3b, 0x0a
  .byte 0x20, 0x20, 0x2d, 0x2d, 0x74, 0x65, 0x78, 0x74, 0x2d, 0x62, 0x6f, 0x64, 0x79, 0x2d, 0x64, 0x65
  .byte 0x66, 0x61, 0x75, 0x6c, 0x74, 0x2d, 0x6c, 0x65, 0x74, 0x74, 0x65, 0x72, 0x2d, 0x73, 0x70, 0x61
  .byte 0x63, 0x69, 0x6e, 0x67, 0x3a, 0x20, 0x76, 0x61, 0x72, 0x28, 0x2d, 0x2d, 0x6c, 0x65, 0x74, 0x74
  .byte 0x65, 0x72, 0x2d, 0x73, 0x70, 0x61, 0x63, 0x69, 0x6e, 0x67, 0x2d, 0x6e, 0x6f, 0x72, 0x6d, 0x61
  .byte 0x6c, 0x29, 0x3b, 0x0a, 0x20, 0x20, 0x2d, 0x2d, 0x74, 0x65, 0x78, 0x74, 0x2d, 0x62, 0x6f, 0x64
  .byte 0x79, 0x2d, 0x64, 0x65, 0x66, 0x61, 0x75, 0x6c, 0x74, 0x2d, 0x68, 0x65, 0x61, 0x76, 0x79, 0x3a
  .byte 0x20, 0x76, 0x61, 0x72, 0x28, 0x2d, 0x2d, 0x66, 0x6f, 0x6e, 0x74, 0x2d, 0x77, 0x65, 0x69, 0x67
  .byte 0x68, 0x74, 0x2d, 0x6d, 0x65, 0x64, 0x69, 0x75, 0x6d, 0x29, 0x20, 0x76, 0x61, 0x72, 0x28, 0x2d
  .byte 0x2d, 0x66, 0x6f, 0x6e, 0x74, 0x2d, 0x73, 0x69, 0x7a, 0x65, 0x2d, 0x6d, 0x64, 0x29, 0x20, 0x2f
  .byte 0x20, 0x76, 0x61, 0x72, 0x28, 0x2d, 0x2d, 0x6c, 0x69, 0x6e, 0x65, 0x2d, 0x68, 0x65, 0x69, 0x67
  .byte 0x68, 0x74, 0x2d, 0x62, 0x6f, 0x64, 0x79, 0x29, 0x0a, 0x20, 0x20, 0x20, 0x20, 0x76, 0x61, 0x72
  .byte 0x28, 0x2d, 0x2d, 0x66, 0x6f, 0x6e, 0x74, 0x2d, 0x62, 0x6f, 0x64, 0x79, 0x29, 0x3b, 0x0a, 0x20
  .byte 0x20, 0x2d, 0x2d, 0x74, 0x65, 0x78, 0x74, 0x2d, 0x62, 0x6f, 0x64, 0x79, 0x2d, 0x64, 0x65, 0x66
  .byte 0x61, 0x75, 0x6c, 0x74, 0x2d, 0x68, 0x65, 0x61, 0x76, 0x79, 0x2d, 0x6c, 0x65, 0x74, 0x74, 0x65
  .byte 0x72, 0x2d, 0x73, 0x70, 0x61, 0x63, 0x69, 0x6e, 0x67, 0x3a, 0x20, 0x76, 0x61, 0x72, 0x28, 0x2d
  .byte 0x2d, 0x6c, 0x65, 0x74, 0x74, 0x65, 0x72, 0x2d, 0x73, 0x70, 0x61, 0x63, 0x69, 0x6e, 0x67, 0x2d
  .byte 0x6e, 0x6f, 0x72, 0x6d, 0x61, 0x6c, 0x29, 0x3b, 0x0a, 0x20, 0x20, 0x2f, 0x2a, 0x20, 0x42, 0x6f
  .byte 0x64, 0x79, 0x3a, 0x20, 0x6c, 0x61, 0x72, 0x67, 0x65, 0x20, 0x2a, 0x2f, 0x0a, 0x20, 0x20, 0x2d
  .byte 0x2d, 0x74, 0x65, 0x78, 0x74, 0x2d, 0x62, 0x6f, 0x64, 0x79, 0x2d, 0x6c, 0x67, 0x3a, 0x20, 0x76
  .byte 0x61, 0x72, 0x28, 0x2d, 0x2d, 0x66, 0x6f, 0x6e, 0x74, 0x2d, 0x77, 0x65, 0x69, 0x67, 0x68, 0x74
  .byte 0x2d, 0x72, 0x65, 0x67, 0x75, 0x6c, 0x61, 0x72, 0x29, 0x20, 0x76, 0x61, 0x72, 0x28, 0x2d, 0x2d
  .byte 0x66, 0x6f, 0x6e, 0x74, 0x2d, 0x73, 0x69, 0x7a, 0x65, 0x2d, 0x6c, 0x67, 0x29, 0x20, 0x2f, 0x20
  .byte 0x76, 0x61, 0x72, 0x28, 0x2d, 0x2d, 0x6c, 0x69, 0x6e, 0x65, 0x2d, 0x68, 0x65, 0x69, 0x67, 0x68
  .byte 0x74, 0x2d, 0x62, 0x6f, 0x64, 0x79, 0x29, 0x0a, 0x20, 0x20, 0x20, 0x20, 0x76, 0x61, 0x72, 0x28
  .byte 0x2d, 0x2d, 0x66, 0x6f, 0x6e, 0x74, 0x2d, 0x62, 0x6f, 0x64, 0x79, 0x29, 0x3b, 0x0a, 0x20, 0x20
  .byte 0x2d, 0x2d, 0x74, 0x65, 0x78, 0x74, 0x2d, 0x62, 0x6f, 0x64, 0x79, 0x2d, 0x6c, 0x67, 0x2d, 0x6c
  .byte 0x65, 0x74, 0x74, 0x65, 0x72, 0x2d, 0x73, 0x70, 0x61, 0x63, 0x69, 0x6e, 0x67, 0x3a, 0x20, 0x76
  .byte 0x61, 0x72, 0x28, 0x2d, 0x2d, 0x6c, 0x65, 0x74, 0x74, 0x65, 0x72, 0x2d, 0x73, 0x70, 0x61, 0x63
  .byte 0x69, 0x6e, 0x67, 0x2d, 0x6e, 0x6f, 0x72, 0x6d, 0x61, 0x6c, 0x29, 0x3b, 0x0a, 0x20, 0x20, 0x2d
  .byte 0x2d, 0x74, 0x65, 0x78, 0x74, 0x2d, 0x62, 0x6f, 0x64, 0x79, 0x2d, 0x6c, 0x67, 0x2d, 0x68, 0x65
  .byte 0x61, 0x76, 0x79, 0x3a, 0x20, 0x76, 0x61, 0x72, 0x28, 0x2d, 0x2d, 0x66, 0x6f, 0x6e, 0x74, 0x2d
  .byte 0x77, 0x65, 0x69, 0x67, 0x68, 0x74, 0x2d, 0x6d, 0x65, 0x64, 0x69, 0x75, 0x6d, 0x29, 0x20, 0x76
  .byte 0x61, 0x72, 0x28, 0x2d, 0x2d, 0x66, 0x6f, 0x6e, 0x74, 0x2d, 0x73, 0x69, 0x7a, 0x65, 0x2d, 0x6c
  .byte 0x67, 0x29, 0x20, 0x2f, 0x20, 0x76, 0x61, 0x72, 0x28, 0x2d, 0x2d, 0x6c, 0x69, 0x6e, 0x65, 0x2d
  .byte 0x68, 0x65, 0x69, 0x67, 0x68, 0x74, 0x2d, 0x62, 0x6f, 0x64, 0x79, 0x29, 0x0a, 0x20, 0x20, 0x20
  .byte 0x20, 0x76, 0x61, 0x72, 0x28, 0x2d, 0x2d, 0x66, 0x6f, 0x6e, 0x74, 0x2d, 0x62, 0x6f, 0x64, 0x79
  .byte 0x29, 0x3b, 0x0a, 0x20, 0x20, 0x2d, 0x2d, 0x74, 0x65, 0x78, 0x74, 0x2d, 0x62, 0x6f, 0x64, 0x79
  .byte 0x2d, 0x6c, 0x67, 0x2d, 0x68, 0x65, 0x61, 0x76, 0x79, 0x2d, 0x6c, 0x65, 0x74, 0x74, 0x65, 0x72
  .byte 0x2d, 0x73, 0x70, 0x61, 0x63, 0x69, 0x6e, 0x67, 0x3a, 0x20, 0x76, 0x61, 0x72, 0x28, 0x2d, 0x2d
  .byte 0x6c, 0x65, 0x74, 0x74, 0x65, 0x72, 0x2d, 0x73, 0x70, 0x61, 0x63, 0x69, 0x6e, 0x67, 0x2d, 0x6e
  .byte 0x6f, 0x72, 0x6d, 0x61, 0x6c, 0x29, 0x3b, 0x0a, 0x0a, 0x20, 0x20, 0x2f, 0x2a, 0x20, 0x43, 0x6f
  .byte 0x6d, 0x70, 0x6f, 0x75, 0x6e, 0x64, 0x20, 0x74, 0x79, 0x70, 0x6f, 0x67, 0x72, 0x61, 0x70, 0x68
  .byte 0x79, 0x3a, 0x20, 0x68, 0x65, 0x61, 0x64, 0x69, 0x6e, 0x67, 0x20, 0x2a, 0x2f, 0x0a, 0x20, 0x20
  .byte 0x2f, 0x2a, 0x20, 0x48, 0x65, 0x61, 0x64, 0x69, 0x6e, 0x67, 0x3a, 0x20, 0x65, 0x78, 0x74, 0x72
  .byte 0x61, 0x20, 0x73, 0x6d, 0x61, 0x6c, 0x6c, 0x20, 0x2a, 0x2f, 0x0a, 0x20, 0x20, 0x2d, 0x2d, 0x74
  .byte 0x65, 0x78, 0x74, 0x2d, 0x68, 0x65, 0x61, 0x64, 0x69, 0x6e, 0x67, 0x2d, 0x78, 0x73, 0x3a, 0x20
  .byte 0x76, 0x61, 0x72, 0x28, 0x2d, 0x2d, 0x66, 0x6f, 0x6e, 0x74, 0x2d, 0x77, 0x65, 0x69, 0x67, 0x68
  .byte 0x74, 0x2d, 0x62, 0x6f, 0x6c, 0x64, 0x29, 0x20, 0x76, 0x61, 0x72, 0x28, 0x2d, 0x2d, 0x66, 0x6f
  .byte 0x6e, 0x74, 0x2d, 0x73, 0x69, 0x7a, 0x65, 0x2d, 0x6d, 0x64, 0x29, 0x20, 0x2f, 0x20, 0x76, 0x61
  .byte 0x72, 0x28, 0x2d, 0x2d, 0x6c, 0x69, 0x6e, 0x65, 0x2d, 0x68, 0x65, 0x69, 0x67, 0x68, 0x74, 0x2d
  .byte 0x68, 0x65, 0x61, 0x64, 0x69, 0x6e, 0x67, 0x29, 0x0a, 0x20, 0x20, 0x20, 0x20, 0x76, 0x61, 0x72
  .byte 0x28, 0x2d, 0x2d, 0x66, 0x6f, 0x6e, 0x74, 0x2d, 0x68, 0x65, 0x61, 0x64, 0x69, 0x6e, 0x67, 0x29
  .byte 0x3b, 0x0a, 0x20, 0x20, 0x2d, 0x2d, 0x74, 0x65, 0x78, 0x74, 0x2d, 0x68, 0x65, 0x61, 0x64, 0x69
  .byte 0x6e, 0x67, 0x2d, 0x78, 0x73, 0x2d, 0x6c, 0x65, 0x74, 0x74, 0x65, 0x72, 0x2d, 0x73, 0x70, 0x61
  .byte 0x63, 0x69, 0x6e, 0x67, 0x3a, 0x20, 0x76, 0x61, 0x72, 0x28, 0x2d, 0x2d, 0x6c, 0x65, 0x74, 0x74
  .byte 0x65, 0x72, 0x2d, 0x73, 0x70, 0x61, 0x63, 0x69, 0x6e, 0x67, 0x2d, 0x6e, 0x6f, 0x72, 0x6d, 0x61
  .byte 0x6c, 0x29, 0x3b, 0x0a, 0x20, 0x20, 0x2f, 0x2a, 0x20, 0x48, 0x65, 0x61, 0x64, 0x69, 0x6e, 0x67
  .byte 0x3a, 0x20, 0x73, 0x6d, 0x61, 0x6c, 0x6c, 0x20, 0x2a, 0x2f, 0x0a, 0x20, 0x20, 0x2d, 0x2d, 0x74
  .byte 0x65, 0x78, 0x74, 0x2d, 0x68, 0x65, 0x61, 0x64, 0x69, 0x6e, 0x67, 0x2d, 0x73, 0x6d, 0x3a, 0x20
  .byte 0x76, 0x61, 0x72, 0x28, 0x2d, 0x2d, 0x66, 0x6f, 0x6e, 0x74, 0x2d, 0x77, 0x65, 0x69, 0x67, 0x68
  .byte 0x74, 0x2d, 0x62, 0x6f, 0x6c, 0x64, 0x29, 0x20, 0x76, 0x61, 0x72, 0x28, 0x2d, 0x2d, 0x66, 0x6f
  .byte 0x6e, 0x74, 0x2d, 0x73, 0x69, 0x7a, 0x65, 0x2d, 0x6c, 0x67, 0x29, 0x20, 0x2f, 0x20, 0x76, 0x61
  .byte 0x72, 0x28, 0x2d, 0x2d, 0x6c, 0x69, 0x6e, 0x65, 0x2d, 0x68, 0x65, 0x69, 0x67, 0x68, 0x74, 0x2d
  .byte 0x68, 0x65, 0x61, 0x64, 0x69, 0x6e, 0x67, 0x29, 0x0a, 0x20, 0x20, 0x20, 0x20, 0x76, 0x61, 0x72
  .byte 0x28, 0x2d, 0x2d, 0x66, 0x6f, 0x6e, 0x74, 0x2d, 0x68, 0x65, 0x61, 0x64, 0x69, 0x6e, 0x67, 0x29
  .byte 0x3b, 0x0a, 0x20, 0x20, 0x2d, 0x2d, 0x74, 0x65, 0x78, 0x74, 0x2d, 0x68, 0x65, 0x61, 0x64, 0x69
  .byte 0x6e, 0x67, 0x2d, 0x73, 0x6d, 0x2d, 0x6c, 0x65, 0x74, 0x74, 0x65, 0x72, 0x2d, 0x73, 0x70, 0x61
  .byte 0x63, 0x69, 0x6e, 0x67, 0x3a, 0x20, 0x76, 0x61, 0x72, 0x28, 0x2d, 0x2d, 0x6c, 0x65, 0x74, 0x74
  .byte 0x65, 0x72, 0x2d, 0x73, 0x70, 0x61, 0x63, 0x69, 0x6e, 0x67, 0x2d, 0x6e, 0x6f, 0x72, 0x6d, 0x61
  .byte 0x6c, 0x29, 0x3b, 0x0a, 0x20, 0x20, 0x2f, 0x2a, 0x20, 0x48, 0x65, 0x61, 0x64, 0x69, 0x6e, 0x67
  .byte 0x3a, 0x20, 0x6d, 0x65, 0x64, 0x69, 0x75, 0x6d, 0x20, 0x2a, 0x2f, 0x0a, 0x20, 0x20, 0x2d, 0x2d
  .byte 0x74, 0x65, 0x78, 0x74, 0x2d, 0x68, 0x65, 0x61, 0x64, 0x69, 0x6e, 0x67, 0x2d, 0x6d, 0x64, 0x3a
  .byte 0x20, 0x76, 0x61, 0x72, 0x28, 0x2d, 0x2d, 0x66, 0x6f, 0x6e, 0x74, 0x2d, 0x77, 0x65, 0x69, 0x67
  .byte 0x68, 0x74, 0x2d, 0x62, 0x6f, 0x6c, 0x64, 0x29, 0x20, 0x76, 0x61, 0x72, 0x28, 0x2d, 0x2d, 0x66
  .byte 0x6f, 0x6e, 0x74, 0x2d, 0x73, 0x69, 0x7a, 0x65, 0x2d, 0x32, 0x78, 0x6c, 0x29, 0x20, 0x2f, 0x20
  .byte 0x76, 0x61, 0x72, 0x28, 0x2d, 0x2d, 0x6c, 0x69, 0x6e, 0x65, 0x2d, 0x68, 0x65, 0x69, 0x67, 0x68
  .byte 0x74, 0x2d, 0x68, 0x65, 0x61, 0x64, 0x69, 0x6e, 0x67, 0x2d, 0x6c, 0x61, 0x72, 0x67, 0x65, 0x29
  .byte 0x0a, 0x20, 0x20, 0x20, 0x20, 0x76, 0x61, 0x72, 0x28, 0x2d, 0x2d, 0x66, 0x6f, 0x6e, 0x74, 0x2d
  .byte 0x68, 0x65, 0x61, 0x64, 0x69, 0x6e, 0x67, 0x29, 0x3b, 0x0a, 0x20, 0x20, 0x2d, 0x2d, 0x74, 0x65
  .byte 0x78, 0x74, 0x2d, 0x68, 0x65, 0x61, 0x64, 0x69, 0x6e, 0x67, 0x2d, 0x6d, 0x64, 0x2d, 0x6c, 0x65
  .byte 0x74, 0x74, 0x65, 0x72, 0x2d, 0x73, 0x70, 0x61, 0x63, 0x69, 0x6e, 0x67, 0x3a, 0x20, 0x76, 0x61
  .byte 0x72, 0x28, 0x2d, 0x2d, 0x6c, 0x65, 0x74, 0x74, 0x65, 0x72, 0x2d, 0x73, 0x70, 0x61, 0x63, 0x69
  .byte 0x6e, 0x67, 0x2d, 0x6e, 0x6f, 0x72, 0x6d, 0x61, 0x6c, 0x29, 0x3b, 0x0a, 0x20, 0x20, 0x2f, 0x2a
  .byte 0x20, 0x48, 0x65, 0x61, 0x64, 0x69, 0x6e, 0x67, 0x3a, 0x20, 0x6c, 0x61, 0x72, 0x67, 0x65, 0x20
  .byte 0x2a, 0x2f, 0x0a, 0x20, 0x20, 0x2d, 0x2d, 0x74, 0x65, 0x78, 0x74, 0x2d, 0x68, 0x65, 0x61, 0x64
  .byte 0x69, 0x6e, 0x67, 0x2d, 0x6c, 0x67, 0x3a, 0x20, 0x76, 0x61, 0x72, 0x28, 0x2d, 0x2d, 0x66, 0x6f
  .byte 0x6e, 0x74, 0x2d, 0x77, 0x65, 0x69, 0x67, 0x68, 0x74, 0x2d, 0x62, 0x6f, 0x6c, 0x64, 0x29, 0x20
  .byte 0x76, 0x61, 0x72, 0x28, 0x2d, 0x2d, 0x66, 0x6f, 0x6e, 0x74, 0x2d, 0x73, 0x69, 0x7a, 0x65, 0x2d
  .byte 0x33, 0x78, 0x6c, 0x29, 0x20, 0x2f, 0x20, 0x76, 0x61, 0x72, 0x28, 0x2d, 0x2d, 0x6c, 0x69, 0x6e
  .byte 0x65, 0x2d, 0x68, 0x65, 0x69, 0x67, 0x68, 0x74, 0x2d, 0x68, 0x65, 0x61, 0x64, 0x69, 0x6e, 0x67
  .byte 0x2d, 0x6c, 0x61, 0x72, 0x67, 0x65, 0x29, 0x0a, 0x20, 0x20, 0x20, 0x20, 0x76, 0x61, 0x72, 0x28
  .byte 0x2d, 0x2d, 0x66, 0x6f, 0x6e, 0x74, 0x2d, 0x68, 0x65, 0x61, 0x64, 0x69, 0x6e, 0x67, 0x29, 0x3b
  .byte 0x0a, 0x20, 0x20, 0x2d, 0x2d, 0x74, 0x65, 0x78, 0x74, 0x2d, 0x68, 0x65, 0x61, 0x64, 0x69, 0x6e
  .byte 0x67, 0x2d, 0x6c, 0x67, 0x2d, 0x6c, 0x65, 0x74, 0x74, 0x65, 0x72, 0x2d, 0x73, 0x70, 0x61, 0x63
  .byte 0x69, 0x6e, 0x67, 0x3a, 0x20, 0x76, 0x61, 0x72, 0x28, 0x2d, 0x2d, 0x6c, 0x65, 0x74, 0x74, 0x65
  .byte 0x72, 0x2d, 0x73, 0x70, 0x61, 0x63, 0x69, 0x6e, 0x67, 0x2d, 0x74, 0x69, 0x67, 0x68, 0x74, 0x29
  .byte 0x3b, 0x0a, 0x20, 0x20, 0x2f, 0x2a, 0x20, 0x48, 0x65, 0x61, 0x64, 0x69, 0x6e, 0x67, 0x3a, 0x20
  .byte 0x65, 0x78, 0x74, 0x72, 0x61, 0x20, 0x6c, 0x61, 0x72, 0x67, 0x65, 0x20, 0x2a, 0x2f, 0x0a, 0x20
  .byte 0x20, 0x2d, 0x2d, 0x74, 0x65, 0x78, 0x74, 0x2d, 0x68, 0x65, 0x61, 0x64, 0x69, 0x6e, 0x67, 0x2d
  .byte 0x78, 0x6c, 0x3a, 0x20, 0x76, 0x61, 0x72, 0x28, 0x2d, 0x2d, 0x66, 0x6f, 0x6e, 0x74, 0x2d, 0x77
  .byte 0x65, 0x69, 0x67, 0x68, 0x74, 0x2d, 0x68, 0x65, 0x61, 0x76, 0x79, 0x29, 0x20, 0x76, 0x61, 0x72
  .byte 0x28, 0x2d, 0x2d, 0x66, 0x6f, 0x6e, 0x74, 0x2d, 0x73, 0x69, 0x7a, 0x65, 0x2d, 0x34, 0x78, 0x6c
  .byte 0x29, 0x20, 0x2f, 0x0a, 0x20, 0x20, 0x20, 0x20, 0x76, 0x61, 0x72, 0x28, 0x2d, 0x2d, 0x6c, 0x69
  .byte 0x6e, 0x65, 0x2d, 0x68, 0x65, 0x69, 0x67, 0x68, 0x74, 0x2d, 0x68, 0x65, 0x61, 0x64, 0x69, 0x6e
  .byte 0x67, 0x2d, 0x6c, 0x61, 0x72, 0x67, 0x65, 0x29, 0x20, 0x76, 0x61, 0x72, 0x28, 0x2d, 0x2d, 0x66
  .byte 0x6f, 0x6e, 0x74, 0x2d, 0x68, 0x65, 0x61, 0x64, 0x69, 0x6e, 0x67, 0x29, 0x3b, 0x0a, 0x20, 0x20
  .byte 0x2d, 0x2d, 0x74, 0x65, 0x78, 0x74, 0x2d, 0x68, 0x65, 0x61, 0x64, 0x69, 0x6e, 0x67, 0x2d, 0x78
  .byte 0x6c, 0x2d, 0x6c, 0x65, 0x74, 0x74, 0x65, 0x72, 0x2d, 0x73, 0x70, 0x61, 0x63, 0x69, 0x6e, 0x67
  .byte 0x3a, 0x20, 0x76, 0x61, 0x72, 0x28, 0x2d, 0x2d, 0x6c, 0x65, 0x74, 0x74, 0x65, 0x72, 0x2d, 0x73
  .byte 0x70, 0x61, 0x63, 0x69, 0x6e, 0x67, 0x2d, 0x74, 0x69, 0x67, 0x68, 0x74, 0x29, 0x3b, 0x0a, 0x0a
  .byte 0x20, 0x20, 0x2f, 0x2a, 0x20, 0x43, 0x6f, 0x6d, 0x70, 0x6f, 0x75, 0x6e, 0x64, 0x20, 0x74, 0x79
  .byte 0x70, 0x6f, 0x67, 0x72, 0x61, 0x70, 0x68, 0x79, 0x3a, 0x20, 0x6c, 0x61, 0x62, 0x65, 0x6c, 0x20
  .byte 0x2a, 0x2f, 0x0a, 0x20, 0x20, 0x2f, 0x2a, 0x20, 0x4c, 0x61, 0x62, 0x65, 0x6c, 0x3a, 0x20, 0x65
  .byte 0x78, 0x74, 0x72, 0x61, 0x20, 0x73, 0x6d, 0x61, 0x6c, 0x6c, 0x20, 0x2a, 0x2f, 0x0a, 0x20, 0x20
  .byte 0x2d, 0x2d, 0x74, 0x65, 0x78, 0x74, 0x2d, 0x6c, 0x61, 0x62, 0x65, 0x6c, 0x2d, 0x78, 0x73, 0x3a
  .byte 0x20, 0x76, 0x61, 0x72, 0x28, 0x2d, 0x2d, 0x66, 0x6f, 0x6e, 0x74, 0x2d, 0x77, 0x65, 0x69, 0x67
  .byte 0x68, 0x74, 0x2d, 0x72, 0x65, 0x67, 0x75, 0x6c, 0x61, 0x72, 0x29, 0x20, 0x76, 0x61, 0x72, 0x28
  .byte 0x2d, 0x2d, 0x66, 0x6f, 0x6e, 0x74, 0x2d, 0x73, 0x69, 0x7a, 0x65, 0x2d, 0x78, 0x73, 0x29, 0x20
  .byte 0x2f, 0x20, 0x76, 0x61, 0x72, 0x28, 0x2d, 0x2d, 0x6c, 0x69, 0x6e, 0x65, 0x2d, 0x68, 0x65, 0x69
  .byte 0x67, 0x68, 0x74, 0x2d, 0x6c, 0x61, 0x62, 0x65, 0x6c, 0x29, 0x0a, 0x20, 0x20, 0x20, 0x20, 0x76
  .byte 0x61, 0x72, 0x28, 0x2d, 0x2d, 0x66, 0x6f, 0x6e, 0x74, 0x2d, 0x6c, 0x61, 0x62, 0x65, 0x6c, 0x29
  .byte 0x3b, 0x0a, 0x20, 0x20, 0x2d, 0x2d, 0x74, 0x65, 0x78, 0x74, 0x2d, 0x6c, 0x61, 0x62, 0x65, 0x6c
  .byte 0x2d, 0x78, 0x73, 0x2d, 0x6c, 0x65, 0x74, 0x74, 0x65, 0x72, 0x2d, 0x73, 0x70, 0x61, 0x63, 0x69
  .byte 0x6e, 0x67, 0x3a, 0x20, 0x76, 0x61, 0x72, 0x28, 0x2d, 0x2d, 0x6c, 0x65, 0x74, 0x74, 0x65, 0x72
  .byte 0x2d, 0x73, 0x70, 0x61, 0x63, 0x69, 0x6e, 0x67, 0x2d, 0x6e, 0x6f, 0x72, 0x6d, 0x61, 0x6c, 0x29
  .byte 0x3b, 0x0a, 0x20, 0x20, 0x2d, 0x2d, 0x74, 0x65, 0x78, 0x74, 0x2d, 0x6c, 0x61, 0x62, 0x65, 0x6c
  .byte 0x2d, 0x78, 0x73, 0x2d, 0x68, 0x65, 0x61, 0x76, 0x79, 0x3a, 0x20, 0x76, 0x61, 0x72, 0x28, 0x2d
  .byte 0x2d, 0x66, 0x6f, 0x6e, 0x74, 0x2d, 0x77, 0x65, 0x69, 0x67, 0x68, 0x74, 0x2d, 0x6d, 0x65, 0x64
  .byte 0x69, 0x75, 0x6d, 0x29, 0x20, 0x76, 0x61, 0x72, 0x28, 0x2d, 0x2d, 0x66, 0x6f, 0x6e, 0x74, 0x2d
  .byte 0x73, 0x69, 0x7a, 0x65, 0x2d, 0x78, 0x73, 0x29, 0x20, 0x2f, 0x20, 0x76, 0x61, 0x72, 0x28, 0x2d
  .byte 0x2d, 0x6c, 0x69, 0x6e, 0x65, 0x2d, 0x68, 0x65, 0x69, 0x67, 0x68, 0x74, 0x2d, 0x6c, 0x61, 0x62
  .byte 0x65, 0x6c, 0x29, 0x0a, 0x20, 0x20, 0x20, 0x20, 0x76, 0x61, 0x72, 0x28, 0x2d, 0x2d, 0x66, 0x6f
  .byte 0x6e, 0x74, 0x2d, 0x6c, 0x61, 0x62, 0x65, 0x6c, 0x29, 0x3b, 0x0a, 0x20, 0x20, 0x2d, 0x2d, 0x74
  .byte 0x65, 0x78, 0x74, 0x2d, 0x6c, 0x61, 0x62, 0x65, 0x6c, 0x2d, 0x78, 0x73, 0x2d, 0x68, 0x65, 0x61
  .byte 0x76, 0x79, 0x2d, 0x6c, 0x65, 0x74, 0x74, 0x65, 0x72, 0x2d, 0x73, 0x70, 0x61, 0x63, 0x69, 0x6e
  .byte 0x67, 0x3a, 0x20, 0x76, 0x61, 0x72, 0x28, 0x2d, 0x2d, 0x6c, 0x65, 0x74, 0x74, 0x65, 0x72, 0x2d
  .byte 0x73, 0x70, 0x61, 0x63, 0x69, 0x6e, 0x67, 0x2d, 0x6e, 0x6f, 0x72, 0x6d, 0x61, 0x6c, 0x29, 0x3b
  .byte 0x0a, 0x20, 0x20, 0x2f, 0x2a, 0x20, 0x4c, 0x61, 0x62, 0x65, 0x6c, 0x3a, 0x20, 0x73, 0x6d, 0x61
  .byte 0x6c, 0x6c, 0x20, 0x2a, 0x2f, 0x0a, 0x20, 0x20, 0x2d, 0x2d, 0x74, 0x65, 0x78, 0x74, 0x2d, 0x6c
  .byte 0x61, 0x62, 0x65, 0x6c, 0x2d, 0x73, 0x6d, 0x3a, 0x20, 0x76, 0x61, 0x72, 0x28, 0x2d, 0x2d, 0x66
  .byte 0x6f, 0x6e, 0x74, 0x2d, 0x77, 0x65, 0x69, 0x67, 0x68, 0x74, 0x2d, 0x72, 0x65, 0x67, 0x75, 0x6c
  .byte 0x61, 0x72, 0x29, 0x20, 0x76, 0x61, 0x72, 0x28, 0x2d, 0x2d, 0x66, 0x6f, 0x6e, 0x74, 0x2d, 0x73
  .byte 0x69, 0x7a, 0x65, 0x2d, 0x73, 0x6d, 0x29, 0x20, 0x2f, 0x20, 0x76, 0x61, 0x72, 0x28, 0x2d, 0x2d
  .byte 0x6c, 0x69, 0x6e, 0x65, 0x2d, 0x68, 0x65, 0x69, 0x67, 0x68, 0x74, 0x2d, 0x6c, 0x61, 0x62, 0x65
  .byte 0x6c, 0x29, 0x0a, 0x20, 0x20, 0x20, 0x20, 0x76, 0x61, 0x72, 0x28, 0x2d, 0x2d, 0x66, 0x6f, 0x6e
  .byte 0x74, 0x2d, 0x6c, 0x61, 0x62, 0x65, 0x6c, 0x29, 0x3b, 0x0a, 0x20, 0x20, 0x2d, 0x2d, 0x74, 0x65
  .byte 0x78, 0x74, 0x2d, 0x6c, 0x61, 0x62, 0x65, 0x6c, 0x2d, 0x73, 0x6d, 0x2d, 0x6c, 0x65, 0x74, 0x74
  .byte 0x65, 0x72, 0x2d, 0x73, 0x70, 0x61, 0x63, 0x69, 0x6e, 0x67, 0x3a, 0x20, 0x76, 0x61, 0x72, 0x28
  .byte 0x2d, 0x2d, 0x6c, 0x65, 0x74, 0x74, 0x65, 0x72, 0x2d, 0x73, 0x70, 0x61, 0x63, 0x69, 0x6e, 0x67
  .byte 0x2d, 0x6e, 0x6f, 0x72, 0x6d, 0x61, 0x6c, 0x29, 0x3b, 0x0a, 0x20, 0x20, 0x2d, 0x2d, 0x74, 0x65
  .byte 0x78, 0x74, 0x2d, 0x6c, 0x61, 0x62, 0x65, 0x6c, 0x2d, 0x73, 0x6d, 0x2d, 0x68, 0x65, 0x61, 0x76
  .byte 0x79, 0x3a, 0x20, 0x76, 0x61, 0x72, 0x28, 0x2d, 0x2d, 0x66, 0x6f, 0x6e, 0x74, 0x2d, 0x77, 0x65
  .byte 0x69, 0x67, 0x68, 0x74, 0x2d, 0x6d, 0x65, 0x64, 0x69, 0x75, 0x6d, 0x29, 0x20, 0x76, 0x61, 0x72
  .byte 0x28, 0x2d, 0x2d, 0x66, 0x6f, 0x6e, 0x74, 0x2d, 0x73, 0x69, 0x7a, 0x65, 0x2d, 0x73, 0x6d, 0x29
  .byte 0x20, 0x2f, 0x20, 0x76, 0x61, 0x72, 0x28, 0x2d, 0x2d, 0x6c, 0x69, 0x6e, 0x65, 0x2d, 0x68, 0x65
  .byte 0x69, 0x67, 0x68, 0x74, 0x2d, 0x6c, 0x61, 0x62, 0x65, 0x6c, 0x29, 0x0a, 0x20, 0x20, 0x20, 0x20
  .byte 0x76, 0x61, 0x72, 0x28, 0x2d, 0x2d, 0x66, 0x6f, 0x6e, 0x74, 0x2d, 0x6c, 0x61, 0x62, 0x65, 0x6c
  .byte 0x29, 0x3b, 0x0a, 0x20, 0x20, 0x2d, 0x2d, 0x74, 0x65, 0x78, 0x74, 0x2d, 0x6c, 0x61, 0x62, 0x65
  .byte 0x6c, 0x2d, 0x73, 0x6d, 0x2d, 0x68, 0x65, 0x61, 0x76, 0x79, 0x2d, 0x6c, 0x65, 0x74, 0x74, 0x65
  .byte 0x72, 0x2d, 0x73, 0x70, 0x61, 0x63, 0x69, 0x6e, 0x67, 0x3a, 0x20, 0x76, 0x61, 0x72, 0x28, 0x2d
  .byte 0x2d, 0x6c, 0x65, 0x74, 0x74, 0x65, 0x72, 0x2d, 0x73, 0x70, 0x61, 0x63, 0x69, 0x6e, 0x67, 0x2d
  .byte 0x6e, 0x6f, 0x72, 0x6d, 0x61, 0x6c, 0x29, 0x3b, 0x0a, 0x20, 0x20, 0x2f, 0x2a, 0x20, 0x4c, 0x61
  .byte 0x62, 0x65, 0x6c, 0x3a, 0x20, 0x64, 0x65, 0x66, 0x61, 0x75, 0x6c, 0x74, 0x20, 0x2a, 0x2f, 0x0a
  .byte 0x20, 0x20, 0x2d, 0x2d, 0x74, 0x65, 0x78, 0x74, 0x2d, 0x6c, 0x61, 0x62, 0x65, 0x6c, 0x2d, 0x64
  .byte 0x65, 0x66, 0x61, 0x75, 0x6c, 0x74, 0x3a, 0x20, 0x76, 0x61, 0x72, 0x28, 0x2d, 0x2d, 0x66, 0x6f
  .byte 0x6e, 0x74, 0x2d, 0x77, 0x65, 0x69, 0x67, 0x68, 0x74, 0x2d, 0x72, 0x65, 0x67, 0x75, 0x6c, 0x61
  .byte 0x72, 0x29, 0x20, 0x76, 0x61, 0x72, 0x28, 0x2d, 0x2d, 0x66, 0x6f, 0x6e, 0x74, 0x2d, 0x73, 0x69
  .byte 0x7a, 0x65, 0x2d, 0x6d, 0x64, 0x29, 0x20, 0x2f, 0x20, 0x76, 0x61, 0x72, 0x28, 0x2d, 0x2d, 0x6c
  .byte 0x69, 0x6e, 0x65, 0x2d, 0x68, 0x65, 0x69, 0x67, 0x68, 0x74, 0x2d, 0x6c, 0x61, 0x62, 0x65, 0x6c
  .byte 0x29, 0x0a, 0x20, 0x20, 0x20, 0x20, 0x76, 0x61, 0x72, 0x28, 0x2d, 0x2d, 0x66, 0x6f, 0x6e, 0x74
  .byte 0x2d, 0x6c, 0x61, 0x62, 0x65, 0x6c, 0x29, 0x3b, 0x0a, 0x20, 0x20, 0x2d, 0x2d, 0x74, 0x65, 0x78
  .byte 0x74, 0x2d, 0x6c, 0x61, 0x62, 0x65, 0x6c, 0x2d, 0x64, 0x65, 0x66, 0x61, 0x75, 0x6c, 0x74, 0x2d
  .byte 0x6c, 0x65, 0x74, 0x74, 0x65, 0x72, 0x2d, 0x73, 0x70, 0x61, 0x63, 0x69, 0x6e, 0x67, 0x3a, 0x20
  .byte 0x76, 0x61, 0x72, 0x28, 0x2d, 0x2d, 0x6c, 0x65, 0x74, 0x74, 0x65, 0x72, 0x2d, 0x73, 0x70, 0x61
  .byte 0x63, 0x69, 0x6e, 0x67, 0x2d, 0x6e, 0x6f, 0x72, 0x6d, 0x61, 0x6c, 0x29, 0x3b, 0x0a, 0x20, 0x20
  .byte 0x2d, 0x2d, 0x74, 0x65, 0x78, 0x74, 0x2d, 0x6c, 0x61, 0x62, 0x65, 0x6c, 0x2d, 0x64, 0x65, 0x66
  .byte 0x61, 0x75, 0x6c, 0x74, 0x2d, 0x68, 0x65, 0x61, 0x76, 0x79, 0x3a, 0x20, 0x76, 0x61, 0x72, 0x28
  .byte 0x2d, 0x2d, 0x66, 0x6f, 0x6e, 0x74, 0x2d, 0x77, 0x65, 0x69, 0x67, 0x68, 0x74, 0x2d, 0x6d, 0x65
  .byte 0x64, 0x69, 0x75, 0x6d, 0x29, 0x20, 0x76, 0x61, 0x72, 0x28, 0x2d, 0x2d, 0x66, 0x6f, 0x6e, 0x74
  .byte 0x2d, 0x73, 0x69, 0x7a, 0x65, 0x2d, 0x6d, 0x64, 0x29, 0x20, 0x2f, 0x0a, 0x20, 0x20, 0x20, 0x20
  .byte 0x76, 0x61, 0x72, 0x28, 0x2d, 0x2d, 0x6c, 0x69, 0x6e, 0x65, 0x2d, 0x68, 0x65, 0x69, 0x67, 0x68
  .byte 0x74, 0x2d, 0x6c, 0x61, 0x62, 0x65, 0x6c, 0x29, 0x20, 0x76, 0x61, 0x72, 0x28, 0x2d, 0x2d, 0x66
  .byte 0x6f, 0x6e, 0x74, 0x2d, 0x6c, 0x61, 0x62, 0x65, 0x6c, 0x29, 0x3b, 0x0a, 0x20, 0x20, 0x2d, 0x2d
  .byte 0x74, 0x65, 0x78, 0x74, 0x2d, 0x6c, 0x61, 0x62, 0x65, 0x6c, 0x2d, 0x64, 0x65, 0x66, 0x61, 0x75
  .byte 0x6c, 0x74, 0x2d, 0x68, 0x65, 0x61, 0x76, 0x79, 0x2d, 0x6c, 0x65, 0x74, 0x74, 0x65, 0x72, 0x2d
  .byte 0x73, 0x70, 0x61, 0x63, 0x69, 0x6e, 0x67, 0x3a, 0x20, 0x76, 0x61, 0x72, 0x28, 0x2d, 0x2d, 0x6c
  .byte 0x65, 0x74, 0x74, 0x65, 0x72, 0x2d, 0x73, 0x70, 0x61, 0x63, 0x69, 0x6e, 0x67, 0x2d, 0x6e, 0x6f
  .byte 0x72, 0x6d, 0x61, 0x6c, 0x29, 0x3b, 0x0a, 0x20, 0x20, 0x2f, 0x2a, 0x20, 0x4c, 0x61, 0x62, 0x65
  .byte 0x6c, 0x3a, 0x20, 0x6c, 0x61, 0x72, 0x67, 0x65, 0x20, 0x2a, 0x2f, 0x0a, 0x20, 0x20, 0x2d, 0x2d
  .byte 0x74, 0x65, 0x78, 0x74, 0x2d, 0x6c, 0x61, 0x62, 0x65, 0x6c, 0x2d, 0x6c, 0x67, 0x3a, 0x20, 0x76
  .byte 0x61, 0x72, 0x28, 0x2d, 0x2d, 0x66, 0x6f, 0x6e, 0x74, 0x2d, 0x77, 0x65, 0x69, 0x67, 0x68, 0x74
  .byte 0x2d, 0x72, 0x65, 0x67, 0x75, 0x6c, 0x61, 0x72, 0x29, 0x20, 0x76, 0x61, 0x72, 0x28, 0x2d, 0x2d
  .byte 0x66, 0x6f, 0x6e, 0x74, 0x2d, 0x73, 0x69, 0x7a, 0x65, 0x2d, 0x6c, 0x67, 0x29, 0x20, 0x2f, 0x20
  .byte 0x76, 0x61, 0x72, 0x28, 0x2d, 0x2d, 0x6c, 0x69, 0x6e, 0x65, 0x2d, 0x68, 0x65, 0x69, 0x67, 0x68
  .byte 0x74, 0x2d, 0x6c, 0x61, 0x62, 0x65, 0x6c, 0x29, 0x0a, 0x20, 0x20, 0x20, 0x20, 0x76, 0x61, 0x72
  .byte 0x28, 0x2d, 0x2d, 0x66, 0x6f, 0x6e, 0x74, 0x2d, 0x6c, 0x61, 0x62, 0x65, 0x6c, 0x29, 0x3b, 0x0a
  .byte 0x20, 0x20, 0x2d, 0x2d, 0x74, 0x65, 0x78, 0x74, 0x2d, 0x6c, 0x61, 0x62, 0x65, 0x6c, 0x2d, 0x6c
  .byte 0x67, 0x2d, 0x6c, 0x65, 0x74, 0x74, 0x65, 0x72, 0x2d, 0x73, 0x70, 0x61, 0x63, 0x69, 0x6e, 0x67
  .byte 0x3a, 0x20, 0x76, 0x61, 0x72, 0x28, 0x2d, 0x2d, 0x6c, 0x65, 0x74, 0x74, 0x65, 0x72, 0x2d, 0x73
  .byte 0x70, 0x61, 0x63, 0x69, 0x6e, 0x67, 0x2d, 0x6e, 0x6f, 0x72, 0x6d, 0x61, 0x6c, 0x29, 0x3b, 0x0a
  .byte 0x20, 0x20, 0x2d, 0x2d, 0x74, 0x65, 0x78, 0x74, 0x2d, 0x6c, 0x61, 0x62, 0x65, 0x6c, 0x2d, 0x6c
  .byte 0x67, 0x2d, 0x68, 0x65, 0x61, 0x76, 0x79, 0x3a, 0x20, 0x76, 0x61, 0x72, 0x28, 0x2d, 0x2d, 0x66
  .byte 0x6f, 0x6e, 0x74, 0x2d, 0x77, 0x65, 0x69, 0x67, 0x68, 0x74, 0x2d, 0x6d, 0x65, 0x64, 0x69, 0x75
  .byte 0x6d, 0x29, 0x20, 0x76, 0x61, 0x72, 0x28, 0x2d, 0x2d, 0x66, 0x6f, 0x6e, 0x74, 0x2d, 0x73, 0x69
  .byte 0x7a, 0x65, 0x2d, 0x6c, 0x67, 0x29, 0x20, 0x2f, 0x20, 0x76, 0x61, 0x72, 0x28, 0x2d, 0x2d, 0x6c
  .byte 0x69, 0x6e, 0x65, 0x2d, 0x68, 0x65, 0x69, 0x67, 0x68, 0x74, 0x2d, 0x6c, 0x61, 0x62, 0x65, 0x6c
  .byte 0x29, 0x0a, 0x20, 0x20, 0x20, 0x20, 0x76, 0x61, 0x72, 0x28, 0x2d, 0x2d, 0x66, 0x6f, 0x6e, 0x74
  .byte 0x2d, 0x6c, 0x61, 0x62, 0x65, 0x6c, 0x29, 0x3b, 0x0a, 0x20, 0x20, 0x2d, 0x2d, 0x74, 0x65, 0x78
  .byte 0x74, 0x2d, 0x6c, 0x61, 0x62, 0x65, 0x6c, 0x2d, 0x6c, 0x67, 0x2d, 0x68, 0x65, 0x61, 0x76, 0x79
  .byte 0x2d, 0x6c, 0x65, 0x74, 0x74, 0x65, 0x72, 0x2d, 0x73, 0x70, 0x61, 0x63, 0x69, 0x6e, 0x67, 0x3a
  .byte 0x20, 0x76, 0x61, 0x72, 0x28, 0x2d, 0x2d, 0x6c, 0x65, 0x74, 0x74, 0x65, 0x72, 0x2d, 0x73, 0x70
  .byte 0x61, 0x63, 0x69, 0x6e, 0x67, 0x2d, 0x6e, 0x6f, 0x72, 0x6d, 0x61, 0x6c, 0x29, 0x3b, 0x0a, 0x0a
  .byte 0x20, 0x20, 0x2f, 0x2a, 0x20, 0x43, 0x6f, 0x6d, 0x70, 0x6f, 0x75, 0x6e, 0x64, 0x20, 0x74, 0x79
  .byte 0x70, 0x6f, 0x67, 0x72, 0x61, 0x70, 0x68, 0x79, 0x3a, 0x20, 0x6e, 0x75, 0x6d, 0x62, 0x65, 0x72
  .byte 0x73, 0x20, 0x2a, 0x2f, 0x0a, 0x20, 0x20, 0x2f, 0x2a, 0x20, 0x4e, 0x75, 0x6d, 0x62, 0x65, 0x72
  .byte 0x20, 0x76, 0x61, 0x72, 0x69, 0x61, 0x62, 0x6c, 0x65, 0x73, 0x3a, 0x0a, 0x20, 0x20, 0x20, 0x20
  .byte 0x20, 0x2d, 0x2d, 0x74, 0x65, 0x78, 0x74, 0x2d, 0x6e, 0x75, 0x6d, 0x62, 0x65, 0x72, 0x73, 0x2d
  .byte 0x78, 0x73, 0x2c, 0x20, 0x2d, 0x2d, 0x74, 0x65, 0x78, 0x74, 0x2d, 0x6e, 0x75, 0x6d, 0x62, 0x65
  .byte 0x72, 0x73, 0x2d, 0x78, 0x73, 0x2d, 0x68, 0x65, 0x61, 0x76, 0x79, 0x0a, 0x20, 0x20, 0x20, 0x20
  .byte 0x20, 0x2d, 0x2d, 0x74, 0x65, 0x78, 0x74, 0x2d, 0x6e, 0x75, 0x6d, 0x62, 0x65, 0x72, 0x73, 0x2d
  .byte 0x73, 0x6d, 0x2c, 0x20, 0x2d, 0x2d, 0x74, 0x65, 0x78, 0x74, 0x2d, 0x6e, 0x75, 0x6d, 0x62, 0x65
  .byte 0x72, 0x73, 0x2d, 0x73, 0x6d, 0x2d, 0x68, 0x65, 0x61, 0x76, 0x79, 0x0a, 0x20, 0x20, 0x20, 0x20
  .byte 0x20, 0x2d, 0x2d, 0x74, 0x65, 0x78, 0x74, 0x2d, 0x6e, 0x75, 0x6d, 0x62, 0x65, 0x72, 0x73, 0x2d
  .byte 0x64, 0x65, 0x66, 0x61, 0x75, 0x6c, 0x74, 0x2c, 0x20, 0x2d, 0x2d, 0x74, 0x65, 0x78, 0x74, 0x2d
  .byte 0x6e, 0x75, 0x6d, 0x62, 0x65, 0x72, 0x73, 0x2d, 0x64, 0x65, 0x66, 0x61, 0x75, 0x6c, 0x74, 0x2d
  .byte 0x68, 0x65, 0x61, 0x76, 0x79, 0x0a, 0x20, 0x20, 0x20, 0x20, 0x20, 0x2d, 0x2d, 0x74, 0x65, 0x78
  .byte 0x74, 0x2d, 0x6e, 0x75, 0x6d, 0x62, 0x65, 0x72, 0x73, 0x2d, 0x6c, 0x67, 0x2c, 0x20, 0x2d, 0x2d
  .byte 0x74, 0x65, 0x78, 0x74, 0x2d, 0x6e, 0x75, 0x6d, 0x62, 0x65, 0x72, 0x73, 0x2d, 0x6c, 0x67, 0x2d
  .byte 0x68, 0x65, 0x61, 0x76, 0x79, 0x20, 0x2a, 0x2f, 0x0a, 0x20, 0x20, 0x2f, 0x2a, 0x20, 0x4e, 0x75
  .byte 0x6d, 0x62, 0x65, 0x72, 0x73, 0x3a, 0x20, 0x65, 0x78, 0x74, 0x72, 0x61, 0x20, 0x73, 0x6d, 0x61
  .byte 0x6c, 0x6c, 0x20, 0x2a, 0x2f, 0x0a, 0x20, 0x20, 0x2d, 0x2d, 0x74, 0x65, 0x78, 0x74, 0x2d, 0x6e
  .byte 0x75, 0x6d, 0x62, 0x65, 0x72, 0x73, 0x2d, 0x78, 0x73, 0x3a, 0x20, 0x76, 0x61, 0x72, 0x28, 0x2d
  .byte 0x2d, 0x66, 0x6f, 0x6e, 0x74, 0x2d, 0x77, 0x65, 0x69, 0x67, 0x68, 0x74, 0x2d, 0x72, 0x65, 0x67
  .byte 0x75, 0x6c, 0x61, 0x72, 0x29, 0x20, 0x76, 0x61, 0x72, 0x28, 0x2d, 0x2d, 0x66, 0x6f, 0x6e, 0x74
  .byte 0x2d, 0x73, 0x69, 0x7a, 0x65, 0x2d, 0x78, 0x73, 0x29, 0x20, 0x2f, 0x20, 0x76, 0x61, 0x72, 0x28
  .byte 0x2d, 0x2d, 0x6c, 0x69, 0x6e, 0x65, 0x2d, 0x68, 0x65, 0x69, 0x67, 0x68, 0x74, 0x2d, 0x62, 0x6f
  .byte 0x64, 0x79, 0x29, 0x0a, 0x20, 0x20, 0x20, 0x20, 0x76, 0x61, 0x72, 0x28, 0x2d, 0x2d, 0x66, 0x6f
  .byte 0x6e, 0x74, 0x2d, 0x6e, 0x75, 0x6d, 0x62, 0x65, 0x72, 0x73, 0x29, 0x3b, 0x0a, 0x20, 0x20, 0x2d
  .byte 0x2d, 0x74, 0x65, 0x78, 0x74, 0x2d, 0x6e, 0x75, 0x6d, 0x62, 0x65, 0x72, 0x73, 0x2d, 0x78, 0x73
  .byte 0x2d, 0x6c, 0x65, 0x74, 0x74, 0x65, 0x72, 0x2d, 0x73, 0x70, 0x61, 0x63, 0x69, 0x6e, 0x67, 0x3a
  .byte 0x20, 0x76, 0x61, 0x72, 0x28, 0x2d, 0x2d, 0x6c, 0x65, 0x74, 0x74, 0x65, 0x72, 0x2d, 0x73, 0x70
  .byte 0x61, 0x63, 0x69, 0x6e, 0x67, 0x2d, 0x6e, 0x6f, 0x72, 0x6d, 0x61, 0x6c, 0x29, 0x3b, 0x0a, 0x20
  .byte 0x20, 0x2d, 0x2d, 0x74, 0x65, 0x78, 0x74, 0x2d, 0x6e, 0x75, 0x6d, 0x62, 0x65, 0x72, 0x73, 0x2d
  .byte 0x78, 0x73, 0x2d, 0x68, 0x65, 0x61, 0x76, 0x79, 0x3a, 0x20, 0x76, 0x61, 0x72, 0x28, 0x2d, 0x2d
  .byte 0x66, 0x6f, 0x6e, 0x74, 0x2d, 0x77, 0x65, 0x69, 0x67, 0x68, 0x74, 0x2d, 0x6d, 0x65, 0x64, 0x69
  .byte 0x75, 0x6d, 0x29, 0x20, 0x76, 0x61, 0x72, 0x28, 0x2d, 0x2d, 0x66, 0x6f, 0x6e, 0x74, 0x2d, 0x73
  .byte 0x69, 0x7a, 0x65, 0x2d, 0x78, 0x73, 0x29, 0x20, 0x2f, 0x20, 0x76, 0x61, 0x72, 0x28, 0x2d, 0x2d
  .byte 0x6c, 0x69, 0x6e, 0x65, 0x2d, 0x68, 0x65, 0x69, 0x67, 0x68, 0x74, 0x2d, 0x62, 0x6f, 0x64, 0x79
  .byte 0x29, 0x0a, 0x20, 0x20, 0x20, 0x20, 0x76, 0x61, 0x72, 0x28, 0x2d, 0x2d, 0x66, 0x6f, 0x6e, 0x74
  .byte 0x2d, 0x6e, 0x75, 0x6d, 0x62, 0x65, 0x72, 0x73, 0x29, 0x3b, 0x0a, 0x20, 0x20, 0x2d, 0x2d, 0x74
  .byte 0x65, 0x78, 0x74, 0x2d, 0x6e, 0x75, 0x6d, 0x62, 0x65, 0x72, 0x73, 0x2d, 0x78, 0x73, 0x2d, 0x68
  .byte 0x65, 0x61, 0x76, 0x79, 0x2d, 0x6c, 0x65, 0x74, 0x74, 0x65, 0x72, 0x2d, 0x73, 0x70, 0x61, 0x63
  .byte 0x69, 0x6e, 0x67, 0x3a, 0x20, 0x76, 0x61, 0x72, 0x28, 0x2d, 0x2d, 0x6c, 0x65, 0x74, 0x74, 0x65
  .byte 0x72, 0x2d, 0x73, 0x70, 0x61, 0x63, 0x69, 0x6e, 0x67, 0x2d, 0x6e, 0x6f, 0x72, 0x6d, 0x61, 0x6c
  .byte 0x29, 0x3b, 0x0a, 0x20, 0x20, 0x2f, 0x2a, 0x20, 0x4e, 0x75, 0x6d, 0x62, 0x65, 0x72, 0x73, 0x3a
  .byte 0x20, 0x73, 0x6d, 0x61, 0x6c, 0x6c, 0x20, 0x2a, 0x2f, 0x0a, 0x20, 0x20, 0x2d, 0x2d, 0x74, 0x65
  .byte 0x78, 0x74, 0x2d, 0x6e, 0x75, 0x6d, 0x62, 0x65, 0x72, 0x73, 0x2d, 0x73, 0x6d, 0x3a, 0x20, 0x76
  .byte 0x61, 0x72, 0x28, 0x2d, 0x2d, 0x66, 0x6f, 0x6e, 0x74, 0x2d, 0x77, 0x65, 0x69, 0x67, 0x68, 0x74
  .byte 0x2d, 0x72, 0x65, 0x67, 0x75, 0x6c, 0x61, 0x72, 0x29, 0x20, 0x76, 0x61, 0x72, 0x28, 0x2d, 0x2d
  .byte 0x66, 0x6f, 0x6e, 0x74, 0x2d, 0x73, 0x69, 0x7a, 0x65, 0x2d, 0x73, 0x6d, 0x29, 0x20, 0x2f, 0x20
  .byte 0x76, 0x61, 0x72, 0x28, 0x2d, 0x2d, 0x6c, 0x69, 0x6e, 0x65, 0x2d, 0x68, 0x65, 0x69, 0x67, 0x68
  .byte 0x74, 0x2d, 0x62, 0x6f, 0x64, 0x79, 0x29, 0x0a, 0x20, 0x20, 0x20, 0x20, 0x76, 0x61, 0x72, 0x28
  .byte 0x2d, 0x2d, 0x66, 0x6f, 0x6e, 0x74, 0x2d, 0x6e, 0x75, 0x6d, 0x62, 0x65, 0x72, 0x73, 0x29, 0x3b
  .byte 0x0a, 0x20, 0x20, 0x2d, 0x2d, 0x74, 0x65, 0x78, 0x74, 0x2d, 0x6e, 0x75, 0x6d, 0x62, 0x65, 0x72
  .byte 0x73, 0x2d, 0x73, 0x6d, 0x2d, 0x6c, 0x65, 0x74, 0x74, 0x65, 0x72, 0x2d, 0x73, 0x70, 0x61, 0x63
  .byte 0x69, 0x6e, 0x67, 0x3a, 0x20, 0x76, 0x61, 0x72, 0x28, 0x2d, 0x2d, 0x6c, 0x65, 0x74, 0x74, 0x65
  .byte 0x72, 0x2d, 0x73, 0x70, 0x61, 0x63, 0x69, 0x6e, 0x67, 0x2d, 0x6e, 0x6f, 0x72, 0x6d, 0x61, 0x6c
  .byte 0x29, 0x3b, 0x0a, 0x20, 0x20, 0x2d, 0x2d, 0x74, 0x65, 0x78, 0x74, 0x2d, 0x6e, 0x75, 0x6d, 0x62
  .byte 0x65, 0x72, 0x73, 0x2d, 0x73, 0x6d, 0x2d, 0x68, 0x65, 0x61, 0x76, 0x79, 0x3a, 0x20, 0x76, 0x61
  .byte 0x72, 0x28, 0x2d, 0x2d, 0x66, 0x6f, 0x6e, 0x74, 0x2d, 0x77, 0x65, 0x69, 0x67, 0x68, 0x74, 0x2d
  .byte 0x6d, 0x65, 0x64, 0x69, 0x75, 0x6d, 0x29, 0x20, 0x76, 0x61, 0x72, 0x28, 0x2d, 0x2d, 0x66, 0x6f
  .byte 0x6e, 0x74, 0x2d, 0x73, 0x69, 0x7a, 0x65, 0x2d, 0x73, 0x6d, 0x29, 0x20, 0x2f, 0x20, 0x76, 0x61
  .byte 0x72, 0x28, 0x2d, 0x2d, 0x6c, 0x69, 0x6e, 0x65, 0x2d, 0x68, 0x65, 0x69, 0x67, 0x68, 0x74, 0x2d
  .byte 0x62, 0x6f, 0x64, 0x79, 0x29, 0x0a, 0x20, 0x20, 0x20, 0x20, 0x76, 0x61, 0x72, 0x28, 0x2d, 0x2d
  .byte 0x66, 0x6f, 0x6e, 0x74, 0x2d, 0x6e, 0x75, 0x6d, 0x62, 0x65, 0x72, 0x73, 0x29, 0x3b, 0x0a, 0x20
  .byte 0x20, 0x2d, 0x2d, 0x74, 0x65, 0x78, 0x74, 0x2d, 0x6e, 0x75, 0x6d, 0x62, 0x65, 0x72, 0x73, 0x2d
  .byte 0x73, 0x6d, 0x2d, 0x68, 0x65, 0x61, 0x76, 0x79, 0x2d, 0x6c, 0x65, 0x74, 0x74, 0x65, 0x72, 0x2d
  .byte 0x73, 0x70, 0x61, 0x63, 0x69, 0x6e, 0x67, 0x3a, 0x20, 0x76, 0x61, 0x72, 0x28, 0x2d, 0x2d, 0x6c
  .byte 0x65, 0x74, 0x74, 0x65, 0x72, 0x2d, 0x73, 0x70, 0x61, 0x63, 0x69, 0x6e, 0x67, 0x2d, 0x6e, 0x6f
  .byte 0x72, 0x6d, 0x61, 0x6c, 0x29, 0x3b, 0x0a, 0x20, 0x20, 0x2f, 0x2a, 0x20, 0x4e, 0x75, 0x6d, 0x62
  .byte 0x65, 0x72, 0x73, 0x3a, 0x20, 0x64, 0x65, 0x66, 0x61, 0x75, 0x6c, 0x74, 0x20, 0x2a, 0x2f, 0x0a
  .byte 0x20, 0x20, 0x2d, 0x2d, 0x74, 0x65, 0x78, 0x74, 0x2d, 0x6e, 0x75, 0x6d, 0x62, 0x65, 0x72, 0x73
  .byte 0x2d, 0x64, 0x65, 0x66, 0x61, 0x75, 0x6c, 0x74, 0x3a, 0x20, 0x76, 0x61, 0x72, 0x28, 0x2d, 0x2d
  .byte 0x66, 0x6f, 0x6e, 0x74, 0x2d, 0x77, 0x65, 0x69, 0x67, 0x68, 0x74, 0x2d, 0x72, 0x65, 0x67, 0x75
  .byte 0x6c, 0x61, 0x72, 0x29, 0x20, 0x76, 0x61, 0x72, 0x28, 0x2d, 0x2d, 0x66, 0x6f, 0x6e, 0x74, 0x2d
  .byte 0x73, 0x69, 0x7a, 0x65, 0x2d, 0x6d, 0x64, 0x29, 0x20, 0x2f, 0x20, 0x76, 0x61, 0x72, 0x28, 0x2d
  .byte 0x2d, 0x6c, 0x69, 0x6e, 0x65, 0x2d, 0x68, 0x65, 0x69, 0x67, 0x68, 0x74, 0x2d, 0x62, 0x6f, 0x64
  .byte 0x79, 0x29, 0x0a, 0x20, 0x20, 0x20, 0x20, 0x76, 0x61, 0x72, 0x28, 0x2d, 0x2d, 0x66, 0x6f, 0x6e
  .byte 0x74, 0x2d, 0x6e, 0x75, 0x6d, 0x62, 0x65, 0x72, 0x73, 0x29, 0x3b, 0x0a, 0x20, 0x20, 0x2d, 0x2d
  .byte 0x74, 0x65, 0x78, 0x74, 0x2d, 0x6e, 0x75, 0x6d, 0x62, 0x65, 0x72, 0x73, 0x2d, 0x64, 0x65, 0x66
  .byte 0x61, 0x75, 0x6c, 0x74, 0x2d, 0x6c, 0x65, 0x74, 0x74, 0x65, 0x72, 0x2d, 0x73, 0x70, 0x61, 0x63
  .byte 0x69, 0x6e, 0x67, 0x3a, 0x20, 0x76, 0x61, 0x72, 0x28, 0x2d, 0x2d, 0x6c, 0x65, 0x74, 0x74, 0x65
  .byte 0x72, 0x2d, 0x73, 0x70, 0x61, 0x63, 0x69, 0x6e, 0x67, 0x2d, 0x6e, 0x6f, 0x72, 0x6d, 0x61, 0x6c
  .byte 0x29, 0x3b, 0x0a, 0x20, 0x20, 0x2d, 0x2d, 0x74, 0x65, 0x78, 0x74, 0x2d, 0x6e, 0x75, 0x6d, 0x62
  .byte 0x65, 0x72, 0x73, 0x2d, 0x64, 0x65, 0x66, 0x61, 0x75, 0x6c, 0x74, 0x2d, 0x68, 0x65, 0x61, 0x76
  .byte 0x79, 0x3a, 0x20, 0x76, 0x61, 0x72, 0x28, 0x2d, 0x2d, 0x66, 0x6f, 0x6e, 0x74, 0x2d, 0x77, 0x65
  .byte 0x69, 0x67, 0x68, 0x74, 0x2d, 0x6d, 0x65, 0x64, 0x69, 0x75, 0x6d, 0x29, 0x20, 0x76, 0x61, 0x72
  .byte 0x28, 0x2d, 0x2d, 0x66, 0x6f, 0x6e, 0x74, 0x2d, 0x73, 0x69, 0x7a, 0x65, 0x2d, 0x6d, 0x64, 0x29
  .byte 0x20, 0x2f, 0x0a, 0x20, 0x20, 0x20, 0x20, 0x76, 0x61, 0x72, 0x28, 0x2d, 0x2d, 0x6c, 0x69, 0x6e
  .byte 0x65, 0x2d, 0x68, 0x65, 0x69, 0x67, 0x68, 0x74, 0x2d, 0x62, 0x6f, 0x64, 0x79, 0x29, 0x20, 0x76
  .byte 0x61, 0x72, 0x28, 0x2d, 0x2d, 0x66, 0x6f, 0x6e, 0x74, 0x2d, 0x6e, 0x75, 0x6d, 0x62, 0x65, 0x72
  .byte 0x73, 0x29, 0x3b, 0x0a, 0x20, 0x20, 0x2d, 0x2d, 0x74, 0x65, 0x78, 0x74, 0x2d, 0x6e, 0x75, 0x6d
  .byte 0x62, 0x65, 0x72, 0x73, 0x2d, 0x64, 0x65, 0x66, 0x61, 0x75, 0x6c, 0x74, 0x2d, 0x68, 0x65, 0x61
  .byte 0x76, 0x79, 0x2d, 0x6c, 0x65, 0x74, 0x74, 0x65, 0x72, 0x2d, 0x73, 0x70, 0x61, 0x63, 0x69, 0x6e
  .byte 0x67, 0x3a, 0x20, 0x76, 0x61, 0x72, 0x28, 0x2d, 0x2d, 0x6c, 0x65, 0x74, 0x74, 0x65, 0x72, 0x2d
  .byte 0x73, 0x70, 0x61, 0x63, 0x69, 0x6e, 0x67, 0x2d, 0x6e, 0x6f, 0x72, 0x6d, 0x61, 0x6c, 0x29, 0x3b
  .byte 0x0a, 0x20, 0x20, 0x2f, 0x2a, 0x20, 0x4e, 0x75, 0x6d, 0x62, 0x65, 0x72, 0x73, 0x3a, 0x20, 0x6c
  .byte 0x61, 0x72, 0x67, 0x65, 0x20, 0x2a, 0x2f, 0x0a, 0x20, 0x20, 0x2d, 0x2d, 0x74, 0x65, 0x78, 0x74
  .byte 0x2d, 0x6e, 0x75, 0x6d, 0x62, 0x65, 0x72, 0x73, 0x2d, 0x6c, 0x67, 0x3a, 0x20, 0x76, 0x61, 0x72
  .byte 0x28, 0x2d, 0x2d, 0x66, 0x6f, 0x6e, 0x74, 0x2d, 0x77, 0x65, 0x69, 0x67, 0x68, 0x74, 0x2d, 0x72
  .byte 0x65, 0x67, 0x75, 0x6c, 0x61, 0x72, 0x29, 0x20, 0x76, 0x61, 0x72, 0x28, 0x2d, 0x2d, 0x66, 0x6f
  .byte 0x6e, 0x74, 0x2d, 0x73, 0x69, 0x7a, 0x65, 0x2d, 0x6c, 0x67, 0x29, 0x20, 0x2f, 0x20, 0x76, 0x61
  .byte 0x72, 0x28, 0x2d, 0x2d, 0x6c, 0x69, 0x6e, 0x65, 0x2d, 0x68, 0x65, 0x69, 0x67, 0x68, 0x74, 0x2d
  .byte 0x62, 0x6f, 0x64, 0x79, 0x29, 0x0a, 0x20, 0x20, 0x20, 0x20, 0x76, 0x61, 0x72, 0x28, 0x2d, 0x2d
  .byte 0x66, 0x6f, 0x6e, 0x74, 0x2d, 0x6e, 0x75, 0x6d, 0x62, 0x65, 0x72, 0x73, 0x29, 0x3b, 0x0a, 0x20
  .byte 0x20, 0x2d, 0x2d, 0x74, 0x65, 0x78, 0x74, 0x2d, 0x6e, 0x75, 0x6d, 0x62, 0x65, 0x72, 0x73, 0x2d
  .byte 0x6c, 0x67, 0x2d, 0x6c, 0x65, 0x74, 0x74, 0x65, 0x72, 0x2d, 0x73, 0x70, 0x61, 0x63, 0x69, 0x6e
  .byte 0x67, 0x3a, 0x20, 0x76, 0x61, 0x72, 0x28, 0x2d, 0x2d, 0x6c, 0x65, 0x74, 0x74, 0x65, 0x72, 0x2d
  .byte 0x73, 0x70, 0x61, 0x63, 0x69, 0x6e, 0x67, 0x2d, 0x6e, 0x6f, 0x72, 0x6d, 0x61, 0x6c, 0x29, 0x3b
  .byte 0x0a, 0x20, 0x20, 0x2d, 0x2d, 0x74, 0x65, 0x78, 0x74, 0x2d, 0x6e, 0x75, 0x6d, 0x62, 0x65, 0x72
  .byte 0x73, 0x2d, 0x6c, 0x67, 0x2d, 0x68, 0x65, 0x61, 0x76, 0x79, 0x3a, 0x20, 0x76, 0x61, 0x72, 0x28
  .byte 0x2d, 0x2d, 0x66, 0x6f, 0x6e, 0x74, 0x2d, 0x77, 0x65, 0x69, 0x67, 0x68, 0x74, 0x2d, 0x6d, 0x65
  .byte 0x64, 0x69, 0x75, 0x6d, 0x29, 0x20, 0x76, 0x61, 0x72, 0x28, 0x2d, 0x2d, 0x66, 0x6f, 0x6e, 0x74
  .byte 0x2d, 0x73, 0x69, 0x7a, 0x65, 0x2d, 0x6c, 0x67, 0x29, 0x20, 0x2f, 0x20, 0x76, 0x61, 0x72, 0x28
  .byte 0x2d, 0x2d, 0x6c, 0x69, 0x6e, 0x65, 0x2d, 0x68, 0x65, 0x69, 0x67, 0x68, 0x74, 0x2d, 0x62, 0x6f
  .byte 0x64, 0x79, 0x29, 0x0a, 0x20, 0x20, 0x20, 0x20, 0x76, 0x61, 0x72, 0x28, 0x2d, 0x2d, 0x66, 0x6f
  .byte 0x6e, 0x74, 0x2d, 0x6e, 0x75, 0x6d, 0x62, 0x65, 0x72, 0x73, 0x29, 0x3b, 0x0a, 0x20, 0x20, 0x2d
  .byte 0x2d, 0x74, 0x65, 0x78, 0x74, 0x2d, 0x6e, 0x75, 0x6d, 0x62, 0x65, 0x72, 0x73, 0x2d, 0x6c, 0x67
  .byte 0x2d, 0x68, 0x65, 0x61, 0x76, 0x79, 0x2d, 0x6c, 0x65, 0x74, 0x74, 0x65, 0x72, 0x2d, 0x73, 0x70
  .byte 0x61, 0x63, 0x69, 0x6e, 0x67, 0x3a, 0x20, 0x76, 0x61, 0x72, 0x28, 0x2d, 0x2d, 0x6c, 0x65, 0x74
  .byte 0x74, 0x65, 0x72, 0x2d, 0x73, 0x70, 0x61, 0x63, 0x69, 0x6e, 0x67, 0x2d, 0x6e, 0x6f, 0x72, 0x6d
  .byte 0x61, 0x6c, 0x29, 0x3b, 0x0a, 0x0a, 0x20, 0x20, 0x2f, 0x2a, 0x20, 0x43, 0x6f, 0x6d, 0x70, 0x6f
  .byte 0x75, 0x6e, 0x64, 0x20, 0x74, 0x79, 0x70, 0x6f, 0x67, 0x72, 0x61, 0x70, 0x68, 0x79, 0x3a, 0x20
  .byte 0x63, 0x6f, 0x64, 0x65, 0x20, 0x2a, 0x2f, 0x0a, 0x20, 0x20, 0x2f, 0x2a, 0x20, 0x43, 0x6f, 0x64
  .byte 0x65, 0x3a, 0x20, 0x73, 0x6d, 0x61, 0x6c, 0x6c, 0x20, 0x2a, 0x2f, 0x0a, 0x20, 0x20, 0x2d, 0x2d
  .byte 0x74, 0x65, 0x78, 0x74, 0x2d, 0x63, 0x6f, 0x64, 0x65, 0x2d, 0x73, 0x6d, 0x3a, 0x20, 0x76, 0x61
  .byte 0x72, 0x28, 0x2d, 0x2d, 0x66, 0x6f, 0x6e, 0x74, 0x2d, 0x77, 0x65, 0x69, 0x67, 0x68, 0x74, 0x2d
  .byte 0x72, 0x65, 0x67, 0x75, 0x6c, 0x61, 0x72, 0x29, 0x20, 0x76, 0x61, 0x72, 0x28, 0x2d, 0x2d, 0x66
  .byte 0x6f, 0x6e, 0x74, 0x2d, 0x73, 0x69, 0x7a, 0x65, 0x2d, 0x78, 0x73, 0x29, 0x20, 0x2f, 0x20, 0x76
  .byte 0x61, 0x72, 0x28, 0x2d, 0x2d, 0x6c, 0x69, 0x6e, 0x65, 0x2d, 0x68, 0x65, 0x69, 0x67, 0x68, 0x74
  .byte 0x2d, 0x63, 0x6f, 0x64, 0x65, 0x29, 0x0a, 0x20, 0x20, 0x20, 0x20, 0x76, 0x61, 0x72, 0x28, 0x2d
  .byte 0x2d, 0x66, 0x6f, 0x6e, 0x74, 0x2d, 0x63, 0x6f, 0x64, 0x65, 0x29, 0x3b, 0x0a, 0x20, 0x20, 0x2d
  .byte 0x2d, 0x74, 0x65, 0x78, 0x74, 0x2d, 0x63, 0x6f, 0x64, 0x65, 0x2d, 0x73, 0x6d, 0x2d, 0x6c, 0x65
  .byte 0x74, 0x74, 0x65, 0x72, 0x2d, 0x73, 0x70, 0x61, 0x63, 0x69, 0x6e, 0x67, 0x3a, 0x20, 0x76, 0x61
  .byte 0x72, 0x28, 0x2d, 0x2d, 0x6c, 0x65, 0x74, 0x74, 0x65, 0x72, 0x2d, 0x73, 0x70, 0x61, 0x63, 0x69
  .byte 0x6e, 0x67, 0x2d, 0x6e, 0x6f, 0x72, 0x6d, 0x61, 0x6c, 0x29, 0x3b, 0x0a, 0x20, 0x20, 0x2d, 0x2d
  .byte 0x74, 0x65, 0x78, 0x74, 0x2d, 0x63, 0x6f, 0x64, 0x65, 0x2d, 0x73, 0x6d, 0x2d, 0x68, 0x65, 0x61
  .byte 0x76, 0x79, 0x3a, 0x20, 0x76, 0x61, 0x72, 0x28, 0x2d, 0x2d, 0x66, 0x6f, 0x6e, 0x74, 0x2d, 0x77
  .byte 0x65, 0x69, 0x67, 0x68, 0x74, 0x2d, 0x68, 0x65, 0x61, 0x76, 0x79, 0x29, 0x20, 0x76, 0x61, 0x72
  .byte 0x28, 0x2d, 0x2d, 0x66, 0x6f, 0x6e, 0x74, 0x2d, 0x73, 0x69, 0x7a, 0x65, 0x2d, 0x78, 0x73, 0x29
  .byte 0x20, 0x2f, 0x20, 0x76, 0x61, 0x72, 0x28, 0x2d, 0x2d, 0x6c, 0x69, 0x6e, 0x65, 0x2d, 0x68, 0x65
  .byte 0x69, 0x67, 0x68, 0x74, 0x2d, 0x63, 0x6f, 0x64, 0x65, 0x29, 0x0a, 0x20, 0x20, 0x20, 0x20, 0x76
  .byte 0x61, 0x72, 0x28, 0x2d, 0x2d, 0x66, 0x6f, 0x6e, 0x74, 0x2d, 0x63, 0x6f, 0x64, 0x65, 0x29, 0x3b
  .byte 0x0a, 0x20, 0x20, 0x2d, 0x2d, 0x74, 0x65, 0x78, 0x74, 0x2d, 0x63, 0x6f, 0x64, 0x65, 0x2d, 0x73
  .byte 0x6d, 0x2d, 0x68, 0x65, 0x61, 0x76, 0x79, 0x2d, 0x6c, 0x65, 0x74, 0x74, 0x65, 0x72, 0x2d, 0x73
  .byte 0x70, 0x61, 0x63, 0x69, 0x6e, 0x67, 0x3a, 0x20, 0x76, 0x61, 0x72, 0x28, 0x2d, 0x2d, 0x6c, 0x65
  .byte 0x74, 0x74, 0x65, 0x72, 0x2d, 0x73, 0x70, 0x61, 0x63, 0x69, 0x6e, 0x67, 0x2d, 0x6e, 0x6f, 0x72
  .byte 0x6d, 0x61, 0x6c, 0x29, 0x3b, 0x0a, 0x20, 0x20, 0x2f, 0x2a, 0x20, 0x43, 0x6f, 0x64, 0x65, 0x3a
  .byte 0x20, 0x64, 0x65, 0x66, 0x61, 0x75, 0x6c, 0x74, 0x20, 0x2a, 0x2f, 0x0a, 0x20, 0x20, 0x2d, 0x2d
  .byte 0x74, 0x65, 0x78, 0x74, 0x2d, 0x63, 0x6f, 0x64, 0x65, 0x2d, 0x64, 0x65, 0x66, 0x61, 0x75, 0x6c
  .byte 0x74, 0x3a, 0x20, 0x76, 0x61, 0x72, 0x28, 0x2d, 0x2d, 0x66, 0x6f, 0x6e, 0x74, 0x2d, 0x77, 0x65
  .byte 0x69, 0x67, 0x68, 0x74, 0x2d, 0x72, 0x65, 0x67, 0x75, 0x6c, 0x61, 0x72, 0x29, 0x20, 0x76, 0x61
  .byte 0x72, 0x28, 0x2d, 0x2d, 0x66, 0x6f, 0x6e, 0x74, 0x2d, 0x73, 0x69, 0x7a, 0x65, 0x2d, 0x73, 0x6d
  .byte 0x29, 0x20, 0x2f, 0x20, 0x76, 0x61, 0x72, 0x28, 0x2d, 0x2d, 0x6c, 0x69, 0x6e, 0x65, 0x2d, 0x68
  .byte 0x65, 0x69, 0x67, 0x68, 0x74, 0x2d, 0x63, 0x6f, 0x64, 0x65, 0x29, 0x0a, 0x20, 0x20, 0x20, 0x20
  .byte 0x76, 0x61, 0x72, 0x28, 0x2d, 0x2d, 0x66, 0x6f, 0x6e, 0x74, 0x2d, 0x63, 0x6f, 0x64, 0x65, 0x29
  .byte 0x3b, 0x0a, 0x20, 0x20, 0x2d, 0x2d, 0x74, 0x65, 0x78, 0x74, 0x2d, 0x63, 0x6f, 0x64, 0x65, 0x2d
  .byte 0x64, 0x65, 0x66, 0x61, 0x75, 0x6c, 0x74, 0x2d, 0x6c, 0x65, 0x74, 0x74, 0x65, 0x72, 0x2d, 0x73
  .byte 0x70, 0x61, 0x63, 0x69, 0x6e, 0x67, 0x3a, 0x20, 0x76, 0x61, 0x72, 0x28, 0x2d, 0x2d, 0x6c, 0x65
  .byte 0x74, 0x74, 0x65, 0x72, 0x2d, 0x73, 0x70, 0x61, 0x63, 0x69, 0x6e, 0x67, 0x2d, 0x6e, 0x6f, 0x72
  .byte 0x6d, 0x61, 0x6c, 0x29, 0x3b, 0x0a, 0x20, 0x20, 0x2d, 0x2d, 0x74, 0x65, 0x78, 0x74, 0x2d, 0x63
  .byte 0x6f, 0x64, 0x65, 0x2d, 0x64, 0x65, 0x66, 0x61, 0x75, 0x6c, 0x74, 0x2d, 0x68, 0x65, 0x61, 0x76
  .byte 0x79, 0x3a, 0x20, 0x76, 0x61, 0x72, 0x28, 0x2d, 0x2d, 0x66, 0x6f, 0x6e, 0x74, 0x2d, 0x77, 0x65
  .byte 0x69, 0x67, 0x68, 0x74, 0x2d, 0x68, 0x65, 0x61, 0x76, 0x79, 0x29, 0x20, 0x76, 0x61, 0x72, 0x28
  .byte 0x2d, 0x2d, 0x66, 0x6f, 0x6e, 0x74, 0x2d, 0x73, 0x69, 0x7a, 0x65, 0x2d, 0x73, 0x6d, 0x29, 0x20
  .byte 0x2f, 0x20, 0x76, 0x61, 0x72, 0x28, 0x2d, 0x2d, 0x6c, 0x69, 0x6e, 0x65, 0x2d, 0x68, 0x65, 0x69
  .byte 0x67, 0x68, 0x74, 0x2d, 0x63, 0x6f, 0x64, 0x65, 0x29, 0x0a, 0x20, 0x20, 0x20, 0x20, 0x76, 0x61
  .byte 0x72, 0x28, 0x2d, 0x2d, 0x66, 0x6f, 0x6e, 0x74, 0x2d, 0x63, 0x6f, 0x64, 0x65, 0x29, 0x3b, 0x0a
  .byte 0x20, 0x20, 0x2d, 0x2d, 0x74, 0x65, 0x78, 0x74, 0x2d, 0x63, 0x6f, 0x64, 0x65, 0x2d, 0x64, 0x65
  .byte 0x66, 0x61, 0x75, 0x6c, 0x74, 0x2d, 0x68, 0x65, 0x61, 0x76, 0x79, 0x2d, 0x6c, 0x65, 0x74, 0x74
  .byte 0x65, 0x72, 0x2d, 0x73, 0x70, 0x61, 0x63, 0x69, 0x6e, 0x67, 0x3a, 0x20, 0x76, 0x61, 0x72, 0x28
  .byte 0x2d, 0x2d, 0x6c, 0x65, 0x74, 0x74, 0x65, 0x72, 0x2d, 0x73, 0x70, 0x61, 0x63, 0x69, 0x6e, 0x67
  .byte 0x2d, 0x6e, 0x6f, 0x72, 0x6d, 0x61, 0x6c, 0x29, 0x3b, 0x0a, 0x7d, 0x0a

  .globl openui_full_port_docs_shared_design_system_styles_variables_typography_css_3b23ce843fd5_pass_4_len
openui_full_port_docs_shared_design_system_styles_variables_typography_css_3b23ce843fd5_pass_4_len:
  .quad 8124
