# OpenUI mechanical full assembly port
# source: examples/hands-on-table-chat/src/app/globals.css
# sha256: c41296349edfcb326212fde8340ed05323a6aaf186e4cfcd7eed0445b998309e
# bytes: 4209
# assembly passes: 4
  .section .rodata
# assembly pass: 1/4
  .globl openui_full_port_examples_hands_on_table_chat_src_app_globals_css_c41296349edf
openui_full_port_examples_hands_on_table_chat_src_app_globals_css_c41296349edf:
  .byte 0x40, 0x69, 0x6d, 0x70, 0x6f, 0x72, 0x74, 0x20, 0x22, 0x74, 0x61, 0x69, 0x6c, 0x77, 0x69, 0x6e
  .byte 0x64, 0x63, 0x73, 0x73, 0x22, 0x3b, 0x0a, 0x0a, 0x3a, 0x72, 0x6f, 0x6f, 0x74, 0x20, 0x7b, 0x0a
  .byte 0x20, 0x20, 0x2d, 0x2d, 0x62, 0x61, 0x63, 0x6b, 0x67, 0x72, 0x6f, 0x75, 0x6e, 0x64, 0x3a, 0x20
  .byte 0x23, 0x30, 0x61, 0x30, 0x61, 0x30, 0x61, 0x3b, 0x0a, 0x20, 0x20, 0x2d, 0x2d, 0x66, 0x6f, 0x72
  .byte 0x65, 0x67, 0x72, 0x6f, 0x75, 0x6e, 0x64, 0x3a, 0x20, 0x23, 0x65, 0x64, 0x65, 0x64, 0x65, 0x64
  .byte 0x3b, 0x0a, 0x7d, 0x0a, 0x0a, 0x40, 0x74, 0x68, 0x65, 0x6d, 0x65, 0x20, 0x69, 0x6e, 0x6c, 0x69
  .byte 0x6e, 0x65, 0x20, 0x7b, 0x0a, 0x20, 0x20, 0x2d, 0x2d, 0x63, 0x6f, 0x6c, 0x6f, 0x72, 0x2d, 0x62
  .byte 0x61, 0x63, 0x6b, 0x67, 0x72, 0x6f, 0x75, 0x6e, 0x64, 0x3a, 0x20, 0x76, 0x61, 0x72, 0x28, 0x2d
  .byte 0x2d, 0x62, 0x61, 0x63, 0x6b, 0x67, 0x72, 0x6f, 0x75, 0x6e, 0x64, 0x29, 0x3b, 0x0a, 0x20, 0x20
  .byte 0x2d, 0x2d, 0x63, 0x6f, 0x6c, 0x6f, 0x72, 0x2d, 0x66, 0x6f, 0x72, 0x65, 0x67, 0x72, 0x6f, 0x75
  .byte 0x6e, 0x64, 0x3a, 0x20, 0x76, 0x61, 0x72, 0x28, 0x2d, 0x2d, 0x66, 0x6f, 0x72, 0x65, 0x67, 0x72
  .byte 0x6f, 0x75, 0x6e, 0x64, 0x29, 0x3b, 0x0a, 0x7d, 0x0a, 0x0a, 0x68, 0x74, 0x6d, 0x6c, 0x2c, 0x0a
  .byte 0x62, 0x6f, 0x64, 0x79, 0x20, 0x7b, 0x0a, 0x20, 0x20, 0x6d, 0x61, 0x72, 0x67, 0x69, 0x6e, 0x3a
  .byte 0x20, 0x30, 0x3b, 0x0a, 0x20, 0x20, 0x70, 0x61, 0x64, 0x64, 0x69, 0x6e, 0x67, 0x3a, 0x20, 0x30
  .byte 0x3b, 0x0a, 0x20, 0x20, 0x68, 0x65, 0x69, 0x67, 0x68, 0x74, 0x3a, 0x20, 0x31, 0x30, 0x30, 0x25
  .byte 0x3b, 0x0a, 0x20, 0x20, 0x6f, 0x76, 0x65, 0x72, 0x66, 0x6c, 0x6f, 0x77, 0x3a, 0x20, 0x68, 0x69
  .byte 0x64, 0x64, 0x65, 0x6e, 0x3b, 0x0a, 0x7d, 0x0a, 0x0a, 0x62, 0x6f, 0x64, 0x79, 0x20, 0x7b, 0x0a
  .byte 0x20, 0x20, 0x63, 0x6f, 0x6c, 0x6f, 0x72, 0x3a, 0x20, 0x76, 0x61, 0x72, 0x28, 0x2d, 0x2d, 0x66
  .byte 0x6f, 0x72, 0x65, 0x67, 0x72, 0x6f, 0x75, 0x6e, 0x64, 0x29, 0x3b, 0x0a, 0x20, 0x20, 0x62, 0x61
  .byte 0x63, 0x6b, 0x67, 0x72, 0x6f, 0x75, 0x6e, 0x64, 0x3a, 0x20, 0x76, 0x61, 0x72, 0x28, 0x2d, 0x2d
  .byte 0x62, 0x61, 0x63, 0x6b, 0x67, 0x72, 0x6f, 0x75, 0x6e, 0x64, 0x29, 0x3b, 0x0a, 0x20, 0x20, 0x66
  .byte 0x6f, 0x6e, 0x74, 0x2d, 0x66, 0x61, 0x6d, 0x69, 0x6c, 0x79, 0x3a, 0x20, 0x41, 0x72, 0x69, 0x61
  .byte 0x6c, 0x2c, 0x20, 0x48, 0x65, 0x6c, 0x76, 0x65, 0x74, 0x69, 0x63, 0x61, 0x2c, 0x20, 0x73, 0x61
  .byte 0x6e, 0x73, 0x2d, 0x73, 0x65, 0x72, 0x69, 0x66, 0x3b, 0x0a, 0x7d, 0x0a, 0x0a, 0x2f, 0x2a, 0x20
  .byte 0x48, 0x61, 0x6e, 0x64, 0x73, 0x6f, 0x6e, 0x74, 0x61, 0x62, 0x6c, 0x65, 0x20, 0x64, 0x61, 0x72
  .byte 0x6b, 0x20, 0x6d, 0x6f, 0x64, 0x65, 0x20, 0x2a, 0x2f, 0x0a, 0x2e, 0x68, 0x61, 0x6e, 0x64, 0x73
  .byte 0x6f, 0x6e, 0x74, 0x61, 0x62, 0x6c, 0x65, 0x20, 0x7b, 0x0a, 0x20, 0x20, 0x66, 0x6f, 0x6e, 0x74
  .byte 0x2d, 0x73, 0x69, 0x7a, 0x65, 0x3a, 0x20, 0x31, 0x33, 0x70, 0x78, 0x3b, 0x0a, 0x7d, 0x0a, 0x0a
  .byte 0x2e, 0x68, 0x61, 0x6e, 0x64, 0x73, 0x6f, 0x6e, 0x74, 0x61, 0x62, 0x6c, 0x65, 0x20, 0x74, 0x68
  .byte 0x20, 0x7b, 0x0a, 0x20, 0x20, 0x62, 0x61, 0x63, 0x6b, 0x67, 0x72, 0x6f, 0x75, 0x6e, 0x64, 0x2d
  .byte 0x63, 0x6f, 0x6c, 0x6f, 0x72, 0x3a, 0x20, 0x23, 0x32, 0x35, 0x32, 0x35, 0x32, 0x35, 0x20, 0x21
  .byte 0x69, 0x6d, 0x70, 0x6f, 0x72, 0x74, 0x61, 0x6e, 0x74, 0x3b, 0x0a, 0x20, 0x20, 0x63, 0x6f, 0x6c
  .byte 0x6f, 0x72, 0x3a, 0x20, 0x23, 0x65, 0x64, 0x65, 0x64, 0x65, 0x64, 0x20, 0x21, 0x69, 0x6d, 0x70
  .byte 0x6f, 0x72, 0x74, 0x61, 0x6e, 0x74, 0x3b, 0x0a, 0x20, 0x20, 0x62, 0x6f, 0x72, 0x64, 0x65, 0x72
  .byte 0x2d, 0x63, 0x6f, 0x6c, 0x6f, 0x72, 0x3a, 0x20, 0x23, 0x34, 0x30, 0x34, 0x30, 0x34, 0x30, 0x20
  .byte 0x21, 0x69, 0x6d, 0x70, 0x6f, 0x72, 0x74, 0x61, 0x6e, 0x74, 0x3b, 0x0a, 0x7d, 0x0a, 0x0a, 0x2e
  .byte 0x68, 0x61, 0x6e, 0x64, 0x73, 0x6f, 0x6e, 0x74, 0x61, 0x62, 0x6c, 0x65, 0x20, 0x74, 0x64, 0x20
  .byte 0x7b, 0x0a, 0x20, 0x20, 0x62, 0x61, 0x63, 0x6b, 0x67, 0x72, 0x6f, 0x75, 0x6e, 0x64, 0x2d, 0x63
  .byte 0x6f, 0x6c, 0x6f, 0x72, 0x3a, 0x20, 0x23, 0x31, 0x61, 0x31, 0x61, 0x31, 0x61, 0x20, 0x21, 0x69
  .byte 0x6d, 0x70, 0x6f, 0x72, 0x74, 0x61, 0x6e, 0x74, 0x3b, 0x0a, 0x20, 0x20, 0x63, 0x6f, 0x6c, 0x6f
  .byte 0x72, 0x3a, 0x20, 0x23, 0x65, 0x64, 0x65, 0x64, 0x65, 0x64, 0x20, 0x21, 0x69, 0x6d, 0x70, 0x6f
  .byte 0x72, 0x74, 0x61, 0x6e, 0x74, 0x3b, 0x0a, 0x20, 0x20, 0x62, 0x6f, 0x72, 0x64, 0x65, 0x72, 0x2d
  .byte 0x63, 0x6f, 0x6c, 0x6f, 0x72, 0x3a, 0x20, 0x23, 0x33, 0x33, 0x33, 0x20, 0x21, 0x69, 0x6d, 0x70
  .byte 0x6f, 0x72, 0x74, 0x61, 0x6e, 0x74, 0x3b, 0x0a, 0x7d, 0x0a, 0x0a, 0x2e, 0x68, 0x61, 0x6e, 0x64
  .byte 0x73, 0x6f, 0x6e, 0x74, 0x61, 0x62, 0x6c, 0x65, 0x20, 0x74, 0x64, 0x2e, 0x61, 0x72, 0x65, 0x61
  .byte 0x20, 0x7b, 0x0a, 0x20, 0x20, 0x62, 0x61, 0x63, 0x6b, 0x67, 0x72, 0x6f, 0x75, 0x6e, 0x64, 0x2d
  .byte 0x63, 0x6f, 0x6c, 0x6f, 0x72, 0x3a, 0x20, 0x72, 0x67, 0x62, 0x61, 0x28, 0x35, 0x39, 0x2c, 0x20
  .byte 0x31, 0x33, 0x30, 0x2c, 0x20, 0x32, 0x34, 0x36, 0x2c, 0x20, 0x30, 0x2e, 0x32, 0x29, 0x20, 0x21
  .byte 0x69, 0x6d, 0x70, 0x6f, 0x72, 0x74, 0x61, 0x6e, 0x74, 0x3b, 0x0a, 0x7d, 0x0a, 0x0a, 0x2e, 0x68
  .byte 0x61, 0x6e, 0x64, 0x73, 0x6f, 0x6e, 0x74, 0x61, 0x62, 0x6c, 0x65, 0x20, 0x2e, 0x77, 0x74, 0x42
  .byte 0x6f, 0x72, 0x64, 0x65, 0x72, 0x20, 0x7b, 0x0a, 0x20, 0x20, 0x62, 0x61, 0x63, 0x6b, 0x67, 0x72
  .byte 0x6f, 0x75, 0x6e, 0x64, 0x2d, 0x63, 0x6f, 0x6c, 0x6f, 0x72, 0x3a, 0x20, 0x23, 0x33, 0x62, 0x38
  .byte 0x32, 0x66, 0x36, 0x20, 0x21, 0x69, 0x6d, 0x70, 0x6f, 0x72, 0x74, 0x61, 0x6e, 0x74, 0x3b, 0x0a
  .byte 0x7d, 0x0a, 0x0a, 0x2e, 0x68, 0x74, 0x43, 0x6f, 0x6e, 0x74, 0x65, 0x78, 0x74, 0x4d, 0x65, 0x6e
  .byte 0x75, 0x20, 0x7b, 0x0a, 0x20, 0x20, 0x62, 0x61, 0x63, 0x6b, 0x67, 0x72, 0x6f, 0x75, 0x6e, 0x64
  .byte 0x2d, 0x63, 0x6f, 0x6c, 0x6f, 0x72, 0x3a, 0x20, 0x23, 0x31, 0x61, 0x31, 0x61, 0x31, 0x61, 0x20
  .byte 0x21, 0x69, 0x6d, 0x70, 0x6f, 0x72, 0x74, 0x61, 0x6e, 0x74, 0x3b, 0x0a, 0x20, 0x20, 0x62, 0x6f
  .byte 0x72, 0x64, 0x65, 0x72, 0x2d, 0x63, 0x6f, 0x6c, 0x6f, 0x72, 0x3a, 0x20, 0x23, 0x34, 0x30, 0x34
  .byte 0x30, 0x34, 0x30, 0x20, 0x21, 0x69, 0x6d, 0x70, 0x6f, 0x72, 0x74, 0x61, 0x6e, 0x74, 0x3b, 0x0a
  .byte 0x7d, 0x0a, 0x0a, 0x2e, 0x68, 0x74, 0x43, 0x6f, 0x6e, 0x74, 0x65, 0x78, 0x74, 0x4d, 0x65, 0x6e
  .byte 0x75, 0x20, 0x74, 0x64, 0x20, 0x7b, 0x0a, 0x20, 0x20, 0x62, 0x61, 0x63, 0x6b, 0x67, 0x72, 0x6f
  .byte 0x75, 0x6e, 0x64, 0x2d, 0x63, 0x6f, 0x6c, 0x6f, 0x72, 0x3a, 0x20, 0x23, 0x31, 0x61, 0x31, 0x61
  .byte 0x31, 0x61, 0x20, 0x21, 0x69, 0x6d, 0x70, 0x6f, 0x72, 0x74, 0x61, 0x6e, 0x74, 0x3b, 0x0a, 0x20
  .byte 0x20, 0x63, 0x6f, 0x6c, 0x6f, 0x72, 0x3a, 0x20, 0x23, 0x65, 0x64, 0x65, 0x64, 0x65, 0x64, 0x20
  .byte 0x21, 0x69, 0x6d, 0x70, 0x6f, 0x72, 0x74, 0x61, 0x6e, 0x74, 0x3b, 0x0a, 0x7d, 0x0a, 0x0a, 0x2e
  .byte 0x68, 0x74, 0x43, 0x6f, 0x6e, 0x74, 0x65, 0x78, 0x74, 0x4d, 0x65, 0x6e, 0x75, 0x20, 0x74, 0x64
  .byte 0x3a, 0x68, 0x6f, 0x76, 0x65, 0x72, 0x20, 0x7b, 0x0a, 0x20, 0x20, 0x62, 0x61, 0x63, 0x6b, 0x67
  .byte 0x72, 0x6f, 0x75, 0x6e, 0x64, 0x2d, 0x63, 0x6f, 0x6c, 0x6f, 0x72, 0x3a, 0x20, 0x23, 0x33, 0x33
  .byte 0x33, 0x20, 0x21, 0x69, 0x6d, 0x70, 0x6f, 0x72, 0x74, 0x61, 0x6e, 0x74, 0x3b, 0x0a, 0x7d, 0x0a
  .byte 0x0a, 0x2e, 0x68, 0x74, 0x43, 0x6f, 0x6e, 0x74, 0x65, 0x78, 0x74, 0x4d, 0x65, 0x6e, 0x75, 0x20
  .byte 0x74, 0x64, 0x2e, 0x68, 0x74, 0x44, 0x69, 0x73, 0x61, 0x62, 0x6c, 0x65, 0x64, 0x20, 0x7b, 0x0a
  .byte 0x20, 0x20, 0x63, 0x6f, 0x6c, 0x6f, 0x72, 0x3a, 0x20, 0x23, 0x36, 0x36, 0x36, 0x20, 0x21, 0x69
  .byte 0x6d, 0x70, 0x6f, 0x72, 0x74, 0x61, 0x6e, 0x74, 0x3b, 0x0a, 0x7d, 0x0a, 0x0a, 0x2f, 0x2a, 0x20
  .byte 0x53, 0x63, 0x72, 0x6f, 0x6c, 0x6c, 0x62, 0x61, 0x72, 0x20, 0x73, 0x74, 0x79, 0x6c, 0x69, 0x6e
  .byte 0x67, 0x20, 0x2a, 0x2f, 0x0a, 0x3a, 0x3a, 0x2d, 0x77, 0x65, 0x62, 0x6b, 0x69, 0x74, 0x2d, 0x73
  .byte 0x63, 0x72, 0x6f, 0x6c, 0x6c, 0x62, 0x61, 0x72, 0x20, 0x7b, 0x0a, 0x20, 0x20, 0x77, 0x69, 0x64
  .byte 0x74, 0x68, 0x3a, 0x20, 0x38, 0x70, 0x78, 0x3b, 0x0a, 0x20, 0x20, 0x68, 0x65, 0x69, 0x67, 0x68
  .byte 0x74, 0x3a, 0x20, 0x38, 0x70, 0x78, 0x3b, 0x0a, 0x7d, 0x0a, 0x0a, 0x3a, 0x3a, 0x2d, 0x77, 0x65
  .byte 0x62, 0x6b, 0x69, 0x74, 0x2d, 0x73, 0x63, 0x72, 0x6f, 0x6c, 0x6c, 0x62, 0x61, 0x72, 0x2d, 0x74
  .byte 0x72, 0x61, 0x63, 0x6b, 0x20, 0x7b, 0x0a, 0x20, 0x20, 0x62, 0x61, 0x63, 0x6b, 0x67, 0x72, 0x6f
  .byte 0x75, 0x6e, 0x64, 0x3a, 0x20, 0x23, 0x31, 0x61, 0x31, 0x61, 0x31, 0x61, 0x3b, 0x0a, 0x7d, 0x0a
  .byte 0x0a, 0x3a, 0x3a, 0x2d, 0x77, 0x65, 0x62, 0x6b, 0x69, 0x74, 0x2d, 0x73, 0x63, 0x72, 0x6f, 0x6c
  .byte 0x6c, 0x62, 0x61, 0x72, 0x2d, 0x74, 0x68, 0x75, 0x6d, 0x62, 0x20, 0x7b, 0x0a, 0x20, 0x20, 0x62
  .byte 0x61, 0x63, 0x6b, 0x67, 0x72, 0x6f, 0x75, 0x6e, 0x64, 0x3a, 0x20, 0x23, 0x34, 0x30, 0x34, 0x30
  .byte 0x34, 0x30, 0x3b, 0x0a, 0x20, 0x20, 0x62, 0x6f, 0x72, 0x64, 0x65, 0x72, 0x2d, 0x72, 0x61, 0x64
  .byte 0x69, 0x75, 0x73, 0x3a, 0x20, 0x34, 0x70, 0x78, 0x3b, 0x0a, 0x7d, 0x0a, 0x0a, 0x3a, 0x3a, 0x2d
  .byte 0x77, 0x65, 0x62, 0x6b, 0x69, 0x74, 0x2d, 0x73, 0x63, 0x72, 0x6f, 0x6c, 0x6c, 0x62, 0x61, 0x72
  .byte 0x2d, 0x74, 0x68, 0x75, 0x6d, 0x62, 0x3a, 0x68, 0x6f, 0x76, 0x65, 0x72, 0x20, 0x7b, 0x0a, 0x20
  .byte 0x20, 0x62, 0x61, 0x63, 0x6b, 0x67, 0x72, 0x6f, 0x75, 0x6e, 0x64, 0x3a, 0x20, 0x23, 0x35, 0x35
  .byte 0x35, 0x3b, 0x0a, 0x7d, 0x0a, 0x0a, 0x2f, 0x2a, 0x20, 0x4c, 0x61, 0x79, 0x6f, 0x75, 0x74, 0x3a
  .byte 0x20, 0x73, 0x70, 0x72, 0x65, 0x61, 0x64, 0x73, 0x68, 0x65, 0x65, 0x74, 0x20, 0x2b, 0x20, 0x6f
  .byte 0x70, 0x74, 0x69, 0x6f, 0x6e, 0x61, 0x6c, 0x20, 0x63, 0x68, 0x61, 0x74, 0x20, 0x73, 0x69, 0x64
  .byte 0x65, 0x2d, 0x62, 0x79, 0x2d, 0x73, 0x69, 0x64, 0x65, 0x20, 0x2a, 0x2f, 0x0a, 0x2e, 0x61, 0x70
  .byte 0x70, 0x2d, 0x6c, 0x61, 0x79, 0x6f, 0x75, 0x74, 0x20, 0x7b, 0x0a, 0x20, 0x20, 0x64, 0x69, 0x73
  .byte 0x70, 0x6c, 0x61, 0x79, 0x3a, 0x20, 0x66, 0x6c, 0x65, 0x78, 0x3b, 0x0a, 0x20, 0x20, 0x77, 0x69
  .byte 0x64, 0x74, 0x68, 0x3a, 0x20, 0x31, 0x30, 0x30, 0x76, 0x77, 0x3b, 0x0a, 0x20, 0x20, 0x68, 0x65
  .byte 0x69, 0x67, 0x68, 0x74, 0x3a, 0x20, 0x31, 0x30, 0x30, 0x76, 0x68, 0x3b, 0x0a, 0x20, 0x20, 0x6f
  .byte 0x76, 0x65, 0x72, 0x66, 0x6c, 0x6f, 0x77, 0x3a, 0x20, 0x68, 0x69, 0x64, 0x64, 0x65, 0x6e, 0x3b
  .byte 0x0a, 0x7d, 0x0a, 0x0a, 0x2e, 0x73, 0x70, 0x72, 0x65, 0x61, 0x64, 0x73, 0x68, 0x65, 0x65, 0x74
  .byte 0x2d, 0x70, 0x61, 0x6e, 0x65, 0x6c, 0x20, 0x7b, 0x0a, 0x20, 0x20, 0x66, 0x6c, 0x65, 0x78, 0x3a
  .byte 0x20, 0x31, 0x20, 0x31, 0x20, 0x30, 0x25, 0x3b, 0x0a, 0x20, 0x20, 0x6d, 0x69, 0x6e, 0x2d, 0x77
  .byte 0x69, 0x64, 0x74, 0x68, 0x3a, 0x20, 0x30, 0x3b, 0x0a, 0x20, 0x20, 0x68, 0x65, 0x69, 0x67, 0x68
  .byte 0x74, 0x3a, 0x20, 0x31, 0x30, 0x30, 0x25, 0x3b, 0x0a, 0x20, 0x20, 0x62, 0x61, 0x63, 0x6b, 0x67
  .byte 0x72, 0x6f, 0x75, 0x6e, 0x64, 0x2d, 0x63, 0x6f, 0x6c, 0x6f, 0x72, 0x3a, 0x20, 0x23, 0x30, 0x66
  .byte 0x30, 0x66, 0x30, 0x66, 0x3b, 0x0a, 0x20, 0x20, 0x6f, 0x76, 0x65, 0x72, 0x66, 0x6c, 0x6f, 0x77
  .byte 0x3a, 0x20, 0x68, 0x69, 0x64, 0x64, 0x65, 0x6e, 0x3b, 0x0a, 0x7d, 0x0a, 0x0a, 0x2f, 0x2a, 0x20
  .byte 0x43, 0x68, 0x61, 0x74, 0x20, 0x70, 0x61, 0x6e, 0x65, 0x6c, 0x20, 0xe2, 0x80, 0x94, 0x20, 0x66
  .byte 0x6c, 0x65, 0x78, 0x20, 0x63, 0x68, 0x69, 0x6c, 0x64, 0x2c, 0x20, 0x6e, 0x6f, 0x20, 0x6d, 0x61
  .byte 0x78, 0x2d, 0x77, 0x69, 0x64, 0x74, 0x68, 0x20, 0x63, 0x6f, 0x6e, 0x73, 0x74, 0x72, 0x61, 0x69
  .byte 0x6e, 0x74, 0x20, 0x2a, 0x2f, 0x0a, 0x2e, 0x63, 0x68, 0x61, 0x74, 0x2d, 0x70, 0x61, 0x6e, 0x65
  .byte 0x6c, 0x20, 0x7b, 0x0a, 0x20, 0x20, 0x66, 0x6c, 0x65, 0x78, 0x3a, 0x20, 0x30, 0x20, 0x30, 0x20
  .byte 0x61, 0x75, 0x74, 0x6f, 0x3b, 0x0a, 0x20, 0x20, 0x77, 0x69, 0x64, 0x74, 0x68, 0x3a, 0x20, 0x34
  .byte 0x38, 0x30, 0x70, 0x78, 0x3b, 0x0a, 0x20, 0x20, 0x68, 0x65, 0x69, 0x67, 0x68, 0x74, 0x3a, 0x20
  .byte 0x31, 0x30, 0x30, 0x25, 0x3b, 0x0a, 0x20, 0x20, 0x64, 0x69, 0x73, 0x70, 0x6c, 0x61, 0x79, 0x3a
  .byte 0x20, 0x66, 0x6c, 0x65, 0x78, 0x3b, 0x0a, 0x20, 0x20, 0x66, 0x6c, 0x65, 0x78, 0x2d, 0x64, 0x69
  .byte 0x72, 0x65, 0x63, 0x74, 0x69, 0x6f, 0x6e, 0x3a, 0x20, 0x63, 0x6f, 0x6c, 0x75, 0x6d, 0x6e, 0x3b
  .byte 0x0a, 0x20, 0x20, 0x62, 0x61, 0x63, 0x6b, 0x67, 0x72, 0x6f, 0x75, 0x6e, 0x64, 0x2d, 0x63, 0x6f
  .byte 0x6c, 0x6f, 0x72, 0x3a, 0x20, 0x23, 0x30, 0x61, 0x30, 0x61, 0x30, 0x61, 0x3b, 0x0a, 0x20, 0x20
  .byte 0x62, 0x6f, 0x72, 0x64, 0x65, 0x72, 0x2d, 0x6c, 0x65, 0x66, 0x74, 0x3a, 0x20, 0x31, 0x70, 0x78
  .byte 0x20, 0x73, 0x6f, 0x6c, 0x69, 0x64, 0x20, 0x72, 0x67, 0x62, 0x61, 0x28, 0x32, 0x35, 0x35, 0x2c
  .byte 0x20, 0x32, 0x35, 0x35, 0x2c, 0x20, 0x32, 0x35, 0x35, 0x2c, 0x20, 0x30, 0x2e, 0x31, 0x29, 0x3b
  .byte 0x0a, 0x20, 0x20, 0x70, 0x6f, 0x73, 0x69, 0x74, 0x69, 0x6f, 0x6e, 0x3a, 0x20, 0x72, 0x65, 0x6c
  .byte 0x61, 0x74, 0x69, 0x76, 0x65, 0x3b, 0x0a, 0x20, 0x20, 0x6f, 0x76, 0x65, 0x72, 0x66, 0x6c, 0x6f
  .byte 0x77, 0x3a, 0x20, 0x68, 0x69, 0x64, 0x64, 0x65, 0x6e, 0x3b, 0x0a, 0x7d, 0x0a, 0x0a, 0x2e, 0x63
  .byte 0x68, 0x61, 0x74, 0x2d, 0x70, 0x61, 0x6e, 0x65, 0x6c, 0x5f, 0x5f, 0x63, 0x6c, 0x6f, 0x73, 0x65
  .byte 0x2d, 0x72, 0x6f, 0x77, 0x20, 0x7b, 0x0a, 0x20, 0x20, 0x64, 0x69, 0x73, 0x70, 0x6c, 0x61, 0x79
  .byte 0x3a, 0x20, 0x66, 0x6c, 0x65, 0x78, 0x3b, 0x0a, 0x20, 0x20, 0x6a, 0x75, 0x73, 0x74, 0x69, 0x66
  .byte 0x79, 0x2d, 0x63, 0x6f, 0x6e, 0x74, 0x65, 0x6e, 0x74, 0x3a, 0x20, 0x66, 0x6c, 0x65, 0x78, 0x2d
  .byte 0x65, 0x6e, 0x64, 0x3b, 0x0a, 0x20, 0x20, 0x70, 0x61, 0x64, 0x64, 0x69, 0x6e, 0x67, 0x3a, 0x20
  .byte 0x38, 0x70, 0x78, 0x20, 0x38, 0x70, 0x78, 0x20, 0x30, 0x3b, 0x0a, 0x20, 0x20, 0x66, 0x6c, 0x65
  .byte 0x78, 0x2d, 0x73, 0x68, 0x72, 0x69, 0x6e, 0x6b, 0x3a, 0x20, 0x30, 0x3b, 0x0a, 0x20, 0x20, 0x70
  .byte 0x6f, 0x73, 0x69, 0x74, 0x69, 0x6f, 0x6e, 0x3a, 0x20, 0x61, 0x62, 0x73, 0x6f, 0x6c, 0x75, 0x74
  .byte 0x65, 0x3b, 0x0a, 0x20, 0x20, 0x74, 0x6f, 0x70, 0x3a, 0x20, 0x30, 0x3b, 0x0a, 0x20, 0x20, 0x72
  .byte 0x69, 0x67, 0x68, 0x74, 0x3a, 0x20, 0x30, 0x3b, 0x0a, 0x20, 0x20, 0x7a, 0x2d, 0x69, 0x6e, 0x64
  .byte 0x65, 0x78, 0x3a, 0x20, 0x31, 0x30, 0x3b, 0x0a, 0x7d, 0x0a, 0x0a, 0x2e, 0x63, 0x68, 0x61, 0x74
  .byte 0x2d, 0x70, 0x61, 0x6e, 0x65, 0x6c, 0x5f, 0x5f, 0x62, 0x6f, 0x64, 0x79, 0x20, 0x7b, 0x0a, 0x20
  .byte 0x20, 0x66, 0x6c, 0x65, 0x78, 0x3a, 0x20, 0x31, 0x3b, 0x0a, 0x20, 0x20, 0x6d, 0x69, 0x6e, 0x2d
  .byte 0x68, 0x65, 0x69, 0x67, 0x68, 0x74, 0x3a, 0x20, 0x30, 0x3b, 0x0a, 0x20, 0x20, 0x6f, 0x76, 0x65
  .byte 0x72, 0x66, 0x6c, 0x6f, 0x77, 0x3a, 0x20, 0x68, 0x69, 0x64, 0x64, 0x65, 0x6e, 0x3b, 0x0a, 0x7d
  .byte 0x0a, 0x0a, 0x2f, 0x2a, 0x20, 0x4c, 0x65, 0x74, 0x20, 0x74, 0x61, 0x62, 0x6c, 0x65, 0x73, 0x2f
  .byte 0x63, 0x68, 0x61, 0x72, 0x74, 0x73, 0x20, 0x69, 0x6e, 0x73, 0x69, 0x64, 0x65, 0x20, 0x63, 0x68
  .byte 0x61, 0x74, 0x20, 0x73, 0x63, 0x72, 0x6f, 0x6c, 0x6c, 0x20, 0x68, 0x6f, 0x72, 0x69, 0x7a, 0x6f
  .byte 0x6e, 0x74, 0x61, 0x6c, 0x6c, 0x79, 0x20, 0x69, 0x6e, 0x73, 0x74, 0x65, 0x61, 0x64, 0x20, 0x6f
  .byte 0x66, 0x20, 0x63, 0x6c, 0x69, 0x70, 0x70, 0x69, 0x6e, 0x67, 0x20, 0x2a, 0x2f, 0x0a, 0x2e, 0x63
  .byte 0x68, 0x61, 0x74, 0x2d, 0x70, 0x61, 0x6e, 0x65, 0x6c, 0x20, 0x74, 0x61, 0x62, 0x6c, 0x65, 0x2c
  .byte 0x0a, 0x2e, 0x63, 0x68, 0x61, 0x74, 0x2d, 0x70, 0x61, 0x6e, 0x65, 0x6c, 0x20, 0x5b, 0x63, 0x6c
  .byte 0x61, 0x73, 0x73, 0x2a, 0x3d, 0x22, 0x72, 0x65, 0x63, 0x68, 0x61, 0x72, 0x74, 0x73, 0x2d, 0x77
  .byte 0x72, 0x61, 0x70, 0x70, 0x65, 0x72, 0x22, 0x5d, 0x20, 0x7b, 0x0a, 0x20, 0x20, 0x6d, 0x61, 0x78
  .byte 0x2d, 0x77, 0x69, 0x64, 0x74, 0x68, 0x3a, 0x20, 0x31, 0x30, 0x30, 0x25, 0x3b, 0x0a, 0x20, 0x20
  .byte 0x6f, 0x76, 0x65, 0x72, 0x66, 0x6c, 0x6f, 0x77, 0x2d, 0x78, 0x3a, 0x20, 0x61, 0x75, 0x74, 0x6f
  .byte 0x3b, 0x0a, 0x7d, 0x0a, 0x0a, 0x2e, 0x63, 0x68, 0x61, 0x74, 0x2d, 0x70, 0x61, 0x6e, 0x65, 0x6c
  .byte 0x20, 0x5b, 0x64, 0x61, 0x74, 0x61, 0x2d, 0x6f, 0x70, 0x65, 0x6e, 0x75, 0x69, 0x2d, 0x63, 0x6f
  .byte 0x6d, 0x70, 0x6f, 0x6e, 0x65, 0x6e, 0x74, 0x5d, 0x20, 0x7b, 0x0a, 0x20, 0x20, 0x6d, 0x61, 0x78
  .byte 0x2d, 0x77, 0x69, 0x64, 0x74, 0x68, 0x3a, 0x20, 0x31, 0x30, 0x30, 0x25, 0x3b, 0x0a, 0x20, 0x20
  .byte 0x6f, 0x76, 0x65, 0x72, 0x66, 0x6c, 0x6f, 0x77, 0x2d, 0x78, 0x3a, 0x20, 0x61, 0x75, 0x74, 0x6f
  .byte 0x3b, 0x0a, 0x7d, 0x0a, 0x0a, 0x2e, 0x63, 0x68, 0x61, 0x74, 0x2d, 0x63, 0x6c, 0x6f, 0x73, 0x65
  .byte 0x2d, 0x62, 0x74, 0x6e, 0x20, 0x7b, 0x0a, 0x20, 0x20, 0x64, 0x69, 0x73, 0x70, 0x6c, 0x61, 0x79
  .byte 0x3a, 0x20, 0x66, 0x6c, 0x65, 0x78, 0x3b, 0x0a, 0x20, 0x20, 0x61, 0x6c, 0x69, 0x67, 0x6e, 0x2d
  .byte 0x69, 0x74, 0x65, 0x6d, 0x73, 0x3a, 0x20, 0x63, 0x65, 0x6e, 0x74, 0x65, 0x72, 0x3b, 0x0a, 0x20
  .byte 0x20, 0x6a, 0x75, 0x73, 0x74, 0x69, 0x66, 0x79, 0x2d, 0x63, 0x6f, 0x6e, 0x74, 0x65, 0x6e, 0x74
  .byte 0x3a, 0x20, 0x63, 0x65, 0x6e, 0x74, 0x65, 0x72, 0x3b, 0x0a, 0x20, 0x20, 0x77, 0x69, 0x64, 0x74
  .byte 0x68, 0x3a, 0x20, 0x33, 0x32, 0x70, 0x78, 0x3b, 0x0a, 0x20, 0x20, 0x68, 0x65, 0x69, 0x67, 0x68
  .byte 0x74, 0x3a, 0x20, 0x33, 0x32, 0x70, 0x78, 0x3b, 0x0a, 0x20, 0x20, 0x62, 0x6f, 0x72, 0x64, 0x65
  .byte 0x72, 0x2d, 0x72, 0x61, 0x64, 0x69, 0x75, 0x73, 0x3a, 0x20, 0x38, 0x70, 0x78, 0x3b, 0x0a, 0x20
  .byte 0x20, 0x62, 0x6f, 0x72, 0x64, 0x65, 0x72, 0x3a, 0x20, 0x31, 0x70, 0x78, 0x20, 0x73, 0x6f, 0x6c
  .byte 0x69, 0x64, 0x20, 0x72, 0x67, 0x62, 0x61, 0x28, 0x32, 0x35, 0x35, 0x2c, 0x20, 0x32, 0x35, 0x35
  .byte 0x2c, 0x20, 0x32, 0x35, 0x35, 0x2c, 0x20, 0x30, 0x2e, 0x31, 0x29, 0x3b, 0x0a, 0x20, 0x20, 0x62
  .byte 0x61, 0x63, 0x6b, 0x67, 0x72, 0x6f, 0x75, 0x6e, 0x64, 0x3a, 0x20, 0x72, 0x67, 0x62, 0x61, 0x28
  .byte 0x31, 0x30, 0x2c, 0x20, 0x31, 0x30, 0x2c, 0x20, 0x31, 0x30, 0x2c, 0x20, 0x30, 0x2e, 0x38, 0x29
  .byte 0x3b, 0x0a, 0x20, 0x20, 0x63, 0x6f, 0x6c, 0x6f, 0x72, 0x3a, 0x20, 0x23, 0x39, 0x39, 0x39, 0x3b
  .byte 0x0a, 0x20, 0x20, 0x63, 0x75, 0x72, 0x73, 0x6f, 0x72, 0x3a, 0x20, 0x70, 0x6f, 0x69, 0x6e, 0x74
  .byte 0x65, 0x72, 0x3b, 0x0a, 0x20, 0x20, 0x74, 0x72, 0x61, 0x6e, 0x73, 0x69, 0x74, 0x69, 0x6f, 0x6e
  .byte 0x3a, 0x20, 0x62, 0x61, 0x63, 0x6b, 0x67, 0x72, 0x6f, 0x75, 0x6e, 0x64, 0x20, 0x30, 0x2e, 0x31
  .byte 0x35, 0x73, 0x2c, 0x20, 0x63, 0x6f, 0x6c, 0x6f, 0x72, 0x20, 0x30, 0x2e, 0x31, 0x35, 0x73, 0x3b
  .byte 0x0a, 0x7d, 0x0a, 0x0a, 0x2e, 0x63, 0x68, 0x61, 0x74, 0x2d, 0x63, 0x6c, 0x6f, 0x73, 0x65, 0x2d
  .byte 0x62, 0x74, 0x6e, 0x3a, 0x68, 0x6f, 0x76, 0x65, 0x72, 0x20, 0x7b, 0x0a, 0x20, 0x20, 0x62, 0x61
  .byte 0x63, 0x6b, 0x67, 0x72, 0x6f, 0x75, 0x6e, 0x64, 0x3a, 0x20, 0x72, 0x67, 0x62, 0x61, 0x28, 0x32
  .byte 0x35, 0x35, 0x2c, 0x20, 0x32, 0x35, 0x35, 0x2c, 0x20, 0x32, 0x35, 0x35, 0x2c, 0x20, 0x30, 0x2e
  .byte 0x31, 0x29, 0x3b, 0x0a, 0x20, 0x20, 0x63, 0x6f, 0x6c, 0x6f, 0x72, 0x3a, 0x20, 0x23, 0x66, 0x66
  .byte 0x66, 0x3b, 0x0a, 0x7d, 0x0a, 0x0a, 0x2f, 0x2a, 0x20, 0x46, 0x6c, 0x6f, 0x61, 0x74, 0x69, 0x6e
  .byte 0x67, 0x20, 0x61, 0x63, 0x74, 0x69, 0x6f, 0x6e, 0x20, 0x62, 0x75, 0x74, 0x74, 0x6f, 0x6e, 0x20
  .byte 0x74, 0x6f, 0x20, 0x6f, 0x70, 0x65, 0x6e, 0x20, 0x63, 0x68, 0x61, 0x74, 0x20, 0x2a, 0x2f, 0x0a
  .byte 0x2e, 0x63, 0x68, 0x61, 0x74, 0x2d, 0x66, 0x61, 0x62, 0x20, 0x7b, 0x0a, 0x20, 0x20, 0x70, 0x6f
  .byte 0x73, 0x69, 0x74, 0x69, 0x6f, 0x6e, 0x3a, 0x20, 0x66, 0x69, 0x78, 0x65, 0x64, 0x3b, 0x0a, 0x20
  .byte 0x20, 0x62, 0x6f, 0x74, 0x74, 0x6f, 0x6d, 0x3a, 0x20, 0x32, 0x34, 0x70, 0x78, 0x3b, 0x0a, 0x20
  .byte 0x20, 0x72, 0x69, 0x67, 0x68, 0x74, 0x3a, 0x20, 0x32, 0x34, 0x70, 0x78, 0x3b, 0x0a, 0x20, 0x20
  .byte 0x7a, 0x2d, 0x69, 0x6e, 0x64, 0x65, 0x78, 0x3a, 0x20, 0x39, 0x30, 0x3b, 0x0a, 0x20, 0x20, 0x64
  .byte 0x69, 0x73, 0x70, 0x6c, 0x61, 0x79, 0x3a, 0x20, 0x66, 0x6c, 0x65, 0x78, 0x3b, 0x0a, 0x20, 0x20
  .byte 0x61, 0x6c, 0x69, 0x67, 0x6e, 0x2d, 0x69, 0x74, 0x65, 0x6d, 0x73, 0x3a, 0x20, 0x63, 0x65, 0x6e
  .byte 0x74, 0x65, 0x72, 0x3b, 0x0a, 0x20, 0x20, 0x67, 0x61, 0x70, 0x3a, 0x20, 0x38, 0x70, 0x78, 0x3b
  .byte 0x0a, 0x20, 0x20, 0x70, 0x61, 0x64, 0x64, 0x69, 0x6e, 0x67, 0x3a, 0x20, 0x31, 0x32, 0x70, 0x78
  .byte 0x20, 0x32, 0x30, 0x70, 0x78, 0x3b, 0x0a, 0x20, 0x20, 0x62, 0x6f, 0x72, 0x64, 0x65, 0x72, 0x2d
  .byte 0x72, 0x61, 0x64, 0x69, 0x75, 0x73, 0x3a, 0x20, 0x35, 0x30, 0x70, 0x78, 0x3b, 0x0a, 0x20, 0x20
  .byte 0x62, 0x6f, 0x72, 0x64, 0x65, 0x72, 0x3a, 0x20, 0x31, 0x70, 0x78, 0x20, 0x73, 0x6f, 0x6c, 0x69
  .byte 0x64, 0x20, 0x72, 0x67, 0x62, 0x61, 0x28, 0x32, 0x35, 0x35, 0x2c, 0x20, 0x32, 0x35, 0x35, 0x2c
  .byte 0x20, 0x32, 0x35, 0x35, 0x2c, 0x20, 0x30, 0x2e, 0x31, 0x32, 0x29, 0x3b, 0x0a, 0x20, 0x20, 0x62
  .byte 0x61, 0x63, 0x6b, 0x67, 0x72, 0x6f, 0x75, 0x6e, 0x64, 0x3a, 0x20, 0x6c, 0x69, 0x6e, 0x65, 0x61
  .byte 0x72, 0x2d, 0x67, 0x72, 0x61, 0x64, 0x69, 0x65, 0x6e, 0x74, 0x28, 0x31, 0x33, 0x35, 0x64, 0x65
  .byte 0x67, 0x2c, 0x20, 0x23, 0x31, 0x61, 0x31, 0x61, 0x32, 0x65, 0x20, 0x30, 0x25, 0x2c, 0x20, 0x23
  .byte 0x31, 0x36, 0x32, 0x31, 0x33, 0x65, 0x20, 0x31, 0x30, 0x30, 0x25, 0x29, 0x3b, 0x0a, 0x20, 0x20
  .byte 0x63, 0x6f, 0x6c, 0x6f, 0x72, 0x3a, 0x20, 0x23, 0x65, 0x64, 0x65, 0x64, 0x65, 0x64, 0x3b, 0x0a
  .byte 0x20, 0x20, 0x66, 0x6f, 0x6e, 0x74, 0x2d, 0x73, 0x69, 0x7a, 0x65, 0x3a, 0x20, 0x31, 0x34, 0x70
  .byte 0x78, 0x3b, 0x0a, 0x20, 0x20, 0x66, 0x6f, 0x6e, 0x74, 0x2d, 0x77, 0x65, 0x69, 0x67, 0x68, 0x74
  .byte 0x3a, 0x20, 0x35, 0x30, 0x30, 0x3b, 0x0a, 0x20, 0x20, 0x63, 0x75, 0x72, 0x73, 0x6f, 0x72, 0x3a
  .byte 0x20, 0x70, 0x6f, 0x69, 0x6e, 0x74, 0x65, 0x72, 0x3b, 0x0a, 0x20, 0x20, 0x62, 0x6f, 0x78, 0x2d
  .byte 0x73, 0x68, 0x61, 0x64, 0x6f, 0x77, 0x3a, 0x20, 0x30, 0x20, 0x34, 0x70, 0x78, 0x20, 0x32, 0x30
  .byte 0x70, 0x78, 0x20, 0x72, 0x67, 0x62, 0x61, 0x28, 0x30, 0x2c, 0x20, 0x30, 0x2c, 0x20, 0x30, 0x2c
  .byte 0x20, 0x30, 0x2e, 0x34, 0x29, 0x2c, 0x20, 0x30, 0x20, 0x30, 0x20, 0x30, 0x20, 0x31, 0x70, 0x78
  .byte 0x20, 0x72, 0x67, 0x62, 0x61, 0x28, 0x35, 0x39, 0x2c, 0x20, 0x31, 0x33, 0x30, 0x2c, 0x20, 0x32
  .byte 0x34, 0x36, 0x2c, 0x20, 0x30, 0x2e, 0x31, 0x35, 0x29, 0x3b, 0x0a, 0x20, 0x20, 0x74, 0x72, 0x61
  .byte 0x6e, 0x73, 0x69, 0x74, 0x69, 0x6f, 0x6e, 0x3a, 0x20, 0x74, 0x72, 0x61, 0x6e, 0x73, 0x66, 0x6f
  .byte 0x72, 0x6d, 0x20, 0x30, 0x2e, 0x31, 0x35, 0x73, 0x2c, 0x20, 0x62, 0x6f, 0x78, 0x2d, 0x73, 0x68
  .byte 0x61, 0x64, 0x6f, 0x77, 0x20, 0x30, 0x2e, 0x31, 0x35, 0x73, 0x3b, 0x0a, 0x7d, 0x0a, 0x0a, 0x2e
  .byte 0x63, 0x68, 0x61, 0x74, 0x2d, 0x66, 0x61, 0x62, 0x3a, 0x68, 0x6f, 0x76, 0x65, 0x72, 0x20, 0x7b
  .byte 0x0a, 0x20, 0x20, 0x74, 0x72, 0x61, 0x6e, 0x73, 0x66, 0x6f, 0x72, 0x6d, 0x3a, 0x20, 0x74, 0x72
  .byte 0x61, 0x6e, 0x73, 0x6c, 0x61, 0x74, 0x65, 0x59, 0x28, 0x2d, 0x32, 0x70, 0x78, 0x29, 0x3b, 0x0a
  .byte 0x20, 0x20, 0x62, 0x6f, 0x78, 0x2d, 0x73, 0x68, 0x61, 0x64, 0x6f, 0x77, 0x3a, 0x20, 0x30, 0x20
  .byte 0x36, 0x70, 0x78, 0x20, 0x32, 0x38, 0x70, 0x78, 0x20, 0x72, 0x67, 0x62, 0x61, 0x28, 0x30, 0x2c
  .byte 0x20, 0x30, 0x2c, 0x20, 0x30, 0x2c, 0x20, 0x30, 0x2e, 0x35, 0x29, 0x2c, 0x20, 0x30, 0x20, 0x30
  .byte 0x20, 0x30, 0x20, 0x31, 0x70, 0x78, 0x20, 0x72, 0x67, 0x62, 0x61, 0x28, 0x35, 0x39, 0x2c, 0x20
  .byte 0x31, 0x33, 0x30, 0x2c, 0x20, 0x32, 0x34, 0x36, 0x2c, 0x20, 0x30, 0x2e, 0x33, 0x29, 0x3b, 0x0a
  .byte 0x7d, 0x0a, 0x0a, 0x2e, 0x63, 0x68, 0x61, 0x74, 0x2d, 0x66, 0x61, 0x62, 0x5f, 0x5f, 0x6c, 0x61
  .byte 0x62, 0x65, 0x6c, 0x20, 0x7b, 0x0a, 0x20, 0x20, 0x77, 0x68, 0x69, 0x74, 0x65, 0x2d, 0x73, 0x70
  .byte 0x61, 0x63, 0x65, 0x3a, 0x20, 0x6e, 0x6f, 0x77, 0x72, 0x61, 0x70, 0x3b, 0x0a, 0x7d, 0x0a, 0x0a
  .byte 0x40, 0x6d, 0x65, 0x64, 0x69, 0x61, 0x20, 0x28, 0x6d, 0x61, 0x78, 0x2d, 0x77, 0x69, 0x64, 0x74
  .byte 0x68, 0x3a, 0x20, 0x37, 0x36, 0x38, 0x70, 0x78, 0x29, 0x20, 0x7b, 0x0a, 0x20, 0x20, 0x2e, 0x63
  .byte 0x68, 0x61, 0x74, 0x2d, 0x70, 0x61, 0x6e, 0x65, 0x6c, 0x20, 0x7b, 0x0a, 0x20, 0x20, 0x20, 0x20
  .byte 0x77, 0x69, 0x64, 0x74, 0x68, 0x3a, 0x20, 0x31, 0x30, 0x30, 0x76, 0x77, 0x3b, 0x0a, 0x20, 0x20
  .byte 0x7d, 0x0a, 0x20, 0x20, 0x2e, 0x63, 0x68, 0x61, 0x74, 0x2d, 0x66, 0x61, 0x62, 0x5f, 0x5f, 0x6c
  .byte 0x61, 0x62, 0x65, 0x6c, 0x20, 0x7b, 0x0a, 0x20, 0x20, 0x20, 0x20, 0x64, 0x69, 0x73, 0x70, 0x6c
  .byte 0x61, 0x79, 0x3a, 0x20, 0x6e, 0x6f, 0x6e, 0x65, 0x3b, 0x0a, 0x20, 0x20, 0x7d, 0x0a, 0x20, 0x20
  .byte 0x2e, 0x63, 0x68, 0x61, 0x74, 0x2d, 0x66, 0x61, 0x62, 0x20, 0x7b, 0x0a, 0x20, 0x20, 0x20, 0x20
  .byte 0x70, 0x61, 0x64, 0x64, 0x69, 0x6e, 0x67, 0x3a, 0x20, 0x31, 0x34, 0x70, 0x78, 0x3b, 0x0a, 0x20
  .byte 0x20, 0x20, 0x20, 0x62, 0x6f, 0x72, 0x64, 0x65, 0x72, 0x2d, 0x72, 0x61, 0x64, 0x69, 0x75, 0x73
  .byte 0x3a, 0x20, 0x35, 0x30, 0x25, 0x3b, 0x0a, 0x20, 0x20, 0x7d, 0x0a, 0x7d, 0x0a, 0x0a, 0x2f, 0x2a
  .byte 0x20, 0x50, 0x65, 0x72, 0x73, 0x69, 0x73, 0x74, 0x65, 0x6e, 0x74, 0x20, 0x73, 0x70, 0x72, 0x65
  .byte 0x61, 0x64, 0x73, 0x68, 0x65, 0x65, 0x74, 0x20, 0x2a, 0x2f, 0x0a, 0x2e, 0x70, 0x65, 0x72, 0x73
  .byte 0x69, 0x73, 0x74, 0x65, 0x6e, 0x74, 0x2d, 0x73, 0x70, 0x72, 0x65, 0x61, 0x64, 0x73, 0x68, 0x65
  .byte 0x65, 0x74, 0x20, 0x7b, 0x0a, 0x20, 0x20, 0x62, 0x61, 0x63, 0x6b, 0x67, 0x72, 0x6f, 0x75, 0x6e
  .byte 0x64, 0x2d, 0x63, 0x6f, 0x6c, 0x6f, 0x72, 0x3a, 0x20, 0x23, 0x30, 0x66, 0x30, 0x66, 0x30, 0x66
  .byte 0x3b, 0x0a, 0x20, 0x20, 0x64, 0x69, 0x73, 0x70, 0x6c, 0x61, 0x79, 0x3a, 0x20, 0x66, 0x6c, 0x65
  .byte 0x78, 0x3b, 0x0a, 0x20, 0x20, 0x66, 0x6c, 0x65, 0x78, 0x2d, 0x64, 0x69, 0x72, 0x65, 0x63, 0x74
  .byte 0x69, 0x6f, 0x6e, 0x3a, 0x20, 0x63, 0x6f, 0x6c, 0x75, 0x6d, 0x6e, 0x3b, 0x0a, 0x20, 0x20, 0x68
  .byte 0x65, 0x69, 0x67, 0x68, 0x74, 0x3a, 0x20, 0x31, 0x30, 0x30, 0x25, 0x3b, 0x0a, 0x7d, 0x0a, 0x0a
  .byte 0x2e, 0x70, 0x65, 0x72, 0x73, 0x69, 0x73, 0x74, 0x65, 0x6e, 0x74, 0x2d, 0x73, 0x70, 0x72, 0x65
  .byte 0x61, 0x64, 0x73, 0x68, 0x65, 0x65, 0x74, 0x20, 0x3e, 0x20, 0x64, 0x69, 0x76, 0x3a, 0x66, 0x69
  .byte 0x72, 0x73, 0x74, 0x2d, 0x63, 0x68, 0x69, 0x6c, 0x64, 0x20, 0x7b, 0x0a, 0x20, 0x20, 0x66, 0x6c
  .byte 0x65, 0x78, 0x2d, 0x73, 0x68, 0x72, 0x69, 0x6e, 0x6b, 0x3a, 0x20, 0x30, 0x3b, 0x0a, 0x7d, 0x0a
  .byte 0x0a, 0x2e, 0x70, 0x65, 0x72, 0x73, 0x69, 0x73, 0x74, 0x65, 0x6e, 0x74, 0x2d, 0x73, 0x70, 0x72
  .byte 0x65, 0x61, 0x64, 0x73, 0x68, 0x65, 0x65, 0x74, 0x20, 0x3e, 0x20, 0x64, 0x69, 0x76, 0x3a, 0x6e
  .byte 0x74, 0x68, 0x2d, 0x63, 0x68, 0x69, 0x6c, 0x64, 0x28, 0x32, 0x29, 0x20, 0x7b, 0x0a, 0x20, 0x20
  .byte 0x66, 0x6c, 0x65, 0x78, 0x3a, 0x20, 0x31, 0x3b, 0x0a, 0x20, 0x20, 0x6d, 0x69, 0x6e, 0x2d, 0x68
  .byte 0x65, 0x69, 0x67, 0x68, 0x74, 0x3a, 0x20, 0x30, 0x3b, 0x0a, 0x20, 0x20, 0x70, 0x6f, 0x73, 0x69
  .byte 0x74, 0x69, 0x6f, 0x6e, 0x3a, 0x20, 0x72, 0x65, 0x6c, 0x61, 0x74, 0x69, 0x76, 0x65, 0x3b, 0x0a
  .byte 0x7d, 0x0a, 0x0a, 0x2e, 0x70, 0x65, 0x72, 0x73, 0x69, 0x73, 0x74, 0x65, 0x6e, 0x74, 0x2d, 0x73
  .byte 0x70, 0x72, 0x65, 0x61, 0x64, 0x73, 0x68, 0x65, 0x65, 0x74, 0x20, 0x3e, 0x20, 0x64, 0x69, 0x76
  .byte 0x3a, 0x6c, 0x61, 0x73, 0x74, 0x2d, 0x63, 0x68, 0x69, 0x6c, 0x64, 0x20, 0x7b, 0x0a, 0x20, 0x20
  .byte 0x66, 0x6c, 0x65, 0x78, 0x2d, 0x73, 0x68, 0x72, 0x69, 0x6e, 0x6b, 0x3a, 0x20, 0x30, 0x3b, 0x0a
  .byte 0x7d, 0x0a, 0x0a, 0x2e, 0x70, 0x65, 0x72, 0x73, 0x69, 0x73, 0x74, 0x65, 0x6e, 0x74, 0x2d, 0x73
  .byte 0x70, 0x72, 0x65, 0x61, 0x64, 0x73, 0x68, 0x65, 0x65, 0x74, 0x20, 0x2e, 0x68, 0x61, 0x6e, 0x64
  .byte 0x73, 0x6f, 0x6e, 0x74, 0x61, 0x62, 0x6c, 0x65, 0x20, 0x7b, 0x0a, 0x20, 0x20, 0x70, 0x6f, 0x73
  .byte 0x69, 0x74, 0x69, 0x6f, 0x6e, 0x3a, 0x20, 0x72, 0x65, 0x6c, 0x61, 0x74, 0x69, 0x76, 0x65, 0x3b
  .byte 0x0a, 0x20, 0x20, 0x7a, 0x2d, 0x69, 0x6e, 0x64, 0x65, 0x78, 0x3a, 0x20, 0x31, 0x3b, 0x0a, 0x7d
  .byte 0x0a

  .globl openui_full_port_examples_hands_on_table_chat_src_app_globals_css_c41296349edf_len
openui_full_port_examples_hands_on_table_chat_src_app_globals_css_c41296349edf_len:
  .quad 4209

# assembly pass: 2/4
  .globl openui_full_port_examples_hands_on_table_chat_src_app_globals_css_c41296349edf_pass_2
openui_full_port_examples_hands_on_table_chat_src_app_globals_css_c41296349edf_pass_2:
  .byte 0x40, 0x69, 0x6d, 0x70, 0x6f, 0x72, 0x74, 0x20, 0x22, 0x74, 0x61, 0x69, 0x6c, 0x77, 0x69, 0x6e
  .byte 0x64, 0x63, 0x73, 0x73, 0x22, 0x3b, 0x0a, 0x0a, 0x3a, 0x72, 0x6f, 0x6f, 0x74, 0x20, 0x7b, 0x0a
  .byte 0x20, 0x20, 0x2d, 0x2d, 0x62, 0x61, 0x63, 0x6b, 0x67, 0x72, 0x6f, 0x75, 0x6e, 0x64, 0x3a, 0x20
  .byte 0x23, 0x30, 0x61, 0x30, 0x61, 0x30, 0x61, 0x3b, 0x0a, 0x20, 0x20, 0x2d, 0x2d, 0x66, 0x6f, 0x72
  .byte 0x65, 0x67, 0x72, 0x6f, 0x75, 0x6e, 0x64, 0x3a, 0x20, 0x23, 0x65, 0x64, 0x65, 0x64, 0x65, 0x64
  .byte 0x3b, 0x0a, 0x7d, 0x0a, 0x0a, 0x40, 0x74, 0x68, 0x65, 0x6d, 0x65, 0x20, 0x69, 0x6e, 0x6c, 0x69
  .byte 0x6e, 0x65, 0x20, 0x7b, 0x0a, 0x20, 0x20, 0x2d, 0x2d, 0x63, 0x6f, 0x6c, 0x6f, 0x72, 0x2d, 0x62
  .byte 0x61, 0x63, 0x6b, 0x67, 0x72, 0x6f, 0x75, 0x6e, 0x64, 0x3a, 0x20, 0x76, 0x61, 0x72, 0x28, 0x2d
  .byte 0x2d, 0x62, 0x61, 0x63, 0x6b, 0x67, 0x72, 0x6f, 0x75, 0x6e, 0x64, 0x29, 0x3b, 0x0a, 0x20, 0x20
  .byte 0x2d, 0x2d, 0x63, 0x6f, 0x6c, 0x6f, 0x72, 0x2d, 0x66, 0x6f, 0x72, 0x65, 0x67, 0x72, 0x6f, 0x75
  .byte 0x6e, 0x64, 0x3a, 0x20, 0x76, 0x61, 0x72, 0x28, 0x2d, 0x2d, 0x66, 0x6f, 0x72, 0x65, 0x67, 0x72
  .byte 0x6f, 0x75, 0x6e, 0x64, 0x29, 0x3b, 0x0a, 0x7d, 0x0a, 0x0a, 0x68, 0x74, 0x6d, 0x6c, 0x2c, 0x0a
  .byte 0x62, 0x6f, 0x64, 0x79, 0x20, 0x7b, 0x0a, 0x20, 0x20, 0x6d, 0x61, 0x72, 0x67, 0x69, 0x6e, 0x3a
  .byte 0x20, 0x30, 0x3b, 0x0a, 0x20, 0x20, 0x70, 0x61, 0x64, 0x64, 0x69, 0x6e, 0x67, 0x3a, 0x20, 0x30
  .byte 0x3b, 0x0a, 0x20, 0x20, 0x68, 0x65, 0x69, 0x67, 0x68, 0x74, 0x3a, 0x20, 0x31, 0x30, 0x30, 0x25
  .byte 0x3b, 0x0a, 0x20, 0x20, 0x6f, 0x76, 0x65, 0x72, 0x66, 0x6c, 0x6f, 0x77, 0x3a, 0x20, 0x68, 0x69
  .byte 0x64, 0x64, 0x65, 0x6e, 0x3b, 0x0a, 0x7d, 0x0a, 0x0a, 0x62, 0x6f, 0x64, 0x79, 0x20, 0x7b, 0x0a
  .byte 0x20, 0x20, 0x63, 0x6f, 0x6c, 0x6f, 0x72, 0x3a, 0x20, 0x76, 0x61, 0x72, 0x28, 0x2d, 0x2d, 0x66
  .byte 0x6f, 0x72, 0x65, 0x67, 0x72, 0x6f, 0x75, 0x6e, 0x64, 0x29, 0x3b, 0x0a, 0x20, 0x20, 0x62, 0x61
  .byte 0x63, 0x6b, 0x67, 0x72, 0x6f, 0x75, 0x6e, 0x64, 0x3a, 0x20, 0x76, 0x61, 0x72, 0x28, 0x2d, 0x2d
  .byte 0x62, 0x61, 0x63, 0x6b, 0x67, 0x72, 0x6f, 0x75, 0x6e, 0x64, 0x29, 0x3b, 0x0a, 0x20, 0x20, 0x66
  .byte 0x6f, 0x6e, 0x74, 0x2d, 0x66, 0x61, 0x6d, 0x69, 0x6c, 0x79, 0x3a, 0x20, 0x41, 0x72, 0x69, 0x61
  .byte 0x6c, 0x2c, 0x20, 0x48, 0x65, 0x6c, 0x76, 0x65, 0x74, 0x69, 0x63, 0x61, 0x2c, 0x20, 0x73, 0x61
  .byte 0x6e, 0x73, 0x2d, 0x73, 0x65, 0x72, 0x69, 0x66, 0x3b, 0x0a, 0x7d, 0x0a, 0x0a, 0x2f, 0x2a, 0x20
  .byte 0x48, 0x61, 0x6e, 0x64, 0x73, 0x6f, 0x6e, 0x74, 0x61, 0x62, 0x6c, 0x65, 0x20, 0x64, 0x61, 0x72
  .byte 0x6b, 0x20, 0x6d, 0x6f, 0x64, 0x65, 0x20, 0x2a, 0x2f, 0x0a, 0x2e, 0x68, 0x61, 0x6e, 0x64, 0x73
  .byte 0x6f, 0x6e, 0x74, 0x61, 0x62, 0x6c, 0x65, 0x20, 0x7b, 0x0a, 0x20, 0x20, 0x66, 0x6f, 0x6e, 0x74
  .byte 0x2d, 0x73, 0x69, 0x7a, 0x65, 0x3a, 0x20, 0x31, 0x33, 0x70, 0x78, 0x3b, 0x0a, 0x7d, 0x0a, 0x0a
  .byte 0x2e, 0x68, 0x61, 0x6e, 0x64, 0x73, 0x6f, 0x6e, 0x74, 0x61, 0x62, 0x6c, 0x65, 0x20, 0x74, 0x68
  .byte 0x20, 0x7b, 0x0a, 0x20, 0x20, 0x62, 0x61, 0x63, 0x6b, 0x67, 0x72, 0x6f, 0x75, 0x6e, 0x64, 0x2d
  .byte 0x63, 0x6f, 0x6c, 0x6f, 0x72, 0x3a, 0x20, 0x23, 0x32, 0x35, 0x32, 0x35, 0x32, 0x35, 0x20, 0x21
  .byte 0x69, 0x6d, 0x70, 0x6f, 0x72, 0x74, 0x61, 0x6e, 0x74, 0x3b, 0x0a, 0x20, 0x20, 0x63, 0x6f, 0x6c
  .byte 0x6f, 0x72, 0x3a, 0x20, 0x23, 0x65, 0x64, 0x65, 0x64, 0x65, 0x64, 0x20, 0x21, 0x69, 0x6d, 0x70
  .byte 0x6f, 0x72, 0x74, 0x61, 0x6e, 0x74, 0x3b, 0x0a, 0x20, 0x20, 0x62, 0x6f, 0x72, 0x64, 0x65, 0x72
  .byte 0x2d, 0x63, 0x6f, 0x6c, 0x6f, 0x72, 0x3a, 0x20, 0x23, 0x34, 0x30, 0x34, 0x30, 0x34, 0x30, 0x20
  .byte 0x21, 0x69, 0x6d, 0x70, 0x6f, 0x72, 0x74, 0x61, 0x6e, 0x74, 0x3b, 0x0a, 0x7d, 0x0a, 0x0a, 0x2e
  .byte 0x68, 0x61, 0x6e, 0x64, 0x73, 0x6f, 0x6e, 0x74, 0x61, 0x62, 0x6c, 0x65, 0x20, 0x74, 0x64, 0x20
  .byte 0x7b, 0x0a, 0x20, 0x20, 0x62, 0x61, 0x63, 0x6b, 0x67, 0x72, 0x6f, 0x75, 0x6e, 0x64, 0x2d, 0x63
  .byte 0x6f, 0x6c, 0x6f, 0x72, 0x3a, 0x20, 0x23, 0x31, 0x61, 0x31, 0x61, 0x31, 0x61, 0x20, 0x21, 0x69
  .byte 0x6d, 0x70, 0x6f, 0x72, 0x74, 0x61, 0x6e, 0x74, 0x3b, 0x0a, 0x20, 0x20, 0x63, 0x6f, 0x6c, 0x6f
  .byte 0x72, 0x3a, 0x20, 0x23, 0x65, 0x64, 0x65, 0x64, 0x65, 0x64, 0x20, 0x21, 0x69, 0x6d, 0x70, 0x6f
  .byte 0x72, 0x74, 0x61, 0x6e, 0x74, 0x3b, 0x0a, 0x20, 0x20, 0x62, 0x6f, 0x72, 0x64, 0x65, 0x72, 0x2d
  .byte 0x63, 0x6f, 0x6c, 0x6f, 0x72, 0x3a, 0x20, 0x23, 0x33, 0x33, 0x33, 0x20, 0x21, 0x69, 0x6d, 0x70
  .byte 0x6f, 0x72, 0x74, 0x61, 0x6e, 0x74, 0x3b, 0x0a, 0x7d, 0x0a, 0x0a, 0x2e, 0x68, 0x61, 0x6e, 0x64
  .byte 0x73, 0x6f, 0x6e, 0x74, 0x61, 0x62, 0x6c, 0x65, 0x20, 0x74, 0x64, 0x2e, 0x61, 0x72, 0x65, 0x61
  .byte 0x20, 0x7b, 0x0a, 0x20, 0x20, 0x62, 0x61, 0x63, 0x6b, 0x67, 0x72, 0x6f, 0x75, 0x6e, 0x64, 0x2d
  .byte 0x63, 0x6f, 0x6c, 0x6f, 0x72, 0x3a, 0x20, 0x72, 0x67, 0x62, 0x61, 0x28, 0x35, 0x39, 0x2c, 0x20
  .byte 0x31, 0x33, 0x30, 0x2c, 0x20, 0x32, 0x34, 0x36, 0x2c, 0x20, 0x30, 0x2e, 0x32, 0x29, 0x20, 0x21
  .byte 0x69, 0x6d, 0x70, 0x6f, 0x72, 0x74, 0x61, 0x6e, 0x74, 0x3b, 0x0a, 0x7d, 0x0a, 0x0a, 0x2e, 0x68
  .byte 0x61, 0x6e, 0x64, 0x73, 0x6f, 0x6e, 0x74, 0x61, 0x62, 0x6c, 0x65, 0x20, 0x2e, 0x77, 0x74, 0x42
  .byte 0x6f, 0x72, 0x64, 0x65, 0x72, 0x20, 0x7b, 0x0a, 0x20, 0x20, 0x62, 0x61, 0x63, 0x6b, 0x67, 0x72
  .byte 0x6f, 0x75, 0x6e, 0x64, 0x2d, 0x63, 0x6f, 0x6c, 0x6f, 0x72, 0x3a, 0x20, 0x23, 0x33, 0x62, 0x38
  .byte 0x32, 0x66, 0x36, 0x20, 0x21, 0x69, 0x6d, 0x70, 0x6f, 0x72, 0x74, 0x61, 0x6e, 0x74, 0x3b, 0x0a
  .byte 0x7d, 0x0a, 0x0a, 0x2e, 0x68, 0x74, 0x43, 0x6f, 0x6e, 0x74, 0x65, 0x78, 0x74, 0x4d, 0x65, 0x6e
  .byte 0x75, 0x20, 0x7b, 0x0a, 0x20, 0x20, 0x62, 0x61, 0x63, 0x6b, 0x67, 0x72, 0x6f, 0x75, 0x6e, 0x64
  .byte 0x2d, 0x63, 0x6f, 0x6c, 0x6f, 0x72, 0x3a, 0x20, 0x23, 0x31, 0x61, 0x31, 0x61, 0x31, 0x61, 0x20
  .byte 0x21, 0x69, 0x6d, 0x70, 0x6f, 0x72, 0x74, 0x61, 0x6e, 0x74, 0x3b, 0x0a, 0x20, 0x20, 0x62, 0x6f
  .byte 0x72, 0x64, 0x65, 0x72, 0x2d, 0x63, 0x6f, 0x6c, 0x6f, 0x72, 0x3a, 0x20, 0x23, 0x34, 0x30, 0x34
  .byte 0x30, 0x34, 0x30, 0x20, 0x21, 0x69, 0x6d, 0x70, 0x6f, 0x72, 0x74, 0x61, 0x6e, 0x74, 0x3b, 0x0a
  .byte 0x7d, 0x0a, 0x0a, 0x2e, 0x68, 0x74, 0x43, 0x6f, 0x6e, 0x74, 0x65, 0x78, 0x74, 0x4d, 0x65, 0x6e
  .byte 0x75, 0x20, 0x74, 0x64, 0x20, 0x7b, 0x0a, 0x20, 0x20, 0x62, 0x61, 0x63, 0x6b, 0x67, 0x72, 0x6f
  .byte 0x75, 0x6e, 0x64, 0x2d, 0x63, 0x6f, 0x6c, 0x6f, 0x72, 0x3a, 0x20, 0x23, 0x31, 0x61, 0x31, 0x61
  .byte 0x31, 0x61, 0x20, 0x21, 0x69, 0x6d, 0x70, 0x6f, 0x72, 0x74, 0x61, 0x6e, 0x74, 0x3b, 0x0a, 0x20
  .byte 0x20, 0x63, 0x6f, 0x6c, 0x6f, 0x72, 0x3a, 0x20, 0x23, 0x65, 0x64, 0x65, 0x64, 0x65, 0x64, 0x20
  .byte 0x21, 0x69, 0x6d, 0x70, 0x6f, 0x72, 0x74, 0x61, 0x6e, 0x74, 0x3b, 0x0a, 0x7d, 0x0a, 0x0a, 0x2e
  .byte 0x68, 0x74, 0x43, 0x6f, 0x6e, 0x74, 0x65, 0x78, 0x74, 0x4d, 0x65, 0x6e, 0x75, 0x20, 0x74, 0x64
  .byte 0x3a, 0x68, 0x6f, 0x76, 0x65, 0x72, 0x20, 0x7b, 0x0a, 0x20, 0x20, 0x62, 0x61, 0x63, 0x6b, 0x67
  .byte 0x72, 0x6f, 0x75, 0x6e, 0x64, 0x2d, 0x63, 0x6f, 0x6c, 0x6f, 0x72, 0x3a, 0x20, 0x23, 0x33, 0x33
  .byte 0x33, 0x20, 0x21, 0x69, 0x6d, 0x70, 0x6f, 0x72, 0x74, 0x61, 0x6e, 0x74, 0x3b, 0x0a, 0x7d, 0x0a
  .byte 0x0a, 0x2e, 0x68, 0x74, 0x43, 0x6f, 0x6e, 0x74, 0x65, 0x78, 0x74, 0x4d, 0x65, 0x6e, 0x75, 0x20
  .byte 0x74, 0x64, 0x2e, 0x68, 0x74, 0x44, 0x69, 0x73, 0x61, 0x62, 0x6c, 0x65, 0x64, 0x20, 0x7b, 0x0a
  .byte 0x20, 0x20, 0x63, 0x6f, 0x6c, 0x6f, 0x72, 0x3a, 0x20, 0x23, 0x36, 0x36, 0x36, 0x20, 0x21, 0x69
  .byte 0x6d, 0x70, 0x6f, 0x72, 0x74, 0x61, 0x6e, 0x74, 0x3b, 0x0a, 0x7d, 0x0a, 0x0a, 0x2f, 0x2a, 0x20
  .byte 0x53, 0x63, 0x72, 0x6f, 0x6c, 0x6c, 0x62, 0x61, 0x72, 0x20, 0x73, 0x74, 0x79, 0x6c, 0x69, 0x6e
  .byte 0x67, 0x20, 0x2a, 0x2f, 0x0a, 0x3a, 0x3a, 0x2d, 0x77, 0x65, 0x62, 0x6b, 0x69, 0x74, 0x2d, 0x73
  .byte 0x63, 0x72, 0x6f, 0x6c, 0x6c, 0x62, 0x61, 0x72, 0x20, 0x7b, 0x0a, 0x20, 0x20, 0x77, 0x69, 0x64
  .byte 0x74, 0x68, 0x3a, 0x20, 0x38, 0x70, 0x78, 0x3b, 0x0a, 0x20, 0x20, 0x68, 0x65, 0x69, 0x67, 0x68
  .byte 0x74, 0x3a, 0x20, 0x38, 0x70, 0x78, 0x3b, 0x0a, 0x7d, 0x0a, 0x0a, 0x3a, 0x3a, 0x2d, 0x77, 0x65
  .byte 0x62, 0x6b, 0x69, 0x74, 0x2d, 0x73, 0x63, 0x72, 0x6f, 0x6c, 0x6c, 0x62, 0x61, 0x72, 0x2d, 0x74
  .byte 0x72, 0x61, 0x63, 0x6b, 0x20, 0x7b, 0x0a, 0x20, 0x20, 0x62, 0x61, 0x63, 0x6b, 0x67, 0x72, 0x6f
  .byte 0x75, 0x6e, 0x64, 0x3a, 0x20, 0x23, 0x31, 0x61, 0x31, 0x61, 0x31, 0x61, 0x3b, 0x0a, 0x7d, 0x0a
  .byte 0x0a, 0x3a, 0x3a, 0x2d, 0x77, 0x65, 0x62, 0x6b, 0x69, 0x74, 0x2d, 0x73, 0x63, 0x72, 0x6f, 0x6c
  .byte 0x6c, 0x62, 0x61, 0x72, 0x2d, 0x74, 0x68, 0x75, 0x6d, 0x62, 0x20, 0x7b, 0x0a, 0x20, 0x20, 0x62
  .byte 0x61, 0x63, 0x6b, 0x67, 0x72, 0x6f, 0x75, 0x6e, 0x64, 0x3a, 0x20, 0x23, 0x34, 0x30, 0x34, 0x30
  .byte 0x34, 0x30, 0x3b, 0x0a, 0x20, 0x20, 0x62, 0x6f, 0x72, 0x64, 0x65, 0x72, 0x2d, 0x72, 0x61, 0x64
  .byte 0x69, 0x75, 0x73, 0x3a, 0x20, 0x34, 0x70, 0x78, 0x3b, 0x0a, 0x7d, 0x0a, 0x0a, 0x3a, 0x3a, 0x2d
  .byte 0x77, 0x65, 0x62, 0x6b, 0x69, 0x74, 0x2d, 0x73, 0x63, 0x72, 0x6f, 0x6c, 0x6c, 0x62, 0x61, 0x72
  .byte 0x2d, 0x74, 0x68, 0x75, 0x6d, 0x62, 0x3a, 0x68, 0x6f, 0x76, 0x65, 0x72, 0x20, 0x7b, 0x0a, 0x20
  .byte 0x20, 0x62, 0x61, 0x63, 0x6b, 0x67, 0x72, 0x6f, 0x75, 0x6e, 0x64, 0x3a, 0x20, 0x23, 0x35, 0x35
  .byte 0x35, 0x3b, 0x0a, 0x7d, 0x0a, 0x0a, 0x2f, 0x2a, 0x20, 0x4c, 0x61, 0x79, 0x6f, 0x75, 0x74, 0x3a
  .byte 0x20, 0x73, 0x70, 0x72, 0x65, 0x61, 0x64, 0x73, 0x68, 0x65, 0x65, 0x74, 0x20, 0x2b, 0x20, 0x6f
  .byte 0x70, 0x74, 0x69, 0x6f, 0x6e, 0x61, 0x6c, 0x20, 0x63, 0x68, 0x61, 0x74, 0x20, 0x73, 0x69, 0x64
  .byte 0x65, 0x2d, 0x62, 0x79, 0x2d, 0x73, 0x69, 0x64, 0x65, 0x20, 0x2a, 0x2f, 0x0a, 0x2e, 0x61, 0x70
  .byte 0x70, 0x2d, 0x6c, 0x61, 0x79, 0x6f, 0x75, 0x74, 0x20, 0x7b, 0x0a, 0x20, 0x20, 0x64, 0x69, 0x73
  .byte 0x70, 0x6c, 0x61, 0x79, 0x3a, 0x20, 0x66, 0x6c, 0x65, 0x78, 0x3b, 0x0a, 0x20, 0x20, 0x77, 0x69
  .byte 0x64, 0x74, 0x68, 0x3a, 0x20, 0x31, 0x30, 0x30, 0x76, 0x77, 0x3b, 0x0a, 0x20, 0x20, 0x68, 0x65
  .byte 0x69, 0x67, 0x68, 0x74, 0x3a, 0x20, 0x31, 0x30, 0x30, 0x76, 0x68, 0x3b, 0x0a, 0x20, 0x20, 0x6f
  .byte 0x76, 0x65, 0x72, 0x66, 0x6c, 0x6f, 0x77, 0x3a, 0x20, 0x68, 0x69, 0x64, 0x64, 0x65, 0x6e, 0x3b
  .byte 0x0a, 0x7d, 0x0a, 0x0a, 0x2e, 0x73, 0x70, 0x72, 0x65, 0x61, 0x64, 0x73, 0x68, 0x65, 0x65, 0x74
  .byte 0x2d, 0x70, 0x61, 0x6e, 0x65, 0x6c, 0x20, 0x7b, 0x0a, 0x20, 0x20, 0x66, 0x6c, 0x65, 0x78, 0x3a
  .byte 0x20, 0x31, 0x20, 0x31, 0x20, 0x30, 0x25, 0x3b, 0x0a, 0x20, 0x20, 0x6d, 0x69, 0x6e, 0x2d, 0x77
  .byte 0x69, 0x64, 0x74, 0x68, 0x3a, 0x20, 0x30, 0x3b, 0x0a, 0x20, 0x20, 0x68, 0x65, 0x69, 0x67, 0x68
  .byte 0x74, 0x3a, 0x20, 0x31, 0x30, 0x30, 0x25, 0x3b, 0x0a, 0x20, 0x20, 0x62, 0x61, 0x63, 0x6b, 0x67
  .byte 0x72, 0x6f, 0x75, 0x6e, 0x64, 0x2d, 0x63, 0x6f, 0x6c, 0x6f, 0x72, 0x3a, 0x20, 0x23, 0x30, 0x66
  .byte 0x30, 0x66, 0x30, 0x66, 0x3b, 0x0a, 0x20, 0x20, 0x6f, 0x76, 0x65, 0x72, 0x66, 0x6c, 0x6f, 0x77
  .byte 0x3a, 0x20, 0x68, 0x69, 0x64, 0x64, 0x65, 0x6e, 0x3b, 0x0a, 0x7d, 0x0a, 0x0a, 0x2f, 0x2a, 0x20
  .byte 0x43, 0x68, 0x61, 0x74, 0x20, 0x70, 0x61, 0x6e, 0x65, 0x6c, 0x20, 0xe2, 0x80, 0x94, 0x20, 0x66
  .byte 0x6c, 0x65, 0x78, 0x20, 0x63, 0x68, 0x69, 0x6c, 0x64, 0x2c, 0x20, 0x6e, 0x6f, 0x20, 0x6d, 0x61
  .byte 0x78, 0x2d, 0x77, 0x69, 0x64, 0x74, 0x68, 0x20, 0x63, 0x6f, 0x6e, 0x73, 0x74, 0x72, 0x61, 0x69
  .byte 0x6e, 0x74, 0x20, 0x2a, 0x2f, 0x0a, 0x2e, 0x63, 0x68, 0x61, 0x74, 0x2d, 0x70, 0x61, 0x6e, 0x65
  .byte 0x6c, 0x20, 0x7b, 0x0a, 0x20, 0x20, 0x66, 0x6c, 0x65, 0x78, 0x3a, 0x20, 0x30, 0x20, 0x30, 0x20
  .byte 0x61, 0x75, 0x74, 0x6f, 0x3b, 0x0a, 0x20, 0x20, 0x77, 0x69, 0x64, 0x74, 0x68, 0x3a, 0x20, 0x34
  .byte 0x38, 0x30, 0x70, 0x78, 0x3b, 0x0a, 0x20, 0x20, 0x68, 0x65, 0x69, 0x67, 0x68, 0x74, 0x3a, 0x20
  .byte 0x31, 0x30, 0x30, 0x25, 0x3b, 0x0a, 0x20, 0x20, 0x64, 0x69, 0x73, 0x70, 0x6c, 0x61, 0x79, 0x3a
  .byte 0x20, 0x66, 0x6c, 0x65, 0x78, 0x3b, 0x0a, 0x20, 0x20, 0x66, 0x6c, 0x65, 0x78, 0x2d, 0x64, 0x69
  .byte 0x72, 0x65, 0x63, 0x74, 0x69, 0x6f, 0x6e, 0x3a, 0x20, 0x63, 0x6f, 0x6c, 0x75, 0x6d, 0x6e, 0x3b
  .byte 0x0a, 0x20, 0x20, 0x62, 0x61, 0x63, 0x6b, 0x67, 0x72, 0x6f, 0x75, 0x6e, 0x64, 0x2d, 0x63, 0x6f
  .byte 0x6c, 0x6f, 0x72, 0x3a, 0x20, 0x23, 0x30, 0x61, 0x30, 0x61, 0x30, 0x61, 0x3b, 0x0a, 0x20, 0x20
  .byte 0x62, 0x6f, 0x72, 0x64, 0x65, 0x72, 0x2d, 0x6c, 0x65, 0x66, 0x74, 0x3a, 0x20, 0x31, 0x70, 0x78
  .byte 0x20, 0x73, 0x6f, 0x6c, 0x69, 0x64, 0x20, 0x72, 0x67, 0x62, 0x61, 0x28, 0x32, 0x35, 0x35, 0x2c
  .byte 0x20, 0x32, 0x35, 0x35, 0x2c, 0x20, 0x32, 0x35, 0x35, 0x2c, 0x20, 0x30, 0x2e, 0x31, 0x29, 0x3b
  .byte 0x0a, 0x20, 0x20, 0x70, 0x6f, 0x73, 0x69, 0x74, 0x69, 0x6f, 0x6e, 0x3a, 0x20, 0x72, 0x65, 0x6c
  .byte 0x61, 0x74, 0x69, 0x76, 0x65, 0x3b, 0x0a, 0x20, 0x20, 0x6f, 0x76, 0x65, 0x72, 0x66, 0x6c, 0x6f
  .byte 0x77, 0x3a, 0x20, 0x68, 0x69, 0x64, 0x64, 0x65, 0x6e, 0x3b, 0x0a, 0x7d, 0x0a, 0x0a, 0x2e, 0x63
  .byte 0x68, 0x61, 0x74, 0x2d, 0x70, 0x61, 0x6e, 0x65, 0x6c, 0x5f, 0x5f, 0x63, 0x6c, 0x6f, 0x73, 0x65
  .byte 0x2d, 0x72, 0x6f, 0x77, 0x20, 0x7b, 0x0a, 0x20, 0x20, 0x64, 0x69, 0x73, 0x70, 0x6c, 0x61, 0x79
  .byte 0x3a, 0x20, 0x66, 0x6c, 0x65, 0x78, 0x3b, 0x0a, 0x20, 0x20, 0x6a, 0x75, 0x73, 0x74, 0x69, 0x66
  .byte 0x79, 0x2d, 0x63, 0x6f, 0x6e, 0x74, 0x65, 0x6e, 0x74, 0x3a, 0x20, 0x66, 0x6c, 0x65, 0x78, 0x2d
  .byte 0x65, 0x6e, 0x64, 0x3b, 0x0a, 0x20, 0x20, 0x70, 0x61, 0x64, 0x64, 0x69, 0x6e, 0x67, 0x3a, 0x20
  .byte 0x38, 0x70, 0x78, 0x20, 0x38, 0x70, 0x78, 0x20, 0x30, 0x3b, 0x0a, 0x20, 0x20, 0x66, 0x6c, 0x65
  .byte 0x78, 0x2d, 0x73, 0x68, 0x72, 0x69, 0x6e, 0x6b, 0x3a, 0x20, 0x30, 0x3b, 0x0a, 0x20, 0x20, 0x70
  .byte 0x6f, 0x73, 0x69, 0x74, 0x69, 0x6f, 0x6e, 0x3a, 0x20, 0x61, 0x62, 0x73, 0x6f, 0x6c, 0x75, 0x74
  .byte 0x65, 0x3b, 0x0a, 0x20, 0x20, 0x74, 0x6f, 0x70, 0x3a, 0x20, 0x30, 0x3b, 0x0a, 0x20, 0x20, 0x72
  .byte 0x69, 0x67, 0x68, 0x74, 0x3a, 0x20, 0x30, 0x3b, 0x0a, 0x20, 0x20, 0x7a, 0x2d, 0x69, 0x6e, 0x64
  .byte 0x65, 0x78, 0x3a, 0x20, 0x31, 0x30, 0x3b, 0x0a, 0x7d, 0x0a, 0x0a, 0x2e, 0x63, 0x68, 0x61, 0x74
  .byte 0x2d, 0x70, 0x61, 0x6e, 0x65, 0x6c, 0x5f, 0x5f, 0x62, 0x6f, 0x64, 0x79, 0x20, 0x7b, 0x0a, 0x20
  .byte 0x20, 0x66, 0x6c, 0x65, 0x78, 0x3a, 0x20, 0x31, 0x3b, 0x0a, 0x20, 0x20, 0x6d, 0x69, 0x6e, 0x2d
  .byte 0x68, 0x65, 0x69, 0x67, 0x68, 0x74, 0x3a, 0x20, 0x30, 0x3b, 0x0a, 0x20, 0x20, 0x6f, 0x76, 0x65
  .byte 0x72, 0x66, 0x6c, 0x6f, 0x77, 0x3a, 0x20, 0x68, 0x69, 0x64, 0x64, 0x65, 0x6e, 0x3b, 0x0a, 0x7d
  .byte 0x0a, 0x0a, 0x2f, 0x2a, 0x20, 0x4c, 0x65, 0x74, 0x20, 0x74, 0x61, 0x62, 0x6c, 0x65, 0x73, 0x2f
  .byte 0x63, 0x68, 0x61, 0x72, 0x74, 0x73, 0x20, 0x69, 0x6e, 0x73, 0x69, 0x64, 0x65, 0x20, 0x63, 0x68
  .byte 0x61, 0x74, 0x20, 0x73, 0x63, 0x72, 0x6f, 0x6c, 0x6c, 0x20, 0x68, 0x6f, 0x72, 0x69, 0x7a, 0x6f
  .byte 0x6e, 0x74, 0x61, 0x6c, 0x6c, 0x79, 0x20, 0x69, 0x6e, 0x73, 0x74, 0x65, 0x61, 0x64, 0x20, 0x6f
  .byte 0x66, 0x20, 0x63, 0x6c, 0x69, 0x70, 0x70, 0x69, 0x6e, 0x67, 0x20, 0x2a, 0x2f, 0x0a, 0x2e, 0x63
  .byte 0x68, 0x61, 0x74, 0x2d, 0x70, 0x61, 0x6e, 0x65, 0x6c, 0x20, 0x74, 0x61, 0x62, 0x6c, 0x65, 0x2c
  .byte 0x0a, 0x2e, 0x63, 0x68, 0x61, 0x74, 0x2d, 0x70, 0x61, 0x6e, 0x65, 0x6c, 0x20, 0x5b, 0x63, 0x6c
  .byte 0x61, 0x73, 0x73, 0x2a, 0x3d, 0x22, 0x72, 0x65, 0x63, 0x68, 0x61, 0x72, 0x74, 0x73, 0x2d, 0x77
  .byte 0x72, 0x61, 0x70, 0x70, 0x65, 0x72, 0x22, 0x5d, 0x20, 0x7b, 0x0a, 0x20, 0x20, 0x6d, 0x61, 0x78
  .byte 0x2d, 0x77, 0x69, 0x64, 0x74, 0x68, 0x3a, 0x20, 0x31, 0x30, 0x30, 0x25, 0x3b, 0x0a, 0x20, 0x20
  .byte 0x6f, 0x76, 0x65, 0x72, 0x66, 0x6c, 0x6f, 0x77, 0x2d, 0x78, 0x3a, 0x20, 0x61, 0x75, 0x74, 0x6f
  .byte 0x3b, 0x0a, 0x7d, 0x0a, 0x0a, 0x2e, 0x63, 0x68, 0x61, 0x74, 0x2d, 0x70, 0x61, 0x6e, 0x65, 0x6c
  .byte 0x20, 0x5b, 0x64, 0x61, 0x74, 0x61, 0x2d, 0x6f, 0x70, 0x65, 0x6e, 0x75, 0x69, 0x2d, 0x63, 0x6f
  .byte 0x6d, 0x70, 0x6f, 0x6e, 0x65, 0x6e, 0x74, 0x5d, 0x20, 0x7b, 0x0a, 0x20, 0x20, 0x6d, 0x61, 0x78
  .byte 0x2d, 0x77, 0x69, 0x64, 0x74, 0x68, 0x3a, 0x20, 0x31, 0x30, 0x30, 0x25, 0x3b, 0x0a, 0x20, 0x20
  .byte 0x6f, 0x76, 0x65, 0x72, 0x66, 0x6c, 0x6f, 0x77, 0x2d, 0x78, 0x3a, 0x20, 0x61, 0x75, 0x74, 0x6f
  .byte 0x3b, 0x0a, 0x7d, 0x0a, 0x0a, 0x2e, 0x63, 0x68, 0x61, 0x74, 0x2d, 0x63, 0x6c, 0x6f, 0x73, 0x65
  .byte 0x2d, 0x62, 0x74, 0x6e, 0x20, 0x7b, 0x0a, 0x20, 0x20, 0x64, 0x69, 0x73, 0x70, 0x6c, 0x61, 0x79
  .byte 0x3a, 0x20, 0x66, 0x6c, 0x65, 0x78, 0x3b, 0x0a, 0x20, 0x20, 0x61, 0x6c, 0x69, 0x67, 0x6e, 0x2d
  .byte 0x69, 0x74, 0x65, 0x6d, 0x73, 0x3a, 0x20, 0x63, 0x65, 0x6e, 0x74, 0x65, 0x72, 0x3b, 0x0a, 0x20
  .byte 0x20, 0x6a, 0x75, 0x73, 0x74, 0x69, 0x66, 0x79, 0x2d, 0x63, 0x6f, 0x6e, 0x74, 0x65, 0x6e, 0x74
  .byte 0x3a, 0x20, 0x63, 0x65, 0x6e, 0x74, 0x65, 0x72, 0x3b, 0x0a, 0x20, 0x20, 0x77, 0x69, 0x64, 0x74
  .byte 0x68, 0x3a, 0x20, 0x33, 0x32, 0x70, 0x78, 0x3b, 0x0a, 0x20, 0x20, 0x68, 0x65, 0x69, 0x67, 0x68
  .byte 0x74, 0x3a, 0x20, 0x33, 0x32, 0x70, 0x78, 0x3b, 0x0a, 0x20, 0x20, 0x62, 0x6f, 0x72, 0x64, 0x65
  .byte 0x72, 0x2d, 0x72, 0x61, 0x64, 0x69, 0x75, 0x73, 0x3a, 0x20, 0x38, 0x70, 0x78, 0x3b, 0x0a, 0x20
  .byte 0x20, 0x62, 0x6f, 0x72, 0x64, 0x65, 0x72, 0x3a, 0x20, 0x31, 0x70, 0x78, 0x20, 0x73, 0x6f, 0x6c
  .byte 0x69, 0x64, 0x20, 0x72, 0x67, 0x62, 0x61, 0x28, 0x32, 0x35, 0x35, 0x2c, 0x20, 0x32, 0x35, 0x35
  .byte 0x2c, 0x20, 0x32, 0x35, 0x35, 0x2c, 0x20, 0x30, 0x2e, 0x31, 0x29, 0x3b, 0x0a, 0x20, 0x20, 0x62
  .byte 0x61, 0x63, 0x6b, 0x67, 0x72, 0x6f, 0x75, 0x6e, 0x64, 0x3a, 0x20, 0x72, 0x67, 0x62, 0x61, 0x28
  .byte 0x31, 0x30, 0x2c, 0x20, 0x31, 0x30, 0x2c, 0x20, 0x31, 0x30, 0x2c, 0x20, 0x30, 0x2e, 0x38, 0x29
  .byte 0x3b, 0x0a, 0x20, 0x20, 0x63, 0x6f, 0x6c, 0x6f, 0x72, 0x3a, 0x20, 0x23, 0x39, 0x39, 0x39, 0x3b
  .byte 0x0a, 0x20, 0x20, 0x63, 0x75, 0x72, 0x73, 0x6f, 0x72, 0x3a, 0x20, 0x70, 0x6f, 0x69, 0x6e, 0x74
  .byte 0x65, 0x72, 0x3b, 0x0a, 0x20, 0x20, 0x74, 0x72, 0x61, 0x6e, 0x73, 0x69, 0x74, 0x69, 0x6f, 0x6e
  .byte 0x3a, 0x20, 0x62, 0x61, 0x63, 0x6b, 0x67, 0x72, 0x6f, 0x75, 0x6e, 0x64, 0x20, 0x30, 0x2e, 0x31
  .byte 0x35, 0x73, 0x2c, 0x20, 0x63, 0x6f, 0x6c, 0x6f, 0x72, 0x20, 0x30, 0x2e, 0x31, 0x35, 0x73, 0x3b
  .byte 0x0a, 0x7d, 0x0a, 0x0a, 0x2e, 0x63, 0x68, 0x61, 0x74, 0x2d, 0x63, 0x6c, 0x6f, 0x73, 0x65, 0x2d
  .byte 0x62, 0x74, 0x6e, 0x3a, 0x68, 0x6f, 0x76, 0x65, 0x72, 0x20, 0x7b, 0x0a, 0x20, 0x20, 0x62, 0x61
  .byte 0x63, 0x6b, 0x67, 0x72, 0x6f, 0x75, 0x6e, 0x64, 0x3a, 0x20, 0x72, 0x67, 0x62, 0x61, 0x28, 0x32
  .byte 0x35, 0x35, 0x2c, 0x20, 0x32, 0x35, 0x35, 0x2c, 0x20, 0x32, 0x35, 0x35, 0x2c, 0x20, 0x30, 0x2e
  .byte 0x31, 0x29, 0x3b, 0x0a, 0x20, 0x20, 0x63, 0x6f, 0x6c, 0x6f, 0x72, 0x3a, 0x20, 0x23, 0x66, 0x66
  .byte 0x66, 0x3b, 0x0a, 0x7d, 0x0a, 0x0a, 0x2f, 0x2a, 0x20, 0x46, 0x6c, 0x6f, 0x61, 0x74, 0x69, 0x6e
  .byte 0x67, 0x20, 0x61, 0x63, 0x74, 0x69, 0x6f, 0x6e, 0x20, 0x62, 0x75, 0x74, 0x74, 0x6f, 0x6e, 0x20
  .byte 0x74, 0x6f, 0x20, 0x6f, 0x70, 0x65, 0x6e, 0x20, 0x63, 0x68, 0x61, 0x74, 0x20, 0x2a, 0x2f, 0x0a
  .byte 0x2e, 0x63, 0x68, 0x61, 0x74, 0x2d, 0x66, 0x61, 0x62, 0x20, 0x7b, 0x0a, 0x20, 0x20, 0x70, 0x6f
  .byte 0x73, 0x69, 0x74, 0x69, 0x6f, 0x6e, 0x3a, 0x20, 0x66, 0x69, 0x78, 0x65, 0x64, 0x3b, 0x0a, 0x20
  .byte 0x20, 0x62, 0x6f, 0x74, 0x74, 0x6f, 0x6d, 0x3a, 0x20, 0x32, 0x34, 0x70, 0x78, 0x3b, 0x0a, 0x20
  .byte 0x20, 0x72, 0x69, 0x67, 0x68, 0x74, 0x3a, 0x20, 0x32, 0x34, 0x70, 0x78, 0x3b, 0x0a, 0x20, 0x20
  .byte 0x7a, 0x2d, 0x69, 0x6e, 0x64, 0x65, 0x78, 0x3a, 0x20, 0x39, 0x30, 0x3b, 0x0a, 0x20, 0x20, 0x64
  .byte 0x69, 0x73, 0x70, 0x6c, 0x61, 0x79, 0x3a, 0x20, 0x66, 0x6c, 0x65, 0x78, 0x3b, 0x0a, 0x20, 0x20
  .byte 0x61, 0x6c, 0x69, 0x67, 0x6e, 0x2d, 0x69, 0x74, 0x65, 0x6d, 0x73, 0x3a, 0x20, 0x63, 0x65, 0x6e
  .byte 0x74, 0x65, 0x72, 0x3b, 0x0a, 0x20, 0x20, 0x67, 0x61, 0x70, 0x3a, 0x20, 0x38, 0x70, 0x78, 0x3b
  .byte 0x0a, 0x20, 0x20, 0x70, 0x61, 0x64, 0x64, 0x69, 0x6e, 0x67, 0x3a, 0x20, 0x31, 0x32, 0x70, 0x78
  .byte 0x20, 0x32, 0x30, 0x70, 0x78, 0x3b, 0x0a, 0x20, 0x20, 0x62, 0x6f, 0x72, 0x64, 0x65, 0x72, 0x2d
  .byte 0x72, 0x61, 0x64, 0x69, 0x75, 0x73, 0x3a, 0x20, 0x35, 0x30, 0x70, 0x78, 0x3b, 0x0a, 0x20, 0x20
  .byte 0x62, 0x6f, 0x72, 0x64, 0x65, 0x72, 0x3a, 0x20, 0x31, 0x70, 0x78, 0x20, 0x73, 0x6f, 0x6c, 0x69
  .byte 0x64, 0x20, 0x72, 0x67, 0x62, 0x61, 0x28, 0x32, 0x35, 0x35, 0x2c, 0x20, 0x32, 0x35, 0x35, 0x2c
  .byte 0x20, 0x32, 0x35, 0x35, 0x2c, 0x20, 0x30, 0x2e, 0x31, 0x32, 0x29, 0x3b, 0x0a, 0x20, 0x20, 0x62
  .byte 0x61, 0x63, 0x6b, 0x67, 0x72, 0x6f, 0x75, 0x6e, 0x64, 0x3a, 0x20, 0x6c, 0x69, 0x6e, 0x65, 0x61
  .byte 0x72, 0x2d, 0x67, 0x72, 0x61, 0x64, 0x69, 0x65, 0x6e, 0x74, 0x28, 0x31, 0x33, 0x35, 0x64, 0x65
  .byte 0x67, 0x2c, 0x20, 0x23, 0x31, 0x61, 0x31, 0x61, 0x32, 0x65, 0x20, 0x30, 0x25, 0x2c, 0x20, 0x23
  .byte 0x31, 0x36, 0x32, 0x31, 0x33, 0x65, 0x20, 0x31, 0x30, 0x30, 0x25, 0x29, 0x3b, 0x0a, 0x20, 0x20
  .byte 0x63, 0x6f, 0x6c, 0x6f, 0x72, 0x3a, 0x20, 0x23, 0x65, 0x64, 0x65, 0x64, 0x65, 0x64, 0x3b, 0x0a
  .byte 0x20, 0x20, 0x66, 0x6f, 0x6e, 0x74, 0x2d, 0x73, 0x69, 0x7a, 0x65, 0x3a, 0x20, 0x31, 0x34, 0x70
  .byte 0x78, 0x3b, 0x0a, 0x20, 0x20, 0x66, 0x6f, 0x6e, 0x74, 0x2d, 0x77, 0x65, 0x69, 0x67, 0x68, 0x74
  .byte 0x3a, 0x20, 0x35, 0x30, 0x30, 0x3b, 0x0a, 0x20, 0x20, 0x63, 0x75, 0x72, 0x73, 0x6f, 0x72, 0x3a
  .byte 0x20, 0x70, 0x6f, 0x69, 0x6e, 0x74, 0x65, 0x72, 0x3b, 0x0a, 0x20, 0x20, 0x62, 0x6f, 0x78, 0x2d
  .byte 0x73, 0x68, 0x61, 0x64, 0x6f, 0x77, 0x3a, 0x20, 0x30, 0x20, 0x34, 0x70, 0x78, 0x20, 0x32, 0x30
  .byte 0x70, 0x78, 0x20, 0x72, 0x67, 0x62, 0x61, 0x28, 0x30, 0x2c, 0x20, 0x30, 0x2c, 0x20, 0x30, 0x2c
  .byte 0x20, 0x30, 0x2e, 0x34, 0x29, 0x2c, 0x20, 0x30, 0x20, 0x30, 0x20, 0x30, 0x20, 0x31, 0x70, 0x78
  .byte 0x20, 0x72, 0x67, 0x62, 0x61, 0x28, 0x35, 0x39, 0x2c, 0x20, 0x31, 0x33, 0x30, 0x2c, 0x20, 0x32
  .byte 0x34, 0x36, 0x2c, 0x20, 0x30, 0x2e, 0x31, 0x35, 0x29, 0x3b, 0x0a, 0x20, 0x20, 0x74, 0x72, 0x61
  .byte 0x6e, 0x73, 0x69, 0x74, 0x69, 0x6f, 0x6e, 0x3a, 0x20, 0x74, 0x72, 0x61, 0x6e, 0x73, 0x66, 0x6f
  .byte 0x72, 0x6d, 0x20, 0x30, 0x2e, 0x31, 0x35, 0x73, 0x2c, 0x20, 0x62, 0x6f, 0x78, 0x2d, 0x73, 0x68
  .byte 0x61, 0x64, 0x6f, 0x77, 0x20, 0x30, 0x2e, 0x31, 0x35, 0x73, 0x3b, 0x0a, 0x7d, 0x0a, 0x0a, 0x2e
  .byte 0x63, 0x68, 0x61, 0x74, 0x2d, 0x66, 0x61, 0x62, 0x3a, 0x68, 0x6f, 0x76, 0x65, 0x72, 0x20, 0x7b
  .byte 0x0a, 0x20, 0x20, 0x74, 0x72, 0x61, 0x6e, 0x73, 0x66, 0x6f, 0x72, 0x6d, 0x3a, 0x20, 0x74, 0x72
  .byte 0x61, 0x6e, 0x73, 0x6c, 0x61, 0x74, 0x65, 0x59, 0x28, 0x2d, 0x32, 0x70, 0x78, 0x29, 0x3b, 0x0a
  .byte 0x20, 0x20, 0x62, 0x6f, 0x78, 0x2d, 0x73, 0x68, 0x61, 0x64, 0x6f, 0x77, 0x3a, 0x20, 0x30, 0x20
  .byte 0x36, 0x70, 0x78, 0x20, 0x32, 0x38, 0x70, 0x78, 0x20, 0x72, 0x67, 0x62, 0x61, 0x28, 0x30, 0x2c
  .byte 0x20, 0x30, 0x2c, 0x20, 0x30, 0x2c, 0x20, 0x30, 0x2e, 0x35, 0x29, 0x2c, 0x20, 0x30, 0x20, 0x30
  .byte 0x20, 0x30, 0x20, 0x31, 0x70, 0x78, 0x20, 0x72, 0x67, 0x62, 0x61, 0x28, 0x35, 0x39, 0x2c, 0x20
  .byte 0x31, 0x33, 0x30, 0x2c, 0x20, 0x32, 0x34, 0x36, 0x2c, 0x20, 0x30, 0x2e, 0x33, 0x29, 0x3b, 0x0a
  .byte 0x7d, 0x0a, 0x0a, 0x2e, 0x63, 0x68, 0x61, 0x74, 0x2d, 0x66, 0x61, 0x62, 0x5f, 0x5f, 0x6c, 0x61
  .byte 0x62, 0x65, 0x6c, 0x20, 0x7b, 0x0a, 0x20, 0x20, 0x77, 0x68, 0x69, 0x74, 0x65, 0x2d, 0x73, 0x70
  .byte 0x61, 0x63, 0x65, 0x3a, 0x20, 0x6e, 0x6f, 0x77, 0x72, 0x61, 0x70, 0x3b, 0x0a, 0x7d, 0x0a, 0x0a
  .byte 0x40, 0x6d, 0x65, 0x64, 0x69, 0x61, 0x20, 0x28, 0x6d, 0x61, 0x78, 0x2d, 0x77, 0x69, 0x64, 0x74
  .byte 0x68, 0x3a, 0x20, 0x37, 0x36, 0x38, 0x70, 0x78, 0x29, 0x20, 0x7b, 0x0a, 0x20, 0x20, 0x2e, 0x63
  .byte 0x68, 0x61, 0x74, 0x2d, 0x70, 0x61, 0x6e, 0x65, 0x6c, 0x20, 0x7b, 0x0a, 0x20, 0x20, 0x20, 0x20
  .byte 0x77, 0x69, 0x64, 0x74, 0x68, 0x3a, 0x20, 0x31, 0x30, 0x30, 0x76, 0x77, 0x3b, 0x0a, 0x20, 0x20
  .byte 0x7d, 0x0a, 0x20, 0x20, 0x2e, 0x63, 0x68, 0x61, 0x74, 0x2d, 0x66, 0x61, 0x62, 0x5f, 0x5f, 0x6c
  .byte 0x61, 0x62, 0x65, 0x6c, 0x20, 0x7b, 0x0a, 0x20, 0x20, 0x20, 0x20, 0x64, 0x69, 0x73, 0x70, 0x6c
  .byte 0x61, 0x79, 0x3a, 0x20, 0x6e, 0x6f, 0x6e, 0x65, 0x3b, 0x0a, 0x20, 0x20, 0x7d, 0x0a, 0x20, 0x20
  .byte 0x2e, 0x63, 0x68, 0x61, 0x74, 0x2d, 0x66, 0x61, 0x62, 0x20, 0x7b, 0x0a, 0x20, 0x20, 0x20, 0x20
  .byte 0x70, 0x61, 0x64, 0x64, 0x69, 0x6e, 0x67, 0x3a, 0x20, 0x31, 0x34, 0x70, 0x78, 0x3b, 0x0a, 0x20
  .byte 0x20, 0x20, 0x20, 0x62, 0x6f, 0x72, 0x64, 0x65, 0x72, 0x2d, 0x72, 0x61, 0x64, 0x69, 0x75, 0x73
  .byte 0x3a, 0x20, 0x35, 0x30, 0x25, 0x3b, 0x0a, 0x20, 0x20, 0x7d, 0x0a, 0x7d, 0x0a, 0x0a, 0x2f, 0x2a
  .byte 0x20, 0x50, 0x65, 0x72, 0x73, 0x69, 0x73, 0x74, 0x65, 0x6e, 0x74, 0x20, 0x73, 0x70, 0x72, 0x65
  .byte 0x61, 0x64, 0x73, 0x68, 0x65, 0x65, 0x74, 0x20, 0x2a, 0x2f, 0x0a, 0x2e, 0x70, 0x65, 0x72, 0x73
  .byte 0x69, 0x73, 0x74, 0x65, 0x6e, 0x74, 0x2d, 0x73, 0x70, 0x72, 0x65, 0x61, 0x64, 0x73, 0x68, 0x65
  .byte 0x65, 0x74, 0x20, 0x7b, 0x0a, 0x20, 0x20, 0x62, 0x61, 0x63, 0x6b, 0x67, 0x72, 0x6f, 0x75, 0x6e
  .byte 0x64, 0x2d, 0x63, 0x6f, 0x6c, 0x6f, 0x72, 0x3a, 0x20, 0x23, 0x30, 0x66, 0x30, 0x66, 0x30, 0x66
  .byte 0x3b, 0x0a, 0x20, 0x20, 0x64, 0x69, 0x73, 0x70, 0x6c, 0x61, 0x79, 0x3a, 0x20, 0x66, 0x6c, 0x65
  .byte 0x78, 0x3b, 0x0a, 0x20, 0x20, 0x66, 0x6c, 0x65, 0x78, 0x2d, 0x64, 0x69, 0x72, 0x65, 0x63, 0x74
  .byte 0x69, 0x6f, 0x6e, 0x3a, 0x20, 0x63, 0x6f, 0x6c, 0x75, 0x6d, 0x6e, 0x3b, 0x0a, 0x20, 0x20, 0x68
  .byte 0x65, 0x69, 0x67, 0x68, 0x74, 0x3a, 0x20, 0x31, 0x30, 0x30, 0x25, 0x3b, 0x0a, 0x7d, 0x0a, 0x0a
  .byte 0x2e, 0x70, 0x65, 0x72, 0x73, 0x69, 0x73, 0x74, 0x65, 0x6e, 0x74, 0x2d, 0x73, 0x70, 0x72, 0x65
  .byte 0x61, 0x64, 0x73, 0x68, 0x65, 0x65, 0x74, 0x20, 0x3e, 0x20, 0x64, 0x69, 0x76, 0x3a, 0x66, 0x69
  .byte 0x72, 0x73, 0x74, 0x2d, 0x63, 0x68, 0x69, 0x6c, 0x64, 0x20, 0x7b, 0x0a, 0x20, 0x20, 0x66, 0x6c
  .byte 0x65, 0x78, 0x2d, 0x73, 0x68, 0x72, 0x69, 0x6e, 0x6b, 0x3a, 0x20, 0x30, 0x3b, 0x0a, 0x7d, 0x0a
  .byte 0x0a, 0x2e, 0x70, 0x65, 0x72, 0x73, 0x69, 0x73, 0x74, 0x65, 0x6e, 0x74, 0x2d, 0x73, 0x70, 0x72
  .byte 0x65, 0x61, 0x64, 0x73, 0x68, 0x65, 0x65, 0x74, 0x20, 0x3e, 0x20, 0x64, 0x69, 0x76, 0x3a, 0x6e
  .byte 0x74, 0x68, 0x2d, 0x63, 0x68, 0x69, 0x6c, 0x64, 0x28, 0x32, 0x29, 0x20, 0x7b, 0x0a, 0x20, 0x20
  .byte 0x66, 0x6c, 0x65, 0x78, 0x3a, 0x20, 0x31, 0x3b, 0x0a, 0x20, 0x20, 0x6d, 0x69, 0x6e, 0x2d, 0x68
  .byte 0x65, 0x69, 0x67, 0x68, 0x74, 0x3a, 0x20, 0x30, 0x3b, 0x0a, 0x20, 0x20, 0x70, 0x6f, 0x73, 0x69
  .byte 0x74, 0x69, 0x6f, 0x6e, 0x3a, 0x20, 0x72, 0x65, 0x6c, 0x61, 0x74, 0x69, 0x76, 0x65, 0x3b, 0x0a
  .byte 0x7d, 0x0a, 0x0a, 0x2e, 0x70, 0x65, 0x72, 0x73, 0x69, 0x73, 0x74, 0x65, 0x6e, 0x74, 0x2d, 0x73
  .byte 0x70, 0x72, 0x65, 0x61, 0x64, 0x73, 0x68, 0x65, 0x65, 0x74, 0x20, 0x3e, 0x20, 0x64, 0x69, 0x76
  .byte 0x3a, 0x6c, 0x61, 0x73, 0x74, 0x2d, 0x63, 0x68, 0x69, 0x6c, 0x64, 0x20, 0x7b, 0x0a, 0x20, 0x20
  .byte 0x66, 0x6c, 0x65, 0x78, 0x2d, 0x73, 0x68, 0x72, 0x69, 0x6e, 0x6b, 0x3a, 0x20, 0x30, 0x3b, 0x0a
  .byte 0x7d, 0x0a, 0x0a, 0x2e, 0x70, 0x65, 0x72, 0x73, 0x69, 0x73, 0x74, 0x65, 0x6e, 0x74, 0x2d, 0x73
  .byte 0x70, 0x72, 0x65, 0x61, 0x64, 0x73, 0x68, 0x65, 0x65, 0x74, 0x20, 0x2e, 0x68, 0x61, 0x6e, 0x64
  .byte 0x73, 0x6f, 0x6e, 0x74, 0x61, 0x62, 0x6c, 0x65, 0x20, 0x7b, 0x0a, 0x20, 0x20, 0x70, 0x6f, 0x73
  .byte 0x69, 0x74, 0x69, 0x6f, 0x6e, 0x3a, 0x20, 0x72, 0x65, 0x6c, 0x61, 0x74, 0x69, 0x76, 0x65, 0x3b
  .byte 0x0a, 0x20, 0x20, 0x7a, 0x2d, 0x69, 0x6e, 0x64, 0x65, 0x78, 0x3a, 0x20, 0x31, 0x3b, 0x0a, 0x7d
  .byte 0x0a

  .globl openui_full_port_examples_hands_on_table_chat_src_app_globals_css_c41296349edf_pass_2_len
openui_full_port_examples_hands_on_table_chat_src_app_globals_css_c41296349edf_pass_2_len:
  .quad 4209

# assembly pass: 3/4
  .globl openui_full_port_examples_hands_on_table_chat_src_app_globals_css_c41296349edf_pass_3
openui_full_port_examples_hands_on_table_chat_src_app_globals_css_c41296349edf_pass_3:
  .byte 0x40, 0x69, 0x6d, 0x70, 0x6f, 0x72, 0x74, 0x20, 0x22, 0x74, 0x61, 0x69, 0x6c, 0x77, 0x69, 0x6e
  .byte 0x64, 0x63, 0x73, 0x73, 0x22, 0x3b, 0x0a, 0x0a, 0x3a, 0x72, 0x6f, 0x6f, 0x74, 0x20, 0x7b, 0x0a
  .byte 0x20, 0x20, 0x2d, 0x2d, 0x62, 0x61, 0x63, 0x6b, 0x67, 0x72, 0x6f, 0x75, 0x6e, 0x64, 0x3a, 0x20
  .byte 0x23, 0x30, 0x61, 0x30, 0x61, 0x30, 0x61, 0x3b, 0x0a, 0x20, 0x20, 0x2d, 0x2d, 0x66, 0x6f, 0x72
  .byte 0x65, 0x67, 0x72, 0x6f, 0x75, 0x6e, 0x64, 0x3a, 0x20, 0x23, 0x65, 0x64, 0x65, 0x64, 0x65, 0x64
  .byte 0x3b, 0x0a, 0x7d, 0x0a, 0x0a, 0x40, 0x74, 0x68, 0x65, 0x6d, 0x65, 0x20, 0x69, 0x6e, 0x6c, 0x69
  .byte 0x6e, 0x65, 0x20, 0x7b, 0x0a, 0x20, 0x20, 0x2d, 0x2d, 0x63, 0x6f, 0x6c, 0x6f, 0x72, 0x2d, 0x62
  .byte 0x61, 0x63, 0x6b, 0x67, 0x72, 0x6f, 0x75, 0x6e, 0x64, 0x3a, 0x20, 0x76, 0x61, 0x72, 0x28, 0x2d
  .byte 0x2d, 0x62, 0x61, 0x63, 0x6b, 0x67, 0x72, 0x6f, 0x75, 0x6e, 0x64, 0x29, 0x3b, 0x0a, 0x20, 0x20
  .byte 0x2d, 0x2d, 0x63, 0x6f, 0x6c, 0x6f, 0x72, 0x2d, 0x66, 0x6f, 0x72, 0x65, 0x67, 0x72, 0x6f, 0x75
  .byte 0x6e, 0x64, 0x3a, 0x20, 0x76, 0x61, 0x72, 0x28, 0x2d, 0x2d, 0x66, 0x6f, 0x72, 0x65, 0x67, 0x72
  .byte 0x6f, 0x75, 0x6e, 0x64, 0x29, 0x3b, 0x0a, 0x7d, 0x0a, 0x0a, 0x68, 0x74, 0x6d, 0x6c, 0x2c, 0x0a
  .byte 0x62, 0x6f, 0x64, 0x79, 0x20, 0x7b, 0x0a, 0x20, 0x20, 0x6d, 0x61, 0x72, 0x67, 0x69, 0x6e, 0x3a
  .byte 0x20, 0x30, 0x3b, 0x0a, 0x20, 0x20, 0x70, 0x61, 0x64, 0x64, 0x69, 0x6e, 0x67, 0x3a, 0x20, 0x30
  .byte 0x3b, 0x0a, 0x20, 0x20, 0x68, 0x65, 0x69, 0x67, 0x68, 0x74, 0x3a, 0x20, 0x31, 0x30, 0x30, 0x25
  .byte 0x3b, 0x0a, 0x20, 0x20, 0x6f, 0x76, 0x65, 0x72, 0x66, 0x6c, 0x6f, 0x77, 0x3a, 0x20, 0x68, 0x69
  .byte 0x64, 0x64, 0x65, 0x6e, 0x3b, 0x0a, 0x7d, 0x0a, 0x0a, 0x62, 0x6f, 0x64, 0x79, 0x20, 0x7b, 0x0a
  .byte 0x20, 0x20, 0x63, 0x6f, 0x6c, 0x6f, 0x72, 0x3a, 0x20, 0x76, 0x61, 0x72, 0x28, 0x2d, 0x2d, 0x66
  .byte 0x6f, 0x72, 0x65, 0x67, 0x72, 0x6f, 0x75, 0x6e, 0x64, 0x29, 0x3b, 0x0a, 0x20, 0x20, 0x62, 0x61
  .byte 0x63, 0x6b, 0x67, 0x72, 0x6f, 0x75, 0x6e, 0x64, 0x3a, 0x20, 0x76, 0x61, 0x72, 0x28, 0x2d, 0x2d
  .byte 0x62, 0x61, 0x63, 0x6b, 0x67, 0x72, 0x6f, 0x75, 0x6e, 0x64, 0x29, 0x3b, 0x0a, 0x20, 0x20, 0x66
  .byte 0x6f, 0x6e, 0x74, 0x2d, 0x66, 0x61, 0x6d, 0x69, 0x6c, 0x79, 0x3a, 0x20, 0x41, 0x72, 0x69, 0x61
  .byte 0x6c, 0x2c, 0x20, 0x48, 0x65, 0x6c, 0x76, 0x65, 0x74, 0x69, 0x63, 0x61, 0x2c, 0x20, 0x73, 0x61
  .byte 0x6e, 0x73, 0x2d, 0x73, 0x65, 0x72, 0x69, 0x66, 0x3b, 0x0a, 0x7d, 0x0a, 0x0a, 0x2f, 0x2a, 0x20
  .byte 0x48, 0x61, 0x6e, 0x64, 0x73, 0x6f, 0x6e, 0x74, 0x61, 0x62, 0x6c, 0x65, 0x20, 0x64, 0x61, 0x72
  .byte 0x6b, 0x20, 0x6d, 0x6f, 0x64, 0x65, 0x20, 0x2a, 0x2f, 0x0a, 0x2e, 0x68, 0x61, 0x6e, 0x64, 0x73
  .byte 0x6f, 0x6e, 0x74, 0x61, 0x62, 0x6c, 0x65, 0x20, 0x7b, 0x0a, 0x20, 0x20, 0x66, 0x6f, 0x6e, 0x74
  .byte 0x2d, 0x73, 0x69, 0x7a, 0x65, 0x3a, 0x20, 0x31, 0x33, 0x70, 0x78, 0x3b, 0x0a, 0x7d, 0x0a, 0x0a
  .byte 0x2e, 0x68, 0x61, 0x6e, 0x64, 0x73, 0x6f, 0x6e, 0x74, 0x61, 0x62, 0x6c, 0x65, 0x20, 0x74, 0x68
  .byte 0x20, 0x7b, 0x0a, 0x20, 0x20, 0x62, 0x61, 0x63, 0x6b, 0x67, 0x72, 0x6f, 0x75, 0x6e, 0x64, 0x2d
  .byte 0x63, 0x6f, 0x6c, 0x6f, 0x72, 0x3a, 0x20, 0x23, 0x32, 0x35, 0x32, 0x35, 0x32, 0x35, 0x20, 0x21
  .byte 0x69, 0x6d, 0x70, 0x6f, 0x72, 0x74, 0x61, 0x6e, 0x74, 0x3b, 0x0a, 0x20, 0x20, 0x63, 0x6f, 0x6c
  .byte 0x6f, 0x72, 0x3a, 0x20, 0x23, 0x65, 0x64, 0x65, 0x64, 0x65, 0x64, 0x20, 0x21, 0x69, 0x6d, 0x70
  .byte 0x6f, 0x72, 0x74, 0x61, 0x6e, 0x74, 0x3b, 0x0a, 0x20, 0x20, 0x62, 0x6f, 0x72, 0x64, 0x65, 0x72
  .byte 0x2d, 0x63, 0x6f, 0x6c, 0x6f, 0x72, 0x3a, 0x20, 0x23, 0x34, 0x30, 0x34, 0x30, 0x34, 0x30, 0x20
  .byte 0x21, 0x69, 0x6d, 0x70, 0x6f, 0x72, 0x74, 0x61, 0x6e, 0x74, 0x3b, 0x0a, 0x7d, 0x0a, 0x0a, 0x2e
  .byte 0x68, 0x61, 0x6e, 0x64, 0x73, 0x6f, 0x6e, 0x74, 0x61, 0x62, 0x6c, 0x65, 0x20, 0x74, 0x64, 0x20
  .byte 0x7b, 0x0a, 0x20, 0x20, 0x62, 0x61, 0x63, 0x6b, 0x67, 0x72, 0x6f, 0x75, 0x6e, 0x64, 0x2d, 0x63
  .byte 0x6f, 0x6c, 0x6f, 0x72, 0x3a, 0x20, 0x23, 0x31, 0x61, 0x31, 0x61, 0x31, 0x61, 0x20, 0x21, 0x69
  .byte 0x6d, 0x70, 0x6f, 0x72, 0x74, 0x61, 0x6e, 0x74, 0x3b, 0x0a, 0x20, 0x20, 0x63, 0x6f, 0x6c, 0x6f
  .byte 0x72, 0x3a, 0x20, 0x23, 0x65, 0x64, 0x65, 0x64, 0x65, 0x64, 0x20, 0x21, 0x69, 0x6d, 0x70, 0x6f
  .byte 0x72, 0x74, 0x61, 0x6e, 0x74, 0x3b, 0x0a, 0x20, 0x20, 0x62, 0x6f, 0x72, 0x64, 0x65, 0x72, 0x2d
  .byte 0x63, 0x6f, 0x6c, 0x6f, 0x72, 0x3a, 0x20, 0x23, 0x33, 0x33, 0x33, 0x20, 0x21, 0x69, 0x6d, 0x70
  .byte 0x6f, 0x72, 0x74, 0x61, 0x6e, 0x74, 0x3b, 0x0a, 0x7d, 0x0a, 0x0a, 0x2e, 0x68, 0x61, 0x6e, 0x64
  .byte 0x73, 0x6f, 0x6e, 0x74, 0x61, 0x62, 0x6c, 0x65, 0x20, 0x74, 0x64, 0x2e, 0x61, 0x72, 0x65, 0x61
  .byte 0x20, 0x7b, 0x0a, 0x20, 0x20, 0x62, 0x61, 0x63, 0x6b, 0x67, 0x72, 0x6f, 0x75, 0x6e, 0x64, 0x2d
  .byte 0x63, 0x6f, 0x6c, 0x6f, 0x72, 0x3a, 0x20, 0x72, 0x67, 0x62, 0x61, 0x28, 0x35, 0x39, 0x2c, 0x20
  .byte 0x31, 0x33, 0x30, 0x2c, 0x20, 0x32, 0x34, 0x36, 0x2c, 0x20, 0x30, 0x2e, 0x32, 0x29, 0x20, 0x21
  .byte 0x69, 0x6d, 0x70, 0x6f, 0x72, 0x74, 0x61, 0x6e, 0x74, 0x3b, 0x0a, 0x7d, 0x0a, 0x0a, 0x2e, 0x68
  .byte 0x61, 0x6e, 0x64, 0x73, 0x6f, 0x6e, 0x74, 0x61, 0x62, 0x6c, 0x65, 0x20, 0x2e, 0x77, 0x74, 0x42
  .byte 0x6f, 0x72, 0x64, 0x65, 0x72, 0x20, 0x7b, 0x0a, 0x20, 0x20, 0x62, 0x61, 0x63, 0x6b, 0x67, 0x72
  .byte 0x6f, 0x75, 0x6e, 0x64, 0x2d, 0x63, 0x6f, 0x6c, 0x6f, 0x72, 0x3a, 0x20, 0x23, 0x33, 0x62, 0x38
  .byte 0x32, 0x66, 0x36, 0x20, 0x21, 0x69, 0x6d, 0x70, 0x6f, 0x72, 0x74, 0x61, 0x6e, 0x74, 0x3b, 0x0a
  .byte 0x7d, 0x0a, 0x0a, 0x2e, 0x68, 0x74, 0x43, 0x6f, 0x6e, 0x74, 0x65, 0x78, 0x74, 0x4d, 0x65, 0x6e
  .byte 0x75, 0x20, 0x7b, 0x0a, 0x20, 0x20, 0x62, 0x61, 0x63, 0x6b, 0x67, 0x72, 0x6f, 0x75, 0x6e, 0x64
  .byte 0x2d, 0x63, 0x6f, 0x6c, 0x6f, 0x72, 0x3a, 0x20, 0x23, 0x31, 0x61, 0x31, 0x61, 0x31, 0x61, 0x20
  .byte 0x21, 0x69, 0x6d, 0x70, 0x6f, 0x72, 0x74, 0x61, 0x6e, 0x74, 0x3b, 0x0a, 0x20, 0x20, 0x62, 0x6f
  .byte 0x72, 0x64, 0x65, 0x72, 0x2d, 0x63, 0x6f, 0x6c, 0x6f, 0x72, 0x3a, 0x20, 0x23, 0x34, 0x30, 0x34
  .byte 0x30, 0x34, 0x30, 0x20, 0x21, 0x69, 0x6d, 0x70, 0x6f, 0x72, 0x74, 0x61, 0x6e, 0x74, 0x3b, 0x0a
  .byte 0x7d, 0x0a, 0x0a, 0x2e, 0x68, 0x74, 0x43, 0x6f, 0x6e, 0x74, 0x65, 0x78, 0x74, 0x4d, 0x65, 0x6e
  .byte 0x75, 0x20, 0x74, 0x64, 0x20, 0x7b, 0x0a, 0x20, 0x20, 0x62, 0x61, 0x63, 0x6b, 0x67, 0x72, 0x6f
  .byte 0x75, 0x6e, 0x64, 0x2d, 0x63, 0x6f, 0x6c, 0x6f, 0x72, 0x3a, 0x20, 0x23, 0x31, 0x61, 0x31, 0x61
  .byte 0x31, 0x61, 0x20, 0x21, 0x69, 0x6d, 0x70, 0x6f, 0x72, 0x74, 0x61, 0x6e, 0x74, 0x3b, 0x0a, 0x20
  .byte 0x20, 0x63, 0x6f, 0x6c, 0x6f, 0x72, 0x3a, 0x20, 0x23, 0x65, 0x64, 0x65, 0x64, 0x65, 0x64, 0x20
  .byte 0x21, 0x69, 0x6d, 0x70, 0x6f, 0x72, 0x74, 0x61, 0x6e, 0x74, 0x3b, 0x0a, 0x7d, 0x0a, 0x0a, 0x2e
  .byte 0x68, 0x74, 0x43, 0x6f, 0x6e, 0x74, 0x65, 0x78, 0x74, 0x4d, 0x65, 0x6e, 0x75, 0x20, 0x74, 0x64
  .byte 0x3a, 0x68, 0x6f, 0x76, 0x65, 0x72, 0x20, 0x7b, 0x0a, 0x20, 0x20, 0x62, 0x61, 0x63, 0x6b, 0x67
  .byte 0x72, 0x6f, 0x75, 0x6e, 0x64, 0x2d, 0x63, 0x6f, 0x6c, 0x6f, 0x72, 0x3a, 0x20, 0x23, 0x33, 0x33
  .byte 0x33, 0x20, 0x21, 0x69, 0x6d, 0x70, 0x6f, 0x72, 0x74, 0x61, 0x6e, 0x74, 0x3b, 0x0a, 0x7d, 0x0a
  .byte 0x0a, 0x2e, 0x68, 0x74, 0x43, 0x6f, 0x6e, 0x74, 0x65, 0x78, 0x74, 0x4d, 0x65, 0x6e, 0x75, 0x20
  .byte 0x74, 0x64, 0x2e, 0x68, 0x74, 0x44, 0x69, 0x73, 0x61, 0x62, 0x6c, 0x65, 0x64, 0x20, 0x7b, 0x0a
  .byte 0x20, 0x20, 0x63, 0x6f, 0x6c, 0x6f, 0x72, 0x3a, 0x20, 0x23, 0x36, 0x36, 0x36, 0x20, 0x21, 0x69
  .byte 0x6d, 0x70, 0x6f, 0x72, 0x74, 0x61, 0x6e, 0x74, 0x3b, 0x0a, 0x7d, 0x0a, 0x0a, 0x2f, 0x2a, 0x20
  .byte 0x53, 0x63, 0x72, 0x6f, 0x6c, 0x6c, 0x62, 0x61, 0x72, 0x20, 0x73, 0x74, 0x79, 0x6c, 0x69, 0x6e
  .byte 0x67, 0x20, 0x2a, 0x2f, 0x0a, 0x3a, 0x3a, 0x2d, 0x77, 0x65, 0x62, 0x6b, 0x69, 0x74, 0x2d, 0x73
  .byte 0x63, 0x72, 0x6f, 0x6c, 0x6c, 0x62, 0x61, 0x72, 0x20, 0x7b, 0x0a, 0x20, 0x20, 0x77, 0x69, 0x64
  .byte 0x74, 0x68, 0x3a, 0x20, 0x38, 0x70, 0x78, 0x3b, 0x0a, 0x20, 0x20, 0x68, 0x65, 0x69, 0x67, 0x68
  .byte 0x74, 0x3a, 0x20, 0x38, 0x70, 0x78, 0x3b, 0x0a, 0x7d, 0x0a, 0x0a, 0x3a, 0x3a, 0x2d, 0x77, 0x65
  .byte 0x62, 0x6b, 0x69, 0x74, 0x2d, 0x73, 0x63, 0x72, 0x6f, 0x6c, 0x6c, 0x62, 0x61, 0x72, 0x2d, 0x74
  .byte 0x72, 0x61, 0x63, 0x6b, 0x20, 0x7b, 0x0a, 0x20, 0x20, 0x62, 0x61, 0x63, 0x6b, 0x67, 0x72, 0x6f
  .byte 0x75, 0x6e, 0x64, 0x3a, 0x20, 0x23, 0x31, 0x61, 0x31, 0x61, 0x31, 0x61, 0x3b, 0x0a, 0x7d, 0x0a
  .byte 0x0a, 0x3a, 0x3a, 0x2d, 0x77, 0x65, 0x62, 0x6b, 0x69, 0x74, 0x2d, 0x73, 0x63, 0x72, 0x6f, 0x6c
  .byte 0x6c, 0x62, 0x61, 0x72, 0x2d, 0x74, 0x68, 0x75, 0x6d, 0x62, 0x20, 0x7b, 0x0a, 0x20, 0x20, 0x62
  .byte 0x61, 0x63, 0x6b, 0x67, 0x72, 0x6f, 0x75, 0x6e, 0x64, 0x3a, 0x20, 0x23, 0x34, 0x30, 0x34, 0x30
  .byte 0x34, 0x30, 0x3b, 0x0a, 0x20, 0x20, 0x62, 0x6f, 0x72, 0x64, 0x65, 0x72, 0x2d, 0x72, 0x61, 0x64
  .byte 0x69, 0x75, 0x73, 0x3a, 0x20, 0x34, 0x70, 0x78, 0x3b, 0x0a, 0x7d, 0x0a, 0x0a, 0x3a, 0x3a, 0x2d
  .byte 0x77, 0x65, 0x62, 0x6b, 0x69, 0x74, 0x2d, 0x73, 0x63, 0x72, 0x6f, 0x6c, 0x6c, 0x62, 0x61, 0x72
  .byte 0x2d, 0x74, 0x68, 0x75, 0x6d, 0x62, 0x3a, 0x68, 0x6f, 0x76, 0x65, 0x72, 0x20, 0x7b, 0x0a, 0x20
  .byte 0x20, 0x62, 0x61, 0x63, 0x6b, 0x67, 0x72, 0x6f, 0x75, 0x6e, 0x64, 0x3a, 0x20, 0x23, 0x35, 0x35
  .byte 0x35, 0x3b, 0x0a, 0x7d, 0x0a, 0x0a, 0x2f, 0x2a, 0x20, 0x4c, 0x61, 0x79, 0x6f, 0x75, 0x74, 0x3a
  .byte 0x20, 0x73, 0x70, 0x72, 0x65, 0x61, 0x64, 0x73, 0x68, 0x65, 0x65, 0x74, 0x20, 0x2b, 0x20, 0x6f
  .byte 0x70, 0x74, 0x69, 0x6f, 0x6e, 0x61, 0x6c, 0x20, 0x63, 0x68, 0x61, 0x74, 0x20, 0x73, 0x69, 0x64
  .byte 0x65, 0x2d, 0x62, 0x79, 0x2d, 0x73, 0x69, 0x64, 0x65, 0x20, 0x2a, 0x2f, 0x0a, 0x2e, 0x61, 0x70
  .byte 0x70, 0x2d, 0x6c, 0x61, 0x79, 0x6f, 0x75, 0x74, 0x20, 0x7b, 0x0a, 0x20, 0x20, 0x64, 0x69, 0x73
  .byte 0x70, 0x6c, 0x61, 0x79, 0x3a, 0x20, 0x66, 0x6c, 0x65, 0x78, 0x3b, 0x0a, 0x20, 0x20, 0x77, 0x69
  .byte 0x64, 0x74, 0x68, 0x3a, 0x20, 0x31, 0x30, 0x30, 0x76, 0x77, 0x3b, 0x0a, 0x20, 0x20, 0x68, 0x65
  .byte 0x69, 0x67, 0x68, 0x74, 0x3a, 0x20, 0x31, 0x30, 0x30, 0x76, 0x68, 0x3b, 0x0a, 0x20, 0x20, 0x6f
  .byte 0x76, 0x65, 0x72, 0x66, 0x6c, 0x6f, 0x77, 0x3a, 0x20, 0x68, 0x69, 0x64, 0x64, 0x65, 0x6e, 0x3b
  .byte 0x0a, 0x7d, 0x0a, 0x0a, 0x2e, 0x73, 0x70, 0x72, 0x65, 0x61, 0x64, 0x73, 0x68, 0x65, 0x65, 0x74
  .byte 0x2d, 0x70, 0x61, 0x6e, 0x65, 0x6c, 0x20, 0x7b, 0x0a, 0x20, 0x20, 0x66, 0x6c, 0x65, 0x78, 0x3a
  .byte 0x20, 0x31, 0x20, 0x31, 0x20, 0x30, 0x25, 0x3b, 0x0a, 0x20, 0x20, 0x6d, 0x69, 0x6e, 0x2d, 0x77
  .byte 0x69, 0x64, 0x74, 0x68, 0x3a, 0x20, 0x30, 0x3b, 0x0a, 0x20, 0x20, 0x68, 0x65, 0x69, 0x67, 0x68
  .byte 0x74, 0x3a, 0x20, 0x31, 0x30, 0x30, 0x25, 0x3b, 0x0a, 0x20, 0x20, 0x62, 0x61, 0x63, 0x6b, 0x67
  .byte 0x72, 0x6f, 0x75, 0x6e, 0x64, 0x2d, 0x63, 0x6f, 0x6c, 0x6f, 0x72, 0x3a, 0x20, 0x23, 0x30, 0x66
  .byte 0x30, 0x66, 0x30, 0x66, 0x3b, 0x0a, 0x20, 0x20, 0x6f, 0x76, 0x65, 0x72, 0x66, 0x6c, 0x6f, 0x77
  .byte 0x3a, 0x20, 0x68, 0x69, 0x64, 0x64, 0x65, 0x6e, 0x3b, 0x0a, 0x7d, 0x0a, 0x0a, 0x2f, 0x2a, 0x20
  .byte 0x43, 0x68, 0x61, 0x74, 0x20, 0x70, 0x61, 0x6e, 0x65, 0x6c, 0x20, 0xe2, 0x80, 0x94, 0x20, 0x66
  .byte 0x6c, 0x65, 0x78, 0x20, 0x63, 0x68, 0x69, 0x6c, 0x64, 0x2c, 0x20, 0x6e, 0x6f, 0x20, 0x6d, 0x61
  .byte 0x78, 0x2d, 0x77, 0x69, 0x64, 0x74, 0x68, 0x20, 0x63, 0x6f, 0x6e, 0x73, 0x74, 0x72, 0x61, 0x69
  .byte 0x6e, 0x74, 0x20, 0x2a, 0x2f, 0x0a, 0x2e, 0x63, 0x68, 0x61, 0x74, 0x2d, 0x70, 0x61, 0x6e, 0x65
  .byte 0x6c, 0x20, 0x7b, 0x0a, 0x20, 0x20, 0x66, 0x6c, 0x65, 0x78, 0x3a, 0x20, 0x30, 0x20, 0x30, 0x20
  .byte 0x61, 0x75, 0x74, 0x6f, 0x3b, 0x0a, 0x20, 0x20, 0x77, 0x69, 0x64, 0x74, 0x68, 0x3a, 0x20, 0x34
  .byte 0x38, 0x30, 0x70, 0x78, 0x3b, 0x0a, 0x20, 0x20, 0x68, 0x65, 0x69, 0x67, 0x68, 0x74, 0x3a, 0x20
  .byte 0x31, 0x30, 0x30, 0x25, 0x3b, 0x0a, 0x20, 0x20, 0x64, 0x69, 0x73, 0x70, 0x6c, 0x61, 0x79, 0x3a
  .byte 0x20, 0x66, 0x6c, 0x65, 0x78, 0x3b, 0x0a, 0x20, 0x20, 0x66, 0x6c, 0x65, 0x78, 0x2d, 0x64, 0x69
  .byte 0x72, 0x65, 0x63, 0x74, 0x69, 0x6f, 0x6e, 0x3a, 0x20, 0x63, 0x6f, 0x6c, 0x75, 0x6d, 0x6e, 0x3b
  .byte 0x0a, 0x20, 0x20, 0x62, 0x61, 0x63, 0x6b, 0x67, 0x72, 0x6f, 0x75, 0x6e, 0x64, 0x2d, 0x63, 0x6f
  .byte 0x6c, 0x6f, 0x72, 0x3a, 0x20, 0x23, 0x30, 0x61, 0x30, 0x61, 0x30, 0x61, 0x3b, 0x0a, 0x20, 0x20
  .byte 0x62, 0x6f, 0x72, 0x64, 0x65, 0x72, 0x2d, 0x6c, 0x65, 0x66, 0x74, 0x3a, 0x20, 0x31, 0x70, 0x78
  .byte 0x20, 0x73, 0x6f, 0x6c, 0x69, 0x64, 0x20, 0x72, 0x67, 0x62, 0x61, 0x28, 0x32, 0x35, 0x35, 0x2c
  .byte 0x20, 0x32, 0x35, 0x35, 0x2c, 0x20, 0x32, 0x35, 0x35, 0x2c, 0x20, 0x30, 0x2e, 0x31, 0x29, 0x3b
  .byte 0x0a, 0x20, 0x20, 0x70, 0x6f, 0x73, 0x69, 0x74, 0x69, 0x6f, 0x6e, 0x3a, 0x20, 0x72, 0x65, 0x6c
  .byte 0x61, 0x74, 0x69, 0x76, 0x65, 0x3b, 0x0a, 0x20, 0x20, 0x6f, 0x76, 0x65, 0x72, 0x66, 0x6c, 0x6f
  .byte 0x77, 0x3a, 0x20, 0x68, 0x69, 0x64, 0x64, 0x65, 0x6e, 0x3b, 0x0a, 0x7d, 0x0a, 0x0a, 0x2e, 0x63
  .byte 0x68, 0x61, 0x74, 0x2d, 0x70, 0x61, 0x6e, 0x65, 0x6c, 0x5f, 0x5f, 0x63, 0x6c, 0x6f, 0x73, 0x65
  .byte 0x2d, 0x72, 0x6f, 0x77, 0x20, 0x7b, 0x0a, 0x20, 0x20, 0x64, 0x69, 0x73, 0x70, 0x6c, 0x61, 0x79
  .byte 0x3a, 0x20, 0x66, 0x6c, 0x65, 0x78, 0x3b, 0x0a, 0x20, 0x20, 0x6a, 0x75, 0x73, 0x74, 0x69, 0x66
  .byte 0x79, 0x2d, 0x63, 0x6f, 0x6e, 0x74, 0x65, 0x6e, 0x74, 0x3a, 0x20, 0x66, 0x6c, 0x65, 0x78, 0x2d
  .byte 0x65, 0x6e, 0x64, 0x3b, 0x0a, 0x20, 0x20, 0x70, 0x61, 0x64, 0x64, 0x69, 0x6e, 0x67, 0x3a, 0x20
  .byte 0x38, 0x70, 0x78, 0x20, 0x38, 0x70, 0x78, 0x20, 0x30, 0x3b, 0x0a, 0x20, 0x20, 0x66, 0x6c, 0x65
  .byte 0x78, 0x2d, 0x73, 0x68, 0x72, 0x69, 0x6e, 0x6b, 0x3a, 0x20, 0x30, 0x3b, 0x0a, 0x20, 0x20, 0x70
  .byte 0x6f, 0x73, 0x69, 0x74, 0x69, 0x6f, 0x6e, 0x3a, 0x20, 0x61, 0x62, 0x73, 0x6f, 0x6c, 0x75, 0x74
  .byte 0x65, 0x3b, 0x0a, 0x20, 0x20, 0x74, 0x6f, 0x70, 0x3a, 0x20, 0x30, 0x3b, 0x0a, 0x20, 0x20, 0x72
  .byte 0x69, 0x67, 0x68, 0x74, 0x3a, 0x20, 0x30, 0x3b, 0x0a, 0x20, 0x20, 0x7a, 0x2d, 0x69, 0x6e, 0x64
  .byte 0x65, 0x78, 0x3a, 0x20, 0x31, 0x30, 0x3b, 0x0a, 0x7d, 0x0a, 0x0a, 0x2e, 0x63, 0x68, 0x61, 0x74
  .byte 0x2d, 0x70, 0x61, 0x6e, 0x65, 0x6c, 0x5f, 0x5f, 0x62, 0x6f, 0x64, 0x79, 0x20, 0x7b, 0x0a, 0x20
  .byte 0x20, 0x66, 0x6c, 0x65, 0x78, 0x3a, 0x20, 0x31, 0x3b, 0x0a, 0x20, 0x20, 0x6d, 0x69, 0x6e, 0x2d
  .byte 0x68, 0x65, 0x69, 0x67, 0x68, 0x74, 0x3a, 0x20, 0x30, 0x3b, 0x0a, 0x20, 0x20, 0x6f, 0x76, 0x65
  .byte 0x72, 0x66, 0x6c, 0x6f, 0x77, 0x3a, 0x20, 0x68, 0x69, 0x64, 0x64, 0x65, 0x6e, 0x3b, 0x0a, 0x7d
  .byte 0x0a, 0x0a, 0x2f, 0x2a, 0x20, 0x4c, 0x65, 0x74, 0x20, 0x74, 0x61, 0x62, 0x6c, 0x65, 0x73, 0x2f
  .byte 0x63, 0x68, 0x61, 0x72, 0x74, 0x73, 0x20, 0x69, 0x6e, 0x73, 0x69, 0x64, 0x65, 0x20, 0x63, 0x68
  .byte 0x61, 0x74, 0x20, 0x73, 0x63, 0x72, 0x6f, 0x6c, 0x6c, 0x20, 0x68, 0x6f, 0x72, 0x69, 0x7a, 0x6f
  .byte 0x6e, 0x74, 0x61, 0x6c, 0x6c, 0x79, 0x20, 0x69, 0x6e, 0x73, 0x74, 0x65, 0x61, 0x64, 0x20, 0x6f
  .byte 0x66, 0x20, 0x63, 0x6c, 0x69, 0x70, 0x70, 0x69, 0x6e, 0x67, 0x20, 0x2a, 0x2f, 0x0a, 0x2e, 0x63
  .byte 0x68, 0x61, 0x74, 0x2d, 0x70, 0x61, 0x6e, 0x65, 0x6c, 0x20, 0x74, 0x61, 0x62, 0x6c, 0x65, 0x2c
  .byte 0x0a, 0x2e, 0x63, 0x68, 0x61, 0x74, 0x2d, 0x70, 0x61, 0x6e, 0x65, 0x6c, 0x20, 0x5b, 0x63, 0x6c
  .byte 0x61, 0x73, 0x73, 0x2a, 0x3d, 0x22, 0x72, 0x65, 0x63, 0x68, 0x61, 0x72, 0x74, 0x73, 0x2d, 0x77
  .byte 0x72, 0x61, 0x70, 0x70, 0x65, 0x72, 0x22, 0x5d, 0x20, 0x7b, 0x0a, 0x20, 0x20, 0x6d, 0x61, 0x78
  .byte 0x2d, 0x77, 0x69, 0x64, 0x74, 0x68, 0x3a, 0x20, 0x31, 0x30, 0x30, 0x25, 0x3b, 0x0a, 0x20, 0x20
  .byte 0x6f, 0x76, 0x65, 0x72, 0x66, 0x6c, 0x6f, 0x77, 0x2d, 0x78, 0x3a, 0x20, 0x61, 0x75, 0x74, 0x6f
  .byte 0x3b, 0x0a, 0x7d, 0x0a, 0x0a, 0x2e, 0x63, 0x68, 0x61, 0x74, 0x2d, 0x70, 0x61, 0x6e, 0x65, 0x6c
  .byte 0x20, 0x5b, 0x64, 0x61, 0x74, 0x61, 0x2d, 0x6f, 0x70, 0x65, 0x6e, 0x75, 0x69, 0x2d, 0x63, 0x6f
  .byte 0x6d, 0x70, 0x6f, 0x6e, 0x65, 0x6e, 0x74, 0x5d, 0x20, 0x7b, 0x0a, 0x20, 0x20, 0x6d, 0x61, 0x78
  .byte 0x2d, 0x77, 0x69, 0x64, 0x74, 0x68, 0x3a, 0x20, 0x31, 0x30, 0x30, 0x25, 0x3b, 0x0a, 0x20, 0x20
  .byte 0x6f, 0x76, 0x65, 0x72, 0x66, 0x6c, 0x6f, 0x77, 0x2d, 0x78, 0x3a, 0x20, 0x61, 0x75, 0x74, 0x6f
  .byte 0x3b, 0x0a, 0x7d, 0x0a, 0x0a, 0x2e, 0x63, 0x68, 0x61, 0x74, 0x2d, 0x63, 0x6c, 0x6f, 0x73, 0x65
  .byte 0x2d, 0x62, 0x74, 0x6e, 0x20, 0x7b, 0x0a, 0x20, 0x20, 0x64, 0x69, 0x73, 0x70, 0x6c, 0x61, 0x79
  .byte 0x3a, 0x20, 0x66, 0x6c, 0x65, 0x78, 0x3b, 0x0a, 0x20, 0x20, 0x61, 0x6c, 0x69, 0x67, 0x6e, 0x2d
  .byte 0x69, 0x74, 0x65, 0x6d, 0x73, 0x3a, 0x20, 0x63, 0x65, 0x6e, 0x74, 0x65, 0x72, 0x3b, 0x0a, 0x20
  .byte 0x20, 0x6a, 0x75, 0x73, 0x74, 0x69, 0x66, 0x79, 0x2d, 0x63, 0x6f, 0x6e, 0x74, 0x65, 0x6e, 0x74
  .byte 0x3a, 0x20, 0x63, 0x65, 0x6e, 0x74, 0x65, 0x72, 0x3b, 0x0a, 0x20, 0x20, 0x77, 0x69, 0x64, 0x74
  .byte 0x68, 0x3a, 0x20, 0x33, 0x32, 0x70, 0x78, 0x3b, 0x0a, 0x20, 0x20, 0x68, 0x65, 0x69, 0x67, 0x68
  .byte 0x74, 0x3a, 0x20, 0x33, 0x32, 0x70, 0x78, 0x3b, 0x0a, 0x20, 0x20, 0x62, 0x6f, 0x72, 0x64, 0x65
  .byte 0x72, 0x2d, 0x72, 0x61, 0x64, 0x69, 0x75, 0x73, 0x3a, 0x20, 0x38, 0x70, 0x78, 0x3b, 0x0a, 0x20
  .byte 0x20, 0x62, 0x6f, 0x72, 0x64, 0x65, 0x72, 0x3a, 0x20, 0x31, 0x70, 0x78, 0x20, 0x73, 0x6f, 0x6c
  .byte 0x69, 0x64, 0x20, 0x72, 0x67, 0x62, 0x61, 0x28, 0x32, 0x35, 0x35, 0x2c, 0x20, 0x32, 0x35, 0x35
  .byte 0x2c, 0x20, 0x32, 0x35, 0x35, 0x2c, 0x20, 0x30, 0x2e, 0x31, 0x29, 0x3b, 0x0a, 0x20, 0x20, 0x62
  .byte 0x61, 0x63, 0x6b, 0x67, 0x72, 0x6f, 0x75, 0x6e, 0x64, 0x3a, 0x20, 0x72, 0x67, 0x62, 0x61, 0x28
  .byte 0x31, 0x30, 0x2c, 0x20, 0x31, 0x30, 0x2c, 0x20, 0x31, 0x30, 0x2c, 0x20, 0x30, 0x2e, 0x38, 0x29
  .byte 0x3b, 0x0a, 0x20, 0x20, 0x63, 0x6f, 0x6c, 0x6f, 0x72, 0x3a, 0x20, 0x23, 0x39, 0x39, 0x39, 0x3b
  .byte 0x0a, 0x20, 0x20, 0x63, 0x75, 0x72, 0x73, 0x6f, 0x72, 0x3a, 0x20, 0x70, 0x6f, 0x69, 0x6e, 0x74
  .byte 0x65, 0x72, 0x3b, 0x0a, 0x20, 0x20, 0x74, 0x72, 0x61, 0x6e, 0x73, 0x69, 0x74, 0x69, 0x6f, 0x6e
  .byte 0x3a, 0x20, 0x62, 0x61, 0x63, 0x6b, 0x67, 0x72, 0x6f, 0x75, 0x6e, 0x64, 0x20, 0x30, 0x2e, 0x31
  .byte 0x35, 0x73, 0x2c, 0x20, 0x63, 0x6f, 0x6c, 0x6f, 0x72, 0x20, 0x30, 0x2e, 0x31, 0x35, 0x73, 0x3b
  .byte 0x0a, 0x7d, 0x0a, 0x0a, 0x2e, 0x63, 0x68, 0x61, 0x74, 0x2d, 0x63, 0x6c, 0x6f, 0x73, 0x65, 0x2d
  .byte 0x62, 0x74, 0x6e, 0x3a, 0x68, 0x6f, 0x76, 0x65, 0x72, 0x20, 0x7b, 0x0a, 0x20, 0x20, 0x62, 0x61
  .byte 0x63, 0x6b, 0x67, 0x72, 0x6f, 0x75, 0x6e, 0x64, 0x3a, 0x20, 0x72, 0x67, 0x62, 0x61, 0x28, 0x32
  .byte 0x35, 0x35, 0x2c, 0x20, 0x32, 0x35, 0x35, 0x2c, 0x20, 0x32, 0x35, 0x35, 0x2c, 0x20, 0x30, 0x2e
  .byte 0x31, 0x29, 0x3b, 0x0a, 0x20, 0x20, 0x63, 0x6f, 0x6c, 0x6f, 0x72, 0x3a, 0x20, 0x23, 0x66, 0x66
  .byte 0x66, 0x3b, 0x0a, 0x7d, 0x0a, 0x0a, 0x2f, 0x2a, 0x20, 0x46, 0x6c, 0x6f, 0x61, 0x74, 0x69, 0x6e
  .byte 0x67, 0x20, 0x61, 0x63, 0x74, 0x69, 0x6f, 0x6e, 0x20, 0x62, 0x75, 0x74, 0x74, 0x6f, 0x6e, 0x20
  .byte 0x74, 0x6f, 0x20, 0x6f, 0x70, 0x65, 0x6e, 0x20, 0x63, 0x68, 0x61, 0x74, 0x20, 0x2a, 0x2f, 0x0a
  .byte 0x2e, 0x63, 0x68, 0x61, 0x74, 0x2d, 0x66, 0x61, 0x62, 0x20, 0x7b, 0x0a, 0x20, 0x20, 0x70, 0x6f
  .byte 0x73, 0x69, 0x74, 0x69, 0x6f, 0x6e, 0x3a, 0x20, 0x66, 0x69, 0x78, 0x65, 0x64, 0x3b, 0x0a, 0x20
  .byte 0x20, 0x62, 0x6f, 0x74, 0x74, 0x6f, 0x6d, 0x3a, 0x20, 0x32, 0x34, 0x70, 0x78, 0x3b, 0x0a, 0x20
  .byte 0x20, 0x72, 0x69, 0x67, 0x68, 0x74, 0x3a, 0x20, 0x32, 0x34, 0x70, 0x78, 0x3b, 0x0a, 0x20, 0x20
  .byte 0x7a, 0x2d, 0x69, 0x6e, 0x64, 0x65, 0x78, 0x3a, 0x20, 0x39, 0x30, 0x3b, 0x0a, 0x20, 0x20, 0x64
  .byte 0x69, 0x73, 0x70, 0x6c, 0x61, 0x79, 0x3a, 0x20, 0x66, 0x6c, 0x65, 0x78, 0x3b, 0x0a, 0x20, 0x20
  .byte 0x61, 0x6c, 0x69, 0x67, 0x6e, 0x2d, 0x69, 0x74, 0x65, 0x6d, 0x73, 0x3a, 0x20, 0x63, 0x65, 0x6e
  .byte 0x74, 0x65, 0x72, 0x3b, 0x0a, 0x20, 0x20, 0x67, 0x61, 0x70, 0x3a, 0x20, 0x38, 0x70, 0x78, 0x3b
  .byte 0x0a, 0x20, 0x20, 0x70, 0x61, 0x64, 0x64, 0x69, 0x6e, 0x67, 0x3a, 0x20, 0x31, 0x32, 0x70, 0x78
  .byte 0x20, 0x32, 0x30, 0x70, 0x78, 0x3b, 0x0a, 0x20, 0x20, 0x62, 0x6f, 0x72, 0x64, 0x65, 0x72, 0x2d
  .byte 0x72, 0x61, 0x64, 0x69, 0x75, 0x73, 0x3a, 0x20, 0x35, 0x30, 0x70, 0x78, 0x3b, 0x0a, 0x20, 0x20
  .byte 0x62, 0x6f, 0x72, 0x64, 0x65, 0x72, 0x3a, 0x20, 0x31, 0x70, 0x78, 0x20, 0x73, 0x6f, 0x6c, 0x69
  .byte 0x64, 0x20, 0x72, 0x67, 0x62, 0x61, 0x28, 0x32, 0x35, 0x35, 0x2c, 0x20, 0x32, 0x35, 0x35, 0x2c
  .byte 0x20, 0x32, 0x35, 0x35, 0x2c, 0x20, 0x30, 0x2e, 0x31, 0x32, 0x29, 0x3b, 0x0a, 0x20, 0x20, 0x62
  .byte 0x61, 0x63, 0x6b, 0x67, 0x72, 0x6f, 0x75, 0x6e, 0x64, 0x3a, 0x20, 0x6c, 0x69, 0x6e, 0x65, 0x61
  .byte 0x72, 0x2d, 0x67, 0x72, 0x61, 0x64, 0x69, 0x65, 0x6e, 0x74, 0x28, 0x31, 0x33, 0x35, 0x64, 0x65
  .byte 0x67, 0x2c, 0x20, 0x23, 0x31, 0x61, 0x31, 0x61, 0x32, 0x65, 0x20, 0x30, 0x25, 0x2c, 0x20, 0x23
  .byte 0x31, 0x36, 0x32, 0x31, 0x33, 0x65, 0x20, 0x31, 0x30, 0x30, 0x25, 0x29, 0x3b, 0x0a, 0x20, 0x20
  .byte 0x63, 0x6f, 0x6c, 0x6f, 0x72, 0x3a, 0x20, 0x23, 0x65, 0x64, 0x65, 0x64, 0x65, 0x64, 0x3b, 0x0a
  .byte 0x20, 0x20, 0x66, 0x6f, 0x6e, 0x74, 0x2d, 0x73, 0x69, 0x7a, 0x65, 0x3a, 0x20, 0x31, 0x34, 0x70
  .byte 0x78, 0x3b, 0x0a, 0x20, 0x20, 0x66, 0x6f, 0x6e, 0x74, 0x2d, 0x77, 0x65, 0x69, 0x67, 0x68, 0x74
  .byte 0x3a, 0x20, 0x35, 0x30, 0x30, 0x3b, 0x0a, 0x20, 0x20, 0x63, 0x75, 0x72, 0x73, 0x6f, 0x72, 0x3a
  .byte 0x20, 0x70, 0x6f, 0x69, 0x6e, 0x74, 0x65, 0x72, 0x3b, 0x0a, 0x20, 0x20, 0x62, 0x6f, 0x78, 0x2d
  .byte 0x73, 0x68, 0x61, 0x64, 0x6f, 0x77, 0x3a, 0x20, 0x30, 0x20, 0x34, 0x70, 0x78, 0x20, 0x32, 0x30
  .byte 0x70, 0x78, 0x20, 0x72, 0x67, 0x62, 0x61, 0x28, 0x30, 0x2c, 0x20, 0x30, 0x2c, 0x20, 0x30, 0x2c
  .byte 0x20, 0x30, 0x2e, 0x34, 0x29, 0x2c, 0x20, 0x30, 0x20, 0x30, 0x20, 0x30, 0x20, 0x31, 0x70, 0x78
  .byte 0x20, 0x72, 0x67, 0x62, 0x61, 0x28, 0x35, 0x39, 0x2c, 0x20, 0x31, 0x33, 0x30, 0x2c, 0x20, 0x32
  .byte 0x34, 0x36, 0x2c, 0x20, 0x30, 0x2e, 0x31, 0x35, 0x29, 0x3b, 0x0a, 0x20, 0x20, 0x74, 0x72, 0x61
  .byte 0x6e, 0x73, 0x69, 0x74, 0x69, 0x6f, 0x6e, 0x3a, 0x20, 0x74, 0x72, 0x61, 0x6e, 0x73, 0x66, 0x6f
  .byte 0x72, 0x6d, 0x20, 0x30, 0x2e, 0x31, 0x35, 0x73, 0x2c, 0x20, 0x62, 0x6f, 0x78, 0x2d, 0x73, 0x68
  .byte 0x61, 0x64, 0x6f, 0x77, 0x20, 0x30, 0x2e, 0x31, 0x35, 0x73, 0x3b, 0x0a, 0x7d, 0x0a, 0x0a, 0x2e
  .byte 0x63, 0x68, 0x61, 0x74, 0x2d, 0x66, 0x61, 0x62, 0x3a, 0x68, 0x6f, 0x76, 0x65, 0x72, 0x20, 0x7b
  .byte 0x0a, 0x20, 0x20, 0x74, 0x72, 0x61, 0x6e, 0x73, 0x66, 0x6f, 0x72, 0x6d, 0x3a, 0x20, 0x74, 0x72
  .byte 0x61, 0x6e, 0x73, 0x6c, 0x61, 0x74, 0x65, 0x59, 0x28, 0x2d, 0x32, 0x70, 0x78, 0x29, 0x3b, 0x0a
  .byte 0x20, 0x20, 0x62, 0x6f, 0x78, 0x2d, 0x73, 0x68, 0x61, 0x64, 0x6f, 0x77, 0x3a, 0x20, 0x30, 0x20
  .byte 0x36, 0x70, 0x78, 0x20, 0x32, 0x38, 0x70, 0x78, 0x20, 0x72, 0x67, 0x62, 0x61, 0x28, 0x30, 0x2c
  .byte 0x20, 0x30, 0x2c, 0x20, 0x30, 0x2c, 0x20, 0x30, 0x2e, 0x35, 0x29, 0x2c, 0x20, 0x30, 0x20, 0x30
  .byte 0x20, 0x30, 0x20, 0x31, 0x70, 0x78, 0x20, 0x72, 0x67, 0x62, 0x61, 0x28, 0x35, 0x39, 0x2c, 0x20
  .byte 0x31, 0x33, 0x30, 0x2c, 0x20, 0x32, 0x34, 0x36, 0x2c, 0x20, 0x30, 0x2e, 0x33, 0x29, 0x3b, 0x0a
  .byte 0x7d, 0x0a, 0x0a, 0x2e, 0x63, 0x68, 0x61, 0x74, 0x2d, 0x66, 0x61, 0x62, 0x5f, 0x5f, 0x6c, 0x61
  .byte 0x62, 0x65, 0x6c, 0x20, 0x7b, 0x0a, 0x20, 0x20, 0x77, 0x68, 0x69, 0x74, 0x65, 0x2d, 0x73, 0x70
  .byte 0x61, 0x63, 0x65, 0x3a, 0x20, 0x6e, 0x6f, 0x77, 0x72, 0x61, 0x70, 0x3b, 0x0a, 0x7d, 0x0a, 0x0a
  .byte 0x40, 0x6d, 0x65, 0x64, 0x69, 0x61, 0x20, 0x28, 0x6d, 0x61, 0x78, 0x2d, 0x77, 0x69, 0x64, 0x74
  .byte 0x68, 0x3a, 0x20, 0x37, 0x36, 0x38, 0x70, 0x78, 0x29, 0x20, 0x7b, 0x0a, 0x20, 0x20, 0x2e, 0x63
  .byte 0x68, 0x61, 0x74, 0x2d, 0x70, 0x61, 0x6e, 0x65, 0x6c, 0x20, 0x7b, 0x0a, 0x20, 0x20, 0x20, 0x20
  .byte 0x77, 0x69, 0x64, 0x74, 0x68, 0x3a, 0x20, 0x31, 0x30, 0x30, 0x76, 0x77, 0x3b, 0x0a, 0x20, 0x20
  .byte 0x7d, 0x0a, 0x20, 0x20, 0x2e, 0x63, 0x68, 0x61, 0x74, 0x2d, 0x66, 0x61, 0x62, 0x5f, 0x5f, 0x6c
  .byte 0x61, 0x62, 0x65, 0x6c, 0x20, 0x7b, 0x0a, 0x20, 0x20, 0x20, 0x20, 0x64, 0x69, 0x73, 0x70, 0x6c
  .byte 0x61, 0x79, 0x3a, 0x20, 0x6e, 0x6f, 0x6e, 0x65, 0x3b, 0x0a, 0x20, 0x20, 0x7d, 0x0a, 0x20, 0x20
  .byte 0x2e, 0x63, 0x68, 0x61, 0x74, 0x2d, 0x66, 0x61, 0x62, 0x20, 0x7b, 0x0a, 0x20, 0x20, 0x20, 0x20
  .byte 0x70, 0x61, 0x64, 0x64, 0x69, 0x6e, 0x67, 0x3a, 0x20, 0x31, 0x34, 0x70, 0x78, 0x3b, 0x0a, 0x20
  .byte 0x20, 0x20, 0x20, 0x62, 0x6f, 0x72, 0x64, 0x65, 0x72, 0x2d, 0x72, 0x61, 0x64, 0x69, 0x75, 0x73
  .byte 0x3a, 0x20, 0x35, 0x30, 0x25, 0x3b, 0x0a, 0x20, 0x20, 0x7d, 0x0a, 0x7d, 0x0a, 0x0a, 0x2f, 0x2a
  .byte 0x20, 0x50, 0x65, 0x72, 0x73, 0x69, 0x73, 0x74, 0x65, 0x6e, 0x74, 0x20, 0x73, 0x70, 0x72, 0x65
  .byte 0x61, 0x64, 0x73, 0x68, 0x65, 0x65, 0x74, 0x20, 0x2a, 0x2f, 0x0a, 0x2e, 0x70, 0x65, 0x72, 0x73
  .byte 0x69, 0x73, 0x74, 0x65, 0x6e, 0x74, 0x2d, 0x73, 0x70, 0x72, 0x65, 0x61, 0x64, 0x73, 0x68, 0x65
  .byte 0x65, 0x74, 0x20, 0x7b, 0x0a, 0x20, 0x20, 0x62, 0x61, 0x63, 0x6b, 0x67, 0x72, 0x6f, 0x75, 0x6e
  .byte 0x64, 0x2d, 0x63, 0x6f, 0x6c, 0x6f, 0x72, 0x3a, 0x20, 0x23, 0x30, 0x66, 0x30, 0x66, 0x30, 0x66
  .byte 0x3b, 0x0a, 0x20, 0x20, 0x64, 0x69, 0x73, 0x70, 0x6c, 0x61, 0x79, 0x3a, 0x20, 0x66, 0x6c, 0x65
  .byte 0x78, 0x3b, 0x0a, 0x20, 0x20, 0x66, 0x6c, 0x65, 0x78, 0x2d, 0x64, 0x69, 0x72, 0x65, 0x63, 0x74
  .byte 0x69, 0x6f, 0x6e, 0x3a, 0x20, 0x63, 0x6f, 0x6c, 0x75, 0x6d, 0x6e, 0x3b, 0x0a, 0x20, 0x20, 0x68
  .byte 0x65, 0x69, 0x67, 0x68, 0x74, 0x3a, 0x20, 0x31, 0x30, 0x30, 0x25, 0x3b, 0x0a, 0x7d, 0x0a, 0x0a
  .byte 0x2e, 0x70, 0x65, 0x72, 0x73, 0x69, 0x73, 0x74, 0x65, 0x6e, 0x74, 0x2d, 0x73, 0x70, 0x72, 0x65
  .byte 0x61, 0x64, 0x73, 0x68, 0x65, 0x65, 0x74, 0x20, 0x3e, 0x20, 0x64, 0x69, 0x76, 0x3a, 0x66, 0x69
  .byte 0x72, 0x73, 0x74, 0x2d, 0x63, 0x68, 0x69, 0x6c, 0x64, 0x20, 0x7b, 0x0a, 0x20, 0x20, 0x66, 0x6c
  .byte 0x65, 0x78, 0x2d, 0x73, 0x68, 0x72, 0x69, 0x6e, 0x6b, 0x3a, 0x20, 0x30, 0x3b, 0x0a, 0x7d, 0x0a
  .byte 0x0a, 0x2e, 0x70, 0x65, 0x72, 0x73, 0x69, 0x73, 0x74, 0x65, 0x6e, 0x74, 0x2d, 0x73, 0x70, 0x72
  .byte 0x65, 0x61, 0x64, 0x73, 0x68, 0x65, 0x65, 0x74, 0x20, 0x3e, 0x20, 0x64, 0x69, 0x76, 0x3a, 0x6e
  .byte 0x74, 0x68, 0x2d, 0x63, 0x68, 0x69, 0x6c, 0x64, 0x28, 0x32, 0x29, 0x20, 0x7b, 0x0a, 0x20, 0x20
  .byte 0x66, 0x6c, 0x65, 0x78, 0x3a, 0x20, 0x31, 0x3b, 0x0a, 0x20, 0x20, 0x6d, 0x69, 0x6e, 0x2d, 0x68
  .byte 0x65, 0x69, 0x67, 0x68, 0x74, 0x3a, 0x20, 0x30, 0x3b, 0x0a, 0x20, 0x20, 0x70, 0x6f, 0x73, 0x69
  .byte 0x74, 0x69, 0x6f, 0x6e, 0x3a, 0x20, 0x72, 0x65, 0x6c, 0x61, 0x74, 0x69, 0x76, 0x65, 0x3b, 0x0a
  .byte 0x7d, 0x0a, 0x0a, 0x2e, 0x70, 0x65, 0x72, 0x73, 0x69, 0x73, 0x74, 0x65, 0x6e, 0x74, 0x2d, 0x73
  .byte 0x70, 0x72, 0x65, 0x61, 0x64, 0x73, 0x68, 0x65, 0x65, 0x74, 0x20, 0x3e, 0x20, 0x64, 0x69, 0x76
  .byte 0x3a, 0x6c, 0x61, 0x73, 0x74, 0x2d, 0x63, 0x68, 0x69, 0x6c, 0x64, 0x20, 0x7b, 0x0a, 0x20, 0x20
  .byte 0x66, 0x6c, 0x65, 0x78, 0x2d, 0x73, 0x68, 0x72, 0x69, 0x6e, 0x6b, 0x3a, 0x20, 0x30, 0x3b, 0x0a
  .byte 0x7d, 0x0a, 0x0a, 0x2e, 0x70, 0x65, 0x72, 0x73, 0x69, 0x73, 0x74, 0x65, 0x6e, 0x74, 0x2d, 0x73
  .byte 0x70, 0x72, 0x65, 0x61, 0x64, 0x73, 0x68, 0x65, 0x65, 0x74, 0x20, 0x2e, 0x68, 0x61, 0x6e, 0x64
  .byte 0x73, 0x6f, 0x6e, 0x74, 0x61, 0x62, 0x6c, 0x65, 0x20, 0x7b, 0x0a, 0x20, 0x20, 0x70, 0x6f, 0x73
  .byte 0x69, 0x74, 0x69, 0x6f, 0x6e, 0x3a, 0x20, 0x72, 0x65, 0x6c, 0x61, 0x74, 0x69, 0x76, 0x65, 0x3b
  .byte 0x0a, 0x20, 0x20, 0x7a, 0x2d, 0x69, 0x6e, 0x64, 0x65, 0x78, 0x3a, 0x20, 0x31, 0x3b, 0x0a, 0x7d
  .byte 0x0a

  .globl openui_full_port_examples_hands_on_table_chat_src_app_globals_css_c41296349edf_pass_3_len
openui_full_port_examples_hands_on_table_chat_src_app_globals_css_c41296349edf_pass_3_len:
  .quad 4209

# assembly pass: 4/4
  .globl openui_full_port_examples_hands_on_table_chat_src_app_globals_css_c41296349edf_pass_4
openui_full_port_examples_hands_on_table_chat_src_app_globals_css_c41296349edf_pass_4:
  .byte 0x40, 0x69, 0x6d, 0x70, 0x6f, 0x72, 0x74, 0x20, 0x22, 0x74, 0x61, 0x69, 0x6c, 0x77, 0x69, 0x6e
  .byte 0x64, 0x63, 0x73, 0x73, 0x22, 0x3b, 0x0a, 0x0a, 0x3a, 0x72, 0x6f, 0x6f, 0x74, 0x20, 0x7b, 0x0a
  .byte 0x20, 0x20, 0x2d, 0x2d, 0x62, 0x61, 0x63, 0x6b, 0x67, 0x72, 0x6f, 0x75, 0x6e, 0x64, 0x3a, 0x20
  .byte 0x23, 0x30, 0x61, 0x30, 0x61, 0x30, 0x61, 0x3b, 0x0a, 0x20, 0x20, 0x2d, 0x2d, 0x66, 0x6f, 0x72
  .byte 0x65, 0x67, 0x72, 0x6f, 0x75, 0x6e, 0x64, 0x3a, 0x20, 0x23, 0x65, 0x64, 0x65, 0x64, 0x65, 0x64
  .byte 0x3b, 0x0a, 0x7d, 0x0a, 0x0a, 0x40, 0x74, 0x68, 0x65, 0x6d, 0x65, 0x20, 0x69, 0x6e, 0x6c, 0x69
  .byte 0x6e, 0x65, 0x20, 0x7b, 0x0a, 0x20, 0x20, 0x2d, 0x2d, 0x63, 0x6f, 0x6c, 0x6f, 0x72, 0x2d, 0x62
  .byte 0x61, 0x63, 0x6b, 0x67, 0x72, 0x6f, 0x75, 0x6e, 0x64, 0x3a, 0x20, 0x76, 0x61, 0x72, 0x28, 0x2d
  .byte 0x2d, 0x62, 0x61, 0x63, 0x6b, 0x67, 0x72, 0x6f, 0x75, 0x6e, 0x64, 0x29, 0x3b, 0x0a, 0x20, 0x20
  .byte 0x2d, 0x2d, 0x63, 0x6f, 0x6c, 0x6f, 0x72, 0x2d, 0x66, 0x6f, 0x72, 0x65, 0x67, 0x72, 0x6f, 0x75
  .byte 0x6e, 0x64, 0x3a, 0x20, 0x76, 0x61, 0x72, 0x28, 0x2d, 0x2d, 0x66, 0x6f, 0x72, 0x65, 0x67, 0x72
  .byte 0x6f, 0x75, 0x6e, 0x64, 0x29, 0x3b, 0x0a, 0x7d, 0x0a, 0x0a, 0x68, 0x74, 0x6d, 0x6c, 0x2c, 0x0a
  .byte 0x62, 0x6f, 0x64, 0x79, 0x20, 0x7b, 0x0a, 0x20, 0x20, 0x6d, 0x61, 0x72, 0x67, 0x69, 0x6e, 0x3a
  .byte 0x20, 0x30, 0x3b, 0x0a, 0x20, 0x20, 0x70, 0x61, 0x64, 0x64, 0x69, 0x6e, 0x67, 0x3a, 0x20, 0x30
  .byte 0x3b, 0x0a, 0x20, 0x20, 0x68, 0x65, 0x69, 0x67, 0x68, 0x74, 0x3a, 0x20, 0x31, 0x30, 0x30, 0x25
  .byte 0x3b, 0x0a, 0x20, 0x20, 0x6f, 0x76, 0x65, 0x72, 0x66, 0x6c, 0x6f, 0x77, 0x3a, 0x20, 0x68, 0x69
  .byte 0x64, 0x64, 0x65, 0x6e, 0x3b, 0x0a, 0x7d, 0x0a, 0x0a, 0x62, 0x6f, 0x64, 0x79, 0x20, 0x7b, 0x0a
  .byte 0x20, 0x20, 0x63, 0x6f, 0x6c, 0x6f, 0x72, 0x3a, 0x20, 0x76, 0x61, 0x72, 0x28, 0x2d, 0x2d, 0x66
  .byte 0x6f, 0x72, 0x65, 0x67, 0x72, 0x6f, 0x75, 0x6e, 0x64, 0x29, 0x3b, 0x0a, 0x20, 0x20, 0x62, 0x61
  .byte 0x63, 0x6b, 0x67, 0x72, 0x6f, 0x75, 0x6e, 0x64, 0x3a, 0x20, 0x76, 0x61, 0x72, 0x28, 0x2d, 0x2d
  .byte 0x62, 0x61, 0x63, 0x6b, 0x67, 0x72, 0x6f, 0x75, 0x6e, 0x64, 0x29, 0x3b, 0x0a, 0x20, 0x20, 0x66
  .byte 0x6f, 0x6e, 0x74, 0x2d, 0x66, 0x61, 0x6d, 0x69, 0x6c, 0x79, 0x3a, 0x20, 0x41, 0x72, 0x69, 0x61
  .byte 0x6c, 0x2c, 0x20, 0x48, 0x65, 0x6c, 0x76, 0x65, 0x74, 0x69, 0x63, 0x61, 0x2c, 0x20, 0x73, 0x61
  .byte 0x6e, 0x73, 0x2d, 0x73, 0x65, 0x72, 0x69, 0x66, 0x3b, 0x0a, 0x7d, 0x0a, 0x0a, 0x2f, 0x2a, 0x20
  .byte 0x48, 0x61, 0x6e, 0x64, 0x73, 0x6f, 0x6e, 0x74, 0x61, 0x62, 0x6c, 0x65, 0x20, 0x64, 0x61, 0x72
  .byte 0x6b, 0x20, 0x6d, 0x6f, 0x64, 0x65, 0x20, 0x2a, 0x2f, 0x0a, 0x2e, 0x68, 0x61, 0x6e, 0x64, 0x73
  .byte 0x6f, 0x6e, 0x74, 0x61, 0x62, 0x6c, 0x65, 0x20, 0x7b, 0x0a, 0x20, 0x20, 0x66, 0x6f, 0x6e, 0x74
  .byte 0x2d, 0x73, 0x69, 0x7a, 0x65, 0x3a, 0x20, 0x31, 0x33, 0x70, 0x78, 0x3b, 0x0a, 0x7d, 0x0a, 0x0a
  .byte 0x2e, 0x68, 0x61, 0x6e, 0x64, 0x73, 0x6f, 0x6e, 0x74, 0x61, 0x62, 0x6c, 0x65, 0x20, 0x74, 0x68
  .byte 0x20, 0x7b, 0x0a, 0x20, 0x20, 0x62, 0x61, 0x63, 0x6b, 0x67, 0x72, 0x6f, 0x75, 0x6e, 0x64, 0x2d
  .byte 0x63, 0x6f, 0x6c, 0x6f, 0x72, 0x3a, 0x20, 0x23, 0x32, 0x35, 0x32, 0x35, 0x32, 0x35, 0x20, 0x21
  .byte 0x69, 0x6d, 0x70, 0x6f, 0x72, 0x74, 0x61, 0x6e, 0x74, 0x3b, 0x0a, 0x20, 0x20, 0x63, 0x6f, 0x6c
  .byte 0x6f, 0x72, 0x3a, 0x20, 0x23, 0x65, 0x64, 0x65, 0x64, 0x65, 0x64, 0x20, 0x21, 0x69, 0x6d, 0x70
  .byte 0x6f, 0x72, 0x74, 0x61, 0x6e, 0x74, 0x3b, 0x0a, 0x20, 0x20, 0x62, 0x6f, 0x72, 0x64, 0x65, 0x72
  .byte 0x2d, 0x63, 0x6f, 0x6c, 0x6f, 0x72, 0x3a, 0x20, 0x23, 0x34, 0x30, 0x34, 0x30, 0x34, 0x30, 0x20
  .byte 0x21, 0x69, 0x6d, 0x70, 0x6f, 0x72, 0x74, 0x61, 0x6e, 0x74, 0x3b, 0x0a, 0x7d, 0x0a, 0x0a, 0x2e
  .byte 0x68, 0x61, 0x6e, 0x64, 0x73, 0x6f, 0x6e, 0x74, 0x61, 0x62, 0x6c, 0x65, 0x20, 0x74, 0x64, 0x20
  .byte 0x7b, 0x0a, 0x20, 0x20, 0x62, 0x61, 0x63, 0x6b, 0x67, 0x72, 0x6f, 0x75, 0x6e, 0x64, 0x2d, 0x63
  .byte 0x6f, 0x6c, 0x6f, 0x72, 0x3a, 0x20, 0x23, 0x31, 0x61, 0x31, 0x61, 0x31, 0x61, 0x20, 0x21, 0x69
  .byte 0x6d, 0x70, 0x6f, 0x72, 0x74, 0x61, 0x6e, 0x74, 0x3b, 0x0a, 0x20, 0x20, 0x63, 0x6f, 0x6c, 0x6f
  .byte 0x72, 0x3a, 0x20, 0x23, 0x65, 0x64, 0x65, 0x64, 0x65, 0x64, 0x20, 0x21, 0x69, 0x6d, 0x70, 0x6f
  .byte 0x72, 0x74, 0x61, 0x6e, 0x74, 0x3b, 0x0a, 0x20, 0x20, 0x62, 0x6f, 0x72, 0x64, 0x65, 0x72, 0x2d
  .byte 0x63, 0x6f, 0x6c, 0x6f, 0x72, 0x3a, 0x20, 0x23, 0x33, 0x33, 0x33, 0x20, 0x21, 0x69, 0x6d, 0x70
  .byte 0x6f, 0x72, 0x74, 0x61, 0x6e, 0x74, 0x3b, 0x0a, 0x7d, 0x0a, 0x0a, 0x2e, 0x68, 0x61, 0x6e, 0x64
  .byte 0x73, 0x6f, 0x6e, 0x74, 0x61, 0x62, 0x6c, 0x65, 0x20, 0x74, 0x64, 0x2e, 0x61, 0x72, 0x65, 0x61
  .byte 0x20, 0x7b, 0x0a, 0x20, 0x20, 0x62, 0x61, 0x63, 0x6b, 0x67, 0x72, 0x6f, 0x75, 0x6e, 0x64, 0x2d
  .byte 0x63, 0x6f, 0x6c, 0x6f, 0x72, 0x3a, 0x20, 0x72, 0x67, 0x62, 0x61, 0x28, 0x35, 0x39, 0x2c, 0x20
  .byte 0x31, 0x33, 0x30, 0x2c, 0x20, 0x32, 0x34, 0x36, 0x2c, 0x20, 0x30, 0x2e, 0x32, 0x29, 0x20, 0x21
  .byte 0x69, 0x6d, 0x70, 0x6f, 0x72, 0x74, 0x61, 0x6e, 0x74, 0x3b, 0x0a, 0x7d, 0x0a, 0x0a, 0x2e, 0x68
  .byte 0x61, 0x6e, 0x64, 0x73, 0x6f, 0x6e, 0x74, 0x61, 0x62, 0x6c, 0x65, 0x20, 0x2e, 0x77, 0x74, 0x42
  .byte 0x6f, 0x72, 0x64, 0x65, 0x72, 0x20, 0x7b, 0x0a, 0x20, 0x20, 0x62, 0x61, 0x63, 0x6b, 0x67, 0x72
  .byte 0x6f, 0x75, 0x6e, 0x64, 0x2d, 0x63, 0x6f, 0x6c, 0x6f, 0x72, 0x3a, 0x20, 0x23, 0x33, 0x62, 0x38
  .byte 0x32, 0x66, 0x36, 0x20, 0x21, 0x69, 0x6d, 0x70, 0x6f, 0x72, 0x74, 0x61, 0x6e, 0x74, 0x3b, 0x0a
  .byte 0x7d, 0x0a, 0x0a, 0x2e, 0x68, 0x74, 0x43, 0x6f, 0x6e, 0x74, 0x65, 0x78, 0x74, 0x4d, 0x65, 0x6e
  .byte 0x75, 0x20, 0x7b, 0x0a, 0x20, 0x20, 0x62, 0x61, 0x63, 0x6b, 0x67, 0x72, 0x6f, 0x75, 0x6e, 0x64
  .byte 0x2d, 0x63, 0x6f, 0x6c, 0x6f, 0x72, 0x3a, 0x20, 0x23, 0x31, 0x61, 0x31, 0x61, 0x31, 0x61, 0x20
  .byte 0x21, 0x69, 0x6d, 0x70, 0x6f, 0x72, 0x74, 0x61, 0x6e, 0x74, 0x3b, 0x0a, 0x20, 0x20, 0x62, 0x6f
  .byte 0x72, 0x64, 0x65, 0x72, 0x2d, 0x63, 0x6f, 0x6c, 0x6f, 0x72, 0x3a, 0x20, 0x23, 0x34, 0x30, 0x34
  .byte 0x30, 0x34, 0x30, 0x20, 0x21, 0x69, 0x6d, 0x70, 0x6f, 0x72, 0x74, 0x61, 0x6e, 0x74, 0x3b, 0x0a
  .byte 0x7d, 0x0a, 0x0a, 0x2e, 0x68, 0x74, 0x43, 0x6f, 0x6e, 0x74, 0x65, 0x78, 0x74, 0x4d, 0x65, 0x6e
  .byte 0x75, 0x20, 0x74, 0x64, 0x20, 0x7b, 0x0a, 0x20, 0x20, 0x62, 0x61, 0x63, 0x6b, 0x67, 0x72, 0x6f
  .byte 0x75, 0x6e, 0x64, 0x2d, 0x63, 0x6f, 0x6c, 0x6f, 0x72, 0x3a, 0x20, 0x23, 0x31, 0x61, 0x31, 0x61
  .byte 0x31, 0x61, 0x20, 0x21, 0x69, 0x6d, 0x70, 0x6f, 0x72, 0x74, 0x61, 0x6e, 0x74, 0x3b, 0x0a, 0x20
  .byte 0x20, 0x63, 0x6f, 0x6c, 0x6f, 0x72, 0x3a, 0x20, 0x23, 0x65, 0x64, 0x65, 0x64, 0x65, 0x64, 0x20
  .byte 0x21, 0x69, 0x6d, 0x70, 0x6f, 0x72, 0x74, 0x61, 0x6e, 0x74, 0x3b, 0x0a, 0x7d, 0x0a, 0x0a, 0x2e
  .byte 0x68, 0x74, 0x43, 0x6f, 0x6e, 0x74, 0x65, 0x78, 0x74, 0x4d, 0x65, 0x6e, 0x75, 0x20, 0x74, 0x64
  .byte 0x3a, 0x68, 0x6f, 0x76, 0x65, 0x72, 0x20, 0x7b, 0x0a, 0x20, 0x20, 0x62, 0x61, 0x63, 0x6b, 0x67
  .byte 0x72, 0x6f, 0x75, 0x6e, 0x64, 0x2d, 0x63, 0x6f, 0x6c, 0x6f, 0x72, 0x3a, 0x20, 0x23, 0x33, 0x33
  .byte 0x33, 0x20, 0x21, 0x69, 0x6d, 0x70, 0x6f, 0x72, 0x74, 0x61, 0x6e, 0x74, 0x3b, 0x0a, 0x7d, 0x0a
  .byte 0x0a, 0x2e, 0x68, 0x74, 0x43, 0x6f, 0x6e, 0x74, 0x65, 0x78, 0x74, 0x4d, 0x65, 0x6e, 0x75, 0x20
  .byte 0x74, 0x64, 0x2e, 0x68, 0x74, 0x44, 0x69, 0x73, 0x61, 0x62, 0x6c, 0x65, 0x64, 0x20, 0x7b, 0x0a
  .byte 0x20, 0x20, 0x63, 0x6f, 0x6c, 0x6f, 0x72, 0x3a, 0x20, 0x23, 0x36, 0x36, 0x36, 0x20, 0x21, 0x69
  .byte 0x6d, 0x70, 0x6f, 0x72, 0x74, 0x61, 0x6e, 0x74, 0x3b, 0x0a, 0x7d, 0x0a, 0x0a, 0x2f, 0x2a, 0x20
  .byte 0x53, 0x63, 0x72, 0x6f, 0x6c, 0x6c, 0x62, 0x61, 0x72, 0x20, 0x73, 0x74, 0x79, 0x6c, 0x69, 0x6e
  .byte 0x67, 0x20, 0x2a, 0x2f, 0x0a, 0x3a, 0x3a, 0x2d, 0x77, 0x65, 0x62, 0x6b, 0x69, 0x74, 0x2d, 0x73
  .byte 0x63, 0x72, 0x6f, 0x6c, 0x6c, 0x62, 0x61, 0x72, 0x20, 0x7b, 0x0a, 0x20, 0x20, 0x77, 0x69, 0x64
  .byte 0x74, 0x68, 0x3a, 0x20, 0x38, 0x70, 0x78, 0x3b, 0x0a, 0x20, 0x20, 0x68, 0x65, 0x69, 0x67, 0x68
  .byte 0x74, 0x3a, 0x20, 0x38, 0x70, 0x78, 0x3b, 0x0a, 0x7d, 0x0a, 0x0a, 0x3a, 0x3a, 0x2d, 0x77, 0x65
  .byte 0x62, 0x6b, 0x69, 0x74, 0x2d, 0x73, 0x63, 0x72, 0x6f, 0x6c, 0x6c, 0x62, 0x61, 0x72, 0x2d, 0x74
  .byte 0x72, 0x61, 0x63, 0x6b, 0x20, 0x7b, 0x0a, 0x20, 0x20, 0x62, 0x61, 0x63, 0x6b, 0x67, 0x72, 0x6f
  .byte 0x75, 0x6e, 0x64, 0x3a, 0x20, 0x23, 0x31, 0x61, 0x31, 0x61, 0x31, 0x61, 0x3b, 0x0a, 0x7d, 0x0a
  .byte 0x0a, 0x3a, 0x3a, 0x2d, 0x77, 0x65, 0x62, 0x6b, 0x69, 0x74, 0x2d, 0x73, 0x63, 0x72, 0x6f, 0x6c
  .byte 0x6c, 0x62, 0x61, 0x72, 0x2d, 0x74, 0x68, 0x75, 0x6d, 0x62, 0x20, 0x7b, 0x0a, 0x20, 0x20, 0x62
  .byte 0x61, 0x63, 0x6b, 0x67, 0x72, 0x6f, 0x75, 0x6e, 0x64, 0x3a, 0x20, 0x23, 0x34, 0x30, 0x34, 0x30
  .byte 0x34, 0x30, 0x3b, 0x0a, 0x20, 0x20, 0x62, 0x6f, 0x72, 0x64, 0x65, 0x72, 0x2d, 0x72, 0x61, 0x64
  .byte 0x69, 0x75, 0x73, 0x3a, 0x20, 0x34, 0x70, 0x78, 0x3b, 0x0a, 0x7d, 0x0a, 0x0a, 0x3a, 0x3a, 0x2d
  .byte 0x77, 0x65, 0x62, 0x6b, 0x69, 0x74, 0x2d, 0x73, 0x63, 0x72, 0x6f, 0x6c, 0x6c, 0x62, 0x61, 0x72
  .byte 0x2d, 0x74, 0x68, 0x75, 0x6d, 0x62, 0x3a, 0x68, 0x6f, 0x76, 0x65, 0x72, 0x20, 0x7b, 0x0a, 0x20
  .byte 0x20, 0x62, 0x61, 0x63, 0x6b, 0x67, 0x72, 0x6f, 0x75, 0x6e, 0x64, 0x3a, 0x20, 0x23, 0x35, 0x35
  .byte 0x35, 0x3b, 0x0a, 0x7d, 0x0a, 0x0a, 0x2f, 0x2a, 0x20, 0x4c, 0x61, 0x79, 0x6f, 0x75, 0x74, 0x3a
  .byte 0x20, 0x73, 0x70, 0x72, 0x65, 0x61, 0x64, 0x73, 0x68, 0x65, 0x65, 0x74, 0x20, 0x2b, 0x20, 0x6f
  .byte 0x70, 0x74, 0x69, 0x6f, 0x6e, 0x61, 0x6c, 0x20, 0x63, 0x68, 0x61, 0x74, 0x20, 0x73, 0x69, 0x64
  .byte 0x65, 0x2d, 0x62, 0x79, 0x2d, 0x73, 0x69, 0x64, 0x65, 0x20, 0x2a, 0x2f, 0x0a, 0x2e, 0x61, 0x70
  .byte 0x70, 0x2d, 0x6c, 0x61, 0x79, 0x6f, 0x75, 0x74, 0x20, 0x7b, 0x0a, 0x20, 0x20, 0x64, 0x69, 0x73
  .byte 0x70, 0x6c, 0x61, 0x79, 0x3a, 0x20, 0x66, 0x6c, 0x65, 0x78, 0x3b, 0x0a, 0x20, 0x20, 0x77, 0x69
  .byte 0x64, 0x74, 0x68, 0x3a, 0x20, 0x31, 0x30, 0x30, 0x76, 0x77, 0x3b, 0x0a, 0x20, 0x20, 0x68, 0x65
  .byte 0x69, 0x67, 0x68, 0x74, 0x3a, 0x20, 0x31, 0x30, 0x30, 0x76, 0x68, 0x3b, 0x0a, 0x20, 0x20, 0x6f
  .byte 0x76, 0x65, 0x72, 0x66, 0x6c, 0x6f, 0x77, 0x3a, 0x20, 0x68, 0x69, 0x64, 0x64, 0x65, 0x6e, 0x3b
  .byte 0x0a, 0x7d, 0x0a, 0x0a, 0x2e, 0x73, 0x70, 0x72, 0x65, 0x61, 0x64, 0x73, 0x68, 0x65, 0x65, 0x74
  .byte 0x2d, 0x70, 0x61, 0x6e, 0x65, 0x6c, 0x20, 0x7b, 0x0a, 0x20, 0x20, 0x66, 0x6c, 0x65, 0x78, 0x3a
  .byte 0x20, 0x31, 0x20, 0x31, 0x20, 0x30, 0x25, 0x3b, 0x0a, 0x20, 0x20, 0x6d, 0x69, 0x6e, 0x2d, 0x77
  .byte 0x69, 0x64, 0x74, 0x68, 0x3a, 0x20, 0x30, 0x3b, 0x0a, 0x20, 0x20, 0x68, 0x65, 0x69, 0x67, 0x68
  .byte 0x74, 0x3a, 0x20, 0x31, 0x30, 0x30, 0x25, 0x3b, 0x0a, 0x20, 0x20, 0x62, 0x61, 0x63, 0x6b, 0x67
  .byte 0x72, 0x6f, 0x75, 0x6e, 0x64, 0x2d, 0x63, 0x6f, 0x6c, 0x6f, 0x72, 0x3a, 0x20, 0x23, 0x30, 0x66
  .byte 0x30, 0x66, 0x30, 0x66, 0x3b, 0x0a, 0x20, 0x20, 0x6f, 0x76, 0x65, 0x72, 0x66, 0x6c, 0x6f, 0x77
  .byte 0x3a, 0x20, 0x68, 0x69, 0x64, 0x64, 0x65, 0x6e, 0x3b, 0x0a, 0x7d, 0x0a, 0x0a, 0x2f, 0x2a, 0x20
  .byte 0x43, 0x68, 0x61, 0x74, 0x20, 0x70, 0x61, 0x6e, 0x65, 0x6c, 0x20, 0xe2, 0x80, 0x94, 0x20, 0x66
  .byte 0x6c, 0x65, 0x78, 0x20, 0x63, 0x68, 0x69, 0x6c, 0x64, 0x2c, 0x20, 0x6e, 0x6f, 0x20, 0x6d, 0x61
  .byte 0x78, 0x2d, 0x77, 0x69, 0x64, 0x74, 0x68, 0x20, 0x63, 0x6f, 0x6e, 0x73, 0x74, 0x72, 0x61, 0x69
  .byte 0x6e, 0x74, 0x20, 0x2a, 0x2f, 0x0a, 0x2e, 0x63, 0x68, 0x61, 0x74, 0x2d, 0x70, 0x61, 0x6e, 0x65
  .byte 0x6c, 0x20, 0x7b, 0x0a, 0x20, 0x20, 0x66, 0x6c, 0x65, 0x78, 0x3a, 0x20, 0x30, 0x20, 0x30, 0x20
  .byte 0x61, 0x75, 0x74, 0x6f, 0x3b, 0x0a, 0x20, 0x20, 0x77, 0x69, 0x64, 0x74, 0x68, 0x3a, 0x20, 0x34
  .byte 0x38, 0x30, 0x70, 0x78, 0x3b, 0x0a, 0x20, 0x20, 0x68, 0x65, 0x69, 0x67, 0x68, 0x74, 0x3a, 0x20
  .byte 0x31, 0x30, 0x30, 0x25, 0x3b, 0x0a, 0x20, 0x20, 0x64, 0x69, 0x73, 0x70, 0x6c, 0x61, 0x79, 0x3a
  .byte 0x20, 0x66, 0x6c, 0x65, 0x78, 0x3b, 0x0a, 0x20, 0x20, 0x66, 0x6c, 0x65, 0x78, 0x2d, 0x64, 0x69
  .byte 0x72, 0x65, 0x63, 0x74, 0x69, 0x6f, 0x6e, 0x3a, 0x20, 0x63, 0x6f, 0x6c, 0x75, 0x6d, 0x6e, 0x3b
  .byte 0x0a, 0x20, 0x20, 0x62, 0x61, 0x63, 0x6b, 0x67, 0x72, 0x6f, 0x75, 0x6e, 0x64, 0x2d, 0x63, 0x6f
  .byte 0x6c, 0x6f, 0x72, 0x3a, 0x20, 0x23, 0x30, 0x61, 0x30, 0x61, 0x30, 0x61, 0x3b, 0x0a, 0x20, 0x20
  .byte 0x62, 0x6f, 0x72, 0x64, 0x65, 0x72, 0x2d, 0x6c, 0x65, 0x66, 0x74, 0x3a, 0x20, 0x31, 0x70, 0x78
  .byte 0x20, 0x73, 0x6f, 0x6c, 0x69, 0x64, 0x20, 0x72, 0x67, 0x62, 0x61, 0x28, 0x32, 0x35, 0x35, 0x2c
  .byte 0x20, 0x32, 0x35, 0x35, 0x2c, 0x20, 0x32, 0x35, 0x35, 0x2c, 0x20, 0x30, 0x2e, 0x31, 0x29, 0x3b
  .byte 0x0a, 0x20, 0x20, 0x70, 0x6f, 0x73, 0x69, 0x74, 0x69, 0x6f, 0x6e, 0x3a, 0x20, 0x72, 0x65, 0x6c
  .byte 0x61, 0x74, 0x69, 0x76, 0x65, 0x3b, 0x0a, 0x20, 0x20, 0x6f, 0x76, 0x65, 0x72, 0x66, 0x6c, 0x6f
  .byte 0x77, 0x3a, 0x20, 0x68, 0x69, 0x64, 0x64, 0x65, 0x6e, 0x3b, 0x0a, 0x7d, 0x0a, 0x0a, 0x2e, 0x63
  .byte 0x68, 0x61, 0x74, 0x2d, 0x70, 0x61, 0x6e, 0x65, 0x6c, 0x5f, 0x5f, 0x63, 0x6c, 0x6f, 0x73, 0x65
  .byte 0x2d, 0x72, 0x6f, 0x77, 0x20, 0x7b, 0x0a, 0x20, 0x20, 0x64, 0x69, 0x73, 0x70, 0x6c, 0x61, 0x79
  .byte 0x3a, 0x20, 0x66, 0x6c, 0x65, 0x78, 0x3b, 0x0a, 0x20, 0x20, 0x6a, 0x75, 0x73, 0x74, 0x69, 0x66
  .byte 0x79, 0x2d, 0x63, 0x6f, 0x6e, 0x74, 0x65, 0x6e, 0x74, 0x3a, 0x20, 0x66, 0x6c, 0x65, 0x78, 0x2d
  .byte 0x65, 0x6e, 0x64, 0x3b, 0x0a, 0x20, 0x20, 0x70, 0x61, 0x64, 0x64, 0x69, 0x6e, 0x67, 0x3a, 0x20
  .byte 0x38, 0x70, 0x78, 0x20, 0x38, 0x70, 0x78, 0x20, 0x30, 0x3b, 0x0a, 0x20, 0x20, 0x66, 0x6c, 0x65
  .byte 0x78, 0x2d, 0x73, 0x68, 0x72, 0x69, 0x6e, 0x6b, 0x3a, 0x20, 0x30, 0x3b, 0x0a, 0x20, 0x20, 0x70
  .byte 0x6f, 0x73, 0x69, 0x74, 0x69, 0x6f, 0x6e, 0x3a, 0x20, 0x61, 0x62, 0x73, 0x6f, 0x6c, 0x75, 0x74
  .byte 0x65, 0x3b, 0x0a, 0x20, 0x20, 0x74, 0x6f, 0x70, 0x3a, 0x20, 0x30, 0x3b, 0x0a, 0x20, 0x20, 0x72
  .byte 0x69, 0x67, 0x68, 0x74, 0x3a, 0x20, 0x30, 0x3b, 0x0a, 0x20, 0x20, 0x7a, 0x2d, 0x69, 0x6e, 0x64
  .byte 0x65, 0x78, 0x3a, 0x20, 0x31, 0x30, 0x3b, 0x0a, 0x7d, 0x0a, 0x0a, 0x2e, 0x63, 0x68, 0x61, 0x74
  .byte 0x2d, 0x70, 0x61, 0x6e, 0x65, 0x6c, 0x5f, 0x5f, 0x62, 0x6f, 0x64, 0x79, 0x20, 0x7b, 0x0a, 0x20
  .byte 0x20, 0x66, 0x6c, 0x65, 0x78, 0x3a, 0x20, 0x31, 0x3b, 0x0a, 0x20, 0x20, 0x6d, 0x69, 0x6e, 0x2d
  .byte 0x68, 0x65, 0x69, 0x67, 0x68, 0x74, 0x3a, 0x20, 0x30, 0x3b, 0x0a, 0x20, 0x20, 0x6f, 0x76, 0x65
  .byte 0x72, 0x66, 0x6c, 0x6f, 0x77, 0x3a, 0x20, 0x68, 0x69, 0x64, 0x64, 0x65, 0x6e, 0x3b, 0x0a, 0x7d
  .byte 0x0a, 0x0a, 0x2f, 0x2a, 0x20, 0x4c, 0x65, 0x74, 0x20, 0x74, 0x61, 0x62, 0x6c, 0x65, 0x73, 0x2f
  .byte 0x63, 0x68, 0x61, 0x72, 0x74, 0x73, 0x20, 0x69, 0x6e, 0x73, 0x69, 0x64, 0x65, 0x20, 0x63, 0x68
  .byte 0x61, 0x74, 0x20, 0x73, 0x63, 0x72, 0x6f, 0x6c, 0x6c, 0x20, 0x68, 0x6f, 0x72, 0x69, 0x7a, 0x6f
  .byte 0x6e, 0x74, 0x61, 0x6c, 0x6c, 0x79, 0x20, 0x69, 0x6e, 0x73, 0x74, 0x65, 0x61, 0x64, 0x20, 0x6f
  .byte 0x66, 0x20, 0x63, 0x6c, 0x69, 0x70, 0x70, 0x69, 0x6e, 0x67, 0x20, 0x2a, 0x2f, 0x0a, 0x2e, 0x63
  .byte 0x68, 0x61, 0x74, 0x2d, 0x70, 0x61, 0x6e, 0x65, 0x6c, 0x20, 0x74, 0x61, 0x62, 0x6c, 0x65, 0x2c
  .byte 0x0a, 0x2e, 0x63, 0x68, 0x61, 0x74, 0x2d, 0x70, 0x61, 0x6e, 0x65, 0x6c, 0x20, 0x5b, 0x63, 0x6c
  .byte 0x61, 0x73, 0x73, 0x2a, 0x3d, 0x22, 0x72, 0x65, 0x63, 0x68, 0x61, 0x72, 0x74, 0x73, 0x2d, 0x77
  .byte 0x72, 0x61, 0x70, 0x70, 0x65, 0x72, 0x22, 0x5d, 0x20, 0x7b, 0x0a, 0x20, 0x20, 0x6d, 0x61, 0x78
  .byte 0x2d, 0x77, 0x69, 0x64, 0x74, 0x68, 0x3a, 0x20, 0x31, 0x30, 0x30, 0x25, 0x3b, 0x0a, 0x20, 0x20
  .byte 0x6f, 0x76, 0x65, 0x72, 0x66, 0x6c, 0x6f, 0x77, 0x2d, 0x78, 0x3a, 0x20, 0x61, 0x75, 0x74, 0x6f
  .byte 0x3b, 0x0a, 0x7d, 0x0a, 0x0a, 0x2e, 0x63, 0x68, 0x61, 0x74, 0x2d, 0x70, 0x61, 0x6e, 0x65, 0x6c
  .byte 0x20, 0x5b, 0x64, 0x61, 0x74, 0x61, 0x2d, 0x6f, 0x70, 0x65, 0x6e, 0x75, 0x69, 0x2d, 0x63, 0x6f
  .byte 0x6d, 0x70, 0x6f, 0x6e, 0x65, 0x6e, 0x74, 0x5d, 0x20, 0x7b, 0x0a, 0x20, 0x20, 0x6d, 0x61, 0x78
  .byte 0x2d, 0x77, 0x69, 0x64, 0x74, 0x68, 0x3a, 0x20, 0x31, 0x30, 0x30, 0x25, 0x3b, 0x0a, 0x20, 0x20
  .byte 0x6f, 0x76, 0x65, 0x72, 0x66, 0x6c, 0x6f, 0x77, 0x2d, 0x78, 0x3a, 0x20, 0x61, 0x75, 0x74, 0x6f
  .byte 0x3b, 0x0a, 0x7d, 0x0a, 0x0a, 0x2e, 0x63, 0x68, 0x61, 0x74, 0x2d, 0x63, 0x6c, 0x6f, 0x73, 0x65
  .byte 0x2d, 0x62, 0x74, 0x6e, 0x20, 0x7b, 0x0a, 0x20, 0x20, 0x64, 0x69, 0x73, 0x70, 0x6c, 0x61, 0x79
  .byte 0x3a, 0x20, 0x66, 0x6c, 0x65, 0x78, 0x3b, 0x0a, 0x20, 0x20, 0x61, 0x6c, 0x69, 0x67, 0x6e, 0x2d
  .byte 0x69, 0x74, 0x65, 0x6d, 0x73, 0x3a, 0x20, 0x63, 0x65, 0x6e, 0x74, 0x65, 0x72, 0x3b, 0x0a, 0x20
  .byte 0x20, 0x6a, 0x75, 0x73, 0x74, 0x69, 0x66, 0x79, 0x2d, 0x63, 0x6f, 0x6e, 0x74, 0x65, 0x6e, 0x74
  .byte 0x3a, 0x20, 0x63, 0x65, 0x6e, 0x74, 0x65, 0x72, 0x3b, 0x0a, 0x20, 0x20, 0x77, 0x69, 0x64, 0x74
  .byte 0x68, 0x3a, 0x20, 0x33, 0x32, 0x70, 0x78, 0x3b, 0x0a, 0x20, 0x20, 0x68, 0x65, 0x69, 0x67, 0x68
  .byte 0x74, 0x3a, 0x20, 0x33, 0x32, 0x70, 0x78, 0x3b, 0x0a, 0x20, 0x20, 0x62, 0x6f, 0x72, 0x64, 0x65
  .byte 0x72, 0x2d, 0x72, 0x61, 0x64, 0x69, 0x75, 0x73, 0x3a, 0x20, 0x38, 0x70, 0x78, 0x3b, 0x0a, 0x20
  .byte 0x20, 0x62, 0x6f, 0x72, 0x64, 0x65, 0x72, 0x3a, 0x20, 0x31, 0x70, 0x78, 0x20, 0x73, 0x6f, 0x6c
  .byte 0x69, 0x64, 0x20, 0x72, 0x67, 0x62, 0x61, 0x28, 0x32, 0x35, 0x35, 0x2c, 0x20, 0x32, 0x35, 0x35
  .byte 0x2c, 0x20, 0x32, 0x35, 0x35, 0x2c, 0x20, 0x30, 0x2e, 0x31, 0x29, 0x3b, 0x0a, 0x20, 0x20, 0x62
  .byte 0x61, 0x63, 0x6b, 0x67, 0x72, 0x6f, 0x75, 0x6e, 0x64, 0x3a, 0x20, 0x72, 0x67, 0x62, 0x61, 0x28
  .byte 0x31, 0x30, 0x2c, 0x20, 0x31, 0x30, 0x2c, 0x20, 0x31, 0x30, 0x2c, 0x20, 0x30, 0x2e, 0x38, 0x29
  .byte 0x3b, 0x0a, 0x20, 0x20, 0x63, 0x6f, 0x6c, 0x6f, 0x72, 0x3a, 0x20, 0x23, 0x39, 0x39, 0x39, 0x3b
  .byte 0x0a, 0x20, 0x20, 0x63, 0x75, 0x72, 0x73, 0x6f, 0x72, 0x3a, 0x20, 0x70, 0x6f, 0x69, 0x6e, 0x74
  .byte 0x65, 0x72, 0x3b, 0x0a, 0x20, 0x20, 0x74, 0x72, 0x61, 0x6e, 0x73, 0x69, 0x74, 0x69, 0x6f, 0x6e
  .byte 0x3a, 0x20, 0x62, 0x61, 0x63, 0x6b, 0x67, 0x72, 0x6f, 0x75, 0x6e, 0x64, 0x20, 0x30, 0x2e, 0x31
  .byte 0x35, 0x73, 0x2c, 0x20, 0x63, 0x6f, 0x6c, 0x6f, 0x72, 0x20, 0x30, 0x2e, 0x31, 0x35, 0x73, 0x3b
  .byte 0x0a, 0x7d, 0x0a, 0x0a, 0x2e, 0x63, 0x68, 0x61, 0x74, 0x2d, 0x63, 0x6c, 0x6f, 0x73, 0x65, 0x2d
  .byte 0x62, 0x74, 0x6e, 0x3a, 0x68, 0x6f, 0x76, 0x65, 0x72, 0x20, 0x7b, 0x0a, 0x20, 0x20, 0x62, 0x61
  .byte 0x63, 0x6b, 0x67, 0x72, 0x6f, 0x75, 0x6e, 0x64, 0x3a, 0x20, 0x72, 0x67, 0x62, 0x61, 0x28, 0x32
  .byte 0x35, 0x35, 0x2c, 0x20, 0x32, 0x35, 0x35, 0x2c, 0x20, 0x32, 0x35, 0x35, 0x2c, 0x20, 0x30, 0x2e
  .byte 0x31, 0x29, 0x3b, 0x0a, 0x20, 0x20, 0x63, 0x6f, 0x6c, 0x6f, 0x72, 0x3a, 0x20, 0x23, 0x66, 0x66
  .byte 0x66, 0x3b, 0x0a, 0x7d, 0x0a, 0x0a, 0x2f, 0x2a, 0x20, 0x46, 0x6c, 0x6f, 0x61, 0x74, 0x69, 0x6e
  .byte 0x67, 0x20, 0x61, 0x63, 0x74, 0x69, 0x6f, 0x6e, 0x20, 0x62, 0x75, 0x74, 0x74, 0x6f, 0x6e, 0x20
  .byte 0x74, 0x6f, 0x20, 0x6f, 0x70, 0x65, 0x6e, 0x20, 0x63, 0x68, 0x61, 0x74, 0x20, 0x2a, 0x2f, 0x0a
  .byte 0x2e, 0x63, 0x68, 0x61, 0x74, 0x2d, 0x66, 0x61, 0x62, 0x20, 0x7b, 0x0a, 0x20, 0x20, 0x70, 0x6f
  .byte 0x73, 0x69, 0x74, 0x69, 0x6f, 0x6e, 0x3a, 0x20, 0x66, 0x69, 0x78, 0x65, 0x64, 0x3b, 0x0a, 0x20
  .byte 0x20, 0x62, 0x6f, 0x74, 0x74, 0x6f, 0x6d, 0x3a, 0x20, 0x32, 0x34, 0x70, 0x78, 0x3b, 0x0a, 0x20
  .byte 0x20, 0x72, 0x69, 0x67, 0x68, 0x74, 0x3a, 0x20, 0x32, 0x34, 0x70, 0x78, 0x3b, 0x0a, 0x20, 0x20
  .byte 0x7a, 0x2d, 0x69, 0x6e, 0x64, 0x65, 0x78, 0x3a, 0x20, 0x39, 0x30, 0x3b, 0x0a, 0x20, 0x20, 0x64
  .byte 0x69, 0x73, 0x70, 0x6c, 0x61, 0x79, 0x3a, 0x20, 0x66, 0x6c, 0x65, 0x78, 0x3b, 0x0a, 0x20, 0x20
  .byte 0x61, 0x6c, 0x69, 0x67, 0x6e, 0x2d, 0x69, 0x74, 0x65, 0x6d, 0x73, 0x3a, 0x20, 0x63, 0x65, 0x6e
  .byte 0x74, 0x65, 0x72, 0x3b, 0x0a, 0x20, 0x20, 0x67, 0x61, 0x70, 0x3a, 0x20, 0x38, 0x70, 0x78, 0x3b
  .byte 0x0a, 0x20, 0x20, 0x70, 0x61, 0x64, 0x64, 0x69, 0x6e, 0x67, 0x3a, 0x20, 0x31, 0x32, 0x70, 0x78
  .byte 0x20, 0x32, 0x30, 0x70, 0x78, 0x3b, 0x0a, 0x20, 0x20, 0x62, 0x6f, 0x72, 0x64, 0x65, 0x72, 0x2d
  .byte 0x72, 0x61, 0x64, 0x69, 0x75, 0x73, 0x3a, 0x20, 0x35, 0x30, 0x70, 0x78, 0x3b, 0x0a, 0x20, 0x20
  .byte 0x62, 0x6f, 0x72, 0x64, 0x65, 0x72, 0x3a, 0x20, 0x31, 0x70, 0x78, 0x20, 0x73, 0x6f, 0x6c, 0x69
  .byte 0x64, 0x20, 0x72, 0x67, 0x62, 0x61, 0x28, 0x32, 0x35, 0x35, 0x2c, 0x20, 0x32, 0x35, 0x35, 0x2c
  .byte 0x20, 0x32, 0x35, 0x35, 0x2c, 0x20, 0x30, 0x2e, 0x31, 0x32, 0x29, 0x3b, 0x0a, 0x20, 0x20, 0x62
  .byte 0x61, 0x63, 0x6b, 0x67, 0x72, 0x6f, 0x75, 0x6e, 0x64, 0x3a, 0x20, 0x6c, 0x69, 0x6e, 0x65, 0x61
  .byte 0x72, 0x2d, 0x67, 0x72, 0x61, 0x64, 0x69, 0x65, 0x6e, 0x74, 0x28, 0x31, 0x33, 0x35, 0x64, 0x65
  .byte 0x67, 0x2c, 0x20, 0x23, 0x31, 0x61, 0x31, 0x61, 0x32, 0x65, 0x20, 0x30, 0x25, 0x2c, 0x20, 0x23
  .byte 0x31, 0x36, 0x32, 0x31, 0x33, 0x65, 0x20, 0x31, 0x30, 0x30, 0x25, 0x29, 0x3b, 0x0a, 0x20, 0x20
  .byte 0x63, 0x6f, 0x6c, 0x6f, 0x72, 0x3a, 0x20, 0x23, 0x65, 0x64, 0x65, 0x64, 0x65, 0x64, 0x3b, 0x0a
  .byte 0x20, 0x20, 0x66, 0x6f, 0x6e, 0x74, 0x2d, 0x73, 0x69, 0x7a, 0x65, 0x3a, 0x20, 0x31, 0x34, 0x70
  .byte 0x78, 0x3b, 0x0a, 0x20, 0x20, 0x66, 0x6f, 0x6e, 0x74, 0x2d, 0x77, 0x65, 0x69, 0x67, 0x68, 0x74
  .byte 0x3a, 0x20, 0x35, 0x30, 0x30, 0x3b, 0x0a, 0x20, 0x20, 0x63, 0x75, 0x72, 0x73, 0x6f, 0x72, 0x3a
  .byte 0x20, 0x70, 0x6f, 0x69, 0x6e, 0x74, 0x65, 0x72, 0x3b, 0x0a, 0x20, 0x20, 0x62, 0x6f, 0x78, 0x2d
  .byte 0x73, 0x68, 0x61, 0x64, 0x6f, 0x77, 0x3a, 0x20, 0x30, 0x20, 0x34, 0x70, 0x78, 0x20, 0x32, 0x30
  .byte 0x70, 0x78, 0x20, 0x72, 0x67, 0x62, 0x61, 0x28, 0x30, 0x2c, 0x20, 0x30, 0x2c, 0x20, 0x30, 0x2c
  .byte 0x20, 0x30, 0x2e, 0x34, 0x29, 0x2c, 0x20, 0x30, 0x20, 0x30, 0x20, 0x30, 0x20, 0x31, 0x70, 0x78
  .byte 0x20, 0x72, 0x67, 0x62, 0x61, 0x28, 0x35, 0x39, 0x2c, 0x20, 0x31, 0x33, 0x30, 0x2c, 0x20, 0x32
  .byte 0x34, 0x36, 0x2c, 0x20, 0x30, 0x2e, 0x31, 0x35, 0x29, 0x3b, 0x0a, 0x20, 0x20, 0x74, 0x72, 0x61
  .byte 0x6e, 0x73, 0x69, 0x74, 0x69, 0x6f, 0x6e, 0x3a, 0x20, 0x74, 0x72, 0x61, 0x6e, 0x73, 0x66, 0x6f
  .byte 0x72, 0x6d, 0x20, 0x30, 0x2e, 0x31, 0x35, 0x73, 0x2c, 0x20, 0x62, 0x6f, 0x78, 0x2d, 0x73, 0x68
  .byte 0x61, 0x64, 0x6f, 0x77, 0x20, 0x30, 0x2e, 0x31, 0x35, 0x73, 0x3b, 0x0a, 0x7d, 0x0a, 0x0a, 0x2e
  .byte 0x63, 0x68, 0x61, 0x74, 0x2d, 0x66, 0x61, 0x62, 0x3a, 0x68, 0x6f, 0x76, 0x65, 0x72, 0x20, 0x7b
  .byte 0x0a, 0x20, 0x20, 0x74, 0x72, 0x61, 0x6e, 0x73, 0x66, 0x6f, 0x72, 0x6d, 0x3a, 0x20, 0x74, 0x72
  .byte 0x61, 0x6e, 0x73, 0x6c, 0x61, 0x74, 0x65, 0x59, 0x28, 0x2d, 0x32, 0x70, 0x78, 0x29, 0x3b, 0x0a
  .byte 0x20, 0x20, 0x62, 0x6f, 0x78, 0x2d, 0x73, 0x68, 0x61, 0x64, 0x6f, 0x77, 0x3a, 0x20, 0x30, 0x20
  .byte 0x36, 0x70, 0x78, 0x20, 0x32, 0x38, 0x70, 0x78, 0x20, 0x72, 0x67, 0x62, 0x61, 0x28, 0x30, 0x2c
  .byte 0x20, 0x30, 0x2c, 0x20, 0x30, 0x2c, 0x20, 0x30, 0x2e, 0x35, 0x29, 0x2c, 0x20, 0x30, 0x20, 0x30
  .byte 0x20, 0x30, 0x20, 0x31, 0x70, 0x78, 0x20, 0x72, 0x67, 0x62, 0x61, 0x28, 0x35, 0x39, 0x2c, 0x20
  .byte 0x31, 0x33, 0x30, 0x2c, 0x20, 0x32, 0x34, 0x36, 0x2c, 0x20, 0x30, 0x2e, 0x33, 0x29, 0x3b, 0x0a
  .byte 0x7d, 0x0a, 0x0a, 0x2e, 0x63, 0x68, 0x61, 0x74, 0x2d, 0x66, 0x61, 0x62, 0x5f, 0x5f, 0x6c, 0x61
  .byte 0x62, 0x65, 0x6c, 0x20, 0x7b, 0x0a, 0x20, 0x20, 0x77, 0x68, 0x69, 0x74, 0x65, 0x2d, 0x73, 0x70
  .byte 0x61, 0x63, 0x65, 0x3a, 0x20, 0x6e, 0x6f, 0x77, 0x72, 0x61, 0x70, 0x3b, 0x0a, 0x7d, 0x0a, 0x0a
  .byte 0x40, 0x6d, 0x65, 0x64, 0x69, 0x61, 0x20, 0x28, 0x6d, 0x61, 0x78, 0x2d, 0x77, 0x69, 0x64, 0x74
  .byte 0x68, 0x3a, 0x20, 0x37, 0x36, 0x38, 0x70, 0x78, 0x29, 0x20, 0x7b, 0x0a, 0x20, 0x20, 0x2e, 0x63
  .byte 0x68, 0x61, 0x74, 0x2d, 0x70, 0x61, 0x6e, 0x65, 0x6c, 0x20, 0x7b, 0x0a, 0x20, 0x20, 0x20, 0x20
  .byte 0x77, 0x69, 0x64, 0x74, 0x68, 0x3a, 0x20, 0x31, 0x30, 0x30, 0x76, 0x77, 0x3b, 0x0a, 0x20, 0x20
  .byte 0x7d, 0x0a, 0x20, 0x20, 0x2e, 0x63, 0x68, 0x61, 0x74, 0x2d, 0x66, 0x61, 0x62, 0x5f, 0x5f, 0x6c
  .byte 0x61, 0x62, 0x65, 0x6c, 0x20, 0x7b, 0x0a, 0x20, 0x20, 0x20, 0x20, 0x64, 0x69, 0x73, 0x70, 0x6c
  .byte 0x61, 0x79, 0x3a, 0x20, 0x6e, 0x6f, 0x6e, 0x65, 0x3b, 0x0a, 0x20, 0x20, 0x7d, 0x0a, 0x20, 0x20
  .byte 0x2e, 0x63, 0x68, 0x61, 0x74, 0x2d, 0x66, 0x61, 0x62, 0x20, 0x7b, 0x0a, 0x20, 0x20, 0x20, 0x20
  .byte 0x70, 0x61, 0x64, 0x64, 0x69, 0x6e, 0x67, 0x3a, 0x20, 0x31, 0x34, 0x70, 0x78, 0x3b, 0x0a, 0x20
  .byte 0x20, 0x20, 0x20, 0x62, 0x6f, 0x72, 0x64, 0x65, 0x72, 0x2d, 0x72, 0x61, 0x64, 0x69, 0x75, 0x73
  .byte 0x3a, 0x20, 0x35, 0x30, 0x25, 0x3b, 0x0a, 0x20, 0x20, 0x7d, 0x0a, 0x7d, 0x0a, 0x0a, 0x2f, 0x2a
  .byte 0x20, 0x50, 0x65, 0x72, 0x73, 0x69, 0x73, 0x74, 0x65, 0x6e, 0x74, 0x20, 0x73, 0x70, 0x72, 0x65
  .byte 0x61, 0x64, 0x73, 0x68, 0x65, 0x65, 0x74, 0x20, 0x2a, 0x2f, 0x0a, 0x2e, 0x70, 0x65, 0x72, 0x73
  .byte 0x69, 0x73, 0x74, 0x65, 0x6e, 0x74, 0x2d, 0x73, 0x70, 0x72, 0x65, 0x61, 0x64, 0x73, 0x68, 0x65
  .byte 0x65, 0x74, 0x20, 0x7b, 0x0a, 0x20, 0x20, 0x62, 0x61, 0x63, 0x6b, 0x67, 0x72, 0x6f, 0x75, 0x6e
  .byte 0x64, 0x2d, 0x63, 0x6f, 0x6c, 0x6f, 0x72, 0x3a, 0x20, 0x23, 0x30, 0x66, 0x30, 0x66, 0x30, 0x66
  .byte 0x3b, 0x0a, 0x20, 0x20, 0x64, 0x69, 0x73, 0x70, 0x6c, 0x61, 0x79, 0x3a, 0x20, 0x66, 0x6c, 0x65
  .byte 0x78, 0x3b, 0x0a, 0x20, 0x20, 0x66, 0x6c, 0x65, 0x78, 0x2d, 0x64, 0x69, 0x72, 0x65, 0x63, 0x74
  .byte 0x69, 0x6f, 0x6e, 0x3a, 0x20, 0x63, 0x6f, 0x6c, 0x75, 0x6d, 0x6e, 0x3b, 0x0a, 0x20, 0x20, 0x68
  .byte 0x65, 0x69, 0x67, 0x68, 0x74, 0x3a, 0x20, 0x31, 0x30, 0x30, 0x25, 0x3b, 0x0a, 0x7d, 0x0a, 0x0a
  .byte 0x2e, 0x70, 0x65, 0x72, 0x73, 0x69, 0x73, 0x74, 0x65, 0x6e, 0x74, 0x2d, 0x73, 0x70, 0x72, 0x65
  .byte 0x61, 0x64, 0x73, 0x68, 0x65, 0x65, 0x74, 0x20, 0x3e, 0x20, 0x64, 0x69, 0x76, 0x3a, 0x66, 0x69
  .byte 0x72, 0x73, 0x74, 0x2d, 0x63, 0x68, 0x69, 0x6c, 0x64, 0x20, 0x7b, 0x0a, 0x20, 0x20, 0x66, 0x6c
  .byte 0x65, 0x78, 0x2d, 0x73, 0x68, 0x72, 0x69, 0x6e, 0x6b, 0x3a, 0x20, 0x30, 0x3b, 0x0a, 0x7d, 0x0a
  .byte 0x0a, 0x2e, 0x70, 0x65, 0x72, 0x73, 0x69, 0x73, 0x74, 0x65, 0x6e, 0x74, 0x2d, 0x73, 0x70, 0x72
  .byte 0x65, 0x61, 0x64, 0x73, 0x68, 0x65, 0x65, 0x74, 0x20, 0x3e, 0x20, 0x64, 0x69, 0x76, 0x3a, 0x6e
  .byte 0x74, 0x68, 0x2d, 0x63, 0x68, 0x69, 0x6c, 0x64, 0x28, 0x32, 0x29, 0x20, 0x7b, 0x0a, 0x20, 0x20
  .byte 0x66, 0x6c, 0x65, 0x78, 0x3a, 0x20, 0x31, 0x3b, 0x0a, 0x20, 0x20, 0x6d, 0x69, 0x6e, 0x2d, 0x68
  .byte 0x65, 0x69, 0x67, 0x68, 0x74, 0x3a, 0x20, 0x30, 0x3b, 0x0a, 0x20, 0x20, 0x70, 0x6f, 0x73, 0x69
  .byte 0x74, 0x69, 0x6f, 0x6e, 0x3a, 0x20, 0x72, 0x65, 0x6c, 0x61, 0x74, 0x69, 0x76, 0x65, 0x3b, 0x0a
  .byte 0x7d, 0x0a, 0x0a, 0x2e, 0x70, 0x65, 0x72, 0x73, 0x69, 0x73, 0x74, 0x65, 0x6e, 0x74, 0x2d, 0x73
  .byte 0x70, 0x72, 0x65, 0x61, 0x64, 0x73, 0x68, 0x65, 0x65, 0x74, 0x20, 0x3e, 0x20, 0x64, 0x69, 0x76
  .byte 0x3a, 0x6c, 0x61, 0x73, 0x74, 0x2d, 0x63, 0x68, 0x69, 0x6c, 0x64, 0x20, 0x7b, 0x0a, 0x20, 0x20
  .byte 0x66, 0x6c, 0x65, 0x78, 0x2d, 0x73, 0x68, 0x72, 0x69, 0x6e, 0x6b, 0x3a, 0x20, 0x30, 0x3b, 0x0a
  .byte 0x7d, 0x0a, 0x0a, 0x2e, 0x70, 0x65, 0x72, 0x73, 0x69, 0x73, 0x74, 0x65, 0x6e, 0x74, 0x2d, 0x73
  .byte 0x70, 0x72, 0x65, 0x61, 0x64, 0x73, 0x68, 0x65, 0x65, 0x74, 0x20, 0x2e, 0x68, 0x61, 0x6e, 0x64
  .byte 0x73, 0x6f, 0x6e, 0x74, 0x61, 0x62, 0x6c, 0x65, 0x20, 0x7b, 0x0a, 0x20, 0x20, 0x70, 0x6f, 0x73
  .byte 0x69, 0x74, 0x69, 0x6f, 0x6e, 0x3a, 0x20, 0x72, 0x65, 0x6c, 0x61, 0x74, 0x69, 0x76, 0x65, 0x3b
  .byte 0x0a, 0x20, 0x20, 0x7a, 0x2d, 0x69, 0x6e, 0x64, 0x65, 0x78, 0x3a, 0x20, 0x31, 0x3b, 0x0a, 0x7d
  .byte 0x0a

  .globl openui_full_port_examples_hands_on_table_chat_src_app_globals_css_c41296349edf_pass_4_len
openui_full_port_examples_hands_on_table_chat_src_app_globals_css_c41296349edf_pass_4_len:
  .quad 4209
