# OpenUI mechanical full assembly port
# source: examples/react-email/src/components/emailEditor/messageInput.tsx
# sha256: 5e706de375a1f44306b393af1d8e95956397c5cc916e3110c414cac66617540b
# bytes: 5151
# assembly passes: 4
  .section .rodata
# assembly pass: 1/4
  .globl openui_full_port_examples_react_email_src_components_emailEditor_messageInput_tsx_5e706de375a1
openui_full_port_examples_react_email_src_components_emailEditor_messageInput_tsx_5e706de375a1:
  .byte 0x22, 0x75, 0x73, 0x65, 0x20, 0x63, 0x6c, 0x69, 0x65, 0x6e, 0x74, 0x22, 0x3b, 0x0a, 0x0a, 0x69
  .byte 0x6d, 0x70, 0x6f, 0x72, 0x74, 0x20, 0x7b, 0x20, 0x53, 0x65, 0x6e, 0x64, 0x20, 0x61, 0x73, 0x20
  .byte 0x53, 0x65, 0x6e, 0x64, 0x49, 0x63, 0x6f, 0x6e, 0x20, 0x7d, 0x20, 0x66, 0x72, 0x6f, 0x6d, 0x20
  .byte 0x22, 0x6c, 0x75, 0x63, 0x69, 0x64, 0x65, 0x2d, 0x72, 0x65, 0x61, 0x63, 0x74, 0x22, 0x3b, 0x0a
  .byte 0x0a, 0x69, 0x6e, 0x74, 0x65, 0x72, 0x66, 0x61, 0x63, 0x65, 0x20, 0x4d, 0x65, 0x73, 0x73, 0x61
  .byte 0x67, 0x65, 0x49, 0x6e, 0x70, 0x75, 0x74, 0x50, 0x72, 0x6f, 0x70, 0x73, 0x20, 0x7b, 0x0a, 0x20
  .byte 0x20, 0x69, 0x73, 0x44, 0x61, 0x72, 0x6b, 0x3a, 0x20, 0x62, 0x6f, 0x6f, 0x6c, 0x65, 0x61, 0x6e
  .byte 0x3b, 0x0a, 0x20, 0x20, 0x69, 0x73, 0x4d, 0x6f, 0x62, 0x69, 0x6c, 0x65, 0x3a, 0x20, 0x62, 0x6f
  .byte 0x6f, 0x6c, 0x65, 0x61, 0x6e, 0x3b, 0x0a, 0x20, 0x20, 0x69, 0x73, 0x52, 0x75, 0x6e, 0x6e, 0x69
  .byte 0x6e, 0x67, 0x3a, 0x20, 0x62, 0x6f, 0x6f, 0x6c, 0x65, 0x61, 0x6e, 0x3b, 0x0a, 0x20, 0x20, 0x69
  .byte 0x6e, 0x70, 0x75, 0x74, 0x3a, 0x20, 0x73, 0x74, 0x72, 0x69, 0x6e, 0x67, 0x3b, 0x0a, 0x20, 0x20
  .byte 0x6f, 0x6e, 0x49, 0x6e, 0x70, 0x75, 0x74, 0x43, 0x68, 0x61, 0x6e, 0x67, 0x65, 0x3a, 0x20, 0x28
  .byte 0x76, 0x61, 0x6c, 0x75, 0x65, 0x3a, 0x20, 0x73, 0x74, 0x72, 0x69, 0x6e, 0x67, 0x29, 0x20, 0x3d
  .byte 0x3e, 0x20, 0x76, 0x6f, 0x69, 0x64, 0x3b, 0x0a, 0x20, 0x20, 0x6f, 0x6e, 0x53, 0x75, 0x62, 0x6d
  .byte 0x69, 0x74, 0x3a, 0x20, 0x28, 0x65, 0x3a, 0x20, 0x52, 0x65, 0x61, 0x63, 0x74, 0x2e, 0x46, 0x6f
  .byte 0x72, 0x6d, 0x45, 0x76, 0x65, 0x6e, 0x74, 0x29, 0x20, 0x3d, 0x3e, 0x20, 0x76, 0x6f, 0x69, 0x64
  .byte 0x3b, 0x0a, 0x7d, 0x0a, 0x0a, 0x65, 0x78, 0x70, 0x6f, 0x72, 0x74, 0x20, 0x66, 0x75, 0x6e, 0x63
  .byte 0x74, 0x69, 0x6f, 0x6e, 0x20, 0x4d, 0x65, 0x73, 0x73, 0x61, 0x67, 0x65, 0x49, 0x6e, 0x70, 0x75
  .byte 0x74, 0x28, 0x7b, 0x0a, 0x20, 0x20, 0x69, 0x73, 0x44, 0x61, 0x72, 0x6b, 0x2c, 0x0a, 0x20, 0x20
  .byte 0x69, 0x73, 0x4d, 0x6f, 0x62, 0x69, 0x6c, 0x65, 0x2c, 0x0a, 0x20, 0x20, 0x69, 0x73, 0x52, 0x75
  .byte 0x6e, 0x6e, 0x69, 0x6e, 0x67, 0x2c, 0x0a, 0x20, 0x20, 0x69, 0x6e, 0x70, 0x75, 0x74, 0x2c, 0x0a
  .byte 0x20, 0x20, 0x6f, 0x6e, 0x49, 0x6e, 0x70, 0x75, 0x74, 0x43, 0x68, 0x61, 0x6e, 0x67, 0x65, 0x2c
  .byte 0x0a, 0x20, 0x20, 0x6f, 0x6e, 0x53, 0x75, 0x62, 0x6d, 0x69, 0x74, 0x2c, 0x0a, 0x7d, 0x3a, 0x20
  .byte 0x4d, 0x65, 0x73, 0x73, 0x61, 0x67, 0x65, 0x49, 0x6e, 0x70, 0x75, 0x74, 0x50, 0x72, 0x6f, 0x70
  .byte 0x73, 0x29, 0x20, 0x7b, 0x0a, 0x20, 0x20, 0x63, 0x6f, 0x6e, 0x73, 0x74, 0x20, 0x68, 0x61, 0x6e
  .byte 0x64, 0x6c, 0x65, 0x4b, 0x65, 0x79, 0x44, 0x6f, 0x77, 0x6e, 0x20, 0x3d, 0x20, 0x28, 0x65, 0x3a
  .byte 0x20, 0x52, 0x65, 0x61, 0x63, 0x74, 0x2e, 0x4b, 0x65, 0x79, 0x62, 0x6f, 0x61, 0x72, 0x64, 0x45
  .byte 0x76, 0x65, 0x6e, 0x74, 0x3c, 0x48, 0x54, 0x4d, 0x4c, 0x54, 0x65, 0x78, 0x74, 0x41, 0x72, 0x65
  .byte 0x61, 0x45, 0x6c, 0x65, 0x6d, 0x65, 0x6e, 0x74, 0x3e, 0x29, 0x20, 0x3d, 0x3e, 0x20, 0x7b, 0x0a
  .byte 0x20, 0x20, 0x20, 0x20, 0x69, 0x66, 0x20, 0x28, 0x65, 0x2e, 0x6b, 0x65, 0x79, 0x20, 0x3d, 0x3d
  .byte 0x3d, 0x20, 0x22, 0x45, 0x6e, 0x74, 0x65, 0x72, 0x22, 0x20, 0x26, 0x26, 0x20, 0x21, 0x65, 0x2e
  .byte 0x73, 0x68, 0x69, 0x66, 0x74, 0x4b, 0x65, 0x79, 0x29, 0x20, 0x7b, 0x0a, 0x20, 0x20, 0x20, 0x20
  .byte 0x20, 0x20, 0x65, 0x2e, 0x70, 0x72, 0x65, 0x76, 0x65, 0x6e, 0x74, 0x44, 0x65, 0x66, 0x61, 0x75
  .byte 0x6c, 0x74, 0x28, 0x29, 0x3b, 0x0a, 0x20, 0x20, 0x20, 0x20, 0x20, 0x20, 0x6f, 0x6e, 0x53, 0x75
  .byte 0x62, 0x6d, 0x69, 0x74, 0x28, 0x65, 0x29, 0x3b, 0x0a, 0x20, 0x20, 0x20, 0x20, 0x7d, 0x0a, 0x20
  .byte 0x20, 0x7d, 0x3b, 0x0a, 0x0a, 0x20, 0x20, 0x63, 0x6f, 0x6e, 0x73, 0x74, 0x20, 0x68, 0x61, 0x73
  .byte 0x49, 0x6e, 0x70, 0x75, 0x74, 0x20, 0x3d, 0x20, 0x69, 0x6e, 0x70, 0x75, 0x74, 0x2e, 0x74, 0x72
  .byte 0x69, 0x6d, 0x28, 0x29, 0x2e, 0x6c, 0x65, 0x6e, 0x67, 0x74, 0x68, 0x20, 0x3e, 0x20, 0x30, 0x3b
  .byte 0x0a, 0x0a, 0x20, 0x20, 0x72, 0x65, 0x74, 0x75, 0x72, 0x6e, 0x20, 0x28, 0x0a, 0x20, 0x20, 0x20
  .byte 0x20, 0x3c, 0x64, 0x69, 0x76, 0x0a, 0x20, 0x20, 0x20, 0x20, 0x20, 0x20, 0x73, 0x74, 0x79, 0x6c
  .byte 0x65, 0x3d, 0x7b, 0x7b, 0x0a, 0x20, 0x20, 0x20, 0x20, 0x20, 0x20, 0x20, 0x20, 0x66, 0x6c, 0x65
  .byte 0x78, 0x53, 0x68, 0x72, 0x69, 0x6e, 0x6b, 0x3a, 0x20, 0x30, 0x2c, 0x0a, 0x20, 0x20, 0x20, 0x20
  .byte 0x20, 0x20, 0x20, 0x20, 0x70, 0x61, 0x64, 0x64, 0x69, 0x6e, 0x67, 0x3a, 0x20, 0x69, 0x73, 0x4d
  .byte 0x6f, 0x62, 0x69, 0x6c, 0x65, 0x20, 0x3f, 0x20, 0x22, 0x38, 0x70, 0x78, 0x20, 0x31, 0x32, 0x70
  .byte 0x78, 0x22, 0x20, 0x3a, 0x20, 0x22, 0x31, 0x36, 0x70, 0x78, 0x20, 0x32, 0x34, 0x70, 0x78, 0x22
  .byte 0x2c, 0x0a, 0x20, 0x20, 0x20, 0x20, 0x20, 0x20, 0x20, 0x20, 0x62, 0x61, 0x63, 0x6b, 0x67, 0x72
  .byte 0x6f, 0x75, 0x6e, 0x64, 0x43, 0x6f, 0x6c, 0x6f, 0x72, 0x3a, 0x20, 0x69, 0x73, 0x44, 0x61, 0x72
  .byte 0x6b, 0x20, 0x3f, 0x20, 0x22, 0x23, 0x30, 0x61, 0x30, 0x61, 0x30, 0x61, 0x22, 0x20, 0x3a, 0x20
  .byte 0x22, 0x23, 0x66, 0x66, 0x66, 0x66, 0x66, 0x66, 0x22, 0x2c, 0x0a, 0x20, 0x20, 0x20, 0x20, 0x20
  .byte 0x20, 0x20, 0x20, 0x62, 0x6f, 0x72, 0x64, 0x65, 0x72, 0x54, 0x6f, 0x70, 0x3a, 0x20, 0x60, 0x31
  .byte 0x70, 0x78, 0x20, 0x73, 0x6f, 0x6c, 0x69, 0x64, 0x20, 0x24, 0x7b, 0x69, 0x73, 0x44, 0x61, 0x72
  .byte 0x6b, 0x20, 0x3f, 0x20, 0x22, 0x23, 0x31, 0x61, 0x31, 0x61, 0x31, 0x61, 0x22, 0x20, 0x3a, 0x20
  .byte 0x22, 0x23, 0x65, 0x35, 0x65, 0x37, 0x65, 0x62, 0x22, 0x7d, 0x60, 0x2c, 0x0a, 0x20, 0x20, 0x20
  .byte 0x20, 0x20, 0x20, 0x7d, 0x7d, 0x0a, 0x20, 0x20, 0x20, 0x20, 0x3e, 0x0a, 0x20, 0x20, 0x20, 0x20
  .byte 0x20, 0x20, 0x3c, 0x66, 0x6f, 0x72, 0x6d, 0x20, 0x6f, 0x6e, 0x53, 0x75, 0x62, 0x6d, 0x69, 0x74
  .byte 0x3d, 0x7b, 0x6f, 0x6e, 0x53, 0x75, 0x62, 0x6d, 0x69, 0x74, 0x7d, 0x20, 0x73, 0x74, 0x79, 0x6c
  .byte 0x65, 0x3d, 0x7b, 0x7b, 0x20, 0x6d, 0x61, 0x72, 0x67, 0x69, 0x6e, 0x3a, 0x20, 0x22, 0x30, 0x20
  .byte 0x61, 0x75, 0x74, 0x6f, 0x22, 0x2c, 0x20, 0x6d, 0x61, 0x78, 0x57, 0x69, 0x64, 0x74, 0x68, 0x3a
  .byte 0x20, 0x69, 0x73, 0x4d, 0x6f, 0x62, 0x69, 0x6c, 0x65, 0x20, 0x3f, 0x20, 0x22, 0x31, 0x30, 0x30
  .byte 0x25, 0x22, 0x20, 0x3a, 0x20, 0x22, 0x38, 0x30, 0x30, 0x70, 0x78, 0x22, 0x20, 0x7d, 0x7d, 0x3e
  .byte 0x0a, 0x20, 0x20, 0x20, 0x20, 0x20, 0x20, 0x20, 0x20, 0x3c, 0x64, 0x69, 0x76, 0x0a, 0x20, 0x20
  .byte 0x20, 0x20, 0x20, 0x20, 0x20, 0x20, 0x20, 0x20, 0x73, 0x74, 0x79, 0x6c, 0x65, 0x3d, 0x7b, 0x7b
  .byte 0x0a, 0x20, 0x20, 0x20, 0x20, 0x20, 0x20, 0x20, 0x20, 0x20, 0x20, 0x20, 0x20, 0x62, 0x6f, 0x72
  .byte 0x64, 0x65, 0x72, 0x52, 0x61, 0x64, 0x69, 0x75, 0x73, 0x3a, 0x20, 0x69, 0x73, 0x4d, 0x6f, 0x62
  .byte 0x69, 0x6c, 0x65, 0x20, 0x3f, 0x20, 0x22, 0x31, 0x30, 0x70, 0x78, 0x22, 0x20, 0x3a, 0x20, 0x22
  .byte 0x31, 0x34, 0x70, 0x78, 0x22, 0x2c, 0x0a, 0x20, 0x20, 0x20, 0x20, 0x20, 0x20, 0x20, 0x20, 0x20
  .byte 0x20, 0x20, 0x20, 0x62, 0x6f, 0x72, 0x64, 0x65, 0x72, 0x3a, 0x20, 0x60, 0x31, 0x70, 0x78, 0x20
  .byte 0x73, 0x6f, 0x6c, 0x69, 0x64, 0x20, 0x24, 0x7b, 0x69, 0x73, 0x44, 0x61, 0x72, 0x6b, 0x20, 0x3f
  .byte 0x20, 0x22, 0x23, 0x31, 0x66, 0x31, 0x66, 0x31, 0x66, 0x22, 0x20, 0x3a, 0x20, 0x22, 0x23, 0x65
  .byte 0x35, 0x65, 0x37, 0x65, 0x62, 0x22, 0x7d, 0x60, 0x2c, 0x0a, 0x20, 0x20, 0x20, 0x20, 0x20, 0x20
  .byte 0x20, 0x20, 0x20, 0x20, 0x20, 0x20, 0x62, 0x61, 0x63, 0x6b, 0x67, 0x72, 0x6f, 0x75, 0x6e, 0x64
  .byte 0x43, 0x6f, 0x6c, 0x6f, 0x72, 0x3a, 0x20, 0x69, 0x73, 0x44, 0x61, 0x72, 0x6b, 0x20, 0x3f, 0x20
  .byte 0x22, 0x23, 0x31, 0x31, 0x31, 0x31, 0x31, 0x31, 0x22, 0x20, 0x3a, 0x20, 0x22, 0x23, 0x66, 0x39
  .byte 0x66, 0x61, 0x66, 0x62, 0x22, 0x2c, 0x0a, 0x20, 0x20, 0x20, 0x20, 0x20, 0x20, 0x20, 0x20, 0x20
  .byte 0x20, 0x20, 0x20, 0x6f, 0x76, 0x65, 0x72, 0x66, 0x6c, 0x6f, 0x77, 0x3a, 0x20, 0x22, 0x68, 0x69
  .byte 0x64, 0x64, 0x65, 0x6e, 0x22, 0x2c, 0x0a, 0x20, 0x20, 0x20, 0x20, 0x20, 0x20, 0x20, 0x20, 0x20
  .byte 0x20, 0x20, 0x20, 0x74, 0x72, 0x61, 0x6e, 0x73, 0x69, 0x74, 0x69, 0x6f, 0x6e, 0x3a, 0x20, 0x22
  .byte 0x62, 0x6f, 0x72, 0x64, 0x65, 0x72, 0x2d, 0x63, 0x6f, 0x6c, 0x6f, 0x72, 0x20, 0x30, 0x2e, 0x32
  .byte 0x73, 0x2c, 0x20, 0x62, 0x6f, 0x78, 0x2d, 0x73, 0x68, 0x61, 0x64, 0x6f, 0x77, 0x20, 0x30, 0x2e
  .byte 0x32, 0x73, 0x22, 0x2c, 0x0a, 0x20, 0x20, 0x20, 0x20, 0x20, 0x20, 0x20, 0x20, 0x20, 0x20, 0x20
  .byte 0x20, 0x6f, 0x70, 0x61, 0x63, 0x69, 0x74, 0x79, 0x3a, 0x20, 0x69, 0x73, 0x52, 0x75, 0x6e, 0x6e
  .byte 0x69, 0x6e, 0x67, 0x20, 0x3f, 0x20, 0x30, 0x2e, 0x35, 0x20, 0x3a, 0x20, 0x31, 0x2c, 0x0a, 0x20
  .byte 0x20, 0x20, 0x20, 0x20, 0x20, 0x20, 0x20, 0x20, 0x20, 0x20, 0x20, 0x64, 0x69, 0x73, 0x70, 0x6c
  .byte 0x61, 0x79, 0x3a, 0x20, 0x69, 0x73, 0x4d, 0x6f, 0x62, 0x69, 0x6c, 0x65, 0x20, 0x3f, 0x20, 0x22
  .byte 0x66, 0x6c, 0x65, 0x78, 0x22, 0x20, 0x3a, 0x20, 0x75, 0x6e, 0x64, 0x65, 0x66, 0x69, 0x6e, 0x65
  .byte 0x64, 0x2c, 0x0a, 0x20, 0x20, 0x20, 0x20, 0x20, 0x20, 0x20, 0x20, 0x20, 0x20, 0x20, 0x20, 0x61
  .byte 0x6c, 0x69, 0x67, 0x6e, 0x49, 0x74, 0x65, 0x6d, 0x73, 0x3a, 0x20, 0x69, 0x73, 0x4d, 0x6f, 0x62
  .byte 0x69, 0x6c, 0x65, 0x20, 0x3f, 0x20, 0x22, 0x63, 0x65, 0x6e, 0x74, 0x65, 0x72, 0x22, 0x20, 0x3a
  .byte 0x20, 0x75, 0x6e, 0x64, 0x65, 0x66, 0x69, 0x6e, 0x65, 0x64, 0x2c, 0x0a, 0x20, 0x20, 0x20, 0x20
  .byte 0x20, 0x20, 0x20, 0x20, 0x20, 0x20, 0x7d, 0x7d, 0x0a, 0x20, 0x20, 0x20, 0x20, 0x20, 0x20, 0x20
  .byte 0x20, 0x3e, 0x0a, 0x20, 0x20, 0x20, 0x20, 0x20, 0x20, 0x20, 0x20, 0x20, 0x20, 0x7b, 0x69, 0x73
  .byte 0x4d, 0x6f, 0x62, 0x69, 0x6c, 0x65, 0x20, 0x3f, 0x20, 0x28, 0x0a, 0x20, 0x20, 0x20, 0x20, 0x20
  .byte 0x20, 0x20, 0x20, 0x20, 0x20, 0x20, 0x20, 0x3c, 0x69, 0x6e, 0x70, 0x75, 0x74, 0x0a, 0x20, 0x20
  .byte 0x20, 0x20, 0x20, 0x20, 0x20, 0x20, 0x20, 0x20, 0x20, 0x20, 0x20, 0x20, 0x76, 0x61, 0x6c, 0x75
  .byte 0x65, 0x3d, 0x7b, 0x69, 0x6e, 0x70, 0x75, 0x74, 0x7d, 0x0a, 0x20, 0x20, 0x20, 0x20, 0x20, 0x20
  .byte 0x20, 0x20, 0x20, 0x20, 0x20, 0x20, 0x20, 0x20, 0x6f, 0x6e, 0x43, 0x68, 0x61, 0x6e, 0x67, 0x65
  .byte 0x3d, 0x7b, 0x28, 0x65, 0x29, 0x20, 0x3d, 0x3e, 0x20, 0x6f, 0x6e, 0x49, 0x6e, 0x70, 0x75, 0x74
  .byte 0x43, 0x68, 0x61, 0x6e, 0x67, 0x65, 0x28, 0x65, 0x2e, 0x74, 0x61, 0x72, 0x67, 0x65, 0x74, 0x2e
  .byte 0x76, 0x61, 0x6c, 0x75, 0x65, 0x29, 0x7d, 0x0a, 0x20, 0x20, 0x20, 0x20, 0x20, 0x20, 0x20, 0x20
  .byte 0x20, 0x20, 0x20, 0x20, 0x20, 0x20, 0x70, 0x6c, 0x61, 0x63, 0x65, 0x68, 0x6f, 0x6c, 0x64, 0x65
  .byte 0x72, 0x3d, 0x22, 0x41, 0x73, 0x6b, 0x20, 0x66, 0x6f, 0x72, 0x20, 0x63, 0x68, 0x61, 0x6e, 0x67
  .byte 0x65, 0x73, 0x2e, 0x2e, 0x2e, 0x22, 0x0a, 0x20, 0x20, 0x20, 0x20, 0x20, 0x20, 0x20, 0x20, 0x20
  .byte 0x20, 0x20, 0x20, 0x20, 0x20, 0x64, 0x69, 0x73, 0x61, 0x62, 0x6c, 0x65, 0x64, 0x3d, 0x7b, 0x69
  .byte 0x73, 0x52, 0x75, 0x6e, 0x6e, 0x69, 0x6e, 0x67, 0x7d, 0x0a, 0x20, 0x20, 0x20, 0x20, 0x20, 0x20
  .byte 0x20, 0x20, 0x20, 0x20, 0x20, 0x20, 0x20, 0x20, 0x73, 0x74, 0x79, 0x6c, 0x65, 0x3d, 0x7b, 0x7b
  .byte 0x0a, 0x20, 0x20, 0x20, 0x20, 0x20, 0x20, 0x20, 0x20, 0x20, 0x20, 0x20, 0x20, 0x20, 0x20, 0x20
  .byte 0x20, 0x66, 0x6c, 0x65, 0x78, 0x3a, 0x20, 0x31, 0x2c, 0x0a, 0x20, 0x20, 0x20, 0x20, 0x20, 0x20
  .byte 0x20, 0x20, 0x20, 0x20, 0x20, 0x20, 0x20, 0x20, 0x20, 0x20, 0x70, 0x61, 0x64, 0x64, 0x69, 0x6e
  .byte 0x67, 0x3a, 0x20, 0x22, 0x31, 0x32, 0x70, 0x78, 0x20, 0x31, 0x34, 0x70, 0x78, 0x22, 0x2c, 0x0a
  .byte 0x20, 0x20, 0x20, 0x20, 0x20, 0x20, 0x20, 0x20, 0x20, 0x20, 0x20, 0x20, 0x20, 0x20, 0x20, 0x20
  .byte 0x66, 0x6f, 0x6e, 0x74, 0x53, 0x69, 0x7a, 0x65, 0x3a, 0x20, 0x22, 0x31, 0x34, 0x70, 0x78, 0x22
  .byte 0x2c, 0x0a, 0x20, 0x20, 0x20, 0x20, 0x20, 0x20, 0x20, 0x20, 0x20, 0x20, 0x20, 0x20, 0x20, 0x20
  .byte 0x20, 0x20, 0x62, 0x6f, 0x72, 0x64, 0x65, 0x72, 0x3a, 0x20, 0x22, 0x6e, 0x6f, 0x6e, 0x65, 0x22
  .byte 0x2c, 0x0a, 0x20, 0x20, 0x20, 0x20, 0x20, 0x20, 0x20, 0x20, 0x20, 0x20, 0x20, 0x20, 0x20, 0x20
  .byte 0x20, 0x20, 0x62, 0x61, 0x63, 0x6b, 0x67, 0x72, 0x6f, 0x75, 0x6e, 0x64, 0x43, 0x6f, 0x6c, 0x6f
  .byte 0x72, 0x3a, 0x20, 0x22, 0x74, 0x72, 0x61, 0x6e, 0x73, 0x70, 0x61, 0x72, 0x65, 0x6e, 0x74, 0x22
  .byte 0x2c, 0x0a, 0x20, 0x20, 0x20, 0x20, 0x20, 0x20, 0x20, 0x20, 0x20, 0x20, 0x20, 0x20, 0x20, 0x20
  .byte 0x20, 0x20, 0x63, 0x6f, 0x6c, 0x6f, 0x72, 0x3a, 0x20, 0x69, 0x73, 0x44, 0x61, 0x72, 0x6b, 0x20
  .byte 0x3f, 0x20, 0x22, 0x23, 0x66, 0x35, 0x66, 0x35, 0x66, 0x35, 0x22, 0x20, 0x3a, 0x20, 0x22, 0x23
  .byte 0x31, 0x31, 0x31, 0x38, 0x32, 0x37, 0x22, 0x2c, 0x0a, 0x20, 0x20, 0x20, 0x20, 0x20, 0x20, 0x20
  .byte 0x20, 0x20, 0x20, 0x20, 0x20, 0x20, 0x20, 0x20, 0x20, 0x6f, 0x75, 0x74, 0x6c, 0x69, 0x6e, 0x65
  .byte 0x3a, 0x20, 0x22, 0x6e, 0x6f, 0x6e, 0x65, 0x22, 0x2c, 0x0a, 0x20, 0x20, 0x20, 0x20, 0x20, 0x20
  .byte 0x20, 0x20, 0x20, 0x20, 0x20, 0x20, 0x20, 0x20, 0x20, 0x20, 0x62, 0x6f, 0x78, 0x53, 0x69, 0x7a
  .byte 0x69, 0x6e, 0x67, 0x3a, 0x20, 0x22, 0x62, 0x6f, 0x72, 0x64, 0x65, 0x72, 0x2d, 0x62, 0x6f, 0x78
  .byte 0x22, 0x2c, 0x0a, 0x20, 0x20, 0x20, 0x20, 0x20, 0x20, 0x20, 0x20, 0x20, 0x20, 0x20, 0x20, 0x20
  .byte 0x20, 0x20, 0x20, 0x66, 0x6f, 0x6e, 0x74, 0x46, 0x61, 0x6d, 0x69, 0x6c, 0x79, 0x3a, 0x20, 0x22
  .byte 0x69, 0x6e, 0x68, 0x65, 0x72, 0x69, 0x74, 0x22, 0x2c, 0x0a, 0x20, 0x20, 0x20, 0x20, 0x20, 0x20
  .byte 0x20, 0x20, 0x20, 0x20, 0x20, 0x20, 0x20, 0x20, 0x7d, 0x7d, 0x0a, 0x20, 0x20, 0x20, 0x20, 0x20
  .byte 0x20, 0x20, 0x20, 0x20, 0x20, 0x20, 0x20, 0x20, 0x20, 0x6f, 0x6e, 0x46, 0x6f, 0x63, 0x75, 0x73
  .byte 0x3d, 0x7b, 0x28, 0x65, 0x29, 0x20, 0x3d, 0x3e, 0x20, 0x7b, 0x0a, 0x20, 0x20, 0x20, 0x20, 0x20
  .byte 0x20, 0x20, 0x20, 0x20, 0x20, 0x20, 0x20, 0x20, 0x20, 0x20, 0x20, 0x69, 0x66, 0x20, 0x28, 0x21
  .byte 0x69, 0x73, 0x52, 0x75, 0x6e, 0x6e, 0x69, 0x6e, 0x67, 0x29, 0x20, 0x7b, 0x0a, 0x20, 0x20, 0x20
  .byte 0x20, 0x20, 0x20, 0x20, 0x20, 0x20, 0x20, 0x20, 0x20, 0x20, 0x20, 0x20, 0x20, 0x20, 0x20, 0x63
  .byte 0x6f, 0x6e, 0x73, 0x74, 0x20, 0x63, 0x6f, 0x6e, 0x74, 0x61, 0x69, 0x6e, 0x65, 0x72, 0x20, 0x3d
  .byte 0x20, 0x65, 0x2e, 0x63, 0x75, 0x72, 0x72, 0x65, 0x6e, 0x74, 0x54, 0x61, 0x72, 0x67, 0x65, 0x74
  .byte 0x2e, 0x70, 0x61, 0x72, 0x65, 0x6e, 0x74, 0x45, 0x6c, 0x65, 0x6d, 0x65, 0x6e, 0x74, 0x3b, 0x0a
  .byte 0x20, 0x20, 0x20, 0x20, 0x20, 0x20, 0x20, 0x20, 0x20, 0x20, 0x20, 0x20, 0x20, 0x20, 0x20, 0x20
  .byte 0x20, 0x20, 0x69, 0x66, 0x20, 0x28, 0x63, 0x6f, 0x6e, 0x74, 0x61, 0x69, 0x6e, 0x65, 0x72, 0x29
  .byte 0x20, 0x63, 0x6f, 0x6e, 0x74, 0x61, 0x69, 0x6e, 0x65, 0x72, 0x2e, 0x73, 0x74, 0x79, 0x6c, 0x65
  .byte 0x2e, 0x62, 0x6f, 0x72, 0x64, 0x65, 0x72, 0x43, 0x6f, 0x6c, 0x6f, 0x72, 0x20, 0x3d, 0x20, 0x22
  .byte 0x23, 0x35, 0x46, 0x35, 0x31, 0x45, 0x38, 0x22, 0x3b, 0x0a, 0x20, 0x20, 0x20, 0x20, 0x20, 0x20
  .byte 0x20, 0x20, 0x20, 0x20, 0x20, 0x20, 0x20, 0x20, 0x20, 0x20, 0x7d, 0x0a, 0x20, 0x20, 0x20, 0x20
  .byte 0x20, 0x20, 0x20, 0x20, 0x20, 0x20, 0x20, 0x20, 0x20, 0x20, 0x7d, 0x7d, 0x0a, 0x20, 0x20, 0x20
  .byte 0x20, 0x20, 0x20, 0x20, 0x20, 0x20, 0x20, 0x20, 0x20, 0x20, 0x20, 0x6f, 0x6e, 0x42, 0x6c, 0x75
  .byte 0x72, 0x3d, 0x7b, 0x28, 0x65, 0x29, 0x20, 0x3d, 0x3e, 0x20, 0x7b, 0x0a, 0x20, 0x20, 0x20, 0x20
  .byte 0x20, 0x20, 0x20, 0x20, 0x20, 0x20, 0x20, 0x20, 0x20, 0x20, 0x20, 0x20, 0x63, 0x6f, 0x6e, 0x73
  .byte 0x74, 0x20, 0x63, 0x6f, 0x6e, 0x74, 0x61, 0x69, 0x6e, 0x65, 0x72, 0x20, 0x3d, 0x20, 0x65, 0x2e
  .byte 0x63, 0x75, 0x72, 0x72, 0x65, 0x6e, 0x74, 0x54, 0x61, 0x72, 0x67, 0x65, 0x74, 0x2e, 0x70, 0x61
  .byte 0x72, 0x65, 0x6e, 0x74, 0x45, 0x6c, 0x65, 0x6d, 0x65, 0x6e, 0x74, 0x3b, 0x0a, 0x20, 0x20, 0x20
  .byte 0x20, 0x20, 0x20, 0x20, 0x20, 0x20, 0x20, 0x20, 0x20, 0x20, 0x20, 0x20, 0x20, 0x69, 0x66, 0x20
  .byte 0x28, 0x63, 0x6f, 0x6e, 0x74, 0x61, 0x69, 0x6e, 0x65, 0x72, 0x29, 0x20, 0x63, 0x6f, 0x6e, 0x74
  .byte 0x61, 0x69, 0x6e, 0x65, 0x72, 0x2e, 0x73, 0x74, 0x79, 0x6c, 0x65, 0x2e, 0x62, 0x6f, 0x72, 0x64
  .byte 0x65, 0x72, 0x43, 0x6f, 0x6c, 0x6f, 0x72, 0x20, 0x3d, 0x20, 0x69, 0x73, 0x44, 0x61, 0x72, 0x6b
  .byte 0x20, 0x3f, 0x20, 0x22, 0x23, 0x31, 0x66, 0x31, 0x66, 0x31, 0x66, 0x22, 0x20, 0x3a, 0x20, 0x22
  .byte 0x23, 0x65, 0x35, 0x65, 0x37, 0x65, 0x62, 0x22, 0x3b, 0x0a, 0x20, 0x20, 0x20, 0x20, 0x20, 0x20
  .byte 0x20, 0x20, 0x20, 0x20, 0x20, 0x20, 0x20, 0x20, 0x7d, 0x7d, 0x0a, 0x20, 0x20, 0x20, 0x20, 0x20
  .byte 0x20, 0x20, 0x20, 0x20, 0x20, 0x20, 0x20, 0x2f, 0x3e, 0x0a, 0x20, 0x20, 0x20, 0x20, 0x20, 0x20
  .byte 0x20, 0x20, 0x20, 0x20, 0x29, 0x20, 0x3a, 0x20, 0x28, 0x0a, 0x20, 0x20, 0x20, 0x20, 0x20, 0x20
  .byte 0x20, 0x20, 0x20, 0x20, 0x20, 0x20, 0x3c, 0x74, 0x65, 0x78, 0x74, 0x61, 0x72, 0x65, 0x61, 0x0a
  .byte 0x20, 0x20, 0x20, 0x20, 0x20, 0x20, 0x20, 0x20, 0x20, 0x20, 0x20, 0x20, 0x20, 0x20, 0x76, 0x61
  .byte 0x6c, 0x75, 0x65, 0x3d, 0x7b, 0x69, 0x6e, 0x70, 0x75, 0x74, 0x7d, 0x0a, 0x20, 0x20, 0x20, 0x20
  .byte 0x20, 0x20, 0x20, 0x20, 0x20, 0x20, 0x20, 0x20, 0x20, 0x20, 0x6f, 0x6e, 0x43, 0x68, 0x61, 0x6e
  .byte 0x67, 0x65, 0x3d, 0x7b, 0x28, 0x65, 0x29, 0x20, 0x3d, 0x3e, 0x20, 0x6f, 0x6e, 0x49, 0x6e, 0x70
  .byte 0x75, 0x74, 0x43, 0x68, 0x61, 0x6e, 0x67, 0x65, 0x28, 0x65, 0x2e, 0x74, 0x61, 0x72, 0x67, 0x65
  .byte 0x74, 0x2e, 0x76, 0x61, 0x6c, 0x75, 0x65, 0x29, 0x7d, 0x0a, 0x20, 0x20, 0x20, 0x20, 0x20, 0x20
  .byte 0x20, 0x20, 0x20, 0x20, 0x20, 0x20, 0x20, 0x20, 0x6f, 0x6e, 0x4b, 0x65, 0x79, 0x44, 0x6f, 0x77
  .byte 0x6e, 0x3d, 0x7b, 0x68, 0x61, 0x6e, 0x64, 0x6c, 0x65, 0x4b, 0x65, 0x79, 0x44, 0x6f, 0x77, 0x6e
  .byte 0x7d, 0x0a, 0x20, 0x20, 0x20, 0x20, 0x20, 0x20, 0x20, 0x20, 0x20, 0x20, 0x20, 0x20, 0x20, 0x20
  .byte 0x70, 0x6c, 0x61, 0x63, 0x65, 0x68, 0x6f, 0x6c, 0x64, 0x65, 0x72, 0x3d, 0x22, 0x44, 0x65, 0x73
  .byte 0x63, 0x72, 0x69, 0x62, 0x65, 0x20, 0x77, 0x68, 0x61, 0x74, 0x20, 0x79, 0x6f, 0x75, 0x27, 0x64
  .byte 0x20, 0x6c, 0x69, 0x6b, 0x65, 0x20, 0x74, 0x6f, 0x20, 0x63, 0x68, 0x61, 0x6e, 0x67, 0x65, 0x2e
  .byte 0x2e, 0x2e, 0x22, 0x0a, 0x20, 0x20, 0x20, 0x20, 0x20, 0x20, 0x20, 0x20, 0x20, 0x20, 0x20, 0x20
  .byte 0x20, 0x20, 0x64, 0x69, 0x73, 0x61, 0x62, 0x6c, 0x65, 0x64, 0x3d, 0x7b, 0x69, 0x73, 0x52, 0x75
  .byte 0x6e, 0x6e, 0x69, 0x6e, 0x67, 0x7d, 0x0a, 0x20, 0x20, 0x20, 0x20, 0x20, 0x20, 0x20, 0x20, 0x20
  .byte 0x20, 0x20, 0x20, 0x20, 0x20, 0x72, 0x6f, 0x77, 0x73, 0x3d, 0x7b, 0x33, 0x7d, 0x0a, 0x20, 0x20
  .byte 0x20, 0x20, 0x20, 0x20, 0x20, 0x20, 0x20, 0x20, 0x20, 0x20, 0x20, 0x20, 0x73, 0x74, 0x79, 0x6c
  .byte 0x65, 0x3d, 0x7b, 0x7b, 0x0a, 0x20, 0x20, 0x20, 0x20, 0x20, 0x20, 0x20, 0x20, 0x20, 0x20, 0x20
  .byte 0x20, 0x20, 0x20, 0x20, 0x20, 0x77, 0x69, 0x64, 0x74, 0x68, 0x3a, 0x20, 0x22, 0x31, 0x30, 0x30
  .byte 0x25, 0x22, 0x2c, 0x0a, 0x20, 0x20, 0x20, 0x20, 0x20, 0x20, 0x20, 0x20, 0x20, 0x20, 0x20, 0x20
  .byte 0x20, 0x20, 0x20, 0x20, 0x70, 0x61, 0x64, 0x64, 0x69, 0x6e, 0x67, 0x3a, 0x20, 0x22, 0x31, 0x36
  .byte 0x70, 0x78, 0x20, 0x31, 0x36, 0x70, 0x78, 0x20, 0x34, 0x30, 0x70, 0x78, 0x20, 0x31, 0x36, 0x70
  .byte 0x78, 0x22, 0x2c, 0x0a, 0x20, 0x20, 0x20, 0x20, 0x20, 0x20, 0x20, 0x20, 0x20, 0x20, 0x20, 0x20
  .byte 0x20, 0x20, 0x20, 0x20, 0x66, 0x6f, 0x6e, 0x74, 0x53, 0x69, 0x7a, 0x65, 0x3a, 0x20, 0x22, 0x31
  .byte 0x34, 0x70, 0x78, 0x22, 0x2c, 0x0a, 0x20, 0x20, 0x20, 0x20, 0x20, 0x20, 0x20, 0x20, 0x20, 0x20
  .byte 0x20, 0x20, 0x20, 0x20, 0x20, 0x20, 0x6c, 0x69, 0x6e, 0x65, 0x48, 0x65, 0x69, 0x67, 0x68, 0x74
  .byte 0x3a, 0x20, 0x22, 0x31, 0x2e, 0x36, 0x22, 0x2c, 0x0a, 0x20, 0x20, 0x20, 0x20, 0x20, 0x20, 0x20
  .byte 0x20, 0x20, 0x20, 0x20, 0x20, 0x20, 0x20, 0x20, 0x20, 0x62, 0x6f, 0x72, 0x64, 0x65, 0x72, 0x3a
  .byte 0x20, 0x22, 0x6e, 0x6f, 0x6e, 0x65, 0x22, 0x2c, 0x0a, 0x20, 0x20, 0x20, 0x20, 0x20, 0x20, 0x20
  .byte 0x20, 0x20, 0x20, 0x20, 0x20, 0x20, 0x20, 0x20, 0x20, 0x62, 0x61, 0x63, 0x6b, 0x67, 0x72, 0x6f
  .byte 0x75, 0x6e, 0x64, 0x43, 0x6f, 0x6c, 0x6f, 0x72, 0x3a, 0x20, 0x22, 0x74, 0x72, 0x61, 0x6e, 0x73
  .byte 0x70, 0x61, 0x72, 0x65, 0x6e, 0x74, 0x22, 0x2c, 0x0a, 0x20, 0x20, 0x20, 0x20, 0x20, 0x20, 0x20
  .byte 0x20, 0x20, 0x20, 0x20, 0x20, 0x20, 0x20, 0x20, 0x20, 0x63, 0x6f, 0x6c, 0x6f, 0x72, 0x3a, 0x20
  .byte 0x69, 0x73, 0x44, 0x61, 0x72, 0x6b, 0x20, 0x3f, 0x20, 0x22, 0x23, 0x66, 0x35, 0x66, 0x35, 0x66
  .byte 0x35, 0x22, 0x20, 0x3a, 0x20, 0x22, 0x23, 0x31, 0x31, 0x31, 0x38, 0x32, 0x37, 0x22, 0x2c, 0x0a
  .byte 0x20, 0x20, 0x20, 0x20, 0x20, 0x20, 0x20, 0x20, 0x20, 0x20, 0x20, 0x20, 0x20, 0x20, 0x20, 0x20
  .byte 0x6f, 0x75, 0x74, 0x6c, 0x69, 0x6e, 0x65, 0x3a, 0x20, 0x22, 0x6e, 0x6f, 0x6e, 0x65, 0x22, 0x2c
  .byte 0x0a, 0x20, 0x20, 0x20, 0x20, 0x20, 0x20, 0x20, 0x20, 0x20, 0x20, 0x20, 0x20, 0x20, 0x20, 0x20
  .byte 0x20, 0x62, 0x6f, 0x78, 0x53, 0x69, 0x7a, 0x69, 0x6e, 0x67, 0x3a, 0x20, 0x22, 0x62, 0x6f, 0x72
  .byte 0x64, 0x65, 0x72, 0x2d, 0x62, 0x6f, 0x78, 0x22, 0x2c, 0x0a, 0x20, 0x20, 0x20, 0x20, 0x20, 0x20
  .byte 0x20, 0x20, 0x20, 0x20, 0x20, 0x20, 0x20, 0x20, 0x20, 0x20, 0x72, 0x65, 0x73, 0x69, 0x7a, 0x65
  .byte 0x3a, 0x20, 0x22, 0x6e, 0x6f, 0x6e, 0x65, 0x22, 0x2c, 0x0a, 0x20, 0x20, 0x20, 0x20, 0x20, 0x20
  .byte 0x20, 0x20, 0x20, 0x20, 0x20, 0x20, 0x20, 0x20, 0x20, 0x20, 0x66, 0x6f, 0x6e, 0x74, 0x46, 0x61
  .byte 0x6d, 0x69, 0x6c, 0x79, 0x3a, 0x20, 0x22, 0x69, 0x6e, 0x68, 0x65, 0x72, 0x69, 0x74, 0x22, 0x2c
  .byte 0x0a, 0x20, 0x20, 0x20, 0x20, 0x20, 0x20, 0x20, 0x20, 0x20, 0x20, 0x20, 0x20, 0x20, 0x20, 0x7d
  .byte 0x7d, 0x0a, 0x20, 0x20, 0x20, 0x20, 0x20, 0x20, 0x20, 0x20, 0x20, 0x20, 0x20, 0x20, 0x20, 0x20
  .byte 0x6f, 0x6e, 0x46, 0x6f, 0x63, 0x75, 0x73, 0x3d, 0x7b, 0x28, 0x65, 0x29, 0x20, 0x3d, 0x3e, 0x20
  .byte 0x7b, 0x0a, 0x20, 0x20, 0x20, 0x20, 0x20, 0x20, 0x20, 0x20, 0x20, 0x20, 0x20, 0x20, 0x20, 0x20
  .byte 0x20, 0x20, 0x69, 0x66, 0x20, 0x28, 0x21, 0x69, 0x73, 0x52, 0x75, 0x6e, 0x6e, 0x69, 0x6e, 0x67
  .byte 0x29, 0x20, 0x7b, 0x0a, 0x20, 0x20, 0x20, 0x20, 0x20, 0x20, 0x20, 0x20, 0x20, 0x20, 0x20, 0x20
  .byte 0x20, 0x20, 0x20, 0x20, 0x20, 0x20, 0x63, 0x6f, 0x6e, 0x73, 0x74, 0x20, 0x63, 0x6f, 0x6e, 0x74
  .byte 0x61, 0x69, 0x6e, 0x65, 0x72, 0x20, 0x3d, 0x20, 0x65, 0x2e, 0x63, 0x75, 0x72, 0x72, 0x65, 0x6e
  .byte 0x74, 0x54, 0x61, 0x72, 0x67, 0x65, 0x74, 0x2e, 0x70, 0x61, 0x72, 0x65, 0x6e, 0x74, 0x45, 0x6c
  .byte 0x65, 0x6d, 0x65, 0x6e, 0x74, 0x3b, 0x0a, 0x20, 0x20, 0x20, 0x20, 0x20, 0x20, 0x20, 0x20, 0x20
  .byte 0x20, 0x20, 0x20, 0x20, 0x20, 0x20, 0x20, 0x20, 0x20, 0x69, 0x66, 0x20, 0x28, 0x63, 0x6f, 0x6e
  .byte 0x74, 0x61, 0x69, 0x6e, 0x65, 0x72, 0x29, 0x20, 0x7b, 0x0a, 0x20, 0x20, 0x20, 0x20, 0x20, 0x20
  .byte 0x20, 0x20, 0x20, 0x20, 0x20, 0x20, 0x20, 0x20, 0x20, 0x20, 0x20, 0x20, 0x20, 0x20, 0x63, 0x6f
  .byte 0x6e, 0x74, 0x61, 0x69, 0x6e, 0x65, 0x72, 0x2e, 0x73, 0x74, 0x79, 0x6c, 0x65, 0x2e, 0x62, 0x6f
  .byte 0x72, 0x64, 0x65, 0x72, 0x43, 0x6f, 0x6c, 0x6f, 0x72, 0x20, 0x3d, 0x20, 0x22, 0x23, 0x35, 0x46
  .byte 0x35, 0x31, 0x45, 0x38, 0x22, 0x3b, 0x0a, 0x20, 0x20, 0x20, 0x20, 0x20, 0x20, 0x20, 0x20, 0x20
  .byte 0x20, 0x20, 0x20, 0x20, 0x20, 0x20, 0x20, 0x20, 0x20, 0x20, 0x20, 0x63, 0x6f, 0x6e, 0x74, 0x61
  .byte 0x69, 0x6e, 0x65, 0x72, 0x2e, 0x73, 0x74, 0x79, 0x6c, 0x65, 0x2e, 0x62, 0x6f, 0x78, 0x53, 0x68
  .byte 0x61, 0x64, 0x6f, 0x77, 0x20, 0x3d, 0x20, 0x69, 0x73, 0x44, 0x61, 0x72, 0x6b, 0x0a, 0x20, 0x20
  .byte 0x20, 0x20, 0x20, 0x20, 0x20, 0x20, 0x20, 0x20, 0x20, 0x20, 0x20, 0x20, 0x20, 0x20, 0x20, 0x20
  .byte 0x20, 0x20, 0x20, 0x20, 0x3f, 0x20, 0x22, 0x30, 0x20, 0x30, 0x20, 0x30, 0x20, 0x31, 0x70, 0x78
  .byte 0x20, 0x23, 0x35, 0x46, 0x35, 0x31, 0x45, 0x38, 0x22, 0x0a, 0x20, 0x20, 0x20, 0x20, 0x20, 0x20
  .byte 0x20, 0x20, 0x20, 0x20, 0x20, 0x20, 0x20, 0x20, 0x20, 0x20, 0x20, 0x20, 0x20, 0x20, 0x20, 0x20
  .byte 0x3a, 0x20, 0x22, 0x30, 0x20, 0x30, 0x20, 0x30, 0x20, 0x33, 0x70, 0x78, 0x20, 0x72, 0x67, 0x62
  .byte 0x61, 0x28, 0x39, 0x35, 0x2c, 0x20, 0x38, 0x31, 0x2c, 0x20, 0x32, 0x33, 0x32, 0x2c, 0x20, 0x30
  .byte 0x2e, 0x31, 0x29, 0x22, 0x3b, 0x0a, 0x20, 0x20, 0x20, 0x20, 0x20, 0x20, 0x20, 0x20, 0x20, 0x20
  .byte 0x20, 0x20, 0x20, 0x20, 0x20, 0x20, 0x20, 0x20, 0x7d, 0x0a, 0x20, 0x20, 0x20, 0x20, 0x20, 0x20
  .byte 0x20, 0x20, 0x20, 0x20, 0x20, 0x20, 0x20, 0x20, 0x20, 0x20, 0x7d, 0x0a, 0x20, 0x20, 0x20, 0x20
  .byte 0x20, 0x20, 0x20, 0x20, 0x20, 0x20, 0x20, 0x20, 0x20, 0x20, 0x7d, 0x7d, 0x0a, 0x20, 0x20, 0x20
  .byte 0x20, 0x20, 0x20, 0x20, 0x20, 0x20, 0x20, 0x20, 0x20, 0x20, 0x20, 0x6f, 0x6e, 0x42, 0x6c, 0x75
  .byte 0x72, 0x3d, 0x7b, 0x28, 0x65, 0x29, 0x20, 0x3d, 0x3e, 0x20, 0x7b, 0x0a, 0x20, 0x20, 0x20, 0x20
  .byte 0x20, 0x20, 0x20, 0x20, 0x20, 0x20, 0x20, 0x20, 0x20, 0x20, 0x20, 0x20, 0x63, 0x6f, 0x6e, 0x73
  .byte 0x74, 0x20, 0x63, 0x6f, 0x6e, 0x74, 0x61, 0x69, 0x6e, 0x65, 0x72, 0x20, 0x3d, 0x20, 0x65, 0x2e
  .byte 0x63, 0x75, 0x72, 0x72, 0x65, 0x6e, 0x74, 0x54, 0x61, 0x72, 0x67, 0x65, 0x74, 0x2e, 0x70, 0x61
  .byte 0x72, 0x65, 0x6e, 0x74, 0x45, 0x6c, 0x65, 0x6d, 0x65, 0x6e, 0x74, 0x3b, 0x0a, 0x20, 0x20, 0x20
  .byte 0x20, 0x20, 0x20, 0x20, 0x20, 0x20, 0x20, 0x20, 0x20, 0x20, 0x20, 0x20, 0x20, 0x69, 0x66, 0x20
  .byte 0x28, 0x63, 0x6f, 0x6e, 0x74, 0x61, 0x69, 0x6e, 0x65, 0x72, 0x29, 0x20, 0x7b, 0x0a, 0x20, 0x20
  .byte 0x20, 0x20, 0x20, 0x20, 0x20, 0x20, 0x20, 0x20, 0x20, 0x20, 0x20, 0x20, 0x20, 0x20, 0x20, 0x20
  .byte 0x63, 0x6f, 0x6e, 0x74, 0x61, 0x69, 0x6e, 0x65, 0x72, 0x2e, 0x73, 0x74, 0x79, 0x6c, 0x65, 0x2e
  .byte 0x62, 0x6f, 0x72, 0x64, 0x65, 0x72, 0x43, 0x6f, 0x6c, 0x6f, 0x72, 0x20, 0x3d, 0x20, 0x69, 0x73
  .byte 0x44, 0x61, 0x72, 0x6b, 0x20, 0x3f, 0x20, 0x22, 0x23, 0x31, 0x66, 0x31, 0x66, 0x31, 0x66, 0x22
  .byte 0x20, 0x3a, 0x20, 0x22, 0x23, 0x65, 0x35, 0x65, 0x37, 0x65, 0x62, 0x22, 0x3b, 0x0a, 0x20, 0x20
  .byte 0x20, 0x20, 0x20, 0x20, 0x20, 0x20, 0x20, 0x20, 0x20, 0x20, 0x20, 0x20, 0x20, 0x20, 0x20, 0x20
  .byte 0x63, 0x6f, 0x6e, 0x74, 0x61, 0x69, 0x6e, 0x65, 0x72, 0x2e, 0x73, 0x74, 0x79, 0x6c, 0x65, 0x2e
  .byte 0x62, 0x6f, 0x78, 0x53, 0x68, 0x61, 0x64, 0x6f, 0x77, 0x20, 0x3d, 0x20, 0x22, 0x6e, 0x6f, 0x6e
  .byte 0x65, 0x22, 0x3b, 0x0a, 0x20, 0x20, 0x20, 0x20, 0x20, 0x20, 0x20, 0x20, 0x20, 0x20, 0x20, 0x20
  .byte 0x20, 0x20, 0x20, 0x20, 0x7d, 0x0a, 0x20, 0x20, 0x20, 0x20, 0x20, 0x20, 0x20, 0x20, 0x20, 0x20
  .byte 0x20, 0x20, 0x20, 0x20, 0x7d, 0x7d, 0x0a, 0x20, 0x20, 0x20, 0x20, 0x20, 0x20, 0x20, 0x20, 0x20
  .byte 0x20, 0x20, 0x20, 0x2f, 0x3e, 0x0a, 0x20, 0x20, 0x20, 0x20, 0x20, 0x20, 0x20, 0x20, 0x20, 0x20
  .byte 0x29, 0x7d, 0x0a, 0x20, 0x20, 0x20, 0x20, 0x20, 0x20, 0x20, 0x20, 0x20, 0x20, 0x3c, 0x64, 0x69
  .byte 0x76, 0x0a, 0x20, 0x20, 0x20, 0x20, 0x20, 0x20, 0x20, 0x20, 0x20, 0x20, 0x20, 0x20, 0x73, 0x74
  .byte 0x79, 0x6c, 0x65, 0x3d, 0x7b, 0x7b, 0x0a, 0x20, 0x20, 0x20, 0x20, 0x20, 0x20, 0x20, 0x20, 0x20
  .byte 0x20, 0x20, 0x20, 0x20, 0x20, 0x64, 0x69, 0x73, 0x70, 0x6c, 0x61, 0x79, 0x3a, 0x20, 0x22, 0x66
  .byte 0x6c, 0x65, 0x78, 0x22, 0x2c, 0x0a, 0x20, 0x20, 0x20, 0x20, 0x20, 0x20, 0x20, 0x20, 0x20, 0x20
  .byte 0x20, 0x20, 0x20, 0x20, 0x6a, 0x75, 0x73, 0x74, 0x69, 0x66, 0x79, 0x43, 0x6f, 0x6e, 0x74, 0x65
  .byte 0x6e, 0x74, 0x3a, 0x20, 0x22, 0x66, 0x6c, 0x65, 0x78, 0x2d, 0x65, 0x6e, 0x64, 0x22, 0x2c, 0x0a
  .byte 0x20, 0x20, 0x20, 0x20, 0x20, 0x20, 0x20, 0x20, 0x20, 0x20, 0x20, 0x20, 0x20, 0x20, 0x70, 0x61
  .byte 0x64, 0x64, 0x69, 0x6e, 0x67, 0x3a, 0x20, 0x69, 0x73, 0x4d, 0x6f, 0x62, 0x69, 0x6c, 0x65, 0x20
  .byte 0x3f, 0x20, 0x22, 0x30, 0x20, 0x36, 0x70, 0x78, 0x20, 0x30, 0x20, 0x30, 0x22, 0x20, 0x3a, 0x20
  .byte 0x22, 0x30, 0x20, 0x31, 0x30, 0x70, 0x78, 0x20, 0x31, 0x30, 0x70, 0x78, 0x20, 0x31, 0x30, 0x70
  .byte 0x78, 0x22, 0x2c, 0x0a, 0x20, 0x20, 0x20, 0x20, 0x20, 0x20, 0x20, 0x20, 0x20, 0x20, 0x20, 0x20
  .byte 0x7d, 0x7d, 0x0a, 0x20, 0x20, 0x20, 0x20, 0x20, 0x20, 0x20, 0x20, 0x20, 0x20, 0x3e, 0x0a, 0x20
  .byte 0x20, 0x20, 0x20, 0x20, 0x20, 0x20, 0x20, 0x20, 0x20, 0x20, 0x20, 0x3c, 0x62, 0x75, 0x74, 0x74
  .byte 0x6f, 0x6e, 0x0a, 0x20, 0x20, 0x20, 0x20, 0x20, 0x20, 0x20, 0x20, 0x20, 0x20, 0x20, 0x20, 0x20
  .byte 0x20, 0x74, 0x79, 0x70, 0x65, 0x3d, 0x22, 0x73, 0x75, 0x62, 0x6d, 0x69, 0x74, 0x22, 0x0a, 0x20
  .byte 0x20, 0x20, 0x20, 0x20, 0x20, 0x20, 0x20, 0x20, 0x20, 0x20, 0x20, 0x20, 0x20, 0x64, 0x69, 0x73
  .byte 0x61, 0x62, 0x6c, 0x65, 0x64, 0x3d, 0x7b, 0x69, 0x73, 0x52, 0x75, 0x6e, 0x6e, 0x69, 0x6e, 0x67
  .byte 0x7d, 0x0a, 0x20, 0x20, 0x20, 0x20, 0x20, 0x20, 0x20, 0x20, 0x20, 0x20, 0x20, 0x20, 0x20, 0x20
  .byte 0x73, 0x74, 0x79, 0x6c, 0x65, 0x3d, 0x7b, 0x7b, 0x0a, 0x20, 0x20, 0x20, 0x20, 0x20, 0x20, 0x20
  .byte 0x20, 0x20, 0x20, 0x20, 0x20, 0x20, 0x20, 0x20, 0x20, 0x77, 0x69, 0x64, 0x74, 0x68, 0x3a, 0x20
  .byte 0x69, 0x73, 0x4d, 0x6f, 0x62, 0x69, 0x6c, 0x65, 0x20, 0x3f, 0x20, 0x22, 0x33, 0x32, 0x70, 0x78
  .byte 0x22, 0x20, 0x3a, 0x20, 0x22, 0x33, 0x36, 0x70, 0x78, 0x22, 0x2c, 0x0a, 0x20, 0x20, 0x20, 0x20
  .byte 0x20, 0x20, 0x20, 0x20, 0x20, 0x20, 0x20, 0x20, 0x20, 0x20, 0x20, 0x20, 0x68, 0x65, 0x69, 0x67
  .byte 0x68, 0x74, 0x3a, 0x20, 0x69, 0x73, 0x4d, 0x6f, 0x62, 0x69, 0x6c, 0x65, 0x20, 0x3f, 0x20, 0x22
  .byte 0x33, 0x32, 0x70, 0x78, 0x22, 0x20, 0x3a, 0x20, 0x22, 0x33, 0x36, 0x70, 0x78, 0x22, 0x2c, 0x0a
  .byte 0x20, 0x20, 0x20, 0x20, 0x20, 0x20, 0x20, 0x20, 0x20, 0x20, 0x20, 0x20, 0x20, 0x20, 0x20, 0x20
  .byte 0x62, 0x6f, 0x72, 0x64, 0x65, 0x72, 0x52, 0x61, 0x64, 0x69, 0x75, 0x73, 0x3a, 0x20, 0x22, 0x35
  .byte 0x30, 0x25, 0x22, 0x2c, 0x0a, 0x20, 0x20, 0x20, 0x20, 0x20, 0x20, 0x20, 0x20, 0x20, 0x20, 0x20
  .byte 0x20, 0x20, 0x20, 0x20, 0x20, 0x62, 0x6f, 0x72, 0x64, 0x65, 0x72, 0x3a, 0x20, 0x22, 0x6e, 0x6f
  .byte 0x6e, 0x65, 0x22, 0x2c, 0x0a, 0x20, 0x20, 0x20, 0x20, 0x20, 0x20, 0x20, 0x20, 0x20, 0x20, 0x20
  .byte 0x20, 0x20, 0x20, 0x20, 0x20, 0x62, 0x61, 0x63, 0x6b, 0x67, 0x72, 0x6f, 0x75, 0x6e, 0x64, 0x43
  .byte 0x6f, 0x6c, 0x6f, 0x72, 0x3a, 0x0a, 0x20, 0x20, 0x20, 0x20, 0x20, 0x20, 0x20, 0x20, 0x20, 0x20
  .byte 0x20, 0x20, 0x20, 0x20, 0x20, 0x20, 0x20, 0x20, 0x68, 0x61, 0x73, 0x49, 0x6e, 0x70, 0x75, 0x74
  .byte 0x20, 0x26, 0x26, 0x20, 0x21, 0x69, 0x73, 0x52, 0x75, 0x6e, 0x6e, 0x69, 0x6e, 0x67, 0x20, 0x3f
  .byte 0x20, 0x22, 0x23, 0x35, 0x46, 0x35, 0x31, 0x45, 0x38, 0x22, 0x20, 0x3a, 0x20, 0x69, 0x73, 0x44
  .byte 0x61, 0x72, 0x6b, 0x20, 0x3f, 0x20, 0x22, 0x23, 0x31, 0x61, 0x31, 0x61, 0x31, 0x61, 0x22, 0x20
  .byte 0x3a, 0x20, 0x22, 0x23, 0x65, 0x35, 0x65, 0x37, 0x65, 0x62, 0x22, 0x2c, 0x0a, 0x20, 0x20, 0x20
  .byte 0x20, 0x20, 0x20, 0x20, 0x20, 0x20, 0x20, 0x20, 0x20, 0x20, 0x20, 0x20, 0x20, 0x63, 0x75, 0x72
  .byte 0x73, 0x6f, 0x72, 0x3a, 0x20, 0x68, 0x61, 0x73, 0x49, 0x6e, 0x70, 0x75, 0x74, 0x20, 0x26, 0x26
  .byte 0x20, 0x21, 0x69, 0x73, 0x52, 0x75, 0x6e, 0x6e, 0x69, 0x6e, 0x67, 0x20, 0x3f, 0x20, 0x22, 0x70
  .byte 0x6f, 0x69, 0x6e, 0x74, 0x65, 0x72, 0x22, 0x20, 0x3a, 0x20, 0x22, 0x64, 0x65, 0x66, 0x61, 0x75
  .byte 0x6c, 0x74, 0x22, 0x2c, 0x0a, 0x20, 0x20, 0x20, 0x20, 0x20, 0x20, 0x20, 0x20, 0x20, 0x20, 0x20
  .byte 0x20, 0x20, 0x20, 0x20, 0x20, 0x64, 0x69, 0x73, 0x70, 0x6c, 0x61, 0x79, 0x3a, 0x20, 0x22, 0x66
  .byte 0x6c, 0x65, 0x78, 0x22, 0x2c, 0x0a, 0x20, 0x20, 0x20, 0x20, 0x20, 0x20, 0x20, 0x20, 0x20, 0x20
  .byte 0x20, 0x20, 0x20, 0x20, 0x20, 0x20, 0x61, 0x6c, 0x69, 0x67, 0x6e, 0x49, 0x74, 0x65, 0x6d, 0x73
  .byte 0x3a, 0x20, 0x22, 0x63, 0x65, 0x6e, 0x74, 0x65, 0x72, 0x22, 0x2c, 0x0a, 0x20, 0x20, 0x20, 0x20
  .byte 0x20, 0x20, 0x20, 0x20, 0x20, 0x20, 0x20, 0x20, 0x20, 0x20, 0x20, 0x20, 0x6a, 0x75, 0x73, 0x74
  .byte 0x69, 0x66, 0x79, 0x43, 0x6f, 0x6e, 0x74, 0x65, 0x6e, 0x74, 0x3a, 0x20, 0x22, 0x63, 0x65, 0x6e
  .byte 0x74, 0x65, 0x72, 0x22, 0x2c, 0x0a, 0x20, 0x20, 0x20, 0x20, 0x20, 0x20, 0x20, 0x20, 0x20, 0x20
  .byte 0x20, 0x20, 0x20, 0x20, 0x20, 0x20, 0x74, 0x72, 0x61, 0x6e, 0x73, 0x69, 0x74, 0x69, 0x6f, 0x6e
  .byte 0x3a, 0x20, 0x22, 0x62, 0x61, 0x63, 0x6b, 0x67, 0x72, 0x6f, 0x75, 0x6e, 0x64, 0x2d, 0x63, 0x6f
  .byte 0x6c, 0x6f, 0x72, 0x20, 0x30, 0x2e, 0x32, 0x73, 0x22, 0x2c, 0x0a, 0x20, 0x20, 0x20, 0x20, 0x20
  .byte 0x20, 0x20, 0x20, 0x20, 0x20, 0x20, 0x20, 0x20, 0x20, 0x7d, 0x7d, 0x0a, 0x20, 0x20, 0x20, 0x20
  .byte 0x20, 0x20, 0x20, 0x20, 0x20, 0x20, 0x20, 0x20, 0x3e, 0x0a, 0x20, 0x20, 0x20, 0x20, 0x20, 0x20
  .byte 0x20, 0x20, 0x20, 0x20, 0x20, 0x20, 0x20, 0x20, 0x3c, 0x53, 0x65, 0x6e, 0x64, 0x49, 0x63, 0x6f
  .byte 0x6e, 0x0a, 0x20, 0x20, 0x20, 0x20, 0x20, 0x20, 0x20, 0x20, 0x20, 0x20, 0x20, 0x20, 0x20, 0x20
  .byte 0x20, 0x20, 0x73, 0x69, 0x7a, 0x65, 0x3d, 0x7b, 0x31, 0x36, 0x7d, 0x0a, 0x20, 0x20, 0x20, 0x20
  .byte 0x20, 0x20, 0x20, 0x20, 0x20, 0x20, 0x20, 0x20, 0x20, 0x20, 0x20, 0x20, 0x63, 0x6f, 0x6c, 0x6f
  .byte 0x72, 0x3d, 0x7b, 0x68, 0x61, 0x73, 0x49, 0x6e, 0x70, 0x75, 0x74, 0x20, 0x26, 0x26, 0x20, 0x21
  .byte 0x69, 0x73, 0x52, 0x75, 0x6e, 0x6e, 0x69, 0x6e, 0x67, 0x20, 0x3f, 0x20, 0x22, 0x23, 0x66, 0x66
  .byte 0x66, 0x66, 0x66, 0x66, 0x22, 0x20, 0x3a, 0x20, 0x69, 0x73, 0x44, 0x61, 0x72, 0x6b, 0x20, 0x3f
  .byte 0x20, 0x22, 0x23, 0x34, 0x42, 0x35, 0x35, 0x36, 0x33, 0x22, 0x20, 0x3a, 0x20, 0x22, 0x23, 0x39
  .byte 0x43, 0x41, 0x33, 0x41, 0x46, 0x22, 0x7d, 0x0a, 0x20, 0x20, 0x20, 0x20, 0x20, 0x20, 0x20, 0x20
  .byte 0x20, 0x20, 0x20, 0x20, 0x20, 0x20, 0x2f, 0x3e, 0x0a, 0x20, 0x20, 0x20, 0x20, 0x20, 0x20, 0x20
  .byte 0x20, 0x20, 0x20, 0x20, 0x20, 0x3c, 0x2f, 0x62, 0x75, 0x74, 0x74, 0x6f, 0x6e, 0x3e, 0x0a, 0x20
  .byte 0x20, 0x20, 0x20, 0x20, 0x20, 0x20, 0x20, 0x20, 0x20, 0x3c, 0x2f, 0x64, 0x69, 0x76, 0x3e, 0x0a
  .byte 0x20, 0x20, 0x20, 0x20, 0x20, 0x20, 0x20, 0x20, 0x3c, 0x2f, 0x64, 0x69, 0x76, 0x3e, 0x0a, 0x20
  .byte 0x20, 0x20, 0x20, 0x20, 0x20, 0x3c, 0x2f, 0x66, 0x6f, 0x72, 0x6d, 0x3e, 0x0a, 0x20, 0x20, 0x20
  .byte 0x20, 0x3c, 0x2f, 0x64, 0x69, 0x76, 0x3e, 0x0a, 0x20, 0x20, 0x29, 0x3b, 0x0a, 0x7d, 0x0a

  .globl openui_full_port_examples_react_email_src_components_emailEditor_messageInput_tsx_5e706de375a1_len
openui_full_port_examples_react_email_src_components_emailEditor_messageInput_tsx_5e706de375a1_len:
  .quad 5151

# assembly pass: 2/4
  .globl openui_full_port_examples_react_email_src_components_emailEditor_messageInput_tsx_5e706de375a1_pass_2
openui_full_port_examples_react_email_src_components_emailEditor_messageInput_tsx_5e706de375a1_pass_2:
  .byte 0x22, 0x75, 0x73, 0x65, 0x20, 0x63, 0x6c, 0x69, 0x65, 0x6e, 0x74, 0x22, 0x3b, 0x0a, 0x0a, 0x69
  .byte 0x6d, 0x70, 0x6f, 0x72, 0x74, 0x20, 0x7b, 0x20, 0x53, 0x65, 0x6e, 0x64, 0x20, 0x61, 0x73, 0x20
  .byte 0x53, 0x65, 0x6e, 0x64, 0x49, 0x63, 0x6f, 0x6e, 0x20, 0x7d, 0x20, 0x66, 0x72, 0x6f, 0x6d, 0x20
  .byte 0x22, 0x6c, 0x75, 0x63, 0x69, 0x64, 0x65, 0x2d, 0x72, 0x65, 0x61, 0x63, 0x74, 0x22, 0x3b, 0x0a
  .byte 0x0a, 0x69, 0x6e, 0x74, 0x65, 0x72, 0x66, 0x61, 0x63, 0x65, 0x20, 0x4d, 0x65, 0x73, 0x73, 0x61
  .byte 0x67, 0x65, 0x49, 0x6e, 0x70, 0x75, 0x74, 0x50, 0x72, 0x6f, 0x70, 0x73, 0x20, 0x7b, 0x0a, 0x20
  .byte 0x20, 0x69, 0x73, 0x44, 0x61, 0x72, 0x6b, 0x3a, 0x20, 0x62, 0x6f, 0x6f, 0x6c, 0x65, 0x61, 0x6e
  .byte 0x3b, 0x0a, 0x20, 0x20, 0x69, 0x73, 0x4d, 0x6f, 0x62, 0x69, 0x6c, 0x65, 0x3a, 0x20, 0x62, 0x6f
  .byte 0x6f, 0x6c, 0x65, 0x61, 0x6e, 0x3b, 0x0a, 0x20, 0x20, 0x69, 0x73, 0x52, 0x75, 0x6e, 0x6e, 0x69
  .byte 0x6e, 0x67, 0x3a, 0x20, 0x62, 0x6f, 0x6f, 0x6c, 0x65, 0x61, 0x6e, 0x3b, 0x0a, 0x20, 0x20, 0x69
  .byte 0x6e, 0x70, 0x75, 0x74, 0x3a, 0x20, 0x73, 0x74, 0x72, 0x69, 0x6e, 0x67, 0x3b, 0x0a, 0x20, 0x20
  .byte 0x6f, 0x6e, 0x49, 0x6e, 0x70, 0x75, 0x74, 0x43, 0x68, 0x61, 0x6e, 0x67, 0x65, 0x3a, 0x20, 0x28
  .byte 0x76, 0x61, 0x6c, 0x75, 0x65, 0x3a, 0x20, 0x73, 0x74, 0x72, 0x69, 0x6e, 0x67, 0x29, 0x20, 0x3d
  .byte 0x3e, 0x20, 0x76, 0x6f, 0x69, 0x64, 0x3b, 0x0a, 0x20, 0x20, 0x6f, 0x6e, 0x53, 0x75, 0x62, 0x6d
  .byte 0x69, 0x74, 0x3a, 0x20, 0x28, 0x65, 0x3a, 0x20, 0x52, 0x65, 0x61, 0x63, 0x74, 0x2e, 0x46, 0x6f
  .byte 0x72, 0x6d, 0x45, 0x76, 0x65, 0x6e, 0x74, 0x29, 0x20, 0x3d, 0x3e, 0x20, 0x76, 0x6f, 0x69, 0x64
  .byte 0x3b, 0x0a, 0x7d, 0x0a, 0x0a, 0x65, 0x78, 0x70, 0x6f, 0x72, 0x74, 0x20, 0x66, 0x75, 0x6e, 0x63
  .byte 0x74, 0x69, 0x6f, 0x6e, 0x20, 0x4d, 0x65, 0x73, 0x73, 0x61, 0x67, 0x65, 0x49, 0x6e, 0x70, 0x75
  .byte 0x74, 0x28, 0x7b, 0x0a, 0x20, 0x20, 0x69, 0x73, 0x44, 0x61, 0x72, 0x6b, 0x2c, 0x0a, 0x20, 0x20
  .byte 0x69, 0x73, 0x4d, 0x6f, 0x62, 0x69, 0x6c, 0x65, 0x2c, 0x0a, 0x20, 0x20, 0x69, 0x73, 0x52, 0x75
  .byte 0x6e, 0x6e, 0x69, 0x6e, 0x67, 0x2c, 0x0a, 0x20, 0x20, 0x69, 0x6e, 0x70, 0x75, 0x74, 0x2c, 0x0a
  .byte 0x20, 0x20, 0x6f, 0x6e, 0x49, 0x6e, 0x70, 0x75, 0x74, 0x43, 0x68, 0x61, 0x6e, 0x67, 0x65, 0x2c
  .byte 0x0a, 0x20, 0x20, 0x6f, 0x6e, 0x53, 0x75, 0x62, 0x6d, 0x69, 0x74, 0x2c, 0x0a, 0x7d, 0x3a, 0x20
  .byte 0x4d, 0x65, 0x73, 0x73, 0x61, 0x67, 0x65, 0x49, 0x6e, 0x70, 0x75, 0x74, 0x50, 0x72, 0x6f, 0x70
  .byte 0x73, 0x29, 0x20, 0x7b, 0x0a, 0x20, 0x20, 0x63, 0x6f, 0x6e, 0x73, 0x74, 0x20, 0x68, 0x61, 0x6e
  .byte 0x64, 0x6c, 0x65, 0x4b, 0x65, 0x79, 0x44, 0x6f, 0x77, 0x6e, 0x20, 0x3d, 0x20, 0x28, 0x65, 0x3a
  .byte 0x20, 0x52, 0x65, 0x61, 0x63, 0x74, 0x2e, 0x4b, 0x65, 0x79, 0x62, 0x6f, 0x61, 0x72, 0x64, 0x45
  .byte 0x76, 0x65, 0x6e, 0x74, 0x3c, 0x48, 0x54, 0x4d, 0x4c, 0x54, 0x65, 0x78, 0x74, 0x41, 0x72, 0x65
  .byte 0x61, 0x45, 0x6c, 0x65, 0x6d, 0x65, 0x6e, 0x74, 0x3e, 0x29, 0x20, 0x3d, 0x3e, 0x20, 0x7b, 0x0a
  .byte 0x20, 0x20, 0x20, 0x20, 0x69, 0x66, 0x20, 0x28, 0x65, 0x2e, 0x6b, 0x65, 0x79, 0x20, 0x3d, 0x3d
  .byte 0x3d, 0x20, 0x22, 0x45, 0x6e, 0x74, 0x65, 0x72, 0x22, 0x20, 0x26, 0x26, 0x20, 0x21, 0x65, 0x2e
  .byte 0x73, 0x68, 0x69, 0x66, 0x74, 0x4b, 0x65, 0x79, 0x29, 0x20, 0x7b, 0x0a, 0x20, 0x20, 0x20, 0x20
  .byte 0x20, 0x20, 0x65, 0x2e, 0x70, 0x72, 0x65, 0x76, 0x65, 0x6e, 0x74, 0x44, 0x65, 0x66, 0x61, 0x75
  .byte 0x6c, 0x74, 0x28, 0x29, 0x3b, 0x0a, 0x20, 0x20, 0x20, 0x20, 0x20, 0x20, 0x6f, 0x6e, 0x53, 0x75
  .byte 0x62, 0x6d, 0x69, 0x74, 0x28, 0x65, 0x29, 0x3b, 0x0a, 0x20, 0x20, 0x20, 0x20, 0x7d, 0x0a, 0x20
  .byte 0x20, 0x7d, 0x3b, 0x0a, 0x0a, 0x20, 0x20, 0x63, 0x6f, 0x6e, 0x73, 0x74, 0x20, 0x68, 0x61, 0x73
  .byte 0x49, 0x6e, 0x70, 0x75, 0x74, 0x20, 0x3d, 0x20, 0x69, 0x6e, 0x70, 0x75, 0x74, 0x2e, 0x74, 0x72
  .byte 0x69, 0x6d, 0x28, 0x29, 0x2e, 0x6c, 0x65, 0x6e, 0x67, 0x74, 0x68, 0x20, 0x3e, 0x20, 0x30, 0x3b
  .byte 0x0a, 0x0a, 0x20, 0x20, 0x72, 0x65, 0x74, 0x75, 0x72, 0x6e, 0x20, 0x28, 0x0a, 0x20, 0x20, 0x20
  .byte 0x20, 0x3c, 0x64, 0x69, 0x76, 0x0a, 0x20, 0x20, 0x20, 0x20, 0x20, 0x20, 0x73, 0x74, 0x79, 0x6c
  .byte 0x65, 0x3d, 0x7b, 0x7b, 0x0a, 0x20, 0x20, 0x20, 0x20, 0x20, 0x20, 0x20, 0x20, 0x66, 0x6c, 0x65
  .byte 0x78, 0x53, 0x68, 0x72, 0x69, 0x6e, 0x6b, 0x3a, 0x20, 0x30, 0x2c, 0x0a, 0x20, 0x20, 0x20, 0x20
  .byte 0x20, 0x20, 0x20, 0x20, 0x70, 0x61, 0x64, 0x64, 0x69, 0x6e, 0x67, 0x3a, 0x20, 0x69, 0x73, 0x4d
  .byte 0x6f, 0x62, 0x69, 0x6c, 0x65, 0x20, 0x3f, 0x20, 0x22, 0x38, 0x70, 0x78, 0x20, 0x31, 0x32, 0x70
  .byte 0x78, 0x22, 0x20, 0x3a, 0x20, 0x22, 0x31, 0x36, 0x70, 0x78, 0x20, 0x32, 0x34, 0x70, 0x78, 0x22
  .byte 0x2c, 0x0a, 0x20, 0x20, 0x20, 0x20, 0x20, 0x20, 0x20, 0x20, 0x62, 0x61, 0x63, 0x6b, 0x67, 0x72
  .byte 0x6f, 0x75, 0x6e, 0x64, 0x43, 0x6f, 0x6c, 0x6f, 0x72, 0x3a, 0x20, 0x69, 0x73, 0x44, 0x61, 0x72
  .byte 0x6b, 0x20, 0x3f, 0x20, 0x22, 0x23, 0x30, 0x61, 0x30, 0x61, 0x30, 0x61, 0x22, 0x20, 0x3a, 0x20
  .byte 0x22, 0x23, 0x66, 0x66, 0x66, 0x66, 0x66, 0x66, 0x22, 0x2c, 0x0a, 0x20, 0x20, 0x20, 0x20, 0x20
  .byte 0x20, 0x20, 0x20, 0x62, 0x6f, 0x72, 0x64, 0x65, 0x72, 0x54, 0x6f, 0x70, 0x3a, 0x20, 0x60, 0x31
  .byte 0x70, 0x78, 0x20, 0x73, 0x6f, 0x6c, 0x69, 0x64, 0x20, 0x24, 0x7b, 0x69, 0x73, 0x44, 0x61, 0x72
  .byte 0x6b, 0x20, 0x3f, 0x20, 0x22, 0x23, 0x31, 0x61, 0x31, 0x61, 0x31, 0x61, 0x22, 0x20, 0x3a, 0x20
  .byte 0x22, 0x23, 0x65, 0x35, 0x65, 0x37, 0x65, 0x62, 0x22, 0x7d, 0x60, 0x2c, 0x0a, 0x20, 0x20, 0x20
  .byte 0x20, 0x20, 0x20, 0x7d, 0x7d, 0x0a, 0x20, 0x20, 0x20, 0x20, 0x3e, 0x0a, 0x20, 0x20, 0x20, 0x20
  .byte 0x20, 0x20, 0x3c, 0x66, 0x6f, 0x72, 0x6d, 0x20, 0x6f, 0x6e, 0x53, 0x75, 0x62, 0x6d, 0x69, 0x74
  .byte 0x3d, 0x7b, 0x6f, 0x6e, 0x53, 0x75, 0x62, 0x6d, 0x69, 0x74, 0x7d, 0x20, 0x73, 0x74, 0x79, 0x6c
  .byte 0x65, 0x3d, 0x7b, 0x7b, 0x20, 0x6d, 0x61, 0x72, 0x67, 0x69, 0x6e, 0x3a, 0x20, 0x22, 0x30, 0x20
  .byte 0x61, 0x75, 0x74, 0x6f, 0x22, 0x2c, 0x20, 0x6d, 0x61, 0x78, 0x57, 0x69, 0x64, 0x74, 0x68, 0x3a
  .byte 0x20, 0x69, 0x73, 0x4d, 0x6f, 0x62, 0x69, 0x6c, 0x65, 0x20, 0x3f, 0x20, 0x22, 0x31, 0x30, 0x30
  .byte 0x25, 0x22, 0x20, 0x3a, 0x20, 0x22, 0x38, 0x30, 0x30, 0x70, 0x78, 0x22, 0x20, 0x7d, 0x7d, 0x3e
  .byte 0x0a, 0x20, 0x20, 0x20, 0x20, 0x20, 0x20, 0x20, 0x20, 0x3c, 0x64, 0x69, 0x76, 0x0a, 0x20, 0x20
  .byte 0x20, 0x20, 0x20, 0x20, 0x20, 0x20, 0x20, 0x20, 0x73, 0x74, 0x79, 0x6c, 0x65, 0x3d, 0x7b, 0x7b
  .byte 0x0a, 0x20, 0x20, 0x20, 0x20, 0x20, 0x20, 0x20, 0x20, 0x20, 0x20, 0x20, 0x20, 0x62, 0x6f, 0x72
  .byte 0x64, 0x65, 0x72, 0x52, 0x61, 0x64, 0x69, 0x75, 0x73, 0x3a, 0x20, 0x69, 0x73, 0x4d, 0x6f, 0x62
  .byte 0x69, 0x6c, 0x65, 0x20, 0x3f, 0x20, 0x22, 0x31, 0x30, 0x70, 0x78, 0x22, 0x20, 0x3a, 0x20, 0x22
  .byte 0x31, 0x34, 0x70, 0x78, 0x22, 0x2c, 0x0a, 0x20, 0x20, 0x20, 0x20, 0x20, 0x20, 0x20, 0x20, 0x20
  .byte 0x20, 0x20, 0x20, 0x62, 0x6f, 0x72, 0x64, 0x65, 0x72, 0x3a, 0x20, 0x60, 0x31, 0x70, 0x78, 0x20
  .byte 0x73, 0x6f, 0x6c, 0x69, 0x64, 0x20, 0x24, 0x7b, 0x69, 0x73, 0x44, 0x61, 0x72, 0x6b, 0x20, 0x3f
  .byte 0x20, 0x22, 0x23, 0x31, 0x66, 0x31, 0x66, 0x31, 0x66, 0x22, 0x20, 0x3a, 0x20, 0x22, 0x23, 0x65
  .byte 0x35, 0x65, 0x37, 0x65, 0x62, 0x22, 0x7d, 0x60, 0x2c, 0x0a, 0x20, 0x20, 0x20, 0x20, 0x20, 0x20
  .byte 0x20, 0x20, 0x20, 0x20, 0x20, 0x20, 0x62, 0x61, 0x63, 0x6b, 0x67, 0x72, 0x6f, 0x75, 0x6e, 0x64
  .byte 0x43, 0x6f, 0x6c, 0x6f, 0x72, 0x3a, 0x20, 0x69, 0x73, 0x44, 0x61, 0x72, 0x6b, 0x20, 0x3f, 0x20
  .byte 0x22, 0x23, 0x31, 0x31, 0x31, 0x31, 0x31, 0x31, 0x22, 0x20, 0x3a, 0x20, 0x22, 0x23, 0x66, 0x39
  .byte 0x66, 0x61, 0x66, 0x62, 0x22, 0x2c, 0x0a, 0x20, 0x20, 0x20, 0x20, 0x20, 0x20, 0x20, 0x20, 0x20
  .byte 0x20, 0x20, 0x20, 0x6f, 0x76, 0x65, 0x72, 0x66, 0x6c, 0x6f, 0x77, 0x3a, 0x20, 0x22, 0x68, 0x69
  .byte 0x64, 0x64, 0x65, 0x6e, 0x22, 0x2c, 0x0a, 0x20, 0x20, 0x20, 0x20, 0x20, 0x20, 0x20, 0x20, 0x20
  .byte 0x20, 0x20, 0x20, 0x74, 0x72, 0x61, 0x6e, 0x73, 0x69, 0x74, 0x69, 0x6f, 0x6e, 0x3a, 0x20, 0x22
  .byte 0x62, 0x6f, 0x72, 0x64, 0x65, 0x72, 0x2d, 0x63, 0x6f, 0x6c, 0x6f, 0x72, 0x20, 0x30, 0x2e, 0x32
  .byte 0x73, 0x2c, 0x20, 0x62, 0x6f, 0x78, 0x2d, 0x73, 0x68, 0x61, 0x64, 0x6f, 0x77, 0x20, 0x30, 0x2e
  .byte 0x32, 0x73, 0x22, 0x2c, 0x0a, 0x20, 0x20, 0x20, 0x20, 0x20, 0x20, 0x20, 0x20, 0x20, 0x20, 0x20
  .byte 0x20, 0x6f, 0x70, 0x61, 0x63, 0x69, 0x74, 0x79, 0x3a, 0x20, 0x69, 0x73, 0x52, 0x75, 0x6e, 0x6e
  .byte 0x69, 0x6e, 0x67, 0x20, 0x3f, 0x20, 0x30, 0x2e, 0x35, 0x20, 0x3a, 0x20, 0x31, 0x2c, 0x0a, 0x20
  .byte 0x20, 0x20, 0x20, 0x20, 0x20, 0x20, 0x20, 0x20, 0x20, 0x20, 0x20, 0x64, 0x69, 0x73, 0x70, 0x6c
  .byte 0x61, 0x79, 0x3a, 0x20, 0x69, 0x73, 0x4d, 0x6f, 0x62, 0x69, 0x6c, 0x65, 0x20, 0x3f, 0x20, 0x22
  .byte 0x66, 0x6c, 0x65, 0x78, 0x22, 0x20, 0x3a, 0x20, 0x75, 0x6e, 0x64, 0x65, 0x66, 0x69, 0x6e, 0x65
  .byte 0x64, 0x2c, 0x0a, 0x20, 0x20, 0x20, 0x20, 0x20, 0x20, 0x20, 0x20, 0x20, 0x20, 0x20, 0x20, 0x61
  .byte 0x6c, 0x69, 0x67, 0x6e, 0x49, 0x74, 0x65, 0x6d, 0x73, 0x3a, 0x20, 0x69, 0x73, 0x4d, 0x6f, 0x62
  .byte 0x69, 0x6c, 0x65, 0x20, 0x3f, 0x20, 0x22, 0x63, 0x65, 0x6e, 0x74, 0x65, 0x72, 0x22, 0x20, 0x3a
  .byte 0x20, 0x75, 0x6e, 0x64, 0x65, 0x66, 0x69, 0x6e, 0x65, 0x64, 0x2c, 0x0a, 0x20, 0x20, 0x20, 0x20
  .byte 0x20, 0x20, 0x20, 0x20, 0x20, 0x20, 0x7d, 0x7d, 0x0a, 0x20, 0x20, 0x20, 0x20, 0x20, 0x20, 0x20
  .byte 0x20, 0x3e, 0x0a, 0x20, 0x20, 0x20, 0x20, 0x20, 0x20, 0x20, 0x20, 0x20, 0x20, 0x7b, 0x69, 0x73
  .byte 0x4d, 0x6f, 0x62, 0x69, 0x6c, 0x65, 0x20, 0x3f, 0x20, 0x28, 0x0a, 0x20, 0x20, 0x20, 0x20, 0x20
  .byte 0x20, 0x20, 0x20, 0x20, 0x20, 0x20, 0x20, 0x3c, 0x69, 0x6e, 0x70, 0x75, 0x74, 0x0a, 0x20, 0x20
  .byte 0x20, 0x20, 0x20, 0x20, 0x20, 0x20, 0x20, 0x20, 0x20, 0x20, 0x20, 0x20, 0x76, 0x61, 0x6c, 0x75
  .byte 0x65, 0x3d, 0x7b, 0x69, 0x6e, 0x70, 0x75, 0x74, 0x7d, 0x0a, 0x20, 0x20, 0x20, 0x20, 0x20, 0x20
  .byte 0x20, 0x20, 0x20, 0x20, 0x20, 0x20, 0x20, 0x20, 0x6f, 0x6e, 0x43, 0x68, 0x61, 0x6e, 0x67, 0x65
  .byte 0x3d, 0x7b, 0x28, 0x65, 0x29, 0x20, 0x3d, 0x3e, 0x20, 0x6f, 0x6e, 0x49, 0x6e, 0x70, 0x75, 0x74
  .byte 0x43, 0x68, 0x61, 0x6e, 0x67, 0x65, 0x28, 0x65, 0x2e, 0x74, 0x61, 0x72, 0x67, 0x65, 0x74, 0x2e
  .byte 0x76, 0x61, 0x6c, 0x75, 0x65, 0x29, 0x7d, 0x0a, 0x20, 0x20, 0x20, 0x20, 0x20, 0x20, 0x20, 0x20
  .byte 0x20, 0x20, 0x20, 0x20, 0x20, 0x20, 0x70, 0x6c, 0x61, 0x63, 0x65, 0x68, 0x6f, 0x6c, 0x64, 0x65
  .byte 0x72, 0x3d, 0x22, 0x41, 0x73, 0x6b, 0x20, 0x66, 0x6f, 0x72, 0x20, 0x63, 0x68, 0x61, 0x6e, 0x67
  .byte 0x65, 0x73, 0x2e, 0x2e, 0x2e, 0x22, 0x0a, 0x20, 0x20, 0x20, 0x20, 0x20, 0x20, 0x20, 0x20, 0x20
  .byte 0x20, 0x20, 0x20, 0x20, 0x20, 0x64, 0x69, 0x73, 0x61, 0x62, 0x6c, 0x65, 0x64, 0x3d, 0x7b, 0x69
  .byte 0x73, 0x52, 0x75, 0x6e, 0x6e, 0x69, 0x6e, 0x67, 0x7d, 0x0a, 0x20, 0x20, 0x20, 0x20, 0x20, 0x20
  .byte 0x20, 0x20, 0x20, 0x20, 0x20, 0x20, 0x20, 0x20, 0x73, 0x74, 0x79, 0x6c, 0x65, 0x3d, 0x7b, 0x7b
  .byte 0x0a, 0x20, 0x20, 0x20, 0x20, 0x20, 0x20, 0x20, 0x20, 0x20, 0x20, 0x20, 0x20, 0x20, 0x20, 0x20
  .byte 0x20, 0x66, 0x6c, 0x65, 0x78, 0x3a, 0x20, 0x31, 0x2c, 0x0a, 0x20, 0x20, 0x20, 0x20, 0x20, 0x20
  .byte 0x20, 0x20, 0x20, 0x20, 0x20, 0x20, 0x20, 0x20, 0x20, 0x20, 0x70, 0x61, 0x64, 0x64, 0x69, 0x6e
  .byte 0x67, 0x3a, 0x20, 0x22, 0x31, 0x32, 0x70, 0x78, 0x20, 0x31, 0x34, 0x70, 0x78, 0x22, 0x2c, 0x0a
  .byte 0x20, 0x20, 0x20, 0x20, 0x20, 0x20, 0x20, 0x20, 0x20, 0x20, 0x20, 0x20, 0x20, 0x20, 0x20, 0x20
  .byte 0x66, 0x6f, 0x6e, 0x74, 0x53, 0x69, 0x7a, 0x65, 0x3a, 0x20, 0x22, 0x31, 0x34, 0x70, 0x78, 0x22
  .byte 0x2c, 0x0a, 0x20, 0x20, 0x20, 0x20, 0x20, 0x20, 0x20, 0x20, 0x20, 0x20, 0x20, 0x20, 0x20, 0x20
  .byte 0x20, 0x20, 0x62, 0x6f, 0x72, 0x64, 0x65, 0x72, 0x3a, 0x20, 0x22, 0x6e, 0x6f, 0x6e, 0x65, 0x22
  .byte 0x2c, 0x0a, 0x20, 0x20, 0x20, 0x20, 0x20, 0x20, 0x20, 0x20, 0x20, 0x20, 0x20, 0x20, 0x20, 0x20
  .byte 0x20, 0x20, 0x62, 0x61, 0x63, 0x6b, 0x67, 0x72, 0x6f, 0x75, 0x6e, 0x64, 0x43, 0x6f, 0x6c, 0x6f
  .byte 0x72, 0x3a, 0x20, 0x22, 0x74, 0x72, 0x61, 0x6e, 0x73, 0x70, 0x61, 0x72, 0x65, 0x6e, 0x74, 0x22
  .byte 0x2c, 0x0a, 0x20, 0x20, 0x20, 0x20, 0x20, 0x20, 0x20, 0x20, 0x20, 0x20, 0x20, 0x20, 0x20, 0x20
  .byte 0x20, 0x20, 0x63, 0x6f, 0x6c, 0x6f, 0x72, 0x3a, 0x20, 0x69, 0x73, 0x44, 0x61, 0x72, 0x6b, 0x20
  .byte 0x3f, 0x20, 0x22, 0x23, 0x66, 0x35, 0x66, 0x35, 0x66, 0x35, 0x22, 0x20, 0x3a, 0x20, 0x22, 0x23
  .byte 0x31, 0x31, 0x31, 0x38, 0x32, 0x37, 0x22, 0x2c, 0x0a, 0x20, 0x20, 0x20, 0x20, 0x20, 0x20, 0x20
  .byte 0x20, 0x20, 0x20, 0x20, 0x20, 0x20, 0x20, 0x20, 0x20, 0x6f, 0x75, 0x74, 0x6c, 0x69, 0x6e, 0x65
  .byte 0x3a, 0x20, 0x22, 0x6e, 0x6f, 0x6e, 0x65, 0x22, 0x2c, 0x0a, 0x20, 0x20, 0x20, 0x20, 0x20, 0x20
  .byte 0x20, 0x20, 0x20, 0x20, 0x20, 0x20, 0x20, 0x20, 0x20, 0x20, 0x62, 0x6f, 0x78, 0x53, 0x69, 0x7a
  .byte 0x69, 0x6e, 0x67, 0x3a, 0x20, 0x22, 0x62, 0x6f, 0x72, 0x64, 0x65, 0x72, 0x2d, 0x62, 0x6f, 0x78
  .byte 0x22, 0x2c, 0x0a, 0x20, 0x20, 0x20, 0x20, 0x20, 0x20, 0x20, 0x20, 0x20, 0x20, 0x20, 0x20, 0x20
  .byte 0x20, 0x20, 0x20, 0x66, 0x6f, 0x6e, 0x74, 0x46, 0x61, 0x6d, 0x69, 0x6c, 0x79, 0x3a, 0x20, 0x22
  .byte 0x69, 0x6e, 0x68, 0x65, 0x72, 0x69, 0x74, 0x22, 0x2c, 0x0a, 0x20, 0x20, 0x20, 0x20, 0x20, 0x20
  .byte 0x20, 0x20, 0x20, 0x20, 0x20, 0x20, 0x20, 0x20, 0x7d, 0x7d, 0x0a, 0x20, 0x20, 0x20, 0x20, 0x20
  .byte 0x20, 0x20, 0x20, 0x20, 0x20, 0x20, 0x20, 0x20, 0x20, 0x6f, 0x6e, 0x46, 0x6f, 0x63, 0x75, 0x73
  .byte 0x3d, 0x7b, 0x28, 0x65, 0x29, 0x20, 0x3d, 0x3e, 0x20, 0x7b, 0x0a, 0x20, 0x20, 0x20, 0x20, 0x20
  .byte 0x20, 0x20, 0x20, 0x20, 0x20, 0x20, 0x20, 0x20, 0x20, 0x20, 0x20, 0x69, 0x66, 0x20, 0x28, 0x21
  .byte 0x69, 0x73, 0x52, 0x75, 0x6e, 0x6e, 0x69, 0x6e, 0x67, 0x29, 0x20, 0x7b, 0x0a, 0x20, 0x20, 0x20
  .byte 0x20, 0x20, 0x20, 0x20, 0x20, 0x20, 0x20, 0x20, 0x20, 0x20, 0x20, 0x20, 0x20, 0x20, 0x20, 0x63
  .byte 0x6f, 0x6e, 0x73, 0x74, 0x20, 0x63, 0x6f, 0x6e, 0x74, 0x61, 0x69, 0x6e, 0x65, 0x72, 0x20, 0x3d
  .byte 0x20, 0x65, 0x2e, 0x63, 0x75, 0x72, 0x72, 0x65, 0x6e, 0x74, 0x54, 0x61, 0x72, 0x67, 0x65, 0x74
  .byte 0x2e, 0x70, 0x61, 0x72, 0x65, 0x6e, 0x74, 0x45, 0x6c, 0x65, 0x6d, 0x65, 0x6e, 0x74, 0x3b, 0x0a
  .byte 0x20, 0x20, 0x20, 0x20, 0x20, 0x20, 0x20, 0x20, 0x20, 0x20, 0x20, 0x20, 0x20, 0x20, 0x20, 0x20
  .byte 0x20, 0x20, 0x69, 0x66, 0x20, 0x28, 0x63, 0x6f, 0x6e, 0x74, 0x61, 0x69, 0x6e, 0x65, 0x72, 0x29
  .byte 0x20, 0x63, 0x6f, 0x6e, 0x74, 0x61, 0x69, 0x6e, 0x65, 0x72, 0x2e, 0x73, 0x74, 0x79, 0x6c, 0x65
  .byte 0x2e, 0x62, 0x6f, 0x72, 0x64, 0x65, 0x72, 0x43, 0x6f, 0x6c, 0x6f, 0x72, 0x20, 0x3d, 0x20, 0x22
  .byte 0x23, 0x35, 0x46, 0x35, 0x31, 0x45, 0x38, 0x22, 0x3b, 0x0a, 0x20, 0x20, 0x20, 0x20, 0x20, 0x20
  .byte 0x20, 0x20, 0x20, 0x20, 0x20, 0x20, 0x20, 0x20, 0x20, 0x20, 0x7d, 0x0a, 0x20, 0x20, 0x20, 0x20
  .byte 0x20, 0x20, 0x20, 0x20, 0x20, 0x20, 0x20, 0x20, 0x20, 0x20, 0x7d, 0x7d, 0x0a, 0x20, 0x20, 0x20
  .byte 0x20, 0x20, 0x20, 0x20, 0x20, 0x20, 0x20, 0x20, 0x20, 0x20, 0x20, 0x6f, 0x6e, 0x42, 0x6c, 0x75
  .byte 0x72, 0x3d, 0x7b, 0x28, 0x65, 0x29, 0x20, 0x3d, 0x3e, 0x20, 0x7b, 0x0a, 0x20, 0x20, 0x20, 0x20
  .byte 0x20, 0x20, 0x20, 0x20, 0x20, 0x20, 0x20, 0x20, 0x20, 0x20, 0x20, 0x20, 0x63, 0x6f, 0x6e, 0x73
  .byte 0x74, 0x20, 0x63, 0x6f, 0x6e, 0x74, 0x61, 0x69, 0x6e, 0x65, 0x72, 0x20, 0x3d, 0x20, 0x65, 0x2e
  .byte 0x63, 0x75, 0x72, 0x72, 0x65, 0x6e, 0x74, 0x54, 0x61, 0x72, 0x67, 0x65, 0x74, 0x2e, 0x70, 0x61
  .byte 0x72, 0x65, 0x6e, 0x74, 0x45, 0x6c, 0x65, 0x6d, 0x65, 0x6e, 0x74, 0x3b, 0x0a, 0x20, 0x20, 0x20
  .byte 0x20, 0x20, 0x20, 0x20, 0x20, 0x20, 0x20, 0x20, 0x20, 0x20, 0x20, 0x20, 0x20, 0x69, 0x66, 0x20
  .byte 0x28, 0x63, 0x6f, 0x6e, 0x74, 0x61, 0x69, 0x6e, 0x65, 0x72, 0x29, 0x20, 0x63, 0x6f, 0x6e, 0x74
  .byte 0x61, 0x69, 0x6e, 0x65, 0x72, 0x2e, 0x73, 0x74, 0x79, 0x6c, 0x65, 0x2e, 0x62, 0x6f, 0x72, 0x64
  .byte 0x65, 0x72, 0x43, 0x6f, 0x6c, 0x6f, 0x72, 0x20, 0x3d, 0x20, 0x69, 0x73, 0x44, 0x61, 0x72, 0x6b
  .byte 0x20, 0x3f, 0x20, 0x22, 0x23, 0x31, 0x66, 0x31, 0x66, 0x31, 0x66, 0x22, 0x20, 0x3a, 0x20, 0x22
  .byte 0x23, 0x65, 0x35, 0x65, 0x37, 0x65, 0x62, 0x22, 0x3b, 0x0a, 0x20, 0x20, 0x20, 0x20, 0x20, 0x20
  .byte 0x20, 0x20, 0x20, 0x20, 0x20, 0x20, 0x20, 0x20, 0x7d, 0x7d, 0x0a, 0x20, 0x20, 0x20, 0x20, 0x20
  .byte 0x20, 0x20, 0x20, 0x20, 0x20, 0x20, 0x20, 0x2f, 0x3e, 0x0a, 0x20, 0x20, 0x20, 0x20, 0x20, 0x20
  .byte 0x20, 0x20, 0x20, 0x20, 0x29, 0x20, 0x3a, 0x20, 0x28, 0x0a, 0x20, 0x20, 0x20, 0x20, 0x20, 0x20
  .byte 0x20, 0x20, 0x20, 0x20, 0x20, 0x20, 0x3c, 0x74, 0x65, 0x78, 0x74, 0x61, 0x72, 0x65, 0x61, 0x0a
  .byte 0x20, 0x20, 0x20, 0x20, 0x20, 0x20, 0x20, 0x20, 0x20, 0x20, 0x20, 0x20, 0x20, 0x20, 0x76, 0x61
  .byte 0x6c, 0x75, 0x65, 0x3d, 0x7b, 0x69, 0x6e, 0x70, 0x75, 0x74, 0x7d, 0x0a, 0x20, 0x20, 0x20, 0x20
  .byte 0x20, 0x20, 0x20, 0x20, 0x20, 0x20, 0x20, 0x20, 0x20, 0x20, 0x6f, 0x6e, 0x43, 0x68, 0x61, 0x6e
  .byte 0x67, 0x65, 0x3d, 0x7b, 0x28, 0x65, 0x29, 0x20, 0x3d, 0x3e, 0x20, 0x6f, 0x6e, 0x49, 0x6e, 0x70
  .byte 0x75, 0x74, 0x43, 0x68, 0x61, 0x6e, 0x67, 0x65, 0x28, 0x65, 0x2e, 0x74, 0x61, 0x72, 0x67, 0x65
  .byte 0x74, 0x2e, 0x76, 0x61, 0x6c, 0x75, 0x65, 0x29, 0x7d, 0x0a, 0x20, 0x20, 0x20, 0x20, 0x20, 0x20
  .byte 0x20, 0x20, 0x20, 0x20, 0x20, 0x20, 0x20, 0x20, 0x6f, 0x6e, 0x4b, 0x65, 0x79, 0x44, 0x6f, 0x77
  .byte 0x6e, 0x3d, 0x7b, 0x68, 0x61, 0x6e, 0x64, 0x6c, 0x65, 0x4b, 0x65, 0x79, 0x44, 0x6f, 0x77, 0x6e
  .byte 0x7d, 0x0a, 0x20, 0x20, 0x20, 0x20, 0x20, 0x20, 0x20, 0x20, 0x20, 0x20, 0x20, 0x20, 0x20, 0x20
  .byte 0x70, 0x6c, 0x61, 0x63, 0x65, 0x68, 0x6f, 0x6c, 0x64, 0x65, 0x72, 0x3d, 0x22, 0x44, 0x65, 0x73
  .byte 0x63, 0x72, 0x69, 0x62, 0x65, 0x20, 0x77, 0x68, 0x61, 0x74, 0x20, 0x79, 0x6f, 0x75, 0x27, 0x64
  .byte 0x20, 0x6c, 0x69, 0x6b, 0x65, 0x20, 0x74, 0x6f, 0x20, 0x63, 0x68, 0x61, 0x6e, 0x67, 0x65, 0x2e
  .byte 0x2e, 0x2e, 0x22, 0x0a, 0x20, 0x20, 0x20, 0x20, 0x20, 0x20, 0x20, 0x20, 0x20, 0x20, 0x20, 0x20
  .byte 0x20, 0x20, 0x64, 0x69, 0x73, 0x61, 0x62, 0x6c, 0x65, 0x64, 0x3d, 0x7b, 0x69, 0x73, 0x52, 0x75
  .byte 0x6e, 0x6e, 0x69, 0x6e, 0x67, 0x7d, 0x0a, 0x20, 0x20, 0x20, 0x20, 0x20, 0x20, 0x20, 0x20, 0x20
  .byte 0x20, 0x20, 0x20, 0x20, 0x20, 0x72, 0x6f, 0x77, 0x73, 0x3d, 0x7b, 0x33, 0x7d, 0x0a, 0x20, 0x20
  .byte 0x20, 0x20, 0x20, 0x20, 0x20, 0x20, 0x20, 0x20, 0x20, 0x20, 0x20, 0x20, 0x73, 0x74, 0x79, 0x6c
  .byte 0x65, 0x3d, 0x7b, 0x7b, 0x0a, 0x20, 0x20, 0x20, 0x20, 0x20, 0x20, 0x20, 0x20, 0x20, 0x20, 0x20
  .byte 0x20, 0x20, 0x20, 0x20, 0x20, 0x77, 0x69, 0x64, 0x74, 0x68, 0x3a, 0x20, 0x22, 0x31, 0x30, 0x30
  .byte 0x25, 0x22, 0x2c, 0x0a, 0x20, 0x20, 0x20, 0x20, 0x20, 0x20, 0x20, 0x20, 0x20, 0x20, 0x20, 0x20
  .byte 0x20, 0x20, 0x20, 0x20, 0x70, 0x61, 0x64, 0x64, 0x69, 0x6e, 0x67, 0x3a, 0x20, 0x22, 0x31, 0x36
  .byte 0x70, 0x78, 0x20, 0x31, 0x36, 0x70, 0x78, 0x20, 0x34, 0x30, 0x70, 0x78, 0x20, 0x31, 0x36, 0x70
  .byte 0x78, 0x22, 0x2c, 0x0a, 0x20, 0x20, 0x20, 0x20, 0x20, 0x20, 0x20, 0x20, 0x20, 0x20, 0x20, 0x20
  .byte 0x20, 0x20, 0x20, 0x20, 0x66, 0x6f, 0x6e, 0x74, 0x53, 0x69, 0x7a, 0x65, 0x3a, 0x20, 0x22, 0x31
  .byte 0x34, 0x70, 0x78, 0x22, 0x2c, 0x0a, 0x20, 0x20, 0x20, 0x20, 0x20, 0x20, 0x20, 0x20, 0x20, 0x20
  .byte 0x20, 0x20, 0x20, 0x20, 0x20, 0x20, 0x6c, 0x69, 0x6e, 0x65, 0x48, 0x65, 0x69, 0x67, 0x68, 0x74
  .byte 0x3a, 0x20, 0x22, 0x31, 0x2e, 0x36, 0x22, 0x2c, 0x0a, 0x20, 0x20, 0x20, 0x20, 0x20, 0x20, 0x20
  .byte 0x20, 0x20, 0x20, 0x20, 0x20, 0x20, 0x20, 0x20, 0x20, 0x62, 0x6f, 0x72, 0x64, 0x65, 0x72, 0x3a
  .byte 0x20, 0x22, 0x6e, 0x6f, 0x6e, 0x65, 0x22, 0x2c, 0x0a, 0x20, 0x20, 0x20, 0x20, 0x20, 0x20, 0x20
  .byte 0x20, 0x20, 0x20, 0x20, 0x20, 0x20, 0x20, 0x20, 0x20, 0x62, 0x61, 0x63, 0x6b, 0x67, 0x72, 0x6f
  .byte 0x75, 0x6e, 0x64, 0x43, 0x6f, 0x6c, 0x6f, 0x72, 0x3a, 0x20, 0x22, 0x74, 0x72, 0x61, 0x6e, 0x73
  .byte 0x70, 0x61, 0x72, 0x65, 0x6e, 0x74, 0x22, 0x2c, 0x0a, 0x20, 0x20, 0x20, 0x20, 0x20, 0x20, 0x20
  .byte 0x20, 0x20, 0x20, 0x20, 0x20, 0x20, 0x20, 0x20, 0x20, 0x63, 0x6f, 0x6c, 0x6f, 0x72, 0x3a, 0x20
  .byte 0x69, 0x73, 0x44, 0x61, 0x72, 0x6b, 0x20, 0x3f, 0x20, 0x22, 0x23, 0x66, 0x35, 0x66, 0x35, 0x66
  .byte 0x35, 0x22, 0x20, 0x3a, 0x20, 0x22, 0x23, 0x31, 0x31, 0x31, 0x38, 0x32, 0x37, 0x22, 0x2c, 0x0a
  .byte 0x20, 0x20, 0x20, 0x20, 0x20, 0x20, 0x20, 0x20, 0x20, 0x20, 0x20, 0x20, 0x20, 0x20, 0x20, 0x20
  .byte 0x6f, 0x75, 0x74, 0x6c, 0x69, 0x6e, 0x65, 0x3a, 0x20, 0x22, 0x6e, 0x6f, 0x6e, 0x65, 0x22, 0x2c
  .byte 0x0a, 0x20, 0x20, 0x20, 0x20, 0x20, 0x20, 0x20, 0x20, 0x20, 0x20, 0x20, 0x20, 0x20, 0x20, 0x20
  .byte 0x20, 0x62, 0x6f, 0x78, 0x53, 0x69, 0x7a, 0x69, 0x6e, 0x67, 0x3a, 0x20, 0x22, 0x62, 0x6f, 0x72
  .byte 0x64, 0x65, 0x72, 0x2d, 0x62, 0x6f, 0x78, 0x22, 0x2c, 0x0a, 0x20, 0x20, 0x20, 0x20, 0x20, 0x20
  .byte 0x20, 0x20, 0x20, 0x20, 0x20, 0x20, 0x20, 0x20, 0x20, 0x20, 0x72, 0x65, 0x73, 0x69, 0x7a, 0x65
  .byte 0x3a, 0x20, 0x22, 0x6e, 0x6f, 0x6e, 0x65, 0x22, 0x2c, 0x0a, 0x20, 0x20, 0x20, 0x20, 0x20, 0x20
  .byte 0x20, 0x20, 0x20, 0x20, 0x20, 0x20, 0x20, 0x20, 0x20, 0x20, 0x66, 0x6f, 0x6e, 0x74, 0x46, 0x61
  .byte 0x6d, 0x69, 0x6c, 0x79, 0x3a, 0x20, 0x22, 0x69, 0x6e, 0x68, 0x65, 0x72, 0x69, 0x74, 0x22, 0x2c
  .byte 0x0a, 0x20, 0x20, 0x20, 0x20, 0x20, 0x20, 0x20, 0x20, 0x20, 0x20, 0x20, 0x20, 0x20, 0x20, 0x7d
  .byte 0x7d, 0x0a, 0x20, 0x20, 0x20, 0x20, 0x20, 0x20, 0x20, 0x20, 0x20, 0x20, 0x20, 0x20, 0x20, 0x20
  .byte 0x6f, 0x6e, 0x46, 0x6f, 0x63, 0x75, 0x73, 0x3d, 0x7b, 0x28, 0x65, 0x29, 0x20, 0x3d, 0x3e, 0x20
  .byte 0x7b, 0x0a, 0x20, 0x20, 0x20, 0x20, 0x20, 0x20, 0x20, 0x20, 0x20, 0x20, 0x20, 0x20, 0x20, 0x20
  .byte 0x20, 0x20, 0x69, 0x66, 0x20, 0x28, 0x21, 0x69, 0x73, 0x52, 0x75, 0x6e, 0x6e, 0x69, 0x6e, 0x67
  .byte 0x29, 0x20, 0x7b, 0x0a, 0x20, 0x20, 0x20, 0x20, 0x20, 0x20, 0x20, 0x20, 0x20, 0x20, 0x20, 0x20
  .byte 0x20, 0x20, 0x20, 0x20, 0x20, 0x20, 0x63, 0x6f, 0x6e, 0x73, 0x74, 0x20, 0x63, 0x6f, 0x6e, 0x74
  .byte 0x61, 0x69, 0x6e, 0x65, 0x72, 0x20, 0x3d, 0x20, 0x65, 0x2e, 0x63, 0x75, 0x72, 0x72, 0x65, 0x6e
  .byte 0x74, 0x54, 0x61, 0x72, 0x67, 0x65, 0x74, 0x2e, 0x70, 0x61, 0x72, 0x65, 0x6e, 0x74, 0x45, 0x6c
  .byte 0x65, 0x6d, 0x65, 0x6e, 0x74, 0x3b, 0x0a, 0x20, 0x20, 0x20, 0x20, 0x20, 0x20, 0x20, 0x20, 0x20
  .byte 0x20, 0x20, 0x20, 0x20, 0x20, 0x20, 0x20, 0x20, 0x20, 0x69, 0x66, 0x20, 0x28, 0x63, 0x6f, 0x6e
  .byte 0x74, 0x61, 0x69, 0x6e, 0x65, 0x72, 0x29, 0x20, 0x7b, 0x0a, 0x20, 0x20, 0x20, 0x20, 0x20, 0x20
  .byte 0x20, 0x20, 0x20, 0x20, 0x20, 0x20, 0x20, 0x20, 0x20, 0x20, 0x20, 0x20, 0x20, 0x20, 0x63, 0x6f
  .byte 0x6e, 0x74, 0x61, 0x69, 0x6e, 0x65, 0x72, 0x2e, 0x73, 0x74, 0x79, 0x6c, 0x65, 0x2e, 0x62, 0x6f
  .byte 0x72, 0x64, 0x65, 0x72, 0x43, 0x6f, 0x6c, 0x6f, 0x72, 0x20, 0x3d, 0x20, 0x22, 0x23, 0x35, 0x46
  .byte 0x35, 0x31, 0x45, 0x38, 0x22, 0x3b, 0x0a, 0x20, 0x20, 0x20, 0x20, 0x20, 0x20, 0x20, 0x20, 0x20
  .byte 0x20, 0x20, 0x20, 0x20, 0x20, 0x20, 0x20, 0x20, 0x20, 0x20, 0x20, 0x63, 0x6f, 0x6e, 0x74, 0x61
  .byte 0x69, 0x6e, 0x65, 0x72, 0x2e, 0x73, 0x74, 0x79, 0x6c, 0x65, 0x2e, 0x62, 0x6f, 0x78, 0x53, 0x68
  .byte 0x61, 0x64, 0x6f, 0x77, 0x20, 0x3d, 0x20, 0x69, 0x73, 0x44, 0x61, 0x72, 0x6b, 0x0a, 0x20, 0x20
  .byte 0x20, 0x20, 0x20, 0x20, 0x20, 0x20, 0x20, 0x20, 0x20, 0x20, 0x20, 0x20, 0x20, 0x20, 0x20, 0x20
  .byte 0x20, 0x20, 0x20, 0x20, 0x3f, 0x20, 0x22, 0x30, 0x20, 0x30, 0x20, 0x30, 0x20, 0x31, 0x70, 0x78
  .byte 0x20, 0x23, 0x35, 0x46, 0x35, 0x31, 0x45, 0x38, 0x22, 0x0a, 0x20, 0x20, 0x20, 0x20, 0x20, 0x20
  .byte 0x20, 0x20, 0x20, 0x20, 0x20, 0x20, 0x20, 0x20, 0x20, 0x20, 0x20, 0x20, 0x20, 0x20, 0x20, 0x20
  .byte 0x3a, 0x20, 0x22, 0x30, 0x20, 0x30, 0x20, 0x30, 0x20, 0x33, 0x70, 0x78, 0x20, 0x72, 0x67, 0x62
  .byte 0x61, 0x28, 0x39, 0x35, 0x2c, 0x20, 0x38, 0x31, 0x2c, 0x20, 0x32, 0x33, 0x32, 0x2c, 0x20, 0x30
  .byte 0x2e, 0x31, 0x29, 0x22, 0x3b, 0x0a, 0x20, 0x20, 0x20, 0x20, 0x20, 0x20, 0x20, 0x20, 0x20, 0x20
  .byte 0x20, 0x20, 0x20, 0x20, 0x20, 0x20, 0x20, 0x20, 0x7d, 0x0a, 0x20, 0x20, 0x20, 0x20, 0x20, 0x20
  .byte 0x20, 0x20, 0x20, 0x20, 0x20, 0x20, 0x20, 0x20, 0x20, 0x20, 0x7d, 0x0a, 0x20, 0x20, 0x20, 0x20
  .byte 0x20, 0x20, 0x20, 0x20, 0x20, 0x20, 0x20, 0x20, 0x20, 0x20, 0x7d, 0x7d, 0x0a, 0x20, 0x20, 0x20
  .byte 0x20, 0x20, 0x20, 0x20, 0x20, 0x20, 0x20, 0x20, 0x20, 0x20, 0x20, 0x6f, 0x6e, 0x42, 0x6c, 0x75
  .byte 0x72, 0x3d, 0x7b, 0x28, 0x65, 0x29, 0x20, 0x3d, 0x3e, 0x20, 0x7b, 0x0a, 0x20, 0x20, 0x20, 0x20
  .byte 0x20, 0x20, 0x20, 0x20, 0x20, 0x20, 0x20, 0x20, 0x20, 0x20, 0x20, 0x20, 0x63, 0x6f, 0x6e, 0x73
  .byte 0x74, 0x20, 0x63, 0x6f, 0x6e, 0x74, 0x61, 0x69, 0x6e, 0x65, 0x72, 0x20, 0x3d, 0x20, 0x65, 0x2e
  .byte 0x63, 0x75, 0x72, 0x72, 0x65, 0x6e, 0x74, 0x54, 0x61, 0x72, 0x67, 0x65, 0x74, 0x2e, 0x70, 0x61
  .byte 0x72, 0x65, 0x6e, 0x74, 0x45, 0x6c, 0x65, 0x6d, 0x65, 0x6e, 0x74, 0x3b, 0x0a, 0x20, 0x20, 0x20
  .byte 0x20, 0x20, 0x20, 0x20, 0x20, 0x20, 0x20, 0x20, 0x20, 0x20, 0x20, 0x20, 0x20, 0x69, 0x66, 0x20
  .byte 0x28, 0x63, 0x6f, 0x6e, 0x74, 0x61, 0x69, 0x6e, 0x65, 0x72, 0x29, 0x20, 0x7b, 0x0a, 0x20, 0x20
  .byte 0x20, 0x20, 0x20, 0x20, 0x20, 0x20, 0x20, 0x20, 0x20, 0x20, 0x20, 0x20, 0x20, 0x20, 0x20, 0x20
  .byte 0x63, 0x6f, 0x6e, 0x74, 0x61, 0x69, 0x6e, 0x65, 0x72, 0x2e, 0x73, 0x74, 0x79, 0x6c, 0x65, 0x2e
  .byte 0x62, 0x6f, 0x72, 0x64, 0x65, 0x72, 0x43, 0x6f, 0x6c, 0x6f, 0x72, 0x20, 0x3d, 0x20, 0x69, 0x73
  .byte 0x44, 0x61, 0x72, 0x6b, 0x20, 0x3f, 0x20, 0x22, 0x23, 0x31, 0x66, 0x31, 0x66, 0x31, 0x66, 0x22
  .byte 0x20, 0x3a, 0x20, 0x22, 0x23, 0x65, 0x35, 0x65, 0x37, 0x65, 0x62, 0x22, 0x3b, 0x0a, 0x20, 0x20
  .byte 0x20, 0x20, 0x20, 0x20, 0x20, 0x20, 0x20, 0x20, 0x20, 0x20, 0x20, 0x20, 0x20, 0x20, 0x20, 0x20
  .byte 0x63, 0x6f, 0x6e, 0x74, 0x61, 0x69, 0x6e, 0x65, 0x72, 0x2e, 0x73, 0x74, 0x79, 0x6c, 0x65, 0x2e
  .byte 0x62, 0x6f, 0x78, 0x53, 0x68, 0x61, 0x64, 0x6f, 0x77, 0x20, 0x3d, 0x20, 0x22, 0x6e, 0x6f, 0x6e
  .byte 0x65, 0x22, 0x3b, 0x0a, 0x20, 0x20, 0x20, 0x20, 0x20, 0x20, 0x20, 0x20, 0x20, 0x20, 0x20, 0x20
  .byte 0x20, 0x20, 0x20, 0x20, 0x7d, 0x0a, 0x20, 0x20, 0x20, 0x20, 0x20, 0x20, 0x20, 0x20, 0x20, 0x20
  .byte 0x20, 0x20, 0x20, 0x20, 0x7d, 0x7d, 0x0a, 0x20, 0x20, 0x20, 0x20, 0x20, 0x20, 0x20, 0x20, 0x20
  .byte 0x20, 0x20, 0x20, 0x2f, 0x3e, 0x0a, 0x20, 0x20, 0x20, 0x20, 0x20, 0x20, 0x20, 0x20, 0x20, 0x20
  .byte 0x29, 0x7d, 0x0a, 0x20, 0x20, 0x20, 0x20, 0x20, 0x20, 0x20, 0x20, 0x20, 0x20, 0x3c, 0x64, 0x69
  .byte 0x76, 0x0a, 0x20, 0x20, 0x20, 0x20, 0x20, 0x20, 0x20, 0x20, 0x20, 0x20, 0x20, 0x20, 0x73, 0x74
  .byte 0x79, 0x6c, 0x65, 0x3d, 0x7b, 0x7b, 0x0a, 0x20, 0x20, 0x20, 0x20, 0x20, 0x20, 0x20, 0x20, 0x20
  .byte 0x20, 0x20, 0x20, 0x20, 0x20, 0x64, 0x69, 0x73, 0x70, 0x6c, 0x61, 0x79, 0x3a, 0x20, 0x22, 0x66
  .byte 0x6c, 0x65, 0x78, 0x22, 0x2c, 0x0a, 0x20, 0x20, 0x20, 0x20, 0x20, 0x20, 0x20, 0x20, 0x20, 0x20
  .byte 0x20, 0x20, 0x20, 0x20, 0x6a, 0x75, 0x73, 0x74, 0x69, 0x66, 0x79, 0x43, 0x6f, 0x6e, 0x74, 0x65
  .byte 0x6e, 0x74, 0x3a, 0x20, 0x22, 0x66, 0x6c, 0x65, 0x78, 0x2d, 0x65, 0x6e, 0x64, 0x22, 0x2c, 0x0a
  .byte 0x20, 0x20, 0x20, 0x20, 0x20, 0x20, 0x20, 0x20, 0x20, 0x20, 0x20, 0x20, 0x20, 0x20, 0x70, 0x61
  .byte 0x64, 0x64, 0x69, 0x6e, 0x67, 0x3a, 0x20, 0x69, 0x73, 0x4d, 0x6f, 0x62, 0x69, 0x6c, 0x65, 0x20
  .byte 0x3f, 0x20, 0x22, 0x30, 0x20, 0x36, 0x70, 0x78, 0x20, 0x30, 0x20, 0x30, 0x22, 0x20, 0x3a, 0x20
  .byte 0x22, 0x30, 0x20, 0x31, 0x30, 0x70, 0x78, 0x20, 0x31, 0x30, 0x70, 0x78, 0x20, 0x31, 0x30, 0x70
  .byte 0x78, 0x22, 0x2c, 0x0a, 0x20, 0x20, 0x20, 0x20, 0x20, 0x20, 0x20, 0x20, 0x20, 0x20, 0x20, 0x20
  .byte 0x7d, 0x7d, 0x0a, 0x20, 0x20, 0x20, 0x20, 0x20, 0x20, 0x20, 0x20, 0x20, 0x20, 0x3e, 0x0a, 0x20
  .byte 0x20, 0x20, 0x20, 0x20, 0x20, 0x20, 0x20, 0x20, 0x20, 0x20, 0x20, 0x3c, 0x62, 0x75, 0x74, 0x74
  .byte 0x6f, 0x6e, 0x0a, 0x20, 0x20, 0x20, 0x20, 0x20, 0x20, 0x20, 0x20, 0x20, 0x20, 0x20, 0x20, 0x20
  .byte 0x20, 0x74, 0x79, 0x70, 0x65, 0x3d, 0x22, 0x73, 0x75, 0x62, 0x6d, 0x69, 0x74, 0x22, 0x0a, 0x20
  .byte 0x20, 0x20, 0x20, 0x20, 0x20, 0x20, 0x20, 0x20, 0x20, 0x20, 0x20, 0x20, 0x20, 0x64, 0x69, 0x73
  .byte 0x61, 0x62, 0x6c, 0x65, 0x64, 0x3d, 0x7b, 0x69, 0x73, 0x52, 0x75, 0x6e, 0x6e, 0x69, 0x6e, 0x67
  .byte 0x7d, 0x0a, 0x20, 0x20, 0x20, 0x20, 0x20, 0x20, 0x20, 0x20, 0x20, 0x20, 0x20, 0x20, 0x20, 0x20
  .byte 0x73, 0x74, 0x79, 0x6c, 0x65, 0x3d, 0x7b, 0x7b, 0x0a, 0x20, 0x20, 0x20, 0x20, 0x20, 0x20, 0x20
  .byte 0x20, 0x20, 0x20, 0x20, 0x20, 0x20, 0x20, 0x20, 0x20, 0x77, 0x69, 0x64, 0x74, 0x68, 0x3a, 0x20
  .byte 0x69, 0x73, 0x4d, 0x6f, 0x62, 0x69, 0x6c, 0x65, 0x20, 0x3f, 0x20, 0x22, 0x33, 0x32, 0x70, 0x78
  .byte 0x22, 0x20, 0x3a, 0x20, 0x22, 0x33, 0x36, 0x70, 0x78, 0x22, 0x2c, 0x0a, 0x20, 0x20, 0x20, 0x20
  .byte 0x20, 0x20, 0x20, 0x20, 0x20, 0x20, 0x20, 0x20, 0x20, 0x20, 0x20, 0x20, 0x68, 0x65, 0x69, 0x67
  .byte 0x68, 0x74, 0x3a, 0x20, 0x69, 0x73, 0x4d, 0x6f, 0x62, 0x69, 0x6c, 0x65, 0x20, 0x3f, 0x20, 0x22
  .byte 0x33, 0x32, 0x70, 0x78, 0x22, 0x20, 0x3a, 0x20, 0x22, 0x33, 0x36, 0x70, 0x78, 0x22, 0x2c, 0x0a
  .byte 0x20, 0x20, 0x20, 0x20, 0x20, 0x20, 0x20, 0x20, 0x20, 0x20, 0x20, 0x20, 0x20, 0x20, 0x20, 0x20
  .byte 0x62, 0x6f, 0x72, 0x64, 0x65, 0x72, 0x52, 0x61, 0x64, 0x69, 0x75, 0x73, 0x3a, 0x20, 0x22, 0x35
  .byte 0x30, 0x25, 0x22, 0x2c, 0x0a, 0x20, 0x20, 0x20, 0x20, 0x20, 0x20, 0x20, 0x20, 0x20, 0x20, 0x20
  .byte 0x20, 0x20, 0x20, 0x20, 0x20, 0x62, 0x6f, 0x72, 0x64, 0x65, 0x72, 0x3a, 0x20, 0x22, 0x6e, 0x6f
  .byte 0x6e, 0x65, 0x22, 0x2c, 0x0a, 0x20, 0x20, 0x20, 0x20, 0x20, 0x20, 0x20, 0x20, 0x20, 0x20, 0x20
  .byte 0x20, 0x20, 0x20, 0x20, 0x20, 0x62, 0x61, 0x63, 0x6b, 0x67, 0x72, 0x6f, 0x75, 0x6e, 0x64, 0x43
  .byte 0x6f, 0x6c, 0x6f, 0x72, 0x3a, 0x0a, 0x20, 0x20, 0x20, 0x20, 0x20, 0x20, 0x20, 0x20, 0x20, 0x20
  .byte 0x20, 0x20, 0x20, 0x20, 0x20, 0x20, 0x20, 0x20, 0x68, 0x61, 0x73, 0x49, 0x6e, 0x70, 0x75, 0x74
  .byte 0x20, 0x26, 0x26, 0x20, 0x21, 0x69, 0x73, 0x52, 0x75, 0x6e, 0x6e, 0x69, 0x6e, 0x67, 0x20, 0x3f
  .byte 0x20, 0x22, 0x23, 0x35, 0x46, 0x35, 0x31, 0x45, 0x38, 0x22, 0x20, 0x3a, 0x20, 0x69, 0x73, 0x44
  .byte 0x61, 0x72, 0x6b, 0x20, 0x3f, 0x20, 0x22, 0x23, 0x31, 0x61, 0x31, 0x61, 0x31, 0x61, 0x22, 0x20
  .byte 0x3a, 0x20, 0x22, 0x23, 0x65, 0x35, 0x65, 0x37, 0x65, 0x62, 0x22, 0x2c, 0x0a, 0x20, 0x20, 0x20
  .byte 0x20, 0x20, 0x20, 0x20, 0x20, 0x20, 0x20, 0x20, 0x20, 0x20, 0x20, 0x20, 0x20, 0x63, 0x75, 0x72
  .byte 0x73, 0x6f, 0x72, 0x3a, 0x20, 0x68, 0x61, 0x73, 0x49, 0x6e, 0x70, 0x75, 0x74, 0x20, 0x26, 0x26
  .byte 0x20, 0x21, 0x69, 0x73, 0x52, 0x75, 0x6e, 0x6e, 0x69, 0x6e, 0x67, 0x20, 0x3f, 0x20, 0x22, 0x70
  .byte 0x6f, 0x69, 0x6e, 0x74, 0x65, 0x72, 0x22, 0x20, 0x3a, 0x20, 0x22, 0x64, 0x65, 0x66, 0x61, 0x75
  .byte 0x6c, 0x74, 0x22, 0x2c, 0x0a, 0x20, 0x20, 0x20, 0x20, 0x20, 0x20, 0x20, 0x20, 0x20, 0x20, 0x20
  .byte 0x20, 0x20, 0x20, 0x20, 0x20, 0x64, 0x69, 0x73, 0x70, 0x6c, 0x61, 0x79, 0x3a, 0x20, 0x22, 0x66
  .byte 0x6c, 0x65, 0x78, 0x22, 0x2c, 0x0a, 0x20, 0x20, 0x20, 0x20, 0x20, 0x20, 0x20, 0x20, 0x20, 0x20
  .byte 0x20, 0x20, 0x20, 0x20, 0x20, 0x20, 0x61, 0x6c, 0x69, 0x67, 0x6e, 0x49, 0x74, 0x65, 0x6d, 0x73
  .byte 0x3a, 0x20, 0x22, 0x63, 0x65, 0x6e, 0x74, 0x65, 0x72, 0x22, 0x2c, 0x0a, 0x20, 0x20, 0x20, 0x20
  .byte 0x20, 0x20, 0x20, 0x20, 0x20, 0x20, 0x20, 0x20, 0x20, 0x20, 0x20, 0x20, 0x6a, 0x75, 0x73, 0x74
  .byte 0x69, 0x66, 0x79, 0x43, 0x6f, 0x6e, 0x74, 0x65, 0x6e, 0x74, 0x3a, 0x20, 0x22, 0x63, 0x65, 0x6e
  .byte 0x74, 0x65, 0x72, 0x22, 0x2c, 0x0a, 0x20, 0x20, 0x20, 0x20, 0x20, 0x20, 0x20, 0x20, 0x20, 0x20
  .byte 0x20, 0x20, 0x20, 0x20, 0x20, 0x20, 0x74, 0x72, 0x61, 0x6e, 0x73, 0x69, 0x74, 0x69, 0x6f, 0x6e
  .byte 0x3a, 0x20, 0x22, 0x62, 0x61, 0x63, 0x6b, 0x67, 0x72, 0x6f, 0x75, 0x6e, 0x64, 0x2d, 0x63, 0x6f
  .byte 0x6c, 0x6f, 0x72, 0x20, 0x30, 0x2e, 0x32, 0x73, 0x22, 0x2c, 0x0a, 0x20, 0x20, 0x20, 0x20, 0x20
  .byte 0x20, 0x20, 0x20, 0x20, 0x20, 0x20, 0x20, 0x20, 0x20, 0x7d, 0x7d, 0x0a, 0x20, 0x20, 0x20, 0x20
  .byte 0x20, 0x20, 0x20, 0x20, 0x20, 0x20, 0x20, 0x20, 0x3e, 0x0a, 0x20, 0x20, 0x20, 0x20, 0x20, 0x20
  .byte 0x20, 0x20, 0x20, 0x20, 0x20, 0x20, 0x20, 0x20, 0x3c, 0x53, 0x65, 0x6e, 0x64, 0x49, 0x63, 0x6f
  .byte 0x6e, 0x0a, 0x20, 0x20, 0x20, 0x20, 0x20, 0x20, 0x20, 0x20, 0x20, 0x20, 0x20, 0x20, 0x20, 0x20
  .byte 0x20, 0x20, 0x73, 0x69, 0x7a, 0x65, 0x3d, 0x7b, 0x31, 0x36, 0x7d, 0x0a, 0x20, 0x20, 0x20, 0x20
  .byte 0x20, 0x20, 0x20, 0x20, 0x20, 0x20, 0x20, 0x20, 0x20, 0x20, 0x20, 0x20, 0x63, 0x6f, 0x6c, 0x6f
  .byte 0x72, 0x3d, 0x7b, 0x68, 0x61, 0x73, 0x49, 0x6e, 0x70, 0x75, 0x74, 0x20, 0x26, 0x26, 0x20, 0x21
  .byte 0x69, 0x73, 0x52, 0x75, 0x6e, 0x6e, 0x69, 0x6e, 0x67, 0x20, 0x3f, 0x20, 0x22, 0x23, 0x66, 0x66
  .byte 0x66, 0x66, 0x66, 0x66, 0x22, 0x20, 0x3a, 0x20, 0x69, 0x73, 0x44, 0x61, 0x72, 0x6b, 0x20, 0x3f
  .byte 0x20, 0x22, 0x23, 0x34, 0x42, 0x35, 0x35, 0x36, 0x33, 0x22, 0x20, 0x3a, 0x20, 0x22, 0x23, 0x39
  .byte 0x43, 0x41, 0x33, 0x41, 0x46, 0x22, 0x7d, 0x0a, 0x20, 0x20, 0x20, 0x20, 0x20, 0x20, 0x20, 0x20
  .byte 0x20, 0x20, 0x20, 0x20, 0x20, 0x20, 0x2f, 0x3e, 0x0a, 0x20, 0x20, 0x20, 0x20, 0x20, 0x20, 0x20
  .byte 0x20, 0x20, 0x20, 0x20, 0x20, 0x3c, 0x2f, 0x62, 0x75, 0x74, 0x74, 0x6f, 0x6e, 0x3e, 0x0a, 0x20
  .byte 0x20, 0x20, 0x20, 0x20, 0x20, 0x20, 0x20, 0x20, 0x20, 0x3c, 0x2f, 0x64, 0x69, 0x76, 0x3e, 0x0a
  .byte 0x20, 0x20, 0x20, 0x20, 0x20, 0x20, 0x20, 0x20, 0x3c, 0x2f, 0x64, 0x69, 0x76, 0x3e, 0x0a, 0x20
  .byte 0x20, 0x20, 0x20, 0x20, 0x20, 0x3c, 0x2f, 0x66, 0x6f, 0x72, 0x6d, 0x3e, 0x0a, 0x20, 0x20, 0x20
  .byte 0x20, 0x3c, 0x2f, 0x64, 0x69, 0x76, 0x3e, 0x0a, 0x20, 0x20, 0x29, 0x3b, 0x0a, 0x7d, 0x0a

  .globl openui_full_port_examples_react_email_src_components_emailEditor_messageInput_tsx_5e706de375a1_pass_2_len
openui_full_port_examples_react_email_src_components_emailEditor_messageInput_tsx_5e706de375a1_pass_2_len:
  .quad 5151

# assembly pass: 3/4
  .globl openui_full_port_examples_react_email_src_components_emailEditor_messageInput_tsx_5e706de375a1_pass_3
openui_full_port_examples_react_email_src_components_emailEditor_messageInput_tsx_5e706de375a1_pass_3:
  .byte 0x22, 0x75, 0x73, 0x65, 0x20, 0x63, 0x6c, 0x69, 0x65, 0x6e, 0x74, 0x22, 0x3b, 0x0a, 0x0a, 0x69
  .byte 0x6d, 0x70, 0x6f, 0x72, 0x74, 0x20, 0x7b, 0x20, 0x53, 0x65, 0x6e, 0x64, 0x20, 0x61, 0x73, 0x20
  .byte 0x53, 0x65, 0x6e, 0x64, 0x49, 0x63, 0x6f, 0x6e, 0x20, 0x7d, 0x20, 0x66, 0x72, 0x6f, 0x6d, 0x20
  .byte 0x22, 0x6c, 0x75, 0x63, 0x69, 0x64, 0x65, 0x2d, 0x72, 0x65, 0x61, 0x63, 0x74, 0x22, 0x3b, 0x0a
  .byte 0x0a, 0x69, 0x6e, 0x74, 0x65, 0x72, 0x66, 0x61, 0x63, 0x65, 0x20, 0x4d, 0x65, 0x73, 0x73, 0x61
  .byte 0x67, 0x65, 0x49, 0x6e, 0x70, 0x75, 0x74, 0x50, 0x72, 0x6f, 0x70, 0x73, 0x20, 0x7b, 0x0a, 0x20
  .byte 0x20, 0x69, 0x73, 0x44, 0x61, 0x72, 0x6b, 0x3a, 0x20, 0x62, 0x6f, 0x6f, 0x6c, 0x65, 0x61, 0x6e
  .byte 0x3b, 0x0a, 0x20, 0x20, 0x69, 0x73, 0x4d, 0x6f, 0x62, 0x69, 0x6c, 0x65, 0x3a, 0x20, 0x62, 0x6f
  .byte 0x6f, 0x6c, 0x65, 0x61, 0x6e, 0x3b, 0x0a, 0x20, 0x20, 0x69, 0x73, 0x52, 0x75, 0x6e, 0x6e, 0x69
  .byte 0x6e, 0x67, 0x3a, 0x20, 0x62, 0x6f, 0x6f, 0x6c, 0x65, 0x61, 0x6e, 0x3b, 0x0a, 0x20, 0x20, 0x69
  .byte 0x6e, 0x70, 0x75, 0x74, 0x3a, 0x20, 0x73, 0x74, 0x72, 0x69, 0x6e, 0x67, 0x3b, 0x0a, 0x20, 0x20
  .byte 0x6f, 0x6e, 0x49, 0x6e, 0x70, 0x75, 0x74, 0x43, 0x68, 0x61, 0x6e, 0x67, 0x65, 0x3a, 0x20, 0x28
  .byte 0x76, 0x61, 0x6c, 0x75, 0x65, 0x3a, 0x20, 0x73, 0x74, 0x72, 0x69, 0x6e, 0x67, 0x29, 0x20, 0x3d
  .byte 0x3e, 0x20, 0x76, 0x6f, 0x69, 0x64, 0x3b, 0x0a, 0x20, 0x20, 0x6f, 0x6e, 0x53, 0x75, 0x62, 0x6d
  .byte 0x69, 0x74, 0x3a, 0x20, 0x28, 0x65, 0x3a, 0x20, 0x52, 0x65, 0x61, 0x63, 0x74, 0x2e, 0x46, 0x6f
  .byte 0x72, 0x6d, 0x45, 0x76, 0x65, 0x6e, 0x74, 0x29, 0x20, 0x3d, 0x3e, 0x20, 0x76, 0x6f, 0x69, 0x64
  .byte 0x3b, 0x0a, 0x7d, 0x0a, 0x0a, 0x65, 0x78, 0x70, 0x6f, 0x72, 0x74, 0x20, 0x66, 0x75, 0x6e, 0x63
  .byte 0x74, 0x69, 0x6f, 0x6e, 0x20, 0x4d, 0x65, 0x73, 0x73, 0x61, 0x67, 0x65, 0x49, 0x6e, 0x70, 0x75
  .byte 0x74, 0x28, 0x7b, 0x0a, 0x20, 0x20, 0x69, 0x73, 0x44, 0x61, 0x72, 0x6b, 0x2c, 0x0a, 0x20, 0x20
  .byte 0x69, 0x73, 0x4d, 0x6f, 0x62, 0x69, 0x6c, 0x65, 0x2c, 0x0a, 0x20, 0x20, 0x69, 0x73, 0x52, 0x75
  .byte 0x6e, 0x6e, 0x69, 0x6e, 0x67, 0x2c, 0x0a, 0x20, 0x20, 0x69, 0x6e, 0x70, 0x75, 0x74, 0x2c, 0x0a
  .byte 0x20, 0x20, 0x6f, 0x6e, 0x49, 0x6e, 0x70, 0x75, 0x74, 0x43, 0x68, 0x61, 0x6e, 0x67, 0x65, 0x2c
  .byte 0x0a, 0x20, 0x20, 0x6f, 0x6e, 0x53, 0x75, 0x62, 0x6d, 0x69, 0x74, 0x2c, 0x0a, 0x7d, 0x3a, 0x20
  .byte 0x4d, 0x65, 0x73, 0x73, 0x61, 0x67, 0x65, 0x49, 0x6e, 0x70, 0x75, 0x74, 0x50, 0x72, 0x6f, 0x70
  .byte 0x73, 0x29, 0x20, 0x7b, 0x0a, 0x20, 0x20, 0x63, 0x6f, 0x6e, 0x73, 0x74, 0x20, 0x68, 0x61, 0x6e
  .byte 0x64, 0x6c, 0x65, 0x4b, 0x65, 0x79, 0x44, 0x6f, 0x77, 0x6e, 0x20, 0x3d, 0x20, 0x28, 0x65, 0x3a
  .byte 0x20, 0x52, 0x65, 0x61, 0x63, 0x74, 0x2e, 0x4b, 0x65, 0x79, 0x62, 0x6f, 0x61, 0x72, 0x64, 0x45
  .byte 0x76, 0x65, 0x6e, 0x74, 0x3c, 0x48, 0x54, 0x4d, 0x4c, 0x54, 0x65, 0x78, 0x74, 0x41, 0x72, 0x65
  .byte 0x61, 0x45, 0x6c, 0x65, 0x6d, 0x65, 0x6e, 0x74, 0x3e, 0x29, 0x20, 0x3d, 0x3e, 0x20, 0x7b, 0x0a
  .byte 0x20, 0x20, 0x20, 0x20, 0x69, 0x66, 0x20, 0x28, 0x65, 0x2e, 0x6b, 0x65, 0x79, 0x20, 0x3d, 0x3d
  .byte 0x3d, 0x20, 0x22, 0x45, 0x6e, 0x74, 0x65, 0x72, 0x22, 0x20, 0x26, 0x26, 0x20, 0x21, 0x65, 0x2e
  .byte 0x73, 0x68, 0x69, 0x66, 0x74, 0x4b, 0x65, 0x79, 0x29, 0x20, 0x7b, 0x0a, 0x20, 0x20, 0x20, 0x20
  .byte 0x20, 0x20, 0x65, 0x2e, 0x70, 0x72, 0x65, 0x76, 0x65, 0x6e, 0x74, 0x44, 0x65, 0x66, 0x61, 0x75
  .byte 0x6c, 0x74, 0x28, 0x29, 0x3b, 0x0a, 0x20, 0x20, 0x20, 0x20, 0x20, 0x20, 0x6f, 0x6e, 0x53, 0x75
  .byte 0x62, 0x6d, 0x69, 0x74, 0x28, 0x65, 0x29, 0x3b, 0x0a, 0x20, 0x20, 0x20, 0x20, 0x7d, 0x0a, 0x20
  .byte 0x20, 0x7d, 0x3b, 0x0a, 0x0a, 0x20, 0x20, 0x63, 0x6f, 0x6e, 0x73, 0x74, 0x20, 0x68, 0x61, 0x73
  .byte 0x49, 0x6e, 0x70, 0x75, 0x74, 0x20, 0x3d, 0x20, 0x69, 0x6e, 0x70, 0x75, 0x74, 0x2e, 0x74, 0x72
  .byte 0x69, 0x6d, 0x28, 0x29, 0x2e, 0x6c, 0x65, 0x6e, 0x67, 0x74, 0x68, 0x20, 0x3e, 0x20, 0x30, 0x3b
  .byte 0x0a, 0x0a, 0x20, 0x20, 0x72, 0x65, 0x74, 0x75, 0x72, 0x6e, 0x20, 0x28, 0x0a, 0x20, 0x20, 0x20
  .byte 0x20, 0x3c, 0x64, 0x69, 0x76, 0x0a, 0x20, 0x20, 0x20, 0x20, 0x20, 0x20, 0x73, 0x74, 0x79, 0x6c
  .byte 0x65, 0x3d, 0x7b, 0x7b, 0x0a, 0x20, 0x20, 0x20, 0x20, 0x20, 0x20, 0x20, 0x20, 0x66, 0x6c, 0x65
  .byte 0x78, 0x53, 0x68, 0x72, 0x69, 0x6e, 0x6b, 0x3a, 0x20, 0x30, 0x2c, 0x0a, 0x20, 0x20, 0x20, 0x20
  .byte 0x20, 0x20, 0x20, 0x20, 0x70, 0x61, 0x64, 0x64, 0x69, 0x6e, 0x67, 0x3a, 0x20, 0x69, 0x73, 0x4d
  .byte 0x6f, 0x62, 0x69, 0x6c, 0x65, 0x20, 0x3f, 0x20, 0x22, 0x38, 0x70, 0x78, 0x20, 0x31, 0x32, 0x70
  .byte 0x78, 0x22, 0x20, 0x3a, 0x20, 0x22, 0x31, 0x36, 0x70, 0x78, 0x20, 0x32, 0x34, 0x70, 0x78, 0x22
  .byte 0x2c, 0x0a, 0x20, 0x20, 0x20, 0x20, 0x20, 0x20, 0x20, 0x20, 0x62, 0x61, 0x63, 0x6b, 0x67, 0x72
  .byte 0x6f, 0x75, 0x6e, 0x64, 0x43, 0x6f, 0x6c, 0x6f, 0x72, 0x3a, 0x20, 0x69, 0x73, 0x44, 0x61, 0x72
  .byte 0x6b, 0x20, 0x3f, 0x20, 0x22, 0x23, 0x30, 0x61, 0x30, 0x61, 0x30, 0x61, 0x22, 0x20, 0x3a, 0x20
  .byte 0x22, 0x23, 0x66, 0x66, 0x66, 0x66, 0x66, 0x66, 0x22, 0x2c, 0x0a, 0x20, 0x20, 0x20, 0x20, 0x20
  .byte 0x20, 0x20, 0x20, 0x62, 0x6f, 0x72, 0x64, 0x65, 0x72, 0x54, 0x6f, 0x70, 0x3a, 0x20, 0x60, 0x31
  .byte 0x70, 0x78, 0x20, 0x73, 0x6f, 0x6c, 0x69, 0x64, 0x20, 0x24, 0x7b, 0x69, 0x73, 0x44, 0x61, 0x72
  .byte 0x6b, 0x20, 0x3f, 0x20, 0x22, 0x23, 0x31, 0x61, 0x31, 0x61, 0x31, 0x61, 0x22, 0x20, 0x3a, 0x20
  .byte 0x22, 0x23, 0x65, 0x35, 0x65, 0x37, 0x65, 0x62, 0x22, 0x7d, 0x60, 0x2c, 0x0a, 0x20, 0x20, 0x20
  .byte 0x20, 0x20, 0x20, 0x7d, 0x7d, 0x0a, 0x20, 0x20, 0x20, 0x20, 0x3e, 0x0a, 0x20, 0x20, 0x20, 0x20
  .byte 0x20, 0x20, 0x3c, 0x66, 0x6f, 0x72, 0x6d, 0x20, 0x6f, 0x6e, 0x53, 0x75, 0x62, 0x6d, 0x69, 0x74
  .byte 0x3d, 0x7b, 0x6f, 0x6e, 0x53, 0x75, 0x62, 0x6d, 0x69, 0x74, 0x7d, 0x20, 0x73, 0x74, 0x79, 0x6c
  .byte 0x65, 0x3d, 0x7b, 0x7b, 0x20, 0x6d, 0x61, 0x72, 0x67, 0x69, 0x6e, 0x3a, 0x20, 0x22, 0x30, 0x20
  .byte 0x61, 0x75, 0x74, 0x6f, 0x22, 0x2c, 0x20, 0x6d, 0x61, 0x78, 0x57, 0x69, 0x64, 0x74, 0x68, 0x3a
  .byte 0x20, 0x69, 0x73, 0x4d, 0x6f, 0x62, 0x69, 0x6c, 0x65, 0x20, 0x3f, 0x20, 0x22, 0x31, 0x30, 0x30
  .byte 0x25, 0x22, 0x20, 0x3a, 0x20, 0x22, 0x38, 0x30, 0x30, 0x70, 0x78, 0x22, 0x20, 0x7d, 0x7d, 0x3e
  .byte 0x0a, 0x20, 0x20, 0x20, 0x20, 0x20, 0x20, 0x20, 0x20, 0x3c, 0x64, 0x69, 0x76, 0x0a, 0x20, 0x20
  .byte 0x20, 0x20, 0x20, 0x20, 0x20, 0x20, 0x20, 0x20, 0x73, 0x74, 0x79, 0x6c, 0x65, 0x3d, 0x7b, 0x7b
  .byte 0x0a, 0x20, 0x20, 0x20, 0x20, 0x20, 0x20, 0x20, 0x20, 0x20, 0x20, 0x20, 0x20, 0x62, 0x6f, 0x72
  .byte 0x64, 0x65, 0x72, 0x52, 0x61, 0x64, 0x69, 0x75, 0x73, 0x3a, 0x20, 0x69, 0x73, 0x4d, 0x6f, 0x62
  .byte 0x69, 0x6c, 0x65, 0x20, 0x3f, 0x20, 0x22, 0x31, 0x30, 0x70, 0x78, 0x22, 0x20, 0x3a, 0x20, 0x22
  .byte 0x31, 0x34, 0x70, 0x78, 0x22, 0x2c, 0x0a, 0x20, 0x20, 0x20, 0x20, 0x20, 0x20, 0x20, 0x20, 0x20
  .byte 0x20, 0x20, 0x20, 0x62, 0x6f, 0x72, 0x64, 0x65, 0x72, 0x3a, 0x20, 0x60, 0x31, 0x70, 0x78, 0x20
  .byte 0x73, 0x6f, 0x6c, 0x69, 0x64, 0x20, 0x24, 0x7b, 0x69, 0x73, 0x44, 0x61, 0x72, 0x6b, 0x20, 0x3f
  .byte 0x20, 0x22, 0x23, 0x31, 0x66, 0x31, 0x66, 0x31, 0x66, 0x22, 0x20, 0x3a, 0x20, 0x22, 0x23, 0x65
  .byte 0x35, 0x65, 0x37, 0x65, 0x62, 0x22, 0x7d, 0x60, 0x2c, 0x0a, 0x20, 0x20, 0x20, 0x20, 0x20, 0x20
  .byte 0x20, 0x20, 0x20, 0x20, 0x20, 0x20, 0x62, 0x61, 0x63, 0x6b, 0x67, 0x72, 0x6f, 0x75, 0x6e, 0x64
  .byte 0x43, 0x6f, 0x6c, 0x6f, 0x72, 0x3a, 0x20, 0x69, 0x73, 0x44, 0x61, 0x72, 0x6b, 0x20, 0x3f, 0x20
  .byte 0x22, 0x23, 0x31, 0x31, 0x31, 0x31, 0x31, 0x31, 0x22, 0x20, 0x3a, 0x20, 0x22, 0x23, 0x66, 0x39
  .byte 0x66, 0x61, 0x66, 0x62, 0x22, 0x2c, 0x0a, 0x20, 0x20, 0x20, 0x20, 0x20, 0x20, 0x20, 0x20, 0x20
  .byte 0x20, 0x20, 0x20, 0x6f, 0x76, 0x65, 0x72, 0x66, 0x6c, 0x6f, 0x77, 0x3a, 0x20, 0x22, 0x68, 0x69
  .byte 0x64, 0x64, 0x65, 0x6e, 0x22, 0x2c, 0x0a, 0x20, 0x20, 0x20, 0x20, 0x20, 0x20, 0x20, 0x20, 0x20
  .byte 0x20, 0x20, 0x20, 0x74, 0x72, 0x61, 0x6e, 0x73, 0x69, 0x74, 0x69, 0x6f, 0x6e, 0x3a, 0x20, 0x22
  .byte 0x62, 0x6f, 0x72, 0x64, 0x65, 0x72, 0x2d, 0x63, 0x6f, 0x6c, 0x6f, 0x72, 0x20, 0x30, 0x2e, 0x32
  .byte 0x73, 0x2c, 0x20, 0x62, 0x6f, 0x78, 0x2d, 0x73, 0x68, 0x61, 0x64, 0x6f, 0x77, 0x20, 0x30, 0x2e
  .byte 0x32, 0x73, 0x22, 0x2c, 0x0a, 0x20, 0x20, 0x20, 0x20, 0x20, 0x20, 0x20, 0x20, 0x20, 0x20, 0x20
  .byte 0x20, 0x6f, 0x70, 0x61, 0x63, 0x69, 0x74, 0x79, 0x3a, 0x20, 0x69, 0x73, 0x52, 0x75, 0x6e, 0x6e
  .byte 0x69, 0x6e, 0x67, 0x20, 0x3f, 0x20, 0x30, 0x2e, 0x35, 0x20, 0x3a, 0x20, 0x31, 0x2c, 0x0a, 0x20
  .byte 0x20, 0x20, 0x20, 0x20, 0x20, 0x20, 0x20, 0x20, 0x20, 0x20, 0x20, 0x64, 0x69, 0x73, 0x70, 0x6c
  .byte 0x61, 0x79, 0x3a, 0x20, 0x69, 0x73, 0x4d, 0x6f, 0x62, 0x69, 0x6c, 0x65, 0x20, 0x3f, 0x20, 0x22
  .byte 0x66, 0x6c, 0x65, 0x78, 0x22, 0x20, 0x3a, 0x20, 0x75, 0x6e, 0x64, 0x65, 0x66, 0x69, 0x6e, 0x65
  .byte 0x64, 0x2c, 0x0a, 0x20, 0x20, 0x20, 0x20, 0x20, 0x20, 0x20, 0x20, 0x20, 0x20, 0x20, 0x20, 0x61
  .byte 0x6c, 0x69, 0x67, 0x6e, 0x49, 0x74, 0x65, 0x6d, 0x73, 0x3a, 0x20, 0x69, 0x73, 0x4d, 0x6f, 0x62
  .byte 0x69, 0x6c, 0x65, 0x20, 0x3f, 0x20, 0x22, 0x63, 0x65, 0x6e, 0x74, 0x65, 0x72, 0x22, 0x20, 0x3a
  .byte 0x20, 0x75, 0x6e, 0x64, 0x65, 0x66, 0x69, 0x6e, 0x65, 0x64, 0x2c, 0x0a, 0x20, 0x20, 0x20, 0x20
  .byte 0x20, 0x20, 0x20, 0x20, 0x20, 0x20, 0x7d, 0x7d, 0x0a, 0x20, 0x20, 0x20, 0x20, 0x20, 0x20, 0x20
  .byte 0x20, 0x3e, 0x0a, 0x20, 0x20, 0x20, 0x20, 0x20, 0x20, 0x20, 0x20, 0x20, 0x20, 0x7b, 0x69, 0x73
  .byte 0x4d, 0x6f, 0x62, 0x69, 0x6c, 0x65, 0x20, 0x3f, 0x20, 0x28, 0x0a, 0x20, 0x20, 0x20, 0x20, 0x20
  .byte 0x20, 0x20, 0x20, 0x20, 0x20, 0x20, 0x20, 0x3c, 0x69, 0x6e, 0x70, 0x75, 0x74, 0x0a, 0x20, 0x20
  .byte 0x20, 0x20, 0x20, 0x20, 0x20, 0x20, 0x20, 0x20, 0x20, 0x20, 0x20, 0x20, 0x76, 0x61, 0x6c, 0x75
  .byte 0x65, 0x3d, 0x7b, 0x69, 0x6e, 0x70, 0x75, 0x74, 0x7d, 0x0a, 0x20, 0x20, 0x20, 0x20, 0x20, 0x20
  .byte 0x20, 0x20, 0x20, 0x20, 0x20, 0x20, 0x20, 0x20, 0x6f, 0x6e, 0x43, 0x68, 0x61, 0x6e, 0x67, 0x65
  .byte 0x3d, 0x7b, 0x28, 0x65, 0x29, 0x20, 0x3d, 0x3e, 0x20, 0x6f, 0x6e, 0x49, 0x6e, 0x70, 0x75, 0x74
  .byte 0x43, 0x68, 0x61, 0x6e, 0x67, 0x65, 0x28, 0x65, 0x2e, 0x74, 0x61, 0x72, 0x67, 0x65, 0x74, 0x2e
  .byte 0x76, 0x61, 0x6c, 0x75, 0x65, 0x29, 0x7d, 0x0a, 0x20, 0x20, 0x20, 0x20, 0x20, 0x20, 0x20, 0x20
  .byte 0x20, 0x20, 0x20, 0x20, 0x20, 0x20, 0x70, 0x6c, 0x61, 0x63, 0x65, 0x68, 0x6f, 0x6c, 0x64, 0x65
  .byte 0x72, 0x3d, 0x22, 0x41, 0x73, 0x6b, 0x20, 0x66, 0x6f, 0x72, 0x20, 0x63, 0x68, 0x61, 0x6e, 0x67
  .byte 0x65, 0x73, 0x2e, 0x2e, 0x2e, 0x22, 0x0a, 0x20, 0x20, 0x20, 0x20, 0x20, 0x20, 0x20, 0x20, 0x20
  .byte 0x20, 0x20, 0x20, 0x20, 0x20, 0x64, 0x69, 0x73, 0x61, 0x62, 0x6c, 0x65, 0x64, 0x3d, 0x7b, 0x69
  .byte 0x73, 0x52, 0x75, 0x6e, 0x6e, 0x69, 0x6e, 0x67, 0x7d, 0x0a, 0x20, 0x20, 0x20, 0x20, 0x20, 0x20
  .byte 0x20, 0x20, 0x20, 0x20, 0x20, 0x20, 0x20, 0x20, 0x73, 0x74, 0x79, 0x6c, 0x65, 0x3d, 0x7b, 0x7b
  .byte 0x0a, 0x20, 0x20, 0x20, 0x20, 0x20, 0x20, 0x20, 0x20, 0x20, 0x20, 0x20, 0x20, 0x20, 0x20, 0x20
  .byte 0x20, 0x66, 0x6c, 0x65, 0x78, 0x3a, 0x20, 0x31, 0x2c, 0x0a, 0x20, 0x20, 0x20, 0x20, 0x20, 0x20
  .byte 0x20, 0x20, 0x20, 0x20, 0x20, 0x20, 0x20, 0x20, 0x20, 0x20, 0x70, 0x61, 0x64, 0x64, 0x69, 0x6e
  .byte 0x67, 0x3a, 0x20, 0x22, 0x31, 0x32, 0x70, 0x78, 0x20, 0x31, 0x34, 0x70, 0x78, 0x22, 0x2c, 0x0a
  .byte 0x20, 0x20, 0x20, 0x20, 0x20, 0x20, 0x20, 0x20, 0x20, 0x20, 0x20, 0x20, 0x20, 0x20, 0x20, 0x20
  .byte 0x66, 0x6f, 0x6e, 0x74, 0x53, 0x69, 0x7a, 0x65, 0x3a, 0x20, 0x22, 0x31, 0x34, 0x70, 0x78, 0x22
  .byte 0x2c, 0x0a, 0x20, 0x20, 0x20, 0x20, 0x20, 0x20, 0x20, 0x20, 0x20, 0x20, 0x20, 0x20, 0x20, 0x20
  .byte 0x20, 0x20, 0x62, 0x6f, 0x72, 0x64, 0x65, 0x72, 0x3a, 0x20, 0x22, 0x6e, 0x6f, 0x6e, 0x65, 0x22
  .byte 0x2c, 0x0a, 0x20, 0x20, 0x20, 0x20, 0x20, 0x20, 0x20, 0x20, 0x20, 0x20, 0x20, 0x20, 0x20, 0x20
  .byte 0x20, 0x20, 0x62, 0x61, 0x63, 0x6b, 0x67, 0x72, 0x6f, 0x75, 0x6e, 0x64, 0x43, 0x6f, 0x6c, 0x6f
  .byte 0x72, 0x3a, 0x20, 0x22, 0x74, 0x72, 0x61, 0x6e, 0x73, 0x70, 0x61, 0x72, 0x65, 0x6e, 0x74, 0x22
  .byte 0x2c, 0x0a, 0x20, 0x20, 0x20, 0x20, 0x20, 0x20, 0x20, 0x20, 0x20, 0x20, 0x20, 0x20, 0x20, 0x20
  .byte 0x20, 0x20, 0x63, 0x6f, 0x6c, 0x6f, 0x72, 0x3a, 0x20, 0x69, 0x73, 0x44, 0x61, 0x72, 0x6b, 0x20
  .byte 0x3f, 0x20, 0x22, 0x23, 0x66, 0x35, 0x66, 0x35, 0x66, 0x35, 0x22, 0x20, 0x3a, 0x20, 0x22, 0x23
  .byte 0x31, 0x31, 0x31, 0x38, 0x32, 0x37, 0x22, 0x2c, 0x0a, 0x20, 0x20, 0x20, 0x20, 0x20, 0x20, 0x20
  .byte 0x20, 0x20, 0x20, 0x20, 0x20, 0x20, 0x20, 0x20, 0x20, 0x6f, 0x75, 0x74, 0x6c, 0x69, 0x6e, 0x65
  .byte 0x3a, 0x20, 0x22, 0x6e, 0x6f, 0x6e, 0x65, 0x22, 0x2c, 0x0a, 0x20, 0x20, 0x20, 0x20, 0x20, 0x20
  .byte 0x20, 0x20, 0x20, 0x20, 0x20, 0x20, 0x20, 0x20, 0x20, 0x20, 0x62, 0x6f, 0x78, 0x53, 0x69, 0x7a
  .byte 0x69, 0x6e, 0x67, 0x3a, 0x20, 0x22, 0x62, 0x6f, 0x72, 0x64, 0x65, 0x72, 0x2d, 0x62, 0x6f, 0x78
  .byte 0x22, 0x2c, 0x0a, 0x20, 0x20, 0x20, 0x20, 0x20, 0x20, 0x20, 0x20, 0x20, 0x20, 0x20, 0x20, 0x20
  .byte 0x20, 0x20, 0x20, 0x66, 0x6f, 0x6e, 0x74, 0x46, 0x61, 0x6d, 0x69, 0x6c, 0x79, 0x3a, 0x20, 0x22
  .byte 0x69, 0x6e, 0x68, 0x65, 0x72, 0x69, 0x74, 0x22, 0x2c, 0x0a, 0x20, 0x20, 0x20, 0x20, 0x20, 0x20
  .byte 0x20, 0x20, 0x20, 0x20, 0x20, 0x20, 0x20, 0x20, 0x7d, 0x7d, 0x0a, 0x20, 0x20, 0x20, 0x20, 0x20
  .byte 0x20, 0x20, 0x20, 0x20, 0x20, 0x20, 0x20, 0x20, 0x20, 0x6f, 0x6e, 0x46, 0x6f, 0x63, 0x75, 0x73
  .byte 0x3d, 0x7b, 0x28, 0x65, 0x29, 0x20, 0x3d, 0x3e, 0x20, 0x7b, 0x0a, 0x20, 0x20, 0x20, 0x20, 0x20
  .byte 0x20, 0x20, 0x20, 0x20, 0x20, 0x20, 0x20, 0x20, 0x20, 0x20, 0x20, 0x69, 0x66, 0x20, 0x28, 0x21
  .byte 0x69, 0x73, 0x52, 0x75, 0x6e, 0x6e, 0x69, 0x6e, 0x67, 0x29, 0x20, 0x7b, 0x0a, 0x20, 0x20, 0x20
  .byte 0x20, 0x20, 0x20, 0x20, 0x20, 0x20, 0x20, 0x20, 0x20, 0x20, 0x20, 0x20, 0x20, 0x20, 0x20, 0x63
  .byte 0x6f, 0x6e, 0x73, 0x74, 0x20, 0x63, 0x6f, 0x6e, 0x74, 0x61, 0x69, 0x6e, 0x65, 0x72, 0x20, 0x3d
  .byte 0x20, 0x65, 0x2e, 0x63, 0x75, 0x72, 0x72, 0x65, 0x6e, 0x74, 0x54, 0x61, 0x72, 0x67, 0x65, 0x74
  .byte 0x2e, 0x70, 0x61, 0x72, 0x65, 0x6e, 0x74, 0x45, 0x6c, 0x65, 0x6d, 0x65, 0x6e, 0x74, 0x3b, 0x0a
  .byte 0x20, 0x20, 0x20, 0x20, 0x20, 0x20, 0x20, 0x20, 0x20, 0x20, 0x20, 0x20, 0x20, 0x20, 0x20, 0x20
  .byte 0x20, 0x20, 0x69, 0x66, 0x20, 0x28, 0x63, 0x6f, 0x6e, 0x74, 0x61, 0x69, 0x6e, 0x65, 0x72, 0x29
  .byte 0x20, 0x63, 0x6f, 0x6e, 0x74, 0x61, 0x69, 0x6e, 0x65, 0x72, 0x2e, 0x73, 0x74, 0x79, 0x6c, 0x65
  .byte 0x2e, 0x62, 0x6f, 0x72, 0x64, 0x65, 0x72, 0x43, 0x6f, 0x6c, 0x6f, 0x72, 0x20, 0x3d, 0x20, 0x22
  .byte 0x23, 0x35, 0x46, 0x35, 0x31, 0x45, 0x38, 0x22, 0x3b, 0x0a, 0x20, 0x20, 0x20, 0x20, 0x20, 0x20
  .byte 0x20, 0x20, 0x20, 0x20, 0x20, 0x20, 0x20, 0x20, 0x20, 0x20, 0x7d, 0x0a, 0x20, 0x20, 0x20, 0x20
  .byte 0x20, 0x20, 0x20, 0x20, 0x20, 0x20, 0x20, 0x20, 0x20, 0x20, 0x7d, 0x7d, 0x0a, 0x20, 0x20, 0x20
  .byte 0x20, 0x20, 0x20, 0x20, 0x20, 0x20, 0x20, 0x20, 0x20, 0x20, 0x20, 0x6f, 0x6e, 0x42, 0x6c, 0x75
  .byte 0x72, 0x3d, 0x7b, 0x28, 0x65, 0x29, 0x20, 0x3d, 0x3e, 0x20, 0x7b, 0x0a, 0x20, 0x20, 0x20, 0x20
  .byte 0x20, 0x20, 0x20, 0x20, 0x20, 0x20, 0x20, 0x20, 0x20, 0x20, 0x20, 0x20, 0x63, 0x6f, 0x6e, 0x73
  .byte 0x74, 0x20, 0x63, 0x6f, 0x6e, 0x74, 0x61, 0x69, 0x6e, 0x65, 0x72, 0x20, 0x3d, 0x20, 0x65, 0x2e
  .byte 0x63, 0x75, 0x72, 0x72, 0x65, 0x6e, 0x74, 0x54, 0x61, 0x72, 0x67, 0x65, 0x74, 0x2e, 0x70, 0x61
  .byte 0x72, 0x65, 0x6e, 0x74, 0x45, 0x6c, 0x65, 0x6d, 0x65, 0x6e, 0x74, 0x3b, 0x0a, 0x20, 0x20, 0x20
  .byte 0x20, 0x20, 0x20, 0x20, 0x20, 0x20, 0x20, 0x20, 0x20, 0x20, 0x20, 0x20, 0x20, 0x69, 0x66, 0x20
  .byte 0x28, 0x63, 0x6f, 0x6e, 0x74, 0x61, 0x69, 0x6e, 0x65, 0x72, 0x29, 0x20, 0x63, 0x6f, 0x6e, 0x74
  .byte 0x61, 0x69, 0x6e, 0x65, 0x72, 0x2e, 0x73, 0x74, 0x79, 0x6c, 0x65, 0x2e, 0x62, 0x6f, 0x72, 0x64
  .byte 0x65, 0x72, 0x43, 0x6f, 0x6c, 0x6f, 0x72, 0x20, 0x3d, 0x20, 0x69, 0x73, 0x44, 0x61, 0x72, 0x6b
  .byte 0x20, 0x3f, 0x20, 0x22, 0x23, 0x31, 0x66, 0x31, 0x66, 0x31, 0x66, 0x22, 0x20, 0x3a, 0x20, 0x22
  .byte 0x23, 0x65, 0x35, 0x65, 0x37, 0x65, 0x62, 0x22, 0x3b, 0x0a, 0x20, 0x20, 0x20, 0x20, 0x20, 0x20
  .byte 0x20, 0x20, 0x20, 0x20, 0x20, 0x20, 0x20, 0x20, 0x7d, 0x7d, 0x0a, 0x20, 0x20, 0x20, 0x20, 0x20
  .byte 0x20, 0x20, 0x20, 0x20, 0x20, 0x20, 0x20, 0x2f, 0x3e, 0x0a, 0x20, 0x20, 0x20, 0x20, 0x20, 0x20
  .byte 0x20, 0x20, 0x20, 0x20, 0x29, 0x20, 0x3a, 0x20, 0x28, 0x0a, 0x20, 0x20, 0x20, 0x20, 0x20, 0x20
  .byte 0x20, 0x20, 0x20, 0x20, 0x20, 0x20, 0x3c, 0x74, 0x65, 0x78, 0x74, 0x61, 0x72, 0x65, 0x61, 0x0a
  .byte 0x20, 0x20, 0x20, 0x20, 0x20, 0x20, 0x20, 0x20, 0x20, 0x20, 0x20, 0x20, 0x20, 0x20, 0x76, 0x61
  .byte 0x6c, 0x75, 0x65, 0x3d, 0x7b, 0x69, 0x6e, 0x70, 0x75, 0x74, 0x7d, 0x0a, 0x20, 0x20, 0x20, 0x20
  .byte 0x20, 0x20, 0x20, 0x20, 0x20, 0x20, 0x20, 0x20, 0x20, 0x20, 0x6f, 0x6e, 0x43, 0x68, 0x61, 0x6e
  .byte 0x67, 0x65, 0x3d, 0x7b, 0x28, 0x65, 0x29, 0x20, 0x3d, 0x3e, 0x20, 0x6f, 0x6e, 0x49, 0x6e, 0x70
  .byte 0x75, 0x74, 0x43, 0x68, 0x61, 0x6e, 0x67, 0x65, 0x28, 0x65, 0x2e, 0x74, 0x61, 0x72, 0x67, 0x65
  .byte 0x74, 0x2e, 0x76, 0x61, 0x6c, 0x75, 0x65, 0x29, 0x7d, 0x0a, 0x20, 0x20, 0x20, 0x20, 0x20, 0x20
  .byte 0x20, 0x20, 0x20, 0x20, 0x20, 0x20, 0x20, 0x20, 0x6f, 0x6e, 0x4b, 0x65, 0x79, 0x44, 0x6f, 0x77
  .byte 0x6e, 0x3d, 0x7b, 0x68, 0x61, 0x6e, 0x64, 0x6c, 0x65, 0x4b, 0x65, 0x79, 0x44, 0x6f, 0x77, 0x6e
  .byte 0x7d, 0x0a, 0x20, 0x20, 0x20, 0x20, 0x20, 0x20, 0x20, 0x20, 0x20, 0x20, 0x20, 0x20, 0x20, 0x20
  .byte 0x70, 0x6c, 0x61, 0x63, 0x65, 0x68, 0x6f, 0x6c, 0x64, 0x65, 0x72, 0x3d, 0x22, 0x44, 0x65, 0x73
  .byte 0x63, 0x72, 0x69, 0x62, 0x65, 0x20, 0x77, 0x68, 0x61, 0x74, 0x20, 0x79, 0x6f, 0x75, 0x27, 0x64
  .byte 0x20, 0x6c, 0x69, 0x6b, 0x65, 0x20, 0x74, 0x6f, 0x20, 0x63, 0x68, 0x61, 0x6e, 0x67, 0x65, 0x2e
  .byte 0x2e, 0x2e, 0x22, 0x0a, 0x20, 0x20, 0x20, 0x20, 0x20, 0x20, 0x20, 0x20, 0x20, 0x20, 0x20, 0x20
  .byte 0x20, 0x20, 0x64, 0x69, 0x73, 0x61, 0x62, 0x6c, 0x65, 0x64, 0x3d, 0x7b, 0x69, 0x73, 0x52, 0x75
  .byte 0x6e, 0x6e, 0x69, 0x6e, 0x67, 0x7d, 0x0a, 0x20, 0x20, 0x20, 0x20, 0x20, 0x20, 0x20, 0x20, 0x20
  .byte 0x20, 0x20, 0x20, 0x20, 0x20, 0x72, 0x6f, 0x77, 0x73, 0x3d, 0x7b, 0x33, 0x7d, 0x0a, 0x20, 0x20
  .byte 0x20, 0x20, 0x20, 0x20, 0x20, 0x20, 0x20, 0x20, 0x20, 0x20, 0x20, 0x20, 0x73, 0x74, 0x79, 0x6c
  .byte 0x65, 0x3d, 0x7b, 0x7b, 0x0a, 0x20, 0x20, 0x20, 0x20, 0x20, 0x20, 0x20, 0x20, 0x20, 0x20, 0x20
  .byte 0x20, 0x20, 0x20, 0x20, 0x20, 0x77, 0x69, 0x64, 0x74, 0x68, 0x3a, 0x20, 0x22, 0x31, 0x30, 0x30
  .byte 0x25, 0x22, 0x2c, 0x0a, 0x20, 0x20, 0x20, 0x20, 0x20, 0x20, 0x20, 0x20, 0x20, 0x20, 0x20, 0x20
  .byte 0x20, 0x20, 0x20, 0x20, 0x70, 0x61, 0x64, 0x64, 0x69, 0x6e, 0x67, 0x3a, 0x20, 0x22, 0x31, 0x36
  .byte 0x70, 0x78, 0x20, 0x31, 0x36, 0x70, 0x78, 0x20, 0x34, 0x30, 0x70, 0x78, 0x20, 0x31, 0x36, 0x70
  .byte 0x78, 0x22, 0x2c, 0x0a, 0x20, 0x20, 0x20, 0x20, 0x20, 0x20, 0x20, 0x20, 0x20, 0x20, 0x20, 0x20
  .byte 0x20, 0x20, 0x20, 0x20, 0x66, 0x6f, 0x6e, 0x74, 0x53, 0x69, 0x7a, 0x65, 0x3a, 0x20, 0x22, 0x31
  .byte 0x34, 0x70, 0x78, 0x22, 0x2c, 0x0a, 0x20, 0x20, 0x20, 0x20, 0x20, 0x20, 0x20, 0x20, 0x20, 0x20
  .byte 0x20, 0x20, 0x20, 0x20, 0x20, 0x20, 0x6c, 0x69, 0x6e, 0x65, 0x48, 0x65, 0x69, 0x67, 0x68, 0x74
  .byte 0x3a, 0x20, 0x22, 0x31, 0x2e, 0x36, 0x22, 0x2c, 0x0a, 0x20, 0x20, 0x20, 0x20, 0x20, 0x20, 0x20
  .byte 0x20, 0x20, 0x20, 0x20, 0x20, 0x20, 0x20, 0x20, 0x20, 0x62, 0x6f, 0x72, 0x64, 0x65, 0x72, 0x3a
  .byte 0x20, 0x22, 0x6e, 0x6f, 0x6e, 0x65, 0x22, 0x2c, 0x0a, 0x20, 0x20, 0x20, 0x20, 0x20, 0x20, 0x20
  .byte 0x20, 0x20, 0x20, 0x20, 0x20, 0x20, 0x20, 0x20, 0x20, 0x62, 0x61, 0x63, 0x6b, 0x67, 0x72, 0x6f
  .byte 0x75, 0x6e, 0x64, 0x43, 0x6f, 0x6c, 0x6f, 0x72, 0x3a, 0x20, 0x22, 0x74, 0x72, 0x61, 0x6e, 0x73
  .byte 0x70, 0x61, 0x72, 0x65, 0x6e, 0x74, 0x22, 0x2c, 0x0a, 0x20, 0x20, 0x20, 0x20, 0x20, 0x20, 0x20
  .byte 0x20, 0x20, 0x20, 0x20, 0x20, 0x20, 0x20, 0x20, 0x20, 0x63, 0x6f, 0x6c, 0x6f, 0x72, 0x3a, 0x20
  .byte 0x69, 0x73, 0x44, 0x61, 0x72, 0x6b, 0x20, 0x3f, 0x20, 0x22, 0x23, 0x66, 0x35, 0x66, 0x35, 0x66
  .byte 0x35, 0x22, 0x20, 0x3a, 0x20, 0x22, 0x23, 0x31, 0x31, 0x31, 0x38, 0x32, 0x37, 0x22, 0x2c, 0x0a
  .byte 0x20, 0x20, 0x20, 0x20, 0x20, 0x20, 0x20, 0x20, 0x20, 0x20, 0x20, 0x20, 0x20, 0x20, 0x20, 0x20
  .byte 0x6f, 0x75, 0x74, 0x6c, 0x69, 0x6e, 0x65, 0x3a, 0x20, 0x22, 0x6e, 0x6f, 0x6e, 0x65, 0x22, 0x2c
  .byte 0x0a, 0x20, 0x20, 0x20, 0x20, 0x20, 0x20, 0x20, 0x20, 0x20, 0x20, 0x20, 0x20, 0x20, 0x20, 0x20
  .byte 0x20, 0x62, 0x6f, 0x78, 0x53, 0x69, 0x7a, 0x69, 0x6e, 0x67, 0x3a, 0x20, 0x22, 0x62, 0x6f, 0x72
  .byte 0x64, 0x65, 0x72, 0x2d, 0x62, 0x6f, 0x78, 0x22, 0x2c, 0x0a, 0x20, 0x20, 0x20, 0x20, 0x20, 0x20
  .byte 0x20, 0x20, 0x20, 0x20, 0x20, 0x20, 0x20, 0x20, 0x20, 0x20, 0x72, 0x65, 0x73, 0x69, 0x7a, 0x65
  .byte 0x3a, 0x20, 0x22, 0x6e, 0x6f, 0x6e, 0x65, 0x22, 0x2c, 0x0a, 0x20, 0x20, 0x20, 0x20, 0x20, 0x20
  .byte 0x20, 0x20, 0x20, 0x20, 0x20, 0x20, 0x20, 0x20, 0x20, 0x20, 0x66, 0x6f, 0x6e, 0x74, 0x46, 0x61
  .byte 0x6d, 0x69, 0x6c, 0x79, 0x3a, 0x20, 0x22, 0x69, 0x6e, 0x68, 0x65, 0x72, 0x69, 0x74, 0x22, 0x2c
  .byte 0x0a, 0x20, 0x20, 0x20, 0x20, 0x20, 0x20, 0x20, 0x20, 0x20, 0x20, 0x20, 0x20, 0x20, 0x20, 0x7d
  .byte 0x7d, 0x0a, 0x20, 0x20, 0x20, 0x20, 0x20, 0x20, 0x20, 0x20, 0x20, 0x20, 0x20, 0x20, 0x20, 0x20
  .byte 0x6f, 0x6e, 0x46, 0x6f, 0x63, 0x75, 0x73, 0x3d, 0x7b, 0x28, 0x65, 0x29, 0x20, 0x3d, 0x3e, 0x20
  .byte 0x7b, 0x0a, 0x20, 0x20, 0x20, 0x20, 0x20, 0x20, 0x20, 0x20, 0x20, 0x20, 0x20, 0x20, 0x20, 0x20
  .byte 0x20, 0x20, 0x69, 0x66, 0x20, 0x28, 0x21, 0x69, 0x73, 0x52, 0x75, 0x6e, 0x6e, 0x69, 0x6e, 0x67
  .byte 0x29, 0x20, 0x7b, 0x0a, 0x20, 0x20, 0x20, 0x20, 0x20, 0x20, 0x20, 0x20, 0x20, 0x20, 0x20, 0x20
  .byte 0x20, 0x20, 0x20, 0x20, 0x20, 0x20, 0x63, 0x6f, 0x6e, 0x73, 0x74, 0x20, 0x63, 0x6f, 0x6e, 0x74
  .byte 0x61, 0x69, 0x6e, 0x65, 0x72, 0x20, 0x3d, 0x20, 0x65, 0x2e, 0x63, 0x75, 0x72, 0x72, 0x65, 0x6e
  .byte 0x74, 0x54, 0x61, 0x72, 0x67, 0x65, 0x74, 0x2e, 0x70, 0x61, 0x72, 0x65, 0x6e, 0x74, 0x45, 0x6c
  .byte 0x65, 0x6d, 0x65, 0x6e, 0x74, 0x3b, 0x0a, 0x20, 0x20, 0x20, 0x20, 0x20, 0x20, 0x20, 0x20, 0x20
  .byte 0x20, 0x20, 0x20, 0x20, 0x20, 0x20, 0x20, 0x20, 0x20, 0x69, 0x66, 0x20, 0x28, 0x63, 0x6f, 0x6e
  .byte 0x74, 0x61, 0x69, 0x6e, 0x65, 0x72, 0x29, 0x20, 0x7b, 0x0a, 0x20, 0x20, 0x20, 0x20, 0x20, 0x20
  .byte 0x20, 0x20, 0x20, 0x20, 0x20, 0x20, 0x20, 0x20, 0x20, 0x20, 0x20, 0x20, 0x20, 0x20, 0x63, 0x6f
  .byte 0x6e, 0x74, 0x61, 0x69, 0x6e, 0x65, 0x72, 0x2e, 0x73, 0x74, 0x79, 0x6c, 0x65, 0x2e, 0x62, 0x6f
  .byte 0x72, 0x64, 0x65, 0x72, 0x43, 0x6f, 0x6c, 0x6f, 0x72, 0x20, 0x3d, 0x20, 0x22, 0x23, 0x35, 0x46
  .byte 0x35, 0x31, 0x45, 0x38, 0x22, 0x3b, 0x0a, 0x20, 0x20, 0x20, 0x20, 0x20, 0x20, 0x20, 0x20, 0x20
  .byte 0x20, 0x20, 0x20, 0x20, 0x20, 0x20, 0x20, 0x20, 0x20, 0x20, 0x20, 0x63, 0x6f, 0x6e, 0x74, 0x61
  .byte 0x69, 0x6e, 0x65, 0x72, 0x2e, 0x73, 0x74, 0x79, 0x6c, 0x65, 0x2e, 0x62, 0x6f, 0x78, 0x53, 0x68
  .byte 0x61, 0x64, 0x6f, 0x77, 0x20, 0x3d, 0x20, 0x69, 0x73, 0x44, 0x61, 0x72, 0x6b, 0x0a, 0x20, 0x20
  .byte 0x20, 0x20, 0x20, 0x20, 0x20, 0x20, 0x20, 0x20, 0x20, 0x20, 0x20, 0x20, 0x20, 0x20, 0x20, 0x20
  .byte 0x20, 0x20, 0x20, 0x20, 0x3f, 0x20, 0x22, 0x30, 0x20, 0x30, 0x20, 0x30, 0x20, 0x31, 0x70, 0x78
  .byte 0x20, 0x23, 0x35, 0x46, 0x35, 0x31, 0x45, 0x38, 0x22, 0x0a, 0x20, 0x20, 0x20, 0x20, 0x20, 0x20
  .byte 0x20, 0x20, 0x20, 0x20, 0x20, 0x20, 0x20, 0x20, 0x20, 0x20, 0x20, 0x20, 0x20, 0x20, 0x20, 0x20
  .byte 0x3a, 0x20, 0x22, 0x30, 0x20, 0x30, 0x20, 0x30, 0x20, 0x33, 0x70, 0x78, 0x20, 0x72, 0x67, 0x62
  .byte 0x61, 0x28, 0x39, 0x35, 0x2c, 0x20, 0x38, 0x31, 0x2c, 0x20, 0x32, 0x33, 0x32, 0x2c, 0x20, 0x30
  .byte 0x2e, 0x31, 0x29, 0x22, 0x3b, 0x0a, 0x20, 0x20, 0x20, 0x20, 0x20, 0x20, 0x20, 0x20, 0x20, 0x20
  .byte 0x20, 0x20, 0x20, 0x20, 0x20, 0x20, 0x20, 0x20, 0x7d, 0x0a, 0x20, 0x20, 0x20, 0x20, 0x20, 0x20
  .byte 0x20, 0x20, 0x20, 0x20, 0x20, 0x20, 0x20, 0x20, 0x20, 0x20, 0x7d, 0x0a, 0x20, 0x20, 0x20, 0x20
  .byte 0x20, 0x20, 0x20, 0x20, 0x20, 0x20, 0x20, 0x20, 0x20, 0x20, 0x7d, 0x7d, 0x0a, 0x20, 0x20, 0x20
  .byte 0x20, 0x20, 0x20, 0x20, 0x20, 0x20, 0x20, 0x20, 0x20, 0x20, 0x20, 0x6f, 0x6e, 0x42, 0x6c, 0x75
  .byte 0x72, 0x3d, 0x7b, 0x28, 0x65, 0x29, 0x20, 0x3d, 0x3e, 0x20, 0x7b, 0x0a, 0x20, 0x20, 0x20, 0x20
  .byte 0x20, 0x20, 0x20, 0x20, 0x20, 0x20, 0x20, 0x20, 0x20, 0x20, 0x20, 0x20, 0x63, 0x6f, 0x6e, 0x73
  .byte 0x74, 0x20, 0x63, 0x6f, 0x6e, 0x74, 0x61, 0x69, 0x6e, 0x65, 0x72, 0x20, 0x3d, 0x20, 0x65, 0x2e
  .byte 0x63, 0x75, 0x72, 0x72, 0x65, 0x6e, 0x74, 0x54, 0x61, 0x72, 0x67, 0x65, 0x74, 0x2e, 0x70, 0x61
  .byte 0x72, 0x65, 0x6e, 0x74, 0x45, 0x6c, 0x65, 0x6d, 0x65, 0x6e, 0x74, 0x3b, 0x0a, 0x20, 0x20, 0x20
  .byte 0x20, 0x20, 0x20, 0x20, 0x20, 0x20, 0x20, 0x20, 0x20, 0x20, 0x20, 0x20, 0x20, 0x69, 0x66, 0x20
  .byte 0x28, 0x63, 0x6f, 0x6e, 0x74, 0x61, 0x69, 0x6e, 0x65, 0x72, 0x29, 0x20, 0x7b, 0x0a, 0x20, 0x20
  .byte 0x20, 0x20, 0x20, 0x20, 0x20, 0x20, 0x20, 0x20, 0x20, 0x20, 0x20, 0x20, 0x20, 0x20, 0x20, 0x20
  .byte 0x63, 0x6f, 0x6e, 0x74, 0x61, 0x69, 0x6e, 0x65, 0x72, 0x2e, 0x73, 0x74, 0x79, 0x6c, 0x65, 0x2e
  .byte 0x62, 0x6f, 0x72, 0x64, 0x65, 0x72, 0x43, 0x6f, 0x6c, 0x6f, 0x72, 0x20, 0x3d, 0x20, 0x69, 0x73
  .byte 0x44, 0x61, 0x72, 0x6b, 0x20, 0x3f, 0x20, 0x22, 0x23, 0x31, 0x66, 0x31, 0x66, 0x31, 0x66, 0x22
  .byte 0x20, 0x3a, 0x20, 0x22, 0x23, 0x65, 0x35, 0x65, 0x37, 0x65, 0x62, 0x22, 0x3b, 0x0a, 0x20, 0x20
  .byte 0x20, 0x20, 0x20, 0x20, 0x20, 0x20, 0x20, 0x20, 0x20, 0x20, 0x20, 0x20, 0x20, 0x20, 0x20, 0x20
  .byte 0x63, 0x6f, 0x6e, 0x74, 0x61, 0x69, 0x6e, 0x65, 0x72, 0x2e, 0x73, 0x74, 0x79, 0x6c, 0x65, 0x2e
  .byte 0x62, 0x6f, 0x78, 0x53, 0x68, 0x61, 0x64, 0x6f, 0x77, 0x20, 0x3d, 0x20, 0x22, 0x6e, 0x6f, 0x6e
  .byte 0x65, 0x22, 0x3b, 0x0a, 0x20, 0x20, 0x20, 0x20, 0x20, 0x20, 0x20, 0x20, 0x20, 0x20, 0x20, 0x20
  .byte 0x20, 0x20, 0x20, 0x20, 0x7d, 0x0a, 0x20, 0x20, 0x20, 0x20, 0x20, 0x20, 0x20, 0x20, 0x20, 0x20
  .byte 0x20, 0x20, 0x20, 0x20, 0x7d, 0x7d, 0x0a, 0x20, 0x20, 0x20, 0x20, 0x20, 0x20, 0x20, 0x20, 0x20
  .byte 0x20, 0x20, 0x20, 0x2f, 0x3e, 0x0a, 0x20, 0x20, 0x20, 0x20, 0x20, 0x20, 0x20, 0x20, 0x20, 0x20
  .byte 0x29, 0x7d, 0x0a, 0x20, 0x20, 0x20, 0x20, 0x20, 0x20, 0x20, 0x20, 0x20, 0x20, 0x3c, 0x64, 0x69
  .byte 0x76, 0x0a, 0x20, 0x20, 0x20, 0x20, 0x20, 0x20, 0x20, 0x20, 0x20, 0x20, 0x20, 0x20, 0x73, 0x74
  .byte 0x79, 0x6c, 0x65, 0x3d, 0x7b, 0x7b, 0x0a, 0x20, 0x20, 0x20, 0x20, 0x20, 0x20, 0x20, 0x20, 0x20
  .byte 0x20, 0x20, 0x20, 0x20, 0x20, 0x64, 0x69, 0x73, 0x70, 0x6c, 0x61, 0x79, 0x3a, 0x20, 0x22, 0x66
  .byte 0x6c, 0x65, 0x78, 0x22, 0x2c, 0x0a, 0x20, 0x20, 0x20, 0x20, 0x20, 0x20, 0x20, 0x20, 0x20, 0x20
  .byte 0x20, 0x20, 0x20, 0x20, 0x6a, 0x75, 0x73, 0x74, 0x69, 0x66, 0x79, 0x43, 0x6f, 0x6e, 0x74, 0x65
  .byte 0x6e, 0x74, 0x3a, 0x20, 0x22, 0x66, 0x6c, 0x65, 0x78, 0x2d, 0x65, 0x6e, 0x64, 0x22, 0x2c, 0x0a
  .byte 0x20, 0x20, 0x20, 0x20, 0x20, 0x20, 0x20, 0x20, 0x20, 0x20, 0x20, 0x20, 0x20, 0x20, 0x70, 0x61
  .byte 0x64, 0x64, 0x69, 0x6e, 0x67, 0x3a, 0x20, 0x69, 0x73, 0x4d, 0x6f, 0x62, 0x69, 0x6c, 0x65, 0x20
  .byte 0x3f, 0x20, 0x22, 0x30, 0x20, 0x36, 0x70, 0x78, 0x20, 0x30, 0x20, 0x30, 0x22, 0x20, 0x3a, 0x20
  .byte 0x22, 0x30, 0x20, 0x31, 0x30, 0x70, 0x78, 0x20, 0x31, 0x30, 0x70, 0x78, 0x20, 0x31, 0x30, 0x70
  .byte 0x78, 0x22, 0x2c, 0x0a, 0x20, 0x20, 0x20, 0x20, 0x20, 0x20, 0x20, 0x20, 0x20, 0x20, 0x20, 0x20
  .byte 0x7d, 0x7d, 0x0a, 0x20, 0x20, 0x20, 0x20, 0x20, 0x20, 0x20, 0x20, 0x20, 0x20, 0x3e, 0x0a, 0x20
  .byte 0x20, 0x20, 0x20, 0x20, 0x20, 0x20, 0x20, 0x20, 0x20, 0x20, 0x20, 0x3c, 0x62, 0x75, 0x74, 0x74
  .byte 0x6f, 0x6e, 0x0a, 0x20, 0x20, 0x20, 0x20, 0x20, 0x20, 0x20, 0x20, 0x20, 0x20, 0x20, 0x20, 0x20
  .byte 0x20, 0x74, 0x79, 0x70, 0x65, 0x3d, 0x22, 0x73, 0x75, 0x62, 0x6d, 0x69, 0x74, 0x22, 0x0a, 0x20
  .byte 0x20, 0x20, 0x20, 0x20, 0x20, 0x20, 0x20, 0x20, 0x20, 0x20, 0x20, 0x20, 0x20, 0x64, 0x69, 0x73
  .byte 0x61, 0x62, 0x6c, 0x65, 0x64, 0x3d, 0x7b, 0x69, 0x73, 0x52, 0x75, 0x6e, 0x6e, 0x69, 0x6e, 0x67
  .byte 0x7d, 0x0a, 0x20, 0x20, 0x20, 0x20, 0x20, 0x20, 0x20, 0x20, 0x20, 0x20, 0x20, 0x20, 0x20, 0x20
  .byte 0x73, 0x74, 0x79, 0x6c, 0x65, 0x3d, 0x7b, 0x7b, 0x0a, 0x20, 0x20, 0x20, 0x20, 0x20, 0x20, 0x20
  .byte 0x20, 0x20, 0x20, 0x20, 0x20, 0x20, 0x20, 0x20, 0x20, 0x77, 0x69, 0x64, 0x74, 0x68, 0x3a, 0x20
  .byte 0x69, 0x73, 0x4d, 0x6f, 0x62, 0x69, 0x6c, 0x65, 0x20, 0x3f, 0x20, 0x22, 0x33, 0x32, 0x70, 0x78
  .byte 0x22, 0x20, 0x3a, 0x20, 0x22, 0x33, 0x36, 0x70, 0x78, 0x22, 0x2c, 0x0a, 0x20, 0x20, 0x20, 0x20
  .byte 0x20, 0x20, 0x20, 0x20, 0x20, 0x20, 0x20, 0x20, 0x20, 0x20, 0x20, 0x20, 0x68, 0x65, 0x69, 0x67
  .byte 0x68, 0x74, 0x3a, 0x20, 0x69, 0x73, 0x4d, 0x6f, 0x62, 0x69, 0x6c, 0x65, 0x20, 0x3f, 0x20, 0x22
  .byte 0x33, 0x32, 0x70, 0x78, 0x22, 0x20, 0x3a, 0x20, 0x22, 0x33, 0x36, 0x70, 0x78, 0x22, 0x2c, 0x0a
  .byte 0x20, 0x20, 0x20, 0x20, 0x20, 0x20, 0x20, 0x20, 0x20, 0x20, 0x20, 0x20, 0x20, 0x20, 0x20, 0x20
  .byte 0x62, 0x6f, 0x72, 0x64, 0x65, 0x72, 0x52, 0x61, 0x64, 0x69, 0x75, 0x73, 0x3a, 0x20, 0x22, 0x35
  .byte 0x30, 0x25, 0x22, 0x2c, 0x0a, 0x20, 0x20, 0x20, 0x20, 0x20, 0x20, 0x20, 0x20, 0x20, 0x20, 0x20
  .byte 0x20, 0x20, 0x20, 0x20, 0x20, 0x62, 0x6f, 0x72, 0x64, 0x65, 0x72, 0x3a, 0x20, 0x22, 0x6e, 0x6f
  .byte 0x6e, 0x65, 0x22, 0x2c, 0x0a, 0x20, 0x20, 0x20, 0x20, 0x20, 0x20, 0x20, 0x20, 0x20, 0x20, 0x20
  .byte 0x20, 0x20, 0x20, 0x20, 0x20, 0x62, 0x61, 0x63, 0x6b, 0x67, 0x72, 0x6f, 0x75, 0x6e, 0x64, 0x43
  .byte 0x6f, 0x6c, 0x6f, 0x72, 0x3a, 0x0a, 0x20, 0x20, 0x20, 0x20, 0x20, 0x20, 0x20, 0x20, 0x20, 0x20
  .byte 0x20, 0x20, 0x20, 0x20, 0x20, 0x20, 0x20, 0x20, 0x68, 0x61, 0x73, 0x49, 0x6e, 0x70, 0x75, 0x74
  .byte 0x20, 0x26, 0x26, 0x20, 0x21, 0x69, 0x73, 0x52, 0x75, 0x6e, 0x6e, 0x69, 0x6e, 0x67, 0x20, 0x3f
  .byte 0x20, 0x22, 0x23, 0x35, 0x46, 0x35, 0x31, 0x45, 0x38, 0x22, 0x20, 0x3a, 0x20, 0x69, 0x73, 0x44
  .byte 0x61, 0x72, 0x6b, 0x20, 0x3f, 0x20, 0x22, 0x23, 0x31, 0x61, 0x31, 0x61, 0x31, 0x61, 0x22, 0x20
  .byte 0x3a, 0x20, 0x22, 0x23, 0x65, 0x35, 0x65, 0x37, 0x65, 0x62, 0x22, 0x2c, 0x0a, 0x20, 0x20, 0x20
  .byte 0x20, 0x20, 0x20, 0x20, 0x20, 0x20, 0x20, 0x20, 0x20, 0x20, 0x20, 0x20, 0x20, 0x63, 0x75, 0x72
  .byte 0x73, 0x6f, 0x72, 0x3a, 0x20, 0x68, 0x61, 0x73, 0x49, 0x6e, 0x70, 0x75, 0x74, 0x20, 0x26, 0x26
  .byte 0x20, 0x21, 0x69, 0x73, 0x52, 0x75, 0x6e, 0x6e, 0x69, 0x6e, 0x67, 0x20, 0x3f, 0x20, 0x22, 0x70
  .byte 0x6f, 0x69, 0x6e, 0x74, 0x65, 0x72, 0x22, 0x20, 0x3a, 0x20, 0x22, 0x64, 0x65, 0x66, 0x61, 0x75
  .byte 0x6c, 0x74, 0x22, 0x2c, 0x0a, 0x20, 0x20, 0x20, 0x20, 0x20, 0x20, 0x20, 0x20, 0x20, 0x20, 0x20
  .byte 0x20, 0x20, 0x20, 0x20, 0x20, 0x64, 0x69, 0x73, 0x70, 0x6c, 0x61, 0x79, 0x3a, 0x20, 0x22, 0x66
  .byte 0x6c, 0x65, 0x78, 0x22, 0x2c, 0x0a, 0x20, 0x20, 0x20, 0x20, 0x20, 0x20, 0x20, 0x20, 0x20, 0x20
  .byte 0x20, 0x20, 0x20, 0x20, 0x20, 0x20, 0x61, 0x6c, 0x69, 0x67, 0x6e, 0x49, 0x74, 0x65, 0x6d, 0x73
  .byte 0x3a, 0x20, 0x22, 0x63, 0x65, 0x6e, 0x74, 0x65, 0x72, 0x22, 0x2c, 0x0a, 0x20, 0x20, 0x20, 0x20
  .byte 0x20, 0x20, 0x20, 0x20, 0x20, 0x20, 0x20, 0x20, 0x20, 0x20, 0x20, 0x20, 0x6a, 0x75, 0x73, 0x74
  .byte 0x69, 0x66, 0x79, 0x43, 0x6f, 0x6e, 0x74, 0x65, 0x6e, 0x74, 0x3a, 0x20, 0x22, 0x63, 0x65, 0x6e
  .byte 0x74, 0x65, 0x72, 0x22, 0x2c, 0x0a, 0x20, 0x20, 0x20, 0x20, 0x20, 0x20, 0x20, 0x20, 0x20, 0x20
  .byte 0x20, 0x20, 0x20, 0x20, 0x20, 0x20, 0x74, 0x72, 0x61, 0x6e, 0x73, 0x69, 0x74, 0x69, 0x6f, 0x6e
  .byte 0x3a, 0x20, 0x22, 0x62, 0x61, 0x63, 0x6b, 0x67, 0x72, 0x6f, 0x75, 0x6e, 0x64, 0x2d, 0x63, 0x6f
  .byte 0x6c, 0x6f, 0x72, 0x20, 0x30, 0x2e, 0x32, 0x73, 0x22, 0x2c, 0x0a, 0x20, 0x20, 0x20, 0x20, 0x20
  .byte 0x20, 0x20, 0x20, 0x20, 0x20, 0x20, 0x20, 0x20, 0x20, 0x7d, 0x7d, 0x0a, 0x20, 0x20, 0x20, 0x20
  .byte 0x20, 0x20, 0x20, 0x20, 0x20, 0x20, 0x20, 0x20, 0x3e, 0x0a, 0x20, 0x20, 0x20, 0x20, 0x20, 0x20
  .byte 0x20, 0x20, 0x20, 0x20, 0x20, 0x20, 0x20, 0x20, 0x3c, 0x53, 0x65, 0x6e, 0x64, 0x49, 0x63, 0x6f
  .byte 0x6e, 0x0a, 0x20, 0x20, 0x20, 0x20, 0x20, 0x20, 0x20, 0x20, 0x20, 0x20, 0x20, 0x20, 0x20, 0x20
  .byte 0x20, 0x20, 0x73, 0x69, 0x7a, 0x65, 0x3d, 0x7b, 0x31, 0x36, 0x7d, 0x0a, 0x20, 0x20, 0x20, 0x20
  .byte 0x20, 0x20, 0x20, 0x20, 0x20, 0x20, 0x20, 0x20, 0x20, 0x20, 0x20, 0x20, 0x63, 0x6f, 0x6c, 0x6f
  .byte 0x72, 0x3d, 0x7b, 0x68, 0x61, 0x73, 0x49, 0x6e, 0x70, 0x75, 0x74, 0x20, 0x26, 0x26, 0x20, 0x21
  .byte 0x69, 0x73, 0x52, 0x75, 0x6e, 0x6e, 0x69, 0x6e, 0x67, 0x20, 0x3f, 0x20, 0x22, 0x23, 0x66, 0x66
  .byte 0x66, 0x66, 0x66, 0x66, 0x22, 0x20, 0x3a, 0x20, 0x69, 0x73, 0x44, 0x61, 0x72, 0x6b, 0x20, 0x3f
  .byte 0x20, 0x22, 0x23, 0x34, 0x42, 0x35, 0x35, 0x36, 0x33, 0x22, 0x20, 0x3a, 0x20, 0x22, 0x23, 0x39
  .byte 0x43, 0x41, 0x33, 0x41, 0x46, 0x22, 0x7d, 0x0a, 0x20, 0x20, 0x20, 0x20, 0x20, 0x20, 0x20, 0x20
  .byte 0x20, 0x20, 0x20, 0x20, 0x20, 0x20, 0x2f, 0x3e, 0x0a, 0x20, 0x20, 0x20, 0x20, 0x20, 0x20, 0x20
  .byte 0x20, 0x20, 0x20, 0x20, 0x20, 0x3c, 0x2f, 0x62, 0x75, 0x74, 0x74, 0x6f, 0x6e, 0x3e, 0x0a, 0x20
  .byte 0x20, 0x20, 0x20, 0x20, 0x20, 0x20, 0x20, 0x20, 0x20, 0x3c, 0x2f, 0x64, 0x69, 0x76, 0x3e, 0x0a
  .byte 0x20, 0x20, 0x20, 0x20, 0x20, 0x20, 0x20, 0x20, 0x3c, 0x2f, 0x64, 0x69, 0x76, 0x3e, 0x0a, 0x20
  .byte 0x20, 0x20, 0x20, 0x20, 0x20, 0x3c, 0x2f, 0x66, 0x6f, 0x72, 0x6d, 0x3e, 0x0a, 0x20, 0x20, 0x20
  .byte 0x20, 0x3c, 0x2f, 0x64, 0x69, 0x76, 0x3e, 0x0a, 0x20, 0x20, 0x29, 0x3b, 0x0a, 0x7d, 0x0a

  .globl openui_full_port_examples_react_email_src_components_emailEditor_messageInput_tsx_5e706de375a1_pass_3_len
openui_full_port_examples_react_email_src_components_emailEditor_messageInput_tsx_5e706de375a1_pass_3_len:
  .quad 5151

# assembly pass: 4/4
  .globl openui_full_port_examples_react_email_src_components_emailEditor_messageInput_tsx_5e706de375a1_pass_4
openui_full_port_examples_react_email_src_components_emailEditor_messageInput_tsx_5e706de375a1_pass_4:
  .byte 0x22, 0x75, 0x73, 0x65, 0x20, 0x63, 0x6c, 0x69, 0x65, 0x6e, 0x74, 0x22, 0x3b, 0x0a, 0x0a, 0x69
  .byte 0x6d, 0x70, 0x6f, 0x72, 0x74, 0x20, 0x7b, 0x20, 0x53, 0x65, 0x6e, 0x64, 0x20, 0x61, 0x73, 0x20
  .byte 0x53, 0x65, 0x6e, 0x64, 0x49, 0x63, 0x6f, 0x6e, 0x20, 0x7d, 0x20, 0x66, 0x72, 0x6f, 0x6d, 0x20
  .byte 0x22, 0x6c, 0x75, 0x63, 0x69, 0x64, 0x65, 0x2d, 0x72, 0x65, 0x61, 0x63, 0x74, 0x22, 0x3b, 0x0a
  .byte 0x0a, 0x69, 0x6e, 0x74, 0x65, 0x72, 0x66, 0x61, 0x63, 0x65, 0x20, 0x4d, 0x65, 0x73, 0x73, 0x61
  .byte 0x67, 0x65, 0x49, 0x6e, 0x70, 0x75, 0x74, 0x50, 0x72, 0x6f, 0x70, 0x73, 0x20, 0x7b, 0x0a, 0x20
  .byte 0x20, 0x69, 0x73, 0x44, 0x61, 0x72, 0x6b, 0x3a, 0x20, 0x62, 0x6f, 0x6f, 0x6c, 0x65, 0x61, 0x6e
  .byte 0x3b, 0x0a, 0x20, 0x20, 0x69, 0x73, 0x4d, 0x6f, 0x62, 0x69, 0x6c, 0x65, 0x3a, 0x20, 0x62, 0x6f
  .byte 0x6f, 0x6c, 0x65, 0x61, 0x6e, 0x3b, 0x0a, 0x20, 0x20, 0x69, 0x73, 0x52, 0x75, 0x6e, 0x6e, 0x69
  .byte 0x6e, 0x67, 0x3a, 0x20, 0x62, 0x6f, 0x6f, 0x6c, 0x65, 0x61, 0x6e, 0x3b, 0x0a, 0x20, 0x20, 0x69
  .byte 0x6e, 0x70, 0x75, 0x74, 0x3a, 0x20, 0x73, 0x74, 0x72, 0x69, 0x6e, 0x67, 0x3b, 0x0a, 0x20, 0x20
  .byte 0x6f, 0x6e, 0x49, 0x6e, 0x70, 0x75, 0x74, 0x43, 0x68, 0x61, 0x6e, 0x67, 0x65, 0x3a, 0x20, 0x28
  .byte 0x76, 0x61, 0x6c, 0x75, 0x65, 0x3a, 0x20, 0x73, 0x74, 0x72, 0x69, 0x6e, 0x67, 0x29, 0x20, 0x3d
  .byte 0x3e, 0x20, 0x76, 0x6f, 0x69, 0x64, 0x3b, 0x0a, 0x20, 0x20, 0x6f, 0x6e, 0x53, 0x75, 0x62, 0x6d
  .byte 0x69, 0x74, 0x3a, 0x20, 0x28, 0x65, 0x3a, 0x20, 0x52, 0x65, 0x61, 0x63, 0x74, 0x2e, 0x46, 0x6f
  .byte 0x72, 0x6d, 0x45, 0x76, 0x65, 0x6e, 0x74, 0x29, 0x20, 0x3d, 0x3e, 0x20, 0x76, 0x6f, 0x69, 0x64
  .byte 0x3b, 0x0a, 0x7d, 0x0a, 0x0a, 0x65, 0x78, 0x70, 0x6f, 0x72, 0x74, 0x20, 0x66, 0x75, 0x6e, 0x63
  .byte 0x74, 0x69, 0x6f, 0x6e, 0x20, 0x4d, 0x65, 0x73, 0x73, 0x61, 0x67, 0x65, 0x49, 0x6e, 0x70, 0x75
  .byte 0x74, 0x28, 0x7b, 0x0a, 0x20, 0x20, 0x69, 0x73, 0x44, 0x61, 0x72, 0x6b, 0x2c, 0x0a, 0x20, 0x20
  .byte 0x69, 0x73, 0x4d, 0x6f, 0x62, 0x69, 0x6c, 0x65, 0x2c, 0x0a, 0x20, 0x20, 0x69, 0x73, 0x52, 0x75
  .byte 0x6e, 0x6e, 0x69, 0x6e, 0x67, 0x2c, 0x0a, 0x20, 0x20, 0x69, 0x6e, 0x70, 0x75, 0x74, 0x2c, 0x0a
  .byte 0x20, 0x20, 0x6f, 0x6e, 0x49, 0x6e, 0x70, 0x75, 0x74, 0x43, 0x68, 0x61, 0x6e, 0x67, 0x65, 0x2c
  .byte 0x0a, 0x20, 0x20, 0x6f, 0x6e, 0x53, 0x75, 0x62, 0x6d, 0x69, 0x74, 0x2c, 0x0a, 0x7d, 0x3a, 0x20
  .byte 0x4d, 0x65, 0x73, 0x73, 0x61, 0x67, 0x65, 0x49, 0x6e, 0x70, 0x75, 0x74, 0x50, 0x72, 0x6f, 0x70
  .byte 0x73, 0x29, 0x20, 0x7b, 0x0a, 0x20, 0x20, 0x63, 0x6f, 0x6e, 0x73, 0x74, 0x20, 0x68, 0x61, 0x6e
  .byte 0x64, 0x6c, 0x65, 0x4b, 0x65, 0x79, 0x44, 0x6f, 0x77, 0x6e, 0x20, 0x3d, 0x20, 0x28, 0x65, 0x3a
  .byte 0x20, 0x52, 0x65, 0x61, 0x63, 0x74, 0x2e, 0x4b, 0x65, 0x79, 0x62, 0x6f, 0x61, 0x72, 0x64, 0x45
  .byte 0x76, 0x65, 0x6e, 0x74, 0x3c, 0x48, 0x54, 0x4d, 0x4c, 0x54, 0x65, 0x78, 0x74, 0x41, 0x72, 0x65
  .byte 0x61, 0x45, 0x6c, 0x65, 0x6d, 0x65, 0x6e, 0x74, 0x3e, 0x29, 0x20, 0x3d, 0x3e, 0x20, 0x7b, 0x0a
  .byte 0x20, 0x20, 0x20, 0x20, 0x69, 0x66, 0x20, 0x28, 0x65, 0x2e, 0x6b, 0x65, 0x79, 0x20, 0x3d, 0x3d
  .byte 0x3d, 0x20, 0x22, 0x45, 0x6e, 0x74, 0x65, 0x72, 0x22, 0x20, 0x26, 0x26, 0x20, 0x21, 0x65, 0x2e
  .byte 0x73, 0x68, 0x69, 0x66, 0x74, 0x4b, 0x65, 0x79, 0x29, 0x20, 0x7b, 0x0a, 0x20, 0x20, 0x20, 0x20
  .byte 0x20, 0x20, 0x65, 0x2e, 0x70, 0x72, 0x65, 0x76, 0x65, 0x6e, 0x74, 0x44, 0x65, 0x66, 0x61, 0x75
  .byte 0x6c, 0x74, 0x28, 0x29, 0x3b, 0x0a, 0x20, 0x20, 0x20, 0x20, 0x20, 0x20, 0x6f, 0x6e, 0x53, 0x75
  .byte 0x62, 0x6d, 0x69, 0x74, 0x28, 0x65, 0x29, 0x3b, 0x0a, 0x20, 0x20, 0x20, 0x20, 0x7d, 0x0a, 0x20
  .byte 0x20, 0x7d, 0x3b, 0x0a, 0x0a, 0x20, 0x20, 0x63, 0x6f, 0x6e, 0x73, 0x74, 0x20, 0x68, 0x61, 0x73
  .byte 0x49, 0x6e, 0x70, 0x75, 0x74, 0x20, 0x3d, 0x20, 0x69, 0x6e, 0x70, 0x75, 0x74, 0x2e, 0x74, 0x72
  .byte 0x69, 0x6d, 0x28, 0x29, 0x2e, 0x6c, 0x65, 0x6e, 0x67, 0x74, 0x68, 0x20, 0x3e, 0x20, 0x30, 0x3b
  .byte 0x0a, 0x0a, 0x20, 0x20, 0x72, 0x65, 0x74, 0x75, 0x72, 0x6e, 0x20, 0x28, 0x0a, 0x20, 0x20, 0x20
  .byte 0x20, 0x3c, 0x64, 0x69, 0x76, 0x0a, 0x20, 0x20, 0x20, 0x20, 0x20, 0x20, 0x73, 0x74, 0x79, 0x6c
  .byte 0x65, 0x3d, 0x7b, 0x7b, 0x0a, 0x20, 0x20, 0x20, 0x20, 0x20, 0x20, 0x20, 0x20, 0x66, 0x6c, 0x65
  .byte 0x78, 0x53, 0x68, 0x72, 0x69, 0x6e, 0x6b, 0x3a, 0x20, 0x30, 0x2c, 0x0a, 0x20, 0x20, 0x20, 0x20
  .byte 0x20, 0x20, 0x20, 0x20, 0x70, 0x61, 0x64, 0x64, 0x69, 0x6e, 0x67, 0x3a, 0x20, 0x69, 0x73, 0x4d
  .byte 0x6f, 0x62, 0x69, 0x6c, 0x65, 0x20, 0x3f, 0x20, 0x22, 0x38, 0x70, 0x78, 0x20, 0x31, 0x32, 0x70
  .byte 0x78, 0x22, 0x20, 0x3a, 0x20, 0x22, 0x31, 0x36, 0x70, 0x78, 0x20, 0x32, 0x34, 0x70, 0x78, 0x22
  .byte 0x2c, 0x0a, 0x20, 0x20, 0x20, 0x20, 0x20, 0x20, 0x20, 0x20, 0x62, 0x61, 0x63, 0x6b, 0x67, 0x72
  .byte 0x6f, 0x75, 0x6e, 0x64, 0x43, 0x6f, 0x6c, 0x6f, 0x72, 0x3a, 0x20, 0x69, 0x73, 0x44, 0x61, 0x72
  .byte 0x6b, 0x20, 0x3f, 0x20, 0x22, 0x23, 0x30, 0x61, 0x30, 0x61, 0x30, 0x61, 0x22, 0x20, 0x3a, 0x20
  .byte 0x22, 0x23, 0x66, 0x66, 0x66, 0x66, 0x66, 0x66, 0x22, 0x2c, 0x0a, 0x20, 0x20, 0x20, 0x20, 0x20
  .byte 0x20, 0x20, 0x20, 0x62, 0x6f, 0x72, 0x64, 0x65, 0x72, 0x54, 0x6f, 0x70, 0x3a, 0x20, 0x60, 0x31
  .byte 0x70, 0x78, 0x20, 0x73, 0x6f, 0x6c, 0x69, 0x64, 0x20, 0x24, 0x7b, 0x69, 0x73, 0x44, 0x61, 0x72
  .byte 0x6b, 0x20, 0x3f, 0x20, 0x22, 0x23, 0x31, 0x61, 0x31, 0x61, 0x31, 0x61, 0x22, 0x20, 0x3a, 0x20
  .byte 0x22, 0x23, 0x65, 0x35, 0x65, 0x37, 0x65, 0x62, 0x22, 0x7d, 0x60, 0x2c, 0x0a, 0x20, 0x20, 0x20
  .byte 0x20, 0x20, 0x20, 0x7d, 0x7d, 0x0a, 0x20, 0x20, 0x20, 0x20, 0x3e, 0x0a, 0x20, 0x20, 0x20, 0x20
  .byte 0x20, 0x20, 0x3c, 0x66, 0x6f, 0x72, 0x6d, 0x20, 0x6f, 0x6e, 0x53, 0x75, 0x62, 0x6d, 0x69, 0x74
  .byte 0x3d, 0x7b, 0x6f, 0x6e, 0x53, 0x75, 0x62, 0x6d, 0x69, 0x74, 0x7d, 0x20, 0x73, 0x74, 0x79, 0x6c
  .byte 0x65, 0x3d, 0x7b, 0x7b, 0x20, 0x6d, 0x61, 0x72, 0x67, 0x69, 0x6e, 0x3a, 0x20, 0x22, 0x30, 0x20
  .byte 0x61, 0x75, 0x74, 0x6f, 0x22, 0x2c, 0x20, 0x6d, 0x61, 0x78, 0x57, 0x69, 0x64, 0x74, 0x68, 0x3a
  .byte 0x20, 0x69, 0x73, 0x4d, 0x6f, 0x62, 0x69, 0x6c, 0x65, 0x20, 0x3f, 0x20, 0x22, 0x31, 0x30, 0x30
  .byte 0x25, 0x22, 0x20, 0x3a, 0x20, 0x22, 0x38, 0x30, 0x30, 0x70, 0x78, 0x22, 0x20, 0x7d, 0x7d, 0x3e
  .byte 0x0a, 0x20, 0x20, 0x20, 0x20, 0x20, 0x20, 0x20, 0x20, 0x3c, 0x64, 0x69, 0x76, 0x0a, 0x20, 0x20
  .byte 0x20, 0x20, 0x20, 0x20, 0x20, 0x20, 0x20, 0x20, 0x73, 0x74, 0x79, 0x6c, 0x65, 0x3d, 0x7b, 0x7b
  .byte 0x0a, 0x20, 0x20, 0x20, 0x20, 0x20, 0x20, 0x20, 0x20, 0x20, 0x20, 0x20, 0x20, 0x62, 0x6f, 0x72
  .byte 0x64, 0x65, 0x72, 0x52, 0x61, 0x64, 0x69, 0x75, 0x73, 0x3a, 0x20, 0x69, 0x73, 0x4d, 0x6f, 0x62
  .byte 0x69, 0x6c, 0x65, 0x20, 0x3f, 0x20, 0x22, 0x31, 0x30, 0x70, 0x78, 0x22, 0x20, 0x3a, 0x20, 0x22
  .byte 0x31, 0x34, 0x70, 0x78, 0x22, 0x2c, 0x0a, 0x20, 0x20, 0x20, 0x20, 0x20, 0x20, 0x20, 0x20, 0x20
  .byte 0x20, 0x20, 0x20, 0x62, 0x6f, 0x72, 0x64, 0x65, 0x72, 0x3a, 0x20, 0x60, 0x31, 0x70, 0x78, 0x20
  .byte 0x73, 0x6f, 0x6c, 0x69, 0x64, 0x20, 0x24, 0x7b, 0x69, 0x73, 0x44, 0x61, 0x72, 0x6b, 0x20, 0x3f
  .byte 0x20, 0x22, 0x23, 0x31, 0x66, 0x31, 0x66, 0x31, 0x66, 0x22, 0x20, 0x3a, 0x20, 0x22, 0x23, 0x65
  .byte 0x35, 0x65, 0x37, 0x65, 0x62, 0x22, 0x7d, 0x60, 0x2c, 0x0a, 0x20, 0x20, 0x20, 0x20, 0x20, 0x20
  .byte 0x20, 0x20, 0x20, 0x20, 0x20, 0x20, 0x62, 0x61, 0x63, 0x6b, 0x67, 0x72, 0x6f, 0x75, 0x6e, 0x64
  .byte 0x43, 0x6f, 0x6c, 0x6f, 0x72, 0x3a, 0x20, 0x69, 0x73, 0x44, 0x61, 0x72, 0x6b, 0x20, 0x3f, 0x20
  .byte 0x22, 0x23, 0x31, 0x31, 0x31, 0x31, 0x31, 0x31, 0x22, 0x20, 0x3a, 0x20, 0x22, 0x23, 0x66, 0x39
  .byte 0x66, 0x61, 0x66, 0x62, 0x22, 0x2c, 0x0a, 0x20, 0x20, 0x20, 0x20, 0x20, 0x20, 0x20, 0x20, 0x20
  .byte 0x20, 0x20, 0x20, 0x6f, 0x76, 0x65, 0x72, 0x66, 0x6c, 0x6f, 0x77, 0x3a, 0x20, 0x22, 0x68, 0x69
  .byte 0x64, 0x64, 0x65, 0x6e, 0x22, 0x2c, 0x0a, 0x20, 0x20, 0x20, 0x20, 0x20, 0x20, 0x20, 0x20, 0x20
  .byte 0x20, 0x20, 0x20, 0x74, 0x72, 0x61, 0x6e, 0x73, 0x69, 0x74, 0x69, 0x6f, 0x6e, 0x3a, 0x20, 0x22
  .byte 0x62, 0x6f, 0x72, 0x64, 0x65, 0x72, 0x2d, 0x63, 0x6f, 0x6c, 0x6f, 0x72, 0x20, 0x30, 0x2e, 0x32
  .byte 0x73, 0x2c, 0x20, 0x62, 0x6f, 0x78, 0x2d, 0x73, 0x68, 0x61, 0x64, 0x6f, 0x77, 0x20, 0x30, 0x2e
  .byte 0x32, 0x73, 0x22, 0x2c, 0x0a, 0x20, 0x20, 0x20, 0x20, 0x20, 0x20, 0x20, 0x20, 0x20, 0x20, 0x20
  .byte 0x20, 0x6f, 0x70, 0x61, 0x63, 0x69, 0x74, 0x79, 0x3a, 0x20, 0x69, 0x73, 0x52, 0x75, 0x6e, 0x6e
  .byte 0x69, 0x6e, 0x67, 0x20, 0x3f, 0x20, 0x30, 0x2e, 0x35, 0x20, 0x3a, 0x20, 0x31, 0x2c, 0x0a, 0x20
  .byte 0x20, 0x20, 0x20, 0x20, 0x20, 0x20, 0x20, 0x20, 0x20, 0x20, 0x20, 0x64, 0x69, 0x73, 0x70, 0x6c
  .byte 0x61, 0x79, 0x3a, 0x20, 0x69, 0x73, 0x4d, 0x6f, 0x62, 0x69, 0x6c, 0x65, 0x20, 0x3f, 0x20, 0x22
  .byte 0x66, 0x6c, 0x65, 0x78, 0x22, 0x20, 0x3a, 0x20, 0x75, 0x6e, 0x64, 0x65, 0x66, 0x69, 0x6e, 0x65
  .byte 0x64, 0x2c, 0x0a, 0x20, 0x20, 0x20, 0x20, 0x20, 0x20, 0x20, 0x20, 0x20, 0x20, 0x20, 0x20, 0x61
  .byte 0x6c, 0x69, 0x67, 0x6e, 0x49, 0x74, 0x65, 0x6d, 0x73, 0x3a, 0x20, 0x69, 0x73, 0x4d, 0x6f, 0x62
  .byte 0x69, 0x6c, 0x65, 0x20, 0x3f, 0x20, 0x22, 0x63, 0x65, 0x6e, 0x74, 0x65, 0x72, 0x22, 0x20, 0x3a
  .byte 0x20, 0x75, 0x6e, 0x64, 0x65, 0x66, 0x69, 0x6e, 0x65, 0x64, 0x2c, 0x0a, 0x20, 0x20, 0x20, 0x20
  .byte 0x20, 0x20, 0x20, 0x20, 0x20, 0x20, 0x7d, 0x7d, 0x0a, 0x20, 0x20, 0x20, 0x20, 0x20, 0x20, 0x20
  .byte 0x20, 0x3e, 0x0a, 0x20, 0x20, 0x20, 0x20, 0x20, 0x20, 0x20, 0x20, 0x20, 0x20, 0x7b, 0x69, 0x73
  .byte 0x4d, 0x6f, 0x62, 0x69, 0x6c, 0x65, 0x20, 0x3f, 0x20, 0x28, 0x0a, 0x20, 0x20, 0x20, 0x20, 0x20
  .byte 0x20, 0x20, 0x20, 0x20, 0x20, 0x20, 0x20, 0x3c, 0x69, 0x6e, 0x70, 0x75, 0x74, 0x0a, 0x20, 0x20
  .byte 0x20, 0x20, 0x20, 0x20, 0x20, 0x20, 0x20, 0x20, 0x20, 0x20, 0x20, 0x20, 0x76, 0x61, 0x6c, 0x75
  .byte 0x65, 0x3d, 0x7b, 0x69, 0x6e, 0x70, 0x75, 0x74, 0x7d, 0x0a, 0x20, 0x20, 0x20, 0x20, 0x20, 0x20
  .byte 0x20, 0x20, 0x20, 0x20, 0x20, 0x20, 0x20, 0x20, 0x6f, 0x6e, 0x43, 0x68, 0x61, 0x6e, 0x67, 0x65
  .byte 0x3d, 0x7b, 0x28, 0x65, 0x29, 0x20, 0x3d, 0x3e, 0x20, 0x6f, 0x6e, 0x49, 0x6e, 0x70, 0x75, 0x74
  .byte 0x43, 0x68, 0x61, 0x6e, 0x67, 0x65, 0x28, 0x65, 0x2e, 0x74, 0x61, 0x72, 0x67, 0x65, 0x74, 0x2e
  .byte 0x76, 0x61, 0x6c, 0x75, 0x65, 0x29, 0x7d, 0x0a, 0x20, 0x20, 0x20, 0x20, 0x20, 0x20, 0x20, 0x20
  .byte 0x20, 0x20, 0x20, 0x20, 0x20, 0x20, 0x70, 0x6c, 0x61, 0x63, 0x65, 0x68, 0x6f, 0x6c, 0x64, 0x65
  .byte 0x72, 0x3d, 0x22, 0x41, 0x73, 0x6b, 0x20, 0x66, 0x6f, 0x72, 0x20, 0x63, 0x68, 0x61, 0x6e, 0x67
  .byte 0x65, 0x73, 0x2e, 0x2e, 0x2e, 0x22, 0x0a, 0x20, 0x20, 0x20, 0x20, 0x20, 0x20, 0x20, 0x20, 0x20
  .byte 0x20, 0x20, 0x20, 0x20, 0x20, 0x64, 0x69, 0x73, 0x61, 0x62, 0x6c, 0x65, 0x64, 0x3d, 0x7b, 0x69
  .byte 0x73, 0x52, 0x75, 0x6e, 0x6e, 0x69, 0x6e, 0x67, 0x7d, 0x0a, 0x20, 0x20, 0x20, 0x20, 0x20, 0x20
  .byte 0x20, 0x20, 0x20, 0x20, 0x20, 0x20, 0x20, 0x20, 0x73, 0x74, 0x79, 0x6c, 0x65, 0x3d, 0x7b, 0x7b
  .byte 0x0a, 0x20, 0x20, 0x20, 0x20, 0x20, 0x20, 0x20, 0x20, 0x20, 0x20, 0x20, 0x20, 0x20, 0x20, 0x20
  .byte 0x20, 0x66, 0x6c, 0x65, 0x78, 0x3a, 0x20, 0x31, 0x2c, 0x0a, 0x20, 0x20, 0x20, 0x20, 0x20, 0x20
  .byte 0x20, 0x20, 0x20, 0x20, 0x20, 0x20, 0x20, 0x20, 0x20, 0x20, 0x70, 0x61, 0x64, 0x64, 0x69, 0x6e
  .byte 0x67, 0x3a, 0x20, 0x22, 0x31, 0x32, 0x70, 0x78, 0x20, 0x31, 0x34, 0x70, 0x78, 0x22, 0x2c, 0x0a
  .byte 0x20, 0x20, 0x20, 0x20, 0x20, 0x20, 0x20, 0x20, 0x20, 0x20, 0x20, 0x20, 0x20, 0x20, 0x20, 0x20
  .byte 0x66, 0x6f, 0x6e, 0x74, 0x53, 0x69, 0x7a, 0x65, 0x3a, 0x20, 0x22, 0x31, 0x34, 0x70, 0x78, 0x22
  .byte 0x2c, 0x0a, 0x20, 0x20, 0x20, 0x20, 0x20, 0x20, 0x20, 0x20, 0x20, 0x20, 0x20, 0x20, 0x20, 0x20
  .byte 0x20, 0x20, 0x62, 0x6f, 0x72, 0x64, 0x65, 0x72, 0x3a, 0x20, 0x22, 0x6e, 0x6f, 0x6e, 0x65, 0x22
  .byte 0x2c, 0x0a, 0x20, 0x20, 0x20, 0x20, 0x20, 0x20, 0x20, 0x20, 0x20, 0x20, 0x20, 0x20, 0x20, 0x20
  .byte 0x20, 0x20, 0x62, 0x61, 0x63, 0x6b, 0x67, 0x72, 0x6f, 0x75, 0x6e, 0x64, 0x43, 0x6f, 0x6c, 0x6f
  .byte 0x72, 0x3a, 0x20, 0x22, 0x74, 0x72, 0x61, 0x6e, 0x73, 0x70, 0x61, 0x72, 0x65, 0x6e, 0x74, 0x22
  .byte 0x2c, 0x0a, 0x20, 0x20, 0x20, 0x20, 0x20, 0x20, 0x20, 0x20, 0x20, 0x20, 0x20, 0x20, 0x20, 0x20
  .byte 0x20, 0x20, 0x63, 0x6f, 0x6c, 0x6f, 0x72, 0x3a, 0x20, 0x69, 0x73, 0x44, 0x61, 0x72, 0x6b, 0x20
  .byte 0x3f, 0x20, 0x22, 0x23, 0x66, 0x35, 0x66, 0x35, 0x66, 0x35, 0x22, 0x20, 0x3a, 0x20, 0x22, 0x23
  .byte 0x31, 0x31, 0x31, 0x38, 0x32, 0x37, 0x22, 0x2c, 0x0a, 0x20, 0x20, 0x20, 0x20, 0x20, 0x20, 0x20
  .byte 0x20, 0x20, 0x20, 0x20, 0x20, 0x20, 0x20, 0x20, 0x20, 0x6f, 0x75, 0x74, 0x6c, 0x69, 0x6e, 0x65
  .byte 0x3a, 0x20, 0x22, 0x6e, 0x6f, 0x6e, 0x65, 0x22, 0x2c, 0x0a, 0x20, 0x20, 0x20, 0x20, 0x20, 0x20
  .byte 0x20, 0x20, 0x20, 0x20, 0x20, 0x20, 0x20, 0x20, 0x20, 0x20, 0x62, 0x6f, 0x78, 0x53, 0x69, 0x7a
  .byte 0x69, 0x6e, 0x67, 0x3a, 0x20, 0x22, 0x62, 0x6f, 0x72, 0x64, 0x65, 0x72, 0x2d, 0x62, 0x6f, 0x78
  .byte 0x22, 0x2c, 0x0a, 0x20, 0x20, 0x20, 0x20, 0x20, 0x20, 0x20, 0x20, 0x20, 0x20, 0x20, 0x20, 0x20
  .byte 0x20, 0x20, 0x20, 0x66, 0x6f, 0x6e, 0x74, 0x46, 0x61, 0x6d, 0x69, 0x6c, 0x79, 0x3a, 0x20, 0x22
  .byte 0x69, 0x6e, 0x68, 0x65, 0x72, 0x69, 0x74, 0x22, 0x2c, 0x0a, 0x20, 0x20, 0x20, 0x20, 0x20, 0x20
  .byte 0x20, 0x20, 0x20, 0x20, 0x20, 0x20, 0x20, 0x20, 0x7d, 0x7d, 0x0a, 0x20, 0x20, 0x20, 0x20, 0x20
  .byte 0x20, 0x20, 0x20, 0x20, 0x20, 0x20, 0x20, 0x20, 0x20, 0x6f, 0x6e, 0x46, 0x6f, 0x63, 0x75, 0x73
  .byte 0x3d, 0x7b, 0x28, 0x65, 0x29, 0x20, 0x3d, 0x3e, 0x20, 0x7b, 0x0a, 0x20, 0x20, 0x20, 0x20, 0x20
  .byte 0x20, 0x20, 0x20, 0x20, 0x20, 0x20, 0x20, 0x20, 0x20, 0x20, 0x20, 0x69, 0x66, 0x20, 0x28, 0x21
  .byte 0x69, 0x73, 0x52, 0x75, 0x6e, 0x6e, 0x69, 0x6e, 0x67, 0x29, 0x20, 0x7b, 0x0a, 0x20, 0x20, 0x20
  .byte 0x20, 0x20, 0x20, 0x20, 0x20, 0x20, 0x20, 0x20, 0x20, 0x20, 0x20, 0x20, 0x20, 0x20, 0x20, 0x63
  .byte 0x6f, 0x6e, 0x73, 0x74, 0x20, 0x63, 0x6f, 0x6e, 0x74, 0x61, 0x69, 0x6e, 0x65, 0x72, 0x20, 0x3d
  .byte 0x20, 0x65, 0x2e, 0x63, 0x75, 0x72, 0x72, 0x65, 0x6e, 0x74, 0x54, 0x61, 0x72, 0x67, 0x65, 0x74
  .byte 0x2e, 0x70, 0x61, 0x72, 0x65, 0x6e, 0x74, 0x45, 0x6c, 0x65, 0x6d, 0x65, 0x6e, 0x74, 0x3b, 0x0a
  .byte 0x20, 0x20, 0x20, 0x20, 0x20, 0x20, 0x20, 0x20, 0x20, 0x20, 0x20, 0x20, 0x20, 0x20, 0x20, 0x20
  .byte 0x20, 0x20, 0x69, 0x66, 0x20, 0x28, 0x63, 0x6f, 0x6e, 0x74, 0x61, 0x69, 0x6e, 0x65, 0x72, 0x29
  .byte 0x20, 0x63, 0x6f, 0x6e, 0x74, 0x61, 0x69, 0x6e, 0x65, 0x72, 0x2e, 0x73, 0x74, 0x79, 0x6c, 0x65
  .byte 0x2e, 0x62, 0x6f, 0x72, 0x64, 0x65, 0x72, 0x43, 0x6f, 0x6c, 0x6f, 0x72, 0x20, 0x3d, 0x20, 0x22
  .byte 0x23, 0x35, 0x46, 0x35, 0x31, 0x45, 0x38, 0x22, 0x3b, 0x0a, 0x20, 0x20, 0x20, 0x20, 0x20, 0x20
  .byte 0x20, 0x20, 0x20, 0x20, 0x20, 0x20, 0x20, 0x20, 0x20, 0x20, 0x7d, 0x0a, 0x20, 0x20, 0x20, 0x20
  .byte 0x20, 0x20, 0x20, 0x20, 0x20, 0x20, 0x20, 0x20, 0x20, 0x20, 0x7d, 0x7d, 0x0a, 0x20, 0x20, 0x20
  .byte 0x20, 0x20, 0x20, 0x20, 0x20, 0x20, 0x20, 0x20, 0x20, 0x20, 0x20, 0x6f, 0x6e, 0x42, 0x6c, 0x75
  .byte 0x72, 0x3d, 0x7b, 0x28, 0x65, 0x29, 0x20, 0x3d, 0x3e, 0x20, 0x7b, 0x0a, 0x20, 0x20, 0x20, 0x20
  .byte 0x20, 0x20, 0x20, 0x20, 0x20, 0x20, 0x20, 0x20, 0x20, 0x20, 0x20, 0x20, 0x63, 0x6f, 0x6e, 0x73
  .byte 0x74, 0x20, 0x63, 0x6f, 0x6e, 0x74, 0x61, 0x69, 0x6e, 0x65, 0x72, 0x20, 0x3d, 0x20, 0x65, 0x2e
  .byte 0x63, 0x75, 0x72, 0x72, 0x65, 0x6e, 0x74, 0x54, 0x61, 0x72, 0x67, 0x65, 0x74, 0x2e, 0x70, 0x61
  .byte 0x72, 0x65, 0x6e, 0x74, 0x45, 0x6c, 0x65, 0x6d, 0x65, 0x6e, 0x74, 0x3b, 0x0a, 0x20, 0x20, 0x20
  .byte 0x20, 0x20, 0x20, 0x20, 0x20, 0x20, 0x20, 0x20, 0x20, 0x20, 0x20, 0x20, 0x20, 0x69, 0x66, 0x20
  .byte 0x28, 0x63, 0x6f, 0x6e, 0x74, 0x61, 0x69, 0x6e, 0x65, 0x72, 0x29, 0x20, 0x63, 0x6f, 0x6e, 0x74
  .byte 0x61, 0x69, 0x6e, 0x65, 0x72, 0x2e, 0x73, 0x74, 0x79, 0x6c, 0x65, 0x2e, 0x62, 0x6f, 0x72, 0x64
  .byte 0x65, 0x72, 0x43, 0x6f, 0x6c, 0x6f, 0x72, 0x20, 0x3d, 0x20, 0x69, 0x73, 0x44, 0x61, 0x72, 0x6b
  .byte 0x20, 0x3f, 0x20, 0x22, 0x23, 0x31, 0x66, 0x31, 0x66, 0x31, 0x66, 0x22, 0x20, 0x3a, 0x20, 0x22
  .byte 0x23, 0x65, 0x35, 0x65, 0x37, 0x65, 0x62, 0x22, 0x3b, 0x0a, 0x20, 0x20, 0x20, 0x20, 0x20, 0x20
  .byte 0x20, 0x20, 0x20, 0x20, 0x20, 0x20, 0x20, 0x20, 0x7d, 0x7d, 0x0a, 0x20, 0x20, 0x20, 0x20, 0x20
  .byte 0x20, 0x20, 0x20, 0x20, 0x20, 0x20, 0x20, 0x2f, 0x3e, 0x0a, 0x20, 0x20, 0x20, 0x20, 0x20, 0x20
  .byte 0x20, 0x20, 0x20, 0x20, 0x29, 0x20, 0x3a, 0x20, 0x28, 0x0a, 0x20, 0x20, 0x20, 0x20, 0x20, 0x20
  .byte 0x20, 0x20, 0x20, 0x20, 0x20, 0x20, 0x3c, 0x74, 0x65, 0x78, 0x74, 0x61, 0x72, 0x65, 0x61, 0x0a
  .byte 0x20, 0x20, 0x20, 0x20, 0x20, 0x20, 0x20, 0x20, 0x20, 0x20, 0x20, 0x20, 0x20, 0x20, 0x76, 0x61
  .byte 0x6c, 0x75, 0x65, 0x3d, 0x7b, 0x69, 0x6e, 0x70, 0x75, 0x74, 0x7d, 0x0a, 0x20, 0x20, 0x20, 0x20
  .byte 0x20, 0x20, 0x20, 0x20, 0x20, 0x20, 0x20, 0x20, 0x20, 0x20, 0x6f, 0x6e, 0x43, 0x68, 0x61, 0x6e
  .byte 0x67, 0x65, 0x3d, 0x7b, 0x28, 0x65, 0x29, 0x20, 0x3d, 0x3e, 0x20, 0x6f, 0x6e, 0x49, 0x6e, 0x70
  .byte 0x75, 0x74, 0x43, 0x68, 0x61, 0x6e, 0x67, 0x65, 0x28, 0x65, 0x2e, 0x74, 0x61, 0x72, 0x67, 0x65
  .byte 0x74, 0x2e, 0x76, 0x61, 0x6c, 0x75, 0x65, 0x29, 0x7d, 0x0a, 0x20, 0x20, 0x20, 0x20, 0x20, 0x20
  .byte 0x20, 0x20, 0x20, 0x20, 0x20, 0x20, 0x20, 0x20, 0x6f, 0x6e, 0x4b, 0x65, 0x79, 0x44, 0x6f, 0x77
  .byte 0x6e, 0x3d, 0x7b, 0x68, 0x61, 0x6e, 0x64, 0x6c, 0x65, 0x4b, 0x65, 0x79, 0x44, 0x6f, 0x77, 0x6e
  .byte 0x7d, 0x0a, 0x20, 0x20, 0x20, 0x20, 0x20, 0x20, 0x20, 0x20, 0x20, 0x20, 0x20, 0x20, 0x20, 0x20
  .byte 0x70, 0x6c, 0x61, 0x63, 0x65, 0x68, 0x6f, 0x6c, 0x64, 0x65, 0x72, 0x3d, 0x22, 0x44, 0x65, 0x73
  .byte 0x63, 0x72, 0x69, 0x62, 0x65, 0x20, 0x77, 0x68, 0x61, 0x74, 0x20, 0x79, 0x6f, 0x75, 0x27, 0x64
  .byte 0x20, 0x6c, 0x69, 0x6b, 0x65, 0x20, 0x74, 0x6f, 0x20, 0x63, 0x68, 0x61, 0x6e, 0x67, 0x65, 0x2e
  .byte 0x2e, 0x2e, 0x22, 0x0a, 0x20, 0x20, 0x20, 0x20, 0x20, 0x20, 0x20, 0x20, 0x20, 0x20, 0x20, 0x20
  .byte 0x20, 0x20, 0x64, 0x69, 0x73, 0x61, 0x62, 0x6c, 0x65, 0x64, 0x3d, 0x7b, 0x69, 0x73, 0x52, 0x75
  .byte 0x6e, 0x6e, 0x69, 0x6e, 0x67, 0x7d, 0x0a, 0x20, 0x20, 0x20, 0x20, 0x20, 0x20, 0x20, 0x20, 0x20
  .byte 0x20, 0x20, 0x20, 0x20, 0x20, 0x72, 0x6f, 0x77, 0x73, 0x3d, 0x7b, 0x33, 0x7d, 0x0a, 0x20, 0x20
  .byte 0x20, 0x20, 0x20, 0x20, 0x20, 0x20, 0x20, 0x20, 0x20, 0x20, 0x20, 0x20, 0x73, 0x74, 0x79, 0x6c
  .byte 0x65, 0x3d, 0x7b, 0x7b, 0x0a, 0x20, 0x20, 0x20, 0x20, 0x20, 0x20, 0x20, 0x20, 0x20, 0x20, 0x20
  .byte 0x20, 0x20, 0x20, 0x20, 0x20, 0x77, 0x69, 0x64, 0x74, 0x68, 0x3a, 0x20, 0x22, 0x31, 0x30, 0x30
  .byte 0x25, 0x22, 0x2c, 0x0a, 0x20, 0x20, 0x20, 0x20, 0x20, 0x20, 0x20, 0x20, 0x20, 0x20, 0x20, 0x20
  .byte 0x20, 0x20, 0x20, 0x20, 0x70, 0x61, 0x64, 0x64, 0x69, 0x6e, 0x67, 0x3a, 0x20, 0x22, 0x31, 0x36
  .byte 0x70, 0x78, 0x20, 0x31, 0x36, 0x70, 0x78, 0x20, 0x34, 0x30, 0x70, 0x78, 0x20, 0x31, 0x36, 0x70
  .byte 0x78, 0x22, 0x2c, 0x0a, 0x20, 0x20, 0x20, 0x20, 0x20, 0x20, 0x20, 0x20, 0x20, 0x20, 0x20, 0x20
  .byte 0x20, 0x20, 0x20, 0x20, 0x66, 0x6f, 0x6e, 0x74, 0x53, 0x69, 0x7a, 0x65, 0x3a, 0x20, 0x22, 0x31
  .byte 0x34, 0x70, 0x78, 0x22, 0x2c, 0x0a, 0x20, 0x20, 0x20, 0x20, 0x20, 0x20, 0x20, 0x20, 0x20, 0x20
  .byte 0x20, 0x20, 0x20, 0x20, 0x20, 0x20, 0x6c, 0x69, 0x6e, 0x65, 0x48, 0x65, 0x69, 0x67, 0x68, 0x74
  .byte 0x3a, 0x20, 0x22, 0x31, 0x2e, 0x36, 0x22, 0x2c, 0x0a, 0x20, 0x20, 0x20, 0x20, 0x20, 0x20, 0x20
  .byte 0x20, 0x20, 0x20, 0x20, 0x20, 0x20, 0x20, 0x20, 0x20, 0x62, 0x6f, 0x72, 0x64, 0x65, 0x72, 0x3a
  .byte 0x20, 0x22, 0x6e, 0x6f, 0x6e, 0x65, 0x22, 0x2c, 0x0a, 0x20, 0x20, 0x20, 0x20, 0x20, 0x20, 0x20
  .byte 0x20, 0x20, 0x20, 0x20, 0x20, 0x20, 0x20, 0x20, 0x20, 0x62, 0x61, 0x63, 0x6b, 0x67, 0x72, 0x6f
  .byte 0x75, 0x6e, 0x64, 0x43, 0x6f, 0x6c, 0x6f, 0x72, 0x3a, 0x20, 0x22, 0x74, 0x72, 0x61, 0x6e, 0x73
  .byte 0x70, 0x61, 0x72, 0x65, 0x6e, 0x74, 0x22, 0x2c, 0x0a, 0x20, 0x20, 0x20, 0x20, 0x20, 0x20, 0x20
  .byte 0x20, 0x20, 0x20, 0x20, 0x20, 0x20, 0x20, 0x20, 0x20, 0x63, 0x6f, 0x6c, 0x6f, 0x72, 0x3a, 0x20
  .byte 0x69, 0x73, 0x44, 0x61, 0x72, 0x6b, 0x20, 0x3f, 0x20, 0x22, 0x23, 0x66, 0x35, 0x66, 0x35, 0x66
  .byte 0x35, 0x22, 0x20, 0x3a, 0x20, 0x22, 0x23, 0x31, 0x31, 0x31, 0x38, 0x32, 0x37, 0x22, 0x2c, 0x0a
  .byte 0x20, 0x20, 0x20, 0x20, 0x20, 0x20, 0x20, 0x20, 0x20, 0x20, 0x20, 0x20, 0x20, 0x20, 0x20, 0x20
  .byte 0x6f, 0x75, 0x74, 0x6c, 0x69, 0x6e, 0x65, 0x3a, 0x20, 0x22, 0x6e, 0x6f, 0x6e, 0x65, 0x22, 0x2c
  .byte 0x0a, 0x20, 0x20, 0x20, 0x20, 0x20, 0x20, 0x20, 0x20, 0x20, 0x20, 0x20, 0x20, 0x20, 0x20, 0x20
  .byte 0x20, 0x62, 0x6f, 0x78, 0x53, 0x69, 0x7a, 0x69, 0x6e, 0x67, 0x3a, 0x20, 0x22, 0x62, 0x6f, 0x72
  .byte 0x64, 0x65, 0x72, 0x2d, 0x62, 0x6f, 0x78, 0x22, 0x2c, 0x0a, 0x20, 0x20, 0x20, 0x20, 0x20, 0x20
  .byte 0x20, 0x20, 0x20, 0x20, 0x20, 0x20, 0x20, 0x20, 0x20, 0x20, 0x72, 0x65, 0x73, 0x69, 0x7a, 0x65
  .byte 0x3a, 0x20, 0x22, 0x6e, 0x6f, 0x6e, 0x65, 0x22, 0x2c, 0x0a, 0x20, 0x20, 0x20, 0x20, 0x20, 0x20
  .byte 0x20, 0x20, 0x20, 0x20, 0x20, 0x20, 0x20, 0x20, 0x20, 0x20, 0x66, 0x6f, 0x6e, 0x74, 0x46, 0x61
  .byte 0x6d, 0x69, 0x6c, 0x79, 0x3a, 0x20, 0x22, 0x69, 0x6e, 0x68, 0x65, 0x72, 0x69, 0x74, 0x22, 0x2c
  .byte 0x0a, 0x20, 0x20, 0x20, 0x20, 0x20, 0x20, 0x20, 0x20, 0x20, 0x20, 0x20, 0x20, 0x20, 0x20, 0x7d
  .byte 0x7d, 0x0a, 0x20, 0x20, 0x20, 0x20, 0x20, 0x20, 0x20, 0x20, 0x20, 0x20, 0x20, 0x20, 0x20, 0x20
  .byte 0x6f, 0x6e, 0x46, 0x6f, 0x63, 0x75, 0x73, 0x3d, 0x7b, 0x28, 0x65, 0x29, 0x20, 0x3d, 0x3e, 0x20
  .byte 0x7b, 0x0a, 0x20, 0x20, 0x20, 0x20, 0x20, 0x20, 0x20, 0x20, 0x20, 0x20, 0x20, 0x20, 0x20, 0x20
  .byte 0x20, 0x20, 0x69, 0x66, 0x20, 0x28, 0x21, 0x69, 0x73, 0x52, 0x75, 0x6e, 0x6e, 0x69, 0x6e, 0x67
  .byte 0x29, 0x20, 0x7b, 0x0a, 0x20, 0x20, 0x20, 0x20, 0x20, 0x20, 0x20, 0x20, 0x20, 0x20, 0x20, 0x20
  .byte 0x20, 0x20, 0x20, 0x20, 0x20, 0x20, 0x63, 0x6f, 0x6e, 0x73, 0x74, 0x20, 0x63, 0x6f, 0x6e, 0x74
  .byte 0x61, 0x69, 0x6e, 0x65, 0x72, 0x20, 0x3d, 0x20, 0x65, 0x2e, 0x63, 0x75, 0x72, 0x72, 0x65, 0x6e
  .byte 0x74, 0x54, 0x61, 0x72, 0x67, 0x65, 0x74, 0x2e, 0x70, 0x61, 0x72, 0x65, 0x6e, 0x74, 0x45, 0x6c
  .byte 0x65, 0x6d, 0x65, 0x6e, 0x74, 0x3b, 0x0a, 0x20, 0x20, 0x20, 0x20, 0x20, 0x20, 0x20, 0x20, 0x20
  .byte 0x20, 0x20, 0x20, 0x20, 0x20, 0x20, 0x20, 0x20, 0x20, 0x69, 0x66, 0x20, 0x28, 0x63, 0x6f, 0x6e
  .byte 0x74, 0x61, 0x69, 0x6e, 0x65, 0x72, 0x29, 0x20, 0x7b, 0x0a, 0x20, 0x20, 0x20, 0x20, 0x20, 0x20
  .byte 0x20, 0x20, 0x20, 0x20, 0x20, 0x20, 0x20, 0x20, 0x20, 0x20, 0x20, 0x20, 0x20, 0x20, 0x63, 0x6f
  .byte 0x6e, 0x74, 0x61, 0x69, 0x6e, 0x65, 0x72, 0x2e, 0x73, 0x74, 0x79, 0x6c, 0x65, 0x2e, 0x62, 0x6f
  .byte 0x72, 0x64, 0x65, 0x72, 0x43, 0x6f, 0x6c, 0x6f, 0x72, 0x20, 0x3d, 0x20, 0x22, 0x23, 0x35, 0x46
  .byte 0x35, 0x31, 0x45, 0x38, 0x22, 0x3b, 0x0a, 0x20, 0x20, 0x20, 0x20, 0x20, 0x20, 0x20, 0x20, 0x20
  .byte 0x20, 0x20, 0x20, 0x20, 0x20, 0x20, 0x20, 0x20, 0x20, 0x20, 0x20, 0x63, 0x6f, 0x6e, 0x74, 0x61
  .byte 0x69, 0x6e, 0x65, 0x72, 0x2e, 0x73, 0x74, 0x79, 0x6c, 0x65, 0x2e, 0x62, 0x6f, 0x78, 0x53, 0x68
  .byte 0x61, 0x64, 0x6f, 0x77, 0x20, 0x3d, 0x20, 0x69, 0x73, 0x44, 0x61, 0x72, 0x6b, 0x0a, 0x20, 0x20
  .byte 0x20, 0x20, 0x20, 0x20, 0x20, 0x20, 0x20, 0x20, 0x20, 0x20, 0x20, 0x20, 0x20, 0x20, 0x20, 0x20
  .byte 0x20, 0x20, 0x20, 0x20, 0x3f, 0x20, 0x22, 0x30, 0x20, 0x30, 0x20, 0x30, 0x20, 0x31, 0x70, 0x78
  .byte 0x20, 0x23, 0x35, 0x46, 0x35, 0x31, 0x45, 0x38, 0x22, 0x0a, 0x20, 0x20, 0x20, 0x20, 0x20, 0x20
  .byte 0x20, 0x20, 0x20, 0x20, 0x20, 0x20, 0x20, 0x20, 0x20, 0x20, 0x20, 0x20, 0x20, 0x20, 0x20, 0x20
  .byte 0x3a, 0x20, 0x22, 0x30, 0x20, 0x30, 0x20, 0x30, 0x20, 0x33, 0x70, 0x78, 0x20, 0x72, 0x67, 0x62
  .byte 0x61, 0x28, 0x39, 0x35, 0x2c, 0x20, 0x38, 0x31, 0x2c, 0x20, 0x32, 0x33, 0x32, 0x2c, 0x20, 0x30
  .byte 0x2e, 0x31, 0x29, 0x22, 0x3b, 0x0a, 0x20, 0x20, 0x20, 0x20, 0x20, 0x20, 0x20, 0x20, 0x20, 0x20
  .byte 0x20, 0x20, 0x20, 0x20, 0x20, 0x20, 0x20, 0x20, 0x7d, 0x0a, 0x20, 0x20, 0x20, 0x20, 0x20, 0x20
  .byte 0x20, 0x20, 0x20, 0x20, 0x20, 0x20, 0x20, 0x20, 0x20, 0x20, 0x7d, 0x0a, 0x20, 0x20, 0x20, 0x20
  .byte 0x20, 0x20, 0x20, 0x20, 0x20, 0x20, 0x20, 0x20, 0x20, 0x20, 0x7d, 0x7d, 0x0a, 0x20, 0x20, 0x20
  .byte 0x20, 0x20, 0x20, 0x20, 0x20, 0x20, 0x20, 0x20, 0x20, 0x20, 0x20, 0x6f, 0x6e, 0x42, 0x6c, 0x75
  .byte 0x72, 0x3d, 0x7b, 0x28, 0x65, 0x29, 0x20, 0x3d, 0x3e, 0x20, 0x7b, 0x0a, 0x20, 0x20, 0x20, 0x20
  .byte 0x20, 0x20, 0x20, 0x20, 0x20, 0x20, 0x20, 0x20, 0x20, 0x20, 0x20, 0x20, 0x63, 0x6f, 0x6e, 0x73
  .byte 0x74, 0x20, 0x63, 0x6f, 0x6e, 0x74, 0x61, 0x69, 0x6e, 0x65, 0x72, 0x20, 0x3d, 0x20, 0x65, 0x2e
  .byte 0x63, 0x75, 0x72, 0x72, 0x65, 0x6e, 0x74, 0x54, 0x61, 0x72, 0x67, 0x65, 0x74, 0x2e, 0x70, 0x61
  .byte 0x72, 0x65, 0x6e, 0x74, 0x45, 0x6c, 0x65, 0x6d, 0x65, 0x6e, 0x74, 0x3b, 0x0a, 0x20, 0x20, 0x20
  .byte 0x20, 0x20, 0x20, 0x20, 0x20, 0x20, 0x20, 0x20, 0x20, 0x20, 0x20, 0x20, 0x20, 0x69, 0x66, 0x20
  .byte 0x28, 0x63, 0x6f, 0x6e, 0x74, 0x61, 0x69, 0x6e, 0x65, 0x72, 0x29, 0x20, 0x7b, 0x0a, 0x20, 0x20
  .byte 0x20, 0x20, 0x20, 0x20, 0x20, 0x20, 0x20, 0x20, 0x20, 0x20, 0x20, 0x20, 0x20, 0x20, 0x20, 0x20
  .byte 0x63, 0x6f, 0x6e, 0x74, 0x61, 0x69, 0x6e, 0x65, 0x72, 0x2e, 0x73, 0x74, 0x79, 0x6c, 0x65, 0x2e
  .byte 0x62, 0x6f, 0x72, 0x64, 0x65, 0x72, 0x43, 0x6f, 0x6c, 0x6f, 0x72, 0x20, 0x3d, 0x20, 0x69, 0x73
  .byte 0x44, 0x61, 0x72, 0x6b, 0x20, 0x3f, 0x20, 0x22, 0x23, 0x31, 0x66, 0x31, 0x66, 0x31, 0x66, 0x22
  .byte 0x20, 0x3a, 0x20, 0x22, 0x23, 0x65, 0x35, 0x65, 0x37, 0x65, 0x62, 0x22, 0x3b, 0x0a, 0x20, 0x20
  .byte 0x20, 0x20, 0x20, 0x20, 0x20, 0x20, 0x20, 0x20, 0x20, 0x20, 0x20, 0x20, 0x20, 0x20, 0x20, 0x20
  .byte 0x63, 0x6f, 0x6e, 0x74, 0x61, 0x69, 0x6e, 0x65, 0x72, 0x2e, 0x73, 0x74, 0x79, 0x6c, 0x65, 0x2e
  .byte 0x62, 0x6f, 0x78, 0x53, 0x68, 0x61, 0x64, 0x6f, 0x77, 0x20, 0x3d, 0x20, 0x22, 0x6e, 0x6f, 0x6e
  .byte 0x65, 0x22, 0x3b, 0x0a, 0x20, 0x20, 0x20, 0x20, 0x20, 0x20, 0x20, 0x20, 0x20, 0x20, 0x20, 0x20
  .byte 0x20, 0x20, 0x20, 0x20, 0x7d, 0x0a, 0x20, 0x20, 0x20, 0x20, 0x20, 0x20, 0x20, 0x20, 0x20, 0x20
  .byte 0x20, 0x20, 0x20, 0x20, 0x7d, 0x7d, 0x0a, 0x20, 0x20, 0x20, 0x20, 0x20, 0x20, 0x20, 0x20, 0x20
  .byte 0x20, 0x20, 0x20, 0x2f, 0x3e, 0x0a, 0x20, 0x20, 0x20, 0x20, 0x20, 0x20, 0x20, 0x20, 0x20, 0x20
  .byte 0x29, 0x7d, 0x0a, 0x20, 0x20, 0x20, 0x20, 0x20, 0x20, 0x20, 0x20, 0x20, 0x20, 0x3c, 0x64, 0x69
  .byte 0x76, 0x0a, 0x20, 0x20, 0x20, 0x20, 0x20, 0x20, 0x20, 0x20, 0x20, 0x20, 0x20, 0x20, 0x73, 0x74
  .byte 0x79, 0x6c, 0x65, 0x3d, 0x7b, 0x7b, 0x0a, 0x20, 0x20, 0x20, 0x20, 0x20, 0x20, 0x20, 0x20, 0x20
  .byte 0x20, 0x20, 0x20, 0x20, 0x20, 0x64, 0x69, 0x73, 0x70, 0x6c, 0x61, 0x79, 0x3a, 0x20, 0x22, 0x66
  .byte 0x6c, 0x65, 0x78, 0x22, 0x2c, 0x0a, 0x20, 0x20, 0x20, 0x20, 0x20, 0x20, 0x20, 0x20, 0x20, 0x20
  .byte 0x20, 0x20, 0x20, 0x20, 0x6a, 0x75, 0x73, 0x74, 0x69, 0x66, 0x79, 0x43, 0x6f, 0x6e, 0x74, 0x65
  .byte 0x6e, 0x74, 0x3a, 0x20, 0x22, 0x66, 0x6c, 0x65, 0x78, 0x2d, 0x65, 0x6e, 0x64, 0x22, 0x2c, 0x0a
  .byte 0x20, 0x20, 0x20, 0x20, 0x20, 0x20, 0x20, 0x20, 0x20, 0x20, 0x20, 0x20, 0x20, 0x20, 0x70, 0x61
  .byte 0x64, 0x64, 0x69, 0x6e, 0x67, 0x3a, 0x20, 0x69, 0x73, 0x4d, 0x6f, 0x62, 0x69, 0x6c, 0x65, 0x20
  .byte 0x3f, 0x20, 0x22, 0x30, 0x20, 0x36, 0x70, 0x78, 0x20, 0x30, 0x20, 0x30, 0x22, 0x20, 0x3a, 0x20
  .byte 0x22, 0x30, 0x20, 0x31, 0x30, 0x70, 0x78, 0x20, 0x31, 0x30, 0x70, 0x78, 0x20, 0x31, 0x30, 0x70
  .byte 0x78, 0x22, 0x2c, 0x0a, 0x20, 0x20, 0x20, 0x20, 0x20, 0x20, 0x20, 0x20, 0x20, 0x20, 0x20, 0x20
  .byte 0x7d, 0x7d, 0x0a, 0x20, 0x20, 0x20, 0x20, 0x20, 0x20, 0x20, 0x20, 0x20, 0x20, 0x3e, 0x0a, 0x20
  .byte 0x20, 0x20, 0x20, 0x20, 0x20, 0x20, 0x20, 0x20, 0x20, 0x20, 0x20, 0x3c, 0x62, 0x75, 0x74, 0x74
  .byte 0x6f, 0x6e, 0x0a, 0x20, 0x20, 0x20, 0x20, 0x20, 0x20, 0x20, 0x20, 0x20, 0x20, 0x20, 0x20, 0x20
  .byte 0x20, 0x74, 0x79, 0x70, 0x65, 0x3d, 0x22, 0x73, 0x75, 0x62, 0x6d, 0x69, 0x74, 0x22, 0x0a, 0x20
  .byte 0x20, 0x20, 0x20, 0x20, 0x20, 0x20, 0x20, 0x20, 0x20, 0x20, 0x20, 0x20, 0x20, 0x64, 0x69, 0x73
  .byte 0x61, 0x62, 0x6c, 0x65, 0x64, 0x3d, 0x7b, 0x69, 0x73, 0x52, 0x75, 0x6e, 0x6e, 0x69, 0x6e, 0x67
  .byte 0x7d, 0x0a, 0x20, 0x20, 0x20, 0x20, 0x20, 0x20, 0x20, 0x20, 0x20, 0x20, 0x20, 0x20, 0x20, 0x20
  .byte 0x73, 0x74, 0x79, 0x6c, 0x65, 0x3d, 0x7b, 0x7b, 0x0a, 0x20, 0x20, 0x20, 0x20, 0x20, 0x20, 0x20
  .byte 0x20, 0x20, 0x20, 0x20, 0x20, 0x20, 0x20, 0x20, 0x20, 0x77, 0x69, 0x64, 0x74, 0x68, 0x3a, 0x20
  .byte 0x69, 0x73, 0x4d, 0x6f, 0x62, 0x69, 0x6c, 0x65, 0x20, 0x3f, 0x20, 0x22, 0x33, 0x32, 0x70, 0x78
  .byte 0x22, 0x20, 0x3a, 0x20, 0x22, 0x33, 0x36, 0x70, 0x78, 0x22, 0x2c, 0x0a, 0x20, 0x20, 0x20, 0x20
  .byte 0x20, 0x20, 0x20, 0x20, 0x20, 0x20, 0x20, 0x20, 0x20, 0x20, 0x20, 0x20, 0x68, 0x65, 0x69, 0x67
  .byte 0x68, 0x74, 0x3a, 0x20, 0x69, 0x73, 0x4d, 0x6f, 0x62, 0x69, 0x6c, 0x65, 0x20, 0x3f, 0x20, 0x22
  .byte 0x33, 0x32, 0x70, 0x78, 0x22, 0x20, 0x3a, 0x20, 0x22, 0x33, 0x36, 0x70, 0x78, 0x22, 0x2c, 0x0a
  .byte 0x20, 0x20, 0x20, 0x20, 0x20, 0x20, 0x20, 0x20, 0x20, 0x20, 0x20, 0x20, 0x20, 0x20, 0x20, 0x20
  .byte 0x62, 0x6f, 0x72, 0x64, 0x65, 0x72, 0x52, 0x61, 0x64, 0x69, 0x75, 0x73, 0x3a, 0x20, 0x22, 0x35
  .byte 0x30, 0x25, 0x22, 0x2c, 0x0a, 0x20, 0x20, 0x20, 0x20, 0x20, 0x20, 0x20, 0x20, 0x20, 0x20, 0x20
  .byte 0x20, 0x20, 0x20, 0x20, 0x20, 0x62, 0x6f, 0x72, 0x64, 0x65, 0x72, 0x3a, 0x20, 0x22, 0x6e, 0x6f
  .byte 0x6e, 0x65, 0x22, 0x2c, 0x0a, 0x20, 0x20, 0x20, 0x20, 0x20, 0x20, 0x20, 0x20, 0x20, 0x20, 0x20
  .byte 0x20, 0x20, 0x20, 0x20, 0x20, 0x62, 0x61, 0x63, 0x6b, 0x67, 0x72, 0x6f, 0x75, 0x6e, 0x64, 0x43
  .byte 0x6f, 0x6c, 0x6f, 0x72, 0x3a, 0x0a, 0x20, 0x20, 0x20, 0x20, 0x20, 0x20, 0x20, 0x20, 0x20, 0x20
  .byte 0x20, 0x20, 0x20, 0x20, 0x20, 0x20, 0x20, 0x20, 0x68, 0x61, 0x73, 0x49, 0x6e, 0x70, 0x75, 0x74
  .byte 0x20, 0x26, 0x26, 0x20, 0x21, 0x69, 0x73, 0x52, 0x75, 0x6e, 0x6e, 0x69, 0x6e, 0x67, 0x20, 0x3f
  .byte 0x20, 0x22, 0x23, 0x35, 0x46, 0x35, 0x31, 0x45, 0x38, 0x22, 0x20, 0x3a, 0x20, 0x69, 0x73, 0x44
  .byte 0x61, 0x72, 0x6b, 0x20, 0x3f, 0x20, 0x22, 0x23, 0x31, 0x61, 0x31, 0x61, 0x31, 0x61, 0x22, 0x20
  .byte 0x3a, 0x20, 0x22, 0x23, 0x65, 0x35, 0x65, 0x37, 0x65, 0x62, 0x22, 0x2c, 0x0a, 0x20, 0x20, 0x20
  .byte 0x20, 0x20, 0x20, 0x20, 0x20, 0x20, 0x20, 0x20, 0x20, 0x20, 0x20, 0x20, 0x20, 0x63, 0x75, 0x72
  .byte 0x73, 0x6f, 0x72, 0x3a, 0x20, 0x68, 0x61, 0x73, 0x49, 0x6e, 0x70, 0x75, 0x74, 0x20, 0x26, 0x26
  .byte 0x20, 0x21, 0x69, 0x73, 0x52, 0x75, 0x6e, 0x6e, 0x69, 0x6e, 0x67, 0x20, 0x3f, 0x20, 0x22, 0x70
  .byte 0x6f, 0x69, 0x6e, 0x74, 0x65, 0x72, 0x22, 0x20, 0x3a, 0x20, 0x22, 0x64, 0x65, 0x66, 0x61, 0x75
  .byte 0x6c, 0x74, 0x22, 0x2c, 0x0a, 0x20, 0x20, 0x20, 0x20, 0x20, 0x20, 0x20, 0x20, 0x20, 0x20, 0x20
  .byte 0x20, 0x20, 0x20, 0x20, 0x20, 0x64, 0x69, 0x73, 0x70, 0x6c, 0x61, 0x79, 0x3a, 0x20, 0x22, 0x66
  .byte 0x6c, 0x65, 0x78, 0x22, 0x2c, 0x0a, 0x20, 0x20, 0x20, 0x20, 0x20, 0x20, 0x20, 0x20, 0x20, 0x20
  .byte 0x20, 0x20, 0x20, 0x20, 0x20, 0x20, 0x61, 0x6c, 0x69, 0x67, 0x6e, 0x49, 0x74, 0x65, 0x6d, 0x73
  .byte 0x3a, 0x20, 0x22, 0x63, 0x65, 0x6e, 0x74, 0x65, 0x72, 0x22, 0x2c, 0x0a, 0x20, 0x20, 0x20, 0x20
  .byte 0x20, 0x20, 0x20, 0x20, 0x20, 0x20, 0x20, 0x20, 0x20, 0x20, 0x20, 0x20, 0x6a, 0x75, 0x73, 0x74
  .byte 0x69, 0x66, 0x79, 0x43, 0x6f, 0x6e, 0x74, 0x65, 0x6e, 0x74, 0x3a, 0x20, 0x22, 0x63, 0x65, 0x6e
  .byte 0x74, 0x65, 0x72, 0x22, 0x2c, 0x0a, 0x20, 0x20, 0x20, 0x20, 0x20, 0x20, 0x20, 0x20, 0x20, 0x20
  .byte 0x20, 0x20, 0x20, 0x20, 0x20, 0x20, 0x74, 0x72, 0x61, 0x6e, 0x73, 0x69, 0x74, 0x69, 0x6f, 0x6e
  .byte 0x3a, 0x20, 0x22, 0x62, 0x61, 0x63, 0x6b, 0x67, 0x72, 0x6f, 0x75, 0x6e, 0x64, 0x2d, 0x63, 0x6f
  .byte 0x6c, 0x6f, 0x72, 0x20, 0x30, 0x2e, 0x32, 0x73, 0x22, 0x2c, 0x0a, 0x20, 0x20, 0x20, 0x20, 0x20
  .byte 0x20, 0x20, 0x20, 0x20, 0x20, 0x20, 0x20, 0x20, 0x20, 0x7d, 0x7d, 0x0a, 0x20, 0x20, 0x20, 0x20
  .byte 0x20, 0x20, 0x20, 0x20, 0x20, 0x20, 0x20, 0x20, 0x3e, 0x0a, 0x20, 0x20, 0x20, 0x20, 0x20, 0x20
  .byte 0x20, 0x20, 0x20, 0x20, 0x20, 0x20, 0x20, 0x20, 0x3c, 0x53, 0x65, 0x6e, 0x64, 0x49, 0x63, 0x6f
  .byte 0x6e, 0x0a, 0x20, 0x20, 0x20, 0x20, 0x20, 0x20, 0x20, 0x20, 0x20, 0x20, 0x20, 0x20, 0x20, 0x20
  .byte 0x20, 0x20, 0x73, 0x69, 0x7a, 0x65, 0x3d, 0x7b, 0x31, 0x36, 0x7d, 0x0a, 0x20, 0x20, 0x20, 0x20
  .byte 0x20, 0x20, 0x20, 0x20, 0x20, 0x20, 0x20, 0x20, 0x20, 0x20, 0x20, 0x20, 0x63, 0x6f, 0x6c, 0x6f
  .byte 0x72, 0x3d, 0x7b, 0x68, 0x61, 0x73, 0x49, 0x6e, 0x70, 0x75, 0x74, 0x20, 0x26, 0x26, 0x20, 0x21
  .byte 0x69, 0x73, 0x52, 0x75, 0x6e, 0x6e, 0x69, 0x6e, 0x67, 0x20, 0x3f, 0x20, 0x22, 0x23, 0x66, 0x66
  .byte 0x66, 0x66, 0x66, 0x66, 0x22, 0x20, 0x3a, 0x20, 0x69, 0x73, 0x44, 0x61, 0x72, 0x6b, 0x20, 0x3f
  .byte 0x20, 0x22, 0x23, 0x34, 0x42, 0x35, 0x35, 0x36, 0x33, 0x22, 0x20, 0x3a, 0x20, 0x22, 0x23, 0x39
  .byte 0x43, 0x41, 0x33, 0x41, 0x46, 0x22, 0x7d, 0x0a, 0x20, 0x20, 0x20, 0x20, 0x20, 0x20, 0x20, 0x20
  .byte 0x20, 0x20, 0x20, 0x20, 0x20, 0x20, 0x2f, 0x3e, 0x0a, 0x20, 0x20, 0x20, 0x20, 0x20, 0x20, 0x20
  .byte 0x20, 0x20, 0x20, 0x20, 0x20, 0x3c, 0x2f, 0x62, 0x75, 0x74, 0x74, 0x6f, 0x6e, 0x3e, 0x0a, 0x20
  .byte 0x20, 0x20, 0x20, 0x20, 0x20, 0x20, 0x20, 0x20, 0x20, 0x3c, 0x2f, 0x64, 0x69, 0x76, 0x3e, 0x0a
  .byte 0x20, 0x20, 0x20, 0x20, 0x20, 0x20, 0x20, 0x20, 0x3c, 0x2f, 0x64, 0x69, 0x76, 0x3e, 0x0a, 0x20
  .byte 0x20, 0x20, 0x20, 0x20, 0x20, 0x3c, 0x2f, 0x66, 0x6f, 0x72, 0x6d, 0x3e, 0x0a, 0x20, 0x20, 0x20
  .byte 0x20, 0x3c, 0x2f, 0x64, 0x69, 0x76, 0x3e, 0x0a, 0x20, 0x20, 0x29, 0x3b, 0x0a, 0x7d, 0x0a

  .globl openui_full_port_examples_react_email_src_components_emailEditor_messageInput_tsx_5e706de375a1_pass_4_len
openui_full_port_examples_react_email_src_components_emailEditor_messageInput_tsx_5e706de375a1_pass_4_len:
  .quad 5151
