# OpenUI mechanical full assembly port
# source: docs/imports/svg-10waxq0xyc.ts
# sha256: eec4513e53286445bde707612d391e6f7836ea6ae9a133d43ff361544b8e23b6
# bytes: 12294
# assembly passes: 4
  .section .rodata
# assembly pass: 1/4
  .globl openui_full_port_docs_imports_svg_10waxq0xyc_ts_eec4513e5328
openui_full_port_docs_imports_svg_10waxq0xyc_ts_eec4513e5328:
  .byte 0x65, 0x78, 0x70, 0x6f, 0x72, 0x74, 0x20, 0x64, 0x65, 0x66, 0x61, 0x75, 0x6c, 0x74, 0x20, 0x7b
  .byte 0x0a, 0x20, 0x20, 0x70, 0x31, 0x31, 0x31, 0x30, 0x33, 0x36, 0x30, 0x30, 0x3a, 0x0a, 0x20, 0x20
  .byte 0x20, 0x20, 0x22, 0x4d, 0x32, 0x33, 0x2e, 0x32, 0x33, 0x38, 0x39, 0x20, 0x30, 0x2e, 0x37, 0x35
  .byte 0x37, 0x35, 0x38, 0x35, 0x43, 0x32, 0x33, 0x2e, 0x33, 0x37, 0x33, 0x39, 0x20, 0x30, 0x2e, 0x37
  .byte 0x36, 0x39, 0x33, 0x33, 0x37, 0x20, 0x32, 0x33, 0x2e, 0x35, 0x32, 0x30, 0x39, 0x20, 0x30, 0x2e
  .byte 0x37, 0x39, 0x38, 0x39, 0x32, 0x39, 0x20, 0x32, 0x33, 0x2e, 0x36, 0x34, 0x31, 0x32, 0x20, 0x30
  .byte 0x2e, 0x38, 0x37, 0x32, 0x38, 0x32, 0x43, 0x32, 0x33, 0x2e, 0x37, 0x35, 0x34, 0x38, 0x20, 0x30
  .byte 0x2e, 0x39, 0x34, 0x32, 0x36, 0x31, 0x35, 0x20, 0x32, 0x33, 0x2e, 0x38, 0x34, 0x20, 0x31, 0x2e
  .byte 0x30, 0x34, 0x38, 0x39, 0x35, 0x20, 0x32, 0x33, 0x2e, 0x38, 0x36, 0x38, 0x37, 0x20, 0x31, 0x2e
  .byte 0x31, 0x39, 0x34, 0x31, 0x31, 0x4c, 0x32, 0x33, 0x2e, 0x38, 0x37, 0x37, 0x35, 0x20, 0x31, 0x2e
  .byte 0x32, 0x35, 0x39, 0x35, 0x34, 0x56, 0x31, 0x2e, 0x32, 0x36, 0x30, 0x35, 0x31, 0x43, 0x32, 0x33
  .byte 0x2e, 0x38, 0x38, 0x36, 0x34, 0x20, 0x31, 0x2e, 0x33, 0x38, 0x37, 0x38, 0x34, 0x20, 0x32, 0x33
  .byte 0x2e, 0x38, 0x39, 0x36, 0x31, 0x20, 0x31, 0x2e, 0x35, 0x34, 0x33, 0x39, 0x33, 0x20, 0x32, 0x33
  .byte 0x2e, 0x38, 0x33, 0x30, 0x37, 0x20, 0x31, 0x2e, 0x36, 0x37, 0x31, 0x36, 0x35, 0x43, 0x32, 0x33
  .byte 0x2e, 0x37, 0x35, 0x33, 0x37, 0x20, 0x31, 0x2e, 0x38, 0x32, 0x31, 0x31, 0x38, 0x20, 0x32, 0x33
  .byte 0x2e, 0x36, 0x30, 0x34, 0x31, 0x20, 0x31, 0x2e, 0x38, 0x38, 0x37, 0x32, 0x35, 0x20, 0x32, 0x33
  .byte 0x2e, 0x34, 0x32, 0x37, 0x33, 0x20, 0x31, 0x2e, 0x39, 0x31, 0x37, 0x37, 0x34, 0x43, 0x32, 0x33
  .byte 0x2e, 0x31, 0x36, 0x33, 0x36, 0x20, 0x31, 0x2e, 0x39, 0x36, 0x33, 0x32, 0x31, 0x20, 0x32, 0x32
  .byte 0x2e, 0x39, 0x35, 0x31, 0x37, 0x20, 0x31, 0x2e, 0x39, 0x38, 0x38, 0x30, 0x33, 0x20, 0x32, 0x32
  .byte 0x2e, 0x37, 0x38, 0x30, 0x39, 0x20, 0x32, 0x2e, 0x30, 0x31, 0x31, 0x34, 0x39, 0x43, 0x32, 0x32
  .byte 0x2e, 0x36, 0x30, 0x37, 0x31, 0x20, 0x32, 0x2e, 0x30, 0x33, 0x35, 0x33, 0x35, 0x20, 0x32, 0x32
  .byte 0x2e, 0x34, 0x37, 0x38, 0x33, 0x20, 0x32, 0x2e, 0x30, 0x35, 0x37, 0x31, 0x33, 0x20, 0x32, 0x32
  .byte 0x2e, 0x33, 0x36, 0x32, 0x39, 0x20, 0x32, 0x2e, 0x30, 0x39, 0x35, 0x34, 0x38, 0x43, 0x32, 0x32
  .byte 0x2e, 0x31, 0x34, 0x34, 0x34, 0x20, 0x32, 0x2e, 0x31, 0x36, 0x38, 0x30, 0x37, 0x20, 0x32, 0x31
  .byte 0x2e, 0x39, 0x34, 0x37, 0x38, 0x20, 0x32, 0x2e, 0x33, 0x30, 0x37, 0x31, 0x34, 0x20, 0x32, 0x31
  .byte 0x2e, 0x36, 0x30, 0x34, 0x31, 0x20, 0x32, 0x2e, 0x37, 0x30, 0x37, 0x37, 0x38, 0x43, 0x32, 0x31
  .byte 0x2e, 0x35, 0x35, 0x38, 0x39, 0x20, 0x32, 0x2e, 0x37, 0x37, 0x31, 0x36, 0x32, 0x20, 0x32, 0x31
  .byte 0x2e, 0x35, 0x31, 0x37, 0x37, 0x20, 0x32, 0x2e, 0x38, 0x33, 0x32, 0x31, 0x33, 0x20, 0x32, 0x31
  .byte 0x2e, 0x34, 0x38, 0x31, 0x20, 0x32, 0x2e, 0x38, 0x37, 0x39, 0x36, 0x36, 0x43, 0x32, 0x31, 0x2e
  .byte 0x34, 0x34, 0x31, 0x32, 0x20, 0x32, 0x2e, 0x39, 0x33, 0x31, 0x32, 0x36, 0x20, 0x32, 0x31, 0x2e
  .byte 0x33, 0x39, 0x37, 0x20, 0x32, 0x2e, 0x39, 0x38, 0x31, 0x33, 0x39, 0x20, 0x32, 0x31, 0x2e, 0x33
  .byte 0x34, 0x30, 0x34, 0x20, 0x33, 0x2e, 0x30, 0x32, 0x32, 0x32, 0x33, 0x43, 0x32, 0x31, 0x2e, 0x32
  .byte 0x32, 0x33, 0x31, 0x20, 0x33, 0x2e, 0x31, 0x30, 0x36, 0x37, 0x35, 0x20, 0x32, 0x31, 0x2e, 0x30
  .byte 0x38, 0x34, 0x36, 0x20, 0x33, 0x2e, 0x31, 0x32, 0x38, 0x37, 0x39, 0x20, 0x32, 0x30, 0x2e, 0x39
  .byte 0x30, 0x32, 0x39, 0x20, 0x33, 0x2e, 0x31, 0x34, 0x31, 0x33, 0x37, 0x4c, 0x32, 0x30, 0x2e, 0x38
  .byte 0x35, 0x35, 0x31, 0x20, 0x33, 0x2e, 0x31, 0x34, 0x34, 0x33, 0x4c, 0x32, 0x30, 0x2e, 0x38, 0x31
  .byte 0x31, 0x31, 0x20, 0x33, 0x2e, 0x31, 0x32, 0x32, 0x38, 0x32, 0x43, 0x32, 0x30, 0x2e, 0x35, 0x38
  .byte 0x36, 0x31, 0x20, 0x33, 0x2e, 0x30, 0x30, 0x36, 0x38, 0x20, 0x32, 0x30, 0x2e, 0x34, 0x37, 0x35
  .byte 0x32, 0x20, 0x32, 0x2e, 0x38, 0x32, 0x31, 0x37, 0x20, 0x32, 0x30, 0x2e, 0x34, 0x36, 0x30, 0x35
  .byte 0x20, 0x32, 0x2e, 0x36, 0x31, 0x34, 0x30, 0x33, 0x43, 0x32, 0x30, 0x2e, 0x34, 0x34, 0x36, 0x39
  .byte 0x20, 0x32, 0x2e, 0x34, 0x32, 0x30, 0x32, 0x37, 0x20, 0x32, 0x30, 0x2e, 0x35, 0x31, 0x37, 0x39
  .byte 0x20, 0x32, 0x2e, 0x32, 0x32, 0x34, 0x34, 0x31, 0x20, 0x32, 0x30, 0x2e, 0x36, 0x31, 0x30, 0x39
  .byte 0x20, 0x32, 0x2e, 0x30, 0x36, 0x32, 0x32, 0x37, 0x43, 0x32, 0x31, 0x2e, 0x30, 0x32, 0x31, 0x36
  .byte 0x20, 0x31, 0x2e, 0x33, 0x34, 0x36, 0x35, 0x38, 0x20, 0x32, 0x31, 0x2e, 0x37, 0x36, 0x37, 0x38
  .byte 0x20, 0x31, 0x2e, 0x30, 0x30, 0x39, 0x39, 0x34, 0x20, 0x32, 0x32, 0x2e, 0x34, 0x37, 0x34, 0x32
  .byte 0x20, 0x30, 0x2e, 0x37, 0x39, 0x31, 0x37, 0x36, 0x35, 0x4c, 0x32, 0x32, 0x2e, 0x34, 0x39, 0x34
  .byte 0x37, 0x20, 0x30, 0x2e, 0x37, 0x38, 0x34, 0x39, 0x32, 0x39, 0x4c, 0x32, 0x32, 0x2e, 0x35, 0x31
  .byte 0x36, 0x32, 0x20, 0x30, 0x2e, 0x37, 0x38, 0x33, 0x39, 0x35, 0x32, 0x43, 0x32, 0x32, 0x2e, 0x36
  .byte 0x35, 0x36, 0x34, 0x20, 0x30, 0x2e, 0x37, 0x37, 0x36, 0x33, 0x33, 0x20, 0x32, 0x32, 0x2e, 0x39
  .byte 0x37, 0x33, 0x37, 0x20, 0x30, 0x2e, 0x37, 0x33, 0x34, 0x35, 0x37, 0x32, 0x20, 0x32, 0x33, 0x2e
  .byte 0x32, 0x33, 0x38, 0x39, 0x20, 0x30, 0x2e, 0x37, 0x35, 0x37, 0x35, 0x38, 0x35, 0x5a, 0x22, 0x2c
  .byte 0x0a, 0x20, 0x20, 0x70, 0x31, 0x63, 0x61, 0x63, 0x65, 0x30, 0x30, 0x30, 0x3a, 0x0a, 0x20, 0x20
  .byte 0x20, 0x20, 0x22, 0x4d, 0x32, 0x32, 0x2e, 0x35, 0x36, 0x36, 0x36, 0x20, 0x31, 0x33, 0x2e, 0x39
  .byte 0x36, 0x30, 0x32, 0x43, 0x32, 0x32, 0x2e, 0x39, 0x30, 0x37, 0x34, 0x20, 0x31, 0x33, 0x2e, 0x38
  .byte 0x34, 0x31, 0x34, 0x20, 0x32, 0x33, 0x2e, 0x32, 0x37, 0x39, 0x31, 0x20, 0x31, 0x33, 0x2e, 0x38
  .byte 0x34, 0x30, 0x31, 0x20, 0x32, 0x33, 0x2e, 0x36, 0x32, 0x30, 0x34, 0x20, 0x31, 0x33, 0x2e, 0x39
  .byte 0x35, 0x37, 0x32, 0x43, 0x32, 0x34, 0x2e, 0x32, 0x35, 0x33, 0x39, 0x20, 0x31, 0x34, 0x2e, 0x31
  .byte 0x37, 0x34, 0x37, 0x20, 0x32, 0x34, 0x2e, 0x36, 0x38, 0x31, 0x37, 0x20, 0x31, 0x34, 0x2e, 0x37
  .byte 0x36, 0x31, 0x32, 0x20, 0x32, 0x34, 0x2e, 0x36, 0x38, 0x39, 0x37, 0x20, 0x31, 0x35, 0x2e, 0x34
  .byte 0x32, 0x33, 0x31, 0x43, 0x32, 0x34, 0x2e, 0x36, 0x39, 0x37, 0x37, 0x20, 0x31, 0x36, 0x2e, 0x30
  .byte 0x38, 0x35, 0x31, 0x20, 0x32, 0x34, 0x2e, 0x32, 0x38, 0x33, 0x38, 0x20, 0x31, 0x36, 0x2e, 0x36
  .byte 0x38, 0x31, 0x20, 0x32, 0x33, 0x2e, 0x36, 0x35, 0x35, 0x35, 0x20, 0x31, 0x36, 0x2e, 0x39, 0x31
  .byte 0x33, 0x33, 0x43, 0x32, 0x32, 0x2e, 0x38, 0x32, 0x36, 0x35, 0x20, 0x31, 0x37, 0x2e, 0x32, 0x31
  .byte 0x39, 0x38, 0x20, 0x32, 0x31, 0x2e, 0x39, 0x30, 0x33, 0x38, 0x20, 0x31, 0x36, 0x2e, 0x38, 0x30
  .byte 0x30, 0x35, 0x20, 0x32, 0x31, 0x2e, 0x36, 0x30, 0x30, 0x38, 0x20, 0x31, 0x35, 0x2e, 0x39, 0x37
  .byte 0x39, 0x37, 0x43, 0x32, 0x31, 0x2e, 0x32, 0x39, 0x38, 0x20, 0x31, 0x35, 0x2e, 0x31, 0x35, 0x38
  .byte 0x36, 0x20, 0x32, 0x31, 0x2e, 0x37, 0x33, 0x31, 0x38, 0x20, 0x31, 0x34, 0x2e, 0x32, 0x35, 0x31
  .byte 0x31, 0x20, 0x32, 0x32, 0x2e, 0x35, 0x36, 0x36, 0x36, 0x20, 0x31, 0x33, 0x2e, 0x39, 0x36, 0x30
  .byte 0x32, 0x5a, 0x22, 0x2c, 0x0a, 0x20, 0x20, 0x70, 0x31, 0x64, 0x33, 0x64, 0x63, 0x61, 0x30, 0x30
  .byte 0x3a, 0x0a, 0x20, 0x20, 0x20, 0x20, 0x22, 0x4d, 0x31, 0x36, 0x2e, 0x35, 0x37, 0x38, 0x38, 0x20
  .byte 0x30, 0x2e, 0x31, 0x37, 0x34, 0x30, 0x32, 0x32, 0x43, 0x31, 0x36, 0x2e, 0x38, 0x38, 0x33, 0x37
  .byte 0x20, 0x30, 0x2e, 0x31, 0x36, 0x38, 0x35, 0x32, 0x39, 0x20, 0x31, 0x37, 0x2e, 0x32, 0x36, 0x33
  .byte 0x37, 0x20, 0x30, 0x2e, 0x32, 0x36, 0x35, 0x38, 0x37, 0x20, 0x31, 0x37, 0x2e, 0x36, 0x33, 0x37
  .byte 0x34, 0x20, 0x30, 0x2e, 0x34, 0x32, 0x32, 0x30, 0x36, 0x39, 0x43, 0x31, 0x38, 0x2e, 0x30, 0x31
  .byte 0x34, 0x32, 0x20, 0x30, 0x2e, 0x35, 0x37, 0x39, 0x35, 0x39, 0x37, 0x20, 0x31, 0x38, 0x2e, 0x34
  .byte 0x30, 0x31, 0x37, 0x20, 0x30, 0x2e, 0x38, 0x30, 0x33, 0x34, 0x36, 0x35, 0x20, 0x31, 0x38, 0x2e
  .byte 0x37, 0x32, 0x32, 0x34, 0x20, 0x31, 0x2e, 0x30, 0x36, 0x34, 0x36, 0x35, 0x43, 0x31, 0x39, 0x2e
  .byte 0x30, 0x33, 0x39, 0x38, 0x20, 0x31, 0x2e, 0x33, 0x32, 0x33, 0x32, 0x38, 0x20, 0x31, 0x39, 0x2e
  .byte 0x33, 0x30, 0x38, 0x35, 0x20, 0x31, 0x2e, 0x36, 0x33, 0x31, 0x35, 0x31, 0x20, 0x31, 0x39, 0x2e
  .byte 0x34, 0x32, 0x34, 0x35, 0x20, 0x31, 0x2e, 0x39, 0x36, 0x33, 0x30, 0x38, 0x43, 0x31, 0x39, 0x2e
  .byte 0x34, 0x38, 0x33, 0x34, 0x20, 0x32, 0x2e, 0x31, 0x33, 0x31, 0x35, 0x33, 0x20, 0x31, 0x39, 0x2e
  .byte 0x35, 0x30, 0x33, 0x36, 0x20, 0x32, 0x2e, 0x33, 0x30, 0x39, 0x31, 0x34, 0x20, 0x31, 0x39, 0x2e
  .byte 0x34, 0x36, 0x37, 0x35, 0x20, 0x32, 0x2e, 0x34, 0x38, 0x37, 0x35, 0x43, 0x31, 0x39, 0x2e, 0x34
  .byte 0x33, 0x31, 0x34, 0x20, 0x32, 0x2e, 0x36, 0x36, 0x36, 0x31, 0x37, 0x20, 0x31, 0x39, 0x2e, 0x33
  .byte 0x34, 0x30, 0x39, 0x20, 0x32, 0x2e, 0x38, 0x33, 0x35, 0x30, 0x34, 0x20, 0x31, 0x39, 0x2e, 0x31
  .byte 0x39, 0x35, 0x20, 0x32, 0x2e, 0x39, 0x38, 0x39, 0x34, 0x35, 0x4c, 0x31, 0x39, 0x2e, 0x31, 0x34
  .byte 0x35, 0x32, 0x20, 0x33, 0x2e, 0x30, 0x34, 0x32, 0x31, 0x39, 0x4c, 0x31, 0x39, 0x2e, 0x30, 0x37
  .byte 0x33, 0x20, 0x33, 0x2e, 0x30, 0x34, 0x34, 0x31, 0x34, 0x43, 0x31, 0x38, 0x2e, 0x39, 0x31, 0x33
  .byte 0x20, 0x33, 0x2e, 0x30, 0x34, 0x38, 0x33, 0x31, 0x20, 0x31, 0x38, 0x2e, 0x38, 0x35, 0x31, 0x33
  .byte 0x20, 0x33, 0x2e, 0x30, 0x32, 0x34, 0x35, 0x38, 0x20, 0x31, 0x38, 0x2e, 0x37, 0x32, 0x35, 0x33
  .byte 0x20, 0x32, 0x2e, 0x39, 0x39, 0x32, 0x33, 0x38, 0x4c, 0x31, 0x38, 0x2e, 0x36, 0x39, 0x31, 0x31
  .byte 0x20, 0x32, 0x2e, 0x39, 0x38, 0x33, 0x35, 0x39, 0x4c, 0x31, 0x38, 0x2e, 0x36, 0x36, 0x32, 0x38
  .byte 0x20, 0x32, 0x2e, 0x39, 0x36, 0x32, 0x31, 0x31, 0x43, 0x31, 0x38, 0x2e, 0x34, 0x34, 0x36, 0x38
  .byte 0x20, 0x32, 0x2e, 0x37, 0x39, 0x35, 0x38, 0x20, 0x31, 0x38, 0x2e, 0x33, 0x34, 0x33, 0x34, 0x20
  .byte 0x32, 0x2e, 0x35, 0x38, 0x33, 0x34, 0x32, 0x20, 0x31, 0x38, 0x2e, 0x32, 0x35, 0x36, 0x36, 0x20
  .byte 0x32, 0x2e, 0x33, 0x39, 0x39, 0x36, 0x31, 0x43, 0x31, 0x38, 0x2e, 0x31, 0x36, 0x37, 0x31, 0x20
  .byte 0x32, 0x2e, 0x32, 0x31, 0x30, 0x30, 0x39, 0x20, 0x31, 0x38, 0x2e, 0x30, 0x39, 0x33, 0x35, 0x20
  .byte 0x32, 0x2e, 0x30, 0x34, 0x38, 0x38, 0x39, 0x20, 0x31, 0x37, 0x2e, 0x39, 0x34, 0x38, 0x20, 0x31
  .byte 0x2e, 0x39, 0x30, 0x38, 0x34, 0x43, 0x31, 0x37, 0x2e, 0x38, 0x35, 0x30, 0x38, 0x20, 0x31, 0x2e
  .byte 0x38, 0x31, 0x34, 0x37, 0x32, 0x20, 0x31, 0x37, 0x2e, 0x37, 0x32, 0x33, 0x34, 0x20, 0x31, 0x2e
  .byte 0x37, 0x34, 0x31, 0x34, 0x35, 0x20, 0x31, 0x37, 0x2e, 0x35, 0x37, 0x32, 0x20, 0x31, 0x2e, 0x36
  .byte 0x37, 0x35, 0x39, 0x38, 0x43, 0x31, 0x37, 0x2e, 0x34, 0x31, 0x38, 0x35, 0x20, 0x31, 0x2e, 0x36
  .byte 0x30, 0x39, 0x35, 0x38, 0x20, 0x31, 0x37, 0x2e, 0x32, 0x35, 0x35, 0x39, 0x20, 0x31, 0x2e, 0x35
  .byte 0x35, 0x37, 0x33, 0x31, 0x20, 0x31, 0x37, 0x2e, 0x30, 0x38, 0x33, 0x37, 0x20, 0x31, 0x2e, 0x34
  .byte 0x39, 0x36, 0x32, 0x39, 0x43, 0x31, 0x36, 0x2e, 0x37, 0x36, 0x32, 0x39, 0x20, 0x31, 0x2e, 0x33
  .byte 0x38, 0x32, 0x36, 0x31, 0x20, 0x31, 0x36, 0x2e, 0x33, 0x38, 0x34, 0x31, 0x20, 0x31, 0x2e, 0x32
  .byte 0x33, 0x33, 0x35, 0x38, 0x20, 0x31, 0x36, 0x2e, 0x32, 0x32, 0x31, 0x34, 0x20, 0x30, 0x2e, 0x38
  .byte 0x37, 0x39, 0x31, 0x4c, 0x31, 0x36, 0x2e, 0x32, 0x30, 0x34, 0x38, 0x20, 0x30, 0x2e, 0x38, 0x34
  .byte 0x32, 0x39, 0x36, 0x38, 0x56, 0x30, 0x2e, 0x38, 0x30, 0x33, 0x39, 0x30, 0x35, 0x43, 0x31, 0x36
  .byte 0x2e, 0x32, 0x30, 0x39, 0x37, 0x20, 0x30, 0x2e, 0x35, 0x33, 0x37, 0x32, 0x38, 0x35, 0x20, 0x31
  .byte 0x36, 0x2e, 0x33, 0x33, 0x35, 0x20, 0x30, 0x2e, 0x33, 0x39, 0x38, 0x38, 0x37, 0x31, 0x20, 0x31
  .byte 0x36, 0x2e, 0x34, 0x34, 0x30, 0x32, 0x20, 0x30, 0x2e, 0x32, 0x34, 0x38, 0x32, 0x34, 0x31, 0x4c
  .byte 0x31, 0x36, 0x2e, 0x34, 0x39, 0x30, 0x39, 0x20, 0x30, 0x2e, 0x31, 0x37, 0x34, 0x39, 0x39, 0x39
  .byte 0x4c, 0x31, 0x36, 0x2e, 0x35, 0x37, 0x38, 0x38, 0x20, 0x30, 0x2e, 0x31, 0x37, 0x34, 0x30, 0x32
  .byte 0x32, 0x5a, 0x22, 0x2c, 0x0a, 0x20, 0x20, 0x70, 0x33, 0x37, 0x31, 0x64, 0x36, 0x30, 0x30, 0x30
  .byte 0x3a, 0x0a, 0x20, 0x20, 0x20, 0x20, 0x22, 0x4d, 0x31, 0x32, 0x2e, 0x38, 0x32, 0x39, 0x20, 0x31
  .byte 0x33, 0x2e, 0x39, 0x36, 0x30, 0x32, 0x43, 0x31, 0x33, 0x2e, 0x31, 0x36, 0x39, 0x37, 0x20, 0x31
  .byte 0x33, 0x2e, 0x38, 0x34, 0x31, 0x35, 0x20, 0x31, 0x33, 0x2e, 0x35, 0x34, 0x31, 0x35, 0x20, 0x31
  .byte 0x33, 0x2e, 0x38, 0x34, 0x30, 0x32, 0x20, 0x31, 0x33, 0x2e, 0x38, 0x38, 0x32, 0x37, 0x20, 0x31
  .byte 0x33, 0x2e, 0x39, 0x35, 0x37, 0x33, 0x43, 0x31, 0x34, 0x2e, 0x35, 0x31, 0x36, 0x33, 0x20, 0x31
  .byte 0x34, 0x2e, 0x31, 0x37, 0x34, 0x38, 0x20, 0x31, 0x34, 0x2e, 0x39, 0x34, 0x34, 0x20, 0x31, 0x34
  .byte 0x2e, 0x37, 0x36, 0x31, 0x32, 0x20, 0x31, 0x34, 0x2e, 0x39, 0x35, 0x32, 0x20, 0x31, 0x35, 0x2e
  .byte 0x34, 0x32, 0x33, 0x31, 0x43, 0x31, 0x34, 0x2e, 0x39, 0x36, 0x20, 0x31, 0x36, 0x2e, 0x30, 0x38
  .byte 0x35, 0x20, 0x31, 0x34, 0x2e, 0x35, 0x34, 0x36, 0x38, 0x20, 0x31, 0x36, 0x2e, 0x36, 0x38, 0x31
  .byte 0x20, 0x31, 0x33, 0x2e, 0x39, 0x31, 0x38, 0x38, 0x20, 0x31, 0x36, 0x2e, 0x39, 0x31, 0x33, 0x34
  .byte 0x43, 0x31, 0x33, 0x2e, 0x30, 0x38, 0x39, 0x38, 0x20, 0x31, 0x37, 0x2e, 0x32, 0x31, 0x39, 0x39
  .byte 0x20, 0x31, 0x32, 0x2e, 0x31, 0x36, 0x36, 0x31, 0x20, 0x31, 0x36, 0x2e, 0x38, 0x30, 0x30, 0x36
  .byte 0x20, 0x31, 0x31, 0x2e, 0x38, 0x36, 0x33, 0x32, 0x20, 0x31, 0x35, 0x2e, 0x39, 0x37, 0x39, 0x38
  .byte 0x43, 0x31, 0x31, 0x2e, 0x35, 0x36, 0x30, 0x34, 0x20, 0x31, 0x35, 0x2e, 0x31, 0x35, 0x38, 0x37
  .byte 0x20, 0x31, 0x31, 0x2e, 0x39, 0x39, 0x34, 0x33, 0x20, 0x31, 0x34, 0x2e, 0x32, 0x35, 0x31, 0x33
  .byte 0x20, 0x31, 0x32, 0x2e, 0x38, 0x32, 0x39, 0x20, 0x31, 0x33, 0x2e, 0x39, 0x36, 0x30, 0x32, 0x5a
  .byte 0x22, 0x2c, 0x0a, 0x20, 0x20, 0x70, 0x33, 0x65, 0x61, 0x32, 0x30, 0x37, 0x38, 0x30, 0x3a, 0x0a
  .byte 0x20, 0x20, 0x20, 0x20, 0x22, 0x4d, 0x31, 0x38, 0x2e, 0x33, 0x35, 0x37, 0x34, 0x20, 0x31, 0x38
  .byte 0x2e, 0x31, 0x37, 0x35, 0x43, 0x31, 0x38, 0x2e, 0x37, 0x31, 0x37, 0x34, 0x20, 0x31, 0x38, 0x2e
  .byte 0x31, 0x35, 0x31, 0x38, 0x20, 0x31, 0x39, 0x2e, 0x33, 0x35, 0x33, 0x39, 0x20, 0x31, 0x38, 0x2e
  .byte 0x31, 0x33, 0x33, 0x32, 0x20, 0x31, 0x39, 0x2e, 0x38, 0x37, 0x32, 0x20, 0x31, 0x38, 0x2e, 0x33
  .byte 0x30, 0x34, 0x39, 0x43, 0x32, 0x30, 0x2e, 0x31, 0x33, 0x34, 0x39, 0x20, 0x31, 0x38, 0x2e, 0x33
  .byte 0x39, 0x32, 0x31, 0x20, 0x32, 0x30, 0x2e, 0x34, 0x30, 0x37, 0x34, 0x20, 0x31, 0x38, 0x2e, 0x35
  .byte 0x34, 0x31, 0x32, 0x20, 0x32, 0x30, 0x2e, 0x35, 0x38, 0x34, 0x20, 0x31, 0x38, 0x2e, 0x38, 0x30
  .byte 0x33, 0x43, 0x32, 0x30, 0x2e, 0x37, 0x36, 0x38, 0x31, 0x20, 0x31, 0x39, 0x2e, 0x30, 0x37, 0x35
  .byte 0x39, 0x20, 0x32, 0x30, 0x2e, 0x38, 0x31, 0x20, 0x31, 0x39, 0x2e, 0x34, 0x31, 0x34, 0x35, 0x20
  .byte 0x32, 0x30, 0x2e, 0x37, 0x31, 0x36, 0x38, 0x20, 0x31, 0x39, 0x2e, 0x37, 0x39, 0x37, 0x31, 0x43
  .byte 0x32, 0x30, 0x2e, 0x36, 0x33, 0x34, 0x39, 0x20, 0x32, 0x30, 0x2e, 0x31, 0x33, 0x32, 0x39, 0x20
  .byte 0x32, 0x30, 0x2e, 0x34, 0x30, 0x35, 0x20, 0x32, 0x30, 0x2e, 0x33, 0x39, 0x37, 0x35, 0x20, 0x32
  .byte 0x30, 0x2e, 0x31, 0x37, 0x34, 0x38, 0x20, 0x32, 0x30, 0x2e, 0x35, 0x39, 0x32, 0x43, 0x32, 0x30
  .byte 0x2e, 0x30, 0x30, 0x35, 0x34, 0x20, 0x32, 0x30, 0x2e, 0x37, 0x33, 0x35, 0x31, 0x20, 0x31, 0x39
  .byte 0x2e, 0x38, 0x31, 0x36, 0x35, 0x20, 0x32, 0x30, 0x2e, 0x38, 0x35, 0x35, 0x20, 0x31, 0x39, 0x2e
  .byte 0x36, 0x34, 0x30, 0x36, 0x20, 0x32, 0x30, 0x2e, 0x39, 0x35, 0x33, 0x34, 0x43, 0x31, 0x39, 0x2e
  .byte 0x36, 0x34, 0x34, 0x34, 0x20, 0x32, 0x31, 0x2e, 0x31, 0x37, 0x30, 0x38, 0x20, 0x31, 0x39, 0x2e
  .byte 0x36, 0x34, 0x39, 0x38, 0x20, 0x32, 0x31, 0x2e, 0x33, 0x39, 0x30, 0x33, 0x20, 0x31, 0x39, 0x2e
  .byte 0x36, 0x35, 0x35, 0x33, 0x20, 0x32, 0x31, 0x2e, 0x36, 0x31, 0x31, 0x36, 0x43, 0x32, 0x30, 0x2e
  .byte 0x31, 0x31, 0x32, 0x37, 0x20, 0x32, 0x32, 0x2e, 0x31, 0x31, 0x33, 0x31, 0x20, 0x32, 0x30, 0x2e
  .byte 0x34, 0x39, 0x34, 0x38, 0x20, 0x32, 0x32, 0x2e, 0x33, 0x35, 0x30, 0x35, 0x20, 0x32, 0x30, 0x2e
  .byte 0x38, 0x30, 0x36, 0x36, 0x20, 0x32, 0x32, 0x2e, 0x34, 0x34, 0x36, 0x35, 0x43, 0x32, 0x31, 0x2e
  .byte 0x31, 0x32, 0x38, 0x34, 0x20, 0x32, 0x32, 0x2e, 0x35, 0x34, 0x35, 0x35, 0x20, 0x32, 0x31, 0x2e
  .byte 0x34, 0x30, 0x38, 0x39, 0x20, 0x32, 0x32, 0x2e, 0x35, 0x30, 0x36, 0x32, 0x20, 0x32, 0x31, 0x2e
  .byte 0x36, 0x37, 0x30, 0x39, 0x20, 0x32, 0x32, 0x2e, 0x34, 0x30, 0x33, 0x36, 0x43, 0x32, 0x31, 0x2e
  .byte 0x39, 0x34, 0x35, 0x39, 0x20, 0x32, 0x32, 0x2e, 0x32, 0x39, 0x35, 0x37, 0x20, 0x32, 0x32, 0x2e
  .byte 0x31, 0x38, 0x35, 0x34, 0x20, 0x32, 0x32, 0x2e, 0x31, 0x32, 0x35, 0x37, 0x20, 0x32, 0x32, 0x2e
  .byte 0x34, 0x33, 0x38, 0x35, 0x20, 0x32, 0x31, 0x2e, 0x39, 0x35, 0x36, 0x33, 0x43, 0x32, 0x32, 0x2e
  .byte 0x35, 0x35, 0x37, 0x37, 0x20, 0x32, 0x31, 0x2e, 0x38, 0x37, 0x36, 0x35, 0x20, 0x32, 0x32, 0x2e
  .byte 0x36, 0x38, 0x38, 0x34, 0x20, 0x32, 0x31, 0x2e, 0x37, 0x39, 0x30, 0x38, 0x20, 0x32, 0x32, 0x2e
  .byte 0x38, 0x31, 0x37, 0x34, 0x20, 0x32, 0x31, 0x2e, 0x37, 0x32, 0x39, 0x37, 0x43, 0x32, 0x32, 0x2e
  .byte 0x39, 0x34, 0x34, 0x33, 0x20, 0x32, 0x31, 0x2e, 0x36, 0x36, 0x39, 0x36, 0x20, 0x32, 0x33, 0x2e
  .byte 0x31, 0x30, 0x39, 0x32, 0x20, 0x32, 0x31, 0x2e, 0x36, 0x31, 0x33, 0x34, 0x20, 0x32, 0x33, 0x2e
  .byte 0x32, 0x39, 0x20, 0x32, 0x31, 0x2e, 0x36, 0x33, 0x33, 0x4c, 0x32, 0x33, 0x2e, 0x34, 0x30, 0x30
  .byte 0x34, 0x20, 0x32, 0x31, 0x2e, 0x36, 0x34, 0x35, 0x37, 0x4c, 0x32, 0x33, 0x2e, 0x34, 0x38, 0x32
  .byte 0x34, 0x20, 0x32, 0x31, 0x2e, 0x37, 0x31, 0x39, 0x43, 0x32, 0x33, 0x2e, 0x38, 0x33, 0x34, 0x31
  .byte 0x20, 0x32, 0x32, 0x2e, 0x30, 0x33, 0x31, 0x31, 0x20, 0x32, 0x33, 0x2e, 0x39, 0x33, 0x33, 0x38
  .byte 0x20, 0x32, 0x32, 0x2e, 0x35, 0x37, 0x32, 0x37, 0x20, 0x32, 0x33, 0x2e, 0x35, 0x39, 0x30, 0x38
  .byte 0x20, 0x32, 0x32, 0x2e, 0x39, 0x37, 0x38, 0x38, 0x43, 0x32, 0x33, 0x2e, 0x30, 0x39, 0x31, 0x38
  .byte 0x20, 0x32, 0x33, 0x2e, 0x35, 0x36, 0x39, 0x35, 0x20, 0x32, 0x32, 0x2e, 0x33, 0x38, 0x30, 0x39
  .byte 0x20, 0x32, 0x33, 0x2e, 0x38, 0x37, 0x33, 0x20, 0x32, 0x31, 0x2e, 0x36, 0x36, 0x36, 0x20, 0x32
  .byte 0x33, 0x2e, 0x39, 0x37, 0x38, 0x38, 0x43, 0x32, 0x31, 0x2e, 0x35, 0x37, 0x33, 0x35, 0x20, 0x32
  .byte 0x34, 0x2e, 0x35, 0x37, 0x30, 0x31, 0x20, 0x32, 0x31, 0x2e, 0x34, 0x34, 0x30, 0x34, 0x20, 0x32
  .byte 0x35, 0x2e, 0x31, 0x39, 0x33, 0x31, 0x20, 0x32, 0x31, 0x2e, 0x31, 0x34, 0x37, 0x34, 0x20, 0x32
  .byte 0x35, 0x2e, 0x37, 0x31, 0x30, 0x32, 0x43, 0x32, 0x30, 0x2e, 0x37, 0x39, 0x34, 0x36, 0x20, 0x32
  .byte 0x36, 0x2e, 0x33, 0x33, 0x32, 0x39, 0x20, 0x32, 0x30, 0x2e, 0x32, 0x32, 0x31, 0x32, 0x20, 0x32
  .byte 0x36, 0x2e, 0x37, 0x38, 0x39, 0x34, 0x20, 0x31, 0x39, 0x2e, 0x32, 0x39, 0x39, 0x38, 0x20, 0x32
  .byte 0x36, 0x2e, 0x39, 0x30, 0x32, 0x36, 0x4c, 0x31, 0x39, 0x2e, 0x32, 0x39, 0x38, 0x38, 0x20, 0x32
  .byte 0x36, 0x2e, 0x39, 0x30, 0x31, 0x36, 0x43, 0x31, 0x39, 0x2e, 0x30, 0x32, 0x38, 0x20, 0x32, 0x36
  .byte 0x2e, 0x39, 0x35, 0x37, 0x20, 0x31, 0x38, 0x2e, 0x37, 0x31, 0x34, 0x33, 0x20, 0x32, 0x36, 0x2e
  .byte 0x39, 0x34, 0x38, 0x34, 0x20, 0x31, 0x38, 0x2e, 0x34, 0x32, 0x34, 0x38, 0x20, 0x32, 0x36, 0x2e
  .byte 0x38, 0x39, 0x34, 0x38, 0x43, 0x31, 0x38, 0x2e, 0x31, 0x32, 0x32, 0x35, 0x20, 0x32, 0x36, 0x2e
  .byte 0x38, 0x33, 0x38, 0x38, 0x20, 0x31, 0x37, 0x2e, 0x38, 0x30, 0x37, 0x37, 0x20, 0x32, 0x36, 0x2e
  .byte 0x37, 0x32, 0x39, 0x35, 0x20, 0x31, 0x37, 0x2e, 0x35, 0x36, 0x37, 0x34, 0x20, 0x32, 0x36, 0x2e
  .byte 0x35, 0x36, 0x32, 0x37, 0x43, 0x31, 0x36, 0x2e, 0x36, 0x30, 0x38, 0x33, 0x20, 0x32, 0x35, 0x2e
  .byte 0x38, 0x39, 0x37, 0x32, 0x20, 0x31, 0x36, 0x2e, 0x33, 0x37, 0x34, 0x35, 0x20, 0x32, 0x34, 0x2e
  .byte 0x38, 0x39, 0x36, 0x31, 0x20, 0x31, 0x36, 0x2e, 0x32, 0x30, 0x33, 0x31, 0x20, 0x32, 0x33, 0x2e
  .byte 0x39, 0x38, 0x33, 0x36, 0x43, 0x31, 0x35, 0x2e, 0x38, 0x31, 0x37, 0x34, 0x20, 0x32, 0x33, 0x2e
  .byte 0x39, 0x34, 0x36, 0x31, 0x20, 0x31, 0x35, 0x2e, 0x33, 0x33, 0x31, 0x32, 0x20, 0x32, 0x33, 0x2e
  .byte 0x38, 0x32, 0x37, 0x31, 0x20, 0x31, 0x34, 0x2e, 0x39, 0x31, 0x33, 0x31, 0x20, 0x32, 0x33, 0x2e
  .byte 0x36, 0x31, 0x39, 0x34, 0x43, 0x31, 0x34, 0x2e, 0x33, 0x39, 0x32, 0x31, 0x20, 0x32, 0x33, 0x2e
  .byte 0x33, 0x36, 0x30, 0x34, 0x20, 0x31, 0x33, 0x2e, 0x38, 0x31, 0x38, 0x39, 0x20, 0x32, 0x32, 0x2e
  .byte 0x38, 0x37, 0x36, 0x35, 0x20, 0x31, 0x33, 0x2e, 0x39, 0x32, 0x37, 0x37, 0x20, 0x32, 0x32, 0x2e
  .byte 0x31, 0x31, 0x38, 0x34, 0x4c, 0x31, 0x33, 0x2e, 0x39, 0x35, 0x39, 0x20, 0x32, 0x31, 0x2e, 0x39
  .byte 0x39, 0x35, 0x34, 0x43, 0x31, 0x34, 0x2e, 0x30, 0x35, 0x35, 0x34, 0x20, 0x32, 0x31, 0x2e, 0x37
  .byte 0x33, 0x34, 0x31, 0x20, 0x31, 0x34, 0x2e, 0x33, 0x30, 0x37, 0x32, 0x20, 0x32, 0x31, 0x2e, 0x36
  .byte 0x34, 0x31, 0x34, 0x20, 0x31, 0x34, 0x2e, 0x33, 0x37, 0x33, 0x20, 0x32, 0x31, 0x2e, 0x36, 0x31
  .byte 0x30, 0x36, 0x4c, 0x31, 0x34, 0x2e, 0x34, 0x34, 0x33, 0x33, 0x20, 0x32, 0x31, 0x2e, 0x35, 0x37
  .byte 0x37, 0x34, 0x48, 0x31, 0x34, 0x2e, 0x35, 0x32, 0x31, 0x35, 0x43, 0x31, 0x34, 0x2e, 0x37, 0x31
  .byte 0x31, 0x39, 0x20, 0x32, 0x31, 0x2e, 0x35, 0x37, 0x38, 0x31, 0x20, 0x31, 0x34, 0x2e, 0x38, 0x37
  .byte 0x32, 0x34, 0x20, 0x32, 0x31, 0x2e, 0x36, 0x34, 0x38, 0x38, 0x20, 0x31, 0x34, 0x2e, 0x39, 0x39
  .byte 0x38, 0x20, 0x32, 0x31, 0x2e, 0x37, 0x32, 0x38, 0x38, 0x43, 0x31, 0x35, 0x2e, 0x31, 0x32, 0x30
  .byte 0x38, 0x20, 0x32, 0x31, 0x2e, 0x38, 0x30, 0x36, 0x39, 0x20, 0x31, 0x35, 0x2e, 0x32, 0x33, 0x31
  .byte 0x38, 0x20, 0x32, 0x31, 0x2e, 0x39, 0x30, 0x37, 0x39, 0x20, 0x31, 0x35, 0x2e, 0x33, 0x32, 0x33
  .byte 0x32, 0x20, 0x32, 0x31, 0x2e, 0x39, 0x39, 0x33, 0x34, 0x43, 0x31, 0x35, 0x2e, 0x35, 0x33, 0x31
  .byte 0x20, 0x32, 0x32, 0x2e, 0x31, 0x38, 0x37, 0x38, 0x20, 0x31, 0x35, 0x2e, 0x36, 0x35, 0x37, 0x39
  .byte 0x20, 0x32, 0x32, 0x2e, 0x33, 0x31, 0x32, 0x20, 0x31, 0x35, 0x2e, 0x37, 0x39, 0x37, 0x38, 0x20
  .byte 0x32, 0x32, 0x2e, 0x33, 0x36, 0x32, 0x35, 0x43, 0x31, 0x36, 0x2e, 0x32, 0x39, 0x32, 0x39, 0x20
  .byte 0x32, 0x32, 0x2e, 0x35, 0x34, 0x31, 0x32, 0x20, 0x31, 0x36, 0x2e, 0x37, 0x30, 0x36, 0x38, 0x20
  .byte 0x32, 0x32, 0x2e, 0x34, 0x39, 0x38, 0x34, 0x20, 0x31, 0x37, 0x2e, 0x30, 0x38, 0x32, 0x20, 0x32
  .byte 0x32, 0x2e, 0x33, 0x33, 0x32, 0x33, 0x43, 0x31, 0x37, 0x2e, 0x34, 0x33, 0x39, 0x31, 0x20, 0x32
  .byte 0x32, 0x2e, 0x31, 0x37, 0x34, 0x31, 0x20, 0x31, 0x37, 0x2e, 0x37, 0x37, 0x30, 0x38, 0x20, 0x32
  .byte 0x31, 0x2e, 0x38, 0x39, 0x36, 0x20, 0x31, 0x38, 0x2e, 0x31, 0x30, 0x31, 0x35, 0x20, 0x32, 0x31
  .byte 0x2e, 0x35, 0x35, 0x34, 0x39, 0x4c, 0x31, 0x38, 0x2e, 0x31, 0x30, 0x39, 0x34, 0x20, 0x32, 0x30
  .byte 0x2e, 0x39, 0x38, 0x38, 0x35, 0x43, 0x31, 0x37, 0x2e, 0x38, 0x31, 0x34, 0x39, 0x20, 0x32, 0x30
  .byte 0x2e, 0x38, 0x30, 0x36, 0x36, 0x20, 0x31, 0x37, 0x2e, 0x35, 0x35, 0x31, 0x35, 0x20, 0x32, 0x30
  .byte 0x2e, 0x35, 0x39, 0x37, 0x34, 0x20, 0x31, 0x37, 0x2e, 0x33, 0x34, 0x37, 0x36, 0x20, 0x32, 0x30
  .byte 0x2e, 0x33, 0x37, 0x31, 0x33, 0x43, 0x31, 0x37, 0x2e, 0x31, 0x33, 0x32, 0x33, 0x20, 0x32, 0x30
  .byte 0x2e, 0x31, 0x33, 0x32, 0x35, 0x20, 0x31, 0x36, 0x2e, 0x39, 0x36, 0x31, 0x33, 0x20, 0x31, 0x39
  .byte 0x2e, 0x38, 0x35, 0x32, 0x31, 0x20, 0x31, 0x36, 0x2e, 0x39, 0x31, 0x35, 0x20, 0x31, 0x39, 0x2e
  .byte 0x35, 0x35, 0x31, 0x43, 0x31, 0x36, 0x2e, 0x38, 0x36, 0x35, 0x35, 0x20, 0x31, 0x39, 0x2e, 0x32
  .byte 0x32, 0x38, 0x39, 0x20, 0x31, 0x36, 0x2e, 0x39, 0x36, 0x35, 0x34, 0x20, 0x31, 0x38, 0x2e, 0x39
  .byte 0x31, 0x36, 0x39, 0x20, 0x31, 0x37, 0x2e, 0x32, 0x32, 0x35, 0x36, 0x20, 0x31, 0x38, 0x2e, 0x36
  .byte 0x37, 0x30, 0x32, 0x43, 0x31, 0x37, 0x2e, 0x34, 0x37, 0x20, 0x31, 0x38, 0x2e, 0x34, 0x33, 0x38
  .byte 0x34, 0x20, 0x31, 0x37, 0x2e, 0x38, 0x33, 0x37, 0x39, 0x20, 0x31, 0x38, 0x2e, 0x32, 0x38, 0x20
  .byte 0x31, 0x38, 0x2e, 0x33, 0x30, 0x38, 0x36, 0x20, 0x31, 0x38, 0x2e, 0x31, 0x38, 0x31, 0x39, 0x4c
  .byte 0x31, 0x38, 0x2e, 0x33, 0x33, 0x33, 0x20, 0x31, 0x38, 0x2e, 0x31, 0x37, 0x37, 0x4c, 0x31, 0x38
  .byte 0x2e, 0x33, 0x35, 0x37, 0x34, 0x20, 0x31, 0x38, 0x2e, 0x31, 0x37, 0x35, 0x5a, 0x4d, 0x31, 0x39
  .byte 0x2e, 0x32, 0x37, 0x30, 0x35, 0x20, 0x32, 0x32, 0x2e, 0x39, 0x34, 0x33, 0x36, 0x43, 0x31, 0x39
  .byte 0x2e, 0x32, 0x37, 0x38, 0x31, 0x20, 0x32, 0x33, 0x2e, 0x35, 0x33, 0x39, 0x38, 0x20, 0x31, 0x39
  .byte 0x2e, 0x34, 0x39, 0x37, 0x31, 0x20, 0x32, 0x34, 0x2e, 0x37, 0x32, 0x35, 0x36, 0x20, 0x31, 0x38
  .byte 0x2e, 0x37, 0x39, 0x33, 0x39, 0x20, 0x32, 0x34, 0x2e, 0x38, 0x37, 0x37, 0x32, 0x43, 0x31, 0x38
  .byte 0x2e, 0x30, 0x39, 0x32, 0x34, 0x20, 0x32, 0x34, 0x2e, 0x35, 0x32, 0x38, 0x33, 0x20, 0x31, 0x38
  .byte 0x2e, 0x36, 0x35, 0x38, 0x32, 0x20, 0x32, 0x33, 0x2e, 0x32, 0x34, 0x38, 0x38, 0x20, 0x31, 0x38
  .byte 0x2e, 0x33, 0x35, 0x36, 0x34, 0x20, 0x32, 0x32, 0x2e, 0x39, 0x38, 0x37, 0x35, 0x43, 0x31, 0x38
  .byte 0x2e, 0x30, 0x33, 0x35, 0x35, 0x20, 0x32, 0x33, 0x2e, 0x31, 0x37, 0x33, 0x37, 0x20, 0x31, 0x37
  .byte 0x2e, 0x36, 0x34, 0x32, 0x35, 0x20, 0x32, 0x33, 0x2e, 0x34, 0x31, 0x39, 0x37, 0x20, 0x31, 0x37
  .byte 0x2e, 0x33, 0x30, 0x34, 0x37, 0x20, 0x32, 0x33, 0x2e, 0x35, 0x35, 0x37, 0x39, 0x43, 0x31, 0x37
  .byte 0x2e, 0x35, 0x36, 0x35, 0x31, 0x20, 0x32, 0x34, 0x2e, 0x38, 0x36, 0x31, 0x34, 0x20, 0x31, 0x37
  .byte 0x2e, 0x35, 0x37, 0x33, 0x38, 0x20, 0x32, 0x35, 0x2e, 0x34, 0x31, 0x34, 0x31, 0x20, 0x31, 0x38
  .byte 0x2e, 0x39, 0x36, 0x30, 0x39, 0x20, 0x32, 0x35, 0x2e, 0x38, 0x34, 0x39, 0x38, 0x43, 0x31, 0x39
  .byte 0x2e, 0x32, 0x33, 0x38, 0x37, 0x20, 0x32, 0x35, 0x2e, 0x37, 0x35, 0x36, 0x35, 0x20, 0x31, 0x39
  .byte 0x2e, 0x35, 0x38, 0x34, 0x37, 0x20, 0x32, 0x35, 0x2e, 0x36, 0x36, 0x31, 0x37, 0x20, 0x31, 0x39
  .byte 0x2e, 0x38, 0x30, 0x32, 0x37, 0x20, 0x32, 0x35, 0x2e, 0x34, 0x37, 0x35, 0x38, 0x4c, 0x31, 0x39
  .byte 0x2e, 0x38, 0x33, 0x31, 0x20, 0x32, 0x35, 0x2e, 0x34, 0x35, 0x32, 0x34, 0x43, 0x32, 0x30, 0x2e
  .byte 0x30, 0x36, 0x32, 0x31, 0x20, 0x32, 0x35, 0x2e, 0x32, 0x35, 0x34, 0x31, 0x20, 0x32, 0x30, 0x2e
  .byte 0x31, 0x38, 0x36, 0x39, 0x20, 0x32, 0x34, 0x2e, 0x39, 0x36, 0x33, 0x36, 0x20, 0x32, 0x30, 0x2e
  .byte 0x33, 0x31, 0x34, 0x34, 0x20, 0x32, 0x34, 0x2e, 0x36, 0x38, 0x38, 0x37, 0x4c, 0x32, 0x30, 0x2e
  .byte 0x35, 0x39, 0x34, 0x37, 0x20, 0x32, 0x33, 0x2e, 0x35, 0x38, 0x38, 0x31, 0x43, 0x32, 0x30, 0x2e
  .byte 0x31, 0x32, 0x31, 0x34, 0x20, 0x32, 0x33, 0x2e, 0x34, 0x33, 0x39, 0x36, 0x20, 0x31, 0x39, 0x2e
  .byte 0x36, 0x38, 0x38, 0x31, 0x20, 0x32, 0x33, 0x2e, 0x32, 0x30, 0x37, 0x32, 0x20, 0x31, 0x39, 0x2e
  .byte 0x32, 0x37, 0x30, 0x35, 0x20, 0x32, 0x32, 0x2e, 0x39, 0x34, 0x33, 0x36, 0x5a, 0x4d, 0x31, 0x37
  .byte 0x2e, 0x39, 0x32, 0x31, 0x39, 0x20, 0x32, 0x32, 0x2e, 0x31, 0x39, 0x39, 0x35, 0x43, 0x31, 0x38
  .byte 0x2e, 0x30, 0x30, 0x33, 0x34, 0x20, 0x32, 0x32, 0x2e, 0x31, 0x33, 0x31, 0x37, 0x20, 0x31, 0x38
  .byte 0x2e, 0x30, 0x38, 0x34, 0x37, 0x20, 0x32, 0x32, 0x2e, 0x30, 0x36, 0x31, 0x39, 0x20, 0x31, 0x38
  .byte 0x2e, 0x31, 0x36, 0x33, 0x31, 0x20, 0x32, 0x31, 0x2e, 0x39, 0x38, 0x37, 0x35, 0x4c, 0x31, 0x38
  .byte 0x2e, 0x31, 0x38, 0x30, 0x36, 0x20, 0x32, 0x31, 0x2e, 0x39, 0x37, 0x43, 0x31, 0x38, 0x2e, 0x30
  .byte 0x39, 0x36, 0x35, 0x20, 0x32, 0x32, 0x2e, 0x30, 0x35, 0x30, 0x35, 0x20, 0x31, 0x38, 0x2e, 0x30
  .byte 0x30, 0x39, 0x36, 0x20, 0x32, 0x32, 0x2e, 0x31, 0x32, 0x36, 0x35, 0x20, 0x31, 0x37, 0x2e, 0x39
  .byte 0x32, 0x31, 0x39, 0x20, 0x32, 0x32, 0x2e, 0x31, 0x39, 0x39, 0x35, 0x5a, 0x4d, 0x31, 0x39, 0x2e
  .byte 0x32, 0x32, 0x32, 0x36, 0x20, 0x31, 0x38, 0x2e, 0x35, 0x32, 0x36, 0x36, 0x4c, 0x31, 0x39, 0x2e
  .byte 0x30, 0x33, 0x38, 0x31, 0x20, 0x31, 0x38, 0x2e, 0x35, 0x31, 0x32, 0x39, 0x43, 0x31, 0x39, 0x2e
  .byte 0x30, 0x32, 0x35, 0x20, 0x31, 0x38, 0x2e, 0x35, 0x31, 0x32, 0x33, 0x20, 0x31, 0x39, 0x2e, 0x30
  .byte 0x31, 0x32, 0x20, 0x31, 0x38, 0x2e, 0x35, 0x31, 0x32, 0x35, 0x20, 0x31, 0x38, 0x2e, 0x39, 0x39
  .byte 0x39, 0x20, 0x31, 0x38, 0x2e, 0x35, 0x31, 0x32, 0x43, 0x31, 0x39, 0x2e, 0x30, 0x37, 0x32, 0x37
  .byte 0x20, 0x31, 0x38, 0x2e, 0x35, 0x31, 0x35, 0x20, 0x31, 0x39, 0x2e, 0x31, 0x34, 0x37, 0x37, 0x20
  .byte 0x31, 0x38, 0x2e, 0x35, 0x31, 0x39, 0x32, 0x20, 0x31, 0x39, 0x2e, 0x32, 0x32, 0x32, 0x36, 0x20
  .byte 0x31, 0x38, 0x2e, 0x35, 0x32, 0x36, 0x36, 0x5a, 0x22, 0x2c, 0x0a, 0x20, 0x20, 0x70, 0x35, 0x38
  .byte 0x31, 0x66, 0x61, 0x30, 0x30, 0x3a, 0x0a, 0x20, 0x20, 0x20, 0x20, 0x22, 0x4d, 0x36, 0x2e, 0x37
  .byte 0x36, 0x31, 0x38, 0x39, 0x20, 0x37, 0x2e, 0x38, 0x33, 0x38, 0x39, 0x43, 0x36, 0x2e, 0x39, 0x33
  .byte 0x33, 0x38, 0x34, 0x20, 0x37, 0x2e, 0x38, 0x31, 0x38, 0x30, 0x36, 0x20, 0x37, 0x2e, 0x31, 0x39
  .byte 0x30, 0x38, 0x32, 0x20, 0x37, 0x2e, 0x37, 0x39, 0x34, 0x37, 0x37, 0x20, 0x37, 0x2e, 0x34, 0x31
  .byte 0x35, 0x32, 0x31, 0x20, 0x37, 0x2e, 0x38, 0x34, 0x32, 0x38, 0x31, 0x43, 0x37, 0x2e, 0x35, 0x32
  .byte 0x38, 0x39, 0x36, 0x20, 0x37, 0x2e, 0x38, 0x36, 0x37, 0x31, 0x39, 0x20, 0x37, 0x2e, 0x36, 0x34
  .byte 0x37, 0x32, 0x37, 0x20, 0x37, 0x2e, 0x39, 0x31, 0x33, 0x32, 0x35, 0x20, 0x37, 0x2e, 0x37, 0x34
  .byte 0x33, 0x33, 0x33, 0x20, 0x37, 0x2e, 0x39, 0x39, 0x38, 0x30, 0x38, 0x43, 0x37, 0x2e, 0x38, 0x34
  .byte 0x33, 0x34, 0x34, 0x20, 0x38, 0x2e, 0x30, 0x38, 0x36, 0x35, 0x31, 0x20, 0x37, 0x2e, 0x39, 0x30
  .byte 0x38, 0x31, 0x36, 0x20, 0x38, 0x2e, 0x32, 0x30, 0x38, 0x31, 0x39, 0x20, 0x37, 0x2e, 0x39, 0x32
  .byte 0x34, 0x20, 0x38, 0x2e, 0x33, 0x36, 0x30, 0x33, 0x39, 0x4c, 0x37, 0x2e, 0x39, 0x32, 0x39, 0x38
  .byte 0x36, 0x20, 0x38, 0x2e, 0x34, 0x31, 0x34, 0x31, 0x4c, 0x37, 0x2e, 0x39, 0x30, 0x33, 0x34, 0x39
  .byte 0x20, 0x38, 0x2e, 0x34, 0x36, 0x30, 0x39, 0x37, 0x43, 0x37, 0x2e, 0x37, 0x30, 0x38, 0x32, 0x31
  .byte 0x20, 0x38, 0x2e, 0x38, 0x31, 0x36, 0x34, 0x31, 0x20, 0x37, 0x2e, 0x33, 0x34, 0x31, 0x30, 0x33
  .byte 0x20, 0x38, 0x2e, 0x39, 0x34, 0x37, 0x30, 0x33, 0x20, 0x37, 0x2e, 0x30, 0x30, 0x37, 0x30, 0x31
  .byte 0x20, 0x39, 0x2e, 0x30, 0x32, 0x30, 0x35, 0x35, 0x43, 0x36, 0x2e, 0x38, 0x33, 0x39, 0x37, 0x34
  .byte 0x20, 0x39, 0x2e, 0x30, 0x35, 0x37, 0x33, 0x34, 0x20, 0x36, 0x2e, 0x36, 0x35, 0x39, 0x35, 0x39
  .byte 0x20, 0x39, 0x2e, 0x30, 0x38, 0x33, 0x38, 0x39, 0x20, 0x36, 0x2e, 0x35, 0x30, 0x35, 0x30, 0x35
  .byte 0x20, 0x39, 0x2e, 0x31, 0x31, 0x31, 0x33, 0x37, 0x43, 0x36, 0x2e, 0x33, 0x34, 0x34, 0x33, 0x33
  .byte 0x20, 0x39, 0x2e, 0x31, 0x33, 0x39, 0x39, 0x35, 0x20, 0x36, 0x2e, 0x32, 0x30, 0x34, 0x34, 0x31
  .byte 0x20, 0x39, 0x2e, 0x31, 0x37, 0x31, 0x30, 0x38, 0x20, 0x36, 0x2e, 0x30, 0x38, 0x39, 0x30, 0x34
  .byte 0x20, 0x39, 0x2e, 0x32, 0x31, 0x36, 0x38, 0x33, 0x43, 0x34, 0x2e, 0x37, 0x30, 0x34, 0x33, 0x38
  .byte 0x20, 0x39, 0x2e, 0x37, 0x36, 0x36, 0x30, 0x32, 0x20, 0x33, 0x2e, 0x39, 0x30, 0x33, 0x36, 0x36
  .byte 0x20, 0x31, 0x30, 0x2e, 0x36, 0x38, 0x38, 0x39, 0x20, 0x33, 0x2e, 0x35, 0x34, 0x35, 0x30, 0x39
  .byte 0x20, 0x31, 0x31, 0x2e, 0x37, 0x37, 0x39, 0x33, 0x43, 0x33, 0x2e, 0x31, 0x38, 0x34, 0x34, 0x38
  .byte 0x20, 0x31, 0x32, 0x2e, 0x38, 0x37, 0x36, 0x34, 0x20, 0x33, 0x2e, 0x32, 0x36, 0x36, 0x31, 0x34
  .byte 0x20, 0x31, 0x34, 0x2e, 0x31, 0x36, 0x20, 0x33, 0x2e, 0x36, 0x38, 0x31, 0x38, 0x31, 0x20, 0x31
  .byte 0x35, 0x2e, 0x34, 0x32, 0x34, 0x38, 0x4c, 0x33, 0x2e, 0x37, 0x32, 0x34, 0x37, 0x38, 0x20, 0x31
  .byte 0x35, 0x2e, 0x35, 0x35, 0x35, 0x37, 0x4c, 0x33, 0x2e, 0x36, 0x30, 0x36, 0x36, 0x32, 0x20, 0x31
  .byte 0x35, 0x2e, 0x36, 0x32, 0x37, 0x43, 0x32, 0x2e, 0x36, 0x37, 0x31, 0x31, 0x35, 0x20, 0x31, 0x36
  .byte 0x2e, 0x31, 0x39, 0x31, 0x39, 0x20, 0x31, 0x2e, 0x39, 0x31, 0x39, 0x34, 0x32, 0x20, 0x31, 0x36
  .byte 0x2e, 0x39, 0x34, 0x36, 0x39, 0x20, 0x31, 0x2e, 0x35, 0x35, 0x35, 0x38, 0x33, 0x20, 0x31, 0x37
  .byte 0x2e, 0x39, 0x35, 0x34, 0x31, 0x56, 0x31, 0x37, 0x2e, 0x39, 0x35, 0x35, 0x31, 0x43, 0x31, 0x2e
  .byte 0x32, 0x32, 0x30, 0x33, 0x32, 0x20, 0x31, 0x38, 0x2e, 0x38, 0x37, 0x31, 0x35, 0x20, 0x31, 0x2e
  .byte 0x32, 0x37, 0x34, 0x33, 0x20, 0x31, 0x39, 0x2e, 0x38, 0x38, 0x33, 0x20, 0x31, 0x2e, 0x37, 0x30
  .byte 0x35, 0x32, 0x35, 0x20, 0x32, 0x30, 0x2e, 0x37, 0x35, 0x39, 0x38, 0x56, 0x32, 0x30, 0x2e, 0x37
  .byte 0x36, 0x30, 0x38, 0x43, 0x32, 0x2e, 0x30, 0x30, 0x38, 0x32, 0x39, 0x20, 0x32, 0x31, 0x2e, 0x33
  .byte 0x38, 0x35, 0x39, 0x20, 0x32, 0x2e, 0x33, 0x37, 0x31, 0x31, 0x39, 0x20, 0x32, 0x31, 0x2e, 0x37
  .byte 0x38, 0x33, 0x37, 0x20, 0x32, 0x2e, 0x38, 0x30, 0x37, 0x37, 0x39, 0x20, 0x32, 0x32, 0x2e, 0x30
  .byte 0x38, 0x31, 0x31, 0x43, 0x33, 0x2e, 0x32, 0x34, 0x39, 0x38, 0x32, 0x20, 0x32, 0x32, 0x2e, 0x33
  .byte 0x38, 0x32, 0x31, 0x20, 0x33, 0x2e, 0x37, 0x37, 0x33, 0x35, 0x37, 0x20, 0x32, 0x32, 0x2e, 0x35
  .byte 0x38, 0x34, 0x35, 0x20, 0x34, 0x2e, 0x34, 0x31, 0x32, 0x32, 0x38, 0x20, 0x32, 0x32, 0x2e, 0x38
  .byte 0x30, 0x39, 0x36, 0x4c, 0x34, 0x2e, 0x35, 0x30, 0x37, 0x39, 0x38, 0x20, 0x32, 0x32, 0x2e, 0x38
  .byte 0x34, 0x32, 0x38, 0x4c, 0x34, 0x2e, 0x35, 0x32, 0x35, 0x35, 0x36, 0x20, 0x32, 0x32, 0x2e, 0x39
  .byte 0x34, 0x32, 0x34, 0x43, 0x34, 0x2e, 0x35, 0x39, 0x39, 0x32, 0x32, 0x20, 0x32, 0x33, 0x2e, 0x33
  .byte 0x35, 0x35, 0x33, 0x20, 0x34, 0x2e, 0x36, 0x35, 0x34, 0x34, 0x20, 0x32, 0x33, 0x2e, 0x36, 0x33
  .byte 0x35, 0x38, 0x20, 0x34, 0x2e, 0x38, 0x32, 0x33, 0x34, 0x31, 0x20, 0x32, 0x33, 0x2e, 0x39, 0x36
  .byte 0x31, 0x4c, 0x34, 0x2e, 0x39, 0x30, 0x33, 0x34, 0x39, 0x20, 0x32, 0x34, 0x2e, 0x31, 0x30, 0x34
  .byte 0x35, 0x43, 0x35, 0x2e, 0x32, 0x31, 0x39, 0x20, 0x32, 0x34, 0x2e, 0x36, 0x33, 0x37, 0x31, 0x20
  .byte 0x35, 0x2e, 0x37, 0x34, 0x33, 0x33, 0x39, 0x20, 0x32, 0x35, 0x2e, 0x30, 0x31, 0x38, 0x37, 0x20
  .byte 0x36, 0x2e, 0x33, 0x35, 0x33, 0x36, 0x39, 0x20, 0x32, 0x35, 0x2e, 0x31, 0x35, 0x38, 0x32, 0x48
  .byte 0x36, 0x2e, 0x33, 0x35, 0x34, 0x36, 0x36, 0x43, 0x37, 0x2e, 0x31, 0x39, 0x32, 0x30, 0x33, 0x20
  .byte 0x32, 0x35, 0x2e, 0x33, 0x35, 0x34, 0x38, 0x20, 0x37, 0x2e, 0x38, 0x38, 0x31, 0x37, 0x39, 0x20
  .byte 0x32, 0x35, 0x2e, 0x31, 0x31, 0x31, 0x37, 0x20, 0x38, 0x2e, 0x36, 0x31, 0x33, 0x34, 0x35, 0x20
  .byte 0x32, 0x34, 0x2e, 0x36, 0x38, 0x32, 0x37, 0x43, 0x38, 0x2e, 0x34, 0x37, 0x36, 0x20, 0x32, 0x34
  .byte 0x2e, 0x30, 0x37, 0x39, 0x36, 0x20, 0x38, 0x2e, 0x33, 0x39, 0x35, 0x32, 0x39, 0x20, 0x32, 0x33
  .byte 0x2e, 0x34, 0x36, 0x35, 0x36, 0x20, 0x38, 0x2e, 0x33, 0x37, 0x34, 0x31, 0x39, 0x20, 0x32, 0x32
  .byte 0x2e, 0x38, 0x34, 0x37, 0x37, 0x43, 0x37, 0x2e, 0x32, 0x31, 0x35, 0x37, 0x33, 0x20, 0x32, 0x32
  .byte 0x2e, 0x34, 0x30, 0x33, 0x36, 0x20, 0x36, 0x2e, 0x35, 0x38, 0x34, 0x38, 0x35, 0x20, 0x32, 0x31
  .byte 0x2e, 0x34, 0x35, 0x35, 0x39, 0x20, 0x36, 0x2e, 0x34, 0x30, 0x36, 0x34, 0x32, 0x20, 0x32, 0x30
  .byte 0x2e, 0x33, 0x39, 0x34, 0x36, 0x43, 0x36, 0x2e, 0x32, 0x32, 0x38, 0x39, 0x32, 0x20, 0x31, 0x39
  .byte 0x2e, 0x33, 0x33, 0x38, 0x36, 0x20, 0x36, 0x2e, 0x34, 0x39, 0x36, 0x37, 0x36, 0x20, 0x31, 0x38
  .byte 0x2e, 0x31, 0x36, 0x37, 0x38, 0x20, 0x37, 0x2e, 0x31, 0x33, 0x30, 0x30, 0x35, 0x20, 0x31, 0x37
  .byte 0x2e, 0x32, 0x34, 0x39, 0x31, 0x43, 0x36, 0x2e, 0x37, 0x30, 0x31, 0x31, 0x38, 0x20, 0x31, 0x36
  .byte 0x2e, 0x33, 0x35, 0x36, 0x35, 0x20, 0x36, 0x2e, 0x35, 0x35, 0x34, 0x33, 0x34, 0x20, 0x31, 0x35
  .byte 0x2e, 0x31, 0x31, 0x34, 0x37, 0x20, 0x37, 0x2e, 0x30, 0x34, 0x38, 0x30, 0x32, 0x20, 0x31, 0x34
  .byte 0x2e, 0x32, 0x30, 0x35, 0x31, 0x43, 0x37, 0x2e, 0x31, 0x34, 0x35, 0x31, 0x35, 0x20, 0x31, 0x34
  .byte 0x2e, 0x30, 0x32, 0x36, 0x31, 0x20, 0x37, 0x2e, 0x32, 0x37, 0x39, 0x38, 0x38, 0x20, 0x31, 0x33
  .byte 0x2e, 0x37, 0x33, 0x30, 0x34, 0x20, 0x37, 0x2e, 0x34, 0x35, 0x30, 0x33, 0x37, 0x20, 0x31, 0x33
  .byte 0x2e, 0x34, 0x39, 0x36, 0x31, 0x43, 0x37, 0x2e, 0x36, 0x32, 0x32, 0x32, 0x38, 0x20, 0x31, 0x33
  .byte 0x2e, 0x32, 0x36, 0x20, 0x37, 0x2e, 0x38, 0x36, 0x39, 0x32, 0x36, 0x20, 0x31, 0x33, 0x2e, 0x30
  .byte 0x32, 0x39, 0x33, 0x20, 0x38, 0x2e, 0x32, 0x31, 0x39, 0x39, 0x20, 0x31, 0x33, 0x2e, 0x30, 0x33
  .byte 0x32, 0x33, 0x4c, 0x38, 0x2e, 0x32, 0x35, 0x36, 0x30, 0x33, 0x20, 0x31, 0x33, 0x2e, 0x30, 0x33
  .byte 0x33, 0x32, 0x4c, 0x38, 0x2e, 0x32, 0x38, 0x38, 0x32, 0x36, 0x20, 0x31, 0x33, 0x2e, 0x30, 0x34
  .byte 0x37, 0x39, 0x43, 0x38, 0x2e, 0x33, 0x34, 0x32, 0x37, 0x31, 0x20, 0x31, 0x33, 0x2e, 0x30, 0x37
  .byte 0x32, 0x31, 0x20, 0x38, 0x2e, 0x33, 0x37, 0x37, 0x32, 0x37, 0x20, 0x31, 0x33, 0x2e, 0x30, 0x38
  .byte 0x35, 0x31, 0x20, 0x38, 0x2e, 0x34, 0x30, 0x37, 0x34, 0x20, 0x31, 0x33, 0x2e, 0x30, 0x39, 0x37
  .byte 0x37, 0x43, 0x38, 0x2e, 0x34, 0x33, 0x33, 0x31, 0x37, 0x20, 0x31, 0x33, 0x2e, 0x31, 0x30, 0x38
  .byte 0x35, 0x20, 0x38, 0x2e, 0x34, 0x37, 0x30, 0x35, 0x31, 0x20, 0x31, 0x33, 0x2e, 0x31, 0x32, 0x34
  .byte 0x38, 0x20, 0x38, 0x2e, 0x35, 0x30, 0x35, 0x30, 0x35, 0x20, 0x31, 0x33, 0x2e, 0x31, 0x35, 0x32
  .byte 0x34, 0x43, 0x38, 0x2e, 0x35, 0x34, 0x30, 0x38, 0x37, 0x20, 0x31, 0x33, 0x2e, 0x31, 0x38, 0x31
  .byte 0x20, 0x38, 0x2e, 0x35, 0x36, 0x34, 0x30, 0x38, 0x20, 0x31, 0x33, 0x2e, 0x32, 0x31, 0x34, 0x32
  .byte 0x20, 0x38, 0x2e, 0x35, 0x38, 0x30, 0x32, 0x35, 0x20, 0x31, 0x33, 0x2e, 0x32, 0x33, 0x38, 0x33
  .byte 0x4c, 0x38, 0x2e, 0x36, 0x34, 0x39, 0x35, 0x38, 0x20, 0x31, 0x33, 0x2e, 0x33, 0x34, 0x31, 0x38
  .byte 0x4c, 0x38, 0x2e, 0x36, 0x37, 0x31, 0x30, 0x37, 0x20, 0x31, 0x33, 0x2e, 0x33, 0x37, 0x34, 0x31
  .byte 0x4c, 0x38, 0x2e, 0x36, 0x37, 0x37, 0x39, 0x20, 0x31, 0x33, 0x2e, 0x34, 0x31, 0x33, 0x31, 0x43
  .byte 0x38, 0x2e, 0x37, 0x32, 0x38, 0x34, 0x33, 0x20, 0x31, 0x33, 0x2e, 0x37, 0x32, 0x39, 0x36, 0x20
  .byte 0x38, 0x2e, 0x36, 0x31, 0x35, 0x33, 0x38, 0x20, 0x31, 0x33, 0x2e, 0x39, 0x37, 0x39, 0x35, 0x20
  .byte 0x38, 0x2e, 0x34, 0x37, 0x36, 0x37, 0x33, 0x20, 0x31, 0x34, 0x2e, 0x31, 0x39, 0x39, 0x33, 0x43
  .byte 0x38, 0x2e, 0x34, 0x30, 0x39, 0x34, 0x34, 0x20, 0x31, 0x34, 0x2e, 0x33, 0x30, 0x35, 0x39, 0x20
  .byte 0x38, 0x2e, 0x33, 0x32, 0x38, 0x32, 0x36, 0x20, 0x31, 0x34, 0x2e, 0x34, 0x31, 0x36, 0x34, 0x20
  .byte 0x38, 0x2e, 0x32, 0x35, 0x37, 0x30, 0x31, 0x20, 0x31, 0x34, 0x2e, 0x35, 0x31, 0x39, 0x36, 0x43
  .byte 0x38, 0x2e, 0x31, 0x38, 0x33, 0x33, 0x31, 0x20, 0x31, 0x34, 0x2e, 0x36, 0x32, 0x36, 0x33, 0x20
  .byte 0x38, 0x2e, 0x31, 0x31, 0x33, 0x37, 0x38, 0x20, 0x31, 0x34, 0x2e, 0x37, 0x33, 0x34, 0x34, 0x20
  .byte 0x38, 0x2e, 0x30, 0x35, 0x34, 0x38, 0x36, 0x20, 0x31, 0x34, 0x2e, 0x38, 0x35, 0x31, 0x36, 0x43
  .byte 0x37, 0x2e, 0x39, 0x33, 0x39, 0x32, 0x35, 0x20, 0x31, 0x35, 0x2e, 0x30, 0x38, 0x31, 0x36, 0x20
  .byte 0x37, 0x2e, 0x38, 0x36, 0x32, 0x38, 0x33, 0x20, 0x31, 0x35, 0x2e, 0x33, 0x35, 0x34, 0x31, 0x20
  .byte 0x37, 0x2e, 0x39, 0x30, 0x32, 0x35, 0x31, 0x20, 0x31, 0x35, 0x2e, 0x37, 0x32, 0x32, 0x37, 0x43
  .byte 0x37, 0x2e, 0x39, 0x34, 0x32, 0x38, 0x31, 0x20, 0x31, 0x36, 0x2e, 0x30, 0x39, 0x36, 0x34, 0x20
  .byte 0x38, 0x2e, 0x31, 0x30, 0x33, 0x35, 0x33, 0x20, 0x31, 0x36, 0x2e, 0x35, 0x37, 0x39, 0x34, 0x20
  .byte 0x38, 0x2e, 0x34, 0x38, 0x33, 0x35, 0x37, 0x20, 0x31, 0x37, 0x2e, 0x32, 0x32, 0x33, 0x37, 0x4c
  .byte 0x38, 0x2e, 0x35, 0x34, 0x31, 0x31, 0x39, 0x20, 0x31, 0x37, 0x2e, 0x33, 0x32, 0x32, 0x33, 0x4c
  .byte 0x38, 0x2e, 0x34, 0x37, 0x33, 0x38, 0x20, 0x31, 0x37, 0x2e, 0x34, 0x31, 0x34, 0x31, 0x43, 0x37
  .byte 0x2e, 0x37, 0x36, 0x34, 0x34, 0x37, 0x20, 0x31, 0x38, 0x2e, 0x33, 0x38, 0x32, 0x39, 0x20, 0x37
  .byte 0x2e, 0x34, 0x32, 0x33, 0x39, 0x39, 0x20, 0x31, 0x39, 0x2e, 0x33, 0x31, 0x32, 0x34, 0x20, 0x37
  .byte 0x2e, 0x35, 0x34, 0x33, 0x31, 0x34, 0x20, 0x32, 0x30, 0x2e, 0x31, 0x30, 0x33, 0x36, 0x43, 0x37
  .byte 0x2e, 0x36, 0x36, 0x30, 0x32, 0x20, 0x32, 0x30, 0x2e, 0x38, 0x37, 0x39, 0x37, 0x20, 0x38, 0x2e
  .byte 0x32, 0x33, 0x30, 0x33, 0x32, 0x20, 0x32, 0x31, 0x2e, 0x35, 0x37, 0x39, 0x34, 0x20, 0x39, 0x2e
  .byte 0x34, 0x37, 0x37, 0x37, 0x31, 0x20, 0x32, 0x32, 0x2e, 0x30, 0x37, 0x37, 0x32, 0x4c, 0x39, 0x2e
  .byte 0x35, 0x39, 0x30, 0x30, 0x31, 0x20, 0x32, 0x32, 0x2e, 0x31, 0x32, 0x32, 0x31, 0x4c, 0x39, 0x2e
  .byte 0x35, 0x38, 0x37, 0x30, 0x38, 0x20, 0x32, 0x32, 0x2e, 0x32, 0x34, 0x32, 0x32, 0x43, 0x39, 0x2e
  .byte 0x35, 0x38, 0x31, 0x37, 0x32, 0x20, 0x32, 0x32, 0x2e, 0x34, 0x33, 0x39, 0x34, 0x20, 0x39, 0x2e
  .byte 0x35, 0x37, 0x37, 0x37, 0x32, 0x20, 0x32, 0x32, 0x2e, 0x36, 0x33, 0x36, 0x39, 0x20, 0x39, 0x2e
  .byte 0x35, 0x37, 0x35, 0x33, 0x37, 0x20, 0x32, 0x32, 0x2e, 0x38, 0x33, 0x34, 0x43, 0x39, 0x2e, 0x35
  .byte 0x35, 0x35, 0x39, 0x32, 0x20, 0x32, 0x34, 0x2e, 0x34, 0x39, 0x37, 0x35, 0x20, 0x31, 0x30, 0x2e
  .byte 0x32, 0x36, 0x31, 0x36, 0x20, 0x32, 0x35, 0x2e, 0x38, 0x39, 0x31, 0x35, 0x20, 0x31, 0x31, 0x2e
  .byte 0x38, 0x36, 0x32, 0x35, 0x20, 0x32, 0x36, 0x2e, 0x35, 0x37, 0x35, 0x32, 0x43, 0x31, 0x32, 0x2e
  .byte 0x33, 0x38, 0x33, 0x32, 0x20, 0x32, 0x36, 0x2e, 0x37, 0x39, 0x37, 0x36, 0x20, 0x31, 0x32, 0x2e
  .byte 0x38, 0x37, 0x36, 0x38, 0x20, 0x32, 0x36, 0x2e, 0x38, 0x35, 0x30, 0x36, 0x20, 0x31, 0x33, 0x2e
  .byte 0x34, 0x32, 0x34, 0x20, 0x32, 0x36, 0x2e, 0x38, 0x36, 0x35, 0x33, 0x4c, 0x31, 0x33, 0x2e, 0x39
  .byte 0x39, 0x32, 0x34, 0x20, 0x32, 0x36, 0x2e, 0x38, 0x37, 0x32, 0x31, 0x4c, 0x31, 0x34, 0x2e, 0x30
  .byte 0x37, 0x32, 0x34, 0x20, 0x32, 0x36, 0x2e, 0x38, 0x37, 0x33, 0x31, 0x4c, 0x31, 0x34, 0x2e, 0x31
  .byte 0x32, 0x34, 0x32, 0x20, 0x32, 0x36, 0x2e, 0x39, 0x33, 0x34, 0x36, 0x43, 0x31, 0x34, 0x2e, 0x36
  .byte 0x33, 0x31, 0x37, 0x20, 0x32, 0x37, 0x2e, 0x35, 0x34, 0x33, 0x32, 0x20, 0x31, 0x35, 0x2e, 0x30
  .byte 0x37, 0x37, 0x31, 0x20, 0x32, 0x38, 0x2e, 0x30, 0x31, 0x33, 0x34, 0x20, 0x31, 0x35, 0x2e, 0x35
  .byte 0x39, 0x34, 0x39, 0x20, 0x32, 0x38, 0x2e, 0x33, 0x37, 0x34, 0x31, 0x43, 0x31, 0x36, 0x2e, 0x31
  .byte 0x31, 0x20, 0x32, 0x38, 0x2e, 0x37, 0x33, 0x32, 0x38, 0x20, 0x31, 0x36, 0x2e, 0x37, 0x30, 0x35
  .byte 0x31, 0x20, 0x32, 0x38, 0x2e, 0x39, 0x38, 0x37, 0x38, 0x20, 0x31, 0x37, 0x2e, 0x35, 0x31, 0x36
  .byte 0x38, 0x20, 0x32, 0x39, 0x2e, 0x31, 0x35, 0x32, 0x34, 0x48, 0x31, 0x37, 0x2e, 0x35, 0x31, 0x35
  .byte 0x38, 0x43, 0x31, 0x38, 0x2e, 0x36, 0x39, 0x33, 0x33, 0x20, 0x32, 0x39, 0x2e, 0x33, 0x37, 0x32
  .byte 0x35, 0x20, 0x32, 0x30, 0x2e, 0x30, 0x31, 0x36, 0x36, 0x20, 0x32, 0x39, 0x2e, 0x31, 0x32, 0x34
  .byte 0x33, 0x20, 0x32, 0x30, 0x2e, 0x39, 0x39, 0x33, 0x33, 0x20, 0x32, 0x38, 0x2e, 0x34, 0x34, 0x37
  .byte 0x33, 0x43, 0x32, 0x31, 0x2e, 0x31, 0x34, 0x35, 0x32, 0x20, 0x32, 0x38, 0x2e, 0x33, 0x34, 0x32
  .byte 0x20, 0x32, 0x31, 0x2e, 0x32, 0x36, 0x35, 0x38, 0x20, 0x32, 0x38, 0x2e, 0x32, 0x33, 0x38, 0x37
  .byte 0x20, 0x32, 0x31, 0x2e, 0x33, 0x38, 0x30, 0x31, 0x20, 0x32, 0x38, 0x2e, 0x31, 0x34, 0x30, 0x37
  .byte 0x43, 0x32, 0x31, 0x2e, 0x34, 0x39, 0x31, 0x36, 0x20, 0x32, 0x38, 0x2e, 0x30, 0x34, 0x34, 0x39
  .byte 0x20, 0x32, 0x31, 0x2e, 0x36, 0x30, 0x33, 0x37, 0x20, 0x32, 0x37, 0x2e, 0x39, 0x34, 0x38, 0x33
  .byte 0x20, 0x32, 0x31, 0x2e, 0x37, 0x32, 0x37, 0x37, 0x20, 0x32, 0x37, 0x2e, 0x38, 0x37, 0x33, 0x31
  .byte 0x43, 0x32, 0x31, 0x2e, 0x39, 0x39, 0x34, 0x38, 0x20, 0x32, 0x37, 0x2e, 0x37, 0x31, 0x31, 0x31
  .byte 0x20, 0x32, 0x32, 0x2e, 0x32, 0x39, 0x36, 0x35, 0x20, 0x32, 0x37, 0x2e, 0x36, 0x36, 0x30, 0x31
  .byte 0x20, 0x32, 0x32, 0x2e, 0x37, 0x38, 0x32, 0x34, 0x20, 0x32, 0x37, 0x2e, 0x37, 0x36, 0x36, 0x36
  .byte 0x43, 0x32, 0x34, 0x2e, 0x30, 0x30, 0x35, 0x35, 0x20, 0x32, 0x38, 0x2e, 0x30, 0x33, 0x34, 0x38
  .byte 0x20, 0x32, 0x35, 0x2e, 0x30, 0x37, 0x31, 0x37, 0x20, 0x32, 0x37, 0x2e, 0x37, 0x34, 0x39, 0x32
  .byte 0x20, 0x32, 0x35, 0x2e, 0x38, 0x32, 0x32, 0x34, 0x20, 0x32, 0x37, 0x2e, 0x31, 0x30, 0x38, 0x34
  .byte 0x43, 0x32, 0x36, 0x2e, 0x35, 0x37, 0x34, 0x31, 0x20, 0x32, 0x36, 0x2e, 0x34, 0x36, 0x36, 0x37
  .byte 0x20, 0x32, 0x37, 0x2e, 0x30, 0x32, 0x35, 0x20, 0x32, 0x35, 0x2e, 0x34, 0x35, 0x34, 0x38, 0x20
  .byte 0x32, 0x36, 0x2e, 0x39, 0x38, 0x39, 0x34, 0x20, 0x32, 0x34, 0x2e, 0x32, 0x34, 0x32, 0x32, 0x56
  .byte 0x32, 0x34, 0x2e, 0x32, 0x33, 0x30, 0x35, 0x4c, 0x32, 0x36, 0x2e, 0x39, 0x39, 0x30, 0x34, 0x20
  .byte 0x32, 0x34, 0x2e, 0x32, 0x31, 0x37, 0x38, 0x43, 0x32, 0x37, 0x2e, 0x30, 0x30, 0x39, 0x32, 0x20
  .byte 0x32, 0x34, 0x2e, 0x30, 0x35, 0x30, 0x33, 0x20, 0x32, 0x37, 0x2e, 0x30, 0x39, 0x36, 0x20, 0x32
  .byte 0x33, 0x2e, 0x39, 0x31, 0x38, 0x32, 0x20, 0x32, 0x37, 0x2e, 0x32, 0x30, 0x32, 0x33, 0x20, 0x32
  .byte 0x33, 0x2e, 0x38, 0x31, 0x35, 0x35, 0x43, 0x32, 0x37, 0x2e, 0x33, 0x30, 0x37, 0x20, 0x32, 0x33
  .byte 0x2e, 0x37, 0x31, 0x34, 0x33, 0x20, 0x32, 0x37, 0x2e, 0x34, 0x33, 0x38, 0x34, 0x20, 0x32, 0x33
  .byte 0x2e, 0x36, 0x33, 0x33, 0x39, 0x20, 0x32, 0x37, 0x2e, 0x35, 0x36, 0x35, 0x36, 0x20, 0x32, 0x33
  .byte 0x2e, 0x35, 0x36, 0x37, 0x34, 0x43, 0x32, 0x37, 0x2e, 0x36, 0x39, 0x32, 0x20, 0x32, 0x33, 0x2e
  .byte 0x35, 0x30, 0x31, 0x33, 0x20, 0x32, 0x37, 0x2e, 0x38, 0x32, 0x39, 0x35, 0x20, 0x32, 0x33, 0x2e
  .byte 0x34, 0x34, 0x31, 0x20, 0x32, 0x37, 0x2e, 0x39, 0x34, 0x31, 0x36, 0x20, 0x32, 0x33, 0x2e, 0x33
  .byte 0x38, 0x38, 0x37, 0x43, 0x32, 0x38, 0x2e, 0x30, 0x36, 0x30, 0x35, 0x20, 0x32, 0x33, 0x2e, 0x33
  .byte 0x33, 0x33, 0x31, 0x20, 0x32, 0x38, 0x2e, 0x31, 0x35, 0x30, 0x31, 0x20, 0x32, 0x33, 0x2e, 0x32
  .byte 0x38, 0x37, 0x35, 0x20, 0x32, 0x38, 0x2e, 0x32, 0x30, 0x37, 0x32, 0x20, 0x32, 0x33, 0x2e, 0x32
  .byte 0x34, 0x33, 0x32, 0x43, 0x32, 0x39, 0x2e, 0x30, 0x38, 0x39, 0x20, 0x32, 0x32, 0x2e, 0x35, 0x35
  .byte 0x38, 0x32, 0x20, 0x32, 0x39, 0x2e, 0x35, 0x32, 0x30, 0x33, 0x20, 0x32, 0x31, 0x2e, 0x37, 0x32
  .byte 0x30, 0x38, 0x20, 0x32, 0x39, 0x2e, 0x35, 0x39, 0x33, 0x39, 0x20, 0x32, 0x30, 0x2e, 0x38, 0x34
  .byte 0x32, 0x38, 0x43, 0x32, 0x39, 0x2e, 0x36, 0x36, 0x37, 0x38, 0x20, 0x31, 0x39, 0x2e, 0x39, 0x36
  .byte 0x30, 0x36, 0x20, 0x32, 0x39, 0x2e, 0x33, 0x38, 0x31, 0x32, 0x20, 0x31, 0x39, 0x2e, 0x30, 0x31
  .byte 0x38, 0x33, 0x20, 0x32, 0x38, 0x2e, 0x37, 0x39, 0x34, 0x31, 0x20, 0x31, 0x38, 0x2e, 0x31, 0x32
  .byte 0x38, 0x39, 0x4c, 0x32, 0x38, 0x2e, 0x37, 0x34, 0x35, 0x33, 0x20, 0x31, 0x38, 0x2e, 0x30, 0x35
  .byte 0x34, 0x37, 0x4c, 0x32, 0x38, 0x2e, 0x37, 0x37, 0x36, 0x35, 0x20, 0x31, 0x37, 0x2e, 0x39, 0x37
  .byte 0x31, 0x37, 0x43, 0x32, 0x39, 0x2e, 0x30, 0x35, 0x30, 0x33, 0x20, 0x31, 0x37, 0x2e, 0x32, 0x35
  .byte 0x34, 0x37, 0x20, 0x32, 0x39, 0x2e, 0x32, 0x31, 0x38, 0x38, 0x20, 0x31, 0x36, 0x2e, 0x39, 0x31
  .byte 0x30, 0x39, 0x20, 0x32, 0x39, 0x2e, 0x33, 0x32, 0x33, 0x34, 0x20, 0x31, 0x36, 0x2e, 0x31, 0x39
  .byte 0x32, 0x34, 0x43, 0x32, 0x39, 0x2e, 0x33, 0x39, 0x35, 0x20, 0x31, 0x35, 0x2e, 0x37, 0x30, 0x30
  .byte 0x32, 0x20, 0x32, 0x39, 0x2e, 0x32, 0x32, 0x37, 0x36, 0x20, 0x31, 0x35, 0x2e, 0x32, 0x36, 0x38
  .byte 0x35, 0x20, 0x32, 0x39, 0x2e, 0x30, 0x33, 0x32, 0x34, 0x20, 0x31, 0x34, 0x2e, 0x38, 0x39, 0x39
  .byte 0x35, 0x43, 0x32, 0x38, 0x2e, 0x39, 0x38, 0x33, 0x38, 0x20, 0x31, 0x34, 0x2e, 0x38, 0x30, 0x37
  .byte 0x35, 0x20, 0x32, 0x38, 0x2e, 0x39, 0x33, 0x33, 0x37, 0x20, 0x31, 0x34, 0x2e, 0x37, 0x32, 0x30
  .byte 0x39, 0x20, 0x32, 0x38, 0x2e, 0x38, 0x38, 0x35, 0x39, 0x20, 0x31, 0x34, 0x2e, 0x36, 0x33, 0x37
  .byte 0x37, 0x43, 0x32, 0x38, 0x2e, 0x38, 0x33, 0x38, 0x37, 0x20, 0x31, 0x34, 0x2e, 0x35, 0x35, 0x35
  .byte 0x37, 0x20, 0x32, 0x38, 0x2e, 0x37, 0x39, 0x32, 0x34, 0x20, 0x31, 0x34, 0x2e, 0x34, 0x37, 0x34
  .byte 0x38, 0x20, 0x32, 0x38, 0x2e, 0x37, 0x35, 0x33, 0x31, 0x20, 0x31, 0x34, 0x2e, 0x34, 0x30, 0x30
  .byte 0x34, 0x43, 0x32, 0x38, 0x2e, 0x37, 0x31, 0x34, 0x32, 0x20, 0x31, 0x34, 0x2e, 0x33, 0x32, 0x36
  .byte 0x37, 0x20, 0x32, 0x38, 0x2e, 0x36, 0x37, 0x38, 0x31, 0x20, 0x31, 0x34, 0x2e, 0x32, 0x35, 0x32
  .byte 0x34, 0x20, 0x32, 0x38, 0x2e, 0x36, 0x35, 0x34, 0x35, 0x20, 0x31, 0x34, 0x2e, 0x31, 0x38, 0x30
  .byte 0x37, 0x43, 0x32, 0x38, 0x2e, 0x36, 0x33, 0x31, 0x32, 0x20, 0x31, 0x34, 0x2e, 0x31, 0x31, 0x30
  .byte 0x31, 0x20, 0x32, 0x38, 0x2e, 0x36, 0x31, 0x35, 0x20, 0x31, 0x34, 0x2e, 0x30, 0x32, 0x37, 0x38
  .byte 0x20, 0x32, 0x38, 0x2e, 0x36, 0x32, 0x38, 0x31, 0x20, 0x31, 0x33, 0x2e, 0x39, 0x34, 0x34, 0x34
  .byte 0x4c, 0x32, 0x38, 0x2e, 0x36, 0x33, 0x34, 0x39, 0x20, 0x31, 0x33, 0x2e, 0x39, 0x30, 0x32, 0x34
  .byte 0x4c, 0x32, 0x38, 0x2e, 0x36, 0x35, 0x39, 0x34, 0x20, 0x31, 0x33, 0x2e, 0x38, 0x36, 0x39, 0x32
  .byte 0x43, 0x32, 0x38, 0x2e, 0x37, 0x32, 0x31, 0x31, 0x20, 0x31, 0x33, 0x2e, 0x37, 0x38, 0x34, 0x38
  .byte 0x20, 0x32, 0x38, 0x2e, 0x37, 0x37, 0x31, 0x39, 0x20, 0x31, 0x33, 0x2e, 0x37, 0x31, 0x36, 0x39
  .byte 0x20, 0x32, 0x38, 0x2e, 0x38, 0x33, 0x39, 0x20, 0x31, 0x33, 0x2e, 0x36, 0x36, 0x33, 0x31, 0x43
  .byte 0x32, 0x38, 0x2e, 0x39, 0x30, 0x36, 0x20, 0x31, 0x33, 0x2e, 0x36, 0x30, 0x39, 0x35, 0x20, 0x32
  .byte 0x38, 0x2e, 0x39, 0x38, 0x32, 0x39, 0x20, 0x31, 0x33, 0x2e, 0x35, 0x37, 0x35, 0x33, 0x20, 0x32
  .byte 0x39, 0x2e, 0x30, 0x37, 0x39, 0x33, 0x20, 0x31, 0x33, 0x2e, 0x35, 0x33, 0x33, 0x32, 0x4c, 0x32
  .byte 0x39, 0x2e, 0x31, 0x30, 0x36, 0x36, 0x20, 0x31, 0x33, 0x2e, 0x35, 0x32, 0x30, 0x35, 0x4c, 0x32
  .byte 0x39, 0x2e, 0x31, 0x33, 0x36, 0x39, 0x20, 0x31, 0x33, 0x2e, 0x35, 0x31, 0x38, 0x36, 0x43, 0x32
  .byte 0x39, 0x2e, 0x35, 0x32, 0x36, 0x31, 0x20, 0x31, 0x33, 0x2e, 0x34, 0x39, 0x31, 0x38, 0x20, 0x32
  .byte 0x39, 0x2e, 0x37, 0x38, 0x30, 0x39, 0x20, 0x31, 0x33, 0x2e, 0x37, 0x30, 0x37, 0x39, 0x20, 0x32
  .byte 0x39, 0x2e, 0x39, 0x34, 0x36, 0x35, 0x20, 0x31, 0x33, 0x2e, 0x39, 0x36, 0x33, 0x39, 0x43, 0x33
  .byte 0x30, 0x2e, 0x31, 0x30, 0x36, 0x36, 0x20, 0x31, 0x34, 0x2e, 0x32, 0x31, 0x31, 0x37, 0x20, 0x33
  .byte 0x30, 0x2e, 0x32, 0x30, 0x31, 0x37, 0x20, 0x31, 0x34, 0x2e, 0x35, 0x32, 0x34, 0x37, 0x20, 0x33
  .byte 0x30, 0x2e, 0x32, 0x37, 0x34, 0x36, 0x20, 0x31, 0x34, 0x2e, 0x37, 0x34, 0x35, 0x32, 0x43, 0x33
  .byte 0x30, 0x2e, 0x36, 0x30, 0x39, 0x20, 0x31, 0x35, 0x2e, 0x37, 0x35, 0x37, 0x34, 0x20, 0x33, 0x30
  .byte 0x2e, 0x35, 0x34, 0x36, 0x20, 0x31, 0x36, 0x2e, 0x39, 0x32, 0x39, 0x37, 0x20, 0x33, 0x30, 0x2e
  .byte 0x30, 0x36, 0x37, 0x36, 0x20, 0x31, 0x37, 0x2e, 0x38, 0x39, 0x33, 0x36, 0x43, 0x33, 0x30, 0x2e
  .byte 0x30, 0x39, 0x34, 0x20, 0x31, 0x37, 0x2e, 0x39, 0x33, 0x37, 0x35, 0x20, 0x33, 0x30, 0x2e, 0x31
  .byte 0x32, 0x30, 0x39, 0x20, 0x31, 0x37, 0x2e, 0x39, 0x38, 0x31, 0x31, 0x20, 0x33, 0x30, 0x2e, 0x31
  .byte 0x34, 0x36, 0x37, 0x20, 0x31, 0x38, 0x2e, 0x30, 0x32, 0x35, 0x34, 0x43, 0x33, 0x30, 0x2e, 0x37
  .byte 0x39, 0x37, 0x20, 0x31, 0x39, 0x2e, 0x31, 0x32, 0x30, 0x34, 0x20, 0x33, 0x30, 0x2e, 0x39, 0x37
  .byte 0x33, 0x33, 0x20, 0x32, 0x30, 0x2e, 0x34, 0x32, 0x38, 0x32, 0x20, 0x33, 0x30, 0x2e, 0x36, 0x33
  .byte 0x35, 0x39, 0x20, 0x32, 0x31, 0x2e, 0x36, 0x35, 0x33, 0x34, 0x43, 0x33, 0x30, 0x2e, 0x34, 0x31
  .byte 0x38, 0x32, 0x20, 0x32, 0x32, 0x2e, 0x34, 0x33, 0x37, 0x38, 0x20, 0x33, 0x30, 0x2e, 0x31, 0x30
  .byte 0x39, 0x20, 0x32, 0x33, 0x2e, 0x30, 0x31, 0x37, 0x36, 0x20, 0x32, 0x39, 0x2e, 0x36, 0x37, 0x36
  .byte 0x20, 0x32, 0x33, 0x2e, 0x34, 0x39, 0x37, 0x31, 0x43, 0x32, 0x39, 0x2e, 0x32, 0x36, 0x33, 0x33
  .byte 0x20, 0x32, 0x33, 0x2e, 0x39, 0x35, 0x33, 0x39, 0x20, 0x32, 0x38, 0x2e, 0x37, 0x34, 0x34, 0x35
  .byte 0x20, 0x32, 0x34, 0x2e, 0x33, 0x30, 0x39, 0x39, 0x20, 0x32, 0x38, 0x2e, 0x31, 0x31, 0x30, 0x35
  .byte 0x20, 0x32, 0x34, 0x2e, 0x36, 0x37, 0x43, 0x32, 0x38, 0x2e, 0x30, 0x39, 0x37, 0x38, 0x20, 0x32
  .byte 0x34, 0x2e, 0x39, 0x32, 0x34, 0x35, 0x20, 0x32, 0x38, 0x2e, 0x31, 0x30, 0x32, 0x32, 0x20, 0x32
  .byte 0x35, 0x2e, 0x31, 0x38, 0x31, 0x33, 0x20, 0x32, 0x38, 0x2e, 0x31, 0x30, 0x35, 0x36, 0x20, 0x32
  .byte 0x35, 0x2e, 0x34, 0x34, 0x35, 0x33, 0x43, 0x32, 0x38, 0x2e, 0x34, 0x31, 0x39, 0x31, 0x20, 0x32
  .byte 0x35, 0x2e, 0x37, 0x34, 0x33, 0x33, 0x20, 0x32, 0x38, 0x2e, 0x36, 0x36, 0x35, 0x37, 0x20, 0x32
  .byte 0x35, 0x2e, 0x38, 0x36, 0x32, 0x34, 0x20, 0x32, 0x39, 0x2e, 0x30, 0x38, 0x36, 0x31, 0x20, 0x32
  .byte 0x36, 0x2e, 0x30, 0x35, 0x37, 0x37, 0x43, 0x32, 0x39, 0x2e, 0x36, 0x33, 0x39, 0x35, 0x20, 0x32
  .byte 0x36, 0x2e, 0x32, 0x39, 0x35, 0x32, 0x20, 0x33, 0x30, 0x2e, 0x31, 0x30, 0x37, 0x32, 0x20, 0x32
  .byte 0x36, 0x2e, 0x33, 0x38, 0x34, 0x38, 0x20, 0x33, 0x30, 0x2e, 0x37, 0x30, 0x38, 0x32, 0x20, 0x32
  .byte 0x36, 0x2e, 0x33, 0x35, 0x39, 0x34, 0x48, 0x33, 0x30, 0x2e, 0x37, 0x30, 0x39, 0x32, 0x43, 0x33
  .byte 0x31, 0x2e, 0x35, 0x33, 0x36, 0x36, 0x20, 0x32, 0x36, 0x2e, 0x33, 0x32, 0x37, 0x31, 0x20, 0x33
  .byte 0x32, 0x2e, 0x33, 0x31, 0x35, 0x39, 0x20, 0x32, 0x35, 0x2e, 0x39, 0x36, 0x39, 0x33, 0x20, 0x33
  .byte 0x32, 0x2e, 0x38, 0x37, 0x34, 0x32, 0x20, 0x32, 0x35, 0x2e, 0x33, 0x36, 0x37, 0x32, 0x43, 0x33
  .byte 0x33, 0x2e, 0x35, 0x33, 0x34, 0x37, 0x20, 0x32, 0x34, 0x2e, 0x36, 0x34, 0x31, 0x33, 0x20, 0x33
  .byte 0x33, 0x2e, 0x37, 0x32, 0x33, 0x31, 0x20, 0x32, 0x33, 0x2e, 0x37, 0x37, 0x35, 0x20, 0x33, 0x33
  .byte 0x2e, 0x36, 0x37, 0x34, 0x20, 0x32, 0x32, 0x2e, 0x38, 0x30, 0x36, 0x37, 0x4c, 0x33, 0x33, 0x2e
  .byte 0x36, 0x36, 0x38, 0x31, 0x20, 0x32, 0x32, 0x2e, 0x36, 0x39, 0x32, 0x34, 0x4c, 0x33, 0x33, 0x2e
  .byte 0x37, 0x37, 0x30, 0x37, 0x20, 0x32, 0x32, 0x2e, 0x36, 0x34, 0x32, 0x36, 0x43, 0x33, 0x36, 0x2e
  .byte 0x34, 0x36, 0x36, 0x36, 0x20, 0x32, 0x31, 0x2e, 0x33, 0x31, 0x35, 0x37, 0x20, 0x33, 0x37, 0x2e
  .byte 0x32, 0x33, 0x31, 0x32, 0x20, 0x31, 0x38, 0x2e, 0x31, 0x32, 0x37, 0x35, 0x20, 0x33, 0x35, 0x2e
  .byte 0x32, 0x31, 0x31, 0x31, 0x20, 0x31, 0x35, 0x2e, 0x38, 0x33, 0x38, 0x39, 0x43, 0x33, 0x35, 0x2e
  .byte 0x31, 0x37, 0x36, 0x36, 0x20, 0x31, 0x35, 0x2e, 0x37, 0x39, 0x39, 0x39, 0x20, 0x33, 0x35, 0x2e
  .byte 0x30, 0x38, 0x35, 0x31, 0x20, 0x31, 0x35, 0x2e, 0x37, 0x32, 0x35, 0x38, 0x20, 0x33, 0x34, 0x2e
  .byte 0x39, 0x34, 0x37, 0x34, 0x20, 0x31, 0x35, 0x2e, 0x36, 0x32, 0x34, 0x31, 0x43, 0x33, 0x34, 0x2e
  .byte 0x38, 0x31, 0x34, 0x39, 0x20, 0x31, 0x35, 0x2e, 0x35, 0x32, 0x36, 0x31, 0x20, 0x33, 0x34, 0x2e
  .byte 0x36, 0x35, 0x36, 0x34, 0x20, 0x31, 0x35, 0x2e, 0x34, 0x31, 0x34, 0x39, 0x20, 0x33, 0x34, 0x2e
  .byte 0x34, 0x39, 0x39, 0x32, 0x20, 0x31, 0x35, 0x2e, 0x33, 0x30, 0x32, 0x38, 0x43, 0x33, 0x34, 0x2e
  .byte 0x33, 0x34, 0x33, 0x39, 0x20, 0x31, 0x35, 0x2e, 0x31, 0x39, 0x32, 0x20, 0x33, 0x34, 0x2e, 0x31
  .byte 0x38, 0x39, 0x33, 0x20, 0x31, 0x35, 0x2e, 0x30, 0x38, 0x30, 0x31, 0x20, 0x33, 0x34, 0x2e, 0x30
  .byte 0x37, 0x31, 0x35, 0x20, 0x31, 0x34, 0x2e, 0x39, 0x38, 0x35, 0x34, 0x43, 0x33, 0x34, 0x2e, 0x30
  .byte 0x31, 0x32, 0x39, 0x20, 0x31, 0x34, 0x2e, 0x39, 0x33, 0x38, 0x33, 0x20, 0x33, 0x33, 0x2e, 0x39
  .byte 0x35, 0x39, 0x33, 0x20, 0x31, 0x34, 0x2e, 0x38, 0x39, 0x32, 0x32, 0x20, 0x33, 0x33, 0x2e, 0x39
  .byte 0x31, 0x38, 0x31, 0x20, 0x31, 0x34, 0x2e, 0x38, 0x35, 0x30, 0x36, 0x43, 0x33, 0x33, 0x2e, 0x38
  .byte 0x39, 0x37, 0x37, 0x20, 0x31, 0x34, 0x2e, 0x38, 0x32, 0x39, 0x39, 0x20, 0x33, 0x33, 0x2e, 0x38
  .byte 0x37, 0x37, 0x37, 0x20, 0x31, 0x34, 0x2e, 0x38, 0x30, 0x36, 0x39, 0x20, 0x33, 0x33, 0x2e, 0x38
  .byte 0x36, 0x30, 0x35, 0x20, 0x31, 0x34, 0x2e, 0x37, 0x38, 0x33, 0x32, 0x43, 0x33, 0x33, 0x2e, 0x38
  .byte 0x34, 0x35, 0x37, 0x20, 0x31, 0x34, 0x2e, 0x37, 0x36, 0x32, 0x38, 0x20, 0x33, 0x33, 0x2e, 0x38
  .byte 0x32, 0x31, 0x39, 0x20, 0x31, 0x34, 0x2e, 0x37, 0x32, 0x35, 0x39, 0x20, 0x33, 0x33, 0x2e, 0x38
  .byte 0x31, 0x32, 0x37, 0x20, 0x31, 0x34, 0x2e, 0x36, 0x37, 0x38, 0x37, 0x43, 0x33, 0x33, 0x2e, 0x37
  .byte 0x33, 0x30, 0x39, 0x20, 0x31, 0x34, 0x2e, 0x32, 0x35, 0x38, 0x39, 0x20, 0x33, 0x33, 0x2e, 0x37
  .byte 0x35, 0x35, 0x35, 0x20, 0x31, 0x33, 0x2e, 0x38, 0x31, 0x34, 0x32, 0x20, 0x33, 0x33, 0x2e, 0x37
  .byte 0x34, 0x36, 0x33, 0x20, 0x31, 0x33, 0x2e, 0x34, 0x31, 0x39, 0x43, 0x33, 0x33, 0x2e, 0x37, 0x33
  .byte 0x36, 0x37, 0x20, 0x31, 0x33, 0x2e, 0x30, 0x31, 0x32, 0x20, 0x33, 0x33, 0x2e, 0x36, 0x39, 0x33
  .byte 0x37, 0x20, 0x31, 0x32, 0x2e, 0x36, 0x33, 0x30, 0x32, 0x20, 0x33, 0x33, 0x2e, 0x34, 0x39, 0x37
  .byte 0x32, 0x20, 0x31, 0x32, 0x2e, 0x32, 0x36, 0x37, 0x36, 0x4c, 0x33, 0x33, 0x2e, 0x34, 0x39, 0x31
  .byte 0x34, 0x20, 0x31, 0x32, 0x2e, 0x32, 0x35, 0x37, 0x38, 0x43, 0x33, 0x33, 0x2e, 0x31, 0x30, 0x35
  .byte 0x32, 0x20, 0x31, 0x31, 0x2e, 0x34, 0x31, 0x37, 0x20, 0x33, 0x32, 0x2e, 0x36, 0x36, 0x36, 0x34
  .byte 0x20, 0x31, 0x31, 0x2e, 0x30, 0x31, 0x36, 0x20, 0x33, 0x32, 0x2e, 0x31, 0x35, 0x31, 0x35, 0x20
  .byte 0x31, 0x30, 0x2e, 0x37, 0x34, 0x38, 0x31, 0x43, 0x33, 0x31, 0x2e, 0x38, 0x38, 0x38, 0x37, 0x20
  .byte 0x31, 0x30, 0x2e, 0x36, 0x31, 0x31, 0x33, 0x20, 0x33, 0x31, 0x2e, 0x36, 0x30, 0x32, 0x34, 0x20
  .byte 0x31, 0x30, 0x2e, 0x35, 0x30, 0x37, 0x35, 0x20, 0x33, 0x31, 0x2e, 0x32, 0x38, 0x31, 0x34, 0x20
  .byte 0x31, 0x30, 0x2e, 0x33, 0x39, 0x38, 0x35, 0x43, 0x33, 0x30, 0x2e, 0x39, 0x36, 0x33, 0x31, 0x20
  .byte 0x31, 0x30, 0x2e, 0x32, 0x39, 0x30, 0x33, 0x20, 0x33, 0x30, 0x2e, 0x36, 0x31, 0x30, 0x36, 0x20
  .byte 0x31, 0x30, 0x2e, 0x31, 0x37, 0x36, 0x38, 0x20, 0x33, 0x30, 0x2e, 0x32, 0x33, 0x31, 0x36, 0x20
  .byte 0x31, 0x30, 0x2e, 0x30, 0x32, 0x34, 0x35, 0x4c, 0x33, 0x30, 0x2e, 0x31, 0x38, 0x35, 0x37, 0x20
  .byte 0x31, 0x30, 0x2e, 0x30, 0x30, 0x35, 0x39, 0x4c, 0x33, 0x30, 0x2e, 0x31, 0x35, 0x36, 0x34, 0x20
  .byte 0x39, 0x2e, 0x39, 0x36, 0x36, 0x38, 0x33, 0x43, 0x33, 0x30, 0x2e, 0x30, 0x37, 0x33, 0x33, 0x20
  .byte 0x39, 0x2e, 0x38, 0x35, 0x33, 0x36, 0x34, 0x20, 0x33, 0x30, 0x2e, 0x30, 0x32, 0x36, 0x39, 0x20
  .byte 0x39, 0x2e, 0x37, 0x33, 0x38, 0x33, 0x36, 0x20, 0x33, 0x30, 0x2e, 0x30, 0x34, 0x30, 0x32, 0x20
  .byte 0x39, 0x2e, 0x36, 0x31, 0x30, 0x33, 0x39, 0x43, 0x33, 0x30, 0x2e, 0x30, 0x35, 0x32, 0x31, 0x20
  .byte 0x39, 0x2e, 0x34, 0x39, 0x36, 0x38, 0x20, 0x33, 0x30, 0x2e, 0x31, 0x31, 0x30, 0x36, 0x20, 0x39
  .byte 0x2e, 0x33, 0x39, 0x36, 0x36, 0x38, 0x20, 0x33, 0x30, 0x2e, 0x31, 0x35, 0x38, 0x34, 0x20, 0x39
  .byte 0x2e, 0x33, 0x31, 0x35, 0x34, 0x37, 0x4c, 0x33, 0x30, 0x2e, 0x31, 0x37, 0x37, 0x39, 0x20, 0x39
  .byte 0x2e, 0x32, 0x38, 0x31, 0x32, 0x39, 0x4c, 0x33, 0x30, 0x2e, 0x32, 0x31, 0x31, 0x31, 0x20, 0x39
  .byte 0x2e, 0x32, 0x35, 0x39, 0x38, 0x43, 0x33, 0x30, 0x2e, 0x34, 0x35, 0x35, 0x35, 0x20, 0x39, 0x2e
  .byte 0x30, 0x39, 0x34, 0x34, 0x34, 0x20, 0x33, 0x30, 0x2e, 0x37, 0x34, 0x35, 0x34, 0x20, 0x39, 0x2e
  .byte 0x30, 0x37, 0x30, 0x38, 0x36, 0x20, 0x33, 0x31, 0x2e, 0x30, 0x30, 0x31, 0x31, 0x20, 0x39, 0x2e
  .byte 0x31, 0x30, 0x36, 0x34, 0x38, 0x43, 0x33, 0x33, 0x2e, 0x36, 0x35, 0x32, 0x34, 0x20, 0x39, 0x2e
  .byte 0x34, 0x37, 0x35, 0x39, 0x20, 0x33, 0x35, 0x2e, 0x31, 0x34, 0x32, 0x37, 0x20, 0x31, 0x31, 0x2e
  .byte 0x37, 0x32, 0x34, 0x31, 0x20, 0x33, 0x34, 0x2e, 0x39, 0x38, 0x30, 0x36, 0x20, 0x31, 0x34, 0x2e
  .byte 0x31, 0x38, 0x36, 0x36, 0x43, 0x33, 0x36, 0x2e, 0x35, 0x33, 0x39, 0x38, 0x20, 0x31, 0x35, 0x2e
  .byte 0x30, 0x33, 0x38, 0x38, 0x20, 0x33, 0x37, 0x2e, 0x33, 0x38, 0x31, 0x34, 0x20, 0x31, 0x36, 0x2e
  .byte 0x36, 0x33, 0x38, 0x32, 0x20, 0x33, 0x37, 0x2e, 0x35, 0x30, 0x34, 0x31, 0x20, 0x31, 0x38, 0x2e
  .byte 0x32, 0x39, 0x30, 0x31, 0x43, 0x33, 0x37, 0x2e, 0x36, 0x32, 0x39, 0x32, 0x20, 0x31, 0x39, 0x2e
  .byte 0x39, 0x37, 0x36, 0x32, 0x20, 0x33, 0x37, 0x2e, 0x30, 0x30, 0x38, 0x33, 0x20, 0x32, 0x31, 0x2e
  .byte 0x37, 0x33, 0x38, 0x35, 0x20, 0x33, 0x35, 0x2e, 0x36, 0x31, 0x33, 0x35, 0x20, 0x32, 0x32, 0x2e
  .byte 0x38, 0x34, 0x31, 0x38, 0x43, 0x33, 0x35, 0x2e, 0x33, 0x37, 0x30, 0x32, 0x20, 0x32, 0x33, 0x2e
  .byte 0x30, 0x33, 0x34, 0x32, 0x20, 0x33, 0x35, 0x2e, 0x31, 0x34, 0x33, 0x31, 0x20, 0x32, 0x33, 0x2e
  .byte 0x31, 0x39, 0x32, 0x37, 0x20, 0x33, 0x34, 0x2e, 0x38, 0x38, 0x39, 0x38, 0x20, 0x32, 0x33, 0x2e
  .byte 0x33, 0x36, 0x30, 0x34, 0x43, 0x33, 0x34, 0x2e, 0x37, 0x34, 0x31, 0x20, 0x32, 0x34, 0x2e, 0x32
  .byte 0x33, 0x38, 0x20, 0x33, 0x34, 0x2e, 0x36, 0x31, 0x36, 0x37, 0x20, 0x32, 0x35, 0x2e, 0x30, 0x34
  .byte 0x32, 0x31, 0x20, 0x33, 0x34, 0x2e, 0x30, 0x33, 0x33, 0x34, 0x20, 0x32, 0x35, 0x2e, 0x38, 0x33
  .byte 0x33, 0x43, 0x33, 0x33, 0x2e, 0x30, 0x34, 0x32, 0x37, 0x20, 0x32, 0x37, 0x2e, 0x31, 0x37, 0x35
  .byte 0x39, 0x20, 0x33, 0x31, 0x2e, 0x33, 0x35, 0x32, 0x39, 0x20, 0x32, 0x37, 0x2e, 0x37, 0x31, 0x32
  .byte 0x36, 0x20, 0x32, 0x39, 0x2e, 0x37, 0x34, 0x37, 0x32, 0x20, 0x32, 0x37, 0x2e, 0x34, 0x35, 0x39
  .byte 0x43, 0x32, 0x38, 0x2e, 0x39, 0x34, 0x39, 0x31, 0x20, 0x32, 0x37, 0x2e, 0x33, 0x33, 0x33, 0x20
  .byte 0x32, 0x38, 0x2e, 0x33, 0x32, 0x31, 0x20, 0x32, 0x37, 0x2e, 0x30, 0x35, 0x35, 0x20, 0x32, 0x37
  .byte 0x2e, 0x36, 0x38, 0x34, 0x37, 0x20, 0x32, 0x36, 0x2e, 0x36, 0x32, 0x30, 0x32, 0x43, 0x32, 0x37
  .byte 0x2e, 0x31, 0x32, 0x35, 0x36, 0x20, 0x32, 0x37, 0x2e, 0x36, 0x34, 0x34, 0x33, 0x20, 0x32, 0x36
  .byte 0x2e, 0x33, 0x37, 0x39, 0x34, 0x20, 0x32, 0x38, 0x2e, 0x33, 0x32, 0x39, 0x32, 0x20, 0x32, 0x35
  .byte 0x2e, 0x34, 0x38, 0x30, 0x36, 0x20, 0x32, 0x38, 0x2e, 0x37, 0x30, 0x33, 0x32, 0x43, 0x32, 0x34
  .byte 0x2e, 0x35, 0x35, 0x37, 0x31, 0x20, 0x32, 0x39, 0x2e, 0x30, 0x38, 0x37, 0x33, 0x20, 0x32, 0x33
  .byte 0x2e, 0x34, 0x39, 0x30, 0x37, 0x20, 0x32, 0x39, 0x2e, 0x31, 0x33, 0x34, 0x38, 0x20, 0x32, 0x32
  .byte 0x2e, 0x33, 0x33, 0x33, 0x32, 0x20, 0x32, 0x38, 0x2e, 0x39, 0x31, 0x34, 0x31, 0x43, 0x32, 0x32
  .byte 0x2e, 0x30, 0x39, 0x37, 0x34, 0x20, 0x32, 0x39, 0x2e, 0x31, 0x33, 0x30, 0x34, 0x20, 0x32, 0x31
  .byte 0x2e, 0x38, 0x34, 0x34, 0x31, 0x20, 0x32, 0x39, 0x2e, 0x33, 0x31, 0x31, 0x34, 0x20, 0x32, 0x31
  .byte 0x2e, 0x35, 0x37, 0x36, 0x33, 0x20, 0x32, 0x39, 0x2e, 0x34, 0x37, 0x35, 0x36, 0x56, 0x32, 0x39
  .byte 0x2e, 0x34, 0x37, 0x36, 0x36, 0x43, 0x32, 0x30, 0x2e, 0x32, 0x36, 0x36, 0x38, 0x20, 0x33, 0x30
  .byte 0x2e, 0x32, 0x37, 0x35, 0x36, 0x20, 0x31, 0x38, 0x2e, 0x37, 0x30, 0x34, 0x39, 0x20, 0x33, 0x30
  .byte 0x2e, 0x35, 0x35, 0x39, 0x37, 0x20, 0x31, 0x37, 0x2e, 0x31, 0x39, 0x39, 0x34, 0x20, 0x33, 0x30
  .byte 0x2e, 0x32, 0x38, 0x30, 0x33, 0x4c, 0x31, 0x36, 0x2e, 0x38, 0x39, 0x39, 0x36, 0x20, 0x33, 0x30
  .byte 0x2e, 0x32, 0x31, 0x36, 0x38, 0x43, 0x31, 0x36, 0x2e, 0x33, 0x30, 0x36, 0x35, 0x20, 0x33, 0x30
  .byte 0x2e, 0x30, 0x37, 0x38, 0x37, 0x20, 0x31, 0x35, 0x2e, 0x36, 0x32, 0x31, 0x38, 0x20, 0x32, 0x39
  .byte 0x2e, 0x37, 0x38, 0x33, 0x31, 0x20, 0x31, 0x35, 0x2e, 0x30, 0x30, 0x37, 0x20, 0x32, 0x39, 0x2e
  .byte 0x33, 0x39, 0x38, 0x35, 0x43, 0x31, 0x34, 0x2e, 0x34, 0x32, 0x33, 0x34, 0x20, 0x32, 0x39, 0x2e
  .byte 0x30, 0x33, 0x33, 0x33, 0x20, 0x31, 0x33, 0x2e, 0x38, 0x39, 0x20, 0x32, 0x38, 0x2e, 0x35, 0x37
  .byte 0x37, 0x31, 0x20, 0x31, 0x33, 0x2e, 0x35, 0x35, 0x36, 0x38, 0x20, 0x32, 0x38, 0x2e, 0x30, 0x38
  .byte 0x35, 0x43, 0x31, 0x32, 0x2e, 0x36, 0x30, 0x35, 0x20, 0x32, 0x38, 0x2e, 0x30, 0x32, 0x30, 0x34
  .byte 0x20, 0x31, 0x31, 0x2e, 0x37, 0x35, 0x31, 0x39, 0x20, 0x32, 0x37, 0x2e, 0x38, 0x35, 0x31, 0x32
  .byte 0x20, 0x31, 0x31, 0x2e, 0x30, 0x30, 0x35, 0x31, 0x20, 0x32, 0x37, 0x2e, 0x34, 0x37, 0x39, 0x35
  .byte 0x43, 0x31, 0x30, 0x2e, 0x32, 0x37, 0x35, 0x38, 0x20, 0x32, 0x37, 0x2e, 0x31, 0x31, 0x36, 0x36
  .byte 0x20, 0x39, 0x2e, 0x36, 0x35, 0x39, 0x33, 0x20, 0x32, 0x36, 0x2e, 0x35, 0x36, 0x34, 0x34, 0x20
  .byte 0x39, 0x2e, 0x31, 0x34, 0x39, 0x35, 0x38, 0x20, 0x32, 0x35, 0x2e, 0x37, 0x35, 0x31, 0x43, 0x38
  .byte 0x2e, 0x30, 0x33, 0x36, 0x34, 0x36, 0x20, 0x32, 0x36, 0x2e, 0x33, 0x38, 0x33, 0x39, 0x20, 0x36
  .byte 0x2e, 0x38, 0x34, 0x36, 0x32, 0x31, 0x20, 0x32, 0x36, 0x2e, 0x35, 0x36, 0x38, 0x33, 0x20, 0x35
  .byte 0x2e, 0x38, 0x31, 0x38, 0x35, 0x33, 0x20, 0x32, 0x36, 0x2e, 0x32, 0x35, 0x37, 0x38, 0x43, 0x34
  .byte 0x2e, 0x37, 0x36, 0x31, 0x35, 0x31, 0x20, 0x32, 0x35, 0x2e, 0x39, 0x33, 0x38, 0x35, 0x20, 0x33
  .byte 0x2e, 0x39, 0x30, 0x34, 0x37, 0x20, 0x32, 0x35, 0x2e, 0x31, 0x30, 0x34, 0x33, 0x20, 0x33, 0x2e
  .byte 0x34, 0x39, 0x34, 0x33, 0x31, 0x20, 0x32, 0x33, 0x2e, 0x37, 0x36, 0x34, 0x37, 0x43, 0x32, 0x2e
  .byte 0x33, 0x35, 0x36, 0x35, 0x33, 0x20, 0x32, 0x33, 0x2e, 0x33, 0x33, 0x34, 0x33, 0x20, 0x31, 0x2e
  .byte 0x34, 0x36, 0x33, 0x33, 0x35, 0x20, 0x32, 0x32, 0x2e, 0x36, 0x35, 0x31, 0x35, 0x20, 0x30, 0x2e
  .byte 0x38, 0x39, 0x30, 0x37, 0x39, 0x36, 0x20, 0x32, 0x31, 0x2e, 0x37, 0x35, 0x38, 0x38, 0x43, 0x30
  .byte 0x2e, 0x33, 0x30, 0x34, 0x32, 0x30, 0x35, 0x20, 0x32, 0x30, 0x2e, 0x38, 0x34, 0x34, 0x32, 0x20
  .byte 0x30, 0x2e, 0x30, 0x36, 0x32, 0x30, 0x31, 0x35, 0x37, 0x20, 0x31, 0x39, 0x2e, 0x37, 0x32, 0x32
  .byte 0x38, 0x20, 0x30, 0x2e, 0x32, 0x32, 0x31, 0x38, 0x35, 0x20, 0x31, 0x38, 0x2e, 0x34, 0x35, 0x38
  .byte 0x43, 0x30, 0x2e, 0x34, 0x30, 0x39, 0x36, 0x36, 0x37, 0x20, 0x31, 0x36, 0x2e, 0x39, 0x37, 0x33
  .byte 0x20, 0x31, 0x2e, 0x31, 0x35, 0x36, 0x36, 0x20, 0x31, 0x35, 0x2e, 0x39, 0x39, 0x37, 0x38, 0x20
  .byte 0x32, 0x2e, 0x33, 0x30, 0x31, 0x39, 0x33, 0x20, 0x31, 0x35, 0x2e, 0x31, 0x32, 0x38, 0x43, 0x32
  .byte 0x2e, 0x33, 0x30, 0x30, 0x31, 0x20, 0x31, 0x35, 0x2e, 0x31, 0x31, 0x38, 0x32, 0x20, 0x32, 0x2e
  .byte 0x32, 0x39, 0x38, 0x38, 0x32, 0x20, 0x31, 0x35, 0x2e, 0x31, 0x30, 0x38, 0x34, 0x20, 0x32, 0x2e
  .byte 0x32, 0x39, 0x37, 0x30, 0x35, 0x20, 0x31, 0x35, 0x2e, 0x30, 0x39, 0x38, 0x37, 0x43, 0x31, 0x2e
  .byte 0x39, 0x38, 0x34, 0x34, 0x38, 0x20, 0x31, 0x33, 0x2e, 0x33, 0x38, 0x35, 0x35, 0x20, 0x32, 0x2e
  .byte 0x31, 0x34, 0x30, 0x38, 0x31, 0x20, 0x31, 0x31, 0x2e, 0x37, 0x33, 0x36, 0x39, 0x20, 0x32, 0x2e
  .byte 0x38, 0x36, 0x30, 0x35, 0x32, 0x20, 0x31, 0x30, 0x2e, 0x34, 0x32, 0x39, 0x37, 0x43, 0x33, 0x2e
  .byte 0x35, 0x38, 0x33, 0x35, 0x32, 0x20, 0x39, 0x2e, 0x31, 0x31, 0x36, 0x38, 0x35, 0x20, 0x34, 0x2e
  .byte 0x38, 0x36, 0x34, 0x35, 0x20, 0x38, 0x2e, 0x31, 0x36, 0x37, 0x39, 0x32, 0x20, 0x36, 0x2e, 0x37
  .byte 0x35, 0x34, 0x30, 0x38, 0x20, 0x37, 0x2e, 0x38, 0x34, 0x30, 0x38, 0x36, 0x4c, 0x36, 0x2e, 0x37
  .byte 0x36, 0x31, 0x38, 0x39, 0x20, 0x37, 0x2e, 0x38, 0x33, 0x38, 0x39, 0x5a, 0x22, 0x2c, 0x0a, 0x20
  .byte 0x20, 0x70, 0x61, 0x36, 0x38, 0x35, 0x61, 0x30, 0x30, 0x3a, 0x0a, 0x20, 0x20, 0x20, 0x20, 0x22
  .byte 0x4d, 0x32, 0x33, 0x2e, 0x38, 0x32, 0x34, 0x37, 0x20, 0x32, 0x2e, 0x32, 0x31, 0x37, 0x37, 0x36
  .byte 0x43, 0x32, 0x34, 0x2e, 0x36, 0x39, 0x39, 0x38, 0x20, 0x32, 0x2e, 0x31, 0x36, 0x37, 0x37, 0x39
  .byte 0x20, 0x32, 0x35, 0x2e, 0x34, 0x35, 0x36, 0x32, 0x20, 0x32, 0x2e, 0x33, 0x31, 0x36, 0x34, 0x35
  .byte 0x20, 0x32, 0x36, 0x2e, 0x30, 0x39, 0x34, 0x32, 0x20, 0x32, 0x2e, 0x36, 0x38, 0x31, 0x36, 0x32
  .byte 0x43, 0x32, 0x36, 0x2e, 0x37, 0x31, 0x30, 0x31, 0x20, 0x33, 0x2e, 0x30, 0x33, 0x34, 0x32, 0x20
  .byte 0x32, 0x37, 0x2e, 0x32, 0x30, 0x30, 0x38, 0x20, 0x33, 0x2e, 0x35, 0x38, 0x32, 0x31, 0x35, 0x20
  .byte 0x32, 0x37, 0x2e, 0x35, 0x38, 0x34, 0x35, 0x20, 0x34, 0x2e, 0x33, 0x31, 0x38, 0x33, 0x34, 0x43
  .byte 0x32, 0x38, 0x2e, 0x34, 0x34, 0x36, 0x33, 0x20, 0x34, 0x2e, 0x34, 0x34, 0x39, 0x39, 0x34, 0x20
  .byte 0x32, 0x39, 0x2e, 0x32, 0x36, 0x35, 0x33, 0x20, 0x34, 0x2e, 0x38, 0x34, 0x34, 0x33, 0x38, 0x20
  .byte 0x32, 0x39, 0x2e, 0x38, 0x33, 0x35, 0x34, 0x20, 0x35, 0x2e, 0x34, 0x35, 0x33, 0x31, 0x31, 0x43
  .byte 0x33, 0x30, 0x2e, 0x34, 0x32, 0x38, 0x38, 0x20, 0x36, 0x2e, 0x30, 0x38, 0x36, 0x36, 0x34, 0x20
  .byte 0x33, 0x30, 0x2e, 0x37, 0x34, 0x39, 0x39, 0x20, 0x36, 0x2e, 0x39, 0x34, 0x37, 0x33, 0x39, 0x20
  .byte 0x33, 0x30, 0x2e, 0x35, 0x36, 0x36, 0x39, 0x20, 0x37, 0x2e, 0x39, 0x35, 0x36, 0x30, 0x34, 0x43
  .byte 0x33, 0x30, 0x2e, 0x35, 0x34, 0x35, 0x32, 0x20, 0x38, 0x2e, 0x30, 0x37, 0x35, 0x33, 0x38, 0x20
  .byte 0x33, 0x30, 0x2e, 0x34, 0x37, 0x34, 0x39, 0x20, 0x38, 0x2e, 0x31, 0x35, 0x37, 0x34, 0x39, 0x20
  .byte 0x33, 0x30, 0x2e, 0x34, 0x30, 0x35, 0x37, 0x20, 0x38, 0x2e, 0x32, 0x31, 0x31, 0x39, 0x43, 0x33
  .byte 0x30, 0x2e, 0x33, 0x34, 0x30, 0x36, 0x20, 0x38, 0x2e, 0x32, 0x36, 0x33, 0x30, 0x39, 0x20, 0x33
  .byte 0x30, 0x2e, 0x32, 0x36, 0x34, 0x39, 0x20, 0x38, 0x2e, 0x32, 0x39, 0x38, 0x37, 0x36, 0x20, 0x33
  .byte 0x30, 0x2e, 0x32, 0x31, 0x36, 0x33, 0x20, 0x38, 0x2e, 0x33, 0x32, 0x32, 0x32, 0x35, 0x4c, 0x33
  .byte 0x30, 0x2e, 0x31, 0x37, 0x34, 0x33, 0x20, 0x38, 0x2e, 0x33, 0x34, 0x32, 0x37, 0x36, 0x4c, 0x33
  .byte 0x30, 0x2e, 0x31, 0x32, 0x38, 0x34, 0x20, 0x38, 0x2e, 0x33, 0x33, 0x38, 0x38, 0x35, 0x43, 0x32
  .byte 0x39, 0x2e, 0x39, 0x37, 0x36, 0x36, 0x20, 0x38, 0x2e, 0x33, 0x32, 0x38, 0x30, 0x36, 0x20, 0x32
  .byte 0x39, 0x2e, 0x38, 0x34, 0x37, 0x38, 0x20, 0x38, 0x2e, 0x32, 0x39, 0x32, 0x31, 0x20, 0x32, 0x39
  .byte 0x2e, 0x37, 0x34, 0x33, 0x36, 0x20, 0x38, 0x2e, 0x32, 0x32, 0x35, 0x35, 0x37, 0x43, 0x32, 0x39
  .byte 0x2e, 0x36, 0x33, 0x37, 0x37, 0x20, 0x38, 0x2e, 0x31, 0x35, 0x37, 0x38, 0x36, 0x20, 0x32, 0x39
  .byte 0x2e, 0x35, 0x36, 0x39, 0x32, 0x20, 0x38, 0x2e, 0x30, 0x36, 0x36, 0x31, 0x37, 0x20, 0x32, 0x39
  .byte 0x2e, 0x35, 0x32, 0x34, 0x39, 0x20, 0x37, 0x2e, 0x39, 0x36, 0x35, 0x38, 0x43, 0x32, 0x39, 0x2e
  .byte 0x34, 0x38, 0x32, 0x20, 0x37, 0x2e, 0x38, 0x36, 0x38, 0x34, 0x36, 0x20, 0x32, 0x39, 0x2e, 0x34
  .byte 0x36, 0x31, 0x39, 0x20, 0x37, 0x2e, 0x37, 0x36, 0x32, 0x38, 0x32, 0x20, 0x32, 0x39, 0x2e, 0x34
  .byte 0x35, 0x30, 0x37, 0x20, 0x37, 0x2e, 0x36, 0x36, 0x34, 0x30, 0x34, 0x43, 0x32, 0x39, 0x2e, 0x34
  .byte 0x34, 0x30, 0x31, 0x20, 0x37, 0x2e, 0x35, 0x37, 0x31, 0x32, 0x31, 0x20, 0x32, 0x39, 0x2e, 0x34
  .byte 0x33, 0x34, 0x38, 0x20, 0x37, 0x2e, 0x34, 0x36, 0x39, 0x30, 0x36, 0x20, 0x32, 0x39, 0x2e, 0x34
  .byte 0x32, 0x39, 0x32, 0x20, 0x37, 0x2e, 0x33, 0x37, 0x38, 0x38, 0x39, 0x43, 0x32, 0x39, 0x2e, 0x32
  .byte 0x37, 0x38, 0x32, 0x20, 0x36, 0x2e, 0x36, 0x31, 0x35, 0x34, 0x36, 0x20, 0x32, 0x38, 0x2e, 0x39
  .byte 0x38, 0x30, 0x32, 0x20, 0x36, 0x2e, 0x31, 0x38, 0x38, 0x37, 0x20, 0x32, 0x38, 0x2e, 0x35, 0x36
  .byte 0x37, 0x39, 0x20, 0x35, 0x2e, 0x39, 0x32, 0x31, 0x38, 0x36, 0x43, 0x32, 0x38, 0x2e, 0x31, 0x34
  .byte 0x31, 0x33, 0x20, 0x35, 0x2e, 0x36, 0x34, 0x35, 0x38, 0x37, 0x20, 0x32, 0x37, 0x2e, 0x35, 0x37
  .byte 0x33, 0x31, 0x20, 0x35, 0x2e, 0x35, 0x32, 0x35, 0x33, 0x37, 0x20, 0x32, 0x36, 0x2e, 0x38, 0x34
  .byte 0x39, 0x31, 0x20, 0x35, 0x2e, 0x34, 0x32, 0x33, 0x38, 0x31, 0x4c, 0x32, 0x36, 0x2e, 0x37, 0x34
  .byte 0x39, 0x35, 0x20, 0x35, 0x2e, 0x34, 0x31, 0x30, 0x31, 0x34, 0x4c, 0x32, 0x36, 0x2e, 0x37, 0x31
  .byte 0x32, 0x34, 0x20, 0x35, 0x2e, 0x33, 0x31, 0x37, 0x33, 0x36, 0x43, 0x32, 0x36, 0x2e, 0x34, 0x33
  .byte 0x37, 0x20, 0x34, 0x2e, 0x36, 0x33, 0x39, 0x35, 0x39, 0x20, 0x32, 0x36, 0x2e, 0x30, 0x34, 0x36
  .byte 0x39, 0x20, 0x34, 0x2e, 0x30, 0x37, 0x36, 0x37, 0x35, 0x20, 0x32, 0x35, 0x2e, 0x35, 0x34, 0x38
  .byte 0x33, 0x20, 0x33, 0x2e, 0x37, 0x34, 0x31, 0x31, 0x39, 0x43, 0x32, 0x35, 0x2e, 0x30, 0x35, 0x36
  .byte 0x38, 0x20, 0x33, 0x2e, 0x34, 0x31, 0x30, 0x35, 0x32, 0x20, 0x32, 0x34, 0x2e, 0x34, 0x34, 0x34
  .byte 0x33, 0x20, 0x33, 0x2e, 0x32, 0x39, 0x30, 0x31, 0x36, 0x20, 0x32, 0x33, 0x2e, 0x36, 0x38, 0x38
  .byte 0x39, 0x20, 0x33, 0x2e, 0x35, 0x31, 0x39, 0x35, 0x31, 0x43, 0x32, 0x33, 0x2e, 0x34, 0x38, 0x34
  .byte 0x35, 0x20, 0x33, 0x2e, 0x35, 0x38, 0x31, 0x35, 0x38, 0x20, 0x32, 0x33, 0x2e, 0x31, 0x31, 0x39
  .byte 0x33, 0x20, 0x33, 0x2e, 0x36, 0x36, 0x39, 0x30, 0x36, 0x20, 0x32, 0x32, 0x2e, 0x38, 0x32, 0x39
  .byte 0x36, 0x20, 0x33, 0x2e, 0x36, 0x33, 0x30, 0x38, 0x34, 0x43, 0x32, 0x32, 0x2e, 0x36, 0x38, 0x34
  .byte 0x34, 0x20, 0x33, 0x2e, 0x36, 0x31, 0x31, 0x36, 0x37, 0x20, 0x32, 0x32, 0x2e, 0x35, 0x31, 0x38
  .byte 0x20, 0x33, 0x2e, 0x35, 0x35, 0x35, 0x37, 0x34, 0x20, 0x32, 0x32, 0x2e, 0x34, 0x32, 0x31, 0x34
  .byte 0x20, 0x33, 0x2e, 0x34, 0x30, 0x35, 0x32, 0x36, 0x43, 0x32, 0x32, 0x2e, 0x33, 0x32, 0x33, 0x34
  .byte 0x20, 0x33, 0x2e, 0x32, 0x35, 0x32, 0x34, 0x32, 0x20, 0x32, 0x32, 0x2e, 0x33, 0x33, 0x31, 0x39
  .byte 0x20, 0x33, 0x2e, 0x30, 0x35, 0x37, 0x32, 0x32, 0x20, 0x32, 0x32, 0x2e, 0x34, 0x30, 0x36, 0x37
  .byte 0x20, 0x32, 0x2e, 0x38, 0x34, 0x35, 0x36, 0x39, 0x4c, 0x32, 0x32, 0x2e, 0x34, 0x31, 0x39, 0x34
  .byte 0x20, 0x32, 0x2e, 0x38, 0x31, 0x30, 0x35, 0x33, 0x4c, 0x32, 0x32, 0x2e, 0x34, 0x34, 0x35, 0x38
  .byte 0x20, 0x32, 0x2e, 0x37, 0x38, 0x34, 0x31, 0x36, 0x43, 0x32, 0x32, 0x2e, 0x36, 0x33, 0x30, 0x34
  .byte 0x20, 0x32, 0x2e, 0x35, 0x39, 0x31, 0x34, 0x33, 0x20, 0x32, 0x32, 0x2e, 0x38, 0x36, 0x34, 0x20
  .byte 0x32, 0x2e, 0x34, 0x38, 0x31, 0x31, 0x34, 0x20, 0x32, 0x33, 0x2e, 0x30, 0x39, 0x37, 0x32, 0x20
  .byte 0x32, 0x2e, 0x34, 0x30, 0x34, 0x32, 0x38, 0x43, 0x32, 0x33, 0x2e, 0x33, 0x32, 0x34, 0x20, 0x32
  .byte 0x2e, 0x33, 0x32, 0x39, 0x35, 0x20, 0x32, 0x33, 0x2e, 0x35, 0x38, 0x31, 0x20, 0x32, 0x2e, 0x32
  .byte 0x37, 0x37, 0x32, 0x35, 0x20, 0x32, 0x33, 0x2e, 0x37, 0x39, 0x31, 0x35, 0x20, 0x32, 0x2e, 0x32
  .byte 0x32, 0x32, 0x36, 0x34, 0x4c, 0x32, 0x33, 0x2e, 0x38, 0x30, 0x38, 0x31, 0x20, 0x32, 0x2e, 0x32
  .byte 0x31, 0x38, 0x37, 0x33, 0x4c, 0x32, 0x33, 0x2e, 0x38, 0x32, 0x34, 0x37, 0x20, 0x32, 0x2e, 0x32
  .byte 0x31, 0x37, 0x37, 0x36, 0x5a, 0x22, 0x2c, 0x0a, 0x20, 0x20, 0x70, 0x66, 0x35, 0x32, 0x65, 0x32
  .byte 0x38, 0x30, 0x3a, 0x0a, 0x20, 0x20, 0x20, 0x20, 0x22, 0x4d, 0x31, 0x34, 0x2e, 0x36, 0x31, 0x37
  .byte 0x38, 0x20, 0x31, 0x2e, 0x34, 0x35, 0x31, 0x36, 0x36, 0x43, 0x31, 0x34, 0x2e, 0x37, 0x39, 0x34
  .byte 0x35, 0x20, 0x31, 0x2e, 0x34, 0x32, 0x34, 0x30, 0x32, 0x20, 0x31, 0x35, 0x2e, 0x30, 0x37, 0x31
  .byte 0x34, 0x20, 0x31, 0x2e, 0x34, 0x32, 0x32, 0x31, 0x35, 0x20, 0x31, 0x35, 0x2e, 0x33, 0x37, 0x32
  .byte 0x37, 0x20, 0x31, 0x2e, 0x34, 0x34, 0x38, 0x37, 0x33, 0x43, 0x31, 0x35, 0x2e, 0x36, 0x37, 0x38
  .byte 0x34, 0x20, 0x31, 0x2e, 0x34, 0x37, 0x35, 0x36, 0x39, 0x20, 0x31, 0x36, 0x2e, 0x30, 0x32, 0x32
  .byte 0x36, 0x20, 0x31, 0x2e, 0x35, 0x33, 0x32, 0x32, 0x32, 0x20, 0x31, 0x36, 0x2e, 0x33, 0x33, 0x32
  .byte 0x37, 0x20, 0x31, 0x2e, 0x36, 0x32, 0x35, 0x34, 0x39, 0x43, 0x31, 0x36, 0x2e, 0x36, 0x33, 0x36
  .byte 0x39, 0x20, 0x31, 0x2e, 0x37, 0x31, 0x37, 0x30, 0x32, 0x20, 0x31, 0x36, 0x2e, 0x39, 0x33, 0x33
  .byte 0x33, 0x20, 0x31, 0x2e, 0x38, 0x35, 0x31, 0x32, 0x38, 0x20, 0x31, 0x37, 0x2e, 0x31, 0x31, 0x37
  .byte 0x38, 0x20, 0x32, 0x2e, 0x30, 0x34, 0x39, 0x33, 0x32, 0x43, 0x31, 0x37, 0x2e, 0x32, 0x31, 0x33
  .byte 0x20, 0x32, 0x2e, 0x31, 0x35, 0x31, 0x34, 0x36, 0x20, 0x31, 0x37, 0x2e, 0x32, 0x38, 0x33, 0x31
  .byte 0x20, 0x32, 0x2e, 0x32, 0x37, 0x35, 0x36, 0x34, 0x20, 0x31, 0x37, 0x2e, 0x33, 0x30, 0x32, 0x34
  .byte 0x20, 0x32, 0x2e, 0x34, 0x32, 0x31, 0x33, 0x39, 0x43, 0x31, 0x37, 0x2e, 0x33, 0x32, 0x31, 0x37
  .byte 0x20, 0x32, 0x2e, 0x35, 0x36, 0x37, 0x31, 0x39, 0x20, 0x31, 0x37, 0x2e, 0x32, 0x38, 0x37, 0x36
  .byte 0x20, 0x32, 0x2e, 0x37, 0x31, 0x36, 0x39, 0x31, 0x20, 0x31, 0x37, 0x2e, 0x32, 0x30, 0x37, 0x37
  .byte 0x20, 0x32, 0x2e, 0x38, 0x36, 0x36, 0x37, 0x4c, 0x31, 0x37, 0x2e, 0x31, 0x38, 0x36, 0x32, 0x20
  .byte 0x32, 0x2e, 0x39, 0x30, 0x37, 0x37, 0x31, 0x4c, 0x31, 0x37, 0x2e, 0x31, 0x34, 0x36, 0x31, 0x20
  .byte 0x32, 0x2e, 0x39, 0x33, 0x33, 0x31, 0x43, 0x31, 0x37, 0x2e, 0x30, 0x31, 0x35, 0x20, 0x33, 0x2e
  .byte 0x30, 0x31, 0x34, 0x33, 0x31, 0x20, 0x31, 0x36, 0x2e, 0x38, 0x36, 0x30, 0x36, 0x20, 0x33, 0x2e
  .byte 0x30, 0x31, 0x33, 0x35, 0x37, 0x20, 0x31, 0x36, 0x2e, 0x37, 0x32, 0x32, 0x33, 0x20, 0x32, 0x2e
  .byte 0x39, 0x39, 0x32, 0x36, 0x38, 0x43, 0x31, 0x36, 0x2e, 0x35, 0x38, 0x31, 0x35, 0x20, 0x32, 0x2e
  .byte 0x39, 0x37, 0x31, 0x33, 0x39, 0x20, 0x31, 0x36, 0x2e, 0x34, 0x32, 0x32, 0x34, 0x20, 0x32, 0x2e
  .byte 0x39, 0x32, 0x33, 0x33, 0x20, 0x31, 0x36, 0x2e, 0x32, 0x36, 0x30, 0x34, 0x20, 0x32, 0x2e, 0x38
  .byte 0x37, 0x30, 0x36, 0x43, 0x31, 0x35, 0x2e, 0x39, 0x32, 0x37, 0x33, 0x20, 0x32, 0x2e, 0x37, 0x36
  .byte 0x32, 0x32, 0x36, 0x20, 0x31, 0x35, 0x2e, 0x35, 0x35, 0x32, 0x31, 0x20, 0x32, 0x2e, 0x36, 0x32
  .byte 0x37, 0x38, 0x33, 0x20, 0x31, 0x35, 0x2e, 0x31, 0x34, 0x31, 0x33, 0x20, 0x32, 0x2e, 0x35, 0x38
  .byte 0x36, 0x34, 0x33, 0x43, 0x31, 0x34, 0x2e, 0x37, 0x33, 0x36, 0x34, 0x20, 0x32, 0x2e, 0x35, 0x34
  .byte 0x35, 0x36, 0x36, 0x20, 0x31, 0x34, 0x2e, 0x33, 0x30, 0x33, 0x32, 0x20, 0x32, 0x2e, 0x35, 0x39
  .byte 0x36, 0x31, 0x32, 0x20, 0x31, 0x33, 0x2e, 0x38, 0x36, 0x32, 0x39, 0x20, 0x32, 0x2e, 0x38, 0x35
  .byte 0x37, 0x39, 0x31, 0x43, 0x31, 0x33, 0x2e, 0x34, 0x31, 0x39, 0x39, 0x20, 0x33, 0x2e, 0x31, 0x32
  .byte 0x31, 0x34, 0x35, 0x20, 0x31, 0x32, 0x2e, 0x39, 0x35, 0x34, 0x20, 0x33, 0x2e, 0x36, 0x30, 0x38
  .byte 0x39, 0x33, 0x20, 0x31, 0x32, 0x2e, 0x35, 0x30, 0x32, 0x36, 0x20, 0x34, 0x2e, 0x34, 0x36, 0x39
  .byte 0x32, 0x34, 0x4c, 0x31, 0x32, 0x2e, 0x34, 0x35, 0x34, 0x37, 0x20, 0x34, 0x2e, 0x35, 0x35, 0x39
  .byte 0x30, 0x38, 0x4c, 0x31, 0x32, 0x2e, 0x33, 0x35, 0x34, 0x32, 0x20, 0x34, 0x2e, 0x35, 0x36, 0x32
  .byte 0x30, 0x31, 0x43, 0x31, 0x31, 0x2e, 0x36, 0x39, 0x33, 0x38, 0x20, 0x34, 0x2e, 0x35, 0x38, 0x31
  .byte 0x33, 0x39, 0x20, 0x31, 0x31, 0x2e, 0x32, 0x32, 0x31, 0x34, 0x20, 0x34, 0x2e, 0x36, 0x31, 0x32
  .byte 0x32, 0x34, 0x20, 0x31, 0x30, 0x2e, 0x38, 0x32, 0x30, 0x39, 0x20, 0x34, 0x2e, 0x37, 0x36, 0x38
  .byte 0x30, 0x37, 0x43, 0x31, 0x30, 0x2e, 0x34, 0x33, 0x33, 0x37, 0x20, 0x34, 0x2e, 0x39, 0x31, 0x38
  .byte 0x38, 0x35, 0x20, 0x31, 0x30, 0x2e, 0x30, 0x39, 0x37, 0x31, 0x20, 0x35, 0x2e, 0x31, 0x39, 0x33
  .byte 0x34, 0x34, 0x20, 0x39, 0x2e, 0x37, 0x33, 0x34, 0x30, 0x33, 0x20, 0x35, 0x2e, 0x37, 0x33, 0x36
  .byte 0x38, 0x32, 0x43, 0x39, 0x2e, 0x35, 0x39, 0x34, 0x36, 0x39, 0x20, 0x36, 0x2e, 0x30, 0x32, 0x36
  .byte 0x35, 0x37, 0x20, 0x39, 0x2e, 0x35, 0x35, 0x39, 0x34, 0x38, 0x20, 0x36, 0x2e, 0x33, 0x35, 0x31
  .byte 0x32, 0x37, 0x20, 0x39, 0x2e, 0x35, 0x30, 0x34, 0x35, 0x34, 0x20, 0x36, 0x2e, 0x37, 0x30, 0x34
  .byte 0x35, 0x39, 0x43, 0x39, 0x2e, 0x34, 0x35, 0x31, 0x34, 0x34, 0x20, 0x37, 0x2e, 0x30, 0x34, 0x35
  .byte 0x39, 0x39, 0x20, 0x39, 0x2e, 0x33, 0x37, 0x38, 0x37, 0x37, 0x20, 0x37, 0x2e, 0x34, 0x31, 0x38
  .byte 0x33, 0x20, 0x39, 0x2e, 0x31, 0x32, 0x39, 0x35, 0x34, 0x20, 0x37, 0x2e, 0x37, 0x31, 0x32, 0x34
  .byte 0x43, 0x39, 0x2e, 0x30, 0x36, 0x34, 0x30, 0x37, 0x20, 0x37, 0x2e, 0x37, 0x38, 0x39, 0x36, 0x36
  .byte 0x20, 0x38, 0x2e, 0x39, 0x38, 0x31, 0x32, 0x38, 0x20, 0x37, 0x2e, 0x38, 0x32, 0x30, 0x34, 0x31
  .byte 0x20, 0x38, 0x2e, 0x39, 0x30, 0x33, 0x39, 0x36, 0x20, 0x37, 0x2e, 0x38, 0x32, 0x35, 0x36, 0x38
  .byte 0x43, 0x38, 0x2e, 0x38, 0x33, 0x37, 0x38, 0x33, 0x20, 0x37, 0x2e, 0x38, 0x33, 0x30, 0x31, 0x38
  .byte 0x20, 0x38, 0x2e, 0x37, 0x37, 0x31, 0x38, 0x34, 0x20, 0x37, 0x2e, 0x38, 0x31, 0x35, 0x33, 0x20
  .byte 0x38, 0x2e, 0x37, 0x33, 0x35, 0x30, 0x31, 0x20, 0x37, 0x2e, 0x38, 0x30, 0x38, 0x31, 0x4c, 0x38
  .byte 0x2e, 0x36, 0x39, 0x34, 0x20, 0x37, 0x2e, 0x38, 0x30, 0x30, 0x32, 0x39, 0x4c, 0x38, 0x2e, 0x36
  .byte 0x36, 0x30, 0x37, 0x39, 0x20, 0x37, 0x2e, 0x37, 0x37, 0x34, 0x39, 0x43, 0x38, 0x2e, 0x34, 0x31
  .byte 0x36, 0x33, 0x35, 0x20, 0x37, 0x2e, 0x35, 0x38, 0x32, 0x30, 0x37, 0x20, 0x38, 0x2e, 0x33, 0x30
  .byte 0x35, 0x34, 0x33, 0x20, 0x37, 0x2e, 0x33, 0x30, 0x33, 0x33, 0x33, 0x20, 0x38, 0x2e, 0x32, 0x38
  .byte 0x31, 0x38, 0x39, 0x20, 0x37, 0x2e, 0x30, 0x32, 0x35, 0x38, 0x38, 0x4c, 0x38, 0x2e, 0x32, 0x38
  .byte 0x32, 0x38, 0x36, 0x20, 0x37, 0x2e, 0x30, 0x32, 0x34, 0x39, 0x43, 0x38, 0x2e, 0x31, 0x31, 0x31
  .byte 0x34, 0x39, 0x20, 0x35, 0x2e, 0x35, 0x37, 0x36, 0x30, 0x32, 0x20, 0x39, 0x2e, 0x31, 0x35, 0x37
  .byte 0x30, 0x31, 0x20, 0x34, 0x2e, 0x30, 0x32, 0x34, 0x39, 0x35, 0x20, 0x31, 0x30, 0x2e, 0x35, 0x37
  .byte 0x31, 0x39, 0x20, 0x33, 0x2e, 0x36, 0x32, 0x34, 0x35, 0x31, 0x43, 0x31, 0x30, 0x2e, 0x38, 0x34
  .byte 0x39, 0x38, 0x20, 0x33, 0x2e, 0x35, 0x34, 0x35, 0x39, 0x32, 0x20, 0x31, 0x31, 0x2e, 0x30, 0x36
  .byte 0x35, 0x33, 0x20, 0x33, 0x2e, 0x35, 0x30, 0x32, 0x34, 0x36, 0x20, 0x31, 0x31, 0x2e, 0x32, 0x33
  .byte 0x36, 0x20, 0x33, 0x2e, 0x34, 0x36, 0x36, 0x33, 0x31, 0x43, 0x31, 0x31, 0x2e, 0x34, 0x30, 0x39
  .byte 0x35, 0x20, 0x33, 0x2e, 0x34, 0x32, 0x39, 0x35, 0x34, 0x20, 0x31, 0x31, 0x2e, 0x35, 0x32, 0x35
  .byte 0x39, 0x20, 0x33, 0x2e, 0x34, 0x30, 0x31, 0x36, 0x33, 0x20, 0x31, 0x31, 0x2e, 0x36, 0x32, 0x37
  .byte 0x36, 0x20, 0x33, 0x2e, 0x33, 0x35, 0x36, 0x39, 0x33, 0x43, 0x31, 0x31, 0x2e, 0x38, 0x31, 0x37
  .byte 0x37, 0x20, 0x33, 0x2e, 0x32, 0x37, 0x33, 0x33, 0x20, 0x31, 0x31, 0x2e, 0x39, 0x38, 0x33, 0x20
  .byte 0x33, 0x2e, 0x31, 0x31, 0x37, 0x32, 0x31, 0x20, 0x31, 0x32, 0x2e, 0x33, 0x31, 0x33, 0x31, 0x20
  .byte 0x32, 0x2e, 0x36, 0x30, 0x33, 0x30, 0x33, 0x43, 0x31, 0x32, 0x2e, 0x35, 0x33, 0x36, 0x37, 0x20
  .byte 0x32, 0x2e, 0x32, 0x35, 0x34, 0x39, 0x32, 0x20, 0x31, 0x32, 0x2e, 0x39, 0x33, 0x32, 0x35, 0x20
  .byte 0x31, 0x2e, 0x39, 0x39, 0x34, 0x36, 0x32, 0x20, 0x31, 0x33, 0x2e, 0x33, 0x34, 0x38, 0x33, 0x20
  .byte 0x31, 0x2e, 0x38, 0x31, 0x30, 0x30, 0x36, 0x43, 0x31, 0x33, 0x2e, 0x37, 0x36, 0x37, 0x38, 0x20
  .byte 0x31, 0x2e, 0x36, 0x32, 0x33, 0x38, 0x39, 0x20, 0x31, 0x34, 0x2e, 0x32, 0x33, 0x30, 0x37, 0x20
  .byte 0x31, 0x2e, 0x35, 0x30, 0x34, 0x33, 0x37, 0x20, 0x31, 0x34, 0x2e, 0x36, 0x31, 0x37, 0x38, 0x20
  .byte 0x31, 0x2e, 0x34, 0x35, 0x30, 0x36, 0x38, 0x56, 0x31, 0x2e, 0x34, 0x35, 0x31, 0x36, 0x36, 0x5a
  .byte 0x22, 0x2c, 0x0a, 0x7d, 0x3b, 0x0a

  .globl openui_full_port_docs_imports_svg_10waxq0xyc_ts_eec4513e5328_len
openui_full_port_docs_imports_svg_10waxq0xyc_ts_eec4513e5328_len:
  .quad 12294

# assembly pass: 2/4
  .globl openui_full_port_docs_imports_svg_10waxq0xyc_ts_eec4513e5328_pass_2
openui_full_port_docs_imports_svg_10waxq0xyc_ts_eec4513e5328_pass_2:
  .byte 0x65, 0x78, 0x70, 0x6f, 0x72, 0x74, 0x20, 0x64, 0x65, 0x66, 0x61, 0x75, 0x6c, 0x74, 0x20, 0x7b
  .byte 0x0a, 0x20, 0x20, 0x70, 0x31, 0x31, 0x31, 0x30, 0x33, 0x36, 0x30, 0x30, 0x3a, 0x0a, 0x20, 0x20
  .byte 0x20, 0x20, 0x22, 0x4d, 0x32, 0x33, 0x2e, 0x32, 0x33, 0x38, 0x39, 0x20, 0x30, 0x2e, 0x37, 0x35
  .byte 0x37, 0x35, 0x38, 0x35, 0x43, 0x32, 0x33, 0x2e, 0x33, 0x37, 0x33, 0x39, 0x20, 0x30, 0x2e, 0x37
  .byte 0x36, 0x39, 0x33, 0x33, 0x37, 0x20, 0x32, 0x33, 0x2e, 0x35, 0x32, 0x30, 0x39, 0x20, 0x30, 0x2e
  .byte 0x37, 0x39, 0x38, 0x39, 0x32, 0x39, 0x20, 0x32, 0x33, 0x2e, 0x36, 0x34, 0x31, 0x32, 0x20, 0x30
  .byte 0x2e, 0x38, 0x37, 0x32, 0x38, 0x32, 0x43, 0x32, 0x33, 0x2e, 0x37, 0x35, 0x34, 0x38, 0x20, 0x30
  .byte 0x2e, 0x39, 0x34, 0x32, 0x36, 0x31, 0x35, 0x20, 0x32, 0x33, 0x2e, 0x38, 0x34, 0x20, 0x31, 0x2e
  .byte 0x30, 0x34, 0x38, 0x39, 0x35, 0x20, 0x32, 0x33, 0x2e, 0x38, 0x36, 0x38, 0x37, 0x20, 0x31, 0x2e
  .byte 0x31, 0x39, 0x34, 0x31, 0x31, 0x4c, 0x32, 0x33, 0x2e, 0x38, 0x37, 0x37, 0x35, 0x20, 0x31, 0x2e
  .byte 0x32, 0x35, 0x39, 0x35, 0x34, 0x56, 0x31, 0x2e, 0x32, 0x36, 0x30, 0x35, 0x31, 0x43, 0x32, 0x33
  .byte 0x2e, 0x38, 0x38, 0x36, 0x34, 0x20, 0x31, 0x2e, 0x33, 0x38, 0x37, 0x38, 0x34, 0x20, 0x32, 0x33
  .byte 0x2e, 0x38, 0x39, 0x36, 0x31, 0x20, 0x31, 0x2e, 0x35, 0x34, 0x33, 0x39, 0x33, 0x20, 0x32, 0x33
  .byte 0x2e, 0x38, 0x33, 0x30, 0x37, 0x20, 0x31, 0x2e, 0x36, 0x37, 0x31, 0x36, 0x35, 0x43, 0x32, 0x33
  .byte 0x2e, 0x37, 0x35, 0x33, 0x37, 0x20, 0x31, 0x2e, 0x38, 0x32, 0x31, 0x31, 0x38, 0x20, 0x32, 0x33
  .byte 0x2e, 0x36, 0x30, 0x34, 0x31, 0x20, 0x31, 0x2e, 0x38, 0x38, 0x37, 0x32, 0x35, 0x20, 0x32, 0x33
  .byte 0x2e, 0x34, 0x32, 0x37, 0x33, 0x20, 0x31, 0x2e, 0x39, 0x31, 0x37, 0x37, 0x34, 0x43, 0x32, 0x33
  .byte 0x2e, 0x31, 0x36, 0x33, 0x36, 0x20, 0x31, 0x2e, 0x39, 0x36, 0x33, 0x32, 0x31, 0x20, 0x32, 0x32
  .byte 0x2e, 0x39, 0x35, 0x31, 0x37, 0x20, 0x31, 0x2e, 0x39, 0x38, 0x38, 0x30, 0x33, 0x20, 0x32, 0x32
  .byte 0x2e, 0x37, 0x38, 0x30, 0x39, 0x20, 0x32, 0x2e, 0x30, 0x31, 0x31, 0x34, 0x39, 0x43, 0x32, 0x32
  .byte 0x2e, 0x36, 0x30, 0x37, 0x31, 0x20, 0x32, 0x2e, 0x30, 0x33, 0x35, 0x33, 0x35, 0x20, 0x32, 0x32
  .byte 0x2e, 0x34, 0x37, 0x38, 0x33, 0x20, 0x32, 0x2e, 0x30, 0x35, 0x37, 0x31, 0x33, 0x20, 0x32, 0x32
  .byte 0x2e, 0x33, 0x36, 0x32, 0x39, 0x20, 0x32, 0x2e, 0x30, 0x39, 0x35, 0x34, 0x38, 0x43, 0x32, 0x32
  .byte 0x2e, 0x31, 0x34, 0x34, 0x34, 0x20, 0x32, 0x2e, 0x31, 0x36, 0x38, 0x30, 0x37, 0x20, 0x32, 0x31
  .byte 0x2e, 0x39, 0x34, 0x37, 0x38, 0x20, 0x32, 0x2e, 0x33, 0x30, 0x37, 0x31, 0x34, 0x20, 0x32, 0x31
  .byte 0x2e, 0x36, 0x30, 0x34, 0x31, 0x20, 0x32, 0x2e, 0x37, 0x30, 0x37, 0x37, 0x38, 0x43, 0x32, 0x31
  .byte 0x2e, 0x35, 0x35, 0x38, 0x39, 0x20, 0x32, 0x2e, 0x37, 0x37, 0x31, 0x36, 0x32, 0x20, 0x32, 0x31
  .byte 0x2e, 0x35, 0x31, 0x37, 0x37, 0x20, 0x32, 0x2e, 0x38, 0x33, 0x32, 0x31, 0x33, 0x20, 0x32, 0x31
  .byte 0x2e, 0x34, 0x38, 0x31, 0x20, 0x32, 0x2e, 0x38, 0x37, 0x39, 0x36, 0x36, 0x43, 0x32, 0x31, 0x2e
  .byte 0x34, 0x34, 0x31, 0x32, 0x20, 0x32, 0x2e, 0x39, 0x33, 0x31, 0x32, 0x36, 0x20, 0x32, 0x31, 0x2e
  .byte 0x33, 0x39, 0x37, 0x20, 0x32, 0x2e, 0x39, 0x38, 0x31, 0x33, 0x39, 0x20, 0x32, 0x31, 0x2e, 0x33
  .byte 0x34, 0x30, 0x34, 0x20, 0x33, 0x2e, 0x30, 0x32, 0x32, 0x32, 0x33, 0x43, 0x32, 0x31, 0x2e, 0x32
  .byte 0x32, 0x33, 0x31, 0x20, 0x33, 0x2e, 0x31, 0x30, 0x36, 0x37, 0x35, 0x20, 0x32, 0x31, 0x2e, 0x30
  .byte 0x38, 0x34, 0x36, 0x20, 0x33, 0x2e, 0x31, 0x32, 0x38, 0x37, 0x39, 0x20, 0x32, 0x30, 0x2e, 0x39
  .byte 0x30, 0x32, 0x39, 0x20, 0x33, 0x2e, 0x31, 0x34, 0x31, 0x33, 0x37, 0x4c, 0x32, 0x30, 0x2e, 0x38
  .byte 0x35, 0x35, 0x31, 0x20, 0x33, 0x2e, 0x31, 0x34, 0x34, 0x33, 0x4c, 0x32, 0x30, 0x2e, 0x38, 0x31
  .byte 0x31, 0x31, 0x20, 0x33, 0x2e, 0x31, 0x32, 0x32, 0x38, 0x32, 0x43, 0x32, 0x30, 0x2e, 0x35, 0x38
  .byte 0x36, 0x31, 0x20, 0x33, 0x2e, 0x30, 0x30, 0x36, 0x38, 0x20, 0x32, 0x30, 0x2e, 0x34, 0x37, 0x35
  .byte 0x32, 0x20, 0x32, 0x2e, 0x38, 0x32, 0x31, 0x37, 0x20, 0x32, 0x30, 0x2e, 0x34, 0x36, 0x30, 0x35
  .byte 0x20, 0x32, 0x2e, 0x36, 0x31, 0x34, 0x30, 0x33, 0x43, 0x32, 0x30, 0x2e, 0x34, 0x34, 0x36, 0x39
  .byte 0x20, 0x32, 0x2e, 0x34, 0x32, 0x30, 0x32, 0x37, 0x20, 0x32, 0x30, 0x2e, 0x35, 0x31, 0x37, 0x39
  .byte 0x20, 0x32, 0x2e, 0x32, 0x32, 0x34, 0x34, 0x31, 0x20, 0x32, 0x30, 0x2e, 0x36, 0x31, 0x30, 0x39
  .byte 0x20, 0x32, 0x2e, 0x30, 0x36, 0x32, 0x32, 0x37, 0x43, 0x32, 0x31, 0x2e, 0x30, 0x32, 0x31, 0x36
  .byte 0x20, 0x31, 0x2e, 0x33, 0x34, 0x36, 0x35, 0x38, 0x20, 0x32, 0x31, 0x2e, 0x37, 0x36, 0x37, 0x38
  .byte 0x20, 0x31, 0x2e, 0x30, 0x30, 0x39, 0x39, 0x34, 0x20, 0x32, 0x32, 0x2e, 0x34, 0x37, 0x34, 0x32
  .byte 0x20, 0x30, 0x2e, 0x37, 0x39, 0x31, 0x37, 0x36, 0x35, 0x4c, 0x32, 0x32, 0x2e, 0x34, 0x39, 0x34
  .byte 0x37, 0x20, 0x30, 0x2e, 0x37, 0x38, 0x34, 0x39, 0x32, 0x39, 0x4c, 0x32, 0x32, 0x2e, 0x35, 0x31
  .byte 0x36, 0x32, 0x20, 0x30, 0x2e, 0x37, 0x38, 0x33, 0x39, 0x35, 0x32, 0x43, 0x32, 0x32, 0x2e, 0x36
  .byte 0x35, 0x36, 0x34, 0x20, 0x30, 0x2e, 0x37, 0x37, 0x36, 0x33, 0x33, 0x20, 0x32, 0x32, 0x2e, 0x39
  .byte 0x37, 0x33, 0x37, 0x20, 0x30, 0x2e, 0x37, 0x33, 0x34, 0x35, 0x37, 0x32, 0x20, 0x32, 0x33, 0x2e
  .byte 0x32, 0x33, 0x38, 0x39, 0x20, 0x30, 0x2e, 0x37, 0x35, 0x37, 0x35, 0x38, 0x35, 0x5a, 0x22, 0x2c
  .byte 0x0a, 0x20, 0x20, 0x70, 0x31, 0x63, 0x61, 0x63, 0x65, 0x30, 0x30, 0x30, 0x3a, 0x0a, 0x20, 0x20
  .byte 0x20, 0x20, 0x22, 0x4d, 0x32, 0x32, 0x2e, 0x35, 0x36, 0x36, 0x36, 0x20, 0x31, 0x33, 0x2e, 0x39
  .byte 0x36, 0x30, 0x32, 0x43, 0x32, 0x32, 0x2e, 0x39, 0x30, 0x37, 0x34, 0x20, 0x31, 0x33, 0x2e, 0x38
  .byte 0x34, 0x31, 0x34, 0x20, 0x32, 0x33, 0x2e, 0x32, 0x37, 0x39, 0x31, 0x20, 0x31, 0x33, 0x2e, 0x38
  .byte 0x34, 0x30, 0x31, 0x20, 0x32, 0x33, 0x2e, 0x36, 0x32, 0x30, 0x34, 0x20, 0x31, 0x33, 0x2e, 0x39
  .byte 0x35, 0x37, 0x32, 0x43, 0x32, 0x34, 0x2e, 0x32, 0x35, 0x33, 0x39, 0x20, 0x31, 0x34, 0x2e, 0x31
  .byte 0x37, 0x34, 0x37, 0x20, 0x32, 0x34, 0x2e, 0x36, 0x38, 0x31, 0x37, 0x20, 0x31, 0x34, 0x2e, 0x37
  .byte 0x36, 0x31, 0x32, 0x20, 0x32, 0x34, 0x2e, 0x36, 0x38, 0x39, 0x37, 0x20, 0x31, 0x35, 0x2e, 0x34
  .byte 0x32, 0x33, 0x31, 0x43, 0x32, 0x34, 0x2e, 0x36, 0x39, 0x37, 0x37, 0x20, 0x31, 0x36, 0x2e, 0x30
  .byte 0x38, 0x35, 0x31, 0x20, 0x32, 0x34, 0x2e, 0x32, 0x38, 0x33, 0x38, 0x20, 0x31, 0x36, 0x2e, 0x36
  .byte 0x38, 0x31, 0x20, 0x32, 0x33, 0x2e, 0x36, 0x35, 0x35, 0x35, 0x20, 0x31, 0x36, 0x2e, 0x39, 0x31
  .byte 0x33, 0x33, 0x43, 0x32, 0x32, 0x2e, 0x38, 0x32, 0x36, 0x35, 0x20, 0x31, 0x37, 0x2e, 0x32, 0x31
  .byte 0x39, 0x38, 0x20, 0x32, 0x31, 0x2e, 0x39, 0x30, 0x33, 0x38, 0x20, 0x31, 0x36, 0x2e, 0x38, 0x30
  .byte 0x30, 0x35, 0x20, 0x32, 0x31, 0x2e, 0x36, 0x30, 0x30, 0x38, 0x20, 0x31, 0x35, 0x2e, 0x39, 0x37
  .byte 0x39, 0x37, 0x43, 0x32, 0x31, 0x2e, 0x32, 0x39, 0x38, 0x20, 0x31, 0x35, 0x2e, 0x31, 0x35, 0x38
  .byte 0x36, 0x20, 0x32, 0x31, 0x2e, 0x37, 0x33, 0x31, 0x38, 0x20, 0x31, 0x34, 0x2e, 0x32, 0x35, 0x31
  .byte 0x31, 0x20, 0x32, 0x32, 0x2e, 0x35, 0x36, 0x36, 0x36, 0x20, 0x31, 0x33, 0x2e, 0x39, 0x36, 0x30
  .byte 0x32, 0x5a, 0x22, 0x2c, 0x0a, 0x20, 0x20, 0x70, 0x31, 0x64, 0x33, 0x64, 0x63, 0x61, 0x30, 0x30
  .byte 0x3a, 0x0a, 0x20, 0x20, 0x20, 0x20, 0x22, 0x4d, 0x31, 0x36, 0x2e, 0x35, 0x37, 0x38, 0x38, 0x20
  .byte 0x30, 0x2e, 0x31, 0x37, 0x34, 0x30, 0x32, 0x32, 0x43, 0x31, 0x36, 0x2e, 0x38, 0x38, 0x33, 0x37
  .byte 0x20, 0x30, 0x2e, 0x31, 0x36, 0x38, 0x35, 0x32, 0x39, 0x20, 0x31, 0x37, 0x2e, 0x32, 0x36, 0x33
  .byte 0x37, 0x20, 0x30, 0x2e, 0x32, 0x36, 0x35, 0x38, 0x37, 0x20, 0x31, 0x37, 0x2e, 0x36, 0x33, 0x37
  .byte 0x34, 0x20, 0x30, 0x2e, 0x34, 0x32, 0x32, 0x30, 0x36, 0x39, 0x43, 0x31, 0x38, 0x2e, 0x30, 0x31
  .byte 0x34, 0x32, 0x20, 0x30, 0x2e, 0x35, 0x37, 0x39, 0x35, 0x39, 0x37, 0x20, 0x31, 0x38, 0x2e, 0x34
  .byte 0x30, 0x31, 0x37, 0x20, 0x30, 0x2e, 0x38, 0x30, 0x33, 0x34, 0x36, 0x35, 0x20, 0x31, 0x38, 0x2e
  .byte 0x37, 0x32, 0x32, 0x34, 0x20, 0x31, 0x2e, 0x30, 0x36, 0x34, 0x36, 0x35, 0x43, 0x31, 0x39, 0x2e
  .byte 0x30, 0x33, 0x39, 0x38, 0x20, 0x31, 0x2e, 0x33, 0x32, 0x33, 0x32, 0x38, 0x20, 0x31, 0x39, 0x2e
  .byte 0x33, 0x30, 0x38, 0x35, 0x20, 0x31, 0x2e, 0x36, 0x33, 0x31, 0x35, 0x31, 0x20, 0x31, 0x39, 0x2e
  .byte 0x34, 0x32, 0x34, 0x35, 0x20, 0x31, 0x2e, 0x39, 0x36, 0x33, 0x30, 0x38, 0x43, 0x31, 0x39, 0x2e
  .byte 0x34, 0x38, 0x33, 0x34, 0x20, 0x32, 0x2e, 0x31, 0x33, 0x31, 0x35, 0x33, 0x20, 0x31, 0x39, 0x2e
  .byte 0x35, 0x30, 0x33, 0x36, 0x20, 0x32, 0x2e, 0x33, 0x30, 0x39, 0x31, 0x34, 0x20, 0x31, 0x39, 0x2e
  .byte 0x34, 0x36, 0x37, 0x35, 0x20, 0x32, 0x2e, 0x34, 0x38, 0x37, 0x35, 0x43, 0x31, 0x39, 0x2e, 0x34
  .byte 0x33, 0x31, 0x34, 0x20, 0x32, 0x2e, 0x36, 0x36, 0x36, 0x31, 0x37, 0x20, 0x31, 0x39, 0x2e, 0x33
  .byte 0x34, 0x30, 0x39, 0x20, 0x32, 0x2e, 0x38, 0x33, 0x35, 0x30, 0x34, 0x20, 0x31, 0x39, 0x2e, 0x31
  .byte 0x39, 0x35, 0x20, 0x32, 0x2e, 0x39, 0x38, 0x39, 0x34, 0x35, 0x4c, 0x31, 0x39, 0x2e, 0x31, 0x34
  .byte 0x35, 0x32, 0x20, 0x33, 0x2e, 0x30, 0x34, 0x32, 0x31, 0x39, 0x4c, 0x31, 0x39, 0x2e, 0x30, 0x37
  .byte 0x33, 0x20, 0x33, 0x2e, 0x30, 0x34, 0x34, 0x31, 0x34, 0x43, 0x31, 0x38, 0x2e, 0x39, 0x31, 0x33
  .byte 0x20, 0x33, 0x2e, 0x30, 0x34, 0x38, 0x33, 0x31, 0x20, 0x31, 0x38, 0x2e, 0x38, 0x35, 0x31, 0x33
  .byte 0x20, 0x33, 0x2e, 0x30, 0x32, 0x34, 0x35, 0x38, 0x20, 0x31, 0x38, 0x2e, 0x37, 0x32, 0x35, 0x33
  .byte 0x20, 0x32, 0x2e, 0x39, 0x39, 0x32, 0x33, 0x38, 0x4c, 0x31, 0x38, 0x2e, 0x36, 0x39, 0x31, 0x31
  .byte 0x20, 0x32, 0x2e, 0x39, 0x38, 0x33, 0x35, 0x39, 0x4c, 0x31, 0x38, 0x2e, 0x36, 0x36, 0x32, 0x38
  .byte 0x20, 0x32, 0x2e, 0x39, 0x36, 0x32, 0x31, 0x31, 0x43, 0x31, 0x38, 0x2e, 0x34, 0x34, 0x36, 0x38
  .byte 0x20, 0x32, 0x2e, 0x37, 0x39, 0x35, 0x38, 0x20, 0x31, 0x38, 0x2e, 0x33, 0x34, 0x33, 0x34, 0x20
  .byte 0x32, 0x2e, 0x35, 0x38, 0x33, 0x34, 0x32, 0x20, 0x31, 0x38, 0x2e, 0x32, 0x35, 0x36, 0x36, 0x20
  .byte 0x32, 0x2e, 0x33, 0x39, 0x39, 0x36, 0x31, 0x43, 0x31, 0x38, 0x2e, 0x31, 0x36, 0x37, 0x31, 0x20
  .byte 0x32, 0x2e, 0x32, 0x31, 0x30, 0x30, 0x39, 0x20, 0x31, 0x38, 0x2e, 0x30, 0x39, 0x33, 0x35, 0x20
  .byte 0x32, 0x2e, 0x30, 0x34, 0x38, 0x38, 0x39, 0x20, 0x31, 0x37, 0x2e, 0x39, 0x34, 0x38, 0x20, 0x31
  .byte 0x2e, 0x39, 0x30, 0x38, 0x34, 0x43, 0x31, 0x37, 0x2e, 0x38, 0x35, 0x30, 0x38, 0x20, 0x31, 0x2e
  .byte 0x38, 0x31, 0x34, 0x37, 0x32, 0x20, 0x31, 0x37, 0x2e, 0x37, 0x32, 0x33, 0x34, 0x20, 0x31, 0x2e
  .byte 0x37, 0x34, 0x31, 0x34, 0x35, 0x20, 0x31, 0x37, 0x2e, 0x35, 0x37, 0x32, 0x20, 0x31, 0x2e, 0x36
  .byte 0x37, 0x35, 0x39, 0x38, 0x43, 0x31, 0x37, 0x2e, 0x34, 0x31, 0x38, 0x35, 0x20, 0x31, 0x2e, 0x36
  .byte 0x30, 0x39, 0x35, 0x38, 0x20, 0x31, 0x37, 0x2e, 0x32, 0x35, 0x35, 0x39, 0x20, 0x31, 0x2e, 0x35
  .byte 0x35, 0x37, 0x33, 0x31, 0x20, 0x31, 0x37, 0x2e, 0x30, 0x38, 0x33, 0x37, 0x20, 0x31, 0x2e, 0x34
  .byte 0x39, 0x36, 0x32, 0x39, 0x43, 0x31, 0x36, 0x2e, 0x37, 0x36, 0x32, 0x39, 0x20, 0x31, 0x2e, 0x33
  .byte 0x38, 0x32, 0x36, 0x31, 0x20, 0x31, 0x36, 0x2e, 0x33, 0x38, 0x34, 0x31, 0x20, 0x31, 0x2e, 0x32
  .byte 0x33, 0x33, 0x35, 0x38, 0x20, 0x31, 0x36, 0x2e, 0x32, 0x32, 0x31, 0x34, 0x20, 0x30, 0x2e, 0x38
  .byte 0x37, 0x39, 0x31, 0x4c, 0x31, 0x36, 0x2e, 0x32, 0x30, 0x34, 0x38, 0x20, 0x30, 0x2e, 0x38, 0x34
  .byte 0x32, 0x39, 0x36, 0x38, 0x56, 0x30, 0x2e, 0x38, 0x30, 0x33, 0x39, 0x30, 0x35, 0x43, 0x31, 0x36
  .byte 0x2e, 0x32, 0x30, 0x39, 0x37, 0x20, 0x30, 0x2e, 0x35, 0x33, 0x37, 0x32, 0x38, 0x35, 0x20, 0x31
  .byte 0x36, 0x2e, 0x33, 0x33, 0x35, 0x20, 0x30, 0x2e, 0x33, 0x39, 0x38, 0x38, 0x37, 0x31, 0x20, 0x31
  .byte 0x36, 0x2e, 0x34, 0x34, 0x30, 0x32, 0x20, 0x30, 0x2e, 0x32, 0x34, 0x38, 0x32, 0x34, 0x31, 0x4c
  .byte 0x31, 0x36, 0x2e, 0x34, 0x39, 0x30, 0x39, 0x20, 0x30, 0x2e, 0x31, 0x37, 0x34, 0x39, 0x39, 0x39
  .byte 0x4c, 0x31, 0x36, 0x2e, 0x35, 0x37, 0x38, 0x38, 0x20, 0x30, 0x2e, 0x31, 0x37, 0x34, 0x30, 0x32
  .byte 0x32, 0x5a, 0x22, 0x2c, 0x0a, 0x20, 0x20, 0x70, 0x33, 0x37, 0x31, 0x64, 0x36, 0x30, 0x30, 0x30
  .byte 0x3a, 0x0a, 0x20, 0x20, 0x20, 0x20, 0x22, 0x4d, 0x31, 0x32, 0x2e, 0x38, 0x32, 0x39, 0x20, 0x31
  .byte 0x33, 0x2e, 0x39, 0x36, 0x30, 0x32, 0x43, 0x31, 0x33, 0x2e, 0x31, 0x36, 0x39, 0x37, 0x20, 0x31
  .byte 0x33, 0x2e, 0x38, 0x34, 0x31, 0x35, 0x20, 0x31, 0x33, 0x2e, 0x35, 0x34, 0x31, 0x35, 0x20, 0x31
  .byte 0x33, 0x2e, 0x38, 0x34, 0x30, 0x32, 0x20, 0x31, 0x33, 0x2e, 0x38, 0x38, 0x32, 0x37, 0x20, 0x31
  .byte 0x33, 0x2e, 0x39, 0x35, 0x37, 0x33, 0x43, 0x31, 0x34, 0x2e, 0x35, 0x31, 0x36, 0x33, 0x20, 0x31
  .byte 0x34, 0x2e, 0x31, 0x37, 0x34, 0x38, 0x20, 0x31, 0x34, 0x2e, 0x39, 0x34, 0x34, 0x20, 0x31, 0x34
  .byte 0x2e, 0x37, 0x36, 0x31, 0x32, 0x20, 0x31, 0x34, 0x2e, 0x39, 0x35, 0x32, 0x20, 0x31, 0x35, 0x2e
  .byte 0x34, 0x32, 0x33, 0x31, 0x43, 0x31, 0x34, 0x2e, 0x39, 0x36, 0x20, 0x31, 0x36, 0x2e, 0x30, 0x38
  .byte 0x35, 0x20, 0x31, 0x34, 0x2e, 0x35, 0x34, 0x36, 0x38, 0x20, 0x31, 0x36, 0x2e, 0x36, 0x38, 0x31
  .byte 0x20, 0x31, 0x33, 0x2e, 0x39, 0x31, 0x38, 0x38, 0x20, 0x31, 0x36, 0x2e, 0x39, 0x31, 0x33, 0x34
  .byte 0x43, 0x31, 0x33, 0x2e, 0x30, 0x38, 0x39, 0x38, 0x20, 0x31, 0x37, 0x2e, 0x32, 0x31, 0x39, 0x39
  .byte 0x20, 0x31, 0x32, 0x2e, 0x31, 0x36, 0x36, 0x31, 0x20, 0x31, 0x36, 0x2e, 0x38, 0x30, 0x30, 0x36
  .byte 0x20, 0x31, 0x31, 0x2e, 0x38, 0x36, 0x33, 0x32, 0x20, 0x31, 0x35, 0x2e, 0x39, 0x37, 0x39, 0x38
  .byte 0x43, 0x31, 0x31, 0x2e, 0x35, 0x36, 0x30, 0x34, 0x20, 0x31, 0x35, 0x2e, 0x31, 0x35, 0x38, 0x37
  .byte 0x20, 0x31, 0x31, 0x2e, 0x39, 0x39, 0x34, 0x33, 0x20, 0x31, 0x34, 0x2e, 0x32, 0x35, 0x31, 0x33
  .byte 0x20, 0x31, 0x32, 0x2e, 0x38, 0x32, 0x39, 0x20, 0x31, 0x33, 0x2e, 0x39, 0x36, 0x30, 0x32, 0x5a
  .byte 0x22, 0x2c, 0x0a, 0x20, 0x20, 0x70, 0x33, 0x65, 0x61, 0x32, 0x30, 0x37, 0x38, 0x30, 0x3a, 0x0a
  .byte 0x20, 0x20, 0x20, 0x20, 0x22, 0x4d, 0x31, 0x38, 0x2e, 0x33, 0x35, 0x37, 0x34, 0x20, 0x31, 0x38
  .byte 0x2e, 0x31, 0x37, 0x35, 0x43, 0x31, 0x38, 0x2e, 0x37, 0x31, 0x37, 0x34, 0x20, 0x31, 0x38, 0x2e
  .byte 0x31, 0x35, 0x31, 0x38, 0x20, 0x31, 0x39, 0x2e, 0x33, 0x35, 0x33, 0x39, 0x20, 0x31, 0x38, 0x2e
  .byte 0x31, 0x33, 0x33, 0x32, 0x20, 0x31, 0x39, 0x2e, 0x38, 0x37, 0x32, 0x20, 0x31, 0x38, 0x2e, 0x33
  .byte 0x30, 0x34, 0x39, 0x43, 0x32, 0x30, 0x2e, 0x31, 0x33, 0x34, 0x39, 0x20, 0x31, 0x38, 0x2e, 0x33
  .byte 0x39, 0x32, 0x31, 0x20, 0x32, 0x30, 0x2e, 0x34, 0x30, 0x37, 0x34, 0x20, 0x31, 0x38, 0x2e, 0x35
  .byte 0x34, 0x31, 0x32, 0x20, 0x32, 0x30, 0x2e, 0x35, 0x38, 0x34, 0x20, 0x31, 0x38, 0x2e, 0x38, 0x30
  .byte 0x33, 0x43, 0x32, 0x30, 0x2e, 0x37, 0x36, 0x38, 0x31, 0x20, 0x31, 0x39, 0x2e, 0x30, 0x37, 0x35
  .byte 0x39, 0x20, 0x32, 0x30, 0x2e, 0x38, 0x31, 0x20, 0x31, 0x39, 0x2e, 0x34, 0x31, 0x34, 0x35, 0x20
  .byte 0x32, 0x30, 0x2e, 0x37, 0x31, 0x36, 0x38, 0x20, 0x31, 0x39, 0x2e, 0x37, 0x39, 0x37, 0x31, 0x43
  .byte 0x32, 0x30, 0x2e, 0x36, 0x33, 0x34, 0x39, 0x20, 0x32, 0x30, 0x2e, 0x31, 0x33, 0x32, 0x39, 0x20
  .byte 0x32, 0x30, 0x2e, 0x34, 0x30, 0x35, 0x20, 0x32, 0x30, 0x2e, 0x33, 0x39, 0x37, 0x35, 0x20, 0x32
  .byte 0x30, 0x2e, 0x31, 0x37, 0x34, 0x38, 0x20, 0x32, 0x30, 0x2e, 0x35, 0x39, 0x32, 0x43, 0x32, 0x30
  .byte 0x2e, 0x30, 0x30, 0x35, 0x34, 0x20, 0x32, 0x30, 0x2e, 0x37, 0x33, 0x35, 0x31, 0x20, 0x31, 0x39
  .byte 0x2e, 0x38, 0x31, 0x36, 0x35, 0x20, 0x32, 0x30, 0x2e, 0x38, 0x35, 0x35, 0x20, 0x31, 0x39, 0x2e
  .byte 0x36, 0x34, 0x30, 0x36, 0x20, 0x32, 0x30, 0x2e, 0x39, 0x35, 0x33, 0x34, 0x43, 0x31, 0x39, 0x2e
  .byte 0x36, 0x34, 0x34, 0x34, 0x20, 0x32, 0x31, 0x2e, 0x31, 0x37, 0x30, 0x38, 0x20, 0x31, 0x39, 0x2e
  .byte 0x36, 0x34, 0x39, 0x38, 0x20, 0x32, 0x31, 0x2e, 0x33, 0x39, 0x30, 0x33, 0x20, 0x31, 0x39, 0x2e
  .byte 0x36, 0x35, 0x35, 0x33, 0x20, 0x32, 0x31, 0x2e, 0x36, 0x31, 0x31, 0x36, 0x43, 0x32, 0x30, 0x2e
  .byte 0x31, 0x31, 0x32, 0x37, 0x20, 0x32, 0x32, 0x2e, 0x31, 0x31, 0x33, 0x31, 0x20, 0x32, 0x30, 0x2e
  .byte 0x34, 0x39, 0x34, 0x38, 0x20, 0x32, 0x32, 0x2e, 0x33, 0x35, 0x30, 0x35, 0x20, 0x32, 0x30, 0x2e
  .byte 0x38, 0x30, 0x36, 0x36, 0x20, 0x32, 0x32, 0x2e, 0x34, 0x34, 0x36, 0x35, 0x43, 0x32, 0x31, 0x2e
  .byte 0x31, 0x32, 0x38, 0x34, 0x20, 0x32, 0x32, 0x2e, 0x35, 0x34, 0x35, 0x35, 0x20, 0x32, 0x31, 0x2e
  .byte 0x34, 0x30, 0x38, 0x39, 0x20, 0x32, 0x32, 0x2e, 0x35, 0x30, 0x36, 0x32, 0x20, 0x32, 0x31, 0x2e
  .byte 0x36, 0x37, 0x30, 0x39, 0x20, 0x32, 0x32, 0x2e, 0x34, 0x30, 0x33, 0x36, 0x43, 0x32, 0x31, 0x2e
  .byte 0x39, 0x34, 0x35, 0x39, 0x20, 0x32, 0x32, 0x2e, 0x32, 0x39, 0x35, 0x37, 0x20, 0x32, 0x32, 0x2e
  .byte 0x31, 0x38, 0x35, 0x34, 0x20, 0x32, 0x32, 0x2e, 0x31, 0x32, 0x35, 0x37, 0x20, 0x32, 0x32, 0x2e
  .byte 0x34, 0x33, 0x38, 0x35, 0x20, 0x32, 0x31, 0x2e, 0x39, 0x35, 0x36, 0x33, 0x43, 0x32, 0x32, 0x2e
  .byte 0x35, 0x35, 0x37, 0x37, 0x20, 0x32, 0x31, 0x2e, 0x38, 0x37, 0x36, 0x35, 0x20, 0x32, 0x32, 0x2e
  .byte 0x36, 0x38, 0x38, 0x34, 0x20, 0x32, 0x31, 0x2e, 0x37, 0x39, 0x30, 0x38, 0x20, 0x32, 0x32, 0x2e
  .byte 0x38, 0x31, 0x37, 0x34, 0x20, 0x32, 0x31, 0x2e, 0x37, 0x32, 0x39, 0x37, 0x43, 0x32, 0x32, 0x2e
  .byte 0x39, 0x34, 0x34, 0x33, 0x20, 0x32, 0x31, 0x2e, 0x36, 0x36, 0x39, 0x36, 0x20, 0x32, 0x33, 0x2e
  .byte 0x31, 0x30, 0x39, 0x32, 0x20, 0x32, 0x31, 0x2e, 0x36, 0x31, 0x33, 0x34, 0x20, 0x32, 0x33, 0x2e
  .byte 0x32, 0x39, 0x20, 0x32, 0x31, 0x2e, 0x36, 0x33, 0x33, 0x4c, 0x32, 0x33, 0x2e, 0x34, 0x30, 0x30
  .byte 0x34, 0x20, 0x32, 0x31, 0x2e, 0x36, 0x34, 0x35, 0x37, 0x4c, 0x32, 0x33, 0x2e, 0x34, 0x38, 0x32
  .byte 0x34, 0x20, 0x32, 0x31, 0x2e, 0x37, 0x31, 0x39, 0x43, 0x32, 0x33, 0x2e, 0x38, 0x33, 0x34, 0x31
  .byte 0x20, 0x32, 0x32, 0x2e, 0x30, 0x33, 0x31, 0x31, 0x20, 0x32, 0x33, 0x2e, 0x39, 0x33, 0x33, 0x38
  .byte 0x20, 0x32, 0x32, 0x2e, 0x35, 0x37, 0x32, 0x37, 0x20, 0x32, 0x33, 0x2e, 0x35, 0x39, 0x30, 0x38
  .byte 0x20, 0x32, 0x32, 0x2e, 0x39, 0x37, 0x38, 0x38, 0x43, 0x32, 0x33, 0x2e, 0x30, 0x39, 0x31, 0x38
  .byte 0x20, 0x32, 0x33, 0x2e, 0x35, 0x36, 0x39, 0x35, 0x20, 0x32, 0x32, 0x2e, 0x33, 0x38, 0x30, 0x39
  .byte 0x20, 0x32, 0x33, 0x2e, 0x38, 0x37, 0x33, 0x20, 0x32, 0x31, 0x2e, 0x36, 0x36, 0x36, 0x20, 0x32
  .byte 0x33, 0x2e, 0x39, 0x37, 0x38, 0x38, 0x43, 0x32, 0x31, 0x2e, 0x35, 0x37, 0x33, 0x35, 0x20, 0x32
  .byte 0x34, 0x2e, 0x35, 0x37, 0x30, 0x31, 0x20, 0x32, 0x31, 0x2e, 0x34, 0x34, 0x30, 0x34, 0x20, 0x32
  .byte 0x35, 0x2e, 0x31, 0x39, 0x33, 0x31, 0x20, 0x32, 0x31, 0x2e, 0x31, 0x34, 0x37, 0x34, 0x20, 0x32
  .byte 0x35, 0x2e, 0x37, 0x31, 0x30, 0x32, 0x43, 0x32, 0x30, 0x2e, 0x37, 0x39, 0x34, 0x36, 0x20, 0x32
  .byte 0x36, 0x2e, 0x33, 0x33, 0x32, 0x39, 0x20, 0x32, 0x30, 0x2e, 0x32, 0x32, 0x31, 0x32, 0x20, 0x32
  .byte 0x36, 0x2e, 0x37, 0x38, 0x39, 0x34, 0x20, 0x31, 0x39, 0x2e, 0x32, 0x39, 0x39, 0x38, 0x20, 0x32
  .byte 0x36, 0x2e, 0x39, 0x30, 0x32, 0x36, 0x4c, 0x31, 0x39, 0x2e, 0x32, 0x39, 0x38, 0x38, 0x20, 0x32
  .byte 0x36, 0x2e, 0x39, 0x30, 0x31, 0x36, 0x43, 0x31, 0x39, 0x2e, 0x30, 0x32, 0x38, 0x20, 0x32, 0x36
  .byte 0x2e, 0x39, 0x35, 0x37, 0x20, 0x31, 0x38, 0x2e, 0x37, 0x31, 0x34, 0x33, 0x20, 0x32, 0x36, 0x2e
  .byte 0x39, 0x34, 0x38, 0x34, 0x20, 0x31, 0x38, 0x2e, 0x34, 0x32, 0x34, 0x38, 0x20, 0x32, 0x36, 0x2e
  .byte 0x38, 0x39, 0x34, 0x38, 0x43, 0x31, 0x38, 0x2e, 0x31, 0x32, 0x32, 0x35, 0x20, 0x32, 0x36, 0x2e
  .byte 0x38, 0x33, 0x38, 0x38, 0x20, 0x31, 0x37, 0x2e, 0x38, 0x30, 0x37, 0x37, 0x20, 0x32, 0x36, 0x2e
  .byte 0x37, 0x32, 0x39, 0x35, 0x20, 0x31, 0x37, 0x2e, 0x35, 0x36, 0x37, 0x34, 0x20, 0x32, 0x36, 0x2e
  .byte 0x35, 0x36, 0x32, 0x37, 0x43, 0x31, 0x36, 0x2e, 0x36, 0x30, 0x38, 0x33, 0x20, 0x32, 0x35, 0x2e
  .byte 0x38, 0x39, 0x37, 0x32, 0x20, 0x31, 0x36, 0x2e, 0x33, 0x37, 0x34, 0x35, 0x20, 0x32, 0x34, 0x2e
  .byte 0x38, 0x39, 0x36, 0x31, 0x20, 0x31, 0x36, 0x2e, 0x32, 0x30, 0x33, 0x31, 0x20, 0x32, 0x33, 0x2e
  .byte 0x39, 0x38, 0x33, 0x36, 0x43, 0x31, 0x35, 0x2e, 0x38, 0x31, 0x37, 0x34, 0x20, 0x32, 0x33, 0x2e
  .byte 0x39, 0x34, 0x36, 0x31, 0x20, 0x31, 0x35, 0x2e, 0x33, 0x33, 0x31, 0x32, 0x20, 0x32, 0x33, 0x2e
  .byte 0x38, 0x32, 0x37, 0x31, 0x20, 0x31, 0x34, 0x2e, 0x39, 0x31, 0x33, 0x31, 0x20, 0x32, 0x33, 0x2e
  .byte 0x36, 0x31, 0x39, 0x34, 0x43, 0x31, 0x34, 0x2e, 0x33, 0x39, 0x32, 0x31, 0x20, 0x32, 0x33, 0x2e
  .byte 0x33, 0x36, 0x30, 0x34, 0x20, 0x31, 0x33, 0x2e, 0x38, 0x31, 0x38, 0x39, 0x20, 0x32, 0x32, 0x2e
  .byte 0x38, 0x37, 0x36, 0x35, 0x20, 0x31, 0x33, 0x2e, 0x39, 0x32, 0x37, 0x37, 0x20, 0x32, 0x32, 0x2e
  .byte 0x31, 0x31, 0x38, 0x34, 0x4c, 0x31, 0x33, 0x2e, 0x39, 0x35, 0x39, 0x20, 0x32, 0x31, 0x2e, 0x39
  .byte 0x39, 0x35, 0x34, 0x43, 0x31, 0x34, 0x2e, 0x30, 0x35, 0x35, 0x34, 0x20, 0x32, 0x31, 0x2e, 0x37
  .byte 0x33, 0x34, 0x31, 0x20, 0x31, 0x34, 0x2e, 0x33, 0x30, 0x37, 0x32, 0x20, 0x32, 0x31, 0x2e, 0x36
  .byte 0x34, 0x31, 0x34, 0x20, 0x31, 0x34, 0x2e, 0x33, 0x37, 0x33, 0x20, 0x32, 0x31, 0x2e, 0x36, 0x31
  .byte 0x30, 0x36, 0x4c, 0x31, 0x34, 0x2e, 0x34, 0x34, 0x33, 0x33, 0x20, 0x32, 0x31, 0x2e, 0x35, 0x37
  .byte 0x37, 0x34, 0x48, 0x31, 0x34, 0x2e, 0x35, 0x32, 0x31, 0x35, 0x43, 0x31, 0x34, 0x2e, 0x37, 0x31
  .byte 0x31, 0x39, 0x20, 0x32, 0x31, 0x2e, 0x35, 0x37, 0x38, 0x31, 0x20, 0x31, 0x34, 0x2e, 0x38, 0x37
  .byte 0x32, 0x34, 0x20, 0x32, 0x31, 0x2e, 0x36, 0x34, 0x38, 0x38, 0x20, 0x31, 0x34, 0x2e, 0x39, 0x39
  .byte 0x38, 0x20, 0x32, 0x31, 0x2e, 0x37, 0x32, 0x38, 0x38, 0x43, 0x31, 0x35, 0x2e, 0x31, 0x32, 0x30
  .byte 0x38, 0x20, 0x32, 0x31, 0x2e, 0x38, 0x30, 0x36, 0x39, 0x20, 0x31, 0x35, 0x2e, 0x32, 0x33, 0x31
  .byte 0x38, 0x20, 0x32, 0x31, 0x2e, 0x39, 0x30, 0x37, 0x39, 0x20, 0x31, 0x35, 0x2e, 0x33, 0x32, 0x33
  .byte 0x32, 0x20, 0x32, 0x31, 0x2e, 0x39, 0x39, 0x33, 0x34, 0x43, 0x31, 0x35, 0x2e, 0x35, 0x33, 0x31
  .byte 0x20, 0x32, 0x32, 0x2e, 0x31, 0x38, 0x37, 0x38, 0x20, 0x31, 0x35, 0x2e, 0x36, 0x35, 0x37, 0x39
  .byte 0x20, 0x32, 0x32, 0x2e, 0x33, 0x31, 0x32, 0x20, 0x31, 0x35, 0x2e, 0x37, 0x39, 0x37, 0x38, 0x20
  .byte 0x32, 0x32, 0x2e, 0x33, 0x36, 0x32, 0x35, 0x43, 0x31, 0x36, 0x2e, 0x32, 0x39, 0x32, 0x39, 0x20
  .byte 0x32, 0x32, 0x2e, 0x35, 0x34, 0x31, 0x32, 0x20, 0x31, 0x36, 0x2e, 0x37, 0x30, 0x36, 0x38, 0x20
  .byte 0x32, 0x32, 0x2e, 0x34, 0x39, 0x38, 0x34, 0x20, 0x31, 0x37, 0x2e, 0x30, 0x38, 0x32, 0x20, 0x32
  .byte 0x32, 0x2e, 0x33, 0x33, 0x32, 0x33, 0x43, 0x31, 0x37, 0x2e, 0x34, 0x33, 0x39, 0x31, 0x20, 0x32
  .byte 0x32, 0x2e, 0x31, 0x37, 0x34, 0x31, 0x20, 0x31, 0x37, 0x2e, 0x37, 0x37, 0x30, 0x38, 0x20, 0x32
  .byte 0x31, 0x2e, 0x38, 0x39, 0x36, 0x20, 0x31, 0x38, 0x2e, 0x31, 0x30, 0x31, 0x35, 0x20, 0x32, 0x31
  .byte 0x2e, 0x35, 0x35, 0x34, 0x39, 0x4c, 0x31, 0x38, 0x2e, 0x31, 0x30, 0x39, 0x34, 0x20, 0x32, 0x30
  .byte 0x2e, 0x39, 0x38, 0x38, 0x35, 0x43, 0x31, 0x37, 0x2e, 0x38, 0x31, 0x34, 0x39, 0x20, 0x32, 0x30
  .byte 0x2e, 0x38, 0x30, 0x36, 0x36, 0x20, 0x31, 0x37, 0x2e, 0x35, 0x35, 0x31, 0x35, 0x20, 0x32, 0x30
  .byte 0x2e, 0x35, 0x39, 0x37, 0x34, 0x20, 0x31, 0x37, 0x2e, 0x33, 0x34, 0x37, 0x36, 0x20, 0x32, 0x30
  .byte 0x2e, 0x33, 0x37, 0x31, 0x33, 0x43, 0x31, 0x37, 0x2e, 0x31, 0x33, 0x32, 0x33, 0x20, 0x32, 0x30
  .byte 0x2e, 0x31, 0x33, 0x32, 0x35, 0x20, 0x31, 0x36, 0x2e, 0x39, 0x36, 0x31, 0x33, 0x20, 0x31, 0x39
  .byte 0x2e, 0x38, 0x35, 0x32, 0x31, 0x20, 0x31, 0x36, 0x2e, 0x39, 0x31, 0x35, 0x20, 0x31, 0x39, 0x2e
  .byte 0x35, 0x35, 0x31, 0x43, 0x31, 0x36, 0x2e, 0x38, 0x36, 0x35, 0x35, 0x20, 0x31, 0x39, 0x2e, 0x32
  .byte 0x32, 0x38, 0x39, 0x20, 0x31, 0x36, 0x2e, 0x39, 0x36, 0x35, 0x34, 0x20, 0x31, 0x38, 0x2e, 0x39
  .byte 0x31, 0x36, 0x39, 0x20, 0x31, 0x37, 0x2e, 0x32, 0x32, 0x35, 0x36, 0x20, 0x31, 0x38, 0x2e, 0x36
  .byte 0x37, 0x30, 0x32, 0x43, 0x31, 0x37, 0x2e, 0x34, 0x37, 0x20, 0x31, 0x38, 0x2e, 0x34, 0x33, 0x38
  .byte 0x34, 0x20, 0x31, 0x37, 0x2e, 0x38, 0x33, 0x37, 0x39, 0x20, 0x31, 0x38, 0x2e, 0x32, 0x38, 0x20
  .byte 0x31, 0x38, 0x2e, 0x33, 0x30, 0x38, 0x36, 0x20, 0x31, 0x38, 0x2e, 0x31, 0x38, 0x31, 0x39, 0x4c
  .byte 0x31, 0x38, 0x2e, 0x33, 0x33, 0x33, 0x20, 0x31, 0x38, 0x2e, 0x31, 0x37, 0x37, 0x4c, 0x31, 0x38
  .byte 0x2e, 0x33, 0x35, 0x37, 0x34, 0x20, 0x31, 0x38, 0x2e, 0x31, 0x37, 0x35, 0x5a, 0x4d, 0x31, 0x39
  .byte 0x2e, 0x32, 0x37, 0x30, 0x35, 0x20, 0x32, 0x32, 0x2e, 0x39, 0x34, 0x33, 0x36, 0x43, 0x31, 0x39
  .byte 0x2e, 0x32, 0x37, 0x38, 0x31, 0x20, 0x32, 0x33, 0x2e, 0x35, 0x33, 0x39, 0x38, 0x20, 0x31, 0x39
  .byte 0x2e, 0x34, 0x39, 0x37, 0x31, 0x20, 0x32, 0x34, 0x2e, 0x37, 0x32, 0x35, 0x36, 0x20, 0x31, 0x38
  .byte 0x2e, 0x37, 0x39, 0x33, 0x39, 0x20, 0x32, 0x34, 0x2e, 0x38, 0x37, 0x37, 0x32, 0x43, 0x31, 0x38
  .byte 0x2e, 0x30, 0x39, 0x32, 0x34, 0x20, 0x32, 0x34, 0x2e, 0x35, 0x32, 0x38, 0x33, 0x20, 0x31, 0x38
  .byte 0x2e, 0x36, 0x35, 0x38, 0x32, 0x20, 0x32, 0x33, 0x2e, 0x32, 0x34, 0x38, 0x38, 0x20, 0x31, 0x38
  .byte 0x2e, 0x33, 0x35, 0x36, 0x34, 0x20, 0x32, 0x32, 0x2e, 0x39, 0x38, 0x37, 0x35, 0x43, 0x31, 0x38
  .byte 0x2e, 0x30, 0x33, 0x35, 0x35, 0x20, 0x32, 0x33, 0x2e, 0x31, 0x37, 0x33, 0x37, 0x20, 0x31, 0x37
  .byte 0x2e, 0x36, 0x34, 0x32, 0x35, 0x20, 0x32, 0x33, 0x2e, 0x34, 0x31, 0x39, 0x37, 0x20, 0x31, 0x37
  .byte 0x2e, 0x33, 0x30, 0x34, 0x37, 0x20, 0x32, 0x33, 0x2e, 0x35, 0x35, 0x37, 0x39, 0x43, 0x31, 0x37
  .byte 0x2e, 0x35, 0x36, 0x35, 0x31, 0x20, 0x32, 0x34, 0x2e, 0x38, 0x36, 0x31, 0x34, 0x20, 0x31, 0x37
  .byte 0x2e, 0x35, 0x37, 0x33, 0x38, 0x20, 0x32, 0x35, 0x2e, 0x34, 0x31, 0x34, 0x31, 0x20, 0x31, 0x38
  .byte 0x2e, 0x39, 0x36, 0x30, 0x39, 0x20, 0x32, 0x35, 0x2e, 0x38, 0x34, 0x39, 0x38, 0x43, 0x31, 0x39
  .byte 0x2e, 0x32, 0x33, 0x38, 0x37, 0x20, 0x32, 0x35, 0x2e, 0x37, 0x35, 0x36, 0x35, 0x20, 0x31, 0x39
  .byte 0x2e, 0x35, 0x38, 0x34, 0x37, 0x20, 0x32, 0x35, 0x2e, 0x36, 0x36, 0x31, 0x37, 0x20, 0x31, 0x39
  .byte 0x2e, 0x38, 0x30, 0x32, 0x37, 0x20, 0x32, 0x35, 0x2e, 0x34, 0x37, 0x35, 0x38, 0x4c, 0x31, 0x39
  .byte 0x2e, 0x38, 0x33, 0x31, 0x20, 0x32, 0x35, 0x2e, 0x34, 0x35, 0x32, 0x34, 0x43, 0x32, 0x30, 0x2e
  .byte 0x30, 0x36, 0x32, 0x31, 0x20, 0x32, 0x35, 0x2e, 0x32, 0x35, 0x34, 0x31, 0x20, 0x32, 0x30, 0x2e
  .byte 0x31, 0x38, 0x36, 0x39, 0x20, 0x32, 0x34, 0x2e, 0x39, 0x36, 0x33, 0x36, 0x20, 0x32, 0x30, 0x2e
  .byte 0x33, 0x31, 0x34, 0x34, 0x20, 0x32, 0x34, 0x2e, 0x36, 0x38, 0x38, 0x37, 0x4c, 0x32, 0x30, 0x2e
  .byte 0x35, 0x39, 0x34, 0x37, 0x20, 0x32, 0x33, 0x2e, 0x35, 0x38, 0x38, 0x31, 0x43, 0x32, 0x30, 0x2e
  .byte 0x31, 0x32, 0x31, 0x34, 0x20, 0x32, 0x33, 0x2e, 0x34, 0x33, 0x39, 0x36, 0x20, 0x31, 0x39, 0x2e
  .byte 0x36, 0x38, 0x38, 0x31, 0x20, 0x32, 0x33, 0x2e, 0x32, 0x30, 0x37, 0x32, 0x20, 0x31, 0x39, 0x2e
  .byte 0x32, 0x37, 0x30, 0x35, 0x20, 0x32, 0x32, 0x2e, 0x39, 0x34, 0x33, 0x36, 0x5a, 0x4d, 0x31, 0x37
  .byte 0x2e, 0x39, 0x32, 0x31, 0x39, 0x20, 0x32, 0x32, 0x2e, 0x31, 0x39, 0x39, 0x35, 0x43, 0x31, 0x38
  .byte 0x2e, 0x30, 0x30, 0x33, 0x34, 0x20, 0x32, 0x32, 0x2e, 0x31, 0x33, 0x31, 0x37, 0x20, 0x31, 0x38
  .byte 0x2e, 0x30, 0x38, 0x34, 0x37, 0x20, 0x32, 0x32, 0x2e, 0x30, 0x36, 0x31, 0x39, 0x20, 0x31, 0x38
  .byte 0x2e, 0x31, 0x36, 0x33, 0x31, 0x20, 0x32, 0x31, 0x2e, 0x39, 0x38, 0x37, 0x35, 0x4c, 0x31, 0x38
  .byte 0x2e, 0x31, 0x38, 0x30, 0x36, 0x20, 0x32, 0x31, 0x2e, 0x39, 0x37, 0x43, 0x31, 0x38, 0x2e, 0x30
  .byte 0x39, 0x36, 0x35, 0x20, 0x32, 0x32, 0x2e, 0x30, 0x35, 0x30, 0x35, 0x20, 0x31, 0x38, 0x2e, 0x30
  .byte 0x30, 0x39, 0x36, 0x20, 0x32, 0x32, 0x2e, 0x31, 0x32, 0x36, 0x35, 0x20, 0x31, 0x37, 0x2e, 0x39
  .byte 0x32, 0x31, 0x39, 0x20, 0x32, 0x32, 0x2e, 0x31, 0x39, 0x39, 0x35, 0x5a, 0x4d, 0x31, 0x39, 0x2e
  .byte 0x32, 0x32, 0x32, 0x36, 0x20, 0x31, 0x38, 0x2e, 0x35, 0x32, 0x36, 0x36, 0x4c, 0x31, 0x39, 0x2e
  .byte 0x30, 0x33, 0x38, 0x31, 0x20, 0x31, 0x38, 0x2e, 0x35, 0x31, 0x32, 0x39, 0x43, 0x31, 0x39, 0x2e
  .byte 0x30, 0x32, 0x35, 0x20, 0x31, 0x38, 0x2e, 0x35, 0x31, 0x32, 0x33, 0x20, 0x31, 0x39, 0x2e, 0x30
  .byte 0x31, 0x32, 0x20, 0x31, 0x38, 0x2e, 0x35, 0x31, 0x32, 0x35, 0x20, 0x31, 0x38, 0x2e, 0x39, 0x39
  .byte 0x39, 0x20, 0x31, 0x38, 0x2e, 0x35, 0x31, 0x32, 0x43, 0x31, 0x39, 0x2e, 0x30, 0x37, 0x32, 0x37
  .byte 0x20, 0x31, 0x38, 0x2e, 0x35, 0x31, 0x35, 0x20, 0x31, 0x39, 0x2e, 0x31, 0x34, 0x37, 0x37, 0x20
  .byte 0x31, 0x38, 0x2e, 0x35, 0x31, 0x39, 0x32, 0x20, 0x31, 0x39, 0x2e, 0x32, 0x32, 0x32, 0x36, 0x20
  .byte 0x31, 0x38, 0x2e, 0x35, 0x32, 0x36, 0x36, 0x5a, 0x22, 0x2c, 0x0a, 0x20, 0x20, 0x70, 0x35, 0x38
  .byte 0x31, 0x66, 0x61, 0x30, 0x30, 0x3a, 0x0a, 0x20, 0x20, 0x20, 0x20, 0x22, 0x4d, 0x36, 0x2e, 0x37
  .byte 0x36, 0x31, 0x38, 0x39, 0x20, 0x37, 0x2e, 0x38, 0x33, 0x38, 0x39, 0x43, 0x36, 0x2e, 0x39, 0x33
  .byte 0x33, 0x38, 0x34, 0x20, 0x37, 0x2e, 0x38, 0x31, 0x38, 0x30, 0x36, 0x20, 0x37, 0x2e, 0x31, 0x39
  .byte 0x30, 0x38, 0x32, 0x20, 0x37, 0x2e, 0x37, 0x39, 0x34, 0x37, 0x37, 0x20, 0x37, 0x2e, 0x34, 0x31
  .byte 0x35, 0x32, 0x31, 0x20, 0x37, 0x2e, 0x38, 0x34, 0x32, 0x38, 0x31, 0x43, 0x37, 0x2e, 0x35, 0x32
  .byte 0x38, 0x39, 0x36, 0x20, 0x37, 0x2e, 0x38, 0x36, 0x37, 0x31, 0x39, 0x20, 0x37, 0x2e, 0x36, 0x34
  .byte 0x37, 0x32, 0x37, 0x20, 0x37, 0x2e, 0x39, 0x31, 0x33, 0x32, 0x35, 0x20, 0x37, 0x2e, 0x37, 0x34
  .byte 0x33, 0x33, 0x33, 0x20, 0x37, 0x2e, 0x39, 0x39, 0x38, 0x30, 0x38, 0x43, 0x37, 0x2e, 0x38, 0x34
  .byte 0x33, 0x34, 0x34, 0x20, 0x38, 0x2e, 0x30, 0x38, 0x36, 0x35, 0x31, 0x20, 0x37, 0x2e, 0x39, 0x30
  .byte 0x38, 0x31, 0x36, 0x20, 0x38, 0x2e, 0x32, 0x30, 0x38, 0x31, 0x39, 0x20, 0x37, 0x2e, 0x39, 0x32
  .byte 0x34, 0x20, 0x38, 0x2e, 0x33, 0x36, 0x30, 0x33, 0x39, 0x4c, 0x37, 0x2e, 0x39, 0x32, 0x39, 0x38
  .byte 0x36, 0x20, 0x38, 0x2e, 0x34, 0x31, 0x34, 0x31, 0x4c, 0x37, 0x2e, 0x39, 0x30, 0x33, 0x34, 0x39
  .byte 0x20, 0x38, 0x2e, 0x34, 0x36, 0x30, 0x39, 0x37, 0x43, 0x37, 0x2e, 0x37, 0x30, 0x38, 0x32, 0x31
  .byte 0x20, 0x38, 0x2e, 0x38, 0x31, 0x36, 0x34, 0x31, 0x20, 0x37, 0x2e, 0x33, 0x34, 0x31, 0x30, 0x33
  .byte 0x20, 0x38, 0x2e, 0x39, 0x34, 0x37, 0x30, 0x33, 0x20, 0x37, 0x2e, 0x30, 0x30, 0x37, 0x30, 0x31
  .byte 0x20, 0x39, 0x2e, 0x30, 0x32, 0x30, 0x35, 0x35, 0x43, 0x36, 0x2e, 0x38, 0x33, 0x39, 0x37, 0x34
  .byte 0x20, 0x39, 0x2e, 0x30, 0x35, 0x37, 0x33, 0x34, 0x20, 0x36, 0x2e, 0x36, 0x35, 0x39, 0x35, 0x39
  .byte 0x20, 0x39, 0x2e, 0x30, 0x38, 0x33, 0x38, 0x39, 0x20, 0x36, 0x2e, 0x35, 0x30, 0x35, 0x30, 0x35
  .byte 0x20, 0x39, 0x2e, 0x31, 0x31, 0x31, 0x33, 0x37, 0x43, 0x36, 0x2e, 0x33, 0x34, 0x34, 0x33, 0x33
  .byte 0x20, 0x39, 0x2e, 0x31, 0x33, 0x39, 0x39, 0x35, 0x20, 0x36, 0x2e, 0x32, 0x30, 0x34, 0x34, 0x31
  .byte 0x20, 0x39, 0x2e, 0x31, 0x37, 0x31, 0x30, 0x38, 0x20, 0x36, 0x2e, 0x30, 0x38, 0x39, 0x30, 0x34
  .byte 0x20, 0x39, 0x2e, 0x32, 0x31, 0x36, 0x38, 0x33, 0x43, 0x34, 0x2e, 0x37, 0x30, 0x34, 0x33, 0x38
  .byte 0x20, 0x39, 0x2e, 0x37, 0x36, 0x36, 0x30, 0x32, 0x20, 0x33, 0x2e, 0x39, 0x30, 0x33, 0x36, 0x36
  .byte 0x20, 0x31, 0x30, 0x2e, 0x36, 0x38, 0x38, 0x39, 0x20, 0x33, 0x2e, 0x35, 0x34, 0x35, 0x30, 0x39
  .byte 0x20, 0x31, 0x31, 0x2e, 0x37, 0x37, 0x39, 0x33, 0x43, 0x33, 0x2e, 0x31, 0x38, 0x34, 0x34, 0x38
  .byte 0x20, 0x31, 0x32, 0x2e, 0x38, 0x37, 0x36, 0x34, 0x20, 0x33, 0x2e, 0x32, 0x36, 0x36, 0x31, 0x34
  .byte 0x20, 0x31, 0x34, 0x2e, 0x31, 0x36, 0x20, 0x33, 0x2e, 0x36, 0x38, 0x31, 0x38, 0x31, 0x20, 0x31
  .byte 0x35, 0x2e, 0x34, 0x32, 0x34, 0x38, 0x4c, 0x33, 0x2e, 0x37, 0x32, 0x34, 0x37, 0x38, 0x20, 0x31
  .byte 0x35, 0x2e, 0x35, 0x35, 0x35, 0x37, 0x4c, 0x33, 0x2e, 0x36, 0x30, 0x36, 0x36, 0x32, 0x20, 0x31
  .byte 0x35, 0x2e, 0x36, 0x32, 0x37, 0x43, 0x32, 0x2e, 0x36, 0x37, 0x31, 0x31, 0x35, 0x20, 0x31, 0x36
  .byte 0x2e, 0x31, 0x39, 0x31, 0x39, 0x20, 0x31, 0x2e, 0x39, 0x31, 0x39, 0x34, 0x32, 0x20, 0x31, 0x36
  .byte 0x2e, 0x39, 0x34, 0x36, 0x39, 0x20, 0x31, 0x2e, 0x35, 0x35, 0x35, 0x38, 0x33, 0x20, 0x31, 0x37
  .byte 0x2e, 0x39, 0x35, 0x34, 0x31, 0x56, 0x31, 0x37, 0x2e, 0x39, 0x35, 0x35, 0x31, 0x43, 0x31, 0x2e
  .byte 0x32, 0x32, 0x30, 0x33, 0x32, 0x20, 0x31, 0x38, 0x2e, 0x38, 0x37, 0x31, 0x35, 0x20, 0x31, 0x2e
  .byte 0x32, 0x37, 0x34, 0x33, 0x20, 0x31, 0x39, 0x2e, 0x38, 0x38, 0x33, 0x20, 0x31, 0x2e, 0x37, 0x30
  .byte 0x35, 0x32, 0x35, 0x20, 0x32, 0x30, 0x2e, 0x37, 0x35, 0x39, 0x38, 0x56, 0x32, 0x30, 0x2e, 0x37
  .byte 0x36, 0x30, 0x38, 0x43, 0x32, 0x2e, 0x30, 0x30, 0x38, 0x32, 0x39, 0x20, 0x32, 0x31, 0x2e, 0x33
  .byte 0x38, 0x35, 0x39, 0x20, 0x32, 0x2e, 0x33, 0x37, 0x31, 0x31, 0x39, 0x20, 0x32, 0x31, 0x2e, 0x37
  .byte 0x38, 0x33, 0x37, 0x20, 0x32, 0x2e, 0x38, 0x30, 0x37, 0x37, 0x39, 0x20, 0x32, 0x32, 0x2e, 0x30
  .byte 0x38, 0x31, 0x31, 0x43, 0x33, 0x2e, 0x32, 0x34, 0x39, 0x38, 0x32, 0x20, 0x32, 0x32, 0x2e, 0x33
  .byte 0x38, 0x32, 0x31, 0x20, 0x33, 0x2e, 0x37, 0x37, 0x33, 0x35, 0x37, 0x20, 0x32, 0x32, 0x2e, 0x35
  .byte 0x38, 0x34, 0x35, 0x20, 0x34, 0x2e, 0x34, 0x31, 0x32, 0x32, 0x38, 0x20, 0x32, 0x32, 0x2e, 0x38
  .byte 0x30, 0x39, 0x36, 0x4c, 0x34, 0x2e, 0x35, 0x30, 0x37, 0x39, 0x38, 0x20, 0x32, 0x32, 0x2e, 0x38
  .byte 0x34, 0x32, 0x38, 0x4c, 0x34, 0x2e, 0x35, 0x32, 0x35, 0x35, 0x36, 0x20, 0x32, 0x32, 0x2e, 0x39
  .byte 0x34, 0x32, 0x34, 0x43, 0x34, 0x2e, 0x35, 0x39, 0x39, 0x32, 0x32, 0x20, 0x32, 0x33, 0x2e, 0x33
  .byte 0x35, 0x35, 0x33, 0x20, 0x34, 0x2e, 0x36, 0x35, 0x34, 0x34, 0x20, 0x32, 0x33, 0x2e, 0x36, 0x33
  .byte 0x35, 0x38, 0x20, 0x34, 0x2e, 0x38, 0x32, 0x33, 0x34, 0x31, 0x20, 0x32, 0x33, 0x2e, 0x39, 0x36
  .byte 0x31, 0x4c, 0x34, 0x2e, 0x39, 0x30, 0x33, 0x34, 0x39, 0x20, 0x32, 0x34, 0x2e, 0x31, 0x30, 0x34
  .byte 0x35, 0x43, 0x35, 0x2e, 0x32, 0x31, 0x39, 0x20, 0x32, 0x34, 0x2e, 0x36, 0x33, 0x37, 0x31, 0x20
  .byte 0x35, 0x2e, 0x37, 0x34, 0x33, 0x33, 0x39, 0x20, 0x32, 0x35, 0x2e, 0x30, 0x31, 0x38, 0x37, 0x20
  .byte 0x36, 0x2e, 0x33, 0x35, 0x33, 0x36, 0x39, 0x20, 0x32, 0x35, 0x2e, 0x31, 0x35, 0x38, 0x32, 0x48
  .byte 0x36, 0x2e, 0x33, 0x35, 0x34, 0x36, 0x36, 0x43, 0x37, 0x2e, 0x31, 0x39, 0x32, 0x30, 0x33, 0x20
  .byte 0x32, 0x35, 0x2e, 0x33, 0x35, 0x34, 0x38, 0x20, 0x37, 0x2e, 0x38, 0x38, 0x31, 0x37, 0x39, 0x20
  .byte 0x32, 0x35, 0x2e, 0x31, 0x31, 0x31, 0x37, 0x20, 0x38, 0x2e, 0x36, 0x31, 0x33, 0x34, 0x35, 0x20
  .byte 0x32, 0x34, 0x2e, 0x36, 0x38, 0x32, 0x37, 0x43, 0x38, 0x2e, 0x34, 0x37, 0x36, 0x20, 0x32, 0x34
  .byte 0x2e, 0x30, 0x37, 0x39, 0x36, 0x20, 0x38, 0x2e, 0x33, 0x39, 0x35, 0x32, 0x39, 0x20, 0x32, 0x33
  .byte 0x2e, 0x34, 0x36, 0x35, 0x36, 0x20, 0x38, 0x2e, 0x33, 0x37, 0x34, 0x31, 0x39, 0x20, 0x32, 0x32
  .byte 0x2e, 0x38, 0x34, 0x37, 0x37, 0x43, 0x37, 0x2e, 0x32, 0x31, 0x35, 0x37, 0x33, 0x20, 0x32, 0x32
  .byte 0x2e, 0x34, 0x30, 0x33, 0x36, 0x20, 0x36, 0x2e, 0x35, 0x38, 0x34, 0x38, 0x35, 0x20, 0x32, 0x31
  .byte 0x2e, 0x34, 0x35, 0x35, 0x39, 0x20, 0x36, 0x2e, 0x34, 0x30, 0x36, 0x34, 0x32, 0x20, 0x32, 0x30
  .byte 0x2e, 0x33, 0x39, 0x34, 0x36, 0x43, 0x36, 0x2e, 0x32, 0x32, 0x38, 0x39, 0x32, 0x20, 0x31, 0x39
  .byte 0x2e, 0x33, 0x33, 0x38, 0x36, 0x20, 0x36, 0x2e, 0x34, 0x39, 0x36, 0x37, 0x36, 0x20, 0x31, 0x38
  .byte 0x2e, 0x31, 0x36, 0x37, 0x38, 0x20, 0x37, 0x2e, 0x31, 0x33, 0x30, 0x30, 0x35, 0x20, 0x31, 0x37
  .byte 0x2e, 0x32, 0x34, 0x39, 0x31, 0x43, 0x36, 0x2e, 0x37, 0x30, 0x31, 0x31, 0x38, 0x20, 0x31, 0x36
  .byte 0x2e, 0x33, 0x35, 0x36, 0x35, 0x20, 0x36, 0x2e, 0x35, 0x35, 0x34, 0x33, 0x34, 0x20, 0x31, 0x35
  .byte 0x2e, 0x31, 0x31, 0x34, 0x37, 0x20, 0x37, 0x2e, 0x30, 0x34, 0x38, 0x30, 0x32, 0x20, 0x31, 0x34
  .byte 0x2e, 0x32, 0x30, 0x35, 0x31, 0x43, 0x37, 0x2e, 0x31, 0x34, 0x35, 0x31, 0x35, 0x20, 0x31, 0x34
  .byte 0x2e, 0x30, 0x32, 0x36, 0x31, 0x20, 0x37, 0x2e, 0x32, 0x37, 0x39, 0x38, 0x38, 0x20, 0x31, 0x33
  .byte 0x2e, 0x37, 0x33, 0x30, 0x34, 0x20, 0x37, 0x2e, 0x34, 0x35, 0x30, 0x33, 0x37, 0x20, 0x31, 0x33
  .byte 0x2e, 0x34, 0x39, 0x36, 0x31, 0x43, 0x37, 0x2e, 0x36, 0x32, 0x32, 0x32, 0x38, 0x20, 0x31, 0x33
  .byte 0x2e, 0x32, 0x36, 0x20, 0x37, 0x2e, 0x38, 0x36, 0x39, 0x32, 0x36, 0x20, 0x31, 0x33, 0x2e, 0x30
  .byte 0x32, 0x39, 0x33, 0x20, 0x38, 0x2e, 0x32, 0x31, 0x39, 0x39, 0x20, 0x31, 0x33, 0x2e, 0x30, 0x33
  .byte 0x32, 0x33, 0x4c, 0x38, 0x2e, 0x32, 0x35, 0x36, 0x30, 0x33, 0x20, 0x31, 0x33, 0x2e, 0x30, 0x33
  .byte 0x33, 0x32, 0x4c, 0x38, 0x2e, 0x32, 0x38, 0x38, 0x32, 0x36, 0x20, 0x31, 0x33, 0x2e, 0x30, 0x34
  .byte 0x37, 0x39, 0x43, 0x38, 0x2e, 0x33, 0x34, 0x32, 0x37, 0x31, 0x20, 0x31, 0x33, 0x2e, 0x30, 0x37
  .byte 0x32, 0x31, 0x20, 0x38, 0x2e, 0x33, 0x37, 0x37, 0x32, 0x37, 0x20, 0x31, 0x33, 0x2e, 0x30, 0x38
  .byte 0x35, 0x31, 0x20, 0x38, 0x2e, 0x34, 0x30, 0x37, 0x34, 0x20, 0x31, 0x33, 0x2e, 0x30, 0x39, 0x37
  .byte 0x37, 0x43, 0x38, 0x2e, 0x34, 0x33, 0x33, 0x31, 0x37, 0x20, 0x31, 0x33, 0x2e, 0x31, 0x30, 0x38
  .byte 0x35, 0x20, 0x38, 0x2e, 0x34, 0x37, 0x30, 0x35, 0x31, 0x20, 0x31, 0x33, 0x2e, 0x31, 0x32, 0x34
  .byte 0x38, 0x20, 0x38, 0x2e, 0x35, 0x30, 0x35, 0x30, 0x35, 0x20, 0x31, 0x33, 0x2e, 0x31, 0x35, 0x32
  .byte 0x34, 0x43, 0x38, 0x2e, 0x35, 0x34, 0x30, 0x38, 0x37, 0x20, 0x31, 0x33, 0x2e, 0x31, 0x38, 0x31
  .byte 0x20, 0x38, 0x2e, 0x35, 0x36, 0x34, 0x30, 0x38, 0x20, 0x31, 0x33, 0x2e, 0x32, 0x31, 0x34, 0x32
  .byte 0x20, 0x38, 0x2e, 0x35, 0x38, 0x30, 0x32, 0x35, 0x20, 0x31, 0x33, 0x2e, 0x32, 0x33, 0x38, 0x33
  .byte 0x4c, 0x38, 0x2e, 0x36, 0x34, 0x39, 0x35, 0x38, 0x20, 0x31, 0x33, 0x2e, 0x33, 0x34, 0x31, 0x38
  .byte 0x4c, 0x38, 0x2e, 0x36, 0x37, 0x31, 0x30, 0x37, 0x20, 0x31, 0x33, 0x2e, 0x33, 0x37, 0x34, 0x31
  .byte 0x4c, 0x38, 0x2e, 0x36, 0x37, 0x37, 0x39, 0x20, 0x31, 0x33, 0x2e, 0x34, 0x31, 0x33, 0x31, 0x43
  .byte 0x38, 0x2e, 0x37, 0x32, 0x38, 0x34, 0x33, 0x20, 0x31, 0x33, 0x2e, 0x37, 0x32, 0x39, 0x36, 0x20
  .byte 0x38, 0x2e, 0x36, 0x31, 0x35, 0x33, 0x38, 0x20, 0x31, 0x33, 0x2e, 0x39, 0x37, 0x39, 0x35, 0x20
  .byte 0x38, 0x2e, 0x34, 0x37, 0x36, 0x37, 0x33, 0x20, 0x31, 0x34, 0x2e, 0x31, 0x39, 0x39, 0x33, 0x43
  .byte 0x38, 0x2e, 0x34, 0x30, 0x39, 0x34, 0x34, 0x20, 0x31, 0x34, 0x2e, 0x33, 0x30, 0x35, 0x39, 0x20
  .byte 0x38, 0x2e, 0x33, 0x32, 0x38, 0x32, 0x36, 0x20, 0x31, 0x34, 0x2e, 0x34, 0x31, 0x36, 0x34, 0x20
  .byte 0x38, 0x2e, 0x32, 0x35, 0x37, 0x30, 0x31, 0x20, 0x31, 0x34, 0x2e, 0x35, 0x31, 0x39, 0x36, 0x43
  .byte 0x38, 0x2e, 0x31, 0x38, 0x33, 0x33, 0x31, 0x20, 0x31, 0x34, 0x2e, 0x36, 0x32, 0x36, 0x33, 0x20
  .byte 0x38, 0x2e, 0x31, 0x31, 0x33, 0x37, 0x38, 0x20, 0x31, 0x34, 0x2e, 0x37, 0x33, 0x34, 0x34, 0x20
  .byte 0x38, 0x2e, 0x30, 0x35, 0x34, 0x38, 0x36, 0x20, 0x31, 0x34, 0x2e, 0x38, 0x35, 0x31, 0x36, 0x43
  .byte 0x37, 0x2e, 0x39, 0x33, 0x39, 0x32, 0x35, 0x20, 0x31, 0x35, 0x2e, 0x30, 0x38, 0x31, 0x36, 0x20
  .byte 0x37, 0x2e, 0x38, 0x36, 0x32, 0x38, 0x33, 0x20, 0x31, 0x35, 0x2e, 0x33, 0x35, 0x34, 0x31, 0x20
  .byte 0x37, 0x2e, 0x39, 0x30, 0x32, 0x35, 0x31, 0x20, 0x31, 0x35, 0x2e, 0x37, 0x32, 0x32, 0x37, 0x43
  .byte 0x37, 0x2e, 0x39, 0x34, 0x32, 0x38, 0x31, 0x20, 0x31, 0x36, 0x2e, 0x30, 0x39, 0x36, 0x34, 0x20
  .byte 0x38, 0x2e, 0x31, 0x30, 0x33, 0x35, 0x33, 0x20, 0x31, 0x36, 0x2e, 0x35, 0x37, 0x39, 0x34, 0x20
  .byte 0x38, 0x2e, 0x34, 0x38, 0x33, 0x35, 0x37, 0x20, 0x31, 0x37, 0x2e, 0x32, 0x32, 0x33, 0x37, 0x4c
  .byte 0x38, 0x2e, 0x35, 0x34, 0x31, 0x31, 0x39, 0x20, 0x31, 0x37, 0x2e, 0x33, 0x32, 0x32, 0x33, 0x4c
  .byte 0x38, 0x2e, 0x34, 0x37, 0x33, 0x38, 0x20, 0x31, 0x37, 0x2e, 0x34, 0x31, 0x34, 0x31, 0x43, 0x37
  .byte 0x2e, 0x37, 0x36, 0x34, 0x34, 0x37, 0x20, 0x31, 0x38, 0x2e, 0x33, 0x38, 0x32, 0x39, 0x20, 0x37
  .byte 0x2e, 0x34, 0x32, 0x33, 0x39, 0x39, 0x20, 0x31, 0x39, 0x2e, 0x33, 0x31, 0x32, 0x34, 0x20, 0x37
  .byte 0x2e, 0x35, 0x34, 0x33, 0x31, 0x34, 0x20, 0x32, 0x30, 0x2e, 0x31, 0x30, 0x33, 0x36, 0x43, 0x37
  .byte 0x2e, 0x36, 0x36, 0x30, 0x32, 0x20, 0x32, 0x30, 0x2e, 0x38, 0x37, 0x39, 0x37, 0x20, 0x38, 0x2e
  .byte 0x32, 0x33, 0x30, 0x33, 0x32, 0x20, 0x32, 0x31, 0x2e, 0x35, 0x37, 0x39, 0x34, 0x20, 0x39, 0x2e
  .byte 0x34, 0x37, 0x37, 0x37, 0x31, 0x20, 0x32, 0x32, 0x2e, 0x30, 0x37, 0x37, 0x32, 0x4c, 0x39, 0x2e
  .byte 0x35, 0x39, 0x30, 0x30, 0x31, 0x20, 0x32, 0x32, 0x2e, 0x31, 0x32, 0x32, 0x31, 0x4c, 0x39, 0x2e
  .byte 0x35, 0x38, 0x37, 0x30, 0x38, 0x20, 0x32, 0x32, 0x2e, 0x32, 0x34, 0x32, 0x32, 0x43, 0x39, 0x2e
  .byte 0x35, 0x38, 0x31, 0x37, 0x32, 0x20, 0x32, 0x32, 0x2e, 0x34, 0x33, 0x39, 0x34, 0x20, 0x39, 0x2e
  .byte 0x35, 0x37, 0x37, 0x37, 0x32, 0x20, 0x32, 0x32, 0x2e, 0x36, 0x33, 0x36, 0x39, 0x20, 0x39, 0x2e
  .byte 0x35, 0x37, 0x35, 0x33, 0x37, 0x20, 0x32, 0x32, 0x2e, 0x38, 0x33, 0x34, 0x43, 0x39, 0x2e, 0x35
  .byte 0x35, 0x35, 0x39, 0x32, 0x20, 0x32, 0x34, 0x2e, 0x34, 0x39, 0x37, 0x35, 0x20, 0x31, 0x30, 0x2e
  .byte 0x32, 0x36, 0x31, 0x36, 0x20, 0x32, 0x35, 0x2e, 0x38, 0x39, 0x31, 0x35, 0x20, 0x31, 0x31, 0x2e
  .byte 0x38, 0x36, 0x32, 0x35, 0x20, 0x32, 0x36, 0x2e, 0x35, 0x37, 0x35, 0x32, 0x43, 0x31, 0x32, 0x2e
  .byte 0x33, 0x38, 0x33, 0x32, 0x20, 0x32, 0x36, 0x2e, 0x37, 0x39, 0x37, 0x36, 0x20, 0x31, 0x32, 0x2e
  .byte 0x38, 0x37, 0x36, 0x38, 0x20, 0x32, 0x36, 0x2e, 0x38, 0x35, 0x30, 0x36, 0x20, 0x31, 0x33, 0x2e
  .byte 0x34, 0x32, 0x34, 0x20, 0x32, 0x36, 0x2e, 0x38, 0x36, 0x35, 0x33, 0x4c, 0x31, 0x33, 0x2e, 0x39
  .byte 0x39, 0x32, 0x34, 0x20, 0x32, 0x36, 0x2e, 0x38, 0x37, 0x32, 0x31, 0x4c, 0x31, 0x34, 0x2e, 0x30
  .byte 0x37, 0x32, 0x34, 0x20, 0x32, 0x36, 0x2e, 0x38, 0x37, 0x33, 0x31, 0x4c, 0x31, 0x34, 0x2e, 0x31
  .byte 0x32, 0x34, 0x32, 0x20, 0x32, 0x36, 0x2e, 0x39, 0x33, 0x34, 0x36, 0x43, 0x31, 0x34, 0x2e, 0x36
  .byte 0x33, 0x31, 0x37, 0x20, 0x32, 0x37, 0x2e, 0x35, 0x34, 0x33, 0x32, 0x20, 0x31, 0x35, 0x2e, 0x30
  .byte 0x37, 0x37, 0x31, 0x20, 0x32, 0x38, 0x2e, 0x30, 0x31, 0x33, 0x34, 0x20, 0x31, 0x35, 0x2e, 0x35
  .byte 0x39, 0x34, 0x39, 0x20, 0x32, 0x38, 0x2e, 0x33, 0x37, 0x34, 0x31, 0x43, 0x31, 0x36, 0x2e, 0x31
  .byte 0x31, 0x20, 0x32, 0x38, 0x2e, 0x37, 0x33, 0x32, 0x38, 0x20, 0x31, 0x36, 0x2e, 0x37, 0x30, 0x35
  .byte 0x31, 0x20, 0x32, 0x38, 0x2e, 0x39, 0x38, 0x37, 0x38, 0x20, 0x31, 0x37, 0x2e, 0x35, 0x31, 0x36
  .byte 0x38, 0x20, 0x32, 0x39, 0x2e, 0x31, 0x35, 0x32, 0x34, 0x48, 0x31, 0x37, 0x2e, 0x35, 0x31, 0x35
  .byte 0x38, 0x43, 0x31, 0x38, 0x2e, 0x36, 0x39, 0x33, 0x33, 0x20, 0x32, 0x39, 0x2e, 0x33, 0x37, 0x32
  .byte 0x35, 0x20, 0x32, 0x30, 0x2e, 0x30, 0x31, 0x36, 0x36, 0x20, 0x32, 0x39, 0x2e, 0x31, 0x32, 0x34
  .byte 0x33, 0x20, 0x32, 0x30, 0x2e, 0x39, 0x39, 0x33, 0x33, 0x20, 0x32, 0x38, 0x2e, 0x34, 0x34, 0x37
  .byte 0x33, 0x43, 0x32, 0x31, 0x2e, 0x31, 0x34, 0x35, 0x32, 0x20, 0x32, 0x38, 0x2e, 0x33, 0x34, 0x32
  .byte 0x20, 0x32, 0x31, 0x2e, 0x32, 0x36, 0x35, 0x38, 0x20, 0x32, 0x38, 0x2e, 0x32, 0x33, 0x38, 0x37
  .byte 0x20, 0x32, 0x31, 0x2e, 0x33, 0x38, 0x30, 0x31, 0x20, 0x32, 0x38, 0x2e, 0x31, 0x34, 0x30, 0x37
  .byte 0x43, 0x32, 0x31, 0x2e, 0x34, 0x39, 0x31, 0x36, 0x20, 0x32, 0x38, 0x2e, 0x30, 0x34, 0x34, 0x39
  .byte 0x20, 0x32, 0x31, 0x2e, 0x36, 0x30, 0x33, 0x37, 0x20, 0x32, 0x37, 0x2e, 0x39, 0x34, 0x38, 0x33
  .byte 0x20, 0x32, 0x31, 0x2e, 0x37, 0x32, 0x37, 0x37, 0x20, 0x32, 0x37, 0x2e, 0x38, 0x37, 0x33, 0x31
  .byte 0x43, 0x32, 0x31, 0x2e, 0x39, 0x39, 0x34, 0x38, 0x20, 0x32, 0x37, 0x2e, 0x37, 0x31, 0x31, 0x31
  .byte 0x20, 0x32, 0x32, 0x2e, 0x32, 0x39, 0x36, 0x35, 0x20, 0x32, 0x37, 0x2e, 0x36, 0x36, 0x30, 0x31
  .byte 0x20, 0x32, 0x32, 0x2e, 0x37, 0x38, 0x32, 0x34, 0x20, 0x32, 0x37, 0x2e, 0x37, 0x36, 0x36, 0x36
  .byte 0x43, 0x32, 0x34, 0x2e, 0x30, 0x30, 0x35, 0x35, 0x20, 0x32, 0x38, 0x2e, 0x30, 0x33, 0x34, 0x38
  .byte 0x20, 0x32, 0x35, 0x2e, 0x30, 0x37, 0x31, 0x37, 0x20, 0x32, 0x37, 0x2e, 0x37, 0x34, 0x39, 0x32
  .byte 0x20, 0x32, 0x35, 0x2e, 0x38, 0x32, 0x32, 0x34, 0x20, 0x32, 0x37, 0x2e, 0x31, 0x30, 0x38, 0x34
  .byte 0x43, 0x32, 0x36, 0x2e, 0x35, 0x37, 0x34, 0x31, 0x20, 0x32, 0x36, 0x2e, 0x34, 0x36, 0x36, 0x37
  .byte 0x20, 0x32, 0x37, 0x2e, 0x30, 0x32, 0x35, 0x20, 0x32, 0x35, 0x2e, 0x34, 0x35, 0x34, 0x38, 0x20
  .byte 0x32, 0x36, 0x2e, 0x39, 0x38, 0x39, 0x34, 0x20, 0x32, 0x34, 0x2e, 0x32, 0x34, 0x32, 0x32, 0x56
  .byte 0x32, 0x34, 0x2e, 0x32, 0x33, 0x30, 0x35, 0x4c, 0x32, 0x36, 0x2e, 0x39, 0x39, 0x30, 0x34, 0x20
  .byte 0x32, 0x34, 0x2e, 0x32, 0x31, 0x37, 0x38, 0x43, 0x32, 0x37, 0x2e, 0x30, 0x30, 0x39, 0x32, 0x20
  .byte 0x32, 0x34, 0x2e, 0x30, 0x35, 0x30, 0x33, 0x20, 0x32, 0x37, 0x2e, 0x30, 0x39, 0x36, 0x20, 0x32
  .byte 0x33, 0x2e, 0x39, 0x31, 0x38, 0x32, 0x20, 0x32, 0x37, 0x2e, 0x32, 0x30, 0x32, 0x33, 0x20, 0x32
  .byte 0x33, 0x2e, 0x38, 0x31, 0x35, 0x35, 0x43, 0x32, 0x37, 0x2e, 0x33, 0x30, 0x37, 0x20, 0x32, 0x33
  .byte 0x2e, 0x37, 0x31, 0x34, 0x33, 0x20, 0x32, 0x37, 0x2e, 0x34, 0x33, 0x38, 0x34, 0x20, 0x32, 0x33
  .byte 0x2e, 0x36, 0x33, 0x33, 0x39, 0x20, 0x32, 0x37, 0x2e, 0x35, 0x36, 0x35, 0x36, 0x20, 0x32, 0x33
  .byte 0x2e, 0x35, 0x36, 0x37, 0x34, 0x43, 0x32, 0x37, 0x2e, 0x36, 0x39, 0x32, 0x20, 0x32, 0x33, 0x2e
  .byte 0x35, 0x30, 0x31, 0x33, 0x20, 0x32, 0x37, 0x2e, 0x38, 0x32, 0x39, 0x35, 0x20, 0x32, 0x33, 0x2e
  .byte 0x34, 0x34, 0x31, 0x20, 0x32, 0x37, 0x2e, 0x39, 0x34, 0x31, 0x36, 0x20, 0x32, 0x33, 0x2e, 0x33
  .byte 0x38, 0x38, 0x37, 0x43, 0x32, 0x38, 0x2e, 0x30, 0x36, 0x30, 0x35, 0x20, 0x32, 0x33, 0x2e, 0x33
  .byte 0x33, 0x33, 0x31, 0x20, 0x32, 0x38, 0x2e, 0x31, 0x35, 0x30, 0x31, 0x20, 0x32, 0x33, 0x2e, 0x32
  .byte 0x38, 0x37, 0x35, 0x20, 0x32, 0x38, 0x2e, 0x32, 0x30, 0x37, 0x32, 0x20, 0x32, 0x33, 0x2e, 0x32
  .byte 0x34, 0x33, 0x32, 0x43, 0x32, 0x39, 0x2e, 0x30, 0x38, 0x39, 0x20, 0x32, 0x32, 0x2e, 0x35, 0x35
  .byte 0x38, 0x32, 0x20, 0x32, 0x39, 0x2e, 0x35, 0x32, 0x30, 0x33, 0x20, 0x32, 0x31, 0x2e, 0x37, 0x32
  .byte 0x30, 0x38, 0x20, 0x32, 0x39, 0x2e, 0x35, 0x39, 0x33, 0x39, 0x20, 0x32, 0x30, 0x2e, 0x38, 0x34
  .byte 0x32, 0x38, 0x43, 0x32, 0x39, 0x2e, 0x36, 0x36, 0x37, 0x38, 0x20, 0x31, 0x39, 0x2e, 0x39, 0x36
  .byte 0x30, 0x36, 0x20, 0x32, 0x39, 0x2e, 0x33, 0x38, 0x31, 0x32, 0x20, 0x31, 0x39, 0x2e, 0x30, 0x31
  .byte 0x38, 0x33, 0x20, 0x32, 0x38, 0x2e, 0x37, 0x39, 0x34, 0x31, 0x20, 0x31, 0x38, 0x2e, 0x31, 0x32
  .byte 0x38, 0x39, 0x4c, 0x32, 0x38, 0x2e, 0x37, 0x34, 0x35, 0x33, 0x20, 0x31, 0x38, 0x2e, 0x30, 0x35
  .byte 0x34, 0x37, 0x4c, 0x32, 0x38, 0x2e, 0x37, 0x37, 0x36, 0x35, 0x20, 0x31, 0x37, 0x2e, 0x39, 0x37
  .byte 0x31, 0x37, 0x43, 0x32, 0x39, 0x2e, 0x30, 0x35, 0x30, 0x33, 0x20, 0x31, 0x37, 0x2e, 0x32, 0x35
  .byte 0x34, 0x37, 0x20, 0x32, 0x39, 0x2e, 0x32, 0x31, 0x38, 0x38, 0x20, 0x31, 0x36, 0x2e, 0x39, 0x31
  .byte 0x30, 0x39, 0x20, 0x32, 0x39, 0x2e, 0x33, 0x32, 0x33, 0x34, 0x20, 0x31, 0x36, 0x2e, 0x31, 0x39
  .byte 0x32, 0x34, 0x43, 0x32, 0x39, 0x2e, 0x33, 0x39, 0x35, 0x20, 0x31, 0x35, 0x2e, 0x37, 0x30, 0x30
  .byte 0x32, 0x20, 0x32, 0x39, 0x2e, 0x32, 0x32, 0x37, 0x36, 0x20, 0x31, 0x35, 0x2e, 0x32, 0x36, 0x38
  .byte 0x35, 0x20, 0x32, 0x39, 0x2e, 0x30, 0x33, 0x32, 0x34, 0x20, 0x31, 0x34, 0x2e, 0x38, 0x39, 0x39
  .byte 0x35, 0x43, 0x32, 0x38, 0x2e, 0x39, 0x38, 0x33, 0x38, 0x20, 0x31, 0x34, 0x2e, 0x38, 0x30, 0x37
  .byte 0x35, 0x20, 0x32, 0x38, 0x2e, 0x39, 0x33, 0x33, 0x37, 0x20, 0x31, 0x34, 0x2e, 0x37, 0x32, 0x30
  .byte 0x39, 0x20, 0x32, 0x38, 0x2e, 0x38, 0x38, 0x35, 0x39, 0x20, 0x31, 0x34, 0x2e, 0x36, 0x33, 0x37
  .byte 0x37, 0x43, 0x32, 0x38, 0x2e, 0x38, 0x33, 0x38, 0x37, 0x20, 0x31, 0x34, 0x2e, 0x35, 0x35, 0x35
  .byte 0x37, 0x20, 0x32, 0x38, 0x2e, 0x37, 0x39, 0x32, 0x34, 0x20, 0x31, 0x34, 0x2e, 0x34, 0x37, 0x34
  .byte 0x38, 0x20, 0x32, 0x38, 0x2e, 0x37, 0x35, 0x33, 0x31, 0x20, 0x31, 0x34, 0x2e, 0x34, 0x30, 0x30
  .byte 0x34, 0x43, 0x32, 0x38, 0x2e, 0x37, 0x31, 0x34, 0x32, 0x20, 0x31, 0x34, 0x2e, 0x33, 0x32, 0x36
  .byte 0x37, 0x20, 0x32, 0x38, 0x2e, 0x36, 0x37, 0x38, 0x31, 0x20, 0x31, 0x34, 0x2e, 0x32, 0x35, 0x32
  .byte 0x34, 0x20, 0x32, 0x38, 0x2e, 0x36, 0x35, 0x34, 0x35, 0x20, 0x31, 0x34, 0x2e, 0x31, 0x38, 0x30
  .byte 0x37, 0x43, 0x32, 0x38, 0x2e, 0x36, 0x33, 0x31, 0x32, 0x20, 0x31, 0x34, 0x2e, 0x31, 0x31, 0x30
  .byte 0x31, 0x20, 0x32, 0x38, 0x2e, 0x36, 0x31, 0x35, 0x20, 0x31, 0x34, 0x2e, 0x30, 0x32, 0x37, 0x38
  .byte 0x20, 0x32, 0x38, 0x2e, 0x36, 0x32, 0x38, 0x31, 0x20, 0x31, 0x33, 0x2e, 0x39, 0x34, 0x34, 0x34
  .byte 0x4c, 0x32, 0x38, 0x2e, 0x36, 0x33, 0x34, 0x39, 0x20, 0x31, 0x33, 0x2e, 0x39, 0x30, 0x32, 0x34
  .byte 0x4c, 0x32, 0x38, 0x2e, 0x36, 0x35, 0x39, 0x34, 0x20, 0x31, 0x33, 0x2e, 0x38, 0x36, 0x39, 0x32
  .byte 0x43, 0x32, 0x38, 0x2e, 0x37, 0x32, 0x31, 0x31, 0x20, 0x31, 0x33, 0x2e, 0x37, 0x38, 0x34, 0x38
  .byte 0x20, 0x32, 0x38, 0x2e, 0x37, 0x37, 0x31, 0x39, 0x20, 0x31, 0x33, 0x2e, 0x37, 0x31, 0x36, 0x39
  .byte 0x20, 0x32, 0x38, 0x2e, 0x38, 0x33, 0x39, 0x20, 0x31, 0x33, 0x2e, 0x36, 0x36, 0x33, 0x31, 0x43
  .byte 0x32, 0x38, 0x2e, 0x39, 0x30, 0x36, 0x20, 0x31, 0x33, 0x2e, 0x36, 0x30, 0x39, 0x35, 0x20, 0x32
  .byte 0x38, 0x2e, 0x39, 0x38, 0x32, 0x39, 0x20, 0x31, 0x33, 0x2e, 0x35, 0x37, 0x35, 0x33, 0x20, 0x32
  .byte 0x39, 0x2e, 0x30, 0x37, 0x39, 0x33, 0x20, 0x31, 0x33, 0x2e, 0x35, 0x33, 0x33, 0x32, 0x4c, 0x32
  .byte 0x39, 0x2e, 0x31, 0x30, 0x36, 0x36, 0x20, 0x31, 0x33, 0x2e, 0x35, 0x32, 0x30, 0x35, 0x4c, 0x32
  .byte 0x39, 0x2e, 0x31, 0x33, 0x36, 0x39, 0x20, 0x31, 0x33, 0x2e, 0x35, 0x31, 0x38, 0x36, 0x43, 0x32
  .byte 0x39, 0x2e, 0x35, 0x32, 0x36, 0x31, 0x20, 0x31, 0x33, 0x2e, 0x34, 0x39, 0x31, 0x38, 0x20, 0x32
  .byte 0x39, 0x2e, 0x37, 0x38, 0x30, 0x39, 0x20, 0x31, 0x33, 0x2e, 0x37, 0x30, 0x37, 0x39, 0x20, 0x32
  .byte 0x39, 0x2e, 0x39, 0x34, 0x36, 0x35, 0x20, 0x31, 0x33, 0x2e, 0x39, 0x36, 0x33, 0x39, 0x43, 0x33
  .byte 0x30, 0x2e, 0x31, 0x30, 0x36, 0x36, 0x20, 0x31, 0x34, 0x2e, 0x32, 0x31, 0x31, 0x37, 0x20, 0x33
  .byte 0x30, 0x2e, 0x32, 0x30, 0x31, 0x37, 0x20, 0x31, 0x34, 0x2e, 0x35, 0x32, 0x34, 0x37, 0x20, 0x33
  .byte 0x30, 0x2e, 0x32, 0x37, 0x34, 0x36, 0x20, 0x31, 0x34, 0x2e, 0x37, 0x34, 0x35, 0x32, 0x43, 0x33
  .byte 0x30, 0x2e, 0x36, 0x30, 0x39, 0x20, 0x31, 0x35, 0x2e, 0x37, 0x35, 0x37, 0x34, 0x20, 0x33, 0x30
  .byte 0x2e, 0x35, 0x34, 0x36, 0x20, 0x31, 0x36, 0x2e, 0x39, 0x32, 0x39, 0x37, 0x20, 0x33, 0x30, 0x2e
  .byte 0x30, 0x36, 0x37, 0x36, 0x20, 0x31, 0x37, 0x2e, 0x38, 0x39, 0x33, 0x36, 0x43, 0x33, 0x30, 0x2e
  .byte 0x30, 0x39, 0x34, 0x20, 0x31, 0x37, 0x2e, 0x39, 0x33, 0x37, 0x35, 0x20, 0x33, 0x30, 0x2e, 0x31
  .byte 0x32, 0x30, 0x39, 0x20, 0x31, 0x37, 0x2e, 0x39, 0x38, 0x31, 0x31, 0x20, 0x33, 0x30, 0x2e, 0x31
  .byte 0x34, 0x36, 0x37, 0x20, 0x31, 0x38, 0x2e, 0x30, 0x32, 0x35, 0x34, 0x43, 0x33, 0x30, 0x2e, 0x37
  .byte 0x39, 0x37, 0x20, 0x31, 0x39, 0x2e, 0x31, 0x32, 0x30, 0x34, 0x20, 0x33, 0x30, 0x2e, 0x39, 0x37
  .byte 0x33, 0x33, 0x20, 0x32, 0x30, 0x2e, 0x34, 0x32, 0x38, 0x32, 0x20, 0x33, 0x30, 0x2e, 0x36, 0x33
  .byte 0x35, 0x39, 0x20, 0x32, 0x31, 0x2e, 0x36, 0x35, 0x33, 0x34, 0x43, 0x33, 0x30, 0x2e, 0x34, 0x31
  .byte 0x38, 0x32, 0x20, 0x32, 0x32, 0x2e, 0x34, 0x33, 0x37, 0x38, 0x20, 0x33, 0x30, 0x2e, 0x31, 0x30
  .byte 0x39, 0x20, 0x32, 0x33, 0x2e, 0x30, 0x31, 0x37, 0x36, 0x20, 0x32, 0x39, 0x2e, 0x36, 0x37, 0x36
  .byte 0x20, 0x32, 0x33, 0x2e, 0x34, 0x39, 0x37, 0x31, 0x43, 0x32, 0x39, 0x2e, 0x32, 0x36, 0x33, 0x33
  .byte 0x20, 0x32, 0x33, 0x2e, 0x39, 0x35, 0x33, 0x39, 0x20, 0x32, 0x38, 0x2e, 0x37, 0x34, 0x34, 0x35
  .byte 0x20, 0x32, 0x34, 0x2e, 0x33, 0x30, 0x39, 0x39, 0x20, 0x32, 0x38, 0x2e, 0x31, 0x31, 0x30, 0x35
  .byte 0x20, 0x32, 0x34, 0x2e, 0x36, 0x37, 0x43, 0x32, 0x38, 0x2e, 0x30, 0x39, 0x37, 0x38, 0x20, 0x32
  .byte 0x34, 0x2e, 0x39, 0x32, 0x34, 0x35, 0x20, 0x32, 0x38, 0x2e, 0x31, 0x30, 0x32, 0x32, 0x20, 0x32
  .byte 0x35, 0x2e, 0x31, 0x38, 0x31, 0x33, 0x20, 0x32, 0x38, 0x2e, 0x31, 0x30, 0x35, 0x36, 0x20, 0x32
  .byte 0x35, 0x2e, 0x34, 0x34, 0x35, 0x33, 0x43, 0x32, 0x38, 0x2e, 0x34, 0x31, 0x39, 0x31, 0x20, 0x32
  .byte 0x35, 0x2e, 0x37, 0x34, 0x33, 0x33, 0x20, 0x32, 0x38, 0x2e, 0x36, 0x36, 0x35, 0x37, 0x20, 0x32
  .byte 0x35, 0x2e, 0x38, 0x36, 0x32, 0x34, 0x20, 0x32, 0x39, 0x2e, 0x30, 0x38, 0x36, 0x31, 0x20, 0x32
  .byte 0x36, 0x2e, 0x30, 0x35, 0x37, 0x37, 0x43, 0x32, 0x39, 0x2e, 0x36, 0x33, 0x39, 0x35, 0x20, 0x32
  .byte 0x36, 0x2e, 0x32, 0x39, 0x35, 0x32, 0x20, 0x33, 0x30, 0x2e, 0x31, 0x30, 0x37, 0x32, 0x20, 0x32
  .byte 0x36, 0x2e, 0x33, 0x38, 0x34, 0x38, 0x20, 0x33, 0x30, 0x2e, 0x37, 0x30, 0x38, 0x32, 0x20, 0x32
  .byte 0x36, 0x2e, 0x33, 0x35, 0x39, 0x34, 0x48, 0x33, 0x30, 0x2e, 0x37, 0x30, 0x39, 0x32, 0x43, 0x33
  .byte 0x31, 0x2e, 0x35, 0x33, 0x36, 0x36, 0x20, 0x32, 0x36, 0x2e, 0x33, 0x32, 0x37, 0x31, 0x20, 0x33
  .byte 0x32, 0x2e, 0x33, 0x31, 0x35, 0x39, 0x20, 0x32, 0x35, 0x2e, 0x39, 0x36, 0x39, 0x33, 0x20, 0x33
  .byte 0x32, 0x2e, 0x38, 0x37, 0x34, 0x32, 0x20, 0x32, 0x35, 0x2e, 0x33, 0x36, 0x37, 0x32, 0x43, 0x33
  .byte 0x33, 0x2e, 0x35, 0x33, 0x34, 0x37, 0x20, 0x32, 0x34, 0x2e, 0x36, 0x34, 0x31, 0x33, 0x20, 0x33
  .byte 0x33, 0x2e, 0x37, 0x32, 0x33, 0x31, 0x20, 0x32, 0x33, 0x2e, 0x37, 0x37, 0x35, 0x20, 0x33, 0x33
  .byte 0x2e, 0x36, 0x37, 0x34, 0x20, 0x32, 0x32, 0x2e, 0x38, 0x30, 0x36, 0x37, 0x4c, 0x33, 0x33, 0x2e
  .byte 0x36, 0x36, 0x38, 0x31, 0x20, 0x32, 0x32, 0x2e, 0x36, 0x39, 0x32, 0x34, 0x4c, 0x33, 0x33, 0x2e
  .byte 0x37, 0x37, 0x30, 0x37, 0x20, 0x32, 0x32, 0x2e, 0x36, 0x34, 0x32, 0x36, 0x43, 0x33, 0x36, 0x2e
  .byte 0x34, 0x36, 0x36, 0x36, 0x20, 0x32, 0x31, 0x2e, 0x33, 0x31, 0x35, 0x37, 0x20, 0x33, 0x37, 0x2e
  .byte 0x32, 0x33, 0x31, 0x32, 0x20, 0x31, 0x38, 0x2e, 0x31, 0x32, 0x37, 0x35, 0x20, 0x33, 0x35, 0x2e
  .byte 0x32, 0x31, 0x31, 0x31, 0x20, 0x31, 0x35, 0x2e, 0x38, 0x33, 0x38, 0x39, 0x43, 0x33, 0x35, 0x2e
  .byte 0x31, 0x37, 0x36, 0x36, 0x20, 0x31, 0x35, 0x2e, 0x37, 0x39, 0x39, 0x39, 0x20, 0x33, 0x35, 0x2e
  .byte 0x30, 0x38, 0x35, 0x31, 0x20, 0x31, 0x35, 0x2e, 0x37, 0x32, 0x35, 0x38, 0x20, 0x33, 0x34, 0x2e
  .byte 0x39, 0x34, 0x37, 0x34, 0x20, 0x31, 0x35, 0x2e, 0x36, 0x32, 0x34, 0x31, 0x43, 0x33, 0x34, 0x2e
  .byte 0x38, 0x31, 0x34, 0x39, 0x20, 0x31, 0x35, 0x2e, 0x35, 0x32, 0x36, 0x31, 0x20, 0x33, 0x34, 0x2e
  .byte 0x36, 0x35, 0x36, 0x34, 0x20, 0x31, 0x35, 0x2e, 0x34, 0x31, 0x34, 0x39, 0x20, 0x33, 0x34, 0x2e
  .byte 0x34, 0x39, 0x39, 0x32, 0x20, 0x31, 0x35, 0x2e, 0x33, 0x30, 0x32, 0x38, 0x43, 0x33, 0x34, 0x2e
  .byte 0x33, 0x34, 0x33, 0x39, 0x20, 0x31, 0x35, 0x2e, 0x31, 0x39, 0x32, 0x20, 0x33, 0x34, 0x2e, 0x31
  .byte 0x38, 0x39, 0x33, 0x20, 0x31, 0x35, 0x2e, 0x30, 0x38, 0x30, 0x31, 0x20, 0x33, 0x34, 0x2e, 0x30
  .byte 0x37, 0x31, 0x35, 0x20, 0x31, 0x34, 0x2e, 0x39, 0x38, 0x35, 0x34, 0x43, 0x33, 0x34, 0x2e, 0x30
  .byte 0x31, 0x32, 0x39, 0x20, 0x31, 0x34, 0x2e, 0x39, 0x33, 0x38, 0x33, 0x20, 0x33, 0x33, 0x2e, 0x39
  .byte 0x35, 0x39, 0x33, 0x20, 0x31, 0x34, 0x2e, 0x38, 0x39, 0x32, 0x32, 0x20, 0x33, 0x33, 0x2e, 0x39
  .byte 0x31, 0x38, 0x31, 0x20, 0x31, 0x34, 0x2e, 0x38, 0x35, 0x30, 0x36, 0x43, 0x33, 0x33, 0x2e, 0x38
  .byte 0x39, 0x37, 0x37, 0x20, 0x31, 0x34, 0x2e, 0x38, 0x32, 0x39, 0x39, 0x20, 0x33, 0x33, 0x2e, 0x38
  .byte 0x37, 0x37, 0x37, 0x20, 0x31, 0x34, 0x2e, 0x38, 0x30, 0x36, 0x39, 0x20, 0x33, 0x33, 0x2e, 0x38
  .byte 0x36, 0x30, 0x35, 0x20, 0x31, 0x34, 0x2e, 0x37, 0x38, 0x33, 0x32, 0x43, 0x33, 0x33, 0x2e, 0x38
  .byte 0x34, 0x35, 0x37, 0x20, 0x31, 0x34, 0x2e, 0x37, 0x36, 0x32, 0x38, 0x20, 0x33, 0x33, 0x2e, 0x38
  .byte 0x32, 0x31, 0x39, 0x20, 0x31, 0x34, 0x2e, 0x37, 0x32, 0x35, 0x39, 0x20, 0x33, 0x33, 0x2e, 0x38
  .byte 0x31, 0x32, 0x37, 0x20, 0x31, 0x34, 0x2e, 0x36, 0x37, 0x38, 0x37, 0x43, 0x33, 0x33, 0x2e, 0x37
  .byte 0x33, 0x30, 0x39, 0x20, 0x31, 0x34, 0x2e, 0x32, 0x35, 0x38, 0x39, 0x20, 0x33, 0x33, 0x2e, 0x37
  .byte 0x35, 0x35, 0x35, 0x20, 0x31, 0x33, 0x2e, 0x38, 0x31, 0x34, 0x32, 0x20, 0x33, 0x33, 0x2e, 0x37
  .byte 0x34, 0x36, 0x33, 0x20, 0x31, 0x33, 0x2e, 0x34, 0x31, 0x39, 0x43, 0x33, 0x33, 0x2e, 0x37, 0x33
  .byte 0x36, 0x37, 0x20, 0x31, 0x33, 0x2e, 0x30, 0x31, 0x32, 0x20, 0x33, 0x33, 0x2e, 0x36, 0x39, 0x33
  .byte 0x37, 0x20, 0x31, 0x32, 0x2e, 0x36, 0x33, 0x30, 0x32, 0x20, 0x33, 0x33, 0x2e, 0x34, 0x39, 0x37
  .byte 0x32, 0x20, 0x31, 0x32, 0x2e, 0x32, 0x36, 0x37, 0x36, 0x4c, 0x33, 0x33, 0x2e, 0x34, 0x39, 0x31
  .byte 0x34, 0x20, 0x31, 0x32, 0x2e, 0x32, 0x35, 0x37, 0x38, 0x43, 0x33, 0x33, 0x2e, 0x31, 0x30, 0x35
  .byte 0x32, 0x20, 0x31, 0x31, 0x2e, 0x34, 0x31, 0x37, 0x20, 0x33, 0x32, 0x2e, 0x36, 0x36, 0x36, 0x34
  .byte 0x20, 0x31, 0x31, 0x2e, 0x30, 0x31, 0x36, 0x20, 0x33, 0x32, 0x2e, 0x31, 0x35, 0x31, 0x35, 0x20
  .byte 0x31, 0x30, 0x2e, 0x37, 0x34, 0x38, 0x31, 0x43, 0x33, 0x31, 0x2e, 0x38, 0x38, 0x38, 0x37, 0x20
  .byte 0x31, 0x30, 0x2e, 0x36, 0x31, 0x31, 0x33, 0x20, 0x33, 0x31, 0x2e, 0x36, 0x30, 0x32, 0x34, 0x20
  .byte 0x31, 0x30, 0x2e, 0x35, 0x30, 0x37, 0x35, 0x20, 0x33, 0x31, 0x2e, 0x32, 0x38, 0x31, 0x34, 0x20
  .byte 0x31, 0x30, 0x2e, 0x33, 0x39, 0x38, 0x35, 0x43, 0x33, 0x30, 0x2e, 0x39, 0x36, 0x33, 0x31, 0x20
  .byte 0x31, 0x30, 0x2e, 0x32, 0x39, 0x30, 0x33, 0x20, 0x33, 0x30, 0x2e, 0x36, 0x31, 0x30, 0x36, 0x20
  .byte 0x31, 0x30, 0x2e, 0x31, 0x37, 0x36, 0x38, 0x20, 0x33, 0x30, 0x2e, 0x32, 0x33, 0x31, 0x36, 0x20
  .byte 0x31, 0x30, 0x2e, 0x30, 0x32, 0x34, 0x35, 0x4c, 0x33, 0x30, 0x2e, 0x31, 0x38, 0x35, 0x37, 0x20
  .byte 0x31, 0x30, 0x2e, 0x30, 0x30, 0x35, 0x39, 0x4c, 0x33, 0x30, 0x2e, 0x31, 0x35, 0x36, 0x34, 0x20
  .byte 0x39, 0x2e, 0x39, 0x36, 0x36, 0x38, 0x33, 0x43, 0x33, 0x30, 0x2e, 0x30, 0x37, 0x33, 0x33, 0x20
  .byte 0x39, 0x2e, 0x38, 0x35, 0x33, 0x36, 0x34, 0x20, 0x33, 0x30, 0x2e, 0x30, 0x32, 0x36, 0x39, 0x20
  .byte 0x39, 0x2e, 0x37, 0x33, 0x38, 0x33, 0x36, 0x20, 0x33, 0x30, 0x2e, 0x30, 0x34, 0x30, 0x32, 0x20
  .byte 0x39, 0x2e, 0x36, 0x31, 0x30, 0x33, 0x39, 0x43, 0x33, 0x30, 0x2e, 0x30, 0x35, 0x32, 0x31, 0x20
  .byte 0x39, 0x2e, 0x34, 0x39, 0x36, 0x38, 0x20, 0x33, 0x30, 0x2e, 0x31, 0x31, 0x30, 0x36, 0x20, 0x39
  .byte 0x2e, 0x33, 0x39, 0x36, 0x36, 0x38, 0x20, 0x33, 0x30, 0x2e, 0x31, 0x35, 0x38, 0x34, 0x20, 0x39
  .byte 0x2e, 0x33, 0x31, 0x35, 0x34, 0x37, 0x4c, 0x33, 0x30, 0x2e, 0x31, 0x37, 0x37, 0x39, 0x20, 0x39
  .byte 0x2e, 0x32, 0x38, 0x31, 0x32, 0x39, 0x4c, 0x33, 0x30, 0x2e, 0x32, 0x31, 0x31, 0x31, 0x20, 0x39
  .byte 0x2e, 0x32, 0x35, 0x39, 0x38, 0x43, 0x33, 0x30, 0x2e, 0x34, 0x35, 0x35, 0x35, 0x20, 0x39, 0x2e
  .byte 0x30, 0x39, 0x34, 0x34, 0x34, 0x20, 0x33, 0x30, 0x2e, 0x37, 0x34, 0x35, 0x34, 0x20, 0x39, 0x2e
  .byte 0x30, 0x37, 0x30, 0x38, 0x36, 0x20, 0x33, 0x31, 0x2e, 0x30, 0x30, 0x31, 0x31, 0x20, 0x39, 0x2e
  .byte 0x31, 0x30, 0x36, 0x34, 0x38, 0x43, 0x33, 0x33, 0x2e, 0x36, 0x35, 0x32, 0x34, 0x20, 0x39, 0x2e
  .byte 0x34, 0x37, 0x35, 0x39, 0x20, 0x33, 0x35, 0x2e, 0x31, 0x34, 0x32, 0x37, 0x20, 0x31, 0x31, 0x2e
  .byte 0x37, 0x32, 0x34, 0x31, 0x20, 0x33, 0x34, 0x2e, 0x39, 0x38, 0x30, 0x36, 0x20, 0x31, 0x34, 0x2e
  .byte 0x31, 0x38, 0x36, 0x36, 0x43, 0x33, 0x36, 0x2e, 0x35, 0x33, 0x39, 0x38, 0x20, 0x31, 0x35, 0x2e
  .byte 0x30, 0x33, 0x38, 0x38, 0x20, 0x33, 0x37, 0x2e, 0x33, 0x38, 0x31, 0x34, 0x20, 0x31, 0x36, 0x2e
  .byte 0x36, 0x33, 0x38, 0x32, 0x20, 0x33, 0x37, 0x2e, 0x35, 0x30, 0x34, 0x31, 0x20, 0x31, 0x38, 0x2e
  .byte 0x32, 0x39, 0x30, 0x31, 0x43, 0x33, 0x37, 0x2e, 0x36, 0x32, 0x39, 0x32, 0x20, 0x31, 0x39, 0x2e
  .byte 0x39, 0x37, 0x36, 0x32, 0x20, 0x33, 0x37, 0x2e, 0x30, 0x30, 0x38, 0x33, 0x20, 0x32, 0x31, 0x2e
  .byte 0x37, 0x33, 0x38, 0x35, 0x20, 0x33, 0x35, 0x2e, 0x36, 0x31, 0x33, 0x35, 0x20, 0x32, 0x32, 0x2e
  .byte 0x38, 0x34, 0x31, 0x38, 0x43, 0x33, 0x35, 0x2e, 0x33, 0x37, 0x30, 0x32, 0x20, 0x32, 0x33, 0x2e
  .byte 0x30, 0x33, 0x34, 0x32, 0x20, 0x33, 0x35, 0x2e, 0x31, 0x34, 0x33, 0x31, 0x20, 0x32, 0x33, 0x2e
  .byte 0x31, 0x39, 0x32, 0x37, 0x20, 0x33, 0x34, 0x2e, 0x38, 0x38, 0x39, 0x38, 0x20, 0x32, 0x33, 0x2e
  .byte 0x33, 0x36, 0x30, 0x34, 0x43, 0x33, 0x34, 0x2e, 0x37, 0x34, 0x31, 0x20, 0x32, 0x34, 0x2e, 0x32
  .byte 0x33, 0x38, 0x20, 0x33, 0x34, 0x2e, 0x36, 0x31, 0x36, 0x37, 0x20, 0x32, 0x35, 0x2e, 0x30, 0x34
  .byte 0x32, 0x31, 0x20, 0x33, 0x34, 0x2e, 0x30, 0x33, 0x33, 0x34, 0x20, 0x32, 0x35, 0x2e, 0x38, 0x33
  .byte 0x33, 0x43, 0x33, 0x33, 0x2e, 0x30, 0x34, 0x32, 0x37, 0x20, 0x32, 0x37, 0x2e, 0x31, 0x37, 0x35
  .byte 0x39, 0x20, 0x33, 0x31, 0x2e, 0x33, 0x35, 0x32, 0x39, 0x20, 0x32, 0x37, 0x2e, 0x37, 0x31, 0x32
  .byte 0x36, 0x20, 0x32, 0x39, 0x2e, 0x37, 0x34, 0x37, 0x32, 0x20, 0x32, 0x37, 0x2e, 0x34, 0x35, 0x39
  .byte 0x43, 0x32, 0x38, 0x2e, 0x39, 0x34, 0x39, 0x31, 0x20, 0x32, 0x37, 0x2e, 0x33, 0x33, 0x33, 0x20
  .byte 0x32, 0x38, 0x2e, 0x33, 0x32, 0x31, 0x20, 0x32, 0x37, 0x2e, 0x30, 0x35, 0x35, 0x20, 0x32, 0x37
  .byte 0x2e, 0x36, 0x38, 0x34, 0x37, 0x20, 0x32, 0x36, 0x2e, 0x36, 0x32, 0x30, 0x32, 0x43, 0x32, 0x37
  .byte 0x2e, 0x31, 0x32, 0x35, 0x36, 0x20, 0x32, 0x37, 0x2e, 0x36, 0x34, 0x34, 0x33, 0x20, 0x32, 0x36
  .byte 0x2e, 0x33, 0x37, 0x39, 0x34, 0x20, 0x32, 0x38, 0x2e, 0x33, 0x32, 0x39, 0x32, 0x20, 0x32, 0x35
  .byte 0x2e, 0x34, 0x38, 0x30, 0x36, 0x20, 0x32, 0x38, 0x2e, 0x37, 0x30, 0x33, 0x32, 0x43, 0x32, 0x34
  .byte 0x2e, 0x35, 0x35, 0x37, 0x31, 0x20, 0x32, 0x39, 0x2e, 0x30, 0x38, 0x37, 0x33, 0x20, 0x32, 0x33
  .byte 0x2e, 0x34, 0x39, 0x30, 0x37, 0x20, 0x32, 0x39, 0x2e, 0x31, 0x33, 0x34, 0x38, 0x20, 0x32, 0x32
  .byte 0x2e, 0x33, 0x33, 0x33, 0x32, 0x20, 0x32, 0x38, 0x2e, 0x39, 0x31, 0x34, 0x31, 0x43, 0x32, 0x32
  .byte 0x2e, 0x30, 0x39, 0x37, 0x34, 0x20, 0x32, 0x39, 0x2e, 0x31, 0x33, 0x30, 0x34, 0x20, 0x32, 0x31
  .byte 0x2e, 0x38, 0x34, 0x34, 0x31, 0x20, 0x32, 0x39, 0x2e, 0x33, 0x31, 0x31, 0x34, 0x20, 0x32, 0x31
  .byte 0x2e, 0x35, 0x37, 0x36, 0x33, 0x20, 0x32, 0x39, 0x2e, 0x34, 0x37, 0x35, 0x36, 0x56, 0x32, 0x39
  .byte 0x2e, 0x34, 0x37, 0x36, 0x36, 0x43, 0x32, 0x30, 0x2e, 0x32, 0x36, 0x36, 0x38, 0x20, 0x33, 0x30
  .byte 0x2e, 0x32, 0x37, 0x35, 0x36, 0x20, 0x31, 0x38, 0x2e, 0x37, 0x30, 0x34, 0x39, 0x20, 0x33, 0x30
  .byte 0x2e, 0x35, 0x35, 0x39, 0x37, 0x20, 0x31, 0x37, 0x2e, 0x31, 0x39, 0x39, 0x34, 0x20, 0x33, 0x30
  .byte 0x2e, 0x32, 0x38, 0x30, 0x33, 0x4c, 0x31, 0x36, 0x2e, 0x38, 0x39, 0x39, 0x36, 0x20, 0x33, 0x30
  .byte 0x2e, 0x32, 0x31, 0x36, 0x38, 0x43, 0x31, 0x36, 0x2e, 0x33, 0x30, 0x36, 0x35, 0x20, 0x33, 0x30
  .byte 0x2e, 0x30, 0x37, 0x38, 0x37, 0x20, 0x31, 0x35, 0x2e, 0x36, 0x32, 0x31, 0x38, 0x20, 0x32, 0x39
  .byte 0x2e, 0x37, 0x38, 0x33, 0x31, 0x20, 0x31, 0x35, 0x2e, 0x30, 0x30, 0x37, 0x20, 0x32, 0x39, 0x2e
  .byte 0x33, 0x39, 0x38, 0x35, 0x43, 0x31, 0x34, 0x2e, 0x34, 0x32, 0x33, 0x34, 0x20, 0x32, 0x39, 0x2e
  .byte 0x30, 0x33, 0x33, 0x33, 0x20, 0x31, 0x33, 0x2e, 0x38, 0x39, 0x20, 0x32, 0x38, 0x2e, 0x35, 0x37
  .byte 0x37, 0x31, 0x20, 0x31, 0x33, 0x2e, 0x35, 0x35, 0x36, 0x38, 0x20, 0x32, 0x38, 0x2e, 0x30, 0x38
  .byte 0x35, 0x43, 0x31, 0x32, 0x2e, 0x36, 0x30, 0x35, 0x20, 0x32, 0x38, 0x2e, 0x30, 0x32, 0x30, 0x34
  .byte 0x20, 0x31, 0x31, 0x2e, 0x37, 0x35, 0x31, 0x39, 0x20, 0x32, 0x37, 0x2e, 0x38, 0x35, 0x31, 0x32
  .byte 0x20, 0x31, 0x31, 0x2e, 0x30, 0x30, 0x35, 0x31, 0x20, 0x32, 0x37, 0x2e, 0x34, 0x37, 0x39, 0x35
  .byte 0x43, 0x31, 0x30, 0x2e, 0x32, 0x37, 0x35, 0x38, 0x20, 0x32, 0x37, 0x2e, 0x31, 0x31, 0x36, 0x36
  .byte 0x20, 0x39, 0x2e, 0x36, 0x35, 0x39, 0x33, 0x20, 0x32, 0x36, 0x2e, 0x35, 0x36, 0x34, 0x34, 0x20
  .byte 0x39, 0x2e, 0x31, 0x34, 0x39, 0x35, 0x38, 0x20, 0x32, 0x35, 0x2e, 0x37, 0x35, 0x31, 0x43, 0x38
  .byte 0x2e, 0x30, 0x33, 0x36, 0x34, 0x36, 0x20, 0x32, 0x36, 0x2e, 0x33, 0x38, 0x33, 0x39, 0x20, 0x36
  .byte 0x2e, 0x38, 0x34, 0x36, 0x32, 0x31, 0x20, 0x32, 0x36, 0x2e, 0x35, 0x36, 0x38, 0x33, 0x20, 0x35
  .byte 0x2e, 0x38, 0x31, 0x38, 0x35, 0x33, 0x20, 0x32, 0x36, 0x2e, 0x32, 0x35, 0x37, 0x38, 0x43, 0x34
  .byte 0x2e, 0x37, 0x36, 0x31, 0x35, 0x31, 0x20, 0x32, 0x35, 0x2e, 0x39, 0x33, 0x38, 0x35, 0x20, 0x33
  .byte 0x2e, 0x39, 0x30, 0x34, 0x37, 0x20, 0x32, 0x35, 0x2e, 0x31, 0x30, 0x34, 0x33, 0x20, 0x33, 0x2e
  .byte 0x34, 0x39, 0x34, 0x33, 0x31, 0x20, 0x32, 0x33, 0x2e, 0x37, 0x36, 0x34, 0x37, 0x43, 0x32, 0x2e
  .byte 0x33, 0x35, 0x36, 0x35, 0x33, 0x20, 0x32, 0x33, 0x2e, 0x33, 0x33, 0x34, 0x33, 0x20, 0x31, 0x2e
  .byte 0x34, 0x36, 0x33, 0x33, 0x35, 0x20, 0x32, 0x32, 0x2e, 0x36, 0x35, 0x31, 0x35, 0x20, 0x30, 0x2e
  .byte 0x38, 0x39, 0x30, 0x37, 0x39, 0x36, 0x20, 0x32, 0x31, 0x2e, 0x37, 0x35, 0x38, 0x38, 0x43, 0x30
  .byte 0x2e, 0x33, 0x30, 0x34, 0x32, 0x30, 0x35, 0x20, 0x32, 0x30, 0x2e, 0x38, 0x34, 0x34, 0x32, 0x20
  .byte 0x30, 0x2e, 0x30, 0x36, 0x32, 0x30, 0x31, 0x35, 0x37, 0x20, 0x31, 0x39, 0x2e, 0x37, 0x32, 0x32
  .byte 0x38, 0x20, 0x30, 0x2e, 0x32, 0x32, 0x31, 0x38, 0x35, 0x20, 0x31, 0x38, 0x2e, 0x34, 0x35, 0x38
  .byte 0x43, 0x30, 0x2e, 0x34, 0x30, 0x39, 0x36, 0x36, 0x37, 0x20, 0x31, 0x36, 0x2e, 0x39, 0x37, 0x33
  .byte 0x20, 0x31, 0x2e, 0x31, 0x35, 0x36, 0x36, 0x20, 0x31, 0x35, 0x2e, 0x39, 0x39, 0x37, 0x38, 0x20
  .byte 0x32, 0x2e, 0x33, 0x30, 0x31, 0x39, 0x33, 0x20, 0x31, 0x35, 0x2e, 0x31, 0x32, 0x38, 0x43, 0x32
  .byte 0x2e, 0x33, 0x30, 0x30, 0x31, 0x20, 0x31, 0x35, 0x2e, 0x31, 0x31, 0x38, 0x32, 0x20, 0x32, 0x2e
  .byte 0x32, 0x39, 0x38, 0x38, 0x32, 0x20, 0x31, 0x35, 0x2e, 0x31, 0x30, 0x38, 0x34, 0x20, 0x32, 0x2e
  .byte 0x32, 0x39, 0x37, 0x30, 0x35, 0x20, 0x31, 0x35, 0x2e, 0x30, 0x39, 0x38, 0x37, 0x43, 0x31, 0x2e
  .byte 0x39, 0x38, 0x34, 0x34, 0x38, 0x20, 0x31, 0x33, 0x2e, 0x33, 0x38, 0x35, 0x35, 0x20, 0x32, 0x2e
  .byte 0x31, 0x34, 0x30, 0x38, 0x31, 0x20, 0x31, 0x31, 0x2e, 0x37, 0x33, 0x36, 0x39, 0x20, 0x32, 0x2e
  .byte 0x38, 0x36, 0x30, 0x35, 0x32, 0x20, 0x31, 0x30, 0x2e, 0x34, 0x32, 0x39, 0x37, 0x43, 0x33, 0x2e
  .byte 0x35, 0x38, 0x33, 0x35, 0x32, 0x20, 0x39, 0x2e, 0x31, 0x31, 0x36, 0x38, 0x35, 0x20, 0x34, 0x2e
  .byte 0x38, 0x36, 0x34, 0x35, 0x20, 0x38, 0x2e, 0x31, 0x36, 0x37, 0x39, 0x32, 0x20, 0x36, 0x2e, 0x37
  .byte 0x35, 0x34, 0x30, 0x38, 0x20, 0x37, 0x2e, 0x38, 0x34, 0x30, 0x38, 0x36, 0x4c, 0x36, 0x2e, 0x37
  .byte 0x36, 0x31, 0x38, 0x39, 0x20, 0x37, 0x2e, 0x38, 0x33, 0x38, 0x39, 0x5a, 0x22, 0x2c, 0x0a, 0x20
  .byte 0x20, 0x70, 0x61, 0x36, 0x38, 0x35, 0x61, 0x30, 0x30, 0x3a, 0x0a, 0x20, 0x20, 0x20, 0x20, 0x22
  .byte 0x4d, 0x32, 0x33, 0x2e, 0x38, 0x32, 0x34, 0x37, 0x20, 0x32, 0x2e, 0x32, 0x31, 0x37, 0x37, 0x36
  .byte 0x43, 0x32, 0x34, 0x2e, 0x36, 0x39, 0x39, 0x38, 0x20, 0x32, 0x2e, 0x31, 0x36, 0x37, 0x37, 0x39
  .byte 0x20, 0x32, 0x35, 0x2e, 0x34, 0x35, 0x36, 0x32, 0x20, 0x32, 0x2e, 0x33, 0x31, 0x36, 0x34, 0x35
  .byte 0x20, 0x32, 0x36, 0x2e, 0x30, 0x39, 0x34, 0x32, 0x20, 0x32, 0x2e, 0x36, 0x38, 0x31, 0x36, 0x32
  .byte 0x43, 0x32, 0x36, 0x2e, 0x37, 0x31, 0x30, 0x31, 0x20, 0x33, 0x2e, 0x30, 0x33, 0x34, 0x32, 0x20
  .byte 0x32, 0x37, 0x2e, 0x32, 0x30, 0x30, 0x38, 0x20, 0x33, 0x2e, 0x35, 0x38, 0x32, 0x31, 0x35, 0x20
  .byte 0x32, 0x37, 0x2e, 0x35, 0x38, 0x34, 0x35, 0x20, 0x34, 0x2e, 0x33, 0x31, 0x38, 0x33, 0x34, 0x43
  .byte 0x32, 0x38, 0x2e, 0x34, 0x34, 0x36, 0x33, 0x20, 0x34, 0x2e, 0x34, 0x34, 0x39, 0x39, 0x34, 0x20
  .byte 0x32, 0x39, 0x2e, 0x32, 0x36, 0x35, 0x33, 0x20, 0x34, 0x2e, 0x38, 0x34, 0x34, 0x33, 0x38, 0x20
  .byte 0x32, 0x39, 0x2e, 0x38, 0x33, 0x35, 0x34, 0x20, 0x35, 0x2e, 0x34, 0x35, 0x33, 0x31, 0x31, 0x43
  .byte 0x33, 0x30, 0x2e, 0x34, 0x32, 0x38, 0x38, 0x20, 0x36, 0x2e, 0x30, 0x38, 0x36, 0x36, 0x34, 0x20
  .byte 0x33, 0x30, 0x2e, 0x37, 0x34, 0x39, 0x39, 0x20, 0x36, 0x2e, 0x39, 0x34, 0x37, 0x33, 0x39, 0x20
  .byte 0x33, 0x30, 0x2e, 0x35, 0x36, 0x36, 0x39, 0x20, 0x37, 0x2e, 0x39, 0x35, 0x36, 0x30, 0x34, 0x43
  .byte 0x33, 0x30, 0x2e, 0x35, 0x34, 0x35, 0x32, 0x20, 0x38, 0x2e, 0x30, 0x37, 0x35, 0x33, 0x38, 0x20
  .byte 0x33, 0x30, 0x2e, 0x34, 0x37, 0x34, 0x39, 0x20, 0x38, 0x2e, 0x31, 0x35, 0x37, 0x34, 0x39, 0x20
  .byte 0x33, 0x30, 0x2e, 0x34, 0x30, 0x35, 0x37, 0x20, 0x38, 0x2e, 0x32, 0x31, 0x31, 0x39, 0x43, 0x33
  .byte 0x30, 0x2e, 0x33, 0x34, 0x30, 0x36, 0x20, 0x38, 0x2e, 0x32, 0x36, 0x33, 0x30, 0x39, 0x20, 0x33
  .byte 0x30, 0x2e, 0x32, 0x36, 0x34, 0x39, 0x20, 0x38, 0x2e, 0x32, 0x39, 0x38, 0x37, 0x36, 0x20, 0x33
  .byte 0x30, 0x2e, 0x32, 0x31, 0x36, 0x33, 0x20, 0x38, 0x2e, 0x33, 0x32, 0x32, 0x32, 0x35, 0x4c, 0x33
  .byte 0x30, 0x2e, 0x31, 0x37, 0x34, 0x33, 0x20, 0x38, 0x2e, 0x33, 0x34, 0x32, 0x37, 0x36, 0x4c, 0x33
  .byte 0x30, 0x2e, 0x31, 0x32, 0x38, 0x34, 0x20, 0x38, 0x2e, 0x33, 0x33, 0x38, 0x38, 0x35, 0x43, 0x32
  .byte 0x39, 0x2e, 0x39, 0x37, 0x36, 0x36, 0x20, 0x38, 0x2e, 0x33, 0x32, 0x38, 0x30, 0x36, 0x20, 0x32
  .byte 0x39, 0x2e, 0x38, 0x34, 0x37, 0x38, 0x20, 0x38, 0x2e, 0x32, 0x39, 0x32, 0x31, 0x20, 0x32, 0x39
  .byte 0x2e, 0x37, 0x34, 0x33, 0x36, 0x20, 0x38, 0x2e, 0x32, 0x32, 0x35, 0x35, 0x37, 0x43, 0x32, 0x39
  .byte 0x2e, 0x36, 0x33, 0x37, 0x37, 0x20, 0x38, 0x2e, 0x31, 0x35, 0x37, 0x38, 0x36, 0x20, 0x32, 0x39
  .byte 0x2e, 0x35, 0x36, 0x39, 0x32, 0x20, 0x38, 0x2e, 0x30, 0x36, 0x36, 0x31, 0x37, 0x20, 0x32, 0x39
  .byte 0x2e, 0x35, 0x32, 0x34, 0x39, 0x20, 0x37, 0x2e, 0x39, 0x36, 0x35, 0x38, 0x43, 0x32, 0x39, 0x2e
  .byte 0x34, 0x38, 0x32, 0x20, 0x37, 0x2e, 0x38, 0x36, 0x38, 0x34, 0x36, 0x20, 0x32, 0x39, 0x2e, 0x34
  .byte 0x36, 0x31, 0x39, 0x20, 0x37, 0x2e, 0x37, 0x36, 0x32, 0x38, 0x32, 0x20, 0x32, 0x39, 0x2e, 0x34
  .byte 0x35, 0x30, 0x37, 0x20, 0x37, 0x2e, 0x36, 0x36, 0x34, 0x30, 0x34, 0x43, 0x32, 0x39, 0x2e, 0x34
  .byte 0x34, 0x30, 0x31, 0x20, 0x37, 0x2e, 0x35, 0x37, 0x31, 0x32, 0x31, 0x20, 0x32, 0x39, 0x2e, 0x34
  .byte 0x33, 0x34, 0x38, 0x20, 0x37, 0x2e, 0x34, 0x36, 0x39, 0x30, 0x36, 0x20, 0x32, 0x39, 0x2e, 0x34
  .byte 0x32, 0x39, 0x32, 0x20, 0x37, 0x2e, 0x33, 0x37, 0x38, 0x38, 0x39, 0x43, 0x32, 0x39, 0x2e, 0x32
  .byte 0x37, 0x38, 0x32, 0x20, 0x36, 0x2e, 0x36, 0x31, 0x35, 0x34, 0x36, 0x20, 0x32, 0x38, 0x2e, 0x39
  .byte 0x38, 0x30, 0x32, 0x20, 0x36, 0x2e, 0x31, 0x38, 0x38, 0x37, 0x20, 0x32, 0x38, 0x2e, 0x35, 0x36
  .byte 0x37, 0x39, 0x20, 0x35, 0x2e, 0x39, 0x32, 0x31, 0x38, 0x36, 0x43, 0x32, 0x38, 0x2e, 0x31, 0x34
  .byte 0x31, 0x33, 0x20, 0x35, 0x2e, 0x36, 0x34, 0x35, 0x38, 0x37, 0x20, 0x32, 0x37, 0x2e, 0x35, 0x37
  .byte 0x33, 0x31, 0x20, 0x35, 0x2e, 0x35, 0x32, 0x35, 0x33, 0x37, 0x20, 0x32, 0x36, 0x2e, 0x38, 0x34
  .byte 0x39, 0x31, 0x20, 0x35, 0x2e, 0x34, 0x32, 0x33, 0x38, 0x31, 0x4c, 0x32, 0x36, 0x2e, 0x37, 0x34
  .byte 0x39, 0x35, 0x20, 0x35, 0x2e, 0x34, 0x31, 0x30, 0x31, 0x34, 0x4c, 0x32, 0x36, 0x2e, 0x37, 0x31
  .byte 0x32, 0x34, 0x20, 0x35, 0x2e, 0x33, 0x31, 0x37, 0x33, 0x36, 0x43, 0x32, 0x36, 0x2e, 0x34, 0x33
  .byte 0x37, 0x20, 0x34, 0x2e, 0x36, 0x33, 0x39, 0x35, 0x39, 0x20, 0x32, 0x36, 0x2e, 0x30, 0x34, 0x36
  .byte 0x39, 0x20, 0x34, 0x2e, 0x30, 0x37, 0x36, 0x37, 0x35, 0x20, 0x32, 0x35, 0x2e, 0x35, 0x34, 0x38
  .byte 0x33, 0x20, 0x33, 0x2e, 0x37, 0x34, 0x31, 0x31, 0x39, 0x43, 0x32, 0x35, 0x2e, 0x30, 0x35, 0x36
  .byte 0x38, 0x20, 0x33, 0x2e, 0x34, 0x31, 0x30, 0x35, 0x32, 0x20, 0x32, 0x34, 0x2e, 0x34, 0x34, 0x34
  .byte 0x33, 0x20, 0x33, 0x2e, 0x32, 0x39, 0x30, 0x31, 0x36, 0x20, 0x32, 0x33, 0x2e, 0x36, 0x38, 0x38
  .byte 0x39, 0x20, 0x33, 0x2e, 0x35, 0x31, 0x39, 0x35, 0x31, 0x43, 0x32, 0x33, 0x2e, 0x34, 0x38, 0x34
  .byte 0x35, 0x20, 0x33, 0x2e, 0x35, 0x38, 0x31, 0x35, 0x38, 0x20, 0x32, 0x33, 0x2e, 0x31, 0x31, 0x39
  .byte 0x33, 0x20, 0x33, 0x2e, 0x36, 0x36, 0x39, 0x30, 0x36, 0x20, 0x32, 0x32, 0x2e, 0x38, 0x32, 0x39
  .byte 0x36, 0x20, 0x33, 0x2e, 0x36, 0x33, 0x30, 0x38, 0x34, 0x43, 0x32, 0x32, 0x2e, 0x36, 0x38, 0x34
  .byte 0x34, 0x20, 0x33, 0x2e, 0x36, 0x31, 0x31, 0x36, 0x37, 0x20, 0x32, 0x32, 0x2e, 0x35, 0x31, 0x38
  .byte 0x20, 0x33, 0x2e, 0x35, 0x35, 0x35, 0x37, 0x34, 0x20, 0x32, 0x32, 0x2e, 0x34, 0x32, 0x31, 0x34
  .byte 0x20, 0x33, 0x2e, 0x34, 0x30, 0x35, 0x32, 0x36, 0x43, 0x32, 0x32, 0x2e, 0x33, 0x32, 0x33, 0x34
  .byte 0x20, 0x33, 0x2e, 0x32, 0x35, 0x32, 0x34, 0x32, 0x20, 0x32, 0x32, 0x2e, 0x33, 0x33, 0x31, 0x39
  .byte 0x20, 0x33, 0x2e, 0x30, 0x35, 0x37, 0x32, 0x32, 0x20, 0x32, 0x32, 0x2e, 0x34, 0x30, 0x36, 0x37
  .byte 0x20, 0x32, 0x2e, 0x38, 0x34, 0x35, 0x36, 0x39, 0x4c, 0x32, 0x32, 0x2e, 0x34, 0x31, 0x39, 0x34
  .byte 0x20, 0x32, 0x2e, 0x38, 0x31, 0x30, 0x35, 0x33, 0x4c, 0x32, 0x32, 0x2e, 0x34, 0x34, 0x35, 0x38
  .byte 0x20, 0x32, 0x2e, 0x37, 0x38, 0x34, 0x31, 0x36, 0x43, 0x32, 0x32, 0x2e, 0x36, 0x33, 0x30, 0x34
  .byte 0x20, 0x32, 0x2e, 0x35, 0x39, 0x31, 0x34, 0x33, 0x20, 0x32, 0x32, 0x2e, 0x38, 0x36, 0x34, 0x20
  .byte 0x32, 0x2e, 0x34, 0x38, 0x31, 0x31, 0x34, 0x20, 0x32, 0x33, 0x2e, 0x30, 0x39, 0x37, 0x32, 0x20
  .byte 0x32, 0x2e, 0x34, 0x30, 0x34, 0x32, 0x38, 0x43, 0x32, 0x33, 0x2e, 0x33, 0x32, 0x34, 0x20, 0x32
  .byte 0x2e, 0x33, 0x32, 0x39, 0x35, 0x20, 0x32, 0x33, 0x2e, 0x35, 0x38, 0x31, 0x20, 0x32, 0x2e, 0x32
  .byte 0x37, 0x37, 0x32, 0x35, 0x20, 0x32, 0x33, 0x2e, 0x37, 0x39, 0x31, 0x35, 0x20, 0x32, 0x2e, 0x32
  .byte 0x32, 0x32, 0x36, 0x34, 0x4c, 0x32, 0x33, 0x2e, 0x38, 0x30, 0x38, 0x31, 0x20, 0x32, 0x2e, 0x32
  .byte 0x31, 0x38, 0x37, 0x33, 0x4c, 0x32, 0x33, 0x2e, 0x38, 0x32, 0x34, 0x37, 0x20, 0x32, 0x2e, 0x32
  .byte 0x31, 0x37, 0x37, 0x36, 0x5a, 0x22, 0x2c, 0x0a, 0x20, 0x20, 0x70, 0x66, 0x35, 0x32, 0x65, 0x32
  .byte 0x38, 0x30, 0x3a, 0x0a, 0x20, 0x20, 0x20, 0x20, 0x22, 0x4d, 0x31, 0x34, 0x2e, 0x36, 0x31, 0x37
  .byte 0x38, 0x20, 0x31, 0x2e, 0x34, 0x35, 0x31, 0x36, 0x36, 0x43, 0x31, 0x34, 0x2e, 0x37, 0x39, 0x34
  .byte 0x35, 0x20, 0x31, 0x2e, 0x34, 0x32, 0x34, 0x30, 0x32, 0x20, 0x31, 0x35, 0x2e, 0x30, 0x37, 0x31
  .byte 0x34, 0x20, 0x31, 0x2e, 0x34, 0x32, 0x32, 0x31, 0x35, 0x20, 0x31, 0x35, 0x2e, 0x33, 0x37, 0x32
  .byte 0x37, 0x20, 0x31, 0x2e, 0x34, 0x34, 0x38, 0x37, 0x33, 0x43, 0x31, 0x35, 0x2e, 0x36, 0x37, 0x38
  .byte 0x34, 0x20, 0x31, 0x2e, 0x34, 0x37, 0x35, 0x36, 0x39, 0x20, 0x31, 0x36, 0x2e, 0x30, 0x32, 0x32
  .byte 0x36, 0x20, 0x31, 0x2e, 0x35, 0x33, 0x32, 0x32, 0x32, 0x20, 0x31, 0x36, 0x2e, 0x33, 0x33, 0x32
  .byte 0x37, 0x20, 0x31, 0x2e, 0x36, 0x32, 0x35, 0x34, 0x39, 0x43, 0x31, 0x36, 0x2e, 0x36, 0x33, 0x36
  .byte 0x39, 0x20, 0x31, 0x2e, 0x37, 0x31, 0x37, 0x30, 0x32, 0x20, 0x31, 0x36, 0x2e, 0x39, 0x33, 0x33
  .byte 0x33, 0x20, 0x31, 0x2e, 0x38, 0x35, 0x31, 0x32, 0x38, 0x20, 0x31, 0x37, 0x2e, 0x31, 0x31, 0x37
  .byte 0x38, 0x20, 0x32, 0x2e, 0x30, 0x34, 0x39, 0x33, 0x32, 0x43, 0x31, 0x37, 0x2e, 0x32, 0x31, 0x33
  .byte 0x20, 0x32, 0x2e, 0x31, 0x35, 0x31, 0x34, 0x36, 0x20, 0x31, 0x37, 0x2e, 0x32, 0x38, 0x33, 0x31
  .byte 0x20, 0x32, 0x2e, 0x32, 0x37, 0x35, 0x36, 0x34, 0x20, 0x31, 0x37, 0x2e, 0x33, 0x30, 0x32, 0x34
  .byte 0x20, 0x32, 0x2e, 0x34, 0x32, 0x31, 0x33, 0x39, 0x43, 0x31, 0x37, 0x2e, 0x33, 0x32, 0x31, 0x37
  .byte 0x20, 0x32, 0x2e, 0x35, 0x36, 0x37, 0x31, 0x39, 0x20, 0x31, 0x37, 0x2e, 0x32, 0x38, 0x37, 0x36
  .byte 0x20, 0x32, 0x2e, 0x37, 0x31, 0x36, 0x39, 0x31, 0x20, 0x31, 0x37, 0x2e, 0x32, 0x30, 0x37, 0x37
  .byte 0x20, 0x32, 0x2e, 0x38, 0x36, 0x36, 0x37, 0x4c, 0x31, 0x37, 0x2e, 0x31, 0x38, 0x36, 0x32, 0x20
  .byte 0x32, 0x2e, 0x39, 0x30, 0x37, 0x37, 0x31, 0x4c, 0x31, 0x37, 0x2e, 0x31, 0x34, 0x36, 0x31, 0x20
  .byte 0x32, 0x2e, 0x39, 0x33, 0x33, 0x31, 0x43, 0x31, 0x37, 0x2e, 0x30, 0x31, 0x35, 0x20, 0x33, 0x2e
  .byte 0x30, 0x31, 0x34, 0x33, 0x31, 0x20, 0x31, 0x36, 0x2e, 0x38, 0x36, 0x30, 0x36, 0x20, 0x33, 0x2e
  .byte 0x30, 0x31, 0x33, 0x35, 0x37, 0x20, 0x31, 0x36, 0x2e, 0x37, 0x32, 0x32, 0x33, 0x20, 0x32, 0x2e
  .byte 0x39, 0x39, 0x32, 0x36, 0x38, 0x43, 0x31, 0x36, 0x2e, 0x35, 0x38, 0x31, 0x35, 0x20, 0x32, 0x2e
  .byte 0x39, 0x37, 0x31, 0x33, 0x39, 0x20, 0x31, 0x36, 0x2e, 0x34, 0x32, 0x32, 0x34, 0x20, 0x32, 0x2e
  .byte 0x39, 0x32, 0x33, 0x33, 0x20, 0x31, 0x36, 0x2e, 0x32, 0x36, 0x30, 0x34, 0x20, 0x32, 0x2e, 0x38
  .byte 0x37, 0x30, 0x36, 0x43, 0x31, 0x35, 0x2e, 0x39, 0x32, 0x37, 0x33, 0x20, 0x32, 0x2e, 0x37, 0x36
  .byte 0x32, 0x32, 0x36, 0x20, 0x31, 0x35, 0x2e, 0x35, 0x35, 0x32, 0x31, 0x20, 0x32, 0x2e, 0x36, 0x32
  .byte 0x37, 0x38, 0x33, 0x20, 0x31, 0x35, 0x2e, 0x31, 0x34, 0x31, 0x33, 0x20, 0x32, 0x2e, 0x35, 0x38
  .byte 0x36, 0x34, 0x33, 0x43, 0x31, 0x34, 0x2e, 0x37, 0x33, 0x36, 0x34, 0x20, 0x32, 0x2e, 0x35, 0x34
  .byte 0x35, 0x36, 0x36, 0x20, 0x31, 0x34, 0x2e, 0x33, 0x30, 0x33, 0x32, 0x20, 0x32, 0x2e, 0x35, 0x39
  .byte 0x36, 0x31, 0x32, 0x20, 0x31, 0x33, 0x2e, 0x38, 0x36, 0x32, 0x39, 0x20, 0x32, 0x2e, 0x38, 0x35
  .byte 0x37, 0x39, 0x31, 0x43, 0x31, 0x33, 0x2e, 0x34, 0x31, 0x39, 0x39, 0x20, 0x33, 0x2e, 0x31, 0x32
  .byte 0x31, 0x34, 0x35, 0x20, 0x31, 0x32, 0x2e, 0x39, 0x35, 0x34, 0x20, 0x33, 0x2e, 0x36, 0x30, 0x38
  .byte 0x39, 0x33, 0x20, 0x31, 0x32, 0x2e, 0x35, 0x30, 0x32, 0x36, 0x20, 0x34, 0x2e, 0x34, 0x36, 0x39
  .byte 0x32, 0x34, 0x4c, 0x31, 0x32, 0x2e, 0x34, 0x35, 0x34, 0x37, 0x20, 0x34, 0x2e, 0x35, 0x35, 0x39
  .byte 0x30, 0x38, 0x4c, 0x31, 0x32, 0x2e, 0x33, 0x35, 0x34, 0x32, 0x20, 0x34, 0x2e, 0x35, 0x36, 0x32
  .byte 0x30, 0x31, 0x43, 0x31, 0x31, 0x2e, 0x36, 0x39, 0x33, 0x38, 0x20, 0x34, 0x2e, 0x35, 0x38, 0x31
  .byte 0x33, 0x39, 0x20, 0x31, 0x31, 0x2e, 0x32, 0x32, 0x31, 0x34, 0x20, 0x34, 0x2e, 0x36, 0x31, 0x32
  .byte 0x32, 0x34, 0x20, 0x31, 0x30, 0x2e, 0x38, 0x32, 0x30, 0x39, 0x20, 0x34, 0x2e, 0x37, 0x36, 0x38
  .byte 0x30, 0x37, 0x43, 0x31, 0x30, 0x2e, 0x34, 0x33, 0x33, 0x37, 0x20, 0x34, 0x2e, 0x39, 0x31, 0x38
  .byte 0x38, 0x35, 0x20, 0x31, 0x30, 0x2e, 0x30, 0x39, 0x37, 0x31, 0x20, 0x35, 0x2e, 0x31, 0x39, 0x33
  .byte 0x34, 0x34, 0x20, 0x39, 0x2e, 0x37, 0x33, 0x34, 0x30, 0x33, 0x20, 0x35, 0x2e, 0x37, 0x33, 0x36
  .byte 0x38, 0x32, 0x43, 0x39, 0x2e, 0x35, 0x39, 0x34, 0x36, 0x39, 0x20, 0x36, 0x2e, 0x30, 0x32, 0x36
  .byte 0x35, 0x37, 0x20, 0x39, 0x2e, 0x35, 0x35, 0x39, 0x34, 0x38, 0x20, 0x36, 0x2e, 0x33, 0x35, 0x31
  .byte 0x32, 0x37, 0x20, 0x39, 0x2e, 0x35, 0x30, 0x34, 0x35, 0x34, 0x20, 0x36, 0x2e, 0x37, 0x30, 0x34
  .byte 0x35, 0x39, 0x43, 0x39, 0x2e, 0x34, 0x35, 0x31, 0x34, 0x34, 0x20, 0x37, 0x2e, 0x30, 0x34, 0x35
  .byte 0x39, 0x39, 0x20, 0x39, 0x2e, 0x33, 0x37, 0x38, 0x37, 0x37, 0x20, 0x37, 0x2e, 0x34, 0x31, 0x38
  .byte 0x33, 0x20, 0x39, 0x2e, 0x31, 0x32, 0x39, 0x35, 0x34, 0x20, 0x37, 0x2e, 0x37, 0x31, 0x32, 0x34
  .byte 0x43, 0x39, 0x2e, 0x30, 0x36, 0x34, 0x30, 0x37, 0x20, 0x37, 0x2e, 0x37, 0x38, 0x39, 0x36, 0x36
  .byte 0x20, 0x38, 0x2e, 0x39, 0x38, 0x31, 0x32, 0x38, 0x20, 0x37, 0x2e, 0x38, 0x32, 0x30, 0x34, 0x31
  .byte 0x20, 0x38, 0x2e, 0x39, 0x30, 0x33, 0x39, 0x36, 0x20, 0x37, 0x2e, 0x38, 0x32, 0x35, 0x36, 0x38
  .byte 0x43, 0x38, 0x2e, 0x38, 0x33, 0x37, 0x38, 0x33, 0x20, 0x37, 0x2e, 0x38, 0x33, 0x30, 0x31, 0x38
  .byte 0x20, 0x38, 0x2e, 0x37, 0x37, 0x31, 0x38, 0x34, 0x20, 0x37, 0x2e, 0x38, 0x31, 0x35, 0x33, 0x20
  .byte 0x38, 0x2e, 0x37, 0x33, 0x35, 0x30, 0x31, 0x20, 0x37, 0x2e, 0x38, 0x30, 0x38, 0x31, 0x4c, 0x38
  .byte 0x2e, 0x36, 0x39, 0x34, 0x20, 0x37, 0x2e, 0x38, 0x30, 0x30, 0x32, 0x39, 0x4c, 0x38, 0x2e, 0x36
  .byte 0x36, 0x30, 0x37, 0x39, 0x20, 0x37, 0x2e, 0x37, 0x37, 0x34, 0x39, 0x43, 0x38, 0x2e, 0x34, 0x31
  .byte 0x36, 0x33, 0x35, 0x20, 0x37, 0x2e, 0x35, 0x38, 0x32, 0x30, 0x37, 0x20, 0x38, 0x2e, 0x33, 0x30
  .byte 0x35, 0x34, 0x33, 0x20, 0x37, 0x2e, 0x33, 0x30, 0x33, 0x33, 0x33, 0x20, 0x38, 0x2e, 0x32, 0x38
  .byte 0x31, 0x38, 0x39, 0x20, 0x37, 0x2e, 0x30, 0x32, 0x35, 0x38, 0x38, 0x4c, 0x38, 0x2e, 0x32, 0x38
  .byte 0x32, 0x38, 0x36, 0x20, 0x37, 0x2e, 0x30, 0x32, 0x34, 0x39, 0x43, 0x38, 0x2e, 0x31, 0x31, 0x31
  .byte 0x34, 0x39, 0x20, 0x35, 0x2e, 0x35, 0x37, 0x36, 0x30, 0x32, 0x20, 0x39, 0x2e, 0x31, 0x35, 0x37
  .byte 0x30, 0x31, 0x20, 0x34, 0x2e, 0x30, 0x32, 0x34, 0x39, 0x35, 0x20, 0x31, 0x30, 0x2e, 0x35, 0x37
  .byte 0x31, 0x39, 0x20, 0x33, 0x2e, 0x36, 0x32, 0x34, 0x35, 0x31, 0x43, 0x31, 0x30, 0x2e, 0x38, 0x34
  .byte 0x39, 0x38, 0x20, 0x33, 0x2e, 0x35, 0x34, 0x35, 0x39, 0x32, 0x20, 0x31, 0x31, 0x2e, 0x30, 0x36
  .byte 0x35, 0x33, 0x20, 0x33, 0x2e, 0x35, 0x30, 0x32, 0x34, 0x36, 0x20, 0x31, 0x31, 0x2e, 0x32, 0x33
  .byte 0x36, 0x20, 0x33, 0x2e, 0x34, 0x36, 0x36, 0x33, 0x31, 0x43, 0x31, 0x31, 0x2e, 0x34, 0x30, 0x39
  .byte 0x35, 0x20, 0x33, 0x2e, 0x34, 0x32, 0x39, 0x35, 0x34, 0x20, 0x31, 0x31, 0x2e, 0x35, 0x32, 0x35
  .byte 0x39, 0x20, 0x33, 0x2e, 0x34, 0x30, 0x31, 0x36, 0x33, 0x20, 0x31, 0x31, 0x2e, 0x36, 0x32, 0x37
  .byte 0x36, 0x20, 0x33, 0x2e, 0x33, 0x35, 0x36, 0x39, 0x33, 0x43, 0x31, 0x31, 0x2e, 0x38, 0x31, 0x37
  .byte 0x37, 0x20, 0x33, 0x2e, 0x32, 0x37, 0x33, 0x33, 0x20, 0x31, 0x31, 0x2e, 0x39, 0x38, 0x33, 0x20
  .byte 0x33, 0x2e, 0x31, 0x31, 0x37, 0x32, 0x31, 0x20, 0x31, 0x32, 0x2e, 0x33, 0x31, 0x33, 0x31, 0x20
  .byte 0x32, 0x2e, 0x36, 0x30, 0x33, 0x30, 0x33, 0x43, 0x31, 0x32, 0x2e, 0x35, 0x33, 0x36, 0x37, 0x20
  .byte 0x32, 0x2e, 0x32, 0x35, 0x34, 0x39, 0x32, 0x20, 0x31, 0x32, 0x2e, 0x39, 0x33, 0x32, 0x35, 0x20
  .byte 0x31, 0x2e, 0x39, 0x39, 0x34, 0x36, 0x32, 0x20, 0x31, 0x33, 0x2e, 0x33, 0x34, 0x38, 0x33, 0x20
  .byte 0x31, 0x2e, 0x38, 0x31, 0x30, 0x30, 0x36, 0x43, 0x31, 0x33, 0x2e, 0x37, 0x36, 0x37, 0x38, 0x20
  .byte 0x31, 0x2e, 0x36, 0x32, 0x33, 0x38, 0x39, 0x20, 0x31, 0x34, 0x2e, 0x32, 0x33, 0x30, 0x37, 0x20
  .byte 0x31, 0x2e, 0x35, 0x30, 0x34, 0x33, 0x37, 0x20, 0x31, 0x34, 0x2e, 0x36, 0x31, 0x37, 0x38, 0x20
  .byte 0x31, 0x2e, 0x34, 0x35, 0x30, 0x36, 0x38, 0x56, 0x31, 0x2e, 0x34, 0x35, 0x31, 0x36, 0x36, 0x5a
  .byte 0x22, 0x2c, 0x0a, 0x7d, 0x3b, 0x0a

  .globl openui_full_port_docs_imports_svg_10waxq0xyc_ts_eec4513e5328_pass_2_len
openui_full_port_docs_imports_svg_10waxq0xyc_ts_eec4513e5328_pass_2_len:
  .quad 12294

# assembly pass: 3/4
  .globl openui_full_port_docs_imports_svg_10waxq0xyc_ts_eec4513e5328_pass_3
openui_full_port_docs_imports_svg_10waxq0xyc_ts_eec4513e5328_pass_3:
  .byte 0x65, 0x78, 0x70, 0x6f, 0x72, 0x74, 0x20, 0x64, 0x65, 0x66, 0x61, 0x75, 0x6c, 0x74, 0x20, 0x7b
  .byte 0x0a, 0x20, 0x20, 0x70, 0x31, 0x31, 0x31, 0x30, 0x33, 0x36, 0x30, 0x30, 0x3a, 0x0a, 0x20, 0x20
  .byte 0x20, 0x20, 0x22, 0x4d, 0x32, 0x33, 0x2e, 0x32, 0x33, 0x38, 0x39, 0x20, 0x30, 0x2e, 0x37, 0x35
  .byte 0x37, 0x35, 0x38, 0x35, 0x43, 0x32, 0x33, 0x2e, 0x33, 0x37, 0x33, 0x39, 0x20, 0x30, 0x2e, 0x37
  .byte 0x36, 0x39, 0x33, 0x33, 0x37, 0x20, 0x32, 0x33, 0x2e, 0x35, 0x32, 0x30, 0x39, 0x20, 0x30, 0x2e
  .byte 0x37, 0x39, 0x38, 0x39, 0x32, 0x39, 0x20, 0x32, 0x33, 0x2e, 0x36, 0x34, 0x31, 0x32, 0x20, 0x30
  .byte 0x2e, 0x38, 0x37, 0x32, 0x38, 0x32, 0x43, 0x32, 0x33, 0x2e, 0x37, 0x35, 0x34, 0x38, 0x20, 0x30
  .byte 0x2e, 0x39, 0x34, 0x32, 0x36, 0x31, 0x35, 0x20, 0x32, 0x33, 0x2e, 0x38, 0x34, 0x20, 0x31, 0x2e
  .byte 0x30, 0x34, 0x38, 0x39, 0x35, 0x20, 0x32, 0x33, 0x2e, 0x38, 0x36, 0x38, 0x37, 0x20, 0x31, 0x2e
  .byte 0x31, 0x39, 0x34, 0x31, 0x31, 0x4c, 0x32, 0x33, 0x2e, 0x38, 0x37, 0x37, 0x35, 0x20, 0x31, 0x2e
  .byte 0x32, 0x35, 0x39, 0x35, 0x34, 0x56, 0x31, 0x2e, 0x32, 0x36, 0x30, 0x35, 0x31, 0x43, 0x32, 0x33
  .byte 0x2e, 0x38, 0x38, 0x36, 0x34, 0x20, 0x31, 0x2e, 0x33, 0x38, 0x37, 0x38, 0x34, 0x20, 0x32, 0x33
  .byte 0x2e, 0x38, 0x39, 0x36, 0x31, 0x20, 0x31, 0x2e, 0x35, 0x34, 0x33, 0x39, 0x33, 0x20, 0x32, 0x33
  .byte 0x2e, 0x38, 0x33, 0x30, 0x37, 0x20, 0x31, 0x2e, 0x36, 0x37, 0x31, 0x36, 0x35, 0x43, 0x32, 0x33
  .byte 0x2e, 0x37, 0x35, 0x33, 0x37, 0x20, 0x31, 0x2e, 0x38, 0x32, 0x31, 0x31, 0x38, 0x20, 0x32, 0x33
  .byte 0x2e, 0x36, 0x30, 0x34, 0x31, 0x20, 0x31, 0x2e, 0x38, 0x38, 0x37, 0x32, 0x35, 0x20, 0x32, 0x33
  .byte 0x2e, 0x34, 0x32, 0x37, 0x33, 0x20, 0x31, 0x2e, 0x39, 0x31, 0x37, 0x37, 0x34, 0x43, 0x32, 0x33
  .byte 0x2e, 0x31, 0x36, 0x33, 0x36, 0x20, 0x31, 0x2e, 0x39, 0x36, 0x33, 0x32, 0x31, 0x20, 0x32, 0x32
  .byte 0x2e, 0x39, 0x35, 0x31, 0x37, 0x20, 0x31, 0x2e, 0x39, 0x38, 0x38, 0x30, 0x33, 0x20, 0x32, 0x32
  .byte 0x2e, 0x37, 0x38, 0x30, 0x39, 0x20, 0x32, 0x2e, 0x30, 0x31, 0x31, 0x34, 0x39, 0x43, 0x32, 0x32
  .byte 0x2e, 0x36, 0x30, 0x37, 0x31, 0x20, 0x32, 0x2e, 0x30, 0x33, 0x35, 0x33, 0x35, 0x20, 0x32, 0x32
  .byte 0x2e, 0x34, 0x37, 0x38, 0x33, 0x20, 0x32, 0x2e, 0x30, 0x35, 0x37, 0x31, 0x33, 0x20, 0x32, 0x32
  .byte 0x2e, 0x33, 0x36, 0x32, 0x39, 0x20, 0x32, 0x2e, 0x30, 0x39, 0x35, 0x34, 0x38, 0x43, 0x32, 0x32
  .byte 0x2e, 0x31, 0x34, 0x34, 0x34, 0x20, 0x32, 0x2e, 0x31, 0x36, 0x38, 0x30, 0x37, 0x20, 0x32, 0x31
  .byte 0x2e, 0x39, 0x34, 0x37, 0x38, 0x20, 0x32, 0x2e, 0x33, 0x30, 0x37, 0x31, 0x34, 0x20, 0x32, 0x31
  .byte 0x2e, 0x36, 0x30, 0x34, 0x31, 0x20, 0x32, 0x2e, 0x37, 0x30, 0x37, 0x37, 0x38, 0x43, 0x32, 0x31
  .byte 0x2e, 0x35, 0x35, 0x38, 0x39, 0x20, 0x32, 0x2e, 0x37, 0x37, 0x31, 0x36, 0x32, 0x20, 0x32, 0x31
  .byte 0x2e, 0x35, 0x31, 0x37, 0x37, 0x20, 0x32, 0x2e, 0x38, 0x33, 0x32, 0x31, 0x33, 0x20, 0x32, 0x31
  .byte 0x2e, 0x34, 0x38, 0x31, 0x20, 0x32, 0x2e, 0x38, 0x37, 0x39, 0x36, 0x36, 0x43, 0x32, 0x31, 0x2e
  .byte 0x34, 0x34, 0x31, 0x32, 0x20, 0x32, 0x2e, 0x39, 0x33, 0x31, 0x32, 0x36, 0x20, 0x32, 0x31, 0x2e
  .byte 0x33, 0x39, 0x37, 0x20, 0x32, 0x2e, 0x39, 0x38, 0x31, 0x33, 0x39, 0x20, 0x32, 0x31, 0x2e, 0x33
  .byte 0x34, 0x30, 0x34, 0x20, 0x33, 0x2e, 0x30, 0x32, 0x32, 0x32, 0x33, 0x43, 0x32, 0x31, 0x2e, 0x32
  .byte 0x32, 0x33, 0x31, 0x20, 0x33, 0x2e, 0x31, 0x30, 0x36, 0x37, 0x35, 0x20, 0x32, 0x31, 0x2e, 0x30
  .byte 0x38, 0x34, 0x36, 0x20, 0x33, 0x2e, 0x31, 0x32, 0x38, 0x37, 0x39, 0x20, 0x32, 0x30, 0x2e, 0x39
  .byte 0x30, 0x32, 0x39, 0x20, 0x33, 0x2e, 0x31, 0x34, 0x31, 0x33, 0x37, 0x4c, 0x32, 0x30, 0x2e, 0x38
  .byte 0x35, 0x35, 0x31, 0x20, 0x33, 0x2e, 0x31, 0x34, 0x34, 0x33, 0x4c, 0x32, 0x30, 0x2e, 0x38, 0x31
  .byte 0x31, 0x31, 0x20, 0x33, 0x2e, 0x31, 0x32, 0x32, 0x38, 0x32, 0x43, 0x32, 0x30, 0x2e, 0x35, 0x38
  .byte 0x36, 0x31, 0x20, 0x33, 0x2e, 0x30, 0x30, 0x36, 0x38, 0x20, 0x32, 0x30, 0x2e, 0x34, 0x37, 0x35
  .byte 0x32, 0x20, 0x32, 0x2e, 0x38, 0x32, 0x31, 0x37, 0x20, 0x32, 0x30, 0x2e, 0x34, 0x36, 0x30, 0x35
  .byte 0x20, 0x32, 0x2e, 0x36, 0x31, 0x34, 0x30, 0x33, 0x43, 0x32, 0x30, 0x2e, 0x34, 0x34, 0x36, 0x39
  .byte 0x20, 0x32, 0x2e, 0x34, 0x32, 0x30, 0x32, 0x37, 0x20, 0x32, 0x30, 0x2e, 0x35, 0x31, 0x37, 0x39
  .byte 0x20, 0x32, 0x2e, 0x32, 0x32, 0x34, 0x34, 0x31, 0x20, 0x32, 0x30, 0x2e, 0x36, 0x31, 0x30, 0x39
  .byte 0x20, 0x32, 0x2e, 0x30, 0x36, 0x32, 0x32, 0x37, 0x43, 0x32, 0x31, 0x2e, 0x30, 0x32, 0x31, 0x36
  .byte 0x20, 0x31, 0x2e, 0x33, 0x34, 0x36, 0x35, 0x38, 0x20, 0x32, 0x31, 0x2e, 0x37, 0x36, 0x37, 0x38
  .byte 0x20, 0x31, 0x2e, 0x30, 0x30, 0x39, 0x39, 0x34, 0x20, 0x32, 0x32, 0x2e, 0x34, 0x37, 0x34, 0x32
  .byte 0x20, 0x30, 0x2e, 0x37, 0x39, 0x31, 0x37, 0x36, 0x35, 0x4c, 0x32, 0x32, 0x2e, 0x34, 0x39, 0x34
  .byte 0x37, 0x20, 0x30, 0x2e, 0x37, 0x38, 0x34, 0x39, 0x32, 0x39, 0x4c, 0x32, 0x32, 0x2e, 0x35, 0x31
  .byte 0x36, 0x32, 0x20, 0x30, 0x2e, 0x37, 0x38, 0x33, 0x39, 0x35, 0x32, 0x43, 0x32, 0x32, 0x2e, 0x36
  .byte 0x35, 0x36, 0x34, 0x20, 0x30, 0x2e, 0x37, 0x37, 0x36, 0x33, 0x33, 0x20, 0x32, 0x32, 0x2e, 0x39
  .byte 0x37, 0x33, 0x37, 0x20, 0x30, 0x2e, 0x37, 0x33, 0x34, 0x35, 0x37, 0x32, 0x20, 0x32, 0x33, 0x2e
  .byte 0x32, 0x33, 0x38, 0x39, 0x20, 0x30, 0x2e, 0x37, 0x35, 0x37, 0x35, 0x38, 0x35, 0x5a, 0x22, 0x2c
  .byte 0x0a, 0x20, 0x20, 0x70, 0x31, 0x63, 0x61, 0x63, 0x65, 0x30, 0x30, 0x30, 0x3a, 0x0a, 0x20, 0x20
  .byte 0x20, 0x20, 0x22, 0x4d, 0x32, 0x32, 0x2e, 0x35, 0x36, 0x36, 0x36, 0x20, 0x31, 0x33, 0x2e, 0x39
  .byte 0x36, 0x30, 0x32, 0x43, 0x32, 0x32, 0x2e, 0x39, 0x30, 0x37, 0x34, 0x20, 0x31, 0x33, 0x2e, 0x38
  .byte 0x34, 0x31, 0x34, 0x20, 0x32, 0x33, 0x2e, 0x32, 0x37, 0x39, 0x31, 0x20, 0x31, 0x33, 0x2e, 0x38
  .byte 0x34, 0x30, 0x31, 0x20, 0x32, 0x33, 0x2e, 0x36, 0x32, 0x30, 0x34, 0x20, 0x31, 0x33, 0x2e, 0x39
  .byte 0x35, 0x37, 0x32, 0x43, 0x32, 0x34, 0x2e, 0x32, 0x35, 0x33, 0x39, 0x20, 0x31, 0x34, 0x2e, 0x31
  .byte 0x37, 0x34, 0x37, 0x20, 0x32, 0x34, 0x2e, 0x36, 0x38, 0x31, 0x37, 0x20, 0x31, 0x34, 0x2e, 0x37
  .byte 0x36, 0x31, 0x32, 0x20, 0x32, 0x34, 0x2e, 0x36, 0x38, 0x39, 0x37, 0x20, 0x31, 0x35, 0x2e, 0x34
  .byte 0x32, 0x33, 0x31, 0x43, 0x32, 0x34, 0x2e, 0x36, 0x39, 0x37, 0x37, 0x20, 0x31, 0x36, 0x2e, 0x30
  .byte 0x38, 0x35, 0x31, 0x20, 0x32, 0x34, 0x2e, 0x32, 0x38, 0x33, 0x38, 0x20, 0x31, 0x36, 0x2e, 0x36
  .byte 0x38, 0x31, 0x20, 0x32, 0x33, 0x2e, 0x36, 0x35, 0x35, 0x35, 0x20, 0x31, 0x36, 0x2e, 0x39, 0x31
  .byte 0x33, 0x33, 0x43, 0x32, 0x32, 0x2e, 0x38, 0x32, 0x36, 0x35, 0x20, 0x31, 0x37, 0x2e, 0x32, 0x31
  .byte 0x39, 0x38, 0x20, 0x32, 0x31, 0x2e, 0x39, 0x30, 0x33, 0x38, 0x20, 0x31, 0x36, 0x2e, 0x38, 0x30
  .byte 0x30, 0x35, 0x20, 0x32, 0x31, 0x2e, 0x36, 0x30, 0x30, 0x38, 0x20, 0x31, 0x35, 0x2e, 0x39, 0x37
  .byte 0x39, 0x37, 0x43, 0x32, 0x31, 0x2e, 0x32, 0x39, 0x38, 0x20, 0x31, 0x35, 0x2e, 0x31, 0x35, 0x38
  .byte 0x36, 0x20, 0x32, 0x31, 0x2e, 0x37, 0x33, 0x31, 0x38, 0x20, 0x31, 0x34, 0x2e, 0x32, 0x35, 0x31
  .byte 0x31, 0x20, 0x32, 0x32, 0x2e, 0x35, 0x36, 0x36, 0x36, 0x20, 0x31, 0x33, 0x2e, 0x39, 0x36, 0x30
  .byte 0x32, 0x5a, 0x22, 0x2c, 0x0a, 0x20, 0x20, 0x70, 0x31, 0x64, 0x33, 0x64, 0x63, 0x61, 0x30, 0x30
  .byte 0x3a, 0x0a, 0x20, 0x20, 0x20, 0x20, 0x22, 0x4d, 0x31, 0x36, 0x2e, 0x35, 0x37, 0x38, 0x38, 0x20
  .byte 0x30, 0x2e, 0x31, 0x37, 0x34, 0x30, 0x32, 0x32, 0x43, 0x31, 0x36, 0x2e, 0x38, 0x38, 0x33, 0x37
  .byte 0x20, 0x30, 0x2e, 0x31, 0x36, 0x38, 0x35, 0x32, 0x39, 0x20, 0x31, 0x37, 0x2e, 0x32, 0x36, 0x33
  .byte 0x37, 0x20, 0x30, 0x2e, 0x32, 0x36, 0x35, 0x38, 0x37, 0x20, 0x31, 0x37, 0x2e, 0x36, 0x33, 0x37
  .byte 0x34, 0x20, 0x30, 0x2e, 0x34, 0x32, 0x32, 0x30, 0x36, 0x39, 0x43, 0x31, 0x38, 0x2e, 0x30, 0x31
  .byte 0x34, 0x32, 0x20, 0x30, 0x2e, 0x35, 0x37, 0x39, 0x35, 0x39, 0x37, 0x20, 0x31, 0x38, 0x2e, 0x34
  .byte 0x30, 0x31, 0x37, 0x20, 0x30, 0x2e, 0x38, 0x30, 0x33, 0x34, 0x36, 0x35, 0x20, 0x31, 0x38, 0x2e
  .byte 0x37, 0x32, 0x32, 0x34, 0x20, 0x31, 0x2e, 0x30, 0x36, 0x34, 0x36, 0x35, 0x43, 0x31, 0x39, 0x2e
  .byte 0x30, 0x33, 0x39, 0x38, 0x20, 0x31, 0x2e, 0x33, 0x32, 0x33, 0x32, 0x38, 0x20, 0x31, 0x39, 0x2e
  .byte 0x33, 0x30, 0x38, 0x35, 0x20, 0x31, 0x2e, 0x36, 0x33, 0x31, 0x35, 0x31, 0x20, 0x31, 0x39, 0x2e
  .byte 0x34, 0x32, 0x34, 0x35, 0x20, 0x31, 0x2e, 0x39, 0x36, 0x33, 0x30, 0x38, 0x43, 0x31, 0x39, 0x2e
  .byte 0x34, 0x38, 0x33, 0x34, 0x20, 0x32, 0x2e, 0x31, 0x33, 0x31, 0x35, 0x33, 0x20, 0x31, 0x39, 0x2e
  .byte 0x35, 0x30, 0x33, 0x36, 0x20, 0x32, 0x2e, 0x33, 0x30, 0x39, 0x31, 0x34, 0x20, 0x31, 0x39, 0x2e
  .byte 0x34, 0x36, 0x37, 0x35, 0x20, 0x32, 0x2e, 0x34, 0x38, 0x37, 0x35, 0x43, 0x31, 0x39, 0x2e, 0x34
  .byte 0x33, 0x31, 0x34, 0x20, 0x32, 0x2e, 0x36, 0x36, 0x36, 0x31, 0x37, 0x20, 0x31, 0x39, 0x2e, 0x33
  .byte 0x34, 0x30, 0x39, 0x20, 0x32, 0x2e, 0x38, 0x33, 0x35, 0x30, 0x34, 0x20, 0x31, 0x39, 0x2e, 0x31
  .byte 0x39, 0x35, 0x20, 0x32, 0x2e, 0x39, 0x38, 0x39, 0x34, 0x35, 0x4c, 0x31, 0x39, 0x2e, 0x31, 0x34
  .byte 0x35, 0x32, 0x20, 0x33, 0x2e, 0x30, 0x34, 0x32, 0x31, 0x39, 0x4c, 0x31, 0x39, 0x2e, 0x30, 0x37
  .byte 0x33, 0x20, 0x33, 0x2e, 0x30, 0x34, 0x34, 0x31, 0x34, 0x43, 0x31, 0x38, 0x2e, 0x39, 0x31, 0x33
  .byte 0x20, 0x33, 0x2e, 0x30, 0x34, 0x38, 0x33, 0x31, 0x20, 0x31, 0x38, 0x2e, 0x38, 0x35, 0x31, 0x33
  .byte 0x20, 0x33, 0x2e, 0x30, 0x32, 0x34, 0x35, 0x38, 0x20, 0x31, 0x38, 0x2e, 0x37, 0x32, 0x35, 0x33
  .byte 0x20, 0x32, 0x2e, 0x39, 0x39, 0x32, 0x33, 0x38, 0x4c, 0x31, 0x38, 0x2e, 0x36, 0x39, 0x31, 0x31
  .byte 0x20, 0x32, 0x2e, 0x39, 0x38, 0x33, 0x35, 0x39, 0x4c, 0x31, 0x38, 0x2e, 0x36, 0x36, 0x32, 0x38
  .byte 0x20, 0x32, 0x2e, 0x39, 0x36, 0x32, 0x31, 0x31, 0x43, 0x31, 0x38, 0x2e, 0x34, 0x34, 0x36, 0x38
  .byte 0x20, 0x32, 0x2e, 0x37, 0x39, 0x35, 0x38, 0x20, 0x31, 0x38, 0x2e, 0x33, 0x34, 0x33, 0x34, 0x20
  .byte 0x32, 0x2e, 0x35, 0x38, 0x33, 0x34, 0x32, 0x20, 0x31, 0x38, 0x2e, 0x32, 0x35, 0x36, 0x36, 0x20
  .byte 0x32, 0x2e, 0x33, 0x39, 0x39, 0x36, 0x31, 0x43, 0x31, 0x38, 0x2e, 0x31, 0x36, 0x37, 0x31, 0x20
  .byte 0x32, 0x2e, 0x32, 0x31, 0x30, 0x30, 0x39, 0x20, 0x31, 0x38, 0x2e, 0x30, 0x39, 0x33, 0x35, 0x20
  .byte 0x32, 0x2e, 0x30, 0x34, 0x38, 0x38, 0x39, 0x20, 0x31, 0x37, 0x2e, 0x39, 0x34, 0x38, 0x20, 0x31
  .byte 0x2e, 0x39, 0x30, 0x38, 0x34, 0x43, 0x31, 0x37, 0x2e, 0x38, 0x35, 0x30, 0x38, 0x20, 0x31, 0x2e
  .byte 0x38, 0x31, 0x34, 0x37, 0x32, 0x20, 0x31, 0x37, 0x2e, 0x37, 0x32, 0x33, 0x34, 0x20, 0x31, 0x2e
  .byte 0x37, 0x34, 0x31, 0x34, 0x35, 0x20, 0x31, 0x37, 0x2e, 0x35, 0x37, 0x32, 0x20, 0x31, 0x2e, 0x36
  .byte 0x37, 0x35, 0x39, 0x38, 0x43, 0x31, 0x37, 0x2e, 0x34, 0x31, 0x38, 0x35, 0x20, 0x31, 0x2e, 0x36
  .byte 0x30, 0x39, 0x35, 0x38, 0x20, 0x31, 0x37, 0x2e, 0x32, 0x35, 0x35, 0x39, 0x20, 0x31, 0x2e, 0x35
  .byte 0x35, 0x37, 0x33, 0x31, 0x20, 0x31, 0x37, 0x2e, 0x30, 0x38, 0x33, 0x37, 0x20, 0x31, 0x2e, 0x34
  .byte 0x39, 0x36, 0x32, 0x39, 0x43, 0x31, 0x36, 0x2e, 0x37, 0x36, 0x32, 0x39, 0x20, 0x31, 0x2e, 0x33
  .byte 0x38, 0x32, 0x36, 0x31, 0x20, 0x31, 0x36, 0x2e, 0x33, 0x38, 0x34, 0x31, 0x20, 0x31, 0x2e, 0x32
  .byte 0x33, 0x33, 0x35, 0x38, 0x20, 0x31, 0x36, 0x2e, 0x32, 0x32, 0x31, 0x34, 0x20, 0x30, 0x2e, 0x38
  .byte 0x37, 0x39, 0x31, 0x4c, 0x31, 0x36, 0x2e, 0x32, 0x30, 0x34, 0x38, 0x20, 0x30, 0x2e, 0x38, 0x34
  .byte 0x32, 0x39, 0x36, 0x38, 0x56, 0x30, 0x2e, 0x38, 0x30, 0x33, 0x39, 0x30, 0x35, 0x43, 0x31, 0x36
  .byte 0x2e, 0x32, 0x30, 0x39, 0x37, 0x20, 0x30, 0x2e, 0x35, 0x33, 0x37, 0x32, 0x38, 0x35, 0x20, 0x31
  .byte 0x36, 0x2e, 0x33, 0x33, 0x35, 0x20, 0x30, 0x2e, 0x33, 0x39, 0x38, 0x38, 0x37, 0x31, 0x20, 0x31
  .byte 0x36, 0x2e, 0x34, 0x34, 0x30, 0x32, 0x20, 0x30, 0x2e, 0x32, 0x34, 0x38, 0x32, 0x34, 0x31, 0x4c
  .byte 0x31, 0x36, 0x2e, 0x34, 0x39, 0x30, 0x39, 0x20, 0x30, 0x2e, 0x31, 0x37, 0x34, 0x39, 0x39, 0x39
  .byte 0x4c, 0x31, 0x36, 0x2e, 0x35, 0x37, 0x38, 0x38, 0x20, 0x30, 0x2e, 0x31, 0x37, 0x34, 0x30, 0x32
  .byte 0x32, 0x5a, 0x22, 0x2c, 0x0a, 0x20, 0x20, 0x70, 0x33, 0x37, 0x31, 0x64, 0x36, 0x30, 0x30, 0x30
  .byte 0x3a, 0x0a, 0x20, 0x20, 0x20, 0x20, 0x22, 0x4d, 0x31, 0x32, 0x2e, 0x38, 0x32, 0x39, 0x20, 0x31
  .byte 0x33, 0x2e, 0x39, 0x36, 0x30, 0x32, 0x43, 0x31, 0x33, 0x2e, 0x31, 0x36, 0x39, 0x37, 0x20, 0x31
  .byte 0x33, 0x2e, 0x38, 0x34, 0x31, 0x35, 0x20, 0x31, 0x33, 0x2e, 0x35, 0x34, 0x31, 0x35, 0x20, 0x31
  .byte 0x33, 0x2e, 0x38, 0x34, 0x30, 0x32, 0x20, 0x31, 0x33, 0x2e, 0x38, 0x38, 0x32, 0x37, 0x20, 0x31
  .byte 0x33, 0x2e, 0x39, 0x35, 0x37, 0x33, 0x43, 0x31, 0x34, 0x2e, 0x35, 0x31, 0x36, 0x33, 0x20, 0x31
  .byte 0x34, 0x2e, 0x31, 0x37, 0x34, 0x38, 0x20, 0x31, 0x34, 0x2e, 0x39, 0x34, 0x34, 0x20, 0x31, 0x34
  .byte 0x2e, 0x37, 0x36, 0x31, 0x32, 0x20, 0x31, 0x34, 0x2e, 0x39, 0x35, 0x32, 0x20, 0x31, 0x35, 0x2e
  .byte 0x34, 0x32, 0x33, 0x31, 0x43, 0x31, 0x34, 0x2e, 0x39, 0x36, 0x20, 0x31, 0x36, 0x2e, 0x30, 0x38
  .byte 0x35, 0x20, 0x31, 0x34, 0x2e, 0x35, 0x34, 0x36, 0x38, 0x20, 0x31, 0x36, 0x2e, 0x36, 0x38, 0x31
  .byte 0x20, 0x31, 0x33, 0x2e, 0x39, 0x31, 0x38, 0x38, 0x20, 0x31, 0x36, 0x2e, 0x39, 0x31, 0x33, 0x34
  .byte 0x43, 0x31, 0x33, 0x2e, 0x30, 0x38, 0x39, 0x38, 0x20, 0x31, 0x37, 0x2e, 0x32, 0x31, 0x39, 0x39
  .byte 0x20, 0x31, 0x32, 0x2e, 0x31, 0x36, 0x36, 0x31, 0x20, 0x31, 0x36, 0x2e, 0x38, 0x30, 0x30, 0x36
  .byte 0x20, 0x31, 0x31, 0x2e, 0x38, 0x36, 0x33, 0x32, 0x20, 0x31, 0x35, 0x2e, 0x39, 0x37, 0x39, 0x38
  .byte 0x43, 0x31, 0x31, 0x2e, 0x35, 0x36, 0x30, 0x34, 0x20, 0x31, 0x35, 0x2e, 0x31, 0x35, 0x38, 0x37
  .byte 0x20, 0x31, 0x31, 0x2e, 0x39, 0x39, 0x34, 0x33, 0x20, 0x31, 0x34, 0x2e, 0x32, 0x35, 0x31, 0x33
  .byte 0x20, 0x31, 0x32, 0x2e, 0x38, 0x32, 0x39, 0x20, 0x31, 0x33, 0x2e, 0x39, 0x36, 0x30, 0x32, 0x5a
  .byte 0x22, 0x2c, 0x0a, 0x20, 0x20, 0x70, 0x33, 0x65, 0x61, 0x32, 0x30, 0x37, 0x38, 0x30, 0x3a, 0x0a
  .byte 0x20, 0x20, 0x20, 0x20, 0x22, 0x4d, 0x31, 0x38, 0x2e, 0x33, 0x35, 0x37, 0x34, 0x20, 0x31, 0x38
  .byte 0x2e, 0x31, 0x37, 0x35, 0x43, 0x31, 0x38, 0x2e, 0x37, 0x31, 0x37, 0x34, 0x20, 0x31, 0x38, 0x2e
  .byte 0x31, 0x35, 0x31, 0x38, 0x20, 0x31, 0x39, 0x2e, 0x33, 0x35, 0x33, 0x39, 0x20, 0x31, 0x38, 0x2e
  .byte 0x31, 0x33, 0x33, 0x32, 0x20, 0x31, 0x39, 0x2e, 0x38, 0x37, 0x32, 0x20, 0x31, 0x38, 0x2e, 0x33
  .byte 0x30, 0x34, 0x39, 0x43, 0x32, 0x30, 0x2e, 0x31, 0x33, 0x34, 0x39, 0x20, 0x31, 0x38, 0x2e, 0x33
  .byte 0x39, 0x32, 0x31, 0x20, 0x32, 0x30, 0x2e, 0x34, 0x30, 0x37, 0x34, 0x20, 0x31, 0x38, 0x2e, 0x35
  .byte 0x34, 0x31, 0x32, 0x20, 0x32, 0x30, 0x2e, 0x35, 0x38, 0x34, 0x20, 0x31, 0x38, 0x2e, 0x38, 0x30
  .byte 0x33, 0x43, 0x32, 0x30, 0x2e, 0x37, 0x36, 0x38, 0x31, 0x20, 0x31, 0x39, 0x2e, 0x30, 0x37, 0x35
  .byte 0x39, 0x20, 0x32, 0x30, 0x2e, 0x38, 0x31, 0x20, 0x31, 0x39, 0x2e, 0x34, 0x31, 0x34, 0x35, 0x20
  .byte 0x32, 0x30, 0x2e, 0x37, 0x31, 0x36, 0x38, 0x20, 0x31, 0x39, 0x2e, 0x37, 0x39, 0x37, 0x31, 0x43
  .byte 0x32, 0x30, 0x2e, 0x36, 0x33, 0x34, 0x39, 0x20, 0x32, 0x30, 0x2e, 0x31, 0x33, 0x32, 0x39, 0x20
  .byte 0x32, 0x30, 0x2e, 0x34, 0x30, 0x35, 0x20, 0x32, 0x30, 0x2e, 0x33, 0x39, 0x37, 0x35, 0x20, 0x32
  .byte 0x30, 0x2e, 0x31, 0x37, 0x34, 0x38, 0x20, 0x32, 0x30, 0x2e, 0x35, 0x39, 0x32, 0x43, 0x32, 0x30
  .byte 0x2e, 0x30, 0x30, 0x35, 0x34, 0x20, 0x32, 0x30, 0x2e, 0x37, 0x33, 0x35, 0x31, 0x20, 0x31, 0x39
  .byte 0x2e, 0x38, 0x31, 0x36, 0x35, 0x20, 0x32, 0x30, 0x2e, 0x38, 0x35, 0x35, 0x20, 0x31, 0x39, 0x2e
  .byte 0x36, 0x34, 0x30, 0x36, 0x20, 0x32, 0x30, 0x2e, 0x39, 0x35, 0x33, 0x34, 0x43, 0x31, 0x39, 0x2e
  .byte 0x36, 0x34, 0x34, 0x34, 0x20, 0x32, 0x31, 0x2e, 0x31, 0x37, 0x30, 0x38, 0x20, 0x31, 0x39, 0x2e
  .byte 0x36, 0x34, 0x39, 0x38, 0x20, 0x32, 0x31, 0x2e, 0x33, 0x39, 0x30, 0x33, 0x20, 0x31, 0x39, 0x2e
  .byte 0x36, 0x35, 0x35, 0x33, 0x20, 0x32, 0x31, 0x2e, 0x36, 0x31, 0x31, 0x36, 0x43, 0x32, 0x30, 0x2e
  .byte 0x31, 0x31, 0x32, 0x37, 0x20, 0x32, 0x32, 0x2e, 0x31, 0x31, 0x33, 0x31, 0x20, 0x32, 0x30, 0x2e
  .byte 0x34, 0x39, 0x34, 0x38, 0x20, 0x32, 0x32, 0x2e, 0x33, 0x35, 0x30, 0x35, 0x20, 0x32, 0x30, 0x2e
  .byte 0x38, 0x30, 0x36, 0x36, 0x20, 0x32, 0x32, 0x2e, 0x34, 0x34, 0x36, 0x35, 0x43, 0x32, 0x31, 0x2e
  .byte 0x31, 0x32, 0x38, 0x34, 0x20, 0x32, 0x32, 0x2e, 0x35, 0x34, 0x35, 0x35, 0x20, 0x32, 0x31, 0x2e
  .byte 0x34, 0x30, 0x38, 0x39, 0x20, 0x32, 0x32, 0x2e, 0x35, 0x30, 0x36, 0x32, 0x20, 0x32, 0x31, 0x2e
  .byte 0x36, 0x37, 0x30, 0x39, 0x20, 0x32, 0x32, 0x2e, 0x34, 0x30, 0x33, 0x36, 0x43, 0x32, 0x31, 0x2e
  .byte 0x39, 0x34, 0x35, 0x39, 0x20, 0x32, 0x32, 0x2e, 0x32, 0x39, 0x35, 0x37, 0x20, 0x32, 0x32, 0x2e
  .byte 0x31, 0x38, 0x35, 0x34, 0x20, 0x32, 0x32, 0x2e, 0x31, 0x32, 0x35, 0x37, 0x20, 0x32, 0x32, 0x2e
  .byte 0x34, 0x33, 0x38, 0x35, 0x20, 0x32, 0x31, 0x2e, 0x39, 0x35, 0x36, 0x33, 0x43, 0x32, 0x32, 0x2e
  .byte 0x35, 0x35, 0x37, 0x37, 0x20, 0x32, 0x31, 0x2e, 0x38, 0x37, 0x36, 0x35, 0x20, 0x32, 0x32, 0x2e
  .byte 0x36, 0x38, 0x38, 0x34, 0x20, 0x32, 0x31, 0x2e, 0x37, 0x39, 0x30, 0x38, 0x20, 0x32, 0x32, 0x2e
  .byte 0x38, 0x31, 0x37, 0x34, 0x20, 0x32, 0x31, 0x2e, 0x37, 0x32, 0x39, 0x37, 0x43, 0x32, 0x32, 0x2e
  .byte 0x39, 0x34, 0x34, 0x33, 0x20, 0x32, 0x31, 0x2e, 0x36, 0x36, 0x39, 0x36, 0x20, 0x32, 0x33, 0x2e
  .byte 0x31, 0x30, 0x39, 0x32, 0x20, 0x32, 0x31, 0x2e, 0x36, 0x31, 0x33, 0x34, 0x20, 0x32, 0x33, 0x2e
  .byte 0x32, 0x39, 0x20, 0x32, 0x31, 0x2e, 0x36, 0x33, 0x33, 0x4c, 0x32, 0x33, 0x2e, 0x34, 0x30, 0x30
  .byte 0x34, 0x20, 0x32, 0x31, 0x2e, 0x36, 0x34, 0x35, 0x37, 0x4c, 0x32, 0x33, 0x2e, 0x34, 0x38, 0x32
  .byte 0x34, 0x20, 0x32, 0x31, 0x2e, 0x37, 0x31, 0x39, 0x43, 0x32, 0x33, 0x2e, 0x38, 0x33, 0x34, 0x31
  .byte 0x20, 0x32, 0x32, 0x2e, 0x30, 0x33, 0x31, 0x31, 0x20, 0x32, 0x33, 0x2e, 0x39, 0x33, 0x33, 0x38
  .byte 0x20, 0x32, 0x32, 0x2e, 0x35, 0x37, 0x32, 0x37, 0x20, 0x32, 0x33, 0x2e, 0x35, 0x39, 0x30, 0x38
  .byte 0x20, 0x32, 0x32, 0x2e, 0x39, 0x37, 0x38, 0x38, 0x43, 0x32, 0x33, 0x2e, 0x30, 0x39, 0x31, 0x38
  .byte 0x20, 0x32, 0x33, 0x2e, 0x35, 0x36, 0x39, 0x35, 0x20, 0x32, 0x32, 0x2e, 0x33, 0x38, 0x30, 0x39
  .byte 0x20, 0x32, 0x33, 0x2e, 0x38, 0x37, 0x33, 0x20, 0x32, 0x31, 0x2e, 0x36, 0x36, 0x36, 0x20, 0x32
  .byte 0x33, 0x2e, 0x39, 0x37, 0x38, 0x38, 0x43, 0x32, 0x31, 0x2e, 0x35, 0x37, 0x33, 0x35, 0x20, 0x32
  .byte 0x34, 0x2e, 0x35, 0x37, 0x30, 0x31, 0x20, 0x32, 0x31, 0x2e, 0x34, 0x34, 0x30, 0x34, 0x20, 0x32
  .byte 0x35, 0x2e, 0x31, 0x39, 0x33, 0x31, 0x20, 0x32, 0x31, 0x2e, 0x31, 0x34, 0x37, 0x34, 0x20, 0x32
  .byte 0x35, 0x2e, 0x37, 0x31, 0x30, 0x32, 0x43, 0x32, 0x30, 0x2e, 0x37, 0x39, 0x34, 0x36, 0x20, 0x32
  .byte 0x36, 0x2e, 0x33, 0x33, 0x32, 0x39, 0x20, 0x32, 0x30, 0x2e, 0x32, 0x32, 0x31, 0x32, 0x20, 0x32
  .byte 0x36, 0x2e, 0x37, 0x38, 0x39, 0x34, 0x20, 0x31, 0x39, 0x2e, 0x32, 0x39, 0x39, 0x38, 0x20, 0x32
  .byte 0x36, 0x2e, 0x39, 0x30, 0x32, 0x36, 0x4c, 0x31, 0x39, 0x2e, 0x32, 0x39, 0x38, 0x38, 0x20, 0x32
  .byte 0x36, 0x2e, 0x39, 0x30, 0x31, 0x36, 0x43, 0x31, 0x39, 0x2e, 0x30, 0x32, 0x38, 0x20, 0x32, 0x36
  .byte 0x2e, 0x39, 0x35, 0x37, 0x20, 0x31, 0x38, 0x2e, 0x37, 0x31, 0x34, 0x33, 0x20, 0x32, 0x36, 0x2e
  .byte 0x39, 0x34, 0x38, 0x34, 0x20, 0x31, 0x38, 0x2e, 0x34, 0x32, 0x34, 0x38, 0x20, 0x32, 0x36, 0x2e
  .byte 0x38, 0x39, 0x34, 0x38, 0x43, 0x31, 0x38, 0x2e, 0x31, 0x32, 0x32, 0x35, 0x20, 0x32, 0x36, 0x2e
  .byte 0x38, 0x33, 0x38, 0x38, 0x20, 0x31, 0x37, 0x2e, 0x38, 0x30, 0x37, 0x37, 0x20, 0x32, 0x36, 0x2e
  .byte 0x37, 0x32, 0x39, 0x35, 0x20, 0x31, 0x37, 0x2e, 0x35, 0x36, 0x37, 0x34, 0x20, 0x32, 0x36, 0x2e
  .byte 0x35, 0x36, 0x32, 0x37, 0x43, 0x31, 0x36, 0x2e, 0x36, 0x30, 0x38, 0x33, 0x20, 0x32, 0x35, 0x2e
  .byte 0x38, 0x39, 0x37, 0x32, 0x20, 0x31, 0x36, 0x2e, 0x33, 0x37, 0x34, 0x35, 0x20, 0x32, 0x34, 0x2e
  .byte 0x38, 0x39, 0x36, 0x31, 0x20, 0x31, 0x36, 0x2e, 0x32, 0x30, 0x33, 0x31, 0x20, 0x32, 0x33, 0x2e
  .byte 0x39, 0x38, 0x33, 0x36, 0x43, 0x31, 0x35, 0x2e, 0x38, 0x31, 0x37, 0x34, 0x20, 0x32, 0x33, 0x2e
  .byte 0x39, 0x34, 0x36, 0x31, 0x20, 0x31, 0x35, 0x2e, 0x33, 0x33, 0x31, 0x32, 0x20, 0x32, 0x33, 0x2e
  .byte 0x38, 0x32, 0x37, 0x31, 0x20, 0x31, 0x34, 0x2e, 0x39, 0x31, 0x33, 0x31, 0x20, 0x32, 0x33, 0x2e
  .byte 0x36, 0x31, 0x39, 0x34, 0x43, 0x31, 0x34, 0x2e, 0x33, 0x39, 0x32, 0x31, 0x20, 0x32, 0x33, 0x2e
  .byte 0x33, 0x36, 0x30, 0x34, 0x20, 0x31, 0x33, 0x2e, 0x38, 0x31, 0x38, 0x39, 0x20, 0x32, 0x32, 0x2e
  .byte 0x38, 0x37, 0x36, 0x35, 0x20, 0x31, 0x33, 0x2e, 0x39, 0x32, 0x37, 0x37, 0x20, 0x32, 0x32, 0x2e
  .byte 0x31, 0x31, 0x38, 0x34, 0x4c, 0x31, 0x33, 0x2e, 0x39, 0x35, 0x39, 0x20, 0x32, 0x31, 0x2e, 0x39
  .byte 0x39, 0x35, 0x34, 0x43, 0x31, 0x34, 0x2e, 0x30, 0x35, 0x35, 0x34, 0x20, 0x32, 0x31, 0x2e, 0x37
  .byte 0x33, 0x34, 0x31, 0x20, 0x31, 0x34, 0x2e, 0x33, 0x30, 0x37, 0x32, 0x20, 0x32, 0x31, 0x2e, 0x36
  .byte 0x34, 0x31, 0x34, 0x20, 0x31, 0x34, 0x2e, 0x33, 0x37, 0x33, 0x20, 0x32, 0x31, 0x2e, 0x36, 0x31
  .byte 0x30, 0x36, 0x4c, 0x31, 0x34, 0x2e, 0x34, 0x34, 0x33, 0x33, 0x20, 0x32, 0x31, 0x2e, 0x35, 0x37
  .byte 0x37, 0x34, 0x48, 0x31, 0x34, 0x2e, 0x35, 0x32, 0x31, 0x35, 0x43, 0x31, 0x34, 0x2e, 0x37, 0x31
  .byte 0x31, 0x39, 0x20, 0x32, 0x31, 0x2e, 0x35, 0x37, 0x38, 0x31, 0x20, 0x31, 0x34, 0x2e, 0x38, 0x37
  .byte 0x32, 0x34, 0x20, 0x32, 0x31, 0x2e, 0x36, 0x34, 0x38, 0x38, 0x20, 0x31, 0x34, 0x2e, 0x39, 0x39
  .byte 0x38, 0x20, 0x32, 0x31, 0x2e, 0x37, 0x32, 0x38, 0x38, 0x43, 0x31, 0x35, 0x2e, 0x31, 0x32, 0x30
  .byte 0x38, 0x20, 0x32, 0x31, 0x2e, 0x38, 0x30, 0x36, 0x39, 0x20, 0x31, 0x35, 0x2e, 0x32, 0x33, 0x31
  .byte 0x38, 0x20, 0x32, 0x31, 0x2e, 0x39, 0x30, 0x37, 0x39, 0x20, 0x31, 0x35, 0x2e, 0x33, 0x32, 0x33
  .byte 0x32, 0x20, 0x32, 0x31, 0x2e, 0x39, 0x39, 0x33, 0x34, 0x43, 0x31, 0x35, 0x2e, 0x35, 0x33, 0x31
  .byte 0x20, 0x32, 0x32, 0x2e, 0x31, 0x38, 0x37, 0x38, 0x20, 0x31, 0x35, 0x2e, 0x36, 0x35, 0x37, 0x39
  .byte 0x20, 0x32, 0x32, 0x2e, 0x33, 0x31, 0x32, 0x20, 0x31, 0x35, 0x2e, 0x37, 0x39, 0x37, 0x38, 0x20
  .byte 0x32, 0x32, 0x2e, 0x33, 0x36, 0x32, 0x35, 0x43, 0x31, 0x36, 0x2e, 0x32, 0x39, 0x32, 0x39, 0x20
  .byte 0x32, 0x32, 0x2e, 0x35, 0x34, 0x31, 0x32, 0x20, 0x31, 0x36, 0x2e, 0x37, 0x30, 0x36, 0x38, 0x20
  .byte 0x32, 0x32, 0x2e, 0x34, 0x39, 0x38, 0x34, 0x20, 0x31, 0x37, 0x2e, 0x30, 0x38, 0x32, 0x20, 0x32
  .byte 0x32, 0x2e, 0x33, 0x33, 0x32, 0x33, 0x43, 0x31, 0x37, 0x2e, 0x34, 0x33, 0x39, 0x31, 0x20, 0x32
  .byte 0x32, 0x2e, 0x31, 0x37, 0x34, 0x31, 0x20, 0x31, 0x37, 0x2e, 0x37, 0x37, 0x30, 0x38, 0x20, 0x32
  .byte 0x31, 0x2e, 0x38, 0x39, 0x36, 0x20, 0x31, 0x38, 0x2e, 0x31, 0x30, 0x31, 0x35, 0x20, 0x32, 0x31
  .byte 0x2e, 0x35, 0x35, 0x34, 0x39, 0x4c, 0x31, 0x38, 0x2e, 0x31, 0x30, 0x39, 0x34, 0x20, 0x32, 0x30
  .byte 0x2e, 0x39, 0x38, 0x38, 0x35, 0x43, 0x31, 0x37, 0x2e, 0x38, 0x31, 0x34, 0x39, 0x20, 0x32, 0x30
  .byte 0x2e, 0x38, 0x30, 0x36, 0x36, 0x20, 0x31, 0x37, 0x2e, 0x35, 0x35, 0x31, 0x35, 0x20, 0x32, 0x30
  .byte 0x2e, 0x35, 0x39, 0x37, 0x34, 0x20, 0x31, 0x37, 0x2e, 0x33, 0x34, 0x37, 0x36, 0x20, 0x32, 0x30
  .byte 0x2e, 0x33, 0x37, 0x31, 0x33, 0x43, 0x31, 0x37, 0x2e, 0x31, 0x33, 0x32, 0x33, 0x20, 0x32, 0x30
  .byte 0x2e, 0x31, 0x33, 0x32, 0x35, 0x20, 0x31, 0x36, 0x2e, 0x39, 0x36, 0x31, 0x33, 0x20, 0x31, 0x39
  .byte 0x2e, 0x38, 0x35, 0x32, 0x31, 0x20, 0x31, 0x36, 0x2e, 0x39, 0x31, 0x35, 0x20, 0x31, 0x39, 0x2e
  .byte 0x35, 0x35, 0x31, 0x43, 0x31, 0x36, 0x2e, 0x38, 0x36, 0x35, 0x35, 0x20, 0x31, 0x39, 0x2e, 0x32
  .byte 0x32, 0x38, 0x39, 0x20, 0x31, 0x36, 0x2e, 0x39, 0x36, 0x35, 0x34, 0x20, 0x31, 0x38, 0x2e, 0x39
  .byte 0x31, 0x36, 0x39, 0x20, 0x31, 0x37, 0x2e, 0x32, 0x32, 0x35, 0x36, 0x20, 0x31, 0x38, 0x2e, 0x36
  .byte 0x37, 0x30, 0x32, 0x43, 0x31, 0x37, 0x2e, 0x34, 0x37, 0x20, 0x31, 0x38, 0x2e, 0x34, 0x33, 0x38
  .byte 0x34, 0x20, 0x31, 0x37, 0x2e, 0x38, 0x33, 0x37, 0x39, 0x20, 0x31, 0x38, 0x2e, 0x32, 0x38, 0x20
  .byte 0x31, 0x38, 0x2e, 0x33, 0x30, 0x38, 0x36, 0x20, 0x31, 0x38, 0x2e, 0x31, 0x38, 0x31, 0x39, 0x4c
  .byte 0x31, 0x38, 0x2e, 0x33, 0x33, 0x33, 0x20, 0x31, 0x38, 0x2e, 0x31, 0x37, 0x37, 0x4c, 0x31, 0x38
  .byte 0x2e, 0x33, 0x35, 0x37, 0x34, 0x20, 0x31, 0x38, 0x2e, 0x31, 0x37, 0x35, 0x5a, 0x4d, 0x31, 0x39
  .byte 0x2e, 0x32, 0x37, 0x30, 0x35, 0x20, 0x32, 0x32, 0x2e, 0x39, 0x34, 0x33, 0x36, 0x43, 0x31, 0x39
  .byte 0x2e, 0x32, 0x37, 0x38, 0x31, 0x20, 0x32, 0x33, 0x2e, 0x35, 0x33, 0x39, 0x38, 0x20, 0x31, 0x39
  .byte 0x2e, 0x34, 0x39, 0x37, 0x31, 0x20, 0x32, 0x34, 0x2e, 0x37, 0x32, 0x35, 0x36, 0x20, 0x31, 0x38
  .byte 0x2e, 0x37, 0x39, 0x33, 0x39, 0x20, 0x32, 0x34, 0x2e, 0x38, 0x37, 0x37, 0x32, 0x43, 0x31, 0x38
  .byte 0x2e, 0x30, 0x39, 0x32, 0x34, 0x20, 0x32, 0x34, 0x2e, 0x35, 0x32, 0x38, 0x33, 0x20, 0x31, 0x38
  .byte 0x2e, 0x36, 0x35, 0x38, 0x32, 0x20, 0x32, 0x33, 0x2e, 0x32, 0x34, 0x38, 0x38, 0x20, 0x31, 0x38
  .byte 0x2e, 0x33, 0x35, 0x36, 0x34, 0x20, 0x32, 0x32, 0x2e, 0x39, 0x38, 0x37, 0x35, 0x43, 0x31, 0x38
  .byte 0x2e, 0x30, 0x33, 0x35, 0x35, 0x20, 0x32, 0x33, 0x2e, 0x31, 0x37, 0x33, 0x37, 0x20, 0x31, 0x37
  .byte 0x2e, 0x36, 0x34, 0x32, 0x35, 0x20, 0x32, 0x33, 0x2e, 0x34, 0x31, 0x39, 0x37, 0x20, 0x31, 0x37
  .byte 0x2e, 0x33, 0x30, 0x34, 0x37, 0x20, 0x32, 0x33, 0x2e, 0x35, 0x35, 0x37, 0x39, 0x43, 0x31, 0x37
  .byte 0x2e, 0x35, 0x36, 0x35, 0x31, 0x20, 0x32, 0x34, 0x2e, 0x38, 0x36, 0x31, 0x34, 0x20, 0x31, 0x37
  .byte 0x2e, 0x35, 0x37, 0x33, 0x38, 0x20, 0x32, 0x35, 0x2e, 0x34, 0x31, 0x34, 0x31, 0x20, 0x31, 0x38
  .byte 0x2e, 0x39, 0x36, 0x30, 0x39, 0x20, 0x32, 0x35, 0x2e, 0x38, 0x34, 0x39, 0x38, 0x43, 0x31, 0x39
  .byte 0x2e, 0x32, 0x33, 0x38, 0x37, 0x20, 0x32, 0x35, 0x2e, 0x37, 0x35, 0x36, 0x35, 0x20, 0x31, 0x39
  .byte 0x2e, 0x35, 0x38, 0x34, 0x37, 0x20, 0x32, 0x35, 0x2e, 0x36, 0x36, 0x31, 0x37, 0x20, 0x31, 0x39
  .byte 0x2e, 0x38, 0x30, 0x32, 0x37, 0x20, 0x32, 0x35, 0x2e, 0x34, 0x37, 0x35, 0x38, 0x4c, 0x31, 0x39
  .byte 0x2e, 0x38, 0x33, 0x31, 0x20, 0x32, 0x35, 0x2e, 0x34, 0x35, 0x32, 0x34, 0x43, 0x32, 0x30, 0x2e
  .byte 0x30, 0x36, 0x32, 0x31, 0x20, 0x32, 0x35, 0x2e, 0x32, 0x35, 0x34, 0x31, 0x20, 0x32, 0x30, 0x2e
  .byte 0x31, 0x38, 0x36, 0x39, 0x20, 0x32, 0x34, 0x2e, 0x39, 0x36, 0x33, 0x36, 0x20, 0x32, 0x30, 0x2e
  .byte 0x33, 0x31, 0x34, 0x34, 0x20, 0x32, 0x34, 0x2e, 0x36, 0x38, 0x38, 0x37, 0x4c, 0x32, 0x30, 0x2e
  .byte 0x35, 0x39, 0x34, 0x37, 0x20, 0x32, 0x33, 0x2e, 0x35, 0x38, 0x38, 0x31, 0x43, 0x32, 0x30, 0x2e
  .byte 0x31, 0x32, 0x31, 0x34, 0x20, 0x32, 0x33, 0x2e, 0x34, 0x33, 0x39, 0x36, 0x20, 0x31, 0x39, 0x2e
  .byte 0x36, 0x38, 0x38, 0x31, 0x20, 0x32, 0x33, 0x2e, 0x32, 0x30, 0x37, 0x32, 0x20, 0x31, 0x39, 0x2e
  .byte 0x32, 0x37, 0x30, 0x35, 0x20, 0x32, 0x32, 0x2e, 0x39, 0x34, 0x33, 0x36, 0x5a, 0x4d, 0x31, 0x37
  .byte 0x2e, 0x39, 0x32, 0x31, 0x39, 0x20, 0x32, 0x32, 0x2e, 0x31, 0x39, 0x39, 0x35, 0x43, 0x31, 0x38
  .byte 0x2e, 0x30, 0x30, 0x33, 0x34, 0x20, 0x32, 0x32, 0x2e, 0x31, 0x33, 0x31, 0x37, 0x20, 0x31, 0x38
  .byte 0x2e, 0x30, 0x38, 0x34, 0x37, 0x20, 0x32, 0x32, 0x2e, 0x30, 0x36, 0x31, 0x39, 0x20, 0x31, 0x38
  .byte 0x2e, 0x31, 0x36, 0x33, 0x31, 0x20, 0x32, 0x31, 0x2e, 0x39, 0x38, 0x37, 0x35, 0x4c, 0x31, 0x38
  .byte 0x2e, 0x31, 0x38, 0x30, 0x36, 0x20, 0x32, 0x31, 0x2e, 0x39, 0x37, 0x43, 0x31, 0x38, 0x2e, 0x30
  .byte 0x39, 0x36, 0x35, 0x20, 0x32, 0x32, 0x2e, 0x30, 0x35, 0x30, 0x35, 0x20, 0x31, 0x38, 0x2e, 0x30
  .byte 0x30, 0x39, 0x36, 0x20, 0x32, 0x32, 0x2e, 0x31, 0x32, 0x36, 0x35, 0x20, 0x31, 0x37, 0x2e, 0x39
  .byte 0x32, 0x31, 0x39, 0x20, 0x32, 0x32, 0x2e, 0x31, 0x39, 0x39, 0x35, 0x5a, 0x4d, 0x31, 0x39, 0x2e
  .byte 0x32, 0x32, 0x32, 0x36, 0x20, 0x31, 0x38, 0x2e, 0x35, 0x32, 0x36, 0x36, 0x4c, 0x31, 0x39, 0x2e
  .byte 0x30, 0x33, 0x38, 0x31, 0x20, 0x31, 0x38, 0x2e, 0x35, 0x31, 0x32, 0x39, 0x43, 0x31, 0x39, 0x2e
  .byte 0x30, 0x32, 0x35, 0x20, 0x31, 0x38, 0x2e, 0x35, 0x31, 0x32, 0x33, 0x20, 0x31, 0x39, 0x2e, 0x30
  .byte 0x31, 0x32, 0x20, 0x31, 0x38, 0x2e, 0x35, 0x31, 0x32, 0x35, 0x20, 0x31, 0x38, 0x2e, 0x39, 0x39
  .byte 0x39, 0x20, 0x31, 0x38, 0x2e, 0x35, 0x31, 0x32, 0x43, 0x31, 0x39, 0x2e, 0x30, 0x37, 0x32, 0x37
  .byte 0x20, 0x31, 0x38, 0x2e, 0x35, 0x31, 0x35, 0x20, 0x31, 0x39, 0x2e, 0x31, 0x34, 0x37, 0x37, 0x20
  .byte 0x31, 0x38, 0x2e, 0x35, 0x31, 0x39, 0x32, 0x20, 0x31, 0x39, 0x2e, 0x32, 0x32, 0x32, 0x36, 0x20
  .byte 0x31, 0x38, 0x2e, 0x35, 0x32, 0x36, 0x36, 0x5a, 0x22, 0x2c, 0x0a, 0x20, 0x20, 0x70, 0x35, 0x38
  .byte 0x31, 0x66, 0x61, 0x30, 0x30, 0x3a, 0x0a, 0x20, 0x20, 0x20, 0x20, 0x22, 0x4d, 0x36, 0x2e, 0x37
  .byte 0x36, 0x31, 0x38, 0x39, 0x20, 0x37, 0x2e, 0x38, 0x33, 0x38, 0x39, 0x43, 0x36, 0x2e, 0x39, 0x33
  .byte 0x33, 0x38, 0x34, 0x20, 0x37, 0x2e, 0x38, 0x31, 0x38, 0x30, 0x36, 0x20, 0x37, 0x2e, 0x31, 0x39
  .byte 0x30, 0x38, 0x32, 0x20, 0x37, 0x2e, 0x37, 0x39, 0x34, 0x37, 0x37, 0x20, 0x37, 0x2e, 0x34, 0x31
  .byte 0x35, 0x32, 0x31, 0x20, 0x37, 0x2e, 0x38, 0x34, 0x32, 0x38, 0x31, 0x43, 0x37, 0x2e, 0x35, 0x32
  .byte 0x38, 0x39, 0x36, 0x20, 0x37, 0x2e, 0x38, 0x36, 0x37, 0x31, 0x39, 0x20, 0x37, 0x2e, 0x36, 0x34
  .byte 0x37, 0x32, 0x37, 0x20, 0x37, 0x2e, 0x39, 0x31, 0x33, 0x32, 0x35, 0x20, 0x37, 0x2e, 0x37, 0x34
  .byte 0x33, 0x33, 0x33, 0x20, 0x37, 0x2e, 0x39, 0x39, 0x38, 0x30, 0x38, 0x43, 0x37, 0x2e, 0x38, 0x34
  .byte 0x33, 0x34, 0x34, 0x20, 0x38, 0x2e, 0x30, 0x38, 0x36, 0x35, 0x31, 0x20, 0x37, 0x2e, 0x39, 0x30
  .byte 0x38, 0x31, 0x36, 0x20, 0x38, 0x2e, 0x32, 0x30, 0x38, 0x31, 0x39, 0x20, 0x37, 0x2e, 0x39, 0x32
  .byte 0x34, 0x20, 0x38, 0x2e, 0x33, 0x36, 0x30, 0x33, 0x39, 0x4c, 0x37, 0x2e, 0x39, 0x32, 0x39, 0x38
  .byte 0x36, 0x20, 0x38, 0x2e, 0x34, 0x31, 0x34, 0x31, 0x4c, 0x37, 0x2e, 0x39, 0x30, 0x33, 0x34, 0x39
  .byte 0x20, 0x38, 0x2e, 0x34, 0x36, 0x30, 0x39, 0x37, 0x43, 0x37, 0x2e, 0x37, 0x30, 0x38, 0x32, 0x31
  .byte 0x20, 0x38, 0x2e, 0x38, 0x31, 0x36, 0x34, 0x31, 0x20, 0x37, 0x2e, 0x33, 0x34, 0x31, 0x30, 0x33
  .byte 0x20, 0x38, 0x2e, 0x39, 0x34, 0x37, 0x30, 0x33, 0x20, 0x37, 0x2e, 0x30, 0x30, 0x37, 0x30, 0x31
  .byte 0x20, 0x39, 0x2e, 0x30, 0x32, 0x30, 0x35, 0x35, 0x43, 0x36, 0x2e, 0x38, 0x33, 0x39, 0x37, 0x34
  .byte 0x20, 0x39, 0x2e, 0x30, 0x35, 0x37, 0x33, 0x34, 0x20, 0x36, 0x2e, 0x36, 0x35, 0x39, 0x35, 0x39
  .byte 0x20, 0x39, 0x2e, 0x30, 0x38, 0x33, 0x38, 0x39, 0x20, 0x36, 0x2e, 0x35, 0x30, 0x35, 0x30, 0x35
  .byte 0x20, 0x39, 0x2e, 0x31, 0x31, 0x31, 0x33, 0x37, 0x43, 0x36, 0x2e, 0x33, 0x34, 0x34, 0x33, 0x33
  .byte 0x20, 0x39, 0x2e, 0x31, 0x33, 0x39, 0x39, 0x35, 0x20, 0x36, 0x2e, 0x32, 0x30, 0x34, 0x34, 0x31
  .byte 0x20, 0x39, 0x2e, 0x31, 0x37, 0x31, 0x30, 0x38, 0x20, 0x36, 0x2e, 0x30, 0x38, 0x39, 0x30, 0x34
  .byte 0x20, 0x39, 0x2e, 0x32, 0x31, 0x36, 0x38, 0x33, 0x43, 0x34, 0x2e, 0x37, 0x30, 0x34, 0x33, 0x38
  .byte 0x20, 0x39, 0x2e, 0x37, 0x36, 0x36, 0x30, 0x32, 0x20, 0x33, 0x2e, 0x39, 0x30, 0x33, 0x36, 0x36
  .byte 0x20, 0x31, 0x30, 0x2e, 0x36, 0x38, 0x38, 0x39, 0x20, 0x33, 0x2e, 0x35, 0x34, 0x35, 0x30, 0x39
  .byte 0x20, 0x31, 0x31, 0x2e, 0x37, 0x37, 0x39, 0x33, 0x43, 0x33, 0x2e, 0x31, 0x38, 0x34, 0x34, 0x38
  .byte 0x20, 0x31, 0x32, 0x2e, 0x38, 0x37, 0x36, 0x34, 0x20, 0x33, 0x2e, 0x32, 0x36, 0x36, 0x31, 0x34
  .byte 0x20, 0x31, 0x34, 0x2e, 0x31, 0x36, 0x20, 0x33, 0x2e, 0x36, 0x38, 0x31, 0x38, 0x31, 0x20, 0x31
  .byte 0x35, 0x2e, 0x34, 0x32, 0x34, 0x38, 0x4c, 0x33, 0x2e, 0x37, 0x32, 0x34, 0x37, 0x38, 0x20, 0x31
  .byte 0x35, 0x2e, 0x35, 0x35, 0x35, 0x37, 0x4c, 0x33, 0x2e, 0x36, 0x30, 0x36, 0x36, 0x32, 0x20, 0x31
  .byte 0x35, 0x2e, 0x36, 0x32, 0x37, 0x43, 0x32, 0x2e, 0x36, 0x37, 0x31, 0x31, 0x35, 0x20, 0x31, 0x36
  .byte 0x2e, 0x31, 0x39, 0x31, 0x39, 0x20, 0x31, 0x2e, 0x39, 0x31, 0x39, 0x34, 0x32, 0x20, 0x31, 0x36
  .byte 0x2e, 0x39, 0x34, 0x36, 0x39, 0x20, 0x31, 0x2e, 0x35, 0x35, 0x35, 0x38, 0x33, 0x20, 0x31, 0x37
  .byte 0x2e, 0x39, 0x35, 0x34, 0x31, 0x56, 0x31, 0x37, 0x2e, 0x39, 0x35, 0x35, 0x31, 0x43, 0x31, 0x2e
  .byte 0x32, 0x32, 0x30, 0x33, 0x32, 0x20, 0x31, 0x38, 0x2e, 0x38, 0x37, 0x31, 0x35, 0x20, 0x31, 0x2e
  .byte 0x32, 0x37, 0x34, 0x33, 0x20, 0x31, 0x39, 0x2e, 0x38, 0x38, 0x33, 0x20, 0x31, 0x2e, 0x37, 0x30
  .byte 0x35, 0x32, 0x35, 0x20, 0x32, 0x30, 0x2e, 0x37, 0x35, 0x39, 0x38, 0x56, 0x32, 0x30, 0x2e, 0x37
  .byte 0x36, 0x30, 0x38, 0x43, 0x32, 0x2e, 0x30, 0x30, 0x38, 0x32, 0x39, 0x20, 0x32, 0x31, 0x2e, 0x33
  .byte 0x38, 0x35, 0x39, 0x20, 0x32, 0x2e, 0x33, 0x37, 0x31, 0x31, 0x39, 0x20, 0x32, 0x31, 0x2e, 0x37
  .byte 0x38, 0x33, 0x37, 0x20, 0x32, 0x2e, 0x38, 0x30, 0x37, 0x37, 0x39, 0x20, 0x32, 0x32, 0x2e, 0x30
  .byte 0x38, 0x31, 0x31, 0x43, 0x33, 0x2e, 0x32, 0x34, 0x39, 0x38, 0x32, 0x20, 0x32, 0x32, 0x2e, 0x33
  .byte 0x38, 0x32, 0x31, 0x20, 0x33, 0x2e, 0x37, 0x37, 0x33, 0x35, 0x37, 0x20, 0x32, 0x32, 0x2e, 0x35
  .byte 0x38, 0x34, 0x35, 0x20, 0x34, 0x2e, 0x34, 0x31, 0x32, 0x32, 0x38, 0x20, 0x32, 0x32, 0x2e, 0x38
  .byte 0x30, 0x39, 0x36, 0x4c, 0x34, 0x2e, 0x35, 0x30, 0x37, 0x39, 0x38, 0x20, 0x32, 0x32, 0x2e, 0x38
  .byte 0x34, 0x32, 0x38, 0x4c, 0x34, 0x2e, 0x35, 0x32, 0x35, 0x35, 0x36, 0x20, 0x32, 0x32, 0x2e, 0x39
  .byte 0x34, 0x32, 0x34, 0x43, 0x34, 0x2e, 0x35, 0x39, 0x39, 0x32, 0x32, 0x20, 0x32, 0x33, 0x2e, 0x33
  .byte 0x35, 0x35, 0x33, 0x20, 0x34, 0x2e, 0x36, 0x35, 0x34, 0x34, 0x20, 0x32, 0x33, 0x2e, 0x36, 0x33
  .byte 0x35, 0x38, 0x20, 0x34, 0x2e, 0x38, 0x32, 0x33, 0x34, 0x31, 0x20, 0x32, 0x33, 0x2e, 0x39, 0x36
  .byte 0x31, 0x4c, 0x34, 0x2e, 0x39, 0x30, 0x33, 0x34, 0x39, 0x20, 0x32, 0x34, 0x2e, 0x31, 0x30, 0x34
  .byte 0x35, 0x43, 0x35, 0x2e, 0x32, 0x31, 0x39, 0x20, 0x32, 0x34, 0x2e, 0x36, 0x33, 0x37, 0x31, 0x20
  .byte 0x35, 0x2e, 0x37, 0x34, 0x33, 0x33, 0x39, 0x20, 0x32, 0x35, 0x2e, 0x30, 0x31, 0x38, 0x37, 0x20
  .byte 0x36, 0x2e, 0x33, 0x35, 0x33, 0x36, 0x39, 0x20, 0x32, 0x35, 0x2e, 0x31, 0x35, 0x38, 0x32, 0x48
  .byte 0x36, 0x2e, 0x33, 0x35, 0x34, 0x36, 0x36, 0x43, 0x37, 0x2e, 0x31, 0x39, 0x32, 0x30, 0x33, 0x20
  .byte 0x32, 0x35, 0x2e, 0x33, 0x35, 0x34, 0x38, 0x20, 0x37, 0x2e, 0x38, 0x38, 0x31, 0x37, 0x39, 0x20
  .byte 0x32, 0x35, 0x2e, 0x31, 0x31, 0x31, 0x37, 0x20, 0x38, 0x2e, 0x36, 0x31, 0x33, 0x34, 0x35, 0x20
  .byte 0x32, 0x34, 0x2e, 0x36, 0x38, 0x32, 0x37, 0x43, 0x38, 0x2e, 0x34, 0x37, 0x36, 0x20, 0x32, 0x34
  .byte 0x2e, 0x30, 0x37, 0x39, 0x36, 0x20, 0x38, 0x2e, 0x33, 0x39, 0x35, 0x32, 0x39, 0x20, 0x32, 0x33
  .byte 0x2e, 0x34, 0x36, 0x35, 0x36, 0x20, 0x38, 0x2e, 0x33, 0x37, 0x34, 0x31, 0x39, 0x20, 0x32, 0x32
  .byte 0x2e, 0x38, 0x34, 0x37, 0x37, 0x43, 0x37, 0x2e, 0x32, 0x31, 0x35, 0x37, 0x33, 0x20, 0x32, 0x32
  .byte 0x2e, 0x34, 0x30, 0x33, 0x36, 0x20, 0x36, 0x2e, 0x35, 0x38, 0x34, 0x38, 0x35, 0x20, 0x32, 0x31
  .byte 0x2e, 0x34, 0x35, 0x35, 0x39, 0x20, 0x36, 0x2e, 0x34, 0x30, 0x36, 0x34, 0x32, 0x20, 0x32, 0x30
  .byte 0x2e, 0x33, 0x39, 0x34, 0x36, 0x43, 0x36, 0x2e, 0x32, 0x32, 0x38, 0x39, 0x32, 0x20, 0x31, 0x39
  .byte 0x2e, 0x33, 0x33, 0x38, 0x36, 0x20, 0x36, 0x2e, 0x34, 0x39, 0x36, 0x37, 0x36, 0x20, 0x31, 0x38
  .byte 0x2e, 0x31, 0x36, 0x37, 0x38, 0x20, 0x37, 0x2e, 0x31, 0x33, 0x30, 0x30, 0x35, 0x20, 0x31, 0x37
  .byte 0x2e, 0x32, 0x34, 0x39, 0x31, 0x43, 0x36, 0x2e, 0x37, 0x30, 0x31, 0x31, 0x38, 0x20, 0x31, 0x36
  .byte 0x2e, 0x33, 0x35, 0x36, 0x35, 0x20, 0x36, 0x2e, 0x35, 0x35, 0x34, 0x33, 0x34, 0x20, 0x31, 0x35
  .byte 0x2e, 0x31, 0x31, 0x34, 0x37, 0x20, 0x37, 0x2e, 0x30, 0x34, 0x38, 0x30, 0x32, 0x20, 0x31, 0x34
  .byte 0x2e, 0x32, 0x30, 0x35, 0x31, 0x43, 0x37, 0x2e, 0x31, 0x34, 0x35, 0x31, 0x35, 0x20, 0x31, 0x34
  .byte 0x2e, 0x30, 0x32, 0x36, 0x31, 0x20, 0x37, 0x2e, 0x32, 0x37, 0x39, 0x38, 0x38, 0x20, 0x31, 0x33
  .byte 0x2e, 0x37, 0x33, 0x30, 0x34, 0x20, 0x37, 0x2e, 0x34, 0x35, 0x30, 0x33, 0x37, 0x20, 0x31, 0x33
  .byte 0x2e, 0x34, 0x39, 0x36, 0x31, 0x43, 0x37, 0x2e, 0x36, 0x32, 0x32, 0x32, 0x38, 0x20, 0x31, 0x33
  .byte 0x2e, 0x32, 0x36, 0x20, 0x37, 0x2e, 0x38, 0x36, 0x39, 0x32, 0x36, 0x20, 0x31, 0x33, 0x2e, 0x30
  .byte 0x32, 0x39, 0x33, 0x20, 0x38, 0x2e, 0x32, 0x31, 0x39, 0x39, 0x20, 0x31, 0x33, 0x2e, 0x30, 0x33
  .byte 0x32, 0x33, 0x4c, 0x38, 0x2e, 0x32, 0x35, 0x36, 0x30, 0x33, 0x20, 0x31, 0x33, 0x2e, 0x30, 0x33
  .byte 0x33, 0x32, 0x4c, 0x38, 0x2e, 0x32, 0x38, 0x38, 0x32, 0x36, 0x20, 0x31, 0x33, 0x2e, 0x30, 0x34
  .byte 0x37, 0x39, 0x43, 0x38, 0x2e, 0x33, 0x34, 0x32, 0x37, 0x31, 0x20, 0x31, 0x33, 0x2e, 0x30, 0x37
  .byte 0x32, 0x31, 0x20, 0x38, 0x2e, 0x33, 0x37, 0x37, 0x32, 0x37, 0x20, 0x31, 0x33, 0x2e, 0x30, 0x38
  .byte 0x35, 0x31, 0x20, 0x38, 0x2e, 0x34, 0x30, 0x37, 0x34, 0x20, 0x31, 0x33, 0x2e, 0x30, 0x39, 0x37
  .byte 0x37, 0x43, 0x38, 0x2e, 0x34, 0x33, 0x33, 0x31, 0x37, 0x20, 0x31, 0x33, 0x2e, 0x31, 0x30, 0x38
  .byte 0x35, 0x20, 0x38, 0x2e, 0x34, 0x37, 0x30, 0x35, 0x31, 0x20, 0x31, 0x33, 0x2e, 0x31, 0x32, 0x34
  .byte 0x38, 0x20, 0x38, 0x2e, 0x35, 0x30, 0x35, 0x30, 0x35, 0x20, 0x31, 0x33, 0x2e, 0x31, 0x35, 0x32
  .byte 0x34, 0x43, 0x38, 0x2e, 0x35, 0x34, 0x30, 0x38, 0x37, 0x20, 0x31, 0x33, 0x2e, 0x31, 0x38, 0x31
  .byte 0x20, 0x38, 0x2e, 0x35, 0x36, 0x34, 0x30, 0x38, 0x20, 0x31, 0x33, 0x2e, 0x32, 0x31, 0x34, 0x32
  .byte 0x20, 0x38, 0x2e, 0x35, 0x38, 0x30, 0x32, 0x35, 0x20, 0x31, 0x33, 0x2e, 0x32, 0x33, 0x38, 0x33
  .byte 0x4c, 0x38, 0x2e, 0x36, 0x34, 0x39, 0x35, 0x38, 0x20, 0x31, 0x33, 0x2e, 0x33, 0x34, 0x31, 0x38
  .byte 0x4c, 0x38, 0x2e, 0x36, 0x37, 0x31, 0x30, 0x37, 0x20, 0x31, 0x33, 0x2e, 0x33, 0x37, 0x34, 0x31
  .byte 0x4c, 0x38, 0x2e, 0x36, 0x37, 0x37, 0x39, 0x20, 0x31, 0x33, 0x2e, 0x34, 0x31, 0x33, 0x31, 0x43
  .byte 0x38, 0x2e, 0x37, 0x32, 0x38, 0x34, 0x33, 0x20, 0x31, 0x33, 0x2e, 0x37, 0x32, 0x39, 0x36, 0x20
  .byte 0x38, 0x2e, 0x36, 0x31, 0x35, 0x33, 0x38, 0x20, 0x31, 0x33, 0x2e, 0x39, 0x37, 0x39, 0x35, 0x20
  .byte 0x38, 0x2e, 0x34, 0x37, 0x36, 0x37, 0x33, 0x20, 0x31, 0x34, 0x2e, 0x31, 0x39, 0x39, 0x33, 0x43
  .byte 0x38, 0x2e, 0x34, 0x30, 0x39, 0x34, 0x34, 0x20, 0x31, 0x34, 0x2e, 0x33, 0x30, 0x35, 0x39, 0x20
  .byte 0x38, 0x2e, 0x33, 0x32, 0x38, 0x32, 0x36, 0x20, 0x31, 0x34, 0x2e, 0x34, 0x31, 0x36, 0x34, 0x20
  .byte 0x38, 0x2e, 0x32, 0x35, 0x37, 0x30, 0x31, 0x20, 0x31, 0x34, 0x2e, 0x35, 0x31, 0x39, 0x36, 0x43
  .byte 0x38, 0x2e, 0x31, 0x38, 0x33, 0x33, 0x31, 0x20, 0x31, 0x34, 0x2e, 0x36, 0x32, 0x36, 0x33, 0x20
  .byte 0x38, 0x2e, 0x31, 0x31, 0x33, 0x37, 0x38, 0x20, 0x31, 0x34, 0x2e, 0x37, 0x33, 0x34, 0x34, 0x20
  .byte 0x38, 0x2e, 0x30, 0x35, 0x34, 0x38, 0x36, 0x20, 0x31, 0x34, 0x2e, 0x38, 0x35, 0x31, 0x36, 0x43
  .byte 0x37, 0x2e, 0x39, 0x33, 0x39, 0x32, 0x35, 0x20, 0x31, 0x35, 0x2e, 0x30, 0x38, 0x31, 0x36, 0x20
  .byte 0x37, 0x2e, 0x38, 0x36, 0x32, 0x38, 0x33, 0x20, 0x31, 0x35, 0x2e, 0x33, 0x35, 0x34, 0x31, 0x20
  .byte 0x37, 0x2e, 0x39, 0x30, 0x32, 0x35, 0x31, 0x20, 0x31, 0x35, 0x2e, 0x37, 0x32, 0x32, 0x37, 0x43
  .byte 0x37, 0x2e, 0x39, 0x34, 0x32, 0x38, 0x31, 0x20, 0x31, 0x36, 0x2e, 0x30, 0x39, 0x36, 0x34, 0x20
  .byte 0x38, 0x2e, 0x31, 0x30, 0x33, 0x35, 0x33, 0x20, 0x31, 0x36, 0x2e, 0x35, 0x37, 0x39, 0x34, 0x20
  .byte 0x38, 0x2e, 0x34, 0x38, 0x33, 0x35, 0x37, 0x20, 0x31, 0x37, 0x2e, 0x32, 0x32, 0x33, 0x37, 0x4c
  .byte 0x38, 0x2e, 0x35, 0x34, 0x31, 0x31, 0x39, 0x20, 0x31, 0x37, 0x2e, 0x33, 0x32, 0x32, 0x33, 0x4c
  .byte 0x38, 0x2e, 0x34, 0x37, 0x33, 0x38, 0x20, 0x31, 0x37, 0x2e, 0x34, 0x31, 0x34, 0x31, 0x43, 0x37
  .byte 0x2e, 0x37, 0x36, 0x34, 0x34, 0x37, 0x20, 0x31, 0x38, 0x2e, 0x33, 0x38, 0x32, 0x39, 0x20, 0x37
  .byte 0x2e, 0x34, 0x32, 0x33, 0x39, 0x39, 0x20, 0x31, 0x39, 0x2e, 0x33, 0x31, 0x32, 0x34, 0x20, 0x37
  .byte 0x2e, 0x35, 0x34, 0x33, 0x31, 0x34, 0x20, 0x32, 0x30, 0x2e, 0x31, 0x30, 0x33, 0x36, 0x43, 0x37
  .byte 0x2e, 0x36, 0x36, 0x30, 0x32, 0x20, 0x32, 0x30, 0x2e, 0x38, 0x37, 0x39, 0x37, 0x20, 0x38, 0x2e
  .byte 0x32, 0x33, 0x30, 0x33, 0x32, 0x20, 0x32, 0x31, 0x2e, 0x35, 0x37, 0x39, 0x34, 0x20, 0x39, 0x2e
  .byte 0x34, 0x37, 0x37, 0x37, 0x31, 0x20, 0x32, 0x32, 0x2e, 0x30, 0x37, 0x37, 0x32, 0x4c, 0x39, 0x2e
  .byte 0x35, 0x39, 0x30, 0x30, 0x31, 0x20, 0x32, 0x32, 0x2e, 0x31, 0x32, 0x32, 0x31, 0x4c, 0x39, 0x2e
  .byte 0x35, 0x38, 0x37, 0x30, 0x38, 0x20, 0x32, 0x32, 0x2e, 0x32, 0x34, 0x32, 0x32, 0x43, 0x39, 0x2e
  .byte 0x35, 0x38, 0x31, 0x37, 0x32, 0x20, 0x32, 0x32, 0x2e, 0x34, 0x33, 0x39, 0x34, 0x20, 0x39, 0x2e
  .byte 0x35, 0x37, 0x37, 0x37, 0x32, 0x20, 0x32, 0x32, 0x2e, 0x36, 0x33, 0x36, 0x39, 0x20, 0x39, 0x2e
  .byte 0x35, 0x37, 0x35, 0x33, 0x37, 0x20, 0x32, 0x32, 0x2e, 0x38, 0x33, 0x34, 0x43, 0x39, 0x2e, 0x35
  .byte 0x35, 0x35, 0x39, 0x32, 0x20, 0x32, 0x34, 0x2e, 0x34, 0x39, 0x37, 0x35, 0x20, 0x31, 0x30, 0x2e
  .byte 0x32, 0x36, 0x31, 0x36, 0x20, 0x32, 0x35, 0x2e, 0x38, 0x39, 0x31, 0x35, 0x20, 0x31, 0x31, 0x2e
  .byte 0x38, 0x36, 0x32, 0x35, 0x20, 0x32, 0x36, 0x2e, 0x35, 0x37, 0x35, 0x32, 0x43, 0x31, 0x32, 0x2e
  .byte 0x33, 0x38, 0x33, 0x32, 0x20, 0x32, 0x36, 0x2e, 0x37, 0x39, 0x37, 0x36, 0x20, 0x31, 0x32, 0x2e
  .byte 0x38, 0x37, 0x36, 0x38, 0x20, 0x32, 0x36, 0x2e, 0x38, 0x35, 0x30, 0x36, 0x20, 0x31, 0x33, 0x2e
  .byte 0x34, 0x32, 0x34, 0x20, 0x32, 0x36, 0x2e, 0x38, 0x36, 0x35, 0x33, 0x4c, 0x31, 0x33, 0x2e, 0x39
  .byte 0x39, 0x32, 0x34, 0x20, 0x32, 0x36, 0x2e, 0x38, 0x37, 0x32, 0x31, 0x4c, 0x31, 0x34, 0x2e, 0x30
  .byte 0x37, 0x32, 0x34, 0x20, 0x32, 0x36, 0x2e, 0x38, 0x37, 0x33, 0x31, 0x4c, 0x31, 0x34, 0x2e, 0x31
  .byte 0x32, 0x34, 0x32, 0x20, 0x32, 0x36, 0x2e, 0x39, 0x33, 0x34, 0x36, 0x43, 0x31, 0x34, 0x2e, 0x36
  .byte 0x33, 0x31, 0x37, 0x20, 0x32, 0x37, 0x2e, 0x35, 0x34, 0x33, 0x32, 0x20, 0x31, 0x35, 0x2e, 0x30
  .byte 0x37, 0x37, 0x31, 0x20, 0x32, 0x38, 0x2e, 0x30, 0x31, 0x33, 0x34, 0x20, 0x31, 0x35, 0x2e, 0x35
  .byte 0x39, 0x34, 0x39, 0x20, 0x32, 0x38, 0x2e, 0x33, 0x37, 0x34, 0x31, 0x43, 0x31, 0x36, 0x2e, 0x31
  .byte 0x31, 0x20, 0x32, 0x38, 0x2e, 0x37, 0x33, 0x32, 0x38, 0x20, 0x31, 0x36, 0x2e, 0x37, 0x30, 0x35
  .byte 0x31, 0x20, 0x32, 0x38, 0x2e, 0x39, 0x38, 0x37, 0x38, 0x20, 0x31, 0x37, 0x2e, 0x35, 0x31, 0x36
  .byte 0x38, 0x20, 0x32, 0x39, 0x2e, 0x31, 0x35, 0x32, 0x34, 0x48, 0x31, 0x37, 0x2e, 0x35, 0x31, 0x35
  .byte 0x38, 0x43, 0x31, 0x38, 0x2e, 0x36, 0x39, 0x33, 0x33, 0x20, 0x32, 0x39, 0x2e, 0x33, 0x37, 0x32
  .byte 0x35, 0x20, 0x32, 0x30, 0x2e, 0x30, 0x31, 0x36, 0x36, 0x20, 0x32, 0x39, 0x2e, 0x31, 0x32, 0x34
  .byte 0x33, 0x20, 0x32, 0x30, 0x2e, 0x39, 0x39, 0x33, 0x33, 0x20, 0x32, 0x38, 0x2e, 0x34, 0x34, 0x37
  .byte 0x33, 0x43, 0x32, 0x31, 0x2e, 0x31, 0x34, 0x35, 0x32, 0x20, 0x32, 0x38, 0x2e, 0x33, 0x34, 0x32
  .byte 0x20, 0x32, 0x31, 0x2e, 0x32, 0x36, 0x35, 0x38, 0x20, 0x32, 0x38, 0x2e, 0x32, 0x33, 0x38, 0x37
  .byte 0x20, 0x32, 0x31, 0x2e, 0x33, 0x38, 0x30, 0x31, 0x20, 0x32, 0x38, 0x2e, 0x31, 0x34, 0x30, 0x37
  .byte 0x43, 0x32, 0x31, 0x2e, 0x34, 0x39, 0x31, 0x36, 0x20, 0x32, 0x38, 0x2e, 0x30, 0x34, 0x34, 0x39
  .byte 0x20, 0x32, 0x31, 0x2e, 0x36, 0x30, 0x33, 0x37, 0x20, 0x32, 0x37, 0x2e, 0x39, 0x34, 0x38, 0x33
  .byte 0x20, 0x32, 0x31, 0x2e, 0x37, 0x32, 0x37, 0x37, 0x20, 0x32, 0x37, 0x2e, 0x38, 0x37, 0x33, 0x31
  .byte 0x43, 0x32, 0x31, 0x2e, 0x39, 0x39, 0x34, 0x38, 0x20, 0x32, 0x37, 0x2e, 0x37, 0x31, 0x31, 0x31
  .byte 0x20, 0x32, 0x32, 0x2e, 0x32, 0x39, 0x36, 0x35, 0x20, 0x32, 0x37, 0x2e, 0x36, 0x36, 0x30, 0x31
  .byte 0x20, 0x32, 0x32, 0x2e, 0x37, 0x38, 0x32, 0x34, 0x20, 0x32, 0x37, 0x2e, 0x37, 0x36, 0x36, 0x36
  .byte 0x43, 0x32, 0x34, 0x2e, 0x30, 0x30, 0x35, 0x35, 0x20, 0x32, 0x38, 0x2e, 0x30, 0x33, 0x34, 0x38
  .byte 0x20, 0x32, 0x35, 0x2e, 0x30, 0x37, 0x31, 0x37, 0x20, 0x32, 0x37, 0x2e, 0x37, 0x34, 0x39, 0x32
  .byte 0x20, 0x32, 0x35, 0x2e, 0x38, 0x32, 0x32, 0x34, 0x20, 0x32, 0x37, 0x2e, 0x31, 0x30, 0x38, 0x34
  .byte 0x43, 0x32, 0x36, 0x2e, 0x35, 0x37, 0x34, 0x31, 0x20, 0x32, 0x36, 0x2e, 0x34, 0x36, 0x36, 0x37
  .byte 0x20, 0x32, 0x37, 0x2e, 0x30, 0x32, 0x35, 0x20, 0x32, 0x35, 0x2e, 0x34, 0x35, 0x34, 0x38, 0x20
  .byte 0x32, 0x36, 0x2e, 0x39, 0x38, 0x39, 0x34, 0x20, 0x32, 0x34, 0x2e, 0x32, 0x34, 0x32, 0x32, 0x56
  .byte 0x32, 0x34, 0x2e, 0x32, 0x33, 0x30, 0x35, 0x4c, 0x32, 0x36, 0x2e, 0x39, 0x39, 0x30, 0x34, 0x20
  .byte 0x32, 0x34, 0x2e, 0x32, 0x31, 0x37, 0x38, 0x43, 0x32, 0x37, 0x2e, 0x30, 0x30, 0x39, 0x32, 0x20
  .byte 0x32, 0x34, 0x2e, 0x30, 0x35, 0x30, 0x33, 0x20, 0x32, 0x37, 0x2e, 0x30, 0x39, 0x36, 0x20, 0x32
  .byte 0x33, 0x2e, 0x39, 0x31, 0x38, 0x32, 0x20, 0x32, 0x37, 0x2e, 0x32, 0x30, 0x32, 0x33, 0x20, 0x32
  .byte 0x33, 0x2e, 0x38, 0x31, 0x35, 0x35, 0x43, 0x32, 0x37, 0x2e, 0x33, 0x30, 0x37, 0x20, 0x32, 0x33
  .byte 0x2e, 0x37, 0x31, 0x34, 0x33, 0x20, 0x32, 0x37, 0x2e, 0x34, 0x33, 0x38, 0x34, 0x20, 0x32, 0x33
  .byte 0x2e, 0x36, 0x33, 0x33, 0x39, 0x20, 0x32, 0x37, 0x2e, 0x35, 0x36, 0x35, 0x36, 0x20, 0x32, 0x33
  .byte 0x2e, 0x35, 0x36, 0x37, 0x34, 0x43, 0x32, 0x37, 0x2e, 0x36, 0x39, 0x32, 0x20, 0x32, 0x33, 0x2e
  .byte 0x35, 0x30, 0x31, 0x33, 0x20, 0x32, 0x37, 0x2e, 0x38, 0x32, 0x39, 0x35, 0x20, 0x32, 0x33, 0x2e
  .byte 0x34, 0x34, 0x31, 0x20, 0x32, 0x37, 0x2e, 0x39, 0x34, 0x31, 0x36, 0x20, 0x32, 0x33, 0x2e, 0x33
  .byte 0x38, 0x38, 0x37, 0x43, 0x32, 0x38, 0x2e, 0x30, 0x36, 0x30, 0x35, 0x20, 0x32, 0x33, 0x2e, 0x33
  .byte 0x33, 0x33, 0x31, 0x20, 0x32, 0x38, 0x2e, 0x31, 0x35, 0x30, 0x31, 0x20, 0x32, 0x33, 0x2e, 0x32
  .byte 0x38, 0x37, 0x35, 0x20, 0x32, 0x38, 0x2e, 0x32, 0x30, 0x37, 0x32, 0x20, 0x32, 0x33, 0x2e, 0x32
  .byte 0x34, 0x33, 0x32, 0x43, 0x32, 0x39, 0x2e, 0x30, 0x38, 0x39, 0x20, 0x32, 0x32, 0x2e, 0x35, 0x35
  .byte 0x38, 0x32, 0x20, 0x32, 0x39, 0x2e, 0x35, 0x32, 0x30, 0x33, 0x20, 0x32, 0x31, 0x2e, 0x37, 0x32
  .byte 0x30, 0x38, 0x20, 0x32, 0x39, 0x2e, 0x35, 0x39, 0x33, 0x39, 0x20, 0x32, 0x30, 0x2e, 0x38, 0x34
  .byte 0x32, 0x38, 0x43, 0x32, 0x39, 0x2e, 0x36, 0x36, 0x37, 0x38, 0x20, 0x31, 0x39, 0x2e, 0x39, 0x36
  .byte 0x30, 0x36, 0x20, 0x32, 0x39, 0x2e, 0x33, 0x38, 0x31, 0x32, 0x20, 0x31, 0x39, 0x2e, 0x30, 0x31
  .byte 0x38, 0x33, 0x20, 0x32, 0x38, 0x2e, 0x37, 0x39, 0x34, 0x31, 0x20, 0x31, 0x38, 0x2e, 0x31, 0x32
  .byte 0x38, 0x39, 0x4c, 0x32, 0x38, 0x2e, 0x37, 0x34, 0x35, 0x33, 0x20, 0x31, 0x38, 0x2e, 0x30, 0x35
  .byte 0x34, 0x37, 0x4c, 0x32, 0x38, 0x2e, 0x37, 0x37, 0x36, 0x35, 0x20, 0x31, 0x37, 0x2e, 0x39, 0x37
  .byte 0x31, 0x37, 0x43, 0x32, 0x39, 0x2e, 0x30, 0x35, 0x30, 0x33, 0x20, 0x31, 0x37, 0x2e, 0x32, 0x35
  .byte 0x34, 0x37, 0x20, 0x32, 0x39, 0x2e, 0x32, 0x31, 0x38, 0x38, 0x20, 0x31, 0x36, 0x2e, 0x39, 0x31
  .byte 0x30, 0x39, 0x20, 0x32, 0x39, 0x2e, 0x33, 0x32, 0x33, 0x34, 0x20, 0x31, 0x36, 0x2e, 0x31, 0x39
  .byte 0x32, 0x34, 0x43, 0x32, 0x39, 0x2e, 0x33, 0x39, 0x35, 0x20, 0x31, 0x35, 0x2e, 0x37, 0x30, 0x30
  .byte 0x32, 0x20, 0x32, 0x39, 0x2e, 0x32, 0x32, 0x37, 0x36, 0x20, 0x31, 0x35, 0x2e, 0x32, 0x36, 0x38
  .byte 0x35, 0x20, 0x32, 0x39, 0x2e, 0x30, 0x33, 0x32, 0x34, 0x20, 0x31, 0x34, 0x2e, 0x38, 0x39, 0x39
  .byte 0x35, 0x43, 0x32, 0x38, 0x2e, 0x39, 0x38, 0x33, 0x38, 0x20, 0x31, 0x34, 0x2e, 0x38, 0x30, 0x37
  .byte 0x35, 0x20, 0x32, 0x38, 0x2e, 0x39, 0x33, 0x33, 0x37, 0x20, 0x31, 0x34, 0x2e, 0x37, 0x32, 0x30
  .byte 0x39, 0x20, 0x32, 0x38, 0x2e, 0x38, 0x38, 0x35, 0x39, 0x20, 0x31, 0x34, 0x2e, 0x36, 0x33, 0x37
  .byte 0x37, 0x43, 0x32, 0x38, 0x2e, 0x38, 0x33, 0x38, 0x37, 0x20, 0x31, 0x34, 0x2e, 0x35, 0x35, 0x35
  .byte 0x37, 0x20, 0x32, 0x38, 0x2e, 0x37, 0x39, 0x32, 0x34, 0x20, 0x31, 0x34, 0x2e, 0x34, 0x37, 0x34
  .byte 0x38, 0x20, 0x32, 0x38, 0x2e, 0x37, 0x35, 0x33, 0x31, 0x20, 0x31, 0x34, 0x2e, 0x34, 0x30, 0x30
  .byte 0x34, 0x43, 0x32, 0x38, 0x2e, 0x37, 0x31, 0x34, 0x32, 0x20, 0x31, 0x34, 0x2e, 0x33, 0x32, 0x36
  .byte 0x37, 0x20, 0x32, 0x38, 0x2e, 0x36, 0x37, 0x38, 0x31, 0x20, 0x31, 0x34, 0x2e, 0x32, 0x35, 0x32
  .byte 0x34, 0x20, 0x32, 0x38, 0x2e, 0x36, 0x35, 0x34, 0x35, 0x20, 0x31, 0x34, 0x2e, 0x31, 0x38, 0x30
  .byte 0x37, 0x43, 0x32, 0x38, 0x2e, 0x36, 0x33, 0x31, 0x32, 0x20, 0x31, 0x34, 0x2e, 0x31, 0x31, 0x30
  .byte 0x31, 0x20, 0x32, 0x38, 0x2e, 0x36, 0x31, 0x35, 0x20, 0x31, 0x34, 0x2e, 0x30, 0x32, 0x37, 0x38
  .byte 0x20, 0x32, 0x38, 0x2e, 0x36, 0x32, 0x38, 0x31, 0x20, 0x31, 0x33, 0x2e, 0x39, 0x34, 0x34, 0x34
  .byte 0x4c, 0x32, 0x38, 0x2e, 0x36, 0x33, 0x34, 0x39, 0x20, 0x31, 0x33, 0x2e, 0x39, 0x30, 0x32, 0x34
  .byte 0x4c, 0x32, 0x38, 0x2e, 0x36, 0x35, 0x39, 0x34, 0x20, 0x31, 0x33, 0x2e, 0x38, 0x36, 0x39, 0x32
  .byte 0x43, 0x32, 0x38, 0x2e, 0x37, 0x32, 0x31, 0x31, 0x20, 0x31, 0x33, 0x2e, 0x37, 0x38, 0x34, 0x38
  .byte 0x20, 0x32, 0x38, 0x2e, 0x37, 0x37, 0x31, 0x39, 0x20, 0x31, 0x33, 0x2e, 0x37, 0x31, 0x36, 0x39
  .byte 0x20, 0x32, 0x38, 0x2e, 0x38, 0x33, 0x39, 0x20, 0x31, 0x33, 0x2e, 0x36, 0x36, 0x33, 0x31, 0x43
  .byte 0x32, 0x38, 0x2e, 0x39, 0x30, 0x36, 0x20, 0x31, 0x33, 0x2e, 0x36, 0x30, 0x39, 0x35, 0x20, 0x32
  .byte 0x38, 0x2e, 0x39, 0x38, 0x32, 0x39, 0x20, 0x31, 0x33, 0x2e, 0x35, 0x37, 0x35, 0x33, 0x20, 0x32
  .byte 0x39, 0x2e, 0x30, 0x37, 0x39, 0x33, 0x20, 0x31, 0x33, 0x2e, 0x35, 0x33, 0x33, 0x32, 0x4c, 0x32
  .byte 0x39, 0x2e, 0x31, 0x30, 0x36, 0x36, 0x20, 0x31, 0x33, 0x2e, 0x35, 0x32, 0x30, 0x35, 0x4c, 0x32
  .byte 0x39, 0x2e, 0x31, 0x33, 0x36, 0x39, 0x20, 0x31, 0x33, 0x2e, 0x35, 0x31, 0x38, 0x36, 0x43, 0x32
  .byte 0x39, 0x2e, 0x35, 0x32, 0x36, 0x31, 0x20, 0x31, 0x33, 0x2e, 0x34, 0x39, 0x31, 0x38, 0x20, 0x32
  .byte 0x39, 0x2e, 0x37, 0x38, 0x30, 0x39, 0x20, 0x31, 0x33, 0x2e, 0x37, 0x30, 0x37, 0x39, 0x20, 0x32
  .byte 0x39, 0x2e, 0x39, 0x34, 0x36, 0x35, 0x20, 0x31, 0x33, 0x2e, 0x39, 0x36, 0x33, 0x39, 0x43, 0x33
  .byte 0x30, 0x2e, 0x31, 0x30, 0x36, 0x36, 0x20, 0x31, 0x34, 0x2e, 0x32, 0x31, 0x31, 0x37, 0x20, 0x33
  .byte 0x30, 0x2e, 0x32, 0x30, 0x31, 0x37, 0x20, 0x31, 0x34, 0x2e, 0x35, 0x32, 0x34, 0x37, 0x20, 0x33
  .byte 0x30, 0x2e, 0x32, 0x37, 0x34, 0x36, 0x20, 0x31, 0x34, 0x2e, 0x37, 0x34, 0x35, 0x32, 0x43, 0x33
  .byte 0x30, 0x2e, 0x36, 0x30, 0x39, 0x20, 0x31, 0x35, 0x2e, 0x37, 0x35, 0x37, 0x34, 0x20, 0x33, 0x30
  .byte 0x2e, 0x35, 0x34, 0x36, 0x20, 0x31, 0x36, 0x2e, 0x39, 0x32, 0x39, 0x37, 0x20, 0x33, 0x30, 0x2e
  .byte 0x30, 0x36, 0x37, 0x36, 0x20, 0x31, 0x37, 0x2e, 0x38, 0x39, 0x33, 0x36, 0x43, 0x33, 0x30, 0x2e
  .byte 0x30, 0x39, 0x34, 0x20, 0x31, 0x37, 0x2e, 0x39, 0x33, 0x37, 0x35, 0x20, 0x33, 0x30, 0x2e, 0x31
  .byte 0x32, 0x30, 0x39, 0x20, 0x31, 0x37, 0x2e, 0x39, 0x38, 0x31, 0x31, 0x20, 0x33, 0x30, 0x2e, 0x31
  .byte 0x34, 0x36, 0x37, 0x20, 0x31, 0x38, 0x2e, 0x30, 0x32, 0x35, 0x34, 0x43, 0x33, 0x30, 0x2e, 0x37
  .byte 0x39, 0x37, 0x20, 0x31, 0x39, 0x2e, 0x31, 0x32, 0x30, 0x34, 0x20, 0x33, 0x30, 0x2e, 0x39, 0x37
  .byte 0x33, 0x33, 0x20, 0x32, 0x30, 0x2e, 0x34, 0x32, 0x38, 0x32, 0x20, 0x33, 0x30, 0x2e, 0x36, 0x33
  .byte 0x35, 0x39, 0x20, 0x32, 0x31, 0x2e, 0x36, 0x35, 0x33, 0x34, 0x43, 0x33, 0x30, 0x2e, 0x34, 0x31
  .byte 0x38, 0x32, 0x20, 0x32, 0x32, 0x2e, 0x34, 0x33, 0x37, 0x38, 0x20, 0x33, 0x30, 0x2e, 0x31, 0x30
  .byte 0x39, 0x20, 0x32, 0x33, 0x2e, 0x30, 0x31, 0x37, 0x36, 0x20, 0x32, 0x39, 0x2e, 0x36, 0x37, 0x36
  .byte 0x20, 0x32, 0x33, 0x2e, 0x34, 0x39, 0x37, 0x31, 0x43, 0x32, 0x39, 0x2e, 0x32, 0x36, 0x33, 0x33
  .byte 0x20, 0x32, 0x33, 0x2e, 0x39, 0x35, 0x33, 0x39, 0x20, 0x32, 0x38, 0x2e, 0x37, 0x34, 0x34, 0x35
  .byte 0x20, 0x32, 0x34, 0x2e, 0x33, 0x30, 0x39, 0x39, 0x20, 0x32, 0x38, 0x2e, 0x31, 0x31, 0x30, 0x35
  .byte 0x20, 0x32, 0x34, 0x2e, 0x36, 0x37, 0x43, 0x32, 0x38, 0x2e, 0x30, 0x39, 0x37, 0x38, 0x20, 0x32
  .byte 0x34, 0x2e, 0x39, 0x32, 0x34, 0x35, 0x20, 0x32, 0x38, 0x2e, 0x31, 0x30, 0x32, 0x32, 0x20, 0x32
  .byte 0x35, 0x2e, 0x31, 0x38, 0x31, 0x33, 0x20, 0x32, 0x38, 0x2e, 0x31, 0x30, 0x35, 0x36, 0x20, 0x32
  .byte 0x35, 0x2e, 0x34, 0x34, 0x35, 0x33, 0x43, 0x32, 0x38, 0x2e, 0x34, 0x31, 0x39, 0x31, 0x20, 0x32
  .byte 0x35, 0x2e, 0x37, 0x34, 0x33, 0x33, 0x20, 0x32, 0x38, 0x2e, 0x36, 0x36, 0x35, 0x37, 0x20, 0x32
  .byte 0x35, 0x2e, 0x38, 0x36, 0x32, 0x34, 0x20, 0x32, 0x39, 0x2e, 0x30, 0x38, 0x36, 0x31, 0x20, 0x32
  .byte 0x36, 0x2e, 0x30, 0x35, 0x37, 0x37, 0x43, 0x32, 0x39, 0x2e, 0x36, 0x33, 0x39, 0x35, 0x20, 0x32
  .byte 0x36, 0x2e, 0x32, 0x39, 0x35, 0x32, 0x20, 0x33, 0x30, 0x2e, 0x31, 0x30, 0x37, 0x32, 0x20, 0x32
  .byte 0x36, 0x2e, 0x33, 0x38, 0x34, 0x38, 0x20, 0x33, 0x30, 0x2e, 0x37, 0x30, 0x38, 0x32, 0x20, 0x32
  .byte 0x36, 0x2e, 0x33, 0x35, 0x39, 0x34, 0x48, 0x33, 0x30, 0x2e, 0x37, 0x30, 0x39, 0x32, 0x43, 0x33
  .byte 0x31, 0x2e, 0x35, 0x33, 0x36, 0x36, 0x20, 0x32, 0x36, 0x2e, 0x33, 0x32, 0x37, 0x31, 0x20, 0x33
  .byte 0x32, 0x2e, 0x33, 0x31, 0x35, 0x39, 0x20, 0x32, 0x35, 0x2e, 0x39, 0x36, 0x39, 0x33, 0x20, 0x33
  .byte 0x32, 0x2e, 0x38, 0x37, 0x34, 0x32, 0x20, 0x32, 0x35, 0x2e, 0x33, 0x36, 0x37, 0x32, 0x43, 0x33
  .byte 0x33, 0x2e, 0x35, 0x33, 0x34, 0x37, 0x20, 0x32, 0x34, 0x2e, 0x36, 0x34, 0x31, 0x33, 0x20, 0x33
  .byte 0x33, 0x2e, 0x37, 0x32, 0x33, 0x31, 0x20, 0x32, 0x33, 0x2e, 0x37, 0x37, 0x35, 0x20, 0x33, 0x33
  .byte 0x2e, 0x36, 0x37, 0x34, 0x20, 0x32, 0x32, 0x2e, 0x38, 0x30, 0x36, 0x37, 0x4c, 0x33, 0x33, 0x2e
  .byte 0x36, 0x36, 0x38, 0x31, 0x20, 0x32, 0x32, 0x2e, 0x36, 0x39, 0x32, 0x34, 0x4c, 0x33, 0x33, 0x2e
  .byte 0x37, 0x37, 0x30, 0x37, 0x20, 0x32, 0x32, 0x2e, 0x36, 0x34, 0x32, 0x36, 0x43, 0x33, 0x36, 0x2e
  .byte 0x34, 0x36, 0x36, 0x36, 0x20, 0x32, 0x31, 0x2e, 0x33, 0x31, 0x35, 0x37, 0x20, 0x33, 0x37, 0x2e
  .byte 0x32, 0x33, 0x31, 0x32, 0x20, 0x31, 0x38, 0x2e, 0x31, 0x32, 0x37, 0x35, 0x20, 0x33, 0x35, 0x2e
  .byte 0x32, 0x31, 0x31, 0x31, 0x20, 0x31, 0x35, 0x2e, 0x38, 0x33, 0x38, 0x39, 0x43, 0x33, 0x35, 0x2e
  .byte 0x31, 0x37, 0x36, 0x36, 0x20, 0x31, 0x35, 0x2e, 0x37, 0x39, 0x39, 0x39, 0x20, 0x33, 0x35, 0x2e
  .byte 0x30, 0x38, 0x35, 0x31, 0x20, 0x31, 0x35, 0x2e, 0x37, 0x32, 0x35, 0x38, 0x20, 0x33, 0x34, 0x2e
  .byte 0x39, 0x34, 0x37, 0x34, 0x20, 0x31, 0x35, 0x2e, 0x36, 0x32, 0x34, 0x31, 0x43, 0x33, 0x34, 0x2e
  .byte 0x38, 0x31, 0x34, 0x39, 0x20, 0x31, 0x35, 0x2e, 0x35, 0x32, 0x36, 0x31, 0x20, 0x33, 0x34, 0x2e
  .byte 0x36, 0x35, 0x36, 0x34, 0x20, 0x31, 0x35, 0x2e, 0x34, 0x31, 0x34, 0x39, 0x20, 0x33, 0x34, 0x2e
  .byte 0x34, 0x39, 0x39, 0x32, 0x20, 0x31, 0x35, 0x2e, 0x33, 0x30, 0x32, 0x38, 0x43, 0x33, 0x34, 0x2e
  .byte 0x33, 0x34, 0x33, 0x39, 0x20, 0x31, 0x35, 0x2e, 0x31, 0x39, 0x32, 0x20, 0x33, 0x34, 0x2e, 0x31
  .byte 0x38, 0x39, 0x33, 0x20, 0x31, 0x35, 0x2e, 0x30, 0x38, 0x30, 0x31, 0x20, 0x33, 0x34, 0x2e, 0x30
  .byte 0x37, 0x31, 0x35, 0x20, 0x31, 0x34, 0x2e, 0x39, 0x38, 0x35, 0x34, 0x43, 0x33, 0x34, 0x2e, 0x30
  .byte 0x31, 0x32, 0x39, 0x20, 0x31, 0x34, 0x2e, 0x39, 0x33, 0x38, 0x33, 0x20, 0x33, 0x33, 0x2e, 0x39
  .byte 0x35, 0x39, 0x33, 0x20, 0x31, 0x34, 0x2e, 0x38, 0x39, 0x32, 0x32, 0x20, 0x33, 0x33, 0x2e, 0x39
  .byte 0x31, 0x38, 0x31, 0x20, 0x31, 0x34, 0x2e, 0x38, 0x35, 0x30, 0x36, 0x43, 0x33, 0x33, 0x2e, 0x38
  .byte 0x39, 0x37, 0x37, 0x20, 0x31, 0x34, 0x2e, 0x38, 0x32, 0x39, 0x39, 0x20, 0x33, 0x33, 0x2e, 0x38
  .byte 0x37, 0x37, 0x37, 0x20, 0x31, 0x34, 0x2e, 0x38, 0x30, 0x36, 0x39, 0x20, 0x33, 0x33, 0x2e, 0x38
  .byte 0x36, 0x30, 0x35, 0x20, 0x31, 0x34, 0x2e, 0x37, 0x38, 0x33, 0x32, 0x43, 0x33, 0x33, 0x2e, 0x38
  .byte 0x34, 0x35, 0x37, 0x20, 0x31, 0x34, 0x2e, 0x37, 0x36, 0x32, 0x38, 0x20, 0x33, 0x33, 0x2e, 0x38
  .byte 0x32, 0x31, 0x39, 0x20, 0x31, 0x34, 0x2e, 0x37, 0x32, 0x35, 0x39, 0x20, 0x33, 0x33, 0x2e, 0x38
  .byte 0x31, 0x32, 0x37, 0x20, 0x31, 0x34, 0x2e, 0x36, 0x37, 0x38, 0x37, 0x43, 0x33, 0x33, 0x2e, 0x37
  .byte 0x33, 0x30, 0x39, 0x20, 0x31, 0x34, 0x2e, 0x32, 0x35, 0x38, 0x39, 0x20, 0x33, 0x33, 0x2e, 0x37
  .byte 0x35, 0x35, 0x35, 0x20, 0x31, 0x33, 0x2e, 0x38, 0x31, 0x34, 0x32, 0x20, 0x33, 0x33, 0x2e, 0x37
  .byte 0x34, 0x36, 0x33, 0x20, 0x31, 0x33, 0x2e, 0x34, 0x31, 0x39, 0x43, 0x33, 0x33, 0x2e, 0x37, 0x33
  .byte 0x36, 0x37, 0x20, 0x31, 0x33, 0x2e, 0x30, 0x31, 0x32, 0x20, 0x33, 0x33, 0x2e, 0x36, 0x39, 0x33
  .byte 0x37, 0x20, 0x31, 0x32, 0x2e, 0x36, 0x33, 0x30, 0x32, 0x20, 0x33, 0x33, 0x2e, 0x34, 0x39, 0x37
  .byte 0x32, 0x20, 0x31, 0x32, 0x2e, 0x32, 0x36, 0x37, 0x36, 0x4c, 0x33, 0x33, 0x2e, 0x34, 0x39, 0x31
  .byte 0x34, 0x20, 0x31, 0x32, 0x2e, 0x32, 0x35, 0x37, 0x38, 0x43, 0x33, 0x33, 0x2e, 0x31, 0x30, 0x35
  .byte 0x32, 0x20, 0x31, 0x31, 0x2e, 0x34, 0x31, 0x37, 0x20, 0x33, 0x32, 0x2e, 0x36, 0x36, 0x36, 0x34
  .byte 0x20, 0x31, 0x31, 0x2e, 0x30, 0x31, 0x36, 0x20, 0x33, 0x32, 0x2e, 0x31, 0x35, 0x31, 0x35, 0x20
  .byte 0x31, 0x30, 0x2e, 0x37, 0x34, 0x38, 0x31, 0x43, 0x33, 0x31, 0x2e, 0x38, 0x38, 0x38, 0x37, 0x20
  .byte 0x31, 0x30, 0x2e, 0x36, 0x31, 0x31, 0x33, 0x20, 0x33, 0x31, 0x2e, 0x36, 0x30, 0x32, 0x34, 0x20
  .byte 0x31, 0x30, 0x2e, 0x35, 0x30, 0x37, 0x35, 0x20, 0x33, 0x31, 0x2e, 0x32, 0x38, 0x31, 0x34, 0x20
  .byte 0x31, 0x30, 0x2e, 0x33, 0x39, 0x38, 0x35, 0x43, 0x33, 0x30, 0x2e, 0x39, 0x36, 0x33, 0x31, 0x20
  .byte 0x31, 0x30, 0x2e, 0x32, 0x39, 0x30, 0x33, 0x20, 0x33, 0x30, 0x2e, 0x36, 0x31, 0x30, 0x36, 0x20
  .byte 0x31, 0x30, 0x2e, 0x31, 0x37, 0x36, 0x38, 0x20, 0x33, 0x30, 0x2e, 0x32, 0x33, 0x31, 0x36, 0x20
  .byte 0x31, 0x30, 0x2e, 0x30, 0x32, 0x34, 0x35, 0x4c, 0x33, 0x30, 0x2e, 0x31, 0x38, 0x35, 0x37, 0x20
  .byte 0x31, 0x30, 0x2e, 0x30, 0x30, 0x35, 0x39, 0x4c, 0x33, 0x30, 0x2e, 0x31, 0x35, 0x36, 0x34, 0x20
  .byte 0x39, 0x2e, 0x39, 0x36, 0x36, 0x38, 0x33, 0x43, 0x33, 0x30, 0x2e, 0x30, 0x37, 0x33, 0x33, 0x20
  .byte 0x39, 0x2e, 0x38, 0x35, 0x33, 0x36, 0x34, 0x20, 0x33, 0x30, 0x2e, 0x30, 0x32, 0x36, 0x39, 0x20
  .byte 0x39, 0x2e, 0x37, 0x33, 0x38, 0x33, 0x36, 0x20, 0x33, 0x30, 0x2e, 0x30, 0x34, 0x30, 0x32, 0x20
  .byte 0x39, 0x2e, 0x36, 0x31, 0x30, 0x33, 0x39, 0x43, 0x33, 0x30, 0x2e, 0x30, 0x35, 0x32, 0x31, 0x20
  .byte 0x39, 0x2e, 0x34, 0x39, 0x36, 0x38, 0x20, 0x33, 0x30, 0x2e, 0x31, 0x31, 0x30, 0x36, 0x20, 0x39
  .byte 0x2e, 0x33, 0x39, 0x36, 0x36, 0x38, 0x20, 0x33, 0x30, 0x2e, 0x31, 0x35, 0x38, 0x34, 0x20, 0x39
  .byte 0x2e, 0x33, 0x31, 0x35, 0x34, 0x37, 0x4c, 0x33, 0x30, 0x2e, 0x31, 0x37, 0x37, 0x39, 0x20, 0x39
  .byte 0x2e, 0x32, 0x38, 0x31, 0x32, 0x39, 0x4c, 0x33, 0x30, 0x2e, 0x32, 0x31, 0x31, 0x31, 0x20, 0x39
  .byte 0x2e, 0x32, 0x35, 0x39, 0x38, 0x43, 0x33, 0x30, 0x2e, 0x34, 0x35, 0x35, 0x35, 0x20, 0x39, 0x2e
  .byte 0x30, 0x39, 0x34, 0x34, 0x34, 0x20, 0x33, 0x30, 0x2e, 0x37, 0x34, 0x35, 0x34, 0x20, 0x39, 0x2e
  .byte 0x30, 0x37, 0x30, 0x38, 0x36, 0x20, 0x33, 0x31, 0x2e, 0x30, 0x30, 0x31, 0x31, 0x20, 0x39, 0x2e
  .byte 0x31, 0x30, 0x36, 0x34, 0x38, 0x43, 0x33, 0x33, 0x2e, 0x36, 0x35, 0x32, 0x34, 0x20, 0x39, 0x2e
  .byte 0x34, 0x37, 0x35, 0x39, 0x20, 0x33, 0x35, 0x2e, 0x31, 0x34, 0x32, 0x37, 0x20, 0x31, 0x31, 0x2e
  .byte 0x37, 0x32, 0x34, 0x31, 0x20, 0x33, 0x34, 0x2e, 0x39, 0x38, 0x30, 0x36, 0x20, 0x31, 0x34, 0x2e
  .byte 0x31, 0x38, 0x36, 0x36, 0x43, 0x33, 0x36, 0x2e, 0x35, 0x33, 0x39, 0x38, 0x20, 0x31, 0x35, 0x2e
  .byte 0x30, 0x33, 0x38, 0x38, 0x20, 0x33, 0x37, 0x2e, 0x33, 0x38, 0x31, 0x34, 0x20, 0x31, 0x36, 0x2e
  .byte 0x36, 0x33, 0x38, 0x32, 0x20, 0x33, 0x37, 0x2e, 0x35, 0x30, 0x34, 0x31, 0x20, 0x31, 0x38, 0x2e
  .byte 0x32, 0x39, 0x30, 0x31, 0x43, 0x33, 0x37, 0x2e, 0x36, 0x32, 0x39, 0x32, 0x20, 0x31, 0x39, 0x2e
  .byte 0x39, 0x37, 0x36, 0x32, 0x20, 0x33, 0x37, 0x2e, 0x30, 0x30, 0x38, 0x33, 0x20, 0x32, 0x31, 0x2e
  .byte 0x37, 0x33, 0x38, 0x35, 0x20, 0x33, 0x35, 0x2e, 0x36, 0x31, 0x33, 0x35, 0x20, 0x32, 0x32, 0x2e
  .byte 0x38, 0x34, 0x31, 0x38, 0x43, 0x33, 0x35, 0x2e, 0x33, 0x37, 0x30, 0x32, 0x20, 0x32, 0x33, 0x2e
  .byte 0x30, 0x33, 0x34, 0x32, 0x20, 0x33, 0x35, 0x2e, 0x31, 0x34, 0x33, 0x31, 0x20, 0x32, 0x33, 0x2e
  .byte 0x31, 0x39, 0x32, 0x37, 0x20, 0x33, 0x34, 0x2e, 0x38, 0x38, 0x39, 0x38, 0x20, 0x32, 0x33, 0x2e
  .byte 0x33, 0x36, 0x30, 0x34, 0x43, 0x33, 0x34, 0x2e, 0x37, 0x34, 0x31, 0x20, 0x32, 0x34, 0x2e, 0x32
  .byte 0x33, 0x38, 0x20, 0x33, 0x34, 0x2e, 0x36, 0x31, 0x36, 0x37, 0x20, 0x32, 0x35, 0x2e, 0x30, 0x34
  .byte 0x32, 0x31, 0x20, 0x33, 0x34, 0x2e, 0x30, 0x33, 0x33, 0x34, 0x20, 0x32, 0x35, 0x2e, 0x38, 0x33
  .byte 0x33, 0x43, 0x33, 0x33, 0x2e, 0x30, 0x34, 0x32, 0x37, 0x20, 0x32, 0x37, 0x2e, 0x31, 0x37, 0x35
  .byte 0x39, 0x20, 0x33, 0x31, 0x2e, 0x33, 0x35, 0x32, 0x39, 0x20, 0x32, 0x37, 0x2e, 0x37, 0x31, 0x32
  .byte 0x36, 0x20, 0x32, 0x39, 0x2e, 0x37, 0x34, 0x37, 0x32, 0x20, 0x32, 0x37, 0x2e, 0x34, 0x35, 0x39
  .byte 0x43, 0x32, 0x38, 0x2e, 0x39, 0x34, 0x39, 0x31, 0x20, 0x32, 0x37, 0x2e, 0x33, 0x33, 0x33, 0x20
  .byte 0x32, 0x38, 0x2e, 0x33, 0x32, 0x31, 0x20, 0x32, 0x37, 0x2e, 0x30, 0x35, 0x35, 0x20, 0x32, 0x37
  .byte 0x2e, 0x36, 0x38, 0x34, 0x37, 0x20, 0x32, 0x36, 0x2e, 0x36, 0x32, 0x30, 0x32, 0x43, 0x32, 0x37
  .byte 0x2e, 0x31, 0x32, 0x35, 0x36, 0x20, 0x32, 0x37, 0x2e, 0x36, 0x34, 0x34, 0x33, 0x20, 0x32, 0x36
  .byte 0x2e, 0x33, 0x37, 0x39, 0x34, 0x20, 0x32, 0x38, 0x2e, 0x33, 0x32, 0x39, 0x32, 0x20, 0x32, 0x35
  .byte 0x2e, 0x34, 0x38, 0x30, 0x36, 0x20, 0x32, 0x38, 0x2e, 0x37, 0x30, 0x33, 0x32, 0x43, 0x32, 0x34
  .byte 0x2e, 0x35, 0x35, 0x37, 0x31, 0x20, 0x32, 0x39, 0x2e, 0x30, 0x38, 0x37, 0x33, 0x20, 0x32, 0x33
  .byte 0x2e, 0x34, 0x39, 0x30, 0x37, 0x20, 0x32, 0x39, 0x2e, 0x31, 0x33, 0x34, 0x38, 0x20, 0x32, 0x32
  .byte 0x2e, 0x33, 0x33, 0x33, 0x32, 0x20, 0x32, 0x38, 0x2e, 0x39, 0x31, 0x34, 0x31, 0x43, 0x32, 0x32
  .byte 0x2e, 0x30, 0x39, 0x37, 0x34, 0x20, 0x32, 0x39, 0x2e, 0x31, 0x33, 0x30, 0x34, 0x20, 0x32, 0x31
  .byte 0x2e, 0x38, 0x34, 0x34, 0x31, 0x20, 0x32, 0x39, 0x2e, 0x33, 0x31, 0x31, 0x34, 0x20, 0x32, 0x31
  .byte 0x2e, 0x35, 0x37, 0x36, 0x33, 0x20, 0x32, 0x39, 0x2e, 0x34, 0x37, 0x35, 0x36, 0x56, 0x32, 0x39
  .byte 0x2e, 0x34, 0x37, 0x36, 0x36, 0x43, 0x32, 0x30, 0x2e, 0x32, 0x36, 0x36, 0x38, 0x20, 0x33, 0x30
  .byte 0x2e, 0x32, 0x37, 0x35, 0x36, 0x20, 0x31, 0x38, 0x2e, 0x37, 0x30, 0x34, 0x39, 0x20, 0x33, 0x30
  .byte 0x2e, 0x35, 0x35, 0x39, 0x37, 0x20, 0x31, 0x37, 0x2e, 0x31, 0x39, 0x39, 0x34, 0x20, 0x33, 0x30
  .byte 0x2e, 0x32, 0x38, 0x30, 0x33, 0x4c, 0x31, 0x36, 0x2e, 0x38, 0x39, 0x39, 0x36, 0x20, 0x33, 0x30
  .byte 0x2e, 0x32, 0x31, 0x36, 0x38, 0x43, 0x31, 0x36, 0x2e, 0x33, 0x30, 0x36, 0x35, 0x20, 0x33, 0x30
  .byte 0x2e, 0x30, 0x37, 0x38, 0x37, 0x20, 0x31, 0x35, 0x2e, 0x36, 0x32, 0x31, 0x38, 0x20, 0x32, 0x39
  .byte 0x2e, 0x37, 0x38, 0x33, 0x31, 0x20, 0x31, 0x35, 0x2e, 0x30, 0x30, 0x37, 0x20, 0x32, 0x39, 0x2e
  .byte 0x33, 0x39, 0x38, 0x35, 0x43, 0x31, 0x34, 0x2e, 0x34, 0x32, 0x33, 0x34, 0x20, 0x32, 0x39, 0x2e
  .byte 0x30, 0x33, 0x33, 0x33, 0x20, 0x31, 0x33, 0x2e, 0x38, 0x39, 0x20, 0x32, 0x38, 0x2e, 0x35, 0x37
  .byte 0x37, 0x31, 0x20, 0x31, 0x33, 0x2e, 0x35, 0x35, 0x36, 0x38, 0x20, 0x32, 0x38, 0x2e, 0x30, 0x38
  .byte 0x35, 0x43, 0x31, 0x32, 0x2e, 0x36, 0x30, 0x35, 0x20, 0x32, 0x38, 0x2e, 0x30, 0x32, 0x30, 0x34
  .byte 0x20, 0x31, 0x31, 0x2e, 0x37, 0x35, 0x31, 0x39, 0x20, 0x32, 0x37, 0x2e, 0x38, 0x35, 0x31, 0x32
  .byte 0x20, 0x31, 0x31, 0x2e, 0x30, 0x30, 0x35, 0x31, 0x20, 0x32, 0x37, 0x2e, 0x34, 0x37, 0x39, 0x35
  .byte 0x43, 0x31, 0x30, 0x2e, 0x32, 0x37, 0x35, 0x38, 0x20, 0x32, 0x37, 0x2e, 0x31, 0x31, 0x36, 0x36
  .byte 0x20, 0x39, 0x2e, 0x36, 0x35, 0x39, 0x33, 0x20, 0x32, 0x36, 0x2e, 0x35, 0x36, 0x34, 0x34, 0x20
  .byte 0x39, 0x2e, 0x31, 0x34, 0x39, 0x35, 0x38, 0x20, 0x32, 0x35, 0x2e, 0x37, 0x35, 0x31, 0x43, 0x38
  .byte 0x2e, 0x30, 0x33, 0x36, 0x34, 0x36, 0x20, 0x32, 0x36, 0x2e, 0x33, 0x38, 0x33, 0x39, 0x20, 0x36
  .byte 0x2e, 0x38, 0x34, 0x36, 0x32, 0x31, 0x20, 0x32, 0x36, 0x2e, 0x35, 0x36, 0x38, 0x33, 0x20, 0x35
  .byte 0x2e, 0x38, 0x31, 0x38, 0x35, 0x33, 0x20, 0x32, 0x36, 0x2e, 0x32, 0x35, 0x37, 0x38, 0x43, 0x34
  .byte 0x2e, 0x37, 0x36, 0x31, 0x35, 0x31, 0x20, 0x32, 0x35, 0x2e, 0x39, 0x33, 0x38, 0x35, 0x20, 0x33
  .byte 0x2e, 0x39, 0x30, 0x34, 0x37, 0x20, 0x32, 0x35, 0x2e, 0x31, 0x30, 0x34, 0x33, 0x20, 0x33, 0x2e
  .byte 0x34, 0x39, 0x34, 0x33, 0x31, 0x20, 0x32, 0x33, 0x2e, 0x37, 0x36, 0x34, 0x37, 0x43, 0x32, 0x2e
  .byte 0x33, 0x35, 0x36, 0x35, 0x33, 0x20, 0x32, 0x33, 0x2e, 0x33, 0x33, 0x34, 0x33, 0x20, 0x31, 0x2e
  .byte 0x34, 0x36, 0x33, 0x33, 0x35, 0x20, 0x32, 0x32, 0x2e, 0x36, 0x35, 0x31, 0x35, 0x20, 0x30, 0x2e
  .byte 0x38, 0x39, 0x30, 0x37, 0x39, 0x36, 0x20, 0x32, 0x31, 0x2e, 0x37, 0x35, 0x38, 0x38, 0x43, 0x30
  .byte 0x2e, 0x33, 0x30, 0x34, 0x32, 0x30, 0x35, 0x20, 0x32, 0x30, 0x2e, 0x38, 0x34, 0x34, 0x32, 0x20
  .byte 0x30, 0x2e, 0x30, 0x36, 0x32, 0x30, 0x31, 0x35, 0x37, 0x20, 0x31, 0x39, 0x2e, 0x37, 0x32, 0x32
  .byte 0x38, 0x20, 0x30, 0x2e, 0x32, 0x32, 0x31, 0x38, 0x35, 0x20, 0x31, 0x38, 0x2e, 0x34, 0x35, 0x38
  .byte 0x43, 0x30, 0x2e, 0x34, 0x30, 0x39, 0x36, 0x36, 0x37, 0x20, 0x31, 0x36, 0x2e, 0x39, 0x37, 0x33
  .byte 0x20, 0x31, 0x2e, 0x31, 0x35, 0x36, 0x36, 0x20, 0x31, 0x35, 0x2e, 0x39, 0x39, 0x37, 0x38, 0x20
  .byte 0x32, 0x2e, 0x33, 0x30, 0x31, 0x39, 0x33, 0x20, 0x31, 0x35, 0x2e, 0x31, 0x32, 0x38, 0x43, 0x32
  .byte 0x2e, 0x33, 0x30, 0x30, 0x31, 0x20, 0x31, 0x35, 0x2e, 0x31, 0x31, 0x38, 0x32, 0x20, 0x32, 0x2e
  .byte 0x32, 0x39, 0x38, 0x38, 0x32, 0x20, 0x31, 0x35, 0x2e, 0x31, 0x30, 0x38, 0x34, 0x20, 0x32, 0x2e
  .byte 0x32, 0x39, 0x37, 0x30, 0x35, 0x20, 0x31, 0x35, 0x2e, 0x30, 0x39, 0x38, 0x37, 0x43, 0x31, 0x2e
  .byte 0x39, 0x38, 0x34, 0x34, 0x38, 0x20, 0x31, 0x33, 0x2e, 0x33, 0x38, 0x35, 0x35, 0x20, 0x32, 0x2e
  .byte 0x31, 0x34, 0x30, 0x38, 0x31, 0x20, 0x31, 0x31, 0x2e, 0x37, 0x33, 0x36, 0x39, 0x20, 0x32, 0x2e
  .byte 0x38, 0x36, 0x30, 0x35, 0x32, 0x20, 0x31, 0x30, 0x2e, 0x34, 0x32, 0x39, 0x37, 0x43, 0x33, 0x2e
  .byte 0x35, 0x38, 0x33, 0x35, 0x32, 0x20, 0x39, 0x2e, 0x31, 0x31, 0x36, 0x38, 0x35, 0x20, 0x34, 0x2e
  .byte 0x38, 0x36, 0x34, 0x35, 0x20, 0x38, 0x2e, 0x31, 0x36, 0x37, 0x39, 0x32, 0x20, 0x36, 0x2e, 0x37
  .byte 0x35, 0x34, 0x30, 0x38, 0x20, 0x37, 0x2e, 0x38, 0x34, 0x30, 0x38, 0x36, 0x4c, 0x36, 0x2e, 0x37
  .byte 0x36, 0x31, 0x38, 0x39, 0x20, 0x37, 0x2e, 0x38, 0x33, 0x38, 0x39, 0x5a, 0x22, 0x2c, 0x0a, 0x20
  .byte 0x20, 0x70, 0x61, 0x36, 0x38, 0x35, 0x61, 0x30, 0x30, 0x3a, 0x0a, 0x20, 0x20, 0x20, 0x20, 0x22
  .byte 0x4d, 0x32, 0x33, 0x2e, 0x38, 0x32, 0x34, 0x37, 0x20, 0x32, 0x2e, 0x32, 0x31, 0x37, 0x37, 0x36
  .byte 0x43, 0x32, 0x34, 0x2e, 0x36, 0x39, 0x39, 0x38, 0x20, 0x32, 0x2e, 0x31, 0x36, 0x37, 0x37, 0x39
  .byte 0x20, 0x32, 0x35, 0x2e, 0x34, 0x35, 0x36, 0x32, 0x20, 0x32, 0x2e, 0x33, 0x31, 0x36, 0x34, 0x35
  .byte 0x20, 0x32, 0x36, 0x2e, 0x30, 0x39, 0x34, 0x32, 0x20, 0x32, 0x2e, 0x36, 0x38, 0x31, 0x36, 0x32
  .byte 0x43, 0x32, 0x36, 0x2e, 0x37, 0x31, 0x30, 0x31, 0x20, 0x33, 0x2e, 0x30, 0x33, 0x34, 0x32, 0x20
  .byte 0x32, 0x37, 0x2e, 0x32, 0x30, 0x30, 0x38, 0x20, 0x33, 0x2e, 0x35, 0x38, 0x32, 0x31, 0x35, 0x20
  .byte 0x32, 0x37, 0x2e, 0x35, 0x38, 0x34, 0x35, 0x20, 0x34, 0x2e, 0x33, 0x31, 0x38, 0x33, 0x34, 0x43
  .byte 0x32, 0x38, 0x2e, 0x34, 0x34, 0x36, 0x33, 0x20, 0x34, 0x2e, 0x34, 0x34, 0x39, 0x39, 0x34, 0x20
  .byte 0x32, 0x39, 0x2e, 0x32, 0x36, 0x35, 0x33, 0x20, 0x34, 0x2e, 0x38, 0x34, 0x34, 0x33, 0x38, 0x20
  .byte 0x32, 0x39, 0x2e, 0x38, 0x33, 0x35, 0x34, 0x20, 0x35, 0x2e, 0x34, 0x35, 0x33, 0x31, 0x31, 0x43
  .byte 0x33, 0x30, 0x2e, 0x34, 0x32, 0x38, 0x38, 0x20, 0x36, 0x2e, 0x30, 0x38, 0x36, 0x36, 0x34, 0x20
  .byte 0x33, 0x30, 0x2e, 0x37, 0x34, 0x39, 0x39, 0x20, 0x36, 0x2e, 0x39, 0x34, 0x37, 0x33, 0x39, 0x20
  .byte 0x33, 0x30, 0x2e, 0x35, 0x36, 0x36, 0x39, 0x20, 0x37, 0x2e, 0x39, 0x35, 0x36, 0x30, 0x34, 0x43
  .byte 0x33, 0x30, 0x2e, 0x35, 0x34, 0x35, 0x32, 0x20, 0x38, 0x2e, 0x30, 0x37, 0x35, 0x33, 0x38, 0x20
  .byte 0x33, 0x30, 0x2e, 0x34, 0x37, 0x34, 0x39, 0x20, 0x38, 0x2e, 0x31, 0x35, 0x37, 0x34, 0x39, 0x20
  .byte 0x33, 0x30, 0x2e, 0x34, 0x30, 0x35, 0x37, 0x20, 0x38, 0x2e, 0x32, 0x31, 0x31, 0x39, 0x43, 0x33
  .byte 0x30, 0x2e, 0x33, 0x34, 0x30, 0x36, 0x20, 0x38, 0x2e, 0x32, 0x36, 0x33, 0x30, 0x39, 0x20, 0x33
  .byte 0x30, 0x2e, 0x32, 0x36, 0x34, 0x39, 0x20, 0x38, 0x2e, 0x32, 0x39, 0x38, 0x37, 0x36, 0x20, 0x33
  .byte 0x30, 0x2e, 0x32, 0x31, 0x36, 0x33, 0x20, 0x38, 0x2e, 0x33, 0x32, 0x32, 0x32, 0x35, 0x4c, 0x33
  .byte 0x30, 0x2e, 0x31, 0x37, 0x34, 0x33, 0x20, 0x38, 0x2e, 0x33, 0x34, 0x32, 0x37, 0x36, 0x4c, 0x33
  .byte 0x30, 0x2e, 0x31, 0x32, 0x38, 0x34, 0x20, 0x38, 0x2e, 0x33, 0x33, 0x38, 0x38, 0x35, 0x43, 0x32
  .byte 0x39, 0x2e, 0x39, 0x37, 0x36, 0x36, 0x20, 0x38, 0x2e, 0x33, 0x32, 0x38, 0x30, 0x36, 0x20, 0x32
  .byte 0x39, 0x2e, 0x38, 0x34, 0x37, 0x38, 0x20, 0x38, 0x2e, 0x32, 0x39, 0x32, 0x31, 0x20, 0x32, 0x39
  .byte 0x2e, 0x37, 0x34, 0x33, 0x36, 0x20, 0x38, 0x2e, 0x32, 0x32, 0x35, 0x35, 0x37, 0x43, 0x32, 0x39
  .byte 0x2e, 0x36, 0x33, 0x37, 0x37, 0x20, 0x38, 0x2e, 0x31, 0x35, 0x37, 0x38, 0x36, 0x20, 0x32, 0x39
  .byte 0x2e, 0x35, 0x36, 0x39, 0x32, 0x20, 0x38, 0x2e, 0x30, 0x36, 0x36, 0x31, 0x37, 0x20, 0x32, 0x39
  .byte 0x2e, 0x35, 0x32, 0x34, 0x39, 0x20, 0x37, 0x2e, 0x39, 0x36, 0x35, 0x38, 0x43, 0x32, 0x39, 0x2e
  .byte 0x34, 0x38, 0x32, 0x20, 0x37, 0x2e, 0x38, 0x36, 0x38, 0x34, 0x36, 0x20, 0x32, 0x39, 0x2e, 0x34
  .byte 0x36, 0x31, 0x39, 0x20, 0x37, 0x2e, 0x37, 0x36, 0x32, 0x38, 0x32, 0x20, 0x32, 0x39, 0x2e, 0x34
  .byte 0x35, 0x30, 0x37, 0x20, 0x37, 0x2e, 0x36, 0x36, 0x34, 0x30, 0x34, 0x43, 0x32, 0x39, 0x2e, 0x34
  .byte 0x34, 0x30, 0x31, 0x20, 0x37, 0x2e, 0x35, 0x37, 0x31, 0x32, 0x31, 0x20, 0x32, 0x39, 0x2e, 0x34
  .byte 0x33, 0x34, 0x38, 0x20, 0x37, 0x2e, 0x34, 0x36, 0x39, 0x30, 0x36, 0x20, 0x32, 0x39, 0x2e, 0x34
  .byte 0x32, 0x39, 0x32, 0x20, 0x37, 0x2e, 0x33, 0x37, 0x38, 0x38, 0x39, 0x43, 0x32, 0x39, 0x2e, 0x32
  .byte 0x37, 0x38, 0x32, 0x20, 0x36, 0x2e, 0x36, 0x31, 0x35, 0x34, 0x36, 0x20, 0x32, 0x38, 0x2e, 0x39
  .byte 0x38, 0x30, 0x32, 0x20, 0x36, 0x2e, 0x31, 0x38, 0x38, 0x37, 0x20, 0x32, 0x38, 0x2e, 0x35, 0x36
  .byte 0x37, 0x39, 0x20, 0x35, 0x2e, 0x39, 0x32, 0x31, 0x38, 0x36, 0x43, 0x32, 0x38, 0x2e, 0x31, 0x34
  .byte 0x31, 0x33, 0x20, 0x35, 0x2e, 0x36, 0x34, 0x35, 0x38, 0x37, 0x20, 0x32, 0x37, 0x2e, 0x35, 0x37
  .byte 0x33, 0x31, 0x20, 0x35, 0x2e, 0x35, 0x32, 0x35, 0x33, 0x37, 0x20, 0x32, 0x36, 0x2e, 0x38, 0x34
  .byte 0x39, 0x31, 0x20, 0x35, 0x2e, 0x34, 0x32, 0x33, 0x38, 0x31, 0x4c, 0x32, 0x36, 0x2e, 0x37, 0x34
  .byte 0x39, 0x35, 0x20, 0x35, 0x2e, 0x34, 0x31, 0x30, 0x31, 0x34, 0x4c, 0x32, 0x36, 0x2e, 0x37, 0x31
  .byte 0x32, 0x34, 0x20, 0x35, 0x2e, 0x33, 0x31, 0x37, 0x33, 0x36, 0x43, 0x32, 0x36, 0x2e, 0x34, 0x33
  .byte 0x37, 0x20, 0x34, 0x2e, 0x36, 0x33, 0x39, 0x35, 0x39, 0x20, 0x32, 0x36, 0x2e, 0x30, 0x34, 0x36
  .byte 0x39, 0x20, 0x34, 0x2e, 0x30, 0x37, 0x36, 0x37, 0x35, 0x20, 0x32, 0x35, 0x2e, 0x35, 0x34, 0x38
  .byte 0x33, 0x20, 0x33, 0x2e, 0x37, 0x34, 0x31, 0x31, 0x39, 0x43, 0x32, 0x35, 0x2e, 0x30, 0x35, 0x36
  .byte 0x38, 0x20, 0x33, 0x2e, 0x34, 0x31, 0x30, 0x35, 0x32, 0x20, 0x32, 0x34, 0x2e, 0x34, 0x34, 0x34
  .byte 0x33, 0x20, 0x33, 0x2e, 0x32, 0x39, 0x30, 0x31, 0x36, 0x20, 0x32, 0x33, 0x2e, 0x36, 0x38, 0x38
  .byte 0x39, 0x20, 0x33, 0x2e, 0x35, 0x31, 0x39, 0x35, 0x31, 0x43, 0x32, 0x33, 0x2e, 0x34, 0x38, 0x34
  .byte 0x35, 0x20, 0x33, 0x2e, 0x35, 0x38, 0x31, 0x35, 0x38, 0x20, 0x32, 0x33, 0x2e, 0x31, 0x31, 0x39
  .byte 0x33, 0x20, 0x33, 0x2e, 0x36, 0x36, 0x39, 0x30, 0x36, 0x20, 0x32, 0x32, 0x2e, 0x38, 0x32, 0x39
  .byte 0x36, 0x20, 0x33, 0x2e, 0x36, 0x33, 0x30, 0x38, 0x34, 0x43, 0x32, 0x32, 0x2e, 0x36, 0x38, 0x34
  .byte 0x34, 0x20, 0x33, 0x2e, 0x36, 0x31, 0x31, 0x36, 0x37, 0x20, 0x32, 0x32, 0x2e, 0x35, 0x31, 0x38
  .byte 0x20, 0x33, 0x2e, 0x35, 0x35, 0x35, 0x37, 0x34, 0x20, 0x32, 0x32, 0x2e, 0x34, 0x32, 0x31, 0x34
  .byte 0x20, 0x33, 0x2e, 0x34, 0x30, 0x35, 0x32, 0x36, 0x43, 0x32, 0x32, 0x2e, 0x33, 0x32, 0x33, 0x34
  .byte 0x20, 0x33, 0x2e, 0x32, 0x35, 0x32, 0x34, 0x32, 0x20, 0x32, 0x32, 0x2e, 0x33, 0x33, 0x31, 0x39
  .byte 0x20, 0x33, 0x2e, 0x30, 0x35, 0x37, 0x32, 0x32, 0x20, 0x32, 0x32, 0x2e, 0x34, 0x30, 0x36, 0x37
  .byte 0x20, 0x32, 0x2e, 0x38, 0x34, 0x35, 0x36, 0x39, 0x4c, 0x32, 0x32, 0x2e, 0x34, 0x31, 0x39, 0x34
  .byte 0x20, 0x32, 0x2e, 0x38, 0x31, 0x30, 0x35, 0x33, 0x4c, 0x32, 0x32, 0x2e, 0x34, 0x34, 0x35, 0x38
  .byte 0x20, 0x32, 0x2e, 0x37, 0x38, 0x34, 0x31, 0x36, 0x43, 0x32, 0x32, 0x2e, 0x36, 0x33, 0x30, 0x34
  .byte 0x20, 0x32, 0x2e, 0x35, 0x39, 0x31, 0x34, 0x33, 0x20, 0x32, 0x32, 0x2e, 0x38, 0x36, 0x34, 0x20
  .byte 0x32, 0x2e, 0x34, 0x38, 0x31, 0x31, 0x34, 0x20, 0x32, 0x33, 0x2e, 0x30, 0x39, 0x37, 0x32, 0x20
  .byte 0x32, 0x2e, 0x34, 0x30, 0x34, 0x32, 0x38, 0x43, 0x32, 0x33, 0x2e, 0x33, 0x32, 0x34, 0x20, 0x32
  .byte 0x2e, 0x33, 0x32, 0x39, 0x35, 0x20, 0x32, 0x33, 0x2e, 0x35, 0x38, 0x31, 0x20, 0x32, 0x2e, 0x32
  .byte 0x37, 0x37, 0x32, 0x35, 0x20, 0x32, 0x33, 0x2e, 0x37, 0x39, 0x31, 0x35, 0x20, 0x32, 0x2e, 0x32
  .byte 0x32, 0x32, 0x36, 0x34, 0x4c, 0x32, 0x33, 0x2e, 0x38, 0x30, 0x38, 0x31, 0x20, 0x32, 0x2e, 0x32
  .byte 0x31, 0x38, 0x37, 0x33, 0x4c, 0x32, 0x33, 0x2e, 0x38, 0x32, 0x34, 0x37, 0x20, 0x32, 0x2e, 0x32
  .byte 0x31, 0x37, 0x37, 0x36, 0x5a, 0x22, 0x2c, 0x0a, 0x20, 0x20, 0x70, 0x66, 0x35, 0x32, 0x65, 0x32
  .byte 0x38, 0x30, 0x3a, 0x0a, 0x20, 0x20, 0x20, 0x20, 0x22, 0x4d, 0x31, 0x34, 0x2e, 0x36, 0x31, 0x37
  .byte 0x38, 0x20, 0x31, 0x2e, 0x34, 0x35, 0x31, 0x36, 0x36, 0x43, 0x31, 0x34, 0x2e, 0x37, 0x39, 0x34
  .byte 0x35, 0x20, 0x31, 0x2e, 0x34, 0x32, 0x34, 0x30, 0x32, 0x20, 0x31, 0x35, 0x2e, 0x30, 0x37, 0x31
  .byte 0x34, 0x20, 0x31, 0x2e, 0x34, 0x32, 0x32, 0x31, 0x35, 0x20, 0x31, 0x35, 0x2e, 0x33, 0x37, 0x32
  .byte 0x37, 0x20, 0x31, 0x2e, 0x34, 0x34, 0x38, 0x37, 0x33, 0x43, 0x31, 0x35, 0x2e, 0x36, 0x37, 0x38
  .byte 0x34, 0x20, 0x31, 0x2e, 0x34, 0x37, 0x35, 0x36, 0x39, 0x20, 0x31, 0x36, 0x2e, 0x30, 0x32, 0x32
  .byte 0x36, 0x20, 0x31, 0x2e, 0x35, 0x33, 0x32, 0x32, 0x32, 0x20, 0x31, 0x36, 0x2e, 0x33, 0x33, 0x32
  .byte 0x37, 0x20, 0x31, 0x2e, 0x36, 0x32, 0x35, 0x34, 0x39, 0x43, 0x31, 0x36, 0x2e, 0x36, 0x33, 0x36
  .byte 0x39, 0x20, 0x31, 0x2e, 0x37, 0x31, 0x37, 0x30, 0x32, 0x20, 0x31, 0x36, 0x2e, 0x39, 0x33, 0x33
  .byte 0x33, 0x20, 0x31, 0x2e, 0x38, 0x35, 0x31, 0x32, 0x38, 0x20, 0x31, 0x37, 0x2e, 0x31, 0x31, 0x37
  .byte 0x38, 0x20, 0x32, 0x2e, 0x30, 0x34, 0x39, 0x33, 0x32, 0x43, 0x31, 0x37, 0x2e, 0x32, 0x31, 0x33
  .byte 0x20, 0x32, 0x2e, 0x31, 0x35, 0x31, 0x34, 0x36, 0x20, 0x31, 0x37, 0x2e, 0x32, 0x38, 0x33, 0x31
  .byte 0x20, 0x32, 0x2e, 0x32, 0x37, 0x35, 0x36, 0x34, 0x20, 0x31, 0x37, 0x2e, 0x33, 0x30, 0x32, 0x34
  .byte 0x20, 0x32, 0x2e, 0x34, 0x32, 0x31, 0x33, 0x39, 0x43, 0x31, 0x37, 0x2e, 0x33, 0x32, 0x31, 0x37
  .byte 0x20, 0x32, 0x2e, 0x35, 0x36, 0x37, 0x31, 0x39, 0x20, 0x31, 0x37, 0x2e, 0x32, 0x38, 0x37, 0x36
  .byte 0x20, 0x32, 0x2e, 0x37, 0x31, 0x36, 0x39, 0x31, 0x20, 0x31, 0x37, 0x2e, 0x32, 0x30, 0x37, 0x37
  .byte 0x20, 0x32, 0x2e, 0x38, 0x36, 0x36, 0x37, 0x4c, 0x31, 0x37, 0x2e, 0x31, 0x38, 0x36, 0x32, 0x20
  .byte 0x32, 0x2e, 0x39, 0x30, 0x37, 0x37, 0x31, 0x4c, 0x31, 0x37, 0x2e, 0x31, 0x34, 0x36, 0x31, 0x20
  .byte 0x32, 0x2e, 0x39, 0x33, 0x33, 0x31, 0x43, 0x31, 0x37, 0x2e, 0x30, 0x31, 0x35, 0x20, 0x33, 0x2e
  .byte 0x30, 0x31, 0x34, 0x33, 0x31, 0x20, 0x31, 0x36, 0x2e, 0x38, 0x36, 0x30, 0x36, 0x20, 0x33, 0x2e
  .byte 0x30, 0x31, 0x33, 0x35, 0x37, 0x20, 0x31, 0x36, 0x2e, 0x37, 0x32, 0x32, 0x33, 0x20, 0x32, 0x2e
  .byte 0x39, 0x39, 0x32, 0x36, 0x38, 0x43, 0x31, 0x36, 0x2e, 0x35, 0x38, 0x31, 0x35, 0x20, 0x32, 0x2e
  .byte 0x39, 0x37, 0x31, 0x33, 0x39, 0x20, 0x31, 0x36, 0x2e, 0x34, 0x32, 0x32, 0x34, 0x20, 0x32, 0x2e
  .byte 0x39, 0x32, 0x33, 0x33, 0x20, 0x31, 0x36, 0x2e, 0x32, 0x36, 0x30, 0x34, 0x20, 0x32, 0x2e, 0x38
  .byte 0x37, 0x30, 0x36, 0x43, 0x31, 0x35, 0x2e, 0x39, 0x32, 0x37, 0x33, 0x20, 0x32, 0x2e, 0x37, 0x36
  .byte 0x32, 0x32, 0x36, 0x20, 0x31, 0x35, 0x2e, 0x35, 0x35, 0x32, 0x31, 0x20, 0x32, 0x2e, 0x36, 0x32
  .byte 0x37, 0x38, 0x33, 0x20, 0x31, 0x35, 0x2e, 0x31, 0x34, 0x31, 0x33, 0x20, 0x32, 0x2e, 0x35, 0x38
  .byte 0x36, 0x34, 0x33, 0x43, 0x31, 0x34, 0x2e, 0x37, 0x33, 0x36, 0x34, 0x20, 0x32, 0x2e, 0x35, 0x34
  .byte 0x35, 0x36, 0x36, 0x20, 0x31, 0x34, 0x2e, 0x33, 0x30, 0x33, 0x32, 0x20, 0x32, 0x2e, 0x35, 0x39
  .byte 0x36, 0x31, 0x32, 0x20, 0x31, 0x33, 0x2e, 0x38, 0x36, 0x32, 0x39, 0x20, 0x32, 0x2e, 0x38, 0x35
  .byte 0x37, 0x39, 0x31, 0x43, 0x31, 0x33, 0x2e, 0x34, 0x31, 0x39, 0x39, 0x20, 0x33, 0x2e, 0x31, 0x32
  .byte 0x31, 0x34, 0x35, 0x20, 0x31, 0x32, 0x2e, 0x39, 0x35, 0x34, 0x20, 0x33, 0x2e, 0x36, 0x30, 0x38
  .byte 0x39, 0x33, 0x20, 0x31, 0x32, 0x2e, 0x35, 0x30, 0x32, 0x36, 0x20, 0x34, 0x2e, 0x34, 0x36, 0x39
  .byte 0x32, 0x34, 0x4c, 0x31, 0x32, 0x2e, 0x34, 0x35, 0x34, 0x37, 0x20, 0x34, 0x2e, 0x35, 0x35, 0x39
  .byte 0x30, 0x38, 0x4c, 0x31, 0x32, 0x2e, 0x33, 0x35, 0x34, 0x32, 0x20, 0x34, 0x2e, 0x35, 0x36, 0x32
  .byte 0x30, 0x31, 0x43, 0x31, 0x31, 0x2e, 0x36, 0x39, 0x33, 0x38, 0x20, 0x34, 0x2e, 0x35, 0x38, 0x31
  .byte 0x33, 0x39, 0x20, 0x31, 0x31, 0x2e, 0x32, 0x32, 0x31, 0x34, 0x20, 0x34, 0x2e, 0x36, 0x31, 0x32
  .byte 0x32, 0x34, 0x20, 0x31, 0x30, 0x2e, 0x38, 0x32, 0x30, 0x39, 0x20, 0x34, 0x2e, 0x37, 0x36, 0x38
  .byte 0x30, 0x37, 0x43, 0x31, 0x30, 0x2e, 0x34, 0x33, 0x33, 0x37, 0x20, 0x34, 0x2e, 0x39, 0x31, 0x38
  .byte 0x38, 0x35, 0x20, 0x31, 0x30, 0x2e, 0x30, 0x39, 0x37, 0x31, 0x20, 0x35, 0x2e, 0x31, 0x39, 0x33
  .byte 0x34, 0x34, 0x20, 0x39, 0x2e, 0x37, 0x33, 0x34, 0x30, 0x33, 0x20, 0x35, 0x2e, 0x37, 0x33, 0x36
  .byte 0x38, 0x32, 0x43, 0x39, 0x2e, 0x35, 0x39, 0x34, 0x36, 0x39, 0x20, 0x36, 0x2e, 0x30, 0x32, 0x36
  .byte 0x35, 0x37, 0x20, 0x39, 0x2e, 0x35, 0x35, 0x39, 0x34, 0x38, 0x20, 0x36, 0x2e, 0x33, 0x35, 0x31
  .byte 0x32, 0x37, 0x20, 0x39, 0x2e, 0x35, 0x30, 0x34, 0x35, 0x34, 0x20, 0x36, 0x2e, 0x37, 0x30, 0x34
  .byte 0x35, 0x39, 0x43, 0x39, 0x2e, 0x34, 0x35, 0x31, 0x34, 0x34, 0x20, 0x37, 0x2e, 0x30, 0x34, 0x35
  .byte 0x39, 0x39, 0x20, 0x39, 0x2e, 0x33, 0x37, 0x38, 0x37, 0x37, 0x20, 0x37, 0x2e, 0x34, 0x31, 0x38
  .byte 0x33, 0x20, 0x39, 0x2e, 0x31, 0x32, 0x39, 0x35, 0x34, 0x20, 0x37, 0x2e, 0x37, 0x31, 0x32, 0x34
  .byte 0x43, 0x39, 0x2e, 0x30, 0x36, 0x34, 0x30, 0x37, 0x20, 0x37, 0x2e, 0x37, 0x38, 0x39, 0x36, 0x36
  .byte 0x20, 0x38, 0x2e, 0x39, 0x38, 0x31, 0x32, 0x38, 0x20, 0x37, 0x2e, 0x38, 0x32, 0x30, 0x34, 0x31
  .byte 0x20, 0x38, 0x2e, 0x39, 0x30, 0x33, 0x39, 0x36, 0x20, 0x37, 0x2e, 0x38, 0x32, 0x35, 0x36, 0x38
  .byte 0x43, 0x38, 0x2e, 0x38, 0x33, 0x37, 0x38, 0x33, 0x20, 0x37, 0x2e, 0x38, 0x33, 0x30, 0x31, 0x38
  .byte 0x20, 0x38, 0x2e, 0x37, 0x37, 0x31, 0x38, 0x34, 0x20, 0x37, 0x2e, 0x38, 0x31, 0x35, 0x33, 0x20
  .byte 0x38, 0x2e, 0x37, 0x33, 0x35, 0x30, 0x31, 0x20, 0x37, 0x2e, 0x38, 0x30, 0x38, 0x31, 0x4c, 0x38
  .byte 0x2e, 0x36, 0x39, 0x34, 0x20, 0x37, 0x2e, 0x38, 0x30, 0x30, 0x32, 0x39, 0x4c, 0x38, 0x2e, 0x36
  .byte 0x36, 0x30, 0x37, 0x39, 0x20, 0x37, 0x2e, 0x37, 0x37, 0x34, 0x39, 0x43, 0x38, 0x2e, 0x34, 0x31
  .byte 0x36, 0x33, 0x35, 0x20, 0x37, 0x2e, 0x35, 0x38, 0x32, 0x30, 0x37, 0x20, 0x38, 0x2e, 0x33, 0x30
  .byte 0x35, 0x34, 0x33, 0x20, 0x37, 0x2e, 0x33, 0x30, 0x33, 0x33, 0x33, 0x20, 0x38, 0x2e, 0x32, 0x38
  .byte 0x31, 0x38, 0x39, 0x20, 0x37, 0x2e, 0x30, 0x32, 0x35, 0x38, 0x38, 0x4c, 0x38, 0x2e, 0x32, 0x38
  .byte 0x32, 0x38, 0x36, 0x20, 0x37, 0x2e, 0x30, 0x32, 0x34, 0x39, 0x43, 0x38, 0x2e, 0x31, 0x31, 0x31
  .byte 0x34, 0x39, 0x20, 0x35, 0x2e, 0x35, 0x37, 0x36, 0x30, 0x32, 0x20, 0x39, 0x2e, 0x31, 0x35, 0x37
  .byte 0x30, 0x31, 0x20, 0x34, 0x2e, 0x30, 0x32, 0x34, 0x39, 0x35, 0x20, 0x31, 0x30, 0x2e, 0x35, 0x37
  .byte 0x31, 0x39, 0x20, 0x33, 0x2e, 0x36, 0x32, 0x34, 0x35, 0x31, 0x43, 0x31, 0x30, 0x2e, 0x38, 0x34
  .byte 0x39, 0x38, 0x20, 0x33, 0x2e, 0x35, 0x34, 0x35, 0x39, 0x32, 0x20, 0x31, 0x31, 0x2e, 0x30, 0x36
  .byte 0x35, 0x33, 0x20, 0x33, 0x2e, 0x35, 0x30, 0x32, 0x34, 0x36, 0x20, 0x31, 0x31, 0x2e, 0x32, 0x33
  .byte 0x36, 0x20, 0x33, 0x2e, 0x34, 0x36, 0x36, 0x33, 0x31, 0x43, 0x31, 0x31, 0x2e, 0x34, 0x30, 0x39
  .byte 0x35, 0x20, 0x33, 0x2e, 0x34, 0x32, 0x39, 0x35, 0x34, 0x20, 0x31, 0x31, 0x2e, 0x35, 0x32, 0x35
  .byte 0x39, 0x20, 0x33, 0x2e, 0x34, 0x30, 0x31, 0x36, 0x33, 0x20, 0x31, 0x31, 0x2e, 0x36, 0x32, 0x37
  .byte 0x36, 0x20, 0x33, 0x2e, 0x33, 0x35, 0x36, 0x39, 0x33, 0x43, 0x31, 0x31, 0x2e, 0x38, 0x31, 0x37
  .byte 0x37, 0x20, 0x33, 0x2e, 0x32, 0x37, 0x33, 0x33, 0x20, 0x31, 0x31, 0x2e, 0x39, 0x38, 0x33, 0x20
  .byte 0x33, 0x2e, 0x31, 0x31, 0x37, 0x32, 0x31, 0x20, 0x31, 0x32, 0x2e, 0x33, 0x31, 0x33, 0x31, 0x20
  .byte 0x32, 0x2e, 0x36, 0x30, 0x33, 0x30, 0x33, 0x43, 0x31, 0x32, 0x2e, 0x35, 0x33, 0x36, 0x37, 0x20
  .byte 0x32, 0x2e, 0x32, 0x35, 0x34, 0x39, 0x32, 0x20, 0x31, 0x32, 0x2e, 0x39, 0x33, 0x32, 0x35, 0x20
  .byte 0x31, 0x2e, 0x39, 0x39, 0x34, 0x36, 0x32, 0x20, 0x31, 0x33, 0x2e, 0x33, 0x34, 0x38, 0x33, 0x20
  .byte 0x31, 0x2e, 0x38, 0x31, 0x30, 0x30, 0x36, 0x43, 0x31, 0x33, 0x2e, 0x37, 0x36, 0x37, 0x38, 0x20
  .byte 0x31, 0x2e, 0x36, 0x32, 0x33, 0x38, 0x39, 0x20, 0x31, 0x34, 0x2e, 0x32, 0x33, 0x30, 0x37, 0x20
  .byte 0x31, 0x2e, 0x35, 0x30, 0x34, 0x33, 0x37, 0x20, 0x31, 0x34, 0x2e, 0x36, 0x31, 0x37, 0x38, 0x20
  .byte 0x31, 0x2e, 0x34, 0x35, 0x30, 0x36, 0x38, 0x56, 0x31, 0x2e, 0x34, 0x35, 0x31, 0x36, 0x36, 0x5a
  .byte 0x22, 0x2c, 0x0a, 0x7d, 0x3b, 0x0a

  .globl openui_full_port_docs_imports_svg_10waxq0xyc_ts_eec4513e5328_pass_3_len
openui_full_port_docs_imports_svg_10waxq0xyc_ts_eec4513e5328_pass_3_len:
  .quad 12294

# assembly pass: 4/4
  .globl openui_full_port_docs_imports_svg_10waxq0xyc_ts_eec4513e5328_pass_4
openui_full_port_docs_imports_svg_10waxq0xyc_ts_eec4513e5328_pass_4:
  .byte 0x65, 0x78, 0x70, 0x6f, 0x72, 0x74, 0x20, 0x64, 0x65, 0x66, 0x61, 0x75, 0x6c, 0x74, 0x20, 0x7b
  .byte 0x0a, 0x20, 0x20, 0x70, 0x31, 0x31, 0x31, 0x30, 0x33, 0x36, 0x30, 0x30, 0x3a, 0x0a, 0x20, 0x20
  .byte 0x20, 0x20, 0x22, 0x4d, 0x32, 0x33, 0x2e, 0x32, 0x33, 0x38, 0x39, 0x20, 0x30, 0x2e, 0x37, 0x35
  .byte 0x37, 0x35, 0x38, 0x35, 0x43, 0x32, 0x33, 0x2e, 0x33, 0x37, 0x33, 0x39, 0x20, 0x30, 0x2e, 0x37
  .byte 0x36, 0x39, 0x33, 0x33, 0x37, 0x20, 0x32, 0x33, 0x2e, 0x35, 0x32, 0x30, 0x39, 0x20, 0x30, 0x2e
  .byte 0x37, 0x39, 0x38, 0x39, 0x32, 0x39, 0x20, 0x32, 0x33, 0x2e, 0x36, 0x34, 0x31, 0x32, 0x20, 0x30
  .byte 0x2e, 0x38, 0x37, 0x32, 0x38, 0x32, 0x43, 0x32, 0x33, 0x2e, 0x37, 0x35, 0x34, 0x38, 0x20, 0x30
  .byte 0x2e, 0x39, 0x34, 0x32, 0x36, 0x31, 0x35, 0x20, 0x32, 0x33, 0x2e, 0x38, 0x34, 0x20, 0x31, 0x2e
  .byte 0x30, 0x34, 0x38, 0x39, 0x35, 0x20, 0x32, 0x33, 0x2e, 0x38, 0x36, 0x38, 0x37, 0x20, 0x31, 0x2e
  .byte 0x31, 0x39, 0x34, 0x31, 0x31, 0x4c, 0x32, 0x33, 0x2e, 0x38, 0x37, 0x37, 0x35, 0x20, 0x31, 0x2e
  .byte 0x32, 0x35, 0x39, 0x35, 0x34, 0x56, 0x31, 0x2e, 0x32, 0x36, 0x30, 0x35, 0x31, 0x43, 0x32, 0x33
  .byte 0x2e, 0x38, 0x38, 0x36, 0x34, 0x20, 0x31, 0x2e, 0x33, 0x38, 0x37, 0x38, 0x34, 0x20, 0x32, 0x33
  .byte 0x2e, 0x38, 0x39, 0x36, 0x31, 0x20, 0x31, 0x2e, 0x35, 0x34, 0x33, 0x39, 0x33, 0x20, 0x32, 0x33
  .byte 0x2e, 0x38, 0x33, 0x30, 0x37, 0x20, 0x31, 0x2e, 0x36, 0x37, 0x31, 0x36, 0x35, 0x43, 0x32, 0x33
  .byte 0x2e, 0x37, 0x35, 0x33, 0x37, 0x20, 0x31, 0x2e, 0x38, 0x32, 0x31, 0x31, 0x38, 0x20, 0x32, 0x33
  .byte 0x2e, 0x36, 0x30, 0x34, 0x31, 0x20, 0x31, 0x2e, 0x38, 0x38, 0x37, 0x32, 0x35, 0x20, 0x32, 0x33
  .byte 0x2e, 0x34, 0x32, 0x37, 0x33, 0x20, 0x31, 0x2e, 0x39, 0x31, 0x37, 0x37, 0x34, 0x43, 0x32, 0x33
  .byte 0x2e, 0x31, 0x36, 0x33, 0x36, 0x20, 0x31, 0x2e, 0x39, 0x36, 0x33, 0x32, 0x31, 0x20, 0x32, 0x32
  .byte 0x2e, 0x39, 0x35, 0x31, 0x37, 0x20, 0x31, 0x2e, 0x39, 0x38, 0x38, 0x30, 0x33, 0x20, 0x32, 0x32
  .byte 0x2e, 0x37, 0x38, 0x30, 0x39, 0x20, 0x32, 0x2e, 0x30, 0x31, 0x31, 0x34, 0x39, 0x43, 0x32, 0x32
  .byte 0x2e, 0x36, 0x30, 0x37, 0x31, 0x20, 0x32, 0x2e, 0x30, 0x33, 0x35, 0x33, 0x35, 0x20, 0x32, 0x32
  .byte 0x2e, 0x34, 0x37, 0x38, 0x33, 0x20, 0x32, 0x2e, 0x30, 0x35, 0x37, 0x31, 0x33, 0x20, 0x32, 0x32
  .byte 0x2e, 0x33, 0x36, 0x32, 0x39, 0x20, 0x32, 0x2e, 0x30, 0x39, 0x35, 0x34, 0x38, 0x43, 0x32, 0x32
  .byte 0x2e, 0x31, 0x34, 0x34, 0x34, 0x20, 0x32, 0x2e, 0x31, 0x36, 0x38, 0x30, 0x37, 0x20, 0x32, 0x31
  .byte 0x2e, 0x39, 0x34, 0x37, 0x38, 0x20, 0x32, 0x2e, 0x33, 0x30, 0x37, 0x31, 0x34, 0x20, 0x32, 0x31
  .byte 0x2e, 0x36, 0x30, 0x34, 0x31, 0x20, 0x32, 0x2e, 0x37, 0x30, 0x37, 0x37, 0x38, 0x43, 0x32, 0x31
  .byte 0x2e, 0x35, 0x35, 0x38, 0x39, 0x20, 0x32, 0x2e, 0x37, 0x37, 0x31, 0x36, 0x32, 0x20, 0x32, 0x31
  .byte 0x2e, 0x35, 0x31, 0x37, 0x37, 0x20, 0x32, 0x2e, 0x38, 0x33, 0x32, 0x31, 0x33, 0x20, 0x32, 0x31
  .byte 0x2e, 0x34, 0x38, 0x31, 0x20, 0x32, 0x2e, 0x38, 0x37, 0x39, 0x36, 0x36, 0x43, 0x32, 0x31, 0x2e
  .byte 0x34, 0x34, 0x31, 0x32, 0x20, 0x32, 0x2e, 0x39, 0x33, 0x31, 0x32, 0x36, 0x20, 0x32, 0x31, 0x2e
  .byte 0x33, 0x39, 0x37, 0x20, 0x32, 0x2e, 0x39, 0x38, 0x31, 0x33, 0x39, 0x20, 0x32, 0x31, 0x2e, 0x33
  .byte 0x34, 0x30, 0x34, 0x20, 0x33, 0x2e, 0x30, 0x32, 0x32, 0x32, 0x33, 0x43, 0x32, 0x31, 0x2e, 0x32
  .byte 0x32, 0x33, 0x31, 0x20, 0x33, 0x2e, 0x31, 0x30, 0x36, 0x37, 0x35, 0x20, 0x32, 0x31, 0x2e, 0x30
  .byte 0x38, 0x34, 0x36, 0x20, 0x33, 0x2e, 0x31, 0x32, 0x38, 0x37, 0x39, 0x20, 0x32, 0x30, 0x2e, 0x39
  .byte 0x30, 0x32, 0x39, 0x20, 0x33, 0x2e, 0x31, 0x34, 0x31, 0x33, 0x37, 0x4c, 0x32, 0x30, 0x2e, 0x38
  .byte 0x35, 0x35, 0x31, 0x20, 0x33, 0x2e, 0x31, 0x34, 0x34, 0x33, 0x4c, 0x32, 0x30, 0x2e, 0x38, 0x31
  .byte 0x31, 0x31, 0x20, 0x33, 0x2e, 0x31, 0x32, 0x32, 0x38, 0x32, 0x43, 0x32, 0x30, 0x2e, 0x35, 0x38
  .byte 0x36, 0x31, 0x20, 0x33, 0x2e, 0x30, 0x30, 0x36, 0x38, 0x20, 0x32, 0x30, 0x2e, 0x34, 0x37, 0x35
  .byte 0x32, 0x20, 0x32, 0x2e, 0x38, 0x32, 0x31, 0x37, 0x20, 0x32, 0x30, 0x2e, 0x34, 0x36, 0x30, 0x35
  .byte 0x20, 0x32, 0x2e, 0x36, 0x31, 0x34, 0x30, 0x33, 0x43, 0x32, 0x30, 0x2e, 0x34, 0x34, 0x36, 0x39
  .byte 0x20, 0x32, 0x2e, 0x34, 0x32, 0x30, 0x32, 0x37, 0x20, 0x32, 0x30, 0x2e, 0x35, 0x31, 0x37, 0x39
  .byte 0x20, 0x32, 0x2e, 0x32, 0x32, 0x34, 0x34, 0x31, 0x20, 0x32, 0x30, 0x2e, 0x36, 0x31, 0x30, 0x39
  .byte 0x20, 0x32, 0x2e, 0x30, 0x36, 0x32, 0x32, 0x37, 0x43, 0x32, 0x31, 0x2e, 0x30, 0x32, 0x31, 0x36
  .byte 0x20, 0x31, 0x2e, 0x33, 0x34, 0x36, 0x35, 0x38, 0x20, 0x32, 0x31, 0x2e, 0x37, 0x36, 0x37, 0x38
  .byte 0x20, 0x31, 0x2e, 0x30, 0x30, 0x39, 0x39, 0x34, 0x20, 0x32, 0x32, 0x2e, 0x34, 0x37, 0x34, 0x32
  .byte 0x20, 0x30, 0x2e, 0x37, 0x39, 0x31, 0x37, 0x36, 0x35, 0x4c, 0x32, 0x32, 0x2e, 0x34, 0x39, 0x34
  .byte 0x37, 0x20, 0x30, 0x2e, 0x37, 0x38, 0x34, 0x39, 0x32, 0x39, 0x4c, 0x32, 0x32, 0x2e, 0x35, 0x31
  .byte 0x36, 0x32, 0x20, 0x30, 0x2e, 0x37, 0x38, 0x33, 0x39, 0x35, 0x32, 0x43, 0x32, 0x32, 0x2e, 0x36
  .byte 0x35, 0x36, 0x34, 0x20, 0x30, 0x2e, 0x37, 0x37, 0x36, 0x33, 0x33, 0x20, 0x32, 0x32, 0x2e, 0x39
  .byte 0x37, 0x33, 0x37, 0x20, 0x30, 0x2e, 0x37, 0x33, 0x34, 0x35, 0x37, 0x32, 0x20, 0x32, 0x33, 0x2e
  .byte 0x32, 0x33, 0x38, 0x39, 0x20, 0x30, 0x2e, 0x37, 0x35, 0x37, 0x35, 0x38, 0x35, 0x5a, 0x22, 0x2c
  .byte 0x0a, 0x20, 0x20, 0x70, 0x31, 0x63, 0x61, 0x63, 0x65, 0x30, 0x30, 0x30, 0x3a, 0x0a, 0x20, 0x20
  .byte 0x20, 0x20, 0x22, 0x4d, 0x32, 0x32, 0x2e, 0x35, 0x36, 0x36, 0x36, 0x20, 0x31, 0x33, 0x2e, 0x39
  .byte 0x36, 0x30, 0x32, 0x43, 0x32, 0x32, 0x2e, 0x39, 0x30, 0x37, 0x34, 0x20, 0x31, 0x33, 0x2e, 0x38
  .byte 0x34, 0x31, 0x34, 0x20, 0x32, 0x33, 0x2e, 0x32, 0x37, 0x39, 0x31, 0x20, 0x31, 0x33, 0x2e, 0x38
  .byte 0x34, 0x30, 0x31, 0x20, 0x32, 0x33, 0x2e, 0x36, 0x32, 0x30, 0x34, 0x20, 0x31, 0x33, 0x2e, 0x39
  .byte 0x35, 0x37, 0x32, 0x43, 0x32, 0x34, 0x2e, 0x32, 0x35, 0x33, 0x39, 0x20, 0x31, 0x34, 0x2e, 0x31
  .byte 0x37, 0x34, 0x37, 0x20, 0x32, 0x34, 0x2e, 0x36, 0x38, 0x31, 0x37, 0x20, 0x31, 0x34, 0x2e, 0x37
  .byte 0x36, 0x31, 0x32, 0x20, 0x32, 0x34, 0x2e, 0x36, 0x38, 0x39, 0x37, 0x20, 0x31, 0x35, 0x2e, 0x34
  .byte 0x32, 0x33, 0x31, 0x43, 0x32, 0x34, 0x2e, 0x36, 0x39, 0x37, 0x37, 0x20, 0x31, 0x36, 0x2e, 0x30
  .byte 0x38, 0x35, 0x31, 0x20, 0x32, 0x34, 0x2e, 0x32, 0x38, 0x33, 0x38, 0x20, 0x31, 0x36, 0x2e, 0x36
  .byte 0x38, 0x31, 0x20, 0x32, 0x33, 0x2e, 0x36, 0x35, 0x35, 0x35, 0x20, 0x31, 0x36, 0x2e, 0x39, 0x31
  .byte 0x33, 0x33, 0x43, 0x32, 0x32, 0x2e, 0x38, 0x32, 0x36, 0x35, 0x20, 0x31, 0x37, 0x2e, 0x32, 0x31
  .byte 0x39, 0x38, 0x20, 0x32, 0x31, 0x2e, 0x39, 0x30, 0x33, 0x38, 0x20, 0x31, 0x36, 0x2e, 0x38, 0x30
  .byte 0x30, 0x35, 0x20, 0x32, 0x31, 0x2e, 0x36, 0x30, 0x30, 0x38, 0x20, 0x31, 0x35, 0x2e, 0x39, 0x37
  .byte 0x39, 0x37, 0x43, 0x32, 0x31, 0x2e, 0x32, 0x39, 0x38, 0x20, 0x31, 0x35, 0x2e, 0x31, 0x35, 0x38
  .byte 0x36, 0x20, 0x32, 0x31, 0x2e, 0x37, 0x33, 0x31, 0x38, 0x20, 0x31, 0x34, 0x2e, 0x32, 0x35, 0x31
  .byte 0x31, 0x20, 0x32, 0x32, 0x2e, 0x35, 0x36, 0x36, 0x36, 0x20, 0x31, 0x33, 0x2e, 0x39, 0x36, 0x30
  .byte 0x32, 0x5a, 0x22, 0x2c, 0x0a, 0x20, 0x20, 0x70, 0x31, 0x64, 0x33, 0x64, 0x63, 0x61, 0x30, 0x30
  .byte 0x3a, 0x0a, 0x20, 0x20, 0x20, 0x20, 0x22, 0x4d, 0x31, 0x36, 0x2e, 0x35, 0x37, 0x38, 0x38, 0x20
  .byte 0x30, 0x2e, 0x31, 0x37, 0x34, 0x30, 0x32, 0x32, 0x43, 0x31, 0x36, 0x2e, 0x38, 0x38, 0x33, 0x37
  .byte 0x20, 0x30, 0x2e, 0x31, 0x36, 0x38, 0x35, 0x32, 0x39, 0x20, 0x31, 0x37, 0x2e, 0x32, 0x36, 0x33
  .byte 0x37, 0x20, 0x30, 0x2e, 0x32, 0x36, 0x35, 0x38, 0x37, 0x20, 0x31, 0x37, 0x2e, 0x36, 0x33, 0x37
  .byte 0x34, 0x20, 0x30, 0x2e, 0x34, 0x32, 0x32, 0x30, 0x36, 0x39, 0x43, 0x31, 0x38, 0x2e, 0x30, 0x31
  .byte 0x34, 0x32, 0x20, 0x30, 0x2e, 0x35, 0x37, 0x39, 0x35, 0x39, 0x37, 0x20, 0x31, 0x38, 0x2e, 0x34
  .byte 0x30, 0x31, 0x37, 0x20, 0x30, 0x2e, 0x38, 0x30, 0x33, 0x34, 0x36, 0x35, 0x20, 0x31, 0x38, 0x2e
  .byte 0x37, 0x32, 0x32, 0x34, 0x20, 0x31, 0x2e, 0x30, 0x36, 0x34, 0x36, 0x35, 0x43, 0x31, 0x39, 0x2e
  .byte 0x30, 0x33, 0x39, 0x38, 0x20, 0x31, 0x2e, 0x33, 0x32, 0x33, 0x32, 0x38, 0x20, 0x31, 0x39, 0x2e
  .byte 0x33, 0x30, 0x38, 0x35, 0x20, 0x31, 0x2e, 0x36, 0x33, 0x31, 0x35, 0x31, 0x20, 0x31, 0x39, 0x2e
  .byte 0x34, 0x32, 0x34, 0x35, 0x20, 0x31, 0x2e, 0x39, 0x36, 0x33, 0x30, 0x38, 0x43, 0x31, 0x39, 0x2e
  .byte 0x34, 0x38, 0x33, 0x34, 0x20, 0x32, 0x2e, 0x31, 0x33, 0x31, 0x35, 0x33, 0x20, 0x31, 0x39, 0x2e
  .byte 0x35, 0x30, 0x33, 0x36, 0x20, 0x32, 0x2e, 0x33, 0x30, 0x39, 0x31, 0x34, 0x20, 0x31, 0x39, 0x2e
  .byte 0x34, 0x36, 0x37, 0x35, 0x20, 0x32, 0x2e, 0x34, 0x38, 0x37, 0x35, 0x43, 0x31, 0x39, 0x2e, 0x34
  .byte 0x33, 0x31, 0x34, 0x20, 0x32, 0x2e, 0x36, 0x36, 0x36, 0x31, 0x37, 0x20, 0x31, 0x39, 0x2e, 0x33
  .byte 0x34, 0x30, 0x39, 0x20, 0x32, 0x2e, 0x38, 0x33, 0x35, 0x30, 0x34, 0x20, 0x31, 0x39, 0x2e, 0x31
  .byte 0x39, 0x35, 0x20, 0x32, 0x2e, 0x39, 0x38, 0x39, 0x34, 0x35, 0x4c, 0x31, 0x39, 0x2e, 0x31, 0x34
  .byte 0x35, 0x32, 0x20, 0x33, 0x2e, 0x30, 0x34, 0x32, 0x31, 0x39, 0x4c, 0x31, 0x39, 0x2e, 0x30, 0x37
  .byte 0x33, 0x20, 0x33, 0x2e, 0x30, 0x34, 0x34, 0x31, 0x34, 0x43, 0x31, 0x38, 0x2e, 0x39, 0x31, 0x33
  .byte 0x20, 0x33, 0x2e, 0x30, 0x34, 0x38, 0x33, 0x31, 0x20, 0x31, 0x38, 0x2e, 0x38, 0x35, 0x31, 0x33
  .byte 0x20, 0x33, 0x2e, 0x30, 0x32, 0x34, 0x35, 0x38, 0x20, 0x31, 0x38, 0x2e, 0x37, 0x32, 0x35, 0x33
  .byte 0x20, 0x32, 0x2e, 0x39, 0x39, 0x32, 0x33, 0x38, 0x4c, 0x31, 0x38, 0x2e, 0x36, 0x39, 0x31, 0x31
  .byte 0x20, 0x32, 0x2e, 0x39, 0x38, 0x33, 0x35, 0x39, 0x4c, 0x31, 0x38, 0x2e, 0x36, 0x36, 0x32, 0x38
  .byte 0x20, 0x32, 0x2e, 0x39, 0x36, 0x32, 0x31, 0x31, 0x43, 0x31, 0x38, 0x2e, 0x34, 0x34, 0x36, 0x38
  .byte 0x20, 0x32, 0x2e, 0x37, 0x39, 0x35, 0x38, 0x20, 0x31, 0x38, 0x2e, 0x33, 0x34, 0x33, 0x34, 0x20
  .byte 0x32, 0x2e, 0x35, 0x38, 0x33, 0x34, 0x32, 0x20, 0x31, 0x38, 0x2e, 0x32, 0x35, 0x36, 0x36, 0x20
  .byte 0x32, 0x2e, 0x33, 0x39, 0x39, 0x36, 0x31, 0x43, 0x31, 0x38, 0x2e, 0x31, 0x36, 0x37, 0x31, 0x20
  .byte 0x32, 0x2e, 0x32, 0x31, 0x30, 0x30, 0x39, 0x20, 0x31, 0x38, 0x2e, 0x30, 0x39, 0x33, 0x35, 0x20
  .byte 0x32, 0x2e, 0x30, 0x34, 0x38, 0x38, 0x39, 0x20, 0x31, 0x37, 0x2e, 0x39, 0x34, 0x38, 0x20, 0x31
  .byte 0x2e, 0x39, 0x30, 0x38, 0x34, 0x43, 0x31, 0x37, 0x2e, 0x38, 0x35, 0x30, 0x38, 0x20, 0x31, 0x2e
  .byte 0x38, 0x31, 0x34, 0x37, 0x32, 0x20, 0x31, 0x37, 0x2e, 0x37, 0x32, 0x33, 0x34, 0x20, 0x31, 0x2e
  .byte 0x37, 0x34, 0x31, 0x34, 0x35, 0x20, 0x31, 0x37, 0x2e, 0x35, 0x37, 0x32, 0x20, 0x31, 0x2e, 0x36
  .byte 0x37, 0x35, 0x39, 0x38, 0x43, 0x31, 0x37, 0x2e, 0x34, 0x31, 0x38, 0x35, 0x20, 0x31, 0x2e, 0x36
  .byte 0x30, 0x39, 0x35, 0x38, 0x20, 0x31, 0x37, 0x2e, 0x32, 0x35, 0x35, 0x39, 0x20, 0x31, 0x2e, 0x35
  .byte 0x35, 0x37, 0x33, 0x31, 0x20, 0x31, 0x37, 0x2e, 0x30, 0x38, 0x33, 0x37, 0x20, 0x31, 0x2e, 0x34
  .byte 0x39, 0x36, 0x32, 0x39, 0x43, 0x31, 0x36, 0x2e, 0x37, 0x36, 0x32, 0x39, 0x20, 0x31, 0x2e, 0x33
  .byte 0x38, 0x32, 0x36, 0x31, 0x20, 0x31, 0x36, 0x2e, 0x33, 0x38, 0x34, 0x31, 0x20, 0x31, 0x2e, 0x32
  .byte 0x33, 0x33, 0x35, 0x38, 0x20, 0x31, 0x36, 0x2e, 0x32, 0x32, 0x31, 0x34, 0x20, 0x30, 0x2e, 0x38
  .byte 0x37, 0x39, 0x31, 0x4c, 0x31, 0x36, 0x2e, 0x32, 0x30, 0x34, 0x38, 0x20, 0x30, 0x2e, 0x38, 0x34
  .byte 0x32, 0x39, 0x36, 0x38, 0x56, 0x30, 0x2e, 0x38, 0x30, 0x33, 0x39, 0x30, 0x35, 0x43, 0x31, 0x36
  .byte 0x2e, 0x32, 0x30, 0x39, 0x37, 0x20, 0x30, 0x2e, 0x35, 0x33, 0x37, 0x32, 0x38, 0x35, 0x20, 0x31
  .byte 0x36, 0x2e, 0x33, 0x33, 0x35, 0x20, 0x30, 0x2e, 0x33, 0x39, 0x38, 0x38, 0x37, 0x31, 0x20, 0x31
  .byte 0x36, 0x2e, 0x34, 0x34, 0x30, 0x32, 0x20, 0x30, 0x2e, 0x32, 0x34, 0x38, 0x32, 0x34, 0x31, 0x4c
  .byte 0x31, 0x36, 0x2e, 0x34, 0x39, 0x30, 0x39, 0x20, 0x30, 0x2e, 0x31, 0x37, 0x34, 0x39, 0x39, 0x39
  .byte 0x4c, 0x31, 0x36, 0x2e, 0x35, 0x37, 0x38, 0x38, 0x20, 0x30, 0x2e, 0x31, 0x37, 0x34, 0x30, 0x32
  .byte 0x32, 0x5a, 0x22, 0x2c, 0x0a, 0x20, 0x20, 0x70, 0x33, 0x37, 0x31, 0x64, 0x36, 0x30, 0x30, 0x30
  .byte 0x3a, 0x0a, 0x20, 0x20, 0x20, 0x20, 0x22, 0x4d, 0x31, 0x32, 0x2e, 0x38, 0x32, 0x39, 0x20, 0x31
  .byte 0x33, 0x2e, 0x39, 0x36, 0x30, 0x32, 0x43, 0x31, 0x33, 0x2e, 0x31, 0x36, 0x39, 0x37, 0x20, 0x31
  .byte 0x33, 0x2e, 0x38, 0x34, 0x31, 0x35, 0x20, 0x31, 0x33, 0x2e, 0x35, 0x34, 0x31, 0x35, 0x20, 0x31
  .byte 0x33, 0x2e, 0x38, 0x34, 0x30, 0x32, 0x20, 0x31, 0x33, 0x2e, 0x38, 0x38, 0x32, 0x37, 0x20, 0x31
  .byte 0x33, 0x2e, 0x39, 0x35, 0x37, 0x33, 0x43, 0x31, 0x34, 0x2e, 0x35, 0x31, 0x36, 0x33, 0x20, 0x31
  .byte 0x34, 0x2e, 0x31, 0x37, 0x34, 0x38, 0x20, 0x31, 0x34, 0x2e, 0x39, 0x34, 0x34, 0x20, 0x31, 0x34
  .byte 0x2e, 0x37, 0x36, 0x31, 0x32, 0x20, 0x31, 0x34, 0x2e, 0x39, 0x35, 0x32, 0x20, 0x31, 0x35, 0x2e
  .byte 0x34, 0x32, 0x33, 0x31, 0x43, 0x31, 0x34, 0x2e, 0x39, 0x36, 0x20, 0x31, 0x36, 0x2e, 0x30, 0x38
  .byte 0x35, 0x20, 0x31, 0x34, 0x2e, 0x35, 0x34, 0x36, 0x38, 0x20, 0x31, 0x36, 0x2e, 0x36, 0x38, 0x31
  .byte 0x20, 0x31, 0x33, 0x2e, 0x39, 0x31, 0x38, 0x38, 0x20, 0x31, 0x36, 0x2e, 0x39, 0x31, 0x33, 0x34
  .byte 0x43, 0x31, 0x33, 0x2e, 0x30, 0x38, 0x39, 0x38, 0x20, 0x31, 0x37, 0x2e, 0x32, 0x31, 0x39, 0x39
  .byte 0x20, 0x31, 0x32, 0x2e, 0x31, 0x36, 0x36, 0x31, 0x20, 0x31, 0x36, 0x2e, 0x38, 0x30, 0x30, 0x36
  .byte 0x20, 0x31, 0x31, 0x2e, 0x38, 0x36, 0x33, 0x32, 0x20, 0x31, 0x35, 0x2e, 0x39, 0x37, 0x39, 0x38
  .byte 0x43, 0x31, 0x31, 0x2e, 0x35, 0x36, 0x30, 0x34, 0x20, 0x31, 0x35, 0x2e, 0x31, 0x35, 0x38, 0x37
  .byte 0x20, 0x31, 0x31, 0x2e, 0x39, 0x39, 0x34, 0x33, 0x20, 0x31, 0x34, 0x2e, 0x32, 0x35, 0x31, 0x33
  .byte 0x20, 0x31, 0x32, 0x2e, 0x38, 0x32, 0x39, 0x20, 0x31, 0x33, 0x2e, 0x39, 0x36, 0x30, 0x32, 0x5a
  .byte 0x22, 0x2c, 0x0a, 0x20, 0x20, 0x70, 0x33, 0x65, 0x61, 0x32, 0x30, 0x37, 0x38, 0x30, 0x3a, 0x0a
  .byte 0x20, 0x20, 0x20, 0x20, 0x22, 0x4d, 0x31, 0x38, 0x2e, 0x33, 0x35, 0x37, 0x34, 0x20, 0x31, 0x38
  .byte 0x2e, 0x31, 0x37, 0x35, 0x43, 0x31, 0x38, 0x2e, 0x37, 0x31, 0x37, 0x34, 0x20, 0x31, 0x38, 0x2e
  .byte 0x31, 0x35, 0x31, 0x38, 0x20, 0x31, 0x39, 0x2e, 0x33, 0x35, 0x33, 0x39, 0x20, 0x31, 0x38, 0x2e
  .byte 0x31, 0x33, 0x33, 0x32, 0x20, 0x31, 0x39, 0x2e, 0x38, 0x37, 0x32, 0x20, 0x31, 0x38, 0x2e, 0x33
  .byte 0x30, 0x34, 0x39, 0x43, 0x32, 0x30, 0x2e, 0x31, 0x33, 0x34, 0x39, 0x20, 0x31, 0x38, 0x2e, 0x33
  .byte 0x39, 0x32, 0x31, 0x20, 0x32, 0x30, 0x2e, 0x34, 0x30, 0x37, 0x34, 0x20, 0x31, 0x38, 0x2e, 0x35
  .byte 0x34, 0x31, 0x32, 0x20, 0x32, 0x30, 0x2e, 0x35, 0x38, 0x34, 0x20, 0x31, 0x38, 0x2e, 0x38, 0x30
  .byte 0x33, 0x43, 0x32, 0x30, 0x2e, 0x37, 0x36, 0x38, 0x31, 0x20, 0x31, 0x39, 0x2e, 0x30, 0x37, 0x35
  .byte 0x39, 0x20, 0x32, 0x30, 0x2e, 0x38, 0x31, 0x20, 0x31, 0x39, 0x2e, 0x34, 0x31, 0x34, 0x35, 0x20
  .byte 0x32, 0x30, 0x2e, 0x37, 0x31, 0x36, 0x38, 0x20, 0x31, 0x39, 0x2e, 0x37, 0x39, 0x37, 0x31, 0x43
  .byte 0x32, 0x30, 0x2e, 0x36, 0x33, 0x34, 0x39, 0x20, 0x32, 0x30, 0x2e, 0x31, 0x33, 0x32, 0x39, 0x20
  .byte 0x32, 0x30, 0x2e, 0x34, 0x30, 0x35, 0x20, 0x32, 0x30, 0x2e, 0x33, 0x39, 0x37, 0x35, 0x20, 0x32
  .byte 0x30, 0x2e, 0x31, 0x37, 0x34, 0x38, 0x20, 0x32, 0x30, 0x2e, 0x35, 0x39, 0x32, 0x43, 0x32, 0x30
  .byte 0x2e, 0x30, 0x30, 0x35, 0x34, 0x20, 0x32, 0x30, 0x2e, 0x37, 0x33, 0x35, 0x31, 0x20, 0x31, 0x39
  .byte 0x2e, 0x38, 0x31, 0x36, 0x35, 0x20, 0x32, 0x30, 0x2e, 0x38, 0x35, 0x35, 0x20, 0x31, 0x39, 0x2e
  .byte 0x36, 0x34, 0x30, 0x36, 0x20, 0x32, 0x30, 0x2e, 0x39, 0x35, 0x33, 0x34, 0x43, 0x31, 0x39, 0x2e
  .byte 0x36, 0x34, 0x34, 0x34, 0x20, 0x32, 0x31, 0x2e, 0x31, 0x37, 0x30, 0x38, 0x20, 0x31, 0x39, 0x2e
  .byte 0x36, 0x34, 0x39, 0x38, 0x20, 0x32, 0x31, 0x2e, 0x33, 0x39, 0x30, 0x33, 0x20, 0x31, 0x39, 0x2e
  .byte 0x36, 0x35, 0x35, 0x33, 0x20, 0x32, 0x31, 0x2e, 0x36, 0x31, 0x31, 0x36, 0x43, 0x32, 0x30, 0x2e
  .byte 0x31, 0x31, 0x32, 0x37, 0x20, 0x32, 0x32, 0x2e, 0x31, 0x31, 0x33, 0x31, 0x20, 0x32, 0x30, 0x2e
  .byte 0x34, 0x39, 0x34, 0x38, 0x20, 0x32, 0x32, 0x2e, 0x33, 0x35, 0x30, 0x35, 0x20, 0x32, 0x30, 0x2e
  .byte 0x38, 0x30, 0x36, 0x36, 0x20, 0x32, 0x32, 0x2e, 0x34, 0x34, 0x36, 0x35, 0x43, 0x32, 0x31, 0x2e
  .byte 0x31, 0x32, 0x38, 0x34, 0x20, 0x32, 0x32, 0x2e, 0x35, 0x34, 0x35, 0x35, 0x20, 0x32, 0x31, 0x2e
  .byte 0x34, 0x30, 0x38, 0x39, 0x20, 0x32, 0x32, 0x2e, 0x35, 0x30, 0x36, 0x32, 0x20, 0x32, 0x31, 0x2e
  .byte 0x36, 0x37, 0x30, 0x39, 0x20, 0x32, 0x32, 0x2e, 0x34, 0x30, 0x33, 0x36, 0x43, 0x32, 0x31, 0x2e
  .byte 0x39, 0x34, 0x35, 0x39, 0x20, 0x32, 0x32, 0x2e, 0x32, 0x39, 0x35, 0x37, 0x20, 0x32, 0x32, 0x2e
  .byte 0x31, 0x38, 0x35, 0x34, 0x20, 0x32, 0x32, 0x2e, 0x31, 0x32, 0x35, 0x37, 0x20, 0x32, 0x32, 0x2e
  .byte 0x34, 0x33, 0x38, 0x35, 0x20, 0x32, 0x31, 0x2e, 0x39, 0x35, 0x36, 0x33, 0x43, 0x32, 0x32, 0x2e
  .byte 0x35, 0x35, 0x37, 0x37, 0x20, 0x32, 0x31, 0x2e, 0x38, 0x37, 0x36, 0x35, 0x20, 0x32, 0x32, 0x2e
  .byte 0x36, 0x38, 0x38, 0x34, 0x20, 0x32, 0x31, 0x2e, 0x37, 0x39, 0x30, 0x38, 0x20, 0x32, 0x32, 0x2e
  .byte 0x38, 0x31, 0x37, 0x34, 0x20, 0x32, 0x31, 0x2e, 0x37, 0x32, 0x39, 0x37, 0x43, 0x32, 0x32, 0x2e
  .byte 0x39, 0x34, 0x34, 0x33, 0x20, 0x32, 0x31, 0x2e, 0x36, 0x36, 0x39, 0x36, 0x20, 0x32, 0x33, 0x2e
  .byte 0x31, 0x30, 0x39, 0x32, 0x20, 0x32, 0x31, 0x2e, 0x36, 0x31, 0x33, 0x34, 0x20, 0x32, 0x33, 0x2e
  .byte 0x32, 0x39, 0x20, 0x32, 0x31, 0x2e, 0x36, 0x33, 0x33, 0x4c, 0x32, 0x33, 0x2e, 0x34, 0x30, 0x30
  .byte 0x34, 0x20, 0x32, 0x31, 0x2e, 0x36, 0x34, 0x35, 0x37, 0x4c, 0x32, 0x33, 0x2e, 0x34, 0x38, 0x32
  .byte 0x34, 0x20, 0x32, 0x31, 0x2e, 0x37, 0x31, 0x39, 0x43, 0x32, 0x33, 0x2e, 0x38, 0x33, 0x34, 0x31
  .byte 0x20, 0x32, 0x32, 0x2e, 0x30, 0x33, 0x31, 0x31, 0x20, 0x32, 0x33, 0x2e, 0x39, 0x33, 0x33, 0x38
  .byte 0x20, 0x32, 0x32, 0x2e, 0x35, 0x37, 0x32, 0x37, 0x20, 0x32, 0x33, 0x2e, 0x35, 0x39, 0x30, 0x38
  .byte 0x20, 0x32, 0x32, 0x2e, 0x39, 0x37, 0x38, 0x38, 0x43, 0x32, 0x33, 0x2e, 0x30, 0x39, 0x31, 0x38
  .byte 0x20, 0x32, 0x33, 0x2e, 0x35, 0x36, 0x39, 0x35, 0x20, 0x32, 0x32, 0x2e, 0x33, 0x38, 0x30, 0x39
  .byte 0x20, 0x32, 0x33, 0x2e, 0x38, 0x37, 0x33, 0x20, 0x32, 0x31, 0x2e, 0x36, 0x36, 0x36, 0x20, 0x32
  .byte 0x33, 0x2e, 0x39, 0x37, 0x38, 0x38, 0x43, 0x32, 0x31, 0x2e, 0x35, 0x37, 0x33, 0x35, 0x20, 0x32
  .byte 0x34, 0x2e, 0x35, 0x37, 0x30, 0x31, 0x20, 0x32, 0x31, 0x2e, 0x34, 0x34, 0x30, 0x34, 0x20, 0x32
  .byte 0x35, 0x2e, 0x31, 0x39, 0x33, 0x31, 0x20, 0x32, 0x31, 0x2e, 0x31, 0x34, 0x37, 0x34, 0x20, 0x32
  .byte 0x35, 0x2e, 0x37, 0x31, 0x30, 0x32, 0x43, 0x32, 0x30, 0x2e, 0x37, 0x39, 0x34, 0x36, 0x20, 0x32
  .byte 0x36, 0x2e, 0x33, 0x33, 0x32, 0x39, 0x20, 0x32, 0x30, 0x2e, 0x32, 0x32, 0x31, 0x32, 0x20, 0x32
  .byte 0x36, 0x2e, 0x37, 0x38, 0x39, 0x34, 0x20, 0x31, 0x39, 0x2e, 0x32, 0x39, 0x39, 0x38, 0x20, 0x32
  .byte 0x36, 0x2e, 0x39, 0x30, 0x32, 0x36, 0x4c, 0x31, 0x39, 0x2e, 0x32, 0x39, 0x38, 0x38, 0x20, 0x32
  .byte 0x36, 0x2e, 0x39, 0x30, 0x31, 0x36, 0x43, 0x31, 0x39, 0x2e, 0x30, 0x32, 0x38, 0x20, 0x32, 0x36
  .byte 0x2e, 0x39, 0x35, 0x37, 0x20, 0x31, 0x38, 0x2e, 0x37, 0x31, 0x34, 0x33, 0x20, 0x32, 0x36, 0x2e
  .byte 0x39, 0x34, 0x38, 0x34, 0x20, 0x31, 0x38, 0x2e, 0x34, 0x32, 0x34, 0x38, 0x20, 0x32, 0x36, 0x2e
  .byte 0x38, 0x39, 0x34, 0x38, 0x43, 0x31, 0x38, 0x2e, 0x31, 0x32, 0x32, 0x35, 0x20, 0x32, 0x36, 0x2e
  .byte 0x38, 0x33, 0x38, 0x38, 0x20, 0x31, 0x37, 0x2e, 0x38, 0x30, 0x37, 0x37, 0x20, 0x32, 0x36, 0x2e
  .byte 0x37, 0x32, 0x39, 0x35, 0x20, 0x31, 0x37, 0x2e, 0x35, 0x36, 0x37, 0x34, 0x20, 0x32, 0x36, 0x2e
  .byte 0x35, 0x36, 0x32, 0x37, 0x43, 0x31, 0x36, 0x2e, 0x36, 0x30, 0x38, 0x33, 0x20, 0x32, 0x35, 0x2e
  .byte 0x38, 0x39, 0x37, 0x32, 0x20, 0x31, 0x36, 0x2e, 0x33, 0x37, 0x34, 0x35, 0x20, 0x32, 0x34, 0x2e
  .byte 0x38, 0x39, 0x36, 0x31, 0x20, 0x31, 0x36, 0x2e, 0x32, 0x30, 0x33, 0x31, 0x20, 0x32, 0x33, 0x2e
  .byte 0x39, 0x38, 0x33, 0x36, 0x43, 0x31, 0x35, 0x2e, 0x38, 0x31, 0x37, 0x34, 0x20, 0x32, 0x33, 0x2e
  .byte 0x39, 0x34, 0x36, 0x31, 0x20, 0x31, 0x35, 0x2e, 0x33, 0x33, 0x31, 0x32, 0x20, 0x32, 0x33, 0x2e
  .byte 0x38, 0x32, 0x37, 0x31, 0x20, 0x31, 0x34, 0x2e, 0x39, 0x31, 0x33, 0x31, 0x20, 0x32, 0x33, 0x2e
  .byte 0x36, 0x31, 0x39, 0x34, 0x43, 0x31, 0x34, 0x2e, 0x33, 0x39, 0x32, 0x31, 0x20, 0x32, 0x33, 0x2e
  .byte 0x33, 0x36, 0x30, 0x34, 0x20, 0x31, 0x33, 0x2e, 0x38, 0x31, 0x38, 0x39, 0x20, 0x32, 0x32, 0x2e
  .byte 0x38, 0x37, 0x36, 0x35, 0x20, 0x31, 0x33, 0x2e, 0x39, 0x32, 0x37, 0x37, 0x20, 0x32, 0x32, 0x2e
  .byte 0x31, 0x31, 0x38, 0x34, 0x4c, 0x31, 0x33, 0x2e, 0x39, 0x35, 0x39, 0x20, 0x32, 0x31, 0x2e, 0x39
  .byte 0x39, 0x35, 0x34, 0x43, 0x31, 0x34, 0x2e, 0x30, 0x35, 0x35, 0x34, 0x20, 0x32, 0x31, 0x2e, 0x37
  .byte 0x33, 0x34, 0x31, 0x20, 0x31, 0x34, 0x2e, 0x33, 0x30, 0x37, 0x32, 0x20, 0x32, 0x31, 0x2e, 0x36
  .byte 0x34, 0x31, 0x34, 0x20, 0x31, 0x34, 0x2e, 0x33, 0x37, 0x33, 0x20, 0x32, 0x31, 0x2e, 0x36, 0x31
  .byte 0x30, 0x36, 0x4c, 0x31, 0x34, 0x2e, 0x34, 0x34, 0x33, 0x33, 0x20, 0x32, 0x31, 0x2e, 0x35, 0x37
  .byte 0x37, 0x34, 0x48, 0x31, 0x34, 0x2e, 0x35, 0x32, 0x31, 0x35, 0x43, 0x31, 0x34, 0x2e, 0x37, 0x31
  .byte 0x31, 0x39, 0x20, 0x32, 0x31, 0x2e, 0x35, 0x37, 0x38, 0x31, 0x20, 0x31, 0x34, 0x2e, 0x38, 0x37
  .byte 0x32, 0x34, 0x20, 0x32, 0x31, 0x2e, 0x36, 0x34, 0x38, 0x38, 0x20, 0x31, 0x34, 0x2e, 0x39, 0x39
  .byte 0x38, 0x20, 0x32, 0x31, 0x2e, 0x37, 0x32, 0x38, 0x38, 0x43, 0x31, 0x35, 0x2e, 0x31, 0x32, 0x30
  .byte 0x38, 0x20, 0x32, 0x31, 0x2e, 0x38, 0x30, 0x36, 0x39, 0x20, 0x31, 0x35, 0x2e, 0x32, 0x33, 0x31
  .byte 0x38, 0x20, 0x32, 0x31, 0x2e, 0x39, 0x30, 0x37, 0x39, 0x20, 0x31, 0x35, 0x2e, 0x33, 0x32, 0x33
  .byte 0x32, 0x20, 0x32, 0x31, 0x2e, 0x39, 0x39, 0x33, 0x34, 0x43, 0x31, 0x35, 0x2e, 0x35, 0x33, 0x31
  .byte 0x20, 0x32, 0x32, 0x2e, 0x31, 0x38, 0x37, 0x38, 0x20, 0x31, 0x35, 0x2e, 0x36, 0x35, 0x37, 0x39
  .byte 0x20, 0x32, 0x32, 0x2e, 0x33, 0x31, 0x32, 0x20, 0x31, 0x35, 0x2e, 0x37, 0x39, 0x37, 0x38, 0x20
  .byte 0x32, 0x32, 0x2e, 0x33, 0x36, 0x32, 0x35, 0x43, 0x31, 0x36, 0x2e, 0x32, 0x39, 0x32, 0x39, 0x20
  .byte 0x32, 0x32, 0x2e, 0x35, 0x34, 0x31, 0x32, 0x20, 0x31, 0x36, 0x2e, 0x37, 0x30, 0x36, 0x38, 0x20
  .byte 0x32, 0x32, 0x2e, 0x34, 0x39, 0x38, 0x34, 0x20, 0x31, 0x37, 0x2e, 0x30, 0x38, 0x32, 0x20, 0x32
  .byte 0x32, 0x2e, 0x33, 0x33, 0x32, 0x33, 0x43, 0x31, 0x37, 0x2e, 0x34, 0x33, 0x39, 0x31, 0x20, 0x32
  .byte 0x32, 0x2e, 0x31, 0x37, 0x34, 0x31, 0x20, 0x31, 0x37, 0x2e, 0x37, 0x37, 0x30, 0x38, 0x20, 0x32
  .byte 0x31, 0x2e, 0x38, 0x39, 0x36, 0x20, 0x31, 0x38, 0x2e, 0x31, 0x30, 0x31, 0x35, 0x20, 0x32, 0x31
  .byte 0x2e, 0x35, 0x35, 0x34, 0x39, 0x4c, 0x31, 0x38, 0x2e, 0x31, 0x30, 0x39, 0x34, 0x20, 0x32, 0x30
  .byte 0x2e, 0x39, 0x38, 0x38, 0x35, 0x43, 0x31, 0x37, 0x2e, 0x38, 0x31, 0x34, 0x39, 0x20, 0x32, 0x30
  .byte 0x2e, 0x38, 0x30, 0x36, 0x36, 0x20, 0x31, 0x37, 0x2e, 0x35, 0x35, 0x31, 0x35, 0x20, 0x32, 0x30
  .byte 0x2e, 0x35, 0x39, 0x37, 0x34, 0x20, 0x31, 0x37, 0x2e, 0x33, 0x34, 0x37, 0x36, 0x20, 0x32, 0x30
  .byte 0x2e, 0x33, 0x37, 0x31, 0x33, 0x43, 0x31, 0x37, 0x2e, 0x31, 0x33, 0x32, 0x33, 0x20, 0x32, 0x30
  .byte 0x2e, 0x31, 0x33, 0x32, 0x35, 0x20, 0x31, 0x36, 0x2e, 0x39, 0x36, 0x31, 0x33, 0x20, 0x31, 0x39
  .byte 0x2e, 0x38, 0x35, 0x32, 0x31, 0x20, 0x31, 0x36, 0x2e, 0x39, 0x31, 0x35, 0x20, 0x31, 0x39, 0x2e
  .byte 0x35, 0x35, 0x31, 0x43, 0x31, 0x36, 0x2e, 0x38, 0x36, 0x35, 0x35, 0x20, 0x31, 0x39, 0x2e, 0x32
  .byte 0x32, 0x38, 0x39, 0x20, 0x31, 0x36, 0x2e, 0x39, 0x36, 0x35, 0x34, 0x20, 0x31, 0x38, 0x2e, 0x39
  .byte 0x31, 0x36, 0x39, 0x20, 0x31, 0x37, 0x2e, 0x32, 0x32, 0x35, 0x36, 0x20, 0x31, 0x38, 0x2e, 0x36
  .byte 0x37, 0x30, 0x32, 0x43, 0x31, 0x37, 0x2e, 0x34, 0x37, 0x20, 0x31, 0x38, 0x2e, 0x34, 0x33, 0x38
  .byte 0x34, 0x20, 0x31, 0x37, 0x2e, 0x38, 0x33, 0x37, 0x39, 0x20, 0x31, 0x38, 0x2e, 0x32, 0x38, 0x20
  .byte 0x31, 0x38, 0x2e, 0x33, 0x30, 0x38, 0x36, 0x20, 0x31, 0x38, 0x2e, 0x31, 0x38, 0x31, 0x39, 0x4c
  .byte 0x31, 0x38, 0x2e, 0x33, 0x33, 0x33, 0x20, 0x31, 0x38, 0x2e, 0x31, 0x37, 0x37, 0x4c, 0x31, 0x38
  .byte 0x2e, 0x33, 0x35, 0x37, 0x34, 0x20, 0x31, 0x38, 0x2e, 0x31, 0x37, 0x35, 0x5a, 0x4d, 0x31, 0x39
  .byte 0x2e, 0x32, 0x37, 0x30, 0x35, 0x20, 0x32, 0x32, 0x2e, 0x39, 0x34, 0x33, 0x36, 0x43, 0x31, 0x39
  .byte 0x2e, 0x32, 0x37, 0x38, 0x31, 0x20, 0x32, 0x33, 0x2e, 0x35, 0x33, 0x39, 0x38, 0x20, 0x31, 0x39
  .byte 0x2e, 0x34, 0x39, 0x37, 0x31, 0x20, 0x32, 0x34, 0x2e, 0x37, 0x32, 0x35, 0x36, 0x20, 0x31, 0x38
  .byte 0x2e, 0x37, 0x39, 0x33, 0x39, 0x20, 0x32, 0x34, 0x2e, 0x38, 0x37, 0x37, 0x32, 0x43, 0x31, 0x38
  .byte 0x2e, 0x30, 0x39, 0x32, 0x34, 0x20, 0x32, 0x34, 0x2e, 0x35, 0x32, 0x38, 0x33, 0x20, 0x31, 0x38
  .byte 0x2e, 0x36, 0x35, 0x38, 0x32, 0x20, 0x32, 0x33, 0x2e, 0x32, 0x34, 0x38, 0x38, 0x20, 0x31, 0x38
  .byte 0x2e, 0x33, 0x35, 0x36, 0x34, 0x20, 0x32, 0x32, 0x2e, 0x39, 0x38, 0x37, 0x35, 0x43, 0x31, 0x38
  .byte 0x2e, 0x30, 0x33, 0x35, 0x35, 0x20, 0x32, 0x33, 0x2e, 0x31, 0x37, 0x33, 0x37, 0x20, 0x31, 0x37
  .byte 0x2e, 0x36, 0x34, 0x32, 0x35, 0x20, 0x32, 0x33, 0x2e, 0x34, 0x31, 0x39, 0x37, 0x20, 0x31, 0x37
  .byte 0x2e, 0x33, 0x30, 0x34, 0x37, 0x20, 0x32, 0x33, 0x2e, 0x35, 0x35, 0x37, 0x39, 0x43, 0x31, 0x37
  .byte 0x2e, 0x35, 0x36, 0x35, 0x31, 0x20, 0x32, 0x34, 0x2e, 0x38, 0x36, 0x31, 0x34, 0x20, 0x31, 0x37
  .byte 0x2e, 0x35, 0x37, 0x33, 0x38, 0x20, 0x32, 0x35, 0x2e, 0x34, 0x31, 0x34, 0x31, 0x20, 0x31, 0x38
  .byte 0x2e, 0x39, 0x36, 0x30, 0x39, 0x20, 0x32, 0x35, 0x2e, 0x38, 0x34, 0x39, 0x38, 0x43, 0x31, 0x39
  .byte 0x2e, 0x32, 0x33, 0x38, 0x37, 0x20, 0x32, 0x35, 0x2e, 0x37, 0x35, 0x36, 0x35, 0x20, 0x31, 0x39
  .byte 0x2e, 0x35, 0x38, 0x34, 0x37, 0x20, 0x32, 0x35, 0x2e, 0x36, 0x36, 0x31, 0x37, 0x20, 0x31, 0x39
  .byte 0x2e, 0x38, 0x30, 0x32, 0x37, 0x20, 0x32, 0x35, 0x2e, 0x34, 0x37, 0x35, 0x38, 0x4c, 0x31, 0x39
  .byte 0x2e, 0x38, 0x33, 0x31, 0x20, 0x32, 0x35, 0x2e, 0x34, 0x35, 0x32, 0x34, 0x43, 0x32, 0x30, 0x2e
  .byte 0x30, 0x36, 0x32, 0x31, 0x20, 0x32, 0x35, 0x2e, 0x32, 0x35, 0x34, 0x31, 0x20, 0x32, 0x30, 0x2e
  .byte 0x31, 0x38, 0x36, 0x39, 0x20, 0x32, 0x34, 0x2e, 0x39, 0x36, 0x33, 0x36, 0x20, 0x32, 0x30, 0x2e
  .byte 0x33, 0x31, 0x34, 0x34, 0x20, 0x32, 0x34, 0x2e, 0x36, 0x38, 0x38, 0x37, 0x4c, 0x32, 0x30, 0x2e
  .byte 0x35, 0x39, 0x34, 0x37, 0x20, 0x32, 0x33, 0x2e, 0x35, 0x38, 0x38, 0x31, 0x43, 0x32, 0x30, 0x2e
  .byte 0x31, 0x32, 0x31, 0x34, 0x20, 0x32, 0x33, 0x2e, 0x34, 0x33, 0x39, 0x36, 0x20, 0x31, 0x39, 0x2e
  .byte 0x36, 0x38, 0x38, 0x31, 0x20, 0x32, 0x33, 0x2e, 0x32, 0x30, 0x37, 0x32, 0x20, 0x31, 0x39, 0x2e
  .byte 0x32, 0x37, 0x30, 0x35, 0x20, 0x32, 0x32, 0x2e, 0x39, 0x34, 0x33, 0x36, 0x5a, 0x4d, 0x31, 0x37
  .byte 0x2e, 0x39, 0x32, 0x31, 0x39, 0x20, 0x32, 0x32, 0x2e, 0x31, 0x39, 0x39, 0x35, 0x43, 0x31, 0x38
  .byte 0x2e, 0x30, 0x30, 0x33, 0x34, 0x20, 0x32, 0x32, 0x2e, 0x31, 0x33, 0x31, 0x37, 0x20, 0x31, 0x38
  .byte 0x2e, 0x30, 0x38, 0x34, 0x37, 0x20, 0x32, 0x32, 0x2e, 0x30, 0x36, 0x31, 0x39, 0x20, 0x31, 0x38
  .byte 0x2e, 0x31, 0x36, 0x33, 0x31, 0x20, 0x32, 0x31, 0x2e, 0x39, 0x38, 0x37, 0x35, 0x4c, 0x31, 0x38
  .byte 0x2e, 0x31, 0x38, 0x30, 0x36, 0x20, 0x32, 0x31, 0x2e, 0x39, 0x37, 0x43, 0x31, 0x38, 0x2e, 0x30
  .byte 0x39, 0x36, 0x35, 0x20, 0x32, 0x32, 0x2e, 0x30, 0x35, 0x30, 0x35, 0x20, 0x31, 0x38, 0x2e, 0x30
  .byte 0x30, 0x39, 0x36, 0x20, 0x32, 0x32, 0x2e, 0x31, 0x32, 0x36, 0x35, 0x20, 0x31, 0x37, 0x2e, 0x39
  .byte 0x32, 0x31, 0x39, 0x20, 0x32, 0x32, 0x2e, 0x31, 0x39, 0x39, 0x35, 0x5a, 0x4d, 0x31, 0x39, 0x2e
  .byte 0x32, 0x32, 0x32, 0x36, 0x20, 0x31, 0x38, 0x2e, 0x35, 0x32, 0x36, 0x36, 0x4c, 0x31, 0x39, 0x2e
  .byte 0x30, 0x33, 0x38, 0x31, 0x20, 0x31, 0x38, 0x2e, 0x35, 0x31, 0x32, 0x39, 0x43, 0x31, 0x39, 0x2e
  .byte 0x30, 0x32, 0x35, 0x20, 0x31, 0x38, 0x2e, 0x35, 0x31, 0x32, 0x33, 0x20, 0x31, 0x39, 0x2e, 0x30
  .byte 0x31, 0x32, 0x20, 0x31, 0x38, 0x2e, 0x35, 0x31, 0x32, 0x35, 0x20, 0x31, 0x38, 0x2e, 0x39, 0x39
  .byte 0x39, 0x20, 0x31, 0x38, 0x2e, 0x35, 0x31, 0x32, 0x43, 0x31, 0x39, 0x2e, 0x30, 0x37, 0x32, 0x37
  .byte 0x20, 0x31, 0x38, 0x2e, 0x35, 0x31, 0x35, 0x20, 0x31, 0x39, 0x2e, 0x31, 0x34, 0x37, 0x37, 0x20
  .byte 0x31, 0x38, 0x2e, 0x35, 0x31, 0x39, 0x32, 0x20, 0x31, 0x39, 0x2e, 0x32, 0x32, 0x32, 0x36, 0x20
  .byte 0x31, 0x38, 0x2e, 0x35, 0x32, 0x36, 0x36, 0x5a, 0x22, 0x2c, 0x0a, 0x20, 0x20, 0x70, 0x35, 0x38
  .byte 0x31, 0x66, 0x61, 0x30, 0x30, 0x3a, 0x0a, 0x20, 0x20, 0x20, 0x20, 0x22, 0x4d, 0x36, 0x2e, 0x37
  .byte 0x36, 0x31, 0x38, 0x39, 0x20, 0x37, 0x2e, 0x38, 0x33, 0x38, 0x39, 0x43, 0x36, 0x2e, 0x39, 0x33
  .byte 0x33, 0x38, 0x34, 0x20, 0x37, 0x2e, 0x38, 0x31, 0x38, 0x30, 0x36, 0x20, 0x37, 0x2e, 0x31, 0x39
  .byte 0x30, 0x38, 0x32, 0x20, 0x37, 0x2e, 0x37, 0x39, 0x34, 0x37, 0x37, 0x20, 0x37, 0x2e, 0x34, 0x31
  .byte 0x35, 0x32, 0x31, 0x20, 0x37, 0x2e, 0x38, 0x34, 0x32, 0x38, 0x31, 0x43, 0x37, 0x2e, 0x35, 0x32
  .byte 0x38, 0x39, 0x36, 0x20, 0x37, 0x2e, 0x38, 0x36, 0x37, 0x31, 0x39, 0x20, 0x37, 0x2e, 0x36, 0x34
  .byte 0x37, 0x32, 0x37, 0x20, 0x37, 0x2e, 0x39, 0x31, 0x33, 0x32, 0x35, 0x20, 0x37, 0x2e, 0x37, 0x34
  .byte 0x33, 0x33, 0x33, 0x20, 0x37, 0x2e, 0x39, 0x39, 0x38, 0x30, 0x38, 0x43, 0x37, 0x2e, 0x38, 0x34
  .byte 0x33, 0x34, 0x34, 0x20, 0x38, 0x2e, 0x30, 0x38, 0x36, 0x35, 0x31, 0x20, 0x37, 0x2e, 0x39, 0x30
  .byte 0x38, 0x31, 0x36, 0x20, 0x38, 0x2e, 0x32, 0x30, 0x38, 0x31, 0x39, 0x20, 0x37, 0x2e, 0x39, 0x32
  .byte 0x34, 0x20, 0x38, 0x2e, 0x33, 0x36, 0x30, 0x33, 0x39, 0x4c, 0x37, 0x2e, 0x39, 0x32, 0x39, 0x38
  .byte 0x36, 0x20, 0x38, 0x2e, 0x34, 0x31, 0x34, 0x31, 0x4c, 0x37, 0x2e, 0x39, 0x30, 0x33, 0x34, 0x39
  .byte 0x20, 0x38, 0x2e, 0x34, 0x36, 0x30, 0x39, 0x37, 0x43, 0x37, 0x2e, 0x37, 0x30, 0x38, 0x32, 0x31
  .byte 0x20, 0x38, 0x2e, 0x38, 0x31, 0x36, 0x34, 0x31, 0x20, 0x37, 0x2e, 0x33, 0x34, 0x31, 0x30, 0x33
  .byte 0x20, 0x38, 0x2e, 0x39, 0x34, 0x37, 0x30, 0x33, 0x20, 0x37, 0x2e, 0x30, 0x30, 0x37, 0x30, 0x31
  .byte 0x20, 0x39, 0x2e, 0x30, 0x32, 0x30, 0x35, 0x35, 0x43, 0x36, 0x2e, 0x38, 0x33, 0x39, 0x37, 0x34
  .byte 0x20, 0x39, 0x2e, 0x30, 0x35, 0x37, 0x33, 0x34, 0x20, 0x36, 0x2e, 0x36, 0x35, 0x39, 0x35, 0x39
  .byte 0x20, 0x39, 0x2e, 0x30, 0x38, 0x33, 0x38, 0x39, 0x20, 0x36, 0x2e, 0x35, 0x30, 0x35, 0x30, 0x35
  .byte 0x20, 0x39, 0x2e, 0x31, 0x31, 0x31, 0x33, 0x37, 0x43, 0x36, 0x2e, 0x33, 0x34, 0x34, 0x33, 0x33
  .byte 0x20, 0x39, 0x2e, 0x31, 0x33, 0x39, 0x39, 0x35, 0x20, 0x36, 0x2e, 0x32, 0x30, 0x34, 0x34, 0x31
  .byte 0x20, 0x39, 0x2e, 0x31, 0x37, 0x31, 0x30, 0x38, 0x20, 0x36, 0x2e, 0x30, 0x38, 0x39, 0x30, 0x34
  .byte 0x20, 0x39, 0x2e, 0x32, 0x31, 0x36, 0x38, 0x33, 0x43, 0x34, 0x2e, 0x37, 0x30, 0x34, 0x33, 0x38
  .byte 0x20, 0x39, 0x2e, 0x37, 0x36, 0x36, 0x30, 0x32, 0x20, 0x33, 0x2e, 0x39, 0x30, 0x33, 0x36, 0x36
  .byte 0x20, 0x31, 0x30, 0x2e, 0x36, 0x38, 0x38, 0x39, 0x20, 0x33, 0x2e, 0x35, 0x34, 0x35, 0x30, 0x39
  .byte 0x20, 0x31, 0x31, 0x2e, 0x37, 0x37, 0x39, 0x33, 0x43, 0x33, 0x2e, 0x31, 0x38, 0x34, 0x34, 0x38
  .byte 0x20, 0x31, 0x32, 0x2e, 0x38, 0x37, 0x36, 0x34, 0x20, 0x33, 0x2e, 0x32, 0x36, 0x36, 0x31, 0x34
  .byte 0x20, 0x31, 0x34, 0x2e, 0x31, 0x36, 0x20, 0x33, 0x2e, 0x36, 0x38, 0x31, 0x38, 0x31, 0x20, 0x31
  .byte 0x35, 0x2e, 0x34, 0x32, 0x34, 0x38, 0x4c, 0x33, 0x2e, 0x37, 0x32, 0x34, 0x37, 0x38, 0x20, 0x31
  .byte 0x35, 0x2e, 0x35, 0x35, 0x35, 0x37, 0x4c, 0x33, 0x2e, 0x36, 0x30, 0x36, 0x36, 0x32, 0x20, 0x31
  .byte 0x35, 0x2e, 0x36, 0x32, 0x37, 0x43, 0x32, 0x2e, 0x36, 0x37, 0x31, 0x31, 0x35, 0x20, 0x31, 0x36
  .byte 0x2e, 0x31, 0x39, 0x31, 0x39, 0x20, 0x31, 0x2e, 0x39, 0x31, 0x39, 0x34, 0x32, 0x20, 0x31, 0x36
  .byte 0x2e, 0x39, 0x34, 0x36, 0x39, 0x20, 0x31, 0x2e, 0x35, 0x35, 0x35, 0x38, 0x33, 0x20, 0x31, 0x37
  .byte 0x2e, 0x39, 0x35, 0x34, 0x31, 0x56, 0x31, 0x37, 0x2e, 0x39, 0x35, 0x35, 0x31, 0x43, 0x31, 0x2e
  .byte 0x32, 0x32, 0x30, 0x33, 0x32, 0x20, 0x31, 0x38, 0x2e, 0x38, 0x37, 0x31, 0x35, 0x20, 0x31, 0x2e
  .byte 0x32, 0x37, 0x34, 0x33, 0x20, 0x31, 0x39, 0x2e, 0x38, 0x38, 0x33, 0x20, 0x31, 0x2e, 0x37, 0x30
  .byte 0x35, 0x32, 0x35, 0x20, 0x32, 0x30, 0x2e, 0x37, 0x35, 0x39, 0x38, 0x56, 0x32, 0x30, 0x2e, 0x37
  .byte 0x36, 0x30, 0x38, 0x43, 0x32, 0x2e, 0x30, 0x30, 0x38, 0x32, 0x39, 0x20, 0x32, 0x31, 0x2e, 0x33
  .byte 0x38, 0x35, 0x39, 0x20, 0x32, 0x2e, 0x33, 0x37, 0x31, 0x31, 0x39, 0x20, 0x32, 0x31, 0x2e, 0x37
  .byte 0x38, 0x33, 0x37, 0x20, 0x32, 0x2e, 0x38, 0x30, 0x37, 0x37, 0x39, 0x20, 0x32, 0x32, 0x2e, 0x30
  .byte 0x38, 0x31, 0x31, 0x43, 0x33, 0x2e, 0x32, 0x34, 0x39, 0x38, 0x32, 0x20, 0x32, 0x32, 0x2e, 0x33
  .byte 0x38, 0x32, 0x31, 0x20, 0x33, 0x2e, 0x37, 0x37, 0x33, 0x35, 0x37, 0x20, 0x32, 0x32, 0x2e, 0x35
  .byte 0x38, 0x34, 0x35, 0x20, 0x34, 0x2e, 0x34, 0x31, 0x32, 0x32, 0x38, 0x20, 0x32, 0x32, 0x2e, 0x38
  .byte 0x30, 0x39, 0x36, 0x4c, 0x34, 0x2e, 0x35, 0x30, 0x37, 0x39, 0x38, 0x20, 0x32, 0x32, 0x2e, 0x38
  .byte 0x34, 0x32, 0x38, 0x4c, 0x34, 0x2e, 0x35, 0x32, 0x35, 0x35, 0x36, 0x20, 0x32, 0x32, 0x2e, 0x39
  .byte 0x34, 0x32, 0x34, 0x43, 0x34, 0x2e, 0x35, 0x39, 0x39, 0x32, 0x32, 0x20, 0x32, 0x33, 0x2e, 0x33
  .byte 0x35, 0x35, 0x33, 0x20, 0x34, 0x2e, 0x36, 0x35, 0x34, 0x34, 0x20, 0x32, 0x33, 0x2e, 0x36, 0x33
  .byte 0x35, 0x38, 0x20, 0x34, 0x2e, 0x38, 0x32, 0x33, 0x34, 0x31, 0x20, 0x32, 0x33, 0x2e, 0x39, 0x36
  .byte 0x31, 0x4c, 0x34, 0x2e, 0x39, 0x30, 0x33, 0x34, 0x39, 0x20, 0x32, 0x34, 0x2e, 0x31, 0x30, 0x34
  .byte 0x35, 0x43, 0x35, 0x2e, 0x32, 0x31, 0x39, 0x20, 0x32, 0x34, 0x2e, 0x36, 0x33, 0x37, 0x31, 0x20
  .byte 0x35, 0x2e, 0x37, 0x34, 0x33, 0x33, 0x39, 0x20, 0x32, 0x35, 0x2e, 0x30, 0x31, 0x38, 0x37, 0x20
  .byte 0x36, 0x2e, 0x33, 0x35, 0x33, 0x36, 0x39, 0x20, 0x32, 0x35, 0x2e, 0x31, 0x35, 0x38, 0x32, 0x48
  .byte 0x36, 0x2e, 0x33, 0x35, 0x34, 0x36, 0x36, 0x43, 0x37, 0x2e, 0x31, 0x39, 0x32, 0x30, 0x33, 0x20
  .byte 0x32, 0x35, 0x2e, 0x33, 0x35, 0x34, 0x38, 0x20, 0x37, 0x2e, 0x38, 0x38, 0x31, 0x37, 0x39, 0x20
  .byte 0x32, 0x35, 0x2e, 0x31, 0x31, 0x31, 0x37, 0x20, 0x38, 0x2e, 0x36, 0x31, 0x33, 0x34, 0x35, 0x20
  .byte 0x32, 0x34, 0x2e, 0x36, 0x38, 0x32, 0x37, 0x43, 0x38, 0x2e, 0x34, 0x37, 0x36, 0x20, 0x32, 0x34
  .byte 0x2e, 0x30, 0x37, 0x39, 0x36, 0x20, 0x38, 0x2e, 0x33, 0x39, 0x35, 0x32, 0x39, 0x20, 0x32, 0x33
  .byte 0x2e, 0x34, 0x36, 0x35, 0x36, 0x20, 0x38, 0x2e, 0x33, 0x37, 0x34, 0x31, 0x39, 0x20, 0x32, 0x32
  .byte 0x2e, 0x38, 0x34, 0x37, 0x37, 0x43, 0x37, 0x2e, 0x32, 0x31, 0x35, 0x37, 0x33, 0x20, 0x32, 0x32
  .byte 0x2e, 0x34, 0x30, 0x33, 0x36, 0x20, 0x36, 0x2e, 0x35, 0x38, 0x34, 0x38, 0x35, 0x20, 0x32, 0x31
  .byte 0x2e, 0x34, 0x35, 0x35, 0x39, 0x20, 0x36, 0x2e, 0x34, 0x30, 0x36, 0x34, 0x32, 0x20, 0x32, 0x30
  .byte 0x2e, 0x33, 0x39, 0x34, 0x36, 0x43, 0x36, 0x2e, 0x32, 0x32, 0x38, 0x39, 0x32, 0x20, 0x31, 0x39
  .byte 0x2e, 0x33, 0x33, 0x38, 0x36, 0x20, 0x36, 0x2e, 0x34, 0x39, 0x36, 0x37, 0x36, 0x20, 0x31, 0x38
  .byte 0x2e, 0x31, 0x36, 0x37, 0x38, 0x20, 0x37, 0x2e, 0x31, 0x33, 0x30, 0x30, 0x35, 0x20, 0x31, 0x37
  .byte 0x2e, 0x32, 0x34, 0x39, 0x31, 0x43, 0x36, 0x2e, 0x37, 0x30, 0x31, 0x31, 0x38, 0x20, 0x31, 0x36
  .byte 0x2e, 0x33, 0x35, 0x36, 0x35, 0x20, 0x36, 0x2e, 0x35, 0x35, 0x34, 0x33, 0x34, 0x20, 0x31, 0x35
  .byte 0x2e, 0x31, 0x31, 0x34, 0x37, 0x20, 0x37, 0x2e, 0x30, 0x34, 0x38, 0x30, 0x32, 0x20, 0x31, 0x34
  .byte 0x2e, 0x32, 0x30, 0x35, 0x31, 0x43, 0x37, 0x2e, 0x31, 0x34, 0x35, 0x31, 0x35, 0x20, 0x31, 0x34
  .byte 0x2e, 0x30, 0x32, 0x36, 0x31, 0x20, 0x37, 0x2e, 0x32, 0x37, 0x39, 0x38, 0x38, 0x20, 0x31, 0x33
  .byte 0x2e, 0x37, 0x33, 0x30, 0x34, 0x20, 0x37, 0x2e, 0x34, 0x35, 0x30, 0x33, 0x37, 0x20, 0x31, 0x33
  .byte 0x2e, 0x34, 0x39, 0x36, 0x31, 0x43, 0x37, 0x2e, 0x36, 0x32, 0x32, 0x32, 0x38, 0x20, 0x31, 0x33
  .byte 0x2e, 0x32, 0x36, 0x20, 0x37, 0x2e, 0x38, 0x36, 0x39, 0x32, 0x36, 0x20, 0x31, 0x33, 0x2e, 0x30
  .byte 0x32, 0x39, 0x33, 0x20, 0x38, 0x2e, 0x32, 0x31, 0x39, 0x39, 0x20, 0x31, 0x33, 0x2e, 0x30, 0x33
  .byte 0x32, 0x33, 0x4c, 0x38, 0x2e, 0x32, 0x35, 0x36, 0x30, 0x33, 0x20, 0x31, 0x33, 0x2e, 0x30, 0x33
  .byte 0x33, 0x32, 0x4c, 0x38, 0x2e, 0x32, 0x38, 0x38, 0x32, 0x36, 0x20, 0x31, 0x33, 0x2e, 0x30, 0x34
  .byte 0x37, 0x39, 0x43, 0x38, 0x2e, 0x33, 0x34, 0x32, 0x37, 0x31, 0x20, 0x31, 0x33, 0x2e, 0x30, 0x37
  .byte 0x32, 0x31, 0x20, 0x38, 0x2e, 0x33, 0x37, 0x37, 0x32, 0x37, 0x20, 0x31, 0x33, 0x2e, 0x30, 0x38
  .byte 0x35, 0x31, 0x20, 0x38, 0x2e, 0x34, 0x30, 0x37, 0x34, 0x20, 0x31, 0x33, 0x2e, 0x30, 0x39, 0x37
  .byte 0x37, 0x43, 0x38, 0x2e, 0x34, 0x33, 0x33, 0x31, 0x37, 0x20, 0x31, 0x33, 0x2e, 0x31, 0x30, 0x38
  .byte 0x35, 0x20, 0x38, 0x2e, 0x34, 0x37, 0x30, 0x35, 0x31, 0x20, 0x31, 0x33, 0x2e, 0x31, 0x32, 0x34
  .byte 0x38, 0x20, 0x38, 0x2e, 0x35, 0x30, 0x35, 0x30, 0x35, 0x20, 0x31, 0x33, 0x2e, 0x31, 0x35, 0x32
  .byte 0x34, 0x43, 0x38, 0x2e, 0x35, 0x34, 0x30, 0x38, 0x37, 0x20, 0x31, 0x33, 0x2e, 0x31, 0x38, 0x31
  .byte 0x20, 0x38, 0x2e, 0x35, 0x36, 0x34, 0x30, 0x38, 0x20, 0x31, 0x33, 0x2e, 0x32, 0x31, 0x34, 0x32
  .byte 0x20, 0x38, 0x2e, 0x35, 0x38, 0x30, 0x32, 0x35, 0x20, 0x31, 0x33, 0x2e, 0x32, 0x33, 0x38, 0x33
  .byte 0x4c, 0x38, 0x2e, 0x36, 0x34, 0x39, 0x35, 0x38, 0x20, 0x31, 0x33, 0x2e, 0x33, 0x34, 0x31, 0x38
  .byte 0x4c, 0x38, 0x2e, 0x36, 0x37, 0x31, 0x30, 0x37, 0x20, 0x31, 0x33, 0x2e, 0x33, 0x37, 0x34, 0x31
  .byte 0x4c, 0x38, 0x2e, 0x36, 0x37, 0x37, 0x39, 0x20, 0x31, 0x33, 0x2e, 0x34, 0x31, 0x33, 0x31, 0x43
  .byte 0x38, 0x2e, 0x37, 0x32, 0x38, 0x34, 0x33, 0x20, 0x31, 0x33, 0x2e, 0x37, 0x32, 0x39, 0x36, 0x20
  .byte 0x38, 0x2e, 0x36, 0x31, 0x35, 0x33, 0x38, 0x20, 0x31, 0x33, 0x2e, 0x39, 0x37, 0x39, 0x35, 0x20
  .byte 0x38, 0x2e, 0x34, 0x37, 0x36, 0x37, 0x33, 0x20, 0x31, 0x34, 0x2e, 0x31, 0x39, 0x39, 0x33, 0x43
  .byte 0x38, 0x2e, 0x34, 0x30, 0x39, 0x34, 0x34, 0x20, 0x31, 0x34, 0x2e, 0x33, 0x30, 0x35, 0x39, 0x20
  .byte 0x38, 0x2e, 0x33, 0x32, 0x38, 0x32, 0x36, 0x20, 0x31, 0x34, 0x2e, 0x34, 0x31, 0x36, 0x34, 0x20
  .byte 0x38, 0x2e, 0x32, 0x35, 0x37, 0x30, 0x31, 0x20, 0x31, 0x34, 0x2e, 0x35, 0x31, 0x39, 0x36, 0x43
  .byte 0x38, 0x2e, 0x31, 0x38, 0x33, 0x33, 0x31, 0x20, 0x31, 0x34, 0x2e, 0x36, 0x32, 0x36, 0x33, 0x20
  .byte 0x38, 0x2e, 0x31, 0x31, 0x33, 0x37, 0x38, 0x20, 0x31, 0x34, 0x2e, 0x37, 0x33, 0x34, 0x34, 0x20
  .byte 0x38, 0x2e, 0x30, 0x35, 0x34, 0x38, 0x36, 0x20, 0x31, 0x34, 0x2e, 0x38, 0x35, 0x31, 0x36, 0x43
  .byte 0x37, 0x2e, 0x39, 0x33, 0x39, 0x32, 0x35, 0x20, 0x31, 0x35, 0x2e, 0x30, 0x38, 0x31, 0x36, 0x20
  .byte 0x37, 0x2e, 0x38, 0x36, 0x32, 0x38, 0x33, 0x20, 0x31, 0x35, 0x2e, 0x33, 0x35, 0x34, 0x31, 0x20
  .byte 0x37, 0x2e, 0x39, 0x30, 0x32, 0x35, 0x31, 0x20, 0x31, 0x35, 0x2e, 0x37, 0x32, 0x32, 0x37, 0x43
  .byte 0x37, 0x2e, 0x39, 0x34, 0x32, 0x38, 0x31, 0x20, 0x31, 0x36, 0x2e, 0x30, 0x39, 0x36, 0x34, 0x20
  .byte 0x38, 0x2e, 0x31, 0x30, 0x33, 0x35, 0x33, 0x20, 0x31, 0x36, 0x2e, 0x35, 0x37, 0x39, 0x34, 0x20
  .byte 0x38, 0x2e, 0x34, 0x38, 0x33, 0x35, 0x37, 0x20, 0x31, 0x37, 0x2e, 0x32, 0x32, 0x33, 0x37, 0x4c
  .byte 0x38, 0x2e, 0x35, 0x34, 0x31, 0x31, 0x39, 0x20, 0x31, 0x37, 0x2e, 0x33, 0x32, 0x32, 0x33, 0x4c
  .byte 0x38, 0x2e, 0x34, 0x37, 0x33, 0x38, 0x20, 0x31, 0x37, 0x2e, 0x34, 0x31, 0x34, 0x31, 0x43, 0x37
  .byte 0x2e, 0x37, 0x36, 0x34, 0x34, 0x37, 0x20, 0x31, 0x38, 0x2e, 0x33, 0x38, 0x32, 0x39, 0x20, 0x37
  .byte 0x2e, 0x34, 0x32, 0x33, 0x39, 0x39, 0x20, 0x31, 0x39, 0x2e, 0x33, 0x31, 0x32, 0x34, 0x20, 0x37
  .byte 0x2e, 0x35, 0x34, 0x33, 0x31, 0x34, 0x20, 0x32, 0x30, 0x2e, 0x31, 0x30, 0x33, 0x36, 0x43, 0x37
  .byte 0x2e, 0x36, 0x36, 0x30, 0x32, 0x20, 0x32, 0x30, 0x2e, 0x38, 0x37, 0x39, 0x37, 0x20, 0x38, 0x2e
  .byte 0x32, 0x33, 0x30, 0x33, 0x32, 0x20, 0x32, 0x31, 0x2e, 0x35, 0x37, 0x39, 0x34, 0x20, 0x39, 0x2e
  .byte 0x34, 0x37, 0x37, 0x37, 0x31, 0x20, 0x32, 0x32, 0x2e, 0x30, 0x37, 0x37, 0x32, 0x4c, 0x39, 0x2e
  .byte 0x35, 0x39, 0x30, 0x30, 0x31, 0x20, 0x32, 0x32, 0x2e, 0x31, 0x32, 0x32, 0x31, 0x4c, 0x39, 0x2e
  .byte 0x35, 0x38, 0x37, 0x30, 0x38, 0x20, 0x32, 0x32, 0x2e, 0x32, 0x34, 0x32, 0x32, 0x43, 0x39, 0x2e
  .byte 0x35, 0x38, 0x31, 0x37, 0x32, 0x20, 0x32, 0x32, 0x2e, 0x34, 0x33, 0x39, 0x34, 0x20, 0x39, 0x2e
  .byte 0x35, 0x37, 0x37, 0x37, 0x32, 0x20, 0x32, 0x32, 0x2e, 0x36, 0x33, 0x36, 0x39, 0x20, 0x39, 0x2e
  .byte 0x35, 0x37, 0x35, 0x33, 0x37, 0x20, 0x32, 0x32, 0x2e, 0x38, 0x33, 0x34, 0x43, 0x39, 0x2e, 0x35
  .byte 0x35, 0x35, 0x39, 0x32, 0x20, 0x32, 0x34, 0x2e, 0x34, 0x39, 0x37, 0x35, 0x20, 0x31, 0x30, 0x2e
  .byte 0x32, 0x36, 0x31, 0x36, 0x20, 0x32, 0x35, 0x2e, 0x38, 0x39, 0x31, 0x35, 0x20, 0x31, 0x31, 0x2e
  .byte 0x38, 0x36, 0x32, 0x35, 0x20, 0x32, 0x36, 0x2e, 0x35, 0x37, 0x35, 0x32, 0x43, 0x31, 0x32, 0x2e
  .byte 0x33, 0x38, 0x33, 0x32, 0x20, 0x32, 0x36, 0x2e, 0x37, 0x39, 0x37, 0x36, 0x20, 0x31, 0x32, 0x2e
  .byte 0x38, 0x37, 0x36, 0x38, 0x20, 0x32, 0x36, 0x2e, 0x38, 0x35, 0x30, 0x36, 0x20, 0x31, 0x33, 0x2e
  .byte 0x34, 0x32, 0x34, 0x20, 0x32, 0x36, 0x2e, 0x38, 0x36, 0x35, 0x33, 0x4c, 0x31, 0x33, 0x2e, 0x39
  .byte 0x39, 0x32, 0x34, 0x20, 0x32, 0x36, 0x2e, 0x38, 0x37, 0x32, 0x31, 0x4c, 0x31, 0x34, 0x2e, 0x30
  .byte 0x37, 0x32, 0x34, 0x20, 0x32, 0x36, 0x2e, 0x38, 0x37, 0x33, 0x31, 0x4c, 0x31, 0x34, 0x2e, 0x31
  .byte 0x32, 0x34, 0x32, 0x20, 0x32, 0x36, 0x2e, 0x39, 0x33, 0x34, 0x36, 0x43, 0x31, 0x34, 0x2e, 0x36
  .byte 0x33, 0x31, 0x37, 0x20, 0x32, 0x37, 0x2e, 0x35, 0x34, 0x33, 0x32, 0x20, 0x31, 0x35, 0x2e, 0x30
  .byte 0x37, 0x37, 0x31, 0x20, 0x32, 0x38, 0x2e, 0x30, 0x31, 0x33, 0x34, 0x20, 0x31, 0x35, 0x2e, 0x35
  .byte 0x39, 0x34, 0x39, 0x20, 0x32, 0x38, 0x2e, 0x33, 0x37, 0x34, 0x31, 0x43, 0x31, 0x36, 0x2e, 0x31
  .byte 0x31, 0x20, 0x32, 0x38, 0x2e, 0x37, 0x33, 0x32, 0x38, 0x20, 0x31, 0x36, 0x2e, 0x37, 0x30, 0x35
  .byte 0x31, 0x20, 0x32, 0x38, 0x2e, 0x39, 0x38, 0x37, 0x38, 0x20, 0x31, 0x37, 0x2e, 0x35, 0x31, 0x36
  .byte 0x38, 0x20, 0x32, 0x39, 0x2e, 0x31, 0x35, 0x32, 0x34, 0x48, 0x31, 0x37, 0x2e, 0x35, 0x31, 0x35
  .byte 0x38, 0x43, 0x31, 0x38, 0x2e, 0x36, 0x39, 0x33, 0x33, 0x20, 0x32, 0x39, 0x2e, 0x33, 0x37, 0x32
  .byte 0x35, 0x20, 0x32, 0x30, 0x2e, 0x30, 0x31, 0x36, 0x36, 0x20, 0x32, 0x39, 0x2e, 0x31, 0x32, 0x34
  .byte 0x33, 0x20, 0x32, 0x30, 0x2e, 0x39, 0x39, 0x33, 0x33, 0x20, 0x32, 0x38, 0x2e, 0x34, 0x34, 0x37
  .byte 0x33, 0x43, 0x32, 0x31, 0x2e, 0x31, 0x34, 0x35, 0x32, 0x20, 0x32, 0x38, 0x2e, 0x33, 0x34, 0x32
  .byte 0x20, 0x32, 0x31, 0x2e, 0x32, 0x36, 0x35, 0x38, 0x20, 0x32, 0x38, 0x2e, 0x32, 0x33, 0x38, 0x37
  .byte 0x20, 0x32, 0x31, 0x2e, 0x33, 0x38, 0x30, 0x31, 0x20, 0x32, 0x38, 0x2e, 0x31, 0x34, 0x30, 0x37
  .byte 0x43, 0x32, 0x31, 0x2e, 0x34, 0x39, 0x31, 0x36, 0x20, 0x32, 0x38, 0x2e, 0x30, 0x34, 0x34, 0x39
  .byte 0x20, 0x32, 0x31, 0x2e, 0x36, 0x30, 0x33, 0x37, 0x20, 0x32, 0x37, 0x2e, 0x39, 0x34, 0x38, 0x33
  .byte 0x20, 0x32, 0x31, 0x2e, 0x37, 0x32, 0x37, 0x37, 0x20, 0x32, 0x37, 0x2e, 0x38, 0x37, 0x33, 0x31
  .byte 0x43, 0x32, 0x31, 0x2e, 0x39, 0x39, 0x34, 0x38, 0x20, 0x32, 0x37, 0x2e, 0x37, 0x31, 0x31, 0x31
  .byte 0x20, 0x32, 0x32, 0x2e, 0x32, 0x39, 0x36, 0x35, 0x20, 0x32, 0x37, 0x2e, 0x36, 0x36, 0x30, 0x31
  .byte 0x20, 0x32, 0x32, 0x2e, 0x37, 0x38, 0x32, 0x34, 0x20, 0x32, 0x37, 0x2e, 0x37, 0x36, 0x36, 0x36
  .byte 0x43, 0x32, 0x34, 0x2e, 0x30, 0x30, 0x35, 0x35, 0x20, 0x32, 0x38, 0x2e, 0x30, 0x33, 0x34, 0x38
  .byte 0x20, 0x32, 0x35, 0x2e, 0x30, 0x37, 0x31, 0x37, 0x20, 0x32, 0x37, 0x2e, 0x37, 0x34, 0x39, 0x32
  .byte 0x20, 0x32, 0x35, 0x2e, 0x38, 0x32, 0x32, 0x34, 0x20, 0x32, 0x37, 0x2e, 0x31, 0x30, 0x38, 0x34
  .byte 0x43, 0x32, 0x36, 0x2e, 0x35, 0x37, 0x34, 0x31, 0x20, 0x32, 0x36, 0x2e, 0x34, 0x36, 0x36, 0x37
  .byte 0x20, 0x32, 0x37, 0x2e, 0x30, 0x32, 0x35, 0x20, 0x32, 0x35, 0x2e, 0x34, 0x35, 0x34, 0x38, 0x20
  .byte 0x32, 0x36, 0x2e, 0x39, 0x38, 0x39, 0x34, 0x20, 0x32, 0x34, 0x2e, 0x32, 0x34, 0x32, 0x32, 0x56
  .byte 0x32, 0x34, 0x2e, 0x32, 0x33, 0x30, 0x35, 0x4c, 0x32, 0x36, 0x2e, 0x39, 0x39, 0x30, 0x34, 0x20
  .byte 0x32, 0x34, 0x2e, 0x32, 0x31, 0x37, 0x38, 0x43, 0x32, 0x37, 0x2e, 0x30, 0x30, 0x39, 0x32, 0x20
  .byte 0x32, 0x34, 0x2e, 0x30, 0x35, 0x30, 0x33, 0x20, 0x32, 0x37, 0x2e, 0x30, 0x39, 0x36, 0x20, 0x32
  .byte 0x33, 0x2e, 0x39, 0x31, 0x38, 0x32, 0x20, 0x32, 0x37, 0x2e, 0x32, 0x30, 0x32, 0x33, 0x20, 0x32
  .byte 0x33, 0x2e, 0x38, 0x31, 0x35, 0x35, 0x43, 0x32, 0x37, 0x2e, 0x33, 0x30, 0x37, 0x20, 0x32, 0x33
  .byte 0x2e, 0x37, 0x31, 0x34, 0x33, 0x20, 0x32, 0x37, 0x2e, 0x34, 0x33, 0x38, 0x34, 0x20, 0x32, 0x33
  .byte 0x2e, 0x36, 0x33, 0x33, 0x39, 0x20, 0x32, 0x37, 0x2e, 0x35, 0x36, 0x35, 0x36, 0x20, 0x32, 0x33
  .byte 0x2e, 0x35, 0x36, 0x37, 0x34, 0x43, 0x32, 0x37, 0x2e, 0x36, 0x39, 0x32, 0x20, 0x32, 0x33, 0x2e
  .byte 0x35, 0x30, 0x31, 0x33, 0x20, 0x32, 0x37, 0x2e, 0x38, 0x32, 0x39, 0x35, 0x20, 0x32, 0x33, 0x2e
  .byte 0x34, 0x34, 0x31, 0x20, 0x32, 0x37, 0x2e, 0x39, 0x34, 0x31, 0x36, 0x20, 0x32, 0x33, 0x2e, 0x33
  .byte 0x38, 0x38, 0x37, 0x43, 0x32, 0x38, 0x2e, 0x30, 0x36, 0x30, 0x35, 0x20, 0x32, 0x33, 0x2e, 0x33
  .byte 0x33, 0x33, 0x31, 0x20, 0x32, 0x38, 0x2e, 0x31, 0x35, 0x30, 0x31, 0x20, 0x32, 0x33, 0x2e, 0x32
  .byte 0x38, 0x37, 0x35, 0x20, 0x32, 0x38, 0x2e, 0x32, 0x30, 0x37, 0x32, 0x20, 0x32, 0x33, 0x2e, 0x32
  .byte 0x34, 0x33, 0x32, 0x43, 0x32, 0x39, 0x2e, 0x30, 0x38, 0x39, 0x20, 0x32, 0x32, 0x2e, 0x35, 0x35
  .byte 0x38, 0x32, 0x20, 0x32, 0x39, 0x2e, 0x35, 0x32, 0x30, 0x33, 0x20, 0x32, 0x31, 0x2e, 0x37, 0x32
  .byte 0x30, 0x38, 0x20, 0x32, 0x39, 0x2e, 0x35, 0x39, 0x33, 0x39, 0x20, 0x32, 0x30, 0x2e, 0x38, 0x34
  .byte 0x32, 0x38, 0x43, 0x32, 0x39, 0x2e, 0x36, 0x36, 0x37, 0x38, 0x20, 0x31, 0x39, 0x2e, 0x39, 0x36
  .byte 0x30, 0x36, 0x20, 0x32, 0x39, 0x2e, 0x33, 0x38, 0x31, 0x32, 0x20, 0x31, 0x39, 0x2e, 0x30, 0x31
  .byte 0x38, 0x33, 0x20, 0x32, 0x38, 0x2e, 0x37, 0x39, 0x34, 0x31, 0x20, 0x31, 0x38, 0x2e, 0x31, 0x32
  .byte 0x38, 0x39, 0x4c, 0x32, 0x38, 0x2e, 0x37, 0x34, 0x35, 0x33, 0x20, 0x31, 0x38, 0x2e, 0x30, 0x35
  .byte 0x34, 0x37, 0x4c, 0x32, 0x38, 0x2e, 0x37, 0x37, 0x36, 0x35, 0x20, 0x31, 0x37, 0x2e, 0x39, 0x37
  .byte 0x31, 0x37, 0x43, 0x32, 0x39, 0x2e, 0x30, 0x35, 0x30, 0x33, 0x20, 0x31, 0x37, 0x2e, 0x32, 0x35
  .byte 0x34, 0x37, 0x20, 0x32, 0x39, 0x2e, 0x32, 0x31, 0x38, 0x38, 0x20, 0x31, 0x36, 0x2e, 0x39, 0x31
  .byte 0x30, 0x39, 0x20, 0x32, 0x39, 0x2e, 0x33, 0x32, 0x33, 0x34, 0x20, 0x31, 0x36, 0x2e, 0x31, 0x39
  .byte 0x32, 0x34, 0x43, 0x32, 0x39, 0x2e, 0x33, 0x39, 0x35, 0x20, 0x31, 0x35, 0x2e, 0x37, 0x30, 0x30
  .byte 0x32, 0x20, 0x32, 0x39, 0x2e, 0x32, 0x32, 0x37, 0x36, 0x20, 0x31, 0x35, 0x2e, 0x32, 0x36, 0x38
  .byte 0x35, 0x20, 0x32, 0x39, 0x2e, 0x30, 0x33, 0x32, 0x34, 0x20, 0x31, 0x34, 0x2e, 0x38, 0x39, 0x39
  .byte 0x35, 0x43, 0x32, 0x38, 0x2e, 0x39, 0x38, 0x33, 0x38, 0x20, 0x31, 0x34, 0x2e, 0x38, 0x30, 0x37
  .byte 0x35, 0x20, 0x32, 0x38, 0x2e, 0x39, 0x33, 0x33, 0x37, 0x20, 0x31, 0x34, 0x2e, 0x37, 0x32, 0x30
  .byte 0x39, 0x20, 0x32, 0x38, 0x2e, 0x38, 0x38, 0x35, 0x39, 0x20, 0x31, 0x34, 0x2e, 0x36, 0x33, 0x37
  .byte 0x37, 0x43, 0x32, 0x38, 0x2e, 0x38, 0x33, 0x38, 0x37, 0x20, 0x31, 0x34, 0x2e, 0x35, 0x35, 0x35
  .byte 0x37, 0x20, 0x32, 0x38, 0x2e, 0x37, 0x39, 0x32, 0x34, 0x20, 0x31, 0x34, 0x2e, 0x34, 0x37, 0x34
  .byte 0x38, 0x20, 0x32, 0x38, 0x2e, 0x37, 0x35, 0x33, 0x31, 0x20, 0x31, 0x34, 0x2e, 0x34, 0x30, 0x30
  .byte 0x34, 0x43, 0x32, 0x38, 0x2e, 0x37, 0x31, 0x34, 0x32, 0x20, 0x31, 0x34, 0x2e, 0x33, 0x32, 0x36
  .byte 0x37, 0x20, 0x32, 0x38, 0x2e, 0x36, 0x37, 0x38, 0x31, 0x20, 0x31, 0x34, 0x2e, 0x32, 0x35, 0x32
  .byte 0x34, 0x20, 0x32, 0x38, 0x2e, 0x36, 0x35, 0x34, 0x35, 0x20, 0x31, 0x34, 0x2e, 0x31, 0x38, 0x30
  .byte 0x37, 0x43, 0x32, 0x38, 0x2e, 0x36, 0x33, 0x31, 0x32, 0x20, 0x31, 0x34, 0x2e, 0x31, 0x31, 0x30
  .byte 0x31, 0x20, 0x32, 0x38, 0x2e, 0x36, 0x31, 0x35, 0x20, 0x31, 0x34, 0x2e, 0x30, 0x32, 0x37, 0x38
  .byte 0x20, 0x32, 0x38, 0x2e, 0x36, 0x32, 0x38, 0x31, 0x20, 0x31, 0x33, 0x2e, 0x39, 0x34, 0x34, 0x34
  .byte 0x4c, 0x32, 0x38, 0x2e, 0x36, 0x33, 0x34, 0x39, 0x20, 0x31, 0x33, 0x2e, 0x39, 0x30, 0x32, 0x34
  .byte 0x4c, 0x32, 0x38, 0x2e, 0x36, 0x35, 0x39, 0x34, 0x20, 0x31, 0x33, 0x2e, 0x38, 0x36, 0x39, 0x32
  .byte 0x43, 0x32, 0x38, 0x2e, 0x37, 0x32, 0x31, 0x31, 0x20, 0x31, 0x33, 0x2e, 0x37, 0x38, 0x34, 0x38
  .byte 0x20, 0x32, 0x38, 0x2e, 0x37, 0x37, 0x31, 0x39, 0x20, 0x31, 0x33, 0x2e, 0x37, 0x31, 0x36, 0x39
  .byte 0x20, 0x32, 0x38, 0x2e, 0x38, 0x33, 0x39, 0x20, 0x31, 0x33, 0x2e, 0x36, 0x36, 0x33, 0x31, 0x43
  .byte 0x32, 0x38, 0x2e, 0x39, 0x30, 0x36, 0x20, 0x31, 0x33, 0x2e, 0x36, 0x30, 0x39, 0x35, 0x20, 0x32
  .byte 0x38, 0x2e, 0x39, 0x38, 0x32, 0x39, 0x20, 0x31, 0x33, 0x2e, 0x35, 0x37, 0x35, 0x33, 0x20, 0x32
  .byte 0x39, 0x2e, 0x30, 0x37, 0x39, 0x33, 0x20, 0x31, 0x33, 0x2e, 0x35, 0x33, 0x33, 0x32, 0x4c, 0x32
  .byte 0x39, 0x2e, 0x31, 0x30, 0x36, 0x36, 0x20, 0x31, 0x33, 0x2e, 0x35, 0x32, 0x30, 0x35, 0x4c, 0x32
  .byte 0x39, 0x2e, 0x31, 0x33, 0x36, 0x39, 0x20, 0x31, 0x33, 0x2e, 0x35, 0x31, 0x38, 0x36, 0x43, 0x32
  .byte 0x39, 0x2e, 0x35, 0x32, 0x36, 0x31, 0x20, 0x31, 0x33, 0x2e, 0x34, 0x39, 0x31, 0x38, 0x20, 0x32
  .byte 0x39, 0x2e, 0x37, 0x38, 0x30, 0x39, 0x20, 0x31, 0x33, 0x2e, 0x37, 0x30, 0x37, 0x39, 0x20, 0x32
  .byte 0x39, 0x2e, 0x39, 0x34, 0x36, 0x35, 0x20, 0x31, 0x33, 0x2e, 0x39, 0x36, 0x33, 0x39, 0x43, 0x33
  .byte 0x30, 0x2e, 0x31, 0x30, 0x36, 0x36, 0x20, 0x31, 0x34, 0x2e, 0x32, 0x31, 0x31, 0x37, 0x20, 0x33
  .byte 0x30, 0x2e, 0x32, 0x30, 0x31, 0x37, 0x20, 0x31, 0x34, 0x2e, 0x35, 0x32, 0x34, 0x37, 0x20, 0x33
  .byte 0x30, 0x2e, 0x32, 0x37, 0x34, 0x36, 0x20, 0x31, 0x34, 0x2e, 0x37, 0x34, 0x35, 0x32, 0x43, 0x33
  .byte 0x30, 0x2e, 0x36, 0x30, 0x39, 0x20, 0x31, 0x35, 0x2e, 0x37, 0x35, 0x37, 0x34, 0x20, 0x33, 0x30
  .byte 0x2e, 0x35, 0x34, 0x36, 0x20, 0x31, 0x36, 0x2e, 0x39, 0x32, 0x39, 0x37, 0x20, 0x33, 0x30, 0x2e
  .byte 0x30, 0x36, 0x37, 0x36, 0x20, 0x31, 0x37, 0x2e, 0x38, 0x39, 0x33, 0x36, 0x43, 0x33, 0x30, 0x2e
  .byte 0x30, 0x39, 0x34, 0x20, 0x31, 0x37, 0x2e, 0x39, 0x33, 0x37, 0x35, 0x20, 0x33, 0x30, 0x2e, 0x31
  .byte 0x32, 0x30, 0x39, 0x20, 0x31, 0x37, 0x2e, 0x39, 0x38, 0x31, 0x31, 0x20, 0x33, 0x30, 0x2e, 0x31
  .byte 0x34, 0x36, 0x37, 0x20, 0x31, 0x38, 0x2e, 0x30, 0x32, 0x35, 0x34, 0x43, 0x33, 0x30, 0x2e, 0x37
  .byte 0x39, 0x37, 0x20, 0x31, 0x39, 0x2e, 0x31, 0x32, 0x30, 0x34, 0x20, 0x33, 0x30, 0x2e, 0x39, 0x37
  .byte 0x33, 0x33, 0x20, 0x32, 0x30, 0x2e, 0x34, 0x32, 0x38, 0x32, 0x20, 0x33, 0x30, 0x2e, 0x36, 0x33
  .byte 0x35, 0x39, 0x20, 0x32, 0x31, 0x2e, 0x36, 0x35, 0x33, 0x34, 0x43, 0x33, 0x30, 0x2e, 0x34, 0x31
  .byte 0x38, 0x32, 0x20, 0x32, 0x32, 0x2e, 0x34, 0x33, 0x37, 0x38, 0x20, 0x33, 0x30, 0x2e, 0x31, 0x30
  .byte 0x39, 0x20, 0x32, 0x33, 0x2e, 0x30, 0x31, 0x37, 0x36, 0x20, 0x32, 0x39, 0x2e, 0x36, 0x37, 0x36
  .byte 0x20, 0x32, 0x33, 0x2e, 0x34, 0x39, 0x37, 0x31, 0x43, 0x32, 0x39, 0x2e, 0x32, 0x36, 0x33, 0x33
  .byte 0x20, 0x32, 0x33, 0x2e, 0x39, 0x35, 0x33, 0x39, 0x20, 0x32, 0x38, 0x2e, 0x37, 0x34, 0x34, 0x35
  .byte 0x20, 0x32, 0x34, 0x2e, 0x33, 0x30, 0x39, 0x39, 0x20, 0x32, 0x38, 0x2e, 0x31, 0x31, 0x30, 0x35
  .byte 0x20, 0x32, 0x34, 0x2e, 0x36, 0x37, 0x43, 0x32, 0x38, 0x2e, 0x30, 0x39, 0x37, 0x38, 0x20, 0x32
  .byte 0x34, 0x2e, 0x39, 0x32, 0x34, 0x35, 0x20, 0x32, 0x38, 0x2e, 0x31, 0x30, 0x32, 0x32, 0x20, 0x32
  .byte 0x35, 0x2e, 0x31, 0x38, 0x31, 0x33, 0x20, 0x32, 0x38, 0x2e, 0x31, 0x30, 0x35, 0x36, 0x20, 0x32
  .byte 0x35, 0x2e, 0x34, 0x34, 0x35, 0x33, 0x43, 0x32, 0x38, 0x2e, 0x34, 0x31, 0x39, 0x31, 0x20, 0x32
  .byte 0x35, 0x2e, 0x37, 0x34, 0x33, 0x33, 0x20, 0x32, 0x38, 0x2e, 0x36, 0x36, 0x35, 0x37, 0x20, 0x32
  .byte 0x35, 0x2e, 0x38, 0x36, 0x32, 0x34, 0x20, 0x32, 0x39, 0x2e, 0x30, 0x38, 0x36, 0x31, 0x20, 0x32
  .byte 0x36, 0x2e, 0x30, 0x35, 0x37, 0x37, 0x43, 0x32, 0x39, 0x2e, 0x36, 0x33, 0x39, 0x35, 0x20, 0x32
  .byte 0x36, 0x2e, 0x32, 0x39, 0x35, 0x32, 0x20, 0x33, 0x30, 0x2e, 0x31, 0x30, 0x37, 0x32, 0x20, 0x32
  .byte 0x36, 0x2e, 0x33, 0x38, 0x34, 0x38, 0x20, 0x33, 0x30, 0x2e, 0x37, 0x30, 0x38, 0x32, 0x20, 0x32
  .byte 0x36, 0x2e, 0x33, 0x35, 0x39, 0x34, 0x48, 0x33, 0x30, 0x2e, 0x37, 0x30, 0x39, 0x32, 0x43, 0x33
  .byte 0x31, 0x2e, 0x35, 0x33, 0x36, 0x36, 0x20, 0x32, 0x36, 0x2e, 0x33, 0x32, 0x37, 0x31, 0x20, 0x33
  .byte 0x32, 0x2e, 0x33, 0x31, 0x35, 0x39, 0x20, 0x32, 0x35, 0x2e, 0x39, 0x36, 0x39, 0x33, 0x20, 0x33
  .byte 0x32, 0x2e, 0x38, 0x37, 0x34, 0x32, 0x20, 0x32, 0x35, 0x2e, 0x33, 0x36, 0x37, 0x32, 0x43, 0x33
  .byte 0x33, 0x2e, 0x35, 0x33, 0x34, 0x37, 0x20, 0x32, 0x34, 0x2e, 0x36, 0x34, 0x31, 0x33, 0x20, 0x33
  .byte 0x33, 0x2e, 0x37, 0x32, 0x33, 0x31, 0x20, 0x32, 0x33, 0x2e, 0x37, 0x37, 0x35, 0x20, 0x33, 0x33
  .byte 0x2e, 0x36, 0x37, 0x34, 0x20, 0x32, 0x32, 0x2e, 0x38, 0x30, 0x36, 0x37, 0x4c, 0x33, 0x33, 0x2e
  .byte 0x36, 0x36, 0x38, 0x31, 0x20, 0x32, 0x32, 0x2e, 0x36, 0x39, 0x32, 0x34, 0x4c, 0x33, 0x33, 0x2e
  .byte 0x37, 0x37, 0x30, 0x37, 0x20, 0x32, 0x32, 0x2e, 0x36, 0x34, 0x32, 0x36, 0x43, 0x33, 0x36, 0x2e
  .byte 0x34, 0x36, 0x36, 0x36, 0x20, 0x32, 0x31, 0x2e, 0x33, 0x31, 0x35, 0x37, 0x20, 0x33, 0x37, 0x2e
  .byte 0x32, 0x33, 0x31, 0x32, 0x20, 0x31, 0x38, 0x2e, 0x31, 0x32, 0x37, 0x35, 0x20, 0x33, 0x35, 0x2e
  .byte 0x32, 0x31, 0x31, 0x31, 0x20, 0x31, 0x35, 0x2e, 0x38, 0x33, 0x38, 0x39, 0x43, 0x33, 0x35, 0x2e
  .byte 0x31, 0x37, 0x36, 0x36, 0x20, 0x31, 0x35, 0x2e, 0x37, 0x39, 0x39, 0x39, 0x20, 0x33, 0x35, 0x2e
  .byte 0x30, 0x38, 0x35, 0x31, 0x20, 0x31, 0x35, 0x2e, 0x37, 0x32, 0x35, 0x38, 0x20, 0x33, 0x34, 0x2e
  .byte 0x39, 0x34, 0x37, 0x34, 0x20, 0x31, 0x35, 0x2e, 0x36, 0x32, 0x34, 0x31, 0x43, 0x33, 0x34, 0x2e
  .byte 0x38, 0x31, 0x34, 0x39, 0x20, 0x31, 0x35, 0x2e, 0x35, 0x32, 0x36, 0x31, 0x20, 0x33, 0x34, 0x2e
  .byte 0x36, 0x35, 0x36, 0x34, 0x20, 0x31, 0x35, 0x2e, 0x34, 0x31, 0x34, 0x39, 0x20, 0x33, 0x34, 0x2e
  .byte 0x34, 0x39, 0x39, 0x32, 0x20, 0x31, 0x35, 0x2e, 0x33, 0x30, 0x32, 0x38, 0x43, 0x33, 0x34, 0x2e
  .byte 0x33, 0x34, 0x33, 0x39, 0x20, 0x31, 0x35, 0x2e, 0x31, 0x39, 0x32, 0x20, 0x33, 0x34, 0x2e, 0x31
  .byte 0x38, 0x39, 0x33, 0x20, 0x31, 0x35, 0x2e, 0x30, 0x38, 0x30, 0x31, 0x20, 0x33, 0x34, 0x2e, 0x30
  .byte 0x37, 0x31, 0x35, 0x20, 0x31, 0x34, 0x2e, 0x39, 0x38, 0x35, 0x34, 0x43, 0x33, 0x34, 0x2e, 0x30
  .byte 0x31, 0x32, 0x39, 0x20, 0x31, 0x34, 0x2e, 0x39, 0x33, 0x38, 0x33, 0x20, 0x33, 0x33, 0x2e, 0x39
  .byte 0x35, 0x39, 0x33, 0x20, 0x31, 0x34, 0x2e, 0x38, 0x39, 0x32, 0x32, 0x20, 0x33, 0x33, 0x2e, 0x39
  .byte 0x31, 0x38, 0x31, 0x20, 0x31, 0x34, 0x2e, 0x38, 0x35, 0x30, 0x36, 0x43, 0x33, 0x33, 0x2e, 0x38
  .byte 0x39, 0x37, 0x37, 0x20, 0x31, 0x34, 0x2e, 0x38, 0x32, 0x39, 0x39, 0x20, 0x33, 0x33, 0x2e, 0x38
  .byte 0x37, 0x37, 0x37, 0x20, 0x31, 0x34, 0x2e, 0x38, 0x30, 0x36, 0x39, 0x20, 0x33, 0x33, 0x2e, 0x38
  .byte 0x36, 0x30, 0x35, 0x20, 0x31, 0x34, 0x2e, 0x37, 0x38, 0x33, 0x32, 0x43, 0x33, 0x33, 0x2e, 0x38
  .byte 0x34, 0x35, 0x37, 0x20, 0x31, 0x34, 0x2e, 0x37, 0x36, 0x32, 0x38, 0x20, 0x33, 0x33, 0x2e, 0x38
  .byte 0x32, 0x31, 0x39, 0x20, 0x31, 0x34, 0x2e, 0x37, 0x32, 0x35, 0x39, 0x20, 0x33, 0x33, 0x2e, 0x38
  .byte 0x31, 0x32, 0x37, 0x20, 0x31, 0x34, 0x2e, 0x36, 0x37, 0x38, 0x37, 0x43, 0x33, 0x33, 0x2e, 0x37
  .byte 0x33, 0x30, 0x39, 0x20, 0x31, 0x34, 0x2e, 0x32, 0x35, 0x38, 0x39, 0x20, 0x33, 0x33, 0x2e, 0x37
  .byte 0x35, 0x35, 0x35, 0x20, 0x31, 0x33, 0x2e, 0x38, 0x31, 0x34, 0x32, 0x20, 0x33, 0x33, 0x2e, 0x37
  .byte 0x34, 0x36, 0x33, 0x20, 0x31, 0x33, 0x2e, 0x34, 0x31, 0x39, 0x43, 0x33, 0x33, 0x2e, 0x37, 0x33
  .byte 0x36, 0x37, 0x20, 0x31, 0x33, 0x2e, 0x30, 0x31, 0x32, 0x20, 0x33, 0x33, 0x2e, 0x36, 0x39, 0x33
  .byte 0x37, 0x20, 0x31, 0x32, 0x2e, 0x36, 0x33, 0x30, 0x32, 0x20, 0x33, 0x33, 0x2e, 0x34, 0x39, 0x37
  .byte 0x32, 0x20, 0x31, 0x32, 0x2e, 0x32, 0x36, 0x37, 0x36, 0x4c, 0x33, 0x33, 0x2e, 0x34, 0x39, 0x31
  .byte 0x34, 0x20, 0x31, 0x32, 0x2e, 0x32, 0x35, 0x37, 0x38, 0x43, 0x33, 0x33, 0x2e, 0x31, 0x30, 0x35
  .byte 0x32, 0x20, 0x31, 0x31, 0x2e, 0x34, 0x31, 0x37, 0x20, 0x33, 0x32, 0x2e, 0x36, 0x36, 0x36, 0x34
  .byte 0x20, 0x31, 0x31, 0x2e, 0x30, 0x31, 0x36, 0x20, 0x33, 0x32, 0x2e, 0x31, 0x35, 0x31, 0x35, 0x20
  .byte 0x31, 0x30, 0x2e, 0x37, 0x34, 0x38, 0x31, 0x43, 0x33, 0x31, 0x2e, 0x38, 0x38, 0x38, 0x37, 0x20
  .byte 0x31, 0x30, 0x2e, 0x36, 0x31, 0x31, 0x33, 0x20, 0x33, 0x31, 0x2e, 0x36, 0x30, 0x32, 0x34, 0x20
  .byte 0x31, 0x30, 0x2e, 0x35, 0x30, 0x37, 0x35, 0x20, 0x33, 0x31, 0x2e, 0x32, 0x38, 0x31, 0x34, 0x20
  .byte 0x31, 0x30, 0x2e, 0x33, 0x39, 0x38, 0x35, 0x43, 0x33, 0x30, 0x2e, 0x39, 0x36, 0x33, 0x31, 0x20
  .byte 0x31, 0x30, 0x2e, 0x32, 0x39, 0x30, 0x33, 0x20, 0x33, 0x30, 0x2e, 0x36, 0x31, 0x30, 0x36, 0x20
  .byte 0x31, 0x30, 0x2e, 0x31, 0x37, 0x36, 0x38, 0x20, 0x33, 0x30, 0x2e, 0x32, 0x33, 0x31, 0x36, 0x20
  .byte 0x31, 0x30, 0x2e, 0x30, 0x32, 0x34, 0x35, 0x4c, 0x33, 0x30, 0x2e, 0x31, 0x38, 0x35, 0x37, 0x20
  .byte 0x31, 0x30, 0x2e, 0x30, 0x30, 0x35, 0x39, 0x4c, 0x33, 0x30, 0x2e, 0x31, 0x35, 0x36, 0x34, 0x20
  .byte 0x39, 0x2e, 0x39, 0x36, 0x36, 0x38, 0x33, 0x43, 0x33, 0x30, 0x2e, 0x30, 0x37, 0x33, 0x33, 0x20
  .byte 0x39, 0x2e, 0x38, 0x35, 0x33, 0x36, 0x34, 0x20, 0x33, 0x30, 0x2e, 0x30, 0x32, 0x36, 0x39, 0x20
  .byte 0x39, 0x2e, 0x37, 0x33, 0x38, 0x33, 0x36, 0x20, 0x33, 0x30, 0x2e, 0x30, 0x34, 0x30, 0x32, 0x20
  .byte 0x39, 0x2e, 0x36, 0x31, 0x30, 0x33, 0x39, 0x43, 0x33, 0x30, 0x2e, 0x30, 0x35, 0x32, 0x31, 0x20
  .byte 0x39, 0x2e, 0x34, 0x39, 0x36, 0x38, 0x20, 0x33, 0x30, 0x2e, 0x31, 0x31, 0x30, 0x36, 0x20, 0x39
  .byte 0x2e, 0x33, 0x39, 0x36, 0x36, 0x38, 0x20, 0x33, 0x30, 0x2e, 0x31, 0x35, 0x38, 0x34, 0x20, 0x39
  .byte 0x2e, 0x33, 0x31, 0x35, 0x34, 0x37, 0x4c, 0x33, 0x30, 0x2e, 0x31, 0x37, 0x37, 0x39, 0x20, 0x39
  .byte 0x2e, 0x32, 0x38, 0x31, 0x32, 0x39, 0x4c, 0x33, 0x30, 0x2e, 0x32, 0x31, 0x31, 0x31, 0x20, 0x39
  .byte 0x2e, 0x32, 0x35, 0x39, 0x38, 0x43, 0x33, 0x30, 0x2e, 0x34, 0x35, 0x35, 0x35, 0x20, 0x39, 0x2e
  .byte 0x30, 0x39, 0x34, 0x34, 0x34, 0x20, 0x33, 0x30, 0x2e, 0x37, 0x34, 0x35, 0x34, 0x20, 0x39, 0x2e
  .byte 0x30, 0x37, 0x30, 0x38, 0x36, 0x20, 0x33, 0x31, 0x2e, 0x30, 0x30, 0x31, 0x31, 0x20, 0x39, 0x2e
  .byte 0x31, 0x30, 0x36, 0x34, 0x38, 0x43, 0x33, 0x33, 0x2e, 0x36, 0x35, 0x32, 0x34, 0x20, 0x39, 0x2e
  .byte 0x34, 0x37, 0x35, 0x39, 0x20, 0x33, 0x35, 0x2e, 0x31, 0x34, 0x32, 0x37, 0x20, 0x31, 0x31, 0x2e
  .byte 0x37, 0x32, 0x34, 0x31, 0x20, 0x33, 0x34, 0x2e, 0x39, 0x38, 0x30, 0x36, 0x20, 0x31, 0x34, 0x2e
  .byte 0x31, 0x38, 0x36, 0x36, 0x43, 0x33, 0x36, 0x2e, 0x35, 0x33, 0x39, 0x38, 0x20, 0x31, 0x35, 0x2e
  .byte 0x30, 0x33, 0x38, 0x38, 0x20, 0x33, 0x37, 0x2e, 0x33, 0x38, 0x31, 0x34, 0x20, 0x31, 0x36, 0x2e
  .byte 0x36, 0x33, 0x38, 0x32, 0x20, 0x33, 0x37, 0x2e, 0x35, 0x30, 0x34, 0x31, 0x20, 0x31, 0x38, 0x2e
  .byte 0x32, 0x39, 0x30, 0x31, 0x43, 0x33, 0x37, 0x2e, 0x36, 0x32, 0x39, 0x32, 0x20, 0x31, 0x39, 0x2e
  .byte 0x39, 0x37, 0x36, 0x32, 0x20, 0x33, 0x37, 0x2e, 0x30, 0x30, 0x38, 0x33, 0x20, 0x32, 0x31, 0x2e
  .byte 0x37, 0x33, 0x38, 0x35, 0x20, 0x33, 0x35, 0x2e, 0x36, 0x31, 0x33, 0x35, 0x20, 0x32, 0x32, 0x2e
  .byte 0x38, 0x34, 0x31, 0x38, 0x43, 0x33, 0x35, 0x2e, 0x33, 0x37, 0x30, 0x32, 0x20, 0x32, 0x33, 0x2e
  .byte 0x30, 0x33, 0x34, 0x32, 0x20, 0x33, 0x35, 0x2e, 0x31, 0x34, 0x33, 0x31, 0x20, 0x32, 0x33, 0x2e
  .byte 0x31, 0x39, 0x32, 0x37, 0x20, 0x33, 0x34, 0x2e, 0x38, 0x38, 0x39, 0x38, 0x20, 0x32, 0x33, 0x2e
  .byte 0x33, 0x36, 0x30, 0x34, 0x43, 0x33, 0x34, 0x2e, 0x37, 0x34, 0x31, 0x20, 0x32, 0x34, 0x2e, 0x32
  .byte 0x33, 0x38, 0x20, 0x33, 0x34, 0x2e, 0x36, 0x31, 0x36, 0x37, 0x20, 0x32, 0x35, 0x2e, 0x30, 0x34
  .byte 0x32, 0x31, 0x20, 0x33, 0x34, 0x2e, 0x30, 0x33, 0x33, 0x34, 0x20, 0x32, 0x35, 0x2e, 0x38, 0x33
  .byte 0x33, 0x43, 0x33, 0x33, 0x2e, 0x30, 0x34, 0x32, 0x37, 0x20, 0x32, 0x37, 0x2e, 0x31, 0x37, 0x35
  .byte 0x39, 0x20, 0x33, 0x31, 0x2e, 0x33, 0x35, 0x32, 0x39, 0x20, 0x32, 0x37, 0x2e, 0x37, 0x31, 0x32
  .byte 0x36, 0x20, 0x32, 0x39, 0x2e, 0x37, 0x34, 0x37, 0x32, 0x20, 0x32, 0x37, 0x2e, 0x34, 0x35, 0x39
  .byte 0x43, 0x32, 0x38, 0x2e, 0x39, 0x34, 0x39, 0x31, 0x20, 0x32, 0x37, 0x2e, 0x33, 0x33, 0x33, 0x20
  .byte 0x32, 0x38, 0x2e, 0x33, 0x32, 0x31, 0x20, 0x32, 0x37, 0x2e, 0x30, 0x35, 0x35, 0x20, 0x32, 0x37
  .byte 0x2e, 0x36, 0x38, 0x34, 0x37, 0x20, 0x32, 0x36, 0x2e, 0x36, 0x32, 0x30, 0x32, 0x43, 0x32, 0x37
  .byte 0x2e, 0x31, 0x32, 0x35, 0x36, 0x20, 0x32, 0x37, 0x2e, 0x36, 0x34, 0x34, 0x33, 0x20, 0x32, 0x36
  .byte 0x2e, 0x33, 0x37, 0x39, 0x34, 0x20, 0x32, 0x38, 0x2e, 0x33, 0x32, 0x39, 0x32, 0x20, 0x32, 0x35
  .byte 0x2e, 0x34, 0x38, 0x30, 0x36, 0x20, 0x32, 0x38, 0x2e, 0x37, 0x30, 0x33, 0x32, 0x43, 0x32, 0x34
  .byte 0x2e, 0x35, 0x35, 0x37, 0x31, 0x20, 0x32, 0x39, 0x2e, 0x30, 0x38, 0x37, 0x33, 0x20, 0x32, 0x33
  .byte 0x2e, 0x34, 0x39, 0x30, 0x37, 0x20, 0x32, 0x39, 0x2e, 0x31, 0x33, 0x34, 0x38, 0x20, 0x32, 0x32
  .byte 0x2e, 0x33, 0x33, 0x33, 0x32, 0x20, 0x32, 0x38, 0x2e, 0x39, 0x31, 0x34, 0x31, 0x43, 0x32, 0x32
  .byte 0x2e, 0x30, 0x39, 0x37, 0x34, 0x20, 0x32, 0x39, 0x2e, 0x31, 0x33, 0x30, 0x34, 0x20, 0x32, 0x31
  .byte 0x2e, 0x38, 0x34, 0x34, 0x31, 0x20, 0x32, 0x39, 0x2e, 0x33, 0x31, 0x31, 0x34, 0x20, 0x32, 0x31
  .byte 0x2e, 0x35, 0x37, 0x36, 0x33, 0x20, 0x32, 0x39, 0x2e, 0x34, 0x37, 0x35, 0x36, 0x56, 0x32, 0x39
  .byte 0x2e, 0x34, 0x37, 0x36, 0x36, 0x43, 0x32, 0x30, 0x2e, 0x32, 0x36, 0x36, 0x38, 0x20, 0x33, 0x30
  .byte 0x2e, 0x32, 0x37, 0x35, 0x36, 0x20, 0x31, 0x38, 0x2e, 0x37, 0x30, 0x34, 0x39, 0x20, 0x33, 0x30
  .byte 0x2e, 0x35, 0x35, 0x39, 0x37, 0x20, 0x31, 0x37, 0x2e, 0x31, 0x39, 0x39, 0x34, 0x20, 0x33, 0x30
  .byte 0x2e, 0x32, 0x38, 0x30, 0x33, 0x4c, 0x31, 0x36, 0x2e, 0x38, 0x39, 0x39, 0x36, 0x20, 0x33, 0x30
  .byte 0x2e, 0x32, 0x31, 0x36, 0x38, 0x43, 0x31, 0x36, 0x2e, 0x33, 0x30, 0x36, 0x35, 0x20, 0x33, 0x30
  .byte 0x2e, 0x30, 0x37, 0x38, 0x37, 0x20, 0x31, 0x35, 0x2e, 0x36, 0x32, 0x31, 0x38, 0x20, 0x32, 0x39
  .byte 0x2e, 0x37, 0x38, 0x33, 0x31, 0x20, 0x31, 0x35, 0x2e, 0x30, 0x30, 0x37, 0x20, 0x32, 0x39, 0x2e
  .byte 0x33, 0x39, 0x38, 0x35, 0x43, 0x31, 0x34, 0x2e, 0x34, 0x32, 0x33, 0x34, 0x20, 0x32, 0x39, 0x2e
  .byte 0x30, 0x33, 0x33, 0x33, 0x20, 0x31, 0x33, 0x2e, 0x38, 0x39, 0x20, 0x32, 0x38, 0x2e, 0x35, 0x37
  .byte 0x37, 0x31, 0x20, 0x31, 0x33, 0x2e, 0x35, 0x35, 0x36, 0x38, 0x20, 0x32, 0x38, 0x2e, 0x30, 0x38
  .byte 0x35, 0x43, 0x31, 0x32, 0x2e, 0x36, 0x30, 0x35, 0x20, 0x32, 0x38, 0x2e, 0x30, 0x32, 0x30, 0x34
  .byte 0x20, 0x31, 0x31, 0x2e, 0x37, 0x35, 0x31, 0x39, 0x20, 0x32, 0x37, 0x2e, 0x38, 0x35, 0x31, 0x32
  .byte 0x20, 0x31, 0x31, 0x2e, 0x30, 0x30, 0x35, 0x31, 0x20, 0x32, 0x37, 0x2e, 0x34, 0x37, 0x39, 0x35
  .byte 0x43, 0x31, 0x30, 0x2e, 0x32, 0x37, 0x35, 0x38, 0x20, 0x32, 0x37, 0x2e, 0x31, 0x31, 0x36, 0x36
  .byte 0x20, 0x39, 0x2e, 0x36, 0x35, 0x39, 0x33, 0x20, 0x32, 0x36, 0x2e, 0x35, 0x36, 0x34, 0x34, 0x20
  .byte 0x39, 0x2e, 0x31, 0x34, 0x39, 0x35, 0x38, 0x20, 0x32, 0x35, 0x2e, 0x37, 0x35, 0x31, 0x43, 0x38
  .byte 0x2e, 0x30, 0x33, 0x36, 0x34, 0x36, 0x20, 0x32, 0x36, 0x2e, 0x33, 0x38, 0x33, 0x39, 0x20, 0x36
  .byte 0x2e, 0x38, 0x34, 0x36, 0x32, 0x31, 0x20, 0x32, 0x36, 0x2e, 0x35, 0x36, 0x38, 0x33, 0x20, 0x35
  .byte 0x2e, 0x38, 0x31, 0x38, 0x35, 0x33, 0x20, 0x32, 0x36, 0x2e, 0x32, 0x35, 0x37, 0x38, 0x43, 0x34
  .byte 0x2e, 0x37, 0x36, 0x31, 0x35, 0x31, 0x20, 0x32, 0x35, 0x2e, 0x39, 0x33, 0x38, 0x35, 0x20, 0x33
  .byte 0x2e, 0x39, 0x30, 0x34, 0x37, 0x20, 0x32, 0x35, 0x2e, 0x31, 0x30, 0x34, 0x33, 0x20, 0x33, 0x2e
  .byte 0x34, 0x39, 0x34, 0x33, 0x31, 0x20, 0x32, 0x33, 0x2e, 0x37, 0x36, 0x34, 0x37, 0x43, 0x32, 0x2e
  .byte 0x33, 0x35, 0x36, 0x35, 0x33, 0x20, 0x32, 0x33, 0x2e, 0x33, 0x33, 0x34, 0x33, 0x20, 0x31, 0x2e
  .byte 0x34, 0x36, 0x33, 0x33, 0x35, 0x20, 0x32, 0x32, 0x2e, 0x36, 0x35, 0x31, 0x35, 0x20, 0x30, 0x2e
  .byte 0x38, 0x39, 0x30, 0x37, 0x39, 0x36, 0x20, 0x32, 0x31, 0x2e, 0x37, 0x35, 0x38, 0x38, 0x43, 0x30
  .byte 0x2e, 0x33, 0x30, 0x34, 0x32, 0x30, 0x35, 0x20, 0x32, 0x30, 0x2e, 0x38, 0x34, 0x34, 0x32, 0x20
  .byte 0x30, 0x2e, 0x30, 0x36, 0x32, 0x30, 0x31, 0x35, 0x37, 0x20, 0x31, 0x39, 0x2e, 0x37, 0x32, 0x32
  .byte 0x38, 0x20, 0x30, 0x2e, 0x32, 0x32, 0x31, 0x38, 0x35, 0x20, 0x31, 0x38, 0x2e, 0x34, 0x35, 0x38
  .byte 0x43, 0x30, 0x2e, 0x34, 0x30, 0x39, 0x36, 0x36, 0x37, 0x20, 0x31, 0x36, 0x2e, 0x39, 0x37, 0x33
  .byte 0x20, 0x31, 0x2e, 0x31, 0x35, 0x36, 0x36, 0x20, 0x31, 0x35, 0x2e, 0x39, 0x39, 0x37, 0x38, 0x20
  .byte 0x32, 0x2e, 0x33, 0x30, 0x31, 0x39, 0x33, 0x20, 0x31, 0x35, 0x2e, 0x31, 0x32, 0x38, 0x43, 0x32
  .byte 0x2e, 0x33, 0x30, 0x30, 0x31, 0x20, 0x31, 0x35, 0x2e, 0x31, 0x31, 0x38, 0x32, 0x20, 0x32, 0x2e
  .byte 0x32, 0x39, 0x38, 0x38, 0x32, 0x20, 0x31, 0x35, 0x2e, 0x31, 0x30, 0x38, 0x34, 0x20, 0x32, 0x2e
  .byte 0x32, 0x39, 0x37, 0x30, 0x35, 0x20, 0x31, 0x35, 0x2e, 0x30, 0x39, 0x38, 0x37, 0x43, 0x31, 0x2e
  .byte 0x39, 0x38, 0x34, 0x34, 0x38, 0x20, 0x31, 0x33, 0x2e, 0x33, 0x38, 0x35, 0x35, 0x20, 0x32, 0x2e
  .byte 0x31, 0x34, 0x30, 0x38, 0x31, 0x20, 0x31, 0x31, 0x2e, 0x37, 0x33, 0x36, 0x39, 0x20, 0x32, 0x2e
  .byte 0x38, 0x36, 0x30, 0x35, 0x32, 0x20, 0x31, 0x30, 0x2e, 0x34, 0x32, 0x39, 0x37, 0x43, 0x33, 0x2e
  .byte 0x35, 0x38, 0x33, 0x35, 0x32, 0x20, 0x39, 0x2e, 0x31, 0x31, 0x36, 0x38, 0x35, 0x20, 0x34, 0x2e
  .byte 0x38, 0x36, 0x34, 0x35, 0x20, 0x38, 0x2e, 0x31, 0x36, 0x37, 0x39, 0x32, 0x20, 0x36, 0x2e, 0x37
  .byte 0x35, 0x34, 0x30, 0x38, 0x20, 0x37, 0x2e, 0x38, 0x34, 0x30, 0x38, 0x36, 0x4c, 0x36, 0x2e, 0x37
  .byte 0x36, 0x31, 0x38, 0x39, 0x20, 0x37, 0x2e, 0x38, 0x33, 0x38, 0x39, 0x5a, 0x22, 0x2c, 0x0a, 0x20
  .byte 0x20, 0x70, 0x61, 0x36, 0x38, 0x35, 0x61, 0x30, 0x30, 0x3a, 0x0a, 0x20, 0x20, 0x20, 0x20, 0x22
  .byte 0x4d, 0x32, 0x33, 0x2e, 0x38, 0x32, 0x34, 0x37, 0x20, 0x32, 0x2e, 0x32, 0x31, 0x37, 0x37, 0x36
  .byte 0x43, 0x32, 0x34, 0x2e, 0x36, 0x39, 0x39, 0x38, 0x20, 0x32, 0x2e, 0x31, 0x36, 0x37, 0x37, 0x39
  .byte 0x20, 0x32, 0x35, 0x2e, 0x34, 0x35, 0x36, 0x32, 0x20, 0x32, 0x2e, 0x33, 0x31, 0x36, 0x34, 0x35
  .byte 0x20, 0x32, 0x36, 0x2e, 0x30, 0x39, 0x34, 0x32, 0x20, 0x32, 0x2e, 0x36, 0x38, 0x31, 0x36, 0x32
  .byte 0x43, 0x32, 0x36, 0x2e, 0x37, 0x31, 0x30, 0x31, 0x20, 0x33, 0x2e, 0x30, 0x33, 0x34, 0x32, 0x20
  .byte 0x32, 0x37, 0x2e, 0x32, 0x30, 0x30, 0x38, 0x20, 0x33, 0x2e, 0x35, 0x38, 0x32, 0x31, 0x35, 0x20
  .byte 0x32, 0x37, 0x2e, 0x35, 0x38, 0x34, 0x35, 0x20, 0x34, 0x2e, 0x33, 0x31, 0x38, 0x33, 0x34, 0x43
  .byte 0x32, 0x38, 0x2e, 0x34, 0x34, 0x36, 0x33, 0x20, 0x34, 0x2e, 0x34, 0x34, 0x39, 0x39, 0x34, 0x20
  .byte 0x32, 0x39, 0x2e, 0x32, 0x36, 0x35, 0x33, 0x20, 0x34, 0x2e, 0x38, 0x34, 0x34, 0x33, 0x38, 0x20
  .byte 0x32, 0x39, 0x2e, 0x38, 0x33, 0x35, 0x34, 0x20, 0x35, 0x2e, 0x34, 0x35, 0x33, 0x31, 0x31, 0x43
  .byte 0x33, 0x30, 0x2e, 0x34, 0x32, 0x38, 0x38, 0x20, 0x36, 0x2e, 0x30, 0x38, 0x36, 0x36, 0x34, 0x20
  .byte 0x33, 0x30, 0x2e, 0x37, 0x34, 0x39, 0x39, 0x20, 0x36, 0x2e, 0x39, 0x34, 0x37, 0x33, 0x39, 0x20
  .byte 0x33, 0x30, 0x2e, 0x35, 0x36, 0x36, 0x39, 0x20, 0x37, 0x2e, 0x39, 0x35, 0x36, 0x30, 0x34, 0x43
  .byte 0x33, 0x30, 0x2e, 0x35, 0x34, 0x35, 0x32, 0x20, 0x38, 0x2e, 0x30, 0x37, 0x35, 0x33, 0x38, 0x20
  .byte 0x33, 0x30, 0x2e, 0x34, 0x37, 0x34, 0x39, 0x20, 0x38, 0x2e, 0x31, 0x35, 0x37, 0x34, 0x39, 0x20
  .byte 0x33, 0x30, 0x2e, 0x34, 0x30, 0x35, 0x37, 0x20, 0x38, 0x2e, 0x32, 0x31, 0x31, 0x39, 0x43, 0x33
  .byte 0x30, 0x2e, 0x33, 0x34, 0x30, 0x36, 0x20, 0x38, 0x2e, 0x32, 0x36, 0x33, 0x30, 0x39, 0x20, 0x33
  .byte 0x30, 0x2e, 0x32, 0x36, 0x34, 0x39, 0x20, 0x38, 0x2e, 0x32, 0x39, 0x38, 0x37, 0x36, 0x20, 0x33
  .byte 0x30, 0x2e, 0x32, 0x31, 0x36, 0x33, 0x20, 0x38, 0x2e, 0x33, 0x32, 0x32, 0x32, 0x35, 0x4c, 0x33
  .byte 0x30, 0x2e, 0x31, 0x37, 0x34, 0x33, 0x20, 0x38, 0x2e, 0x33, 0x34, 0x32, 0x37, 0x36, 0x4c, 0x33
  .byte 0x30, 0x2e, 0x31, 0x32, 0x38, 0x34, 0x20, 0x38, 0x2e, 0x33, 0x33, 0x38, 0x38, 0x35, 0x43, 0x32
  .byte 0x39, 0x2e, 0x39, 0x37, 0x36, 0x36, 0x20, 0x38, 0x2e, 0x33, 0x32, 0x38, 0x30, 0x36, 0x20, 0x32
  .byte 0x39, 0x2e, 0x38, 0x34, 0x37, 0x38, 0x20, 0x38, 0x2e, 0x32, 0x39, 0x32, 0x31, 0x20, 0x32, 0x39
  .byte 0x2e, 0x37, 0x34, 0x33, 0x36, 0x20, 0x38, 0x2e, 0x32, 0x32, 0x35, 0x35, 0x37, 0x43, 0x32, 0x39
  .byte 0x2e, 0x36, 0x33, 0x37, 0x37, 0x20, 0x38, 0x2e, 0x31, 0x35, 0x37, 0x38, 0x36, 0x20, 0x32, 0x39
  .byte 0x2e, 0x35, 0x36, 0x39, 0x32, 0x20, 0x38, 0x2e, 0x30, 0x36, 0x36, 0x31, 0x37, 0x20, 0x32, 0x39
  .byte 0x2e, 0x35, 0x32, 0x34, 0x39, 0x20, 0x37, 0x2e, 0x39, 0x36, 0x35, 0x38, 0x43, 0x32, 0x39, 0x2e
  .byte 0x34, 0x38, 0x32, 0x20, 0x37, 0x2e, 0x38, 0x36, 0x38, 0x34, 0x36, 0x20, 0x32, 0x39, 0x2e, 0x34
  .byte 0x36, 0x31, 0x39, 0x20, 0x37, 0x2e, 0x37, 0x36, 0x32, 0x38, 0x32, 0x20, 0x32, 0x39, 0x2e, 0x34
  .byte 0x35, 0x30, 0x37, 0x20, 0x37, 0x2e, 0x36, 0x36, 0x34, 0x30, 0x34, 0x43, 0x32, 0x39, 0x2e, 0x34
  .byte 0x34, 0x30, 0x31, 0x20, 0x37, 0x2e, 0x35, 0x37, 0x31, 0x32, 0x31, 0x20, 0x32, 0x39, 0x2e, 0x34
  .byte 0x33, 0x34, 0x38, 0x20, 0x37, 0x2e, 0x34, 0x36, 0x39, 0x30, 0x36, 0x20, 0x32, 0x39, 0x2e, 0x34
  .byte 0x32, 0x39, 0x32, 0x20, 0x37, 0x2e, 0x33, 0x37, 0x38, 0x38, 0x39, 0x43, 0x32, 0x39, 0x2e, 0x32
  .byte 0x37, 0x38, 0x32, 0x20, 0x36, 0x2e, 0x36, 0x31, 0x35, 0x34, 0x36, 0x20, 0x32, 0x38, 0x2e, 0x39
  .byte 0x38, 0x30, 0x32, 0x20, 0x36, 0x2e, 0x31, 0x38, 0x38, 0x37, 0x20, 0x32, 0x38, 0x2e, 0x35, 0x36
  .byte 0x37, 0x39, 0x20, 0x35, 0x2e, 0x39, 0x32, 0x31, 0x38, 0x36, 0x43, 0x32, 0x38, 0x2e, 0x31, 0x34
  .byte 0x31, 0x33, 0x20, 0x35, 0x2e, 0x36, 0x34, 0x35, 0x38, 0x37, 0x20, 0x32, 0x37, 0x2e, 0x35, 0x37
  .byte 0x33, 0x31, 0x20, 0x35, 0x2e, 0x35, 0x32, 0x35, 0x33, 0x37, 0x20, 0x32, 0x36, 0x2e, 0x38, 0x34
  .byte 0x39, 0x31, 0x20, 0x35, 0x2e, 0x34, 0x32, 0x33, 0x38, 0x31, 0x4c, 0x32, 0x36, 0x2e, 0x37, 0x34
  .byte 0x39, 0x35, 0x20, 0x35, 0x2e, 0x34, 0x31, 0x30, 0x31, 0x34, 0x4c, 0x32, 0x36, 0x2e, 0x37, 0x31
  .byte 0x32, 0x34, 0x20, 0x35, 0x2e, 0x33, 0x31, 0x37, 0x33, 0x36, 0x43, 0x32, 0x36, 0x2e, 0x34, 0x33
  .byte 0x37, 0x20, 0x34, 0x2e, 0x36, 0x33, 0x39, 0x35, 0x39, 0x20, 0x32, 0x36, 0x2e, 0x30, 0x34, 0x36
  .byte 0x39, 0x20, 0x34, 0x2e, 0x30, 0x37, 0x36, 0x37, 0x35, 0x20, 0x32, 0x35, 0x2e, 0x35, 0x34, 0x38
  .byte 0x33, 0x20, 0x33, 0x2e, 0x37, 0x34, 0x31, 0x31, 0x39, 0x43, 0x32, 0x35, 0x2e, 0x30, 0x35, 0x36
  .byte 0x38, 0x20, 0x33, 0x2e, 0x34, 0x31, 0x30, 0x35, 0x32, 0x20, 0x32, 0x34, 0x2e, 0x34, 0x34, 0x34
  .byte 0x33, 0x20, 0x33, 0x2e, 0x32, 0x39, 0x30, 0x31, 0x36, 0x20, 0x32, 0x33, 0x2e, 0x36, 0x38, 0x38
  .byte 0x39, 0x20, 0x33, 0x2e, 0x35, 0x31, 0x39, 0x35, 0x31, 0x43, 0x32, 0x33, 0x2e, 0x34, 0x38, 0x34
  .byte 0x35, 0x20, 0x33, 0x2e, 0x35, 0x38, 0x31, 0x35, 0x38, 0x20, 0x32, 0x33, 0x2e, 0x31, 0x31, 0x39
  .byte 0x33, 0x20, 0x33, 0x2e, 0x36, 0x36, 0x39, 0x30, 0x36, 0x20, 0x32, 0x32, 0x2e, 0x38, 0x32, 0x39
  .byte 0x36, 0x20, 0x33, 0x2e, 0x36, 0x33, 0x30, 0x38, 0x34, 0x43, 0x32, 0x32, 0x2e, 0x36, 0x38, 0x34
  .byte 0x34, 0x20, 0x33, 0x2e, 0x36, 0x31, 0x31, 0x36, 0x37, 0x20, 0x32, 0x32, 0x2e, 0x35, 0x31, 0x38
  .byte 0x20, 0x33, 0x2e, 0x35, 0x35, 0x35, 0x37, 0x34, 0x20, 0x32, 0x32, 0x2e, 0x34, 0x32, 0x31, 0x34
  .byte 0x20, 0x33, 0x2e, 0x34, 0x30, 0x35, 0x32, 0x36, 0x43, 0x32, 0x32, 0x2e, 0x33, 0x32, 0x33, 0x34
  .byte 0x20, 0x33, 0x2e, 0x32, 0x35, 0x32, 0x34, 0x32, 0x20, 0x32, 0x32, 0x2e, 0x33, 0x33, 0x31, 0x39
  .byte 0x20, 0x33, 0x2e, 0x30, 0x35, 0x37, 0x32, 0x32, 0x20, 0x32, 0x32, 0x2e, 0x34, 0x30, 0x36, 0x37
  .byte 0x20, 0x32, 0x2e, 0x38, 0x34, 0x35, 0x36, 0x39, 0x4c, 0x32, 0x32, 0x2e, 0x34, 0x31, 0x39, 0x34
  .byte 0x20, 0x32, 0x2e, 0x38, 0x31, 0x30, 0x35, 0x33, 0x4c, 0x32, 0x32, 0x2e, 0x34, 0x34, 0x35, 0x38
  .byte 0x20, 0x32, 0x2e, 0x37, 0x38, 0x34, 0x31, 0x36, 0x43, 0x32, 0x32, 0x2e, 0x36, 0x33, 0x30, 0x34
  .byte 0x20, 0x32, 0x2e, 0x35, 0x39, 0x31, 0x34, 0x33, 0x20, 0x32, 0x32, 0x2e, 0x38, 0x36, 0x34, 0x20
  .byte 0x32, 0x2e, 0x34, 0x38, 0x31, 0x31, 0x34, 0x20, 0x32, 0x33, 0x2e, 0x30, 0x39, 0x37, 0x32, 0x20
  .byte 0x32, 0x2e, 0x34, 0x30, 0x34, 0x32, 0x38, 0x43, 0x32, 0x33, 0x2e, 0x33, 0x32, 0x34, 0x20, 0x32
  .byte 0x2e, 0x33, 0x32, 0x39, 0x35, 0x20, 0x32, 0x33, 0x2e, 0x35, 0x38, 0x31, 0x20, 0x32, 0x2e, 0x32
  .byte 0x37, 0x37, 0x32, 0x35, 0x20, 0x32, 0x33, 0x2e, 0x37, 0x39, 0x31, 0x35, 0x20, 0x32, 0x2e, 0x32
  .byte 0x32, 0x32, 0x36, 0x34, 0x4c, 0x32, 0x33, 0x2e, 0x38, 0x30, 0x38, 0x31, 0x20, 0x32, 0x2e, 0x32
  .byte 0x31, 0x38, 0x37, 0x33, 0x4c, 0x32, 0x33, 0x2e, 0x38, 0x32, 0x34, 0x37, 0x20, 0x32, 0x2e, 0x32
  .byte 0x31, 0x37, 0x37, 0x36, 0x5a, 0x22, 0x2c, 0x0a, 0x20, 0x20, 0x70, 0x66, 0x35, 0x32, 0x65, 0x32
  .byte 0x38, 0x30, 0x3a, 0x0a, 0x20, 0x20, 0x20, 0x20, 0x22, 0x4d, 0x31, 0x34, 0x2e, 0x36, 0x31, 0x37
  .byte 0x38, 0x20, 0x31, 0x2e, 0x34, 0x35, 0x31, 0x36, 0x36, 0x43, 0x31, 0x34, 0x2e, 0x37, 0x39, 0x34
  .byte 0x35, 0x20, 0x31, 0x2e, 0x34, 0x32, 0x34, 0x30, 0x32, 0x20, 0x31, 0x35, 0x2e, 0x30, 0x37, 0x31
  .byte 0x34, 0x20, 0x31, 0x2e, 0x34, 0x32, 0x32, 0x31, 0x35, 0x20, 0x31, 0x35, 0x2e, 0x33, 0x37, 0x32
  .byte 0x37, 0x20, 0x31, 0x2e, 0x34, 0x34, 0x38, 0x37, 0x33, 0x43, 0x31, 0x35, 0x2e, 0x36, 0x37, 0x38
  .byte 0x34, 0x20, 0x31, 0x2e, 0x34, 0x37, 0x35, 0x36, 0x39, 0x20, 0x31, 0x36, 0x2e, 0x30, 0x32, 0x32
  .byte 0x36, 0x20, 0x31, 0x2e, 0x35, 0x33, 0x32, 0x32, 0x32, 0x20, 0x31, 0x36, 0x2e, 0x33, 0x33, 0x32
  .byte 0x37, 0x20, 0x31, 0x2e, 0x36, 0x32, 0x35, 0x34, 0x39, 0x43, 0x31, 0x36, 0x2e, 0x36, 0x33, 0x36
  .byte 0x39, 0x20, 0x31, 0x2e, 0x37, 0x31, 0x37, 0x30, 0x32, 0x20, 0x31, 0x36, 0x2e, 0x39, 0x33, 0x33
  .byte 0x33, 0x20, 0x31, 0x2e, 0x38, 0x35, 0x31, 0x32, 0x38, 0x20, 0x31, 0x37, 0x2e, 0x31, 0x31, 0x37
  .byte 0x38, 0x20, 0x32, 0x2e, 0x30, 0x34, 0x39, 0x33, 0x32, 0x43, 0x31, 0x37, 0x2e, 0x32, 0x31, 0x33
  .byte 0x20, 0x32, 0x2e, 0x31, 0x35, 0x31, 0x34, 0x36, 0x20, 0x31, 0x37, 0x2e, 0x32, 0x38, 0x33, 0x31
  .byte 0x20, 0x32, 0x2e, 0x32, 0x37, 0x35, 0x36, 0x34, 0x20, 0x31, 0x37, 0x2e, 0x33, 0x30, 0x32, 0x34
  .byte 0x20, 0x32, 0x2e, 0x34, 0x32, 0x31, 0x33, 0x39, 0x43, 0x31, 0x37, 0x2e, 0x33, 0x32, 0x31, 0x37
  .byte 0x20, 0x32, 0x2e, 0x35, 0x36, 0x37, 0x31, 0x39, 0x20, 0x31, 0x37, 0x2e, 0x32, 0x38, 0x37, 0x36
  .byte 0x20, 0x32, 0x2e, 0x37, 0x31, 0x36, 0x39, 0x31, 0x20, 0x31, 0x37, 0x2e, 0x32, 0x30, 0x37, 0x37
  .byte 0x20, 0x32, 0x2e, 0x38, 0x36, 0x36, 0x37, 0x4c, 0x31, 0x37, 0x2e, 0x31, 0x38, 0x36, 0x32, 0x20
  .byte 0x32, 0x2e, 0x39, 0x30, 0x37, 0x37, 0x31, 0x4c, 0x31, 0x37, 0x2e, 0x31, 0x34, 0x36, 0x31, 0x20
  .byte 0x32, 0x2e, 0x39, 0x33, 0x33, 0x31, 0x43, 0x31, 0x37, 0x2e, 0x30, 0x31, 0x35, 0x20, 0x33, 0x2e
  .byte 0x30, 0x31, 0x34, 0x33, 0x31, 0x20, 0x31, 0x36, 0x2e, 0x38, 0x36, 0x30, 0x36, 0x20, 0x33, 0x2e
  .byte 0x30, 0x31, 0x33, 0x35, 0x37, 0x20, 0x31, 0x36, 0x2e, 0x37, 0x32, 0x32, 0x33, 0x20, 0x32, 0x2e
  .byte 0x39, 0x39, 0x32, 0x36, 0x38, 0x43, 0x31, 0x36, 0x2e, 0x35, 0x38, 0x31, 0x35, 0x20, 0x32, 0x2e
  .byte 0x39, 0x37, 0x31, 0x33, 0x39, 0x20, 0x31, 0x36, 0x2e, 0x34, 0x32, 0x32, 0x34, 0x20, 0x32, 0x2e
  .byte 0x39, 0x32, 0x33, 0x33, 0x20, 0x31, 0x36, 0x2e, 0x32, 0x36, 0x30, 0x34, 0x20, 0x32, 0x2e, 0x38
  .byte 0x37, 0x30, 0x36, 0x43, 0x31, 0x35, 0x2e, 0x39, 0x32, 0x37, 0x33, 0x20, 0x32, 0x2e, 0x37, 0x36
  .byte 0x32, 0x32, 0x36, 0x20, 0x31, 0x35, 0x2e, 0x35, 0x35, 0x32, 0x31, 0x20, 0x32, 0x2e, 0x36, 0x32
  .byte 0x37, 0x38, 0x33, 0x20, 0x31, 0x35, 0x2e, 0x31, 0x34, 0x31, 0x33, 0x20, 0x32, 0x2e, 0x35, 0x38
  .byte 0x36, 0x34, 0x33, 0x43, 0x31, 0x34, 0x2e, 0x37, 0x33, 0x36, 0x34, 0x20, 0x32, 0x2e, 0x35, 0x34
  .byte 0x35, 0x36, 0x36, 0x20, 0x31, 0x34, 0x2e, 0x33, 0x30, 0x33, 0x32, 0x20, 0x32, 0x2e, 0x35, 0x39
  .byte 0x36, 0x31, 0x32, 0x20, 0x31, 0x33, 0x2e, 0x38, 0x36, 0x32, 0x39, 0x20, 0x32, 0x2e, 0x38, 0x35
  .byte 0x37, 0x39, 0x31, 0x43, 0x31, 0x33, 0x2e, 0x34, 0x31, 0x39, 0x39, 0x20, 0x33, 0x2e, 0x31, 0x32
  .byte 0x31, 0x34, 0x35, 0x20, 0x31, 0x32, 0x2e, 0x39, 0x35, 0x34, 0x20, 0x33, 0x2e, 0x36, 0x30, 0x38
  .byte 0x39, 0x33, 0x20, 0x31, 0x32, 0x2e, 0x35, 0x30, 0x32, 0x36, 0x20, 0x34, 0x2e, 0x34, 0x36, 0x39
  .byte 0x32, 0x34, 0x4c, 0x31, 0x32, 0x2e, 0x34, 0x35, 0x34, 0x37, 0x20, 0x34, 0x2e, 0x35, 0x35, 0x39
  .byte 0x30, 0x38, 0x4c, 0x31, 0x32, 0x2e, 0x33, 0x35, 0x34, 0x32, 0x20, 0x34, 0x2e, 0x35, 0x36, 0x32
  .byte 0x30, 0x31, 0x43, 0x31, 0x31, 0x2e, 0x36, 0x39, 0x33, 0x38, 0x20, 0x34, 0x2e, 0x35, 0x38, 0x31
  .byte 0x33, 0x39, 0x20, 0x31, 0x31, 0x2e, 0x32, 0x32, 0x31, 0x34, 0x20, 0x34, 0x2e, 0x36, 0x31, 0x32
  .byte 0x32, 0x34, 0x20, 0x31, 0x30, 0x2e, 0x38, 0x32, 0x30, 0x39, 0x20, 0x34, 0x2e, 0x37, 0x36, 0x38
  .byte 0x30, 0x37, 0x43, 0x31, 0x30, 0x2e, 0x34, 0x33, 0x33, 0x37, 0x20, 0x34, 0x2e, 0x39, 0x31, 0x38
  .byte 0x38, 0x35, 0x20, 0x31, 0x30, 0x2e, 0x30, 0x39, 0x37, 0x31, 0x20, 0x35, 0x2e, 0x31, 0x39, 0x33
  .byte 0x34, 0x34, 0x20, 0x39, 0x2e, 0x37, 0x33, 0x34, 0x30, 0x33, 0x20, 0x35, 0x2e, 0x37, 0x33, 0x36
  .byte 0x38, 0x32, 0x43, 0x39, 0x2e, 0x35, 0x39, 0x34, 0x36, 0x39, 0x20, 0x36, 0x2e, 0x30, 0x32, 0x36
  .byte 0x35, 0x37, 0x20, 0x39, 0x2e, 0x35, 0x35, 0x39, 0x34, 0x38, 0x20, 0x36, 0x2e, 0x33, 0x35, 0x31
  .byte 0x32, 0x37, 0x20, 0x39, 0x2e, 0x35, 0x30, 0x34, 0x35, 0x34, 0x20, 0x36, 0x2e, 0x37, 0x30, 0x34
  .byte 0x35, 0x39, 0x43, 0x39, 0x2e, 0x34, 0x35, 0x31, 0x34, 0x34, 0x20, 0x37, 0x2e, 0x30, 0x34, 0x35
  .byte 0x39, 0x39, 0x20, 0x39, 0x2e, 0x33, 0x37, 0x38, 0x37, 0x37, 0x20, 0x37, 0x2e, 0x34, 0x31, 0x38
  .byte 0x33, 0x20, 0x39, 0x2e, 0x31, 0x32, 0x39, 0x35, 0x34, 0x20, 0x37, 0x2e, 0x37, 0x31, 0x32, 0x34
  .byte 0x43, 0x39, 0x2e, 0x30, 0x36, 0x34, 0x30, 0x37, 0x20, 0x37, 0x2e, 0x37, 0x38, 0x39, 0x36, 0x36
  .byte 0x20, 0x38, 0x2e, 0x39, 0x38, 0x31, 0x32, 0x38, 0x20, 0x37, 0x2e, 0x38, 0x32, 0x30, 0x34, 0x31
  .byte 0x20, 0x38, 0x2e, 0x39, 0x30, 0x33, 0x39, 0x36, 0x20, 0x37, 0x2e, 0x38, 0x32, 0x35, 0x36, 0x38
  .byte 0x43, 0x38, 0x2e, 0x38, 0x33, 0x37, 0x38, 0x33, 0x20, 0x37, 0x2e, 0x38, 0x33, 0x30, 0x31, 0x38
  .byte 0x20, 0x38, 0x2e, 0x37, 0x37, 0x31, 0x38, 0x34, 0x20, 0x37, 0x2e, 0x38, 0x31, 0x35, 0x33, 0x20
  .byte 0x38, 0x2e, 0x37, 0x33, 0x35, 0x30, 0x31, 0x20, 0x37, 0x2e, 0x38, 0x30, 0x38, 0x31, 0x4c, 0x38
  .byte 0x2e, 0x36, 0x39, 0x34, 0x20, 0x37, 0x2e, 0x38, 0x30, 0x30, 0x32, 0x39, 0x4c, 0x38, 0x2e, 0x36
  .byte 0x36, 0x30, 0x37, 0x39, 0x20, 0x37, 0x2e, 0x37, 0x37, 0x34, 0x39, 0x43, 0x38, 0x2e, 0x34, 0x31
  .byte 0x36, 0x33, 0x35, 0x20, 0x37, 0x2e, 0x35, 0x38, 0x32, 0x30, 0x37, 0x20, 0x38, 0x2e, 0x33, 0x30
  .byte 0x35, 0x34, 0x33, 0x20, 0x37, 0x2e, 0x33, 0x30, 0x33, 0x33, 0x33, 0x20, 0x38, 0x2e, 0x32, 0x38
  .byte 0x31, 0x38, 0x39, 0x20, 0x37, 0x2e, 0x30, 0x32, 0x35, 0x38, 0x38, 0x4c, 0x38, 0x2e, 0x32, 0x38
  .byte 0x32, 0x38, 0x36, 0x20, 0x37, 0x2e, 0x30, 0x32, 0x34, 0x39, 0x43, 0x38, 0x2e, 0x31, 0x31, 0x31
  .byte 0x34, 0x39, 0x20, 0x35, 0x2e, 0x35, 0x37, 0x36, 0x30, 0x32, 0x20, 0x39, 0x2e, 0x31, 0x35, 0x37
  .byte 0x30, 0x31, 0x20, 0x34, 0x2e, 0x30, 0x32, 0x34, 0x39, 0x35, 0x20, 0x31, 0x30, 0x2e, 0x35, 0x37
  .byte 0x31, 0x39, 0x20, 0x33, 0x2e, 0x36, 0x32, 0x34, 0x35, 0x31, 0x43, 0x31, 0x30, 0x2e, 0x38, 0x34
  .byte 0x39, 0x38, 0x20, 0x33, 0x2e, 0x35, 0x34, 0x35, 0x39, 0x32, 0x20, 0x31, 0x31, 0x2e, 0x30, 0x36
  .byte 0x35, 0x33, 0x20, 0x33, 0x2e, 0x35, 0x30, 0x32, 0x34, 0x36, 0x20, 0x31, 0x31, 0x2e, 0x32, 0x33
  .byte 0x36, 0x20, 0x33, 0x2e, 0x34, 0x36, 0x36, 0x33, 0x31, 0x43, 0x31, 0x31, 0x2e, 0x34, 0x30, 0x39
  .byte 0x35, 0x20, 0x33, 0x2e, 0x34, 0x32, 0x39, 0x35, 0x34, 0x20, 0x31, 0x31, 0x2e, 0x35, 0x32, 0x35
  .byte 0x39, 0x20, 0x33, 0x2e, 0x34, 0x30, 0x31, 0x36, 0x33, 0x20, 0x31, 0x31, 0x2e, 0x36, 0x32, 0x37
  .byte 0x36, 0x20, 0x33, 0x2e, 0x33, 0x35, 0x36, 0x39, 0x33, 0x43, 0x31, 0x31, 0x2e, 0x38, 0x31, 0x37
  .byte 0x37, 0x20, 0x33, 0x2e, 0x32, 0x37, 0x33, 0x33, 0x20, 0x31, 0x31, 0x2e, 0x39, 0x38, 0x33, 0x20
  .byte 0x33, 0x2e, 0x31, 0x31, 0x37, 0x32, 0x31, 0x20, 0x31, 0x32, 0x2e, 0x33, 0x31, 0x33, 0x31, 0x20
  .byte 0x32, 0x2e, 0x36, 0x30, 0x33, 0x30, 0x33, 0x43, 0x31, 0x32, 0x2e, 0x35, 0x33, 0x36, 0x37, 0x20
  .byte 0x32, 0x2e, 0x32, 0x35, 0x34, 0x39, 0x32, 0x20, 0x31, 0x32, 0x2e, 0x39, 0x33, 0x32, 0x35, 0x20
  .byte 0x31, 0x2e, 0x39, 0x39, 0x34, 0x36, 0x32, 0x20, 0x31, 0x33, 0x2e, 0x33, 0x34, 0x38, 0x33, 0x20
  .byte 0x31, 0x2e, 0x38, 0x31, 0x30, 0x30, 0x36, 0x43, 0x31, 0x33, 0x2e, 0x37, 0x36, 0x37, 0x38, 0x20
  .byte 0x31, 0x2e, 0x36, 0x32, 0x33, 0x38, 0x39, 0x20, 0x31, 0x34, 0x2e, 0x32, 0x33, 0x30, 0x37, 0x20
  .byte 0x31, 0x2e, 0x35, 0x30, 0x34, 0x33, 0x37, 0x20, 0x31, 0x34, 0x2e, 0x36, 0x31, 0x37, 0x38, 0x20
  .byte 0x31, 0x2e, 0x34, 0x35, 0x30, 0x36, 0x38, 0x56, 0x31, 0x2e, 0x34, 0x35, 0x31, 0x36, 0x36, 0x5a
  .byte 0x22, 0x2c, 0x0a, 0x7d, 0x3b, 0x0a

  .globl openui_full_port_docs_imports_svg_10waxq0xyc_ts_eec4513e5328_pass_4_len
openui_full_port_docs_imports_svg_10waxq0xyc_ts_eec4513e5328_pass_4_len:
  .quad 12294
