# OpenUI mechanical full assembly port
# source: docs/app/playground/components/CatalogPanel/CatalogPanel.css
# sha256: f83a008385701900a9d13100e4a0d01349d96b96eccb3acd0e6b1161cded240d
# bytes: 6622
# assembly passes: 4
  .section .rodata
# assembly pass: 1/4
  .globl openui_full_port_docs_app_playground_components_CatalogPanel_CatalogPanel_css_f83a00838570
openui_full_port_docs_app_playground_components_CatalogPanel_CatalogPanel_css_f83a00838570:
  .byte 0x2f, 0x2a, 0x20, 0xe2, 0x94, 0x80, 0xe2, 0x94, 0x80, 0xe2, 0x94, 0x80, 0x20, 0x50, 0x61, 0x6e
  .byte 0x65, 0x6c, 0x20, 0x53, 0x68, 0x65, 0x6c, 0x6c, 0x20, 0xe2, 0x94, 0x80, 0xe2, 0x94, 0x80, 0xe2
  .byte 0x94, 0x80, 0xe2, 0x94, 0x80, 0xe2, 0x94, 0x80, 0xe2, 0x94, 0x80, 0xe2, 0x94, 0x80, 0xe2, 0x94
  .byte 0x80, 0xe2, 0x94, 0x80, 0xe2, 0x94, 0x80, 0xe2, 0x94, 0x80, 0xe2, 0x94, 0x80, 0xe2, 0x94, 0x80
  .byte 0xe2, 0x94, 0x80, 0xe2, 0x94, 0x80, 0xe2, 0x94, 0x80, 0xe2, 0x94, 0x80, 0xe2, 0x94, 0x80, 0xe2
  .byte 0x94, 0x80, 0xe2, 0x94, 0x80, 0xe2, 0x94, 0x80, 0xe2, 0x94, 0x80, 0xe2, 0x94, 0x80, 0xe2, 0x94
  .byte 0x80, 0xe2, 0x94, 0x80, 0xe2, 0x94, 0x80, 0xe2, 0x94, 0x80, 0xe2, 0x94, 0x80, 0xe2, 0x94, 0x80
  .byte 0xe2, 0x94, 0x80, 0xe2, 0x94, 0x80, 0xe2, 0x94, 0x80, 0xe2, 0x94, 0x80, 0xe2, 0x94, 0x80, 0xe2
  .byte 0x94, 0x80, 0xe2, 0x94, 0x80, 0xe2, 0x94, 0x80, 0xe2, 0x94, 0x80, 0xe2, 0x94, 0x80, 0xe2, 0x94
  .byte 0x80, 0xe2, 0x94, 0x80, 0xe2, 0x94, 0x80, 0xe2, 0x94, 0x80, 0xe2, 0x94, 0x80, 0xe2, 0x94, 0x80
  .byte 0xe2, 0x94, 0x80, 0xe2, 0x94, 0x80, 0xe2, 0x94, 0x80, 0xe2, 0x94, 0x80, 0xe2, 0x94, 0x80, 0xe2
  .byte 0x94, 0x80, 0xe2, 0x94, 0x80, 0xe2, 0x94, 0x80, 0xe2, 0x94, 0x80, 0xe2, 0x94, 0x80, 0xe2, 0x94
  .byte 0x80, 0xe2, 0x94, 0x80, 0xe2, 0x94, 0x80, 0xe2, 0x94, 0x80, 0xe2, 0x94, 0x80, 0xe2, 0x94, 0x80
  .byte 0xe2, 0x94, 0x80, 0x20, 0x2a, 0x2f, 0x0a, 0x2e, 0x63, 0x61, 0x74, 0x61, 0x6c, 0x6f, 0x67, 0x2d
  .byte 0x70, 0x61, 0x6e, 0x65, 0x6c, 0x20, 0x7b, 0x0a, 0x20, 0x20, 0x77, 0x69, 0x64, 0x74, 0x68, 0x3a
  .byte 0x20, 0x33, 0x32, 0x30, 0x70, 0x78, 0x3b, 0x0a, 0x20, 0x20, 0x66, 0x6c, 0x65, 0x78, 0x2d, 0x73
  .byte 0x68, 0x72, 0x69, 0x6e, 0x6b, 0x3a, 0x20, 0x30, 0x3b, 0x0a, 0x20, 0x20, 0x64, 0x69, 0x73, 0x70
  .byte 0x6c, 0x61, 0x79, 0x3a, 0x20, 0x66, 0x6c, 0x65, 0x78, 0x3b, 0x0a, 0x20, 0x20, 0x66, 0x6c, 0x65
  .byte 0x78, 0x2d, 0x64, 0x69, 0x72, 0x65, 0x63, 0x74, 0x69, 0x6f, 0x6e, 0x3a, 0x20, 0x63, 0x6f, 0x6c
  .byte 0x75, 0x6d, 0x6e, 0x3b, 0x0a, 0x20, 0x20, 0x62, 0x6f, 0x72, 0x64, 0x65, 0x72, 0x2d, 0x72, 0x69
  .byte 0x67, 0x68, 0x74, 0x3a, 0x20, 0x31, 0x70, 0x78, 0x20, 0x73, 0x6f, 0x6c, 0x69, 0x64, 0x20, 0x76
  .byte 0x61, 0x72, 0x28, 0x2d, 0x2d, 0x62, 0x6f, 0x72, 0x64, 0x65, 0x72, 0x29, 0x3b, 0x0a, 0x20, 0x20
  .byte 0x6f, 0x76, 0x65, 0x72, 0x66, 0x6c, 0x6f, 0x77, 0x3a, 0x20, 0x68, 0x69, 0x64, 0x64, 0x65, 0x6e
  .byte 0x3b, 0x0a, 0x20, 0x20, 0x74, 0x72, 0x61, 0x6e, 0x73, 0x69, 0x74, 0x69, 0x6f, 0x6e, 0x3a, 0x20
  .byte 0x77, 0x69, 0x64, 0x74, 0x68, 0x20, 0x30, 0x2e, 0x32, 0x73, 0x20, 0x65, 0x61, 0x73, 0x65, 0x3b
  .byte 0x0a, 0x7d, 0x0a, 0x0a, 0x2e, 0x63, 0x61, 0x74, 0x61, 0x6c, 0x6f, 0x67, 0x2d, 0x70, 0x61, 0x6e
  .byte 0x65, 0x6c, 0x2d, 0x2d, 0x63, 0x6f, 0x6c, 0x6c, 0x61, 0x70, 0x73, 0x65, 0x64, 0x20, 0x7b, 0x0a
  .byte 0x20, 0x20, 0x77, 0x69, 0x64, 0x74, 0x68, 0x3a, 0x20, 0x34, 0x34, 0x70, 0x78, 0x3b, 0x0a, 0x7d
  .byte 0x0a, 0x0a, 0x2e, 0x63, 0x61, 0x74, 0x61, 0x6c, 0x6f, 0x67, 0x2d, 0x70, 0x61, 0x6e, 0x65, 0x6c
  .byte 0x2d, 0x68, 0x65, 0x61, 0x64, 0x65, 0x72, 0x20, 0x7b, 0x0a, 0x20, 0x20, 0x70, 0x61, 0x64, 0x64
  .byte 0x69, 0x6e, 0x67, 0x3a, 0x20, 0x31, 0x34, 0x70, 0x78, 0x20, 0x31, 0x36, 0x70, 0x78, 0x3b, 0x0a
  .byte 0x20, 0x20, 0x62, 0x6f, 0x72, 0x64, 0x65, 0x72, 0x2d, 0x62, 0x6f, 0x74, 0x74, 0x6f, 0x6d, 0x3a
  .byte 0x20, 0x31, 0x70, 0x78, 0x20, 0x73, 0x6f, 0x6c, 0x69, 0x64, 0x20, 0x76, 0x61, 0x72, 0x28, 0x2d
  .byte 0x2d, 0x62, 0x6f, 0x72, 0x64, 0x65, 0x72, 0x2d, 0x73, 0x74, 0x72, 0x6f, 0x6e, 0x67, 0x29, 0x3b
  .byte 0x0a, 0x20, 0x20, 0x62, 0x61, 0x63, 0x6b, 0x67, 0x72, 0x6f, 0x75, 0x6e, 0x64, 0x3a, 0x20, 0x76
  .byte 0x61, 0x72, 0x28, 0x2d, 0x2d, 0x70, 0x61, 0x67, 0x65, 0x2d, 0x62, 0x67, 0x29, 0x3b, 0x0a, 0x20
  .byte 0x20, 0x66, 0x6c, 0x65, 0x78, 0x2d, 0x73, 0x68, 0x72, 0x69, 0x6e, 0x6b, 0x3a, 0x20, 0x30, 0x3b
  .byte 0x0a, 0x20, 0x20, 0x64, 0x69, 0x73, 0x70, 0x6c, 0x61, 0x79, 0x3a, 0x20, 0x66, 0x6c, 0x65, 0x78
  .byte 0x3b, 0x0a, 0x20, 0x20, 0x61, 0x6c, 0x69, 0x67, 0x6e, 0x2d, 0x69, 0x74, 0x65, 0x6d, 0x73, 0x3a
  .byte 0x20, 0x63, 0x65, 0x6e, 0x74, 0x65, 0x72, 0x3b, 0x0a, 0x20, 0x20, 0x6a, 0x75, 0x73, 0x74, 0x69
  .byte 0x66, 0x79, 0x2d, 0x63, 0x6f, 0x6e, 0x74, 0x65, 0x6e, 0x74, 0x3a, 0x20, 0x73, 0x70, 0x61, 0x63
  .byte 0x65, 0x2d, 0x62, 0x65, 0x74, 0x77, 0x65, 0x65, 0x6e, 0x3b, 0x0a, 0x20, 0x20, 0x67, 0x61, 0x70
  .byte 0x3a, 0x20, 0x38, 0x70, 0x78, 0x3b, 0x0a, 0x20, 0x20, 0x6d, 0x69, 0x6e, 0x2d, 0x68, 0x65, 0x69
  .byte 0x67, 0x68, 0x74, 0x3a, 0x20, 0x34, 0x38, 0x70, 0x78, 0x3b, 0x0a, 0x7d, 0x0a, 0x0a, 0x2e, 0x63
  .byte 0x61, 0x74, 0x61, 0x6c, 0x6f, 0x67, 0x2d, 0x70, 0x61, 0x6e, 0x65, 0x6c, 0x2d, 0x2d, 0x63, 0x6f
  .byte 0x6c, 0x6c, 0x61, 0x70, 0x73, 0x65, 0x64, 0x20, 0x2e, 0x63, 0x61, 0x74, 0x61, 0x6c, 0x6f, 0x67
  .byte 0x2d, 0x70, 0x61, 0x6e, 0x65, 0x6c, 0x2d, 0x68, 0x65, 0x61, 0x64, 0x65, 0x72, 0x20, 0x7b, 0x0a
  .byte 0x20, 0x20, 0x70, 0x61, 0x64, 0x64, 0x69, 0x6e, 0x67, 0x3a, 0x20, 0x31, 0x34, 0x70, 0x78, 0x20
  .byte 0x30, 0x3b, 0x0a, 0x20, 0x20, 0x6a, 0x75, 0x73, 0x74, 0x69, 0x66, 0x79, 0x2d, 0x63, 0x6f, 0x6e
  .byte 0x74, 0x65, 0x6e, 0x74, 0x3a, 0x20, 0x63, 0x65, 0x6e, 0x74, 0x65, 0x72, 0x3b, 0x0a, 0x20, 0x20
  .byte 0x66, 0x6c, 0x65, 0x78, 0x2d, 0x64, 0x69, 0x72, 0x65, 0x63, 0x74, 0x69, 0x6f, 0x6e, 0x3a, 0x20
  .byte 0x63, 0x6f, 0x6c, 0x75, 0x6d, 0x6e, 0x3b, 0x0a, 0x20, 0x20, 0x67, 0x61, 0x70, 0x3a, 0x20, 0x31
  .byte 0x30, 0x70, 0x78, 0x3b, 0x0a, 0x7d, 0x0a, 0x0a, 0x2e, 0x63, 0x61, 0x74, 0x61, 0x6c, 0x6f, 0x67
  .byte 0x2d, 0x70, 0x61, 0x6e, 0x65, 0x6c, 0x2d, 0x74, 0x69, 0x74, 0x6c, 0x65, 0x20, 0x7b, 0x0a, 0x20
  .byte 0x20, 0x66, 0x6f, 0x6e, 0x74, 0x2d, 0x73, 0x69, 0x7a, 0x65, 0x3a, 0x20, 0x31, 0x33, 0x70, 0x78
  .byte 0x3b, 0x0a, 0x20, 0x20, 0x66, 0x6f, 0x6e, 0x74, 0x2d, 0x77, 0x65, 0x69, 0x67, 0x68, 0x74, 0x3a
  .byte 0x20, 0x36, 0x30, 0x30, 0x3b, 0x0a, 0x20, 0x20, 0x6c, 0x65, 0x74, 0x74, 0x65, 0x72, 0x2d, 0x73
  .byte 0x70, 0x61, 0x63, 0x69, 0x6e, 0x67, 0x3a, 0x20, 0x2d, 0x30, 0x2e, 0x30, 0x31, 0x65, 0x6d, 0x3b
  .byte 0x0a, 0x20, 0x20, 0x63, 0x6f, 0x6c, 0x6f, 0x72, 0x3a, 0x20, 0x76, 0x61, 0x72, 0x28, 0x2d, 0x2d
  .byte 0x74, 0x65, 0x78, 0x74, 0x2d, 0x70, 0x72, 0x69, 0x6d, 0x61, 0x72, 0x79, 0x29, 0x3b, 0x0a, 0x20
  .byte 0x20, 0x66, 0x6c, 0x65, 0x78, 0x3a, 0x20, 0x31, 0x3b, 0x0a, 0x20, 0x20, 0x77, 0x68, 0x69, 0x74
  .byte 0x65, 0x2d, 0x73, 0x70, 0x61, 0x63, 0x65, 0x3a, 0x20, 0x6e, 0x6f, 0x77, 0x72, 0x61, 0x70, 0x3b
  .byte 0x0a, 0x20, 0x20, 0x6f, 0x76, 0x65, 0x72, 0x66, 0x6c, 0x6f, 0x77, 0x3a, 0x20, 0x68, 0x69, 0x64
  .byte 0x64, 0x65, 0x6e, 0x3b, 0x0a, 0x20, 0x20, 0x74, 0x65, 0x78, 0x74, 0x2d, 0x6f, 0x76, 0x65, 0x72
  .byte 0x66, 0x6c, 0x6f, 0x77, 0x3a, 0x20, 0x65, 0x6c, 0x6c, 0x69, 0x70, 0x73, 0x69, 0x73, 0x3b, 0x0a
  .byte 0x7d, 0x0a, 0x0a, 0x2e, 0x63, 0x61, 0x74, 0x61, 0x6c, 0x6f, 0x67, 0x2d, 0x70, 0x61, 0x6e, 0x65
  .byte 0x6c, 0x2d, 0x69, 0x63, 0x6f, 0x6e, 0x2d, 0x6f, 0x6e, 0x6c, 0x79, 0x20, 0x7b, 0x0a, 0x20, 0x20
  .byte 0x64, 0x69, 0x73, 0x70, 0x6c, 0x61, 0x79, 0x3a, 0x20, 0x66, 0x6c, 0x65, 0x78, 0x3b, 0x0a, 0x20
  .byte 0x20, 0x61, 0x6c, 0x69, 0x67, 0x6e, 0x2d, 0x69, 0x74, 0x65, 0x6d, 0x73, 0x3a, 0x20, 0x63, 0x65
  .byte 0x6e, 0x74, 0x65, 0x72, 0x3b, 0x0a, 0x20, 0x20, 0x6a, 0x75, 0x73, 0x74, 0x69, 0x66, 0x79, 0x2d
  .byte 0x63, 0x6f, 0x6e, 0x74, 0x65, 0x6e, 0x74, 0x3a, 0x20, 0x63, 0x65, 0x6e, 0x74, 0x65, 0x72, 0x3b
  .byte 0x0a, 0x20, 0x20, 0x63, 0x6f, 0x6c, 0x6f, 0x72, 0x3a, 0x20, 0x76, 0x61, 0x72, 0x28, 0x2d, 0x2d
  .byte 0x74, 0x65, 0x78, 0x74, 0x2d, 0x73, 0x65, 0x63, 0x6f, 0x6e, 0x64, 0x61, 0x72, 0x79, 0x29, 0x3b
  .byte 0x0a, 0x7d, 0x0a, 0x0a, 0x2e, 0x63, 0x61, 0x74, 0x61, 0x6c, 0x6f, 0x67, 0x2d, 0x70, 0x61, 0x6e
  .byte 0x65, 0x6c, 0x2d, 0x74, 0x6f, 0x67, 0x67, 0x6c, 0x65, 0x20, 0x7b, 0x0a, 0x20, 0x20, 0x64, 0x69
  .byte 0x73, 0x70, 0x6c, 0x61, 0x79, 0x3a, 0x20, 0x66, 0x6c, 0x65, 0x78, 0x3b, 0x0a, 0x20, 0x20, 0x61
  .byte 0x6c, 0x69, 0x67, 0x6e, 0x2d, 0x69, 0x74, 0x65, 0x6d, 0x73, 0x3a, 0x20, 0x63, 0x65, 0x6e, 0x74
  .byte 0x65, 0x72, 0x3b, 0x0a, 0x20, 0x20, 0x6a, 0x75, 0x73, 0x74, 0x69, 0x66, 0x79, 0x2d, 0x63, 0x6f
  .byte 0x6e, 0x74, 0x65, 0x6e, 0x74, 0x3a, 0x20, 0x63, 0x65, 0x6e, 0x74, 0x65, 0x72, 0x3b, 0x0a, 0x20
  .byte 0x20, 0x77, 0x69, 0x64, 0x74, 0x68, 0x3a, 0x20, 0x32, 0x34, 0x70, 0x78, 0x3b, 0x0a, 0x20, 0x20
  .byte 0x68, 0x65, 0x69, 0x67, 0x68, 0x74, 0x3a, 0x20, 0x32, 0x34, 0x70, 0x78, 0x3b, 0x0a, 0x20, 0x20
  .byte 0x62, 0x61, 0x63, 0x6b, 0x67, 0x72, 0x6f, 0x75, 0x6e, 0x64, 0x3a, 0x20, 0x74, 0x72, 0x61, 0x6e
  .byte 0x73, 0x70, 0x61, 0x72, 0x65, 0x6e, 0x74, 0x3b, 0x0a, 0x20, 0x20, 0x62, 0x6f, 0x72, 0x64, 0x65
  .byte 0x72, 0x3a, 0x20, 0x6e, 0x6f, 0x6e, 0x65, 0x3b, 0x0a, 0x20, 0x20, 0x62, 0x6f, 0x72, 0x64, 0x65
  .byte 0x72, 0x2d, 0x72, 0x61, 0x64, 0x69, 0x75, 0x73, 0x3a, 0x20, 0x36, 0x70, 0x78, 0x3b, 0x0a, 0x20
  .byte 0x20, 0x63, 0x6f, 0x6c, 0x6f, 0x72, 0x3a, 0x20, 0x76, 0x61, 0x72, 0x28, 0x2d, 0x2d, 0x74, 0x65
  .byte 0x78, 0x74, 0x2d, 0x74, 0x65, 0x72, 0x74, 0x69, 0x61, 0x72, 0x79, 0x29, 0x3b, 0x0a, 0x20, 0x20
  .byte 0x63, 0x75, 0x72, 0x73, 0x6f, 0x72, 0x3a, 0x20, 0x70, 0x6f, 0x69, 0x6e, 0x74, 0x65, 0x72, 0x3b
  .byte 0x0a, 0x20, 0x20, 0x66, 0x6c, 0x65, 0x78, 0x2d, 0x73, 0x68, 0x72, 0x69, 0x6e, 0x6b, 0x3a, 0x20
  .byte 0x30, 0x3b, 0x0a, 0x20, 0x20, 0x74, 0x72, 0x61, 0x6e, 0x73, 0x69, 0x74, 0x69, 0x6f, 0x6e, 0x3a
  .byte 0x0a, 0x20, 0x20, 0x20, 0x20, 0x62, 0x61, 0x63, 0x6b, 0x67, 0x72, 0x6f, 0x75, 0x6e, 0x64, 0x20
  .byte 0x30, 0x2e, 0x31, 0x35, 0x73, 0x2c, 0x0a, 0x20, 0x20, 0x20, 0x20, 0x63, 0x6f, 0x6c, 0x6f, 0x72
  .byte 0x20, 0x30, 0x2e, 0x31, 0x35, 0x73, 0x3b, 0x0a, 0x7d, 0x0a, 0x0a, 0x2e, 0x63, 0x61, 0x74, 0x61
  .byte 0x6c, 0x6f, 0x67, 0x2d, 0x70, 0x61, 0x6e, 0x65, 0x6c, 0x2d, 0x74, 0x6f, 0x67, 0x67, 0x6c, 0x65
  .byte 0x3a, 0x68, 0x6f, 0x76, 0x65, 0x72, 0x20, 0x7b, 0x0a, 0x20, 0x20, 0x62, 0x61, 0x63, 0x6b, 0x67
  .byte 0x72, 0x6f, 0x75, 0x6e, 0x64, 0x3a, 0x20, 0x76, 0x61, 0x72, 0x28, 0x2d, 0x2d, 0x62, 0x74, 0x6e
  .byte 0x2d, 0x67, 0x68, 0x6f, 0x73, 0x74, 0x2d, 0x68, 0x6f, 0x76, 0x65, 0x72, 0x29, 0x3b, 0x0a, 0x20
  .byte 0x20, 0x63, 0x6f, 0x6c, 0x6f, 0x72, 0x3a, 0x20, 0x76, 0x61, 0x72, 0x28, 0x2d, 0x2d, 0x74, 0x65
  .byte 0x78, 0x74, 0x2d, 0x70, 0x72, 0x69, 0x6d, 0x61, 0x72, 0x79, 0x29, 0x3b, 0x0a, 0x7d, 0x0a, 0x0a
  .byte 0x2e, 0x63, 0x61, 0x74, 0x61, 0x6c, 0x6f, 0x67, 0x2d, 0x70, 0x61, 0x6e, 0x65, 0x6c, 0x2d, 0x62
  .byte 0x6f, 0x64, 0x79, 0x2d, 0x2d, 0x68, 0x69, 0x64, 0x64, 0x65, 0x6e, 0x20, 0x7b, 0x0a, 0x20, 0x20
  .byte 0x64, 0x69, 0x73, 0x70, 0x6c, 0x61, 0x79, 0x3a, 0x20, 0x6e, 0x6f, 0x6e, 0x65, 0x3b, 0x0a, 0x7d
  .byte 0x0a, 0x0a, 0x2f, 0x2a, 0x20, 0xe2, 0x94, 0x80, 0xe2, 0x94, 0x80, 0xe2, 0x94, 0x80, 0x20, 0x53
  .byte 0x63, 0x72, 0x6f, 0x6c, 0x6c, 0x61, 0x62, 0x6c, 0x65, 0x20, 0x42, 0x6f, 0x64, 0x79, 0x20, 0xe2
  .byte 0x94, 0x80, 0xe2, 0x94, 0x80, 0xe2, 0x94, 0x80, 0xe2, 0x94, 0x80, 0xe2, 0x94, 0x80, 0xe2, 0x94
  .byte 0x80, 0xe2, 0x94, 0x80, 0xe2, 0x94, 0x80, 0xe2, 0x94, 0x80, 0xe2, 0x94, 0x80, 0xe2, 0x94, 0x80
  .byte 0xe2, 0x94, 0x80, 0xe2, 0x94, 0x80, 0xe2, 0x94, 0x80, 0xe2, 0x94, 0x80, 0xe2, 0x94, 0x80, 0xe2
  .byte 0x94, 0x80, 0xe2, 0x94, 0x80, 0xe2, 0x94, 0x80, 0xe2, 0x94, 0x80, 0xe2, 0x94, 0x80, 0xe2, 0x94
  .byte 0x80, 0xe2, 0x94, 0x80, 0xe2, 0x94, 0x80, 0xe2, 0x94, 0x80, 0xe2, 0x94, 0x80, 0xe2, 0x94, 0x80
  .byte 0xe2, 0x94, 0x80, 0xe2, 0x94, 0x80, 0xe2, 0x94, 0x80, 0xe2, 0x94, 0x80, 0xe2, 0x94, 0x80, 0xe2
  .byte 0x94, 0x80, 0xe2, 0x94, 0x80, 0xe2, 0x94, 0x80, 0xe2, 0x94, 0x80, 0xe2, 0x94, 0x80, 0xe2, 0x94
  .byte 0x80, 0xe2, 0x94, 0x80, 0xe2, 0x94, 0x80, 0xe2, 0x94, 0x80, 0xe2, 0x94, 0x80, 0xe2, 0x94, 0x80
  .byte 0xe2, 0x94, 0x80, 0xe2, 0x94, 0x80, 0xe2, 0x94, 0x80, 0xe2, 0x94, 0x80, 0xe2, 0x94, 0x80, 0xe2
  .byte 0x94, 0x80, 0xe2, 0x94, 0x80, 0xe2, 0x94, 0x80, 0xe2, 0x94, 0x80, 0xe2, 0x94, 0x80, 0xe2, 0x94
  .byte 0x80, 0xe2, 0x94, 0x80, 0xe2, 0x94, 0x80, 0xe2, 0x94, 0x80, 0xe2, 0x94, 0x80, 0x20, 0x2a, 0x2f
  .byte 0x0a, 0x2e, 0x63, 0x61, 0x74, 0x61, 0x6c, 0x6f, 0x67, 0x2d, 0x70, 0x61, 0x6e, 0x65, 0x6c, 0x2d
  .byte 0x62, 0x6f, 0x64, 0x79, 0x20, 0x7b, 0x0a, 0x20, 0x20, 0x66, 0x6c, 0x65, 0x78, 0x3a, 0x20, 0x31
  .byte 0x3b, 0x0a, 0x20, 0x20, 0x6f, 0x76, 0x65, 0x72, 0x66, 0x6c, 0x6f, 0x77, 0x2d, 0x79, 0x3a, 0x20
  .byte 0x61, 0x75, 0x74, 0x6f, 0x3b, 0x0a, 0x20, 0x20, 0x70, 0x61, 0x64, 0x64, 0x69, 0x6e, 0x67, 0x3a
  .byte 0x20, 0x31, 0x36, 0x70, 0x78, 0x20, 0x31, 0x32, 0x70, 0x78, 0x3b, 0x0a, 0x20, 0x20, 0x64, 0x69
  .byte 0x73, 0x70, 0x6c, 0x61, 0x79, 0x3a, 0x20, 0x66, 0x6c, 0x65, 0x78, 0x3b, 0x0a, 0x20, 0x20, 0x66
  .byte 0x6c, 0x65, 0x78, 0x2d, 0x64, 0x69, 0x72, 0x65, 0x63, 0x74, 0x69, 0x6f, 0x6e, 0x3a, 0x20, 0x63
  .byte 0x6f, 0x6c, 0x75, 0x6d, 0x6e, 0x3b, 0x0a, 0x20, 0x20, 0x67, 0x61, 0x70, 0x3a, 0x20, 0x32, 0x30
  .byte 0x70, 0x78, 0x3b, 0x0a, 0x7d, 0x0a, 0x0a, 0x2f, 0x2a, 0x20, 0xe2, 0x94, 0x80, 0xe2, 0x94, 0x80
  .byte 0xe2, 0x94, 0x80, 0x20, 0x47, 0x72, 0x6f, 0x75, 0x70, 0x73, 0x20, 0xe2, 0x94, 0x80, 0xe2, 0x94
  .byte 0x80, 0xe2, 0x94, 0x80, 0xe2, 0x94, 0x80, 0xe2, 0x94, 0x80, 0xe2, 0x94, 0x80, 0xe2, 0x94, 0x80
  .byte 0xe2, 0x94, 0x80, 0xe2, 0x94, 0x80, 0xe2, 0x94, 0x80, 0xe2, 0x94, 0x80, 0xe2, 0x94, 0x80, 0xe2
  .byte 0x94, 0x80, 0xe2, 0x94, 0x80, 0xe2, 0x94, 0x80, 0xe2, 0x94, 0x80, 0xe2, 0x94, 0x80, 0xe2, 0x94
  .byte 0x80, 0xe2, 0x94, 0x80, 0xe2, 0x94, 0x80, 0xe2, 0x94, 0x80, 0xe2, 0x94, 0x80, 0xe2, 0x94, 0x80
  .byte 0xe2, 0x94, 0x80, 0xe2, 0x94, 0x80, 0xe2, 0x94, 0x80, 0xe2, 0x94, 0x80, 0xe2, 0x94, 0x80, 0xe2
  .byte 0x94, 0x80, 0xe2, 0x94, 0x80, 0xe2, 0x94, 0x80, 0xe2, 0x94, 0x80, 0xe2, 0x94, 0x80, 0xe2, 0x94
  .byte 0x80, 0xe2, 0x94, 0x80, 0xe2, 0x94, 0x80, 0xe2, 0x94, 0x80, 0xe2, 0x94, 0x80, 0xe2, 0x94, 0x80
  .byte 0xe2, 0x94, 0x80, 0xe2, 0x94, 0x80, 0xe2, 0x94, 0x80, 0xe2, 0x94, 0x80, 0xe2, 0x94, 0x80, 0xe2
  .byte 0x94, 0x80, 0xe2, 0x94, 0x80, 0xe2, 0x94, 0x80, 0xe2, 0x94, 0x80, 0xe2, 0x94, 0x80, 0xe2, 0x94
  .byte 0x80, 0xe2, 0x94, 0x80, 0xe2, 0x94, 0x80, 0xe2, 0x94, 0x80, 0xe2, 0x94, 0x80, 0xe2, 0x94, 0x80
  .byte 0xe2, 0x94, 0x80, 0xe2, 0x94, 0x80, 0xe2, 0x94, 0x80, 0xe2, 0x94, 0x80, 0xe2, 0x94, 0x80, 0xe2
  .byte 0x94, 0x80, 0xe2, 0x94, 0x80, 0xe2, 0x94, 0x80, 0xe2, 0x94, 0x80, 0xe2, 0x94, 0x80, 0xe2, 0x94
  .byte 0x80, 0xe2, 0x94, 0x80, 0x20, 0x2a, 0x2f, 0x0a, 0x2e, 0x63, 0x61, 0x74, 0x61, 0x6c, 0x6f, 0x67
  .byte 0x2d, 0x67, 0x72, 0x6f, 0x75, 0x70, 0x20, 0x7b, 0x0a, 0x20, 0x20, 0x64, 0x69, 0x73, 0x70, 0x6c
  .byte 0x61, 0x79, 0x3a, 0x20, 0x66, 0x6c, 0x65, 0x78, 0x3b, 0x0a, 0x20, 0x20, 0x66, 0x6c, 0x65, 0x78
  .byte 0x2d, 0x64, 0x69, 0x72, 0x65, 0x63, 0x74, 0x69, 0x6f, 0x6e, 0x3a, 0x20, 0x63, 0x6f, 0x6c, 0x75
  .byte 0x6d, 0x6e, 0x3b, 0x0a, 0x20, 0x20, 0x67, 0x61, 0x70, 0x3a, 0x20, 0x37, 0x70, 0x78, 0x3b, 0x0a
  .byte 0x7d, 0x0a, 0x0a, 0x2e, 0x63, 0x61, 0x74, 0x61, 0x6c, 0x6f, 0x67, 0x2d, 0x67, 0x72, 0x6f, 0x75
  .byte 0x70, 0x2d, 0x6e, 0x61, 0x6d, 0x65, 0x20, 0x7b, 0x0a, 0x20, 0x20, 0x66, 0x6f, 0x6e, 0x74, 0x2d
  .byte 0x73, 0x69, 0x7a, 0x65, 0x3a, 0x20, 0x31, 0x30, 0x70, 0x78, 0x3b, 0x0a, 0x20, 0x20, 0x66, 0x6f
  .byte 0x6e, 0x74, 0x2d, 0x77, 0x65, 0x69, 0x67, 0x68, 0x74, 0x3a, 0x20, 0x37, 0x30, 0x30, 0x3b, 0x0a
  .byte 0x20, 0x20, 0x6c, 0x65, 0x74, 0x74, 0x65, 0x72, 0x2d, 0x73, 0x70, 0x61, 0x63, 0x69, 0x6e, 0x67
  .byte 0x3a, 0x20, 0x30, 0x2e, 0x30, 0x37, 0x65, 0x6d, 0x3b, 0x0a, 0x20, 0x20, 0x74, 0x65, 0x78, 0x74
  .byte 0x2d, 0x74, 0x72, 0x61, 0x6e, 0x73, 0x66, 0x6f, 0x72, 0x6d, 0x3a, 0x20, 0x75, 0x70, 0x70, 0x65
  .byte 0x72, 0x63, 0x61, 0x73, 0x65, 0x3b, 0x0a, 0x20, 0x20, 0x63, 0x6f, 0x6c, 0x6f, 0x72, 0x3a, 0x20
  .byte 0x76, 0x61, 0x72, 0x28, 0x2d, 0x2d, 0x74, 0x65, 0x78, 0x74, 0x2d, 0x74, 0x65, 0x72, 0x74, 0x69
  .byte 0x61, 0x72, 0x79, 0x29, 0x3b, 0x0a, 0x20, 0x20, 0x70, 0x61, 0x64, 0x64, 0x69, 0x6e, 0x67, 0x2d
  .byte 0x62, 0x6f, 0x74, 0x74, 0x6f, 0x6d, 0x3a, 0x20, 0x35, 0x70, 0x78, 0x3b, 0x0a, 0x20, 0x20, 0x62
  .byte 0x6f, 0x72, 0x64, 0x65, 0x72, 0x2d, 0x62, 0x6f, 0x74, 0x74, 0x6f, 0x6d, 0x3a, 0x20, 0x31, 0x70
  .byte 0x78, 0x20, 0x73, 0x6f, 0x6c, 0x69, 0x64, 0x20, 0x76, 0x61, 0x72, 0x28, 0x2d, 0x2d, 0x62, 0x6f
  .byte 0x72, 0x64, 0x65, 0x72, 0x29, 0x3b, 0x0a, 0x7d, 0x0a, 0x0a, 0x2f, 0x2a, 0x20, 0xe2, 0x94, 0x80
  .byte 0xe2, 0x94, 0x80, 0xe2, 0x94, 0x80, 0x20, 0x43, 0x68, 0x69, 0x70, 0x73, 0x20, 0xe2, 0x94, 0x80
  .byte 0xe2, 0x94, 0x80, 0xe2, 0x94, 0x80, 0xe2, 0x94, 0x80, 0xe2, 0x94, 0x80, 0xe2, 0x94, 0x80, 0xe2
  .byte 0x94, 0x80, 0xe2, 0x94, 0x80, 0xe2, 0x94, 0x80, 0xe2, 0x94, 0x80, 0xe2, 0x94, 0x80, 0xe2, 0x94
  .byte 0x80, 0xe2, 0x94, 0x80, 0xe2, 0x94, 0x80, 0xe2, 0x94, 0x80, 0xe2, 0x94, 0x80, 0xe2, 0x94, 0x80
  .byte 0xe2, 0x94, 0x80, 0xe2, 0x94, 0x80, 0xe2, 0x94, 0x80, 0xe2, 0x94, 0x80, 0xe2, 0x94, 0x80, 0xe2
  .byte 0x94, 0x80, 0xe2, 0x94, 0x80, 0xe2, 0x94, 0x80, 0xe2, 0x94, 0x80, 0xe2, 0x94, 0x80, 0xe2, 0x94
  .byte 0x80, 0xe2, 0x94, 0x80, 0xe2, 0x94, 0x80, 0xe2, 0x94, 0x80, 0xe2, 0x94, 0x80, 0xe2, 0x94, 0x80
  .byte 0xe2, 0x94, 0x80, 0xe2, 0x94, 0x80, 0xe2, 0x94, 0x80, 0xe2, 0x94, 0x80, 0xe2, 0x94, 0x80, 0xe2
  .byte 0x94, 0x80, 0xe2, 0x94, 0x80, 0xe2, 0x94, 0x80, 0xe2, 0x94, 0x80, 0xe2, 0x94, 0x80, 0xe2, 0x94
  .byte 0x80, 0xe2, 0x94, 0x80, 0xe2, 0x94, 0x80, 0xe2, 0x94, 0x80, 0xe2, 0x94, 0x80, 0xe2, 0x94, 0x80
  .byte 0xe2, 0x94, 0x80, 0xe2, 0x94, 0x80, 0xe2, 0x94, 0x80, 0xe2, 0x94, 0x80, 0xe2, 0x94, 0x80, 0xe2
  .byte 0x94, 0x80, 0xe2, 0x94, 0x80, 0xe2, 0x94, 0x80, 0xe2, 0x94, 0x80, 0xe2, 0x94, 0x80, 0xe2, 0x94
  .byte 0x80, 0xe2, 0x94, 0x80, 0xe2, 0x94, 0x80, 0xe2, 0x94, 0x80, 0xe2, 0x94, 0x80, 0xe2, 0x94, 0x80
  .byte 0xe2, 0x94, 0x80, 0xe2, 0x94, 0x80, 0xe2, 0x94, 0x80, 0x20, 0x2a, 0x2f, 0x0a, 0x2e, 0x63, 0x61
  .byte 0x74, 0x61, 0x6c, 0x6f, 0x67, 0x2d, 0x63, 0x68, 0x69, 0x70, 0x73, 0x20, 0x7b, 0x0a, 0x20, 0x20
  .byte 0x64, 0x69, 0x73, 0x70, 0x6c, 0x61, 0x79, 0x3a, 0x20, 0x66, 0x6c, 0x65, 0x78, 0x3b, 0x0a, 0x20
  .byte 0x20, 0x66, 0x6c, 0x65, 0x78, 0x2d, 0x77, 0x72, 0x61, 0x70, 0x3a, 0x20, 0x77, 0x72, 0x61, 0x70
  .byte 0x3b, 0x0a, 0x20, 0x20, 0x67, 0x61, 0x70, 0x3a, 0x20, 0x35, 0x70, 0x78, 0x3b, 0x0a, 0x7d, 0x0a
  .byte 0x0a, 0x2e, 0x63, 0x61, 0x74, 0x61, 0x6c, 0x6f, 0x67, 0x2d, 0x63, 0x68, 0x69, 0x70, 0x20, 0x7b
  .byte 0x0a, 0x20, 0x20, 0x66, 0x6f, 0x6e, 0x74, 0x2d, 0x66, 0x61, 0x6d, 0x69, 0x6c, 0x79, 0x3a, 0x20
  .byte 0x76, 0x61, 0x72, 0x28, 0x2d, 0x2d, 0x66, 0x6f, 0x6e, 0x74, 0x2d, 0x6d, 0x6f, 0x6e, 0x6f, 0x29
  .byte 0x3b, 0x0a, 0x20, 0x20, 0x66, 0x6f, 0x6e, 0x74, 0x2d, 0x73, 0x69, 0x7a, 0x65, 0x3a, 0x20, 0x31
  .byte 0x31, 0x70, 0x78, 0x3b, 0x0a, 0x20, 0x20, 0x70, 0x61, 0x64, 0x64, 0x69, 0x6e, 0x67, 0x3a, 0x20
  .byte 0x32, 0x70, 0x78, 0x20, 0x38, 0x70, 0x78, 0x3b, 0x0a, 0x20, 0x20, 0x62, 0x61, 0x63, 0x6b, 0x67
  .byte 0x72, 0x6f, 0x75, 0x6e, 0x64, 0x3a, 0x20, 0x76, 0x61, 0x72, 0x28, 0x2d, 0x2d, 0x63, 0x68, 0x69
  .byte 0x70, 0x2d, 0x62, 0x67, 0x29, 0x3b, 0x0a, 0x20, 0x20, 0x62, 0x6f, 0x72, 0x64, 0x65, 0x72, 0x3a
  .byte 0x20, 0x31, 0x70, 0x78, 0x20, 0x73, 0x6f, 0x6c, 0x69, 0x64, 0x20, 0x76, 0x61, 0x72, 0x28, 0x2d
  .byte 0x2d, 0x63, 0x68, 0x69, 0x70, 0x2d, 0x62, 0x6f, 0x72, 0x64, 0x65, 0x72, 0x29, 0x3b, 0x0a, 0x20
  .byte 0x20, 0x62, 0x6f, 0x72, 0x64, 0x65, 0x72, 0x2d, 0x72, 0x61, 0x64, 0x69, 0x75, 0x73, 0x3a, 0x20
  .byte 0x35, 0x70, 0x78, 0x3b, 0x0a, 0x20, 0x20, 0x63, 0x6f, 0x6c, 0x6f, 0x72, 0x3a, 0x20, 0x76, 0x61
  .byte 0x72, 0x28, 0x2d, 0x2d, 0x74, 0x65, 0x78, 0x74, 0x2d, 0x73, 0x65, 0x63, 0x6f, 0x6e, 0x64, 0x61
  .byte 0x72, 0x79, 0x29, 0x3b, 0x0a, 0x20, 0x20, 0x63, 0x75, 0x72, 0x73, 0x6f, 0x72, 0x3a, 0x20, 0x70
  .byte 0x6f, 0x69, 0x6e, 0x74, 0x65, 0x72, 0x3b, 0x0a, 0x20, 0x20, 0x75, 0x73, 0x65, 0x72, 0x2d, 0x73
  .byte 0x65, 0x6c, 0x65, 0x63, 0x74, 0x3a, 0x20, 0x6e, 0x6f, 0x6e, 0x65, 0x3b, 0x0a, 0x20, 0x20, 0x74
  .byte 0x72, 0x61, 0x6e, 0x73, 0x69, 0x74, 0x69, 0x6f, 0x6e, 0x3a, 0x0a, 0x20, 0x20, 0x20, 0x20, 0x62
  .byte 0x61, 0x63, 0x6b, 0x67, 0x72, 0x6f, 0x75, 0x6e, 0x64, 0x20, 0x30, 0x2e, 0x31, 0x35, 0x73, 0x2c
  .byte 0x0a, 0x20, 0x20, 0x20, 0x20, 0x63, 0x6f, 0x6c, 0x6f, 0x72, 0x20, 0x30, 0x2e, 0x31, 0x35, 0x73
  .byte 0x2c, 0x0a, 0x20, 0x20, 0x20, 0x20, 0x62, 0x6f, 0x72, 0x64, 0x65, 0x72, 0x2d, 0x63, 0x6f, 0x6c
  .byte 0x6f, 0x72, 0x20, 0x30, 0x2e, 0x31, 0x35, 0x73, 0x3b, 0x0a, 0x7d, 0x0a, 0x0a, 0x2e, 0x63, 0x61
  .byte 0x74, 0x61, 0x6c, 0x6f, 0x67, 0x2d, 0x63, 0x68, 0x69, 0x70, 0x3a, 0x68, 0x6f, 0x76, 0x65, 0x72
  .byte 0x20, 0x7b, 0x0a, 0x20, 0x20, 0x62, 0x61, 0x63, 0x6b, 0x67, 0x72, 0x6f, 0x75, 0x6e, 0x64, 0x3a
  .byte 0x20, 0x76, 0x61, 0x72, 0x28, 0x2d, 0x2d, 0x63, 0x68, 0x69, 0x70, 0x2d, 0x68, 0x6f, 0x76, 0x65
  .byte 0x72, 0x29, 0x3b, 0x0a, 0x20, 0x20, 0x62, 0x6f, 0x72, 0x64, 0x65, 0x72, 0x2d, 0x63, 0x6f, 0x6c
  .byte 0x6f, 0x72, 0x3a, 0x20, 0x76, 0x61, 0x72, 0x28, 0x2d, 0x2d, 0x62, 0x6f, 0x72, 0x64, 0x65, 0x72
  .byte 0x2d, 0x73, 0x74, 0x72, 0x6f, 0x6e, 0x67, 0x29, 0x3b, 0x0a, 0x20, 0x20, 0x63, 0x6f, 0x6c, 0x6f
  .byte 0x72, 0x3a, 0x20, 0x76, 0x61, 0x72, 0x28, 0x2d, 0x2d, 0x74, 0x65, 0x78, 0x74, 0x2d, 0x70, 0x72
  .byte 0x69, 0x6d, 0x61, 0x72, 0x79, 0x29, 0x3b, 0x0a, 0x7d, 0x0a, 0x0a, 0x2e, 0x63, 0x61, 0x74, 0x61
  .byte 0x6c, 0x6f, 0x67, 0x2d, 0x63, 0x68, 0x69, 0x70, 0x2d, 0x2d, 0x61, 0x63, 0x74, 0x69, 0x76, 0x65
  .byte 0x20, 0x7b, 0x0a, 0x20, 0x20, 0x62, 0x61, 0x63, 0x6b, 0x67, 0x72, 0x6f, 0x75, 0x6e, 0x64, 0x3a
  .byte 0x20, 0x76, 0x61, 0x72, 0x28, 0x2d, 0x2d, 0x63, 0x68, 0x69, 0x70, 0x2d, 0x68, 0x6f, 0x76, 0x65
  .byte 0x72, 0x29, 0x3b, 0x0a, 0x20, 0x20, 0x62, 0x6f, 0x72, 0x64, 0x65, 0x72, 0x2d, 0x63, 0x6f, 0x6c
  .byte 0x6f, 0x72, 0x3a, 0x20, 0x76, 0x61, 0x72, 0x28, 0x2d, 0x2d, 0x62, 0x6f, 0x72, 0x64, 0x65, 0x72
  .byte 0x2d, 0x73, 0x74, 0x72, 0x6f, 0x6e, 0x67, 0x29, 0x3b, 0x0a, 0x20, 0x20, 0x63, 0x6f, 0x6c, 0x6f
  .byte 0x72, 0x3a, 0x20, 0x76, 0x61, 0x72, 0x28, 0x2d, 0x2d, 0x74, 0x65, 0x78, 0x74, 0x2d, 0x70, 0x72
  .byte 0x69, 0x6d, 0x61, 0x72, 0x79, 0x29, 0x3b, 0x0a, 0x7d, 0x0a, 0x0a, 0x2f, 0x2a, 0x20, 0xe2, 0x94
  .byte 0x80, 0xe2, 0x94, 0x80, 0xe2, 0x94, 0x80, 0x20, 0x50, 0x72, 0x6f, 0x70, 0x20, 0x50, 0x61, 0x6e
  .byte 0x65, 0x6c, 0x20, 0xe2, 0x94, 0x80, 0xe2, 0x94, 0x80, 0xe2, 0x94, 0x80, 0xe2, 0x94, 0x80, 0xe2
  .byte 0x94, 0x80, 0xe2, 0x94, 0x80, 0xe2, 0x94, 0x80, 0xe2, 0x94, 0x80, 0xe2, 0x94, 0x80, 0xe2, 0x94
  .byte 0x80, 0xe2, 0x94, 0x80, 0xe2, 0x94, 0x80, 0xe2, 0x94, 0x80, 0xe2, 0x94, 0x80, 0xe2, 0x94, 0x80
  .byte 0xe2, 0x94, 0x80, 0xe2, 0x94, 0x80, 0xe2, 0x94, 0x80, 0xe2, 0x94, 0x80, 0xe2, 0x94, 0x80, 0xe2
  .byte 0x94, 0x80, 0xe2, 0x94, 0x80, 0xe2, 0x94, 0x80, 0xe2, 0x94, 0x80, 0xe2, 0x94, 0x80, 0xe2, 0x94
  .byte 0x80, 0xe2, 0x94, 0x80, 0xe2, 0x94, 0x80, 0xe2, 0x94, 0x80, 0xe2, 0x94, 0x80, 0xe2, 0x94, 0x80
  .byte 0xe2, 0x94, 0x80, 0xe2, 0x94, 0x80, 0xe2, 0x94, 0x80, 0xe2, 0x94, 0x80, 0xe2, 0x94, 0x80, 0xe2
  .byte 0x94, 0x80, 0xe2, 0x94, 0x80, 0xe2, 0x94, 0x80, 0xe2, 0x94, 0x80, 0xe2, 0x94, 0x80, 0xe2, 0x94
  .byte 0x80, 0xe2, 0x94, 0x80, 0xe2, 0x94, 0x80, 0xe2, 0x94, 0x80, 0xe2, 0x94, 0x80, 0xe2, 0x94, 0x80
  .byte 0xe2, 0x94, 0x80, 0xe2, 0x94, 0x80, 0xe2, 0x94, 0x80, 0xe2, 0x94, 0x80, 0xe2, 0x94, 0x80, 0xe2
  .byte 0x94, 0x80, 0xe2, 0x94, 0x80, 0xe2, 0x94, 0x80, 0xe2, 0x94, 0x80, 0xe2, 0x94, 0x80, 0xe2, 0x94
  .byte 0x80, 0xe2, 0x94, 0x80, 0xe2, 0x94, 0x80, 0xe2, 0x94, 0x80, 0xe2, 0x94, 0x80, 0xe2, 0x94, 0x80
  .byte 0x20, 0x2a, 0x2f, 0x0a, 0x2e, 0x63, 0x61, 0x74, 0x61, 0x6c, 0x6f, 0x67, 0x2d, 0x70, 0x72, 0x6f
  .byte 0x70, 0x2d, 0x70, 0x61, 0x6e, 0x65, 0x6c, 0x20, 0x7b, 0x0a, 0x20, 0x20, 0x62, 0x61, 0x63, 0x6b
  .byte 0x67, 0x72, 0x6f, 0x75, 0x6e, 0x64, 0x3a, 0x20, 0x76, 0x61, 0x72, 0x28, 0x2d, 0x2d, 0x70, 0x61
  .byte 0x67, 0x65, 0x2d, 0x62, 0x67, 0x29, 0x3b, 0x0a, 0x20, 0x20, 0x62, 0x6f, 0x72, 0x64, 0x65, 0x72
  .byte 0x3a, 0x20, 0x31, 0x70, 0x78, 0x20, 0x73, 0x6f, 0x6c, 0x69, 0x64, 0x20, 0x76, 0x61, 0x72, 0x28
  .byte 0x2d, 0x2d, 0x62, 0x6f, 0x72, 0x64, 0x65, 0x72, 0x29, 0x3b, 0x0a, 0x20, 0x20, 0x62, 0x6f, 0x72
  .byte 0x64, 0x65, 0x72, 0x2d, 0x72, 0x61, 0x64, 0x69, 0x75, 0x73, 0x3a, 0x20, 0x36, 0x70, 0x78, 0x3b
  .byte 0x0a, 0x20, 0x20, 0x6f, 0x76, 0x65, 0x72, 0x66, 0x6c, 0x6f, 0x77, 0x3a, 0x20, 0x68, 0x69, 0x64
  .byte 0x64, 0x65, 0x6e, 0x3b, 0x0a, 0x7d, 0x0a, 0x0a, 0x2e, 0x63, 0x61, 0x74, 0x61, 0x6c, 0x6f, 0x67
  .byte 0x2d, 0x70, 0x72, 0x6f, 0x70, 0x2d, 0x70, 0x61, 0x6e, 0x65, 0x6c, 0x2d, 0x68, 0x65, 0x61, 0x64
  .byte 0x65, 0x72, 0x20, 0x7b, 0x0a, 0x20, 0x20, 0x70, 0x61, 0x64, 0x64, 0x69, 0x6e, 0x67, 0x3a, 0x20
  .byte 0x37, 0x70, 0x78, 0x20, 0x31, 0x30, 0x70, 0x78, 0x20, 0x36, 0x70, 0x78, 0x3b, 0x0a, 0x20, 0x20
  .byte 0x62, 0x6f, 0x72, 0x64, 0x65, 0x72, 0x2d, 0x62, 0x6f, 0x74, 0x74, 0x6f, 0x6d, 0x3a, 0x20, 0x31
  .byte 0x70, 0x78, 0x20, 0x73, 0x6f, 0x6c, 0x69, 0x64, 0x20, 0x76, 0x61, 0x72, 0x28, 0x2d, 0x2d, 0x62
  .byte 0x6f, 0x72, 0x64, 0x65, 0x72, 0x29, 0x3b, 0x0a, 0x20, 0x20, 0x64, 0x69, 0x73, 0x70, 0x6c, 0x61
  .byte 0x79, 0x3a, 0x20, 0x66, 0x6c, 0x65, 0x78, 0x3b, 0x0a, 0x20, 0x20, 0x66, 0x6c, 0x65, 0x78, 0x2d
  .byte 0x64, 0x69, 0x72, 0x65, 0x63, 0x74, 0x69, 0x6f, 0x6e, 0x3a, 0x20, 0x63, 0x6f, 0x6c, 0x75, 0x6d
  .byte 0x6e, 0x3b, 0x0a, 0x20, 0x20, 0x67, 0x61, 0x70, 0x3a, 0x20, 0x33, 0x70, 0x78, 0x3b, 0x0a, 0x7d
  .byte 0x0a, 0x0a, 0x2e, 0x63, 0x61, 0x74, 0x61, 0x6c, 0x6f, 0x67, 0x2d, 0x70, 0x72, 0x6f, 0x70, 0x2d
  .byte 0x63, 0x6f, 0x6d, 0x70, 0x2d, 0x6e, 0x61, 0x6d, 0x65, 0x20, 0x7b, 0x0a, 0x20, 0x20, 0x66, 0x6f
  .byte 0x6e, 0x74, 0x2d, 0x66, 0x61, 0x6d, 0x69, 0x6c, 0x79, 0x3a, 0x20, 0x76, 0x61, 0x72, 0x28, 0x2d
  .byte 0x2d, 0x66, 0x6f, 0x6e, 0x74, 0x2d, 0x6d, 0x6f, 0x6e, 0x6f, 0x29, 0x3b, 0x0a, 0x20, 0x20, 0x66
  .byte 0x6f, 0x6e, 0x74, 0x2d, 0x73, 0x69, 0x7a, 0x65, 0x3a, 0x20, 0x31, 0x31, 0x70, 0x78, 0x3b, 0x0a
  .byte 0x20, 0x20, 0x66, 0x6f, 0x6e, 0x74, 0x2d, 0x77, 0x65, 0x69, 0x67, 0x68, 0x74, 0x3a, 0x20, 0x37
  .byte 0x30, 0x30, 0x3b, 0x0a, 0x20, 0x20, 0x63, 0x6f, 0x6c, 0x6f, 0x72, 0x3a, 0x20, 0x76, 0x61, 0x72
  .byte 0x28, 0x2d, 0x2d, 0x74, 0x65, 0x78, 0x74, 0x2d, 0x70, 0x72, 0x69, 0x6d, 0x61, 0x72, 0x79, 0x29
  .byte 0x3b, 0x0a, 0x7d, 0x0a, 0x0a, 0x2e, 0x63, 0x61, 0x74, 0x61, 0x6c, 0x6f, 0x67, 0x2d, 0x70, 0x72
  .byte 0x6f, 0x70, 0x2d, 0x64, 0x65, 0x73, 0x63, 0x20, 0x7b, 0x0a, 0x20, 0x20, 0x66, 0x6f, 0x6e, 0x74
  .byte 0x2d, 0x66, 0x61, 0x6d, 0x69, 0x6c, 0x79, 0x3a, 0x20, 0x76, 0x61, 0x72, 0x28, 0x2d, 0x2d, 0x66
  .byte 0x6f, 0x6e, 0x74, 0x2d, 0x73, 0x61, 0x6e, 0x73, 0x29, 0x3b, 0x0a, 0x20, 0x20, 0x66, 0x6f, 0x6e
  .byte 0x74, 0x2d, 0x73, 0x69, 0x7a, 0x65, 0x3a, 0x20, 0x31, 0x30, 0x70, 0x78, 0x3b, 0x0a, 0x20, 0x20
  .byte 0x63, 0x6f, 0x6c, 0x6f, 0x72, 0x3a, 0x20, 0x76, 0x61, 0x72, 0x28, 0x2d, 0x2d, 0x74, 0x65, 0x78
  .byte 0x74, 0x2d, 0x74, 0x65, 0x72, 0x74, 0x69, 0x61, 0x72, 0x79, 0x29, 0x3b, 0x0a, 0x20, 0x20, 0x6c
  .byte 0x69, 0x6e, 0x65, 0x2d, 0x68, 0x65, 0x69, 0x67, 0x68, 0x74, 0x3a, 0x20, 0x31, 0x2e, 0x35, 0x3b
  .byte 0x0a, 0x7d, 0x0a, 0x0a, 0x2e, 0x63, 0x61, 0x74, 0x61, 0x6c, 0x6f, 0x67, 0x2d, 0x70, 0x72, 0x6f
  .byte 0x70, 0x2d, 0x6c, 0x69, 0x73, 0x74, 0x20, 0x7b, 0x0a, 0x20, 0x20, 0x64, 0x69, 0x73, 0x70, 0x6c
  .byte 0x61, 0x79, 0x3a, 0x20, 0x66, 0x6c, 0x65, 0x78, 0x3b, 0x0a, 0x20, 0x20, 0x66, 0x6c, 0x65, 0x78
  .byte 0x2d, 0x64, 0x69, 0x72, 0x65, 0x63, 0x74, 0x69, 0x6f, 0x6e, 0x3a, 0x20, 0x63, 0x6f, 0x6c, 0x75
  .byte 0x6d, 0x6e, 0x3b, 0x0a, 0x7d, 0x0a, 0x0a, 0x2e, 0x63, 0x61, 0x74, 0x61, 0x6c, 0x6f, 0x67, 0x2d
  .byte 0x70, 0x72, 0x6f, 0x70, 0x2d, 0x72, 0x6f, 0x77, 0x20, 0x7b, 0x0a, 0x20, 0x20, 0x64, 0x69, 0x73
  .byte 0x70, 0x6c, 0x61, 0x79, 0x3a, 0x20, 0x66, 0x6c, 0x65, 0x78, 0x3b, 0x0a, 0x20, 0x20, 0x61, 0x6c
  .byte 0x69, 0x67, 0x6e, 0x2d, 0x69, 0x74, 0x65, 0x6d, 0x73, 0x3a, 0x20, 0x62, 0x61, 0x73, 0x65, 0x6c
  .byte 0x69, 0x6e, 0x65, 0x3b, 0x0a, 0x20, 0x20, 0x67, 0x61, 0x70, 0x3a, 0x20, 0x36, 0x70, 0x78, 0x3b
  .byte 0x0a, 0x20, 0x20, 0x70, 0x61, 0x64, 0x64, 0x69, 0x6e, 0x67, 0x3a, 0x20, 0x34, 0x70, 0x78, 0x20
  .byte 0x31, 0x30, 0x70, 0x78, 0x3b, 0x0a, 0x20, 0x20, 0x62, 0x6f, 0x72, 0x64, 0x65, 0x72, 0x2d, 0x62
  .byte 0x6f, 0x74, 0x74, 0x6f, 0x6d, 0x3a, 0x20, 0x31, 0x70, 0x78, 0x20, 0x73, 0x6f, 0x6c, 0x69, 0x64
  .byte 0x20, 0x76, 0x61, 0x72, 0x28, 0x2d, 0x2d, 0x62, 0x6f, 0x72, 0x64, 0x65, 0x72, 0x29, 0x3b, 0x0a
  .byte 0x7d, 0x0a, 0x0a, 0x2e, 0x63, 0x61, 0x74, 0x61, 0x6c, 0x6f, 0x67, 0x2d, 0x70, 0x72, 0x6f, 0x70
  .byte 0x2d, 0x72, 0x6f, 0x77, 0x3a, 0x6c, 0x61, 0x73, 0x74, 0x2d, 0x63, 0x68, 0x69, 0x6c, 0x64, 0x20
  .byte 0x7b, 0x0a, 0x20, 0x20, 0x62, 0x6f, 0x72, 0x64, 0x65, 0x72, 0x2d, 0x62, 0x6f, 0x74, 0x74, 0x6f
  .byte 0x6d, 0x3a, 0x20, 0x6e, 0x6f, 0x6e, 0x65, 0x3b, 0x0a, 0x7d, 0x0a, 0x0a, 0x2e, 0x63, 0x61, 0x74
  .byte 0x61, 0x6c, 0x6f, 0x67, 0x2d, 0x70, 0x72, 0x6f, 0x70, 0x2d, 0x6e, 0x61, 0x6d, 0x65, 0x20, 0x7b
  .byte 0x0a, 0x20, 0x20, 0x66, 0x6f, 0x6e, 0x74, 0x2d, 0x66, 0x61, 0x6d, 0x69, 0x6c, 0x79, 0x3a, 0x20
  .byte 0x76, 0x61, 0x72, 0x28, 0x2d, 0x2d, 0x66, 0x6f, 0x6e, 0x74, 0x2d, 0x6d, 0x6f, 0x6e, 0x6f, 0x29
  .byte 0x3b, 0x0a, 0x20, 0x20, 0x66, 0x6f, 0x6e, 0x74, 0x2d, 0x73, 0x69, 0x7a, 0x65, 0x3a, 0x20, 0x31
  .byte 0x30, 0x70, 0x78, 0x3b, 0x0a, 0x20, 0x20, 0x66, 0x6f, 0x6e, 0x74, 0x2d, 0x77, 0x65, 0x69, 0x67
  .byte 0x68, 0x74, 0x3a, 0x20, 0x36, 0x30, 0x30, 0x3b, 0x0a, 0x20, 0x20, 0x63, 0x6f, 0x6c, 0x6f, 0x72
  .byte 0x3a, 0x20, 0x76, 0x61, 0x72, 0x28, 0x2d, 0x2d, 0x74, 0x65, 0x78, 0x74, 0x2d, 0x70, 0x72, 0x69
  .byte 0x6d, 0x61, 0x72, 0x79, 0x29, 0x3b, 0x0a, 0x20, 0x20, 0x66, 0x6c, 0x65, 0x78, 0x2d, 0x73, 0x68
  .byte 0x72, 0x69, 0x6e, 0x6b, 0x3a, 0x20, 0x30, 0x3b, 0x0a, 0x20, 0x20, 0x6d, 0x69, 0x6e, 0x2d, 0x77
  .byte 0x69, 0x64, 0x74, 0x68, 0x3a, 0x20, 0x36, 0x34, 0x70, 0x78, 0x3b, 0x0a, 0x7d, 0x0a, 0x0a, 0x2e
  .byte 0x63, 0x61, 0x74, 0x61, 0x6c, 0x6f, 0x67, 0x2d, 0x70, 0x72, 0x6f, 0x70, 0x2d, 0x74, 0x79, 0x70
  .byte 0x65, 0x20, 0x7b, 0x0a, 0x20, 0x20, 0x66, 0x6f, 0x6e, 0x74, 0x2d, 0x66, 0x61, 0x6d, 0x69, 0x6c
  .byte 0x79, 0x3a, 0x20, 0x76, 0x61, 0x72, 0x28, 0x2d, 0x2d, 0x66, 0x6f, 0x6e, 0x74, 0x2d, 0x6d, 0x6f
  .byte 0x6e, 0x6f, 0x29, 0x3b, 0x0a, 0x20, 0x20, 0x66, 0x6f, 0x6e, 0x74, 0x2d, 0x73, 0x69, 0x7a, 0x65
  .byte 0x3a, 0x20, 0x31, 0x30, 0x70, 0x78, 0x3b, 0x0a, 0x20, 0x20, 0x63, 0x6f, 0x6c, 0x6f, 0x72, 0x3a
  .byte 0x20, 0x76, 0x61, 0x72, 0x28, 0x2d, 0x2d, 0x74, 0x65, 0x78, 0x74, 0x2d, 0x73, 0x65, 0x63, 0x6f
  .byte 0x6e, 0x64, 0x61, 0x72, 0x79, 0x29, 0x3b, 0x0a, 0x20, 0x20, 0x66, 0x6c, 0x65, 0x78, 0x3a, 0x20
  .byte 0x31, 0x3b, 0x0a, 0x20, 0x20, 0x6f, 0x76, 0x65, 0x72, 0x66, 0x6c, 0x6f, 0x77, 0x3a, 0x20, 0x68
  .byte 0x69, 0x64, 0x64, 0x65, 0x6e, 0x3b, 0x0a, 0x20, 0x20, 0x74, 0x65, 0x78, 0x74, 0x2d, 0x6f, 0x76
  .byte 0x65, 0x72, 0x66, 0x6c, 0x6f, 0x77, 0x3a, 0x20, 0x65, 0x6c, 0x6c, 0x69, 0x70, 0x73, 0x69, 0x73
  .byte 0x3b, 0x0a, 0x20, 0x20, 0x77, 0x68, 0x69, 0x74, 0x65, 0x2d, 0x73, 0x70, 0x61, 0x63, 0x65, 0x3a
  .byte 0x20, 0x6e, 0x6f, 0x77, 0x72, 0x61, 0x70, 0x3b, 0x0a, 0x7d, 0x0a, 0x0a, 0x2e, 0x63, 0x61, 0x74
  .byte 0x61, 0x6c, 0x6f, 0x67, 0x2d, 0x70, 0x72, 0x6f, 0x70, 0x2d, 0x65, 0x6d, 0x70, 0x74, 0x79, 0x20
  .byte 0x7b, 0x0a, 0x20, 0x20, 0x66, 0x6f, 0x6e, 0x74, 0x2d, 0x66, 0x61, 0x6d, 0x69, 0x6c, 0x79, 0x3a
  .byte 0x20, 0x76, 0x61, 0x72, 0x28, 0x2d, 0x2d, 0x66, 0x6f, 0x6e, 0x74, 0x2d, 0x6d, 0x6f, 0x6e, 0x6f
  .byte 0x29, 0x3b, 0x0a, 0x20, 0x20, 0x66, 0x6f, 0x6e, 0x74, 0x2d, 0x73, 0x69, 0x7a, 0x65, 0x3a, 0x20
  .byte 0x31, 0x30, 0x70, 0x78, 0x3b, 0x0a, 0x20, 0x20, 0x63, 0x6f, 0x6c, 0x6f, 0x72, 0x3a, 0x20, 0x76
  .byte 0x61, 0x72, 0x28, 0x2d, 0x2d, 0x74, 0x65, 0x78, 0x74, 0x2d, 0x74, 0x65, 0x72, 0x74, 0x69, 0x61
  .byte 0x72, 0x79, 0x29, 0x3b, 0x0a, 0x20, 0x20, 0x70, 0x61, 0x64, 0x64, 0x69, 0x6e, 0x67, 0x3a, 0x20
  .byte 0x38, 0x70, 0x78, 0x20, 0x31, 0x30, 0x70, 0x78, 0x3b, 0x0a, 0x7d, 0x0a, 0x0a, 0x2f, 0x2a, 0x20
  .byte 0xe2, 0x94, 0x80, 0xe2, 0x94, 0x80, 0xe2, 0x94, 0x80, 0x20, 0x4e, 0x6f, 0x74, 0x65, 0x73, 0x20
  .byte 0xe2, 0x94, 0x80, 0xe2, 0x94, 0x80, 0xe2, 0x94, 0x80, 0xe2, 0x94, 0x80, 0xe2, 0x94, 0x80, 0xe2
  .byte 0x94, 0x80, 0xe2, 0x94, 0x80, 0xe2, 0x94, 0x80, 0xe2, 0x94, 0x80, 0xe2, 0x94, 0x80, 0xe2, 0x94
  .byte 0x80, 0xe2, 0x94, 0x80, 0xe2, 0x94, 0x80, 0xe2, 0x94, 0x80, 0xe2, 0x94, 0x80, 0xe2, 0x94, 0x80
  .byte 0xe2, 0x94, 0x80, 0xe2, 0x94, 0x80, 0xe2, 0x94, 0x80, 0xe2, 0x94, 0x80, 0xe2, 0x94, 0x80, 0xe2
  .byte 0x94, 0x80, 0xe2, 0x94, 0x80, 0xe2, 0x94, 0x80, 0xe2, 0x94, 0x80, 0xe2, 0x94, 0x80, 0xe2, 0x94
  .byte 0x80, 0xe2, 0x94, 0x80, 0xe2, 0x94, 0x80, 0xe2, 0x94, 0x80, 0xe2, 0x94, 0x80, 0xe2, 0x94, 0x80
  .byte 0xe2, 0x94, 0x80, 0xe2, 0x94, 0x80, 0xe2, 0x94, 0x80, 0xe2, 0x94, 0x80, 0xe2, 0x94, 0x80, 0xe2
  .byte 0x94, 0x80, 0xe2, 0x94, 0x80, 0xe2, 0x94, 0x80, 0xe2, 0x94, 0x80, 0xe2, 0x94, 0x80, 0xe2, 0x94
  .byte 0x80, 0xe2, 0x94, 0x80, 0xe2, 0x94, 0x80, 0xe2, 0x94, 0x80, 0xe2, 0x94, 0x80, 0xe2, 0x94, 0x80
  .byte 0xe2, 0x94, 0x80, 0xe2, 0x94, 0x80, 0xe2, 0x94, 0x80, 0xe2, 0x94, 0x80, 0xe2, 0x94, 0x80, 0xe2
  .byte 0x94, 0x80, 0xe2, 0x94, 0x80, 0xe2, 0x94, 0x80, 0xe2, 0x94, 0x80, 0xe2, 0x94, 0x80, 0xe2, 0x94
  .byte 0x80, 0xe2, 0x94, 0x80, 0xe2, 0x94, 0x80, 0xe2, 0x94, 0x80, 0xe2, 0x94, 0x80, 0xe2, 0x94, 0x80
  .byte 0xe2, 0x94, 0x80, 0xe2, 0x94, 0x80, 0xe2, 0x94, 0x80, 0xe2, 0x94, 0x80, 0x20, 0x2a, 0x2f, 0x0a
  .byte 0x2e, 0x63, 0x61, 0x74, 0x61, 0x6c, 0x6f, 0x67, 0x2d, 0x6e, 0x6f, 0x74, 0x65, 0x73, 0x20, 0x7b
  .byte 0x0a, 0x20, 0x20, 0x64, 0x69, 0x73, 0x70, 0x6c, 0x61, 0x79, 0x3a, 0x20, 0x66, 0x6c, 0x65, 0x78
  .byte 0x3b, 0x0a, 0x20, 0x20, 0x66, 0x6c, 0x65, 0x78, 0x2d, 0x64, 0x69, 0x72, 0x65, 0x63, 0x74, 0x69
  .byte 0x6f, 0x6e, 0x3a, 0x20, 0x63, 0x6f, 0x6c, 0x75, 0x6d, 0x6e, 0x3b, 0x0a, 0x20, 0x20, 0x67, 0x61
  .byte 0x70, 0x3a, 0x20, 0x33, 0x70, 0x78, 0x3b, 0x0a, 0x20, 0x20, 0x6d, 0x61, 0x72, 0x67, 0x69, 0x6e
  .byte 0x2d, 0x74, 0x6f, 0x70, 0x3a, 0x20, 0x31, 0x70, 0x78, 0x3b, 0x0a, 0x7d, 0x0a, 0x0a, 0x2e, 0x63
  .byte 0x61, 0x74, 0x61, 0x6c, 0x6f, 0x67, 0x2d, 0x6e, 0x6f, 0x74, 0x65, 0x20, 0x7b, 0x0a, 0x20, 0x20
  .byte 0x66, 0x6f, 0x6e, 0x74, 0x2d, 0x66, 0x61, 0x6d, 0x69, 0x6c, 0x79, 0x3a, 0x20, 0x76, 0x61, 0x72
  .byte 0x28, 0x2d, 0x2d, 0x66, 0x6f, 0x6e, 0x74, 0x2d, 0x6d, 0x6f, 0x6e, 0x6f, 0x29, 0x3b, 0x0a, 0x20
  .byte 0x20, 0x66, 0x6f, 0x6e, 0x74, 0x2d, 0x73, 0x69, 0x7a, 0x65, 0x3a, 0x20, 0x31, 0x30, 0x70, 0x78
  .byte 0x3b, 0x0a, 0x20, 0x20, 0x63, 0x6f, 0x6c, 0x6f, 0x72, 0x3a, 0x20, 0x76, 0x61, 0x72, 0x28, 0x2d
  .byte 0x2d, 0x74, 0x65, 0x78, 0x74, 0x2d, 0x74, 0x65, 0x72, 0x74, 0x69, 0x61, 0x72, 0x79, 0x29, 0x3b
  .byte 0x0a, 0x20, 0x20, 0x6c, 0x69, 0x6e, 0x65, 0x2d, 0x68, 0x65, 0x69, 0x67, 0x68, 0x74, 0x3a, 0x20
  .byte 0x31, 0x2e, 0x36, 0x3b, 0x0a, 0x7d, 0x0a, 0x0a, 0x2f, 0x2a, 0x20, 0xe2, 0x94, 0x80, 0xe2, 0x94
  .byte 0x80, 0xe2, 0x94, 0x80, 0x20, 0x4e, 0x6f, 0x6e, 0x2d, 0x6d, 0x6f, 0x62, 0x69, 0x6c, 0x65, 0x3a
  .byte 0x20, 0x6c, 0x6f, 0x63, 0x6b, 0x20, 0x70, 0x61, 0x6e, 0x65, 0x6c, 0x20, 0x6f, 0x70, 0x65, 0x6e
  .byte 0x20, 0xe2, 0x94, 0x80, 0xe2, 0x94, 0x80, 0xe2, 0x94, 0x80, 0xe2, 0x94, 0x80, 0xe2, 0x94, 0x80
  .byte 0xe2, 0x94, 0x80, 0xe2, 0x94, 0x80, 0xe2, 0x94, 0x80, 0xe2, 0x94, 0x80, 0xe2, 0x94, 0x80, 0xe2
  .byte 0x94, 0x80, 0xe2, 0x94, 0x80, 0xe2, 0x94, 0x80, 0xe2, 0x94, 0x80, 0xe2, 0x94, 0x80, 0xe2, 0x94
  .byte 0x80, 0xe2, 0x94, 0x80, 0xe2, 0x94, 0x80, 0xe2, 0x94, 0x80, 0xe2, 0x94, 0x80, 0xe2, 0x94, 0x80
  .byte 0xe2, 0x94, 0x80, 0xe2, 0x94, 0x80, 0xe2, 0x94, 0x80, 0xe2, 0x94, 0x80, 0xe2, 0x94, 0x80, 0xe2
  .byte 0x94, 0x80, 0xe2, 0x94, 0x80, 0xe2, 0x94, 0x80, 0xe2, 0x94, 0x80, 0xe2, 0x94, 0x80, 0xe2, 0x94
  .byte 0x80, 0xe2, 0x94, 0x80, 0xe2, 0x94, 0x80, 0xe2, 0x94, 0x80, 0xe2, 0x94, 0x80, 0xe2, 0x94, 0x80
  .byte 0xe2, 0x94, 0x80, 0xe2, 0x94, 0x80, 0xe2, 0x94, 0x80, 0xe2, 0x94, 0x80, 0xe2, 0x94, 0x80, 0xe2
  .byte 0x94, 0x80, 0xe2, 0x94, 0x80, 0xe2, 0x94, 0x80, 0xe2, 0x94, 0x80, 0x20, 0x2a, 0x2f, 0x0a, 0x40
  .byte 0x6d, 0x65, 0x64, 0x69, 0x61, 0x20, 0x28, 0x6d, 0x69, 0x6e, 0x2d, 0x77, 0x69, 0x64, 0x74, 0x68
  .byte 0x3a, 0x20, 0x37, 0x36, 0x39, 0x70, 0x78, 0x29, 0x20, 0x7b, 0x0a, 0x20, 0x20, 0x2e, 0x63, 0x61
  .byte 0x74, 0x61, 0x6c, 0x6f, 0x67, 0x2d, 0x70, 0x61, 0x6e, 0x65, 0x6c, 0x2d, 0x74, 0x6f, 0x67, 0x67
  .byte 0x6c, 0x65, 0x20, 0x7b, 0x0a, 0x20, 0x20, 0x20, 0x20, 0x64, 0x69, 0x73, 0x70, 0x6c, 0x61, 0x79
  .byte 0x3a, 0x20, 0x6e, 0x6f, 0x6e, 0x65, 0x3b, 0x0a, 0x20, 0x20, 0x7d, 0x0a, 0x0a, 0x20, 0x20, 0x2e
  .byte 0x63, 0x61, 0x74, 0x61, 0x6c, 0x6f, 0x67, 0x2d, 0x70, 0x61, 0x6e, 0x65, 0x6c, 0x2d, 0x2d, 0x63
  .byte 0x6f, 0x6c, 0x6c, 0x61, 0x70, 0x73, 0x65, 0x64, 0x20, 0x7b, 0x0a, 0x20, 0x20, 0x20, 0x20, 0x77
  .byte 0x69, 0x64, 0x74, 0x68, 0x3a, 0x20, 0x33, 0x32, 0x30, 0x70, 0x78, 0x3b, 0x0a, 0x20, 0x20, 0x7d
  .byte 0x0a, 0x0a, 0x20, 0x20, 0x2e, 0x63, 0x61, 0x74, 0x61, 0x6c, 0x6f, 0x67, 0x2d, 0x70, 0x61, 0x6e
  .byte 0x65, 0x6c, 0x2d, 0x2d, 0x63, 0x6f, 0x6c, 0x6c, 0x61, 0x70, 0x73, 0x65, 0x64, 0x20, 0x2e, 0x63
  .byte 0x61, 0x74, 0x61, 0x6c, 0x6f, 0x67, 0x2d, 0x70, 0x61, 0x6e, 0x65, 0x6c, 0x2d, 0x68, 0x65, 0x61
  .byte 0x64, 0x65, 0x72, 0x20, 0x7b, 0x0a, 0x20, 0x20, 0x20, 0x20, 0x70, 0x61, 0x64, 0x64, 0x69, 0x6e
  .byte 0x67, 0x3a, 0x20, 0x31, 0x34, 0x70, 0x78, 0x20, 0x31, 0x36, 0x70, 0x78, 0x3b, 0x0a, 0x20, 0x20
  .byte 0x20, 0x20, 0x6a, 0x75, 0x73, 0x74, 0x69, 0x66, 0x79, 0x2d, 0x63, 0x6f, 0x6e, 0x74, 0x65, 0x6e
  .byte 0x74, 0x3a, 0x20, 0x73, 0x70, 0x61, 0x63, 0x65, 0x2d, 0x62, 0x65, 0x74, 0x77, 0x65, 0x65, 0x6e
  .byte 0x3b, 0x0a, 0x20, 0x20, 0x20, 0x20, 0x66, 0x6c, 0x65, 0x78, 0x2d, 0x64, 0x69, 0x72, 0x65, 0x63
  .byte 0x74, 0x69, 0x6f, 0x6e, 0x3a, 0x20, 0x72, 0x6f, 0x77, 0x3b, 0x0a, 0x20, 0x20, 0x20, 0x20, 0x67
  .byte 0x61, 0x70, 0x3a, 0x20, 0x38, 0x70, 0x78, 0x3b, 0x0a, 0x20, 0x20, 0x7d, 0x0a, 0x0a, 0x20, 0x20
  .byte 0x2e, 0x63, 0x61, 0x74, 0x61, 0x6c, 0x6f, 0x67, 0x2d, 0x70, 0x61, 0x6e, 0x65, 0x6c, 0x2d, 0x69
  .byte 0x63, 0x6f, 0x6e, 0x2d, 0x6f, 0x6e, 0x6c, 0x79, 0x20, 0x7b, 0x0a, 0x20, 0x20, 0x20, 0x20, 0x64
  .byte 0x69, 0x73, 0x70, 0x6c, 0x61, 0x79, 0x3a, 0x20, 0x6e, 0x6f, 0x6e, 0x65, 0x3b, 0x0a, 0x20, 0x20
  .byte 0x7d, 0x0a, 0x0a, 0x20, 0x20, 0x2e, 0x63, 0x61, 0x74, 0x61, 0x6c, 0x6f, 0x67, 0x2d, 0x70, 0x61
  .byte 0x6e, 0x65, 0x6c, 0x2d, 0x62, 0x6f, 0x64, 0x79, 0x2d, 0x2d, 0x68, 0x69, 0x64, 0x64, 0x65, 0x6e
  .byte 0x20, 0x7b, 0x0a, 0x20, 0x20, 0x20, 0x20, 0x64, 0x69, 0x73, 0x70, 0x6c, 0x61, 0x79, 0x3a, 0x20
  .byte 0x66, 0x6c, 0x65, 0x78, 0x3b, 0x0a, 0x20, 0x20, 0x7d, 0x0a, 0x7d, 0x0a, 0x0a, 0x2f, 0x2a, 0x20
  .byte 0xe2, 0x94, 0x80, 0xe2, 0x94, 0x80, 0xe2, 0x94, 0x80, 0x20, 0x4d, 0x6f, 0x62, 0x69, 0x6c, 0x65
  .byte 0x20, 0xe2, 0x94, 0x80, 0xe2, 0x94, 0x80, 0xe2, 0x94, 0x80, 0xe2, 0x94, 0x80, 0xe2, 0x94, 0x80
  .byte 0xe2, 0x94, 0x80, 0xe2, 0x94, 0x80, 0xe2, 0x94, 0x80, 0xe2, 0x94, 0x80, 0xe2, 0x94, 0x80, 0xe2
  .byte 0x94, 0x80, 0xe2, 0x94, 0x80, 0xe2, 0x94, 0x80, 0xe2, 0x94, 0x80, 0xe2, 0x94, 0x80, 0xe2, 0x94
  .byte 0x80, 0xe2, 0x94, 0x80, 0xe2, 0x94, 0x80, 0xe2, 0x94, 0x80, 0xe2, 0x94, 0x80, 0xe2, 0x94, 0x80
  .byte 0xe2, 0x94, 0x80, 0xe2, 0x94, 0x80, 0xe2, 0x94, 0x80, 0xe2, 0x94, 0x80, 0xe2, 0x94, 0x80, 0xe2
  .byte 0x94, 0x80, 0xe2, 0x94, 0x80, 0xe2, 0x94, 0x80, 0xe2, 0x94, 0x80, 0xe2, 0x94, 0x80, 0xe2, 0x94
  .byte 0x80, 0xe2, 0x94, 0x80, 0xe2, 0x94, 0x80, 0xe2, 0x94, 0x80, 0xe2, 0x94, 0x80, 0xe2, 0x94, 0x80
  .byte 0xe2, 0x94, 0x80, 0xe2, 0x94, 0x80, 0xe2, 0x94, 0x80, 0xe2, 0x94, 0x80, 0xe2, 0x94, 0x80, 0xe2
  .byte 0x94, 0x80, 0xe2, 0x94, 0x80, 0xe2, 0x94, 0x80, 0xe2, 0x94, 0x80, 0xe2, 0x94, 0x80, 0xe2, 0x94
  .byte 0x80, 0xe2, 0x94, 0x80, 0xe2, 0x94, 0x80, 0xe2, 0x94, 0x80, 0xe2, 0x94, 0x80, 0xe2, 0x94, 0x80
  .byte 0xe2, 0x94, 0x80, 0xe2, 0x94, 0x80, 0xe2, 0x94, 0x80, 0xe2, 0x94, 0x80, 0xe2, 0x94, 0x80, 0xe2
  .byte 0x94, 0x80, 0xe2, 0x94, 0x80, 0xe2, 0x94, 0x80, 0xe2, 0x94, 0x80, 0xe2, 0x94, 0x80, 0xe2, 0x94
  .byte 0x80, 0xe2, 0x94, 0x80, 0xe2, 0x94, 0x80, 0xe2, 0x94, 0x80, 0x20, 0x2a, 0x2f, 0x0a, 0x40, 0x6d
  .byte 0x65, 0x64, 0x69, 0x61, 0x20, 0x28, 0x6d, 0x61, 0x78, 0x2d, 0x77, 0x69, 0x64, 0x74, 0x68, 0x3a
  .byte 0x20, 0x37, 0x36, 0x38, 0x70, 0x78, 0x29, 0x20, 0x7b, 0x0a, 0x20, 0x20, 0x2e, 0x63, 0x61, 0x74
  .byte 0x61, 0x6c, 0x6f, 0x67, 0x2d, 0x70, 0x61, 0x6e, 0x65, 0x6c, 0x20, 0x7b, 0x0a, 0x20, 0x20, 0x20
  .byte 0x20, 0x77, 0x69, 0x64, 0x74, 0x68, 0x3a, 0x20, 0x31, 0x30, 0x30, 0x25, 0x3b, 0x0a, 0x20, 0x20
  .byte 0x20, 0x20, 0x62, 0x6f, 0x72, 0x64, 0x65, 0x72, 0x2d, 0x72, 0x69, 0x67, 0x68, 0x74, 0x3a, 0x20
  .byte 0x6e, 0x6f, 0x6e, 0x65, 0x3b, 0x0a, 0x20, 0x20, 0x20, 0x20, 0x62, 0x6f, 0x72, 0x64, 0x65, 0x72
  .byte 0x2d, 0x62, 0x6f, 0x74, 0x74, 0x6f, 0x6d, 0x3a, 0x20, 0x31, 0x70, 0x78, 0x20, 0x73, 0x6f, 0x6c
  .byte 0x69, 0x64, 0x20, 0x76, 0x61, 0x72, 0x28, 0x2d, 0x2d, 0x62, 0x6f, 0x72, 0x64, 0x65, 0x72, 0x29
  .byte 0x3b, 0x0a, 0x20, 0x20, 0x20, 0x20, 0x66, 0x6c, 0x65, 0x78, 0x2d, 0x73, 0x68, 0x72, 0x69, 0x6e
  .byte 0x6b, 0x3a, 0x20, 0x30, 0x3b, 0x0a, 0x20, 0x20, 0x20, 0x20, 0x74, 0x72, 0x61, 0x6e, 0x73, 0x69
  .byte 0x74, 0x69, 0x6f, 0x6e, 0x3a, 0x20, 0x6e, 0x6f, 0x6e, 0x65, 0x3b, 0x0a, 0x20, 0x20, 0x7d, 0x0a
  .byte 0x0a, 0x20, 0x20, 0x2e, 0x63, 0x61, 0x74, 0x61, 0x6c, 0x6f, 0x67, 0x2d, 0x70, 0x61, 0x6e, 0x65
  .byte 0x6c, 0x2d, 0x2d, 0x63, 0x6f, 0x6c, 0x6c, 0x61, 0x70, 0x73, 0x65, 0x64, 0x20, 0x7b, 0x0a, 0x20
  .byte 0x20, 0x20, 0x20, 0x77, 0x69, 0x64, 0x74, 0x68, 0x3a, 0x20, 0x31, 0x30, 0x30, 0x25, 0x3b, 0x0a
  .byte 0x20, 0x20, 0x7d, 0x0a, 0x0a, 0x20, 0x20, 0x2e, 0x63, 0x61, 0x74, 0x61, 0x6c, 0x6f, 0x67, 0x2d
  .byte 0x70, 0x61, 0x6e, 0x65, 0x6c, 0x2d, 0x2d, 0x63, 0x6f, 0x6c, 0x6c, 0x61, 0x70, 0x73, 0x65, 0x64
  .byte 0x20, 0x2e, 0x63, 0x61, 0x74, 0x61, 0x6c, 0x6f, 0x67, 0x2d, 0x70, 0x61, 0x6e, 0x65, 0x6c, 0x2d
  .byte 0x68, 0x65, 0x61, 0x64, 0x65, 0x72, 0x20, 0x7b, 0x0a, 0x20, 0x20, 0x20, 0x20, 0x66, 0x6c, 0x65
  .byte 0x78, 0x2d, 0x64, 0x69, 0x72, 0x65, 0x63, 0x74, 0x69, 0x6f, 0x6e, 0x3a, 0x20, 0x72, 0x6f, 0x77
  .byte 0x3b, 0x0a, 0x20, 0x20, 0x20, 0x20, 0x70, 0x61, 0x64, 0x64, 0x69, 0x6e, 0x67, 0x3a, 0x20, 0x31
  .byte 0x34, 0x70, 0x78, 0x20, 0x31, 0x36, 0x70, 0x78, 0x3b, 0x0a, 0x20, 0x20, 0x20, 0x20, 0x6a, 0x75
  .byte 0x73, 0x74, 0x69, 0x66, 0x79, 0x2d, 0x63, 0x6f, 0x6e, 0x74, 0x65, 0x6e, 0x74, 0x3a, 0x20, 0x73
  .byte 0x70, 0x61, 0x63, 0x65, 0x2d, 0x62, 0x65, 0x74, 0x77, 0x65, 0x65, 0x6e, 0x3b, 0x0a, 0x20, 0x20
  .byte 0x7d, 0x0a, 0x0a, 0x20, 0x20, 0x2e, 0x63, 0x61, 0x74, 0x61, 0x6c, 0x6f, 0x67, 0x2d, 0x70, 0x61
  .byte 0x6e, 0x65, 0x6c, 0x2d, 0x62, 0x6f, 0x64, 0x79, 0x2d, 0x2d, 0x68, 0x69, 0x64, 0x64, 0x65, 0x6e
  .byte 0x20, 0x7b, 0x0a, 0x20, 0x20, 0x20, 0x20, 0x64, 0x69, 0x73, 0x70, 0x6c, 0x61, 0x79, 0x3a, 0x20
  .byte 0x6e, 0x6f, 0x6e, 0x65, 0x3b, 0x0a, 0x20, 0x20, 0x7d, 0x0a, 0x0a, 0x20, 0x20, 0x2e, 0x63, 0x61
  .byte 0x74, 0x61, 0x6c, 0x6f, 0x67, 0x2d, 0x70, 0x61, 0x6e, 0x65, 0x6c, 0x2d, 0x74, 0x6f, 0x67, 0x67
  .byte 0x6c, 0x65, 0x20, 0x7b, 0x0a, 0x20, 0x20, 0x20, 0x20, 0x77, 0x69, 0x64, 0x74, 0x68, 0x3a, 0x20
  .byte 0x32, 0x38, 0x70, 0x78, 0x3b, 0x0a, 0x20, 0x20, 0x20, 0x20, 0x68, 0x65, 0x69, 0x67, 0x68, 0x74
  .byte 0x3a, 0x20, 0x32, 0x38, 0x70, 0x78, 0x3b, 0x0a, 0x20, 0x20, 0x7d, 0x0a, 0x7d, 0x0a

  .globl openui_full_port_docs_app_playground_components_CatalogPanel_CatalogPanel_css_f83a00838570_len
openui_full_port_docs_app_playground_components_CatalogPanel_CatalogPanel_css_f83a00838570_len:
  .quad 6622

# assembly pass: 2/4
  .globl openui_full_port_docs_app_playground_components_CatalogPanel_CatalogPanel_css_f83a00838570_pass_2
openui_full_port_docs_app_playground_components_CatalogPanel_CatalogPanel_css_f83a00838570_pass_2:
  .byte 0x2f, 0x2a, 0x20, 0xe2, 0x94, 0x80, 0xe2, 0x94, 0x80, 0xe2, 0x94, 0x80, 0x20, 0x50, 0x61, 0x6e
  .byte 0x65, 0x6c, 0x20, 0x53, 0x68, 0x65, 0x6c, 0x6c, 0x20, 0xe2, 0x94, 0x80, 0xe2, 0x94, 0x80, 0xe2
  .byte 0x94, 0x80, 0xe2, 0x94, 0x80, 0xe2, 0x94, 0x80, 0xe2, 0x94, 0x80, 0xe2, 0x94, 0x80, 0xe2, 0x94
  .byte 0x80, 0xe2, 0x94, 0x80, 0xe2, 0x94, 0x80, 0xe2, 0x94, 0x80, 0xe2, 0x94, 0x80, 0xe2, 0x94, 0x80
  .byte 0xe2, 0x94, 0x80, 0xe2, 0x94, 0x80, 0xe2, 0x94, 0x80, 0xe2, 0x94, 0x80, 0xe2, 0x94, 0x80, 0xe2
  .byte 0x94, 0x80, 0xe2, 0x94, 0x80, 0xe2, 0x94, 0x80, 0xe2, 0x94, 0x80, 0xe2, 0x94, 0x80, 0xe2, 0x94
  .byte 0x80, 0xe2, 0x94, 0x80, 0xe2, 0x94, 0x80, 0xe2, 0x94, 0x80, 0xe2, 0x94, 0x80, 0xe2, 0x94, 0x80
  .byte 0xe2, 0x94, 0x80, 0xe2, 0x94, 0x80, 0xe2, 0x94, 0x80, 0xe2, 0x94, 0x80, 0xe2, 0x94, 0x80, 0xe2
  .byte 0x94, 0x80, 0xe2, 0x94, 0x80, 0xe2, 0x94, 0x80, 0xe2, 0x94, 0x80, 0xe2, 0x94, 0x80, 0xe2, 0x94
  .byte 0x80, 0xe2, 0x94, 0x80, 0xe2, 0x94, 0x80, 0xe2, 0x94, 0x80, 0xe2, 0x94, 0x80, 0xe2, 0x94, 0x80
  .byte 0xe2, 0x94, 0x80, 0xe2, 0x94, 0x80, 0xe2, 0x94, 0x80, 0xe2, 0x94, 0x80, 0xe2, 0x94, 0x80, 0xe2
  .byte 0x94, 0x80, 0xe2, 0x94, 0x80, 0xe2, 0x94, 0x80, 0xe2, 0x94, 0x80, 0xe2, 0x94, 0x80, 0xe2, 0x94
  .byte 0x80, 0xe2, 0x94, 0x80, 0xe2, 0x94, 0x80, 0xe2, 0x94, 0x80, 0xe2, 0x94, 0x80, 0xe2, 0x94, 0x80
  .byte 0xe2, 0x94, 0x80, 0x20, 0x2a, 0x2f, 0x0a, 0x2e, 0x63, 0x61, 0x74, 0x61, 0x6c, 0x6f, 0x67, 0x2d
  .byte 0x70, 0x61, 0x6e, 0x65, 0x6c, 0x20, 0x7b, 0x0a, 0x20, 0x20, 0x77, 0x69, 0x64, 0x74, 0x68, 0x3a
  .byte 0x20, 0x33, 0x32, 0x30, 0x70, 0x78, 0x3b, 0x0a, 0x20, 0x20, 0x66, 0x6c, 0x65, 0x78, 0x2d, 0x73
  .byte 0x68, 0x72, 0x69, 0x6e, 0x6b, 0x3a, 0x20, 0x30, 0x3b, 0x0a, 0x20, 0x20, 0x64, 0x69, 0x73, 0x70
  .byte 0x6c, 0x61, 0x79, 0x3a, 0x20, 0x66, 0x6c, 0x65, 0x78, 0x3b, 0x0a, 0x20, 0x20, 0x66, 0x6c, 0x65
  .byte 0x78, 0x2d, 0x64, 0x69, 0x72, 0x65, 0x63, 0x74, 0x69, 0x6f, 0x6e, 0x3a, 0x20, 0x63, 0x6f, 0x6c
  .byte 0x75, 0x6d, 0x6e, 0x3b, 0x0a, 0x20, 0x20, 0x62, 0x6f, 0x72, 0x64, 0x65, 0x72, 0x2d, 0x72, 0x69
  .byte 0x67, 0x68, 0x74, 0x3a, 0x20, 0x31, 0x70, 0x78, 0x20, 0x73, 0x6f, 0x6c, 0x69, 0x64, 0x20, 0x76
  .byte 0x61, 0x72, 0x28, 0x2d, 0x2d, 0x62, 0x6f, 0x72, 0x64, 0x65, 0x72, 0x29, 0x3b, 0x0a, 0x20, 0x20
  .byte 0x6f, 0x76, 0x65, 0x72, 0x66, 0x6c, 0x6f, 0x77, 0x3a, 0x20, 0x68, 0x69, 0x64, 0x64, 0x65, 0x6e
  .byte 0x3b, 0x0a, 0x20, 0x20, 0x74, 0x72, 0x61, 0x6e, 0x73, 0x69, 0x74, 0x69, 0x6f, 0x6e, 0x3a, 0x20
  .byte 0x77, 0x69, 0x64, 0x74, 0x68, 0x20, 0x30, 0x2e, 0x32, 0x73, 0x20, 0x65, 0x61, 0x73, 0x65, 0x3b
  .byte 0x0a, 0x7d, 0x0a, 0x0a, 0x2e, 0x63, 0x61, 0x74, 0x61, 0x6c, 0x6f, 0x67, 0x2d, 0x70, 0x61, 0x6e
  .byte 0x65, 0x6c, 0x2d, 0x2d, 0x63, 0x6f, 0x6c, 0x6c, 0x61, 0x70, 0x73, 0x65, 0x64, 0x20, 0x7b, 0x0a
  .byte 0x20, 0x20, 0x77, 0x69, 0x64, 0x74, 0x68, 0x3a, 0x20, 0x34, 0x34, 0x70, 0x78, 0x3b, 0x0a, 0x7d
  .byte 0x0a, 0x0a, 0x2e, 0x63, 0x61, 0x74, 0x61, 0x6c, 0x6f, 0x67, 0x2d, 0x70, 0x61, 0x6e, 0x65, 0x6c
  .byte 0x2d, 0x68, 0x65, 0x61, 0x64, 0x65, 0x72, 0x20, 0x7b, 0x0a, 0x20, 0x20, 0x70, 0x61, 0x64, 0x64
  .byte 0x69, 0x6e, 0x67, 0x3a, 0x20, 0x31, 0x34, 0x70, 0x78, 0x20, 0x31, 0x36, 0x70, 0x78, 0x3b, 0x0a
  .byte 0x20, 0x20, 0x62, 0x6f, 0x72, 0x64, 0x65, 0x72, 0x2d, 0x62, 0x6f, 0x74, 0x74, 0x6f, 0x6d, 0x3a
  .byte 0x20, 0x31, 0x70, 0x78, 0x20, 0x73, 0x6f, 0x6c, 0x69, 0x64, 0x20, 0x76, 0x61, 0x72, 0x28, 0x2d
  .byte 0x2d, 0x62, 0x6f, 0x72, 0x64, 0x65, 0x72, 0x2d, 0x73, 0x74, 0x72, 0x6f, 0x6e, 0x67, 0x29, 0x3b
  .byte 0x0a, 0x20, 0x20, 0x62, 0x61, 0x63, 0x6b, 0x67, 0x72, 0x6f, 0x75, 0x6e, 0x64, 0x3a, 0x20, 0x76
  .byte 0x61, 0x72, 0x28, 0x2d, 0x2d, 0x70, 0x61, 0x67, 0x65, 0x2d, 0x62, 0x67, 0x29, 0x3b, 0x0a, 0x20
  .byte 0x20, 0x66, 0x6c, 0x65, 0x78, 0x2d, 0x73, 0x68, 0x72, 0x69, 0x6e, 0x6b, 0x3a, 0x20, 0x30, 0x3b
  .byte 0x0a, 0x20, 0x20, 0x64, 0x69, 0x73, 0x70, 0x6c, 0x61, 0x79, 0x3a, 0x20, 0x66, 0x6c, 0x65, 0x78
  .byte 0x3b, 0x0a, 0x20, 0x20, 0x61, 0x6c, 0x69, 0x67, 0x6e, 0x2d, 0x69, 0x74, 0x65, 0x6d, 0x73, 0x3a
  .byte 0x20, 0x63, 0x65, 0x6e, 0x74, 0x65, 0x72, 0x3b, 0x0a, 0x20, 0x20, 0x6a, 0x75, 0x73, 0x74, 0x69
  .byte 0x66, 0x79, 0x2d, 0x63, 0x6f, 0x6e, 0x74, 0x65, 0x6e, 0x74, 0x3a, 0x20, 0x73, 0x70, 0x61, 0x63
  .byte 0x65, 0x2d, 0x62, 0x65, 0x74, 0x77, 0x65, 0x65, 0x6e, 0x3b, 0x0a, 0x20, 0x20, 0x67, 0x61, 0x70
  .byte 0x3a, 0x20, 0x38, 0x70, 0x78, 0x3b, 0x0a, 0x20, 0x20, 0x6d, 0x69, 0x6e, 0x2d, 0x68, 0x65, 0x69
  .byte 0x67, 0x68, 0x74, 0x3a, 0x20, 0x34, 0x38, 0x70, 0x78, 0x3b, 0x0a, 0x7d, 0x0a, 0x0a, 0x2e, 0x63
  .byte 0x61, 0x74, 0x61, 0x6c, 0x6f, 0x67, 0x2d, 0x70, 0x61, 0x6e, 0x65, 0x6c, 0x2d, 0x2d, 0x63, 0x6f
  .byte 0x6c, 0x6c, 0x61, 0x70, 0x73, 0x65, 0x64, 0x20, 0x2e, 0x63, 0x61, 0x74, 0x61, 0x6c, 0x6f, 0x67
  .byte 0x2d, 0x70, 0x61, 0x6e, 0x65, 0x6c, 0x2d, 0x68, 0x65, 0x61, 0x64, 0x65, 0x72, 0x20, 0x7b, 0x0a
  .byte 0x20, 0x20, 0x70, 0x61, 0x64, 0x64, 0x69, 0x6e, 0x67, 0x3a, 0x20, 0x31, 0x34, 0x70, 0x78, 0x20
  .byte 0x30, 0x3b, 0x0a, 0x20, 0x20, 0x6a, 0x75, 0x73, 0x74, 0x69, 0x66, 0x79, 0x2d, 0x63, 0x6f, 0x6e
  .byte 0x74, 0x65, 0x6e, 0x74, 0x3a, 0x20, 0x63, 0x65, 0x6e, 0x74, 0x65, 0x72, 0x3b, 0x0a, 0x20, 0x20
  .byte 0x66, 0x6c, 0x65, 0x78, 0x2d, 0x64, 0x69, 0x72, 0x65, 0x63, 0x74, 0x69, 0x6f, 0x6e, 0x3a, 0x20
  .byte 0x63, 0x6f, 0x6c, 0x75, 0x6d, 0x6e, 0x3b, 0x0a, 0x20, 0x20, 0x67, 0x61, 0x70, 0x3a, 0x20, 0x31
  .byte 0x30, 0x70, 0x78, 0x3b, 0x0a, 0x7d, 0x0a, 0x0a, 0x2e, 0x63, 0x61, 0x74, 0x61, 0x6c, 0x6f, 0x67
  .byte 0x2d, 0x70, 0x61, 0x6e, 0x65, 0x6c, 0x2d, 0x74, 0x69, 0x74, 0x6c, 0x65, 0x20, 0x7b, 0x0a, 0x20
  .byte 0x20, 0x66, 0x6f, 0x6e, 0x74, 0x2d, 0x73, 0x69, 0x7a, 0x65, 0x3a, 0x20, 0x31, 0x33, 0x70, 0x78
  .byte 0x3b, 0x0a, 0x20, 0x20, 0x66, 0x6f, 0x6e, 0x74, 0x2d, 0x77, 0x65, 0x69, 0x67, 0x68, 0x74, 0x3a
  .byte 0x20, 0x36, 0x30, 0x30, 0x3b, 0x0a, 0x20, 0x20, 0x6c, 0x65, 0x74, 0x74, 0x65, 0x72, 0x2d, 0x73
  .byte 0x70, 0x61, 0x63, 0x69, 0x6e, 0x67, 0x3a, 0x20, 0x2d, 0x30, 0x2e, 0x30, 0x31, 0x65, 0x6d, 0x3b
  .byte 0x0a, 0x20, 0x20, 0x63, 0x6f, 0x6c, 0x6f, 0x72, 0x3a, 0x20, 0x76, 0x61, 0x72, 0x28, 0x2d, 0x2d
  .byte 0x74, 0x65, 0x78, 0x74, 0x2d, 0x70, 0x72, 0x69, 0x6d, 0x61, 0x72, 0x79, 0x29, 0x3b, 0x0a, 0x20
  .byte 0x20, 0x66, 0x6c, 0x65, 0x78, 0x3a, 0x20, 0x31, 0x3b, 0x0a, 0x20, 0x20, 0x77, 0x68, 0x69, 0x74
  .byte 0x65, 0x2d, 0x73, 0x70, 0x61, 0x63, 0x65, 0x3a, 0x20, 0x6e, 0x6f, 0x77, 0x72, 0x61, 0x70, 0x3b
  .byte 0x0a, 0x20, 0x20, 0x6f, 0x76, 0x65, 0x72, 0x66, 0x6c, 0x6f, 0x77, 0x3a, 0x20, 0x68, 0x69, 0x64
  .byte 0x64, 0x65, 0x6e, 0x3b, 0x0a, 0x20, 0x20, 0x74, 0x65, 0x78, 0x74, 0x2d, 0x6f, 0x76, 0x65, 0x72
  .byte 0x66, 0x6c, 0x6f, 0x77, 0x3a, 0x20, 0x65, 0x6c, 0x6c, 0x69, 0x70, 0x73, 0x69, 0x73, 0x3b, 0x0a
  .byte 0x7d, 0x0a, 0x0a, 0x2e, 0x63, 0x61, 0x74, 0x61, 0x6c, 0x6f, 0x67, 0x2d, 0x70, 0x61, 0x6e, 0x65
  .byte 0x6c, 0x2d, 0x69, 0x63, 0x6f, 0x6e, 0x2d, 0x6f, 0x6e, 0x6c, 0x79, 0x20, 0x7b, 0x0a, 0x20, 0x20
  .byte 0x64, 0x69, 0x73, 0x70, 0x6c, 0x61, 0x79, 0x3a, 0x20, 0x66, 0x6c, 0x65, 0x78, 0x3b, 0x0a, 0x20
  .byte 0x20, 0x61, 0x6c, 0x69, 0x67, 0x6e, 0x2d, 0x69, 0x74, 0x65, 0x6d, 0x73, 0x3a, 0x20, 0x63, 0x65
  .byte 0x6e, 0x74, 0x65, 0x72, 0x3b, 0x0a, 0x20, 0x20, 0x6a, 0x75, 0x73, 0x74, 0x69, 0x66, 0x79, 0x2d
  .byte 0x63, 0x6f, 0x6e, 0x74, 0x65, 0x6e, 0x74, 0x3a, 0x20, 0x63, 0x65, 0x6e, 0x74, 0x65, 0x72, 0x3b
  .byte 0x0a, 0x20, 0x20, 0x63, 0x6f, 0x6c, 0x6f, 0x72, 0x3a, 0x20, 0x76, 0x61, 0x72, 0x28, 0x2d, 0x2d
  .byte 0x74, 0x65, 0x78, 0x74, 0x2d, 0x73, 0x65, 0x63, 0x6f, 0x6e, 0x64, 0x61, 0x72, 0x79, 0x29, 0x3b
  .byte 0x0a, 0x7d, 0x0a, 0x0a, 0x2e, 0x63, 0x61, 0x74, 0x61, 0x6c, 0x6f, 0x67, 0x2d, 0x70, 0x61, 0x6e
  .byte 0x65, 0x6c, 0x2d, 0x74, 0x6f, 0x67, 0x67, 0x6c, 0x65, 0x20, 0x7b, 0x0a, 0x20, 0x20, 0x64, 0x69
  .byte 0x73, 0x70, 0x6c, 0x61, 0x79, 0x3a, 0x20, 0x66, 0x6c, 0x65, 0x78, 0x3b, 0x0a, 0x20, 0x20, 0x61
  .byte 0x6c, 0x69, 0x67, 0x6e, 0x2d, 0x69, 0x74, 0x65, 0x6d, 0x73, 0x3a, 0x20, 0x63, 0x65, 0x6e, 0x74
  .byte 0x65, 0x72, 0x3b, 0x0a, 0x20, 0x20, 0x6a, 0x75, 0x73, 0x74, 0x69, 0x66, 0x79, 0x2d, 0x63, 0x6f
  .byte 0x6e, 0x74, 0x65, 0x6e, 0x74, 0x3a, 0x20, 0x63, 0x65, 0x6e, 0x74, 0x65, 0x72, 0x3b, 0x0a, 0x20
  .byte 0x20, 0x77, 0x69, 0x64, 0x74, 0x68, 0x3a, 0x20, 0x32, 0x34, 0x70, 0x78, 0x3b, 0x0a, 0x20, 0x20
  .byte 0x68, 0x65, 0x69, 0x67, 0x68, 0x74, 0x3a, 0x20, 0x32, 0x34, 0x70, 0x78, 0x3b, 0x0a, 0x20, 0x20
  .byte 0x62, 0x61, 0x63, 0x6b, 0x67, 0x72, 0x6f, 0x75, 0x6e, 0x64, 0x3a, 0x20, 0x74, 0x72, 0x61, 0x6e
  .byte 0x73, 0x70, 0x61, 0x72, 0x65, 0x6e, 0x74, 0x3b, 0x0a, 0x20, 0x20, 0x62, 0x6f, 0x72, 0x64, 0x65
  .byte 0x72, 0x3a, 0x20, 0x6e, 0x6f, 0x6e, 0x65, 0x3b, 0x0a, 0x20, 0x20, 0x62, 0x6f, 0x72, 0x64, 0x65
  .byte 0x72, 0x2d, 0x72, 0x61, 0x64, 0x69, 0x75, 0x73, 0x3a, 0x20, 0x36, 0x70, 0x78, 0x3b, 0x0a, 0x20
  .byte 0x20, 0x63, 0x6f, 0x6c, 0x6f, 0x72, 0x3a, 0x20, 0x76, 0x61, 0x72, 0x28, 0x2d, 0x2d, 0x74, 0x65
  .byte 0x78, 0x74, 0x2d, 0x74, 0x65, 0x72, 0x74, 0x69, 0x61, 0x72, 0x79, 0x29, 0x3b, 0x0a, 0x20, 0x20
  .byte 0x63, 0x75, 0x72, 0x73, 0x6f, 0x72, 0x3a, 0x20, 0x70, 0x6f, 0x69, 0x6e, 0x74, 0x65, 0x72, 0x3b
  .byte 0x0a, 0x20, 0x20, 0x66, 0x6c, 0x65, 0x78, 0x2d, 0x73, 0x68, 0x72, 0x69, 0x6e, 0x6b, 0x3a, 0x20
  .byte 0x30, 0x3b, 0x0a, 0x20, 0x20, 0x74, 0x72, 0x61, 0x6e, 0x73, 0x69, 0x74, 0x69, 0x6f, 0x6e, 0x3a
  .byte 0x0a, 0x20, 0x20, 0x20, 0x20, 0x62, 0x61, 0x63, 0x6b, 0x67, 0x72, 0x6f, 0x75, 0x6e, 0x64, 0x20
  .byte 0x30, 0x2e, 0x31, 0x35, 0x73, 0x2c, 0x0a, 0x20, 0x20, 0x20, 0x20, 0x63, 0x6f, 0x6c, 0x6f, 0x72
  .byte 0x20, 0x30, 0x2e, 0x31, 0x35, 0x73, 0x3b, 0x0a, 0x7d, 0x0a, 0x0a, 0x2e, 0x63, 0x61, 0x74, 0x61
  .byte 0x6c, 0x6f, 0x67, 0x2d, 0x70, 0x61, 0x6e, 0x65, 0x6c, 0x2d, 0x74, 0x6f, 0x67, 0x67, 0x6c, 0x65
  .byte 0x3a, 0x68, 0x6f, 0x76, 0x65, 0x72, 0x20, 0x7b, 0x0a, 0x20, 0x20, 0x62, 0x61, 0x63, 0x6b, 0x67
  .byte 0x72, 0x6f, 0x75, 0x6e, 0x64, 0x3a, 0x20, 0x76, 0x61, 0x72, 0x28, 0x2d, 0x2d, 0x62, 0x74, 0x6e
  .byte 0x2d, 0x67, 0x68, 0x6f, 0x73, 0x74, 0x2d, 0x68, 0x6f, 0x76, 0x65, 0x72, 0x29, 0x3b, 0x0a, 0x20
  .byte 0x20, 0x63, 0x6f, 0x6c, 0x6f, 0x72, 0x3a, 0x20, 0x76, 0x61, 0x72, 0x28, 0x2d, 0x2d, 0x74, 0x65
  .byte 0x78, 0x74, 0x2d, 0x70, 0x72, 0x69, 0x6d, 0x61, 0x72, 0x79, 0x29, 0x3b, 0x0a, 0x7d, 0x0a, 0x0a
  .byte 0x2e, 0x63, 0x61, 0x74, 0x61, 0x6c, 0x6f, 0x67, 0x2d, 0x70, 0x61, 0x6e, 0x65, 0x6c, 0x2d, 0x62
  .byte 0x6f, 0x64, 0x79, 0x2d, 0x2d, 0x68, 0x69, 0x64, 0x64, 0x65, 0x6e, 0x20, 0x7b, 0x0a, 0x20, 0x20
  .byte 0x64, 0x69, 0x73, 0x70, 0x6c, 0x61, 0x79, 0x3a, 0x20, 0x6e, 0x6f, 0x6e, 0x65, 0x3b, 0x0a, 0x7d
  .byte 0x0a, 0x0a, 0x2f, 0x2a, 0x20, 0xe2, 0x94, 0x80, 0xe2, 0x94, 0x80, 0xe2, 0x94, 0x80, 0x20, 0x53
  .byte 0x63, 0x72, 0x6f, 0x6c, 0x6c, 0x61, 0x62, 0x6c, 0x65, 0x20, 0x42, 0x6f, 0x64, 0x79, 0x20, 0xe2
  .byte 0x94, 0x80, 0xe2, 0x94, 0x80, 0xe2, 0x94, 0x80, 0xe2, 0x94, 0x80, 0xe2, 0x94, 0x80, 0xe2, 0x94
  .byte 0x80, 0xe2, 0x94, 0x80, 0xe2, 0x94, 0x80, 0xe2, 0x94, 0x80, 0xe2, 0x94, 0x80, 0xe2, 0x94, 0x80
  .byte 0xe2, 0x94, 0x80, 0xe2, 0x94, 0x80, 0xe2, 0x94, 0x80, 0xe2, 0x94, 0x80, 0xe2, 0x94, 0x80, 0xe2
  .byte 0x94, 0x80, 0xe2, 0x94, 0x80, 0xe2, 0x94, 0x80, 0xe2, 0x94, 0x80, 0xe2, 0x94, 0x80, 0xe2, 0x94
  .byte 0x80, 0xe2, 0x94, 0x80, 0xe2, 0x94, 0x80, 0xe2, 0x94, 0x80, 0xe2, 0x94, 0x80, 0xe2, 0x94, 0x80
  .byte 0xe2, 0x94, 0x80, 0xe2, 0x94, 0x80, 0xe2, 0x94, 0x80, 0xe2, 0x94, 0x80, 0xe2, 0x94, 0x80, 0xe2
  .byte 0x94, 0x80, 0xe2, 0x94, 0x80, 0xe2, 0x94, 0x80, 0xe2, 0x94, 0x80, 0xe2, 0x94, 0x80, 0xe2, 0x94
  .byte 0x80, 0xe2, 0x94, 0x80, 0xe2, 0x94, 0x80, 0xe2, 0x94, 0x80, 0xe2, 0x94, 0x80, 0xe2, 0x94, 0x80
  .byte 0xe2, 0x94, 0x80, 0xe2, 0x94, 0x80, 0xe2, 0x94, 0x80, 0xe2, 0x94, 0x80, 0xe2, 0x94, 0x80, 0xe2
  .byte 0x94, 0x80, 0xe2, 0x94, 0x80, 0xe2, 0x94, 0x80, 0xe2, 0x94, 0x80, 0xe2, 0x94, 0x80, 0xe2, 0x94
  .byte 0x80, 0xe2, 0x94, 0x80, 0xe2, 0x94, 0x80, 0xe2, 0x94, 0x80, 0xe2, 0x94, 0x80, 0x20, 0x2a, 0x2f
  .byte 0x0a, 0x2e, 0x63, 0x61, 0x74, 0x61, 0x6c, 0x6f, 0x67, 0x2d, 0x70, 0x61, 0x6e, 0x65, 0x6c, 0x2d
  .byte 0x62, 0x6f, 0x64, 0x79, 0x20, 0x7b, 0x0a, 0x20, 0x20, 0x66, 0x6c, 0x65, 0x78, 0x3a, 0x20, 0x31
  .byte 0x3b, 0x0a, 0x20, 0x20, 0x6f, 0x76, 0x65, 0x72, 0x66, 0x6c, 0x6f, 0x77, 0x2d, 0x79, 0x3a, 0x20
  .byte 0x61, 0x75, 0x74, 0x6f, 0x3b, 0x0a, 0x20, 0x20, 0x70, 0x61, 0x64, 0x64, 0x69, 0x6e, 0x67, 0x3a
  .byte 0x20, 0x31, 0x36, 0x70, 0x78, 0x20, 0x31, 0x32, 0x70, 0x78, 0x3b, 0x0a, 0x20, 0x20, 0x64, 0x69
  .byte 0x73, 0x70, 0x6c, 0x61, 0x79, 0x3a, 0x20, 0x66, 0x6c, 0x65, 0x78, 0x3b, 0x0a, 0x20, 0x20, 0x66
  .byte 0x6c, 0x65, 0x78, 0x2d, 0x64, 0x69, 0x72, 0x65, 0x63, 0x74, 0x69, 0x6f, 0x6e, 0x3a, 0x20, 0x63
  .byte 0x6f, 0x6c, 0x75, 0x6d, 0x6e, 0x3b, 0x0a, 0x20, 0x20, 0x67, 0x61, 0x70, 0x3a, 0x20, 0x32, 0x30
  .byte 0x70, 0x78, 0x3b, 0x0a, 0x7d, 0x0a, 0x0a, 0x2f, 0x2a, 0x20, 0xe2, 0x94, 0x80, 0xe2, 0x94, 0x80
  .byte 0xe2, 0x94, 0x80, 0x20, 0x47, 0x72, 0x6f, 0x75, 0x70, 0x73, 0x20, 0xe2, 0x94, 0x80, 0xe2, 0x94
  .byte 0x80, 0xe2, 0x94, 0x80, 0xe2, 0x94, 0x80, 0xe2, 0x94, 0x80, 0xe2, 0x94, 0x80, 0xe2, 0x94, 0x80
  .byte 0xe2, 0x94, 0x80, 0xe2, 0x94, 0x80, 0xe2, 0x94, 0x80, 0xe2, 0x94, 0x80, 0xe2, 0x94, 0x80, 0xe2
  .byte 0x94, 0x80, 0xe2, 0x94, 0x80, 0xe2, 0x94, 0x80, 0xe2, 0x94, 0x80, 0xe2, 0x94, 0x80, 0xe2, 0x94
  .byte 0x80, 0xe2, 0x94, 0x80, 0xe2, 0x94, 0x80, 0xe2, 0x94, 0x80, 0xe2, 0x94, 0x80, 0xe2, 0x94, 0x80
  .byte 0xe2, 0x94, 0x80, 0xe2, 0x94, 0x80, 0xe2, 0x94, 0x80, 0xe2, 0x94, 0x80, 0xe2, 0x94, 0x80, 0xe2
  .byte 0x94, 0x80, 0xe2, 0x94, 0x80, 0xe2, 0x94, 0x80, 0xe2, 0x94, 0x80, 0xe2, 0x94, 0x80, 0xe2, 0x94
  .byte 0x80, 0xe2, 0x94, 0x80, 0xe2, 0x94, 0x80, 0xe2, 0x94, 0x80, 0xe2, 0x94, 0x80, 0xe2, 0x94, 0x80
  .byte 0xe2, 0x94, 0x80, 0xe2, 0x94, 0x80, 0xe2, 0x94, 0x80, 0xe2, 0x94, 0x80, 0xe2, 0x94, 0x80, 0xe2
  .byte 0x94, 0x80, 0xe2, 0x94, 0x80, 0xe2, 0x94, 0x80, 0xe2, 0x94, 0x80, 0xe2, 0x94, 0x80, 0xe2, 0x94
  .byte 0x80, 0xe2, 0x94, 0x80, 0xe2, 0x94, 0x80, 0xe2, 0x94, 0x80, 0xe2, 0x94, 0x80, 0xe2, 0x94, 0x80
  .byte 0xe2, 0x94, 0x80, 0xe2, 0x94, 0x80, 0xe2, 0x94, 0x80, 0xe2, 0x94, 0x80, 0xe2, 0x94, 0x80, 0xe2
  .byte 0x94, 0x80, 0xe2, 0x94, 0x80, 0xe2, 0x94, 0x80, 0xe2, 0x94, 0x80, 0xe2, 0x94, 0x80, 0xe2, 0x94
  .byte 0x80, 0xe2, 0x94, 0x80, 0x20, 0x2a, 0x2f, 0x0a, 0x2e, 0x63, 0x61, 0x74, 0x61, 0x6c, 0x6f, 0x67
  .byte 0x2d, 0x67, 0x72, 0x6f, 0x75, 0x70, 0x20, 0x7b, 0x0a, 0x20, 0x20, 0x64, 0x69, 0x73, 0x70, 0x6c
  .byte 0x61, 0x79, 0x3a, 0x20, 0x66, 0x6c, 0x65, 0x78, 0x3b, 0x0a, 0x20, 0x20, 0x66, 0x6c, 0x65, 0x78
  .byte 0x2d, 0x64, 0x69, 0x72, 0x65, 0x63, 0x74, 0x69, 0x6f, 0x6e, 0x3a, 0x20, 0x63, 0x6f, 0x6c, 0x75
  .byte 0x6d, 0x6e, 0x3b, 0x0a, 0x20, 0x20, 0x67, 0x61, 0x70, 0x3a, 0x20, 0x37, 0x70, 0x78, 0x3b, 0x0a
  .byte 0x7d, 0x0a, 0x0a, 0x2e, 0x63, 0x61, 0x74, 0x61, 0x6c, 0x6f, 0x67, 0x2d, 0x67, 0x72, 0x6f, 0x75
  .byte 0x70, 0x2d, 0x6e, 0x61, 0x6d, 0x65, 0x20, 0x7b, 0x0a, 0x20, 0x20, 0x66, 0x6f, 0x6e, 0x74, 0x2d
  .byte 0x73, 0x69, 0x7a, 0x65, 0x3a, 0x20, 0x31, 0x30, 0x70, 0x78, 0x3b, 0x0a, 0x20, 0x20, 0x66, 0x6f
  .byte 0x6e, 0x74, 0x2d, 0x77, 0x65, 0x69, 0x67, 0x68, 0x74, 0x3a, 0x20, 0x37, 0x30, 0x30, 0x3b, 0x0a
  .byte 0x20, 0x20, 0x6c, 0x65, 0x74, 0x74, 0x65, 0x72, 0x2d, 0x73, 0x70, 0x61, 0x63, 0x69, 0x6e, 0x67
  .byte 0x3a, 0x20, 0x30, 0x2e, 0x30, 0x37, 0x65, 0x6d, 0x3b, 0x0a, 0x20, 0x20, 0x74, 0x65, 0x78, 0x74
  .byte 0x2d, 0x74, 0x72, 0x61, 0x6e, 0x73, 0x66, 0x6f, 0x72, 0x6d, 0x3a, 0x20, 0x75, 0x70, 0x70, 0x65
  .byte 0x72, 0x63, 0x61, 0x73, 0x65, 0x3b, 0x0a, 0x20, 0x20, 0x63, 0x6f, 0x6c, 0x6f, 0x72, 0x3a, 0x20
  .byte 0x76, 0x61, 0x72, 0x28, 0x2d, 0x2d, 0x74, 0x65, 0x78, 0x74, 0x2d, 0x74, 0x65, 0x72, 0x74, 0x69
  .byte 0x61, 0x72, 0x79, 0x29, 0x3b, 0x0a, 0x20, 0x20, 0x70, 0x61, 0x64, 0x64, 0x69, 0x6e, 0x67, 0x2d
  .byte 0x62, 0x6f, 0x74, 0x74, 0x6f, 0x6d, 0x3a, 0x20, 0x35, 0x70, 0x78, 0x3b, 0x0a, 0x20, 0x20, 0x62
  .byte 0x6f, 0x72, 0x64, 0x65, 0x72, 0x2d, 0x62, 0x6f, 0x74, 0x74, 0x6f, 0x6d, 0x3a, 0x20, 0x31, 0x70
  .byte 0x78, 0x20, 0x73, 0x6f, 0x6c, 0x69, 0x64, 0x20, 0x76, 0x61, 0x72, 0x28, 0x2d, 0x2d, 0x62, 0x6f
  .byte 0x72, 0x64, 0x65, 0x72, 0x29, 0x3b, 0x0a, 0x7d, 0x0a, 0x0a, 0x2f, 0x2a, 0x20, 0xe2, 0x94, 0x80
  .byte 0xe2, 0x94, 0x80, 0xe2, 0x94, 0x80, 0x20, 0x43, 0x68, 0x69, 0x70, 0x73, 0x20, 0xe2, 0x94, 0x80
  .byte 0xe2, 0x94, 0x80, 0xe2, 0x94, 0x80, 0xe2, 0x94, 0x80, 0xe2, 0x94, 0x80, 0xe2, 0x94, 0x80, 0xe2
  .byte 0x94, 0x80, 0xe2, 0x94, 0x80, 0xe2, 0x94, 0x80, 0xe2, 0x94, 0x80, 0xe2, 0x94, 0x80, 0xe2, 0x94
  .byte 0x80, 0xe2, 0x94, 0x80, 0xe2, 0x94, 0x80, 0xe2, 0x94, 0x80, 0xe2, 0x94, 0x80, 0xe2, 0x94, 0x80
  .byte 0xe2, 0x94, 0x80, 0xe2, 0x94, 0x80, 0xe2, 0x94, 0x80, 0xe2, 0x94, 0x80, 0xe2, 0x94, 0x80, 0xe2
  .byte 0x94, 0x80, 0xe2, 0x94, 0x80, 0xe2, 0x94, 0x80, 0xe2, 0x94, 0x80, 0xe2, 0x94, 0x80, 0xe2, 0x94
  .byte 0x80, 0xe2, 0x94, 0x80, 0xe2, 0x94, 0x80, 0xe2, 0x94, 0x80, 0xe2, 0x94, 0x80, 0xe2, 0x94, 0x80
  .byte 0xe2, 0x94, 0x80, 0xe2, 0x94, 0x80, 0xe2, 0x94, 0x80, 0xe2, 0x94, 0x80, 0xe2, 0x94, 0x80, 0xe2
  .byte 0x94, 0x80, 0xe2, 0x94, 0x80, 0xe2, 0x94, 0x80, 0xe2, 0x94, 0x80, 0xe2, 0x94, 0x80, 0xe2, 0x94
  .byte 0x80, 0xe2, 0x94, 0x80, 0xe2, 0x94, 0x80, 0xe2, 0x94, 0x80, 0xe2, 0x94, 0x80, 0xe2, 0x94, 0x80
  .byte 0xe2, 0x94, 0x80, 0xe2, 0x94, 0x80, 0xe2, 0x94, 0x80, 0xe2, 0x94, 0x80, 0xe2, 0x94, 0x80, 0xe2
  .byte 0x94, 0x80, 0xe2, 0x94, 0x80, 0xe2, 0x94, 0x80, 0xe2, 0x94, 0x80, 0xe2, 0x94, 0x80, 0xe2, 0x94
  .byte 0x80, 0xe2, 0x94, 0x80, 0xe2, 0x94, 0x80, 0xe2, 0x94, 0x80, 0xe2, 0x94, 0x80, 0xe2, 0x94, 0x80
  .byte 0xe2, 0x94, 0x80, 0xe2, 0x94, 0x80, 0xe2, 0x94, 0x80, 0x20, 0x2a, 0x2f, 0x0a, 0x2e, 0x63, 0x61
  .byte 0x74, 0x61, 0x6c, 0x6f, 0x67, 0x2d, 0x63, 0x68, 0x69, 0x70, 0x73, 0x20, 0x7b, 0x0a, 0x20, 0x20
  .byte 0x64, 0x69, 0x73, 0x70, 0x6c, 0x61, 0x79, 0x3a, 0x20, 0x66, 0x6c, 0x65, 0x78, 0x3b, 0x0a, 0x20
  .byte 0x20, 0x66, 0x6c, 0x65, 0x78, 0x2d, 0x77, 0x72, 0x61, 0x70, 0x3a, 0x20, 0x77, 0x72, 0x61, 0x70
  .byte 0x3b, 0x0a, 0x20, 0x20, 0x67, 0x61, 0x70, 0x3a, 0x20, 0x35, 0x70, 0x78, 0x3b, 0x0a, 0x7d, 0x0a
  .byte 0x0a, 0x2e, 0x63, 0x61, 0x74, 0x61, 0x6c, 0x6f, 0x67, 0x2d, 0x63, 0x68, 0x69, 0x70, 0x20, 0x7b
  .byte 0x0a, 0x20, 0x20, 0x66, 0x6f, 0x6e, 0x74, 0x2d, 0x66, 0x61, 0x6d, 0x69, 0x6c, 0x79, 0x3a, 0x20
  .byte 0x76, 0x61, 0x72, 0x28, 0x2d, 0x2d, 0x66, 0x6f, 0x6e, 0x74, 0x2d, 0x6d, 0x6f, 0x6e, 0x6f, 0x29
  .byte 0x3b, 0x0a, 0x20, 0x20, 0x66, 0x6f, 0x6e, 0x74, 0x2d, 0x73, 0x69, 0x7a, 0x65, 0x3a, 0x20, 0x31
  .byte 0x31, 0x70, 0x78, 0x3b, 0x0a, 0x20, 0x20, 0x70, 0x61, 0x64, 0x64, 0x69, 0x6e, 0x67, 0x3a, 0x20
  .byte 0x32, 0x70, 0x78, 0x20, 0x38, 0x70, 0x78, 0x3b, 0x0a, 0x20, 0x20, 0x62, 0x61, 0x63, 0x6b, 0x67
  .byte 0x72, 0x6f, 0x75, 0x6e, 0x64, 0x3a, 0x20, 0x76, 0x61, 0x72, 0x28, 0x2d, 0x2d, 0x63, 0x68, 0x69
  .byte 0x70, 0x2d, 0x62, 0x67, 0x29, 0x3b, 0x0a, 0x20, 0x20, 0x62, 0x6f, 0x72, 0x64, 0x65, 0x72, 0x3a
  .byte 0x20, 0x31, 0x70, 0x78, 0x20, 0x73, 0x6f, 0x6c, 0x69, 0x64, 0x20, 0x76, 0x61, 0x72, 0x28, 0x2d
  .byte 0x2d, 0x63, 0x68, 0x69, 0x70, 0x2d, 0x62, 0x6f, 0x72, 0x64, 0x65, 0x72, 0x29, 0x3b, 0x0a, 0x20
  .byte 0x20, 0x62, 0x6f, 0x72, 0x64, 0x65, 0x72, 0x2d, 0x72, 0x61, 0x64, 0x69, 0x75, 0x73, 0x3a, 0x20
  .byte 0x35, 0x70, 0x78, 0x3b, 0x0a, 0x20, 0x20, 0x63, 0x6f, 0x6c, 0x6f, 0x72, 0x3a, 0x20, 0x76, 0x61
  .byte 0x72, 0x28, 0x2d, 0x2d, 0x74, 0x65, 0x78, 0x74, 0x2d, 0x73, 0x65, 0x63, 0x6f, 0x6e, 0x64, 0x61
  .byte 0x72, 0x79, 0x29, 0x3b, 0x0a, 0x20, 0x20, 0x63, 0x75, 0x72, 0x73, 0x6f, 0x72, 0x3a, 0x20, 0x70
  .byte 0x6f, 0x69, 0x6e, 0x74, 0x65, 0x72, 0x3b, 0x0a, 0x20, 0x20, 0x75, 0x73, 0x65, 0x72, 0x2d, 0x73
  .byte 0x65, 0x6c, 0x65, 0x63, 0x74, 0x3a, 0x20, 0x6e, 0x6f, 0x6e, 0x65, 0x3b, 0x0a, 0x20, 0x20, 0x74
  .byte 0x72, 0x61, 0x6e, 0x73, 0x69, 0x74, 0x69, 0x6f, 0x6e, 0x3a, 0x0a, 0x20, 0x20, 0x20, 0x20, 0x62
  .byte 0x61, 0x63, 0x6b, 0x67, 0x72, 0x6f, 0x75, 0x6e, 0x64, 0x20, 0x30, 0x2e, 0x31, 0x35, 0x73, 0x2c
  .byte 0x0a, 0x20, 0x20, 0x20, 0x20, 0x63, 0x6f, 0x6c, 0x6f, 0x72, 0x20, 0x30, 0x2e, 0x31, 0x35, 0x73
  .byte 0x2c, 0x0a, 0x20, 0x20, 0x20, 0x20, 0x62, 0x6f, 0x72, 0x64, 0x65, 0x72, 0x2d, 0x63, 0x6f, 0x6c
  .byte 0x6f, 0x72, 0x20, 0x30, 0x2e, 0x31, 0x35, 0x73, 0x3b, 0x0a, 0x7d, 0x0a, 0x0a, 0x2e, 0x63, 0x61
  .byte 0x74, 0x61, 0x6c, 0x6f, 0x67, 0x2d, 0x63, 0x68, 0x69, 0x70, 0x3a, 0x68, 0x6f, 0x76, 0x65, 0x72
  .byte 0x20, 0x7b, 0x0a, 0x20, 0x20, 0x62, 0x61, 0x63, 0x6b, 0x67, 0x72, 0x6f, 0x75, 0x6e, 0x64, 0x3a
  .byte 0x20, 0x76, 0x61, 0x72, 0x28, 0x2d, 0x2d, 0x63, 0x68, 0x69, 0x70, 0x2d, 0x68, 0x6f, 0x76, 0x65
  .byte 0x72, 0x29, 0x3b, 0x0a, 0x20, 0x20, 0x62, 0x6f, 0x72, 0x64, 0x65, 0x72, 0x2d, 0x63, 0x6f, 0x6c
  .byte 0x6f, 0x72, 0x3a, 0x20, 0x76, 0x61, 0x72, 0x28, 0x2d, 0x2d, 0x62, 0x6f, 0x72, 0x64, 0x65, 0x72
  .byte 0x2d, 0x73, 0x74, 0x72, 0x6f, 0x6e, 0x67, 0x29, 0x3b, 0x0a, 0x20, 0x20, 0x63, 0x6f, 0x6c, 0x6f
  .byte 0x72, 0x3a, 0x20, 0x76, 0x61, 0x72, 0x28, 0x2d, 0x2d, 0x74, 0x65, 0x78, 0x74, 0x2d, 0x70, 0x72
  .byte 0x69, 0x6d, 0x61, 0x72, 0x79, 0x29, 0x3b, 0x0a, 0x7d, 0x0a, 0x0a, 0x2e, 0x63, 0x61, 0x74, 0x61
  .byte 0x6c, 0x6f, 0x67, 0x2d, 0x63, 0x68, 0x69, 0x70, 0x2d, 0x2d, 0x61, 0x63, 0x74, 0x69, 0x76, 0x65
  .byte 0x20, 0x7b, 0x0a, 0x20, 0x20, 0x62, 0x61, 0x63, 0x6b, 0x67, 0x72, 0x6f, 0x75, 0x6e, 0x64, 0x3a
  .byte 0x20, 0x76, 0x61, 0x72, 0x28, 0x2d, 0x2d, 0x63, 0x68, 0x69, 0x70, 0x2d, 0x68, 0x6f, 0x76, 0x65
  .byte 0x72, 0x29, 0x3b, 0x0a, 0x20, 0x20, 0x62, 0x6f, 0x72, 0x64, 0x65, 0x72, 0x2d, 0x63, 0x6f, 0x6c
  .byte 0x6f, 0x72, 0x3a, 0x20, 0x76, 0x61, 0x72, 0x28, 0x2d, 0x2d, 0x62, 0x6f, 0x72, 0x64, 0x65, 0x72
  .byte 0x2d, 0x73, 0x74, 0x72, 0x6f, 0x6e, 0x67, 0x29, 0x3b, 0x0a, 0x20, 0x20, 0x63, 0x6f, 0x6c, 0x6f
  .byte 0x72, 0x3a, 0x20, 0x76, 0x61, 0x72, 0x28, 0x2d, 0x2d, 0x74, 0x65, 0x78, 0x74, 0x2d, 0x70, 0x72
  .byte 0x69, 0x6d, 0x61, 0x72, 0x79, 0x29, 0x3b, 0x0a, 0x7d, 0x0a, 0x0a, 0x2f, 0x2a, 0x20, 0xe2, 0x94
  .byte 0x80, 0xe2, 0x94, 0x80, 0xe2, 0x94, 0x80, 0x20, 0x50, 0x72, 0x6f, 0x70, 0x20, 0x50, 0x61, 0x6e
  .byte 0x65, 0x6c, 0x20, 0xe2, 0x94, 0x80, 0xe2, 0x94, 0x80, 0xe2, 0x94, 0x80, 0xe2, 0x94, 0x80, 0xe2
  .byte 0x94, 0x80, 0xe2, 0x94, 0x80, 0xe2, 0x94, 0x80, 0xe2, 0x94, 0x80, 0xe2, 0x94, 0x80, 0xe2, 0x94
  .byte 0x80, 0xe2, 0x94, 0x80, 0xe2, 0x94, 0x80, 0xe2, 0x94, 0x80, 0xe2, 0x94, 0x80, 0xe2, 0x94, 0x80
  .byte 0xe2, 0x94, 0x80, 0xe2, 0x94, 0x80, 0xe2, 0x94, 0x80, 0xe2, 0x94, 0x80, 0xe2, 0x94, 0x80, 0xe2
  .byte 0x94, 0x80, 0xe2, 0x94, 0x80, 0xe2, 0x94, 0x80, 0xe2, 0x94, 0x80, 0xe2, 0x94, 0x80, 0xe2, 0x94
  .byte 0x80, 0xe2, 0x94, 0x80, 0xe2, 0x94, 0x80, 0xe2, 0x94, 0x80, 0xe2, 0x94, 0x80, 0xe2, 0x94, 0x80
  .byte 0xe2, 0x94, 0x80, 0xe2, 0x94, 0x80, 0xe2, 0x94, 0x80, 0xe2, 0x94, 0x80, 0xe2, 0x94, 0x80, 0xe2
  .byte 0x94, 0x80, 0xe2, 0x94, 0x80, 0xe2, 0x94, 0x80, 0xe2, 0x94, 0x80, 0xe2, 0x94, 0x80, 0xe2, 0x94
  .byte 0x80, 0xe2, 0x94, 0x80, 0xe2, 0x94, 0x80, 0xe2, 0x94, 0x80, 0xe2, 0x94, 0x80, 0xe2, 0x94, 0x80
  .byte 0xe2, 0x94, 0x80, 0xe2, 0x94, 0x80, 0xe2, 0x94, 0x80, 0xe2, 0x94, 0x80, 0xe2, 0x94, 0x80, 0xe2
  .byte 0x94, 0x80, 0xe2, 0x94, 0x80, 0xe2, 0x94, 0x80, 0xe2, 0x94, 0x80, 0xe2, 0x94, 0x80, 0xe2, 0x94
  .byte 0x80, 0xe2, 0x94, 0x80, 0xe2, 0x94, 0x80, 0xe2, 0x94, 0x80, 0xe2, 0x94, 0x80, 0xe2, 0x94, 0x80
  .byte 0x20, 0x2a, 0x2f, 0x0a, 0x2e, 0x63, 0x61, 0x74, 0x61, 0x6c, 0x6f, 0x67, 0x2d, 0x70, 0x72, 0x6f
  .byte 0x70, 0x2d, 0x70, 0x61, 0x6e, 0x65, 0x6c, 0x20, 0x7b, 0x0a, 0x20, 0x20, 0x62, 0x61, 0x63, 0x6b
  .byte 0x67, 0x72, 0x6f, 0x75, 0x6e, 0x64, 0x3a, 0x20, 0x76, 0x61, 0x72, 0x28, 0x2d, 0x2d, 0x70, 0x61
  .byte 0x67, 0x65, 0x2d, 0x62, 0x67, 0x29, 0x3b, 0x0a, 0x20, 0x20, 0x62, 0x6f, 0x72, 0x64, 0x65, 0x72
  .byte 0x3a, 0x20, 0x31, 0x70, 0x78, 0x20, 0x73, 0x6f, 0x6c, 0x69, 0x64, 0x20, 0x76, 0x61, 0x72, 0x28
  .byte 0x2d, 0x2d, 0x62, 0x6f, 0x72, 0x64, 0x65, 0x72, 0x29, 0x3b, 0x0a, 0x20, 0x20, 0x62, 0x6f, 0x72
  .byte 0x64, 0x65, 0x72, 0x2d, 0x72, 0x61, 0x64, 0x69, 0x75, 0x73, 0x3a, 0x20, 0x36, 0x70, 0x78, 0x3b
  .byte 0x0a, 0x20, 0x20, 0x6f, 0x76, 0x65, 0x72, 0x66, 0x6c, 0x6f, 0x77, 0x3a, 0x20, 0x68, 0x69, 0x64
  .byte 0x64, 0x65, 0x6e, 0x3b, 0x0a, 0x7d, 0x0a, 0x0a, 0x2e, 0x63, 0x61, 0x74, 0x61, 0x6c, 0x6f, 0x67
  .byte 0x2d, 0x70, 0x72, 0x6f, 0x70, 0x2d, 0x70, 0x61, 0x6e, 0x65, 0x6c, 0x2d, 0x68, 0x65, 0x61, 0x64
  .byte 0x65, 0x72, 0x20, 0x7b, 0x0a, 0x20, 0x20, 0x70, 0x61, 0x64, 0x64, 0x69, 0x6e, 0x67, 0x3a, 0x20
  .byte 0x37, 0x70, 0x78, 0x20, 0x31, 0x30, 0x70, 0x78, 0x20, 0x36, 0x70, 0x78, 0x3b, 0x0a, 0x20, 0x20
  .byte 0x62, 0x6f, 0x72, 0x64, 0x65, 0x72, 0x2d, 0x62, 0x6f, 0x74, 0x74, 0x6f, 0x6d, 0x3a, 0x20, 0x31
  .byte 0x70, 0x78, 0x20, 0x73, 0x6f, 0x6c, 0x69, 0x64, 0x20, 0x76, 0x61, 0x72, 0x28, 0x2d, 0x2d, 0x62
  .byte 0x6f, 0x72, 0x64, 0x65, 0x72, 0x29, 0x3b, 0x0a, 0x20, 0x20, 0x64, 0x69, 0x73, 0x70, 0x6c, 0x61
  .byte 0x79, 0x3a, 0x20, 0x66, 0x6c, 0x65, 0x78, 0x3b, 0x0a, 0x20, 0x20, 0x66, 0x6c, 0x65, 0x78, 0x2d
  .byte 0x64, 0x69, 0x72, 0x65, 0x63, 0x74, 0x69, 0x6f, 0x6e, 0x3a, 0x20, 0x63, 0x6f, 0x6c, 0x75, 0x6d
  .byte 0x6e, 0x3b, 0x0a, 0x20, 0x20, 0x67, 0x61, 0x70, 0x3a, 0x20, 0x33, 0x70, 0x78, 0x3b, 0x0a, 0x7d
  .byte 0x0a, 0x0a, 0x2e, 0x63, 0x61, 0x74, 0x61, 0x6c, 0x6f, 0x67, 0x2d, 0x70, 0x72, 0x6f, 0x70, 0x2d
  .byte 0x63, 0x6f, 0x6d, 0x70, 0x2d, 0x6e, 0x61, 0x6d, 0x65, 0x20, 0x7b, 0x0a, 0x20, 0x20, 0x66, 0x6f
  .byte 0x6e, 0x74, 0x2d, 0x66, 0x61, 0x6d, 0x69, 0x6c, 0x79, 0x3a, 0x20, 0x76, 0x61, 0x72, 0x28, 0x2d
  .byte 0x2d, 0x66, 0x6f, 0x6e, 0x74, 0x2d, 0x6d, 0x6f, 0x6e, 0x6f, 0x29, 0x3b, 0x0a, 0x20, 0x20, 0x66
  .byte 0x6f, 0x6e, 0x74, 0x2d, 0x73, 0x69, 0x7a, 0x65, 0x3a, 0x20, 0x31, 0x31, 0x70, 0x78, 0x3b, 0x0a
  .byte 0x20, 0x20, 0x66, 0x6f, 0x6e, 0x74, 0x2d, 0x77, 0x65, 0x69, 0x67, 0x68, 0x74, 0x3a, 0x20, 0x37
  .byte 0x30, 0x30, 0x3b, 0x0a, 0x20, 0x20, 0x63, 0x6f, 0x6c, 0x6f, 0x72, 0x3a, 0x20, 0x76, 0x61, 0x72
  .byte 0x28, 0x2d, 0x2d, 0x74, 0x65, 0x78, 0x74, 0x2d, 0x70, 0x72, 0x69, 0x6d, 0x61, 0x72, 0x79, 0x29
  .byte 0x3b, 0x0a, 0x7d, 0x0a, 0x0a, 0x2e, 0x63, 0x61, 0x74, 0x61, 0x6c, 0x6f, 0x67, 0x2d, 0x70, 0x72
  .byte 0x6f, 0x70, 0x2d, 0x64, 0x65, 0x73, 0x63, 0x20, 0x7b, 0x0a, 0x20, 0x20, 0x66, 0x6f, 0x6e, 0x74
  .byte 0x2d, 0x66, 0x61, 0x6d, 0x69, 0x6c, 0x79, 0x3a, 0x20, 0x76, 0x61, 0x72, 0x28, 0x2d, 0x2d, 0x66
  .byte 0x6f, 0x6e, 0x74, 0x2d, 0x73, 0x61, 0x6e, 0x73, 0x29, 0x3b, 0x0a, 0x20, 0x20, 0x66, 0x6f, 0x6e
  .byte 0x74, 0x2d, 0x73, 0x69, 0x7a, 0x65, 0x3a, 0x20, 0x31, 0x30, 0x70, 0x78, 0x3b, 0x0a, 0x20, 0x20
  .byte 0x63, 0x6f, 0x6c, 0x6f, 0x72, 0x3a, 0x20, 0x76, 0x61, 0x72, 0x28, 0x2d, 0x2d, 0x74, 0x65, 0x78
  .byte 0x74, 0x2d, 0x74, 0x65, 0x72, 0x74, 0x69, 0x61, 0x72, 0x79, 0x29, 0x3b, 0x0a, 0x20, 0x20, 0x6c
  .byte 0x69, 0x6e, 0x65, 0x2d, 0x68, 0x65, 0x69, 0x67, 0x68, 0x74, 0x3a, 0x20, 0x31, 0x2e, 0x35, 0x3b
  .byte 0x0a, 0x7d, 0x0a, 0x0a, 0x2e, 0x63, 0x61, 0x74, 0x61, 0x6c, 0x6f, 0x67, 0x2d, 0x70, 0x72, 0x6f
  .byte 0x70, 0x2d, 0x6c, 0x69, 0x73, 0x74, 0x20, 0x7b, 0x0a, 0x20, 0x20, 0x64, 0x69, 0x73, 0x70, 0x6c
  .byte 0x61, 0x79, 0x3a, 0x20, 0x66, 0x6c, 0x65, 0x78, 0x3b, 0x0a, 0x20, 0x20, 0x66, 0x6c, 0x65, 0x78
  .byte 0x2d, 0x64, 0x69, 0x72, 0x65, 0x63, 0x74, 0x69, 0x6f, 0x6e, 0x3a, 0x20, 0x63, 0x6f, 0x6c, 0x75
  .byte 0x6d, 0x6e, 0x3b, 0x0a, 0x7d, 0x0a, 0x0a, 0x2e, 0x63, 0x61, 0x74, 0x61, 0x6c, 0x6f, 0x67, 0x2d
  .byte 0x70, 0x72, 0x6f, 0x70, 0x2d, 0x72, 0x6f, 0x77, 0x20, 0x7b, 0x0a, 0x20, 0x20, 0x64, 0x69, 0x73
  .byte 0x70, 0x6c, 0x61, 0x79, 0x3a, 0x20, 0x66, 0x6c, 0x65, 0x78, 0x3b, 0x0a, 0x20, 0x20, 0x61, 0x6c
  .byte 0x69, 0x67, 0x6e, 0x2d, 0x69, 0x74, 0x65, 0x6d, 0x73, 0x3a, 0x20, 0x62, 0x61, 0x73, 0x65, 0x6c
  .byte 0x69, 0x6e, 0x65, 0x3b, 0x0a, 0x20, 0x20, 0x67, 0x61, 0x70, 0x3a, 0x20, 0x36, 0x70, 0x78, 0x3b
  .byte 0x0a, 0x20, 0x20, 0x70, 0x61, 0x64, 0x64, 0x69, 0x6e, 0x67, 0x3a, 0x20, 0x34, 0x70, 0x78, 0x20
  .byte 0x31, 0x30, 0x70, 0x78, 0x3b, 0x0a, 0x20, 0x20, 0x62, 0x6f, 0x72, 0x64, 0x65, 0x72, 0x2d, 0x62
  .byte 0x6f, 0x74, 0x74, 0x6f, 0x6d, 0x3a, 0x20, 0x31, 0x70, 0x78, 0x20, 0x73, 0x6f, 0x6c, 0x69, 0x64
  .byte 0x20, 0x76, 0x61, 0x72, 0x28, 0x2d, 0x2d, 0x62, 0x6f, 0x72, 0x64, 0x65, 0x72, 0x29, 0x3b, 0x0a
  .byte 0x7d, 0x0a, 0x0a, 0x2e, 0x63, 0x61, 0x74, 0x61, 0x6c, 0x6f, 0x67, 0x2d, 0x70, 0x72, 0x6f, 0x70
  .byte 0x2d, 0x72, 0x6f, 0x77, 0x3a, 0x6c, 0x61, 0x73, 0x74, 0x2d, 0x63, 0x68, 0x69, 0x6c, 0x64, 0x20
  .byte 0x7b, 0x0a, 0x20, 0x20, 0x62, 0x6f, 0x72, 0x64, 0x65, 0x72, 0x2d, 0x62, 0x6f, 0x74, 0x74, 0x6f
  .byte 0x6d, 0x3a, 0x20, 0x6e, 0x6f, 0x6e, 0x65, 0x3b, 0x0a, 0x7d, 0x0a, 0x0a, 0x2e, 0x63, 0x61, 0x74
  .byte 0x61, 0x6c, 0x6f, 0x67, 0x2d, 0x70, 0x72, 0x6f, 0x70, 0x2d, 0x6e, 0x61, 0x6d, 0x65, 0x20, 0x7b
  .byte 0x0a, 0x20, 0x20, 0x66, 0x6f, 0x6e, 0x74, 0x2d, 0x66, 0x61, 0x6d, 0x69, 0x6c, 0x79, 0x3a, 0x20
  .byte 0x76, 0x61, 0x72, 0x28, 0x2d, 0x2d, 0x66, 0x6f, 0x6e, 0x74, 0x2d, 0x6d, 0x6f, 0x6e, 0x6f, 0x29
  .byte 0x3b, 0x0a, 0x20, 0x20, 0x66, 0x6f, 0x6e, 0x74, 0x2d, 0x73, 0x69, 0x7a, 0x65, 0x3a, 0x20, 0x31
  .byte 0x30, 0x70, 0x78, 0x3b, 0x0a, 0x20, 0x20, 0x66, 0x6f, 0x6e, 0x74, 0x2d, 0x77, 0x65, 0x69, 0x67
  .byte 0x68, 0x74, 0x3a, 0x20, 0x36, 0x30, 0x30, 0x3b, 0x0a, 0x20, 0x20, 0x63, 0x6f, 0x6c, 0x6f, 0x72
  .byte 0x3a, 0x20, 0x76, 0x61, 0x72, 0x28, 0x2d, 0x2d, 0x74, 0x65, 0x78, 0x74, 0x2d, 0x70, 0x72, 0x69
  .byte 0x6d, 0x61, 0x72, 0x79, 0x29, 0x3b, 0x0a, 0x20, 0x20, 0x66, 0x6c, 0x65, 0x78, 0x2d, 0x73, 0x68
  .byte 0x72, 0x69, 0x6e, 0x6b, 0x3a, 0x20, 0x30, 0x3b, 0x0a, 0x20, 0x20, 0x6d, 0x69, 0x6e, 0x2d, 0x77
  .byte 0x69, 0x64, 0x74, 0x68, 0x3a, 0x20, 0x36, 0x34, 0x70, 0x78, 0x3b, 0x0a, 0x7d, 0x0a, 0x0a, 0x2e
  .byte 0x63, 0x61, 0x74, 0x61, 0x6c, 0x6f, 0x67, 0x2d, 0x70, 0x72, 0x6f, 0x70, 0x2d, 0x74, 0x79, 0x70
  .byte 0x65, 0x20, 0x7b, 0x0a, 0x20, 0x20, 0x66, 0x6f, 0x6e, 0x74, 0x2d, 0x66, 0x61, 0x6d, 0x69, 0x6c
  .byte 0x79, 0x3a, 0x20, 0x76, 0x61, 0x72, 0x28, 0x2d, 0x2d, 0x66, 0x6f, 0x6e, 0x74, 0x2d, 0x6d, 0x6f
  .byte 0x6e, 0x6f, 0x29, 0x3b, 0x0a, 0x20, 0x20, 0x66, 0x6f, 0x6e, 0x74, 0x2d, 0x73, 0x69, 0x7a, 0x65
  .byte 0x3a, 0x20, 0x31, 0x30, 0x70, 0x78, 0x3b, 0x0a, 0x20, 0x20, 0x63, 0x6f, 0x6c, 0x6f, 0x72, 0x3a
  .byte 0x20, 0x76, 0x61, 0x72, 0x28, 0x2d, 0x2d, 0x74, 0x65, 0x78, 0x74, 0x2d, 0x73, 0x65, 0x63, 0x6f
  .byte 0x6e, 0x64, 0x61, 0x72, 0x79, 0x29, 0x3b, 0x0a, 0x20, 0x20, 0x66, 0x6c, 0x65, 0x78, 0x3a, 0x20
  .byte 0x31, 0x3b, 0x0a, 0x20, 0x20, 0x6f, 0x76, 0x65, 0x72, 0x66, 0x6c, 0x6f, 0x77, 0x3a, 0x20, 0x68
  .byte 0x69, 0x64, 0x64, 0x65, 0x6e, 0x3b, 0x0a, 0x20, 0x20, 0x74, 0x65, 0x78, 0x74, 0x2d, 0x6f, 0x76
  .byte 0x65, 0x72, 0x66, 0x6c, 0x6f, 0x77, 0x3a, 0x20, 0x65, 0x6c, 0x6c, 0x69, 0x70, 0x73, 0x69, 0x73
  .byte 0x3b, 0x0a, 0x20, 0x20, 0x77, 0x68, 0x69, 0x74, 0x65, 0x2d, 0x73, 0x70, 0x61, 0x63, 0x65, 0x3a
  .byte 0x20, 0x6e, 0x6f, 0x77, 0x72, 0x61, 0x70, 0x3b, 0x0a, 0x7d, 0x0a, 0x0a, 0x2e, 0x63, 0x61, 0x74
  .byte 0x61, 0x6c, 0x6f, 0x67, 0x2d, 0x70, 0x72, 0x6f, 0x70, 0x2d, 0x65, 0x6d, 0x70, 0x74, 0x79, 0x20
  .byte 0x7b, 0x0a, 0x20, 0x20, 0x66, 0x6f, 0x6e, 0x74, 0x2d, 0x66, 0x61, 0x6d, 0x69, 0x6c, 0x79, 0x3a
  .byte 0x20, 0x76, 0x61, 0x72, 0x28, 0x2d, 0x2d, 0x66, 0x6f, 0x6e, 0x74, 0x2d, 0x6d, 0x6f, 0x6e, 0x6f
  .byte 0x29, 0x3b, 0x0a, 0x20, 0x20, 0x66, 0x6f, 0x6e, 0x74, 0x2d, 0x73, 0x69, 0x7a, 0x65, 0x3a, 0x20
  .byte 0x31, 0x30, 0x70, 0x78, 0x3b, 0x0a, 0x20, 0x20, 0x63, 0x6f, 0x6c, 0x6f, 0x72, 0x3a, 0x20, 0x76
  .byte 0x61, 0x72, 0x28, 0x2d, 0x2d, 0x74, 0x65, 0x78, 0x74, 0x2d, 0x74, 0x65, 0x72, 0x74, 0x69, 0x61
  .byte 0x72, 0x79, 0x29, 0x3b, 0x0a, 0x20, 0x20, 0x70, 0x61, 0x64, 0x64, 0x69, 0x6e, 0x67, 0x3a, 0x20
  .byte 0x38, 0x70, 0x78, 0x20, 0x31, 0x30, 0x70, 0x78, 0x3b, 0x0a, 0x7d, 0x0a, 0x0a, 0x2f, 0x2a, 0x20
  .byte 0xe2, 0x94, 0x80, 0xe2, 0x94, 0x80, 0xe2, 0x94, 0x80, 0x20, 0x4e, 0x6f, 0x74, 0x65, 0x73, 0x20
  .byte 0xe2, 0x94, 0x80, 0xe2, 0x94, 0x80, 0xe2, 0x94, 0x80, 0xe2, 0x94, 0x80, 0xe2, 0x94, 0x80, 0xe2
  .byte 0x94, 0x80, 0xe2, 0x94, 0x80, 0xe2, 0x94, 0x80, 0xe2, 0x94, 0x80, 0xe2, 0x94, 0x80, 0xe2, 0x94
  .byte 0x80, 0xe2, 0x94, 0x80, 0xe2, 0x94, 0x80, 0xe2, 0x94, 0x80, 0xe2, 0x94, 0x80, 0xe2, 0x94, 0x80
  .byte 0xe2, 0x94, 0x80, 0xe2, 0x94, 0x80, 0xe2, 0x94, 0x80, 0xe2, 0x94, 0x80, 0xe2, 0x94, 0x80, 0xe2
  .byte 0x94, 0x80, 0xe2, 0x94, 0x80, 0xe2, 0x94, 0x80, 0xe2, 0x94, 0x80, 0xe2, 0x94, 0x80, 0xe2, 0x94
  .byte 0x80, 0xe2, 0x94, 0x80, 0xe2, 0x94, 0x80, 0xe2, 0x94, 0x80, 0xe2, 0x94, 0x80, 0xe2, 0x94, 0x80
  .byte 0xe2, 0x94, 0x80, 0xe2, 0x94, 0x80, 0xe2, 0x94, 0x80, 0xe2, 0x94, 0x80, 0xe2, 0x94, 0x80, 0xe2
  .byte 0x94, 0x80, 0xe2, 0x94, 0x80, 0xe2, 0x94, 0x80, 0xe2, 0x94, 0x80, 0xe2, 0x94, 0x80, 0xe2, 0x94
  .byte 0x80, 0xe2, 0x94, 0x80, 0xe2, 0x94, 0x80, 0xe2, 0x94, 0x80, 0xe2, 0x94, 0x80, 0xe2, 0x94, 0x80
  .byte 0xe2, 0x94, 0x80, 0xe2, 0x94, 0x80, 0xe2, 0x94, 0x80, 0xe2, 0x94, 0x80, 0xe2, 0x94, 0x80, 0xe2
  .byte 0x94, 0x80, 0xe2, 0x94, 0x80, 0xe2, 0x94, 0x80, 0xe2, 0x94, 0x80, 0xe2, 0x94, 0x80, 0xe2, 0x94
  .byte 0x80, 0xe2, 0x94, 0x80, 0xe2, 0x94, 0x80, 0xe2, 0x94, 0x80, 0xe2, 0x94, 0x80, 0xe2, 0x94, 0x80
  .byte 0xe2, 0x94, 0x80, 0xe2, 0x94, 0x80, 0xe2, 0x94, 0x80, 0xe2, 0x94, 0x80, 0x20, 0x2a, 0x2f, 0x0a
  .byte 0x2e, 0x63, 0x61, 0x74, 0x61, 0x6c, 0x6f, 0x67, 0x2d, 0x6e, 0x6f, 0x74, 0x65, 0x73, 0x20, 0x7b
  .byte 0x0a, 0x20, 0x20, 0x64, 0x69, 0x73, 0x70, 0x6c, 0x61, 0x79, 0x3a, 0x20, 0x66, 0x6c, 0x65, 0x78
  .byte 0x3b, 0x0a, 0x20, 0x20, 0x66, 0x6c, 0x65, 0x78, 0x2d, 0x64, 0x69, 0x72, 0x65, 0x63, 0x74, 0x69
  .byte 0x6f, 0x6e, 0x3a, 0x20, 0x63, 0x6f, 0x6c, 0x75, 0x6d, 0x6e, 0x3b, 0x0a, 0x20, 0x20, 0x67, 0x61
  .byte 0x70, 0x3a, 0x20, 0x33, 0x70, 0x78, 0x3b, 0x0a, 0x20, 0x20, 0x6d, 0x61, 0x72, 0x67, 0x69, 0x6e
  .byte 0x2d, 0x74, 0x6f, 0x70, 0x3a, 0x20, 0x31, 0x70, 0x78, 0x3b, 0x0a, 0x7d, 0x0a, 0x0a, 0x2e, 0x63
  .byte 0x61, 0x74, 0x61, 0x6c, 0x6f, 0x67, 0x2d, 0x6e, 0x6f, 0x74, 0x65, 0x20, 0x7b, 0x0a, 0x20, 0x20
  .byte 0x66, 0x6f, 0x6e, 0x74, 0x2d, 0x66, 0x61, 0x6d, 0x69, 0x6c, 0x79, 0x3a, 0x20, 0x76, 0x61, 0x72
  .byte 0x28, 0x2d, 0x2d, 0x66, 0x6f, 0x6e, 0x74, 0x2d, 0x6d, 0x6f, 0x6e, 0x6f, 0x29, 0x3b, 0x0a, 0x20
  .byte 0x20, 0x66, 0x6f, 0x6e, 0x74, 0x2d, 0x73, 0x69, 0x7a, 0x65, 0x3a, 0x20, 0x31, 0x30, 0x70, 0x78
  .byte 0x3b, 0x0a, 0x20, 0x20, 0x63, 0x6f, 0x6c, 0x6f, 0x72, 0x3a, 0x20, 0x76, 0x61, 0x72, 0x28, 0x2d
  .byte 0x2d, 0x74, 0x65, 0x78, 0x74, 0x2d, 0x74, 0x65, 0x72, 0x74, 0x69, 0x61, 0x72, 0x79, 0x29, 0x3b
  .byte 0x0a, 0x20, 0x20, 0x6c, 0x69, 0x6e, 0x65, 0x2d, 0x68, 0x65, 0x69, 0x67, 0x68, 0x74, 0x3a, 0x20
  .byte 0x31, 0x2e, 0x36, 0x3b, 0x0a, 0x7d, 0x0a, 0x0a, 0x2f, 0x2a, 0x20, 0xe2, 0x94, 0x80, 0xe2, 0x94
  .byte 0x80, 0xe2, 0x94, 0x80, 0x20, 0x4e, 0x6f, 0x6e, 0x2d, 0x6d, 0x6f, 0x62, 0x69, 0x6c, 0x65, 0x3a
  .byte 0x20, 0x6c, 0x6f, 0x63, 0x6b, 0x20, 0x70, 0x61, 0x6e, 0x65, 0x6c, 0x20, 0x6f, 0x70, 0x65, 0x6e
  .byte 0x20, 0xe2, 0x94, 0x80, 0xe2, 0x94, 0x80, 0xe2, 0x94, 0x80, 0xe2, 0x94, 0x80, 0xe2, 0x94, 0x80
  .byte 0xe2, 0x94, 0x80, 0xe2, 0x94, 0x80, 0xe2, 0x94, 0x80, 0xe2, 0x94, 0x80, 0xe2, 0x94, 0x80, 0xe2
  .byte 0x94, 0x80, 0xe2, 0x94, 0x80, 0xe2, 0x94, 0x80, 0xe2, 0x94, 0x80, 0xe2, 0x94, 0x80, 0xe2, 0x94
  .byte 0x80, 0xe2, 0x94, 0x80, 0xe2, 0x94, 0x80, 0xe2, 0x94, 0x80, 0xe2, 0x94, 0x80, 0xe2, 0x94, 0x80
  .byte 0xe2, 0x94, 0x80, 0xe2, 0x94, 0x80, 0xe2, 0x94, 0x80, 0xe2, 0x94, 0x80, 0xe2, 0x94, 0x80, 0xe2
  .byte 0x94, 0x80, 0xe2, 0x94, 0x80, 0xe2, 0x94, 0x80, 0xe2, 0x94, 0x80, 0xe2, 0x94, 0x80, 0xe2, 0x94
  .byte 0x80, 0xe2, 0x94, 0x80, 0xe2, 0x94, 0x80, 0xe2, 0x94, 0x80, 0xe2, 0x94, 0x80, 0xe2, 0x94, 0x80
  .byte 0xe2, 0x94, 0x80, 0xe2, 0x94, 0x80, 0xe2, 0x94, 0x80, 0xe2, 0x94, 0x80, 0xe2, 0x94, 0x80, 0xe2
  .byte 0x94, 0x80, 0xe2, 0x94, 0x80, 0xe2, 0x94, 0x80, 0xe2, 0x94, 0x80, 0x20, 0x2a, 0x2f, 0x0a, 0x40
  .byte 0x6d, 0x65, 0x64, 0x69, 0x61, 0x20, 0x28, 0x6d, 0x69, 0x6e, 0x2d, 0x77, 0x69, 0x64, 0x74, 0x68
  .byte 0x3a, 0x20, 0x37, 0x36, 0x39, 0x70, 0x78, 0x29, 0x20, 0x7b, 0x0a, 0x20, 0x20, 0x2e, 0x63, 0x61
  .byte 0x74, 0x61, 0x6c, 0x6f, 0x67, 0x2d, 0x70, 0x61, 0x6e, 0x65, 0x6c, 0x2d, 0x74, 0x6f, 0x67, 0x67
  .byte 0x6c, 0x65, 0x20, 0x7b, 0x0a, 0x20, 0x20, 0x20, 0x20, 0x64, 0x69, 0x73, 0x70, 0x6c, 0x61, 0x79
  .byte 0x3a, 0x20, 0x6e, 0x6f, 0x6e, 0x65, 0x3b, 0x0a, 0x20, 0x20, 0x7d, 0x0a, 0x0a, 0x20, 0x20, 0x2e
  .byte 0x63, 0x61, 0x74, 0x61, 0x6c, 0x6f, 0x67, 0x2d, 0x70, 0x61, 0x6e, 0x65, 0x6c, 0x2d, 0x2d, 0x63
  .byte 0x6f, 0x6c, 0x6c, 0x61, 0x70, 0x73, 0x65, 0x64, 0x20, 0x7b, 0x0a, 0x20, 0x20, 0x20, 0x20, 0x77
  .byte 0x69, 0x64, 0x74, 0x68, 0x3a, 0x20, 0x33, 0x32, 0x30, 0x70, 0x78, 0x3b, 0x0a, 0x20, 0x20, 0x7d
  .byte 0x0a, 0x0a, 0x20, 0x20, 0x2e, 0x63, 0x61, 0x74, 0x61, 0x6c, 0x6f, 0x67, 0x2d, 0x70, 0x61, 0x6e
  .byte 0x65, 0x6c, 0x2d, 0x2d, 0x63, 0x6f, 0x6c, 0x6c, 0x61, 0x70, 0x73, 0x65, 0x64, 0x20, 0x2e, 0x63
  .byte 0x61, 0x74, 0x61, 0x6c, 0x6f, 0x67, 0x2d, 0x70, 0x61, 0x6e, 0x65, 0x6c, 0x2d, 0x68, 0x65, 0x61
  .byte 0x64, 0x65, 0x72, 0x20, 0x7b, 0x0a, 0x20, 0x20, 0x20, 0x20, 0x70, 0x61, 0x64, 0x64, 0x69, 0x6e
  .byte 0x67, 0x3a, 0x20, 0x31, 0x34, 0x70, 0x78, 0x20, 0x31, 0x36, 0x70, 0x78, 0x3b, 0x0a, 0x20, 0x20
  .byte 0x20, 0x20, 0x6a, 0x75, 0x73, 0x74, 0x69, 0x66, 0x79, 0x2d, 0x63, 0x6f, 0x6e, 0x74, 0x65, 0x6e
  .byte 0x74, 0x3a, 0x20, 0x73, 0x70, 0x61, 0x63, 0x65, 0x2d, 0x62, 0x65, 0x74, 0x77, 0x65, 0x65, 0x6e
  .byte 0x3b, 0x0a, 0x20, 0x20, 0x20, 0x20, 0x66, 0x6c, 0x65, 0x78, 0x2d, 0x64, 0x69, 0x72, 0x65, 0x63
  .byte 0x74, 0x69, 0x6f, 0x6e, 0x3a, 0x20, 0x72, 0x6f, 0x77, 0x3b, 0x0a, 0x20, 0x20, 0x20, 0x20, 0x67
  .byte 0x61, 0x70, 0x3a, 0x20, 0x38, 0x70, 0x78, 0x3b, 0x0a, 0x20, 0x20, 0x7d, 0x0a, 0x0a, 0x20, 0x20
  .byte 0x2e, 0x63, 0x61, 0x74, 0x61, 0x6c, 0x6f, 0x67, 0x2d, 0x70, 0x61, 0x6e, 0x65, 0x6c, 0x2d, 0x69
  .byte 0x63, 0x6f, 0x6e, 0x2d, 0x6f, 0x6e, 0x6c, 0x79, 0x20, 0x7b, 0x0a, 0x20, 0x20, 0x20, 0x20, 0x64
  .byte 0x69, 0x73, 0x70, 0x6c, 0x61, 0x79, 0x3a, 0x20, 0x6e, 0x6f, 0x6e, 0x65, 0x3b, 0x0a, 0x20, 0x20
  .byte 0x7d, 0x0a, 0x0a, 0x20, 0x20, 0x2e, 0x63, 0x61, 0x74, 0x61, 0x6c, 0x6f, 0x67, 0x2d, 0x70, 0x61
  .byte 0x6e, 0x65, 0x6c, 0x2d, 0x62, 0x6f, 0x64, 0x79, 0x2d, 0x2d, 0x68, 0x69, 0x64, 0x64, 0x65, 0x6e
  .byte 0x20, 0x7b, 0x0a, 0x20, 0x20, 0x20, 0x20, 0x64, 0x69, 0x73, 0x70, 0x6c, 0x61, 0x79, 0x3a, 0x20
  .byte 0x66, 0x6c, 0x65, 0x78, 0x3b, 0x0a, 0x20, 0x20, 0x7d, 0x0a, 0x7d, 0x0a, 0x0a, 0x2f, 0x2a, 0x20
  .byte 0xe2, 0x94, 0x80, 0xe2, 0x94, 0x80, 0xe2, 0x94, 0x80, 0x20, 0x4d, 0x6f, 0x62, 0x69, 0x6c, 0x65
  .byte 0x20, 0xe2, 0x94, 0x80, 0xe2, 0x94, 0x80, 0xe2, 0x94, 0x80, 0xe2, 0x94, 0x80, 0xe2, 0x94, 0x80
  .byte 0xe2, 0x94, 0x80, 0xe2, 0x94, 0x80, 0xe2, 0x94, 0x80, 0xe2, 0x94, 0x80, 0xe2, 0x94, 0x80, 0xe2
  .byte 0x94, 0x80, 0xe2, 0x94, 0x80, 0xe2, 0x94, 0x80, 0xe2, 0x94, 0x80, 0xe2, 0x94, 0x80, 0xe2, 0x94
  .byte 0x80, 0xe2, 0x94, 0x80, 0xe2, 0x94, 0x80, 0xe2, 0x94, 0x80, 0xe2, 0x94, 0x80, 0xe2, 0x94, 0x80
  .byte 0xe2, 0x94, 0x80, 0xe2, 0x94, 0x80, 0xe2, 0x94, 0x80, 0xe2, 0x94, 0x80, 0xe2, 0x94, 0x80, 0xe2
  .byte 0x94, 0x80, 0xe2, 0x94, 0x80, 0xe2, 0x94, 0x80, 0xe2, 0x94, 0x80, 0xe2, 0x94, 0x80, 0xe2, 0x94
  .byte 0x80, 0xe2, 0x94, 0x80, 0xe2, 0x94, 0x80, 0xe2, 0x94, 0x80, 0xe2, 0x94, 0x80, 0xe2, 0x94, 0x80
  .byte 0xe2, 0x94, 0x80, 0xe2, 0x94, 0x80, 0xe2, 0x94, 0x80, 0xe2, 0x94, 0x80, 0xe2, 0x94, 0x80, 0xe2
  .byte 0x94, 0x80, 0xe2, 0x94, 0x80, 0xe2, 0x94, 0x80, 0xe2, 0x94, 0x80, 0xe2, 0x94, 0x80, 0xe2, 0x94
  .byte 0x80, 0xe2, 0x94, 0x80, 0xe2, 0x94, 0x80, 0xe2, 0x94, 0x80, 0xe2, 0x94, 0x80, 0xe2, 0x94, 0x80
  .byte 0xe2, 0x94, 0x80, 0xe2, 0x94, 0x80, 0xe2, 0x94, 0x80, 0xe2, 0x94, 0x80, 0xe2, 0x94, 0x80, 0xe2
  .byte 0x94, 0x80, 0xe2, 0x94, 0x80, 0xe2, 0x94, 0x80, 0xe2, 0x94, 0x80, 0xe2, 0x94, 0x80, 0xe2, 0x94
  .byte 0x80, 0xe2, 0x94, 0x80, 0xe2, 0x94, 0x80, 0xe2, 0x94, 0x80, 0x20, 0x2a, 0x2f, 0x0a, 0x40, 0x6d
  .byte 0x65, 0x64, 0x69, 0x61, 0x20, 0x28, 0x6d, 0x61, 0x78, 0x2d, 0x77, 0x69, 0x64, 0x74, 0x68, 0x3a
  .byte 0x20, 0x37, 0x36, 0x38, 0x70, 0x78, 0x29, 0x20, 0x7b, 0x0a, 0x20, 0x20, 0x2e, 0x63, 0x61, 0x74
  .byte 0x61, 0x6c, 0x6f, 0x67, 0x2d, 0x70, 0x61, 0x6e, 0x65, 0x6c, 0x20, 0x7b, 0x0a, 0x20, 0x20, 0x20
  .byte 0x20, 0x77, 0x69, 0x64, 0x74, 0x68, 0x3a, 0x20, 0x31, 0x30, 0x30, 0x25, 0x3b, 0x0a, 0x20, 0x20
  .byte 0x20, 0x20, 0x62, 0x6f, 0x72, 0x64, 0x65, 0x72, 0x2d, 0x72, 0x69, 0x67, 0x68, 0x74, 0x3a, 0x20
  .byte 0x6e, 0x6f, 0x6e, 0x65, 0x3b, 0x0a, 0x20, 0x20, 0x20, 0x20, 0x62, 0x6f, 0x72, 0x64, 0x65, 0x72
  .byte 0x2d, 0x62, 0x6f, 0x74, 0x74, 0x6f, 0x6d, 0x3a, 0x20, 0x31, 0x70, 0x78, 0x20, 0x73, 0x6f, 0x6c
  .byte 0x69, 0x64, 0x20, 0x76, 0x61, 0x72, 0x28, 0x2d, 0x2d, 0x62, 0x6f, 0x72, 0x64, 0x65, 0x72, 0x29
  .byte 0x3b, 0x0a, 0x20, 0x20, 0x20, 0x20, 0x66, 0x6c, 0x65, 0x78, 0x2d, 0x73, 0x68, 0x72, 0x69, 0x6e
  .byte 0x6b, 0x3a, 0x20, 0x30, 0x3b, 0x0a, 0x20, 0x20, 0x20, 0x20, 0x74, 0x72, 0x61, 0x6e, 0x73, 0x69
  .byte 0x74, 0x69, 0x6f, 0x6e, 0x3a, 0x20, 0x6e, 0x6f, 0x6e, 0x65, 0x3b, 0x0a, 0x20, 0x20, 0x7d, 0x0a
  .byte 0x0a, 0x20, 0x20, 0x2e, 0x63, 0x61, 0x74, 0x61, 0x6c, 0x6f, 0x67, 0x2d, 0x70, 0x61, 0x6e, 0x65
  .byte 0x6c, 0x2d, 0x2d, 0x63, 0x6f, 0x6c, 0x6c, 0x61, 0x70, 0x73, 0x65, 0x64, 0x20, 0x7b, 0x0a, 0x20
  .byte 0x20, 0x20, 0x20, 0x77, 0x69, 0x64, 0x74, 0x68, 0x3a, 0x20, 0x31, 0x30, 0x30, 0x25, 0x3b, 0x0a
  .byte 0x20, 0x20, 0x7d, 0x0a, 0x0a, 0x20, 0x20, 0x2e, 0x63, 0x61, 0x74, 0x61, 0x6c, 0x6f, 0x67, 0x2d
  .byte 0x70, 0x61, 0x6e, 0x65, 0x6c, 0x2d, 0x2d, 0x63, 0x6f, 0x6c, 0x6c, 0x61, 0x70, 0x73, 0x65, 0x64
  .byte 0x20, 0x2e, 0x63, 0x61, 0x74, 0x61, 0x6c, 0x6f, 0x67, 0x2d, 0x70, 0x61, 0x6e, 0x65, 0x6c, 0x2d
  .byte 0x68, 0x65, 0x61, 0x64, 0x65, 0x72, 0x20, 0x7b, 0x0a, 0x20, 0x20, 0x20, 0x20, 0x66, 0x6c, 0x65
  .byte 0x78, 0x2d, 0x64, 0x69, 0x72, 0x65, 0x63, 0x74, 0x69, 0x6f, 0x6e, 0x3a, 0x20, 0x72, 0x6f, 0x77
  .byte 0x3b, 0x0a, 0x20, 0x20, 0x20, 0x20, 0x70, 0x61, 0x64, 0x64, 0x69, 0x6e, 0x67, 0x3a, 0x20, 0x31
  .byte 0x34, 0x70, 0x78, 0x20, 0x31, 0x36, 0x70, 0x78, 0x3b, 0x0a, 0x20, 0x20, 0x20, 0x20, 0x6a, 0x75
  .byte 0x73, 0x74, 0x69, 0x66, 0x79, 0x2d, 0x63, 0x6f, 0x6e, 0x74, 0x65, 0x6e, 0x74, 0x3a, 0x20, 0x73
  .byte 0x70, 0x61, 0x63, 0x65, 0x2d, 0x62, 0x65, 0x74, 0x77, 0x65, 0x65, 0x6e, 0x3b, 0x0a, 0x20, 0x20
  .byte 0x7d, 0x0a, 0x0a, 0x20, 0x20, 0x2e, 0x63, 0x61, 0x74, 0x61, 0x6c, 0x6f, 0x67, 0x2d, 0x70, 0x61
  .byte 0x6e, 0x65, 0x6c, 0x2d, 0x62, 0x6f, 0x64, 0x79, 0x2d, 0x2d, 0x68, 0x69, 0x64, 0x64, 0x65, 0x6e
  .byte 0x20, 0x7b, 0x0a, 0x20, 0x20, 0x20, 0x20, 0x64, 0x69, 0x73, 0x70, 0x6c, 0x61, 0x79, 0x3a, 0x20
  .byte 0x6e, 0x6f, 0x6e, 0x65, 0x3b, 0x0a, 0x20, 0x20, 0x7d, 0x0a, 0x0a, 0x20, 0x20, 0x2e, 0x63, 0x61
  .byte 0x74, 0x61, 0x6c, 0x6f, 0x67, 0x2d, 0x70, 0x61, 0x6e, 0x65, 0x6c, 0x2d, 0x74, 0x6f, 0x67, 0x67
  .byte 0x6c, 0x65, 0x20, 0x7b, 0x0a, 0x20, 0x20, 0x20, 0x20, 0x77, 0x69, 0x64, 0x74, 0x68, 0x3a, 0x20
  .byte 0x32, 0x38, 0x70, 0x78, 0x3b, 0x0a, 0x20, 0x20, 0x20, 0x20, 0x68, 0x65, 0x69, 0x67, 0x68, 0x74
  .byte 0x3a, 0x20, 0x32, 0x38, 0x70, 0x78, 0x3b, 0x0a, 0x20, 0x20, 0x7d, 0x0a, 0x7d, 0x0a

  .globl openui_full_port_docs_app_playground_components_CatalogPanel_CatalogPanel_css_f83a00838570_pass_2_len
openui_full_port_docs_app_playground_components_CatalogPanel_CatalogPanel_css_f83a00838570_pass_2_len:
  .quad 6622

# assembly pass: 3/4
  .globl openui_full_port_docs_app_playground_components_CatalogPanel_CatalogPanel_css_f83a00838570_pass_3
openui_full_port_docs_app_playground_components_CatalogPanel_CatalogPanel_css_f83a00838570_pass_3:
  .byte 0x2f, 0x2a, 0x20, 0xe2, 0x94, 0x80, 0xe2, 0x94, 0x80, 0xe2, 0x94, 0x80, 0x20, 0x50, 0x61, 0x6e
  .byte 0x65, 0x6c, 0x20, 0x53, 0x68, 0x65, 0x6c, 0x6c, 0x20, 0xe2, 0x94, 0x80, 0xe2, 0x94, 0x80, 0xe2
  .byte 0x94, 0x80, 0xe2, 0x94, 0x80, 0xe2, 0x94, 0x80, 0xe2, 0x94, 0x80, 0xe2, 0x94, 0x80, 0xe2, 0x94
  .byte 0x80, 0xe2, 0x94, 0x80, 0xe2, 0x94, 0x80, 0xe2, 0x94, 0x80, 0xe2, 0x94, 0x80, 0xe2, 0x94, 0x80
  .byte 0xe2, 0x94, 0x80, 0xe2, 0x94, 0x80, 0xe2, 0x94, 0x80, 0xe2, 0x94, 0x80, 0xe2, 0x94, 0x80, 0xe2
  .byte 0x94, 0x80, 0xe2, 0x94, 0x80, 0xe2, 0x94, 0x80, 0xe2, 0x94, 0x80, 0xe2, 0x94, 0x80, 0xe2, 0x94
  .byte 0x80, 0xe2, 0x94, 0x80, 0xe2, 0x94, 0x80, 0xe2, 0x94, 0x80, 0xe2, 0x94, 0x80, 0xe2, 0x94, 0x80
  .byte 0xe2, 0x94, 0x80, 0xe2, 0x94, 0x80, 0xe2, 0x94, 0x80, 0xe2, 0x94, 0x80, 0xe2, 0x94, 0x80, 0xe2
  .byte 0x94, 0x80, 0xe2, 0x94, 0x80, 0xe2, 0x94, 0x80, 0xe2, 0x94, 0x80, 0xe2, 0x94, 0x80, 0xe2, 0x94
  .byte 0x80, 0xe2, 0x94, 0x80, 0xe2, 0x94, 0x80, 0xe2, 0x94, 0x80, 0xe2, 0x94, 0x80, 0xe2, 0x94, 0x80
  .byte 0xe2, 0x94, 0x80, 0xe2, 0x94, 0x80, 0xe2, 0x94, 0x80, 0xe2, 0x94, 0x80, 0xe2, 0x94, 0x80, 0xe2
  .byte 0x94, 0x80, 0xe2, 0x94, 0x80, 0xe2, 0x94, 0x80, 0xe2, 0x94, 0x80, 0xe2, 0x94, 0x80, 0xe2, 0x94
  .byte 0x80, 0xe2, 0x94, 0x80, 0xe2, 0x94, 0x80, 0xe2, 0x94, 0x80, 0xe2, 0x94, 0x80, 0xe2, 0x94, 0x80
  .byte 0xe2, 0x94, 0x80, 0x20, 0x2a, 0x2f, 0x0a, 0x2e, 0x63, 0x61, 0x74, 0x61, 0x6c, 0x6f, 0x67, 0x2d
  .byte 0x70, 0x61, 0x6e, 0x65, 0x6c, 0x20, 0x7b, 0x0a, 0x20, 0x20, 0x77, 0x69, 0x64, 0x74, 0x68, 0x3a
  .byte 0x20, 0x33, 0x32, 0x30, 0x70, 0x78, 0x3b, 0x0a, 0x20, 0x20, 0x66, 0x6c, 0x65, 0x78, 0x2d, 0x73
  .byte 0x68, 0x72, 0x69, 0x6e, 0x6b, 0x3a, 0x20, 0x30, 0x3b, 0x0a, 0x20, 0x20, 0x64, 0x69, 0x73, 0x70
  .byte 0x6c, 0x61, 0x79, 0x3a, 0x20, 0x66, 0x6c, 0x65, 0x78, 0x3b, 0x0a, 0x20, 0x20, 0x66, 0x6c, 0x65
  .byte 0x78, 0x2d, 0x64, 0x69, 0x72, 0x65, 0x63, 0x74, 0x69, 0x6f, 0x6e, 0x3a, 0x20, 0x63, 0x6f, 0x6c
  .byte 0x75, 0x6d, 0x6e, 0x3b, 0x0a, 0x20, 0x20, 0x62, 0x6f, 0x72, 0x64, 0x65, 0x72, 0x2d, 0x72, 0x69
  .byte 0x67, 0x68, 0x74, 0x3a, 0x20, 0x31, 0x70, 0x78, 0x20, 0x73, 0x6f, 0x6c, 0x69, 0x64, 0x20, 0x76
  .byte 0x61, 0x72, 0x28, 0x2d, 0x2d, 0x62, 0x6f, 0x72, 0x64, 0x65, 0x72, 0x29, 0x3b, 0x0a, 0x20, 0x20
  .byte 0x6f, 0x76, 0x65, 0x72, 0x66, 0x6c, 0x6f, 0x77, 0x3a, 0x20, 0x68, 0x69, 0x64, 0x64, 0x65, 0x6e
  .byte 0x3b, 0x0a, 0x20, 0x20, 0x74, 0x72, 0x61, 0x6e, 0x73, 0x69, 0x74, 0x69, 0x6f, 0x6e, 0x3a, 0x20
  .byte 0x77, 0x69, 0x64, 0x74, 0x68, 0x20, 0x30, 0x2e, 0x32, 0x73, 0x20, 0x65, 0x61, 0x73, 0x65, 0x3b
  .byte 0x0a, 0x7d, 0x0a, 0x0a, 0x2e, 0x63, 0x61, 0x74, 0x61, 0x6c, 0x6f, 0x67, 0x2d, 0x70, 0x61, 0x6e
  .byte 0x65, 0x6c, 0x2d, 0x2d, 0x63, 0x6f, 0x6c, 0x6c, 0x61, 0x70, 0x73, 0x65, 0x64, 0x20, 0x7b, 0x0a
  .byte 0x20, 0x20, 0x77, 0x69, 0x64, 0x74, 0x68, 0x3a, 0x20, 0x34, 0x34, 0x70, 0x78, 0x3b, 0x0a, 0x7d
  .byte 0x0a, 0x0a, 0x2e, 0x63, 0x61, 0x74, 0x61, 0x6c, 0x6f, 0x67, 0x2d, 0x70, 0x61, 0x6e, 0x65, 0x6c
  .byte 0x2d, 0x68, 0x65, 0x61, 0x64, 0x65, 0x72, 0x20, 0x7b, 0x0a, 0x20, 0x20, 0x70, 0x61, 0x64, 0x64
  .byte 0x69, 0x6e, 0x67, 0x3a, 0x20, 0x31, 0x34, 0x70, 0x78, 0x20, 0x31, 0x36, 0x70, 0x78, 0x3b, 0x0a
  .byte 0x20, 0x20, 0x62, 0x6f, 0x72, 0x64, 0x65, 0x72, 0x2d, 0x62, 0x6f, 0x74, 0x74, 0x6f, 0x6d, 0x3a
  .byte 0x20, 0x31, 0x70, 0x78, 0x20, 0x73, 0x6f, 0x6c, 0x69, 0x64, 0x20, 0x76, 0x61, 0x72, 0x28, 0x2d
  .byte 0x2d, 0x62, 0x6f, 0x72, 0x64, 0x65, 0x72, 0x2d, 0x73, 0x74, 0x72, 0x6f, 0x6e, 0x67, 0x29, 0x3b
  .byte 0x0a, 0x20, 0x20, 0x62, 0x61, 0x63, 0x6b, 0x67, 0x72, 0x6f, 0x75, 0x6e, 0x64, 0x3a, 0x20, 0x76
  .byte 0x61, 0x72, 0x28, 0x2d, 0x2d, 0x70, 0x61, 0x67, 0x65, 0x2d, 0x62, 0x67, 0x29, 0x3b, 0x0a, 0x20
  .byte 0x20, 0x66, 0x6c, 0x65, 0x78, 0x2d, 0x73, 0x68, 0x72, 0x69, 0x6e, 0x6b, 0x3a, 0x20, 0x30, 0x3b
  .byte 0x0a, 0x20, 0x20, 0x64, 0x69, 0x73, 0x70, 0x6c, 0x61, 0x79, 0x3a, 0x20, 0x66, 0x6c, 0x65, 0x78
  .byte 0x3b, 0x0a, 0x20, 0x20, 0x61, 0x6c, 0x69, 0x67, 0x6e, 0x2d, 0x69, 0x74, 0x65, 0x6d, 0x73, 0x3a
  .byte 0x20, 0x63, 0x65, 0x6e, 0x74, 0x65, 0x72, 0x3b, 0x0a, 0x20, 0x20, 0x6a, 0x75, 0x73, 0x74, 0x69
  .byte 0x66, 0x79, 0x2d, 0x63, 0x6f, 0x6e, 0x74, 0x65, 0x6e, 0x74, 0x3a, 0x20, 0x73, 0x70, 0x61, 0x63
  .byte 0x65, 0x2d, 0x62, 0x65, 0x74, 0x77, 0x65, 0x65, 0x6e, 0x3b, 0x0a, 0x20, 0x20, 0x67, 0x61, 0x70
  .byte 0x3a, 0x20, 0x38, 0x70, 0x78, 0x3b, 0x0a, 0x20, 0x20, 0x6d, 0x69, 0x6e, 0x2d, 0x68, 0x65, 0x69
  .byte 0x67, 0x68, 0x74, 0x3a, 0x20, 0x34, 0x38, 0x70, 0x78, 0x3b, 0x0a, 0x7d, 0x0a, 0x0a, 0x2e, 0x63
  .byte 0x61, 0x74, 0x61, 0x6c, 0x6f, 0x67, 0x2d, 0x70, 0x61, 0x6e, 0x65, 0x6c, 0x2d, 0x2d, 0x63, 0x6f
  .byte 0x6c, 0x6c, 0x61, 0x70, 0x73, 0x65, 0x64, 0x20, 0x2e, 0x63, 0x61, 0x74, 0x61, 0x6c, 0x6f, 0x67
  .byte 0x2d, 0x70, 0x61, 0x6e, 0x65, 0x6c, 0x2d, 0x68, 0x65, 0x61, 0x64, 0x65, 0x72, 0x20, 0x7b, 0x0a
  .byte 0x20, 0x20, 0x70, 0x61, 0x64, 0x64, 0x69, 0x6e, 0x67, 0x3a, 0x20, 0x31, 0x34, 0x70, 0x78, 0x20
  .byte 0x30, 0x3b, 0x0a, 0x20, 0x20, 0x6a, 0x75, 0x73, 0x74, 0x69, 0x66, 0x79, 0x2d, 0x63, 0x6f, 0x6e
  .byte 0x74, 0x65, 0x6e, 0x74, 0x3a, 0x20, 0x63, 0x65, 0x6e, 0x74, 0x65, 0x72, 0x3b, 0x0a, 0x20, 0x20
  .byte 0x66, 0x6c, 0x65, 0x78, 0x2d, 0x64, 0x69, 0x72, 0x65, 0x63, 0x74, 0x69, 0x6f, 0x6e, 0x3a, 0x20
  .byte 0x63, 0x6f, 0x6c, 0x75, 0x6d, 0x6e, 0x3b, 0x0a, 0x20, 0x20, 0x67, 0x61, 0x70, 0x3a, 0x20, 0x31
  .byte 0x30, 0x70, 0x78, 0x3b, 0x0a, 0x7d, 0x0a, 0x0a, 0x2e, 0x63, 0x61, 0x74, 0x61, 0x6c, 0x6f, 0x67
  .byte 0x2d, 0x70, 0x61, 0x6e, 0x65, 0x6c, 0x2d, 0x74, 0x69, 0x74, 0x6c, 0x65, 0x20, 0x7b, 0x0a, 0x20
  .byte 0x20, 0x66, 0x6f, 0x6e, 0x74, 0x2d, 0x73, 0x69, 0x7a, 0x65, 0x3a, 0x20, 0x31, 0x33, 0x70, 0x78
  .byte 0x3b, 0x0a, 0x20, 0x20, 0x66, 0x6f, 0x6e, 0x74, 0x2d, 0x77, 0x65, 0x69, 0x67, 0x68, 0x74, 0x3a
  .byte 0x20, 0x36, 0x30, 0x30, 0x3b, 0x0a, 0x20, 0x20, 0x6c, 0x65, 0x74, 0x74, 0x65, 0x72, 0x2d, 0x73
  .byte 0x70, 0x61, 0x63, 0x69, 0x6e, 0x67, 0x3a, 0x20, 0x2d, 0x30, 0x2e, 0x30, 0x31, 0x65, 0x6d, 0x3b
  .byte 0x0a, 0x20, 0x20, 0x63, 0x6f, 0x6c, 0x6f, 0x72, 0x3a, 0x20, 0x76, 0x61, 0x72, 0x28, 0x2d, 0x2d
  .byte 0x74, 0x65, 0x78, 0x74, 0x2d, 0x70, 0x72, 0x69, 0x6d, 0x61, 0x72, 0x79, 0x29, 0x3b, 0x0a, 0x20
  .byte 0x20, 0x66, 0x6c, 0x65, 0x78, 0x3a, 0x20, 0x31, 0x3b, 0x0a, 0x20, 0x20, 0x77, 0x68, 0x69, 0x74
  .byte 0x65, 0x2d, 0x73, 0x70, 0x61, 0x63, 0x65, 0x3a, 0x20, 0x6e, 0x6f, 0x77, 0x72, 0x61, 0x70, 0x3b
  .byte 0x0a, 0x20, 0x20, 0x6f, 0x76, 0x65, 0x72, 0x66, 0x6c, 0x6f, 0x77, 0x3a, 0x20, 0x68, 0x69, 0x64
  .byte 0x64, 0x65, 0x6e, 0x3b, 0x0a, 0x20, 0x20, 0x74, 0x65, 0x78, 0x74, 0x2d, 0x6f, 0x76, 0x65, 0x72
  .byte 0x66, 0x6c, 0x6f, 0x77, 0x3a, 0x20, 0x65, 0x6c, 0x6c, 0x69, 0x70, 0x73, 0x69, 0x73, 0x3b, 0x0a
  .byte 0x7d, 0x0a, 0x0a, 0x2e, 0x63, 0x61, 0x74, 0x61, 0x6c, 0x6f, 0x67, 0x2d, 0x70, 0x61, 0x6e, 0x65
  .byte 0x6c, 0x2d, 0x69, 0x63, 0x6f, 0x6e, 0x2d, 0x6f, 0x6e, 0x6c, 0x79, 0x20, 0x7b, 0x0a, 0x20, 0x20
  .byte 0x64, 0x69, 0x73, 0x70, 0x6c, 0x61, 0x79, 0x3a, 0x20, 0x66, 0x6c, 0x65, 0x78, 0x3b, 0x0a, 0x20
  .byte 0x20, 0x61, 0x6c, 0x69, 0x67, 0x6e, 0x2d, 0x69, 0x74, 0x65, 0x6d, 0x73, 0x3a, 0x20, 0x63, 0x65
  .byte 0x6e, 0x74, 0x65, 0x72, 0x3b, 0x0a, 0x20, 0x20, 0x6a, 0x75, 0x73, 0x74, 0x69, 0x66, 0x79, 0x2d
  .byte 0x63, 0x6f, 0x6e, 0x74, 0x65, 0x6e, 0x74, 0x3a, 0x20, 0x63, 0x65, 0x6e, 0x74, 0x65, 0x72, 0x3b
  .byte 0x0a, 0x20, 0x20, 0x63, 0x6f, 0x6c, 0x6f, 0x72, 0x3a, 0x20, 0x76, 0x61, 0x72, 0x28, 0x2d, 0x2d
  .byte 0x74, 0x65, 0x78, 0x74, 0x2d, 0x73, 0x65, 0x63, 0x6f, 0x6e, 0x64, 0x61, 0x72, 0x79, 0x29, 0x3b
  .byte 0x0a, 0x7d, 0x0a, 0x0a, 0x2e, 0x63, 0x61, 0x74, 0x61, 0x6c, 0x6f, 0x67, 0x2d, 0x70, 0x61, 0x6e
  .byte 0x65, 0x6c, 0x2d, 0x74, 0x6f, 0x67, 0x67, 0x6c, 0x65, 0x20, 0x7b, 0x0a, 0x20, 0x20, 0x64, 0x69
  .byte 0x73, 0x70, 0x6c, 0x61, 0x79, 0x3a, 0x20, 0x66, 0x6c, 0x65, 0x78, 0x3b, 0x0a, 0x20, 0x20, 0x61
  .byte 0x6c, 0x69, 0x67, 0x6e, 0x2d, 0x69, 0x74, 0x65, 0x6d, 0x73, 0x3a, 0x20, 0x63, 0x65, 0x6e, 0x74
  .byte 0x65, 0x72, 0x3b, 0x0a, 0x20, 0x20, 0x6a, 0x75, 0x73, 0x74, 0x69, 0x66, 0x79, 0x2d, 0x63, 0x6f
  .byte 0x6e, 0x74, 0x65, 0x6e, 0x74, 0x3a, 0x20, 0x63, 0x65, 0x6e, 0x74, 0x65, 0x72, 0x3b, 0x0a, 0x20
  .byte 0x20, 0x77, 0x69, 0x64, 0x74, 0x68, 0x3a, 0x20, 0x32, 0x34, 0x70, 0x78, 0x3b, 0x0a, 0x20, 0x20
  .byte 0x68, 0x65, 0x69, 0x67, 0x68, 0x74, 0x3a, 0x20, 0x32, 0x34, 0x70, 0x78, 0x3b, 0x0a, 0x20, 0x20
  .byte 0x62, 0x61, 0x63, 0x6b, 0x67, 0x72, 0x6f, 0x75, 0x6e, 0x64, 0x3a, 0x20, 0x74, 0x72, 0x61, 0x6e
  .byte 0x73, 0x70, 0x61, 0x72, 0x65, 0x6e, 0x74, 0x3b, 0x0a, 0x20, 0x20, 0x62, 0x6f, 0x72, 0x64, 0x65
  .byte 0x72, 0x3a, 0x20, 0x6e, 0x6f, 0x6e, 0x65, 0x3b, 0x0a, 0x20, 0x20, 0x62, 0x6f, 0x72, 0x64, 0x65
  .byte 0x72, 0x2d, 0x72, 0x61, 0x64, 0x69, 0x75, 0x73, 0x3a, 0x20, 0x36, 0x70, 0x78, 0x3b, 0x0a, 0x20
  .byte 0x20, 0x63, 0x6f, 0x6c, 0x6f, 0x72, 0x3a, 0x20, 0x76, 0x61, 0x72, 0x28, 0x2d, 0x2d, 0x74, 0x65
  .byte 0x78, 0x74, 0x2d, 0x74, 0x65, 0x72, 0x74, 0x69, 0x61, 0x72, 0x79, 0x29, 0x3b, 0x0a, 0x20, 0x20
  .byte 0x63, 0x75, 0x72, 0x73, 0x6f, 0x72, 0x3a, 0x20, 0x70, 0x6f, 0x69, 0x6e, 0x74, 0x65, 0x72, 0x3b
  .byte 0x0a, 0x20, 0x20, 0x66, 0x6c, 0x65, 0x78, 0x2d, 0x73, 0x68, 0x72, 0x69, 0x6e, 0x6b, 0x3a, 0x20
  .byte 0x30, 0x3b, 0x0a, 0x20, 0x20, 0x74, 0x72, 0x61, 0x6e, 0x73, 0x69, 0x74, 0x69, 0x6f, 0x6e, 0x3a
  .byte 0x0a, 0x20, 0x20, 0x20, 0x20, 0x62, 0x61, 0x63, 0x6b, 0x67, 0x72, 0x6f, 0x75, 0x6e, 0x64, 0x20
  .byte 0x30, 0x2e, 0x31, 0x35, 0x73, 0x2c, 0x0a, 0x20, 0x20, 0x20, 0x20, 0x63, 0x6f, 0x6c, 0x6f, 0x72
  .byte 0x20, 0x30, 0x2e, 0x31, 0x35, 0x73, 0x3b, 0x0a, 0x7d, 0x0a, 0x0a, 0x2e, 0x63, 0x61, 0x74, 0x61
  .byte 0x6c, 0x6f, 0x67, 0x2d, 0x70, 0x61, 0x6e, 0x65, 0x6c, 0x2d, 0x74, 0x6f, 0x67, 0x67, 0x6c, 0x65
  .byte 0x3a, 0x68, 0x6f, 0x76, 0x65, 0x72, 0x20, 0x7b, 0x0a, 0x20, 0x20, 0x62, 0x61, 0x63, 0x6b, 0x67
  .byte 0x72, 0x6f, 0x75, 0x6e, 0x64, 0x3a, 0x20, 0x76, 0x61, 0x72, 0x28, 0x2d, 0x2d, 0x62, 0x74, 0x6e
  .byte 0x2d, 0x67, 0x68, 0x6f, 0x73, 0x74, 0x2d, 0x68, 0x6f, 0x76, 0x65, 0x72, 0x29, 0x3b, 0x0a, 0x20
  .byte 0x20, 0x63, 0x6f, 0x6c, 0x6f, 0x72, 0x3a, 0x20, 0x76, 0x61, 0x72, 0x28, 0x2d, 0x2d, 0x74, 0x65
  .byte 0x78, 0x74, 0x2d, 0x70, 0x72, 0x69, 0x6d, 0x61, 0x72, 0x79, 0x29, 0x3b, 0x0a, 0x7d, 0x0a, 0x0a
  .byte 0x2e, 0x63, 0x61, 0x74, 0x61, 0x6c, 0x6f, 0x67, 0x2d, 0x70, 0x61, 0x6e, 0x65, 0x6c, 0x2d, 0x62
  .byte 0x6f, 0x64, 0x79, 0x2d, 0x2d, 0x68, 0x69, 0x64, 0x64, 0x65, 0x6e, 0x20, 0x7b, 0x0a, 0x20, 0x20
  .byte 0x64, 0x69, 0x73, 0x70, 0x6c, 0x61, 0x79, 0x3a, 0x20, 0x6e, 0x6f, 0x6e, 0x65, 0x3b, 0x0a, 0x7d
  .byte 0x0a, 0x0a, 0x2f, 0x2a, 0x20, 0xe2, 0x94, 0x80, 0xe2, 0x94, 0x80, 0xe2, 0x94, 0x80, 0x20, 0x53
  .byte 0x63, 0x72, 0x6f, 0x6c, 0x6c, 0x61, 0x62, 0x6c, 0x65, 0x20, 0x42, 0x6f, 0x64, 0x79, 0x20, 0xe2
  .byte 0x94, 0x80, 0xe2, 0x94, 0x80, 0xe2, 0x94, 0x80, 0xe2, 0x94, 0x80, 0xe2, 0x94, 0x80, 0xe2, 0x94
  .byte 0x80, 0xe2, 0x94, 0x80, 0xe2, 0x94, 0x80, 0xe2, 0x94, 0x80, 0xe2, 0x94, 0x80, 0xe2, 0x94, 0x80
  .byte 0xe2, 0x94, 0x80, 0xe2, 0x94, 0x80, 0xe2, 0x94, 0x80, 0xe2, 0x94, 0x80, 0xe2, 0x94, 0x80, 0xe2
  .byte 0x94, 0x80, 0xe2, 0x94, 0x80, 0xe2, 0x94, 0x80, 0xe2, 0x94, 0x80, 0xe2, 0x94, 0x80, 0xe2, 0x94
  .byte 0x80, 0xe2, 0x94, 0x80, 0xe2, 0x94, 0x80, 0xe2, 0x94, 0x80, 0xe2, 0x94, 0x80, 0xe2, 0x94, 0x80
  .byte 0xe2, 0x94, 0x80, 0xe2, 0x94, 0x80, 0xe2, 0x94, 0x80, 0xe2, 0x94, 0x80, 0xe2, 0x94, 0x80, 0xe2
  .byte 0x94, 0x80, 0xe2, 0x94, 0x80, 0xe2, 0x94, 0x80, 0xe2, 0x94, 0x80, 0xe2, 0x94, 0x80, 0xe2, 0x94
  .byte 0x80, 0xe2, 0x94, 0x80, 0xe2, 0x94, 0x80, 0xe2, 0x94, 0x80, 0xe2, 0x94, 0x80, 0xe2, 0x94, 0x80
  .byte 0xe2, 0x94, 0x80, 0xe2, 0x94, 0x80, 0xe2, 0x94, 0x80, 0xe2, 0x94, 0x80, 0xe2, 0x94, 0x80, 0xe2
  .byte 0x94, 0x80, 0xe2, 0x94, 0x80, 0xe2, 0x94, 0x80, 0xe2, 0x94, 0x80, 0xe2, 0x94, 0x80, 0xe2, 0x94
  .byte 0x80, 0xe2, 0x94, 0x80, 0xe2, 0x94, 0x80, 0xe2, 0x94, 0x80, 0xe2, 0x94, 0x80, 0x20, 0x2a, 0x2f
  .byte 0x0a, 0x2e, 0x63, 0x61, 0x74, 0x61, 0x6c, 0x6f, 0x67, 0x2d, 0x70, 0x61, 0x6e, 0x65, 0x6c, 0x2d
  .byte 0x62, 0x6f, 0x64, 0x79, 0x20, 0x7b, 0x0a, 0x20, 0x20, 0x66, 0x6c, 0x65, 0x78, 0x3a, 0x20, 0x31
  .byte 0x3b, 0x0a, 0x20, 0x20, 0x6f, 0x76, 0x65, 0x72, 0x66, 0x6c, 0x6f, 0x77, 0x2d, 0x79, 0x3a, 0x20
  .byte 0x61, 0x75, 0x74, 0x6f, 0x3b, 0x0a, 0x20, 0x20, 0x70, 0x61, 0x64, 0x64, 0x69, 0x6e, 0x67, 0x3a
  .byte 0x20, 0x31, 0x36, 0x70, 0x78, 0x20, 0x31, 0x32, 0x70, 0x78, 0x3b, 0x0a, 0x20, 0x20, 0x64, 0x69
  .byte 0x73, 0x70, 0x6c, 0x61, 0x79, 0x3a, 0x20, 0x66, 0x6c, 0x65, 0x78, 0x3b, 0x0a, 0x20, 0x20, 0x66
  .byte 0x6c, 0x65, 0x78, 0x2d, 0x64, 0x69, 0x72, 0x65, 0x63, 0x74, 0x69, 0x6f, 0x6e, 0x3a, 0x20, 0x63
  .byte 0x6f, 0x6c, 0x75, 0x6d, 0x6e, 0x3b, 0x0a, 0x20, 0x20, 0x67, 0x61, 0x70, 0x3a, 0x20, 0x32, 0x30
  .byte 0x70, 0x78, 0x3b, 0x0a, 0x7d, 0x0a, 0x0a, 0x2f, 0x2a, 0x20, 0xe2, 0x94, 0x80, 0xe2, 0x94, 0x80
  .byte 0xe2, 0x94, 0x80, 0x20, 0x47, 0x72, 0x6f, 0x75, 0x70, 0x73, 0x20, 0xe2, 0x94, 0x80, 0xe2, 0x94
  .byte 0x80, 0xe2, 0x94, 0x80, 0xe2, 0x94, 0x80, 0xe2, 0x94, 0x80, 0xe2, 0x94, 0x80, 0xe2, 0x94, 0x80
  .byte 0xe2, 0x94, 0x80, 0xe2, 0x94, 0x80, 0xe2, 0x94, 0x80, 0xe2, 0x94, 0x80, 0xe2, 0x94, 0x80, 0xe2
  .byte 0x94, 0x80, 0xe2, 0x94, 0x80, 0xe2, 0x94, 0x80, 0xe2, 0x94, 0x80, 0xe2, 0x94, 0x80, 0xe2, 0x94
  .byte 0x80, 0xe2, 0x94, 0x80, 0xe2, 0x94, 0x80, 0xe2, 0x94, 0x80, 0xe2, 0x94, 0x80, 0xe2, 0x94, 0x80
  .byte 0xe2, 0x94, 0x80, 0xe2, 0x94, 0x80, 0xe2, 0x94, 0x80, 0xe2, 0x94, 0x80, 0xe2, 0x94, 0x80, 0xe2
  .byte 0x94, 0x80, 0xe2, 0x94, 0x80, 0xe2, 0x94, 0x80, 0xe2, 0x94, 0x80, 0xe2, 0x94, 0x80, 0xe2, 0x94
  .byte 0x80, 0xe2, 0x94, 0x80, 0xe2, 0x94, 0x80, 0xe2, 0x94, 0x80, 0xe2, 0x94, 0x80, 0xe2, 0x94, 0x80
  .byte 0xe2, 0x94, 0x80, 0xe2, 0x94, 0x80, 0xe2, 0x94, 0x80, 0xe2, 0x94, 0x80, 0xe2, 0x94, 0x80, 0xe2
  .byte 0x94, 0x80, 0xe2, 0x94, 0x80, 0xe2, 0x94, 0x80, 0xe2, 0x94, 0x80, 0xe2, 0x94, 0x80, 0xe2, 0x94
  .byte 0x80, 0xe2, 0x94, 0x80, 0xe2, 0x94, 0x80, 0xe2, 0x94, 0x80, 0xe2, 0x94, 0x80, 0xe2, 0x94, 0x80
  .byte 0xe2, 0x94, 0x80, 0xe2, 0x94, 0x80, 0xe2, 0x94, 0x80, 0xe2, 0x94, 0x80, 0xe2, 0x94, 0x80, 0xe2
  .byte 0x94, 0x80, 0xe2, 0x94, 0x80, 0xe2, 0x94, 0x80, 0xe2, 0x94, 0x80, 0xe2, 0x94, 0x80, 0xe2, 0x94
  .byte 0x80, 0xe2, 0x94, 0x80, 0x20, 0x2a, 0x2f, 0x0a, 0x2e, 0x63, 0x61, 0x74, 0x61, 0x6c, 0x6f, 0x67
  .byte 0x2d, 0x67, 0x72, 0x6f, 0x75, 0x70, 0x20, 0x7b, 0x0a, 0x20, 0x20, 0x64, 0x69, 0x73, 0x70, 0x6c
  .byte 0x61, 0x79, 0x3a, 0x20, 0x66, 0x6c, 0x65, 0x78, 0x3b, 0x0a, 0x20, 0x20, 0x66, 0x6c, 0x65, 0x78
  .byte 0x2d, 0x64, 0x69, 0x72, 0x65, 0x63, 0x74, 0x69, 0x6f, 0x6e, 0x3a, 0x20, 0x63, 0x6f, 0x6c, 0x75
  .byte 0x6d, 0x6e, 0x3b, 0x0a, 0x20, 0x20, 0x67, 0x61, 0x70, 0x3a, 0x20, 0x37, 0x70, 0x78, 0x3b, 0x0a
  .byte 0x7d, 0x0a, 0x0a, 0x2e, 0x63, 0x61, 0x74, 0x61, 0x6c, 0x6f, 0x67, 0x2d, 0x67, 0x72, 0x6f, 0x75
  .byte 0x70, 0x2d, 0x6e, 0x61, 0x6d, 0x65, 0x20, 0x7b, 0x0a, 0x20, 0x20, 0x66, 0x6f, 0x6e, 0x74, 0x2d
  .byte 0x73, 0x69, 0x7a, 0x65, 0x3a, 0x20, 0x31, 0x30, 0x70, 0x78, 0x3b, 0x0a, 0x20, 0x20, 0x66, 0x6f
  .byte 0x6e, 0x74, 0x2d, 0x77, 0x65, 0x69, 0x67, 0x68, 0x74, 0x3a, 0x20, 0x37, 0x30, 0x30, 0x3b, 0x0a
  .byte 0x20, 0x20, 0x6c, 0x65, 0x74, 0x74, 0x65, 0x72, 0x2d, 0x73, 0x70, 0x61, 0x63, 0x69, 0x6e, 0x67
  .byte 0x3a, 0x20, 0x30, 0x2e, 0x30, 0x37, 0x65, 0x6d, 0x3b, 0x0a, 0x20, 0x20, 0x74, 0x65, 0x78, 0x74
  .byte 0x2d, 0x74, 0x72, 0x61, 0x6e, 0x73, 0x66, 0x6f, 0x72, 0x6d, 0x3a, 0x20, 0x75, 0x70, 0x70, 0x65
  .byte 0x72, 0x63, 0x61, 0x73, 0x65, 0x3b, 0x0a, 0x20, 0x20, 0x63, 0x6f, 0x6c, 0x6f, 0x72, 0x3a, 0x20
  .byte 0x76, 0x61, 0x72, 0x28, 0x2d, 0x2d, 0x74, 0x65, 0x78, 0x74, 0x2d, 0x74, 0x65, 0x72, 0x74, 0x69
  .byte 0x61, 0x72, 0x79, 0x29, 0x3b, 0x0a, 0x20, 0x20, 0x70, 0x61, 0x64, 0x64, 0x69, 0x6e, 0x67, 0x2d
  .byte 0x62, 0x6f, 0x74, 0x74, 0x6f, 0x6d, 0x3a, 0x20, 0x35, 0x70, 0x78, 0x3b, 0x0a, 0x20, 0x20, 0x62
  .byte 0x6f, 0x72, 0x64, 0x65, 0x72, 0x2d, 0x62, 0x6f, 0x74, 0x74, 0x6f, 0x6d, 0x3a, 0x20, 0x31, 0x70
  .byte 0x78, 0x20, 0x73, 0x6f, 0x6c, 0x69, 0x64, 0x20, 0x76, 0x61, 0x72, 0x28, 0x2d, 0x2d, 0x62, 0x6f
  .byte 0x72, 0x64, 0x65, 0x72, 0x29, 0x3b, 0x0a, 0x7d, 0x0a, 0x0a, 0x2f, 0x2a, 0x20, 0xe2, 0x94, 0x80
  .byte 0xe2, 0x94, 0x80, 0xe2, 0x94, 0x80, 0x20, 0x43, 0x68, 0x69, 0x70, 0x73, 0x20, 0xe2, 0x94, 0x80
  .byte 0xe2, 0x94, 0x80, 0xe2, 0x94, 0x80, 0xe2, 0x94, 0x80, 0xe2, 0x94, 0x80, 0xe2, 0x94, 0x80, 0xe2
  .byte 0x94, 0x80, 0xe2, 0x94, 0x80, 0xe2, 0x94, 0x80, 0xe2, 0x94, 0x80, 0xe2, 0x94, 0x80, 0xe2, 0x94
  .byte 0x80, 0xe2, 0x94, 0x80, 0xe2, 0x94, 0x80, 0xe2, 0x94, 0x80, 0xe2, 0x94, 0x80, 0xe2, 0x94, 0x80
  .byte 0xe2, 0x94, 0x80, 0xe2, 0x94, 0x80, 0xe2, 0x94, 0x80, 0xe2, 0x94, 0x80, 0xe2, 0x94, 0x80, 0xe2
  .byte 0x94, 0x80, 0xe2, 0x94, 0x80, 0xe2, 0x94, 0x80, 0xe2, 0x94, 0x80, 0xe2, 0x94, 0x80, 0xe2, 0x94
  .byte 0x80, 0xe2, 0x94, 0x80, 0xe2, 0x94, 0x80, 0xe2, 0x94, 0x80, 0xe2, 0x94, 0x80, 0xe2, 0x94, 0x80
  .byte 0xe2, 0x94, 0x80, 0xe2, 0x94, 0x80, 0xe2, 0x94, 0x80, 0xe2, 0x94, 0x80, 0xe2, 0x94, 0x80, 0xe2
  .byte 0x94, 0x80, 0xe2, 0x94, 0x80, 0xe2, 0x94, 0x80, 0xe2, 0x94, 0x80, 0xe2, 0x94, 0x80, 0xe2, 0x94
  .byte 0x80, 0xe2, 0x94, 0x80, 0xe2, 0x94, 0x80, 0xe2, 0x94, 0x80, 0xe2, 0x94, 0x80, 0xe2, 0x94, 0x80
  .byte 0xe2, 0x94, 0x80, 0xe2, 0x94, 0x80, 0xe2, 0x94, 0x80, 0xe2, 0x94, 0x80, 0xe2, 0x94, 0x80, 0xe2
  .byte 0x94, 0x80, 0xe2, 0x94, 0x80, 0xe2, 0x94, 0x80, 0xe2, 0x94, 0x80, 0xe2, 0x94, 0x80, 0xe2, 0x94
  .byte 0x80, 0xe2, 0x94, 0x80, 0xe2, 0x94, 0x80, 0xe2, 0x94, 0x80, 0xe2, 0x94, 0x80, 0xe2, 0x94, 0x80
  .byte 0xe2, 0x94, 0x80, 0xe2, 0x94, 0x80, 0xe2, 0x94, 0x80, 0x20, 0x2a, 0x2f, 0x0a, 0x2e, 0x63, 0x61
  .byte 0x74, 0x61, 0x6c, 0x6f, 0x67, 0x2d, 0x63, 0x68, 0x69, 0x70, 0x73, 0x20, 0x7b, 0x0a, 0x20, 0x20
  .byte 0x64, 0x69, 0x73, 0x70, 0x6c, 0x61, 0x79, 0x3a, 0x20, 0x66, 0x6c, 0x65, 0x78, 0x3b, 0x0a, 0x20
  .byte 0x20, 0x66, 0x6c, 0x65, 0x78, 0x2d, 0x77, 0x72, 0x61, 0x70, 0x3a, 0x20, 0x77, 0x72, 0x61, 0x70
  .byte 0x3b, 0x0a, 0x20, 0x20, 0x67, 0x61, 0x70, 0x3a, 0x20, 0x35, 0x70, 0x78, 0x3b, 0x0a, 0x7d, 0x0a
  .byte 0x0a, 0x2e, 0x63, 0x61, 0x74, 0x61, 0x6c, 0x6f, 0x67, 0x2d, 0x63, 0x68, 0x69, 0x70, 0x20, 0x7b
  .byte 0x0a, 0x20, 0x20, 0x66, 0x6f, 0x6e, 0x74, 0x2d, 0x66, 0x61, 0x6d, 0x69, 0x6c, 0x79, 0x3a, 0x20
  .byte 0x76, 0x61, 0x72, 0x28, 0x2d, 0x2d, 0x66, 0x6f, 0x6e, 0x74, 0x2d, 0x6d, 0x6f, 0x6e, 0x6f, 0x29
  .byte 0x3b, 0x0a, 0x20, 0x20, 0x66, 0x6f, 0x6e, 0x74, 0x2d, 0x73, 0x69, 0x7a, 0x65, 0x3a, 0x20, 0x31
  .byte 0x31, 0x70, 0x78, 0x3b, 0x0a, 0x20, 0x20, 0x70, 0x61, 0x64, 0x64, 0x69, 0x6e, 0x67, 0x3a, 0x20
  .byte 0x32, 0x70, 0x78, 0x20, 0x38, 0x70, 0x78, 0x3b, 0x0a, 0x20, 0x20, 0x62, 0x61, 0x63, 0x6b, 0x67
  .byte 0x72, 0x6f, 0x75, 0x6e, 0x64, 0x3a, 0x20, 0x76, 0x61, 0x72, 0x28, 0x2d, 0x2d, 0x63, 0x68, 0x69
  .byte 0x70, 0x2d, 0x62, 0x67, 0x29, 0x3b, 0x0a, 0x20, 0x20, 0x62, 0x6f, 0x72, 0x64, 0x65, 0x72, 0x3a
  .byte 0x20, 0x31, 0x70, 0x78, 0x20, 0x73, 0x6f, 0x6c, 0x69, 0x64, 0x20, 0x76, 0x61, 0x72, 0x28, 0x2d
  .byte 0x2d, 0x63, 0x68, 0x69, 0x70, 0x2d, 0x62, 0x6f, 0x72, 0x64, 0x65, 0x72, 0x29, 0x3b, 0x0a, 0x20
  .byte 0x20, 0x62, 0x6f, 0x72, 0x64, 0x65, 0x72, 0x2d, 0x72, 0x61, 0x64, 0x69, 0x75, 0x73, 0x3a, 0x20
  .byte 0x35, 0x70, 0x78, 0x3b, 0x0a, 0x20, 0x20, 0x63, 0x6f, 0x6c, 0x6f, 0x72, 0x3a, 0x20, 0x76, 0x61
  .byte 0x72, 0x28, 0x2d, 0x2d, 0x74, 0x65, 0x78, 0x74, 0x2d, 0x73, 0x65, 0x63, 0x6f, 0x6e, 0x64, 0x61
  .byte 0x72, 0x79, 0x29, 0x3b, 0x0a, 0x20, 0x20, 0x63, 0x75, 0x72, 0x73, 0x6f, 0x72, 0x3a, 0x20, 0x70
  .byte 0x6f, 0x69, 0x6e, 0x74, 0x65, 0x72, 0x3b, 0x0a, 0x20, 0x20, 0x75, 0x73, 0x65, 0x72, 0x2d, 0x73
  .byte 0x65, 0x6c, 0x65, 0x63, 0x74, 0x3a, 0x20, 0x6e, 0x6f, 0x6e, 0x65, 0x3b, 0x0a, 0x20, 0x20, 0x74
  .byte 0x72, 0x61, 0x6e, 0x73, 0x69, 0x74, 0x69, 0x6f, 0x6e, 0x3a, 0x0a, 0x20, 0x20, 0x20, 0x20, 0x62
  .byte 0x61, 0x63, 0x6b, 0x67, 0x72, 0x6f, 0x75, 0x6e, 0x64, 0x20, 0x30, 0x2e, 0x31, 0x35, 0x73, 0x2c
  .byte 0x0a, 0x20, 0x20, 0x20, 0x20, 0x63, 0x6f, 0x6c, 0x6f, 0x72, 0x20, 0x30, 0x2e, 0x31, 0x35, 0x73
  .byte 0x2c, 0x0a, 0x20, 0x20, 0x20, 0x20, 0x62, 0x6f, 0x72, 0x64, 0x65, 0x72, 0x2d, 0x63, 0x6f, 0x6c
  .byte 0x6f, 0x72, 0x20, 0x30, 0x2e, 0x31, 0x35, 0x73, 0x3b, 0x0a, 0x7d, 0x0a, 0x0a, 0x2e, 0x63, 0x61
  .byte 0x74, 0x61, 0x6c, 0x6f, 0x67, 0x2d, 0x63, 0x68, 0x69, 0x70, 0x3a, 0x68, 0x6f, 0x76, 0x65, 0x72
  .byte 0x20, 0x7b, 0x0a, 0x20, 0x20, 0x62, 0x61, 0x63, 0x6b, 0x67, 0x72, 0x6f, 0x75, 0x6e, 0x64, 0x3a
  .byte 0x20, 0x76, 0x61, 0x72, 0x28, 0x2d, 0x2d, 0x63, 0x68, 0x69, 0x70, 0x2d, 0x68, 0x6f, 0x76, 0x65
  .byte 0x72, 0x29, 0x3b, 0x0a, 0x20, 0x20, 0x62, 0x6f, 0x72, 0x64, 0x65, 0x72, 0x2d, 0x63, 0x6f, 0x6c
  .byte 0x6f, 0x72, 0x3a, 0x20, 0x76, 0x61, 0x72, 0x28, 0x2d, 0x2d, 0x62, 0x6f, 0x72, 0x64, 0x65, 0x72
  .byte 0x2d, 0x73, 0x74, 0x72, 0x6f, 0x6e, 0x67, 0x29, 0x3b, 0x0a, 0x20, 0x20, 0x63, 0x6f, 0x6c, 0x6f
  .byte 0x72, 0x3a, 0x20, 0x76, 0x61, 0x72, 0x28, 0x2d, 0x2d, 0x74, 0x65, 0x78, 0x74, 0x2d, 0x70, 0x72
  .byte 0x69, 0x6d, 0x61, 0x72, 0x79, 0x29, 0x3b, 0x0a, 0x7d, 0x0a, 0x0a, 0x2e, 0x63, 0x61, 0x74, 0x61
  .byte 0x6c, 0x6f, 0x67, 0x2d, 0x63, 0x68, 0x69, 0x70, 0x2d, 0x2d, 0x61, 0x63, 0x74, 0x69, 0x76, 0x65
  .byte 0x20, 0x7b, 0x0a, 0x20, 0x20, 0x62, 0x61, 0x63, 0x6b, 0x67, 0x72, 0x6f, 0x75, 0x6e, 0x64, 0x3a
  .byte 0x20, 0x76, 0x61, 0x72, 0x28, 0x2d, 0x2d, 0x63, 0x68, 0x69, 0x70, 0x2d, 0x68, 0x6f, 0x76, 0x65
  .byte 0x72, 0x29, 0x3b, 0x0a, 0x20, 0x20, 0x62, 0x6f, 0x72, 0x64, 0x65, 0x72, 0x2d, 0x63, 0x6f, 0x6c
  .byte 0x6f, 0x72, 0x3a, 0x20, 0x76, 0x61, 0x72, 0x28, 0x2d, 0x2d, 0x62, 0x6f, 0x72, 0x64, 0x65, 0x72
  .byte 0x2d, 0x73, 0x74, 0x72, 0x6f, 0x6e, 0x67, 0x29, 0x3b, 0x0a, 0x20, 0x20, 0x63, 0x6f, 0x6c, 0x6f
  .byte 0x72, 0x3a, 0x20, 0x76, 0x61, 0x72, 0x28, 0x2d, 0x2d, 0x74, 0x65, 0x78, 0x74, 0x2d, 0x70, 0x72
  .byte 0x69, 0x6d, 0x61, 0x72, 0x79, 0x29, 0x3b, 0x0a, 0x7d, 0x0a, 0x0a, 0x2f, 0x2a, 0x20, 0xe2, 0x94
  .byte 0x80, 0xe2, 0x94, 0x80, 0xe2, 0x94, 0x80, 0x20, 0x50, 0x72, 0x6f, 0x70, 0x20, 0x50, 0x61, 0x6e
  .byte 0x65, 0x6c, 0x20, 0xe2, 0x94, 0x80, 0xe2, 0x94, 0x80, 0xe2, 0x94, 0x80, 0xe2, 0x94, 0x80, 0xe2
  .byte 0x94, 0x80, 0xe2, 0x94, 0x80, 0xe2, 0x94, 0x80, 0xe2, 0x94, 0x80, 0xe2, 0x94, 0x80, 0xe2, 0x94
  .byte 0x80, 0xe2, 0x94, 0x80, 0xe2, 0x94, 0x80, 0xe2, 0x94, 0x80, 0xe2, 0x94, 0x80, 0xe2, 0x94, 0x80
  .byte 0xe2, 0x94, 0x80, 0xe2, 0x94, 0x80, 0xe2, 0x94, 0x80, 0xe2, 0x94, 0x80, 0xe2, 0x94, 0x80, 0xe2
  .byte 0x94, 0x80, 0xe2, 0x94, 0x80, 0xe2, 0x94, 0x80, 0xe2, 0x94, 0x80, 0xe2, 0x94, 0x80, 0xe2, 0x94
  .byte 0x80, 0xe2, 0x94, 0x80, 0xe2, 0x94, 0x80, 0xe2, 0x94, 0x80, 0xe2, 0x94, 0x80, 0xe2, 0x94, 0x80
  .byte 0xe2, 0x94, 0x80, 0xe2, 0x94, 0x80, 0xe2, 0x94, 0x80, 0xe2, 0x94, 0x80, 0xe2, 0x94, 0x80, 0xe2
  .byte 0x94, 0x80, 0xe2, 0x94, 0x80, 0xe2, 0x94, 0x80, 0xe2, 0x94, 0x80, 0xe2, 0x94, 0x80, 0xe2, 0x94
  .byte 0x80, 0xe2, 0x94, 0x80, 0xe2, 0x94, 0x80, 0xe2, 0x94, 0x80, 0xe2, 0x94, 0x80, 0xe2, 0x94, 0x80
  .byte 0xe2, 0x94, 0x80, 0xe2, 0x94, 0x80, 0xe2, 0x94, 0x80, 0xe2, 0x94, 0x80, 0xe2, 0x94, 0x80, 0xe2
  .byte 0x94, 0x80, 0xe2, 0x94, 0x80, 0xe2, 0x94, 0x80, 0xe2, 0x94, 0x80, 0xe2, 0x94, 0x80, 0xe2, 0x94
  .byte 0x80, 0xe2, 0x94, 0x80, 0xe2, 0x94, 0x80, 0xe2, 0x94, 0x80, 0xe2, 0x94, 0x80, 0xe2, 0x94, 0x80
  .byte 0x20, 0x2a, 0x2f, 0x0a, 0x2e, 0x63, 0x61, 0x74, 0x61, 0x6c, 0x6f, 0x67, 0x2d, 0x70, 0x72, 0x6f
  .byte 0x70, 0x2d, 0x70, 0x61, 0x6e, 0x65, 0x6c, 0x20, 0x7b, 0x0a, 0x20, 0x20, 0x62, 0x61, 0x63, 0x6b
  .byte 0x67, 0x72, 0x6f, 0x75, 0x6e, 0x64, 0x3a, 0x20, 0x76, 0x61, 0x72, 0x28, 0x2d, 0x2d, 0x70, 0x61
  .byte 0x67, 0x65, 0x2d, 0x62, 0x67, 0x29, 0x3b, 0x0a, 0x20, 0x20, 0x62, 0x6f, 0x72, 0x64, 0x65, 0x72
  .byte 0x3a, 0x20, 0x31, 0x70, 0x78, 0x20, 0x73, 0x6f, 0x6c, 0x69, 0x64, 0x20, 0x76, 0x61, 0x72, 0x28
  .byte 0x2d, 0x2d, 0x62, 0x6f, 0x72, 0x64, 0x65, 0x72, 0x29, 0x3b, 0x0a, 0x20, 0x20, 0x62, 0x6f, 0x72
  .byte 0x64, 0x65, 0x72, 0x2d, 0x72, 0x61, 0x64, 0x69, 0x75, 0x73, 0x3a, 0x20, 0x36, 0x70, 0x78, 0x3b
  .byte 0x0a, 0x20, 0x20, 0x6f, 0x76, 0x65, 0x72, 0x66, 0x6c, 0x6f, 0x77, 0x3a, 0x20, 0x68, 0x69, 0x64
  .byte 0x64, 0x65, 0x6e, 0x3b, 0x0a, 0x7d, 0x0a, 0x0a, 0x2e, 0x63, 0x61, 0x74, 0x61, 0x6c, 0x6f, 0x67
  .byte 0x2d, 0x70, 0x72, 0x6f, 0x70, 0x2d, 0x70, 0x61, 0x6e, 0x65, 0x6c, 0x2d, 0x68, 0x65, 0x61, 0x64
  .byte 0x65, 0x72, 0x20, 0x7b, 0x0a, 0x20, 0x20, 0x70, 0x61, 0x64, 0x64, 0x69, 0x6e, 0x67, 0x3a, 0x20
  .byte 0x37, 0x70, 0x78, 0x20, 0x31, 0x30, 0x70, 0x78, 0x20, 0x36, 0x70, 0x78, 0x3b, 0x0a, 0x20, 0x20
  .byte 0x62, 0x6f, 0x72, 0x64, 0x65, 0x72, 0x2d, 0x62, 0x6f, 0x74, 0x74, 0x6f, 0x6d, 0x3a, 0x20, 0x31
  .byte 0x70, 0x78, 0x20, 0x73, 0x6f, 0x6c, 0x69, 0x64, 0x20, 0x76, 0x61, 0x72, 0x28, 0x2d, 0x2d, 0x62
  .byte 0x6f, 0x72, 0x64, 0x65, 0x72, 0x29, 0x3b, 0x0a, 0x20, 0x20, 0x64, 0x69, 0x73, 0x70, 0x6c, 0x61
  .byte 0x79, 0x3a, 0x20, 0x66, 0x6c, 0x65, 0x78, 0x3b, 0x0a, 0x20, 0x20, 0x66, 0x6c, 0x65, 0x78, 0x2d
  .byte 0x64, 0x69, 0x72, 0x65, 0x63, 0x74, 0x69, 0x6f, 0x6e, 0x3a, 0x20, 0x63, 0x6f, 0x6c, 0x75, 0x6d
  .byte 0x6e, 0x3b, 0x0a, 0x20, 0x20, 0x67, 0x61, 0x70, 0x3a, 0x20, 0x33, 0x70, 0x78, 0x3b, 0x0a, 0x7d
  .byte 0x0a, 0x0a, 0x2e, 0x63, 0x61, 0x74, 0x61, 0x6c, 0x6f, 0x67, 0x2d, 0x70, 0x72, 0x6f, 0x70, 0x2d
  .byte 0x63, 0x6f, 0x6d, 0x70, 0x2d, 0x6e, 0x61, 0x6d, 0x65, 0x20, 0x7b, 0x0a, 0x20, 0x20, 0x66, 0x6f
  .byte 0x6e, 0x74, 0x2d, 0x66, 0x61, 0x6d, 0x69, 0x6c, 0x79, 0x3a, 0x20, 0x76, 0x61, 0x72, 0x28, 0x2d
  .byte 0x2d, 0x66, 0x6f, 0x6e, 0x74, 0x2d, 0x6d, 0x6f, 0x6e, 0x6f, 0x29, 0x3b, 0x0a, 0x20, 0x20, 0x66
  .byte 0x6f, 0x6e, 0x74, 0x2d, 0x73, 0x69, 0x7a, 0x65, 0x3a, 0x20, 0x31, 0x31, 0x70, 0x78, 0x3b, 0x0a
  .byte 0x20, 0x20, 0x66, 0x6f, 0x6e, 0x74, 0x2d, 0x77, 0x65, 0x69, 0x67, 0x68, 0x74, 0x3a, 0x20, 0x37
  .byte 0x30, 0x30, 0x3b, 0x0a, 0x20, 0x20, 0x63, 0x6f, 0x6c, 0x6f, 0x72, 0x3a, 0x20, 0x76, 0x61, 0x72
  .byte 0x28, 0x2d, 0x2d, 0x74, 0x65, 0x78, 0x74, 0x2d, 0x70, 0x72, 0x69, 0x6d, 0x61, 0x72, 0x79, 0x29
  .byte 0x3b, 0x0a, 0x7d, 0x0a, 0x0a, 0x2e, 0x63, 0x61, 0x74, 0x61, 0x6c, 0x6f, 0x67, 0x2d, 0x70, 0x72
  .byte 0x6f, 0x70, 0x2d, 0x64, 0x65, 0x73, 0x63, 0x20, 0x7b, 0x0a, 0x20, 0x20, 0x66, 0x6f, 0x6e, 0x74
  .byte 0x2d, 0x66, 0x61, 0x6d, 0x69, 0x6c, 0x79, 0x3a, 0x20, 0x76, 0x61, 0x72, 0x28, 0x2d, 0x2d, 0x66
  .byte 0x6f, 0x6e, 0x74, 0x2d, 0x73, 0x61, 0x6e, 0x73, 0x29, 0x3b, 0x0a, 0x20, 0x20, 0x66, 0x6f, 0x6e
  .byte 0x74, 0x2d, 0x73, 0x69, 0x7a, 0x65, 0x3a, 0x20, 0x31, 0x30, 0x70, 0x78, 0x3b, 0x0a, 0x20, 0x20
  .byte 0x63, 0x6f, 0x6c, 0x6f, 0x72, 0x3a, 0x20, 0x76, 0x61, 0x72, 0x28, 0x2d, 0x2d, 0x74, 0x65, 0x78
  .byte 0x74, 0x2d, 0x74, 0x65, 0x72, 0x74, 0x69, 0x61, 0x72, 0x79, 0x29, 0x3b, 0x0a, 0x20, 0x20, 0x6c
  .byte 0x69, 0x6e, 0x65, 0x2d, 0x68, 0x65, 0x69, 0x67, 0x68, 0x74, 0x3a, 0x20, 0x31, 0x2e, 0x35, 0x3b
  .byte 0x0a, 0x7d, 0x0a, 0x0a, 0x2e, 0x63, 0x61, 0x74, 0x61, 0x6c, 0x6f, 0x67, 0x2d, 0x70, 0x72, 0x6f
  .byte 0x70, 0x2d, 0x6c, 0x69, 0x73, 0x74, 0x20, 0x7b, 0x0a, 0x20, 0x20, 0x64, 0x69, 0x73, 0x70, 0x6c
  .byte 0x61, 0x79, 0x3a, 0x20, 0x66, 0x6c, 0x65, 0x78, 0x3b, 0x0a, 0x20, 0x20, 0x66, 0x6c, 0x65, 0x78
  .byte 0x2d, 0x64, 0x69, 0x72, 0x65, 0x63, 0x74, 0x69, 0x6f, 0x6e, 0x3a, 0x20, 0x63, 0x6f, 0x6c, 0x75
  .byte 0x6d, 0x6e, 0x3b, 0x0a, 0x7d, 0x0a, 0x0a, 0x2e, 0x63, 0x61, 0x74, 0x61, 0x6c, 0x6f, 0x67, 0x2d
  .byte 0x70, 0x72, 0x6f, 0x70, 0x2d, 0x72, 0x6f, 0x77, 0x20, 0x7b, 0x0a, 0x20, 0x20, 0x64, 0x69, 0x73
  .byte 0x70, 0x6c, 0x61, 0x79, 0x3a, 0x20, 0x66, 0x6c, 0x65, 0x78, 0x3b, 0x0a, 0x20, 0x20, 0x61, 0x6c
  .byte 0x69, 0x67, 0x6e, 0x2d, 0x69, 0x74, 0x65, 0x6d, 0x73, 0x3a, 0x20, 0x62, 0x61, 0x73, 0x65, 0x6c
  .byte 0x69, 0x6e, 0x65, 0x3b, 0x0a, 0x20, 0x20, 0x67, 0x61, 0x70, 0x3a, 0x20, 0x36, 0x70, 0x78, 0x3b
  .byte 0x0a, 0x20, 0x20, 0x70, 0x61, 0x64, 0x64, 0x69, 0x6e, 0x67, 0x3a, 0x20, 0x34, 0x70, 0x78, 0x20
  .byte 0x31, 0x30, 0x70, 0x78, 0x3b, 0x0a, 0x20, 0x20, 0x62, 0x6f, 0x72, 0x64, 0x65, 0x72, 0x2d, 0x62
  .byte 0x6f, 0x74, 0x74, 0x6f, 0x6d, 0x3a, 0x20, 0x31, 0x70, 0x78, 0x20, 0x73, 0x6f, 0x6c, 0x69, 0x64
  .byte 0x20, 0x76, 0x61, 0x72, 0x28, 0x2d, 0x2d, 0x62, 0x6f, 0x72, 0x64, 0x65, 0x72, 0x29, 0x3b, 0x0a
  .byte 0x7d, 0x0a, 0x0a, 0x2e, 0x63, 0x61, 0x74, 0x61, 0x6c, 0x6f, 0x67, 0x2d, 0x70, 0x72, 0x6f, 0x70
  .byte 0x2d, 0x72, 0x6f, 0x77, 0x3a, 0x6c, 0x61, 0x73, 0x74, 0x2d, 0x63, 0x68, 0x69, 0x6c, 0x64, 0x20
  .byte 0x7b, 0x0a, 0x20, 0x20, 0x62, 0x6f, 0x72, 0x64, 0x65, 0x72, 0x2d, 0x62, 0x6f, 0x74, 0x74, 0x6f
  .byte 0x6d, 0x3a, 0x20, 0x6e, 0x6f, 0x6e, 0x65, 0x3b, 0x0a, 0x7d, 0x0a, 0x0a, 0x2e, 0x63, 0x61, 0x74
  .byte 0x61, 0x6c, 0x6f, 0x67, 0x2d, 0x70, 0x72, 0x6f, 0x70, 0x2d, 0x6e, 0x61, 0x6d, 0x65, 0x20, 0x7b
  .byte 0x0a, 0x20, 0x20, 0x66, 0x6f, 0x6e, 0x74, 0x2d, 0x66, 0x61, 0x6d, 0x69, 0x6c, 0x79, 0x3a, 0x20
  .byte 0x76, 0x61, 0x72, 0x28, 0x2d, 0x2d, 0x66, 0x6f, 0x6e, 0x74, 0x2d, 0x6d, 0x6f, 0x6e, 0x6f, 0x29
  .byte 0x3b, 0x0a, 0x20, 0x20, 0x66, 0x6f, 0x6e, 0x74, 0x2d, 0x73, 0x69, 0x7a, 0x65, 0x3a, 0x20, 0x31
  .byte 0x30, 0x70, 0x78, 0x3b, 0x0a, 0x20, 0x20, 0x66, 0x6f, 0x6e, 0x74, 0x2d, 0x77, 0x65, 0x69, 0x67
  .byte 0x68, 0x74, 0x3a, 0x20, 0x36, 0x30, 0x30, 0x3b, 0x0a, 0x20, 0x20, 0x63, 0x6f, 0x6c, 0x6f, 0x72
  .byte 0x3a, 0x20, 0x76, 0x61, 0x72, 0x28, 0x2d, 0x2d, 0x74, 0x65, 0x78, 0x74, 0x2d, 0x70, 0x72, 0x69
  .byte 0x6d, 0x61, 0x72, 0x79, 0x29, 0x3b, 0x0a, 0x20, 0x20, 0x66, 0x6c, 0x65, 0x78, 0x2d, 0x73, 0x68
  .byte 0x72, 0x69, 0x6e, 0x6b, 0x3a, 0x20, 0x30, 0x3b, 0x0a, 0x20, 0x20, 0x6d, 0x69, 0x6e, 0x2d, 0x77
  .byte 0x69, 0x64, 0x74, 0x68, 0x3a, 0x20, 0x36, 0x34, 0x70, 0x78, 0x3b, 0x0a, 0x7d, 0x0a, 0x0a, 0x2e
  .byte 0x63, 0x61, 0x74, 0x61, 0x6c, 0x6f, 0x67, 0x2d, 0x70, 0x72, 0x6f, 0x70, 0x2d, 0x74, 0x79, 0x70
  .byte 0x65, 0x20, 0x7b, 0x0a, 0x20, 0x20, 0x66, 0x6f, 0x6e, 0x74, 0x2d, 0x66, 0x61, 0x6d, 0x69, 0x6c
  .byte 0x79, 0x3a, 0x20, 0x76, 0x61, 0x72, 0x28, 0x2d, 0x2d, 0x66, 0x6f, 0x6e, 0x74, 0x2d, 0x6d, 0x6f
  .byte 0x6e, 0x6f, 0x29, 0x3b, 0x0a, 0x20, 0x20, 0x66, 0x6f, 0x6e, 0x74, 0x2d, 0x73, 0x69, 0x7a, 0x65
  .byte 0x3a, 0x20, 0x31, 0x30, 0x70, 0x78, 0x3b, 0x0a, 0x20, 0x20, 0x63, 0x6f, 0x6c, 0x6f, 0x72, 0x3a
  .byte 0x20, 0x76, 0x61, 0x72, 0x28, 0x2d, 0x2d, 0x74, 0x65, 0x78, 0x74, 0x2d, 0x73, 0x65, 0x63, 0x6f
  .byte 0x6e, 0x64, 0x61, 0x72, 0x79, 0x29, 0x3b, 0x0a, 0x20, 0x20, 0x66, 0x6c, 0x65, 0x78, 0x3a, 0x20
  .byte 0x31, 0x3b, 0x0a, 0x20, 0x20, 0x6f, 0x76, 0x65, 0x72, 0x66, 0x6c, 0x6f, 0x77, 0x3a, 0x20, 0x68
  .byte 0x69, 0x64, 0x64, 0x65, 0x6e, 0x3b, 0x0a, 0x20, 0x20, 0x74, 0x65, 0x78, 0x74, 0x2d, 0x6f, 0x76
  .byte 0x65, 0x72, 0x66, 0x6c, 0x6f, 0x77, 0x3a, 0x20, 0x65, 0x6c, 0x6c, 0x69, 0x70, 0x73, 0x69, 0x73
  .byte 0x3b, 0x0a, 0x20, 0x20, 0x77, 0x68, 0x69, 0x74, 0x65, 0x2d, 0x73, 0x70, 0x61, 0x63, 0x65, 0x3a
  .byte 0x20, 0x6e, 0x6f, 0x77, 0x72, 0x61, 0x70, 0x3b, 0x0a, 0x7d, 0x0a, 0x0a, 0x2e, 0x63, 0x61, 0x74
  .byte 0x61, 0x6c, 0x6f, 0x67, 0x2d, 0x70, 0x72, 0x6f, 0x70, 0x2d, 0x65, 0x6d, 0x70, 0x74, 0x79, 0x20
  .byte 0x7b, 0x0a, 0x20, 0x20, 0x66, 0x6f, 0x6e, 0x74, 0x2d, 0x66, 0x61, 0x6d, 0x69, 0x6c, 0x79, 0x3a
  .byte 0x20, 0x76, 0x61, 0x72, 0x28, 0x2d, 0x2d, 0x66, 0x6f, 0x6e, 0x74, 0x2d, 0x6d, 0x6f, 0x6e, 0x6f
  .byte 0x29, 0x3b, 0x0a, 0x20, 0x20, 0x66, 0x6f, 0x6e, 0x74, 0x2d, 0x73, 0x69, 0x7a, 0x65, 0x3a, 0x20
  .byte 0x31, 0x30, 0x70, 0x78, 0x3b, 0x0a, 0x20, 0x20, 0x63, 0x6f, 0x6c, 0x6f, 0x72, 0x3a, 0x20, 0x76
  .byte 0x61, 0x72, 0x28, 0x2d, 0x2d, 0x74, 0x65, 0x78, 0x74, 0x2d, 0x74, 0x65, 0x72, 0x74, 0x69, 0x61
  .byte 0x72, 0x79, 0x29, 0x3b, 0x0a, 0x20, 0x20, 0x70, 0x61, 0x64, 0x64, 0x69, 0x6e, 0x67, 0x3a, 0x20
  .byte 0x38, 0x70, 0x78, 0x20, 0x31, 0x30, 0x70, 0x78, 0x3b, 0x0a, 0x7d, 0x0a, 0x0a, 0x2f, 0x2a, 0x20
  .byte 0xe2, 0x94, 0x80, 0xe2, 0x94, 0x80, 0xe2, 0x94, 0x80, 0x20, 0x4e, 0x6f, 0x74, 0x65, 0x73, 0x20
  .byte 0xe2, 0x94, 0x80, 0xe2, 0x94, 0x80, 0xe2, 0x94, 0x80, 0xe2, 0x94, 0x80, 0xe2, 0x94, 0x80, 0xe2
  .byte 0x94, 0x80, 0xe2, 0x94, 0x80, 0xe2, 0x94, 0x80, 0xe2, 0x94, 0x80, 0xe2, 0x94, 0x80, 0xe2, 0x94
  .byte 0x80, 0xe2, 0x94, 0x80, 0xe2, 0x94, 0x80, 0xe2, 0x94, 0x80, 0xe2, 0x94, 0x80, 0xe2, 0x94, 0x80
  .byte 0xe2, 0x94, 0x80, 0xe2, 0x94, 0x80, 0xe2, 0x94, 0x80, 0xe2, 0x94, 0x80, 0xe2, 0x94, 0x80, 0xe2
  .byte 0x94, 0x80, 0xe2, 0x94, 0x80, 0xe2, 0x94, 0x80, 0xe2, 0x94, 0x80, 0xe2, 0x94, 0x80, 0xe2, 0x94
  .byte 0x80, 0xe2, 0x94, 0x80, 0xe2, 0x94, 0x80, 0xe2, 0x94, 0x80, 0xe2, 0x94, 0x80, 0xe2, 0x94, 0x80
  .byte 0xe2, 0x94, 0x80, 0xe2, 0x94, 0x80, 0xe2, 0x94, 0x80, 0xe2, 0x94, 0x80, 0xe2, 0x94, 0x80, 0xe2
  .byte 0x94, 0x80, 0xe2, 0x94, 0x80, 0xe2, 0x94, 0x80, 0xe2, 0x94, 0x80, 0xe2, 0x94, 0x80, 0xe2, 0x94
  .byte 0x80, 0xe2, 0x94, 0x80, 0xe2, 0x94, 0x80, 0xe2, 0x94, 0x80, 0xe2, 0x94, 0x80, 0xe2, 0x94, 0x80
  .byte 0xe2, 0x94, 0x80, 0xe2, 0x94, 0x80, 0xe2, 0x94, 0x80, 0xe2, 0x94, 0x80, 0xe2, 0x94, 0x80, 0xe2
  .byte 0x94, 0x80, 0xe2, 0x94, 0x80, 0xe2, 0x94, 0x80, 0xe2, 0x94, 0x80, 0xe2, 0x94, 0x80, 0xe2, 0x94
  .byte 0x80, 0xe2, 0x94, 0x80, 0xe2, 0x94, 0x80, 0xe2, 0x94, 0x80, 0xe2, 0x94, 0x80, 0xe2, 0x94, 0x80
  .byte 0xe2, 0x94, 0x80, 0xe2, 0x94, 0x80, 0xe2, 0x94, 0x80, 0xe2, 0x94, 0x80, 0x20, 0x2a, 0x2f, 0x0a
  .byte 0x2e, 0x63, 0x61, 0x74, 0x61, 0x6c, 0x6f, 0x67, 0x2d, 0x6e, 0x6f, 0x74, 0x65, 0x73, 0x20, 0x7b
  .byte 0x0a, 0x20, 0x20, 0x64, 0x69, 0x73, 0x70, 0x6c, 0x61, 0x79, 0x3a, 0x20, 0x66, 0x6c, 0x65, 0x78
  .byte 0x3b, 0x0a, 0x20, 0x20, 0x66, 0x6c, 0x65, 0x78, 0x2d, 0x64, 0x69, 0x72, 0x65, 0x63, 0x74, 0x69
  .byte 0x6f, 0x6e, 0x3a, 0x20, 0x63, 0x6f, 0x6c, 0x75, 0x6d, 0x6e, 0x3b, 0x0a, 0x20, 0x20, 0x67, 0x61
  .byte 0x70, 0x3a, 0x20, 0x33, 0x70, 0x78, 0x3b, 0x0a, 0x20, 0x20, 0x6d, 0x61, 0x72, 0x67, 0x69, 0x6e
  .byte 0x2d, 0x74, 0x6f, 0x70, 0x3a, 0x20, 0x31, 0x70, 0x78, 0x3b, 0x0a, 0x7d, 0x0a, 0x0a, 0x2e, 0x63
  .byte 0x61, 0x74, 0x61, 0x6c, 0x6f, 0x67, 0x2d, 0x6e, 0x6f, 0x74, 0x65, 0x20, 0x7b, 0x0a, 0x20, 0x20
  .byte 0x66, 0x6f, 0x6e, 0x74, 0x2d, 0x66, 0x61, 0x6d, 0x69, 0x6c, 0x79, 0x3a, 0x20, 0x76, 0x61, 0x72
  .byte 0x28, 0x2d, 0x2d, 0x66, 0x6f, 0x6e, 0x74, 0x2d, 0x6d, 0x6f, 0x6e, 0x6f, 0x29, 0x3b, 0x0a, 0x20
  .byte 0x20, 0x66, 0x6f, 0x6e, 0x74, 0x2d, 0x73, 0x69, 0x7a, 0x65, 0x3a, 0x20, 0x31, 0x30, 0x70, 0x78
  .byte 0x3b, 0x0a, 0x20, 0x20, 0x63, 0x6f, 0x6c, 0x6f, 0x72, 0x3a, 0x20, 0x76, 0x61, 0x72, 0x28, 0x2d
  .byte 0x2d, 0x74, 0x65, 0x78, 0x74, 0x2d, 0x74, 0x65, 0x72, 0x74, 0x69, 0x61, 0x72, 0x79, 0x29, 0x3b
  .byte 0x0a, 0x20, 0x20, 0x6c, 0x69, 0x6e, 0x65, 0x2d, 0x68, 0x65, 0x69, 0x67, 0x68, 0x74, 0x3a, 0x20
  .byte 0x31, 0x2e, 0x36, 0x3b, 0x0a, 0x7d, 0x0a, 0x0a, 0x2f, 0x2a, 0x20, 0xe2, 0x94, 0x80, 0xe2, 0x94
  .byte 0x80, 0xe2, 0x94, 0x80, 0x20, 0x4e, 0x6f, 0x6e, 0x2d, 0x6d, 0x6f, 0x62, 0x69, 0x6c, 0x65, 0x3a
  .byte 0x20, 0x6c, 0x6f, 0x63, 0x6b, 0x20, 0x70, 0x61, 0x6e, 0x65, 0x6c, 0x20, 0x6f, 0x70, 0x65, 0x6e
  .byte 0x20, 0xe2, 0x94, 0x80, 0xe2, 0x94, 0x80, 0xe2, 0x94, 0x80, 0xe2, 0x94, 0x80, 0xe2, 0x94, 0x80
  .byte 0xe2, 0x94, 0x80, 0xe2, 0x94, 0x80, 0xe2, 0x94, 0x80, 0xe2, 0x94, 0x80, 0xe2, 0x94, 0x80, 0xe2
  .byte 0x94, 0x80, 0xe2, 0x94, 0x80, 0xe2, 0x94, 0x80, 0xe2, 0x94, 0x80, 0xe2, 0x94, 0x80, 0xe2, 0x94
  .byte 0x80, 0xe2, 0x94, 0x80, 0xe2, 0x94, 0x80, 0xe2, 0x94, 0x80, 0xe2, 0x94, 0x80, 0xe2, 0x94, 0x80
  .byte 0xe2, 0x94, 0x80, 0xe2, 0x94, 0x80, 0xe2, 0x94, 0x80, 0xe2, 0x94, 0x80, 0xe2, 0x94, 0x80, 0xe2
  .byte 0x94, 0x80, 0xe2, 0x94, 0x80, 0xe2, 0x94, 0x80, 0xe2, 0x94, 0x80, 0xe2, 0x94, 0x80, 0xe2, 0x94
  .byte 0x80, 0xe2, 0x94, 0x80, 0xe2, 0x94, 0x80, 0xe2, 0x94, 0x80, 0xe2, 0x94, 0x80, 0xe2, 0x94, 0x80
  .byte 0xe2, 0x94, 0x80, 0xe2, 0x94, 0x80, 0xe2, 0x94, 0x80, 0xe2, 0x94, 0x80, 0xe2, 0x94, 0x80, 0xe2
  .byte 0x94, 0x80, 0xe2, 0x94, 0x80, 0xe2, 0x94, 0x80, 0xe2, 0x94, 0x80, 0x20, 0x2a, 0x2f, 0x0a, 0x40
  .byte 0x6d, 0x65, 0x64, 0x69, 0x61, 0x20, 0x28, 0x6d, 0x69, 0x6e, 0x2d, 0x77, 0x69, 0x64, 0x74, 0x68
  .byte 0x3a, 0x20, 0x37, 0x36, 0x39, 0x70, 0x78, 0x29, 0x20, 0x7b, 0x0a, 0x20, 0x20, 0x2e, 0x63, 0x61
  .byte 0x74, 0x61, 0x6c, 0x6f, 0x67, 0x2d, 0x70, 0x61, 0x6e, 0x65, 0x6c, 0x2d, 0x74, 0x6f, 0x67, 0x67
  .byte 0x6c, 0x65, 0x20, 0x7b, 0x0a, 0x20, 0x20, 0x20, 0x20, 0x64, 0x69, 0x73, 0x70, 0x6c, 0x61, 0x79
  .byte 0x3a, 0x20, 0x6e, 0x6f, 0x6e, 0x65, 0x3b, 0x0a, 0x20, 0x20, 0x7d, 0x0a, 0x0a, 0x20, 0x20, 0x2e
  .byte 0x63, 0x61, 0x74, 0x61, 0x6c, 0x6f, 0x67, 0x2d, 0x70, 0x61, 0x6e, 0x65, 0x6c, 0x2d, 0x2d, 0x63
  .byte 0x6f, 0x6c, 0x6c, 0x61, 0x70, 0x73, 0x65, 0x64, 0x20, 0x7b, 0x0a, 0x20, 0x20, 0x20, 0x20, 0x77
  .byte 0x69, 0x64, 0x74, 0x68, 0x3a, 0x20, 0x33, 0x32, 0x30, 0x70, 0x78, 0x3b, 0x0a, 0x20, 0x20, 0x7d
  .byte 0x0a, 0x0a, 0x20, 0x20, 0x2e, 0x63, 0x61, 0x74, 0x61, 0x6c, 0x6f, 0x67, 0x2d, 0x70, 0x61, 0x6e
  .byte 0x65, 0x6c, 0x2d, 0x2d, 0x63, 0x6f, 0x6c, 0x6c, 0x61, 0x70, 0x73, 0x65, 0x64, 0x20, 0x2e, 0x63
  .byte 0x61, 0x74, 0x61, 0x6c, 0x6f, 0x67, 0x2d, 0x70, 0x61, 0x6e, 0x65, 0x6c, 0x2d, 0x68, 0x65, 0x61
  .byte 0x64, 0x65, 0x72, 0x20, 0x7b, 0x0a, 0x20, 0x20, 0x20, 0x20, 0x70, 0x61, 0x64, 0x64, 0x69, 0x6e
  .byte 0x67, 0x3a, 0x20, 0x31, 0x34, 0x70, 0x78, 0x20, 0x31, 0x36, 0x70, 0x78, 0x3b, 0x0a, 0x20, 0x20
  .byte 0x20, 0x20, 0x6a, 0x75, 0x73, 0x74, 0x69, 0x66, 0x79, 0x2d, 0x63, 0x6f, 0x6e, 0x74, 0x65, 0x6e
  .byte 0x74, 0x3a, 0x20, 0x73, 0x70, 0x61, 0x63, 0x65, 0x2d, 0x62, 0x65, 0x74, 0x77, 0x65, 0x65, 0x6e
  .byte 0x3b, 0x0a, 0x20, 0x20, 0x20, 0x20, 0x66, 0x6c, 0x65, 0x78, 0x2d, 0x64, 0x69, 0x72, 0x65, 0x63
  .byte 0x74, 0x69, 0x6f, 0x6e, 0x3a, 0x20, 0x72, 0x6f, 0x77, 0x3b, 0x0a, 0x20, 0x20, 0x20, 0x20, 0x67
  .byte 0x61, 0x70, 0x3a, 0x20, 0x38, 0x70, 0x78, 0x3b, 0x0a, 0x20, 0x20, 0x7d, 0x0a, 0x0a, 0x20, 0x20
  .byte 0x2e, 0x63, 0x61, 0x74, 0x61, 0x6c, 0x6f, 0x67, 0x2d, 0x70, 0x61, 0x6e, 0x65, 0x6c, 0x2d, 0x69
  .byte 0x63, 0x6f, 0x6e, 0x2d, 0x6f, 0x6e, 0x6c, 0x79, 0x20, 0x7b, 0x0a, 0x20, 0x20, 0x20, 0x20, 0x64
  .byte 0x69, 0x73, 0x70, 0x6c, 0x61, 0x79, 0x3a, 0x20, 0x6e, 0x6f, 0x6e, 0x65, 0x3b, 0x0a, 0x20, 0x20
  .byte 0x7d, 0x0a, 0x0a, 0x20, 0x20, 0x2e, 0x63, 0x61, 0x74, 0x61, 0x6c, 0x6f, 0x67, 0x2d, 0x70, 0x61
  .byte 0x6e, 0x65, 0x6c, 0x2d, 0x62, 0x6f, 0x64, 0x79, 0x2d, 0x2d, 0x68, 0x69, 0x64, 0x64, 0x65, 0x6e
  .byte 0x20, 0x7b, 0x0a, 0x20, 0x20, 0x20, 0x20, 0x64, 0x69, 0x73, 0x70, 0x6c, 0x61, 0x79, 0x3a, 0x20
  .byte 0x66, 0x6c, 0x65, 0x78, 0x3b, 0x0a, 0x20, 0x20, 0x7d, 0x0a, 0x7d, 0x0a, 0x0a, 0x2f, 0x2a, 0x20
  .byte 0xe2, 0x94, 0x80, 0xe2, 0x94, 0x80, 0xe2, 0x94, 0x80, 0x20, 0x4d, 0x6f, 0x62, 0x69, 0x6c, 0x65
  .byte 0x20, 0xe2, 0x94, 0x80, 0xe2, 0x94, 0x80, 0xe2, 0x94, 0x80, 0xe2, 0x94, 0x80, 0xe2, 0x94, 0x80
  .byte 0xe2, 0x94, 0x80, 0xe2, 0x94, 0x80, 0xe2, 0x94, 0x80, 0xe2, 0x94, 0x80, 0xe2, 0x94, 0x80, 0xe2
  .byte 0x94, 0x80, 0xe2, 0x94, 0x80, 0xe2, 0x94, 0x80, 0xe2, 0x94, 0x80, 0xe2, 0x94, 0x80, 0xe2, 0x94
  .byte 0x80, 0xe2, 0x94, 0x80, 0xe2, 0x94, 0x80, 0xe2, 0x94, 0x80, 0xe2, 0x94, 0x80, 0xe2, 0x94, 0x80
  .byte 0xe2, 0x94, 0x80, 0xe2, 0x94, 0x80, 0xe2, 0x94, 0x80, 0xe2, 0x94, 0x80, 0xe2, 0x94, 0x80, 0xe2
  .byte 0x94, 0x80, 0xe2, 0x94, 0x80, 0xe2, 0x94, 0x80, 0xe2, 0x94, 0x80, 0xe2, 0x94, 0x80, 0xe2, 0x94
  .byte 0x80, 0xe2, 0x94, 0x80, 0xe2, 0x94, 0x80, 0xe2, 0x94, 0x80, 0xe2, 0x94, 0x80, 0xe2, 0x94, 0x80
  .byte 0xe2, 0x94, 0x80, 0xe2, 0x94, 0x80, 0xe2, 0x94, 0x80, 0xe2, 0x94, 0x80, 0xe2, 0x94, 0x80, 0xe2
  .byte 0x94, 0x80, 0xe2, 0x94, 0x80, 0xe2, 0x94, 0x80, 0xe2, 0x94, 0x80, 0xe2, 0x94, 0x80, 0xe2, 0x94
  .byte 0x80, 0xe2, 0x94, 0x80, 0xe2, 0x94, 0x80, 0xe2, 0x94, 0x80, 0xe2, 0x94, 0x80, 0xe2, 0x94, 0x80
  .byte 0xe2, 0x94, 0x80, 0xe2, 0x94, 0x80, 0xe2, 0x94, 0x80, 0xe2, 0x94, 0x80, 0xe2, 0x94, 0x80, 0xe2
  .byte 0x94, 0x80, 0xe2, 0x94, 0x80, 0xe2, 0x94, 0x80, 0xe2, 0x94, 0x80, 0xe2, 0x94, 0x80, 0xe2, 0x94
  .byte 0x80, 0xe2, 0x94, 0x80, 0xe2, 0x94, 0x80, 0xe2, 0x94, 0x80, 0x20, 0x2a, 0x2f, 0x0a, 0x40, 0x6d
  .byte 0x65, 0x64, 0x69, 0x61, 0x20, 0x28, 0x6d, 0x61, 0x78, 0x2d, 0x77, 0x69, 0x64, 0x74, 0x68, 0x3a
  .byte 0x20, 0x37, 0x36, 0x38, 0x70, 0x78, 0x29, 0x20, 0x7b, 0x0a, 0x20, 0x20, 0x2e, 0x63, 0x61, 0x74
  .byte 0x61, 0x6c, 0x6f, 0x67, 0x2d, 0x70, 0x61, 0x6e, 0x65, 0x6c, 0x20, 0x7b, 0x0a, 0x20, 0x20, 0x20
  .byte 0x20, 0x77, 0x69, 0x64, 0x74, 0x68, 0x3a, 0x20, 0x31, 0x30, 0x30, 0x25, 0x3b, 0x0a, 0x20, 0x20
  .byte 0x20, 0x20, 0x62, 0x6f, 0x72, 0x64, 0x65, 0x72, 0x2d, 0x72, 0x69, 0x67, 0x68, 0x74, 0x3a, 0x20
  .byte 0x6e, 0x6f, 0x6e, 0x65, 0x3b, 0x0a, 0x20, 0x20, 0x20, 0x20, 0x62, 0x6f, 0x72, 0x64, 0x65, 0x72
  .byte 0x2d, 0x62, 0x6f, 0x74, 0x74, 0x6f, 0x6d, 0x3a, 0x20, 0x31, 0x70, 0x78, 0x20, 0x73, 0x6f, 0x6c
  .byte 0x69, 0x64, 0x20, 0x76, 0x61, 0x72, 0x28, 0x2d, 0x2d, 0x62, 0x6f, 0x72, 0x64, 0x65, 0x72, 0x29
  .byte 0x3b, 0x0a, 0x20, 0x20, 0x20, 0x20, 0x66, 0x6c, 0x65, 0x78, 0x2d, 0x73, 0x68, 0x72, 0x69, 0x6e
  .byte 0x6b, 0x3a, 0x20, 0x30, 0x3b, 0x0a, 0x20, 0x20, 0x20, 0x20, 0x74, 0x72, 0x61, 0x6e, 0x73, 0x69
  .byte 0x74, 0x69, 0x6f, 0x6e, 0x3a, 0x20, 0x6e, 0x6f, 0x6e, 0x65, 0x3b, 0x0a, 0x20, 0x20, 0x7d, 0x0a
  .byte 0x0a, 0x20, 0x20, 0x2e, 0x63, 0x61, 0x74, 0x61, 0x6c, 0x6f, 0x67, 0x2d, 0x70, 0x61, 0x6e, 0x65
  .byte 0x6c, 0x2d, 0x2d, 0x63, 0x6f, 0x6c, 0x6c, 0x61, 0x70, 0x73, 0x65, 0x64, 0x20, 0x7b, 0x0a, 0x20
  .byte 0x20, 0x20, 0x20, 0x77, 0x69, 0x64, 0x74, 0x68, 0x3a, 0x20, 0x31, 0x30, 0x30, 0x25, 0x3b, 0x0a
  .byte 0x20, 0x20, 0x7d, 0x0a, 0x0a, 0x20, 0x20, 0x2e, 0x63, 0x61, 0x74, 0x61, 0x6c, 0x6f, 0x67, 0x2d
  .byte 0x70, 0x61, 0x6e, 0x65, 0x6c, 0x2d, 0x2d, 0x63, 0x6f, 0x6c, 0x6c, 0x61, 0x70, 0x73, 0x65, 0x64
  .byte 0x20, 0x2e, 0x63, 0x61, 0x74, 0x61, 0x6c, 0x6f, 0x67, 0x2d, 0x70, 0x61, 0x6e, 0x65, 0x6c, 0x2d
  .byte 0x68, 0x65, 0x61, 0x64, 0x65, 0x72, 0x20, 0x7b, 0x0a, 0x20, 0x20, 0x20, 0x20, 0x66, 0x6c, 0x65
  .byte 0x78, 0x2d, 0x64, 0x69, 0x72, 0x65, 0x63, 0x74, 0x69, 0x6f, 0x6e, 0x3a, 0x20, 0x72, 0x6f, 0x77
  .byte 0x3b, 0x0a, 0x20, 0x20, 0x20, 0x20, 0x70, 0x61, 0x64, 0x64, 0x69, 0x6e, 0x67, 0x3a, 0x20, 0x31
  .byte 0x34, 0x70, 0x78, 0x20, 0x31, 0x36, 0x70, 0x78, 0x3b, 0x0a, 0x20, 0x20, 0x20, 0x20, 0x6a, 0x75
  .byte 0x73, 0x74, 0x69, 0x66, 0x79, 0x2d, 0x63, 0x6f, 0x6e, 0x74, 0x65, 0x6e, 0x74, 0x3a, 0x20, 0x73
  .byte 0x70, 0x61, 0x63, 0x65, 0x2d, 0x62, 0x65, 0x74, 0x77, 0x65, 0x65, 0x6e, 0x3b, 0x0a, 0x20, 0x20
  .byte 0x7d, 0x0a, 0x0a, 0x20, 0x20, 0x2e, 0x63, 0x61, 0x74, 0x61, 0x6c, 0x6f, 0x67, 0x2d, 0x70, 0x61
  .byte 0x6e, 0x65, 0x6c, 0x2d, 0x62, 0x6f, 0x64, 0x79, 0x2d, 0x2d, 0x68, 0x69, 0x64, 0x64, 0x65, 0x6e
  .byte 0x20, 0x7b, 0x0a, 0x20, 0x20, 0x20, 0x20, 0x64, 0x69, 0x73, 0x70, 0x6c, 0x61, 0x79, 0x3a, 0x20
  .byte 0x6e, 0x6f, 0x6e, 0x65, 0x3b, 0x0a, 0x20, 0x20, 0x7d, 0x0a, 0x0a, 0x20, 0x20, 0x2e, 0x63, 0x61
  .byte 0x74, 0x61, 0x6c, 0x6f, 0x67, 0x2d, 0x70, 0x61, 0x6e, 0x65, 0x6c, 0x2d, 0x74, 0x6f, 0x67, 0x67
  .byte 0x6c, 0x65, 0x20, 0x7b, 0x0a, 0x20, 0x20, 0x20, 0x20, 0x77, 0x69, 0x64, 0x74, 0x68, 0x3a, 0x20
  .byte 0x32, 0x38, 0x70, 0x78, 0x3b, 0x0a, 0x20, 0x20, 0x20, 0x20, 0x68, 0x65, 0x69, 0x67, 0x68, 0x74
  .byte 0x3a, 0x20, 0x32, 0x38, 0x70, 0x78, 0x3b, 0x0a, 0x20, 0x20, 0x7d, 0x0a, 0x7d, 0x0a

  .globl openui_full_port_docs_app_playground_components_CatalogPanel_CatalogPanel_css_f83a00838570_pass_3_len
openui_full_port_docs_app_playground_components_CatalogPanel_CatalogPanel_css_f83a00838570_pass_3_len:
  .quad 6622

# assembly pass: 4/4
  .globl openui_full_port_docs_app_playground_components_CatalogPanel_CatalogPanel_css_f83a00838570_pass_4
openui_full_port_docs_app_playground_components_CatalogPanel_CatalogPanel_css_f83a00838570_pass_4:
  .byte 0x2f, 0x2a, 0x20, 0xe2, 0x94, 0x80, 0xe2, 0x94, 0x80, 0xe2, 0x94, 0x80, 0x20, 0x50, 0x61, 0x6e
  .byte 0x65, 0x6c, 0x20, 0x53, 0x68, 0x65, 0x6c, 0x6c, 0x20, 0xe2, 0x94, 0x80, 0xe2, 0x94, 0x80, 0xe2
  .byte 0x94, 0x80, 0xe2, 0x94, 0x80, 0xe2, 0x94, 0x80, 0xe2, 0x94, 0x80, 0xe2, 0x94, 0x80, 0xe2, 0x94
  .byte 0x80, 0xe2, 0x94, 0x80, 0xe2, 0x94, 0x80, 0xe2, 0x94, 0x80, 0xe2, 0x94, 0x80, 0xe2, 0x94, 0x80
  .byte 0xe2, 0x94, 0x80, 0xe2, 0x94, 0x80, 0xe2, 0x94, 0x80, 0xe2, 0x94, 0x80, 0xe2, 0x94, 0x80, 0xe2
  .byte 0x94, 0x80, 0xe2, 0x94, 0x80, 0xe2, 0x94, 0x80, 0xe2, 0x94, 0x80, 0xe2, 0x94, 0x80, 0xe2, 0x94
  .byte 0x80, 0xe2, 0x94, 0x80, 0xe2, 0x94, 0x80, 0xe2, 0x94, 0x80, 0xe2, 0x94, 0x80, 0xe2, 0x94, 0x80
  .byte 0xe2, 0x94, 0x80, 0xe2, 0x94, 0x80, 0xe2, 0x94, 0x80, 0xe2, 0x94, 0x80, 0xe2, 0x94, 0x80, 0xe2
  .byte 0x94, 0x80, 0xe2, 0x94, 0x80, 0xe2, 0x94, 0x80, 0xe2, 0x94, 0x80, 0xe2, 0x94, 0x80, 0xe2, 0x94
  .byte 0x80, 0xe2, 0x94, 0x80, 0xe2, 0x94, 0x80, 0xe2, 0x94, 0x80, 0xe2, 0x94, 0x80, 0xe2, 0x94, 0x80
  .byte 0xe2, 0x94, 0x80, 0xe2, 0x94, 0x80, 0xe2, 0x94, 0x80, 0xe2, 0x94, 0x80, 0xe2, 0x94, 0x80, 0xe2
  .byte 0x94, 0x80, 0xe2, 0x94, 0x80, 0xe2, 0x94, 0x80, 0xe2, 0x94, 0x80, 0xe2, 0x94, 0x80, 0xe2, 0x94
  .byte 0x80, 0xe2, 0x94, 0x80, 0xe2, 0x94, 0x80, 0xe2, 0x94, 0x80, 0xe2, 0x94, 0x80, 0xe2, 0x94, 0x80
  .byte 0xe2, 0x94, 0x80, 0x20, 0x2a, 0x2f, 0x0a, 0x2e, 0x63, 0x61, 0x74, 0x61, 0x6c, 0x6f, 0x67, 0x2d
  .byte 0x70, 0x61, 0x6e, 0x65, 0x6c, 0x20, 0x7b, 0x0a, 0x20, 0x20, 0x77, 0x69, 0x64, 0x74, 0x68, 0x3a
  .byte 0x20, 0x33, 0x32, 0x30, 0x70, 0x78, 0x3b, 0x0a, 0x20, 0x20, 0x66, 0x6c, 0x65, 0x78, 0x2d, 0x73
  .byte 0x68, 0x72, 0x69, 0x6e, 0x6b, 0x3a, 0x20, 0x30, 0x3b, 0x0a, 0x20, 0x20, 0x64, 0x69, 0x73, 0x70
  .byte 0x6c, 0x61, 0x79, 0x3a, 0x20, 0x66, 0x6c, 0x65, 0x78, 0x3b, 0x0a, 0x20, 0x20, 0x66, 0x6c, 0x65
  .byte 0x78, 0x2d, 0x64, 0x69, 0x72, 0x65, 0x63, 0x74, 0x69, 0x6f, 0x6e, 0x3a, 0x20, 0x63, 0x6f, 0x6c
  .byte 0x75, 0x6d, 0x6e, 0x3b, 0x0a, 0x20, 0x20, 0x62, 0x6f, 0x72, 0x64, 0x65, 0x72, 0x2d, 0x72, 0x69
  .byte 0x67, 0x68, 0x74, 0x3a, 0x20, 0x31, 0x70, 0x78, 0x20, 0x73, 0x6f, 0x6c, 0x69, 0x64, 0x20, 0x76
  .byte 0x61, 0x72, 0x28, 0x2d, 0x2d, 0x62, 0x6f, 0x72, 0x64, 0x65, 0x72, 0x29, 0x3b, 0x0a, 0x20, 0x20
  .byte 0x6f, 0x76, 0x65, 0x72, 0x66, 0x6c, 0x6f, 0x77, 0x3a, 0x20, 0x68, 0x69, 0x64, 0x64, 0x65, 0x6e
  .byte 0x3b, 0x0a, 0x20, 0x20, 0x74, 0x72, 0x61, 0x6e, 0x73, 0x69, 0x74, 0x69, 0x6f, 0x6e, 0x3a, 0x20
  .byte 0x77, 0x69, 0x64, 0x74, 0x68, 0x20, 0x30, 0x2e, 0x32, 0x73, 0x20, 0x65, 0x61, 0x73, 0x65, 0x3b
  .byte 0x0a, 0x7d, 0x0a, 0x0a, 0x2e, 0x63, 0x61, 0x74, 0x61, 0x6c, 0x6f, 0x67, 0x2d, 0x70, 0x61, 0x6e
  .byte 0x65, 0x6c, 0x2d, 0x2d, 0x63, 0x6f, 0x6c, 0x6c, 0x61, 0x70, 0x73, 0x65, 0x64, 0x20, 0x7b, 0x0a
  .byte 0x20, 0x20, 0x77, 0x69, 0x64, 0x74, 0x68, 0x3a, 0x20, 0x34, 0x34, 0x70, 0x78, 0x3b, 0x0a, 0x7d
  .byte 0x0a, 0x0a, 0x2e, 0x63, 0x61, 0x74, 0x61, 0x6c, 0x6f, 0x67, 0x2d, 0x70, 0x61, 0x6e, 0x65, 0x6c
  .byte 0x2d, 0x68, 0x65, 0x61, 0x64, 0x65, 0x72, 0x20, 0x7b, 0x0a, 0x20, 0x20, 0x70, 0x61, 0x64, 0x64
  .byte 0x69, 0x6e, 0x67, 0x3a, 0x20, 0x31, 0x34, 0x70, 0x78, 0x20, 0x31, 0x36, 0x70, 0x78, 0x3b, 0x0a
  .byte 0x20, 0x20, 0x62, 0x6f, 0x72, 0x64, 0x65, 0x72, 0x2d, 0x62, 0x6f, 0x74, 0x74, 0x6f, 0x6d, 0x3a
  .byte 0x20, 0x31, 0x70, 0x78, 0x20, 0x73, 0x6f, 0x6c, 0x69, 0x64, 0x20, 0x76, 0x61, 0x72, 0x28, 0x2d
  .byte 0x2d, 0x62, 0x6f, 0x72, 0x64, 0x65, 0x72, 0x2d, 0x73, 0x74, 0x72, 0x6f, 0x6e, 0x67, 0x29, 0x3b
  .byte 0x0a, 0x20, 0x20, 0x62, 0x61, 0x63, 0x6b, 0x67, 0x72, 0x6f, 0x75, 0x6e, 0x64, 0x3a, 0x20, 0x76
  .byte 0x61, 0x72, 0x28, 0x2d, 0x2d, 0x70, 0x61, 0x67, 0x65, 0x2d, 0x62, 0x67, 0x29, 0x3b, 0x0a, 0x20
  .byte 0x20, 0x66, 0x6c, 0x65, 0x78, 0x2d, 0x73, 0x68, 0x72, 0x69, 0x6e, 0x6b, 0x3a, 0x20, 0x30, 0x3b
  .byte 0x0a, 0x20, 0x20, 0x64, 0x69, 0x73, 0x70, 0x6c, 0x61, 0x79, 0x3a, 0x20, 0x66, 0x6c, 0x65, 0x78
  .byte 0x3b, 0x0a, 0x20, 0x20, 0x61, 0x6c, 0x69, 0x67, 0x6e, 0x2d, 0x69, 0x74, 0x65, 0x6d, 0x73, 0x3a
  .byte 0x20, 0x63, 0x65, 0x6e, 0x74, 0x65, 0x72, 0x3b, 0x0a, 0x20, 0x20, 0x6a, 0x75, 0x73, 0x74, 0x69
  .byte 0x66, 0x79, 0x2d, 0x63, 0x6f, 0x6e, 0x74, 0x65, 0x6e, 0x74, 0x3a, 0x20, 0x73, 0x70, 0x61, 0x63
  .byte 0x65, 0x2d, 0x62, 0x65, 0x74, 0x77, 0x65, 0x65, 0x6e, 0x3b, 0x0a, 0x20, 0x20, 0x67, 0x61, 0x70
  .byte 0x3a, 0x20, 0x38, 0x70, 0x78, 0x3b, 0x0a, 0x20, 0x20, 0x6d, 0x69, 0x6e, 0x2d, 0x68, 0x65, 0x69
  .byte 0x67, 0x68, 0x74, 0x3a, 0x20, 0x34, 0x38, 0x70, 0x78, 0x3b, 0x0a, 0x7d, 0x0a, 0x0a, 0x2e, 0x63
  .byte 0x61, 0x74, 0x61, 0x6c, 0x6f, 0x67, 0x2d, 0x70, 0x61, 0x6e, 0x65, 0x6c, 0x2d, 0x2d, 0x63, 0x6f
  .byte 0x6c, 0x6c, 0x61, 0x70, 0x73, 0x65, 0x64, 0x20, 0x2e, 0x63, 0x61, 0x74, 0x61, 0x6c, 0x6f, 0x67
  .byte 0x2d, 0x70, 0x61, 0x6e, 0x65, 0x6c, 0x2d, 0x68, 0x65, 0x61, 0x64, 0x65, 0x72, 0x20, 0x7b, 0x0a
  .byte 0x20, 0x20, 0x70, 0x61, 0x64, 0x64, 0x69, 0x6e, 0x67, 0x3a, 0x20, 0x31, 0x34, 0x70, 0x78, 0x20
  .byte 0x30, 0x3b, 0x0a, 0x20, 0x20, 0x6a, 0x75, 0x73, 0x74, 0x69, 0x66, 0x79, 0x2d, 0x63, 0x6f, 0x6e
  .byte 0x74, 0x65, 0x6e, 0x74, 0x3a, 0x20, 0x63, 0x65, 0x6e, 0x74, 0x65, 0x72, 0x3b, 0x0a, 0x20, 0x20
  .byte 0x66, 0x6c, 0x65, 0x78, 0x2d, 0x64, 0x69, 0x72, 0x65, 0x63, 0x74, 0x69, 0x6f, 0x6e, 0x3a, 0x20
  .byte 0x63, 0x6f, 0x6c, 0x75, 0x6d, 0x6e, 0x3b, 0x0a, 0x20, 0x20, 0x67, 0x61, 0x70, 0x3a, 0x20, 0x31
  .byte 0x30, 0x70, 0x78, 0x3b, 0x0a, 0x7d, 0x0a, 0x0a, 0x2e, 0x63, 0x61, 0x74, 0x61, 0x6c, 0x6f, 0x67
  .byte 0x2d, 0x70, 0x61, 0x6e, 0x65, 0x6c, 0x2d, 0x74, 0x69, 0x74, 0x6c, 0x65, 0x20, 0x7b, 0x0a, 0x20
  .byte 0x20, 0x66, 0x6f, 0x6e, 0x74, 0x2d, 0x73, 0x69, 0x7a, 0x65, 0x3a, 0x20, 0x31, 0x33, 0x70, 0x78
  .byte 0x3b, 0x0a, 0x20, 0x20, 0x66, 0x6f, 0x6e, 0x74, 0x2d, 0x77, 0x65, 0x69, 0x67, 0x68, 0x74, 0x3a
  .byte 0x20, 0x36, 0x30, 0x30, 0x3b, 0x0a, 0x20, 0x20, 0x6c, 0x65, 0x74, 0x74, 0x65, 0x72, 0x2d, 0x73
  .byte 0x70, 0x61, 0x63, 0x69, 0x6e, 0x67, 0x3a, 0x20, 0x2d, 0x30, 0x2e, 0x30, 0x31, 0x65, 0x6d, 0x3b
  .byte 0x0a, 0x20, 0x20, 0x63, 0x6f, 0x6c, 0x6f, 0x72, 0x3a, 0x20, 0x76, 0x61, 0x72, 0x28, 0x2d, 0x2d
  .byte 0x74, 0x65, 0x78, 0x74, 0x2d, 0x70, 0x72, 0x69, 0x6d, 0x61, 0x72, 0x79, 0x29, 0x3b, 0x0a, 0x20
  .byte 0x20, 0x66, 0x6c, 0x65, 0x78, 0x3a, 0x20, 0x31, 0x3b, 0x0a, 0x20, 0x20, 0x77, 0x68, 0x69, 0x74
  .byte 0x65, 0x2d, 0x73, 0x70, 0x61, 0x63, 0x65, 0x3a, 0x20, 0x6e, 0x6f, 0x77, 0x72, 0x61, 0x70, 0x3b
  .byte 0x0a, 0x20, 0x20, 0x6f, 0x76, 0x65, 0x72, 0x66, 0x6c, 0x6f, 0x77, 0x3a, 0x20, 0x68, 0x69, 0x64
  .byte 0x64, 0x65, 0x6e, 0x3b, 0x0a, 0x20, 0x20, 0x74, 0x65, 0x78, 0x74, 0x2d, 0x6f, 0x76, 0x65, 0x72
  .byte 0x66, 0x6c, 0x6f, 0x77, 0x3a, 0x20, 0x65, 0x6c, 0x6c, 0x69, 0x70, 0x73, 0x69, 0x73, 0x3b, 0x0a
  .byte 0x7d, 0x0a, 0x0a, 0x2e, 0x63, 0x61, 0x74, 0x61, 0x6c, 0x6f, 0x67, 0x2d, 0x70, 0x61, 0x6e, 0x65
  .byte 0x6c, 0x2d, 0x69, 0x63, 0x6f, 0x6e, 0x2d, 0x6f, 0x6e, 0x6c, 0x79, 0x20, 0x7b, 0x0a, 0x20, 0x20
  .byte 0x64, 0x69, 0x73, 0x70, 0x6c, 0x61, 0x79, 0x3a, 0x20, 0x66, 0x6c, 0x65, 0x78, 0x3b, 0x0a, 0x20
  .byte 0x20, 0x61, 0x6c, 0x69, 0x67, 0x6e, 0x2d, 0x69, 0x74, 0x65, 0x6d, 0x73, 0x3a, 0x20, 0x63, 0x65
  .byte 0x6e, 0x74, 0x65, 0x72, 0x3b, 0x0a, 0x20, 0x20, 0x6a, 0x75, 0x73, 0x74, 0x69, 0x66, 0x79, 0x2d
  .byte 0x63, 0x6f, 0x6e, 0x74, 0x65, 0x6e, 0x74, 0x3a, 0x20, 0x63, 0x65, 0x6e, 0x74, 0x65, 0x72, 0x3b
  .byte 0x0a, 0x20, 0x20, 0x63, 0x6f, 0x6c, 0x6f, 0x72, 0x3a, 0x20, 0x76, 0x61, 0x72, 0x28, 0x2d, 0x2d
  .byte 0x74, 0x65, 0x78, 0x74, 0x2d, 0x73, 0x65, 0x63, 0x6f, 0x6e, 0x64, 0x61, 0x72, 0x79, 0x29, 0x3b
  .byte 0x0a, 0x7d, 0x0a, 0x0a, 0x2e, 0x63, 0x61, 0x74, 0x61, 0x6c, 0x6f, 0x67, 0x2d, 0x70, 0x61, 0x6e
  .byte 0x65, 0x6c, 0x2d, 0x74, 0x6f, 0x67, 0x67, 0x6c, 0x65, 0x20, 0x7b, 0x0a, 0x20, 0x20, 0x64, 0x69
  .byte 0x73, 0x70, 0x6c, 0x61, 0x79, 0x3a, 0x20, 0x66, 0x6c, 0x65, 0x78, 0x3b, 0x0a, 0x20, 0x20, 0x61
  .byte 0x6c, 0x69, 0x67, 0x6e, 0x2d, 0x69, 0x74, 0x65, 0x6d, 0x73, 0x3a, 0x20, 0x63, 0x65, 0x6e, 0x74
  .byte 0x65, 0x72, 0x3b, 0x0a, 0x20, 0x20, 0x6a, 0x75, 0x73, 0x74, 0x69, 0x66, 0x79, 0x2d, 0x63, 0x6f
  .byte 0x6e, 0x74, 0x65, 0x6e, 0x74, 0x3a, 0x20, 0x63, 0x65, 0x6e, 0x74, 0x65, 0x72, 0x3b, 0x0a, 0x20
  .byte 0x20, 0x77, 0x69, 0x64, 0x74, 0x68, 0x3a, 0x20, 0x32, 0x34, 0x70, 0x78, 0x3b, 0x0a, 0x20, 0x20
  .byte 0x68, 0x65, 0x69, 0x67, 0x68, 0x74, 0x3a, 0x20, 0x32, 0x34, 0x70, 0x78, 0x3b, 0x0a, 0x20, 0x20
  .byte 0x62, 0x61, 0x63, 0x6b, 0x67, 0x72, 0x6f, 0x75, 0x6e, 0x64, 0x3a, 0x20, 0x74, 0x72, 0x61, 0x6e
  .byte 0x73, 0x70, 0x61, 0x72, 0x65, 0x6e, 0x74, 0x3b, 0x0a, 0x20, 0x20, 0x62, 0x6f, 0x72, 0x64, 0x65
  .byte 0x72, 0x3a, 0x20, 0x6e, 0x6f, 0x6e, 0x65, 0x3b, 0x0a, 0x20, 0x20, 0x62, 0x6f, 0x72, 0x64, 0x65
  .byte 0x72, 0x2d, 0x72, 0x61, 0x64, 0x69, 0x75, 0x73, 0x3a, 0x20, 0x36, 0x70, 0x78, 0x3b, 0x0a, 0x20
  .byte 0x20, 0x63, 0x6f, 0x6c, 0x6f, 0x72, 0x3a, 0x20, 0x76, 0x61, 0x72, 0x28, 0x2d, 0x2d, 0x74, 0x65
  .byte 0x78, 0x74, 0x2d, 0x74, 0x65, 0x72, 0x74, 0x69, 0x61, 0x72, 0x79, 0x29, 0x3b, 0x0a, 0x20, 0x20
  .byte 0x63, 0x75, 0x72, 0x73, 0x6f, 0x72, 0x3a, 0x20, 0x70, 0x6f, 0x69, 0x6e, 0x74, 0x65, 0x72, 0x3b
  .byte 0x0a, 0x20, 0x20, 0x66, 0x6c, 0x65, 0x78, 0x2d, 0x73, 0x68, 0x72, 0x69, 0x6e, 0x6b, 0x3a, 0x20
  .byte 0x30, 0x3b, 0x0a, 0x20, 0x20, 0x74, 0x72, 0x61, 0x6e, 0x73, 0x69, 0x74, 0x69, 0x6f, 0x6e, 0x3a
  .byte 0x0a, 0x20, 0x20, 0x20, 0x20, 0x62, 0x61, 0x63, 0x6b, 0x67, 0x72, 0x6f, 0x75, 0x6e, 0x64, 0x20
  .byte 0x30, 0x2e, 0x31, 0x35, 0x73, 0x2c, 0x0a, 0x20, 0x20, 0x20, 0x20, 0x63, 0x6f, 0x6c, 0x6f, 0x72
  .byte 0x20, 0x30, 0x2e, 0x31, 0x35, 0x73, 0x3b, 0x0a, 0x7d, 0x0a, 0x0a, 0x2e, 0x63, 0x61, 0x74, 0x61
  .byte 0x6c, 0x6f, 0x67, 0x2d, 0x70, 0x61, 0x6e, 0x65, 0x6c, 0x2d, 0x74, 0x6f, 0x67, 0x67, 0x6c, 0x65
  .byte 0x3a, 0x68, 0x6f, 0x76, 0x65, 0x72, 0x20, 0x7b, 0x0a, 0x20, 0x20, 0x62, 0x61, 0x63, 0x6b, 0x67
  .byte 0x72, 0x6f, 0x75, 0x6e, 0x64, 0x3a, 0x20, 0x76, 0x61, 0x72, 0x28, 0x2d, 0x2d, 0x62, 0x74, 0x6e
  .byte 0x2d, 0x67, 0x68, 0x6f, 0x73, 0x74, 0x2d, 0x68, 0x6f, 0x76, 0x65, 0x72, 0x29, 0x3b, 0x0a, 0x20
  .byte 0x20, 0x63, 0x6f, 0x6c, 0x6f, 0x72, 0x3a, 0x20, 0x76, 0x61, 0x72, 0x28, 0x2d, 0x2d, 0x74, 0x65
  .byte 0x78, 0x74, 0x2d, 0x70, 0x72, 0x69, 0x6d, 0x61, 0x72, 0x79, 0x29, 0x3b, 0x0a, 0x7d, 0x0a, 0x0a
  .byte 0x2e, 0x63, 0x61, 0x74, 0x61, 0x6c, 0x6f, 0x67, 0x2d, 0x70, 0x61, 0x6e, 0x65, 0x6c, 0x2d, 0x62
  .byte 0x6f, 0x64, 0x79, 0x2d, 0x2d, 0x68, 0x69, 0x64, 0x64, 0x65, 0x6e, 0x20, 0x7b, 0x0a, 0x20, 0x20
  .byte 0x64, 0x69, 0x73, 0x70, 0x6c, 0x61, 0x79, 0x3a, 0x20, 0x6e, 0x6f, 0x6e, 0x65, 0x3b, 0x0a, 0x7d
  .byte 0x0a, 0x0a, 0x2f, 0x2a, 0x20, 0xe2, 0x94, 0x80, 0xe2, 0x94, 0x80, 0xe2, 0x94, 0x80, 0x20, 0x53
  .byte 0x63, 0x72, 0x6f, 0x6c, 0x6c, 0x61, 0x62, 0x6c, 0x65, 0x20, 0x42, 0x6f, 0x64, 0x79, 0x20, 0xe2
  .byte 0x94, 0x80, 0xe2, 0x94, 0x80, 0xe2, 0x94, 0x80, 0xe2, 0x94, 0x80, 0xe2, 0x94, 0x80, 0xe2, 0x94
  .byte 0x80, 0xe2, 0x94, 0x80, 0xe2, 0x94, 0x80, 0xe2, 0x94, 0x80, 0xe2, 0x94, 0x80, 0xe2, 0x94, 0x80
  .byte 0xe2, 0x94, 0x80, 0xe2, 0x94, 0x80, 0xe2, 0x94, 0x80, 0xe2, 0x94, 0x80, 0xe2, 0x94, 0x80, 0xe2
  .byte 0x94, 0x80, 0xe2, 0x94, 0x80, 0xe2, 0x94, 0x80, 0xe2, 0x94, 0x80, 0xe2, 0x94, 0x80, 0xe2, 0x94
  .byte 0x80, 0xe2, 0x94, 0x80, 0xe2, 0x94, 0x80, 0xe2, 0x94, 0x80, 0xe2, 0x94, 0x80, 0xe2, 0x94, 0x80
  .byte 0xe2, 0x94, 0x80, 0xe2, 0x94, 0x80, 0xe2, 0x94, 0x80, 0xe2, 0x94, 0x80, 0xe2, 0x94, 0x80, 0xe2
  .byte 0x94, 0x80, 0xe2, 0x94, 0x80, 0xe2, 0x94, 0x80, 0xe2, 0x94, 0x80, 0xe2, 0x94, 0x80, 0xe2, 0x94
  .byte 0x80, 0xe2, 0x94, 0x80, 0xe2, 0x94, 0x80, 0xe2, 0x94, 0x80, 0xe2, 0x94, 0x80, 0xe2, 0x94, 0x80
  .byte 0xe2, 0x94, 0x80, 0xe2, 0x94, 0x80, 0xe2, 0x94, 0x80, 0xe2, 0x94, 0x80, 0xe2, 0x94, 0x80, 0xe2
  .byte 0x94, 0x80, 0xe2, 0x94, 0x80, 0xe2, 0x94, 0x80, 0xe2, 0x94, 0x80, 0xe2, 0x94, 0x80, 0xe2, 0x94
  .byte 0x80, 0xe2, 0x94, 0x80, 0xe2, 0x94, 0x80, 0xe2, 0x94, 0x80, 0xe2, 0x94, 0x80, 0x20, 0x2a, 0x2f
  .byte 0x0a, 0x2e, 0x63, 0x61, 0x74, 0x61, 0x6c, 0x6f, 0x67, 0x2d, 0x70, 0x61, 0x6e, 0x65, 0x6c, 0x2d
  .byte 0x62, 0x6f, 0x64, 0x79, 0x20, 0x7b, 0x0a, 0x20, 0x20, 0x66, 0x6c, 0x65, 0x78, 0x3a, 0x20, 0x31
  .byte 0x3b, 0x0a, 0x20, 0x20, 0x6f, 0x76, 0x65, 0x72, 0x66, 0x6c, 0x6f, 0x77, 0x2d, 0x79, 0x3a, 0x20
  .byte 0x61, 0x75, 0x74, 0x6f, 0x3b, 0x0a, 0x20, 0x20, 0x70, 0x61, 0x64, 0x64, 0x69, 0x6e, 0x67, 0x3a
  .byte 0x20, 0x31, 0x36, 0x70, 0x78, 0x20, 0x31, 0x32, 0x70, 0x78, 0x3b, 0x0a, 0x20, 0x20, 0x64, 0x69
  .byte 0x73, 0x70, 0x6c, 0x61, 0x79, 0x3a, 0x20, 0x66, 0x6c, 0x65, 0x78, 0x3b, 0x0a, 0x20, 0x20, 0x66
  .byte 0x6c, 0x65, 0x78, 0x2d, 0x64, 0x69, 0x72, 0x65, 0x63, 0x74, 0x69, 0x6f, 0x6e, 0x3a, 0x20, 0x63
  .byte 0x6f, 0x6c, 0x75, 0x6d, 0x6e, 0x3b, 0x0a, 0x20, 0x20, 0x67, 0x61, 0x70, 0x3a, 0x20, 0x32, 0x30
  .byte 0x70, 0x78, 0x3b, 0x0a, 0x7d, 0x0a, 0x0a, 0x2f, 0x2a, 0x20, 0xe2, 0x94, 0x80, 0xe2, 0x94, 0x80
  .byte 0xe2, 0x94, 0x80, 0x20, 0x47, 0x72, 0x6f, 0x75, 0x70, 0x73, 0x20, 0xe2, 0x94, 0x80, 0xe2, 0x94
  .byte 0x80, 0xe2, 0x94, 0x80, 0xe2, 0x94, 0x80, 0xe2, 0x94, 0x80, 0xe2, 0x94, 0x80, 0xe2, 0x94, 0x80
  .byte 0xe2, 0x94, 0x80, 0xe2, 0x94, 0x80, 0xe2, 0x94, 0x80, 0xe2, 0x94, 0x80, 0xe2, 0x94, 0x80, 0xe2
  .byte 0x94, 0x80, 0xe2, 0x94, 0x80, 0xe2, 0x94, 0x80, 0xe2, 0x94, 0x80, 0xe2, 0x94, 0x80, 0xe2, 0x94
  .byte 0x80, 0xe2, 0x94, 0x80, 0xe2, 0x94, 0x80, 0xe2, 0x94, 0x80, 0xe2, 0x94, 0x80, 0xe2, 0x94, 0x80
  .byte 0xe2, 0x94, 0x80, 0xe2, 0x94, 0x80, 0xe2, 0x94, 0x80, 0xe2, 0x94, 0x80, 0xe2, 0x94, 0x80, 0xe2
  .byte 0x94, 0x80, 0xe2, 0x94, 0x80, 0xe2, 0x94, 0x80, 0xe2, 0x94, 0x80, 0xe2, 0x94, 0x80, 0xe2, 0x94
  .byte 0x80, 0xe2, 0x94, 0x80, 0xe2, 0x94, 0x80, 0xe2, 0x94, 0x80, 0xe2, 0x94, 0x80, 0xe2, 0x94, 0x80
  .byte 0xe2, 0x94, 0x80, 0xe2, 0x94, 0x80, 0xe2, 0x94, 0x80, 0xe2, 0x94, 0x80, 0xe2, 0x94, 0x80, 0xe2
  .byte 0x94, 0x80, 0xe2, 0x94, 0x80, 0xe2, 0x94, 0x80, 0xe2, 0x94, 0x80, 0xe2, 0x94, 0x80, 0xe2, 0x94
  .byte 0x80, 0xe2, 0x94, 0x80, 0xe2, 0x94, 0x80, 0xe2, 0x94, 0x80, 0xe2, 0x94, 0x80, 0xe2, 0x94, 0x80
  .byte 0xe2, 0x94, 0x80, 0xe2, 0x94, 0x80, 0xe2, 0x94, 0x80, 0xe2, 0x94, 0x80, 0xe2, 0x94, 0x80, 0xe2
  .byte 0x94, 0x80, 0xe2, 0x94, 0x80, 0xe2, 0x94, 0x80, 0xe2, 0x94, 0x80, 0xe2, 0x94, 0x80, 0xe2, 0x94
  .byte 0x80, 0xe2, 0x94, 0x80, 0x20, 0x2a, 0x2f, 0x0a, 0x2e, 0x63, 0x61, 0x74, 0x61, 0x6c, 0x6f, 0x67
  .byte 0x2d, 0x67, 0x72, 0x6f, 0x75, 0x70, 0x20, 0x7b, 0x0a, 0x20, 0x20, 0x64, 0x69, 0x73, 0x70, 0x6c
  .byte 0x61, 0x79, 0x3a, 0x20, 0x66, 0x6c, 0x65, 0x78, 0x3b, 0x0a, 0x20, 0x20, 0x66, 0x6c, 0x65, 0x78
  .byte 0x2d, 0x64, 0x69, 0x72, 0x65, 0x63, 0x74, 0x69, 0x6f, 0x6e, 0x3a, 0x20, 0x63, 0x6f, 0x6c, 0x75
  .byte 0x6d, 0x6e, 0x3b, 0x0a, 0x20, 0x20, 0x67, 0x61, 0x70, 0x3a, 0x20, 0x37, 0x70, 0x78, 0x3b, 0x0a
  .byte 0x7d, 0x0a, 0x0a, 0x2e, 0x63, 0x61, 0x74, 0x61, 0x6c, 0x6f, 0x67, 0x2d, 0x67, 0x72, 0x6f, 0x75
  .byte 0x70, 0x2d, 0x6e, 0x61, 0x6d, 0x65, 0x20, 0x7b, 0x0a, 0x20, 0x20, 0x66, 0x6f, 0x6e, 0x74, 0x2d
  .byte 0x73, 0x69, 0x7a, 0x65, 0x3a, 0x20, 0x31, 0x30, 0x70, 0x78, 0x3b, 0x0a, 0x20, 0x20, 0x66, 0x6f
  .byte 0x6e, 0x74, 0x2d, 0x77, 0x65, 0x69, 0x67, 0x68, 0x74, 0x3a, 0x20, 0x37, 0x30, 0x30, 0x3b, 0x0a
  .byte 0x20, 0x20, 0x6c, 0x65, 0x74, 0x74, 0x65, 0x72, 0x2d, 0x73, 0x70, 0x61, 0x63, 0x69, 0x6e, 0x67
  .byte 0x3a, 0x20, 0x30, 0x2e, 0x30, 0x37, 0x65, 0x6d, 0x3b, 0x0a, 0x20, 0x20, 0x74, 0x65, 0x78, 0x74
  .byte 0x2d, 0x74, 0x72, 0x61, 0x6e, 0x73, 0x66, 0x6f, 0x72, 0x6d, 0x3a, 0x20, 0x75, 0x70, 0x70, 0x65
  .byte 0x72, 0x63, 0x61, 0x73, 0x65, 0x3b, 0x0a, 0x20, 0x20, 0x63, 0x6f, 0x6c, 0x6f, 0x72, 0x3a, 0x20
  .byte 0x76, 0x61, 0x72, 0x28, 0x2d, 0x2d, 0x74, 0x65, 0x78, 0x74, 0x2d, 0x74, 0x65, 0x72, 0x74, 0x69
  .byte 0x61, 0x72, 0x79, 0x29, 0x3b, 0x0a, 0x20, 0x20, 0x70, 0x61, 0x64, 0x64, 0x69, 0x6e, 0x67, 0x2d
  .byte 0x62, 0x6f, 0x74, 0x74, 0x6f, 0x6d, 0x3a, 0x20, 0x35, 0x70, 0x78, 0x3b, 0x0a, 0x20, 0x20, 0x62
  .byte 0x6f, 0x72, 0x64, 0x65, 0x72, 0x2d, 0x62, 0x6f, 0x74, 0x74, 0x6f, 0x6d, 0x3a, 0x20, 0x31, 0x70
  .byte 0x78, 0x20, 0x73, 0x6f, 0x6c, 0x69, 0x64, 0x20, 0x76, 0x61, 0x72, 0x28, 0x2d, 0x2d, 0x62, 0x6f
  .byte 0x72, 0x64, 0x65, 0x72, 0x29, 0x3b, 0x0a, 0x7d, 0x0a, 0x0a, 0x2f, 0x2a, 0x20, 0xe2, 0x94, 0x80
  .byte 0xe2, 0x94, 0x80, 0xe2, 0x94, 0x80, 0x20, 0x43, 0x68, 0x69, 0x70, 0x73, 0x20, 0xe2, 0x94, 0x80
  .byte 0xe2, 0x94, 0x80, 0xe2, 0x94, 0x80, 0xe2, 0x94, 0x80, 0xe2, 0x94, 0x80, 0xe2, 0x94, 0x80, 0xe2
  .byte 0x94, 0x80, 0xe2, 0x94, 0x80, 0xe2, 0x94, 0x80, 0xe2, 0x94, 0x80, 0xe2, 0x94, 0x80, 0xe2, 0x94
  .byte 0x80, 0xe2, 0x94, 0x80, 0xe2, 0x94, 0x80, 0xe2, 0x94, 0x80, 0xe2, 0x94, 0x80, 0xe2, 0x94, 0x80
  .byte 0xe2, 0x94, 0x80, 0xe2, 0x94, 0x80, 0xe2, 0x94, 0x80, 0xe2, 0x94, 0x80, 0xe2, 0x94, 0x80, 0xe2
  .byte 0x94, 0x80, 0xe2, 0x94, 0x80, 0xe2, 0x94, 0x80, 0xe2, 0x94, 0x80, 0xe2, 0x94, 0x80, 0xe2, 0x94
  .byte 0x80, 0xe2, 0x94, 0x80, 0xe2, 0x94, 0x80, 0xe2, 0x94, 0x80, 0xe2, 0x94, 0x80, 0xe2, 0x94, 0x80
  .byte 0xe2, 0x94, 0x80, 0xe2, 0x94, 0x80, 0xe2, 0x94, 0x80, 0xe2, 0x94, 0x80, 0xe2, 0x94, 0x80, 0xe2
  .byte 0x94, 0x80, 0xe2, 0x94, 0x80, 0xe2, 0x94, 0x80, 0xe2, 0x94, 0x80, 0xe2, 0x94, 0x80, 0xe2, 0x94
  .byte 0x80, 0xe2, 0x94, 0x80, 0xe2, 0x94, 0x80, 0xe2, 0x94, 0x80, 0xe2, 0x94, 0x80, 0xe2, 0x94, 0x80
  .byte 0xe2, 0x94, 0x80, 0xe2, 0x94, 0x80, 0xe2, 0x94, 0x80, 0xe2, 0x94, 0x80, 0xe2, 0x94, 0x80, 0xe2
  .byte 0x94, 0x80, 0xe2, 0x94, 0x80, 0xe2, 0x94, 0x80, 0xe2, 0x94, 0x80, 0xe2, 0x94, 0x80, 0xe2, 0x94
  .byte 0x80, 0xe2, 0x94, 0x80, 0xe2, 0x94, 0x80, 0xe2, 0x94, 0x80, 0xe2, 0x94, 0x80, 0xe2, 0x94, 0x80
  .byte 0xe2, 0x94, 0x80, 0xe2, 0x94, 0x80, 0xe2, 0x94, 0x80, 0x20, 0x2a, 0x2f, 0x0a, 0x2e, 0x63, 0x61
  .byte 0x74, 0x61, 0x6c, 0x6f, 0x67, 0x2d, 0x63, 0x68, 0x69, 0x70, 0x73, 0x20, 0x7b, 0x0a, 0x20, 0x20
  .byte 0x64, 0x69, 0x73, 0x70, 0x6c, 0x61, 0x79, 0x3a, 0x20, 0x66, 0x6c, 0x65, 0x78, 0x3b, 0x0a, 0x20
  .byte 0x20, 0x66, 0x6c, 0x65, 0x78, 0x2d, 0x77, 0x72, 0x61, 0x70, 0x3a, 0x20, 0x77, 0x72, 0x61, 0x70
  .byte 0x3b, 0x0a, 0x20, 0x20, 0x67, 0x61, 0x70, 0x3a, 0x20, 0x35, 0x70, 0x78, 0x3b, 0x0a, 0x7d, 0x0a
  .byte 0x0a, 0x2e, 0x63, 0x61, 0x74, 0x61, 0x6c, 0x6f, 0x67, 0x2d, 0x63, 0x68, 0x69, 0x70, 0x20, 0x7b
  .byte 0x0a, 0x20, 0x20, 0x66, 0x6f, 0x6e, 0x74, 0x2d, 0x66, 0x61, 0x6d, 0x69, 0x6c, 0x79, 0x3a, 0x20
  .byte 0x76, 0x61, 0x72, 0x28, 0x2d, 0x2d, 0x66, 0x6f, 0x6e, 0x74, 0x2d, 0x6d, 0x6f, 0x6e, 0x6f, 0x29
  .byte 0x3b, 0x0a, 0x20, 0x20, 0x66, 0x6f, 0x6e, 0x74, 0x2d, 0x73, 0x69, 0x7a, 0x65, 0x3a, 0x20, 0x31
  .byte 0x31, 0x70, 0x78, 0x3b, 0x0a, 0x20, 0x20, 0x70, 0x61, 0x64, 0x64, 0x69, 0x6e, 0x67, 0x3a, 0x20
  .byte 0x32, 0x70, 0x78, 0x20, 0x38, 0x70, 0x78, 0x3b, 0x0a, 0x20, 0x20, 0x62, 0x61, 0x63, 0x6b, 0x67
  .byte 0x72, 0x6f, 0x75, 0x6e, 0x64, 0x3a, 0x20, 0x76, 0x61, 0x72, 0x28, 0x2d, 0x2d, 0x63, 0x68, 0x69
  .byte 0x70, 0x2d, 0x62, 0x67, 0x29, 0x3b, 0x0a, 0x20, 0x20, 0x62, 0x6f, 0x72, 0x64, 0x65, 0x72, 0x3a
  .byte 0x20, 0x31, 0x70, 0x78, 0x20, 0x73, 0x6f, 0x6c, 0x69, 0x64, 0x20, 0x76, 0x61, 0x72, 0x28, 0x2d
  .byte 0x2d, 0x63, 0x68, 0x69, 0x70, 0x2d, 0x62, 0x6f, 0x72, 0x64, 0x65, 0x72, 0x29, 0x3b, 0x0a, 0x20
  .byte 0x20, 0x62, 0x6f, 0x72, 0x64, 0x65, 0x72, 0x2d, 0x72, 0x61, 0x64, 0x69, 0x75, 0x73, 0x3a, 0x20
  .byte 0x35, 0x70, 0x78, 0x3b, 0x0a, 0x20, 0x20, 0x63, 0x6f, 0x6c, 0x6f, 0x72, 0x3a, 0x20, 0x76, 0x61
  .byte 0x72, 0x28, 0x2d, 0x2d, 0x74, 0x65, 0x78, 0x74, 0x2d, 0x73, 0x65, 0x63, 0x6f, 0x6e, 0x64, 0x61
  .byte 0x72, 0x79, 0x29, 0x3b, 0x0a, 0x20, 0x20, 0x63, 0x75, 0x72, 0x73, 0x6f, 0x72, 0x3a, 0x20, 0x70
  .byte 0x6f, 0x69, 0x6e, 0x74, 0x65, 0x72, 0x3b, 0x0a, 0x20, 0x20, 0x75, 0x73, 0x65, 0x72, 0x2d, 0x73
  .byte 0x65, 0x6c, 0x65, 0x63, 0x74, 0x3a, 0x20, 0x6e, 0x6f, 0x6e, 0x65, 0x3b, 0x0a, 0x20, 0x20, 0x74
  .byte 0x72, 0x61, 0x6e, 0x73, 0x69, 0x74, 0x69, 0x6f, 0x6e, 0x3a, 0x0a, 0x20, 0x20, 0x20, 0x20, 0x62
  .byte 0x61, 0x63, 0x6b, 0x67, 0x72, 0x6f, 0x75, 0x6e, 0x64, 0x20, 0x30, 0x2e, 0x31, 0x35, 0x73, 0x2c
  .byte 0x0a, 0x20, 0x20, 0x20, 0x20, 0x63, 0x6f, 0x6c, 0x6f, 0x72, 0x20, 0x30, 0x2e, 0x31, 0x35, 0x73
  .byte 0x2c, 0x0a, 0x20, 0x20, 0x20, 0x20, 0x62, 0x6f, 0x72, 0x64, 0x65, 0x72, 0x2d, 0x63, 0x6f, 0x6c
  .byte 0x6f, 0x72, 0x20, 0x30, 0x2e, 0x31, 0x35, 0x73, 0x3b, 0x0a, 0x7d, 0x0a, 0x0a, 0x2e, 0x63, 0x61
  .byte 0x74, 0x61, 0x6c, 0x6f, 0x67, 0x2d, 0x63, 0x68, 0x69, 0x70, 0x3a, 0x68, 0x6f, 0x76, 0x65, 0x72
  .byte 0x20, 0x7b, 0x0a, 0x20, 0x20, 0x62, 0x61, 0x63, 0x6b, 0x67, 0x72, 0x6f, 0x75, 0x6e, 0x64, 0x3a
  .byte 0x20, 0x76, 0x61, 0x72, 0x28, 0x2d, 0x2d, 0x63, 0x68, 0x69, 0x70, 0x2d, 0x68, 0x6f, 0x76, 0x65
  .byte 0x72, 0x29, 0x3b, 0x0a, 0x20, 0x20, 0x62, 0x6f, 0x72, 0x64, 0x65, 0x72, 0x2d, 0x63, 0x6f, 0x6c
  .byte 0x6f, 0x72, 0x3a, 0x20, 0x76, 0x61, 0x72, 0x28, 0x2d, 0x2d, 0x62, 0x6f, 0x72, 0x64, 0x65, 0x72
  .byte 0x2d, 0x73, 0x74, 0x72, 0x6f, 0x6e, 0x67, 0x29, 0x3b, 0x0a, 0x20, 0x20, 0x63, 0x6f, 0x6c, 0x6f
  .byte 0x72, 0x3a, 0x20, 0x76, 0x61, 0x72, 0x28, 0x2d, 0x2d, 0x74, 0x65, 0x78, 0x74, 0x2d, 0x70, 0x72
  .byte 0x69, 0x6d, 0x61, 0x72, 0x79, 0x29, 0x3b, 0x0a, 0x7d, 0x0a, 0x0a, 0x2e, 0x63, 0x61, 0x74, 0x61
  .byte 0x6c, 0x6f, 0x67, 0x2d, 0x63, 0x68, 0x69, 0x70, 0x2d, 0x2d, 0x61, 0x63, 0x74, 0x69, 0x76, 0x65
  .byte 0x20, 0x7b, 0x0a, 0x20, 0x20, 0x62, 0x61, 0x63, 0x6b, 0x67, 0x72, 0x6f, 0x75, 0x6e, 0x64, 0x3a
  .byte 0x20, 0x76, 0x61, 0x72, 0x28, 0x2d, 0x2d, 0x63, 0x68, 0x69, 0x70, 0x2d, 0x68, 0x6f, 0x76, 0x65
  .byte 0x72, 0x29, 0x3b, 0x0a, 0x20, 0x20, 0x62, 0x6f, 0x72, 0x64, 0x65, 0x72, 0x2d, 0x63, 0x6f, 0x6c
  .byte 0x6f, 0x72, 0x3a, 0x20, 0x76, 0x61, 0x72, 0x28, 0x2d, 0x2d, 0x62, 0x6f, 0x72, 0x64, 0x65, 0x72
  .byte 0x2d, 0x73, 0x74, 0x72, 0x6f, 0x6e, 0x67, 0x29, 0x3b, 0x0a, 0x20, 0x20, 0x63, 0x6f, 0x6c, 0x6f
  .byte 0x72, 0x3a, 0x20, 0x76, 0x61, 0x72, 0x28, 0x2d, 0x2d, 0x74, 0x65, 0x78, 0x74, 0x2d, 0x70, 0x72
  .byte 0x69, 0x6d, 0x61, 0x72, 0x79, 0x29, 0x3b, 0x0a, 0x7d, 0x0a, 0x0a, 0x2f, 0x2a, 0x20, 0xe2, 0x94
  .byte 0x80, 0xe2, 0x94, 0x80, 0xe2, 0x94, 0x80, 0x20, 0x50, 0x72, 0x6f, 0x70, 0x20, 0x50, 0x61, 0x6e
  .byte 0x65, 0x6c, 0x20, 0xe2, 0x94, 0x80, 0xe2, 0x94, 0x80, 0xe2, 0x94, 0x80, 0xe2, 0x94, 0x80, 0xe2
  .byte 0x94, 0x80, 0xe2, 0x94, 0x80, 0xe2, 0x94, 0x80, 0xe2, 0x94, 0x80, 0xe2, 0x94, 0x80, 0xe2, 0x94
  .byte 0x80, 0xe2, 0x94, 0x80, 0xe2, 0x94, 0x80, 0xe2, 0x94, 0x80, 0xe2, 0x94, 0x80, 0xe2, 0x94, 0x80
  .byte 0xe2, 0x94, 0x80, 0xe2, 0x94, 0x80, 0xe2, 0x94, 0x80, 0xe2, 0x94, 0x80, 0xe2, 0x94, 0x80, 0xe2
  .byte 0x94, 0x80, 0xe2, 0x94, 0x80, 0xe2, 0x94, 0x80, 0xe2, 0x94, 0x80, 0xe2, 0x94, 0x80, 0xe2, 0x94
  .byte 0x80, 0xe2, 0x94, 0x80, 0xe2, 0x94, 0x80, 0xe2, 0x94, 0x80, 0xe2, 0x94, 0x80, 0xe2, 0x94, 0x80
  .byte 0xe2, 0x94, 0x80, 0xe2, 0x94, 0x80, 0xe2, 0x94, 0x80, 0xe2, 0x94, 0x80, 0xe2, 0x94, 0x80, 0xe2
  .byte 0x94, 0x80, 0xe2, 0x94, 0x80, 0xe2, 0x94, 0x80, 0xe2, 0x94, 0x80, 0xe2, 0x94, 0x80, 0xe2, 0x94
  .byte 0x80, 0xe2, 0x94, 0x80, 0xe2, 0x94, 0x80, 0xe2, 0x94, 0x80, 0xe2, 0x94, 0x80, 0xe2, 0x94, 0x80
  .byte 0xe2, 0x94, 0x80, 0xe2, 0x94, 0x80, 0xe2, 0x94, 0x80, 0xe2, 0x94, 0x80, 0xe2, 0x94, 0x80, 0xe2
  .byte 0x94, 0x80, 0xe2, 0x94, 0x80, 0xe2, 0x94, 0x80, 0xe2, 0x94, 0x80, 0xe2, 0x94, 0x80, 0xe2, 0x94
  .byte 0x80, 0xe2, 0x94, 0x80, 0xe2, 0x94, 0x80, 0xe2, 0x94, 0x80, 0xe2, 0x94, 0x80, 0xe2, 0x94, 0x80
  .byte 0x20, 0x2a, 0x2f, 0x0a, 0x2e, 0x63, 0x61, 0x74, 0x61, 0x6c, 0x6f, 0x67, 0x2d, 0x70, 0x72, 0x6f
  .byte 0x70, 0x2d, 0x70, 0x61, 0x6e, 0x65, 0x6c, 0x20, 0x7b, 0x0a, 0x20, 0x20, 0x62, 0x61, 0x63, 0x6b
  .byte 0x67, 0x72, 0x6f, 0x75, 0x6e, 0x64, 0x3a, 0x20, 0x76, 0x61, 0x72, 0x28, 0x2d, 0x2d, 0x70, 0x61
  .byte 0x67, 0x65, 0x2d, 0x62, 0x67, 0x29, 0x3b, 0x0a, 0x20, 0x20, 0x62, 0x6f, 0x72, 0x64, 0x65, 0x72
  .byte 0x3a, 0x20, 0x31, 0x70, 0x78, 0x20, 0x73, 0x6f, 0x6c, 0x69, 0x64, 0x20, 0x76, 0x61, 0x72, 0x28
  .byte 0x2d, 0x2d, 0x62, 0x6f, 0x72, 0x64, 0x65, 0x72, 0x29, 0x3b, 0x0a, 0x20, 0x20, 0x62, 0x6f, 0x72
  .byte 0x64, 0x65, 0x72, 0x2d, 0x72, 0x61, 0x64, 0x69, 0x75, 0x73, 0x3a, 0x20, 0x36, 0x70, 0x78, 0x3b
  .byte 0x0a, 0x20, 0x20, 0x6f, 0x76, 0x65, 0x72, 0x66, 0x6c, 0x6f, 0x77, 0x3a, 0x20, 0x68, 0x69, 0x64
  .byte 0x64, 0x65, 0x6e, 0x3b, 0x0a, 0x7d, 0x0a, 0x0a, 0x2e, 0x63, 0x61, 0x74, 0x61, 0x6c, 0x6f, 0x67
  .byte 0x2d, 0x70, 0x72, 0x6f, 0x70, 0x2d, 0x70, 0x61, 0x6e, 0x65, 0x6c, 0x2d, 0x68, 0x65, 0x61, 0x64
  .byte 0x65, 0x72, 0x20, 0x7b, 0x0a, 0x20, 0x20, 0x70, 0x61, 0x64, 0x64, 0x69, 0x6e, 0x67, 0x3a, 0x20
  .byte 0x37, 0x70, 0x78, 0x20, 0x31, 0x30, 0x70, 0x78, 0x20, 0x36, 0x70, 0x78, 0x3b, 0x0a, 0x20, 0x20
  .byte 0x62, 0x6f, 0x72, 0x64, 0x65, 0x72, 0x2d, 0x62, 0x6f, 0x74, 0x74, 0x6f, 0x6d, 0x3a, 0x20, 0x31
  .byte 0x70, 0x78, 0x20, 0x73, 0x6f, 0x6c, 0x69, 0x64, 0x20, 0x76, 0x61, 0x72, 0x28, 0x2d, 0x2d, 0x62
  .byte 0x6f, 0x72, 0x64, 0x65, 0x72, 0x29, 0x3b, 0x0a, 0x20, 0x20, 0x64, 0x69, 0x73, 0x70, 0x6c, 0x61
  .byte 0x79, 0x3a, 0x20, 0x66, 0x6c, 0x65, 0x78, 0x3b, 0x0a, 0x20, 0x20, 0x66, 0x6c, 0x65, 0x78, 0x2d
  .byte 0x64, 0x69, 0x72, 0x65, 0x63, 0x74, 0x69, 0x6f, 0x6e, 0x3a, 0x20, 0x63, 0x6f, 0x6c, 0x75, 0x6d
  .byte 0x6e, 0x3b, 0x0a, 0x20, 0x20, 0x67, 0x61, 0x70, 0x3a, 0x20, 0x33, 0x70, 0x78, 0x3b, 0x0a, 0x7d
  .byte 0x0a, 0x0a, 0x2e, 0x63, 0x61, 0x74, 0x61, 0x6c, 0x6f, 0x67, 0x2d, 0x70, 0x72, 0x6f, 0x70, 0x2d
  .byte 0x63, 0x6f, 0x6d, 0x70, 0x2d, 0x6e, 0x61, 0x6d, 0x65, 0x20, 0x7b, 0x0a, 0x20, 0x20, 0x66, 0x6f
  .byte 0x6e, 0x74, 0x2d, 0x66, 0x61, 0x6d, 0x69, 0x6c, 0x79, 0x3a, 0x20, 0x76, 0x61, 0x72, 0x28, 0x2d
  .byte 0x2d, 0x66, 0x6f, 0x6e, 0x74, 0x2d, 0x6d, 0x6f, 0x6e, 0x6f, 0x29, 0x3b, 0x0a, 0x20, 0x20, 0x66
  .byte 0x6f, 0x6e, 0x74, 0x2d, 0x73, 0x69, 0x7a, 0x65, 0x3a, 0x20, 0x31, 0x31, 0x70, 0x78, 0x3b, 0x0a
  .byte 0x20, 0x20, 0x66, 0x6f, 0x6e, 0x74, 0x2d, 0x77, 0x65, 0x69, 0x67, 0x68, 0x74, 0x3a, 0x20, 0x37
  .byte 0x30, 0x30, 0x3b, 0x0a, 0x20, 0x20, 0x63, 0x6f, 0x6c, 0x6f, 0x72, 0x3a, 0x20, 0x76, 0x61, 0x72
  .byte 0x28, 0x2d, 0x2d, 0x74, 0x65, 0x78, 0x74, 0x2d, 0x70, 0x72, 0x69, 0x6d, 0x61, 0x72, 0x79, 0x29
  .byte 0x3b, 0x0a, 0x7d, 0x0a, 0x0a, 0x2e, 0x63, 0x61, 0x74, 0x61, 0x6c, 0x6f, 0x67, 0x2d, 0x70, 0x72
  .byte 0x6f, 0x70, 0x2d, 0x64, 0x65, 0x73, 0x63, 0x20, 0x7b, 0x0a, 0x20, 0x20, 0x66, 0x6f, 0x6e, 0x74
  .byte 0x2d, 0x66, 0x61, 0x6d, 0x69, 0x6c, 0x79, 0x3a, 0x20, 0x76, 0x61, 0x72, 0x28, 0x2d, 0x2d, 0x66
  .byte 0x6f, 0x6e, 0x74, 0x2d, 0x73, 0x61, 0x6e, 0x73, 0x29, 0x3b, 0x0a, 0x20, 0x20, 0x66, 0x6f, 0x6e
  .byte 0x74, 0x2d, 0x73, 0x69, 0x7a, 0x65, 0x3a, 0x20, 0x31, 0x30, 0x70, 0x78, 0x3b, 0x0a, 0x20, 0x20
  .byte 0x63, 0x6f, 0x6c, 0x6f, 0x72, 0x3a, 0x20, 0x76, 0x61, 0x72, 0x28, 0x2d, 0x2d, 0x74, 0x65, 0x78
  .byte 0x74, 0x2d, 0x74, 0x65, 0x72, 0x74, 0x69, 0x61, 0x72, 0x79, 0x29, 0x3b, 0x0a, 0x20, 0x20, 0x6c
  .byte 0x69, 0x6e, 0x65, 0x2d, 0x68, 0x65, 0x69, 0x67, 0x68, 0x74, 0x3a, 0x20, 0x31, 0x2e, 0x35, 0x3b
  .byte 0x0a, 0x7d, 0x0a, 0x0a, 0x2e, 0x63, 0x61, 0x74, 0x61, 0x6c, 0x6f, 0x67, 0x2d, 0x70, 0x72, 0x6f
  .byte 0x70, 0x2d, 0x6c, 0x69, 0x73, 0x74, 0x20, 0x7b, 0x0a, 0x20, 0x20, 0x64, 0x69, 0x73, 0x70, 0x6c
  .byte 0x61, 0x79, 0x3a, 0x20, 0x66, 0x6c, 0x65, 0x78, 0x3b, 0x0a, 0x20, 0x20, 0x66, 0x6c, 0x65, 0x78
  .byte 0x2d, 0x64, 0x69, 0x72, 0x65, 0x63, 0x74, 0x69, 0x6f, 0x6e, 0x3a, 0x20, 0x63, 0x6f, 0x6c, 0x75
  .byte 0x6d, 0x6e, 0x3b, 0x0a, 0x7d, 0x0a, 0x0a, 0x2e, 0x63, 0x61, 0x74, 0x61, 0x6c, 0x6f, 0x67, 0x2d
  .byte 0x70, 0x72, 0x6f, 0x70, 0x2d, 0x72, 0x6f, 0x77, 0x20, 0x7b, 0x0a, 0x20, 0x20, 0x64, 0x69, 0x73
  .byte 0x70, 0x6c, 0x61, 0x79, 0x3a, 0x20, 0x66, 0x6c, 0x65, 0x78, 0x3b, 0x0a, 0x20, 0x20, 0x61, 0x6c
  .byte 0x69, 0x67, 0x6e, 0x2d, 0x69, 0x74, 0x65, 0x6d, 0x73, 0x3a, 0x20, 0x62, 0x61, 0x73, 0x65, 0x6c
  .byte 0x69, 0x6e, 0x65, 0x3b, 0x0a, 0x20, 0x20, 0x67, 0x61, 0x70, 0x3a, 0x20, 0x36, 0x70, 0x78, 0x3b
  .byte 0x0a, 0x20, 0x20, 0x70, 0x61, 0x64, 0x64, 0x69, 0x6e, 0x67, 0x3a, 0x20, 0x34, 0x70, 0x78, 0x20
  .byte 0x31, 0x30, 0x70, 0x78, 0x3b, 0x0a, 0x20, 0x20, 0x62, 0x6f, 0x72, 0x64, 0x65, 0x72, 0x2d, 0x62
  .byte 0x6f, 0x74, 0x74, 0x6f, 0x6d, 0x3a, 0x20, 0x31, 0x70, 0x78, 0x20, 0x73, 0x6f, 0x6c, 0x69, 0x64
  .byte 0x20, 0x76, 0x61, 0x72, 0x28, 0x2d, 0x2d, 0x62, 0x6f, 0x72, 0x64, 0x65, 0x72, 0x29, 0x3b, 0x0a
  .byte 0x7d, 0x0a, 0x0a, 0x2e, 0x63, 0x61, 0x74, 0x61, 0x6c, 0x6f, 0x67, 0x2d, 0x70, 0x72, 0x6f, 0x70
  .byte 0x2d, 0x72, 0x6f, 0x77, 0x3a, 0x6c, 0x61, 0x73, 0x74, 0x2d, 0x63, 0x68, 0x69, 0x6c, 0x64, 0x20
  .byte 0x7b, 0x0a, 0x20, 0x20, 0x62, 0x6f, 0x72, 0x64, 0x65, 0x72, 0x2d, 0x62, 0x6f, 0x74, 0x74, 0x6f
  .byte 0x6d, 0x3a, 0x20, 0x6e, 0x6f, 0x6e, 0x65, 0x3b, 0x0a, 0x7d, 0x0a, 0x0a, 0x2e, 0x63, 0x61, 0x74
  .byte 0x61, 0x6c, 0x6f, 0x67, 0x2d, 0x70, 0x72, 0x6f, 0x70, 0x2d, 0x6e, 0x61, 0x6d, 0x65, 0x20, 0x7b
  .byte 0x0a, 0x20, 0x20, 0x66, 0x6f, 0x6e, 0x74, 0x2d, 0x66, 0x61, 0x6d, 0x69, 0x6c, 0x79, 0x3a, 0x20
  .byte 0x76, 0x61, 0x72, 0x28, 0x2d, 0x2d, 0x66, 0x6f, 0x6e, 0x74, 0x2d, 0x6d, 0x6f, 0x6e, 0x6f, 0x29
  .byte 0x3b, 0x0a, 0x20, 0x20, 0x66, 0x6f, 0x6e, 0x74, 0x2d, 0x73, 0x69, 0x7a, 0x65, 0x3a, 0x20, 0x31
  .byte 0x30, 0x70, 0x78, 0x3b, 0x0a, 0x20, 0x20, 0x66, 0x6f, 0x6e, 0x74, 0x2d, 0x77, 0x65, 0x69, 0x67
  .byte 0x68, 0x74, 0x3a, 0x20, 0x36, 0x30, 0x30, 0x3b, 0x0a, 0x20, 0x20, 0x63, 0x6f, 0x6c, 0x6f, 0x72
  .byte 0x3a, 0x20, 0x76, 0x61, 0x72, 0x28, 0x2d, 0x2d, 0x74, 0x65, 0x78, 0x74, 0x2d, 0x70, 0x72, 0x69
  .byte 0x6d, 0x61, 0x72, 0x79, 0x29, 0x3b, 0x0a, 0x20, 0x20, 0x66, 0x6c, 0x65, 0x78, 0x2d, 0x73, 0x68
  .byte 0x72, 0x69, 0x6e, 0x6b, 0x3a, 0x20, 0x30, 0x3b, 0x0a, 0x20, 0x20, 0x6d, 0x69, 0x6e, 0x2d, 0x77
  .byte 0x69, 0x64, 0x74, 0x68, 0x3a, 0x20, 0x36, 0x34, 0x70, 0x78, 0x3b, 0x0a, 0x7d, 0x0a, 0x0a, 0x2e
  .byte 0x63, 0x61, 0x74, 0x61, 0x6c, 0x6f, 0x67, 0x2d, 0x70, 0x72, 0x6f, 0x70, 0x2d, 0x74, 0x79, 0x70
  .byte 0x65, 0x20, 0x7b, 0x0a, 0x20, 0x20, 0x66, 0x6f, 0x6e, 0x74, 0x2d, 0x66, 0x61, 0x6d, 0x69, 0x6c
  .byte 0x79, 0x3a, 0x20, 0x76, 0x61, 0x72, 0x28, 0x2d, 0x2d, 0x66, 0x6f, 0x6e, 0x74, 0x2d, 0x6d, 0x6f
  .byte 0x6e, 0x6f, 0x29, 0x3b, 0x0a, 0x20, 0x20, 0x66, 0x6f, 0x6e, 0x74, 0x2d, 0x73, 0x69, 0x7a, 0x65
  .byte 0x3a, 0x20, 0x31, 0x30, 0x70, 0x78, 0x3b, 0x0a, 0x20, 0x20, 0x63, 0x6f, 0x6c, 0x6f, 0x72, 0x3a
  .byte 0x20, 0x76, 0x61, 0x72, 0x28, 0x2d, 0x2d, 0x74, 0x65, 0x78, 0x74, 0x2d, 0x73, 0x65, 0x63, 0x6f
  .byte 0x6e, 0x64, 0x61, 0x72, 0x79, 0x29, 0x3b, 0x0a, 0x20, 0x20, 0x66, 0x6c, 0x65, 0x78, 0x3a, 0x20
  .byte 0x31, 0x3b, 0x0a, 0x20, 0x20, 0x6f, 0x76, 0x65, 0x72, 0x66, 0x6c, 0x6f, 0x77, 0x3a, 0x20, 0x68
  .byte 0x69, 0x64, 0x64, 0x65, 0x6e, 0x3b, 0x0a, 0x20, 0x20, 0x74, 0x65, 0x78, 0x74, 0x2d, 0x6f, 0x76
  .byte 0x65, 0x72, 0x66, 0x6c, 0x6f, 0x77, 0x3a, 0x20, 0x65, 0x6c, 0x6c, 0x69, 0x70, 0x73, 0x69, 0x73
  .byte 0x3b, 0x0a, 0x20, 0x20, 0x77, 0x68, 0x69, 0x74, 0x65, 0x2d, 0x73, 0x70, 0x61, 0x63, 0x65, 0x3a
  .byte 0x20, 0x6e, 0x6f, 0x77, 0x72, 0x61, 0x70, 0x3b, 0x0a, 0x7d, 0x0a, 0x0a, 0x2e, 0x63, 0x61, 0x74
  .byte 0x61, 0x6c, 0x6f, 0x67, 0x2d, 0x70, 0x72, 0x6f, 0x70, 0x2d, 0x65, 0x6d, 0x70, 0x74, 0x79, 0x20
  .byte 0x7b, 0x0a, 0x20, 0x20, 0x66, 0x6f, 0x6e, 0x74, 0x2d, 0x66, 0x61, 0x6d, 0x69, 0x6c, 0x79, 0x3a
  .byte 0x20, 0x76, 0x61, 0x72, 0x28, 0x2d, 0x2d, 0x66, 0x6f, 0x6e, 0x74, 0x2d, 0x6d, 0x6f, 0x6e, 0x6f
  .byte 0x29, 0x3b, 0x0a, 0x20, 0x20, 0x66, 0x6f, 0x6e, 0x74, 0x2d, 0x73, 0x69, 0x7a, 0x65, 0x3a, 0x20
  .byte 0x31, 0x30, 0x70, 0x78, 0x3b, 0x0a, 0x20, 0x20, 0x63, 0x6f, 0x6c, 0x6f, 0x72, 0x3a, 0x20, 0x76
  .byte 0x61, 0x72, 0x28, 0x2d, 0x2d, 0x74, 0x65, 0x78, 0x74, 0x2d, 0x74, 0x65, 0x72, 0x74, 0x69, 0x61
  .byte 0x72, 0x79, 0x29, 0x3b, 0x0a, 0x20, 0x20, 0x70, 0x61, 0x64, 0x64, 0x69, 0x6e, 0x67, 0x3a, 0x20
  .byte 0x38, 0x70, 0x78, 0x20, 0x31, 0x30, 0x70, 0x78, 0x3b, 0x0a, 0x7d, 0x0a, 0x0a, 0x2f, 0x2a, 0x20
  .byte 0xe2, 0x94, 0x80, 0xe2, 0x94, 0x80, 0xe2, 0x94, 0x80, 0x20, 0x4e, 0x6f, 0x74, 0x65, 0x73, 0x20
  .byte 0xe2, 0x94, 0x80, 0xe2, 0x94, 0x80, 0xe2, 0x94, 0x80, 0xe2, 0x94, 0x80, 0xe2, 0x94, 0x80, 0xe2
  .byte 0x94, 0x80, 0xe2, 0x94, 0x80, 0xe2, 0x94, 0x80, 0xe2, 0x94, 0x80, 0xe2, 0x94, 0x80, 0xe2, 0x94
  .byte 0x80, 0xe2, 0x94, 0x80, 0xe2, 0x94, 0x80, 0xe2, 0x94, 0x80, 0xe2, 0x94, 0x80, 0xe2, 0x94, 0x80
  .byte 0xe2, 0x94, 0x80, 0xe2, 0x94, 0x80, 0xe2, 0x94, 0x80, 0xe2, 0x94, 0x80, 0xe2, 0x94, 0x80, 0xe2
  .byte 0x94, 0x80, 0xe2, 0x94, 0x80, 0xe2, 0x94, 0x80, 0xe2, 0x94, 0x80, 0xe2, 0x94, 0x80, 0xe2, 0x94
  .byte 0x80, 0xe2, 0x94, 0x80, 0xe2, 0x94, 0x80, 0xe2, 0x94, 0x80, 0xe2, 0x94, 0x80, 0xe2, 0x94, 0x80
  .byte 0xe2, 0x94, 0x80, 0xe2, 0x94, 0x80, 0xe2, 0x94, 0x80, 0xe2, 0x94, 0x80, 0xe2, 0x94, 0x80, 0xe2
  .byte 0x94, 0x80, 0xe2, 0x94, 0x80, 0xe2, 0x94, 0x80, 0xe2, 0x94, 0x80, 0xe2, 0x94, 0x80, 0xe2, 0x94
  .byte 0x80, 0xe2, 0x94, 0x80, 0xe2, 0x94, 0x80, 0xe2, 0x94, 0x80, 0xe2, 0x94, 0x80, 0xe2, 0x94, 0x80
  .byte 0xe2, 0x94, 0x80, 0xe2, 0x94, 0x80, 0xe2, 0x94, 0x80, 0xe2, 0x94, 0x80, 0xe2, 0x94, 0x80, 0xe2
  .byte 0x94, 0x80, 0xe2, 0x94, 0x80, 0xe2, 0x94, 0x80, 0xe2, 0x94, 0x80, 0xe2, 0x94, 0x80, 0xe2, 0x94
  .byte 0x80, 0xe2, 0x94, 0x80, 0xe2, 0x94, 0x80, 0xe2, 0x94, 0x80, 0xe2, 0x94, 0x80, 0xe2, 0x94, 0x80
  .byte 0xe2, 0x94, 0x80, 0xe2, 0x94, 0x80, 0xe2, 0x94, 0x80, 0xe2, 0x94, 0x80, 0x20, 0x2a, 0x2f, 0x0a
  .byte 0x2e, 0x63, 0x61, 0x74, 0x61, 0x6c, 0x6f, 0x67, 0x2d, 0x6e, 0x6f, 0x74, 0x65, 0x73, 0x20, 0x7b
  .byte 0x0a, 0x20, 0x20, 0x64, 0x69, 0x73, 0x70, 0x6c, 0x61, 0x79, 0x3a, 0x20, 0x66, 0x6c, 0x65, 0x78
  .byte 0x3b, 0x0a, 0x20, 0x20, 0x66, 0x6c, 0x65, 0x78, 0x2d, 0x64, 0x69, 0x72, 0x65, 0x63, 0x74, 0x69
  .byte 0x6f, 0x6e, 0x3a, 0x20, 0x63, 0x6f, 0x6c, 0x75, 0x6d, 0x6e, 0x3b, 0x0a, 0x20, 0x20, 0x67, 0x61
  .byte 0x70, 0x3a, 0x20, 0x33, 0x70, 0x78, 0x3b, 0x0a, 0x20, 0x20, 0x6d, 0x61, 0x72, 0x67, 0x69, 0x6e
  .byte 0x2d, 0x74, 0x6f, 0x70, 0x3a, 0x20, 0x31, 0x70, 0x78, 0x3b, 0x0a, 0x7d, 0x0a, 0x0a, 0x2e, 0x63
  .byte 0x61, 0x74, 0x61, 0x6c, 0x6f, 0x67, 0x2d, 0x6e, 0x6f, 0x74, 0x65, 0x20, 0x7b, 0x0a, 0x20, 0x20
  .byte 0x66, 0x6f, 0x6e, 0x74, 0x2d, 0x66, 0x61, 0x6d, 0x69, 0x6c, 0x79, 0x3a, 0x20, 0x76, 0x61, 0x72
  .byte 0x28, 0x2d, 0x2d, 0x66, 0x6f, 0x6e, 0x74, 0x2d, 0x6d, 0x6f, 0x6e, 0x6f, 0x29, 0x3b, 0x0a, 0x20
  .byte 0x20, 0x66, 0x6f, 0x6e, 0x74, 0x2d, 0x73, 0x69, 0x7a, 0x65, 0x3a, 0x20, 0x31, 0x30, 0x70, 0x78
  .byte 0x3b, 0x0a, 0x20, 0x20, 0x63, 0x6f, 0x6c, 0x6f, 0x72, 0x3a, 0x20, 0x76, 0x61, 0x72, 0x28, 0x2d
  .byte 0x2d, 0x74, 0x65, 0x78, 0x74, 0x2d, 0x74, 0x65, 0x72, 0x74, 0x69, 0x61, 0x72, 0x79, 0x29, 0x3b
  .byte 0x0a, 0x20, 0x20, 0x6c, 0x69, 0x6e, 0x65, 0x2d, 0x68, 0x65, 0x69, 0x67, 0x68, 0x74, 0x3a, 0x20
  .byte 0x31, 0x2e, 0x36, 0x3b, 0x0a, 0x7d, 0x0a, 0x0a, 0x2f, 0x2a, 0x20, 0xe2, 0x94, 0x80, 0xe2, 0x94
  .byte 0x80, 0xe2, 0x94, 0x80, 0x20, 0x4e, 0x6f, 0x6e, 0x2d, 0x6d, 0x6f, 0x62, 0x69, 0x6c, 0x65, 0x3a
  .byte 0x20, 0x6c, 0x6f, 0x63, 0x6b, 0x20, 0x70, 0x61, 0x6e, 0x65, 0x6c, 0x20, 0x6f, 0x70, 0x65, 0x6e
  .byte 0x20, 0xe2, 0x94, 0x80, 0xe2, 0x94, 0x80, 0xe2, 0x94, 0x80, 0xe2, 0x94, 0x80, 0xe2, 0x94, 0x80
  .byte 0xe2, 0x94, 0x80, 0xe2, 0x94, 0x80, 0xe2, 0x94, 0x80, 0xe2, 0x94, 0x80, 0xe2, 0x94, 0x80, 0xe2
  .byte 0x94, 0x80, 0xe2, 0x94, 0x80, 0xe2, 0x94, 0x80, 0xe2, 0x94, 0x80, 0xe2, 0x94, 0x80, 0xe2, 0x94
  .byte 0x80, 0xe2, 0x94, 0x80, 0xe2, 0x94, 0x80, 0xe2, 0x94, 0x80, 0xe2, 0x94, 0x80, 0xe2, 0x94, 0x80
  .byte 0xe2, 0x94, 0x80, 0xe2, 0x94, 0x80, 0xe2, 0x94, 0x80, 0xe2, 0x94, 0x80, 0xe2, 0x94, 0x80, 0xe2
  .byte 0x94, 0x80, 0xe2, 0x94, 0x80, 0xe2, 0x94, 0x80, 0xe2, 0x94, 0x80, 0xe2, 0x94, 0x80, 0xe2, 0x94
  .byte 0x80, 0xe2, 0x94, 0x80, 0xe2, 0x94, 0x80, 0xe2, 0x94, 0x80, 0xe2, 0x94, 0x80, 0xe2, 0x94, 0x80
  .byte 0xe2, 0x94, 0x80, 0xe2, 0x94, 0x80, 0xe2, 0x94, 0x80, 0xe2, 0x94, 0x80, 0xe2, 0x94, 0x80, 0xe2
  .byte 0x94, 0x80, 0xe2, 0x94, 0x80, 0xe2, 0x94, 0x80, 0xe2, 0x94, 0x80, 0x20, 0x2a, 0x2f, 0x0a, 0x40
  .byte 0x6d, 0x65, 0x64, 0x69, 0x61, 0x20, 0x28, 0x6d, 0x69, 0x6e, 0x2d, 0x77, 0x69, 0x64, 0x74, 0x68
  .byte 0x3a, 0x20, 0x37, 0x36, 0x39, 0x70, 0x78, 0x29, 0x20, 0x7b, 0x0a, 0x20, 0x20, 0x2e, 0x63, 0x61
  .byte 0x74, 0x61, 0x6c, 0x6f, 0x67, 0x2d, 0x70, 0x61, 0x6e, 0x65, 0x6c, 0x2d, 0x74, 0x6f, 0x67, 0x67
  .byte 0x6c, 0x65, 0x20, 0x7b, 0x0a, 0x20, 0x20, 0x20, 0x20, 0x64, 0x69, 0x73, 0x70, 0x6c, 0x61, 0x79
  .byte 0x3a, 0x20, 0x6e, 0x6f, 0x6e, 0x65, 0x3b, 0x0a, 0x20, 0x20, 0x7d, 0x0a, 0x0a, 0x20, 0x20, 0x2e
  .byte 0x63, 0x61, 0x74, 0x61, 0x6c, 0x6f, 0x67, 0x2d, 0x70, 0x61, 0x6e, 0x65, 0x6c, 0x2d, 0x2d, 0x63
  .byte 0x6f, 0x6c, 0x6c, 0x61, 0x70, 0x73, 0x65, 0x64, 0x20, 0x7b, 0x0a, 0x20, 0x20, 0x20, 0x20, 0x77
  .byte 0x69, 0x64, 0x74, 0x68, 0x3a, 0x20, 0x33, 0x32, 0x30, 0x70, 0x78, 0x3b, 0x0a, 0x20, 0x20, 0x7d
  .byte 0x0a, 0x0a, 0x20, 0x20, 0x2e, 0x63, 0x61, 0x74, 0x61, 0x6c, 0x6f, 0x67, 0x2d, 0x70, 0x61, 0x6e
  .byte 0x65, 0x6c, 0x2d, 0x2d, 0x63, 0x6f, 0x6c, 0x6c, 0x61, 0x70, 0x73, 0x65, 0x64, 0x20, 0x2e, 0x63
  .byte 0x61, 0x74, 0x61, 0x6c, 0x6f, 0x67, 0x2d, 0x70, 0x61, 0x6e, 0x65, 0x6c, 0x2d, 0x68, 0x65, 0x61
  .byte 0x64, 0x65, 0x72, 0x20, 0x7b, 0x0a, 0x20, 0x20, 0x20, 0x20, 0x70, 0x61, 0x64, 0x64, 0x69, 0x6e
  .byte 0x67, 0x3a, 0x20, 0x31, 0x34, 0x70, 0x78, 0x20, 0x31, 0x36, 0x70, 0x78, 0x3b, 0x0a, 0x20, 0x20
  .byte 0x20, 0x20, 0x6a, 0x75, 0x73, 0x74, 0x69, 0x66, 0x79, 0x2d, 0x63, 0x6f, 0x6e, 0x74, 0x65, 0x6e
  .byte 0x74, 0x3a, 0x20, 0x73, 0x70, 0x61, 0x63, 0x65, 0x2d, 0x62, 0x65, 0x74, 0x77, 0x65, 0x65, 0x6e
  .byte 0x3b, 0x0a, 0x20, 0x20, 0x20, 0x20, 0x66, 0x6c, 0x65, 0x78, 0x2d, 0x64, 0x69, 0x72, 0x65, 0x63
  .byte 0x74, 0x69, 0x6f, 0x6e, 0x3a, 0x20, 0x72, 0x6f, 0x77, 0x3b, 0x0a, 0x20, 0x20, 0x20, 0x20, 0x67
  .byte 0x61, 0x70, 0x3a, 0x20, 0x38, 0x70, 0x78, 0x3b, 0x0a, 0x20, 0x20, 0x7d, 0x0a, 0x0a, 0x20, 0x20
  .byte 0x2e, 0x63, 0x61, 0x74, 0x61, 0x6c, 0x6f, 0x67, 0x2d, 0x70, 0x61, 0x6e, 0x65, 0x6c, 0x2d, 0x69
  .byte 0x63, 0x6f, 0x6e, 0x2d, 0x6f, 0x6e, 0x6c, 0x79, 0x20, 0x7b, 0x0a, 0x20, 0x20, 0x20, 0x20, 0x64
  .byte 0x69, 0x73, 0x70, 0x6c, 0x61, 0x79, 0x3a, 0x20, 0x6e, 0x6f, 0x6e, 0x65, 0x3b, 0x0a, 0x20, 0x20
  .byte 0x7d, 0x0a, 0x0a, 0x20, 0x20, 0x2e, 0x63, 0x61, 0x74, 0x61, 0x6c, 0x6f, 0x67, 0x2d, 0x70, 0x61
  .byte 0x6e, 0x65, 0x6c, 0x2d, 0x62, 0x6f, 0x64, 0x79, 0x2d, 0x2d, 0x68, 0x69, 0x64, 0x64, 0x65, 0x6e
  .byte 0x20, 0x7b, 0x0a, 0x20, 0x20, 0x20, 0x20, 0x64, 0x69, 0x73, 0x70, 0x6c, 0x61, 0x79, 0x3a, 0x20
  .byte 0x66, 0x6c, 0x65, 0x78, 0x3b, 0x0a, 0x20, 0x20, 0x7d, 0x0a, 0x7d, 0x0a, 0x0a, 0x2f, 0x2a, 0x20
  .byte 0xe2, 0x94, 0x80, 0xe2, 0x94, 0x80, 0xe2, 0x94, 0x80, 0x20, 0x4d, 0x6f, 0x62, 0x69, 0x6c, 0x65
  .byte 0x20, 0xe2, 0x94, 0x80, 0xe2, 0x94, 0x80, 0xe2, 0x94, 0x80, 0xe2, 0x94, 0x80, 0xe2, 0x94, 0x80
  .byte 0xe2, 0x94, 0x80, 0xe2, 0x94, 0x80, 0xe2, 0x94, 0x80, 0xe2, 0x94, 0x80, 0xe2, 0x94, 0x80, 0xe2
  .byte 0x94, 0x80, 0xe2, 0x94, 0x80, 0xe2, 0x94, 0x80, 0xe2, 0x94, 0x80, 0xe2, 0x94, 0x80, 0xe2, 0x94
  .byte 0x80, 0xe2, 0x94, 0x80, 0xe2, 0x94, 0x80, 0xe2, 0x94, 0x80, 0xe2, 0x94, 0x80, 0xe2, 0x94, 0x80
  .byte 0xe2, 0x94, 0x80, 0xe2, 0x94, 0x80, 0xe2, 0x94, 0x80, 0xe2, 0x94, 0x80, 0xe2, 0x94, 0x80, 0xe2
  .byte 0x94, 0x80, 0xe2, 0x94, 0x80, 0xe2, 0x94, 0x80, 0xe2, 0x94, 0x80, 0xe2, 0x94, 0x80, 0xe2, 0x94
  .byte 0x80, 0xe2, 0x94, 0x80, 0xe2, 0x94, 0x80, 0xe2, 0x94, 0x80, 0xe2, 0x94, 0x80, 0xe2, 0x94, 0x80
  .byte 0xe2, 0x94, 0x80, 0xe2, 0x94, 0x80, 0xe2, 0x94, 0x80, 0xe2, 0x94, 0x80, 0xe2, 0x94, 0x80, 0xe2
  .byte 0x94, 0x80, 0xe2, 0x94, 0x80, 0xe2, 0x94, 0x80, 0xe2, 0x94, 0x80, 0xe2, 0x94, 0x80, 0xe2, 0x94
  .byte 0x80, 0xe2, 0x94, 0x80, 0xe2, 0x94, 0x80, 0xe2, 0x94, 0x80, 0xe2, 0x94, 0x80, 0xe2, 0x94, 0x80
  .byte 0xe2, 0x94, 0x80, 0xe2, 0x94, 0x80, 0xe2, 0x94, 0x80, 0xe2, 0x94, 0x80, 0xe2, 0x94, 0x80, 0xe2
  .byte 0x94, 0x80, 0xe2, 0x94, 0x80, 0xe2, 0x94, 0x80, 0xe2, 0x94, 0x80, 0xe2, 0x94, 0x80, 0xe2, 0x94
  .byte 0x80, 0xe2, 0x94, 0x80, 0xe2, 0x94, 0x80, 0xe2, 0x94, 0x80, 0x20, 0x2a, 0x2f, 0x0a, 0x40, 0x6d
  .byte 0x65, 0x64, 0x69, 0x61, 0x20, 0x28, 0x6d, 0x61, 0x78, 0x2d, 0x77, 0x69, 0x64, 0x74, 0x68, 0x3a
  .byte 0x20, 0x37, 0x36, 0x38, 0x70, 0x78, 0x29, 0x20, 0x7b, 0x0a, 0x20, 0x20, 0x2e, 0x63, 0x61, 0x74
  .byte 0x61, 0x6c, 0x6f, 0x67, 0x2d, 0x70, 0x61, 0x6e, 0x65, 0x6c, 0x20, 0x7b, 0x0a, 0x20, 0x20, 0x20
  .byte 0x20, 0x77, 0x69, 0x64, 0x74, 0x68, 0x3a, 0x20, 0x31, 0x30, 0x30, 0x25, 0x3b, 0x0a, 0x20, 0x20
  .byte 0x20, 0x20, 0x62, 0x6f, 0x72, 0x64, 0x65, 0x72, 0x2d, 0x72, 0x69, 0x67, 0x68, 0x74, 0x3a, 0x20
  .byte 0x6e, 0x6f, 0x6e, 0x65, 0x3b, 0x0a, 0x20, 0x20, 0x20, 0x20, 0x62, 0x6f, 0x72, 0x64, 0x65, 0x72
  .byte 0x2d, 0x62, 0x6f, 0x74, 0x74, 0x6f, 0x6d, 0x3a, 0x20, 0x31, 0x70, 0x78, 0x20, 0x73, 0x6f, 0x6c
  .byte 0x69, 0x64, 0x20, 0x76, 0x61, 0x72, 0x28, 0x2d, 0x2d, 0x62, 0x6f, 0x72, 0x64, 0x65, 0x72, 0x29
  .byte 0x3b, 0x0a, 0x20, 0x20, 0x20, 0x20, 0x66, 0x6c, 0x65, 0x78, 0x2d, 0x73, 0x68, 0x72, 0x69, 0x6e
  .byte 0x6b, 0x3a, 0x20, 0x30, 0x3b, 0x0a, 0x20, 0x20, 0x20, 0x20, 0x74, 0x72, 0x61, 0x6e, 0x73, 0x69
  .byte 0x74, 0x69, 0x6f, 0x6e, 0x3a, 0x20, 0x6e, 0x6f, 0x6e, 0x65, 0x3b, 0x0a, 0x20, 0x20, 0x7d, 0x0a
  .byte 0x0a, 0x20, 0x20, 0x2e, 0x63, 0x61, 0x74, 0x61, 0x6c, 0x6f, 0x67, 0x2d, 0x70, 0x61, 0x6e, 0x65
  .byte 0x6c, 0x2d, 0x2d, 0x63, 0x6f, 0x6c, 0x6c, 0x61, 0x70, 0x73, 0x65, 0x64, 0x20, 0x7b, 0x0a, 0x20
  .byte 0x20, 0x20, 0x20, 0x77, 0x69, 0x64, 0x74, 0x68, 0x3a, 0x20, 0x31, 0x30, 0x30, 0x25, 0x3b, 0x0a
  .byte 0x20, 0x20, 0x7d, 0x0a, 0x0a, 0x20, 0x20, 0x2e, 0x63, 0x61, 0x74, 0x61, 0x6c, 0x6f, 0x67, 0x2d
  .byte 0x70, 0x61, 0x6e, 0x65, 0x6c, 0x2d, 0x2d, 0x63, 0x6f, 0x6c, 0x6c, 0x61, 0x70, 0x73, 0x65, 0x64
  .byte 0x20, 0x2e, 0x63, 0x61, 0x74, 0x61, 0x6c, 0x6f, 0x67, 0x2d, 0x70, 0x61, 0x6e, 0x65, 0x6c, 0x2d
  .byte 0x68, 0x65, 0x61, 0x64, 0x65, 0x72, 0x20, 0x7b, 0x0a, 0x20, 0x20, 0x20, 0x20, 0x66, 0x6c, 0x65
  .byte 0x78, 0x2d, 0x64, 0x69, 0x72, 0x65, 0x63, 0x74, 0x69, 0x6f, 0x6e, 0x3a, 0x20, 0x72, 0x6f, 0x77
  .byte 0x3b, 0x0a, 0x20, 0x20, 0x20, 0x20, 0x70, 0x61, 0x64, 0x64, 0x69, 0x6e, 0x67, 0x3a, 0x20, 0x31
  .byte 0x34, 0x70, 0x78, 0x20, 0x31, 0x36, 0x70, 0x78, 0x3b, 0x0a, 0x20, 0x20, 0x20, 0x20, 0x6a, 0x75
  .byte 0x73, 0x74, 0x69, 0x66, 0x79, 0x2d, 0x63, 0x6f, 0x6e, 0x74, 0x65, 0x6e, 0x74, 0x3a, 0x20, 0x73
  .byte 0x70, 0x61, 0x63, 0x65, 0x2d, 0x62, 0x65, 0x74, 0x77, 0x65, 0x65, 0x6e, 0x3b, 0x0a, 0x20, 0x20
  .byte 0x7d, 0x0a, 0x0a, 0x20, 0x20, 0x2e, 0x63, 0x61, 0x74, 0x61, 0x6c, 0x6f, 0x67, 0x2d, 0x70, 0x61
  .byte 0x6e, 0x65, 0x6c, 0x2d, 0x62, 0x6f, 0x64, 0x79, 0x2d, 0x2d, 0x68, 0x69, 0x64, 0x64, 0x65, 0x6e
  .byte 0x20, 0x7b, 0x0a, 0x20, 0x20, 0x20, 0x20, 0x64, 0x69, 0x73, 0x70, 0x6c, 0x61, 0x79, 0x3a, 0x20
  .byte 0x6e, 0x6f, 0x6e, 0x65, 0x3b, 0x0a, 0x20, 0x20, 0x7d, 0x0a, 0x0a, 0x20, 0x20, 0x2e, 0x63, 0x61
  .byte 0x74, 0x61, 0x6c, 0x6f, 0x67, 0x2d, 0x70, 0x61, 0x6e, 0x65, 0x6c, 0x2d, 0x74, 0x6f, 0x67, 0x67
  .byte 0x6c, 0x65, 0x20, 0x7b, 0x0a, 0x20, 0x20, 0x20, 0x20, 0x77, 0x69, 0x64, 0x74, 0x68, 0x3a, 0x20
  .byte 0x32, 0x38, 0x70, 0x78, 0x3b, 0x0a, 0x20, 0x20, 0x20, 0x20, 0x68, 0x65, 0x69, 0x67, 0x68, 0x74
  .byte 0x3a, 0x20, 0x32, 0x38, 0x70, 0x78, 0x3b, 0x0a, 0x20, 0x20, 0x7d, 0x0a, 0x7d, 0x0a

  .globl openui_full_port_docs_app_playground_components_CatalogPanel_CatalogPanel_css_f83a00838570_pass_4_len
openui_full_port_docs_app_playground_components_CatalogPanel_CatalogPanel_css_f83a00838570_pass_4_len:
  .quad 6622
