# OpenUI mechanical full assembly port
# source: examples/shadcn-chat/src/app/globals.css
# sha256: 0ed12af4555795a9f1d9bcfe37f7f9aafab29a80973eabb904b1ee05ece9408b
# bytes: 4233
# assembly passes: 4
  .section .rodata
# assembly pass: 1/4
  .globl openui_full_port_examples_shadcn_chat_src_app_globals_css_0ed12af45557
openui_full_port_examples_shadcn_chat_src_app_globals_css_0ed12af45557:
  .byte 0x40, 0x69, 0x6d, 0x70, 0x6f, 0x72, 0x74, 0x20, 0x22, 0x74, 0x61, 0x69, 0x6c, 0x77, 0x69, 0x6e
  .byte 0x64, 0x63, 0x73, 0x73, 0x22, 0x3b, 0x0a, 0x0a, 0x40, 0x63, 0x75, 0x73, 0x74, 0x6f, 0x6d, 0x2d
  .byte 0x76, 0x61, 0x72, 0x69, 0x61, 0x6e, 0x74, 0x20, 0x64, 0x61, 0x72, 0x6b, 0x20, 0x28, 0x26, 0x3a
  .byte 0x69, 0x73, 0x28, 0x5b, 0x64, 0x61, 0x74, 0x61, 0x2d, 0x74, 0x68, 0x65, 0x6d, 0x65, 0x3d, 0x22
  .byte 0x64, 0x61, 0x72, 0x6b, 0x22, 0x5d, 0x20, 0x2a, 0x29, 0x29, 0x3b, 0x0a, 0x0a, 0x40, 0x74, 0x68
  .byte 0x65, 0x6d, 0x65, 0x20, 0x69, 0x6e, 0x6c, 0x69, 0x6e, 0x65, 0x20, 0x7b, 0x0a, 0x20, 0x20, 0x2d
  .byte 0x2d, 0x63, 0x6f, 0x6c, 0x6f, 0x72, 0x2d, 0x62, 0x61, 0x63, 0x6b, 0x67, 0x72, 0x6f, 0x75, 0x6e
  .byte 0x64, 0x3a, 0x20, 0x76, 0x61, 0x72, 0x28, 0x2d, 0x2d, 0x62, 0x61, 0x63, 0x6b, 0x67, 0x72, 0x6f
  .byte 0x75, 0x6e, 0x64, 0x29, 0x3b, 0x0a, 0x20, 0x20, 0x2d, 0x2d, 0x63, 0x6f, 0x6c, 0x6f, 0x72, 0x2d
  .byte 0x66, 0x6f, 0x72, 0x65, 0x67, 0x72, 0x6f, 0x75, 0x6e, 0x64, 0x3a, 0x20, 0x76, 0x61, 0x72, 0x28
  .byte 0x2d, 0x2d, 0x66, 0x6f, 0x72, 0x65, 0x67, 0x72, 0x6f, 0x75, 0x6e, 0x64, 0x29, 0x3b, 0x0a, 0x20
  .byte 0x20, 0x2d, 0x2d, 0x63, 0x6f, 0x6c, 0x6f, 0x72, 0x2d, 0x63, 0x61, 0x72, 0x64, 0x3a, 0x20, 0x76
  .byte 0x61, 0x72, 0x28, 0x2d, 0x2d, 0x63, 0x61, 0x72, 0x64, 0x29, 0x3b, 0x0a, 0x20, 0x20, 0x2d, 0x2d
  .byte 0x63, 0x6f, 0x6c, 0x6f, 0x72, 0x2d, 0x63, 0x61, 0x72, 0x64, 0x2d, 0x66, 0x6f, 0x72, 0x65, 0x67
  .byte 0x72, 0x6f, 0x75, 0x6e, 0x64, 0x3a, 0x20, 0x76, 0x61, 0x72, 0x28, 0x2d, 0x2d, 0x63, 0x61, 0x72
  .byte 0x64, 0x2d, 0x66, 0x6f, 0x72, 0x65, 0x67, 0x72, 0x6f, 0x75, 0x6e, 0x64, 0x29, 0x3b, 0x0a, 0x20
  .byte 0x20, 0x2d, 0x2d, 0x63, 0x6f, 0x6c, 0x6f, 0x72, 0x2d, 0x70, 0x6f, 0x70, 0x6f, 0x76, 0x65, 0x72
  .byte 0x3a, 0x20, 0x76, 0x61, 0x72, 0x28, 0x2d, 0x2d, 0x70, 0x6f, 0x70, 0x6f, 0x76, 0x65, 0x72, 0x29
  .byte 0x3b, 0x0a, 0x20, 0x20, 0x2d, 0x2d, 0x63, 0x6f, 0x6c, 0x6f, 0x72, 0x2d, 0x70, 0x6f, 0x70, 0x6f
  .byte 0x76, 0x65, 0x72, 0x2d, 0x66, 0x6f, 0x72, 0x65, 0x67, 0x72, 0x6f, 0x75, 0x6e, 0x64, 0x3a, 0x20
  .byte 0x76, 0x61, 0x72, 0x28, 0x2d, 0x2d, 0x70, 0x6f, 0x70, 0x6f, 0x76, 0x65, 0x72, 0x2d, 0x66, 0x6f
  .byte 0x72, 0x65, 0x67, 0x72, 0x6f, 0x75, 0x6e, 0x64, 0x29, 0x3b, 0x0a, 0x20, 0x20, 0x2d, 0x2d, 0x63
  .byte 0x6f, 0x6c, 0x6f, 0x72, 0x2d, 0x70, 0x72, 0x69, 0x6d, 0x61, 0x72, 0x79, 0x3a, 0x20, 0x76, 0x61
  .byte 0x72, 0x28, 0x2d, 0x2d, 0x70, 0x72, 0x69, 0x6d, 0x61, 0x72, 0x79, 0x29, 0x3b, 0x0a, 0x20, 0x20
  .byte 0x2d, 0x2d, 0x63, 0x6f, 0x6c, 0x6f, 0x72, 0x2d, 0x70, 0x72, 0x69, 0x6d, 0x61, 0x72, 0x79, 0x2d
  .byte 0x66, 0x6f, 0x72, 0x65, 0x67, 0x72, 0x6f, 0x75, 0x6e, 0x64, 0x3a, 0x20, 0x76, 0x61, 0x72, 0x28
  .byte 0x2d, 0x2d, 0x70, 0x72, 0x69, 0x6d, 0x61, 0x72, 0x79, 0x2d, 0x66, 0x6f, 0x72, 0x65, 0x67, 0x72
  .byte 0x6f, 0x75, 0x6e, 0x64, 0x29, 0x3b, 0x0a, 0x20, 0x20, 0x2d, 0x2d, 0x63, 0x6f, 0x6c, 0x6f, 0x72
  .byte 0x2d, 0x73, 0x65, 0x63, 0x6f, 0x6e, 0x64, 0x61, 0x72, 0x79, 0x3a, 0x20, 0x76, 0x61, 0x72, 0x28
  .byte 0x2d, 0x2d, 0x73, 0x65, 0x63, 0x6f, 0x6e, 0x64, 0x61, 0x72, 0x79, 0x29, 0x3b, 0x0a, 0x20, 0x20
  .byte 0x2d, 0x2d, 0x63, 0x6f, 0x6c, 0x6f, 0x72, 0x2d, 0x73, 0x65, 0x63, 0x6f, 0x6e, 0x64, 0x61, 0x72
  .byte 0x79, 0x2d, 0x66, 0x6f, 0x72, 0x65, 0x67, 0x72, 0x6f, 0x75, 0x6e, 0x64, 0x3a, 0x20, 0x76, 0x61
  .byte 0x72, 0x28, 0x2d, 0x2d, 0x73, 0x65, 0x63, 0x6f, 0x6e, 0x64, 0x61, 0x72, 0x79, 0x2d, 0x66, 0x6f
  .byte 0x72, 0x65, 0x67, 0x72, 0x6f, 0x75, 0x6e, 0x64, 0x29, 0x3b, 0x0a, 0x20, 0x20, 0x2d, 0x2d, 0x63
  .byte 0x6f, 0x6c, 0x6f, 0x72, 0x2d, 0x6d, 0x75, 0x74, 0x65, 0x64, 0x3a, 0x20, 0x76, 0x61, 0x72, 0x28
  .byte 0x2d, 0x2d, 0x6d, 0x75, 0x74, 0x65, 0x64, 0x29, 0x3b, 0x0a, 0x20, 0x20, 0x2d, 0x2d, 0x63, 0x6f
  .byte 0x6c, 0x6f, 0x72, 0x2d, 0x6d, 0x75, 0x74, 0x65, 0x64, 0x2d, 0x66, 0x6f, 0x72, 0x65, 0x67, 0x72
  .byte 0x6f, 0x75, 0x6e, 0x64, 0x3a, 0x20, 0x76, 0x61, 0x72, 0x28, 0x2d, 0x2d, 0x6d, 0x75, 0x74, 0x65
  .byte 0x64, 0x2d, 0x66, 0x6f, 0x72, 0x65, 0x67, 0x72, 0x6f, 0x75, 0x6e, 0x64, 0x29, 0x3b, 0x0a, 0x20
  .byte 0x20, 0x2d, 0x2d, 0x63, 0x6f, 0x6c, 0x6f, 0x72, 0x2d, 0x61, 0x63, 0x63, 0x65, 0x6e, 0x74, 0x3a
  .byte 0x20, 0x76, 0x61, 0x72, 0x28, 0x2d, 0x2d, 0x61, 0x63, 0x63, 0x65, 0x6e, 0x74, 0x29, 0x3b, 0x0a
  .byte 0x20, 0x20, 0x2d, 0x2d, 0x63, 0x6f, 0x6c, 0x6f, 0x72, 0x2d, 0x61, 0x63, 0x63, 0x65, 0x6e, 0x74
  .byte 0x2d, 0x66, 0x6f, 0x72, 0x65, 0x67, 0x72, 0x6f, 0x75, 0x6e, 0x64, 0x3a, 0x20, 0x76, 0x61, 0x72
  .byte 0x28, 0x2d, 0x2d, 0x61, 0x63, 0x63, 0x65, 0x6e, 0x74, 0x2d, 0x66, 0x6f, 0x72, 0x65, 0x67, 0x72
  .byte 0x6f, 0x75, 0x6e, 0x64, 0x29, 0x3b, 0x0a, 0x20, 0x20, 0x2d, 0x2d, 0x63, 0x6f, 0x6c, 0x6f, 0x72
  .byte 0x2d, 0x64, 0x65, 0x73, 0x74, 0x72, 0x75, 0x63, 0x74, 0x69, 0x76, 0x65, 0x3a, 0x20, 0x76, 0x61
  .byte 0x72, 0x28, 0x2d, 0x2d, 0x64, 0x65, 0x73, 0x74, 0x72, 0x75, 0x63, 0x74, 0x69, 0x76, 0x65, 0x29
  .byte 0x3b, 0x0a, 0x20, 0x20, 0x2d, 0x2d, 0x63, 0x6f, 0x6c, 0x6f, 0x72, 0x2d, 0x64, 0x65, 0x73, 0x74
  .byte 0x72, 0x75, 0x63, 0x74, 0x69, 0x76, 0x65, 0x2d, 0x66, 0x6f, 0x72, 0x65, 0x67, 0x72, 0x6f, 0x75
  .byte 0x6e, 0x64, 0x3a, 0x20, 0x76, 0x61, 0x72, 0x28, 0x2d, 0x2d, 0x64, 0x65, 0x73, 0x74, 0x72, 0x75
  .byte 0x63, 0x74, 0x69, 0x76, 0x65, 0x2d, 0x66, 0x6f, 0x72, 0x65, 0x67, 0x72, 0x6f, 0x75, 0x6e, 0x64
  .byte 0x29, 0x3b, 0x0a, 0x20, 0x20, 0x2d, 0x2d, 0x63, 0x6f, 0x6c, 0x6f, 0x72, 0x2d, 0x62, 0x6f, 0x72
  .byte 0x64, 0x65, 0x72, 0x3a, 0x20, 0x76, 0x61, 0x72, 0x28, 0x2d, 0x2d, 0x62, 0x6f, 0x72, 0x64, 0x65
  .byte 0x72, 0x29, 0x3b, 0x0a, 0x20, 0x20, 0x2d, 0x2d, 0x63, 0x6f, 0x6c, 0x6f, 0x72, 0x2d, 0x69, 0x6e
  .byte 0x70, 0x75, 0x74, 0x3a, 0x20, 0x76, 0x61, 0x72, 0x28, 0x2d, 0x2d, 0x69, 0x6e, 0x70, 0x75, 0x74
  .byte 0x29, 0x3b, 0x0a, 0x20, 0x20, 0x2d, 0x2d, 0x63, 0x6f, 0x6c, 0x6f, 0x72, 0x2d, 0x72, 0x69, 0x6e
  .byte 0x67, 0x3a, 0x20, 0x76, 0x61, 0x72, 0x28, 0x2d, 0x2d, 0x72, 0x69, 0x6e, 0x67, 0x29, 0x3b, 0x0a
  .byte 0x20, 0x20, 0x2d, 0x2d, 0x63, 0x6f, 0x6c, 0x6f, 0x72, 0x2d, 0x63, 0x68, 0x61, 0x72, 0x74, 0x2d
  .byte 0x31, 0x3a, 0x20, 0x76, 0x61, 0x72, 0x28, 0x2d, 0x2d, 0x63, 0x68, 0x61, 0x72, 0x74, 0x2d, 0x31
  .byte 0x29, 0x3b, 0x0a, 0x20, 0x20, 0x2d, 0x2d, 0x63, 0x6f, 0x6c, 0x6f, 0x72, 0x2d, 0x63, 0x68, 0x61
  .byte 0x72, 0x74, 0x2d, 0x32, 0x3a, 0x20, 0x76, 0x61, 0x72, 0x28, 0x2d, 0x2d, 0x63, 0x68, 0x61, 0x72
  .byte 0x74, 0x2d, 0x32, 0x29, 0x3b, 0x0a, 0x20, 0x20, 0x2d, 0x2d, 0x63, 0x6f, 0x6c, 0x6f, 0x72, 0x2d
  .byte 0x63, 0x68, 0x61, 0x72, 0x74, 0x2d, 0x33, 0x3a, 0x20, 0x76, 0x61, 0x72, 0x28, 0x2d, 0x2d, 0x63
  .byte 0x68, 0x61, 0x72, 0x74, 0x2d, 0x33, 0x29, 0x3b, 0x0a, 0x20, 0x20, 0x2d, 0x2d, 0x63, 0x6f, 0x6c
  .byte 0x6f, 0x72, 0x2d, 0x63, 0x68, 0x61, 0x72, 0x74, 0x2d, 0x34, 0x3a, 0x20, 0x76, 0x61, 0x72, 0x28
  .byte 0x2d, 0x2d, 0x63, 0x68, 0x61, 0x72, 0x74, 0x2d, 0x34, 0x29, 0x3b, 0x0a, 0x20, 0x20, 0x2d, 0x2d
  .byte 0x63, 0x6f, 0x6c, 0x6f, 0x72, 0x2d, 0x63, 0x68, 0x61, 0x72, 0x74, 0x2d, 0x35, 0x3a, 0x20, 0x76
  .byte 0x61, 0x72, 0x28, 0x2d, 0x2d, 0x63, 0x68, 0x61, 0x72, 0x74, 0x2d, 0x35, 0x29, 0x3b, 0x0a, 0x20
  .byte 0x20, 0x2d, 0x2d, 0x63, 0x6f, 0x6c, 0x6f, 0x72, 0x2d, 0x73, 0x69, 0x64, 0x65, 0x62, 0x61, 0x72
  .byte 0x3a, 0x20, 0x76, 0x61, 0x72, 0x28, 0x2d, 0x2d, 0x73, 0x69, 0x64, 0x65, 0x62, 0x61, 0x72, 0x29
  .byte 0x3b, 0x0a, 0x20, 0x20, 0x2d, 0x2d, 0x63, 0x6f, 0x6c, 0x6f, 0x72, 0x2d, 0x73, 0x69, 0x64, 0x65
  .byte 0x62, 0x61, 0x72, 0x2d, 0x66, 0x6f, 0x72, 0x65, 0x67, 0x72, 0x6f, 0x75, 0x6e, 0x64, 0x3a, 0x20
  .byte 0x76, 0x61, 0x72, 0x28, 0x2d, 0x2d, 0x73, 0x69, 0x64, 0x65, 0x62, 0x61, 0x72, 0x2d, 0x66, 0x6f
  .byte 0x72, 0x65, 0x67, 0x72, 0x6f, 0x75, 0x6e, 0x64, 0x29, 0x3b, 0x0a, 0x20, 0x20, 0x2d, 0x2d, 0x63
  .byte 0x6f, 0x6c, 0x6f, 0x72, 0x2d, 0x73, 0x69, 0x64, 0x65, 0x62, 0x61, 0x72, 0x2d, 0x70, 0x72, 0x69
  .byte 0x6d, 0x61, 0x72, 0x79, 0x3a, 0x20, 0x76, 0x61, 0x72, 0x28, 0x2d, 0x2d, 0x73, 0x69, 0x64, 0x65
  .byte 0x62, 0x61, 0x72, 0x2d, 0x70, 0x72, 0x69, 0x6d, 0x61, 0x72, 0x79, 0x29, 0x3b, 0x0a, 0x20, 0x20
  .byte 0x2d, 0x2d, 0x63, 0x6f, 0x6c, 0x6f, 0x72, 0x2d, 0x73, 0x69, 0x64, 0x65, 0x62, 0x61, 0x72, 0x2d
  .byte 0x70, 0x72, 0x69, 0x6d, 0x61, 0x72, 0x79, 0x2d, 0x66, 0x6f, 0x72, 0x65, 0x67, 0x72, 0x6f, 0x75
  .byte 0x6e, 0x64, 0x3a, 0x20, 0x76, 0x61, 0x72, 0x28, 0x2d, 0x2d, 0x73, 0x69, 0x64, 0x65, 0x62, 0x61
  .byte 0x72, 0x2d, 0x70, 0x72, 0x69, 0x6d, 0x61, 0x72, 0x79, 0x2d, 0x66, 0x6f, 0x72, 0x65, 0x67, 0x72
  .byte 0x6f, 0x75, 0x6e, 0x64, 0x29, 0x3b, 0x0a, 0x20, 0x20, 0x2d, 0x2d, 0x63, 0x6f, 0x6c, 0x6f, 0x72
  .byte 0x2d, 0x73, 0x69, 0x64, 0x65, 0x62, 0x61, 0x72, 0x2d, 0x61, 0x63, 0x63, 0x65, 0x6e, 0x74, 0x3a
  .byte 0x20, 0x76, 0x61, 0x72, 0x28, 0x2d, 0x2d, 0x73, 0x69, 0x64, 0x65, 0x62, 0x61, 0x72, 0x2d, 0x61
  .byte 0x63, 0x63, 0x65, 0x6e, 0x74, 0x29, 0x3b, 0x0a, 0x20, 0x20, 0x2d, 0x2d, 0x63, 0x6f, 0x6c, 0x6f
  .byte 0x72, 0x2d, 0x73, 0x69, 0x64, 0x65, 0x62, 0x61, 0x72, 0x2d, 0x61, 0x63, 0x63, 0x65, 0x6e, 0x74
  .byte 0x2d, 0x66, 0x6f, 0x72, 0x65, 0x67, 0x72, 0x6f, 0x75, 0x6e, 0x64, 0x3a, 0x20, 0x76, 0x61, 0x72
  .byte 0x28, 0x2d, 0x2d, 0x73, 0x69, 0x64, 0x65, 0x62, 0x61, 0x72, 0x2d, 0x61, 0x63, 0x63, 0x65, 0x6e
  .byte 0x74, 0x2d, 0x66, 0x6f, 0x72, 0x65, 0x67, 0x72, 0x6f, 0x75, 0x6e, 0x64, 0x29, 0x3b, 0x0a, 0x20
  .byte 0x20, 0x2d, 0x2d, 0x63, 0x6f, 0x6c, 0x6f, 0x72, 0x2d, 0x73, 0x69, 0x64, 0x65, 0x62, 0x61, 0x72
  .byte 0x2d, 0x62, 0x6f, 0x72, 0x64, 0x65, 0x72, 0x3a, 0x20, 0x76, 0x61, 0x72, 0x28, 0x2d, 0x2d, 0x73
  .byte 0x69, 0x64, 0x65, 0x62, 0x61, 0x72, 0x2d, 0x62, 0x6f, 0x72, 0x64, 0x65, 0x72, 0x29, 0x3b, 0x0a
  .byte 0x20, 0x20, 0x2d, 0x2d, 0x63, 0x6f, 0x6c, 0x6f, 0x72, 0x2d, 0x73, 0x69, 0x64, 0x65, 0x62, 0x61
  .byte 0x72, 0x2d, 0x72, 0x69, 0x6e, 0x67, 0x3a, 0x20, 0x76, 0x61, 0x72, 0x28, 0x2d, 0x2d, 0x73, 0x69
  .byte 0x64, 0x65, 0x62, 0x61, 0x72, 0x2d, 0x72, 0x69, 0x6e, 0x67, 0x29, 0x3b, 0x0a, 0x20, 0x20, 0x2d
  .byte 0x2d, 0x72, 0x61, 0x64, 0x69, 0x75, 0x73, 0x2d, 0x73, 0x6d, 0x3a, 0x20, 0x63, 0x61, 0x6c, 0x63
  .byte 0x28, 0x76, 0x61, 0x72, 0x28, 0x2d, 0x2d, 0x72, 0x61, 0x64, 0x69, 0x75, 0x73, 0x29, 0x20, 0x2d
  .byte 0x20, 0x34, 0x70, 0x78, 0x29, 0x3b, 0x0a, 0x20, 0x20, 0x2d, 0x2d, 0x72, 0x61, 0x64, 0x69, 0x75
  .byte 0x73, 0x2d, 0x6d, 0x64, 0x3a, 0x20, 0x63, 0x61, 0x6c, 0x63, 0x28, 0x76, 0x61, 0x72, 0x28, 0x2d
  .byte 0x2d, 0x72, 0x61, 0x64, 0x69, 0x75, 0x73, 0x29, 0x20, 0x2d, 0x20, 0x32, 0x70, 0x78, 0x29, 0x3b
  .byte 0x0a, 0x20, 0x20, 0x2d, 0x2d, 0x72, 0x61, 0x64, 0x69, 0x75, 0x73, 0x2d, 0x6c, 0x67, 0x3a, 0x20
  .byte 0x76, 0x61, 0x72, 0x28, 0x2d, 0x2d, 0x72, 0x61, 0x64, 0x69, 0x75, 0x73, 0x29, 0x3b, 0x0a, 0x20
  .byte 0x20, 0x2d, 0x2d, 0x72, 0x61, 0x64, 0x69, 0x75, 0x73, 0x2d, 0x78, 0x6c, 0x3a, 0x20, 0x63, 0x61
  .byte 0x6c, 0x63, 0x28, 0x76, 0x61, 0x72, 0x28, 0x2d, 0x2d, 0x72, 0x61, 0x64, 0x69, 0x75, 0x73, 0x29
  .byte 0x20, 0x2b, 0x20, 0x34, 0x70, 0x78, 0x29, 0x3b, 0x0a, 0x7d, 0x0a, 0x0a, 0x3a, 0x72, 0x6f, 0x6f
  .byte 0x74, 0x20, 0x7b, 0x0a, 0x20, 0x20, 0x2d, 0x2d, 0x72, 0x61, 0x64, 0x69, 0x75, 0x73, 0x3a, 0x20
  .byte 0x30, 0x2e, 0x36, 0x32, 0x35, 0x72, 0x65, 0x6d, 0x3b, 0x0a, 0x20, 0x20, 0x2d, 0x2d, 0x62, 0x61
  .byte 0x63, 0x6b, 0x67, 0x72, 0x6f, 0x75, 0x6e, 0x64, 0x3a, 0x20, 0x6f, 0x6b, 0x6c, 0x63, 0x68, 0x28
  .byte 0x31, 0x20, 0x30, 0x20, 0x30, 0x29, 0x3b, 0x0a, 0x20, 0x20, 0x2d, 0x2d, 0x66, 0x6f, 0x72, 0x65
  .byte 0x67, 0x72, 0x6f, 0x75, 0x6e, 0x64, 0x3a, 0x20, 0x6f, 0x6b, 0x6c, 0x63, 0x68, 0x28, 0x30, 0x2e
  .byte 0x31, 0x34, 0x35, 0x20, 0x30, 0x20, 0x30, 0x29, 0x3b, 0x0a, 0x20, 0x20, 0x2d, 0x2d, 0x63, 0x61
  .byte 0x72, 0x64, 0x3a, 0x20, 0x6f, 0x6b, 0x6c, 0x63, 0x68, 0x28, 0x31, 0x20, 0x30, 0x20, 0x30, 0x29
  .byte 0x3b, 0x0a, 0x20, 0x20, 0x2d, 0x2d, 0x63, 0x61, 0x72, 0x64, 0x2d, 0x66, 0x6f, 0x72, 0x65, 0x67
  .byte 0x72, 0x6f, 0x75, 0x6e, 0x64, 0x3a, 0x20, 0x6f, 0x6b, 0x6c, 0x63, 0x68, 0x28, 0x30, 0x2e, 0x31
  .byte 0x34, 0x35, 0x20, 0x30, 0x20, 0x30, 0x29, 0x3b, 0x0a, 0x20, 0x20, 0x2d, 0x2d, 0x70, 0x6f, 0x70
  .byte 0x6f, 0x76, 0x65, 0x72, 0x3a, 0x20, 0x6f, 0x6b, 0x6c, 0x63, 0x68, 0x28, 0x31, 0x20, 0x30, 0x20
  .byte 0x30, 0x29, 0x3b, 0x0a, 0x20, 0x20, 0x2d, 0x2d, 0x70, 0x6f, 0x70, 0x6f, 0x76, 0x65, 0x72, 0x2d
  .byte 0x66, 0x6f, 0x72, 0x65, 0x67, 0x72, 0x6f, 0x75, 0x6e, 0x64, 0x3a, 0x20, 0x6f, 0x6b, 0x6c, 0x63
  .byte 0x68, 0x28, 0x30, 0x2e, 0x31, 0x34, 0x35, 0x20, 0x30, 0x20, 0x30, 0x29, 0x3b, 0x0a, 0x20, 0x20
  .byte 0x2d, 0x2d, 0x70, 0x72, 0x69, 0x6d, 0x61, 0x72, 0x79, 0x3a, 0x20, 0x6f, 0x6b, 0x6c, 0x63, 0x68
  .byte 0x28, 0x30, 0x2e, 0x32, 0x30, 0x35, 0x20, 0x30, 0x20, 0x30, 0x29, 0x3b, 0x0a, 0x20, 0x20, 0x2d
  .byte 0x2d, 0x70, 0x72, 0x69, 0x6d, 0x61, 0x72, 0x79, 0x2d, 0x66, 0x6f, 0x72, 0x65, 0x67, 0x72, 0x6f
  .byte 0x75, 0x6e, 0x64, 0x3a, 0x20, 0x6f, 0x6b, 0x6c, 0x63, 0x68, 0x28, 0x30, 0x2e, 0x39, 0x38, 0x35
  .byte 0x20, 0x30, 0x20, 0x30, 0x29, 0x3b, 0x0a, 0x20, 0x20, 0x2d, 0x2d, 0x73, 0x65, 0x63, 0x6f, 0x6e
  .byte 0x64, 0x61, 0x72, 0x79, 0x3a, 0x20, 0x6f, 0x6b, 0x6c, 0x63, 0x68, 0x28, 0x30, 0x2e, 0x39, 0x37
  .byte 0x20, 0x30, 0x20, 0x30, 0x29, 0x3b, 0x0a, 0x20, 0x20, 0x2d, 0x2d, 0x73, 0x65, 0x63, 0x6f, 0x6e
  .byte 0x64, 0x61, 0x72, 0x79, 0x2d, 0x66, 0x6f, 0x72, 0x65, 0x67, 0x72, 0x6f, 0x75, 0x6e, 0x64, 0x3a
  .byte 0x20, 0x6f, 0x6b, 0x6c, 0x63, 0x68, 0x28, 0x30, 0x2e, 0x32, 0x30, 0x35, 0x20, 0x30, 0x20, 0x30
  .byte 0x29, 0x3b, 0x0a, 0x20, 0x20, 0x2d, 0x2d, 0x6d, 0x75, 0x74, 0x65, 0x64, 0x3a, 0x20, 0x6f, 0x6b
  .byte 0x6c, 0x63, 0x68, 0x28, 0x30, 0x2e, 0x39, 0x37, 0x20, 0x30, 0x20, 0x30, 0x29, 0x3b, 0x0a, 0x20
  .byte 0x20, 0x2d, 0x2d, 0x6d, 0x75, 0x74, 0x65, 0x64, 0x2d, 0x66, 0x6f, 0x72, 0x65, 0x67, 0x72, 0x6f
  .byte 0x75, 0x6e, 0x64, 0x3a, 0x20, 0x6f, 0x6b, 0x6c, 0x63, 0x68, 0x28, 0x30, 0x2e, 0x35, 0x35, 0x36
  .byte 0x20, 0x30, 0x20, 0x30, 0x29, 0x3b, 0x0a, 0x20, 0x20, 0x2d, 0x2d, 0x61, 0x63, 0x63, 0x65, 0x6e
  .byte 0x74, 0x3a, 0x20, 0x6f, 0x6b, 0x6c, 0x63, 0x68, 0x28, 0x30, 0x2e, 0x39, 0x37, 0x20, 0x30, 0x20
  .byte 0x30, 0x29, 0x3b, 0x0a, 0x20, 0x20, 0x2d, 0x2d, 0x61, 0x63, 0x63, 0x65, 0x6e, 0x74, 0x2d, 0x66
  .byte 0x6f, 0x72, 0x65, 0x67, 0x72, 0x6f, 0x75, 0x6e, 0x64, 0x3a, 0x20, 0x6f, 0x6b, 0x6c, 0x63, 0x68
  .byte 0x28, 0x30, 0x2e, 0x32, 0x30, 0x35, 0x20, 0x30, 0x20, 0x30, 0x29, 0x3b, 0x0a, 0x20, 0x20, 0x2d
  .byte 0x2d, 0x64, 0x65, 0x73, 0x74, 0x72, 0x75, 0x63, 0x74, 0x69, 0x76, 0x65, 0x3a, 0x20, 0x6f, 0x6b
  .byte 0x6c, 0x63, 0x68, 0x28, 0x30, 0x2e, 0x35, 0x37, 0x37, 0x20, 0x30, 0x2e, 0x32, 0x34, 0x35, 0x20
  .byte 0x32, 0x37, 0x2e, 0x33, 0x32, 0x35, 0x29, 0x3b, 0x0a, 0x20, 0x20, 0x2d, 0x2d, 0x64, 0x65, 0x73
  .byte 0x74, 0x72, 0x75, 0x63, 0x74, 0x69, 0x76, 0x65, 0x2d, 0x66, 0x6f, 0x72, 0x65, 0x67, 0x72, 0x6f
  .byte 0x75, 0x6e, 0x64, 0x3a, 0x20, 0x6f, 0x6b, 0x6c, 0x63, 0x68, 0x28, 0x30, 0x2e, 0x39, 0x38, 0x35
  .byte 0x20, 0x30, 0x20, 0x30, 0x29, 0x3b, 0x0a, 0x20, 0x20, 0x2d, 0x2d, 0x62, 0x6f, 0x72, 0x64, 0x65
  .byte 0x72, 0x3a, 0x20, 0x6f, 0x6b, 0x6c, 0x63, 0x68, 0x28, 0x30, 0x2e, 0x39, 0x32, 0x32, 0x20, 0x30
  .byte 0x20, 0x30, 0x29, 0x3b, 0x0a, 0x20, 0x20, 0x2d, 0x2d, 0x69, 0x6e, 0x70, 0x75, 0x74, 0x3a, 0x20
  .byte 0x6f, 0x6b, 0x6c, 0x63, 0x68, 0x28, 0x30, 0x2e, 0x39, 0x32, 0x32, 0x20, 0x30, 0x20, 0x30, 0x29
  .byte 0x3b, 0x0a, 0x20, 0x20, 0x2d, 0x2d, 0x72, 0x69, 0x6e, 0x67, 0x3a, 0x20, 0x6f, 0x6b, 0x6c, 0x63
  .byte 0x68, 0x28, 0x30, 0x2e, 0x37, 0x30, 0x38, 0x20, 0x30, 0x20, 0x30, 0x29, 0x3b, 0x0a, 0x20, 0x20
  .byte 0x2d, 0x2d, 0x63, 0x68, 0x61, 0x72, 0x74, 0x2d, 0x31, 0x3a, 0x20, 0x6f, 0x6b, 0x6c, 0x63, 0x68
  .byte 0x28, 0x30, 0x2e, 0x36, 0x34, 0x36, 0x20, 0x30, 0x2e, 0x32, 0x32, 0x32, 0x20, 0x34, 0x31, 0x2e
  .byte 0x31, 0x31, 0x36, 0x29, 0x3b, 0x0a, 0x20, 0x20, 0x2d, 0x2d, 0x63, 0x68, 0x61, 0x72, 0x74, 0x2d
  .byte 0x32, 0x3a, 0x20, 0x6f, 0x6b, 0x6c, 0x63, 0x68, 0x28, 0x30, 0x2e, 0x36, 0x20, 0x30, 0x2e, 0x31
  .byte 0x31, 0x38, 0x20, 0x31, 0x38, 0x34, 0x2e, 0x37, 0x31, 0x34, 0x29, 0x3b, 0x0a, 0x20, 0x20, 0x2d
  .byte 0x2d, 0x63, 0x68, 0x61, 0x72, 0x74, 0x2d, 0x33, 0x3a, 0x20, 0x6f, 0x6b, 0x6c, 0x63, 0x68, 0x28
  .byte 0x30, 0x2e, 0x33, 0x39, 0x38, 0x20, 0x30, 0x2e, 0x30, 0x37, 0x20, 0x32, 0x32, 0x37, 0x2e, 0x33
  .byte 0x39, 0x32, 0x29, 0x3b, 0x0a, 0x20, 0x20, 0x2d, 0x2d, 0x63, 0x68, 0x61, 0x72, 0x74, 0x2d, 0x34
  .byte 0x3a, 0x20, 0x6f, 0x6b, 0x6c, 0x63, 0x68, 0x28, 0x30, 0x2e, 0x38, 0x32, 0x38, 0x20, 0x30, 0x2e
  .byte 0x31, 0x38, 0x39, 0x20, 0x38, 0x34, 0x2e, 0x34, 0x32, 0x39, 0x29, 0x3b, 0x0a, 0x20, 0x20, 0x2d
  .byte 0x2d, 0x63, 0x68, 0x61, 0x72, 0x74, 0x2d, 0x35, 0x3a, 0x20, 0x6f, 0x6b, 0x6c, 0x63, 0x68, 0x28
  .byte 0x30, 0x2e, 0x37, 0x36, 0x39, 0x20, 0x30, 0x2e, 0x31, 0x38, 0x38, 0x20, 0x37, 0x30, 0x2e, 0x30
  .byte 0x38, 0x29, 0x3b, 0x0a, 0x20, 0x20, 0x2d, 0x2d, 0x73, 0x69, 0x64, 0x65, 0x62, 0x61, 0x72, 0x3a
  .byte 0x20, 0x6f, 0x6b, 0x6c, 0x63, 0x68, 0x28, 0x30, 0x2e, 0x39, 0x38, 0x35, 0x20, 0x30, 0x20, 0x30
  .byte 0x29, 0x3b, 0x0a, 0x20, 0x20, 0x2d, 0x2d, 0x73, 0x69, 0x64, 0x65, 0x62, 0x61, 0x72, 0x2d, 0x66
  .byte 0x6f, 0x72, 0x65, 0x67, 0x72, 0x6f, 0x75, 0x6e, 0x64, 0x3a, 0x20, 0x6f, 0x6b, 0x6c, 0x63, 0x68
  .byte 0x28, 0x30, 0x2e, 0x31, 0x34, 0x35, 0x20, 0x30, 0x20, 0x30, 0x29, 0x3b, 0x0a, 0x20, 0x20, 0x2d
  .byte 0x2d, 0x73, 0x69, 0x64, 0x65, 0x62, 0x61, 0x72, 0x2d, 0x70, 0x72, 0x69, 0x6d, 0x61, 0x72, 0x79
  .byte 0x3a, 0x20, 0x6f, 0x6b, 0x6c, 0x63, 0x68, 0x28, 0x30, 0x2e, 0x32, 0x30, 0x35, 0x20, 0x30, 0x20
  .byte 0x30, 0x29, 0x3b, 0x0a, 0x20, 0x20, 0x2d, 0x2d, 0x73, 0x69, 0x64, 0x65, 0x62, 0x61, 0x72, 0x2d
  .byte 0x70, 0x72, 0x69, 0x6d, 0x61, 0x72, 0x79, 0x2d, 0x66, 0x6f, 0x72, 0x65, 0x67, 0x72, 0x6f, 0x75
  .byte 0x6e, 0x64, 0x3a, 0x20, 0x6f, 0x6b, 0x6c, 0x63, 0x68, 0x28, 0x30, 0x2e, 0x39, 0x38, 0x35, 0x20
  .byte 0x30, 0x20, 0x30, 0x29, 0x3b, 0x0a, 0x20, 0x20, 0x2d, 0x2d, 0x73, 0x69, 0x64, 0x65, 0x62, 0x61
  .byte 0x72, 0x2d, 0x61, 0x63, 0x63, 0x65, 0x6e, 0x74, 0x3a, 0x20, 0x6f, 0x6b, 0x6c, 0x63, 0x68, 0x28
  .byte 0x30, 0x2e, 0x39, 0x37, 0x20, 0x30, 0x20, 0x30, 0x29, 0x3b, 0x0a, 0x20, 0x20, 0x2d, 0x2d, 0x73
  .byte 0x69, 0x64, 0x65, 0x62, 0x61, 0x72, 0x2d, 0x61, 0x63, 0x63, 0x65, 0x6e, 0x74, 0x2d, 0x66, 0x6f
  .byte 0x72, 0x65, 0x67, 0x72, 0x6f, 0x75, 0x6e, 0x64, 0x3a, 0x20, 0x6f, 0x6b, 0x6c, 0x63, 0x68, 0x28
  .byte 0x30, 0x2e, 0x32, 0x30, 0x35, 0x20, 0x30, 0x20, 0x30, 0x29, 0x3b, 0x0a, 0x20, 0x20, 0x2d, 0x2d
  .byte 0x73, 0x69, 0x64, 0x65, 0x62, 0x61, 0x72, 0x2d, 0x62, 0x6f, 0x72, 0x64, 0x65, 0x72, 0x3a, 0x20
  .byte 0x6f, 0x6b, 0x6c, 0x63, 0x68, 0x28, 0x30, 0x2e, 0x39, 0x32, 0x32, 0x20, 0x30, 0x20, 0x30, 0x29
  .byte 0x3b, 0x0a, 0x20, 0x20, 0x2d, 0x2d, 0x73, 0x69, 0x64, 0x65, 0x62, 0x61, 0x72, 0x2d, 0x72, 0x69
  .byte 0x6e, 0x67, 0x3a, 0x20, 0x6f, 0x6b, 0x6c, 0x63, 0x68, 0x28, 0x30, 0x2e, 0x37, 0x30, 0x38, 0x20
  .byte 0x30, 0x20, 0x30, 0x29, 0x3b, 0x0a, 0x7d, 0x0a, 0x0a, 0x5b, 0x64, 0x61, 0x74, 0x61, 0x2d, 0x74
  .byte 0x68, 0x65, 0x6d, 0x65, 0x3d, 0x22, 0x64, 0x61, 0x72, 0x6b, 0x22, 0x5d, 0x20, 0x7b, 0x0a, 0x20
  .byte 0x20, 0x2d, 0x2d, 0x62, 0x61, 0x63, 0x6b, 0x67, 0x72, 0x6f, 0x75, 0x6e, 0x64, 0x3a, 0x20, 0x6f
  .byte 0x6b, 0x6c, 0x63, 0x68, 0x28, 0x30, 0x2e, 0x31, 0x34, 0x35, 0x20, 0x30, 0x20, 0x30, 0x29, 0x3b
  .byte 0x0a, 0x20, 0x20, 0x2d, 0x2d, 0x66, 0x6f, 0x72, 0x65, 0x67, 0x72, 0x6f, 0x75, 0x6e, 0x64, 0x3a
  .byte 0x20, 0x6f, 0x6b, 0x6c, 0x63, 0x68, 0x28, 0x30, 0x2e, 0x39, 0x38, 0x35, 0x20, 0x30, 0x20, 0x30
  .byte 0x29, 0x3b, 0x0a, 0x20, 0x20, 0x2d, 0x2d, 0x63, 0x61, 0x72, 0x64, 0x3a, 0x20, 0x6f, 0x6b, 0x6c
  .byte 0x63, 0x68, 0x28, 0x30, 0x2e, 0x32, 0x30, 0x35, 0x20, 0x30, 0x20, 0x30, 0x29, 0x3b, 0x0a, 0x20
  .byte 0x20, 0x2d, 0x2d, 0x63, 0x61, 0x72, 0x64, 0x2d, 0x66, 0x6f, 0x72, 0x65, 0x67, 0x72, 0x6f, 0x75
  .byte 0x6e, 0x64, 0x3a, 0x20, 0x6f, 0x6b, 0x6c, 0x63, 0x68, 0x28, 0x30, 0x2e, 0x39, 0x38, 0x35, 0x20
  .byte 0x30, 0x20, 0x30, 0x29, 0x3b, 0x0a, 0x20, 0x20, 0x2d, 0x2d, 0x70, 0x6f, 0x70, 0x6f, 0x76, 0x65
  .byte 0x72, 0x3a, 0x20, 0x6f, 0x6b, 0x6c, 0x63, 0x68, 0x28, 0x30, 0x2e, 0x32, 0x36, 0x39, 0x20, 0x30
  .byte 0x20, 0x30, 0x29, 0x3b, 0x0a, 0x20, 0x20, 0x2d, 0x2d, 0x70, 0x6f, 0x70, 0x6f, 0x76, 0x65, 0x72
  .byte 0x2d, 0x66, 0x6f, 0x72, 0x65, 0x67, 0x72, 0x6f, 0x75, 0x6e, 0x64, 0x3a, 0x20, 0x6f, 0x6b, 0x6c
  .byte 0x63, 0x68, 0x28, 0x30, 0x2e, 0x39, 0x38, 0x35, 0x20, 0x30, 0x20, 0x30, 0x29, 0x3b, 0x0a, 0x20
  .byte 0x20, 0x2d, 0x2d, 0x70, 0x72, 0x69, 0x6d, 0x61, 0x72, 0x79, 0x3a, 0x20, 0x6f, 0x6b, 0x6c, 0x63
  .byte 0x68, 0x28, 0x30, 0x2e, 0x39, 0x32, 0x32, 0x20, 0x30, 0x20, 0x30, 0x29, 0x3b, 0x0a, 0x20, 0x20
  .byte 0x2d, 0x2d, 0x70, 0x72, 0x69, 0x6d, 0x61, 0x72, 0x79, 0x2d, 0x66, 0x6f, 0x72, 0x65, 0x67, 0x72
  .byte 0x6f, 0x75, 0x6e, 0x64, 0x3a, 0x20, 0x6f, 0x6b, 0x6c, 0x63, 0x68, 0x28, 0x30, 0x2e, 0x32, 0x30
  .byte 0x35, 0x20, 0x30, 0x20, 0x30, 0x29, 0x3b, 0x0a, 0x20, 0x20, 0x2d, 0x2d, 0x73, 0x65, 0x63, 0x6f
  .byte 0x6e, 0x64, 0x61, 0x72, 0x79, 0x3a, 0x20, 0x6f, 0x6b, 0x6c, 0x63, 0x68, 0x28, 0x30, 0x2e, 0x32
  .byte 0x36, 0x39, 0x20, 0x30, 0x20, 0x30, 0x29, 0x3b, 0x0a, 0x20, 0x20, 0x2d, 0x2d, 0x73, 0x65, 0x63
  .byte 0x6f, 0x6e, 0x64, 0x61, 0x72, 0x79, 0x2d, 0x66, 0x6f, 0x72, 0x65, 0x67, 0x72, 0x6f, 0x75, 0x6e
  .byte 0x64, 0x3a, 0x20, 0x6f, 0x6b, 0x6c, 0x63, 0x68, 0x28, 0x30, 0x2e, 0x39, 0x38, 0x35, 0x20, 0x30
  .byte 0x20, 0x30, 0x29, 0x3b, 0x0a, 0x20, 0x20, 0x2d, 0x2d, 0x6d, 0x75, 0x74, 0x65, 0x64, 0x3a, 0x20
  .byte 0x6f, 0x6b, 0x6c, 0x63, 0x68, 0x28, 0x30, 0x2e, 0x32, 0x36, 0x39, 0x20, 0x30, 0x20, 0x30, 0x29
  .byte 0x3b, 0x0a, 0x20, 0x20, 0x2d, 0x2d, 0x6d, 0x75, 0x74, 0x65, 0x64, 0x2d, 0x66, 0x6f, 0x72, 0x65
  .byte 0x67, 0x72, 0x6f, 0x75, 0x6e, 0x64, 0x3a, 0x20, 0x6f, 0x6b, 0x6c, 0x63, 0x68, 0x28, 0x30, 0x2e
  .byte 0x37, 0x30, 0x38, 0x20, 0x30, 0x20, 0x30, 0x29, 0x3b, 0x0a, 0x20, 0x20, 0x2d, 0x2d, 0x61, 0x63
  .byte 0x63, 0x65, 0x6e, 0x74, 0x3a, 0x20, 0x6f, 0x6b, 0x6c, 0x63, 0x68, 0x28, 0x30, 0x2e, 0x33, 0x37
  .byte 0x31, 0x20, 0x30, 0x20, 0x30, 0x29, 0x3b, 0x0a, 0x20, 0x20, 0x2d, 0x2d, 0x61, 0x63, 0x63, 0x65
  .byte 0x6e, 0x74, 0x2d, 0x66, 0x6f, 0x72, 0x65, 0x67, 0x72, 0x6f, 0x75, 0x6e, 0x64, 0x3a, 0x20, 0x6f
  .byte 0x6b, 0x6c, 0x63, 0x68, 0x28, 0x30, 0x2e, 0x39, 0x38, 0x35, 0x20, 0x30, 0x20, 0x30, 0x29, 0x3b
  .byte 0x0a, 0x20, 0x20, 0x2d, 0x2d, 0x64, 0x65, 0x73, 0x74, 0x72, 0x75, 0x63, 0x74, 0x69, 0x76, 0x65
  .byte 0x3a, 0x20, 0x6f, 0x6b, 0x6c, 0x63, 0x68, 0x28, 0x30, 0x2e, 0x37, 0x30, 0x34, 0x20, 0x30, 0x2e
  .byte 0x31, 0x39, 0x31, 0x20, 0x32, 0x32, 0x2e, 0x32, 0x31, 0x36, 0x29, 0x3b, 0x0a, 0x20, 0x20, 0x2d
  .byte 0x2d, 0x64, 0x65, 0x73, 0x74, 0x72, 0x75, 0x63, 0x74, 0x69, 0x76, 0x65, 0x2d, 0x66, 0x6f, 0x72
  .byte 0x65, 0x67, 0x72, 0x6f, 0x75, 0x6e, 0x64, 0x3a, 0x20, 0x6f, 0x6b, 0x6c, 0x63, 0x68, 0x28, 0x30
  .byte 0x2e, 0x39, 0x38, 0x35, 0x20, 0x30, 0x20, 0x30, 0x29, 0x3b, 0x0a, 0x20, 0x20, 0x2d, 0x2d, 0x62
  .byte 0x6f, 0x72, 0x64, 0x65, 0x72, 0x3a, 0x20, 0x6f, 0x6b, 0x6c, 0x63, 0x68, 0x28, 0x31, 0x20, 0x30
  .byte 0x20, 0x30, 0x20, 0x2f, 0x20, 0x31, 0x30, 0x25, 0x29, 0x3b, 0x0a, 0x20, 0x20, 0x2d, 0x2d, 0x69
  .byte 0x6e, 0x70, 0x75, 0x74, 0x3a, 0x20, 0x6f, 0x6b, 0x6c, 0x63, 0x68, 0x28, 0x31, 0x20, 0x30, 0x20
  .byte 0x30, 0x20, 0x2f, 0x20, 0x31, 0x35, 0x25, 0x29, 0x3b, 0x0a, 0x20, 0x20, 0x2d, 0x2d, 0x72, 0x69
  .byte 0x6e, 0x67, 0x3a, 0x20, 0x6f, 0x6b, 0x6c, 0x63, 0x68, 0x28, 0x30, 0x2e, 0x35, 0x35, 0x36, 0x20
  .byte 0x30, 0x20, 0x30, 0x29, 0x3b, 0x0a, 0x20, 0x20, 0x2d, 0x2d, 0x63, 0x68, 0x61, 0x72, 0x74, 0x2d
  .byte 0x31, 0x3a, 0x20, 0x6f, 0x6b, 0x6c, 0x63, 0x68, 0x28, 0x30, 0x2e, 0x34, 0x38, 0x38, 0x20, 0x30
  .byte 0x2e, 0x32, 0x34, 0x33, 0x20, 0x32, 0x36, 0x34, 0x2e, 0x33, 0x37, 0x36, 0x29, 0x3b, 0x0a, 0x20
  .byte 0x20, 0x2d, 0x2d, 0x63, 0x68, 0x61, 0x72, 0x74, 0x2d, 0x32, 0x3a, 0x20, 0x6f, 0x6b, 0x6c, 0x63
  .byte 0x68, 0x28, 0x30, 0x2e, 0x36, 0x39, 0x36, 0x20, 0x30, 0x2e, 0x31, 0x37, 0x20, 0x31, 0x36, 0x32
  .byte 0x2e, 0x34, 0x38, 0x29, 0x3b, 0x0a, 0x20, 0x20, 0x2d, 0x2d, 0x63, 0x68, 0x61, 0x72, 0x74, 0x2d
  .byte 0x33, 0x3a, 0x20, 0x6f, 0x6b, 0x6c, 0x63, 0x68, 0x28, 0x30, 0x2e, 0x37, 0x36, 0x39, 0x20, 0x30
  .byte 0x2e, 0x31, 0x38, 0x38, 0x20, 0x37, 0x30, 0x2e, 0x30, 0x38, 0x29, 0x3b, 0x0a, 0x20, 0x20, 0x2d
  .byte 0x2d, 0x63, 0x68, 0x61, 0x72, 0x74, 0x2d, 0x34, 0x3a, 0x20, 0x6f, 0x6b, 0x6c, 0x63, 0x68, 0x28
  .byte 0x30, 0x2e, 0x36, 0x32, 0x37, 0x20, 0x30, 0x2e, 0x32, 0x36, 0x35, 0x20, 0x33, 0x30, 0x33, 0x2e
  .byte 0x39, 0x29, 0x3b, 0x0a, 0x20, 0x20, 0x2d, 0x2d, 0x63, 0x68, 0x61, 0x72, 0x74, 0x2d, 0x35, 0x3a
  .byte 0x20, 0x6f, 0x6b, 0x6c, 0x63, 0x68, 0x28, 0x30, 0x2e, 0x36, 0x34, 0x35, 0x20, 0x30, 0x2e, 0x32
  .byte 0x34, 0x36, 0x20, 0x31, 0x36, 0x2e, 0x34, 0x33, 0x39, 0x29, 0x3b, 0x0a, 0x20, 0x20, 0x2d, 0x2d
  .byte 0x73, 0x69, 0x64, 0x65, 0x62, 0x61, 0x72, 0x3a, 0x20, 0x6f, 0x6b, 0x6c, 0x63, 0x68, 0x28, 0x30
  .byte 0x2e, 0x32, 0x30, 0x35, 0x20, 0x30, 0x20, 0x30, 0x29, 0x3b, 0x0a, 0x20, 0x20, 0x2d, 0x2d, 0x73
  .byte 0x69, 0x64, 0x65, 0x62, 0x61, 0x72, 0x2d, 0x66, 0x6f, 0x72, 0x65, 0x67, 0x72, 0x6f, 0x75, 0x6e
  .byte 0x64, 0x3a, 0x20, 0x6f, 0x6b, 0x6c, 0x63, 0x68, 0x28, 0x30, 0x2e, 0x39, 0x38, 0x35, 0x20, 0x30
  .byte 0x20, 0x30, 0x29, 0x3b, 0x0a, 0x20, 0x20, 0x2d, 0x2d, 0x73, 0x69, 0x64, 0x65, 0x62, 0x61, 0x72
  .byte 0x2d, 0x70, 0x72, 0x69, 0x6d, 0x61, 0x72, 0x79, 0x3a, 0x20, 0x6f, 0x6b, 0x6c, 0x63, 0x68, 0x28
  .byte 0x30, 0x2e, 0x34, 0x38, 0x38, 0x20, 0x30, 0x2e, 0x32, 0x34, 0x33, 0x20, 0x32, 0x36, 0x34, 0x2e
  .byte 0x33, 0x37, 0x36, 0x29, 0x3b, 0x0a, 0x20, 0x20, 0x2d, 0x2d, 0x73, 0x69, 0x64, 0x65, 0x62, 0x61
  .byte 0x72, 0x2d, 0x70, 0x72, 0x69, 0x6d, 0x61, 0x72, 0x79, 0x2d, 0x66, 0x6f, 0x72, 0x65, 0x67, 0x72
  .byte 0x6f, 0x75, 0x6e, 0x64, 0x3a, 0x20, 0x6f, 0x6b, 0x6c, 0x63, 0x68, 0x28, 0x30, 0x2e, 0x39, 0x38
  .byte 0x35, 0x20, 0x30, 0x20, 0x30, 0x29, 0x3b, 0x0a, 0x20, 0x20, 0x2d, 0x2d, 0x73, 0x69, 0x64, 0x65
  .byte 0x62, 0x61, 0x72, 0x2d, 0x61, 0x63, 0x63, 0x65, 0x6e, 0x74, 0x3a, 0x20, 0x6f, 0x6b, 0x6c, 0x63
  .byte 0x68, 0x28, 0x30, 0x2e, 0x32, 0x36, 0x39, 0x20, 0x30, 0x20, 0x30, 0x29, 0x3b, 0x0a, 0x20, 0x20
  .byte 0x2d, 0x2d, 0x73, 0x69, 0x64, 0x65, 0x62, 0x61, 0x72, 0x2d, 0x61, 0x63, 0x63, 0x65, 0x6e, 0x74
  .byte 0x2d, 0x66, 0x6f, 0x72, 0x65, 0x67, 0x72, 0x6f, 0x75, 0x6e, 0x64, 0x3a, 0x20, 0x6f, 0x6b, 0x6c
  .byte 0x63, 0x68, 0x28, 0x30, 0x2e, 0x39, 0x38, 0x35, 0x20, 0x30, 0x20, 0x30, 0x29, 0x3b, 0x0a, 0x20
  .byte 0x20, 0x2d, 0x2d, 0x73, 0x69, 0x64, 0x65, 0x62, 0x61, 0x72, 0x2d, 0x62, 0x6f, 0x72, 0x64, 0x65
  .byte 0x72, 0x3a, 0x20, 0x6f, 0x6b, 0x6c, 0x63, 0x68, 0x28, 0x31, 0x20, 0x30, 0x20, 0x30, 0x20, 0x2f
  .byte 0x20, 0x31, 0x30, 0x25, 0x29, 0x3b, 0x0a, 0x20, 0x20, 0x2d, 0x2d, 0x73, 0x69, 0x64, 0x65, 0x62
  .byte 0x61, 0x72, 0x2d, 0x72, 0x69, 0x6e, 0x67, 0x3a, 0x20, 0x6f, 0x6b, 0x6c, 0x63, 0x68, 0x28, 0x30
  .byte 0x2e, 0x34, 0x33, 0x39, 0x20, 0x30, 0x20, 0x30, 0x29, 0x3b, 0x0a, 0x7d, 0x0a, 0x0a, 0x40, 0x6c
  .byte 0x61, 0x79, 0x65, 0x72, 0x20, 0x62, 0x61, 0x73, 0x65, 0x20, 0x7b, 0x0a, 0x20, 0x20, 0x2a, 0x20
  .byte 0x7b, 0x0a, 0x20, 0x20, 0x20, 0x20, 0x40, 0x61, 0x70, 0x70, 0x6c, 0x79, 0x20, 0x62, 0x6f, 0x72
  .byte 0x64, 0x65, 0x72, 0x2d, 0x62, 0x6f, 0x72, 0x64, 0x65, 0x72, 0x3b, 0x0a, 0x20, 0x20, 0x7d, 0x0a
  .byte 0x20, 0x20, 0x62, 0x6f, 0x64, 0x79, 0x20, 0x7b, 0x0a, 0x20, 0x20, 0x20, 0x20, 0x40, 0x61, 0x70
  .byte 0x70, 0x6c, 0x79, 0x20, 0x62, 0x67, 0x2d, 0x62, 0x61, 0x63, 0x6b, 0x67, 0x72, 0x6f, 0x75, 0x6e
  .byte 0x64, 0x20, 0x74, 0x65, 0x78, 0x74, 0x2d, 0x66, 0x6f, 0x72, 0x65, 0x67, 0x72, 0x6f, 0x75, 0x6e
  .byte 0x64, 0x3b, 0x0a, 0x20, 0x20, 0x7d, 0x0a, 0x7d, 0x0a

  .globl openui_full_port_examples_shadcn_chat_src_app_globals_css_0ed12af45557_len
openui_full_port_examples_shadcn_chat_src_app_globals_css_0ed12af45557_len:
  .quad 4233

# assembly pass: 2/4
  .globl openui_full_port_examples_shadcn_chat_src_app_globals_css_0ed12af45557_pass_2
openui_full_port_examples_shadcn_chat_src_app_globals_css_0ed12af45557_pass_2:
  .byte 0x40, 0x69, 0x6d, 0x70, 0x6f, 0x72, 0x74, 0x20, 0x22, 0x74, 0x61, 0x69, 0x6c, 0x77, 0x69, 0x6e
  .byte 0x64, 0x63, 0x73, 0x73, 0x22, 0x3b, 0x0a, 0x0a, 0x40, 0x63, 0x75, 0x73, 0x74, 0x6f, 0x6d, 0x2d
  .byte 0x76, 0x61, 0x72, 0x69, 0x61, 0x6e, 0x74, 0x20, 0x64, 0x61, 0x72, 0x6b, 0x20, 0x28, 0x26, 0x3a
  .byte 0x69, 0x73, 0x28, 0x5b, 0x64, 0x61, 0x74, 0x61, 0x2d, 0x74, 0x68, 0x65, 0x6d, 0x65, 0x3d, 0x22
  .byte 0x64, 0x61, 0x72, 0x6b, 0x22, 0x5d, 0x20, 0x2a, 0x29, 0x29, 0x3b, 0x0a, 0x0a, 0x40, 0x74, 0x68
  .byte 0x65, 0x6d, 0x65, 0x20, 0x69, 0x6e, 0x6c, 0x69, 0x6e, 0x65, 0x20, 0x7b, 0x0a, 0x20, 0x20, 0x2d
  .byte 0x2d, 0x63, 0x6f, 0x6c, 0x6f, 0x72, 0x2d, 0x62, 0x61, 0x63, 0x6b, 0x67, 0x72, 0x6f, 0x75, 0x6e
  .byte 0x64, 0x3a, 0x20, 0x76, 0x61, 0x72, 0x28, 0x2d, 0x2d, 0x62, 0x61, 0x63, 0x6b, 0x67, 0x72, 0x6f
  .byte 0x75, 0x6e, 0x64, 0x29, 0x3b, 0x0a, 0x20, 0x20, 0x2d, 0x2d, 0x63, 0x6f, 0x6c, 0x6f, 0x72, 0x2d
  .byte 0x66, 0x6f, 0x72, 0x65, 0x67, 0x72, 0x6f, 0x75, 0x6e, 0x64, 0x3a, 0x20, 0x76, 0x61, 0x72, 0x28
  .byte 0x2d, 0x2d, 0x66, 0x6f, 0x72, 0x65, 0x67, 0x72, 0x6f, 0x75, 0x6e, 0x64, 0x29, 0x3b, 0x0a, 0x20
  .byte 0x20, 0x2d, 0x2d, 0x63, 0x6f, 0x6c, 0x6f, 0x72, 0x2d, 0x63, 0x61, 0x72, 0x64, 0x3a, 0x20, 0x76
  .byte 0x61, 0x72, 0x28, 0x2d, 0x2d, 0x63, 0x61, 0x72, 0x64, 0x29, 0x3b, 0x0a, 0x20, 0x20, 0x2d, 0x2d
  .byte 0x63, 0x6f, 0x6c, 0x6f, 0x72, 0x2d, 0x63, 0x61, 0x72, 0x64, 0x2d, 0x66, 0x6f, 0x72, 0x65, 0x67
  .byte 0x72, 0x6f, 0x75, 0x6e, 0x64, 0x3a, 0x20, 0x76, 0x61, 0x72, 0x28, 0x2d, 0x2d, 0x63, 0x61, 0x72
  .byte 0x64, 0x2d, 0x66, 0x6f, 0x72, 0x65, 0x67, 0x72, 0x6f, 0x75, 0x6e, 0x64, 0x29, 0x3b, 0x0a, 0x20
  .byte 0x20, 0x2d, 0x2d, 0x63, 0x6f, 0x6c, 0x6f, 0x72, 0x2d, 0x70, 0x6f, 0x70, 0x6f, 0x76, 0x65, 0x72
  .byte 0x3a, 0x20, 0x76, 0x61, 0x72, 0x28, 0x2d, 0x2d, 0x70, 0x6f, 0x70, 0x6f, 0x76, 0x65, 0x72, 0x29
  .byte 0x3b, 0x0a, 0x20, 0x20, 0x2d, 0x2d, 0x63, 0x6f, 0x6c, 0x6f, 0x72, 0x2d, 0x70, 0x6f, 0x70, 0x6f
  .byte 0x76, 0x65, 0x72, 0x2d, 0x66, 0x6f, 0x72, 0x65, 0x67, 0x72, 0x6f, 0x75, 0x6e, 0x64, 0x3a, 0x20
  .byte 0x76, 0x61, 0x72, 0x28, 0x2d, 0x2d, 0x70, 0x6f, 0x70, 0x6f, 0x76, 0x65, 0x72, 0x2d, 0x66, 0x6f
  .byte 0x72, 0x65, 0x67, 0x72, 0x6f, 0x75, 0x6e, 0x64, 0x29, 0x3b, 0x0a, 0x20, 0x20, 0x2d, 0x2d, 0x63
  .byte 0x6f, 0x6c, 0x6f, 0x72, 0x2d, 0x70, 0x72, 0x69, 0x6d, 0x61, 0x72, 0x79, 0x3a, 0x20, 0x76, 0x61
  .byte 0x72, 0x28, 0x2d, 0x2d, 0x70, 0x72, 0x69, 0x6d, 0x61, 0x72, 0x79, 0x29, 0x3b, 0x0a, 0x20, 0x20
  .byte 0x2d, 0x2d, 0x63, 0x6f, 0x6c, 0x6f, 0x72, 0x2d, 0x70, 0x72, 0x69, 0x6d, 0x61, 0x72, 0x79, 0x2d
  .byte 0x66, 0x6f, 0x72, 0x65, 0x67, 0x72, 0x6f, 0x75, 0x6e, 0x64, 0x3a, 0x20, 0x76, 0x61, 0x72, 0x28
  .byte 0x2d, 0x2d, 0x70, 0x72, 0x69, 0x6d, 0x61, 0x72, 0x79, 0x2d, 0x66, 0x6f, 0x72, 0x65, 0x67, 0x72
  .byte 0x6f, 0x75, 0x6e, 0x64, 0x29, 0x3b, 0x0a, 0x20, 0x20, 0x2d, 0x2d, 0x63, 0x6f, 0x6c, 0x6f, 0x72
  .byte 0x2d, 0x73, 0x65, 0x63, 0x6f, 0x6e, 0x64, 0x61, 0x72, 0x79, 0x3a, 0x20, 0x76, 0x61, 0x72, 0x28
  .byte 0x2d, 0x2d, 0x73, 0x65, 0x63, 0x6f, 0x6e, 0x64, 0x61, 0x72, 0x79, 0x29, 0x3b, 0x0a, 0x20, 0x20
  .byte 0x2d, 0x2d, 0x63, 0x6f, 0x6c, 0x6f, 0x72, 0x2d, 0x73, 0x65, 0x63, 0x6f, 0x6e, 0x64, 0x61, 0x72
  .byte 0x79, 0x2d, 0x66, 0x6f, 0x72, 0x65, 0x67, 0x72, 0x6f, 0x75, 0x6e, 0x64, 0x3a, 0x20, 0x76, 0x61
  .byte 0x72, 0x28, 0x2d, 0x2d, 0x73, 0x65, 0x63, 0x6f, 0x6e, 0x64, 0x61, 0x72, 0x79, 0x2d, 0x66, 0x6f
  .byte 0x72, 0x65, 0x67, 0x72, 0x6f, 0x75, 0x6e, 0x64, 0x29, 0x3b, 0x0a, 0x20, 0x20, 0x2d, 0x2d, 0x63
  .byte 0x6f, 0x6c, 0x6f, 0x72, 0x2d, 0x6d, 0x75, 0x74, 0x65, 0x64, 0x3a, 0x20, 0x76, 0x61, 0x72, 0x28
  .byte 0x2d, 0x2d, 0x6d, 0x75, 0x74, 0x65, 0x64, 0x29, 0x3b, 0x0a, 0x20, 0x20, 0x2d, 0x2d, 0x63, 0x6f
  .byte 0x6c, 0x6f, 0x72, 0x2d, 0x6d, 0x75, 0x74, 0x65, 0x64, 0x2d, 0x66, 0x6f, 0x72, 0x65, 0x67, 0x72
  .byte 0x6f, 0x75, 0x6e, 0x64, 0x3a, 0x20, 0x76, 0x61, 0x72, 0x28, 0x2d, 0x2d, 0x6d, 0x75, 0x74, 0x65
  .byte 0x64, 0x2d, 0x66, 0x6f, 0x72, 0x65, 0x67, 0x72, 0x6f, 0x75, 0x6e, 0x64, 0x29, 0x3b, 0x0a, 0x20
  .byte 0x20, 0x2d, 0x2d, 0x63, 0x6f, 0x6c, 0x6f, 0x72, 0x2d, 0x61, 0x63, 0x63, 0x65, 0x6e, 0x74, 0x3a
  .byte 0x20, 0x76, 0x61, 0x72, 0x28, 0x2d, 0x2d, 0x61, 0x63, 0x63, 0x65, 0x6e, 0x74, 0x29, 0x3b, 0x0a
  .byte 0x20, 0x20, 0x2d, 0x2d, 0x63, 0x6f, 0x6c, 0x6f, 0x72, 0x2d, 0x61, 0x63, 0x63, 0x65, 0x6e, 0x74
  .byte 0x2d, 0x66, 0x6f, 0x72, 0x65, 0x67, 0x72, 0x6f, 0x75, 0x6e, 0x64, 0x3a, 0x20, 0x76, 0x61, 0x72
  .byte 0x28, 0x2d, 0x2d, 0x61, 0x63, 0x63, 0x65, 0x6e, 0x74, 0x2d, 0x66, 0x6f, 0x72, 0x65, 0x67, 0x72
  .byte 0x6f, 0x75, 0x6e, 0x64, 0x29, 0x3b, 0x0a, 0x20, 0x20, 0x2d, 0x2d, 0x63, 0x6f, 0x6c, 0x6f, 0x72
  .byte 0x2d, 0x64, 0x65, 0x73, 0x74, 0x72, 0x75, 0x63, 0x74, 0x69, 0x76, 0x65, 0x3a, 0x20, 0x76, 0x61
  .byte 0x72, 0x28, 0x2d, 0x2d, 0x64, 0x65, 0x73, 0x74, 0x72, 0x75, 0x63, 0x74, 0x69, 0x76, 0x65, 0x29
  .byte 0x3b, 0x0a, 0x20, 0x20, 0x2d, 0x2d, 0x63, 0x6f, 0x6c, 0x6f, 0x72, 0x2d, 0x64, 0x65, 0x73, 0x74
  .byte 0x72, 0x75, 0x63, 0x74, 0x69, 0x76, 0x65, 0x2d, 0x66, 0x6f, 0x72, 0x65, 0x67, 0x72, 0x6f, 0x75
  .byte 0x6e, 0x64, 0x3a, 0x20, 0x76, 0x61, 0x72, 0x28, 0x2d, 0x2d, 0x64, 0x65, 0x73, 0x74, 0x72, 0x75
  .byte 0x63, 0x74, 0x69, 0x76, 0x65, 0x2d, 0x66, 0x6f, 0x72, 0x65, 0x67, 0x72, 0x6f, 0x75, 0x6e, 0x64
  .byte 0x29, 0x3b, 0x0a, 0x20, 0x20, 0x2d, 0x2d, 0x63, 0x6f, 0x6c, 0x6f, 0x72, 0x2d, 0x62, 0x6f, 0x72
  .byte 0x64, 0x65, 0x72, 0x3a, 0x20, 0x76, 0x61, 0x72, 0x28, 0x2d, 0x2d, 0x62, 0x6f, 0x72, 0x64, 0x65
  .byte 0x72, 0x29, 0x3b, 0x0a, 0x20, 0x20, 0x2d, 0x2d, 0x63, 0x6f, 0x6c, 0x6f, 0x72, 0x2d, 0x69, 0x6e
  .byte 0x70, 0x75, 0x74, 0x3a, 0x20, 0x76, 0x61, 0x72, 0x28, 0x2d, 0x2d, 0x69, 0x6e, 0x70, 0x75, 0x74
  .byte 0x29, 0x3b, 0x0a, 0x20, 0x20, 0x2d, 0x2d, 0x63, 0x6f, 0x6c, 0x6f, 0x72, 0x2d, 0x72, 0x69, 0x6e
  .byte 0x67, 0x3a, 0x20, 0x76, 0x61, 0x72, 0x28, 0x2d, 0x2d, 0x72, 0x69, 0x6e, 0x67, 0x29, 0x3b, 0x0a
  .byte 0x20, 0x20, 0x2d, 0x2d, 0x63, 0x6f, 0x6c, 0x6f, 0x72, 0x2d, 0x63, 0x68, 0x61, 0x72, 0x74, 0x2d
  .byte 0x31, 0x3a, 0x20, 0x76, 0x61, 0x72, 0x28, 0x2d, 0x2d, 0x63, 0x68, 0x61, 0x72, 0x74, 0x2d, 0x31
  .byte 0x29, 0x3b, 0x0a, 0x20, 0x20, 0x2d, 0x2d, 0x63, 0x6f, 0x6c, 0x6f, 0x72, 0x2d, 0x63, 0x68, 0x61
  .byte 0x72, 0x74, 0x2d, 0x32, 0x3a, 0x20, 0x76, 0x61, 0x72, 0x28, 0x2d, 0x2d, 0x63, 0x68, 0x61, 0x72
  .byte 0x74, 0x2d, 0x32, 0x29, 0x3b, 0x0a, 0x20, 0x20, 0x2d, 0x2d, 0x63, 0x6f, 0x6c, 0x6f, 0x72, 0x2d
  .byte 0x63, 0x68, 0x61, 0x72, 0x74, 0x2d, 0x33, 0x3a, 0x20, 0x76, 0x61, 0x72, 0x28, 0x2d, 0x2d, 0x63
  .byte 0x68, 0x61, 0x72, 0x74, 0x2d, 0x33, 0x29, 0x3b, 0x0a, 0x20, 0x20, 0x2d, 0x2d, 0x63, 0x6f, 0x6c
  .byte 0x6f, 0x72, 0x2d, 0x63, 0x68, 0x61, 0x72, 0x74, 0x2d, 0x34, 0x3a, 0x20, 0x76, 0x61, 0x72, 0x28
  .byte 0x2d, 0x2d, 0x63, 0x68, 0x61, 0x72, 0x74, 0x2d, 0x34, 0x29, 0x3b, 0x0a, 0x20, 0x20, 0x2d, 0x2d
  .byte 0x63, 0x6f, 0x6c, 0x6f, 0x72, 0x2d, 0x63, 0x68, 0x61, 0x72, 0x74, 0x2d, 0x35, 0x3a, 0x20, 0x76
  .byte 0x61, 0x72, 0x28, 0x2d, 0x2d, 0x63, 0x68, 0x61, 0x72, 0x74, 0x2d, 0x35, 0x29, 0x3b, 0x0a, 0x20
  .byte 0x20, 0x2d, 0x2d, 0x63, 0x6f, 0x6c, 0x6f, 0x72, 0x2d, 0x73, 0x69, 0x64, 0x65, 0x62, 0x61, 0x72
  .byte 0x3a, 0x20, 0x76, 0x61, 0x72, 0x28, 0x2d, 0x2d, 0x73, 0x69, 0x64, 0x65, 0x62, 0x61, 0x72, 0x29
  .byte 0x3b, 0x0a, 0x20, 0x20, 0x2d, 0x2d, 0x63, 0x6f, 0x6c, 0x6f, 0x72, 0x2d, 0x73, 0x69, 0x64, 0x65
  .byte 0x62, 0x61, 0x72, 0x2d, 0x66, 0x6f, 0x72, 0x65, 0x67, 0x72, 0x6f, 0x75, 0x6e, 0x64, 0x3a, 0x20
  .byte 0x76, 0x61, 0x72, 0x28, 0x2d, 0x2d, 0x73, 0x69, 0x64, 0x65, 0x62, 0x61, 0x72, 0x2d, 0x66, 0x6f
  .byte 0x72, 0x65, 0x67, 0x72, 0x6f, 0x75, 0x6e, 0x64, 0x29, 0x3b, 0x0a, 0x20, 0x20, 0x2d, 0x2d, 0x63
  .byte 0x6f, 0x6c, 0x6f, 0x72, 0x2d, 0x73, 0x69, 0x64, 0x65, 0x62, 0x61, 0x72, 0x2d, 0x70, 0x72, 0x69
  .byte 0x6d, 0x61, 0x72, 0x79, 0x3a, 0x20, 0x76, 0x61, 0x72, 0x28, 0x2d, 0x2d, 0x73, 0x69, 0x64, 0x65
  .byte 0x62, 0x61, 0x72, 0x2d, 0x70, 0x72, 0x69, 0x6d, 0x61, 0x72, 0x79, 0x29, 0x3b, 0x0a, 0x20, 0x20
  .byte 0x2d, 0x2d, 0x63, 0x6f, 0x6c, 0x6f, 0x72, 0x2d, 0x73, 0x69, 0x64, 0x65, 0x62, 0x61, 0x72, 0x2d
  .byte 0x70, 0x72, 0x69, 0x6d, 0x61, 0x72, 0x79, 0x2d, 0x66, 0x6f, 0x72, 0x65, 0x67, 0x72, 0x6f, 0x75
  .byte 0x6e, 0x64, 0x3a, 0x20, 0x76, 0x61, 0x72, 0x28, 0x2d, 0x2d, 0x73, 0x69, 0x64, 0x65, 0x62, 0x61
  .byte 0x72, 0x2d, 0x70, 0x72, 0x69, 0x6d, 0x61, 0x72, 0x79, 0x2d, 0x66, 0x6f, 0x72, 0x65, 0x67, 0x72
  .byte 0x6f, 0x75, 0x6e, 0x64, 0x29, 0x3b, 0x0a, 0x20, 0x20, 0x2d, 0x2d, 0x63, 0x6f, 0x6c, 0x6f, 0x72
  .byte 0x2d, 0x73, 0x69, 0x64, 0x65, 0x62, 0x61, 0x72, 0x2d, 0x61, 0x63, 0x63, 0x65, 0x6e, 0x74, 0x3a
  .byte 0x20, 0x76, 0x61, 0x72, 0x28, 0x2d, 0x2d, 0x73, 0x69, 0x64, 0x65, 0x62, 0x61, 0x72, 0x2d, 0x61
  .byte 0x63, 0x63, 0x65, 0x6e, 0x74, 0x29, 0x3b, 0x0a, 0x20, 0x20, 0x2d, 0x2d, 0x63, 0x6f, 0x6c, 0x6f
  .byte 0x72, 0x2d, 0x73, 0x69, 0x64, 0x65, 0x62, 0x61, 0x72, 0x2d, 0x61, 0x63, 0x63, 0x65, 0x6e, 0x74
  .byte 0x2d, 0x66, 0x6f, 0x72, 0x65, 0x67, 0x72, 0x6f, 0x75, 0x6e, 0x64, 0x3a, 0x20, 0x76, 0x61, 0x72
  .byte 0x28, 0x2d, 0x2d, 0x73, 0x69, 0x64, 0x65, 0x62, 0x61, 0x72, 0x2d, 0x61, 0x63, 0x63, 0x65, 0x6e
  .byte 0x74, 0x2d, 0x66, 0x6f, 0x72, 0x65, 0x67, 0x72, 0x6f, 0x75, 0x6e, 0x64, 0x29, 0x3b, 0x0a, 0x20
  .byte 0x20, 0x2d, 0x2d, 0x63, 0x6f, 0x6c, 0x6f, 0x72, 0x2d, 0x73, 0x69, 0x64, 0x65, 0x62, 0x61, 0x72
  .byte 0x2d, 0x62, 0x6f, 0x72, 0x64, 0x65, 0x72, 0x3a, 0x20, 0x76, 0x61, 0x72, 0x28, 0x2d, 0x2d, 0x73
  .byte 0x69, 0x64, 0x65, 0x62, 0x61, 0x72, 0x2d, 0x62, 0x6f, 0x72, 0x64, 0x65, 0x72, 0x29, 0x3b, 0x0a
  .byte 0x20, 0x20, 0x2d, 0x2d, 0x63, 0x6f, 0x6c, 0x6f, 0x72, 0x2d, 0x73, 0x69, 0x64, 0x65, 0x62, 0x61
  .byte 0x72, 0x2d, 0x72, 0x69, 0x6e, 0x67, 0x3a, 0x20, 0x76, 0x61, 0x72, 0x28, 0x2d, 0x2d, 0x73, 0x69
  .byte 0x64, 0x65, 0x62, 0x61, 0x72, 0x2d, 0x72, 0x69, 0x6e, 0x67, 0x29, 0x3b, 0x0a, 0x20, 0x20, 0x2d
  .byte 0x2d, 0x72, 0x61, 0x64, 0x69, 0x75, 0x73, 0x2d, 0x73, 0x6d, 0x3a, 0x20, 0x63, 0x61, 0x6c, 0x63
  .byte 0x28, 0x76, 0x61, 0x72, 0x28, 0x2d, 0x2d, 0x72, 0x61, 0x64, 0x69, 0x75, 0x73, 0x29, 0x20, 0x2d
  .byte 0x20, 0x34, 0x70, 0x78, 0x29, 0x3b, 0x0a, 0x20, 0x20, 0x2d, 0x2d, 0x72, 0x61, 0x64, 0x69, 0x75
  .byte 0x73, 0x2d, 0x6d, 0x64, 0x3a, 0x20, 0x63, 0x61, 0x6c, 0x63, 0x28, 0x76, 0x61, 0x72, 0x28, 0x2d
  .byte 0x2d, 0x72, 0x61, 0x64, 0x69, 0x75, 0x73, 0x29, 0x20, 0x2d, 0x20, 0x32, 0x70, 0x78, 0x29, 0x3b
  .byte 0x0a, 0x20, 0x20, 0x2d, 0x2d, 0x72, 0x61, 0x64, 0x69, 0x75, 0x73, 0x2d, 0x6c, 0x67, 0x3a, 0x20
  .byte 0x76, 0x61, 0x72, 0x28, 0x2d, 0x2d, 0x72, 0x61, 0x64, 0x69, 0x75, 0x73, 0x29, 0x3b, 0x0a, 0x20
  .byte 0x20, 0x2d, 0x2d, 0x72, 0x61, 0x64, 0x69, 0x75, 0x73, 0x2d, 0x78, 0x6c, 0x3a, 0x20, 0x63, 0x61
  .byte 0x6c, 0x63, 0x28, 0x76, 0x61, 0x72, 0x28, 0x2d, 0x2d, 0x72, 0x61, 0x64, 0x69, 0x75, 0x73, 0x29
  .byte 0x20, 0x2b, 0x20, 0x34, 0x70, 0x78, 0x29, 0x3b, 0x0a, 0x7d, 0x0a, 0x0a, 0x3a, 0x72, 0x6f, 0x6f
  .byte 0x74, 0x20, 0x7b, 0x0a, 0x20, 0x20, 0x2d, 0x2d, 0x72, 0x61, 0x64, 0x69, 0x75, 0x73, 0x3a, 0x20
  .byte 0x30, 0x2e, 0x36, 0x32, 0x35, 0x72, 0x65, 0x6d, 0x3b, 0x0a, 0x20, 0x20, 0x2d, 0x2d, 0x62, 0x61
  .byte 0x63, 0x6b, 0x67, 0x72, 0x6f, 0x75, 0x6e, 0x64, 0x3a, 0x20, 0x6f, 0x6b, 0x6c, 0x63, 0x68, 0x28
  .byte 0x31, 0x20, 0x30, 0x20, 0x30, 0x29, 0x3b, 0x0a, 0x20, 0x20, 0x2d, 0x2d, 0x66, 0x6f, 0x72, 0x65
  .byte 0x67, 0x72, 0x6f, 0x75, 0x6e, 0x64, 0x3a, 0x20, 0x6f, 0x6b, 0x6c, 0x63, 0x68, 0x28, 0x30, 0x2e
  .byte 0x31, 0x34, 0x35, 0x20, 0x30, 0x20, 0x30, 0x29, 0x3b, 0x0a, 0x20, 0x20, 0x2d, 0x2d, 0x63, 0x61
  .byte 0x72, 0x64, 0x3a, 0x20, 0x6f, 0x6b, 0x6c, 0x63, 0x68, 0x28, 0x31, 0x20, 0x30, 0x20, 0x30, 0x29
  .byte 0x3b, 0x0a, 0x20, 0x20, 0x2d, 0x2d, 0x63, 0x61, 0x72, 0x64, 0x2d, 0x66, 0x6f, 0x72, 0x65, 0x67
  .byte 0x72, 0x6f, 0x75, 0x6e, 0x64, 0x3a, 0x20, 0x6f, 0x6b, 0x6c, 0x63, 0x68, 0x28, 0x30, 0x2e, 0x31
  .byte 0x34, 0x35, 0x20, 0x30, 0x20, 0x30, 0x29, 0x3b, 0x0a, 0x20, 0x20, 0x2d, 0x2d, 0x70, 0x6f, 0x70
  .byte 0x6f, 0x76, 0x65, 0x72, 0x3a, 0x20, 0x6f, 0x6b, 0x6c, 0x63, 0x68, 0x28, 0x31, 0x20, 0x30, 0x20
  .byte 0x30, 0x29, 0x3b, 0x0a, 0x20, 0x20, 0x2d, 0x2d, 0x70, 0x6f, 0x70, 0x6f, 0x76, 0x65, 0x72, 0x2d
  .byte 0x66, 0x6f, 0x72, 0x65, 0x67, 0x72, 0x6f, 0x75, 0x6e, 0x64, 0x3a, 0x20, 0x6f, 0x6b, 0x6c, 0x63
  .byte 0x68, 0x28, 0x30, 0x2e, 0x31, 0x34, 0x35, 0x20, 0x30, 0x20, 0x30, 0x29, 0x3b, 0x0a, 0x20, 0x20
  .byte 0x2d, 0x2d, 0x70, 0x72, 0x69, 0x6d, 0x61, 0x72, 0x79, 0x3a, 0x20, 0x6f, 0x6b, 0x6c, 0x63, 0x68
  .byte 0x28, 0x30, 0x2e, 0x32, 0x30, 0x35, 0x20, 0x30, 0x20, 0x30, 0x29, 0x3b, 0x0a, 0x20, 0x20, 0x2d
  .byte 0x2d, 0x70, 0x72, 0x69, 0x6d, 0x61, 0x72, 0x79, 0x2d, 0x66, 0x6f, 0x72, 0x65, 0x67, 0x72, 0x6f
  .byte 0x75, 0x6e, 0x64, 0x3a, 0x20, 0x6f, 0x6b, 0x6c, 0x63, 0x68, 0x28, 0x30, 0x2e, 0x39, 0x38, 0x35
  .byte 0x20, 0x30, 0x20, 0x30, 0x29, 0x3b, 0x0a, 0x20, 0x20, 0x2d, 0x2d, 0x73, 0x65, 0x63, 0x6f, 0x6e
  .byte 0x64, 0x61, 0x72, 0x79, 0x3a, 0x20, 0x6f, 0x6b, 0x6c, 0x63, 0x68, 0x28, 0x30, 0x2e, 0x39, 0x37
  .byte 0x20, 0x30, 0x20, 0x30, 0x29, 0x3b, 0x0a, 0x20, 0x20, 0x2d, 0x2d, 0x73, 0x65, 0x63, 0x6f, 0x6e
  .byte 0x64, 0x61, 0x72, 0x79, 0x2d, 0x66, 0x6f, 0x72, 0x65, 0x67, 0x72, 0x6f, 0x75, 0x6e, 0x64, 0x3a
  .byte 0x20, 0x6f, 0x6b, 0x6c, 0x63, 0x68, 0x28, 0x30, 0x2e, 0x32, 0x30, 0x35, 0x20, 0x30, 0x20, 0x30
  .byte 0x29, 0x3b, 0x0a, 0x20, 0x20, 0x2d, 0x2d, 0x6d, 0x75, 0x74, 0x65, 0x64, 0x3a, 0x20, 0x6f, 0x6b
  .byte 0x6c, 0x63, 0x68, 0x28, 0x30, 0x2e, 0x39, 0x37, 0x20, 0x30, 0x20, 0x30, 0x29, 0x3b, 0x0a, 0x20
  .byte 0x20, 0x2d, 0x2d, 0x6d, 0x75, 0x74, 0x65, 0x64, 0x2d, 0x66, 0x6f, 0x72, 0x65, 0x67, 0x72, 0x6f
  .byte 0x75, 0x6e, 0x64, 0x3a, 0x20, 0x6f, 0x6b, 0x6c, 0x63, 0x68, 0x28, 0x30, 0x2e, 0x35, 0x35, 0x36
  .byte 0x20, 0x30, 0x20, 0x30, 0x29, 0x3b, 0x0a, 0x20, 0x20, 0x2d, 0x2d, 0x61, 0x63, 0x63, 0x65, 0x6e
  .byte 0x74, 0x3a, 0x20, 0x6f, 0x6b, 0x6c, 0x63, 0x68, 0x28, 0x30, 0x2e, 0x39, 0x37, 0x20, 0x30, 0x20
  .byte 0x30, 0x29, 0x3b, 0x0a, 0x20, 0x20, 0x2d, 0x2d, 0x61, 0x63, 0x63, 0x65, 0x6e, 0x74, 0x2d, 0x66
  .byte 0x6f, 0x72, 0x65, 0x67, 0x72, 0x6f, 0x75, 0x6e, 0x64, 0x3a, 0x20, 0x6f, 0x6b, 0x6c, 0x63, 0x68
  .byte 0x28, 0x30, 0x2e, 0x32, 0x30, 0x35, 0x20, 0x30, 0x20, 0x30, 0x29, 0x3b, 0x0a, 0x20, 0x20, 0x2d
  .byte 0x2d, 0x64, 0x65, 0x73, 0x74, 0x72, 0x75, 0x63, 0x74, 0x69, 0x76, 0x65, 0x3a, 0x20, 0x6f, 0x6b
  .byte 0x6c, 0x63, 0x68, 0x28, 0x30, 0x2e, 0x35, 0x37, 0x37, 0x20, 0x30, 0x2e, 0x32, 0x34, 0x35, 0x20
  .byte 0x32, 0x37, 0x2e, 0x33, 0x32, 0x35, 0x29, 0x3b, 0x0a, 0x20, 0x20, 0x2d, 0x2d, 0x64, 0x65, 0x73
  .byte 0x74, 0x72, 0x75, 0x63, 0x74, 0x69, 0x76, 0x65, 0x2d, 0x66, 0x6f, 0x72, 0x65, 0x67, 0x72, 0x6f
  .byte 0x75, 0x6e, 0x64, 0x3a, 0x20, 0x6f, 0x6b, 0x6c, 0x63, 0x68, 0x28, 0x30, 0x2e, 0x39, 0x38, 0x35
  .byte 0x20, 0x30, 0x20, 0x30, 0x29, 0x3b, 0x0a, 0x20, 0x20, 0x2d, 0x2d, 0x62, 0x6f, 0x72, 0x64, 0x65
  .byte 0x72, 0x3a, 0x20, 0x6f, 0x6b, 0x6c, 0x63, 0x68, 0x28, 0x30, 0x2e, 0x39, 0x32, 0x32, 0x20, 0x30
  .byte 0x20, 0x30, 0x29, 0x3b, 0x0a, 0x20, 0x20, 0x2d, 0x2d, 0x69, 0x6e, 0x70, 0x75, 0x74, 0x3a, 0x20
  .byte 0x6f, 0x6b, 0x6c, 0x63, 0x68, 0x28, 0x30, 0x2e, 0x39, 0x32, 0x32, 0x20, 0x30, 0x20, 0x30, 0x29
  .byte 0x3b, 0x0a, 0x20, 0x20, 0x2d, 0x2d, 0x72, 0x69, 0x6e, 0x67, 0x3a, 0x20, 0x6f, 0x6b, 0x6c, 0x63
  .byte 0x68, 0x28, 0x30, 0x2e, 0x37, 0x30, 0x38, 0x20, 0x30, 0x20, 0x30, 0x29, 0x3b, 0x0a, 0x20, 0x20
  .byte 0x2d, 0x2d, 0x63, 0x68, 0x61, 0x72, 0x74, 0x2d, 0x31, 0x3a, 0x20, 0x6f, 0x6b, 0x6c, 0x63, 0x68
  .byte 0x28, 0x30, 0x2e, 0x36, 0x34, 0x36, 0x20, 0x30, 0x2e, 0x32, 0x32, 0x32, 0x20, 0x34, 0x31, 0x2e
  .byte 0x31, 0x31, 0x36, 0x29, 0x3b, 0x0a, 0x20, 0x20, 0x2d, 0x2d, 0x63, 0x68, 0x61, 0x72, 0x74, 0x2d
  .byte 0x32, 0x3a, 0x20, 0x6f, 0x6b, 0x6c, 0x63, 0x68, 0x28, 0x30, 0x2e, 0x36, 0x20, 0x30, 0x2e, 0x31
  .byte 0x31, 0x38, 0x20, 0x31, 0x38, 0x34, 0x2e, 0x37, 0x31, 0x34, 0x29, 0x3b, 0x0a, 0x20, 0x20, 0x2d
  .byte 0x2d, 0x63, 0x68, 0x61, 0x72, 0x74, 0x2d, 0x33, 0x3a, 0x20, 0x6f, 0x6b, 0x6c, 0x63, 0x68, 0x28
  .byte 0x30, 0x2e, 0x33, 0x39, 0x38, 0x20, 0x30, 0x2e, 0x30, 0x37, 0x20, 0x32, 0x32, 0x37, 0x2e, 0x33
  .byte 0x39, 0x32, 0x29, 0x3b, 0x0a, 0x20, 0x20, 0x2d, 0x2d, 0x63, 0x68, 0x61, 0x72, 0x74, 0x2d, 0x34
  .byte 0x3a, 0x20, 0x6f, 0x6b, 0x6c, 0x63, 0x68, 0x28, 0x30, 0x2e, 0x38, 0x32, 0x38, 0x20, 0x30, 0x2e
  .byte 0x31, 0x38, 0x39, 0x20, 0x38, 0x34, 0x2e, 0x34, 0x32, 0x39, 0x29, 0x3b, 0x0a, 0x20, 0x20, 0x2d
  .byte 0x2d, 0x63, 0x68, 0x61, 0x72, 0x74, 0x2d, 0x35, 0x3a, 0x20, 0x6f, 0x6b, 0x6c, 0x63, 0x68, 0x28
  .byte 0x30, 0x2e, 0x37, 0x36, 0x39, 0x20, 0x30, 0x2e, 0x31, 0x38, 0x38, 0x20, 0x37, 0x30, 0x2e, 0x30
  .byte 0x38, 0x29, 0x3b, 0x0a, 0x20, 0x20, 0x2d, 0x2d, 0x73, 0x69, 0x64, 0x65, 0x62, 0x61, 0x72, 0x3a
  .byte 0x20, 0x6f, 0x6b, 0x6c, 0x63, 0x68, 0x28, 0x30, 0x2e, 0x39, 0x38, 0x35, 0x20, 0x30, 0x20, 0x30
  .byte 0x29, 0x3b, 0x0a, 0x20, 0x20, 0x2d, 0x2d, 0x73, 0x69, 0x64, 0x65, 0x62, 0x61, 0x72, 0x2d, 0x66
  .byte 0x6f, 0x72, 0x65, 0x67, 0x72, 0x6f, 0x75, 0x6e, 0x64, 0x3a, 0x20, 0x6f, 0x6b, 0x6c, 0x63, 0x68
  .byte 0x28, 0x30, 0x2e, 0x31, 0x34, 0x35, 0x20, 0x30, 0x20, 0x30, 0x29, 0x3b, 0x0a, 0x20, 0x20, 0x2d
  .byte 0x2d, 0x73, 0x69, 0x64, 0x65, 0x62, 0x61, 0x72, 0x2d, 0x70, 0x72, 0x69, 0x6d, 0x61, 0x72, 0x79
  .byte 0x3a, 0x20, 0x6f, 0x6b, 0x6c, 0x63, 0x68, 0x28, 0x30, 0x2e, 0x32, 0x30, 0x35, 0x20, 0x30, 0x20
  .byte 0x30, 0x29, 0x3b, 0x0a, 0x20, 0x20, 0x2d, 0x2d, 0x73, 0x69, 0x64, 0x65, 0x62, 0x61, 0x72, 0x2d
  .byte 0x70, 0x72, 0x69, 0x6d, 0x61, 0x72, 0x79, 0x2d, 0x66, 0x6f, 0x72, 0x65, 0x67, 0x72, 0x6f, 0x75
  .byte 0x6e, 0x64, 0x3a, 0x20, 0x6f, 0x6b, 0x6c, 0x63, 0x68, 0x28, 0x30, 0x2e, 0x39, 0x38, 0x35, 0x20
  .byte 0x30, 0x20, 0x30, 0x29, 0x3b, 0x0a, 0x20, 0x20, 0x2d, 0x2d, 0x73, 0x69, 0x64, 0x65, 0x62, 0x61
  .byte 0x72, 0x2d, 0x61, 0x63, 0x63, 0x65, 0x6e, 0x74, 0x3a, 0x20, 0x6f, 0x6b, 0x6c, 0x63, 0x68, 0x28
  .byte 0x30, 0x2e, 0x39, 0x37, 0x20, 0x30, 0x20, 0x30, 0x29, 0x3b, 0x0a, 0x20, 0x20, 0x2d, 0x2d, 0x73
  .byte 0x69, 0x64, 0x65, 0x62, 0x61, 0x72, 0x2d, 0x61, 0x63, 0x63, 0x65, 0x6e, 0x74, 0x2d, 0x66, 0x6f
  .byte 0x72, 0x65, 0x67, 0x72, 0x6f, 0x75, 0x6e, 0x64, 0x3a, 0x20, 0x6f, 0x6b, 0x6c, 0x63, 0x68, 0x28
  .byte 0x30, 0x2e, 0x32, 0x30, 0x35, 0x20, 0x30, 0x20, 0x30, 0x29, 0x3b, 0x0a, 0x20, 0x20, 0x2d, 0x2d
  .byte 0x73, 0x69, 0x64, 0x65, 0x62, 0x61, 0x72, 0x2d, 0x62, 0x6f, 0x72, 0x64, 0x65, 0x72, 0x3a, 0x20
  .byte 0x6f, 0x6b, 0x6c, 0x63, 0x68, 0x28, 0x30, 0x2e, 0x39, 0x32, 0x32, 0x20, 0x30, 0x20, 0x30, 0x29
  .byte 0x3b, 0x0a, 0x20, 0x20, 0x2d, 0x2d, 0x73, 0x69, 0x64, 0x65, 0x62, 0x61, 0x72, 0x2d, 0x72, 0x69
  .byte 0x6e, 0x67, 0x3a, 0x20, 0x6f, 0x6b, 0x6c, 0x63, 0x68, 0x28, 0x30, 0x2e, 0x37, 0x30, 0x38, 0x20
  .byte 0x30, 0x20, 0x30, 0x29, 0x3b, 0x0a, 0x7d, 0x0a, 0x0a, 0x5b, 0x64, 0x61, 0x74, 0x61, 0x2d, 0x74
  .byte 0x68, 0x65, 0x6d, 0x65, 0x3d, 0x22, 0x64, 0x61, 0x72, 0x6b, 0x22, 0x5d, 0x20, 0x7b, 0x0a, 0x20
  .byte 0x20, 0x2d, 0x2d, 0x62, 0x61, 0x63, 0x6b, 0x67, 0x72, 0x6f, 0x75, 0x6e, 0x64, 0x3a, 0x20, 0x6f
  .byte 0x6b, 0x6c, 0x63, 0x68, 0x28, 0x30, 0x2e, 0x31, 0x34, 0x35, 0x20, 0x30, 0x20, 0x30, 0x29, 0x3b
  .byte 0x0a, 0x20, 0x20, 0x2d, 0x2d, 0x66, 0x6f, 0x72, 0x65, 0x67, 0x72, 0x6f, 0x75, 0x6e, 0x64, 0x3a
  .byte 0x20, 0x6f, 0x6b, 0x6c, 0x63, 0x68, 0x28, 0x30, 0x2e, 0x39, 0x38, 0x35, 0x20, 0x30, 0x20, 0x30
  .byte 0x29, 0x3b, 0x0a, 0x20, 0x20, 0x2d, 0x2d, 0x63, 0x61, 0x72, 0x64, 0x3a, 0x20, 0x6f, 0x6b, 0x6c
  .byte 0x63, 0x68, 0x28, 0x30, 0x2e, 0x32, 0x30, 0x35, 0x20, 0x30, 0x20, 0x30, 0x29, 0x3b, 0x0a, 0x20
  .byte 0x20, 0x2d, 0x2d, 0x63, 0x61, 0x72, 0x64, 0x2d, 0x66, 0x6f, 0x72, 0x65, 0x67, 0x72, 0x6f, 0x75
  .byte 0x6e, 0x64, 0x3a, 0x20, 0x6f, 0x6b, 0x6c, 0x63, 0x68, 0x28, 0x30, 0x2e, 0x39, 0x38, 0x35, 0x20
  .byte 0x30, 0x20, 0x30, 0x29, 0x3b, 0x0a, 0x20, 0x20, 0x2d, 0x2d, 0x70, 0x6f, 0x70, 0x6f, 0x76, 0x65
  .byte 0x72, 0x3a, 0x20, 0x6f, 0x6b, 0x6c, 0x63, 0x68, 0x28, 0x30, 0x2e, 0x32, 0x36, 0x39, 0x20, 0x30
  .byte 0x20, 0x30, 0x29, 0x3b, 0x0a, 0x20, 0x20, 0x2d, 0x2d, 0x70, 0x6f, 0x70, 0x6f, 0x76, 0x65, 0x72
  .byte 0x2d, 0x66, 0x6f, 0x72, 0x65, 0x67, 0x72, 0x6f, 0x75, 0x6e, 0x64, 0x3a, 0x20, 0x6f, 0x6b, 0x6c
  .byte 0x63, 0x68, 0x28, 0x30, 0x2e, 0x39, 0x38, 0x35, 0x20, 0x30, 0x20, 0x30, 0x29, 0x3b, 0x0a, 0x20
  .byte 0x20, 0x2d, 0x2d, 0x70, 0x72, 0x69, 0x6d, 0x61, 0x72, 0x79, 0x3a, 0x20, 0x6f, 0x6b, 0x6c, 0x63
  .byte 0x68, 0x28, 0x30, 0x2e, 0x39, 0x32, 0x32, 0x20, 0x30, 0x20, 0x30, 0x29, 0x3b, 0x0a, 0x20, 0x20
  .byte 0x2d, 0x2d, 0x70, 0x72, 0x69, 0x6d, 0x61, 0x72, 0x79, 0x2d, 0x66, 0x6f, 0x72, 0x65, 0x67, 0x72
  .byte 0x6f, 0x75, 0x6e, 0x64, 0x3a, 0x20, 0x6f, 0x6b, 0x6c, 0x63, 0x68, 0x28, 0x30, 0x2e, 0x32, 0x30
  .byte 0x35, 0x20, 0x30, 0x20, 0x30, 0x29, 0x3b, 0x0a, 0x20, 0x20, 0x2d, 0x2d, 0x73, 0x65, 0x63, 0x6f
  .byte 0x6e, 0x64, 0x61, 0x72, 0x79, 0x3a, 0x20, 0x6f, 0x6b, 0x6c, 0x63, 0x68, 0x28, 0x30, 0x2e, 0x32
  .byte 0x36, 0x39, 0x20, 0x30, 0x20, 0x30, 0x29, 0x3b, 0x0a, 0x20, 0x20, 0x2d, 0x2d, 0x73, 0x65, 0x63
  .byte 0x6f, 0x6e, 0x64, 0x61, 0x72, 0x79, 0x2d, 0x66, 0x6f, 0x72, 0x65, 0x67, 0x72, 0x6f, 0x75, 0x6e
  .byte 0x64, 0x3a, 0x20, 0x6f, 0x6b, 0x6c, 0x63, 0x68, 0x28, 0x30, 0x2e, 0x39, 0x38, 0x35, 0x20, 0x30
  .byte 0x20, 0x30, 0x29, 0x3b, 0x0a, 0x20, 0x20, 0x2d, 0x2d, 0x6d, 0x75, 0x74, 0x65, 0x64, 0x3a, 0x20
  .byte 0x6f, 0x6b, 0x6c, 0x63, 0x68, 0x28, 0x30, 0x2e, 0x32, 0x36, 0x39, 0x20, 0x30, 0x20, 0x30, 0x29
  .byte 0x3b, 0x0a, 0x20, 0x20, 0x2d, 0x2d, 0x6d, 0x75, 0x74, 0x65, 0x64, 0x2d, 0x66, 0x6f, 0x72, 0x65
  .byte 0x67, 0x72, 0x6f, 0x75, 0x6e, 0x64, 0x3a, 0x20, 0x6f, 0x6b, 0x6c, 0x63, 0x68, 0x28, 0x30, 0x2e
  .byte 0x37, 0x30, 0x38, 0x20, 0x30, 0x20, 0x30, 0x29, 0x3b, 0x0a, 0x20, 0x20, 0x2d, 0x2d, 0x61, 0x63
  .byte 0x63, 0x65, 0x6e, 0x74, 0x3a, 0x20, 0x6f, 0x6b, 0x6c, 0x63, 0x68, 0x28, 0x30, 0x2e, 0x33, 0x37
  .byte 0x31, 0x20, 0x30, 0x20, 0x30, 0x29, 0x3b, 0x0a, 0x20, 0x20, 0x2d, 0x2d, 0x61, 0x63, 0x63, 0x65
  .byte 0x6e, 0x74, 0x2d, 0x66, 0x6f, 0x72, 0x65, 0x67, 0x72, 0x6f, 0x75, 0x6e, 0x64, 0x3a, 0x20, 0x6f
  .byte 0x6b, 0x6c, 0x63, 0x68, 0x28, 0x30, 0x2e, 0x39, 0x38, 0x35, 0x20, 0x30, 0x20, 0x30, 0x29, 0x3b
  .byte 0x0a, 0x20, 0x20, 0x2d, 0x2d, 0x64, 0x65, 0x73, 0x74, 0x72, 0x75, 0x63, 0x74, 0x69, 0x76, 0x65
  .byte 0x3a, 0x20, 0x6f, 0x6b, 0x6c, 0x63, 0x68, 0x28, 0x30, 0x2e, 0x37, 0x30, 0x34, 0x20, 0x30, 0x2e
  .byte 0x31, 0x39, 0x31, 0x20, 0x32, 0x32, 0x2e, 0x32, 0x31, 0x36, 0x29, 0x3b, 0x0a, 0x20, 0x20, 0x2d
  .byte 0x2d, 0x64, 0x65, 0x73, 0x74, 0x72, 0x75, 0x63, 0x74, 0x69, 0x76, 0x65, 0x2d, 0x66, 0x6f, 0x72
  .byte 0x65, 0x67, 0x72, 0x6f, 0x75, 0x6e, 0x64, 0x3a, 0x20, 0x6f, 0x6b, 0x6c, 0x63, 0x68, 0x28, 0x30
  .byte 0x2e, 0x39, 0x38, 0x35, 0x20, 0x30, 0x20, 0x30, 0x29, 0x3b, 0x0a, 0x20, 0x20, 0x2d, 0x2d, 0x62
  .byte 0x6f, 0x72, 0x64, 0x65, 0x72, 0x3a, 0x20, 0x6f, 0x6b, 0x6c, 0x63, 0x68, 0x28, 0x31, 0x20, 0x30
  .byte 0x20, 0x30, 0x20, 0x2f, 0x20, 0x31, 0x30, 0x25, 0x29, 0x3b, 0x0a, 0x20, 0x20, 0x2d, 0x2d, 0x69
  .byte 0x6e, 0x70, 0x75, 0x74, 0x3a, 0x20, 0x6f, 0x6b, 0x6c, 0x63, 0x68, 0x28, 0x31, 0x20, 0x30, 0x20
  .byte 0x30, 0x20, 0x2f, 0x20, 0x31, 0x35, 0x25, 0x29, 0x3b, 0x0a, 0x20, 0x20, 0x2d, 0x2d, 0x72, 0x69
  .byte 0x6e, 0x67, 0x3a, 0x20, 0x6f, 0x6b, 0x6c, 0x63, 0x68, 0x28, 0x30, 0x2e, 0x35, 0x35, 0x36, 0x20
  .byte 0x30, 0x20, 0x30, 0x29, 0x3b, 0x0a, 0x20, 0x20, 0x2d, 0x2d, 0x63, 0x68, 0x61, 0x72, 0x74, 0x2d
  .byte 0x31, 0x3a, 0x20, 0x6f, 0x6b, 0x6c, 0x63, 0x68, 0x28, 0x30, 0x2e, 0x34, 0x38, 0x38, 0x20, 0x30
  .byte 0x2e, 0x32, 0x34, 0x33, 0x20, 0x32, 0x36, 0x34, 0x2e, 0x33, 0x37, 0x36, 0x29, 0x3b, 0x0a, 0x20
  .byte 0x20, 0x2d, 0x2d, 0x63, 0x68, 0x61, 0x72, 0x74, 0x2d, 0x32, 0x3a, 0x20, 0x6f, 0x6b, 0x6c, 0x63
  .byte 0x68, 0x28, 0x30, 0x2e, 0x36, 0x39, 0x36, 0x20, 0x30, 0x2e, 0x31, 0x37, 0x20, 0x31, 0x36, 0x32
  .byte 0x2e, 0x34, 0x38, 0x29, 0x3b, 0x0a, 0x20, 0x20, 0x2d, 0x2d, 0x63, 0x68, 0x61, 0x72, 0x74, 0x2d
  .byte 0x33, 0x3a, 0x20, 0x6f, 0x6b, 0x6c, 0x63, 0x68, 0x28, 0x30, 0x2e, 0x37, 0x36, 0x39, 0x20, 0x30
  .byte 0x2e, 0x31, 0x38, 0x38, 0x20, 0x37, 0x30, 0x2e, 0x30, 0x38, 0x29, 0x3b, 0x0a, 0x20, 0x20, 0x2d
  .byte 0x2d, 0x63, 0x68, 0x61, 0x72, 0x74, 0x2d, 0x34, 0x3a, 0x20, 0x6f, 0x6b, 0x6c, 0x63, 0x68, 0x28
  .byte 0x30, 0x2e, 0x36, 0x32, 0x37, 0x20, 0x30, 0x2e, 0x32, 0x36, 0x35, 0x20, 0x33, 0x30, 0x33, 0x2e
  .byte 0x39, 0x29, 0x3b, 0x0a, 0x20, 0x20, 0x2d, 0x2d, 0x63, 0x68, 0x61, 0x72, 0x74, 0x2d, 0x35, 0x3a
  .byte 0x20, 0x6f, 0x6b, 0x6c, 0x63, 0x68, 0x28, 0x30, 0x2e, 0x36, 0x34, 0x35, 0x20, 0x30, 0x2e, 0x32
  .byte 0x34, 0x36, 0x20, 0x31, 0x36, 0x2e, 0x34, 0x33, 0x39, 0x29, 0x3b, 0x0a, 0x20, 0x20, 0x2d, 0x2d
  .byte 0x73, 0x69, 0x64, 0x65, 0x62, 0x61, 0x72, 0x3a, 0x20, 0x6f, 0x6b, 0x6c, 0x63, 0x68, 0x28, 0x30
  .byte 0x2e, 0x32, 0x30, 0x35, 0x20, 0x30, 0x20, 0x30, 0x29, 0x3b, 0x0a, 0x20, 0x20, 0x2d, 0x2d, 0x73
  .byte 0x69, 0x64, 0x65, 0x62, 0x61, 0x72, 0x2d, 0x66, 0x6f, 0x72, 0x65, 0x67, 0x72, 0x6f, 0x75, 0x6e
  .byte 0x64, 0x3a, 0x20, 0x6f, 0x6b, 0x6c, 0x63, 0x68, 0x28, 0x30, 0x2e, 0x39, 0x38, 0x35, 0x20, 0x30
  .byte 0x20, 0x30, 0x29, 0x3b, 0x0a, 0x20, 0x20, 0x2d, 0x2d, 0x73, 0x69, 0x64, 0x65, 0x62, 0x61, 0x72
  .byte 0x2d, 0x70, 0x72, 0x69, 0x6d, 0x61, 0x72, 0x79, 0x3a, 0x20, 0x6f, 0x6b, 0x6c, 0x63, 0x68, 0x28
  .byte 0x30, 0x2e, 0x34, 0x38, 0x38, 0x20, 0x30, 0x2e, 0x32, 0x34, 0x33, 0x20, 0x32, 0x36, 0x34, 0x2e
  .byte 0x33, 0x37, 0x36, 0x29, 0x3b, 0x0a, 0x20, 0x20, 0x2d, 0x2d, 0x73, 0x69, 0x64, 0x65, 0x62, 0x61
  .byte 0x72, 0x2d, 0x70, 0x72, 0x69, 0x6d, 0x61, 0x72, 0x79, 0x2d, 0x66, 0x6f, 0x72, 0x65, 0x67, 0x72
  .byte 0x6f, 0x75, 0x6e, 0x64, 0x3a, 0x20, 0x6f, 0x6b, 0x6c, 0x63, 0x68, 0x28, 0x30, 0x2e, 0x39, 0x38
  .byte 0x35, 0x20, 0x30, 0x20, 0x30, 0x29, 0x3b, 0x0a, 0x20, 0x20, 0x2d, 0x2d, 0x73, 0x69, 0x64, 0x65
  .byte 0x62, 0x61, 0x72, 0x2d, 0x61, 0x63, 0x63, 0x65, 0x6e, 0x74, 0x3a, 0x20, 0x6f, 0x6b, 0x6c, 0x63
  .byte 0x68, 0x28, 0x30, 0x2e, 0x32, 0x36, 0x39, 0x20, 0x30, 0x20, 0x30, 0x29, 0x3b, 0x0a, 0x20, 0x20
  .byte 0x2d, 0x2d, 0x73, 0x69, 0x64, 0x65, 0x62, 0x61, 0x72, 0x2d, 0x61, 0x63, 0x63, 0x65, 0x6e, 0x74
  .byte 0x2d, 0x66, 0x6f, 0x72, 0x65, 0x67, 0x72, 0x6f, 0x75, 0x6e, 0x64, 0x3a, 0x20, 0x6f, 0x6b, 0x6c
  .byte 0x63, 0x68, 0x28, 0x30, 0x2e, 0x39, 0x38, 0x35, 0x20, 0x30, 0x20, 0x30, 0x29, 0x3b, 0x0a, 0x20
  .byte 0x20, 0x2d, 0x2d, 0x73, 0x69, 0x64, 0x65, 0x62, 0x61, 0x72, 0x2d, 0x62, 0x6f, 0x72, 0x64, 0x65
  .byte 0x72, 0x3a, 0x20, 0x6f, 0x6b, 0x6c, 0x63, 0x68, 0x28, 0x31, 0x20, 0x30, 0x20, 0x30, 0x20, 0x2f
  .byte 0x20, 0x31, 0x30, 0x25, 0x29, 0x3b, 0x0a, 0x20, 0x20, 0x2d, 0x2d, 0x73, 0x69, 0x64, 0x65, 0x62
  .byte 0x61, 0x72, 0x2d, 0x72, 0x69, 0x6e, 0x67, 0x3a, 0x20, 0x6f, 0x6b, 0x6c, 0x63, 0x68, 0x28, 0x30
  .byte 0x2e, 0x34, 0x33, 0x39, 0x20, 0x30, 0x20, 0x30, 0x29, 0x3b, 0x0a, 0x7d, 0x0a, 0x0a, 0x40, 0x6c
  .byte 0x61, 0x79, 0x65, 0x72, 0x20, 0x62, 0x61, 0x73, 0x65, 0x20, 0x7b, 0x0a, 0x20, 0x20, 0x2a, 0x20
  .byte 0x7b, 0x0a, 0x20, 0x20, 0x20, 0x20, 0x40, 0x61, 0x70, 0x70, 0x6c, 0x79, 0x20, 0x62, 0x6f, 0x72
  .byte 0x64, 0x65, 0x72, 0x2d, 0x62, 0x6f, 0x72, 0x64, 0x65, 0x72, 0x3b, 0x0a, 0x20, 0x20, 0x7d, 0x0a
  .byte 0x20, 0x20, 0x62, 0x6f, 0x64, 0x79, 0x20, 0x7b, 0x0a, 0x20, 0x20, 0x20, 0x20, 0x40, 0x61, 0x70
  .byte 0x70, 0x6c, 0x79, 0x20, 0x62, 0x67, 0x2d, 0x62, 0x61, 0x63, 0x6b, 0x67, 0x72, 0x6f, 0x75, 0x6e
  .byte 0x64, 0x20, 0x74, 0x65, 0x78, 0x74, 0x2d, 0x66, 0x6f, 0x72, 0x65, 0x67, 0x72, 0x6f, 0x75, 0x6e
  .byte 0x64, 0x3b, 0x0a, 0x20, 0x20, 0x7d, 0x0a, 0x7d, 0x0a

  .globl openui_full_port_examples_shadcn_chat_src_app_globals_css_0ed12af45557_pass_2_len
openui_full_port_examples_shadcn_chat_src_app_globals_css_0ed12af45557_pass_2_len:
  .quad 4233

# assembly pass: 3/4
  .globl openui_full_port_examples_shadcn_chat_src_app_globals_css_0ed12af45557_pass_3
openui_full_port_examples_shadcn_chat_src_app_globals_css_0ed12af45557_pass_3:
  .byte 0x40, 0x69, 0x6d, 0x70, 0x6f, 0x72, 0x74, 0x20, 0x22, 0x74, 0x61, 0x69, 0x6c, 0x77, 0x69, 0x6e
  .byte 0x64, 0x63, 0x73, 0x73, 0x22, 0x3b, 0x0a, 0x0a, 0x40, 0x63, 0x75, 0x73, 0x74, 0x6f, 0x6d, 0x2d
  .byte 0x76, 0x61, 0x72, 0x69, 0x61, 0x6e, 0x74, 0x20, 0x64, 0x61, 0x72, 0x6b, 0x20, 0x28, 0x26, 0x3a
  .byte 0x69, 0x73, 0x28, 0x5b, 0x64, 0x61, 0x74, 0x61, 0x2d, 0x74, 0x68, 0x65, 0x6d, 0x65, 0x3d, 0x22
  .byte 0x64, 0x61, 0x72, 0x6b, 0x22, 0x5d, 0x20, 0x2a, 0x29, 0x29, 0x3b, 0x0a, 0x0a, 0x40, 0x74, 0x68
  .byte 0x65, 0x6d, 0x65, 0x20, 0x69, 0x6e, 0x6c, 0x69, 0x6e, 0x65, 0x20, 0x7b, 0x0a, 0x20, 0x20, 0x2d
  .byte 0x2d, 0x63, 0x6f, 0x6c, 0x6f, 0x72, 0x2d, 0x62, 0x61, 0x63, 0x6b, 0x67, 0x72, 0x6f, 0x75, 0x6e
  .byte 0x64, 0x3a, 0x20, 0x76, 0x61, 0x72, 0x28, 0x2d, 0x2d, 0x62, 0x61, 0x63, 0x6b, 0x67, 0x72, 0x6f
  .byte 0x75, 0x6e, 0x64, 0x29, 0x3b, 0x0a, 0x20, 0x20, 0x2d, 0x2d, 0x63, 0x6f, 0x6c, 0x6f, 0x72, 0x2d
  .byte 0x66, 0x6f, 0x72, 0x65, 0x67, 0x72, 0x6f, 0x75, 0x6e, 0x64, 0x3a, 0x20, 0x76, 0x61, 0x72, 0x28
  .byte 0x2d, 0x2d, 0x66, 0x6f, 0x72, 0x65, 0x67, 0x72, 0x6f, 0x75, 0x6e, 0x64, 0x29, 0x3b, 0x0a, 0x20
  .byte 0x20, 0x2d, 0x2d, 0x63, 0x6f, 0x6c, 0x6f, 0x72, 0x2d, 0x63, 0x61, 0x72, 0x64, 0x3a, 0x20, 0x76
  .byte 0x61, 0x72, 0x28, 0x2d, 0x2d, 0x63, 0x61, 0x72, 0x64, 0x29, 0x3b, 0x0a, 0x20, 0x20, 0x2d, 0x2d
  .byte 0x63, 0x6f, 0x6c, 0x6f, 0x72, 0x2d, 0x63, 0x61, 0x72, 0x64, 0x2d, 0x66, 0x6f, 0x72, 0x65, 0x67
  .byte 0x72, 0x6f, 0x75, 0x6e, 0x64, 0x3a, 0x20, 0x76, 0x61, 0x72, 0x28, 0x2d, 0x2d, 0x63, 0x61, 0x72
  .byte 0x64, 0x2d, 0x66, 0x6f, 0x72, 0x65, 0x67, 0x72, 0x6f, 0x75, 0x6e, 0x64, 0x29, 0x3b, 0x0a, 0x20
  .byte 0x20, 0x2d, 0x2d, 0x63, 0x6f, 0x6c, 0x6f, 0x72, 0x2d, 0x70, 0x6f, 0x70, 0x6f, 0x76, 0x65, 0x72
  .byte 0x3a, 0x20, 0x76, 0x61, 0x72, 0x28, 0x2d, 0x2d, 0x70, 0x6f, 0x70, 0x6f, 0x76, 0x65, 0x72, 0x29
  .byte 0x3b, 0x0a, 0x20, 0x20, 0x2d, 0x2d, 0x63, 0x6f, 0x6c, 0x6f, 0x72, 0x2d, 0x70, 0x6f, 0x70, 0x6f
  .byte 0x76, 0x65, 0x72, 0x2d, 0x66, 0x6f, 0x72, 0x65, 0x67, 0x72, 0x6f, 0x75, 0x6e, 0x64, 0x3a, 0x20
  .byte 0x76, 0x61, 0x72, 0x28, 0x2d, 0x2d, 0x70, 0x6f, 0x70, 0x6f, 0x76, 0x65, 0x72, 0x2d, 0x66, 0x6f
  .byte 0x72, 0x65, 0x67, 0x72, 0x6f, 0x75, 0x6e, 0x64, 0x29, 0x3b, 0x0a, 0x20, 0x20, 0x2d, 0x2d, 0x63
  .byte 0x6f, 0x6c, 0x6f, 0x72, 0x2d, 0x70, 0x72, 0x69, 0x6d, 0x61, 0x72, 0x79, 0x3a, 0x20, 0x76, 0x61
  .byte 0x72, 0x28, 0x2d, 0x2d, 0x70, 0x72, 0x69, 0x6d, 0x61, 0x72, 0x79, 0x29, 0x3b, 0x0a, 0x20, 0x20
  .byte 0x2d, 0x2d, 0x63, 0x6f, 0x6c, 0x6f, 0x72, 0x2d, 0x70, 0x72, 0x69, 0x6d, 0x61, 0x72, 0x79, 0x2d
  .byte 0x66, 0x6f, 0x72, 0x65, 0x67, 0x72, 0x6f, 0x75, 0x6e, 0x64, 0x3a, 0x20, 0x76, 0x61, 0x72, 0x28
  .byte 0x2d, 0x2d, 0x70, 0x72, 0x69, 0x6d, 0x61, 0x72, 0x79, 0x2d, 0x66, 0x6f, 0x72, 0x65, 0x67, 0x72
  .byte 0x6f, 0x75, 0x6e, 0x64, 0x29, 0x3b, 0x0a, 0x20, 0x20, 0x2d, 0x2d, 0x63, 0x6f, 0x6c, 0x6f, 0x72
  .byte 0x2d, 0x73, 0x65, 0x63, 0x6f, 0x6e, 0x64, 0x61, 0x72, 0x79, 0x3a, 0x20, 0x76, 0x61, 0x72, 0x28
  .byte 0x2d, 0x2d, 0x73, 0x65, 0x63, 0x6f, 0x6e, 0x64, 0x61, 0x72, 0x79, 0x29, 0x3b, 0x0a, 0x20, 0x20
  .byte 0x2d, 0x2d, 0x63, 0x6f, 0x6c, 0x6f, 0x72, 0x2d, 0x73, 0x65, 0x63, 0x6f, 0x6e, 0x64, 0x61, 0x72
  .byte 0x79, 0x2d, 0x66, 0x6f, 0x72, 0x65, 0x67, 0x72, 0x6f, 0x75, 0x6e, 0x64, 0x3a, 0x20, 0x76, 0x61
  .byte 0x72, 0x28, 0x2d, 0x2d, 0x73, 0x65, 0x63, 0x6f, 0x6e, 0x64, 0x61, 0x72, 0x79, 0x2d, 0x66, 0x6f
  .byte 0x72, 0x65, 0x67, 0x72, 0x6f, 0x75, 0x6e, 0x64, 0x29, 0x3b, 0x0a, 0x20, 0x20, 0x2d, 0x2d, 0x63
  .byte 0x6f, 0x6c, 0x6f, 0x72, 0x2d, 0x6d, 0x75, 0x74, 0x65, 0x64, 0x3a, 0x20, 0x76, 0x61, 0x72, 0x28
  .byte 0x2d, 0x2d, 0x6d, 0x75, 0x74, 0x65, 0x64, 0x29, 0x3b, 0x0a, 0x20, 0x20, 0x2d, 0x2d, 0x63, 0x6f
  .byte 0x6c, 0x6f, 0x72, 0x2d, 0x6d, 0x75, 0x74, 0x65, 0x64, 0x2d, 0x66, 0x6f, 0x72, 0x65, 0x67, 0x72
  .byte 0x6f, 0x75, 0x6e, 0x64, 0x3a, 0x20, 0x76, 0x61, 0x72, 0x28, 0x2d, 0x2d, 0x6d, 0x75, 0x74, 0x65
  .byte 0x64, 0x2d, 0x66, 0x6f, 0x72, 0x65, 0x67, 0x72, 0x6f, 0x75, 0x6e, 0x64, 0x29, 0x3b, 0x0a, 0x20
  .byte 0x20, 0x2d, 0x2d, 0x63, 0x6f, 0x6c, 0x6f, 0x72, 0x2d, 0x61, 0x63, 0x63, 0x65, 0x6e, 0x74, 0x3a
  .byte 0x20, 0x76, 0x61, 0x72, 0x28, 0x2d, 0x2d, 0x61, 0x63, 0x63, 0x65, 0x6e, 0x74, 0x29, 0x3b, 0x0a
  .byte 0x20, 0x20, 0x2d, 0x2d, 0x63, 0x6f, 0x6c, 0x6f, 0x72, 0x2d, 0x61, 0x63, 0x63, 0x65, 0x6e, 0x74
  .byte 0x2d, 0x66, 0x6f, 0x72, 0x65, 0x67, 0x72, 0x6f, 0x75, 0x6e, 0x64, 0x3a, 0x20, 0x76, 0x61, 0x72
  .byte 0x28, 0x2d, 0x2d, 0x61, 0x63, 0x63, 0x65, 0x6e, 0x74, 0x2d, 0x66, 0x6f, 0x72, 0x65, 0x67, 0x72
  .byte 0x6f, 0x75, 0x6e, 0x64, 0x29, 0x3b, 0x0a, 0x20, 0x20, 0x2d, 0x2d, 0x63, 0x6f, 0x6c, 0x6f, 0x72
  .byte 0x2d, 0x64, 0x65, 0x73, 0x74, 0x72, 0x75, 0x63, 0x74, 0x69, 0x76, 0x65, 0x3a, 0x20, 0x76, 0x61
  .byte 0x72, 0x28, 0x2d, 0x2d, 0x64, 0x65, 0x73, 0x74, 0x72, 0x75, 0x63, 0x74, 0x69, 0x76, 0x65, 0x29
  .byte 0x3b, 0x0a, 0x20, 0x20, 0x2d, 0x2d, 0x63, 0x6f, 0x6c, 0x6f, 0x72, 0x2d, 0x64, 0x65, 0x73, 0x74
  .byte 0x72, 0x75, 0x63, 0x74, 0x69, 0x76, 0x65, 0x2d, 0x66, 0x6f, 0x72, 0x65, 0x67, 0x72, 0x6f, 0x75
  .byte 0x6e, 0x64, 0x3a, 0x20, 0x76, 0x61, 0x72, 0x28, 0x2d, 0x2d, 0x64, 0x65, 0x73, 0x74, 0x72, 0x75
  .byte 0x63, 0x74, 0x69, 0x76, 0x65, 0x2d, 0x66, 0x6f, 0x72, 0x65, 0x67, 0x72, 0x6f, 0x75, 0x6e, 0x64
  .byte 0x29, 0x3b, 0x0a, 0x20, 0x20, 0x2d, 0x2d, 0x63, 0x6f, 0x6c, 0x6f, 0x72, 0x2d, 0x62, 0x6f, 0x72
  .byte 0x64, 0x65, 0x72, 0x3a, 0x20, 0x76, 0x61, 0x72, 0x28, 0x2d, 0x2d, 0x62, 0x6f, 0x72, 0x64, 0x65
  .byte 0x72, 0x29, 0x3b, 0x0a, 0x20, 0x20, 0x2d, 0x2d, 0x63, 0x6f, 0x6c, 0x6f, 0x72, 0x2d, 0x69, 0x6e
  .byte 0x70, 0x75, 0x74, 0x3a, 0x20, 0x76, 0x61, 0x72, 0x28, 0x2d, 0x2d, 0x69, 0x6e, 0x70, 0x75, 0x74
  .byte 0x29, 0x3b, 0x0a, 0x20, 0x20, 0x2d, 0x2d, 0x63, 0x6f, 0x6c, 0x6f, 0x72, 0x2d, 0x72, 0x69, 0x6e
  .byte 0x67, 0x3a, 0x20, 0x76, 0x61, 0x72, 0x28, 0x2d, 0x2d, 0x72, 0x69, 0x6e, 0x67, 0x29, 0x3b, 0x0a
  .byte 0x20, 0x20, 0x2d, 0x2d, 0x63, 0x6f, 0x6c, 0x6f, 0x72, 0x2d, 0x63, 0x68, 0x61, 0x72, 0x74, 0x2d
  .byte 0x31, 0x3a, 0x20, 0x76, 0x61, 0x72, 0x28, 0x2d, 0x2d, 0x63, 0x68, 0x61, 0x72, 0x74, 0x2d, 0x31
  .byte 0x29, 0x3b, 0x0a, 0x20, 0x20, 0x2d, 0x2d, 0x63, 0x6f, 0x6c, 0x6f, 0x72, 0x2d, 0x63, 0x68, 0x61
  .byte 0x72, 0x74, 0x2d, 0x32, 0x3a, 0x20, 0x76, 0x61, 0x72, 0x28, 0x2d, 0x2d, 0x63, 0x68, 0x61, 0x72
  .byte 0x74, 0x2d, 0x32, 0x29, 0x3b, 0x0a, 0x20, 0x20, 0x2d, 0x2d, 0x63, 0x6f, 0x6c, 0x6f, 0x72, 0x2d
  .byte 0x63, 0x68, 0x61, 0x72, 0x74, 0x2d, 0x33, 0x3a, 0x20, 0x76, 0x61, 0x72, 0x28, 0x2d, 0x2d, 0x63
  .byte 0x68, 0x61, 0x72, 0x74, 0x2d, 0x33, 0x29, 0x3b, 0x0a, 0x20, 0x20, 0x2d, 0x2d, 0x63, 0x6f, 0x6c
  .byte 0x6f, 0x72, 0x2d, 0x63, 0x68, 0x61, 0x72, 0x74, 0x2d, 0x34, 0x3a, 0x20, 0x76, 0x61, 0x72, 0x28
  .byte 0x2d, 0x2d, 0x63, 0x68, 0x61, 0x72, 0x74, 0x2d, 0x34, 0x29, 0x3b, 0x0a, 0x20, 0x20, 0x2d, 0x2d
  .byte 0x63, 0x6f, 0x6c, 0x6f, 0x72, 0x2d, 0x63, 0x68, 0x61, 0x72, 0x74, 0x2d, 0x35, 0x3a, 0x20, 0x76
  .byte 0x61, 0x72, 0x28, 0x2d, 0x2d, 0x63, 0x68, 0x61, 0x72, 0x74, 0x2d, 0x35, 0x29, 0x3b, 0x0a, 0x20
  .byte 0x20, 0x2d, 0x2d, 0x63, 0x6f, 0x6c, 0x6f, 0x72, 0x2d, 0x73, 0x69, 0x64, 0x65, 0x62, 0x61, 0x72
  .byte 0x3a, 0x20, 0x76, 0x61, 0x72, 0x28, 0x2d, 0x2d, 0x73, 0x69, 0x64, 0x65, 0x62, 0x61, 0x72, 0x29
  .byte 0x3b, 0x0a, 0x20, 0x20, 0x2d, 0x2d, 0x63, 0x6f, 0x6c, 0x6f, 0x72, 0x2d, 0x73, 0x69, 0x64, 0x65
  .byte 0x62, 0x61, 0x72, 0x2d, 0x66, 0x6f, 0x72, 0x65, 0x67, 0x72, 0x6f, 0x75, 0x6e, 0x64, 0x3a, 0x20
  .byte 0x76, 0x61, 0x72, 0x28, 0x2d, 0x2d, 0x73, 0x69, 0x64, 0x65, 0x62, 0x61, 0x72, 0x2d, 0x66, 0x6f
  .byte 0x72, 0x65, 0x67, 0x72, 0x6f, 0x75, 0x6e, 0x64, 0x29, 0x3b, 0x0a, 0x20, 0x20, 0x2d, 0x2d, 0x63
  .byte 0x6f, 0x6c, 0x6f, 0x72, 0x2d, 0x73, 0x69, 0x64, 0x65, 0x62, 0x61, 0x72, 0x2d, 0x70, 0x72, 0x69
  .byte 0x6d, 0x61, 0x72, 0x79, 0x3a, 0x20, 0x76, 0x61, 0x72, 0x28, 0x2d, 0x2d, 0x73, 0x69, 0x64, 0x65
  .byte 0x62, 0x61, 0x72, 0x2d, 0x70, 0x72, 0x69, 0x6d, 0x61, 0x72, 0x79, 0x29, 0x3b, 0x0a, 0x20, 0x20
  .byte 0x2d, 0x2d, 0x63, 0x6f, 0x6c, 0x6f, 0x72, 0x2d, 0x73, 0x69, 0x64, 0x65, 0x62, 0x61, 0x72, 0x2d
  .byte 0x70, 0x72, 0x69, 0x6d, 0x61, 0x72, 0x79, 0x2d, 0x66, 0x6f, 0x72, 0x65, 0x67, 0x72, 0x6f, 0x75
  .byte 0x6e, 0x64, 0x3a, 0x20, 0x76, 0x61, 0x72, 0x28, 0x2d, 0x2d, 0x73, 0x69, 0x64, 0x65, 0x62, 0x61
  .byte 0x72, 0x2d, 0x70, 0x72, 0x69, 0x6d, 0x61, 0x72, 0x79, 0x2d, 0x66, 0x6f, 0x72, 0x65, 0x67, 0x72
  .byte 0x6f, 0x75, 0x6e, 0x64, 0x29, 0x3b, 0x0a, 0x20, 0x20, 0x2d, 0x2d, 0x63, 0x6f, 0x6c, 0x6f, 0x72
  .byte 0x2d, 0x73, 0x69, 0x64, 0x65, 0x62, 0x61, 0x72, 0x2d, 0x61, 0x63, 0x63, 0x65, 0x6e, 0x74, 0x3a
  .byte 0x20, 0x76, 0x61, 0x72, 0x28, 0x2d, 0x2d, 0x73, 0x69, 0x64, 0x65, 0x62, 0x61, 0x72, 0x2d, 0x61
  .byte 0x63, 0x63, 0x65, 0x6e, 0x74, 0x29, 0x3b, 0x0a, 0x20, 0x20, 0x2d, 0x2d, 0x63, 0x6f, 0x6c, 0x6f
  .byte 0x72, 0x2d, 0x73, 0x69, 0x64, 0x65, 0x62, 0x61, 0x72, 0x2d, 0x61, 0x63, 0x63, 0x65, 0x6e, 0x74
  .byte 0x2d, 0x66, 0x6f, 0x72, 0x65, 0x67, 0x72, 0x6f, 0x75, 0x6e, 0x64, 0x3a, 0x20, 0x76, 0x61, 0x72
  .byte 0x28, 0x2d, 0x2d, 0x73, 0x69, 0x64, 0x65, 0x62, 0x61, 0x72, 0x2d, 0x61, 0x63, 0x63, 0x65, 0x6e
  .byte 0x74, 0x2d, 0x66, 0x6f, 0x72, 0x65, 0x67, 0x72, 0x6f, 0x75, 0x6e, 0x64, 0x29, 0x3b, 0x0a, 0x20
  .byte 0x20, 0x2d, 0x2d, 0x63, 0x6f, 0x6c, 0x6f, 0x72, 0x2d, 0x73, 0x69, 0x64, 0x65, 0x62, 0x61, 0x72
  .byte 0x2d, 0x62, 0x6f, 0x72, 0x64, 0x65, 0x72, 0x3a, 0x20, 0x76, 0x61, 0x72, 0x28, 0x2d, 0x2d, 0x73
  .byte 0x69, 0x64, 0x65, 0x62, 0x61, 0x72, 0x2d, 0x62, 0x6f, 0x72, 0x64, 0x65, 0x72, 0x29, 0x3b, 0x0a
  .byte 0x20, 0x20, 0x2d, 0x2d, 0x63, 0x6f, 0x6c, 0x6f, 0x72, 0x2d, 0x73, 0x69, 0x64, 0x65, 0x62, 0x61
  .byte 0x72, 0x2d, 0x72, 0x69, 0x6e, 0x67, 0x3a, 0x20, 0x76, 0x61, 0x72, 0x28, 0x2d, 0x2d, 0x73, 0x69
  .byte 0x64, 0x65, 0x62, 0x61, 0x72, 0x2d, 0x72, 0x69, 0x6e, 0x67, 0x29, 0x3b, 0x0a, 0x20, 0x20, 0x2d
  .byte 0x2d, 0x72, 0x61, 0x64, 0x69, 0x75, 0x73, 0x2d, 0x73, 0x6d, 0x3a, 0x20, 0x63, 0x61, 0x6c, 0x63
  .byte 0x28, 0x76, 0x61, 0x72, 0x28, 0x2d, 0x2d, 0x72, 0x61, 0x64, 0x69, 0x75, 0x73, 0x29, 0x20, 0x2d
  .byte 0x20, 0x34, 0x70, 0x78, 0x29, 0x3b, 0x0a, 0x20, 0x20, 0x2d, 0x2d, 0x72, 0x61, 0x64, 0x69, 0x75
  .byte 0x73, 0x2d, 0x6d, 0x64, 0x3a, 0x20, 0x63, 0x61, 0x6c, 0x63, 0x28, 0x76, 0x61, 0x72, 0x28, 0x2d
  .byte 0x2d, 0x72, 0x61, 0x64, 0x69, 0x75, 0x73, 0x29, 0x20, 0x2d, 0x20, 0x32, 0x70, 0x78, 0x29, 0x3b
  .byte 0x0a, 0x20, 0x20, 0x2d, 0x2d, 0x72, 0x61, 0x64, 0x69, 0x75, 0x73, 0x2d, 0x6c, 0x67, 0x3a, 0x20
  .byte 0x76, 0x61, 0x72, 0x28, 0x2d, 0x2d, 0x72, 0x61, 0x64, 0x69, 0x75, 0x73, 0x29, 0x3b, 0x0a, 0x20
  .byte 0x20, 0x2d, 0x2d, 0x72, 0x61, 0x64, 0x69, 0x75, 0x73, 0x2d, 0x78, 0x6c, 0x3a, 0x20, 0x63, 0x61
  .byte 0x6c, 0x63, 0x28, 0x76, 0x61, 0x72, 0x28, 0x2d, 0x2d, 0x72, 0x61, 0x64, 0x69, 0x75, 0x73, 0x29
  .byte 0x20, 0x2b, 0x20, 0x34, 0x70, 0x78, 0x29, 0x3b, 0x0a, 0x7d, 0x0a, 0x0a, 0x3a, 0x72, 0x6f, 0x6f
  .byte 0x74, 0x20, 0x7b, 0x0a, 0x20, 0x20, 0x2d, 0x2d, 0x72, 0x61, 0x64, 0x69, 0x75, 0x73, 0x3a, 0x20
  .byte 0x30, 0x2e, 0x36, 0x32, 0x35, 0x72, 0x65, 0x6d, 0x3b, 0x0a, 0x20, 0x20, 0x2d, 0x2d, 0x62, 0x61
  .byte 0x63, 0x6b, 0x67, 0x72, 0x6f, 0x75, 0x6e, 0x64, 0x3a, 0x20, 0x6f, 0x6b, 0x6c, 0x63, 0x68, 0x28
  .byte 0x31, 0x20, 0x30, 0x20, 0x30, 0x29, 0x3b, 0x0a, 0x20, 0x20, 0x2d, 0x2d, 0x66, 0x6f, 0x72, 0x65
  .byte 0x67, 0x72, 0x6f, 0x75, 0x6e, 0x64, 0x3a, 0x20, 0x6f, 0x6b, 0x6c, 0x63, 0x68, 0x28, 0x30, 0x2e
  .byte 0x31, 0x34, 0x35, 0x20, 0x30, 0x20, 0x30, 0x29, 0x3b, 0x0a, 0x20, 0x20, 0x2d, 0x2d, 0x63, 0x61
  .byte 0x72, 0x64, 0x3a, 0x20, 0x6f, 0x6b, 0x6c, 0x63, 0x68, 0x28, 0x31, 0x20, 0x30, 0x20, 0x30, 0x29
  .byte 0x3b, 0x0a, 0x20, 0x20, 0x2d, 0x2d, 0x63, 0x61, 0x72, 0x64, 0x2d, 0x66, 0x6f, 0x72, 0x65, 0x67
  .byte 0x72, 0x6f, 0x75, 0x6e, 0x64, 0x3a, 0x20, 0x6f, 0x6b, 0x6c, 0x63, 0x68, 0x28, 0x30, 0x2e, 0x31
  .byte 0x34, 0x35, 0x20, 0x30, 0x20, 0x30, 0x29, 0x3b, 0x0a, 0x20, 0x20, 0x2d, 0x2d, 0x70, 0x6f, 0x70
  .byte 0x6f, 0x76, 0x65, 0x72, 0x3a, 0x20, 0x6f, 0x6b, 0x6c, 0x63, 0x68, 0x28, 0x31, 0x20, 0x30, 0x20
  .byte 0x30, 0x29, 0x3b, 0x0a, 0x20, 0x20, 0x2d, 0x2d, 0x70, 0x6f, 0x70, 0x6f, 0x76, 0x65, 0x72, 0x2d
  .byte 0x66, 0x6f, 0x72, 0x65, 0x67, 0x72, 0x6f, 0x75, 0x6e, 0x64, 0x3a, 0x20, 0x6f, 0x6b, 0x6c, 0x63
  .byte 0x68, 0x28, 0x30, 0x2e, 0x31, 0x34, 0x35, 0x20, 0x30, 0x20, 0x30, 0x29, 0x3b, 0x0a, 0x20, 0x20
  .byte 0x2d, 0x2d, 0x70, 0x72, 0x69, 0x6d, 0x61, 0x72, 0x79, 0x3a, 0x20, 0x6f, 0x6b, 0x6c, 0x63, 0x68
  .byte 0x28, 0x30, 0x2e, 0x32, 0x30, 0x35, 0x20, 0x30, 0x20, 0x30, 0x29, 0x3b, 0x0a, 0x20, 0x20, 0x2d
  .byte 0x2d, 0x70, 0x72, 0x69, 0x6d, 0x61, 0x72, 0x79, 0x2d, 0x66, 0x6f, 0x72, 0x65, 0x67, 0x72, 0x6f
  .byte 0x75, 0x6e, 0x64, 0x3a, 0x20, 0x6f, 0x6b, 0x6c, 0x63, 0x68, 0x28, 0x30, 0x2e, 0x39, 0x38, 0x35
  .byte 0x20, 0x30, 0x20, 0x30, 0x29, 0x3b, 0x0a, 0x20, 0x20, 0x2d, 0x2d, 0x73, 0x65, 0x63, 0x6f, 0x6e
  .byte 0x64, 0x61, 0x72, 0x79, 0x3a, 0x20, 0x6f, 0x6b, 0x6c, 0x63, 0x68, 0x28, 0x30, 0x2e, 0x39, 0x37
  .byte 0x20, 0x30, 0x20, 0x30, 0x29, 0x3b, 0x0a, 0x20, 0x20, 0x2d, 0x2d, 0x73, 0x65, 0x63, 0x6f, 0x6e
  .byte 0x64, 0x61, 0x72, 0x79, 0x2d, 0x66, 0x6f, 0x72, 0x65, 0x67, 0x72, 0x6f, 0x75, 0x6e, 0x64, 0x3a
  .byte 0x20, 0x6f, 0x6b, 0x6c, 0x63, 0x68, 0x28, 0x30, 0x2e, 0x32, 0x30, 0x35, 0x20, 0x30, 0x20, 0x30
  .byte 0x29, 0x3b, 0x0a, 0x20, 0x20, 0x2d, 0x2d, 0x6d, 0x75, 0x74, 0x65, 0x64, 0x3a, 0x20, 0x6f, 0x6b
  .byte 0x6c, 0x63, 0x68, 0x28, 0x30, 0x2e, 0x39, 0x37, 0x20, 0x30, 0x20, 0x30, 0x29, 0x3b, 0x0a, 0x20
  .byte 0x20, 0x2d, 0x2d, 0x6d, 0x75, 0x74, 0x65, 0x64, 0x2d, 0x66, 0x6f, 0x72, 0x65, 0x67, 0x72, 0x6f
  .byte 0x75, 0x6e, 0x64, 0x3a, 0x20, 0x6f, 0x6b, 0x6c, 0x63, 0x68, 0x28, 0x30, 0x2e, 0x35, 0x35, 0x36
  .byte 0x20, 0x30, 0x20, 0x30, 0x29, 0x3b, 0x0a, 0x20, 0x20, 0x2d, 0x2d, 0x61, 0x63, 0x63, 0x65, 0x6e
  .byte 0x74, 0x3a, 0x20, 0x6f, 0x6b, 0x6c, 0x63, 0x68, 0x28, 0x30, 0x2e, 0x39, 0x37, 0x20, 0x30, 0x20
  .byte 0x30, 0x29, 0x3b, 0x0a, 0x20, 0x20, 0x2d, 0x2d, 0x61, 0x63, 0x63, 0x65, 0x6e, 0x74, 0x2d, 0x66
  .byte 0x6f, 0x72, 0x65, 0x67, 0x72, 0x6f, 0x75, 0x6e, 0x64, 0x3a, 0x20, 0x6f, 0x6b, 0x6c, 0x63, 0x68
  .byte 0x28, 0x30, 0x2e, 0x32, 0x30, 0x35, 0x20, 0x30, 0x20, 0x30, 0x29, 0x3b, 0x0a, 0x20, 0x20, 0x2d
  .byte 0x2d, 0x64, 0x65, 0x73, 0x74, 0x72, 0x75, 0x63, 0x74, 0x69, 0x76, 0x65, 0x3a, 0x20, 0x6f, 0x6b
  .byte 0x6c, 0x63, 0x68, 0x28, 0x30, 0x2e, 0x35, 0x37, 0x37, 0x20, 0x30, 0x2e, 0x32, 0x34, 0x35, 0x20
  .byte 0x32, 0x37, 0x2e, 0x33, 0x32, 0x35, 0x29, 0x3b, 0x0a, 0x20, 0x20, 0x2d, 0x2d, 0x64, 0x65, 0x73
  .byte 0x74, 0x72, 0x75, 0x63, 0x74, 0x69, 0x76, 0x65, 0x2d, 0x66, 0x6f, 0x72, 0x65, 0x67, 0x72, 0x6f
  .byte 0x75, 0x6e, 0x64, 0x3a, 0x20, 0x6f, 0x6b, 0x6c, 0x63, 0x68, 0x28, 0x30, 0x2e, 0x39, 0x38, 0x35
  .byte 0x20, 0x30, 0x20, 0x30, 0x29, 0x3b, 0x0a, 0x20, 0x20, 0x2d, 0x2d, 0x62, 0x6f, 0x72, 0x64, 0x65
  .byte 0x72, 0x3a, 0x20, 0x6f, 0x6b, 0x6c, 0x63, 0x68, 0x28, 0x30, 0x2e, 0x39, 0x32, 0x32, 0x20, 0x30
  .byte 0x20, 0x30, 0x29, 0x3b, 0x0a, 0x20, 0x20, 0x2d, 0x2d, 0x69, 0x6e, 0x70, 0x75, 0x74, 0x3a, 0x20
  .byte 0x6f, 0x6b, 0x6c, 0x63, 0x68, 0x28, 0x30, 0x2e, 0x39, 0x32, 0x32, 0x20, 0x30, 0x20, 0x30, 0x29
  .byte 0x3b, 0x0a, 0x20, 0x20, 0x2d, 0x2d, 0x72, 0x69, 0x6e, 0x67, 0x3a, 0x20, 0x6f, 0x6b, 0x6c, 0x63
  .byte 0x68, 0x28, 0x30, 0x2e, 0x37, 0x30, 0x38, 0x20, 0x30, 0x20, 0x30, 0x29, 0x3b, 0x0a, 0x20, 0x20
  .byte 0x2d, 0x2d, 0x63, 0x68, 0x61, 0x72, 0x74, 0x2d, 0x31, 0x3a, 0x20, 0x6f, 0x6b, 0x6c, 0x63, 0x68
  .byte 0x28, 0x30, 0x2e, 0x36, 0x34, 0x36, 0x20, 0x30, 0x2e, 0x32, 0x32, 0x32, 0x20, 0x34, 0x31, 0x2e
  .byte 0x31, 0x31, 0x36, 0x29, 0x3b, 0x0a, 0x20, 0x20, 0x2d, 0x2d, 0x63, 0x68, 0x61, 0x72, 0x74, 0x2d
  .byte 0x32, 0x3a, 0x20, 0x6f, 0x6b, 0x6c, 0x63, 0x68, 0x28, 0x30, 0x2e, 0x36, 0x20, 0x30, 0x2e, 0x31
  .byte 0x31, 0x38, 0x20, 0x31, 0x38, 0x34, 0x2e, 0x37, 0x31, 0x34, 0x29, 0x3b, 0x0a, 0x20, 0x20, 0x2d
  .byte 0x2d, 0x63, 0x68, 0x61, 0x72, 0x74, 0x2d, 0x33, 0x3a, 0x20, 0x6f, 0x6b, 0x6c, 0x63, 0x68, 0x28
  .byte 0x30, 0x2e, 0x33, 0x39, 0x38, 0x20, 0x30, 0x2e, 0x30, 0x37, 0x20, 0x32, 0x32, 0x37, 0x2e, 0x33
  .byte 0x39, 0x32, 0x29, 0x3b, 0x0a, 0x20, 0x20, 0x2d, 0x2d, 0x63, 0x68, 0x61, 0x72, 0x74, 0x2d, 0x34
  .byte 0x3a, 0x20, 0x6f, 0x6b, 0x6c, 0x63, 0x68, 0x28, 0x30, 0x2e, 0x38, 0x32, 0x38, 0x20, 0x30, 0x2e
  .byte 0x31, 0x38, 0x39, 0x20, 0x38, 0x34, 0x2e, 0x34, 0x32, 0x39, 0x29, 0x3b, 0x0a, 0x20, 0x20, 0x2d
  .byte 0x2d, 0x63, 0x68, 0x61, 0x72, 0x74, 0x2d, 0x35, 0x3a, 0x20, 0x6f, 0x6b, 0x6c, 0x63, 0x68, 0x28
  .byte 0x30, 0x2e, 0x37, 0x36, 0x39, 0x20, 0x30, 0x2e, 0x31, 0x38, 0x38, 0x20, 0x37, 0x30, 0x2e, 0x30
  .byte 0x38, 0x29, 0x3b, 0x0a, 0x20, 0x20, 0x2d, 0x2d, 0x73, 0x69, 0x64, 0x65, 0x62, 0x61, 0x72, 0x3a
  .byte 0x20, 0x6f, 0x6b, 0x6c, 0x63, 0x68, 0x28, 0x30, 0x2e, 0x39, 0x38, 0x35, 0x20, 0x30, 0x20, 0x30
  .byte 0x29, 0x3b, 0x0a, 0x20, 0x20, 0x2d, 0x2d, 0x73, 0x69, 0x64, 0x65, 0x62, 0x61, 0x72, 0x2d, 0x66
  .byte 0x6f, 0x72, 0x65, 0x67, 0x72, 0x6f, 0x75, 0x6e, 0x64, 0x3a, 0x20, 0x6f, 0x6b, 0x6c, 0x63, 0x68
  .byte 0x28, 0x30, 0x2e, 0x31, 0x34, 0x35, 0x20, 0x30, 0x20, 0x30, 0x29, 0x3b, 0x0a, 0x20, 0x20, 0x2d
  .byte 0x2d, 0x73, 0x69, 0x64, 0x65, 0x62, 0x61, 0x72, 0x2d, 0x70, 0x72, 0x69, 0x6d, 0x61, 0x72, 0x79
  .byte 0x3a, 0x20, 0x6f, 0x6b, 0x6c, 0x63, 0x68, 0x28, 0x30, 0x2e, 0x32, 0x30, 0x35, 0x20, 0x30, 0x20
  .byte 0x30, 0x29, 0x3b, 0x0a, 0x20, 0x20, 0x2d, 0x2d, 0x73, 0x69, 0x64, 0x65, 0x62, 0x61, 0x72, 0x2d
  .byte 0x70, 0x72, 0x69, 0x6d, 0x61, 0x72, 0x79, 0x2d, 0x66, 0x6f, 0x72, 0x65, 0x67, 0x72, 0x6f, 0x75
  .byte 0x6e, 0x64, 0x3a, 0x20, 0x6f, 0x6b, 0x6c, 0x63, 0x68, 0x28, 0x30, 0x2e, 0x39, 0x38, 0x35, 0x20
  .byte 0x30, 0x20, 0x30, 0x29, 0x3b, 0x0a, 0x20, 0x20, 0x2d, 0x2d, 0x73, 0x69, 0x64, 0x65, 0x62, 0x61
  .byte 0x72, 0x2d, 0x61, 0x63, 0x63, 0x65, 0x6e, 0x74, 0x3a, 0x20, 0x6f, 0x6b, 0x6c, 0x63, 0x68, 0x28
  .byte 0x30, 0x2e, 0x39, 0x37, 0x20, 0x30, 0x20, 0x30, 0x29, 0x3b, 0x0a, 0x20, 0x20, 0x2d, 0x2d, 0x73
  .byte 0x69, 0x64, 0x65, 0x62, 0x61, 0x72, 0x2d, 0x61, 0x63, 0x63, 0x65, 0x6e, 0x74, 0x2d, 0x66, 0x6f
  .byte 0x72, 0x65, 0x67, 0x72, 0x6f, 0x75, 0x6e, 0x64, 0x3a, 0x20, 0x6f, 0x6b, 0x6c, 0x63, 0x68, 0x28
  .byte 0x30, 0x2e, 0x32, 0x30, 0x35, 0x20, 0x30, 0x20, 0x30, 0x29, 0x3b, 0x0a, 0x20, 0x20, 0x2d, 0x2d
  .byte 0x73, 0x69, 0x64, 0x65, 0x62, 0x61, 0x72, 0x2d, 0x62, 0x6f, 0x72, 0x64, 0x65, 0x72, 0x3a, 0x20
  .byte 0x6f, 0x6b, 0x6c, 0x63, 0x68, 0x28, 0x30, 0x2e, 0x39, 0x32, 0x32, 0x20, 0x30, 0x20, 0x30, 0x29
  .byte 0x3b, 0x0a, 0x20, 0x20, 0x2d, 0x2d, 0x73, 0x69, 0x64, 0x65, 0x62, 0x61, 0x72, 0x2d, 0x72, 0x69
  .byte 0x6e, 0x67, 0x3a, 0x20, 0x6f, 0x6b, 0x6c, 0x63, 0x68, 0x28, 0x30, 0x2e, 0x37, 0x30, 0x38, 0x20
  .byte 0x30, 0x20, 0x30, 0x29, 0x3b, 0x0a, 0x7d, 0x0a, 0x0a, 0x5b, 0x64, 0x61, 0x74, 0x61, 0x2d, 0x74
  .byte 0x68, 0x65, 0x6d, 0x65, 0x3d, 0x22, 0x64, 0x61, 0x72, 0x6b, 0x22, 0x5d, 0x20, 0x7b, 0x0a, 0x20
  .byte 0x20, 0x2d, 0x2d, 0x62, 0x61, 0x63, 0x6b, 0x67, 0x72, 0x6f, 0x75, 0x6e, 0x64, 0x3a, 0x20, 0x6f
  .byte 0x6b, 0x6c, 0x63, 0x68, 0x28, 0x30, 0x2e, 0x31, 0x34, 0x35, 0x20, 0x30, 0x20, 0x30, 0x29, 0x3b
  .byte 0x0a, 0x20, 0x20, 0x2d, 0x2d, 0x66, 0x6f, 0x72, 0x65, 0x67, 0x72, 0x6f, 0x75, 0x6e, 0x64, 0x3a
  .byte 0x20, 0x6f, 0x6b, 0x6c, 0x63, 0x68, 0x28, 0x30, 0x2e, 0x39, 0x38, 0x35, 0x20, 0x30, 0x20, 0x30
  .byte 0x29, 0x3b, 0x0a, 0x20, 0x20, 0x2d, 0x2d, 0x63, 0x61, 0x72, 0x64, 0x3a, 0x20, 0x6f, 0x6b, 0x6c
  .byte 0x63, 0x68, 0x28, 0x30, 0x2e, 0x32, 0x30, 0x35, 0x20, 0x30, 0x20, 0x30, 0x29, 0x3b, 0x0a, 0x20
  .byte 0x20, 0x2d, 0x2d, 0x63, 0x61, 0x72, 0x64, 0x2d, 0x66, 0x6f, 0x72, 0x65, 0x67, 0x72, 0x6f, 0x75
  .byte 0x6e, 0x64, 0x3a, 0x20, 0x6f, 0x6b, 0x6c, 0x63, 0x68, 0x28, 0x30, 0x2e, 0x39, 0x38, 0x35, 0x20
  .byte 0x30, 0x20, 0x30, 0x29, 0x3b, 0x0a, 0x20, 0x20, 0x2d, 0x2d, 0x70, 0x6f, 0x70, 0x6f, 0x76, 0x65
  .byte 0x72, 0x3a, 0x20, 0x6f, 0x6b, 0x6c, 0x63, 0x68, 0x28, 0x30, 0x2e, 0x32, 0x36, 0x39, 0x20, 0x30
  .byte 0x20, 0x30, 0x29, 0x3b, 0x0a, 0x20, 0x20, 0x2d, 0x2d, 0x70, 0x6f, 0x70, 0x6f, 0x76, 0x65, 0x72
  .byte 0x2d, 0x66, 0x6f, 0x72, 0x65, 0x67, 0x72, 0x6f, 0x75, 0x6e, 0x64, 0x3a, 0x20, 0x6f, 0x6b, 0x6c
  .byte 0x63, 0x68, 0x28, 0x30, 0x2e, 0x39, 0x38, 0x35, 0x20, 0x30, 0x20, 0x30, 0x29, 0x3b, 0x0a, 0x20
  .byte 0x20, 0x2d, 0x2d, 0x70, 0x72, 0x69, 0x6d, 0x61, 0x72, 0x79, 0x3a, 0x20, 0x6f, 0x6b, 0x6c, 0x63
  .byte 0x68, 0x28, 0x30, 0x2e, 0x39, 0x32, 0x32, 0x20, 0x30, 0x20, 0x30, 0x29, 0x3b, 0x0a, 0x20, 0x20
  .byte 0x2d, 0x2d, 0x70, 0x72, 0x69, 0x6d, 0x61, 0x72, 0x79, 0x2d, 0x66, 0x6f, 0x72, 0x65, 0x67, 0x72
  .byte 0x6f, 0x75, 0x6e, 0x64, 0x3a, 0x20, 0x6f, 0x6b, 0x6c, 0x63, 0x68, 0x28, 0x30, 0x2e, 0x32, 0x30
  .byte 0x35, 0x20, 0x30, 0x20, 0x30, 0x29, 0x3b, 0x0a, 0x20, 0x20, 0x2d, 0x2d, 0x73, 0x65, 0x63, 0x6f
  .byte 0x6e, 0x64, 0x61, 0x72, 0x79, 0x3a, 0x20, 0x6f, 0x6b, 0x6c, 0x63, 0x68, 0x28, 0x30, 0x2e, 0x32
  .byte 0x36, 0x39, 0x20, 0x30, 0x20, 0x30, 0x29, 0x3b, 0x0a, 0x20, 0x20, 0x2d, 0x2d, 0x73, 0x65, 0x63
  .byte 0x6f, 0x6e, 0x64, 0x61, 0x72, 0x79, 0x2d, 0x66, 0x6f, 0x72, 0x65, 0x67, 0x72, 0x6f, 0x75, 0x6e
  .byte 0x64, 0x3a, 0x20, 0x6f, 0x6b, 0x6c, 0x63, 0x68, 0x28, 0x30, 0x2e, 0x39, 0x38, 0x35, 0x20, 0x30
  .byte 0x20, 0x30, 0x29, 0x3b, 0x0a, 0x20, 0x20, 0x2d, 0x2d, 0x6d, 0x75, 0x74, 0x65, 0x64, 0x3a, 0x20
  .byte 0x6f, 0x6b, 0x6c, 0x63, 0x68, 0x28, 0x30, 0x2e, 0x32, 0x36, 0x39, 0x20, 0x30, 0x20, 0x30, 0x29
  .byte 0x3b, 0x0a, 0x20, 0x20, 0x2d, 0x2d, 0x6d, 0x75, 0x74, 0x65, 0x64, 0x2d, 0x66, 0x6f, 0x72, 0x65
  .byte 0x67, 0x72, 0x6f, 0x75, 0x6e, 0x64, 0x3a, 0x20, 0x6f, 0x6b, 0x6c, 0x63, 0x68, 0x28, 0x30, 0x2e
  .byte 0x37, 0x30, 0x38, 0x20, 0x30, 0x20, 0x30, 0x29, 0x3b, 0x0a, 0x20, 0x20, 0x2d, 0x2d, 0x61, 0x63
  .byte 0x63, 0x65, 0x6e, 0x74, 0x3a, 0x20, 0x6f, 0x6b, 0x6c, 0x63, 0x68, 0x28, 0x30, 0x2e, 0x33, 0x37
  .byte 0x31, 0x20, 0x30, 0x20, 0x30, 0x29, 0x3b, 0x0a, 0x20, 0x20, 0x2d, 0x2d, 0x61, 0x63, 0x63, 0x65
  .byte 0x6e, 0x74, 0x2d, 0x66, 0x6f, 0x72, 0x65, 0x67, 0x72, 0x6f, 0x75, 0x6e, 0x64, 0x3a, 0x20, 0x6f
  .byte 0x6b, 0x6c, 0x63, 0x68, 0x28, 0x30, 0x2e, 0x39, 0x38, 0x35, 0x20, 0x30, 0x20, 0x30, 0x29, 0x3b
  .byte 0x0a, 0x20, 0x20, 0x2d, 0x2d, 0x64, 0x65, 0x73, 0x74, 0x72, 0x75, 0x63, 0x74, 0x69, 0x76, 0x65
  .byte 0x3a, 0x20, 0x6f, 0x6b, 0x6c, 0x63, 0x68, 0x28, 0x30, 0x2e, 0x37, 0x30, 0x34, 0x20, 0x30, 0x2e
  .byte 0x31, 0x39, 0x31, 0x20, 0x32, 0x32, 0x2e, 0x32, 0x31, 0x36, 0x29, 0x3b, 0x0a, 0x20, 0x20, 0x2d
  .byte 0x2d, 0x64, 0x65, 0x73, 0x74, 0x72, 0x75, 0x63, 0x74, 0x69, 0x76, 0x65, 0x2d, 0x66, 0x6f, 0x72
  .byte 0x65, 0x67, 0x72, 0x6f, 0x75, 0x6e, 0x64, 0x3a, 0x20, 0x6f, 0x6b, 0x6c, 0x63, 0x68, 0x28, 0x30
  .byte 0x2e, 0x39, 0x38, 0x35, 0x20, 0x30, 0x20, 0x30, 0x29, 0x3b, 0x0a, 0x20, 0x20, 0x2d, 0x2d, 0x62
  .byte 0x6f, 0x72, 0x64, 0x65, 0x72, 0x3a, 0x20, 0x6f, 0x6b, 0x6c, 0x63, 0x68, 0x28, 0x31, 0x20, 0x30
  .byte 0x20, 0x30, 0x20, 0x2f, 0x20, 0x31, 0x30, 0x25, 0x29, 0x3b, 0x0a, 0x20, 0x20, 0x2d, 0x2d, 0x69
  .byte 0x6e, 0x70, 0x75, 0x74, 0x3a, 0x20, 0x6f, 0x6b, 0x6c, 0x63, 0x68, 0x28, 0x31, 0x20, 0x30, 0x20
  .byte 0x30, 0x20, 0x2f, 0x20, 0x31, 0x35, 0x25, 0x29, 0x3b, 0x0a, 0x20, 0x20, 0x2d, 0x2d, 0x72, 0x69
  .byte 0x6e, 0x67, 0x3a, 0x20, 0x6f, 0x6b, 0x6c, 0x63, 0x68, 0x28, 0x30, 0x2e, 0x35, 0x35, 0x36, 0x20
  .byte 0x30, 0x20, 0x30, 0x29, 0x3b, 0x0a, 0x20, 0x20, 0x2d, 0x2d, 0x63, 0x68, 0x61, 0x72, 0x74, 0x2d
  .byte 0x31, 0x3a, 0x20, 0x6f, 0x6b, 0x6c, 0x63, 0x68, 0x28, 0x30, 0x2e, 0x34, 0x38, 0x38, 0x20, 0x30
  .byte 0x2e, 0x32, 0x34, 0x33, 0x20, 0x32, 0x36, 0x34, 0x2e, 0x33, 0x37, 0x36, 0x29, 0x3b, 0x0a, 0x20
  .byte 0x20, 0x2d, 0x2d, 0x63, 0x68, 0x61, 0x72, 0x74, 0x2d, 0x32, 0x3a, 0x20, 0x6f, 0x6b, 0x6c, 0x63
  .byte 0x68, 0x28, 0x30, 0x2e, 0x36, 0x39, 0x36, 0x20, 0x30, 0x2e, 0x31, 0x37, 0x20, 0x31, 0x36, 0x32
  .byte 0x2e, 0x34, 0x38, 0x29, 0x3b, 0x0a, 0x20, 0x20, 0x2d, 0x2d, 0x63, 0x68, 0x61, 0x72, 0x74, 0x2d
  .byte 0x33, 0x3a, 0x20, 0x6f, 0x6b, 0x6c, 0x63, 0x68, 0x28, 0x30, 0x2e, 0x37, 0x36, 0x39, 0x20, 0x30
  .byte 0x2e, 0x31, 0x38, 0x38, 0x20, 0x37, 0x30, 0x2e, 0x30, 0x38, 0x29, 0x3b, 0x0a, 0x20, 0x20, 0x2d
  .byte 0x2d, 0x63, 0x68, 0x61, 0x72, 0x74, 0x2d, 0x34, 0x3a, 0x20, 0x6f, 0x6b, 0x6c, 0x63, 0x68, 0x28
  .byte 0x30, 0x2e, 0x36, 0x32, 0x37, 0x20, 0x30, 0x2e, 0x32, 0x36, 0x35, 0x20, 0x33, 0x30, 0x33, 0x2e
  .byte 0x39, 0x29, 0x3b, 0x0a, 0x20, 0x20, 0x2d, 0x2d, 0x63, 0x68, 0x61, 0x72, 0x74, 0x2d, 0x35, 0x3a
  .byte 0x20, 0x6f, 0x6b, 0x6c, 0x63, 0x68, 0x28, 0x30, 0x2e, 0x36, 0x34, 0x35, 0x20, 0x30, 0x2e, 0x32
  .byte 0x34, 0x36, 0x20, 0x31, 0x36, 0x2e, 0x34, 0x33, 0x39, 0x29, 0x3b, 0x0a, 0x20, 0x20, 0x2d, 0x2d
  .byte 0x73, 0x69, 0x64, 0x65, 0x62, 0x61, 0x72, 0x3a, 0x20, 0x6f, 0x6b, 0x6c, 0x63, 0x68, 0x28, 0x30
  .byte 0x2e, 0x32, 0x30, 0x35, 0x20, 0x30, 0x20, 0x30, 0x29, 0x3b, 0x0a, 0x20, 0x20, 0x2d, 0x2d, 0x73
  .byte 0x69, 0x64, 0x65, 0x62, 0x61, 0x72, 0x2d, 0x66, 0x6f, 0x72, 0x65, 0x67, 0x72, 0x6f, 0x75, 0x6e
  .byte 0x64, 0x3a, 0x20, 0x6f, 0x6b, 0x6c, 0x63, 0x68, 0x28, 0x30, 0x2e, 0x39, 0x38, 0x35, 0x20, 0x30
  .byte 0x20, 0x30, 0x29, 0x3b, 0x0a, 0x20, 0x20, 0x2d, 0x2d, 0x73, 0x69, 0x64, 0x65, 0x62, 0x61, 0x72
  .byte 0x2d, 0x70, 0x72, 0x69, 0x6d, 0x61, 0x72, 0x79, 0x3a, 0x20, 0x6f, 0x6b, 0x6c, 0x63, 0x68, 0x28
  .byte 0x30, 0x2e, 0x34, 0x38, 0x38, 0x20, 0x30, 0x2e, 0x32, 0x34, 0x33, 0x20, 0x32, 0x36, 0x34, 0x2e
  .byte 0x33, 0x37, 0x36, 0x29, 0x3b, 0x0a, 0x20, 0x20, 0x2d, 0x2d, 0x73, 0x69, 0x64, 0x65, 0x62, 0x61
  .byte 0x72, 0x2d, 0x70, 0x72, 0x69, 0x6d, 0x61, 0x72, 0x79, 0x2d, 0x66, 0x6f, 0x72, 0x65, 0x67, 0x72
  .byte 0x6f, 0x75, 0x6e, 0x64, 0x3a, 0x20, 0x6f, 0x6b, 0x6c, 0x63, 0x68, 0x28, 0x30, 0x2e, 0x39, 0x38
  .byte 0x35, 0x20, 0x30, 0x20, 0x30, 0x29, 0x3b, 0x0a, 0x20, 0x20, 0x2d, 0x2d, 0x73, 0x69, 0x64, 0x65
  .byte 0x62, 0x61, 0x72, 0x2d, 0x61, 0x63, 0x63, 0x65, 0x6e, 0x74, 0x3a, 0x20, 0x6f, 0x6b, 0x6c, 0x63
  .byte 0x68, 0x28, 0x30, 0x2e, 0x32, 0x36, 0x39, 0x20, 0x30, 0x20, 0x30, 0x29, 0x3b, 0x0a, 0x20, 0x20
  .byte 0x2d, 0x2d, 0x73, 0x69, 0x64, 0x65, 0x62, 0x61, 0x72, 0x2d, 0x61, 0x63, 0x63, 0x65, 0x6e, 0x74
  .byte 0x2d, 0x66, 0x6f, 0x72, 0x65, 0x67, 0x72, 0x6f, 0x75, 0x6e, 0x64, 0x3a, 0x20, 0x6f, 0x6b, 0x6c
  .byte 0x63, 0x68, 0x28, 0x30, 0x2e, 0x39, 0x38, 0x35, 0x20, 0x30, 0x20, 0x30, 0x29, 0x3b, 0x0a, 0x20
  .byte 0x20, 0x2d, 0x2d, 0x73, 0x69, 0x64, 0x65, 0x62, 0x61, 0x72, 0x2d, 0x62, 0x6f, 0x72, 0x64, 0x65
  .byte 0x72, 0x3a, 0x20, 0x6f, 0x6b, 0x6c, 0x63, 0x68, 0x28, 0x31, 0x20, 0x30, 0x20, 0x30, 0x20, 0x2f
  .byte 0x20, 0x31, 0x30, 0x25, 0x29, 0x3b, 0x0a, 0x20, 0x20, 0x2d, 0x2d, 0x73, 0x69, 0x64, 0x65, 0x62
  .byte 0x61, 0x72, 0x2d, 0x72, 0x69, 0x6e, 0x67, 0x3a, 0x20, 0x6f, 0x6b, 0x6c, 0x63, 0x68, 0x28, 0x30
  .byte 0x2e, 0x34, 0x33, 0x39, 0x20, 0x30, 0x20, 0x30, 0x29, 0x3b, 0x0a, 0x7d, 0x0a, 0x0a, 0x40, 0x6c
  .byte 0x61, 0x79, 0x65, 0x72, 0x20, 0x62, 0x61, 0x73, 0x65, 0x20, 0x7b, 0x0a, 0x20, 0x20, 0x2a, 0x20
  .byte 0x7b, 0x0a, 0x20, 0x20, 0x20, 0x20, 0x40, 0x61, 0x70, 0x70, 0x6c, 0x79, 0x20, 0x62, 0x6f, 0x72
  .byte 0x64, 0x65, 0x72, 0x2d, 0x62, 0x6f, 0x72, 0x64, 0x65, 0x72, 0x3b, 0x0a, 0x20, 0x20, 0x7d, 0x0a
  .byte 0x20, 0x20, 0x62, 0x6f, 0x64, 0x79, 0x20, 0x7b, 0x0a, 0x20, 0x20, 0x20, 0x20, 0x40, 0x61, 0x70
  .byte 0x70, 0x6c, 0x79, 0x20, 0x62, 0x67, 0x2d, 0x62, 0x61, 0x63, 0x6b, 0x67, 0x72, 0x6f, 0x75, 0x6e
  .byte 0x64, 0x20, 0x74, 0x65, 0x78, 0x74, 0x2d, 0x66, 0x6f, 0x72, 0x65, 0x67, 0x72, 0x6f, 0x75, 0x6e
  .byte 0x64, 0x3b, 0x0a, 0x20, 0x20, 0x7d, 0x0a, 0x7d, 0x0a

  .globl openui_full_port_examples_shadcn_chat_src_app_globals_css_0ed12af45557_pass_3_len
openui_full_port_examples_shadcn_chat_src_app_globals_css_0ed12af45557_pass_3_len:
  .quad 4233

# assembly pass: 4/4
  .globl openui_full_port_examples_shadcn_chat_src_app_globals_css_0ed12af45557_pass_4
openui_full_port_examples_shadcn_chat_src_app_globals_css_0ed12af45557_pass_4:
  .byte 0x40, 0x69, 0x6d, 0x70, 0x6f, 0x72, 0x74, 0x20, 0x22, 0x74, 0x61, 0x69, 0x6c, 0x77, 0x69, 0x6e
  .byte 0x64, 0x63, 0x73, 0x73, 0x22, 0x3b, 0x0a, 0x0a, 0x40, 0x63, 0x75, 0x73, 0x74, 0x6f, 0x6d, 0x2d
  .byte 0x76, 0x61, 0x72, 0x69, 0x61, 0x6e, 0x74, 0x20, 0x64, 0x61, 0x72, 0x6b, 0x20, 0x28, 0x26, 0x3a
  .byte 0x69, 0x73, 0x28, 0x5b, 0x64, 0x61, 0x74, 0x61, 0x2d, 0x74, 0x68, 0x65, 0x6d, 0x65, 0x3d, 0x22
  .byte 0x64, 0x61, 0x72, 0x6b, 0x22, 0x5d, 0x20, 0x2a, 0x29, 0x29, 0x3b, 0x0a, 0x0a, 0x40, 0x74, 0x68
  .byte 0x65, 0x6d, 0x65, 0x20, 0x69, 0x6e, 0x6c, 0x69, 0x6e, 0x65, 0x20, 0x7b, 0x0a, 0x20, 0x20, 0x2d
  .byte 0x2d, 0x63, 0x6f, 0x6c, 0x6f, 0x72, 0x2d, 0x62, 0x61, 0x63, 0x6b, 0x67, 0x72, 0x6f, 0x75, 0x6e
  .byte 0x64, 0x3a, 0x20, 0x76, 0x61, 0x72, 0x28, 0x2d, 0x2d, 0x62, 0x61, 0x63, 0x6b, 0x67, 0x72, 0x6f
  .byte 0x75, 0x6e, 0x64, 0x29, 0x3b, 0x0a, 0x20, 0x20, 0x2d, 0x2d, 0x63, 0x6f, 0x6c, 0x6f, 0x72, 0x2d
  .byte 0x66, 0x6f, 0x72, 0x65, 0x67, 0x72, 0x6f, 0x75, 0x6e, 0x64, 0x3a, 0x20, 0x76, 0x61, 0x72, 0x28
  .byte 0x2d, 0x2d, 0x66, 0x6f, 0x72, 0x65, 0x67, 0x72, 0x6f, 0x75, 0x6e, 0x64, 0x29, 0x3b, 0x0a, 0x20
  .byte 0x20, 0x2d, 0x2d, 0x63, 0x6f, 0x6c, 0x6f, 0x72, 0x2d, 0x63, 0x61, 0x72, 0x64, 0x3a, 0x20, 0x76
  .byte 0x61, 0x72, 0x28, 0x2d, 0x2d, 0x63, 0x61, 0x72, 0x64, 0x29, 0x3b, 0x0a, 0x20, 0x20, 0x2d, 0x2d
  .byte 0x63, 0x6f, 0x6c, 0x6f, 0x72, 0x2d, 0x63, 0x61, 0x72, 0x64, 0x2d, 0x66, 0x6f, 0x72, 0x65, 0x67
  .byte 0x72, 0x6f, 0x75, 0x6e, 0x64, 0x3a, 0x20, 0x76, 0x61, 0x72, 0x28, 0x2d, 0x2d, 0x63, 0x61, 0x72
  .byte 0x64, 0x2d, 0x66, 0x6f, 0x72, 0x65, 0x67, 0x72, 0x6f, 0x75, 0x6e, 0x64, 0x29, 0x3b, 0x0a, 0x20
  .byte 0x20, 0x2d, 0x2d, 0x63, 0x6f, 0x6c, 0x6f, 0x72, 0x2d, 0x70, 0x6f, 0x70, 0x6f, 0x76, 0x65, 0x72
  .byte 0x3a, 0x20, 0x76, 0x61, 0x72, 0x28, 0x2d, 0x2d, 0x70, 0x6f, 0x70, 0x6f, 0x76, 0x65, 0x72, 0x29
  .byte 0x3b, 0x0a, 0x20, 0x20, 0x2d, 0x2d, 0x63, 0x6f, 0x6c, 0x6f, 0x72, 0x2d, 0x70, 0x6f, 0x70, 0x6f
  .byte 0x76, 0x65, 0x72, 0x2d, 0x66, 0x6f, 0x72, 0x65, 0x67, 0x72, 0x6f, 0x75, 0x6e, 0x64, 0x3a, 0x20
  .byte 0x76, 0x61, 0x72, 0x28, 0x2d, 0x2d, 0x70, 0x6f, 0x70, 0x6f, 0x76, 0x65, 0x72, 0x2d, 0x66, 0x6f
  .byte 0x72, 0x65, 0x67, 0x72, 0x6f, 0x75, 0x6e, 0x64, 0x29, 0x3b, 0x0a, 0x20, 0x20, 0x2d, 0x2d, 0x63
  .byte 0x6f, 0x6c, 0x6f, 0x72, 0x2d, 0x70, 0x72, 0x69, 0x6d, 0x61, 0x72, 0x79, 0x3a, 0x20, 0x76, 0x61
  .byte 0x72, 0x28, 0x2d, 0x2d, 0x70, 0x72, 0x69, 0x6d, 0x61, 0x72, 0x79, 0x29, 0x3b, 0x0a, 0x20, 0x20
  .byte 0x2d, 0x2d, 0x63, 0x6f, 0x6c, 0x6f, 0x72, 0x2d, 0x70, 0x72, 0x69, 0x6d, 0x61, 0x72, 0x79, 0x2d
  .byte 0x66, 0x6f, 0x72, 0x65, 0x67, 0x72, 0x6f, 0x75, 0x6e, 0x64, 0x3a, 0x20, 0x76, 0x61, 0x72, 0x28
  .byte 0x2d, 0x2d, 0x70, 0x72, 0x69, 0x6d, 0x61, 0x72, 0x79, 0x2d, 0x66, 0x6f, 0x72, 0x65, 0x67, 0x72
  .byte 0x6f, 0x75, 0x6e, 0x64, 0x29, 0x3b, 0x0a, 0x20, 0x20, 0x2d, 0x2d, 0x63, 0x6f, 0x6c, 0x6f, 0x72
  .byte 0x2d, 0x73, 0x65, 0x63, 0x6f, 0x6e, 0x64, 0x61, 0x72, 0x79, 0x3a, 0x20, 0x76, 0x61, 0x72, 0x28
  .byte 0x2d, 0x2d, 0x73, 0x65, 0x63, 0x6f, 0x6e, 0x64, 0x61, 0x72, 0x79, 0x29, 0x3b, 0x0a, 0x20, 0x20
  .byte 0x2d, 0x2d, 0x63, 0x6f, 0x6c, 0x6f, 0x72, 0x2d, 0x73, 0x65, 0x63, 0x6f, 0x6e, 0x64, 0x61, 0x72
  .byte 0x79, 0x2d, 0x66, 0x6f, 0x72, 0x65, 0x67, 0x72, 0x6f, 0x75, 0x6e, 0x64, 0x3a, 0x20, 0x76, 0x61
  .byte 0x72, 0x28, 0x2d, 0x2d, 0x73, 0x65, 0x63, 0x6f, 0x6e, 0x64, 0x61, 0x72, 0x79, 0x2d, 0x66, 0x6f
  .byte 0x72, 0x65, 0x67, 0x72, 0x6f, 0x75, 0x6e, 0x64, 0x29, 0x3b, 0x0a, 0x20, 0x20, 0x2d, 0x2d, 0x63
  .byte 0x6f, 0x6c, 0x6f, 0x72, 0x2d, 0x6d, 0x75, 0x74, 0x65, 0x64, 0x3a, 0x20, 0x76, 0x61, 0x72, 0x28
  .byte 0x2d, 0x2d, 0x6d, 0x75, 0x74, 0x65, 0x64, 0x29, 0x3b, 0x0a, 0x20, 0x20, 0x2d, 0x2d, 0x63, 0x6f
  .byte 0x6c, 0x6f, 0x72, 0x2d, 0x6d, 0x75, 0x74, 0x65, 0x64, 0x2d, 0x66, 0x6f, 0x72, 0x65, 0x67, 0x72
  .byte 0x6f, 0x75, 0x6e, 0x64, 0x3a, 0x20, 0x76, 0x61, 0x72, 0x28, 0x2d, 0x2d, 0x6d, 0x75, 0x74, 0x65
  .byte 0x64, 0x2d, 0x66, 0x6f, 0x72, 0x65, 0x67, 0x72, 0x6f, 0x75, 0x6e, 0x64, 0x29, 0x3b, 0x0a, 0x20
  .byte 0x20, 0x2d, 0x2d, 0x63, 0x6f, 0x6c, 0x6f, 0x72, 0x2d, 0x61, 0x63, 0x63, 0x65, 0x6e, 0x74, 0x3a
  .byte 0x20, 0x76, 0x61, 0x72, 0x28, 0x2d, 0x2d, 0x61, 0x63, 0x63, 0x65, 0x6e, 0x74, 0x29, 0x3b, 0x0a
  .byte 0x20, 0x20, 0x2d, 0x2d, 0x63, 0x6f, 0x6c, 0x6f, 0x72, 0x2d, 0x61, 0x63, 0x63, 0x65, 0x6e, 0x74
  .byte 0x2d, 0x66, 0x6f, 0x72, 0x65, 0x67, 0x72, 0x6f, 0x75, 0x6e, 0x64, 0x3a, 0x20, 0x76, 0x61, 0x72
  .byte 0x28, 0x2d, 0x2d, 0x61, 0x63, 0x63, 0x65, 0x6e, 0x74, 0x2d, 0x66, 0x6f, 0x72, 0x65, 0x67, 0x72
  .byte 0x6f, 0x75, 0x6e, 0x64, 0x29, 0x3b, 0x0a, 0x20, 0x20, 0x2d, 0x2d, 0x63, 0x6f, 0x6c, 0x6f, 0x72
  .byte 0x2d, 0x64, 0x65, 0x73, 0x74, 0x72, 0x75, 0x63, 0x74, 0x69, 0x76, 0x65, 0x3a, 0x20, 0x76, 0x61
  .byte 0x72, 0x28, 0x2d, 0x2d, 0x64, 0x65, 0x73, 0x74, 0x72, 0x75, 0x63, 0x74, 0x69, 0x76, 0x65, 0x29
  .byte 0x3b, 0x0a, 0x20, 0x20, 0x2d, 0x2d, 0x63, 0x6f, 0x6c, 0x6f, 0x72, 0x2d, 0x64, 0x65, 0x73, 0x74
  .byte 0x72, 0x75, 0x63, 0x74, 0x69, 0x76, 0x65, 0x2d, 0x66, 0x6f, 0x72, 0x65, 0x67, 0x72, 0x6f, 0x75
  .byte 0x6e, 0x64, 0x3a, 0x20, 0x76, 0x61, 0x72, 0x28, 0x2d, 0x2d, 0x64, 0x65, 0x73, 0x74, 0x72, 0x75
  .byte 0x63, 0x74, 0x69, 0x76, 0x65, 0x2d, 0x66, 0x6f, 0x72, 0x65, 0x67, 0x72, 0x6f, 0x75, 0x6e, 0x64
  .byte 0x29, 0x3b, 0x0a, 0x20, 0x20, 0x2d, 0x2d, 0x63, 0x6f, 0x6c, 0x6f, 0x72, 0x2d, 0x62, 0x6f, 0x72
  .byte 0x64, 0x65, 0x72, 0x3a, 0x20, 0x76, 0x61, 0x72, 0x28, 0x2d, 0x2d, 0x62, 0x6f, 0x72, 0x64, 0x65
  .byte 0x72, 0x29, 0x3b, 0x0a, 0x20, 0x20, 0x2d, 0x2d, 0x63, 0x6f, 0x6c, 0x6f, 0x72, 0x2d, 0x69, 0x6e
  .byte 0x70, 0x75, 0x74, 0x3a, 0x20, 0x76, 0x61, 0x72, 0x28, 0x2d, 0x2d, 0x69, 0x6e, 0x70, 0x75, 0x74
  .byte 0x29, 0x3b, 0x0a, 0x20, 0x20, 0x2d, 0x2d, 0x63, 0x6f, 0x6c, 0x6f, 0x72, 0x2d, 0x72, 0x69, 0x6e
  .byte 0x67, 0x3a, 0x20, 0x76, 0x61, 0x72, 0x28, 0x2d, 0x2d, 0x72, 0x69, 0x6e, 0x67, 0x29, 0x3b, 0x0a
  .byte 0x20, 0x20, 0x2d, 0x2d, 0x63, 0x6f, 0x6c, 0x6f, 0x72, 0x2d, 0x63, 0x68, 0x61, 0x72, 0x74, 0x2d
  .byte 0x31, 0x3a, 0x20, 0x76, 0x61, 0x72, 0x28, 0x2d, 0x2d, 0x63, 0x68, 0x61, 0x72, 0x74, 0x2d, 0x31
  .byte 0x29, 0x3b, 0x0a, 0x20, 0x20, 0x2d, 0x2d, 0x63, 0x6f, 0x6c, 0x6f, 0x72, 0x2d, 0x63, 0x68, 0x61
  .byte 0x72, 0x74, 0x2d, 0x32, 0x3a, 0x20, 0x76, 0x61, 0x72, 0x28, 0x2d, 0x2d, 0x63, 0x68, 0x61, 0x72
  .byte 0x74, 0x2d, 0x32, 0x29, 0x3b, 0x0a, 0x20, 0x20, 0x2d, 0x2d, 0x63, 0x6f, 0x6c, 0x6f, 0x72, 0x2d
  .byte 0x63, 0x68, 0x61, 0x72, 0x74, 0x2d, 0x33, 0x3a, 0x20, 0x76, 0x61, 0x72, 0x28, 0x2d, 0x2d, 0x63
  .byte 0x68, 0x61, 0x72, 0x74, 0x2d, 0x33, 0x29, 0x3b, 0x0a, 0x20, 0x20, 0x2d, 0x2d, 0x63, 0x6f, 0x6c
  .byte 0x6f, 0x72, 0x2d, 0x63, 0x68, 0x61, 0x72, 0x74, 0x2d, 0x34, 0x3a, 0x20, 0x76, 0x61, 0x72, 0x28
  .byte 0x2d, 0x2d, 0x63, 0x68, 0x61, 0x72, 0x74, 0x2d, 0x34, 0x29, 0x3b, 0x0a, 0x20, 0x20, 0x2d, 0x2d
  .byte 0x63, 0x6f, 0x6c, 0x6f, 0x72, 0x2d, 0x63, 0x68, 0x61, 0x72, 0x74, 0x2d, 0x35, 0x3a, 0x20, 0x76
  .byte 0x61, 0x72, 0x28, 0x2d, 0x2d, 0x63, 0x68, 0x61, 0x72, 0x74, 0x2d, 0x35, 0x29, 0x3b, 0x0a, 0x20
  .byte 0x20, 0x2d, 0x2d, 0x63, 0x6f, 0x6c, 0x6f, 0x72, 0x2d, 0x73, 0x69, 0x64, 0x65, 0x62, 0x61, 0x72
  .byte 0x3a, 0x20, 0x76, 0x61, 0x72, 0x28, 0x2d, 0x2d, 0x73, 0x69, 0x64, 0x65, 0x62, 0x61, 0x72, 0x29
  .byte 0x3b, 0x0a, 0x20, 0x20, 0x2d, 0x2d, 0x63, 0x6f, 0x6c, 0x6f, 0x72, 0x2d, 0x73, 0x69, 0x64, 0x65
  .byte 0x62, 0x61, 0x72, 0x2d, 0x66, 0x6f, 0x72, 0x65, 0x67, 0x72, 0x6f, 0x75, 0x6e, 0x64, 0x3a, 0x20
  .byte 0x76, 0x61, 0x72, 0x28, 0x2d, 0x2d, 0x73, 0x69, 0x64, 0x65, 0x62, 0x61, 0x72, 0x2d, 0x66, 0x6f
  .byte 0x72, 0x65, 0x67, 0x72, 0x6f, 0x75, 0x6e, 0x64, 0x29, 0x3b, 0x0a, 0x20, 0x20, 0x2d, 0x2d, 0x63
  .byte 0x6f, 0x6c, 0x6f, 0x72, 0x2d, 0x73, 0x69, 0x64, 0x65, 0x62, 0x61, 0x72, 0x2d, 0x70, 0x72, 0x69
  .byte 0x6d, 0x61, 0x72, 0x79, 0x3a, 0x20, 0x76, 0x61, 0x72, 0x28, 0x2d, 0x2d, 0x73, 0x69, 0x64, 0x65
  .byte 0x62, 0x61, 0x72, 0x2d, 0x70, 0x72, 0x69, 0x6d, 0x61, 0x72, 0x79, 0x29, 0x3b, 0x0a, 0x20, 0x20
  .byte 0x2d, 0x2d, 0x63, 0x6f, 0x6c, 0x6f, 0x72, 0x2d, 0x73, 0x69, 0x64, 0x65, 0x62, 0x61, 0x72, 0x2d
  .byte 0x70, 0x72, 0x69, 0x6d, 0x61, 0x72, 0x79, 0x2d, 0x66, 0x6f, 0x72, 0x65, 0x67, 0x72, 0x6f, 0x75
  .byte 0x6e, 0x64, 0x3a, 0x20, 0x76, 0x61, 0x72, 0x28, 0x2d, 0x2d, 0x73, 0x69, 0x64, 0x65, 0x62, 0x61
  .byte 0x72, 0x2d, 0x70, 0x72, 0x69, 0x6d, 0x61, 0x72, 0x79, 0x2d, 0x66, 0x6f, 0x72, 0x65, 0x67, 0x72
  .byte 0x6f, 0x75, 0x6e, 0x64, 0x29, 0x3b, 0x0a, 0x20, 0x20, 0x2d, 0x2d, 0x63, 0x6f, 0x6c, 0x6f, 0x72
  .byte 0x2d, 0x73, 0x69, 0x64, 0x65, 0x62, 0x61, 0x72, 0x2d, 0x61, 0x63, 0x63, 0x65, 0x6e, 0x74, 0x3a
  .byte 0x20, 0x76, 0x61, 0x72, 0x28, 0x2d, 0x2d, 0x73, 0x69, 0x64, 0x65, 0x62, 0x61, 0x72, 0x2d, 0x61
  .byte 0x63, 0x63, 0x65, 0x6e, 0x74, 0x29, 0x3b, 0x0a, 0x20, 0x20, 0x2d, 0x2d, 0x63, 0x6f, 0x6c, 0x6f
  .byte 0x72, 0x2d, 0x73, 0x69, 0x64, 0x65, 0x62, 0x61, 0x72, 0x2d, 0x61, 0x63, 0x63, 0x65, 0x6e, 0x74
  .byte 0x2d, 0x66, 0x6f, 0x72, 0x65, 0x67, 0x72, 0x6f, 0x75, 0x6e, 0x64, 0x3a, 0x20, 0x76, 0x61, 0x72
  .byte 0x28, 0x2d, 0x2d, 0x73, 0x69, 0x64, 0x65, 0x62, 0x61, 0x72, 0x2d, 0x61, 0x63, 0x63, 0x65, 0x6e
  .byte 0x74, 0x2d, 0x66, 0x6f, 0x72, 0x65, 0x67, 0x72, 0x6f, 0x75, 0x6e, 0x64, 0x29, 0x3b, 0x0a, 0x20
  .byte 0x20, 0x2d, 0x2d, 0x63, 0x6f, 0x6c, 0x6f, 0x72, 0x2d, 0x73, 0x69, 0x64, 0x65, 0x62, 0x61, 0x72
  .byte 0x2d, 0x62, 0x6f, 0x72, 0x64, 0x65, 0x72, 0x3a, 0x20, 0x76, 0x61, 0x72, 0x28, 0x2d, 0x2d, 0x73
  .byte 0x69, 0x64, 0x65, 0x62, 0x61, 0x72, 0x2d, 0x62, 0x6f, 0x72, 0x64, 0x65, 0x72, 0x29, 0x3b, 0x0a
  .byte 0x20, 0x20, 0x2d, 0x2d, 0x63, 0x6f, 0x6c, 0x6f, 0x72, 0x2d, 0x73, 0x69, 0x64, 0x65, 0x62, 0x61
  .byte 0x72, 0x2d, 0x72, 0x69, 0x6e, 0x67, 0x3a, 0x20, 0x76, 0x61, 0x72, 0x28, 0x2d, 0x2d, 0x73, 0x69
  .byte 0x64, 0x65, 0x62, 0x61, 0x72, 0x2d, 0x72, 0x69, 0x6e, 0x67, 0x29, 0x3b, 0x0a, 0x20, 0x20, 0x2d
  .byte 0x2d, 0x72, 0x61, 0x64, 0x69, 0x75, 0x73, 0x2d, 0x73, 0x6d, 0x3a, 0x20, 0x63, 0x61, 0x6c, 0x63
  .byte 0x28, 0x76, 0x61, 0x72, 0x28, 0x2d, 0x2d, 0x72, 0x61, 0x64, 0x69, 0x75, 0x73, 0x29, 0x20, 0x2d
  .byte 0x20, 0x34, 0x70, 0x78, 0x29, 0x3b, 0x0a, 0x20, 0x20, 0x2d, 0x2d, 0x72, 0x61, 0x64, 0x69, 0x75
  .byte 0x73, 0x2d, 0x6d, 0x64, 0x3a, 0x20, 0x63, 0x61, 0x6c, 0x63, 0x28, 0x76, 0x61, 0x72, 0x28, 0x2d
  .byte 0x2d, 0x72, 0x61, 0x64, 0x69, 0x75, 0x73, 0x29, 0x20, 0x2d, 0x20, 0x32, 0x70, 0x78, 0x29, 0x3b
  .byte 0x0a, 0x20, 0x20, 0x2d, 0x2d, 0x72, 0x61, 0x64, 0x69, 0x75, 0x73, 0x2d, 0x6c, 0x67, 0x3a, 0x20
  .byte 0x76, 0x61, 0x72, 0x28, 0x2d, 0x2d, 0x72, 0x61, 0x64, 0x69, 0x75, 0x73, 0x29, 0x3b, 0x0a, 0x20
  .byte 0x20, 0x2d, 0x2d, 0x72, 0x61, 0x64, 0x69, 0x75, 0x73, 0x2d, 0x78, 0x6c, 0x3a, 0x20, 0x63, 0x61
  .byte 0x6c, 0x63, 0x28, 0x76, 0x61, 0x72, 0x28, 0x2d, 0x2d, 0x72, 0x61, 0x64, 0x69, 0x75, 0x73, 0x29
  .byte 0x20, 0x2b, 0x20, 0x34, 0x70, 0x78, 0x29, 0x3b, 0x0a, 0x7d, 0x0a, 0x0a, 0x3a, 0x72, 0x6f, 0x6f
  .byte 0x74, 0x20, 0x7b, 0x0a, 0x20, 0x20, 0x2d, 0x2d, 0x72, 0x61, 0x64, 0x69, 0x75, 0x73, 0x3a, 0x20
  .byte 0x30, 0x2e, 0x36, 0x32, 0x35, 0x72, 0x65, 0x6d, 0x3b, 0x0a, 0x20, 0x20, 0x2d, 0x2d, 0x62, 0x61
  .byte 0x63, 0x6b, 0x67, 0x72, 0x6f, 0x75, 0x6e, 0x64, 0x3a, 0x20, 0x6f, 0x6b, 0x6c, 0x63, 0x68, 0x28
  .byte 0x31, 0x20, 0x30, 0x20, 0x30, 0x29, 0x3b, 0x0a, 0x20, 0x20, 0x2d, 0x2d, 0x66, 0x6f, 0x72, 0x65
  .byte 0x67, 0x72, 0x6f, 0x75, 0x6e, 0x64, 0x3a, 0x20, 0x6f, 0x6b, 0x6c, 0x63, 0x68, 0x28, 0x30, 0x2e
  .byte 0x31, 0x34, 0x35, 0x20, 0x30, 0x20, 0x30, 0x29, 0x3b, 0x0a, 0x20, 0x20, 0x2d, 0x2d, 0x63, 0x61
  .byte 0x72, 0x64, 0x3a, 0x20, 0x6f, 0x6b, 0x6c, 0x63, 0x68, 0x28, 0x31, 0x20, 0x30, 0x20, 0x30, 0x29
  .byte 0x3b, 0x0a, 0x20, 0x20, 0x2d, 0x2d, 0x63, 0x61, 0x72, 0x64, 0x2d, 0x66, 0x6f, 0x72, 0x65, 0x67
  .byte 0x72, 0x6f, 0x75, 0x6e, 0x64, 0x3a, 0x20, 0x6f, 0x6b, 0x6c, 0x63, 0x68, 0x28, 0x30, 0x2e, 0x31
  .byte 0x34, 0x35, 0x20, 0x30, 0x20, 0x30, 0x29, 0x3b, 0x0a, 0x20, 0x20, 0x2d, 0x2d, 0x70, 0x6f, 0x70
  .byte 0x6f, 0x76, 0x65, 0x72, 0x3a, 0x20, 0x6f, 0x6b, 0x6c, 0x63, 0x68, 0x28, 0x31, 0x20, 0x30, 0x20
  .byte 0x30, 0x29, 0x3b, 0x0a, 0x20, 0x20, 0x2d, 0x2d, 0x70, 0x6f, 0x70, 0x6f, 0x76, 0x65, 0x72, 0x2d
  .byte 0x66, 0x6f, 0x72, 0x65, 0x67, 0x72, 0x6f, 0x75, 0x6e, 0x64, 0x3a, 0x20, 0x6f, 0x6b, 0x6c, 0x63
  .byte 0x68, 0x28, 0x30, 0x2e, 0x31, 0x34, 0x35, 0x20, 0x30, 0x20, 0x30, 0x29, 0x3b, 0x0a, 0x20, 0x20
  .byte 0x2d, 0x2d, 0x70, 0x72, 0x69, 0x6d, 0x61, 0x72, 0x79, 0x3a, 0x20, 0x6f, 0x6b, 0x6c, 0x63, 0x68
  .byte 0x28, 0x30, 0x2e, 0x32, 0x30, 0x35, 0x20, 0x30, 0x20, 0x30, 0x29, 0x3b, 0x0a, 0x20, 0x20, 0x2d
  .byte 0x2d, 0x70, 0x72, 0x69, 0x6d, 0x61, 0x72, 0x79, 0x2d, 0x66, 0x6f, 0x72, 0x65, 0x67, 0x72, 0x6f
  .byte 0x75, 0x6e, 0x64, 0x3a, 0x20, 0x6f, 0x6b, 0x6c, 0x63, 0x68, 0x28, 0x30, 0x2e, 0x39, 0x38, 0x35
  .byte 0x20, 0x30, 0x20, 0x30, 0x29, 0x3b, 0x0a, 0x20, 0x20, 0x2d, 0x2d, 0x73, 0x65, 0x63, 0x6f, 0x6e
  .byte 0x64, 0x61, 0x72, 0x79, 0x3a, 0x20, 0x6f, 0x6b, 0x6c, 0x63, 0x68, 0x28, 0x30, 0x2e, 0x39, 0x37
  .byte 0x20, 0x30, 0x20, 0x30, 0x29, 0x3b, 0x0a, 0x20, 0x20, 0x2d, 0x2d, 0x73, 0x65, 0x63, 0x6f, 0x6e
  .byte 0x64, 0x61, 0x72, 0x79, 0x2d, 0x66, 0x6f, 0x72, 0x65, 0x67, 0x72, 0x6f, 0x75, 0x6e, 0x64, 0x3a
  .byte 0x20, 0x6f, 0x6b, 0x6c, 0x63, 0x68, 0x28, 0x30, 0x2e, 0x32, 0x30, 0x35, 0x20, 0x30, 0x20, 0x30
  .byte 0x29, 0x3b, 0x0a, 0x20, 0x20, 0x2d, 0x2d, 0x6d, 0x75, 0x74, 0x65, 0x64, 0x3a, 0x20, 0x6f, 0x6b
  .byte 0x6c, 0x63, 0x68, 0x28, 0x30, 0x2e, 0x39, 0x37, 0x20, 0x30, 0x20, 0x30, 0x29, 0x3b, 0x0a, 0x20
  .byte 0x20, 0x2d, 0x2d, 0x6d, 0x75, 0x74, 0x65, 0x64, 0x2d, 0x66, 0x6f, 0x72, 0x65, 0x67, 0x72, 0x6f
  .byte 0x75, 0x6e, 0x64, 0x3a, 0x20, 0x6f, 0x6b, 0x6c, 0x63, 0x68, 0x28, 0x30, 0x2e, 0x35, 0x35, 0x36
  .byte 0x20, 0x30, 0x20, 0x30, 0x29, 0x3b, 0x0a, 0x20, 0x20, 0x2d, 0x2d, 0x61, 0x63, 0x63, 0x65, 0x6e
  .byte 0x74, 0x3a, 0x20, 0x6f, 0x6b, 0x6c, 0x63, 0x68, 0x28, 0x30, 0x2e, 0x39, 0x37, 0x20, 0x30, 0x20
  .byte 0x30, 0x29, 0x3b, 0x0a, 0x20, 0x20, 0x2d, 0x2d, 0x61, 0x63, 0x63, 0x65, 0x6e, 0x74, 0x2d, 0x66
  .byte 0x6f, 0x72, 0x65, 0x67, 0x72, 0x6f, 0x75, 0x6e, 0x64, 0x3a, 0x20, 0x6f, 0x6b, 0x6c, 0x63, 0x68
  .byte 0x28, 0x30, 0x2e, 0x32, 0x30, 0x35, 0x20, 0x30, 0x20, 0x30, 0x29, 0x3b, 0x0a, 0x20, 0x20, 0x2d
  .byte 0x2d, 0x64, 0x65, 0x73, 0x74, 0x72, 0x75, 0x63, 0x74, 0x69, 0x76, 0x65, 0x3a, 0x20, 0x6f, 0x6b
  .byte 0x6c, 0x63, 0x68, 0x28, 0x30, 0x2e, 0x35, 0x37, 0x37, 0x20, 0x30, 0x2e, 0x32, 0x34, 0x35, 0x20
  .byte 0x32, 0x37, 0x2e, 0x33, 0x32, 0x35, 0x29, 0x3b, 0x0a, 0x20, 0x20, 0x2d, 0x2d, 0x64, 0x65, 0x73
  .byte 0x74, 0x72, 0x75, 0x63, 0x74, 0x69, 0x76, 0x65, 0x2d, 0x66, 0x6f, 0x72, 0x65, 0x67, 0x72, 0x6f
  .byte 0x75, 0x6e, 0x64, 0x3a, 0x20, 0x6f, 0x6b, 0x6c, 0x63, 0x68, 0x28, 0x30, 0x2e, 0x39, 0x38, 0x35
  .byte 0x20, 0x30, 0x20, 0x30, 0x29, 0x3b, 0x0a, 0x20, 0x20, 0x2d, 0x2d, 0x62, 0x6f, 0x72, 0x64, 0x65
  .byte 0x72, 0x3a, 0x20, 0x6f, 0x6b, 0x6c, 0x63, 0x68, 0x28, 0x30, 0x2e, 0x39, 0x32, 0x32, 0x20, 0x30
  .byte 0x20, 0x30, 0x29, 0x3b, 0x0a, 0x20, 0x20, 0x2d, 0x2d, 0x69, 0x6e, 0x70, 0x75, 0x74, 0x3a, 0x20
  .byte 0x6f, 0x6b, 0x6c, 0x63, 0x68, 0x28, 0x30, 0x2e, 0x39, 0x32, 0x32, 0x20, 0x30, 0x20, 0x30, 0x29
  .byte 0x3b, 0x0a, 0x20, 0x20, 0x2d, 0x2d, 0x72, 0x69, 0x6e, 0x67, 0x3a, 0x20, 0x6f, 0x6b, 0x6c, 0x63
  .byte 0x68, 0x28, 0x30, 0x2e, 0x37, 0x30, 0x38, 0x20, 0x30, 0x20, 0x30, 0x29, 0x3b, 0x0a, 0x20, 0x20
  .byte 0x2d, 0x2d, 0x63, 0x68, 0x61, 0x72, 0x74, 0x2d, 0x31, 0x3a, 0x20, 0x6f, 0x6b, 0x6c, 0x63, 0x68
  .byte 0x28, 0x30, 0x2e, 0x36, 0x34, 0x36, 0x20, 0x30, 0x2e, 0x32, 0x32, 0x32, 0x20, 0x34, 0x31, 0x2e
  .byte 0x31, 0x31, 0x36, 0x29, 0x3b, 0x0a, 0x20, 0x20, 0x2d, 0x2d, 0x63, 0x68, 0x61, 0x72, 0x74, 0x2d
  .byte 0x32, 0x3a, 0x20, 0x6f, 0x6b, 0x6c, 0x63, 0x68, 0x28, 0x30, 0x2e, 0x36, 0x20, 0x30, 0x2e, 0x31
  .byte 0x31, 0x38, 0x20, 0x31, 0x38, 0x34, 0x2e, 0x37, 0x31, 0x34, 0x29, 0x3b, 0x0a, 0x20, 0x20, 0x2d
  .byte 0x2d, 0x63, 0x68, 0x61, 0x72, 0x74, 0x2d, 0x33, 0x3a, 0x20, 0x6f, 0x6b, 0x6c, 0x63, 0x68, 0x28
  .byte 0x30, 0x2e, 0x33, 0x39, 0x38, 0x20, 0x30, 0x2e, 0x30, 0x37, 0x20, 0x32, 0x32, 0x37, 0x2e, 0x33
  .byte 0x39, 0x32, 0x29, 0x3b, 0x0a, 0x20, 0x20, 0x2d, 0x2d, 0x63, 0x68, 0x61, 0x72, 0x74, 0x2d, 0x34
  .byte 0x3a, 0x20, 0x6f, 0x6b, 0x6c, 0x63, 0x68, 0x28, 0x30, 0x2e, 0x38, 0x32, 0x38, 0x20, 0x30, 0x2e
  .byte 0x31, 0x38, 0x39, 0x20, 0x38, 0x34, 0x2e, 0x34, 0x32, 0x39, 0x29, 0x3b, 0x0a, 0x20, 0x20, 0x2d
  .byte 0x2d, 0x63, 0x68, 0x61, 0x72, 0x74, 0x2d, 0x35, 0x3a, 0x20, 0x6f, 0x6b, 0x6c, 0x63, 0x68, 0x28
  .byte 0x30, 0x2e, 0x37, 0x36, 0x39, 0x20, 0x30, 0x2e, 0x31, 0x38, 0x38, 0x20, 0x37, 0x30, 0x2e, 0x30
  .byte 0x38, 0x29, 0x3b, 0x0a, 0x20, 0x20, 0x2d, 0x2d, 0x73, 0x69, 0x64, 0x65, 0x62, 0x61, 0x72, 0x3a
  .byte 0x20, 0x6f, 0x6b, 0x6c, 0x63, 0x68, 0x28, 0x30, 0x2e, 0x39, 0x38, 0x35, 0x20, 0x30, 0x20, 0x30
  .byte 0x29, 0x3b, 0x0a, 0x20, 0x20, 0x2d, 0x2d, 0x73, 0x69, 0x64, 0x65, 0x62, 0x61, 0x72, 0x2d, 0x66
  .byte 0x6f, 0x72, 0x65, 0x67, 0x72, 0x6f, 0x75, 0x6e, 0x64, 0x3a, 0x20, 0x6f, 0x6b, 0x6c, 0x63, 0x68
  .byte 0x28, 0x30, 0x2e, 0x31, 0x34, 0x35, 0x20, 0x30, 0x20, 0x30, 0x29, 0x3b, 0x0a, 0x20, 0x20, 0x2d
  .byte 0x2d, 0x73, 0x69, 0x64, 0x65, 0x62, 0x61, 0x72, 0x2d, 0x70, 0x72, 0x69, 0x6d, 0x61, 0x72, 0x79
  .byte 0x3a, 0x20, 0x6f, 0x6b, 0x6c, 0x63, 0x68, 0x28, 0x30, 0x2e, 0x32, 0x30, 0x35, 0x20, 0x30, 0x20
  .byte 0x30, 0x29, 0x3b, 0x0a, 0x20, 0x20, 0x2d, 0x2d, 0x73, 0x69, 0x64, 0x65, 0x62, 0x61, 0x72, 0x2d
  .byte 0x70, 0x72, 0x69, 0x6d, 0x61, 0x72, 0x79, 0x2d, 0x66, 0x6f, 0x72, 0x65, 0x67, 0x72, 0x6f, 0x75
  .byte 0x6e, 0x64, 0x3a, 0x20, 0x6f, 0x6b, 0x6c, 0x63, 0x68, 0x28, 0x30, 0x2e, 0x39, 0x38, 0x35, 0x20
  .byte 0x30, 0x20, 0x30, 0x29, 0x3b, 0x0a, 0x20, 0x20, 0x2d, 0x2d, 0x73, 0x69, 0x64, 0x65, 0x62, 0x61
  .byte 0x72, 0x2d, 0x61, 0x63, 0x63, 0x65, 0x6e, 0x74, 0x3a, 0x20, 0x6f, 0x6b, 0x6c, 0x63, 0x68, 0x28
  .byte 0x30, 0x2e, 0x39, 0x37, 0x20, 0x30, 0x20, 0x30, 0x29, 0x3b, 0x0a, 0x20, 0x20, 0x2d, 0x2d, 0x73
  .byte 0x69, 0x64, 0x65, 0x62, 0x61, 0x72, 0x2d, 0x61, 0x63, 0x63, 0x65, 0x6e, 0x74, 0x2d, 0x66, 0x6f
  .byte 0x72, 0x65, 0x67, 0x72, 0x6f, 0x75, 0x6e, 0x64, 0x3a, 0x20, 0x6f, 0x6b, 0x6c, 0x63, 0x68, 0x28
  .byte 0x30, 0x2e, 0x32, 0x30, 0x35, 0x20, 0x30, 0x20, 0x30, 0x29, 0x3b, 0x0a, 0x20, 0x20, 0x2d, 0x2d
  .byte 0x73, 0x69, 0x64, 0x65, 0x62, 0x61, 0x72, 0x2d, 0x62, 0x6f, 0x72, 0x64, 0x65, 0x72, 0x3a, 0x20
  .byte 0x6f, 0x6b, 0x6c, 0x63, 0x68, 0x28, 0x30, 0x2e, 0x39, 0x32, 0x32, 0x20, 0x30, 0x20, 0x30, 0x29
  .byte 0x3b, 0x0a, 0x20, 0x20, 0x2d, 0x2d, 0x73, 0x69, 0x64, 0x65, 0x62, 0x61, 0x72, 0x2d, 0x72, 0x69
  .byte 0x6e, 0x67, 0x3a, 0x20, 0x6f, 0x6b, 0x6c, 0x63, 0x68, 0x28, 0x30, 0x2e, 0x37, 0x30, 0x38, 0x20
  .byte 0x30, 0x20, 0x30, 0x29, 0x3b, 0x0a, 0x7d, 0x0a, 0x0a, 0x5b, 0x64, 0x61, 0x74, 0x61, 0x2d, 0x74
  .byte 0x68, 0x65, 0x6d, 0x65, 0x3d, 0x22, 0x64, 0x61, 0x72, 0x6b, 0x22, 0x5d, 0x20, 0x7b, 0x0a, 0x20
  .byte 0x20, 0x2d, 0x2d, 0x62, 0x61, 0x63, 0x6b, 0x67, 0x72, 0x6f, 0x75, 0x6e, 0x64, 0x3a, 0x20, 0x6f
  .byte 0x6b, 0x6c, 0x63, 0x68, 0x28, 0x30, 0x2e, 0x31, 0x34, 0x35, 0x20, 0x30, 0x20, 0x30, 0x29, 0x3b
  .byte 0x0a, 0x20, 0x20, 0x2d, 0x2d, 0x66, 0x6f, 0x72, 0x65, 0x67, 0x72, 0x6f, 0x75, 0x6e, 0x64, 0x3a
  .byte 0x20, 0x6f, 0x6b, 0x6c, 0x63, 0x68, 0x28, 0x30, 0x2e, 0x39, 0x38, 0x35, 0x20, 0x30, 0x20, 0x30
  .byte 0x29, 0x3b, 0x0a, 0x20, 0x20, 0x2d, 0x2d, 0x63, 0x61, 0x72, 0x64, 0x3a, 0x20, 0x6f, 0x6b, 0x6c
  .byte 0x63, 0x68, 0x28, 0x30, 0x2e, 0x32, 0x30, 0x35, 0x20, 0x30, 0x20, 0x30, 0x29, 0x3b, 0x0a, 0x20
  .byte 0x20, 0x2d, 0x2d, 0x63, 0x61, 0x72, 0x64, 0x2d, 0x66, 0x6f, 0x72, 0x65, 0x67, 0x72, 0x6f, 0x75
  .byte 0x6e, 0x64, 0x3a, 0x20, 0x6f, 0x6b, 0x6c, 0x63, 0x68, 0x28, 0x30, 0x2e, 0x39, 0x38, 0x35, 0x20
  .byte 0x30, 0x20, 0x30, 0x29, 0x3b, 0x0a, 0x20, 0x20, 0x2d, 0x2d, 0x70, 0x6f, 0x70, 0x6f, 0x76, 0x65
  .byte 0x72, 0x3a, 0x20, 0x6f, 0x6b, 0x6c, 0x63, 0x68, 0x28, 0x30, 0x2e, 0x32, 0x36, 0x39, 0x20, 0x30
  .byte 0x20, 0x30, 0x29, 0x3b, 0x0a, 0x20, 0x20, 0x2d, 0x2d, 0x70, 0x6f, 0x70, 0x6f, 0x76, 0x65, 0x72
  .byte 0x2d, 0x66, 0x6f, 0x72, 0x65, 0x67, 0x72, 0x6f, 0x75, 0x6e, 0x64, 0x3a, 0x20, 0x6f, 0x6b, 0x6c
  .byte 0x63, 0x68, 0x28, 0x30, 0x2e, 0x39, 0x38, 0x35, 0x20, 0x30, 0x20, 0x30, 0x29, 0x3b, 0x0a, 0x20
  .byte 0x20, 0x2d, 0x2d, 0x70, 0x72, 0x69, 0x6d, 0x61, 0x72, 0x79, 0x3a, 0x20, 0x6f, 0x6b, 0x6c, 0x63
  .byte 0x68, 0x28, 0x30, 0x2e, 0x39, 0x32, 0x32, 0x20, 0x30, 0x20, 0x30, 0x29, 0x3b, 0x0a, 0x20, 0x20
  .byte 0x2d, 0x2d, 0x70, 0x72, 0x69, 0x6d, 0x61, 0x72, 0x79, 0x2d, 0x66, 0x6f, 0x72, 0x65, 0x67, 0x72
  .byte 0x6f, 0x75, 0x6e, 0x64, 0x3a, 0x20, 0x6f, 0x6b, 0x6c, 0x63, 0x68, 0x28, 0x30, 0x2e, 0x32, 0x30
  .byte 0x35, 0x20, 0x30, 0x20, 0x30, 0x29, 0x3b, 0x0a, 0x20, 0x20, 0x2d, 0x2d, 0x73, 0x65, 0x63, 0x6f
  .byte 0x6e, 0x64, 0x61, 0x72, 0x79, 0x3a, 0x20, 0x6f, 0x6b, 0x6c, 0x63, 0x68, 0x28, 0x30, 0x2e, 0x32
  .byte 0x36, 0x39, 0x20, 0x30, 0x20, 0x30, 0x29, 0x3b, 0x0a, 0x20, 0x20, 0x2d, 0x2d, 0x73, 0x65, 0x63
  .byte 0x6f, 0x6e, 0x64, 0x61, 0x72, 0x79, 0x2d, 0x66, 0x6f, 0x72, 0x65, 0x67, 0x72, 0x6f, 0x75, 0x6e
  .byte 0x64, 0x3a, 0x20, 0x6f, 0x6b, 0x6c, 0x63, 0x68, 0x28, 0x30, 0x2e, 0x39, 0x38, 0x35, 0x20, 0x30
  .byte 0x20, 0x30, 0x29, 0x3b, 0x0a, 0x20, 0x20, 0x2d, 0x2d, 0x6d, 0x75, 0x74, 0x65, 0x64, 0x3a, 0x20
  .byte 0x6f, 0x6b, 0x6c, 0x63, 0x68, 0x28, 0x30, 0x2e, 0x32, 0x36, 0x39, 0x20, 0x30, 0x20, 0x30, 0x29
  .byte 0x3b, 0x0a, 0x20, 0x20, 0x2d, 0x2d, 0x6d, 0x75, 0x74, 0x65, 0x64, 0x2d, 0x66, 0x6f, 0x72, 0x65
  .byte 0x67, 0x72, 0x6f, 0x75, 0x6e, 0x64, 0x3a, 0x20, 0x6f, 0x6b, 0x6c, 0x63, 0x68, 0x28, 0x30, 0x2e
  .byte 0x37, 0x30, 0x38, 0x20, 0x30, 0x20, 0x30, 0x29, 0x3b, 0x0a, 0x20, 0x20, 0x2d, 0x2d, 0x61, 0x63
  .byte 0x63, 0x65, 0x6e, 0x74, 0x3a, 0x20, 0x6f, 0x6b, 0x6c, 0x63, 0x68, 0x28, 0x30, 0x2e, 0x33, 0x37
  .byte 0x31, 0x20, 0x30, 0x20, 0x30, 0x29, 0x3b, 0x0a, 0x20, 0x20, 0x2d, 0x2d, 0x61, 0x63, 0x63, 0x65
  .byte 0x6e, 0x74, 0x2d, 0x66, 0x6f, 0x72, 0x65, 0x67, 0x72, 0x6f, 0x75, 0x6e, 0x64, 0x3a, 0x20, 0x6f
  .byte 0x6b, 0x6c, 0x63, 0x68, 0x28, 0x30, 0x2e, 0x39, 0x38, 0x35, 0x20, 0x30, 0x20, 0x30, 0x29, 0x3b
  .byte 0x0a, 0x20, 0x20, 0x2d, 0x2d, 0x64, 0x65, 0x73, 0x74, 0x72, 0x75, 0x63, 0x74, 0x69, 0x76, 0x65
  .byte 0x3a, 0x20, 0x6f, 0x6b, 0x6c, 0x63, 0x68, 0x28, 0x30, 0x2e, 0x37, 0x30, 0x34, 0x20, 0x30, 0x2e
  .byte 0x31, 0x39, 0x31, 0x20, 0x32, 0x32, 0x2e, 0x32, 0x31, 0x36, 0x29, 0x3b, 0x0a, 0x20, 0x20, 0x2d
  .byte 0x2d, 0x64, 0x65, 0x73, 0x74, 0x72, 0x75, 0x63, 0x74, 0x69, 0x76, 0x65, 0x2d, 0x66, 0x6f, 0x72
  .byte 0x65, 0x67, 0x72, 0x6f, 0x75, 0x6e, 0x64, 0x3a, 0x20, 0x6f, 0x6b, 0x6c, 0x63, 0x68, 0x28, 0x30
  .byte 0x2e, 0x39, 0x38, 0x35, 0x20, 0x30, 0x20, 0x30, 0x29, 0x3b, 0x0a, 0x20, 0x20, 0x2d, 0x2d, 0x62
  .byte 0x6f, 0x72, 0x64, 0x65, 0x72, 0x3a, 0x20, 0x6f, 0x6b, 0x6c, 0x63, 0x68, 0x28, 0x31, 0x20, 0x30
  .byte 0x20, 0x30, 0x20, 0x2f, 0x20, 0x31, 0x30, 0x25, 0x29, 0x3b, 0x0a, 0x20, 0x20, 0x2d, 0x2d, 0x69
  .byte 0x6e, 0x70, 0x75, 0x74, 0x3a, 0x20, 0x6f, 0x6b, 0x6c, 0x63, 0x68, 0x28, 0x31, 0x20, 0x30, 0x20
  .byte 0x30, 0x20, 0x2f, 0x20, 0x31, 0x35, 0x25, 0x29, 0x3b, 0x0a, 0x20, 0x20, 0x2d, 0x2d, 0x72, 0x69
  .byte 0x6e, 0x67, 0x3a, 0x20, 0x6f, 0x6b, 0x6c, 0x63, 0x68, 0x28, 0x30, 0x2e, 0x35, 0x35, 0x36, 0x20
  .byte 0x30, 0x20, 0x30, 0x29, 0x3b, 0x0a, 0x20, 0x20, 0x2d, 0x2d, 0x63, 0x68, 0x61, 0x72, 0x74, 0x2d
  .byte 0x31, 0x3a, 0x20, 0x6f, 0x6b, 0x6c, 0x63, 0x68, 0x28, 0x30, 0x2e, 0x34, 0x38, 0x38, 0x20, 0x30
  .byte 0x2e, 0x32, 0x34, 0x33, 0x20, 0x32, 0x36, 0x34, 0x2e, 0x33, 0x37, 0x36, 0x29, 0x3b, 0x0a, 0x20
  .byte 0x20, 0x2d, 0x2d, 0x63, 0x68, 0x61, 0x72, 0x74, 0x2d, 0x32, 0x3a, 0x20, 0x6f, 0x6b, 0x6c, 0x63
  .byte 0x68, 0x28, 0x30, 0x2e, 0x36, 0x39, 0x36, 0x20, 0x30, 0x2e, 0x31, 0x37, 0x20, 0x31, 0x36, 0x32
  .byte 0x2e, 0x34, 0x38, 0x29, 0x3b, 0x0a, 0x20, 0x20, 0x2d, 0x2d, 0x63, 0x68, 0x61, 0x72, 0x74, 0x2d
  .byte 0x33, 0x3a, 0x20, 0x6f, 0x6b, 0x6c, 0x63, 0x68, 0x28, 0x30, 0x2e, 0x37, 0x36, 0x39, 0x20, 0x30
  .byte 0x2e, 0x31, 0x38, 0x38, 0x20, 0x37, 0x30, 0x2e, 0x30, 0x38, 0x29, 0x3b, 0x0a, 0x20, 0x20, 0x2d
  .byte 0x2d, 0x63, 0x68, 0x61, 0x72, 0x74, 0x2d, 0x34, 0x3a, 0x20, 0x6f, 0x6b, 0x6c, 0x63, 0x68, 0x28
  .byte 0x30, 0x2e, 0x36, 0x32, 0x37, 0x20, 0x30, 0x2e, 0x32, 0x36, 0x35, 0x20, 0x33, 0x30, 0x33, 0x2e
  .byte 0x39, 0x29, 0x3b, 0x0a, 0x20, 0x20, 0x2d, 0x2d, 0x63, 0x68, 0x61, 0x72, 0x74, 0x2d, 0x35, 0x3a
  .byte 0x20, 0x6f, 0x6b, 0x6c, 0x63, 0x68, 0x28, 0x30, 0x2e, 0x36, 0x34, 0x35, 0x20, 0x30, 0x2e, 0x32
  .byte 0x34, 0x36, 0x20, 0x31, 0x36, 0x2e, 0x34, 0x33, 0x39, 0x29, 0x3b, 0x0a, 0x20, 0x20, 0x2d, 0x2d
  .byte 0x73, 0x69, 0x64, 0x65, 0x62, 0x61, 0x72, 0x3a, 0x20, 0x6f, 0x6b, 0x6c, 0x63, 0x68, 0x28, 0x30
  .byte 0x2e, 0x32, 0x30, 0x35, 0x20, 0x30, 0x20, 0x30, 0x29, 0x3b, 0x0a, 0x20, 0x20, 0x2d, 0x2d, 0x73
  .byte 0x69, 0x64, 0x65, 0x62, 0x61, 0x72, 0x2d, 0x66, 0x6f, 0x72, 0x65, 0x67, 0x72, 0x6f, 0x75, 0x6e
  .byte 0x64, 0x3a, 0x20, 0x6f, 0x6b, 0x6c, 0x63, 0x68, 0x28, 0x30, 0x2e, 0x39, 0x38, 0x35, 0x20, 0x30
  .byte 0x20, 0x30, 0x29, 0x3b, 0x0a, 0x20, 0x20, 0x2d, 0x2d, 0x73, 0x69, 0x64, 0x65, 0x62, 0x61, 0x72
  .byte 0x2d, 0x70, 0x72, 0x69, 0x6d, 0x61, 0x72, 0x79, 0x3a, 0x20, 0x6f, 0x6b, 0x6c, 0x63, 0x68, 0x28
  .byte 0x30, 0x2e, 0x34, 0x38, 0x38, 0x20, 0x30, 0x2e, 0x32, 0x34, 0x33, 0x20, 0x32, 0x36, 0x34, 0x2e
  .byte 0x33, 0x37, 0x36, 0x29, 0x3b, 0x0a, 0x20, 0x20, 0x2d, 0x2d, 0x73, 0x69, 0x64, 0x65, 0x62, 0x61
  .byte 0x72, 0x2d, 0x70, 0x72, 0x69, 0x6d, 0x61, 0x72, 0x79, 0x2d, 0x66, 0x6f, 0x72, 0x65, 0x67, 0x72
  .byte 0x6f, 0x75, 0x6e, 0x64, 0x3a, 0x20, 0x6f, 0x6b, 0x6c, 0x63, 0x68, 0x28, 0x30, 0x2e, 0x39, 0x38
  .byte 0x35, 0x20, 0x30, 0x20, 0x30, 0x29, 0x3b, 0x0a, 0x20, 0x20, 0x2d, 0x2d, 0x73, 0x69, 0x64, 0x65
  .byte 0x62, 0x61, 0x72, 0x2d, 0x61, 0x63, 0x63, 0x65, 0x6e, 0x74, 0x3a, 0x20, 0x6f, 0x6b, 0x6c, 0x63
  .byte 0x68, 0x28, 0x30, 0x2e, 0x32, 0x36, 0x39, 0x20, 0x30, 0x20, 0x30, 0x29, 0x3b, 0x0a, 0x20, 0x20
  .byte 0x2d, 0x2d, 0x73, 0x69, 0x64, 0x65, 0x62, 0x61, 0x72, 0x2d, 0x61, 0x63, 0x63, 0x65, 0x6e, 0x74
  .byte 0x2d, 0x66, 0x6f, 0x72, 0x65, 0x67, 0x72, 0x6f, 0x75, 0x6e, 0x64, 0x3a, 0x20, 0x6f, 0x6b, 0x6c
  .byte 0x63, 0x68, 0x28, 0x30, 0x2e, 0x39, 0x38, 0x35, 0x20, 0x30, 0x20, 0x30, 0x29, 0x3b, 0x0a, 0x20
  .byte 0x20, 0x2d, 0x2d, 0x73, 0x69, 0x64, 0x65, 0x62, 0x61, 0x72, 0x2d, 0x62, 0x6f, 0x72, 0x64, 0x65
  .byte 0x72, 0x3a, 0x20, 0x6f, 0x6b, 0x6c, 0x63, 0x68, 0x28, 0x31, 0x20, 0x30, 0x20, 0x30, 0x20, 0x2f
  .byte 0x20, 0x31, 0x30, 0x25, 0x29, 0x3b, 0x0a, 0x20, 0x20, 0x2d, 0x2d, 0x73, 0x69, 0x64, 0x65, 0x62
  .byte 0x61, 0x72, 0x2d, 0x72, 0x69, 0x6e, 0x67, 0x3a, 0x20, 0x6f, 0x6b, 0x6c, 0x63, 0x68, 0x28, 0x30
  .byte 0x2e, 0x34, 0x33, 0x39, 0x20, 0x30, 0x20, 0x30, 0x29, 0x3b, 0x0a, 0x7d, 0x0a, 0x0a, 0x40, 0x6c
  .byte 0x61, 0x79, 0x65, 0x72, 0x20, 0x62, 0x61, 0x73, 0x65, 0x20, 0x7b, 0x0a, 0x20, 0x20, 0x2a, 0x20
  .byte 0x7b, 0x0a, 0x20, 0x20, 0x20, 0x20, 0x40, 0x61, 0x70, 0x70, 0x6c, 0x79, 0x20, 0x62, 0x6f, 0x72
  .byte 0x64, 0x65, 0x72, 0x2d, 0x62, 0x6f, 0x72, 0x64, 0x65, 0x72, 0x3b, 0x0a, 0x20, 0x20, 0x7d, 0x0a
  .byte 0x20, 0x20, 0x62, 0x6f, 0x64, 0x79, 0x20, 0x7b, 0x0a, 0x20, 0x20, 0x20, 0x20, 0x40, 0x61, 0x70
  .byte 0x70, 0x6c, 0x79, 0x20, 0x62, 0x67, 0x2d, 0x62, 0x61, 0x63, 0x6b, 0x67, 0x72, 0x6f, 0x75, 0x6e
  .byte 0x64, 0x20, 0x74, 0x65, 0x78, 0x74, 0x2d, 0x66, 0x6f, 0x72, 0x65, 0x67, 0x72, 0x6f, 0x75, 0x6e
  .byte 0x64, 0x3b, 0x0a, 0x20, 0x20, 0x7d, 0x0a, 0x7d, 0x0a

  .globl openui_full_port_examples_shadcn_chat_src_app_globals_css_0ed12af45557_pass_4_len
openui_full_port_examples_shadcn_chat_src_app_globals_css_0ed12af45557_pass_4_len:
  .quad 4233
